turn,commanded,t_rel,seq,now,flags,x,y,h,ox,oy,oh,vl,vr,i2cf,cyc,posl,posr,dutl,dutr,lexc,wrng,cycovr
1,90,-0.027,126,258640,31,400,356,4460,0,0,0,0,0,94,1112,6389,7492,0,0,0,0,0
1,90,0.046,127,258696,31,400,356,4460,0,0,0,0,0,94,1112,6389,7492,0,0,0,0,0
1,90,0.072,0,258747,31,400,356,4460,0,0,0,0,0,94,1114,6389,7492,-300,300,0,0,0
1,90,0.136,1,258813,31,400,357,4505,0,0,0,0,20,96,1117,6389,7503,-700,700,0,0,0
1,90,0.188,2,258867,31,401,357,4569,0,0,0,0,36,98,1119,6389,7519,-1000,1200,0,0,0
1,90,0.259,3,258933,31,402,359,4852,0,0,0,-26,82,99,1122,6378,7578,-1600,1800,0,0,0
1,90,0.315,4,258987,31,403,359,5212,0,0,0,-46,108,99,1124,6347,7636,-2200,2200,0,0,0
1,90,0.374,5,259053,31,404,361,6098,0,0,0,-108,164,99,1127,6261,7769,-2800,2500,0,0,0
1,90,0.433,6,259107,31,404,361,6899,0,0,0,-158,184,99,1129,6169,7875,-3000,2700,0,0,0
1,90,0.496,7,259172,31,404,362,8290,0,0,0,-194,207,99,1132,6005,8055,-3200,2800,0,0,0
1,90,0.548,8,259227,31,404,362,9345,0,0,0,-210,220,99,1134,5878,8189,-2900,2400,0,0,0
1,90,0.621,9,259293,31,404,363,10853,0,0,0,-194,200,99,1137,5694,8378,-2200,1600,0,0,0
1,90,0.671,10,259347,31,404,362,11682,0,0,0,-174,154,99,1139,5586,8475,-1600,1200,0,0,0
1,90,0.734,11,259413,31,405,361,12556,0,0,0,-108,82,99,1142,5467,8572,-1100,600,0,0,0
1,90,0.789,12,259467,31,405,361,12964,0,0,0,-72,66,99,1144,5411,8617,-800,500,0,0,0
1,90,0.873,13,259533,31,405,361,13344,0,0,0,-36,36,99,1147,5358,8658,0,0,0,0,0
1,90,0.906,14,259587,31,405,361,13389,0,0,0,0,0,99,1149,5350,8661,0,0,0,0,0
1,90,0.976,15,259643,31,405,361,13389,0,0,0,0,0,99,1151,5350,8661,0,0,0,0,0
1,90,1.026,16,259699,31,405,361,13389,0,0,0,0,0,99,1151,5350,8661,0,0,0,0,0
1,90,1.078,17,259755,31,405,361,13389,0,0,0,0,0,99,1151,5350,8661,0,0,0,0,0
1,90,1.131,18,259811,31,405,361,13389,0,0,0,0,0,99,1151,5350,8661,0,0,0,0,0
1,90,1.195,19,259867,31,405,361,13389,0,0,0,0,0,99,1151,5350,8661,0,0,0,0,0
1,90,1.249,20,259923,31,405,361,13389,0,0,0,0,0,99,1151,5350,8661,0,0,0,0,0
1,90,1.301,21,259979,31,405,361,13389,0,0,0,0,0,99,1151,5350,8661,0,0,0,0,0
1,90,1.358,22,260035,31,405,361,13389,0,0,0,0,0,99,1151,5350,8661,0,0,0,0,0
1,90,1.416,23,260091,31,405,361,13389,0,0,0,0,0,99,1151,5350,8661,0,0,0,0,0
1,90,1.471,24,260147,31,405,361,13389,0,0,0,0,0,99,1151,5350,8661,0,0,0,0,0
1,90,1.528,25,260203,31,405,361,13389,0,0,0,0,0,99,1151,5350,8661,0,0,0,0,0
1,90,1.58,26,260259,31,405,361,13389,0,0,0,0,0,99,1151,5350,8661,0,0,0,0,0
1,90,1.642,27,260315,31,405,361,13389,0,0,0,0,0,99,1151,5350,8661,0,0,0,0,0
1,90,1.698,28,260371,31,405,361,13389,0,0,0,0,0,99,1151,5350,8661,0,0,0,0,0
1,90,1.749,29,260427,31,405,361,13389,0,0,0,0,0,99,1151,5350,8661,0,0,0,0,0
1,90,1.804,30,260483,31,405,361,13389,0,0,0,0,0,99,1151,5350,8661,0,0,0,0,0
1,90,1.86,31,260539,31,405,361,13389,0,0,0,0,0,99,1151,5350,8661,0,0,0,0,0
1,90,1.915,32,260595,31,405,361,13389,0,0,0,0,0,99,1151,5350,8661,0,0,0,0,0
1,90,1.973,33,260651,31,405,361,13389,0,0,0,0,0,99,1151,5350,8661,0,0,0,0,0
1,90,2.038,34,260707,31,405,361,13389,0,0,0,0,0,99,1151,5350,8661,0,0,0,0,0
1,90,2.087,35,260763,31,405,361,13389,0,0,0,0,0,99,1151,5350,8661,0,0,0,0,0
1,90,2.146,36,260819,31,405,361,13389,0,0,0,0,0,99,1151,5350,8661,0,0,0,0,0
1,90,2.195,37,260875,31,405,361,13389,0,0,0,0,0,99,1151,5350,8661,0,0,0,0,0
1,90,2.255,38,260931,31,405,361,13389,0,0,0,0,0,99,1151,5350,8661,0,0,0,0,0
1,90,2.311,39,260987,31,405,361,13389,0,0,0,0,0,99,1151,5350,8661,0,0,0,0,0
1,90,2.363,40,261043,31,405,361,13389,0,0,0,0,0,99,1151,5350,8661,0,0,0,0,0
1,90,2.422,41,261099,31,405,361,13389,0,0,0,0,0,99,1151,5350,8661,0,0,0,0,0
1,90,2.474,42,261155,31,405,361,13389,0,0,0,0,0,99,1151,5350,8661,0,0,0,0,0
1,90,2.532,43,261211,31,405,361,13389,0,0,0,0,0,99,1151,5350,8661,0,0,0,0,0
1,90,2.588,44,261267,31,405,361,13389,0,0,0,0,0,99,1151,5350,8661,0,0,0,0,0
1,90,2.645,45,261323,31,405,361,13389,0,0,0,0,0,99,1151,5350,8661,0,0,0,0,0
1,90,2.701,46,261379,31,405,361,13389,0,0,0,0,0,99,1151,5350,8661,0,0,0,0,0
1,90,2.757,47,261435,31,405,361,13389,0,0,0,0,0,99,1151,5350,8661,0,0,0,0,0
1,90,2.817,48,261491,31,405,361,13389,0,0,0,0,0,99,1151,5350,8661,0,0,0,0,0
1,90,2.87,49,261547,31,405,361,13389,0,0,0,0,0,99,1151,5350,8661,0,0,0,0,0
1,90,2.923,50,261603,31,405,361,13389,0,0,0,0,0,99,1151,5350,8661,0,0,0,0,0
1,90,2.979,51,261659,31,405,361,13389,0,0,0,0,0,99,1151,5350,8661,0,0,0,0,0
1,90,3.036,52,261715,31,405,361,13389,0,0,0,0,0,99,1151,5350,8661,0,0,0,0,0
1,90,3.099,53,261771,31,405,361,13389,0,0,0,0,0,99,1151,5350,8661,0,0,0,0,0
1,90,3.148,54,261827,31,405,361,13389,0,0,0,0,0,99,1151,5350,8661,0,0,0,0,0
1,90,3.207,55,261883,31,405,361,13389,0,0,0,0,0,99,1151,5350,8661,0,0,0,0,0
1,90,3.26,56,261939,31,405,361,13389,0,0,0,0,0,99,1151,5350,8661,0,0,0,0,0
1,90,3.316,57,261995,31,405,361,13389,0,0,0,0,0,99,1151,5350,8661,0,0,0,0,0
1,90,3.371,58,262051,31,405,361,13389,0,0,0,0,0,99,1151,5350,8661,0,0,0,0,0
1,90,3.434,59,262107,31,405,361,13389,0,0,0,0,0,99,1151,5350,8661,0,0,0,0,0
1,90,3.487,60,262163,31,405,361,13389,0,0,0,0,0,99,1151,5350,8661,0,0,0,0,0
1,90,3.54,61,262219,31,405,361,13389,0,0,0,0,0,99,1151,5350,8661,0,0,0,0,0
1,90,3.599,62,262275,31,405,361,13389,0,0,0,0,0,99,1151,5350,8661,0,0,0,0,0
1,90,3.652,63,262331,31,405,361,13389,0,0,0,0,0,99,1151,5350,8661,0,0,0,0,0
1,90,3.727,64,262387,31,405,361,13389,0,0,0,0,0,99,1151,5350,8661,0,0,0,0,0
1,90,3.763,65,262443,31,405,361,13389,0,0,0,0,0,99,1151,5350,8661,0,0,0,0,0
1,90,3.821,66,262499,31,405,361,13389,0,0,0,0,0,99,1151,5350,8661,0,0,0,0,0
1,90,3.875,67,262555,31,405,361,13389,0,0,0,0,0,99,1151,5350,8661,0,0,0,0,0
1,90,3.932,68,262611,31,405,361,13389,0,0,0,0,0,99,1151,5350,8661,0,0,0,0,0
2,-90,-0.011,124,265747,31,405,361,13389,0,0,0,0,0,99,1151,5350,8661,0,0,0,0,0
2,-90,0.035,125,265804,31,405,361,13389,0,0,0,0,0,99,1152,5350,8661,0,0,0,0,0
2,-90,0.089,126,265857,31,405,361,13401,0,0,0,0,10,99,1154,5350,8664,400,-400,0,0,0
2,-90,0.143,127,265911,31,406,360,13356,0,0,0,0,-16,101,1156,5350,8653,700,-800,0,0,0
2,-90,0.209,0,265977,31,406,360,13199,0,0,0,36,-36,101,1159,5361,8625,1400,-1400,0,0,0
2,-90,0.273,1,266031,31,406,360,12952,0,0,0,56,-53,101,1161,5389,8592,1900,-1900,0,0,0
2,-90,0.342,2,266097,31,407,359,12257,0,0,0,102,-125,101,1164,5461,8492,2400,-2300,0,0,0
2,-90,0.388,3,266151,31,407,359,11549,0,0,0,145,-164,101,1166,5544,8400,2700,-2500,0,0,0
2,-90,0.449,4,266216,31,407,358,10231,0,0,0,184,-204,101,1169,5700,8230,3000,-2700,0,0,0
2,-90,0.505,5,266271,31,407,358,9256,0,0,0,210,-200,101,1171,5819,8108,3000,-2700,0,0,0
2,-90,0.573,6,266337,31,407,357,7715,0,0,0,194,-210,101,1174,6003,7911,2400,-2000,0,0,0
2,-90,0.626,7,266391,31,407,357,6818,0,0,0,164,-184,101,1176,6111,7797,1900,-1600,0,0,0
2,-90,0.689,8,266457,31,407,357,5762,0,0,0,128,-128,101,1179,6244,7669,1300,-900,0,0,0
2,-90,0.747,9,266511,31,407,358,5293,0,0,0,82,-92,101,1181,6305,7614,1100,-700,0,0,0
2,-90,0.81,10,266576,31,408,358,4772,0,0,0,66,-56,101,1184,6378,7558,700,-500,0,0,0
2,-90,0.872,11,266631,31,407,358,4594,0,0,0,16,-39,101,1186,6394,7530,500,-300,0,0,0
2,-90,0.931,12,266697,31,407,358,4412,0,0,0,10,-30,101,1189,6414,7505,0,0,0,0,0
2,-90,0.986,13,266751,31,407,358,4392,0,0,0,0,0,101,1191,6417,7503,0,0,0,0,0
2,-90,1.04,14,266807,31,407,358,4392,0,0,0,0,0,101,1193,6417,7503,0,0,0,0,0
2,-90,1.095,15,266863,31,407,358,4392,0,0,0,0,0,101,1193,6417,7503,0,0,0,0,0
2,-90,1.157,16,266919,31,407,358,4392,0,0,0,0,0,101,1193,6417,7503,0,0,0,0,0
2,-90,1.209,17,266975,31,407,358,4392,0,0,0,0,0,101,1193,6417,7503,0,0,0,0,0
2,-90,1.263,18,267031,31,407,358,4392,0,0,0,0,0,101,1193,6417,7503,0,0,0,0,0
2,-90,1.318,19,267087,31,407,358,4392,0,0,0,0,0,101,1193,6417,7503,0,0,0,0,0
2,-90,1.382,20,267143,31,407,358,4392,0,0,0,0,0,101,1193,6417,7503,0,0,0,0,0
2,-90,1.435,21,267199,31,407,358,4392,0,0,0,0,0,101,1193,6417,7503,0,0,0,0,0
2,-90,1.485,22,267255,31,407,358,4392,0,0,0,0,0,101,1193,6417,7503,0,0,0,0,0
2,-90,1.55,23,267311,31,407,358,4392,0,0,0,0,0,101,1193,6417,7503,0,0,0,0,0
2,-90,1.598,24,267367,31,407,358,4392,0,0,0,0,0,101,1193,6417,7503,0,0,0,0,0
2,-90,1.654,25,267423,31,407,358,4392,0,0,0,0,0,101,1193,6417,7503,0,0,0,0,0
2,-90,1.712,26,267479,31,407,358,4392,0,0,0,0,0,101,1193,6417,7503,0,0,0,0,0
2,-90,1.77,27,267535,31,407,358,4392,0,0,0,0,0,101,1193,6417,7503,0,0,0,0,0
2,-90,1.823,28,267591,31,407,358,4392,0,0,0,0,0,101,1193,6417,7503,0,0,0,0,0
2,-90,1.879,29,267647,31,407,358,4392,0,0,0,0,0,101,1193,6417,7503,0,0,0,0,0
2,-90,1.937,30,267703,31,407,358,4392,0,0,0,0,0,101,1193,6417,7503,0,0,0,0,0
2,-90,1.993,31,267759,31,407,358,4392,0,0,0,0,0,101,1193,6417,7503,0,0,0,0,0
2,-90,2.05,32,267815,31,407,358,4392,0,0,0,0,0,101,1193,6417,7503,0,0,0,0,0
2,-90,2.105,33,267871,31,407,358,4392,0,0,0,0,0,101,1193,6417,7503,0,0,0,0,0
2,-90,2.162,34,267927,31,407,358,4392,0,0,0,0,0,101,1193,6417,7503,0,0,0,0,0
2,-90,2.219,35,267983,31,407,358,4392,0,0,0,0,0,101,1193,6417,7503,0,0,0,0,0
2,-90,2.271,36,268039,31,407,358,4392,0,0,0,0,0,101,1193,6417,7503,0,0,0,0,0
2,-90,2.327,37,268095,31,407,358,4392,0,0,0,0,0,101,1193,6417,7503,0,0,0,0,0
2,-90,2.386,38,268151,31,407,358,4392,0,0,0,0,0,101,1193,6417,7503,0,0,0,0,0
2,-90,2.448,39,268207,31,407,358,4392,0,0,0,0,0,101,1193,6417,7503,0,0,0,0,0
2,-90,2.493,40,268263,31,407,358,4392,0,0,0,0,0,101,1193,6417,7503,0,0,0,0,0
2,-90,2.553,41,268319,31,407,358,4392,0,0,0,0,0,101,1193,6417,7503,0,0,0,0,0
2,-90,2.612,42,268375,31,407,358,4392,0,0,0,0,0,101,1193,6417,7503,0,0,0,0,0
2,-90,2.666,43,268431,31,407,358,4392,0,0,0,0,0,101,1193,6417,7503,0,0,0,0,0
2,-90,2.722,44,268487,31,407,358,4392,0,0,0,0,0,101,1193,6417,7503,0,0,0,0,0
2,-90,2.776,45,268543,31,407,358,4392,0,0,0,0,0,101,1193,6417,7503,0,0,0,0,0
2,-90,2.833,46,268599,31,407,358,4392,0,0,0,0,0,101,1193,6417,7503,0,0,0,0,0
2,-90,2.887,47,268655,31,407,358,4392,0,0,0,0,0,101,1193,6417,7503,0,0,0,0,0
2,-90,2.944,48,268711,31,407,358,4392,0,0,0,0,0,101,1193,6417,7503,0,0,0,0,0
2,-90,3.001,49,268767,31,407,358,4392,0,0,0,0,0,101,1193,6417,7503,0,0,0,0,0
2,-90,3.055,50,268823,31,407,358,4392,0,0,0,0,0,101,1193,6417,7503,0,0,0,0,0
2,-90,3.112,51,268879,31,407,358,4392,0,0,0,0,0,101,1193,6417,7503,0,0,0,0,0
2,-90,3.175,52,268935,31,407,358,4392,0,0,0,0,0,101,1193,6417,7503,0,0,0,0,0
2,-90,3.222,53,268991,31,407,358,4392,0,0,0,0,0,101,1193,6417,7503,0,0,0,0,0
2,-90,3.279,54,269047,31,407,358,4392,0,0,0,0,0,101,1193,6417,7503,0,0,0,0,0
2,-90,3.338,55,269103,31,407,358,4392,0,0,0,0,0,101,1193,6417,7503,0,0,0,0,0
2,-90,3.391,56,269159,31,407,358,4392,0,0,0,0,0,101,1193,6417,7503,0,0,0,0,0
2,-90,3.453,57,269215,31,407,358,4392,0,0,0,0,0,101,1193,6417,7503,0,0,0,0,0
2,-90,3.512,58,269271,31,407,358,4392,0,0,0,0,0,101,1193,6417,7503,0,0,0,0,0
2,-90,3.564,59,269327,31,407,358,4392,0,0,0,0,0,101,1193,6417,7503,0,0,0,0,0
2,-90,3.615,60,269383,31,407,358,4392,0,0,0,0,0,101,1193,6417,7503,0,0,0,0,0
2,-90,3.67,61,269439,31,407,358,4392,0,0,0,0,0,101,1193,6417,7503,0,0,0,0,0
2,-90,3.726,62,269495,31,407,358,4392,0,0,0,0,0,101,1193,6417,7503,0,0,0,0,0
2,-90,3.784,63,269551,31,407,358,4392,0,0,0,0,0,101,1193,6417,7503,0,0,0,0,0
2,-90,3.837,64,269607,31,407,358,4392,0,0,0,0,0,101,1193,6417,7503,0,0,0,0,0
2,-90,3.896,65,269663,31,407,358,4392,0,0,0,0,0,101,1193,6417,7503,0,0,0,0,0
2,-90,3.955,66,269719,31,407,358,4392,0,0,0,0,0,101,1193,6417,7503,0,0,0,0,0
2,-90,4.005,67,269775,31,407,358,4392,0,0,0,0,0,101,1193,6417,7503,0,0,0,0,0
2,-90,4.063,68,269831,31,407,358,4392,0,0,0,0,0,101,1193,6417,7503,0,0,0,0,0
2,-90,4.121,69,269887,31,407,358,4392,0,0,0,0,0,101,1193,6417,7503,0,0,0,0,0
2,-90,4.176,70,269943,31,407,358,4392,0,0,0,0,0,101,1193,6417,7503,0,0,0,0,0
2,-90,4.229,71,269999,31,407,358,4392,0,0,0,0,0,101,1193,6417,7503,0,0,0,0,0
2,-90,4.285,72,270055,31,407,358,4392,0,0,0,0,0,101,1193,6417,7503,0,0,0,0,0
2,-90,4.344,73,270111,31,407,358,4392,0,0,0,0,0,101,1193,6417,7503,0,0,0,0,0
2,-90,4.398,74,270167,31,407,358,4392,0,0,0,0,0,101,1193,6417,7503,0,0,0,0,0
3,180,-0.001,121,272799,31,407,358,4392,0,0,0,0,0,101,1193,6417,7503,0,0,0,0,0
3,180,0.037,122,272856,31,407,358,4392,0,0,0,0,0,101,1194,6417,7503,0,0,0,0,0
3,180,0.094,123,272909,31,407,358,4392,0,0,0,0,0,101,1196,6417,7503,-400,400,0,0,0
3,180,0.15,124,272963,31,408,358,4456,0,0,0,0,16,103,1198,6417,7519,-700,700,0,0,0
3,180,0.213,125,273029,31,408,359,4606,0,0,0,-6,26,105,1201,6408,7547,-1200,1300,0,0,0
3,180,0.27,126,273083,31,409,359,4840,0,0,0,-36,72,105,1203,6389,7586,-1600,1700,0,0,0
3,180,0.335,127,273149,31,410,360,5390,0,0,0,-72,118,105,1206,6339,7672,-2500,2300,0,0,0
3,180,0.393,0,273203,31,410,361,6033,0,0,0,-128,164,105,1208,6272,7764,-2900,2700,0,0,0
3,180,0.457,1,273269,31,411,362,7222,0,0,0,-164,181,105,1211,6136,7922,-3200,2900,0,0,0
3,180,0.511,2,273323,31,411,362,8201,0,0,0,-210,220,105,1213,6019,8047,-3300,3000,0,0,0
3,180,0.574,3,273388,31,411,363,9786,0,0,0,-210,247,105,1216,5830,8250,-3000,2800,0,0,0
3,180,0.642,4,273443,31,411,363,10874,0,0,0,-230,236,105,1218,5697,8386,-2900,2600,0,0,0
3,180,0.697,5,273508,31,411,363,12390,0,0,0,-190,200,105,1221,5511,8575,-2700,2300,0,0,0
3,180,0.755,6,273563,31,411,363,13332,0,0,0,-200,184,105,1223,5389,8686,-2700,2200,0,0,0
3,180,0.814,7,273629,31,411,362,14671,0,0,0,-174,181,105,1226,5219,8847,-2600,2300,0,0,0
3,180,0.887,8,273683,31,411,362,15581,0,0,0,-194,184,105,1228,5108,8961,-2700,2300,0,0,0
3,180,0.951,9,273748,31,411,362,16927,0,0,0,-174,190,105,1231,4944,9130,-2700,2400,0,0,0
3,180,0.991,10,273803,31,411,362,17861,0,0,0,-184,200,105,1233,4830,9247,-2600,2300,0,0,0
3,180,1.052,11,273869,31,411,362,19163,0,0,0,-174,164,105,1236,4669,9408,-2200,1700,0,0,0
3,180,1.123,12,273924,31,411,362,19915,0,0,0,-154,148,105,1238,4578,9503,-1900,1500,0,0,0
3,180,1.176,13,273989,31,411,362,20858,0,0,0,-118,98,105,1241,4461,9619,-1400,1000,0,0,0
3,180,1.227,14,274043,31,410,362,21331,0,0,0,-82,89,105,1243,4405,9680,-1100,700,0,0,0
3,180,1.294,15,274109,31,410,362,21881,0,0,0,-62,66,105,1246,4339,9750,-800,300,0,0,0
3,180,1.35,16,274163,31,411,363,22071,0,0,0,-56,26,105,1248,4311,9769,-700,300,0,0,0
3,180,1.411,17,274228,31,410,362,22261,0,0,0,-7,26,105,1251,4292,9797,-400,300,0,0,0
3,180,1.467,18,274283,31,410,362,22330,0,0,0,-10,26,106,1253,4289,9811,-500,300,0,0,0
3,180,1.532,19,274348,31,410,362,22386,0,0,0,0,0,107,1256,4283,9819,0,0,0,0,0
3,180,1.587,20,274403,31,410,362,22386,0,0,0,0,0,107,1258,4283,9819,0,0,0,0,0
3,180,1.64,21,274459,31,410,362,22386,0,0,0,0,0,107,1258,4283,9819,0,0,0,0,0
3,180,1.699,22,274515,31,410,362,22386,0,0,0,0,0,107,1258,4283,9819,0,0,0,0,0
3,180,1.76,23,274571,31,410,362,22386,0,0,0,0,0,107,1258,4283,9819,0,0,0,0,0
3,180,1.811,24,274627,31,410,362,22386,0,0,0,0,0,107,1258,4283,9819,0,0,0,0,0
3,180,1.874,25,274683,31,410,362,22386,0,0,0,0,0,107,1258,4283,9819,0,0,0,0,0
3,180,1.922,26,274739,31,410,362,22386,0,0,0,0,0,107,1258,4283,9819,0,0,0,0,0
3,180,1.98,27,274795,31,410,362,22386,0,0,0,0,0,107,1258,4283,9819,0,0,0,0,0
3,180,2.034,28,274851,31,410,362,22386,0,0,0,0,0,107,1258,4283,9819,0,0,0,0,0
3,180,2.094,29,274907,31,410,362,22386,0,0,0,0,0,107,1258,4283,9819,0,0,0,0,0
3,180,2.147,30,274963,31,410,362,22386,0,0,0,0,0,107,1258,4283,9819,0,0,0,0,0
3,180,2.201,31,275019,31,410,362,22386,0,0,0,0,0,107,1258,4283,9819,0,0,0,0,0
3,180,2.261,32,275075,31,410,362,22386,0,0,0,0,0,107,1258,4283,9819,0,0,0,0,0
3,180,2.313,33,275131,31,410,362,22386,0,0,0,0,0,107,1258,4283,9819,0,0,0,0,0
3,180,2.374,34,275187,31,410,362,22386,0,0,0,0,0,107,1258,4283,9819,0,0,0,0,0
3,180,2.427,35,275243,31,410,362,22386,0,0,0,0,0,107,1258,4283,9819,0,0,0,0,0
3,180,2.49,36,275299,31,410,362,22386,0,0,0,0,0,107,1258,4283,9819,0,0,0,0,0
3,180,2.537,37,275355,31,410,362,22386,0,0,0,0,0,107,1258,4283,9819,0,0,0,0,0
3,180,2.606,38,275411,31,410,362,22386,0,0,0,0,0,107,1258,4283,9819,0,0,0,0,0
3,180,2.65,39,275467,31,410,362,22386,0,0,0,0,0,107,1258,4283,9819,0,0,0,0,0
3,180,2.713,40,275523,31,410,362,22386,0,0,0,0,0,107,1258,4283,9819,0,0,0,0,0
3,180,2.764,41,275579,31,410,362,22386,0,0,0,0,0,107,1258,4283,9819,0,0,0,0,0
3,180,2.817,42,275635,31,410,362,22386,0,0,0,0,0,107,1258,4283,9819,0,0,0,0,0
3,180,2.877,43,275691,31,410,362,22386,0,0,0,0,0,107,1258,4283,9819,0,0,0,0,0
3,180,2.939,44,275747,31,410,362,22386,0,0,0,0,0,107,1258,4283,9819,0,0,0,0,0
3,180,2.989,45,275803,31,410,362,22386,0,0,0,0,0,107,1258,4283,9819,0,0,0,0,0
3,180,3.057,46,275859,31,410,362,22386,0,0,0,0,0,107,1258,4283,9819,0,0,0,0,0
3,180,3.098,47,275915,31,410,362,22386,0,0,0,0,0,107,1258,4283,9819,0,0,0,0,0
3,180,3.155,48,275971,31,410,362,22386,0,0,0,0,0,107,1258,4283,9819,0,0,0,0,0
3,180,3.212,49,276027,31,410,362,22386,0,0,0,0,0,107,1258,4283,9819,0,0,0,0,0
3,180,3.268,50,276083,31,410,362,22386,0,0,0,0,0,107,1258,4283,9819,0,0,0,0,0
3,180,3.324,51,276139,31,410,362,22386,0,0,0,0,0,107,1258,4283,9819,0,0,0,0,0
3,180,3.379,52,276195,31,410,362,22386,0,0,0,0,0,107,1258,4283,9819,0,0,0,0,0
3,180,3.438,53,276251,31,410,362,22386,0,0,0,0,0,107,1258,4283,9819,0,0,0,0,0
3,180,3.503,54,276307,31,410,362,22386,0,0,0,0,0,107,1258,4283,9819,0,0,0,0,0
3,180,3.547,55,276363,31,410,362,22386,0,0,0,0,0,107,1258,4283,9819,0,0,0,0,0
3,180,3.604,56,276419,31,410,362,22386,0,0,0,0,0,107,1258,4283,9819,0,0,0,0,0
3,180,3.662,57,276475,31,410,362,22386,0,0,0,0,0,107,1258,4283,9819,0,0,0,0,0
3,180,3.739,58,276531,31,410,362,22386,0,0,0,0,0,107,1258,4283,9819,0,0,0,0,0
3,180,3.772,59,276587,31,410,362,22386,0,0,0,0,0,107,1258,4283,9819,0,0,0,0,0
3,180,3.827,60,276643,31,410,362,22386,0,0,0,0,0,107,1258,4283,9819,0,0,0,0,0
3,180,3.886,61,276699,31,410,362,22386,0,0,0,0,0,107,1258,4283,9819,0,0,0,0,0
3,180,3.945,62,276755,31,410,362,22386,0,0,0,0,0,107,1258,4283,9819,0,0,0,0,0
3,180,4.029,63,276811,31,410,362,22386,0,0,0,0,0,107,1258,4283,9819,0,0,0,0,0
3,180,4.051,64,276867,31,410,362,22386,0,0,0,0,0,107,1258,4283,9819,0,0,0,0,0
3,180,4.116,65,276923,31,410,362,22386,0,0,0,0,0,107,1258,4283,9819,0,0,0,0,0
3,180,4.161,66,276979,31,410,362,22386,0,0,0,0,0,107,1258,4283,9819,0,0,0,0,0
3,180,4.246,67,277035,31,410,362,22386,0,0,0,0,0,107,1258,4283,9819,0,0,0,0,0
3,180,4.279,68,277091,31,410,362,22386,0,0,0,0,0,107,1258,4283,9819,0,0,0,0,0
3,180,4.33,69,277147,31,410,362,22386,0,0,0,0,0,107,1258,4283,9819,0,0,0,0,0
3,180,4.392,70,277203,31,410,362,22386,0,0,0,0,0,107,1258,4283,9819,0,0,0,0,0
3,180,4.442,71,277259,31,410,362,22386,0,0,0,0,0,107,1258,4283,9819,0,0,0,0,0
3,180,4.501,72,277315,31,410,362,22386,0,0,0,0,0,107,1258,4283,9819,0,0,0,0,0
3,180,4.611,73,277371,31,410,362,22386,0,0,0,0,0,107,1258,4283,9819,0,0,0,0,0
3,180,4.619,74,277427,31,410,362,22386,0,0,0,0,0,107,1258,4283,9819,0,0,0,0,0
3,180,4.671,75,277483,31,410,362,22386,0,0,0,0,0,107,1258,4283,9819,0,0,0,0,0
3,180,4.729,76,277539,31,410,362,22386,0,0,0,0,0,107,1258,4283,9819,0,0,0,0,0
3,180,4.78,77,277595,31,410,362,22386,0,0,0,0,0,107,1258,4283,9819,0,0,0,0,0
3,180,4.834,78,277651,31,410,362,22386,0,0,0,0,0,107,1258,4283,9819,0,0,0,0,0
3,180,4.892,79,277707,31,410,362,22386,0,0,0,0,0,107,1258,4283,9819,0,0,0,0,0
4,-180,0.006,1,280507,31,410,362,22386,0,0,0,0,0,107,1258,4283,9819,0,0,0,0,0
4,-180,0.052,2,280567,31,410,362,22386,0,0,0,0,0,107,1259,4283,9819,0,0,0,0,0
4,-180,0.116,3,280633,31,410,362,22342,0,0,0,0,-20,108,1262,4283,9808,600,-600,0,0,0
4,-180,0.173,4,280687,31,411,363,22277,0,0,0,0,-36,110,1264,4283,9792,900,-900,0,0,0
4,-180,0.239,5,280753,31,411,363,22059,0,0,0,36,-46,111,1267,4300,9755,1400,-1500,0,0,0
4,-180,0.291,6,280807,31,412,364,21747,0,0,0,43,-92,111,1269,4330,9708,1900,-1900,0,0,0
4,-180,0.358,7,280873,31,413,364,21040,0,0,0,108,-135,111,1272,4400,9603,2600,-2500,0,0,0
4,-180,0.412,8,280927,31,413,365,20320,0,0,0,144,-164,111,1274,4483,9508,2900,-2600,0,0,0
4,-180,0.479,9,280993,31,414,365,18993,0,0,0,184,-200,111,1277,4639,9336,3200,-2900,0,0,0
4,-180,0.532,10,281047,31,414,365,17938,0,0,0,220,-236,111,1279,4767,9203,3100,-2800,0,0,0
4,-180,0.622,11,281112,31,414,365,16353,0,0,0,220,-210,111,1282,4961,9005,2900,-2600,0,0,0
4,-180,0.654,12,281169,31,414,365,15107,0,0,0,207,-207,111,1284,5114,8850,3100,-2200,0,0,0
4,-180,0.719,13,281232,31,414,365,13797,0,0,0,190,-181,111,1287,5280,8692,2600,-2200,0,0,0
4,-180,0.775,14,281287,31,414,365,12883,0,0,0,200,-164,111,1289,5394,8580,2500,-2100,0,0,0
4,-180,0.847,15,281352,31,414,365,11537,0,0,0,174,-164,111,1292,5561,8414,2500,-2200,0,0,0
4,-180,0.894,16,281407,31,414,365,10635,0,0,0,174,-184,111,1294,5667,8297,2600,-2200,0,0,0
4,-180,0.956,17,281472,31,414,364,9256,0,0,0,174,-190,111,1297,5833,8122,2600,-2200,0,0,0
4,-180,1.014,18,281527,31,414,364,8371,0,0,0,181,-174,111,1299,5944,8014,2300,-1900,0,0,0
4,-180,1.084,19,281593,31,414,364,7097,0,0,0,164,-174,111,1302,6100,7855,1900,-1500,0,0,0
4,-180,1.143,20,281647,31,414,365,6413,0,0,0,148,-128,111,1304,6189,7775,1500,-1200,0,0,0
4,-180,1.198,21,281713,31,414,365,5605,0,0,0,111,-92,111,1307,6289,7675,1200,-700,0,0,0
4,-180,1.258,22,281767,31,414,365,5212,0,0,0,72,-62,111,1309,6339,7628,900,-500,0,0,0
4,-180,1.316,23,281832,31,415,365,4828,0,0,0,56,-46,111,1312,6389,7583,700,-300,0,0,0
4,-180,1.38,24,281887,31,415,365,4707,0,0,0,16,-20,111,1314,6405,7569,600,-300,0,0,0
4,-180,1.441,25,281952,31,415,365,4525,0,0,0,20,-20,111,1317,6428,7547,500,-300,0,0,0
4,-180,1.496,26,282007,31,414,365,4460,0,0,0,8,-20,112,1319,6433,7536,500,-300,0,0,0
4,-180,1.559,27,282073,31,414,364,4367,0,0,0,-10,-20,112,1322,6439,7519,0,0,0,0,0
4,-180,1.64,28,282136,31,414,364,4367,0,0,0,0,0,112,1325,6439,7519,0,0,0,0,0
4,-180,1.679,29,282191,31,414,364,4367,0,0,0,0,0,112,1325,6439,7519,0,0,0,0,0
4,-180,1.742,30,282247,31,414,364,4367,0,0,0,0,0,112,1325,6439,7519,0,0,0,0,0
4,-180,1.788,31,282303,31,414,364,4367,0,0,0,0,0,112,1325,6439,7519,0,0,0,0,0
4,-180,1.853,32,282359,31,414,364,4367,0,0,0,0,0,112,1325,6439,7519,0,0,0,0,0
4,-180,1.898,33,282415,31,414,364,4367,0,0,0,0,0,112,1325,6439,7519,0,0,0,0,0
4,-180,1.955,34,282471,31,414,364,4367,0,0,0,0,0,112,1325,6439,7519,0,0,0,0,0
4,-180,2.016,35,282527,31,414,364,4367,0,0,0,0,0,112,1325,6439,7519,0,0,0,0,0
4,-180,2.066,36,282583,31,414,364,4367,0,0,0,0,0,112,1325,6439,7519,0,0,0,0,0
4,-180,2.129,37,282639,31,414,364,4367,0,0,0,0,0,112,1325,6439,7519,0,0,0,0,0
4,-180,2.18,38,282695,31,414,364,4367,0,0,0,0,0,112,1325,6439,7519,0,0,0,0,0
4,-180,2.235,39,282751,31,414,364,4367,0,0,0,0,0,112,1325,6439,7519,0,0,0,0,0
4,-180,2.292,40,282807,31,414,364,4367,0,0,0,0,0,112,1325,6439,7519,0,0,0,0,0
4,-180,2.357,41,282863,31,414,364,4367,0,0,0,0,0,112,1325,6439,7519,0,0,0,0,0
4,-180,2.402,42,282919,31,414,364,4367,0,0,0,0,0,112,1325,6439,7519,0,0,0,0,0
4,-180,2.469,43,282975,31,414,364,4367,0,0,0,0,0,112,1325,6439,7519,0,0,0,0,0
4,-180,2.518,44,283031,31,414,364,4367,0,0,0,0,0,112,1325,6439,7519,0,0,0,0,0
4,-180,2.572,45,283087,31,414,364,4367,0,0,0,0,0,112,1325,6439,7519,0,0,0,0,0
4,-180,2.631,46,283143,31,414,364,4367,0,0,0,0,0,112,1325,6439,7519,0,0,0,0,0
4,-180,2.686,47,283199,31,414,364,4367,0,0,0,0,0,112,1325,6439,7519,0,0,0,0,0
4,-180,2.742,48,283255,31,414,364,4367,0,0,0,0,0,112,1325,6439,7519,0,0,0,0,0
4,-180,2.802,49,283311,31,414,364,4367,0,0,0,0,0,112,1325,6439,7519,0,0,0,0,0
4,-180,2.85,50,283367,31,414,364,4367,0,0,0,0,0,112,1325,6439,7519,0,0,0,0,0
4,-180,2.909,51,283423,31,414,364,4367,0,0,0,0,0,112,1325,6439,7519,0,0,0,0,0
4,-180,2.969,52,283479,31,414,364,4367,0,0,0,0,0,112,1325,6439,7519,0,0,0,0,0
4,-180,3.018,53,283535,31,414,364,4367,0,0,0,0,0,112,1325,6439,7519,0,0,0,0,0
4,-180,3.084,54,283591,31,414,364,4367,0,0,0,0,0,112,1325,6439,7519,0,0,0,0,0
4,-180,3.134,55,283647,31,414,364,4367,0,0,0,0,0,112,1325,6439,7519,0,0,0,0,0
4,-180,3.188,56,283703,31,414,364,4367,0,0,0,0,0,112,1325,6439,7519,0,0,0,0,0
4,-180,3.249,57,283759,31,414,364,4367,0,0,0,0,0,112,1325,6439,7519,0,0,0,0,0
4,-180,3.301,58,283815,31,414,364,4367,0,0,0,0,0,112,1325,6439,7519,0,0,0,0,0
4,-180,3.363,59,283871,31,414,364,4367,0,0,0,0,0,112,1325,6439,7519,0,0,0,0,0
4,-180,3.41,60,283927,31,414,364,4367,0,0,0,0,0,112,1325,6439,7519,0,0,0,0,0
4,-180,3.475,61,283983,31,414,364,4367,0,0,0,0,0,112,1325,6439,7519,0,0,0,0,0
4,-180,3.522,62,284039,31,414,364,4367,0,0,0,0,0,112,1325,6439,7519,0,0,0,0,0
4,-180,3.582,63,284095,31,414,364,4367,0,0,0,0,0,112,1325,6439,7519,0,0,0,0,0
4,-180,3.634,64,284151,31,414,364,4367,0,0,0,0,0,112,1325,6439,7519,0,0,0,0,0
4,-180,3.698,65,284207,31,414,364,4367,0,0,0,0,0,112,1325,6439,7519,0,0,0,0,0
4,-180,3.747,66,284263,31,414,364,4367,0,0,0,0,0,112,1325,6439,7519,0,0,0,0,0
4,-180,3.802,67,284319,31,414,364,4367,0,0,0,0,0,112,1325,6439,7519,0,0,0,0,0
4,-180,3.868,68,284375,31,414,364,4367,0,0,0,0,0,112,1325,6439,7519,0,0,0,0,0
4,-180,3.921,69,284431,31,414,364,4367,0,0,0,0,0,112,1325,6439,7519,0,0,0,0,0
4,-180,3.974,70,284487,31,414,364,4367,0,0,0,0,0,112,1325,6439,7519,0,0,0,0,0
4,-180,4.027,71,284543,31,414,364,4367,0,0,0,0,0,112,1325,6439,7519,0,0,0,0,0
4,-180,4.082,72,284599,31,414,364,4367,0,0,0,0,0,112,1325,6439,7519,0,0,0,0,0
4,-180,4.138,73,284655,31,414,364,4367,0,0,0,0,0,112,1325,6439,7519,0,0,0,0,0
4,-180,4.199,74,284711,31,414,364,4367,0,0,0,0,0,112,1325,6439,7519,0,0,0,0,0
4,-180,4.25,75,284767,31,414,364,4367,0,0,0,0,0,112,1325,6439,7519,0,0,0,0,0
4,-180,4.31,76,284823,31,414,364,4367,0,0,0,0,0,112,1325,6439,7519,0,0,0,0,0
4,-180,4.362,77,284879,31,414,364,4367,0,0,0,0,0,112,1325,6439,7519,0,0,0,0,0
4,-180,4.418,78,284935,31,414,364,4367,0,0,0,0,0,112,1325,6439,7519,0,0,0,0,0
4,-180,4.474,79,284991,31,414,364,4367,0,0,0,0,0,112,1325,6439,7519,0,0,0,0,0
5,-90,-0.012,127,287679,31,414,364,4367,0,0,0,0,0,112,1325,6439,7519,0,0,0,0,0
5,-90,0.046,0,287736,31,414,364,4367,0,0,0,0,0,112,1326,6439,7519,0,0,0,0,0
5,-90,0.091,1,287789,31,414,364,4367,0,0,0,0,0,112,1328,6439,7519,400,-400,0,0,0
5,-90,0.153,2,287843,31,414,364,4303,0,0,0,7,-20,112,1330,6444,7508,800,-700,0,0,0
5,-90,0.222,3,287909,31,413,363,4133,0,0,0,3,-56,114,1333,6447,7469,1300,-1400,0,0,0
5,-90,0.272,4,287963,31,412,363,3850,0,0,0,39,-82,114,1335,6467,7419,1800,-1600,0,0,0
5,-90,0.348,5,288029,31,411,362,3154,0,0,0,112,-128,114,1338,6539,7319,2500,-2100,0,0,0
5,-90,0.396,6,288083,31,411,362,2479,0,0,0,148,-164,114,1340,6617,7230,2700,-2300,0,0,0
5,-90,0.457,7,288149,31,411,362,1245,0,0,0,184,-174,114,1343,6767,7075,3000,-2500,0,0,0
5,-90,0.529,8,288203,31,410,362,271,0,0,0,210,-200,114,1345,6886,6953,3100,-2600,0,0,0
5,-90,0.582,9,288269,31,410,362,-1250,0,0,0,204,-210,114,1348,7067,6758,2500,-2000,0,0,0
5,-90,0.632,10,288323,31,410,362,-2224,0,0,0,200,-190,114,1350,7189,6639,2000,-1500,0,0,0
5,-90,0.695,11,288389,31,410,362,-3348,0,0,0,128,-138,114,1353,7328,6500,1300,-800,0,0,0
5,-90,0.748,12,288443,31,410,361,-3850,0,0,0,82,-89,114,1355,7394,6442,1000,-600,0,0,0
5,-90,0.816,13,288508,31,410,362,-4347,0,0,0,53,-56,114,1358,7455,6380,700,-300,0,0,0
5,-90,0.869,14,288563,31,410,362,-4517,0,0,0,36,-30,114,1360,7475,6358,600,-300,0,0,0
5,-90,0.932,15,288628,31,410,362,-4582,0,0,0,0,0,114,1363,7480,6347,0,0,0,0,0
5,-90,0.993,16,288683,31,410,362,-4582,0,0,0,0,0,114,1365,7480,6347,0,0,0,0,0
5,-90,1.042,17,288739,31,410,362,-4582,0,0,0,0,0,114,1365,7480,6347,0,0,0,0,0
5,-90,1.123,18,288795,31,410,362,-4582,0,0,0,0,0,114,1365,7480,6347,0,0,0,0,0
5,-90,1.155,19,288851,31,410,362,-4582,0,0,0,0,0,114,1365,7480,6347,0,0,0,0,0
5,-90,1.22,20,288907,31,410,362,-4582,0,0,0,0,0,114,1365,7480,6347,0,0,0,0,0
5,-90,1.268,21,288963,31,410,362,-4582,0,0,0,0,0,114,1365,7480,6347,0,0,0,0,0
5,-90,1.328,22,289019,31,410,362,-4582,0,0,0,0,0,114,1365,7480,6347,0,0,0,0,0
5,-90,1.381,23,289075,31,410,362,-4582,0,0,0,0,0,114,1365,7480,6347,0,0,0,0,0
5,-90,1.434,24,289131,31,410,362,-4582,0,0,0,0,0,114,1365,7480,6347,0,0,0,0,0
5,-90,1.49,25,289187,31,410,362,-4582,0,0,0,0,0,114,1365,7480,6347,0,0,0,0,0
5,-90,1.553,26,289243,31,410,362,-4582,0,0,0,0,0,114,1365,7480,6347,0,0,0,0,0
5,-90,1.603,27,289299,31,410,362,-4582,0,0,0,0,0,114,1365,7480,6347,0,0,0,0,0
5,-90,1.659,28,289355,31,410,362,-4582,0,0,0,0,0,114,1365,7480,6347,0,0,0,0,0
5,-90,1.717,29,289411,31,410,362,-4582,0,0,0,0,0,114,1365,7480,6347,0,0,0,0,0
5,-90,1.771,30,289467,31,410,362,-4582,0,0,0,0,0,114,1365,7480,6347,0,0,0,0,0
5,-90,1.832,31,289523,31,410,362,-4582,0,0,0,0,0,114,1365,7480,6347,0,0,0,0,0
5,-90,1.884,32,289579,31,410,362,-4582,0,0,0,0,0,114,1365,7480,6347,0,0,0,0,0
5,-90,1.942,33,289635,31,410,362,-4582,0,0,0,0,0,114,1365,7480,6347,0,0,0,0,0
5,-90,1.995,34,289691,31,410,362,-4582,0,0,0,0,0,114,1365,7480,6347,0,0,0,0,0
5,-90,2.065,35,289747,31,410,362,-4582,0,0,0,0,0,114,1365,7480,6347,0,0,0,0,0
5,-90,2.106,36,289803,31,410,362,-4582,0,0,0,0,0,114,1365,7480,6347,0,0,0,0,0
5,-90,2.166,37,289859,31,410,362,-4582,0,0,0,0,0,114,1365,7480,6347,0,0,0,0,0
5,-90,2.22,38,289915,31,410,362,-4582,0,0,0,0,0,114,1365,7480,6347,0,0,0,0,0
5,-90,2.287,39,289971,31,410,362,-4582,0,0,0,0,0,114,1365,7480,6347,0,0,0,0,0
5,-90,2.332,40,290027,31,410,362,-4582,0,0,0,0,0,114,1365,7480,6347,0,0,0,0,0
5,-90,2.391,41,290083,31,410,362,-4582,0,0,0,0,0,114,1365,7480,6347,0,0,0,0,0
5,-90,2.445,42,290139,31,410,362,-4582,0,0,0,0,0,114,1365,7480,6347,0,0,0,0,0
5,-90,2.499,43,290195,31,410,362,-4582,0,0,0,0,0,114,1365,7480,6347,0,0,0,0,0
5,-90,2.556,44,290251,31,410,362,-4582,0,0,0,0,0,114,1365,7480,6347,0,0,0,0,0
5,-90,2.609,45,290307,31,410,362,-4582,0,0,0,0,0,114,1365,7480,6347,0,0,0,0,0
5,-90,2.668,46,290363,31,410,362,-4582,0,0,0,0,0,114,1365,7480,6347,0,0,0,0,0
5,-90,2.724,47,290419,31,410,362,-4582,0,0,0,0,0,114,1365,7480,6347,0,0,0,0,0
5,-90,2.782,48,290475,31,410,362,-4582,0,0,0,0,0,114,1365,7480,6347,0,0,0,0,0
5,-90,2.835,49,290531,31,410,362,-4582,0,0,0,0,0,114,1365,7480,6347,0,0,0,0,0
5,-90,2.891,50,290587,31,410,362,-4582,0,0,0,0,0,114,1365,7480,6347,0,0,0,0,0
5,-90,2.966,51,290643,31,410,362,-4582,0,0,0,0,0,114,1365,7480,6347,0,0,0,0,0
5,-90,3.005,52,290699,31,410,362,-4582,0,0,0,0,0,114,1365,7480,6347,0,0,0,0,0
5,-90,3.062,53,290755,31,410,362,-4582,0,0,0,0,0,114,1365,7480,6347,0,0,0,0,0
5,-90,3.121,54,290811,31,410,362,-4582,0,0,0,0,0,114,1365,7480,6347,0,0,0,0,0
5,-90,3.177,55,290867,31,410,362,-4582,0,0,0,0,0,114,1365,7480,6347,0,0,0,0,0
5,-90,3.229,56,290923,31,410,362,-4582,0,0,0,0,0,114,1365,7480,6347,0,0,0,0,0
5,-90,3.283,57,290979,31,410,362,-4582,0,0,0,0,0,114,1365,7480,6347,0,0,0,0,0
5,-90,3.34,58,291035,31,410,362,-4582,0,0,0,0,0,114,1365,7480,6347,0,0,0,0,0
5,-90,3.398,59,291091,31,410,362,-4582,0,0,0,0,0,114,1365,7480,6347,0,0,0,0,0
5,-90,3.452,60,291147,31,410,362,-4582,0,0,0,0,0,114,1365,7480,6347,0,0,0,0,0
5,-90,3.507,61,291203,31,410,362,-4582,0,0,0,0,0,114,1365,7480,6347,0,0,0,0,0
5,-90,3.58,62,291259,31,410,362,-4582,0,0,0,0,0,114,1365,7480,6347,0,0,0,0,0
5,-90,3.619,63,291315,31,410,362,-4582,0,0,0,0,0,114,1365,7480,6347,0,0,0,0,0
5,-90,3.675,64,291371,31,410,362,-4582,0,0,0,0,0,114,1365,7480,6347,0,0,0,0,0
5,-90,3.734,65,291427,31,410,362,-4582,0,0,0,0,0,114,1365,7480,6347,0,0,0,0,0
5,-90,3.786,66,291483,31,410,362,-4582,0,0,0,0,0,114,1365,7480,6347,0,0,0,0,0
5,-90,3.842,67,291539,31,410,362,-4582,0,0,0,0,0,114,1365,7480,6347,0,0,0,0,0
5,-90,3.899,68,291595,31,410,362,-4582,0,0,0,0,0,114,1365,7480,6347,0,0,0,0,0
5,-90,3.961,69,291651,31,410,362,-4582,0,0,0,0,0,114,1365,7480,6347,0,0,0,0,0
5,-90,4.012,70,291707,31,410,362,-4582,0,0,0,0,0,114,1365,7480,6347,0,0,0,0,0
5,-90,4.068,71,291763,31,410,362,-4582,0,0,0,0,0,114,1365,7480,6347,0,0,0,0,0
5,-90,4.125,72,291819,31,410,362,-4582,0,0,0,0,0,114,1365,7480,6347,0,0,0,0,0
5,-90,4.188,73,291875,31,410,362,-4582,0,0,0,0,0,114,1365,7480,6347,0,0,0,0,0
5,-90,4.233,74,291931,31,410,362,-4582,0,0,0,0,0,114,1365,7480,6347,0,0,0,0,0
5,-90,4.29,75,291987,31,410,362,-4582,0,0,0,0,0,114,1365,7480,6347,0,0,0,0,0
6,90,-0.002,124,294731,31,410,362,-4582,0,0,0,0,0,114,1365,7480,6347,0,0,0,0,0
6,90,0.05,125,294783,31,410,362,-4582,0,0,0,0,0,114,1366,7480,6347,0,0,0,0,0
6,90,0.119,126,294849,31,410,361,-4569,0,0,0,10,10,115,1369,7483,6353,-600,600,0,0,0
6,90,0.168,127,294903,31,411,361,-4493,0,0,0,-3,16,116,1371,7480,6369,-900,900,0,0,0
6,90,0.235,0,294969,31,411,361,-4222,0,0,0,-30,56,116,1374,7455,6411,-1600,1500,0,0,0
6,90,0.29,1,295023,31,412,360,-3898,0,0,0,-53,102,116,1376,7428,6464,-2000,1900,0,0,0
6,90,0.364,2,295088,31,413,359,-3069,0,0,0,-128,135,116,1379,7339,6580,-2600,2200,0,0,0
6,90,0.409,3,295143,31,413,359,-2345,0,0,0,-148,154,116,1381,7255,6675,-2900,2500,0,0,0
6,90,0.475,4,295208,31,413,359,-1019,0,0,0,-194,184,116,1384,7094,6842,-3100,2700,0,0,0
6,90,0.556,5,295263,31,414,359,-44,0,0,0,-191,210,116,1386,6978,6967,-2900,2500,0,0,0
6,90,0.61,6,295329,31,414,359,1427,0,0,0,-181,200,116,1389,6800,7153,-2300,1900,0,0,0
6,90,0.649,7,295383,31,414,359,2313,0,0,0,-184,154,116,1391,6686,7258,-1800,1400,0,0,0
6,90,0.716,8,295449,31,413,359,3336,0,0,0,-128,108,116,1394,6555,7380,-1200,800,0,0,0
6,90,0.784,9,295503,31,414,359,3797,0,0,0,-92,92,116,1396,6500,7439,-900,500,0,0,0
6,90,0.844,10,295568,31,413,359,4246,0,0,0,-53,46,116,1399,6439,7489,-600,300,0,0,0
6,90,0.893,11,295623,31,413,358,4392,0,0,0,-30,16,116,1401,6419,7505,0,0,0,0,0
6,90,0.954,12,295680,31,413,358,4392,0,0,0,0,0,116,1404,6419,7505,0,0,0,0,0
6,90,1.003,13,295735,31,413,358,4392,0,0,0,0,0,116,1404,6419,7505,0,0,0,0,0
6,90,1.059,14,295791,31,413,358,4392,0,0,0,0,0,116,1404,6419,7505,0,0,0,0,0
6,90,1.123,15,295847,31,413,358,4392,0,0,0,0,0,116,1404,6419,7505,0,0,0,0,0
6,90,1.173,16,295903,31,413,358,4392,0,0,0,0,0,116,1404,6419,7505,0,0,0,0,0
6,90,1.226,17,295959,31,413,358,4392,0,0,0,0,0,116,1404,6419,7505,0,0,0,0,0
6,90,1.28,18,296015,31,413,358,4392,0,0,0,0,0,116,1404,6419,7505,0,0,0,0,0
6,90,1.336,19,296071,31,413,358,4392,0,0,0,0,0,116,1404,6419,7505,0,0,0,0,0
6,90,1.394,20,296127,31,413,358,4392,0,0,0,0,0,116,1404,6419,7505,0,0,0,0,0
6,90,1.462,21,296183,31,413,358,4392,0,0,0,0,0,116,1404,6419,7505,0,0,0,0,0
6,90,1.507,22,296239,31,413,358,4392,0,0,0,0,0,116,1404,6419,7505,0,0,0,0,0
6,90,1.562,23,296295,31,413,358,4392,0,0,0,0,0,116,1404,6419,7505,0,0,0,0,0
6,90,1.623,24,296351,31,413,358,4392,0,0,0,0,0,116,1404,6419,7505,0,0,0,0,0
6,90,1.672,25,296407,31,413,358,4392,0,0,0,0,0,116,1404,6419,7505,0,0,0,0,0
6,90,1.733,26,296463,31,413,358,4392,0,0,0,0,0,116,1404,6419,7505,0,0,0,0,0
6,90,1.786,27,296519,31,413,358,4392,0,0,0,0,0,116,1404,6419,7505,0,0,0,0,0
6,90,1.852,28,296575,31,413,358,4392,0,0,0,0,0,116,1404,6419,7505,0,0,0,0,0
6,90,1.942,29,296631,31,413,358,4392,0,0,0,0,0,116,1404,6419,7505,0,0,0,0,0
6,90,1.958,30,296687,31,413,358,4392,0,0,0,0,0,116,1404,6419,7505,0,0,0,0,0
6,90,2.044,31,296743,31,413,358,4392,0,0,0,0,0,116,1404,6419,7505,0,0,0,0,0
6,90,2.071,32,296799,31,413,358,4392,0,0,0,0,0,116,1404,6419,7505,0,0,0,0,0
6,90,2.18,33,296855,31,413,358,4392,0,0,0,0,0,116,1404,6419,7505,0,0,0,0,0
6,90,2.182,34,296911,31,413,358,4392,0,0,0,0,0,116,1404,6419,7505,0,0,0,0,0
6,90,2.248,35,296967,31,413,358,4392,0,0,0,0,0,116,1404,6419,7505,0,0,0,0,0
6,90,2.288,36,297023,31,413,358,4392,0,0,0,0,0,116,1404,6419,7505,0,0,0,0,0
6,90,2.348,37,297079,31,413,358,4392,0,0,0,0,0,116,1404,6419,7505,0,0,0,0,0
6,90,2.402,38,297135,31,413,358,4392,0,0,0,0,0,116,1404,6419,7505,0,0,0,0,0
6,90,2.456,39,297191,31,413,358,4392,0,0,0,0,0,116,1404,6419,7505,0,0,0,0,0
6,90,2.52,40,297247,31,413,358,4392,0,0,0,0,0,116,1404,6419,7505,0,0,0,0,0
6,90,2.568,41,297303,31,413,358,4392,0,0,0,0,0,116,1404,6419,7505,0,0,0,0,0
6,90,2.624,42,297359,31,413,358,4392,0,0,0,0,0,116,1404,6419,7505,0,0,0,0,0
6,90,2.707,43,297415,31,413,358,4392,0,0,0,0,0,116,1404,6419,7505,0,0,0,0,0
6,90,2.739,44,297471,31,413,358,4392,0,0,0,0,0,116,1404,6419,7505,0,0,0,0,0
6,90,2.792,45,297527,31,413,358,4392,0,0,0,0,0,116,1404,6419,7505,0,0,0,0,0
6,90,2.848,46,297583,31,413,358,4392,0,0,0,0,0,116,1404,6419,7505,0,0,0,0,0
6,90,2.906,47,297639,31,413,358,4392,0,0,0,0,0,116,1404,6419,7505,0,0,0,0,0
6,90,2.962,48,297695,31,413,358,4392,0,0,0,0,0,116,1404,6419,7505,0,0,0,0,0
6,90,3.018,49,297751,31,413,358,4392,0,0,0,0,0,116,1404,6419,7505,0,0,0,0,0
6,90,3.077,50,297807,31,413,358,4392,0,0,0,0,0,116,1404,6419,7505,0,0,0,0,0
6,90,3.13,51,297863,31,413,358,4392,0,0,0,0,0,116,1404,6419,7505,0,0,0,0,0
6,90,3.19,52,297919,31,413,358,4392,0,0,0,0,0,116,1404,6419,7505,0,0,0,0,0
6,90,3.24,53,297975,31,413,358,4392,0,0,0,0,0,116,1404,6419,7505,0,0,0,0,0
6,90,3.304,54,298031,31,413,358,4392,0,0,0,0,0,116,1404,6419,7505,0,0,0,0,0
6,90,3.353,55,298087,31,413,358,4392,0,0,0,0,0,116,1404,6419,7505,0,0,0,0,0
6,90,3.432,56,298143,31,413,358,4392,0,0,0,0,0,116,1404,6419,7505,0,0,0,0,0
6,90,3.464,57,298199,31,413,358,4392,0,0,0,0,0,116,1404,6419,7505,0,0,0,0,0
6,90,3.522,58,298255,31,413,358,4392,0,0,0,0,0,116,1404,6419,7505,0,0,0,0,0
6,90,3.589,59,298311,31,413,358,4392,0,0,0,0,0,116,1404,6419,7505,0,0,0,0,0
6,90,3.632,60,298367,31,413,358,4392,0,0,0,0,0,116,1404,6419,7505,0,0,0,0,0
6,90,3.691,61,298423,31,413,358,4392,0,0,0,0,0,116,1404,6419,7505,0,0,0,0,0
6,90,3.744,62,298479,31,413,358,4392,0,0,0,0,0,116,1404,6419,7505,0,0,0,0,0
6,90,3.805,63,298535,31,413,358,4392,0,0,0,0,0,116,1404,6419,7505,0,0,0,0,0
6,90,3.857,64,298591,31,413,358,4392,0,0,0,0,0,116,1404,6419,7505,0,0,0,0,0
6,90,3.913,65,298647,31,413,358,4392,0,0,0,0,0,116,1404,6419,7505,0,0,0,0,0
6,90,3.968,66,298703,31,413,358,4392,0,0,0,0,0,116,1404,6419,7505,0,0,0,0,0
6,90,4.024,67,298759,31,413,358,4392,0,0,0,0,0,116,1404,6419,7505,0,0,0,0,0
6,90,4.081,68,298815,31,413,358,4392,0,0,0,0,0,116,1404,6419,7505,0,0,0,0,0
6,90,4.136,69,298871,31,413,358,4392,0,0,0,0,0,116,1404,6419,7505,0,0,0,0,0
6,90,4.195,70,298927,31,413,358,4392,0,0,0,0,0,116,1404,6419,7505,0,0,0,0,0
6,90,4.26,71,298983,31,413,358,4392,0,0,0,0,0,116,1404,6419,7505,0,0,0,0,0
7,-180,-0.009,121,301783,31,413,358,4392,0,0,0,0,0,116,1404,6419,7505,0,0,0,0,0
7,-180,0.056,122,301843,31,413,358,4392,0,0,0,0,0,116,1405,6419,7505,0,0,0,0,0
7,-180,0.135,123,301909,31,413,358,4359,0,0,0,0,-20,117,1408,6419,7497,600,-600,0,0,0
7,-180,0.174,124,301963,31,413,358,4303,0,0,0,5,-20,118,1410,6422,7486,1000,-900,0,0,0
7,-180,0.26,125,302029,31,412,358,4064,0,0,0,30,-56,118,1413,6442,7447,1500,-1600,0,0,0
7,-180,0.298,126,302083,31,412,357,3765,0,0,0,56,-72,118,1415,6472,7403,2000,-2000,0,0,0
7,-180,0.36,127,302148,31,411,357,2956,0,0,0,108,-144,118,1418,6561,7292,2600,-2400,0,0,0
7,-180,0.414,0,302203,31,411,357,2188,0,0,0,164,-164,118,1420,6653,7194,2800,-2600,0,0,0
7,-180,0.476,1,302268,31,410,357,865,0,0,0,184,-191,118,1423,6811,7025,3100,-2800,0,0,0
7,-180,0.577,2,302323,31,410,356,-158,0,0,0,200,-210,118,1425,6933,6894,3100,-2800,0,0,0
7,-180,0.611,3,302389,31,410,356,-1771,0,0,0,226,-217,118,1428,7130,6692,2900,-2400,0,0,0
7,-180,0.653,4,302443,31,409,357,-2851,0,0,0,210,-217,118,1430,7258,6553,2700,-2300,0,0,0
7,-180,0.722,5,302508,31,409,357,-4315,0,0,0,190,-200,118,1433,7436,6369,2600,-2100,0,0,0
7,-180,0.771,6,302563,31,409,357,-5220,0,0,0,181,-200,118,1435,7544,6253,2600,-2100,0,0,0
7,-180,0.845,7,302628,31,409,357,-6523,0,0,0,171,-164,118,1438,7705,6092,2600,-2100,0,0,0
7,-180,0.891,8,302683,31,409,357,-7449,0,0,0,181,-184,118,1440,7822,5980,2700,-2200,0,0,0
7,-180,0.957,9,302749,31,409,357,-8827,0,0,0,181,-184,118,1443,7994,5811,2600,-2100,0,0,0
7,-180,1.015,10,302803,31,409,357,-9705,0,0,0,181,-174,118,1445,8105,5705,2400,-1900,0,0,0
7,-180,1.077,11,302869,31,409,356,-10918,0,0,0,164,-144,118,1448,8261,5561,1900,-1400,0,0,0
7,-180,1.133,12,302923,31,409,356,-11606,0,0,0,148,-122,118,1450,8350,5480,1600,-1100,0,0,0
7,-180,1.199,13,302989,31,409,355,-12410,0,0,0,108,-92,118,1453,8455,5386,1100,-800,0,0,0
7,-180,1.253,14,303043,31,408,355,-12790,0,0,0,89,-53,118,1455,8505,5342,800,-500,0,0,0
7,-180,1.32,15,303108,31,408,355,-13154,0,0,0,36,-36,118,1458,8550,5297,500,-400,0,0,0
7,-180,1.386,16,303164,31,408,355,-13332,0,0,0,36,-26,118,1460,8572,5275,500,-300,0,0,0
7,-180,1.438,17,303228,31,408,355,-13478,0,0,0,16,-10,118,1463,8594,5261,400,-300,0,0,0
7,-180,1.492,18,303283,31,408,355,-13502,0,0,0,10,0,119,1465,8597,5258,500,-300,0,0,0
7,-180,1.56,19,303349,31,408,355,-13514,0,0,0,10,0,122,1468,8597,5255,500,-400,0,0,0
7,-180,1.614,20,303403,31,408,355,-13514,0,0,0,10,0,124,1470,8597,5255,600,-500,0,0,0
7,-180,1.679,21,303469,31,409,355,-13559,0,0,0,10,-10,127,1473,8597,5244,600,-500,0,0,0
7,-180,1.732,22,303523,31,409,356,-13591,0,0,0,10,-20,129,1475,8597,5236,0,0,0,0,0
7,-180,1.811,23,303604,31,409,356,-13627,0,0,0,0,0,129,1479,8603,5233,0,0,0,0,0
7,-180,1.869,24,303659,31,409,356,-13627,0,0,0,0,0,129,1479,8603,5233,0,0,0,0,0
7,-180,1.928,25,303715,31,409,356,-13627,0,0,0,0,0,129,1479,8603,5233,0,0,0,0,0
7,-180,1.988,26,303771,31,409,356,-13627,0,0,0,0,0,129,1479,8603,5233,0,0,0,0,0
7,-180,2.037,27,303827,31,409,356,-13627,0,0,0,0,0,129,1479,8603,5233,0,0,0,0,0
7,-180,2.091,28,303883,31,409,356,-13627,0,0,0,0,0,129,1479,8603,5233,0,0,0,0,0
7,-180,2.151,29,303939,31,409,356,-13627,0,0,0,0,0,129,1479,8603,5233,0,0,0,0,0
7,-180,2.208,30,303995,31,409,356,-13627,0,0,0,0,0,129,1479,8603,5233,0,0,0,0,0
7,-180,2.26,31,304051,31,409,356,-13627,0,0,0,0,0,129,1479,8603,5233,0,0,0,0,0
7,-180,2.323,32,304107,31,409,356,-13627,0,0,0,0,0,129,1479,8603,5233,0,0,0,0,0
7,-180,2.371,33,304163,31,409,356,-13627,0,0,0,0,0,129,1479,8603,5233,0,0,0,0,0
7,-180,2.437,34,304219,31,409,356,-13627,0,0,0,0,0,129,1479,8603,5233,0,0,0,0,0
7,-180,2.483,35,304275,31,409,356,-13627,0,0,0,0,0,129,1479,8603,5233,0,0,0,0,0
7,-180,2.543,36,304331,31,409,356,-13627,0,0,0,0,0,129,1479,8603,5233,0,0,0,0,0
7,-180,2.601,37,304387,31,409,356,-13627,0,0,0,0,0,129,1479,8603,5233,0,0,0,0,0
7,-180,2.653,38,304443,31,409,356,-13627,0,0,0,0,0,129,1479,8603,5233,0,0,0,0,0
7,-180,2.706,39,304499,31,409,356,-13627,0,0,0,0,0,129,1479,8603,5233,0,0,0,0,0
7,-180,2.773,40,304555,31,409,356,-13627,0,0,0,0,0,129,1479,8603,5233,0,0,0,0,0
7,-180,2.819,41,304611,31,409,356,-13627,0,0,0,0,0,129,1479,8603,5233,0,0,0,0,0
7,-180,2.875,42,304667,31,409,356,-13627,0,0,0,0,0,129,1479,8603,5233,0,0,0,0,0
7,-180,2.931,43,304723,31,409,356,-13627,0,0,0,0,0,129,1479,8603,5233,0,0,0,0,0
7,-180,2.995,44,304779,31,409,356,-13627,0,0,0,0,0,129,1479,8603,5233,0,0,0,0,0
7,-180,3.055,45,304835,31,409,356,-13627,0,0,0,0,0,129,1479,8603,5233,0,0,0,0,0
7,-180,3.101,46,304891,31,409,356,-13627,0,0,0,0,0,129,1479,8603,5233,0,0,0,0,0
7,-180,3.158,47,304947,31,409,356,-13627,0,0,0,0,0,129,1479,8603,5233,0,0,0,0,0
7,-180,3.213,48,305003,31,409,356,-13627,0,0,0,0,0,129,1479,8603,5233,0,0,0,0,0
7,-180,3.268,49,305059,31,409,356,-13627,0,0,0,0,0,129,1479,8603,5233,0,0,0,0,0
7,-180,3.328,50,305115,31,409,356,-13627,0,0,0,0,0,129,1479,8603,5233,0,0,0,0,0
7,-180,3.38,51,305171,31,409,356,-13627,0,0,0,0,0,129,1479,8603,5233,0,0,0,0,0
7,-180,3.436,52,305227,31,409,356,-13627,0,0,0,0,0,129,1479,8603,5233,0,0,0,0,0
7,-180,3.491,53,305283,31,409,356,-13627,0,0,0,0,0,129,1479,8603,5233,0,0,0,0,0
7,-180,3.548,54,305339,31,409,356,-13627,0,0,0,0,0,129,1479,8603,5233,0,0,0,0,0
7,-180,3.621,55,305395,31,409,356,-13627,0,0,0,0,0,129,1479,8603,5233,0,0,0,0,0
7,-180,3.659,56,305451,31,409,356,-13627,0,0,0,0,0,129,1479,8603,5233,0,0,0,0,0
7,-180,3.718,57,305507,31,409,356,-13627,0,0,0,0,0,129,1479,8603,5233,0,0,0,0,0
7,-180,3.772,58,305563,31,409,356,-13627,0,0,0,0,0,129,1479,8603,5233,0,0,0,0,0
7,-180,3.829,59,305619,31,409,356,-13627,0,0,0,0,0,129,1479,8603,5233,0,0,0,0,0
7,-180,3.882,60,305675,31,409,356,-13627,0,0,0,0,0,129,1479,8603,5233,0,0,0,0,0
7,-180,3.944,61,305731,31,409,356,-13627,0,0,0,0,0,129,1479,8603,5233,0,0,0,0,0
7,-180,3.997,62,305787,31,409,356,-13627,0,0,0,0,0,129,1479,8603,5233,0,0,0,0,0
7,-180,4.051,63,305843,31,409,356,-13627,0,0,0,0,0,129,1479,8603,5233,0,0,0,0,0
7,-180,4.12,64,305899,31,409,356,-13627,0,0,0,0,0,129,1479,8603,5233,0,0,0,0,0
7,-180,4.166,65,305955,31,409,356,-13627,0,0,0,0,0,129,1479,8603,5233,0,0,0,0,0
7,-180,4.224,66,306011,31,409,356,-13627,0,0,0,0,0,129,1479,8603,5233,0,0,0,0,0
7,-180,4.276,67,306067,31,409,356,-13627,0,0,0,0,0,129,1479,8603,5233,0,0,0,0,0
7,-180,4.333,68,306123,31,409,356,-13627,0,0,0,0,0,129,1479,8603,5233,0,0,0,0,0
7,-180,4.387,69,306179,31,409,356,-13627,0,0,0,0,0,129,1479,8603,5233,0,0,0,0,0
7,-180,4.445,70,306235,31,409,356,-13627,0,0,0,0,0,129,1479,8603,5233,0,0,0,0,0
7,-180,4.508,71,306291,31,409,356,-13627,0,0,0,0,0,129,1479,8603,5233,0,0,0,0,0
7,-180,4.557,72,306347,31,409,356,-13627,0,0,0,0,0,129,1479,8603,5233,0,0,0,0,0
7,-180,4.613,73,306403,31,409,356,-13627,0,0,0,0,0,129,1479,8603,5233,0,0,0,0,0
7,-180,4.667,74,306459,31,409,356,-13627,0,0,0,0,0,129,1479,8603,5233,0,0,0,0,0
7,-180,4.729,75,306515,31,409,356,-13627,0,0,0,0,0,129,1479,8603,5233,0,0,0,0,0
8,180,-0.011,123,309203,31,409,356,-13627,0,0,0,0,0,129,1479,8603,5233,0,0,0,0,0
8,180,0.052,124,309263,31,409,356,-13627,0,0,0,0,0,129,1480,8603,5233,0,0,0,0,0
8,180,0.112,125,309329,31,409,355,-13579,0,0,0,-10,20,129,1483,8600,5242,-600,600,0,0,0
8,180,0.167,126,309383,31,408,355,-13514,0,0,0,-10,26,131,1485,8600,5258,-900,900,0,0,0
8,180,0.235,127,309449,31,408,355,-13276,0,0,0,-46,56,131,1488,8575,5292,-1600,1600,0,0,0
8,180,0.286,0,309503,31,407,354,-13033,0,0,0,-46,62,131,1490,8553,5330,-2100,2000,0,0,0
8,180,0.357,1,309569,31,407,354,-12301,0,0,0,-108,125,131,1493,8472,5430,-2700,2600,0,0,0
8,180,0.411,2,309623,31,407,353,-11602,0,0,0,-128,164,131,1495,8397,5528,-2900,2800,0,0,0
8,180,0.474,3,309689,31,406,352,-10299,0,0,0,-184,190,131,1498,8244,5697,-3300,3000,0,0,0
8,180,0.527,4,309743,31,406,352,-9301,0,0,0,-200,220,131,1500,8128,5828,-3200,3000,0,0,0
8,180,0.605,5,309809,31,406,351,-7695,0,0,0,-200,217,131,1503,7933,6030,-3000,2700,0,0,0
8,180,0.647,6,309863,31,406,351,-6607,0,0,0,-200,217,131,1505,7803,6169,-2800,2400,0,0,0
8,180,0.716,7,309928,31,406,351,-5119,0,0,0,-200,200,131,1508,7619,6353,-2700,2300,0,0,0
8,180,0.77,8,309983,31,406,351,-4189,0,0,0,-204,200,131,1510,7505,6469,-2700,2200,0,0,0
8,180,0.832,9,310048,31,407,351,-2818,0,0,0,-181,184,131,1513,7339,6642,-2700,2200,0,0,0
8,180,0.893,10,310103,31,406,351,-1897,0,0,0,-184,184,131,1515,7222,6753,-2600,2300,0,0,0
8,180,0.954,11,310168,31,406,351,-518,0,0,0,-190,181,131,1518,7047,6919,-2600,2300,0,0,0
8,180,1.013,12,310223,31,406,351,380,0,0,0,-190,181,131,1520,6936,7030,-2400,2000,0,0,0
8,180,1.077,13,310289,31,406,351,1654,0,0,0,-164,184,131,1523,6783,7192,-1800,1500,0,0,0
8,180,1.127,14,310343,31,406,351,2362,0,0,0,-138,138,131,1525,6694,7278,-1500,1100,0,0,0
8,180,1.199,15,310409,31,406,351,3166,0,0,0,-89,92,131,1528,6592,7375,-1100,700,0,0,0
8,180,1.249,16,310463,31,406,351,3550,0,0,0,-92,72,131,1530,6544,7422,-900,600,0,0,0
8,180,1.312,17,310528,31,406,351,3943,0,0,0,-36,46,131,1533,6494,7469,-600,300,0,0,0
8,180,1.386,18,310584,31,406,351,4112,0,0,0,-36,30,131,1535,6472,7489,-500,300,0,0,0
8,180,1.434,19,310648,31,406,351,4258,0,0,0,10,20,131,1538,6461,7514,-300,300,0,0,0
8,180,1.489,20,310703,31,407,351,4335,0,0,0,-7,20,131,1540,6453,7525,-500,300,0,0,0
8,180,1.553,21,310768,31,407,352,4392,0,0,0,0,0,132,1543,6453,7539,0,0,0,0,0
8,180,1.608,22,310823,31,407,352,4392,0,0,0,0,0,132,1545,6453,7539,0,0,0,0,0
8,180,1.665,23,310879,31,407,352,4392,0,0,0,0,0,132,1545,6453,7539,0,0,0,0,0
8,180,1.72,24,310935,31,407,352,4392,0,0,0,0,0,132,1545,6453,7539,0,0,0,0,0
8,180,1.773,25,310991,31,407,352,4392,0,0,0,0,0,132,1545,6453,7539,0,0,0,0,0
8,180,1.828,26,311047,31,407,352,4392,0,0,0,0,0,132,1545,6453,7539,0,0,0,0,0
8,180,1.884,27,311103,31,407,352,4392,0,0,0,0,0,132,1545,6453,7539,0,0,0,0,0
8,180,1.943,28,311159,31,407,352,4392,0,0,0,0,0,132,1545,6453,7539,0,0,0,0,0
8,180,1.999,29,311215,31,407,352,4392,0,0,0,0,0,132,1545,6453,7539,0,0,0,0,0
8,180,2.054,30,311271,31,407,352,4392,0,0,0,0,0,132,1545,6453,7539,0,0,0,0,0
8,180,2.121,31,311327,31,407,352,4392,0,0,0,0,0,132,1545,6453,7539,0,0,0,0,0
8,180,2.165,32,311383,31,407,352,4392,0,0,0,0,0,132,1545,6453,7539,0,0,0,0,0
8,180,2.223,33,311439,31,407,352,4392,0,0,0,0,0,132,1545,6453,7539,0,0,0,0,0
8,180,2.277,34,311495,31,407,352,4392,0,0,0,0,0,132,1545,6453,7539,0,0,0,0,0
8,180,2.339,35,311551,31,407,352,4392,0,0,0,0,0,132,1545,6453,7539,0,0,0,0,0
8,180,2.393,36,311607,31,407,352,4392,0,0,0,0,0,132,1545,6453,7539,0,0,0,0,0
8,180,2.445,37,311663,31,407,352,4392,0,0,0,0,0,132,1545,6453,7539,0,0,0,0,0
8,180,2.506,38,311719,31,407,352,4392,0,0,0,0,0,132,1545,6453,7539,0,0,0,0,0
8,180,2.559,39,311775,31,407,352,4392,0,0,0,0,0,132,1545,6453,7539,0,0,0,0,0
8,180,2.613,40,311831,31,407,352,4392,0,0,0,0,0,132,1545,6453,7539,0,0,0,0,0
8,180,2.669,41,311887,31,407,352,4392,0,0,0,0,0,132,1545,6453,7539,0,0,0,0,0
8,180,2.728,42,311943,31,407,352,4392,0,0,0,0,0,132,1545,6453,7539,0,0,0,0,0
8,180,2.782,43,311999,31,407,352,4392,0,0,0,0,0,132,1545,6453,7539,0,0,0,0,0
8,180,2.838,44,312055,31,407,352,4392,0,0,0,0,0,132,1545,6453,7539,0,0,0,0,0
8,180,2.896,45,312111,31,407,352,4392,0,0,0,0,0,132,1545,6453,7539,0,0,0,0,0
8,180,2.95,46,312167,31,407,352,4392,0,0,0,0,0,132,1545,6453,7539,0,0,0,0,0
8,180,3.008,47,312223,31,407,352,4392,0,0,0,0,0,132,1545,6453,7539,0,0,0,0,0
8,180,3.06,48,312279,31,407,352,4392,0,0,0,0,0,132,1545,6453,7539,0,0,0,0,0
8,180,3.124,49,312335,31,407,352,4392,0,0,0,0,0,132,1545,6453,7539,0,0,0,0,0
8,180,3.181,50,312391,31,407,352,4392,0,0,0,0,0,132,1545,6453,7539,0,0,0,0,0
8,180,3.229,51,312447,31,407,352,4392,0,0,0,0,0,132,1545,6453,7539,0,0,0,0,0
8,180,3.289,52,312503,31,407,352,4392,0,0,0,0,0,132,1545,6453,7539,0,0,0,0,0
8,180,3.346,53,312559,31,407,352,4392,0,0,0,0,0,132,1545,6453,7539,0,0,0,0,0
8,180,3.397,54,312615,31,407,352,4392,0,0,0,0,0,132,1545,6453,7539,0,0,0,0,0
8,180,3.453,55,312671,31,407,352,4392,0,0,0,0,0,132,1545,6453,7539,0,0,0,0,0
8,180,3.51,56,312727,31,407,352,4392,0,0,0,0,0,132,1545,6453,7539,0,0,0,0,0
8,180,3.564,57,312783,31,407,352,4392,0,0,0,0,0,132,1545,6453,7539,0,0,0,0,0
8,180,3.628,58,312839,31,407,352,4392,0,0,0,0,0,132,1545,6453,7539,0,0,0,0,0
8,180,3.685,59,312895,31,407,352,4392,0,0,0,0,0,132,1545,6453,7539,0,0,0,0,0
8,180,3.733,60,312951,31,407,352,4392,0,0,0,0,0,132,1545,6453,7539,0,0,0,0,0
8,180,3.79,61,313007,31,407,352,4392,0,0,0,0,0,132,1545,6453,7539,0,0,0,0,0
8,180,3.844,62,313063,31,407,352,4392,0,0,0,0,0,132,1545,6453,7539,0,0,0,0,0
8,180,3.907,63,313119,31,407,352,4392,0,0,0,0,0,132,1545,6453,7539,0,0,0,0,0
8,180,3.963,64,313175,31,407,352,4392,0,0,0,0,0,132,1545,6453,7539,0,0,0,0,0
8,180,4.012,65,313231,31,407,352,4392,0,0,0,0,0,132,1545,6453,7539,0,0,0,0,0
8,180,4.069,66,313287,31,407,352,4392,0,0,0,0,0,132,1545,6453,7539,0,0,0,0,0
8,180,4.129,67,313343,31,407,352,4392,0,0,0,0,0,132,1545,6453,7539,0,0,0,0,0
8,180,4.18,68,313399,31,407,352,4392,0,0,0,0,0,132,1545,6453,7539,0,0,0,0,0
8,180,4.248,69,313455,31,407,352,4392,0,0,0,0,0,132,1545,6453,7539,0,0,0,0,0
8,180,4.295,70,313511,31,407,352,4392,0,0,0,0,0,132,1545,6453,7539,0,0,0,0,0
8,180,4.356,71,313567,31,407,352,4392,0,0,0,0,0,132,1545,6453,7539,0,0,0,0,0
8,180,4.404,72,313623,31,407,352,4392,0,0,0,0,0,132,1545,6453,7539,0,0,0,0,0
8,180,4.465,73,313679,31,407,352,4392,0,0,0,0,0,132,1545,6453,7539,0,0,0,0,0
8,180,4.518,74,313735,31,407,352,4392,0,0,0,0,0,132,1545,6453,7539,0,0,0,0,0
8,180,4.579,75,313791,31,407,352,4392,0,0,0,0,0,132,1545,6453,7539,0,0,0,0,0
8,180,4.63,76,313847,31,407,352,4392,0,0,0,0,0,132,1545,6453,7539,0,0,0,0,0
8,180,4.686,77,313903,31,407,352,4392,0,0,0,0,0,132,1545,6453,7539,0,0,0,0,0
9,90,0.025,127,316703,31,407,352,4392,0,0,0,0,0,132,1545,6453,7539,0,0,0,0,0
9,90,0.053,0,316760,31,407,352,4392,0,0,0,0,0,132,1546,6453,7539,0,0,0,0,0
9,90,0.125,1,316813,31,407,352,4379,0,0,0,0,-10,132,1548,6453,7536,-400,400,0,0,0
9,90,0.196,2,316867,31,407,352,4424,0,0,0,0,16,134,1550,6453,7547,-700,800,0,0,0
9,90,0.228,3,316933,31,408,353,4569,0,0,0,0,46,137,1553,6453,7583,-1100,1400,0,0,0
9,90,0.265,4,316987,31,409,354,4759,0,0,0,0,89,139,1555,6453,7630,-1500,1700,0,0,0
9,90,0.333,5,317053,71,412,357,5188,0,0,0,0,128,142,1558,6453,7736,-2000,2300,0,0,0
9,90,0.401,6,317107,31,414,360,5629,0,0,0,-72,154,142,1560,6433,7825,-2500,2600,0,0,0
9,90,0.461,7,317172,31,415,362,6684,0,0,0,-148,184,142,1563,6333,7986,-3300,2900,0,0,0
9,90,0.506,8,317227,31,415,362,7651,0,0,0,-190,220,142,1565,6222,8114,-3500,3000,0,0,0
9,90,0.608,9,317293,31,415,362,9333,0,0,0,-236,230,142,1568,6017,8325,-3000,2400,0,0,0
9,90,0.64,10,317347,31,415,363,10437,0,0,0,-220,220,142,1570,5883,8464,-2400,1800,0,0,0
9,90,0.708,11,317413,31,415,362,11735,0,0,0,-144,164,142,1573,5717,8619,-1600,1100,0,0,0
9,90,0.746,12,317467,31,416,362,12390,0,0,0,-128,112,142,1575,5628,8692,-1200,800,0,0,0
9,90,0.812,13,317533,31,416,361,13041,0,0,0,-92,52,142,1578,5533,8758,-800,400,0,0,0
9,90,0.865,14,317587,31,416,361,13288,0,0,0,-56,46,142,1580,5500,8786,-600,300,0,0,0
9,90,0.931,15,317652,31,417,360,13421,0,0,0,0,0,142,1583,5478,8797,0,0,0,0,0
9,90,0.984,16,317707,31,417,360,13421,0,0,0,0,0,142,1585,5478,8797,0,0,0,0,0
9,90,1.05,17,317763,31,417,360,13421,0,0,0,0,0,142,1585,5478,8797,0,0,0,0,0
9,90,1.1,18,317819,31,417,360,13421,0,0,0,0,0,142,1585,5478,8797,0,0,0,0,0
9,90,1.153,19,317875,31,417,360,13421,0,0,0,0,0,142,1585,5478,8797,0,0,0,0,0
9,90,1.211,20,317931,31,417,360,13421,0,0,0,0,0,142,1585,5478,8797,0,0,0,0,0
9,90,1.264,21,317987,31,417,360,13421,0,0,0,0,0,142,1585,5478,8797,0,0,0,0,0
9,90,1.32,22,318043,31,417,360,13421,0,0,0,0,0,142,1585,5478,8797,0,0,0,0,0
9,90,1.377,23,318099,31,417,360,13421,0,0,0,0,0,142,1585,5478,8797,0,0,0,0,0
9,90,1.435,24,318155,31,417,360,13421,0,0,0,0,0,142,1585,5478,8797,0,0,0,0,0
9,90,1.492,25,318211,31,417,360,13421,0,0,0,0,0,142,1585,5478,8797,0,0,0,0,0
9,90,1.545,26,318267,31,417,360,13421,0,0,0,0,0,142,1585,5478,8797,0,0,0,0,0
9,90,1.603,27,318323,31,417,360,13421,0,0,0,0,0,142,1585,5478,8797,0,0,0,0,0
9,90,1.66,28,318379,31,417,360,13421,0,0,0,0,0,142,1585,5478,8797,0,0,0,0,0
9,90,1.713,29,318435,31,417,360,13421,0,0,0,0,0,142,1585,5478,8797,0,0,0,0,0
9,90,1.768,30,318491,31,417,360,13421,0,0,0,0,0,142,1585,5478,8797,0,0,0,0,0
9,90,1.825,31,318547,31,417,360,13421,0,0,0,0,0,142,1585,5478,8797,0,0,0,0,0
9,90,1.881,32,318603,31,417,360,13421,0,0,0,0,0,142,1585,5478,8797,0,0,0,0,0
9,90,1.936,33,318659,31,417,360,13421,0,0,0,0,0,142,1585,5478,8797,0,0,0,0,0
9,90,2.002,34,318715,31,417,360,13421,0,0,0,0,0,142,1585,5478,8797,0,0,0,0,0
9,90,2.052,35,318771,31,417,360,13421,0,0,0,0,0,142,1585,5478,8797,0,0,0,0,0
9,90,2.112,36,318827,31,417,360,13421,0,0,0,0,0,142,1585,5478,8797,0,0,0,0,0
9,90,2.16,37,318883,31,417,360,13421,0,0,0,0,0,142,1585,5478,8797,0,0,0,0,0
9,90,2.224,38,318939,31,417,360,13421,0,0,0,0,0,142,1585,5478,8797,0,0,0,0,0
9,90,2.276,39,318995,31,417,360,13421,0,0,0,0,0,142,1585,5478,8797,0,0,0,0,0
9,90,2.328,40,319051,31,417,360,13421,0,0,0,0,0,142,1585,5478,8797,0,0,0,0,0
9,90,2.384,41,319107,31,417,360,13421,0,0,0,0,0,142,1585,5478,8797,0,0,0,0,0
9,90,2.457,42,319163,31,417,360,13421,0,0,0,0,0,142,1585,5478,8797,0,0,0,0,0
9,90,2.51,43,319219,31,417,360,13421,0,0,0,0,0,142,1585,5478,8797,0,0,0,0,0
9,90,2.552,44,319275,31,417,360,13421,0,0,0,0,0,142,1585,5478,8797,0,0,0,0,0
9,90,2.613,45,319331,31,417,360,13421,0,0,0,0,0,142,1585,5478,8797,0,0,0,0,0
9,90,2.664,46,319387,31,417,360,13421,0,0,0,0,0,142,1585,5478,8797,0,0,0,0,0
9,90,2.724,47,319443,31,417,360,13421,0,0,0,0,0,142,1585,5478,8797,0,0,0,0,0
9,90,2.776,48,319499,31,417,360,13421,0,0,0,0,0,142,1585,5478,8797,0,0,0,0,0
9,90,2.84,49,319555,31,417,360,13421,0,0,0,0,0,142,1585,5478,8797,0,0,0,0,0
9,90,2.893,50,319611,31,417,360,13421,0,0,0,0,0,142,1585,5478,8797,0,0,0,0,0
9,90,2.948,51,319667,31,417,360,13421,0,0,0,0,0,142,1585,5478,8797,0,0,0,0,0
9,90,3.004,52,319723,31,417,360,13421,0,0,0,0,0,142,1585,5478,8797,0,0,0,0,0
9,90,3.061,53,319779,31,417,360,13421,0,0,0,0,0,142,1585,5478,8797,0,0,0,0,0
9,90,3.124,54,319835,31,417,360,13421,0,0,0,0,0,142,1585,5478,8797,0,0,0,0,0
9,90,3.176,55,319891,31,417,360,13421,0,0,0,0,0,142,1585,5478,8797,0,0,0,0,0
9,90,3.25,56,319947,31,417,360,13421,0,0,0,0,0,142,1585,5478,8797,0,0,0,0,0
9,90,3.28,57,320003,31,417,360,13421,0,0,0,0,0,142,1585,5478,8797,0,0,0,0,0
9,90,3.339,58,320059,31,417,360,13421,0,0,0,0,0,142,1585,5478,8797,0,0,0,0,0
9,90,3.395,59,320115,31,417,360,13421,0,0,0,0,0,142,1585,5478,8797,0,0,0,0,0
9,90,3.46,60,320171,31,417,360,13421,0,0,0,0,0,142,1585,5478,8797,0,0,0,0,0
9,90,3.507,61,320227,31,417,360,13421,0,0,0,0,0,142,1585,5478,8797,0,0,0,0,0
9,90,3.56,62,320283,31,417,360,13421,0,0,0,0,0,142,1585,5478,8797,0,0,0,0,0
9,90,3.618,63,320339,31,417,360,13421,0,0,0,0,0,142,1585,5478,8797,0,0,0,0,0
9,90,3.676,64,320395,31,417,360,13421,0,0,0,0,0,142,1585,5478,8797,0,0,0,0,0
9,90,3.733,65,320451,31,417,360,13421,0,0,0,0,0,142,1585,5478,8797,0,0,0,0,0
9,90,3.784,66,320507,31,417,360,13421,0,0,0,0,0,142,1585,5478,8797,0,0,0,0,0
9,90,3.844,67,320563,31,417,360,13421,0,0,0,0,0,142,1585,5478,8797,0,0,0,0,0
9,90,3.901,68,320619,31,417,360,13421,0,0,0,0,0,142,1585,5478,8797,0,0,0,0,0
9,90,3.953,69,320675,31,417,360,13421,0,0,0,0,0,142,1585,5478,8797,0,0,0,0,0
9,90,4.01,70,320731,31,417,360,13421,0,0,0,0,0,142,1585,5478,8797,0,0,0,0,0
9,90,4.066,71,320787,31,417,360,13421,0,0,0,0,0,142,1585,5478,8797,0,0,0,0,0
9,90,4.123,72,320843,31,417,360,13421,0,0,0,0,0,142,1585,5478,8797,0,0,0,0,0
9,90,4.179,73,320899,31,417,360,13421,0,0,0,0,0,142,1585,5478,8797,0,0,0,0,0
9,90,4.243,74,320955,31,417,360,13421,0,0,0,0,0,142,1585,5478,8797,0,0,0,0,0
9,90,4.289,75,321011,31,417,360,13421,0,0,0,0,0,142,1585,5478,8797,0,0,0,0,0
10,-90,-0.023,123,323699,31,417,360,13421,0,0,0,0,0,142,1585,5478,8797,0,0,0,0,0
10,-90,0.04,124,323764,31,417,360,13421,0,0,0,0,0,142,1586,5478,8797,0,0,0,0,0
10,-90,0.112,125,323817,31,417,360,13409,0,0,0,0,-10,142,1588,5478,8794,400,-400,0,0,0
10,-90,0.148,126,323871,31,417,360,13352,0,0,0,0,-39,144,1590,5478,8780,700,-700,0,0,0
10,-90,0.214,127,323937,31,417,360,13207,0,0,0,30,-36,144,1593,5492,8758,1400,-1300,0,0,0
10,-90,0.272,0,323991,31,417,360,12993,0,0,0,56,-56,144,1595,5517,8730,1900,-1900,0,0,0
10,-90,0.348,1,324057,31,418,359,12309,0,0,0,102,-128,144,1598,5592,8636,2500,-2400,0,0,0
10,-90,0.388,2,324111,31,418,358,11606,0,0,0,144,-164,144,1600,5672,8542,2700,-2500,0,0,0
10,-90,0.462,3,324176,31,418,358,10267,0,0,0,190,-200,144,1603,5830,8369,3000,-2700,0,0,0
10,-90,0.517,4,324231,31,418,358,9244,0,0,0,210,-217,144,1605,5953,8239,2900,-2700,0,0,0
10,-90,0.577,5,324297,31,418,358,7752,0,0,0,190,-200,144,1608,6136,8053,2300,-2000,0,0,0
10,-90,0.628,6,324351,31,418,357,6842,0,0,0,174,-190,144,1610,6247,7939,1800,-1500,0,0,0
10,-90,0.695,7,324417,31,418,357,5807,0,0,0,128,-128,144,1613,6372,7808,1300,-900,0,0,0
10,-90,0.751,8,324471,31,418,357,5313,0,0,0,82,-92,144,1615,6433,7747,1000,-600,0,0,0
10,-90,0.837,9,324537,31,419,358,4820,0,0,0,72,-53,144,1618,6500,7692,700,-400,0,0,0
10,-90,0.877,10,324591,31,419,358,4626,0,0,0,36,-36,144,1620,6525,7669,500,-300,0,0,0
10,-90,0.937,11,324656,31,418,357,4468,0,0,0,20,-30,144,1623,6539,7644,400,-300,0,0,0
10,-90,0.988,12,324711,31,418,357,4448,0,0,0,0,0,145,1625,6539,7639,0,0,0,0,0
10,-90,1.044,13,324767,31,418,357,4448,0,0,0,0,0,145,1627,6539,7639,0,0,0,0,0
10,-90,1.1,14,324823,31,418,357,4448,0,0,0,0,0,145,1627,6539,7639,0,0,0,0,0
10,-90,1.156,15,324879,31,418,357,4448,0,0,0,0,0,145,1627,6539,7639,0,0,0,0,0
10,-90,1.214,16,324935,31,418,357,4448,0,0,0,0,0,145,1627,6539,7639,0,0,0,0,0
10,-90,1.268,17,324991,31,418,357,4448,0,0,0,0,0,145,1627,6539,7639,0,0,0,0,0
10,-90,1.322,18,325047,31,418,357,4448,0,0,0,0,0,145,1627,6539,7639,0,0,0,0,0
10,-90,1.382,19,325103,31,418,357,4448,0,0,0,0,0,145,1627,6539,7639,0,0,0,0,0
10,-90,1.439,20,325159,31,418,357,4448,0,0,0,0,0,145,1627,6539,7639,0,0,0,0,0
10,-90,1.49,21,325215,31,418,357,4448,0,0,0,0,0,145,1627,6539,7639,0,0,0,0,0
10,-90,1.554,22,325271,31,418,357,4448,0,0,0,0,0,145,1627,6539,7639,0,0,0,0,0
10,-90,1.604,23,325327,31,418,357,4448,0,0,0,0,0,145,1627,6539,7639,0,0,0,0,0
10,-90,1.658,24,325383,31,418,357,4448,0,0,0,0,0,145,1627,6539,7639,0,0,0,0,0
10,-90,1.718,25,325439,31,418,357,4448,0,0,0,0,0,145,1627,6539,7639,0,0,0,0,0
10,-90,1.777,26,325495,31,418,357,4448,0,0,0,0,0,145,1627,6539,7639,0,0,0,0,0
10,-90,1.828,27,325551,31,418,357,4448,0,0,0,0,0,145,1627,6539,7639,0,0,0,0,0
10,-90,1.883,28,325607,31,418,357,4448,0,0,0,0,0,145,1627,6539,7639,0,0,0,0,0
10,-90,1.941,29,325663,31,418,357,4448,0,0,0,0,0,145,1627,6539,7639,0,0,0,0,0
10,-90,1.998,30,325719,31,418,357,4448,0,0,0,0,0,145,1627,6539,7639,0,0,0,0,0
10,-90,2.052,31,325775,31,418,357,4448,0,0,0,0,0,145,1627,6539,7639,0,0,0,0,0
10,-90,2.114,32,325831,31,418,357,4448,0,0,0,0,0,145,1627,6539,7639,0,0,0,0,0
10,-90,2.165,33,325887,31,418,357,4448,0,0,0,0,0,145,1627,6539,7639,0,0,0,0,0
10,-90,2.223,34,325943,31,418,357,4448,0,0,0,0,0,145,1627,6539,7639,0,0,0,0,0
10,-90,2.277,35,325999,31,418,357,4448,0,0,0,0,0,145,1627,6539,7639,0,0,0,0,0
10,-90,2.339,36,326055,31,418,357,4448,0,0,0,0,0,145,1627,6539,7639,0,0,0,0,0
10,-90,2.392,37,326111,31,418,357,4448,0,0,0,0,0,145,1627,6539,7639,0,0,0,0,0
10,-90,2.445,38,326167,31,418,357,4448,0,0,0,0,0,145,1627,6539,7639,0,0,0,0,0
10,-90,2.5,39,326223,31,418,357,4448,0,0,0,0,0,145,1627,6539,7639,0,0,0,0,0
10,-90,2.555,40,326279,31,418,357,4448,0,0,0,0,0,145,1627,6539,7639,0,0,0,0,0
10,-90,2.619,41,326335,31,418,357,4448,0,0,0,0,0,145,1627,6539,7639,0,0,0,0,0
10,-90,2.671,42,326391,31,418,357,4448,0,0,0,0,0,145,1627,6539,7639,0,0,0,0,0
10,-90,2.722,43,326447,31,418,357,4448,0,0,0,0,0,145,1627,6539,7639,0,0,0,0,0
10,-90,2.779,44,326503,31,418,357,4448,0,0,0,0,0,145,1627,6539,7639,0,0,0,0,0
10,-90,2.834,45,326559,31,418,357,4448,0,0,0,0,0,145,1627,6539,7639,0,0,0,0,0
10,-90,2.89,46,326615,31,418,357,4448,0,0,0,0,0,145,1627,6539,7639,0,0,0,0,0
10,-90,2.946,47,326671,31,418,357,4448,0,0,0,0,0,145,1627,6539,7639,0,0,0,0,0
10,-90,3.006,48,326727,31,418,357,4448,0,0,0,0,0,145,1627,6539,7639,0,0,0,0,0
10,-90,3.058,49,326783,31,418,357,4448,0,0,0,0,0,145,1627,6539,7639,0,0,0,0,0
10,-90,3.114,50,326839,31,418,357,4448,0,0,0,0,0,145,1627,6539,7639,0,0,0,0,0
10,-90,3.177,51,326895,31,418,357,4448,0,0,0,0,0,145,1627,6539,7639,0,0,0,0,0
10,-90,3.228,52,326951,31,418,357,4448,0,0,0,0,0,145,1627,6539,7639,0,0,0,0,0
10,-90,3.285,53,327007,31,418,357,4448,0,0,0,0,0,145,1627,6539,7639,0,0,0,0,0
10,-90,3.342,54,327063,31,418,357,4448,0,0,0,0,0,145,1627,6539,7639,0,0,0,0,0
10,-90,3.396,55,327119,31,418,357,4448,0,0,0,0,0,145,1627,6539,7639,0,0,0,0,0
10,-90,3.452,56,327175,31,418,357,4448,0,0,0,0,0,145,1627,6539,7639,0,0,0,0,0
10,-90,3.507,57,327231,31,418,357,4448,0,0,0,0,0,145,1627,6539,7639,0,0,0,0,0
10,-90,3.562,58,327287,31,418,357,4448,0,0,0,0,0,145,1627,6539,7639,0,0,0,0,0
10,-90,3.619,59,327343,31,418,357,4448,0,0,0,0,0,145,1627,6539,7639,0,0,0,0,0
10,-90,3.691,60,327399,31,418,357,4448,0,0,0,0,0,145,1627,6539,7639,0,0,0,0,0
10,-90,3.73,61,327455,31,418,357,4448,0,0,0,0,0,145,1627,6539,7639,0,0,0,0,0
10,-90,3.805,62,327511,31,418,357,4448,0,0,0,0,0,145,1627,6539,7639,0,0,0,0,0
10,-90,3.843,63,327567,31,418,357,4448,0,0,0,0,0,145,1627,6539,7639,0,0,0,0,0
10,-90,3.898,64,327623,31,418,357,4448,0,0,0,0,0,145,1627,6539,7639,0,0,0,0,0
10,-90,3.959,65,327679,31,418,357,4448,0,0,0,0,0,145,1627,6539,7639,0,0,0,0,0
10,-90,4.01,66,327735,31,418,357,4448,0,0,0,0,0,145,1627,6539,7639,0,0,0,0,0
10,-90,4.067,67,327791,31,418,357,4448,0,0,0,0,0,145,1627,6539,7639,0,0,0,0,0
10,-90,4.131,68,327847,31,418,357,4448,0,0,0,0,0,145,1627,6539,7639,0,0,0,0,0
10,-90,4.182,69,327903,31,418,357,4448,0,0,0,0,0,145,1627,6539,7639,0,0,0,0,0
10,-90,4.234,70,327959,31,418,357,4448,0,0,0,0,0,145,1627,6539,7639,0,0,0,0,0
10,-90,4.289,71,328015,31,418,357,4448,0,0,0,0,0,145,1627,6539,7639,0,0,0,0,0
11,180,-0.045,123,330927,31,418,357,4448,0,0,0,0,0,145,1627,6539,7639,0,0,0,0,0
11,180,-0.002,124,330983,31,418,357,4448,0,0,0,0,0,145,1627,6539,7639,0,0,0,0,0
11,180,0.077,125,331045,31,418,357,4448,0,0,0,0,0,146,1629,6539,7639,-300,300,0,0,0
11,180,0.119,126,331099,31,418,357,4460,0,0,0,0,20,147,1631,6539,7642,-600,500,0,0,0
11,180,0.2,127,331165,31,419,358,4594,0,0,0,0,36,150,1634,6539,7675,-1000,1100,0,0,0
11,180,0.323,0,331219,31,419,359,4727,0,0,0,-6,36,151,1636,6528,7697,-1300,1600,0,0,0
11,180,0.323,1,331285,31,420,360,5225,0,0,0,-56,102,151,1639,6483,7775,-2100,2100,0,0,0
11,180,0.364,2,331339,31,421,360,5706,0,0,0,-102,128,151,1641,6436,7847,-2600,2500,0,0,0
11,180,0.426,3,331405,31,422,362,6749,0,0,0,-138,181,151,1644,6325,7994,-3100,2800,0,0,0
11,180,0.476,4,331459,31,422,362,7639,0,0,0,-174,190,151,1646,6219,8108,-3200,3000,0,0,0
11,180,0.558,5,331525,31,422,363,9236,0,0,0,-230,236,151,1649,6030,8314,-3200,2800,0,0,0
11,180,0.611,6,331579,31,422,363,10324,0,0,0,-220,230,151,1651,5900,8453,-3000,2600,0,0,0
11,180,0.661,7,331644,31,422,363,11876,0,0,0,-210,204,151,1654,5705,8642,-2800,2400,0,0,0
11,180,0.732,8,331699,31,422,362,12883,0,0,0,-200,200,151,1656,5578,8764,-2700,2300,0,0,0
11,180,0.784,9,331765,31,422,362,14266,0,0,0,-184,181,151,1659,5405,8933,-2500,2200,0,0,0
11,180,0.872,10,331819,31,422,362,15156,0,0,0,-184,164,151,1661,5294,9042,-2700,2300,0,0,0
11,180,0.917,11,331885,31,422,362,16523,0,0,0,-190,190,151,1664,5125,9211,-2700,2400,0,0,0
11,180,0.962,12,331939,31,422,362,17420,0,0,0,-171,200,151,1666,5017,9325,-2600,2300,0,0,0
11,180,1.021,13,332005,31,422,362,18767,0,0,0,-171,180,151,1669,4853,9494,-2300,1900,0,0,0
11,180,1.075,14,332059,31,422,362,19560,0,0,0,-164,164,151,1671,4755,9592,-2000,1600,0,0,0
11,180,1.185,15,332125,31,422,362,20611,0,0,0,-138,138,151,1674,4625,9722,-1600,1100,0,0,0
11,180,1.216,16,332179,31,422,362,21129,0,0,0,-102,92,151,1676,4561,9786,-1300,900,0,0,0
11,180,1.263,17,332245,31,421,362,21747,0,0,0,-62,72,151,1679,4486,9864,-900,500,0,0,0
11,180,1.315,18,332299,31,421,362,22006,0,0,0,-46,46,151,1681,4455,9897,-600,300,0,0,0
11,180,1.382,19,332365,31,421,362,22285,0,0,0,-26,36,151,1684,4422,9933,-500,0,0,0,0
11,180,1.435,20,332419,31,421,362,22317,0,0,0,-8,0,152,1686,4417,9936,-400,0,0,0,0
11,180,1.501,21,332484,31,421,362,22362,0,0,0,-8,36,155,1689,4417,9947,-500,300,0,0,0
11,180,1.556,22,332539,31,421,362,22406,0,0,0,-8,16,157,1691,4417,9958,-500,300,0,0,0
11,180,1.636,23,332620,31,421,361,22431,0,0,0,0,0,158,1695,4417,9964,0,0,0,0,0
11,180,1.699,24,332675,31,421,361,22431,0,0,0,0,0,158,1695,4417,9964,0,0,0,0,0
11,180,1.749,25,332731,31,421,361,22431,0,0,0,0,0,158,1695,4417,9964,0,0,0,0,0
11,180,1.804,26,332787,31,421,361,22431,0,0,0,0,0,158,1695,4417,9964,0,0,0,0,0
11,180,1.868,27,332843,31,421,361,22431,0,0,0,0,0,158,1695,4417,9964,0,0,0,0,0
11,180,1.919,28,332899,31,421,361,22431,0,0,0,0,0,158,1695,4417,9964,0,0,0,0,0
11,180,1.972,29,332955,31,421,361,22431,0,0,0,0,0,158,1695,4417,9964,0,0,0,0,0
11,180,2.032,30,333011,31,421,361,22431,0,0,0,0,0,158,1695,4417,9964,0,0,0,0,0
11,180,2.083,31,333067,31,421,361,22431,0,0,0,0,0,158,1695,4417,9964,0,0,0,0,0
11,180,2.145,32,333123,31,421,361,22431,0,0,0,0,0,158,1695,4417,9964,0,0,0,0,0
11,180,2.198,33,333179,31,421,361,22431,0,0,0,0,0,158,1695,4417,9964,0,0,0,0,0
11,180,2.25,34,333235,31,421,361,22431,0,0,0,0,0,158,1695,4417,9964,0,0,0,0,0
11,180,2.307,35,333291,31,421,361,22431,0,0,0,0,0,158,1695,4417,9964,0,0,0,0,0
11,180,2.363,36,333347,31,421,361,22431,0,0,0,0,0,158,1695,4417,9964,0,0,0,0,0
11,180,2.419,37,333403,31,421,361,22431,0,0,0,0,0,158,1695,4417,9964,0,0,0,0,0
11,180,2.475,38,333459,31,421,361,22431,0,0,0,0,0,158,1695,4417,9964,0,0,0,0,0
11,180,2.536,39,333515,31,421,361,22431,0,0,0,0,0,158,1695,4417,9964,0,0,0,0,0
11,180,2.602,40,333571,31,421,361,22431,0,0,0,0,0,158,1695,4417,9964,0,0,0,0,0
11,180,2.653,41,333627,31,421,361,22431,0,0,0,0,0,158,1695,4417,9964,0,0,0,0,0
11,180,2.714,42,333683,31,421,361,22431,0,0,0,0,0,158,1695,4417,9964,0,0,0,0,0
11,180,2.78,43,333739,31,421,361,22431,0,0,0,0,0,158,1695,4417,9964,0,0,0,0,0
11,180,2.811,44,333795,31,421,361,22431,0,0,0,0,0,158,1695,4417,9964,0,0,0,0,0
11,180,2.873,45,333851,31,421,361,22431,0,0,0,0,0,158,1695,4417,9964,0,0,0,0,0
11,180,2.93,46,333907,31,421,361,22431,0,0,0,0,0,158,1695,4417,9964,0,0,0,0,0
11,180,2.978,47,333963,31,421,361,22431,0,0,0,0,0,158,1695,4417,9964,0,0,0,0,0
11,180,3.035,48,334019,31,421,361,22431,0,0,0,0,0,158,1695,4417,9964,0,0,0,0,0
11,180,3.094,49,334075,31,421,361,22431,0,0,0,0,0,158,1695,4417,9964,0,0,0,0,0
11,180,3.156,50,334131,31,421,361,22431,0,0,0,0,0,158,1695,4417,9964,0,0,0,0,0
11,180,3.205,51,334187,31,421,361,22431,0,0,0,0,0,158,1695,4417,9964,0,0,0,0,0
11,180,3.271,52,334243,31,421,361,22431,0,0,0,0,0,158,1695,4417,9964,0,0,0,0,0
11,180,3.316,53,334299,31,421,361,22431,0,0,0,0,0,158,1695,4417,9964,0,0,0,0,0
11,180,3.378,54,334355,31,421,361,22431,0,0,0,0,0,158,1695,4417,9964,0,0,0,0,0
11,180,3.426,55,334411,31,421,361,22431,0,0,0,0,0,158,1695,4417,9964,0,0,0,0,0
11,180,3.483,56,334467,31,421,361,22431,0,0,0,0,0,158,1695,4417,9964,0,0,0,0,0
11,180,3.539,57,334523,31,421,361,22431,0,0,0,0,0,158,1695,4417,9964,0,0,0,0,0
11,180,3.604,58,334579,31,421,361,22431,0,0,0,0,0,158,1695,4417,9964,0,0,0,0,0
11,180,3.65,59,334635,31,421,361,22431,0,0,0,0,0,158,1695,4417,9964,0,0,0,0,0
11,180,3.721,60,334691,31,421,361,22431,0,0,0,0,0,158,1695,4417,9964,0,0,0,0,0
11,180,3.762,61,334747,31,421,361,22431,0,0,0,0,0,158,1695,4417,9964,0,0,0,0,0
11,180,3.819,62,334803,31,421,361,22431,0,0,0,0,0,158,1695,4417,9964,0,0,0,0,0
11,180,3.875,63,334859,31,421,361,22431,0,0,0,0,0,158,1695,4417,9964,0,0,0,0,0
11,180,3.93,64,334915,31,421,361,22431,0,0,0,0,0,158,1695,4417,9964,0,0,0,0,0
11,180,3.999,65,334971,31,421,361,22431,0,0,0,0,0,158,1695,4417,9964,0,0,0,0,0
11,180,4.043,66,335027,31,421,361,22431,0,0,0,0,0,158,1695,4417,9964,0,0,0,0,0
11,180,4.102,67,335083,31,421,361,22431,0,0,0,0,0,158,1695,4417,9964,0,0,0,0,0
11,180,4.155,68,335139,31,421,361,22431,0,0,0,0,0,158,1695,4417,9964,0,0,0,0,0
11,180,4.216,69,335195,31,421,361,22431,0,0,0,0,0,158,1695,4417,9964,0,0,0,0,0
11,180,4.266,70,335251,31,421,361,22431,0,0,0,0,0,158,1695,4417,9964,0,0,0,0,0
11,180,4.324,71,335307,31,421,361,22431,0,0,0,0,0,158,1695,4417,9964,0,0,0,0,0
11,180,4.378,72,335363,31,421,361,22431,0,0,0,0,0,158,1695,4417,9964,0,0,0,0,0
11,180,4.448,73,335419,31,421,361,22431,0,0,0,0,0,158,1695,4417,9964,0,0,0,0,0
11,180,4.492,74,335475,31,421,361,22431,0,0,0,0,0,158,1695,4417,9964,0,0,0,0,0
12,-180,-0.024,125,338331,31,421,361,22431,0,0,0,0,0,158,1695,4417,9964,0,0,0,0,0
12,-180,0.032,126,338388,31,421,361,22431,0,0,0,0,0,158,1696,4417,9964,0,0,0,0,0
12,-180,0.101,127,338441,31,421,362,22419,0,0,0,0,-10,158,1698,4417,9961,400,-400,0,0,0
12,-180,0.144,0,338495,31,421,362,22362,0,0,0,0,-26,160,1700,4417,9947,700,-700,0,0,0
12,-180,0.206,1,338561,31,422,362,22216,0,0,0,5,-38,162,1703,4425,9919,1200,-1300,0,0,0
12,-180,0.261,2,338615,31,422,363,21958,0,0,0,56,-75,162,1705,4450,9880,1700,-1700,0,0,0
12,-180,0.327,3,338681,31,423,364,21367,0,0,0,82,-98,162,1708,4508,9792,2300,-2200,0,0,0
12,-180,0.394,4,338735,31,424,364,20692,0,0,0,128,-174,162,1710,4583,9700,2700,-2500,0,0,0
12,-180,0.448,5,338801,31,424,364,19499,0,0,0,174,-174,162,1713,4728,9550,3000,-2800,0,0,0
12,-180,0.509,6,338855,31,424,364,18524,0,0,0,190,-210,162,1715,4844,9425,3100,-2800,0,0,0
12,-180,0.567,7,338921,31,424,364,16972,0,0,0,220,-200,162,1718,5039,9236,3000,-2600,0,0,0
12,-180,0.622,8,338975,31,424,364,15896,0,0,0,210,-200,162,1720,5172,9103,2700,-2400,0,0,0
12,-180,0.686,9,339040,31,424,364,14367,0,0,0,210,-210,162,1723,5358,8911,2700,-2300,0,0,0
12,-180,0.741,10,339095,31,424,364,13421,0,0,0,200,-184,162,1725,5478,8797,2600,-2200,0,0,0
12,-180,0.806,11,339160,31,424,364,12075,0,0,0,180,-184,162,1728,5644,8630,2600,-2200,0,0,0
12,-180,0.868,12,339215,31,424,364,11153,0,0,0,190,-184,162,1730,5761,8519,2500,-2200,0,0,0
12,-180,0.942,13,339281,31,424,364,9762,0,0,0,190,-184,162,1733,5930,8344,2600,-2300,0,0,0
12,-180,0.986,14,339335,31,424,364,8860,0,0,0,184,-184,162,1735,6039,8230,2500,-2100,0,0,0
12,-180,1.049,15,339401,31,424,364,7558,0,0,0,164,-164,162,1738,6200,8069,2000,-1600,0,0,0
12,-180,1.104,16,339455,31,424,364,6798,0,0,0,164,-145,162,1740,6294,7975,1700,-1200,0,0,0
12,-180,1.168,17,339520,31,424,364,5900,0,0,0,108,-108,162,1743,6405,7864,1200,-900,0,0,0
12,-180,1.226,18,339575,31,424,364,5447,0,0,0,92,-92,163,1745,6461,7808,1100,-600,0,0,0
12,-180,1.291,19,339640,31,424,364,5010,0,0,0,62,-36,163,1748,6519,7758,700,-300,0,0,0
12,-180,1.341,20,339695,31,424,364,4840,0,0,0,36,-36,163,1750,6539,7736,700,-300,0,0,0
12,-180,1.41,21,339760,31,424,364,4650,0,0,0,30,-16,163,1753,6564,7714,600,-300,0,0,0
12,-180,1.461,22,339815,31,424,364,4594,0,0,0,10,-16,164,1755,6567,7703,700,-300,0,0,0
12,-180,1.527,23,339880,31,424,364,4480,0,0,0,5,-20,165,1758,6575,7683,700,-300,0,0,0
12,-180,1.584,24,339935,31,423,363,4424,0,0,0,10,-20,166,1760,6578,7672,0,0,0,0,0
12,-180,1.663,25,340016,31,423,363,4412,0,0,0,0,0,166,1764,6578,7669,0,0,0,0,0
12,-180,1.719,26,340071,31,423,363,4412,0,0,0,0,0,166,1764,6578,7669,0,0,0,0,0
12,-180,1.776,27,340127,31,423,363,4412,0,0,0,0,0,166,1764,6578,7669,0,0,0,0,0
12,-180,1.829,28,340183,31,423,363,4412,0,0,0,0,0,166,1764,6578,7669,0,0,0,0,0
12,-180,1.898,29,340240,31,423,363,4412,0,0,0,0,0,166,1764,6578,7669,0,0,0,0,0
12,-180,1.941,30,340295,31,423,363,4412,0,0,0,0,0,166,1764,6578,7669,0,0,0,0,0
12,-180,1.995,31,340351,31,423,363,4412,0,0,0,0,0,166,1764,6578,7669,0,0,0,0,0
12,-180,2.067,32,340407,31,423,363,4412,0,0,0,0,0,166,1764,6578,7669,0,0,0,0,0
12,-180,2.114,33,340463,31,423,363,4412,0,0,0,0,0,166,1764,6578,7669,0,0,0,0,0
12,-180,2.168,34,340519,31,423,363,4412,0,0,0,0,0,166,1764,6578,7669,0,0,0,0,0
12,-180,2.22,35,340575,31,423,363,4412,0,0,0,0,0,166,1764,6578,7669,0,0,0,0,0
12,-180,2.279,36,340631,31,423,363,4412,0,0,0,0,0,166,1764,6578,7669,0,0,0,0,0
12,-180,2.331,37,340687,31,423,363,4412,0,0,0,0,0,166,1764,6578,7669,0,0,0,0,0
12,-180,2.388,38,340743,31,423,363,4412,0,0,0,0,0,166,1764,6578,7669,0,0,0,0,0
12,-180,2.446,39,340799,31,423,363,4412,0,0,0,0,0,166,1764,6578,7669,0,0,0,0,0
12,-180,2.504,40,340855,31,423,363,4412,0,0,0,0,0,166,1764,6578,7669,0,0,0,0,0
12,-180,2.56,41,340911,31,423,363,4412,0,0,0,0,0,166,1764,6578,7669,0,0,0,0,0
12,-180,2.614,42,340967,31,423,363,4412,0,0,0,0,0,166,1764,6578,7669,0,0,0,0,0
12,-180,2.67,43,341023,31,423,363,4412,0,0,0,0,0,166,1764,6578,7669,0,0,0,0,0
12,-180,2.729,44,341079,31,423,363,4412,0,0,0,0,0,166,1764,6578,7669,0,0,0,0,0
12,-180,2.783,45,341135,31,423,363,4412,0,0,0,0,0,166,1764,6578,7669,0,0,0,0,0
12,-180,2.836,46,341191,31,423,363,4412,0,0,0,0,0,166,1764,6578,7669,0,0,0,0,0
12,-180,2.892,47,341247,31,423,363,4412,0,0,0,0,0,166,1764,6578,7669,0,0,0,0,0
12,-180,2.948,48,341303,31,423,363,4412,0,0,0,0,0,166,1764,6578,7669,0,0,0,0,0
12,-180,3.005,49,341359,31,423,363,4412,0,0,0,0,0,166,1764,6578,7669,0,0,0,0,0
12,-180,3.063,50,341415,31,423,363,4412,0,0,0,0,0,166,1764,6578,7669,0,0,0,0,0
12,-180,3.124,51,341471,31,423,363,4412,0,0,0,0,0,166,1764,6578,7669,0,0,0,0,0
12,-180,3.173,52,341527,31,423,363,4412,0,0,0,0,0,166,1764,6578,7669,0,0,0,0,0
12,-180,3.229,53,341583,31,423,363,4412,0,0,0,0,0,166,1764,6578,7669,0,0,0,0,0
12,-180,3.287,54,341639,31,423,363,4412,0,0,0,0,0,166,1764,6578,7669,0,0,0,0,0
12,-180,3.341,55,341695,31,423,363,4412,0,0,0,0,0,166,1764,6578,7669,0,0,0,0,0
12,-180,3.401,56,341751,31,423,363,4412,0,0,0,0,0,166,1764,6578,7669,0,0,0,0,0
12,-180,3.457,57,341807,31,423,363,4412,0,0,0,0,0,166,1764,6578,7669,0,0,0,0,0
12,-180,3.513,58,341863,31,423,363,4412,0,0,0,0,0,166,1764,6578,7669,0,0,0,0,0
12,-180,3.564,59,341919,31,423,363,4412,0,0,0,0,0,166,1764,6578,7669,0,0,0,0,0
12,-180,3.622,60,341975,31,423,363,4412,0,0,0,0,0,166,1764,6578,7669,0,0,0,0,0
12,-180,3.683,61,342031,31,423,363,4412,0,0,0,0,0,166,1764,6578,7669,0,0,0,0,0
12,-180,3.736,62,342087,31,423,363,4412,0,0,0,0,0,166,1764,6578,7669,0,0,0,0,0
12,-180,3.79,63,342143,31,423,363,4412,0,0,0,0,0,166,1764,6578,7669,0,0,0,0,0
12,-180,3.848,64,342199,31,423,363,4412,0,0,0,0,0,166,1764,6578,7669,0,0,0,0,0
12,-180,3.902,65,342255,31,423,363,4412,0,0,0,0,0,166,1764,6578,7669,0,0,0,0,0
12,-180,3.956,66,342311,31,423,363,4412,0,0,0,0,0,166,1764,6578,7669,0,0,0,0,0
12,-180,4.012,67,342367,31,423,363,4412,0,0,0,0,0,166,1764,6578,7669,0,0,0,0,0
12,-180,4.072,68,342423,31,423,363,4412,0,0,0,0,0,166,1764,6578,7669,0,0,0,0,0
12,-180,4.127,69,342479,31,423,363,4412,0,0,0,0,0,166,1764,6578,7669,0,0,0,0,0
12,-180,4.194,70,342535,31,423,363,4412,0,0,0,0,0,166,1764,6578,7669,0,0,0,0,0
12,-180,4.235,71,342591,31,423,363,4412,0,0,0,0,0,166,1764,6578,7669,0,0,0,0,0
12,-180,4.292,72,342647,31,423,363,4412,0,0,0,0,0,166,1764,6578,7669,0,0,0,0,0
12,-180,4.348,73,342703,31,423,363,4412,0,0,0,0,0,166,1764,6578,7669,0,0,0,0,0
12,-180,4.404,74,342759,31,423,363,4412,0,0,0,0,0,166,1764,6578,7669,0,0,0,0,0
12,-180,4.462,75,342815,31,423,363,4412,0,0,0,0,0,166,1764,6578,7669,0,0,0,0,0
12,-180,4.527,76,342871,31,423,363,4412,0,0,0,0,0,166,1764,6578,7669,0,0,0,0,0
12,-180,4.571,77,342927,31,423,363,4412,0,0,0,0,0,166,1764,6578,7669,0,0,0,0,0
12,-180,4.627,78,342983,31,423,363,4412,0,0,0,0,0,166,1764,6578,7669,0,0,0,0,0
12,-180,4.695,79,343039,31,423,363,4412,0,0,0,0,0,166,1764,6578,7669,0,0,0,0,0
12,-180,4.739,80,343095,31,423,363,4412,0,0,0,0,0,166,1764,6578,7669,0,0,0,0,0
12,-180,4.797,81,343151,31,423,363,4412,0,0,0,0,0,166,1764,6578,7669,0,0,0,0,0
12,-180,4.856,82,343207,31,423,363,4412,0,0,0,0,0,166,1764,6578,7669,0,0,0,0,0
13,-90,-0.019,4,346007,31,423,363,4412,0,0,0,0,0,166,1764,6578,7669,0,0,0,0,0
13,-90,0.038,5,346072,31,423,363,4412,0,0,0,0,0,166,1765,6578,7669,0,0,0,0,0
13,-90,0.091,6,346125,31,423,363,4412,0,0,0,0,0,166,1767,6578,7669,400,-400,0,0,0
13,-90,0.146,7,346179,31,423,363,4347,0,0,0,0,-36,168,1769,6578,7653,700,-800,0,0,0
13,-90,0.214,8,346245,31,422,362,4169,0,0,0,5,-62,170,1772,6586,7617,1200,-1400,0,0,0
13,-90,0.27,9,346299,31,421,361,3918,0,0,0,36,-92,170,1774,6600,7569,1700,-1700,0,0,0
13,-90,0.346,10,346365,31,420,360,3223,0,0,0,92,-128,170,1777,6667,7464,2300,-2100,0,0,0
13,-90,0.386,11,346419,31,419,360,2560,0,0,0,138,-154,170,1779,6742,7375,2700,-2300,0,0,0
13,-90,0.458,12,346485,31,419,360,1314,0,0,0,184,-181,170,1782,6889,7214,3000,-2600,0,0,0
13,-90,0.51,13,346539,31,418,360,372,0,0,0,184,-200,170,1784,7000,7092,3000,-2600,0,0,0
13,-90,0.573,14,346605,31,418,360,-1157,0,0,0,200,-200,170,1787,7189,6903,2500,-2000,0,0,0
13,-90,0.632,15,346659,31,419,360,-2074,0,0,0,171,-180,170,1789,7305,6792,2000,-1500,0,0,0
13,-90,0.695,16,346725,31,419,360,-3223,0,0,0,148,-128,170,1792,7450,6653,1300,-900,0,0,0
13,-90,0.746,17,346779,31,419,360,-3777,0,0,0,102,-92,170,1794,7517,6583,1000,-500,0,0,0
13,-90,0.818,18,346844,31,419,360,-4278,0,0,0,72,-56,170,1797,7583,6525,700,-300,0,0,0
13,-90,0.868,19,346899,31,419,360,-4517,0,0,0,36,-46,170,1799,7611,6494,0,0,0,0,0
13,-90,0.95,20,346980,31,419,359,-4549,0,0,0,0,0,170,1803,7617,6492,0,0,0,0,0
13,-90,1.004,21,347035,31,419,359,-4549,0,0,0,0,0,170,1803,7617,6492,0,0,0,0,0
13,-90,1.056,22,347091,31,419,359,-4549,0,0,0,0,0,170,1803,7617,6492,0,0,0,0,0
13,-90,1.112,23,347147,31,419,359,-4549,0,0,0,0,0,170,1803,7617,6492,0,0,0,0,0
13,-90,1.174,24,347203,31,419,359,-4549,0,0,0,0,0,170,1803,7617,6492,0,0,0,0,0
13,-90,1.227,25,347259,31,419,359,-4549,0,0,0,0,0,170,1803,7617,6492,0,0,0,0,0
13,-90,1.285,26,347315,31,419,359,-4549,0,0,0,0,0,170,1803,7617,6492,0,0,0,0,0
13,-90,1.339,27,347371,31,419,359,-4549,0,0,0,0,0,170,1803,7617,6492,0,0,0,0,0
13,-90,1.402,28,347427,31,419,359,-4549,0,0,0,0,0,170,1803,7617,6492,0,0,0,0,0
13,-90,1.554,29,347483,31,419,359,-4549,0,0,0,0,0,170,1803,7617,6492,0,0,0,0,0
13,-90,1.554,30,347539,31,419,359,-4549,0,0,0,0,0,170,1803,7617,6492,0,0,0,0,0
13,-90,1.564,31,347595,31,419,359,-4549,0,0,0,0,0,170,1803,7617,6492,0,0,0,0,0
13,-90,1.617,32,347651,31,419,359,-4549,0,0,0,0,0,170,1803,7617,6492,0,0,0,0,0
13,-90,1.673,33,347707,31,419,359,-4549,0,0,0,0,0,170,1803,7617,6492,0,0,0,0,0
13,-90,1.732,34,347763,31,419,359,-4549,0,0,0,0,0,170,1803,7617,6492,0,0,0,0,0
13,-90,1.788,35,347819,31,419,359,-4549,0,0,0,0,0,170,1803,7617,6492,0,0,0,0,0
13,-90,1.842,36,347875,31,419,359,-4549,0,0,0,0,0,170,1803,7617,6492,0,0,0,0,0
13,-90,1.906,37,347931,31,419,359,-4549,0,0,0,0,0,170,1803,7617,6492,0,0,0,0,0
13,-90,1.964,38,347987,31,419,359,-4549,0,0,0,0,0,170,1803,7617,6492,0,0,0,0,0
13,-90,2.012,39,348043,31,419,359,-4549,0,0,0,0,0,170,1803,7617,6492,0,0,0,0,0
13,-90,2.076,40,348099,31,419,359,-4549,0,0,0,0,0,170,1803,7617,6492,0,0,0,0,0
13,-90,2.121,41,348155,31,419,359,-4549,0,0,0,0,0,170,1803,7617,6492,0,0,0,0,0
13,-90,2.178,42,348211,31,419,359,-4549,0,0,0,0,0,170,1803,7617,6492,0,0,0,0,0
13,-90,2.235,43,348267,31,419,359,-4549,0,0,0,0,0,170,1803,7617,6492,0,0,0,0,0
13,-90,2.289,44,348323,31,419,359,-4549,0,0,0,0,0,170,1803,7617,6492,0,0,0,0,0
13,-90,2.346,45,348379,31,419,359,-4549,0,0,0,0,0,170,1803,7617,6492,0,0,0,0,0
13,-90,2.405,46,348435,31,419,359,-4549,0,0,0,0,0,170,1803,7617,6492,0,0,0,0,0
13,-90,2.456,47,348491,31,419,359,-4549,0,0,0,0,0,170,1803,7617,6492,0,0,0,0,0
13,-90,2.514,48,348547,31,419,359,-4549,0,0,0,0,0,170,1803,7617,6492,0,0,0,0,0
13,-90,2.578,49,348603,31,419,359,-4549,0,0,0,0,0,170,1803,7617,6492,0,0,0,0,0
13,-90,2.627,50,348659,31,419,359,-4549,0,0,0,0,0,170,1803,7617,6492,0,0,0,0,0
13,-90,2.682,51,348715,31,419,359,-4549,0,0,0,0,0,170,1803,7617,6492,0,0,0,0,0
13,-90,2.741,52,348771,31,419,359,-4549,0,0,0,0,0,170,1803,7617,6492,0,0,0,0,0
13,-90,2.793,53,348827,31,419,359,-4549,0,0,0,0,0,170,1803,7617,6492,0,0,0,0,0
13,-90,2.85,54,348883,31,419,359,-4549,0,0,0,0,0,170,1803,7617,6492,0,0,0,0,0
13,-90,2.904,55,348939,31,419,359,-4549,0,0,0,0,0,170,1803,7617,6492,0,0,0,0,0
13,-90,2.968,56,348995,31,419,359,-4549,0,0,0,0,0,170,1803,7617,6492,0,0,0,0,0
13,-90,3.019,57,349051,31,419,359,-4549,0,0,0,0,0,170,1803,7617,6492,0,0,0,0,0
13,-90,3.072,58,349107,31,419,359,-4549,0,0,0,0,0,170,1803,7617,6492,0,0,0,0,0
13,-90,3.128,59,349163,31,419,359,-4549,0,0,0,0,0,170,1803,7617,6492,0,0,0,0,0
13,-90,3.19,60,349219,31,419,359,-4549,0,0,0,0,0,170,1803,7617,6492,0,0,0,0,0
13,-90,3.242,61,349275,31,419,359,-4549,0,0,0,0,0,170,1803,7617,6492,0,0,0,0,0
13,-90,3.304,62,349331,31,419,359,-4549,0,0,0,0,0,170,1803,7617,6492,0,0,0,0,0
13,-90,3.362,63,349387,31,419,359,-4549,0,0,0,0,0,170,1803,7617,6492,0,0,0,0,0
13,-90,3.41,64,349443,31,419,359,-4549,0,0,0,0,0,170,1803,7617,6492,0,0,0,0,0
13,-90,3.491,65,349499,31,419,359,-4549,0,0,0,0,0,170,1803,7617,6492,0,0,0,0,0
13,-90,3.52,66,349555,31,419,359,-4549,0,0,0,0,0,170,1803,7617,6492,0,0,0,0,0
13,-90,3.577,67,349611,31,419,359,-4549,0,0,0,0,0,170,1803,7617,6492,0,0,0,0,0
13,-90,3.634,68,349667,31,419,359,-4549,0,0,0,0,0,170,1803,7617,6492,0,0,0,0,0
13,-90,3.689,69,349723,31,419,359,-4549,0,0,0,0,0,170,1803,7617,6492,0,0,0,0,0
13,-90,3.746,70,349779,31,419,359,-4549,0,0,0,0,0,170,1803,7617,6492,0,0,0,0,0
13,-90,3.804,71,349835,31,419,359,-4549,0,0,0,0,0,170,1803,7617,6492,0,0,0,0,0
13,-90,3.856,72,349891,31,419,359,-4549,0,0,0,0,0,170,1803,7617,6492,0,0,0,0,0
13,-90,3.913,73,349947,31,419,359,-4549,0,0,0,0,0,170,1803,7617,6492,0,0,0,0,0
13,-90,3.972,74,350003,31,419,359,-4549,0,0,0,0,0,170,1803,7617,6492,0,0,0,0,0
13,-90,4.032,75,350059,31,419,359,-4549,0,0,0,0,0,170,1803,7617,6492,0,0,0,0,0
13,-90,4.081,76,350115,31,419,359,-4549,0,0,0,0,0,170,1803,7617,6492,0,0,0,0,0
14,90,-0.046,126,352915,31,419,359,-4549,0,0,0,0,0,170,1803,7617,6492,0,0,0,0,0
14,90,-0.017,127,352971,31,419,359,-4549,0,0,0,0,0,170,1803,7617,6492,0,0,0,0,0
14,90,0.097,0,353028,31,419,359,-4549,0,0,0,0,0,170,1804,7617,6492,0,0,0,0,0
14,90,0.097,1,353081,31,419,359,-4529,0,0,0,0,16,170,1806,7617,6497,-400,400,0,0,0
14,90,0.141,2,353135,31,419,359,-4485,0,0,0,0,16,172,1808,7617,6508,-700,700,0,0,0
14,90,0.206,3,353201,31,420,359,-4323,0,0,0,-20,46,173,1811,7605,6536,-1300,1400,0,0,0
14,90,0.271,4,353255,31,421,358,-4100,0,0,0,-26,72,173,1813,7589,6575,-1700,1800,0,0,0
14,90,0.343,5,353321,31,422,357,-3506,0,0,0,-72,128,173,1816,7539,6672,-2600,2300,0,0,0
14,90,0.395,6,353376,31,423,356,-2839,0,0,0,-128,164,173,1818,7469,6767,-2800,2500,0,0,0
14,90,0.445,7,353440,31,423,356,-1630,0,0,0,-181,184,173,1821,7328,6925,-3100,2700,0,0,0
14,90,0.505,8,353495,31,424,356,-615,0,0,0,-194,220,173,1823,7205,7053,-3200,2700,0,0,0
14,90,0.568,9,353561,31,424,356,930,0,0,0,-200,210,173,1826,7017,7247,-2500,2200,0,0,0
14,90,0.621,10,353615,31,424,356,1856,0,0,0,-174,194,173,1828,6905,7364,-2000,1700,0,0,0
14,90,0.688,11,353681,31,424,356,2988,0,0,0,-134,138,173,1831,6764,7503,-1400,1000,0,0,0
14,90,0.74,12,353735,31,424,356,3530,0,0,0,-112,92,173,1833,6694,7567,-1100,700,0,0,0
14,90,0.808,13,353801,31,424,356,4112,0,0,0,-56,72,173,1836,6622,7639,-700,300,0,0,0
14,90,0.86,14,353855,31,423,356,4323,0,0,0,-53,16,173,1838,6589,7658,-500,300,0,0,0
14,90,0.925,15,353920,31,423,356,4493,0,0,0,-20,0,173,1841,6569,7680,0,0,0,0,0
14,90,0.989,16,353984,31,423,356,4493,0,0,0,0,0,173,1844,6569,7680,0,0,0,0,0
14,90,1.046,17,354039,31,423,356,4493,0,0,0,0,0,173,1844,6569,7680,0,0,0,0,0
14,90,1.099,18,354095,31,423,356,4493,0,0,0,0,0,173,1844,6569,7680,0,0,0,0,0
14,90,1.162,19,354151,31,423,356,4493,0,0,0,0,0,173,1844,6569,7680,0,0,0,0,0
14,90,1.216,20,354207,31,423,356,4493,0,0,0,0,0,173,1844,6569,7680,0,0,0,0,0
14,90,1.268,21,354263,31,423,356,4493,0,0,0,0,0,173,1844,6569,7680,0,0,0,0,0
14,90,1.331,22,354319,31,423,356,4493,0,0,0,0,0,173,1844,6569,7680,0,0,0,0,0
14,90,1.387,23,354375,31,423,356,4493,0,0,0,0,0,173,1844,6569,7680,0,0,0,0,0
14,90,1.435,24,354431,31,423,356,4493,0,0,0,0,0,173,1844,6569,7680,0,0,0,0,0
14,90,1.492,25,354487,31,423,356,4493,0,0,0,0,0,173,1844,6569,7680,0,0,0,0,0
14,90,1.55,26,354543,31,423,356,4493,0,0,0,0,0,173,1844,6569,7680,0,0,0,0,0
14,90,1.611,27,354599,31,423,356,4493,0,0,0,0,0,173,1844,6569,7680,0,0,0,0,0
14,90,1.66,28,354655,31,423,356,4493,0,0,0,0,0,173,1844,6569,7680,0,0,0,0,0
14,90,1.719,29,354711,31,423,356,4493,0,0,0,0,0,173,1844,6569,7680,0,0,0,0,0
14,90,1.773,30,354767,31,423,356,4493,0,0,0,0,0,173,1844,6569,7680,0,0,0,0,0
14,90,1.83,31,354823,31,423,356,4493,0,0,0,0,0,173,1844,6569,7680,0,0,0,0,0
14,90,1.887,32,354879,31,423,356,4493,0,0,0,0,0,173,1844,6569,7680,0,0,0,0,0
14,90,1.939,33,354935,31,423,356,4493,0,0,0,0,0,173,1844,6569,7680,0,0,0,0,0
14,90,1.996,34,354991,31,423,356,4493,0,0,0,0,0,173,1844,6569,7680,0,0,0,0,0
14,90,2.052,35,355047,31,423,356,4493,0,0,0,0,0,173,1844,6569,7680,0,0,0,0,0
14,90,2.108,36,355103,31,423,356,4493,0,0,0,0,0,173,1844,6569,7680,0,0,0,0,0
14,90,2.163,37,355159,31,423,356,4493,0,0,0,0,0,173,1844,6569,7680,0,0,0,0,0
14,90,2.219,38,355215,31,423,356,4493,0,0,0,0,0,173,1844,6569,7680,0,0,0,0,0
14,90,2.276,39,355271,31,423,356,4493,0,0,0,0,0,173,1844,6569,7680,0,0,0,0,0
14,90,2.336,40,355327,31,423,356,4493,0,0,0,0,0,173,1844,6569,7680,0,0,0,0,0
14,90,2.387,41,355383,31,423,356,4493,0,0,0,0,0,173,1844,6569,7680,0,0,0,0,0
14,90,2.456,42,355439,31,423,356,4493,0,0,0,0,0,173,1844,6569,7680,0,0,0,0,0
14,90,2.502,43,355495,31,423,356,4493,0,0,0,0,0,173,1844,6569,7680,0,0,0,0,0
14,90,2.56,44,355551,31,423,356,4493,0,0,0,0,0,173,1844,6569,7680,0,0,0,0,0
14,90,2.613,45,355607,31,423,356,4493,0,0,0,0,0,173,1844,6569,7680,0,0,0,0,0
14,90,2.668,46,355663,31,423,356,4493,0,0,0,0,0,173,1844,6569,7680,0,0,0,0,0
14,90,2.732,47,355719,31,423,356,4493,0,0,0,0,0,173,1844,6569,7680,0,0,0,0,0
14,90,2.79,48,355775,31,423,356,4493,0,0,0,0,0,173,1844,6569,7680,0,0,0,0,0
14,90,2.84,49,355831,31,423,356,4493,0,0,0,0,0,173,1844,6569,7680,0,0,0,0,0
14,90,2.902,50,355887,31,423,356,4493,0,0,0,0,0,173,1844,6569,7680,0,0,0,0,0
14,90,2.954,51,355943,31,423,356,4493,0,0,0,0,0,173,1844,6569,7680,0,0,0,0,0
14,90,3.003,52,355999,31,423,356,4493,0,0,0,0,0,173,1844,6569,7680,0,0,0,0,0
14,90,3.059,53,356055,31,423,356,4493,0,0,0,0,0,173,1844,6569,7680,0,0,0,0,0
14,90,3.121,54,356111,31,423,356,4493,0,0,0,0,0,173,1844,6569,7680,0,0,0,0,0
14,90,3.175,55,356167,31,423,356,4493,0,0,0,0,0,173,1844,6569,7680,0,0,0,0,0
14,90,3.227,56,356223,31,423,356,4493,0,0,0,0,0,173,1844,6569,7680,0,0,0,0,0
14,90,3.287,57,356279,31,423,356,4493,0,0,0,0,0,173,1844,6569,7680,0,0,0,0,0
14,90,3.341,58,356335,31,423,356,4493,0,0,0,0,0,173,1844,6569,7680,0,0,0,0,0
14,90,3.404,59,356391,31,423,356,4493,0,0,0,0,0,173,1844,6569,7680,0,0,0,0,0
14,90,3.452,60,356447,31,423,356,4493,0,0,0,0,0,173,1844,6569,7680,0,0,0,0,0
14,90,3.515,61,356503,31,423,356,4493,0,0,0,0,0,173,1844,6569,7680,0,0,0,0,0
14,90,3.609,62,356559,31,423,356,4493,0,0,0,0,0,173,1844,6569,7680,0,0,0,0,0
14,90,3.619,63,356615,31,423,356,4493,0,0,0,0,0,173,1844,6569,7680,0,0,0,0,0
14,90,3.708,64,356671,31,423,356,4493,0,0,0,0,0,173,1844,6569,7680,0,0,0,0,0
14,90,3.731,65,356727,31,423,356,4493,0,0,0,0,0,173,1844,6569,7680,0,0,0,0,0
14,90,3.789,66,356783,31,423,356,4493,0,0,0,0,0,173,1844,6569,7680,0,0,0,0,0
14,90,3.846,67,356839,31,423,356,4493,0,0,0,0,0,173,1844,6569,7680,0,0,0,0,0
14,90,3.902,68,356895,31,423,356,4493,0,0,0,0,0,173,1844,6569,7680,0,0,0,0,0
14,90,3.959,69,356951,31,423,356,4493,0,0,0,0,0,173,1844,6569,7680,0,0,0,0,0
15,-180,-0.022,122,359919,31,423,356,4493,0,0,0,0,0,173,1844,6569,7680,0,0,0,0,0
15,-180,0.039,123,359976,31,423,356,4493,0,0,0,0,0,173,1845,6569,7680,0,0,0,0,0
15,-180,0.092,124,360029,31,423,356,4485,0,0,0,0,-7,173,1847,6569,7678,400,-400,0,0,0
15,-180,0.153,125,360083,31,423,355,4428,0,0,0,0,-16,175,1849,6569,7664,700,-700,0,0,0
15,-180,0.209,126,360149,31,423,355,4222,0,0,0,36,-36,175,1852,6589,7633,1300,-1300,0,0,0
15,-180,0.263,127,360203,31,422,355,4011,0,0,0,26,-62,175,1854,6608,7600,1800,-1800,0,0,0
15,-180,0.349,0,360269,31,422,354,3356,0,0,0,92,-118,175,1857,6678,7508,2400,-2300,0,0,0
15,-180,0.384,1,360323,31,421,354,2693,0,0,0,138,-148,175,1859,6753,7419,2700,-2500,0,0,0
15,-180,0.492,2,360389,31,420,353,1395,0,0,0,180,-200,175,1862,6905,7250,3100,-2800,0,0,0
15,-180,0.509,3,360443,31,420,353,417,0,0,0,191,-220,175,1864,7022,7125,3000,-2700,0,0,0
15,-180,0.57,4,360508,31,420,353,-1148,0,0,0,220,-220,175,1867,7214,6930,2900,-2600,0,0,0
15,-180,0.625,5,360563,31,420,353,-2180,0,0,0,220,-200,175,1869,7339,6800,2800,-2400,0,0,0
15,-180,0.691,6,360629,31,419,354,-3684,0,0,0,181,-210,175,1872,7519,6608,2600,-2200,0,0,0
15,-180,0.749,7,360683,31,419,354,-4626,0,0,0,181,-181,175,1874,7633,6489,2600,-2100,0,0,0
15,-180,0.82,8,360748,31,419,354,-6009,0,0,0,181,-184,175,1877,7805,6319,2600,-2100,0,0,0
15,-180,0.887,9,360803,31,419,354,-6911,0,0,0,184,-184,175,1879,7917,6208,2700,-2200,0,0,0
15,-180,0.928,10,360869,31,419,354,-8253,0,0,0,181,-181,175,1882,8083,6042,2700,-2200,0,0,0
15,-180,0.985,11,360923,31,419,354,-9163,0,0,0,181,-200,175,1884,8194,5928,2500,-2000,0,0,0
15,-180,1.049,12,360989,31,419,353,-10457,0,0,0,184,-154,175,1887,8361,5775,2000,-1600,0,0,0
15,-180,1.14,13,361043,31,419,353,-11197,0,0,0,164,-138,175,1889,8455,5686,1700,-1300,0,0,0
15,-180,1.183,14,361109,31,419,353,-12075,0,0,0,108,-92,175,1892,8572,5586,1300,-900,0,0,0
15,-180,1.226,15,361163,31,419,352,-12503,0,0,0,92,-72,175,1894,8628,5536,1000,-600,0,0,0
15,-180,1.291,16,361229,31,419,352,-12997,0,0,0,56,-46,175,1897,8689,5475,600,-300,0,0,0
15,-180,1.342,17,361283,31,419,352,-13175,0,0,0,36,-36,175,1899,8711,5453,500,-300,0,0,0
15,-180,1.44,18,361348,31,419,352,-13369,0,0,0,26,-20,175,1902,8736,5430,500,-300,0,0,0
15,-180,1.463,19,361403,31,419,352,-13437,0,0,0,10,-20,176,1904,8742,5419,400,-300,0,0,0
15,-180,1.531,20,361468,31,419,353,-13482,0,0,0,10,-20,179,1907,8742,5408,400,-300,0,0,0
15,-180,1.584,21,361523,31,419,353,-13470,0,0,0,-2,0,180,1909,8739,5408,0,0,0,0,0
15,-180,1.643,22,361580,31,419,353,-13470,0,0,0,0,0,180,1912,8739,5408,0,0,0,0,0
15,-180,1.695,23,361635,31,419,353,-13470,0,0,0,0,0,180,1912,8739,5408,0,0,0,0,0
15,-180,1.752,24,361691,31,419,353,-13470,0,0,0,0,0,180,1912,8739,5408,0,0,0,0,0
15,-180,1.812,25,361747,31,419,353,-13470,0,0,0,0,0,180,1912,8739,5408,0,0,0,0,0
15,-180,1.862,26,361803,31,419,353,-13470,0,0,0,0,0,180,1912,8739,5408,0,0,0,0,0
15,-180,1.922,27,361859,31,419,353,-13470,0,0,0,0,0,180,1912,8739,5408,0,0,0,0,0
15,-180,2.009,28,361915,31,419,353,-13470,0,0,0,0,0,180,1912,8739,5408,0,0,0,0,0
15,-180,2.034,29,361971,31,419,353,-13470,0,0,0,0,0,180,1912,8739,5408,0,0,0,0,0
15,-180,2.089,30,362027,31,419,353,-13470,0,0,0,0,0,180,1912,8739,5408,0,0,0,0,0
15,-180,2.148,31,362083,31,419,353,-13470,0,0,0,0,0,180,1912,8739,5408,0,0,0,0,0
15,-180,2.2,32,362139,31,419,353,-13470,0,0,0,0,0,180,1912,8739,5408,0,0,0,0,0
15,-180,2.257,33,362195,31,419,353,-13470,0,0,0,0,0,180,1912,8739,5408,0,0,0,0,0
15,-180,2.327,34,362251,31,419,353,-13470,0,0,0,0,0,180,1912,8739,5408,0,0,0,0,0
15,-180,2.368,35,362307,31,419,353,-13470,0,0,0,0,0,180,1912,8739,5408,0,0,0,0,0
15,-180,2.425,36,362363,31,419,353,-13470,0,0,0,0,0,180,1912,8739,5408,0,0,0,0,0
15,-180,2.478,37,362419,31,419,353,-13470,0,0,0,0,0,180,1912,8739,5408,0,0,0,0,0
15,-180,2.535,38,362475,31,419,353,-13470,0,0,0,0,0,180,1912,8739,5408,0,0,0,0,0
15,-180,2.591,39,362531,31,419,353,-13470,0,0,0,0,0,180,1912,8739,5408,0,0,0,0,0
15,-180,2.646,40,362587,31,419,353,-13470,0,0,0,0,0,180,1912,8739,5408,0,0,0,0,0
15,-180,2.71,41,362643,31,419,353,-13470,0,0,0,0,0,180,1912,8739,5408,0,0,0,0,0
15,-180,2.765,42,362699,31,419,353,-13470,0,0,0,0,0,180,1912,8739,5408,0,0,0,0,0
15,-180,2.814,43,362755,31,419,353,-13470,0,0,0,0,0,180,1912,8739,5408,0,0,0,0,0
15,-180,2.871,44,362811,31,419,353,-13470,0,0,0,0,0,180,1912,8739,5408,0,0,0,0,0
15,-180,2.929,45,362867,31,419,353,-13470,0,0,0,0,0,180,1912,8739,5408,0,0,0,0,0
15,-180,2.986,46,362923,31,419,353,-13470,0,0,0,0,0,180,1912,8739,5408,0,0,0,0,0
15,-180,3.048,47,362979,31,419,353,-13470,0,0,0,0,0,180,1912,8739,5408,0,0,0,0,0
15,-180,3.094,48,363035,31,419,353,-13470,0,0,0,0,0,180,1912,8739,5408,0,0,0,0,0
15,-180,3.15,49,363091,31,419,353,-13470,0,0,0,0,0,180,1912,8739,5408,0,0,0,0,0
15,-180,3.218,50,363147,31,419,353,-13470,0,0,0,0,0,180,1912,8739,5408,0,0,0,0,0
15,-180,3.265,51,363203,31,419,353,-13470,0,0,0,0,0,180,1912,8739,5408,0,0,0,0,0
15,-180,3.318,52,363259,31,419,353,-13470,0,0,0,0,0,180,1912,8739,5408,0,0,0,0,0
15,-180,3.376,53,363316,31,419,353,-13470,0,0,0,0,0,180,1912,8739,5408,0,0,0,0,0
15,-180,3.43,54,363371,31,419,353,-13470,0,0,0,0,0,180,1912,8739,5408,0,0,0,0,0
15,-180,3.492,55,363427,31,419,353,-13470,0,0,0,0,0,180,1912,8739,5408,0,0,0,0,0
15,-180,3.543,56,363483,31,419,353,-13470,0,0,0,0,0,180,1912,8739,5408,0,0,0,0,0
15,-180,3.605,57,363539,31,419,353,-13470,0,0,0,0,0,180,1912,8739,5408,0,0,0,0,0
15,-180,3.654,58,363595,31,419,353,-13470,0,0,0,0,0,180,1912,8739,5408,0,0,0,0,0
15,-180,3.71,59,363651,31,419,353,-13470,0,0,0,0,0,180,1912,8739,5408,0,0,0,0,0
15,-180,3.768,60,363707,31,419,353,-13470,0,0,0,0,0,180,1912,8739,5408,0,0,0,0,0
15,-180,3.828,61,363763,31,419,353,-13470,0,0,0,0,0,180,1912,8739,5408,0,0,0,0,0
15,-180,3.877,62,363819,31,419,353,-13470,0,0,0,0,0,180,1912,8739,5408,0,0,0,0,0
15,-180,3.939,63,363875,31,419,353,-13470,0,0,0,0,0,180,1912,8739,5408,0,0,0,0,0
15,-180,4.01,64,363931,31,419,353,-13470,0,0,0,0,0,180,1912,8739,5408,0,0,0,0,0
15,-180,4.049,65,363987,31,419,353,-13470,0,0,0,0,0,180,1912,8739,5408,0,0,0,0,0
15,-180,4.115,66,364043,31,419,353,-13470,0,0,0,0,0,180,1912,8739,5408,0,0,0,0,0
15,-180,4.188,67,364099,31,419,353,-13470,0,0,0,0,0,180,1912,8739,5408,0,0,0,0,0
15,-180,4.218,68,364155,31,419,353,-13470,0,0,0,0,0,180,1912,8739,5408,0,0,0,0,0
15,-180,4.274,69,364211,31,419,353,-13470,0,0,0,0,0,180,1912,8739,5408,0,0,0,0,0
15,-180,4.325,70,364267,31,419,353,-13470,0,0,0,0,0,180,1912,8739,5408,0,0,0,0,0
15,-180,4.384,71,364323,31,419,353,-13470,0,0,0,0,0,180,1912,8739,5408,0,0,0,0,0
15,-180,4.444,72,364379,31,419,353,-13470,0,0,0,0,0,180,1912,8739,5408,0,0,0,0,0
15,-180,4.494,73,364435,31,419,353,-13470,0,0,0,0,0,180,1912,8739,5408,0,0,0,0,0
15,-180,4.55,74,364491,31,419,353,-13470,0,0,0,0,0,180,1912,8739,5408,0,0,0,0,0
15,-180,4.605,75,364547,31,419,353,-13470,0,0,0,0,0,180,1912,8739,5408,0,0,0,0,0
16,180,-0.009,123,367235,31,419,353,-13470,0,0,0,0,0,180,1912,8739,5408,0,0,0,0,0
16,180,0.042,124,367292,31,419,353,-13470,0,0,0,0,0,180,1913,8739,5408,0,0,0,0,0
16,180,0.102,125,367345,31,419,353,-13445,0,0,0,0,20,180,1915,8739,5414,-400,400,0,0,0
16,180,0.14,126,367399,31,419,352,-13381,0,0,0,0,26,182,1917,8739,5430,-700,700,0,0,0
16,180,0.209,127,367465,31,418,351,-13268,0,0,0,0,26,185,1920,8739,5458,-1100,1300,0,0,0
16,180,0.263,0,367519,31,417,351,-13142,0,0,0,0,66,187,1922,8739,5489,-1500,1800,0,0,0
16,180,0.329,1,367585,31,416,349,-12612,0,0,0,-46,108,187,1925,8694,5575,-2200,2400,0,0,0
16,180,0.381,2,367639,31,415,348,-12050,0,0,0,-92,148,187,1927,8644,5664,-2800,2700,0,0,0
16,180,0.447,3,367704,31,415,347,-10817,0,0,0,-164,190,187,1930,8511,5836,-3200,2900,0,0,0
16,180,0.508,4,367759,31,414,346,-9895,0,0,0,-184,190,187,1932,8405,5958,-3300,2900,0,0,0
16,180,0.57,5,367824,31,414,345,-8265,0,0,0,-220,240,187,1935,8211,6167,-3200,2800,0,0,0
16,180,0.62,6,367879,31,414,345,-7178,0,0,0,-210,220,187,1937,8078,6303,-3000,2400,0,0,0
16,180,0.687,7,367945,31,414,345,-5605,0,0,0,-210,191,187,1940,7883,6497,-2800,2200,0,0,0
16,180,0.745,8,367999,31,414,345,-4626,0,0,0,-190,194,187,1942,7761,6617,-2700,2100,0,0,0
16,180,0.86,9,368065,31,414,345,-3279,0,0,0,-184,190,187,1945,7594,6783,-2700,2200,0,0,0
16,180,0.876,10,368119,31,414,345,-2402,0,0,0,-184,184,187,1947,7483,6889,-2700,2300,0,0,0
16,180,0.925,11,368184,31,414,346,-1055,0,0,0,-181,174,187,1950,7314,7053,-2700,2300,0,0,0
16,180,0.981,12,368239,31,414,346,-77,0,0,0,-200,190,187,1952,7194,7175,-2600,2100,0,0,0
16,180,1.045,13,368304,31,414,346,1245,0,0,0,-181,184,187,1955,7028,7336,-2100,1800,0,0,0
16,180,1.127,14,368359,31,414,345,2010,0,0,0,-164,154,187,1957,6933,7430,-1800,1400,0,0,0
16,180,1.186,15,368425,31,414,346,2976,0,0,0,-135,118,187,1960,6814,7550,-1400,900,0,0,0
16,180,1.222,16,368479,31,414,345,3429,0,0,0,-102,75,187,1962,6755,7603,-1100,700,0,0,0
16,180,1.287,17,368545,31,414,345,3922,0,0,0,-56,56,187,1965,6694,7664,-700,300,0,0,0
16,180,1.342,18,368599,31,414,345,4153,0,0,0,-36,46,187,1967,6667,7694,-600,300,0,0,0
16,180,1.407,19,368664,31,414,346,4347,0,0,0,-20,36,187,1970,6644,7719,-600,300,0,0,0
16,180,1.461,20,368719,31,414,346,4436,0,0,0,-10,26,187,1972,6636,7733,-400,300,0,0,0
16,180,1.526,21,368784,31,414,346,4485,0,0,0,10,20,188,1975,6633,7742,-600,300,0,0,0
16,180,1.581,22,368839,31,414,346,4517,0,0,0,-3,16,189,1977,6630,7747,-700,300,0,0,0
16,180,1.665,23,368920,31,414,346,4549,0,0,0,0,0,189,1981,6625,7750,0,0,0,0,0
16,180,1.715,24,368975,31,414,346,4549,0,0,0,0,0,189,1981,6625,7750,0,0,0,0,0
16,180,1.772,25,369031,31,414,346,4549,0,0,0,0,0,189,1981,6625,7750,0,0,0,0,0
16,180,1.831,26,369087,31,414,346,4549,0,0,0,0,0,189,1981,6625,7750,0,0,0,0,0
16,180,1.884,27,369143,31,414,346,4549,0,0,0,0,0,189,1981,6625,7750,0,0,0,0,0
16,180,1.94,28,369199,31,414,346,4549,0,0,0,0,0,189,1981,6625,7750,0,0,0,0,0
16,180,2.0,29,369255,31,414,346,4549,0,0,0,0,0,189,1981,6625,7750,0,0,0,0,0
16,180,2.053,30,369311,31,414,346,4549,0,0,0,0,0,189,1981,6625,7750,0,0,0,0,0
16,180,2.106,31,369367,31,414,346,4549,0,0,0,0,0,189,1981,6625,7750,0,0,0,0,0
16,180,2.164,32,369423,31,414,346,4549,0,0,0,0,0,189,1981,6625,7750,0,0,0,0,0
16,180,2.228,33,369479,31,414,346,4549,0,0,0,0,0,189,1981,6625,7750,0,0,0,0,0
16,180,2.274,34,369535,31,414,346,4549,0,0,0,0,0,189,1981,6625,7750,0,0,0,0,0
16,180,2.335,35,369591,31,414,346,4549,0,0,0,0,0,189,1981,6625,7750,0,0,0,0,0
16,180,2.388,36,369647,31,414,346,4549,0,0,0,0,0,189,1981,6625,7750,0,0,0,0,0
16,180,2.448,37,369703,31,414,346,4549,0,0,0,0,0,189,1981,6625,7750,0,0,0,0,0
16,180,2.5,38,369759,31,414,346,4549,0,0,0,0,0,189,1981,6625,7750,0,0,0,0,0
16,180,2.554,39,369815,31,414,346,4549,0,0,0,0,0,189,1981,6625,7750,0,0,0,0,0
16,180,2.611,40,369871,31,414,346,4549,0,0,0,0,0,189,1981,6625,7750,0,0,0,0,0
16,180,2.667,41,369927,31,414,346,4549,0,0,0,0,0,189,1981,6625,7750,0,0,0,0,0
16,180,2.725,42,369983,31,414,346,4549,0,0,0,0,0,189,1981,6625,7750,0,0,0,0,0
16,180,2.78,43,370039,31,414,346,4549,0,0,0,0,0,189,1981,6625,7750,0,0,0,0,0
16,180,2.837,44,370095,31,414,346,4549,0,0,0,0,0,189,1981,6625,7750,0,0,0,0,0
16,180,2.893,45,370151,31,414,346,4549,0,0,0,0,0,189,1981,6625,7750,0,0,0,0,0
16,180,2.95,46,370207,31,414,346,4549,0,0,0,0,0,189,1981,6625,7750,0,0,0,0,0
16,180,3.006,47,370263,31,414,346,4549,0,0,0,0,0,189,1981,6625,7750,0,0,0,0,0
16,180,3.063,48,370319,31,414,346,4549,0,0,0,0,0,189,1981,6625,7750,0,0,0,0,0
16,180,3.116,49,370375,31,414,346,4549,0,0,0,0,0,189,1981,6625,7750,0,0,0,0,0
16,180,3.174,50,370431,31,414,346,4549,0,0,0,0,0,189,1981,6625,7750,0,0,0,0,0
16,180,3.228,51,370487,31,414,346,4549,0,0,0,0,0,189,1981,6625,7750,0,0,0,0,0
16,180,3.297,52,370543,31,414,346,4549,0,0,0,0,0,189,1981,6625,7750,0,0,0,0,0
16,180,3.341,53,370599,31,414,346,4549,0,0,0,0,0,189,1981,6625,7750,0,0,0,0,0
16,180,3.398,54,370655,31,414,346,4549,0,0,0,0,0,189,1981,6625,7750,0,0,0,0,0
16,180,3.452,55,370711,31,414,346,4549,0,0,0,0,0,189,1981,6625,7750,0,0,0,0,0
16,180,3.508,56,370767,31,414,346,4549,0,0,0,0,0,189,1981,6625,7750,0,0,0,0,0
16,180,3.564,57,370823,31,414,346,4549,0,0,0,0,0,189,1981,6625,7750,0,0,0,0,0
16,180,3.621,58,370879,31,414,346,4549,0,0,0,0,0,189,1981,6625,7750,0,0,0,0,0
16,180,3.68,59,370935,31,414,346,4549,0,0,0,0,0,189,1981,6625,7750,0,0,0,0,0
16,180,3.731,60,370991,31,414,346,4549,0,0,0,0,0,189,1981,6625,7750,0,0,0,0,0
16,180,3.789,61,371047,31,414,346,4549,0,0,0,0,0,189,1981,6625,7750,0,0,0,0,0
16,180,3.847,62,371103,31,414,346,4549,0,0,0,0,0,189,1981,6625,7750,0,0,0,0,0
16,180,3.901,63,371159,31,414,346,4549,0,0,0,0,0,189,1981,6625,7750,0,0,0,0,0
16,180,3.955,64,371215,31,414,346,4549,0,0,0,0,0,189,1981,6625,7750,0,0,0,0,0
16,180,4.014,65,371271,31,414,346,4549,0,0,0,0,0,189,1981,6625,7750,0,0,0,0,0
16,180,4.067,66,371327,31,414,346,4549,0,0,0,0,0,189,1981,6625,7750,0,0,0,0,0
16,180,4.126,67,371383,31,414,346,4549,0,0,0,0,0,189,1981,6625,7750,0,0,0,0,0
16,180,4.179,68,371439,31,414,346,4549,0,0,0,0,0,189,1981,6625,7750,0,0,0,0,0
16,180,4.235,69,371495,31,414,346,4549,0,0,0,0,0,189,1981,6625,7750,0,0,0,0,0
16,180,4.299,70,371551,31,414,346,4549,0,0,0,0,0,189,1981,6625,7750,0,0,0,0,0
16,180,4.356,71,371607,31,414,346,4549,0,0,0,0,0,189,1981,6625,7750,0,0,0,0,0
16,180,4.403,72,371663,31,414,346,4549,0,0,0,0,0,189,1981,6625,7750,0,0,0,0,0
16,180,4.461,73,371719,31,414,346,4549,0,0,0,0,0,189,1981,6625,7750,0,0,0,0,0
16,180,4.517,74,371775,31,414,346,4549,0,0,0,0,0,189,1981,6625,7750,0,0,0,0,0
16,180,4.571,75,371831,31,414,346,4549,0,0,0,0,0,189,1981,6625,7750,0,0,0,0,0
16,180,4.629,76,371887,31,414,346,4549,0,0,0,0,0,189,1981,6625,7750,0,0,0,0,0
