turn,commanded,t_rel,seq,now,flags,x,y,h,ox,oy,oh,vl,vr,i2cf,cyc,posl,posr,dutl,dutr,lexc,wrng,cycovr
1,90,-0.021,110,1185823,31,-23,-60,6854,94,-204,6735,0,0,170,2764,-1330,884,0,0,0,4,0
1,90,0.045,111,1185891,31,-23,-60,6869,94,-204,6735,0,0,170,2765,-1330,889,0,0,0,4,0
1,90,0.14,112,1185963,31,-23,-60,6888,94,-204,6735,-18,0,171,2768,-1336,889,-700,800,0,4,0
1,90,0.192,113,1186035,31,-23,-60,7076,94,-204,6735,-41,32,171,2771,-1369,917,-1400,1400,0,4,0
1,90,0.263,114,1186107,31,-23,-60,7395,94,-205,6819,-73,64,171,2774,-1422,967,-2200,2200,0,4,0
1,90,0.335,115,1186179,31,-23,-60,8030,99,-207,7575,-114,120,171,2777,-1519,1075,-2700,2700,0,4,0
1,90,0.417,116,1186252,31,-23,-60,8897,99,-207,7575,-152,146,171,2780,-1663,1211,-3100,3100,0,4,0
1,90,0.479,117,1186323,31,-23,-60,9965,110,-210,8987,-178,172,171,2783,-1838,1381,-3500,3500,0,4,0
1,90,0.553,118,1186395,31,-23,-61,11193,125,-209,10817,-210,169,171,2786,-2044,1572,-3300,3200,0,4,0
1,90,0.663,119,1186467,31,-23,-61,12435,125,-209,10817,-187,187,171,2789,-2247,1770,-2500,2600,0,4,0
1,90,0.696,120,1186539,31,-23,-61,13472,138,-204,12708,-155,152,171,2792,-2416,1936,-1900,1900,0,4,0
1,90,0.781,121,1186611,31,-23,-61,14230,146,-198,14027,-87,114,171,2795,-2541,2056,-1200,1300,0,4,0
1,90,0.844,122,1186683,31,-22,-61,14704,146,-198,14027,-55,55,171,2798,-2622,2128,-800,1000,0,4,0
1,90,0.923,123,1186755,31,-23,-61,15023,149,-194,14678,-32,50,171,2801,-2669,2184,-800,1000,0,4,0
1,90,0.983,124,1186827,31,-23,-61,15227,149,-194,14678,-23,32,171,2804,-2702,2217,-900,1000,0,4,0
1,90,1.055,125,1186899,31,-23,-61,15453,151,-192,15007,-32,32,171,2807,-2736,2256,-800,900,0,4,0
1,90,1.135,126,1186980,31,-23,-61,15642,153,-189,15394,0,0,171,2812,-2769,2284,0,0,0,4,0
1,90,1.193,127,1187031,31,-23,-61,15642,153,-189,15394,0,0,171,2814,-2769,2284,0,0,0,4,0
1,90,1.26,0,1187103,31,-23,-61,15642,153,-189,15452,0,0,171,2817,-2769,2284,0,0,0,4,0
1,90,1.342,1,1187176,31,-23,-61,15642,153,-189,15452,0,0,171,2820,-2769,2284,0,0,0,4,0
1,90,1.389,2,1187231,31,-23,-61,15642,153,-189,15452,0,0,171,2820,-2769,2284,0,0,0,4,0
1,90,1.448,3,1187287,31,-23,-61,15642,153,-189,15452,0,0,171,2820,-2769,2284,0,0,0,4,0
1,90,1.505,4,1187343,31,-23,-61,15642,153,-189,15452,0,0,171,2820,-2769,2284,0,0,0,4,0
1,90,1.571,5,1187399,31,-23,-61,15642,153,-189,15453,0,0,171,2820,-2769,2284,0,0,0,4,0
1,90,1.615,6,1187455,31,-23,-61,15642,153,-189,15453,0,0,171,2820,-2769,2284,0,0,0,4,0
1,90,1.667,7,1187511,31,-23,-61,15642,153,-189,15452,0,0,171,2820,-2769,2284,0,0,0,4,0
1,90,1.73,8,1187567,31,-23,-61,15642,153,-189,15452,0,0,171,2820,-2769,2284,0,0,0,4,0
1,90,1.782,9,1187623,31,-23,-61,15642,153,-189,15452,0,0,171,2820,-2769,2284,0,0,0,4,0
1,90,1.844,10,1187679,31,-23,-61,15642,153,-189,15452,0,0,171,2820,-2769,2284,0,0,0,4,0
1,90,1.896,11,1187735,31,-23,-61,15642,153,-189,15452,0,0,171,2820,-2769,2284,0,0,0,4,0
1,90,1.959,12,1187791,31,-23,-61,15642,153,-189,15452,0,0,171,2820,-2769,2284,0,0,0,4,0
1,90,2.005,13,1187843,31,-23,-61,15642,153,-189,15452,0,0,171,2820,-2769,2284,0,0,0,4,0
1,90,2.062,14,1187899,31,-23,-61,15642,153,-189,15452,0,0,171,2820,-2769,2284,0,0,0,4,0
1,90,2.111,15,1187955,31,-23,-61,15642,153,-189,15452,0,0,171,2820,-2769,2284,0,0,0,4,0
1,90,2.166,16,1188011,31,-23,-61,15642,153,-189,15452,0,0,171,2820,-2769,2284,0,0,0,4,0
1,90,2.222,17,1188067,31,-23,-61,15642,153,-189,15452,0,0,171,2820,-2769,2284,0,0,0,4,0
1,90,2.279,18,1188123,31,-23,-61,15642,153,-189,15452,0,0,171,2820,-2769,2284,0,0,0,4,0
1,90,2.334,19,1188179,31,-23,-61,15642,153,-189,15452,0,0,171,2820,-2769,2284,0,0,0,4,0
1,90,2.391,20,1188235,31,-23,-61,15642,153,-189,15452,0,0,171,2820,-2769,2284,0,0,0,4,0
1,90,2.451,21,1188291,31,-23,-61,15642,153,-189,15452,0,0,171,2820,-2769,2284,0,0,0,4,0
1,90,2.502,22,1188347,31,-23,-61,15642,153,-189,15452,0,0,171,2820,-2769,2284,0,0,0,4,0
1,90,2.558,23,1188403,31,-23,-61,15642,153,-189,15452,0,0,171,2820,-2769,2284,0,0,0,4,0
1,90,2.614,24,1188459,31,-23,-61,15642,153,-189,15452,0,0,171,2820,-2769,2284,0,0,0,4,0
1,90,2.672,25,1188515,31,-23,-61,15642,153,-189,15452,0,0,171,2820,-2769,2284,0,0,0,4,0
1,90,2.726,26,1188571,31,-23,-61,15642,153,-189,15452,0,0,171,2820,-2769,2284,0,0,0,4,0
1,90,2.782,27,1188627,31,-23,-61,15642,153,-189,15452,0,0,171,2820,-2769,2284,0,0,0,4,0
1,90,2.839,28,1188683,31,-23,-61,15642,153,-189,15452,0,0,171,2820,-2769,2284,0,0,0,4,0
1,90,2.895,29,1188739,31,-23,-61,15642,153,-189,15452,0,0,171,2820,-2769,2284,0,0,0,4,0
1,90,2.951,30,1188795,31,-23,-61,15642,153,-189,15452,0,0,171,2820,-2769,2284,0,0,0,4,0
1,90,3.014,31,1188851,31,-23,-61,15642,153,-189,15452,0,0,171,2820,-2769,2284,0,0,0,4,0
1,90,3.059,32,1188903,31,-23,-61,15642,153,-189,15452,0,0,171,2820,-2769,2284,0,0,0,4,0
1,90,3.114,33,1188959,31,-23,-61,15642,153,-189,15452,0,0,171,2820,-2769,2284,0,0,0,4,0
1,90,3.17,34,1189015,31,-23,-61,15642,153,-189,15452,0,0,171,2820,-2769,2284,0,0,0,4,0
1,90,3.227,35,1189071,31,-23,-61,15642,153,-189,15452,0,0,171,2820,-2769,2284,0,0,0,4,0
1,90,3.283,36,1189127,31,-23,-61,15642,153,-189,15452,0,0,171,2820,-2769,2284,0,0,0,4,0
1,90,3.339,37,1189183,31,-23,-61,15642,153,-189,15452,0,0,171,2820,-2769,2284,0,0,0,4,0
1,90,3.394,38,1189239,31,-23,-61,15642,153,-189,15452,0,0,171,2820,-2769,2284,0,0,0,4,0
1,90,3.45,39,1189295,31,-23,-61,15642,153,-189,15452,0,0,171,2820,-2769,2284,0,0,0,4,0
1,90,3.507,40,1189351,31,-23,-61,15642,153,-189,15452,0,0,171,2820,-2769,2284,0,0,0,4,0
1,90,3.562,41,1189407,31,-23,-61,15642,153,-189,15452,0,0,171,2820,-2769,2284,0,0,0,4,0
1,90,3.618,42,1189463,31,-23,-61,15642,153,-189,15452,0,0,171,2820,-2769,2284,0,0,0,4,0
1,90,3.674,43,1189519,31,-23,-61,15642,153,-189,15452,0,0,171,2820,-2769,2284,0,0,0,4,0
1,90,3.741,44,1189575,31,-23,-61,15642,153,-189,15452,0,0,171,2820,-2769,2284,0,0,0,4,0
1,90,3.786,45,1189631,31,-23,-61,15642,153,-189,15452,0,0,171,2820,-2769,2284,0,0,0,4,0
1,90,3.844,46,1189687,31,-23,-61,15642,153,-189,15452,0,0,171,2820,-2769,2284,0,0,0,4,0
1,90,3.898,47,1189743,31,-23,-61,15642,153,-189,15452,0,0,171,2820,-2769,2284,0,0,0,4,0
1,90,3.955,48,1189799,31,-23,-61,15642,153,-189,15452,0,0,171,2820,-2769,2284,0,0,0,4,0
1,90,4.011,49,1189855,31,-23,-61,15642,153,-189,15452,0,0,171,2820,-2769,2284,0,0,0,4,0
1,90,4.074,50,1189911,31,-23,-61,15642,153,-189,15452,0,0,171,2820,-2769,2284,0,0,0,4,0
1,90,4.123,51,1189963,31,-23,-61,15642,153,-189,15452,0,0,171,2820,-2769,2284,0,0,0,4,0
1,90,4.175,52,1190019,31,-23,-61,15642,153,-189,15452,0,0,171,2820,-2769,2284,0,0,0,4,0
1,90,4.231,53,1190075,31,-23,-61,15642,153,-189,15452,0,0,171,2820,-2769,2284,0,0,0,4,0
1,90,4.317,54,1190131,31,-23,-61,15642,153,-189,15452,0,0,171,2820,-2769,2284,0,0,0,4,0
1,90,4.347,55,1190187,31,-23,-61,15642,153,-189,15452,0,0,171,2820,-2769,2284,0,0,0,4,0
1,90,4.398,56,1190243,31,-23,-61,15642,153,-189,15452,0,0,171,2820,-2769,2284,0,0,0,4,0
1,90,4.456,57,1190299,31,-23,-61,15642,153,-189,15452,0,0,171,2820,-2769,2284,0,0,0,4,0
1,90,4.511,58,1190355,31,-23,-61,15642,153,-189,15452,0,0,171,2820,-2769,2284,0,0,0,4,0
1,90,4.566,59,1190411,31,-23,-61,15642,153,-189,15452,0,0,171,2820,-2769,2284,0,0,0,4,0
1,90,4.625,60,1190467,31,-23,-61,15642,153,-189,15452,0,0,171,2820,-2769,2284,0,0,0,4,0
1,90,4.679,61,1190523,31,-23,-61,15642,153,-189,15452,0,0,171,2820,-2769,2284,0,0,0,4,0
1,90,4.734,62,1190579,31,-23,-61,15642,153,-189,15452,0,0,171,2820,-2769,2284,0,0,0,4,0
1,90,4.791,63,1190635,31,-23,-61,15642,153,-189,15452,0,0,171,2820,-2769,2284,0,0,0,4,0
1,90,4.846,64,1190691,31,-23,-61,15642,153,-189,15452,0,0,171,2820,-2769,2284,0,0,0,4,0
1,90,4.914,65,1190747,31,-23,-61,15642,153,-189,15452,0,0,171,2820,-2769,2284,0,0,0,4,0
1,90,4.958,66,1190803,31,-23,-61,15642,153,-189,15452,0,0,171,2820,-2769,2284,0,0,0,4,0
1,90,5.014,67,1190859,31,-23,-61,15642,153,-189,15452,0,0,171,2820,-2769,2284,0,0,0,4,0
1,90,5.071,68,1190915,31,-23,-61,15642,153,-189,15452,0,0,171,2820,-2769,2284,0,0,0,4,0
1,90,5.134,69,1190971,31,-23,-61,15642,153,-189,15452,0,0,171,2820,-2769,2284,0,0,0,4,0
1,90,5.179,70,1191023,31,-23,-61,15642,153,-189,15452,0,0,171,2820,-2769,2284,0,0,0,4,0
1,90,5.234,71,1191079,31,-23,-61,15642,153,-189,15452,0,0,171,2820,-2769,2284,0,0,0,4,0
1,90,5.29,72,1191135,31,-23,-61,15642,153,-189,15452,0,0,171,2820,-2769,2284,0,0,0,4,0
1,90,5.349,73,1191191,31,-23,-61,15642,153,-189,15452,0,0,171,2820,-2769,2284,0,0,0,4,0
1,90,5.403,74,1191247,31,-23,-61,15642,153,-189,15451,0,0,171,2820,-2769,2284,0,0,0,4,0
1,90,5.458,75,1191303,31,-23,-61,15642,153,-189,15451,0,0,171,2820,-2769,2284,0,0,0,4,0
1,90,5.52,76,1191359,31,-23,-61,15642,153,-189,15452,0,0,171,2820,-2769,2284,0,0,0,4,0
1,90,5.573,77,1191415,31,-23,-61,15642,153,-189,15452,0,0,171,2820,-2769,2284,0,0,0,4,0
1,90,5.626,78,1191471,31,-23,-61,15642,153,-189,15452,0,0,171,2820,-2769,2284,0,0,0,4,0
1,90,5.684,79,1191527,31,-23,-61,15642,153,-189,15452,0,0,171,2820,-2769,2284,0,0,0,4,0
1,90,5.739,80,1191583,31,-23,-61,15642,153,-189,15452,0,0,171,2820,-2769,2284,0,0,0,4,0
1,90,5.794,81,1191639,31,-23,-61,15642,153,-189,15452,0,0,171,2820,-2769,2284,0,0,0,4,0
1,90,5.851,82,1191695,31,-23,-61,15642,153,-189,15452,0,0,171,2820,-2769,2284,0,0,0,4,0
1,90,5.906,83,1191751,31,-23,-61,15642,153,-189,15452,0,0,171,2820,-2769,2284,0,0,0,4,0
1,90,5.964,84,1191807,31,-23,-61,15642,153,-189,15452,0,0,171,2820,-2769,2284,0,0,0,4,0
1,90,6.018,85,1191863,31,-23,-61,15642,153,-189,15452,0,0,171,2820,-2769,2284,0,0,0,4,0
1,90,6.074,86,1191919,31,-23,-61,15642,153,-189,15451,0,0,171,2820,-2769,2284,0,0,0,4,0
1,90,6.138,87,1191975,31,-23,-61,15642,153,-189,15451,0,0,171,2820,-2769,2284,0,0,0,4,0
1,90,6.196,88,1192031,31,-23,-61,15642,153,-189,15451,0,0,171,2820,-2769,2284,0,0,0,4,0
1,90,6.239,89,1192083,31,-23,-61,15642,153,-189,15451,0,0,171,2820,-2769,2284,0,0,0,4,0
1,90,6.297,90,1192139,31,-23,-61,15642,153,-189,15451,0,0,171,2820,-2769,2284,0,0,0,4,0
1,90,6.36,91,1192195,31,-23,-61,15642,153,-189,15451,0,0,171,2820,-2769,2284,0,0,0,4,0
1,90,6.407,92,1192251,31,-23,-61,15642,153,-189,15451,0,0,171,2820,-2769,2284,0,0,0,4,0
1,90,6.464,93,1192307,31,-23,-61,15642,153,-189,15451,0,0,171,2820,-2769,2284,0,0,0,4,0
1,90,6.519,94,1192363,31,-23,-61,15642,153,-189,15452,0,0,171,2820,-2769,2284,0,0,0,4,0
1,90,6.577,95,1192419,31,-23,-61,15642,153,-189,15452,0,0,171,2820,-2769,2284,0,0,0,4,0
1,90,6.634,96,1192475,31,-23,-61,15642,153,-189,15452,0,0,171,2820,-2769,2284,0,0,0,4,0
1,90,6.687,97,1192531,31,-23,-61,15642,153,-189,15452,0,0,171,2820,-2769,2284,0,0,0,4,0
1,90,6.763,98,1192587,31,-23,-61,15642,153,-189,15451,0,0,171,2820,-2769,2284,0,0,0,4,0
1,90,6.799,99,1192643,31,-23,-61,15642,153,-189,15451,0,0,171,2820,-2769,2284,0,0,0,4,0
1,90,6.855,100,1192699,31,-23,-61,15642,153,-189,15451,0,0,171,2820,-2769,2284,0,0,0,4,0
1,90,6.912,101,1192755,31,-23,-61,15642,153,-189,15451,0,0,171,2820,-2769,2284,0,0,0,4,0
1,90,6.966,102,1192811,31,-23,-61,15642,153,-189,15451,0,0,171,2820,-2769,2284,0,0,0,4,0
1,90,7.024,103,1192867,31,-23,-61,15642,153,-189,15451,0,0,171,2820,-2769,2284,0,0,0,4,0
1,90,7.079,104,1192923,31,-23,-61,15642,153,-189,15451,0,0,171,2820,-2769,2284,0,0,0,4,0
1,90,7.134,105,1192979,31,-23,-61,15642,153,-189,15451,0,0,171,2820,-2769,2284,0,0,0,4,0
1,90,7.192,106,1193035,31,-23,-61,15642,153,-189,15451,0,0,171,2820,-2769,2284,0,0,0,4,0
1,90,7.258,107,1193091,31,-23,-61,15642,153,-189,15451,0,0,171,2820,-2769,2284,0,0,0,4,0
1,90,7.299,108,1193143,31,-23,-61,15642,153,-189,15451,0,0,171,2820,-2769,2284,0,0,0,4,0
1,90,7.354,109,1193199,31,-23,-61,15642,153,-189,15451,0,0,171,2820,-2769,2284,0,0,0,4,0
1,90,7.412,110,1193255,31,-23,-61,15642,153,-189,15451,0,0,171,2820,-2769,2284,0,0,0,4,0
1,90,7.467,111,1193311,31,-23,-61,15642,153,-189,15451,0,0,171,2820,-2769,2284,0,0,0,4,0
1,90,7.523,112,1193367,31,-23,-61,15642,153,-189,15451,0,0,171,2820,-2769,2284,0,0,0,4,0
1,90,7.578,113,1193423,31,-23,-61,15642,153,-189,15451,0,0,171,2820,-2769,2284,0,0,0,4,0
1,90,7.635,114,1193479,31,-23,-61,15642,153,-189,15451,0,0,171,2820,-2769,2284,0,0,0,4,0
1,90,7.69,115,1193535,31,-23,-61,15642,153,-189,15451,0,0,171,2820,-2769,2284,0,0,0,4,0
1,90,7.747,116,1193591,31,-23,-61,15642,153,-189,15451,0,0,171,2820,-2769,2284,0,0,0,4,0
1,90,7.806,117,1193647,31,-23,-61,15642,153,-189,15451,0,0,171,2820,-2769,2284,0,0,0,4,0
1,90,7.858,118,1193703,31,-23,-61,15642,153,-189,15451,0,0,171,2820,-2769,2284,0,0,0,4,0
1,90,7.914,119,1193759,31,-23,-61,15642,153,-189,15451,0,0,171,2820,-2769,2284,0,0,0,4,0
1,90,7.983,120,1193815,31,-23,-61,15642,153,-189,15451,0,0,171,2820,-2769,2284,0,0,0,4,0
1,90,8.027,121,1193871,31,-23,-61,15642,153,-189,15451,0,0,171,2820,-2769,2284,0,0,0,4,0
1,90,8.082,122,1193927,31,-23,-61,15642,153,-189,15451,0,0,171,2820,-2769,2284,0,0,0,4,0
1,90,8.14,123,1193983,31,-23,-61,15642,153,-189,15451,0,0,171,2820,-2769,2284,0,0,0,4,0
1,90,8.195,124,1194039,31,-23,-61,15642,153,-189,15451,0,0,171,2820,-2769,2284,0,0,0,4,0
1,90,8.25,125,1194095,31,-23,-61,15642,153,-189,15451,0,0,171,2820,-2769,2284,0,0,0,4,0
2,-90,-0.017,106,1200175,31,-23,-61,15642,153,-188,15448,0,0,171,2820,-2769,2284,0,0,0,4,0
2,-90,0.043,107,1200235,31,-23,-61,15642,153,-188,15448,0,0,171,2821,-2769,2284,0,0,0,4,0
2,-90,0.15,108,1200307,31,-23,-61,15642,153,-188,15448,-9,0,172,2824,-2769,2284,800,-800,0,4,0
2,-90,0.187,109,1200379,31,-24,-61,15546,153,-188,15448,35,0,175,2827,-2738,2284,1500,-1200,0,4,0
2,-90,0.265,110,1200451,31,-24,-60,15280,152,-188,15364,73,-32,175,2830,-2683,2253,2300,-2000,0,4,0
2,-90,0.337,111,1200523,31,-25,-60,14756,152,-188,15364,105,-105,175,2833,-2586,2181,2800,-2700,0,4,0
2,-90,0.417,112,1200595,31,-26,-60,13945,147,-192,14565,155,-131,175,2836,-2444,2061,3200,-3200,0,4,0
2,-90,0.481,113,1200667,31,-26,-60,12890,139,-200,13123,165,-195,175,2839,-2275,1889,3600,-3600,0,4,0
2,-90,0.553,114,1200739,31,-26,-59,11686,139,-200,13123,210,-187,175,2842,-2075,1700,3500,-3500,0,4,0
2,-90,0.62,115,1200811,31,-26,-60,10432,126,-206,11196,193,-193,175,2845,-1875,1495,2900,-2900,0,4,0
2,-90,0.695,116,1200883,31,-26,-60,9339,111,-209,9312,152,-155,175,2848,-1700,1317,2300,-2200,0,4,0
2,-90,0.784,117,1200956,31,-26,-60,8469,111,-209,9312,120,-114,175,2851,-1561,1175,1600,-1600,0,4,0
2,-90,0.836,118,1201027,31,-26,-60,7900,101,-208,8076,90,-73,175,2854,-1466,1086,1200,-1100,0,4,0
2,-90,0.918,119,1201099,31,-26,-59,7535,96,-206,7397,55,-32,175,2857,-1400,1034,1000,-1100,0,4,0
2,-90,0.981,120,1201171,31,-26,-59,7247,96,-206,7397,50,-50,175,2860,-1352,989,1000,-1100,0,4,0
2,-90,1.056,121,1201243,31,-26,-59,7033,94,-205,7023,32,-32,175,2863,-1319,953,800,-900,0,4,0
2,-90,1.126,122,1201308,31,-26,-59,6903,94,-205,7023,0,0,175,2867,-1291,939,0,0,0,4,0
2,-90,1.174,123,1201363,31,-26,-59,6903,92,-205,6741,0,0,175,2867,-1291,939,0,0,0,4,0
2,-90,1.245,124,1201419,31,-26,-59,6903,92,-205,6741,0,0,175,2867,-1291,939,0,0,0,4,0
2,-90,1.284,125,1201475,31,-26,-59,6903,92,-205,6740,0,0,175,2867,-1291,939,0,0,0,4,0
2,-90,1.338,126,1201531,31,-26,-59,6903,92,-205,6740,0,0,175,2867,-1291,939,0,0,0,4,0
2,-90,1.394,127,1201587,31,-26,-59,6903,92,-205,6740,0,0,175,2867,-1291,939,0,0,0,4,0
2,-90,1.453,0,1201643,31,-26,-59,6903,92,-205,6740,0,0,175,2867,-1291,939,0,0,0,4,0
2,-90,1.512,1,1201699,31,-26,-59,6903,92,-205,6740,0,0,175,2867,-1291,939,0,0,0,4,0
2,-90,1.598,2,1201755,31,-26,-59,6903,92,-205,6740,0,0,175,2867,-1291,939,0,0,0,4,0
2,-90,1.628,3,1201811,31,-26,-59,6903,92,-205,6740,0,0,175,2867,-1291,939,0,0,0,4,0
2,-90,1.691,4,1201863,31,-26,-59,6903,92,-205,6740,0,0,175,2867,-1291,939,0,0,0,4,0
2,-90,1.73,5,1201919,31,-26,-59,6903,92,-205,6740,0,0,175,2867,-1291,939,0,0,0,4,0
2,-90,1.787,6,1201975,31,-26,-59,6903,92,-205,6740,0,0,175,2867,-1291,939,0,0,0,4,0
2,-90,1.839,7,1202031,31,-26,-59,6903,92,-205,6740,0,0,175,2867,-1291,939,0,0,0,4,0
2,-90,1.894,8,1202087,31,-26,-59,6903,92,-205,6740,0,0,175,2867,-1291,939,0,0,0,4,0
2,-90,1.954,9,1202143,31,-26,-59,6903,92,-205,6740,0,0,175,2867,-1291,939,0,0,0,4,0
2,-90,2.009,10,1202199,31,-26,-59,6903,92,-205,6740,0,0,175,2867,-1291,939,0,0,0,4,0
2,-90,2.061,11,1202255,31,-26,-59,6903,92,-205,6740,0,0,175,2867,-1291,939,0,0,0,4,0
2,-90,2.131,12,1202311,31,-26,-59,6903,92,-205,6740,0,0,175,2867,-1291,939,0,0,0,4,0
2,-90,2.175,13,1202367,31,-26,-59,6903,92,-205,6740,0,0,175,2867,-1291,939,0,0,0,4,0
2,-90,2.229,14,1202423,31,-26,-59,6903,92,-205,6740,0,0,175,2867,-1291,939,0,0,0,4,0
2,-90,2.291,15,1202479,31,-26,-59,6903,92,-205,6740,0,0,175,2867,-1291,939,0,0,0,4,0
2,-90,2.342,16,1202535,31,-26,-59,6903,92,-205,6740,0,0,175,2867,-1291,939,0,0,0,4,0
2,-90,2.403,17,1202591,31,-26,-59,6903,92,-205,6740,0,0,175,2867,-1291,939,0,0,0,4,0
2,-90,2.454,18,1202647,31,-26,-59,6903,92,-205,6740,0,0,175,2867,-1291,939,0,0,0,4,0
2,-90,2.517,19,1202703,31,-26,-59,6903,92,-205,6740,0,0,175,2867,-1291,939,0,0,0,4,0
2,-90,2.568,20,1202759,31,-26,-59,6903,92,-205,6740,0,0,175,2867,-1291,939,0,0,0,4,0
2,-90,2.624,21,1202815,31,-26,-59,6903,92,-205,6740,0,0,175,2867,-1291,939,0,0,0,4,0
2,-90,2.687,22,1202871,31,-26,-59,6903,92,-205,6740,0,0,175,2867,-1291,939,0,0,0,4,0
2,-90,2.729,23,1202923,31,-26,-59,6903,92,-205,6740,0,0,175,2867,-1291,939,0,0,0,4,0
2,-90,2.786,24,1202979,31,-26,-59,6903,92,-205,6740,0,0,175,2867,-1291,939,0,0,0,4,0
2,-90,2.887,25,1203035,31,-26,-59,6903,92,-205,6740,0,0,175,2867,-1291,939,0,0,0,4,0
2,-90,2.897,26,1203091,31,-26,-59,6903,92,-205,6740,0,0,175,2867,-1291,939,0,0,0,4,0
2,-90,2.954,27,1203147,31,-26,-59,6903,92,-205,6740,0,0,175,2867,-1291,939,0,0,0,4,0
2,-90,3.01,28,1203203,31,-26,-59,6903,92,-205,6740,0,0,175,2867,-1291,939,0,0,0,4,0
2,-90,3.069,29,1203259,31,-26,-59,6903,92,-205,6740,0,0,175,2867,-1291,939,0,0,0,4,0
2,-90,3.122,30,1203315,31,-26,-59,6903,92,-205,6740,0,0,175,2867,-1291,939,0,0,0,4,0
2,-90,3.258,31,1203371,31,-26,-59,6903,92,-205,6740,0,0,175,2867,-1291,939,0,0,0,4,0
2,-90,3.258,32,1203427,31,-26,-59,6903,92,-205,6740,0,0,175,2867,-1291,939,0,0,0,4,0
2,-90,3.289,33,1203483,31,-26,-59,6903,92,-205,6740,0,0,175,2867,-1291,939,0,0,0,4,0
2,-90,3.345,34,1203539,31,-26,-59,6903,92,-205,6740,0,0,175,2867,-1291,939,0,0,0,4,0
2,-90,3.402,35,1203595,31,-26,-59,6903,92,-205,6740,0,0,175,2867,-1291,939,0,0,0,4,0
2,-90,3.485,36,1203651,31,-26,-59,6903,92,-205,6740,0,0,175,2867,-1291,939,0,0,0,4,0
2,-90,3.514,37,1203707,31,-26,-59,6903,92,-205,6739,0,0,175,2867,-1291,939,0,0,0,4,0
2,-90,3.57,38,1203763,31,-26,-59,6903,92,-205,6739,0,0,175,2867,-1291,939,0,0,0,4,0
2,-90,3.626,39,1203819,31,-26,-59,6903,92,-205,6740,0,0,175,2867,-1291,939,0,0,0,4,0
2,-90,3.682,40,1203875,31,-26,-59,6903,92,-205,6740,0,0,175,2867,-1291,939,0,0,0,4,0
2,-90,3.747,41,1203931,31,-26,-59,6903,92,-205,6739,0,0,175,2867,-1291,939,0,0,0,4,0
2,-90,3.803,42,1203983,31,-26,-59,6903,92,-205,6739,0,0,175,2867,-1291,939,0,0,0,4,0
2,-90,3.846,43,1204039,31,-26,-59,6903,92,-205,6739,0,0,175,2867,-1291,939,0,0,0,4,0
2,-90,3.903,44,1204095,31,-26,-59,6903,92,-205,6739,0,0,175,2867,-1291,939,0,0,0,4,0
2,-90,3.958,45,1204151,31,-26,-59,6903,92,-205,6739,0,0,175,2867,-1291,939,0,0,0,4,0
2,-90,4.014,46,1204207,31,-26,-59,6903,92,-205,6739,0,0,175,2867,-1291,939,0,0,0,4,0
2,-90,4.12,47,1204263,31,-26,-59,6903,92,-205,6739,0,0,175,2867,-1291,939,0,0,0,4,0
2,-90,4.126,48,1204319,31,-26,-59,6903,92,-205,6739,0,0,175,2867,-1291,939,0,0,0,4,0
2,-90,4.182,49,1204375,31,-26,-59,6903,92,-205,6739,0,0,175,2867,-1291,939,0,0,0,4,0
2,-90,4.238,50,1204431,31,-26,-59,6903,92,-205,6739,0,0,175,2867,-1291,939,0,0,0,4,0
2,-90,4.295,51,1204487,31,-26,-59,6903,92,-205,6739,0,0,175,2867,-1291,939,0,0,0,4,0
2,-90,4.35,52,1204543,31,-26,-59,6903,92,-205,6739,0,0,175,2867,-1291,939,0,0,0,4,0
2,-90,4.406,53,1204599,31,-26,-59,6903,92,-205,6739,0,0,175,2867,-1291,939,0,0,0,4,0
2,-90,4.462,54,1204655,31,-26,-59,6903,92,-205,6739,0,0,175,2867,-1291,939,0,0,0,4,0
2,-90,4.517,55,1204711,31,-26,-59,6903,92,-205,6739,0,0,175,2867,-1291,939,0,0,0,4,0
2,-90,4.573,56,1204767,31,-26,-59,6903,92,-205,6739,0,0,175,2867,-1291,939,0,0,0,4,0
2,-90,4.63,57,1204823,31,-26,-59,6903,92,-205,6739,0,0,175,2867,-1291,939,0,0,0,4,0
2,-90,4.685,58,1204879,31,-26,-59,6903,92,-205,6739,0,0,175,2867,-1291,939,0,0,0,4,0
2,-90,4.741,59,1204935,31,-26,-59,6903,92,-205,6739,0,0,175,2867,-1291,939,0,0,0,4,0
2,-90,4.807,60,1204991,31,-26,-59,6903,92,-205,6739,0,0,175,2867,-1291,939,0,0,0,4,0
2,-90,4.851,61,1205043,31,-26,-59,6903,92,-205,6739,0,0,175,2867,-1291,939,0,0,0,4,0
2,-90,4.907,62,1205099,31,-26,-59,6903,92,-205,6739,0,0,175,2867,-1291,939,0,0,0,4,0
2,-90,4.962,63,1205155,31,-26,-59,6903,92,-205,6739,0,0,175,2867,-1291,939,0,0,0,4,0
2,-90,5.019,64,1205211,31,-26,-59,6903,92,-205,6739,0,0,175,2867,-1291,939,0,0,0,4,0
2,-90,5.073,65,1205267,31,-26,-59,6903,92,-205,6739,0,0,175,2867,-1291,939,0,0,0,4,0
2,-90,5.132,66,1205323,31,-26,-59,6903,92,-205,6739,0,0,175,2867,-1291,939,0,0,0,4,0
2,-90,5.185,67,1205379,31,-26,-59,6903,92,-205,6739,0,0,175,2867,-1291,939,0,0,0,4,0
2,-90,5.242,68,1205435,31,-26,-59,6903,92,-205,6739,0,0,175,2867,-1291,939,0,0,0,4,0
2,-90,5.305,69,1205491,31,-26,-59,6903,92,-205,6739,0,0,175,2867,-1291,939,0,0,0,4,0
2,-90,5.355,70,1205547,31,-26,-59,6903,92,-205,6739,0,0,175,2867,-1291,939,0,0,0,4,0
2,-90,5.41,71,1205603,31,-26,-59,6903,92,-205,6739,0,0,175,2867,-1291,939,0,0,0,4,0
2,-90,5.466,72,1205659,31,-26,-59,6903,92,-205,6739,0,0,175,2867,-1291,939,0,0,0,4,0
2,-90,5.521,73,1205715,31,-26,-59,6903,92,-205,6739,0,0,175,2867,-1291,939,0,0,0,4,0
2,-90,5.578,74,1205771,31,-26,-59,6903,92,-205,6739,0,0,175,2867,-1291,939,0,0,0,4,0
2,-90,5.633,75,1205827,31,-26,-59,6903,92,-205,6739,0,0,175,2867,-1291,939,0,0,0,4,0
2,-90,5.689,76,1205883,31,-26,-59,6903,92,-205,6739,0,0,175,2867,-1291,939,0,0,0,4,0
2,-90,5.745,77,1205939,31,-26,-59,6903,92,-205,6739,0,0,175,2867,-1291,939,0,0,0,4,0
2,-90,5.802,78,1205995,31,-26,-59,6903,92,-205,6739,0,0,175,2867,-1291,939,0,0,0,4,0
2,-90,5.866,79,1206051,31,-26,-59,6903,92,-205,6739,0,0,175,2867,-1291,939,0,0,0,4,0
2,-90,5.916,80,1206103,31,-26,-59,6903,92,-205,6739,0,0,175,2867,-1291,939,0,0,0,4,0
2,-90,5.967,81,1206159,31,-26,-59,6903,92,-205,6739,0,0,175,2867,-1291,939,0,0,0,4,0
2,-90,6.022,82,1206215,31,-26,-59,6903,92,-205,6739,0,0,175,2867,-1291,939,0,0,0,4,0
2,-90,6.08,83,1206271,31,-26,-59,6903,92,-205,6739,0,0,175,2867,-1291,939,0,0,0,4,0
2,-90,6.134,84,1206327,31,-26,-59,6903,92,-205,6739,0,0,175,2867,-1291,939,0,0,0,4,0
2,-90,6.192,85,1206383,31,-26,-59,6903,92,-205,6739,0,0,175,2867,-1291,939,0,0,0,4,0
2,-90,6.245,86,1206439,31,-26,-59,6903,92,-205,6739,0,0,175,2867,-1291,939,0,0,0,4,0
2,-90,6.302,87,1206495,31,-26,-59,6903,92,-205,6739,0,0,175,2867,-1291,939,0,0,0,4,0
2,-90,6.362,88,1206551,31,-26,-59,6903,92,-205,6739,0,0,175,2867,-1291,939,0,0,0,4,0
2,-90,6.414,89,1206607,31,-26,-59,6903,92,-205,6739,0,0,175,2867,-1291,939,0,0,0,4,0
2,-90,6.47,90,1206663,31,-26,-59,6903,92,-205,6739,0,0,175,2867,-1291,939,0,0,0,4,0
2,-90,6.53,91,1206719,31,-26,-59,6903,92,-205,6739,0,0,175,2867,-1291,939,0,0,0,4,0
2,-90,6.583,92,1206775,31,-26,-59,6903,92,-205,6739,0,0,175,2867,-1291,939,0,0,0,4,0
2,-90,6.64,93,1206831,31,-26,-59,6903,92,-205,6739,0,0,175,2867,-1291,939,0,0,0,4,0
2,-90,6.695,94,1206887,31,-26,-59,6903,92,-205,6739,0,0,175,2867,-1291,939,0,0,0,4,0
2,-90,6.749,95,1206943,31,-26,-59,6903,92,-205,6739,0,0,175,2867,-1291,939,0,0,0,4,0
2,-90,6.806,96,1206999,31,-26,-59,6903,92,-205,6739,0,0,175,2867,-1291,939,0,0,0,4,0
2,-90,6.861,97,1207055,31,-26,-59,6903,92,-205,6739,0,0,175,2867,-1291,939,0,0,0,4,0
2,-90,6.925,98,1207111,31,-26,-59,6903,92,-205,6739,0,0,175,2867,-1291,939,0,0,0,4,0
2,-90,6.974,99,1207163,31,-26,-59,6903,92,-205,6739,0,0,175,2867,-1291,939,0,0,0,4,0
2,-90,7.027,100,1207219,31,-26,-59,6903,92,-205,6739,0,0,175,2867,-1291,939,0,0,0,4,0
2,-90,7.081,101,1207275,31,-26,-59,6903,92,-205,6739,0,0,175,2867,-1291,939,0,0,0,4,0
2,-90,7.152,102,1207331,31,-26,-59,6903,92,-205,6739,0,0,175,2867,-1291,939,0,0,0,4,0
2,-90,7.194,103,1207387,31,-26,-59,6903,92,-205,6739,0,0,175,2867,-1291,939,0,0,0,4,0
2,-90,7.25,104,1207443,31,-26,-59,6903,92,-205,6739,0,0,175,2867,-1291,939,0,0,0,4,0
2,-90,7.306,105,1207499,31,-26,-59,6903,92,-205,6739,0,0,175,2867,-1291,939,0,0,0,4,0
2,-90,7.362,106,1207555,31,-26,-59,6903,92,-205,6739,0,0,175,2867,-1291,939,0,0,0,4,0
2,-90,7.418,107,1207611,31,-26,-59,6903,92,-205,6739,0,0,175,2867,-1291,939,0,0,0,4,0
2,-90,7.474,108,1207667,31,-26,-59,6903,92,-205,6739,0,0,175,2867,-1291,939,0,0,0,4,0
2,-90,7.53,109,1207723,31,-26,-59,6903,92,-205,6739,0,0,175,2867,-1291,939,0,0,0,4,0
2,-90,7.588,110,1207779,31,-26,-59,6903,92,-205,6739,0,0,175,2867,-1291,939,0,0,0,4,0
2,-90,7.642,111,1207835,31,-26,-59,6903,92,-205,6739,0,0,175,2867,-1291,939,0,0,0,4,0
2,-90,7.698,112,1207891,31,-26,-59,6903,92,-205,6739,0,0,175,2867,-1291,939,0,0,0,4,0
2,-90,7.767,113,1207947,31,-26,-59,6903,92,-205,6739,0,0,175,2867,-1291,939,0,0,0,4,0
2,-90,7.81,114,1208003,31,-26,-59,6903,92,-205,6739,0,0,175,2867,-1291,939,0,0,0,4,0
2,-90,7.865,115,1208059,31,-26,-59,6903,92,-205,6739,0,0,175,2867,-1291,939,0,0,0,4,0
2,-90,7.922,116,1208115,31,-26,-59,6903,92,-205,6739,0,0,175,2867,-1291,939,0,0,0,4,0
2,-90,7.985,117,1208171,31,-26,-59,6903,92,-205,6738,0,0,175,2867,-1291,939,0,0,0,4,0
2,-90,8.034,118,1208223,31,-26,-59,6903,92,-205,6738,0,0,175,2867,-1291,939,0,0,0,4,0
2,-90,8.087,119,1208279,31,-26,-59,6903,92,-205,6738,0,0,175,2867,-1291,939,0,0,0,4,0
2,-90,8.148,120,1208335,31,-26,-59,6903,92,-205,6738,0,0,175,2867,-1291,939,0,0,0,4,0
2,-90,8.2,121,1208391,31,-26,-59,6903,92,-205,6738,0,0,175,2867,-1291,939,0,0,0,4,0
2,-90,8.259,122,1208447,31,-26,-59,6903,92,-205,6738,0,0,175,2867,-1291,939,0,0,0,4,0
2,-90,8.312,123,1208503,31,-26,-59,6903,92,-205,6738,0,0,175,2867,-1291,939,0,0,0,4,0
2,-90,8.443,124,1208559,31,-26,-59,6903,92,-205,6738,0,0,175,2867,-1291,939,0,0,0,4,0
2,-90,8.443,125,1208615,31,-26,-59,6903,92,-205,6738,0,0,175,2867,-1291,939,0,0,0,4,0
2,-90,8.492,126,1208671,31,-26,-59,6903,92,-205,6738,0,0,175,2867,-1291,939,0,0,0,4,0
2,-90,8.534,127,1208727,31,-26,-59,6903,92,-205,6738,0,0,175,2867,-1291,939,0,0,0,4,0
2,-90,8.592,0,1208783,31,-26,-59,6903,92,-205,6738,0,0,175,2867,-1291,939,0,0,0,4,0
2,-90,8.645,1,1208839,31,-26,-59,6903,92,-205,6738,0,0,175,2867,-1291,939,0,0,0,4,0
2,-90,8.704,2,1208895,31,-26,-59,6903,92,-205,6738,0,0,175,2867,-1291,939,0,0,0,4,0
2,-90,8.761,3,1208951,31,-26,-59,6903,92,-205,6738,0,0,175,2867,-1291,939,0,0,0,4,0
2,-90,8.821,4,1209007,31,-26,-59,6903,92,-205,6738,0,0,175,2867,-1291,939,0,0,0,4,0
2,-90,8.875,5,1209063,31,-26,-59,6903,92,-205,6738,0,0,175,2867,-1291,939,0,0,0,4,0
2,-90,8.926,6,1209119,31,-26,-59,6903,92,-205,6738,0,0,175,2867,-1291,939,0,0,0,4,0
2,-90,9.01,7,1209175,31,-26,-59,6903,92,-205,6738,0,0,175,2867,-1291,939,0,0,0,4,0
2,-90,9.045,8,1209231,31,-26,-59,6903,92,-205,6738,0,0,175,2867,-1291,939,0,0,0,4,0
3,107,-0.024,89,1213747,31,-26,-59,6903,92,-205,6737,0,0,175,2867,-1291,939,0,0,0,4,0
3,107,0.042,90,1213815,31,-26,-59,6903,92,-205,6737,0,0,175,2868,-1291,939,0,0,0,4,0
3,107,0.118,91,1213887,31,-26,-58,6922,92,-205,6737,0,18,176,2871,-1291,945,-700,800,0,4,0
3,107,0.186,92,1213959,31,-25,-58,7092,92,-205,6737,-32,41,176,2874,-1316,975,-1400,1500,0,4,0
3,107,0.258,93,1214031,31,-25,-58,7420,93,-205,6923,-64,73,176,2877,-1363,1034,-2200,2300,0,4,0
3,107,0.344,94,1214103,31,-25,-58,8033,93,-205,6923,-123,99,176,2880,-1461,1134,-2600,2700,0,4,0
3,107,0.402,95,1214175,31,-25,-57,8934,100,-207,7915,-146,146,176,2883,-1602,1284,-3100,3100,0,4,0
3,107,0.475,96,1214247,31,-25,-57,10002,112,-209,9453,-181,178,176,2886,-1775,1456,-3500,3500,0,4,0
3,107,0.547,97,1214319,31,-25,-58,11237,112,-209,9453,-210,201,176,2889,-1980,1650,-3700,3800,0,4,0
3,107,0.619,98,1214391,31,-25,-58,12614,127,-207,11399,-219,210,176,2892,-2208,1867,-3300,3300,0,4,0
3,107,0.703,99,1214464,31,-25,-58,13911,140,-201,13554,-196,192,176,2895,-2419,2075,-2600,2700,0,4,0
3,107,0.764,100,1214535,31,-25,-59,14979,140,-201,13554,-146,155,176,2898,-2597,2242,-1900,2000,0,4,0
3,107,0.836,101,1214607,31,-24,-59,15778,148,-192,15125,-114,105,176,2901,-2730,2367,-1200,1300,0,4,0
3,107,0.907,102,1214679,31,-24,-59,16292,151,-186,16029,-73,73,176,2904,-2813,2450,-1000,1100,0,4,0
3,107,0.991,103,1214751,31,-25,-59,16614,151,-186,16029,-41,50,176,2907,-2861,2506,-900,1100,0,4,0
3,107,1.052,104,1214823,31,-25,-59,16871,152,-183,16486,-43,48,176,2910,-2897,2553,-1100,1200,0,4,0
3,107,1.179,105,1214952,31,-25,-58,17282,153,-179,16947,0,0,176,2917,-2958,2625,0,0,0,4,0
3,107,1.252,106,1215003,31,-25,-58,17282,153,-179,16947,0,0,176,2919,-2958,2625,0,0,0,4,0
3,107,1.305,107,1215075,31,-25,-58,17282,153,-178,17050,0,0,176,2922,-2958,2625,0,0,0,4,0
3,107,1.361,108,1215131,31,-25,-58,17282,153,-178,17050,0,0,176,2923,-2958,2625,0,0,0,4,0
3,107,1.417,109,1215187,31,-25,-58,17282,153,-178,17050,0,0,176,2923,-2958,2625,0,0,0,4,0
3,107,1.471,110,1215243,31,-25,-58,17282,153,-178,17050,0,0,176,2923,-2958,2625,0,0,0,4,0
3,107,1.527,111,1215299,31,-25,-58,17282,153,-178,17051,0,0,176,2923,-2958,2625,0,0,0,4,0
3,107,1.585,112,1215355,31,-25,-58,17282,153,-178,17051,0,0,176,2923,-2958,2625,0,0,0,4,0
3,107,1.64,113,1215411,31,-25,-58,17282,153,-178,17051,0,0,176,2923,-2958,2625,0,0,0,4,0
3,107,1.695,114,1215467,31,-25,-58,17282,153,-178,17051,0,0,176,2923,-2958,2625,0,0,0,4,0
3,107,1.755,115,1215523,31,-25,-58,17282,153,-178,17051,0,0,176,2923,-2958,2625,0,0,0,4,0
3,107,1.809,116,1215579,31,-25,-58,17282,153,-178,17051,0,0,176,2923,-2958,2625,0,0,0,4,0
3,107,1.873,117,1215635,31,-25,-58,17282,153,-178,17051,0,0,176,2923,-2958,2625,0,0,0,4,0
3,107,1.917,118,1215691,31,-25,-58,17282,153,-178,17051,0,0,176,2923,-2958,2625,0,0,0,4,0
3,107,1.973,119,1215747,31,-25,-58,17282,153,-178,17051,0,0,176,2923,-2958,2625,0,0,0,4,0
3,107,2.03,120,1215803,31,-25,-58,17282,153,-178,17051,0,0,176,2923,-2958,2625,0,0,0,4,0
3,107,2.087,121,1215859,31,-25,-58,17282,153,-178,17050,0,0,176,2923,-2958,2625,0,0,0,4,0
3,107,2.153,122,1215915,31,-25,-58,17282,153,-178,17050,0,0,176,2923,-2958,2625,0,0,0,4,0
3,107,2.233,123,1215967,31,-25,-58,17282,153,-178,17051,0,0,176,2923,-2958,2625,0,0,0,4,0
3,107,2.251,124,1216023,31,-25,-58,17282,153,-178,17051,0,0,176,2923,-2958,2625,0,0,0,4,0
3,107,2.308,125,1216079,31,-25,-58,17282,153,-178,17051,0,0,176,2923,-2958,2625,0,0,0,4,0
3,107,2.369,126,1216135,31,-25,-58,17282,153,-178,17051,0,0,176,2923,-2958,2625,0,0,0,4,0
3,107,2.418,127,1216191,31,-25,-58,17282,153,-178,17050,0,0,176,2923,-2958,2625,0,0,0,4,0
3,107,2.53,0,1216247,31,-25,-58,17282,153,-178,17050,0,0,176,2923,-2958,2625,0,0,0,4,0
3,107,2.53,1,1216303,31,-25,-58,17282,153,-178,17050,0,0,176,2923,-2958,2625,0,0,0,4,0
3,107,2.586,2,1216359,31,-25,-58,17282,153,-178,17050,0,0,176,2923,-2958,2625,0,0,0,4,0
3,107,2.643,3,1216415,31,-25,-58,17282,153,-178,17050,0,0,176,2923,-2958,2625,0,0,0,4,0
3,107,2.701,4,1216471,31,-25,-58,17282,153,-178,17050,0,0,176,2923,-2958,2625,0,0,0,4,0
3,107,2.755,5,1216527,31,-25,-58,17282,153,-178,17050,0,0,176,2923,-2958,2625,0,0,0,4,0
3,107,2.814,6,1216583,31,-25,-58,17282,153,-178,17050,0,0,176,2923,-2958,2625,0,0,0,4,0
3,107,2.867,7,1216639,31,-25,-58,17282,153,-178,17050,0,0,176,2923,-2958,2625,0,0,0,4,0
3,107,2.923,8,1216695,31,-25,-58,17282,153,-178,17050,0,0,176,2923,-2958,2625,0,0,0,4,0
3,107,2.983,9,1216751,31,-25,-58,17282,153,-178,17050,0,0,176,2923,-2958,2625,0,0,0,4,0
3,107,3.034,10,1216807,31,-25,-58,17282,153,-178,17050,0,0,176,2923,-2958,2625,0,0,0,4,0
3,107,3.125,11,1216863,31,-25,-58,17282,153,-178,17050,0,0,176,2923,-2958,2625,0,0,0,4,0
3,107,3.15,12,1216919,31,-25,-58,17282,153,-178,17050,0,0,176,2923,-2958,2625,0,0,0,4,0
3,107,3.217,13,1216975,31,-25,-58,17282,153,-178,17050,0,0,176,2923,-2958,2625,0,0,0,4,0
3,107,3.254,14,1217027,31,-25,-58,17282,153,-178,17050,0,0,176,2923,-2958,2625,0,0,0,4,0
3,107,3.311,15,1217083,31,-25,-58,17282,153,-178,17050,0,0,176,2923,-2958,2625,0,0,0,4,0
3,107,3.366,16,1217139,31,-25,-58,17282,153,-178,17050,0,0,176,2923,-2958,2625,0,0,0,4,0
3,107,3.441,17,1217195,31,-25,-58,17282,153,-178,17050,0,0,176,2923,-2958,2625,0,0,0,4,0
3,107,3.479,18,1217251,31,-25,-58,17282,153,-178,17050,0,0,176,2923,-2958,2625,0,0,0,4,0
3,107,3.537,19,1217307,31,-25,-58,17282,153,-178,17050,0,0,176,2923,-2958,2625,0,0,0,4,0
3,107,3.59,20,1217363,31,-25,-58,17282,153,-178,17050,0,0,176,2923,-2958,2625,0,0,0,4,0
3,107,3.646,21,1217419,31,-25,-58,17282,153,-178,17050,0,0,176,2923,-2958,2625,0,0,0,4,0
3,107,3.703,22,1217475,31,-25,-58,17282,153,-178,17050,0,0,176,2923,-2958,2625,0,0,0,4,0
3,107,3.757,23,1217531,31,-25,-58,17282,153,-178,17050,0,0,176,2923,-2958,2625,0,0,0,4,0
3,107,3.814,24,1217587,31,-25,-58,17282,153,-178,17050,0,0,176,2923,-2958,2625,0,0,0,4,0
3,107,3.87,25,1217643,31,-25,-58,17282,153,-178,17050,0,0,176,2923,-2958,2625,0,0,0,4,0
3,107,3.926,26,1217699,31,-25,-58,17282,153,-178,17050,0,0,176,2923,-2958,2625,0,0,0,4,0
3,107,3.983,27,1217755,31,-25,-58,17282,153,-178,17050,0,0,176,2923,-2958,2625,0,0,0,4,0
3,107,4.038,28,1217811,31,-25,-58,17282,153,-178,17050,0,0,176,2923,-2958,2625,0,0,0,4,0
3,107,4.095,29,1217867,31,-25,-58,17282,153,-178,17050,0,0,176,2923,-2958,2625,0,0,0,4,0
3,107,4.16,30,1217923,31,-25,-58,17282,153,-178,17050,0,0,176,2923,-2958,2625,0,0,0,4,0
3,107,4.218,31,1217979,31,-25,-58,17282,153,-178,17050,0,0,176,2923,-2958,2625,0,0,0,4,0
3,107,4.27,32,1218035,31,-25,-58,17282,153,-178,17050,0,0,176,2923,-2958,2625,0,0,0,4,0
3,107,4.319,33,1218087,31,-25,-58,17282,153,-178,17050,0,0,176,2923,-2958,2625,0,0,0,4,0
3,107,4.37,34,1218143,31,-25,-58,17282,153,-178,17050,0,0,176,2923,-2958,2625,0,0,0,4,0
3,107,4.425,35,1218199,31,-25,-58,17282,153,-178,17050,0,0,176,2923,-2958,2625,0,0,0,4,0
3,107,4.481,36,1218255,31,-25,-58,17282,153,-178,17050,0,0,176,2923,-2958,2625,0,0,0,4,0
3,107,4.54,37,1218311,31,-25,-58,17282,153,-178,17050,0,0,176,2923,-2958,2625,0,0,0,4,0
3,107,4.594,38,1218367,31,-25,-58,17282,153,-178,17050,0,0,176,2923,-2958,2625,0,0,0,4,0
3,107,4.65,39,1218423,31,-25,-58,17282,153,-178,17050,0,0,176,2923,-2958,2625,0,0,0,4,0
3,107,4.707,40,1218479,31,-25,-58,17282,153,-178,17050,0,0,176,2923,-2958,2625,0,0,0,4,0
3,107,4.763,41,1218535,31,-25,-58,17282,153,-178,17050,0,0,176,2923,-2958,2625,0,0,0,4,0
3,107,4.822,42,1218591,31,-25,-58,17282,153,-178,17050,0,0,176,2923,-2958,2625,0,0,0,4,0
3,107,4.876,43,1218647,31,-25,-58,17282,153,-178,17050,0,0,176,2923,-2958,2625,0,0,0,4,0
3,107,4.931,44,1218703,31,-25,-58,17282,153,-178,17050,0,0,176,2923,-2958,2625,0,0,0,4,0
3,107,4.986,45,1218759,31,-25,-58,17282,153,-178,17050,0,0,176,2923,-2958,2625,0,0,0,4,0
3,107,5.041,46,1218815,31,-25,-58,17282,153,-178,17050,0,0,176,2923,-2958,2625,0,0,0,4,0
3,107,5.097,47,1218871,31,-25,-58,17282,153,-178,17050,0,0,176,2923,-2958,2625,0,0,0,4,0
3,107,5.158,48,1218927,31,-25,-58,17282,153,-178,17050,0,0,176,2923,-2958,2625,0,0,0,4,0
3,107,5.214,49,1218983,31,-25,-58,17282,153,-178,17050,0,0,176,2923,-2958,2625,0,0,0,4,0
3,107,5.267,50,1219039,31,-25,-58,17282,153,-178,17050,0,0,176,2923,-2958,2625,0,0,0,4,0
3,107,5.33,51,1219095,31,-25,-58,17282,153,-178,17050,0,0,176,2923,-2958,2625,0,0,0,4,0
3,107,5.376,52,1219147,31,-25,-58,17282,153,-178,17050,0,0,176,2923,-2958,2625,0,0,0,4,0
3,107,5.43,53,1219203,31,-25,-58,17282,153,-178,17050,0,0,176,2923,-2958,2625,0,0,0,4,0
3,107,5.486,54,1219259,31,-25,-58,17282,153,-178,17050,0,0,176,2923,-2958,2625,0,0,0,4,0
3,107,5.549,55,1219315,31,-25,-58,17282,153,-178,17050,0,0,176,2923,-2958,2625,0,0,0,4,0
3,107,5.598,56,1219371,31,-25,-58,17282,153,-178,17050,0,0,176,2923,-2958,2625,0,0,0,4,0
3,107,5.654,57,1219427,31,-25,-58,17282,153,-178,17050,0,0,176,2923,-2958,2625,0,0,0,4,0
3,107,5.71,58,1219483,31,-25,-58,17282,153,-178,17050,0,0,176,2923,-2958,2625,0,0,0,4,0
3,107,5.765,59,1219539,31,-25,-58,17282,153,-178,17050,0,0,176,2923,-2958,2625,0,0,0,4,0
3,107,5.822,60,1219595,31,-25,-58,17282,153,-178,17050,0,0,176,2923,-2958,2625,0,0,0,4,0
3,107,5.878,61,1219651,31,-25,-58,17282,153,-178,17050,0,0,176,2923,-2958,2625,0,0,0,4,0
3,107,5.934,62,1219707,31,-25,-58,17282,153,-178,17050,0,0,176,2923,-2958,2625,0,0,0,4,0
3,107,5.989,63,1219763,31,-25,-58,17282,153,-178,17050,0,0,176,2923,-2958,2625,0,0,0,4,0
3,107,6.045,64,1219819,31,-25,-58,17282,153,-178,17050,0,0,176,2923,-2958,2625,0,0,0,4,0
3,107,6.102,65,1219875,31,-25,-58,17282,153,-178,17050,0,0,176,2923,-2958,2625,0,0,0,4,0
3,107,6.241,66,1219931,31,-25,-58,17282,153,-178,17050,0,0,176,2923,-2958,2625,0,0,0,4,0
3,107,6.241,67,1219987,31,-25,-58,17282,153,-178,17050,0,0,176,2923,-2958,2625,0,0,0,4,0
3,107,6.27,68,1220043,31,-25,-58,17282,153,-178,17050,0,0,176,2923,-2958,2625,0,0,0,4,0
3,107,6.325,69,1220099,31,-25,-58,17282,153,-178,17050,0,0,176,2923,-2958,2625,0,0,0,4,0
3,107,6.391,70,1220155,31,-25,-58,17282,153,-178,17050,0,0,176,2923,-2958,2625,0,0,0,4,0
3,107,6.434,71,1220207,31,-25,-58,17282,153,-178,17050,0,0,176,2923,-2958,2625,0,0,0,4,0
3,107,6.493,72,1220263,31,-25,-58,17282,153,-178,17050,0,0,176,2923,-2958,2625,0,0,0,4,0
3,107,6.546,73,1220319,31,-25,-58,17282,153,-178,17050,0,0,176,2923,-2958,2625,0,0,0,4,0
3,107,6.604,74,1220375,31,-25,-58,17282,153,-178,17050,0,0,176,2923,-2958,2625,0,0,0,4,0
3,107,6.657,75,1220431,31,-25,-58,17282,153,-178,17050,0,0,176,2923,-2958,2625,0,0,0,4,0
3,107,6.714,76,1220487,31,-25,-58,17282,153,-178,17050,0,0,176,2923,-2958,2625,0,0,0,4,0
3,107,6.801,77,1220543,31,-25,-58,17282,153,-178,17050,0,0,176,2923,-2958,2625,0,0,0,4,0
3,107,6.829,78,1220599,31,-25,-58,17282,153,-178,17050,0,0,176,2923,-2958,2625,0,0,0,4,0
3,107,6.889,79,1220655,31,-25,-58,17282,153,-178,17050,0,0,176,2923,-2958,2625,0,0,0,4,0
3,107,6.941,80,1220711,31,-25,-58,17282,153,-178,17050,0,0,176,2923,-2958,2625,0,0,0,4,0
4,-107,-0.026,53,1226347,31,-25,-58,17282,153,-178,17048,0,0,176,2923,-2958,2625,0,0,0,4,0
4,-107,0.052,54,1226423,31,-25,-58,17282,153,-178,17047,0,0,176,2924,-2958,2625,0,0,0,4,0
4,-107,0.128,55,1226495,31,-25,-58,17282,153,-178,17047,-9,0,177,2927,-2958,2625,800,-800,0,4,0
4,-107,0.202,56,1226567,31,-26,-58,17109,153,-178,17047,41,-26,177,2930,-2927,2600,1600,-1400,0,4,0
4,-107,0.265,57,1226639,31,-26,-58,16827,152,-179,16950,66,-50,177,2933,-2875,2561,2300,-2200,0,4,0
4,-107,0.336,58,1226711,31,-27,-58,16295,152,-179,16950,114,-88,177,2936,-2780,2484,2800,-2700,0,4,0
4,-107,0.419,59,1226784,31,-27,-58,15468,149,-184,16114,137,-129,177,2939,-2641,2356,3100,-3200,0,4,0
4,-107,0.48,60,1226855,31,-27,-58,14438,144,-193,14707,161,-178,177,2942,-2475,2189,3600,-3600,0,4,0
4,-107,0.555,61,1226927,31,-27,-58,13199,144,-193,14707,201,-193,177,2945,-2269,1995,3900,-3900,0,4,0
4,-107,0.651,62,1226999,31,-27,-58,11822,134,-202,12786,219,-213,177,2948,-2047,1772,3400,-3400,0,4,0
4,-107,0.696,63,1227071,31,-27,-58,10506,120,-208,10640,196,-193,177,2951,-1838,1556,2800,-2700,0,4,0
4,-107,0.768,64,1227143,31,-27,-58,9432,120,-208,10640,146,-161,177,2954,-1666,1381,2100,-2100,0,4,0
4,-107,0.913,65,1227288,31,-24,-60,8265,98,-209,7980,0,0,177,2962,-1475,1195,0,0,0,4,0
4,-107,0.983,66,1227339,31,-24,-60,8265,98,-209,7980,0,0,177,2964,-1475,1195,0,0,0,4,0
4,-107,1.021,67,1227395,31,-24,-60,8265,98,-209,7980,0,0,177,2966,-1475,1195,0,0,0,4,0
4,-107,1.076,68,1227451,31,-24,-60,8265,98,-209,7980,0,0,177,2966,-1475,1195,0,0,0,4,0
4,-107,1.139,69,1227507,31,-24,-60,8265,98,-209,7980,0,0,177,2966,-1475,1195,0,0,0,4,0
4,-107,1.196,70,1227563,31,-24,-60,8265,98,-209,7980,0,0,177,2966,-1475,1195,0,0,0,4,0
4,-107,1.278,71,1227619,31,-24,-60,8265,98,-209,7980,0,0,177,2966,-1475,1195,0,0,0,4,0
4,-107,1.3,72,1227675,31,-24,-60,8265,98,-209,7980,0,0,177,2966,-1475,1195,0,0,0,4,0
4,-107,1.355,73,1227731,31,-24,-60,8265,98,-209,7980,0,0,177,2966,-1475,1195,0,0,0,4,0
4,-107,1.412,74,1227787,31,-24,-60,8265,98,-209,7980,0,0,177,2966,-1475,1195,0,0,0,4,0
4,-107,1.477,75,1227843,31,-24,-60,8265,98,-209,7980,0,0,177,2966,-1475,1195,0,0,0,4,0
4,-107,1.52,76,1227895,31,-24,-60,8265,98,-209,7980,0,0,177,2966,-1475,1195,0,0,0,4,0
4,-107,1.58,77,1227951,31,-24,-60,8265,98,-209,7980,0,0,177,2966,-1475,1195,0,0,0,4,0
4,-107,1.632,78,1228007,31,-24,-60,8265,98,-209,7980,0,0,177,2966,-1475,1195,0,0,0,4,0
4,-107,1.687,79,1228063,31,-24,-60,8265,98,-209,7980,0,0,177,2966,-1475,1195,0,0,0,4,0
4,-107,1.748,80,1228119,31,-24,-60,8265,98,-209,7980,0,0,177,2966,-1475,1195,0,0,0,4,0
4,-107,1.8,81,1228175,31,-24,-60,8265,98,-209,7980,0,0,177,2966,-1475,1195,0,0,0,4,0
4,-107,1.912,82,1228231,31,-24,-60,8265,98,-209,7980,0,0,177,2966,-1475,1195,0,0,0,4,0
4,-107,1.914,83,1228287,31,-24,-60,8265,98,-209,7980,0,0,177,2966,-1475,1195,0,0,0,4,0
4,-107,1.968,84,1228343,31,-24,-60,8265,98,-209,7980,0,0,177,2966,-1475,1195,0,0,0,4,0
4,-107,2.025,85,1228399,31,-24,-60,8265,98,-209,7980,0,0,177,2966,-1475,1195,0,0,0,4,0
4,-107,2.079,86,1228455,31,-24,-60,8265,98,-209,7980,0,0,177,2966,-1475,1195,0,0,0,4,0
4,-107,2.136,87,1228511,31,-24,-60,8265,98,-209,7980,0,0,177,2966,-1475,1195,0,0,0,4,0
4,-107,2.193,88,1228567,31,-24,-60,8265,98,-209,7980,0,0,177,2966,-1475,1195,0,0,0,4,0
4,-107,2.248,89,1228623,31,-24,-60,8265,98,-209,7980,0,0,177,2966,-1475,1195,0,0,0,4,0
4,-107,2.304,90,1228679,31,-24,-60,8265,98,-209,7980,0,0,177,2966,-1475,1195,0,0,0,4,0
4,-107,2.362,91,1228735,31,-24,-60,8265,98,-209,7980,0,0,177,2966,-1475,1195,0,0,0,4,0
4,-107,2.414,92,1228791,31,-24,-60,8265,98,-209,7980,0,0,177,2966,-1475,1195,0,0,0,4,0
4,-107,2.479,93,1228847,31,-24,-60,8265,98,-209,7980,0,0,177,2966,-1475,1195,0,0,0,4,0
4,-107,2.535,94,1228903,31,-24,-60,8265,98,-209,7980,0,0,177,2966,-1475,1195,0,0,0,4,0
4,-107,2.58,95,1228955,31,-24,-60,8265,98,-209,7980,0,0,177,2966,-1475,1195,0,0,0,4,0
4,-107,2.637,96,1229011,31,-24,-60,8265,98,-209,7980,0,0,177,2966,-1475,1195,0,0,0,4,0
4,-107,2.693,97,1229067,31,-24,-60,8265,98,-209,7980,0,0,177,2966,-1475,1195,0,0,0,4,0
4,-107,2.749,98,1229123,31,-24,-60,8265,98,-209,7979,0,0,177,2966,-1475,1195,0,0,0,4,0
4,-107,2.804,99,1229179,31,-24,-60,8265,98,-209,7979,0,0,177,2966,-1475,1195,0,0,0,4,0
4,-107,2.86,100,1229235,31,-24,-60,8265,98,-209,7979,0,0,177,2966,-1475,1195,0,0,0,4,0
4,-107,2.916,101,1229291,31,-24,-60,8265,98,-209,7979,0,0,177,2966,-1475,1195,0,0,0,4,0
4,-107,2.976,102,1229347,31,-24,-60,8265,98,-209,7979,0,0,177,2966,-1475,1195,0,0,0,4,0
4,-107,3.028,103,1229403,31,-24,-60,8265,98,-209,7979,0,0,177,2966,-1475,1195,0,0,0,4,0
4,-107,3.09,104,1229459,31,-24,-60,8265,98,-209,7979,0,0,177,2966,-1475,1195,0,0,0,4,0
4,-107,3.141,105,1229515,31,-24,-60,8265,98,-209,7979,0,0,177,2966,-1475,1195,0,0,0,4,0
4,-107,3.195,106,1229571,31,-24,-60,8265,98,-209,7979,0,0,177,2966,-1475,1195,0,0,0,4,0
4,-107,3.252,107,1229627,31,-24,-60,8265,98,-209,7979,0,0,177,2966,-1475,1195,0,0,0,4,0
4,-107,3.308,108,1229683,31,-24,-60,8265,98,-209,7979,0,0,177,2966,-1475,1195,0,0,0,4,0
4,-107,3.364,109,1229739,31,-24,-60,8265,98,-209,7979,0,0,177,2966,-1475,1195,0,0,0,4,0
4,-107,3.423,110,1229795,31,-24,-60,8265,98,-209,7979,0,0,177,2966,-1475,1195,0,0,0,4,0
4,-107,3.476,111,1229851,31,-24,-60,8265,98,-209,7979,0,0,177,2966,-1475,1195,0,0,0,4,0
4,-107,3.532,112,1229907,31,-24,-60,8265,98,-209,7979,0,0,177,2966,-1475,1195,0,0,0,4,0
4,-107,3.602,113,1229963,31,-24,-60,8265,98,-209,7979,0,0,177,2966,-1475,1195,0,0,0,4,0
4,-107,3.639,114,1230015,31,-24,-60,8265,98,-209,7979,0,0,177,2966,-1475,1195,0,0,0,4,0
4,-107,3.707,115,1230071,31,-24,-60,8265,98,-209,7979,0,0,177,2966,-1475,1195,0,0,0,4,0
4,-107,3.751,116,1230127,31,-24,-60,8265,98,-209,7979,0,0,177,2966,-1475,1195,0,0,0,4,0
4,-107,3.809,117,1230183,31,-24,-60,8265,98,-209,7979,0,0,177,2966,-1475,1195,0,0,0,4,0
4,-107,3.864,118,1230239,31,-24,-60,8265,98,-209,7979,0,0,177,2966,-1475,1195,0,0,0,4,0
4,-107,3.919,119,1230295,31,-24,-60,8265,98,-209,7979,0,0,177,2966,-1475,1195,0,0,0,4,0
4,-107,3.978,120,1230351,31,-24,-60,8265,98,-209,7979,0,0,177,2966,-1475,1195,0,0,0,4,0
4,-107,4.031,121,1230407,31,-24,-60,8265,98,-209,7979,0,0,177,2966,-1475,1195,0,0,0,4,0
4,-107,4.089,122,1230463,31,-24,-60,8265,98,-209,7979,0,0,177,2966,-1475,1195,0,0,0,4,0
4,-107,4.143,123,1230519,31,-24,-60,8265,98,-209,7979,0,0,177,2966,-1475,1195,0,0,0,4,0
4,-107,4.205,124,1230575,31,-24,-60,8265,98,-209,7979,0,0,177,2966,-1475,1195,0,0,0,4,0
4,-107,4.256,125,1230631,31,-24,-60,8265,98,-209,7979,0,0,177,2966,-1475,1195,0,0,0,4,0
4,-107,4.313,126,1230687,31,-24,-60,8265,98,-209,7979,0,0,177,2966,-1475,1195,0,0,0,4,0
4,-107,4.37,127,1230743,31,-24,-60,8265,98,-209,7979,0,0,177,2966,-1475,1195,0,0,0,4,0
4,-107,4.424,0,1230799,31,-24,-60,8265,98,-209,7979,0,0,177,2966,-1475,1195,0,0,0,4,0
4,-107,4.479,1,1230855,31,-24,-60,8265,98,-209,7979,0,0,177,2966,-1475,1195,0,0,0,4,0
4,-107,4.536,2,1230911,31,-24,-60,8265,98,-209,7979,0,0,177,2966,-1475,1195,0,0,0,4,0
4,-107,4.592,3,1230967,31,-24,-60,8265,98,-209,7979,0,0,177,2966,-1475,1195,0,0,0,4,0
4,-107,4.654,4,1231023,31,-24,-60,8265,98,-209,7979,0,0,177,2966,-1475,1195,0,0,0,4,0
4,-107,4.7,5,1231075,31,-24,-60,8265,98,-209,7979,0,0,177,2966,-1475,1195,0,0,0,4,0
4,-107,4.756,6,1231131,31,-24,-60,8265,98,-209,7979,0,0,177,2966,-1475,1195,0,0,0,4,0
4,-107,4.812,7,1231187,31,-24,-60,8265,98,-209,7979,0,0,177,2966,-1475,1195,0,0,0,4,0
4,-107,4.867,8,1231243,31,-24,-60,8265,98,-209,7979,0,0,177,2966,-1475,1195,0,0,0,4,0
4,-107,4.922,9,1231299,31,-24,-60,8265,98,-209,7979,0,0,177,2966,-1475,1195,0,0,0,4,0
4,-107,4.98,10,1231355,31,-24,-60,8265,98,-209,7979,0,0,177,2966,-1475,1195,0,0,0,4,0
4,-107,5.035,11,1231411,31,-24,-60,8265,98,-209,7979,0,0,177,2966,-1475,1195,0,0,0,4,0
4,-107,5.092,12,1231467,31,-24,-60,8265,98,-209,7979,0,0,177,2966,-1475,1195,0,0,0,4,0
4,-107,5.15,13,1231523,31,-24,-60,8265,98,-209,7979,0,0,177,2966,-1475,1195,0,0,0,4,0
4,-107,5.204,14,1231579,31,-24,-60,8265,98,-209,7979,0,0,177,2966,-1475,1195,0,0,0,4,0
4,-107,5.26,15,1231635,31,-24,-60,8265,98,-209,7979,0,0,177,2966,-1475,1195,0,0,0,4,0
4,-107,5.316,16,1231691,31,-24,-60,8265,98,-209,7979,0,0,177,2966,-1475,1195,0,0,0,4,0
4,-107,5.371,17,1231747,31,-24,-60,8265,98,-209,7979,0,0,177,2966,-1475,1195,0,0,0,4,0
4,-107,5.428,18,1231803,31,-24,-60,8265,98,-209,7979,0,0,177,2966,-1475,1195,0,0,0,4,0
4,-107,5.484,19,1231859,31,-24,-60,8265,98,-209,7979,0,0,177,2966,-1475,1195,0,0,0,4,0
4,-107,5.54,20,1231915,31,-24,-60,8265,98,-209,7979,0,0,177,2966,-1475,1195,0,0,0,4,0
4,-107,5.596,21,1231971,31,-24,-60,8265,98,-209,7979,0,0,177,2966,-1475,1195,0,0,0,4,0
4,-107,5.652,22,1232027,31,-24,-60,8265,98,-209,7979,0,0,177,2966,-1475,1195,0,0,0,4,0
4,-107,5.715,23,1232083,31,-24,-60,8265,98,-209,7979,0,0,177,2966,-1475,1195,0,0,0,4,0
4,-107,5.761,24,1232135,31,-24,-60,8265,98,-209,7979,0,0,177,2966,-1475,1195,0,0,0,4,0
4,-107,5.816,25,1232191,31,-24,-60,8265,98,-209,7979,0,0,177,2966,-1475,1195,0,0,0,4,0
4,-107,5.871,26,1232247,31,-24,-60,8265,98,-209,7979,0,0,177,2966,-1475,1195,0,0,0,4,0
4,-107,5.928,27,1232303,31,-24,-60,8265,98,-209,7979,0,0,177,2966,-1475,1195,0,0,0,4,0
4,-107,5.984,28,1232359,31,-24,-60,8265,98,-209,7978,0,0,177,2966,-1475,1195,0,0,0,4,0
4,-107,6.039,29,1232415,31,-24,-60,8265,98,-209,7978,0,0,177,2966,-1475,1195,0,0,0,4,0
4,-107,6.097,30,1232471,31,-24,-60,8265,98,-209,7979,0,0,177,2966,-1475,1195,0,0,0,4,0
4,-107,6.153,31,1232527,31,-24,-60,8265,98,-209,7979,0,0,177,2966,-1475,1195,0,0,0,4,0
4,-107,6.209,32,1232583,31,-24,-60,8265,98,-209,7979,0,0,177,2966,-1475,1195,0,0,0,4,0
4,-107,6.264,33,1232639,31,-24,-60,8265,98,-209,7979,0,0,177,2966,-1475,1195,0,0,0,4,0
4,-107,6.319,34,1232695,31,-24,-60,8265,98,-209,7979,0,0,177,2966,-1475,1195,0,0,0,4,0
4,-107,6.376,35,1232751,31,-24,-60,8265,98,-209,7979,0,0,177,2966,-1475,1195,0,0,0,4,0
4,-107,6.433,36,1232807,31,-24,-60,8265,98,-209,7979,0,0,177,2966,-1475,1195,0,0,0,4,0
4,-107,6.488,37,1232863,31,-24,-60,8265,98,-209,7979,0,0,177,2966,-1475,1195,0,0,0,4,0
4,-107,6.543,38,1232919,31,-24,-60,8265,98,-209,7979,0,0,177,2966,-1475,1195,0,0,0,4,0
4,-107,6.603,39,1232975,31,-24,-60,8265,98,-209,7979,0,0,177,2966,-1475,1195,0,0,0,4,0
4,-107,6.663,40,1233031,31,-24,-60,8265,98,-209,7979,0,0,177,2966,-1475,1195,0,0,0,4,0
4,-107,6.72,41,1233087,31,-24,-60,8265,98,-209,7979,0,0,177,2966,-1475,1195,0,0,0,4,0
4,-107,6.775,42,1233143,31,-24,-60,8265,98,-209,7979,0,0,177,2966,-1475,1195,0,0,0,4,0
4,-107,6.819,43,1233195,31,-24,-60,8265,98,-209,7979,0,0,177,2966,-1475,1195,0,0,0,4,0
4,-107,6.881,44,1233251,31,-24,-60,8265,98,-209,7979,0,0,177,2966,-1475,1195,0,0,0,4,0
4,-107,6.931,45,1233307,31,-24,-60,8265,98,-209,7979,0,0,177,2966,-1475,1195,0,0,0,4,0
4,-107,6.989,46,1233363,31,-24,-60,8265,98,-209,7979,0,0,177,2966,-1475,1195,0,0,0,4,0
4,-107,7.044,47,1233419,31,-24,-60,8265,98,-209,7979,0,0,177,2966,-1475,1195,0,0,0,4,0
4,-107,7.098,48,1233475,31,-24,-60,8265,98,-209,7978,0,0,177,2966,-1475,1195,0,0,0,4,0
4,-107,7.155,49,1233531,31,-24,-60,8265,98,-209,7978,0,0,177,2966,-1475,1195,0,0,0,4,0
4,-107,7.21,50,1233587,31,-24,-60,8265,98,-209,7978,0,0,177,2966,-1475,1195,0,0,0,4,0
4,-107,7.268,51,1233643,31,-24,-60,8265,98,-209,7978,0,0,177,2966,-1475,1195,0,0,0,4,0
4,-107,7.324,52,1233699,31,-24,-60,8265,98,-209,7978,0,0,177,2966,-1475,1195,0,0,0,4,0
4,-107,7.384,53,1233755,31,-24,-60,8265,98,-209,7978,0,0,177,2966,-1475,1195,0,0,0,4,0
4,-107,7.434,54,1233811,31,-24,-60,8265,98,-209,7978,0,0,177,2966,-1475,1195,0,0,0,4,0
4,-107,7.492,55,1233867,31,-24,-60,8265,98,-209,7978,0,0,177,2966,-1475,1195,0,0,0,4,0
4,-107,7.546,56,1233923,31,-24,-60,8265,98,-209,7978,0,0,177,2966,-1475,1195,0,0,0,4,0
4,-107,7.604,57,1233979,31,-24,-60,8265,98,-209,7978,0,0,177,2966,-1475,1195,0,0,0,4,0
4,-107,7.659,58,1234035,31,-24,-60,8265,98,-209,7978,0,0,177,2966,-1475,1195,0,0,0,4,0
4,-107,7.715,59,1234091,31,-24,-60,8265,98,-209,7978,0,0,177,2966,-1475,1195,0,0,0,4,0
4,-107,7.772,60,1234147,31,-24,-60,8265,98,-209,7978,0,0,177,2966,-1475,1195,0,0,0,4,0
4,-107,7.835,61,1234203,31,-24,-60,8265,98,-209,7978,0,0,177,2966,-1475,1195,0,0,0,4,0
4,-107,7.88,62,1234255,31,-24,-60,8265,98,-209,7978,0,0,177,2966,-1475,1195,0,0,0,4,0
4,-107,7.935,63,1234311,31,-24,-60,8265,98,-209,7978,0,0,177,2966,-1475,1195,0,0,0,4,0
4,-107,7.995,64,1234367,31,-24,-60,8265,98,-209,7978,0,0,177,2966,-1475,1195,0,0,0,4,0
4,-107,8.048,65,1234423,31,-24,-60,8265,98,-209,7978,0,0,177,2966,-1475,1195,0,0,0,4,0
4,-107,8.104,66,1234479,31,-24,-60,8265,98,-209,7978,0,0,177,2966,-1475,1195,0,0,0,4,0
4,-107,8.159,67,1234535,31,-24,-60,8265,98,-209,7978,0,0,177,2966,-1475,1195,0,0,0,4,0
4,-107,8.215,68,1234591,31,-24,-60,8265,98,-209,7978,0,0,177,2966,-1475,1195,0,0,0,4,0
4,-107,8.271,69,1234647,31,-24,-60,8265,98,-209,7978,0,0,177,2966,-1475,1195,0,0,0,4,0
4,-107,8.327,70,1234703,31,-24,-60,8265,98,-209,7978,0,0,177,2966,-1475,1195,0,0,0,4,0
4,-107,8.391,71,1234759,31,-24,-60,8265,98,-209,7978,0,0,177,2966,-1475,1195,0,0,0,4,0
4,-107,8.441,72,1234815,31,-24,-60,8265,98,-209,7978,0,0,177,2966,-1475,1195,0,0,0,4,0
4,-107,8.496,73,1234871,31,-24,-60,8265,98,-209,7978,0,0,177,2966,-1475,1195,0,0,0,4,0
4,-107,8.551,74,1234927,31,-24,-60,8265,98,-209,7978,0,0,177,2966,-1475,1195,0,0,0,4,0
4,-107,8.61,75,1234983,31,-24,-60,8265,98,-209,7978,0,0,177,2966,-1475,1195,0,0,0,4,0
4,-107,8.668,76,1235039,31,-24,-60,8265,98,-209,7978,0,0,177,2966,-1475,1195,0,0,0,4,0
4,-107,8.719,77,1235095,31,-24,-60,8265,98,-209,7978,0,0,177,2966,-1475,1195,0,0,0,4,0
4,-107,8.774,78,1235151,31,-24,-60,8265,98,-209,7978,0,0,177,2966,-1475,1195,0,0,0,4,0
4,-107,8.832,79,1235207,31,-24,-60,8265,98,-209,7978,0,0,177,2966,-1475,1195,0,0,0,4,0
4,-107,8.894,80,1235263,31,-24,-60,8265,98,-209,7978,0,0,177,2966,-1475,1195,0,0,0,4,0
4,-107,8.94,81,1235315,31,-24,-60,8265,98,-209,7978,0,0,177,2966,-1475,1195,0,0,0,4,0
4,-107,8.996,82,1235371,31,-24,-60,8265,98,-209,7978,0,0,177,2966,-1475,1195,0,0,0,4,0
4,-107,9.055,83,1235427,31,-24,-60,8265,98,-209,7978,0,0,177,2966,-1475,1195,0,0,0,4,0
4,-107,9.107,84,1235483,31,-24,-60,8265,98,-209,7978,0,0,177,2966,-1475,1195,0,0,0,4,0
4,-107,9.163,85,1235539,31,-24,-60,8265,98,-209,7978,0,0,177,2966,-1475,1195,0,0,0,4,0
4,-107,9.234,86,1235595,31,-24,-60,8265,98,-209,7978,0,0,177,2966,-1475,1195,0,0,0,4,0
4,-107,9.276,87,1235651,31,-24,-60,8265,98,-209,7978,0,0,177,2966,-1475,1195,0,0,0,4,0
4,-107,9.334,88,1235707,31,-24,-60,8265,98,-209,7978,0,0,177,2966,-1475,1195,0,0,0,4,0
4,-107,9.388,89,1235763,31,-24,-60,8265,98,-209,7978,0,0,177,2966,-1475,1195,0,0,0,4,0
4,-107,9.444,90,1235819,31,-24,-60,8265,98,-209,7978,0,0,177,2966,-1475,1195,0,0,0,4,0
4,-107,9.5,91,1235875,31,-24,-60,8265,98,-209,7978,0,0,177,2966,-1475,1195,0,0,0,4,0
4,-107,9.558,92,1235931,31,-24,-60,8265,98,-209,7978,0,0,177,2966,-1475,1195,0,0,0,4,0
4,-107,9.611,93,1235987,31,-24,-60,8265,98,-209,7978,0,0,177,2966,-1475,1195,0,0,0,4,0
4,-107,9.669,94,1236043,31,-24,-60,8265,98,-209,7978,0,0,177,2966,-1475,1195,0,0,0,4,0
4,-107,9.724,95,1236099,31,-24,-60,8265,98,-209,7978,0,0,177,2966,-1475,1195,0,0,0,4,0
4,-107,9.783,96,1236155,31,-24,-60,8265,98,-209,7977,0,0,177,2966,-1475,1195,0,0,0,4,0
4,-107,9.839,97,1236211,31,-24,-60,8265,98,-209,7977,0,0,177,2966,-1475,1195,0,0,0,4,0
4,-107,9.899,98,1236267,31,-24,-60,8265,98,-209,7977,0,0,177,2966,-1475,1195,0,0,0,4,0
4,-107,9.954,99,1236323,31,-24,-60,8265,98,-209,7977,0,0,177,2966,-1475,1195,0,0,0,4,0
4,-107,10.002,100,1236375,31,-24,-60,8265,98,-209,7977,0,0,177,2966,-1475,1195,0,0,0,4,0
4,-107,10.056,101,1236431,31,-24,-60,8265,98,-209,7977,0,0,177,2966,-1475,1195,0,0,0,4,0
4,-107,10.119,102,1236487,31,-24,-60,8265,98,-209,7977,0,0,177,2966,-1475,1195,0,0,0,4,0
4,-107,10.167,103,1236543,31,-24,-60,8265,98,-209,7977,0,0,177,2966,-1475,1195,0,0,0,4,0
5,180,-0.049,51,1240783,31,-24,-60,8265,98,-209,7975,0,0,177,2966,-1475,1195,0,0,0,4,0
5,180,0.008,52,1240839,31,-24,-60,8265,98,-209,7975,0,0,177,2966,-1475,1195,0,0,0,4,0
5,180,0.068,53,1240899,31,-24,-60,8265,98,-209,7975,0,0,177,2968,-1475,1195,-300,300,0,4,0
5,180,0.139,54,1240971,31,-24,-60,8277,98,-209,7975,-6,3,179,2971,-1477,1197,-1100,900,0,4,0
5,180,0.212,55,1241043,31,-24,-61,8417,98,-209,7977,-23,32,179,2974,-1502,1217,-1800,1800,0,4,0
5,180,0.284,56,1241115,31,-24,-60,8856,100,-210,8306,-82,91,179,2977,-1569,1292,-2400,2400,0,4,0
5,180,0.356,57,1241187,31,-24,-60,9587,100,-210,8306,-128,131,179,2980,-1688,1409,-2900,2800,0,4,0
5,180,0.428,58,1241259,31,-24,-61,10516,109,-211,9439,-161,146,179,2983,-1841,1556,-3200,3200,0,4,0
5,180,0.503,59,1241331,31,-24,-61,11658,123,-209,11072,-187,169,179,2986,-2027,1739,-3600,3700,0,4,0
5,180,0.572,60,1241403,31,-24,-61,12973,123,-209,11072,-211,202,179,2989,-2241,1950,-4000,4000,0,4,0
5,180,0.649,61,1241475,31,-24,-61,14472,136,-204,13162,-237,228,179,2992,-2486,2189,-4300,4300,0,4,0
5,180,0.727,62,1241548,31,-23,-61,16122,149,-192,15648,-275,245,179,2995,-2763,2445,-4400,4400,0,4,0
5,180,0.787,63,1241619,31,-22,-61,17849,149,-192,15648,-283,274,179,2998,-3055,2711,-4000,4200,0,4,0
5,180,0.862,64,1241691,31,-22,-61,19459,155,-175,-17703,-260,234,179,3001,-3325,2961,-3400,3600,0,4,0
5,180,0.933,65,1241763,31,-22,-61,20904,152,-160,-15352,-210,228,179,3004,-3558,3195,-2700,3100,0,4,0
5,180,1.015,66,1241835,31,-22,-62,22099,152,-160,-15352,-169,178,179,3007,-3744,3395,-2200,2300,0,4,0
5,180,1.079,67,1241907,31,-22,-62,23003,145,-150,-13539,-120,133,179,3010,-3886,3545,-1900,2100,0,4,0
5,180,1.15,68,1241979,31,-22,-62,23734,145,-150,-13539,-108,91,179,3013,-4000,3667,-1700,1800,0,4,0
5,180,1.222,69,1242051,31,-23,-63,24340,138,-145,-12337,-88,105,179,3016,-4088,3775,-1700,1700,0,4,0
5,180,1.292,70,1242123,31,-23,-63,24885,132,-142,-11449,-73,105,179,3019,-4169,3870,-1600,1500,0,4,0
5,180,1.364,71,1242195,31,-23,-63,25322,132,-142,-11449,-55,64,179,3022,-4241,3939,-1100,1100,0,4,0
5,180,1.436,72,1242267,31,-23,-63,25684,127,-141,-10714,-50,55,179,3025,-4297,4000,-800,600,0,4,0
5,180,1.507,73,1242339,31,-23,-63,25900,124,-140,-10295,-18,35,179,3028,-4333,4034,-600,400,0,4,0
5,180,1.581,74,1242411,31,-23,-63,26009,124,-140,-10295,-15,15,179,3031,-4352,4050,-700,700,0,4,0
5,180,1.679,75,1242500,31,-23,-63,26114,122,-140,-10148,0,0,180,3036,-4369,4067,0,0,0,4,0
5,180,1.724,76,1242555,31,-23,-63,26114,121,-140,-10058,0,0,180,3036,-4369,4067,0,0,0,4,0
5,180,1.78,77,1242611,31,-23,-63,26114,121,-140,-10058,0,0,180,3036,-4369,4067,0,0,0,4,0
5,180,1.835,78,1242667,31,-23,-63,26114,121,-140,-10058,0,0,180,3036,-4369,4067,0,0,0,4,0
5,180,1.892,79,1242723,31,-23,-63,26114,121,-140,-10058,0,0,180,3036,-4369,4067,0,0,0,4,0
5,180,1.948,80,1242779,31,-23,-63,26114,121,-140,-10058,0,0,180,3036,-4369,4067,0,0,0,4,0
5,180,2.005,81,1242835,31,-23,-63,26114,121,-140,-10058,0,0,180,3036,-4369,4067,0,0,0,4,0
5,180,2.059,82,1242891,31,-23,-63,26114,121,-140,-10058,0,0,180,3036,-4369,4067,0,0,0,4,0
5,180,2.115,83,1242947,31,-23,-63,26114,121,-140,-10058,0,0,180,3036,-4369,4067,0,0,0,4,0
5,180,2.176,84,1243003,31,-23,-63,26114,121,-140,-10058,0,0,180,3036,-4369,4067,0,0,0,4,0
5,180,2.236,85,1243059,31,-23,-63,26114,121,-140,-10058,0,0,180,3036,-4369,4067,0,0,0,4,0
5,180,2.279,86,1243111,31,-23,-63,26114,121,-140,-10058,0,0,180,3036,-4369,4067,0,0,0,4,0
5,180,2.335,87,1243167,31,-23,-63,26114,121,-140,-10058,0,0,180,3036,-4369,4067,0,0,0,4,0
5,180,2.394,88,1243223,31,-23,-63,26114,121,-140,-10059,0,0,180,3036,-4369,4067,0,0,0,4,0
5,180,2.451,89,1243279,31,-23,-63,26114,121,-140,-10059,0,0,180,3036,-4369,4067,0,0,0,4,0
5,180,2.504,90,1243335,31,-23,-63,26114,121,-140,-10059,0,0,180,3036,-4369,4067,0,0,0,4,0
5,180,2.562,91,1243391,31,-23,-63,26114,121,-140,-10059,0,0,180,3036,-4369,4067,0,0,0,4,0
5,180,2.616,92,1243447,31,-23,-63,26114,121,-140,-10059,0,0,180,3036,-4369,4067,0,0,0,4,0
5,180,2.676,93,1243503,31,-23,-63,26114,121,-140,-10059,0,0,180,3036,-4369,4067,0,0,0,4,0
5,180,2.728,94,1243559,31,-23,-63,26114,121,-140,-10058,0,0,180,3036,-4369,4067,0,0,0,4,0
5,180,2.783,95,1243615,31,-23,-63,26114,121,-140,-10058,0,0,180,3036,-4369,4067,0,0,0,4,0
5,180,2.842,96,1243671,31,-23,-63,26114,121,-140,-10058,0,0,180,3036,-4369,4067,0,0,0,4,0
5,180,2.919,97,1243727,31,-23,-63,26114,121,-140,-10058,0,0,180,3036,-4369,4067,0,0,0,4,0
5,180,2.952,98,1243783,31,-23,-63,26114,121,-140,-10059,0,0,180,3036,-4369,4067,0,0,0,4,0
5,180,3.008,99,1243839,31,-23,-63,26114,121,-140,-10059,0,0,180,3036,-4369,4067,0,0,0,4,0
5,180,3.063,100,1243895,31,-23,-63,26114,121,-140,-10059,0,0,180,3036,-4369,4067,0,0,0,4,0
5,180,3.12,101,1243951,31,-23,-63,26114,121,-140,-10059,0,0,180,3036,-4369,4067,0,0,0,4,0
5,180,3.176,102,1244007,31,-23,-63,26114,121,-140,-10059,0,0,180,3036,-4369,4067,0,0,0,4,0
5,180,3.23,103,1244063,31,-23,-63,26114,121,-140,-10059,0,0,180,3036,-4369,4067,0,0,0,4,0
5,180,3.296,104,1244119,31,-23,-63,26114,121,-140,-10059,0,0,180,3036,-4369,4067,0,0,0,4,0
5,180,3.339,105,1244171,31,-23,-63,26114,121,-140,-10059,0,0,180,3036,-4369,4067,0,0,0,4,0
5,180,3.396,106,1244227,31,-23,-63,26114,121,-140,-10059,0,0,180,3036,-4369,4067,0,0,0,4,0
5,180,3.452,107,1244283,31,-23,-63,26114,121,-140,-10059,0,0,180,3036,-4369,4067,0,0,0,4,0
5,180,3.506,108,1244339,31,-23,-63,26114,121,-140,-10059,0,0,180,3036,-4369,4067,0,0,0,4,0
5,180,3.563,109,1244395,31,-23,-63,26114,121,-140,-10059,0,0,180,3036,-4369,4067,0,0,0,4,0
5,180,3.62,110,1244451,31,-23,-63,26114,121,-140,-10059,0,0,180,3036,-4369,4067,0,0,0,4,0
5,180,3.688,111,1244507,31,-23,-63,26114,121,-140,-10059,0,0,180,3036,-4369,4067,0,0,0,4,0
5,180,3.732,112,1244563,31,-23,-63,26114,121,-140,-10059,0,0,180,3036,-4369,4067,0,0,0,4,0
5,180,3.787,113,1244619,31,-23,-63,26114,121,-140,-10058,0,0,180,3036,-4369,4067,0,0,0,4,0
5,180,3.844,114,1244675,31,-23,-63,26114,121,-140,-10058,0,0,180,3036,-4369,4067,0,0,0,4,0
5,180,3.901,115,1244731,31,-23,-63,26114,121,-140,-10059,0,0,180,3036,-4369,4067,0,0,0,4,0
5,180,3.956,116,1244787,31,-23,-63,26114,121,-140,-10059,0,0,180,3036,-4369,4067,0,0,0,4,0
5,180,4.012,117,1244843,31,-23,-63,26114,121,-140,-10059,0,0,180,3036,-4369,4067,0,0,0,4,0
5,180,4.068,118,1244899,31,-23,-63,26114,121,-140,-10059,0,0,180,3036,-4369,4067,0,0,0,4,0
5,180,4.122,119,1244955,31,-23,-63,26114,121,-140,-10059,0,0,180,3036,-4369,4067,0,0,0,4,0
5,180,4.18,120,1245011,31,-23,-63,26114,121,-140,-10059,0,0,180,3036,-4369,4067,0,0,0,4,0
5,180,4.236,121,1245067,31,-23,-63,26114,121,-140,-10059,0,0,180,3036,-4369,4067,0,0,0,4,0
5,180,4.302,122,1245123,31,-23,-63,26114,121,-140,-10059,0,0,180,3036,-4369,4067,0,0,0,4,0
5,180,4.356,123,1245179,31,-23,-63,26114,121,-140,-10059,0,0,180,3036,-4369,4067,0,0,0,4,0
5,180,4.399,124,1245231,31,-23,-63,26114,121,-140,-10059,0,0,180,3036,-4369,4067,0,0,0,4,0
5,180,4.458,125,1245287,31,-23,-63,26114,121,-140,-10059,0,0,180,3036,-4369,4067,0,0,0,4,0
5,180,4.511,126,1245343,31,-23,-63,26114,121,-140,-10059,0,0,180,3036,-4369,4067,0,0,0,4,0
5,180,4.567,127,1245399,31,-23,-63,26114,121,-140,-10059,0,0,180,3036,-4369,4067,0,0,0,4,0
5,180,4.622,0,1245455,31,-23,-63,26114,121,-140,-10059,0,0,180,3036,-4369,4067,0,0,0,4,0
5,180,4.679,1,1245511,31,-23,-63,26114,121,-140,-10059,0,0,180,3036,-4369,4067,0,0,0,4,0
5,180,4.735,2,1245567,31,-23,-63,26114,121,-140,-10059,0,0,180,3036,-4369,4067,0,0,0,4,0
5,180,4.791,3,1245623,31,-23,-63,26114,121,-140,-10059,0,0,180,3036,-4369,4067,0,0,0,4,0
5,180,4.847,4,1245679,31,-23,-63,26114,121,-140,-10059,0,0,180,3036,-4369,4067,0,0,0,4,0
5,180,4.932,5,1245735,31,-23,-63,26114,121,-140,-10059,0,0,180,3036,-4369,4067,0,0,0,4,0
5,180,4.96,6,1245791,31,-23,-63,26114,121,-140,-10059,0,0,180,3036,-4369,4067,0,0,0,4,0
5,180,5.015,7,1245847,31,-23,-63,26114,121,-140,-10059,0,0,180,3036,-4369,4067,0,0,0,4,0
5,180,5.07,8,1245903,31,-23,-63,26114,121,-140,-10059,0,0,180,3036,-4369,4067,0,0,0,4,0
5,180,5.127,9,1245959,31,-23,-63,26114,121,-140,-10059,0,0,180,3036,-4369,4067,0,0,0,4,0
5,180,5.183,10,1246015,31,-23,-63,26114,121,-140,-10059,0,0,180,3036,-4369,4067,0,0,0,4,0
5,180,5.242,11,1246071,31,-23,-63,26114,121,-140,-10059,0,0,180,3036,-4369,4067,0,0,0,4,0
5,180,5.296,12,1246127,31,-23,-63,26114,121,-140,-10059,0,0,180,3036,-4369,4067,0,0,0,4,0
5,180,5.352,13,1246183,31,-23,-63,26114,121,-140,-10059,0,0,180,3036,-4369,4067,0,0,0,4,0
5,180,5.416,14,1246239,31,-23,-63,26114,121,-140,-10059,0,0,180,3036,-4369,4067,0,0,0,4,0
5,180,5.459,15,1246291,31,-23,-63,26114,121,-140,-10059,0,0,180,3036,-4369,4067,0,0,0,4,0
5,180,5.56,16,1246347,31,-23,-63,26114,121,-140,-10059,0,0,180,3036,-4369,4067,0,0,0,4,0
5,180,5.573,17,1246403,31,-23,-63,26114,121,-140,-10059,0,0,180,3036,-4369,4067,0,0,0,4,0
5,180,5.627,18,1246459,31,-23,-63,26114,121,-140,-10059,0,0,180,3036,-4369,4067,0,0,0,4,0
5,180,5.685,19,1246515,31,-23,-63,26114,121,-140,-10059,0,0,180,3036,-4369,4067,0,0,0,4,0
5,180,5.743,20,1246571,31,-23,-63,26114,121,-140,-10059,0,0,180,3036,-4369,4067,0,0,0,4,0
5,180,5.795,21,1246627,31,-23,-63,26114,121,-140,-10059,0,0,180,3036,-4369,4067,0,0,0,4,0
5,180,5.851,22,1246683,31,-23,-63,26114,121,-140,-10059,0,0,180,3036,-4369,4067,0,0,0,4,0
5,180,5.91,23,1246739,31,-23,-63,26114,121,-140,-10059,0,0,180,3036,-4369,4067,0,0,0,4,0
5,180,5.964,24,1246795,31,-23,-63,26114,121,-140,-10059,0,0,180,3036,-4369,4067,0,0,0,4,0
5,180,6.02,25,1246851,31,-23,-63,26114,121,-140,-10059,0,0,180,3036,-4369,4067,0,0,0,4,0
5,180,6.075,26,1246907,31,-23,-63,26114,121,-140,-10059,0,0,180,3036,-4369,4067,0,0,0,4,0
5,180,6.135,27,1246963,31,-23,-63,26114,121,-140,-10059,0,0,180,3036,-4369,4067,0,0,0,4,0
5,180,6.188,28,1247019,31,-23,-63,26114,121,-140,-10059,0,0,180,3036,-4369,4067,0,0,0,4,0
5,180,6.242,29,1247075,31,-23,-63,26114,121,-140,-10059,0,0,180,3036,-4369,4067,0,0,0,4,0
6,-180,0.001,99,1250979,31,-23,-63,26114,121,-140,-10062,0,0,180,3036,-4369,4067,0,0,0,4,0
6,-180,0.068,100,1251047,31,-23,-63,26114,121,-140,-10062,0,0,180,3038,-4369,4067,300,-300,0,4,0
6,-180,0.14,101,1251119,31,-23,-63,26071,121,-140,-10062,16,-4,181,3041,-4358,4064,1000,-900,0,4,0
6,-180,0.212,102,1251191,31,-23,-64,25866,121,-140,-10062,41,-32,181,3044,-4322,4034,1700,-1700,0,4,0
6,-180,0.291,103,1251263,31,-23,-64,25495,122,-140,-10140,88,-73,181,3047,-4261,3975,2400,-2400,0,4,0
6,-180,0.356,104,1251335,31,-23,-64,24832,127,-142,-10932,129,-114,181,3050,-4150,3872,2800,-2800,0,4,0
6,-180,0.428,105,1251407,31,-23,-64,23922,127,-142,-10932,169,-163,181,3053,-4000,3728,3200,-3300,0,4,0
6,-180,0.5,106,1251479,31,-23,-64,22830,136,-148,-12380,178,-178,181,3056,-3825,3550,3600,-3600,0,4,0
6,-180,0.572,107,1251551,31,-23,-64,21533,145,-157,-14290,219,-193,181,3059,-3611,3345,4000,-4100,0,4,0
6,-180,0.647,108,1251623,31,-23,-64,20044,145,-157,-14290,242,-251,181,3062,-3375,3100,4400,-4400,0,4,0
6,-180,0.735,109,1251696,31,-23,-64,18418,151,-171,-16632,269,-274,181,3065,-3116,2834,4500,-4400,0,4,0
6,-180,0.948,110,1251928,31,7,-53,15400,149,-199,15054,0,0,181,3078,-2680,2295,0,0,0,4,0
6,-180,1.005,111,1251979,31,7,-53,15400,149,-199,15054,0,0,181,3080,-2680,2295,0,0,0,4,0
6,-180,1.056,112,1252035,31,7,-53,15400,150,-200,15029,0,0,181,3081,-2680,2295,0,0,0,4,0
6,-180,1.111,113,1252091,31,7,-53,15400,150,-200,15029,0,0,181,3081,-2680,2295,0,0,0,4,0
6,-180,1.169,114,1252147,31,7,-53,15400,150,-200,15029,0,0,181,3081,-2680,2295,0,0,0,4,0
6,-180,1.224,115,1252203,31,7,-53,15400,150,-200,15029,0,0,181,3081,-2680,2295,0,0,0,4,0
6,-180,1.28,116,1252259,31,7,-53,15400,150,-200,15029,0,0,181,3081,-2680,2295,0,0,0,4,0
6,-180,1.336,117,1252315,31,7,-53,15400,150,-200,15029,0,0,181,3081,-2680,2295,0,0,0,4,0
6,-180,1.405,118,1252371,31,7,-53,15400,150,-200,15029,0,0,181,3081,-2680,2295,0,0,0,4,0
6,-180,1.448,119,1252427,31,7,-53,15400,150,-200,15029,0,0,181,3081,-2680,2295,0,0,0,4,0
6,-180,1.507,120,1252483,31,7,-53,15400,150,-200,15029,0,0,181,3081,-2680,2295,0,0,0,4,0
6,-180,1.56,121,1252539,31,7,-53,15400,150,-200,15029,0,0,181,3081,-2680,2295,0,0,0,4,0
6,-180,1.619,122,1252595,31,7,-53,15400,150,-200,15029,0,0,181,3081,-2680,2295,0,0,0,4,0
6,-180,1.672,123,1252651,31,7,-53,15400,150,-200,15029,0,0,181,3081,-2680,2295,0,0,0,4,0
6,-180,1.728,124,1252707,31,7,-53,15400,150,-200,15029,0,0,181,3081,-2680,2295,0,0,0,4,0
6,-180,1.783,125,1252763,31,7,-53,15400,150,-200,15029,0,0,181,3081,-2680,2295,0,0,0,4,0
6,-180,1.839,126,1252819,31,7,-53,15400,150,-200,15029,0,0,181,3081,-2680,2295,0,0,0,4,0
6,-180,1.896,127,1252875,31,7,-53,15400,150,-200,15029,0,0,181,3081,-2680,2295,0,0,0,4,0
6,-180,1.961,0,1252931,31,7,-53,15400,150,-200,15029,0,0,181,3081,-2680,2295,0,0,0,4,0
6,-180,2.004,1,1252983,31,7,-53,15400,150,-200,15029,0,0,181,3081,-2680,2295,0,0,0,4,0
6,-180,2.063,2,1253039,31,7,-53,15400,150,-200,15029,0,0,181,3081,-2680,2295,0,0,0,4,0
6,-180,2.116,3,1253095,31,7,-53,15400,150,-200,15029,0,0,181,3081,-2680,2295,0,0,0,4,0
6,-180,2.172,4,1253151,31,7,-53,15400,150,-200,15029,0,0,181,3081,-2680,2295,0,0,0,4,0
6,-180,2.234,5,1253207,31,7,-53,15400,150,-200,15029,0,0,181,3081,-2680,2295,0,0,0,4,0
6,-180,2.29,6,1253263,31,7,-53,15400,150,-200,15029,0,0,181,3081,-2680,2295,0,0,0,4,0
6,-180,2.341,7,1253319,31,7,-53,15400,150,-200,15029,0,0,181,3081,-2680,2295,0,0,0,4,0
6,-180,2.397,8,1253375,31,7,-53,15400,150,-200,15029,0,0,181,3081,-2680,2295,0,0,0,4,0
6,-180,2.452,9,1253431,31,7,-53,15400,150,-200,15029,0,0,181,3081,-2680,2295,0,0,0,4,0
6,-180,2.508,10,1253487,31,7,-53,15400,150,-200,15029,0,0,181,3081,-2680,2295,0,0,0,4,0
6,-180,2.564,11,1253543,31,7,-53,15400,150,-200,15029,0,0,181,3081,-2680,2295,0,0,0,4,0
6,-180,2.62,12,1253599,31,7,-53,15400,150,-200,15029,0,0,181,3081,-2680,2295,0,0,0,4,0
6,-180,2.678,13,1253655,31,7,-53,15400,150,-200,15029,0,0,181,3081,-2680,2295,0,0,0,4,0
6,-180,2.731,14,1253711,31,7,-53,15400,150,-200,15029,0,0,181,3081,-2680,2295,0,0,0,4,0
6,-180,2.788,15,1253767,31,7,-53,15400,150,-200,15029,0,0,181,3081,-2680,2295,0,0,0,4,0
6,-180,2.846,16,1253823,31,7,-53,15400,150,-200,15029,0,0,181,3081,-2680,2295,0,0,0,4,0
6,-180,2.899,17,1253879,31,7,-53,15400,150,-200,15029,0,0,181,3081,-2680,2295,0,0,0,4,0
6,-180,2.956,18,1253935,31,7,-53,15400,150,-200,15029,0,0,181,3081,-2680,2295,0,0,0,4,0
6,-180,3.018,19,1253991,31,7,-53,15400,150,-200,15029,0,0,181,3081,-2680,2295,0,0,0,4,0
6,-180,3.065,20,1254043,31,7,-53,15400,150,-200,15029,0,0,181,3081,-2680,2295,0,0,0,4,0
6,-180,3.119,21,1254099,31,7,-53,15400,150,-200,15029,0,0,181,3081,-2680,2295,0,0,0,4,0
6,-180,3.176,22,1254155,31,7,-53,15400,150,-200,15029,0,0,181,3081,-2680,2295,0,0,0,4,0
6,-180,3.232,23,1254211,31,7,-53,15400,150,-200,15029,0,0,181,3081,-2680,2295,0,0,0,4,0
6,-180,3.291,24,1254267,31,7,-53,15400,150,-200,15029,0,0,181,3081,-2680,2295,0,0,0,4,0
6,-180,3.344,25,1254323,31,7,-53,15400,150,-200,15029,0,0,181,3081,-2680,2295,0,0,0,4,0
6,-180,3.4,26,1254379,31,7,-53,15400,150,-200,15029,0,0,181,3081,-2680,2295,0,0,0,4,0
6,-180,3.461,27,1254435,31,7,-53,15400,150,-200,15029,0,0,181,3081,-2680,2295,0,0,0,4,0
6,-180,3.512,28,1254491,31,7,-53,15400,150,-200,15029,0,0,181,3081,-2680,2295,0,0,0,4,0
6,-180,3.567,29,1254547,31,7,-53,15400,150,-200,15029,0,0,181,3081,-2680,2295,0,0,0,4,0
6,-180,3.625,30,1254603,31,7,-53,15400,150,-200,15029,0,0,181,3081,-2680,2295,0,0,0,4,0
6,-180,3.682,31,1254659,31,7,-53,15400,150,-200,15029,0,0,181,3081,-2680,2295,0,0,0,4,0
6,-180,3.737,32,1254715,31,7,-53,15400,150,-200,15029,0,0,181,3081,-2680,2295,0,0,0,4,0
6,-180,3.792,33,1254771,31,7,-53,15400,150,-200,15029,0,0,181,3081,-2680,2295,0,0,0,4,0
6,-180,3.848,34,1254827,31,7,-53,15400,150,-200,15029,0,0,181,3081,-2680,2295,0,0,0,4,0
6,-180,3.906,35,1254883,31,7,-53,15400,150,-200,15029,0,0,181,3081,-2680,2295,0,0,0,4,0
6,-180,3.959,36,1254939,31,7,-53,15400,150,-200,15029,0,0,181,3081,-2680,2295,0,0,0,4,0
6,-180,4.016,37,1254995,31,7,-53,15400,150,-200,15029,0,0,181,3081,-2680,2295,0,0,0,4,0
6,-180,4.079,38,1255051,31,7,-53,15400,150,-200,15029,0,0,181,3081,-2680,2295,0,0,0,4,0
6,-180,4.124,39,1255103,31,7,-53,15400,150,-200,15029,0,0,181,3081,-2680,2295,0,0,0,4,0
6,-180,4.179,40,1255159,31,7,-53,15400,150,-200,15029,0,0,181,3081,-2680,2295,0,0,0,4,0
6,-180,4.236,41,1255215,31,7,-53,15400,150,-200,15029,0,0,181,3081,-2680,2295,0,0,0,4,0
6,-180,4.292,42,1255271,31,7,-53,15400,150,-200,15029,0,0,181,3081,-2680,2295,0,0,0,4,0
6,-180,4.354,43,1255327,31,7,-53,15400,150,-200,15029,0,0,181,3081,-2680,2295,0,0,0,4,0
6,-180,4.404,44,1255383,31,7,-53,15400,150,-200,15029,0,0,181,3081,-2680,2295,0,0,0,4,0
6,-180,4.46,45,1255439,31,7,-53,15400,150,-200,15029,0,0,181,3081,-2680,2295,0,0,0,4,0
6,-180,4.515,46,1255495,31,7,-53,15400,150,-200,15029,0,0,181,3081,-2680,2295,0,0,0,4,0
6,-180,4.572,47,1255551,31,7,-53,15400,150,-200,15029,0,0,181,3081,-2680,2295,0,0,0,4,0
6,-180,4.627,48,1255607,31,7,-53,15400,150,-200,15029,0,0,181,3081,-2680,2295,0,0,0,4,0
6,-180,4.69,49,1255663,31,7,-53,15400,150,-200,15029,0,0,181,3081,-2680,2295,0,0,0,4,0
6,-180,4.739,50,1255719,31,7,-53,15400,150,-200,15029,0,0,181,3081,-2680,2295,0,0,0,4,0
6,-180,4.795,51,1255775,31,7,-53,15400,150,-200,15029,0,0,181,3081,-2680,2295,0,0,0,4,0
6,-180,4.853,52,1255831,31,7,-53,15400,150,-200,15029,0,0,181,3081,-2680,2295,0,0,0,4,0
6,-180,4.961,53,1255887,31,7,-53,15400,150,-200,15029,0,0,181,3081,-2680,2295,0,0,0,4,0
6,-180,4.963,54,1255943,31,7,-53,15400,150,-200,15029,0,0,181,3081,-2680,2295,0,0,0,4,0
6,-180,5.02,55,1255999,31,7,-53,15400,150,-200,15029,0,0,181,3081,-2680,2295,0,0,0,4,0
6,-180,5.076,56,1256055,31,7,-53,15400,150,-200,15028,0,0,181,3081,-2680,2295,0,0,0,4,0
6,-180,5.139,57,1256111,31,7,-53,15400,150,-200,15028,0,0,181,3081,-2680,2295,0,0,0,4,0
6,-180,5.183,58,1256163,31,7,-53,15400,150,-200,15028,0,0,181,3081,-2680,2295,0,0,0,4,0
6,-180,5.239,59,1256219,31,7,-53,15400,150,-200,15028,0,0,181,3081,-2680,2295,0,0,0,4,0
6,-180,5.296,60,1256275,31,7,-53,15400,150,-200,15028,0,0,181,3081,-2680,2295,0,0,0,4,0
6,-180,5.351,61,1256331,31,7,-53,15400,150,-200,15028,0,0,181,3081,-2680,2295,0,0,0,4,0
6,-180,5.406,62,1256387,31,7,-53,15400,150,-200,15028,0,0,181,3081,-2680,2295,0,0,0,4,0
6,-180,5.464,63,1256443,31,7,-53,15400,150,-200,15028,0,0,181,3081,-2680,2295,0,0,0,4,0
7,-90,-0.041,12,1260739,31,7,-53,15400,150,-200,15027,0,0,181,3081,-2680,2295,0,0,0,4,0
7,-90,0.132,13,1260795,31,7,-53,15400,150,-200,15027,0,0,181,3081,-2680,2295,0,0,0,4,0
7,-90,0.132,14,1260855,31,7,-53,15400,150,-200,15027,0,0,181,3083,-2680,2295,300,-300,0,4,0
7,-90,0.147,15,1260927,31,7,-53,15320,150,-200,15027,26,-13,182,3086,-2663,2286,1000,-900,0,4,0
7,-90,0.252,16,1261016,31,8,-52,15109,149,-200,14981,0,0,182,3091,-2625,2256,0,0,0,4,0
7,-90,0.291,17,1261071,31,8,-52,15109,149,-200,14981,0,0,182,3091,-2625,2256,0,0,0,4,0
7,-90,0.431,18,1261127,31,8,-52,15109,148,-201,14793,0,0,182,3091,-2625,2256,0,0,0,4,0
7,-90,0.431,19,1261183,31,8,-52,15109,148,-201,14793,0,0,182,3091,-2625,2256,0,0,0,4,0
7,-90,0.458,20,1261239,31,8,-52,15109,148,-201,14796,0,0,182,3091,-2625,2256,0,0,0,4,0
7,-90,0.513,21,1261295,31,8,-52,15109,148,-201,14796,0,0,182,3091,-2625,2256,0,0,0,4,0
7,-90,0.57,22,1261351,31,8,-52,15109,148,-201,14796,0,0,182,3091,-2625,2256,0,0,0,4,0
7,-90,0.835,23,1261407,31,8,-52,15109,148,-201,14796,0,0,182,3091,-2625,2256,0,0,0,4,0
7,-90,0.835,24,1261463,31,8,-52,15109,148,-201,14796,0,0,182,3091,-2625,2256,0,0,0,4,0
7,-90,0.835,25,1261515,31,8,-52,15109,148,-201,14796,0,0,182,3091,-2625,2256,0,0,0,4,0
7,-90,0.835,26,1261571,31,8,-52,15109,148,-201,14796,0,0,182,3091,-2625,2256,0,0,0,4,0
7,-90,1.082,27,1261627,31,8,-52,15109,148,-201,14796,0,0,182,3091,-2625,2256,0,0,0,4,0
7,-90,1.082,28,1261683,31,8,-52,15109,148,-201,14796,0,0,182,3091,-2625,2256,0,0,0,4,0
7,-90,1.082,29,1261739,31,8,-52,15109,148,-201,14796,0,0,182,3091,-2625,2256,0,0,0,4,0
7,-90,1.082,30,1261795,31,8,-52,15109,148,-201,14796,0,0,182,3091,-2625,2256,0,0,0,4,0
7,-90,1.082,31,1261851,31,8,-52,15109,148,-201,14796,0,0,182,3091,-2625,2256,0,0,0,4,0
7,-90,1.204,32,1261907,31,8,-52,15109,148,-201,14796,0,0,182,3091,-2625,2256,0,0,0,4,0
7,-90,1.204,33,1261963,31,8,-52,15109,148,-201,14796,0,0,182,3091,-2625,2256,0,0,0,4,0
7,-90,1.239,34,1262019,31,8,-52,15109,148,-201,14796,0,0,182,3091,-2625,2256,0,0,0,4,0
7,-90,1.293,35,1262075,31,8,-52,15109,148,-201,14796,0,0,182,3091,-2625,2256,0,0,0,4,0
7,-90,1.349,36,1262131,31,8,-52,15109,148,-201,14796,0,0,182,3091,-2625,2256,0,0,0,4,0
7,-90,1.405,37,1262187,31,8,-52,15109,148,-201,14796,0,0,182,3091,-2625,2256,0,0,0,4,0
7,-90,1.466,38,1262243,31,8,-52,15109,148,-201,14796,0,0,182,3091,-2625,2256,0,0,0,4,0
7,-90,1.52,39,1262299,31,8,-52,15109,148,-201,14796,0,0,182,3091,-2625,2256,0,0,0,4,0
7,-90,1.574,40,1262355,31,8,-52,15109,148,-201,14796,0,0,182,3091,-2625,2256,0,0,0,4,0
7,-90,1.63,41,1262411,31,8,-52,15109,148,-201,14796,0,0,182,3091,-2625,2256,0,0,0,4,0
7,-90,1.694,42,1262467,31,8,-52,15109,148,-201,14797,0,0,182,3091,-2625,2256,0,0,0,4,0
7,-90,1.751,43,1262523,31,8,-52,15109,148,-201,14797,0,0,182,3091,-2625,2256,0,0,0,4,0
7,-90,1.795,44,1262575,31,8,-52,15109,148,-201,14796,0,0,182,3091,-2625,2256,0,0,0,4,0
7,-90,1.853,45,1262631,31,8,-52,15109,148,-201,14796,0,0,182,3091,-2625,2256,0,0,0,4,0
7,-90,1.907,46,1262687,31,8,-52,15109,148,-201,14796,0,0,182,3091,-2625,2256,0,0,0,4,0
7,-90,1.963,47,1262743,31,8,-52,15109,148,-201,14796,0,0,182,3091,-2625,2256,0,0,0,4,0
7,-90,2.018,48,1262799,31,8,-52,15109,148,-201,14796,0,0,182,3091,-2625,2256,0,0,0,4,0
7,-90,2.076,49,1262855,31,8,-52,15109,148,-201,14796,0,0,182,3091,-2625,2256,0,0,0,4,0
7,-90,2.13,50,1262911,31,8,-52,15109,148,-201,14796,0,0,182,3091,-2625,2256,0,0,0,4,0
7,-90,2.194,51,1262967,31,8,-52,15109,148,-201,14796,0,0,182,3091,-2625,2256,0,0,0,4,0
7,-90,2.246,52,1263023,31,8,-52,15109,148,-201,14796,0,0,182,3091,-2625,2256,0,0,0,4,0
7,-90,2.298,53,1263079,31,8,-52,15109,148,-201,14796,0,0,182,3091,-2625,2256,0,0,0,4,0
7,-90,2.354,54,1263135,31,8,-52,15109,148,-201,14796,0,0,182,3091,-2625,2256,0,0,0,4,0
7,-90,2.409,55,1263191,31,8,-52,15109,148,-201,14796,0,0,182,3091,-2625,2256,0,0,0,4,0
7,-90,2.472,56,1263247,31,8,-52,15109,148,-201,14796,0,0,182,3091,-2625,2256,0,0,0,4,0
7,-90,2.521,57,1263303,31,8,-52,15109,148,-201,14796,0,0,182,3091,-2625,2256,0,0,0,4,0
7,-90,2.577,58,1263359,31,8,-52,15109,148,-201,14796,0,0,182,3091,-2625,2256,0,0,0,4,0
7,-90,2.633,59,1263415,31,8,-52,15109,148,-201,14796,0,0,182,3091,-2625,2256,0,0,0,4,0
7,-90,2.689,60,1263471,31,8,-52,15109,148,-201,14796,0,0,182,3091,-2625,2256,0,0,0,4,0
7,-90,2.745,61,1263527,31,8,-52,15109,148,-201,14796,0,0,182,3091,-2625,2256,0,0,0,4,0
7,-90,2.809,62,1263583,31,8,-52,15109,148,-201,14796,0,0,182,3091,-2625,2256,0,0,0,4,0
7,-90,2.853,63,1263635,31,8,-52,15109,148,-201,14796,0,0,182,3091,-2625,2256,0,0,0,4,0
7,-90,2.911,64,1263691,31,8,-52,15109,148,-201,14796,0,0,182,3091,-2625,2256,0,0,0,4,0
7,-90,2.967,65,1263747,31,8,-52,15109,148,-201,14796,0,0,182,3091,-2625,2256,0,0,0,4,0
7,-90,3.022,66,1263803,31,8,-52,15109,148,-201,14796,0,0,182,3091,-2625,2256,0,0,0,4,0
7,-90,3.092,67,1263859,31,8,-52,15109,148,-201,14796,0,0,182,3091,-2625,2256,0,0,0,4,0
7,-90,3.134,68,1263915,31,8,-52,15109,148,-201,14796,0,0,182,3091,-2625,2256,0,0,0,4,0
7,-90,3.19,69,1263971,31,8,-52,15109,148,-201,14796,0,0,182,3091,-2625,2256,0,0,0,4,0
7,-90,3.247,70,1264027,31,8,-52,15109,148,-201,14796,0,0,182,3091,-2625,2256,0,0,0,4,0
7,-90,3.301,71,1264083,31,8,-52,15109,148,-201,14796,0,0,182,3091,-2625,2256,0,0,0,4,0
7,-90,3.358,72,1264139,31,8,-52,15109,148,-201,14796,0,0,182,3091,-2625,2256,0,0,0,4,0
7,-90,3.416,73,1264195,31,8,-52,15109,148,-201,14796,0,0,182,3091,-2625,2256,0,0,0,4,0
7,-90,3.469,74,1264251,31,8,-52,15109,148,-201,14796,0,0,182,3091,-2625,2256,0,0,0,4,0
7,-90,3.526,75,1264307,31,8,-52,15109,148,-201,14796,0,0,182,3091,-2625,2256,0,0,0,4,0
7,-90,3.581,76,1264363,31,8,-52,15109,148,-201,14796,0,0,182,3091,-2625,2256,0,0,0,4,0
7,-90,3.637,77,1264419,31,8,-52,15109,148,-201,14796,0,0,182,3091,-2625,2256,0,0,0,4,0
7,-90,3.695,78,1264475,31,8,-52,15109,148,-201,14796,0,0,182,3091,-2625,2256,0,0,0,4,0
7,-90,3.749,79,1264531,31,8,-52,15109,148,-201,14796,0,0,182,3091,-2625,2256,0,0,0,4,0
7,-90,3.805,80,1264587,31,8,-52,15109,148,-201,14796,0,0,182,3091,-2625,2256,0,0,0,4,0
7,-90,3.869,81,1264643,31,8,-52,15109,148,-201,14796,0,0,182,3091,-2625,2256,0,0,0,4,0
7,-90,3.913,82,1264695,31,8,-52,15109,148,-201,14796,0,0,182,3091,-2625,2256,0,0,0,4,0
7,-90,3.969,83,1264751,31,8,-52,15109,148,-201,14796,0,0,182,3091,-2625,2256,0,0,0,4,0
7,-90,4.026,84,1264807,31,8,-52,15109,148,-201,14796,0,0,182,3091,-2625,2256,0,0,0,4,0
7,-90,4.081,85,1264863,31,8,-52,15109,148,-201,14796,0,0,182,3091,-2625,2256,0,0,0,4,0
7,-90,4.138,86,1264919,31,8,-52,15109,148,-201,14796,0,0,182,3091,-2625,2256,0,0,0,4,0
7,-90,4.193,87,1264975,31,8,-52,15109,148,-201,14796,0,0,182,3091,-2625,2256,0,0,0,4,0
7,-90,4.251,88,1265031,31,8,-52,15109,148,-201,14796,0,0,182,3091,-2625,2256,0,0,0,4,0
7,-90,4.317,89,1265087,31,8,-52,15109,148,-201,14796,0,0,182,3091,-2625,2256,0,0,0,4,0
7,-90,4.361,90,1265143,31,8,-52,15109,148,-201,14796,0,0,182,3091,-2625,2256,0,0,0,4,0
7,-90,4.418,91,1265199,31,8,-52,15109,148,-201,14796,0,0,182,3091,-2625,2256,0,0,0,4,0
7,-90,4.474,92,1265255,31,8,-52,15109,148,-201,14796,0,0,182,3091,-2625,2256,0,0,0,4,0
7,-90,4.532,93,1265311,31,8,-52,15109,148,-201,14796,0,0,182,3091,-2625,2256,0,0,0,4,0
7,-90,4.585,94,1265367,31,8,-52,15109,148,-201,14796,0,0,182,3091,-2625,2256,0,0,0,4,0
7,-90,4.641,95,1265423,31,8,-52,15109,148,-201,14796,0,0,182,3091,-2625,2256,0,0,0,4,0
7,-90,4.697,96,1265479,31,8,-52,15109,148,-201,14796,0,0,182,3091,-2625,2256,0,0,0,4,0
7,-90,4.754,97,1265535,31,8,-52,15109,148,-201,14796,0,0,182,3091,-2625,2256,0,0,0,4,0
7,-90,4.809,98,1265591,31,8,-52,15109,148,-201,14796,0,0,182,3091,-2625,2256,0,0,0,4,0
7,-90,4.865,99,1265647,31,8,-52,15109,148,-201,14796,0,0,182,3091,-2625,2256,0,0,0,4,0
7,-90,4.933,100,1265703,31,8,-52,15109,148,-201,14796,0,0,182,3091,-2625,2256,0,0,0,4,0
7,-90,4.973,101,1265755,31,8,-52,15109,148,-201,14796,0,0,182,3091,-2625,2256,0,0,0,4,0
7,-90,5.03,102,1265811,31,8,-52,15109,148,-201,14796,0,0,182,3091,-2625,2256,0,0,0,4,0
7,-90,5.087,103,1265867,31,8,-52,15109,148,-201,14796,0,0,182,3091,-2625,2256,0,0,0,4,0
7,-90,5.141,104,1265923,31,8,-52,15109,148,-201,14796,0,0,182,3091,-2625,2256,0,0,0,4,0
7,-90,5.197,105,1265979,31,8,-52,15109,148,-201,14796,0,0,182,3091,-2625,2256,0,0,0,4,0
7,-90,5.254,106,1266035,31,8,-52,15109,148,-201,14796,0,0,182,3091,-2625,2256,0,0,0,4,0
7,-90,5.309,107,1266091,31,8,-52,15109,148,-201,14796,0,0,182,3091,-2625,2256,0,0,0,4,0
7,-90,5.368,108,1266147,31,8,-52,15109,148,-201,14796,0,0,182,3091,-2625,2256,0,0,0,4,0
7,-90,5.421,109,1266203,31,8,-52,15109,148,-201,14796,0,0,182,3091,-2625,2256,0,0,0,4,0
7,-90,5.477,110,1266259,31,8,-52,15109,148,-201,14796,0,0,182,3091,-2625,2256,0,0,0,4,0
7,-90,5.627,111,1266315,31,8,-52,15109,148,-201,14796,0,0,182,3091,-2625,2256,0,0,0,4,0
7,-90,5.627,112,1266371,31,8,-52,15109,148,-201,14796,0,0,182,3091,-2625,2256,0,0,0,4,0
7,-90,5.646,113,1266427,31,8,-52,15109,148,-201,14796,0,0,182,3091,-2625,2256,0,0,0,4,0
7,-90,5.702,114,1266483,31,8,-52,15109,148,-201,14795,0,0,182,3091,-2625,2256,0,0,0,4,0
7,-90,5.758,115,1266539,31,8,-52,15109,148,-201,14795,0,0,182,3091,-2625,2256,0,0,0,4,0
7,-90,5.816,116,1266595,31,8,-52,15109,148,-201,14795,0,0,182,3091,-2625,2256,0,0,0,4,0
7,-90,5.892,117,1266651,31,8,-52,15109,148,-201,14795,0,0,182,3091,-2625,2256,0,0,0,4,0
7,-90,5.926,118,1266707,31,8,-52,15109,148,-201,14795,0,0,182,3091,-2625,2256,0,0,0,4,0
7,-90,5.989,119,1266763,31,8,-52,15109,148,-201,14795,0,0,182,3091,-2625,2256,0,0,0,4,0
7,-90,6.038,120,1266815,31,8,-52,15109,148,-201,14795,0,0,182,3091,-2625,2256,0,0,0,4,0
7,-90,6.089,121,1266871,31,8,-52,15109,148,-201,14795,0,0,182,3091,-2625,2256,0,0,0,4,0
7,-90,6.145,122,1266927,31,8,-52,15109,148,-201,14795,0,0,182,3091,-2625,2256,0,0,0,4,0
7,-90,6.213,123,1266983,31,8,-52,15109,148,-201,14795,0,0,182,3091,-2625,2256,0,0,0,4,0
7,-90,6.257,124,1267039,31,8,-52,15109,148,-201,14795,0,0,182,3091,-2625,2256,0,0,0,4,0
7,-90,6.313,125,1267095,31,8,-52,15109,148,-201,14795,0,0,182,3091,-2625,2256,0,0,0,4,0
7,-90,6.369,126,1267151,31,8,-52,15109,148,-201,14795,0,0,182,3091,-2625,2256,0,0,0,4,0
7,-90,6.426,127,1267207,31,8,-52,15109,148,-201,14795,0,0,182,3091,-2625,2256,0,0,0,4,0
7,-90,6.482,0,1267263,31,8,-52,15109,148,-201,14794,0,0,182,3091,-2625,2256,0,0,0,4,0
7,-90,6.538,1,1267319,31,8,-52,15109,148,-201,14794,0,0,182,3091,-2625,2256,0,0,0,4,0
7,-90,6.596,2,1267375,31,8,-52,15109,148,-201,14794,0,0,182,3091,-2625,2256,0,0,0,4,0
8,90,-0.039,88,1272171,31,8,-52,15109,148,-201,14792,0,0,182,3091,-2625,2256,0,0,0,4,0
8,90,0.011,89,1272227,31,8,-52,15109,148,-201,14792,0,0,182,3091,-2625,2256,0,0,0,4,0
8,90,0.082,90,1272288,31,8,-52,15109,148,-201,14792,0,0,182,3093,-2625,2256,-300,300,0,4,0
8,90,0.146,91,1272359,31,8,-52,15125,148,-201,14793,-7,0,184,3096,-2630,2256,-1000,900,0,4,0
8,90,0.215,92,1272431,31,9,-53,15332,148,-201,14793,-41,41,184,3099,-2669,2284,-1700,1600,0,4,0
8,90,0.287,93,1272503,31,9,-53,15701,149,-201,14873,-82,73,184,3102,-2730,2342,-2500,2400,0,4,0
8,90,0.361,94,1272575,31,9,-53,16425,153,-196,15667,-140,123,184,3105,-2850,2456,-2900,2900,0,4,0
8,90,0.432,95,1272647,31,9,-53,17326,153,-196,15667,-164,155,184,3108,-2997,2600,-3200,3300,0,4,0
8,90,0.506,96,1272719,31,9,-53,18446,157,-186,17113,-181,181,184,3111,-3175,2784,-3600,3600,0,4,0
8,90,0.58,97,1272791,31,9,-53,19716,158,-174,-17029,-210,196,184,3114,-3380,2989,-3200,3100,0,4,0
8,90,0.649,98,1272863,31,9,-53,20929,158,-174,-17029,-172,187,184,3117,-3575,3186,-2400,2500,0,4,0
8,90,0.803,99,1273008,31,2,-65,22053,150,-156,-14167,0,0,184,3126,-3752,3372,0,0,0,5,0
8,90,0.849,100,1273063,31,2,-65,22053,150,-156,-14167,0,0,184,3126,-3752,3372,0,0,0,5,0
8,90,0.904,101,1273119,31,2,-65,22053,151,-156,-14217,0,0,184,3126,-3752,3372,0,0,0,5,0
8,90,0.965,102,1273175,31,2,-65,22053,151,-156,-14217,0,0,184,3126,-3752,3372,0,0,0,5,0
8,90,1.015,103,1273231,31,2,-65,22053,151,-156,-14217,0,0,184,3126,-3752,3372,0,0,0,5,0
8,90,1.071,104,1273287,31,2,-65,22053,151,-156,-14217,0,0,184,3126,-3752,3372,0,0,0,5,0
8,90,1.137,105,1273343,31,2,-65,22053,151,-156,-14217,0,0,184,3126,-3752,3372,0,0,0,5,0
8,90,1.179,106,1273395,31,2,-65,22053,151,-156,-14217,0,0,184,3126,-3752,3372,0,0,0,5,0
8,90,1.236,107,1273451,31,2,-65,22053,151,-156,-14217,0,0,184,3126,-3752,3372,0,0,0,5,0
8,90,1.295,108,1273507,31,2,-65,22053,151,-156,-14217,0,0,184,3126,-3752,3372,0,0,0,5,0
8,90,1.347,109,1273563,31,2,-65,22053,151,-156,-14217,0,0,184,3126,-3752,3372,0,0,0,5,0
8,90,1.408,110,1273619,31,2,-65,22053,151,-156,-14217,0,0,184,3126,-3752,3372,0,0,0,5,0
8,90,1.462,111,1273675,31,2,-65,22053,151,-156,-14217,0,0,184,3126,-3752,3372,0,0,0,5,0
8,90,1.516,112,1273731,31,2,-65,22053,151,-156,-14217,0,0,184,3126,-3752,3372,0,0,0,5,0
8,90,1.571,113,1273787,31,2,-65,22053,151,-156,-14217,0,0,184,3126,-3752,3372,0,0,0,5,0
8,90,1.627,114,1273843,31,2,-65,22053,151,-156,-14217,0,0,184,3126,-3752,3372,0,0,0,5,0
8,90,1.685,115,1273899,31,2,-65,22053,151,-156,-14217,0,0,184,3126,-3752,3372,0,0,0,5,0
8,90,1.739,116,1273955,31,2,-65,22053,151,-156,-14217,0,0,184,3126,-3752,3372,0,0,0,5,0
8,90,1.795,117,1274011,31,2,-65,22053,151,-156,-14217,0,0,184,3126,-3752,3372,0,0,0,5,0
8,90,1.852,118,1274067,31,2,-65,22053,151,-156,-14217,0,0,184,3126,-3752,3372,0,0,0,5,0
8,90,1.907,119,1274123,31,2,-65,22053,151,-156,-14217,0,0,184,3126,-3752,3372,0,0,0,5,0
8,90,1.963,120,1274179,31,2,-65,22053,151,-156,-14217,0,0,184,3126,-3752,3372,0,0,0,5,0
8,90,2.022,121,1274235,31,2,-65,22053,151,-156,-14217,0,0,184,3126,-3752,3372,0,0,0,5,0
8,90,2.077,122,1274291,31,2,-65,22053,151,-156,-14217,0,0,184,3126,-3752,3372,0,0,0,5,0
8,90,2.132,123,1274347,31,2,-65,22053,151,-156,-14217,0,0,184,3126,-3752,3372,0,0,0,5,0
8,90,2.194,124,1274403,31,2,-65,22053,151,-156,-14217,0,0,184,3126,-3752,3372,0,0,0,5,0
8,90,2.24,125,1274455,31,2,-65,22053,151,-156,-14217,0,0,184,3126,-3752,3372,0,0,0,5,0
8,90,2.296,126,1274511,31,2,-65,22053,151,-156,-14217,0,0,184,3126,-3752,3372,0,0,0,5,0
8,90,2.351,127,1274567,31,2,-65,22053,151,-156,-14217,0,0,184,3126,-3752,3372,0,0,0,5,0
8,90,2.407,0,1274623,31,2,-65,22053,151,-156,-14217,0,0,184,3126,-3752,3372,0,0,0,5,0
8,90,2.464,1,1274679,31,2,-65,22053,151,-156,-14218,0,0,184,3126,-3752,3372,0,0,0,5,0
8,90,2.522,2,1274735,31,2,-65,22053,151,-156,-14218,0,0,184,3126,-3752,3372,0,0,0,5,0
8,90,2.585,3,1274791,31,2,-65,22053,151,-156,-14218,0,0,184,3126,-3752,3372,0,0,0,5,0
8,90,2.637,4,1274847,31,2,-65,22053,151,-156,-14218,0,0,184,3126,-3752,3372,0,0,0,5,0
8,90,2.692,5,1274903,31,2,-65,22053,151,-156,-14218,0,0,184,3126,-3752,3372,0,0,0,5,0
8,90,2.746,6,1274959,31,2,-65,22053,151,-156,-14218,0,0,184,3126,-3752,3372,0,0,0,5,0
8,90,2.799,7,1275015,31,2,-65,22053,151,-156,-14218,0,0,184,3126,-3752,3372,0,0,0,5,0
8,90,2.864,8,1275071,31,2,-65,22053,151,-156,-14218,0,0,184,3126,-3752,3372,0,0,0,5,0
8,90,2.912,9,1275127,31,2,-65,22053,151,-156,-14218,0,0,184,3126,-3752,3372,0,0,0,5,0
8,90,2.967,10,1275183,31,2,-65,22053,151,-156,-14218,0,0,184,3126,-3752,3372,0,0,0,5,0
8,90,3.038,11,1275239,31,2,-65,22053,151,-156,-14218,0,0,184,3126,-3752,3372,0,0,0,5,0
8,90,3.08,12,1275295,31,2,-65,22053,151,-156,-14218,0,0,184,3126,-3752,3372,0,0,0,5,0
8,90,3.137,13,1275351,31,2,-65,22053,151,-156,-14218,0,0,184,3126,-3752,3372,0,0,0,5,0
8,90,3.193,14,1275407,31,2,-65,22053,151,-156,-14218,0,0,184,3126,-3752,3372,0,0,0,5,0
8,90,3.257,15,1275463,31,2,-65,22053,151,-156,-14218,0,0,184,3126,-3752,3372,0,0,0,5,0
8,90,3.301,16,1275515,31,2,-65,22053,151,-156,-14218,0,0,184,3126,-3752,3372,0,0,0,5,0
8,90,3.385,17,1275571,31,2,-65,22053,151,-156,-14218,0,0,184,3126,-3752,3372,0,0,0,5,0
8,90,3.412,18,1275627,31,2,-65,22053,151,-156,-14218,0,0,184,3126,-3752,3372,0,0,0,5,0
8,90,3.47,19,1275683,31,2,-65,22053,151,-156,-14218,0,0,184,3126,-3752,3372,0,0,0,5,0
8,90,3.525,20,1275739,31,2,-65,22053,151,-156,-14219,0,0,184,3126,-3752,3372,0,0,0,5,0
8,90,3.579,21,1275795,31,2,-65,22053,151,-156,-14219,0,0,184,3126,-3752,3372,0,0,0,5,0
8,90,3.662,22,1275851,31,2,-65,22053,151,-156,-14219,0,0,184,3126,-3752,3372,0,0,0,5,0
8,90,3.691,23,1275907,31,2,-65,22053,151,-156,-14219,0,0,184,3126,-3752,3372,0,0,0,5,0
8,90,3.749,24,1275963,31,2,-65,22053,151,-156,-14219,0,0,184,3126,-3752,3372,0,0,0,5,0
8,90,3.803,25,1276019,31,2,-65,22053,151,-156,-14219,0,0,184,3126,-3752,3372,0,0,0,5,0
8,90,3.859,26,1276075,31,2,-65,22053,151,-156,-14219,0,0,184,3126,-3752,3372,0,0,0,5,0
8,90,3.915,27,1276131,31,2,-65,22053,151,-156,-14219,0,0,184,3126,-3752,3372,0,0,0,5,0
8,90,3.982,28,1276187,31,2,-65,22053,151,-156,-14219,0,0,184,3126,-3752,3372,0,0,0,5,0
8,90,4.027,29,1276243,31,2,-65,22053,151,-156,-14219,0,0,184,3126,-3752,3372,0,0,0,5,0
8,90,4.084,30,1276299,31,2,-65,22053,151,-156,-14219,0,0,184,3126,-3752,3372,0,0,0,5,0
8,90,4.14,31,1276355,31,2,-65,22053,151,-156,-14219,0,0,184,3126,-3752,3372,0,0,0,5,0
8,90,4.2,32,1276411,31,2,-65,22053,151,-156,-14219,0,0,184,3126,-3752,3372,0,0,0,5,0
8,90,4.283,33,1276467,31,2,-65,22053,151,-156,-14219,0,0,184,3126,-3752,3372,0,0,0,5,0
8,90,4.314,34,1276523,31,2,-65,22053,151,-156,-14219,0,0,184,3126,-3752,3372,0,0,0,5,0
8,90,4.36,35,1276575,31,2,-65,22053,151,-156,-14219,0,0,184,3126,-3752,3372,0,0,0,5,0
8,90,4.415,36,1276631,31,2,-65,22053,151,-156,-14219,0,0,184,3126,-3752,3372,0,0,0,5,0
8,90,4.473,37,1276687,31,2,-65,22053,151,-156,-14219,0,0,184,3126,-3752,3372,0,0,0,5,0
8,90,4.527,38,1276743,31,2,-65,22053,151,-156,-14219,0,0,184,3126,-3752,3372,0,0,0,5,0
8,90,4.584,39,1276799,31,2,-65,22053,151,-156,-14219,0,0,184,3126,-3752,3372,0,0,0,5,0
8,90,4.639,40,1276855,31,2,-65,22053,151,-156,-14219,0,0,184,3126,-3752,3372,0,0,0,5,0
8,90,4.695,41,1276911,31,2,-65,22053,151,-156,-14219,0,0,184,3126,-3752,3372,0,0,0,5,0
8,90,4.754,42,1276967,31,2,-65,22053,151,-156,-14219,0,0,184,3126,-3752,3372,0,0,0,5,0
8,90,4.808,43,1277023,31,2,-65,22053,151,-156,-14219,0,0,184,3126,-3752,3372,0,0,0,5,0
8,90,4.87,44,1277079,31,2,-65,22053,151,-156,-14219,0,0,184,3126,-3752,3372,0,0,0,5,0
8,90,4.92,45,1277135,31,2,-65,22053,151,-156,-14219,0,0,184,3126,-3752,3372,0,0,0,5,0
8,90,4.977,46,1277191,31,2,-65,22053,151,-156,-14219,0,0,184,3126,-3752,3372,0,0,0,5,0
8,90,5.032,47,1277247,31,2,-65,22053,151,-156,-14219,0,0,184,3126,-3752,3372,0,0,0,5,0
8,90,5.087,48,1277303,31,2,-65,22053,151,-156,-14219,0,0,184,3126,-3752,3372,0,0,0,5,0
8,90,5.143,49,1277359,31,2,-65,22053,151,-156,-14219,0,0,184,3126,-3752,3372,0,0,0,5,0
8,90,5.2,50,1277415,31,2,-65,22053,151,-156,-14219,0,0,184,3126,-3752,3372,0,0,0,5,0
8,90,5.255,51,1277471,31,2,-65,22053,151,-156,-14219,0,0,184,3126,-3752,3372,0,0,0,5,0
8,90,5.311,52,1277527,31,2,-65,22053,151,-156,-14219,0,0,184,3126,-3752,3372,0,0,0,5,0
8,90,5.375,53,1277583,31,2,-65,22053,151,-156,-14219,0,0,184,3126,-3752,3372,0,0,0,5,0
8,90,5.421,54,1277635,31,2,-65,22053,151,-156,-14219,0,0,184,3126,-3752,3372,0,0,0,5,0
8,90,5.479,55,1277691,31,2,-65,22053,151,-156,-14219,0,0,184,3126,-3752,3372,0,0,0,5,0
8,90,5.532,56,1277747,31,2,-65,22053,151,-156,-14219,0,0,184,3126,-3752,3372,0,0,0,5,0
8,90,5.587,57,1277803,31,2,-65,22053,151,-156,-14219,0,0,184,3126,-3752,3372,0,0,0,5,0
8,90,5.643,58,1277859,31,2,-65,22053,151,-156,-14219,0,0,184,3126,-3752,3372,0,0,0,5,0
8,90,5.699,59,1277915,31,2,-65,22053,151,-156,-14219,0,0,184,3126,-3752,3372,0,0,0,5,0
8,90,5.755,60,1277971,31,2,-65,22053,151,-156,-14219,0,0,184,3126,-3752,3372,0,0,0,5,0
8,90,5.813,61,1278027,31,2,-65,22053,151,-156,-14219,0,0,184,3126,-3752,3372,0,0,0,5,0
8,90,5.867,62,1278083,31,2,-65,22053,151,-156,-14220,0,0,184,3126,-3752,3372,0,0,0,5,0
8,90,5.924,63,1278139,31,2,-65,22053,151,-156,-14220,0,0,184,3126,-3752,3372,0,0,0,5,0
8,90,5.982,64,1278195,31,2,-65,22053,151,-156,-14220,0,0,184,3126,-3752,3372,0,0,0,5,0
8,90,6.037,65,1278251,31,2,-65,22053,151,-156,-14220,0,0,184,3126,-3752,3372,0,0,0,5,0
8,90,6.091,66,1278307,31,2,-65,22053,151,-156,-14220,0,0,184,3126,-3752,3372,0,0,0,5,0
8,90,6.148,67,1278363,31,2,-65,22053,151,-156,-14220,0,0,184,3126,-3752,3372,0,0,0,5,0
8,90,6.203,68,1278419,31,2,-65,22053,151,-156,-14220,0,0,184,3126,-3752,3372,0,0,0,5,0
8,90,6.259,69,1278475,31,2,-65,22053,151,-156,-14220,0,0,184,3126,-3752,3372,0,0,0,5,0
8,90,6.315,70,1278531,31,2,-65,22053,151,-156,-14220,0,0,184,3126,-3752,3372,0,0,0,5,0
8,90,6.371,71,1278587,31,2,-65,22053,151,-156,-14220,0,0,184,3126,-3752,3372,0,0,0,5,0
8,90,6.434,72,1278643,31,2,-65,22053,151,-156,-14220,0,0,184,3126,-3752,3372,0,0,0,5,0
8,90,6.482,73,1278695,31,2,-65,22053,151,-156,-14220,0,0,184,3126,-3752,3372,0,0,0,5,0
8,90,6.535,74,1278751,31,2,-65,22053,151,-156,-14220,0,0,184,3126,-3752,3372,0,0,0,5,0
8,90,6.597,75,1278807,31,2,-65,22053,151,-156,-14220,0,0,184,3126,-3752,3372,0,0,0,5,0
8,90,6.647,76,1278863,31,2,-65,22053,151,-156,-14220,0,0,184,3126,-3752,3372,0,0,0,5,0
8,90,6.703,77,1278919,31,2,-65,22053,151,-156,-14220,0,0,184,3126,-3752,3372,0,0,0,5,0
9,-107,-0.023,61,1285167,31,2,-65,22053,151,-156,-14222,0,0,184,3126,-3752,3372,0,0,0,5,0
9,-107,0.045,62,1285235,31,2,-65,22053,151,-156,-14222,0,0,184,3127,-3752,3372,0,0,0,5,0
9,-107,0.118,63,1285307,31,2,-65,22053,151,-156,-14222,0,0,185,3130,-3752,3372,800,-800,0,5,0
9,-107,0.196,64,1285379,31,2,-65,21985,151,-156,-14230,26,-32,186,3133,-3741,3361,1400,-1500,0,5,0
9,-107,0.264,65,1285451,31,1,-65,21737,151,-156,-14230,64,-67,186,3136,-3700,3322,2300,-2200,0,5,0
9,-107,0.333,66,1285523,31,1,-65,21170,152,-159,-14697,111,-96,186,3139,-3600,3239,2700,-2700,0,5,0
9,-107,0.508,67,1285596,31,1,-65,20301,156,-168,-15950,160,-132,186,3142,-3458,3100,3200,-3100,0,5,0
9,-107,0.508,68,1285667,31,1,-65,19245,156,-168,-15950,178,-169,186,3145,-3286,2931,3600,-3600,0,5,0
9,-107,0.574,69,1285739,31,1,-65,17979,157,-180,-17743,205,-210,186,3148,-3080,2728,3900,-3900,0,5,0
9,-107,0.622,70,1285811,31,1,-65,16586,157,-180,-17743,228,-219,186,3151,-2855,2503,3400,-3500,0,5,0
9,-107,0.696,71,1285883,31,1,-65,15280,155,-194,16099,202,-201,186,3154,-2644,2292,2800,-2900,0,5,0
9,-107,0.767,72,1285955,31,1,-66,14153,148,-206,14126,172,-161,186,3157,-2466,2106,2200,-2100,0,5,0
9,-107,0.849,73,1286028,31,1,-66,13292,148,-206,14126,140,-114,186,3160,-2327,1967,1600,-1500,0,5,0
9,-107,0.909,74,1286099,31,1,-65,12707,140,-213,12751,90,-64,186,3163,-2227,1878,1200,-1100,0,5,0
9,-107,0.983,75,1286171,31,1,-65,12320,135,-214,12034,67,-41,186,3166,-2163,1817,1000,-1000,0,5,0
9,-107,1.056,76,1286243,31,1,-65,12091,135,-214,12034,41,-32,186,3169,-2122,1784,1100,-1200,0,5,0
9,-107,1.133,77,1286315,31,0,-65,11831,133,-215,11668,41,-41,186,3172,-2077,1745,800,-1000,0,5,0
9,-107,1.205,78,1286384,31,0,-65,11652,130,-216,11273,0,0,186,3176,-2047,1717,0,0,0,5,0
9,-107,1.248,79,1286439,31,0,-65,11652,130,-216,11273,0,0,186,3176,-2047,1717,0,0,0,5,0
9,-107,1.305,80,1286495,31,0,-65,11652,130,-216,11262,0,0,186,3176,-2047,1717,0,0,0,5,0
9,-107,1.379,81,1286551,31,0,-65,11652,130,-216,11262,0,0,186,3176,-2047,1717,0,0,0,5,0
9,-107,1.451,82,1286607,31,0,-65,11652,130,-216,11263,0,0,186,3176,-2047,1717,0,0,0,5,0
9,-107,1.472,83,1286663,31,0,-65,11652,130,-216,11263,0,0,186,3176,-2047,1717,0,0,0,5,0
9,-107,1.529,84,1286719,31,0,-65,11652,130,-216,11263,0,0,186,3176,-2047,1717,0,0,0,5,0
9,-107,1.584,85,1286775,31,0,-65,11652,130,-216,11263,0,0,186,3176,-2047,1717,0,0,0,5,0
9,-107,1.644,86,1286831,31,0,-65,11652,130,-216,11263,0,0,186,3176,-2047,1717,0,0,0,5,0
9,-107,1.698,87,1286887,31,0,-65,11652,130,-216,11263,0,0,186,3176,-2047,1717,0,0,0,5,0
9,-107,1.773,88,1286943,31,0,-65,11652,130,-216,11263,0,0,186,3176,-2047,1717,0,0,0,5,0
9,-107,1.813,89,1286999,31,0,-65,11652,130,-216,11263,0,0,186,3176,-2047,1717,0,0,0,5,0
9,-107,1.869,90,1287055,31,0,-65,11652,130,-216,11262,0,0,186,3176,-2047,1717,0,0,0,5,0
9,-107,1.921,91,1287111,31,0,-65,11652,130,-216,11262,0,0,186,3176,-2047,1717,0,0,0,5,0
9,-107,1.978,92,1287167,31,0,-65,11652,130,-216,11263,0,0,186,3176,-2047,1717,0,0,0,5,0
9,-107,2.057,93,1287223,31,0,-65,11652,130,-216,11263,0,0,186,3176,-2047,1717,0,0,0,5,0
9,-107,2.089,94,1287279,31,0,-65,11652,130,-216,11262,0,0,186,3176,-2047,1717,0,0,0,5,0
9,-107,2.145,95,1287335,31,0,-65,11652,130,-216,11262,0,0,186,3176,-2047,1717,0,0,0,5,0
9,-107,2.209,96,1287391,31,0,-65,11652,130,-216,11262,0,0,186,3176,-2047,1717,0,0,0,5,0
9,-107,2.253,97,1287443,31,0,-65,11652,130,-216,11262,0,0,186,3176,-2047,1717,0,0,0,5,0
9,-107,2.309,98,1287499,31,0,-65,11652,130,-216,11262,0,0,186,3176,-2047,1717,0,0,0,5,0
9,-107,2.389,99,1287555,31,0,-65,11652,130,-216,11262,0,0,186,3176,-2047,1717,0,0,0,5,0
9,-107,2.422,100,1287611,31,0,-65,11652,130,-216,11262,0,0,186,3176,-2047,1717,0,0,0,5,0
9,-107,2.505,101,1287667,31,0,-65,11652,130,-216,11262,0,0,186,3176,-2047,1717,0,0,0,5,0
9,-107,2.534,102,1287723,31,0,-65,11652,130,-216,11262,0,0,186,3176,-2047,1717,0,0,0,5,0
9,-107,2.589,103,1287779,31,0,-65,11652,130,-216,11262,0,0,186,3176,-2047,1717,0,0,0,5,0
9,-107,2.692,104,1287835,31,0,-65,11652,130,-216,11262,0,0,186,3176,-2047,1717,0,0,0,5,0
9,-107,2.701,105,1287891,31,0,-65,11652,130,-216,11262,0,0,186,3176,-2047,1717,0,0,0,5,0
9,-107,2.757,106,1287947,31,0,-65,11652,130,-216,11262,0,0,186,3176,-2047,1717,0,0,0,5,0
9,-107,2.813,107,1288003,31,0,-65,11652,130,-216,11262,0,0,186,3176,-2047,1717,0,0,0,5,0
9,-107,2.872,108,1288059,31,0,-65,11652,130,-216,11262,0,0,186,3176,-2047,1717,0,0,0,5,0
9,-107,2.926,109,1288115,31,0,-65,11652,130,-216,11262,0,0,186,3176,-2047,1717,0,0,0,5,0
9,-107,2.984,110,1288171,31,0,-65,11652,130,-216,11262,0,0,186,3176,-2047,1717,0,0,0,5,0
9,-107,3.043,111,1288227,31,0,-65,11652,130,-216,11262,0,0,186,3176,-2047,1717,0,0,0,5,0
9,-107,3.101,112,1288283,31,0,-65,11652,130,-216,11262,0,0,186,3176,-2047,1717,0,0,0,5,0
9,-107,3.148,113,1288339,31,0,-65,11652,130,-216,11262,0,0,186,3176,-2047,1717,0,0,0,5,0
9,-107,3.206,114,1288395,31,0,-65,11652,130,-216,11262,0,0,186,3176,-2047,1717,0,0,0,5,0
9,-107,3.269,115,1288451,31,0,-65,11652,130,-216,11262,0,0,186,3176,-2047,1717,0,0,0,5,0
9,-107,3.312,116,1288503,31,0,-65,11652,130,-216,11262,0,0,186,3176,-2047,1717,0,0,0,5,0
9,-107,3.37,117,1288559,31,0,-65,11652,130,-216,11261,0,0,186,3176,-2047,1717,0,0,0,5,0
9,-107,3.425,118,1288615,31,0,-65,11652,130,-216,11261,0,0,186,3176,-2047,1717,0,0,0,5,0
9,-107,3.481,119,1288671,31,0,-65,11652,130,-216,11261,0,0,186,3176,-2047,1717,0,0,0,5,0
9,-107,3.536,120,1288727,31,0,-65,11652,130,-216,11261,0,0,186,3176,-2047,1717,0,0,0,5,0
9,-107,3.618,121,1288783,31,0,-65,11652,130,-216,11261,0,0,186,3176,-2047,1717,0,0,0,5,0
9,-107,3.651,122,1288839,31,0,-65,11652,130,-216,11261,0,0,186,3176,-2047,1717,0,0,0,5,0
9,-107,3.712,123,1288895,31,0,-65,11652,130,-216,11261,0,0,186,3176,-2047,1717,0,0,0,5,0
9,-107,3.76,124,1288951,31,0,-65,11652,130,-216,11261,0,0,186,3176,-2047,1717,0,0,0,5,0
9,-107,3.817,125,1289007,31,0,-65,11652,130,-216,11261,0,0,186,3176,-2047,1717,0,0,0,5,0
9,-107,3.873,126,1289063,31,0,-65,11652,130,-216,11261,0,0,186,3176,-2047,1717,0,0,0,5,0
9,-107,3.928,127,1289119,31,0,-65,11652,130,-216,11261,0,0,186,3176,-2047,1717,0,0,0,5,0
9,-107,3.985,0,1289175,31,0,-65,11652,130,-216,11261,0,0,186,3176,-2047,1717,0,0,0,5,0
9,-107,4.041,1,1289231,31,0,-65,11652,130,-216,11262,0,0,186,3176,-2047,1717,0,0,0,5,0
9,-107,4.096,2,1289287,31,0,-65,11652,130,-216,11262,0,0,186,3176,-2047,1717,0,0,0,5,0
9,-107,4.153,3,1289343,31,0,-65,11652,130,-216,11261,0,0,186,3176,-2047,1717,0,0,0,5,0
9,-107,4.214,4,1289399,31,0,-65,11652,130,-216,11261,0,0,186,3176,-2047,1717,0,0,0,5,0
9,-107,4.271,5,1289455,31,0,-65,11652,130,-216,11261,0,0,186,3176,-2047,1717,0,0,0,5,0
9,-107,4.328,6,1289511,31,0,-65,11652,130,-216,11261,0,0,186,3176,-2047,1717,0,0,0,5,0
9,-107,4.374,7,1289563,31,0,-65,11652,130,-216,11261,0,0,186,3176,-2047,1717,0,0,0,5,0
9,-107,4.429,8,1289619,31,0,-65,11652,130,-216,11261,0,0,186,3176,-2047,1717,0,0,0,5,0
9,-107,4.485,9,1289675,31,0,-65,11652,130,-216,11261,0,0,186,3176,-2047,1717,0,0,0,5,0
9,-107,4.54,10,1289731,31,0,-65,11652,130,-216,11261,0,0,186,3176,-2047,1717,0,0,0,5,0
9,-107,4.598,11,1289787,31,0,-65,11652,130,-216,11261,0,0,186,3176,-2047,1717,0,0,0,5,0
9,-107,4.653,12,1289843,31,0,-65,11652,130,-216,11261,0,0,186,3176,-2047,1717,0,0,0,5,0
9,-107,4.709,13,1289899,31,0,-65,11652,130,-216,11261,0,0,186,3176,-2047,1717,0,0,0,5,0
9,-107,4.767,14,1289955,31,0,-65,11652,130,-216,11261,0,0,186,3176,-2047,1717,0,0,0,5,0
9,-107,4.821,15,1290011,31,0,-65,11652,130,-216,11261,0,0,186,3176,-2047,1717,0,0,0,5,0
9,-107,4.88,16,1290067,31,0,-65,11652,130,-216,11261,0,0,186,3176,-2047,1717,0,0,0,5,0
9,-107,4.941,17,1290123,31,0,-65,11652,130,-216,11261,0,0,186,3176,-2047,1717,0,0,0,5,0
9,-107,4.989,18,1290179,31,0,-65,11652,130,-216,11261,0,0,186,3176,-2047,1717,0,0,0,5,0
9,-107,5.045,19,1290235,31,0,-65,11652,130,-216,11261,0,0,186,3176,-2047,1717,0,0,0,5,0
9,-107,5.1,20,1290291,31,0,-65,11652,130,-216,11261,0,0,186,3176,-2047,1717,0,0,0,5,0
9,-107,5.157,21,1290347,31,0,-65,11652,130,-216,11261,0,0,186,3176,-2047,1717,0,0,0,5,0
9,-107,5.213,22,1290403,31,0,-65,11652,130,-216,11261,0,0,186,3176,-2047,1717,0,0,0,5,0
9,-107,5.284,23,1290459,31,0,-65,11652,130,-216,11261,0,0,186,3176,-2047,1717,0,0,0,5,0
9,-107,5.327,24,1290515,31,0,-65,11652,130,-216,11261,0,0,186,3176,-2047,1717,0,0,0,5,0
9,-107,5.392,25,1290571,31,0,-65,11652,130,-216,11261,0,0,186,3176,-2047,1717,0,0,0,5,0
9,-107,5.521,26,1290623,31,0,-65,11652,130,-216,11261,0,0,186,3176,-2047,1717,0,0,0,5,0
9,-107,5.521,27,1290679,31,0,-65,11652,130,-216,11261,0,0,186,3176,-2047,1717,0,0,0,5,0
9,-107,5.564,28,1290735,31,0,-65,11652,130,-216,11261,0,0,186,3176,-2047,1717,0,0,0,5,0
9,-107,5.603,29,1290791,31,0,-65,11652,130,-216,11261,0,0,186,3176,-2047,1717,0,0,0,5,0
9,-107,5.657,30,1290847,31,0,-65,11652,130,-216,11261,0,0,186,3176,-2047,1717,0,0,0,5,0
9,-107,5.739,31,1290903,31,0,-65,11652,130,-216,11261,0,0,186,3176,-2047,1717,0,0,0,5,0
9,-107,5.769,32,1290959,31,0,-65,11652,130,-216,11261,0,0,186,3176,-2047,1717,0,0,0,5,0
9,-107,5.825,33,1291015,31,0,-65,11652,130,-216,11261,0,0,186,3176,-2047,1717,0,0,0,5,0
9,-107,5.88,34,1291071,31,0,-65,11652,130,-216,11261,0,0,186,3176,-2047,1717,0,0,0,5,0
9,-107,5.937,35,1291127,31,0,-65,11652,130,-216,11260,0,0,186,3176,-2047,1717,0,0,0,5,0
9,-107,5.994,36,1291183,31,0,-65,11652,130,-216,11260,0,0,186,3176,-2047,1717,0,0,0,5,0
9,-107,6.051,37,1291239,31,0,-65,11652,130,-216,11261,0,0,186,3176,-2047,1717,0,0,0,5,0
9,-107,6.109,38,1291295,31,0,-65,11652,130,-216,11261,0,0,186,3176,-2047,1717,0,0,0,5,0
9,-107,6.167,39,1291351,31,0,-65,11652,130,-216,11261,0,0,186,3176,-2047,1717,0,0,0,5,0
9,-107,6.217,40,1291407,31,0,-65,11652,130,-216,11261,0,0,186,3176,-2047,1717,0,0,0,5,0
9,-107,6.289,41,1291463,31,0,-65,11652,130,-216,11261,0,0,186,3176,-2047,1717,0,0,0,5,0
9,-107,6.367,42,1291519,31,0,-65,11652,130,-216,11261,0,0,186,3176,-2047,1717,0,0,0,5,0
9,-107,6.384,43,1291575,31,0,-65,11652,130,-216,11260,0,0,186,3176,-2047,1717,0,0,0,5,0
9,-107,6.448,44,1291631,31,0,-65,11652,130,-216,11260,0,0,186,3176,-2047,1717,0,0,0,5,0
9,-107,6.493,45,1291683,31,0,-65,11652,130,-216,11260,0,0,186,3176,-2047,1717,0,0,0,5,0
9,-107,6.549,46,1291739,31,0,-65,11652,130,-216,11260,0,0,186,3176,-2047,1717,0,0,0,5,0
9,-107,6.605,47,1291795,31,0,-65,11652,130,-216,11260,0,0,186,3176,-2047,1717,0,0,0,5,0
9,-107,6.662,48,1291851,31,0,-65,11652,130,-216,11260,0,0,186,3176,-2047,1717,0,0,0,5,0
9,-107,6.718,49,1291907,31,0,-65,11652,130,-216,11260,0,0,186,3176,-2047,1717,0,0,0,5,0
9,-107,6.774,50,1291963,31,0,-65,11652,130,-216,11260,0,0,186,3176,-2047,1717,0,0,0,5,0
9,-107,6.837,51,1292019,31,0,-65,11652,130,-216,11259,0,0,186,3176,-2047,1717,0,0,0,5,0
9,-107,6.885,52,1292075,31,0,-65,11652,130,-216,11259,0,0,186,3176,-2047,1717,0,0,0,5,0
9,-107,6.954,53,1292131,31,0,-65,11652,130,-216,11259,0,0,186,3176,-2047,1717,0,0,0,5,0
9,-107,6.998,54,1292187,31,0,-65,11652,130,-216,11259,0,0,186,3176,-2047,1717,0,0,0,5,0
9,-107,7.052,55,1292243,31,0,-65,11652,130,-216,11259,0,0,186,3176,-2047,1717,0,0,0,5,0
9,-107,7.108,56,1292299,31,0,-65,11652,130,-216,11259,0,0,186,3176,-2047,1717,0,0,0,5,0
9,-107,7.165,57,1292355,31,0,-65,11652,130,-216,11259,0,0,186,3176,-2047,1717,0,0,0,5,0
9,-107,7.221,58,1292411,31,0,-65,11652,130,-216,11259,0,0,186,3176,-2047,1717,0,0,0,5,0
9,-107,7.278,59,1292467,31,0,-65,11652,130,-216,11259,0,0,186,3176,-2047,1717,0,0,0,5,0
9,-107,7.337,60,1292523,31,0,-65,11652,130,-216,11259,0,0,186,3176,-2047,1717,0,0,0,5,0
9,-107,7.388,61,1292579,31,0,-65,11652,130,-216,11259,0,0,186,3176,-2047,1717,0,0,0,5,0
9,-107,7.452,62,1292635,31,0,-65,11652,130,-216,11259,0,0,186,3176,-2047,1717,0,0,0,5,0
9,-107,7.51,63,1292691,31,0,-65,11652,130,-216,11259,0,0,186,3176,-2047,1717,0,0,0,5,0
9,-107,7.554,64,1292743,31,0,-65,11652,130,-216,11259,0,0,186,3176,-2047,1717,0,0,0,5,0
9,-107,7.611,65,1292799,31,0,-65,11652,130,-216,11259,0,0,186,3176,-2047,1717,0,0,0,5,0
9,-107,7.664,66,1292855,31,0,-65,11652,130,-216,11259,0,0,186,3176,-2047,1717,0,0,0,5,0
9,-107,7.722,67,1292911,31,0,-65,11652,130,-216,11259,0,0,186,3176,-2047,1717,0,0,0,5,0
9,-107,7.779,68,1292967,31,0,-65,11652,130,-216,11259,0,0,186,3176,-2047,1717,0,0,0,5,0
9,-107,7.842,69,1293023,31,0,-65,11652,130,-216,11259,0,0,186,3176,-2047,1717,0,0,0,5,0
9,-107,7.9,70,1293079,31,0,-65,11652,130,-216,11259,0,0,186,3176,-2047,1717,0,0,0,5,0
9,-107,7.948,71,1293135,31,0,-65,11652,130,-216,11259,0,0,186,3176,-2047,1717,0,0,0,5,0
9,-107,8.004,72,1293191,31,0,-65,11652,130,-216,11259,0,0,186,3176,-2047,1717,0,0,0,5,0
9,-107,8.062,73,1293247,31,0,-65,11652,130,-216,11259,0,0,186,3176,-2047,1717,0,0,0,5,0
9,-107,8.113,74,1293303,31,0,-65,11652,130,-216,11259,0,0,186,3176,-2047,1717,0,0,0,5,0
9,-107,8.168,75,1293359,31,0,-65,11652,130,-216,11259,0,0,186,3176,-2047,1717,0,0,0,5,0
9,-107,8.224,76,1293415,31,0,-65,11652,130,-216,11259,0,0,186,3176,-2047,1717,0,0,0,5,0
9,-107,8.281,77,1293471,31,0,-65,11652,130,-216,11259,0,0,186,3176,-2047,1717,0,0,0,5,0
9,-107,8.337,78,1293527,31,0,-65,11652,130,-216,11259,0,0,186,3176,-2047,1717,0,0,0,5,0
9,-107,8.393,79,1293583,31,0,-65,11652,130,-216,11259,0,0,186,3176,-2047,1717,0,0,0,5,0
9,-107,8.45,80,1293639,31,0,-65,11652,130,-216,11259,0,0,186,3176,-2047,1717,0,0,0,5,0
9,-107,8.512,81,1293695,31,0,-65,11652,130,-216,11259,0,0,186,3176,-2047,1717,0,0,0,5,0
9,-107,8.582,82,1293751,31,0,-65,11652,130,-216,11259,0,0,186,3176,-2047,1717,0,0,0,5,0
9,-107,8.613,83,1293803,31,0,-65,11652,130,-216,11259,0,0,186,3176,-2047,1717,0,0,0,5,0
9,-107,8.679,84,1293859,31,0,-65,11652,130,-216,11259,0,0,186,3176,-2047,1717,0,0,0,5,0
9,-107,8.746,85,1293915,31,0,-65,11652,130,-216,11259,0,0,186,3176,-2047,1717,0,0,0,5,0
9,-107,8.793,86,1293971,31,0,-65,11652,130,-216,11259,0,0,186,3176,-2047,1717,0,0,0,5,0
9,-107,8.849,87,1294027,31,0,-65,11652,130,-216,11259,0,0,186,3176,-2047,1717,0,0,0,5,0
9,-107,8.893,88,1294083,31,0,-65,11652,130,-216,11259,0,0,186,3176,-2047,1717,0,0,0,5,0
9,-107,8.96,89,1294139,31,0,-65,11652,130,-216,11259,0,0,186,3176,-2047,1717,0,0,0,5,0
9,-107,9.005,90,1294195,31,0,-65,11652,130,-216,11259,0,0,186,3176,-2047,1717,0,0,0,5,0
9,-107,9.061,91,1294251,31,0,-65,11652,130,-216,11259,0,0,186,3176,-2047,1717,0,0,0,5,0
9,-107,9.142,92,1294307,31,0,-65,11652,130,-216,11259,0,0,186,3176,-2047,1717,0,0,0,5,0
9,-107,9.173,93,1294363,31,0,-65,11652,130,-216,11259,0,0,186,3176,-2047,1717,0,0,0,5,0
9,-107,9.231,94,1294419,31,0,-65,11652,130,-216,11259,0,0,186,3176,-2047,1717,0,0,0,5,0
9,-107,9.294,95,1294475,31,0,-65,11652,130,-216,11259,0,0,186,3176,-2047,1717,0,0,0,5,0
9,-107,9.348,96,1294531,31,0,-65,11652,130,-216,11259,0,0,186,3176,-2047,1717,0,0,0,5,0
9,-107,9.443,97,1294587,31,0,-65,11652,130,-216,11259,0,0,186,3176,-2047,1717,0,0,0,5,0
9,-107,9.458,98,1294643,31,0,-65,11652,130,-216,11259,0,0,186,3176,-2047,1717,0,0,0,5,0
9,-107,9.509,99,1294699,31,0,-65,11652,130,-216,11259,0,0,186,3176,-2047,1717,0,0,0,5,0
9,-107,9.565,100,1294755,31,0,-65,11652,130,-216,11259,0,0,186,3176,-2047,1717,0,0,0,5,0
9,-107,9.629,101,1294811,31,0,-65,11652,130,-216,11259,0,0,186,3176,-2047,1717,0,0,0,5,0
9,-107,9.673,102,1294863,31,0,-65,11652,130,-216,11259,0,0,186,3176,-2047,1717,0,0,0,5,0
9,-107,9.734,103,1294919,31,0,-65,11652,130,-216,11259,0,0,186,3176,-2047,1717,0,0,0,5,0
9,-107,9.785,104,1294975,31,0,-65,11652,130,-216,11259,0,0,186,3176,-2047,1717,0,0,0,5,0
9,-107,9.84,105,1295031,31,0,-65,11652,130,-216,11259,0,0,186,3176,-2047,1717,0,0,0,5,0
9,-107,9.905,106,1295087,31,0,-65,11652,130,-216,11259,0,0,186,3176,-2047,1717,0,0,0,5,0
9,-107,9.963,107,1295143,31,0,-65,11652,130,-216,11258,0,0,186,3176,-2047,1717,0,0,0,5,0
9,-107,10.068,108,1295199,31,0,-65,11652,130,-216,11258,0,0,186,3176,-2047,1717,0,0,0,5,0
9,-107,10.068,109,1295255,31,0,-65,11652,130,-216,11258,0,0,186,3176,-2047,1717,0,0,0,5,0
9,-107,10.122,110,1295311,31,0,-65,11652,130,-216,11258,0,0,186,3176,-2047,1717,0,0,0,5,0
9,-107,10.178,111,1295367,31,0,-65,11652,130,-216,11258,0,0,186,3176,-2047,1717,0,0,0,5,0
9,-107,10.233,112,1295423,31,0,-65,11652,130,-216,11258,0,0,186,3176,-2047,1717,0,0,0,5,0
9,-107,10.289,113,1295479,31,0,-65,11652,130,-216,11258,0,0,186,3176,-2047,1717,0,0,0,5,0
9,-107,10.349,114,1295535,31,0,-65,11652,130,-216,11258,0,0,186,3176,-2047,1717,0,0,0,5,0
9,-107,10.402,115,1295591,31,0,-65,11652,130,-216,11258,0,0,186,3176,-2047,1717,0,0,0,5,0
9,-107,10.463,116,1295647,31,0,-65,11652,130,-216,11258,0,0,186,3176,-2047,1717,0,0,0,5,0
9,-107,10.512,117,1295703,31,0,-65,11652,130,-216,11259,0,0,186,3176,-2047,1717,0,0,0,5,0
9,-107,10.568,118,1295759,31,0,-65,11652,130,-216,11259,0,0,186,3176,-2047,1717,0,0,0,5,0
9,-107,10.637,119,1295815,31,0,-65,11652,130,-216,11258,0,0,186,3176,-2047,1717,0,0,0,5,0
9,-107,10.688,120,1295871,31,0,-65,11652,130,-216,11258,0,0,186,3176,-2047,1717,0,0,0,5,0
9,-107,10.734,121,1295923,31,0,-65,11652,130,-216,11259,0,0,186,3176,-2047,1717,0,0,0,5,0
9,-107,10.789,122,1295979,31,0,-65,11652,130,-216,11259,0,0,186,3176,-2047,1717,0,0,0,5,0
9,-107,10.844,123,1296035,31,0,-65,11652,130,-216,11258,0,0,186,3176,-2047,1717,0,0,0,5,0
9,-107,10.901,124,1296091,31,0,-65,11652,130,-216,11258,0,0,186,3176,-2047,1717,0,0,0,5,0
9,-107,10.959,125,1296147,31,0,-65,11652,130,-216,11258,0,0,186,3176,-2047,1717,0,0,0,5,0
9,-107,11.012,126,1296203,31,0,-65,11652,130,-216,11258,0,0,186,3176,-2047,1717,0,0,0,5,0
9,-107,11.068,127,1296259,31,0,-65,11652,130,-216,11258,0,0,186,3176,-2047,1717,0,0,0,5,0
9,-107,11.126,0,1296315,31,0,-65,11652,130,-216,11258,0,0,186,3176,-2047,1717,0,0,0,5,0
9,-107,11.181,1,1296371,31,0,-65,11652,130,-216,11258,0,0,186,3176,-2047,1717,0,0,0,5,0
9,-107,11.242,2,1296427,31,0,-65,11652,130,-216,11258,0,0,186,3176,-2047,1717,0,0,0,5,0
9,-107,11.293,3,1296483,31,0,-65,11652,130,-216,11258,0,0,186,3176,-2047,1717,0,0,0,5,0
9,-107,11.349,4,1296539,31,0,-65,11652,130,-216,11258,0,0,186,3176,-2047,1717,0,0,0,5,0
9,-107,11.405,5,1296595,31,0,-65,11652,130,-216,11258,0,0,186,3176,-2047,1717,0,0,0,5,0
10,107,0.002,77,1300611,31,0,-65,11652,130,-216,11257,0,0,186,3176,-2047,1717,0,0,0,5,0
10,107,0.08,78,1300680,31,0,-65,11652,130,-216,11257,0,0,186,3178,-2047,1717,-300,300,0,5,0
10,107,0.143,79,1300751,31,0,-65,11701,130,-216,11257,-18,7,187,3181,-2058,1722,-1100,900,0,5,0
10,107,0.219,80,1300823,31,1,-65,11952,130,-216,11258,-41,32,187,3184,-2100,1761,-1700,1600,0,5,0
10,107,0.287,81,1300895,31,0,-65,12354,132,-215,11593,-73,91,187,3187,-2163,1828,-2400,2400,0,5,0
10,107,0.359,82,1300967,31,1,-65,13088,132,-215,11593,-137,123,187,3190,-2283,1945,-2800,2800,0,5,0
10,107,0.443,83,1301039,31,0,-65,14017,140,-212,12686,-155,164,187,3193,-2433,2095,-3200,3200,0,5,0
10,107,0.502,84,1301111,31,0,-65,15150,149,-205,14307,-187,187,187,3196,-2616,2278,-3600,3600,0,5,0
10,107,0.575,85,1301183,31,1,-65,16450,149,-205,14307,-210,213,187,3199,-2830,2484,-3600,3600,0,5,0
10,107,0.648,86,1301255,31,1,-65,17824,156,-194,16370,-210,193,187,3202,-3058,2700,-3000,3000,0,5,0
10,107,0.737,87,1301328,31,1,-65,19028,159,-181,-17567,-178,178,187,3205,-3252,2895,-2300,2300,0,5,0
10,107,0.769,88,1301379,31,1,-65,19681,159,-181,-17567,-162,146,187,3206,-3363,2995,-2400,2400,0,5,0
10,107,0.842,89,1301451,31,1,-65,20542,158,-171,-16115,-105,114,187,3209,-3497,3139,-1200,1300,0,5,0
10,107,0.914,90,1301523,31,1,-65,21050,158,-171,-16115,-67,73,187,3212,-3575,3225,-1000,1000,0,5,0
10,107,0.986,91,1301595,31,1,-66,21313,155,-166,-15368,-32,32,187,3215,-3613,3272,-1200,1100,0,5,0
10,107,1.06,92,1301667,31,1,-66,21607,153,-164,-14973,-50,47,187,3218,-3658,3322,-1200,1100,0,5,0
10,107,1.162,93,1301772,31,-1,-68,21926,151,-161,-14548,0,0,187,3224,-3708,3375,0,0,0,6,0
10,107,1.212,94,1301823,31,-1,-68,21926,151,-161,-14548,0,0,187,3226,-3708,3375,0,0,0,6,0
10,107,1.284,95,1301895,31,-1,-68,21926,151,-161,-14543,0,0,187,3229,-3708,3375,0,0,0,6,0
10,107,1.353,96,1301951,31,-1,-68,21926,151,-161,-14543,0,0,187,3231,-3708,3375,0,0,0,6,0
10,107,1.399,97,1302007,31,-1,-68,21926,151,-161,-14543,0,0,187,3231,-3708,3375,0,0,0,6,0
10,107,1.455,98,1302063,31,-1,-68,21926,151,-161,-14543,0,0,187,3231,-3708,3375,0,0,0,6,0
10,107,1.508,99,1302119,31,-1,-68,21926,151,-161,-14543,0,0,187,3231,-3708,3375,0,0,0,6,0
10,107,1.567,100,1302175,31,-1,-68,21926,151,-161,-14543,0,0,187,3231,-3708,3375,0,0,0,6,0
10,107,1.622,101,1302231,31,-1,-68,21926,151,-161,-14543,0,0,187,3231,-3708,3375,0,0,0,6,0
10,107,1.678,102,1302287,31,-1,-68,21926,151,-161,-14543,0,0,187,3231,-3708,3375,0,0,0,6,0
10,107,1.734,103,1302343,31,-1,-68,21926,151,-161,-14543,0,0,187,3231,-3708,3375,0,0,0,6,0
10,107,1.79,104,1302399,31,-1,-68,21926,151,-161,-14543,0,0,187,3231,-3708,3375,0,0,0,6,0
10,107,1.85,105,1302455,31,-1,-68,21926,151,-161,-14543,0,0,187,3231,-3708,3375,0,0,0,6,0
10,107,1.911,106,1302511,31,-1,-68,21926,151,-161,-14543,0,0,187,3231,-3708,3375,0,0,0,6,0
10,107,1.963,107,1302563,31,-1,-68,21926,151,-161,-14543,0,0,187,3231,-3708,3375,0,0,0,6,0
10,107,2.009,108,1302619,31,-1,-68,21926,151,-161,-14543,0,0,187,3231,-3708,3375,0,0,0,6,0
10,107,2.067,109,1302675,31,-1,-68,21926,151,-161,-14543,0,0,187,3231,-3708,3375,0,0,0,6,0
10,107,2.123,110,1302731,31,-1,-68,21926,151,-161,-14543,0,0,187,3231,-3708,3375,0,0,0,6,0
10,107,2.177,111,1302787,31,-1,-68,21926,151,-161,-14543,0,0,187,3231,-3708,3375,0,0,0,6,0
10,107,2.233,112,1302843,31,-1,-68,21926,151,-161,-14543,0,0,187,3231,-3708,3375,0,0,0,6,0
10,107,2.289,113,1302899,31,-1,-68,21926,151,-161,-14543,0,0,187,3231,-3708,3375,0,0,0,6,0
10,107,2.346,114,1302955,31,-1,-68,21926,151,-161,-14543,0,0,187,3231,-3708,3375,0,0,0,6,0
10,107,2.403,115,1303011,31,-1,-68,21926,151,-161,-14544,0,0,187,3231,-3708,3375,0,0,0,6,0
10,107,2.459,116,1303067,31,-1,-68,21926,151,-161,-14544,0,0,187,3231,-3708,3375,0,0,0,6,0
10,107,2.514,117,1303123,31,-1,-68,21926,151,-161,-14544,0,0,187,3231,-3708,3375,0,0,0,6,0
10,107,2.577,118,1303179,31,-1,-68,21926,151,-161,-14544,0,0,187,3231,-3708,3375,0,0,0,6,0
10,107,2.627,119,1303235,31,-1,-68,21926,151,-161,-14544,0,0,187,3231,-3708,3375,0,0,0,6,0
10,107,2.681,120,1303291,31,-1,-68,21926,151,-161,-14544,0,0,187,3231,-3708,3375,0,0,0,6,0
10,107,2.738,121,1303347,31,-1,-68,21926,151,-161,-14544,0,0,187,3231,-3708,3375,0,0,0,6,0
10,107,2.793,122,1303403,31,-1,-68,21926,151,-161,-14544,0,0,187,3231,-3708,3375,0,0,0,6,0
10,107,2.849,123,1303459,31,-1,-68,21926,151,-161,-14544,0,0,187,3231,-3708,3375,0,0,0,6,0
10,107,2.904,124,1303515,31,-1,-68,21926,151,-161,-14544,0,0,187,3231,-3708,3375,0,0,0,6,0
10,107,2.969,125,1303571,31,-1,-68,21926,151,-161,-14544,0,0,187,3231,-3708,3375,0,0,0,6,0
10,107,3.016,126,1303623,31,-1,-68,21926,151,-161,-14544,0,0,187,3231,-3708,3375,0,0,0,6,0
10,107,3.071,127,1303679,31,-1,-68,21926,151,-161,-14544,0,0,187,3231,-3708,3375,0,0,0,6,0
10,107,3.127,0,1303735,31,-1,-68,21926,151,-161,-14544,0,0,187,3231,-3708,3375,0,0,0,6,0
10,107,3.19,1,1303791,31,-1,-68,21926,151,-161,-14544,0,0,187,3231,-3708,3375,0,0,0,6,0
10,107,3.238,2,1303847,31,-1,-68,21926,151,-161,-14544,0,0,187,3231,-3708,3375,0,0,0,6,0
10,107,3.293,3,1303903,31,-1,-68,21926,151,-161,-14544,0,0,187,3231,-3708,3375,0,0,0,6,0
10,107,3.352,4,1303959,31,-1,-68,21926,151,-161,-14544,0,0,187,3231,-3708,3375,0,0,0,6,0
10,107,3.407,5,1304015,31,-1,-68,21926,151,-161,-14544,0,0,187,3231,-3708,3375,0,0,0,6,0
10,107,3.463,6,1304071,31,-1,-68,21926,151,-161,-14544,0,0,187,3231,-3708,3375,0,0,0,6,0
10,107,3.518,7,1304127,31,-1,-68,21926,151,-161,-14544,0,0,187,3231,-3708,3375,0,0,0,6,0
10,107,3.573,8,1304183,31,-1,-68,21926,151,-161,-14544,0,0,187,3231,-3708,3375,0,0,0,6,0
10,107,3.63,9,1304239,31,-1,-68,21926,151,-161,-14544,0,0,187,3231,-3708,3375,0,0,0,6,0
10,107,3.689,10,1304295,31,-1,-68,21926,151,-161,-14544,0,0,187,3231,-3708,3375,0,0,0,6,0
10,107,3.74,11,1304351,31,-1,-68,21926,151,-161,-14544,0,0,187,3231,-3708,3375,0,0,0,6,0
10,107,3.805,12,1304407,31,-1,-68,21926,151,-161,-14544,0,0,187,3231,-3708,3375,0,0,0,6,0
10,107,3.856,13,1304463,31,-1,-68,21926,151,-161,-14544,0,0,187,3231,-3708,3375,0,0,0,6,0
10,107,3.909,14,1304519,31,-1,-68,21926,151,-161,-14544,0,0,187,3231,-3708,3375,0,0,0,6,0
10,107,3.967,15,1304575,31,-1,-68,21926,151,-161,-14544,0,0,187,3231,-3708,3375,0,0,0,6,0
10,107,4.029,16,1304631,31,-1,-68,21926,151,-161,-14544,0,0,187,3231,-3708,3375,0,0,0,6,0
10,107,4.074,17,1304683,31,-1,-68,21926,151,-161,-14544,0,0,187,3231,-3708,3375,0,0,0,6,0
10,107,4.132,18,1304739,31,-1,-68,21926,151,-161,-14544,0,0,187,3231,-3708,3375,0,0,0,6,0
10,107,4.186,19,1304795,31,-1,-68,21926,151,-161,-14544,0,0,187,3231,-3708,3375,0,0,0,6,0
10,107,4.246,20,1304851,31,-1,-68,21926,151,-161,-14544,0,0,187,3231,-3708,3375,0,0,0,6,0
10,107,4.3,21,1304907,31,-1,-68,21926,151,-161,-14544,0,0,187,3231,-3708,3375,0,0,0,6,0
10,107,4.353,22,1304963,31,-1,-68,21926,151,-161,-14544,0,0,187,3231,-3708,3375,0,0,0,6,0
10,107,4.408,23,1305019,31,-1,-68,21926,151,-161,-14544,0,0,187,3231,-3708,3375,0,0,0,6,0
10,107,4.464,24,1305075,31,-1,-68,21926,151,-161,-14544,0,0,187,3231,-3708,3375,0,0,0,6,0
10,107,4.522,25,1305131,31,-1,-68,21926,151,-161,-14544,0,0,187,3231,-3708,3375,0,0,0,6,0
10,107,4.58,26,1305187,31,-1,-68,21926,151,-161,-14544,0,0,187,3231,-3708,3375,0,0,0,6,0
10,107,4.632,27,1305243,31,-1,-68,21926,151,-161,-14544,0,0,187,3231,-3708,3375,0,0,0,6,0
10,107,4.69,28,1305299,31,-1,-68,21926,151,-161,-14544,0,0,187,3231,-3708,3375,0,0,0,6,0
10,107,4.747,29,1305355,31,-1,-68,21926,151,-161,-14544,0,0,187,3231,-3708,3375,0,0,0,6,0
10,107,4.801,30,1305411,31,-1,-68,21926,151,-161,-14544,0,0,187,3231,-3708,3375,0,0,0,6,0
10,107,4.858,31,1305467,31,-1,-68,21926,151,-161,-14544,0,0,187,3231,-3708,3375,0,0,0,6,0
10,107,4.915,32,1305523,31,-1,-68,21926,151,-161,-14544,0,0,187,3231,-3708,3375,0,0,0,6,0
10,107,4.97,33,1305579,31,-1,-68,21926,151,-161,-14544,0,0,187,3231,-3708,3375,0,0,0,6,0
10,107,5.025,34,1305635,31,-1,-68,21926,151,-161,-14544,0,0,187,3231,-3708,3375,0,0,0,6,0
10,107,5.092,35,1305691,31,-1,-68,21926,151,-161,-14544,0,0,187,3231,-3708,3375,0,0,0,6,0
10,107,5.167,36,1305743,31,-1,-68,21926,151,-161,-14544,0,0,187,3231,-3708,3375,0,0,0,6,0
10,107,5.189,37,1305799,31,-1,-68,21926,151,-161,-14544,0,0,187,3231,-3708,3375,0,0,0,6,0
10,107,5.247,38,1305855,31,-1,-68,21926,151,-161,-14544,0,0,187,3231,-3708,3375,0,0,0,6,0
10,107,5.301,39,1305911,31,-1,-68,21926,151,-161,-14544,0,0,187,3231,-3708,3375,0,0,0,6,0
10,107,5.382,40,1305967,31,-1,-68,21926,151,-161,-14544,0,0,187,3231,-3708,3375,0,0,0,6,0
10,107,5.413,41,1306023,31,-1,-68,21926,151,-161,-14544,0,0,187,3231,-3708,3375,0,0,0,6,0
10,107,5.469,42,1306079,31,-1,-68,21926,151,-161,-14545,0,0,187,3231,-3708,3375,0,0,0,6,0
10,107,5.525,43,1306135,31,-1,-68,21926,151,-161,-14545,0,0,187,3231,-3708,3375,0,0,0,6,0
10,107,5.582,44,1306191,31,-1,-68,21926,151,-161,-14545,0,0,187,3231,-3708,3375,0,0,0,6,0
11,-180,-0.015,0,1310879,31,-1,-68,21926,151,-161,-14546,0,0,187,3231,-3708,3375,0,0,0,6,0
11,-180,0.045,1,1310939,31,-1,-68,21926,151,-161,-14546,0,0,187,3232,-3708,3375,0,0,0,6,0
11,-180,0.127,2,1311011,31,-1,-68,21916,151,-161,-14546,18,9,188,3235,-3702,3378,800,-800,0,6,0
11,-180,0.189,3,1311083,31,-1,-68,21765,151,-161,-14546,33,-20,188,3238,-3675,3356,1500,-1400,0,6,0
11,-180,0.261,4,1311155,31,-1,-68,21480,151,-161,-14604,64,-58,188,3241,-3625,3314,2300,-2300,0,6,0
11,-180,0.334,5,1311227,31,-2,-69,20895,153,-166,-15348,111,-105,188,3244,-3525,3225,2700,-2700,0,6,0
11,-180,0.471,6,1311356,31,4,-60,20084,156,-175,-16535,0,0,188,3252,-3388,3100,0,0,0,6,0
11,-180,0.516,7,1311411,31,4,-60,20084,156,-175,-16535,0,0,188,3252,-3388,3100,0,0,0,6,0
11,-180,0.573,8,1311467,31,4,-60,20084,157,-175,-16505,0,0,188,3252,-3388,3100,0,0,0,6,0
11,-180,0.629,9,1311523,31,4,-60,20084,157,-175,-16505,0,0,188,3252,-3388,3100,0,0,0,6,0
11,-180,0.687,10,1311579,31,4,-60,20084,157,-175,-16505,0,0,188,3252,-3388,3100,0,0,0,6,0
11,-180,0.741,11,1311635,31,4,-60,20084,157,-175,-16505,0,0,188,3252,-3388,3100,0,0,0,6,0
11,-180,0.797,12,1311691,31,4,-60,20084,157,-175,-16505,0,0,188,3252,-3388,3100,0,0,0,6,0
11,-180,0.853,13,1311747,31,4,-60,20084,157,-175,-16505,0,0,188,3252,-3388,3100,0,0,0,6,0
11,-180,0.911,14,1311803,31,4,-60,20084,157,-175,-16505,0,0,188,3252,-3388,3100,0,0,0,6,0
11,-180,0.964,15,1311859,31,4,-60,20084,157,-175,-16505,0,0,188,3252,-3388,3100,0,0,0,6,0
11,-180,1.021,16,1311915,31,4,-60,20084,157,-175,-16505,0,0,188,3252,-3388,3100,0,0,0,6,0
11,-180,1.077,17,1311971,31,4,-60,20084,157,-175,-16505,0,0,188,3252,-3388,3100,0,0,0,6,0
11,-180,1.136,18,1312027,31,4,-60,20084,157,-175,-16505,0,0,188,3252,-3388,3100,0,0,0,6,0
11,-180,1.191,19,1312083,31,4,-60,20084,157,-175,-16505,0,0,188,3252,-3388,3100,0,0,0,6,0
11,-180,1.246,20,1312139,31,4,-60,20084,157,-175,-16505,0,0,188,3252,-3388,3100,0,0,0,6,0
11,-180,1.314,21,1312195,31,4,-60,20084,157,-175,-16505,0,0,188,3252,-3388,3100,0,0,0,6,0
11,-180,1.354,22,1312247,31,4,-60,20084,157,-175,-16505,0,0,188,3252,-3388,3100,0,0,0,6,0
11,-180,1.411,23,1312303,31,4,-60,20084,157,-175,-16505,0,0,188,3252,-3388,3100,0,0,0,6,0
11,-180,1.466,24,1312359,31,4,-60,20084,157,-175,-16505,0,0,188,3252,-3388,3100,0,0,0,6,0
11,-180,1.543,25,1312415,31,4,-60,20084,157,-175,-16505,0,0,188,3252,-3388,3100,0,0,0,6,0
11,-180,1.586,26,1312471,31,4,-60,20084,157,-175,-16505,0,0,188,3252,-3388,3100,0,0,0,6,0
11,-180,1.633,27,1312527,31,4,-60,20084,157,-175,-16505,0,0,188,3252,-3388,3100,0,0,0,6,0
11,-180,1.688,28,1312583,31,4,-60,20084,157,-175,-16505,0,0,188,3252,-3388,3100,0,0,0,6,0
11,-180,1.745,29,1312639,31,4,-60,20084,157,-175,-16505,0,0,188,3252,-3388,3100,0,0,0,6,0
11,-180,1.801,30,1312695,31,4,-60,20084,157,-175,-16505,0,0,188,3252,-3388,3100,0,0,0,6,0
11,-180,1.857,31,1312751,31,4,-60,20084,157,-175,-16505,0,0,188,3252,-3388,3100,0,0,0,6,0
11,-180,1.917,32,1312807,31,4,-60,20084,157,-175,-16505,0,0,188,3252,-3388,3100,0,0,0,6,0
11,-180,1.972,33,1312863,31,4,-60,20084,157,-175,-16505,0,0,188,3252,-3388,3100,0,0,0,6,0
11,-180,2.025,34,1312919,31,4,-60,20084,157,-175,-16505,0,0,188,3252,-3388,3100,0,0,0,6,0
11,-180,2.081,35,1312975,31,4,-60,20084,157,-175,-16505,0,0,188,3252,-3388,3100,0,0,0,6,0
11,-180,2.141,36,1313031,31,4,-60,20084,157,-175,-16505,0,0,188,3252,-3388,3100,0,0,0,6,0
11,-180,2.193,37,1313087,31,4,-60,20084,157,-175,-16505,0,0,188,3252,-3388,3100,0,0,0,6,0
11,-180,2.248,38,1313143,31,4,-60,20084,157,-175,-16506,0,0,188,3252,-3388,3100,0,0,0,6,0
11,-180,2.309,39,1313199,31,4,-60,20084,157,-175,-16506,0,0,188,3252,-3388,3100,0,0,0,6,0
11,-180,2.369,40,1313255,31,4,-60,20084,157,-175,-16505,0,0,188,3252,-3388,3100,0,0,0,6,0
11,-180,2.414,41,1313307,31,4,-60,20084,157,-175,-16505,0,0,188,3252,-3388,3100,0,0,0,6,0
11,-180,2.469,42,1313363,31,4,-60,20084,157,-175,-16505,0,0,188,3252,-3388,3100,0,0,0,6,0
11,-180,2.532,43,1313419,31,4,-60,20084,157,-175,-16505,0,0,188,3252,-3388,3100,0,0,0,6,0
11,-180,2.583,44,1313475,31,4,-60,20084,157,-175,-16506,0,0,188,3252,-3388,3100,0,0,0,6,0
11,-180,2.637,45,1313531,31,4,-60,20084,157,-175,-16506,0,0,188,3252,-3388,3100,0,0,0,6,0
11,-180,2.693,46,1313587,31,4,-60,20084,157,-175,-16506,0,0,188,3252,-3388,3100,0,0,0,6,0
11,-180,2.749,47,1313643,31,4,-60,20084,157,-175,-16506,0,0,188,3252,-3388,3100,0,0,0,6,0
11,-180,2.805,48,1313699,31,4,-60,20084,157,-175,-16506,0,0,188,3252,-3388,3100,0,0,0,6,0
11,-180,2.861,49,1313755,31,4,-60,20084,157,-175,-16506,0,0,188,3252,-3388,3100,0,0,0,6,0
11,-180,2.916,50,1313811,31,4,-60,20084,157,-175,-16505,0,0,188,3252,-3388,3100,0,0,0,6,0
11,-180,2.979,51,1313867,31,4,-60,20084,157,-175,-16505,0,0,188,3252,-3388,3100,0,0,0,6,0
11,-180,3.029,52,1313923,31,4,-60,20084,157,-175,-16506,0,0,188,3252,-3388,3100,0,0,0,6,0
11,-180,3.085,53,1313979,31,4,-60,20084,157,-175,-16506,0,0,188,3252,-3388,3100,0,0,0,6,0
11,-180,3.144,54,1314035,31,4,-60,20084,157,-175,-16506,0,0,188,3252,-3388,3100,0,0,0,6,0
11,-180,3.197,55,1314091,31,4,-60,20084,157,-175,-16506,0,0,188,3252,-3388,3100,0,0,0,6,0
11,-180,3.253,56,1314147,31,4,-60,20084,157,-175,-16506,0,0,188,3252,-3388,3100,0,0,0,6,0
11,-180,3.308,57,1314203,31,4,-60,20084,157,-175,-16506,0,0,188,3252,-3388,3100,0,0,0,6,0
11,-180,3.365,58,1314259,31,4,-60,20084,157,-175,-16506,0,0,188,3252,-3388,3100,0,0,0,6,0
11,-180,3.427,59,1314315,31,4,-60,20084,157,-175,-16506,0,0,188,3252,-3388,3100,0,0,0,6,0
11,-180,3.473,60,1314367,31,4,-60,20084,157,-175,-16506,0,0,188,3252,-3388,3100,0,0,0,6,0
11,-180,3.534,61,1314423,31,4,-60,20084,157,-175,-16506,0,0,188,3252,-3388,3100,0,0,0,6,0
11,-180,3.602,62,1314479,31,4,-60,20084,157,-175,-16506,0,0,188,3252,-3388,3100,0,0,0,6,0
11,-180,3.643,63,1314535,31,4,-60,20084,157,-175,-16506,0,0,188,3252,-3388,3100,0,0,0,6,0
11,-180,3.713,64,1314591,31,4,-60,20084,157,-175,-16506,0,0,188,3252,-3388,3100,0,0,0,6,0
11,-180,3.759,65,1314647,31,4,-60,20084,157,-175,-16506,0,0,188,3252,-3388,3100,0,0,0,6,0
11,-180,3.81,66,1314703,31,4,-60,20084,157,-175,-16506,0,0,188,3252,-3388,3100,0,0,0,6,0
11,-180,3.865,67,1314759,31,4,-60,20084,157,-175,-16506,0,0,188,3252,-3388,3100,0,0,0,6,0
11,-180,3.922,68,1314815,31,4,-60,20084,157,-175,-16506,0,0,188,3252,-3388,3100,0,0,0,6,0
11,-180,4.028,69,1314871,31,4,-60,20084,157,-175,-16506,0,0,188,3252,-3388,3100,0,0,0,6,0
11,-180,4.032,70,1314927,31,4,-60,20084,157,-175,-16506,0,0,188,3252,-3388,3100,0,0,0,6,0
12,180,-0.024,13,1318887,31,4,-60,20084,157,-175,-16508,0,0,188,3252,-3388,3100,0,0,0,6,0
12,180,-0.024,14,1318943,31,4,-60,20084,157,-175,-16508,0,0,188,3252,-3388,3100,0,0,0,6,0
12,180,0.008,15,1318999,31,4,-60,20084,157,-175,-16508,0,0,188,3252,-3388,3100,0,0,0,6,0
12,180,0.068,16,1319059,31,4,-60,20084,157,-175,-16508,0,0,188,3254,-3388,3100,-300,300,0,6,0
12,180,0.14,17,1319131,31,4,-60,20102,157,-175,-16508,-4,4,189,3257,-3391,3103,-1000,900,0,6,0
12,180,0.234,18,1319203,31,4,-60,20267,157,-174,-16460,-41,41,189,3260,-3416,3131,-1800,1800,0,6,0
12,180,0.285,19,1319275,31,4,-61,20697,157,-174,-16460,-73,99,189,3263,-3480,3206,-2400,2400,0,6,0
12,180,0.358,20,1319347,31,3,-61,21446,155,-169,-15743,-123,146,189,3266,-3597,3331,-2800,2800,0,6,0
12,180,0.428,21,1319419,31,3,-61,22399,151,-160,-14317,-161,163,189,3269,-3752,3484,-3200,3200,0,6,0
12,180,0.531,22,1319491,31,3,-61,23532,151,-160,-14317,-196,193,189,3272,-3930,3672,-3600,3600,0,6,0
12,180,0.576,23,1319563,31,3,-61,24839,143,-151,-12516,-219,219,189,3275,-4138,3886,-4000,4000,0,6,0
12,180,0.644,24,1319635,31,3,-61,26303,131,-144,-10242,-236,225,189,3278,-4375,4122,-4300,4400,0,6,0
12,180,0.728,25,1319708,31,3,-61,27971,131,-144,-10242,-286,251,189,3281,-4650,4386,-4400,4300,0,6,0
12,180,0.834,26,1319779,31,3,-60,29655,111,-142,-7612,-274,266,189,3284,-4930,4650,-4000,4200,0,6,0
12,180,0.86,27,1319851,31,2,-60,31333,111,-142,-7612,-258,250,189,3287,-5211,4911,-3500,3600,0,6,0
12,180,0.932,28,1319923,31,2,-59,32803,91,-149,-4888,-225,213,189,3290,-5452,5145,-2700,2900,0,6,0
12,180,1.005,29,1319995,31,2,-59,34014,81,-159,-2703,-169,160,189,3293,-5652,5336,-1900,2200,0,6,0
12,180,1.076,30,1320067,31,2,-59,34912,81,-159,-2703,-123,131,189,3296,-5794,5484,-1700,1900,0,6,0
12,180,1.149,31,1320139,31,1,-59,35469,77,-168,-1331,-90,114,190,3299,-5897,5561,-1600,1800,0,6,0
12,180,1.232,32,1320211,31,3,-59,36165,76,-175,-385,-82,88,190,3302,-5986,5697,-1500,1400,0,6,0
12,180,1.293,33,1320283,31,3,-59,36664,76,-175,-385,-90,55,190,3305,-6072,5772,-1400,1200,0,6,0
12,180,1.365,34,1320355,31,2,-59,37112,75,-181,404,-73,64,190,3308,-6150,5839,-1100,1100,0,6,0
12,180,1.436,35,1320427,31,2,-59,37431,75,-186,991,-50,35,190,3311,-6208,5884,-700,800,0,6,0
12,180,1.549,36,1320540,31,2,-59,37756,76,-189,1351,0,0,190,3317,-6263,5934,0,0,0,6,0
12,180,1.6,37,1320591,31,2,-59,37756,76,-189,1351,0,0,190,3319,-6263,5934,0,0,0,6,0
12,180,1.673,38,1320647,31,2,-59,37756,76,-190,1397,0,0,190,3321,-6263,5934,0,0,0,6,0
12,180,1.72,39,1320703,31,2,-59,37756,76,-190,1397,0,0,190,3321,-6263,5934,0,0,0,6,0
12,180,1.768,40,1320759,31,2,-59,37756,76,-190,1397,0,0,190,3321,-6263,5934,0,0,0,6,0
12,180,1.825,41,1320815,31,2,-59,37756,76,-190,1397,0,0,190,3321,-6263,5934,0,0,0,6,0
12,180,1.88,42,1320871,31,2,-59,37756,76,-190,1397,0,0,190,3321,-6263,5934,0,0,0,6,0
12,180,1.938,43,1320927,31,2,-59,37756,76,-190,1397,0,0,190,3321,-6263,5934,0,0,0,6,0
12,180,1.992,44,1320983,31,2,-59,37756,76,-190,1398,0,0,190,3321,-6263,5934,0,0,0,6,0
12,180,2.054,45,1321039,31,2,-59,37756,76,-190,1398,0,0,190,3321,-6263,5934,0,0,0,6,0
12,180,2.1,46,1321091,31,2,-59,37756,76,-190,1398,0,0,190,3321,-6263,5934,0,0,0,6,0
12,180,2.155,47,1321147,31,2,-59,37756,76,-190,1398,0,0,190,3321,-6263,5934,0,0,0,6,0
12,180,2.215,48,1321203,31,2,-59,37756,76,-190,1398,0,0,190,3321,-6263,5934,0,0,0,6,0
12,180,2.269,49,1321259,31,2,-59,37756,76,-190,1398,0,0,190,3321,-6263,5934,0,0,0,6,0
12,180,2.328,50,1321315,31,2,-59,37756,76,-190,1398,0,0,190,3321,-6263,5934,0,0,0,6,0
12,180,2.38,51,1321371,31,2,-59,37756,76,-190,1397,0,0,190,3321,-6263,5934,0,0,0,6,0
12,180,2.436,52,1321427,31,2,-59,37756,76,-190,1397,0,0,190,3321,-6263,5934,0,0,0,6,0
12,180,2.492,53,1321483,31,2,-59,37756,76,-190,1397,0,0,190,3321,-6263,5934,0,0,0,6,0
12,180,2.548,54,1321539,31,2,-59,37756,76,-190,1397,0,0,190,3321,-6263,5934,0,0,0,6,0
12,180,2.604,55,1321595,31,2,-59,37756,76,-190,1397,0,0,190,3321,-6263,5934,0,0,0,6,0
12,180,2.659,56,1321651,31,2,-59,37756,76,-190,1397,0,0,190,3321,-6263,5934,0,0,0,6,0
12,180,2.716,57,1321707,31,2,-59,37756,76,-190,1397,0,0,190,3321,-6263,5934,0,0,0,6,0
12,180,2.771,58,1321763,31,2,-59,37756,76,-190,1397,0,0,190,3321,-6263,5934,0,0,0,6,0
12,180,2.829,59,1321819,31,2,-59,37756,76,-190,1397,0,0,190,3321,-6263,5934,0,0,0,6,0
12,180,2.884,60,1321875,31,2,-59,37756,76,-190,1397,0,0,190,3321,-6263,5934,0,0,0,6,0
12,180,2.954,61,1321931,31,2,-59,37756,76,-190,1397,0,0,190,3321,-6263,5934,0,0,0,6,0
12,180,2.996,62,1321987,31,2,-59,37756,76,-190,1397,0,0,190,3321,-6263,5934,0,0,0,6,0
12,180,3.052,63,1322043,31,2,-59,37756,76,-190,1398,0,0,190,3321,-6263,5934,0,0,0,6,0
12,180,3.114,64,1322099,31,2,-59,37756,76,-190,1398,0,0,190,3321,-6263,5934,0,0,0,6,0
12,180,3.16,65,1322151,31,2,-59,37756,76,-190,1398,0,0,190,3321,-6263,5934,0,0,0,6,0
12,180,3.216,66,1322207,31,2,-59,37756,76,-190,1398,0,0,190,3321,-6263,5934,0,0,0,6,0
12,180,3.322,67,1322263,31,2,-59,37756,76,-190,1397,0,0,190,3321,-6263,5934,0,0,0,6,0
12,180,3.328,68,1322319,31,2,-59,37756,76,-190,1397,0,0,190,3321,-6263,5934,0,0,0,6,0
12,180,3.384,69,1322375,31,2,-59,37756,76,-190,1397,0,0,190,3321,-6263,5934,0,0,0,6,0
12,180,3.444,70,1322431,31,2,-59,37756,76,-190,1397,0,0,190,3321,-6263,5934,0,0,0,6,0
12,180,3.495,71,1322487,31,2,-59,37756,76,-190,1397,0,0,190,3321,-6263,5934,0,0,0,6,0
12,180,3.588,72,1322543,31,2,-59,37756,76,-190,1397,0,0,190,3321,-6263,5934,0,0,0,6,0
12,180,3.607,73,1322599,31,2,-59,37756,76,-190,1398,0,0,190,3321,-6263,5934,0,0,0,6,0
12,180,3.664,74,1322655,31,2,-59,37756,76,-190,1398,0,0,190,3321,-6263,5934,0,0,0,6,0
12,180,3.72,75,1322711,31,2,-59,37756,76,-190,1398,0,0,190,3321,-6263,5934,0,0,0,6,0
12,180,3.776,76,1322767,31,2,-59,37756,76,-190,1398,0,0,190,3321,-6263,5934,0,0,0,6,0
12,180,3.833,77,1322823,31,2,-59,37756,76,-190,1398,0,0,190,3321,-6263,5934,0,0,0,6,0
12,180,3.888,78,1322879,31,2,-59,37756,76,-190,1398,0,0,190,3321,-6263,5934,0,0,0,6,0
12,180,3.944,79,1322935,31,2,-59,37756,76,-190,1398,0,0,190,3321,-6263,5934,0,0,0,6,0
12,180,4.0,80,1322991,31,2,-59,37756,76,-190,1398,0,0,190,3321,-6263,5934,0,0,0,6,0
12,180,4.059,81,1323047,31,2,-59,37756,76,-190,1397,0,0,190,3321,-6263,5934,0,0,0,6,0
12,180,4.112,82,1323103,31,2,-59,37756,76,-190,1397,0,0,190,3321,-6263,5934,0,0,0,6,0
12,180,4.234,83,1323159,31,2,-59,37756,76,-190,1398,0,0,190,3321,-6263,5934,0,0,0,6,0
12,180,4.234,84,1323211,31,2,-59,37756,76,-190,1398,0,0,190,3321,-6263,5934,0,0,0,6,0
12,180,4.275,85,1323267,31,2,-59,37756,76,-190,1397,0,0,190,3321,-6263,5934,0,0,0,6,0
12,180,4.331,86,1323323,31,2,-59,37756,76,-190,1397,0,0,190,3321,-6263,5934,0,0,0,6,0
12,180,4.388,87,1323379,31,2,-59,37756,76,-190,1397,0,0,190,3321,-6263,5934,0,0,0,6,0
12,180,4.444,88,1323435,31,2,-59,37756,76,-190,1397,0,0,190,3321,-6263,5934,0,0,0,6,0
12,180,4.501,89,1323491,31,2,-59,37756,76,-190,1398,0,0,190,3321,-6263,5934,0,0,0,6,0
12,180,4.556,90,1323547,31,2,-59,37756,76,-190,1398,0,0,190,3321,-6263,5934,0,0,0,6,0
12,180,4.611,91,1323603,31,2,-59,37756,76,-190,1397,0,0,190,3321,-6263,5934,0,0,0,6,0
12,180,4.672,92,1323659,31,2,-59,37756,76,-190,1397,0,0,190,3321,-6263,5934,0,0,0,6,0
12,180,4.723,93,1323715,31,2,-59,37756,76,-190,1397,0,0,190,3321,-6263,5934,0,0,0,6,0
12,180,4.783,94,1323771,31,2,-59,37756,76,-190,1397,0,0,190,3321,-6263,5934,0,0,0,6,0
12,180,4.835,95,1323827,31,2,-59,37756,76,-190,1397,0,0,190,3321,-6263,5934,0,0,0,6,0
12,180,4.892,96,1323883,31,2,-59,37756,76,-190,1397,0,0,190,3321,-6263,5934,0,0,0,6,0
12,180,4.947,97,1323939,31,2,-59,37756,76,-190,1397,0,0,190,3321,-6263,5934,0,0,0,6,0
12,180,5.004,98,1323995,31,2,-59,37756,76,-190,1397,0,0,190,3321,-6263,5934,0,0,0,6,0
12,180,5.059,99,1324051,31,2,-59,37756,76,-190,1398,0,0,190,3321,-6263,5934,0,0,0,6,0
12,180,5.115,100,1324107,31,2,-59,37756,76,-190,1398,0,0,190,3321,-6263,5934,0,0,0,6,0
12,180,5.172,101,1324163,31,2,-59,37756,76,-190,1398,0,0,190,3321,-6263,5934,0,0,0,6,0
12,180,5.234,102,1324219,31,2,-59,37756,76,-190,1398,0,0,190,3321,-6263,5934,0,0,0,6,0
12,180,5.279,103,1324271,31,2,-59,37756,76,-190,1398,0,0,190,3321,-6263,5934,0,0,0,6,0
12,180,5.336,104,1324327,31,2,-59,37756,76,-190,1398,0,0,190,3321,-6263,5934,0,0,0,6,0
12,180,5.398,105,1324383,31,2,-59,37756,76,-190,1398,0,0,190,3321,-6263,5934,0,0,0,6,0
12,180,5.449,106,1324439,31,2,-59,37756,76,-190,1398,0,0,190,3321,-6263,5934,0,0,0,6,0
12,180,5.503,107,1324495,31,2,-59,37756,76,-190,1398,0,0,190,3321,-6263,5934,0,0,0,6,0
12,180,5.565,108,1324551,31,2,-59,37756,76,-190,1398,0,0,190,3321,-6263,5934,0,0,0,6,0
12,180,5.616,109,1324607,31,2,-59,37756,76,-190,1398,0,0,190,3321,-6263,5934,0,0,0,6,0
12,180,5.671,110,1324663,31,2,-59,37756,76,-190,1398,0,0,190,3321,-6263,5934,0,0,0,6,0
12,180,5.729,111,1324719,31,2,-59,37756,76,-190,1398,0,0,190,3321,-6263,5934,0,0,0,6,0
12,180,5.784,112,1324775,31,2,-59,37756,76,-190,1398,0,0,190,3321,-6263,5934,0,0,0,6,0
12,180,5.84,113,1324831,31,2,-59,37756,76,-190,1398,0,0,190,3321,-6263,5934,0,0,0,6,0
12,180,5.931,114,1324887,31,2,-59,37756,76,-190,1398,0,0,190,3321,-6263,5934,0,0,0,6,0
12,180,5.955,115,1324943,31,2,-59,37756,76,-190,1398,0,0,190,3321,-6263,5934,0,0,0,6,0
12,180,6.011,116,1324999,31,2,-59,37756,76,-190,1398,0,0,190,3321,-6263,5934,0,0,0,6,0
12,180,6.064,117,1325055,31,2,-59,37756,76,-190,1398,0,0,190,3321,-6263,5934,0,0,0,6,0
12,180,6.121,118,1325111,31,2,-59,37756,76,-190,1398,0,0,190,3321,-6263,5934,0,0,0,6,0
12,180,6.177,119,1325167,31,2,-59,37756,76,-190,1398,0,0,190,3321,-6263,5934,0,0,0,6,0
12,180,6.232,120,1325223,31,2,-59,37756,76,-190,1398,0,0,190,3321,-6263,5934,0,0,0,6,0
12,180,6.294,121,1325279,31,2,-59,37756,76,-190,1398,0,0,190,3321,-6263,5934,0,0,0,6,0
12,180,6.345,122,1325331,31,2,-59,37756,76,-190,1398,0,0,190,3321,-6263,5934,0,0,0,6,0
12,180,6.395,123,1325387,31,2,-59,37756,76,-190,1398,0,0,190,3321,-6263,5934,0,0,0,6,0
12,180,6.452,124,1325443,31,2,-59,37756,76,-190,1398,0,0,190,3321,-6263,5934,0,0,0,6,0
12,180,6.506,125,1325499,31,2,-59,37756,76,-190,1398,0,0,190,3321,-6263,5934,0,0,0,6,0
12,180,6.563,126,1325555,31,2,-59,37756,76,-190,1398,0,0,190,3321,-6263,5934,0,0,0,6,0
12,180,6.627,127,1325611,31,2,-59,37756,76,-190,1398,0,0,190,3321,-6263,5934,0,0,0,6,0
12,180,6.675,0,1325667,31,2,-59,37756,76,-190,1398,0,0,190,3321,-6263,5934,0,0,0,6,0
