turn,commanded,t_rel,seq,now,flags,x,y,h,ox,oy,oh,vl,vr,i2cf,cyc,posl,posr,dutl,dutr,lexc,wrng,cycovr
1,90,0.013,68,154717,0,0,0,0,0,0,0,0,0,0,0,0,0,0,0,0,0,0
1,90,0.062,69,154781,31,0,0,-8,0,0,0,0,0,0,1,2,0,-800,800,0,0,0
1,90,0.121,70,154831,31,0,0,38,0,0,0,-16,14,1,3,-5,5,-900,900,0,0,0
1,90,0.184,71,154902,31,0,0,167,0,0,0,-20,11,2,6,-22,22,-1200,1200,0,0,0
1,90,0.327,73,155045,31,-3,0,731,0,0,0,-89,56,5,12,-138,55,-2100,2100,0,0,0
1,90,0.401,74,155117,31,-5,-1,1492,0,0,0,-137,92,5,15,-261,133,-2400,2400,0,0,0
1,90,0.483,75,155191,31,-6,-1,2492,0,0,0,-174,138,5,18,-411,247,-2800,2700,0,0,0
1,90,0.546,76,155261,31,-7,-2,3670,0,0,0,-190,157,5,21,-583,386,-2700,2800,0,0,0
1,90,0.616,77,155333,31,-8,-3,4919,0,0,0,-200,148,5,24,-766,533,-2600,2700,0,0,0
1,90,0.694,78,155405,31,-9,-3,6158,0,0,0,-180,164,5,27,-938,688,-2400,2600,0,0,0
1,90,0.96,81,155678,31,-11,-2,9297,0,0,0,0,0,5,41,-1344,1111,0,0,0,0,0
1,90,1.01,82,155730,31,-11,-2,9297,0,0,0,0,0,5,43,-1344,1111,0,0,0,0,0
1,90,1.083,83,155802,31,-11,-2,9297,0,0,0,0,0,5,46,-1344,1111,0,0,0,0,0
1,90,1.154,84,155873,31,-11,-2,9297,0,0,0,0,0,5,49,-1344,1111,0,0,0,0,0
1,90,1.226,85,155945,31,-11,-2,9297,0,0,0,0,0,5,52,-1344,1111,0,0,0,0,0
1,90,1.3,86,156017,31,-11,-2,9297,0,0,0,0,0,5,55,-1344,1111,0,0,0,0,0
1,90,1.379,87,156089,31,-11,-2,9297,0,0,0,0,0,5,58,-1344,1111,0,0,0,0,0
1,90,1.444,88,156161,31,-11,-2,9297,0,0,0,0,0,5,61,-1344,1111,0,0,0,0,0
1,90,1.514,89,156233,31,-11,-2,9297,0,0,0,0,0,5,64,-1344,1111,0,0,0,0,0
1,90,1.586,90,156306,31,-11,-2,9297,0,0,0,0,0,5,67,-1344,1111,0,0,0,0,0
1,90,1.659,91,156377,31,-11,-2,9297,0,0,0,0,0,5,70,-1344,1111,0,0,0,0,0
1,90,1.73,92,156450,31,-11,-2,9297,0,0,0,0,0,5,73,-1344,1111,0,0,0,0,0
1,90,1.803,93,156522,31,-11,-2,9297,0,0,0,0,0,5,76,-1344,1111,0,0,0,0,0
1,90,1.875,94,156593,31,-11,-2,9297,0,0,0,0,0,5,79,-1344,1111,0,0,0,0,0
1,90,1.946,95,156665,31,-11,-2,9297,0,0,0,0,0,5,82,-1344,1111,0,0,0,0,0
1,90,2.019,96,156737,31,-11,-2,9297,0,0,0,0,0,5,85,-1344,1111,0,0,0,0,0
1,90,2.162,98,156881,31,-11,-2,9297,0,0,0,0,0,5,91,-1344,1111,0,0,0,0,0
1,90,2.235,99,156953,31,-11,-2,9297,0,0,0,0,0,5,94,-1344,1111,0,0,0,0,0
1,90,2.306,100,157025,31,-11,-2,9297,0,0,0,0,0,5,97,-1344,1111,0,0,0,0,0
1,90,2.362,101,157081,31,-11,-2,9297,0,0,0,0,0,5,98,-1344,1111,0,0,0,0,0
1,90,2.418,102,157138,31,-11,-2,9297,0,0,0,0,0,5,98,-1344,1111,0,0,0,0,0
1,90,2.489,103,157193,31,-11,-2,9297,0,0,0,0,0,5,98,-1344,1111,0,0,0,0,0
1,90,2.531,104,157249,31,-11,-2,9297,0,0,0,0,0,5,98,-1344,1111,0,0,0,0,0
1,90,2.696,106,157362,31,-11,-2,9297,0,0,0,0,0,5,98,-1344,1111,0,0,0,0,0
1,90,2.696,107,157413,31,-11,-2,9297,0,0,0,0,0,5,98,-1344,1111,0,0,0,0,0
1,90,2.762,108,157469,31,-11,-2,9297,0,0,0,0,0,5,98,-1344,1111,0,0,0,0,0
1,90,2.809,109,157525,31,-11,-2,9297,0,0,0,0,0,5,98,-1344,1111,0,0,0,0,0
1,90,2.866,110,157581,31,-11,-2,9297,0,0,0,0,0,5,98,-1344,1111,0,0,0,0,0
1,90,2.919,111,157637,31,-11,-2,9297,0,0,0,0,0,5,98,-1344,1111,0,0,0,0,0
1,90,2.976,112,157694,31,-11,-2,9297,0,0,0,0,0,5,98,-1344,1111,0,0,0,0,0
1,90,3.034,113,157749,31,-11,-2,9297,0,0,0,0,0,5,98,-1344,1111,0,0,0,0,0
1,90,3.146,115,157862,31,-11,-2,9297,0,0,0,0,0,5,98,-1344,1111,0,0,0,0,0
1,90,3.199,116,157918,31,-11,-2,9297,0,0,0,0,0,5,98,-1344,1111,0,0,0,0,0
1,90,3.256,117,157973,31,-11,-2,9297,0,0,0,0,0,5,98,-1344,1111,0,0,0,0,0
1,90,3.37,119,158085,31,-11,-2,9297,0,0,0,0,0,5,98,-1344,1111,0,0,0,0,0
1,90,3.454,120,158141,31,-11,-2,9297,0,0,0,0,0,5,98,-1344,1111,0,0,0,0,0
1,90,3.48,121,158198,31,-11,-2,9297,0,0,0,0,0,5,98,-1344,1111,0,0,0,0,0
1,90,3.558,122,158253,31,-11,-2,9297,0,0,0,0,0,5,98,-1344,1111,0,0,0,0,0
1,90,3.591,123,158309,31,-11,-2,9297,0,0,0,0,0,5,98,-1344,1111,0,0,0,0,0
1,90,3.647,124,158365,31,-11,-2,9297,0,0,0,0,0,5,98,-1344,1111,0,0,0,0,0
1,90,3.925,1,158641,31,-11,-2,9297,0,0,0,0,0,5,98,-1344,1111,0,0,0,0,0
1,90,3.995,2,158698,31,-11,-2,9297,0,0,0,0,0,5,98,-1344,1111,0,0,0,0,0
1,90,4.046,3,158753,31,-11,-2,9297,0,0,0,0,0,5,98,-1344,1111,0,0,0,0,0
1,90,4.091,4,158809,31,-11,-2,9297,0,0,0,0,0,5,98,-1344,1111,0,0,0,0,0
1,90,4.149,5,158865,31,-11,-2,9297,0,0,0,0,0,5,98,-1344,1111,0,0,0,0,0
1,90,4.204,6,158921,31,-11,-2,9297,0,0,0,0,0,5,98,-1344,1111,0,0,0,0,0
1,90,4.26,7,158978,31,-11,-2,9297,0,0,0,0,0,5,98,-1344,1111,0,0,0,0,0
1,90,4.398,9,159089,31,-11,-2,9297,0,0,0,0,0,5,98,-1344,1111,0,0,0,0,0
1,90,4.595,13,159313,31,-11,-2,9297,0,0,0,0,0,5,98,-1344,1111,0,0,0,0,0
1,90,4.775,16,159481,31,-11,-2,9297,0,0,0,0,0,5,98,-1344,1111,0,0,0,0,0
1,90,4.814,17,159533,31,-11,-2,9297,0,0,0,0,0,5,98,-1344,1111,0,0,0,0,0
1,90,4.872,18,159589,31,-11,-2,9297,0,0,0,0,0,5,98,-1344,1111,0,0,0,0,0
1,90,5.104,22,159814,31,-11,-2,9297,0,0,0,0,0,5,98,-1344,1111,0,0,0,0,0
1,90,5.151,23,159870,31,-11,-2,9297,0,0,0,0,0,5,98,-1344,1111,0,0,0,0,0
1,90,5.208,24,159925,31,-11,-2,9297,0,0,0,0,0,5,98,-1344,1111,0,0,0,0,0
1,90,5.319,26,160037,31,-11,-2,9297,0,0,0,0,0,5,98,-1344,1111,0,0,0,0,0
1,90,5.431,28,160149,31,-11,-2,9297,0,0,0,0,0,5,98,-1344,1111,0,0,0,0,0
1,90,5.487,29,160206,31,-11,-2,9297,0,0,0,0,0,5,98,-1344,1111,0,0,0,0,0
1,90,5.598,31,160318,31,-11,-2,9297,0,0,0,0,0,5,98,-1344,1111,0,0,0,0,0
1,90,5.655,32,160373,31,-11,-2,9297,0,0,0,0,0,5,98,-1344,1111,0,0,0,0,0
1,90,5.831,35,160541,31,-11,-2,9297,0,0,0,0,0,5,98,-1344,1111,0,0,0,0,0
1,90,5.936,37,160650,31,-11,-2,9297,0,0,0,0,0,5,98,-1344,1111,0,0,0,0,0
1,90,6.042,39,160761,31,-11,-2,9297,0,0,0,0,0,5,98,-1344,1111,0,0,0,0,0
1,90,6.099,40,160817,31,-11,-2,9297,0,0,0,0,0,5,98,-1344,1111,0,0,0,0,0
1,90,6.154,41,160873,31,-11,-2,9297,0,0,0,0,0,5,98,-1344,1111,0,0,0,0,0
1,90,6.322,44,161042,31,-11,-2,9297,0,0,0,0,0,5,98,-1344,1111,0,0,0,0,0
1,90,6.391,45,161098,31,-11,-2,9297,0,0,0,0,0,5,98,-1344,1111,0,0,0,0,0
1,90,6.437,46,161154,31,-11,-2,9297,0,0,0,0,0,5,98,-1344,1111,0,0,0,0,0
1,90,6.545,48,161265,31,-11,-2,9297,0,0,0,0,0,5,98,-1344,1111,0,0,0,0,0
1,90,6.662,50,161377,31,-11,-2,9297,0,0,0,0,0,5,98,-1344,1111,0,0,0,0,0
1,90,6.716,51,161433,31,-11,-2,9297,0,0,0,0,0,5,98,-1344,1111,0,0,0,0,0
1,90,6.936,55,161653,31,-11,-2,9297,0,0,0,0,0,5,98,-1344,1111,0,0,0,0,0
1,90,6.99,56,161709,31,-11,-2,9297,0,0,0,0,0,5,98,-1344,1111,0,0,0,0,0
1,90,7.047,57,161766,31,-11,-2,9297,0,0,0,0,0,5,98,-1344,1111,0,0,0,0,0
1,90,7.103,58,161821,31,-11,-2,9297,0,0,0,0,0,5,98,-1344,1111,0,0,0,0,0
1,90,7.158,59,161878,31,-11,-2,9297,0,0,0,0,0,5,98,-1344,1111,0,0,0,0,0
1,90,7.214,60,161934,31,-11,-2,9297,0,0,0,0,0,5,98,-1344,1111,0,0,0,0,0
1,90,7.27,61,161989,31,-11,-2,9297,0,0,0,0,0,5,98,-1344,1111,0,0,0,0,0
1,90,7.325,62,162045,31,-11,-2,9297,0,0,0,0,0,5,98,-1344,1111,0,0,0,0,0
1,90,7.383,63,162102,31,-11,-2,9297,0,0,0,0,0,5,98,-1344,1111,0,0,0,0,0
1,90,7.552,66,162270,31,-11,-2,9297,0,0,0,0,0,5,98,-1344,1111,0,0,0,0,0
1,90,7.607,67,162326,31,-11,-2,9297,0,0,0,0,0,5,98,-1344,1111,0,0,0,0,0
1,90,7.662,68,162382,31,-11,-2,9297,0,0,0,0,0,5,98,-1344,1111,0,0,0,0,0
1,90,7.774,70,162494,31,-11,-2,9297,0,0,0,0,0,5,98,-1344,1111,0,0,0,0,0
1,90,7.83,71,162549,31,-11,-2,9297,0,0,0,0,0,5,98,-1344,1111,0,0,0,0,0
1,90,7.885,72,162605,31,-11,-2,9297,0,0,0,0,0,5,98,-1344,1111,0,0,0,0,0
1,90,7.951,73,162661,31,-11,-2,9297,0,0,0,0,0,5,98,-1344,1111,0,0,0,0,0
1,90,7.994,74,162714,31,-11,-2,9297,0,0,0,0,0,5,98,-1344,1111,0,0,0,0,0
1,90,8.051,75,162770,31,-11,-2,9297,0,0,0,0,0,5,98,-1344,1111,0,0,0,0,0
1,90,8.161,77,162881,31,-11,-2,9297,0,0,0,0,0,5,98,-1344,1111,0,0,0,0,0
1,90,8.218,78,162937,31,-11,-2,9297,0,0,0,0,0,5,98,-1344,1111,0,0,0,0,0
1,90,8.274,79,162993,31,-11,-2,9297,0,0,0,0,0,5,98,-1344,1111,0,0,0,0,0
1,90,8.387,81,163105,31,-11,-2,9297,0,0,0,0,0,5,98,-1344,1111,0,0,0,0,0
1,90,8.443,82,163162,31,-11,-2,9297,0,0,0,0,0,5,98,-1344,1111,0,0,0,0,0
1,90,8.501,83,163218,31,-11,-2,9297,0,0,0,0,0,5,98,-1344,1111,0,0,0,0,0
1,90,8.554,84,163274,31,-11,-2,9297,0,0,0,0,0,5,98,-1344,1111,0,0,0,0,0
1,90,8.611,85,163329,31,-11,-2,9297,0,0,0,0,0,5,98,-1344,1111,0,0,0,0,0
1,90,8.723,87,163441,31,-11,-2,9297,0,0,0,0,0,5,98,-1344,1111,0,0,0,0,0
1,90,8.779,88,163497,31,-11,-2,9297,0,0,0,0,0,5,98,-1344,1111,0,0,0,0,0
1,90,8.835,89,163554,31,-11,-2,9297,0,0,0,0,0,5,98,-1344,1111,0,0,0,0,0
1,90,8.946,91,163665,31,-11,-2,9297,0,0,0,0,0,5,98,-1344,1111,0,0,0,0,0
1,90,9.011,92,163721,31,-11,-2,9297,0,0,0,0,0,5,98,-1344,1111,0,0,0,0,0
1,90,9.11,94,163829,31,-11,-2,9297,0,0,0,0,0,5,98,-1344,1111,0,0,0,0,0
1,90,9.165,95,163886,31,-11,-2,9297,0,0,0,0,0,5,98,-1344,1111,0,0,0,0,0
1,90,9.222,96,163941,31,-11,-2,9297,0,0,0,0,0,5,98,-1344,1111,0,0,0,0,0
1,90,9.278,97,163997,31,-11,-2,9297,0,0,0,0,0,5,98,-1344,1111,0,0,0,0,0
1,90,9.391,99,164109,31,-11,-2,9297,0,0,0,0,0,5,98,-1344,1111,0,0,0,0,0
1,90,9.502,101,164222,31,-11,-2,9297,0,0,0,0,0,5,98,-1344,1111,0,0,0,0,0
1,90,9.614,103,164333,31,-11,-2,9297,0,0,0,0,0,5,98,-1344,1111,0,0,0,0,0
1,90,9.669,104,164389,31,-11,-2,9297,0,0,0,0,0,5,98,-1344,1111,0,0,0,0,0
1,90,9.725,105,164445,31,-11,-2,9297,0,0,0,0,0,5,98,-1344,1111,0,0,0,0,0
1,90,9.781,106,164502,31,-11,-2,9297,0,0,0,0,0,5,98,-1344,1111,0,0,0,0,0
1,90,9.838,107,164557,31,-11,-2,9297,0,0,0,0,0,5,98,-1344,1111,0,0,0,0,0
1,90,9.894,108,164613,31,-11,-2,9297,0,0,0,0,0,5,98,-1344,1111,0,0,0,0,0
1,90,9.95,109,164669,31,-11,-2,9297,0,0,0,0,0,5,98,-1344,1111,0,0,0,0,0
1,90,10.006,110,164725,31,-11,-2,9297,0,0,0,0,0,5,98,-1344,1111,0,0,0,0,0
1,90,10.07,111,164782,31,-11,-2,9297,0,0,0,0,0,5,98,-1344,1111,0,0,0,0,0
1,90,10.113,112,164834,31,-11,-2,9297,0,0,0,0,0,5,98,-1344,1111,0,0,0,0,0
1,90,10.17,113,164890,31,-11,-2,9297,0,0,0,0,0,5,98,-1344,1111,0,0,0,0,0
1,90,10.227,114,164946,31,-11,-2,9297,0,0,0,0,0,5,98,-1344,1111,0,0,0,0,0
1,90,10.338,116,165057,31,-11,-2,9297,0,0,0,0,0,5,98,-1344,1111,0,0,0,0,0
1,90,10.394,117,165113,31,-11,-2,9297,0,0,0,0,0,5,98,-1344,1111,0,0,0,0,0
1,90,10.451,118,165169,31,-11,-2,9297,0,0,0,0,0,5,98,-1344,1111,0,0,0,0,0
1,90,10.506,119,165225,31,-11,-2,9297,0,0,0,0,0,5,98,-1344,1111,0,0,0,0,0
1,90,10.619,121,165338,31,-11,-2,9297,0,0,0,0,0,5,98,-1344,1111,0,0,0,0,0
1,90,10.678,122,165394,31,-11,-2,9297,0,0,0,0,0,5,98,-1344,1111,0,0,0,0,0
1,90,10.731,123,165449,31,-11,-2,9297,0,0,0,0,0,5,98,-1344,1111,0,0,0,0,0
1,90,10.786,124,165505,31,-11,-2,9297,0,0,0,0,0,5,98,-1344,1111,0,0,0,0,0
1,90,10.844,125,165562,31,-11,-2,9297,0,0,0,0,0,5,98,-1344,1111,0,0,0,0,0
1,90,10.897,126,165617,31,-11,-2,9297,0,0,0,0,0,5,98,-1344,1111,0,0,0,0,0
1,90,10.954,127,165673,31,-11,-2,9297,0,0,0,0,0,5,98,-1344,1111,0,0,0,0,0
1,90,11.01,0,165729,31,-11,-2,9297,0,0,0,0,0,5,98,-1344,1111,0,0,0,0,0
1,90,11.067,1,165786,31,-11,-2,9297,0,0,0,0,0,5,98,-1344,1111,0,0,0,0,0
1,90,11.13,2,165842,31,-11,-2,9297,0,0,0,0,0,5,98,-1344,1111,0,0,0,0,0
1,90,11.261,4,165949,31,-11,-2,9297,0,0,0,0,0,5,98,-1344,1111,0,0,0,0,0
1,90,11.297,5,166005,31,-11,-2,9297,0,0,0,0,0,5,98,-1344,1111,0,0,0,0,0
1,90,11.455,8,166174,31,-11,-2,9297,0,0,0,0,0,5,98,-1344,1111,0,0,0,0,0
1,90,11.566,10,166286,31,-11,-2,9297,0,0,0,0,0,5,98,-1344,1111,0,0,0,0,0
1,90,11.622,11,166342,31,-11,-2,9297,0,0,0,0,0,5,98,-1344,1111,0,0,0,0,0
1,90,11.678,12,166397,31,-11,-2,9297,0,0,0,0,0,5,98,-1344,1111,0,0,0,0,0
1,90,11.733,13,166453,31,-11,-2,9297,0,0,0,0,0,5,98,-1344,1111,0,0,0,0,0
1,90,11.845,15,166565,31,-11,-2,9297,0,0,0,0,0,5,98,-1344,1111,0,0,0,0,0
1,90,11.958,17,166678,31,-11,-2,9297,0,0,0,0,0,5,98,-1344,1111,0,0,0,0,0
1,90,12.015,18,166733,31,-11,-2,9297,0,0,0,0,0,5,98,-1344,1111,0,0,0,0,0
1,90,12.069,19,166789,31,-11,-2,9297,0,0,0,0,0,5,98,-1344,1111,0,0,0,0,0
1,90,12.126,20,166846,31,-11,-2,9297,0,0,0,0,0,5,98,-1344,1111,0,0,0,0,0
1,90,12.189,21,166902,31,-11,-2,9297,0,0,0,0,0,5,98,-1344,1111,0,0,0,0,0
1,90,12.402,25,167122,31,-11,-2,9297,0,0,0,0,0,5,98,-1344,1111,0,0,0,0,0
1,90,12.514,27,167233,31,-11,-2,9297,0,0,0,0,0,5,98,-1344,1111,0,0,0,0,0
1,90,12.682,30,167402,31,-11,-2,9297,0,0,0,0,0,5,98,-1344,1111,0,0,0,0,0
1,90,12.793,32,167513,31,-11,-2,9297,0,0,0,0,0,5,98,-1344,1111,0,0,0,0,0
1,90,12.853,33,167569,31,-11,-2,9297,0,0,0,0,0,5,98,-1344,1111,0,0,0,0,0
1,90,12.906,34,167625,31,-11,-2,9297,0,0,0,0,0,5,98,-1344,1111,0,0,0,0,0
1,90,12.962,35,167681,31,-11,-2,9297,0,0,0,0,0,5,98,-1344,1111,0,0,0,0,0
1,90,13.074,37,167793,31,-11,-2,9297,0,0,0,0,0,5,98,-1344,1111,0,0,0,0,0
1,90,13.295,41,168013,31,-11,-2,9297,0,0,0,0,0,5,98,-1344,1111,0,0,0,0,0
1,90,13.351,42,168069,31,-11,-2,9297,0,0,0,0,0,5,98,-1344,1111,0,0,0,0,0
1,90,13.409,43,168125,31,-11,-2,9297,0,0,0,0,0,5,98,-1344,1111,0,0,0,0,0
1,90,13.523,45,168237,31,-11,-2,9297,0,0,0,0,0,5,98,-1344,1111,0,0,0,0,0
1,90,13.573,46,168294,31,-11,-2,9297,0,0,0,0,0,5,98,-1344,1111,0,0,0,0,0
1,90,13.748,49,168461,31,-11,-2,9297,0,0,0,0,0,5,98,-1344,1111,0,0,0,0,0
1,90,13.803,50,168517,31,-11,-2,9297,0,0,0,0,0,5,98,-1344,1111,0,0,0,0,0
1,90,13.854,51,168573,31,-11,-2,9297,0,0,0,0,0,5,98,-1344,1111,0,0,0,0,0
1,90,13.919,52,168630,31,-11,-2,9297,0,0,0,0,0,5,98,-1344,1111,0,0,0,0,0
1,90,13.967,53,168685,31,-11,-2,9297,0,0,0,0,0,5,98,-1344,1111,0,0,0,0,0
1,90,14.023,54,168742,31,-11,-2,9297,0,0,0,0,0,5,98,-1344,1111,0,0,0,0,0
1,90,14.078,55,168798,31,-11,-2,9297,0,0,0,0,0,5,98,-1344,1111,0,0,0,0,0
1,90,14.135,56,168853,31,-11,-2,9297,0,0,0,0,0,5,98,-1344,1111,0,0,0,0,0
1,90,14.191,57,168909,31,-11,-2,9297,0,0,0,0,0,5,98,-1344,1111,0,0,0,0,0
1,90,14.369,59,169021,31,-11,-2,9297,0,0,0,0,0,5,98,-1344,1111,0,0,0,0,0
1,90,14.861,61,169130,31,-11,-2,9297,0,0,0,0,0,5,98,-1344,1111,0,0,0,0,0
1,90,14.861,62,169186,31,-11,-2,9297,0,0,0,0,0,5,98,-1344,1111,0,0,0,0,0
1,90,14.863,63,169241,31,-11,-2,9297,0,0,0,0,0,5,98,-1344,1111,0,0,0,0,0
1,90,14.863,64,169297,31,-11,-2,9297,0,0,0,0,0,5,98,-1344,1111,0,0,0,0,0
1,90,14.865,65,169353,31,-11,-2,9297,0,0,0,0,0,5,98,-1344,1111,0,0,0,0,0
1,90,14.865,66,169410,31,-11,-2,9297,0,0,0,0,0,5,98,-1344,1111,0,0,0,0,0
1,90,14.865,67,169465,31,-11,-2,9297,0,0,0,0,0,5,98,-1344,1111,0,0,0,0,0
1,90,14.867,68,169521,31,-11,-2,9297,0,0,0,0,0,5,98,-1344,1111,0,0,0,0,0
1,90,14.867,69,169578,31,-11,-2,9297,0,0,0,0,0,5,98,-1344,1111,0,0,0,0,0
1,90,15.028,72,169745,31,-11,-2,9297,0,0,0,0,0,5,98,-1344,1111,0,0,0,0,0
1,90,15.087,73,169802,31,-11,-2,9297,0,0,0,0,0,5,98,-1344,1111,0,0,0,0,0
1,90,15.14,74,169857,31,-11,-2,9297,0,0,0,0,0,5,98,-1344,1111,0,0,0,0,0
1,90,15.202,75,169914,31,-11,-2,9297,0,0,0,0,0,5,98,-1344,1111,0,0,0,0,0
1,90,15.254,76,169970,31,-11,-2,9297,0,0,0,0,0,5,98,-1344,1111,0,0,0,0,0
1,90,15.379,78,170082,31,-11,-2,9297,0,0,0,0,0,5,98,-1344,1111,0,0,0,0,0
1,90,15.418,79,170133,31,-11,-2,9297,0,0,0,0,0,5,98,-1344,1111,0,0,0,0,0
1,90,15.471,80,170190,31,-11,-2,9297,0,0,0,0,0,5,98,-1344,1111,0,0,0,0,0
1,90,15.529,81,170245,31,-11,-2,9297,0,0,0,0,0,5,98,-1344,1111,0,0,0,0,0
1,90,15.638,83,170357,31,-11,-2,9297,0,0,0,0,0,5,98,-1344,1111,0,0,0,0,0
1,90,15.719,84,170414,31,-11,-2,9297,0,0,0,0,0,5,98,-1344,1111,0,0,0,0,0
1,90,15.75,85,170470,31,-11,-2,9297,0,0,0,0,0,5,98,-1344,1111,0,0,0,0,0
1,90,15.863,87,170581,31,-11,-2,9297,0,0,0,0,0,5,98,-1344,1111,0,0,0,0,0
1,90,15.924,88,170637,31,-11,-2,9297,0,0,0,0,0,5,98,-1344,1111,0,0,0,0,0
1,90,15.977,89,170693,31,-11,-2,9297,0,0,0,0,0,5,98,-1344,1111,0,0,0,0,0
1,90,16.03,90,170749,31,-11,-2,9297,0,0,0,0,0,5,98,-1344,1111,0,0,0,0,0
1,90,16.254,94,170973,31,-11,-2,9297,0,0,0,0,0,5,98,-1344,1111,0,0,0,0,0
1,90,16.31,95,171029,31,-11,-2,9297,0,0,0,0,0,5,98,-1344,1111,0,0,0,0,0
1,90,16.365,96,171085,31,-11,-2,9297,0,0,0,0,0,5,98,-1344,1111,0,0,0,0,0
1,90,16.431,97,171141,31,-11,-2,9297,0,0,0,0,0,5,98,-1344,1111,0,0,0,0,0
1,90,16.529,99,171249,31,-11,-2,9297,0,0,0,0,0,5,98,-1344,1111,0,0,0,0,0
1,90,16.585,100,171306,31,-11,-2,9297,0,0,0,0,0,5,98,-1344,1111,0,0,0,0,0
1,90,16.64,101,171361,31,-11,-2,9297,0,0,0,0,0,5,98,-1344,1111,0,0,0,0,0
1,90,16.713,102,171417,31,-11,-2,9297,0,0,0,0,0,5,98,-1344,1111,0,0,0,0,0
1,90,16.753,103,171473,31,-11,-2,9297,0,0,0,0,0,5,98,-1344,1111,0,0,0,0,0
1,90,16.867,105,171586,31,-11,-2,9297,0,0,0,0,0,5,98,-1344,1111,0,0,0,0,0
1,90,16.922,106,171641,31,-11,-2,9297,0,0,0,0,0,5,98,-1344,1111,0,0,0,0,0
1,90,16.977,107,171698,31,-11,-2,9297,0,0,0,0,0,5,98,-1344,1111,0,0,0,0,0
1,90,17.034,108,171754,31,-11,-2,9297,0,0,0,0,0,5,98,-1344,1111,0,0,0,0,0
1,90,17.089,109,171809,31,-11,-2,9297,0,0,0,0,0,5,98,-1344,1111,0,0,0,0,0
1,90,17.146,110,171865,31,-11,-2,9297,0,0,0,0,0,5,98,-1344,1111,0,0,0,0,0
1,90,17.216,111,171921,31,-11,-2,9297,0,0,0,0,0,5,98,-1344,1111,0,0,0,0,0
1,90,17.258,112,171977,31,-11,-2,9297,0,0,0,0,0,5,98,-1344,1111,0,0,0,0,0
1,90,17.318,113,172033,31,-11,-2,9297,0,0,0,0,0,5,98,-1344,1111,0,0,0,0,0
1,90,17.435,115,172146,31,-11,-2,9297,0,0,0,0,0,5,98,-1344,1111,0,0,0,0,0
1,90,17.492,116,172202,31,-11,-2,9297,0,0,0,0,0,5,98,-1344,1111,0,0,0,0,0
1,90,17.536,117,172253,31,-11,-2,9297,0,0,0,0,0,5,98,-1344,1111,0,0,0,0,0
1,90,17.646,119,172365,31,-11,-2,9297,0,0,0,0,0,5,98,-1344,1111,0,0,0,0,0
1,90,17.704,120,172421,31,-11,-2,9297,0,0,0,0,0,5,98,-1344,1111,0,0,0,0,0
1,90,17.76,121,172478,31,-11,-2,9297,0,0,0,0,0,5,98,-1344,1111,0,0,0,0,0
1,90,17.82,122,172534,31,-11,-2,9297,0,0,0,0,0,5,98,-1344,1111,0,0,0,0,0
1,90,17.873,123,172590,31,-11,-2,9297,0,0,0,0,0,5,98,-1344,1111,0,0,0,0,0
1,90,17.928,124,172645,31,-11,-2,9297,0,0,0,0,0,5,98,-1344,1111,0,0,0,0,0
1,90,18.094,127,172813,31,-11,-2,9297,0,0,0,0,0,5,98,-1344,1111,0,0,0,0,0
1,90,18.152,0,172869,31,-11,-2,9297,0,0,0,0,0,5,98,-1344,1111,0,0,0,0,0
1,90,18.213,1,172925,31,-11,-2,9297,0,0,0,0,0,5,98,-1344,1111,0,0,0,0,0
1,90,18.262,2,172982,31,-11,-2,9297,0,0,0,0,0,5,98,-1344,1111,0,0,0,0,0
1,90,18.321,3,173038,31,-11,-2,9297,0,0,0,0,0,5,98,-1344,1111,0,0,0,0,0
1,90,18.431,5,173149,31,-11,-2,9297,0,0,0,0,0,5,98,-1344,1111,0,0,0,0,0
1,90,18.513,6,173206,31,-11,-2,9297,0,0,0,0,0,5,98,-1344,1111,0,0,0,0,0
1,90,18.602,8,173313,31,-11,-2,9297,0,0,0,0,0,5,98,-1344,1111,0,0,0,0,0
1,90,18.709,10,173426,31,-11,-2,9297,0,0,0,0,0,5,98,-1344,1111,0,0,0,0,0
1,90,18.764,11,173481,31,-11,-2,9297,0,0,0,0,0,5,98,-1344,1111,0,0,0,0,0
1,90,18.931,14,173649,31,-11,-2,9297,0,0,0,0,0,5,98,-1344,1111,0,0,0,0,0
1,90,19.043,16,173761,31,-11,-2,9297,0,0,0,0,0,5,98,-1344,1111,0,0,0,0,0
1,90,19.098,17,173818,31,-11,-2,9297,0,0,0,0,0,5,98,-1344,1111,0,0,0,0,0
1,90,19.154,18,173874,31,-11,-2,9297,0,0,0,0,0,5,98,-1344,1111,0,0,0,0,0
1,90,19.209,19,173929,31,-11,-2,9297,0,0,0,0,0,5,98,-1344,1111,0,0,0,0,0
1,90,19.321,21,174041,31,-11,-2,9297,0,0,0,0,0,5,98,-1344,1111,0,0,0,0,0
1,90,19.377,22,174097,31,-11,-2,9297,0,0,0,0,0,5,98,-1344,1111,0,0,0,0,0
1,90,19.495,24,174209,31,-11,-2,9297,0,0,0,0,0,5,98,-1344,1111,0,0,0,0,0
1,90,19.546,25,174266,31,-11,-2,9297,0,0,0,0,0,5,98,-1344,1111,0,0,0,0,0
1,90,19.611,26,174322,31,-11,-2,9297,0,0,0,0,0,5,98,-1344,1111,0,0,0,0,0
1,90,19.654,27,174373,31,-11,-2,9297,0,0,0,0,0,5,98,-1344,1111,0,0,0,0,0
1,90,19.767,29,174485,31,-11,-2,9297,0,0,0,0,0,5,98,-1344,1111,0,0,0,0,0
1,90,19.824,30,174541,31,-11,-2,9297,0,0,0,0,0,5,98,-1344,1111,0,0,0,0,0
1,90,19.934,32,174654,31,-11,-2,9297,0,0,0,0,0,5,98,-1344,1111,0,0,0,0,0
1,90,20.102,35,174821,31,-11,-2,9297,0,0,0,0,0,5,98,-1344,1111,0,0,0,0,0
1,90,20.157,36,174877,31,-11,-2,9297,0,0,0,0,0,5,98,-1344,1111,0,0,0,0,0
1,90,20.326,39,175045,31,-11,-2,9297,0,0,0,0,0,5,98,-1344,1111,0,0,0,0,0
1,90,20.383,40,175102,31,-11,-2,9297,0,0,0,0,0,5,98,-1344,1111,0,0,0,0,0
1,90,20.437,41,175158,31,-11,-2,9297,0,0,0,0,0,5,98,-1344,1111,0,0,0,0,0
1,90,20.554,43,175270,31,-11,-2,9297,0,0,0,0,0,5,98,-1344,1111,0,0,0,0,0
1,90,20.605,44,175325,31,-11,-2,9297,0,0,0,0,0,5,98,-1344,1111,0,0,0,0,0
1,90,20.664,45,175381,31,-11,-2,9297,0,0,0,0,0,5,98,-1344,1111,0,0,0,0,0
1,90,20.715,46,175433,31,-11,-2,9297,0,0,0,0,0,5,98,-1344,1111,0,0,0,0,0
1,90,20.77,47,175490,31,-11,-2,9297,0,0,0,0,0,5,98,-1344,1111,0,0,0,0,0
1,90,20.829,48,175546,31,-11,-2,9297,0,0,0,0,0,5,98,-1344,1111,0,0,0,0,0
1,90,20.885,49,175602,31,-11,-2,9297,0,0,0,0,0,5,98,-1344,1111,0,0,0,0,0
1,90,20.999,51,175713,31,-11,-2,9297,0,0,0,0,0,5,98,-1344,1111,0,0,0,0,0
1,90,21.05,52,175769,31,-11,-2,9297,0,0,0,0,0,5,98,-1344,1111,0,0,0,0,0
1,90,21.218,55,175938,31,-11,-2,9297,0,0,0,0,0,5,98,-1344,1111,0,0,0,0,0
1,90,21.33,57,176049,31,-11,-2,9297,0,0,0,0,0,5,98,-1344,1111,0,0,0,0,0
1,90,21.386,58,176105,31,-11,-2,9297,0,0,0,0,0,5,98,-1344,1111,0,0,0,0,0
1,90,21.499,60,176217,31,-11,-2,9297,0,0,0,0,0,5,98,-1344,1111,0,0,0,0,0
1,90,21.553,61,176274,31,-11,-2,9297,0,0,0,0,0,5,98,-1344,1111,0,0,0,0,0
1,90,21.609,62,176329,31,-11,-2,9297,0,0,0,0,0,5,98,-1344,1111,0,0,0,0,0
1,90,21.665,63,176386,31,-11,-2,9297,0,0,0,0,0,5,98,-1344,1111,0,0,0,0,0
1,90,21.885,67,176605,31,-11,-2,9297,0,0,0,0,0,5,98,-1344,1111,0,0,0,0,0
1,90,21.946,68,176661,31,-11,-2,9297,0,0,0,0,0,5,98,-1344,1111,0,0,0,0,0
1,90,21.998,69,176717,31,-11,-2,9297,0,0,0,0,0,5,98,-1344,1111,0,0,0,0,0
1,90,22.054,70,176774,31,-11,-2,9297,0,0,0,0,0,5,98,-1344,1111,0,0,0,0,0
1,90,22.111,71,176830,31,-11,-2,9297,0,0,0,0,0,5,98,-1344,1111,0,0,0,0,0
1,90,22.169,72,176885,31,-11,-2,9297,0,0,0,0,0,5,98,-1344,1111,0,0,0,0,0
1,90,22.238,73,176941,31,-11,-2,9297,0,0,0,0,0,5,98,-1344,1111,0,0,0,0,0
1,90,22.502,78,177221,31,-11,-2,9297,0,0,0,0,0,5,98,-1344,1111,0,0,0,0,0
1,90,22.558,79,177278,31,-11,-2,9297,0,0,0,0,0,5,98,-1344,1111,0,0,0,0,0
1,90,22.614,80,177333,31,-11,-2,9297,0,0,0,0,0,5,98,-1344,1111,0,0,0,0,0
1,90,22.669,81,177389,31,-11,-2,9297,0,0,0,0,0,5,98,-1344,1111,0,0,0,0,0
1,90,22.725,82,177445,31,-11,-2,9297,0,0,0,0,0,5,98,-1344,1111,0,0,0,0,0
1,90,22.783,83,177502,31,-11,-2,9297,0,0,0,0,0,5,98,-1344,1111,0,0,0,0,0
1,90,22.833,84,177553,31,-11,-2,9297,0,0,0,0,0,5,98,-1344,1111,0,0,0,0,0
1,90,22.889,85,177610,31,-11,-2,9297,0,0,0,0,0,5,98,-1344,1111,0,0,0,0,0
1,90,22.945,86,177666,31,-11,-2,9297,0,0,0,0,0,5,98,-1344,1111,0,0,0,0,0
1,90,23.116,89,177834,31,-11,-2,9297,0,0,0,0,0,5,98,-1344,1111,0,0,0,0,0
1,90,23.179,90,177889,31,-11,-2,9297,0,0,0,0,0,5,98,-1344,1111,0,0,0,0,0
1,90,23.282,92,178002,31,-11,-2,9297,0,0,0,0,0,5,98,-1344,1111,0,0,0,0,0
1,90,23.337,93,178058,31,-11,-2,9297,0,0,0,0,0,5,98,-1344,1111,0,0,0,0,0
1,90,23.393,94,178114,31,-11,-2,9297,0,0,0,0,0,5,98,-1344,1111,0,0,0,0,0
1,90,23.449,95,178169,31,-11,-2,9297,0,0,0,0,0,5,98,-1344,1111,0,0,0,0,0
1,90,23.505,96,178225,31,-11,-2,9297,0,0,0,0,0,5,98,-1344,1111,0,0,0,0,0
1,90,23.673,99,178393,31,-11,-2,9297,0,0,0,0,0,5,98,-1344,1111,0,0,0,0,0
1,90,23.731,100,178449,31,-11,-2,9297,0,0,0,0,0,5,98,-1344,1111,0,0,0,0,0
1,90,23.787,101,178506,31,-11,-2,9297,0,0,0,0,0,5,98,-1344,1111,0,0,0,0,0
1,90,23.845,102,178562,31,-11,-2,9297,0,0,0,0,0,5,98,-1344,1111,0,0,0,0,0
1,90,23.894,103,178614,31,-11,-2,9297,0,0,0,0,0,5,98,-1344,1111,0,0,0,0,0
1,90,23.949,104,178669,31,-11,-2,9297,0,0,0,0,0,5,98,-1344,1111,0,0,0,0,0
1,90,24.005,105,178725,31,-11,-2,9297,0,0,0,0,0,5,98,-1344,1111,0,0,0,0,0
1,90,24.064,106,178781,31,-11,-2,9297,0,0,0,0,0,5,98,-1344,1111,0,0,0,0,0
1,90,24.118,107,178837,31,-11,-2,9297,0,0,0,0,0,5,98,-1344,1111,0,0,0,0,0
1,90,24.176,108,178894,31,-11,-2,9297,0,0,0,0,0,5,98,-1344,1111,0,0,0,0,0
1,90,24.232,109,178949,31,-11,-2,9297,0,0,0,0,0,5,98,-1344,1111,0,0,0,0,0
1,90,24.357,111,179061,31,-11,-2,9297,0,0,0,0,0,5,98,-1344,1111,0,0,0,0,0
1,90,24.4,112,179117,31,-11,-2,9297,0,0,0,0,0,5,98,-1344,1111,0,0,0,0,0
1,90,24.453,113,179173,31,-11,-2,9297,0,0,0,0,0,5,98,-1344,1111,0,0,0,0,0
2,-90,-0.047,118,200873,31,-11,-2,9297,0,0,0,0,0,5,98,-1344,1111,0,0,0,0,0
2,-90,0.069,120,200990,31,-11,-2,9297,0,0,0,0,0,5,99,-1344,1111,800,-800,0,0,0
2,-90,0.142,121,201062,31,-11,-2,9168,0,0,0,20,-10,6,102,-1327,1094,1100,-1100,0,0,0
2,-90,0.213,122,201134,31,-11,-2,8854,0,0,0,39,-52,6,105,-1288,1050,1400,-1300,0,0,0
2,-90,0.295,123,201207,31,-11,-2,8392,0,0,0,56,-72,6,108,-1233,983,1500,-1500,0,0,0
2,-90,0.48,126,201397,31,-11,-3,6214,0,0,0,149,-171,6,116,-958,683,2600,-2600,0,0,0
2,-90,0.622,0,201541,31,-12,-4,3787,0,0,0,180,-170,6,122,-650,350,2500,-2300,0,0,0
2,-90,0.693,1,201613,31,-12,-4,2605,0,0,0,154,-164,6,125,-494,194,2500,-2200,0,0,0
2,-90,0.896,3,201806,31,-10,-4,526,0,0,0,0,0,6,135,-200,-61,0,0,0,0,0
2,-90,0.944,4,201858,31,-10,-4,526,0,0,0,0,0,6,137,-200,-61,0,0,0,0,0
2,-90,1.008,5,201929,31,-10,-4,526,0,0,0,0,0,6,140,-200,-61,0,0,0,0,0
2,-90,1.08,6,202002,31,-10,-4,526,0,0,0,0,0,6,143,-200,-61,0,0,0,0,0
2,-90,1.154,7,202073,31,-10,-4,526,0,0,0,0,0,6,146,-200,-61,0,0,0,0,0
2,-90,1.297,9,202218,31,-10,-4,526,0,0,0,0,0,6,152,-200,-61,0,0,0,0,0
2,-90,1.369,10,202289,31,-10,-4,526,0,0,0,0,0,6,155,-200,-61,0,0,0,0,0
2,-90,1.441,11,202361,31,-10,-4,526,0,0,0,0,0,6,158,-200,-61,0,0,0,0,0
2,-90,1.512,12,202433,31,-10,-4,526,0,0,0,0,0,6,161,-200,-61,0,0,0,0,0
2,-90,1.729,15,202649,31,-10,-4,526,0,0,0,0,0,6,170,-200,-61,0,0,0,0,0
2,-90,1.997,19,202917,31,-10,-4,526,0,0,0,0,0,6,179,-200,-61,0,0,0,0,0
2,-90,2.053,20,202973,31,-10,-4,526,0,0,0,0,0,6,179,-200,-61,0,0,0,0,0
2,-90,2.166,22,203085,31,-10,-4,526,0,0,0,0,0,6,179,-200,-61,0,0,0,0,0
2,-90,2.22,23,203141,31,-10,-4,526,0,0,0,0,0,6,179,-200,-61,0,0,0,0,0
2,-90,2.277,24,203197,31,-10,-4,526,0,0,0,0,0,6,179,-200,-61,0,0,0,0,0
2,-90,2.336,25,203253,31,-10,-4,526,0,0,0,0,0,6,179,-200,-61,0,0,0,0,0
2,-90,2.389,26,203309,31,-10,-4,526,0,0,0,0,0,6,179,-200,-61,0,0,0,0,0
2,-90,2.452,27,203366,31,-10,-4,526,0,0,0,0,0,6,179,-200,-61,0,0,0,0,0
2,-90,2.497,28,203418,31,-10,-4,526,0,0,0,0,0,6,179,-200,-61,0,0,0,0,0
2,-90,2.665,31,203585,31,-10,-4,526,0,0,0,0,0,6,179,-200,-61,0,0,0,0,0
2,-90,2.728,32,203641,31,-10,-4,526,0,0,0,0,0,6,179,-200,-61,0,0,0,0,0
2,-90,2.777,33,203697,31,-10,-4,526,0,0,0,0,0,6,179,-200,-61,0,0,0,0,0
2,-90,2.833,34,203753,31,-10,-4,526,0,0,0,0,0,6,179,-200,-61,0,0,0,0,0
2,-90,2.944,36,203865,31,-10,-4,526,0,0,0,0,0,6,179,-200,-61,0,0,0,0,0
2,-90,3.003,37,203921,31,-10,-4,526,0,0,0,0,0,6,179,-200,-61,0,0,0,0,0
2,-90,3.112,39,204033,31,-10,-4,526,0,0,0,0,0,6,179,-200,-61,0,0,0,0,0
2,-90,3.225,41,204146,31,-10,-4,526,0,0,0,0,0,6,179,-200,-61,0,0,0,0,0
2,-90,3.392,44,204313,31,-10,-4,526,0,0,0,0,0,6,179,-200,-61,0,0,0,0,0
2,-90,3.455,45,204369,31,-10,-4,526,0,0,0,0,0,6,179,-200,-61,0,0,0,0,0
2,-90,3.557,47,204477,31,-10,-4,526,0,0,0,0,0,6,179,-200,-61,0,0,0,0,0
2,-90,3.669,49,204589,31,-10,-4,526,0,0,0,0,0,6,179,-200,-61,0,0,0,0,0
2,-90,3.724,50,204645,31,-10,-4,526,0,0,0,0,0,6,179,-200,-61,0,0,0,0,0
2,-90,3.892,53,204813,31,-10,-4,526,0,0,0,0,0,6,179,-200,-61,0,0,0,0,0
2,-90,3.948,54,204869,31,-10,-4,526,0,0,0,0,0,6,179,-200,-61,0,0,0,0,0
2,-90,4.005,55,204926,31,-10,-4,526,0,0,0,0,0,6,179,-200,-61,0,0,0,0,0
2,-90,4.117,57,205037,31,-10,-4,526,0,0,0,0,0,6,179,-200,-61,0,0,0,0,0
2,-90,4.173,58,205093,31,-10,-4,526,0,0,0,0,0,6,179,-200,-61,0,0,0,0,0
2,-90,4.34,61,205261,31,-10,-4,526,0,0,0,0,0,6,179,-200,-61,0,0,0,0,0
2,-90,4.616,66,205537,31,-10,-4,526,0,0,0,0,0,6,179,-200,-61,0,0,0,0,0
2,-90,4.673,67,205594,31,-10,-4,526,0,0,0,0,0,6,179,-200,-61,0,0,0,0,0
2,-90,4.729,68,205649,31,-10,-4,526,0,0,0,0,0,6,179,-200,-61,0,0,0,0,0
2,-90,4.784,69,205706,31,-10,-4,526,0,0,0,0,0,6,179,-200,-61,0,0,0,0,0
2,-90,4.84,70,205761,31,-10,-4,526,0,0,0,0,0,6,179,-200,-61,0,0,0,0,0
2,-90,4.952,72,205873,31,-10,-4,526,0,0,0,0,0,6,179,-200,-61,0,0,0,0,0
2,-90,5.176,76,206097,31,-10,-4,526,0,0,0,0,0,6,179,-200,-61,0,0,0,0,0
2,-90,5.288,78,206209,31,-10,-4,526,0,0,0,0,0,6,179,-200,-61,0,0,0,0,0
2,-90,5.347,79,206265,31,-10,-4,526,0,0,0,0,0,6,179,-200,-61,0,0,0,0,0
2,-90,5.4,80,206321,31,-10,-4,526,0,0,0,0,0,6,179,-200,-61,0,0,0,0,0
2,-90,5.512,82,206434,31,-10,-4,526,0,0,0,0,0,6,179,-200,-61,0,0,0,0,0
2,-90,5.568,83,206489,31,-10,-4,526,0,0,0,0,0,6,179,-200,-61,0,0,0,0,0
2,-90,5.679,85,206597,31,-10,-4,526,0,0,0,0,0,6,179,-200,-61,0,0,0,0,0
2,-90,5.9,89,206821,31,-10,-4,526,0,0,0,0,0,6,179,-200,-61,0,0,0,0,0
2,-90,6.013,91,206933,31,-10,-4,526,0,0,0,0,0,6,179,-200,-61,0,0,0,0,0
2,-90,6.237,95,207157,31,-10,-4,526,0,0,0,0,0,6,179,-200,-61,0,0,0,0,0
2,-90,6.292,96,207214,31,-10,-4,526,0,0,0,0,0,6,179,-200,-61,0,0,0,0,0
2,-90,6.424,98,207325,31,-10,-4,526,0,0,0,0,0,6,179,-200,-61,0,0,0,0,0
2,-90,6.462,99,207381,31,-10,-4,526,0,0,0,0,0,6,179,-200,-61,0,0,0,0,0
2,-90,6.573,101,207493,31,-10,-4,526,0,0,0,0,0,6,179,-200,-61,0,0,0,0,0
2,-90,6.629,102,207549,31,-10,-4,526,0,0,0,0,0,6,179,-200,-61,0,0,0,0,0
2,-90,6.687,103,207605,31,-10,-4,526,0,0,0,0,0,6,179,-200,-61,0,0,0,0,0
2,-90,6.738,104,207657,31,-10,-4,526,0,0,0,0,0,6,179,-200,-61,0,0,0,0,0
2,-90,6.792,105,207713,31,-10,-4,526,0,0,0,0,0,6,179,-200,-61,0,0,0,0,0
2,-90,6.849,106,207769,31,-10,-4,526,0,0,0,0,0,6,179,-200,-61,0,0,0,0,0
2,-90,6.911,107,207825,31,-10,-4,526,0,0,0,0,0,6,179,-200,-61,0,0,0,0,0
2,-90,7.017,109,207937,31,-10,-4,526,0,0,0,0,0,6,179,-200,-61,0,0,0,0,0
2,-90,7.075,110,207994,31,-10,-4,526,0,0,0,0,0,6,179,-200,-61,0,0,0,0,0
2,-90,7.189,112,208105,31,-10,-4,526,0,0,0,0,0,6,179,-200,-61,0,0,0,0,0
2,-90,7.24,113,208161,31,-10,-4,526,0,0,0,0,0,6,179,-200,-61,0,0,0,0,0
2,-90,7.297,114,208217,31,-10,-4,526,0,0,0,0,0,6,179,-200,-61,0,0,0,0,0
2,-90,7.413,116,208329,31,-10,-4,526,0,0,0,0,0,6,179,-200,-61,0,0,0,0,0
2,-90,7.464,117,208385,31,-10,-4,526,0,0,0,0,0,6,179,-200,-61,0,0,0,0,0
2,-90,7.521,118,208441,31,-10,-4,526,0,0,0,0,0,6,179,-200,-61,0,0,0,0,0
2,-90,7.635,120,208553,31,-10,-4,526,0,0,0,0,0,6,179,-200,-61,0,0,0,0,0
2,-90,7.688,121,208609,31,-10,-4,526,0,0,0,0,0,6,179,-200,-61,0,0,0,0,0
2,-90,7.75,122,208665,31,-10,-4,526,0,0,0,0,0,6,179,-200,-61,0,0,0,0,0
2,-90,7.796,123,208717,31,-10,-4,526,0,0,0,0,0,6,179,-200,-61,0,0,0,0,0
2,-90,7.911,125,208829,31,-10,-4,526,0,0,0,0,0,6,179,-200,-61,0,0,0,0,0
2,-90,7.971,126,208885,31,-10,-4,526,0,0,0,0,0,6,179,-200,-61,0,0,0,0,0
2,-90,8.02,127,208941,31,-10,-4,526,0,0,0,0,0,6,179,-200,-61,0,0,0,0,0
2,-90,8.076,0,208997,31,-10,-4,526,0,0,0,0,0,6,179,-200,-61,0,0,0,0,0
2,-90,8.132,1,209053,31,-10,-4,526,0,0,0,0,0,6,179,-200,-61,0,0,0,0,0
2,-90,8.245,3,209165,31,-10,-4,526,0,0,0,0,0,6,179,-200,-61,0,0,0,0,0
2,-90,8.303,4,209221,31,-10,-4,526,0,0,0,0,0,6,179,-200,-61,0,0,0,0,0
2,-90,8.412,6,209333,31,-10,-4,526,0,0,0,0,0,6,179,-200,-61,0,0,0,0,0
2,-90,8.469,7,209389,31,-10,-4,526,0,0,0,0,0,6,179,-200,-61,0,0,0,0,0
2,-90,8.523,8,209445,31,-10,-4,526,0,0,0,0,0,6,179,-200,-61,0,0,0,0,0
2,-90,8.579,9,209502,31,-10,-4,526,0,0,0,0,0,6,179,-200,-61,0,0,0,0,0
2,-90,8.636,10,209557,31,-10,-4,526,0,0,0,0,0,6,179,-200,-61,0,0,0,0,0
2,-90,8.691,11,209613,31,-10,-4,526,0,0,0,0,0,6,179,-200,-61,0,0,0,0,0
2,-90,8.748,12,209669,31,-10,-4,526,0,0,0,0,0,6,179,-200,-61,0,0,0,0,0
2,-90,8.914,15,209833,31,-10,-4,526,0,0,0,0,0,6,179,-200,-61,0,0,0,0,0
2,-90,9.024,17,209945,31,-10,-4,526,0,0,0,0,0,6,179,-200,-61,0,0,0,0,0
2,-90,9.081,18,210001,31,-10,-4,526,0,0,0,0,0,6,179,-200,-61,0,0,0,0,0
2,-90,9.192,20,210113,31,-10,-4,526,0,0,0,0,0,6,179,-200,-61,0,0,0,0,0
2,-90,9.249,21,210169,31,-10,-4,526,0,0,0,0,0,6,179,-200,-61,0,0,0,0,0
2,-90,9.306,22,210225,31,-10,-4,526,0,0,0,0,0,6,179,-200,-61,0,0,0,0,0
2,-90,9.36,23,210282,31,-10,-4,526,0,0,0,0,0,6,179,-200,-61,0,0,0,0,0
2,-90,9.473,25,210393,31,-10,-4,526,0,0,0,0,0,6,179,-200,-61,0,0,0,0,0
2,-90,9.583,27,210505,31,-10,-4,526,0,0,0,0,0,6,179,-200,-61,0,0,0,0,0
2,-90,9.695,29,210617,31,-10,-4,526,0,0,0,0,0,6,179,-200,-61,0,0,0,0,0
2,-90,9.752,30,210673,31,-10,-4,526,0,0,0,0,0,6,179,-200,-61,0,0,0,0,0
2,-90,9.808,31,210729,31,-10,-4,526,0,0,0,0,0,6,179,-200,-61,0,0,0,0,0
2,-90,9.871,32,210785,31,-10,-4,526,0,0,0,0,0,6,179,-200,-61,0,0,0,0,0
2,-90,9.915,33,210837,31,-10,-4,526,0,0,0,0,0,6,179,-200,-61,0,0,0,0,0
2,-90,9.971,34,210893,31,-10,-4,526,0,0,0,0,0,6,179,-200,-61,0,0,0,0,0
2,-90,10.197,38,211117,31,-10,-4,526,0,0,0,0,0,6,179,-200,-61,0,0,0,0,0
2,-90,10.252,39,211173,31,-10,-4,526,0,0,0,0,0,6,179,-200,-61,0,0,0,0,0
2,-90,10.307,40,211229,31,-10,-4,526,0,0,0,0,0,6,179,-200,-61,0,0,0,0,0
2,-90,10.419,42,211341,31,-10,-4,526,0,0,0,0,0,6,179,-200,-61,0,0,0,0,0
2,-90,10.531,44,211453,31,-10,-4,526,0,0,0,0,0,6,179,-200,-61,0,0,0,0,0
2,-90,10.811,49,211733,31,-10,-4,526,0,0,0,0,0,6,179,-200,-61,0,0,0,0,0
2,-90,10.932,51,211845,31,-10,-4,526,0,0,0,0,0,6,179,-200,-61,0,0,0,0,0
2,-90,10.975,52,211897,31,-10,-4,526,0,0,0,0,0,6,179,-200,-61,0,0,0,0,0
2,-90,11.031,53,211953,31,-10,-4,526,0,0,0,0,0,6,179,-200,-61,0,0,0,0,0
2,-90,11.145,55,212065,31,-10,-4,526,0,0,0,0,0,6,179,-200,-61,0,0,0,0,0
2,-90,11.2,56,212121,31,-10,-4,526,0,0,0,0,0,6,179,-200,-61,0,0,0,0,0
2,-90,11.368,59,212289,31,-10,-4,526,0,0,0,0,0,6,179,-200,-61,0,0,0,0,0
2,-90,11.425,60,212345,31,-10,-4,526,0,0,0,0,0,6,179,-200,-61,0,0,0,0,0
2,-90,11.481,61,212402,31,-10,-4,526,0,0,0,0,0,6,179,-200,-61,0,0,0,0,0
2,-90,11.648,64,212570,31,-10,-4,526,0,0,0,0,0,6,179,-200,-61,0,0,0,0,0
2,-90,11.704,65,212625,31,-10,-4,526,0,0,0,0,0,6,179,-200,-61,0,0,0,0,0
2,-90,11.762,66,212681,31,-10,-4,526,0,0,0,0,0,6,179,-200,-61,0,0,0,0,0
2,-90,11.818,67,212737,31,-10,-4,526,0,0,0,0,0,6,179,-200,-61,0,0,0,0,0
2,-90,11.991,70,212905,31,-10,-4,526,0,0,0,0,0,6,179,-200,-61,0,0,0,0,0
2,-90,12.036,71,212957,31,-10,-4,526,0,0,0,0,0,6,179,-200,-61,0,0,0,0,0
2,-90,12.092,72,213013,31,-10,-4,526,0,0,0,0,0,6,179,-200,-61,0,0,0,0,0
2,-90,12.147,73,213069,31,-10,-4,526,0,0,0,0,0,6,179,-200,-61,0,0,0,0,0
2,-90,12.203,74,213125,31,-10,-4,526,0,0,0,0,0,6,179,-200,-61,0,0,0,0,0
2,-90,12.259,75,213181,31,-10,-4,526,0,0,0,0,0,6,179,-200,-61,0,0,0,0,0
2,-90,12.316,76,213237,31,-10,-4,526,0,0,0,0,0,6,179,-200,-61,0,0,0,0,0
2,-90,12.371,77,213293,31,-10,-4,526,0,0,0,0,0,6,179,-200,-61,0,0,0,0,0
2,-90,12.427,78,213350,31,-10,-4,526,0,0,0,0,0,6,179,-200,-61,0,0,0,0,0
2,-90,12.651,82,213573,31,-10,-4,526,0,0,0,0,0,6,179,-200,-61,0,0,0,0,0
2,-90,12.708,83,213629,31,-10,-4,526,0,0,0,0,0,6,179,-200,-61,0,0,0,0,0
2,-90,12.764,84,213685,31,-10,-4,526,0,0,0,0,0,6,179,-200,-61,0,0,0,0,0
2,-90,12.876,86,213797,31,-10,-4,526,0,0,0,0,0,6,179,-200,-61,0,0,0,0,0
2,-90,12.932,87,213853,31,-10,-4,526,0,0,0,0,0,6,179,-200,-61,0,0,0,0,0
2,-90,12.988,88,213909,31,-10,-4,526,0,0,0,0,0,6,179,-200,-61,0,0,0,0,0
2,-90,13.045,89,213965,31,-10,-4,526,0,0,0,0,0,6,179,-200,-61,0,0,0,0,0
2,-90,13.095,90,214017,31,-10,-4,526,0,0,0,0,0,6,179,-200,-61,0,0,0,0,0
2,-90,13.152,91,214073,31,-10,-4,526,0,0,0,0,0,6,179,-200,-61,0,0,0,0,0
2,-90,13.319,94,214241,31,-10,-4,526,0,0,0,0,0,6,179,-200,-61,0,0,0,0,0
2,-90,13.377,95,214297,31,-10,-4,526,0,0,0,0,0,6,179,-200,-61,0,0,0,0,0
2,-90,13.433,96,214353,31,-10,-4,526,0,0,0,0,0,6,179,-200,-61,0,0,0,0,0
2,-90,13.488,97,214409,31,-10,-4,526,0,0,0,0,0,6,179,-200,-61,0,0,0,0,0
2,-90,13.6,99,214521,31,-10,-4,526,0,0,0,0,0,6,179,-200,-61,0,0,0,0,0
2,-90,13.713,101,214633,31,-10,-4,526,0,0,0,0,0,6,179,-200,-61,0,0,0,0,0
2,-90,13.879,104,214801,31,-10,-4,526,0,0,0,0,0,6,179,-200,-61,0,0,0,0,0
2,-90,13.937,105,214858,31,-10,-4,526,0,0,0,0,0,6,179,-200,-61,0,0,0,0,0
2,-90,14.049,107,214969,31,-10,-4,526,0,0,0,0,0,6,179,-200,-61,0,0,0,0,0
2,-90,14.113,108,215025,31,-10,-4,526,0,0,0,0,0,6,179,-200,-61,0,0,0,0,0
2,-90,14.155,109,215077,31,-10,-4,526,0,0,0,0,0,6,179,-200,-61,0,0,0,0,0
2,-90,14.212,110,215133,31,-10,-4,526,0,0,0,0,0,6,179,-200,-61,0,0,0,0,0
2,-90,14.267,111,215189,31,-10,-4,526,0,0,0,0,0,6,179,-200,-61,0,0,0,0,0
2,-90,14.323,112,215245,31,-10,-4,526,0,0,0,0,0,6,179,-200,-61,0,0,0,0,0
2,-90,14.379,113,215301,31,-10,-4,526,0,0,0,0,0,6,179,-200,-61,0,0,0,0,0
2,-90,14.492,115,215413,31,-10,-4,526,0,0,0,0,0,6,179,-200,-61,0,0,0,0,0
2,-90,14.717,119,215638,31,-10,-4,526,0,0,0,0,0,6,179,-200,-61,0,0,0,0,0
2,-90,14.828,121,215749,31,-10,-4,526,0,0,0,0,0,6,179,-200,-61,0,0,0,0,0
2,-90,14.883,122,215805,31,-10,-4,526,0,0,0,0,0,6,179,-200,-61,0,0,0,0,0
2,-90,14.94,123,215862,31,-10,-4,526,0,0,0,0,0,6,179,-200,-61,0,0,0,0,0
2,-90,14.995,124,215917,31,-10,-4,526,0,0,0,0,0,6,179,-200,-61,0,0,0,0,0
2,-90,15.108,126,216029,31,-10,-4,526,0,0,0,0,0,6,179,-200,-61,0,0,0,0,0
2,-90,15.172,127,216085,31,-10,-4,526,0,0,0,0,0,6,179,-200,-61,0,0,0,0,0
2,-90,15.215,0,216137,31,-10,-4,526,0,0,0,0,0,6,179,-200,-61,0,0,0,0,0
2,-90,15.271,1,216194,31,-10,-4,526,0,0,0,0,0,6,179,-200,-61,0,0,0,0,0
2,-90,15.327,2,216249,31,-10,-4,526,0,0,0,0,0,6,179,-200,-61,0,0,0,0,0
2,-90,15.383,3,216305,31,-10,-4,526,0,0,0,0,0,6,179,-200,-61,0,0,0,0,0
2,-90,15.439,4,216361,31,-10,-4,526,0,0,0,0,0,6,179,-200,-61,0,0,0,0,0
2,-90,15.495,5,216418,31,-10,-4,526,0,0,0,0,0,6,179,-200,-61,0,0,0,0,0
2,-90,15.551,6,216473,31,-10,-4,526,0,0,0,0,0,6,179,-200,-61,0,0,0,0,0
2,-90,15.608,7,216529,31,-10,-4,526,0,0,0,0,0,6,179,-200,-61,0,0,0,0,0
2,-90,15.72,9,216641,31,-10,-4,526,0,0,0,0,0,6,179,-200,-61,0,0,0,0,0
2,-90,15.775,10,216697,31,-10,-4,526,0,0,0,0,0,6,179,-200,-61,0,0,0,0,0
2,-90,15.832,11,216753,31,-10,-4,526,0,0,0,0,0,6,179,-200,-61,0,0,0,0,0
2,-90,15.887,12,216809,31,-10,-4,526,0,0,0,0,0,6,179,-200,-61,0,0,0,0,0
2,-90,15.943,13,216865,31,-10,-4,526,0,0,0,0,0,6,179,-200,-61,0,0,0,0,0
2,-90,15.999,14,216921,31,-10,-4,526,0,0,0,0,0,6,179,-200,-61,0,0,0,0,0
2,-90,16.055,15,216977,31,-10,-4,526,0,0,0,0,0,6,179,-200,-61,0,0,0,0,0
2,-90,16.112,16,217033,31,-10,-4,526,0,0,0,0,0,6,179,-200,-61,0,0,0,0,0
2,-90,16.168,17,217089,31,-10,-4,526,0,0,0,0,0,6,179,-200,-61,0,0,0,0,0
2,-90,16.332,20,217253,31,-10,-4,526,0,0,0,0,0,6,179,-200,-61,0,0,0,0,0
2,-90,16.388,21,217309,31,-10,-4,526,0,0,0,0,0,6,179,-200,-61,0,0,0,0,0
2,-90,16.499,23,217421,31,-10,-4,526,0,0,0,0,0,6,179,-200,-61,0,0,0,0,0
2,-90,16.555,24,217477,31,-10,-4,526,0,0,0,0,0,6,179,-200,-61,0,0,0,0,0
2,-90,16.611,25,217533,31,-10,-4,526,0,0,0,0,0,6,179,-200,-61,0,0,0,0,0
2,-90,16.668,26,217589,31,-10,-4,526,0,0,0,0,0,6,179,-200,-61,0,0,0,0,0
2,-90,16.724,27,217645,31,-10,-4,526,0,0,0,0,0,6,179,-200,-61,0,0,0,0,0
2,-90,16.78,28,217701,31,-10,-4,526,0,0,0,0,0,6,179,-200,-61,0,0,0,0,0
2,-90,16.837,29,217757,31,-10,-4,526,0,0,0,0,0,6,179,-200,-61,0,0,0,0,0
2,-90,16.949,31,217869,31,-10,-4,526,0,0,0,0,0,6,179,-200,-61,0,0,0,0,0
2,-90,17.003,32,217925,31,-10,-4,526,0,0,0,0,0,6,179,-200,-61,0,0,0,0,0
2,-90,17.059,33,217981,31,-10,-4,526,0,0,0,0,0,6,179,-200,-61,0,0,0,0,0
2,-90,17.171,35,218093,31,-10,-4,526,0,0,0,0,0,6,179,-200,-61,0,0,0,0,0
2,-90,17.227,36,218149,31,-10,-4,526,0,0,0,0,0,6,179,-200,-61,0,0,0,0,0
2,-90,17.291,37,218205,31,-10,-4,526,0,0,0,0,0,6,179,-200,-61,0,0,0,0,0
2,-90,17.335,38,218257,31,-10,-4,526,0,0,0,0,0,6,179,-200,-61,0,0,0,0,0
2,-90,17.391,39,218313,31,-10,-4,526,0,0,0,0,0,6,179,-200,-61,0,0,0,0,0
2,-90,17.447,40,218369,31,-10,-4,526,0,0,0,0,0,6,179,-200,-61,0,0,0,0,0
2,-90,17.615,43,218537,31,-10,-4,526,0,0,0,0,0,6,179,-200,-61,0,0,0,0,0
2,-90,17.729,45,218649,31,-10,-4,526,0,0,0,0,0,6,179,-200,-61,0,0,0,0,0
2,-90,17.786,46,218706,31,-10,-4,526,0,0,0,0,0,6,179,-200,-61,0,0,0,0,0
2,-90,17.895,48,218817,31,-10,-4,526,0,0,0,0,0,6,179,-200,-61,0,0,0,0,0
2,-90,17.951,49,218873,31,-10,-4,526,0,0,0,0,0,6,179,-200,-61,0,0,0,0,0
2,-90,18.008,50,218929,31,-10,-4,526,0,0,0,0,0,6,179,-200,-61,0,0,0,0,0
2,-90,18.065,51,218985,31,-10,-4,526,0,0,0,0,0,6,179,-200,-61,0,0,0,0,0
2,-90,18.175,53,219097,31,-10,-4,526,0,0,0,0,0,6,179,-200,-61,0,0,0,0,0
2,-90,18.231,54,219153,31,-10,-4,526,0,0,0,0,0,6,179,-200,-61,0,0,0,0,0
2,-90,18.292,55,219209,31,-10,-4,526,0,0,0,0,0,6,179,-200,-61,0,0,0,0,0
2,-90,18.351,56,219265,31,-10,-4,526,0,0,0,0,0,6,179,-200,-61,0,0,0,0,0
2,-90,18.396,57,219317,31,-10,-4,526,0,0,0,0,0,6,179,-200,-61,0,0,0,0,0
2,-90,18.451,58,219373,31,-10,-4,526,0,0,0,0,0,6,179,-200,-61,0,0,0,0,0
2,-90,18.507,59,219429,31,-10,-4,526,0,0,0,0,0,6,179,-200,-61,0,0,0,0,0
2,-90,18.619,61,219541,31,-10,-4,526,0,0,0,0,0,6,179,-200,-61,0,0,0,0,0
2,-90,18.675,62,219597,31,-10,-4,526,0,0,0,0,0,6,179,-200,-61,0,0,0,0,0
2,-90,18.843,65,219765,31,-10,-4,526,0,0,0,0,0,6,179,-200,-61,0,0,0,0,0
2,-90,18.955,67,219877,31,-10,-4,526,0,0,0,0,0,6,179,-200,-61,0,0,0,0,0
2,-90,19.011,68,219933,31,-10,-4,526,0,0,0,0,0,6,179,-200,-61,0,0,0,0,0
3,107,-0.045,56,233537,31,-10,-4,526,0,0,0,0,0,6,179,-200,-61,0,0,0,0,0
3,107,0.011,57,233593,31,-10,-4,526,0,0,0,0,0,6,179,-200,-61,0,0,0,0,0
3,107,0.279,61,233861,31,-14,-4,1117,0,0,0,-72,10,9,189,-322,-27,-1600,1700,0,0,0
3,107,0.351,62,233934,31,-15,-5,1628,0,0,0,-108,72,9,192,-408,22,-2100,2200,0,0,0
3,107,0.423,63,234005,31,-16,-5,2458,0,0,0,-147,128,9,195,-533,116,-2500,2500,0,0,0
3,107,0.711,67,234293,31,-20,-8,7180,0,0,0,-190,164,9,207,-1219,677,-2200,2500,0,0,0
3,107,0.856,69,234437,31,-20,-8,9464,0,0,0,-164,164,9,213,-1516,983,-2100,2500,0,0,0
3,107,0.928,70,234509,31,-20,-7,10539,0,0,0,-121,147,9,216,-1650,1133,-800,1600,0,0,0
3,107,1.075,72,234657,31,-20,-6,11145,0,0,0,0,0,9,224,-1716,1227,0,0,0,0,0
3,107,1.149,73,234729,31,-20,-6,11145,0,0,0,0,0,9,227,-1716,1227,0,0,0,0,0
3,107,1.219,74,234802,31,-20,-6,11145,0,0,0,0,0,9,230,-1716,1227,0,0,0,0,0
3,107,1.303,75,234873,31,-20,-6,11145,0,0,0,0,0,9,233,-1716,1227,0,0,0,0,0
3,107,1.51,78,235090,31,-20,-6,11145,0,0,0,0,0,9,242,-1716,1227,0,0,0,0,0
3,107,1.579,79,235162,31,-20,-6,11145,0,0,0,0,0,9,245,-1716,1227,0,0,0,0,0
3,107,1.65,80,235233,31,-20,-6,11145,0,0,0,0,0,9,248,-1716,1227,0,0,0,0,0
3,107,1.725,81,235305,31,-20,-6,11145,0,0,0,0,0,9,251,-1716,1227,0,0,0,0,0
3,107,1.868,83,235450,31,-20,-6,11145,0,0,0,0,0,9,257,-1716,1227,0,0,0,0,0
3,107,1.94,84,235521,31,-20,-6,11145,0,0,0,0,0,9,260,-1716,1227,0,0,0,0,0
3,107,2.021,85,235593,31,-20,-6,11145,0,0,0,0,0,9,263,-1716,1227,0,0,0,0,0
3,107,2.089,86,235665,31,-20,-6,11145,0,0,0,0,0,9,266,-1716,1227,0,0,0,0,0
3,107,2.229,88,235809,31,-20,-6,11145,0,0,0,0,0,9,272,-1716,1227,0,0,0,0,0
3,107,2.302,89,235881,31,-20,-6,11145,0,0,0,0,0,9,275,-1716,1227,0,0,0,0,0
3,107,2.371,90,235953,31,-20,-6,11145,0,0,0,0,0,9,278,-1716,1227,0,0,0,0,0
3,107,2.445,91,236026,31,-20,-6,11145,0,0,0,0,0,9,281,-1716,1227,0,0,0,0,0
3,107,2.515,92,236098,31,-20,-6,11145,0,0,0,0,0,9,284,-1716,1227,0,0,0,0,0
3,107,2.587,93,236170,31,-20,-6,11145,0,0,0,0,0,9,287,-1716,1227,0,0,0,0,0
3,107,2.732,95,236313,31,-20,-6,11145,0,0,0,0,0,9,293,-1716,1227,0,0,0,0,0
3,107,2.803,96,236386,31,-20,-6,11145,0,0,0,0,0,9,296,-1716,1227,0,0,0,0,0
3,107,2.875,97,236457,31,-20,-6,11145,0,0,0,0,0,9,299,-1716,1227,0,0,0,0,0
3,107,2.948,98,236529,31,-20,-6,11145,0,0,0,0,0,9,302,-1716,1227,0,0,0,0,0
3,107,3.018,99,236602,31,-20,-6,11145,0,0,0,0,0,9,305,-1716,1227,0,0,0,0,0
3,107,3.133,101,236713,31,-20,-6,11145,0,0,0,0,0,9,307,-1716,1227,0,0,0,0,0
3,107,3.187,102,236769,31,-20,-6,11145,0,0,0,0,0,9,307,-1716,1227,0,0,0,0,0
3,107,3.243,103,236826,31,-20,-6,11145,0,0,0,0,0,9,307,-1716,1227,0,0,0,0,0
3,107,3.308,104,236882,31,-20,-6,11145,0,0,0,0,0,9,307,-1716,1227,0,0,0,0,0
3,107,3.351,105,236933,31,-20,-6,11145,0,0,0,0,0,9,307,-1716,1227,0,0,0,0,0
3,107,3.407,106,236989,31,-20,-6,11145,0,0,0,0,0,9,307,-1716,1227,0,0,0,0,0
3,107,3.465,107,237045,31,-20,-6,11145,0,0,0,0,0,9,307,-1716,1227,0,0,0,0,0
3,107,3.522,108,237102,31,-20,-6,11145,0,0,0,0,0,9,307,-1716,1227,0,0,0,0,0
3,107,3.631,110,237214,31,-20,-6,11145,0,0,0,0,0,9,307,-1716,1227,0,0,0,0,0
3,107,3.743,112,237326,31,-20,-6,11145,0,0,0,0,0,9,307,-1716,1227,0,0,0,0,0
3,107,3.799,113,237381,31,-20,-6,11145,0,0,0,0,0,9,307,-1716,1227,0,0,0,0,0
3,107,3.855,114,237437,31,-20,-6,11145,0,0,0,0,0,9,307,-1716,1227,0,0,0,0,0
3,107,3.912,115,237493,31,-20,-6,11145,0,0,0,0,0,9,307,-1716,1227,0,0,0,0,0
3,107,3.967,116,237549,31,-20,-6,11145,0,0,0,0,0,9,307,-1716,1227,0,0,0,0,0
3,107,4.079,118,237662,31,-20,-6,11145,0,0,0,0,0,9,307,-1716,1227,0,0,0,0,0
3,107,4.135,119,237717,31,-20,-6,11145,0,0,0,0,0,9,307,-1716,1227,0,0,0,0,0
3,107,4.191,120,237773,31,-20,-6,11145,0,0,0,0,0,9,307,-1716,1227,0,0,0,0,0
3,107,4.368,123,237941,31,-20,-6,11145,0,0,0,0,0,9,307,-1716,1227,0,0,0,0,0
3,107,4.579,127,238161,31,-20,-6,11145,0,0,0,0,0,9,307,-1716,1227,0,0,0,0,0
3,107,4.634,0,238217,31,-20,-6,11145,0,0,0,0,0,9,307,-1716,1227,0,0,0,0,0
3,107,4.69,1,238273,31,-20,-6,11145,0,0,0,0,0,9,307,-1716,1227,0,0,0,0,0
3,107,4.747,2,238329,31,-20,-6,11145,0,0,0,0,0,9,307,-1716,1227,0,0,0,0,0
3,107,4.803,3,238385,31,-20,-6,11145,0,0,0,0,0,9,307,-1716,1227,0,0,0,0,0
3,107,4.858,4,238442,31,-20,-6,11145,0,0,0,0,0,9,307,-1716,1227,0,0,0,0,0
3,107,4.914,5,238498,31,-20,-6,11145,0,0,0,0,0,9,307,-1716,1227,0,0,0,0,0
3,107,4.971,6,238553,31,-20,-6,11145,0,0,0,0,0,9,307,-1716,1227,0,0,0,0,0
3,107,5.083,8,238665,31,-20,-6,11145,0,0,0,0,0,9,307,-1716,1227,0,0,0,0,0
3,107,5.194,10,238778,31,-20,-6,11145,0,0,0,0,0,9,307,-1716,1227,0,0,0,0,0
3,107,5.251,11,238833,31,-20,-6,11145,0,0,0,0,0,9,307,-1716,1227,0,0,0,0,0
3,107,5.306,12,238890,31,-20,-6,11145,0,0,0,0,0,9,307,-1716,1227,0,0,0,0,0
3,107,5.363,13,238946,31,-20,-6,11145,0,0,0,0,0,9,307,-1716,1227,0,0,0,0,0
3,107,5.423,14,239002,31,-20,-6,11145,0,0,0,0,0,9,307,-1716,1227,0,0,0,0,0
3,107,5.471,15,239053,31,-20,-6,11145,0,0,0,0,0,9,307,-1716,1227,0,0,0,0,0
3,107,5.64,18,239221,31,-20,-6,11145,0,0,0,0,0,9,307,-1716,1227,0,0,0,0,0
3,107,5.695,19,239278,31,-20,-6,11145,0,0,0,0,0,9,307,-1716,1227,0,0,0,0,0
3,107,5.751,20,239333,31,-20,-6,11145,0,0,0,0,0,9,307,-1716,1227,0,0,0,0,0
3,107,5.807,21,239389,31,-20,-6,11145,0,0,0,0,0,9,307,-1716,1227,0,0,0,0,0
3,107,5.919,23,239502,31,-20,-6,11145,0,0,0,0,0,9,307,-1716,1227,0,0,0,0,0
3,107,5.975,24,239558,31,-20,-6,11145,0,0,0,0,0,9,307,-1716,1227,0,0,0,0,0
3,107,6.031,25,239613,31,-20,-6,11145,0,0,0,0,0,9,307,-1716,1227,0,0,0,0,0
3,107,6.087,26,239670,31,-20,-6,11145,0,0,0,0,0,9,307,-1716,1227,0,0,0,0,0
3,107,6.142,27,239726,31,-20,-6,11145,0,0,0,0,0,9,307,-1716,1227,0,0,0,0,0
3,107,6.201,28,239775,31,-20,-6,11145,0,0,0,0,0,9,307,-1716,1227,0,0,0,0,0
3,107,6.41,32,239993,31,-20,-6,11145,0,0,0,0,0,9,307,-1716,1227,0,0,0,0,0
3,107,6.475,33,240049,31,-20,-6,11145,0,0,0,0,0,9,307,-1716,1227,0,0,0,0,0
3,107,6.519,34,240102,31,-20,-6,11145,0,0,0,0,0,9,307,-1716,1227,0,0,0,0,0
3,107,6.575,35,240157,31,-20,-6,11145,0,0,0,0,0,9,307,-1716,1227,0,0,0,0,0
3,107,6.632,36,240213,31,-20,-6,11145,0,0,0,0,0,9,307,-1716,1227,0,0,0,0,0
3,107,6.687,37,240269,31,-20,-6,11145,0,0,0,0,0,9,307,-1716,1227,0,0,0,0,0
3,107,6.744,38,240325,31,-20,-6,11145,0,0,0,0,0,9,307,-1716,1227,0,0,0,0,0
3,107,6.8,39,240381,31,-20,-6,11145,0,0,0,0,0,9,307,-1716,1227,0,0,0,0,0
3,107,6.911,41,240494,31,-20,-6,11145,0,0,0,0,0,9,307,-1716,1227,0,0,0,0,0
3,107,7.022,43,240605,31,-20,-6,11145,0,0,0,0,0,9,307,-1716,1227,0,0,0,0,0
3,107,7.079,44,240661,31,-20,-6,11145,0,0,0,0,0,9,307,-1716,1227,0,0,0,0,0
3,107,7.135,45,240717,31,-20,-6,11145,0,0,0,0,0,9,307,-1716,1227,0,0,0,0,0
3,107,7.19,46,240773,31,-20,-6,11145,0,0,0,0,0,9,307,-1716,1227,0,0,0,0,0
3,107,7.248,47,240829,31,-20,-6,11145,0,0,0,0,0,9,307,-1716,1227,0,0,0,0,0
3,107,7.358,49,240942,31,-20,-6,11145,0,0,0,0,0,9,307,-1716,1227,0,0,0,0,0
3,107,7.416,50,240997,31,-20,-6,11145,0,0,0,0,0,9,307,-1716,1227,0,0,0,0,0
3,107,7.636,54,241218,31,-20,-6,11145,0,0,0,0,0,9,307,-1716,1227,0,0,0,0,0
3,107,7.692,55,241274,31,-20,-6,11145,0,0,0,0,0,9,307,-1716,1227,0,0,0,0,0
3,107,7.748,56,241330,31,-20,-6,11145,0,0,0,0,0,9,307,-1716,1227,0,0,0,0,0
3,107,7.914,59,241497,31,-20,-6,11145,0,0,0,0,0,9,307,-1716,1227,0,0,0,0,0
3,107,8.028,61,241610,31,-20,-6,11145,0,0,0,0,0,9,307,-1716,1227,0,0,0,0,0
3,107,8.139,63,241721,31,-20,-6,11145,0,0,0,0,0,9,307,-1716,1227,0,0,0,0,0
3,107,8.252,65,241834,31,-20,-6,11145,0,0,0,0,0,9,307,-1716,1227,0,0,0,0,0
3,107,8.309,66,241889,31,-20,-6,11145,0,0,0,0,0,9,307,-1716,1227,0,0,0,0,0
3,107,8.364,67,241945,31,-20,-6,11145,0,0,0,0,0,9,307,-1716,1227,0,0,0,0,0
3,107,8.421,68,242002,31,-20,-6,11145,0,0,0,0,0,9,307,-1716,1227,0,0,0,0,0
3,107,8.596,71,242170,31,-20,-6,11145,0,0,0,0,0,9,307,-1716,1227,0,0,0,0,0
3,107,8.639,72,242222,31,-20,-6,11145,0,0,0,0,0,9,307,-1716,1227,0,0,0,0,0
3,107,8.696,73,242277,31,-20,-6,11145,0,0,0,0,0,9,307,-1716,1227,0,0,0,0,0
3,107,8.975,78,242557,31,-20,-6,11145,0,0,0,0,0,9,307,-1716,1227,0,0,0,0,0
3,107,9.032,79,242614,31,-20,-6,11145,0,0,0,0,0,9,307,-1716,1227,0,0,0,0,0
3,107,9.088,80,242670,31,-20,-6,11145,0,0,0,0,0,9,307,-1716,1227,0,0,0,0,0
3,107,9.2,82,242782,31,-20,-6,11145,0,0,0,0,0,9,307,-1716,1227,0,0,0,0,0
3,107,9.255,83,242837,31,-20,-6,11145,0,0,0,0,0,9,307,-1716,1227,0,0,0,0,0
3,107,9.311,84,242894,31,-20,-6,11145,0,0,0,0,0,9,307,-1716,1227,0,0,0,0,0
3,107,9.373,85,242949,31,-20,-6,11145,0,0,0,0,0,9,307,-1716,1227,0,0,0,0,0
3,107,9.481,87,243062,31,-20,-6,11145,0,0,0,0,0,9,307,-1716,1227,0,0,0,0,0
3,107,9.591,89,243173,31,-20,-6,11145,0,0,0,0,0,9,307,-1716,1227,0,0,0,0,0
3,107,9.655,90,243229,31,-20,-6,11145,0,0,0,0,0,9,307,-1716,1227,0,0,0,0,0
3,107,9.812,93,243393,31,-20,-6,11145,0,0,0,0,0,9,307,-1716,1227,0,0,0,0,0
3,107,9.867,94,243450,31,-20,-6,11145,0,0,0,0,0,9,307,-1716,1227,0,0,0,0,0
3,107,9.924,95,243506,31,-20,-6,11145,0,0,0,0,0,9,307,-1716,1227,0,0,0,0,0
3,107,9.979,96,243562,31,-20,-6,11145,0,0,0,0,0,9,307,-1716,1227,0,0,0,0,0
3,107,10.091,98,243673,31,-20,-6,11145,0,0,0,0,0,9,307,-1716,1227,0,0,0,0,0
3,107,10.147,99,243729,31,-20,-6,11145,0,0,0,0,0,9,307,-1716,1227,0,0,0,0,0
3,107,10.315,102,243897,31,-20,-6,11145,0,0,0,0,0,9,307,-1716,1227,0,0,0,0,0
3,107,10.371,103,243954,31,-20,-6,11145,0,0,0,0,0,9,307,-1716,1227,0,0,0,0,0
3,107,10.427,104,244010,31,-20,-6,11145,0,0,0,0,0,9,307,-1716,1227,0,0,0,0,0
3,107,10.539,106,244121,31,-20,-6,11145,0,0,0,0,0,9,307,-1716,1227,0,0,0,0,0
3,107,10.595,107,244178,31,-20,-6,11145,0,0,0,0,0,9,307,-1716,1227,0,0,0,0,0
3,107,10.715,109,244290,31,-20,-6,11145,0,0,0,0,0,9,307,-1716,1227,0,0,0,0,0
3,107,10.759,110,244342,31,-20,-6,11145,0,0,0,0,0,9,307,-1716,1227,0,0,0,0,0
3,107,10.815,111,244398,31,-20,-6,11145,0,0,0,0,0,9,307,-1716,1227,0,0,0,0,0
3,107,10.871,112,244453,31,-20,-6,11145,0,0,0,0,0,9,307,-1716,1227,0,0,0,0,0
3,107,10.926,113,244509,31,-20,-6,11145,0,0,0,0,0,9,307,-1716,1227,0,0,0,0,0
3,107,11.039,115,244621,31,-20,-6,11145,0,0,0,0,0,9,307,-1716,1227,0,0,0,0,0
3,107,11.152,117,244733,31,-20,-6,11145,0,0,0,0,0,9,307,-1716,1227,0,0,0,0,0
3,107,11.208,118,244790,31,-20,-6,11145,0,0,0,0,0,9,307,-1716,1227,0,0,0,0,0
3,107,11.376,121,244957,31,-20,-6,11145,0,0,0,0,0,9,307,-1716,1227,0,0,0,0,0
3,107,11.543,124,245125,31,-20,-6,11145,0,0,0,0,0,9,307,-1716,1227,0,0,0,0,0
3,107,11.599,125,245181,31,-20,-6,11145,0,0,0,0,0,9,307,-1716,1227,0,0,0,0,0
3,107,11.654,126,245237,31,-20,-6,11145,0,0,0,0,0,9,307,-1716,1227,0,0,0,0,0
3,107,11.71,127,245294,31,-20,-6,11145,0,0,0,0,0,9,307,-1716,1227,0,0,0,0,0
3,107,11.768,0,245349,31,-20,-6,11145,0,0,0,0,0,9,307,-1716,1227,0,0,0,0,0
3,107,11.818,1,245402,31,-20,-6,11145,0,0,0,0,0,9,307,-1716,1227,0,0,0,0,0
3,107,11.987,4,245570,31,-20,-6,11145,0,0,0,0,0,9,307,-1716,1227,0,0,0,0,0
3,107,12.044,5,245626,31,-20,-6,11145,0,0,0,0,0,9,307,-1716,1227,0,0,0,0,0
3,107,12.098,6,245682,31,-20,-6,11145,0,0,0,0,0,9,307,-1716,1227,0,0,0,0,0
3,107,12.154,7,245737,31,-20,-6,11145,0,0,0,0,0,9,307,-1716,1227,0,0,0,0,0
3,107,12.266,9,245850,31,-20,-6,11145,0,0,0,0,0,9,307,-1716,1227,0,0,0,0,0
3,107,12.379,11,245961,31,-20,-6,11145,0,0,0,0,0,9,307,-1716,1227,0,0,0,0,0
3,107,12.435,12,246017,31,-20,-6,11145,0,0,0,0,0,9,307,-1716,1227,0,0,0,0,0
3,107,12.602,15,246186,31,-20,-6,11145,0,0,0,0,0,9,307,-1716,1227,0,0,0,0,0
3,107,12.665,16,246241,31,-20,-6,11145,0,0,0,0,0,9,307,-1716,1227,0,0,0,0,0
3,107,12.772,18,246353,31,-20,-6,11145,0,0,0,0,0,9,307,-1716,1227,0,0,0,0,0
3,107,13.047,23,246630,31,-20,-6,11145,0,0,0,0,0,9,307,-1716,1227,0,0,0,0,0
3,107,13.326,28,246910,31,-20,-6,11145,0,0,0,0,0,9,307,-1716,1227,0,0,0,0,0
3,107,13.383,29,246965,31,-20,-6,11145,0,0,0,0,0,9,307,-1716,1227,0,0,0,0,0
3,107,13.439,30,247021,31,-20,-6,11145,0,0,0,0,0,9,307,-1716,1227,0,0,0,0,0
3,107,13.551,32,247133,31,-20,-6,11145,0,0,0,0,0,9,307,-1716,1227,0,0,0,0,0
3,107,13.663,34,247245,31,-20,-6,11145,0,0,0,0,0,9,307,-1716,1227,0,0,0,0,0
3,107,13.994,40,247577,31,-20,-6,11145,0,0,0,0,0,9,307,-1716,1227,0,0,0,0,0
3,107,14.051,41,247634,31,-20,-6,11145,0,0,0,0,0,9,307,-1716,1227,0,0,0,0,0
3,107,14.218,44,247802,31,-20,-6,11145,0,0,0,0,0,9,307,-1716,1227,0,0,0,0,0
3,107,14.274,45,247857,31,-20,-6,11145,0,0,0,0,0,9,307,-1716,1227,0,0,0,0,0
3,107,14.33,46,247913,31,-20,-6,11145,0,0,0,0,0,9,307,-1716,1227,0,0,0,0,0
3,107,14.387,47,247969,31,-20,-6,11145,0,0,0,0,0,9,307,-1716,1227,0,0,0,0,0
3,107,14.499,49,248081,31,-20,-6,11145,0,0,0,0,0,9,307,-1716,1227,0,0,0,0,0
3,107,14.611,51,248194,31,-20,-6,11145,0,0,0,0,0,9,307,-1716,1227,0,0,0,0,0
3,107,14.667,52,248250,31,-20,-6,11145,0,0,0,0,0,9,307,-1716,1227,0,0,0,0,0
3,107,14.722,53,248305,31,-20,-6,11145,0,0,0,0,0,9,307,-1716,1227,0,0,0,0,0
4,-107,-0.038,125,259453,31,-20,-6,11145,0,0,0,0,0,9,307,-1716,1227,0,0,0,0,0
4,-107,0.016,126,259509,31,-20,-6,11145,0,0,0,0,0,9,307,-1716,1227,0,0,0,0,0
4,-107,0.069,127,259562,31,-20,-6,11145,0,0,0,0,0,9,308,-1716,1227,800,-800,0,0,0
4,-107,0.142,0,259633,31,-20,-7,10959,0,0,0,36,-36,9,311,-1694,1200,1100,-1100,0,0,0
4,-107,0.286,2,259777,31,-20,-7,10202,0,0,0,72,-72,9,317,-1600,1094,1500,-1500,0,0,0
4,-107,0.43,4,259921,31,-29,-42,5396,0,0,0,134,-3168,9,323,-1425,0,2400,-2400,0,0,0
4,-107,0.5,5,259994,31,-17,-7,7949,0,0,0,144,-108,9,326,-1294,805,2600,-2600,0,0,0
4,-107,0.573,6,260065,31,-17,-7,6805,0,0,0,174,-170,9,329,-1147,650,2600,-2600,0,0,0
4,-107,0.789,9,260281,31,-17,-8,3113,0,0,0,164,-164,9,338,-672,150,2400,-2300,0,0,0
4,-107,0.879,10,260353,31,-17,-8,2007,0,0,0,170,-154,9,341,-525,5,2400,-2200,0,0,0
4,-107,0.933,11,260425,31,-17,-8,1053,0,0,0,124,-124,9,344,-394,-116,1100,-1000,0,0,0
4,-107,1.012,12,260506,31,-16,-8,545,0,0,0,0,0,9,349,-316,-172,0,0,0,0,0
4,-107,1.064,13,260557,31,-16,-8,545,0,0,0,0,0,9,351,-316,-172,0,0,0,0,0
4,-107,1.136,14,260629,31,-16,-8,545,0,0,0,0,0,9,354,-316,-172,0,0,0,0,0
4,-107,1.209,15,260702,31,-16,-8,545,0,0,0,0,0,9,357,-316,-172,0,0,0,0,0
4,-107,1.567,20,261061,31,-16,-8,545,0,0,0,0,0,9,372,-316,-172,0,0,0,0,0
4,-107,1.651,21,261135,31,-16,-8,545,0,0,0,0,0,9,375,-316,-172,0,0,0,0,0
4,-107,1.692,22,261185,31,-16,-8,545,0,0,0,0,0,9,375,-316,-172,0,0,0,0,0
4,-107,1.747,23,261242,31,-16,-8,545,0,0,0,0,0,9,375,-316,-172,0,0,0,0,0
4,-107,1.804,24,261297,31,-16,-8,545,0,0,0,0,0,9,375,-316,-172,0,0,0,0,0
4,-107,1.86,25,261353,31,-16,-8,545,0,0,0,0,0,9,375,-316,-172,0,0,0,0,0
4,-107,1.916,26,261409,31,-16,-8,545,0,0,0,0,0,9,375,-316,-172,0,0,0,0,0
4,-107,1.972,27,261465,31,-16,-8,545,0,0,0,0,0,9,375,-316,-172,0,0,0,0,0
4,-107,2.028,28,261521,31,-16,-8,545,0,0,0,0,0,9,375,-316,-172,0,0,0,0,0
4,-107,2.093,29,261577,31,-16,-8,545,0,0,0,0,0,9,375,-316,-172,0,0,0,0,0
4,-107,2.137,30,261629,31,-16,-8,545,0,0,0,0,0,9,375,-316,-172,0,0,0,0,0
4,-107,2.192,31,261685,31,-16,-8,545,0,0,0,0,0,9,375,-316,-172,0,0,0,0,0
4,-107,2.471,36,261965,31,-16,-8,545,0,0,0,0,0,9,375,-316,-172,0,0,0,0,0
4,-107,2.527,37,262022,31,-16,-8,545,0,0,0,0,0,9,375,-316,-172,0,0,0,0,0
4,-107,2.584,38,262077,31,-16,-8,545,0,0,0,0,0,9,375,-316,-172,0,0,0,0,0
4,-107,2.641,39,262133,31,-16,-8,545,0,0,0,0,0,9,375,-316,-172,0,0,0,0,0
4,-107,2.695,40,262189,31,-16,-8,545,0,0,0,0,0,9,375,-316,-172,0,0,0,0,0
4,-107,2.752,41,262245,31,-16,-8,545,0,0,0,0,0,9,375,-316,-172,0,0,0,0,0
4,-107,2.808,42,262301,31,-16,-8,545,0,0,0,0,0,9,375,-316,-172,0,0,0,0,0
4,-107,2.922,44,262414,31,-16,-8,545,0,0,0,0,0,9,375,-316,-172,0,0,0,0,0
4,-107,2.976,45,262469,31,-16,-8,545,0,0,0,0,0,9,375,-316,-172,0,0,0,0,0
4,-107,3.033,46,262525,31,-16,-8,545,0,0,0,0,0,9,375,-316,-172,0,0,0,0,0
4,-107,3.088,47,262581,31,-16,-8,545,0,0,0,0,0,9,375,-316,-172,0,0,0,0,0
4,-107,3.153,48,262637,31,-16,-8,545,0,0,0,0,0,9,375,-316,-172,0,0,0,0,0
4,-107,3.252,50,262746,31,-16,-8,545,0,0,0,0,0,9,375,-316,-172,0,0,0,0,0
4,-107,3.307,51,262802,31,-16,-8,545,0,0,0,0,0,9,375,-316,-172,0,0,0,0,0
4,-107,3.363,52,262857,31,-16,-8,545,0,0,0,0,0,9,375,-316,-172,0,0,0,0,0
4,-107,3.42,53,262913,31,-16,-8,545,0,0,0,0,0,9,375,-316,-172,0,0,0,0,0
4,-107,3.587,56,263081,31,-16,-8,545,0,0,0,0,0,9,375,-316,-172,0,0,0,0,0
4,-107,3.644,57,263137,31,-16,-8,545,0,0,0,0,0,9,375,-316,-172,0,0,0,0,0
4,-107,3.701,58,263193,31,-16,-8,545,0,0,0,0,0,9,375,-316,-172,0,0,0,0,0
4,-107,3.756,59,263249,31,-16,-8,545,0,0,0,0,0,9,375,-316,-172,0,0,0,0,0
4,-107,3.868,61,263361,31,-16,-8,545,0,0,0,0,0,9,375,-316,-172,0,0,0,0,0
4,-107,3.925,62,263417,31,-16,-8,545,0,0,0,0,0,9,375,-316,-172,0,0,0,0,0
4,-107,3.981,63,263473,31,-16,-8,545,0,0,0,0,0,9,375,-316,-172,0,0,0,0,0
4,-107,4.035,64,263530,31,-16,-8,545,0,0,0,0,0,9,375,-316,-172,0,0,0,0,0
4,-107,4.212,67,263698,31,-16,-8,545,0,0,0,0,0,9,375,-316,-172,0,0,0,0,0
4,-107,4.257,68,263749,31,-16,-8,545,0,0,0,0,0,9,375,-316,-172,0,0,0,0,0
4,-107,4.312,69,263805,31,-16,-8,545,0,0,0,0,0,9,375,-316,-172,0,0,0,0,0
4,-107,4.368,70,263861,31,-16,-8,545,0,0,0,0,0,9,375,-316,-172,0,0,0,0,0
4,-107,4.481,72,263973,31,-16,-8,545,0,0,0,0,0,9,375,-316,-172,0,0,0,0,0
4,-107,4.591,74,264085,31,-16,-8,545,0,0,0,0,0,9,375,-316,-172,0,0,0,0,0
4,-107,4.647,75,264141,31,-16,-8,545,0,0,0,0,0,9,375,-316,-172,0,0,0,0,0
4,-107,4.815,78,264310,31,-16,-8,545,0,0,0,0,0,9,375,-316,-172,0,0,0,0,0
4,-107,4.871,79,264365,31,-16,-8,545,0,0,0,0,0,9,375,-316,-172,0,0,0,0,0
4,-107,4.928,80,264421,31,-16,-8,545,0,0,0,0,0,9,375,-316,-172,0,0,0,0,0
4,-107,4.984,81,264477,31,-16,-8,545,0,0,0,0,0,9,375,-316,-172,0,0,0,0,0
4,-107,5.096,83,264589,31,-16,-8,545,0,0,0,0,0,9,375,-316,-172,0,0,0,0,0
4,-107,5.156,84,264645,31,-16,-8,545,0,0,0,0,0,9,375,-316,-172,0,0,0,0,0
4,-107,5.208,85,264701,31,-16,-8,545,0,0,0,0,0,9,375,-316,-172,0,0,0,0,0
4,-107,5.275,86,264757,31,-16,-8,545,0,0,0,0,0,9,375,-316,-172,0,0,0,0,0
4,-107,5.315,87,264809,31,-16,-8,545,0,0,0,0,0,9,375,-316,-172,0,0,0,0,0
4,-107,5.375,88,264865,31,-16,-8,545,0,0,0,0,0,9,375,-316,-172,0,0,0,0,0
4,-107,5.483,90,264977,31,-16,-8,545,0,0,0,0,0,9,375,-316,-172,0,0,0,0,0
4,-107,5.539,91,265033,31,-16,-8,545,0,0,0,0,0,9,375,-316,-172,0,0,0,0,0
4,-107,5.595,92,265090,31,-16,-8,545,0,0,0,0,0,9,375,-316,-172,0,0,0,0,0
4,-107,5.651,93,265145,31,-16,-8,545,0,0,0,0,0,9,375,-316,-172,0,0,0,0,0
4,-107,5.708,94,265201,31,-16,-8,545,0,0,0,0,0,9,375,-316,-172,0,0,0,0,0
4,-107,5.819,96,265313,31,-16,-8,545,0,0,0,0,0,9,375,-316,-172,0,0,0,0,0
4,-107,5.878,97,265369,31,-16,-8,545,0,0,0,0,0,9,375,-316,-172,0,0,0,0,0
4,-107,6.043,100,265537,31,-16,-8,545,0,0,0,0,0,9,375,-316,-172,0,0,0,0,0
4,-107,6.1,101,265593,31,-16,-8,545,0,0,0,0,0,9,375,-316,-172,0,0,0,0,0
4,-107,6.155,102,265649,31,-16,-8,545,0,0,0,0,0,9,375,-316,-172,0,0,0,0,0
4,-107,6.211,103,265705,31,-16,-8,545,0,0,0,0,0,9,375,-316,-172,0,0,0,0,0
4,-107,6.331,105,265818,31,-16,-8,545,0,0,0,0,0,9,375,-316,-172,0,0,0,0,0
4,-107,6.377,106,265870,31,-16,-8,545,0,0,0,0,0,9,375,-316,-172,0,0,0,0,0
4,-107,6.433,107,265925,31,-16,-8,545,0,0,0,0,0,9,375,-316,-172,0,0,0,0,0
4,-107,6.486,108,265981,31,-16,-8,545,0,0,0,0,0,9,375,-316,-172,0,0,0,0,0
4,-107,6.543,109,266037,31,-16,-8,545,0,0,0,0,0,9,375,-316,-172,0,0,0,0,0
4,-107,6.599,110,266093,31,-16,-8,545,0,0,0,0,0,9,375,-316,-172,0,0,0,0,0
4,-107,6.711,112,266205,31,-16,-8,545,0,0,0,0,0,9,375,-316,-172,0,0,0,0,0
4,-107,6.768,113,266261,31,-16,-8,545,0,0,0,0,0,9,375,-316,-172,0,0,0,0,0
4,-107,6.824,114,266317,31,-16,-8,545,0,0,0,0,0,9,375,-316,-172,0,0,0,0,0
4,-107,6.879,115,266373,31,-16,-8,545,0,0,0,0,0,9,375,-316,-172,0,0,0,0,0
4,-107,6.934,116,266429,31,-16,-8,545,0,0,0,0,0,9,375,-316,-172,0,0,0,0,0
4,-107,7.046,118,266541,31,-16,-8,545,0,0,0,0,0,9,375,-316,-172,0,0,0,0,0
4,-107,7.11,119,266598,31,-16,-8,545,0,0,0,0,0,9,375,-316,-172,0,0,0,0,0
4,-107,7.159,120,266653,31,-16,-8,545,0,0,0,0,0,9,375,-316,-172,0,0,0,0,0
4,-107,7.216,121,266709,31,-16,-8,545,0,0,0,0,0,9,375,-316,-172,0,0,0,0,0
4,-107,7.271,122,266765,31,-16,-8,545,0,0,0,0,0,9,375,-316,-172,0,0,0,0,0
4,-107,7.327,123,266821,31,-16,-8,545,0,0,0,0,0,9,375,-316,-172,0,0,0,0,0
4,-107,7.393,124,266877,31,-16,-8,545,0,0,0,0,0,9,375,-316,-172,0,0,0,0,0
4,-107,7.436,125,266929,31,-16,-8,545,0,0,0,0,0,9,375,-316,-172,0,0,0,0,0
4,-107,7.491,126,266985,31,-16,-8,545,0,0,0,0,0,9,375,-316,-172,0,0,0,0,0
4,-107,7.548,127,267041,31,-16,-8,545,0,0,0,0,0,9,375,-316,-172,0,0,0,0,0
4,-107,7.602,0,267098,31,-16,-8,545,0,0,0,0,0,9,375,-316,-172,0,0,0,0,0
4,-107,7.66,1,267153,31,-16,-8,545,0,0,0,0,0,9,375,-316,-172,0,0,0,0,0
4,-107,7.715,2,267209,31,-16,-8,545,0,0,0,0,0,9,375,-316,-172,0,0,0,0,0
4,-107,7.826,4,267322,31,-16,-8,545,0,0,0,0,0,9,375,-316,-172,0,0,0,0,0
4,-107,7.938,6,267433,31,-16,-8,545,0,0,0,0,0,9,375,-316,-172,0,0,0,0,0
4,-107,7.994,7,267489,31,-16,-8,545,0,0,0,0,0,9,375,-316,-172,0,0,0,0,0
4,-107,8.051,8,267545,31,-16,-8,545,0,0,0,0,0,9,375,-316,-172,0,0,0,0,0
4,-107,8.107,9,267601,31,-16,-8,545,0,0,0,0,0,9,375,-316,-172,0,0,0,0,0
4,-107,8.163,10,267657,31,-16,-8,545,0,0,0,0,0,9,375,-316,-172,0,0,0,0,0
4,-107,8.275,12,267769,31,-16,-8,545,0,0,0,0,0,9,375,-316,-172,0,0,0,0,0
4,-107,8.33,13,267825,31,-16,-8,545,0,0,0,0,0,9,375,-316,-172,0,0,0,0,0
4,-107,8.387,14,267881,31,-16,-8,545,0,0,0,0,0,9,375,-316,-172,0,0,0,0,0
4,-107,8.55,17,268045,31,-16,-8,545,0,0,0,0,0,9,375,-316,-172,0,0,0,0,0
4,-107,8.607,18,268101,31,-16,-8,545,0,0,0,0,0,9,375,-316,-172,0,0,0,0,0
4,-107,8.664,19,268158,31,-16,-8,545,0,0,0,0,0,9,375,-316,-172,0,0,0,0,0
4,-107,8.719,20,268213,31,-16,-8,545,0,0,0,0,0,9,375,-316,-172,0,0,0,0,0
4,-107,8.775,21,268269,31,-16,-8,545,0,0,0,0,0,9,375,-316,-172,0,0,0,0,0
4,-107,8.833,22,268325,31,-16,-8,545,0,0,0,0,0,9,375,-316,-172,0,0,0,0,0
4,-107,8.888,23,268381,31,-16,-8,545,0,0,0,0,0,9,375,-316,-172,0,0,0,0,0
4,-107,8.943,24,268437,31,-16,-8,545,0,0,0,0,0,9,375,-316,-172,0,0,0,0,0
4,-107,8.998,25,268493,31,-16,-8,545,0,0,0,0,0,9,375,-316,-172,0,0,0,0,0
4,-107,9.056,26,268549,31,-16,-8,545,0,0,0,0,0,9,375,-316,-172,0,0,0,0,0
4,-107,9.166,28,268661,31,-16,-8,545,0,0,0,0,0,9,375,-316,-172,0,0,0,0,0
4,-107,9.223,29,268717,31,-16,-8,545,0,0,0,0,0,9,375,-316,-172,0,0,0,0,0
4,-107,9.28,30,268773,31,-16,-8,545,0,0,0,0,0,9,375,-316,-172,0,0,0,0,0
4,-107,9.335,31,268829,31,-16,-8,545,0,0,0,0,0,9,375,-316,-172,0,0,0,0,0
4,-107,9.391,32,268886,31,-16,-8,545,0,0,0,0,0,9,375,-316,-172,0,0,0,0,0
4,-107,9.449,33,268941,31,-16,-8,545,0,0,0,0,0,9,375,-316,-172,0,0,0,0,0
4,-107,9.512,34,268997,31,-16,-8,545,0,0,0,0,0,9,375,-316,-172,0,0,0,0,0
4,-107,9.557,35,269049,31,-16,-8,545,0,0,0,0,0,9,375,-316,-172,0,0,0,0,0
4,-107,9.667,37,269161,31,-16,-8,545,0,0,0,0,0,9,375,-316,-172,0,0,0,0,0
4,-107,9.834,40,269329,31,-16,-8,545,0,0,0,0,0,9,375,-316,-172,0,0,0,0,0
4,-107,9.948,42,269441,31,-16,-8,545,0,0,0,0,0,9,375,-316,-172,0,0,0,0,0
4,-107,10.003,43,269497,31,-16,-8,545,0,0,0,0,0,9,375,-316,-172,0,0,0,0,0
4,-107,10.059,44,269553,31,-16,-8,545,0,0,0,0,0,9,375,-316,-172,0,0,0,0,0
4,-107,10.115,45,269609,31,-16,-8,545,0,0,0,0,0,9,375,-316,-172,0,0,0,0,0
4,-107,10.17,46,269666,31,-16,-8,545,0,0,0,0,0,9,375,-316,-172,0,0,0,0,0
4,-107,10.227,47,269721,31,-16,-8,545,0,0,0,0,0,9,375,-316,-172,0,0,0,0,0
4,-107,10.283,48,269777,31,-16,-8,545,0,0,0,0,0,9,375,-316,-172,0,0,0,0,0
4,-107,10.395,50,269889,31,-16,-8,545,0,0,0,0,0,9,375,-316,-172,0,0,0,0,0
4,-107,10.451,51,269945,31,-16,-8,545,0,0,0,0,0,9,375,-316,-172,0,0,0,0,0
4,-107,10.506,52,270001,31,-16,-8,545,0,0,0,0,0,9,375,-316,-172,0,0,0,0,0
4,-107,10.572,53,270057,31,-16,-8,545,0,0,0,0,0,9,375,-316,-172,0,0,0,0,0
4,-107,10.615,54,270109,31,-16,-8,545,0,0,0,0,0,9,375,-316,-172,0,0,0,0,0
4,-107,10.727,56,270221,31,-16,-8,545,0,0,0,0,0,9,375,-316,-172,0,0,0,0,0
4,-107,10.839,58,270333,31,-16,-8,545,0,0,0,0,0,9,375,-316,-172,0,0,0,0,0
4,-107,10.895,59,270389,31,-16,-8,545,0,0,0,0,0,9,375,-316,-172,0,0,0,0,0
4,-107,11.063,62,270557,31,-16,-8,545,0,0,0,0,0,9,375,-316,-172,0,0,0,0,0
4,-107,11.174,64,270669,31,-16,-8,545,0,0,0,0,0,9,375,-316,-172,0,0,0,0,0
4,-107,11.23,65,270725,31,-16,-8,545,0,0,0,0,0,9,375,-316,-172,0,0,0,0,0
4,-107,11.286,66,270781,31,-16,-8,545,0,0,0,0,0,9,375,-316,-172,0,0,0,0,0
4,-107,11.342,67,270837,31,-16,-8,545,0,0,0,0,0,9,375,-316,-172,0,0,0,0,0
4,-107,11.4,68,270893,31,-16,-8,545,0,0,0,0,0,9,375,-316,-172,0,0,0,0,0
4,-107,11.456,69,270949,31,-16,-8,545,0,0,0,0,0,9,375,-316,-172,0,0,0,0,0
4,-107,11.511,70,271006,31,-16,-8,545,0,0,0,0,0,9,375,-316,-172,0,0,0,0,0
4,-107,11.631,72,271117,31,-16,-8,545,0,0,0,0,0,9,375,-316,-172,0,0,0,0,0
4,-107,11.678,73,271169,31,-16,-8,545,0,0,0,0,0,9,375,-316,-172,0,0,0,0,0
4,-107,11.732,74,271226,31,-16,-8,545,0,0,0,0,0,9,375,-316,-172,0,0,0,0,0
4,-107,11.787,75,271281,31,-16,-8,545,0,0,0,0,0,9,375,-316,-172,0,0,0,0,0
4,-107,11.843,76,271337,31,-16,-8,545,0,0,0,0,0,9,375,-316,-172,0,0,0,0,0
4,-107,11.956,78,271449,31,-16,-8,545,0,0,0,0,0,9,375,-316,-172,0,0,0,0,0
4,-107,12.011,79,271505,31,-16,-8,545,0,0,0,0,0,9,375,-316,-172,0,0,0,0,0
4,-107,12.067,80,271561,31,-16,-8,545,0,0,0,0,0,9,375,-316,-172,0,0,0,0,0
4,-107,12.124,81,271617,31,-16,-8,545,0,0,0,0,0,9,375,-316,-172,0,0,0,0,0
4,-107,12.354,85,271841,31,-16,-8,545,0,0,0,0,0,9,375,-316,-172,0,0,0,0,0
4,-107,12.435,86,271897,31,-16,-8,545,0,0,0,0,0,9,375,-316,-172,0,0,0,0,0
4,-107,12.516,88,272009,31,-16,-8,545,0,0,0,0,0,9,375,-316,-172,0,0,0,0,0
4,-107,12.572,89,272065,31,-16,-8,545,0,0,0,0,0,9,375,-316,-172,0,0,0,0,0
4,-107,12.692,91,272177,31,-16,-8,545,0,0,0,0,0,9,375,-316,-172,0,0,0,0,0
4,-107,12.736,92,272229,31,-16,-8,545,0,0,0,0,0,9,375,-316,-172,0,0,0,0,0
4,-107,12.795,93,272285,31,-16,-8,545,0,0,0,0,0,9,375,-316,-172,0,0,0,0,0
4,-107,12.883,94,272341,31,-16,-8,545,0,0,0,0,0,9,375,-316,-172,0,0,0,0,0
4,-107,12.902,95,272397,31,-16,-8,545,0,0,0,0,0,9,375,-316,-172,0,0,0,0,0
4,-107,12.964,96,272453,31,-16,-8,545,0,0,0,0,0,9,375,-316,-172,0,0,0,0,0
4,-107,13.102,97,272509,31,-16,-8,545,0,0,0,0,0,9,375,-316,-172,0,0,0,0,0
4,-107,13.102,98,272565,31,-16,-8,545,0,0,0,0,0,9,375,-316,-172,0,0,0,0,0
4,-107,13.13,99,272621,31,-16,-8,545,0,0,0,0,0,9,375,-316,-172,0,0,0,0,0
4,-107,13.185,100,272677,31,-16,-8,545,0,0,0,0,0,9,375,-316,-172,0,0,0,0,0
4,-107,13.268,101,272734,31,-16,-8,545,0,0,0,0,0,9,375,-316,-172,0,0,0,0,0
4,-107,13.298,102,272789,31,-16,-8,545,0,0,0,0,0,9,375,-316,-172,0,0,0,0,0
4,-107,13.355,103,272845,31,-16,-8,545,0,0,0,0,0,9,375,-316,-172,0,0,0,0,0
4,-107,13.587,107,273069,31,-16,-8,545,0,0,0,0,0,9,375,-316,-172,0,0,0,0,0
4,-107,13.632,108,273125,31,-16,-8,545,0,0,0,0,0,9,375,-316,-172,0,0,0,0,0
4,-107,13.688,109,273181,31,-16,-8,545,0,0,0,0,0,9,375,-316,-172,0,0,0,0,0
4,-107,13.746,110,273237,31,-16,-8,545,0,0,0,0,0,9,375,-316,-172,0,0,0,0,0
4,-107,13.796,111,273289,31,-16,-8,545,0,0,0,0,0,9,375,-316,-172,0,0,0,0,0
4,-107,13.851,112,273345,31,-16,-8,545,0,0,0,0,0,9,375,-316,-172,0,0,0,0,0
4,-107,13.91,113,273402,31,-16,-8,545,0,0,0,0,0,9,375,-316,-172,0,0,0,0,0
4,-107,13.963,114,273457,31,-16,-8,545,0,0,0,0,0,9,375,-316,-172,0,0,0,0,0
5,180,-0.017,31,290229,31,-16,-8,545,0,0,0,0,0,9,375,-316,-172,0,0,0,0,0
5,180,0.035,32,290286,31,-16,-8,545,0,0,0,0,0,9,375,-316,-172,0,0,0,0,0
5,180,0.233,35,290481,31,-18,-8,894,0,0,0,-56,0,13,383,-386,-150,-1400,1500,0,0,0
5,180,0.305,36,290553,31,-20,-9,1200,0,0,0,-75,36,14,386,-450,-133,-1900,1900,0,0,0
5,180,0.383,37,290625,31,-21,-9,1822,0,0,0,-121,102,14,389,-550,-69,-2300,2300,0,0,0
5,180,0.448,38,290697,31,-22,-10,2753,0,0,0,-164,134,14,392,-691,36,-2600,2700,0,0,0
5,180,0.521,39,290769,31,-23,-10,3901,0,0,0,-190,164,14,395,-858,172,-2700,2700,0,0,0
5,180,0.591,40,290841,31,-24,-11,5150,0,0,0,-190,170,14,398,-1033,327,-2600,2600,0,0,0
5,180,0.664,41,290913,31,-24,-11,6415,0,0,0,-183,164,14,401,-1211,483,-2500,2600,0,0,0
5,180,0.807,43,291057,31,-26,-12,8877,0,0,0,-183,184,14,407,-1550,794,-2100,2500,0,0,0
5,180,0.953,45,291202,31,-26,-11,11062,0,0,0,-147,164,14,413,-1833,1088,-2000,2500,0,0,0
5,180,1.179,48,291418,31,-28,-10,14311,0,0,0,-154,174,14,422,-2238,1541,-2000,2500,0,0,0
5,180,1.249,49,291490,31,-28,-10,15375,0,0,0,-138,164,14,425,-2372,1688,-1900,2500,0,0,0
5,180,1.313,50,291562,31,-29,-9,16530,0,0,0,-154,170,14,428,-2513,1852,-1900,2400,0,0,0
5,180,1.384,51,291633,31,28,-63,10024,0,0,0,-147,-6393,14,431,-2647,0,-900,1600,0,0,0
5,180,1.593,52,291842,31,-38,-16,20067,0,0,0,0,0,14,443,-2936,2363,0,0,0,0,0
5,180,1.716,54,291966,31,-38,-16,20067,0,0,0,0,0,14,448,-2936,2363,0,0,0,0,0
5,180,1.788,55,292038,31,-38,-16,20067,0,0,0,0,0,14,451,-2936,2363,0,0,0,0,0
5,180,1.93,57,292182,31,-38,-16,20067,0,0,0,0,0,14,457,-2936,2363,0,0,0,0,0
5,180,2.003,58,292254,31,-38,-16,20067,0,0,0,0,0,14,460,-2936,2363,0,0,0,0,0
5,180,2.074,59,292326,31,-38,-16,20067,0,0,0,0,0,14,463,-2936,2363,0,0,0,0,0
5,180,2.151,60,292398,31,-38,-16,20067,0,0,0,0,0,14,466,-2936,2363,0,0,0,0,0
5,180,2.221,61,292470,31,-38,-16,20067,0,0,0,0,0,14,469,-2936,2363,0,0,0,0,0
5,180,2.295,62,292542,31,-38,-16,20067,0,0,0,0,0,14,472,-2936,2363,0,0,0,0,0
5,180,2.363,63,292614,31,-38,-16,20067,0,0,0,0,0,14,475,-2936,2363,0,0,0,0,0
5,180,2.434,64,292685,31,-38,-16,20067,0,0,0,0,0,14,478,-2936,2363,0,0,0,0,0
5,180,2.512,65,292758,31,-38,-16,20067,0,0,0,0,0,14,481,-2936,2363,0,0,0,0,0
5,180,2.578,66,292830,31,-38,-16,20067,0,0,0,0,0,14,484,-2936,2363,0,0,0,0,0
5,180,2.656,67,292902,31,-38,-16,20067,0,0,0,0,0,14,487,-2936,2363,0,0,0,0,0
5,180,2.795,69,293046,31,-38,-16,20067,0,0,0,0,0,14,493,-2936,2363,0,0,0,0,0
5,180,2.868,70,293118,31,-38,-16,20067,0,0,0,0,0,14,496,-2936,2363,0,0,0,0,0
5,180,2.942,71,293190,31,-38,-16,20067,0,0,0,0,0,14,499,-2936,2363,0,0,0,0,0
5,180,3.083,73,293334,31,-38,-16,20067,0,0,0,0,0,14,505,-2936,2363,0,0,0,0,0
5,180,3.157,74,293406,31,-38,-16,20067,0,0,0,0,0,14,508,-2936,2363,0,0,0,0,0
5,180,3.213,75,293455,31,-38,-16,20067,0,0,0,0,0,14,510,-2936,2363,0,0,0,0,0
5,180,3.255,76,293505,31,-38,-16,20067,0,0,0,0,0,14,510,-2936,2363,0,0,0,0,0
5,180,3.31,77,293561,31,-38,-16,20067,0,0,0,0,0,14,510,-2936,2363,0,0,0,0,0
5,180,3.368,78,293617,31,-38,-16,20067,0,0,0,0,0,14,510,-2936,2363,0,0,0,0,0
5,180,3.422,79,293674,31,-38,-16,20067,0,0,0,0,0,14,510,-2936,2363,0,0,0,0,0
5,180,3.481,80,293730,31,-38,-16,20067,0,0,0,0,0,14,510,-2936,2363,0,0,0,0,0
5,180,3.537,81,293785,31,-38,-16,20067,0,0,0,0,0,14,510,-2936,2363,0,0,0,0,0
5,180,3.591,82,293841,31,-38,-16,20067,0,0,0,0,0,14,510,-2936,2363,0,0,0,0,0
5,180,3.703,84,293953,31,-38,-16,20067,0,0,0,0,0,14,510,-2936,2363,0,0,0,0,0
5,180,3.759,85,294009,31,-38,-16,20067,0,0,0,0,0,14,510,-2936,2363,0,0,0,0,0
5,180,3.878,87,294122,31,-38,-16,20067,0,0,0,0,0,14,510,-2936,2363,0,0,0,0,0
5,180,3.924,88,294173,31,-38,-16,20067,0,0,0,0,0,14,510,-2936,2363,0,0,0,0,0
5,180,3.98,89,294229,31,-38,-16,20067,0,0,0,0,0,14,510,-2936,2363,0,0,0,0,0
5,180,4.034,90,294285,31,-38,-16,20067,0,0,0,0,0,14,510,-2936,2363,0,0,0,0,0
5,180,4.09,91,294341,31,-38,-16,20067,0,0,0,0,0,14,510,-2936,2363,0,0,0,0,0
5,180,4.148,92,294397,31,-38,-16,20067,0,0,0,0,0,14,510,-2936,2363,0,0,0,0,0
5,180,4.205,93,294454,31,-38,-16,20067,0,0,0,0,0,14,510,-2936,2363,0,0,0,0,0
5,180,4.427,97,294678,31,-38,-16,20067,0,0,0,0,0,14,510,-2936,2363,0,0,0,0,0
5,180,4.483,98,294733,31,-38,-16,20067,0,0,0,0,0,14,510,-2936,2363,0,0,0,0,0
5,180,4.6,100,294845,31,-38,-16,20067,0,0,0,0,0,14,510,-2936,2363,0,0,0,0,0
5,180,4.651,101,294902,31,-38,-16,20067,0,0,0,0,0,14,510,-2936,2363,0,0,0,0,0
5,180,4.707,102,294958,31,-38,-16,20067,0,0,0,0,0,14,510,-2936,2363,0,0,0,0,0
5,180,4.763,103,295014,31,-38,-16,20067,0,0,0,0,0,14,510,-2936,2363,0,0,0,0,0
5,180,4.824,104,295069,31,-38,-16,20067,0,0,0,0,0,14,510,-2936,2363,0,0,0,0,0
5,180,4.933,106,295181,31,-38,-16,20067,0,0,0,0,0,14,510,-2936,2363,0,0,0,0,0
5,180,4.984,107,295233,31,-38,-16,20067,0,0,0,0,0,14,510,-2936,2363,0,0,0,0,0
5,180,5.039,108,295290,31,-38,-16,20067,0,0,0,0,0,14,510,-2936,2363,0,0,0,0,0
5,180,5.095,109,295346,31,-38,-16,20067,0,0,0,0,0,14,510,-2936,2363,0,0,0,0,0
5,180,5.151,110,295402,31,-38,-16,20067,0,0,0,0,0,14,510,-2936,2363,0,0,0,0,0
5,180,5.207,111,295458,31,-38,-16,20067,0,0,0,0,0,14,510,-2936,2363,0,0,0,0,0
5,180,5.264,112,295513,31,-38,-16,20067,0,0,0,0,0,14,510,-2936,2363,0,0,0,0,0
5,180,5.321,113,295569,31,-38,-16,20067,0,0,0,0,0,14,510,-2936,2363,0,0,0,0,0
5,180,5.376,114,295625,31,-38,-16,20067,0,0,0,0,0,14,510,-2936,2363,0,0,0,0,0
5,180,5.434,115,295681,31,-38,-16,20067,0,0,0,0,0,14,510,-2936,2363,0,0,0,0,0
5,180,5.599,118,295849,31,-38,-16,20067,0,0,0,0,0,14,510,-2936,2363,0,0,0,0,0
5,180,5.654,119,295905,31,-38,-16,20067,0,0,0,0,0,14,510,-2936,2363,0,0,0,0,0
5,180,5.711,120,295961,31,-38,-16,20067,0,0,0,0,0,14,510,-2936,2363,0,0,0,0,0
5,180,5.766,121,296017,31,-38,-16,20067,0,0,0,0,0,14,510,-2936,2363,0,0,0,0,0
5,180,5.823,122,296073,31,-38,-16,20067,0,0,0,0,0,14,510,-2936,2363,0,0,0,0,0
5,180,5.882,123,296129,31,-38,-16,20067,0,0,0,0,0,14,510,-2936,2363,0,0,0,0,0
5,180,5.935,124,296186,31,-38,-16,20067,0,0,0,0,0,14,510,-2936,2363,0,0,0,0,0
5,180,6.002,125,296241,31,-38,-16,20067,0,0,0,0,0,14,510,-2936,2363,0,0,0,0,0
5,180,6.044,126,296293,31,-38,-16,20067,0,0,0,0,0,14,510,-2936,2363,0,0,0,0,0
5,180,6.098,127,296349,31,-38,-16,20067,0,0,0,0,0,14,510,-2936,2363,0,0,0,0,0
5,180,6.155,0,296405,31,-38,-16,20067,0,0,0,0,0,14,510,-2936,2363,0,0,0,0,0
5,180,6.266,2,296517,31,-38,-16,20067,0,0,0,0,0,14,510,-2936,2363,0,0,0,0,0
5,180,6.324,3,296574,31,-38,-16,20067,0,0,0,0,0,14,510,-2936,2363,0,0,0,0,0
5,180,6.379,4,296629,31,-38,-16,20067,0,0,0,0,0,14,510,-2936,2363,0,0,0,0,0
5,180,6.435,5,296685,31,-38,-16,20067,0,0,0,0,0,14,510,-2936,2363,0,0,0,0,0
5,180,6.493,6,296741,31,-38,-16,20067,0,0,0,0,0,14,510,-2936,2363,0,0,0,0,0
5,180,6.603,8,296853,31,-38,-16,20067,0,0,0,0,0,14,510,-2936,2363,0,0,0,0,0
5,180,6.659,9,296909,31,-38,-16,20067,0,0,0,0,0,14,510,-2936,2363,0,0,0,0,0
5,180,6.828,12,297078,31,-38,-16,20067,0,0,0,0,0,14,510,-2936,2363,0,0,0,0,0
5,180,6.886,13,297133,31,-38,-16,20067,0,0,0,0,0,14,510,-2936,2363,0,0,0,0,0
5,180,6.939,14,297189,31,-38,-16,20067,0,0,0,0,0,14,510,-2936,2363,0,0,0,0,0
5,180,6.997,15,297245,31,-38,-16,20067,0,0,0,0,0,14,510,-2936,2363,0,0,0,0,0
5,180,7.052,16,297302,31,-38,-16,20067,0,0,0,0,0,14,510,-2936,2363,0,0,0,0,0
5,180,7.103,17,297353,31,-38,-16,20067,0,0,0,0,0,14,510,-2936,2363,0,0,0,0,0
5,180,7.158,18,297410,31,-38,-16,20067,0,0,0,0,0,14,510,-2936,2363,0,0,0,0,0
5,180,7.215,19,297466,31,-38,-16,20067,0,0,0,0,0,14,510,-2936,2363,0,0,0,0,0
5,180,7.271,20,297521,31,-38,-16,20067,0,0,0,0,0,14,510,-2936,2363,0,0,0,0,0
5,180,7.326,21,297577,31,-38,-16,20067,0,0,0,0,0,14,510,-2936,2363,0,0,0,0,0
5,180,7.383,22,297633,31,-38,-16,20067,0,0,0,0,0,14,510,-2936,2363,0,0,0,0,0
5,180,7.497,24,297746,31,-38,-16,20067,0,0,0,0,0,14,510,-2936,2363,0,0,0,0,0
5,180,7.552,25,297802,31,-38,-16,20067,0,0,0,0,0,14,510,-2936,2363,0,0,0,0,0
5,180,7.607,26,297858,31,-38,-16,20067,0,0,0,0,0,14,510,-2936,2363,0,0,0,0,0
5,180,7.718,28,297969,31,-38,-16,20067,0,0,0,0,0,14,510,-2936,2363,0,0,0,0,0
5,180,7.831,30,298081,31,-38,-16,20067,0,0,0,0,0,14,510,-2936,2363,0,0,0,0,0
5,180,7.887,31,298137,31,-38,-16,20067,0,0,0,0,0,14,510,-2936,2363,0,0,0,0,0
5,180,7.943,32,298193,31,-38,-16,20067,0,0,0,0,0,14,510,-2936,2363,0,0,0,0,0
5,180,7.998,33,298249,31,-38,-16,20067,0,0,0,0,0,14,510,-2936,2363,0,0,0,0,0
5,180,8.119,35,298362,31,-38,-16,20067,0,0,0,0,0,14,510,-2936,2363,0,0,0,0,0
5,180,8.163,36,298414,31,-38,-16,20067,0,0,0,0,0,14,510,-2936,2363,0,0,0,0,0
5,180,8.219,37,298470,31,-38,-16,20067,0,0,0,0,0,14,510,-2936,2363,0,0,0,0,0
5,180,8.275,38,298526,31,-38,-16,20067,0,0,0,0,0,14,510,-2936,2363,0,0,0,0,0
5,180,8.332,39,298581,31,-38,-16,20067,0,0,0,0,0,14,510,-2936,2363,0,0,0,0,0
5,180,8.442,41,298694,31,-38,-16,20067,0,0,0,0,0,14,510,-2936,2363,0,0,0,0,0
5,180,8.5,42,298749,31,-38,-16,20067,0,0,0,0,0,14,510,-2936,2363,0,0,0,0,0
5,180,8.554,43,298805,31,-38,-16,20067,0,0,0,0,0,14,510,-2936,2363,0,0,0,0,0
5,180,8.611,44,298861,31,-38,-16,20067,0,0,0,0,0,14,510,-2936,2363,0,0,0,0,0
5,180,8.722,46,298973,31,-38,-16,20067,0,0,0,0,0,14,510,-2936,2363,0,0,0,0,0
5,180,8.778,47,299029,31,-38,-16,20067,0,0,0,0,0,14,510,-2936,2363,0,0,0,0,0
5,180,8.834,48,299085,31,-38,-16,20067,0,0,0,0,0,14,510,-2936,2363,0,0,0,0,0
5,180,8.89,49,299142,31,-38,-16,20067,0,0,0,0,0,14,510,-2936,2363,0,0,0,0,0
5,180,8.946,50,299198,31,-38,-16,20067,0,0,0,0,0,14,510,-2936,2363,0,0,0,0,0
5,180,9.002,51,299254,31,-38,-16,20067,0,0,0,0,0,14,510,-2936,2363,0,0,0,0,0
5,180,9.058,52,299309,31,-38,-16,20067,0,0,0,0,0,14,510,-2936,2363,0,0,0,0,0
5,180,9.114,53,299365,31,-38,-16,20067,0,0,0,0,0,14,510,-2936,2363,0,0,0,0,0
5,180,9.224,55,299473,31,-38,-16,20067,0,0,0,0,0,14,510,-2936,2363,0,0,0,0,0
5,180,9.394,58,299641,31,-38,-16,20067,0,0,0,0,0,14,510,-2936,2363,0,0,0,0,0
5,180,9.449,59,299697,31,-38,-16,20067,0,0,0,0,0,14,510,-2936,2363,0,0,0,0,0
5,180,9.503,60,299754,31,-38,-16,20067,0,0,0,0,0,14,510,-2936,2363,0,0,0,0,0
5,180,9.558,61,299809,31,-38,-16,20067,0,0,0,0,0,14,510,-2936,2363,0,0,0,0,0
5,180,9.617,62,299865,31,-38,-16,20067,0,0,0,0,0,14,510,-2936,2363,0,0,0,0,0
5,180,9.675,63,299921,31,-38,-16,20067,0,0,0,0,0,14,510,-2936,2363,0,0,0,0,0
5,180,9.728,64,299978,31,-38,-16,20067,0,0,0,0,0,14,510,-2936,2363,0,0,0,0,0
5,180,9.784,65,300034,31,-38,-16,20067,0,0,0,0,0,14,510,-2936,2363,0,0,0,0,0
5,180,9.839,66,300089,31,-38,-16,20067,0,0,0,0,0,14,510,-2936,2363,0,0,0,0,0
5,180,9.95,68,300202,31,-38,-16,20067,0,0,0,0,0,14,510,-2936,2363,0,0,0,0,0
5,180,10.062,70,300313,31,-38,-16,20067,0,0,0,0,0,14,510,-2936,2363,0,0,0,0,0
5,180,10.125,71,300369,31,-38,-16,20067,0,0,0,0,0,14,510,-2936,2363,0,0,0,0,0
5,180,10.282,74,300533,31,-38,-16,20067,0,0,0,0,0,14,510,-2936,2363,0,0,0,0,0
5,180,10.339,75,300589,31,-38,-16,20067,0,0,0,0,0,14,510,-2936,2363,0,0,0,0,0
5,180,10.395,76,300645,31,-38,-16,20067,0,0,0,0,0,14,510,-2936,2363,0,0,0,0,0
5,180,10.454,77,300702,31,-38,-16,20067,0,0,0,0,0,14,510,-2936,2363,0,0,0,0,0
5,180,10.622,80,300870,31,-38,-16,20067,0,0,0,0,0,14,510,-2936,2363,0,0,0,0,0
5,180,10.748,82,300981,31,-38,-16,20067,0,0,0,0,0,14,510,-2936,2363,0,0,0,0,0
5,180,10.792,83,301037,31,-38,-16,20067,0,0,0,0,0,14,510,-2936,2363,0,0,0,0,0
5,180,10.842,84,301093,31,-38,-16,20067,0,0,0,0,0,14,510,-2936,2363,0,0,0,0,0
5,180,10.9,85,301149,31,-38,-16,20067,0,0,0,0,0,14,510,-2936,2363,0,0,0,0,0
5,180,10.955,86,301206,31,-38,-16,20067,0,0,0,0,0,14,510,-2936,2363,0,0,0,0,0
5,180,11.012,87,301261,31,-38,-16,20067,0,0,0,0,0,14,510,-2936,2363,0,0,0,0,0
5,180,11.066,88,301318,31,-38,-16,20067,0,0,0,0,0,14,510,-2936,2363,0,0,0,0,0
5,180,11.179,90,301430,31,-38,-16,20067,0,0,0,0,0,14,510,-2936,2363,0,0,0,0,0
5,180,11.299,92,301542,31,-38,-16,20067,0,0,0,0,0,14,510,-2936,2363,0,0,0,0,0
5,180,11.399,94,301649,31,-38,-16,20067,0,0,0,0,0,14,510,-2936,2363,0,0,0,0,0
5,180,11.514,96,301762,31,-38,-16,20067,0,0,0,0,0,14,510,-2936,2363,0,0,0,0,0
5,180,11.622,98,301873,31,-38,-16,20067,0,0,0,0,0,14,510,-2936,2363,0,0,0,0,0
5,180,11.679,99,301929,31,-38,-16,20067,0,0,0,0,0,14,510,-2936,2363,0,0,0,0,0
5,180,11.847,102,302098,31,-38,-16,20067,0,0,0,0,0,14,510,-2936,2363,0,0,0,0,0
5,180,12.739,118,302990,31,-38,-16,20067,0,0,0,0,0,14,510,-2936,2363,0,0,0,0,0
5,180,12.908,121,303157,31,-38,-16,20067,0,0,0,0,0,14,510,-2936,2363,0,0,0,0,0
5,180,13.02,123,303269,31,-38,-16,20067,0,0,0,0,0,14,510,-2936,2363,0,0,0,0,0
5,180,13.187,126,303438,31,-38,-16,20067,0,0,0,0,0,14,510,-2936,2363,0,0,0,0,0
5,180,13.249,127,303493,31,-38,-16,20067,0,0,0,0,0,14,510,-2936,2363,0,0,0,0,0
5,180,13.355,1,303605,31,-38,-16,20067,0,0,0,0,0,14,510,-2936,2363,0,0,0,0,0
5,180,13.42,2,303661,31,-38,-16,20067,0,0,0,0,0,14,510,-2936,2363,0,0,0,0,0
5,180,13.462,3,303713,31,-38,-16,20067,0,0,0,0,0,14,510,-2936,2363,0,0,0,0,0
5,180,13.518,4,303770,31,-38,-16,20067,0,0,0,0,0,14,510,-2936,2363,0,0,0,0,0
5,180,13.573,5,303826,31,-38,-16,20067,0,0,0,0,0,14,510,-2936,2363,0,0,0,0,0
5,180,13.63,6,303882,31,-38,-16,20067,0,0,0,0,0,14,510,-2936,2363,0,0,0,0,0
5,180,13.742,8,303993,31,-38,-16,20067,0,0,0,0,0,14,510,-2936,2363,0,0,0,0,0
5,180,13.798,9,304049,31,-38,-16,20067,0,0,0,0,0,14,510,-2936,2363,0,0,0,0,0
5,180,13.967,12,304218,31,-38,-16,20067,0,0,0,0,0,14,510,-2936,2363,0,0,0,0,0
5,180,14.022,13,304273,31,-38,-16,20067,0,0,0,0,0,14,510,-2936,2363,0,0,0,0,0
5,180,14.078,14,304329,31,-38,-16,20067,0,0,0,0,0,14,510,-2936,2363,0,0,0,0,0
5,180,14.133,15,304385,31,-38,-16,20067,0,0,0,0,0,14,510,-2936,2363,0,0,0,0,0
5,180,14.479,21,304722,31,-38,-16,20067,0,0,0,0,0,14,510,-2936,2363,0,0,0,0,0
5,180,14.523,22,304773,31,-38,-16,20067,0,0,0,0,0,14,510,-2936,2363,0,0,0,0,0
5,180,14.578,23,304829,31,-38,-16,20067,0,0,0,0,0,14,510,-2936,2363,0,0,0,0,0
5,180,14.69,25,304941,31,-38,-16,20067,0,0,0,0,0,14,510,-2936,2363,0,0,0,0,0
5,180,14.745,26,304997,31,-38,-16,20067,0,0,0,0,0,14,510,-2936,2363,0,0,0,0,0
5,180,14.801,27,305054,31,-38,-16,20067,0,0,0,0,0,14,510,-2936,2363,0,0,0,0,0
5,180,14.858,28,305110,31,-38,-16,20067,0,0,0,0,0,14,510,-2936,2363,0,0,0,0,0
5,180,14.914,29,305165,31,-38,-16,20067,0,0,0,0,0,14,510,-2936,2363,0,0,0,0,0
5,180,14.969,30,305221,31,-38,-16,20067,0,0,0,0,0,14,510,-2936,2363,0,0,0,0,0
5,180,15.085,32,305333,31,-38,-16,20067,0,0,0,0,0,14,510,-2936,2363,0,0,0,0,0
5,180,15.196,34,305446,31,-38,-16,20067,0,0,0,0,0,14,510,-2936,2363,0,0,0,0,0
5,180,15.362,37,305613,31,-38,-16,20067,0,0,0,0,0,14,510,-2936,2363,0,0,0,0,0
5,180,15.475,39,305725,31,-38,-16,20067,0,0,0,0,0,14,510,-2936,2363,0,0,0,0,0
5,180,15.585,41,305834,31,-38,-16,20067,0,0,0,0,0,14,510,-2936,2363,0,0,0,0,0
5,180,15.698,43,305945,31,-38,-16,20067,0,0,0,0,0,14,510,-2936,2363,0,0,0,0,0
5,180,15.818,45,306057,31,-38,-16,20067,0,0,0,0,0,14,510,-2936,2363,0,0,0,0,0
5,180,15.862,46,306114,31,-38,-16,20067,0,0,0,0,0,14,510,-2936,2363,0,0,0,0,0
5,180,15.974,48,306225,31,-38,-16,20067,0,0,0,0,0,14,510,-2936,2363,0,0,0,0,0
5,180,16.031,49,306282,31,-38,-16,20067,0,0,0,0,0,14,510,-2936,2363,0,0,0,0,0
5,180,16.089,50,306338,31,-38,-16,20067,0,0,0,0,0,14,510,-2936,2363,0,0,0,0,0
5,180,16.2,52,306449,31,-38,-16,20067,0,0,0,0,0,14,510,-2936,2363,0,0,0,0,0
5,180,16.311,54,306561,31,-38,-16,20067,0,0,0,0,0,14,510,-2936,2363,0,0,0,0,0
5,180,16.424,56,306673,31,-38,-16,20067,0,0,0,0,0,14,510,-2936,2363,0,0,0,0,0
5,180,16.534,58,306786,31,-38,-16,20067,0,0,0,0,0,14,510,-2936,2363,0,0,0,0,0
5,180,16.6,59,306841,31,-38,-16,20067,0,0,0,0,0,14,510,-2936,2363,0,0,0,0,0
5,180,16.642,60,306893,31,-38,-16,20067,0,0,0,0,0,14,510,-2936,2363,0,0,0,0,0
5,180,16.698,61,306950,31,-38,-16,20067,0,0,0,0,0,14,510,-2936,2363,0,0,0,0,0
5,180,16.81,63,307061,31,-38,-16,20067,0,0,0,0,0,14,510,-2936,2363,0,0,0,0,0
5,180,16.866,64,307118,31,-38,-16,20067,0,0,0,0,0,14,510,-2936,2363,0,0,0,0,0
5,180,16.924,65,307174,31,-38,-16,20067,0,0,0,0,0,14,510,-2936,2363,0,0,0,0,0
5,180,16.979,66,307229,31,-38,-16,20067,0,0,0,0,0,14,510,-2936,2363,0,0,0,0,0
5,180,17.034,67,307285,31,-38,-16,20067,0,0,0,0,0,14,510,-2936,2363,0,0,0,0,0
5,180,17.102,68,307341,31,-38,-16,20067,0,0,0,0,0,14,510,-2936,2363,0,0,0,0,0
5,180,17.15,69,307398,31,-38,-16,20067,0,0,0,0,0,14,510,-2936,2363,0,0,0,0,0
5,180,17.202,70,307453,31,-38,-16,20067,0,0,0,0,0,14,510,-2936,2363,0,0,0,0,0
5,180,17.26,71,307509,31,-38,-16,20067,0,0,0,0,0,14,510,-2936,2363,0,0,0,0,0
5,180,17.314,72,307566,31,-38,-16,20067,0,0,0,0,0,14,510,-2936,2363,0,0,0,0,0
5,180,17.426,74,307678,31,-38,-16,20067,0,0,0,0,0,14,510,-2936,2363,0,0,0,0,0
5,180,17.482,75,307733,31,-38,-16,20067,0,0,0,0,0,14,510,-2936,2363,0,0,0,0,0
5,180,17.539,76,307789,31,-38,-16,20067,0,0,0,0,0,14,510,-2936,2363,0,0,0,0,0
5,180,17.593,77,307845,31,-38,-16,20067,0,0,0,0,0,14,510,-2936,2363,0,0,0,0,0
5,180,17.659,78,307902,31,-38,-16,20067,0,0,0,0,0,14,510,-2936,2363,0,0,0,0,0
5,180,17.704,79,307954,31,-38,-16,20067,0,0,0,0,0,14,510,-2936,2363,0,0,0,0,0
5,180,17.757,80,308010,31,-38,-16,20067,0,0,0,0,0,14,510,-2936,2363,0,0,0,0,0
5,180,17.813,81,308065,31,-38,-16,20067,0,0,0,0,0,14,510,-2936,2363,0,0,0,0,0
5,180,17.871,82,308121,31,-38,-16,20067,0,0,0,0,0,14,510,-2936,2363,0,0,0,0,0
5,180,17.926,83,308177,31,-38,-16,20067,0,0,0,0,0,14,510,-2936,2363,0,0,0,0,0
5,180,18.095,86,308346,31,-38,-16,20067,0,0,0,0,0,14,510,-2936,2363,0,0,0,0,0
5,180,18.266,89,308513,31,-38,-16,20067,0,0,0,0,0,14,510,-2936,2363,0,0,0,0,0
5,180,18.379,91,308625,31,-38,-16,20067,0,0,0,0,0,14,510,-2936,2363,0,0,0,0,0
5,180,18.447,92,308681,31,-38,-16,20067,0,0,0,0,0,14,510,-2936,2363,0,0,0,0,0
5,180,18.486,93,308738,31,-38,-16,20067,0,0,0,0,0,14,510,-2936,2363,0,0,0,0,0
5,180,18.544,94,308793,31,-38,-16,20067,0,0,0,0,0,14,510,-2936,2363,0,0,0,0,0
5,180,18.656,96,308906,31,-38,-16,20067,0,0,0,0,0,14,510,-2936,2363,0,0,0,0,0
5,180,18.722,97,308961,31,-38,-16,20067,0,0,0,0,0,14,510,-2936,2363,0,0,0,0,0
5,180,18.766,98,309013,31,-38,-16,20067,0,0,0,0,0,14,510,-2936,2363,0,0,0,0,0
5,180,18.819,99,309070,31,-38,-16,20067,0,0,0,0,0,14,510,-2936,2363,0,0,0,0,0
5,180,18.873,100,309125,31,-38,-16,20067,0,0,0,0,0,14,510,-2936,2363,0,0,0,0,0
5,180,18.932,101,309181,31,-38,-16,20067,0,0,0,0,0,14,510,-2936,2363,0,0,0,0,0
5,180,19.044,103,309294,31,-38,-16,20067,0,0,0,0,0,14,510,-2936,2363,0,0,0,0,0
5,180,19.099,104,309349,31,-38,-16,20067,0,0,0,0,0,14,510,-2936,2363,0,0,0,0,0
5,180,19.158,105,309405,31,-38,-16,20067,0,0,0,0,0,14,510,-2936,2363,0,0,0,0,0
5,180,19.323,108,309573,31,-38,-16,20067,0,0,0,0,0,14,510,-2936,2363,0,0,0,0,0
5,180,19.437,110,309686,31,-38,-16,20067,0,0,0,0,0,14,510,-2936,2363,0,0,0,0,0
5,180,19.494,111,309742,31,-38,-16,20067,0,0,0,0,0,14,510,-2936,2363,0,0,0,0,0
5,180,19.548,112,309797,31,-38,-16,20067,0,0,0,0,0,14,510,-2936,2363,0,0,0,0,0
5,180,19.604,113,309853,31,-38,-16,20067,0,0,0,0,0,14,510,-2936,2363,0,0,0,0,0
5,180,19.66,114,309909,31,-38,-16,20067,0,0,0,0,0,14,510,-2936,2363,0,0,0,0,0
5,180,19.717,115,309966,31,-38,-16,20067,0,0,0,0,0,14,510,-2936,2363,0,0,0,0,0
5,180,19.782,116,310022,31,-38,-16,20067,0,0,0,0,0,14,510,-2936,2363,0,0,0,0,0
5,180,19.992,120,310241,31,-38,-16,20067,0,0,0,0,0,14,510,-2936,2363,0,0,0,0,0
5,180,20.049,121,310297,31,-38,-16,20067,0,0,0,0,0,14,510,-2936,2363,0,0,0,0,0
5,180,20.103,122,310354,31,-38,-16,20067,0,0,0,0,0,14,510,-2936,2363,0,0,0,0,0
5,180,20.159,123,310409,31,-38,-16,20067,0,0,0,0,0,14,510,-2936,2363,0,0,0,0,0
5,180,20.216,124,310465,31,-38,-16,20067,0,0,0,0,0,14,510,-2936,2363,0,0,0,0,0
5,180,20.27,125,310522,31,-38,-16,20067,0,0,0,0,0,14,510,-2936,2363,0,0,0,0,0
5,180,20.327,126,310578,31,-38,-16,20067,0,0,0,0,0,14,510,-2936,2363,0,0,0,0,0
5,180,20.382,127,310633,31,-38,-16,20067,0,0,0,0,0,14,510,-2936,2363,0,0,0,0,0
5,180,20.551,2,310802,31,-38,-16,20067,0,0,0,0,0,14,510,-2936,2363,0,0,0,0,0
5,180,20.661,4,310913,31,-38,-16,20067,0,0,0,0,0,14,510,-2936,2363,0,0,0,0,0
5,180,20.72,5,310970,31,-38,-16,20067,0,0,0,0,0,14,510,-2936,2363,0,0,0,0,0
5,180,20.783,6,311026,31,-38,-16,20067,0,0,0,0,0,14,510,-2936,2363,0,0,0,0,0
5,180,20.84,7,311081,31,-38,-16,20067,0,0,0,0,0,14,510,-2936,2363,0,0,0,0,0
5,180,20.882,8,311133,31,-38,-16,20067,0,0,0,0,0,14,510,-2936,2363,0,0,0,0,0
5,180,20.94,9,311189,31,-38,-16,20067,0,0,0,0,0,14,510,-2936,2363,0,0,0,0,0
5,180,20.993,10,311245,31,-38,-16,20067,0,0,0,0,0,14,510,-2936,2363,0,0,0,0,0
5,180,21.051,11,311301,31,-38,-16,20067,0,0,0,0,0,14,510,-2936,2363,0,0,0,0,0
5,180,21.116,12,311358,31,-38,-16,20067,0,0,0,0,0,14,510,-2936,2363,0,0,0,0,0
5,180,21.163,13,311414,31,-38,-16,20067,0,0,0,0,0,14,510,-2936,2363,0,0,0,0,0
5,180,21.217,14,311469,31,-38,-16,20067,0,0,0,0,0,14,510,-2936,2363,0,0,0,0,0
5,180,21.278,15,311526,31,-38,-16,20067,0,0,0,0,0,14,510,-2936,2363,0,0,0,0,0
5,180,21.334,16,311581,31,-38,-16,20067,0,0,0,0,0,14,510,-2936,2363,0,0,0,0,0
5,180,21.39,17,311637,31,-38,-16,20067,0,0,0,0,0,14,510,-2936,2363,0,0,0,0,0
5,180,21.442,18,311693,31,-38,-16,20067,0,0,0,0,0,14,510,-2936,2363,0,0,0,0,0
5,180,21.498,19,311749,31,-38,-16,20067,0,0,0,0,0,14,510,-2936,2363,0,0,0,0,0
5,180,21.555,20,311806,31,-38,-16,20067,0,0,0,0,0,14,510,-2936,2363,0,0,0,0,0
5,180,21.613,21,311862,31,-38,-16,20067,0,0,0,0,0,14,510,-2936,2363,0,0,0,0,0
5,180,21.666,22,311917,31,-38,-16,20067,0,0,0,0,0,14,510,-2936,2363,0,0,0,0,0
5,180,21.781,24,312029,31,-38,-16,20067,0,0,0,0,0,14,510,-2936,2363,0,0,0,0,0
5,180,21.834,25,312085,31,-38,-16,20067,0,0,0,0,0,14,510,-2936,2363,0,0,0,0,0
5,180,21.904,26,312141,31,-38,-16,20067,0,0,0,0,0,14,510,-2936,2363,0,0,0,0,0
5,180,21.943,27,312194,31,-38,-16,20067,0,0,0,0,0,14,510,-2936,2363,0,0,0,0,0
5,180,21.999,28,312250,31,-38,-16,20067,0,0,0,0,0,14,510,-2936,2363,0,0,0,0,0
5,180,22.054,29,312306,31,-38,-16,20067,0,0,0,0,0,14,510,-2936,2363,0,0,0,0,0
5,180,22.122,30,312361,31,-38,-16,20067,0,0,0,0,0,14,510,-2936,2363,0,0,0,0,0
5,180,22.182,31,312417,31,-38,-16,20067,0,0,0,0,0,14,510,-2936,2363,0,0,0,0,0
6,-180,0.007,122,338917,31,-38,-16,20067,0,0,0,0,0,14,510,-2936,2363,0,0,0,0,0
6,-180,0.049,123,338973,31,-38,-16,20067,0,0,0,0,0,14,510,-2936,2363,0,0,0,0,0
6,-180,0.218,126,339141,31,-38,-16,20067,0,0,0,0,0,14,510,-2936,2363,0,0,0,0,0
6,-180,0.331,0,339253,31,-38,-16,20067,0,0,0,0,0,14,510,-2936,2363,0,0,0,0,0
6,-180,0.389,1,339309,31,-38,-16,20067,0,0,0,0,0,14,510,-2936,2363,0,0,0,0,0
6,-180,0.498,3,339421,31,-38,-16,20067,0,0,0,0,0,14,510,-2936,2363,0,0,0,0,0
6,-180,0.609,5,339533,31,-38,-16,20067,0,0,0,0,0,14,510,-2936,2363,0,0,0,0,0
6,-180,0.666,6,339589,31,-38,-16,20067,0,0,0,0,0,14,510,-2936,2363,0,0,0,0,0
6,-180,0.721,7,339646,31,-38,-16,20067,0,0,0,0,0,14,510,-2936,2363,0,0,0,0,0
6,-180,0.778,8,339702,31,-38,-16,20067,0,0,0,0,0,14,510,-2936,2363,0,0,0,0,0
6,-180,0.83,9,339753,31,-38,-16,20067,0,0,0,0,0,14,510,-2936,2363,0,0,0,0,0
6,-180,0.886,10,339809,31,-38,-16,20067,0,0,0,0,0,14,510,-2936,2363,0,0,0,0,0
6,-180,0.998,12,339921,31,-38,-16,20067,0,0,0,0,0,14,510,-2936,2363,0,0,0,0,0
6,-180,1.168,15,340090,31,-38,-16,20067,0,0,0,0,0,14,510,-2936,2363,0,0,0,0,0
6,-180,1.227,16,340145,31,-38,-16,20067,0,0,0,0,0,14,510,-2936,2363,0,0,0,0,0
6,-180,1.277,17,340202,31,-38,-16,20067,0,0,0,0,0,14,510,-2936,2363,0,0,0,0,0
6,-180,1.335,18,340257,31,-38,-16,20067,0,0,0,0,0,14,510,-2936,2363,0,0,0,0,0
6,-180,1.391,19,340313,31,-38,-16,20067,0,0,0,0,0,14,510,-2936,2363,0,0,0,0,0
6,-180,1.448,20,340369,31,-38,-16,20067,0,0,0,0,0,14,510,-2936,2363,0,0,0,0,0
6,-180,1.502,21,340425,31,-38,-16,20067,0,0,0,0,0,14,510,-2936,2363,0,0,0,0,0
6,-180,1.56,22,340482,31,-38,-16,20067,0,0,0,0,0,14,510,-2936,2363,0,0,0,0,0
6,-180,1.649,23,340538,31,-38,-16,20067,0,0,0,0,0,14,510,-2936,2363,0,0,0,0,0
6,-180,1.726,25,340649,31,-38,-16,20067,0,0,0,0,0,14,510,-2936,2363,0,0,0,0,0
6,-180,1.785,26,340705,31,-38,-16,20067,0,0,0,0,0,14,510,-2936,2363,0,0,0,0,0
6,-180,1.845,27,340762,31,-38,-16,20067,0,0,0,0,0,14,510,-2936,2363,0,0,0,0,0
6,-180,1.895,28,340813,31,-38,-16,20067,0,0,0,0,0,14,510,-2936,2363,0,0,0,0,0
6,-180,1.948,29,340870,31,-38,-16,20067,0,0,0,0,0,14,510,-2936,2363,0,0,0,0,0
6,-180,2.003,30,340926,31,-38,-16,20067,0,0,0,0,0,14,510,-2936,2363,0,0,0,0,0
6,-180,2.061,31,340981,31,-38,-16,20067,0,0,0,0,0,14,510,-2936,2363,0,0,0,0,0
6,-180,2.113,32,341037,31,-38,-16,20067,0,0,0,0,0,14,510,-2936,2363,0,0,0,0,0
6,-180,2.177,33,341093,31,-38,-16,20067,0,0,0,0,0,14,510,-2936,2363,0,0,0,0,0
6,-180,2.23,34,341149,31,-38,-16,20067,0,0,0,0,0,14,510,-2936,2363,0,0,0,0,0
6,-180,2.505,39,341429,31,-38,-16,20067,0,0,0,0,0,14,510,-2936,2363,0,0,0,0,0
6,-180,2.567,40,341486,31,-38,-16,20067,0,0,0,0,0,14,510,-2936,2363,0,0,0,0,0
6,-180,2.618,41,341541,31,-38,-16,20067,0,0,0,0,0,14,510,-2936,2363,0,0,0,0,0
6,-180,2.73,43,341653,31,-38,-16,20067,0,0,0,0,0,14,510,-2936,2363,0,0,0,0,0
6,-180,2.794,44,341709,31,-38,-16,20067,0,0,0,0,0,14,510,-2936,2363,0,0,0,0,0
6,-180,2.844,45,341766,31,-38,-16,20067,0,0,0,0,0,14,510,-2936,2363,0,0,0,0,0
6,-180,2.949,47,341873,31,-38,-16,20067,0,0,0,0,0,14,510,-2936,2363,0,0,0,0,0
6,-180,3.005,48,341929,31,-38,-16,20067,0,0,0,0,0,14,510,-2936,2363,0,0,0,0,0
6,-180,3.064,49,341986,31,-38,-16,20067,0,0,0,0,0,14,510,-2936,2363,0,0,0,0,0
6,-180,3.115,50,342038,31,-38,-16,20067,0,0,0,-6,-6,14,512,-2938,2361,1000,-1000,0,0,0
6,-180,3.186,51,342110,31,-38,-15,19919,0,0,0,20,-20,14,515,-2916,2344,900,-900,0,0,0
6,-180,3.403,54,342326,31,-38,-15,18730,0,0,0,121,-118,15,524,-2763,2183,2200,-2300,0,0,0
6,-180,3.481,55,342398,31,-37,-15,17719,0,0,0,138,-174,15,527,-2638,2041,2600,-2600,0,0,0
6,-180,3.546,56,342470,31,-37,-15,16511,0,0,0,180,-194,15,530,-2483,1877,2700,-2700,0,0,0
6,-180,3.695,58,342614,31,-36,-16,13966,0,0,0,164,-184,15,536,-2161,1527,2500,-2300,0,0,0
6,-180,3.767,59,342686,31,-36,-16,12769,0,0,0,180,-164,15,539,-2000,1372,2400,-2100,0,0,0
6,-180,3.834,60,342757,31,-36,-15,11675,0,0,0,164,-144,15,542,-1850,1233,2300,-2000,0,0,0
6,-180,3.906,61,342830,31,-36,-15,10581,0,0,0,164,-144,15,545,-1700,1094,2200,-2100,0,0,0
6,-180,4.051,63,342973,31,-36,-15,8505,0,0,0,154,-147,15,551,-1419,827,2200,-2100,0,0,0
6,-180,4.122,64,343045,31,-36,-15,7483,0,0,0,147,-147,15,554,-1288,688,2200,-2000,0,0,0
6,-180,4.202,65,343117,31,-36,-15,6464,0,0,0,147,-147,15,557,-1152,555,2200,-2000,0,0,0
6,-180,4.267,66,343189,31,-36,-15,5423,0,0,0,157,-144,15,560,-1013,419,2200,-2000,0,0,0
6,-180,4.41,68,343333,31,-36,-14,3427,0,0,0,144,-144,15,566,-744,161,1900,-1800,0,0,0
6,-180,4.733,72,343657,31,-35,-14,2386,0,0,0,0,0,15,581,-594,36,0,0,0,0,0
6,-180,4.877,74,343802,31,-35,-14,2386,0,0,0,0,0,15,587,-594,36,0,0,0,0,0
6,-180,5.02,76,343945,31,-35,-14,2386,0,0,0,0,0,15,593,-594,36,0,0,0,0,0
6,-180,5.093,77,344018,31,-35,-14,2386,0,0,0,0,0,15,596,-594,36,0,0,0,0,0
6,-180,5.236,79,344161,31,-35,-14,2386,0,0,0,0,0,15,602,-594,36,0,0,0,0,0
6,-180,5.523,83,344449,31,-35,-14,2386,0,0,0,0,0,15,614,-594,36,0,0,0,0,0
6,-180,5.742,86,344665,31,-35,-14,2386,0,0,0,0,0,15,623,-594,36,0,0,0,0,0
6,-180,5.813,87,344737,31,-35,-14,2386,0,0,0,0,0,15,626,-594,36,0,0,0,0,0
6,-180,5.886,88,344809,31,-35,-14,2386,0,0,0,0,0,15,629,-594,36,0,0,0,0,0
6,-180,5.958,89,344881,31,-35,-14,2386,0,0,0,0,0,15,632,-594,36,0,0,0,0,0
6,-180,6.031,90,344953,31,-35,-14,2386,0,0,0,0,0,15,635,-594,36,0,0,0,0,0
6,-180,6.102,91,345026,31,-35,-14,2386,0,0,0,0,0,15,638,-594,36,0,0,0,0,0
6,-180,6.234,93,345147,31,-35,-14,2386,0,0,0,0,0,15,643,-594,36,0,0,0,0,0
6,-180,6.44,97,345365,31,-35,-14,2386,0,0,0,0,0,15,643,-594,36,0,0,0,0,0
6,-180,6.497,98,345421,31,-35,-14,2386,0,0,0,0,0,15,643,-594,36,0,0,0,0,0
6,-180,6.553,99,345477,31,-35,-14,2386,0,0,0,0,0,15,643,-594,36,0,0,0,0,0
6,-180,6.608,100,345534,31,-35,-14,2386,0,0,0,0,0,15,643,-594,36,0,0,0,0,0
6,-180,6.666,101,345589,31,-35,-14,2386,0,0,0,0,0,15,643,-594,36,0,0,0,0,0
6,-180,6.736,102,345645,31,-35,-14,2386,0,0,0,0,0,15,643,-594,36,0,0,0,0,0
6,-180,6.787,103,345702,31,-35,-14,2386,0,0,0,0,0,15,643,-594,36,0,0,0,0,0
6,-180,6.829,104,345753,31,-35,-14,2386,0,0,0,0,0,15,643,-594,36,0,0,0,0,0
6,-180,6.886,105,345809,31,-35,-14,2386,0,0,0,0,0,15,643,-594,36,0,0,0,0,0
6,-180,6.944,106,345865,31,-35,-14,2386,0,0,0,0,0,15,643,-594,36,0,0,0,0,0
6,-180,7.054,108,345977,31,-35,-14,2386,0,0,0,0,0,15,643,-594,36,0,0,0,0,0
6,-180,7.109,109,346033,31,-35,-14,2386,0,0,0,0,0,15,643,-594,36,0,0,0,0,0
6,-180,7.165,110,346089,31,-35,-14,2386,0,0,0,0,0,15,643,-594,36,0,0,0,0,0
6,-180,7.277,112,346202,31,-35,-14,2386,0,0,0,0,0,15,643,-594,36,0,0,0,0,0
6,-180,7.333,113,346257,31,-35,-14,2386,0,0,0,0,0,15,643,-594,36,0,0,0,0,0
6,-180,7.389,114,346314,31,-35,-14,2386,0,0,0,0,0,15,643,-594,36,0,0,0,0,0
6,-180,7.444,115,346369,31,-35,-14,2386,0,0,0,0,0,15,643,-594,36,0,0,0,0,0
6,-180,7.559,117,346481,31,-35,-14,2386,0,0,0,0,0,15,643,-594,36,0,0,0,0,0
6,-180,7.615,118,346537,31,-35,-14,2386,0,0,0,0,0,15,643,-594,36,0,0,0,0,0
6,-180,7.669,119,346593,31,-35,-14,2386,0,0,0,0,0,15,643,-594,36,0,0,0,0,0
6,-180,7.726,120,346649,31,-35,-14,2386,0,0,0,0,0,15,643,-594,36,0,0,0,0,0
6,-180,7.804,121,346705,31,-35,-14,2386,0,0,0,0,0,15,643,-594,36,0,0,0,0,0
6,-180,7.839,122,346761,31,-35,-14,2386,0,0,0,0,0,15,643,-594,36,0,0,0,0,0
6,-180,7.889,123,346813,31,-35,-14,2386,0,0,0,0,0,15,643,-594,36,0,0,0,0,0
6,-180,8.0,125,346925,31,-35,-14,2386,0,0,0,0,0,15,643,-594,36,0,0,0,0,0
6,-180,8.058,126,346981,31,-35,-14,2386,0,0,0,0,0,15,643,-594,36,0,0,0,0,0
6,-180,8.114,127,347037,31,-35,-14,2386,0,0,0,0,0,15,643,-594,36,0,0,0,0,0
6,-180,8.168,0,347094,31,-35,-14,2386,0,0,0,0,0,15,643,-594,36,0,0,0,0,0
6,-180,8.231,1,347149,31,-35,-14,2386,0,0,0,0,0,15,643,-594,36,0,0,0,0,0
6,-180,8.281,2,347205,31,-35,-14,2386,0,0,0,0,0,15,643,-594,36,0,0,0,0,0
6,-180,8.336,3,347261,31,-35,-14,2386,0,0,0,0,0,15,643,-594,36,0,0,0,0,0
6,-180,8.4,4,347317,31,-35,-14,2386,0,0,0,0,0,15,643,-594,36,0,0,0,0,0
6,-180,8.504,6,347429,31,-35,-14,2386,0,0,0,0,0,15,643,-594,36,0,0,0,0,0
6,-180,8.652,8,347541,31,-35,-14,2386,0,0,0,0,0,15,643,-594,36,0,0,0,0,0
6,-180,8.673,9,347597,31,-35,-14,2386,0,0,0,0,0,15,643,-594,36,0,0,0,0,0
6,-180,8.728,10,347653,31,-35,-14,2386,0,0,0,0,0,15,643,-594,36,0,0,0,0,0
6,-180,8.799,11,347709,31,-35,-14,2386,0,0,0,0,0,15,643,-594,36,0,0,0,0,0
6,-180,8.905,13,347822,31,-35,-14,2386,0,0,0,0,0,15,643,-594,36,0,0,0,0,0
6,-180,8.951,14,347874,31,-35,-14,2386,0,0,0,0,0,15,643,-594,36,0,0,0,0,0
6,-180,9.004,15,347929,31,-35,-14,2386,0,0,0,0,0,15,643,-594,36,0,0,0,0,0
6,-180,9.06,16,347985,31,-35,-14,2386,0,0,0,0,0,15,643,-594,36,0,0,0,0,0
6,-180,9.116,17,348041,31,-35,-14,2386,0,0,0,0,0,15,643,-594,36,0,0,0,0,0
6,-180,9.173,18,348097,31,-35,-14,2386,0,0,0,0,0,15,643,-594,36,0,0,0,0,0
6,-180,9.232,19,348153,31,-35,-14,2386,0,0,0,0,0,15,643,-594,36,0,0,0,0,0
6,-180,9.287,20,348209,31,-35,-14,2386,0,0,0,0,0,15,643,-594,36,0,0,0,0,0
6,-180,9.341,21,348265,31,-35,-14,2386,0,0,0,0,0,15,643,-594,36,0,0,0,0,0
6,-180,9.398,22,348321,31,-35,-14,2386,0,0,0,0,0,15,643,-594,36,0,0,0,0,0
6,-180,9.508,24,348433,31,-35,-14,2386,0,0,0,0,0,15,643,-594,36,0,0,0,0,0
6,-180,9.565,25,348489,31,-35,-14,2386,0,0,0,0,0,15,643,-594,36,0,0,0,0,0
6,-180,9.62,26,348545,31,-35,-14,2386,0,0,0,0,0,15,643,-594,36,0,0,0,0,0
6,-180,9.732,28,348657,31,-35,-14,2386,0,0,0,0,0,15,643,-594,36,0,0,0,0,0
6,-180,9.844,30,348769,31,-35,-14,2386,0,0,0,0,0,15,643,-594,36,0,0,0,0,0
6,-180,9.9,31,348825,31,-35,-14,2386,0,0,0,0,0,15,643,-594,36,0,0,0,0,0
6,-180,10.009,33,348933,31,-35,-14,2386,0,0,0,0,0,15,643,-594,36,0,0,0,0,0
6,-180,10.176,36,349102,31,-35,-14,2386,0,0,0,0,0,15,643,-594,36,0,0,0,0,0
6,-180,10.232,37,349157,31,-35,-14,2386,0,0,0,0,0,15,643,-594,36,0,0,0,0,0
6,-180,10.287,38,349213,31,-35,-14,2386,0,0,0,0,0,15,643,-594,36,0,0,0,0,0
6,-180,10.343,39,349269,31,-35,-14,2386,0,0,0,0,0,15,643,-594,36,0,0,0,0,0
6,-180,10.401,40,349325,31,-35,-14,2386,0,0,0,0,0,15,643,-594,36,0,0,0,0,0
6,-180,10.471,41,349382,31,-35,-14,2386,0,0,0,0,0,15,643,-594,36,0,0,0,0,0
6,-180,10.512,42,349437,31,-35,-14,2386,0,0,0,0,0,15,643,-594,36,0,0,0,0,0
6,-180,10.568,43,349493,31,-35,-14,2386,0,0,0,0,0,15,643,-594,36,0,0,0,0,0
6,-180,10.624,44,349549,31,-35,-14,2386,0,0,0,0,0,15,643,-594,36,0,0,0,0,0
6,-180,10.679,45,349605,31,-35,-14,2386,0,0,0,0,0,15,643,-594,36,0,0,0,0,0
6,-180,10.736,46,349661,31,-35,-14,2386,0,0,0,0,0,15,643,-594,36,0,0,0,0,0
6,-180,10.792,47,349717,31,-35,-14,2386,0,0,0,0,0,15,643,-594,36,0,0,0,0,0
6,-180,10.847,48,349773,31,-35,-14,2386,0,0,0,0,0,15,643,-594,36,0,0,0,0,0
6,-180,10.905,49,349829,31,-35,-14,2386,0,0,0,0,0,15,643,-594,36,0,0,0,0,0
6,-180,10.96,50,349885,31,-35,-14,2386,0,0,0,0,0,15,643,-594,36,0,0,0,0,0
6,-180,11.018,51,349941,31,-35,-14,2386,0,0,0,0,0,15,643,-594,36,0,0,0,0,0
6,-180,11.069,52,349993,31,-35,-14,2386,0,0,0,0,0,15,643,-594,36,0,0,0,0,0
6,-180,11.181,54,350105,31,-35,-14,2386,0,0,0,0,0,15,643,-594,36,0,0,0,0,0
6,-180,11.237,55,350162,31,-35,-14,2386,0,0,0,0,0,15,643,-594,36,0,0,0,0,0
6,-180,11.411,58,350329,31,-35,-14,2386,0,0,0,0,0,15,643,-594,36,0,0,0,0,0
6,-180,11.517,60,350441,31,-35,-14,2386,0,0,0,0,0,15,643,-594,36,0,0,0,0,0
6,-180,11.572,61,350497,31,-35,-14,2386,0,0,0,0,0,15,643,-594,36,0,0,0,0,0
6,-180,11.627,62,350553,31,-35,-14,2386,0,0,0,0,0,15,643,-594,36,0,0,0,0,0
6,-180,11.685,63,350609,31,-35,-14,2386,0,0,0,0,0,15,643,-594,36,0,0,0,0,0
6,-180,11.741,64,350665,31,-35,-14,2386,0,0,0,0,0,15,643,-594,36,0,0,0,0,0
6,-180,11.796,65,350721,31,-35,-14,2386,0,0,0,0,0,15,643,-594,36,0,0,0,0,0
6,-180,11.853,66,350777,31,-35,-14,2386,0,0,0,0,0,15,643,-594,36,0,0,0,0,0
6,-180,12.021,69,350945,31,-35,-14,2386,0,0,0,0,0,15,643,-594,36,0,0,0,0,0
6,-180,12.084,70,351002,31,-35,-14,2386,0,0,0,0,0,15,643,-594,36,0,0,0,0,0
6,-180,12.128,71,351053,31,-35,-14,2386,0,0,0,0,0,15,643,-594,36,0,0,0,0,0
6,-180,12.184,72,351109,31,-35,-14,2386,0,0,0,0,0,15,643,-594,36,0,0,0,0,0
6,-180,12.241,73,351165,31,-35,-14,2386,0,0,0,0,0,15,643,-594,36,0,0,0,0,0
6,-180,12.305,74,351223,31,-35,-14,2386,0,0,0,0,0,15,643,-594,36,0,0,0,0,0
6,-180,12.353,75,351277,31,-35,-14,2386,0,0,0,0,0,15,643,-594,36,0,0,0,0,0
6,-180,12.419,76,351333,31,-35,-14,2386,0,0,0,0,0,15,643,-594,36,0,0,0,0,0
6,-180,12.465,77,351389,31,-35,-14,2386,0,0,0,0,0,15,643,-594,36,0,0,0,0,0
6,-180,12.632,80,351557,31,-35,-14,2386,0,0,0,0,0,15,643,-594,36,0,0,0,0,0
6,-180,12.744,82,351670,31,-35,-14,2386,0,0,0,0,0,15,643,-594,36,0,0,0,0,0
6,-180,12.801,83,351725,31,-35,-14,2386,0,0,0,0,0,15,643,-594,36,0,0,0,0,0
6,-180,12.855,84,351781,31,-35,-14,2386,0,0,0,0,0,15,643,-594,36,0,0,0,0,0
6,-180,12.911,85,351837,31,-35,-14,2386,0,0,0,0,0,15,643,-594,36,0,0,0,0,0
6,-180,12.968,86,351893,31,-35,-14,2386,0,0,0,0,0,15,643,-594,36,0,0,0,0,0
6,-180,13.025,87,351949,31,-35,-14,2386,0,0,0,0,0,15,643,-594,36,0,0,0,0,0
6,-180,13.081,88,352005,31,-35,-14,2386,0,0,0,0,0,15,643,-594,36,0,0,0,0,0
6,-180,13.188,90,352113,31,-35,-14,2386,0,0,0,0,0,15,643,-594,36,0,0,0,0,0
6,-180,13.301,92,352226,31,-35,-14,2386,0,0,0,0,0,15,643,-594,36,0,0,0,0,0
6,-180,13.355,93,352281,31,-35,-14,2386,0,0,0,0,0,15,643,-594,36,0,0,0,0,0
6,-180,13.413,94,352337,31,-35,-14,2386,0,0,0,0,0,15,643,-594,36,0,0,0,0,0
6,-180,13.468,95,352393,31,-35,-14,2386,0,0,0,0,0,15,643,-594,36,0,0,0,0,0
6,-180,13.523,96,352450,31,-35,-14,2386,0,0,0,0,0,15,643,-594,36,0,0,0,0,0
6,-180,13.58,97,352505,31,-35,-14,2386,0,0,0,0,0,15,643,-594,36,0,0,0,0,0
6,-180,13.635,98,352561,31,-35,-14,2386,0,0,0,0,0,15,643,-594,36,0,0,0,0,0
6,-180,13.692,99,352617,31,-35,-14,2386,0,0,0,0,0,15,643,-594,36,0,0,0,0,0
6,-180,13.86,102,352785,31,-35,-14,2386,0,0,0,0,0,15,643,-594,36,0,0,0,0,0
6,-180,13.916,103,352841,31,-35,-14,2386,0,0,0,0,0,15,643,-594,36,0,0,0,0,0
6,-180,13.973,104,352897,31,-35,-14,2386,0,0,0,0,0,15,643,-594,36,0,0,0,0,0
6,-180,14.029,105,352953,31,-35,-14,2386,0,0,0,0,0,15,643,-594,36,0,0,0,0,0
6,-180,14.14,107,353065,31,-35,-14,2386,0,0,0,0,0,15,643,-594,36,0,0,0,0,0
6,-180,14.205,108,353121,31,-35,-14,2386,0,0,0,0,0,15,643,-594,36,0,0,0,0,0
6,-180,14.247,109,353173,31,-35,-14,2386,0,0,0,0,0,15,643,-594,36,0,0,0,0,0
6,-180,14.309,110,353230,31,-35,-14,2386,0,0,0,0,0,15,643,-594,36,0,0,0,0,0
6,-180,14.36,111,353285,31,-35,-14,2386,0,0,0,0,0,15,643,-594,36,0,0,0,0,0
6,-180,14.416,112,353341,31,-35,-14,2386,0,0,0,0,0,15,643,-594,36,0,0,0,0,0
6,-180,14.471,113,353397,31,-35,-14,2386,0,0,0,0,0,15,643,-594,36,0,0,0,0,0
6,-180,14.529,114,353453,31,-35,-14,2386,0,0,0,0,0,15,643,-594,36,0,0,0,0,0
6,-180,14.584,115,353509,31,-35,-14,2386,0,0,0,0,0,15,643,-594,36,0,0,0,0,0
6,-180,14.64,116,353565,31,-35,-14,2386,0,0,0,0,0,15,643,-594,36,0,0,0,0,0
6,-180,14.697,117,353621,31,-35,-14,2386,0,0,0,0,0,15,643,-594,36,0,0,0,0,0
6,-180,14.753,118,353677,31,-35,-14,2386,0,0,0,0,0,15,643,-594,36,0,0,0,0,0
6,-180,14.808,119,353733,31,-35,-14,2386,0,0,0,0,0,15,643,-594,36,0,0,0,0,0
6,-180,14.864,120,353789,31,-35,-14,2386,0,0,0,0,0,15,643,-594,36,0,0,0,0,0
6,-180,15.031,123,353958,31,-35,-14,2386,0,0,0,0,0,15,643,-594,36,0,0,0,0,0
6,-180,15.144,125,354069,31,-35,-14,2386,0,0,0,0,0,15,643,-594,36,0,0,0,0,0
6,-180,15.202,126,354125,31,-35,-14,2386,0,0,0,0,0,15,643,-594,36,0,0,0,0,0
6,-180,15.309,0,354233,31,-35,-14,2386,0,0,0,0,0,15,643,-594,36,0,0,0,0,0
6,-180,15.363,1,354289,31,-35,-14,2386,0,0,0,0,0,15,643,-594,36,0,0,0,0,0
6,-180,15.476,3,354402,31,-35,-14,2386,0,0,0,0,0,15,643,-594,36,0,0,0,0,0
6,-180,15.531,4,354457,31,-35,-14,2386,0,0,0,0,0,15,643,-594,36,0,0,0,0,0
6,-180,15.589,5,354513,31,-35,-14,2386,0,0,0,0,0,15,643,-594,36,0,0,0,0,0
6,-180,15.643,6,354569,31,-35,-14,2386,0,0,0,0,0,15,643,-594,36,0,0,0,0,0
6,-180,15.756,8,354681,31,-35,-14,2386,0,0,0,0,0,15,643,-594,36,0,0,0,0,0
6,-180,15.812,9,354738,31,-35,-14,2386,0,0,0,0,0,15,643,-594,36,0,0,0,0,0
6,-180,15.868,10,354793,31,-35,-14,2386,0,0,0,0,0,15,643,-594,36,0,0,0,0,0
6,-180,15.923,11,354849,31,-35,-14,2386,0,0,0,0,0,15,643,-594,36,0,0,0,0,0
6,-180,15.98,12,354905,31,-35,-14,2386,0,0,0,0,0,15,643,-594,36,0,0,0,0,0
6,-180,16.093,14,355017,31,-35,-14,2386,0,0,0,0,0,15,643,-594,36,0,0,0,0,0
6,-180,16.147,15,355073,31,-35,-14,2386,0,0,0,0,0,15,643,-594,36,0,0,0,0,0
6,-180,16.207,16,355129,31,-35,-14,2386,0,0,0,0,0,15,643,-594,36,0,0,0,0,0
6,-180,16.26,17,355186,31,-35,-14,2386,0,0,0,0,0,15,643,-594,36,0,0,0,0,0
6,-180,16.317,18,355241,31,-35,-14,2386,0,0,0,0,0,15,643,-594,36,0,0,0,0,0
6,-180,16.367,19,355293,31,-35,-14,2386,0,0,0,0,0,15,643,-594,36,0,0,0,0,0
6,-180,16.425,20,355349,31,-35,-14,2386,0,0,0,0,0,15,643,-594,36,0,0,0,0,0
6,-180,16.482,21,355405,31,-35,-14,2386,0,0,0,0,0,15,643,-594,36,0,0,0,0,0
6,-180,16.54,22,355461,31,-35,-14,2386,0,0,0,0,0,15,643,-594,36,0,0,0,0,0
6,-180,16.591,23,355518,31,-35,-14,2386,0,0,0,0,0,15,643,-594,36,0,0,0,0,0
6,-180,16.703,25,355629,31,-35,-14,2386,0,0,0,0,0,15,643,-594,36,0,0,0,0,0
6,-180,16.764,26,355685,31,-35,-14,2386,0,0,0,0,0,15,643,-594,36,0,0,0,0,0
6,-180,16.816,27,355741,31,-35,-14,2386,0,0,0,0,0,15,643,-594,36,0,0,0,0,0
6,-180,16.875,28,355797,31,-35,-14,2386,0,0,0,0,0,15,643,-594,36,0,0,0,0,0
6,-180,16.927,29,355853,31,-35,-14,2386,0,0,0,0,0,15,643,-594,36,0,0,0,0,0
6,-180,16.988,30,355909,31,-35,-14,2386,0,0,0,0,0,15,643,-594,36,0,0,0,0,0
6,-180,17.039,31,355965,31,-35,-14,2386,0,0,0,0,0,15,643,-594,36,0,0,0,0,0
6,-180,17.097,32,356021,31,-35,-14,2386,0,0,0,0,0,15,643,-594,36,0,0,0,0,0
6,-180,17.154,33,356077,31,-35,-14,2386,0,0,0,0,0,15,643,-594,36,0,0,0,0,0
7,-90,-0.011,22,376887,31,-35,-14,2386,0,0,0,0,0,15,643,-594,36,0,0,0,0,0
7,-90,0.086,24,376994,31,-35,-14,2386,0,0,0,0,0,15,643,-594,36,0,0,0,0,0
7,-90,0.143,25,377049,31,-35,-14,2386,0,0,0,0,0,15,643,-594,36,0,0,0,0,0
7,-90,0.198,26,377105,31,-35,-14,2386,0,0,0,0,0,15,643,-594,36,0,0,0,0,0
7,-90,0.256,27,377161,31,-35,-14,2386,0,0,0,0,0,15,643,-594,36,0,0,0,0,0
7,-90,0.311,28,377217,31,-35,-14,2386,0,0,0,0,0,15,643,-594,36,0,0,0,0,0
7,-90,0.423,30,377329,31,-35,-14,2386,0,0,0,0,0,15,643,-594,36,0,0,0,0,0
7,-90,0.535,32,377441,31,-35,-14,2386,0,0,0,0,0,15,643,-594,36,0,0,0,0,0
7,-90,0.599,33,377497,31,-35,-14,2386,0,0,0,0,0,15,643,-594,36,0,0,0,0,0
7,-90,0.644,34,377549,31,-35,-14,2386,0,0,0,0,0,15,643,-594,36,0,0,0,0,0
7,-90,0.699,35,377605,31,-35,-14,2386,0,0,0,0,0,15,643,-594,36,0,0,0,0,0
7,-90,0.868,38,377774,31,-35,-14,2386,0,0,0,0,0,15,643,-594,36,0,0,0,0,0
7,-90,0.979,40,377885,31,-35,-14,2386,0,0,0,0,0,15,643,-594,36,0,0,0,0,0
7,-90,1.035,41,377941,31,-35,-14,2386,0,0,0,0,0,15,643,-594,36,0,0,0,0,0
7,-90,1.091,42,377997,31,-35,-14,2386,0,0,0,0,0,15,643,-594,36,0,0,0,0,0
7,-90,1.147,43,378053,31,-35,-14,2386,0,0,0,0,0,15,643,-594,36,0,0,0,0,0
7,-90,1.203,44,378109,31,-35,-14,2386,0,0,0,0,0,15,643,-594,36,0,0,0,0,0
7,-90,1.26,45,378165,31,-35,-14,2386,0,0,0,0,0,15,643,-594,36,0,0,0,0,0
7,-90,1.316,46,378221,31,-35,-14,2386,0,0,0,0,0,15,643,-594,36,0,0,0,0,0
7,-90,1.483,49,378389,31,-35,-14,2386,0,0,0,0,0,15,643,-594,36,0,0,0,0,0
7,-90,1.538,50,378445,31,-35,-14,2386,0,0,0,0,0,15,643,-594,36,0,0,0,0,0
7,-90,1.596,51,378502,31,-35,-14,2386,0,0,0,0,0,15,643,-594,36,0,0,0,0,0
7,-90,1.659,52,378557,31,-35,-14,2386,0,0,0,0,0,15,643,-594,36,0,0,0,0,0
7,-90,1.703,53,378610,31,-35,-14,2386,0,0,0,0,0,15,643,-594,36,0,0,0,0,0
7,-90,1.759,54,378665,31,-35,-14,2386,0,0,0,0,0,15,643,-594,36,0,0,0,0,0
7,-90,1.817,55,378721,31,-35,-14,2386,0,0,0,0,0,15,643,-594,36,0,0,0,0,0
7,-90,1.872,56,378777,31,-35,-14,2386,0,0,0,0,0,15,643,-594,36,0,0,0,0,0
7,-90,1.927,57,378833,31,-35,-14,2386,0,0,0,0,0,15,643,-594,36,0,0,0,0,0
7,-90,2.207,62,379113,31,-35,-14,2386,0,0,0,0,0,15,643,-594,36,0,0,0,0,0
7,-90,2.263,63,379169,31,-35,-14,2386,0,0,0,0,0,15,643,-594,36,0,0,0,0,0
7,-90,2.32,64,379225,31,-35,-14,2386,0,0,0,0,0,15,643,-594,36,0,0,0,0,0
7,-90,2.375,65,379282,31,-35,-14,2386,0,0,0,0,0,15,643,-594,36,0,0,0,0,0
7,-90,2.431,66,379337,31,-35,-14,2386,0,0,0,0,0,15,643,-594,36,0,0,0,0,0
7,-90,2.487,67,379393,31,-35,-14,2386,0,0,0,0,0,15,643,-594,36,0,0,0,0,0
7,-90,2.544,68,379449,31,-35,-14,2386,0,0,0,0,0,15,643,-594,36,0,0,0,0,0
7,-90,2.72,71,379617,31,-35,-14,2386,0,0,0,0,0,15,643,-594,36,0,0,0,0,0
7,-90,2.763,72,379669,31,-35,-14,2386,0,0,0,0,0,15,643,-594,36,0,0,0,0,0
7,-90,2.822,73,379725,31,-35,-14,2386,0,0,0,0,0,15,643,-594,36,0,0,0,0,0
7,-90,2.876,74,379781,31,-35,-14,2386,0,0,0,0,0,15,643,-594,36,0,0,0,0,0
7,-90,2.931,75,379837,31,-35,-14,2386,0,0,0,0,0,15,643,-594,36,0,0,0,0,0
7,-90,2.987,76,379893,31,-35,-14,2386,0,0,0,0,0,15,643,-594,36,0,0,0,0,0
7,-90,3.044,77,379949,31,-35,-14,2386,0,0,0,0,0,15,643,-594,36,0,0,0,0,0
7,-90,3.102,78,380010,31,-35,-14,2386,0,0,0,0,0,15,644,-594,36,800,-800,0,0,0
7,-90,3.248,80,380154,31,-35,-14,1935,0,0,0,46,-26,17,650,-527,-16,1300,-1400,0,0,0
7,-90,3.39,82,380297,31,-35,-14,871,0,0,0,92,-101,17,656,-388,-158,2000,-2000,0,0,0
7,-90,3.512,84,380418,31,-35,-14,-716,0,0,0,140,-157,17,661,-183,-372,2600,-2500,0,0,0
7,-90,3.583,85,380489,31,-35,-14,-1935,0,0,0,180,-183,17,664,-22,-533,2500,-2500,0,0,0
7,-90,3.657,86,380561,31,-35,-13,-3181,0,0,0,180,-190,17,667,138,-702,2500,-2400,0,0,0
7,-90,3.8,88,380706,31,-33,-9,-5741,0,0,0,154,-3440,17,673,466,-1050,3100,-3300,0,0,0
7,-90,3.986,90,380885,31,-34,-7,-7044,0,0,0,0,0,17,683,622,-1238,0,0,0,0,0
7,-90,4.062,91,380959,31,-34,-7,-7044,0,0,0,0,0,17,686,622,-1238,0,0,0,0,0
7,-90,4.102,92,381009,31,-34,-7,-7044,0,0,0,0,0,17,686,622,-1238,0,0,0,0,0
7,-90,4.158,93,381065,31,-34,-7,-7044,0,0,0,0,0,17,686,622,-1238,0,0,0,0,0
7,-90,4.214,94,381121,31,-34,-7,-7044,0,0,0,0,0,17,686,622,-1238,0,0,0,0,0
7,-90,4.271,95,381177,31,-34,-7,-7044,0,0,0,0,0,17,686,622,-1238,0,0,0,0,0
7,-90,4.326,96,381227,31,-34,-7,-7044,0,0,0,0,0,17,686,622,-1238,0,0,0,0,0
7,-90,4.487,99,381393,31,-34,-7,-7044,0,0,0,0,0,17,686,622,-1238,0,0,0,0,0
7,-90,4.599,101,381506,31,-34,-7,-7044,0,0,0,0,0,17,686,622,-1238,0,0,0,0,0
7,-90,4.766,104,381674,31,-34,-7,-7044,0,0,0,0,0,17,686,622,-1238,0,0,0,0,0
7,-90,4.823,105,381729,31,-34,-7,-7044,0,0,0,0,0,17,686,622,-1238,0,0,0,0,0
7,-90,4.878,106,381785,31,-34,-7,-7044,0,0,0,0,0,17,686,622,-1238,0,0,0,0,0
7,-90,5.098,110,382005,31,-34,-7,-7044,0,0,0,0,0,17,686,622,-1238,0,0,0,0,0
7,-90,5.211,112,382117,31,-34,-7,-7044,0,0,0,0,0,17,686,622,-1238,0,0,0,0,0
7,-90,5.379,115,382286,31,-34,-7,-7044,0,0,0,0,0,17,686,622,-1238,0,0,0,0,0
7,-90,5.434,116,382342,31,-34,-7,-7044,0,0,0,0,0,17,686,622,-1238,0,0,0,0,0
7,-90,5.491,117,382397,31,-34,-7,-7044,0,0,0,0,0,17,686,622,-1238,0,0,0,0,0
7,-90,5.547,118,382454,31,-34,-7,-7044,0,0,0,0,0,17,686,622,-1238,0,0,0,0,0
7,-90,5.604,119,382509,31,-34,-7,-7044,0,0,0,0,0,17,686,622,-1238,0,0,0,0,0
7,-90,5.659,120,382565,31,-34,-7,-7044,0,0,0,0,0,17,686,622,-1238,0,0,0,0,0
7,-90,5.715,121,382621,31,-34,-7,-7044,0,0,0,0,0,17,686,622,-1238,0,0,0,0,0
7,-90,5.995,126,382902,31,-34,-7,-7044,0,0,0,0,0,17,686,622,-1238,0,0,0,0,0
7,-90,6.051,127,382957,31,-34,-7,-7044,0,0,0,0,0,17,686,622,-1238,0,0,0,0,0
7,-90,6.114,0,383013,31,-34,-7,-7044,0,0,0,0,0,17,686,622,-1238,0,0,0,0,0
7,-90,6.158,1,383066,31,-34,-7,-7044,0,0,0,0,0,17,686,622,-1238,0,0,0,0,0
7,-90,6.27,3,383178,31,-34,-7,-7044,0,0,0,0,0,17,686,622,-1238,0,0,0,0,0
7,-90,6.383,5,383289,31,-34,-7,-7044,0,0,0,0,0,17,686,622,-1238,0,0,0,0,0
7,-90,6.439,6,383345,31,-34,-7,-7044,0,0,0,0,0,17,686,622,-1238,0,0,0,0,0
7,-90,6.551,8,383457,31,-34,-7,-7044,0,0,0,0,0,17,686,622,-1238,0,0,0,0,0
7,-90,6.606,9,383513,31,-34,-7,-7044,0,0,0,0,0,17,686,622,-1238,0,0,0,0,0
7,-90,6.662,10,383570,31,-34,-7,-7044,0,0,0,0,0,17,686,622,-1238,0,0,0,0,0
7,-90,6.719,11,383626,31,-34,-7,-7044,0,0,0,0,0,17,686,622,-1238,0,0,0,0,0
7,-90,6.775,12,383681,31,-34,-7,-7044,0,0,0,0,0,17,686,622,-1238,0,0,0,0,0
7,-90,6.832,13,383737,31,-34,-7,-7044,0,0,0,0,0,17,686,622,-1238,0,0,0,0,0
7,-90,6.886,14,383793,31,-34,-7,-7044,0,0,0,0,0,17,686,622,-1238,0,0,0,0,0
7,-90,6.942,15,383849,31,-34,-7,-7044,0,0,0,0,0,17,686,622,-1238,0,0,0,0,0
7,-90,7.054,17,383962,31,-34,-7,-7044,0,0,0,0,0,17,686,622,-1238,0,0,0,0,0
7,-90,7.218,20,384125,31,-34,-7,-7044,0,0,0,0,0,17,686,622,-1238,0,0,0,0,0
7,-90,7.274,21,384181,31,-34,-7,-7044,0,0,0,0,0,17,686,622,-1238,0,0,0,0,0
7,-90,7.386,23,384293,31,-34,-7,-7044,0,0,0,0,0,17,686,622,-1238,0,0,0,0,0
7,-90,7.499,25,384406,31,-34,-7,-7044,0,0,0,0,0,17,686,622,-1238,0,0,0,0,0
7,-90,7.555,26,384462,31,-34,-7,-7044,0,0,0,0,0,17,686,622,-1238,0,0,0,0,0
7,-90,7.61,27,384517,31,-34,-7,-7044,0,0,0,0,0,17,686,622,-1238,0,0,0,0,0
7,-90,7.666,28,384573,31,-34,-7,-7044,0,0,0,0,0,17,686,622,-1238,0,0,0,0,0
7,-90,7.778,30,384685,31,-34,-7,-7044,0,0,0,0,0,17,686,622,-1238,0,0,0,0,0
7,-90,7.836,31,384742,31,-34,-7,-7044,0,0,0,0,0,17,686,622,-1238,0,0,0,0,0
7,-90,8.004,34,384910,31,-34,-7,-7044,0,0,0,0,0,17,686,622,-1238,0,0,0,0,0
7,-90,8.177,37,385077,31,-34,-7,-7044,0,0,0,0,0,17,686,622,-1238,0,0,0,0,0
7,-90,8.278,39,385185,31,-34,-7,-7044,0,0,0,0,0,17,686,622,-1238,0,0,0,0,0
7,-90,8.456,42,385353,31,-34,-7,-7044,0,0,0,0,0,17,686,622,-1238,0,0,0,0,0
7,-90,8.505,43,385409,31,-34,-7,-7044,0,0,0,0,0,17,686,622,-1238,0,0,0,0,0
7,-90,8.688,45,385522,31,-34,-7,-7044,0,0,0,0,0,17,686,622,-1238,0,0,0,0,0
7,-90,8.745,47,385633,31,-34,-7,-7044,0,0,0,0,0,17,686,622,-1238,0,0,0,0,0
7,-90,8.783,48,385690,31,-34,-7,-7044,0,0,0,0,0,17,686,622,-1238,0,0,0,0,0
7,-90,8.84,49,385746,31,-34,-7,-7044,0,0,0,0,0,17,686,622,-1238,0,0,0,0,0
7,-90,8.895,50,385802,31,-34,-7,-7044,0,0,0,0,0,17,686,622,-1238,0,0,0,0,0
7,-90,9.008,52,385913,31,-34,-7,-7044,0,0,0,0,0,17,686,622,-1238,0,0,0,0,0
7,-90,9.064,53,385969,31,-34,-7,-7044,0,0,0,0,0,17,686,622,-1238,0,0,0,0,0
7,-90,9.123,54,386026,31,-34,-7,-7044,0,0,0,0,0,17,686,622,-1238,0,0,0,0,0
7,-90,9.176,55,386081,31,-34,-7,-7044,0,0,0,0,0,17,686,622,-1238,0,0,0,0,0
7,-90,9.231,56,386138,31,-34,-7,-7044,0,0,0,0,0,17,686,622,-1238,0,0,0,0,0
7,-90,9.296,57,386194,31,-34,-7,-7044,0,0,0,0,0,17,686,622,-1238,0,0,0,0,0
7,-90,9.507,61,386413,31,-34,-7,-7044,0,0,0,0,0,17,686,622,-1238,0,0,0,0,0
7,-90,9.682,64,386582,31,-34,-7,-7044,0,0,0,0,0,17,686,622,-1238,0,0,0,0,0
7,-90,9.735,65,386637,31,-34,-7,-7044,0,0,0,0,0,17,686,622,-1238,0,0,0,0,0
7,-90,9.789,66,386694,31,-34,-7,-7044,0,0,0,0,0,17,686,622,-1238,0,0,0,0,0
7,-90,9.842,67,386749,31,-34,-7,-7044,0,0,0,0,0,17,686,622,-1238,0,0,0,0,0
7,-90,9.959,69,386861,31,-34,-7,-7044,0,0,0,0,0,17,686,622,-1238,0,0,0,0,0
7,-90,10.011,70,386917,31,-34,-7,-7044,0,0,0,0,0,17,686,622,-1238,0,0,0,0,0
7,-90,10.066,71,386974,31,-34,-7,-7044,0,0,0,0,0,17,686,622,-1238,0,0,0,0,0
7,-90,10.123,72,387030,31,-34,-7,-7044,0,0,0,0,0,17,686,622,-1238,0,0,0,0,0
7,-90,10.29,75,387197,31,-34,-7,-7044,0,0,0,0,0,17,686,622,-1238,0,0,0,0,0
7,-90,10.355,76,387253,31,-34,-7,-7044,0,0,0,0,0,17,686,622,-1238,0,0,0,0,0
7,-90,10.455,78,387362,31,-34,-7,-7044,0,0,0,0,0,17,686,622,-1238,0,0,0,0,0
7,-90,10.903,86,387810,31,-34,-7,-7044,0,0,0,0,0,17,686,622,-1238,0,0,0,0,0
7,-90,10.959,87,387866,31,-34,-7,-7044,0,0,0,0,0,17,686,622,-1238,0,0,0,0,0
7,-90,11.017,88,387921,31,-34,-7,-7044,0,0,0,0,0,17,686,622,-1238,0,0,0,0,0
7,-90,11.07,89,387977,31,-34,-7,-7044,0,0,0,0,0,17,686,622,-1238,0,0,0,0,0
7,-90,11.127,90,388034,31,-34,-7,-7044,0,0,0,0,0,17,686,622,-1238,0,0,0,0,0
7,-90,11.182,91,388089,31,-34,-7,-7044,0,0,0,0,0,17,686,622,-1238,0,0,0,0,0
7,-90,11.238,92,388145,31,-34,-7,-7044,0,0,0,0,0,17,686,622,-1238,0,0,0,0,0
7,-90,11.295,93,388202,31,-34,-7,-7044,0,0,0,0,0,17,686,622,-1238,0,0,0,0,0
7,-90,11.351,94,388258,31,-34,-7,-7044,0,0,0,0,0,17,686,622,-1238,0,0,0,0,0
7,-90,11.514,97,388421,31,-34,-7,-7044,0,0,0,0,0,17,686,622,-1238,0,0,0,0,0
7,-90,11.571,98,388477,31,-34,-7,-7044,0,0,0,0,0,17,686,622,-1238,0,0,0,0,0
7,-90,11.627,99,388533,31,-34,-7,-7044,0,0,0,0,0,17,686,622,-1238,0,0,0,0,0
7,-90,11.683,100,388590,31,-34,-7,-7044,0,0,0,0,0,17,686,622,-1238,0,0,0,0,0
7,-90,11.738,101,388646,31,-34,-7,-7044,0,0,0,0,0,17,686,622,-1238,0,0,0,0,0
7,-90,11.794,102,388702,31,-34,-7,-7044,0,0,0,0,0,17,686,622,-1238,0,0,0,0,0
7,-90,11.85,103,388758,31,-34,-7,-7044,0,0,0,0,0,17,686,622,-1238,0,0,0,0,0
7,-90,11.906,104,388813,31,-34,-7,-7044,0,0,0,0,0,17,686,622,-1238,0,0,0,0,0
7,-90,11.962,105,388869,31,-34,-7,-7044,0,0,0,0,0,17,686,622,-1238,0,0,0,0,0
7,-90,12.13,108,389037,31,-34,-7,-7044,0,0,0,0,0,17,686,622,-1238,0,0,0,0,0
7,-90,12.242,110,389149,31,-34,-7,-7044,0,0,0,0,0,17,686,622,-1238,0,0,0,0,0
7,-90,12.298,111,389205,31,-34,-7,-7044,0,0,0,0,0,17,686,622,-1238,0,0,0,0,0
7,-90,12.355,112,389261,31,-34,-7,-7044,0,0,0,0,0,17,686,622,-1238,0,0,0,0,0
7,-90,12.411,113,389318,31,-34,-7,-7044,0,0,0,0,0,17,686,622,-1238,0,0,0,0,0
7,-90,12.475,114,389373,31,-34,-7,-7044,0,0,0,0,0,17,686,622,-1238,0,0,0,0,0
7,-90,12.519,115,389425,31,-34,-7,-7044,0,0,0,0,0,17,686,622,-1238,0,0,0,0,0
7,-90,12.687,118,389593,31,-34,-7,-7044,0,0,0,0,0,17,686,622,-1238,0,0,0,0,0
7,-90,12.799,120,389705,31,-34,-7,-7044,0,0,0,0,0,17,686,622,-1238,0,0,0,0,0
7,-90,12.854,121,389761,31,-34,-7,-7044,0,0,0,0,0,17,686,622,-1238,0,0,0,0,0
7,-90,12.91,122,389817,31,-34,-7,-7044,0,0,0,0,0,17,686,622,-1238,0,0,0,0,0
7,-90,12.967,123,389873,31,-34,-7,-7044,0,0,0,0,0,17,686,622,-1238,0,0,0,0,0
7,-90,13.022,124,389930,31,-34,-7,-7044,0,0,0,0,0,17,686,622,-1238,0,0,0,0,0
7,-90,13.079,125,389986,31,-34,-7,-7044,0,0,0,0,0,17,686,622,-1238,0,0,0,0,0
7,-90,13.134,126,390041,31,-34,-7,-7044,0,0,0,0,0,17,686,622,-1238,0,0,0,0,0
7,-90,13.19,127,390098,31,-34,-7,-7044,0,0,0,0,0,17,686,622,-1238,0,0,0,0,0
7,-90,13.358,2,390265,31,-34,-7,-7044,0,0,0,0,0,17,686,622,-1238,0,0,0,0,0
7,-90,13.47,4,390378,31,-34,-7,-7044,0,0,0,0,0,17,686,622,-1238,0,0,0,0,0
7,-90,13.535,5,390434,31,-34,-7,-7044,0,0,0,0,0,17,686,622,-1238,0,0,0,0,0
7,-90,13.578,6,390485,31,-34,-7,-7044,0,0,0,0,0,17,686,622,-1238,0,0,0,0,0
7,-90,13.634,7,390541,31,-34,-7,-7044,0,0,0,0,0,17,686,622,-1238,0,0,0,0,0
7,-90,13.689,8,390597,31,-34,-7,-7044,0,0,0,0,0,17,686,622,-1238,0,0,0,0,0
7,-90,13.747,9,390653,31,-34,-7,-7044,0,0,0,0,0,17,686,622,-1238,0,0,0,0,0
7,-90,13.802,10,390709,31,-34,-7,-7044,0,0,0,0,0,17,686,622,-1238,0,0,0,0,0
7,-90,13.859,11,390766,31,-34,-7,-7044,0,0,0,0,0,17,686,622,-1238,0,0,0,0,0
7,-90,13.914,12,390822,31,-34,-7,-7044,0,0,0,0,0,17,686,622,-1238,0,0,0,0,0
7,-90,14.027,14,390933,31,-34,-7,-7044,0,0,0,0,0,17,686,622,-1238,0,0,0,0,0
7,-90,14.082,15,390989,31,-34,-7,-7044,0,0,0,0,0,17,686,622,-1238,0,0,0,0,0
7,-90,14.138,16,391045,31,-34,-7,-7044,0,0,0,0,0,17,686,622,-1238,0,0,0,0,0
7,-90,14.195,17,391102,31,-34,-7,-7044,0,0,0,0,0,17,686,622,-1238,0,0,0,0,0
7,-90,14.25,18,391158,31,-34,-7,-7044,0,0,0,0,0,17,686,622,-1238,0,0,0,0,0
7,-90,14.306,19,391214,31,-34,-7,-7044,0,0,0,0,0,17,686,622,-1238,0,0,0,0,0
7,-90,14.419,21,391325,31,-34,-7,-7044,0,0,0,0,0,17,686,622,-1238,0,0,0,0,0
7,-90,14.594,24,391493,31,-34,-7,-7044,0,0,0,0,0,17,686,622,-1238,0,0,0,0,0
7,-90,14.638,25,391546,31,-34,-7,-7044,0,0,0,0,0,17,686,622,-1238,0,0,0,0,0
7,-90,14.698,26,391602,31,-34,-7,-7044,0,0,0,0,0,17,686,622,-1238,0,0,0,0,0
7,-90,14.75,27,391658,31,-34,-7,-7044,0,0,0,0,0,17,686,622,-1238,0,0,0,0,0
7,-90,14.806,28,391713,31,-34,-7,-7044,0,0,0,0,0,17,686,622,-1238,0,0,0,0,0
7,-90,14.861,29,391769,31,-34,-7,-7044,0,0,0,0,0,17,686,622,-1238,0,0,0,0,0
7,-90,15.03,32,391937,31,-34,-7,-7044,0,0,0,0,0,17,686,622,-1238,0,0,0,0,0
7,-90,15.086,33,391994,31,-34,-7,-7044,0,0,0,0,0,17,686,622,-1238,0,0,0,0,0
7,-90,15.143,34,392050,31,-34,-7,-7044,0,0,0,0,0,17,686,622,-1238,0,0,0,0,0
8,90,-0.009,79,408843,31,-34,-7,-7044,0,0,0,0,0,17,686,622,-1238,0,0,0,0,0
8,90,0.085,81,408945,31,-34,-7,-7025,0,0,0,-8,6,17,688,619,-1236,-1000,1000,0,0,0
8,90,0.23,83,409090,31,-34,-6,-6627,0,0,0,-52,26,17,694,550,-1200,-1300,1500,0,0,0
8,90,0.301,84,409161,31,-35,-5,-6142,0,0,0,-92,72,17,697,472,-1150,-1800,1900,0,0,0
8,90,0.373,85,409234,31,-35,-4,-5468,0,0,0,-118,92,17,700,372,-1072,-2200,2200,0,0,0
8,90,0.445,86,409306,31,-36,-4,-4522,0,0,0,-154,128,17,703,233,-961,-2500,2500,0,0,0
8,90,0.517,87,409377,31,-37,-3,-3321,0,0,0,-190,154,17,706,61,-816,-2500,2600,0,0,0
8,90,0.589,88,409449,31,-38,-3,-2083,0,0,0,-183,180,17,709,-111,-661,-2300,2600,0,0,0
8,90,0.661,89,409521,31,-38,-2,-916,0,0,0,-180,154,17,712,-277,-519,-2200,2600,0,0,0
8,90,0.733,90,409593,31,-39,-2,182,0,0,0,-157,147,17,715,-425,-377,-2100,2500,0,0,0
8,90,0.888,92,409750,31,-39,-2,1768,0,0,0,0,0,17,723,-633,-166,0,0,0,0,0
8,90,0.94,93,409802,31,-39,-2,1768,0,0,0,0,0,17,725,-633,-166,0,0,0,0,0
8,90,1.084,95,409945,31,-39,-2,1768,0,0,0,0,0,17,731,-633,-166,0,0,0,0,0
8,90,1.228,97,410089,31,-39,-2,1768,0,0,0,0,0,17,737,-633,-166,0,0,0,0,0
8,90,1.299,98,410162,31,-39,-2,1768,0,0,0,0,0,17,740,-633,-166,0,0,0,0,0
8,90,1.445,100,410305,31,-39,-2,1768,0,0,0,0,0,17,746,-633,-166,0,0,0,0,0
8,90,1.516,101,410378,31,-39,-2,1768,0,0,0,0,0,17,749,-633,-166,0,0,0,0,0
8,90,1.589,102,410449,31,-39,-2,1768,0,0,0,0,0,17,752,-633,-166,0,0,0,0,0
8,90,1.66,103,410522,31,-39,-2,1768,0,0,0,0,0,17,755,-633,-166,0,0,0,0,0
8,90,1.733,104,410594,31,-39,-2,1768,0,0,0,0,0,17,758,-633,-166,0,0,0,0,0
8,90,1.948,107,410809,31,-39,-2,1768,0,0,0,0,0,17,767,-633,-166,0,0,0,0,0
8,90,2.021,108,410881,31,-39,-2,1768,0,0,0,0,0,17,770,-633,-166,0,0,0,0,0
8,90,2.092,109,410953,31,-39,-2,1768,0,0,0,0,0,17,773,-633,-166,0,0,0,0,0
8,90,2.172,110,411025,31,-39,-2,1768,0,0,0,0,0,17,776,-633,-166,0,0,0,0,0
8,90,2.236,111,411097,31,-39,-2,1768,0,0,0,0,0,17,779,-633,-166,0,0,0,0,0
8,90,2.308,112,411169,31,-39,-2,1768,0,0,0,0,0,17,782,-633,-166,0,0,0,0,0
8,90,2.38,113,411242,31,-39,-2,1768,0,0,0,0,0,17,785,-633,-166,0,0,0,0,0
8,90,2.525,115,411385,31,-39,-2,1768,0,0,0,0,0,17,791,-633,-166,0,0,0,0,0
8,90,2.596,116,411457,31,-39,-2,1768,0,0,0,0,0,17,794,-633,-166,0,0,0,0,0
8,90,2.668,117,411530,31,-39,-2,1768,0,0,0,0,0,17,797,-633,-166,0,0,0,0,0
8,90,2.741,118,411602,31,-39,-2,1768,0,0,0,0,0,17,800,-633,-166,0,0,0,0,0
8,90,2.812,119,411673,31,-39,-2,1768,0,0,0,0,0,17,803,-633,-166,0,0,0,0,0
8,90,2.884,120,411745,31,-39,-2,1768,0,0,0,0,0,17,806,-633,-166,0,0,0,0,0
8,90,3.028,122,411889,31,-39,-2,1768,0,0,0,0,0,17,812,-633,-166,0,0,0,0,0
8,90,3.1,123,411962,31,-39,-2,1768,0,0,0,0,0,17,815,-633,-166,0,0,0,0,0
8,90,3.172,124,412033,31,-39,-2,1768,0,0,0,0,0,17,818,-633,-166,0,0,0,0,0
8,90,3.244,125,412106,31,-39,-2,1768,0,0,0,0,0,17,821,-633,-166,0,0,0,0,0
8,90,3.388,127,412250,31,-39,-2,1768,0,0,0,0,0,17,827,-633,-166,0,0,0,0,0
8,90,3.46,0,412321,31,-39,-2,1768,0,0,0,0,0,17,830,-633,-166,0,0,0,0,0
8,90,3.54,1,412394,31,-39,-2,1768,0,0,0,0,0,17,833,-633,-166,0,0,0,0,0
8,90,3.604,2,412466,31,-39,-2,1768,0,0,0,0,0,17,836,-633,-166,0,0,0,0,0
8,90,3.676,3,412538,31,-39,-2,1768,0,0,0,0,0,17,839,-633,-166,0,0,0,0,0
8,90,3.749,4,412609,31,-39,-2,1768,0,0,0,0,0,17,842,-633,-166,0,0,0,0,0
8,90,3.892,6,412753,31,-39,-2,1768,0,0,0,0,0,17,848,-633,-166,0,0,0,0,0
8,90,3.963,7,412825,31,-39,-2,1768,0,0,0,0,0,17,851,-633,-166,0,0,0,0,0
8,90,4.108,9,412969,31,-39,-2,1768,0,0,0,0,0,17,857,-633,-166,0,0,0,0,0
8,90,4.181,10,413041,31,-39,-2,1768,0,0,0,0,0,17,860,-633,-166,0,0,0,0,0
8,90,4.324,12,413186,31,-39,-2,1768,0,0,0,0,0,17,866,-633,-166,0,0,0,0,0
8,90,4.401,13,413257,31,-39,-2,1768,0,0,0,0,0,17,869,-633,-166,0,0,0,0,0
8,90,4.48,14,413330,31,-39,-2,1768,0,0,0,0,0,17,872,-633,-166,0,0,0,0,0
8,90,4.612,16,413474,31,-39,-2,1768,0,0,0,0,0,17,878,-633,-166,0,0,0,0,0
8,90,4.684,17,413545,31,-39,-2,1768,0,0,0,0,0,17,881,-633,-166,0,0,0,0,0
8,90,4.756,18,413617,31,-39,-2,1768,0,0,0,0,0,17,884,-633,-166,0,0,0,0,0
8,90,4.972,21,413833,31,-39,-2,1768,0,0,0,0,0,17,893,-633,-166,0,0,0,0,0
8,90,5.045,22,413905,31,-39,-2,1768,0,0,0,0,0,17,896,-633,-166,0,0,0,0,0
8,90,5.116,23,413977,31,-39,-2,1768,0,0,0,0,0,17,899,-633,-166,0,0,0,0,0
8,90,5.188,24,414050,31,-39,-2,1768,0,0,0,0,0,17,902,-633,-166,0,0,0,0,0
8,90,5.333,26,414194,31,-39,-2,1768,0,0,0,0,0,17,908,-633,-166,0,0,0,0,0
8,90,5.405,27,414265,31,-39,-2,1768,0,0,0,0,0,17,911,-633,-166,0,0,0,0,0
8,90,5.477,28,414338,31,-39,-2,1768,0,0,0,0,0,17,914,-633,-166,0,0,0,0,0
8,90,5.549,29,414410,31,-39,-2,1768,0,0,0,0,0,17,917,-633,-166,0,0,0,0,0
8,90,5.692,31,414553,31,-39,-2,1768,0,0,0,0,0,17,923,-633,-166,0,0,0,0,0
8,90,5.837,33,414697,31,-39,-2,1768,0,0,0,0,0,17,929,-633,-166,0,0,0,0,0
8,90,5.908,34,414769,31,-39,-2,1768,0,0,0,0,0,17,932,-633,-166,0,0,0,0,0
8,90,6.052,36,414913,31,-39,-2,1768,0,0,0,0,0,17,938,-633,-166,0,0,0,0,0
8,90,6.108,37,414969,31,-39,-2,1768,0,0,0,0,0,17,940,-633,-166,0,0,0,0,0
8,90,6.164,38,415025,31,-39,-2,1768,0,0,0,0,0,17,940,-633,-166,0,0,0,0,0
8,90,6.228,39,415081,31,-39,-2,1768,0,0,0,0,0,17,940,-633,-166,0,0,0,0,0
8,90,6.273,40,415133,31,-39,-2,1768,0,0,0,0,0,17,940,-633,-166,0,0,0,0,0
8,90,6.329,41,415189,31,-39,-2,1768,0,0,0,0,0,17,940,-633,-166,0,0,0,0,0
8,90,6.385,42,415245,31,-39,-2,1768,0,0,0,0,0,17,940,-633,-166,0,0,0,0,0
8,90,6.495,44,415357,31,-39,-2,1768,0,0,0,0,0,17,940,-633,-166,0,0,0,0,0
8,90,6.551,45,415413,31,-39,-2,1768,0,0,0,0,0,17,940,-633,-166,0,0,0,0,0
8,90,6.663,47,415526,31,-39,-2,1768,0,0,0,0,0,17,940,-633,-166,0,0,0,0,0
8,90,6.776,49,415637,31,-39,-2,1768,0,0,0,0,0,17,940,-633,-166,0,0,0,0,0
8,90,6.833,50,415693,31,-39,-2,1768,0,0,0,0,0,17,940,-633,-166,0,0,0,0,0
8,90,6.888,51,415749,31,-39,-2,1768,0,0,0,0,0,17,940,-633,-166,0,0,0,0,0
8,90,6.944,52,415805,31,-39,-2,1768,0,0,0,0,0,17,940,-633,-166,0,0,0,0,0
8,90,7.056,54,415917,31,-39,-2,1768,0,0,0,0,0,17,940,-633,-166,0,0,0,0,0
8,90,7.113,55,415974,31,-39,-2,1768,0,0,0,0,0,17,940,-633,-166,0,0,0,0,0
8,90,7.167,56,416029,31,-39,-2,1768,0,0,0,0,0,17,940,-633,-166,0,0,0,0,0
8,90,7.224,57,416085,31,-39,-2,1768,0,0,0,0,0,17,940,-633,-166,0,0,0,0,0
8,90,7.287,58,416141,31,-39,-2,1768,0,0,0,0,0,17,940,-633,-166,0,0,0,0,0
8,90,7.389,60,416249,31,-39,-2,1768,0,0,0,0,0,17,940,-633,-166,0,0,0,0,0
8,90,7.444,61,416306,31,-39,-2,1768,0,0,0,0,0,17,940,-633,-166,0,0,0,0,0
8,90,7.5,62,416361,31,-39,-2,1768,0,0,0,0,0,17,940,-633,-166,0,0,0,0,0
8,90,7.555,63,416417,31,-39,-2,1768,0,0,0,0,0,17,940,-633,-166,0,0,0,0,0
8,90,7.78,67,416641,31,-39,-2,1768,0,0,0,0,0,17,940,-633,-166,0,0,0,0,0
8,90,7.893,69,416753,31,-39,-2,1768,0,0,0,0,0,17,940,-633,-166,0,0,0,0,0
8,90,8.003,71,416865,31,-39,-2,1768,0,0,0,0,0,17,940,-633,-166,0,0,0,0,0
8,90,8.059,72,416921,31,-39,-2,1768,0,0,0,0,0,17,940,-633,-166,0,0,0,0,0
8,90,8.116,73,416977,31,-39,-2,1768,0,0,0,0,0,17,940,-633,-166,0,0,0,0,0
8,90,8.172,74,417034,31,-39,-2,1768,0,0,0,0,0,17,940,-633,-166,0,0,0,0,0
8,90,8.228,75,417089,31,-39,-2,1768,0,0,0,0,0,17,940,-633,-166,0,0,0,0,0
8,90,8.447,79,417309,31,-39,-2,1768,0,0,0,0,0,17,940,-633,-166,0,0,0,0,0
8,90,8.503,80,417365,31,-39,-2,1768,0,0,0,0,0,17,940,-633,-166,0,0,0,0,0
8,90,8.617,82,417477,31,-39,-2,1768,0,0,0,0,0,17,940,-633,-166,0,0,0,0,0
8,90,8.671,83,417533,31,-39,-2,1768,0,0,0,0,0,17,940,-633,-166,0,0,0,0,0
8,90,8.727,84,417589,31,-39,-2,1768,0,0,0,0,0,17,940,-633,-166,0,0,0,0,0
8,90,8.783,85,417645,31,-39,-2,1768,0,0,0,0,0,17,940,-633,-166,0,0,0,0,0
8,90,8.951,88,417814,31,-39,-2,1768,0,0,0,0,0,17,940,-633,-166,0,0,0,0,0
8,90,9.007,89,417869,31,-39,-2,1768,0,0,0,0,0,17,940,-633,-166,0,0,0,0,0
8,90,9.121,91,417981,31,-39,-2,1768,0,0,0,0,0,17,940,-633,-166,0,0,0,0,0
8,90,9.176,92,418037,31,-39,-2,1768,0,0,0,0,0,17,940,-633,-166,0,0,0,0,0
8,90,9.231,93,418093,31,-39,-2,1768,0,0,0,0,0,17,940,-633,-166,0,0,0,0,0
8,90,9.288,94,418149,31,-39,-2,1768,0,0,0,0,0,17,940,-633,-166,0,0,0,0,0
8,90,9.343,95,418205,31,-39,-2,1768,0,0,0,0,0,17,940,-633,-166,0,0,0,0,0
8,90,9.408,96,418261,31,-39,-2,1768,0,0,0,0,0,17,940,-633,-166,0,0,0,0,0
8,90,9.508,98,418369,31,-39,-2,1768,0,0,0,0,0,17,940,-633,-166,0,0,0,0,0
8,90,9.619,100,418481,31,-39,-2,1768,0,0,0,0,0,17,940,-633,-166,0,0,0,0,0
8,90,9.679,101,418537,31,-39,-2,1768,0,0,0,0,0,17,940,-633,-166,0,0,0,0,0
8,90,9.733,102,418594,31,-39,-2,1768,0,0,0,0,0,17,940,-633,-166,0,0,0,0,0
8,90,9.788,103,418649,31,-39,-2,1768,0,0,0,0,0,17,940,-633,-166,0,0,0,0,0
8,90,9.844,104,418705,31,-39,-2,1768,0,0,0,0,0,17,940,-633,-166,0,0,0,0,0
8,90,9.902,105,418761,31,-39,-2,1768,0,0,0,0,0,17,940,-633,-166,0,0,0,0,0
8,90,9.958,106,418817,31,-39,-2,1768,0,0,0,0,0,17,940,-633,-166,0,0,0,0,0
8,90,10.011,107,418873,31,-39,-2,1768,0,0,0,0,0,17,940,-633,-166,0,0,0,0,0
8,90,10.181,110,419041,31,-39,-2,1768,0,0,0,0,0,17,940,-633,-166,0,0,0,0,0
8,90,10.294,112,419153,31,-39,-2,1768,0,0,0,0,0,17,940,-633,-166,0,0,0,0,0
8,90,10.348,113,419209,31,-39,-2,1768,0,0,0,0,0,17,940,-633,-166,0,0,0,0,0
8,90,10.406,114,419265,31,-39,-2,1768,0,0,0,0,0,17,940,-633,-166,0,0,0,0,0
8,90,10.469,115,419322,31,-39,-2,1768,0,0,0,0,0,17,940,-633,-166,0,0,0,0,0
8,90,10.513,116,419374,31,-39,-2,1768,0,0,0,0,0,17,940,-633,-166,0,0,0,0,0
8,90,10.569,117,419430,31,-39,-2,1768,0,0,0,0,0,17,940,-633,-166,0,0,0,0,0
8,90,10.627,118,419485,31,-39,-2,1768,0,0,0,0,0,17,940,-633,-166,0,0,0,0,0
8,90,10.737,120,419597,31,-39,-2,1768,0,0,0,0,0,17,940,-633,-166,0,0,0,0,0
8,90,10.848,122,419709,31,-39,-2,1768,0,0,0,0,0,17,940,-633,-166,0,0,0,0,0
8,90,10.903,123,419765,31,-39,-2,1768,0,0,0,0,0,17,940,-633,-166,0,0,0,0,0
8,90,10.96,124,419821,31,-39,-2,1768,0,0,0,0,0,17,940,-633,-166,0,0,0,0,0
8,90,11.016,125,419877,31,-39,-2,1768,0,0,0,0,0,17,940,-633,-166,0,0,0,0,0
8,90,11.072,126,419933,31,-39,-2,1768,0,0,0,0,0,17,940,-633,-166,0,0,0,0,0
8,90,11.184,0,420045,31,-39,-2,1768,0,0,0,0,0,17,940,-633,-166,0,0,0,0,0
8,90,11.24,1,420102,31,-39,-2,1768,0,0,0,0,0,17,940,-633,-166,0,0,0,0,0
8,90,11.572,7,420433,31,-39,-2,1768,0,0,0,0,0,17,940,-633,-166,0,0,0,0,0
8,90,11.683,9,420545,31,-39,-2,1768,0,0,0,0,0,17,940,-633,-166,0,0,0,0,0
8,90,11.739,10,420602,31,-39,-2,1768,0,0,0,0,0,17,940,-633,-166,0,0,0,0,0
8,90,11.795,11,420657,31,-39,-2,1768,0,0,0,0,0,17,940,-633,-166,0,0,0,0,0
8,90,11.852,12,420713,31,-39,-2,1768,0,0,0,0,0,17,940,-633,-166,0,0,0,0,0
8,90,11.909,13,420769,31,-39,-2,1768,0,0,0,0,0,17,940,-633,-166,0,0,0,0,0
8,90,11.963,14,420825,31,-39,-2,1768,0,0,0,0,0,17,940,-633,-166,0,0,0,0,0
8,90,12.075,16,420937,31,-39,-2,1768,0,0,0,0,0,17,940,-633,-166,0,0,0,0,0
8,90,12.131,17,420993,31,-39,-2,1768,0,0,0,0,0,17,940,-633,-166,0,0,0,0,0
8,90,12.187,18,421049,31,-39,-2,1768,0,0,0,0,0,17,940,-633,-166,0,0,0,0,0
8,90,12.243,19,421105,31,-39,-2,1768,0,0,0,0,0,17,940,-633,-166,0,0,0,0,0
8,90,12.299,20,421161,31,-39,-2,1768,0,0,0,0,0,17,940,-633,-166,0,0,0,0,0
8,90,12.411,22,421273,31,-39,-2,1768,0,0,0,0,0,17,940,-633,-166,0,0,0,0,0
8,90,12.468,23,421329,31,-39,-2,1768,0,0,0,0,0,17,940,-633,-166,0,0,0,0,0
8,90,12.687,27,421549,31,-39,-2,1768,0,0,0,0,0,17,940,-633,-166,0,0,0,0,0
8,90,12.743,28,421605,31,-39,-2,1768,0,0,0,0,0,17,940,-633,-166,0,0,0,0,0
8,90,12.8,29,421662,31,-39,-2,1768,0,0,0,0,0,17,940,-633,-166,0,0,0,0,0
8,90,13.024,33,421885,31,-39,-2,1768,0,0,0,0,0,17,940,-633,-166,0,0,0,0,0
8,90,13.08,34,421941,31,-39,-2,1768,0,0,0,0,0,17,940,-633,-166,0,0,0,0,0
8,90,13.136,35,421997,31,-39,-2,1768,0,0,0,0,0,17,940,-633,-166,0,0,0,0,0
8,90,13.191,36,422053,31,-39,-2,1768,0,0,0,0,0,17,940,-633,-166,0,0,0,0,0
8,90,13.304,38,422165,31,-39,-2,1768,0,0,0,0,0,17,940,-633,-166,0,0,0,0,0
8,90,13.36,39,422221,31,-39,-2,1768,0,0,0,0,0,17,940,-633,-166,0,0,0,0,0
8,90,13.415,40,422277,31,-39,-2,1768,0,0,0,0,0,17,940,-633,-166,0,0,0,0,0
8,90,13.529,42,422390,31,-39,-2,1768,0,0,0,0,0,17,940,-633,-166,0,0,0,0,0
8,90,13.654,44,422502,31,-39,-2,1768,0,0,0,0,0,17,940,-633,-166,0,0,0,0,0
8,90,13.692,45,422553,31,-39,-2,1768,0,0,0,0,0,17,940,-633,-166,0,0,0,0,0
8,90,13.749,46,422609,31,-39,-2,1768,0,0,0,0,0,17,940,-633,-166,0,0,0,0,0
8,90,13.804,47,422665,31,-39,-2,1768,0,0,0,0,0,17,940,-633,-166,0,0,0,0,0
8,90,13.922,49,422777,31,-39,-2,1768,0,0,0,0,0,17,940,-633,-166,0,0,0,0,0
8,90,14.028,51,422889,31,-39,-2,1768,0,0,0,0,0,17,940,-633,-166,0,0,0,0,0
8,90,14.086,52,422945,31,-39,-2,1768,0,0,0,0,0,17,940,-633,-166,0,0,0,0,0
8,90,14.14,53,423002,31,-39,-2,1768,0,0,0,0,0,17,940,-633,-166,0,0,0,0,0
8,90,14.251,55,423113,31,-39,-2,1768,0,0,0,0,0,17,940,-633,-166,0,0,0,0,0
8,90,14.307,56,423170,31,-39,-2,1768,0,0,0,0,0,17,940,-633,-166,0,0,0,0,0
8,90,14.363,57,423225,31,-39,-2,1768,0,0,0,0,0,17,940,-633,-166,0,0,0,0,0
8,90,14.424,58,423281,31,-39,-2,1768,0,0,0,0,0,17,940,-633,-166,0,0,0,0,0
8,90,14.588,61,423449,31,-39,-2,1768,0,0,0,0,0,17,940,-633,-166,0,0,0,0,0
8,90,14.643,62,423505,31,-39,-2,1768,0,0,0,0,0,17,940,-633,-166,0,0,0,0,0
8,90,14.707,63,423561,31,-39,-2,1768,0,0,0,0,0,17,940,-633,-166,0,0,0,0,0
8,90,14.751,64,423614,31,-39,-2,1768,0,0,0,0,0,17,940,-633,-166,0,0,0,0,0
8,90,14.864,66,423725,31,-39,-2,1768,0,0,0,0,0,17,940,-633,-166,0,0,0,0,0
8,90,14.919,67,423781,31,-39,-2,1768,0,0,0,0,0,17,940,-633,-166,0,0,0,0,0
8,90,14.976,68,423837,31,-39,-2,1768,0,0,0,0,0,17,940,-633,-166,0,0,0,0,0
8,90,15.032,69,423893,31,-39,-2,1768,0,0,0,0,0,17,940,-633,-166,0,0,0,0,0
8,90,15.255,73,424117,31,-39,-2,1768,0,0,0,0,0,17,940,-633,-166,0,0,0,0,0
8,90,15.367,75,424229,31,-39,-2,1768,0,0,0,0,0,17,940,-633,-166,0,0,0,0,0
8,90,15.479,77,424341,31,-39,-2,1768,0,0,0,0,0,17,940,-633,-166,0,0,0,0,0
8,90,15.536,78,424397,31,-39,-2,1768,0,0,0,0,0,17,940,-633,-166,0,0,0,0,0
8,90,15.591,79,424453,31,-39,-2,1768,0,0,0,0,0,17,940,-633,-166,0,0,0,0,0
8,90,15.647,80,424509,31,-39,-2,1768,0,0,0,0,0,17,940,-633,-166,0,0,0,0,0
8,90,15.768,82,424621,31,-39,-2,1768,0,0,0,0,0,17,940,-633,-166,0,0,0,0,0
8,90,16.092,88,424953,31,-39,-2,1768,0,0,0,0,0,17,940,-633,-166,0,0,0,0,0
8,90,16.147,89,425009,31,-39,-2,1768,0,0,0,0,0,17,940,-633,-166,0,0,0,0,0
8,90,16.204,90,425065,31,-39,-2,1768,0,0,0,0,0,17,940,-633,-166,0,0,0,0,0
8,90,16.261,91,425121,31,-39,-2,1768,0,0,0,0,0,17,940,-633,-166,0,0,0,0,0
8,90,16.428,94,425290,31,-39,-2,1768,0,0,0,0,0,17,940,-633,-166,0,0,0,0,0
8,90,16.485,95,425345,31,-39,-2,1768,0,0,0,0,0,17,940,-633,-166,0,0,0,0,0
8,90,16.596,97,425458,31,-39,-2,1768,0,0,0,0,0,17,940,-633,-166,0,0,0,0,0
8,90,16.707,99,425569,31,-39,-2,1768,0,0,0,0,0,17,940,-633,-166,0,0,0,0,0
8,90,16.764,100,425625,31,-39,-2,1768,0,0,0,0,0,17,940,-633,-166,0,0,0,0,0
8,90,16.828,101,425681,31,-39,-2,1768,0,0,0,0,0,17,940,-633,-166,0,0,0,0,0
8,90,16.871,102,425733,31,-39,-2,1768,0,0,0,0,0,17,940,-633,-166,0,0,0,0,0
8,90,17.041,105,425902,31,-39,-2,1768,0,0,0,0,0,17,940,-633,-166,0,0,0,0,0
8,90,17.207,108,426069,31,-39,-2,1768,0,0,0,0,0,17,940,-633,-166,0,0,0,0,0
8,90,17.319,110,426181,31,-39,-2,1768,0,0,0,0,0,17,940,-633,-166,0,0,0,0,0
8,90,17.375,111,426238,31,-39,-2,1768,0,0,0,0,0,17,940,-633,-166,0,0,0,0,0
8,90,17.432,112,426293,31,-39,-2,1768,0,0,0,0,0,17,940,-633,-166,0,0,0,0,0
8,90,17.487,113,426349,31,-39,-2,1768,0,0,0,0,0,17,940,-633,-166,0,0,0,0,0
8,90,17.544,114,426405,31,-39,-2,1768,0,0,0,0,0,17,940,-633,-166,0,0,0,0,0
8,90,17.656,116,426517,31,-39,-2,1768,0,0,0,0,0,17,940,-633,-166,0,0,0,0,0
8,90,17.712,117,426574,31,-39,-2,1768,0,0,0,0,0,17,940,-633,-166,0,0,0,0,0
8,90,17.823,119,426685,31,-39,-2,1768,0,0,0,0,0,17,940,-633,-166,0,0,0,0,0
8,90,17.895,120,426741,31,-39,-2,1768,0,0,0,0,0,17,940,-633,-166,0,0,0,0,0
8,90,17.934,121,426793,31,-39,-2,1768,0,0,0,0,0,17,940,-633,-166,0,0,0,0,0
8,90,18.043,123,426905,31,-39,-2,1768,0,0,0,0,0,17,940,-633,-166,0,0,0,0,0
8,90,18.098,124,426961,31,-39,-2,1768,0,0,0,0,0,17,940,-633,-166,0,0,0,0,0
8,90,18.211,126,427073,31,-39,-2,1768,0,0,0,0,0,17,940,-633,-166,0,0,0,0,0
8,90,18.323,0,427185,31,-39,-2,1768,0,0,0,0,0,17,940,-633,-166,0,0,0,0,0
8,90,18.435,2,427297,31,-39,-2,1768,0,0,0,0,0,17,940,-633,-166,0,0,0,0,0
8,90,18.494,3,427353,31,-39,-2,1768,0,0,0,0,0,17,940,-633,-166,0,0,0,0,0
8,90,18.547,4,427409,31,-39,-2,1768,0,0,0,0,0,17,940,-633,-166,0,0,0,0,0
8,90,18.604,5,427465,31,-39,-2,1768,0,0,0,0,0,17,940,-633,-166,0,0,0,0,0
8,90,18.66,6,427521,31,-39,-2,1768,0,0,0,0,0,17,940,-633,-166,0,0,0,0,0
8,90,18.72,7,427577,31,-39,-2,1768,0,0,0,0,0,17,940,-633,-166,0,0,0,0,0
8,90,18.883,10,427746,31,-39,-2,1768,0,0,0,0,0,17,940,-633,-166,0,0,0,0,0
8,90,18.943,11,427802,31,-39,-2,1768,0,0,0,0,0,17,940,-633,-166,0,0,0,0,0
8,90,18.991,12,427853,31,-39,-2,1768,0,0,0,0,0,17,940,-633,-166,0,0,0,0,0
8,90,19.047,13,427909,31,-39,-2,1768,0,0,0,0,0,17,940,-633,-166,0,0,0,0,0
8,90,19.104,14,427965,31,-39,-2,1768,0,0,0,0,0,17,940,-633,-166,0,0,0,0,0
8,90,19.159,15,428021,31,-39,-2,1768,0,0,0,0,0,17,940,-633,-166,0,0,0,0,0
8,90,19.216,16,428077,31,-39,-2,1768,0,0,0,0,0,17,940,-633,-166,0,0,0,0,0
8,90,19.272,17,428133,31,-39,-2,1768,0,0,0,0,0,17,940,-633,-166,0,0,0,0,0
8,90,19.328,18,428189,31,-39,-2,1768,0,0,0,0,0,17,940,-633,-166,0,0,0,0,0
8,90,19.441,20,428302,31,-39,-2,1768,0,0,0,0,0,17,940,-633,-166,0,0,0,0,0
8,90,19.551,22,428413,31,-39,-2,1768,0,0,0,0,0,17,940,-633,-166,0,0,0,0,0
8,90,19.607,23,428469,31,-39,-2,1768,0,0,0,0,0,17,940,-633,-166,0,0,0,0,0
8,90,19.664,24,428526,31,-39,-2,1768,0,0,0,0,0,17,940,-633,-166,0,0,0,0,0
8,90,19.719,25,428581,31,-39,-2,1768,0,0,0,0,0,17,940,-633,-166,0,0,0,0,0
8,90,19.775,26,428637,31,-39,-2,1768,0,0,0,0,0,17,940,-633,-166,0,0,0,0,0
8,90,19.831,27,428693,31,-39,-2,1768,0,0,0,0,0,17,940,-633,-166,0,0,0,0,0
8,90,19.887,28,428749,31,-39,-2,1768,0,0,0,0,0,17,940,-633,-166,0,0,0,0,0
8,90,19.945,29,428805,31,-39,-2,1768,0,0,0,0,0,17,940,-633,-166,0,0,0,0,0
8,90,20.275,35,429137,31,-39,-2,1768,0,0,0,0,0,17,940,-633,-166,0,0,0,0,0
8,90,20.444,38,429306,31,-39,-2,1768,0,0,0,0,0,17,940,-633,-166,0,0,0,0,0
8,90,20.499,39,429361,31,-39,-2,1768,0,0,0,0,0,17,940,-633,-166,0,0,0,0,0
8,90,20.555,40,429417,31,-39,-2,1768,0,0,0,0,0,17,940,-633,-166,0,0,0,0,0
8,90,20.61,41,429473,31,-39,-2,1768,0,0,0,0,0,17,940,-633,-166,0,0,0,0,0
8,90,20.779,44,429641,31,-39,-2,1768,0,0,0,0,0,17,940,-633,-166,0,0,0,0,0
8,90,20.835,45,429697,31,-39,-2,1768,0,0,0,0,0,17,940,-633,-166,0,0,0,0,0
8,90,20.891,46,429753,31,-39,-2,1768,0,0,0,0,0,17,940,-633,-166,0,0,0,0,0
8,90,21.003,48,429865,31,-39,-2,1768,0,0,0,0,0,17,940,-633,-166,0,0,0,0,0
8,90,21.069,49,429921,31,-39,-2,1768,0,0,0,0,0,17,940,-633,-166,0,0,0,0,0
8,90,21.111,50,429973,31,-39,-2,1768,0,0,0,0,0,17,940,-633,-166,0,0,0,0,0
8,90,21.168,51,430029,31,-39,-2,1768,0,0,0,0,0,17,940,-633,-166,0,0,0,0,0
8,90,21.222,52,430086,31,-39,-2,1768,0,0,0,0,0,17,940,-633,-166,0,0,0,0,0
9,-107,-0.05,103,447205,31,-39,-2,1768,0,0,0,0,0,17,940,-633,-166,0,0,0,0,0
9,-107,0.007,104,447261,31,-39,-2,1768,0,0,0,0,0,17,940,-633,-166,0,0,0,0,0
9,-107,0.068,105,447321,31,-39,-2,1768,0,0,0,0,0,17,941,-633,-166,800,-800,0,0,0
9,-107,0.14,106,447393,31,-38,-2,1591,0,0,0,46,-16,18,944,-608,-188,1100,-1100,0,0,0
9,-107,0.213,107,447465,31,-38,-2,1314,0,0,0,56,-56,18,947,-569,-222,1300,-1400,0,0,0
9,-107,0.283,108,447537,31,-38,-2,905,0,0,0,62,-72,18,950,-511,-272,1500,-1600,0,0,0
9,-107,0.429,110,447681,31,-38,-2,-538,0,0,0,128,-128,18,956,-319,-461,2400,-2400,0,0,0
9,-107,0.5,111,447753,31,-38,-2,-1640,0,0,0,174,-164,18,959,-172,-605,2600,-2600,0,0,0
9,-107,0.572,112,447825,31,-38,-2,-2916,0,0,0,200,-183,18,962,-5,-775,2500,-2600,0,0,0
9,-107,0.644,113,447897,31,-38,-2,-4185,0,0,0,180,-203,18,965,155,-950,2500,-2500,0,0,0
9,-107,0.716,114,447969,31,-39,-2,-5404,0,0,0,164,-180,18,968,311,-1116,2300,-2300,0,0,0
9,-107,0.988,117,448242,31,-39,-1,-8695,0,0,0,0,0,18,981,733,-1563,0,0,0,0,0
9,-107,1.039,118,448293,31,-39,-1,-8695,0,0,0,0,0,18,983,733,-1563,0,0,0,0,0
9,-107,1.111,119,448365,31,-39,-1,-8695,0,0,0,0,0,18,986,733,-1563,0,0,0,0,0
9,-107,1.184,120,448437,31,-39,-1,-8695,0,0,0,0,0,18,989,733,-1563,0,0,0,0,0
9,-107,1.4,123,448653,31,-39,-1,-8695,0,0,0,0,0,18,998,733,-1563,0,0,0,0,0
9,-107,1.545,125,448797,31,-39,-1,-8695,0,0,0,0,0,18,1004,733,-1563,0,0,0,0,0
9,-107,1.615,126,448869,31,-39,-1,-8695,0,0,0,0,0,18,1007,733,-1563,0,0,0,0,0
9,-107,1.759,0,449014,31,-39,-1,-8695,0,0,0,0,0,18,1013,733,-1563,0,0,0,0,0
9,-107,1.831,1,449086,31,-39,-1,-8695,0,0,0,0,0,18,1016,733,-1563,0,0,0,0,0
9,-107,1.975,3,449229,31,-39,-1,-8695,0,0,0,0,0,18,1022,733,-1563,0,0,0,0,0
9,-107,2.048,4,449302,31,-39,-1,-8695,0,0,0,0,0,18,1025,733,-1563,0,0,0,0,0
9,-107,2.274,7,449517,31,-39,-1,-8695,0,0,0,0,0,18,1034,733,-1563,0,0,0,0,0
9,-107,2.337,8,449590,31,-39,-1,-8695,0,0,0,0,0,18,1037,733,-1563,0,0,0,0,0
9,-107,2.408,9,449661,31,-39,-1,-8695,0,0,0,0,0,18,1040,733,-1563,0,0,0,0,0
9,-107,2.479,10,449733,31,-39,-1,-8695,0,0,0,0,0,18,1043,733,-1563,0,0,0,0,0
9,-107,2.552,11,449805,31,-39,-1,-8695,0,0,0,0,0,18,1046,733,-1563,0,0,0,0,0
9,-107,2.622,12,449878,31,-39,-1,-8695,0,0,0,0,0,18,1049,733,-1563,0,0,0,0,0
9,-107,2.695,13,449950,31,-39,-1,-8695,0,0,0,0,0,18,1052,733,-1563,0,0,0,0,0
9,-107,2.84,15,450094,31,-39,-1,-8695,0,0,0,0,0,18,1058,733,-1563,0,0,0,0,0
9,-107,2.912,16,450165,31,-39,-1,-8695,0,0,0,0,0,18,1061,733,-1563,0,0,0,0,0
9,-107,2.984,17,450237,31,-39,-1,-8695,0,0,0,0,0,18,1064,733,-1563,0,0,0,0,0
9,-107,3.056,18,450309,31,-39,-1,-8695,0,0,0,0,0,18,1067,733,-1563,0,0,0,0,0
9,-107,3.167,20,450422,31,-39,-1,-8695,0,0,0,0,0,18,1068,733,-1563,0,0,0,0,0
9,-107,3.334,23,450589,31,-39,-1,-8695,0,0,0,0,0,18,1068,733,-1563,0,0,0,0,0
9,-107,3.392,24,450645,31,-39,-1,-8695,0,0,0,0,0,18,1068,733,-1563,0,0,0,0,0
9,-107,3.447,25,450702,31,-39,-1,-8695,0,0,0,0,0,18,1068,733,-1563,0,0,0,0,0
9,-107,3.512,26,450757,31,-39,-1,-8695,0,0,0,0,0,18,1068,733,-1563,0,0,0,0,0
9,-107,3.554,27,450810,31,-39,-1,-8695,0,0,0,0,0,18,1068,733,-1563,0,0,0,0,0
9,-107,3.612,28,450866,31,-39,-1,-8695,0,0,0,0,0,18,1068,733,-1563,0,0,0,0,0
9,-107,3.668,29,450921,31,-39,-1,-8695,0,0,0,0,0,18,1068,733,-1563,0,0,0,0,0
9,-107,3.724,30,450977,31,-39,-1,-8695,0,0,0,0,0,18,1068,733,-1563,0,0,0,0,0
9,-107,3.779,31,451033,31,-39,-1,-8695,0,0,0,0,0,18,1068,733,-1563,0,0,0,0,0
9,-107,3.891,33,451145,31,-39,-1,-8695,0,0,0,0,0,18,1068,733,-1563,0,0,0,0,0
9,-107,3.946,34,451202,31,-39,-1,-8695,0,0,0,0,0,18,1068,733,-1563,0,0,0,0,0
9,-107,4.011,35,451259,31,-39,-1,-8695,0,0,0,0,0,18,1068,733,-1563,0,0,0,0,0
9,-107,4.059,36,451313,31,-39,-1,-8695,0,0,0,0,0,18,1068,733,-1563,0,0,0,0,0
9,-107,4.114,37,451370,31,-39,-1,-8695,0,0,0,0,0,18,1068,733,-1563,0,0,0,0,0
9,-107,4.172,38,451425,31,-39,-1,-8695,0,0,0,0,0,18,1068,733,-1563,0,0,0,0,0
9,-107,4.227,39,451481,31,-39,-1,-8695,0,0,0,0,0,18,1068,733,-1563,0,0,0,0,0
9,-107,4.284,40,451537,31,-39,-1,-8695,0,0,0,0,0,18,1068,733,-1563,0,0,0,0,0
9,-107,4.395,42,451649,31,-39,-1,-8695,0,0,0,0,0,18,1068,733,-1563,0,0,0,0,0
9,-107,4.565,45,451817,31,-39,-1,-8695,0,0,0,0,0,18,1068,733,-1563,0,0,0,0,0
9,-107,4.616,46,451869,31,-39,-1,-8695,0,0,0,0,0,18,1068,733,-1563,0,0,0,0,0
9,-107,4.671,47,451926,31,-39,-1,-8695,0,0,0,0,0,18,1068,733,-1563,0,0,0,0,0
9,-107,4.729,48,451981,31,-39,-1,-8695,0,0,0,0,0,18,1068,733,-1563,0,0,0,0,0
9,-107,4.784,49,452037,31,-39,-1,-8695,0,0,0,0,0,18,1068,733,-1563,0,0,0,0,0
9,-107,4.84,50,452094,31,-39,-1,-8695,0,0,0,0,0,18,1068,733,-1563,0,0,0,0,0
9,-107,4.895,51,452149,31,-39,-1,-8695,0,0,0,0,0,18,1068,733,-1563,0,0,0,0,0
9,-107,4.951,52,452205,31,-39,-1,-8695,0,0,0,0,0,18,1068,733,-1563,0,0,0,0,0
9,-107,5.007,53,452261,31,-39,-1,-8695,0,0,0,0,0,18,1068,733,-1563,0,0,0,0,0
9,-107,5.119,55,452373,31,-39,-1,-8695,0,0,0,0,0,18,1068,733,-1563,0,0,0,0,0
9,-107,5.175,56,452429,31,-39,-1,-8695,0,0,0,0,0,18,1068,733,-1563,0,0,0,0,0
9,-107,5.231,57,452485,31,-39,-1,-8695,0,0,0,0,0,18,1068,733,-1563,0,0,0,0,0
9,-107,5.288,58,452541,31,-39,-1,-8695,0,0,0,0,0,18,1068,733,-1563,0,0,0,0,0
9,-107,5.343,59,452597,31,-39,-1,-8695,0,0,0,0,0,18,1068,733,-1563,0,0,0,0,0
9,-107,5.399,60,452654,31,-39,-1,-8695,0,0,0,0,0,18,1068,733,-1563,0,0,0,0,0
9,-107,5.455,61,452709,31,-39,-1,-8695,0,0,0,0,0,18,1068,733,-1563,0,0,0,0,0
9,-107,5.51,62,452765,31,-39,-1,-8695,0,0,0,0,0,18,1068,733,-1563,0,0,0,0,0
9,-107,5.631,64,452877,31,-39,-1,-8695,0,0,0,0,0,18,1068,733,-1563,0,0,0,0,0
9,-107,5.675,65,452929,31,-39,-1,-8695,0,0,0,0,0,18,1068,733,-1563,0,0,0,0,0
9,-107,5.787,67,453041,31,-39,-1,-8695,0,0,0,0,0,18,1068,733,-1563,0,0,0,0,0
9,-107,5.844,68,453097,31,-39,-1,-8695,0,0,0,0,0,18,1068,733,-1563,0,0,0,0,0
9,-107,5.955,70,453209,31,-39,-1,-8695,0,0,0,0,0,18,1068,733,-1563,0,0,0,0,0
9,-107,6.068,72,453321,31,-39,-1,-8695,0,0,0,0,0,18,1068,733,-1563,0,0,0,0,0
9,-107,6.123,73,453377,31,-39,-1,-8695,0,0,0,0,0,18,1068,733,-1563,0,0,0,0,0
9,-107,6.18,74,453434,31,-39,-1,-8695,0,0,0,0,0,18,1068,733,-1563,0,0,0,0,0
9,-107,6.235,75,453489,31,-39,-1,-8695,0,0,0,0,0,18,1068,733,-1563,0,0,0,0,0
9,-107,6.348,77,453602,31,-39,-1,-8695,0,0,0,0,0,18,1068,733,-1563,0,0,0,0,0
9,-107,6.515,80,453769,31,-39,-1,-8695,0,0,0,0,0,18,1068,733,-1563,0,0,0,0,0
9,-107,6.571,81,453825,31,-39,-1,-8695,0,0,0,0,0,18,1068,733,-1563,0,0,0,0,0
9,-107,6.627,82,453881,31,-39,-1,-8695,0,0,0,0,0,18,1068,733,-1563,0,0,0,0,0
9,-107,6.692,83,453937,31,-39,-1,-8695,0,0,0,0,0,18,1068,733,-1563,0,0,0,0,0
9,-107,6.792,85,454045,31,-39,-1,-8695,0,0,0,0,0,18,1068,733,-1563,0,0,0,0,0
9,-107,6.848,86,454102,31,-39,-1,-8695,0,0,0,0,0,18,1068,733,-1563,0,0,0,0,0
9,-107,7.073,90,454325,31,-39,-1,-8695,0,0,0,0,0,18,1068,733,-1563,0,0,0,0,0
9,-107,7.183,92,454437,31,-39,-1,-8695,0,0,0,0,0,18,1068,733,-1563,0,0,0,0,0
9,-107,7.351,95,454605,31,-39,-1,-8695,0,0,0,0,0,18,1068,733,-1563,0,0,0,0,0
9,-107,7.406,96,454661,31,-39,-1,-8695,0,0,0,0,0,18,1068,733,-1563,0,0,0,0,0
9,-107,7.463,97,454717,31,-39,-1,-8695,0,0,0,0,0,18,1068,733,-1563,0,0,0,0,0
9,-107,7.519,98,454773,31,-39,-1,-8695,0,0,0,0,0,18,1068,733,-1563,0,0,0,0,0
9,-107,7.687,101,454942,31,-39,-1,-8695,0,0,0,0,0,18,1068,733,-1563,0,0,0,0,0
9,-107,7.751,102,454998,31,-39,-1,-8695,0,0,0,0,0,18,1068,733,-1563,0,0,0,0,0
9,-107,7.795,103,455049,31,-39,-1,-8695,0,0,0,0,0,18,1068,733,-1563,0,0,0,0,0
9,-107,7.851,104,455105,31,-39,-1,-8695,0,0,0,0,0,18,1068,733,-1563,0,0,0,0,0
9,-107,7.907,105,455161,31,-39,-1,-8695,0,0,0,0,0,18,1068,733,-1563,0,0,0,0,0
9,-107,8.019,107,455273,31,-39,-1,-8695,0,0,0,0,0,18,1068,733,-1563,0,0,0,0,0
9,-107,8.075,108,455329,31,-39,-1,-8695,0,0,0,0,0,18,1068,733,-1563,0,0,0,0,0
9,-107,8.301,112,455553,31,-39,-1,-8695,0,0,0,0,0,18,1068,733,-1563,0,0,0,0,0
9,-107,8.411,114,455665,31,-39,-1,-8695,0,0,0,0,0,18,1068,733,-1563,0,0,0,0,0
9,-107,8.523,116,455778,31,-39,-1,-8695,0,0,0,0,0,18,1068,733,-1563,0,0,0,0,0
9,-107,8.579,117,455833,31,-39,-1,-8695,0,0,0,0,0,18,1068,733,-1563,0,0,0,0,0
9,-107,8.636,118,455889,31,-39,-1,-8695,0,0,0,0,0,18,1068,733,-1563,0,0,0,0,0
9,-107,8.691,119,455945,31,-39,-1,-8695,0,0,0,0,0,18,1068,733,-1563,0,0,0,0,0
9,-107,8.967,124,456222,31,-39,-1,-8695,0,0,0,0,0,18,1068,733,-1563,0,0,0,0,0
9,-107,9.022,125,456278,31,-39,-1,-8695,0,0,0,0,0,18,1068,733,-1563,0,0,0,0,0
9,-107,9.079,126,456333,31,-39,-1,-8695,0,0,0,0,0,18,1068,733,-1563,0,0,0,0,0
9,-107,9.135,127,456389,31,-39,-1,-8695,0,0,0,0,0,18,1068,733,-1563,0,0,0,0,0
9,-107,9.191,0,456445,31,-39,-1,-8695,0,0,0,0,0,18,1068,733,-1563,0,0,0,0,0
9,-107,9.247,1,456502,31,-39,-1,-8695,0,0,0,0,0,18,1068,733,-1563,0,0,0,0,0
9,-107,9.303,2,456557,31,-39,-1,-8695,0,0,0,0,0,18,1068,733,-1563,0,0,0,0,0
9,-107,9.64,8,456893,31,-39,-1,-8695,0,0,0,0,0,18,1068,733,-1563,0,0,0,0,0
9,-107,9.751,10,457005,31,-39,-1,-8695,0,0,0,0,0,18,1068,733,-1563,0,0,0,0,0
9,-107,9.807,11,457062,31,-39,-1,-8695,0,0,0,0,0,18,1068,733,-1563,0,0,0,0,0
9,-107,9.872,12,457118,31,-39,-1,-8695,0,0,0,0,0,18,1068,733,-1563,0,0,0,0,0
9,-107,9.915,13,457169,31,-39,-1,-8695,0,0,0,0,0,18,1068,733,-1563,0,0,0,0,0
9,-107,10.035,15,457282,31,-39,-1,-8695,0,0,0,0,0,18,1068,733,-1563,0,0,0,0,0
9,-107,10.143,17,457394,31,-39,-1,-8695,0,0,0,0,0,18,1068,733,-1563,0,0,0,0,0
9,-107,10.251,19,457506,31,-39,-1,-8695,0,0,0,0,0,18,1068,733,-1563,0,0,0,0,0
9,-107,10.307,20,457561,31,-39,-1,-8695,0,0,0,0,0,18,1068,733,-1563,0,0,0,0,0
9,-107,10.42,22,457673,31,-39,-1,-8695,0,0,0,0,0,18,1068,733,-1563,0,0,0,0,0
9,-107,10.476,23,457730,31,-39,-1,-8695,0,0,0,0,0,18,1068,733,-1563,0,0,0,0,0
9,-107,10.533,24,457785,31,-39,-1,-8695,0,0,0,0,0,18,1068,733,-1563,0,0,0,0,0
9,-107,10.701,27,457953,31,-39,-1,-8695,0,0,0,0,0,18,1068,733,-1563,0,0,0,0,0
9,-107,10.814,29,458065,31,-39,-1,-8695,0,0,0,0,0,18,1068,733,-1563,0,0,0,0,0
9,-107,10.866,30,458121,31,-39,-1,-8695,0,0,0,0,0,18,1068,733,-1563,0,0,0,0,0
9,-107,10.975,32,458229,31,-39,-1,-8695,0,0,0,0,0,18,1068,733,-1563,0,0,0,0,0
9,-107,11.032,33,458285,31,-39,-1,-8695,0,0,0,0,0,18,1068,733,-1563,0,0,0,0,0
9,-107,11.087,34,458341,31,-39,-1,-8695,0,0,0,0,0,18,1068,733,-1563,0,0,0,0,0
9,-107,11.144,35,458397,31,-39,-1,-8695,0,0,0,0,0,18,1068,733,-1563,0,0,0,0,0
9,-107,11.256,37,458509,31,-39,-1,-8695,0,0,0,0,0,18,1068,733,-1563,0,0,0,0,0
9,-107,11.366,39,458621,31,-39,-1,-8695,0,0,0,0,0,18,1068,733,-1563,0,0,0,0,0
9,-107,11.425,40,458677,31,-39,-1,-8695,0,0,0,0,0,18,1068,733,-1563,0,0,0,0,0
9,-107,11.48,41,458733,31,-39,-1,-8695,0,0,0,0,0,18,1068,733,-1563,0,0,0,0,0
9,-107,11.535,42,458790,31,-39,-1,-8695,0,0,0,0,0,18,1068,733,-1563,0,0,0,0,0
9,-107,11.59,43,458845,31,-39,-1,-8695,0,0,0,0,0,18,1068,733,-1563,0,0,0,0,0
9,-107,11.647,44,458902,31,-39,-1,-8695,0,0,0,0,0,18,1068,733,-1563,0,0,0,0,0
9,-107,11.704,45,458957,31,-39,-1,-8695,0,0,0,0,0,18,1068,733,-1563,0,0,0,0,0
9,-107,11.759,46,459013,31,-39,-1,-8695,0,0,0,0,0,18,1068,733,-1563,0,0,0,0,0
9,-107,11.984,50,459238,31,-39,-1,-8695,0,0,0,0,0,18,1068,733,-1563,0,0,0,0,0
9,-107,12.034,51,459289,31,-39,-1,-8695,0,0,0,0,0,18,1068,733,-1563,0,0,0,0,0
9,-107,12.091,52,459345,31,-39,-1,-8695,0,0,0,0,0,18,1068,733,-1563,0,0,0,0,0
9,-107,12.147,53,459402,31,-39,-1,-8695,0,0,0,0,0,18,1068,733,-1563,0,0,0,0,0
9,-107,12.202,54,459457,31,-39,-1,-8695,0,0,0,0,0,18,1068,733,-1563,0,0,0,0,0
9,-107,12.258,55,459513,31,-39,-1,-8695,0,0,0,0,0,18,1068,733,-1563,0,0,0,0,0
9,-107,12.315,56,459570,31,-39,-1,-8695,0,0,0,0,0,18,1068,733,-1563,0,0,0,0,0
9,-107,12.37,57,459625,31,-39,-1,-8695,0,0,0,0,0,18,1068,733,-1563,0,0,0,0,0
9,-107,12.426,58,459681,31,-39,-1,-8695,0,0,0,0,0,18,1068,733,-1563,0,0,0,0,0
9,-107,12.483,59,459737,31,-39,-1,-8695,0,0,0,0,0,18,1068,733,-1563,0,0,0,0,0
9,-107,12.594,61,459849,31,-39,-1,-8695,0,0,0,0,0,18,1068,733,-1563,0,0,0,0,0
9,-107,12.707,63,459961,31,-39,-1,-8695,0,0,0,0,0,18,1068,733,-1563,0,0,0,0,0
9,-107,12.818,65,460073,31,-39,-1,-8695,0,0,0,0,0,18,1068,733,-1563,0,0,0,0,0
9,-107,12.874,66,460129,31,-39,-1,-8695,0,0,0,0,0,18,1068,733,-1563,0,0,0,0,0
9,-107,12.93,67,460185,31,-39,-1,-8695,0,0,0,0,0,18,1068,733,-1563,0,0,0,0,0
9,-107,12.986,68,460241,31,-39,-1,-8695,0,0,0,0,0,18,1068,733,-1563,0,0,0,0,0
9,-107,13.095,70,460350,31,-39,-1,-8695,0,0,0,0,0,18,1068,733,-1563,0,0,0,0,0
9,-107,13.151,71,460406,31,-39,-1,-8695,0,0,0,0,0,18,1068,733,-1563,0,0,0,0,0
9,-107,13.375,75,460629,31,-39,-1,-8695,0,0,0,0,0,18,1068,733,-1563,0,0,0,0,0
9,-107,13.431,76,460686,31,-39,-1,-8695,0,0,0,0,0,18,1068,733,-1563,0,0,0,0,0
9,-107,13.488,77,460741,31,-39,-1,-8695,0,0,0,0,0,18,1068,733,-1563,0,0,0,0,0
9,-107,13.544,78,460797,31,-39,-1,-8695,0,0,0,0,0,18,1068,733,-1563,0,0,0,0,0
9,-107,13.598,79,460853,31,-39,-1,-8695,0,0,0,0,0,18,1068,733,-1563,0,0,0,0,0
9,-107,13.654,80,460909,31,-39,-1,-8695,0,0,0,0,0,18,1068,733,-1563,0,0,0,0,0
9,-107,13.71,81,460965,31,-39,-1,-8695,0,0,0,0,0,18,1068,733,-1563,0,0,0,0,0
9,-107,13.822,83,461078,31,-39,-1,-8695,0,0,0,0,0,18,1068,733,-1563,0,0,0,0,0
9,-107,13.934,85,461189,31,-39,-1,-8695,0,0,0,0,0,18,1068,733,-1563,0,0,0,0,0
9,-107,13.991,86,461245,31,-39,-1,-8695,0,0,0,0,0,18,1068,733,-1563,0,0,0,0,0
9,-107,14.048,87,461302,31,-39,-1,-8695,0,0,0,0,0,18,1068,733,-1563,0,0,0,0,0
9,-107,14.111,88,461357,31,-39,-1,-8695,0,0,0,0,0,18,1068,733,-1563,0,0,0,0,0
9,-107,14.164,89,461410,31,-39,-1,-8695,0,0,0,0,0,18,1068,733,-1563,0,0,0,0,0
9,-107,14.21,90,461465,31,-39,-1,-8695,0,0,0,0,0,18,1068,733,-1563,0,0,0,0,0
9,-107,14.267,91,461521,31,-39,-1,-8695,0,0,0,0,0,18,1068,733,-1563,0,0,0,0,0
9,-107,14.324,92,461577,31,-39,-1,-8695,0,0,0,0,0,18,1068,733,-1563,0,0,0,0,0
9,-107,14.379,93,461633,31,-39,-1,-8695,0,0,0,0,0,18,1068,733,-1563,0,0,0,0,0
9,-107,14.547,96,461802,31,-39,-1,-8695,0,0,0,0,0,18,1068,733,-1563,0,0,0,0,0
9,-107,14.603,97,461858,31,-39,-1,-8695,0,0,0,0,0,18,1068,733,-1563,0,0,0,0,0
9,-107,14.66,98,461913,31,-39,-1,-8695,0,0,0,0,0,18,1068,733,-1563,0,0,0,0,0
9,-107,14.715,99,461969,31,-39,-1,-8695,0,0,0,0,0,18,1068,733,-1563,0,0,0,0,0
9,-107,14.772,100,462025,31,-39,-1,-8695,0,0,0,0,0,18,1068,733,-1563,0,0,0,0,0
9,-107,14.828,101,462081,31,-39,-1,-8695,0,0,0,0,0,18,1068,733,-1563,0,0,0,0,0
9,-107,14.942,103,462193,31,-39,-1,-8695,0,0,0,0,0,18,1068,733,-1563,0,0,0,0,0
9,-107,15.052,105,462305,31,-39,-1,-8695,0,0,0,0,0,18,1068,733,-1563,0,0,0,0,0
9,-107,15.108,106,462362,31,-39,-1,-8695,0,0,0,0,0,18,1068,733,-1563,0,0,0,0,0
9,-107,15.172,107,462417,31,-39,-1,-8695,0,0,0,0,0,18,1068,733,-1563,0,0,0,0,0
9,-107,15.271,109,462525,31,-39,-1,-8695,0,0,0,0,0,18,1068,733,-1563,0,0,0,0,0
9,-107,15.384,111,462638,31,-39,-1,-8695,0,0,0,0,0,18,1068,733,-1563,0,0,0,0,0
9,-107,15.439,112,462693,31,-39,-1,-8695,0,0,0,0,0,18,1068,733,-1563,0,0,0,0,0
9,-107,15.496,113,462749,31,-39,-1,-8695,0,0,0,0,0,18,1068,733,-1563,0,0,0,0,0
9,-107,15.719,117,462973,31,-39,-1,-8695,0,0,0,0,0,18,1068,733,-1563,0,0,0,0,0
9,-107,15.775,118,463030,31,-39,-1,-8695,0,0,0,0,0,18,1068,733,-1563,0,0,0,0,0
9,-107,15.831,119,463086,31,-39,-1,-8695,0,0,0,0,0,18,1068,733,-1563,0,0,0,0,0
9,-107,15.887,120,463141,31,-39,-1,-8695,0,0,0,0,0,18,1068,733,-1563,0,0,0,0,0
9,-107,15.944,121,463197,31,-39,-1,-8695,0,0,0,0,0,18,1068,733,-1563,0,0,0,0,0
9,-107,15.999,122,463253,31,-39,-1,-8695,0,0,0,0,0,18,1068,733,-1563,0,0,0,0,0
9,-107,16.055,123,463309,31,-39,-1,-8695,0,0,0,0,0,18,1068,733,-1563,0,0,0,0,0
9,-107,16.114,124,463366,31,-39,-1,-8695,0,0,0,0,0,18,1068,733,-1563,0,0,0,0,0
9,-107,16.169,125,463421,31,-39,-1,-8695,0,0,0,0,0,18,1068,733,-1563,0,0,0,0,0
9,-107,16.277,127,463529,31,-39,-1,-8695,0,0,0,0,0,18,1068,733,-1563,0,0,0,0,0
9,-107,16.497,3,463753,31,-39,-1,-8695,0,0,0,0,0,18,1068,733,-1563,0,0,0,0,0
10,107,0.062,13,478605,31,-39,-1,-8695,0,0,0,0,0,18,1069,733,-1563,-800,800,0,0,0
10,107,0.134,14,478677,31,-39,0,-8551,0,0,0,-46,16,18,1072,708,-1550,-1100,1200,0,0,0
10,107,0.278,16,478822,31,-39,1,-7812,0,0,0,-82,66,18,1078,597,-1466,-1500,1700,0,0,0
10,107,0.567,20,479109,31,-40,3,-3954,0,0,0,-200,164,18,1090,61,-983,-2300,2500,0,0,0
10,107,0.637,21,479181,31,-41,3,-2768,0,0,0,-170,164,18,1093,-102,-833,-2100,2500,0,0,0
10,107,0.781,23,479325,31,-40,3,-560,0,0,0,-144,164,18,1099,-388,-536,-1900,2400,0,0,0
10,107,0.985,25,479529,31,-40,1,928,0,0,0,0,0,18,1110,-586,-341,0,0,0,0,0
10,107,1.057,26,479602,31,-40,1,928,0,0,0,0,0,18,1113,-586,-341,0,0,0,0,0
10,107,1.13,27,479673,31,-40,1,928,0,0,0,0,0,18,1116,-586,-341,0,0,0,0,0
10,107,1.2,28,479746,31,-40,1,928,0,0,0,0,0,18,1119,-586,-341,0,0,0,0,0
10,107,1.273,29,479817,31,-40,1,928,0,0,0,0,0,18,1122,-586,-341,0,0,0,0,0
10,107,1.488,32,480033,31,-40,1,928,0,0,0,0,0,18,1131,-586,-341,0,0,0,0,0
10,107,1.561,33,480105,31,-40,1,928,0,0,0,0,0,18,1134,-586,-341,0,0,0,0,0
10,107,1.704,35,480249,31,-40,1,928,0,0,0,0,0,18,1140,-586,-341,0,0,0,0,0
10,107,1.777,36,480322,31,-40,1,928,0,0,0,0,0,18,1143,-586,-341,0,0,0,0,0
10,107,1.848,37,480393,31,-40,1,928,0,0,0,0,0,18,1146,-586,-341,0,0,0,0,0
10,107,1.922,38,480465,31,-40,1,928,0,0,0,0,0,18,1149,-586,-341,0,0,0,0,0
10,107,2.064,40,480609,31,-40,1,928,0,0,0,0,0,18,1155,-586,-341,0,0,0,0,0
10,107,2.135,41,480682,31,-40,1,928,0,0,0,0,0,18,1158,-586,-341,0,0,0,0,0
10,107,2.209,42,480753,31,-40,1,928,0,0,0,0,0,18,1161,-586,-341,0,0,0,0,0
10,107,2.282,43,480825,31,-40,1,928,0,0,0,0,0,18,1164,-586,-341,0,0,0,0,0
10,107,2.353,44,480897,31,-40,1,928,0,0,0,0,0,18,1167,-586,-341,0,0,0,0,0
10,107,2.424,45,480969,31,-40,1,928,0,0,0,0,0,18,1170,-586,-341,0,0,0,0,0
10,107,2.569,47,481114,31,-40,1,928,0,0,0,0,0,18,1176,-586,-341,0,0,0,0,0
10,107,2.64,48,481186,31,-40,1,928,0,0,0,0,0,18,1179,-586,-341,0,0,0,0,0
10,107,2.713,49,481258,31,-40,1,928,0,0,0,0,0,18,1182,-586,-341,0,0,0,0,0
10,107,2.784,50,481329,31,-40,1,928,0,0,0,0,0,18,1185,-586,-341,0,0,0,0,0
10,107,2.929,52,481473,31,-40,1,928,0,0,0,0,0,18,1191,-586,-341,0,0,0,0,0
10,107,3.001,53,481545,31,-40,1,928,0,0,0,0,0,18,1194,-586,-341,0,0,0,0,0
10,107,3.073,54,481618,31,-40,1,928,0,0,0,0,0,18,1197,-586,-341,0,0,0,0,0
10,107,3.196,56,481741,31,-40,1,928,0,0,0,0,0,18,1200,-586,-341,0,0,0,0,0
10,107,3.254,57,481797,31,-40,1,928,0,0,0,0,0,18,1200,-586,-341,0,0,0,0,0
10,107,3.309,58,481853,31,-40,1,928,0,0,0,0,0,18,1200,-586,-341,0,0,0,0,0
10,107,3.364,59,481909,31,-40,1,928,0,0,0,0,0,18,1200,-586,-341,0,0,0,0,0
10,107,3.476,61,482021,31,-40,1,928,0,0,0,0,0,18,1200,-586,-341,0,0,0,0,0
10,107,3.533,62,482077,31,-40,1,928,0,0,0,0,0,18,1200,-586,-341,0,0,0,0,0
10,107,3.589,63,482133,31,-40,1,928,0,0,0,0,0,18,1200,-586,-341,0,0,0,0,0
10,107,3.753,66,482297,31,-40,1,928,0,0,0,0,0,18,1200,-586,-341,0,0,0,0,0
10,107,3.809,67,482353,31,-40,1,928,0,0,0,0,0,18,1200,-586,-341,0,0,0,0,0
10,107,3.865,68,482409,31,-40,1,928,0,0,0,0,0,18,1200,-586,-341,0,0,0,0,0
10,107,3.921,69,482465,31,-40,1,928,0,0,0,0,0,18,1200,-586,-341,0,0,0,0,0
10,107,4.257,75,482801,31,-40,1,928,0,0,0,0,0,18,1200,-586,-341,0,0,0,0,0
10,107,4.37,77,482913,31,-40,1,928,0,0,0,0,0,18,1200,-586,-341,0,0,0,0,0
10,107,4.424,78,482970,31,-40,1,928,0,0,0,0,0,18,1200,-586,-341,0,0,0,0,0
10,107,4.482,79,483025,31,-40,1,928,0,0,0,0,0,18,1200,-586,-341,0,0,0,0,0
10,107,4.537,80,483081,31,-40,1,928,0,0,0,0,0,18,1200,-586,-341,0,0,0,0,0
10,107,4.769,84,483305,31,-40,1,928,0,0,0,0,0,18,1200,-586,-341,0,0,0,0,0
10,107,4.813,85,483357,31,-40,1,928,0,0,0,0,0,18,1200,-586,-341,0,0,0,0,0
10,107,4.869,86,483413,31,-40,1,928,0,0,0,0,0,18,1200,-586,-341,0,0,0,0,0
10,107,4.924,87,483469,31,-40,1,928,0,0,0,0,0,18,1200,-586,-341,0,0,0,0,0
10,107,4.979,88,483525,31,-40,1,928,0,0,0,0,0,18,1200,-586,-341,0,0,0,0,0
10,107,5.039,89,483581,31,-40,1,928,0,0,0,0,0,18,1200,-586,-341,0,0,0,0,0
10,107,5.091,90,483637,31,-40,1,928,0,0,0,0,0,18,1200,-586,-341,0,0,0,0,0
10,107,5.148,91,483693,31,-40,1,928,0,0,0,0,0,18,1200,-586,-341,0,0,0,0,0
10,107,5.708,101,484253,31,-40,1,928,0,0,0,0,0,18,1200,-586,-341,0,0,0,0,0
10,107,5.822,103,484365,31,-40,1,928,0,0,0,0,0,18,1200,-586,-341,0,0,0,0,0
10,107,5.872,104,484417,31,-40,1,928,0,0,0,0,0,18,1200,-586,-341,0,0,0,0,0
10,107,5.985,106,484530,31,-40,1,928,0,0,0,0,0,18,1200,-586,-341,0,0,0,0,0
10,107,6.042,107,484585,31,-40,1,928,0,0,0,0,0,18,1200,-586,-341,0,0,0,0,0
10,107,6.096,108,484641,31,-40,1,928,0,0,0,0,0,18,1200,-586,-341,0,0,0,0,0
10,107,6.153,109,484697,31,-40,1,928,0,0,0,0,0,18,1200,-586,-341,0,0,0,0,0
10,107,6.21,110,484753,31,-40,1,928,0,0,0,0,0,18,1200,-586,-341,0,0,0,0,0
10,107,6.322,112,484865,31,-40,1,928,0,0,0,0,0,18,1200,-586,-341,0,0,0,0,0
10,107,6.375,113,484921,31,-40,1,928,0,0,0,0,0,18,1200,-586,-341,0,0,0,0,0
10,107,6.487,115,485033,31,-40,1,928,0,0,0,0,0,18,1200,-586,-341,0,0,0,0,0
10,107,6.657,118,485201,31,-40,1,928,0,0,0,0,0,18,1200,-586,-341,0,0,0,0,0
10,107,6.712,119,485258,31,-40,1,928,0,0,0,0,0,18,1200,-586,-341,0,0,0,0,0
10,107,6.767,120,485314,31,-40,1,928,0,0,0,0,0,18,1200,-586,-341,0,0,0,0,0
10,107,6.826,121,485369,31,-40,1,928,0,0,0,0,0,18,1200,-586,-341,0,0,0,0,0
10,107,6.891,122,485425,31,-40,1,928,0,0,0,0,0,18,1200,-586,-341,0,0,0,0,0
10,107,6.934,123,485477,31,-40,1,928,0,0,0,0,0,18,1200,-586,-341,0,0,0,0,0
10,107,6.988,124,485533,31,-40,1,928,0,0,0,0,0,18,1200,-586,-341,0,0,0,0,0
10,107,7.044,125,485589,31,-40,1,928,0,0,0,0,0,18,1200,-586,-341,0,0,0,0,0
10,107,7.101,126,485646,31,-40,1,928,0,0,0,0,0,18,1200,-586,-341,0,0,0,0,0
10,107,7.323,2,485869,31,-40,1,928,0,0,0,0,0,18,1200,-586,-341,0,0,0,0,0
10,107,7.379,3,485925,31,-40,1,928,0,0,0,0,0,18,1200,-586,-341,0,0,0,0,0
10,107,7.436,4,485981,31,-40,1,928,0,0,0,0,0,18,1200,-586,-341,0,0,0,0,0
10,107,7.547,6,486093,31,-40,1,928,0,0,0,0,0,18,1200,-586,-341,0,0,0,0,0
10,107,7.604,7,486149,31,-40,1,928,0,0,0,0,0,18,1200,-586,-341,0,0,0,0,0
10,107,7.715,9,486261,31,-40,1,928,0,0,0,0,0,18,1200,-586,-341,0,0,0,0,0
10,107,7.828,11,486373,31,-40,1,928,0,0,0,0,0,18,1200,-586,-341,0,0,0,0,0
10,107,7.885,12,486429,31,-40,1,928,0,0,0,0,0,18,1200,-586,-341,0,0,0,0,0
10,107,7.948,13,486485,31,-40,1,928,0,0,0,0,0,18,1200,-586,-341,0,0,0,0,0
10,107,7.993,14,486537,31,-40,1,928,0,0,0,0,0,18,1200,-586,-341,0,0,0,0,0
10,107,8.049,15,486594,31,-40,1,928,0,0,0,0,0,18,1200,-586,-341,0,0,0,0,0
10,107,8.105,16,486649,31,-40,1,928,0,0,0,0,0,18,1200,-586,-341,0,0,0,0,0
10,107,8.161,17,486705,31,-40,1,928,0,0,0,0,0,18,1200,-586,-341,0,0,0,0,0
10,107,8.216,18,486761,31,-40,1,928,0,0,0,0,0,18,1200,-586,-341,0,0,0,0,0
10,107,8.273,19,486818,31,-40,1,928,0,0,0,0,0,18,1200,-586,-341,0,0,0,0,0
10,107,8.328,20,486873,31,-40,1,928,0,0,0,0,0,18,1200,-586,-341,0,0,0,0,0
10,107,8.441,22,486985,31,-40,1,928,0,0,0,0,0,18,1200,-586,-341,0,0,0,0,0
10,107,8.496,23,487041,31,-40,1,928,0,0,0,0,0,18,1200,-586,-341,0,0,0,0,0
10,107,8.552,24,487097,31,-40,1,928,0,0,0,0,0,18,1200,-586,-341,0,0,0,0,0
10,107,8.609,25,487153,31,-40,1,928,0,0,0,0,0,18,1200,-586,-341,0,0,0,0,0
10,107,8.663,26,487209,31,-40,1,928,0,0,0,0,0,18,1200,-586,-341,0,0,0,0,0
10,107,8.72,27,487265,31,-40,1,928,0,0,0,0,0,18,1200,-586,-341,0,0,0,0,0
10,107,8.776,28,487321,31,-40,1,928,0,0,0,0,0,18,1200,-586,-341,0,0,0,0,0
10,107,8.834,29,487377,31,-40,1,928,0,0,0,0,0,18,1200,-586,-341,0,0,0,0,0
10,107,8.943,31,487489,31,-40,1,928,0,0,0,0,0,18,1200,-586,-341,0,0,0,0,0
10,107,9.11,34,487653,31,-40,1,928,0,0,0,0,0,18,1200,-586,-341,0,0,0,0,0
10,107,9.163,35,487709,31,-40,1,928,0,0,0,0,0,18,1200,-586,-341,0,0,0,0,0
10,107,9.22,36,487765,31,-40,1,928,0,0,0,0,0,18,1200,-586,-341,0,0,0,0,0
10,107,9.276,37,487821,31,-40,1,928,0,0,0,0,0,18,1200,-586,-341,0,0,0,0,0
10,107,9.332,38,487877,31,-40,1,928,0,0,0,0,0,18,1200,-586,-341,0,0,0,0,0
10,107,9.389,39,487933,31,-40,1,928,0,0,0,0,0,18,1200,-586,-341,0,0,0,0,0
10,107,9.443,40,487989,31,-40,1,928,0,0,0,0,0,18,1200,-586,-341,0,0,0,0,0
10,107,9.501,41,488045,31,-40,1,928,0,0,0,0,0,18,1200,-586,-341,0,0,0,0,0
10,107,9.556,42,488101,31,-40,1,928,0,0,0,0,0,18,1200,-586,-341,0,0,0,0,0
10,107,9.612,43,488157,31,-40,1,928,0,0,0,0,0,18,1200,-586,-341,0,0,0,0,0
10,107,9.668,44,488213,31,-40,1,928,0,0,0,0,0,18,1200,-586,-341,0,0,0,0,0
10,107,9.725,45,488269,31,-40,1,928,0,0,0,0,0,18,1200,-586,-341,0,0,0,0,0
10,107,9.78,46,488326,31,-40,1,928,0,0,0,0,0,18,1200,-586,-341,0,0,0,0,0
10,107,9.836,47,488381,31,-40,1,928,0,0,0,0,0,18,1200,-586,-341,0,0,0,0,0
10,107,9.892,48,488437,31,-40,1,928,0,0,0,0,0,18,1200,-586,-341,0,0,0,0,0
10,107,9.948,49,488493,31,-40,1,928,0,0,0,0,0,18,1200,-586,-341,0,0,0,0,0
10,107,10.006,50,488549,31,-40,1,928,0,0,0,0,0,18,1200,-586,-341,0,0,0,0,0
10,107,10.068,51,488605,31,-40,1,928,0,0,0,0,0,18,1200,-586,-341,0,0,0,0,0
10,107,10.113,52,488657,31,-40,1,928,0,0,0,0,0,18,1200,-586,-341,0,0,0,0,0
10,107,10.171,53,488713,31,-40,1,928,0,0,0,0,0,18,1200,-586,-341,0,0,0,0,0
10,107,10.338,56,488881,31,-40,1,928,0,0,0,0,0,18,1200,-586,-341,0,0,0,0,0
10,107,10.393,57,488937,31,-40,1,928,0,0,0,0,0,18,1200,-586,-341,0,0,0,0,0
10,107,10.449,58,488993,31,-40,1,928,0,0,0,0,0,18,1200,-586,-341,0,0,0,0,0
10,107,10.506,59,489049,31,-40,1,928,0,0,0,0,0,18,1200,-586,-341,0,0,0,0,0
10,107,10.561,60,489106,31,-40,1,928,0,0,0,0,0,18,1200,-586,-341,0,0,0,0,0
10,107,10.729,63,489273,31,-40,1,928,0,0,0,0,0,18,1200,-586,-341,0,0,0,0,0
10,107,10.785,64,489329,31,-40,1,928,0,0,0,0,0,18,1200,-586,-341,0,0,0,0,0
10,107,10.842,65,489385,31,-40,1,928,0,0,0,0,0,18,1200,-586,-341,0,0,0,0,0
10,107,10.898,66,489441,31,-40,1,928,0,0,0,0,0,18,1200,-586,-341,0,0,0,0,0
10,107,11.008,68,489553,31,-40,1,928,0,0,0,0,0,18,1200,-586,-341,0,0,0,0,0
10,107,11.065,69,489609,31,-40,1,928,0,0,0,0,0,18,1200,-586,-341,0,0,0,0,0
10,107,11.128,70,489665,31,-40,1,928,0,0,0,0,0,18,1200,-586,-341,0,0,0,0,0
10,107,11.341,74,489886,31,-40,1,928,0,0,0,0,0,18,1200,-586,-341,0,0,0,0,0
10,107,11.621,79,490165,31,-40,1,928,0,0,0,0,0,18,1200,-586,-341,0,0,0,0,0
10,107,11.675,80,490221,31,-40,1,928,0,0,0,0,0,18,1200,-586,-341,0,0,0,0,0
10,107,11.732,81,490277,31,-40,1,928,0,0,0,0,0,18,1200,-586,-341,0,0,0,0,0
10,107,11.788,82,490333,31,-40,1,928,0,0,0,0,0,18,1200,-586,-341,0,0,0,0,0
10,107,11.845,83,490389,31,-40,1,928,0,0,0,0,0,18,1200,-586,-341,0,0,0,0,0
10,107,11.901,84,490445,31,-40,1,928,0,0,0,0,0,18,1200,-586,-341,0,0,0,0,0
10,107,11.958,85,490501,31,-40,1,928,0,0,0,0,0,18,1200,-586,-341,0,0,0,0,0
10,107,12.012,86,490557,31,-40,1,928,0,0,0,0,0,18,1200,-586,-341,0,0,0,0,0
10,107,12.125,88,490669,31,-40,1,928,0,0,0,0,0,18,1200,-586,-341,0,0,0,0,0
10,107,12.189,89,490725,31,-40,1,928,0,0,0,0,0,18,1200,-586,-341,0,0,0,0,0
10,107,12.233,90,490777,31,-40,1,928,0,0,0,0,0,18,1200,-586,-341,0,0,0,0,0
10,107,12.289,91,490833,31,-40,1,928,0,0,0,0,0,18,1200,-586,-341,0,0,0,0,0
10,107,12.344,92,490889,31,-40,1,928,0,0,0,0,0,18,1200,-586,-341,0,0,0,0,0
10,107,12.457,94,491001,31,-40,1,928,0,0,0,0,0,18,1200,-586,-341,0,0,0,0,0
10,107,12.513,95,491057,31,-40,1,928,0,0,0,0,0,18,1200,-586,-341,0,0,0,0,0
10,107,12.569,96,491113,31,-40,1,928,0,0,0,0,0,18,1200,-586,-341,0,0,0,0,0
10,107,12.628,97,491169,31,-40,1,928,0,0,0,0,0,18,1200,-586,-341,0,0,0,0,0
10,107,12.793,100,491337,31,-40,1,928,0,0,0,0,0,18,1200,-586,-341,0,0,0,0,0
10,107,12.96,103,491505,31,-40,1,928,0,0,0,0,0,18,1200,-586,-341,0,0,0,0,0
10,107,13.073,105,491617,31,-40,1,928,0,0,0,0,0,18,1200,-586,-341,0,0,0,0,0
10,107,13.129,106,491673,31,-40,1,928,0,0,0,0,0,18,1200,-586,-341,0,0,0,0,0
10,107,13.249,108,491785,31,-40,1,928,0,0,0,0,0,18,1200,-586,-341,0,0,0,0,0
10,107,13.348,110,491893,31,-40,1,928,0,0,0,0,0,18,1200,-586,-341,0,0,0,0,0
10,107,13.46,112,492005,31,-40,1,928,0,0,0,0,0,18,1200,-586,-341,0,0,0,0,0
10,107,13.516,113,492061,31,-40,1,928,0,0,0,0,0,18,1200,-586,-341,0,0,0,0,0
10,107,13.572,114,492117,31,-40,1,928,0,0,0,0,0,18,1200,-586,-341,0,0,0,0,0
10,107,13.629,115,492174,31,-40,1,928,0,0,0,0,0,18,1200,-586,-341,0,0,0,0,0
10,107,13.684,116,492229,31,-40,1,928,0,0,0,0,0,18,1200,-586,-341,0,0,0,0,0
10,107,13.74,117,492285,31,-40,1,928,0,0,0,0,0,18,1200,-586,-341,0,0,0,0,0
10,107,13.796,118,492341,31,-40,1,928,0,0,0,0,0,18,1200,-586,-341,0,0,0,0,0
10,107,13.854,119,492397,31,-40,1,928,0,0,0,0,0,18,1200,-586,-341,0,0,0,0,0
10,107,13.964,121,492509,31,-40,1,928,0,0,0,0,0,18,1200,-586,-341,0,0,0,0,0
10,107,14.021,122,492565,31,-40,1,928,0,0,0,0,0,18,1200,-586,-341,0,0,0,0,0
11,-180,-0.046,66,503721,31,-40,1,928,0,0,0,0,0,18,1200,-586,-341,0,0,0,0,0
11,-180,0.063,68,503829,31,-40,1,928,0,0,0,0,0,18,1201,-586,-341,800,-800,0,0,0
11,-180,0.135,69,503902,31,-40,1,765,0,0,0,46,-29,18,1204,-563,-361,1100,-1100,0,0,0
11,-180,0.207,70,503973,31,-40,1,504,0,0,0,56,-36,18,1207,-527,-394,1300,-1300,0,0,0
11,-180,0.279,71,504045,31,-39,1,72,0,0,0,75,-56,18,1210,-463,-444,1600,-1600,0,0,0
11,-180,0.351,72,504117,31,-40,1,-538,0,0,0,82,-118,18,1213,-388,-530,2000,-2100,0,0,0
11,-180,0.41,73,504167,31,-40,1,-1075,0,0,0,102,-128,18,1215,-316,-600,2300,-2300,0,0,0
11,-180,0.543,75,504309,31,-40,1,-3314,0,0,0,170,-183,18,1221,-25,-900,2600,-2500,0,0,0
11,-180,0.615,76,504381,31,-40,2,-4624,0,0,0,171,-200,18,1224,138,-1083,2500,-2500,0,0,0
11,-180,1.034,82,504791,31,-39,5,-10918,0,0,0,128,-128,18,1241,961,-1922,2000,-1900,0,0,0
11,-180,1.096,83,504862,31,-39,5,-11842,0,0,0,128,-144,18,1244,1083,-2044,2100,-2000,0,0,0
11,-180,1.168,84,504933,31,-39,5,-12830,0,0,0,144,-148,18,1247,1216,-2172,2100,-2000,0,0,0
11,-180,1.371,87,505127,31,-38,5,-15534,0,0,0,144,-147,18,1255,1569,-2533,2200,-1900,0,0,0
11,-180,1.626,90,505394,31,-39,5,-16901,0,0,0,0,0,18,1268,1755,-2708,0,0,0,0,0
11,-180,1.685,91,505443,31,-39,5,-16901,0,0,0,0,0,18,1270,1755,-2708,0,0,0,0,0
11,-180,1.726,92,505493,31,-39,5,-16901,0,0,0,0,0,18,1270,1755,-2708,0,0,0,0,0
11,-180,1.783,93,505549,31,-39,5,-16901,0,0,0,0,0,18,1270,1755,-2708,0,0,0,0,0
11,-180,1.838,94,505605,31,-39,5,-16901,0,0,0,0,0,18,1270,1755,-2708,0,0,0,0,0
11,-180,1.95,96,505718,31,-39,5,-16901,0,0,0,0,0,18,1270,1755,-2708,0,0,0,0,0
11,-180,2.063,98,505829,31,-39,5,-16901,0,0,0,0,0,18,1270,1755,-2708,0,0,0,0,0
11,-180,2.17,100,505937,31,-39,5,-16901,0,0,0,0,0,18,1270,1755,-2708,0,0,0,0,0
11,-180,2.282,102,506049,31,-39,5,-16901,0,0,0,0,0,18,1270,1755,-2708,0,0,0,0,0
11,-180,2.394,104,506162,31,-39,5,-16901,0,0,0,0,0,18,1270,1755,-2708,0,0,0,0,0
11,-180,2.45,105,506217,31,-39,5,-16901,0,0,0,0,0,18,1270,1755,-2708,0,0,0,0,0
11,-180,2.506,106,506273,31,-39,5,-16901,0,0,0,0,0,18,1270,1755,-2708,0,0,0,0,0
11,-180,2.564,107,506329,31,-39,5,-16901,0,0,0,0,0,18,1270,1755,-2708,0,0,0,0,0
11,-180,2.674,109,506441,31,-39,5,-16901,0,0,0,0,0,18,1270,1755,-2708,0,0,0,0,0
11,-180,2.732,110,506498,31,-39,5,-16901,0,0,0,0,0,18,1270,1755,-2708,0,0,0,0,0
11,-180,2.786,111,506553,31,-39,5,-16901,0,0,0,0,0,18,1270,1755,-2708,0,0,0,0,0
11,-180,2.842,112,506609,31,-39,5,-16901,0,0,0,0,0,18,1270,1755,-2708,0,0,0,0,0
11,-180,2.899,113,506665,31,-39,5,-16901,0,0,0,0,0,18,1270,1755,-2708,0,0,0,0,0
11,-180,2.956,114,506721,31,-39,5,-16901,0,0,0,0,0,18,1270,1755,-2708,0,0,0,0,0
11,-180,3.01,115,506778,31,-39,5,-16901,0,0,0,0,0,18,1270,1755,-2708,0,0,0,0,0
11,-180,3.066,116,506833,31,-39,5,-16901,0,0,0,0,0,18,1270,1755,-2708,0,0,0,0,0
11,-180,3.122,117,506890,31,-39,5,-16901,0,0,0,0,0,18,1270,1755,-2708,0,0,0,0,0
11,-180,3.342,121,507109,31,-39,5,-16901,0,0,0,0,0,18,1270,1755,-2708,0,0,0,0,0
11,-180,3.398,122,507165,31,-39,5,-16901,0,0,0,0,0,18,1270,1755,-2708,0,0,0,0,0
11,-180,3.456,123,507221,31,-39,5,-16901,0,0,0,0,0,18,1270,1755,-2708,0,0,0,0,0
11,-180,3.511,124,507277,31,-39,5,-16901,0,0,0,0,0,18,1270,1755,-2708,0,0,0,0,0
11,-180,3.567,125,507334,31,-39,5,-16901,0,0,0,0,0,18,1270,1755,-2708,0,0,0,0,0
11,-180,3.622,126,507389,31,-39,5,-16901,0,0,0,0,0,18,1270,1755,-2708,0,0,0,0,0
11,-180,3.678,127,507445,31,-39,5,-16901,0,0,0,0,0,18,1270,1755,-2708,0,0,0,0,0
11,-180,3.791,1,507557,31,-39,5,-16901,0,0,0,0,0,18,1270,1755,-2708,0,0,0,0,0
11,-180,3.846,2,507613,31,-39,5,-16901,0,0,0,0,0,18,1270,1755,-2708,0,0,0,0,0
11,-180,4.015,5,507782,31,-39,5,-16901,0,0,0,0,0,18,1270,1755,-2708,0,0,0,0,0
11,-180,4.07,6,507838,31,-39,5,-16901,0,0,0,0,0,18,1270,1755,-2708,0,0,0,0,0
11,-180,4.127,7,507893,31,-39,5,-16901,0,0,0,0,0,18,1270,1755,-2708,0,0,0,0,0
11,-180,4.182,8,507949,31,-39,5,-16901,0,0,0,0,0,18,1270,1755,-2708,0,0,0,0,0
11,-180,4.24,9,508005,31,-39,5,-16901,0,0,0,0,0,18,1270,1755,-2708,0,0,0,0,0
11,-180,4.29,10,508057,31,-39,5,-16901,0,0,0,0,0,18,1270,1755,-2708,0,0,0,0,0
11,-180,4.346,11,508113,31,-39,5,-16901,0,0,0,0,0,18,1270,1755,-2708,0,0,0,0,0
11,-180,4.627,16,508393,31,-39,5,-16901,0,0,0,0,0,18,1270,1755,-2708,0,0,0,0,0
11,-180,4.739,18,508505,31,-39,5,-16901,0,0,0,0,0,18,1270,1755,-2708,0,0,0,0,0
11,-180,4.794,19,508561,31,-39,5,-16901,0,0,0,0,0,18,1270,1755,-2708,0,0,0,0,0
11,-180,4.85,20,508618,31,-39,5,-16901,0,0,0,0,0,18,1270,1755,-2708,0,0,0,0,0
11,-180,4.907,21,508674,31,-39,5,-16901,0,0,0,0,0,18,1270,1755,-2708,0,0,0,0,0
11,-180,4.962,22,508729,31,-39,5,-16901,0,0,0,0,0,18,1270,1755,-2708,0,0,0,0,0
11,-180,5.018,23,508786,31,-39,5,-16901,0,0,0,0,0,18,1270,1755,-2708,0,0,0,0,0
11,-180,5.074,24,508841,31,-39,5,-16901,0,0,0,0,0,18,1270,1755,-2708,0,0,0,0,0
11,-180,5.186,26,508953,31,-39,5,-16901,0,0,0,0,0,18,1270,1755,-2708,0,0,0,0,0
11,-180,5.242,27,509009,31,-39,5,-16901,0,0,0,0,0,18,1270,1755,-2708,0,0,0,0,0
11,-180,5.35,29,509117,31,-39,5,-16901,0,0,0,0,0,18,1270,1755,-2708,0,0,0,0,0
11,-180,5.518,32,509285,31,-39,5,-16901,0,0,0,0,0,18,1270,1755,-2708,0,0,0,0,0
11,-180,5.574,33,509341,31,-39,5,-16901,0,0,0,0,0,18,1270,1755,-2708,0,0,0,0,0
11,-180,5.632,34,509397,31,-39,5,-16901,0,0,0,0,0,18,1270,1755,-2708,0,0,0,0,0
11,-180,5.855,38,509621,31,-39,5,-16901,0,0,0,0,0,18,1270,1755,-2708,0,0,0,0,0
11,-180,6.022,41,509789,31,-39,5,-16901,0,0,0,0,0,18,1270,1755,-2708,0,0,0,0,0
11,-180,6.078,42,509845,31,-39,5,-16901,0,0,0,0,0,18,1270,1755,-2708,0,0,0,0,0
11,-180,6.302,46,510070,31,-39,5,-16901,0,0,0,0,0,18,1270,1755,-2708,0,0,0,0,0
11,-180,6.361,47,510125,31,-39,5,-16901,0,0,0,0,0,18,1270,1755,-2708,0,0,0,0,0
11,-180,6.523,50,510290,31,-39,5,-16901,0,0,0,0,0,18,1270,1755,-2708,0,0,0,0,0
11,-180,6.578,51,510345,31,-39,5,-16901,0,0,0,0,0,18,1270,1755,-2708,0,0,0,0,0
11,-180,6.747,54,510513,31,-39,5,-16901,0,0,0,0,0,18,1270,1755,-2708,0,0,0,0,0
11,-180,6.802,55,510569,31,-39,5,-16901,0,0,0,0,0,18,1270,1755,-2708,0,0,0,0,0
11,-180,6.86,56,510625,31,-39,5,-16901,0,0,0,0,0,18,1270,1755,-2708,0,0,0,0,0
11,-180,6.97,58,510738,31,-39,5,-16901,0,0,0,0,0,18,1270,1755,-2708,0,0,0,0,0
11,-180,7.028,59,510794,31,-39,5,-16901,0,0,0,0,0,18,1270,1755,-2708,0,0,0,0,0
11,-180,7.194,62,510961,31,-39,5,-16901,0,0,0,0,0,18,1270,1755,-2708,0,0,0,0,0
11,-180,7.306,64,511073,31,-39,5,-16901,0,0,0,0,0,18,1270,1755,-2708,0,0,0,0,0
11,-180,7.363,65,511129,31,-39,5,-16901,0,0,0,0,0,18,1270,1755,-2708,0,0,0,0,0
11,-180,7.47,67,511237,31,-39,5,-16901,0,0,0,0,0,18,1270,1755,-2708,0,0,0,0,0
11,-180,7.582,69,511349,31,-39,5,-16901,0,0,0,0,0,18,1270,1755,-2708,0,0,0,0,0
11,-180,7.694,71,511461,31,-39,5,-16901,0,0,0,0,0,18,1270,1755,-2708,0,0,0,0,0
11,-180,7.751,72,511518,31,-39,5,-16901,0,0,0,0,0,18,1270,1755,-2708,0,0,0,0,0
11,-180,7.806,73,511574,31,-39,5,-16901,0,0,0,0,0,18,1270,1755,-2708,0,0,0,0,0
11,-180,7.919,75,511685,31,-39,5,-16901,0,0,0,0,0,18,1270,1755,-2708,0,0,0,0,0
11,-180,7.975,76,511741,31,-39,5,-16901,0,0,0,0,0,18,1270,1755,-2708,0,0,0,0,0
11,-180,8.088,78,511853,31,-39,5,-16901,0,0,0,0,0,18,1270,1755,-2708,0,0,0,0,0
11,-180,8.198,80,511965,31,-39,5,-16901,0,0,0,0,0,18,1270,1755,-2708,0,0,0,0,0
11,-180,8.422,84,512189,31,-39,5,-16901,0,0,0,0,0,18,1270,1755,-2708,0,0,0,0,0
11,-180,8.481,85,512246,31,-39,5,-16901,0,0,0,0,0,18,1270,1755,-2708,0,0,0,0,0
11,-180,8.531,86,512298,31,-39,5,-16901,0,0,0,0,0,18,1270,1755,-2708,0,0,0,0,0
11,-180,8.587,87,512353,31,-39,5,-16901,0,0,0,0,0,18,1270,1755,-2708,0,0,0,0,0
11,-180,8.641,88,512410,31,-39,5,-16901,0,0,0,0,0,18,1270,1755,-2708,0,0,0,0,0
11,-180,8.698,89,512466,31,-39,5,-16901,0,0,0,0,0,18,1270,1755,-2708,0,0,0,0,0
11,-180,8.754,90,512521,31,-39,5,-16901,0,0,0,0,0,18,1270,1755,-2708,0,0,0,0,0
11,-180,8.922,93,512689,31,-39,5,-16901,0,0,0,0,0,18,1270,1755,-2708,0,0,0,0,0
11,-180,8.979,94,512745,31,-39,5,-16901,0,0,0,0,0,18,1270,1755,-2708,0,0,0,0,0
11,-180,9.034,95,512802,31,-39,5,-16901,0,0,0,0,0,18,1270,1755,-2708,0,0,0,0,0
11,-180,9.09,96,512858,31,-39,5,-16901,0,0,0,0,0,18,1270,1755,-2708,0,0,0,0,0
11,-180,9.202,98,512969,31,-39,5,-16901,0,0,0,0,0,18,1270,1755,-2708,0,0,0,0,0
11,-180,9.258,99,513026,31,-39,5,-16901,0,0,0,0,0,18,1270,1755,-2708,0,0,0,0,0
11,-180,9.427,102,513193,31,-39,5,-16901,0,0,0,0,0,18,1270,1755,-2708,0,0,0,0,0
11,-180,9.647,106,513413,31,-39,5,-16901,0,0,0,0,0,18,1270,1755,-2708,0,0,0,0,0
11,-180,9.703,107,513469,31,-39,5,-16901,0,0,0,0,0,18,1270,1755,-2708,0,0,0,0,0
11,-180,9.757,108,513526,31,-39,5,-16901,0,0,0,0,0,18,1270,1755,-2708,0,0,0,0,0
11,-180,9.815,109,513581,31,-39,5,-16901,0,0,0,0,0,18,1270,1755,-2708,0,0,0,0,0
11,-180,9.93,111,513694,31,-39,5,-16901,0,0,0,0,0,18,1270,1755,-2708,0,0,0,0,0
11,-180,9.983,112,513749,31,-39,5,-16901,0,0,0,0,0,18,1270,1755,-2708,0,0,0,0,0
11,-180,10.037,113,513806,31,-39,5,-16901,0,0,0,0,0,18,1270,1755,-2708,0,0,0,0,0
11,-180,10.261,117,514029,31,-39,5,-16901,0,0,0,0,0,18,1270,1755,-2708,0,0,0,0,0
11,-180,10.374,119,514142,31,-39,5,-16901,0,0,0,0,0,18,1270,1755,-2708,0,0,0,0,0
11,-180,10.43,120,514197,31,-39,5,-16901,0,0,0,0,0,18,1270,1755,-2708,0,0,0,0,0
11,-180,10.486,121,514253,31,-39,5,-16901,0,0,0,0,0,18,1270,1755,-2708,0,0,0,0,0
11,-180,10.543,122,514309,31,-39,5,-16901,0,0,0,0,0,18,1270,1755,-2708,0,0,0,0,0
11,-180,10.707,125,514474,31,-39,5,-16901,0,0,0,0,0,18,1270,1755,-2708,0,0,0,0,0
11,-180,10.873,0,514641,31,-39,5,-16901,0,0,0,0,0,18,1270,1755,-2708,0,0,0,0,0
11,-180,11.097,4,514865,31,-39,5,-16901,0,0,0,0,0,18,1270,1755,-2708,0,0,0,0,0
11,-180,11.153,5,514922,31,-39,5,-16901,0,0,0,0,0,18,1270,1755,-2708,0,0,0,0,0
11,-180,11.21,6,514978,31,-39,5,-16901,0,0,0,0,0,18,1270,1755,-2708,0,0,0,0,0
11,-180,11.266,7,515033,31,-39,5,-16901,0,0,0,0,0,18,1270,1755,-2708,0,0,0,0,0
11,-180,11.378,9,515145,31,-39,5,-16901,0,0,0,0,0,18,1270,1755,-2708,0,0,0,0,0
11,-180,11.434,10,515202,31,-39,5,-16901,0,0,0,0,0,18,1270,1755,-2708,0,0,0,0,0
11,-180,11.489,11,515257,31,-39,5,-16901,0,0,0,0,0,18,1270,1755,-2708,0,0,0,0,0
11,-180,11.545,12,515314,31,-39,5,-16901,0,0,0,0,0,18,1270,1755,-2708,0,0,0,0,0
11,-180,11.603,13,515370,31,-39,5,-16901,0,0,0,0,0,18,1270,1755,-2708,0,0,0,0,0
11,-180,11.665,14,515426,31,-39,5,-16901,0,0,0,0,0,18,1270,1755,-2708,0,0,0,0,0
11,-180,11.709,15,515477,31,-39,5,-16901,0,0,0,0,0,18,1270,1755,-2708,0,0,0,0,0
11,-180,11.821,17,515589,31,-39,5,-16901,0,0,0,0,0,18,1270,1755,-2708,0,0,0,0,0
11,-180,11.877,18,515645,31,-39,5,-16901,0,0,0,0,0,18,1270,1755,-2708,0,0,0,0,0
11,-180,12.046,21,515814,31,-39,5,-16901,0,0,0,0,0,18,1270,1755,-2708,0,0,0,0,0
11,-180,12.157,23,515925,31,-39,5,-16901,0,0,0,0,0,18,1270,1755,-2708,0,0,0,0,0
11,-180,12.269,25,516037,31,-39,5,-16901,0,0,0,0,0,18,1270,1755,-2708,0,0,0,0,0
11,-180,12.382,27,516149,31,-39,5,-16901,0,0,0,0,0,18,1270,1755,-2708,0,0,0,0,0
11,-180,12.442,28,516206,31,-39,5,-16901,0,0,0,0,0,18,1270,1755,-2708,0,0,0,0,0
11,-180,12.493,29,516261,31,-39,5,-16901,0,0,0,0,0,18,1270,1755,-2708,0,0,0,0,0
11,-180,12.549,30,516317,31,-39,5,-16901,0,0,0,0,0,18,1270,1755,-2708,0,0,0,0,0
11,-180,12.726,33,516486,31,-39,5,-16901,0,0,0,0,0,18,1270,1755,-2708,0,0,0,0,0
11,-180,12.825,35,516594,31,-39,5,-16901,0,0,0,0,0,18,1270,1755,-2708,0,0,0,0,0
11,-180,12.938,37,516705,31,-39,5,-16901,0,0,0,0,0,18,1270,1755,-2708,0,0,0,0,0
11,-180,12.993,38,516761,31,-39,5,-16901,0,0,0,0,0,18,1270,1755,-2708,0,0,0,0,0
12,180,-0.001,85,533657,31,-39,5,-16901,0,0,0,0,0,18,1270,1755,-2708,0,0,0,0,0
12,180,0.066,86,533726,31,-39,5,-16901,0,0,0,0,0,18,1271,1755,-2708,-800,800,0,0,0
12,180,0.139,87,533798,31,-39,5,-16761,0,0,0,-39,39,19,1274,1738,-2688,-1200,1100,0,0,0
12,180,0.211,88,533870,31,-38,5,-16522,0,0,0,-62,36,19,1277,1697,-2666,-1300,1400,0,0,0
12,180,0.282,89,533942,31,-38,6,-16091,0,0,0,-82,62,19,1280,1630,-2619,-1600,1700,0,0,0
12,180,0.356,90,534014,31,-37,6,-15481,0,0,0,-101,108,19,1283,1544,-2544,-2000,2100,0,0,0
12,180,0.405,91,534063,31,-37,6,-14920,0,0,0,-121,111,19,1285,1463,-2477,-2300,2300,0,0,0
12,180,0.547,93,534205,31,-35,7,-12682,0,0,0,-200,164,19,1291,1147,-2202,-2500,2500,0,0,0
12,180,0.618,94,534277,31,-35,8,-11444,0,0,0,-200,164,19,1294,972,-2050,-2300,2600,0,0,0
12,180,0.692,95,534349,31,-40,6,-10285,0,0,0,-154,144,19,1297,816,-1900,-1700,2400,0,0,0
12,180,0.762,96,534421,31,-40,6,-9339,0,0,0,-124,164,19,1300,700,-1766,-1900,2500,0,0,0
12,180,0.978,99,534638,31,-40,3,-6120,0,0,0,-164,154,19,1309,311,-1305,-2000,2300,0,0,0
12,180,1.123,101,534782,31,-40,3,-3995,0,0,0,-140,154,19,1315,33,-1022,-2000,2300,0,0,0
12,180,1.267,103,534925,31,-40,3,-1924,0,0,0,-147,147,19,1321,-247,-755,-1900,2200,0,0,0
12,180,1.566,107,535225,31,-41,3,829,0,0,0,0,0,19,1335,-619,-400,0,0,0,0,0
12,180,1.637,108,535297,31,-41,3,829,0,0,0,0,0,19,1338,-619,-400,0,0,0,0,0
12,180,1.782,110,535441,31,-41,3,829,0,0,0,0,0,19,1344,-619,-400,0,0,0,0,0
12,180,1.927,112,535585,31,-41,3,829,0,0,0,0,0,19,1350,-619,-400,0,0,0,0,0
12,180,1.997,113,535657,31,-41,3,829,0,0,0,0,0,19,1353,-619,-400,0,0,0,0,0
12,180,2.07,114,535729,31,-41,3,829,0,0,0,0,0,19,1356,-619,-400,0,0,0,0,0
12,180,2.502,120,536162,31,-41,3,829,0,0,0,0,0,19,1374,-619,-400,0,0,0,0,0
12,180,2.594,121,536233,31,-41,3,829,0,0,0,0,0,19,1377,-619,-400,0,0,0,0,0
12,180,2.66,122,536305,31,-41,3,829,0,0,0,0,0,19,1380,-619,-400,0,0,0,0,0
12,180,2.758,123,536377,31,-41,3,829,0,0,0,0,0,19,1383,-619,-400,0,0,0,0,0
12,180,2.866,125,536521,31,-41,3,829,0,0,0,0,0,19,1389,-619,-400,0,0,0,0,0
12,180,2.934,126,536593,31,-41,3,829,0,0,0,0,0,19,1392,-619,-400,0,0,0,0,0
12,180,3.078,0,536738,31,-41,3,829,0,0,0,0,0,19,1398,-619,-400,0,0,0,0,0
12,180,3.15,1,536809,31,-41,3,829,0,0,0,0,0,19,1401,-619,-400,0,0,0,0,0
12,180,3.222,2,536881,31,-41,3,829,0,0,0,0,0,19,1404,-619,-400,0,0,0,0,0
12,180,3.365,4,537026,31,-41,3,829,0,0,0,0,0,19,1410,-619,-400,0,0,0,0,0
12,180,3.424,5,537075,31,-41,3,829,0,0,0,0,0,19,1412,-619,-400,0,0,0,0,0
12,180,3.465,6,537125,31,-41,3,829,0,0,0,0,0,19,1412,-619,-400,0,0,0,0,0
12,180,3.521,7,537181,31,-41,3,829,0,0,0,0,0,19,1412,-619,-400,0,0,0,0,0
12,180,3.576,8,537237,31,-41,3,829,0,0,0,0,0,19,1412,-619,-400,0,0,0,0,0
12,180,3.633,9,537293,31,-41,3,829,0,0,0,0,0,19,1412,-619,-400,0,0,0,0,0
12,180,3.698,10,537349,31,-41,3,829,0,0,0,0,0,19,1412,-619,-400,0,0,0,0,0
12,180,3.742,11,537401,31,-41,3,829,0,0,0,0,0,19,1412,-619,-400,0,0,0,0,0
12,180,3.797,12,537457,31,-41,3,829,0,0,0,0,0,19,1412,-619,-400,0,0,0,0,0
12,180,3.856,13,537513,31,-41,3,829,0,0,0,0,0,19,1412,-619,-400,0,0,0,0,0
12,180,3.966,15,537625,31,-41,3,829,0,0,0,0,0,19,1412,-619,-400,0,0,0,0,0
12,180,4.022,16,537681,31,-41,3,829,0,0,0,0,0,19,1412,-619,-400,0,0,0,0,0
12,180,4.082,17,537737,31,-41,3,829,0,0,0,0,0,19,1412,-619,-400,0,0,0,0,0
12,180,4.133,18,537793,31,-41,3,829,0,0,0,0,0,19,1412,-619,-400,0,0,0,0,0
12,180,4.189,19,537849,31,-41,3,829,0,0,0,0,0,19,1412,-619,-400,0,0,0,0,0
12,180,4.246,20,537905,31,-41,3,829,0,0,0,0,0,19,1412,-619,-400,0,0,0,0,0
12,180,4.302,21,537961,31,-41,3,829,0,0,0,0,0,19,1412,-619,-400,0,0,0,0,0
12,180,4.358,22,538017,31,-41,3,829,0,0,0,0,0,19,1412,-619,-400,0,0,0,0,0
12,180,4.413,23,538073,31,-41,3,829,0,0,0,0,0,19,1412,-619,-400,0,0,0,0,0
12,180,4.47,24,538129,31,-41,3,829,0,0,0,0,0,19,1412,-619,-400,0,0,0,0,0
12,180,4.581,26,538241,31,-41,3,829,0,0,0,0,0,19,1412,-619,-400,0,0,0,0,0
12,180,4.638,27,538298,31,-41,3,829,0,0,0,0,0,19,1412,-619,-400,0,0,0,0,0
12,180,4.693,28,538353,31,-41,3,829,0,0,0,0,0,19,1412,-619,-400,0,0,0,0,0
12,180,4.757,29,538409,31,-41,3,829,0,0,0,0,0,19,1412,-619,-400,0,0,0,0,0
12,180,4.802,30,538461,31,-41,3,829,0,0,0,0,0,19,1412,-619,-400,0,0,0,0,0
12,180,4.857,31,538517,31,-41,3,829,0,0,0,0,0,19,1412,-619,-400,0,0,0,0,0
12,180,4.913,32,538573,31,-41,3,829,0,0,0,0,0,19,1412,-619,-400,0,0,0,0,0
12,180,4.969,33,538629,31,-41,3,829,0,0,0,0,0,19,1412,-619,-400,0,0,0,0,0
12,180,5.025,34,538685,31,-41,3,829,0,0,0,0,0,19,1412,-619,-400,0,0,0,0,0
12,180,5.193,37,538853,31,-41,3,829,0,0,0,0,0,19,1412,-619,-400,0,0,0,0,0
12,180,5.249,38,538909,31,-41,3,829,0,0,0,0,0,19,1412,-619,-400,0,0,0,0,0
12,180,5.304,39,538965,31,-41,3,829,0,0,0,0,0,19,1412,-619,-400,0,0,0,0,0
12,180,5.417,41,539078,31,-41,3,829,0,0,0,0,0,19,1412,-619,-400,0,0,0,0,0
12,180,5.473,42,539133,31,-41,3,829,0,0,0,0,0,19,1412,-619,-400,0,0,0,0,0
12,180,5.53,43,539189,31,-41,3,829,0,0,0,0,0,19,1412,-619,-400,0,0,0,0,0
12,180,5.586,44,539245,31,-41,3,829,0,0,0,0,0,19,1412,-619,-400,0,0,0,0,0
12,180,5.641,45,539301,31,-41,3,829,0,0,0,0,0,19,1412,-619,-400,0,0,0,0,0
12,180,5.697,46,539357,31,-41,3,829,0,0,0,0,0,19,1412,-619,-400,0,0,0,0,0
12,180,5.818,48,539469,31,-41,3,829,0,0,0,0,0,19,1412,-619,-400,0,0,0,0,0
12,180,5.973,51,539633,31,-41,3,829,0,0,0,0,0,19,1412,-619,-400,0,0,0,0,0
12,180,6.086,53,539745,31,-41,3,829,0,0,0,0,0,19,1412,-619,-400,0,0,0,0,0
12,180,6.142,54,539802,31,-41,3,829,0,0,0,0,0,19,1412,-619,-400,0,0,0,0,0
12,180,6.198,55,539858,31,-41,3,829,0,0,0,0,0,19,1412,-619,-400,0,0,0,0,0
12,180,6.253,56,539913,31,-41,3,829,0,0,0,0,0,19,1412,-619,-400,0,0,0,0,0
12,180,6.478,60,540137,31,-41,3,829,0,0,0,0,0,19,1412,-619,-400,0,0,0,0,0
12,180,6.534,61,540193,31,-41,3,829,0,0,0,0,0,19,1412,-619,-400,0,0,0,0,0
12,180,6.645,63,540305,31,-41,3,829,0,0,0,0,0,19,1412,-619,-400,0,0,0,0,0
12,180,6.7,64,540361,31,-41,3,829,0,0,0,0,0,19,1412,-619,-400,0,0,0,0,0
12,180,6.757,65,540417,31,-41,3,829,0,0,0,0,0,19,1412,-619,-400,0,0,0,0,0
12,180,6.814,66,540473,31,-41,3,829,0,0,0,0,0,19,1412,-619,-400,0,0,0,0,0
12,180,6.877,67,540529,31,-41,3,829,0,0,0,0,0,19,1412,-619,-400,0,0,0,0,0
12,180,6.978,69,540638,31,-41,3,829,0,0,0,0,0,19,1412,-619,-400,0,0,0,0,0
12,180,7.089,71,540749,31,-41,3,829,0,0,0,0,0,19,1412,-619,-400,0,0,0,0,0
12,180,7.202,73,540861,31,-41,3,829,0,0,0,0,0,19,1412,-619,-400,0,0,0,0,0
12,180,7.314,75,540973,31,-41,3,829,0,0,0,0,0,19,1412,-619,-400,0,0,0,0,0
12,180,7.426,77,541085,31,-41,3,829,0,0,0,0,0,19,1412,-619,-400,0,0,0,0,0
12,180,7.482,78,541141,31,-41,3,829,0,0,0,0,0,19,1412,-619,-400,0,0,0,0,0
12,180,7.595,80,541253,31,-41,3,829,0,0,0,0,0,19,1412,-619,-400,0,0,0,0,0
12,180,7.819,84,541477,31,-41,3,829,0,0,0,0,0,19,1412,-619,-400,0,0,0,0,0
12,180,7.874,85,541533,31,-41,3,829,0,0,0,0,0,19,1412,-619,-400,0,0,0,0,0
12,180,7.942,86,541589,31,-41,3,829,0,0,0,0,0,19,1412,-619,-400,0,0,0,0,0
12,180,7.981,87,541641,31,-41,3,829,0,0,0,0,0,19,1412,-619,-400,0,0,0,0,0
12,180,8.037,88,541697,31,-41,3,829,0,0,0,0,0,19,1412,-619,-400,0,0,0,0,0
12,180,8.094,89,541753,31,-41,3,829,0,0,0,0,0,19,1412,-619,-400,0,0,0,0,0
12,180,8.205,91,541865,31,-41,3,829,0,0,0,0,0,19,1412,-619,-400,0,0,0,0,0
12,180,8.317,93,541977,31,-41,3,829,0,0,0,0,0,19,1412,-619,-400,0,0,0,0,0
12,180,8.429,95,542089,31,-41,3,829,0,0,0,0,0,19,1412,-619,-400,0,0,0,0,0
12,180,8.487,96,542146,31,-41,3,829,0,0,0,0,0,19,1412,-619,-400,0,0,0,0,0
12,180,8.542,97,542202,31,-41,3,829,0,0,0,0,0,19,1412,-619,-400,0,0,0,0,0
12,180,8.597,98,542257,31,-41,3,829,0,0,0,0,0,19,1412,-619,-400,0,0,0,0,0
12,180,8.654,99,542313,31,-41,3,829,0,0,0,0,0,19,1412,-619,-400,0,0,0,0,0
12,180,8.71,100,542369,31,-41,3,829,0,0,0,0,0,19,1412,-619,-400,0,0,0,0,0
12,180,8.821,102,542481,31,-41,3,829,0,0,0,0,0,19,1412,-619,-400,0,0,0,0,0
12,180,9.04,106,542701,31,-41,3,829,0,0,0,0,0,19,1412,-619,-400,0,0,0,0,0
12,180,9.097,107,542757,31,-41,3,829,0,0,0,0,0,19,1412,-619,-400,0,0,0,0,0
12,180,9.154,108,542813,31,-41,3,829,0,0,0,0,0,19,1412,-619,-400,0,0,0,0,0
12,180,9.21,109,542869,31,-41,3,829,0,0,0,0,0,19,1412,-619,-400,0,0,0,0,0
12,180,9.265,110,542926,31,-41,3,829,0,0,0,0,0,19,1412,-619,-400,0,0,0,0,0
12,180,9.321,111,542981,31,-41,3,829,0,0,0,0,0,19,1412,-619,-400,0,0,0,0,0
12,180,9.376,112,543037,31,-41,3,829,0,0,0,0,0,19,1412,-619,-400,0,0,0,0,0
12,180,9.433,113,543093,31,-41,3,829,0,0,0,0,0,19,1412,-619,-400,0,0,0,0,0
12,180,9.545,115,543205,31,-41,3,829,0,0,0,0,0,19,1412,-619,-400,0,0,0,0,0
12,180,9.656,117,543317,31,-41,3,829,0,0,0,0,0,19,1412,-619,-400,0,0,0,0,0
12,180,9.712,118,543373,31,-41,3,829,0,0,0,0,0,19,1412,-619,-400,0,0,0,0,0
12,180,9.769,119,543429,31,-41,3,829,0,0,0,0,0,19,1412,-619,-400,0,0,0,0,0
12,180,9.882,121,543541,31,-41,3,829,0,0,0,0,0,19,1412,-619,-400,0,0,0,0,0
12,180,9.938,122,543597,31,-41,3,829,0,0,0,0,0,19,1412,-619,-400,0,0,0,0,0
12,180,10.058,124,543709,31,-41,3,829,0,0,0,0,0,19,1412,-619,-400,0,0,0,0,0
12,180,10.271,0,543929,31,-41,3,829,0,0,0,0,0,19,1412,-619,-400,0,0,0,0,0
12,180,10.387,2,544041,31,-41,3,829,0,0,0,0,0,19,1412,-619,-400,0,0,0,0,0
12,180,10.494,4,544153,31,-41,3,829,0,0,0,0,0,19,1412,-619,-400,0,0,0,0,0
12,180,10.55,5,544209,31,-41,3,829,0,0,0,0,0,19,1412,-619,-400,0,0,0,0,0
12,180,10.605,6,544265,31,-41,3,829,0,0,0,0,0,19,1412,-619,-400,0,0,0,0,0
12,180,10.66,7,544321,31,-41,3,829,0,0,0,0,0,19,1412,-619,-400,0,0,0,0,0
12,180,10.83,10,544489,31,-41,3,829,0,0,0,0,0,19,1412,-619,-400,0,0,0,0,0
12,180,10.884,11,544545,31,-41,3,829,0,0,0,0,0,19,1412,-619,-400,0,0,0,0,0
12,180,10.941,12,544601,31,-41,3,829,0,0,0,0,0,19,1412,-619,-400,0,0,0,0,0
12,180,10.998,13,544657,31,-41,3,829,0,0,0,0,0,19,1412,-619,-400,0,0,0,0,0
12,180,11.118,15,544769,31,-41,3,829,0,0,0,0,0,19,1412,-619,-400,0,0,0,0,0
12,180,11.161,16,544821,31,-41,3,829,0,0,0,0,0,19,1412,-619,-400,0,0,0,0,0
12,180,11.217,17,544877,31,-41,3,829,0,0,0,0,0,19,1412,-619,-400,0,0,0,0,0
12,180,11.273,18,544933,31,-41,3,829,0,0,0,0,0,19,1412,-619,-400,0,0,0,0,0
12,180,11.384,20,545045,31,-41,3,829,0,0,0,0,0,19,1412,-619,-400,0,0,0,0,0
12,180,11.496,22,545157,31,-41,3,829,0,0,0,0,0,19,1412,-619,-400,0,0,0,0,0
12,180,11.609,24,545269,31,-41,3,829,0,0,0,0,0,19,1412,-619,-400,0,0,0,0,0
12,180,11.722,26,545381,31,-41,3,829,0,0,0,0,0,19,1412,-619,-400,0,0,0,0,0
12,180,11.777,27,545437,31,-41,3,829,0,0,0,0,0,19,1412,-619,-400,0,0,0,0,0
12,180,11.833,28,545493,31,-41,3,829,0,0,0,0,0,19,1412,-619,-400,0,0,0,0,0
12,180,11.89,29,545549,31,-41,3,829,0,0,0,0,0,19,1412,-619,-400,0,0,0,0,0
12,180,12.0,31,545661,31,-41,3,829,0,0,0,0,0,19,1412,-619,-400,0,0,0,0,0
12,180,12.057,32,545717,31,-41,3,829,0,0,0,0,0,19,1412,-619,-400,0,0,0,0,0
12,180,12.114,33,545774,31,-41,3,829,0,0,0,0,0,19,1412,-619,-400,0,0,0,0,0
12,180,12.178,34,545829,31,-41,3,829,0,0,0,0,0,19,1412,-619,-400,0,0,0,0,0
12,180,12.221,35,545881,31,-41,3,829,0,0,0,0,0,19,1412,-619,-400,0,0,0,0,0
12,180,12.276,36,545937,31,-41,3,829,0,0,0,0,0,19,1412,-619,-400,0,0,0,0,0
12,180,12.334,37,545994,31,-41,3,829,0,0,0,0,0,19,1412,-619,-400,0,0,0,0,0
12,180,12.389,38,546049,31,-41,3,829,0,0,0,0,0,19,1412,-619,-400,0,0,0,0,0
12,180,12.446,39,546105,31,-41,3,829,0,0,0,0,0,19,1412,-619,-400,0,0,0,0,0
12,180,12.502,40,546161,31,-41,3,829,0,0,0,0,0,19,1412,-619,-400,0,0,0,0,0
12,180,12.725,44,546385,31,-41,3,829,0,0,0,0,0,19,1412,-619,-400,0,0,0,0,0
12,180,12.781,45,546441,31,-41,3,829,0,0,0,0,0,19,1412,-619,-400,0,0,0,0,0
12,180,12.84,46,546497,31,-41,3,829,0,0,0,0,0,19,1412,-619,-400,0,0,0,0,0
12,180,12.895,47,546553,31,-41,3,829,0,0,0,0,0,19,1412,-619,-400,0,0,0,0,0
12,180,12.949,48,546609,31,-41,3,829,0,0,0,0,0,19,1412,-619,-400,0,0,0,0,0
12,180,13.006,49,546665,31,-41,3,829,0,0,0,0,0,19,1412,-619,-400,0,0,0,0,0
12,180,13.062,50,546722,31,-41,3,829,0,0,0,0,0,19,1412,-619,-400,0,0,0,0,0
12,180,13.117,51,546777,31,-41,3,829,0,0,0,0,0,19,1412,-619,-400,0,0,0,0,0
12,180,13.172,52,546833,31,-41,3,829,0,0,0,0,0,19,1412,-619,-400,0,0,0,0,0
12,180,13.337,55,546997,31,-41,3,829,0,0,0,0,0,19,1412,-619,-400,0,0,0,0,0
12,180,13.449,57,547109,31,-41,3,829,0,0,0,0,0,19,1412,-619,-400,0,0,0,0,0
12,180,13.562,59,547221,31,-41,3,829,0,0,0,0,0,19,1412,-619,-400,0,0,0,0,0
12,180,13.617,60,547277,31,-41,3,829,0,0,0,0,0,19,1412,-619,-400,0,0,0,0,0
12,180,13.672,61,547333,31,-41,3,829,0,0,0,0,0,19,1412,-619,-400,0,0,0,0,0
12,180,13.729,62,547389,31,-41,3,829,0,0,0,0,0,19,1412,-619,-400,0,0,0,0,0
12,180,13.956,66,547613,31,-41,3,829,0,0,0,0,0,19,1412,-619,-400,0,0,0,0,0
12,180,14.009,67,547669,31,-41,3,829,0,0,0,0,0,19,1412,-619,-400,0,0,0,0,0
12,180,14.065,68,547725,31,-41,3,829,0,0,0,0,0,19,1412,-619,-400,0,0,0,0,0
12,180,14.122,69,547781,31,-41,3,829,0,0,0,0,0,19,1412,-619,-400,0,0,0,0,0
12,180,14.177,70,547837,31,-41,3,829,0,0,0,0,0,19,1412,-619,-400,0,0,0,0,0
12,180,14.232,71,547893,31,-41,3,829,0,0,0,0,0,19,1412,-619,-400,0,0,0,0,0
12,180,14.296,72,547949,31,-41,3,829,0,0,0,0,0,19,1412,-619,-400,0,0,0,0,0
12,180,14.34,73,548001,31,-41,3,829,0,0,0,0,0,19,1412,-619,-400,0,0,0,0,0
12,180,14.452,75,548113,31,-41,3,829,0,0,0,0,0,19,1412,-619,-400,0,0,0,0,0
12,180,14.62,78,548282,31,-41,3,829,0,0,0,0,0,19,1412,-619,-400,0,0,0,0,0
12,180,14.677,79,548337,31,-41,3,829,0,0,0,0,0,19,1412,-619,-400,0,0,0,0,0
12,180,14.789,81,548449,31,-41,3,829,0,0,0,0,0,19,1412,-619,-400,0,0,0,0,0
12,180,14.845,82,548505,31,-41,3,829,0,0,0,0,0,19,1412,-619,-400,0,0,0,0,0
12,180,14.901,83,548561,31,-41,3,829,0,0,0,0,0,19,1412,-619,-400,0,0,0,0,0
12,180,14.956,84,548617,31,-41,3,829,0,0,0,0,0,19,1412,-619,-400,0,0,0,0,0
12,180,15.124,87,548785,31,-41,3,829,0,0,0,0,0,19,1412,-619,-400,0,0,0,0,0
12,180,15.181,88,548841,31,-41,3,829,0,0,0,0,0,19,1412,-619,-400,0,0,0,0,0
12,180,15.237,89,548897,31,-41,3,829,0,0,0,0,0,19,1412,-619,-400,0,0,0,0,0
12,180,15.292,90,548953,31,-41,3,829,0,0,0,0,0,19,1412,-619,-400,0,0,0,0,0
12,180,15.357,91,549010,31,-41,3,829,0,0,0,0,0,19,1412,-619,-400,0,0,0,0,0
12,180,15.41,92,549062,31,-41,3,829,0,0,0,0,0,19,1412,-619,-400,0,0,0,0,0
12,180,15.457,93,549117,31,-41,3,829,0,0,0,0,0,19,1412,-619,-400,0,0,0,0,0
12,180,15.516,94,549173,31,-41,3,829,0,0,0,0,0,19,1412,-619,-400,0,0,0,0,0
12,180,15.569,95,549229,31,-41,3,829,0,0,0,0,0,19,1412,-619,-400,0,0,0,0,0
12,180,15.792,99,549453,31,-41,3,829,0,0,0,0,0,19,1412,-619,-400,0,0,0,0,0
12,180,15.904,101,549565,31,-41,3,829,0,0,0,0,0,19,1412,-619,-400,0,0,0,0,0
12,180,16.018,103,549677,31,-41,3,829,0,0,0,0,0,19,1412,-619,-400,0,0,0,0,0
12,180,16.072,104,549733,31,-41,3,829,0,0,0,0,0,19,1412,-619,-400,0,0,0,0,0
12,180,16.128,105,549790,31,-41,3,829,0,0,0,0,0,19,1412,-619,-400,0,0,0,0,0
12,180,16.184,106,549845,31,-41,3,829,0,0,0,0,0,19,1412,-619,-400,0,0,0,0,0
12,180,16.297,108,549957,31,-41,3,829,0,0,0,0,0,19,1412,-619,-400,0,0,0,0,0
12,180,16.355,109,550013,31,-41,3,829,0,0,0,0,0,19,1412,-619,-400,0,0,0,0,0
12,180,16.418,110,550069,31,-41,3,829,0,0,0,0,0,19,1412,-619,-400,0,0,0,0,0
12,180,16.519,112,550177,31,-41,3,829,0,0,0,0,0,19,1412,-619,-400,0,0,0,0,0
12,180,16.629,114,550289,31,-41,3,829,0,0,0,0,0,19,1412,-619,-400,0,0,0,0,0
12,180,16.696,115,550345,31,-41,3,829,0,0,0,0,0,19,1412,-619,-400,0,0,0,0,0
12,180,16.74,116,550401,31,-41,3,829,0,0,0,0,0,19,1412,-619,-400,0,0,0,0,0
12,180,16.796,117,550457,31,-41,3,829,0,0,0,0,0,19,1412,-619,-400,0,0,0,0,0
12,180,16.91,119,550570,31,-41,3,829,0,0,0,0,0,19,1412,-619,-400,0,0,0,0,0
12,180,17.023,121,550681,31,-41,3,829,0,0,0,0,0,19,1412,-619,-400,0,0,0,0,0
12,180,17.079,122,550737,31,-41,3,829,0,0,0,0,0,19,1412,-619,-400,0,0,0,0,0
12,180,17.138,123,550793,31,-41,3,829,0,0,0,0,0,19,1412,-619,-400,0,0,0,0,0
12,180,17.254,125,550905,31,-41,3,829,0,0,0,0,0,19,1412,-619,-400,0,0,0,0,0
12,180,17.301,126,550961,31,-41,3,829,0,0,0,0,0,19,1412,-619,-400,0,0,0,0,0
12,180,17.357,127,551017,31,-41,3,829,0,0,0,0,0,19,1412,-619,-400,0,0,0,0,0
12,180,17.578,3,551237,31,-41,3,829,0,0,0,0,0,19,1412,-619,-400,0,0,0,0,0
12,180,17.633,4,551293,31,-41,3,829,0,0,0,0,0,19,1412,-619,-400,0,0,0,0,0
13,90,-0.027,85,562947,31,-41,3,829,0,0,0,0,0,19,1412,-619,-400,0,0,0,0,0
13,90,0.012,86,562998,31,-41,3,829,0,0,0,0,0,19,1412,-619,-400,0,0,0,0,0
13,90,0.065,87,563049,31,-41,3,829,0,0,0,0,0,19,1413,-619,-400,-800,800,0,0,0
13,90,0.211,89,563193,31,-42,3,1106,0,0,0,-56,36,20,1419,-669,-377,-1200,1300,0,0,0
13,90,0.284,90,563265,31,-43,2,1484,0,0,0,-72,56,20,1422,-730,-338,-1500,1700,0,0,0
13,90,0.354,91,563337,31,-43,2,2064,0,0,0,-92,92,20,1425,-811,-266,-2000,2200,0,0,0
13,90,0.426,92,563409,31,-43,2,2946,0,0,0,-147,128,20,1428,-933,-155,-2400,2500,0,0,0
13,90,0.498,93,563481,31,-44,2,4037,0,0,0,-180,144,20,1431,-1088,-22,-2600,2700,0,0,0
13,90,0.57,94,563553,31,-45,1,5309,0,0,0,-200,174,20,1434,-1266,136,-2400,2600,0,0,0
13,90,0.715,96,563697,31,-45,0,7706,0,0,0,-164,164,20,1440,-1597,438,-2100,2500,0,0,0
13,90,0.791,97,563769,31,-51,-22,6582,0,0,0,-154,-1792,20,1443,-1738,0,-1200,1700,0,0,0
13,90,0.923,98,563906,31,-47,2,10085,0,0,0,0,0,20,1451,-1886,777,0,0,0,0,0
13,90,1.044,100,564029,31,-47,2,10085,0,0,0,0,0,20,1456,-1886,777,0,0,0,0,0
13,90,1.125,101,564102,31,-47,2,10085,0,0,0,0,0,20,1459,-1886,777,0,0,0,0,0
13,90,1.19,102,564173,31,-47,2,10085,0,0,0,0,0,20,1462,-1886,777,0,0,0,0,0
13,90,1.334,104,564317,31,-47,2,10085,0,0,0,0,0,20,1468,-1886,777,0,0,0,0,0
13,90,1.404,105,564389,31,-47,2,10085,0,0,0,0,0,20,1471,-1886,777,0,0,0,0,0
13,90,1.476,106,564461,31,-47,2,10085,0,0,0,0,0,20,1474,-1886,777,0,0,0,0,0
13,90,1.548,107,564534,31,-47,2,10085,0,0,0,0,0,20,1477,-1886,777,0,0,0,0,0
13,90,1.836,111,564821,31,-47,2,10085,0,0,0,0,0,20,1489,-1886,777,0,0,0,0,0
13,90,1.91,112,564893,31,-47,2,10085,0,0,0,0,0,20,1492,-1886,777,0,0,0,0,0
13,90,2.052,114,565037,31,-47,2,10085,0,0,0,0,0,20,1498,-1886,777,0,0,0,0,0
13,90,2.125,115,565109,31,-47,2,10085,0,0,0,0,0,20,1501,-1886,777,0,0,0,0,0
13,90,2.197,116,565182,31,-47,2,10085,0,0,0,0,0,20,1504,-1886,777,0,0,0,0,0
13,90,2.27,117,565253,31,-47,2,10085,0,0,0,0,0,20,1507,-1886,777,0,0,0,0,0
13,90,2.341,118,565325,31,-47,2,10085,0,0,0,0,0,20,1510,-1886,777,0,0,0,0,0
13,90,2.412,119,565397,31,-47,2,10085,0,0,0,0,0,20,1513,-1886,777,0,0,0,0,0
13,90,2.494,120,565469,31,-47,2,10085,0,0,0,0,0,20,1516,-1886,777,0,0,0,0,0
13,90,2.559,121,565541,31,-47,2,10085,0,0,0,0,0,20,1519,-1886,777,0,0,0,0,0
13,90,2.632,122,565614,31,-47,2,10085,0,0,0,0,0,20,1522,-1886,777,0,0,0,0,0
13,90,2.705,123,565686,31,-47,2,10085,0,0,0,0,0,20,1525,-1886,777,0,0,0,0,0
13,90,2.775,124,565758,31,-47,2,10085,0,0,0,0,0,20,1528,-1886,777,0,0,0,0,0
13,90,2.845,125,565829,31,-47,2,10085,0,0,0,0,0,20,1531,-1886,777,0,0,0,0,0
13,90,2.919,126,565902,31,-47,2,10085,0,0,0,0,0,20,1534,-1886,777,0,0,0,0,0
13,90,2.989,127,565973,31,-47,2,10085,0,0,0,0,0,20,1537,-1886,777,0,0,0,0,0
13,90,3.065,0,566046,31,-47,2,10085,0,0,0,0,0,20,1540,-1886,777,0,0,0,0,0
13,90,3.127,1,566103,31,-47,2,10085,0,0,0,0,0,20,1540,-1886,777,0,0,0,0,0
13,90,3.172,2,566153,31,-47,2,10085,0,0,0,0,0,20,1540,-1886,777,0,0,0,0,0
13,90,3.225,3,566210,31,-47,2,10085,0,0,0,0,0,20,1540,-1886,777,0,0,0,0,0
13,90,3.281,4,566266,31,-47,2,10085,0,0,0,0,0,20,1540,-1886,777,0,0,0,0,0
13,90,3.336,5,566321,31,-47,2,10085,0,0,0,0,0,20,1540,-1886,777,0,0,0,0,0
13,90,3.392,6,566378,31,-47,2,10085,0,0,0,0,0,20,1540,-1886,777,0,0,0,0,0
13,90,3.449,7,566433,31,-47,2,10085,0,0,0,0,0,20,1540,-1886,777,0,0,0,0,0
13,90,3.56,9,566545,31,-47,2,10085,0,0,0,0,0,20,1540,-1886,777,0,0,0,0,0
13,90,3.676,11,566658,31,-47,2,10085,0,0,0,0,0,20,1540,-1886,777,0,0,0,0,0
13,90,3.78,13,566765,31,-47,2,10085,0,0,0,0,0,20,1540,-1886,777,0,0,0,0,0
13,90,3.836,14,566821,31,-47,2,10085,0,0,0,0,0,20,1540,-1886,777,0,0,0,0,0
13,90,3.892,15,566877,31,-47,2,10085,0,0,0,0,0,20,1540,-1886,777,0,0,0,0,0
13,90,3.952,16,566933,31,-47,2,10085,0,0,0,0,0,20,1540,-1886,777,0,0,0,0,0
13,90,4.004,17,566990,31,-47,2,10085,0,0,0,0,0,20,1540,-1886,777,0,0,0,0,0
13,90,4.06,18,567045,31,-47,2,10085,0,0,0,0,0,20,1540,-1886,777,0,0,0,0,0
13,90,4.116,19,567102,31,-47,2,10085,0,0,0,0,0,20,1540,-1886,777,0,0,0,0,0
13,90,4.172,20,567158,31,-47,2,10085,0,0,0,0,0,20,1540,-1886,777,0,0,0,0,0
13,90,4.284,22,567269,31,-47,2,10085,0,0,0,0,0,20,1540,-1886,777,0,0,0,0,0
13,90,4.398,24,567381,31,-47,2,10085,0,0,0,0,0,20,1540,-1886,777,0,0,0,0,0
13,90,4.453,25,567438,31,-47,2,10085,0,0,0,0,0,20,1540,-1886,777,0,0,0,0,0
13,90,4.508,26,567494,31,-47,2,10085,0,0,0,0,0,20,1540,-1886,777,0,0,0,0,0
13,90,4.565,27,567549,31,-47,2,10085,0,0,0,0,0,20,1540,-1886,777,0,0,0,0,0
13,90,4.622,28,567605,31,-47,2,10085,0,0,0,0,0,20,1540,-1886,777,0,0,0,0,0
13,90,4.677,29,567661,31,-47,2,10085,0,0,0,0,0,20,1540,-1886,777,0,0,0,0,0
13,90,4.788,31,567769,31,-47,2,10085,0,0,0,0,0,20,1540,-1886,777,0,0,0,0,0
13,90,4.84,32,567826,31,-47,2,10085,0,0,0,0,0,20,1540,-1886,777,0,0,0,0,0
13,90,4.953,34,567938,31,-47,2,10085,0,0,0,0,0,20,1540,-1886,777,0,0,0,0,0
13,90,5.008,35,567993,31,-47,2,10085,0,0,0,0,0,20,1540,-1886,777,0,0,0,0,0
13,90,5.064,36,568049,31,-47,2,10085,0,0,0,0,0,20,1540,-1886,777,0,0,0,0,0
13,90,5.12,37,568105,31,-47,2,10085,0,0,0,0,0,20,1540,-1886,777,0,0,0,0,0
13,90,5.176,38,568161,31,-47,2,10085,0,0,0,0,0,20,1540,-1886,777,0,0,0,0,0
13,90,5.233,39,568217,31,-47,2,10085,0,0,0,0,0,20,1540,-1886,777,0,0,0,0,0
13,90,5.288,40,568274,31,-47,2,10085,0,0,0,0,0,20,1540,-1886,777,0,0,0,0,0
13,90,5.347,41,568330,31,-47,2,10085,0,0,0,0,0,20,1540,-1886,777,0,0,0,0,0
13,90,5.4,42,568385,31,-47,2,10085,0,0,0,0,0,20,1540,-1886,777,0,0,0,0,0
13,90,5.46,43,568441,31,-47,2,10085,0,0,0,0,0,20,1540,-1886,777,0,0,0,0,0
13,90,5.512,44,568497,31,-47,2,10085,0,0,0,0,0,20,1540,-1886,777,0,0,0,0,0
13,90,5.568,45,568553,31,-47,2,10085,0,0,0,0,0,20,1540,-1886,777,0,0,0,0,0
13,90,5.628,46,568610,31,-47,2,10085,0,0,0,0,0,20,1540,-1886,777,0,0,0,0,0
13,90,5.684,47,568666,31,-47,2,10085,0,0,0,0,0,20,1540,-1886,777,0,0,0,0,0
13,90,5.737,48,568721,31,-47,2,10085,0,0,0,0,0,20,1540,-1886,777,0,0,0,0,0
13,90,5.801,49,568778,31,-47,2,10085,0,0,0,0,0,20,1540,-1886,777,0,0,0,0,0
13,90,5.845,50,568829,31,-47,2,10085,0,0,0,0,0,20,1540,-1886,777,0,0,0,0,0
13,90,5.9,51,568885,31,-47,2,10085,0,0,0,0,0,20,1540,-1886,777,0,0,0,0,0
13,90,5.956,52,568941,31,-47,2,10085,0,0,0,0,0,20,1540,-1886,777,0,0,0,0,0
13,90,6.013,53,568998,31,-47,2,10085,0,0,0,0,0,20,1540,-1886,777,0,0,0,0,0
13,90,6.068,54,569053,31,-47,2,10085,0,0,0,0,0,20,1540,-1886,777,0,0,0,0,0
13,90,6.238,57,569222,31,-47,2,10085,0,0,0,0,0,20,1540,-1886,777,0,0,0,0,0
13,90,6.406,60,569389,31,-47,2,10085,0,0,0,0,0,20,1540,-1886,777,0,0,0,0,0
13,90,6.462,61,569446,31,-47,2,10085,0,0,0,0,0,20,1540,-1886,777,0,0,0,0,0
13,90,6.516,62,569502,31,-47,2,10085,0,0,0,0,0,20,1540,-1886,777,0,0,0,0,0
13,90,6.572,63,569557,31,-47,2,10085,0,0,0,0,0,20,1540,-1886,777,0,0,0,0,0
13,90,6.629,64,569613,31,-47,2,10085,0,0,0,0,0,20,1540,-1886,777,0,0,0,0,0
13,90,6.686,65,569670,31,-47,2,10085,0,0,0,0,0,20,1540,-1886,777,0,0,0,0,0
13,90,6.798,67,569781,31,-47,2,10085,0,0,0,0,0,20,1540,-1886,777,0,0,0,0,0
13,90,6.861,68,569837,31,-47,2,10085,0,0,0,0,0,20,1540,-1886,777,0,0,0,0,0
13,90,6.962,70,569945,31,-47,2,10085,0,0,0,0,0,20,1540,-1886,777,0,0,0,0,0
13,90,7.018,71,570002,31,-47,2,10085,0,0,0,0,0,20,1540,-1886,777,0,0,0,0,0
13,90,7.073,72,570057,31,-47,2,10085,0,0,0,0,0,20,1540,-1886,777,0,0,0,0,0
13,90,7.13,73,570113,31,-47,2,10085,0,0,0,0,0,20,1540,-1886,777,0,0,0,0,0
13,90,7.186,74,570169,31,-47,2,10085,0,0,0,0,0,20,1540,-1886,777,0,0,0,0,0
13,90,7.243,75,570226,31,-47,2,10085,0,0,0,0,0,20,1540,-1886,777,0,0,0,0,0
13,90,7.411,78,570393,31,-47,2,10085,0,0,0,0,0,20,1540,-1886,777,0,0,0,0,0
13,90,7.466,79,570450,31,-47,2,10085,0,0,0,0,0,20,1540,-1886,777,0,0,0,0,0
13,90,7.523,80,570505,31,-47,2,10085,0,0,0,0,0,20,1540,-1886,777,0,0,0,0,0
13,90,7.576,81,570561,31,-47,2,10085,0,0,0,0,0,20,1540,-1886,777,0,0,0,0,0
13,90,7.652,82,570617,31,-47,2,10085,0,0,0,0,0,20,1540,-1886,777,0,0,0,0,0
13,90,7.689,83,570674,31,-47,2,10085,0,0,0,0,0,20,1540,-1886,777,0,0,0,0,0
13,90,7.745,84,570729,31,-47,2,10085,0,0,0,0,0,20,1540,-1886,777,0,0,0,0,0
13,90,7.801,85,570785,31,-47,2,10085,0,0,0,0,0,20,1540,-1886,777,0,0,0,0,0
13,90,7.857,86,570841,31,-47,2,10085,0,0,0,0,0,20,1540,-1886,777,0,0,0,0,0
13,90,7.915,87,570897,31,-47,2,10085,0,0,0,0,0,20,1540,-1886,777,0,0,0,0,0
13,90,7.967,88,570949,31,-47,2,10085,0,0,0,0,0,20,1540,-1886,777,0,0,0,0,0
13,90,8.134,91,571117,31,-47,2,10085,0,0,0,0,0,20,1540,-1886,777,0,0,0,0,0
13,90,8.189,92,571173,31,-47,2,10085,0,0,0,0,0,20,1540,-1886,777,0,0,0,0,0
13,90,8.251,93,571229,31,-47,2,10085,0,0,0,0,0,20,1540,-1886,777,0,0,0,0,0
13,90,8.31,94,571287,31,-47,2,10085,0,0,0,0,0,20,1540,-1886,777,0,0,0,0,0
13,90,8.361,95,571342,31,-47,2,10085,0,0,0,0,0,20,1540,-1886,777,0,0,0,0,0
13,90,8.416,96,571397,31,-47,2,10085,0,0,0,0,0,20,1540,-1886,777,0,0,0,0,0
13,90,8.468,97,571453,31,-47,2,10085,0,0,0,0,0,20,1540,-1886,777,0,0,0,0,0
13,90,8.693,101,571677,31,-47,2,10085,0,0,0,0,0,20,1540,-1886,777,0,0,0,0,0
13,90,8.749,102,571734,31,-47,2,10085,0,0,0,0,0,20,1540,-1886,777,0,0,0,0,0
13,90,8.916,105,571902,31,-47,2,10085,0,0,0,0,0,20,1540,-1886,777,0,0,0,0,0
13,90,8.982,106,571958,31,-47,2,10085,0,0,0,0,0,20,1540,-1886,777,0,0,0,0,0
13,90,9.025,107,572009,31,-47,2,10085,0,0,0,0,0,20,1540,-1886,777,0,0,0,0,0
13,90,9.081,108,572065,31,-47,2,10085,0,0,0,0,0,20,1540,-1886,777,0,0,0,0,0
13,90,9.195,110,572178,31,-47,2,10085,0,0,0,0,0,20,1540,-1886,777,0,0,0,0,0
13,90,9.363,113,572345,31,-47,2,10085,0,0,0,0,0,20,1540,-1886,777,0,0,0,0,0
13,90,9.417,114,572402,31,-47,2,10085,0,0,0,0,0,20,1540,-1886,777,0,0,0,0,0
13,90,9.531,116,572514,31,-47,2,10085,0,0,0,0,0,20,1540,-1886,777,0,0,0,0,0
13,90,9.641,118,572625,31,-47,2,10085,0,0,0,0,0,20,1540,-1886,777,0,0,0,0,0
13,90,9.698,119,572682,31,-47,2,10085,0,0,0,0,0,20,1540,-1886,777,0,0,0,0,0
13,90,9.813,121,572793,31,-47,2,10085,0,0,0,0,0,20,1540,-1886,777,0,0,0,0,0
13,90,10.018,124,572961,31,-47,2,10085,0,0,0,0,0,20,1540,-1886,777,0,0,0,0,0
13,90,10.083,125,573018,31,-47,2,10085,0,0,0,0,0,20,1540,-1886,777,0,0,0,0,0
13,90,10.088,126,573069,31,-47,2,10085,0,0,0,0,0,20,1540,-1886,777,0,0,0,0,0
13,90,10.143,127,573125,31,-47,2,10085,0,0,0,0,0,20,1540,-1886,777,0,0,0,0,0
13,90,10.196,0,573181,31,-47,2,10085,0,0,0,0,0,20,1540,-1886,777,0,0,0,0,0
13,90,10.252,1,573237,31,-47,2,10085,0,0,0,0,0,20,1540,-1886,777,0,0,0,0,0
13,90,10.309,2,573294,31,-47,2,10085,0,0,0,0,0,20,1540,-1886,777,0,0,0,0,0
13,90,10.421,4,573406,31,-47,2,10085,0,0,0,0,0,20,1540,-1886,777,0,0,0,0,0
13,90,10.532,6,573517,31,-47,2,10085,0,0,0,0,0,20,1540,-1886,777,0,0,0,0,0
13,90,10.644,8,573629,31,-47,2,10085,0,0,0,0,0,20,1540,-1886,777,0,0,0,0,0
13,90,10.844,11,573797,31,-47,2,10085,0,0,0,0,0,20,1540,-1886,777,0,0,0,0,0
13,90,10.871,12,573854,31,-47,2,10085,0,0,0,0,0,20,1540,-1886,777,0,0,0,0,0
13,90,10.925,13,573910,31,-47,2,10085,0,0,0,0,0,20,1540,-1886,777,0,0,0,0,0
13,90,11.037,15,574022,31,-47,2,10085,0,0,0,0,0,20,1540,-1886,777,0,0,0,0,0
13,90,11.144,17,574129,31,-47,2,10085,0,0,0,0,0,20,1540,-1886,777,0,0,0,0,0
13,90,11.258,19,574241,31,-47,2,10085,0,0,0,0,0,20,1540,-1886,777,0,0,0,0,0
13,90,11.313,20,574298,31,-47,2,10085,0,0,0,0,0,20,1540,-1886,777,0,0,0,0,0
13,90,11.367,21,574353,31,-47,2,10085,0,0,0,0,0,20,1540,-1886,777,0,0,0,0,0
13,90,11.426,22,574409,31,-47,2,10085,0,0,0,0,0,20,1540,-1886,777,0,0,0,0,0
13,90,11.481,23,574465,31,-47,2,10085,0,0,0,0,0,20,1540,-1886,777,0,0,0,0,0
13,90,11.54,24,574521,31,-47,2,10085,0,0,0,0,0,20,1540,-1886,777,0,0,0,0,0
13,90,11.595,25,574577,31,-47,2,10085,0,0,0,0,0,20,1540,-1886,777,0,0,0,0,0
13,90,11.648,26,574633,31,-47,2,10085,0,0,0,0,0,20,1540,-1886,777,0,0,0,0,0
13,90,11.762,28,574745,31,-47,2,10085,0,0,0,0,0,20,1540,-1886,777,0,0,0,0,0
13,90,11.872,30,574857,31,-47,2,10085,0,0,0,0,0,20,1540,-1886,777,0,0,0,0,0
13,90,11.987,32,574969,31,-47,2,10085,0,0,0,0,0,20,1540,-1886,777,0,0,0,0,0
13,90,12.042,33,575025,31,-47,2,10085,0,0,0,0,0,20,1540,-1886,777,0,0,0,0,0
13,90,12.098,34,575081,31,-47,2,10085,0,0,0,0,0,20,1540,-1886,777,0,0,0,0,0
13,90,12.162,35,575138,31,-47,2,10085,0,0,0,0,0,20,1540,-1886,777,0,0,0,0,0
13,90,12.203,36,575189,31,-47,2,10085,0,0,0,0,0,20,1540,-1886,777,0,0,0,0,0
13,90,12.26,37,575245,31,-47,2,10085,0,0,0,0,0,20,1540,-1886,777,0,0,0,0,0
13,90,12.319,38,575302,31,-47,2,10085,0,0,0,0,0,20,1540,-1886,777,0,0,0,0,0
13,90,12.485,41,575469,31,-47,2,10085,0,0,0,0,0,20,1540,-1886,777,0,0,0,0,0
13,90,12.542,42,575525,31,-47,2,10085,0,0,0,0,0,20,1540,-1886,777,0,0,0,0,0
13,90,12.597,43,575582,31,-47,2,10085,0,0,0,0,0,20,1540,-1886,777,0,0,0,0,0
13,90,12.653,44,575637,31,-47,2,10085,0,0,0,0,0,20,1540,-1886,777,0,0,0,0,0
13,90,12.711,45,575693,31,-47,2,10085,0,0,0,0,0,20,1540,-1886,777,0,0,0,0,0
13,90,12.764,46,575749,31,-47,2,10085,0,0,0,0,0,20,1540,-1886,777,0,0,0,0,0
13,90,12.822,47,575805,31,-47,2,10085,0,0,0,0,0,20,1540,-1886,777,0,0,0,0,0
13,90,12.879,48,575861,31,-47,2,10085,0,0,0,0,0,20,1540,-1886,777,0,0,0,0,0
13,90,12.988,50,575974,31,-47,2,10085,0,0,0,0,0,20,1540,-1886,777,0,0,0,0,0
13,90,13.045,51,576029,31,-47,2,10085,0,0,0,0,0,20,1540,-1886,777,0,0,0,0,0
13,90,13.101,52,576085,31,-47,2,10085,0,0,0,0,0,20,1540,-1886,777,0,0,0,0,0
13,90,13.158,53,576141,31,-47,2,10085,0,0,0,0,0,20,1540,-1886,777,0,0,0,0,0
13,90,13.221,54,576197,31,-47,2,10085,0,0,0,0,0,20,1540,-1886,777,0,0,0,0,0
13,90,13.265,55,576249,31,-47,2,10085,0,0,0,0,0,20,1540,-1886,777,0,0,0,0,0
13,90,13.322,56,576305,31,-47,2,10085,0,0,0,0,0,20,1540,-1886,777,0,0,0,0,0
13,90,13.377,57,576362,31,-47,2,10085,0,0,0,0,0,20,1540,-1886,777,0,0,0,0,0
13,90,13.431,58,576418,31,-47,2,10085,0,0,0,0,0,20,1540,-1886,777,0,0,0,0,0
13,90,13.494,59,576473,31,-47,2,10085,0,0,0,0,0,20,1540,-1886,777,0,0,0,0,0
13,90,13.548,60,576529,31,-47,2,10085,0,0,0,0,0,20,1540,-1886,777,0,0,0,0,0
13,90,13.603,61,576585,31,-47,2,10085,0,0,0,0,0,20,1540,-1886,777,0,0,0,0,0
13,90,13.659,62,576642,31,-47,2,10085,0,0,0,0,0,20,1540,-1886,777,0,0,0,0,0
13,90,13.713,63,576697,31,-47,2,10085,0,0,0,0,0,20,1540,-1886,777,0,0,0,0,0
13,90,13.824,65,576810,31,-47,2,10085,0,0,0,0,0,20,1540,-1886,777,0,0,0,0,0
13,90,13.883,66,576866,31,-47,2,10085,0,0,0,0,0,20,1540,-1886,777,0,0,0,0,0
13,90,13.937,67,576921,31,-47,2,10085,0,0,0,0,0,20,1540,-1886,777,0,0,0,0,0
13,90,13.992,68,576977,31,-47,2,10085,0,0,0,0,0,20,1540,-1886,777,0,0,0,0,0
13,90,14.048,69,577033,31,-47,2,10085,0,0,0,0,0,20,1540,-1886,777,0,0,0,0,0
13,90,14.105,70,577090,31,-47,2,10085,0,0,0,0,0,20,1540,-1886,777,0,0,0,0,0
13,90,14.16,71,577145,31,-47,2,10085,0,0,0,0,0,20,1540,-1886,777,0,0,0,0,0
13,90,14.436,76,577421,31,-47,2,10085,0,0,0,0,0,20,1540,-1886,777,0,0,0,0,0
13,90,14.495,77,577477,31,-47,2,10085,0,0,0,0,0,20,1540,-1886,777,0,0,0,0,0
13,90,14.55,78,577533,31,-47,2,10085,0,0,0,0,0,20,1540,-1886,777,0,0,0,0,0
13,90,14.66,80,577646,31,-47,2,10085,0,0,0,0,0,20,1540,-1886,777,0,0,0,0,0
13,90,14.716,81,577702,31,-47,2,10085,0,0,0,0,0,20,1540,-1886,777,0,0,0,0,0
13,90,14.772,82,577757,31,-47,2,10085,0,0,0,0,0,20,1540,-1886,777,0,0,0,0,0
13,90,14.946,85,577925,31,-47,2,10085,0,0,0,0,0,20,1540,-1886,777,0,0,0,0,0
13,90,15.053,87,578037,31,-47,2,10085,0,0,0,0,0,20,1540,-1886,777,0,0,0,0,0
13,90,15.164,89,578150,31,-47,2,10085,0,0,0,0,0,20,1540,-1886,777,0,0,0,0,0
13,90,15.341,92,578317,31,-47,2,10085,0,0,0,0,0,20,1540,-1886,777,0,0,0,0,0
13,90,15.442,94,578425,31,-47,2,10085,0,0,0,0,0,20,1540,-1886,777,0,0,0,0,0
13,90,15.664,98,578650,31,-47,2,10085,0,0,0,0,0,20,1540,-1886,777,0,0,0,0,0
13,90,15.72,99,578705,31,-47,2,10085,0,0,0,0,0,20,1540,-1886,777,0,0,0,0,0
13,90,15.78,100,578761,31,-47,2,10085,0,0,0,0,0,20,1540,-1886,777,0,0,0,0,0
13,90,15.832,101,578817,31,-47,2,10085,0,0,0,0,0,20,1540,-1886,777,0,0,0,0,0
13,90,15.888,102,578873,31,-47,2,10085,0,0,0,0,0,20,1540,-1886,777,0,0,0,0,0
13,90,15.946,103,578930,31,-47,2,10085,0,0,0,0,0,20,1540,-1886,777,0,0,0,0,0
13,90,16.114,106,579097,31,-47,2,10085,0,0,0,0,0,20,1540,-1886,777,0,0,0,0,0
13,90,16.168,107,579153,31,-47,2,10085,0,0,0,0,0,20,1540,-1886,777,0,0,0,0,0
13,90,16.227,108,579209,31,-47,2,10085,0,0,0,0,0,20,1540,-1886,777,0,0,0,0,0
13,90,16.282,109,579265,31,-47,2,10085,0,0,0,0,0,20,1540,-1886,777,0,0,0,0,0
13,90,16.336,110,579321,31,-47,2,10085,0,0,0,0,0,20,1540,-1886,777,0,0,0,0,0
13,90,16.402,111,579378,31,-47,2,10085,0,0,0,0,0,20,1540,-1886,777,0,0,0,0,0
13,90,16.444,112,579430,31,-47,2,10085,0,0,0,0,0,20,1540,-1886,777,0,0,0,0,0
14,-90,-0.036,110,593602,31,-47,2,10085,0,0,0,0,0,20,1540,-1886,777,0,0,0,0,0
14,-90,0.021,111,593657,31,-47,2,10085,0,0,0,0,0,20,1540,-1886,777,0,0,0,0,0
14,-90,0.158,113,593797,31,-47,2,9865,0,0,0,31,-39,21,1545,-1861,744,1300,-1300,0,0,0
14,-90,0.231,114,593869,31,-47,2,9535,0,0,0,56,-56,21,1548,-1816,702,1400,-1400,0,0,0
14,-90,0.377,116,594013,31,-47,2,8350,0,0,0,108,-128,21,1554,-1661,544,2200,-2200,0,0,0
14,-90,0.458,117,594086,31,-47,2,7434,0,0,0,147,-144,21,1557,-1541,422,2500,-2500,0,0,0
14,-90,0.52,118,594157,31,-47,2,6286,0,0,0,184,-180,21,1560,-1388,272,2600,-2600,0,0,0
14,-90,0.593,119,594230,31,-47,2,5056,0,0,0,174,-174,21,1563,-1227,108,2500,-2600,0,0,0
14,-90,0.745,121,594373,31,-47,2,2681,0,0,0,154,-164,21,1569,-916,-208,2400,-2300,0,0,0
14,-90,0.878,122,594518,31,-47,2,1189,0,0,0,0,0,21,1577,-722,-408,0,0,0,0,0
14,-90,0.933,123,594569,31,-47,2,1189,0,0,0,0,0,21,1579,-722,-408,0,0,0,0,0
14,-90,1.004,124,594641,31,-47,2,1189,0,0,0,0,0,21,1582,-722,-408,0,0,0,0,0
14,-90,1.078,125,594713,31,-47,2,1189,0,0,0,0,0,21,1585,-722,-408,0,0,0,0,0
14,-90,1.147,126,594785,31,-47,2,1189,0,0,0,0,0,21,1588,-722,-408,0,0,0,0,0
14,-90,1.291,0,594930,31,-47,2,1189,0,0,0,0,0,21,1594,-722,-408,0,0,0,0,0
14,-90,1.364,1,595002,31,-47,2,1189,0,0,0,0,0,21,1597,-722,-408,0,0,0,0,0
14,-90,1.436,2,595074,31,-47,2,1189,0,0,0,0,0,21,1600,-722,-408,0,0,0,0,0
14,-90,1.508,3,595145,31,-47,2,1189,0,0,0,0,0,21,1603,-722,-408,0,0,0,0,0
14,-90,1.581,4,595217,31,-47,2,1189,0,0,0,0,0,21,1606,-722,-408,0,0,0,0,0
14,-90,1.649,5,595290,31,-47,2,1189,0,0,0,0,0,21,1609,-722,-408,0,0,0,0,0
14,-90,1.726,6,595361,31,-47,2,1189,0,0,0,0,0,21,1612,-722,-408,0,0,0,0,0
14,-90,1.866,8,595505,31,-47,2,1189,0,0,0,0,0,21,1618,-722,-408,0,0,0,0,0
14,-90,1.925,9,595555,31,-47,2,1189,0,0,0,0,0,21,1620,-722,-408,0,0,0,0,0
14,-90,1.97,10,595605,31,-47,2,1189,0,0,0,0,0,21,1620,-722,-408,0,0,0,0,0
14,-90,2.024,11,595661,31,-47,2,1189,0,0,0,0,0,21,1620,-722,-408,0,0,0,0,0
14,-90,2.089,12,595717,31,-47,2,1189,0,0,0,0,0,21,1620,-722,-408,0,0,0,0,0
14,-90,2.13,13,595769,31,-47,2,1189,0,0,0,0,0,21,1620,-722,-408,0,0,0,0,0
14,-90,2.299,16,595937,31,-47,2,1189,0,0,0,0,0,21,1620,-722,-408,0,0,0,0,0
14,-90,2.524,20,596161,31,-47,2,1189,0,0,0,0,0,21,1620,-722,-408,0,0,0,0,0
14,-90,2.58,21,596217,31,-47,2,1189,0,0,0,0,0,21,1620,-722,-408,0,0,0,0,0
14,-90,2.638,22,596273,31,-47,2,1189,0,0,0,0,0,21,1620,-722,-408,0,0,0,0,0
14,-90,2.746,24,596385,31,-47,2,1189,0,0,0,0,0,21,1620,-722,-408,0,0,0,0,0
14,-90,2.802,25,596441,31,-47,2,1189,0,0,0,0,0,21,1620,-722,-408,0,0,0,0,0
14,-90,2.863,26,596497,31,-47,2,1189,0,0,0,0,0,21,1620,-722,-408,0,0,0,0,0
14,-90,3.027,29,596665,31,-47,2,1189,0,0,0,0,0,21,1620,-722,-408,0,0,0,0,0
14,-90,3.083,30,596721,31,-47,2,1189,0,0,0,0,0,21,1620,-722,-408,0,0,0,0,0
14,-90,3.148,31,596777,31,-47,2,1189,0,0,0,0,0,21,1620,-722,-408,0,0,0,0,0
14,-90,3.246,33,596885,31,-47,2,1189,0,0,0,0,0,21,1620,-722,-408,0,0,0,0,0
14,-90,3.358,35,596997,31,-47,2,1189,0,0,0,0,0,21,1620,-722,-408,0,0,0,0,0
14,-90,3.427,36,597053,31,-47,2,1189,0,0,0,0,0,21,1620,-722,-408,0,0,0,0,0
14,-90,3.531,38,597165,31,-47,2,1189,0,0,0,0,0,21,1620,-722,-408,0,0,0,0,0
14,-90,3.639,40,597277,31,-47,2,1189,0,0,0,0,0,21,1620,-722,-408,0,0,0,0,0
14,-90,3.749,42,597389,31,-47,2,1189,0,0,0,0,0,21,1620,-722,-408,0,0,0,0,0
14,-90,3.808,43,597445,31,-47,2,1189,0,0,0,0,0,21,1620,-722,-408,0,0,0,0,0
14,-90,3.861,44,597501,31,-47,2,1189,0,0,0,0,0,21,1620,-722,-408,0,0,0,0,0
14,-90,4.031,47,597669,31,-47,2,1189,0,0,0,0,0,21,1620,-722,-408,0,0,0,0,0
14,-90,4.308,52,597945,31,-47,2,1189,0,0,0,0,0,21,1620,-722,-408,0,0,0,0,0
14,-90,4.363,53,598001,31,-47,2,1189,0,0,0,0,0,21,1620,-722,-408,0,0,0,0,0
14,-90,4.475,55,598113,31,-47,2,1189,0,0,0,0,0,21,1620,-722,-408,0,0,0,0,0
14,-90,4.53,56,598169,31,-47,2,1189,0,0,0,0,0,21,1620,-722,-408,0,0,0,0,0
14,-90,4.585,57,598225,31,-47,2,1189,0,0,0,0,0,21,1620,-722,-408,0,0,0,0,0
14,-90,4.644,58,598281,31,-47,2,1189,0,0,0,0,0,21,1620,-722,-408,0,0,0,0,0
14,-90,4.754,60,598393,31,-47,2,1189,0,0,0,0,0,21,1620,-722,-408,0,0,0,0,0
14,-90,4.923,63,598561,31,-47,2,1189,0,0,0,0,0,21,1620,-722,-408,0,0,0,0,0
14,-90,4.979,64,598618,31,-47,2,1189,0,0,0,0,0,21,1620,-722,-408,0,0,0,0,0
14,-90,5.035,65,598673,31,-47,2,1189,0,0,0,0,0,21,1620,-722,-408,0,0,0,0,0
14,-90,5.094,66,598729,31,-47,2,1189,0,0,0,0,0,21,1620,-722,-408,0,0,0,0,0
14,-90,5.146,67,598785,31,-47,2,1189,0,0,0,0,0,21,1620,-722,-408,0,0,0,0,0
14,-90,5.207,68,598841,31,-47,2,1189,0,0,0,0,0,21,1620,-722,-408,0,0,0,0,0
14,-90,5.267,69,598897,31,-47,2,1189,0,0,0,0,0,21,1620,-722,-408,0,0,0,0,0
14,-90,5.367,71,599005,31,-47,2,1189,0,0,0,0,0,21,1620,-722,-408,0,0,0,0,0
14,-90,5.479,73,599117,31,-47,2,1189,0,0,0,0,0,21,1620,-722,-408,0,0,0,0,0
14,-90,5.59,75,599229,31,-47,2,1189,0,0,0,0,0,21,1620,-722,-408,0,0,0,0,0
14,-90,5.703,77,599341,31,-47,2,1189,0,0,0,0,0,21,1620,-722,-408,0,0,0,0,0
14,-90,5.771,78,599398,31,-47,2,1189,0,0,0,0,0,21,1620,-722,-408,0,0,0,0,0
14,-90,5.814,79,599453,31,-47,2,1189,0,0,0,0,0,21,1620,-722,-408,0,0,0,0,0
14,-90,5.871,80,599509,31,-47,2,1189,0,0,0,0,0,21,1620,-722,-408,0,0,0,0,0
14,-90,5.982,82,599621,31,-47,2,1189,0,0,0,0,0,21,1620,-722,-408,0,0,0,0,0
14,-90,6.152,85,599789,31,-47,2,1189,0,0,0,0,0,21,1620,-722,-408,0,0,0,0,0
14,-90,6.209,86,599845,31,-47,2,1189,0,0,0,0,0,21,1620,-722,-408,0,0,0,0,0
14,-90,6.33,88,599957,31,-47,2,1189,0,0,0,0,0,21,1620,-722,-408,0,0,0,0,0
14,-90,6.372,89,600009,31,-47,2,1189,0,0,0,0,0,21,1620,-722,-408,0,0,0,0,0
14,-90,6.429,90,600065,31,-47,2,1189,0,0,0,0,0,21,1620,-722,-408,0,0,0,0,0
14,-90,6.489,91,600121,31,-47,2,1189,0,0,0,0,0,21,1620,-722,-408,0,0,0,0,0
14,-90,6.543,92,600178,31,-47,2,1189,0,0,0,0,0,21,1620,-722,-408,0,0,0,0,0
14,-90,6.595,93,600233,31,-47,2,1189,0,0,0,0,0,21,1620,-722,-408,0,0,0,0,0
14,-90,6.818,97,600457,31,-47,2,1189,0,0,0,0,0,21,1620,-722,-408,0,0,0,0,0
14,-90,6.932,99,600569,31,-47,2,1189,0,0,0,0,0,21,1620,-722,-408,0,0,0,0,0
14,-90,6.985,100,600625,31,-47,2,1189,0,0,0,0,0,21,1620,-722,-408,0,0,0,0,0
14,-90,7.048,101,600681,31,-47,2,1189,0,0,0,0,0,21,1620,-722,-408,0,0,0,0,0
14,-90,7.098,102,600737,31,-47,2,1189,0,0,0,0,0,21,1620,-722,-408,0,0,0,0,0
14,-90,7.21,104,600849,31,-47,2,1189,0,0,0,0,0,21,1620,-722,-408,0,0,0,0,0
14,-90,7.267,105,600906,31,-47,2,1189,0,0,0,0,0,21,1620,-722,-408,0,0,0,0,0
14,-90,7.325,106,600961,31,-47,2,1189,0,0,0,0,0,21,1620,-722,-408,0,0,0,0,0
14,-90,7.386,107,601017,31,-47,2,1189,0,0,0,0,0,21,1620,-722,-408,0,0,0,0,0
14,-90,7.43,108,601069,31,-47,2,1189,0,0,0,0,0,21,1620,-722,-408,0,0,0,0,0
14,-90,7.489,109,601125,31,-47,2,1189,0,0,0,0,0,21,1620,-722,-408,0,0,0,0,0
14,-90,7.542,110,601181,31,-47,2,1189,0,0,0,0,0,21,1620,-722,-408,0,0,0,0,0
14,-90,7.599,111,601237,31,-47,2,1189,0,0,0,0,0,21,1620,-722,-408,0,0,0,0,0
14,-90,7.664,112,601295,31,-47,2,1189,0,0,0,0,0,21,1620,-722,-408,0,0,0,0,0
14,-90,7.711,113,601349,31,-47,2,1189,0,0,0,0,0,21,1620,-722,-408,0,0,0,0,0
14,-90,7.769,114,601405,31,-47,2,1189,0,0,0,0,0,21,1620,-722,-408,0,0,0,0,0
14,-90,7.827,115,601461,31,-47,2,1189,0,0,0,0,0,21,1620,-722,-408,0,0,0,0,0
14,-90,8.159,121,601797,31,-47,2,1189,0,0,0,0,0,21,1620,-722,-408,0,0,0,0,0
14,-90,8.27,123,601909,31,-47,2,1189,0,0,0,0,0,21,1620,-722,-408,0,0,0,0,0
14,-90,8.657,2,602297,31,-47,2,1189,0,0,0,0,0,21,1620,-722,-408,0,0,0,0,0
14,-90,8.883,6,602521,31,-47,2,1189,0,0,0,0,0,21,1620,-722,-408,0,0,0,0,0
14,-90,9.273,13,602913,31,-47,2,1189,0,0,0,0,0,21,1620,-722,-408,0,0,0,0,0
14,-90,9.389,15,603025,31,-47,2,1189,0,0,0,0,0,21,1620,-722,-408,0,0,0,0,0
14,-90,9.55,18,603189,31,-47,2,1189,0,0,0,0,0,21,1620,-722,-408,0,0,0,0,0
14,-90,9.608,19,603246,31,-47,2,1189,0,0,0,0,0,21,1620,-722,-408,0,0,0,0,0
14,-90,9.886,24,603525,31,-47,2,1189,0,0,0,0,0,21,1620,-722,-408,0,0,0,0,0
14,-90,10.001,26,603637,31,-47,2,1189,0,0,0,0,0,21,1620,-722,-408,0,0,0,0,0
14,-90,10.056,27,603693,31,-47,2,1189,0,0,0,0,0,21,1620,-722,-408,0,0,0,0,0
14,-90,10.111,28,603749,31,-47,2,1189,0,0,0,0,0,21,1620,-722,-408,0,0,0,0,0
14,-90,10.169,29,603805,31,-47,2,1189,0,0,0,0,0,21,1620,-722,-408,0,0,0,0,0
14,-90,10.223,30,603861,31,-47,2,1189,0,0,0,0,0,21,1620,-722,-408,0,0,0,0,0
14,-90,10.278,31,603917,31,-47,2,1189,0,0,0,0,0,21,1620,-722,-408,0,0,0,0,0
14,-90,10.502,35,604141,31,-47,2,1189,0,0,0,0,0,21,1620,-722,-408,0,0,0,0,0
14,-90,10.665,38,604305,31,-47,2,1189,0,0,0,0,0,21,1620,-722,-408,0,0,0,0,0
14,-90,10.722,39,604361,31,-47,2,1189,0,0,0,0,0,21,1620,-722,-408,0,0,0,0,0
14,-90,10.78,40,604417,31,-47,2,1189,0,0,0,0,0,21,1620,-722,-408,0,0,0,0,0
14,-90,10.836,41,604473,31,-47,2,1189,0,0,0,0,0,21,1620,-722,-408,0,0,0,0,0
14,-90,10.891,42,604530,31,-47,2,1189,0,0,0,0,0,21,1620,-722,-408,0,0,0,0,0
14,-90,11.006,44,604642,31,-47,2,1189,0,0,0,0,0,21,1620,-722,-408,0,0,0,0,0
14,-90,11.114,46,604754,31,-47,2,1189,0,0,0,0,0,21,1620,-722,-408,0,0,0,0,0
14,-90,11.171,47,604809,31,-47,2,1189,0,0,0,0,0,21,1620,-722,-408,0,0,0,0,0
14,-90,11.23,48,604865,31,-47,2,1189,0,0,0,0,0,21,1620,-722,-408,0,0,0,0,0
14,-90,11.285,49,604921,31,-47,2,1189,0,0,0,0,0,21,1620,-722,-408,0,0,0,0,0
14,-90,11.339,50,604977,31,-47,2,1189,0,0,0,0,0,21,1620,-722,-408,0,0,0,0,0
14,-90,11.45,52,605089,31,-47,2,1189,0,0,0,0,0,21,1620,-722,-408,0,0,0,0,0
14,-90,11.508,53,605145,31,-47,2,1189,0,0,0,0,0,21,1620,-722,-408,0,0,0,0,0
14,-90,11.837,59,605477,31,-47,2,1189,0,0,0,0,0,21,1620,-722,-408,0,0,0,0,0
14,-90,12.016,62,605645,31,-47,2,1189,0,0,0,0,0,21,1620,-722,-408,0,0,0,0,0
14,-90,12.119,64,605757,31,-47,2,1189,0,0,0,0,0,21,1620,-722,-408,0,0,0,0,0
14,-90,12.23,66,605869,31,-47,2,1189,0,0,0,0,0,21,1620,-722,-408,0,0,0,0,0
14,-90,12.401,69,606037,31,-47,2,1189,0,0,0,0,0,21,1620,-722,-408,0,0,0,0,0
14,-90,12.454,70,606093,31,-47,2,1189,0,0,0,0,0,21,1620,-722,-408,0,0,0,0,0
14,-90,12.511,71,606149,31,-47,2,1189,0,0,0,0,0,21,1620,-722,-408,0,0,0,0,0
14,-90,12.565,72,606205,31,-47,2,1189,0,0,0,0,0,21,1620,-722,-408,0,0,0,0,0
14,-90,12.626,73,606262,31,-47,2,1189,0,0,0,0,0,21,1620,-722,-408,0,0,0,0,0
14,-90,12.69,74,606317,31,-47,2,1189,0,0,0,0,0,21,1620,-722,-408,0,0,0,0,0
14,-90,12.73,75,606369,31,-47,2,1189,0,0,0,0,0,21,1620,-722,-408,0,0,0,0,0
14,-90,12.842,77,606481,31,-47,2,1189,0,0,0,0,0,21,1620,-722,-408,0,0,0,0,0
14,-90,12.953,79,606593,31,-47,2,1189,0,0,0,0,0,21,1620,-722,-408,0,0,0,0,0
14,-90,13.069,81,606705,31,-47,2,1189,0,0,0,0,0,21,1620,-722,-408,0,0,0,0,0
14,-90,13.178,83,606817,31,-47,2,1189,0,0,0,0,0,21,1620,-722,-408,0,0,0,0,0
14,-90,13.295,85,606929,31,-47,2,1189,0,0,0,0,0,21,1620,-722,-408,0,0,0,0,0
14,-90,13.347,86,606985,31,-47,2,1189,0,0,0,0,0,21,1620,-722,-408,0,0,0,0,0
14,-90,13.458,88,607097,31,-47,2,1189,0,0,0,0,0,21,1620,-722,-408,0,0,0,0,0
14,-90,13.632,91,607265,31,-47,2,1189,0,0,0,0,0,21,1620,-722,-408,0,0,0,0,0
14,-90,13.682,92,607321,31,-47,2,1189,0,0,0,0,0,21,1620,-722,-408,0,0,0,0,0
14,-90,13.79,94,607429,31,-47,2,1189,0,0,0,0,0,21,1620,-722,-408,0,0,0,0,0
14,-90,13.846,95,607485,31,-47,2,1189,0,0,0,0,0,21,1620,-722,-408,0,0,0,0,0
14,-90,13.902,96,607541,31,-47,2,1189,0,0,0,0,0,21,1620,-722,-408,0,0,0,0,0
14,-90,13.963,97,607597,31,-47,2,1189,0,0,0,0,0,21,1620,-722,-408,0,0,0,0,0
14,-90,14.014,98,607653,31,-47,2,1189,0,0,0,0,0,21,1620,-722,-408,0,0,0,0,0
14,-90,14.069,99,607709,31,-47,2,1189,0,0,0,0,0,21,1620,-722,-408,0,0,0,0,0
16,-107,-0.032,88,643546,31,-57,0,11989,0,0,0,0,0,21,1750,-2222,944,0,0,0,0,0
16,-107,0.085,90,643661,31,-57,0,11967,0,0,0,8,-8,21,1752,-2219,941,1000,-1000,0,0,0
16,-107,0.157,91,643733,31,-57,0,11766,0,0,0,36,-39,21,1755,-2194,913,1300,-1300,0,0,0
16,-107,0.303,93,643877,31,-58,0,10925,0,0,0,75,-92,21,1761,-2077,808,1700,-1800,0,0,0
16,-107,0.373,94,643949,31,-57,-28,7521,0,0,0,118,-2457,21,1764,-1986,0,2200,-2200,0,0,0
16,-107,0.446,95,644021,31,-56,1,9410,0,0,0,118,-92,21,1767,-1872,613,2500,-2500,0,0,0
16,-107,0.518,96,644094,31,-56,1,8339,0,0,0,138,-164,21,1770,-1733,469,2600,-2600,0,0,0
16,-107,0.59,97,644165,31,-56,1,7085,0,0,0,183,-174,21,1773,-1566,305,2600,-2600,0,0,0
16,-107,0.662,98,644238,31,-56,1,5783,0,0,0,183,-180,21,1776,-1394,133,2400,-2500,0,0,0
16,-107,0.741,99,644309,31,-56,1,4597,0,0,0,164,-72,21,1779,-1236,-22,2200,-2200,0,0,0
16,-107,0.877,101,644453,31,-56,0,2461,0,0,0,144,-164,21,1785,-961,-311,1600,-1600,0,0,0
16,-107,1.201,105,644777,31,-56,0,1496,0,0,0,0,0,21,1800,-833,-438,0,0,0,0,0
16,-107,1.272,106,644849,31,-56,0,1496,0,0,0,0,0,21,1803,-833,-438,0,0,0,0,0
16,-107,1.345,107,644921,31,-56,0,1496,0,0,0,0,0,21,1806,-833,-438,0,0,0,0,0
16,-107,1.416,108,644993,31,-56,0,1496,0,0,0,0,0,21,1809,-833,-438,0,0,0,0,0
16,-107,1.488,109,645065,31,-56,0,1496,0,0,0,0,0,21,1812,-833,-438,0,0,0,0,0
16,-107,1.632,111,645210,31,-56,0,1496,0,0,0,0,0,21,1818,-833,-438,0,0,0,0,0
16,-107,1.849,114,645425,31,-56,0,1496,0,0,0,0,0,21,1827,-833,-438,0,0,0,0,0
16,-107,1.92,115,645497,31,-56,0,1496,0,0,0,0,0,21,1830,-833,-438,0,0,0,0,0
16,-107,2.02,117,645597,31,-56,0,1496,0,0,0,0,0,21,1832,-833,-438,0,0,0,0,0
16,-107,2.087,118,645653,31,-56,0,1496,0,0,0,0,0,21,1832,-833,-438,0,0,0,0,0
16,-107,2.24,121,645817,31,-56,0,1496,0,0,0,0,0,21,1832,-833,-438,0,0,0,0,0
16,-107,2.296,122,645873,31,-56,0,1496,0,0,0,0,0,21,1832,-833,-438,0,0,0,0,0
16,-107,2.411,124,645985,31,-56,0,1496,0,0,0,0,0,21,1832,-833,-438,0,0,0,0,0
16,-107,2.465,125,646042,31,-56,0,1496,0,0,0,0,0,21,1832,-833,-438,0,0,0,0,0
16,-107,2.52,126,646097,31,-56,0,1496,0,0,0,0,0,21,1832,-833,-438,0,0,0,0,0
16,-107,2.577,127,646153,31,-56,0,1496,0,0,0,0,0,21,1832,-833,-438,0,0,0,0,0
16,-107,2.632,0,646209,31,-56,0,1496,0,0,0,0,0,21,1832,-833,-438,0,0,0,0,0
16,-107,2.689,1,646265,31,-56,0,1496,0,0,0,0,0,21,1832,-833,-438,0,0,0,0,0
16,-107,2.8,3,646377,31,-56,0,1496,0,0,0,0,0,21,1832,-833,-438,0,0,0,0,0
16,-107,2.914,5,646489,31,-56,0,1496,0,0,0,0,0,21,1832,-833,-438,0,0,0,0,0
16,-107,2.968,6,646545,31,-56,0,1496,0,0,0,0,0,21,1832,-833,-438,0,0,0,0,0
16,-107,3.024,7,646601,31,-56,0,1496,0,0,0,0,0,21,1832,-833,-438,0,0,0,0,0
16,-107,3.081,8,646657,31,-56,0,1496,0,0,0,0,0,21,1832,-833,-438,0,0,0,0,0
16,-107,3.145,9,646713,31,-56,0,1496,0,0,0,0,0,21,1832,-833,-438,0,0,0,0,0
16,-107,3.189,10,646765,31,-56,0,1496,0,0,0,0,0,21,1832,-833,-438,0,0,0,0,0
16,-107,3.244,11,646822,31,-56,0,1496,0,0,0,0,0,21,1832,-833,-438,0,0,0,0,0
16,-107,3.357,13,646933,31,-56,0,1496,0,0,0,0,0,21,1832,-833,-438,0,0,0,0,0
16,-107,3.473,15,647045,31,-56,0,1496,0,0,0,0,0,21,1832,-833,-438,0,0,0,0,0
16,-107,3.526,16,647101,31,-56,0,1496,0,0,0,0,0,21,1832,-833,-438,0,0,0,0,0
16,-107,3.581,17,647157,31,-56,0,1496,0,0,0,0,0,21,1832,-833,-438,0,0,0,0,0
16,-107,3.637,18,647213,31,-56,0,1496,0,0,0,0,0,21,1832,-833,-438,0,0,0,0,0
16,-107,3.694,19,647269,31,-56,0,1496,0,0,0,0,0,21,1832,-833,-438,0,0,0,0,0
16,-107,3.748,20,647325,31,-56,0,1496,0,0,0,0,0,21,1832,-833,-438,0,0,0,0,0
16,-107,3.806,21,647381,31,-56,0,1496,0,0,0,0,0,21,1832,-833,-438,0,0,0,0,0
16,-107,3.862,22,647437,31,-56,0,1496,0,0,0,0,0,21,1832,-833,-438,0,0,0,0,0
16,-107,3.919,23,647493,31,-56,0,1496,0,0,0,0,0,21,1832,-833,-438,0,0,0,0,0
16,-107,4.086,26,647661,31,-56,0,1496,0,0,0,0,0,21,1832,-833,-438,0,0,0,0,0
16,-107,4.361,31,647937,31,-56,0,1496,0,0,0,0,0,21,1832,-833,-438,0,0,0,0,0
16,-107,4.416,32,647993,31,-56,0,1496,0,0,0,0,0,21,1832,-833,-438,0,0,0,0,0
16,-107,4.474,33,648049,31,-56,0,1496,0,0,0,0,0,21,1832,-833,-438,0,0,0,0,0
16,-107,4.585,35,648161,31,-56,0,1496,0,0,0,0,0,21,1832,-833,-438,0,0,0,0,0
16,-107,4.696,37,648273,31,-56,0,1496,0,0,0,0,0,21,1832,-833,-438,0,0,0,0,0
16,-107,4.757,38,648330,31,-56,0,1496,0,0,0,0,0,21,1832,-833,-438,0,0,0,0,0
16,-107,4.809,39,648385,31,-56,0,1496,0,0,0,0,0,21,1832,-833,-438,0,0,0,0,0
16,-107,4.865,40,648441,31,-56,0,1496,0,0,0,0,0,21,1832,-833,-438,0,0,0,0,0
16,-107,4.92,41,648497,31,-56,0,1496,0,0,0,0,0,21,1832,-833,-438,0,0,0,0,0
16,-107,4.979,42,648553,31,-56,0,1496,0,0,0,0,0,21,1832,-833,-438,0,0,0,0,0
16,-107,5.033,43,648609,31,-56,0,1496,0,0,0,0,0,21,1832,-833,-438,0,0,0,0,0
16,-107,5.088,44,648665,31,-56,0,1496,0,0,0,0,0,21,1832,-833,-438,0,0,0,0,0
16,-107,5.201,46,648777,31,-56,0,1496,0,0,0,0,0,21,1832,-833,-438,0,0,0,0,0
16,-107,5.31,48,648885,31,-56,0,1496,0,0,0,0,0,21,1832,-833,-438,0,0,0,0,0
16,-107,5.365,49,648941,31,-56,0,1496,0,0,0,0,0,21,1832,-833,-438,0,0,0,0,0
16,-107,5.421,50,648997,31,-56,0,1496,0,0,0,0,0,21,1832,-833,-438,0,0,0,0,0
16,-107,5.532,52,649110,31,-56,0,1496,0,0,0,0,0,21,1832,-833,-438,0,0,0,0,0
16,-107,5.589,53,649165,31,-56,0,1496,0,0,0,0,0,21,1832,-833,-438,0,0,0,0,0
16,-107,5.644,54,649221,31,-56,0,1496,0,0,0,0,0,21,1832,-833,-438,0,0,0,0,0
16,-107,5.701,55,649277,31,-56,0,1496,0,0,0,0,0,21,1832,-833,-438,0,0,0,0,0
16,-107,5.814,57,649389,31,-56,0,1496,0,0,0,0,0,21,1832,-833,-438,0,0,0,0,0
16,-107,5.98,60,649557,31,-56,0,1496,0,0,0,0,0,21,1832,-833,-438,0,0,0,0,0
16,-107,6.039,61,649613,31,-56,0,1496,0,0,0,0,0,21,1832,-833,-438,0,0,0,0,0
16,-107,6.092,62,649669,31,-56,0,1496,0,0,0,0,0,21,1832,-833,-438,0,0,0,0,0
16,-107,6.148,63,649725,31,-56,0,1496,0,0,0,0,0,21,1832,-833,-438,0,0,0,0,0
16,-107,6.205,64,649781,31,-56,0,1496,0,0,0,0,0,21,1832,-833,-438,0,0,0,0,0
16,-107,6.26,65,649838,31,-56,0,1496,0,0,0,0,0,21,1832,-833,-438,0,0,0,0,0
16,-107,6.324,66,649893,31,-56,0,1496,0,0,0,0,0,21,1832,-833,-438,0,0,0,0,0
16,-107,6.369,67,649945,31,-56,0,1496,0,0,0,0,0,21,1832,-833,-438,0,0,0,0,0
16,-107,6.424,68,650001,31,-56,0,1496,0,0,0,0,0,21,1832,-833,-438,0,0,0,0,0
16,-107,6.536,70,650113,31,-56,0,1496,0,0,0,0,0,21,1832,-833,-438,0,0,0,0,0
16,-107,6.592,71,650169,31,-56,0,1496,0,0,0,0,0,21,1832,-833,-438,0,0,0,0,0
16,-107,6.649,72,650225,31,-56,0,1496,0,0,0,0,0,21,1832,-833,-438,0,0,0,0,0
16,-107,6.76,74,650337,31,-56,0,1496,0,0,0,0,0,21,1832,-833,-438,0,0,0,0,0
16,-107,6.816,75,650393,31,-56,0,1496,0,0,0,0,0,21,1832,-833,-438,0,0,0,0,0
16,-107,6.873,76,650449,31,-56,0,1496,0,0,0,0,0,21,1832,-833,-438,0,0,0,0,0
16,-107,6.929,77,650505,31,-56,0,1496,0,0,0,0,0,21,1832,-833,-438,0,0,0,0,0
16,-107,7.04,79,650618,31,-56,0,1496,0,0,0,0,0,21,1832,-833,-438,0,0,0,0,0
16,-107,7.271,83,650841,31,-56,0,1496,0,0,0,0,0,21,1832,-833,-438,0,0,0,0,0
16,-107,7.321,84,650897,31,-56,0,1496,0,0,0,0,0,21,1832,-833,-438,0,0,0,0,0
16,-107,7.384,85,650953,31,-56,0,1496,0,0,0,0,0,21,1832,-833,-438,0,0,0,0,0
16,-107,7.484,87,651061,31,-56,0,1496,0,0,0,0,0,21,1832,-833,-438,0,0,0,0,0
16,-107,7.541,88,651117,31,-56,0,1496,0,0,0,0,0,21,1832,-833,-438,0,0,0,0,0
16,-107,7.596,89,651173,31,-56,0,1496,0,0,0,0,0,21,1832,-833,-438,0,0,0,0,0
16,-107,7.652,90,651229,31,-56,0,1496,0,0,0,0,0,21,1832,-833,-438,0,0,0,0,0
16,-107,7.707,91,651285,31,-56,0,1496,0,0,0,0,0,21,1832,-833,-438,0,0,0,0,0
16,-107,7.82,93,651398,31,-56,0,1496,0,0,0,0,0,21,1832,-833,-438,0,0,0,0,0
16,-107,7.877,94,651453,31,-56,0,1496,0,0,0,0,0,21,1832,-833,-438,0,0,0,0,0
16,-107,7.988,96,651565,31,-56,0,1496,0,0,0,0,0,21,1832,-833,-438,0,0,0,0,0
16,-107,8.045,97,651621,31,-56,0,1496,0,0,0,0,0,21,1832,-833,-438,0,0,0,0,0
16,-107,8.1,98,651677,31,-56,0,1496,0,0,0,0,0,21,1832,-833,-438,0,0,0,0,0
16,-107,8.157,99,651733,31,-56,0,1496,0,0,0,0,0,21,1832,-833,-438,0,0,0,0,0
16,-107,8.269,101,651845,31,-56,0,1496,0,0,0,0,0,21,1832,-833,-438,0,0,0,0,0
16,-107,8.439,104,652013,31,-56,0,1496,0,0,0,0,0,21,1832,-833,-438,0,0,0,0,0
16,-107,8.488,105,652065,31,-56,0,1496,0,0,0,0,0,21,1832,-833,-438,0,0,0,0,0
16,-107,8.6,107,652178,31,-56,0,1496,0,0,0,0,0,21,1832,-833,-438,0,0,0,0,0
16,-107,8.656,108,652233,31,-56,0,1496,0,0,0,0,0,21,1832,-833,-438,0,0,0,0,0
16,-107,8.712,109,652289,31,-56,0,1496,0,0,0,0,0,21,1832,-833,-438,0,0,0,0,0
16,-107,8.772,110,652345,31,-56,0,1496,0,0,0,0,0,21,1832,-833,-438,0,0,0,0,0
16,-107,8.824,111,652401,31,-56,0,1496,0,0,0,0,0,21,1832,-833,-438,0,0,0,0,0
16,-107,8.89,112,652457,31,-56,0,1496,0,0,0,0,0,21,1832,-833,-438,0,0,0,0,0
16,-107,9.273,119,652849,31,-56,0,1496,0,0,0,0,0,21,1832,-833,-438,0,0,0,0,0
16,-107,9.328,120,652906,31,-56,0,1496,0,0,0,0,0,21,1832,-833,-438,0,0,0,0,0
16,-107,9.384,121,652961,31,-56,0,1496,0,0,0,0,0,21,1832,-833,-438,0,0,0,0,0
16,-107,9.44,122,653017,31,-56,0,1496,0,0,0,0,0,21,1832,-833,-438,0,0,0,0,0
16,-107,9.505,123,653073,31,-56,0,1496,0,0,0,0,0,21,1832,-833,-438,0,0,0,0,0
16,-107,9.548,124,653125,31,-56,0,1496,0,0,0,0,0,21,1832,-833,-438,0,0,0,0,0
16,-107,9.66,126,653237,31,-56,0,1496,0,0,0,0,0,21,1832,-833,-438,0,0,0,0,0
16,-107,9.716,127,653293,31,-56,0,1496,0,0,0,0,0,21,1832,-833,-438,0,0,0,0,0
16,-107,9.772,0,653349,31,-56,0,1496,0,0,0,0,0,21,1832,-833,-438,0,0,0,0,0
16,-107,9.828,1,653405,31,-56,0,1496,0,0,0,0,0,21,1832,-833,-438,0,0,0,0,0
16,-107,9.884,2,653461,31,-56,0,1496,0,0,0,0,0,21,1832,-833,-438,0,0,0,0,0
16,-107,9.942,3,653517,31,-56,0,1496,0,0,0,0,0,21,1832,-833,-438,0,0,0,0,0
16,-107,9.996,4,653573,31,-56,0,1496,0,0,0,0,0,21,1832,-833,-438,0,0,0,0,0
16,-107,10.052,5,653629,31,-56,0,1496,0,0,0,0,0,21,1832,-833,-438,0,0,0,0,0
16,-107,10.108,6,653686,31,-56,0,1496,0,0,0,0,0,21,1832,-833,-438,0,0,0,0,0
16,-107,10.165,7,653741,31,-56,0,1496,0,0,0,0,0,21,1832,-833,-438,0,0,0,0,0
16,-107,10.334,10,653909,31,-56,0,1496,0,0,0,0,0,21,1832,-833,-438,0,0,0,0,0
16,-107,10.501,13,654077,31,-56,0,1496,0,0,0,0,0,21,1832,-833,-438,0,0,0,0,0
16,-107,10.564,14,654133,31,-56,0,1496,0,0,0,0,0,21,1832,-833,-438,0,0,0,0,0
16,-107,10.608,15,654185,31,-56,0,1496,0,0,0,0,0,21,1832,-833,-438,0,0,0,0,0
16,-107,10.665,16,654241,31,-56,0,1496,0,0,0,0,0,21,1832,-833,-438,0,0,0,0,0
16,-107,10.722,17,654297,31,-56,0,1496,0,0,0,0,0,21,1832,-833,-438,0,0,0,0,0
16,-107,10.838,19,654409,31,-56,0,1496,0,0,0,0,0,21,1832,-833,-438,0,0,0,0,0
16,-107,10.889,20,654466,31,-56,0,1496,0,0,0,0,0,21,1832,-833,-438,0,0,0,0,0
16,-107,10.945,21,654521,31,-56,0,1496,0,0,0,0,0,21,1832,-833,-438,0,0,0,0,0
16,-107,11.001,22,654577,31,-56,0,1496,0,0,0,0,0,21,1832,-833,-438,0,0,0,0,0
16,-107,11.056,23,654633,31,-56,0,1496,0,0,0,0,0,21,1832,-833,-438,0,0,0,0,0
16,-107,11.112,24,654689,31,-56,0,1496,0,0,0,0,0,21,1832,-833,-438,0,0,0,0,0
16,-107,11.169,25,654745,31,-56,0,1496,0,0,0,0,0,21,1832,-833,-438,0,0,0,0,0
16,-107,11.224,26,654802,31,-56,0,1496,0,0,0,0,0,21,1832,-833,-438,0,0,0,0,0
16,-107,11.283,27,654857,31,-56,0,1496,0,0,0,0,0,21,1832,-833,-438,0,0,0,0,0
16,-107,11.339,28,654913,31,-56,0,1496,0,0,0,0,0,21,1832,-833,-438,0,0,0,0,0
16,-107,11.393,29,654969,31,-56,0,1496,0,0,0,0,0,21,1832,-833,-438,0,0,0,0,0
16,-107,11.507,31,655081,31,-56,0,1496,0,0,0,0,0,21,1832,-833,-438,0,0,0,0,0
16,-107,11.56,32,655137,31,-56,0,1496,0,0,0,0,0,21,1832,-833,-438,0,0,0,0,0
16,-107,11.67,34,655246,31,-56,0,1496,0,0,0,0,0,21,1832,-833,-438,0,0,0,0,0
16,-107,11.725,35,655302,31,-56,0,1496,0,0,0,0,0,21,1832,-833,-438,0,0,0,0,0
16,-107,11.783,36,655357,31,-56,0,1496,0,0,0,0,0,21,1832,-833,-438,0,0,0,0,0
16,-107,11.836,37,655413,31,-56,0,1496,0,0,0,0,0,21,1832,-833,-438,0,0,0,0,0
16,-107,11.892,38,655469,31,-56,0,1496,0,0,0,0,0,21,1832,-833,-438,0,0,0,0,0
16,-107,11.951,39,655525,31,-56,0,1496,0,0,0,0,0,21,1832,-833,-438,0,0,0,0,0
16,-107,12.059,41,655637,31,-56,0,1496,0,0,0,0,0,21,1832,-833,-438,0,0,0,0,0
16,-107,12.231,44,655805,31,-56,0,1496,0,0,0,0,0,21,1832,-833,-438,0,0,0,0,0
16,-107,12.286,45,655861,31,-56,0,1496,0,0,0,0,0,21,1832,-833,-438,0,0,0,0,0
16,-107,12.345,46,655917,31,-56,0,1496,0,0,0,0,0,21,1832,-833,-438,0,0,0,0,0
16,-107,12.397,47,655974,31,-56,0,1496,0,0,0,0,0,21,1832,-833,-438,0,0,0,0,0
16,-107,12.452,48,656029,31,-56,0,1496,0,0,0,0,0,21,1832,-833,-438,0,0,0,0,0
16,-107,12.508,49,656085,31,-56,0,1496,0,0,0,0,0,21,1832,-833,-438,0,0,0,0,0
16,-107,12.563,50,656141,31,-56,0,1496,0,0,0,0,0,21,1832,-833,-438,0,0,0,0,0
16,-107,12.619,51,656197,31,-56,0,1496,0,0,0,0,0,21,1832,-833,-438,0,0,0,0,0
16,-107,12.842,55,656417,31,-56,0,1496,0,0,0,0,0,21,1832,-833,-438,0,0,0,0,0
16,-107,12.896,56,656473,31,-56,0,1496,0,0,0,0,0,21,1832,-833,-438,0,0,0,0,0
17,180,0.063,80,664973,31,-56,0,1496,0,0,0,0,0,21,1833,-833,-438,-800,800,0,0,0
17,180,0.136,81,665045,31,-57,0,1670,0,0,0,-43,16,22,1836,-863,-422,-1100,1100,0,0,0
17,180,0.279,83,665189,31,-58,0,2291,0,0,0,-72,52,22,1842,-966,-361,-1500,1700,0,0,0
17,180,0.353,84,665261,31,-59,0,2886,0,0,0,-111,92,22,1845,-1050,-288,-2000,2100,0,0,0
17,180,0.424,85,665334,31,-59,-1,3726,0,0,0,-147,-616,22,1848,-1172,-188,-2200,1400,0,0,0
17,180,0.496,86,665405,31,-60,-2,4764,0,0,0,-180,154,22,1851,-1327,-69,-2600,2600,0,0,0
17,180,0.568,87,665477,31,-61,-3,5942,0,0,0,-193,154,22,1854,-1500,69,-2500,2600,0,0,0
17,180,0.64,88,665549,31,-61,-4,7172,0,0,0,-183,154,22,1857,-1672,222,-2300,2500,0,0,0
17,180,0.711,89,665621,31,-62,-4,8362,0,0,0,-164,164,22,1860,-1833,375,-2100,2500,0,0,0
17,180,0.789,90,665693,31,-62,-4,9486,0,0,0,-164,164,22,1863,-1983,522,-2000,2500,0,0,0
17,180,0.857,91,665766,31,-62,-4,10611,0,0,0,-157,164,22,1866,-2125,677,-1900,2500,0,0,0
17,180,0.929,92,665838,31,-62,-3,11671,0,0,0,-144,164,22,1869,-2255,827,-1900,2400,0,0,0
17,180,1.0,93,665910,31,-62,-3,12754,0,0,0,-154,164,22,1872,-2391,977,-1900,2400,0,0,0
17,180,1.155,95,666054,31,-64,-2,15019,0,0,0,-154,174,22,1878,-2666,1300,-1900,2400,0,0,0
17,180,1.364,98,666270,31,-66,-1,18219,0,0,0,-147,148,22,1887,-3061,1750,-1400,1600,0,0,0
17,180,1.723,103,666634,31,-66,-1,19143,0,0,0,0,0,22,1900,-3183,1872,0,0,0,0,0
17,180,1.844,105,666745,31,-66,-1,19143,0,0,0,0,0,22,1900,-3183,1872,0,0,0,0,0
17,180,1.95,107,666858,31,-66,-1,19143,0,0,0,0,0,22,1900,-3183,1872,0,0,0,0,0
17,180,2.003,108,666914,31,-66,-1,19143,0,0,0,0,0,22,1900,-3183,1872,0,0,0,0,0
17,180,2.069,109,666969,31,-66,-1,19143,0,0,0,0,0,22,1900,-3183,1872,0,0,0,0,0
17,180,2.173,110,667025,31,-66,-1,19143,0,0,0,0,0,22,1900,-3183,1872,0,0,0,0,0
17,180,2.173,111,667081,31,-66,-1,19143,0,0,0,0,0,22,1900,-3183,1872,0,0,0,0,0
17,180,2.226,112,667137,31,-66,-1,19143,0,0,0,0,0,22,1900,-3183,1872,0,0,0,0,0
17,180,2.284,113,667193,31,-66,-1,19143,0,0,0,0,0,22,1900,-3183,1872,0,0,0,0,0
17,180,2.352,114,667249,31,-66,-1,19143,0,0,0,0,0,22,1900,-3183,1872,0,0,0,0,0
17,180,2.391,115,667302,31,-66,-1,19143,0,0,0,0,0,22,1900,-3183,1872,0,0,0,0,0
17,180,2.617,119,667525,31,-66,-1,19143,0,0,0,0,0,22,1900,-3183,1872,0,0,0,0,0
17,180,2.674,120,667582,31,-66,-1,19143,0,0,0,0,0,22,1900,-3183,1872,0,0,0,0,0
17,180,2.729,121,667637,31,-66,-1,19143,0,0,0,0,0,22,1900,-3183,1872,0,0,0,0,0
17,180,2.786,122,667694,31,-66,-1,19143,0,0,0,0,0,22,1900,-3183,1872,0,0,0,0,0
17,180,2.84,123,667750,31,-66,-1,19143,0,0,0,0,0,22,1900,-3183,1872,0,0,0,0,0
17,180,2.897,124,667805,31,-66,-1,19143,0,0,0,0,0,22,1900,-3183,1872,0,0,0,0,0
17,180,2.951,125,667861,31,-66,-1,19143,0,0,0,0,0,22,1900,-3183,1872,0,0,0,0,0
17,180,3.007,126,667917,31,-66,-1,19143,0,0,0,0,0,22,1900,-3183,1872,0,0,0,0,0
17,180,3.178,1,668085,31,-66,-1,19143,0,0,0,0,0,22,1900,-3183,1872,0,0,0,0,0
17,180,3.242,2,668142,31,-66,-1,19143,0,0,0,0,0,22,1900,-3183,1872,0,0,0,0,0
17,180,3.287,3,668198,31,-66,-1,19143,0,0,0,0,0,22,1900,-3183,1872,0,0,0,0,0
17,180,3.408,5,668309,31,-66,-1,19143,0,0,0,0,0,22,1900,-3183,1872,0,0,0,0,0
17,180,3.45,6,668361,31,-66,-1,19143,0,0,0,0,0,22,1900,-3183,1872,0,0,0,0,0
17,180,3.507,7,668417,31,-66,-1,19143,0,0,0,0,0,22,1900,-3183,1872,0,0,0,0,0
17,180,3.562,8,668473,31,-66,-1,19143,0,0,0,0,0,22,1900,-3183,1872,0,0,0,0,0
17,180,3.618,9,668530,31,-66,-1,19143,0,0,0,0,0,22,1900,-3183,1872,0,0,0,0,0
17,180,3.733,11,668641,31,-66,-1,19143,0,0,0,0,0,22,1900,-3183,1872,0,0,0,0,0
17,180,3.957,15,668866,31,-66,-1,19143,0,0,0,0,0,22,1900,-3183,1872,0,0,0,0,0
17,180,4.123,18,669034,31,-66,-1,19143,0,0,0,0,0,22,1900,-3183,1872,0,0,0,0,0
17,180,4.184,19,669089,31,-66,-1,19143,0,0,0,0,0,22,1900,-3183,1872,0,0,0,0,0
17,180,4.236,20,669145,31,-66,-1,19143,0,0,0,0,0,22,1900,-3183,1872,0,0,0,0,0
17,180,4.679,28,669590,31,-66,-1,19143,0,0,0,0,0,22,1900,-3183,1872,0,0,0,0,0
17,180,4.791,30,669702,31,-66,-1,19143,0,0,0,0,0,22,1900,-3183,1872,0,0,0,0,0
17,180,4.958,33,669869,31,-66,-1,19143,0,0,0,0,0,22,1900,-3183,1872,0,0,0,0,0
17,180,5.184,37,670093,31,-66,-1,19143,0,0,0,0,0,22,1900,-3183,1872,0,0,0,0,0
17,180,5.24,38,670149,31,-66,-1,19143,0,0,0,0,0,22,1900,-3183,1872,0,0,0,0,0
17,180,5.3,39,670205,31,-66,-1,19143,0,0,0,0,0,22,1900,-3183,1872,0,0,0,0,0
17,180,5.352,40,670262,31,-66,-1,19143,0,0,0,0,0,22,1900,-3183,1872,0,0,0,0,0
17,180,5.409,41,670317,31,-66,-1,19143,0,0,0,0,0,22,1900,-3183,1872,0,0,0,0,0
17,180,5.466,42,670373,31,-66,-1,19143,0,0,0,0,0,22,1900,-3183,1872,0,0,0,0,0
17,180,5.576,44,670482,31,-66,-1,19143,0,0,0,0,0,22,1900,-3183,1872,0,0,0,0,0
17,180,5.795,48,670706,31,-66,-1,19143,0,0,0,0,0,22,1900,-3183,1872,0,0,0,0,0
17,180,5.908,50,670817,31,-66,-1,19143,0,0,0,0,0,22,1900,-3183,1872,0,0,0,0,0
17,180,5.964,51,670874,31,-66,-1,19143,0,0,0,0,0,22,1900,-3183,1872,0,0,0,0,0
17,180,6.019,52,670929,31,-66,-1,19143,0,0,0,0,0,22,1900,-3183,1872,0,0,0,0,0
17,180,6.076,53,670985,31,-66,-1,19143,0,0,0,0,0,22,1900,-3183,1872,0,0,0,0,0
17,180,6.188,55,671098,31,-66,-1,19143,0,0,0,0,0,22,1900,-3183,1872,0,0,0,0,0
17,180,6.307,57,671210,31,-66,-1,19143,0,0,0,0,0,22,1900,-3183,1872,0,0,0,0,0
17,180,6.356,58,671266,31,-66,-1,19143,0,0,0,0,0,22,1900,-3183,1872,0,0,0,0,0
17,180,6.412,59,671321,31,-66,-1,19143,0,0,0,0,0,22,1900,-3183,1872,0,0,0,0,0
17,180,6.468,60,671377,31,-66,-1,19143,0,0,0,0,0,22,1900,-3183,1872,0,0,0,0,0
17,180,6.524,61,671433,31,-66,-1,19143,0,0,0,0,0,22,1900,-3183,1872,0,0,0,0,0
17,180,6.587,62,671489,31,-66,-1,19143,0,0,0,0,0,22,1900,-3183,1872,0,0,0,0,0
17,180,6.631,63,671542,31,-66,-1,19143,0,0,0,0,0,22,1900,-3183,1872,0,0,0,0,0
17,180,6.744,65,671653,31,-66,-1,19143,0,0,0,0,0,22,1900,-3183,1872,0,0,0,0,0
17,180,6.799,66,671709,31,-66,-1,19143,0,0,0,0,0,22,1900,-3183,1872,0,0,0,0,0
17,180,6.854,67,671765,31,-66,-1,19143,0,0,0,0,0,22,1900,-3183,1872,0,0,0,0,0
17,180,7.022,70,671934,31,-66,-1,19143,0,0,0,0,0,22,1900,-3183,1872,0,0,0,0,0
17,180,7.134,72,672045,31,-66,-1,19143,0,0,0,0,0,22,1900,-3183,1872,0,0,0,0,0
17,180,7.203,73,672102,31,-66,-1,19143,0,0,0,0,0,22,1900,-3183,1872,0,0,0,0,0
17,180,7.248,74,672157,31,-66,-1,19143,0,0,0,0,0,22,1900,-3183,1872,0,0,0,0,0
17,180,7.303,75,672213,31,-66,-1,19143,0,0,0,0,0,22,1900,-3183,1872,0,0,0,0,0
17,180,7.417,77,672326,31,-66,-1,19143,0,0,0,0,0,22,1900,-3183,1872,0,0,0,0,0
17,180,7.528,79,672437,31,-66,-1,19143,0,0,0,0,0,22,1900,-3183,1872,0,0,0,0,0
17,180,7.584,80,672493,31,-66,-1,19143,0,0,0,0,0,22,1900,-3183,1872,0,0,0,0,0
17,180,7.647,81,672549,31,-66,-1,19143,0,0,0,0,0,22,1900,-3183,1872,0,0,0,0,0
17,180,7.691,82,672602,31,-66,-1,19143,0,0,0,0,0,22,1900,-3183,1872,0,0,0,0,0
17,180,7.747,83,672657,31,-66,-1,19143,0,0,0,0,0,22,1900,-3183,1872,0,0,0,0,0
17,180,7.803,84,672714,31,-66,-1,19143,0,0,0,0,0,22,1900,-3183,1872,0,0,0,0,0
17,180,7.86,85,672770,31,-66,-1,19143,0,0,0,0,0,22,1900,-3183,1872,0,0,0,0,0
17,180,7.916,86,672825,31,-66,-1,19143,0,0,0,0,0,22,1900,-3183,1872,0,0,0,0,0
17,180,7.97,87,672881,31,-66,-1,19143,0,0,0,0,0,22,1900,-3183,1872,0,0,0,0,0
17,180,8.028,88,672937,31,-66,-1,19143,0,0,0,0,0,22,1900,-3183,1872,0,0,0,0,0
17,180,8.083,89,672993,31,-66,-1,19143,0,0,0,0,0,22,1900,-3183,1872,0,0,0,0,0
17,180,8.197,91,673105,31,-66,-1,19143,0,0,0,0,0,22,1900,-3183,1872,0,0,0,0,0
17,180,8.25,92,673162,31,-66,-1,19143,0,0,0,0,0,22,1900,-3183,1872,0,0,0,0,0
17,180,8.312,93,673218,31,-66,-1,19143,0,0,0,0,0,22,1900,-3183,1872,0,0,0,0,0
17,180,8.363,94,673274,31,-66,-1,19143,0,0,0,0,0,22,1900,-3183,1872,0,0,0,0,0
17,180,8.422,95,673329,31,-66,-1,19143,0,0,0,0,0,22,1900,-3183,1872,0,0,0,0,0
17,180,8.476,96,673385,31,-66,-1,19143,0,0,0,0,0,22,1900,-3183,1872,0,0,0,0,0
17,180,8.531,97,673441,31,-66,-1,19143,0,0,0,0,0,22,1900,-3183,1872,0,0,0,0,0
17,180,8.751,101,673661,31,-66,-1,19143,0,0,0,0,0,22,1900,-3183,1872,0,0,0,0,0
17,180,8.863,103,673773,31,-66,-1,19143,0,0,0,0,0,22,1900,-3183,1872,0,0,0,0,0
17,180,8.932,104,673829,31,-66,-1,19143,0,0,0,0,0,22,1900,-3183,1872,0,0,0,0,0
17,180,8.984,105,673885,31,-66,-1,19143,0,0,0,0,0,22,1900,-3183,1872,0,0,0,0,0
17,180,9.042,106,673941,31,-66,-1,19143,0,0,0,0,0,22,1900,-3183,1872,0,0,0,0,0
17,180,9.089,107,673998,31,-66,-1,19143,0,0,0,0,0,22,1900,-3183,1872,0,0,0,0,0
17,180,9.256,110,674165,31,-66,-1,19143,0,0,0,0,0,22,1900,-3183,1872,0,0,0,0,0
17,180,9.312,111,674221,31,-66,-1,19143,0,0,0,0,0,22,1900,-3183,1872,0,0,0,0,0
17,180,9.478,114,674390,31,-66,-1,19143,0,0,0,0,0,22,1900,-3183,1872,0,0,0,0,0
17,180,9.539,115,674445,31,-66,-1,19143,0,0,0,0,0,22,1900,-3183,1872,0,0,0,0,0
17,180,9.591,116,674502,31,-66,-1,19143,0,0,0,0,0,22,1900,-3183,1872,0,0,0,0,0
17,180,9.647,117,674557,31,-66,-1,19143,0,0,0,0,0,22,1900,-3183,1872,0,0,0,0,0
17,180,9.703,118,674613,31,-66,-1,19143,0,0,0,0,0,22,1900,-3183,1872,0,0,0,0,0
17,180,9.77,119,674669,31,-66,-1,19143,0,0,0,0,0,22,1900,-3183,1872,0,0,0,0,0
17,180,9.81,120,674722,31,-66,-1,19143,0,0,0,0,0,22,1900,-3183,1872,0,0,0,0,0
17,180,9.866,121,674778,31,-66,-1,19143,0,0,0,0,0,22,1900,-3183,1872,0,0,0,0,0
17,180,9.981,123,674889,31,-66,-1,19143,0,0,0,0,0,22,1900,-3183,1872,0,0,0,0,0
17,180,10.101,125,675002,31,-66,-1,19143,0,0,0,0,0,22,1900,-3183,1872,0,0,0,0,0
17,180,10.147,126,675058,31,-66,-1,19143,0,0,0,0,0,22,1900,-3183,1872,0,0,0,0,0
17,180,10.203,127,675113,31,-66,-1,19143,0,0,0,0,0,22,1900,-3183,1872,0,0,0,0,0
17,180,10.258,0,675169,31,-66,-1,19143,0,0,0,0,0,22,1900,-3183,1872,0,0,0,0,0
17,180,10.314,1,675226,31,-66,-1,19143,0,0,0,0,0,22,1900,-3183,1872,0,0,0,0,0
17,180,10.428,3,675337,31,-66,-1,19143,0,0,0,0,0,22,1900,-3183,1872,0,0,0,0,0
17,180,10.485,4,675393,31,-66,-1,19143,0,0,0,0,0,22,1900,-3183,1872,0,0,0,0,0
17,180,10.544,5,675449,31,-66,-1,19143,0,0,0,0,0,22,1900,-3183,1872,0,0,0,0,0
17,180,10.762,9,675674,31,-66,-1,19143,0,0,0,0,0,22,1900,-3183,1872,0,0,0,0,0
17,180,10.826,10,675729,31,-66,-1,19143,0,0,0,0,0,22,1900,-3183,1872,0,0,0,0,0
17,180,10.871,11,675781,31,-66,-1,19143,0,0,0,0,0,22,1900,-3183,1872,0,0,0,0,0
17,180,10.927,12,675838,31,-66,-1,19143,0,0,0,0,0,22,1900,-3183,1872,0,0,0,0,0
17,180,10.984,13,675893,31,-66,-1,19143,0,0,0,0,0,22,1900,-3183,1872,0,0,0,0,0
17,180,11.038,14,675949,31,-66,-1,19143,0,0,0,0,0,22,1900,-3183,1872,0,0,0,0,0
17,180,11.095,15,676006,31,-66,-1,19143,0,0,0,0,0,22,1900,-3183,1872,0,0,0,0,0
17,180,11.209,17,676118,31,-66,-1,19143,0,0,0,0,0,22,1900,-3183,1872,0,0,0,0,0
17,180,11.319,19,676229,31,-66,-1,19143,0,0,0,0,0,22,1900,-3183,1872,0,0,0,0,0
17,180,11.376,20,676285,31,-66,-1,19143,0,0,0,0,0,22,1900,-3183,1872,0,0,0,0,0
17,180,11.432,21,676341,31,-66,-1,19143,0,0,0,0,0,22,1900,-3183,1872,0,0,0,0,0
17,180,11.485,22,676397,31,-66,-1,19143,0,0,0,0,0,22,1900,-3183,1872,0,0,0,0,0
17,180,11.541,23,676453,31,-66,-1,19143,0,0,0,0,0,22,1900,-3183,1872,0,0,0,0,0
17,180,11.603,24,676509,31,-66,-1,19143,0,0,0,0,0,22,1900,-3183,1872,0,0,0,0,0
17,180,11.655,25,676566,31,-66,-1,19143,0,0,0,0,0,22,1900,-3183,1872,0,0,0,0,0
17,180,11.71,26,676622,31,-66,-1,19143,0,0,0,0,0,22,1900,-3183,1872,0,0,0,0,0
17,180,11.821,28,676733,31,-66,-1,19143,0,0,0,0,0,22,1900,-3183,1872,0,0,0,0,0
17,180,11.986,31,676898,31,-66,-1,19143,0,0,0,0,0,22,1900,-3183,1872,0,0,0,0,0
17,180,12.044,32,676954,31,-66,-1,19143,0,0,0,0,0,22,1900,-3183,1872,0,0,0,0,0
17,180,12.099,33,677009,31,-66,-1,19143,0,0,0,0,0,22,1900,-3183,1872,0,0,0,0,0
17,180,12.157,34,677065,31,-66,-1,19143,0,0,0,0,0,22,1900,-3183,1872,0,0,0,0,0
17,180,12.269,36,677177,31,-66,-1,19143,0,0,0,0,0,22,1900,-3183,1872,0,0,0,0,0
17,180,12.322,37,677233,31,-66,-1,19143,0,0,0,0,0,22,1900,-3183,1872,0,0,0,0,0
17,180,12.662,43,677569,31,-66,-1,19143,0,0,0,0,0,22,1900,-3183,1872,0,0,0,0,0
17,180,12.72,44,677625,31,-66,-1,19143,0,0,0,0,0,22,1900,-3183,1872,0,0,0,0,0
17,180,12.776,45,677682,31,-66,-1,19143,0,0,0,0,0,22,1900,-3183,1872,0,0,0,0,0
17,180,12.882,47,677794,31,-66,-1,19143,0,0,0,0,0,22,1900,-3183,1872,0,0,0,0,0
17,180,12.947,48,677850,31,-66,-1,19143,0,0,0,0,0,22,1900,-3183,1872,0,0,0,0,0
17,180,12.994,49,677902,31,-66,-1,19143,0,0,0,0,0,22,1900,-3183,1872,0,0,0,0,0
17,180,13.046,50,677957,31,-66,-1,19143,0,0,0,0,0,22,1900,-3183,1872,0,0,0,0,0
17,180,13.159,52,678069,31,-66,-1,19143,0,0,0,0,0,22,1900,-3183,1872,0,0,0,0,0
17,180,13.326,55,678238,31,-66,-1,19143,0,0,0,0,0,22,1900,-3183,1872,0,0,0,0,0
17,180,13.383,56,678294,31,-66,-1,19143,0,0,0,0,0,22,1900,-3183,1872,0,0,0,0,0
17,180,13.495,58,678405,31,-66,-1,19143,0,0,0,0,0,22,1900,-3183,1872,0,0,0,0,0
18,-180,-0.048,89,687278,31,-66,-1,19143,0,0,0,0,0,22,1900,-3183,1872,0,0,0,0,0
18,-180,0.184,93,687506,31,-66,-1,18825,0,0,0,31,-39,22,1906,-3144,1827,1300,-1200,0,0,0
18,-180,0.325,95,687650,31,-65,1,17840,0,0,0,88,5567,22,1912,-3011,1700,0,0,0,0,0
18,-180,0.398,96,687721,31,-65,1,17321,0,0,0,102,-92,22,1915,-2941,1633,2200,-2200,0,0,0
18,-180,0.688,100,688010,31,-62,3,12747,0,0,0,174,-180,22,1927,-2344,1022,2400,-2400,0,0,0
18,-180,0.757,101,688081,31,-62,2,11546,0,0,0,164,-164,22,1930,-2188,861,2300,-2200,0,0,0
18,-180,0.973,104,688297,31,-62,2,8358,0,0,0,147,-154,22,1939,-1766,441,2100,-2100,0,0,0
18,-180,1.046,105,688370,31,-62,3,7331,0,0,0,164,-144,22,1942,-1625,311,2200,-2200,0,0,0
18,-180,1.117,106,688441,31,-62,3,6305,0,0,0,148,-147,22,1945,-1488,177,2100,-2100,0,0,0
18,-180,1.263,108,688585,31,-60,6,4586,0,0,0,144,170,22,1951,-1211,0,2200,-2100,0,0,0
18,-180,1.417,110,688729,31,-63,3,2064,0,0,0,144,-144,22,1957,-933,-388,1000,-1000,0,0,0
18,-180,1.505,111,688830,31,-62,3,1431,0,0,0,0,0,22,1963,-844,-466,0,0,0,0,0
18,-180,1.56,112,688881,31,-62,3,1431,0,0,0,0,0,22,1965,-844,-466,0,0,0,0,0
18,-180,1.643,113,688955,31,-62,3,1431,0,0,0,0,0,22,1968,-844,-466,0,0,0,0,0
18,-180,1.679,114,689005,31,-62,3,1431,0,0,0,0,0,22,1968,-844,-466,0,0,0,0,0
18,-180,1.792,116,689117,31,-62,3,1431,0,0,0,0,0,22,1968,-844,-466,0,0,0,0,0
18,-180,1.959,119,689285,31,-62,3,1431,0,0,0,0,0,22,1968,-844,-466,0,0,0,0,0
18,-180,2.016,120,689342,31,-62,3,1431,0,0,0,0,0,22,1968,-844,-466,0,0,0,0,0
18,-180,2.129,122,689453,31,-62,3,1431,0,0,0,0,0,22,1968,-844,-466,0,0,0,0,0
18,-180,2.183,123,689509,31,-62,3,1431,0,0,0,0,0,22,1968,-844,-466,0,0,0,0,0
18,-180,2.24,124,689566,31,-62,3,1431,0,0,0,0,0,22,1968,-844,-466,0,0,0,0,0
18,-180,2.295,125,689621,31,-62,3,1431,0,0,0,0,0,22,1968,-844,-466,0,0,0,0,0
18,-180,2.352,126,689677,31,-62,3,1431,0,0,0,0,0,22,1968,-844,-466,0,0,0,0,0
18,-180,2.408,127,689733,31,-62,3,1431,0,0,0,0,0,22,1968,-844,-466,0,0,0,0,0
18,-180,2.467,0,689789,31,-62,3,1431,0,0,0,0,0,22,1968,-844,-466,0,0,0,0,0
18,-180,2.628,3,689953,31,-62,3,1431,0,0,0,0,0,22,1968,-844,-466,0,0,0,0,0
18,-180,2.684,4,690009,31,-62,3,1431,0,0,0,0,0,22,1968,-844,-466,0,0,0,0,0
18,-180,2.739,5,690065,31,-62,3,1431,0,0,0,0,0,22,1968,-844,-466,0,0,0,0,0
18,-180,2.795,6,690121,31,-62,3,1431,0,0,0,0,0,22,1968,-844,-466,0,0,0,0,0
18,-180,2.853,7,690177,31,-62,3,1431,0,0,0,0,0,22,1968,-844,-466,0,0,0,0,0
18,-180,2.907,8,690233,31,-62,3,1431,0,0,0,0,0,22,1968,-844,-466,0,0,0,0,0
18,-180,2.963,9,690289,31,-62,3,1431,0,0,0,0,0,22,1968,-844,-466,0,0,0,0,0
18,-180,3.026,10,690346,31,-62,3,1431,0,0,0,0,0,22,1968,-844,-466,0,0,0,0,0
18,-180,3.075,11,690402,31,-62,3,1431,0,0,0,0,0,22,1968,-844,-466,0,0,0,0,0
18,-180,3.188,13,690514,31,-62,3,1431,0,0,0,0,0,22,1968,-844,-466,0,0,0,0,0
18,-180,3.25,14,690569,31,-62,3,1431,0,0,0,0,0,22,1968,-844,-466,0,0,0,0,0
18,-180,3.301,15,690625,31,-62,3,1431,0,0,0,0,0,22,1968,-844,-466,0,0,0,0,0
18,-180,3.36,16,690681,31,-62,3,1431,0,0,0,0,0,22,1968,-844,-466,0,0,0,0,0
18,-180,3.47,18,690793,31,-62,3,1431,0,0,0,0,0,22,1968,-844,-466,0,0,0,0,0
18,-180,3.524,19,690849,31,-62,3,1431,0,0,0,0,0,22,1968,-844,-466,0,0,0,0,0
18,-180,3.633,21,690957,31,-62,3,1431,0,0,0,0,0,22,1968,-844,-466,0,0,0,0,0
18,-180,3.745,23,691069,31,-62,3,1431,0,0,0,0,0,22,1968,-844,-466,0,0,0,0,0
18,-180,3.8,24,691126,31,-62,3,1431,0,0,0,0,0,22,1968,-844,-466,0,0,0,0,0
18,-180,3.97,27,691293,31,-62,3,1431,0,0,0,0,0,22,1968,-844,-466,0,0,0,0,0
18,-180,4.079,29,691405,31,-62,3,1431,0,0,0,0,0,22,1968,-844,-466,0,0,0,0,0
18,-180,4.135,30,691462,31,-62,3,1431,0,0,0,0,0,22,1968,-844,-466,0,0,0,0,0
18,-180,4.193,31,691517,31,-62,3,1431,0,0,0,0,0,22,1968,-844,-466,0,0,0,0,0
18,-180,4.304,33,691629,31,-62,3,1431,0,0,0,0,0,22,1968,-844,-466,0,0,0,0,0
18,-180,4.53,37,691854,31,-62,3,1431,0,0,0,0,0,22,1968,-844,-466,0,0,0,0,0
18,-180,4.584,38,691909,31,-62,3,1431,0,0,0,0,0,22,1968,-844,-466,0,0,0,0,0
18,-180,4.65,39,691965,31,-62,3,1431,0,0,0,0,0,22,1968,-844,-466,0,0,0,0,0
18,-180,4.698,40,692017,31,-62,3,1431,0,0,0,0,0,22,1968,-844,-466,0,0,0,0,0
18,-180,4.747,41,692073,31,-62,3,1431,0,0,0,0,0,22,1968,-844,-466,0,0,0,0,0
18,-180,4.971,45,692297,31,-62,3,1431,0,0,0,0,0,22,1968,-844,-466,0,0,0,0,0
18,-180,5.084,47,692409,31,-62,3,1431,0,0,0,0,0,22,1968,-844,-466,0,0,0,0,0
18,-180,5.204,49,692521,31,-62,3,1431,0,0,0,0,0,22,1968,-844,-466,0,0,0,0,0
18,-180,5.251,50,692577,31,-62,3,1431,0,0,0,0,0,22,1968,-844,-466,0,0,0,0,0
18,-180,5.308,51,692634,31,-62,3,1431,0,0,0,0,0,22,1968,-844,-466,0,0,0,0,0
18,-180,5.364,52,692689,31,-62,3,1431,0,0,0,0,0,22,1968,-844,-466,0,0,0,0,0
18,-180,5.478,54,692802,31,-62,3,1431,0,0,0,0,0,22,1968,-844,-466,0,0,0,0,0
18,-180,5.534,55,692857,31,-62,3,1431,0,0,0,0,0,22,1968,-844,-466,0,0,0,0,0
18,-180,5.711,58,693025,31,-62,3,1431,0,0,0,0,0,22,1968,-844,-466,0,0,0,0,0
18,-180,5.753,59,693077,31,-62,3,1431,0,0,0,0,0,22,1968,-844,-466,0,0,0,0,0
18,-180,5.807,60,693133,31,-62,3,1431,0,0,0,0,0,22,1968,-844,-466,0,0,0,0,0
18,-180,5.863,61,693189,31,-62,3,1431,0,0,0,0,0,22,1968,-844,-466,0,0,0,0,0
18,-180,5.977,63,693301,31,-62,3,1431,0,0,0,0,0,22,1968,-844,-466,0,0,0,0,0
18,-180,6.032,64,693357,31,-62,3,1431,0,0,0,0,0,22,1968,-844,-466,0,0,0,0,0
18,-180,6.087,65,693414,31,-62,3,1431,0,0,0,0,0,22,1968,-844,-466,0,0,0,0,0
18,-180,6.199,67,693525,31,-62,3,1431,0,0,0,0,0,22,1968,-844,-466,0,0,0,0,0
18,-180,6.312,69,693637,31,-62,3,1431,0,0,0,0,0,22,1968,-844,-466,0,0,0,0,0
18,-180,6.367,70,693693,31,-62,3,1431,0,0,0,0,0,22,1968,-844,-466,0,0,0,0,0
18,-180,6.424,71,693749,31,-62,3,1431,0,0,0,0,0,22,1968,-844,-466,0,0,0,0,0
18,-180,6.479,72,693806,31,-62,3,1431,0,0,0,0,0,22,1968,-844,-466,0,0,0,0,0
18,-180,6.535,73,693861,31,-62,3,1431,0,0,0,0,0,22,1968,-844,-466,0,0,0,0,0
18,-180,6.591,74,693917,31,-62,3,1431,0,0,0,0,0,22,1968,-844,-466,0,0,0,0,0
18,-180,6.65,75,693973,31,-62,3,1431,0,0,0,0,0,22,1968,-844,-466,0,0,0,0,0
18,-180,6.705,76,694029,31,-62,3,1431,0,0,0,0,0,22,1968,-844,-466,0,0,0,0,0
18,-180,6.761,77,694085,31,-62,3,1431,0,0,0,0,0,22,1968,-844,-466,0,0,0,0,0
18,-180,6.812,78,694137,31,-62,3,1431,0,0,0,0,0,22,1968,-844,-466,0,0,0,0,0
18,-180,6.924,80,694249,31,-62,3,1431,0,0,0,0,0,22,1968,-844,-466,0,0,0,0,0
18,-180,6.983,81,694305,31,-62,3,1431,0,0,0,0,0,22,1968,-844,-466,0,0,0,0,0
18,-180,7.035,82,694361,31,-62,3,1431,0,0,0,0,0,22,1968,-844,-466,0,0,0,0,0
18,-180,7.093,83,694417,31,-62,3,1431,0,0,0,0,0,22,1968,-844,-466,0,0,0,0,0
18,-180,7.147,84,694473,31,-62,3,1431,0,0,0,0,0,22,1968,-844,-466,0,0,0,0,0
18,-180,7.202,85,694529,31,-62,3,1431,0,0,0,0,0,22,1968,-844,-466,0,0,0,0,0
18,-180,7.259,86,694585,31,-62,3,1431,0,0,0,0,0,22,1968,-844,-466,0,0,0,0,0
18,-180,7.314,87,694641,31,-62,3,1431,0,0,0,0,0,22,1968,-844,-466,0,0,0,0,0
18,-180,7.428,89,694753,31,-62,3,1431,0,0,0,0,0,22,1968,-844,-466,0,0,0,0,0
18,-180,7.595,92,694922,31,-62,3,1431,0,0,0,0,0,22,1968,-844,-466,0,0,0,0,0
18,-180,7.653,93,694977,31,-62,3,1431,0,0,0,0,0,22,1968,-844,-466,0,0,0,0,0
18,-180,7.707,94,695033,31,-62,3,1431,0,0,0,0,0,22,1968,-844,-466,0,0,0,0,0
18,-180,7.764,95,695089,31,-62,3,1431,0,0,0,0,0,22,1968,-844,-466,0,0,0,0,0
18,-180,7.828,96,695145,31,-62,3,1431,0,0,0,0,0,22,1968,-844,-466,0,0,0,0,0
18,-180,7.872,97,695197,31,-62,3,1431,0,0,0,0,0,22,1968,-844,-466,0,0,0,0,0
18,-180,7.927,98,695254,31,-62,3,1431,0,0,0,0,0,22,1968,-844,-466,0,0,0,0,0
18,-180,7.984,99,695309,31,-62,3,1431,0,0,0,0,0,22,1968,-844,-466,0,0,0,0,0
18,-180,8.042,100,695365,31,-62,3,1431,0,0,0,0,0,22,1968,-844,-466,0,0,0,0,0
18,-180,8.096,101,695421,31,-62,3,1431,0,0,0,0,0,22,1968,-844,-466,0,0,0,0,0
18,-180,8.264,104,695589,31,-62,3,1431,0,0,0,0,0,22,1968,-844,-466,0,0,0,0,0
18,-180,8.32,105,695645,31,-62,3,1431,0,0,0,0,0,22,1968,-844,-466,0,0,0,0,0
18,-180,8.376,106,695702,31,-62,3,1431,0,0,0,0,0,22,1968,-844,-466,0,0,0,0,0
18,-180,8.435,107,695757,31,-62,3,1431,0,0,0,0,0,22,1968,-844,-466,0,0,0,0,0
18,-180,8.487,108,695813,31,-62,3,1431,0,0,0,0,0,22,1968,-844,-466,0,0,0,0,0
18,-180,8.544,109,695869,31,-62,3,1431,0,0,0,0,0,22,1968,-844,-466,0,0,0,0,0
18,-180,8.654,111,695981,31,-62,3,1431,0,0,0,0,0,22,1968,-844,-466,0,0,0,0,0
18,-180,8.77,113,696093,31,-62,3,1431,0,0,0,0,0,22,1968,-844,-466,0,0,0,0,0
18,-180,8.887,115,696206,31,-62,3,1431,0,0,0,0,0,22,1968,-844,-466,0,0,0,0,0
18,-180,8.931,116,696257,31,-62,3,1431,0,0,0,0,0,22,1968,-844,-466,0,0,0,0,0
18,-180,8.988,117,696313,31,-62,3,1431,0,0,0,0,0,22,1968,-844,-466,0,0,0,0,0
18,-180,9.044,118,696369,31,-62,3,1431,0,0,0,0,0,22,1968,-844,-466,0,0,0,0,0
18,-180,9.099,119,696425,31,-62,3,1431,0,0,0,0,0,22,1968,-844,-466,0,0,0,0,0
18,-180,9.214,121,696538,31,-62,3,1431,0,0,0,0,0,22,1968,-844,-466,0,0,0,0,0
18,-180,9.268,122,696593,31,-62,3,1431,0,0,0,0,0,22,1968,-844,-466,0,0,0,0,0
18,-180,9.325,123,696649,31,-62,3,1431,0,0,0,0,0,22,1968,-844,-466,0,0,0,0,0
18,-180,9.494,126,696817,31,-62,3,1431,0,0,0,0,0,22,1968,-844,-466,0,0,0,0,0
18,-180,9.604,0,696929,31,-62,3,1431,0,0,0,0,0,22,1968,-844,-466,0,0,0,0,0
18,-180,9.659,1,696985,31,-62,3,1431,0,0,0,0,0,22,1968,-844,-466,0,0,0,0,0
18,-180,9.715,2,697041,31,-62,3,1431,0,0,0,0,0,22,1968,-844,-466,0,0,0,0,0
18,-180,9.772,3,697097,31,-62,3,1431,0,0,0,0,0,22,1968,-844,-466,0,0,0,0,0
18,-180,9.888,5,697210,31,-62,3,1431,0,0,0,0,0,22,1968,-844,-466,0,0,0,0,0
18,-180,9.948,6,697265,31,-62,3,1431,0,0,0,0,0,22,1968,-844,-466,0,0,0,0,0
18,-180,10.16,10,697485,31,-62,3,1431,0,0,0,0,0,22,1968,-844,-466,0,0,0,0,0
18,-180,10.224,11,697541,31,-62,3,1431,0,0,0,0,0,22,1968,-844,-466,0,0,0,0,0
18,-180,10.281,12,697597,31,-62,3,1431,0,0,0,0,0,22,1968,-844,-466,0,0,0,0,0
18,-180,10.329,13,697653,31,-62,3,1431,0,0,0,0,0,22,1968,-844,-466,0,0,0,0,0
18,-180,10.502,16,697822,31,-62,3,1431,0,0,0,0,0,22,1968,-844,-466,0,0,0,0,0
18,-180,10.551,17,697877,31,-62,3,1431,0,0,0,0,0,22,1968,-844,-466,0,0,0,0,0
18,-180,10.718,20,698045,31,-62,3,1431,0,0,0,0,0,22,1968,-844,-466,0,0,0,0,0
18,-180,10.837,22,698157,31,-62,3,1431,0,0,0,0,0,22,1968,-844,-466,0,0,0,0,0
18,-180,10.894,23,698213,31,-62,3,1431,0,0,0,0,0,22,1968,-844,-466,0,0,0,0,0
18,-180,11.009,25,698325,31,-62,3,1431,0,0,0,0,0,22,1968,-844,-466,0,0,0,0,0
18,-180,11.052,26,698377,31,-62,3,1431,0,0,0,0,0,22,1968,-844,-466,0,0,0,0,0
18,-180,11.108,27,698433,31,-62,3,1431,0,0,0,0,0,22,1968,-844,-466,0,0,0,0,0
18,-180,11.219,29,698545,31,-62,3,1431,0,0,0,0,0,22,1968,-844,-466,0,0,0,0,0
18,-180,11.334,31,698657,31,-62,3,1431,0,0,0,0,0,22,1968,-844,-466,0,0,0,0,0
18,-180,11.395,32,698713,31,-62,3,1431,0,0,0,0,0,22,1968,-844,-466,0,0,0,0,0
18,-180,11.443,33,698770,31,-62,3,1431,0,0,0,0,0,22,1968,-844,-466,0,0,0,0,0
18,-180,11.5,34,698825,31,-62,3,1431,0,0,0,0,0,22,1968,-844,-466,0,0,0,0,0
18,-180,11.555,35,698881,31,-62,3,1431,0,0,0,0,0,22,1968,-844,-466,0,0,0,0,0
18,-180,11.726,38,699049,31,-62,3,1431,0,0,0,0,0,22,1968,-844,-466,0,0,0,0,0
19,-90,0.063,84,751605,31,-62,3,1431,0,0,0,0,0,22,1969,-844,-466,800,-800,0,0,0
19,-90,0.135,85,751677,31,-62,3,1284,0,0,0,36,-20,23,1972,-822,-483,1100,-1100,0,0,0
19,-90,0.279,87,751821,31,-62,3,443,0,0,0,72,-72,23,1978,-711,-594,1400,-1500,0,0,0
19,-90,0.352,88,751894,31,-62,3,-129,0,0,0,82,-102,23,1981,-638,-672,2000,-1900,0,0,0
19,-90,0.423,89,751966,31,-62,3,-996,0,0,0,134,-144,23,1984,-525,-788,2400,-2300,0,0,0
19,-90,0.575,90,752118,31,-64,7,-2693,0,0,0,0,0,23,1993,-316,-1027,0,0,0,1,0
19,-90,0.699,92,752241,31,-64,7,-2693,0,0,0,0,0,23,1998,-316,-1027,0,0,0,1,0
19,-90,0.843,94,752385,31,-64,7,-2693,0,0,0,0,0,23,2004,-316,-1027,0,0,0,1,0
19,-90,1.058,97,752602,31,-64,7,-2693,0,0,0,0,0,23,2013,-316,-1027,0,0,0,1,0
19,-90,1.274,100,752817,31,-64,7,-2693,0,0,0,0,0,23,2022,-316,-1027,0,0,0,1,0
19,-90,1.347,101,752890,31,-64,7,-2693,0,0,0,0,0,23,2025,-316,-1027,0,0,0,1,0
19,-90,1.418,102,752961,31,-64,7,-2693,0,0,0,0,0,23,2028,-316,-1027,0,0,0,1,0
19,-90,1.49,103,753033,31,-64,7,-2693,0,0,0,0,0,23,2031,-316,-1027,0,0,0,1,0
19,-90,1.562,104,753105,31,-64,7,-2693,0,0,0,0,0,23,2034,-316,-1027,0,0,0,1,0
19,-90,1.621,105,753155,31,-64,7,-2693,0,0,0,0,0,23,2036,-316,-1027,0,0,0,1,0
19,-90,1.663,106,753205,31,-64,7,-2693,0,0,0,0,0,23,2036,-316,-1027,0,0,0,1,0
19,-90,1.719,107,753261,31,-64,7,-2693,0,0,0,0,0,23,2036,-316,-1027,0,0,0,1,0
19,-90,1.775,108,753318,31,-64,7,-2693,0,0,0,0,0,23,2036,-316,-1027,0,0,0,1,0
19,-90,1.887,110,753429,31,-64,7,-2693,0,0,0,0,0,23,2036,-316,-1027,0,0,0,1,0
19,-90,2.055,113,753597,31,-64,7,-2693,0,0,0,0,0,23,2036,-316,-1027,0,0,0,1,0
19,-90,2.166,115,753709,31,-64,7,-2693,0,0,0,0,0,23,2036,-316,-1027,0,0,0,1,0
19,-90,2.288,117,753821,31,-64,7,-2693,0,0,0,0,0,23,2036,-316,-1027,0,0,0,1,0
19,-90,2.331,118,753873,31,-64,7,-2693,0,0,0,0,0,23,2036,-316,-1027,0,0,0,1,0
19,-90,2.386,119,753929,31,-64,7,-2693,0,0,0,0,0,23,2036,-316,-1027,0,0,0,1,0
19,-90,2.442,120,753985,31,-64,7,-2693,0,0,0,0,0,23,2036,-316,-1027,0,0,0,1,0
19,-90,2.499,121,754041,31,-64,7,-2693,0,0,0,0,0,23,2036,-316,-1027,0,0,0,1,0
19,-90,2.555,122,754098,31,-64,7,-2693,0,0,0,0,0,23,2036,-316,-1027,0,0,0,1,0
19,-90,2.666,124,754209,31,-64,7,-2693,0,0,0,0,0,23,2036,-316,-1027,0,0,0,1,0
19,-90,2.722,125,754265,31,-64,7,-2693,0,0,0,0,0,23,2036,-316,-1027,0,0,0,1,0
19,-90,2.779,126,754321,31,-64,7,-2693,0,0,0,0,0,23,2036,-316,-1027,0,0,0,1,0
19,-90,2.835,127,754378,31,-64,7,-2693,0,0,0,0,0,23,2036,-316,-1027,0,0,0,1,0
19,-90,2.89,0,754433,31,-64,7,-2693,0,0,0,0,0,23,2036,-316,-1027,0,0,0,1,0
19,-90,2.947,1,754489,31,-64,7,-2693,0,0,0,0,0,23,2036,-316,-1027,0,0,0,1,0
19,-90,3.002,2,754545,31,-64,7,-2693,0,0,0,0,0,23,2036,-316,-1027,0,0,0,1,0
19,-90,3.115,4,754657,31,-64,7,-2693,0,0,0,0,0,23,2036,-316,-1027,0,0,0,1,0
19,-90,3.17,5,754713,31,-64,7,-2693,0,0,0,0,0,23,2036,-316,-1027,0,0,0,1,0
19,-90,3.282,7,754826,31,-64,7,-2693,0,0,0,0,0,23,2036,-316,-1027,0,0,0,1,0
19,-90,3.346,8,754882,31,-64,7,-2693,0,0,0,0,0,23,2036,-316,-1027,0,0,0,1,0
19,-90,3.39,9,754933,31,-64,7,-2693,0,0,0,0,0,23,2036,-316,-1027,0,0,0,1,0
19,-90,3.446,10,754989,31,-64,7,-2693,0,0,0,0,0,23,2036,-316,-1027,0,0,0,1,0
19,-90,3.502,11,755045,31,-64,7,-2693,0,0,0,0,0,23,2036,-316,-1027,0,0,0,1,0
19,-90,3.558,12,755102,31,-64,7,-2693,0,0,0,0,0,23,2036,-316,-1027,0,0,0,1,0
19,-90,3.67,14,755213,31,-64,7,-2693,0,0,0,0,0,23,2036,-316,-1027,0,0,0,1,0
19,-90,3.726,15,755270,31,-64,7,-2693,0,0,0,0,0,23,2036,-316,-1027,0,0,0,1,0
19,-90,3.783,16,755325,31,-64,7,-2693,0,0,0,0,0,23,2036,-316,-1027,0,0,0,1,0
19,-90,3.894,18,755437,31,-64,7,-2693,0,0,0,0,0,23,2036,-316,-1027,0,0,0,1,0
19,-90,3.95,19,755493,31,-64,7,-2693,0,0,0,0,0,23,2036,-316,-1027,0,0,0,1,0
19,-90,4.062,21,755606,31,-64,7,-2693,0,0,0,0,0,23,2036,-316,-1027,0,0,0,1,0
19,-90,4.119,22,755661,31,-64,7,-2693,0,0,0,0,0,23,2036,-316,-1027,0,0,0,1,0
19,-90,4.175,23,755718,31,-64,7,-2693,0,0,0,0,0,23,2036,-316,-1027,0,0,0,1,0
19,-90,4.23,24,755773,31,-64,7,-2693,0,0,0,0,0,23,2036,-316,-1027,0,0,0,1,0
19,-90,4.342,26,755885,31,-64,7,-2693,0,0,0,0,0,23,2036,-316,-1027,0,0,0,1,0
19,-90,4.45,28,755993,31,-64,7,-2693,0,0,0,0,0,23,2036,-316,-1027,0,0,0,1,0
19,-90,4.563,30,756105,31,-64,7,-2693,0,0,0,0,0,23,2036,-316,-1027,0,0,0,1,0
19,-90,4.618,31,756161,31,-64,7,-2693,0,0,0,0,0,23,2036,-316,-1027,0,0,0,1,0
19,-90,4.674,32,756217,31,-64,7,-2693,0,0,0,0,0,23,2036,-316,-1027,0,0,0,1,0
19,-90,4.73,33,756273,31,-64,7,-2693,0,0,0,0,0,23,2036,-316,-1027,0,0,0,1,0
19,-90,4.786,34,756329,31,-64,7,-2693,0,0,0,0,0,23,2036,-316,-1027,0,0,0,1,0
19,-90,4.898,36,756441,31,-64,7,-2693,0,0,0,0,0,23,2036,-316,-1027,0,0,0,1,0
19,-90,4.955,37,756497,31,-64,7,-2693,0,0,0,0,0,23,2036,-316,-1027,0,0,0,1,0
19,-90,5.01,38,756553,31,-64,7,-2693,0,0,0,0,0,23,2036,-316,-1027,0,0,0,1,0
19,-90,5.29,43,756833,31,-64,7,-2693,0,0,0,0,0,23,2036,-316,-1027,0,0,0,1,0
19,-90,5.402,45,756945,31,-64,7,-2693,0,0,0,0,0,23,2036,-316,-1027,0,0,0,1,0
19,-90,5.467,46,757002,31,-64,7,-2693,0,0,0,0,0,23,2036,-316,-1027,0,0,0,1,0
19,-90,5.566,48,757109,31,-64,7,-2693,0,0,0,0,0,23,2036,-316,-1027,0,0,0,1,0
19,-90,5.679,50,757221,31,-64,7,-2693,0,0,0,0,0,23,2036,-316,-1027,0,0,0,1,0
19,-90,5.79,52,757333,31,-64,7,-2693,0,0,0,0,0,23,2036,-316,-1027,0,0,0,1,0
19,-90,5.846,53,757389,31,-64,7,-2693,0,0,0,0,0,23,2036,-316,-1027,0,0,0,1,0
19,-90,5.902,54,757445,31,-64,7,-2693,0,0,0,0,0,23,2036,-316,-1027,0,0,0,1,0
19,-90,5.958,55,757502,31,-64,7,-2693,0,0,0,0,0,23,2036,-316,-1027,0,0,0,1,0
19,-90,6.015,56,757557,31,-64,7,-2693,0,0,0,0,0,23,2036,-316,-1027,0,0,0,1,0
19,-90,6.126,58,757669,31,-64,7,-2693,0,0,0,0,0,23,2036,-316,-1027,0,0,0,1,0
19,-90,6.182,59,757725,31,-64,7,-2693,0,0,0,0,0,23,2036,-316,-1027,0,0,0,1,0
19,-90,6.238,60,757781,31,-64,7,-2693,0,0,0,0,0,23,2036,-316,-1027,0,0,0,1,0
19,-90,6.406,63,757949,31,-64,7,-2693,0,0,0,0,0,23,2036,-316,-1027,0,0,0,1,0
19,-90,6.528,65,758061,31,-64,7,-2693,0,0,0,0,0,23,2036,-316,-1027,0,0,0,1,0
19,-90,6.627,67,758169,31,-64,7,-2693,0,0,0,0,0,23,2036,-316,-1027,0,0,0,1,0
19,-90,6.682,68,758225,31,-64,7,-2693,0,0,0,0,0,23,2036,-316,-1027,0,0,0,1,0
19,-90,6.738,69,758281,31,-64,7,-2693,0,0,0,0,0,23,2036,-316,-1027,0,0,0,1,0
19,-90,6.794,70,758337,31,-64,7,-2693,0,0,0,0,0,23,2036,-316,-1027,0,0,0,1,0
19,-90,6.906,72,758449,31,-64,7,-2693,0,0,0,0,0,23,2036,-316,-1027,0,0,0,1,0
19,-90,7.13,76,758674,31,-64,7,-2693,0,0,0,0,0,23,2036,-316,-1027,0,0,0,1,0
19,-90,7.186,77,758729,31,-64,7,-2693,0,0,0,0,0,23,2036,-316,-1027,0,0,0,1,0
19,-90,7.243,78,758785,31,-64,7,-2693,0,0,0,0,0,23,2036,-316,-1027,0,0,0,1,0
19,-90,7.299,79,758841,31,-64,7,-2693,0,0,0,0,0,23,2036,-316,-1027,0,0,0,1,0
19,-90,7.355,80,758897,31,-64,7,-2693,0,0,0,0,0,23,2036,-316,-1027,0,0,0,1,0
19,-90,7.411,81,758953,31,-64,7,-2693,0,0,0,0,0,23,2036,-316,-1027,0,0,0,1,0
19,-90,7.527,83,759065,31,-64,7,-2693,0,0,0,0,0,23,2036,-316,-1027,0,0,0,1,0
19,-90,7.58,84,759121,31,-64,7,-2693,0,0,0,0,0,23,2036,-316,-1027,0,0,0,1,0
19,-90,7.631,85,759173,31,-64,7,-2693,0,0,0,0,0,23,2036,-316,-1027,0,0,0,1,0
19,-90,7.686,86,759229,31,-64,7,-2693,0,0,0,0,0,23,2036,-316,-1027,0,0,0,1,0
19,-90,7.742,87,759285,31,-64,7,-2693,0,0,0,0,0,23,2036,-316,-1027,0,0,0,1,0
19,-90,7.801,88,759341,31,-64,7,-2693,0,0,0,0,0,23,2036,-316,-1027,0,0,0,1,0
19,-90,7.855,89,759397,31,-64,7,-2693,0,0,0,0,0,23,2036,-316,-1027,0,0,0,1,0
19,-90,7.911,90,759454,31,-64,7,-2693,0,0,0,0,0,23,2036,-316,-1027,0,0,0,1,0
19,-90,8.022,92,759565,31,-64,7,-2693,0,0,0,0,0,23,2036,-316,-1027,0,0,0,1,0
19,-90,8.134,94,759677,31,-64,7,-2693,0,0,0,0,0,23,2036,-316,-1027,0,0,0,1,0
19,-90,8.302,97,759845,31,-64,7,-2693,0,0,0,0,0,23,2036,-316,-1027,0,0,0,1,0
19,-90,8.359,98,759902,31,-64,7,-2693,0,0,0,0,0,23,2036,-316,-1027,0,0,0,1,0
19,-90,8.47,100,760013,31,-64,7,-2693,0,0,0,0,0,23,2036,-316,-1027,0,0,0,1,0
19,-90,8.526,101,760069,31,-64,7,-2693,0,0,0,0,0,23,2036,-316,-1027,0,0,0,1,0
20,90,-0.018,68,772511,31,-64,7,-2693,0,0,0,0,0,23,2036,-316,-1027,0,0,0,1,0
20,90,0.023,69,772561,31,-64,7,-2693,0,0,0,0,0,23,2036,-316,-1027,0,0,0,1,0
20,90,0.095,70,772623,31,-64,7,-2670,0,0,0,-17,0,24,2038,-322,-1027,-1000,1000,0,1,0
20,90,0.156,71,772694,31,-64,7,-2522,0,0,0,-17,0,24,2041,-347,-1013,-1000,1100,0,1,0
20,90,0.227,72,772766,31,-64,7,-2321,0,0,0,-46,39,24,2044,-375,-988,-1300,1400,0,1,0
20,90,0.3,73,772837,31,-64,7,-1893,0,0,0,-65,72,24,2047,-433,-933,-1800,1900,0,1,0
20,90,0.373,74,772909,31,-65,7,-1136,0,0,0,-125,121,24,2050,-538,-838,-2300,2200,0,1,0
20,90,0.453,75,772981,31,-66,7,-159,0,0,0,-154,128,24,2053,-677,-719,-2500,2500,0,1,0
20,90,0.516,76,773054,31,-66,7,1019,0,0,0,-163,163,24,2056,-841,-572,-2600,2600,0,1,0
20,90,0.589,77,773125,31,-67,7,2272,0,0,0,-180,164,24,2059,-1016,-416,-2400,2500,0,1,0
20,90,0.66,78,773197,31,-67,7,3503,0,0,0,-183,174,24,2062,-1183,-258,-2200,2500,0,1,0
20,90,0.734,79,773269,31,-67,7,4658,0,0,0,-164,174,24,2065,-1338,-108,-2000,2400,0,1,0
20,90,0.99,83,773530,31,-67,7,6097,0,0,0,0,0,24,2077,-1527,83,0,0,0,1,0
20,90,1.062,84,773602,31,-67,7,6097,0,0,0,0,0,24,2080,-1527,83,0,0,0,1,0
20,90,1.207,86,773745,31,-67,7,6097,0,0,0,0,0,24,2086,-1527,83,0,0,0,1,0
20,90,1.278,87,773817,31,-67,7,6097,0,0,0,0,0,24,2089,-1527,83,0,0,0,1,0
20,90,1.423,89,773962,31,-67,7,6097,0,0,0,0,0,24,2095,-1527,83,0,0,0,1,0
20,90,1.568,91,774105,31,-67,7,6097,0,0,0,0,0,24,2101,-1527,83,0,0,0,1,0
20,90,1.711,93,774250,31,-67,7,6097,0,0,0,0,0,24,2107,-1527,83,0,0,0,1,0
20,90,1.791,94,774322,31,-67,7,6097,0,0,0,0,0,24,2110,-1527,83,0,0,0,1,0
20,90,1.982,97,774517,31,-67,7,6097,0,0,0,0,0,24,2116,-1527,83,0,0,0,1,0
20,90,2.093,99,774629,31,-67,7,6097,0,0,0,0,0,24,2116,-1527,83,0,0,0,1,0
20,90,2.262,102,774797,31,-67,7,6097,0,0,0,0,0,24,2116,-1527,83,0,0,0,1,0
20,90,2.315,103,774854,31,-67,7,6097,0,0,0,0,0,24,2116,-1527,83,0,0,0,1,0
20,90,2.483,106,775021,31,-67,7,6097,0,0,0,0,0,24,2116,-1527,83,0,0,0,1,0
20,90,2.539,107,775077,31,-67,7,6097,0,0,0,0,0,24,2116,-1527,83,0,0,0,1,0
20,90,2.597,108,775133,31,-67,7,6097,0,0,0,0,0,24,2116,-1527,83,0,0,0,1,0
20,90,2.652,109,775189,31,-67,7,6097,0,0,0,0,0,24,2116,-1527,83,0,0,0,1,0
20,90,2.708,110,775245,31,-67,7,6097,0,0,0,0,0,24,2116,-1527,83,0,0,0,1,0
20,90,2.767,111,775302,31,-67,7,6097,0,0,0,0,0,24,2116,-1527,83,0,0,0,1,0
20,90,2.819,112,775357,31,-67,7,6097,0,0,0,0,0,24,2116,-1527,83,0,0,0,1,0
20,90,2.927,114,775465,31,-67,7,6097,0,0,0,0,0,24,2116,-1527,83,0,0,0,1,0
20,90,2.982,115,775522,31,-67,7,6097,0,0,0,0,0,24,2116,-1527,83,0,0,0,1,0
20,90,3.038,116,775577,31,-67,7,6097,0,0,0,0,0,24,2116,-1527,83,0,0,0,1,0
20,90,3.096,117,775634,31,-67,7,6097,0,0,0,0,0,24,2116,-1527,83,0,0,0,1,0
20,90,3.15,118,775690,31,-67,7,6097,0,0,0,0,0,24,2116,-1527,83,0,0,0,1,0
20,90,3.207,119,775746,31,-67,7,6097,0,0,0,0,0,24,2116,-1527,83,0,0,0,1,0
20,90,3.318,121,775857,31,-67,7,6097,0,0,0,0,0,24,2116,-1527,83,0,0,0,1,0
20,90,3.431,123,775969,31,-67,7,6097,0,0,0,0,0,24,2116,-1527,83,0,0,0,1,0
20,90,3.487,124,776025,31,-67,7,6097,0,0,0,0,0,24,2116,-1527,83,0,0,0,1,0
20,90,3.543,125,776081,31,-67,7,6097,0,0,0,0,0,24,2116,-1527,83,0,0,0,1,0
20,90,3.599,126,776138,31,-67,7,6097,0,0,0,0,0,24,2116,-1527,83,0,0,0,1,0
20,90,3.654,127,776194,31,-67,7,6097,0,0,0,0,0,24,2116,-1527,83,0,0,0,1,0
20,90,3.71,0,776250,31,-67,7,6097,0,0,0,0,0,24,2116,-1527,83,0,0,0,1,0
20,90,3.767,1,776305,31,-67,7,6097,0,0,0,0,0,24,2116,-1527,83,0,0,0,1,0
20,90,3.822,2,776361,31,-67,7,6097,0,0,0,0,0,24,2116,-1527,83,0,0,0,1,0
20,90,3.986,5,776526,31,-67,7,6097,0,0,0,0,0,24,2116,-1527,83,0,0,0,1,0
20,90,4.043,6,776582,31,-67,7,6097,0,0,0,0,0,24,2116,-1527,83,0,0,0,1,0
20,90,4.099,7,776637,31,-67,7,6097,0,0,0,0,0,24,2116,-1527,83,0,0,0,1,0
20,90,4.155,8,776693,31,-67,7,6097,0,0,0,0,0,24,2116,-1527,83,0,0,0,1,0
20,90,4.211,9,776749,31,-67,7,6097,0,0,0,0,0,24,2116,-1527,83,0,0,0,1,0
20,90,4.266,10,776805,31,-67,7,6097,0,0,0,0,0,24,2116,-1527,83,0,0,0,1,0
20,90,4.322,11,776861,31,-67,7,6097,0,0,0,0,0,24,2116,-1527,83,0,0,0,1,0
20,90,4.379,12,776918,31,-67,7,6097,0,0,0,0,0,24,2116,-1527,83,0,0,0,1,0
20,90,4.436,13,776974,31,-67,7,6097,0,0,0,0,0,24,2116,-1527,83,0,0,0,1,0
20,90,4.547,15,777085,31,-67,7,6097,0,0,0,0,0,24,2116,-1527,83,0,0,0,1,0
20,90,4.602,16,777141,31,-67,7,6097,0,0,0,0,0,24,2116,-1527,83,0,0,0,1,0
20,90,4.715,18,777253,31,-67,7,6097,0,0,0,0,0,24,2116,-1527,83,0,0,0,1,0
20,90,4.773,19,777309,31,-67,7,6097,0,0,0,0,0,24,2116,-1527,83,0,0,0,1,0
20,90,4.827,20,777365,31,-67,7,6097,0,0,0,0,0,24,2116,-1527,83,0,0,0,1,0
20,90,4.939,22,777478,31,-67,7,6097,0,0,0,0,0,24,2116,-1527,83,0,0,0,1,0
20,90,5.007,23,777533,31,-67,7,6097,0,0,0,0,0,24,2116,-1527,83,0,0,0,1,0
20,90,5.046,24,777586,31,-67,7,6097,0,0,0,0,0,24,2116,-1527,83,0,0,0,1,0
20,90,5.218,27,777753,31,-67,7,6097,0,0,0,0,0,24,2116,-1527,83,0,0,0,1,0
20,90,5.327,29,777866,31,-67,7,6097,0,0,0,0,0,24,2116,-1527,83,0,0,0,1,0
20,90,5.386,30,777921,31,-67,7,6097,0,0,0,0,0,24,2116,-1527,83,0,0,0,1,0
20,90,5.438,31,777977,31,-67,7,6097,0,0,0,0,0,24,2116,-1527,83,0,0,0,1,0
20,90,5.494,32,778033,31,-67,7,6097,0,0,0,0,0,24,2116,-1527,83,0,0,0,1,0
20,90,5.552,33,778089,31,-67,7,6097,0,0,0,0,0,24,2116,-1527,83,0,0,0,1,0
20,90,5.606,34,778145,31,-67,7,6097,0,0,0,0,0,24,2116,-1527,83,0,0,0,1,0
20,90,5.663,35,778202,31,-67,7,6097,0,0,0,0,0,24,2116,-1527,83,0,0,0,1,0
20,90,5.776,37,778314,31,-67,7,6097,0,0,0,0,0,24,2116,-1527,83,0,0,0,1,0
20,90,5.831,38,778369,31,-67,7,6097,0,0,0,0,0,24,2116,-1527,83,0,0,0,1,0
20,90,5.942,40,778481,31,-67,7,6097,0,0,0,0,0,24,2116,-1527,83,0,0,0,1,0
20,90,5.998,41,778538,31,-67,7,6097,0,0,0,0,0,24,2116,-1527,83,0,0,0,1,0
20,90,6.063,42,778593,31,-67,7,6097,0,0,0,0,0,24,2116,-1527,83,0,0,0,1,0
20,90,6.106,43,778646,31,-67,7,6097,0,0,0,0,0,24,2116,-1527,83,0,0,0,1,0
20,90,6.162,44,778702,31,-67,7,6097,0,0,0,0,0,24,2116,-1527,83,0,0,0,1,0
20,90,6.218,45,778757,31,-67,7,6097,0,0,0,0,0,24,2116,-1527,83,0,0,0,1,0
20,90,6.283,46,778813,31,-67,7,6097,0,0,0,0,0,24,2116,-1527,83,0,0,0,1,0
20,90,6.331,47,778869,31,-67,7,6097,0,0,0,0,0,24,2116,-1527,83,0,0,0,1,0
20,90,6.391,48,778926,31,-67,7,6097,0,0,0,0,0,24,2116,-1527,83,0,0,0,1,0
20,90,6.443,49,778981,31,-67,7,6097,0,0,0,0,0,24,2116,-1527,83,0,0,0,1,0
20,90,6.558,51,779094,31,-67,7,6097,0,0,0,0,0,24,2116,-1527,83,0,0,0,1,0
20,90,6.748,53,779205,31,-67,7,6097,0,0,0,0,0,24,2116,-1527,83,0,0,0,1,0
20,90,6.838,56,779373,31,-67,7,6097,0,0,0,0,0,24,2116,-1527,83,0,0,0,1,0
20,90,6.906,57,779429,31,-67,7,6097,0,0,0,0,0,24,2116,-1527,83,0,0,0,1,0
20,90,7.008,59,779542,31,-67,7,6097,0,0,0,0,0,24,2116,-1527,83,0,0,0,1,0
20,90,7.059,60,779598,31,-67,7,6097,0,0,0,0,0,24,2116,-1527,83,0,0,0,1,0
20,90,7.223,63,779761,31,-67,7,6097,0,0,0,0,0,24,2116,-1527,83,0,0,0,1,0
20,90,7.396,66,779930,31,-67,7,6097,0,0,0,0,0,24,2116,-1527,83,0,0,0,1,0
20,90,7.454,67,779986,31,-67,7,6097,0,0,0,0,0,24,2116,-1527,83,0,0,0,1,0
20,90,7.558,69,780098,31,-67,7,6097,0,0,0,0,0,24,2116,-1527,83,0,0,0,1,0
20,90,7.615,70,780153,31,-67,7,6097,0,0,0,0,0,24,2116,-1527,83,0,0,0,1,0
20,90,7.679,71,780210,31,-67,7,6097,0,0,0,0,0,24,2116,-1527,83,0,0,0,1,0
20,90,7.782,73,780321,31,-67,7,6097,0,0,0,0,0,24,2116,-1527,83,0,0,0,1,0
20,90,7.838,74,780378,31,-67,7,6097,0,0,0,0,0,24,2116,-1527,83,0,0,0,1,0
20,90,7.94,75,780434,31,-67,7,6097,0,0,0,0,0,24,2116,-1527,83,0,0,0,1,0
20,90,7.95,76,780489,31,-67,7,6097,0,0,0,0,0,24,2116,-1527,83,0,0,0,1,0
20,90,8.006,77,780546,31,-67,7,6097,0,0,0,0,0,24,2116,-1527,83,0,0,0,1,0
20,90,8.064,78,780602,31,-67,7,6097,0,0,0,0,0,24,2116,-1527,83,0,0,0,1,0
20,90,8.12,79,780657,31,-67,7,6097,0,0,0,0,0,24,2116,-1527,83,0,0,0,1,0
20,90,8.241,81,780766,31,-67,7,6097,0,0,0,0,0,24,2116,-1527,83,0,0,0,1,0
20,90,8.283,82,780822,31,-67,7,6097,0,0,0,0,0,24,2116,-1527,83,0,0,0,1,0
20,90,8.34,83,780878,31,-67,7,6097,0,0,0,0,0,24,2116,-1527,83,0,0,0,1,0
20,90,8.562,87,781102,31,-67,7,6097,0,0,0,0,0,24,2116,-1527,83,0,0,0,1,0
20,90,8.619,88,781157,31,-67,7,6097,0,0,0,0,0,24,2116,-1527,83,0,0,0,1,0
20,90,8.675,89,781214,31,-67,7,6097,0,0,0,0,0,24,2116,-1527,83,0,0,0,1,0
20,90,8.73,90,781269,31,-67,7,6097,0,0,0,0,0,24,2116,-1527,83,0,0,0,1,0
20,90,8.786,91,781325,31,-67,7,6097,0,0,0,0,0,24,2116,-1527,83,0,0,0,1,0
20,90,8.842,92,781381,31,-67,7,6097,0,0,0,0,0,24,2116,-1527,83,0,0,0,1,0
20,90,8.898,93,781437,31,-67,7,6097,0,0,0,0,0,24,2116,-1527,83,0,0,0,1,0
20,90,9.01,95,781549,31,-67,7,6097,0,0,0,0,0,24,2116,-1527,83,0,0,0,1,0
20,90,9.066,96,781606,31,-67,7,6097,0,0,0,0,0,24,2116,-1527,83,0,0,0,1,0
20,90,9.178,98,781717,31,-67,7,6097,0,0,0,0,0,24,2116,-1527,83,0,0,0,1,0
20,90,9.243,99,781773,31,-67,7,6097,0,0,0,0,0,24,2116,-1527,83,0,0,0,1,0
20,90,9.287,100,781825,31,-67,7,6097,0,0,0,0,0,24,2116,-1527,83,0,0,0,1,0
20,90,9.342,101,781881,31,-67,7,6097,0,0,0,0,0,24,2116,-1527,83,0,0,0,1,0
20,90,9.398,102,781937,31,-67,7,6097,0,0,0,0,0,24,2116,-1527,83,0,0,0,1,0
20,90,9.455,103,781993,31,-67,7,6097,0,0,0,0,0,24,2116,-1527,83,0,0,0,1,0
20,90,9.566,105,782105,31,-67,7,6097,0,0,0,0,0,24,2116,-1527,83,0,0,0,1,0
20,90,9.68,107,782217,31,-67,7,6097,0,0,0,0,0,24,2116,-1527,83,0,0,0,1,0
20,90,9.736,108,782273,31,-67,7,6097,0,0,0,0,0,24,2116,-1527,83,0,0,0,1,0
20,90,9.79,109,782329,31,-67,7,6097,0,0,0,0,0,24,2116,-1527,83,0,0,0,1,0
20,90,9.847,110,782386,31,-67,7,6097,0,0,0,0,0,24,2116,-1527,83,0,0,0,1,0
20,90,9.902,111,782442,31,-67,7,6097,0,0,0,0,0,24,2116,-1527,83,0,0,0,1,0
20,90,9.959,112,782498,31,-67,7,6097,0,0,0,0,0,24,2116,-1527,83,0,0,0,1,0
20,90,10.014,113,782553,31,-67,7,6097,0,0,0,0,0,24,2116,-1527,83,0,0,0,1,0
20,90,10.075,114,782610,31,-67,7,6097,0,0,0,0,0,24,2116,-1527,83,0,0,0,1,0
20,90,10.126,115,782665,31,-67,7,6097,0,0,0,0,0,24,2116,-1527,83,0,0,0,1,0
20,90,10.303,118,782833,31,-67,7,6097,0,0,0,0,0,24,2116,-1527,83,0,0,0,1,0
20,90,10.346,119,782886,31,-67,7,6097,0,0,0,0,0,24,2116,-1527,83,0,0,0,1,0
20,90,10.458,121,782997,31,-67,7,6097,0,0,0,0,0,24,2116,-1527,83,0,0,0,1,0
20,90,10.515,122,783053,31,-67,7,6097,0,0,0,0,0,24,2116,-1527,83,0,0,0,1,0
20,90,10.682,125,783221,31,-67,7,6097,0,0,0,0,0,24,2116,-1527,83,0,0,0,1,0
20,90,10.794,127,783334,31,-67,7,6097,0,0,0,0,0,24,2116,-1527,83,0,0,0,1,0
20,90,10.906,1,783445,31,-67,7,6097,0,0,0,0,0,24,2116,-1527,83,0,0,0,1,0
20,90,10.961,2,783502,31,-67,7,6097,0,0,0,0,0,24,2116,-1527,83,0,0,0,1,0
20,90,11.019,3,783557,31,-67,7,6097,0,0,0,0,0,24,2116,-1527,83,0,0,0,1,0
20,90,11.133,5,783669,31,-67,7,6097,0,0,0,0,0,24,2116,-1527,83,0,0,0,1,0
20,90,11.186,6,783726,31,-67,7,6097,0,0,0,0,0,24,2116,-1527,83,0,0,0,1,0
20,90,11.242,7,783781,31,-67,7,6097,0,0,0,0,0,24,2116,-1527,83,0,0,0,1,0
20,90,11.298,8,783837,31,-67,7,6097,0,0,0,0,0,24,2116,-1527,83,0,0,0,1,0
20,90,11.362,9,783894,31,-67,7,6097,0,0,0,0,0,24,2116,-1527,83,0,0,0,1,0
20,90,11.41,10,783946,31,-67,7,6097,0,0,0,0,0,24,2116,-1527,83,0,0,0,1,0
20,90,11.574,13,784114,31,-67,7,6097,0,0,0,0,0,24,2116,-1527,83,0,0,0,1,0
20,90,11.69,15,784225,31,-67,7,6097,0,0,0,0,0,24,2116,-1527,83,0,0,0,1,0
20,90,11.743,16,784281,31,-67,7,6097,0,0,0,0,0,24,2116,-1527,83,0,0,0,1,0
20,90,11.855,18,784393,31,-67,7,6097,0,0,0,0,0,24,2116,-1527,83,0,0,0,1,0
20,90,12.022,21,784562,31,-67,7,6097,0,0,0,0,0,24,2116,-1527,83,0,0,0,1,0
20,90,12.135,23,784674,31,-67,7,6097,0,0,0,0,0,24,2116,-1527,83,0,0,0,1,0
20,90,12.19,24,784729,31,-67,7,6097,0,0,0,0,0,24,2116,-1527,83,0,0,0,1,0
20,90,12.247,25,784785,31,-67,7,6097,0,0,0,0,0,24,2116,-1527,83,0,0,0,1,0
20,90,12.303,26,784841,31,-67,7,6097,0,0,0,0,0,24,2116,-1527,83,0,0,0,1,0
20,90,12.359,27,784897,31,-67,7,6097,0,0,0,0,0,24,2116,-1527,83,0,0,0,1,0
20,90,12.467,29,785006,31,-67,7,6097,0,0,0,0,0,24,2116,-1527,83,0,0,0,1,0
20,90,12.522,30,785061,31,-67,7,6097,0,0,0,0,0,24,2116,-1527,83,0,0,0,1,0
20,90,12.691,33,785229,31,-67,7,6097,0,0,0,0,0,24,2116,-1527,83,0,0,0,1,0
20,90,12.802,35,785342,31,-67,7,6097,0,0,0,0,0,24,2116,-1527,83,0,0,0,1,0
21,-107,-0.02,101,796159,31,-67,7,6097,0,0,0,0,0,24,2116,-1527,83,0,0,0,1,0
21,-107,0.022,102,796209,31,-67,7,6097,0,0,0,0,0,24,2116,-1527,83,0,0,0,1,0
21,-107,0.163,104,796349,31,-68,5,5646,0,0,0,46,-180,24,2121,-1491,0,1200,-1200,0,1,0
21,-107,0.236,105,796421,31,-67,7,5506,0,0,0,56,-46,24,2124,-1441,13,1300,-1400,0,1,0
21,-107,0.309,106,796493,31,-67,8,5059,0,0,0,65,-62,24,2127,-1377,-41,1700,-1800,0,1,0
21,-107,0.379,107,796565,31,-63,12,4859,0,0,0,108,308,24,2130,-1283,0,2100,-2200,0,1,0
21,-107,0.452,108,796637,31,-67,8,3408,0,0,0,164,-138,24,2133,-1155,-255,2500,-2500,0,1,0
21,-107,0.531,109,796709,31,-67,8,2230,0,0,0,180,-164,24,2136,-1000,-411,2600,-2600,0,1,0
21,-107,0.595,110,796781,31,-67,8,966,0,0,0,166,-171,24,2139,-838,-583,2600,-2600,0,1,0
21,-107,0.74,112,796925,31,-68,8,-1439,0,0,0,164,-190,24,2145,-533,-913,2200,-2200,0,1,0
21,-107,0.885,114,797069,31,-69,9,-3620,0,0,0,147,-147,24,2151,-255,-1211,1200,-1000,0,1,0
21,-107,0.986,115,797174,31,-69,9,-4302,0,0,0,0,0,24,2157,-166,-1302,0,0,0,1,0
21,-107,1.112,117,797297,31,-69,9,-4302,0,0,0,0,0,24,2162,-166,-1302,0,0,0,1,0
21,-107,1.256,119,797441,31,-69,9,-4302,0,0,0,0,0,24,2168,-166,-1302,0,0,0,1,0
21,-107,1.398,121,797585,31,-69,9,-4302,0,0,0,0,0,24,2174,-166,-1302,0,0,0,1,0
21,-107,1.476,122,797657,31,-69,9,-4302,0,0,0,0,0,24,2177,-166,-1302,0,0,0,1,0
21,-107,1.542,123,797729,31,-69,9,-4302,0,0,0,0,0,24,2180,-166,-1302,0,0,0,1,0
21,-107,1.615,124,797802,31,-69,9,-4302,0,0,0,0,0,24,2183,-166,-1302,0,0,0,1,0
21,-107,1.688,125,797873,31,-69,9,-4302,0,0,0,0,0,24,2186,-166,-1302,0,0,0,1,0
21,-107,1.758,126,797945,31,-69,9,-4302,0,0,0,0,0,24,2189,-166,-1302,0,0,0,1,0
21,-107,1.833,127,798018,31,-69,9,-4302,0,0,0,0,0,24,2192,-166,-1302,0,0,0,1,0
21,-107,1.913,0,798090,31,-69,9,-4302,0,0,0,0,0,24,2195,-166,-1302,0,0,0,1,0
21,-107,1.975,1,798161,31,-69,9,-4302,0,0,0,0,0,24,2198,-166,-1302,0,0,0,1,0
21,-107,2.046,2,798233,31,-69,9,-4302,0,0,0,0,0,24,2201,-166,-1302,0,0,0,1,0
21,-107,2.121,3,798305,31,-69,9,-4302,0,0,0,0,0,24,2204,-166,-1302,0,0,0,1,0
21,-107,2.195,4,798377,31,-69,9,-4302,0,0,0,0,0,24,2207,-166,-1302,0,0,0,1,0
21,-107,2.263,5,798449,31,-69,9,-4302,0,0,0,0,0,24,2210,-166,-1302,0,0,0,1,0
21,-107,2.334,6,798521,31,-69,9,-4302,0,0,0,0,0,24,2213,-166,-1302,0,0,0,1,0
21,-107,2.407,7,798593,31,-69,9,-4302,0,0,0,0,0,24,2216,-166,-1302,0,0,0,1,0
21,-107,2.621,10,798809,31,-69,9,-4302,0,0,0,0,0,24,2225,-166,-1302,0,0,0,1,0
21,-107,2.694,11,798881,31,-69,9,-4302,0,0,0,0,0,24,2228,-166,-1302,0,0,0,1,0
21,-107,2.84,13,799026,31,-69,9,-4302,0,0,0,0,0,24,2234,-166,-1302,0,0,0,1,0
21,-107,2.912,14,799098,31,-69,9,-4302,0,0,0,0,0,24,2237,-166,-1302,0,0,0,1,0
21,-107,3.198,18,799385,31,-69,9,-4302,0,0,0,0,0,24,2249,-166,-1302,0,0,0,1,0
21,-107,3.272,19,799457,31,-69,9,-4302,0,0,0,0,0,24,2252,-166,-1302,0,0,0,1,0
21,-107,3.415,21,799602,31,-69,9,-4302,0,0,0,0,0,24,2258,-166,-1302,0,0,0,1,0
21,-107,3.487,22,799675,31,-69,9,-4302,0,0,0,0,0,24,2261,-166,-1302,0,0,0,1,0
21,-107,3.593,24,799781,31,-69,9,-4302,0,0,0,0,0,24,2261,-166,-1302,0,0,0,1,0
21,-107,3.651,25,799837,31,-69,9,-4302,0,0,0,0,0,24,2261,-166,-1302,0,0,0,1,0
21,-107,3.706,26,799893,31,-69,9,-4302,0,0,0,0,0,24,2261,-166,-1302,0,0,0,1,0
21,-107,3.763,27,799949,31,-69,9,-4302,0,0,0,0,0,24,2261,-166,-1302,0,0,0,1,0
21,-107,3.875,29,800061,31,-69,9,-4302,0,0,0,0,0,24,2261,-166,-1302,0,0,0,1,0
21,-107,4.042,32,800229,31,-69,9,-4302,0,0,0,0,0,24,2261,-166,-1302,0,0,0,1,0
21,-107,4.154,34,800341,31,-69,9,-4302,0,0,0,0,0,24,2261,-166,-1302,0,0,0,1,0
21,-107,4.21,35,800398,31,-69,9,-4302,0,0,0,0,0,24,2261,-166,-1302,0,0,0,1,0
21,-107,4.266,36,800453,31,-69,9,-4302,0,0,0,0,0,24,2261,-166,-1302,0,0,0,1,0
21,-107,4.322,37,800509,31,-69,9,-4302,0,0,0,0,0,24,2261,-166,-1302,0,0,0,1,0
21,-107,4.386,38,800565,31,-69,9,-4302,0,0,0,0,0,24,2261,-166,-1302,0,0,0,1,0
21,-107,4.486,40,800673,31,-69,9,-4302,0,0,0,0,0,24,2261,-166,-1302,0,0,0,1,0
21,-107,4.542,41,800729,31,-69,9,-4302,0,0,0,0,0,24,2261,-166,-1302,0,0,0,1,0
21,-107,4.655,43,800841,31,-69,9,-4302,0,0,0,0,0,24,2261,-166,-1302,0,0,0,1,0
21,-107,4.823,46,801009,31,-69,9,-4302,0,0,0,0,0,24,2261,-166,-1302,0,0,0,1,0
21,-107,4.878,47,801065,31,-69,9,-4302,0,0,0,0,0,24,2261,-166,-1302,0,0,0,1,0
21,-107,4.991,49,801177,31,-69,9,-4302,0,0,0,0,0,24,2261,-166,-1302,0,0,0,1,0
21,-107,5.046,50,801233,31,-69,9,-4302,0,0,0,0,0,24,2261,-166,-1302,0,0,0,1,0
21,-107,5.103,51,801289,31,-69,9,-4302,0,0,0,0,0,24,2261,-166,-1302,0,0,0,1,0
21,-107,5.166,52,801347,31,-69,9,-4302,0,0,0,0,0,24,2261,-166,-1302,0,0,0,1,0
21,-107,5.27,54,801457,31,-69,9,-4302,0,0,0,0,0,24,2261,-166,-1302,0,0,0,1,0
21,-107,5.446,57,801626,31,-69,9,-4302,0,0,0,0,0,24,2261,-166,-1302,0,0,0,1,0
21,-107,5.49,58,801678,31,-69,9,-4302,0,0,0,0,0,24,2261,-166,-1302,0,0,0,1,0
21,-107,5.546,59,801733,31,-69,9,-4302,0,0,0,0,0,24,2261,-166,-1302,0,0,0,1,0
21,-107,5.603,60,801789,31,-69,9,-4302,0,0,0,0,0,24,2261,-166,-1302,0,0,0,1,0
21,-107,5.658,61,801845,31,-69,9,-4302,0,0,0,0,0,24,2261,-166,-1302,0,0,0,1,0
21,-107,5.714,62,801902,31,-69,9,-4302,0,0,0,0,0,24,2261,-166,-1302,0,0,0,1,0
21,-107,5.77,63,801957,31,-69,9,-4302,0,0,0,0,0,24,2261,-166,-1302,0,0,0,1,0
21,-107,5.882,65,802069,31,-69,9,-4302,0,0,0,0,0,24,2261,-166,-1302,0,0,0,1,0
21,-107,6.05,68,802237,31,-69,9,-4302,0,0,0,0,0,24,2261,-166,-1302,0,0,0,1,0
21,-107,6.107,69,802293,31,-69,9,-4302,0,0,0,0,0,24,2261,-166,-1302,0,0,0,1,0
21,-107,6.163,70,802349,31,-69,9,-4302,0,0,0,0,0,24,2261,-166,-1302,0,0,0,1,0
21,-107,6.22,71,802406,31,-69,9,-4302,0,0,0,0,0,24,2261,-166,-1302,0,0,0,1,0
21,-107,6.274,72,802461,31,-69,9,-4302,0,0,0,0,0,24,2261,-166,-1302,0,0,0,1,0
21,-107,6.329,73,802517,31,-69,9,-4302,0,0,0,0,0,24,2261,-166,-1302,0,0,0,1,0
21,-107,6.386,74,802573,31,-69,9,-4302,0,0,0,0,0,24,2261,-166,-1302,0,0,0,1,0
21,-107,6.507,76,802685,31,-69,9,-4302,0,0,0,0,0,24,2261,-166,-1302,0,0,0,1,0
21,-107,6.719,80,802905,31,-69,9,-4302,0,0,0,0,0,24,2261,-166,-1302,0,0,0,1,0
21,-107,6.774,81,802961,31,-69,9,-4302,0,0,0,0,0,24,2261,-166,-1302,0,0,0,1,0
21,-107,6.829,82,803017,31,-69,9,-4302,0,0,0,0,0,24,2261,-166,-1302,0,0,0,1,0
21,-107,6.886,83,803073,31,-69,9,-4302,0,0,0,0,0,24,2261,-166,-1302,0,0,0,1,0
21,-107,6.998,85,803186,31,-69,9,-4302,0,0,0,0,0,24,2261,-166,-1302,0,0,0,1,0
21,-107,7.055,86,803241,31,-69,9,-4302,0,0,0,0,0,24,2261,-166,-1302,0,0,0,1,0
21,-107,7.11,87,803297,31,-69,9,-4302,0,0,0,0,0,24,2261,-166,-1302,0,0,0,1,0
21,-107,7.166,88,803353,31,-69,9,-4302,0,0,0,0,0,24,2261,-166,-1302,0,0,0,1,0
21,-107,7.279,90,803465,31,-69,9,-4302,0,0,0,0,0,24,2261,-166,-1302,0,0,0,1,0
21,-107,7.334,91,803521,31,-69,9,-4302,0,0,0,0,0,24,2261,-166,-1302,0,0,0,1,0
21,-107,7.391,92,803577,31,-69,9,-4302,0,0,0,0,0,24,2261,-166,-1302,0,0,0,1,0
21,-107,7.447,93,803633,31,-69,9,-4302,0,0,0,0,0,24,2261,-166,-1302,0,0,0,1,0
21,-107,7.502,94,803689,31,-69,9,-4302,0,0,0,0,0,24,2261,-166,-1302,0,0,0,1,0
21,-107,7.567,95,803745,31,-69,9,-4302,0,0,0,0,0,24,2261,-166,-1302,0,0,0,1,0
21,-107,7.61,96,803797,31,-69,9,-4302,0,0,0,0,0,24,2261,-166,-1302,0,0,0,1,0
21,-107,7.666,97,803853,31,-69,9,-4302,0,0,0,0,0,24,2261,-166,-1302,0,0,0,1,0
21,-107,7.722,98,803909,31,-69,9,-4302,0,0,0,0,0,24,2261,-166,-1302,0,0,0,1,0
21,-107,7.89,101,804078,31,-69,9,-4302,0,0,0,0,0,24,2261,-166,-1302,0,0,0,1,0
21,-107,7.946,102,804133,31,-69,9,-4302,0,0,0,0,0,24,2261,-166,-1302,0,0,0,1,0
21,-107,8.002,103,804189,31,-69,9,-4302,0,0,0,0,0,24,2261,-166,-1302,0,0,0,1,0
21,-107,8.058,104,804245,31,-69,9,-4302,0,0,0,0,0,24,2261,-166,-1302,0,0,0,1,0
21,-107,8.114,105,804302,31,-69,9,-4302,0,0,0,0,0,24,2261,-166,-1302,0,0,0,1,0
21,-107,8.17,106,804357,31,-69,9,-4302,0,0,0,0,0,24,2261,-166,-1302,0,0,0,1,0
21,-107,8.226,107,804413,31,-69,9,-4302,0,0,0,0,0,24,2261,-166,-1302,0,0,0,1,0
21,-107,8.338,109,804526,31,-69,9,-4302,0,0,0,0,0,24,2261,-166,-1302,0,0,0,1,0
21,-107,8.506,112,804694,31,-69,9,-4302,0,0,0,0,0,24,2261,-166,-1302,0,0,0,1,0
21,-107,8.562,113,804749,31,-69,9,-4302,0,0,0,0,0,24,2261,-166,-1302,0,0,0,1,0
21,-107,8.626,114,804805,31,-69,9,-4302,0,0,0,0,0,24,2261,-166,-1302,0,0,0,1,0
21,-107,8.67,115,804857,31,-69,9,-4302,0,0,0,0,0,24,2261,-166,-1302,0,0,0,1,0
21,-107,8.726,116,804913,31,-69,9,-4302,0,0,0,0,0,24,2261,-166,-1302,0,0,0,1,0
21,-107,8.838,118,805025,31,-69,9,-4302,0,0,0,0,0,24,2261,-166,-1302,0,0,0,1,0
21,-107,8.894,119,805081,31,-69,9,-4302,0,0,0,0,0,24,2261,-166,-1302,0,0,0,1,0
21,-107,8.95,120,805137,31,-69,9,-4302,0,0,0,0,0,24,2261,-166,-1302,0,0,0,1,0
21,-107,9.063,122,805249,31,-69,9,-4302,0,0,0,0,0,24,2261,-166,-1302,0,0,0,1,0
21,-107,9.119,123,805305,31,-69,9,-4302,0,0,0,0,0,24,2261,-166,-1302,0,0,0,1,0
21,-107,9.175,124,805361,31,-69,9,-4302,0,0,0,0,0,24,2261,-166,-1302,0,0,0,1,0
21,-107,9.286,126,805474,31,-69,9,-4302,0,0,0,0,0,24,2261,-166,-1302,0,0,0,1,0
21,-107,9.342,127,805529,31,-69,9,-4302,0,0,0,0,0,24,2261,-166,-1302,0,0,0,1,0
21,-107,9.397,0,805585,31,-69,9,-4302,0,0,0,0,0,24,2261,-166,-1302,0,0,0,1,0
21,-107,9.455,1,805641,31,-69,9,-4302,0,0,0,0,0,24,2261,-166,-1302,0,0,0,1,0
21,-107,9.509,2,805697,31,-69,9,-4302,0,0,0,0,0,24,2261,-166,-1302,0,0,0,1,0
21,-107,9.567,3,805753,31,-69,9,-4302,0,0,0,0,0,24,2261,-166,-1302,0,0,0,1,0
21,-107,9.623,4,805809,31,-69,9,-4302,0,0,0,0,0,24,2261,-166,-1302,0,0,0,1,0
21,-107,9.786,7,805973,31,-69,9,-4302,0,0,0,0,0,24,2261,-166,-1302,0,0,0,1,0
21,-107,9.841,8,806029,31,-69,9,-4302,0,0,0,0,0,24,2261,-166,-1302,0,0,0,1,0
21,-107,9.898,9,806085,31,-69,9,-4302,0,0,0,0,0,24,2261,-166,-1302,0,0,0,1,0
21,-107,9.954,10,806141,31,-69,9,-4302,0,0,0,0,0,24,2261,-166,-1302,0,0,0,1,0
21,-107,10.01,11,806197,31,-69,9,-4302,0,0,0,0,0,24,2261,-166,-1302,0,0,0,1,0
21,-107,10.067,12,806254,31,-69,9,-4302,0,0,0,0,0,24,2261,-166,-1302,0,0,0,1,0
21,-107,10.122,13,806309,31,-69,9,-4302,0,0,0,0,0,24,2261,-166,-1302,0,0,0,1,0
21,-107,10.178,14,806365,31,-69,9,-4302,0,0,0,0,0,24,2261,-166,-1302,0,0,0,1,0
21,-107,10.234,15,806421,31,-69,9,-4302,0,0,0,0,0,24,2261,-166,-1302,0,0,0,1,0
21,-107,10.291,16,806477,31,-69,9,-4302,0,0,0,0,0,24,2261,-166,-1302,0,0,0,1,0
21,-107,10.401,18,806589,31,-69,9,-4302,0,0,0,0,0,24,2261,-166,-1302,0,0,0,1,0
21,-107,10.514,20,806702,31,-69,9,-4302,0,0,0,0,0,24,2261,-166,-1302,0,0,0,1,0
21,-107,10.57,21,806757,31,-69,9,-4302,0,0,0,0,0,24,2261,-166,-1302,0,0,0,1,0
21,-107,10.626,22,806813,31,-69,9,-4302,0,0,0,0,0,24,2261,-166,-1302,0,0,0,1,0
21,-107,10.683,23,806869,31,-69,9,-4302,0,0,0,0,0,24,2261,-166,-1302,0,0,0,1,0
21,-107,10.747,24,806925,31,-69,9,-4302,0,0,0,0,0,24,2261,-166,-1302,0,0,0,1,0
21,-107,10.791,25,806977,31,-69,9,-4302,0,0,0,0,0,24,2261,-166,-1302,0,0,0,1,0
21,-107,10.848,26,807034,31,-69,9,-4302,0,0,0,0,0,24,2261,-166,-1302,0,0,0,1,0
21,-107,10.902,27,807089,31,-69,9,-4302,0,0,0,0,0,24,2261,-166,-1302,0,0,0,1,0
21,-107,11.07,30,807257,31,-69,9,-4302,0,0,0,0,0,24,2261,-166,-1302,0,0,0,1,0
21,-107,11.238,33,807425,31,-69,9,-4302,0,0,0,0,0,24,2261,-166,-1302,0,0,0,1,0
21,-107,11.294,34,807481,31,-69,9,-4302,0,0,0,0,0,24,2261,-166,-1302,0,0,0,1,0
21,-107,11.518,38,807705,31,-69,9,-4302,0,0,0,0,0,24,2261,-166,-1302,0,0,0,1,0
21,-107,11.686,41,807873,31,-69,9,-4302,0,0,0,0,0,24,2261,-166,-1302,0,0,0,1,0
21,-107,11.742,42,807929,31,-69,9,-4302,0,0,0,0,0,24,2261,-166,-1302,0,0,0,1,0
21,-107,11.905,45,808093,31,-69,9,-4302,0,0,0,0,0,24,2261,-166,-1302,0,0,0,1,0
21,-107,11.962,46,808149,31,-69,9,-4302,0,0,0,0,0,24,2261,-166,-1302,0,0,0,1,0
21,-107,12.018,47,808205,31,-69,9,-4302,0,0,0,0,0,24,2261,-166,-1302,0,0,0,1,0
21,-107,12.297,52,808485,31,-69,9,-4302,0,0,0,0,0,24,2261,-166,-1302,0,0,0,1,0
21,-107,12.354,53,808542,31,-69,9,-4302,0,0,0,0,0,24,2261,-166,-1302,0,0,0,1,0
21,-107,12.41,54,808597,31,-69,9,-4302,0,0,0,0,0,24,2261,-166,-1302,0,0,0,1,0
21,-107,12.465,55,808653,31,-69,9,-4302,0,0,0,0,0,24,2261,-166,-1302,0,0,0,1,0
21,-107,12.522,56,808709,31,-69,9,-4302,0,0,0,0,0,24,2261,-166,-1302,0,0,0,1,0
21,-107,12.578,57,808765,31,-69,9,-4302,0,0,0,0,0,24,2261,-166,-1302,0,0,0,1,0
21,-107,12.633,58,808821,31,-69,9,-4302,0,0,0,0,0,24,2261,-166,-1302,0,0,0,1,0
21,-107,12.746,60,808933,31,-69,9,-4302,0,0,0,0,0,24,2261,-166,-1302,0,0,0,1,0
21,-107,12.866,62,809045,31,-69,9,-4302,0,0,0,0,0,24,2261,-166,-1302,0,0,0,1,0
21,-107,12.966,64,809153,31,-69,9,-4302,0,0,0,0,0,24,2261,-166,-1302,0,0,0,1,0
21,-107,13.078,66,809265,31,-69,9,-4302,0,0,0,0,0,24,2261,-166,-1302,0,0,0,1,0
21,-107,13.134,67,809322,31,-69,9,-4302,0,0,0,0,0,24,2261,-166,-1302,0,0,0,1,0
21,-107,13.19,68,809377,31,-69,9,-4302,0,0,0,0,0,24,2261,-166,-1302,0,0,0,1,0
21,-107,13.246,69,809433,31,-69,9,-4302,0,0,0,0,0,24,2261,-166,-1302,0,0,0,1,0
21,-107,13.358,71,809545,31,-69,9,-4302,0,0,0,0,0,24,2261,-166,-1302,0,0,0,1,0
22,107,-0.033,1,819922,31,-69,9,-4302,0,0,0,0,0,24,2261,-166,-1302,0,0,0,1,0
22,107,0.023,2,819977,31,-69,9,-4302,0,0,0,0,0,24,2261,-166,-1302,0,0,0,1,0
22,107,0.079,3,820034,31,-69,9,-4302,0,0,0,0,0,24,2261,-166,-1302,0,0,0,1,0
22,107,0.135,4,820089,31,-69,9,-4302,0,0,0,0,0,24,2261,-166,-1302,0,0,0,1,0
22,107,0.191,5,820145,31,-69,9,-4302,0,0,0,0,0,24,2261,-166,-1302,0,0,0,1,0
22,107,0.306,7,820257,31,-69,9,-4302,0,0,0,0,0,24,2261,-166,-1302,0,0,0,1,0
22,107,0.359,8,820313,31,-69,9,-4302,0,0,0,0,0,24,2261,-166,-1302,0,0,0,1,0
22,107,0.416,9,820369,31,-69,9,-4302,0,0,0,0,0,24,2261,-166,-1302,0,0,0,1,0
22,107,0.471,10,820425,31,-69,9,-4302,0,0,0,0,0,24,2261,-166,-1302,0,0,0,1,0
22,107,0.528,11,820481,31,-69,9,-4302,0,0,0,0,0,24,2261,-166,-1302,0,0,0,1,0
22,107,0.586,12,820537,31,-69,9,-4302,0,0,0,0,0,24,2261,-166,-1302,0,0,0,1,0
22,107,0.639,13,820593,31,-69,9,-4302,0,0,0,0,0,24,2261,-166,-1302,0,0,0,1,0
22,107,0.695,14,820649,31,-69,9,-4302,0,0,0,0,0,24,2261,-166,-1302,0,0,0,1,0
22,107,0.759,15,820705,31,-69,9,-4302,0,0,0,0,0,24,2261,-166,-1302,0,0,0,1,0
22,107,0.915,18,820869,31,-69,9,-4302,0,0,0,0,0,24,2261,-166,-1302,0,0,0,1,0
22,107,0.971,19,820925,31,-69,9,-4302,0,0,0,0,0,24,2261,-166,-1302,0,0,0,1,0
22,107,1.083,21,821037,31,-69,9,-4302,0,0,0,0,0,24,2261,-166,-1302,0,0,0,1,0
22,107,1.251,24,821205,31,-69,9,-4302,0,0,0,0,0,24,2261,-166,-1302,0,0,0,1,0
22,107,1.307,25,821261,31,-69,9,-4302,0,0,0,0,0,24,2261,-166,-1302,0,0,0,1,0
22,107,1.363,26,821317,31,-69,9,-4302,0,0,0,0,0,24,2261,-166,-1302,0,0,0,1,0
22,107,1.419,27,821373,31,-69,9,-4302,0,0,0,0,0,24,2261,-166,-1302,0,0,0,1,0
22,107,1.475,28,821429,31,-69,9,-4302,0,0,0,0,0,24,2261,-166,-1302,0,0,0,1,0
22,107,1.531,29,821485,31,-69,9,-4302,0,0,0,0,0,24,2261,-166,-1302,0,0,0,1,0
22,107,1.587,30,821542,31,-69,9,-4302,0,0,0,0,0,24,2261,-166,-1302,0,0,0,1,0
22,107,1.699,32,821653,31,-69,9,-4302,0,0,0,0,0,24,2261,-166,-1302,0,0,0,1,0
22,107,1.755,33,821709,31,-69,9,-4302,0,0,0,0,0,24,2261,-166,-1302,0,0,0,1,0
22,107,1.819,34,821765,31,-69,9,-4302,0,0,0,0,0,24,2261,-166,-1302,0,0,0,1,0
22,107,1.975,37,821929,31,-69,9,-4302,0,0,0,0,0,24,2261,-166,-1302,0,0,0,1,0
22,107,2.087,39,822041,31,-69,9,-4302,0,0,0,0,0,24,2261,-166,-1302,0,0,0,1,0
22,107,2.311,43,822265,31,-69,9,-4302,0,0,0,0,0,24,2261,-166,-1302,0,0,0,1,0
22,107,2.367,44,822322,31,-69,9,-4302,0,0,0,0,0,24,2261,-166,-1302,0,0,0,1,0
22,107,2.423,45,822377,31,-69,9,-4302,0,0,0,0,0,24,2261,-166,-1302,0,0,0,1,0
22,107,2.478,46,822433,31,-69,9,-4302,0,0,0,0,0,24,2261,-166,-1302,0,0,0,1,0
22,107,2.535,47,822490,31,-69,9,-4302,0,0,0,0,0,24,2261,-166,-1302,0,0,0,1,0
22,107,2.591,48,822545,31,-69,9,-4302,0,0,0,0,0,24,2261,-166,-1302,0,0,0,1,0
22,107,2.648,49,822602,31,-69,9,-4302,0,0,0,0,0,24,2261,-166,-1302,0,0,0,1,0
22,107,2.703,50,822657,31,-69,9,-4302,0,0,0,0,0,24,2261,-166,-1302,0,0,0,1,0
22,107,2.815,52,822769,31,-69,9,-4302,0,0,0,0,0,24,2261,-166,-1302,0,0,0,1,0
22,107,2.873,53,822825,31,-69,9,-4302,0,0,0,0,0,24,2261,-166,-1302,0,0,0,1,0
22,107,2.924,54,822877,31,-69,9,-4302,0,0,0,0,0,24,2261,-166,-1302,0,0,0,1,0
22,107,2.978,55,822933,31,-69,9,-4302,0,0,0,0,0,24,2261,-166,-1302,0,0,0,1,0
22,107,3.035,56,822989,31,-69,9,-4302,0,0,0,0,0,24,2261,-166,-1302,0,0,0,1,0
22,107,3.103,57,823058,31,-69,9,-4302,0,0,0,0,0,24,2262,-166,-1302,-800,800,0,1,0
22,107,3.176,58,823129,31,-69,9,-4101,0,0,0,-46,36,25,2265,-194,-1277,-1100,1100,0,1,0
22,107,3.249,59,823202,31,-69,9,-3753,0,0,0,-75,46,25,2268,-250,-1241,-1300,1300,0,1,0
22,107,3.392,61,823345,31,-70,10,-2674,0,0,0,-108,88,25,2274,-405,-1111,-1800,2000,0,1,0
22,107,3.537,63,823489,31,-71,7,-746,0,0,0,-180,-2827,25,2280,-666,-863,-1500,300,0,1,0
22,107,3.611,64,823561,31,-71,8,265,0,0,0,-164,154,25,2283,-811,-741,-2300,2600,0,1,0
22,107,3.758,66,823705,31,-72,7,2590,0,0,0,-174,154,25,2289,-1125,-441,-2100,2500,0,1,0
22,107,3.827,67,823778,31,-72,8,3715,0,0,0,-154,157,25,2292,-1269,-288,-2000,2500,0,1,0
22,107,3.968,69,823921,31,-71,8,5836,0,0,0,-118,124,25,2298,-1541,0,-600,1100,0,1,0
22,107,4.047,70,824002,31,-71,8,6214,0,0,0,0,0,25,2303,-1591,50,0,0,0,1,0
22,107,4.18,72,824125,31,-71,8,6214,0,0,0,0,0,25,2308,-1591,50,0,0,0,1,0
22,107,4.315,74,824269,31,-71,8,6214,0,0,0,0,0,25,2314,-1591,50,0,0,0,1,0
22,107,4.459,76,824413,31,-71,8,6214,0,0,0,0,0,25,2320,-1591,50,0,0,0,1,0
22,107,4.531,77,824485,31,-71,8,6214,0,0,0,0,0,25,2323,-1591,50,0,0,0,1,0
22,107,4.675,79,824629,31,-71,8,6214,0,0,0,0,0,25,2329,-1591,50,0,0,0,1,0
22,107,4.73,80,824686,31,-71,8,6214,0,0,0,0,0,25,2330,-1591,50,0,0,0,1,0
22,107,4.786,81,824741,31,-71,8,6214,0,0,0,0,0,25,2330,-1591,50,0,0,0,1,0
22,107,4.843,82,824797,31,-71,8,6214,0,0,0,0,0,25,2330,-1591,50,0,0,0,1,0
22,107,4.954,84,824910,31,-71,8,6214,0,0,0,0,0,25,2330,-1591,50,0,0,0,1,0
22,107,5.177,88,825133,31,-71,8,6214,0,0,0,0,0,25,2330,-1591,50,0,0,0,1,0
22,107,5.29,90,825245,31,-71,8,6214,0,0,0,0,0,25,2330,-1591,50,0,0,0,1,0
22,107,5.399,92,825354,31,-71,8,6214,0,0,0,0,0,25,2330,-1591,50,0,0,0,1,0
22,107,5.623,96,825577,31,-71,8,6214,0,0,0,0,0,25,2330,-1591,50,0,0,0,1,0
22,107,5.734,98,825689,31,-71,8,6214,0,0,0,0,0,25,2330,-1591,50,0,0,0,1,0
22,107,5.791,99,825746,31,-71,8,6214,0,0,0,0,0,25,2330,-1591,50,0,0,0,1,0
22,107,5.903,101,825858,31,-71,8,6214,0,0,0,0,0,25,2330,-1591,50,0,0,0,1,0
22,107,5.959,102,825913,31,-71,8,6214,0,0,0,0,0,25,2330,-1591,50,0,0,0,1,0
22,107,6.014,103,825969,31,-71,8,6214,0,0,0,0,0,25,2330,-1591,50,0,0,0,1,0
22,107,6.071,104,826025,31,-71,8,6214,0,0,0,0,0,25,2330,-1591,50,0,0,0,1,0
22,107,6.183,106,826137,31,-71,8,6214,0,0,0,0,0,25,2330,-1591,50,0,0,0,1,0
22,107,6.294,108,826249,31,-71,8,6214,0,0,0,0,0,25,2330,-1591,50,0,0,0,1,0
22,107,6.414,110,826362,31,-71,8,6214,0,0,0,0,0,25,2330,-1591,50,0,0,0,1,0
22,107,6.457,111,826413,31,-71,8,6214,0,0,0,0,0,25,2330,-1591,50,0,0,0,1,0
22,107,6.517,112,826469,31,-71,8,6214,0,0,0,0,0,25,2330,-1591,50,0,0,0,1,0
22,107,6.571,113,826525,31,-71,8,6214,0,0,0,0,0,25,2330,-1591,50,0,0,0,1,0
22,107,6.628,114,826582,31,-71,8,6214,0,0,0,0,0,25,2330,-1591,50,0,0,0,1,0
22,107,6.683,115,826638,31,-71,8,6214,0,0,0,0,0,25,2330,-1591,50,0,0,0,1,0
22,107,6.8,117,826749,31,-71,8,6214,0,0,0,0,0,25,2330,-1591,50,0,0,0,1,0
22,107,6.85,118,826805,31,-71,8,6214,0,0,0,0,0,25,2330,-1591,50,0,0,0,1,0
22,107,6.962,120,826917,31,-71,8,6214,0,0,0,0,0,25,2330,-1591,50,0,0,0,1,0
22,107,7.02,121,826973,31,-71,8,6214,0,0,0,0,0,25,2330,-1591,50,0,0,0,1,0
22,107,7.073,122,827030,31,-71,8,6214,0,0,0,0,0,25,2330,-1591,50,0,0,0,1,0
22,107,7.129,123,827086,31,-71,8,6214,0,0,0,0,0,25,2330,-1591,50,0,0,0,1,0
22,107,7.243,125,827197,31,-71,8,6214,0,0,0,0,0,25,2330,-1591,50,0,0,0,1,0
22,107,7.299,126,827253,31,-71,8,6214,0,0,0,0,0,25,2330,-1591,50,0,0,0,1,0
22,107,7.409,0,827366,31,-71,8,6214,0,0,0,0,0,25,2330,-1591,50,0,0,0,1,0
22,107,7.574,3,827529,31,-71,8,6214,0,0,0,0,0,25,2330,-1591,50,0,0,0,1,0
22,107,7.634,4,827585,31,-71,8,6214,0,0,0,0,0,25,2330,-1591,50,0,0,0,1,0
22,107,7.686,5,827641,31,-71,8,6214,0,0,0,0,0,25,2330,-1591,50,0,0,0,1,0
22,107,7.742,6,827697,31,-71,8,6214,0,0,0,0,0,25,2330,-1591,50,0,0,0,1,0
22,107,7.798,7,827754,31,-71,8,6214,0,0,0,0,0,25,2330,-1591,50,0,0,0,1,0
22,107,7.854,8,827809,31,-71,8,6214,0,0,0,0,0,25,2330,-1591,50,0,0,0,1,0
22,107,7.91,9,827866,31,-71,8,6214,0,0,0,0,0,25,2330,-1591,50,0,0,0,1,0
22,107,8.022,11,827977,31,-71,8,6214,0,0,0,0,0,25,2330,-1591,50,0,0,0,1,0
22,107,8.078,12,828033,31,-71,8,6214,0,0,0,0,0,25,2330,-1591,50,0,0,0,1,0
22,107,8.191,14,828146,31,-71,8,6214,0,0,0,0,0,25,2330,-1591,50,0,0,0,1,0
22,107,8.246,15,828202,31,-71,8,6214,0,0,0,0,0,25,2330,-1591,50,0,0,0,1,0
22,107,8.302,16,828257,31,-71,8,6214,0,0,0,0,0,25,2330,-1591,50,0,0,0,1,0
22,107,8.359,17,828314,31,-71,8,6214,0,0,0,0,0,25,2330,-1591,50,0,0,0,1,0
22,107,8.415,18,828370,31,-71,8,6214,0,0,0,0,0,25,2330,-1591,50,0,0,0,1,0
22,107,8.476,19,828425,31,-71,8,6214,0,0,0,0,0,25,2330,-1591,50,0,0,0,1,0
22,107,8.537,20,828481,31,-71,8,6214,0,0,0,0,0,25,2330,-1591,50,0,0,0,1,0
22,107,8.579,21,828533,31,-71,8,6214,0,0,0,0,0,25,2330,-1591,50,0,0,0,1,0
22,107,8.635,22,828589,31,-71,8,6214,0,0,0,0,0,25,2330,-1591,50,0,0,0,1,0
22,107,8.69,23,828645,31,-71,8,6214,0,0,0,0,0,25,2330,-1591,50,0,0,0,1,0
22,107,8.804,25,828758,31,-71,8,6214,0,0,0,0,0,25,2330,-1591,50,0,0,0,1,0
22,107,8.858,26,828813,31,-71,8,6214,0,0,0,0,0,25,2330,-1591,50,0,0,0,1,0
22,107,8.914,27,828869,31,-71,8,6214,0,0,0,0,0,25,2330,-1591,50,0,0,0,1,0
22,107,8.97,28,828926,31,-71,8,6214,0,0,0,0,0,25,2330,-1591,50,0,0,0,1,0
22,107,9.083,30,829038,31,-71,8,6214,0,0,0,0,0,25,2330,-1591,50,0,0,0,1,0
22,107,9.139,31,829093,31,-71,8,6214,0,0,0,0,0,25,2330,-1591,50,0,0,0,1,0
22,107,9.194,32,829149,31,-71,8,6214,0,0,0,0,0,25,2330,-1591,50,0,0,0,1,0
22,107,9.249,33,829206,31,-71,8,6214,0,0,0,0,0,25,2330,-1591,50,0,0,0,1,0
22,107,9.308,34,829262,31,-71,8,6214,0,0,0,0,0,25,2330,-1591,50,0,0,0,1,0
22,107,9.418,36,829373,31,-71,8,6214,0,0,0,0,0,25,2330,-1591,50,0,0,0,1,0
22,107,9.475,37,829429,31,-71,8,6214,0,0,0,0,0,25,2330,-1591,50,0,0,0,1,0
22,107,9.531,38,829485,31,-71,8,6214,0,0,0,0,0,25,2330,-1591,50,0,0,0,1,0
22,107,9.594,39,829541,31,-71,8,6214,0,0,0,0,0,25,2330,-1591,50,0,0,0,1,0
22,107,9.637,40,829594,31,-71,8,6214,0,0,0,0,0,25,2330,-1591,50,0,0,0,1,0
22,107,9.694,41,829650,31,-71,8,6214,0,0,0,0,0,25,2330,-1591,50,0,0,0,1,0
22,107,9.75,42,829706,31,-71,8,6214,0,0,0,0,0,25,2330,-1591,50,0,0,0,1,0
22,107,9.807,43,829761,31,-71,8,6214,0,0,0,0,0,25,2330,-1591,50,0,0,0,1,0
22,107,9.918,45,829873,31,-71,8,6214,0,0,0,0,0,25,2330,-1591,50,0,0,0,1,0
22,107,10.03,47,829985,31,-71,8,6214,0,0,0,0,0,25,2330,-1591,50,0,0,0,1,0
22,107,10.088,48,830042,31,-71,8,6214,0,0,0,0,0,25,2330,-1591,50,0,0,0,1,0
22,107,10.199,50,830153,31,-71,8,6214,0,0,0,0,0,25,2330,-1591,50,0,0,0,1,0
22,107,10.253,51,830209,31,-71,8,6214,0,0,0,0,0,25,2330,-1591,50,0,0,0,1,0
22,107,10.367,53,830321,31,-71,8,6214,0,0,0,0,0,25,2330,-1591,50,0,0,0,1,0
22,107,10.423,54,830378,31,-71,8,6214,0,0,0,0,0,25,2330,-1591,50,0,0,0,1,0
22,107,10.534,56,830490,31,-71,8,6214,0,0,0,0,0,25,2330,-1591,50,0,0,0,1,0
22,107,10.699,59,830653,31,-71,8,6214,0,0,0,0,0,25,2330,-1591,50,0,0,0,1,0
22,107,10.81,61,830765,31,-71,8,6214,0,0,0,0,0,25,2330,-1591,50,0,0,0,1,0
22,107,10.922,63,830878,31,-71,8,6214,0,0,0,0,0,25,2330,-1591,50,0,0,0,1,0
22,107,11.0,64,830934,31,-71,8,6214,0,0,0,0,0,25,2330,-1591,50,0,0,0,1,0
22,107,11.036,65,830989,31,-71,8,6214,0,0,0,0,0,25,2330,-1591,50,0,0,0,1,0
22,107,11.091,66,831046,31,-71,8,6214,0,0,0,0,0,25,2330,-1591,50,0,0,0,1,0
22,107,11.146,67,831102,31,-71,8,6214,0,0,0,0,0,25,2330,-1591,50,0,0,0,1,0
22,107,11.202,68,831157,31,-71,8,6214,0,0,0,0,0,25,2330,-1591,50,0,0,0,1,0
22,107,11.314,70,831269,31,-71,8,6214,0,0,0,0,0,25,2330,-1591,50,0,0,0,1,0
22,107,11.371,71,831326,31,-71,8,6214,0,0,0,0,0,25,2330,-1591,50,0,0,0,1,0
22,107,11.482,73,831437,31,-71,8,6214,0,0,0,0,0,25,2330,-1591,50,0,0,0,1,0
22,107,11.538,74,831493,31,-71,8,6214,0,0,0,0,0,25,2330,-1591,50,0,0,0,1,0
22,107,11.597,75,831549,31,-71,8,6214,0,0,0,0,0,25,2330,-1591,50,0,0,0,1,0
22,107,11.651,76,831605,31,-71,8,6214,0,0,0,0,0,25,2330,-1591,50,0,0,0,1,0
22,107,11.715,77,831662,31,-71,8,6214,0,0,0,0,0,25,2330,-1591,50,0,0,0,1,0
22,107,11.815,79,831770,31,-71,8,6214,0,0,0,0,0,25,2330,-1591,50,0,0,0,1,0
22,107,11.982,82,831937,31,-71,8,6214,0,0,0,0,0,25,2330,-1591,50,0,0,0,1,0
22,107,12.038,83,831994,31,-71,8,6214,0,0,0,0,0,25,2330,-1591,50,0,0,0,1,0
22,107,12.094,84,832049,31,-71,8,6214,0,0,0,0,0,25,2330,-1591,50,0,0,0,1,0
22,107,12.151,85,832105,31,-71,8,6214,0,0,0,0,0,25,2330,-1591,50,0,0,0,1,0
22,107,12.207,86,832162,31,-71,8,6214,0,0,0,0,0,25,2330,-1591,50,0,0,0,1,0
22,107,12.263,87,832218,31,-71,8,6214,0,0,0,0,0,25,2330,-1591,50,0,0,0,1,0
22,107,12.319,88,832273,31,-71,8,6214,0,0,0,0,0,25,2330,-1591,50,0,0,0,1,0
22,107,12.375,89,832329,31,-71,8,6214,0,0,0,0,0,25,2330,-1591,50,0,0,0,1,0
22,107,12.431,90,832386,31,-71,8,6214,0,0,0,0,0,25,2330,-1591,50,0,0,0,1,0
22,107,12.542,92,832497,31,-71,8,6214,0,0,0,0,0,25,2330,-1591,50,0,0,0,1,0
22,107,12.655,94,832610,31,-71,8,6214,0,0,0,0,0,25,2330,-1591,50,0,0,0,1,0
22,107,12.71,95,832665,31,-71,8,6214,0,0,0,0,0,25,2330,-1591,50,0,0,0,1,0
22,107,12.774,96,832722,31,-71,8,6214,0,0,0,0,0,25,2330,-1591,50,0,0,0,1,0
22,107,12.818,97,832774,31,-71,8,6214,0,0,0,0,0,25,2330,-1591,50,0,0,0,1,0
22,107,12.874,98,832829,31,-71,8,6214,0,0,0,0,0,25,2330,-1591,50,0,0,0,1,0
22,107,12.93,99,832885,31,-71,8,6214,0,0,0,0,0,25,2330,-1591,50,0,0,0,1,0
22,107,13.043,101,832998,31,-71,8,6214,0,0,0,0,0,25,2330,-1591,50,0,0,0,1,0
22,107,13.157,103,833109,31,-71,8,6214,0,0,0,0,0,25,2330,-1591,50,0,0,0,1,0
22,107,13.215,104,833165,31,-71,8,6214,0,0,0,0,0,25,2330,-1591,50,0,0,0,1,0
22,107,13.272,105,833221,31,-71,8,6214,0,0,0,0,0,25,2330,-1591,50,0,0,0,1,0
22,107,13.323,106,833277,31,-71,8,6214,0,0,0,0,0,25,2330,-1591,50,0,0,0,1,0
22,107,13.38,107,833333,31,-71,8,6214,0,0,0,0,0,25,2330,-1591,50,0,0,0,1,0
22,107,13.438,108,833389,31,-71,8,6214,0,0,0,0,0,25,2330,-1591,50,0,0,0,1,0
22,107,13.491,109,833446,31,-71,8,6214,0,0,0,0,0,25,2330,-1591,50,0,0,0,1,0
22,107,13.546,110,833502,31,-71,8,6214,0,0,0,0,0,25,2330,-1591,50,0,0,0,1,0
22,107,13.658,112,833613,31,-71,8,6214,0,0,0,0,0,25,2330,-1591,50,0,0,0,1,0
22,107,13.771,114,833725,31,-71,8,6214,0,0,0,0,0,25,2330,-1591,50,0,0,0,1,0
22,107,13.879,116,833834,31,-71,8,6214,0,0,0,0,0,25,2330,-1591,50,0,0,0,1,0
22,107,13.934,117,833890,31,-71,8,6214,0,0,0,0,0,25,2330,-1591,50,0,0,0,1,0
22,107,13.991,118,833945,31,-71,8,6214,0,0,0,0,0,25,2330,-1591,50,0,0,0,1,0
22,107,14.047,119,834002,31,-71,8,6214,0,0,0,0,0,25,2330,-1591,50,0,0,0,1,0
22,107,14.103,120,834057,31,-71,8,6214,0,0,0,0,0,25,2330,-1591,50,0,0,0,1,0
22,107,14.27,123,834225,31,-71,8,6214,0,0,0,0,0,25,2330,-1591,50,0,0,0,1,0
22,107,14.326,124,834282,31,-71,8,6214,0,0,0,0,0,25,2330,-1591,50,0,0,0,1,0
22,107,14.494,127,834449,31,-71,8,6214,0,0,0,0,0,25,2330,-1591,50,0,0,0,1,0
22,107,14.606,1,834561,31,-71,8,6214,0,0,0,0,0,25,2330,-1591,50,0,0,0,1,0
22,107,14.663,2,834617,31,-71,8,6214,0,0,0,0,0,25,2330,-1591,50,0,0,0,1,0
22,107,14.72,3,834673,31,-71,8,6214,0,0,0,0,0,25,2330,-1591,50,0,0,0,1,0
22,107,14.775,4,834730,31,-71,8,6214,0,0,0,0,0,25,2330,-1591,50,0,0,0,1,0
22,107,14.897,6,834841,31,-71,8,6214,0,0,0,0,0,25,2330,-1591,50,0,0,0,1,0
22,107,14.942,7,834893,31,-71,8,6214,0,0,0,0,0,25,2330,-1591,50,0,0,0,1,0
22,107,15.109,10,835062,31,-71,8,6214,0,0,0,0,0,25,2330,-1591,50,0,0,0,1,0
23,-180,-0.034,117,848173,31,-71,8,6214,0,0,0,0,0,25,2330,-1591,50,0,0,0,1,0
23,-180,0.021,118,848229,31,-71,8,6214,0,0,0,0,0,25,2330,-1591,50,0,0,0,1,0
23,-180,0.092,119,848297,31,-71,8,6173,0,0,0,14,-17,25,2332,-1586,44,1000,-1000,0,1,0
23,-180,0.164,120,848369,31,-71,8,5938,0,0,0,46,-36,25,2335,-1552,16,1200,-1200,0,1,0
23,-180,0.236,121,848441,31,-71,9,5627,0,0,0,75,-36,25,2338,-1502,-16,1400,-1400,0,1,0
23,-180,0.38,123,848585,31,-70,9,4525,0,0,0,108,-98,25,2344,-1350,-155,2200,-2200,0,1,0
23,-180,0.451,124,848657,31,-70,9,3567,0,0,0,144,-154,25,2347,-1222,-280,2500,-2500,0,1,0
23,-180,0.532,125,848729,31,-70,10,2420,0,0,0,164,-170,25,2350,-1066,-427,2600,-2600,0,1,0
23,-180,0.596,126,848802,31,-70,10,1159,0,0,0,170,-184,25,2353,-900,-594,2500,-2500,0,1,0
23,-180,0.667,127,848873,31,-70,10,-76,0,0,0,174,-184,25,2356,-741,-761,2400,-2400,0,1,0
23,-180,0.739,0,848946,31,-71,10,-1265,0,0,0,164,-164,25,2359,-588,-922,2200,-2400,0,1,0
23,-180,0.885,2,849089,31,-73,10,-3492,0,0,0,154,-174,25,2365,-319,-1241,2100,-2000,0,1,0
23,-180,0.955,3,849161,31,-73,11,-4503,0,0,0,138,-163,25,2368,-194,-1383,2200,-2000,0,1,0
23,-180,1.027,4,849233,31,-73,11,-5533,0,0,0,134,-148,25,2371,-61,-1522,2100,-1800,0,1,0
23,-180,1.098,5,849305,31,-73,11,-6540,0,0,0,147,-144,25,2374,72,-1655,2100,-1900,0,1,0
23,-180,1.172,6,849377,31,-73,11,-7547,0,0,0,144,-144,25,2377,205,-1788,2200,-1900,0,1,0
23,-180,1.315,8,849522,31,-73,11,-9623,0,0,0,154,-137,25,2383,480,-2061,2100,-1800,0,1,0
23,-180,1.499,10,849706,31,-73,10,-11486,0,0,0,0,0,25,2392,733,-2300,0,0,0,1,0
23,-180,1.55,11,849758,31,-73,10,-11486,0,0,0,0,0,25,2394,733,-2300,0,0,0,1,0
23,-180,1.622,12,849830,31,-73,10,-11486,0,0,0,0,0,25,2397,733,-2300,0,0,0,1,0
23,-180,1.912,16,850117,31,-73,10,-11486,0,0,0,0,0,25,2409,733,-2300,0,0,0,1,0
23,-180,1.982,17,850189,31,-73,10,-11486,0,0,0,0,0,25,2412,733,-2300,0,0,0,1,0
23,-180,2.054,18,850262,31,-73,10,-11486,0,0,0,0,0,25,2415,733,-2300,0,0,0,1,0
23,-180,2.342,22,850549,31,-73,10,-11486,0,0,0,0,0,25,2427,733,-2300,0,0,0,1,0
23,-180,2.487,24,850693,31,-73,10,-11486,0,0,0,0,0,25,2433,733,-2300,0,0,0,1,0
23,-180,2.63,26,850837,31,-73,10,-11486,0,0,0,0,0,25,2439,733,-2300,0,0,0,1,0
23,-180,2.702,27,850910,31,-73,10,-11486,0,0,0,0,0,25,2442,733,-2300,0,0,0,1,0
23,-180,2.775,28,850981,31,-73,10,-11486,0,0,0,0,0,25,2445,733,-2300,0,0,0,1,0
23,-180,2.845,29,851053,31,-73,10,-11486,0,0,0,0,0,25,2448,733,-2300,0,0,0,1,0
23,-180,2.918,30,851125,31,-73,10,-11486,0,0,0,0,0,25,2451,733,-2300,0,0,0,1,0
23,-180,3.136,33,851342,31,-73,10,-11486,0,0,0,0,0,25,2460,733,-2300,0,0,0,1,0
23,-180,3.207,34,851414,31,-73,10,-11486,0,0,0,0,0,25,2463,733,-2300,0,0,0,1,0
23,-180,3.352,36,851557,31,-73,10,-11486,0,0,0,0,0,25,2469,733,-2300,0,0,0,1,0
23,-180,3.423,37,851629,31,-73,10,-11486,0,0,0,0,0,25,2472,733,-2300,0,0,0,1,0
23,-180,3.566,39,851773,31,-73,10,-11486,0,0,0,0,0,25,2478,733,-2300,0,0,0,1,0
23,-180,3.855,43,852061,31,-73,10,-11486,0,0,0,0,0,25,2490,733,-2300,0,0,0,1,0
23,-180,3.926,44,852133,31,-73,10,-11486,0,0,0,0,0,25,2493,733,-2300,0,0,0,1,0
23,-180,3.997,45,852206,31,-73,10,-11486,0,0,0,0,0,25,2496,733,-2300,0,0,0,1,0
23,-180,4.071,46,852278,31,-73,10,-11486,0,0,0,0,0,25,2499,733,-2300,0,0,0,1,0
23,-180,4.145,47,852350,31,-73,10,-11486,0,0,0,0,0,25,2502,733,-2300,0,0,0,1,0
23,-180,4.215,48,852421,31,-73,10,-11486,0,0,0,0,0,25,2505,733,-2300,0,0,0,1,0
23,-180,4.286,49,852493,31,-73,10,-11486,0,0,0,0,0,25,2508,733,-2300,0,0,0,1,0
23,-180,4.358,50,852565,31,-73,10,-11486,0,0,0,0,0,25,2511,733,-2300,0,0,0,1,0
23,-180,4.432,51,852638,31,-73,10,-11486,0,0,0,0,0,25,2514,733,-2300,0,0,0,1,0
23,-180,4.504,52,852710,31,-73,10,-11486,0,0,0,0,0,25,2517,733,-2300,0,0,0,1,0
23,-180,4.575,53,852781,31,-73,10,-11486,0,0,0,0,0,25,2520,733,-2300,0,0,0,1,0
23,-180,4.654,54,852853,31,-73,10,-11486,0,0,0,0,0,25,2523,733,-2300,0,0,0,1,0
23,-180,4.719,55,852925,31,-73,10,-11486,0,0,0,0,0,25,2526,733,-2300,0,0,0,1,0
23,-180,4.79,56,852997,31,-73,10,-11486,0,0,0,0,0,25,2529,733,-2300,0,0,0,1,0
23,-180,4.862,57,853069,31,-73,10,-11486,0,0,0,0,0,25,2532,733,-2300,0,0,0,1,0
23,-180,4.935,58,853141,31,-73,10,-11486,0,0,0,0,0,25,2535,733,-2300,0,0,0,1,0
23,-180,5.006,59,853214,31,-73,10,-11486,0,0,0,0,0,25,2538,733,-2300,0,0,0,1,0
23,-180,5.078,60,853286,31,-73,10,-11486,0,0,0,0,0,25,2541,733,-2300,0,0,0,1,0
23,-180,5.149,61,853358,31,-73,10,-11486,0,0,0,0,0,25,2544,733,-2300,0,0,0,1,0
23,-180,5.296,63,853502,31,-73,10,-11486,0,0,0,0,0,25,2550,733,-2300,0,0,0,1,0
23,-180,5.369,64,853574,31,-73,10,-11486,0,0,0,0,0,25,2553,733,-2300,0,0,0,1,0
23,-180,5.439,65,853645,31,-73,10,-11486,0,0,0,0,0,25,2556,733,-2300,0,0,0,1,0
23,-180,5.516,66,853717,31,-73,10,-11486,0,0,0,0,0,25,2559,733,-2300,0,0,0,1,0
23,-180,5.654,68,853861,31,-73,10,-11486,0,0,0,0,0,25,2565,733,-2300,0,0,0,1,0
23,-180,5.798,70,854005,31,-73,10,-11486,0,0,0,0,0,25,2571,733,-2300,0,0,0,1,0
23,-180,6.556,81,854762,31,-73,10,-11486,0,0,0,0,0,25,2598,733,-2300,0,0,0,1,0
23,-180,6.665,83,854874,31,-73,10,-11486,0,0,0,0,0,25,2598,733,-2300,0,0,0,1,0
23,-180,6.723,84,854929,31,-73,10,-11486,0,0,0,0,0,25,2598,733,-2300,0,0,0,1,0
23,-180,6.777,85,854985,31,-73,10,-11486,0,0,0,0,0,25,2598,733,-2300,0,0,0,1,0
23,-180,6.834,86,855041,31,-73,10,-11486,0,0,0,0,0,25,2598,733,-2300,0,0,0,1,0
23,-180,6.891,87,855097,31,-73,10,-11486,0,0,0,0,0,25,2598,733,-2300,0,0,0,1,0
23,-180,6.946,88,855153,31,-73,10,-11486,0,0,0,0,0,25,2598,733,-2300,0,0,0,1,0
23,-180,7.001,89,855210,31,-73,10,-11486,0,0,0,0,0,25,2598,733,-2300,0,0,0,1,0
23,-180,7.115,91,855321,31,-73,10,-11486,0,0,0,0,0,25,2598,733,-2300,0,0,0,1,0
23,-180,7.278,94,855485,31,-73,10,-11486,0,0,0,0,0,25,2598,733,-2300,0,0,0,1,0
23,-180,7.334,95,855541,31,-73,10,-11486,0,0,0,0,0,25,2598,733,-2300,0,0,0,1,0
23,-180,7.389,96,855598,31,-73,10,-11486,0,0,0,0,0,25,2598,733,-2300,0,0,0,1,0
23,-180,7.445,97,855654,31,-73,10,-11486,0,0,0,0,0,25,2598,733,-2300,0,0,0,1,0
23,-180,7.502,98,855709,31,-73,10,-11486,0,0,0,0,0,25,2598,733,-2300,0,0,0,1,0
23,-180,7.557,99,855765,31,-73,10,-11486,0,0,0,0,0,25,2598,733,-2300,0,0,0,1,0
23,-180,7.614,100,855821,31,-73,10,-11486,0,0,0,0,0,25,2598,733,-2300,0,0,0,1,0
23,-180,7.726,102,855933,31,-73,10,-11486,0,0,0,0,0,25,2598,733,-2300,0,0,0,1,0
23,-180,7.949,106,856157,31,-73,10,-11486,0,0,0,0,0,25,2598,733,-2300,0,0,0,1,0
23,-180,8.006,107,856213,31,-73,10,-11486,0,0,0,0,0,25,2598,733,-2300,0,0,0,1,0
23,-180,8.061,108,856269,31,-73,10,-11486,0,0,0,0,0,25,2598,733,-2300,0,0,0,1,0
23,-180,8.119,109,856325,31,-73,10,-11486,0,0,0,0,0,25,2598,733,-2300,0,0,0,1,0
23,-180,8.174,110,856382,31,-73,10,-11486,0,0,0,0,0,25,2598,733,-2300,0,0,0,1,0
23,-180,8.238,111,856438,31,-73,10,-11486,0,0,0,0,0,25,2598,733,-2300,0,0,0,1,0
23,-180,8.282,112,856490,31,-73,10,-11486,0,0,0,0,0,25,2598,733,-2300,0,0,0,1,0
23,-180,8.338,113,856545,31,-73,10,-11486,0,0,0,0,0,25,2598,733,-2300,0,0,0,1,0
23,-180,8.394,114,856602,31,-73,10,-11486,0,0,0,0,0,25,2598,733,-2300,0,0,0,1,0
23,-180,8.506,116,856713,31,-73,10,-11486,0,0,0,0,0,25,2598,733,-2300,0,0,0,1,0
23,-180,8.565,117,856769,31,-73,10,-11486,0,0,0,0,0,25,2598,733,-2300,0,0,0,1,0
23,-180,8.619,118,856826,31,-73,10,-11486,0,0,0,0,0,25,2598,733,-2300,0,0,0,1,0
23,-180,8.673,119,856881,31,-73,10,-11486,0,0,0,0,0,25,2598,733,-2300,0,0,0,1,0
23,-180,8.73,120,856937,31,-73,10,-11486,0,0,0,0,0,25,2598,733,-2300,0,0,0,1,0
23,-180,8.787,121,856993,31,-73,10,-11486,0,0,0,0,0,25,2598,733,-2300,0,0,0,1,0
23,-180,8.897,123,857105,31,-73,10,-11486,0,0,0,0,0,25,2598,733,-2300,0,0,0,1,0
23,-180,8.953,124,857162,31,-73,10,-11486,0,0,0,0,0,25,2598,733,-2300,0,0,0,1,0
23,-180,9.121,127,857330,31,-73,10,-11486,0,0,0,0,0,25,2598,733,-2300,0,0,0,1,0
23,-180,9.179,0,857386,31,-73,10,-11486,0,0,0,0,0,25,2598,733,-2300,0,0,0,1,0
23,-180,9.297,2,857497,31,-73,10,-11486,0,0,0,0,0,25,2598,733,-2300,0,0,0,1,0
23,-180,9.341,3,857549,31,-73,10,-11486,0,0,0,0,0,25,2598,733,-2300,0,0,0,1,0
23,-180,9.402,4,857605,31,-73,10,-11486,0,0,0,0,0,25,2598,733,-2300,0,0,0,1,0
23,-180,9.509,6,857718,31,-73,10,-11486,0,0,0,0,0,25,2598,733,-2300,0,0,0,1,0
23,-180,9.565,7,857773,31,-73,10,-11486,0,0,0,0,0,25,2598,733,-2300,0,0,0,1,0
23,-180,9.621,8,857829,31,-73,10,-11486,0,0,0,0,0,25,2598,733,-2300,0,0,0,1,0
23,-180,9.733,10,857942,31,-73,10,-11486,0,0,0,0,0,25,2598,733,-2300,0,0,0,1,0
23,-180,9.801,11,857999,31,-73,10,-11486,0,0,0,0,0,25,2598,733,-2300,0,0,0,1,0
23,-180,9.841,12,858050,31,-73,10,-11486,0,0,0,0,0,25,2598,733,-2300,0,0,0,1,0
23,-180,9.897,13,858106,31,-73,10,-11486,0,0,0,0,0,25,2598,733,-2300,0,0,0,1,0
23,-180,9.954,14,858161,31,-73,10,-11486,0,0,0,0,0,25,2598,733,-2300,0,0,0,1,0
23,-180,10.009,15,858217,31,-73,10,-11486,0,0,0,0,0,25,2598,733,-2300,0,0,0,1,0
23,-180,10.065,16,858273,31,-73,10,-11486,0,0,0,0,0,25,2598,733,-2300,0,0,0,1,0
23,-180,10.122,17,858329,31,-73,10,-11486,0,0,0,0,0,25,2598,733,-2300,0,0,0,1,0
23,-180,10.177,18,858385,31,-73,10,-11486,0,0,0,0,0,25,2598,733,-2300,0,0,0,1,0
23,-180,10.29,20,858498,31,-73,10,-11486,0,0,0,0,0,25,2598,733,-2300,0,0,0,1,0
23,-180,10.348,21,858553,31,-73,10,-11486,0,0,0,0,0,25,2598,733,-2300,0,0,0,1,0
23,-180,10.621,26,858829,31,-73,10,-11486,0,0,0,0,0,25,2598,733,-2300,0,0,0,1,0
23,-180,10.677,27,858886,31,-73,10,-11486,0,0,0,0,0,25,2598,733,-2300,0,0,0,1,0
23,-180,10.733,28,858942,31,-73,10,-11486,0,0,0,0,0,25,2598,733,-2300,0,0,0,1,0
23,-180,10.901,31,859109,31,-73,10,-11486,0,0,0,0,0,25,2598,733,-2300,0,0,0,1,0
23,-180,10.957,32,859166,31,-73,10,-11486,0,0,0,0,0,25,2598,733,-2300,0,0,0,1,0
23,-180,11.238,37,859445,31,-73,10,-11486,0,0,0,0,0,25,2598,733,-2300,0,0,0,1,0
23,-180,11.293,38,859502,31,-73,10,-11486,0,0,0,0,0,25,2598,733,-2300,0,0,0,1,0
23,-180,11.351,39,859557,31,-73,10,-11486,0,0,0,0,0,25,2598,733,-2300,0,0,0,1,0
23,-180,11.457,41,859665,31,-73,10,-11486,0,0,0,0,0,25,2598,733,-2300,0,0,0,1,0
23,-180,11.513,42,859722,31,-73,10,-11486,0,0,0,0,0,25,2598,733,-2300,0,0,0,1,0
23,-180,11.737,46,859945,31,-73,10,-11486,0,0,0,0,0,25,2598,733,-2300,0,0,0,1,0
23,-180,11.794,47,860002,31,-73,10,-11486,0,0,0,0,0,25,2598,733,-2300,0,0,0,1,0
23,-180,11.849,48,860057,31,-73,10,-11486,0,0,0,0,0,25,2598,733,-2300,0,0,0,1,0
23,-180,11.905,49,860113,31,-73,10,-11486,0,0,0,0,0,25,2598,733,-2300,0,0,0,1,0
23,-180,11.961,50,860170,31,-73,10,-11486,0,0,0,0,0,25,2598,733,-2300,0,0,0,1,0
23,-180,12.02,51,860226,31,-73,10,-11486,0,0,0,0,0,25,2598,733,-2300,0,0,0,1,0
23,-180,12.129,53,860337,31,-73,10,-11486,0,0,0,0,0,25,2598,733,-2300,0,0,0,1,0
23,-180,12.186,54,860393,31,-73,10,-11486,0,0,0,0,0,25,2598,733,-2300,0,0,0,1,0
23,-180,12.353,57,860562,31,-73,10,-11486,0,0,0,0,0,25,2598,733,-2300,0,0,0,1,0
23,-180,12.41,58,860618,31,-73,10,-11486,0,0,0,0,0,25,2598,733,-2300,0,0,0,1,0
23,-180,12.474,59,860673,31,-73,10,-11486,0,0,0,0,0,25,2598,733,-2300,0,0,0,1,0
23,-180,12.517,60,860725,31,-73,10,-11486,0,0,0,0,0,25,2598,733,-2300,0,0,0,1,0
23,-180,12.574,61,860781,31,-73,10,-11486,0,0,0,0,0,25,2598,733,-2300,0,0,0,1,0
23,-180,12.629,62,860837,31,-73,10,-11486,0,0,0,0,0,25,2598,733,-2300,0,0,0,1,0
23,-180,12.686,63,860893,31,-73,10,-11486,0,0,0,0,0,25,2598,733,-2300,0,0,0,1,0
23,-180,12.741,64,860949,31,-73,10,-11486,0,0,0,0,0,25,2598,733,-2300,0,0,0,1,0
23,-180,12.909,67,861117,31,-73,10,-11486,0,0,0,0,0,25,2598,733,-2300,0,0,0,1,0
23,-180,12.966,68,861174,31,-73,10,-11486,0,0,0,0,0,25,2598,733,-2300,0,0,0,1,0
23,-180,13.022,69,861229,31,-73,10,-11486,0,0,0,0,0,25,2598,733,-2300,0,0,0,1,0
23,-180,13.079,70,861285,31,-73,10,-11486,0,0,0,0,0,25,2598,733,-2300,0,0,0,1,0
23,-180,13.133,71,861342,31,-73,10,-11486,0,0,0,0,0,25,2598,733,-2300,0,0,0,1,0
23,-180,13.191,72,861398,31,-73,10,-11486,0,0,0,0,0,25,2598,733,-2300,0,0,0,1,0
23,-180,13.245,73,861454,31,-73,10,-11486,0,0,0,0,0,25,2598,733,-2300,0,0,0,1,0
23,-180,13.359,75,861565,31,-73,10,-11486,0,0,0,0,0,25,2598,733,-2300,0,0,0,1,0
23,-180,13.534,78,861733,31,-73,10,-11486,0,0,0,0,0,25,2598,733,-2300,0,0,0,1,0
23,-180,13.578,79,861786,31,-73,10,-11486,0,0,0,0,0,25,2598,733,-2300,0,0,0,1,0
23,-180,13.636,80,861842,31,-73,10,-11486,0,0,0,0,0,25,2598,733,-2300,0,0,0,1,0
23,-180,13.691,81,861898,31,-73,10,-11486,0,0,0,0,0,25,2598,733,-2300,0,0,0,1,0
23,-180,13.746,82,861953,31,-73,10,-11486,0,0,0,0,0,25,2598,733,-2300,0,0,0,1,0
23,-180,13.86,84,862065,31,-73,10,-11486,0,0,0,0,0,25,2598,733,-2300,0,0,0,1,0
23,-180,13.92,85,862121,31,-73,10,-11486,0,0,0,0,0,25,2598,733,-2300,0,0,0,1,0
23,-180,14.026,87,862234,31,-73,10,-11486,0,0,0,0,0,25,2598,733,-2300,0,0,0,1,0
23,-180,14.195,90,862402,31,-73,10,-11486,0,0,0,0,0,25,2598,733,-2300,0,0,0,1,0
23,-180,14.251,91,862458,31,-73,10,-11486,0,0,0,0,0,25,2598,733,-2300,0,0,0,1,0
23,-180,14.419,94,862625,31,-73,10,-11486,0,0,0,0,0,25,2598,733,-2300,0,0,0,1,0
23,-180,14.473,95,862682,31,-73,10,-11486,0,0,0,0,0,25,2598,733,-2300,0,0,0,1,0
23,-180,14.53,96,862738,31,-73,10,-11486,0,0,0,0,0,25,2598,733,-2300,0,0,0,1,0
23,-180,14.597,97,862793,31,-73,10,-11486,0,0,0,0,0,25,2598,733,-2300,0,0,0,1,0
23,-180,14.638,98,862845,31,-73,10,-11486,0,0,0,0,0,25,2598,733,-2300,0,0,0,1,0
23,-180,14.693,99,862902,31,-73,10,-11486,0,0,0,0,0,25,2598,733,-2300,0,0,0,1,0
23,-180,14.805,101,863013,31,-73,10,-11486,0,0,0,0,0,25,2598,733,-2300,0,0,0,1,0
23,-180,14.974,104,863182,31,-73,10,-11486,0,0,0,0,0,25,2598,733,-2300,0,0,0,1,0
23,-180,15.171,107,863350,31,-73,10,-11486,0,0,0,0,0,25,2598,733,-2300,0,0,0,1,0
23,-180,15.256,109,863461,31,-73,10,-11486,0,0,0,0,0,25,2598,733,-2300,0,0,0,1,0
23,-180,15.422,112,863629,31,-73,10,-11486,0,0,0,0,0,25,2598,733,-2300,0,0,0,1,0
23,-180,15.484,113,863685,31,-73,10,-11486,0,0,0,0,0,25,2598,733,-2300,0,0,0,1,0
23,-180,15.536,114,863741,31,-73,10,-11486,0,0,0,0,0,25,2598,733,-2300,0,0,0,1,0
23,-180,15.589,115,863797,31,-73,10,-11486,0,0,0,0,0,25,2598,733,-2300,0,0,0,1,0
23,-180,15.654,116,863853,31,-73,10,-11486,0,0,0,0,0,25,2598,733,-2300,0,0,0,1,0
23,-180,15.697,117,863906,31,-73,10,-11486,0,0,0,0,0,25,2598,733,-2300,0,0,0,1,0
23,-180,15.754,118,863962,31,-73,10,-11486,0,0,0,0,0,25,2598,733,-2300,0,0,0,1,0
23,-180,15.811,119,864017,31,-73,10,-11486,0,0,0,0,0,25,2598,733,-2300,0,0,0,1,0
23,-180,15.921,121,864130,31,-73,10,-11486,0,0,0,0,0,25,2598,733,-2300,0,0,0,1,0
23,-180,16.044,123,864241,31,-73,10,-11486,0,0,0,0,0,25,2598,733,-2300,0,0,0,1,0
23,-180,16.15,125,864353,31,-73,10,-11486,0,0,0,0,0,25,2598,733,-2300,0,0,0,1,0
23,-180,16.201,126,864409,31,-73,10,-11486,0,0,0,0,0,25,2598,733,-2300,0,0,0,1,0
23,-180,16.257,127,864465,31,-73,10,-11486,0,0,0,0,0,25,2598,733,-2300,0,0,0,1,0
23,-180,16.314,0,864521,31,-73,10,-11486,0,0,0,0,0,25,2598,733,-2300,0,0,0,1,0
23,-180,16.374,1,864577,31,-73,10,-11486,0,0,0,0,0,25,2598,733,-2300,0,0,0,1,0
23,-180,16.429,2,864633,31,-73,10,-11486,0,0,0,0,0,25,2598,733,-2300,0,0,0,1,0
23,-180,16.482,3,864689,31,-73,10,-11486,0,0,0,0,0,25,2598,733,-2300,0,0,0,1,0
23,-180,16.538,4,864746,31,-73,10,-11486,0,0,0,0,0,25,2598,733,-2300,0,0,0,1,0
23,-180,16.649,6,864858,31,-73,10,-11486,0,0,0,0,0,25,2598,733,-2300,0,0,0,1,0
23,-180,16.713,7,864913,31,-73,10,-11486,0,0,0,0,0,25,2598,733,-2300,0,0,0,1,0
23,-180,16.757,8,864965,31,-73,10,-11486,0,0,0,0,0,25,2598,733,-2300,0,0,0,1,0
23,-180,16.812,9,865021,31,-73,10,-11486,0,0,0,0,0,25,2598,733,-2300,0,0,0,1,0
23,-180,16.869,10,865077,31,-73,10,-11486,0,0,0,0,0,25,2598,733,-2300,0,0,0,1,0
23,-180,16.98,12,865190,31,-73,10,-11486,0,0,0,0,0,25,2598,733,-2300,0,0,0,1,0
23,-180,17.037,13,865245,31,-73,10,-11486,0,0,0,0,0,25,2598,733,-2300,0,0,0,1,0
23,-180,17.149,15,865357,31,-73,10,-11486,0,0,0,0,0,25,2598,733,-2300,0,0,0,1,0
23,-180,17.263,17,865469,31,-73,10,-11486,0,0,0,0,0,25,2598,733,-2300,0,0,0,1,0
23,-180,17.373,19,865582,31,-73,10,-11486,0,0,0,0,0,25,2598,733,-2300,0,0,0,1,0
23,-180,17.43,20,865638,31,-73,10,-11486,0,0,0,0,0,25,2598,733,-2300,0,0,0,1,0
23,-180,17.485,21,865693,31,-73,10,-11486,0,0,0,0,0,25,2598,733,-2300,0,0,0,1,0
23,-180,17.597,23,865805,31,-73,10,-11486,0,0,0,0,0,25,2598,733,-2300,0,0,0,1,0
23,-180,17.656,24,865861,31,-73,10,-11486,0,0,0,0,0,25,2598,733,-2300,0,0,0,1,0
23,-180,17.709,25,865917,31,-73,10,-11486,0,0,0,0,0,25,2598,733,-2300,0,0,0,1,0
23,-180,17.775,26,865974,31,-73,10,-11486,0,0,0,0,0,25,2598,733,-2300,0,0,0,1,0
23,-180,17.984,30,866193,31,-73,10,-11486,0,0,0,0,0,25,2598,733,-2300,0,0,0,1,0
23,-180,18.04,31,866250,31,-73,10,-11486,0,0,0,0,0,25,2598,733,-2300,0,0,0,1,0
23,-180,18.153,33,866362,31,-73,10,-11486,0,0,0,0,0,25,2598,733,-2300,0,0,0,1,0
23,-180,18.209,34,866418,31,-73,10,-11486,0,0,0,0,0,25,2598,733,-2300,0,0,0,1,0
23,-180,18.264,35,866473,31,-73,10,-11486,0,0,0,0,0,25,2598,733,-2300,0,0,0,1,0
23,-180,18.377,37,866585,31,-73,10,-11486,0,0,0,0,0,25,2598,733,-2300,0,0,0,1,0
23,-180,18.544,40,866753,31,-73,10,-11486,0,0,0,0,0,25,2598,733,-2300,0,0,0,1,0
23,-180,18.6,41,866810,31,-73,10,-11486,0,0,0,0,0,25,2598,733,-2300,0,0,0,1,0
23,-180,18.657,42,866865,31,-73,10,-11486,0,0,0,0,0,25,2598,733,-2300,0,0,0,1,0
23,-180,18.712,43,866921,31,-73,10,-11486,0,0,0,0,0,25,2598,733,-2300,0,0,0,1,0
23,-180,18.77,44,866977,31,-73,10,-11486,0,0,0,0,0,25,2598,733,-2300,0,0,0,1,0
23,-180,18.835,45,867033,31,-73,10,-11486,0,0,0,0,0,25,2598,733,-2300,0,0,0,1,0
23,-180,18.877,46,867085,31,-73,10,-11486,0,0,0,0,0,25,2598,733,-2300,0,0,0,1,0
23,-180,18.99,48,867198,31,-73,10,-11486,0,0,0,0,0,25,2598,733,-2300,0,0,0,1,0
23,-180,19.157,51,867365,31,-73,10,-11486,0,0,0,0,0,25,2598,733,-2300,0,0,0,1,0
23,-180,19.269,53,867477,31,-73,10,-11486,0,0,0,0,0,25,2598,733,-2300,0,0,0,1,0
23,-180,19.325,54,867533,31,-73,10,-11486,0,0,0,0,0,25,2598,733,-2300,0,0,0,1,0
23,-180,19.381,55,867590,31,-73,10,-11486,0,0,0,0,0,25,2598,733,-2300,0,0,0,1,0
23,-180,19.438,56,867646,31,-73,10,-11486,0,0,0,0,0,25,2598,733,-2300,0,0,0,1,0
23,-180,19.492,57,867702,31,-73,10,-11486,0,0,0,0,0,25,2598,733,-2300,0,0,0,1,0
23,-180,19.604,59,867813,31,-73,10,-11486,0,0,0,0,0,25,2598,733,-2300,0,0,0,1,0
23,-180,19.773,62,867981,31,-73,10,-11486,0,0,0,0,0,25,2598,733,-2300,0,0,0,1,0
23,-180,19.887,64,868094,31,-73,10,-11486,0,0,0,0,0,25,2598,733,-2300,0,0,0,1,0
23,-180,19.937,65,868145,31,-73,10,-11486,0,0,0,0,0,25,2598,733,-2300,0,0,0,1,0
23,-180,20.049,67,868258,31,-73,10,-11486,0,0,0,0,0,25,2598,733,-2300,0,0,0,1,0
23,-180,20.107,68,868313,31,-73,10,-11486,0,0,0,0,0,25,2598,733,-2300,0,0,0,1,0
23,-180,20.16,69,868369,31,-73,10,-11486,0,0,0,0,0,25,2598,733,-2300,0,0,0,1,0
23,-180,20.216,70,868425,31,-73,10,-11486,0,0,0,0,0,25,2598,733,-2300,0,0,0,1,0
23,-180,20.386,73,868593,31,-73,10,-11486,0,0,0,0,0,25,2598,733,-2300,0,0,0,1,0
23,-180,20.442,74,868649,31,-73,10,-11486,0,0,0,0,0,25,2598,733,-2300,0,0,0,1,0
23,-180,20.499,75,868706,31,-73,10,-11486,0,0,0,0,0,25,2598,733,-2300,0,0,0,1,0
23,-180,20.552,76,868761,31,-73,10,-11486,0,0,0,0,0,25,2598,733,-2300,0,0,0,1,0
23,-180,20.665,78,868873,31,-73,10,-11486,0,0,0,0,0,25,2598,733,-2300,0,0,0,1,0
23,-180,20.721,79,868930,31,-73,10,-11486,0,0,0,0,0,25,2598,733,-2300,0,0,0,1,0
23,-180,20.838,81,869041,31,-73,10,-11486,0,0,0,0,0,25,2598,733,-2300,0,0,0,1,0
23,-180,21.108,86,869318,31,-73,10,-11486,0,0,0,0,0,25,2598,733,-2300,0,0,0,1,0
23,-180,21.167,87,869374,31,-73,10,-11486,0,0,0,0,0,25,2598,733,-2300,0,0,0,1,0
23,-180,21.22,88,869429,31,-73,10,-11486,0,0,0,0,0,25,2598,733,-2300,0,0,0,1,0
23,-180,21.278,89,869486,31,-73,10,-11486,0,0,0,0,0,25,2598,733,-2300,0,0,0,1,0
23,-180,21.333,90,869541,31,-73,10,-11486,0,0,0,0,0,25,2598,733,-2300,0,0,0,1,0
23,-180,21.391,91,869598,31,-73,10,-11486,0,0,0,0,0,25,2598,733,-2300,0,0,0,1,0
23,-180,21.446,92,869653,31,-73,10,-11486,0,0,0,0,0,25,2598,733,-2300,0,0,0,1,0
23,-180,21.613,95,869822,31,-73,10,-11486,0,0,0,0,0,25,2598,733,-2300,0,0,0,1,0
23,-180,21.669,96,869877,31,-73,10,-11486,0,0,0,0,0,25,2598,733,-2300,0,0,0,1,0
23,-180,21.724,97,869933,31,-73,10,-11486,0,0,0,0,0,25,2598,733,-2300,0,0,0,1,0
23,-180,21.78,98,869989,31,-73,10,-11486,0,0,0,0,0,25,2598,733,-2300,0,0,0,1,0
23,-180,21.836,99,870045,31,-73,10,-11486,0,0,0,0,0,25,2598,733,-2300,0,0,0,1,0
23,-180,21.892,100,870102,31,-73,10,-11486,0,0,0,0,0,25,2598,733,-2300,0,0,0,1,0
23,-180,21.949,101,870157,31,-73,10,-11486,0,0,0,0,0,25,2598,733,-2300,0,0,0,1,0
24,180,-0.031,101,884437,31,-73,10,-11486,0,0,0,0,0,25,2598,733,-2300,0,0,0,1,0
24,180,0.024,102,884493,31,-73,10,-11486,0,0,0,0,0,25,2598,733,-2300,0,0,0,1,0
24,180,0.087,103,884555,31,-74,10,-11452,0,0,0,0,25,26,2600,733,-2291,-1000,1000,0,1,0
24,180,0.158,104,884626,31,-73,10,-11232,0,0,0,-26,29,26,2603,700,-2266,-1100,1200,0,1,0
24,180,0.23,105,884697,31,-75,10,-10872,0,0,0,-56,36,26,2606,644,-2227,-1000,1000,0,1,0
24,180,0.374,107,884841,31,-75,11,-9990,0,0,0,-111,108,27,2612,516,-2122,-2100,2200,0,1,0
24,180,0.447,108,884913,31,-75,11,-9002,0,0,0,-164,164,27,2615,383,-1994,-2600,2600,0,1,0
24,180,0.519,109,884985,31,-75,12,-7759,0,0,0,-190,174,27,2618,211,-1838,-2500,2600,0,1,0
24,180,0.591,110,885057,31,-75,12,-6434,0,0,0,-190,184,27,2621,33,-1666,-2200,2600,0,1,0
24,180,0.742,112,885202,31,-24,-4,1049,0,0,0,-164,4576,27,2627,-277,0,-1900,2300,0,1,0
24,180,0.806,113,885273,31,-76,8,-3105,0,0,0,-101,101,27,2630,-402,-1222,-1700,2100,0,1,0
24,180,0.879,114,885346,31,-76,8,-2367,0,0,0,-111,134,27,2633,-500,-1125,-2100,2400,0,1,0
24,180,0.951,115,885417,31,-76,8,-1306,0,0,0,-154,174,27,2636,-638,-983,-2200,2500,0,1,0
24,180,1.021,116,885489,31,-76,8,-125,0,0,0,-174,164,27,2639,-794,-827,-2000,2400,0,1,0
24,180,1.094,117,885562,31,-75,8,988,0,0,0,-164,147,27,2642,-938,-677,-2000,2300,0,1,0
24,180,1.167,118,885633,31,-75,8,2083,0,0,0,-164,144,27,2645,-1083,-533,-2000,2200,0,1,0
24,180,1.239,119,885705,31,-75,8,3136,0,0,0,-147,138,27,2648,-1222,-394,-1900,2200,0,1,0
24,180,1.311,120,885777,31,-76,8,4173,0,0,0,-164,128,27,2651,-1363,-261,-1900,2200,0,1,0
24,180,1.383,121,885850,31,-76,8,5196,0,0,0,-154,154,27,2654,-1497,-125,-1600,1900,0,1,0
24,180,1.509,122,885978,31,-76,8,6222,0,0,0,0,0,27,2661,-1638,5,0,0,0,1,0
24,180,1.561,123,886029,31,-76,8,6222,0,0,0,0,0,27,2663,-1638,5,0,0,0,1,0
24,180,1.634,124,886103,31,-76,8,6222,0,0,0,0,0,27,2666,-1638,5,0,0,0,1,0
24,180,1.796,127,886265,31,-76,8,6222,0,0,0,0,0,27,2666,-1638,5,0,0,0,1,0
24,180,1.853,0,886322,31,-76,8,6222,0,0,0,0,0,27,2666,-1638,5,0,0,0,1,0
24,180,1.909,1,886378,31,-76,8,6222,0,0,0,0,0,27,2666,-1638,5,0,0,0,1,0
24,180,2.029,3,886490,31,-76,8,6222,0,0,0,0,0,27,2666,-1638,5,0,0,0,1,0
24,180,2.075,4,886542,31,-76,8,6222,0,0,0,0,0,27,2666,-1638,5,0,0,0,1,0
24,180,2.185,6,886653,31,-76,8,6222,0,0,0,0,0,27,2666,-1638,5,0,0,0,1,0
24,180,2.24,7,886710,31,-76,8,6222,0,0,0,0,0,27,2666,-1638,5,0,0,0,1,0
24,180,2.353,9,886821,31,-76,8,6222,0,0,0,0,0,27,2666,-1638,5,0,0,0,1,0
24,180,2.41,10,886877,31,-76,8,6222,0,0,0,0,0,27,2666,-1638,5,0,0,0,1,0
24,180,2.465,11,886933,31,-76,8,6222,0,0,0,0,0,27,2666,-1638,5,0,0,0,1,0
24,180,2.521,12,886989,31,-76,8,6222,0,0,0,0,0,27,2666,-1638,5,0,0,0,1,0
24,180,2.578,13,887046,31,-76,8,6222,0,0,0,0,0,27,2666,-1638,5,0,0,0,1,0
24,180,2.634,14,887102,31,-76,8,6222,0,0,0,0,0,27,2666,-1638,5,0,0,0,1,0
24,180,2.689,15,887158,31,-76,8,6222,0,0,0,0,0,27,2666,-1638,5,0,0,0,1,0
24,180,2.857,18,887325,31,-76,8,6222,0,0,0,0,0,27,2666,-1638,5,0,0,0,1,0
24,180,2.968,20,887437,31,-76,8,6222,0,0,0,0,0,27,2666,-1638,5,0,0,0,1,0
24,180,3.036,21,887493,31,-76,8,6222,0,0,0,0,0,27,2666,-1638,5,0,0,0,1,0
24,180,3.089,22,887550,31,-76,8,6222,0,0,0,0,0,27,2666,-1638,5,0,0,0,1,0
24,180,3.133,23,887602,31,-76,8,6222,0,0,0,0,0,27,2666,-1638,5,0,0,0,1,0
24,180,3.188,24,887657,31,-76,8,6222,0,0,0,0,0,27,2666,-1638,5,0,0,0,1,0
24,180,3.245,25,887713,31,-76,8,6222,0,0,0,0,0,27,2666,-1638,5,0,0,0,1,0
24,180,3.301,26,887769,31,-76,8,6222,0,0,0,0,0,27,2666,-1638,5,0,0,0,1,0
24,180,3.357,27,887825,31,-76,8,6222,0,0,0,0,0,27,2666,-1638,5,0,0,0,1,0
24,180,3.412,28,887881,31,-76,8,6222,0,0,0,0,0,27,2666,-1638,5,0,0,0,1,0
24,180,3.469,29,887938,31,-76,8,6222,0,0,0,0,0,27,2666,-1638,5,0,0,0,1,0
24,180,3.581,31,888050,31,-76,8,6222,0,0,0,0,0,27,2666,-1638,5,0,0,0,1,0
24,180,3.748,34,888217,31,-76,8,6222,0,0,0,0,0,27,2666,-1638,5,0,0,0,1,0
24,180,3.804,35,888273,31,-76,8,6222,0,0,0,0,0,27,2666,-1638,5,0,0,0,1,0
24,180,4.028,39,888497,31,-76,8,6222,0,0,0,0,0,27,2666,-1638,5,0,0,0,1,0
24,180,4.085,40,888553,31,-76,8,6222,0,0,0,0,0,27,2666,-1638,5,0,0,0,1,0
24,180,4.249,43,888717,31,-76,8,6222,0,0,0,0,0,27,2666,-1638,5,0,0,0,1,0
24,180,4.36,45,888830,31,-76,8,6222,0,0,0,0,0,27,2666,-1638,5,0,0,0,1,0
24,180,4.416,46,888885,31,-76,8,6222,0,0,0,0,0,27,2666,-1638,5,0,0,0,1,0
24,180,4.472,47,888941,31,-76,8,6222,0,0,0,0,0,27,2666,-1638,5,0,0,0,1,0
24,180,4.584,49,889054,31,-76,8,6222,0,0,0,0,0,27,2666,-1638,5,0,0,0,1,0
24,180,4.641,50,889109,31,-76,8,6222,0,0,0,0,0,27,2666,-1638,5,0,0,0,1,0
24,180,4.696,51,889165,31,-76,8,6222,0,0,0,0,0,27,2666,-1638,5,0,0,0,1,0
24,180,4.81,53,889278,31,-76,8,6222,0,0,0,0,0,27,2666,-1638,5,0,0,0,1,0
24,180,4.864,54,889333,31,-76,8,6222,0,0,0,0,0,27,2666,-1638,5,0,0,0,1,0
24,180,4.976,56,889445,31,-76,8,6222,0,0,0,0,0,27,2666,-1638,5,0,0,0,1,0
24,180,5.089,58,889558,31,-76,8,6222,0,0,0,0,0,27,2666,-1638,5,0,0,0,1,0
24,180,5.151,59,889614,31,-76,8,6222,0,0,0,0,0,27,2666,-1638,5,0,0,0,1,0
24,180,5.254,61,889721,31,-76,8,6222,0,0,0,0,0,27,2666,-1638,5,0,0,0,1,0
24,180,5.314,62,889777,31,-76,8,6222,0,0,0,0,0,27,2666,-1638,5,0,0,0,1,0
24,180,5.367,63,889833,31,-76,8,6222,0,0,0,0,0,27,2666,-1638,5,0,0,0,1,0
24,180,5.476,65,889945,31,-76,8,6222,0,0,0,0,0,27,2666,-1638,5,0,0,0,1,0
24,180,5.534,66,890002,31,-76,8,6222,0,0,0,0,0,27,2666,-1638,5,0,0,0,1,0
24,180,5.589,67,890057,31,-76,8,6222,0,0,0,0,0,27,2666,-1638,5,0,0,0,1,0
24,180,5.647,68,890114,31,-76,8,6222,0,0,0,0,0,27,2666,-1638,5,0,0,0,1,0
24,180,5.702,69,890170,31,-76,8,6222,0,0,0,0,0,27,2666,-1638,5,0,0,0,1,0
24,180,5.758,70,890225,31,-76,8,6222,0,0,0,0,0,27,2666,-1638,5,0,0,0,1,0
24,180,5.813,71,890281,31,-76,8,6222,0,0,0,0,0,27,2666,-1638,5,0,0,0,1,0
24,180,5.869,72,890338,31,-76,8,6222,0,0,0,0,0,27,2666,-1638,5,0,0,0,1,0
24,180,5.926,73,890393,31,-76,8,6222,0,0,0,0,0,27,2666,-1638,5,0,0,0,1,0
24,180,5.982,74,890449,31,-76,8,6222,0,0,0,0,0,27,2666,-1638,5,0,0,0,1,0
24,180,6.036,75,890505,31,-76,8,6222,0,0,0,0,0,27,2666,-1638,5,0,0,0,1,0
24,180,6.093,76,890562,31,-76,8,6222,0,0,0,0,0,27,2666,-1638,5,0,0,0,1,0
24,180,6.155,77,890618,31,-76,8,6222,0,0,0,0,0,27,2666,-1638,5,0,0,0,1,0
24,180,6.205,78,890673,31,-76,8,6222,0,0,0,0,0,27,2666,-1638,5,0,0,0,1,0
24,180,6.268,79,890729,31,-76,8,6222,0,0,0,0,0,27,2666,-1638,5,0,0,0,1,0
24,180,6.312,80,890781,31,-76,8,6222,0,0,0,0,0,27,2666,-1638,5,0,0,0,1,0
24,180,6.369,81,890837,31,-76,8,6222,0,0,0,0,0,27,2666,-1638,5,0,0,0,1,0
24,180,6.425,82,890893,31,-76,8,6222,0,0,0,0,0,27,2666,-1638,5,0,0,0,1,0
24,180,6.481,83,890950,31,-76,8,6222,0,0,0,0,0,27,2666,-1638,5,0,0,0,1,0
24,180,6.592,85,891061,31,-76,8,6222,0,0,0,0,0,27,2666,-1638,5,0,0,0,1,0
24,180,6.705,87,891173,31,-76,8,6222,0,0,0,0,0,27,2666,-1638,5,0,0,0,1,0
24,180,6.819,89,891285,31,-76,8,6222,0,0,0,0,0,27,2666,-1638,5,0,0,0,1,0
24,180,6.873,90,891341,31,-76,8,6222,0,0,0,0,0,27,2666,-1638,5,0,0,0,1,0
24,180,6.929,91,891398,31,-76,8,6222,0,0,0,0,0,27,2666,-1638,5,0,0,0,1,0
24,180,6.984,92,891453,31,-76,8,6222,0,0,0,0,0,27,2666,-1638,5,0,0,0,1,0
24,180,7.04,93,891509,31,-76,8,6222,0,0,0,0,0,27,2666,-1638,5,0,0,0,1,0
24,180,7.096,94,891565,31,-76,8,6222,0,0,0,0,0,27,2666,-1638,5,0,0,0,1,0
24,180,7.153,95,891621,31,-76,8,6222,0,0,0,0,0,27,2666,-1638,5,0,0,0,1,0
24,180,7.208,96,891677,31,-76,8,6222,0,0,0,0,0,27,2666,-1638,5,0,0,0,1,0
24,180,7.329,98,891789,31,-76,8,6222,0,0,0,0,0,27,2666,-1638,5,0,0,0,1,0
24,180,7.372,99,891841,31,-76,8,6222,0,0,0,0,0,27,2666,-1638,5,0,0,0,1,0
24,180,7.429,100,891898,31,-76,8,6222,0,0,0,0,0,27,2666,-1638,5,0,0,0,1,0
24,180,7.484,101,891953,31,-76,8,6222,0,0,0,0,0,27,2666,-1638,5,0,0,0,1,0
24,180,7.596,103,892065,31,-76,8,6222,0,0,0,0,0,27,2666,-1638,5,0,0,0,1,0
24,180,7.652,104,892121,31,-76,8,6222,0,0,0,0,0,27,2666,-1638,5,0,0,0,1,0
24,180,7.709,105,892177,31,-76,8,6222,0,0,0,0,0,27,2666,-1638,5,0,0,0,1,0
24,180,7.822,107,892289,31,-76,8,6222,0,0,0,0,0,27,2666,-1638,5,0,0,0,1,0
24,180,8.046,111,892513,31,-76,8,6222,0,0,0,0,0,27,2666,-1638,5,0,0,0,1,0
24,180,8.102,112,892569,31,-76,8,6222,0,0,0,0,0,27,2666,-1638,5,0,0,0,1,0
24,180,8.158,113,892626,31,-76,8,6222,0,0,0,0,0,27,2666,-1638,5,0,0,0,1,0
24,180,8.213,114,892682,31,-76,8,6222,0,0,0,0,0,27,2666,-1638,5,0,0,0,1,0
24,180,8.269,115,892737,31,-76,8,6222,0,0,0,0,0,27,2666,-1638,5,0,0,0,1,0
24,180,8.327,116,892793,31,-76,8,6222,0,0,0,0,0,27,2666,-1638,5,0,0,0,1,0
24,180,8.388,117,892849,31,-76,8,6222,0,0,0,0,0,27,2666,-1638,5,0,0,0,1,0
24,180,8.488,119,892957,31,-76,8,6222,0,0,0,0,0,27,2666,-1638,5,0,0,0,1,0
24,180,8.656,122,893126,31,-76,8,6222,0,0,0,0,0,27,2666,-1638,5,0,0,0,1,0
24,180,8.713,123,893181,31,-76,8,6222,0,0,0,0,0,27,2666,-1638,5,0,0,0,1,0
24,180,8.772,124,893237,31,-76,8,6222,0,0,0,0,0,27,2666,-1638,5,0,0,0,1,0
24,180,8.824,125,893293,31,-76,8,6222,0,0,0,0,0,27,2666,-1638,5,0,0,0,1,0
24,180,8.88,126,893349,31,-76,8,6222,0,0,0,0,0,27,2666,-1638,5,0,0,0,1,0
24,180,8.936,127,893406,31,-76,8,6222,0,0,0,0,0,27,2666,-1638,5,0,0,0,1,0
24,180,9.049,1,893518,31,-76,8,6222,0,0,0,0,0,27,2666,-1638,5,0,0,0,1,0
24,180,9.105,2,893574,31,-76,8,6222,0,0,0,0,0,27,2666,-1638,5,0,0,0,1,0
24,180,9.16,3,893630,31,-76,8,6222,0,0,0,0,0,27,2666,-1638,5,0,0,0,1,0
24,180,9.272,5,893741,31,-76,8,6222,0,0,0,0,0,27,2666,-1638,5,0,0,0,1,0
24,180,9.384,7,893853,31,-76,8,6222,0,0,0,0,0,27,2666,-1638,5,0,0,0,1,0
24,180,9.449,8,893909,31,-76,8,6222,0,0,0,0,0,27,2666,-1638,5,0,0,0,1,0
24,180,9.493,9,893962,31,-76,8,6222,0,0,0,0,0,27,2666,-1638,5,0,0,0,1,0
24,180,9.549,10,894017,31,-76,8,6222,0,0,0,0,0,27,2666,-1638,5,0,0,0,1,0
24,180,9.664,12,894129,31,-76,8,6222,0,0,0,0,0,27,2666,-1638,5,0,0,0,1,0
24,180,9.716,13,894186,31,-76,8,6222,0,0,0,0,0,27,2666,-1638,5,0,0,0,1,0
24,180,9.829,15,894297,31,-76,8,6222,0,0,0,0,0,27,2666,-1638,5,0,0,0,1,0
24,180,9.884,16,894354,31,-76,8,6222,0,0,0,0,0,27,2666,-1638,5,0,0,0,1,0
24,180,9.943,17,894410,31,-76,8,6222,0,0,0,0,0,27,2666,-1638,5,0,0,0,1,0
24,180,9.997,18,894465,31,-76,8,6222,0,0,0,0,0,27,2666,-1638,5,0,0,0,1,0
24,180,10.052,19,894521,31,-76,8,6222,0,0,0,0,0,27,2666,-1638,5,0,0,0,1,0
24,180,10.108,20,894577,31,-76,8,6222,0,0,0,0,0,27,2666,-1638,5,0,0,0,1,0
24,180,10.164,21,894633,31,-76,8,6222,0,0,0,0,0,27,2666,-1638,5,0,0,0,1,0
24,180,10.279,23,894745,31,-76,8,6222,0,0,0,0,0,27,2666,-1638,5,0,0,0,1,0
24,180,10.333,24,894802,31,-76,8,6222,0,0,0,0,0,27,2666,-1638,5,0,0,0,1,0
24,180,10.502,27,894969,31,-76,8,6222,0,0,0,0,0,27,2666,-1638,5,0,0,0,1,0
24,180,10.552,28,895021,31,-76,8,6222,0,0,0,0,0,27,2666,-1638,5,0,0,0,1,0
24,180,10.609,29,895077,31,-76,8,6222,0,0,0,0,0,27,2666,-1638,5,0,0,0,1,0
24,180,10.665,30,895133,31,-76,8,6222,0,0,0,0,0,27,2666,-1638,5,0,0,0,1,0
24,180,10.72,31,895190,31,-76,8,6222,0,0,0,0,0,27,2666,-1638,5,0,0,0,1,0
24,180,10.776,32,895246,31,-76,8,6222,0,0,0,0,0,27,2666,-1638,5,0,0,0,1,0
24,180,10.833,33,895302,31,-76,8,6222,0,0,0,0,0,27,2666,-1638,5,0,0,0,1,0
24,180,10.888,34,895357,31,-76,8,6222,0,0,0,0,0,27,2666,-1638,5,0,0,0,1,0
24,180,10.944,35,895413,31,-76,8,6222,0,0,0,0,0,27,2666,-1638,5,0,0,0,1,0
24,180,11.112,38,895581,31,-76,8,6222,0,0,0,0,0,27,2666,-1638,5,0,0,0,1,0
24,180,11.17,39,895638,31,-76,8,6222,0,0,0,0,0,27,2666,-1638,5,0,0,0,1,0
24,180,11.335,42,895805,31,-76,8,6222,0,0,0,0,0,27,2666,-1638,5,0,0,0,1,0
24,180,11.393,43,895861,31,-76,8,6222,0,0,0,0,0,27,2666,-1638,5,0,0,0,1,0
24,180,11.504,45,895973,31,-76,8,6222,0,0,0,0,0,27,2666,-1638,5,0,0,0,1,0
24,180,11.612,47,896082,31,-76,8,6222,0,0,0,0,0,27,2666,-1638,5,0,0,0,1,0
24,180,11.724,49,896193,31,-76,8,6222,0,0,0,0,0,27,2666,-1638,5,0,0,0,1,0
24,180,11.836,51,896305,31,-76,8,6222,0,0,0,0,0,27,2666,-1638,5,0,0,0,1,0
24,180,11.893,52,896362,31,-76,8,6222,0,0,0,0,0,27,2666,-1638,5,0,0,0,1,0
24,180,11.949,53,896417,31,-76,8,6222,0,0,0,0,0,27,2666,-1638,5,0,0,0,1,0
24,180,12.06,55,896530,31,-76,8,6222,0,0,0,0,0,27,2666,-1638,5,0,0,0,1,0
24,180,12.117,56,896585,31,-76,8,6222,0,0,0,0,0,27,2666,-1638,5,0,0,0,1,0
24,180,12.205,57,896641,31,-76,8,6222,0,0,0,0,0,27,2666,-1638,5,0,0,0,1,0
24,180,12.341,60,896809,31,-76,8,6222,0,0,0,0,0,27,2666,-1638,5,0,0,0,1,0
24,180,12.398,61,896865,31,-76,8,6222,0,0,0,0,0,27,2666,-1638,5,0,0,0,1,0
24,180,12.455,62,896922,31,-76,8,6222,0,0,0,0,0,27,2666,-1638,5,0,0,0,1,0
24,180,12.51,63,896977,31,-76,8,6222,0,0,0,0,0,27,2666,-1638,5,0,0,0,1,0
24,180,12.57,64,897033,31,-76,8,6222,0,0,0,0,0,27,2666,-1638,5,0,0,0,1,0
24,180,12.642,65,897089,31,-76,8,6222,0,0,0,0,0,27,2666,-1638,5,0,0,0,1,0
24,180,12.676,66,897141,31,-76,8,6222,0,0,0,0,0,27,2666,-1638,5,0,0,0,1,0
24,180,12.731,67,897197,31,-76,8,6222,0,0,0,0,0,27,2666,-1638,5,0,0,0,1,0
24,180,12.785,68,897254,31,-76,8,6222,0,0,0,0,0,27,2666,-1638,5,0,0,0,1,0
24,180,12.852,69,897310,31,-76,8,6222,0,0,0,0,0,27,2666,-1638,5,0,0,0,1,0
24,180,13.065,73,897533,31,-76,8,6222,0,0,0,0,0,27,2666,-1638,5,0,0,0,1,0
24,180,13.121,74,897589,31,-76,8,6222,0,0,0,0,0,27,2666,-1638,5,0,0,0,1,0
24,180,13.18,75,897646,31,-76,8,6222,0,0,0,0,0,27,2666,-1638,5,0,0,0,1,0
24,180,13.292,77,897758,31,-76,8,6222,0,0,0,0,0,27,2666,-1638,5,0,0,0,1,0
24,180,13.345,78,897814,31,-76,8,6222,0,0,0,0,0,27,2666,-1638,5,0,0,0,1,0
24,180,13.402,79,897869,31,-76,8,6222,0,0,0,0,0,27,2666,-1638,5,0,0,0,1,0
24,180,13.568,82,898037,31,-76,8,6222,0,0,0,0,0,27,2666,-1638,5,0,0,0,1,0
24,180,13.624,83,898093,31,-76,8,6222,0,0,0,0,0,27,2666,-1638,5,0,0,0,1,0
24,180,13.687,84,898149,31,-76,8,6222,0,0,0,0,0,27,2666,-1638,5,0,0,0,1,0
24,180,13.732,85,898202,31,-76,8,6222,0,0,0,0,0,27,2666,-1638,5,0,0,0,1,0
24,180,13.788,86,898257,31,-76,8,6222,0,0,0,0,0,27,2666,-1638,5,0,0,0,1,0
24,180,13.843,87,898314,31,-76,8,6222,0,0,0,0,0,27,2666,-1638,5,0,0,0,1,0
24,180,13.9,88,898369,31,-76,8,6222,0,0,0,0,0,27,2666,-1638,5,0,0,0,1,0
24,180,13.956,89,898425,31,-76,8,6222,0,0,0,0,0,27,2666,-1638,5,0,0,0,1,0
24,180,14.012,90,898481,31,-76,8,6222,0,0,0,0,0,27,2666,-1638,5,0,0,0,1,0
24,180,14.067,91,898537,31,-76,8,6222,0,0,0,0,0,27,2666,-1638,5,0,0,0,1,0
24,180,14.291,95,898762,31,-76,8,6222,0,0,0,0,0,27,2666,-1638,5,0,0,0,1,0
24,180,14.348,96,898817,31,-76,8,6222,0,0,0,0,0,27,2666,-1638,5,0,0,0,1,0
24,180,14.516,99,898985,31,-76,8,6222,0,0,0,0,0,27,2666,-1638,5,0,0,0,1,0
24,180,14.628,101,899098,31,-76,8,6222,0,0,0,0,0,27,2666,-1638,5,0,0,0,1,0
24,180,14.683,102,899153,31,-76,8,6222,0,0,0,0,0,27,2666,-1638,5,0,0,0,1,0
24,180,14.904,106,899373,31,-76,8,6222,0,0,0,0,0,27,2666,-1638,5,0,0,0,1,0
24,180,14.96,107,899430,31,-76,8,6222,0,0,0,0,0,27,2666,-1638,5,0,0,0,1,0
24,180,15.017,108,899486,31,-76,8,6222,0,0,0,0,0,27,2666,-1638,5,0,0,0,1,0
24,180,15.075,109,899542,31,-76,8,6222,0,0,0,0,0,27,2666,-1638,5,0,0,0,1,0
24,180,15.185,111,899654,31,-76,8,6222,0,0,0,0,0,27,2666,-1638,5,0,0,0,1,0
24,180,15.313,113,899765,31,-76,8,6222,0,0,0,0,0,27,2666,-1638,5,0,0,0,1,0
24,180,15.41,115,899878,31,-76,8,6222,0,0,0,0,0,27,2666,-1638,5,0,0,0,1,0
24,180,15.521,117,899989,31,-76,8,6222,0,0,0,0,0,27,2666,-1638,5,0,0,0,1,0
24,180,15.577,118,900045,31,-76,8,6222,0,0,0,0,0,27,2666,-1638,5,0,0,0,1,0
24,180,15.748,121,900213,31,-76,8,6222,0,0,0,0,0,27,2666,-1638,5,0,0,0,1,0
24,180,15.808,122,900270,31,-76,8,6222,0,0,0,0,0,27,2666,-1638,5,0,0,0,1,0
24,180,15.966,125,900433,31,-76,8,6222,0,0,0,0,0,27,2666,-1638,5,0,0,0,1,0
24,180,16.133,0,900602,31,-76,8,6222,0,0,0,0,0,27,2666,-1638,5,0,0,0,1,0
24,180,16.188,1,900657,31,-76,8,6222,0,0,0,0,0,27,2666,-1638,5,0,0,0,1,0
24,180,16.245,2,900714,31,-76,8,6222,0,0,0,0,0,27,2666,-1638,5,0,0,0,1,0
24,180,16.3,3,900770,31,-76,8,6222,0,0,0,0,0,27,2666,-1638,5,0,0,0,1,0
24,180,16.355,4,900825,31,-76,8,6222,0,0,0,0,0,27,2666,-1638,5,0,0,0,1,0
24,180,16.412,5,900881,31,-76,8,6222,0,0,0,0,0,27,2666,-1638,5,0,0,0,1,0
