turn,commanded,t_rel,seq,now,flags,x,y,h,ox,oy,oh,vl,vr,i2cf,cyc,posl,posr,dutl,dutr,lexc,wrng,cycovr
1,90,0.001,59,378325,31,4,-9,18469,0,0,0,0,0,9,152,-2575,2344,0,0,0,1,0
1,90,0.067,60,378394,31,4,-9,18469,0,0,0,0,0,9,153,-2575,2344,-800,800,0,1,0
1,90,0.168,61,378466,31,4,-9,18635,0,0,0,-56,16,10,156,-2608,2355,-1100,1200,0,1,0
1,90,0.211,62,378538,31,5,-9,18942,0,0,0,-66,46,10,159,-2658,2386,-1200,1500,0,1,0
1,90,0.284,63,378610,31,6,-9,19363,0,0,0,-62,66,10,162,-2719,2436,-1400,1700,0,1,0
1,90,0.356,64,378682,31,6,-9,19931,0,0,0,-102,92,10,165,-2800,2505,-1900,2000,0,1,0
1,90,0.652,68,378970,31,8,-7,24221,0,0,0,-193,164,10,177,-3400,3038,-2300,2500,0,1,0
1,90,0.715,69,379042,31,8,-7,25422,0,0,0,-149,166,10,180,-3558,3197,-2100,2600,0,1,0
1,90,0.786,70,379114,31,8,-8,26554,0,0,0,-144,170,10,183,-3702,3352,-1000,1700,0,1,0
1,90,1.102,74,379430,31,8,-9,27387,0,0,0,0,0,10,198,-3797,3477,0,0,0,1,0
1,90,1.174,75,379502,31,8,-9,27387,0,0,0,0,0,10,201,-3797,3477,0,0,0,1,0
1,90,1.246,76,379574,31,8,-9,27387,0,0,0,0,0,10,204,-3797,3477,0,0,0,1,0
1,90,1.318,77,379646,31,8,-9,27387,0,0,0,0,0,10,207,-3797,3477,0,0,0,1,0
1,90,1.39,78,379718,31,8,-9,27387,0,0,0,0,0,10,210,-3797,3477,0,0,0,1,0
1,90,1.466,79,379790,31,8,-9,27387,0,0,0,0,0,10,213,-3797,3477,0,0,0,1,0
1,90,1.537,80,379862,31,8,-9,27387,0,0,0,0,0,10,216,-3797,3477,0,0,0,1,0
1,90,1.606,81,379934,31,8,-9,27387,0,0,0,0,0,10,219,-3797,3477,0,0,0,1,0
1,90,1.75,83,380078,31,8,-9,27387,0,0,0,0,0,10,225,-3797,3477,0,0,0,1,0
1,90,1.821,84,380150,31,8,-9,27387,0,0,0,0,0,10,228,-3797,3477,0,0,0,1,0
1,90,1.899,85,380222,31,8,-9,27387,0,0,0,0,0,10,231,-3797,3477,0,0,0,1,0
1,90,1.966,86,380294,31,8,-9,27387,0,0,0,0,0,10,234,-3797,3477,0,0,0,1,0
1,90,2.046,87,380366,31,8,-9,27387,0,0,0,0,0,10,237,-3797,3477,0,0,0,1,0
1,90,2.11,88,380438,31,8,-9,27387,0,0,0,0,0,10,240,-3797,3477,0,0,0,1,0
1,90,2.182,89,380510,31,8,-9,27387,0,0,0,0,0,10,243,-3797,3477,0,0,0,1,0
1,90,2.253,90,380582,31,8,-9,27387,0,0,0,0,0,10,246,-3797,3477,0,0,0,1,0
1,90,2.325,91,380654,31,8,-9,27387,0,0,0,0,0,10,249,-3797,3477,0,0,0,1,0
1,90,2.397,92,380726,31,8,-9,27387,0,0,0,0,0,10,252,-3797,3477,0,0,0,1,0
1,90,2.469,93,380798,31,8,-9,27387,0,0,0,0,0,10,255,-3797,3477,0,0,0,1,0
1,90,2.542,94,380870,31,8,-9,27387,0,0,0,0,0,10,258,-3797,3477,0,0,0,1,0
1,90,2.614,95,380942,31,8,-9,27387,0,0,0,0,0,10,261,-3797,3477,0,0,0,1,0
1,90,2.694,96,381014,31,8,-9,27387,0,0,0,0,0,10,264,-3797,3477,0,0,0,1,0
1,90,2.761,97,381086,31,8,-9,27387,0,0,0,0,0,10,267,-3797,3477,0,0,0,1,0
1,90,2.829,98,381158,31,8,-9,27387,0,0,0,0,0,10,270,-3797,3477,0,0,0,1,0
1,90,2.973,100,381302,31,8,-9,27387,0,0,0,0,0,10,276,-3797,3477,0,0,0,1,0
1,90,3.118,102,381446,31,8,-9,27387,0,0,0,0,0,10,282,-3797,3477,0,0,0,1,0
1,90,3.335,105,381662,31,8,-9,27387,0,0,0,0,0,10,291,-3797,3477,0,0,0,1,0
1,90,3.414,106,381734,31,8,-9,27387,0,0,0,0,0,10,294,-3797,3477,0,0,0,1,0
1,90,3.477,107,381806,31,8,-9,27387,0,0,0,0,0,10,297,-3797,3477,0,0,0,1,0
1,90,3.55,108,381878,31,8,-9,27387,0,0,0,0,0,10,300,-3797,3477,0,0,0,1,0
1,90,3.694,110,382022,31,8,-9,27387,0,0,0,0,0,10,306,-3797,3477,0,0,0,1,0
1,90,3.766,111,382094,31,8,-9,27387,0,0,0,0,0,10,309,-3797,3477,0,0,0,1,0
1,90,3.837,112,382166,31,8,-9,27387,0,0,0,0,0,10,312,-3797,3477,0,0,0,1,0
1,90,3.91,113,382238,31,8,-9,27387,0,0,0,0,0,10,315,-3797,3477,0,0,0,1,0
1,90,3.982,114,382310,31,8,-9,27387,0,0,0,0,0,10,318,-3797,3477,0,0,0,1,0
1,90,4.054,115,382382,31,8,-9,27387,0,0,0,0,0,10,321,-3797,3477,0,0,0,1,0
1,90,4.127,116,382454,31,8,-9,27387,0,0,0,0,0,10,324,-3797,3477,0,0,0,1,0
1,90,4.198,117,382526,31,8,-9,27387,0,0,0,0,0,10,327,-3797,3477,0,0,0,1,0
1,90,4.269,118,382598,31,8,-9,27387,0,0,0,0,0,10,330,-3797,3477,0,0,0,1,0
1,90,4.342,119,382670,31,8,-9,27387,0,0,0,0,0,10,333,-3797,3477,0,0,0,1,0
1,90,4.415,120,382742,31,8,-9,27387,0,0,0,0,0,10,336,-3797,3477,0,0,0,1,0
1,90,4.486,121,382814,31,8,-9,27387,0,0,0,0,0,10,339,-3797,3477,0,0,0,1,0
1,90,4.558,122,382886,31,8,-9,27387,0,0,0,0,0,10,342,-3797,3477,0,0,0,1,0
1,90,4.629,123,382958,31,8,-9,27387,0,0,0,0,0,10,345,-3797,3477,0,0,0,1,0
1,90,4.701,124,383030,31,8,-9,27387,0,0,0,0,0,10,348,-3797,3477,0,0,0,1,0
1,90,4.782,125,383102,31,8,-9,27387,0,0,0,0,0,10,351,-3797,3477,0,0,0,1,0
1,90,4.845,126,383173,31,8,-9,27387,0,0,0,0,0,10,354,-3797,3477,0,0,0,1,0
1,90,4.917,127,383246,31,8,-9,27387,0,0,0,0,0,10,357,-3797,3477,0,0,0,1,0
1,90,4.989,0,383318,31,8,-9,27387,0,0,0,0,0,10,360,-3797,3477,0,0,0,1,0
1,90,5.061,1,383390,31,8,-9,27387,0,0,0,0,0,10,363,-3797,3477,0,0,0,1,0
1,90,5.134,2,383462,31,8,-9,27387,0,0,0,0,0,10,366,-3797,3477,0,0,0,1,0
1,90,5.277,4,383606,31,8,-9,27387,0,0,0,0,0,10,372,-3797,3477,0,0,0,1,0
1,90,5.422,6,383750,31,8,-9,27387,0,0,0,0,0,10,378,-3797,3477,0,0,0,1,0
1,90,5.493,7,383822,31,8,-9,27387,0,0,0,0,0,10,381,-3797,3477,0,0,0,1,0
1,90,5.565,8,383894,31,8,-9,27387,0,0,0,0,0,10,384,-3797,3477,0,0,0,1,0
1,90,5.638,9,383966,31,8,-9,27387,0,0,0,0,0,10,387,-3797,3477,0,0,0,1,0
1,90,5.709,10,384038,31,8,-9,27387,0,0,0,0,0,10,390,-3797,3477,0,0,0,1,0
1,90,5.782,11,384109,31,8,-9,27387,0,0,0,0,0,10,393,-3797,3477,0,0,0,1,0
1,90,5.855,12,384182,31,8,-9,27387,0,0,0,0,0,10,396,-3797,3477,0,0,0,1,0
1,90,6.069,15,384398,31,8,-9,27387,0,0,0,0,0,10,405,-3797,3477,0,0,0,1,0
1,90,6.234,18,384561,31,8,-9,27387,0,0,0,0,0,10,407,-3797,3477,0,0,0,1,0
1,90,6.289,19,384617,31,8,-9,27387,0,0,0,0,0,10,407,-3797,3477,0,0,0,1,0
1,90,6.346,20,384673,31,8,-9,27387,0,0,0,0,0,10,407,-3797,3477,0,0,0,1,0
1,90,6.402,21,384729,31,8,-9,27387,0,0,0,0,0,10,407,-3797,3477,0,0,0,1,0
1,90,6.458,22,384786,31,8,-9,27387,0,0,0,0,0,10,407,-3797,3477,0,0,0,1,0
1,90,6.514,23,384841,31,8,-9,27387,0,0,0,0,0,10,407,-3797,3477,0,0,0,1,0
1,90,6.569,24,384898,31,8,-9,27387,0,0,0,0,0,10,407,-3797,3477,0,0,0,1,0
1,90,6.681,26,385009,31,8,-9,27387,0,0,0,0,0,10,407,-3797,3477,0,0,0,1,0
1,90,6.737,27,385065,31,8,-9,27387,0,0,0,0,0,10,407,-3797,3477,0,0,0,1,0
1,90,6.849,29,385177,31,8,-9,27387,0,0,0,0,0,10,407,-3797,3477,0,0,0,1,0
1,90,7.073,33,385402,31,8,-9,27387,0,0,0,0,0,10,407,-3797,3477,0,0,0,1,0
1,90,7.13,34,385458,31,8,-9,27387,0,0,0,0,0,10,407,-3797,3477,0,0,0,1,0
1,90,7.193,35,385513,31,8,-9,27387,0,0,0,0,0,10,407,-3797,3477,0,0,0,1,0
1,90,7.237,36,385565,31,8,-9,27387,0,0,0,0,0,10,407,-3797,3477,0,0,0,1,0
1,90,7.293,37,385621,31,8,-9,27387,0,0,0,0,0,10,407,-3797,3477,0,0,0,1,0
1,90,7.349,38,385678,31,8,-9,27387,0,0,0,0,0,10,407,-3797,3477,0,0,0,1,0
1,90,7.406,39,385733,31,8,-9,27387,0,0,0,0,0,10,407,-3797,3477,0,0,0,1,0
1,90,7.518,41,385845,31,8,-9,27387,0,0,0,0,0,10,407,-3797,3477,0,0,0,1,0
1,90,7.631,43,385957,31,8,-9,27387,0,0,0,0,0,10,407,-3797,3477,0,0,0,1,0
1,90,7.686,44,386013,31,8,-9,27387,0,0,0,0,0,10,407,-3797,3477,0,0,0,1,0
1,90,7.742,45,386069,31,8,-9,27387,0,0,0,0,0,10,407,-3797,3477,0,0,0,1,0
1,90,7.797,46,386125,31,8,-9,27387,0,0,0,0,0,10,407,-3797,3477,0,0,0,1,0
1,90,7.853,47,386181,31,8,-9,27387,0,0,0,0,0,10,407,-3797,3477,0,0,0,1,0
1,90,7.91,48,386238,31,8,-9,27387,0,0,0,0,0,10,407,-3797,3477,0,0,0,1,0
1,90,7.966,49,386294,31,8,-9,27387,0,0,0,0,0,10,407,-3797,3477,0,0,0,1,0
1,90,8.078,51,386406,31,8,-9,27387,0,0,0,0,0,10,407,-3797,3477,0,0,0,1,0
1,90,8.134,52,386461,31,8,-9,27387,0,0,0,0,0,10,407,-3797,3477,0,0,0,1,0
1,90,8.191,53,386517,31,8,-9,27387,0,0,0,0,0,10,407,-3797,3477,0,0,0,1,0
1,90,8.254,54,386573,31,8,-9,27387,0,0,0,0,0,10,407,-3797,3477,0,0,0,1,0
1,90,8.409,57,386737,31,8,-9,27387,0,0,0,0,0,10,407,-3797,3477,0,0,0,1,0
1,90,8.466,58,386794,31,8,-9,27387,0,0,0,0,0,10,407,-3797,3477,0,0,0,1,0
1,90,8.522,59,386849,31,8,-9,27387,0,0,0,0,0,10,407,-3797,3477,0,0,0,1,0
1,90,8.578,60,386905,31,8,-9,27387,0,0,0,0,0,10,407,-3797,3477,0,0,0,1,0
1,90,8.635,61,386961,31,8,-9,27387,0,0,0,0,0,10,407,-3797,3477,0,0,0,1,0
1,90,8.745,63,387074,31,8,-9,27387,0,0,0,0,0,10,407,-3797,3477,0,0,0,1,0
1,90,8.802,64,387129,31,8,-9,27387,0,0,0,0,0,10,407,-3797,3477,0,0,0,1,0
1,90,8.859,65,387186,31,8,-9,27387,0,0,0,0,0,10,407,-3797,3477,0,0,0,1,0
1,90,8.917,66,387241,31,8,-9,27387,0,0,0,0,0,10,407,-3797,3477,0,0,0,1,0
1,90,8.973,67,387297,31,8,-9,27387,0,0,0,0,0,10,407,-3797,3477,0,0,0,1,0
1,90,9.025,68,387353,31,8,-9,27387,0,0,0,0,0,10,407,-3797,3477,0,0,0,1,0
1,90,9.081,69,387409,31,8,-9,27387,0,0,0,0,0,10,407,-3797,3477,0,0,0,1,0
1,90,9.14,70,387465,31,8,-9,27387,0,0,0,0,0,10,407,-3797,3477,0,0,0,1,0
1,90,9.195,71,387522,31,8,-9,27387,0,0,0,0,0,10,407,-3797,3477,0,0,0,1,0
1,90,9.249,72,387578,31,8,-9,27387,0,0,0,0,0,10,407,-3797,3477,0,0,0,1,0
1,90,9.314,73,387633,31,8,-9,27387,0,0,0,0,0,10,407,-3797,3477,0,0,0,1,0
1,90,9.357,74,387685,31,8,-9,27387,0,0,0,0,0,10,407,-3797,3477,0,0,0,1,0
1,90,9.469,76,387797,31,8,-9,27387,0,0,0,0,0,10,407,-3797,3477,0,0,0,1,0
1,90,9.525,77,387853,31,8,-9,27387,0,0,0,0,0,10,407,-3797,3477,0,0,0,1,0
1,90,9.581,78,387910,31,8,-9,27387,0,0,0,0,0,10,407,-3797,3477,0,0,0,1,0
1,90,9.638,79,387966,31,8,-9,27387,0,0,0,0,0,10,407,-3797,3477,0,0,0,1,0
1,90,9.693,80,388021,31,8,-9,27387,0,0,0,0,0,10,407,-3797,3477,0,0,0,1,0
1,90,9.806,82,388133,31,8,-9,27387,0,0,0,0,0,10,407,-3797,3477,0,0,0,1,0
1,90,9.861,83,388189,31,8,-9,27387,0,0,0,0,0,10,407,-3797,3477,0,0,0,1,0
1,90,9.974,85,388302,31,8,-9,27387,0,0,0,0,0,10,407,-3797,3477,0,0,0,1,0
1,90,10.031,86,388358,31,8,-9,27387,0,0,0,0,0,10,407,-3797,3477,0,0,0,1,0
1,90,10.142,88,388469,31,8,-9,27387,0,0,0,0,0,10,407,-3797,3477,0,0,0,1,0
1,90,10.197,89,388525,31,8,-9,27387,0,0,0,0,0,10,407,-3797,3477,0,0,0,1,0
1,90,10.253,90,388581,31,8,-9,27387,0,0,0,0,0,10,407,-3797,3477,0,0,0,1,0
1,90,10.309,91,388637,31,8,-9,27387,0,0,0,0,0,10,407,-3797,3477,0,0,0,1,0
1,90,10.418,93,388746,31,8,-9,27387,0,0,0,0,0,10,407,-3797,3477,0,0,0,1,0
1,90,10.475,94,388802,31,8,-9,27387,0,0,0,0,0,10,407,-3797,3477,0,0,0,1,0
1,90,10.529,95,388857,31,8,-9,27387,0,0,0,0,0,10,407,-3797,3477,0,0,0,1,0
1,90,10.641,97,388969,31,8,-9,27387,0,0,0,0,0,10,407,-3797,3477,0,0,0,1,0
1,90,10.754,99,389081,31,8,-9,27387,0,0,0,0,0,10,407,-3797,3477,0,0,0,1,0
1,90,10.922,102,389249,31,8,-9,27387,0,0,0,0,0,10,407,-3797,3477,0,0,0,1,0
1,90,11.033,104,389361,31,8,-9,27387,0,0,0,0,0,10,407,-3797,3477,0,0,0,1,0
1,90,11.089,105,389417,31,8,-9,27387,0,0,0,0,0,10,407,-3797,3477,0,0,0,1,0
1,90,11.201,107,389529,31,8,-9,27387,0,0,0,0,0,10,407,-3797,3477,0,0,0,1,0
1,90,11.314,109,389642,31,8,-9,27387,0,0,0,0,0,10,407,-3797,3477,0,0,0,1,0
1,90,11.375,110,389698,31,8,-9,27387,0,0,0,0,0,10,407,-3797,3477,0,0,0,1,0
1,90,11.434,111,389754,31,8,-9,27387,0,0,0,0,0,10,407,-3797,3477,0,0,0,1,0
1,90,11.479,112,389805,31,8,-9,27387,0,0,0,0,0,10,407,-3797,3477,0,0,0,1,0
1,90,11.533,113,389861,31,8,-9,27387,0,0,0,0,0,10,407,-3797,3477,0,0,0,1,0
1,90,11.59,114,389917,31,8,-9,27387,0,0,0,0,0,10,407,-3797,3477,0,0,0,1,0
1,90,11.701,116,390030,31,8,-9,27387,0,0,0,0,0,10,407,-3797,3477,0,0,0,1,0
1,90,11.758,117,390086,31,8,-9,27387,0,0,0,0,0,10,407,-3797,3477,0,0,0,1,0
1,90,11.873,119,390197,31,8,-9,27387,0,0,0,0,0,10,407,-3797,3477,0,0,0,1,0
1,90,11.925,120,390254,31,8,-9,27387,0,0,0,0,0,10,407,-3797,3477,0,0,0,1,0
1,90,11.981,121,390309,31,8,-9,27387,0,0,0,0,0,10,407,-3797,3477,0,0,0,1,0
1,90,12.043,122,390365,31,8,-9,27387,0,0,0,0,0,10,407,-3797,3477,0,0,0,1,0
1,90,12.094,123,390421,31,8,-9,27387,0,0,0,0,0,10,407,-3797,3477,0,0,0,1,0
1,90,12.15,124,390478,31,8,-9,27387,0,0,0,0,0,10,407,-3797,3477,0,0,0,1,0
1,90,12.266,126,390589,31,8,-9,27387,0,0,0,0,0,10,407,-3797,3477,0,0,0,1,0
1,90,12.317,127,390645,31,8,-9,27387,0,0,0,0,0,10,407,-3797,3477,0,0,0,1,0
1,90,12.538,3,390866,31,8,-9,27387,0,0,0,0,0,10,407,-3797,3477,0,0,0,1,0
1,90,12.593,4,390922,31,8,-9,27387,0,0,0,0,0,10,407,-3797,3477,0,0,0,1,0
1,90,12.649,5,390977,31,8,-9,27387,0,0,0,0,0,10,407,-3797,3477,0,0,0,1,0
1,90,12.705,6,391034,31,8,-9,27387,0,0,0,0,0,10,407,-3797,3477,0,0,0,1,0
1,90,12.761,7,391089,31,8,-9,27387,0,0,0,0,0,10,407,-3797,3477,0,0,0,1,0
1,90,12.817,8,391145,31,8,-9,27387,0,0,0,0,0,10,407,-3797,3477,0,0,0,1,0
1,90,12.874,9,391202,31,8,-9,27387,0,0,0,0,0,10,407,-3797,3477,0,0,0,1,0
1,90,12.929,10,391257,31,8,-9,27387,0,0,0,0,0,10,407,-3797,3477,0,0,0,1,0
1,90,12.985,11,391314,31,8,-9,27387,0,0,0,0,0,10,407,-3797,3477,0,0,0,1,0
1,90,13.097,13,391425,31,8,-9,27387,0,0,0,0,0,10,407,-3797,3477,0,0,0,1,0
1,90,13.153,14,391481,31,8,-9,27387,0,0,0,0,0,10,407,-3797,3477,0,0,0,1,0
1,90,13.209,15,391537,31,8,-9,27387,0,0,0,0,0,10,407,-3797,3477,0,0,0,1,0
1,90,13.265,16,391593,31,8,-9,27387,0,0,0,0,0,10,407,-3797,3477,0,0,0,1,0
1,90,13.32,17,391649,31,8,-9,27387,0,0,0,0,0,10,407,-3797,3477,0,0,0,1,0
1,90,13.376,18,391705,31,8,-9,27387,0,0,0,0,0,10,407,-3797,3477,0,0,0,1,0
1,90,13.433,19,391762,31,8,-9,27387,0,0,0,0,0,10,407,-3797,3477,0,0,0,1,0
1,90,13.489,20,391818,31,8,-9,27387,0,0,0,0,0,10,407,-3797,3477,0,0,0,1,0
1,90,13.553,21,391873,31,8,-9,27387,0,0,0,0,0,10,407,-3797,3477,0,0,0,1,0
1,90,13.597,22,391925,31,8,-9,27387,0,0,0,0,0,10,407,-3797,3477,0,0,0,1,0
1,90,13.71,24,392037,31,8,-9,27387,0,0,0,0,0,10,407,-3797,3477,0,0,0,1,0
1,90,13.765,25,392093,31,8,-9,27387,0,0,0,0,0,10,407,-3797,3477,0,0,0,1,0
1,90,13.821,26,392150,31,8,-9,27387,0,0,0,0,0,10,407,-3797,3477,0,0,0,1,0
1,90,13.933,28,392261,31,8,-9,27387,0,0,0,0,0,10,407,-3797,3477,0,0,0,1,0
1,90,13.989,29,392317,31,8,-9,27387,0,0,0,0,0,10,407,-3797,3477,0,0,0,1,0
1,90,14.045,30,392373,31,8,-9,27387,0,0,0,0,0,10,407,-3797,3477,0,0,0,1,0
1,90,14.101,31,392429,31,8,-9,27387,0,0,0,0,0,10,407,-3797,3477,0,0,0,1,0
1,90,14.157,32,392485,31,8,-9,27387,0,0,0,0,0,10,407,-3797,3477,0,0,0,1,0
1,90,14.213,33,392542,31,8,-9,27387,0,0,0,0,0,10,407,-3797,3477,0,0,0,1,0
1,90,14.325,35,392654,31,8,-9,27387,0,0,0,0,0,10,407,-3797,3477,0,0,0,1,0
1,90,14.38,36,392709,31,8,-9,27387,0,0,0,0,0,10,407,-3797,3477,0,0,0,1,0
1,90,14.439,37,392765,31,8,-9,27387,0,0,0,0,0,10,407,-3797,3477,0,0,0,1,0
1,90,14.493,38,392821,31,8,-9,27387,0,0,0,0,0,10,407,-3797,3477,0,0,0,1,0
1,90,14.549,39,392877,31,8,-9,27387,0,0,0,0,0,10,407,-3797,3477,0,0,0,1,0
1,90,14.613,40,392933,31,8,-9,27387,0,0,0,0,0,10,407,-3797,3477,0,0,0,1,0
1,90,14.657,41,392986,31,8,-9,27387,0,0,0,0,0,10,407,-3797,3477,0,0,0,1,0
1,90,14.718,42,393042,31,8,-9,27387,0,0,0,0,0,10,407,-3797,3477,0,0,0,1,0
1,90,14.769,43,393097,31,8,-9,27387,0,0,0,0,0,10,407,-3797,3477,0,0,0,1,0
1,90,14.827,44,393153,31,8,-9,27387,0,0,0,0,0,10,407,-3797,3477,0,0,0,1,0
1,90,14.882,45,393209,31,8,-9,27387,0,0,0,0,0,10,407,-3797,3477,0,0,0,1,0
1,90,14.937,46,393265,31,8,-9,27387,0,0,0,0,0,10,407,-3797,3477,0,0,0,1,0
1,90,14.993,47,393322,31,8,-9,27387,0,0,0,0,0,10,407,-3797,3477,0,0,0,1,0
1,90,15.051,48,393378,31,8,-9,27387,0,0,0,0,0,10,407,-3797,3477,0,0,0,1,0
1,90,15.162,50,393490,31,8,-9,27387,0,0,0,0,0,10,407,-3797,3477,0,0,0,1,0
1,90,15.217,51,393545,31,8,-9,27387,0,0,0,0,0,10,407,-3797,3477,0,0,0,1,0
1,90,15.274,52,393602,31,8,-9,27387,0,0,0,0,0,10,407,-3797,3477,0,0,0,1,0
1,90,15.386,54,393713,31,8,-9,27387,0,0,0,0,0,10,407,-3797,3477,0,0,0,1,0
1,90,15.444,55,393770,31,8,-9,27387,0,0,0,0,0,10,407,-3797,3477,0,0,0,1,0
1,90,15.553,57,393882,31,8,-9,27387,0,0,0,0,0,10,407,-3797,3477,0,0,0,1,0
1,90,15.609,58,393938,31,8,-9,27387,0,0,0,0,0,10,407,-3797,3477,0,0,0,1,0
1,90,15.676,59,393993,31,8,-9,27387,0,0,0,0,0,10,407,-3797,3477,0,0,0,1,0
1,90,15.718,60,394045,31,8,-9,27387,0,0,0,0,0,10,407,-3797,3477,0,0,0,1,0
1,90,15.773,61,394102,31,8,-9,27387,0,0,0,0,0,10,407,-3797,3477,0,0,0,1,0
1,90,15.83,62,394157,31,8,-9,27387,0,0,0,0,0,10,407,-3797,3477,0,0,0,1,0
1,90,15.885,63,394213,31,8,-9,27387,0,0,0,0,0,10,407,-3797,3477,0,0,0,1,0
1,90,15.998,65,394326,31,8,-9,27387,0,0,0,0,0,10,407,-3797,3477,0,0,0,1,0
1,90,16.053,66,394382,31,8,-9,27387,0,0,0,0,0,10,407,-3797,3477,0,0,0,1,0
1,90,16.109,67,394437,31,8,-9,27387,0,0,0,0,0,10,407,-3797,3477,0,0,0,1,0
1,90,16.221,69,394549,31,8,-9,27387,0,0,0,0,0,10,407,-3797,3477,0,0,0,1,0
1,90,16.391,72,394718,31,8,-9,27387,0,0,0,0,0,10,407,-3797,3477,0,0,0,1,0
1,90,16.448,73,394774,31,8,-9,27387,0,0,0,0,0,10,407,-3797,3477,0,0,0,1,0
1,90,16.503,74,394830,31,8,-9,27387,0,0,0,0,0,10,407,-3797,3477,0,0,0,1,0
1,90,16.614,76,394941,31,8,-9,27387,0,0,0,0,0,10,407,-3797,3477,0,0,0,1,0
1,90,16.669,77,394997,31,8,-9,27387,0,0,0,0,0,10,407,-3797,3477,0,0,0,1,0
1,90,16.734,78,395054,31,8,-9,27387,0,0,0,0,0,10,407,-3797,3477,0,0,0,1,0
1,90,17.001,83,395329,31,8,-9,27387,0,0,0,0,0,10,407,-3797,3477,0,0,0,1,0
1,90,17.057,84,395385,31,8,-9,27387,0,0,0,0,0,10,407,-3797,3477,0,0,0,1,0
1,90,17.225,87,395554,31,8,-9,27387,0,0,0,0,0,10,407,-3797,3477,0,0,0,1,0
1,90,17.284,88,395610,31,8,-9,27387,0,0,0,0,0,10,407,-3797,3477,0,0,0,1,0
1,90,17.451,91,395778,31,8,-9,27387,0,0,0,0,0,10,407,-3797,3477,0,0,0,1,0
1,90,17.561,93,395889,31,8,-9,27387,0,0,0,0,0,10,407,-3797,3477,0,0,0,1,0
1,90,17.617,94,395945,31,8,-9,27387,0,0,0,0,0,10,407,-3797,3477,0,0,0,1,0
2,-90,-0.044,42,414465,31,8,-9,27387,0,0,0,0,0,10,407,-3797,3477,0,0,0,1,0
2,-90,0.136,45,414646,31,8,-8,27326,0,0,0,0,-36,13,411,-3797,3461,1100,-1200,0,1,0
2,-90,0.289,47,414790,31,8,-7,26736,0,0,0,52,-72,14,417,-3736,3366,1700,-1700,0,1,0
2,-90,0.352,48,414862,31,8,-6,26168,0,0,0,82,-108,14,420,-3669,3283,2100,-2200,0,1,0
2,-90,0.425,49,414934,31,8,-6,25327,0,0,0,108,-128,14,423,-3569,3161,2400,-2400,0,1,0
2,-90,0.497,50,415006,31,9,-5,24214,0,0,0,154,-190,14,426,-3436,3000,2600,-2700,0,1,0
2,-90,0.64,52,415150,31,10,-3,21710,0,0,0,180,-200,14,432,-3125,2650,2600,-2500,0,1,0
2,-90,0.712,53,415222,31,10,-3,20506,0,0,0,174,-163,14,435,-2969,2488,2600,-2200,0,1,0
2,-90,0.787,54,415294,31,10,-3,19340,0,0,0,174,-164,14,438,-2813,2336,1700,-1200,0,1,0
2,-90,0.935,56,415446,31,12,2,18594,0,0,0,0,0,14,446,-2697,2255,0,0,0,1,0
2,-90,1.008,57,415518,31,12,2,18594,0,0,0,0,0,14,449,-2697,2255,0,0,0,1,0
2,-90,1.08,58,415590,31,12,2,18594,0,0,0,0,0,14,452,-2697,2255,0,0,0,1,0
2,-90,1.152,59,415662,31,12,2,18594,0,0,0,0,0,14,455,-2697,2255,0,0,0,1,0
2,-90,1.224,60,415734,31,12,2,18594,0,0,0,0,0,14,458,-2697,2255,0,0,0,1,0
2,-90,1.302,61,415806,31,12,2,18594,0,0,0,0,0,14,461,-2697,2255,0,0,0,1,0
2,-90,1.516,64,416022,31,12,2,18594,0,0,0,0,0,14,470,-2697,2255,0,0,0,1,0
2,-90,1.593,65,416094,31,12,2,18594,0,0,0,0,0,14,473,-2697,2255,0,0,0,1,0
2,-90,1.728,67,416238,31,12,2,18594,0,0,0,0,0,14,479,-2697,2255,0,0,0,1,0
2,-90,1.799,68,416310,31,12,2,18594,0,0,0,0,0,14,482,-2697,2255,0,0,0,1,0
2,-90,1.944,70,416454,31,12,2,18594,0,0,0,0,0,14,488,-2697,2255,0,0,0,1,0
2,-90,2.09,72,416598,31,12,2,18594,0,0,0,0,0,14,494,-2697,2255,0,0,0,1,0
2,-90,2.159,73,416670,31,12,2,18594,0,0,0,0,0,14,497,-2697,2255,0,0,0,1,0
2,-90,2.24,74,416742,31,12,2,18594,0,0,0,0,0,14,500,-2697,2255,0,0,0,1,0
2,-90,2.305,75,416814,31,12,2,18594,0,0,0,0,0,14,503,-2697,2255,0,0,0,1,0
2,-90,2.376,76,416886,31,12,2,18594,0,0,0,0,0,14,506,-2697,2255,0,0,0,1,0
2,-90,2.448,77,416958,31,12,2,18594,0,0,0,0,0,14,509,-2697,2255,0,0,0,1,0
2,-90,2.664,80,417174,31,12,2,18594,0,0,0,0,0,14,518,-2697,2255,0,0,0,1,0
2,-90,2.736,81,417246,31,12,2,18594,0,0,0,0,0,14,521,-2697,2255,0,0,0,1,0
2,-90,2.809,82,417318,31,12,2,18594,0,0,0,0,0,14,524,-2697,2255,0,0,0,1,0
2,-90,2.879,83,417389,31,12,2,18594,0,0,0,0,0,14,527,-2697,2255,0,0,0,1,0
2,-90,2.952,84,417462,31,12,2,18594,0,0,0,0,0,14,530,-2697,2255,0,0,0,1,0
2,-90,3.097,86,417606,31,12,2,18594,0,0,0,0,0,14,536,-2697,2255,0,0,0,1,0
2,-90,3.208,88,417717,31,12,2,18594,0,0,0,0,0,14,536,-2697,2255,0,0,0,1,0
2,-90,3.264,89,417773,31,12,2,18594,0,0,0,0,0,14,536,-2697,2255,0,0,0,1,0
2,-90,3.322,90,417829,31,12,2,18594,0,0,0,0,0,14,536,-2697,2255,0,0,0,1,0
2,-90,3.489,93,417997,31,12,2,18594,0,0,0,0,0,14,536,-2697,2255,0,0,0,1,0
2,-90,3.54,94,418050,31,12,2,18594,0,0,0,0,0,14,536,-2697,2255,0,0,0,1,0
2,-90,3.595,95,418105,31,12,2,18594,0,0,0,0,0,14,536,-2697,2255,0,0,0,1,0
2,-90,3.708,97,418217,31,12,2,18594,0,0,0,0,0,14,536,-2697,2255,0,0,0,1,0
2,-90,3.764,98,418273,31,12,2,18594,0,0,0,0,0,14,536,-2697,2255,0,0,0,1,0
2,-90,3.875,100,418386,31,12,2,18594,0,0,0,0,0,14,536,-2697,2255,0,0,0,1,0
2,-90,3.931,101,418442,31,12,2,18594,0,0,0,0,0,14,536,-2697,2255,0,0,0,1,0
2,-90,3.989,102,418498,31,12,2,18594,0,0,0,0,0,14,536,-2697,2255,0,0,0,1,0
2,-90,4.047,103,418553,31,12,2,18594,0,0,0,0,0,14,536,-2697,2255,0,0,0,1,0
2,-90,4.162,105,418665,31,12,2,18594,0,0,0,0,0,14,536,-2697,2255,0,0,0,1,0
2,-90,4.218,106,418721,31,12,2,18594,0,0,0,0,0,14,536,-2697,2255,0,0,0,1,0
2,-90,4.27,107,418778,31,12,2,18594,0,0,0,0,0,14,536,-2697,2255,0,0,0,1,0
2,-90,4.379,109,418890,31,12,2,18594,0,0,0,0,0,14,536,-2697,2255,0,0,0,1,0
2,-90,4.435,110,418946,31,12,2,18594,0,0,0,0,0,14,536,-2697,2255,0,0,0,1,0
2,-90,4.493,111,419002,31,12,2,18594,0,0,0,0,0,14,536,-2697,2255,0,0,0,1,0
2,-90,4.559,112,419057,31,12,2,18594,0,0,0,0,0,14,536,-2697,2255,0,0,0,1,0
2,-90,4.607,113,419109,31,12,2,18594,0,0,0,0,0,14,536,-2697,2255,0,0,0,1,0
2,-90,4.659,114,419166,31,12,2,18594,0,0,0,0,0,14,536,-2697,2255,0,0,0,1,0
2,-90,4.713,115,419221,31,12,2,18594,0,0,0,0,0,14,536,-2697,2255,0,0,0,1,0
2,-90,4.778,116,419278,31,12,2,18594,0,0,0,0,0,14,536,-2697,2255,0,0,0,1,0
2,-90,4.827,117,419334,31,12,2,18594,0,0,0,0,0,14,536,-2697,2255,0,0,0,1,0
2,-90,4.88,118,419389,31,12,2,18594,0,0,0,0,0,14,536,-2697,2255,0,0,0,1,0
2,-90,4.992,119,419445,31,12,2,18594,0,0,0,0,0,14,536,-2697,2255,0,0,0,1,0
2,-90,5.058,121,419557,31,12,2,18594,0,0,0,0,0,14,536,-2697,2255,0,0,0,1,0
2,-90,5.106,122,419613,31,12,2,18594,0,0,0,0,0,14,536,-2697,2255,0,0,0,1,0
2,-90,5.246,123,419669,31,12,2,18594,0,0,0,0,0,14,536,-2697,2255,0,0,0,1,0
2,-90,5.246,124,419726,31,12,2,18594,0,0,0,0,0,14,536,-2697,2255,0,0,0,1,0
2,-90,5.32,125,419782,31,12,2,18594,0,0,0,0,0,14,536,-2697,2255,0,0,0,1,0
2,-90,5.342,126,419837,31,12,2,18594,0,0,0,0,0,14,536,-2697,2255,0,0,0,1,0
2,-90,5.387,127,419894,31,12,2,18594,0,0,0,0,0,14,536,-2697,2255,0,0,0,1,0
2,-90,5.498,1,420005,31,12,2,18594,0,0,0,0,0,14,536,-2697,2255,0,0,0,1,0
2,-90,5.62,3,420117,31,12,2,18594,0,0,0,0,0,14,536,-2697,2255,0,0,0,1,0
2,-90,5.659,4,420170,31,12,2,18594,0,0,0,0,0,14,536,-2697,2255,0,0,0,1,0
2,-90,5.716,5,420225,31,12,2,18594,0,0,0,0,0,14,536,-2697,2255,0,0,0,1,0
2,-90,5.774,6,420281,31,12,2,18594,0,0,0,0,0,14,536,-2697,2255,0,0,0,1,0
2,-90,5.828,7,420337,31,12,2,18594,0,0,0,0,0,14,536,-2697,2255,0,0,0,1,0
2,-90,5.944,9,420450,31,12,2,18594,0,0,0,0,0,14,536,-2697,2255,0,0,0,1,0
2,-90,6.036,10,420505,31,12,2,18594,0,0,0,0,0,14,536,-2697,2255,0,0,0,1,0
2,-90,6.108,12,420618,31,12,2,18594,0,0,0,0,0,14,536,-2697,2255,0,0,0,1,0
2,-90,6.22,14,420729,31,12,2,18594,0,0,0,0,0,14,536,-2697,2255,0,0,0,1,0
2,-90,6.473,16,420841,31,12,2,18594,0,0,0,0,0,14,536,-2697,2255,0,0,0,1,0
2,-90,6.473,17,420897,31,12,2,18594,0,0,0,0,0,14,536,-2697,2255,0,0,0,1,0
2,-90,6.473,18,420953,31,12,2,18594,0,0,0,0,0,14,536,-2697,2255,0,0,0,1,0
2,-90,6.504,19,421010,31,12,2,18594,0,0,0,0,0,14,536,-2697,2255,0,0,0,1,0
2,-90,6.567,20,421066,31,12,2,18594,0,0,0,0,0,14,536,-2697,2255,0,0,0,1,0
2,-90,6.687,22,421179,31,12,2,18594,0,0,0,0,0,14,536,-2697,2255,0,0,0,1,0
2,-90,6.777,24,421285,31,12,2,18594,0,0,0,0,0,14,536,-2697,2255,0,0,0,1,0
2,-90,6.832,25,421341,31,12,2,18594,0,0,0,0,0,14,536,-2697,2255,0,0,0,1,0
2,-90,6.888,26,421398,31,12,2,18594,0,0,0,0,0,14,536,-2697,2255,0,0,0,1,0
2,-90,7.002,28,421509,31,12,2,18594,0,0,0,0,0,14,536,-2697,2255,0,0,0,1,0
2,-90,7.056,29,421565,31,12,2,18594,0,0,0,0,0,14,536,-2697,2255,0,0,0,1,0
2,-90,7.133,30,421621,31,12,2,18594,0,0,0,0,0,14,536,-2697,2255,0,0,0,1,0
2,-90,7.169,31,421677,31,12,2,18594,0,0,0,0,0,14,536,-2697,2255,0,0,0,1,0
2,-90,7.226,32,421733,31,12,2,18594,0,0,0,0,0,14,536,-2697,2255,0,0,0,1,0
2,-90,7.326,33,421789,31,12,2,18594,0,0,0,0,0,14,536,-2697,2255,0,0,0,1,0
2,-90,7.451,36,421957,31,12,2,18594,0,0,0,0,0,14,536,-2697,2255,0,0,0,1,0
2,-90,7.56,38,422069,31,12,2,18594,0,0,0,0,0,14,536,-2697,2255,0,0,0,1,0
2,-90,7.626,39,422125,31,12,2,18594,0,0,0,0,0,14,536,-2697,2255,0,0,0,1,0
2,-90,7.736,41,422237,31,12,2,18594,0,0,0,0,0,14,536,-2697,2255,0,0,0,1,0
2,-90,7.779,42,422290,31,12,2,18594,0,0,0,0,0,14,536,-2697,2255,0,0,0,1,0
2,-90,8.059,47,422569,31,12,2,18594,0,0,0,0,0,14,536,-2697,2255,0,0,0,1,0
2,-90,8.12,48,422625,31,12,2,18594,0,0,0,0,0,14,536,-2697,2255,0,0,0,1,0
2,-90,8.173,49,422682,31,12,2,18594,0,0,0,0,0,14,536,-2697,2255,0,0,0,1,0
2,-90,8.228,50,422738,31,12,2,18594,0,0,0,0,0,14,536,-2697,2255,0,0,0,1,0
2,-90,8.283,51,422793,31,12,2,18594,0,0,0,0,0,14,536,-2697,2255,0,0,0,1,0
2,-90,8.34,52,422849,31,12,2,18594,0,0,0,0,0,14,536,-2697,2255,0,0,0,1,0
2,-90,8.406,53,422905,31,12,2,18594,0,0,0,0,0,14,536,-2697,2255,0,0,0,1,0
2,-90,8.509,55,423017,31,12,2,18594,0,0,0,0,0,14,536,-2697,2255,0,0,0,1,0
2,-90,8.847,61,423349,31,12,2,18594,0,0,0,0,0,14,536,-2697,2255,0,0,0,1,0
2,-90,8.902,62,423405,31,12,2,18594,0,0,0,0,0,14,536,-2697,2255,0,0,0,1,0
2,-90,8.957,63,423461,31,12,2,18594,0,0,0,0,0,14,536,-2697,2255,0,0,0,1,0
2,-90,9.289,69,423797,31,12,2,18594,0,0,0,0,0,14,536,-2697,2255,0,0,0,1,0
2,-90,9.352,70,423853,31,12,2,18594,0,0,0,0,0,14,536,-2697,2255,0,0,0,1,0
2,-90,9.412,71,423909,31,12,2,18594,0,0,0,0,0,14,536,-2697,2255,0,0,0,1,0
2,-90,9.455,72,423966,31,12,2,18594,0,0,0,0,0,14,536,-2697,2255,0,0,0,1,0
2,-90,9.512,73,424022,31,12,2,18594,0,0,0,0,0,14,536,-2697,2255,0,0,0,1,0
2,-90,9.568,74,424077,31,12,2,18594,0,0,0,0,0,14,536,-2697,2255,0,0,0,1,0
2,-90,9.624,75,424133,31,12,2,18594,0,0,0,0,0,14,536,-2697,2255,0,0,0,1,0
2,-90,9.68,76,424189,31,12,2,18594,0,0,0,0,0,14,536,-2697,2255,0,0,0,1,0
2,-90,9.735,77,424245,31,12,2,18594,0,0,0,0,0,14,536,-2697,2255,0,0,0,1,0
2,-90,9.899,80,424410,31,12,2,18594,0,0,0,0,0,14,536,-2697,2255,0,0,0,1,0
2,-90,10.011,82,424522,31,12,2,18594,0,0,0,0,0,14,536,-2697,2255,0,0,0,1,0
2,-90,10.067,83,424577,31,12,2,18594,0,0,0,0,0,14,536,-2697,2255,0,0,0,1,0
2,-90,10.124,84,424633,31,12,2,18594,0,0,0,0,0,14,536,-2697,2255,0,0,0,1,0
2,-90,10.179,85,424689,31,12,2,18594,0,0,0,0,0,14,536,-2697,2255,0,0,0,1,0
2,-90,10.234,86,424745,31,12,2,18594,0,0,0,0,0,14,536,-2697,2255,0,0,0,1,0
2,-90,10.46,90,424969,31,12,2,18594,0,0,0,0,0,14,536,-2697,2255,0,0,0,1,0
2,-90,10.515,91,425025,31,12,2,18594,0,0,0,0,0,14,536,-2697,2255,0,0,0,1,0
2,-90,10.572,92,425081,31,12,2,18594,0,0,0,0,0,14,536,-2697,2255,0,0,0,1,0
2,-90,10.627,93,425137,31,12,2,18594,0,0,0,0,0,14,536,-2697,2255,0,0,0,1,0
2,-90,10.684,94,425193,31,12,2,18594,0,0,0,0,0,14,536,-2697,2255,0,0,0,1,0
2,-90,10.739,95,425250,31,12,2,18594,0,0,0,0,0,14,536,-2697,2255,0,0,0,1,0
2,-90,10.796,96,425306,31,12,2,18594,0,0,0,0,0,14,536,-2697,2255,0,0,0,1,0
2,-90,10.853,97,425361,31,12,2,18594,0,0,0,0,0,14,536,-2697,2255,0,0,0,1,0
2,-90,10.959,99,425469,31,12,2,18594,0,0,0,0,0,14,536,-2697,2255,0,0,0,1,0
2,-90,11.072,101,425581,31,12,2,18594,0,0,0,0,0,14,536,-2697,2255,0,0,0,1,0
2,-90,11.128,102,425637,31,12,2,18594,0,0,0,0,0,14,536,-2697,2255,0,0,0,1,0
2,-90,11.295,105,425805,31,12,2,18594,0,0,0,0,0,14,536,-2697,2255,0,0,0,1,0
2,-90,11.351,106,425861,31,12,2,18594,0,0,0,0,0,14,536,-2697,2255,0,0,0,1,0
2,-90,11.408,107,425917,31,12,2,18594,0,0,0,0,0,14,536,-2697,2255,0,0,0,1,0
2,-90,11.463,108,425973,31,12,2,18594,0,0,0,0,0,14,536,-2697,2255,0,0,0,1,0
2,-90,11.519,109,426030,31,12,2,18594,0,0,0,0,0,14,536,-2697,2255,0,0,0,1,0
2,-90,11.688,112,426197,31,12,2,18594,0,0,0,0,0,14,536,-2697,2255,0,0,0,1,0
2,-90,11.744,113,426253,31,12,2,18594,0,0,0,0,0,14,536,-2697,2255,0,0,0,1,0
2,-90,11.856,115,426365,31,12,2,18594,0,0,0,0,0,14,536,-2697,2255,0,0,0,1,0
2,-90,11.913,116,426421,31,12,2,18594,0,0,0,0,0,14,536,-2697,2255,0,0,0,1,0
2,-90,11.977,117,426477,31,12,2,18594,0,0,0,0,0,14,536,-2697,2255,0,0,0,1,0
2,-90,12.075,119,426585,31,12,2,18594,0,0,0,0,0,14,536,-2697,2255,0,0,0,1,0
2,-90,12.13,120,426641,31,12,2,18594,0,0,0,0,0,14,536,-2697,2255,0,0,0,1,0
2,-90,12.243,122,426753,31,12,2,18594,0,0,0,0,0,14,536,-2697,2255,0,0,0,1,0
2,-90,12.31,123,426810,31,12,2,18594,0,0,0,0,0,14,536,-2697,2255,0,0,0,1,0
2,-90,12.416,125,426922,31,12,2,18594,0,0,0,0,0,14,536,-2697,2255,0,0,0,1,0
2,-90,12.524,127,427033,31,12,2,18594,0,0,0,0,0,14,536,-2697,2255,0,0,0,1,0
2,-90,12.582,0,427089,31,12,2,18594,0,0,0,0,0,14,536,-2697,2255,0,0,0,1,0
2,-90,12.637,1,427145,31,12,2,18594,0,0,0,0,0,14,536,-2697,2255,0,0,0,1,0
2,-90,12.693,2,427202,31,12,2,18594,0,0,0,0,0,14,536,-2697,2255,0,0,0,1,0
2,-90,12.747,3,427257,31,12,2,18594,0,0,0,0,0,14,536,-2697,2255,0,0,0,1,0
2,-90,12.861,5,427370,31,12,2,18594,0,0,0,0,0,14,536,-2697,2255,0,0,0,1,0
2,-90,12.915,6,427426,31,12,2,18594,0,0,0,0,0,14,536,-2697,2255,0,0,0,1,0
2,-90,13.031,8,427538,31,12,2,18594,0,0,0,0,0,14,536,-2697,2255,0,0,0,1,0
2,-90,13.192,11,427702,31,12,2,18594,0,0,0,0,0,14,536,-2697,2255,0,0,0,1,0
2,-90,13.247,12,427758,31,12,2,18594,0,0,0,0,0,14,536,-2697,2255,0,0,0,1,0
2,-90,13.305,13,427814,31,12,2,18594,0,0,0,0,0,14,536,-2697,2255,0,0,0,1,0
2,-90,13.488,15,427925,31,12,2,18594,0,0,0,0,0,14,536,-2697,2255,0,0,0,1,0
2,-90,13.529,17,428037,31,12,2,18594,0,0,0,0,0,14,536,-2697,2255,0,0,0,1,0
2,-90,13.643,19,428150,31,12,2,18594,0,0,0,0,0,14,536,-2697,2255,0,0,0,1,0
2,-90,13.698,20,428206,31,12,2,18594,0,0,0,0,0,14,536,-2697,2255,0,0,0,1,0
2,-90,13.752,21,428262,31,12,2,18594,0,0,0,0,0,14,536,-2697,2255,0,0,0,1,0
2,-90,13.813,22,428318,31,12,2,18594,0,0,0,0,0,14,536,-2697,2255,0,0,0,1,0
2,-90,13.867,23,428373,31,12,2,18594,0,0,0,0,0,14,536,-2697,2255,0,0,0,1,0
2,-90,13.919,24,428429,31,12,2,18594,0,0,0,0,0,14,536,-2697,2255,0,0,0,1,0
2,-90,13.978,25,428485,31,12,2,18594,0,0,0,0,0,14,536,-2697,2255,0,0,0,1,0
2,-90,14.036,26,428541,31,12,2,18594,0,0,0,0,0,14,536,-2697,2255,0,0,0,1,0
2,-90,14.139,28,428650,31,12,2,18594,0,0,0,0,0,14,536,-2697,2255,0,0,0,1,0
2,-90,14.309,31,428817,31,12,2,18594,0,0,0,0,0,14,536,-2697,2255,0,0,0,1,0
2,-90,14.365,32,428874,31,12,2,18594,0,0,0,0,0,14,536,-2697,2255,0,0,0,1,0
2,-90,14.475,34,428985,31,12,2,18594,0,0,0,0,0,14,536,-2697,2255,0,0,0,1,0
2,-90,14.757,36,429098,31,12,2,18594,0,0,0,0,0,14,536,-2697,2255,0,0,0,1,0
2,-90,14.757,38,429209,31,12,2,18594,0,0,0,0,0,14,536,-2697,2255,0,0,0,1,0
2,-90,14.757,39,429265,31,12,2,18594,0,0,0,0,0,14,536,-2697,2255,0,0,0,1,0
2,-90,15.037,44,429546,31,12,2,18594,0,0,0,0,0,14,536,-2697,2255,0,0,0,1,0
2,-90,15.095,45,429602,31,12,2,18594,0,0,0,0,0,14,536,-2697,2255,0,0,0,1,0
2,-90,15.201,47,429709,31,12,2,18594,0,0,0,0,0,14,536,-2697,2255,0,0,0,1,0
2,-90,15.263,48,429765,31,12,2,18594,0,0,0,0,0,14,536,-2697,2255,0,0,0,1,0
2,-90,15.311,49,429821,31,12,2,18594,0,0,0,0,0,14,536,-2697,2255,0,0,0,1,0
2,-90,15.369,50,429878,31,12,2,18594,0,0,0,0,0,14,536,-2697,2255,0,0,0,1,0
2,-90,15.592,54,430102,31,12,2,18594,0,0,0,0,0,14,536,-2697,2255,0,0,0,1,0
2,-90,15.65,55,430158,31,12,2,18594,0,0,0,0,0,14,536,-2697,2255,0,0,0,1,0
2,-90,15.702,56,430213,31,12,2,18594,0,0,0,0,0,14,536,-2697,2255,0,0,0,1,0
2,-90,15.759,57,430269,31,12,2,18594,0,0,0,0,0,14,536,-2697,2255,0,0,0,1,0
2,-90,15.816,58,430326,31,12,2,18594,0,0,0,0,0,14,536,-2697,2255,0,0,0,1,0
2,-90,15.983,61,430493,31,12,2,18594,0,0,0,0,0,14,536,-2697,2255,0,0,0,1,0
2,-90,16.039,62,430549,31,12,2,18594,0,0,0,0,0,14,536,-2697,2255,0,0,0,1,0
2,-90,16.209,65,430718,31,12,2,18594,0,0,0,0,0,14,536,-2697,2255,0,0,0,1,0
2,-90,16.259,66,430770,31,12,2,18594,0,0,0,0,0,14,536,-2697,2255,0,0,0,1,0
2,-90,16.316,67,430826,31,12,2,18594,0,0,0,0,0,14,536,-2697,2255,0,0,0,1,0
2,-90,16.374,68,430881,31,12,2,18594,0,0,0,0,0,14,536,-2697,2255,0,0,0,1,0
2,-90,16.428,69,430937,31,12,2,18594,0,0,0,0,0,14,536,-2697,2255,0,0,0,1,0
2,-90,16.483,70,430993,31,12,2,18594,0,0,0,0,0,14,536,-2697,2255,0,0,0,1,0
2,-90,16.708,74,431218,31,12,2,18594,0,0,0,0,0,14,536,-2697,2255,0,0,0,1,0
2,-90,16.763,75,431274,31,12,2,18594,0,0,0,0,0,14,536,-2697,2255,0,0,0,1,0
2,-90,16.829,76,431329,31,12,2,18594,0,0,0,0,0,14,536,-2697,2255,0,0,0,1,0
2,-90,16.881,77,431386,31,12,2,18594,0,0,0,0,0,14,536,-2697,2255,0,0,0,1,0
2,-90,16.931,78,431442,31,12,2,18594,0,0,0,0,0,14,536,-2697,2255,0,0,0,1,0
2,-90,16.991,79,431497,31,12,2,18594,0,0,0,0,0,14,536,-2697,2255,0,0,0,1,0
2,-90,17.045,80,431553,31,12,2,18594,0,0,0,0,0,14,536,-2697,2255,0,0,0,1,0
2,-90,17.101,81,431610,31,12,2,18594,0,0,0,0,0,14,536,-2697,2255,0,0,0,1,0
2,-90,17.212,83,431721,31,12,2,18594,0,0,0,0,0,14,536,-2697,2255,0,0,0,1,0
2,-90,17.275,84,431777,31,12,2,18594,0,0,0,0,0,14,536,-2697,2255,0,0,0,1,0
2,-90,17.319,85,431829,31,12,2,18594,0,0,0,0,0,14,536,-2697,2255,0,0,0,1,0
2,-90,17.493,88,431997,31,12,2,18594,0,0,0,0,0,14,536,-2697,2255,0,0,0,1,0
2,-90,17.543,89,432054,31,12,2,18594,0,0,0,0,0,14,536,-2697,2255,0,0,0,1,0
2,-90,17.599,90,432109,31,12,2,18594,0,0,0,0,0,14,536,-2697,2255,0,0,0,1,0
2,-90,17.655,91,432166,31,12,2,18594,0,0,0,0,0,14,536,-2697,2255,0,0,0,1,0
2,-90,17.71,92,432221,31,12,2,18594,0,0,0,0,0,14,536,-2697,2255,0,0,0,1,0
2,-90,17.768,93,432277,31,12,2,18594,0,0,0,0,0,14,536,-2697,2255,0,0,0,1,0
2,-90,17.934,96,432445,31,12,2,18594,0,0,0,0,0,14,536,-2697,2255,0,0,0,1,0
2,-90,17.99,97,432502,31,12,2,18594,0,0,0,0,0,14,536,-2697,2255,0,0,0,1,0
2,-90,18.046,98,432558,31,12,2,18594,0,0,0,0,0,14,536,-2697,2255,0,0,0,1,0
2,-90,18.103,99,432613,31,12,2,18594,0,0,0,0,0,14,536,-2697,2255,0,0,0,1,0
2,-90,18.159,100,432669,31,12,2,18594,0,0,0,0,0,14,536,-2697,2255,0,0,0,1,0
2,-90,18.215,101,432725,31,12,2,18594,0,0,0,0,0,14,536,-2697,2255,0,0,0,1,0
2,-90,18.271,102,432781,31,12,2,18594,0,0,0,0,0,14,536,-2697,2255,0,0,0,1,0
2,-90,18.38,104,432890,31,12,2,18594,0,0,0,0,0,14,536,-2697,2255,0,0,0,1,0
2,-90,18.435,105,432946,31,12,2,18594,0,0,0,0,0,14,536,-2697,2255,0,0,0,1,0
2,-90,18.493,106,433002,31,12,2,18594,0,0,0,0,0,14,536,-2697,2255,0,0,0,1,0
2,-90,18.547,107,433057,31,12,2,18594,0,0,0,0,0,14,536,-2697,2255,0,0,0,1,0
2,-90,18.714,110,433225,31,12,2,18594,0,0,0,0,0,14,536,-2697,2255,0,0,0,1,0
2,-90,18.77,111,433281,31,12,2,18594,0,0,0,0,0,14,536,-2697,2255,0,0,0,1,0
2,-90,18.828,112,433338,31,12,2,18594,0,0,0,0,0,14,536,-2697,2255,0,0,0,1,0
2,-90,18.882,113,433394,31,12,2,18594,0,0,0,0,0,14,536,-2697,2255,0,0,0,1,0
2,-90,18.995,115,433505,31,12,2,18594,0,0,0,0,0,14,536,-2697,2255,0,0,0,1,0
2,-90,19.051,116,433561,31,12,2,18594,0,0,0,0,0,14,536,-2697,2255,0,0,0,1,0
2,-90,19.163,118,433674,31,12,2,18594,0,0,0,0,0,14,536,-2697,2255,0,0,0,1,0
2,-90,19.275,120,433786,31,12,2,18594,0,0,0,0,0,14,536,-2697,2255,0,0,0,1,0
2,-90,19.445,121,433842,31,12,2,18594,0,0,0,0,0,14,536,-2697,2255,0,0,0,1,0
2,-90,19.445,123,433949,31,12,2,18594,0,0,0,0,0,14,536,-2697,2255,0,0,0,1,0
2,-90,19.494,124,434005,31,12,2,18594,0,0,0,0,0,14,536,-2697,2255,0,0,0,1,0
2,-90,19.608,126,434117,31,12,2,18594,0,0,0,0,0,14,536,-2697,2255,0,0,0,1,0
2,-90,19.953,4,434454,31,12,2,18594,0,0,0,0,0,14,536,-2697,2255,0,0,0,1,0
2,-90,20.002,5,434509,31,12,2,18594,0,0,0,0,0,14,536,-2697,2255,0,0,0,1,0
2,-90,20.054,6,434565,31,12,2,18594,0,0,0,0,0,14,536,-2697,2255,0,0,0,1,0
2,-90,20.11,7,434622,31,12,2,18594,0,0,0,0,0,14,536,-2697,2255,0,0,0,1,0
2,-90,20.171,8,434678,31,12,2,18594,0,0,0,0,0,14,536,-2697,2255,0,0,0,1,0
2,-90,20.222,9,434733,31,12,2,18594,0,0,0,0,0,14,536,-2697,2255,0,0,0,1,0
2,-90,20.393,12,434902,31,12,2,18594,0,0,0,0,0,14,536,-2697,2255,0,0,0,1,0
2,-90,20.556,15,435066,31,12,2,18594,0,0,0,0,0,14,536,-2697,2255,0,0,0,1,0
2,-90,20.668,17,435177,31,12,2,18594,0,0,0,0,0,14,536,-2697,2255,0,0,0,1,0
2,-90,20.726,18,435234,31,12,2,18594,0,0,0,0,0,14,536,-2697,2255,0,0,0,1,0
2,-90,20.781,19,435289,31,12,2,18594,0,0,0,0,0,14,536,-2697,2255,0,0,0,1,0
2,-90,20.835,20,435345,31,12,2,18594,0,0,0,0,0,14,536,-2697,2255,0,0,0,1,0
2,-90,20.895,21,435402,31,12,2,18594,0,0,0,0,0,14,536,-2697,2255,0,0,0,1,0
2,-90,21.003,23,435514,31,12,2,18594,0,0,0,0,0,14,536,-2697,2255,0,0,0,1,0
2,-90,21.118,25,435625,31,12,2,18594,0,0,0,0,0,14,536,-2697,2255,0,0,0,1,0
2,-90,21.174,26,435681,31,12,2,18594,0,0,0,0,0,14,536,-2697,2255,0,0,0,1,0
2,-90,21.228,27,435737,31,12,2,18594,0,0,0,0,0,14,536,-2697,2255,0,0,0,1,0
2,-90,21.285,28,435793,31,12,2,18594,0,0,0,0,0,14,536,-2697,2255,0,0,0,1,0
2,-90,21.395,30,435906,31,12,2,18594,0,0,0,0,0,14,536,-2697,2255,0,0,0,1,0
2,-90,21.45,31,435962,31,12,2,18594,0,0,0,0,0,14,536,-2697,2255,0,0,0,1,0
2,-90,21.615,34,436125,31,12,2,18594,0,0,0,0,0,14,536,-2697,2255,0,0,0,1,0
2,-90,21.786,37,436293,31,12,2,18594,0,0,0,0,0,14,536,-2697,2255,0,0,0,1,0
2,-90,21.951,40,436461,31,12,2,18594,0,0,0,0,0,14,536,-2697,2255,0,0,0,1,0
2,-90,22.062,42,436573,31,12,2,18594,0,0,0,0,0,14,536,-2697,2255,0,0,0,1,0
2,-90,22.231,45,436742,31,12,2,18594,0,0,0,0,0,14,536,-2697,2255,0,0,0,1,0
2,-90,22.287,46,436798,31,12,2,18594,0,0,0,0,0,14,536,-2697,2255,0,0,0,1,0
2,-90,22.343,47,436854,31,12,2,18594,0,0,0,0,0,14,536,-2697,2255,0,0,0,1,0
2,-90,22.576,51,437077,31,12,2,18594,0,0,0,0,0,14,536,-2697,2255,0,0,0,1,0
2,-90,22.618,52,437129,31,12,2,18594,0,0,0,0,0,14,536,-2697,2255,0,0,0,1,0
2,-90,22.676,53,437186,31,12,2,18594,0,0,0,0,0,14,536,-2697,2255,0,0,0,1,0
2,-90,22.736,54,437242,31,12,2,18594,0,0,0,0,0,14,536,-2697,2255,0,0,0,1,0
2,-90,22.842,56,437353,31,12,2,18594,0,0,0,0,0,14,536,-2697,2255,0,0,0,1,0
2,-90,23.012,59,437522,31,12,2,18594,0,0,0,0,0,14,536,-2697,2255,0,0,0,1,0
2,-90,23.067,60,437577,31,12,2,18594,0,0,0,0,0,14,536,-2697,2255,0,0,0,1,0
2,-90,23.126,61,437634,31,12,2,18594,0,0,0,0,0,14,536,-2697,2255,0,0,0,1,0
2,-90,23.178,62,437690,31,12,2,18594,0,0,0,0,0,14,536,-2697,2255,0,0,0,1,0
2,-90,23.291,64,437802,31,12,2,18594,0,0,0,0,0,14,536,-2697,2255,0,0,0,1,0
2,-90,23.347,65,437858,31,12,2,18594,0,0,0,0,0,14,536,-2697,2255,0,0,0,1,0
2,-90,23.635,70,438137,31,12,2,18594,0,0,0,0,0,14,536,-2697,2255,0,0,0,1,0
2,-90,23.707,71,438190,31,12,2,18594,0,0,0,0,0,14,536,-2697,2255,0,0,0,1,0
2,-90,23.737,72,438245,31,12,2,18594,0,0,0,0,0,14,536,-2697,2255,0,0,0,1,0
2,-90,23.848,74,438357,31,12,2,18594,0,0,0,0,0,14,536,-2697,2255,0,0,0,1,0
2,-90,23.902,75,438413,31,12,2,18594,0,0,0,0,0,14,536,-2697,2255,0,0,0,1,0
2,-90,23.959,76,438470,31,12,2,18594,0,0,0,0,0,14,536,-2697,2255,0,0,0,1,0
2,-90,24.015,77,438525,31,12,2,18594,0,0,0,0,0,14,536,-2697,2255,0,0,0,1,0
2,-90,24.251,81,438749,31,12,2,18594,0,0,0,0,0,14,536,-2697,2255,0,0,0,1,0
2,-90,24.297,82,438805,31,12,2,18594,0,0,0,0,0,14,536,-2697,2255,0,0,0,1,0
2,-90,24.351,83,438861,31,12,2,18594,0,0,0,0,0,14,536,-2697,2255,0,0,0,1,0
2,-90,24.411,84,438918,31,12,2,18594,0,0,0,0,0,14,536,-2697,2255,0,0,0,1,0
2,-90,24.463,85,438974,31,12,2,18594,0,0,0,0,0,14,536,-2697,2255,0,0,0,1,0
2,-90,24.518,86,439030,31,12,2,18594,0,0,0,0,0,14,536,-2697,2255,0,0,0,1,0
2,-90,24.575,87,439085,31,12,2,18594,0,0,0,0,0,14,536,-2697,2255,0,0,0,1,0
2,-90,24.696,89,439197,31,12,2,18594,0,0,0,0,0,14,536,-2697,2255,0,0,0,1,0
2,-90,24.795,91,439306,31,12,2,18594,0,0,0,0,0,14,536,-2697,2255,0,0,0,1,0
2,-90,24.853,92,439362,31,12,2,18594,0,0,0,0,0,14,536,-2697,2255,0,0,0,1,0
2,-90,24.907,93,439417,31,12,2,18594,0,0,0,0,0,14,536,-2697,2255,0,0,0,1,0
2,-90,24.975,94,439474,31,12,2,18594,0,0,0,0,0,14,536,-2697,2255,0,0,0,1,0
2,-90,25.074,96,439585,31,12,2,18594,0,0,0,0,0,14,536,-2697,2255,0,0,0,1,0
2,-90,25.133,97,439641,31,12,2,18594,0,0,0,0,0,14,536,-2697,2255,0,0,0,1,0
2,-90,25.412,102,439921,31,12,2,18594,0,0,0,0,0,14,536,-2697,2255,0,0,0,1,0
2,-90,25.466,103,439977,31,12,2,18594,0,0,0,0,0,14,536,-2697,2255,0,0,0,1,0
2,-90,25.523,104,440033,31,12,2,18594,0,0,0,0,0,14,536,-2697,2255,0,0,0,1,0
2,-90,25.578,105,440089,31,12,2,18594,0,0,0,0,0,14,536,-2697,2255,0,0,0,1,0
2,-90,25.635,106,440145,31,12,2,18594,0,0,0,0,0,14,536,-2697,2255,0,0,0,1,0
2,-90,25.69,107,440202,31,12,2,18594,0,0,0,0,0,14,536,-2697,2255,0,0,0,1,0
2,-90,25.755,108,440258,31,12,2,18594,0,0,0,0,0,14,536,-2697,2255,0,0,0,1,0
2,-90,25.799,109,440309,31,12,2,18594,0,0,0,0,0,14,536,-2697,2255,0,0,0,1,0
2,-90,25.858,110,440365,31,12,2,18594,0,0,0,0,0,14,536,-2697,2255,0,0,0,1,0
2,-90,26.027,113,440534,31,12,2,18594,0,0,0,0,0,14,536,-2697,2255,0,0,0,1,0
2,-90,26.081,114,440590,31,12,2,18594,0,0,0,0,0,14,536,-2697,2255,0,0,0,1,0
2,-90,26.134,115,440646,31,12,2,18594,0,0,0,0,0,14,536,-2697,2255,0,0,0,1,0
2,-90,26.19,116,440702,31,12,2,18594,0,0,0,0,0,14,536,-2697,2255,0,0,0,1,0
2,-90,26.303,118,440813,31,12,2,18594,0,0,0,0,0,14,536,-2697,2255,0,0,0,1,0
2,-90,26.359,119,440869,31,12,2,18594,0,0,0,0,0,14,536,-2697,2255,0,0,0,1,0
2,-90,26.415,120,440925,31,12,2,18594,0,0,0,0,0,14,536,-2697,2255,0,0,0,1,0
2,-90,26.476,121,440981,31,12,2,18594,0,0,0,0,0,14,536,-2697,2255,0,0,0,1,0
2,-90,26.526,122,441038,31,12,2,18594,0,0,0,0,0,14,536,-2697,2255,0,0,0,1,0
2,-90,26.638,124,441150,31,12,2,18594,0,0,0,0,0,14,536,-2697,2255,0,0,0,1,0
2,-90,26.7,125,441205,31,12,2,18594,0,0,0,0,0,14,536,-2697,2255,0,0,0,1,0
2,-90,26.751,126,441261,31,12,2,18594,0,0,0,0,0,14,536,-2697,2255,0,0,0,1,0
2,-90,26.815,127,441318,31,12,2,18594,0,0,0,0,0,14,536,-2697,2255,0,0,0,1,0
2,-90,26.862,0,441370,31,12,2,18594,0,0,0,0,0,14,536,-2697,2255,0,0,0,1,0
2,-90,26.971,2,441481,31,12,2,18594,0,0,0,0,0,14,536,-2697,2255,0,0,0,1,0
2,-90,27.028,3,441537,31,12,2,18594,0,0,0,0,0,14,536,-2697,2255,0,0,0,1,0
2,-90,27.082,4,441593,31,12,2,18594,0,0,0,0,0,14,536,-2697,2255,0,0,0,1,0
2,-90,27.305,8,441817,31,12,2,18594,0,0,0,0,0,14,536,-2697,2255,0,0,0,1,0
2,-90,27.418,10,441930,31,12,2,18594,0,0,0,0,0,14,536,-2697,2255,0,0,0,1,0
2,-90,27.474,11,441985,31,12,2,18594,0,0,0,0,0,14,536,-2697,2255,0,0,0,1,0
2,-90,27.585,13,442098,31,12,2,18594,0,0,0,0,0,14,536,-2697,2255,0,0,0,1,0
2,-90,27.641,14,442153,31,12,2,18594,0,0,0,0,0,14,536,-2697,2255,0,0,0,1,0
2,-90,27.72,15,442209,31,12,2,18594,0,0,0,0,0,14,536,-2697,2255,0,0,0,1,0
2,-90,27.754,16,442265,31,12,2,18594,0,0,0,0,0,14,536,-2697,2255,0,0,0,1,0
2,-90,27.874,18,442378,31,12,2,18594,0,0,0,0,0,14,536,-2697,2255,0,0,0,1,0
2,-90,27.919,19,442429,31,12,2,18594,0,0,0,0,0,14,536,-2697,2255,0,0,0,1,0
2,-90,27.974,20,442485,31,12,2,18594,0,0,0,0,0,14,536,-2697,2255,0,0,0,1,0
2,-90,28.086,22,442598,31,12,2,18594,0,0,0,0,0,14,536,-2697,2255,0,0,0,1,0
2,-90,28.198,24,442709,31,12,2,18594,0,0,0,0,0,14,536,-2697,2255,0,0,0,1,0
2,-90,28.253,25,442766,31,12,2,18594,0,0,0,0,0,14,536,-2697,2255,0,0,0,1,0
2,-90,28.311,26,442821,31,12,2,18594,0,0,0,0,0,14,536,-2697,2255,0,0,0,1,0
2,-90,28.366,27,442878,31,12,2,18594,0,0,0,0,0,14,536,-2697,2255,0,0,0,1,0
2,-90,28.478,29,442989,31,12,2,18594,0,0,0,0,0,14,536,-2697,2255,0,0,0,1,0
2,-90,28.534,30,443045,31,12,2,18594,0,0,0,0,0,14,536,-2697,2255,0,0,0,1,0
2,-90,28.647,32,443158,31,12,2,18594,0,0,0,0,0,14,536,-2697,2255,0,0,0,1,0
2,-90,28.702,33,443214,31,12,2,18594,0,0,0,0,0,14,536,-2697,2255,0,0,0,1,0
2,-90,28.76,34,443269,31,12,2,18594,0,0,0,0,0,14,536,-2697,2255,0,0,0,1,0
2,-90,28.816,35,443325,31,12,2,18594,0,0,0,0,0,14,536,-2697,2255,0,0,0,1,0
2,-90,28.872,36,443381,31,12,2,18594,0,0,0,0,0,14,536,-2697,2255,0,0,0,1,0
2,-90,29.059,38,443489,31,12,2,18594,0,0,0,0,0,14,536,-2697,2255,0,0,0,1,0
2,-90,29.09,40,443602,31,12,2,18594,0,0,0,0,0,14,536,-2697,2255,0,0,0,1,0
2,-90,29.149,41,443658,31,12,2,18594,0,0,0,0,0,14,536,-2697,2255,0,0,0,1,0
2,-90,29.264,43,443769,31,12,2,18594,0,0,0,0,0,14,536,-2697,2255,0,0,0,1,0
2,-90,29.37,45,443882,31,12,2,18594,0,0,0,0,0,14,536,-2697,2255,0,0,0,1,0
2,-90,29.429,46,443937,31,12,2,18594,0,0,0,0,0,14,536,-2697,2255,0,0,0,1,0
2,-90,29.483,47,443994,31,12,2,18594,0,0,0,0,0,14,536,-2697,2255,0,0,0,1,0
2,-90,29.538,48,444050,31,12,2,18594,0,0,0,0,0,14,536,-2697,2255,0,0,0,1,0
2,-90,29.71,51,444217,31,12,2,18594,0,0,0,0,0,14,536,-2697,2255,0,0,0,1,0
2,-90,29.768,52,444273,31,12,2,18594,0,0,0,0,0,14,536,-2697,2255,0,0,0,1,0
2,-90,29.819,53,444329,31,12,2,18594,0,0,0,0,0,14,536,-2697,2255,0,0,0,1,0
2,-90,29.874,54,444386,31,12,2,18594,0,0,0,0,0,14,536,-2697,2255,0,0,0,1,0
2,-90,29.93,55,444441,31,12,2,18594,0,0,0,0,0,14,536,-2697,2255,0,0,0,1,0
2,-90,29.998,56,444498,31,12,2,18594,0,0,0,0,0,14,536,-2697,2255,0,0,0,1,0
2,-90,30.04,57,444549,31,12,2,18594,0,0,0,0,0,14,536,-2697,2255,0,0,0,1,0
2,-90,30.094,58,444605,31,12,2,18594,0,0,0,0,0,14,536,-2697,2255,0,0,0,1,0
2,-90,30.15,59,444661,31,12,2,18594,0,0,0,0,0,14,536,-2697,2255,0,0,0,1,0
2,-90,30.206,60,444717,31,12,2,18594,0,0,0,0,0,14,536,-2697,2255,0,0,0,1,0
2,-90,30.654,68,445166,31,12,2,18594,0,0,0,0,0,14,536,-2697,2255,0,0,0,1,0
2,-90,30.709,69,445221,31,12,2,18594,0,0,0,0,0,14,536,-2697,2255,0,0,0,1,0
2,-90,30.771,70,445278,31,12,2,18594,0,0,0,0,0,14,536,-2697,2255,0,0,0,1,0
2,-90,30.822,71,445333,31,12,2,18594,0,0,0,0,0,14,536,-2697,2255,0,0,0,1,0
2,-90,30.934,73,445445,31,12,2,18594,0,0,0,0,0,14,536,-2697,2255,0,0,0,1,0
2,-90,30.99,74,445502,31,12,2,18594,0,0,0,0,0,14,536,-2697,2255,0,0,0,1,0
2,-90,31.099,76,445609,31,12,2,18594,0,0,0,0,0,14,536,-2697,2255,0,0,0,1,0
2,-90,31.154,77,445666,31,12,2,18594,0,0,0,0,0,14,536,-2697,2255,0,0,0,1,0
2,-90,31.267,79,445777,31,12,2,18594,0,0,0,0,0,14,536,-2697,2255,0,0,0,1,0
2,-90,31.322,80,445834,31,12,2,18594,0,0,0,0,0,14,536,-2697,2255,0,0,0,1,0
2,-90,31.379,81,445889,31,12,2,18594,0,0,0,0,0,14,536,-2697,2255,0,0,0,1,0
2,-90,31.433,82,445946,31,12,2,18594,0,0,0,0,0,14,536,-2697,2255,0,0,0,1,0
2,-90,31.715,87,446225,31,12,2,18594,0,0,0,0,0,14,536,-2697,2255,0,0,0,1,0
2,-90,31.827,89,446337,31,12,2,18594,0,0,0,0,0,14,536,-2697,2255,0,0,0,1,0
2,-90,31.884,90,446393,31,12,2,18594,0,0,0,0,0,14,536,-2697,2255,0,0,0,1,0
2,-90,31.942,91,446450,31,12,2,18594,0,0,0,0,0,14,536,-2697,2255,0,0,0,1,0
2,-90,31.997,92,446505,31,12,2,18594,0,0,0,0,0,14,536,-2697,2255,0,0,0,1,0
2,-90,32.052,93,446562,31,12,2,18594,0,0,0,0,0,14,536,-2697,2255,0,0,0,1,0
2,-90,32.27,97,446781,31,12,2,18594,0,0,0,0,0,14,536,-2697,2255,0,0,0,1,0
2,-90,32.327,98,446837,31,12,2,18594,0,0,0,0,0,14,536,-2697,2255,0,0,0,1,0
2,-90,32.448,100,446950,31,12,2,18594,0,0,0,0,0,14,536,-2697,2255,0,0,0,1,0
2,-90,32.504,101,447006,31,12,2,18594,0,0,0,0,0,14,536,-2697,2255,0,0,0,1,0
3,107,-0.029,118,462223,31,12,2,18594,0,0,0,0,0,14,536,-2697,2255,0,0,0,1,0
3,107,0.012,119,462274,31,12,2,18594,0,0,0,0,0,14,536,-2697,2255,0,0,0,1,0
3,107,0.072,120,462329,31,12,2,18594,0,0,0,0,0,14,536,-2697,2255,0,0,0,1,0
3,107,0.126,121,462385,31,12,2,18594,0,0,0,0,0,14,536,-2697,2255,0,0,0,1,0
3,107,0.295,124,462549,31,12,2,18594,0,0,0,0,0,14,536,-2697,2255,0,0,0,1,0
3,107,0.459,127,462717,31,12,2,18594,0,0,0,0,0,14,536,-2697,2255,0,0,0,1,0
3,107,0.515,0,462773,31,12,2,18594,0,0,0,0,0,14,536,-2697,2255,0,0,0,1,0
3,107,0.57,1,462829,31,12,2,18594,0,0,0,0,0,14,536,-2697,2255,0,0,0,1,0
3,107,0.625,2,462886,31,12,2,18594,0,0,0,0,0,14,536,-2697,2255,0,0,0,1,0
3,107,0.69,3,462942,31,12,2,18594,0,0,0,0,0,14,536,-2697,2255,0,0,0,1,0
3,107,0.737,4,462997,31,12,2,18594,0,0,0,0,0,14,536,-2697,2255,0,0,0,1,0
3,107,0.905,7,463165,31,12,2,18594,0,0,0,0,0,14,536,-2697,2255,0,0,0,1,0
3,107,1.002,8,463222,31,12,2,18594,0,0,0,0,0,14,536,-2697,2255,0,0,0,1,0
3,107,1.016,9,463277,31,12,2,18594,0,0,0,0,0,14,536,-2697,2255,0,0,0,1,0
3,107,1.075,10,463334,31,12,2,18594,0,0,0,0,0,14,536,-2697,2255,0,0,0,1,0
3,107,1.184,12,463445,31,12,2,18594,0,0,0,0,0,14,536,-2697,2255,0,0,0,1,0
3,107,1.241,13,463502,31,12,2,18594,0,0,0,0,0,14,536,-2697,2255,0,0,0,1,0
3,107,1.305,14,463557,31,12,2,18594,0,0,0,0,0,14,536,-2697,2255,0,0,0,1,0
3,107,1.349,15,463610,31,12,2,18594,0,0,0,0,0,14,536,-2697,2255,0,0,0,1,0
3,107,1.404,16,463665,31,12,2,18594,0,0,0,0,0,14,536,-2697,2255,0,0,0,1,0
3,107,1.517,18,463778,31,12,2,18594,0,0,0,0,0,14,536,-2697,2255,0,0,0,1,0
3,107,1.572,19,463834,31,12,2,18594,0,0,0,0,0,14,536,-2697,2255,0,0,0,1,0
3,107,1.686,21,463945,31,12,2,18594,0,0,0,0,0,14,536,-2697,2255,0,0,0,1,0
3,107,1.743,22,464002,31,12,2,18594,0,0,0,0,0,14,536,-2697,2255,0,0,0,1,0
3,107,1.797,23,464057,31,12,2,18594,0,0,0,0,0,14,536,-2697,2255,0,0,0,1,0
3,107,1.91,25,464170,31,12,2,18594,0,0,0,0,0,14,536,-2697,2255,0,0,0,1,0
3,107,1.965,26,464226,31,12,2,18594,0,0,0,0,0,14,536,-2697,2255,0,0,0,1,0
3,107,2.133,29,464393,31,12,2,18594,0,0,0,0,0,14,536,-2697,2255,0,0,0,1,0
3,107,2.189,30,464449,31,12,2,18594,0,0,0,0,0,14,536,-2697,2255,0,0,0,1,0
3,107,2.246,31,464505,31,12,2,18594,0,0,0,0,0,14,536,-2697,2255,0,0,0,1,0
3,107,2.302,32,464562,31,12,2,18594,0,0,0,0,0,14,536,-2697,2255,0,0,0,1,0
3,107,2.364,33,464618,31,12,2,18594,0,0,0,0,0,14,536,-2697,2255,0,0,0,1,0
3,107,2.412,34,464669,31,12,2,18594,0,0,0,0,0,14,536,-2697,2255,0,0,0,1,0
3,107,2.464,35,464725,31,12,2,18594,0,0,0,0,0,14,536,-2697,2255,0,0,0,1,0
3,107,2.521,36,464781,31,12,2,18594,0,0,0,0,0,14,536,-2697,2255,0,0,0,1,0
3,107,2.576,37,464837,31,12,2,18594,0,0,0,0,0,14,536,-2697,2255,0,0,0,1,0
3,107,2.754,40,465006,31,12,2,18594,0,0,0,0,0,14,536,-2697,2255,0,0,0,1,0
3,107,2.915,43,465173,31,12,2,18594,0,0,0,0,0,14,536,-2697,2255,0,0,0,1,0
3,107,3.025,45,465286,31,12,2,18594,0,0,0,0,0,14,536,-2697,2255,0,0,0,1,0
3,107,3.085,46,465346,31,12,2,18594,0,0,0,0,0,14,537,-2697,2255,-800,800,0,1,0
3,107,3.159,47,465418,31,12,2,18700,0,0,0,-20,20,14,540,-2708,2272,-1200,1200,0,1,0
3,107,3.237,48,465498,31,11,1,18889,0,0,0,0,0,14,545,-2744,2286,0,0,0,2,0
3,107,3.294,49,465550,31,11,1,18889,0,0,0,0,0,14,547,-2744,2286,0,0,0,2,0
3,107,3.36,50,465622,31,11,1,18889,0,0,0,0,0,14,550,-2744,2286,0,0,0,2,0
3,107,3.937,58,466198,31,11,1,18889,0,0,0,0,0,14,574,-2744,2286,0,0,0,2,0
3,107,4.01,59,466270,31,11,1,18889,0,0,0,0,0,14,577,-2744,2286,0,0,0,2,0
3,107,4.083,60,466341,31,11,1,18889,0,0,0,0,0,14,580,-2744,2286,0,0,0,2,0
3,107,4.3,63,466558,31,11,1,18889,0,0,0,0,0,14,589,-2744,2286,0,0,0,2,0
3,107,4.37,64,466630,31,11,1,18889,0,0,0,0,0,14,592,-2744,2286,0,0,0,2,0
3,107,4.441,65,466702,31,11,1,18889,0,0,0,0,0,14,595,-2744,2286,0,0,0,2,0
3,107,4.512,66,466774,31,11,1,18889,0,0,0,0,0,14,598,-2744,2286,0,0,0,2,0
3,107,4.585,67,466846,31,11,1,18889,0,0,0,0,0,14,601,-2744,2286,0,0,0,2,0
3,107,4.658,68,466918,31,11,1,18889,0,0,0,0,0,14,604,-2744,2286,0,0,0,2,0
3,107,4.712,69,466973,31,11,1,18889,0,0,0,0,0,14,605,-2744,2286,0,0,0,2,0
3,107,4.772,70,467029,31,11,1,18889,0,0,0,0,0,14,605,-2744,2286,0,0,0,2,0
3,107,4.833,71,467086,31,11,1,18889,0,0,0,0,0,14,605,-2744,2286,0,0,0,2,0
3,107,4.876,72,467138,31,11,1,18889,0,0,0,0,0,14,605,-2744,2286,0,0,0,2,0
3,107,4.933,73,467194,31,11,1,18889,0,0,0,0,0,14,605,-2744,2286,0,0,0,2,0
3,107,4.992,74,467249,31,11,1,18889,0,0,0,0,0,14,605,-2744,2286,0,0,0,2,0
3,107,5.102,76,467361,31,11,1,18889,0,0,0,0,0,14,605,-2744,2286,0,0,0,2,0
3,107,5.158,77,467418,31,11,1,18889,0,0,0,0,0,14,605,-2744,2286,0,0,0,2,0
3,107,5.269,79,467529,31,11,1,18889,0,0,0,0,0,14,605,-2744,2286,0,0,0,2,0
3,107,5.326,80,467586,31,11,1,18889,0,0,0,0,0,14,605,-2744,2286,0,0,0,2,0
3,107,5.384,81,467642,31,11,1,18889,0,0,0,0,0,14,605,-2744,2286,0,0,0,2,0
3,107,5.438,82,467697,31,11,1,18889,0,0,0,0,0,14,605,-2744,2286,0,0,0,2,0
3,107,5.493,83,467754,31,11,1,18889,0,0,0,0,0,14,605,-2744,2286,0,0,0,2,0
3,107,5.549,84,467810,31,11,1,18889,0,0,0,0,0,14,605,-2744,2286,0,0,0,2,0
3,107,5.717,87,467977,31,11,1,18889,0,0,0,0,0,14,605,-2744,2286,0,0,0,2,0
3,107,5.772,88,468034,31,11,1,18889,0,0,0,0,0,14,605,-2744,2286,0,0,0,2,0
3,107,5.831,89,468090,31,11,1,18889,0,0,0,0,0,14,605,-2744,2286,0,0,0,2,0
3,107,5.895,90,468145,31,11,1,18889,0,0,0,0,0,14,605,-2744,2286,0,0,0,2,0
3,107,5.992,92,468254,31,11,1,18889,0,0,0,0,0,14,605,-2744,2286,0,0,0,2,0
3,107,6.049,93,468309,31,11,1,18889,0,0,0,0,0,14,605,-2744,2286,0,0,0,2,0
3,107,6.164,95,468422,31,11,1,18889,0,0,0,0,0,14,605,-2744,2286,0,0,0,2,0
3,107,6.332,98,468589,31,11,1,18889,0,0,0,0,0,14,605,-2744,2286,0,0,0,2,0
3,107,6.384,99,468645,31,11,1,18889,0,0,0,0,0,14,605,-2744,2286,0,0,0,2,0
3,107,6.497,101,468757,31,11,1,18889,0,0,0,0,0,14,605,-2744,2286,0,0,0,2,0
3,107,6.609,103,468870,31,11,1,18889,0,0,0,0,0,14,605,-2744,2286,0,0,0,2,0
3,107,6.664,104,468925,31,11,1,18889,0,0,0,0,0,14,605,-2744,2286,0,0,0,2,0
3,107,6.721,105,468982,31,11,1,18889,0,0,0,0,0,14,605,-2744,2286,0,0,0,2,0
3,107,6.777,106,469037,31,11,1,18889,0,0,0,0,0,14,605,-2744,2286,0,0,0,2,0
3,107,6.834,107,469094,31,11,1,18889,0,0,0,0,0,14,605,-2744,2286,0,0,0,2,0
3,107,6.893,108,469149,31,11,1,18889,0,0,0,0,0,14,605,-2744,2286,0,0,0,2,0
3,107,6.956,109,469205,31,11,1,18889,0,0,0,0,0,14,605,-2744,2286,0,0,0,2,0
3,107,6.997,110,469258,31,11,1,18889,0,0,0,0,0,14,605,-2744,2286,0,0,0,2,0
3,107,7.053,111,469314,31,11,1,18889,0,0,0,0,0,14,605,-2744,2286,0,0,0,2,0
3,107,7.109,112,469369,31,11,1,18889,0,0,0,0,0,14,605,-2744,2286,0,0,0,2,0
3,107,7.165,113,469425,31,11,1,18889,0,0,0,0,0,14,605,-2744,2286,0,0,0,2,0
3,107,7.221,114,469481,31,11,1,18889,0,0,0,0,0,14,605,-2744,2286,0,0,0,2,0
3,107,7.292,115,469537,31,11,1,18889,0,0,0,0,0,14,605,-2744,2286,0,0,0,2,0
3,107,7.334,116,469593,31,11,1,18889,0,0,0,0,0,14,605,-2744,2286,0,0,0,2,0
3,107,7.391,117,469649,31,11,1,18889,0,0,0,0,0,14,605,-2744,2286,0,0,0,2,0
3,107,7.446,118,469706,31,11,1,18889,0,0,0,0,0,14,605,-2744,2286,0,0,0,2,0
3,107,7.557,120,469818,31,11,1,18889,0,0,0,0,0,14,605,-2744,2286,0,0,0,2,0
3,107,7.616,121,469873,31,11,1,18889,0,0,0,0,0,14,605,-2744,2286,0,0,0,2,0
3,107,7.725,123,469985,31,11,1,18889,0,0,0,0,0,14,605,-2744,2286,0,0,0,2,0
3,107,7.838,125,470097,31,11,1,18889,0,0,0,0,0,14,605,-2744,2286,0,0,0,2,0
3,107,7.893,126,470154,31,11,1,18889,0,0,0,0,0,14,605,-2744,2286,0,0,0,2,0
3,107,7.949,127,470209,31,11,1,18889,0,0,0,0,0,14,605,-2744,2286,0,0,0,2,0
3,107,8.017,0,470265,31,11,1,18889,0,0,0,0,0,14,605,-2744,2286,0,0,0,2,0
3,107,8.07,1,470319,31,11,1,18889,0,0,0,0,0,14,605,-2744,2286,0,0,0,2,0
3,107,8.111,2,470369,31,11,1,18889,0,0,0,0,0,14,605,-2744,2286,0,0,0,2,0
3,107,8.389,7,470649,31,11,1,18889,0,0,0,0,0,14,605,-2744,2286,0,0,0,2,0
3,107,8.446,8,470705,31,11,1,18889,0,0,0,0,0,14,605,-2744,2286,0,0,0,2,0
3,107,8.501,9,470761,31,11,1,18889,0,0,0,0,0,14,605,-2744,2286,0,0,0,2,0
3,107,8.559,10,470817,31,11,1,18889,0,0,0,0,0,14,605,-2744,2286,0,0,0,2,0
3,107,8.613,11,470874,31,11,1,18889,0,0,0,0,0,14,605,-2744,2286,0,0,0,2,0
3,107,8.673,12,470929,31,11,1,18889,0,0,0,0,0,14,605,-2744,2286,0,0,0,2,0
3,107,8.727,13,470986,31,11,1,18889,0,0,0,0,0,14,605,-2744,2286,0,0,0,2,0
3,107,8.899,16,471153,31,11,1,18889,0,0,0,0,0,14,605,-2744,2286,0,0,0,2,0
3,107,9.008,18,471265,31,11,1,18889,0,0,0,0,0,14,605,-2744,2286,0,0,0,2,0
3,107,9.114,20,471374,31,11,1,18889,0,0,0,0,0,14,605,-2744,2286,0,0,0,2,0
3,107,9.17,21,471430,31,11,1,18889,0,0,0,0,0,14,605,-2744,2286,0,0,0,2,0
3,107,9.227,22,471485,31,11,1,18889,0,0,0,0,0,14,605,-2744,2286,0,0,0,2,0
3,107,9.283,23,471542,31,11,1,18889,0,0,0,0,0,14,605,-2744,2286,0,0,0,2,0
3,107,9.339,24,471597,31,11,1,18889,0,0,0,0,0,14,605,-2744,2286,0,0,0,2,0
3,107,9.391,25,471653,31,11,1,18889,0,0,0,0,0,14,605,-2744,2286,0,0,0,2,0
3,107,9.448,26,471709,31,11,1,18889,0,0,0,0,0,14,605,-2744,2286,0,0,0,2,0
3,107,9.503,27,471765,31,11,1,18889,0,0,0,0,0,14,605,-2744,2286,0,0,0,2,0
3,107,9.676,30,471933,31,11,1,18889,0,0,0,0,0,14,605,-2744,2286,0,0,0,2,0
3,107,9.732,31,471989,31,11,1,18889,0,0,0,0,0,14,605,-2744,2286,0,0,0,2,0
3,107,9.791,32,472045,31,11,1,18889,0,0,0,0,0,14,605,-2744,2286,0,0,0,2,0
3,107,9.843,33,472102,31,11,1,18889,0,0,0,0,0,14,605,-2744,2286,0,0,0,2,0
3,107,9.896,34,472158,31,11,1,18889,0,0,0,0,0,14,605,-2744,2286,0,0,0,2,0
3,107,9.955,35,472213,31,11,1,18889,0,0,0,0,0,14,605,-2744,2286,0,0,0,2,0
3,107,10.128,38,472381,31,11,1,18889,0,0,0,0,0,14,605,-2744,2286,0,0,0,2,0
3,107,10.286,41,472545,31,11,1,18889,0,0,0,0,0,14,605,-2744,2286,0,0,0,2,0
3,107,10.397,43,472658,31,11,1,18889,0,0,0,0,0,14,605,-2744,2286,0,0,0,2,0
3,107,10.454,44,472714,31,11,1,18889,0,0,0,0,0,14,605,-2744,2286,0,0,0,2,0
3,107,10.51,45,472769,31,11,1,18889,0,0,0,0,0,14,605,-2744,2286,0,0,0,2,0
3,107,10.565,46,472825,31,11,1,18889,0,0,0,0,0,14,605,-2744,2286,0,0,0,2,0
3,107,10.62,47,472882,31,11,1,18889,0,0,0,0,0,14,605,-2744,2286,0,0,0,2,0
3,107,10.788,50,473049,31,11,1,18889,0,0,0,0,0,14,605,-2744,2286,0,0,0,2,0
3,107,10.901,52,473162,31,11,1,18889,0,0,0,0,0,14,605,-2744,2286,0,0,0,2,0
3,107,10.956,53,473217,31,11,1,18889,0,0,0,0,0,14,605,-2744,2286,0,0,0,2,0
3,107,11.014,54,473273,31,11,1,18889,0,0,0,0,0,14,605,-2744,2286,0,0,0,2,0
3,107,11.07,55,473329,31,11,1,18889,0,0,0,0,0,14,605,-2744,2286,0,0,0,2,0
3,107,11.125,56,473385,31,11,1,18889,0,0,0,0,0,14,605,-2744,2286,0,0,0,2,0
3,107,11.234,58,473494,31,11,1,18889,0,0,0,0,0,14,605,-2744,2286,0,0,0,2,0
3,107,11.401,61,473662,31,11,1,18889,0,0,0,0,0,14,605,-2744,2286,0,0,0,2,0
3,107,11.458,62,473717,31,11,1,18889,0,0,0,0,0,14,605,-2744,2286,0,0,0,2,0
3,107,11.517,63,473773,31,11,1,18889,0,0,0,0,0,14,605,-2744,2286,0,0,0,2,0
3,107,11.624,65,473885,31,11,1,18889,0,0,0,0,0,14,605,-2744,2286,0,0,0,2,0
3,107,11.681,66,473942,31,11,1,18889,0,0,0,0,0,14,605,-2744,2286,0,0,0,2,0
3,107,11.737,67,473998,31,11,1,18889,0,0,0,0,0,14,605,-2744,2286,0,0,0,2,0
3,107,11.849,69,474109,31,11,1,18889,0,0,0,0,0,14,605,-2744,2286,0,0,0,2,0
3,107,11.96,71,474221,31,11,1,18889,0,0,0,0,0,14,605,-2744,2286,0,0,0,2,0
3,107,12.017,72,474277,31,11,1,18889,0,0,0,0,0,14,605,-2744,2286,0,0,0,2,0
3,107,12.128,74,474390,31,11,1,18889,0,0,0,0,0,14,605,-2744,2286,0,0,0,2,0
3,107,12.184,75,474446,31,11,1,18889,0,0,0,0,0,14,605,-2744,2286,0,0,0,2,0
3,107,12.25,76,474502,31,11,1,18889,0,0,0,0,0,14,605,-2744,2286,0,0,0,2,0
3,107,12.352,78,474609,31,11,1,18889,0,0,0,0,0,14,605,-2744,2286,0,0,0,2,0
3,107,12.407,79,474665,31,11,1,18889,0,0,0,0,0,14,605,-2744,2286,0,0,0,2,0
3,107,12.46,80,474721,31,11,1,18889,0,0,0,0,0,14,605,-2744,2286,0,0,0,2,0
3,107,12.743,85,475002,31,11,1,18889,0,0,0,0,0,14,605,-2744,2286,0,0,0,2,0
3,107,12.797,86,475057,31,11,1,18889,0,0,0,0,0,14,605,-2744,2286,0,0,0,2,0
3,107,12.852,87,475113,31,11,1,18889,0,0,0,0,0,14,605,-2744,2286,0,0,0,2,0
3,107,12.909,88,475170,31,11,1,18889,0,0,0,0,0,14,605,-2744,2286,0,0,0,2,0
3,107,12.965,89,475226,31,11,1,18889,0,0,0,0,0,14,605,-2744,2286,0,0,0,2,0
3,107,13.023,90,475282,31,11,1,18889,0,0,0,0,0,14,605,-2744,2286,0,0,0,2,0
3,107,13.077,91,475337,31,11,1,18889,0,0,0,0,0,14,605,-2744,2286,0,0,0,2,0
3,107,13.188,93,475449,31,11,1,18889,0,0,0,0,0,14,605,-2744,2286,0,0,0,2,0
3,107,13.249,94,475505,31,11,1,18889,0,0,0,0,0,14,605,-2744,2286,0,0,0,2,0
3,107,13.352,96,475614,31,11,1,18889,0,0,0,0,0,14,605,-2744,2286,0,0,0,2,0
3,107,13.409,97,475669,31,11,1,18889,0,0,0,0,0,14,605,-2744,2286,0,0,0,2,0
3,107,13.464,98,475725,31,11,1,18889,0,0,0,0,0,14,605,-2744,2286,0,0,0,2,0
3,107,13.577,100,475837,31,11,1,18889,0,0,0,0,0,14,605,-2744,2286,0,0,0,2,0
3,107,13.633,101,475893,31,11,1,18889,0,0,0,0,0,14,605,-2744,2286,0,0,0,2,0
3,107,13.689,102,475950,31,11,1,18889,0,0,0,0,0,14,605,-2744,2286,0,0,0,2,0
3,107,13.747,103,476006,31,11,1,18889,0,0,0,0,0,14,605,-2744,2286,0,0,0,2,0
3,107,13.8,104,476062,31,11,1,18889,0,0,0,0,0,14,605,-2744,2286,0,0,0,2,0
3,107,13.968,107,476229,31,11,1,18889,0,0,0,0,0,14,605,-2744,2286,0,0,0,2,0
3,107,14.027,108,476285,31,11,1,18889,0,0,0,0,0,14,605,-2744,2286,0,0,0,2,0
3,107,14.08,109,476341,31,11,1,18889,0,0,0,0,0,14,605,-2744,2286,0,0,0,2,0
3,107,14.143,110,476397,31,11,1,18889,0,0,0,0,0,14,605,-2744,2286,0,0,0,2,0
3,107,14.193,111,476453,31,11,1,18889,0,0,0,0,0,14,605,-2744,2286,0,0,0,2,0
3,107,14.295,112,476510,31,11,1,18889,0,0,0,0,0,14,605,-2744,2286,0,0,0,2,0
3,107,14.33,113,476566,31,11,1,18889,0,0,0,0,0,14,605,-2744,2286,0,0,0,2,0
3,107,14.375,114,476621,31,11,1,18889,0,0,0,0,0,14,605,-2744,2286,0,0,0,2,0
3,107,14.524,117,476785,31,11,1,18889,0,0,0,0,0,14,605,-2744,2286,0,0,0,2,0
3,107,14.582,118,476841,31,11,1,18889,0,0,0,0,0,14,605,-2744,2286,0,0,0,2,0
3,107,14.641,119,476898,31,11,1,18889,0,0,0,0,0,14,605,-2744,2286,0,0,0,2,0
3,107,14.695,120,476954,31,11,1,18889,0,0,0,0,0,14,605,-2744,2286,0,0,0,2,0
3,107,14.751,121,477009,31,11,1,18889,0,0,0,0,0,14,605,-2744,2286,0,0,0,2,0
3,107,14.805,122,477065,31,11,1,18889,0,0,0,0,0,14,605,-2744,2286,0,0,0,2,0
3,107,14.864,123,477121,31,11,1,18889,0,0,0,0,0,14,605,-2744,2286,0,0,0,2,0
3,107,14.917,124,477177,31,11,1,18889,0,0,0,0,0,14,605,-2744,2286,0,0,0,2,0
3,107,14.977,125,477234,31,11,1,18889,0,0,0,0,0,14,605,-2744,2286,0,0,0,2,0
3,107,15.142,0,477402,31,11,1,18889,0,0,0,0,0,14,605,-2744,2286,0,0,0,2,0
3,107,15.251,2,477513,31,11,1,18889,0,0,0,0,0,14,605,-2744,2286,0,0,0,2,0
3,107,15.309,3,477569,31,11,1,18889,0,0,0,0,0,14,605,-2744,2286,0,0,0,2,0
3,107,15.364,4,477625,31,11,1,18889,0,0,0,0,0,14,605,-2744,2286,0,0,0,2,0
3,107,15.431,5,477681,31,11,1,18889,0,0,0,0,0,14,605,-2744,2286,0,0,0,2,0
3,107,15.475,6,477734,31,11,1,18889,0,0,0,0,0,14,605,-2744,2286,0,0,0,2,0
3,107,15.528,7,477789,31,11,1,18889,0,0,0,0,0,14,605,-2744,2286,0,0,0,2,0
3,107,15.583,8,477845,31,11,1,18889,0,0,0,0,0,14,605,-2744,2286,0,0,0,2,0
3,107,15.753,11,478013,31,11,1,18889,0,0,0,0,0,14,605,-2744,2286,0,0,0,2,0
3,107,15.808,12,478069,31,11,1,18889,0,0,0,0,0,14,605,-2744,2286,0,0,0,2,0
3,107,15.865,13,478125,31,11,1,18889,0,0,0,0,0,14,605,-2744,2286,0,0,0,2,0
3,107,15.92,14,478182,31,11,1,18889,0,0,0,0,0,14,605,-2744,2286,0,0,0,2,0
3,107,15.976,15,478238,31,11,1,18889,0,0,0,0,0,14,605,-2744,2286,0,0,0,2,0
3,107,16.032,16,478293,31,11,1,18889,0,0,0,0,0,14,605,-2744,2286,0,0,0,2,0
3,107,16.145,18,478405,31,11,1,18889,0,0,0,0,0,14,605,-2744,2286,0,0,0,2,0
3,107,16.203,19,478461,31,11,1,18889,0,0,0,0,0,14,605,-2744,2286,0,0,0,2,0
3,107,16.37,22,478630,31,11,1,18889,0,0,0,0,0,14,605,-2744,2286,0,0,0,2,0
3,107,16.425,23,478686,31,11,1,18889,0,0,0,0,0,14,605,-2744,2286,0,0,0,2,0
3,107,16.496,24,478741,31,11,1,18889,0,0,0,0,0,14,605,-2744,2286,0,0,0,2,0
3,107,16.543,25,478793,31,11,1,18889,0,0,0,0,0,14,605,-2744,2286,0,0,0,2,0
3,107,16.595,26,478849,31,11,1,18889,0,0,0,0,0,14,605,-2744,2286,0,0,0,2,0
3,107,16.65,27,478906,31,11,1,18889,0,0,0,0,0,14,605,-2744,2286,0,0,0,2,0
3,107,16.7,28,478961,31,11,1,18889,0,0,0,0,0,14,605,-2744,2286,0,0,0,2,0
3,107,16.757,29,479018,31,11,1,18889,0,0,0,0,0,14,605,-2744,2286,0,0,0,2,0
3,107,16.988,33,479241,31,11,1,18889,0,0,0,0,0,14,605,-2744,2286,0,0,0,2,0
3,107,17.037,34,479297,31,11,1,18889,0,0,0,0,0,14,605,-2744,2286,0,0,0,2,0
3,107,17.152,36,479409,31,11,1,18889,0,0,0,0,0,14,605,-2744,2286,0,0,0,2,0
3,107,17.26,38,479522,31,11,1,18889,0,0,0,0,0,14,605,-2744,2286,0,0,0,2,0
3,107,17.317,39,479577,31,11,1,18889,0,0,0,0,0,14,605,-2744,2286,0,0,0,2,0
3,107,17.428,41,479689,31,11,1,18889,0,0,0,0,0,14,605,-2744,2286,0,0,0,2,0
3,107,17.649,45,479910,31,11,1,18889,0,0,0,0,0,14,605,-2744,2286,0,0,0,2,0
3,107,17.761,47,480021,31,11,1,18889,0,0,0,0,0,14,605,-2744,2286,0,0,0,2,0
3,107,17.817,48,480077,31,11,1,18889,0,0,0,0,0,14,605,-2744,2286,0,0,0,2,0
3,107,17.872,49,480133,31,11,1,18889,0,0,0,0,0,14,605,-2744,2286,0,0,0,2,0
3,107,17.928,50,480189,31,11,1,18889,0,0,0,0,0,14,605,-2744,2286,0,0,0,2,0
3,107,17.984,51,480245,31,11,1,18889,0,0,0,0,0,14,605,-2744,2286,0,0,0,2,0
3,107,18.04,52,480302,31,11,1,18889,0,0,0,0,0,14,605,-2744,2286,0,0,0,2,0
3,107,18.095,53,480358,31,11,1,18889,0,0,0,0,0,14,605,-2744,2286,0,0,0,2,0
3,107,18.153,54,480413,31,11,1,18889,0,0,0,0,0,14,605,-2744,2286,0,0,0,2,0
3,107,18.216,55,480469,31,11,1,18889,0,0,0,0,0,14,605,-2744,2286,0,0,0,2,0
3,107,18.268,56,480526,31,11,1,18889,0,0,0,0,0,14,605,-2744,2286,0,0,0,2,0
3,107,18.325,57,480581,31,11,1,18889,0,0,0,0,0,14,605,-2744,2286,0,0,0,2,0
3,107,18.377,58,480637,31,11,1,18889,0,0,0,0,0,14,605,-2744,2286,0,0,0,2,0
3,107,18.432,59,480693,31,11,1,18889,0,0,0,0,0,14,605,-2744,2286,0,0,0,2,0
3,107,18.49,60,480749,31,11,1,18889,0,0,0,0,0,14,605,-2744,2286,0,0,0,2,0
3,107,18.546,61,480806,31,11,1,18889,0,0,0,0,0,14,605,-2744,2286,0,0,0,2,0
3,107,18.608,62,480862,31,11,1,18889,0,0,0,0,0,14,605,-2744,2286,0,0,0,2,0
3,107,18.651,63,480914,31,11,1,18889,0,0,0,0,0,14,605,-2744,2286,0,0,0,2,0
3,107,18.708,64,480969,31,11,1,18889,0,0,0,0,0,14,605,-2744,2286,0,0,0,2,0
3,107,18.819,66,481081,31,11,1,18889,0,0,0,0,0,14,605,-2744,2286,0,0,0,2,0
3,107,18.932,68,481187,31,11,1,18889,0,0,0,0,0,14,605,-2744,2286,0,0,0,2,0
3,107,18.98,69,481241,31,11,1,18889,0,0,0,0,0,14,605,-2744,2286,0,0,0,2,0
3,107,19.092,71,481353,31,11,1,18889,0,0,0,0,0,14,605,-2744,2286,0,0,0,2,0
3,107,19.147,72,481410,31,11,1,18889,0,0,0,0,0,14,605,-2744,2286,0,0,0,2,0
3,107,19.204,73,481465,31,11,1,18889,0,0,0,0,0,14,605,-2744,2286,0,0,0,2,0
3,107,19.261,74,481522,31,11,1,18889,0,0,0,0,0,14,605,-2744,2286,0,0,0,2,0
3,107,19.316,75,481578,31,11,1,18889,0,0,0,0,0,14,605,-2744,2286,0,0,0,2,0
3,107,19.373,76,481633,31,11,1,18889,0,0,0,0,0,14,605,-2744,2286,0,0,0,2,0
3,107,19.54,79,481802,31,11,1,18889,0,0,0,0,0,14,605,-2744,2286,0,0,0,2,0
3,107,19.595,80,481857,31,11,1,18889,0,0,0,0,0,14,605,-2744,2286,0,0,0,2,0
3,107,19.662,81,481913,31,11,1,18889,0,0,0,0,0,14,605,-2744,2286,0,0,0,2,0
3,107,19.705,82,481966,31,11,1,18889,0,0,0,0,0,14,605,-2744,2286,0,0,0,2,0
3,107,19.817,84,482077,31,11,1,18889,0,0,0,0,0,14,605,-2744,2286,0,0,0,2,0
3,107,19.872,85,482133,31,11,1,18889,0,0,0,0,0,14,605,-2744,2286,0,0,0,2,0
3,107,19.928,86,482190,31,11,1,18889,0,0,0,0,0,14,605,-2744,2286,0,0,0,2,0
3,107,19.983,87,482245,31,11,1,18889,0,0,0,0,0,14,605,-2744,2286,0,0,0,2,0
3,107,20.039,88,482302,31,11,1,18889,0,0,0,0,0,14,605,-2744,2286,0,0,0,2,0
3,107,20.153,90,482414,31,11,1,18889,0,0,0,0,0,14,605,-2744,2286,0,0,0,2,0
3,107,20.207,91,482469,31,11,1,18889,0,0,0,0,0,14,605,-2744,2286,0,0,0,2,0
3,107,20.32,93,482581,31,11,1,18889,0,0,0,0,0,14,605,-2744,2286,0,0,0,2,0
3,107,20.375,94,482637,31,11,1,18889,0,0,0,0,0,14,605,-2744,2286,0,0,0,2,0
3,107,20.432,95,482694,31,11,1,18889,0,0,0,0,0,14,605,-2744,2286,0,0,0,2,0
3,107,20.488,96,482749,31,11,1,18889,0,0,0,0,0,14,605,-2744,2286,0,0,0,2,0
3,107,20.543,97,482806,31,11,1,18889,0,0,0,0,0,14,605,-2744,2286,0,0,0,2,0
3,107,20.599,98,482862,31,11,1,18889,0,0,0,0,0,14,605,-2744,2286,0,0,0,2,0
3,107,20.655,99,482918,31,11,1,18889,0,0,0,0,0,14,605,-2744,2286,0,0,0,2,0
3,107,20.763,101,483025,31,11,1,18889,0,0,0,0,0,14,605,-2744,2286,0,0,0,2,0
3,107,20.932,104,483194,31,11,1,18889,0,0,0,0,0,14,605,-2744,2286,0,0,0,2,0
3,107,21.044,106,483305,31,11,1,18889,0,0,0,0,0,14,605,-2744,2286,0,0,0,2,0
3,107,21.102,107,483361,31,11,1,18889,0,0,0,0,0,14,605,-2744,2286,0,0,0,2,0
3,107,21.156,108,483417,31,11,1,18889,0,0,0,0,0,14,605,-2744,2286,0,0,0,2,0
3,107,21.243,109,483473,31,11,1,18889,0,0,0,0,0,14,605,-2744,2286,0,0,0,2,0
3,107,21.286,110,483529,31,11,1,18889,0,0,0,0,0,14,605,-2744,2286,0,0,0,2,0
3,107,21.38,112,483642,31,11,1,18889,0,0,0,0,0,14,605,-2744,2286,0,0,0,2,0
3,107,21.436,113,483698,31,11,1,18889,0,0,0,0,0,14,605,-2744,2286,0,0,0,2,0
3,107,21.493,114,483753,31,11,1,18889,0,0,0,0,0,14,605,-2744,2286,0,0,0,2,0
3,107,21.548,115,483809,31,11,1,18889,0,0,0,0,0,14,605,-2744,2286,0,0,0,2,0
3,107,21.605,116,483865,31,11,1,18889,0,0,0,0,0,14,605,-2744,2286,0,0,0,2,0
3,107,21.659,117,483921,31,11,1,18889,0,0,0,0,0,14,605,-2744,2286,0,0,0,2,0
3,107,21.716,118,483978,31,11,1,18889,0,0,0,0,0,14,605,-2744,2286,0,0,0,2,0
3,107,21.797,119,484033,31,11,1,18889,0,0,0,0,0,14,605,-2744,2286,0,0,0,2,0
3,107,21.824,120,484086,31,11,1,18889,0,0,0,0,0,14,605,-2744,2286,0,0,0,2,0
3,107,21.881,121,484142,31,11,1,18889,0,0,0,0,0,14,605,-2744,2286,0,0,0,2,0
3,107,21.937,122,484197,31,11,1,18889,0,0,0,0,0,14,605,-2744,2286,0,0,0,2,0
3,107,21.992,123,484253,31,11,1,18889,0,0,0,0,0,14,605,-2744,2286,0,0,0,2,0
3,107,22.218,127,484478,31,11,1,18889,0,0,0,0,0,14,605,-2744,2286,0,0,0,2,0
3,107,22.271,0,484534,31,11,1,18889,0,0,0,0,0,14,605,-2744,2286,0,0,0,2,0
3,107,22.327,1,484589,31,11,1,18889,0,0,0,0,0,14,605,-2744,2286,0,0,0,2,0
3,107,22.384,2,484646,31,11,1,18889,0,0,0,0,0,14,605,-2744,2286,0,0,0,2,0
3,107,22.44,3,484702,31,11,1,18889,0,0,0,0,0,14,605,-2744,2286,0,0,0,2,0
3,107,22.496,4,484757,31,11,1,18889,0,0,0,0,0,14,605,-2744,2286,0,0,0,2,0
3,107,22.609,6,484869,31,11,1,18889,0,0,0,0,0,14,605,-2744,2286,0,0,0,2,0
3,107,22.675,7,484926,31,11,1,18889,0,0,0,0,0,14,605,-2744,2286,0,0,0,2,0
3,107,22.724,8,484982,31,11,1,18889,0,0,0,0,0,14,605,-2744,2286,0,0,0,2,0
3,107,22.777,9,485037,31,11,1,18889,0,0,0,0,0,14,605,-2744,2286,0,0,0,2,0
3,107,22.834,10,485093,31,11,1,18889,0,0,0,0,0,14,605,-2744,2286,0,0,0,2,0
3,107,22.884,11,485145,31,11,1,18889,0,0,0,0,0,14,605,-2744,2286,0,0,0,2,0
3,107,22.939,12,485202,31,11,1,18889,0,0,0,0,0,14,605,-2744,2286,0,0,0,2,0
3,107,22.996,13,485258,31,11,1,18889,0,0,0,0,0,14,605,-2744,2286,0,0,0,2,0
3,107,23.052,14,485314,31,11,1,18889,0,0,0,0,0,14,605,-2744,2286,0,0,0,2,0
3,107,23.122,15,485370,31,11,1,18889,0,0,0,0,0,14,605,-2744,2286,0,0,0,2,0
3,107,23.165,16,485425,31,11,1,18889,0,0,0,0,0,14,605,-2744,2286,0,0,0,2,0
3,107,23.337,19,485593,31,11,1,18889,0,0,0,0,0,14,605,-2744,2286,0,0,0,2,0
3,107,23.398,20,485649,31,11,1,18889,0,0,0,0,0,14,605,-2744,2286,0,0,0,2,0
3,107,23.445,21,485705,31,11,1,18889,0,0,0,0,0,14,605,-2744,2286,0,0,0,2,0
3,107,23.5,22,485762,31,11,1,18889,0,0,0,0,0,14,605,-2744,2286,0,0,0,2,0
3,107,23.559,23,485818,31,11,1,18889,0,0,0,0,0,14,605,-2744,2286,0,0,0,2,0
3,107,23.62,24,485873,31,11,1,18889,0,0,0,0,0,14,605,-2744,2286,0,0,0,2,0
3,107,23.67,25,485929,31,11,1,18889,0,0,0,0,0,14,605,-2744,2286,0,0,0,2,0
3,107,23.732,26,485986,31,11,1,18889,0,0,0,0,0,14,605,-2744,2286,0,0,0,2,0
3,107,23.782,27,486041,31,11,1,18889,0,0,0,0,0,14,605,-2744,2286,0,0,0,2,0
3,107,23.837,28,486097,31,11,1,18889,0,0,0,0,0,14,605,-2744,2286,0,0,0,2,0
3,107,23.894,29,486153,31,11,1,18889,0,0,0,0,0,14,605,-2744,2286,0,0,0,2,0
3,107,24.014,30,486206,31,11,1,18889,0,0,0,0,0,14,605,-2744,2286,0,0,0,2,0
3,107,24.058,32,486317,31,11,1,18889,0,0,0,0,0,14,605,-2744,2286,0,0,0,2,0
3,107,24.114,33,486373,31,11,1,18889,0,0,0,0,0,14,605,-2744,2286,0,0,0,2,0
3,107,24.169,34,486429,31,11,1,18889,0,0,0,0,0,14,605,-2744,2286,0,0,0,2,0
3,107,24.226,35,486485,31,11,1,18889,0,0,0,0,0,14,605,-2744,2286,0,0,0,2,0
3,107,24.282,36,486541,31,11,1,18889,0,0,0,0,0,14,605,-2744,2286,0,0,0,2,0
3,107,24.338,37,486598,31,11,1,18889,0,0,0,0,0,14,605,-2744,2286,0,0,0,2,0
3,107,24.561,41,486821,31,11,1,18889,0,0,0,0,0,14,605,-2744,2286,0,0,0,2,0
3,107,24.62,42,486877,31,11,1,18889,0,0,0,0,0,14,605,-2744,2286,0,0,0,2,0
3,107,24.676,43,486933,31,11,1,18889,0,0,0,0,0,14,605,-2744,2286,0,0,0,2,0
3,107,24.729,44,486989,31,11,1,18889,0,0,0,0,0,14,605,-2744,2286,0,0,0,2,0
3,107,24.824,45,487046,31,11,1,18889,0,0,0,0,0,14,605,-2744,2286,0,0,0,2,0
3,107,24.851,46,487102,31,11,1,18889,0,0,0,0,0,14,605,-2744,2286,0,0,0,2,0
3,107,24.895,47,487158,31,11,1,18889,0,0,0,0,0,14,605,-2744,2286,0,0,0,2,0
3,107,24.967,48,487213,31,11,1,18889,0,0,0,0,0,14,605,-2744,2286,0,0,0,2,0
3,107,25.006,49,487265,31,11,1,18889,0,0,0,0,0,14,605,-2744,2286,0,0,0,2,0
3,107,25.062,50,487321,31,11,1,18889,0,0,0,0,0,14,605,-2744,2286,0,0,0,2,0
3,107,25.174,52,487434,31,11,1,18889,0,0,0,0,0,14,605,-2744,2286,0,0,0,2,0
3,107,25.249,53,487490,31,11,1,18889,0,0,0,0,0,14,605,-2744,2286,0,0,0,2,0
3,107,25.301,54,487546,31,11,1,18889,0,0,0,0,0,14,605,-2744,2286,0,0,0,2,0
3,107,25.342,55,487602,31,11,1,18889,0,0,0,0,0,14,605,-2744,2286,0,0,0,2,0
3,107,25.398,56,487657,31,11,1,18889,0,0,0,0,0,14,605,-2744,2286,0,0,0,2,0
3,107,25.455,57,487713,31,11,1,18889,0,0,0,0,0,14,605,-2744,2286,0,0,0,2,0
3,107,25.513,58,487769,31,11,1,18889,0,0,0,0,0,14,605,-2744,2286,0,0,0,2,0
3,107,25.565,59,487825,31,11,1,18889,0,0,0,0,0,14,605,-2744,2286,0,0,0,2,0
3,107,25.619,60,487882,31,11,1,18889,0,0,0,0,0,14,605,-2744,2286,0,0,0,2,0
3,107,25.79,63,488049,31,11,1,18889,0,0,0,0,0,14,605,-2744,2286,0,0,0,2,0
3,107,25.905,65,488161,31,11,1,18889,0,0,0,0,0,14,605,-2744,2286,0,0,0,2,0
3,107,25.999,66,488217,31,11,1,18889,0,0,0,0,0,14,605,-2744,2286,0,0,0,2,0
3,107,26.024,67,488274,31,11,1,18889,0,0,0,0,0,14,605,-2744,2286,0,0,0,2,0
3,107,26.063,68,488326,31,11,1,18889,0,0,0,0,0,14,605,-2744,2286,0,0,0,2,0
3,107,26.12,69,488382,31,11,1,18889,0,0,0,0,0,14,605,-2744,2286,0,0,0,2,0
3,107,26.178,70,488437,31,11,1,18889,0,0,0,0,0,14,605,-2744,2286,0,0,0,2,0
3,107,26.237,71,488493,31,11,1,18889,0,0,0,0,0,14,605,-2744,2286,0,0,0,2,0
3,107,26.402,74,488661,31,11,1,18889,0,0,0,0,0,14,605,-2744,2286,0,0,0,2,0
3,107,26.456,75,488718,31,11,1,18889,0,0,0,0,0,14,605,-2744,2286,0,0,0,2,0
3,107,26.567,77,488829,31,11,1,18889,0,0,0,0,0,14,605,-2744,2286,0,0,0,2,0
3,107,26.626,78,488885,31,11,1,18889,0,0,0,0,0,14,605,-2744,2286,0,0,0,2,0
3,107,26.681,79,488941,31,11,1,18889,0,0,0,0,0,14,605,-2744,2286,0,0,0,2,0
3,107,26.745,80,488997,31,11,1,18889,0,0,0,0,0,14,605,-2744,2286,0,0,0,2,0
3,107,26.793,81,489054,31,11,1,18889,0,0,0,0,0,14,605,-2744,2286,0,0,0,2,0
3,107,27.074,86,489333,31,11,1,18889,0,0,0,0,0,14,605,-2744,2286,0,0,0,2,0
3,107,27.18,88,489442,31,11,1,18889,0,0,0,0,0,14,605,-2744,2286,0,0,0,2,0
3,107,27.24,89,489497,31,11,1,18889,0,0,0,0,0,14,605,-2744,2286,0,0,0,2,0
3,107,27.294,90,489554,31,11,1,18889,0,0,0,0,0,14,605,-2744,2286,0,0,0,2,0
3,107,27.35,91,489610,31,11,1,18889,0,0,0,0,0,14,605,-2744,2286,0,0,0,2,0
3,107,27.412,92,489665,31,11,1,18889,0,0,0,0,0,14,605,-2744,2286,0,0,0,2,0
3,107,27.462,93,489721,31,11,1,18889,0,0,0,0,0,14,605,-2744,2286,0,0,0,2,0
3,107,27.52,94,489777,31,11,1,18889,0,0,0,0,0,14,605,-2744,2286,0,0,0,2,0
3,107,27.632,96,489889,31,11,1,18889,0,0,0,0,0,14,605,-2744,2286,0,0,0,2,0
3,107,27.684,97,489945,31,11,1,18889,0,0,0,0,0,14,605,-2744,2286,0,0,0,2,0
3,107,27.8,99,490058,31,11,1,18889,0,0,0,0,0,14,605,-2744,2286,0,0,0,2,0
3,107,27.855,100,490113,31,11,1,18889,0,0,0,0,0,14,605,-2744,2286,0,0,0,2,0
3,107,27.909,101,490169,31,11,1,18889,0,0,0,0,0,14,605,-2744,2286,0,0,0,2,0
3,107,27.967,102,490225,31,11,1,18889,0,0,0,0,0,14,605,-2744,2286,0,0,0,2,0
3,107,28.019,103,490281,31,11,1,18889,0,0,0,0,0,14,605,-2744,2286,0,0,0,2,0
3,107,28.075,104,490337,31,11,1,18889,0,0,0,0,0,14,605,-2744,2286,0,0,0,2,0
3,107,28.239,107,490502,31,11,1,18889,0,0,0,0,0,14,605,-2744,2286,0,0,0,2,0
3,107,28.351,109,490614,31,11,1,18889,0,0,0,0,0,14,605,-2744,2286,0,0,0,2,0
3,107,28.407,110,490669,31,11,1,18889,0,0,0,0,0,14,605,-2744,2286,0,0,0,2,0
3,107,28.576,113,490837,31,11,1,18889,0,0,0,0,0,14,605,-2744,2286,0,0,0,2,0
3,107,28.631,114,490894,31,11,1,18889,0,0,0,0,0,14,605,-2744,2286,0,0,0,2,0
3,107,28.743,116,491005,31,11,1,18889,0,0,0,0,0,14,605,-2744,2286,0,0,0,2,0
3,107,28.801,117,491061,31,11,1,18889,0,0,0,0,0,14,605,-2744,2286,0,0,0,2,0
3,107,28.855,118,491117,31,11,1,18889,0,0,0,0,0,14,605,-2744,2286,0,0,0,2,0
3,107,29.023,121,491285,31,11,1,18889,0,0,0,0,0,14,605,-2744,2286,0,0,0,2,0
3,107,29.136,123,491397,31,11,1,18889,0,0,0,0,0,14,605,-2744,2286,0,0,0,2,0
3,107,29.2,124,491453,31,11,1,18889,0,0,0,0,0,14,605,-2744,2286,0,0,0,2,0
3,107,29.245,125,491505,31,11,1,18889,0,0,0,0,0,14,605,-2744,2286,0,0,0,2,0
3,107,29.303,126,491561,31,11,1,18889,0,0,0,0,0,14,605,-2744,2286,0,0,0,2,0
3,107,29.358,127,491617,31,11,1,18889,0,0,0,0,0,14,605,-2744,2286,0,0,0,2,0
3,107,29.411,0,491673,31,11,1,18889,0,0,0,0,0,14,605,-2744,2286,0,0,0,2,0
3,107,29.472,1,491729,31,11,1,18889,0,0,0,0,0,14,605,-2744,2286,0,0,0,2,0
3,107,29.639,4,491897,31,11,1,18889,0,0,0,0,0,14,605,-2744,2286,0,0,0,2,0
3,107,29.691,5,491953,31,11,1,18889,0,0,0,0,0,14,605,-2744,2286,0,0,0,2,0
3,107,29.747,6,492010,31,11,1,18889,0,0,0,0,0,14,605,-2744,2286,0,0,0,2,0
3,107,29.804,7,492065,31,11,1,18889,0,0,0,0,0,14,605,-2744,2286,0,0,0,2,0
3,107,29.864,8,492122,31,11,1,18889,0,0,0,0,0,14,605,-2744,2286,0,0,0,2,0
3,107,29.917,9,492177,31,11,1,18889,0,0,0,0,0,14,605,-2744,2286,0,0,0,2,0
3,107,29.971,10,492234,31,11,1,18889,0,0,0,0,0,14,605,-2744,2286,0,0,0,2,0
3,107,30.084,12,492345,31,11,1,18889,0,0,0,0,0,14,605,-2744,2286,0,0,0,2,0
3,107,30.141,13,492402,31,11,1,18889,0,0,0,0,0,14,605,-2744,2286,0,0,0,2,0
3,107,30.26,15,492513,31,11,1,18889,0,0,0,0,0,14,605,-2744,2286,0,0,0,2,0
3,107,30.303,16,492565,31,11,1,18889,0,0,0,0,0,14,605,-2744,2286,0,0,0,2,0
3,107,30.362,17,492622,31,11,1,18889,0,0,0,0,0,14,605,-2744,2286,0,0,0,2,0
3,107,30.417,18,492677,31,11,1,18889,0,0,0,0,0,14,605,-2744,2286,0,0,0,2,0
3,107,30.474,19,492734,31,11,1,18889,0,0,0,0,0,14,605,-2744,2286,0,0,0,2,0
3,107,30.528,20,492789,31,11,1,18889,0,0,0,0,0,14,605,-2744,2286,0,0,0,2,0
3,107,30.583,21,492845,31,11,1,18889,0,0,0,0,0,14,605,-2744,2286,0,0,0,2,0
3,107,30.641,22,492902,31,11,1,18889,0,0,0,0,0,14,605,-2744,2286,0,0,0,2,0
4,-107,-0.019,33,507791,31,11,1,18889,0,0,0,0,0,14,605,-2744,2286,0,0,0,2,0
4,-107,0.027,34,507842,31,11,1,18889,0,0,0,0,0,14,605,-2744,2286,0,0,0,2,0
4,-107,0.092,35,507911,31,11,1,18866,0,0,0,8,-8,14,607,-2741,2283,1000,-1000,0,2,0
4,-107,0.163,36,507982,31,12,1,18590,0,0,0,34,-39,14,610,-2713,2238,1200,-1100,0,2,0
4,-107,0.235,37,508054,31,12,1,18234,0,0,0,56,-56,14,613,-2663,2194,1300,-1200,0,2,0
4,-107,0.525,41,508342,31,12,1,15049,0,0,0,174,-154,14,625,-2244,1772,2600,-2600,0,2,0
4,-107,0.668,43,508486,31,13,0,12595,0,0,0,174,-174,14,631,-1930,1438,2500,-2300,0,2,0
4,-107,0.748,44,508557,31,13,0,11399,0,0,0,170,-164,14,634,-1775,1277,2300,-2100,0,2,0
4,-107,0.811,45,508630,31,13,0,10285,0,0,0,154,-154,14,637,-1625,1133,2300,-2100,0,2,0
4,-107,0.883,46,508702,31,13,0,9221,0,0,0,144,-154,14,640,-1486,991,1200,-1100,0,2,0
4,-107,1.002,47,508822,31,13,0,8494,0,0,0,0,0,14,647,-1391,894,0,0,0,2,0
4,-107,1.055,48,508874,31,13,0,8494,0,0,0,0,0,14,649,-1391,894,0,0,0,2,0
4,-107,1.126,49,508946,31,13,0,8494,0,0,0,0,0,14,652,-1391,894,0,0,0,2,0
4,-107,1.2,50,509018,31,13,0,8494,0,0,0,0,0,14,655,-1391,894,0,0,0,2,0
4,-107,1.271,51,509089,31,13,0,8494,0,0,0,0,0,14,658,-1391,894,0,0,0,2,0
4,-107,1.343,52,509161,31,13,0,8494,0,0,0,0,0,14,661,-1391,894,0,0,0,2,0
4,-107,1.415,53,509233,31,13,0,8494,0,0,0,0,0,14,664,-1391,894,0,0,0,2,0
4,-107,1.558,55,509377,31,13,0,8494,0,0,0,0,0,14,670,-1391,894,0,0,0,2,0
4,-107,1.63,56,509449,31,13,0,8494,0,0,0,0,0,14,673,-1391,894,0,0,0,2,0
4,-107,1.702,57,509521,31,13,0,8494,0,0,0,0,0,14,676,-1391,894,0,0,0,2,0
4,-107,1.846,59,509665,31,13,0,8494,0,0,0,0,0,14,682,-1391,894,0,0,0,2,0
4,-107,1.919,60,509737,31,13,0,8494,0,0,0,0,0,14,685,-1391,894,0,0,0,2,0
4,-107,2.063,62,509882,31,13,0,8494,0,0,0,0,0,14,691,-1391,894,0,0,0,2,0
4,-107,2.206,64,510025,31,13,0,8494,0,0,0,0,0,14,697,-1391,894,0,0,0,2,0
4,-107,2.351,66,510169,31,13,0,8494,0,0,0,0,0,14,703,-1391,894,0,0,0,2,0
4,-107,2.422,67,510241,31,13,0,8494,0,0,0,0,0,14,706,-1391,894,0,0,0,2,0
4,-107,2.568,69,510385,31,13,0,8494,0,0,0,0,0,14,712,-1391,894,0,0,0,2,0
4,-107,2.644,70,510457,31,13,0,8494,0,0,0,0,0,14,715,-1391,894,0,0,0,2,0
4,-107,2.784,72,510602,31,13,0,8494,0,0,0,0,0,14,721,-1391,894,0,0,0,2,0
4,-107,2.858,73,510673,31,13,0,8494,0,0,0,0,0,14,724,-1391,894,0,0,0,2,0
4,-107,2.927,74,510745,31,13,0,8494,0,0,0,0,0,14,727,-1391,894,0,0,0,2,0
4,-107,3.002,75,510818,31,13,0,8494,0,0,0,0,0,14,730,-1391,894,0,0,0,2,0
4,-107,3.07,76,510890,31,13,0,8494,0,0,0,0,0,14,733,-1391,894,0,0,0,2,0
4,-107,3.152,77,510963,31,13,0,8494,0,0,0,0,0,14,736,-1391,894,0,0,0,2,0
4,-107,3.255,79,511070,31,13,0,8494,0,0,0,0,0,14,736,-1391,894,0,0,0,2,0
4,-107,3.308,80,511125,31,13,0,8494,0,0,0,0,0,14,736,-1391,894,0,0,0,2,0
4,-107,3.47,83,511289,31,13,0,8494,0,0,0,0,0,14,736,-1391,894,0,0,0,2,0
4,-107,3.526,84,511346,31,13,0,8494,0,0,0,0,0,14,736,-1391,894,0,0,0,2,0
4,-107,3.638,86,511457,31,13,0,8494,0,0,0,0,0,14,736,-1391,894,0,0,0,2,0
4,-107,3.75,88,511570,31,13,0,8494,0,0,0,0,0,14,736,-1391,894,0,0,0,2,0
4,-107,3.806,89,511625,31,13,0,8494,0,0,0,0,0,14,736,-1391,894,0,0,0,2,0
4,-107,3.865,90,511681,31,13,0,8494,0,0,0,0,0,14,736,-1391,894,0,0,0,2,0
4,-107,3.919,91,511737,31,13,0,8494,0,0,0,0,0,14,736,-1391,894,0,0,0,2,0
4,-107,3.977,92,511794,31,13,0,8494,0,0,0,0,0,14,736,-1391,894,0,0,0,2,0
4,-107,4.088,94,511905,31,13,0,8494,0,0,0,0,0,14,736,-1391,894,0,0,0,2,0
4,-107,4.143,95,511961,31,13,0,8494,0,0,0,0,0,14,736,-1391,894,0,0,0,2,0
4,-107,4.2,96,512017,31,13,0,8494,0,0,0,0,0,14,736,-1391,894,0,0,0,2,0
4,-107,4.255,97,512073,31,13,0,8494,0,0,0,0,0,14,736,-1391,894,0,0,0,2,0
4,-107,4.31,98,512129,31,13,0,8494,0,0,0,0,0,14,736,-1391,894,0,0,0,2,0
4,-107,4.366,99,512185,31,13,0,8494,0,0,0,0,0,14,736,-1391,894,0,0,0,2,0
4,-107,4.422,100,512242,31,13,0,8494,0,0,0,0,0,14,736,-1391,894,0,0,0,2,0
4,-107,4.488,101,512298,31,13,0,8494,0,0,0,0,0,14,736,-1391,894,0,0,0,2,0
4,-107,4.53,102,512350,31,13,0,8494,0,0,0,0,0,14,736,-1391,894,0,0,0,2,0
4,-107,4.586,103,512405,31,13,0,8494,0,0,0,0,0,14,736,-1391,894,0,0,0,2,0
4,-107,4.644,104,512461,31,13,0,8494,0,0,0,0,0,14,736,-1391,894,0,0,0,2,0
4,-107,4.81,107,512630,31,13,0,8494,0,0,0,0,0,14,736,-1391,894,0,0,0,2,0
4,-107,4.866,108,512686,31,13,0,8494,0,0,0,0,0,14,736,-1391,894,0,0,0,2,0
4,-107,4.979,110,512797,31,13,0,8494,0,0,0,0,0,14,736,-1391,894,0,0,0,2,0
4,-107,5.034,111,512853,31,13,0,8494,0,0,0,0,0,14,736,-1391,894,0,0,0,2,0
4,-107,5.202,114,513021,31,13,0,8494,0,0,0,0,0,14,736,-1391,894,0,0,0,2,0
4,-107,5.313,116,513133,31,13,0,8494,0,0,0,0,0,14,736,-1391,894,0,0,0,2,0
4,-107,5.369,117,513189,31,13,0,8494,0,0,0,0,0,14,736,-1391,894,0,0,0,2,0
4,-107,5.54,120,513357,31,13,0,8494,0,0,0,0,0,14,736,-1391,894,0,0,0,2,0
4,-107,5.59,121,513410,31,13,0,8494,0,0,0,0,0,14,736,-1391,894,0,0,0,2,0
4,-107,5.646,122,513466,31,13,0,8494,0,0,0,0,0,14,736,-1391,894,0,0,0,2,0
4,-107,5.702,123,513521,31,13,0,8494,0,0,0,0,0,14,736,-1391,894,0,0,0,2,0
4,-107,5.759,124,513577,31,13,0,8494,0,0,0,0,0,14,736,-1391,894,0,0,0,2,0
4,-107,5.814,125,513633,31,13,0,8494,0,0,0,0,0,14,736,-1391,894,0,0,0,2,0
4,-107,5.927,127,513745,31,13,0,8494,0,0,0,0,0,14,736,-1391,894,0,0,0,2,0
4,-107,6.15,3,513969,31,13,0,8494,0,0,0,0,0,14,736,-1391,894,0,0,0,2,0
4,-107,6.205,4,514025,31,13,0,8494,0,0,0,0,0,14,736,-1391,894,0,0,0,2,0
4,-107,6.261,5,514081,31,13,0,8494,0,0,0,0,0,14,736,-1391,894,0,0,0,2,0
4,-107,6.318,6,514137,31,13,0,8494,0,0,0,0,0,14,736,-1391,894,0,0,0,2,0
4,-107,6.375,7,514193,31,13,0,8494,0,0,0,0,0,14,736,-1391,894,0,0,0,2,0
4,-107,6.432,8,514249,31,13,0,8494,0,0,0,0,0,14,736,-1391,894,0,0,0,2,0
4,-107,6.542,10,514362,31,13,0,8494,0,0,0,0,0,14,736,-1391,894,0,0,0,2,0
4,-107,6.606,11,514417,31,13,0,8494,0,0,0,0,0,14,736,-1391,894,0,0,0,2,0
4,-107,6.649,12,514469,31,13,0,8494,0,0,0,0,0,14,736,-1391,894,0,0,0,2,0
4,-107,6.762,14,514581,31,13,0,8494,0,0,0,0,0,14,736,-1391,894,0,0,0,2,0
4,-107,6.818,15,514638,31,13,0,8494,0,0,0,0,0,14,736,-1391,894,0,0,0,2,0
4,-107,6.875,16,514694,31,13,0,8494,0,0,0,0,0,14,736,-1391,894,0,0,0,2,0
4,-107,6.929,17,514750,31,13,0,8494,0,0,0,0,0,14,736,-1391,894,0,0,0,2,0
4,-107,6.985,18,514805,31,13,0,8494,0,0,0,0,0,14,736,-1391,894,0,0,0,2,0
4,-107,7.042,19,514861,31,13,0,8494,0,0,0,0,0,14,736,-1391,894,0,0,0,2,0
4,-107,7.098,20,514917,31,13,0,8494,0,0,0,0,0,14,736,-1391,894,0,0,0,2,0
4,-107,7.323,24,515141,31,13,0,8494,0,0,0,0,0,14,736,-1391,894,0,0,0,2,0
4,-107,7.378,25,515198,31,13,0,8494,0,0,0,0,0,14,736,-1391,894,0,0,0,2,0
4,-107,7.434,26,515253,31,13,0,8494,0,0,0,0,0,14,736,-1391,894,0,0,0,2,0
4,-107,7.49,27,515309,31,13,0,8494,0,0,0,0,0,14,736,-1391,894,0,0,0,2,0
4,-107,7.547,28,515366,31,13,0,8494,0,0,0,0,0,14,736,-1391,894,0,0,0,2,0
4,-107,7.601,29,515421,31,13,0,8494,0,0,0,0,0,14,736,-1391,894,0,0,0,2,0
4,-107,7.659,30,515477,31,13,0,8494,0,0,0,0,0,14,736,-1391,894,0,0,0,2,0
4,-107,7.709,31,515529,31,13,0,8494,0,0,0,0,0,14,736,-1391,894,0,0,0,2,0
4,-107,7.877,34,515697,31,13,0,8494,0,0,0,0,0,14,736,-1391,894,0,0,0,2,0
4,-107,7.99,36,515809,31,13,0,8494,0,0,0,0,0,14,736,-1391,894,0,0,0,2,0
4,-107,8.046,37,515865,31,13,0,8494,0,0,0,0,0,14,736,-1391,894,0,0,0,2,0
4,-107,8.102,38,515921,31,13,0,8494,0,0,0,0,0,14,736,-1391,894,0,0,0,2,0
4,-107,8.158,39,515977,31,13,0,8494,0,0,0,0,0,14,736,-1391,894,0,0,0,2,0
4,-107,8.213,40,516033,31,13,0,8494,0,0,0,0,0,14,736,-1391,894,0,0,0,2,0
4,-107,8.27,41,516089,31,13,0,8494,0,0,0,0,0,14,736,-1391,894,0,0,0,2,0
4,-107,8.325,42,516146,31,13,0,8494,0,0,0,0,0,14,736,-1391,894,0,0,0,2,0
4,-107,8.382,43,516202,31,13,0,8494,0,0,0,0,0,14,736,-1391,894,0,0,0,2,0
4,-107,8.494,45,516313,31,13,0,8494,0,0,0,0,0,14,736,-1391,894,0,0,0,2,0
4,-107,8.55,46,516370,31,13,0,8494,0,0,0,0,0,14,736,-1391,894,0,0,0,2,0
4,-107,8.606,47,516425,31,13,0,8494,0,0,0,0,0,14,736,-1391,894,0,0,0,2,0
4,-107,8.726,49,516537,31,13,0,8494,0,0,0,0,0,14,736,-1391,894,0,0,0,2,0
4,-107,8.774,50,516589,31,13,0,8494,0,0,0,0,0,14,736,-1391,894,0,0,0,2,0
4,-107,8.825,51,516645,31,13,0,8494,0,0,0,0,0,14,736,-1391,894,0,0,0,2,0
4,-107,8.882,52,516702,31,13,0,8494,0,0,0,0,0,14,736,-1391,894,0,0,0,2,0
4,-107,8.945,53,516757,31,13,0,8494,0,0,0,0,0,14,736,-1391,894,0,0,0,2,0
4,-107,9.109,56,516926,31,13,0,8494,0,0,0,0,0,14,736,-1391,894,0,0,0,2,0
4,-107,9.167,57,516981,31,13,0,8494,0,0,0,0,0,14,736,-1391,894,0,0,0,2,0
4,-107,9.219,58,517037,31,13,0,8494,0,0,0,0,0,14,736,-1391,894,0,0,0,2,0
4,-107,9.275,59,517094,31,13,0,8494,0,0,0,0,0,14,736,-1391,894,0,0,0,2,0
4,-107,9.331,60,517149,31,13,0,8494,0,0,0,0,0,14,736,-1391,894,0,0,0,2,0
4,-107,9.39,61,517205,31,13,0,8494,0,0,0,0,0,14,736,-1391,894,0,0,0,2,0
4,-107,9.444,62,517261,31,13,0,8494,0,0,0,0,0,14,736,-1391,894,0,0,0,2,0
4,-107,9.553,64,517374,31,13,0,8494,0,0,0,0,0,14,736,-1391,894,0,0,0,2,0
4,-107,9.726,67,517541,31,13,0,8494,0,0,0,0,0,14,736,-1391,894,0,0,0,2,0
4,-107,9.787,68,517597,31,13,0,8494,0,0,0,0,0,14,736,-1391,894,0,0,0,2,0
4,-107,9.887,70,517706,31,13,0,8494,0,0,0,0,0,14,736,-1391,894,0,0,0,2,0
4,-107,9.942,71,517762,31,13,0,8494,0,0,0,0,0,14,736,-1391,894,0,0,0,2,0
4,-107,10.054,73,517873,31,13,0,8494,0,0,0,0,0,14,736,-1391,894,0,0,0,2,0
4,-107,10.11,74,517929,31,13,0,8494,0,0,0,0,0,14,736,-1391,894,0,0,0,2,0
4,-107,10.166,75,517985,31,13,0,8494,0,0,0,0,0,14,736,-1391,894,0,0,0,2,0
4,-107,10.225,76,518041,31,13,0,8494,0,0,0,0,0,14,736,-1391,894,0,0,0,2,0
4,-107,10.333,78,518153,31,13,0,8494,0,0,0,0,0,14,736,-1391,894,0,0,0,2,0
4,-107,10.391,79,518210,31,13,0,8494,0,0,0,0,0,14,736,-1391,894,0,0,0,2,0
4,-107,10.45,80,518265,31,13,0,8494,0,0,0,0,0,14,736,-1391,894,0,0,0,2,0
4,-107,10.504,81,518321,31,13,0,8494,0,0,0,0,0,14,736,-1391,894,0,0,0,2,0
4,-107,10.558,82,518377,31,13,0,8494,0,0,0,0,0,14,736,-1391,894,0,0,0,2,0
4,-107,10.613,83,518434,31,13,0,8494,0,0,0,0,0,14,736,-1391,894,0,0,0,2,0
4,-107,10.67,84,518489,31,13,0,8494,0,0,0,0,0,14,736,-1391,894,0,0,0,2,0
4,-107,10.728,85,518545,31,13,0,8494,0,0,0,0,0,14,736,-1391,894,0,0,0,2,0
4,-107,10.787,86,518602,31,13,0,8494,0,0,0,0,0,14,736,-1391,894,0,0,0,2,0
4,-107,10.89,88,518709,31,13,0,8494,0,0,0,0,0,14,736,-1391,894,0,0,0,2,0
4,-107,10.946,89,518765,31,13,0,8494,0,0,0,0,0,14,736,-1391,894,0,0,0,2,0
4,-107,11.002,90,518821,31,13,0,8494,0,0,0,0,0,14,736,-1391,894,0,0,0,2,0
4,-107,11.115,92,518933,31,13,0,8494,0,0,0,0,0,14,736,-1391,894,0,0,0,2,0
4,-107,11.179,93,518989,31,13,0,8494,0,0,0,0,0,14,736,-1391,894,0,0,0,2,0
4,-107,11.225,94,519045,31,13,0,8494,0,0,0,0,0,14,736,-1391,894,0,0,0,2,0
4,-107,11.282,95,519102,31,13,0,8494,0,0,0,0,0,14,736,-1391,894,0,0,0,2,0
4,-107,11.338,96,519157,31,13,0,8494,0,0,0,0,0,14,736,-1391,894,0,0,0,2,0
4,-107,11.395,97,519214,31,13,0,8494,0,0,0,0,0,14,736,-1391,894,0,0,0,2,0
4,-107,11.451,98,519269,31,13,0,8494,0,0,0,0,0,14,736,-1391,894,0,0,0,2,0
4,-107,11.562,100,519381,31,13,0,8494,0,0,0,0,0,14,736,-1391,894,0,0,0,2,0
4,-107,11.618,101,519437,31,13,0,8494,0,0,0,0,0,14,736,-1391,894,0,0,0,2,0
4,-107,11.786,104,519605,31,13,0,8494,0,0,0,0,0,14,736,-1391,894,0,0,0,2,0
4,-107,11.842,105,519661,31,13,0,8494,0,0,0,0,0,14,736,-1391,894,0,0,0,2,0
4,-107,11.906,106,519717,31,13,0,8494,0,0,0,0,0,14,736,-1391,894,0,0,0,2,0
5,180,-0.013,16,528979,31,13,0,8494,0,0,0,0,0,14,736,-1391,894,0,0,0,2,0
5,180,0.084,18,529085,31,13,0,8494,0,0,0,0,0,14,736,-1391,894,0,0,0,2,0
5,180,0.14,19,529141,31,13,0,8494,0,0,0,0,0,14,736,-1391,894,0,0,0,2,0
5,180,0.197,20,529198,31,13,0,8494,0,0,0,0,0,14,736,-1391,894,0,0,0,2,0
5,180,0.26,21,529253,31,13,0,8494,0,0,0,0,0,14,736,-1391,894,0,0,0,2,0
5,180,0.418,24,529417,31,13,0,8494,0,0,0,0,0,14,736,-1391,894,0,0,0,2,0
5,180,0.473,25,529473,31,13,0,8494,0,0,0,0,0,14,736,-1391,894,0,0,0,2,0
5,180,0.584,27,529585,31,13,0,8494,0,0,0,0,0,14,736,-1391,894,0,0,0,2,0
5,180,0.64,28,529641,31,13,0,8494,0,0,0,0,0,14,736,-1391,894,0,0,0,2,0
5,180,0.696,29,529697,31,13,0,8494,0,0,0,0,0,14,736,-1391,894,0,0,0,2,0
5,180,0.752,30,529753,31,13,0,8494,0,0,0,0,0,14,736,-1391,894,0,0,0,2,0
5,180,0.864,32,529866,31,13,0,8494,0,0,0,0,0,14,736,-1391,894,0,0,0,2,0
5,180,1.088,36,530089,31,13,0,8494,0,0,0,0,0,14,736,-1391,894,0,0,0,2,0
5,180,1.144,37,530145,31,13,0,8494,0,0,0,0,0,14,736,-1391,894,0,0,0,2,0
5,180,1.202,38,530202,31,13,0,8494,0,0,0,0,0,14,736,-1391,894,0,0,0,2,0
5,180,1.32,40,530313,31,13,0,8494,0,0,0,0,0,14,736,-1391,894,0,0,0,2,0
5,180,1.365,41,530365,31,13,0,8494,0,0,0,0,0,14,736,-1391,894,0,0,0,2,0
5,180,1.42,42,530421,31,13,0,8494,0,0,0,0,0,14,736,-1391,894,0,0,0,2,0
5,180,1.476,43,530477,31,13,0,8494,0,0,0,0,0,14,736,-1391,894,0,0,0,2,0
5,180,1.531,44,530533,31,13,0,8494,0,0,0,0,0,14,736,-1391,894,0,0,0,2,0
5,180,1.702,47,530702,31,13,0,8494,0,0,0,0,0,14,736,-1391,894,0,0,0,2,0
5,180,1.764,48,530758,31,13,0,8494,0,0,0,0,0,14,736,-1391,894,0,0,0,2,0
5,180,1.811,49,530813,31,13,0,8494,0,0,0,0,0,14,736,-1391,894,0,0,0,2,0
5,180,1.868,50,530870,31,13,0,8494,0,0,0,0,0,14,736,-1391,894,0,0,0,2,0
5,180,1.925,51,530925,31,13,0,8494,0,0,0,0,0,14,736,-1391,894,0,0,0,2,0
5,180,1.98,52,530981,31,13,0,8494,0,0,0,0,0,14,736,-1391,894,0,0,0,2,0
5,180,2.036,53,531037,31,13,0,8494,0,0,0,0,0,14,736,-1391,894,0,0,0,2,0
5,180,2.092,54,531093,31,13,0,8494,0,0,0,0,0,14,736,-1391,894,0,0,0,2,0
5,180,2.148,55,531149,31,13,0,8494,0,0,0,0,0,14,736,-1391,894,0,0,0,2,0
5,180,2.204,56,531205,31,13,0,8494,0,0,0,0,0,14,736,-1391,894,0,0,0,2,0
5,180,2.26,57,531261,31,13,0,8494,0,0,0,0,0,14,736,-1391,894,0,0,0,2,0
5,180,2.317,58,531318,31,13,0,8494,0,0,0,0,0,14,736,-1391,894,0,0,0,2,0
5,180,2.38,59,531373,31,13,0,8494,0,0,0,0,0,14,736,-1391,894,0,0,0,2,0
5,180,2.425,60,531425,31,13,0,8494,0,0,0,0,0,14,736,-1391,894,0,0,0,2,0
5,180,2.535,62,531538,31,13,0,8494,0,0,0,0,0,14,736,-1391,894,0,0,0,2,0
5,180,2.594,63,531593,31,13,0,8494,0,0,0,0,0,14,736,-1391,894,0,0,0,2,0
5,180,2.649,64,531650,31,13,0,8494,0,0,0,0,0,14,736,-1391,894,0,0,0,2,0
5,180,2.705,65,531706,31,13,0,8494,0,0,0,0,0,14,736,-1391,894,0,0,0,2,0
5,180,2.76,66,531761,31,13,0,8494,0,0,0,0,0,14,736,-1391,894,0,0,0,2,0
5,180,2.872,68,531873,31,13,0,8494,0,0,0,0,0,14,736,-1391,894,0,0,0,2,0
5,180,2.928,69,531929,31,13,0,8494,0,0,0,0,0,14,736,-1391,894,0,0,0,2,0
5,180,2.984,70,531985,31,13,0,8494,0,0,0,0,0,14,736,-1391,894,0,0,0,2,0
5,180,3.04,71,532042,31,13,0,8494,0,0,0,0,0,14,736,-1391,894,0,0,0,2,0
5,180,3.102,72,532095,31,13,0,8505,0,0,0,-8,0,15,738,-1394,894,-1000,1000,0,2,0
5,180,3.237,74,532238,31,13,0,9009,0,0,0,-56,62,15,744,-1458,963,-1400,1400,0,2,0
5,180,3.31,75,532310,31,13,0,9498,0,0,0,-92,82,15,747,-1525,1025,-1800,1800,0,2,0
5,180,3.454,77,532453,31,13,-1,11115,0,0,0,-147,144,15,753,-1747,1230,-2500,2600,0,2,0
5,180,3.597,79,532597,31,13,-2,13489,0,0,0,-200,170,15,759,-2077,1527,-2600,2600,0,2,0
5,180,3.676,80,532670,31,14,-3,14705,0,0,0,-193,148,15,762,-2250,1675,-2400,2500,0,2,0
5,180,3.736,81,532719,31,10,-5,15481,0,0,0,-164,5805,15,764,-2358,1772,-4000,4100,0,2,0
5,180,3.87,83,532862,31,11,-5,18026,0,0,0,-164,144,15,770,-2708,2094,-1800,2400,0,2,0
5,180,4.081,86,533078,31,11,-5,20866,0,0,0,-154,154,15,779,-3072,2480,-2000,2500,0,2,0
5,180,4.135,87,533127,31,10,-6,21506,0,0,0,-138,144,15,781,-3155,2566,-2000,2500,0,2,0
5,180,4.271,89,533270,31,10,-6,23619,0,0,0,-144,164,15,787,-3427,2852,-2000,2400,0,2,0
5,180,4.349,90,533342,31,10,-6,24630,0,0,0,-148,134,15,790,-3558,2988,-2000,2500,0,2,0
5,180,4.415,91,533414,31,10,-7,25672,0,0,0,-134,147,15,793,-3688,3133,-1000,1300,0,2,0
5,180,4.523,92,533512,31,10,-7,26262,0,0,0,0,0,15,799,-3761,3216,0,0,0,2,0
5,180,4.63,94,533625,31,10,-7,26262,0,0,0,0,0,15,799,-3761,3216,0,0,0,2,0
5,180,4.682,95,533682,31,10,-7,26262,0,0,0,0,0,15,799,-3761,3216,0,0,0,2,0
5,180,4.737,96,533737,31,10,-7,26262,0,0,0,0,0,15,799,-3761,3216,0,0,0,2,0
5,180,4.821,97,533793,31,10,-7,26262,0,0,0,0,0,15,799,-3761,3216,0,0,0,2,0
5,180,4.845,98,533845,31,10,-7,26262,0,0,0,0,0,15,799,-3761,3216,0,0,0,2,0
5,180,4.901,99,533902,31,10,-7,26262,0,0,0,0,0,15,799,-3761,3216,0,0,0,2,0
5,180,4.957,100,533957,31,10,-7,26262,0,0,0,0,0,15,799,-3761,3216,0,0,0,2,0
5,180,5.015,101,534013,31,10,-7,26262,0,0,0,0,0,15,799,-3761,3216,0,0,0,2,0
5,180,5.131,103,534126,31,10,-7,26262,0,0,0,0,0,15,799,-3761,3216,0,0,0,2,0
5,180,5.302,106,534294,31,10,-7,26262,0,0,0,0,0,15,799,-3761,3216,0,0,0,2,0
5,180,5.404,108,534405,31,10,-7,26262,0,0,0,0,0,15,799,-3761,3216,0,0,0,2,0
5,180,5.46,109,534461,31,10,-7,26262,0,0,0,0,0,15,799,-3761,3216,0,0,0,2,0
5,180,5.576,111,534574,31,10,-7,26262,0,0,0,0,0,15,799,-3761,3216,0,0,0,2,0
5,180,5.63,112,534629,31,10,-7,26262,0,0,0,0,0,15,799,-3761,3216,0,0,0,2,0
5,180,5.744,114,534741,31,10,-7,26262,0,0,0,0,0,15,799,-3761,3216,0,0,0,2,0
5,180,5.802,115,534797,31,10,-7,26262,0,0,0,0,0,15,799,-3761,3216,0,0,0,2,0
5,180,5.962,118,534962,31,10,-7,26262,0,0,0,0,0,15,799,-3761,3216,0,0,0,2,0
5,180,6.018,119,535017,31,10,-7,26262,0,0,0,0,0,15,799,-3761,3216,0,0,0,2,0
5,180,6.075,120,535074,31,10,-7,26262,0,0,0,0,0,15,799,-3761,3216,0,0,0,2,0
5,180,6.241,123,535241,31,10,-7,26262,0,0,0,0,0,15,799,-3761,3216,0,0,0,2,0
5,180,6.353,125,535354,31,10,-7,26262,0,0,0,0,0,15,799,-3761,3216,0,0,0,2,0
5,180,6.465,127,535465,31,10,-7,26262,0,0,0,0,0,15,799,-3761,3216,0,0,0,2,0
5,180,6.523,0,535521,31,10,-7,26262,0,0,0,0,0,15,799,-3761,3216,0,0,0,2,0
5,180,6.635,2,535633,31,10,-7,26262,0,0,0,0,0,15,799,-3761,3216,0,0,0,2,0
5,180,6.69,3,535689,31,10,-7,26262,0,0,0,0,0,15,799,-3761,3216,0,0,0,2,0
5,180,6.746,4,535745,31,10,-7,26262,0,0,0,0,0,15,799,-3761,3216,0,0,0,2,0
5,180,6.801,5,535802,31,10,-7,26262,0,0,0,0,0,15,799,-3761,3216,0,0,0,2,0
5,180,6.859,6,535858,31,10,-7,26262,0,0,0,0,0,15,799,-3761,3216,0,0,0,2,0
5,180,6.921,7,535913,31,10,-7,26262,0,0,0,0,0,15,799,-3761,3216,0,0,0,2,0
5,180,7.077,10,536077,31,10,-7,26262,0,0,0,0,0,15,799,-3761,3216,0,0,0,2,0
5,180,7.133,11,536134,31,10,-7,26262,0,0,0,0,0,15,799,-3761,3216,0,0,0,2,0
5,180,7.189,12,536190,31,10,-7,26262,0,0,0,0,0,15,799,-3761,3216,0,0,0,2,0
5,180,7.244,13,536246,31,10,-7,26262,0,0,0,0,0,15,799,-3761,3216,0,0,0,2,0
5,180,7.3,14,536302,31,10,-7,26262,0,0,0,0,0,15,799,-3761,3216,0,0,0,2,0
5,180,7.357,15,536357,31,10,-7,26262,0,0,0,0,0,15,799,-3761,3216,0,0,0,2,0
5,180,7.412,16,536413,31,10,-7,26262,0,0,0,0,0,15,799,-3761,3216,0,0,0,2,0
5,180,7.469,17,536469,31,10,-7,26262,0,0,0,0,0,15,799,-3761,3216,0,0,0,2,0
5,180,7.695,21,536694,31,10,-7,26262,0,0,0,0,0,15,799,-3761,3216,0,0,0,2,0
5,180,7.751,22,536749,31,10,-7,26262,0,0,0,0,0,15,799,-3761,3216,0,0,0,2,0
5,180,7.819,23,536805,31,10,-7,26262,0,0,0,0,0,15,799,-3761,3216,0,0,0,2,0
5,180,7.862,24,536861,31,10,-7,26262,0,0,0,0,0,15,799,-3761,3216,0,0,0,2,0
5,180,7.915,25,536917,31,10,-7,26262,0,0,0,0,0,15,799,-3761,3216,0,0,0,2,0
5,180,7.981,26,536973,31,10,-7,26262,0,0,0,0,0,15,799,-3761,3216,0,0,0,2,0
5,180,8.026,27,537026,31,10,-7,26262,0,0,0,0,0,15,799,-3761,3216,0,0,0,2,0
5,180,8.083,28,537082,31,10,-7,26262,0,0,0,0,0,15,799,-3761,3216,0,0,0,2,0
5,180,8.139,29,537137,31,10,-7,26262,0,0,0,0,0,15,799,-3761,3216,0,0,0,2,0
5,180,8.303,32,537305,31,10,-7,26262,0,0,0,0,0,15,799,-3761,3216,0,0,0,2,0
5,180,8.368,33,537362,31,10,-7,26262,0,0,0,0,0,15,799,-3761,3216,0,0,0,2,0
5,180,8.417,34,537417,31,10,-7,26262,0,0,0,0,0,15,799,-3761,3216,0,0,0,2,0
5,180,8.585,37,537585,31,10,-7,26262,0,0,0,0,0,15,799,-3761,3216,0,0,0,2,0
5,180,8.641,38,537641,31,10,-7,26262,0,0,0,0,0,15,799,-3761,3216,0,0,0,2,0
5,180,8.697,39,537697,31,10,-7,26262,0,0,0,0,0,15,799,-3761,3216,0,0,0,2,0
5,180,8.752,40,537753,31,10,-7,26262,0,0,0,0,0,15,799,-3761,3216,0,0,0,2,0
5,180,8.919,43,537922,31,10,-7,26262,0,0,0,0,0,15,799,-3761,3216,0,0,0,2,0
5,180,8.975,44,537977,31,10,-7,26262,0,0,0,0,0,15,799,-3761,3216,0,0,0,2,0
5,180,9.084,46,538085,31,10,-7,26262,0,0,0,0,0,15,799,-3761,3216,0,0,0,2,0
5,180,9.141,47,538142,31,10,-7,26262,0,0,0,0,0,15,799,-3761,3216,0,0,0,2,0
5,180,9.198,48,538197,31,10,-7,26262,0,0,0,0,0,15,799,-3761,3216,0,0,0,2,0
5,180,9.253,49,538253,31,10,-7,26262,0,0,0,0,0,15,799,-3761,3216,0,0,0,2,0
5,180,9.323,50,538310,31,10,-7,26262,0,0,0,0,0,15,799,-3761,3216,0,0,0,2,0
5,180,9.364,51,538366,31,10,-7,26262,0,0,0,0,0,15,799,-3761,3216,0,0,0,2,0
5,180,9.536,54,538533,31,10,-7,26262,0,0,0,0,0,15,799,-3761,3216,0,0,0,2,0
5,180,9.59,55,538589,31,10,-7,26262,0,0,0,0,0,15,799,-3761,3216,0,0,0,2,0
5,180,9.645,56,538645,31,10,-7,26262,0,0,0,0,0,15,799,-3761,3216,0,0,0,2,0
5,180,9.709,57,538702,31,10,-7,26262,0,0,0,0,0,15,799,-3761,3216,0,0,0,2,0
5,180,9.76,58,538758,31,10,-7,26262,0,0,0,0,0,15,799,-3761,3216,0,0,0,2,0
5,180,9.814,59,538814,31,10,-7,26262,0,0,0,0,0,15,799,-3761,3216,0,0,0,2,0
5,180,9.868,60,538870,31,10,-7,26262,0,0,0,0,0,15,799,-3761,3216,0,0,0,2,0
5,180,9.924,61,538925,31,10,-7,26262,0,0,0,0,0,15,799,-3761,3216,0,0,0,2,0
5,180,9.982,62,538981,31,10,-7,26262,0,0,0,0,0,15,799,-3761,3216,0,0,0,2,0
5,180,10.145,65,539146,31,10,-7,26262,0,0,0,0,0,15,799,-3761,3216,0,0,0,2,0
5,180,10.2,66,539202,31,10,-7,26262,0,0,0,0,0,15,799,-3761,3216,0,0,0,2,0
5,180,10.257,67,539257,31,10,-7,26262,0,0,0,0,0,15,799,-3761,3216,0,0,0,2,0
5,180,10.312,68,539313,31,10,-7,26262,0,0,0,0,0,15,799,-3761,3216,0,0,0,2,0
5,180,10.368,69,539369,31,10,-7,26262,0,0,0,0,0,15,799,-3761,3216,0,0,0,2,0
5,180,10.424,70,539425,31,10,-7,26262,0,0,0,0,0,15,799,-3761,3216,0,0,0,2,0
5,180,10.537,72,539537,31,10,-7,26262,0,0,0,0,0,15,799,-3761,3216,0,0,0,2,0
5,180,10.653,74,539650,31,10,-7,26262,0,0,0,0,0,15,799,-3761,3216,0,0,0,2,0
5,180,10.767,76,539761,31,10,-7,26262,0,0,0,0,0,15,799,-3761,3216,0,0,0,2,0
5,180,10.817,77,539817,31,10,-7,26262,0,0,0,0,0,15,799,-3761,3216,0,0,0,2,0
5,180,10.871,78,539873,31,10,-7,26262,0,0,0,0,0,15,799,-3761,3216,0,0,0,2,0
5,180,10.932,79,539929,31,10,-7,26262,0,0,0,0,0,15,799,-3761,3216,0,0,0,2,0
5,180,10.985,80,539985,31,10,-7,26262,0,0,0,0,0,15,799,-3761,3216,0,0,0,2,0
5,180,11.042,81,540042,31,10,-7,26262,0,0,0,0,0,15,799,-3761,3216,0,0,0,2,0
5,180,11.097,82,540098,31,10,-7,26262,0,0,0,0,0,15,799,-3761,3216,0,0,0,2,0
5,180,11.16,83,540153,31,10,-7,26262,0,0,0,0,0,15,799,-3761,3216,0,0,0,2,0
5,180,11.204,84,540205,31,10,-7,26262,0,0,0,0,0,15,799,-3761,3216,0,0,0,2,0
5,180,11.26,85,540261,31,10,-7,26262,0,0,0,0,0,15,799,-3761,3216,0,0,0,2,0
5,180,11.316,86,540317,31,10,-7,26262,0,0,0,0,0,15,799,-3761,3216,0,0,0,2,0
5,180,11.372,87,540373,31,10,-7,26262,0,0,0,0,0,15,799,-3761,3216,0,0,0,2,0
5,180,11.427,88,540430,31,10,-7,26262,0,0,0,0,0,15,799,-3761,3216,0,0,0,2,0
5,180,11.553,90,540541,31,10,-7,26262,0,0,0,0,0,15,799,-3761,3216,0,0,0,2,0
5,180,11.598,91,540597,31,10,-7,26262,0,0,0,0,0,15,799,-3761,3216,0,0,0,2,0
5,180,11.654,92,540653,31,10,-7,26262,0,0,0,0,0,15,799,-3761,3216,0,0,0,2,0
5,180,11.71,93,540709,31,10,-7,26262,0,0,0,0,0,15,799,-3761,3216,0,0,0,2,0
5,180,11.765,94,540765,31,10,-7,26262,0,0,0,0,0,15,799,-3761,3216,0,0,0,2,0
5,180,11.823,95,540821,31,10,-7,26262,0,0,0,0,0,15,799,-3761,3216,0,0,0,2,0
5,180,11.877,96,540877,31,10,-7,26262,0,0,0,0,0,15,799,-3761,3216,0,0,0,2,0
5,180,11.987,98,540990,31,10,-7,26262,0,0,0,0,0,15,799,-3761,3216,0,0,0,2,0
5,180,12.043,99,541045,31,10,-7,26262,0,0,0,0,0,15,799,-3761,3216,0,0,0,2,0
5,180,12.1,100,541102,31,10,-7,26262,0,0,0,0,0,15,799,-3761,3216,0,0,0,2,0
5,180,12.161,101,541158,31,10,-7,26262,0,0,0,0,0,15,799,-3761,3216,0,0,0,2,0
5,180,12.233,102,541213,31,10,-7,26262,0,0,0,0,0,15,799,-3761,3216,0,0,0,2,0
5,180,12.269,103,541266,31,10,-7,26262,0,0,0,0,0,15,799,-3761,3216,0,0,0,2,0
5,180,12.322,104,541321,31,10,-7,26262,0,0,0,0,0,15,799,-3761,3216,0,0,0,2,0
5,180,12.379,105,541377,31,10,-7,26262,0,0,0,0,0,15,799,-3761,3216,0,0,0,2,0
5,180,12.432,106,541433,31,10,-7,26262,0,0,0,0,0,15,799,-3761,3216,0,0,0,2,0
5,180,12.489,107,541489,31,10,-7,26262,0,0,0,0,0,15,799,-3761,3216,0,0,0,2,0
5,180,12.603,109,541602,31,10,-7,26262,0,0,0,0,0,15,799,-3761,3216,0,0,0,2,0
5,180,12.656,110,541657,31,10,-7,26262,0,0,0,0,0,15,799,-3761,3216,0,0,0,2,0
5,180,12.712,111,541714,31,10,-7,26262,0,0,0,0,0,15,799,-3761,3216,0,0,0,2,0
5,180,12.77,112,541770,31,10,-7,26262,0,0,0,0,0,15,799,-3761,3216,0,0,0,2,0
5,180,12.826,113,541826,31,10,-7,26262,0,0,0,0,0,15,799,-3761,3216,0,0,0,2,0
5,180,12.881,114,541881,31,10,-7,26262,0,0,0,0,0,15,799,-3761,3216,0,0,0,2,0
5,180,12.936,115,541938,31,10,-7,26262,0,0,0,0,0,15,799,-3761,3216,0,0,0,2,0
5,180,12.993,116,541993,31,10,-7,26262,0,0,0,0,0,15,799,-3761,3216,0,0,0,2,0
5,180,13.047,117,542049,31,10,-7,26262,0,0,0,0,0,15,799,-3761,3216,0,0,0,2,0
5,180,13.106,118,542105,31,10,-7,26262,0,0,0,0,0,15,799,-3761,3216,0,0,0,2,0
5,180,13.215,120,542218,31,10,-7,26262,0,0,0,0,0,15,799,-3761,3216,0,0,0,2,0
5,180,13.28,121,542273,31,10,-7,26262,0,0,0,0,0,15,799,-3761,3216,0,0,0,2,0
5,180,13.325,122,542325,31,10,-7,26262,0,0,0,0,0,15,799,-3761,3216,0,0,0,2,0
5,180,13.382,123,542381,31,10,-7,26262,0,0,0,0,0,15,799,-3761,3216,0,0,0,2,0
5,180,13.463,124,542437,31,10,-7,26262,0,0,0,0,0,15,799,-3761,3216,0,0,0,2,0
5,180,13.494,125,542493,31,10,-7,26262,0,0,0,0,0,15,799,-3761,3216,0,0,0,2,0
5,180,13.55,126,542550,31,10,-7,26262,0,0,0,0,0,15,799,-3761,3216,0,0,0,2,0
5,180,13.66,0,542661,31,10,-7,26262,0,0,0,0,0,15,799,-3761,3216,0,0,0,2,0
5,180,13.715,1,542718,31,10,-7,26262,0,0,0,0,0,15,799,-3761,3216,0,0,0,2,0
5,180,13.829,3,542829,31,10,-7,26262,0,0,0,0,0,15,799,-3761,3216,0,0,0,2,0
5,180,13.884,4,542885,31,10,-7,26262,0,0,0,0,0,15,799,-3761,3216,0,0,0,2,0
5,180,13.94,5,542941,31,10,-7,26262,0,0,0,0,0,15,799,-3761,3216,0,0,0,2,0
5,180,13.998,6,542998,31,10,-7,26262,0,0,0,0,0,15,799,-3761,3216,0,0,0,2,0
5,180,14.059,7,543054,31,10,-7,26262,0,0,0,0,0,15,799,-3761,3216,0,0,0,2,0
5,180,14.108,8,543110,31,10,-7,26262,0,0,0,0,0,15,799,-3761,3216,0,0,0,2,0
5,180,14.163,9,543165,31,10,-7,26262,0,0,0,0,0,15,799,-3761,3216,0,0,0,2,0
5,180,14.222,10,543221,31,10,-7,26262,0,0,0,0,0,15,799,-3761,3216,0,0,0,2,0
5,180,14.277,11,543277,31,10,-7,26262,0,0,0,0,0,15,799,-3761,3216,0,0,0,2,0
5,180,14.34,12,543333,31,10,-7,26262,0,0,0,0,0,15,799,-3761,3216,0,0,0,2,0
5,180,14.478,13,543386,31,10,-7,26262,0,0,0,0,0,15,799,-3761,3216,0,0,0,2,0
5,180,14.676,18,543665,31,10,-7,26262,0,0,0,0,0,15,799,-3761,3216,0,0,0,2,0
5,180,14.727,19,543721,31,10,-7,26262,0,0,0,0,0,15,799,-3761,3216,0,0,0,2,0
5,180,14.78,20,543778,31,10,-7,26262,0,0,0,0,0,15,799,-3761,3216,0,0,0,2,0
5,180,14.878,21,543834,31,10,-7,26262,0,0,0,0,0,15,799,-3761,3216,0,0,0,2,0
5,180,14.895,22,543889,31,10,-7,26262,0,0,0,0,0,15,799,-3761,3216,0,0,0,2,0
5,180,14.999,24,544002,31,10,-7,26262,0,0,0,0,0,15,799,-3761,3216,0,0,0,2,0
5,180,15.057,25,544057,31,10,-7,26262,0,0,0,0,0,15,799,-3761,3216,0,0,0,2,0
5,180,15.114,26,544113,31,10,-7,26262,0,0,0,0,0,15,799,-3761,3216,0,0,0,2,0
5,180,15.171,27,544169,31,10,-7,26262,0,0,0,0,0,15,799,-3761,3216,0,0,0,2,0
5,180,15.242,28,544226,31,10,-7,26262,0,0,0,0,0,15,799,-3761,3216,0,0,0,2,0
5,180,15.339,30,544338,31,10,-7,26262,0,0,0,0,0,15,799,-3761,3216,0,0,0,2,0
5,180,15.404,31,544394,31,10,-7,26262,0,0,0,0,0,15,799,-3761,3216,0,0,0,2,0
5,180,15.443,32,544445,31,10,-7,26262,0,0,0,0,0,15,799,-3761,3216,0,0,0,2,0
5,180,15.5,33,544502,31,10,-7,26262,0,0,0,0,0,15,799,-3761,3216,0,0,0,2,0
5,180,15.613,35,544613,31,10,-7,26262,0,0,0,0,0,15,799,-3761,3216,0,0,0,2,0
5,180,15.672,36,544669,31,10,-7,26262,0,0,0,0,0,15,799,-3761,3216,0,0,0,2,0
5,180,15.726,37,544726,31,10,-7,26262,0,0,0,0,0,15,799,-3761,3216,0,0,0,2,0
5,180,15.853,39,544837,31,10,-7,26262,0,0,0,0,0,15,799,-3761,3216,0,0,0,2,0
5,180,15.892,40,544893,31,10,-7,26262,0,0,0,0,0,15,799,-3761,3216,0,0,0,2,0
5,180,15.947,41,544949,31,10,-7,26262,0,0,0,0,0,15,799,-3761,3216,0,0,0,2,0
5,180,16.003,42,545006,31,10,-7,26262,0,0,0,0,0,15,799,-3761,3216,0,0,0,2,0
5,180,16.06,43,545061,31,10,-7,26262,0,0,0,0,0,15,799,-3761,3216,0,0,0,2,0
5,180,16.177,45,545174,31,10,-7,26262,0,0,0,0,0,15,799,-3761,3216,0,0,0,2,0
5,180,16.227,46,545229,31,10,-7,26262,0,0,0,0,0,15,799,-3761,3216,0,0,0,2,0
5,180,16.395,49,545397,31,10,-7,26262,0,0,0,0,0,15,799,-3761,3216,0,0,0,2,0
5,180,16.46,50,545453,31,10,-7,26262,0,0,0,0,0,15,799,-3761,3216,0,0,0,2,0
5,180,16.503,51,545505,31,10,-7,26262,0,0,0,0,0,15,799,-3761,3216,0,0,0,2,0
5,180,16.56,52,545562,31,10,-7,26262,0,0,0,0,0,15,799,-3761,3216,0,0,0,2,0
5,180,16.616,53,545618,31,10,-7,26262,0,0,0,0,0,15,799,-3761,3216,0,0,0,2,0
5,180,16.674,54,545673,31,10,-7,26262,0,0,0,0,0,15,799,-3761,3216,0,0,0,2,0
5,180,16.728,55,545729,31,10,-7,26262,0,0,0,0,0,15,799,-3761,3216,0,0,0,2,0
5,180,16.784,56,545786,31,10,-7,26262,0,0,0,0,0,15,799,-3761,3216,0,0,0,2,0
5,180,16.839,57,545841,31,10,-7,26262,0,0,0,0,0,15,799,-3761,3216,0,0,0,2,0
5,180,17.008,60,546010,31,10,-7,26262,0,0,0,0,0,15,799,-3761,3216,0,0,0,2,0
5,180,17.063,61,546066,31,10,-7,26262,0,0,0,0,0,15,799,-3761,3216,0,0,0,2,0
5,180,17.127,62,546121,31,10,-7,26262,0,0,0,0,0,15,799,-3761,3216,0,0,0,2,0
5,180,17.183,63,546177,31,10,-7,26262,0,0,0,0,0,15,799,-3761,3216,0,0,0,2,0
5,180,17.233,64,546233,31,10,-7,26262,0,0,0,0,0,15,799,-3761,3216,0,0,0,2,0
5,180,17.344,66,546345,31,10,-7,26262,0,0,0,0,0,15,799,-3761,3216,0,0,0,2,0
5,180,17.399,67,546402,31,10,-7,26262,0,0,0,0,0,15,799,-3761,3216,0,0,0,2,0
5,180,17.455,68,546458,31,10,-7,26262,0,0,0,0,0,15,799,-3761,3216,0,0,0,2,0
5,180,17.514,69,546514,31,10,-7,26262,0,0,0,0,0,15,799,-3761,3216,0,0,0,2,0
5,180,17.62,71,546621,31,10,-7,26262,0,0,0,0,0,15,799,-3761,3216,0,0,0,2,0
5,180,17.678,72,546677,31,10,-7,26262,0,0,0,0,0,15,799,-3761,3216,0,0,0,2,0
5,180,17.731,73,546733,31,10,-7,26262,0,0,0,0,0,15,799,-3761,3216,0,0,0,2,0
5,180,17.788,74,546789,31,10,-7,26262,0,0,0,0,0,15,799,-3761,3216,0,0,0,2,0
5,180,17.845,75,546846,31,10,-7,26262,0,0,0,0,0,15,799,-3761,3216,0,0,0,2,0
5,180,17.901,76,546902,31,10,-7,26262,0,0,0,0,0,15,799,-3761,3216,0,0,0,2,0
5,180,17.955,77,546957,31,10,-7,26262,0,0,0,0,0,15,799,-3761,3216,0,0,0,2,0
5,180,18.011,78,547013,31,10,-7,26262,0,0,0,0,0,15,799,-3761,3216,0,0,0,2,0
5,180,18.067,79,547069,31,10,-7,26262,0,0,0,0,0,15,799,-3761,3216,0,0,0,2,0
6,-180,0.003,97,555206,31,10,-7,26262,0,0,0,0,0,15,799,-3761,3216,0,0,0,2,0
6,-180,0.143,99,555346,31,10,-7,26080,0,0,0,29,-46,15,803,-3741,3188,1200,-1100,0,2,0
6,-180,0.214,100,555418,31,10,-7,25789,0,0,0,56,-52,15,806,-3702,3150,1300,-1300,0,2,0
6,-180,0.286,101,555490,31,10,-7,25380,0,0,0,82,-56,15,809,-3650,3094,1600,-1500,0,2,0
6,-180,0.357,102,555562,31,10,-6,24778,0,0,0,102,-118,15,812,-3577,3008,2100,-2000,0,2,0
6,-180,0.415,103,555611,31,10,-6,24251,0,0,0,108,-121,15,814,-3508,2938,2300,-2300,0,2,0
6,-180,0.55,105,555754,31,11,-5,22085,0,0,0,164,-183,15,820,-3236,2638,2600,-2600,0,2,0
6,-180,0.622,106,555826,31,11,-5,20832,0,0,0,164,-193,15,823,-3080,2463,2600,-2400,0,2,0
6,-180,0.702,107,555897,31,11,-5,19624,0,0,0,164,-164,15,826,-2919,2305,2400,-2200,0,2,0
6,-180,0.779,108,555970,31,11,-5,18465,0,0,0,164,-164,15,829,-2763,2155,2400,-2100,0,2,0
6,-180,0.849,109,556042,31,10,-5,17352,0,0,0,164,-138,15,832,-2608,2016,2400,-2100,0,2,0
6,-180,0.911,110,556114,31,10,-5,16280,0,0,0,164,-144,15,835,-2458,1883,2200,-2100,0,2,0
6,-180,0.984,111,556186,31,9,-5,15257,0,0,0,154,-147,15,838,-2316,1755,2200,-2100,0,2,0
6,-180,1.049,112,556235,31,9,-5,14595,0,0,0,128,-138,15,840,-2230,1666,2100,-2100,0,2,0
6,-180,1.102,113,556306,31,9,-5,13576,0,0,0,144,-154,15,843,-2097,1530,2100,-2100,0,2,0
6,-180,1.173,114,556378,31,9,-5,12523,0,0,0,138,-148,15,846,-1958,1391,2100,-2000,0,2,0
6,-180,1.245,115,556450,31,9,-5,11486,0,0,0,144,-164,15,849,-1825,1250,2200,-2100,0,2,0
6,-180,1.388,117,556593,31,9,-5,9418,0,0,0,128,-147,15,855,-1552,977,1500,-1400,0,2,0
6,-180,1.559,119,556757,31,9,-5,8528,0,0,0,0,0,15,863,-1433,861,0,0,0,2,0
6,-180,1.625,120,556829,31,9,-5,8528,0,0,0,0,0,15,866,-1433,861,0,0,0,2,0
6,-180,1.679,121,556885,31,9,-5,8528,0,0,0,0,0,15,867,-1433,861,0,0,0,2,0
6,-180,1.735,122,556941,31,9,-5,8528,0,0,0,0,0,15,867,-1433,861,0,0,0,2,0
6,-180,1.792,123,556998,31,9,-5,8528,0,0,0,0,0,15,867,-1433,861,0,0,0,2,0
6,-180,1.847,124,557053,31,9,-5,8528,0,0,0,0,0,15,867,-1433,861,0,0,0,2,0
6,-180,1.959,126,557166,31,9,-5,8528,0,0,0,0,0,15,867,-1433,861,0,0,0,2,0
6,-180,2.015,127,557221,31,9,-5,8528,0,0,0,0,0,15,867,-1433,861,0,0,0,2,0
6,-180,2.071,0,557277,31,9,-5,8528,0,0,0,0,0,15,867,-1433,861,0,0,0,2,0
6,-180,2.127,1,557334,31,9,-5,8528,0,0,0,0,0,15,867,-1433,861,0,0,0,2,0
6,-180,2.247,3,557445,31,9,-5,8528,0,0,0,0,0,15,867,-1433,861,0,0,0,2,0
6,-180,2.291,4,557497,31,9,-5,8528,0,0,0,0,0,15,867,-1433,861,0,0,0,2,0
6,-180,2.348,5,557554,31,9,-5,8528,0,0,0,0,0,15,867,-1433,861,0,0,0,2,0
6,-180,2.404,6,557609,31,9,-5,8528,0,0,0,0,0,15,867,-1433,861,0,0,0,2,0
6,-180,2.46,7,557665,31,9,-5,8528,0,0,0,0,0,15,867,-1433,861,0,0,0,2,0
6,-180,2.683,11,557889,31,9,-5,8528,0,0,0,0,0,15,867,-1433,861,0,0,0,2,0
6,-180,2.739,12,557946,31,9,-5,8528,0,0,0,0,0,15,867,-1433,861,0,0,0,2,0
6,-180,2.796,13,558002,31,9,-5,8528,0,0,0,0,0,15,867,-1433,861,0,0,0,2,0
6,-180,2.852,14,558057,31,9,-5,8528,0,0,0,0,0,15,867,-1433,861,0,0,0,2,0
6,-180,2.907,15,558114,31,9,-5,8528,0,0,0,0,0,15,867,-1433,861,0,0,0,2,0
6,-180,2.964,16,558169,31,9,-5,8528,0,0,0,0,0,15,867,-1433,861,0,0,0,2,0
6,-180,3.019,17,558225,31,9,-5,8528,0,0,0,0,0,15,867,-1433,861,0,0,0,2,0
6,-180,3.075,18,558281,31,9,-5,8528,0,0,0,0,0,15,867,-1433,861,0,0,0,2,0
6,-180,3.312,22,558502,31,9,-5,8528,0,0,0,0,0,15,867,-1433,861,0,0,0,2,0
6,-180,3.35,23,558553,31,9,-5,8528,0,0,0,0,0,15,867,-1433,861,0,0,0,2,0
6,-180,3.408,24,558609,31,9,-5,8528,0,0,0,0,0,15,867,-1433,861,0,0,0,2,0
6,-180,3.478,25,558665,31,9,-5,8528,0,0,0,0,0,15,867,-1433,861,0,0,0,2,0
6,-180,3.573,27,558778,31,9,-5,8528,0,0,0,0,0,15,867,-1433,861,0,0,0,2,0
6,-180,3.628,28,558834,31,9,-5,8528,0,0,0,0,0,15,867,-1433,861,0,0,0,2,0
6,-180,3.686,29,558889,31,9,-5,8528,0,0,0,0,0,15,867,-1433,861,0,0,0,2,0
6,-180,3.739,30,558946,31,9,-5,8528,0,0,0,0,0,15,867,-1433,861,0,0,0,2,0
6,-180,3.907,33,559113,31,9,-5,8528,0,0,0,0,0,15,867,-1433,861,0,0,0,2,0
6,-180,3.963,34,559170,31,9,-5,8528,0,0,0,0,0,15,867,-1433,861,0,0,0,2,0
6,-180,4.019,35,559226,31,9,-5,8528,0,0,0,0,0,15,867,-1433,861,0,0,0,2,0
6,-180,4.075,36,559281,31,9,-5,8528,0,0,0,0,0,15,867,-1433,861,0,0,0,2,0
6,-180,4.132,37,559337,31,9,-5,8528,0,0,0,0,0,15,867,-1433,861,0,0,0,2,0
6,-180,4.187,38,559393,31,9,-5,8528,0,0,0,0,0,15,867,-1433,861,0,0,0,2,0
6,-180,4.244,39,559449,31,9,-5,8528,0,0,0,0,0,15,867,-1433,861,0,0,0,2,0
6,-180,4.3,40,559505,31,9,-5,8528,0,0,0,0,0,15,867,-1433,861,0,0,0,2,0
6,-180,4.364,41,559561,31,9,-5,8528,0,0,0,0,0,15,867,-1433,861,0,0,0,2,0
6,-180,4.408,42,559614,31,9,-5,8528,0,0,0,0,0,15,867,-1433,861,0,0,0,2,0
6,-180,4.519,44,559726,31,9,-5,8528,0,0,0,0,0,15,867,-1433,861,0,0,0,2,0
6,-180,4.631,46,559837,31,9,-5,8528,0,0,0,0,0,15,867,-1433,861,0,0,0,2,0
6,-180,4.687,47,559893,31,9,-5,8528,0,0,0,0,0,15,867,-1433,861,0,0,0,2,0
6,-180,4.743,48,559949,31,9,-5,8528,0,0,0,0,0,15,867,-1433,861,0,0,0,2,0
6,-180,4.8,49,560006,31,9,-5,8528,0,0,0,0,0,15,867,-1433,861,0,0,0,2,0
6,-180,4.855,50,560062,31,9,-5,8528,0,0,0,0,0,15,867,-1433,861,0,0,0,2,0
6,-180,4.968,52,560173,31,9,-5,8528,0,0,0,0,0,15,867,-1433,861,0,0,0,2,0
6,-180,5.023,53,560229,31,9,-5,8528,0,0,0,0,0,15,867,-1433,861,0,0,0,2,0
6,-180,5.135,55,560341,31,9,-5,8528,0,0,0,0,0,15,867,-1433,861,0,0,0,2,0
6,-180,5.191,56,560398,31,9,-5,8528,0,0,0,0,0,15,867,-1433,861,0,0,0,2,0
6,-180,5.247,57,560454,31,9,-5,8528,0,0,0,0,0,15,867,-1433,861,0,0,0,2,0
6,-180,5.303,58,560509,31,9,-5,8528,0,0,0,0,0,15,867,-1433,861,0,0,0,2,0
6,-180,5.359,59,560565,31,9,-5,8528,0,0,0,0,0,15,867,-1433,861,0,0,0,2,0
6,-180,5.425,60,560621,31,9,-5,8528,0,0,0,0,0,15,867,-1433,861,0,0,0,2,0
6,-180,5.467,61,560673,31,9,-5,8528,0,0,0,0,0,15,867,-1433,861,0,0,0,2,0
6,-180,5.579,63,560786,31,9,-5,8528,0,0,0,0,0,15,867,-1433,861,0,0,0,2,0
6,-180,5.636,64,560842,31,9,-5,8528,0,0,0,0,0,15,867,-1433,861,0,0,0,2,0
6,-180,5.916,69,561121,31,9,-5,8528,0,0,0,0,0,15,867,-1433,861,0,0,0,2,0
6,-180,5.971,70,561177,31,9,-5,8528,0,0,0,0,0,15,867,-1433,861,0,0,0,2,0
6,-180,6.027,71,561233,31,9,-5,8528,0,0,0,0,0,15,867,-1433,861,0,0,0,2,0
6,-180,6.083,72,561290,31,9,-5,8528,0,0,0,0,0,15,867,-1433,861,0,0,0,2,0
6,-180,6.139,73,561346,31,9,-5,8528,0,0,0,0,0,15,867,-1433,861,0,0,0,2,0
6,-180,6.195,74,561402,31,9,-5,8528,0,0,0,0,0,15,867,-1433,861,0,0,0,2,0
6,-180,6.251,75,561457,31,9,-5,8528,0,0,0,0,0,15,867,-1433,861,0,0,0,2,0
6,-180,6.363,77,561569,31,9,-5,8528,0,0,0,0,0,15,867,-1433,861,0,0,0,2,0
6,-180,6.419,78,561625,31,9,-5,8528,0,0,0,0,0,15,867,-1433,861,0,0,0,2,0
6,-180,6.484,79,561681,31,9,-5,8528,0,0,0,0,0,15,867,-1433,861,0,0,0,2,0
6,-180,6.528,80,561734,31,9,-5,8528,0,0,0,0,0,15,867,-1433,861,0,0,0,2,0
6,-180,6.583,81,561789,31,9,-5,8528,0,0,0,0,0,15,867,-1433,861,0,0,0,2,0
6,-180,6.64,82,561845,31,9,-5,8528,0,0,0,0,0,15,867,-1433,861,0,0,0,2,0
6,-180,6.72,83,561902,31,9,-5,8528,0,0,0,0,0,15,867,-1433,861,0,0,0,2,0
6,-180,6.751,84,561957,31,9,-5,8528,0,0,0,0,0,15,867,-1433,861,0,0,0,2,0
6,-180,6.808,85,562014,31,9,-5,8528,0,0,0,0,0,15,867,-1433,861,0,0,0,2,0
6,-180,6.864,86,562070,31,9,-5,8528,0,0,0,0,0,15,867,-1433,861,0,0,0,2,0
6,-180,6.92,87,562126,31,9,-5,8528,0,0,0,0,0,15,867,-1433,861,0,0,0,2,0
6,-180,7.143,91,562349,31,9,-5,8528,0,0,0,0,0,15,867,-1433,861,0,0,0,2,0
6,-180,7.199,92,562405,31,9,-5,8528,0,0,0,0,0,15,867,-1433,861,0,0,0,2,0
6,-180,7.255,93,562462,31,9,-5,8528,0,0,0,0,0,15,867,-1433,861,0,0,0,2,0
6,-180,7.313,94,562517,31,9,-5,8528,0,0,0,0,0,15,867,-1433,861,0,0,0,2,0
6,-180,7.367,95,562574,31,9,-5,8528,0,0,0,0,0,15,867,-1433,861,0,0,0,2,0
6,-180,7.423,96,562630,31,9,-5,8528,0,0,0,0,0,15,867,-1433,861,0,0,0,2,0
6,-180,7.479,97,562685,31,9,-5,8528,0,0,0,0,0,15,867,-1433,861,0,0,0,2,0
6,-180,7.699,101,562905,31,9,-5,8528,0,0,0,0,0,15,867,-1433,861,0,0,0,2,0
6,-180,7.755,102,562961,31,9,-5,8528,0,0,0,0,0,15,867,-1433,861,0,0,0,2,0
6,-180,7.811,103,563018,31,9,-5,8528,0,0,0,0,0,15,867,-1433,861,0,0,0,2,0
6,-180,7.867,104,563073,31,9,-5,8528,0,0,0,0,0,15,867,-1433,861,0,0,0,2,0
6,-180,7.924,105,563129,31,9,-5,8528,0,0,0,0,0,15,867,-1433,861,0,0,0,2,0
6,-180,7.979,106,563185,31,9,-5,8528,0,0,0,0,0,15,867,-1433,861,0,0,0,2,0
6,-180,8.035,107,563241,31,9,-5,8528,0,0,0,0,0,15,867,-1433,861,0,0,0,2,0
6,-180,8.091,108,563297,31,9,-5,8528,0,0,0,0,0,15,867,-1433,861,0,0,0,2,0
6,-180,8.147,109,563353,31,9,-5,8528,0,0,0,0,0,15,867,-1433,861,0,0,0,2,0
6,-180,8.371,113,563577,31,9,-5,8528,0,0,0,0,0,15,867,-1433,861,0,0,0,2,0
6,-180,8.427,114,563633,31,9,-5,8528,0,0,0,0,0,15,867,-1433,861,0,0,0,2,0
6,-180,8.484,115,563689,31,9,-5,8528,0,0,0,0,0,15,867,-1433,861,0,0,0,2,0
6,-180,8.539,116,563746,31,9,-5,8528,0,0,0,0,0,15,867,-1433,861,0,0,0,2,0
6,-180,8.603,117,563802,31,9,-5,8528,0,0,0,0,0,15,867,-1433,861,0,0,0,2,0
6,-180,8.703,119,563909,31,9,-5,8528,0,0,0,0,0,15,867,-1433,861,0,0,0,2,0
6,-180,8.76,120,563965,31,9,-5,8528,0,0,0,0,0,15,867,-1433,861,0,0,0,2,0
6,-180,8.816,121,564021,31,9,-5,8528,0,0,0,0,0,15,867,-1433,861,0,0,0,2,0
6,-180,8.927,123,564133,31,9,-5,8528,0,0,0,0,0,15,867,-1433,861,0,0,0,2,0
6,-180,8.984,124,564189,31,9,-5,8528,0,0,0,0,0,15,867,-1433,861,0,0,0,2,0
6,-180,9.039,125,564246,31,9,-5,8528,0,0,0,0,0,15,867,-1433,861,0,0,0,2,0
6,-180,9.097,126,564302,31,9,-5,8528,0,0,0,0,0,15,867,-1433,861,0,0,0,2,0
6,-180,9.151,127,564357,31,9,-5,8528,0,0,0,0,0,15,867,-1433,861,0,0,0,2,0
6,-180,9.207,0,564414,31,9,-5,8528,0,0,0,0,0,15,867,-1433,861,0,0,0,2,0
6,-180,9.263,1,564469,31,9,-5,8528,0,0,0,0,0,15,867,-1433,861,0,0,0,2,0
6,-180,9.375,3,564581,31,9,-5,8528,0,0,0,0,0,15,867,-1433,861,0,0,0,2,0
6,-180,9.598,7,564805,31,9,-5,8528,0,0,0,0,0,15,867,-1433,861,0,0,0,2,0
6,-180,9.663,8,564861,31,9,-5,8528,0,0,0,0,0,15,867,-1433,861,0,0,0,2,0
6,-180,9.763,10,564969,31,9,-5,8528,0,0,0,0,0,15,867,-1433,861,0,0,0,2,0
6,-180,9.818,11,565025,31,9,-5,8528,0,0,0,0,0,15,867,-1433,861,0,0,0,2,0
6,-180,9.874,12,565082,31,9,-5,8528,0,0,0,0,0,15,867,-1433,861,0,0,0,2,0
6,-180,9.932,13,565138,31,9,-5,8528,0,0,0,0,0,15,867,-1433,861,0,0,0,2,0
6,-180,9.987,14,565193,31,9,-5,8528,0,0,0,0,0,15,867,-1433,861,0,0,0,2,0
6,-180,10.211,18,565417,31,9,-5,8528,0,0,0,0,0,15,867,-1433,861,0,0,0,2,0
6,-180,10.268,19,565473,31,9,-5,8528,0,0,0,0,0,15,867,-1433,861,0,0,0,2,0
6,-180,10.324,20,565530,31,9,-5,8528,0,0,0,0,0,15,867,-1433,861,0,0,0,2,0
6,-180,10.379,21,565586,31,9,-5,8528,0,0,0,0,0,15,867,-1433,861,0,0,0,2,0
6,-180,10.435,22,565641,31,9,-5,8528,0,0,0,0,0,15,867,-1433,861,0,0,0,2,0
6,-180,10.547,24,565754,31,9,-5,8528,0,0,0,0,0,15,867,-1433,861,0,0,0,2,0
6,-180,10.603,25,565810,31,9,-5,8528,0,0,0,0,0,15,867,-1433,861,0,0,0,2,0
6,-180,10.768,28,565974,31,9,-5,8528,0,0,0,0,0,15,867,-1433,861,0,0,0,2,0
6,-180,10.823,29,566029,31,9,-5,8528,0,0,0,0,0,15,867,-1433,861,0,0,0,2,0
6,-180,10.935,31,566141,31,9,-5,8528,0,0,0,0,0,15,867,-1433,861,0,0,0,2,0
6,-180,10.991,32,566197,31,9,-5,8528,0,0,0,0,0,15,867,-1433,861,0,0,0,2,0
6,-180,11.048,33,566253,31,9,-5,8528,0,0,0,0,0,15,867,-1433,861,0,0,0,2,0
6,-180,11.104,34,566309,31,9,-5,8528,0,0,0,0,0,15,867,-1433,861,0,0,0,2,0
6,-180,11.159,35,566366,31,9,-5,8528,0,0,0,0,0,15,867,-1433,861,0,0,0,2,0
7,-90,-0.009,17,572503,31,9,-5,8528,0,0,0,0,0,15,867,-1433,861,0,0,0,2,0
7,-90,0.033,18,572554,31,9,-5,8528,0,0,0,0,0,15,867,-1433,861,0,0,0,2,0
7,-90,0.086,19,572605,31,9,-5,8505,0,0,0,0,-17,16,869,-1433,855,1000,-1000,0,2,0
7,-90,0.301,22,572821,31,9,-6,7263,0,0,0,82,-72,16,878,-1277,683,1500,-1500,0,2,0
7,-90,0.372,23,572893,31,9,-6,6623,0,0,0,98,-108,16,881,-1197,594,2100,-1900,0,2,0
7,-90,0.516,25,573038,31,9,-6,4522,0,0,0,164,-180,16,887,-925,311,2500,-2400,0,2,0
7,-90,0.589,26,573109,31,8,-7,3276,0,0,0,164,-183,16,890,-769,138,2400,-2200,0,2,0
7,-90,0.661,27,573181,31,9,-7,2102,0,0,0,180,-36,16,893,-608,-11,2300,-1700,0,2,0
7,-90,0.734,28,573253,31,9,-7,1041,0,0,0,154,-154,16,896,-469,-152,2200,-1900,0,2,0
7,-90,0.806,29,573325,31,9,-7,114,0,0,0,118,-118,16,899,-344,-272,1000,-700,0,2,0
7,-90,0.87,30,573390,31,9,-7,-201,0,0,0,0,0,16,903,-302,-313,0,0,0,2,0
7,-90,0.92,31,573441,31,9,-7,-201,0,0,0,0,0,16,905,-302,-313,0,0,0,2,0
7,-90,0.994,32,573513,31,9,-7,-201,0,0,0,0,0,16,908,-302,-313,0,0,0,2,0
7,-90,1.065,33,573585,31,9,-7,-201,0,0,0,0,0,16,911,-302,-313,0,0,0,2,0
7,-90,1.137,34,573657,31,9,-7,-201,0,0,0,0,0,16,914,-302,-313,0,0,0,2,0
7,-90,1.208,35,573729,31,9,-7,-201,0,0,0,0,0,16,917,-302,-313,0,0,0,2,0
7,-90,1.352,37,573873,31,9,-7,-201,0,0,0,0,0,16,923,-302,-313,0,0,0,2,0
7,-90,1.424,38,573945,31,9,-7,-201,0,0,0,0,0,16,926,-302,-313,0,0,0,2,0
7,-90,1.496,39,574018,31,9,-7,-201,0,0,0,0,0,16,929,-302,-313,0,0,0,2,0
7,-90,1.64,41,574161,31,9,-7,-201,0,0,0,0,0,16,935,-302,-313,0,0,0,2,0
7,-90,1.711,42,574234,31,9,-7,-201,0,0,0,0,0,16,938,-302,-313,0,0,0,2,0
7,-90,1.784,43,574305,31,9,-7,-201,0,0,0,0,0,16,941,-302,-313,0,0,0,2,0
7,-90,1.856,44,574377,31,9,-7,-201,0,0,0,0,0,16,944,-302,-313,0,0,0,2,0
7,-90,1.928,45,574449,31,9,-7,-201,0,0,0,0,0,16,947,-302,-313,0,0,0,2,0
7,-90,2.051,47,574573,31,9,-7,-201,0,0,0,0,0,16,950,-302,-313,0,0,0,2,0
7,-90,2.108,48,574629,31,9,-7,-201,0,0,0,0,0,16,950,-302,-313,0,0,0,2,0
7,-90,2.164,49,574685,31,9,-7,-201,0,0,0,0,0,16,950,-302,-313,0,0,0,2,0
7,-90,2.22,50,574741,31,9,-7,-201,0,0,0,0,0,16,950,-302,-313,0,0,0,2,0
7,-90,2.278,51,574797,31,9,-7,-201,0,0,0,0,0,16,950,-302,-313,0,0,0,2,0
7,-90,2.328,52,574849,31,9,-7,-201,0,0,0,0,0,16,950,-302,-313,0,0,0,2,0
7,-90,2.384,53,574905,31,9,-7,-201,0,0,0,0,0,16,950,-302,-313,0,0,0,2,0
7,-90,2.44,54,574962,31,9,-7,-201,0,0,0,0,0,16,950,-302,-313,0,0,0,2,0
7,-90,2.497,55,575017,31,9,-7,-201,0,0,0,0,0,16,950,-302,-313,0,0,0,2,0
7,-90,2.553,56,575073,31,9,-7,-201,0,0,0,0,0,16,950,-302,-313,0,0,0,2,0
7,-90,2.608,57,575129,31,9,-7,-201,0,0,0,0,0,16,950,-302,-313,0,0,0,2,0
7,-90,2.776,60,575297,31,9,-7,-201,0,0,0,0,0,16,950,-302,-313,0,0,0,2,0
7,-90,2.889,62,575409,31,9,-7,-201,0,0,0,0,0,16,950,-302,-313,0,0,0,2,0
7,-90,2.945,63,575465,31,9,-7,-201,0,0,0,0,0,16,950,-302,-313,0,0,0,2,0
7,-90,3.002,64,575522,31,9,-7,-201,0,0,0,0,0,16,950,-302,-313,0,0,0,2,0
7,-90,3.055,65,575577,31,9,-7,-201,0,0,0,0,0,16,950,-302,-313,0,0,0,2,0
7,-90,3.112,66,575633,31,9,-7,-201,0,0,0,0,0,16,950,-302,-313,0,0,0,2,0
7,-90,3.168,67,575690,31,9,-7,-201,0,0,0,0,0,16,950,-302,-313,0,0,0,2,0
7,-90,3.286,69,575801,31,9,-7,-201,0,0,0,0,0,16,950,-302,-313,0,0,0,2,0
7,-90,3.34,70,575857,31,9,-7,-201,0,0,0,0,0,16,950,-302,-313,0,0,0,2,0
7,-90,3.388,71,575909,31,9,-7,-201,0,0,0,0,0,16,950,-302,-313,0,0,0,2,0
7,-90,3.445,72,575965,31,9,-7,-201,0,0,0,0,0,16,950,-302,-313,0,0,0,2,0
7,-90,3.511,73,576023,31,9,-7,-201,0,0,0,0,0,16,950,-302,-313,0,0,0,2,0
7,-90,3.551,74,576073,31,9,-7,-201,0,0,0,0,0,16,950,-302,-313,0,0,0,2,0
7,-90,3.664,76,576185,31,9,-7,-201,0,0,0,0,0,16,950,-302,-313,0,0,0,2,0
7,-90,3.719,77,576241,31,9,-7,-201,0,0,0,0,0,16,950,-302,-313,0,0,0,2,0
7,-90,3.776,78,576297,31,9,-7,-201,0,0,0,0,0,16,950,-302,-313,0,0,0,2,0
7,-90,3.831,79,576353,31,9,-7,-201,0,0,0,0,0,16,950,-302,-313,0,0,0,2,0
7,-90,3.889,80,576409,31,9,-7,-201,0,0,0,0,0,16,950,-302,-313,0,0,0,2,0
7,-90,4.0,82,576522,31,9,-7,-201,0,0,0,0,0,16,950,-302,-313,0,0,0,2,0
7,-90,4.056,83,576577,31,9,-7,-201,0,0,0,0,0,16,950,-302,-313,0,0,0,2,0
7,-90,4.113,84,576633,31,9,-7,-201,0,0,0,0,0,16,950,-302,-313,0,0,0,2,0
7,-90,4.167,85,576689,31,9,-7,-201,0,0,0,0,0,16,950,-302,-313,0,0,0,2,0
7,-90,4.224,86,576745,31,9,-7,-201,0,0,0,0,0,16,950,-302,-313,0,0,0,2,0
7,-90,4.281,87,576802,31,9,-7,-201,0,0,0,0,0,16,950,-302,-313,0,0,0,2,0
7,-90,4.336,88,576857,31,9,-7,-201,0,0,0,0,0,16,950,-302,-313,0,0,0,2,0
7,-90,4.445,90,576965,31,9,-7,-201,0,0,0,0,0,16,950,-302,-313,0,0,0,2,0
7,-90,4.5,91,577021,31,9,-7,-201,0,0,0,0,0,16,950,-302,-313,0,0,0,2,0
7,-90,4.555,92,577077,31,9,-7,-201,0,0,0,0,0,16,950,-302,-313,0,0,0,2,0
7,-90,4.611,93,577133,31,9,-7,-201,0,0,0,0,0,16,950,-302,-313,0,0,0,2,0
7,-90,4.667,94,577189,31,9,-7,-201,0,0,0,0,0,16,950,-302,-313,0,0,0,2,0
7,-90,4.723,95,577245,31,9,-7,-201,0,0,0,0,0,16,950,-302,-313,0,0,0,2,0
7,-90,4.779,96,577302,31,9,-7,-201,0,0,0,0,0,16,950,-302,-313,0,0,0,2,0
7,-90,4.891,98,577413,31,9,-7,-201,0,0,0,0,0,16,950,-302,-313,0,0,0,2,0
7,-90,4.947,99,577469,31,9,-7,-201,0,0,0,0,0,16,950,-302,-313,0,0,0,2,0
7,-90,5.003,100,577525,31,9,-7,-201,0,0,0,0,0,16,950,-302,-313,0,0,0,2,0
7,-90,5.061,101,577581,31,9,-7,-201,0,0,0,0,0,16,950,-302,-313,0,0,0,2,0
7,-90,5.116,102,577637,31,9,-7,-201,0,0,0,0,0,16,950,-302,-313,0,0,0,2,0
7,-90,5.229,104,577749,31,9,-7,-201,0,0,0,0,0,16,950,-302,-313,0,0,0,2,0
7,-90,5.284,105,577805,31,9,-7,-201,0,0,0,0,0,16,950,-302,-313,0,0,0,2,0
7,-90,5.396,107,577917,31,9,-7,-201,0,0,0,0,0,16,950,-302,-313,0,0,0,2,0
7,-90,5.505,109,578025,31,9,-7,-201,0,0,0,0,0,16,950,-302,-313,0,0,0,2,0
7,-90,5.56,110,578082,31,9,-7,-201,0,0,0,0,0,16,950,-302,-313,0,0,0,2,0
7,-90,5.616,111,578137,31,9,-7,-201,0,0,0,0,0,16,950,-302,-313,0,0,0,2,0
7,-90,5.671,112,578193,31,9,-7,-201,0,0,0,0,0,16,950,-302,-313,0,0,0,2,0
7,-90,5.728,113,578249,31,9,-7,-201,0,0,0,0,0,16,950,-302,-313,0,0,0,2,0
7,-90,6.008,118,578529,31,9,-7,-201,0,0,0,0,0,16,950,-302,-313,0,0,0,2,0
7,-90,6.064,119,578585,31,9,-7,-201,0,0,0,0,0,16,950,-302,-313,0,0,0,2,0
7,-90,6.12,120,578641,31,9,-7,-201,0,0,0,0,0,16,950,-302,-313,0,0,0,2,0
7,-90,6.175,121,578697,31,9,-7,-201,0,0,0,0,0,16,950,-302,-313,0,0,0,2,0
7,-90,6.233,122,578753,31,9,-7,-201,0,0,0,0,0,16,950,-302,-313,0,0,0,2,0
7,-90,6.29,123,578810,31,9,-7,-201,0,0,0,0,0,16,950,-302,-313,0,0,0,2,0
7,-90,6.343,124,578865,31,9,-7,-201,0,0,0,0,0,16,950,-302,-313,0,0,0,2,0
7,-90,6.457,126,578977,31,9,-7,-201,0,0,0,0,0,16,950,-302,-313,0,0,0,2,0
7,-90,6.522,127,579033,31,9,-7,-201,0,0,0,0,0,16,950,-302,-313,0,0,0,2,0
7,-90,6.62,1,579141,31,9,-7,-201,0,0,0,0,0,16,950,-302,-313,0,0,0,2,0
7,-90,6.676,2,579197,31,9,-7,-201,0,0,0,0,0,16,950,-302,-313,0,0,0,2,0
7,-90,6.732,3,579253,31,9,-7,-201,0,0,0,0,0,16,950,-302,-313,0,0,0,2,0
7,-90,6.788,4,579310,31,9,-7,-201,0,0,0,0,0,16,950,-302,-313,0,0,0,2,0
7,-90,6.846,5,579365,31,9,-7,-201,0,0,0,0,0,16,950,-302,-313,0,0,0,2,0
7,-90,6.9,6,579421,31,9,-7,-201,0,0,0,0,0,16,950,-302,-313,0,0,0,2,0
7,-90,6.955,7,579477,31,9,-7,-201,0,0,0,0,0,16,950,-302,-313,0,0,0,2,0
7,-90,7.012,8,579533,31,9,-7,-201,0,0,0,0,0,16,950,-302,-313,0,0,0,2,0
7,-90,7.244,12,579757,31,9,-7,-201,0,0,0,0,0,16,950,-302,-313,0,0,0,2,0
7,-90,7.291,13,579813,31,9,-7,-201,0,0,0,0,0,16,950,-302,-313,0,0,0,2,0
7,-90,7.347,14,579869,31,9,-7,-201,0,0,0,0,0,16,950,-302,-313,0,0,0,2,0
7,-90,7.404,15,579925,31,9,-7,-201,0,0,0,0,0,16,950,-302,-313,0,0,0,2,0
7,-90,7.459,16,579981,31,9,-7,-201,0,0,0,0,0,16,950,-302,-313,0,0,0,2,0
7,-90,7.516,17,580037,31,9,-7,-201,0,0,0,0,0,16,950,-302,-313,0,0,0,2,0
7,-90,7.581,18,580093,31,9,-7,-201,0,0,0,0,0,16,950,-302,-313,0,0,0,2,0
7,-90,7.625,19,580145,31,9,-7,-201,0,0,0,0,0,16,950,-302,-313,0,0,0,2,0
7,-90,7.903,24,580425,31,9,-7,-201,0,0,0,0,0,16,950,-302,-313,0,0,0,2,0
7,-90,7.961,25,580481,31,9,-7,-201,0,0,0,0,0,16,950,-302,-313,0,0,0,2,0
7,-90,8.016,26,580537,31,9,-7,-201,0,0,0,0,0,16,950,-302,-313,0,0,0,2,0
7,-90,8.072,27,580594,31,9,-7,-201,0,0,0,0,0,16,950,-302,-313,0,0,0,2,0
7,-90,8.127,28,580649,31,9,-7,-201,0,0,0,0,0,16,950,-302,-313,0,0,0,2,0
7,-90,8.183,29,580705,31,9,-7,-201,0,0,0,0,0,16,950,-302,-313,0,0,0,2,0
7,-90,8.246,30,580761,31,9,-7,-201,0,0,0,0,0,16,950,-302,-313,0,0,0,2,0
7,-90,8.409,33,580929,31,9,-7,-201,0,0,0,0,0,16,950,-302,-313,0,0,0,2,0
7,-90,8.469,34,580985,31,9,-7,-201,0,0,0,0,0,16,950,-302,-313,0,0,0,2,0
7,-90,8.519,35,581042,31,9,-7,-201,0,0,0,0,0,16,950,-302,-313,0,0,0,2,0
7,-90,8.575,36,581098,31,9,-7,-201,0,0,0,0,0,16,950,-302,-313,0,0,0,2,0
7,-90,8.641,37,581153,31,9,-7,-201,0,0,0,0,0,16,950,-302,-313,0,0,0,2,0
7,-90,8.684,38,581206,31,9,-7,-201,0,0,0,0,0,16,950,-302,-313,0,0,0,2,0
7,-90,8.739,39,581261,31,9,-7,-201,0,0,0,0,0,16,950,-302,-313,0,0,0,2,0
7,-90,8.795,40,581317,31,9,-7,-201,0,0,0,0,0,16,950,-302,-313,0,0,0,2,0
7,-90,8.851,41,581373,31,9,-7,-201,0,0,0,0,0,16,950,-302,-313,0,0,0,2,0
7,-90,8.907,42,581429,31,9,-7,-201,0,0,0,0,0,16,950,-302,-313,0,0,0,2,0
7,-90,9.019,44,581541,31,9,-7,-201,0,0,0,0,0,16,950,-302,-313,0,0,0,2,0
7,-90,9.075,45,581597,31,9,-7,-201,0,0,0,0,0,16,950,-302,-313,0,0,0,2,0
7,-90,9.131,46,581653,31,9,-7,-201,0,0,0,0,0,16,950,-302,-313,0,0,0,2,0
7,-90,9.188,47,581709,31,9,-7,-201,0,0,0,0,0,16,950,-302,-313,0,0,0,2,0
7,-90,9.244,48,581765,31,9,-7,-201,0,0,0,0,0,16,950,-302,-313,0,0,0,2,0
7,-90,9.299,49,581821,31,9,-7,-201,0,0,0,0,0,16,950,-302,-313,0,0,0,2,0
7,-90,9.356,50,581878,31,9,-7,-201,0,0,0,0,0,16,950,-302,-313,0,0,0,2,0
7,-90,9.412,51,581933,31,9,-7,-201,0,0,0,0,0,16,950,-302,-313,0,0,0,2,0
7,-90,9.468,52,581989,31,9,-7,-201,0,0,0,0,0,16,950,-302,-313,0,0,0,2,0
7,-90,9.635,55,582157,31,9,-7,-201,0,0,0,0,0,16,950,-302,-313,0,0,0,2,0
7,-90,9.7,56,582213,31,9,-7,-201,0,0,0,0,0,16,950,-302,-313,0,0,0,2,0
7,-90,9.743,57,582265,31,9,-7,-201,0,0,0,0,0,16,950,-302,-313,0,0,0,2,0
7,-90,9.799,58,582321,31,9,-7,-201,0,0,0,0,0,16,950,-302,-313,0,0,0,2,0
7,-90,9.855,59,582377,31,9,-7,-201,0,0,0,0,0,16,950,-302,-313,0,0,0,2,0
7,-90,9.911,60,582433,31,9,-7,-201,0,0,0,0,0,16,950,-302,-313,0,0,0,2,0
7,-90,9.967,61,582489,31,9,-7,-201,0,0,0,0,0,16,950,-302,-313,0,0,0,2,0
7,-90,10.024,62,582545,31,9,-7,-201,0,0,0,0,0,16,950,-302,-313,0,0,0,2,0
7,-90,10.08,63,582602,31,9,-7,-201,0,0,0,0,0,16,950,-302,-313,0,0,0,2,0
7,-90,10.136,64,582658,31,9,-7,-201,0,0,0,0,0,16,950,-302,-313,0,0,0,2,0
7,-90,10.193,65,582713,31,9,-7,-201,0,0,0,0,0,16,950,-302,-313,0,0,0,2,0
7,-90,10.247,66,582769,31,9,-7,-201,0,0,0,0,0,16,950,-302,-313,0,0,0,2,0
7,-90,10.303,67,582825,31,9,-7,-201,0,0,0,0,0,16,950,-302,-313,0,0,0,2,0
7,-90,10.359,68,582881,31,9,-7,-201,0,0,0,0,0,16,950,-302,-313,0,0,0,2,0
7,-90,10.415,69,582937,31,9,-7,-201,0,0,0,0,0,16,950,-302,-313,0,0,0,2,0
7,-90,10.471,70,582993,31,9,-7,-201,0,0,0,0,0,16,950,-302,-313,0,0,0,2,0
7,-90,10.528,71,583049,31,9,-7,-201,0,0,0,0,0,16,950,-302,-313,0,0,0,2,0
7,-90,10.584,72,583105,31,9,-7,-201,0,0,0,0,0,16,950,-302,-313,0,0,0,2,0
7,-90,10.641,73,583161,31,9,-7,-201,0,0,0,0,0,16,950,-302,-313,0,0,0,2,0
7,-90,10.695,74,583217,31,9,-7,-201,0,0,0,0,0,16,950,-302,-313,0,0,0,2,0
8,90,-0.03,110,592353,31,9,-7,-201,0,0,0,0,0,16,950,-302,-313,0,0,0,2,0
8,90,0.026,111,592410,31,9,-7,-201,0,0,0,0,0,16,950,-302,-313,0,0,0,2,0
8,90,0.088,112,592469,31,9,-7,-182,0,0,0,-8,0,17,952,-305,-311,-1000,1000,0,2,0
8,90,0.23,114,592614,31,8,-7,208,0,0,0,-43,36,17,958,-363,-266,-1400,1500,0,2,0
8,90,0.376,116,592757,31,7,-7,1216,0,0,0,-108,98,17,964,-513,-150,-2300,2300,0,2,0
8,90,0.447,117,592829,31,7,-7,2166,0,0,0,-147,144,17,967,-647,-33,-2600,2600,0,2,0
8,90,0.521,118,592902,31,6,-7,3340,0,0,0,-174,174,17,970,-805,119,-2600,2700,0,2,0
8,90,0.665,120,593045,31,6,-8,5896,0,0,0,-200,193,17,976,-1152,447,-2500,2500,0,2,0
8,90,0.737,121,593118,31,6,-8,7127,0,0,0,-183,173,17,979,-1319,605,-2300,2500,0,2,0
8,90,0.911,122,593294,31,4,-7,9179,0,0,0,0,0,17,989,-1583,883,0,0,0,2,0
8,90,0.962,123,593345,31,4,-7,9179,0,0,0,0,0,17,991,-1583,883,0,0,0,2,0
8,90,1.035,124,593417,31,4,-7,9179,0,0,0,0,0,17,994,-1583,883,0,0,0,2,0
8,90,1.178,126,593561,31,4,-7,9179,0,0,0,0,0,17,1000,-1583,883,0,0,0,2,0
8,90,1.25,127,593634,31,4,-7,9179,0,0,0,0,0,17,1003,-1583,883,0,0,0,2,0
8,90,1.321,0,593706,31,4,-7,9179,0,0,0,0,0,17,1006,-1583,883,0,0,0,2,0
8,90,1.467,2,593850,31,4,-7,9179,0,0,0,0,0,17,1012,-1583,883,0,0,0,2,0
8,90,1.539,3,593921,31,4,-7,9179,0,0,0,0,0,17,1015,-1583,883,0,0,0,2,0
8,90,1.621,4,593995,31,4,-7,9179,0,0,0,0,0,17,1018,-1583,883,0,0,0,2,0
8,90,1.662,5,594046,31,4,-7,9179,0,0,0,0,0,17,1018,-1583,883,0,0,0,2,0
8,90,1.718,6,594102,31,4,-7,9179,0,0,0,0,0,17,1018,-1583,883,0,0,0,2,0
8,90,1.773,7,594157,31,4,-7,9179,0,0,0,0,0,17,1018,-1583,883,0,0,0,2,0
8,90,1.83,8,594214,31,4,-7,9179,0,0,0,0,0,17,1018,-1583,883,0,0,0,2,0
8,90,1.937,10,594321,31,4,-7,9179,0,0,0,0,0,17,1018,-1583,883,0,0,0,2,0
8,90,1.994,11,594377,31,4,-7,9179,0,0,0,0,0,17,1018,-1583,883,0,0,0,2,0
8,90,2.163,14,594545,31,4,-7,9179,0,0,0,0,0,17,1018,-1583,883,0,0,0,2,0
8,90,2.22,15,594602,31,4,-7,9179,0,0,0,0,0,17,1018,-1583,883,0,0,0,2,0
8,90,2.277,16,594657,31,4,-7,9179,0,0,0,0,0,17,1018,-1583,883,0,0,0,2,0
8,90,2.33,17,594713,31,4,-7,9179,0,0,0,0,0,17,1018,-1583,883,0,0,0,2,0
8,90,2.386,18,594769,31,4,-7,9179,0,0,0,0,0,17,1018,-1583,883,0,0,0,2,0
8,90,2.442,19,594826,31,4,-7,9179,0,0,0,0,0,17,1018,-1583,883,0,0,0,2,0
8,90,2.555,21,594937,31,4,-7,9179,0,0,0,0,0,17,1018,-1583,883,0,0,0,2,0
8,90,2.779,25,595161,31,4,-7,9179,0,0,0,0,0,17,1018,-1583,883,0,0,0,2,0
8,90,2.833,26,595217,31,4,-7,9179,0,0,0,0,0,17,1018,-1583,883,0,0,0,2,0
8,90,2.89,27,595273,31,4,-7,9179,0,0,0,0,0,17,1018,-1583,883,0,0,0,2,0
8,90,2.954,28,595329,31,4,-7,9179,0,0,0,0,0,17,1018,-1583,883,0,0,0,2,0
8,90,2.998,29,595381,31,4,-7,9179,0,0,0,0,0,17,1018,-1583,883,0,0,0,2,0
8,90,3.053,30,595437,31,4,-7,9179,0,0,0,0,0,17,1018,-1583,883,0,0,0,2,0
8,90,3.111,31,595493,31,4,-7,9179,0,0,0,0,0,17,1018,-1583,883,0,0,0,2,0
8,90,3.167,32,595549,31,4,-7,9179,0,0,0,0,0,17,1018,-1583,883,0,0,0,2,0
8,90,3.222,33,595606,31,4,-7,9179,0,0,0,0,0,17,1018,-1583,883,0,0,0,2,0
8,90,3.279,34,595661,31,4,-7,9179,0,0,0,0,0,17,1018,-1583,883,0,0,0,2,0
8,90,3.334,35,595718,31,4,-7,9179,0,0,0,0,0,17,1018,-1583,883,0,0,0,2,0
8,90,3.39,36,595774,31,4,-7,9179,0,0,0,0,0,17,1018,-1583,883,0,0,0,2,0
8,90,3.447,37,595829,31,4,-7,9179,0,0,0,0,0,17,1018,-1583,883,0,0,0,2,0
8,90,3.614,40,595997,31,4,-7,9179,0,0,0,0,0,17,1018,-1583,883,0,0,0,2,0
8,90,3.671,41,596053,31,4,-7,9179,0,0,0,0,0,17,1018,-1583,883,0,0,0,2,0
8,90,3.725,42,596109,31,4,-7,9179,0,0,0,0,0,17,1018,-1583,883,0,0,0,2,0
8,90,3.781,43,596166,31,4,-7,9179,0,0,0,0,0,17,1018,-1583,883,0,0,0,2,0
8,90,3.838,44,596222,31,4,-7,9179,0,0,0,0,0,17,1018,-1583,883,0,0,0,2,0
8,90,3.894,45,596277,31,4,-7,9179,0,0,0,0,0,17,1018,-1583,883,0,0,0,2,0
8,90,4.015,47,596389,31,4,-7,9179,0,0,0,0,0,17,1018,-1583,883,0,0,0,2,0
8,90,4.059,48,596441,31,4,-7,9179,0,0,0,0,0,17,1018,-1583,883,0,0,0,2,0
8,90,4.114,49,596497,31,4,-7,9179,0,0,0,0,0,17,1018,-1583,883,0,0,0,2,0
8,90,4.169,50,596554,31,4,-7,9179,0,0,0,0,0,17,1018,-1583,883,0,0,0,2,0
8,90,4.282,52,596665,31,4,-7,9179,0,0,0,0,0,17,1018,-1583,883,0,0,0,2,0
8,90,4.338,53,596721,31,4,-7,9179,0,0,0,0,0,17,1018,-1583,883,0,0,0,2,0
8,90,4.395,54,596777,31,4,-7,9179,0,0,0,0,0,17,1018,-1583,883,0,0,0,2,0
8,90,4.449,55,596833,31,4,-7,9179,0,0,0,0,0,17,1018,-1583,883,0,0,0,2,0
8,90,4.506,56,596889,31,4,-7,9179,0,0,0,0,0,17,1018,-1583,883,0,0,0,2,0
8,90,4.618,58,597002,31,4,-7,9179,0,0,0,0,0,17,1018,-1583,883,0,0,0,2,0
8,90,4.674,59,597058,31,4,-7,9179,0,0,0,0,0,17,1018,-1583,883,0,0,0,2,0
8,90,4.73,60,597114,31,4,-7,9179,0,0,0,0,0,17,1018,-1583,883,0,0,0,2,0
8,90,4.844,62,597225,31,4,-7,9179,0,0,0,0,0,17,1018,-1583,883,0,0,0,2,0
8,90,4.898,63,597281,31,4,-7,9179,0,0,0,0,0,17,1018,-1583,883,0,0,0,2,0
8,90,4.954,64,597337,31,4,-7,9179,0,0,0,0,0,17,1018,-1583,883,0,0,0,2,0
8,90,5.01,65,597393,31,4,-7,9179,0,0,0,0,0,17,1018,-1583,883,0,0,0,2,0
8,90,5.074,66,597450,31,4,-7,9179,0,0,0,0,0,17,1018,-1583,883,0,0,0,2,0
8,90,5.118,67,597502,31,4,-7,9179,0,0,0,0,0,17,1018,-1583,883,0,0,0,2,0
8,90,5.343,71,597725,31,4,-7,9179,0,0,0,0,0,17,1018,-1583,883,0,0,0,2,0
8,90,5.51,74,597894,31,4,-7,9179,0,0,0,0,0,17,1018,-1583,883,0,0,0,2,0
8,90,5.567,75,597949,31,4,-7,9179,0,0,0,0,0,17,1018,-1583,883,0,0,0,2,0
8,90,5.622,76,598005,31,4,-7,9179,0,0,0,0,0,17,1018,-1583,883,0,0,0,2,0
8,90,5.679,77,598061,31,4,-7,9179,0,0,0,0,0,17,1018,-1583,883,0,0,0,2,0
8,90,5.734,78,598117,31,4,-7,9179,0,0,0,0,0,17,1018,-1583,883,0,0,0,2,0
8,90,5.846,80,598230,31,4,-7,9179,0,0,0,0,0,17,1018,-1583,883,0,0,0,2,0
8,90,5.958,82,598342,31,4,-7,9179,0,0,0,0,0,17,1018,-1583,883,0,0,0,2,0
8,90,6.134,85,598509,31,4,-7,9179,0,0,0,0,0,17,1018,-1583,883,0,0,0,2,0
8,90,6.179,86,598562,31,4,-7,9179,0,0,0,0,0,17,1018,-1583,883,0,0,0,2,0
8,90,6.236,87,598617,31,4,-7,9179,0,0,0,0,0,17,1018,-1583,883,0,0,0,2,0
8,90,6.29,88,598674,31,4,-7,9179,0,0,0,0,0,17,1018,-1583,883,0,0,0,2,0
8,90,6.346,89,598730,31,4,-7,9179,0,0,0,0,0,17,1018,-1583,883,0,0,0,2,0
8,90,6.403,90,598786,31,4,-7,9179,0,0,0,0,0,17,1018,-1583,883,0,0,0,2,0
8,90,6.457,91,598841,31,4,-7,9179,0,0,0,0,0,17,1018,-1583,883,0,0,0,2,0
8,90,6.626,94,599009,31,4,-7,9179,0,0,0,0,0,17,1018,-1583,883,0,0,0,2,0
8,90,6.683,95,599065,31,4,-7,9179,0,0,0,0,0,17,1018,-1583,883,0,0,0,2,0
8,90,6.74,96,599121,31,4,-7,9179,0,0,0,0,0,17,1018,-1583,883,0,0,0,2,0
8,90,6.797,97,599177,31,4,-7,9179,0,0,0,0,0,17,1018,-1583,883,0,0,0,2,0
8,90,6.85,98,599233,31,4,-7,9179,0,0,0,0,0,17,1018,-1583,883,0,0,0,2,0
8,90,6.906,99,599289,31,4,-7,9179,0,0,0,0,0,17,1018,-1583,883,0,0,0,2,0
8,90,6.963,100,599345,31,4,-7,9179,0,0,0,0,0,17,1018,-1583,883,0,0,0,2,0
8,90,7.076,102,599457,31,4,-7,9179,0,0,0,0,0,17,1018,-1583,883,0,0,0,2,0
8,90,7.13,103,599514,31,4,-7,9179,0,0,0,0,0,17,1018,-1583,883,0,0,0,2,0
8,90,7.194,104,599569,31,4,-7,9179,0,0,0,0,0,17,1018,-1583,883,0,0,0,2,0
8,90,7.24,105,599622,31,4,-7,9179,0,0,0,0,0,17,1018,-1583,883,0,0,0,2,0
8,90,7.294,106,599677,31,4,-7,9179,0,0,0,0,0,17,1018,-1583,883,0,0,0,2,0
8,90,7.351,107,599733,31,4,-7,9179,0,0,0,0,0,17,1018,-1583,883,0,0,0,2,0
8,90,7.407,108,599789,31,4,-7,9179,0,0,0,0,0,17,1018,-1583,883,0,0,0,2,0
8,90,7.463,109,599846,31,4,-7,9179,0,0,0,0,0,17,1018,-1583,883,0,0,0,2,0
8,90,7.519,110,599902,31,4,-7,9179,0,0,0,0,0,17,1018,-1583,883,0,0,0,2,0
8,90,7.576,111,599957,31,4,-7,9179,0,0,0,0,0,17,1018,-1583,883,0,0,0,2,0
8,90,7.631,112,600014,31,4,-7,9179,0,0,0,0,0,17,1018,-1583,883,0,0,0,2,0
8,90,7.799,115,600182,31,4,-7,9179,0,0,0,0,0,17,1018,-1583,883,0,0,0,2,0
8,90,7.854,116,600238,31,4,-7,9179,0,0,0,0,0,17,1018,-1583,883,0,0,0,2,0
8,90,7.91,117,600293,31,4,-7,9179,0,0,0,0,0,17,1018,-1583,883,0,0,0,2,0
8,90,7.966,118,600349,31,4,-7,9179,0,0,0,0,0,17,1018,-1583,883,0,0,0,2,0
8,90,8.022,119,600405,31,4,-7,9179,0,0,0,0,0,17,1018,-1583,883,0,0,0,2,0
8,90,8.078,120,600461,31,4,-7,9179,0,0,0,0,0,17,1018,-1583,883,0,0,0,2,0
8,90,8.135,121,600518,31,4,-7,9179,0,0,0,0,0,17,1018,-1583,883,0,0,0,2,0
8,90,8.19,122,600573,31,4,-7,9179,0,0,0,0,0,17,1018,-1583,883,0,0,0,2,0
8,90,8.298,124,600681,31,4,-7,9179,0,0,0,0,0,17,1018,-1583,883,0,0,0,2,0
8,90,8.466,127,600849,31,4,-7,9179,0,0,0,0,0,17,1018,-1583,883,0,0,0,2,0
8,90,8.521,0,600906,31,4,-7,9179,0,0,0,0,0,17,1018,-1583,883,0,0,0,2,0
8,90,8.578,1,600962,31,4,-7,9179,0,0,0,0,0,17,1018,-1583,883,0,0,0,2,0
8,90,8.634,2,601017,31,4,-7,9179,0,0,0,0,0,17,1018,-1583,883,0,0,0,2,0
8,90,8.69,3,601073,31,4,-7,9179,0,0,0,0,0,17,1018,-1583,883,0,0,0,2,0
8,90,8.745,4,601129,31,4,-7,9179,0,0,0,0,0,17,1018,-1583,883,0,0,0,2,0
8,90,8.803,5,601185,31,4,-7,9179,0,0,0,0,0,17,1018,-1583,883,0,0,0,2,0
8,90,8.858,6,601241,31,4,-7,9179,0,0,0,0,0,17,1018,-1583,883,0,0,0,2,0
8,90,9.027,9,601409,31,4,-7,9179,0,0,0,0,0,17,1018,-1583,883,0,0,0,2,0
8,90,9.082,10,601465,31,4,-7,9179,0,0,0,0,0,17,1018,-1583,883,0,0,0,2,0
8,90,9.139,11,601522,31,4,-7,9179,0,0,0,0,0,17,1018,-1583,883,0,0,0,2,0
8,90,9.194,12,601577,31,4,-7,9179,0,0,0,0,0,17,1018,-1583,883,0,0,0,2,0
8,90,9.25,13,601633,31,4,-7,9179,0,0,0,0,0,17,1018,-1583,883,0,0,0,2,0
8,90,9.314,14,601690,31,4,-7,9179,0,0,0,0,0,17,1018,-1583,883,0,0,0,2,0
8,90,9.358,15,601742,31,4,-7,9179,0,0,0,0,0,17,1018,-1583,883,0,0,0,2,0
8,90,9.414,16,601797,31,4,-7,9179,0,0,0,0,0,17,1018,-1583,883,0,0,0,2,0
8,90,9.47,17,601853,31,4,-7,9179,0,0,0,0,0,17,1018,-1583,883,0,0,0,2,0
8,90,9.526,18,601909,31,4,-7,9179,0,0,0,0,0,17,1018,-1583,883,0,0,0,2,0
8,90,9.638,20,602021,31,4,-7,9179,0,0,0,0,0,17,1018,-1583,883,0,0,0,2,0
8,90,9.806,23,602190,31,4,-7,9179,0,0,0,0,0,17,1018,-1583,883,0,0,0,2,0
8,90,9.862,24,602246,31,4,-7,9179,0,0,0,0,0,17,1018,-1583,883,0,0,0,2,0
8,90,9.918,25,602302,31,4,-7,9179,0,0,0,0,0,17,1018,-1583,883,0,0,0,2,0
8,90,9.974,26,602357,31,4,-7,9179,0,0,0,0,0,17,1018,-1583,883,0,0,0,2,0
8,90,10.031,27,602413,31,4,-7,9179,0,0,0,0,0,17,1018,-1583,883,0,0,0,2,0
8,90,10.086,28,602470,31,4,-7,9179,0,0,0,0,0,17,1018,-1583,883,0,0,0,2,0
8,90,10.254,31,602637,31,4,-7,9179,0,0,0,0,0,17,1018,-1583,883,0,0,0,2,0
8,90,10.31,32,602693,31,4,-7,9179,0,0,0,0,0,17,1018,-1583,883,0,0,0,2,0
8,90,10.374,33,602749,31,4,-7,9179,0,0,0,0,0,17,1018,-1583,883,0,0,0,2,0
8,90,10.418,34,602802,31,4,-7,9179,0,0,0,0,0,17,1018,-1583,883,0,0,0,2,0
8,90,10.475,35,602857,31,4,-7,9179,0,0,0,0,0,17,1018,-1583,883,0,0,0,2,0
8,90,10.53,36,602914,31,4,-7,9179,0,0,0,0,0,17,1018,-1583,883,0,0,0,2,0
8,90,10.586,37,602970,31,4,-7,9179,0,0,0,0,0,17,1018,-1583,883,0,0,0,2,0
8,90,10.65,38,603025,31,4,-7,9179,0,0,0,0,0,17,1018,-1583,883,0,0,0,2,0
8,90,10.699,39,603081,31,4,-7,9179,0,0,0,0,0,17,1018,-1583,883,0,0,0,2,0
8,90,10.867,42,603250,31,4,-7,9179,0,0,0,0,0,17,1018,-1583,883,0,0,0,2,0
8,90,10.978,44,603362,31,4,-7,9179,0,0,0,0,0,17,1018,-1583,883,0,0,0,2,0
8,90,11.04,45,603417,31,4,-7,9179,0,0,0,0,0,17,1018,-1583,883,0,0,0,2,0
8,90,11.09,46,603473,31,4,-7,9179,0,0,0,0,0,17,1018,-1583,883,0,0,0,2,0
8,90,11.147,47,603530,31,4,-7,9179,0,0,0,0,0,17,1018,-1583,883,0,0,0,2,0
8,90,11.202,48,603585,31,4,-7,9179,0,0,0,0,0,17,1018,-1583,883,0,0,0,2,0
8,90,11.258,49,603641,31,4,-7,9179,0,0,0,0,0,17,1018,-1583,883,0,0,0,2,0
8,90,11.315,50,603697,31,4,-7,9179,0,0,0,0,0,17,1018,-1583,883,0,0,0,2,0
8,90,11.479,53,603861,31,4,-7,9179,0,0,0,0,0,17,1018,-1583,883,0,0,0,2,0
8,90,11.591,55,603973,31,4,-7,9179,0,0,0,0,0,17,1018,-1583,883,0,0,0,2,0
8,90,11.647,56,604030,31,4,-7,9179,0,0,0,0,0,17,1018,-1583,883,0,0,0,2,0
8,90,11.762,58,604141,31,4,-7,9179,0,0,0,0,0,17,1018,-1583,883,0,0,0,2,0
8,90,11.87,60,604254,31,4,-7,9179,0,0,0,0,0,17,1018,-1583,883,0,0,0,2,0
8,90,11.927,61,604309,31,4,-7,9179,0,0,0,0,0,17,1018,-1583,883,0,0,0,2,0
8,90,11.981,62,604365,31,4,-7,9179,0,0,0,0,0,17,1018,-1583,883,0,0,0,2,0
8,90,12.093,64,604477,31,4,-7,9179,0,0,0,0,0,17,1018,-1583,883,0,0,0,2,0
8,90,12.15,65,604533,31,4,-7,9179,0,0,0,0,0,17,1018,-1583,883,0,0,0,2,0
8,90,12.262,67,604645,31,4,-7,9179,0,0,0,0,0,17,1018,-1583,883,0,0,0,2,0
8,90,12.318,68,604702,31,4,-7,9179,0,0,0,0,0,17,1018,-1583,883,0,0,0,2,0
8,90,12.375,69,604758,31,4,-7,9179,0,0,0,0,0,17,1018,-1583,883,0,0,0,2,0
8,90,12.43,70,604813,31,4,-7,9179,0,0,0,0,0,17,1018,-1583,883,0,0,0,2,0
8,90,12.495,71,604869,31,4,-7,9179,0,0,0,0,0,17,1018,-1583,883,0,0,0,2,0
8,90,12.538,72,604921,31,4,-7,9179,0,0,0,0,0,17,1018,-1583,883,0,0,0,2,0
9,-107,-0.044,88,620098,31,4,-7,9179,0,0,0,0,0,17,1018,-1583,883,0,0,0,2,0
9,-107,0.011,89,620153,31,4,-7,9179,0,0,0,0,0,17,1018,-1583,883,0,0,0,2,0
9,-107,0.062,90,620205,31,4,-7,9179,0,0,0,0,0,17,1019,-1583,883,800,-800,0,2,0
9,-107,0.136,91,620277,31,4,-7,9073,0,0,0,20,-26,17,1022,-1569,869,900,-900,0,2,0
9,-107,0.209,92,620349,31,4,-7,8937,0,0,0,36,-26,18,1025,-1552,850,1200,-1200,0,2,0
9,-107,0.28,93,620421,31,4,-7,8558,0,0,0,46,-72,18,1028,-1508,794,1600,-1600,0,2,0
9,-107,0.352,94,620493,31,4,-8,7907,0,0,0,108,-108,18,1031,-1425,705,2100,-2000,0,2,0
9,-107,0.412,95,620543,31,4,-8,7286,0,0,0,118,-154,18,1033,-1347,619,2300,-2300,0,2,0
9,-107,0.472,96,620613,31,4,-9,6199,0,0,0,140,-188,18,1036,-1213,466,2600,-2700,0,2,0
9,-107,0.545,97,620685,31,3,-9,4949,0,0,0,164,-210,18,1039,-1058,291,2500,-2400,0,2,0
9,-107,0.688,99,620829,31,3,-10,2492,0,0,0,164,-161,18,1045,-738,-38,2300,-2000,0,2,0
9,-107,0.769,100,620902,31,3,-9,1367,0,0,0,144,-154,18,1048,-586,-183,2200,-1900,0,2,0
9,-107,0.831,101,620973,31,4,-9,303,0,0,0,164,-154,18,1051,-441,-319,2200,-1900,0,2,0
9,-107,0.904,102,621045,31,4,-9,-674,0,0,0,138,-138,18,1054,-308,-444,1100,-800,0,2,0
9,-107,1.059,104,621202,31,5,-10,-1136,0,0,0,0,0,18,1061,-236,-494,0,0,0,2,0
9,-107,1.115,105,621257,31,5,-10,-1136,0,0,0,0,0,18,1061,-236,-494,0,0,0,2,0
9,-107,1.172,106,621313,31,5,-10,-1136,0,0,0,0,0,18,1061,-236,-494,0,0,0,2,0
9,-107,1.397,110,621537,31,5,-10,-1136,0,0,0,0,0,18,1061,-236,-494,0,0,0,2,0
9,-107,1.452,111,621593,31,5,-10,-1136,0,0,0,0,0,18,1061,-236,-494,0,0,0,2,0
9,-107,1.507,112,621649,31,5,-10,-1136,0,0,0,0,0,18,1061,-236,-494,0,0,0,2,0
9,-107,1.563,113,621705,31,5,-10,-1136,0,0,0,0,0,18,1061,-236,-494,0,0,0,2,0
9,-107,1.62,114,621762,31,5,-10,-1136,0,0,0,0,0,18,1061,-236,-494,0,0,0,2,0
9,-107,1.675,115,621817,31,5,-10,-1136,0,0,0,0,0,18,1061,-236,-494,0,0,0,2,0
9,-107,1.731,116,621873,31,5,-10,-1136,0,0,0,0,0,18,1061,-236,-494,0,0,0,2,0
9,-107,2.063,122,622205,31,5,-10,-1136,0,0,0,0,0,18,1061,-236,-494,0,0,0,2,0
9,-107,2.121,123,622261,31,5,-10,-1136,0,0,0,0,0,18,1061,-236,-494,0,0,0,2,0
9,-107,2.178,124,622317,31,5,-10,-1136,0,0,0,0,0,18,1061,-236,-494,0,0,0,2,0
9,-107,2.232,125,622373,31,5,-10,-1136,0,0,0,0,0,18,1061,-236,-494,0,0,0,2,0
9,-107,2.289,126,622429,31,5,-10,-1136,0,0,0,0,0,18,1061,-236,-494,0,0,0,2,0
9,-107,2.345,127,622485,31,5,-10,-1136,0,0,0,0,0,18,1061,-236,-494,0,0,0,2,0
9,-107,2.398,0,622542,31,5,-10,-1136,0,0,0,0,0,18,1061,-236,-494,0,0,0,2,0
9,-107,2.623,4,622765,31,5,-10,-1136,0,0,0,0,0,18,1061,-236,-494,0,0,0,2,0
9,-107,2.679,5,622822,31,5,-10,-1136,0,0,0,0,0,18,1061,-236,-494,0,0,0,2,0
9,-107,2.736,6,622878,31,5,-10,-1136,0,0,0,0,0,18,1061,-236,-494,0,0,0,2,0
9,-107,2.79,7,622933,31,5,-10,-1136,0,0,0,0,0,18,1061,-236,-494,0,0,0,2,0
9,-107,2.847,8,622989,31,5,-10,-1136,0,0,0,0,0,18,1061,-236,-494,0,0,0,2,0
9,-107,2.902,9,623045,31,5,-10,-1136,0,0,0,0,0,18,1061,-236,-494,0,0,0,2,0
9,-107,2.967,10,623101,31,5,-10,-1136,0,0,0,0,0,18,1061,-236,-494,0,0,0,2,0
9,-107,3.01,11,623153,31,5,-10,-1136,0,0,0,0,0,18,1061,-236,-494,0,0,0,2,0
9,-107,3.067,12,623209,31,5,-10,-1136,0,0,0,0,0,18,1061,-236,-494,0,0,0,2,0
9,-107,3.18,14,623322,31,5,-10,-1136,0,0,0,0,0,18,1061,-236,-494,0,0,0,2,0
9,-107,3.235,15,623377,31,5,-10,-1136,0,0,0,0,0,18,1061,-236,-494,0,0,0,2,0
9,-107,3.29,16,623433,31,5,-10,-1136,0,0,0,0,0,18,1061,-236,-494,0,0,0,2,0
9,-107,3.347,17,623489,31,5,-10,-1136,0,0,0,0,0,18,1061,-236,-494,0,0,0,2,0
9,-107,3.403,18,623545,31,5,-10,-1136,0,0,0,0,0,18,1061,-236,-494,0,0,0,2,0
9,-107,3.458,19,623601,31,5,-10,-1136,0,0,0,0,0,18,1061,-236,-494,0,0,0,2,0
9,-107,3.514,20,623657,31,5,-10,-1136,0,0,0,0,0,18,1061,-236,-494,0,0,0,2,0
9,-107,3.571,21,623713,31,5,-10,-1136,0,0,0,0,0,18,1061,-236,-494,0,0,0,2,0
9,-107,3.627,22,623769,31,5,-10,-1136,0,0,0,0,0,18,1061,-236,-494,0,0,0,2,0
9,-107,3.851,26,623993,31,5,-10,-1136,0,0,0,0,0,18,1061,-236,-494,0,0,0,2,0
9,-107,3.964,28,624105,31,5,-10,-1136,0,0,0,0,0,18,1061,-236,-494,0,0,0,2,0
9,-107,4.027,29,624161,31,5,-10,-1136,0,0,0,0,0,18,1061,-236,-494,0,0,0,2,0
9,-107,4.071,30,624213,31,5,-10,-1136,0,0,0,0,0,18,1061,-236,-494,0,0,0,2,0
9,-107,4.127,31,624269,31,5,-10,-1136,0,0,0,0,0,18,1061,-236,-494,0,0,0,2,0
9,-107,4.186,32,624325,31,5,-10,-1136,0,0,0,0,0,18,1061,-236,-494,0,0,0,2,0
9,-107,4.238,33,624381,31,5,-10,-1136,0,0,0,0,0,18,1061,-236,-494,0,0,0,2,0
9,-107,4.296,34,624437,31,5,-10,-1136,0,0,0,0,0,18,1061,-236,-494,0,0,0,2,0
9,-107,4.407,36,624549,31,5,-10,-1136,0,0,0,0,0,18,1061,-236,-494,0,0,0,2,0
9,-107,4.463,37,624605,31,5,-10,-1136,0,0,0,0,0,18,1061,-236,-494,0,0,0,2,0
9,-107,4.519,38,624661,31,5,-10,-1136,0,0,0,0,0,18,1061,-236,-494,0,0,0,2,0
9,-107,4.575,39,624717,31,5,-10,-1136,0,0,0,0,0,18,1061,-236,-494,0,0,0,2,0
9,-107,4.631,40,624773,31,5,-10,-1136,0,0,0,0,0,18,1061,-236,-494,0,0,0,2,0
9,-107,4.686,41,624830,31,5,-10,-1136,0,0,0,0,0,18,1061,-236,-494,0,0,0,2,0
9,-107,4.742,42,624885,31,5,-10,-1136,0,0,0,0,0,18,1061,-236,-494,0,0,0,2,0
9,-107,4.798,43,624941,31,5,-10,-1136,0,0,0,0,0,18,1061,-236,-494,0,0,0,2,0
9,-107,4.855,44,624997,31,5,-10,-1136,0,0,0,0,0,18,1061,-236,-494,0,0,0,2,0
9,-107,4.912,45,625053,31,5,-10,-1136,0,0,0,0,0,18,1061,-236,-494,0,0,0,2,0
9,-107,5.087,48,625221,31,5,-10,-1136,0,0,0,0,0,18,1061,-236,-494,0,0,0,2,0
9,-107,5.131,49,625273,31,5,-10,-1136,0,0,0,0,0,18,1061,-236,-494,0,0,0,2,0
9,-107,5.187,50,625329,31,5,-10,-1136,0,0,0,0,0,18,1061,-236,-494,0,0,0,2,0
9,-107,5.298,52,625441,31,5,-10,-1136,0,0,0,0,0,18,1061,-236,-494,0,0,0,2,0
9,-107,5.354,53,625497,31,5,-10,-1136,0,0,0,0,0,18,1061,-236,-494,0,0,0,2,0
9,-107,5.41,54,625553,31,5,-10,-1136,0,0,0,0,0,18,1061,-236,-494,0,0,0,2,0
9,-107,5.467,55,625610,31,5,-10,-1136,0,0,0,0,0,18,1061,-236,-494,0,0,0,2,0
9,-107,5.523,56,625665,31,5,-10,-1136,0,0,0,0,0,18,1061,-236,-494,0,0,0,2,0
9,-107,5.578,57,625721,31,5,-10,-1136,0,0,0,0,0,18,1061,-236,-494,0,0,0,2,0
9,-107,5.69,59,625833,31,5,-10,-1136,0,0,0,0,0,18,1061,-236,-494,0,0,0,2,0
9,-107,5.746,60,625889,31,5,-10,-1136,0,0,0,0,0,18,1061,-236,-494,0,0,0,2,0
9,-107,5.804,61,625945,31,5,-10,-1136,0,0,0,0,0,18,1061,-236,-494,0,0,0,2,0
9,-107,5.858,62,626001,31,5,-10,-1136,0,0,0,0,0,18,1061,-236,-494,0,0,0,2,0
9,-107,5.916,63,626057,31,5,-10,-1136,0,0,0,0,0,18,1061,-236,-494,0,0,0,2,0
9,-107,5.971,64,626113,31,5,-10,-1136,0,0,0,0,0,18,1061,-236,-494,0,0,0,2,0
9,-107,6.027,65,626169,31,5,-10,-1136,0,0,0,0,0,18,1061,-236,-494,0,0,0,2,0
9,-107,6.083,66,626225,31,5,-10,-1136,0,0,0,0,0,18,1061,-236,-494,0,0,0,2,0
9,-107,6.247,69,626390,31,5,-10,-1136,0,0,0,0,0,18,1061,-236,-494,0,0,0,2,0
9,-107,6.302,70,626445,31,5,-10,-1136,0,0,0,0,0,18,1061,-236,-494,0,0,0,2,0
9,-107,6.363,71,626501,31,5,-10,-1136,0,0,0,0,0,18,1061,-236,-494,0,0,0,2,0
9,-107,6.415,72,626557,31,5,-10,-1136,0,0,0,0,0,18,1061,-236,-494,0,0,0,2,0
9,-107,6.527,74,626669,31,5,-10,-1136,0,0,0,0,0,18,1061,-236,-494,0,0,0,2,0
9,-107,6.584,75,626725,31,5,-10,-1136,0,0,0,0,0,18,1061,-236,-494,0,0,0,2,0
9,-107,6.638,76,626781,31,5,-10,-1136,0,0,0,0,0,18,1061,-236,-494,0,0,0,2,0
9,-107,6.695,77,626837,31,5,-10,-1136,0,0,0,0,0,18,1061,-236,-494,0,0,0,2,0
9,-107,6.752,78,626893,31,5,-10,-1136,0,0,0,0,0,18,1061,-236,-494,0,0,0,2,0
9,-107,6.862,80,627005,31,5,-10,-1136,0,0,0,0,0,18,1061,-236,-494,0,0,0,2,0
9,-107,6.918,81,627061,31,5,-10,-1136,0,0,0,0,0,18,1061,-236,-494,0,0,0,2,0
9,-107,6.974,82,627118,31,5,-10,-1136,0,0,0,0,0,18,1061,-236,-494,0,0,0,2,0
9,-107,7.032,83,627173,31,5,-10,-1136,0,0,0,0,0,18,1061,-236,-494,0,0,0,2,0
9,-107,7.088,84,627229,31,5,-10,-1136,0,0,0,0,0,18,1061,-236,-494,0,0,0,2,0
9,-107,7.144,85,627285,31,5,-10,-1136,0,0,0,0,0,18,1061,-236,-494,0,0,0,2,0
9,-107,7.207,86,627341,31,5,-10,-1136,0,0,0,0,0,18,1061,-236,-494,0,0,0,2,0
9,-107,7.251,87,627393,31,5,-10,-1136,0,0,0,0,0,18,1061,-236,-494,0,0,0,2,0
9,-107,7.307,88,627449,31,5,-10,-1136,0,0,0,0,0,18,1061,-236,-494,0,0,0,2,0
9,-107,7.362,89,627505,31,5,-10,-1136,0,0,0,0,0,18,1061,-236,-494,0,0,0,2,0
9,-107,7.419,90,627561,31,5,-10,-1136,0,0,0,0,0,18,1061,-236,-494,0,0,0,2,0
9,-107,7.588,93,627729,31,5,-10,-1136,0,0,0,0,0,18,1061,-236,-494,0,0,0,2,0
9,-107,7.642,94,627785,31,5,-10,-1136,0,0,0,0,0,18,1061,-236,-494,0,0,0,2,0
9,-107,7.754,96,627898,31,5,-10,-1136,0,0,0,0,0,18,1061,-236,-494,0,0,0,2,0
9,-107,7.81,97,627953,31,5,-10,-1136,0,0,0,0,0,18,1061,-236,-494,0,0,0,2,0
9,-107,7.866,98,628009,31,5,-10,-1136,0,0,0,0,0,18,1061,-236,-494,0,0,0,2,0
9,-107,7.923,99,628065,31,5,-10,-1136,0,0,0,0,0,18,1061,-236,-494,0,0,0,2,0
9,-107,7.979,100,628121,31,5,-10,-1136,0,0,0,0,0,18,1061,-236,-494,0,0,0,2,0
9,-107,8.092,102,628233,31,5,-10,-1136,0,0,0,0,0,18,1061,-236,-494,0,0,0,2,0
9,-107,8.149,103,628289,31,5,-10,-1136,0,0,0,0,0,18,1061,-236,-494,0,0,0,2,0
9,-107,8.207,104,628345,31,5,-10,-1136,0,0,0,0,0,18,1061,-236,-494,0,0,0,2,0
9,-107,8.27,105,628402,31,5,-10,-1136,0,0,0,0,0,18,1061,-236,-494,0,0,0,2,0
9,-107,8.312,106,628453,31,5,-10,-1136,0,0,0,0,0,18,1061,-236,-494,0,0,0,2,0
9,-107,8.367,107,628509,31,5,-10,-1136,0,0,0,0,0,18,1061,-236,-494,0,0,0,2,0
9,-107,8.427,108,628565,31,5,-10,-1136,0,0,0,0,0,18,1061,-236,-494,0,0,0,2,0
9,-107,8.482,109,628621,31,5,-10,-1136,0,0,0,0,0,18,1061,-236,-494,0,0,0,2,0
9,-107,8.534,110,628678,31,5,-10,-1136,0,0,0,0,0,18,1061,-236,-494,0,0,0,2,0
9,-107,8.595,111,628733,31,5,-10,-1136,0,0,0,0,0,18,1061,-236,-494,0,0,0,2,0
9,-107,8.647,112,628789,31,5,-10,-1136,0,0,0,0,0,18,1061,-236,-494,0,0,0,2,0
9,-107,8.824,115,628957,31,5,-10,-1136,0,0,0,0,0,18,1061,-236,-494,0,0,0,2,0
9,-107,8.872,116,629013,31,5,-10,-1136,0,0,0,0,0,18,1061,-236,-494,0,0,0,2,0
9,-107,8.987,118,629125,31,5,-10,-1136,0,0,0,0,0,18,1061,-236,-494,0,0,0,2,0
9,-107,9.039,119,629181,31,5,-10,-1136,0,0,0,0,0,18,1061,-236,-494,0,0,0,2,0
9,-107,9.097,120,629237,31,5,-10,-1136,0,0,0,0,0,18,1061,-236,-494,0,0,0,2,0
9,-107,9.155,121,629293,31,5,-10,-1136,0,0,0,0,0,18,1061,-236,-494,0,0,0,2,0
9,-107,9.208,122,629349,31,5,-10,-1136,0,0,0,0,0,18,1061,-236,-494,0,0,0,2,0
9,-107,9.34,124,629461,31,5,-10,-1136,0,0,0,0,0,18,1061,-236,-494,0,0,0,2,0
9,-107,9.49,127,629625,31,5,-10,-1136,0,0,0,0,0,18,1061,-236,-494,0,0,0,2,0
9,-107,9.545,0,629681,31,5,-10,-1136,0,0,0,0,0,18,1061,-236,-494,0,0,0,2,0
9,-107,9.598,1,629737,31,5,-10,-1136,0,0,0,0,0,18,1061,-236,-494,0,0,0,2,0
9,-107,9.652,2,629793,31,5,-10,-1136,0,0,0,0,0,18,1061,-236,-494,0,0,0,2,0
9,-107,9.709,3,629849,31,5,-10,-1136,0,0,0,0,0,18,1061,-236,-494,0,0,0,2,0
9,-107,9.763,4,629905,31,5,-10,-1136,0,0,0,0,0,18,1061,-236,-494,0,0,0,2,0
9,-107,9.826,5,629962,31,5,-10,-1136,0,0,0,0,0,18,1061,-236,-494,0,0,0,2,0
9,-107,9.885,6,630017,31,5,-10,-1136,0,0,0,0,0,18,1061,-236,-494,0,0,0,2,0
9,-107,10.098,10,630241,31,5,-10,-1136,0,0,0,0,0,18,1061,-236,-494,0,0,0,2,0
9,-107,10.155,11,630297,31,5,-10,-1136,0,0,0,0,0,18,1061,-236,-494,0,0,0,2,0
9,-107,10.21,12,630353,31,5,-10,-1136,0,0,0,0,0,18,1061,-236,-494,0,0,0,2,0
9,-107,10.323,14,630466,31,5,-10,-1136,0,0,0,0,0,18,1061,-236,-494,0,0,0,2,0
9,-107,10.43,16,630573,31,5,-10,-1136,0,0,0,0,0,18,1061,-236,-494,0,0,0,2,0
9,-107,10.487,17,630629,31,5,-10,-1136,0,0,0,0,0,18,1061,-236,-494,0,0,0,2,0
9,-107,10.543,18,630685,31,5,-10,-1136,0,0,0,0,0,18,1061,-236,-494,0,0,0,2,0
10,107,0.016,73,640898,31,5,-10,-1136,0,0,0,0,0,18,1061,-236,-494,0,0,0,2,0
10,107,0.072,74,640954,31,5,-10,-1136,0,0,0,0,0,18,1061,-236,-494,0,0,0,2,0
10,107,0.129,75,641009,31,5,-10,-1136,0,0,0,0,0,18,1061,-236,-494,0,0,0,2,0
10,107,0.184,76,641065,31,5,-10,-1136,0,0,0,0,0,18,1061,-236,-494,0,0,0,2,0
10,107,0.249,77,641121,31,5,-10,-1136,0,0,0,0,0,18,1061,-236,-494,0,0,0,2,0
10,107,0.348,79,641229,31,5,-10,-1136,0,0,0,0,0,18,1061,-236,-494,0,0,0,2,0
10,107,0.46,81,641341,31,5,-10,-1136,0,0,0,0,0,18,1061,-236,-494,0,0,0,2,0
10,107,0.573,83,641453,31,5,-10,-1136,0,0,0,0,0,18,1061,-236,-494,0,0,0,2,0
10,107,0.628,84,641509,31,5,-10,-1136,0,0,0,0,0,18,1061,-236,-494,0,0,0,2,0
10,107,0.684,85,641565,31,5,-10,-1136,0,0,0,0,0,18,1061,-236,-494,0,0,0,2,0
10,107,0.741,86,641621,31,5,-10,-1136,0,0,0,0,0,18,1061,-236,-494,0,0,0,2,0
10,107,0.796,87,641678,31,5,-10,-1136,0,0,0,0,0,18,1061,-236,-494,0,0,0,2,0
10,107,0.852,88,641733,31,5,-10,-1136,0,0,0,0,0,18,1061,-236,-494,0,0,0,2,0
10,107,0.908,89,641789,31,5,-10,-1136,0,0,0,0,0,18,1061,-236,-494,0,0,0,2,0
10,107,0.965,90,641845,31,5,-10,-1136,0,0,0,0,0,18,1061,-236,-494,0,0,0,2,0
10,107,1.021,91,641901,31,5,-10,-1136,0,0,0,0,0,18,1061,-236,-494,0,0,0,2,0
10,107,1.076,92,641957,31,5,-10,-1136,0,0,0,0,0,18,1061,-236,-494,0,0,0,2,0
10,107,1.133,93,642013,31,5,-10,-1136,0,0,0,0,0,18,1061,-236,-494,0,0,0,2,0
10,107,1.188,94,642069,31,5,-10,-1136,0,0,0,0,0,18,1061,-236,-494,0,0,0,2,0
10,107,1.251,95,642125,31,5,-10,-1136,0,0,0,0,0,18,1061,-236,-494,0,0,0,2,0
10,107,1.31,96,642181,31,5,-10,-1136,0,0,0,0,0,18,1061,-236,-494,0,0,0,2,0
10,107,1.352,97,642233,31,5,-10,-1136,0,0,0,0,0,18,1061,-236,-494,0,0,0,2,0
10,107,1.415,98,642289,31,5,-10,-1136,0,0,0,0,0,18,1061,-236,-494,0,0,0,2,0
10,107,1.465,99,642345,31,5,-10,-1136,0,0,0,0,0,18,1061,-236,-494,0,0,0,2,0
10,107,1.52,100,642401,31,5,-10,-1136,0,0,0,0,0,18,1061,-236,-494,0,0,0,2,0
10,107,1.58,101,642458,31,5,-10,-1136,0,0,0,0,0,18,1061,-236,-494,0,0,0,2,0
10,107,1.691,103,642570,31,5,-10,-1136,0,0,0,0,0,18,1061,-236,-494,0,0,0,2,0
10,107,1.744,104,642625,31,5,-10,-1136,0,0,0,0,0,18,1061,-236,-494,0,0,0,2,0
10,107,1.801,105,642681,31,5,-10,-1136,0,0,0,0,0,18,1061,-236,-494,0,0,0,2,0
10,107,1.857,106,642737,31,5,-10,-1136,0,0,0,0,0,18,1061,-236,-494,0,0,0,2,0
10,107,2.025,109,642905,31,5,-10,-1136,0,0,0,0,0,18,1061,-236,-494,0,0,0,2,0
10,107,2.193,112,643073,31,5,-10,-1136,0,0,0,0,0,18,1061,-236,-494,0,0,0,2,0
10,107,2.304,114,643186,31,5,-10,-1136,0,0,0,0,0,18,1061,-236,-494,0,0,0,2,0
10,107,2.37,115,643241,31,5,-10,-1136,0,0,0,0,0,18,1061,-236,-494,0,0,0,2,0
10,107,2.525,118,643405,31,5,-10,-1136,0,0,0,0,0,18,1061,-236,-494,0,0,0,2,0
10,107,2.58,119,643461,31,5,-10,-1136,0,0,0,0,0,18,1061,-236,-494,0,0,0,2,0
10,107,2.636,120,643517,31,5,-10,-1136,0,0,0,0,0,18,1061,-236,-494,0,0,0,2,0
10,107,2.693,121,643573,31,5,-10,-1136,0,0,0,0,0,18,1061,-236,-494,0,0,0,2,0
10,107,2.748,122,643629,31,5,-10,-1136,0,0,0,0,0,18,1061,-236,-494,0,0,0,2,0
10,107,2.808,123,643685,31,5,-10,-1136,0,0,0,0,0,18,1061,-236,-494,0,0,0,2,0
10,107,2.861,124,643741,31,5,-10,-1136,0,0,0,0,0,18,1061,-236,-494,0,0,0,2,0
10,107,2.972,126,643853,31,5,-10,-1136,0,0,0,0,0,18,1061,-236,-494,0,0,0,2,0
10,107,3.029,127,643910,31,5,-10,-1136,0,0,0,0,0,18,1061,-236,-494,0,0,0,2,0
10,107,3.084,0,643966,31,5,-10,-1136,0,0,0,0,0,18,1061,-236,-494,0,0,0,2,0
10,107,3.156,1,644027,31,5,-9,-1106,0,0,0,-14,8,18,1063,-241,-491,-1000,1000,0,2,0
10,107,3.218,2,644097,31,4,-9,-935,0,0,0,-39,8,18,1066,-272,-477,-1100,1200,0,2,0
10,107,3.361,4,644241,31,3,-9,-178,0,0,0,-66,82,18,1072,-386,-391,-1700,1800,0,2,0
10,107,3.434,5,644313,31,2,-9,504,0,0,0,-128,98,18,1075,-486,-311,-2200,2200,0,2,0
10,107,3.507,6,644385,31,2,-9,1462,0,0,0,-164,138,18,1078,-619,-191,-2500,2500,0,2,0
10,107,3.577,7,644457,31,1,-10,2605,0,0,0,-171,154,18,1081,-780,-50,-2600,2600,0,2,0
10,107,3.721,9,644602,31,0,-10,5120,0,0,0,-183,193,18,1087,-1119,275,-2200,2500,0,2,0
10,107,3.866,11,644746,31,1,-9,7381,0,0,0,-157,144,18,1093,-1411,580,-2000,2400,0,2,0
10,107,3.938,12,644817,31,1,-9,8452,0,0,0,-137,144,18,1096,-1547,727,-1200,1800,0,2,0
10,107,4.236,16,645117,31,1,-8,9335,0,0,0,0,0,18,1110,-1652,855,0,0,0,2,0
10,107,4.308,17,645189,31,1,-8,9335,0,0,0,0,0,18,1113,-1652,855,0,0,0,2,0
10,107,4.38,18,645261,31,1,-8,9335,0,0,0,0,0,18,1116,-1652,855,0,0,0,2,0
10,107,4.525,20,645405,31,1,-8,9335,0,0,0,0,0,18,1122,-1652,855,0,0,0,2,0
10,107,4.596,21,645477,31,1,-8,9335,0,0,0,0,0,18,1125,-1652,855,0,0,0,2,0
10,107,4.741,23,645622,31,1,-8,9335,0,0,0,0,0,18,1131,-1652,855,0,0,0,2,0
10,107,4.957,26,645838,31,1,-8,9335,0,0,0,0,0,18,1140,-1652,855,0,0,0,2,0
10,107,5.168,30,646049,31,1,-8,9335,0,0,0,0,0,18,1142,-1652,855,0,0,0,2,0
10,107,5.339,33,646217,31,1,-8,9335,0,0,0,0,0,18,1142,-1652,855,0,0,0,2,0
10,107,5.448,35,646329,31,1,-8,9335,0,0,0,0,0,18,1142,-1652,855,0,0,0,2,0
10,107,5.507,36,646385,31,1,-8,9335,0,0,0,0,0,18,1142,-1652,855,0,0,0,2,0
10,107,5.618,38,646497,31,1,-8,9335,0,0,0,0,0,18,1142,-1652,855,0,0,0,2,0
10,107,5.673,39,646553,31,1,-8,9335,0,0,0,0,0,18,1142,-1652,855,0,0,0,2,0
10,107,5.841,42,646722,31,1,-8,9335,0,0,0,0,0,18,1142,-1652,855,0,0,0,2,0
10,107,5.896,43,646777,31,1,-8,9335,0,0,0,0,0,18,1142,-1652,855,0,0,0,2,0
10,107,6.005,45,646885,31,1,-8,9335,0,0,0,0,0,18,1142,-1652,855,0,0,0,2,0
10,107,6.287,50,647165,31,1,-8,9335,0,0,0,0,0,18,1142,-1652,855,0,0,0,2,0
10,107,6.341,51,647221,31,1,-8,9335,0,0,0,0,0,18,1142,-1652,855,0,0,0,2,0
10,107,6.512,54,647383,31,1,-8,9335,0,0,0,0,0,18,1142,-1652,855,0,0,0,2,0
10,107,6.608,56,647489,31,1,-8,9335,0,0,0,0,0,18,1142,-1652,855,0,0,0,2,0
10,107,6.664,57,647545,31,1,-8,9335,0,0,0,0,0,18,1142,-1652,855,0,0,0,2,0
10,107,6.72,58,647602,31,1,-8,9335,0,0,0,0,0,18,1142,-1652,855,0,0,0,2,0
10,107,6.776,59,647658,31,1,-8,9335,0,0,0,0,0,18,1142,-1652,855,0,0,0,2,0
10,107,6.888,61,647769,31,1,-8,9335,0,0,0,0,0,18,1142,-1652,855,0,0,0,2,0
10,107,7.897,79,648774,31,1,-8,9335,0,0,0,0,0,18,1142,-1652,855,0,0,0,2,0
10,107,8.07,82,648941,31,1,-8,9335,0,0,0,0,0,18,1142,-1652,855,0,0,0,2,0
10,107,8.115,83,648993,31,1,-8,9335,0,0,0,0,0,18,1142,-1652,855,0,0,0,2,0
10,107,8.169,84,649049,31,1,-8,9335,0,0,0,0,0,18,1142,-1652,855,0,0,0,2,0
10,107,8.228,85,649106,31,1,-8,9335,0,0,0,0,0,18,1142,-1652,855,0,0,0,2,0
10,107,8.282,86,649161,31,1,-8,9335,0,0,0,0,0,18,1142,-1652,855,0,0,0,2,0
10,107,8.505,90,649385,31,1,-8,9335,0,0,0,0,0,18,1142,-1652,855,0,0,0,2,0
10,107,8.56,91,649441,31,1,-8,9335,0,0,0,0,0,18,1142,-1652,855,0,0,0,2,0
10,107,8.618,92,649497,31,1,-8,9335,0,0,0,0,0,18,1142,-1652,855,0,0,0,2,0
10,107,8.672,93,649554,31,1,-8,9335,0,0,0,0,0,18,1142,-1652,855,0,0,0,2,0
10,107,8.728,94,649610,31,1,-8,9335,0,0,0,0,0,18,1142,-1652,855,0,0,0,2,0
10,107,8.792,95,649665,31,1,-8,9335,0,0,0,0,0,18,1142,-1652,855,0,0,0,2,0
10,107,8.841,96,649721,31,1,-8,9335,0,0,0,0,0,18,1142,-1652,855,0,0,0,2,0
10,107,8.898,97,649777,31,1,-8,9335,0,0,0,0,0,18,1142,-1652,855,0,0,0,2,0
10,107,8.952,98,649833,31,1,-8,9335,0,0,0,0,0,18,1142,-1652,855,0,0,0,2,0
10,107,9.013,99,649889,31,1,-8,9335,0,0,0,0,0,18,1142,-1652,855,0,0,0,2,0
10,107,9.064,100,649945,31,1,-8,9335,0,0,0,0,0,18,1142,-1652,855,0,0,0,2,0
10,107,9.128,101,650002,31,1,-8,9335,0,0,0,0,0,18,1142,-1652,855,0,0,0,2,0
10,107,9.172,102,650053,31,1,-8,9335,0,0,0,0,0,18,1142,-1652,855,0,0,0,2,0
10,107,9.228,103,650109,31,1,-8,9335,0,0,0,0,0,18,1142,-1652,855,0,0,0,2,0
10,107,9.34,105,650221,31,1,-8,9335,0,0,0,0,0,18,1142,-1652,855,0,0,0,2,0
10,107,9.398,106,650277,31,1,-8,9335,0,0,0,0,0,18,1142,-1652,855,0,0,0,2,0
10,107,9.507,108,650390,31,1,-8,9335,0,0,0,0,0,18,1142,-1652,855,0,0,0,2,0
10,107,9.564,109,650445,31,1,-8,9335,0,0,0,0,0,18,1142,-1652,855,0,0,0,2,0
10,107,9.677,111,650557,31,1,-8,9335,0,0,0,0,0,18,1142,-1652,855,0,0,0,2,0
10,107,9.732,112,650613,31,1,-8,9335,0,0,0,0,0,18,1142,-1652,855,0,0,0,2,0
10,107,9.789,113,650669,31,1,-8,9335,0,0,0,0,0,18,1142,-1652,855,0,0,0,2,0
10,107,9.845,114,650726,31,1,-8,9335,0,0,0,0,0,18,1142,-1652,855,0,0,0,2,0
10,107,9.9,115,650781,31,1,-8,9335,0,0,0,0,0,18,1142,-1652,855,0,0,0,2,0
10,107,9.956,116,650838,31,1,-8,9335,0,0,0,0,0,18,1142,-1652,855,0,0,0,2,0
10,107,10.067,118,650949,31,1,-8,9335,0,0,0,0,0,18,1142,-1652,855,0,0,0,2,0
10,107,10.123,119,651005,31,1,-8,9335,0,0,0,0,0,18,1142,-1652,855,0,0,0,2,0
10,107,10.232,121,651113,31,1,-8,9335,0,0,0,0,0,18,1142,-1652,855,0,0,0,2,0
10,107,10.288,122,651169,31,1,-8,9335,0,0,0,0,0,18,1142,-1652,855,0,0,0,2,0
10,107,10.392,124,651273,31,1,-8,9335,0,0,0,0,0,18,1142,-1652,855,0,0,0,2,0
10,107,10.448,125,651329,31,1,-8,9335,0,0,0,0,0,18,1142,-1652,855,0,0,0,2,0
10,107,10.507,126,651386,31,1,-8,9335,0,0,0,0,0,18,1142,-1652,855,0,0,0,2,0
10,107,10.56,127,651441,31,1,-8,9335,0,0,0,0,0,18,1142,-1652,855,0,0,0,2,0
10,107,10.619,0,651497,31,1,-8,9335,0,0,0,0,0,18,1142,-1652,855,0,0,0,2,0
10,107,10.672,1,651553,31,1,-8,9335,0,0,0,0,0,18,1142,-1652,855,0,0,0,2,0
10,107,10.728,2,651610,31,1,-8,9335,0,0,0,0,0,18,1142,-1652,855,0,0,0,2,0
10,107,10.786,3,651665,31,1,-8,9335,0,0,0,0,0,18,1142,-1652,855,0,0,0,2,0
10,107,10.842,4,651721,31,1,-8,9335,0,0,0,0,0,18,1142,-1652,855,0,0,0,2,0
10,107,10.897,5,651778,31,1,-8,9335,0,0,0,0,0,18,1142,-1652,855,0,0,0,2,0
10,107,11.065,8,651945,31,1,-8,9335,0,0,0,0,0,18,1142,-1652,855,0,0,0,2,0
10,107,11.12,9,652002,31,1,-8,9335,0,0,0,0,0,18,1142,-1652,855,0,0,0,2,0
10,107,11.176,10,652057,31,1,-8,9335,0,0,0,0,0,18,1142,-1652,855,0,0,0,2,0
10,107,11.24,11,652113,31,1,-8,9335,0,0,0,0,0,18,1142,-1652,855,0,0,0,2,0
10,107,11.283,12,652165,31,1,-8,9335,0,0,0,0,0,18,1142,-1652,855,0,0,0,2,0
10,107,11.34,13,652221,31,1,-8,9335,0,0,0,0,0,18,1142,-1652,855,0,0,0,2,0
10,107,11.397,14,652277,31,1,-8,9335,0,0,0,0,0,18,1142,-1652,855,0,0,0,2,0
10,107,11.507,16,652390,31,1,-8,9335,0,0,0,0,0,18,1142,-1652,855,0,0,0,2,0
10,107,11.564,17,652446,31,1,-8,9335,0,0,0,0,0,18,1142,-1652,855,0,0,0,2,0
10,107,11.677,19,652557,31,1,-8,9335,0,0,0,0,0,18,1142,-1652,855,0,0,0,2,0
10,107,11.733,20,652613,31,1,-8,9335,0,0,0,0,0,18,1142,-1652,855,0,0,0,2,0
10,107,11.787,21,652669,31,1,-8,9335,0,0,0,0,0,18,1142,-1652,855,0,0,0,2,0
10,107,11.901,23,652781,31,1,-8,9335,0,0,0,0,0,18,1142,-1652,855,0,0,0,2,0
10,107,12.014,25,652894,31,1,-8,9335,0,0,0,0,0,18,1142,-1652,855,0,0,0,2,0
10,107,12.067,26,652949,31,1,-8,9335,0,0,0,0,0,18,1142,-1652,855,0,0,0,2,0
10,107,12.124,27,653005,31,1,-8,9335,0,0,0,0,0,18,1142,-1652,855,0,0,0,2,0
10,107,12.179,28,653062,31,1,-8,9335,0,0,0,0,0,18,1142,-1652,855,0,0,0,2,0
10,107,12.236,29,653118,31,1,-8,9335,0,0,0,0,0,18,1142,-1652,855,0,0,0,2,0
10,107,12.344,31,653226,31,1,-8,9335,0,0,0,0,0,18,1142,-1652,855,0,0,0,2,0
10,107,12.455,33,653337,31,1,-8,9335,0,0,0,0,0,18,1142,-1652,855,0,0,0,2,0
10,107,12.511,34,653393,31,1,-8,9335,0,0,0,0,0,18,1142,-1652,855,0,0,0,2,0
10,107,12.567,35,653449,31,1,-8,9335,0,0,0,0,0,18,1142,-1652,855,0,0,0,2,0
10,107,12.624,36,653505,31,1,-8,9335,0,0,0,0,0,18,1142,-1652,855,0,0,0,2,0
10,107,12.68,37,653561,31,1,-8,9335,0,0,0,0,0,18,1142,-1652,855,0,0,0,2,0
10,107,12.736,38,653617,31,1,-8,9335,0,0,0,0,0,18,1142,-1652,855,0,0,0,2,0
10,107,12.791,39,653674,31,1,-8,9335,0,0,0,0,0,18,1142,-1652,855,0,0,0,2,0
10,107,12.961,42,653841,31,1,-8,9335,0,0,0,0,0,18,1142,-1652,855,0,0,0,2,0
10,107,13.017,43,653898,31,1,-8,9335,0,0,0,0,0,18,1142,-1652,855,0,0,0,2,0
10,107,13.072,44,653953,31,1,-8,9335,0,0,0,0,0,18,1142,-1652,855,0,0,0,2,0
10,107,13.127,45,654009,31,1,-8,9335,0,0,0,0,0,18,1142,-1652,855,0,0,0,2,0
10,107,13.185,46,654065,31,1,-8,9335,0,0,0,0,0,18,1142,-1652,855,0,0,0,2,0
10,107,13.244,47,654121,31,1,-8,9335,0,0,0,0,0,18,1142,-1652,855,0,0,0,2,0
10,107,13.295,48,654178,31,1,-8,9335,0,0,0,0,0,18,1142,-1652,855,0,0,0,2,0
10,107,13.571,53,654453,31,1,-8,9335,0,0,0,0,0,18,1142,-1652,855,0,0,0,2,0
10,107,13.627,54,654510,31,1,-8,9335,0,0,0,0,0,18,1142,-1652,855,0,0,0,2,0
10,107,13.685,55,654566,31,1,-8,9335,0,0,0,0,0,18,1142,-1652,855,0,0,0,2,0
10,107,13.74,56,654621,31,1,-8,9335,0,0,0,0,0,18,1142,-1652,855,0,0,0,2,0
10,107,13.852,58,654733,31,1,-8,9335,0,0,0,0,0,18,1142,-1652,855,0,0,0,2,0
10,107,13.909,59,654789,31,1,-8,9335,0,0,0,0,0,18,1142,-1652,855,0,0,0,2,0
10,107,13.965,60,654845,31,1,-8,9335,0,0,0,0,0,18,1142,-1652,855,0,0,0,2,0
10,107,14.219,64,655070,31,1,-8,9335,0,0,0,0,0,18,1142,-1652,855,0,0,0,2,0
10,107,14.244,65,655125,31,1,-8,9335,0,0,0,0,0,18,1142,-1652,855,0,0,0,2,0
10,107,14.301,66,655181,31,1,-8,9335,0,0,0,0,0,18,1142,-1652,855,0,0,0,2,0
10,107,14.42,68,655293,31,1,-8,9335,0,0,0,0,0,18,1142,-1652,855,0,0,0,2,0
10,107,14.463,69,655346,31,1,-8,9335,0,0,0,0,0,18,1142,-1652,855,0,0,0,2,0
10,107,14.52,70,655402,31,1,-8,9335,0,0,0,0,0,18,1142,-1652,855,0,0,0,2,0
10,107,14.576,71,655458,31,1,-8,9335,0,0,0,0,0,18,1142,-1652,855,0,0,0,2,0
10,107,14.632,72,655513,31,1,-8,9335,0,0,0,0,0,18,1142,-1652,855,0,0,0,2,0
10,107,14.688,73,655569,31,1,-8,9335,0,0,0,0,0,18,1142,-1652,855,0,0,0,2,0
10,107,14.8,75,655681,31,1,-8,9335,0,0,0,0,0,18,1142,-1652,855,0,0,0,2,0
10,107,14.856,76,655737,31,1,-8,9335,0,0,0,0,0,18,1142,-1652,855,0,0,0,2,0
10,107,14.912,77,655794,31,1,-8,9335,0,0,0,0,0,18,1142,-1652,855,0,0,0,2,0
10,107,14.968,78,655850,31,1,-8,9335,0,0,0,0,0,18,1142,-1652,855,0,0,0,2,0
10,107,15.08,80,655961,31,1,-8,9335,0,0,0,0,0,18,1142,-1652,855,0,0,0,2,0
10,107,15.14,81,656017,31,1,-8,9335,0,0,0,0,0,18,1142,-1652,855,0,0,0,2,0
10,107,15.193,82,656073,31,1,-8,9335,0,0,0,0,0,18,1142,-1652,855,0,0,0,2,0
10,107,15.251,83,656129,31,1,-8,9335,0,0,0,0,0,18,1142,-1652,855,0,0,0,2,0
10,107,15.415,86,656298,31,1,-8,9335,0,0,0,0,0,18,1142,-1652,855,0,0,0,2,0
10,107,15.48,87,656353,31,1,-8,9335,0,0,0,0,0,18,1142,-1652,855,0,0,0,2,0
10,107,15.523,88,656405,31,1,-8,9335,0,0,0,0,0,18,1142,-1652,855,0,0,0,2,0
10,107,15.635,90,656518,31,1,-8,9335,0,0,0,0,0,18,1142,-1652,855,0,0,0,2,0
10,107,15.691,91,656573,31,1,-8,9335,0,0,0,0,0,18,1142,-1652,855,0,0,0,2,0
10,107,15.747,92,656629,31,1,-8,9335,0,0,0,0,0,18,1142,-1652,855,0,0,0,2,0
10,107,15.804,93,656686,31,1,-8,9335,0,0,0,0,0,18,1142,-1652,855,0,0,0,2,0
10,107,15.86,94,656741,31,1,-8,9335,0,0,0,0,0,18,1142,-1652,855,0,0,0,2,0
10,107,15.915,95,656797,31,1,-8,9335,0,0,0,0,0,18,1142,-1652,855,0,0,0,2,0
10,107,16.084,98,656966,31,1,-8,9335,0,0,0,0,0,18,1142,-1652,855,0,0,0,2,0
10,107,16.139,99,657021,31,1,-8,9335,0,0,0,0,0,18,1142,-1652,855,0,0,0,2,0
10,107,16.195,100,657078,31,1,-8,9335,0,0,0,0,0,18,1142,-1652,855,0,0,0,2,0
10,107,16.252,101,657133,31,1,-8,9335,0,0,0,0,0,18,1142,-1652,855,0,0,0,2,0
10,107,16.307,102,657189,31,1,-8,9335,0,0,0,0,0,18,1142,-1652,855,0,0,0,2,0
10,107,16.363,103,657245,31,1,-8,9335,0,0,0,0,0,18,1142,-1652,855,0,0,0,2,0
11,-180,0.066,19,666853,31,1,-8,9335,0,0,0,0,0,18,1143,-1652,855,800,-800,0,2,0
11,-180,0.139,20,666925,31,-7,-40,6014,0,0,0,36,-2739,18,1146,-1630,0,1200,-1100,0,2,0
11,-180,0.219,21,666997,31,1,-9,8960,0,0,0,16,-16,19,1149,-1608,800,1000,-1000,0,2,0
11,-180,0.282,22,667069,31,1,-9,8619,0,0,0,56,-70,19,1152,-1566,752,1500,-1500,0,2,0
11,-180,0.426,24,667213,31,1,-10,7191,0,0,0,134,-147,19,1158,-1386,555,2400,-2500,0,2,0
11,-180,0.498,25,667285,31,1,-10,6002,0,0,0,164,-193,19,1161,-1236,391,2600,-2600,0,2,0
11,-180,0.571,26,667357,31,0,-11,4711,0,0,0,180,-190,19,1164,-1075,211,2500,-2300,0,2,0
11,-180,0.642,27,667429,31,0,-11,3476,0,0,0,164,-154,19,1167,-916,44,2500,-2100,0,2,0
11,-180,0.787,29,667574,31,1,-11,1189,0,0,0,164,-154,19,1173,-608,-252,2300,-2000,0,2,0
11,-180,0.859,30,667645,31,1,-11,125,0,0,0,148,-154,19,1176,-463,-388,2100,-1900,0,2,0
11,-180,0.93,31,667717,31,1,-11,-905,0,0,0,154,-154,19,1179,-322,-519,2100,-1900,0,2,0
11,-180,1.002,32,667789,31,1,-11,-1897,0,0,0,147,-147,19,1182,-191,-650,2200,-1900,0,2,0
11,-180,1.145,34,667933,31,2,-11,-3931,0,0,0,144,-154,19,1188,80,-916,2100,-2000,0,2,0
11,-180,1.218,35,668006,31,2,-11,-4965,0,0,0,144,-147,19,1191,219,-1050,2200,-2000,0,2,0
11,-180,1.291,36,668077,31,2,-11,-5995,0,0,0,147,-147,19,1194,358,-1183,2200,-2100,0,2,0
11,-180,1.366,37,668149,31,2,-11,-7036,0,0,0,138,-154,19,1197,497,-1319,2100,-2100,0,2,0
11,-180,1.513,39,668302,31,2,-12,-8411,0,0,0,0,0,19,1205,691,-1488,0,0,0,2,0
11,-180,1.709,42,668497,31,2,-12,-8411,0,0,0,0,0,19,1213,691,-1488,0,0,0,2,0
11,-180,1.781,43,668570,31,2,-12,-8411,0,0,0,0,0,19,1216,691,-1488,0,0,0,2,0
11,-180,1.852,44,668641,31,2,-12,-8411,0,0,0,0,0,19,1219,691,-1488,0,0,0,2,0
11,-180,1.997,46,668785,31,2,-12,-8411,0,0,0,0,0,19,1225,691,-1488,0,0,0,2,0
11,-180,2.068,47,668857,31,2,-12,-8411,0,0,0,0,0,19,1228,691,-1488,0,0,0,2,0
11,-180,2.141,48,668930,31,2,-12,-8411,0,0,0,0,0,19,1231,691,-1488,0,0,0,2,0
11,-180,2.214,49,669002,31,2,-12,-8411,0,0,0,0,0,19,1234,691,-1488,0,0,0,2,0
11,-180,2.428,52,669217,31,2,-12,-8411,0,0,0,0,0,19,1243,691,-1488,0,0,0,2,0
11,-180,2.501,53,669290,31,2,-12,-8411,0,0,0,0,0,19,1246,691,-1488,0,0,0,2,0
11,-180,2.574,54,669361,31,2,-12,-8411,0,0,0,0,0,19,1249,691,-1488,0,0,0,2,0
11,-180,2.646,55,669433,31,2,-12,-8411,0,0,0,0,0,19,1252,691,-1488,0,0,0,2,0
11,-180,2.716,56,669506,31,2,-12,-8411,0,0,0,0,0,19,1255,691,-1488,0,0,0,2,0
11,-180,2.789,57,669578,31,2,-12,-8411,0,0,0,0,0,19,1258,691,-1488,0,0,0,2,0
11,-180,2.861,58,669649,31,2,-12,-8411,0,0,0,0,0,19,1261,691,-1488,0,0,0,2,0
11,-180,2.941,59,669722,31,2,-12,-8411,0,0,0,0,0,19,1264,691,-1488,0,0,0,2,0
11,-180,3.004,60,669793,31,2,-12,-8411,0,0,0,0,0,19,1267,691,-1488,0,0,0,2,0
11,-180,3.077,61,669865,31,2,-12,-8411,0,0,0,0,0,19,1270,691,-1488,0,0,0,2,0
11,-180,3.233,64,670021,31,2,-12,-8411,0,0,0,0,0,19,1272,691,-1488,0,0,0,2,0
11,-180,3.289,65,670078,31,2,-12,-8411,0,0,0,0,0,19,1272,691,-1488,0,0,0,2,0
11,-180,3.344,66,670134,31,2,-12,-8411,0,0,0,0,0,19,1272,691,-1488,0,0,0,2,0
11,-180,3.401,67,670189,31,2,-12,-8411,0,0,0,0,0,19,1272,691,-1488,0,0,0,2,0
11,-180,3.457,68,670245,31,2,-12,-8411,0,0,0,0,0,19,1272,691,-1488,0,0,0,2,0
11,-180,3.512,69,670302,31,2,-12,-8411,0,0,0,0,0,19,1272,691,-1488,0,0,0,2,0
11,-180,3.568,70,670357,31,2,-12,-8411,0,0,0,0,0,19,1272,691,-1488,0,0,0,2,0
11,-180,3.624,71,670413,31,2,-12,-8411,0,0,0,0,0,19,1272,691,-1488,0,0,0,2,0
11,-180,3.737,73,670525,31,2,-12,-8411,0,0,0,0,0,19,1272,691,-1488,0,0,0,2,0
11,-180,3.792,74,670582,31,2,-12,-8411,0,0,0,0,0,19,1272,691,-1488,0,0,0,2,0
11,-180,3.848,75,670637,31,2,-12,-8411,0,0,0,0,0,19,1272,691,-1488,0,0,0,2,0
11,-180,3.906,76,670694,31,2,-12,-8411,0,0,0,0,0,19,1272,691,-1488,0,0,0,2,0
11,-180,3.961,77,670749,31,2,-12,-8411,0,0,0,0,0,19,1272,691,-1488,0,0,0,2,0
11,-180,4.025,78,670806,31,2,-12,-8411,0,0,0,0,0,19,1272,691,-1488,0,0,0,2,0
11,-180,4.068,79,670857,31,2,-12,-8411,0,0,0,0,0,19,1272,691,-1488,0,0,0,2,0
11,-180,4.125,80,670913,31,2,-12,-8411,0,0,0,0,0,19,1272,691,-1488,0,0,0,2,0
11,-180,4.18,81,670969,31,2,-12,-8411,0,0,0,0,0,19,1272,691,-1488,0,0,0,2,0
11,-180,4.236,82,671026,31,2,-12,-8411,0,0,0,0,0,19,1272,691,-1488,0,0,0,2,0
11,-180,4.292,83,671081,31,2,-12,-8411,0,0,0,0,0,19,1272,691,-1488,0,0,0,2,0
11,-180,4.462,86,671249,31,2,-12,-8411,0,0,0,0,0,19,1272,691,-1488,0,0,0,2,0
11,-180,4.516,87,671305,31,2,-12,-8411,0,0,0,0,0,19,1272,691,-1488,0,0,0,2,0
11,-180,4.572,88,671361,31,2,-12,-8411,0,0,0,0,0,19,1272,691,-1488,0,0,0,2,0
11,-180,4.634,89,671417,31,2,-12,-8411,0,0,0,0,0,19,1272,691,-1488,0,0,0,2,0
11,-180,4.686,90,671474,31,2,-12,-8411,0,0,0,0,0,19,1272,691,-1488,0,0,0,2,0
11,-180,4.741,91,671529,31,2,-12,-8411,0,0,0,0,0,19,1272,691,-1488,0,0,0,2,0
11,-180,4.796,92,671585,31,2,-12,-8411,0,0,0,0,0,19,1272,691,-1488,0,0,0,2,0
11,-180,4.852,93,671641,31,2,-12,-8411,0,0,0,0,0,19,1272,691,-1488,0,0,0,2,0
11,-180,4.965,95,671753,31,2,-12,-8411,0,0,0,0,0,19,1272,691,-1488,0,0,0,2,0
11,-180,5.087,97,671865,31,2,-12,-8411,0,0,0,0,0,19,1272,691,-1488,0,0,0,2,0
11,-180,5.185,99,671973,31,2,-12,-8411,0,0,0,0,0,19,1272,691,-1488,0,0,0,2,0
11,-180,5.241,100,672029,31,2,-12,-8411,0,0,0,0,0,19,1272,691,-1488,0,0,0,2,0
11,-180,5.298,101,672085,31,2,-12,-8411,0,0,0,0,0,19,1272,691,-1488,0,0,0,2,0
11,-180,5.354,102,672141,31,2,-12,-8411,0,0,0,0,0,19,1272,691,-1488,0,0,0,2,0
11,-180,5.409,103,672197,31,2,-12,-8411,0,0,0,0,0,19,1272,691,-1488,0,0,0,2,0
11,-180,5.465,104,672254,31,2,-12,-8411,0,0,0,0,0,19,1272,691,-1488,0,0,0,2,0
11,-180,5.523,105,672309,31,2,-12,-8411,0,0,0,0,0,19,1272,691,-1488,0,0,0,2,0
11,-180,5.689,108,672477,31,2,-12,-8411,0,0,0,0,0,19,1272,691,-1488,0,0,0,2,0
11,-180,5.802,110,672589,31,2,-12,-8411,0,0,0,0,0,19,1272,691,-1488,0,0,0,2,0
11,-180,5.859,111,672645,31,2,-12,-8411,0,0,0,0,0,19,1272,691,-1488,0,0,0,2,0
11,-180,5.912,112,672702,31,2,-12,-8411,0,0,0,0,0,19,1272,691,-1488,0,0,0,2,0
11,-180,5.97,113,672757,31,2,-12,-8411,0,0,0,0,0,19,1272,691,-1488,0,0,0,2,0
11,-180,6.08,115,672869,31,2,-12,-8411,0,0,0,0,0,19,1272,691,-1488,0,0,0,2,0
11,-180,6.146,116,672925,31,2,-12,-8411,0,0,0,0,0,19,1272,691,-1488,0,0,0,2,0
11,-180,6.302,119,673090,31,2,-12,-8411,0,0,0,0,0,19,1272,691,-1488,0,0,0,2,0
11,-180,6.357,120,673145,31,2,-12,-8411,0,0,0,0,0,19,1272,691,-1488,0,0,0,2,0
11,-180,6.413,121,673201,31,2,-12,-8411,0,0,0,0,0,19,1272,691,-1488,0,0,0,2,0
11,-180,6.469,122,673257,31,2,-12,-8411,0,0,0,0,0,19,1272,691,-1488,0,0,0,2,0
11,-180,6.581,124,673369,31,2,-12,-8411,0,0,0,0,0,19,1272,691,-1488,0,0,0,2,0
11,-180,6.636,125,673425,31,2,-12,-8411,0,0,0,0,0,19,1272,691,-1488,0,0,0,2,0
11,-180,6.692,126,673482,31,2,-12,-8411,0,0,0,0,0,19,1272,691,-1488,0,0,0,2,0
11,-180,6.748,127,673538,31,2,-12,-8411,0,0,0,0,0,19,1272,691,-1488,0,0,0,2,0
11,-180,7.084,5,673873,31,2,-12,-8411,0,0,0,0,0,19,1272,691,-1488,0,0,0,2,0
11,-180,7.206,7,673986,31,2,-12,-8411,0,0,0,0,0,19,1272,691,-1488,0,0,0,2,0
11,-180,7.248,8,674037,31,2,-12,-8411,0,0,0,0,0,19,1272,691,-1488,0,0,0,2,0
11,-180,7.417,11,674206,31,2,-12,-8411,0,0,0,0,0,19,1272,691,-1488,0,0,0,2,0
11,-180,7.641,15,674429,31,2,-12,-8411,0,0,0,0,0,19,1272,691,-1488,0,0,0,2,0
11,-180,7.697,16,674485,31,2,-12,-8411,0,0,0,0,0,19,1272,691,-1488,0,0,0,2,0
11,-180,7.753,17,674542,31,2,-12,-8411,0,0,0,0,0,19,1272,691,-1488,0,0,0,2,0
11,-180,7.809,18,674597,31,2,-12,-8411,0,0,0,0,0,19,1272,691,-1488,0,0,0,2,0
11,-180,7.864,19,674653,31,2,-12,-8411,0,0,0,0,0,19,1272,691,-1488,0,0,0,2,0
11,-180,7.92,20,674710,31,2,-12,-8411,0,0,0,0,0,19,1272,691,-1488,0,0,0,2,0
11,-180,7.976,21,674766,31,2,-12,-8411,0,0,0,0,0,19,1272,691,-1488,0,0,0,2,0
11,-180,8.032,22,674822,31,2,-12,-8411,0,0,0,0,0,19,1272,691,-1488,0,0,0,2,0
11,-180,8.145,24,674933,31,2,-12,-8411,0,0,0,0,0,19,1272,691,-1488,0,0,0,2,0
11,-180,8.2,25,674989,31,2,-12,-8411,0,0,0,0,0,19,1272,691,-1488,0,0,0,2,0
11,-180,8.308,27,675097,31,2,-12,-8411,0,0,0,0,0,19,1272,691,-1488,0,0,0,2,0
11,-180,8.365,28,675154,31,2,-12,-8411,0,0,0,0,0,19,1272,691,-1488,0,0,0,2,0
11,-180,8.421,29,675210,31,2,-12,-8411,0,0,0,0,0,19,1272,691,-1488,0,0,0,2,0
11,-180,8.477,30,675265,31,2,-12,-8411,0,0,0,0,0,19,1272,691,-1488,0,0,0,2,0
11,-180,8.534,31,675322,31,2,-12,-8411,0,0,0,0,0,19,1272,691,-1488,0,0,0,2,0
11,-180,8.589,32,675377,31,2,-12,-8411,0,0,0,0,0,19,1272,691,-1488,0,0,0,2,0
11,-180,8.644,33,675433,31,2,-12,-8411,0,0,0,0,0,19,1272,691,-1488,0,0,0,2,0
11,-180,8.756,35,675545,31,2,-12,-8411,0,0,0,0,0,19,1272,691,-1488,0,0,0,2,0
11,-180,8.814,36,675601,31,2,-12,-8411,0,0,0,0,0,19,1272,691,-1488,0,0,0,2,0
11,-180,8.868,37,675657,31,2,-12,-8411,0,0,0,0,0,19,1272,691,-1488,0,0,0,2,0
11,-180,8.925,38,675713,31,2,-12,-8411,0,0,0,0,0,19,1272,691,-1488,0,0,0,2,0
11,-180,8.98,39,675769,31,2,-12,-8411,0,0,0,0,0,19,1272,691,-1488,0,0,0,2,0
11,-180,9.036,40,675825,31,2,-12,-8411,0,0,0,0,0,19,1272,691,-1488,0,0,0,2,0
11,-180,9.149,42,675937,31,2,-12,-8411,0,0,0,0,0,19,1272,691,-1488,0,0,0,2,0
11,-180,9.204,43,675994,31,2,-12,-8411,0,0,0,0,0,19,1272,691,-1488,0,0,0,2,0
11,-180,9.261,44,676050,31,2,-12,-8411,0,0,0,0,0,19,1272,691,-1488,0,0,0,2,0
11,-180,9.481,48,676269,31,2,-12,-8411,0,0,0,0,0,19,1272,691,-1488,0,0,0,2,0
11,-180,9.538,49,676326,31,2,-12,-8411,0,0,0,0,0,19,1272,691,-1488,0,0,0,2,0
11,-180,9.596,50,676381,31,2,-12,-8411,0,0,0,0,0,19,1272,691,-1488,0,0,0,2,0
11,-180,9.649,51,676437,31,2,-12,-8411,0,0,0,0,0,19,1272,691,-1488,0,0,0,2,0
11,-180,9.704,52,676494,31,2,-12,-8411,0,0,0,0,0,19,1272,691,-1488,0,0,0,2,0
11,-180,9.763,53,676549,31,2,-12,-8411,0,0,0,0,0,19,1272,691,-1488,0,0,0,2,0
11,-180,9.984,57,676773,31,2,-12,-8411,0,0,0,0,0,19,1272,691,-1488,0,0,0,2,0
11,-180,10.097,59,676885,31,2,-12,-8411,0,0,0,0,0,19,1272,691,-1488,0,0,0,2,0
11,-180,10.162,60,676942,31,2,-12,-8411,0,0,0,0,0,19,1272,691,-1488,0,0,0,2,0
11,-180,10.209,61,676997,31,2,-12,-8411,0,0,0,0,0,19,1272,691,-1488,0,0,0,2,0
11,-180,10.385,64,677165,31,2,-12,-8411,0,0,0,0,0,19,1272,691,-1488,0,0,0,2,0
11,-180,10.428,65,677217,31,2,-12,-8411,0,0,0,0,0,19,1272,691,-1488,0,0,0,2,0
11,-180,10.662,69,677441,31,2,-12,-8411,0,0,0,0,0,19,1272,691,-1488,0,0,0,2,0
11,-180,10.876,73,677665,31,2,-12,-8411,0,0,0,0,0,19,1272,691,-1488,0,0,0,2,0
11,-180,10.934,74,677721,31,2,-12,-8411,0,0,0,0,0,19,1272,691,-1488,0,0,0,2,0
11,-180,10.993,75,677778,31,2,-12,-8411,0,0,0,0,0,19,1272,691,-1488,0,0,0,2,0
11,-180,11.047,76,677833,31,2,-12,-8411,0,0,0,0,0,19,1272,691,-1488,0,0,0,2,0
11,-180,11.103,77,677889,31,2,-12,-8411,0,0,0,0,0,19,1272,691,-1488,0,0,0,2,0
11,-180,11.219,79,678002,31,2,-12,-8411,0,0,0,0,0,19,1272,691,-1488,0,0,0,2,0
11,-180,11.272,80,678057,31,2,-12,-8411,0,0,0,0,0,19,1272,691,-1488,0,0,0,2,0
11,-180,11.325,81,678113,31,2,-12,-8411,0,0,0,0,0,19,1272,691,-1488,0,0,0,2,0
11,-180,11.491,84,678277,31,2,-12,-8411,0,0,0,0,0,19,1272,691,-1488,0,0,0,2,0
11,-180,11.545,85,678333,31,2,-12,-8411,0,0,0,0,0,19,1272,691,-1488,0,0,0,2,0
11,-180,11.712,88,678501,31,2,-12,-8411,0,0,0,0,0,19,1272,691,-1488,0,0,0,2,0
11,-180,11.777,89,678557,31,2,-12,-8411,0,0,0,0,0,19,1272,691,-1488,0,0,0,2,0
11,-180,11.997,93,678781,31,2,-12,-8411,0,0,0,0,0,19,1272,691,-1488,0,0,0,2,0
11,-180,12.049,94,678837,31,2,-12,-8411,0,0,0,0,0,19,1272,691,-1488,0,0,0,2,0
11,-180,12.106,95,678893,31,2,-12,-8411,0,0,0,0,0,19,1272,691,-1488,0,0,0,2,0
11,-180,12.161,96,678949,31,2,-12,-8411,0,0,0,0,0,19,1272,691,-1488,0,0,0,2,0
11,-180,12.224,97,679006,31,2,-12,-8411,0,0,0,0,0,19,1272,691,-1488,0,0,0,2,0
11,-180,12.273,98,679062,31,2,-12,-8411,0,0,0,0,0,19,1272,691,-1488,0,0,0,2,0
11,-180,12.329,99,679118,31,2,-12,-8411,0,0,0,0,0,19,1272,691,-1488,0,0,0,2,0
11,-180,12.441,101,679229,31,2,-12,-8411,0,0,0,0,0,19,1272,691,-1488,0,0,0,2,0
11,-180,12.501,102,679285,31,2,-12,-8411,0,0,0,0,0,19,1272,691,-1488,0,0,0,2,0
11,-180,12.549,103,679337,31,2,-12,-8411,0,0,0,0,0,19,1272,691,-1488,0,0,0,2,0
11,-180,12.661,105,679450,31,2,-12,-8411,0,0,0,0,0,19,1272,691,-1488,0,0,0,2,0
11,-180,12.773,107,679561,31,2,-12,-8411,0,0,0,0,0,19,1272,691,-1488,0,0,0,2,0
11,-180,12.83,108,679617,31,2,-12,-8411,0,0,0,0,0,19,1272,691,-1488,0,0,0,2,0
11,-180,12.886,109,679673,31,2,-12,-8411,0,0,0,0,0,19,1272,691,-1488,0,0,0,2,0
11,-180,12.942,110,679729,31,2,-12,-8411,0,0,0,0,0,19,1272,691,-1488,0,0,0,2,0
11,-180,12.999,111,679785,31,2,-12,-8411,0,0,0,0,0,19,1272,691,-1488,0,0,0,2,0
