t,x,y,heading,speed
1788591127.335076,-14.286733854801215,-4.315977082815851,-23.02422581325635,0.0
1788591127.507493,-14.316489427217657,-4.316786122823716,-24.522563791549373,0.0
1788591127.6750982,-14.28889962347186,-4.31726203896361,-23.01838545370066,0.0
1788591127.8484778,-14.254425131390867,-4.315367591369411,-23.024958185515146,0.0
1788591128.029927,-14.273451749176182,-4.2731883160437025,-22.98352787808699,0.0
1788591128.22301,-14.271567879075638,-4.277385890745781,-23.034772461541507,0.0
1788591128.425934,-14.270121833968814,-4.315218531501378,-22.91114245593269,0.0
1788591128.68782,-14.270869902948283,-4.278830071704968,-23.029287864584205,0.0
1788591128.882439,-14.283470498525661,-4.321822579183554,-23.190923641307762,0.0
1788591129.111191,-14.29361946473198,-4.27361139667111,-24.207339784424732,0.0
1788591129.28051,-14.290376604016771,-4.298658620856007,-23.344932030871973,0.0
1788591129.475738,-14.284048474020565,-4.290215400331267,-23.129996900938835,0.0
1788591129.648515,-14.287561625944102,-4.304497686706427,-23.776503976038327,0.0
1788591129.8371022,-14.28588794417497,-4.31712274810491,-23.025328244487895,0.0
1788591130.050486,-14.270613334025118,-4.277544314712488,-22.997259360875688,0.0
1788591130.224531,-14.272767749176674,-4.276678144058113,-23.06785516983365,0.0
1788591130.341803,-14.272173236708571,-4.276769122551247,-23.025634551684846,0.0
1788591130.5174541,-14.287302118195312,-4.296015834737149,-23.301628309901673,0.0
1788591130.6933079,-14.292720348591565,-4.298201904958104,-23.405393991625033,0.0
1788591130.891306,-14.301276504130028,-4.308777814886118,-23.83785071614122,0.0
1788591131.08774,-14.253912534116761,-4.314525817034609,-22.95155086023587,0.0
1788591131.267317,-14.287377223916808,-4.296040219184811,-23.218611151212258,0.0
1788591131.5036118,-14.287303917406108,-4.315674476678418,-23.04295803048177,0.0
1788591131.676181,-14.287678441889899,-4.314493153520121,-22.85727475954053,0.0
1788591131.8582232,-14.296728434627331,-4.271881262641518,-24.130827428444263,0.0
1788591131.977843,-14.291497595278788,-4.314673664375878,-23.971784774277467,0.0
1788591132.1262531,-14.306583221336464,-4.267240283716466,-22.547917504155066,0.0
1788591132.233126,-14.3922919149036,-4.277060263935631,-7.781916322757468,0.0
1788591132.385171,-14.481155983965396,-4.242932427000052,6.346589175381183,0.0
1788591132.49504,-14.528173451388133,-4.294477966098042,39.68706875717183,0.0
1788591132.6397161,-14.409762676180792,-4.196636279367989,59.3404251807475,0.0
1788591132.7702138,-14.4382005404156,-4.160547195203359,63.73615640583981,0.0
1788591132.878703,-14.406103015163659,-4.16384147976358,65.10946501870649,0.0
1788591133.600162,-14.432551028014108,-4.1776848050448185,66.24708422162348,0.0
1788591133.660842,-14.426066719425833,-4.166956725496543,67.07290540853245,0.0
1788591133.8156989,-14.341187666030212,-4.193531767379339,67.2080253305079,0.0
1788591133.923176,-14.412527025564199,-4.167439124132533,66.85106675961109,0.0
1788591134.05354,-14.402543366731097,-4.184966623072008,66.5263601658672,0.0
1788591134.188703,-14.399571890664479,-4.182791941858873,66.48225437512275,0.0
1788591134.551312,-14.414551222301911,-4.168176712870276,66.98435911087097,0.0
1788591134.608722,-14.412378788981766,-4.1700260881257645,66.85859127212717,0.0
1788591134.725427,-14.417018190088442,-4.1944342455234365,68.37151126563822,0.0
1788591134.8399758,-14.43376223370797,-4.193902411161834,68.67189759926833,0.0
1788591134.9514859,-14.407536759420665,-4.180752891711087,66.54600696083634,0.0
1788591135.053774,-14.409962431023622,-4.170975902750802,66.83318753479526,0.0
1788591135.154621,-14.435663190266526,-4.196799774978257,68.62046694904123,0.0
1788591135.267174,-14.416761850092946,-4.196832204323641,68.30920758925834,0.0
1788591135.375809,-14.405957321808431,-4.184331466485984,66.47809354831062,0.0
1788591135.486224,-14.414542403676109,-4.168361654526205,66.89367615102663,0.0
1788591135.63714,-14.411689441534591,-4.1717713721403555,66.876111689341,0.0
1788591135.75602,-14.414557253984512,-4.166881781510142,66.92931991354729,0.0
1788591135.907635,-14.396568141061433,-4.184616879239601,66.39671176309812,0.0
1788591136.0306292,-14.395365719409048,-4.19895385107715,67.998109541659,0.0
1788591136.2214909,-14.414732261517004,-4.194480958663345,68.3851199686377,0.0
1788591136.3944871,-14.409936203207762,-4.172793667146389,66.7631405346867,0.0
1788591136.5845912,-14.42353932035447,-4.1946803154195305,65.39529350306074,0.0
1788591136.78439,-14.415507790209084,-4.17104738739013,66.94999038251777,0.0
1788591136.977717,-14.342249359205741,-4.190826104694518,67.27689762546632,0.0
1788591137.155311,-14.414501682937287,-4.167180498550282,66.957119034306,0.0
1788591137.3580139,-14.398374911845155,-4.187382040430201,66.31313520991262,0.0
1788591137.524377,-14.437386467704712,-4.174647223152856,66.3720112711639,0.0
1788591137.7476401,-14.393067026311336,-4.197611632740932,68.00500771197875,0.0
1788591138.424351,-14.44018278302322,-4.155798766665217,66.95514369796877,0.0
1788591138.627532,-14.402252136100687,-4.187933530297297,66.39101968871398,0.0
1788591138.797954,-14.43173604200856,-4.178344833611719,66.3335489477148,0.0
1788591138.970637,-14.411895363895699,-4.169649974594362,66.84657277479207,0.0
1788591139.152797,-14.435597413065793,-4.174731663820569,66.23000918351167,0.0
1788591139.32103,-14.415358070871605,-4.168278741718069,66.8952834813459,0.0
1788591139.491362,-14.41495831970687,-4.167638660465519,66.92299996632312,0.0
1788591139.662225,-14.419779967000315,-4.1631737979284225,66.91293301395882,0.0
1788591139.7948532,-14.417967832329861,-4.1956495378263705,68.39259189755614,0.0
1788591139.966104,-14.422802161652616,-4.170860710578305,66.62610138083596,0.0
1788591140.155778,-14.412702073962864,-4.167213671292537,66.90574930430091,0.0
1788591140.3265018,-14.413682547640033,-4.173086418234272,66.94420798497876,0.0
1788591140.50191,-14.41591528269462,-4.167862232110339,66.95831303925283,0.0
1788591140.691273,-14.412941511021998,-4.17322638554069,66.83344751544857,0.0
1788591140.981089,-14.395974419832756,-4.184614288882018,66.32861930560011,0.0
1788591141.155892,-14.41402945581324,-4.167489238696403,66.89533745256227,0.0
1788591142.890841,-14.405925387501686,-4.184516184003532,66.49625224371783,0.0
1788591143.012961,-14.387051989304569,-4.206365444476597,65.77367473916937,0.0
1788591143.1821702,-14.399095453094573,-4.139172854533428,65.23189164514002,0.0
1788591143.312652,-14.425954234537155,-4.138551791881207,48.68945408851954,0.0
1788591143.435233,-14.370190539132318,-4.1345405582529935,17.871358153128824,0.0
1788591143.54979,-14.361517705735967,-4.094922770819044,-1.5915222283927335,0.0
1788591143.6652281,-14.330829405747698,-4.10448363062897,-12.950707781239913,0.0
1788591143.7788842,-14.324727960324216,-4.07397157768455,-16.69249708555654,0.0
1788591143.914479,-14.319267896221074,-4.11602790551527,-22.13932934081791,0.0
1788591144.03687,-14.294666035042901,-4.088106263153014,-24.22842986163036,0.0
1788591144.156387,-14.276586036279973,-4.046662763605334,-23.796100173655304,0.0
1788591144.261843,-14.225173448545721,-4.020156401292765,-24.115770391965697,0.0
1788591144.383434,-14.243569009287336,-4.02300269568279,-24.495921605350276,0.0
1788591144.594461,-14.312708101783816,-4.125050229573389,-24.555422584775812,0.0
1788591144.808626,-14.26843708534546,-4.0873665530227115,-24.081740548229817,0.0
1788591145.135849,-14.33907001918776,-4.080740563474129,-27.432084652807987,0.0
1788591145.257635,-14.312896743084309,-4.1205891956513385,-24.74460122496788,0.0
1788591145.332632,-14.353417430731486,-4.139449280566902,-25.972099980357,0.0
1788591145.4465122,-14.300337333218208,-4.101944901713786,-24.13809049926263,0.0
1788591145.634177,-14.292189662598892,-4.075156800742846,-24.51561606936872,0.0
1788591145.861644,-14.243467103406466,-4.12918433259002,-23.633889936970206,0.0
1788591146.041753,-14.260401453436517,-4.1280624748162245,-23.575014044022822,0.0
1788591146.1664808,-14.275705378475914,-4.041257826244334,-24.447583090500444,0.0
1788591146.399195,-14.290500159566497,-4.090721985503207,-24.169491164489074,0.0
1788591146.544684,-14.234713579468727,-4.039432455001401,-23.610027357727603,0.0
1788591146.6558552,-14.24217452692411,-4.0205213677479215,-24.470233071921655,0.0
1788591146.774774,-14.27044491804815,-4.083811962977267,-23.404166925258863,0.0
1788591146.887108,-14.296829386821319,-4.1174879168499485,-24.763898273648635,0.0
1788591146.999744,-14.292529691438009,-4.0796218185118525,-24.678320758974934,0.0
1788591147.114235,-14.273386486296028,-4.079904844609629,-24.17030043662166,0.0
1788591147.24269,-14.296157959092355,-4.0489841856493065,-25.28046796043796,0.0
1788591147.388601,-14.30128151232553,-4.105852345551943,-24.22772816861101,0.0
1788591147.545541,-14.308004887400159,-4.123132791105896,-24.316270513075125,0.0
1788591147.6705549,-14.268716942177239,-4.080621500379382,-23.496904145648102,0.0
1788591147.861232,-14.248914650203323,-4.117801274519626,-23.382340692656072,0.0
1788591148.057766,-14.295129964133315,-4.1116084349945226,-24.084162186869094,0.0
1788591148.229335,-14.245813206302019,-4.108061685511708,-23.59235527731613,0.0
1788591148.4116092,-14.272925260769707,-4.078457625033207,-23.28059303700263,0.0
1788591148.59263,-14.291984044375416,-4.078517690154794,-24.62134382646576,0.0
1788591148.779171,-14.313926909911945,-4.136807987713123,-27.335553175904295,0.0
1788591149.001315,-14.269897958017923,-4.077431724489682,-23.445432455788165,0.0
1788591149.6847649,-14.230709159464691,-4.1007742646010685,-23.59045834407968,0.0
1788591149.8552582,-14.291177402557416,-4.084484463994453,-24.127082795879232,0.0
1788591150.074175,-14.294262268319713,-4.079003682263149,-24.022210869535428,0.0
1788591150.301364,-14.284953445092034,-4.10573911845182,-23.756337088133762,0.0
1788591150.4900491,-14.269661466766216,-4.083278612175655,-24.51235119646435,0.0
1788591150.66305,-14.2727685479072,-4.076107113180231,-23.397815043611104,0.0
1788591150.836063,-14.225461198818797,-4.1124203520034115,-23.734057647687933,0.0
1788591151.04946,-14.22952557771291,-4.126741284447358,-23.66399756306791,0.0
1788591151.1553862,-14.244912364116015,-4.129566738980681,-23.65919330672409,0.0
1788591151.324016,-14.251183558306668,-4.071826622955537,-23.452002510879908,0.0
1788591151.491575,-14.360225837206112,-4.1021224288009215,-27.217837591867124,0.0
1788591151.683389,-14.240223811464531,-4.03330424767477,-24.138823765811566,0.0
1788591151.852575,-14.312546259373303,-4.080156081482529,-25.20650531329599,0.0
1788591152.027782,-14.227037905736353,-4.129976061734001,-23.71755102749438,0.0
1788591152.201807,-14.282752564903383,-4.098659352747487,-23.646735133327297,0.0
1788591152.376862,-14.278700170673057,-4.077126264161133,-25.298574933983133,0.0
1788591152.5693839,-14.226200733410467,-4.105741980496416,-23.461875810077572,0.0
1788591152.703329,-14.331256123022676,-4.08317055731923,-27.44753246652283,0.0
1788591152.850143,-14.347153137446506,-4.04445923160206,-22.95260186876655,0.0
1788591152.971547,-14.532429922800025,-4.033580885454818,-3.5871793426711918,0.0
1788591153.0893598,-14.583415321880986,-4.022286983933103,19.133841077776538,0.0
1788591153.212699,-14.608722517811653,-4.071619289810039,43.79698839791445,0.0
1788591153.324312,-14.505329296171517,-3.964456524507195,63.401262740221426,0.0
1788591153.433254,-14.490751246556524,-3.90180045333375,74.64306209587414,0.0
1788591153.532493,-14.478693433152905,-3.865966300198304,76.24385260115963,0.0
1788591153.6791658,-14.509634597524716,-3.8818107041994327,82.40742829433441,0.0
1788591153.789097,-14.50608491171489,-3.8722036210180066,84.061771428069,0.0
1788591153.897465,-14.461850974201935,-3.8788075528495205,83.03031388300042,0.0
1788591154.006281,-14.506049519066414,-3.894387516640552,84.01905837195596,0.0
1788591154.13183,-14.513337041292852,-3.904008740666121,82.47005765943959,0.0
1788591154.2381382,-14.461850974201935,-3.8788075528495205,83.03031388300042,0.0
1788591154.344033,-14.461850974201935,-3.8788075528495205,83.03031388300042,0.0
1788591154.446302,-14.489499783909753,-3.894236285969179,84.01905837195596,0.0
1788591154.5609689,-14.461850974201935,-3.8788075528495205,83.03031388300042,0.0
1788591154.6645691,-14.50501986873986,-3.8745465906168755,83.93533795114342,0.0
1788591154.805207,-14.461850974201935,-3.8788075528495205,83.03031388300042,0.0
1788591154.919457,-14.461850974201935,-3.8788075528495205,83.03031388300042,0.0
1788591155.090509,-14.478400720263906,-3.8789588674147946,83.03031388300042,0.0
1788591155.26034,-14.478400720263906,-3.8789588674147946,83.03031388300042,0.0
1788591155.406492,-14.515697386137223,-3.9041046185908668,82.56045756885715,0.0
1788591155.516237,-14.461850974201935,-3.8788075528495205,83.03031388300042,0.0
1788591155.6401,-14.511202752933862,-3.87233003839454,84.11909523365375,0.0
1788591155.796491,-14.461850974201935,-3.8788075528495205,83.03031388300042,0.0
1788591156.039992,-14.479781077468576,-3.876621086839439,84.2169886327224,0.0
1788591156.255549,-14.489499783909753,-3.894236285969179,84.01905837195596,0.0
1788591156.539927,-14.491677300859346,-3.890897144672884,83.33068036756674,0.0
1788591156.574466,-14.510891069693152,-3.902059402530708,82.49758624543443,0.0
1788591156.7380438,-14.512164448459494,-3.89841473541544,82.45173974958232,0.0
1788591156.842039,-14.461850974201935,-3.8788075528495205,83.03031388300042,0.0
1788591156.964341,-14.478400720263906,-3.8789588674147946,83.03031388300042,0.0
1788591157.076436,-14.489499783909753,-3.894236285969179,84.01905837195596,0.0
1788591157.2126122,-14.497143298058635,-3.8734381521695234,84.17371372647966,0.0
1788591157.358712,-14.508314861740544,-3.867709600742311,84.08830450129415,0.0
1788591157.530807,-14.461850974201935,-3.8788075528495205,83.03031388300042,0.0
1788591157.6300201,-14.513304071599803,-3.8991308879346946,82.44570029587112,0.0
1788591157.784566,-14.478400720263906,-3.8789588674147946,83.03031388300042,0.0
1788591157.9279628,-14.515689084898401,-3.9006171916920693,82.55565834049452,0.0
1788591158.056793,-14.478400720263906,-3.8789588674147946,83.03031388300042,0.0
1788591158.169376,-14.519354314261355,-3.8869047872205305,83.2518853412933,0.0
1788591158.307541,-14.461850974201935,-3.8788075528495205,83.03031388300042,0.0
1788591158.4453251,-14.509818906825458,-3.8998270635967947,82.42556577591688,0.0
1788591158.599906,-14.471791056578656,-3.8941726631085283,83.91971160531625,0.0
1788591158.725051,-14.51158441628405,-3.872971655808891,84.09050705796642,0.0
1788591158.8964071,-14.461850974201935,-3.8788075528495205,83.03031388300042,0.0
1788591159.077874,-14.503248592301528,-3.87192604711296,83.86716102427897,0.0
1788591159.2507,-14.525539239224246,-3.868741632290341,83.96845531239569,0.0
1788591159.418127,-14.51551977989919,-3.901213561487358,82.4975183956713,0.0
1788591159.595864,-14.461850974201935,-3.8788075528495205,83.03031388300042,0.0
1788591159.7711601,-14.520655000544494,-3.8835049552904604,83.23230363673872,0.0
1788591160.012755,-14.461850974201935,-3.8788075528495205,83.03031388300042,0.0
1788591160.703327,-14.495365628389473,-3.915661864349996,82.56549923569759,0.0
1788591160.886772,-14.489499783909753,-3.894236285969179,84.01905837195596,0.0
1788591161.078866,-14.489499783909753,-3.894236285969179,84.01905837195596,0.0
1788591161.248569,-14.501657898040925,-3.8677622328728183,83.84120165974417,0.0
1788591161.698275,-14.513865241556308,-3.9017504652884076,82.44776559497149,0.0
1788591161.9703438,-14.512713349431264,-3.9039604591207326,82.4447654365132,0.0
1788591162.135309,-14.512881989984276,-3.9014292899494953,82.49602711938167,0.0
1788591162.322284,-14.50489045683142,-3.870336120871337,83.92544643645272,0.0
1788591162.4958642,-14.50980922042494,-3.900587425723004,82.4080016068263,0.0
1788591162.6845598,-14.478400720263906,-3.8789588674147946,83.03031388300042,0.0
1788591162.884678,-14.509566697780231,-3.87064343025746,84.0108695422241,0.0
1788591163.04944,-14.443942069264516,-3.8787827978770406,82.91363740907207,0.0
1788591163.213181,-14.479287505570728,-3.8734878865117723,84.16231184341075,0.0
1788591163.398365,-14.437852928913466,-3.8822790573976382,84.08178948164851,0.0
1788591163.5692852,-14.456243962490353,-3.8867915325045805,84.08353274206422,0.0
1788591163.743911,-14.507418020702866,-3.871068055544665,84.04318618212255,0.0
1788591163.9190779,-14.507464907027511,-3.8740145346946178,83.99071376516565,0.0
1788591164.028028,-14.514072891973559,-3.9007353898111,82.48598306500833,0.0
1788591164.136394,-14.461850974201935,-3.8788075528495205,83.03031388300042,0.0
1788591164.246054,-14.472452966969392,-3.797991170477289,77.15038801645932,0.0
1788591164.349618,-14.483072847791759,-3.803564182635187,59.5374538031669,0.0
1788591164.484493,-14.505652154256087,-3.857964142011753,44.11830905949273,0.0
1788591164.588991,-14.514377616133434,-3.7463029917820574,10.368148445989391,0.0
1788591164.709847,-14.468618605683687,-3.781610821211924,-3.35762023728293,0.0
1788591164.8993971,-14.431323686471872,-3.798747899035562,-14.298619610281492,0.0
1788591165.0394828,-14.380520984969433,-3.840502699256307,-20.555672387053733,0.0
1788591165.152823,-14.378273374051854,-3.801864001616574,-25.26204119848913,0.0
1788591165.282885,-14.251339601433461,-3.80346678766347,-24.824072919120567,0.0
1788591165.3928452,-14.252832056655285,-3.8312666894786314,-24.37838689286616,0.0
1788591165.519104,-14.24581115559961,-3.833971960893503,-25.195865985435972,0.0
1788591165.634804,-14.270569719003653,-3.8243695830221274,-25.313560942501056,0.0
1788591165.7508101,-14.264941316935971,-3.832963623837074,-24.557917829779,0.0
1788591165.878786,-14.244309944783305,-3.873232069316705,-24.397987956575577,0.0
1788591165.986634,-14.346963553736375,-3.878930048054203,-26.38954422245658,0.0
1788591166.117978,-14.26369971492878,-3.8510907968473473,-25.524004317703827,0.0
1788591166.245106,-14.265089857190103,-3.832648526324448,-24.554278637816566,0.0
1788591166.35628,-14.304843974156812,-3.8589849052738936,-24.669808489751603,0.0
1788591166.474081,-14.251640744695154,-3.829028767445087,-24.369277262504795,0.0
1788591166.5983338,-14.2438693746777,-3.872376473971135,-24.47293576207346,0.0
1788591166.705317,-14.269118335376772,-3.8324973073433255,-24.504840037858457,0.0
1788591166.837783,-14.265262482624195,-3.832303380394506,-24.575506664159548,0.0
1788591166.950786,-14.25523539308273,-3.8291363228879094,-24.35688799748044,0.0
1788591167.111534,-14.263791708502987,-3.8309274182986734,-24.552778022613523,0.0
1788591167.585883,-14.252625978815574,-3.8307591711605875,-24.430177668171495,0.0
1788591167.5906749,-14.24227938854504,-3.84458206809262,-24.85111372738905,0.0
1788591167.730746,-14.266195041464671,-3.8324071765331165,-24.52490562421488,0.0
1788591167.855157,-14.316892040232378,-3.873654785622313,-25.305296403046384,0.0
1788591167.949842,-14.260888822275108,-3.8726595946866693,-24.384463614484105,0.0
1788591168.074327,-14.332734677937989,-3.8864714565708276,-25.876521671408,0.0
1788591168.223428,-14.253290649887392,-3.83256904618453,-24.390353383004452,0.0
1788591168.2759628,-14.309677940796819,-3.8820818983599676,-26.40672537877245,0.0
1788591168.4072561,-14.322503954278352,-3.877128343658606,-26.192678850180528,0.0
1788591168.569747,-14.313162173376439,-3.8602427154225456,-26.30809427029925,0.0
1788591168.8982441,-14.298959211782943,-3.8724787044123725,-25.38583972731871,0.0
1788591168.94809,-14.312793076051223,-3.876023837680256,-25.95284110431146,0.0
1788591169.0641348,-14.246408400490507,-3.8732354638027644,-24.4864200524039,0.0
1788591169.17705,-14.2541043854972,-3.8312058724398375,-24.443492800057868,0.0
1788591169.2917492,-14.252005108690586,-3.830854198880335,-24.36878148157004,0.0
1788591169.41887,-14.284343773498444,-3.834114460265842,-24.53471346780981,0.0
1788591169.57679,-14.354045831810328,-3.8854286236022744,-26.526080775273982,0.0
1788591169.750695,-14.306748394995314,-3.873388216217613,-25.741326065274137,0.0
1788591169.9094038,-14.318782046557743,-3.8683058659590768,-25.225456155825867,0.0
1788591170.076282,-14.245567563239284,-3.8713346384651586,-24.380750582908377,0.0
1788591170.2493372,-14.320692923319347,-3.8749355632562237,-25.409256342675008,0.0
1788591170.495935,-14.255387928582461,-3.831730559698551,-24.440266179924237,0.0
1788591170.7252128,-14.318206396544257,-3.8777872467531,-26.009481826681252,0.0
1788591170.930934,-14.32543871338801,-3.8743609616064796,-25.517984974721628,0.0
1788591171.132632,-14.265138548818635,-3.83337019759676,-24.583427122209457,0.0
1788591171.311286,-14.241148103057911,-3.860551385703825,-24.877621661310428,0.0
1788591171.4936042,-14.242089075964403,-3.8457922937147315,-24.885818842469632,0.0
1788591172.3998568,-14.245176695725535,-3.872707575774413,-24.429911819986586,0.0
1788591172.625443,-14.249532506137342,-3.828954976532008,-24.34550732456796,0.0
1788591172.798553,-14.306145850336708,-3.8418979669494977,-25.302691034847044,0.0
1788591172.977757,-14.275555691934267,-3.883243491747226,-24.27523941968991,0.0
1788591173.1467369,-14.251672459661817,-3.79149580104662,-25.197833549749106,0.0
1788591173.316976,-14.243755316533845,-3.87216447471573,-24.40942019845454,0.0
1788591173.497525,-14.24154138377091,-3.8886692555314952,-24.38557525420802,0.0
1788591173.687948,-14.299638430536184,-3.872856680196819,-25.387961247332186,0.0
1788591173.7990541,-14.246654812737376,-3.8742940076124066,-24.444535609412497,0.0
1788591174.004915,-14.281522890859149,-3.83447339228881,-24.559230901024193,0.0
1788591174.178356,-14.240885740494843,-3.8709063786368483,-24.264790434718805,0.0
1788591174.369735,-14.265165656806582,-3.832435912563743,-24.524446011151298,0.0
1788591174.538116,-14.25094182723163,-3.803616274889687,-24.82950457543859,0.0
1788591174.7661388,-14.284014903222902,-3.8402882504634936,-24.52970068970643,0.0
1788591174.9919171,-14.262807346326664,-3.871920666786584,-24.332091931323333,0.0
1788591175.1606479,-14.303236569384175,-3.8770673651631666,-25.538733366954887,0.0
1788591176.920397,-14.28433154023032,-3.8739237327766776,-25.357281642693295,0.0
1788591177.050772,-14.318138647613209,-3.876508110699639,-26.148240541437076,0.0
1788591177.178703,-14.279548872358696,-3.8842130318843826,-24.40899192899309,0.0
1788591177.3006668,-14.263731354635555,-3.8312100824080515,-24.541874572406527,0.0
1788591177.470183,-14.336092706123102,-3.8794026692508226,-25.981885764051555,0.0
1788591177.582844,-14.328682906711629,-3.8780952110668316,-25.655383005949545,0.0
1788591177.7317529,-14.318791409126796,-3.8716868750045137,-25.271843403919036,0.0
1788591177.9053571,-14.269800072496976,-3.823273349679342,-25.274691779129114,0.0
1788591178.047389,-14.255071428713595,-3.828906025948682,-24.352574322801445,0.0
1788591178.162272,-14.264546934848607,-3.8336097796857747,-24.597784896987747,0.0
1788591178.274879,-14.245613386426253,-3.871833127029435,-24.4938497119264,0.0
1788591178.413451,-14.305707198071406,-3.865051399806542,-26.05100069340142,0.0
1788591178.5674748,-14.285193650150479,-3.8324870089753125,-24.612735939242185,0.0
1788591178.679059,-14.269038159571517,-3.824381478728031,-25.337969271453403,0.0
1788591178.824739,-14.251270222640713,-3.805054200807374,-24.872414104020265,0.0
1788591178.966906,-14.284698478751963,-3.832673530456413,-24.538993669769297,0.0
1788591179.0757189,-14.266249817288491,-3.8327189343932417,-24.56976169184179,0.0
1788591179.185132,-14.299492747015378,-3.874920812795552,-25.32857888901782,0.0
1788591179.298647,-14.253332824228034,-3.828652670129134,-24.291886261898156,0.0
1788591179.412529,-14.257852499219034,-3.869302688296645,-24.17502241561968,0.0
1788591179.5466611,-14.260213388788324,-3.8722917650807096,-24.43270934123069,0.0
1788591179.6969368,-14.250238884904759,-3.831283224848568,-24.35681503523375,0.0
1788591179.817442,-14.264642763048387,-3.83206034134068,-24.541245933543138,0.0
1788591179.968483,-14.263868349499118,-3.833481732102398,-24.636321430711092,0.0
1788591180.092135,-14.266545215501068,-3.8326448112587745,-24.56776089163742,0.0
1788591180.215161,-14.41644937297919,-3.823357325729998,-19.763724794763448,0.0
1788591180.3249228,-14.5206816110868,-3.770565272506085,-4.267821273521832,0.0
1788591180.438619,-14.569507745972622,-3.75567807529079,19.70249907054037,0.0
1788591180.5592031,-14.59384595031543,-3.7873621737474505,48.39503888756937,0.0
1788591180.675479,-14.493208284444158,-3.7969899341616555,67.35151266533501,0.0
1788591180.782397,-14.534195912750244,-3.74328701892534,100.29622584528965,0.0
1788591180.91968,-14.535375268248949,-3.7000596589529327,124.33324840262514,0.0
1788591181.059936,-14.454386020163238,-3.7754676320197924,129.5606794741832,0.0
1788591181.169319,-14.463214690753716,-3.7925190141377074,146.10981219683174,0.0
1788591181.270923,-14.41194441182297,-3.7791677627437883,150.8296873328079,0.0
1788591181.37761,-14.420300255618262,-3.7709803367187464,153.7267474151143,0.0
1788591181.522748,-14.41853435316407,-3.730188677947088,155.56297926812465,0.0
1788591181.628951,-14.454412290856135,-3.756339722652571,157.5676090973535,0.0
1788591181.739228,-14.467999337608136,-3.759514594938244,157.39022547822526,0.0
1788591181.8433778,-14.457781243630407,-3.756530926606445,157.52915844251345,0.0
1788591181.95214,-14.45592478758797,-3.7568055633390594,157.26353507300882,0.0
1788591182.07777,-14.453121452463328,-3.753307672675798,157.3945596155881,0.0
1788591182.209993,-14.441597656884577,-3.736325092490669,157.02193104588707,0.0
1788591182.359083,-14.457238605593657,-3.7554715658418454,157.4000002924467,0.0
1788591182.476345,-14.435904473178063,-3.7797738965764203,155.86721228752373,0.0
1788591182.581147,-14.47099164846049,-3.759227123444202,157.32374611529855,0.0
1788591182.694999,-14.456650848843367,-3.7362026976305494,157.16089650776405,0.0
1788591182.818579,-14.453973177879586,-3.75357655455206,157.2884729005517,0.0
1788591182.9236338,-14.45619837973597,-3.7577784499892926,157.4779437584778,0.0
1788591183.093046,-14.425686430015855,-3.762811425646381,159.11869999405855,0.0
1788591183.202247,-14.45790364695889,-3.755391784096327,157.57262735607515,0.0
1788591183.313355,-14.471650653079138,-3.7587703919158746,157.3544549560729,0.0
1788591183.4390159,-14.456681662023257,-3.7577588705335874,157.30821212357756,0.0
1788591183.544671,-14.449041146030435,-3.7943414071557076,156.17509324335856,0.0
1788591183.675998,-14.46960833802751,-3.789093234084405,157.05374814682125,0.0
1788591183.798648,-14.465912544690614,-3.7706673795621186,156.98539931098753,0.0
1788591183.9078882,-14.42494260823002,-3.76133531063992,159.19810366725903,0.0
1788591184.038389,-14.425023089898513,-3.76152742880234,159.30145504799253,0.0
1788591184.143162,-14.472769498066093,-3.757857985855172,157.3163184533019,0.0
1788591184.2486908,-14.455949778708293,-3.752249977653051,157.40427467956602,0.0
1788591184.3570051,-14.434062091676019,-3.779549068600341,155.84314197106562,0.0
1788591184.491897,-14.452941324186746,-3.7881051275620243,156.71162890169825,0.0
1788591184.6715221,-14.43310658666615,-3.7849174136704438,155.98990036173223,0.0
1788591184.795489,-14.403196119666557,-3.7866592116848423,157.572186449255,0.0
1788591184.9104772,-14.456666265175818,-3.7621531023230297,157.325697675043,0.0
1788591185.044248,-14.455500051208533,-3.770870736335191,157.01047936362886,0.0
1788591185.179762,-14.432009272730781,-3.7643376839775637,156.1724870485067,0.0
1788591185.280403,-14.46841766046459,-3.7596690648500153,157.41242664587537,0.0
1788591185.393386,-14.467574632455994,-3.8011562180788436,156.9326110558045,0.0
1788591185.503933,-14.437513149059374,-3.759038488928852,156.20480562088812,0.0
1788591185.616779,-14.454977469828007,-3.756397675444467,157.3084995042139,0.0
1788591185.7421381,-14.442558228429242,-3.7253007283519772,156.55457905633966,0.0
1788591185.90099,-14.432843341585505,-3.779955429135751,155.895165401903,0.0
1788591186.0495691,-14.434062685159452,-3.7768478374711894,155.8195470121484,0.0
1788591186.238493,-14.469864225906562,-3.759103435771944,157.35014375854416,0.0
1788591186.40622,-14.457945159297072,-3.7590684154511913,157.3283331138341,0.0
1788591186.605097,-14.45830769564521,-3.7558564384347806,157.40820558377595,0.0
1788591186.795938,-14.471190922780526,-3.759482623603768,157.32555116952506,0.0
1788591186.979244,-14.456259439751244,-3.7537887544895288,157.39417220682407,0.0
1788591187.198286,-14.469493853410928,-3.7564314005275437,157.3064754314746,0.0
1788591187.3749492,-14.452465503841998,-3.7561714669261916,157.29678653762892,0.0
1788591187.49173,-14.445506579452985,-3.7390910347134176,157.17163044926542,0.0
1788591187.660106,-14.459866757343256,-3.7541428866814153,157.29829998871344,0.0
1788591187.827863,-14.454867238096286,-3.7887602825339153,156.58338431360198,0.0
1788591187.994847,-14.460852560514939,-3.7540932866804093,157.3963596692741,0.0
1788591188.1571982,-14.467862624891378,-3.800567302012426,156.90807233217834,0.0
1788591188.329532,-14.470094643438918,-3.7579177274160096,157.36562308687223,0.0
1788591188.513082,-14.457209583350313,-3.7605867795578387,157.35731796748723,0.0
1788591188.6824949,-14.458775948289924,-3.760032467001282,157.36080124030582,0.0
1788591188.851732,-14.451339777475944,-3.7515334722317157,157.31180966093586,0.0
1788591188.9577441,-14.372694418919021,-3.7119731485837706,154.46013540183094,0.0
1788591189.0748549,-14.494274199787888,-3.7595161290434476,156.60757421908193,0.0
1788591189.2102,-14.568251479975679,-3.667954472232346,146.69962575935824,0.0
1788591189.4105642,-14.708413980491782,-3.665123152811308,119.87567445765183,0.0
1788591189.552656,-14.725652537086322,-3.6462534798579282,84.01190134966015,0.0
1788591189.6763468,-14.722019869030754,-3.7374102152196746,52.38130537489971,0.0
1788591189.8170712,-14.81682297079569,-3.7595436915944003,25.420223309950757,0.0
1788591189.954755,-14.633001533158138,-3.693860916952146,-0.1636616040470642,0.0
1788591190.067598,-14.6262904036105,-3.6687266524633553,-7.127009135751877,0.0
1788591190.1774988,-14.617399326185751,-3.6886991368792303,-16.756269473845748,0.0
1788591190.3193758,-14.606251113186492,-3.6919811162779967,-22.844945260588418,0.0
1788591190.430558,-14.603243125407197,-3.7125507685781147,-26.23139126871075,0.0
1788591190.53744,-14.514109722209193,-3.6965821460187245,-24.706827279962795,0.0
1788591190.647955,-14.56774547386858,-3.7150181457118574,-25.16296247588761,0.0
1788591190.7543511,-14.517290120662084,-3.6965195790903853,-24.650818267063613,0.0
1788591190.865262,-14.517442186245402,-3.6954762468425946,-24.647997244000976,0.0
1788591190.973537,-14.540217078487741,-3.700067074851772,-24.810043858991577,0.0
1788591191.085387,-14.500265148014535,-3.726590819532488,-24.643286502866772,0.0
1788591191.198588,-14.514825338359358,-3.6966051025534683,-24.662134588479773,0.0
1788591191.3385909,-14.605029487854003,-3.7350266806880557,-26.292793183288524,0.0
1788591191.450498,-14.513061938549894,-3.7295412917281983,-24.711299888063337,0.0
1788591191.559019,-14.536887392710778,-3.725927800368502,-24.703819051348972,0.0
1788591191.682921,-14.542198926471443,-3.692645992381903,-24.70599996291986,0.0
1788591191.810257,-14.58417207947289,-3.726844202174994,-25.75087010078937,0.0
1788591192.001911,-14.551800038849597,-3.710942003162274,-24.78661522338328,0.0
1788591192.134002,-14.510879055028786,-3.6962244239618864,-24.685275448705227,0.0
1788591192.546574,-14.598377097564866,-3.7407536625421836,-26.096310441621142,0.0
1788591192.5507772,-14.513756263562064,-3.728851493128682,-24.751305849068558,0.0
1788591192.684447,-14.558486006764632,-3.71207441860839,-24.86292504331604,0.0
1788591192.846077,-14.553299262870265,-3.7087603657662096,-24.835733714408462,0.0
1788591193.144896,-14.510753559209922,-3.700387571324403,-24.648625823474703,0.0
1788591193.2109492,-14.526746955250397,-3.6664644287766093,-24.709893729485486,0.0
1788591193.36749,-14.4998860625,-3.7249064431447154,-24.64067056934016,0.0
1788591193.506614,-14.545875122759508,-3.7326665678618483,-24.635233971052628,0.0
1788591193.756593,-14.498175057517813,-3.728788074403025,-24.71109917623474,0.0
1788591193.8356621,-14.512154890634918,-3.695142047780091,-24.668188817117397,0.0
1788591193.977567,-14.513954630243166,-3.6947850912227063,-24.706432310029783,0.0
1788591194.101363,-14.510303623799686,-3.658013433967362,-25.309187817164315,0.0
1788591194.311739,-14.543263930758902,-3.695248202655333,-24.745916492840905,0.0
1788591194.4465861,-14.511379773802883,-3.7295106072502837,-24.695921769107485,0.0
1788591194.558866,-14.49806378417699,-3.7128281946556605,-24.741100511700807,0.0
1788591194.697407,-14.509215943308616,-3.696131396963052,-24.58762837588924,0.0
1788591194.809522,-14.567415824843978,-3.72382319951576,-25.188784057798017,0.0
1788591194.9279501,-14.557467773879235,-3.704420222441472,-24.84187187719627,0.0
1788591195.1203032,-14.568644463345438,-3.6861561275262944,-25.785562470217542,0.0
1788591195.2878022,-14.54436757107467,-3.700371187959063,-24.622510667104564,0.0
1788591195.496788,-14.59688655027856,-3.7378437203060555,-26.162965595694857,0.0
1788591195.6860428,-14.521502762198505,-3.696445280779972,-24.71654678390678,0.0
1788591195.862101,-14.514722497592837,-3.6956341854954653,-24.65632089548768,0.0
1788591196.043906,-14.576941295868057,-3.6085589645564697,-20.270559677314367,0.0
1788591196.218796,-14.496199894202654,-3.7300481054078336,-24.753153510174002,0.0
1788591196.8931682,-14.498015272688122,-3.711734220869669,-24.69678222342293,0.0
1788591197.073615,-14.51697129263218,-3.700027320793415,-24.75941797514929,0.0
1788591197.249869,-14.560166181739673,-3.715295503588041,-24.94495742717868,0.0
1788591197.4493718,-14.513050932489636,-3.6978308608179145,-24.74367026975179,0.0
1788591197.645609,-14.586968590347963,-3.732134007929503,-25.74339654946752,0.0
1788591197.819333,-14.546571728283627,-3.695427858410449,-25.42716556191735,0.0
1788591198.0094368,-14.513401325636954,-3.677980887165001,-24.6839508241452,0.0
1788591198.182399,-14.514769276498008,-3.727447081198617,-24.643463696286005,0.0
1788591198.290317,-14.54454872940599,-3.700110056577257,-24.836747930021176,0.0
1788591198.452248,-14.581670236857734,-3.733603882655231,-25.630169555110513,0.0
1788591198.628277,-14.51103754009895,-3.6814144214239755,-24.730583986550528,0.0
1788591198.857111,-14.536504560297805,-3.702833657257357,-24.92222757199488,0.0
1788591199.066062,-14.548623999122652,-3.6971488204321106,-24.796719665301765,0.0
1788591199.237823,-14.497185809343264,-3.7303804113328662,-24.722634544955582,0.0
1788591199.415058,-14.55044568311228,-3.7021425405456156,-24.785480744768762,0.0
1788591199.614475,-14.54767932991815,-3.7006652255478563,-24.711191022521035,0.0
1788591199.792119,-14.511699422914406,-3.6884453120137723,-25.28188602974376,0.0
1788591199.906325,-14.513837056027873,-3.7274080683217674,-24.625160930505643,0.0
1788591200.040149,-14.421705614673574,-3.7508493616025187,-28.77476602853895,0.0
1788591200.1551812,-14.326439774478194,-3.8191784386030543,-36.69141158028532,0.0
1788591200.28439,-14.257155628003872,-3.891939253428835,-55.92908212956702,0.0
1788591200.398428,-14.23141735963044,-3.8731137648726306,-87.38644260684202,0.0
1788591200.518226,-14.204519381611917,-3.9069318238073873,-99.69568808788466,0.0
1788591200.63616,-14.217561118431565,-3.9610568438448315,-108.31806467508846,0.0
1788591200.755282,-14.196769450193216,-4.01009260868991,-113.23498857996856,0.0
1788591200.88781,-14.207416468396312,-4.005202490065686,-115.00318580627413,0.0
1788591201.0863192,-14.186258193977823,-4.002357672695932,-116.16714043921331,0.0
1788591201.214942,-14.21695118713351,-3.987163060442336,-115.2040337271535,0.0
1788591201.396308,-14.188083006769112,-4.004607597114291,-116.26160123767795,0.0
1788591201.627024,-14.191343744293613,-4.007331359686318,-115.0376459920547,0.0
1788591201.8163142,-14.187702802635712,-4.002760442466772,-116.20794247004312,0.0
1788591201.928405,-14.191250975897255,-3.9880904515624502,-116.65581951237903,0.0
1788591202.130042,-14.195721505098524,-4.006447165164478,-115.77431817151552,0.0
1788591202.293225,-14.217253740153208,-3.989043495688117,-115.2576323168148,0.0
1788591202.548971,-14.25565744706915,-3.994822933449271,-115.22419303960277,0.0
1788591202.691328,-14.154248583121563,-4.002343482844725,-116.20476899648139,0.0
1788591202.979179,-14.211305868107617,-3.985719496592374,-115.15769625724818,0.0
1788591203.0103061,-14.187256485154746,-4.002896591385068,-116.2308137917995,0.0
1788591203.124794,-14.185371487511974,-4.003123142579496,-116.16859133604544,0.0
1788591203.2518709,-14.174149742150583,-4.015883724236984,-115.0949531945227,0.0
1788591203.3795211,-14.242566591673405,-3.9527956792134034,-117.39507677748645,0.0
1788591203.5086951,-14.208330590556233,-3.9881137472114103,-114.98291093533396,0.0
1788591203.6782348,-14.211119927249575,-3.9888150243717035,-115.17176321966991,0.0
1788591203.8253288,-14.207308680698628,-4.030987058579276,-115.12710619943289,0.0
1788591203.967824,-14.187157097765159,-4.0041266240316515,-116.21686370810482,0.0
1788591204.0754628,-14.215105114966367,-3.9876446096157987,-115.10742597688056,0.0
1788591204.202941,-14.188882194872038,-4.003117983261523,-116.24609481037675,0.0
1788591204.35458,-14.193004602876302,-3.987745693651424,-116.65912503807942,0.0
1788591204.480932,-14.189522135446314,-4.004805498229305,-116.28522436267633,0.0
1788591204.648034,-14.213553708503545,-3.9874198782055363,-115.12404177106487,0.0
1788591204.822689,-14.188286308191156,-4.0026260717547615,-116.19697425738525,0.0
1788591204.994014,-14.213019223557923,-3.991259277944273,-115.18108503659096,0.0
1788591205.162623,-14.196135452350974,-4.010392392180385,-115.22672496007561,0.0
1788591205.329052,-14.188492361852038,-4.005430021009515,-116.26846282086791,0.0
1788591205.525387,-14.193391960015823,-4.0095977095288085,-115.15994761207958,0.0
1788591205.718621,-14.175500583729384,-4.004222407144839,-116.40790977327197,0.0
1788591206.374742,-14.185625192854342,-4.002859644895843,-116.17665946545094,0.0
1788591206.545172,-14.188964897396994,-4.006221964380098,-116.33820354189322,0.0
1788591206.7087202,-14.185582224871402,-4.005959864613854,-115.91495941322506,0.0
1788591206.8776581,-14.187309070731963,-4.003148731253719,-116.2472386513225,0.0
1788591207.04143,-14.189733447028777,-4.003846555882061,-116.27591827038322,0.0
1788591207.2107468,-14.210098571843396,-4.033077690346285,-115.2324564967862,0.0
1788591207.3783062,-14.202055313027005,-4.007300649918227,-115.95444432808983,0.0
1788591207.551999,-14.189364431553875,-4.005143160081542,-116.32149020623672,0.0
1788591207.660095,-14.213337436466883,-3.9903948461242162,-115.21916520934963,0.0
1788591207.853007,-14.215436131954505,-3.990749034884679,-115.39378413989766,0.0
1788591208.019722,-14.215930150921407,-3.9935141456313987,-115.05707906436635,0.0
1788591208.19502,-14.209623959748294,-4.03211611538818,-115.13033960985194,0.0
1788591208.467232,-14.191768527964546,-3.988932743672811,-116.38666701440866,0.0
1788591208.674637,-14.208387694657025,-4.032322370460749,-115.15034474340143,0.0
1788591208.8446589,-14.18770301178597,-4.00399546456417,-116.25077305619453,0.0
1788591209.0456,-14.195158249228973,-4.009879248280481,-115.20680310234513,0.0
1788591213.784014,-14.187893750107158,-4.001790047987853,-116.24088906461463,0.0
1788591213.9086359,-14.207868093542412,-4.02913257840296,-115.18880041472869,0.0
1788591214.036257,-14.182639145948496,-4.012365439042284,-115.3789412311487,0.0
1788591214.151927,-14.20880563999179,-3.9883692457391406,-116.67179408608041,0.0
1788591214.2626402,-14.193125307894778,-4.011327285222735,-115.15259450919149,0.0
1788591214.373597,-14.19157093021116,-4.0099166059028875,-115.1125427936214,0.0
1788591214.482115,-14.187091500453368,-4.004562065200982,-116.22328836065026,0.0
1788591214.588655,-14.216535864486657,-3.9947331744045167,-115.130629034908,0.0
1788591214.700096,-14.19268652733412,-4.009233775643855,-115.12832132375934,0.0
1788591214.808716,-14.188353809964667,-3.988748495302116,-116.27924303193436,0.0
1788591214.916171,-14.19020537669397,-4.006059206460882,-116.33505881164785,0.0
1788591215.027724,-14.175630336735638,-4.0141984450182635,-115.12884009229344,0.0
1788591215.182367,-14.21362056559957,-4.0135398062011065,-115.204830550211,0.0
1788591215.3424058,-14.17714887347789,-4.031195911028699,-115.13817058513382,0.0
1788591215.471751,-14.192968163591832,-4.018809348398726,-116.30261492096594,0.0
1788591215.580887,-14.186895837133344,-3.9771504957709114,-116.18191608916072,0.0
1788591215.697442,-14.170204242966765,-4.004848475278678,-116.21274751685473,0.0
1788591215.8137841,-14.206565018613427,-4.031259591215893,-115.12666286967863,0.0
1788591216.00519,-14.216101166620172,-3.9884578286104015,-115.19771685829573,0.0
1788591216.129107,-14.209039367693988,-4.033210297687234,-115.16339078625288,0.0
1788591216.277344,-14.214566362802605,-3.9918233112726145,-115.1523572396789,0.0
1788591216.390454,-14.186045368305196,-4.0036101516019995,-116.23010511566247,0.0
1788591216.513667,-14.214321678230242,-3.9882411188447175,-115.1821792797574,0.0
1788591216.6394382,-14.212611803033775,-3.990491804774948,-115.17155913928241,0.0
1788591216.754111,-14.188568366131621,-4.003248484582937,-116.25195237766343,0.0
1788591216.8603032,-14.195928090844184,-4.010897173604545,-115.28168166548272,0.0
1788591216.97011,-14.209184384143581,-3.985714709679804,-116.59801130629933,0.0
1788591217.084022,-14.183139699639469,-3.9994856374510315,-114.78325109825346,0.0
1788591217.1927612,-14.128251159265494,-3.7650546512579726,-105.90265905446171,0.0
1788591217.3086028,-14.116055406869133,-3.6364294491871707,-94.28925941407272,0.0
1788591217.4379468,-14.212120371967693,-3.4297546204701237,-61.01610954987113,0.0
1788591217.573795,-14.201936448080636,-3.3862853287281953,-43.34773382912451,0.0
1788591217.7428212,-14.276035631621232,-3.3943707485471575,-32.883753437220264,0.0
1788591217.883774,-14.262258877953665,-3.3581990426329558,-29.49410274324339,0.0
1788591217.995486,-14.287458854965358,-3.358195752443039,-26.118585229790824,0.0
1788591218.139559,-14.275190139084211,-3.3182576184368338,-26.901157419415796,0.0
1788591218.556593,-14.303839114072645,-3.365157452571691,-25.99860774868469,0.0
1788591218.6022909,-14.302216133422643,-3.4093417652388927,-26.884220986313807,0.0
1788591218.724642,-14.270485700497193,-3.3731976413022204,-26.044057465180117,0.0
1788591218.844501,-14.284610318305155,-3.3588900677504134,-26.17587986184745,0.0
1788591219.074003,-14.298632695528237,-3.4087930897928413,-26.02477710719242,0.0
1788591219.2665532,-14.256150742963673,-3.4108362258389247,-25.984102135264777,0.0
1788591219.281491,-14.303979198450108,-3.3607058441903837,-25.85847097177887,0.0
1788591219.3982651,-14.271208710210926,-3.3587415379839705,-26.13920820861705,0.0
1788591219.5098088,-14.29568106426585,-3.3724177980472576,-26.192983310924916,0.0
1788591219.6313999,-14.296103773566507,-3.360079898816946,-26.13610365574209,0.0
1788591219.849362,-14.294449827671935,-3.3675473553619115,-26.03310820623173,0.0
1788591220.149303,-14.305152595073144,-3.3678541625027183,-26.034514497709182,0.0
1788591220.443674,-14.31650027985655,-3.39412771819736,-26.466642278764965,0.0
1788591220.481056,-14.300567568182773,-3.3646158411375495,-25.94765397878959,0.0
1788591220.591934,-14.270131116251108,-3.359703281841696,-26.173729047983812,0.0
1788591220.7175522,-14.270024327076428,-3.3580289832411037,-26.125065726542942,0.0
1788591220.8333418,-14.29984419328574,-3.3669336862980015,-26.054294115853054,0.0
1788591220.9466,-14.329977217668915,-3.397495711133127,-27.242379290379233,0.0
1788591221.0641222,-14.294991740247827,-3.3644714576961015,-26.054597503513662,0.0
1788591221.178078,-14.294264994395379,-3.3742111067130285,-26.158965884381075,0.0
1788591221.299495,-14.300356013102514,-3.4097997019125224,-26.00525121672908,0.0
1788591221.431614,-14.325307724268878,-3.4043673070367033,-27.682459038730826,0.0
1788591221.5499442,-14.347055083627547,-3.4144702192961516,-27.442308905475414,0.0
1788591221.669703,-14.338966606531159,-3.3847233692869167,-28.044400815684554,0.0
1788591221.851635,-14.258332685812496,-3.3358110799313327,-26.82186317611945,0.0
1788591222.023953,-14.272097018208884,-3.358845529030901,-26.109694764471158,0.0
1788591222.251177,-14.2959980391765,-3.3604484627668465,-26.08986487215344,0.0
1788591222.4377222,-14.301704850727035,-3.3619246970294787,-25.890622119374285,0.0
1788591222.6452632,-14.297234158272257,-3.408245706818199,-26.01146977380796,0.0
1788591222.823661,-14.327388898432572,-3.397307494782308,-26.9048685203376,0.0
1788591222.9959,-14.30035293714623,-3.3295678128602573,-26.71136876014495,0.0
1788591223.685678,-14.27095635431754,-3.356548052410838,-26.06715859909329,0.0
1788591223.865503,-14.343437640052443,-3.412616057908106,-27.520606937410093,0.0
1788591224.0428889,-14.29722521546619,-3.4093031305339303,-26.136173854343582,0.0
1788591224.214957,-14.339554884635252,-3.4111100441871574,-27.464908271005413,0.0
1788591224.3896692,-14.26186414317863,-3.3667663346416634,-25.838345167511534,0.0
1788591224.5606458,-14.256361885597139,-3.4100012541623634,-25.899692822906275,0.0
1788591224.7361548,-14.300190710772053,-3.4038869269798764,-25.894978201392263,0.0
1788591224.959489,-14.303520674761803,-3.3675664454351386,-26.076520662386145,0.0
1788591225.0978,-14.297901304157302,-3.405776826970682,-25.876905891741302,0.0
1788591225.281284,-14.294976885433172,-3.36059606646291,-26.186960948904442,0.0
1788591225.453218,-14.303889184819088,-3.3933033095801552,-26.263077662742205,0.0
1788591225.61843,-14.30120182897179,-3.3451406149093743,-28.14948496338286,0.0
1788591225.799027,-14.36104287322773,-3.4047643137607575,-27.969541526835343,0.0
1788591225.959323,-14.295931715556371,-3.368861300267453,-26.71309386703959,0.0
1788591226.1301749,-14.25907488526756,-3.333858124444122,-26.78292325295064,0.0
1788591226.341716,-14.267941141286594,-3.357455448104876,-26.179818003642254,0.0
1788591228.072491,-14.361228391654146,-3.4093833322645515,-28.069431746725968,0.0
1788591228.184631,-14.303011037873292,-3.3698604689947302,-26.12027235816052,0.0
1788591228.3041668,-14.20871701197022,-3.4056122851604713,-27.063122645782613,0.0
1788591228.4489112,-14.151158924701685,-3.545255202711189,-38.59369111912761,0.0
1788591228.5671291,-14.006898091627967,-3.5556250239918534,-63.815349436277586,0.0
1788591228.68578,-13.980434669042918,-3.619658975352225,-92.55957919030732,0.0
1788591228.788738,-13.933711925308652,-3.6469977327198606,-111.54488401852097,0.0
1788591228.9196548,-13.880843255089705,-3.6700785828327653,-121.34333713054195,0.0
1788591229.025951,-13.899616929398288,-3.6741791897813085,-124.03388164901457,0.0
1788591229.1364758,-13.905956010016876,-3.695012003661467,-128.54261467876267,0.0
1788591229.268366,-13.883207118373196,-3.7018166784570377,-131.41929097433842,0.0
1788591229.3954701,-13.874091745444357,-3.7224460845180074,-132.18867541743646,0.0
1788591229.527967,-13.859083890001738,-3.707956843407669,-132.31330865645907,0.0
1788591229.668086,-13.873844600723604,-3.6969267967188637,-131.82571181040487,0.0
1788591229.807328,-13.861052170163845,-3.7240549698032805,-132.31019312621942,0.0
1788591229.915164,-13.842641372571636,-3.70607877657039,-132.3181833527555,0.0
1788591230.038267,-13.872464997999568,-3.707310997644611,-132.21040868846046,0.0
1788591230.145952,-13.842728097496403,-3.6920600991395034,-132.2190587001121,0.0
1788591230.272887,-13.874707894270324,-3.7065671686970436,-132.30066069144232,0.0
1788591230.37982,-13.844160296798243,-3.707226895723932,-132.3944705528553,0.0
1788591230.5065348,-13.85819122818839,-3.7227701920323595,-132.2023952269882,0.0
1788591230.614027,-13.87776437125143,-3.723175330494354,-132.28621714911003,0.0
1788591230.72761,-13.80355432074002,-3.7177488407455277,-132.33286423854452,0.0
1788591230.845153,-13.792543113802093,-3.7232035658567257,-132.15176986015518,0.0
1788591231.031672,-13.877932507403179,-3.723217847830249,-132.29687901007344,0.0
1788591231.145953,-13.874546924999143,-3.7219556094844157,-132.20043399890187,0.0
1788591231.259022,-13.87395321221876,-3.697158940756713,-131.80788376775854,0.0
1788591231.418872,-13.796147152116946,-3.7239150308270297,-132.22220706736698,0.0
1788591231.5517702,-13.84398289335361,-3.7081170198884204,-132.3744823674274,0.0
1788591231.682925,-13.844391015693153,-3.707298398825582,-132.36953922303468,0.0
1788591231.80713,-13.858995981088349,-3.7256551667122375,-132.2408766140079,0.0
1788591232.002309,-13.888775461254593,-3.740896025010273,-132.18448606363347,0.0
1788591232.153121,-13.858257776684242,-3.7238336663797584,-132.20550676917685,0.0
1788591232.281761,-13.877625430510077,-3.7078023313381294,-132.3772083948569,0.0
1788591232.406805,-13.86072532226197,-3.723098560801536,-132.3067646166071,0.0
1788591232.534268,-13.862787482055403,-3.723706197524373,-132.38337287746634,0.0
1788591232.6467571,-13.843757638504284,-3.7069552075946595,-132.339680018506,0.0
1788591232.759278,-13.863682071848608,-3.725934361864871,-132.38871595260167,0.0
1788591232.869048,-13.859727832571842,-3.725257019579563,-132.2657176149628,0.0
1788591233.00863,-13.903822280354003,-3.7054435427989043,-132.36927438392433,0.0
1788591233.1271732,-13.861401937769292,-3.7238602359179254,-132.31634864489695,0.0
1788591233.244072,-13.871466254548674,-3.6951779093616066,-131.70913431627093,0.0
1788591233.3520389,-13.845102637512404,-3.706970601447782,-132.42219011433974,0.0
1788591233.472706,-13.879014127000683,-3.724816380450743,-132.32551501775026,0.0
1788591233.593258,-13.861564019607505,-3.7249045276050126,-132.336482343996,0.0
1788591233.702294,-13.869104018501375,-3.695172841381213,-131.66923855113703,0.0
1788591233.838731,-13.829010228017998,-3.74074275425582,-132.33367459122655,0.0
1788591233.950454,-13.843028896792287,-3.7064576785890564,-132.36781680221054,0.0
1788591234.059956,-13.863326871600446,-3.724321649741756,-132.3608055372419,0.0
1788591234.2137659,-13.903600871557193,-3.752140668309066,-131.2312263657018,0.0
1788591234.3810902,-13.856395537085207,-3.722301613620715,-132.17335852099734,0.0
1788591234.599128,-13.83947823424194,-3.7059722197448486,-132.1774562759843,0.0
1788591234.721065,-13.843545168719034,-3.7074006425061703,-132.33616620854048,0.0
1788591234.848562,-13.870716777957194,-3.7255054668060055,-131.78289659801487,0.0
1788591234.956751,-13.861487183453992,-3.7232147700962734,-132.28592355580633,0.0
1788591235.072567,-13.874666354245266,-3.7248001388707244,-132.20409475833998,0.0
1788591235.193105,-13.862171413061597,-3.7230204981874357,-132.31665617329372,0.0
1788591235.3018959,-13.878837738519318,-3.756598892047356,-132.3451652864572,0.0
1788591235.40899,-13.80408003857049,-3.719344028101313,-132.33188309258924,0.0
1788591235.5215712,-13.858459456125155,-3.721914557408466,-132.26502180879862,0.0
1788591235.642397,-13.87084913406809,-3.7293784951283424,-131.79216536760646,0.0
1788591235.7475379,-13.848885401812835,-3.6477206365167656,-130.7898343163207,0.0
1788591235.883411,-13.857706938887963,-3.7224193162192303,-132.18137276356663,0.0
1788591236.0022779,-13.841256922657875,-3.7064843001516437,-132.33228550639933,0.0
1788591236.115732,-13.844488573761804,-3.707362583129509,-132.34228967703763,0.0
1788591236.227264,-13.858528805565859,-3.6934737217611144,-132.34744962970103,0.0
1788591236.339061,-13.877401253798016,-3.7239588696316903,-132.27619685188722,0.0
1788591236.446517,-13.843311444901369,-3.6932818202029125,-132.3609797577816,0.0
1788591236.558387,-13.842379187556514,-3.7063889870204836,-132.33834307204268,0.0
1788591236.705654,-13.795926334793979,-3.716863967913289,-132.0755284815965,0.0
1788591236.8405068,-13.842004758906965,-3.7078652870716557,-132.30170771337401,0.0
1788591236.9668741,-13.843997345267814,-3.7074494833956972,-132.32833283491487,0.0
1788591237.097315,-13.84446155330953,-3.707315888551589,-132.35861039756873,0.0
1788591237.247073,-13.895708971017607,-3.7086463964477554,-132.4292669075561,0.0
1788591237.4255512,-13.877803761299864,-3.723700857622634,-132.30919452631667,0.0
1788591237.602108,-13.85651801068088,-3.722976581868826,-132.1398318197763,0.0
1788591237.775176,-13.84291461844195,-3.7067935119945643,-132.3132692921062,0.0
1788591237.956799,-13.859953506586912,-3.724252851848971,-132.2098624874988,0.0
1788591238.128505,-13.875388904459554,-3.7232660925478522,-132.21727912822308,0.0
1788591238.299594,-13.844682653772342,-3.708232127852396,-132.36557183845173,0.0
1788591238.4843378,-13.860412799691707,-3.7239806086456704,-132.3108074330621,0.0
1788591238.5915232,-13.890617683485107,-3.708438351867371,-132.26560236150016,0.0
1788591238.7756422,-13.873965641143933,-3.725121394315015,-132.2733746636244,0.0
1788591238.962191,-13.877772761470325,-3.7216175957183215,-132.3386443041856,0.0
1788591239.1458611,-13.86292598051749,-3.6922578393670946,-132.4293741967182,0.0
1788591239.363467,-13.84096981837332,-3.707125649156977,-132.23414782702685,0.0
1788591239.5396109,-13.82495841669423,-3.740714476058268,-132.20905251571827,0.0
1788591239.718831,-13.845677863947122,-3.710138595401479,-132.3726452598254,0.0
1788591239.9284322,-13.906412668056642,-3.7530033828906153,-131.35025305920624,0.0
1788591240.138816,-13.865340476665306,-3.7226428496198944,-132.38867996863473,0.0
1788591240.288906,-13.854191672574279,-3.7227145696464,-132.0593351232268,0.0
1788591240.398037,-13.749099190817272,-3.571051384691534,-128.9376093991192,0.0
1788591240.518281,-13.75776958033346,-3.4517888117557693,-119.82449002946936,0.0
1788591240.642281,-13.721021191436199,-3.2696502291340526,-91.84477145850332,0.0
1788591240.786283,-13.747159377700337,-3.1036504700856167,-73.83291909649753,0.0
1788591240.900566,-13.835915193771331,-3.06495254740637,-46.42447428172261,0.0
1788591241.007553,-13.824784114320886,-3.0695424295814973,-37.34400811414392,0.0
1788591241.136738,-13.868305400752108,-3.0878710746734983,-32.408859287064104,0.0
1788591241.249908,-13.89742711886142,-3.0571825800300236,-27.175739395865605,0.0
1788591241.379315,-13.80345854938348,-3.0531667459081198,-25.616265000348704,0.0
1788591241.5536299,-13.860233736794967,-3.0425392092510326,-26.325617399583024,0.0
1788591241.697877,-13.8819301515936,-3.0000752823575145,-27.44596273010157,0.0
1788591241.8298829,-13.86054281477355,-3.0427757646746088,-26.367894891926028,0.0
1788591241.964683,-13.880719914368111,-3.0377987773290367,-26.29435355295189,0.0
1788591242.098687,-13.863698871616526,-3.0375188539111835,-26.263009222952405,0.0
1788591242.20257,-13.85917795696211,-3.04031181998274,-26.153412891811854,0.0
1788591242.323572,-13.84212993398216,-3.0262595137089097,-26.69781003004269,0.0
1788591242.4321191,-13.816969889102014,-3.0401993262917673,-25.800550318439406,0.0
1788591242.537594,-13.847027361953138,-3.0304997565102707,-25.905113460258946,0.0
1788591242.653932,-13.871476942635294,-3.0438108272184135,-26.52664877526405,0.0
1788591242.783048,-13.940662198520572,-3.0604180983082423,-27.90781476993476,0.0
1788591242.916477,-13.849248954853504,-3.022733818889802,-25.557178859545814,0.0
1788591243.022814,-13.85738265153976,-3.0389590757767455,-26.082863772861884,0.0
1788591243.248808,-13.89938255911308,-3.0399007743365027,-26.118293940494567,0.0
1788591243.505297,-13.844335949195933,-3.0291688449528307,-25.834245719178256,0.0
1788591243.528867,-13.8790570714343,-3.000921746362866,-27.582408879262914,0.0
1788591243.6414652,-13.846422791868175,-3.028849051217967,-25.832033240181545,0.0
1788591243.746441,-13.862130648799239,-3.035683722008999,-26.06034743674178,0.0
1788591243.841538,-13.867441366484604,-3.036170961580344,-26.228409619531504,0.0
1788591243.98608,-13.894892779498747,-3.034391465743018,-26.097885664927674,0.0
1788591244.176994,-13.849167986204868,-3.077368461645709,-25.92212569248545,0.0
1788591244.309031,-13.86657929261623,-3.0403401798715213,-26.315602199431453,0.0
1788591244.4097369,-13.855810939875258,-3.0067263349355704,-26.525432277763457,0.0
1788591244.5293472,-13.861613133108268,-3.0411383671325485,-26.434663091204783,0.0
1788591244.633163,-13.862349323944677,-3.0420528788830583,-26.287427422007227,0.0
1788591244.7407901,-13.863963040142107,-3.0420792418994402,-26.372265412641894,0.0
1788591244.9044359,-13.862739232724778,-3.044430253227817,-26.368593513329557,0.0
1788591245.014276,-13.863853641608564,-3.0434677980111298,-26.332787762225166,0.0
1788591245.125769,-13.878381145571586,-3.0098528520500425,-27.86195980086444,0.0
1788591245.241319,-13.863264367234827,-3.0415333327429477,-26.277930126832842,0.0
1788591245.351688,-13.864835147893382,-3.0737776959273813,-25.979514443664954,0.0
1788591245.459001,-13.891631695280982,-3.0060350748883087,-26.619689264355742,0.0
1788591245.62903,-13.864915974280342,-3.038384900434675,-26.20742246729239,0.0
1788591245.8008692,-13.902698197556893,-3.034442651797136,-26.238570592496302,0.0
1788591246.026446,-13.86356498143341,-3.037034726503874,-26.28928202121554,0.0
1788591246.2202802,-13.857331221070785,-3.0095032661693915,-26.62100063821032,0.0
1788591246.420984,-13.87674594965267,-3.0309921793257275,-25.87466129220769,0.0
1788591246.651592,-13.86095624984982,-3.0414125457072743,-26.32409942783275,0.0
1788591246.825631,-13.864160682388793,-3.0374833504616583,-26.17356078273241,0.0
1788591247.511227,-13.87819302007488,-3.006653535553622,-27.695687631239252,0.0
1788591247.682555,-13.878194451270245,-3.0249995470644606,-26.339028800295353,0.0
1788591247.853007,-13.87858405655448,-3.0065439473729105,-27.775395778267892,0.0
1788591248.0196228,-13.861592252618172,-3.036767817726786,-26.37526175587817,0.0
1788591248.202123,-13.884557053272928,-3.01543289539706,-25.495478352730174,0.0
1788591248.3719602,-13.908725889164263,-3.0063752818309903,-27.697854697311925,0.0
1788591248.5410078,-13.885986403653456,-3.0701750938376167,-25.549029694403885,0.0
1788591248.7267892,-13.905271349584899,-3.053152378857659,-27.511242819057145,0.0
1788591248.883095,-13.855702074405192,-3.006290642191715,-26.51694116314181,0.0
1788591249.10579,-13.849090450694453,-3.0280801819572942,-25.82953899039478,0.0
1788591249.300647,-13.912907165718757,-3.046982965321776,-27.56090826325635,0.0
1788591249.471483,-13.864877237896957,-3.041528051594325,-26.407718827483308,0.0
1788591249.642733,-13.934721108766768,-3.0583471938249236,-27.53711203327481,0.0
1788591249.8684318,-13.886313525637291,-3.0171137541979838,-25.54555667450626,0.0
1788591250.074103,-13.881085035718195,-3.0080489869807208,-27.777815462311082,0.0
1788591250.2886772,-13.863436753002244,-3.0423123196706783,-26.45361646581324,0.0
1788591251.9943502,-13.867835410749908,-3.040523299967851,-26.39613161130339,0.0
1788591252.110102,-13.881312084948137,-3.0372983040561494,-26.204272204844074,0.0
1788591252.222671,-13.843121571841351,-3.0541794721810334,-26.95990214311186,0.0
1788591252.33151,-13.806728415453344,-3.1645910112691493,-36.31367279281008,0.0
1788591252.442556,-13.720978754187795,-3.191969005623061,-55.33153142667648,0.0
1788591252.553304,-13.65231835778799,-3.1907596638453537,-71.59261549357008,0.0
1788591252.664076,-13.649925390023165,-3.2494032070127528,-100.35209033448422,0.0
1788591252.777083,-13.60878662492301,-3.2933914907845203,-131.8802365014418,0.0
1788591252.883338,-13.462847848609975,-3.347311364682667,-158.6374019520693,0.0
1788591252.996014,-13.48427632441267,-3.2684661680165568,-169.78189794142935,0.0
1788591253.134938,-13.418789314877634,-3.2648261572142263,172.92267784436757,0.0
1788591253.255327,-13.459376091083824,-3.2457192689757504,163.99480903099447,0.0
1788591253.36864,-13.443728620437048,-3.2851668603232973,157.98372898263096,0.0
1788591253.506939,-13.477889812075826,-3.2833118762657163,155.5122065285965,0.0
1788591253.670209,-13.475204049916904,-3.2246085167071095,153.62721762344188,0.0
1788591253.834948,-13.469461138729132,-3.266784211448567,152.60284638437213,0.0
1788591253.9486148,-13.433496441332295,-3.227467182298959,152.2454145052859,0.0
1788591254.118559,-13.445723602098878,-3.242421395940976,151.65416801225416,0.0
1788591254.199876,-13.470720633626703,-3.2596026164744214,153.24602533031134,0.0
1788591254.344624,-13.472949108275259,-3.2559813108415017,153.03603552766998,0.0
1788591254.4714398,-13.482896986611415,-3.2834764003106214,152.78048089327376,0.0
1788591254.87605,-13.471772712788239,-3.2225070489568908,153.4822691893487,0.0
1788591254.978656,-13.469031348427103,-3.2616690314964054,153.1229457701242,0.0
1788591255.0092711,-13.475933722318286,-3.221166457029856,153.47071713527396,0.0
1788591255.12902,-13.474777691719213,-3.2637726533305584,152.613189894433,0.0
1788591255.5982878,-13.473140190858162,-3.2227705910458666,153.6312191087336,0.0
1788591255.6374002,-13.477696858621771,-3.2222198566392146,153.54249178960902,0.0
1788591255.7166772,-13.427760407088215,-3.2286276750084095,152.16730726801018,0.0
1788591255.8351989,-13.433216619745492,-3.2269723154780388,152.34357053029635,0.0
1788591255.986719,-13.484074487512014,-3.2686005810327163,153.12871711615662,0.0
1788591256.145427,-13.470650729304053,-3.25179577637745,153.03473087089276,0.0
1788591256.307818,-13.474556419885726,-3.257360934175603,153.1594792409512,0.0
1788591256.419928,-13.471786788981959,-3.2185418491801157,153.28982330473423,0.0
1788591256.548287,-13.464973510058282,-3.251415298420083,152.4076411162041,0.0
1788591256.6607208,-13.47259695882542,-3.220196940659452,153.41800674969875,0.0
1788591256.778136,-13.497239532665326,-3.2543854700258974,153.09068183416912,0.0
1788591256.9684951,-13.47451358017784,-3.219913178867949,153.50205017977942,0.0
1788591257.143011,-13.440811821643749,-3.216841400817082,152.48844565077775,0.0
1788591257.347923,-13.484753735864283,-3.2689170693286203,153.17957403599132,0.0
1788591257.5160909,-13.452163756543534,-3.2204592869879827,152.64533367588092,0.0
1788591257.6797628,-13.470509763837738,-3.2187211190357448,153.3372552774009,0.0
1788591257.8443441,-13.474653636909736,-3.219486910961065,153.41017830773592,0.0
1788591258.022364,-13.459125522962118,-3.23024024625233,152.91320849912506,0.0
1788591258.882109,-13.473427756244753,-3.2576839835660505,153.17795255433606,0.0
1788591259.084666,-13.478436905446962,-3.216473965433367,153.38336960390882,0.0
1788591259.293674,-13.476988445960284,-3.220106105717104,153.55146749665317,0.0
1788591259.491303,-13.47408684173659,-3.251457896309216,153.04515763594873,0.0
1788591259.666833,-13.429261467451596,-3.220597965489488,152.00350236378188,0.0
1788591259.853749,-13.4282208852441,-3.216173590502865,151.76320497704228,0.0
1788591260.022229,-13.471559156614305,-3.2233367890416997,153.49376524147397,0.0
1788591260.19508,-13.471790374424579,-3.2598484573893383,153.16456562860913,0.0
1788591260.301467,-13.466811533554878,-3.263701737680565,153.16418521294457,0.0
1788591260.474862,-13.45359456557078,-3.232245645215272,152.89834434717716,0.0
1788591260.649167,-13.427032279400986,-3.219154105510159,151.98198722957528,0.0
1788591260.859585,-13.474668245443107,-3.219616840949852,153.44160691722874,0.0
1788591261.469606,-13.412314042146969,-3.2149861534992867,151.45486765534253,0.0
1788591261.654794,-13.50044370777056,-3.28045735930634,152.6462095960684,0.0
1788591261.8676748,-13.470959543699232,-3.2527930301254906,153.08693013014067,0.0
1788591262.048706,-13.47237339620525,-3.2582219321484693,153.1678270650185,0.0
1788591262.219732,-13.468062890920995,-3.25706217857107,153.13016958619562,0.0
1788591262.36814,-13.428610672468107,-3.225464097346219,151.30012732558362,0.0
1788591262.4704242,-13.407192418433212,-3.2410946060037142,151.7543878823675,0.0
1788591262.5835772,-13.307126863334041,-3.301686528407481,162.41139286282623,0.0
1788591262.718418,-13.203518196889457,-3.3471406314898577,-171.1818645173201,0.0
1788591262.830741,-13.17516119219086,-3.3336063837918433,-153.85374403316712,0.0
1788591262.963634,-13.108955326760698,-3.227262212522696,-116.92863468961605,0.0
1788591263.0758789,-13.105350720196316,-3.1411801608908787,-93.69348934402592,0.0
1788591263.187725,-13.150610763300579,-3.079047170514461,-69.20680522910398,0.0
1788591263.32479,-13.181931594722155,-3.136064631099183,-54.86233033803397,0.0
1788591263.468576,-13.243658459073412,-3.1359186253992117,-44.68751927676132,0.0
1788591263.6202052,-13.274947906277363,-3.09362236764594,-32.320217733401364,0.0
1788591263.7403982,-13.235302420080798,-3.1194249098460207,-27.663564013635977,0.0
1788591263.850174,-13.343808621831418,-3.075520255441786,-26.38724046311603,0.0
1788591263.994763,-13.356405208007288,-3.0846921871884057,-28.000963394717274,0.0
1788591264.166974,-13.360391289242605,-3.0795786871282025,-27.988546813846256,0.0
1788591264.3118,-13.378776592939005,-3.076044170042919,-29.064266526428526,0.0
1788591264.421536,-13.331246354005202,-3.029235006616732,-27.603878297380987,0.0
1788591264.541145,-13.337531141051777,-3.0669506021187853,-27.054260548169793,0.0
1788591264.6623302,-13.329069126651316,-3.0218023391771154,-27.45097797979966,0.0
1788591264.7709599,-13.360892241808187,-3.083191333819546,-27.98319768676069,0.0
1788591264.886228,-13.353666442390368,-3.078825458544062,-27.692230968559812,0.0
1788591265.323261,-13.35541009083762,-3.0777263174464364,-27.724215186125036,0.0
1788591265.358337,-13.314957457644267,-3.0673136722508336,-27.517890953693836,0.0
1788591265.47748,-13.35731480533476,-3.0308358474268706,-26.38724046311603,0.0
1788591265.633964,-13.36254035006702,-3.0764108276609736,-27.876791335425878,0.0
1788591266.0418408,-13.348295566351137,-3.0845488513976362,-27.52640562772362,0.0
1788591266.0920079,-13.360475365102317,-3.0804919888697206,-27.801118243128002,0.0
1788591266.214196,-13.360855399044057,-3.0829732132199603,-27.922094107134654,0.0
1788591266.3423822,-13.323530773379762,-3.024063971747318,-27.50971105178249,0.0
1788591266.4603782,-13.344808930714041,-3.0401072281492505,-28.403213084552362,0.0
1788591266.649426,-13.326770600020298,-3.0231755520666628,-27.38450104250947,0.0
1788591266.743409,-13.334794274417067,-3.0657738883998147,-27.16058460313687,0.0
1788591266.859493,-13.327352029526278,-3.0308775579337817,-27.58269794569489,0.0
1788591266.984083,-13.380441051247413,-3.09124957098803,-28.814455456354693,0.0
1788591267.093028,-13.293905501431658,-3.036196108915699,-26.46140662011655,0.0
1788591267.202383,-13.264743259079133,-3.0883453481377856,-26.85135801053056,0.0
1788591267.316467,-13.328559644638363,-3.0308783017636394,-27.628943031134526,0.0
1788591267.439418,-13.362827336124926,-3.082466199891046,-27.886866856240943,0.0
1788591267.5670578,-13.329772846908188,-3.029646989808658,-27.565122133610743,0.0
1788591267.69287,-13.360088487168213,-3.0805798207630497,-27.970035720084297,0.0
1788591267.8061938,-13.289503904958694,-3.023204493996876,-27.147751577433155,0.0
1788591267.912944,-13.347322581335929,-3.0727508750737487,-28.59015656854052,0.0
1788591268.054573,-13.324559654833909,-3.025582802647997,-27.48720317415453,0.0
1788591268.228092,-13.324110250794602,-3.064452694579667,-27.740726247918815,0.0
1788591268.403498,-13.306207100672205,-3.0352645137302177,-26.50761077228185,0.0
1788591268.575522,-13.335851992718252,-3.066237126452082,-27.05473330515207,0.0
1788591268.769084,-13.328957778256198,-3.0692761605961874,-27.971171185434628,0.0
1788591268.9722629,-13.336894376206082,-3.0734875567668936,-27.16180709751461,0.0
1788591269.187374,-13.326920632729832,-3.030423408870331,-27.636660414396914,0.0
1788591269.381301,-13.282694427498429,-3.023106775111316,-27.65658161966121,0.0
1788591270.074977,-13.360753979700815,-3.0847545272721946,-28.0153381817793,0.0
1788591270.244073,-13.331166057953697,-3.069583840992506,-28.09621450016772,0.0
1788591270.413147,-13.325918906887098,-3.032226370313877,-27.684854427503666,0.0
1788591270.593338,-13.357129495186852,-3.0846015184564752,-27.999185248522878,0.0
1788591270.763763,-13.281129733183196,-3.028477857136285,-27.38555389246983,0.0
1788591270.929315,-13.32748263580814,-3.0313674180972137,-27.648279670362058,0.0
1788591271.110386,-13.326551976655217,-3.029331453074772,-27.535796157889337,0.0
1788591271.296557,-13.360289438517013,-3.0794924780336683,-27.987221815843327,0.0
1788591271.4299252,-13.319835012577142,-3.059810380218142,-27.570621584168805,0.0
1788591271.610875,-13.361858287684306,-3.077469252316914,-27.75605934808351,0.0
1788591271.815356,-13.356807317927807,-3.0813201642732375,-27.87245448492962,0.0
1788591272.0209332,-13.345048780146909,-3.032522931568359,-28.27995496189496,0.0
1788591272.214875,-13.323123162590647,-3.0654551355365363,-26.815959952976783,0.0
1788591272.384841,-13.301328134594259,-3.0362831916245563,-26.53617465442602,0.0
1788591272.564464,-13.31567399184404,-3.065542803707394,-27.502977146012256,0.0
1788591272.7424371,-13.378569589175632,-3.082341986949319,-28.79342078578901,0.0
1788591277.5152571,-13.351353919815399,-3.0128343810640565,-25.989099776207183,0.0
1788591277.6287732,-13.365583169034519,-3.04368354950345,-29.14412314179421,0.0
1788591277.77386,-13.668015572577923,-2.9277539410845907,-22.679006386638946,0.0
1788591277.954614,-13.716338856858748,-2.875725961561768,2.1673083057382314,0.0
1788591278.0666938,-13.79528644432663,-2.875586540535901,26.62281273051272,0.0
1788591278.2247522,-13.678430284376022,-2.8448401411450255,51.08215738962576,0.0
1788591278.364743,-13.652005852877272,-2.7842425468215595,57.71064543199492,0.0
1788591278.4980779,-13.65187117507547,-2.8067748903069427,63.636711540516615,0.0
1788591278.635842,-13.685774171123578,-2.8059637994520963,66.74437694649453,0.0
1788591278.741893,-13.698083628409185,-2.782176815950205,63.9750556623041,0.0
1788591278.854815,-13.663917536292718,-2.8095961959656996,66.37876964556625,0.0
1788591278.959051,-13.668367820070959,-2.763520505465073,64.84600160012894,0.0
1788591279.0820212,-13.675269276448622,-2.7727622144198896,66.45294822111987,0.0
1788591279.1961532,-13.719796606444962,-2.8122008186751803,65.82931153984629,0.0
1788591279.325332,-13.689383344743533,-2.778948592799134,65.09575224199605,0.0
1788591279.437093,-13.66761566253792,-2.807749289364449,66.58701687810958,0.0
1788591279.542559,-13.65003896160549,-2.7894309889701834,64.67094703396305,0.0
1788591279.7100449,-13.69670930669341,-2.811040408252093,65.46761040185132,0.0
1788591279.7900732,-13.699177486660176,-2.8125669512443254,65.46761040185132,0.0
1788591279.922997,-13.667268594632201,-2.7609059069436572,64.84575507324917,0.0
1788591280.163446,-13.677155917592724,-2.813527308301505,65.09575224199605,0.0
1788591280.308404,-13.648506705646872,-2.764052237326151,64.63905944400429,0.0
1788591280.446442,-13.695454434350372,-2.784124744702204,63.890051073971534,0.0
1788591280.568479,-13.698124850972702,-2.813226974421031,65.46761040185132,0.0
1788591280.5761971,-13.623442789165612,-2.8318714969054213,63.10095005983581,0.0
1788591280.7072299,-13.69773725971799,-2.7800099239582723,63.953814066618946,0.0
1788591280.866336,-13.653971749164361,-2.7772658849958,65.0473682032567,0.0
1788591280.9959319,-13.720047260368094,-2.811160367485447,65.82931153984629,0.0
1788591281.118439,-13.655053080133733,-2.784463517776787,64.80446964992964,0.0
1788591281.298095,-13.69099381974461,-2.782026877467594,63.88703164924212,0.0
1788591281.485503,-13.6993182785372,-2.7827465305636387,64.04310255554543,0.0
1788591281.5329752,-13.64525074645887,-2.802886042302524,66.24695456482257,0.0
1788591281.648269,-13.69658347124433,-2.781198276892006,63.99048666811706,0.0
1788591281.859497,-13.648264732006297,-2.7861501651539835,64.74146794813618,0.0
1788591282.014972,-13.644010369731694,-2.791992024613584,64.56811960023089,0.0
1788591282.063024,-13.721219398069923,-2.809081945488473,65.82931153984629,0.0
1788591282.168669,-13.665334127658596,-2.7548257772375724,64.95403216960369,0.0
1788591282.28899,-13.720558872840678,-2.8107766880389735,65.82931153984629,0.0
1788591282.426402,-13.697683929069512,-2.779683499954329,63.955579826186835,0.0
1788591282.539892,-13.689836023378035,-2.7978247363061586,66.89751323936125,0.0
1788591282.645975,-13.69706171985124,-2.7797013917727957,63.844648477087105,0.0
1788591282.7607522,-13.650654610612987,-2.7816057865171038,64.80614618882646,0.0
1788591282.8692129,-13.684075452814682,-2.8083570523457153,66.7311742124713,0.0
1788591282.973832,-13.645397989937019,-2.7859401157702215,64.6900734104243,0.0
1788591283.103575,-13.683747443907736,-2.8054378784783784,66.63356321403182,0.0
1788591283.2633972,-13.692864530273948,-2.7776297216058916,63.87134803516105,0.0
1788591283.432825,-13.697558615660451,-2.780647209664097,63.88934174399347,0.0
1788591283.605035,-13.675610533032044,-2.737068668543772,65.02202818811438,0.0
1788591283.7662,-13.646728968543185,-2.7861062269940304,64.64482936826096,0.0
1788591283.9257941,-13.646167714224875,-2.7906759484912493,64.50810304326512,0.0
1788591284.119518,-13.653607643597656,-2.78272835179995,64.8111940612641,0.0
1788591284.29262,-13.69781647076256,-2.810900360728235,65.46761040185132,0.0
1788591284.4814699,-13.648875476890487,-2.7818859135089804,64.86700115319348,0.0
1788591285.169239,-13.652690516983075,-2.781707560929053,64.81469454328419,0.0
1788591285.3360598,-13.647489155148017,-2.7629610102063316,64.7332506988941,0.0
1788591285.600262,-13.64890519567765,-2.777434262018016,64.89263449063304,0.0
1788591285.776194,-13.718773010895456,-2.8116477490538028,65.82931153984629,0.0
1788591285.946015,-13.715887298840082,-2.8079442477211956,65.82931153984629,0.0
1788591286.149479,-13.691893719939612,-2.7797048298900626,63.78903475926134,0.0
1788591286.333295,-13.655058034984497,-2.7787367732590105,64.85879622808079,0.0
1788591286.494142,-13.676810339761573,-2.814491526110789,65.09575224199605,0.0
1788591286.601377,-13.645046874470607,-2.8058516942484477,66.1506538925276,0.0
1788591286.765347,-13.688050770194598,-2.8019165524978993,66.95634055662856,0.0
1788591286.925569,-13.698120033988,-2.8092537217886524,65.46761040185132,0.0
1788591287.096307,-13.694114317996876,-2.779321736532636,63.889273398725834,0.0
1788591287.263903,-13.665655613926077,-2.8004562449619446,66.58920350863292,0.0
1788591287.446112,-13.699936086312029,-2.8124632086490324,65.46761040185132,0.0
1788591287.616319,-13.649027952084701,-2.7847505454933112,64.76373502454561,0.0
1788591287.791382,-13.654949811609258,-2.7750432198702035,64.79067867948896,0.0
1788591287.985557,-13.709389599884279,-2.7421849733452266,63.9405900065033,0.0
1788591288.1617868,-13.69814483141976,-2.7795160805506454,63.91561457291803,0.0
1788591288.284906,-13.605687973088505,-2.758003382288759,63.27182384827216,0.0
1788591288.410317,-13.624733041704397,-2.6969444202729385,39.98579291599117,0.0
1788591288.524236,-13.602555081710033,-2.6758499286014765,25.412834672917313,0.0
1788591288.63659,-13.573577802485381,-2.651697349346161,-2.401039923399935,0.0
1788591288.7729979,-13.393305443907499,-2.6619217049607116,-17.297591793612753,0.0
1788591288.883792,-13.278226507918694,-2.702097657367771,-19.90825853441686,0.0
1788591289.007947,-13.168438546444113,-2.7204543030703725,-23.543849312924237,0.0
1788591289.1265411,-13.204796199759215,-2.7648341484822074,-26.256826638967766,0.0
1788591289.243378,-13.209288450822388,-2.7537570595437018,-26.82068867628692,0.0
1788591289.358915,-13.18356259602191,-2.721179856563508,-26.23477857055093,0.0
1788591289.485898,-13.196858396846062,-2.752324926534505,-26.203778935132107,0.0
1788591289.596214,-13.18833611338468,-2.7230849087053164,-26.115570836667047,0.0
1788591289.710928,-13.185548257572579,-2.722492899397547,-26.173081761931883,0.0
1788591289.818109,-13.170338482260373,-2.7529344849616812,-26.019856151205317,0.0
1788591289.927231,-13.217410542002899,-2.757899826040591,-26.746327624541834,0.0
1788591290.038782,-13.160554880079317,-2.7251266870262976,-26.191336768559182,0.0
1788591290.158823,-13.160472235296155,-2.7226188210787554,-26.11755221026425,0.0
1788591290.375017,-13.193164383533338,-2.7701561360025018,-26.75146709448174,0.0
1788591290.504249,-13.161647589545073,-2.7268493897261936,-26.232381765302023,0.0
1788591290.6138759,-13.197035916334816,-2.7549363498234674,-26.062117446532113,0.0
1788591290.734529,-13.185214240764715,-2.725220134633727,-26.084337305325164,0.0
1788591290.868842,-13.188381158991861,-2.733468331788558,-26.089639962259184,0.0
1788591291.003086,-13.161173173265277,-2.726065848471976,-26.154785009282904,0.0
1788591291.2135448,-13.214691193337275,-2.7682292735677727,-26.863672322249812,0.0
1788591291.551636,-13.216931825512106,-2.7648709304029446,-26.826175144738556,0.0
1788591291.6987321,-13.220492082689969,-2.768629845478736,-26.88673624679751,0.0
1788591291.769197,-13.196590760542737,-2.7540492605790505,-26.150124158332346,0.0
1788591291.85837,-13.186705246179411,-2.729511569239316,-26.184005396196596,0.0
1788591292.2110379,-13.193899146253338,-2.7682605786091243,-26.64629925678568,0.0
1788591292.319013,-13.168183143915984,-2.7533124070437225,-26.08405171005745,0.0
1788591292.458888,-13.16864220189995,-2.751377998006566,-26.073949381466264,0.0
1788591292.856812,-13.164031345287286,-2.7418417017502343,-27.35097420847208,0.0
1788591292.946789,-13.150166401417936,-2.7364605342113553,-27.108731588916527,0.0
1788591293.096568,-13.16108740593732,-2.7255135887505415,-26.194039291167428,0.0
1788591293.20712,-13.196143954614541,-2.7697229850782215,-27.044315184096092,0.0
1788591293.324267,-13.216095285450194,-2.764460133895369,-26.760948817019482,0.0
1788591293.434853,-13.184979653769723,-2.7225796324629754,-26.241300629336735,0.0
1788591293.552072,-13.180668056029987,-2.7236505780472218,-26.2072693251242,0.0
1788591293.660001,-13.186878239555805,-2.724328406998699,-26.20433597578557,0.0
1788591293.768749,-13.19660074226547,-2.7664530690000584,-26.877951461237444,0.0
1788591293.878316,-13.19141495221902,-2.7493289576280375,-26.160094371500435,0.0
1788591294.012202,-13.187628585853615,-2.7469880184760114,-26.639496536059283,0.0
1788591294.1213682,-13.19556093896719,-2.74755780713343,-26.026557049310952,0.0
1788591294.247057,-13.171684668543689,-2.7508145800693886,-26.12822463209602,0.0
1788591294.43417,-13.193963675641541,-2.747855399506041,-25.94891050631213,0.0
1788591294.613325,-13.192933475950076,-2.7479566814832737,-26.026284828764233,0.0
1788591294.780121,-13.218681815198604,-2.760807012431744,-26.5311631160057,0.0
1788591294.990251,-13.187951254402874,-2.732801217525195,-25.912522164590314,0.0
1788591295.180458,-13.163740676721666,-2.7061355125656004,-27.140205204921216,0.0
1788591295.366625,-13.161307822732386,-2.7244287354225403,-26.16891419876248,0.0
1788591295.536075,-13.148567325841128,-2.724102582225922,-26.14801807484602,0.0
1788591296.210931,-13.217659418547699,-2.7612484676147897,-26.73690282687687,0.0
1788591296.3808792,-13.162342054403261,-2.7256787089218477,-26.14969528814737,0.0
1788591296.5612211,-13.165000694346547,-2.743147349425757,-27.337307925197024,0.0
1788591296.77167,-13.18384636054206,-2.722769672285937,-26.241229869712356,0.0
1788591296.9665122,-13.161985704377239,-2.7280965545324403,-26.283544214128057,0.0
1788591297.141139,-13.162087787185516,-2.723427101032921,-26.081566655743472,0.0
1788591297.328555,-13.214778577855414,-2.7694663549178573,-26.797771689882296,0.0
1788591297.514315,-13.17618715849623,-2.7108539007451737,-26.254807178997225,0.0
1788591297.657305,-13.197753622097217,-2.7511105057602,-26.08427292477225,0.0
1788591297.8517828,-13.185783485727411,-2.724357291234524,-26.08580982004537,0.0
1788591298.034556,-13.220358463070767,-2.7678780358778963,-26.960783085463845,0.0
1788591298.21383,-13.1883501990616,-2.744196922901514,-27.19701345207801,0.0
1788591298.3822248,-13.19578628117394,-2.765141476722185,-26.65815038760755,0.0
1788591298.58188,-13.145298366347605,-2.729750348315135,-26.42534182151269,0.0
1788591298.755869,-13.22181913673743,-2.7584292910850117,-26.736683512454306,0.0
1788591298.9361532,-13.196584293438521,-2.746639461365769,-25.92116300141825,0.0
1788591300.739617,-13.169046274667828,-2.7507228330720546,-26.10188782235022,0.0
1788591300.881516,-13.157078464423625,-2.7703111658104644,-26.182505581190924,0.0
1788591301.013845,-13.404338864291914,-2.6499979964029743,-19.970624594307168,0.0
1788591301.135627,-13.592897011011498,-2.596666557117384,6.05893818152839,0.0
1788591301.240344,-13.66962063164988,-2.5870768384236813,30.305923000440544,0.0
1788591301.351677,-13.721207301923057,-2.5829338363562813,48.739194556114086,0.0
1788591301.472872,-13.564428097524564,-2.5320229994549504,63.949488933277166,0.0
1788591301.609523,-13.53312650270418,-2.4585162647903758,74.54799929990298,0.0
1788591301.718048,-13.581591899732805,-2.4477957197715328,76.40888510035359,0.0
1788591301.847295,-13.593944645934712,-2.463896238724507,80.19546060439075,0.0
1788591301.9711099,-13.58912897696426,-2.473956404508365,80.61174790475366,0.0
1788591302.09817,-13.588945202699712,-2.4567199284124412,81.64120931459075,0.0
1788591302.235407,-13.582494688904603,-2.475986295327644,80.90533841899469,0.0
1788591302.389636,-13.592456690426316,-2.4713186163259855,80.76055935209973,0.0
1788591302.5120058,-13.621230276850548,-2.4534807736160285,80.5883080328,0.0
1788591302.639877,-13.60772567221044,-2.4394042699836973,81.61841117723998,0.0
1788591302.781755,-13.58901685173243,-2.457440729612167,81.79528522220278,0.0
1788591302.891308,-13.589122671021165,-2.473142729534337,80.57672157838999,0.0
1788591303.012056,-13.631390500900073,-2.4418565592520842,81.90053612011951,0.0
1788591303.123635,-13.622911772943272,-2.4578311730344082,80.77219787685635,0.0
1788591303.24849,-13.577173532015113,-2.4516841954829447,81.63571405135019,0.0
1788591303.3639832,-13.588546369311896,-2.4617007335454826,81.7173504585461,0.0
1788591303.478504,-13.573841949668262,-2.4580959544498713,81.53917242261502,0.0
1788591303.5951529,-13.595468719314502,-2.4558410876528054,82.05171698764497,0.0
1788591303.7264562,-13.591772030912304,-2.4574395247781595,81.78993468241856,0.0
1788591303.858764,-13.540975299328606,-2.4610760295393312,80.26393901879072,0.0
1788591303.973792,-13.585623911658153,-2.4760558891817332,81.29799474110439,0.0
1788591304.0841758,-13.58891208690746,-2.4605448821873543,81.82012261583071,0.0
1788591304.19211,-13.585623911658153,-2.4760558891817332,81.29799474110439,0.0
1788591304.3021529,-13.566107029847226,-2.4698810579376627,81.2369602834043,0.0
1788591304.419146,-13.587335531959974,-2.4521049900376046,81.65144373710655,0.0
1788591304.562784,-13.591535451003729,-2.4716353610216037,80.87184577120308,0.0
1788591304.6932511,-13.585156411205555,-2.4696890708021884,80.61493002271777,0.0
1788591304.868922,-13.621824698082143,-2.454623239378259,80.66977843176107,0.0
1788591304.9773362,-13.590107390974206,-2.457868940980153,81.83041900538399,0.0
1788591305.135236,-13.62336997087557,-2.4563158173305943,80.72709561575556,0.0
1788591305.290494,-13.6202030735596,-2.4538391473389494,80.65489047719404,0.0
1788591305.408041,-13.57466988766134,-2.460545634351222,81.57739576858359,0.0
1788591305.521427,-13.569097230775748,-2.453403857554082,81.5406232641638,0.0
1788591305.6526709,-13.54977936435671,-2.466947671710712,81.60055653333643,0.0
1788591305.75663,-13.607466577331554,-2.4374450348629697,81.61685949280997,0.0
1788591305.906529,-13.618245548439733,-2.4521119451849223,80.49878815076715,0.0
1788591306.054686,-13.57581441104843,-2.460035304419714,81.48025502340948,0.0
1788591306.1617222,-13.594212235370017,-2.4552320882811047,81.87214702762788,0.0
1788591306.276126,-13.592388004432603,-2.454497807429966,81.84064083615448,0.0
1788591306.381172,-13.586942699694013,-2.4572906842847733,81.71498290777544,0.0
1788591306.492906,-13.559354020246769,-2.4609817929268303,80.42168774399806,0.0
1788591306.605967,-13.570524274356755,-2.461673402106441,81.46430228494785,0.0
1788591306.7243478,-13.564013640430911,-2.4522363643608203,81.56446509060697,0.0
1788591306.8718772,-13.589280254332342,-2.459696961321614,81.60916093432422,0.0
1788591307.0297961,-13.571745838187804,-2.4556372834495863,81.69225094645117,0.0
1788591307.166955,-13.589406665430618,-2.4718254378796614,80.72622105606274,0.0
1788591307.3255198,-13.559877492008825,-2.4633010098761297,81.26768351449232,0.0
1788591307.436418,-13.589423395620551,-2.4569133267442282,81.90095917333906,0.0
1788591307.580111,-13.606965391633356,-2.438054191605196,81.67134571682692,0.0
1788591307.7221,-13.559354020246769,-2.4609817929268303,80.42168774399806,0.0
1788591307.8500621,-13.569880363408195,-2.4524856509084776,81.69539227140257,0.0
1788591307.961925,-13.606531912502964,-2.4415600349518183,81.64120685641569,0.0
1788591308.0793128,-13.582819128903507,-2.453381916463239,81.5384678627828,0.0
1788591308.189833,-13.585623911658153,-2.4760558891817332,81.29799474110439,0.0
1788591308.325092,-13.589388916835562,-2.470883888200899,80.55380067509111,0.0
1788591308.530498,-13.586988063550873,-2.4635200915412767,81.64506907147916,0.0
1788591308.7613518,-13.553539120518574,-2.4823389037258408,82.3668770623824,0.0
1788591309.048353,-13.583555903305575,-2.453774667262986,81.45572407579675,0.0
1788591309.0888152,-13.590548727506416,-2.4551349956956114,81.80132372664798,0.0
1788591309.1997042,-13.548309871080862,-2.4624220700560517,81.80104343152135,0.0
1788591309.318898,-13.577364974464434,-2.4564865320493494,81.7843594027396,0.0
1788591309.509793,-13.601224052375818,-2.454335129572615,81.67775154555403,0.0
1788591309.6611872,-13.583385659300287,-2.4685420531905464,80.55337119436325,0.0
1788591309.793705,-13.589013105147547,-2.45906588296461,81.67532355577839,0.0
1788591309.888339,-13.587529277222806,-2.4565949460802354,81.64673307436601,0.0
1788591309.9715168,-13.578954920590979,-2.4743305766072825,80.91231274523767,0.0
1788591310.079071,-13.593040077799358,-2.4736839112656965,80.69809781919787,0.0
1788591310.201348,-13.594283384737972,-2.4751449086894333,80.76684970634506,0.0
1788591310.3091998,-13.6213250273359,-2.4544794583264107,80.6223338742941,0.0
1788591310.4503171,-13.584980808095489,-2.49074819169614,79.8179033325967,0.0
1788591310.568845,-13.60503757901276,-2.4426423235762864,81.5992090263153,0.0
1788591310.681532,-13.587896029671395,-2.454117712653298,81.7381018202363,0.0
1788591310.8241851,-13.588041939382643,-2.4720480481568425,80.48158107454799,0.0
1788591310.990849,-13.60691650110735,-2.4406950126812816,81.56347652002876,0.0
1788591311.0985758,-13.587743070843045,-2.4700540585881,80.67981752928239,0.0
1788591311.272117,-13.581143544302504,-2.4552785693706194,81.36368331717989,0.0
1788591311.44677,-13.58675931417839,-2.4583033656864433,81.63945049194626,0.0
1788591311.666712,-13.575904897752643,-2.461142745709876,80.42168774399806,0.0
1788591311.911407,-13.575904897752643,-2.461142745709876,80.42168774399806,0.0
1788591312.086808,-13.588935615063274,-2.4702186384118714,80.55531247303026,0.0
1788591312.298926,-13.596352187789378,-2.4502901567818274,81.50084639720939,0.0
1788591312.489017,-13.589760693426987,-2.4742710728909616,80.64304116676863,0.0
1788591313.1580539,-13.6072510281055,-2.439847952508204,81.59139605442977,0.0
1788591313.33462,-13.5930615630063,-2.457905146333102,81.920097575201,0.0
1788591313.536111,-13.569073015302841,-2.475895074335965,81.29799474110439,0.0
1788591313.700162,-13.5428030626154,-2.4608208659413933,80.42168774399806,0.0
1788591313.888049,-13.589040670669336,-2.4576700723002727,81.77660745133107,0.0
1788591314.069618,-13.592411977200179,-2.473516402265782,80.69021239396363,0.0
1788591314.273986,-13.588058996352382,-2.457958347779825,81.64266446771802,0.0
1788591314.447179,-13.556199805584988,-2.4385972023225757,81.94641760758304,0.0
1788591314.562475,-13.575769907875394,-2.460165905804472,81.59469696881592,0.0
1788591314.761544,-13.593477386343837,-2.453596199477909,81.72496850071536,0.0
1788591314.948611,-13.619568079726234,-2.4536448050633437,80.57076254281799,0.0
1788591315.137301,-13.591893296927568,-2.473018795175839,80.56505071585457,0.0
1788591315.3380322,-13.596455421419162,-2.435954489772235,81.16207439628215,0.0
1788591315.5001442,-13.590007776512017,-2.455749907547472,81.82516286502607,0.0
1788591315.67263,-13.57672342440592,-2.458557142347951,81.51196509003466,0.0
1788591315.8521879,-13.573227672009105,-2.4551163578193322,81.59492270670182,0.0
1788591319.157611,-13.558188469397388,-2.5156968454110706,78.86978121487778,0.0
1788591319.319665,-13.606444624072362,-2.4399019473471224,81.68974626247893,0.0
1788591319.4507651,-13.572579949563227,-2.369928934803292,76.61492423868748,0.0
1788591319.596554,-13.55544767333967,-2.325070520779885,54.91341734635736,0.0
1788591319.704376,-13.516532691805004,-2.295445944661807,30.91508525159861,0.0
1788591319.861501,-13.490211836471653,-2.2509633461394856,-2.3255136519574364,0.0
1788591320.009609,-13.40780163514819,-2.241108451523484,-15.427666136208899,0.0
1788591320.133248,-13.378270074252892,-2.2960513629232113,-20.928493688429455,0.0
1788591320.24473,-13.35611222020899,-2.251901538654442,-25.66819316140348,0.0
1788591320.3606331,-13.339294848632095,-2.2709535008925226,-25.173789779546468,0.0
1788591320.472752,-13.364288929969375,-2.295512825456526,-27.208595756649743,0.0
1788591320.585597,-13.351066082670568,-2.2969866088771926,-27.14527552922931,0.0
1788591320.724709,-13.362257506633073,-2.2570423611968,-28.102803501452826,0.0
1788591320.8404999,-13.32122073950868,-2.274798394534889,-26.388985094260903,0.0
1788591320.971064,-13.378332844112759,-2.3059869096220407,-27.975330342930732,0.0
1788591321.127084,-13.362021688631774,-2.297428384164698,-27.23390332904279,0.0
1788591321.236852,-13.355072209381586,-2.297481399690873,-26.93480293016532,0.0
1788591321.378766,-13.336256701734982,-2.2832353593380126,-26.33875219491594,0.0
1788591321.480246,-13.365819844692972,-2.2559676536887867,-28.09391819753094,0.0
1788591321.6035998,-13.312015953078532,-2.2597333512757176,-26.42539329040153,0.0
1788591321.732827,-13.35473759554168,-2.2968634652567887,-28.2016226837151,0.0
1788591321.8818948,-13.345240157021149,-2.2471046981133056,-27.309960544479054,0.0
1788591322.021475,-13.312730472276478,-2.255736447901217,-26.27068290897742,0.0
1788591322.139828,-13.370298310175006,-2.2383938501427614,-25.962822752789407,0.0
1788591322.2775428,-13.31342109816852,-2.2675871464194213,-26.43299659512826,0.0
1788591322.4220679,-13.342038342225322,-2.2688682965030424,-27.24381400409834,0.0
1788591322.6504908,-13.318522171309723,-2.272238094268257,-26.660689809216876,0.0
1788591322.665243,-13.319711977311183,-2.274996863913964,-26.3586303396975,0.0
1788591322.787458,-13.335528727286713,-2.28165473189845,-27.162722690114776,0.0
1788591322.9999402,-13.357878933603555,-2.2906492108203955,-28.016190304673955,0.0
1788591323.226099,-13.317981014187213,-2.2757955957916725,-26.529199816653687,0.0
1788591323.232477,-13.35375038366706,-2.288105121724373,-26.77471395791386,0.0
1788591323.347188,-13.389948278804853,-2.2510104782101545,-26.74132251766281,0.0
1788591323.508898,-13.322180406098795,-2.3011426522706886,-25.89058724998634,0.0
1788591323.578351,-13.328067391169832,-2.3006807225467236,-24.768558782572114,0.0
1788591323.671114,-13.320962816293326,-2.3057511022531463,-25.999070265033026,0.0
1788591323.8100102,-13.33306944697678,-2.2874457216042448,-27.437649215042683,0.0
1788591323.9039118,-13.354437196295773,-2.2969892559314653,-28.16756776698739,0.0
1788591324.181128,-13.348530511686336,-2.288508708332683,-27.383552840623963,0.0
1788591324.369617,-13.330716259844753,-2.301535443835713,-26.46288861585063,0.0
1788591324.488506,-13.353738329732163,-2.2969795271494413,-28.242307151364855,0.0
1788591324.513798,-13.358693927377425,-2.258510156243786,-25.56176128164725,0.0
1788591324.631979,-13.39696076500083,-2.2867715037215577,-26.74132251766281,0.0
1788591324.745548,-13.31582827574168,-2.2558613807536703,-26.303048714235416,0.0
1788591324.8534698,-13.31661541542955,-2.266637755030373,-26.939472184785018,0.0
1788591324.9601212,-13.34215164853066,-2.265522544127946,-27.13358149398141,0.0
1788591325.072937,-13.3725064161235,-2.3122019737668342,-27.645659958239776,0.0
1788591325.210516,-13.365571305844146,-2.2552243568495456,-28.052922158670356,0.0
1788591325.318191,-13.299458305294378,-2.255840629219108,-26.365005174051817,0.0
1788591325.431446,-13.363319889772422,-2.257587283642452,-28.0886115446514,0.0
1788591325.596537,-13.325710088858925,-2.2471139911803877,-26.814875568200392,0.0
1788591325.702174,-13.315893900420107,-2.2473004813827733,-27.056039809089015,0.0
1788591325.879148,-13.364234362820193,-2.2560894326028973,-28.170696396950717,0.0
1788591326.0484989,-13.38072937497649,-2.2862432468754244,-26.74132251766281,0.0
1788591326.2162418,-13.315515295552794,-2.274817874700537,-26.449243597144743,0.0
1788591326.410062,-13.312869208112318,-2.2800520160272897,-26.711629357378484,0.0
1788591326.64148,-13.37148772105204,-2.2404875364350496,-25.962822752789407,0.0
1788591326.811658,-13.357096918105267,-2.287702614544756,-27.87789139787958,0.0
1788591326.978931,-13.370729723081238,-2.294029278722194,-28.139411048412967,0.0
1788591327.658914,-13.314962482998462,-2.2675625943994984,-27.044391394610784,0.0
1788591327.8337312,-13.346595398746183,-2.284189853655407,-27.045718537218903,0.0
1788591328.009286,-13.324953756709778,-2.2595878735595334,-26.416250282937057,0.0
1788591328.1884449,-13.353242531394807,-2.2962005771418768,-28.23195712473529,0.0
1788591328.365386,-13.367318581296946,-2.2525834200763386,-28.044678293042807,0.0
1788591328.537997,-13.381017782886897,-2.2873325083359317,-26.74132251766281,0.0
1788591328.71797,-13.3416125382236,-2.2651654511683867,-27.14124949980547,0.0
1788591328.941637,-13.36257723177575,-2.257331696258301,-28.17779726003252,0.0
1788591329.075352,-13.326807505288958,-2.2297897028742506,-27.050320321055068,0.0
1788591329.244401,-13.37227800784242,-2.290778488800207,-27.971028545807002,0.0
1788591329.451135,-13.322193996087098,-2.258858715586977,-26.418601904054356,0.0
1788591329.654059,-13.299038399565635,-2.2270234968623814,-26.76681853162316,0.0
1788591329.826587,-13.335047149158996,-2.2854935610034985,-27.295758646572835,0.0
1788591330.013702,-13.316911440800117,-2.248646381394739,-27.17322613437608,0.0
1788591330.184285,-13.317886574727385,-2.247052133287172,-27.076829643877744,0.0
1788591330.360246,-13.3047377609874,-2.250303032650548,-27.33916151895994,0.0
1788591330.527159,-13.32354344937121,-2.2554850377105544,-26.399317182645405,0.0
1788591330.636089,-13.376779847585214,-2.305155226723549,-27.80349516473467,0.0
1788591330.741857,-13.325962108006724,-2.2488145487913607,-25.994195394127757,0.0
1788591330.85444,-13.579175122930053,-2.189804034394804,-19.308422912296294,0.0
1788591330.9656699,-13.670577232614274,-2.141046294885762,1.4644583865172933,0.0
1788591331.074832,-13.767504415844101,-2.1357797558410456,17.340236419339476,0.0
1788591331.235064,-13.76495936558468,-2.1829452558729936,53.594523385626815,0.0
1788591331.41479,-13.75356206028828,-2.100987784184589,96.00249604607899,0.0
1788591331.5301938,-13.738232842830916,-2.0182395481756537,120.88177973667462,0.0
1788591331.645625,-13.71734305781863,-2.08411501019296,133.36260259479474,0.0
1788591331.789567,-13.679392745502092,-2.067051494548288,139.90789151531186,0.0
1788591331.90749,-13.642304345447759,-2.078946158867104,149.3312660838002,0.0
1788591332.023042,-13.680205549855007,-2.09388120467007,153.64027843625007,0.0
1788591332.132169,-13.612744763568884,-2.079897921228778,154.66964299439326,0.0
1788591332.24096,-13.575123507431348,-2.115043956278206,154.86899344765447,0.0
1788591332.3455172,-13.625990817381906,-2.077973541480303,154.75666854157328,0.0
1788591332.451672,-13.598676271985813,-2.067309610889536,153.75048917507144,0.0
1788591332.556581,-13.62470314468699,-2.0742914075298637,154.60093442837302,0.0
1788591332.6876721,-13.578868192123425,-2.066733683933284,153.14427409238226,0.0
1788591332.798528,-13.597699446292685,-2.0629476835404716,153.7051119333895,0.0
1788591332.921055,-13.589867789686357,-2.063825027612499,153.54658399837092,0.0
1788591333.0273018,-13.608229953235242,-2.0656880075104627,154.25344421886336,0.0
1788591333.137166,-13.626584045099255,-2.0812330307574753,154.77569273854112,0.0
1788591333.243202,-13.639851614464757,-2.0926291250930165,154.55537994037263,0.0
1788591333.367857,-13.656041053959706,-2.105668850945215,155.22562000349217,0.0
1788591333.499886,-13.577447766242777,-2.074867989305403,152.17163322631984,0.0
1788591333.7137449,-13.63440819695163,-2.105178327333942,154.51799377241457,0.0
1788591333.905432,-13.639087077563769,-2.087186692314706,155.18327400505893,0.0
1788591334.160476,-13.606096942466037,-2.0681990368054137,154.05766989619087,0.0
1788591334.297962,-13.624340462870668,-2.1046033880354535,154.48546350488277,0.0
1788591334.4118552,-13.629001540035432,-2.077230149242035,154.6540844821385,0.0
1788591334.508323,-13.618122742512728,-2.0736731030825246,154.49521226229456,0.0
1788591334.630125,-13.636848002351883,-2.085405401346456,155.0890614838632,0.0
1788591334.744511,-13.640128102929019,-2.0987285675964875,154.56244702254975,0.0
1788591334.889497,-13.652974638510972,-2.1154154293117235,155.3376952209456,0.0
1788591334.9437618,-13.655841412327508,-2.104671710266589,155.10977238132887,0.0
1788591335.070143,-13.630279720860207,-2.1132024231928113,153.75852307066066,0.0
1788591335.2069151,-13.650046520742103,-2.1214678443647426,154.53287962101888,0.0
1788591335.3823879,-13.573818484410712,-2.1153045390365683,154.86899344765447,0.0
1788591335.53724,-13.659131233565928,-2.10323726488876,155.14755621163636,0.0
1788591335.5857081,-13.634610236849126,-2.1040623876175646,154.5262382200168,0.0
1788591335.695303,-13.597483820995599,-2.0633595585460283,153.75094671578086,0.0
1788591335.8756108,-13.588984120611906,-2.0643760319038185,153.52188314230636,0.0
1788591336.051552,-13.635838131943304,-2.0907271139708503,154.6920975737387,0.0
1788591336.176329,-13.595650006793615,-2.0630561614300587,153.76449126782364,0.0
1788591336.284439,-13.612058539384421,-2.069710266133906,154.11810347120058,0.0
1788591336.400943,-13.576085442064542,-2.1147640568155612,154.86899344765447,0.0
1788591336.526538,-13.572425422384965,-2.1163972563814633,154.86899344765447,0.0
1788591336.646752,-13.624482971196686,-2.0801962413134953,154.74484857721757,0.0
1788591336.751285,-13.608069975545574,-2.073989347786581,153.60590390062976,0.0
1788591336.924744,-13.607600652237688,-2.0692433427771277,154.4304262518171,0.0
1788591337.138747,-13.57613841883331,-2.0714722619258357,153.0352774870554,0.0
1788591337.305867,-13.591313910895064,-2.069147552064216,154.03140132919162,0.0
1788591337.475888,-13.635076171060858,-2.1035619630475666,154.4825658572296,0.0
1788591337.6504729,-13.632761170792055,-2.1045051443124088,154.5211445902238,0.0
1788591337.821045,-13.639906644180114,-2.0901715159276053,155.13084190708287,0.0
1788591337.995865,-13.634882001559351,-2.10826653171413,154.5992236166465,0.0
1788591338.654728,-13.615750503945739,-2.082754008249123,154.83657351218994,0.0
1788591338.890256,-13.65435583295943,-2.1155760602717844,155.33917126147935,0.0
1788591339.091545,-13.63828848365012,-2.088211823704154,154.48256949683366,0.0
1788591339.265256,-13.612785766624668,-2.077013465366642,153.69300179783818,0.0
1788591339.442057,-13.61026713027278,-2.0803701079722523,153.56991567474972,0.0
1788591339.6198,-13.637880080770087,-2.0909690514727575,154.67976181277743,0.0
1788591339.795438,-13.597236578769687,-2.0662065901342355,153.56783814244466,0.0
1788591339.9828649,-13.640471831352713,-2.084269250248508,155.0903078034945,0.0
1788591340.092463,-13.604274222200615,-2.0650045984964738,154.06712395088982,0.0
1788591340.291126,-13.639424824789783,-2.08881889032454,155.2005350567813,0.0
1788591340.4885619,-13.624932629969935,-2.0765550937647195,154.67904693847026,0.0
1788591340.681349,-13.574902577119058,-2.116001688911837,154.86899344765447,0.0
1788591340.8841338,-13.622298663517112,-2.0768390468155116,154.58470981804498,0.0
1788591341.050804,-13.657646453488237,-2.1033162902888125,155.17336211351608,0.0
1788591341.259136,-13.643111826572854,-2.1002610915715594,154.79243368198524,0.0
1788591341.4318368,-13.618067515368809,-2.110481841055723,154.86899344765447,0.0
1788591343.182894,-13.599345233204348,-2.0615653585459635,153.95782674190775,0.0
1788591343.310545,-13.602866951352198,-2.0642742690648435,154.01312763504177,0.0
1788591343.417418,-13.74435080167097,-2.0606502943539713,153.28334085022595,0.0
1788591343.535873,-13.891704040501219,-2.0030158213500617,144.11233617210172,0.0
1788591343.647425,-13.919092372995985,-1.9607742652971016,121.17874260519363,0.0
1788591343.751401,-13.920674803524324,-1.9397971948246686,104.64799136051653,0.0
1788591343.86525,-13.865961407248486,-2.0028523913438376,73.15315075878104,0.0
1788591343.982097,-14.011612133937302,-2.051405853866299,41.995756591448924,0.0
1788591344.113515,-13.984026723059873,-2.03047293100339,18.025175315841295,0.0
1788591344.222904,-13.880528553259106,-1.9791404902472172,2.7188465092156378,0.0
1788591344.3318279,-13.803627905926287,-1.9797300568472733,-8.873822912430626,0.0
1788591344.440398,-13.862574089255663,-2.0048700954640273,-21.636355633160292,0.0
1788591344.554194,-13.778198002728201,-1.9867365535909824,-21.537489078676742,0.0
1788591344.688076,-13.728277833688203,-1.903156657394541,-25.074304963215013,0.0
1788591344.810085,-13.760638887823482,-1.9959620720549474,-26.936509669918138,0.0
1788591344.927493,-13.745988161617493,-1.9737910893475432,-26.645307903489055,0.0
1788591345.043851,-13.783973787120528,-2.0104196199103193,-26.977445494051693,0.0
1788591345.1689532,-13.819848364628166,-2.011697993169699,-28.993881349985685,0.0
1788591345.290781,-13.746554700543976,-1.9775576505187114,-26.82369526154511,0.0
1788591345.427016,-13.743931358476546,-2.0268894340964834,-26.85771002964458,0.0
1788591345.526477,-13.817543687671467,-2.0310073458117617,-28.19633831552298,0.0
1788591345.705181,-13.766909423779339,-1.9608419852596715,-28.0568418691077,0.0
1788591345.9238899,-13.837856636744657,-2.0233390570975835,-28.841171928672793,0.0
1788591345.9516191,-13.74399675778225,-2.022530329798925,-26.75285111453303,0.0
1788591346.092502,-13.779097809385183,-2.017592349534855,-26.634352485727447,0.0
1788591346.201358,-13.780555177174154,-2.0205766011598323,-26.78125196215217,0.0
1788591346.3228931,-13.744803046799074,-2.024907867076463,-26.886596137022934,0.0
1788591346.42907,-13.74582445608877,-2.027020783143058,-26.78819576351364,0.0
1788591346.535743,-13.726782560175028,-2.022101070756724,-26.68753586470379,0.0
1788591346.643571,-13.79130488109186,-1.9829951299535886,-27.80828496174354,0.0
1788591346.763723,-13.763156996868526,-1.9965630533715943,-26.91692356620254,0.0
1788591346.8871622,-13.71697703275546,-2.0045315146006595,-26.638516137555285,0.0
1788591347.000857,-13.746736939808503,-1.973167149042824,-26.67144784664984,0.0
1788591347.1092951,-13.744064800386138,-2.0203834506775094,-26.673280730250923,0.0
1788591347.2866461,-13.767172327329186,-1.9733268947625189,-26.57880259957264,0.0
1788591347.4600801,-13.737309164358019,-1.9893848637722953,-26.658066487444387,0.0
1788591347.631317,-13.747279211041931,-1.9730036370503892,-26.63288891830524,0.0
1788591347.8095849,-13.746309430144336,-1.9749279664031283,-26.7328132050815,0.0
1788591348.0222862,-13.750051541163462,-1.9736259222079782,-26.67181160058442,0.0
1788591348.213919,-13.805956662171292,-2.000973946173028,-28.292477661178992,0.0
1788591348.3894541,-13.744700413869804,-2.02374303457923,-26.857781739347075,0.0
1788591349.068588,-13.762659146211933,-1.9792372489376233,-26.804564242747176,0.0
1788591349.245023,-13.765139885850385,-2.0176118500523494,-26.746956831537858,0.0
1788591349.419606,-13.765099066582744,-1.9884474917400332,-26.758381489921163,0.0
1788591349.586577,-13.743025209032826,-2.0226449233659736,-26.731610100502706,0.0
1788591349.7660139,-13.763582463808746,-2.018693528436935,-26.723285620682276,0.0
1788591349.939751,-13.774266486231145,-1.9805608093373213,-27.438357078040184,0.0
1788591350.1370938,-13.769335768715939,-1.9562861971010141,-27.90575850398085,0.0
1788591350.323873,-13.727787915131719,-2.0163301756050926,-26.58408630247129,0.0
1788591350.4783528,-13.780693947413628,-2.024829023195853,-26.8314301421552,0.0
1788591350.656916,-13.7431802926157,-2.021208913383219,-26.683265429794375,0.0
1788591350.834715,-13.771940637673861,-1.9910661654759747,-26.860860771473853,0.0
1788591351.043859,-13.803512550302997,-2.0267117501648455,-27.588499033816703,0.0
1788591351.219163,-13.838377465350343,-2.035004426553728,-28.929508759910874,0.0
1788591351.401819,-13.709667129683258,-2.021279956963296,-26.707459250928764,0.0
1788591351.568924,-13.741234595313186,-2.010271638148761,-26.90464780233833,0.0
1788591351.7343318,-13.741673379153472,-1.9941368268034616,-26.932621327834568,0.0
1788591351.903458,-13.755697245531046,-1.9983581952760505,-26.92204455191063,0.0
1788591352.003371,-13.762871605105726,-2.014192203568664,-26.6587789178335,0.0
1788591352.113446,-13.762606099585613,-2.0209946868142277,-27.82293043581774,0.0
1788591352.2653198,-13.563199473495036,-2.1513394516267925,-36.28278916550212,0.0
1788591352.373921,-13.54724014413115,-2.213024342529523,-54.54348988944864,0.0
1788591352.507123,-13.483041118208106,-2.2217320225778927,-78.49892087711441,0.0
1788591352.679436,-13.421091079338144,-2.219013047623107,-100.00328942992695,0.0
1788591352.815784,-13.396815141458301,-2.2746595717303215,-110.21166953352451,0.0
1788591352.92666,-13.439539128351061,-2.3149597314411583,-114.5648457861131,0.0
1788591353.061434,-13.411273802444306,-2.3041731886506653,-117.51789149049557,0.0
1788591353.173641,-13.409668054704584,-2.3131638623495228,-117.47519015496209,0.0
1788591353.283154,-13.371385886260965,-2.3284986352613273,-118.26601737340991,0.0
1788591353.401126,-13.437198495227848,-2.286584431126639,-118.24258645626554,0.0
1788591353.506809,-13.412520140506205,-2.3051532976304787,-117.77905563945365,0.0
1788591353.6472409,-13.40362709721172,-2.3143480956504328,-118.63095381771683,0.0
1788591353.764288,-13.386780747878035,-2.294517889346167,-118.52825489088946,0.0
1788591353.870463,-13.410819696859916,-2.3176856985956222,-117.53465527066845,0.0
1788591353.9841611,-13.396639553028479,-2.2760282794653977,-119.31345646974523,0.0
1788591354.114057,-13.390315561131455,-2.296447821545582,-118.68080934294358,0.0
1788591354.3541088,-13.388508746341085,-2.2962788722387177,-118.57575866712864,0.0
1788591354.5294561,-13.43187935195979,-2.3007008273204854,-117.71061145538846,0.0
1788591354.656456,-13.454777225327952,-2.3265234297466177,-117.55697735777551,0.0
1788591354.717194,-13.406866684415457,-2.323952638469892,-117.61345781399905,0.0
1788591354.8232992,-13.423522094287742,-2.3275670394164827,-117.6191455868485,0.0
1788591355.057329,-13.457098140166696,-2.3254201796540537,-117.65293159354121,0.0
1788591355.248918,-13.416866552980201,-2.2965335287763935,-118.1637448404856,0.0
1788591355.479158,-13.427541614478336,-2.3055003780584777,-117.6723513887805,0.0
1788591355.519681,-13.38830896780473,-2.328275301706727,-118.25765718068823,0.0
1788591355.706219,-13.441915780151557,-2.3277502128943057,-117.60177906940146,0.0
1788591355.829035,-13.425222138426602,-2.3273246335223856,-117.6241456207274,0.0
1788591355.990165,-13.431496578549517,-2.299282322009575,-117.7232031047219,0.0
1788591356.25197,-13.409179167147727,-2.3182294778635915,-117.55490526028638,0.0
1788591356.5758002,-13.407458507829519,-2.3281311736583277,-117.60134027780634,0.0
1788591356.704442,-13.391459854301774,-2.3248163965610833,-117.63756947267206,0.0
1788591356.8377888,-13.453354066074326,-2.329644482009085,-117.51687251451358,0.0
1788591356.967793,-13.428182197887766,-2.3059799707457915,-117.70854518854549,0.0
1788591357.088361,-13.431523273968837,-2.302496766925457,-117.69642001917538,0.0
1788591357.19412,-13.455158528081126,-2.3284900169988334,-117.5921022839259,0.0
1788591357.3544772,-13.431057161465311,-2.301175612919777,-117.727363829247,0.0
1788591357.520215,-13.411296397119923,-2.3173598839729963,-117.51971750529287,0.0
1788591357.696967,-13.425735269816387,-2.323231751565883,-117.60079266274016,0.0
1788591357.869617,-13.40913711550786,-2.3177486281394213,-117.53824447069621,0.0
1788591358.044113,-13.423317766652236,-2.3244329581438845,-117.60291621899904,0.0
1788591358.206079,-13.410301606724735,-2.319410038182947,-117.54828439732842,0.0
1788591358.387719,-13.402739888955237,-2.3310787590319872,-118.23319319401173,0.0
1788591358.579285,-13.421947438930982,-2.327352020926747,-117.50426949300834,0.0
1788591358.757613,-13.409186658422245,-2.318612526519615,-117.52553698229076,0.0
1788591359.430624,-13.454663993912135,-2.3264427916726933,-117.53339433196197,0.0
1788591359.613361,-13.388457429207792,-2.2923376804154025,-118.57319326836932,0.0
1788591359.805946,-13.372232262414027,-2.329880763813564,-118.32447216233743,0.0
1788591360.00201,-13.429167797756858,-2.3050135818749187,-117.7405147031227,0.0
1788591360.179917,-13.408782652420385,-2.3183742052280323,-117.46070233898979,0.0
1788591360.346805,-13.423768357566802,-2.3250350021632813,-117.5377778848333,0.0
1788591360.5822568,-13.431165288244166,-2.305754085180006,-117.76210479352392,0.0
1788591360.759328,-13.410660438920504,-2.320954468841313,-117.58903930564287,0.0
1788591360.8692439,-13.410257627036037,-2.3038183578640323,-117.6819143710456,0.0
1788591361.051744,-13.428475639491992,-2.3023998338541567,-117.63227673313668,0.0
1788591361.228904,-13.429902732173431,-2.302095223860267,-117.63573416714166,0.0
1788591361.412307,-13.407292533518579,-2.326460732326724,-117.55700685712702,0.0
1788591361.5828748,-13.409015943005569,-2.307097909729049,-117.6507360337169,0.0
1788591361.766933,-13.410823048904584,-2.2979784202922513,-117.54581970020882,0.0
1788591361.928666,-13.440638380523783,-2.3125732468544373,-117.62393269118053,0.0
1788591362.119082,-13.422481112450056,-2.2867685966863087,-118.19856273002347,0.0
1788591363.8432992,-13.429363441664627,-2.3053362767845123,-117.7232301356305,0.0
1788591363.96121,-13.42032222176672,-2.297772235419105,-118.26033050838527,0.0
1788591364.068686,-13.42227439971843,-2.3007131825023404,-117.14287577080381,0.0
1788591364.207083,-13.264643928608955,-1.9721294439108736,-104.53740494039039,0.0
1788591364.322798,-13.328085558740074,-1.7955880771440154,-93.14758039095727,0.0
1788591364.449085,-13.348344855080237,-1.6345014125797923,-67.61199040969062,0.0
1788591364.5968041,-13.364478957770183,-1.6562303177573054,-41.99365841242803,0.0
1788591364.7602508,-13.393676809774348,-1.5939210297328321,-34.61944558068706,0.0
1788591364.8681479,-13.353009675625643,-1.6191951249445204,-30.882438520684588,0.0
1788591364.9972239,-13.447005520980793,-1.5965192443553484,-29.06560552195856,0.0
1788591365.091539,-13.52144149747065,-1.6020285029305883,-30.606876247944626,0.0
1788591365.2125702,-13.459758996933992,-1.5844359245632247,-28.255920538864245,0.0
1788591365.345385,-13.487252431082762,-1.6244276182726094,-29.802585654525416,0.0
1788591365.5602188,-13.527020095318433,-1.6205229699429182,-30.531046227845593,0.0
1788591365.7537541,-13.454620489019955,-1.5911430852743946,-28.90129442618229,0.0
1788591365.9457521,-13.455406170531518,-1.6096886939432937,-28.83957621432546,0.0
1788591365.967672,-13.488030415625504,-1.6155966251466496,-29.061642856896412,0.0
1788591366.075161,-13.445846327690525,-1.5613377656434357,-29.286816743339216,0.0
1788591366.285572,-13.453586976010898,-1.5888478347975035,-28.776416151966004,0.0
1788591366.522037,-13.446582046528329,-1.5595670487090234,-29.21701064995591,0.0
1788591366.567034,-13.506170748178745,-1.6029256131793048,-30.065726022405983,0.0
1788591366.712637,-13.51932404585342,-1.6021114504526688,-30.56040966710742,0.0
1788591366.853716,-13.470318040559741,-1.5901304691764606,-28.91557921537509,0.0
1788591366.970955,-13.509816563641817,-1.611016036924452,-30.15599135088749,0.0
1788591367.098194,-13.448864833776845,-1.5607445613738098,-29.256151503366794,0.0
1788591367.2186189,-13.461235728677416,-1.5724974669100238,-28.813598195851228,0.0
1788591367.3642502,-13.42224694140469,-1.5927452177140071,-28.18965780335273,0.0
1788591367.4766111,-13.448993537575692,-1.557586039874443,-29.162776141101432,0.0
1788591367.591129,-13.488044911033029,-1.604623332281792,-29.356685350865234,0.0
1788591367.709553,-13.461809980074563,-1.573540534862993,-28.856307398791103,0.0
1788591367.885272,-13.476024006893008,-1.5976839633452495,-29.048968516003868,0.0
1788591368.054179,-13.50808132540514,-1.6021269597660268,-30.061618723118954,0.0
1788591368.227416,-13.461862096037269,-1.572490888633286,-28.86017323853224,0.0
1788591368.404153,-13.46048184913533,-1.597089442554413,-28.88755326077859,0.0
1788591368.576842,-13.482345264411233,-1.6073469004044652,-29.66155578834045,0.0
1788591368.77088,-13.456364235233593,-1.5906123437130966,-28.86239107829539,0.0
1788591368.939805,-13.495171628348421,-1.6026076157290567,-29.434943167321137,0.0
1788591369.609597,-13.457181072916429,-1.5957389013156398,-28.893003002914043,0.0
1788591369.8713999,-13.460656491855888,-1.5729907402680725,-28.798665522713037,0.0
1788591370.080703,-13.50259149156424,-1.609657881305162,-29.813059352814946,0.0
1788591370.2811148,-13.464793910717734,-1.585255894227446,-28.3009705812332,0.0
1788591370.453634,-13.511573893152642,-1.6205374847434295,-29.62628989371035,0.0
1788591370.661416,-13.447849844225994,-1.5276844280458317,-29.229517099647268,0.0
1788591370.861563,-13.488012332247196,-1.5782474232195618,-27.013917341660857,0.0
1788591371.033658,-13.459268385649516,-1.5731557803772023,-28.878060215948437,0.0
1788591371.144089,-13.46027776705341,-1.5727967397916376,-28.881780665729025,0.0
1788591371.331525,-13.42314481417644,-1.5950700641605178,-28.353824420323917,0.0
1788591371.4888,-13.461638669088924,-1.5720611099144937,-28.815453275959044,0.0
1788591371.655916,-13.445713629401178,-1.5606329402364234,-29.240911998392562,0.0
1788591371.8391008,-13.447326100334143,-1.5599205728722285,-29.253580132491635,0.0
1788591372.082231,-13.456788385143824,-1.5916623037343758,-28.885638313772944,0.0
1788591372.268022,-13.430734856855361,-1.5603224295926872,-29.222117991538596,0.0
1788591372.4488692,-13.494704208053818,-1.6036964848960986,-29.555865665719836,0.0
1788591372.62247,-13.460648867549784,-1.5711338541471984,-28.775565966051744,0.0
1788591372.736504,-13.496638432214906,-1.6708455436916922,-30.030559138070714,0.0
1788591372.913184,-13.336349992085628,-1.6575304401966102,-31.015263691878175,0.0
1788591373.015806,-13.226004740790215,-1.774415890207904,-42.584680745501316,0.0
1788591373.125588,-13.154097003210271,-1.8162301944563455,-63.24398323868422,0.0
1788591373.242582,-13.113201204492025,-1.8335704496913772,-88.87918762608392,0.0
1788591373.351678,-13.12675413144036,-1.906549731294534,-105.62737173347404,0.0
1788591373.457553,-13.109419712847718,-1.8518139020481446,-118.27380759522237,0.0
1788591373.5656,-13.05700226448811,-1.9210381482373244,-125.99502288490271,0.0
1788591373.680046,-13.05424956362737,-1.9398289041956411,-130.56654538087616,0.0
1788591373.78645,-13.050000082279547,-1.9327490204994717,-132.99597627365665,0.0
1788591373.8928058,-13.081282389448448,-1.9507083904117328,-134.0066712063496,0.0
1788591373.992239,-13.062117215992478,-1.9842376332396099,-134.00715343188733,0.0
1788591374.101801,-13.066944113574898,-1.9159323700823003,-134.78125966985658,0.0
1788591374.2070138,-13.06617974626338,-1.9825476950529572,-134.13191232868564,0.0
1788591374.320577,-13.043375381274581,-1.9183050364086571,-135.24395523251997,0.0
1788591374.4608152,-13.056603247793541,-1.9064427214179904,-134.65211692978642,0.0
1788591374.61521,-13.055053534188273,-1.9064237933249313,-134.6504640456186,0.0
1788591374.759726,-13.046056153133831,-1.9189770208853498,-135.30759500342344,0.0
1788591374.882081,-13.04418958730048,-1.9192353725607014,-135.29101382295698,0.0
1788591375.010978,-13.056218044267782,-1.906889893146987,-134.67439216966147,0.0
1788591375.146413,-13.043931656282547,-1.919006769973965,-135.31092543504934,0.0
1788591375.481868,-13.039986128308298,-1.9182013416644814,-135.14897348707058,0.0
1788591375.5257542,-13.102277038026983,-1.9523613767430783,-134.1768548036148,0.0
1788591375.666629,-13.062397303571574,-1.917500966876712,-134.57094553132606,0.0
1788591375.8150442,-13.07646355047754,-1.9595882511130398,-134.71729272898585,0.0
1788591376.1435719,-13.111627324458171,-1.9394306957021632,-133.87915537115492,0.0
1788591376.2424881,-13.045409542857138,-1.9182138217776554,-135.30644740072933,0.0
1788591376.3634539,-13.058933613048907,-1.913345120520461,-136.45054889226037,0.0
1788591376.4676921,-13.061812558866892,-1.91668184431652,-134.7259547804332,0.0
1788591376.577922,-13.084419748151989,-1.9704905611519818,-134.11921918785356,0.0
1788591376.6977081,-13.05050535293352,-1.898756372013783,-135.85473463582696,0.0
1788591376.8420138,-13.082881301469179,-1.9469230221511027,-134.03573862378738,0.0
1788591377.002004,-13.056979005259741,-1.9076586350464964,-134.72763459844828,0.0
1788591377.138054,-13.11982343639586,-1.9368870995933518,-134.08395784069717,0.0
1788591377.254411,-13.046808869562371,-1.9434679023030332,-134.07800604417827,0.0
1788591377.367009,-13.07616698837601,-1.960050203652138,-134.72357348088798,0.0
1788591377.478647,-13.068360845436455,-1.8954808017409508,-135.31711796792422,0.0
1788591377.601289,-13.064366132401133,-1.9171623723352105,-134.73759463846204,0.0
1788591377.777965,-13.086113538692027,-1.9681006728057846,-134.26213418641157,0.0
1788591377.973355,-13.08281740477095,-1.9479348767415183,-134.12815808674446,0.0
1788591378.1505668,-13.058489831587305,-1.9291051064911724,-136.43460530918878,0.0
1788591378.314168,-13.059651397855745,-1.9290083642156532,-136.47296578362602,0.0
1788591378.4841049,-13.042077135841833,-1.9193863198219896,-135.1918319939175,0.0
1788591378.662983,-13.082372893015465,-1.9618797524601614,-134.08637457308714,0.0
1788591378.85443,-13.028776159641971,-1.926606758655558,-134.7065414375611,0.0
1788591379.532031,-13.065370870172206,-1.9849132891609214,-134.02226318784915,0.0
1788591379.7064588,-13.044810579046816,-1.9186603954994617,-135.22654540580174,0.0
1788591379.876153,-13.036912424517723,-1.9386350577282654,-134.59577188239075,0.0
1788591380.0433972,-13.053329628575586,-1.9475750495198791,-134.10244685865553,0.0
1788591380.208332,-13.034605219393917,-1.9065261772197415,-135.254403535272,0.0
1788591380.381396,-13.023844471595874,-1.92709999145527,-134.52901153153857,0.0
1788591380.538612,-13.063975967892741,-1.915887053754705,-134.73926786078232,0.0
1788591380.72614,-13.055110627985384,-1.9394627363539998,-134.7270669326797,0.0
1788591380.840254,-13.04628677518633,-1.917379445405436,-135.28340474020547,0.0
1788591381.0694988,-13.06132940570696,-1.9178336771227265,-134.66221053098542,0.0
1788591381.2547798,-13.045997440092986,-1.9184800970513771,-135.31542141366992,0.0
1788591381.4499142,-13.09463182053365,-1.9325483605250806,-133.13768360859376,0.0
1788591381.671148,-13.032738709782286,-1.9077070929405244,-135.34701830461404,0.0
1788591381.8449621,-13.055471360194797,-1.9065917980590918,-134.58139432729513,0.0
1788591382.021861,-13.09404581213143,-1.9322583424584048,-133.1698541508605,0.0
1788591382.1851368,-13.04136133267117,-1.9288577372018034,-136.4116195033131,0.0
1788591382.3655229,-13.056249234943682,-1.9599798372995245,-134.6068556097331,0.0
1788591382.476477,-13.031619127961989,-1.9279923603878175,-134.77599440188453,0.0
1788591382.603561,-12.980400300343963,-1.829749485991253,-131.29505350768432,0.0
1788591382.724721,-12.820571984764417,-1.6658111740481356,-123.01794245230047,0.0
1788591382.834782,-12.855203506094387,-1.5562518290799123,-111.09796065304295,0.0
1788591382.968639,-12.830380529847584,-1.3787265516581273,-78.57656975192876,0.0
1788591383.084173,-12.908765518870537,-1.3347506271610468,-55.38513083914603,0.0
1788591383.2192981,-12.958542484231723,-1.3624109243908564,-46.68072488003287,0.0
1788591383.3334699,-12.895605995734522,-1.3277148940021355,-37.04200774686424,0.0
1788591383.445287,-12.908802411650694,-1.2967543095295602,-33.77944253743968,0.0
1788591383.567871,-12.951880145858741,-1.3060113050796103,-28.875526908385098,0.0
1788591383.699523,-12.935441458822988,-1.2899746519129658,-28.948310323682023,0.0
1788591383.828589,-12.9525916171096,-1.2919253880605643,-28.963302818770046,0.0
1788591383.990249,-12.958571309711687,-1.309759181832395,-28.326686137445108,0.0
1788591384.112625,-12.953337229758878,-1.3115134881573534,-29.264911094033693,0.0
1788591384.222582,-12.968198179400446,-1.313787892272874,-29.329916646889416,0.0
1788591384.346692,-12.955681242557912,-1.314141313138753,-28.24967974709739,0.0
1788591384.4570339,-12.94491745561103,-1.298169765595734,-28.53568518644849,0.0
1788591384.5634098,-12.960506428474137,-1.2999501434213487,-28.56067921836015,0.0
1788591384.6807601,-12.968928199054778,-1.3374254328211512,-28.427926444577224,0.0
1788591384.801543,-12.969781339442566,-1.3122275418891745,-29.35847028673453,0.0
1788591384.915479,-12.95082659839823,-1.337889526330597,-28.401723194387216,0.0
1788591385.024029,-12.951863046230828,-1.3402841464070525,-28.3395737220402,0.0
1788591385.134277,-12.96065410290414,-1.2989565685966642,-28.612281835411437,0.0
1788591385.2508538,-12.971388558394127,-1.3059944636855716,-29.253769547157674,0.0
1788591385.385846,-12.971913227151976,-1.3072549627127037,-29.294696862076336,0.0
1788591385.498252,-12.963591445967602,-1.341168272220225,-28.208128426110534,0.0
1788591385.6082869,-12.944236302919046,-1.3012915600442216,-28.547938119018966,0.0
1788591385.720526,-12.964727310162266,-1.3456426555771472,-28.289356097704,0.0
1788591385.832025,-12.943227332544781,-1.2996370480554171,-28.530190806338055,0.0
1788591385.944163,-12.936059046984202,-1.3404622497818017,-28.469252240522877,0.0
1788591386.060456,-12.96958509534565,-1.3393259521481742,-28.33199613278407,0.0
1788591386.184397,-12.966957813727253,-1.342979686793564,-28.364225038955595,0.0
1788591386.371225,-12.951981542124951,-1.297391587546947,-29.839225026773846,0.0
1788591386.578944,-12.959606388277216,-1.3100058471517175,-28.31272701155163,0.0
1788591386.684574,-12.968497436145704,-1.313757856016137,-29.2336247391182,0.0
1788591386.781076,-12.960301477122703,-1.3009384071312353,-28.65919749526654,0.0
1788591386.906975,-12.907000479953767,-1.3105821733700085,-29.294340107976325,0.0
1788591387.0161102,-12.937782135451592,-1.285504078029376,-28.809335746025937,0.0
1788591387.256499,-12.953265736256752,-1.311467962440183,-29.34403972135297,0.0
1788591387.44771,-12.987246073917396,-1.3252799480296273,-29.334941078199222,0.0
1788591387.5548239,-12.952996716549993,-1.2941255434057977,-29.100163765929977,0.0
1788591387.608028,-12.95781002861607,-1.3042201025506297,-28.79821604471431,0.0
1788591387.755413,-12.935310485638249,-1.2864161478080858,-28.911135193723084,0.0
1788591388.1306062,-12.964656970192948,-1.270026318512268,-29.16508471705137,0.0
1788591388.3199549,-12.943366304342687,-1.2996699629841098,-28.553078209428037,0.0
1788591388.342458,-12.920935063504244,-1.336189802259087,-28.273913504646544,0.0
1788591388.45639,-12.97075659104409,-1.311930023505786,-29.28088106087506,0.0
1788591388.568925,-12.94607315438698,-1.2991317044114212,-28.611495064794127,0.0
1788591388.707222,-12.929083087240471,-1.316940314014907,-28.319535463509226,0.0
1788591388.853138,-12.96692005120889,-1.3465868006390513,-28.42209709965732,0.0
1788591388.982055,-12.94592628619149,-1.2994990090895941,-28.575583054807566,0.0
1788591389.090726,-12.962920394682357,-1.3031436700037662,-29.056032511330642,0.0
1788591389.2146492,-12.967509334764715,-1.3360928440338335,-28.299347628326473,0.0
1788591389.325223,-12.944864644785019,-1.299729722228813,-28.65358298170443,0.0
1788591389.450285,-12.968562401688388,-1.3271028834848952,-29.083843597298937,0.0
1788591389.565328,-12.97072389776163,-1.304276513676408,-29.217095297481734,0.0
1788591389.771626,-12.966513809945749,-1.339377742512569,-28.37753216072167,0.0
1788591389.9724958,-12.963925038548677,-1.301326612680587,-28.604536852800464,0.0
1788591390.138753,-12.96257637168868,-1.277234272118128,-29.31243971528349,0.0
1788591390.309182,-12.963196362625972,-1.313543327374299,-28.639587931497886,0.0
1788591390.4815218,-12.943324792735881,-1.3001191842315705,-28.610160985431264,0.0
1788591390.653454,-12.954418623089271,-1.3113055388867079,-29.323608021285253,0.0
1788591390.826226,-12.945960271416286,-1.3005525925537003,-28.591474372052403,0.0
1788591391.5190442,-12.963667975244364,-1.305917450154291,-28.401172291535005,0.0
1788591391.6911502,-12.962548261840562,-1.3017331979024354,-28.546188623196656,0.0
1788591391.8598552,-12.951343690460794,-1.348189817072411,-28.559775867337095,0.0
1788591392.0295591,-12.97183749151542,-1.3058536725526848,-29.226195928823472,0.0
1788591392.2069929,-12.96246661185553,-1.3434413775936065,-28.26079756164782,0.0
1788591392.381813,-12.941995505575758,-1.258289591266404,-28.942233997929918,0.0
1788591392.554614,-12.947720607495786,-1.3411756693490795,-28.356004391708325,0.0
1788591392.725308,-12.94683792426215,-1.3009685746606259,-28.62262403706535,0.0
1788591392.8334148,-12.958793088486196,-1.30650595912817,-28.2752434794495,0.0
1788591393.003478,-12.960261321351567,-1.3110613600861303,-28.232857666127956,0.0
1788591393.176175,-12.959927735291002,-1.3117798370155522,-28.653048855447366,0.0
1788591393.3596458,-12.971095519276844,-1.3312133944080093,-28.821090894712228,0.0
1788591393.611566,-12.970024382599332,-1.3083731507294876,-29.3178256908584,0.0
1788591393.783947,-12.94854082788882,-1.300869619787392,-28.56813074917116,0.0
1788591393.9531388,-12.953160740112178,-1.31272092603018,-29.30027687502229,0.0
1788591394.11934,-12.935396459722176,-1.2955337191423155,-29.092920330153305,0.0
1788591394.302474,-12.965047853766535,-1.3438506708481721,-28.36111255432607,0.0
1788591394.40824,-12.967753858127239,-1.338454111024898,-28.33395189771113,0.0
1788591394.523388,-12.935931394303724,-1.372139912827358,-30.273101065059222,0.0
1788591394.631836,-12.71856907209986,-1.4794205914114889,-33.89390049998485,0.0
1788591394.7379699,-12.549768150668244,-1.616950510806788,-48.71993399974576,0.0
1788591394.840221,-12.42508392339444,-1.6469807927998144,-71.54884518212926,0.0
1788591394.965398,-12.472269756772032,-1.691543950821237,-100.63824863220083,0.0
1788591395.082268,-12.40179626581914,-1.746277981715349,-121.60149017223631,0.0
1788591395.208199,-12.321371522715408,-1.8088258598814253,-158.69934161350625,0.0
1788591395.321768,-12.255185673933031,-1.7653130842375326,-171.18108894345733,0.0
1788591395.435773,-12.18804301715584,-1.7467168700393765,174.82114312450972,0.0
1788591395.615037,-12.1775824406495,-1.7472176666249832,161.30627722194117,0.0
1788591395.741687,-12.151799295617062,-1.7715596689430928,153.66410057127928,0.0
1788591395.965467,-12.148514777021653,-1.7394071704046983,150.093592624898,0.0
1788591396.074827,-12.162992280222365,-1.7624014627526723,150.66199439061245,0.0
1788591396.179542,-12.142066518047814,-1.7562678793565392,150.10816293614818,0.0
1788591396.591161,-12.064522105709576,-1.7331346388907245,149.61543385753345,0.0
1788591396.618867,-12.175205839149132,-1.7875926180466069,149.85240928086466,0.0
1788591396.735307,-12.158994751645126,-1.7260689355191,150.84977807480948,0.0
1788591396.8578959,-12.15661853930642,-1.7194156694273806,150.50795457292782,0.0
1788591396.9880068,-12.13815420297987,-1.7629149699950215,149.51087015349412,0.0
1788591397.172929,-12.146922204468384,-1.74037215351387,150.48315810892018,0.0
1788591397.34224,-12.133083545072314,-1.7767315858106012,148.38222784820698,0.0
1788591397.4425359,-12.176158959557407,-1.7762401591608334,150.34205561006343,0.0
1788591397.548846,-12.158290733888622,-1.7571409688963342,150.08357335472738,0.0
1788591397.692533,-12.14198366960746,-1.7591359972224596,150.09952276012496,0.0
1788591398.145904,-12.137783841047282,-1.7356029051793902,150.05106196456325,0.0
1788591398.149308,-12.16457302472026,-1.762406519608518,150.680950756531,0.0
1788591398.277557,-12.135572044561808,-1.7870680929195206,150.19096942372983,0.0
1788591398.405777,-12.157408285598308,-1.720246991795523,150.58481290059302,0.0
1788591398.52938,-12.1325689583864,-1.7719967888668378,151.7213810784324,0.0
1788591398.636575,-12.13863813370141,-1.8263800783748552,150.9504331608702,0.0
1788591398.746124,-12.13117212033941,-1.773181544166889,151.7213810784324,0.0
1788591398.857166,-12.14428852952111,-1.7569687474971893,149.96324415833925,0.0
1788591399.0014122,-12.133074417800293,-1.8058376048097353,148.23118507940762,0.0
1788591399.113067,-12.20400487414064,-1.7556865620806843,149.3803622726116,0.0
1788591399.226188,-12.14162500148051,-1.7553077220992293,149.9424647254632,0.0
1788591399.334511,-12.159339106059114,-1.7183288611674121,150.6136630449355,0.0
1788591399.601279,-12.145011534873491,-1.7547643578616294,150.0015627339729,0.0
1788591399.797429,-12.171595287580008,-1.7812925817895109,149.488273322601,0.0
1788591399.9707782,-12.161649303197658,-1.7923556631954793,149.76016342385572,0.0
1788591400.132448,-12.156738599616242,-1.7138846581388543,150.45798240404667,0.0
1788591400.32254,-12.157972554746255,-1.7889519442817368,149.8700069468402,0.0
1788591400.498734,-12.166635658928918,-1.7565502296096933,151.7213810784324,0.0
1788591400.696657,-12.114059914767948,-1.7227888668955817,152.43766854263612,0.0
1788591401.400604,-12.15999134562392,-1.7165780090740776,150.55366253435687,0.0
1788591401.5610938,-12.14141330529964,-1.7500408785582064,149.9195270833725,0.0
1788591401.764781,-12.13112019936773,-1.7423264606326059,152.57047360892892,0.0
1788591401.9714508,-12.132187742137013,-1.737945896586837,149.98384436580807,0.0
1788591402.165065,-12.137892961012144,-1.7643670788713688,149.501699979514,0.0
1788591402.340642,-12.154612820417844,-1.7167821902998583,150.4669821716792,0.0
1788591402.511782,-12.159147816073258,-1.7167706782451975,150.55354454782923,0.0
1788591402.687733,-12.110886238059855,-1.7816595098523487,150.5105690770555,0.0
1788591402.8274188,-12.157805345291354,-1.7170455468945727,150.45855750035764,0.0
1788591403.0035682,-12.157796876181926,-1.7181745074738917,150.66221764193727,0.0
1788591403.1664078,-12.120844095079393,-1.735421072205141,148.28701191261973,0.0
1788591403.3462532,-12.161626006574341,-1.7195507013591744,150.66870697810816,0.0
1788591403.516392,-12.143858460126886,-1.7011113272026444,150.6474102739129,0.0
1788591403.6812532,-12.140287733769169,-1.7687087673680078,149.4991856708982,0.0
1788591403.868329,-12.08628269965337,-1.8045465318763219,147.7737275360713,0.0
1788591404.044929,-12.100017831395665,-1.7179586098562902,148.92487675044902,0.0
1788591407.295176,-12.125116941048228,-1.7353279753469786,149.81925453259004,0.0
1788591407.4004679,-12.14207221469788,-1.7584736196179087,150.06426001162555,0.0
1788591407.532314,-12.086695555433508,-1.7345229007178824,149.3993429058346,0.0
1788591407.6961331,-11.932547076808827,-1.8887536555947761,164.21771462018495,0.0
1788591407.820267,-11.974229307813122,-1.906487423689619,-164.84634249786006,0.0
1788591407.9471848,-11.860577063589933,-1.841057594953872,-136.7602754021009,0.0
1788591408.0649788,-11.874171726651024,-1.7370987978080565,-108.75607710469427,0.0
1788591408.175702,-11.866024638806639,-1.6570034966530656,-78.52938415901382,0.0
1788591408.2846138,-11.949101736987053,-1.6894595916605346,-61.330718825918225,0.0
1788591408.3900218,-11.974863722278648,-1.6858588936511074,-53.530891499678546,0.0
1788591408.52419,-11.962966893969636,-1.6366588146618664,-39.63790556870612,0.0
1788591408.632118,-12.010385719230712,-1.6796943505058428,-36.356924322802286,0.0
1788591408.7522,-11.988399926898508,-1.6924084665145078,-31.55377032368665,0.0
1788591408.88306,-12.054663336493766,-1.6519709437325947,-30.27125834718595,0.0
1788591408.99422,-12.067616235272135,-1.660968840896398,-29.373890780897312,0.0
1788591409.1020129,-12.031767430284706,-1.6301008082423323,-28.42414534102926,0.0
1788591409.2130911,-12.014499099213143,-1.6600132347561354,-28.227989772781626,0.0
1788591409.31993,-12.040660210588253,-1.6469337482839714,-28.71384251122049,0.0
1788591409.438048,-11.985018358422725,-1.6578771860549508,-28.3161908881099,0.0
1788591409.552661,-11.985479573385366,-1.6582302405475873,-28.37712610105379,0.0
1788591409.6728399,-12.033288532125715,-1.6292733567789064,-28.63021025036622,0.0
1788591409.7749498,-12.015705391918267,-1.665223576238188,-28.50153369852916,0.0
1788591409.955101,-12.047041297293076,-1.6475970891246188,-28.66185783121429,0.0
1788591410.149395,-12.035188818094465,-1.614608209618694,-28.916063777322222,0.0
1788591410.389705,-12.009939451627348,-1.6376974382384726,-28.63548228036518,0.0
1788591410.4699981,-12.01784034689828,-1.6588575405137693,-28.328921374855867,0.0
1788591410.5754628,-12.032312613882413,-1.6614564197177009,-28.28788520930621,0.0
1788591410.730538,-12.036245050312463,-1.6177106419482628,-28.934907416513227,0.0
1788591410.961,-12.03232904092051,-1.6629915099866783,-28.322917095331405,0.0
1788591411.077926,-12.001186626451144,-1.6599031093144099,-28.411724117652142,0.0
1788591411.186046,-12.053855941983436,-1.6532435921488529,-28.80845758719289,0.0
1788591411.300405,-12.030686334259894,-1.631052854115482,-28.43897840660574,0.0
1788591411.415508,-12.033247501451372,-1.662019265996818,-28.31433315823881,0.0
1788591411.56784,-11.997945749886183,-1.626838181740053,-28.453232237109972,0.0
1788591411.68153,-12.032678363973146,-1.6618317725225047,-28.32739867230086,0.0
1788591411.790095,-12.083792448591675,-1.6518892008823822,-30.11348601096506,0.0
1788591411.9257522,-12.044323148279352,-1.6490180628535387,-28.644428914419365,0.0
1788591412.0491881,-12.034600793814905,-1.6624331949520812,-28.416081462111293,0.0
1788591412.163147,-12.041966688477164,-1.6462917968346185,-28.653660970896397,0.0
1788591412.3450298,-12.03199514472913,-1.6632133722971036,-28.341151699350206,0.0
1788591412.547915,-12.041556787999122,-1.643336890420056,-28.518078338574185,0.0
1788591412.7260349,-12.03379276593419,-1.6593208291162576,-28.287795056201418,0.0
1788591412.8949142,-11.999524271882393,-1.6238584122649953,-28.396637743365886,0.0
1788591413.061756,-12.056931999231114,-1.664182931363825,-29.099211846733624,0.0
1788591413.2382479,-12.031498269943935,-1.630005712637461,-28.37520452172626,0.0
1788591413.414369,-12.043183409062912,-1.6375930693891898,-28.613202158277858,0.0
