turn,commanded,t_rel,seq,now,flags,x,y,h,ox,oy,oh,vl,vr,i2cf,cyc,posl,posr,dutl,dutr,lexc,wrng,cycovr
1,90,-0.01,123,118383,31,403,374,4497,0,0,0,0,0,9,215,6455,7567,0,0,0,0,0
1,90,0.044,124,118443,31,403,374,4497,0,0,0,0,0,9,216,6455,7567,0,0,0,0,0
1,90,0.11,125,118509,31,403,375,4529,0,0,0,0,26,10,219,6455,7575,-600,600,0,0,0
1,90,0.164,126,118563,31,404,375,4630,0,0,0,0,46,12,221,6455,7600,-800,800,0,0,0
1,90,0.23,127,118629,31,405,376,4832,0,0,0,-20,56,13,224,6447,7642,-1400,1400,0,0,0
1,90,0.286,0,118683,31,406,377,5091,0,0,0,-36,75,13,226,6433,7692,-1900,1700,0,0,0
1,90,0.354,1,118749,31,407,379,5718,0,0,0,-72,128,13,229,6383,7797,-2700,2300,0,0,0
1,90,0.403,2,118803,31,408,380,6345,0,0,0,-108,164,13,231,6317,7886,-2900,2500,0,0,0
1,90,0.473,3,118868,31,408,381,7618,0,0,0,-194,200,13,234,6169,8053,-3300,2800,0,0,0
1,90,0.539,4,118923,31,408,381,8569,0,0,0,-184,207,13,236,6061,8180,-3200,2600,0,0,0
1,90,0.588,5,118989,31,408,382,10121,0,0,0,-200,200,13,239,5872,8375,-2500,1900,0,0,0
1,90,0.644,6,119043,31,408,382,11007,0,0,0,-174,174,13,241,5764,8486,-2000,1500,0,0,0
1,90,0.709,7,119109,31,408,381,12099,0,0,0,-138,118,13,244,5622,8614,-1400,900,0,0,0
1,90,0.763,8,119163,31,409,381,12637,0,0,0,-118,82,13,246,5547,8672,-1100,700,0,0,0
1,90,0.85,9,119228,31,409,380,13150,0,0,0,-72,53,13,249,5478,8730,-700,400,0,0,0
1,90,0.883,10,119283,31,409,380,13356,0,0,0,-36,30,13,251,5450,8753,-600,300,0,0,0
1,90,0.962,11,119349,31,409,380,13502,0,0,0,10,16,13,254,5433,8772,0,0,0,0,0
1,90,1.015,12,119412,31,409,380,13502,0,0,0,0,0,13,257,5433,8772,0,0,0,0,0
1,90,1.07,13,119467,31,409,380,13502,0,0,0,0,0,13,257,5433,8772,0,0,0,0,0
1,90,1.128,14,119523,31,409,380,13502,0,0,0,0,0,13,257,5433,8772,0,0,0,0,0
1,90,1.181,15,119579,31,409,380,13502,0,0,0,0,0,13,257,5433,8772,0,0,0,0,0
1,90,1.237,16,119635,31,409,380,13502,0,0,0,0,0,13,257,5433,8772,0,0,0,0,0
1,90,1.29,17,119691,31,409,380,13502,0,0,0,0,0,13,257,5433,8772,0,0,0,0,0
1,90,1.347,18,119747,31,409,380,13502,0,0,0,0,0,13,257,5433,8772,0,0,0,0,0
1,90,1.409,19,119803,31,409,380,13502,0,0,0,0,0,13,257,5433,8772,0,0,0,0,0
1,90,1.51,20,119859,31,409,380,13502,0,0,0,0,0,13,257,5433,8772,0,0,0,0,0
1,90,1.521,21,119915,31,409,380,13502,0,0,0,0,0,13,257,5433,8772,0,0,0,0,0
1,90,1.584,22,119971,31,409,380,13502,0,0,0,0,0,13,257,5433,8772,0,0,0,0,0
1,90,1.632,23,120027,31,409,380,13502,0,0,0,0,0,13,257,5433,8772,0,0,0,0,0
1,90,1.736,24,120083,31,409,380,13502,0,0,0,0,0,13,257,5433,8772,0,0,0,0,0
1,90,1.738,25,120139,31,409,380,13502,0,0,0,0,0,13,257,5433,8772,0,0,0,0,0
1,90,1.838,26,120195,31,409,380,13502,0,0,0,0,0,13,257,5433,8772,0,0,0,0,0
1,90,1.861,27,120251,31,409,380,13502,0,0,0,0,0,13,257,5433,8772,0,0,0,0,0
1,90,1.907,28,120307,31,409,380,13502,0,0,0,0,0,13,257,5433,8772,0,0,0,0,0
1,90,1.962,29,120363,31,409,380,13502,0,0,0,0,0,13,257,5433,8772,0,0,0,0,0
1,90,2.027,30,120419,31,409,380,13502,0,0,0,0,0,13,257,5433,8772,0,0,0,0,0
1,90,2.1,31,120475,31,409,380,13502,0,0,0,0,0,13,257,5433,8772,0,0,0,0,0
1,90,2.134,32,120531,31,409,380,13502,0,0,0,0,0,13,257,5433,8772,0,0,0,0,0
1,90,2.198,33,120587,31,409,380,13502,0,0,0,0,0,13,257,5433,8772,0,0,0,0,0
1,90,2.245,34,120643,31,409,380,13502,0,0,0,0,0,13,257,5433,8772,0,0,0,0,0
1,90,2.301,35,120699,31,409,380,13502,0,0,0,0,0,13,257,5433,8772,0,0,0,0,0
1,90,2.362,36,120755,31,409,380,13502,0,0,0,0,0,13,257,5433,8772,0,0,0,0,0
1,90,2.411,37,120811,31,409,380,13502,0,0,0,0,0,13,257,5433,8772,0,0,0,0,0
1,90,2.473,38,120867,31,409,380,13502,0,0,0,0,0,13,257,5433,8772,0,0,0,0,0
1,90,2.523,39,120923,31,409,380,13502,0,0,0,0,0,13,257,5433,8772,0,0,0,0,0
1,90,2.583,40,120979,31,409,380,13502,0,0,0,0,0,13,257,5433,8772,0,0,0,0,0
1,90,2.636,41,121035,31,409,380,13502,0,0,0,0,0,13,257,5433,8772,0,0,0,0,0
1,90,2.736,42,121091,31,409,380,13502,0,0,0,0,0,13,257,5433,8772,0,0,0,0,0
1,90,2.746,43,121147,31,409,380,13502,0,0,0,0,0,13,257,5433,8772,0,0,0,0,0
1,90,2.808,44,121203,31,409,380,13502,0,0,0,0,0,13,257,5433,8772,0,0,0,0,0
1,90,2.86,45,121259,31,409,380,13502,0,0,0,0,0,13,257,5433,8772,0,0,0,0,0
1,90,2.924,46,121315,31,409,380,13502,0,0,0,0,0,13,257,5433,8772,0,0,0,0,0
1,90,2.973,47,121371,31,409,380,13502,0,0,0,0,0,13,257,5433,8772,0,0,0,0,0
1,90,3.026,48,121427,31,409,380,13502,0,0,0,0,0,13,257,5433,8772,0,0,0,0,0
1,90,3.089,49,121483,31,409,380,13502,0,0,0,0,0,13,257,5433,8772,0,0,0,0,0
1,90,3.139,50,121539,31,409,380,13502,0,0,0,0,0,13,257,5433,8772,0,0,0,0,0
2,-90,-0.02,98,124227,31,409,380,13502,0,0,0,0,0,13,257,5433,8772,0,0,0,0,0
2,-90,0.041,99,124292,31,409,380,13502,0,0,0,0,0,13,258,5433,8772,0,0,0,0,0
2,-90,0.102,100,124345,31,409,380,13490,0,0,0,0,-10,13,260,5433,8769,400,-400,0,0,0
2,-90,0.15,101,124399,31,409,380,13458,0,0,0,0,-20,15,262,5433,8761,700,-800,0,0,0
2,-90,0.23,102,124465,31,410,379,13381,0,0,0,0,-7,18,265,5433,8742,1100,-1300,0,0,0
2,-90,0.27,103,124519,31,410,379,13142,0,0,0,56,-56,18,267,5461,8711,1500,-1800,0,0,0
2,-90,0.347,104,124585,31,411,378,12604,0,0,0,72,-118,18,270,5511,8628,2300,-2400,0,0,0
2,-90,0.387,105,124639,31,411,378,11929,0,0,0,138,-154,18,272,5586,8536,2600,-2600,0,0,0
2,-90,0.466,106,124705,31,411,377,10680,0,0,0,174,-200,18,275,5728,8369,3000,-2900,0,0,0
2,-90,0.514,107,124759,31,412,377,9705,0,0,0,201,-210,18,277,5844,8244,3000,-2900,0,0,0
2,-90,0.572,108,124825,31,412,376,8152,0,0,0,184,-200,18,280,6028,8044,2400,-2100,0,0,0
2,-90,0.641,109,124879,31,412,376,7254,0,0,0,174,-184,18,282,6142,7936,1900,-1700,0,0,0
2,-90,0.694,110,124945,31,412,376,6114,0,0,0,135,-135,18,285,6280,7792,1400,-1100,0,0,0
2,-90,0.746,111,124999,31,411,376,5584,0,0,0,89,-92,18,287,6344,7725,1000,-700,0,0,0
2,-90,0.825,112,125065,31,412,376,5018,0,0,0,56,-56,18,290,6417,7658,700,-500,0,0,0
2,-90,0.865,113,125119,31,412,376,4820,0,0,0,46,-36,18,292,6444,7636,700,-300,0,0,0
2,-90,0.967,114,125184,31,412,376,4626,0,0,0,20,-26,18,295,6467,7611,400,-300,0,0,0
2,-90,0.987,115,125239,31,412,376,4573,0,0,0,8,-16,19,297,6472,7603,500,-300,0,0,0
2,-90,1.052,116,125304,31,411,376,4549,0,0,0,-5,0,20,300,6472,7597,0,0,0,0,0
2,-90,1.144,117,125368,31,411,376,4549,0,0,0,0,0,20,303,6472,7597,0,0,0,0,0
2,-90,1.175,118,125423,31,411,376,4549,0,0,0,0,0,20,303,6472,7597,0,0,0,0,0
2,-90,1.257,119,125479,31,411,376,4549,0,0,0,0,0,20,303,6472,7597,0,0,0,0,0
2,-90,1.285,120,125535,31,411,376,4549,0,0,0,0,0,20,303,6472,7597,0,0,0,0,0
2,-90,1.342,121,125591,31,411,376,4549,0,0,0,0,0,20,303,6472,7597,0,0,0,0,0
2,-90,1.397,122,125647,31,411,376,4549,0,0,0,0,0,20,303,6472,7597,0,0,0,0,0
2,-90,1.45,123,125703,31,411,376,4549,0,0,0,0,0,20,303,6472,7597,0,0,0,0,0
2,-90,1.511,124,125759,31,411,376,4549,0,0,0,0,0,20,303,6472,7597,0,0,0,0,0
2,-90,1.571,125,125815,31,411,376,4549,0,0,0,0,0,20,303,6472,7597,0,0,0,0,0
2,-90,1.622,126,125871,31,411,376,4549,0,0,0,0,0,20,303,6472,7597,0,0,0,0,0
2,-90,1.676,127,125927,31,411,376,4549,0,0,0,0,0,20,303,6472,7597,0,0,0,0,0
2,-90,1.729,0,125983,31,411,376,4549,0,0,0,0,0,20,303,6472,7597,0,0,0,0,0
2,-90,1.787,1,126039,31,411,376,4549,0,0,0,0,0,20,303,6472,7597,0,0,0,0,0
2,-90,1.844,2,126095,31,411,376,4549,0,0,0,0,0,20,303,6472,7597,0,0,0,0,0
2,-90,1.901,3,126151,31,411,376,4549,0,0,0,0,0,20,303,6472,7597,0,0,0,0,0
2,-90,1.955,4,126207,31,411,376,4549,0,0,0,0,0,20,303,6472,7597,0,0,0,0,0
2,-90,2.013,5,126263,31,411,376,4549,0,0,0,0,0,20,303,6472,7597,0,0,0,0,0
2,-90,2.065,6,126319,31,411,376,4549,0,0,0,0,0,20,303,6472,7597,0,0,0,0,0
2,-90,2.127,7,126375,31,411,376,4549,0,0,0,0,0,20,303,6472,7597,0,0,0,0,0
2,-90,2.178,8,126431,31,411,376,4549,0,0,0,0,0,20,303,6472,7597,0,0,0,0,0
2,-90,2.233,9,126487,31,411,376,4549,0,0,0,0,0,20,303,6472,7597,0,0,0,0,0
2,-90,2.289,10,126543,31,411,376,4549,0,0,0,0,0,20,303,6472,7597,0,0,0,0,0
2,-90,2.347,11,126599,31,411,376,4549,0,0,0,0,0,20,303,6472,7597,0,0,0,0,0
2,-90,2.404,12,126655,31,411,376,4549,0,0,0,0,0,20,303,6472,7597,0,0,0,0,0
2,-90,2.458,13,126711,31,411,376,4549,0,0,0,0,0,20,303,6472,7597,0,0,0,0,0
2,-90,2.515,14,126767,31,411,376,4549,0,0,0,0,0,20,303,6472,7597,0,0,0,0,0
2,-90,2.573,15,126823,31,411,376,4549,0,0,0,0,0,20,303,6472,7597,0,0,0,0,0
2,-90,2.638,16,126879,31,411,376,4549,0,0,0,0,0,20,303,6472,7597,0,0,0,0,0
2,-90,2.688,17,126935,31,411,376,4549,0,0,0,0,0,20,303,6472,7597,0,0,0,0,0
2,-90,2.753,18,126991,31,411,376,4549,0,0,0,0,0,20,303,6472,7597,0,0,0,0,0
2,-90,2.803,19,127047,31,411,376,4549,0,0,0,0,0,20,303,6472,7597,0,0,0,0,0
2,-90,2.866,20,127103,31,411,376,4549,0,0,0,0,0,20,303,6472,7597,0,0,0,0,0
2,-90,2.92,21,127159,31,411,376,4549,0,0,0,0,0,20,303,6472,7597,0,0,0,0,0
2,-90,2.97,22,127215,31,411,376,4549,0,0,0,0,0,20,303,6472,7597,0,0,0,0,0
2,-90,3.021,23,127271,31,411,376,4549,0,0,0,0,0,20,303,6472,7597,0,0,0,0,0
2,-90,3.074,24,127327,31,411,376,4549,0,0,0,0,0,20,303,6472,7597,0,0,0,0,0
2,-90,3.134,25,127383,31,411,376,4549,0,0,0,0,0,20,303,6472,7597,0,0,0,0,0
2,-90,3.186,26,127439,31,411,376,4549,0,0,0,0,0,20,303,6472,7597,0,0,0,0,0
2,-90,3.245,27,127495,31,411,376,4549,0,0,0,0,0,20,303,6472,7597,0,0,0,0,0
2,-90,3.316,28,127551,31,411,376,4549,0,0,0,0,0,20,303,6472,7597,0,0,0,0,0
2,-90,3.359,29,127607,31,411,376,4549,0,0,0,0,0,20,303,6472,7597,0,0,0,0,0
2,-90,3.414,30,127663,31,411,376,4549,0,0,0,0,0,20,303,6472,7597,0,0,0,0,0
2,-90,3.466,31,127719,31,411,376,4549,0,0,0,0,0,20,303,6472,7597,0,0,0,0,0
2,-90,3.522,32,127775,31,411,376,4549,0,0,0,0,0,20,303,6472,7597,0,0,0,0,0
2,-90,3.595,33,127831,31,411,376,4549,0,0,0,0,0,20,303,6472,7597,0,0,0,0,0
2,-90,3.635,34,127887,31,411,376,4549,0,0,0,0,0,20,303,6472,7597,0,0,0,0,0
2,-90,3.744,35,127943,31,411,376,4549,0,0,0,0,0,20,303,6472,7597,0,0,0,0,0
2,-90,3.751,36,127999,31,411,376,4549,0,0,0,0,0,20,303,6472,7597,0,0,0,0,0
2,-90,3.802,37,128055,31,411,376,4549,0,0,0,0,0,20,303,6472,7597,0,0,0,0,0
2,-90,3.857,38,128111,31,411,376,4549,0,0,0,0,0,20,303,6472,7597,0,0,0,0,0
2,-90,3.918,39,128167,31,411,376,4549,0,0,0,0,0,20,303,6472,7597,0,0,0,0,0
2,-90,3.972,40,128223,31,411,376,4549,0,0,0,0,0,20,303,6472,7597,0,0,0,0,0
2,-90,4.025,41,128279,31,411,376,4549,0,0,0,0,0,20,303,6472,7597,0,0,0,0,0
2,-90,4.094,42,128335,31,411,376,4549,0,0,0,0,0,20,303,6472,7597,0,0,0,0,0
2,-90,4.143,43,128391,31,411,376,4549,0,0,0,0,0,20,303,6472,7597,0,0,0,0,0
2,-90,4.216,44,128447,31,411,376,4549,0,0,0,0,0,20,303,6472,7597,0,0,0,0,0
2,-90,4.256,45,128503,31,411,376,4549,0,0,0,0,0,20,303,6472,7597,0,0,0,0,0
2,-90,4.317,46,128559,31,411,376,4549,0,0,0,0,0,20,303,6472,7597,0,0,0,0,0
3,180,-0.014,94,131247,31,411,376,4549,0,0,0,0,0,20,303,6472,7597,0,0,0,0,0
3,180,0.039,95,131304,31,411,376,4549,0,0,0,0,0,20,304,6472,7597,0,0,0,0,0
3,180,0.094,96,131357,31,412,376,4573,0,0,0,0,20,20,306,6472,7603,-400,400,0,0,0
3,180,0.144,97,131411,31,412,376,4618,0,0,0,0,20,22,308,6472,7614,-700,700,0,0,0
3,180,0.215,98,131477,31,412,377,4800,0,0,0,-20,30,22,311,6455,7642,-1200,1300,0,0,0
3,180,0.265,99,131531,31,412,377,5022,0,0,0,-36,66,22,313,6433,7675,-1800,1700,0,0,0
3,180,0.346,100,131597,31,413,378,5572,0,0,0,-82,112,22,316,6375,7753,-2400,2300,0,0,0
3,180,0.385,101,131651,31,413,378,6134,0,0,0,-128,138,22,318,6311,7828,-2700,2600,0,0,0
3,180,0.46,102,131717,31,413,379,7287,0,0,0,-164,180,22,321,6178,7980,-3100,2900,0,0,0
3,180,0.506,103,131771,31,414,379,8209,0,0,0,-181,181,22,323,6067,8097,-3200,2900,0,0,0
3,180,0.569,104,131837,31,414,380,9814,0,0,0,-200,226,22,326,5878,8305,-3000,2700,0,0,0
3,180,0.624,105,131891,31,414,380,10874,0,0,0,-230,220,22,328,5747,8436,-3000,2600,0,0,0
3,180,0.693,106,131957,31,413,380,12378,0,0,0,-191,200,22,331,5564,8625,-2700,2300,0,0,0
3,180,0.745,107,132011,31,413,380,13336,0,0,0,-200,204,22,333,5444,8742,-2700,2300,0,0,0
3,180,0.808,108,132076,31,414,380,14715,0,0,0,-184,174,22,336,5272,8911,-2600,2300,0,0,0
3,180,0.87,109,132131,31,414,380,15637,0,0,0,-184,184,22,338,5158,9025,-2600,2400,0,0,0
3,180,0.929,110,132197,31,413,380,16951,0,0,0,-164,184,22,341,5000,9192,-2700,2300,0,0,0
3,180,0.991,111,132251,31,413,380,17869,0,0,0,-190,181,22,343,4886,9305,-2600,2200,0,0,0
3,180,1.051,112,132317,31,413,380,19131,0,0,0,-154,154,22,346,4733,9464,-2200,1900,0,0,0
3,180,1.116,113,132372,31,413,380,19915,0,0,0,-144,154,22,348,4639,9564,-2000,1500,0,0,0
3,180,1.169,114,132437,31,413,380,20858,0,0,0,-108,99,23,351,4522,9680,-1500,800,0,0,0
3,180,1.225,115,132491,31,413,380,21355,0,0,0,-82,92,23,353,4461,9742,-1200,600,0,0,0
3,180,1.294,116,132557,31,413,380,21848,0,0,0,-75,56,23,356,4394,9797,-1000,500,0,0,0
3,180,1.345,117,132611,31,413,380,22071,0,0,0,-46,46,23,358,4364,9822,-900,400,0,0,0
3,180,1.409,118,132676,31,414,380,22330,0,0,0,-36,36,23,361,4328,9850,-800,300,0,0,0
3,180,1.463,119,132731,31,414,380,22443,0,0,0,-10,26,23,363,4311,9861,-700,300,0,0,0
3,180,1.53,120,132797,31,414,380,22568,0,0,0,-10,10,23,366,4294,9875,0,0,0,0,0
3,180,1.593,121,132860,31,414,380,22568,0,0,0,0,0,23,369,4294,9875,0,0,0,0,0
3,180,1.647,122,132915,31,414,380,22568,0,0,0,0,0,23,369,4294,9875,0,0,0,0,0
3,180,1.704,123,132971,31,414,380,22568,0,0,0,0,0,23,369,4294,9875,0,0,0,0,0
3,180,1.762,124,133027,31,414,380,22568,0,0,0,0,0,23,369,4294,9875,0,0,0,0,0
3,180,1.819,125,133083,31,414,380,22568,0,0,0,0,0,23,369,4294,9875,0,0,0,0,0
3,180,1.882,126,133139,31,414,380,22568,0,0,0,0,0,23,369,4294,9875,0,0,0,0,0
3,180,1.93,127,133195,31,414,380,22568,0,0,0,0,0,23,369,4294,9875,0,0,0,0,0
3,180,1.984,0,133251,31,414,380,22568,0,0,0,0,0,23,369,4294,9875,0,0,0,0,0
3,180,2.038,1,133307,31,414,380,22568,0,0,0,0,0,23,369,4294,9875,0,0,0,0,0
3,180,2.103,2,133363,31,414,380,22568,0,0,0,0,0,23,369,4294,9875,0,0,0,0,0
3,180,2.151,3,133419,31,414,380,22568,0,0,0,0,0,23,369,4294,9875,0,0,0,0,0
3,180,2.208,4,133475,31,414,380,22568,0,0,0,0,0,23,369,4294,9875,0,0,0,0,0
3,180,2.262,5,133531,31,414,380,22568,0,0,0,0,0,23,369,4294,9875,0,0,0,0,0
3,180,2.318,6,133587,31,414,380,22568,0,0,0,0,0,23,369,4294,9875,0,0,0,0,0
3,180,2.374,7,133643,31,414,380,22568,0,0,0,0,0,23,369,4294,9875,0,0,0,0,0
3,180,2.434,8,133699,31,414,380,22568,0,0,0,0,0,23,369,4294,9875,0,0,0,0,0
3,180,2.496,9,133755,31,414,380,22568,0,0,0,0,0,23,369,4294,9875,0,0,0,0,0
3,180,2.55,10,133811,31,414,380,22568,0,0,0,0,0,23,369,4294,9875,0,0,0,0,0
3,180,2.601,11,133867,31,414,380,22568,0,0,0,0,0,23,369,4294,9875,0,0,0,0,0
3,180,2.657,12,133923,31,414,380,22568,0,0,0,0,0,23,369,4294,9875,0,0,0,0,0
3,180,2.714,13,133979,31,414,380,22568,0,0,0,0,0,23,369,4294,9875,0,0,0,0,0
3,180,2.77,14,134035,31,414,380,22568,0,0,0,0,0,23,369,4294,9875,0,0,0,0,0
3,180,2.826,15,134091,31,414,380,22568,0,0,0,0,0,23,369,4294,9875,0,0,0,0,0
3,180,2.88,16,134147,31,414,380,22568,0,0,0,0,0,23,369,4294,9875,0,0,0,0,0
3,180,2.936,17,134203,31,414,380,22568,0,0,0,0,0,23,369,4294,9875,0,0,0,0,0
3,180,2.995,18,134259,31,414,380,22568,0,0,0,0,0,23,369,4294,9875,0,0,0,0,0
3,180,3.047,19,134315,31,414,380,22568,0,0,0,0,0,23,369,4294,9875,0,0,0,0,0
3,180,3.104,20,134371,31,414,380,22568,0,0,0,0,0,23,369,4294,9875,0,0,0,0,0
3,180,3.17,21,134427,31,414,380,22568,0,0,0,0,0,23,369,4294,9875,0,0,0,0,0
3,180,3.214,22,134483,31,414,380,22568,0,0,0,0,0,23,369,4294,9875,0,0,0,0,0
3,180,3.27,23,134539,31,414,380,22568,0,0,0,0,0,23,369,4294,9875,0,0,0,0,0
3,180,3.33,24,134595,31,414,380,22568,0,0,0,0,0,23,369,4294,9875,0,0,0,0,0
3,180,3.387,25,134651,31,414,380,22568,0,0,0,0,0,23,369,4294,9875,0,0,0,0,0
3,180,3.44,26,134707,31,414,380,22568,0,0,0,0,0,23,369,4294,9875,0,0,0,0,0
3,180,3.498,27,134763,31,414,380,22568,0,0,0,0,0,23,369,4294,9875,0,0,0,0,0
3,180,3.559,28,134819,31,414,380,22568,0,0,0,0,0,23,369,4294,9875,0,0,0,0,0
3,180,3.613,29,134875,31,414,380,22568,0,0,0,0,0,23,369,4294,9875,0,0,0,0,0
3,180,3.662,30,134931,31,414,380,22568,0,0,0,0,0,23,369,4294,9875,0,0,0,0,0
3,180,3.721,31,134987,31,414,380,22568,0,0,0,0,0,23,369,4294,9875,0,0,0,0,0
3,180,3.775,32,135043,31,414,380,22568,0,0,0,0,0,23,369,4294,9875,0,0,0,0,0
3,180,3.838,33,135099,31,414,380,22568,0,0,0,0,0,23,369,4294,9875,0,0,0,0,0
3,180,3.887,34,135155,31,414,380,22568,0,0,0,0,0,23,369,4294,9875,0,0,0,0,0
3,180,3.944,35,135211,31,414,380,22568,0,0,0,0,0,23,369,4294,9875,0,0,0,0,0
3,180,4.002,36,135267,31,414,380,22568,0,0,0,0,0,23,369,4294,9875,0,0,0,0,0
3,180,4.056,37,135323,31,414,380,22568,0,0,0,0,0,23,369,4294,9875,0,0,0,0,0
3,180,4.112,38,135379,31,414,380,22568,0,0,0,0,0,23,369,4294,9875,0,0,0,0,0
3,180,4.173,39,135435,31,414,380,22568,0,0,0,0,0,23,369,4294,9875,0,0,0,0,0
3,180,4.23,40,135491,31,414,380,22568,0,0,0,0,0,23,369,4294,9875,0,0,0,0,0
3,180,4.28,41,135547,31,414,380,22568,0,0,0,0,0,23,369,4294,9875,0,0,0,0,0
3,180,4.336,42,135603,31,414,380,22568,0,0,0,0,0,23,369,4294,9875,0,0,0,0,0
3,180,4.393,43,135659,31,414,380,22568,0,0,0,0,0,23,369,4294,9875,0,0,0,0,0
3,180,4.453,44,135715,31,414,380,22568,0,0,0,0,0,23,369,4294,9875,0,0,0,0,0
3,180,4.503,45,135771,31,414,380,22568,0,0,0,0,0,23,369,4294,9875,0,0,0,0,0
3,180,4.563,46,135827,31,414,380,22568,0,0,0,0,0,23,369,4294,9875,0,0,0,0,0
3,180,4.617,47,135883,31,414,380,22568,0,0,0,0,0,23,369,4294,9875,0,0,0,0,0
3,180,4.671,48,135939,31,414,380,22568,0,0,0,0,0,23,369,4294,9875,0,0,0,0,0
4,-180,-0.0,95,138571,31,414,380,22568,0,0,0,0,0,23,369,4294,9875,0,0,0,0,0
4,-180,0.035,96,138636,31,414,380,22568,0,0,0,0,0,23,370,4294,9875,0,0,0,0,0
4,-180,0.098,97,138689,31,414,381,22544,0,0,0,0,-20,23,372,4294,9869,400,-400,0,0,0
4,-180,0.144,98,138743,31,414,381,22487,0,0,0,5,-20,24,374,4297,9858,700,-700,0,0,0
4,-180,0.209,99,138809,31,414,381,22273,0,0,0,36,-29,24,377,4322,9830,1300,-1200,0,0,0
4,-180,0.265,100,138863,31,415,381,22083,0,0,0,36,-62,24,379,4339,9800,1700,-1700,0,0,0
4,-180,0.343,101,138929,31,415,382,21444,0,0,0,108,-108,24,382,4411,9714,2400,-2300,0,0,0
4,-180,0.387,102,138983,31,416,382,20805,0,0,0,128,-135,24,384,4483,9628,2700,-2500,0,0,0
4,-180,0.45,103,139049,31,416,382,19568,0,0,0,174,-164,24,387,4636,9475,2900,-2700,0,0,0
4,-180,0.504,104,139103,31,416,382,18613,0,0,0,200,-200,24,389,4750,9353,3000,-2800,0,0,0
4,-180,0.569,105,139169,31,416,382,17121,0,0,0,190,-200,24,392,4933,9167,2900,-2500,0,0,0
4,-180,0.629,106,139223,31,416,382,16086,0,0,0,210,-217,24,394,5064,9042,2700,-2500,0,0,0
4,-180,0.695,107,139289,31,416,382,14590,0,0,0,200,-184,24,397,5250,8858,2600,-2400,0,0,0
4,-180,0.745,108,139343,31,416,382,13672,0,0,0,174,-181,24,399,5361,8742,2600,-2300,0,0,0
4,-180,0.809,109,139408,31,416,382,12269,0,0,0,181,-190,24,402,5533,8567,2600,-2300,0,0,0
4,-180,0.874,110,139463,31,416,382,11347,0,0,0,171,-191,24,404,5644,8450,2500,-2300,0,0,0
4,-180,0.936,111,139528,31,416,381,9964,0,0,0,184,-200,24,407,5811,8275,2600,-2300,0,0,0
4,-180,0.991,112,139583,31,416,384,9288,0,0,0,181,-184,25,409,5922,8219,2400,-2000,0,0,0
4,-180,1.049,113,139649,31,416,381,7764,0,0,0,164,-164,25,412,6083,8003,2100,-1300,0,0,0
4,-180,1.115,114,139703,31,416,382,7032,0,0,0,154,-128,25,414,6180,7919,1800,-1100,0,0,0
4,-180,1.174,115,139768,31,416,382,6179,0,0,0,98,-92,25,417,6294,7822,1400,-900,0,0,0
4,-180,1.231,116,139823,31,417,383,5762,0,0,0,89,-56,25,419,6355,7780,1100,-700,0,0,0
4,-180,1.288,117,139888,31,417,384,5281,0,0,0,62,-46,25,422,6422,7728,900,-600,0,0,0
4,-180,1.35,118,139943,31,417,384,5055,0,0,0,36,-46,25,424,6450,7700,800,-500,0,0,0
4,-180,1.421,119,140008,31,417,384,4808,0,0,0,26,-26,25,427,6483,7672,600,-400,0,0,0
4,-180,1.47,120,140063,31,417,384,4719,0,0,0,26,-16,25,429,6497,7664,700,-500,0,0,0
4,-180,1.535,121,140128,31,417,384,4618,0,0,0,16,-10,26,432,6505,7647,700,-400,0,0,0
4,-180,1.592,122,140183,31,417,383,4573,0,0,0,16,-20,28,434,6505,7636,0,0,0,0,0
4,-180,1.665,123,140264,31,417,383,4549,0,0,0,0,0,28,438,6505,7630,0,0,0,0,0
4,-180,1.731,124,140319,31,417,383,4549,0,0,0,0,0,28,438,6505,7630,0,0,0,0,0
4,-180,1.776,125,140375,31,417,383,4549,0,0,0,0,0,28,438,6505,7630,0,0,0,0,0
4,-180,1.842,126,140431,31,417,383,4549,0,0,0,0,0,28,438,6505,7630,0,0,0,0,0
4,-180,1.892,127,140487,31,417,383,4549,0,0,0,0,0,28,438,6505,7630,0,0,0,0,0
4,-180,1.942,0,140543,31,417,383,4549,0,0,0,0,0,28,438,6505,7630,0,0,0,0,0
4,-180,2.0,1,140599,31,417,383,4549,0,0,0,0,0,28,438,6505,7630,0,0,0,0,0
4,-180,2.054,2,140655,31,417,383,4549,0,0,0,0,0,28,438,6505,7630,0,0,0,0,0
4,-180,2.115,3,140711,31,417,383,4549,0,0,0,0,0,28,438,6505,7630,0,0,0,0,0
4,-180,2.17,4,140767,31,417,383,4549,0,0,0,0,0,28,438,6505,7630,0,0,0,0,0
4,-180,2.223,5,140823,31,417,383,4549,0,0,0,0,0,28,438,6505,7630,0,0,0,0,0
4,-180,2.278,6,140879,31,417,383,4549,0,0,0,0,0,28,438,6505,7630,0,0,0,0,0
4,-180,2.346,7,140935,31,417,383,4549,0,0,0,0,0,28,438,6505,7630,0,0,0,0,0
4,-180,2.391,8,140991,31,417,383,4549,0,0,0,0,0,28,438,6505,7630,0,0,0,0,0
4,-180,2.457,9,141047,31,417,383,4549,0,0,0,0,0,28,438,6505,7630,0,0,0,0,0
4,-180,2.505,10,141103,31,417,383,4549,0,0,0,0,0,28,438,6505,7630,0,0,0,0,0
4,-180,2.559,11,141159,31,417,383,4549,0,0,0,0,0,28,438,6505,7630,0,0,0,0,0
4,-180,2.615,12,141215,31,417,383,4549,0,0,0,0,0,28,438,6505,7630,0,0,0,0,0
4,-180,2.67,13,141271,31,417,383,4549,0,0,0,0,0,28,438,6505,7630,0,0,0,0,0
4,-180,2.732,14,141327,31,417,383,4549,0,0,0,0,0,28,438,6505,7630,0,0,0,0,0
4,-180,2.783,15,141383,31,417,383,4549,0,0,0,0,0,28,438,6505,7630,0,0,0,0,0
4,-180,2.845,16,141439,31,417,383,4549,0,0,0,0,0,28,438,6505,7630,0,0,0,0,0
4,-180,2.897,17,141495,31,417,383,4549,0,0,0,0,0,28,438,6505,7630,0,0,0,0,0
4,-180,2.957,18,141551,31,417,383,4549,0,0,0,0,0,28,438,6505,7630,0,0,0,0,0
4,-180,3.007,19,141607,31,417,383,4549,0,0,0,0,0,28,438,6505,7630,0,0,0,0,0
4,-180,3.063,20,141663,31,417,383,4549,0,0,0,0,0,28,438,6505,7630,0,0,0,0,0
4,-180,3.121,21,141719,31,417,383,4549,0,0,0,0,0,28,438,6505,7630,0,0,0,0,0
4,-180,3.176,22,141775,31,417,383,4549,0,0,0,0,0,28,438,6505,7630,0,0,0,0,0
4,-180,3.23,23,141831,31,417,383,4549,0,0,0,0,0,28,438,6505,7630,0,0,0,0,0
4,-180,3.295,24,141887,31,417,383,4549,0,0,0,0,0,28,438,6505,7630,0,0,0,0,0
4,-180,3.345,25,141943,31,417,383,4549,0,0,0,0,0,28,438,6505,7630,0,0,0,0,0
4,-180,3.41,26,141999,31,417,383,4549,0,0,0,0,0,28,438,6505,7630,0,0,0,0,0
4,-180,3.463,27,142055,31,417,383,4549,0,0,0,0,0,28,438,6505,7630,0,0,0,0,0
4,-180,3.523,28,142111,31,417,383,4549,0,0,0,0,0,28,438,6505,7630,0,0,0,0,0
4,-180,3.573,29,142167,31,417,383,4549,0,0,0,0,0,28,438,6505,7630,0,0,0,0,0
4,-180,3.623,30,142223,31,417,383,4549,0,0,0,0,0,28,438,6505,7630,0,0,0,0,0
4,-180,3.682,31,142279,31,417,383,4549,0,0,0,0,0,28,438,6505,7630,0,0,0,0,0
4,-180,3.735,32,142335,31,417,383,4549,0,0,0,0,0,28,438,6505,7630,0,0,0,0,0
4,-180,3.796,33,142391,31,417,383,4549,0,0,0,0,0,28,438,6505,7630,0,0,0,0,0
4,-180,3.851,34,142447,31,417,383,4549,0,0,0,0,0,28,438,6505,7630,0,0,0,0,0
4,-180,3.914,35,142503,31,417,383,4549,0,0,0,0,0,28,438,6505,7630,0,0,0,0,0
4,-180,3.963,36,142559,31,417,383,4549,0,0,0,0,0,28,438,6505,7630,0,0,0,0,0
4,-180,4.019,37,142615,31,417,383,4549,0,0,0,0,0,28,438,6505,7630,0,0,0,0,0
4,-180,4.075,38,142671,31,417,383,4549,0,0,0,0,0,28,438,6505,7630,0,0,0,0,0
4,-180,4.127,39,142727,31,417,383,4549,0,0,0,0,0,28,438,6505,7630,0,0,0,0,0
4,-180,4.186,40,142783,31,417,383,4549,0,0,0,0,0,28,438,6505,7630,0,0,0,0,0
4,-180,4.24,41,142839,31,417,383,4549,0,0,0,0,0,28,438,6505,7630,0,0,0,0,0
4,-180,4.3,42,142895,31,417,383,4549,0,0,0,0,0,28,438,6505,7630,0,0,0,0,0
4,-180,4.351,43,142951,31,417,383,4549,0,0,0,0,0,28,438,6505,7630,0,0,0,0,0
4,-180,4.42,44,143007,31,417,383,4549,0,0,0,0,0,28,438,6505,7630,0,0,0,0,0
4,-180,4.476,45,143063,31,417,383,4549,0,0,0,0,0,28,438,6505,7630,0,0,0,0,0
4,-180,4.529,46,143119,31,417,383,4549,0,0,0,0,0,28,438,6505,7630,0,0,0,0,0
4,-180,4.575,47,143175,31,417,383,4549,0,0,0,0,0,28,438,6505,7630,0,0,0,0,0
4,-180,4.631,48,143231,31,417,383,4549,0,0,0,0,0,28,438,6505,7630,0,0,0,0,0
4,-180,4.688,49,143287,31,417,383,4549,0,0,0,0,0,28,438,6505,7630,0,0,0,0,0
4,-180,4.746,50,143343,31,417,383,4549,0,0,0,0,0,28,438,6505,7630,0,0,0,0,0
4,-180,4.802,51,143399,31,417,383,4549,0,0,0,0,0,28,438,6505,7630,0,0,0,0,0
4,-180,4.855,52,143455,31,417,383,4549,0,0,0,0,0,28,438,6505,7630,0,0,0,0,0
4,-180,4.916,53,143511,31,417,383,4549,0,0,0,0,0,28,438,6505,7630,0,0,0,0,0
4,-180,4.97,54,143567,31,417,383,4549,0,0,0,0,0,28,438,6505,7630,0,0,0,0,0
4,-180,5.023,55,143623,31,417,383,4549,0,0,0,0,0,28,438,6505,7630,0,0,0,0,0
4,-180,5.079,56,143679,31,417,383,4549,0,0,0,0,0,28,438,6505,7630,0,0,0,0,0
5,-90,-0.043,104,146367,31,417,383,4549,0,0,0,0,0,28,438,6505,7630,0,0,0,0,0
5,-90,0.008,105,146423,31,417,383,4549,0,0,0,0,0,28,438,6505,7630,0,0,0,0,0
5,-90,0.073,106,146485,31,417,383,4549,0,0,0,0,0,28,440,6505,7630,300,-300,0,0,0
5,-90,0.128,107,146539,31,417,383,4549,0,0,0,0,0,29,442,6505,7630,600,-600,0,0,0
5,-90,0.191,108,146605,31,416,383,4485,0,0,0,0,-16,32,445,6505,7614,1000,-1100,0,0,0
5,-90,0.248,109,146659,31,415,382,4347,0,0,0,0,-66,34,447,6505,7580,1300,-1500,0,0,0
5,-90,0.31,110,146725,71,413,380,4011,0,0,0,0,-108,37,450,6505,7497,1800,-2000,0,0,0
5,-90,0.366,111,146779,71,410,378,3696,0,0,0,0,-148,39,452,6505,7419,2200,-2500,0,0,0
5,-90,0.431,112,146845,31,408,376,2806,0,0,0,102,-174,39,455,6575,7269,2900,-2800,0,0,0
5,-90,0.485,113,146899,31,407,375,2002,0,0,0,154,-200,39,457,6658,7153,3300,-3000,0,0,0
5,-90,0.551,114,146965,31,406,375,396,0,0,0,217,-246,39,460,6844,6942,3100,-2700,0,0,0
5,-90,0.613,115,147019,31,406,375,-720,0,0,0,236,-220,39,462,6983,6805,2600,-2100,0,0,0
5,-90,0.68,116,147085,31,406,375,-2135,0,0,0,174,-174,39,465,7161,6633,1800,-1300,0,0,0
5,-90,0.725,117,147139,31,406,375,-2883,0,0,0,144,-144,39,467,7255,6542,1400,-900,0,0,0
5,-90,0.791,118,147205,31,407,375,-3684,0,0,0,92,-99,39,470,7361,6450,900,-600,0,0,0
5,-90,0.844,119,147259,31,407,375,-3987,0,0,0,56,-52,39,472,7400,6414,700,-400,0,0,0
5,-90,0.912,120,147324,31,406,375,-4238,0,0,0,20,-30,39,475,7428,6380,600,-300,0,0,0
5,-90,0.981,121,147379,31,406,375,-4347,0,0,0,20,-36,39,477,7439,6364,500,-300,0,0,0
5,-90,1.03,122,147444,31,406,376,-4416,0,0,0,-10,-20,40,480,7439,6347,700,-300,0,0,0
5,-90,1.096,123,147499,31,406,376,-4460,0,0,0,0,0,41,482,7439,6336,0,0,0,0,0
5,-90,1.144,124,147555,31,406,376,-4460,0,0,0,0,0,41,484,7439,6336,0,0,0,0,0
5,-90,1.199,125,147611,31,406,376,-4460,0,0,0,0,0,41,484,7439,6336,0,0,0,0,0
5,-90,1.254,126,147667,31,406,376,-4460,0,0,0,0,0,41,484,7439,6336,0,0,0,0,0
5,-90,1.314,127,147723,31,406,376,-4460,0,0,0,0,0,41,484,7439,6336,0,0,0,0,0
5,-90,1.366,0,147779,31,406,376,-4460,0,0,0,0,0,41,484,7439,6336,0,0,0,0,0
5,-90,1.42,1,147835,31,406,376,-4460,0,0,0,0,0,41,484,7439,6336,0,0,0,0,0
5,-90,1.476,2,147891,31,406,376,-4460,0,0,0,0,0,41,484,7439,6336,0,0,0,0,0
5,-90,1.533,3,147947,31,406,376,-4460,0,0,0,0,0,41,484,7439,6336,0,0,0,0,0
5,-90,1.595,4,148003,31,406,376,-4460,0,0,0,0,0,41,484,7439,6336,0,0,0,0,0
5,-90,1.644,5,148059,31,406,376,-4460,0,0,0,0,0,41,484,7439,6336,0,0,0,0,0
5,-90,1.7,6,148115,31,406,376,-4460,0,0,0,0,0,41,484,7439,6336,0,0,0,0,0
5,-90,1.758,7,148171,31,406,376,-4460,0,0,0,0,0,41,484,7439,6336,0,0,0,0,0
5,-90,1.813,8,148227,31,406,376,-4460,0,0,0,0,0,41,484,7439,6336,0,0,0,0,0
5,-90,1.886,9,148283,31,406,376,-4460,0,0,0,0,0,41,484,7439,6336,0,0,0,0,0
5,-90,1.934,10,148339,31,406,376,-4460,0,0,0,0,0,41,484,7439,6336,0,0,0,0,0
5,-90,1.981,11,148395,31,406,376,-4460,0,0,0,0,0,41,484,7439,6336,0,0,0,0,0
5,-90,2.043,12,148451,31,406,376,-4460,0,0,0,0,0,41,484,7439,6336,0,0,0,0,0
5,-90,2.096,13,148507,31,406,376,-4460,0,0,0,0,0,41,484,7439,6336,0,0,0,0,0
5,-90,2.148,14,148563,31,406,376,-4460,0,0,0,0,0,41,484,7439,6336,0,0,0,0,0
5,-90,2.207,15,148619,31,406,376,-4460,0,0,0,0,0,41,484,7439,6336,0,0,0,0,0
5,-90,2.263,16,148675,31,406,376,-4460,0,0,0,0,0,41,484,7439,6336,0,0,0,0,0
5,-90,2.324,17,148731,31,406,376,-4460,0,0,0,0,0,41,484,7439,6336,0,0,0,0,0
5,-90,2.373,18,148787,31,406,376,-4460,0,0,0,0,0,41,484,7439,6336,0,0,0,0,0
5,-90,2.429,19,148843,31,406,376,-4460,0,0,0,0,0,41,484,7439,6336,0,0,0,0,0
5,-90,2.485,20,148899,31,406,376,-4460,0,0,0,0,0,41,484,7439,6336,0,0,0,0,0
5,-90,2.545,21,148955,31,406,376,-4460,0,0,0,0,0,41,484,7439,6336,0,0,0,0,0
5,-90,2.596,22,149011,31,406,376,-4460,0,0,0,0,0,41,484,7439,6336,0,0,0,0,0
5,-90,2.653,23,149067,31,406,376,-4460,0,0,0,0,0,41,484,7439,6336,0,0,0,0,0
5,-90,2.721,24,149123,31,406,376,-4460,0,0,0,0,0,41,484,7439,6336,0,0,0,0,0
5,-90,2.767,25,149179,31,406,376,-4460,0,0,0,0,0,41,484,7439,6336,0,0,0,0,0
5,-90,2.825,26,149235,31,406,376,-4460,0,0,0,0,0,41,484,7439,6336,0,0,0,0,0
5,-90,2.877,27,149291,31,406,376,-4460,0,0,0,0,0,41,484,7439,6336,0,0,0,0,0
5,-90,2.934,28,149347,31,406,376,-4460,0,0,0,0,0,41,484,7439,6336,0,0,0,0,0
5,-90,2.993,29,149403,31,406,376,-4460,0,0,0,0,0,41,484,7439,6336,0,0,0,0,0
5,-90,3.047,30,149459,31,406,376,-4460,0,0,0,0,0,41,484,7439,6336,0,0,0,0,0
5,-90,3.108,31,149515,31,406,376,-4460,0,0,0,0,0,41,484,7439,6336,0,0,0,0,0
5,-90,3.16,32,149571,31,406,376,-4460,0,0,0,0,0,41,484,7439,6336,0,0,0,0,0
5,-90,3.213,33,149627,31,406,376,-4460,0,0,0,0,0,41,484,7439,6336,0,0,0,0,0
5,-90,3.27,34,149683,31,406,376,-4460,0,0,0,0,0,41,484,7439,6336,0,0,0,0,0
5,-90,3.326,35,149739,31,406,376,-4460,0,0,0,0,0,41,484,7439,6336,0,0,0,0,0
5,-90,3.383,36,149795,31,406,376,-4460,0,0,0,0,0,41,484,7439,6336,0,0,0,0,0
5,-90,3.439,37,149851,31,406,376,-4460,0,0,0,0,0,41,484,7439,6336,0,0,0,0,0
5,-90,3.499,38,149907,31,406,376,-4460,0,0,0,0,0,41,484,7439,6336,0,0,0,0,0
5,-90,3.551,39,149963,31,406,376,-4460,0,0,0,0,0,41,484,7439,6336,0,0,0,0,0
5,-90,3.606,40,150019,31,406,376,-4460,0,0,0,0,0,41,484,7439,6336,0,0,0,0,0
5,-90,3.662,41,150075,31,406,376,-4460,0,0,0,0,0,41,484,7439,6336,0,0,0,0,0
5,-90,3.725,42,150131,31,406,376,-4460,0,0,0,0,0,41,484,7439,6336,0,0,0,0,0
5,-90,3.773,43,150187,31,406,376,-4460,0,0,0,0,0,41,484,7439,6336,0,0,0,0,0
5,-90,3.829,44,150243,31,406,376,-4460,0,0,0,0,0,41,484,7439,6336,0,0,0,0,0
5,-90,3.885,45,150299,31,406,376,-4460,0,0,0,0,0,41,484,7439,6336,0,0,0,0,0
5,-90,3.94,46,150355,31,406,376,-4460,0,0,0,0,0,41,484,7439,6336,0,0,0,0,0
5,-90,4.008,47,150411,31,406,376,-4460,0,0,0,0,0,41,484,7439,6336,0,0,0,0,0
5,-90,4.053,48,150467,31,406,376,-4460,0,0,0,0,0,41,484,7439,6336,0,0,0,0,0
6,90,-0.022,97,153212,31,406,376,-4460,0,0,0,0,0,41,484,7439,6336,0,0,0,0,0
6,90,0.012,98,153267,31,406,376,-4460,0,0,0,0,0,41,484,7439,6336,0,0,0,0,0
6,90,0.069,99,153321,31,406,376,-4460,0,0,0,0,0,41,486,7439,6336,-300,300,0,0,0
6,90,0.122,100,153375,31,406,376,-4416,0,0,0,0,16,42,488,7439,6347,-600,500,0,0,0
6,90,0.19,101,153441,31,406,375,-4246,0,0,0,-26,36,42,491,7422,6372,-1100,1000,0,0,0
6,90,0.241,102,153495,31,406,375,-4088,0,0,0,-30,46,42,493,7405,6394,-1500,1500,0,0,0
6,90,0.322,103,153561,31,407,374,-3619,0,0,0,-53,92,42,496,7367,6472,-2200,2000,0,0,0
6,90,0.366,104,153615,31,408,374,-3057,0,0,0,-99,128,42,498,7303,6547,-2600,2300,0,0,0
6,90,0.428,105,153681,31,408,374,-1977,0,0,0,-145,154,42,501,7175,6686,-2900,2600,0,0,0
6,90,0.481,106,153735,31,409,374,-1068,0,0,0,-171,184,42,503,7067,6803,-3100,2700,0,0,0
6,90,0.557,107,153801,31,409,374,380,0,0,0,-181,200,42,506,6892,6986,-2700,2400,0,0,0
6,90,0.608,108,153855,31,409,374,1347,0,0,0,-190,190,42,508,6775,7108,-2400,2000,0,0,0
6,90,0.671,109,153921,31,409,374,2592,0,0,0,-154,144,42,511,6617,7258,-1700,1300,0,0,0
6,90,0.725,110,153975,31,409,374,3235,0,0,0,-128,118,42,513,6539,7339,-1400,900,0,0,0
6,90,0.791,111,154041,31,409,373,3906,0,0,0,-82,72,42,516,6453,7419,-1000,500,0,0,0
6,90,0.843,112,154095,31,409,374,4169,0,0,0,-46,46,42,518,6422,7453,-700,400,0,0,0
6,90,0.907,113,154160,31,409,373,4412,0,0,0,-16,16,42,521,6389,7480,-500,300,0,0,0
6,90,0.96,114,154215,31,409,374,4485,0,0,0,-20,20,43,523,6383,7492,-600,300,0,0,0
6,90,1.028,115,154280,31,409,374,4561,0,0,0,-10,0,43,526,6375,7503,0,0,0,0,0
6,90,1.093,116,154344,31,409,374,4561,0,0,0,0,0,43,529,6375,7503,0,0,0,0,0
6,90,1.15,117,154399,31,409,374,4561,0,0,0,0,0,43,529,6375,7503,0,0,0,0,0
6,90,1.21,118,154455,31,409,374,4561,0,0,0,0,0,43,529,6375,7503,0,0,0,0,0
6,90,1.258,119,154511,31,409,374,4561,0,0,0,0,0,43,529,6375,7503,0,0,0,0,0
6,90,1.314,120,154567,31,409,374,4561,0,0,0,0,0,43,529,6375,7503,0,0,0,0,0
6,90,1.369,121,154623,31,409,374,4561,0,0,0,0,0,43,529,6375,7503,0,0,0,0,0
6,90,1.427,122,154679,31,409,374,4561,0,0,0,0,0,43,529,6375,7503,0,0,0,0,0
6,90,1.482,123,154735,31,409,374,4561,0,0,0,0,0,43,529,6375,7503,0,0,0,0,0
6,90,1.541,124,154791,31,409,374,4561,0,0,0,0,0,43,529,6375,7503,0,0,0,0,0
6,90,1.594,125,154847,31,409,374,4561,0,0,0,0,0,43,529,6375,7503,0,0,0,0,0
6,90,1.657,126,154903,31,409,374,4561,0,0,0,0,0,43,529,6375,7503,0,0,0,0,0
6,90,1.707,127,154959,31,409,374,4561,0,0,0,0,0,43,529,6375,7503,0,0,0,0,0
6,90,1.765,0,155015,31,409,374,4561,0,0,0,0,0,43,529,6375,7503,0,0,0,0,0
6,90,1.821,1,155071,31,409,374,4561,0,0,0,0,0,43,529,6375,7503,0,0,0,0,0
6,90,1.873,2,155127,31,409,374,4561,0,0,0,0,0,43,529,6375,7503,0,0,0,0,0
6,90,1.928,3,155183,31,409,374,4561,0,0,0,0,0,43,529,6375,7503,0,0,0,0,0
6,90,1.983,4,155239,31,409,374,4561,0,0,0,0,0,43,529,6375,7503,0,0,0,0,0
6,90,2.039,5,155295,31,409,374,4561,0,0,0,0,0,43,529,6375,7503,0,0,0,0,0
6,90,2.096,6,155351,31,409,374,4561,0,0,0,0,0,43,529,6375,7503,0,0,0,0,0
6,90,2.158,7,155407,31,409,374,4561,0,0,0,0,0,43,529,6375,7503,0,0,0,0,0
6,90,2.21,8,155463,31,409,374,4561,0,0,0,0,0,43,529,6375,7503,0,0,0,0,0
6,90,2.266,9,155519,31,409,374,4561,0,0,0,0,0,43,529,6375,7503,0,0,0,0,0
6,90,2.332,10,155575,31,409,374,4561,0,0,0,0,0,43,529,6375,7503,0,0,0,0,0
6,90,2.378,11,155631,31,409,374,4561,0,0,0,0,0,43,529,6375,7503,0,0,0,0,0
6,90,2.437,12,155687,31,409,374,4561,0,0,0,0,0,43,529,6375,7503,0,0,0,0,0
6,90,2.488,13,155743,31,409,374,4561,0,0,0,0,0,43,529,6375,7503,0,0,0,0,0
6,90,2.548,14,155799,31,409,374,4561,0,0,0,0,0,43,529,6375,7503,0,0,0,0,0
6,90,2.6,15,155855,31,409,374,4561,0,0,0,0,0,43,529,6375,7503,0,0,0,0,0
6,90,2.656,16,155911,31,409,374,4561,0,0,0,0,0,43,529,6375,7503,0,0,0,0,0
6,90,2.72,17,155967,31,409,374,4561,0,0,0,0,0,43,529,6375,7503,0,0,0,0,0
6,90,2.781,18,156023,31,409,374,4561,0,0,0,0,0,43,529,6375,7503,0,0,0,0,0
6,90,2.826,19,156079,31,409,374,4561,0,0,0,0,0,43,529,6375,7503,0,0,0,0,0
6,90,2.882,20,156135,31,409,374,4561,0,0,0,0,0,43,529,6375,7503,0,0,0,0,0
6,90,2.939,21,156191,31,409,374,4561,0,0,0,0,0,43,529,6375,7503,0,0,0,0,0
6,90,2.997,22,156247,31,409,374,4561,0,0,0,0,0,43,529,6375,7503,0,0,0,0,0
6,90,3.051,23,156303,31,409,374,4561,0,0,0,0,0,43,529,6375,7503,0,0,0,0,0
6,90,3.109,24,156359,31,409,374,4561,0,0,0,0,0,43,529,6375,7503,0,0,0,0,0
6,90,3.167,25,156415,31,409,374,4561,0,0,0,0,0,43,529,6375,7503,0,0,0,0,0
6,90,3.22,26,156471,31,409,374,4561,0,0,0,0,0,43,529,6375,7503,0,0,0,0,0
6,90,3.277,27,156527,31,409,374,4561,0,0,0,0,0,43,529,6375,7503,0,0,0,0,0
6,90,3.333,28,156583,31,409,374,4561,0,0,0,0,0,43,529,6375,7503,0,0,0,0,0
6,90,3.386,29,156639,31,409,374,4561,0,0,0,0,0,43,529,6375,7503,0,0,0,0,0
6,90,3.443,30,156695,31,409,374,4561,0,0,0,0,0,43,529,6375,7503,0,0,0,0,0
6,90,3.499,31,156751,31,409,374,4561,0,0,0,0,0,43,529,6375,7503,0,0,0,0,0
6,90,3.561,32,156807,31,409,374,4561,0,0,0,0,0,43,529,6375,7503,0,0,0,0,0
6,90,3.608,33,156863,31,409,374,4561,0,0,0,0,0,43,529,6375,7503,0,0,0,0,0
6,90,3.665,34,156919,31,409,374,4561,0,0,0,0,0,43,529,6375,7503,0,0,0,0,0
6,90,3.724,35,156975,31,409,374,4561,0,0,0,0,0,43,529,6375,7503,0,0,0,0,0
6,90,3.784,36,157031,31,409,374,4561,0,0,0,0,0,43,529,6375,7503,0,0,0,0,0
6,90,3.838,37,157087,31,409,374,4561,0,0,0,0,0,43,529,6375,7503,0,0,0,0,0
6,90,3.891,38,157143,31,409,374,4561,0,0,0,0,0,43,529,6375,7503,0,0,0,0,0
6,90,3.947,39,157199,31,409,374,4561,0,0,0,0,0,43,529,6375,7503,0,0,0,0,0
6,90,4.004,40,157255,31,409,374,4561,0,0,0,0,0,43,529,6375,7503,0,0,0,0,0
6,90,4.062,41,157311,31,409,374,4561,0,0,0,0,0,43,529,6375,7503,0,0,0,0,0
6,90,4.124,42,157367,31,409,374,4561,0,0,0,0,0,43,529,6375,7503,0,0,0,0,0
6,90,4.178,43,157423,31,409,374,4561,0,0,0,0,0,43,529,6375,7503,0,0,0,0,0
6,90,4.224,44,157479,31,409,374,4561,0,0,0,0,0,43,529,6375,7503,0,0,0,0,0
6,90,4.286,45,157535,31,409,374,4561,0,0,0,0,0,43,529,6375,7503,0,0,0,0,0
6,90,4.338,46,157591,31,409,374,4561,0,0,0,0,0,43,529,6375,7503,0,0,0,0,0
6,90,4.407,47,157647,31,409,374,4561,0,0,0,0,0,43,529,6375,7503,0,0,0,0,0
7,-180,-0.012,96,160391,31,409,374,4561,0,0,0,0,0,43,529,6375,7503,0,0,0,0,0
7,-180,0.054,97,160451,31,409,374,4561,0,0,0,0,0,43,530,6375,7503,0,0,0,0,0
7,-180,0.114,98,160517,31,409,373,4525,0,0,0,0,-20,44,533,6375,7494,600,-500,0,0,0
7,-180,0.167,99,160571,31,409,373,4424,0,0,0,26,-39,44,535,6386,7480,900,-1000,0,0,0
7,-180,0.232,100,160637,31,408,373,4189,0,0,0,20,-36,44,538,6411,7447,1500,-1400,0,0,0
7,-180,0.31,101,160691,31,408,373,3894,0,0,0,66,-82,44,540,6442,7405,2000,-1900,0,0,0
7,-180,0.352,102,160757,31,408,373,3154,0,0,0,112,-128,44,543,6528,7308,2500,-2500,0,0,0
7,-180,0.409,103,160811,31,407,372,2438,0,0,0,144,-174,44,545,6611,7214,2900,-2600,0,0,0
7,-180,0.482,104,160876,31,407,372,1120,0,0,0,184,-210,44,548,6767,7044,3100,-2800,0,0,0
7,-180,0.53,105,160931,31,406,372,113,0,0,0,200,-226,44,550,6889,6917,3000,-2800,0,0,0
7,-180,0.617,106,160997,31,406,372,-1452,0,0,0,200,-210,44,553,7078,6719,2900,-2400,0,0,0
7,-180,0.649,107,161051,31,406,372,-2527,0,0,0,220,-210,44,555,7211,6586,2700,-2300,0,0,0
7,-180,0.712,108,161117,31,406,373,-3963,0,0,0,181,-180,44,558,7383,6403,2500,-2100,0,0,0
7,-180,0.771,109,161171,31,406,373,-4873,0,0,0,181,-181,44,560,7494,6289,2600,-2200,0,0,0
7,-180,0.832,110,161236,31,405,373,-6211,0,0,0,181,-184,44,563,7655,6119,2600,-2200,0,0,0
7,-180,0.888,111,161291,31,406,373,-7089,0,0,0,183,-174,44,565,7767,6014,2700,-2300,0,0,0
7,-180,0.963,112,161357,31,406,372,-8460,0,0,0,184,-184,44,568,7939,5847,2600,-2200,0,0,0
7,-180,1.018,113,161411,31,406,373,-9369,0,0,0,184,-194,44,570,8050,5733,2400,-2000,0,0,0
7,-180,1.076,114,161477,31,406,372,-10615,0,0,0,164,-154,44,573,8211,5586,1900,-1500,0,0,0
7,-180,1.131,115,161531,31,405,372,-11322,0,0,0,157,-135,44,575,8303,5503,1600,-1200,0,0,0
7,-180,1.192,116,161597,31,405,371,-12164,0,0,0,102,-89,44,578,8411,5403,1100,-700,0,0,0
7,-180,1.247,117,161651,31,405,371,-12548,0,0,0,92,-66,44,580,8461,5358,900,-600,0,0,0
7,-180,1.312,118,161717,31,405,371,-12928,0,0,0,46,-36,44,583,8511,5314,600,-400,0,0,0
7,-180,1.373,119,161771,31,405,371,-13098,0,0,0,26,-30,44,585,8533,5294,500,-400,0,0,0
7,-180,1.432,120,161837,31,405,371,-13300,0,0,0,26,-26,44,588,8561,5272,500,-400,0,0,0
7,-180,1.49,121,161891,31,405,371,-13389,0,0,0,20,-16,44,590,8575,5264,400,-300,0,0,0
7,-180,1.554,122,161956,31,404,370,-13445,0,0,0,20,0,44,593,8586,5261,0,0,0,0,0
7,-180,1.634,123,162020,31,404,370,-13445,0,0,0,0,0,44,596,8586,5261,0,0,0,0,0
7,-180,1.67,124,162075,31,404,370,-13445,0,0,0,0,0,44,596,8586,5261,0,0,0,0,0
7,-180,1.726,125,162131,31,404,370,-13445,0,0,0,0,0,44,596,8586,5261,0,0,0,0,0
7,-180,1.782,126,162187,31,404,370,-13445,0,0,0,0,0,44,596,8586,5261,0,0,0,0,0
7,-180,1.848,127,162243,31,404,370,-13445,0,0,0,0,0,44,596,8586,5261,0,0,0,0,0
7,-180,1.899,0,162299,31,404,370,-13445,0,0,0,0,0,44,596,8586,5261,0,0,0,0,0
7,-180,1.951,1,162355,31,404,370,-13445,0,0,0,0,0,44,596,8586,5261,0,0,0,0,0
7,-180,2.007,2,162411,31,404,370,-13445,0,0,0,0,0,44,596,8586,5261,0,0,0,0,0
7,-180,2.081,3,162467,31,404,370,-13445,0,0,0,0,0,44,596,8586,5261,0,0,0,0,0
7,-180,2.121,4,162523,31,404,370,-13445,0,0,0,0,0,44,596,8586,5261,0,0,0,0,0
7,-180,2.174,5,162579,31,404,370,-13445,0,0,0,0,0,44,596,8586,5261,0,0,0,0,0
7,-180,2.233,6,162635,31,404,370,-13445,0,0,0,0,0,44,596,8586,5261,0,0,0,0,0
7,-180,2.286,7,162691,31,404,370,-13445,0,0,0,0,0,44,596,8586,5261,0,0,0,0,0
7,-180,2.35,8,162747,31,404,370,-13445,0,0,0,0,0,44,596,8586,5261,0,0,0,0,0
7,-180,2.398,9,162803,31,404,370,-13445,0,0,0,0,0,44,596,8586,5261,0,0,0,0,0
7,-180,2.456,10,162859,31,404,370,-13445,0,0,0,0,0,44,596,8586,5261,0,0,0,0,0
7,-180,2.514,11,162915,31,404,370,-13445,0,0,0,0,0,44,596,8586,5261,0,0,0,0,0
7,-180,2.571,12,162971,31,404,370,-13445,0,0,0,0,0,44,596,8586,5261,0,0,0,0,0
7,-180,2.624,13,163027,31,404,370,-13445,0,0,0,0,0,44,596,8586,5261,0,0,0,0,0
7,-180,2.684,14,163083,31,404,370,-13445,0,0,0,0,0,44,596,8586,5261,0,0,0,0,0
7,-180,2.737,15,163139,31,404,370,-13445,0,0,0,0,0,44,596,8586,5261,0,0,0,0,0
7,-180,2.79,16,163195,31,404,370,-13445,0,0,0,0,0,44,596,8586,5261,0,0,0,0,0
7,-180,2.847,17,163251,31,404,370,-13445,0,0,0,0,0,44,596,8586,5261,0,0,0,0,0
7,-180,2.904,18,163307,31,404,370,-13445,0,0,0,0,0,44,596,8586,5261,0,0,0,0,0
7,-180,2.965,19,163363,31,404,370,-13445,0,0,0,0,0,44,596,8586,5261,0,0,0,0,0
7,-180,3.014,20,163419,31,404,370,-13445,0,0,0,0,0,44,596,8586,5261,0,0,0,0,0
7,-180,3.078,21,163475,31,404,370,-13445,0,0,0,0,0,44,596,8586,5261,0,0,0,0,0
7,-180,3.133,22,163531,31,404,370,-13445,0,0,0,0,0,44,596,8586,5261,0,0,0,0,0
7,-180,3.184,23,163587,31,404,370,-13445,0,0,0,0,0,44,596,8586,5261,0,0,0,0,0
7,-180,3.252,24,163643,31,404,370,-13445,0,0,0,0,0,44,596,8586,5261,0,0,0,0,0
7,-180,3.3,25,163699,31,404,370,-13445,0,0,0,0,0,44,596,8586,5261,0,0,0,0,0
7,-180,3.353,26,163755,31,404,370,-13445,0,0,0,0,0,44,596,8586,5261,0,0,0,0,0
7,-180,3.412,27,163811,31,404,370,-13445,0,0,0,0,0,44,596,8586,5261,0,0,0,0,0
7,-180,3.462,28,163867,31,404,370,-13445,0,0,0,0,0,44,596,8586,5261,0,0,0,0,0
7,-180,3.519,29,163923,31,404,370,-13445,0,0,0,0,0,44,596,8586,5261,0,0,0,0,0
7,-180,3.579,30,163979,31,404,370,-13445,0,0,0,0,0,44,596,8586,5261,0,0,0,0,0
7,-180,3.631,31,164035,31,404,370,-13445,0,0,0,0,0,44,596,8586,5261,0,0,0,0,0
7,-180,3.691,32,164091,31,404,370,-13445,0,0,0,0,0,44,596,8586,5261,0,0,0,0,0
7,-180,3.742,33,164147,31,404,370,-13445,0,0,0,0,0,44,596,8586,5261,0,0,0,0,0
7,-180,3.799,34,164203,31,404,370,-13445,0,0,0,0,0,44,596,8586,5261,0,0,0,0,0
7,-180,3.856,35,164259,31,404,370,-13445,0,0,0,0,0,44,596,8586,5261,0,0,0,0,0
7,-180,3.915,36,164315,31,404,370,-13445,0,0,0,0,0,44,596,8586,5261,0,0,0,0,0
7,-180,3.966,37,164371,31,404,370,-13445,0,0,0,0,0,44,596,8586,5261,0,0,0,0,0
7,-180,4.025,38,164427,31,404,370,-13445,0,0,0,0,0,44,596,8586,5261,0,0,0,0,0
7,-180,4.08,39,164483,31,404,370,-13445,0,0,0,0,0,44,596,8586,5261,0,0,0,0,0
7,-180,4.138,40,164539,31,404,370,-13445,0,0,0,0,0,44,596,8586,5261,0,0,0,0,0
7,-180,4.197,41,164595,31,404,370,-13445,0,0,0,0,0,44,596,8586,5261,0,0,0,0,0
7,-180,4.245,42,164651,31,404,370,-13445,0,0,0,0,0,44,596,8586,5261,0,0,0,0,0
7,-180,4.303,43,164707,31,404,370,-13445,0,0,0,0,0,44,596,8586,5261,0,0,0,0,0
7,-180,4.359,44,164763,31,404,370,-13445,0,0,0,0,0,44,596,8586,5261,0,0,0,0,0
7,-180,4.416,45,164819,31,404,370,-13445,0,0,0,0,0,44,596,8586,5261,0,0,0,0,0
7,-180,4.472,46,164875,31,404,370,-13445,0,0,0,0,0,44,596,8586,5261,0,0,0,0,0
7,-180,4.53,47,164931,31,404,370,-13445,0,0,0,0,0,44,596,8586,5261,0,0,0,0,0
8,180,-0.045,96,167675,31,404,370,-13445,0,0,0,0,0,44,596,8586,5261,0,0,0,0,0
8,180,0.01,97,167731,31,404,370,-13445,0,0,0,0,0,44,596,8586,5261,0,0,0,0,0
8,180,0.078,98,167785,31,404,370,-13445,0,0,0,0,0,44,598,8586,5261,-300,300,0,0,0
8,180,0.12,99,167839,31,404,370,-13401,0,0,0,-10,36,45,600,8583,5269,-600,600,0,0,0
8,180,0.185,100,167905,31,404,370,-13308,0,0,0,-10,20,48,603,8583,5292,-900,1000,0,0,0
8,180,0.24,101,167959,31,403,369,-13231,0,0,0,-10,36,50,605,8583,5311,-1300,1600,0,0,0
8,180,0.304,102,168025,31,402,368,-12803,0,0,0,-36,82,50,608,8544,5378,-1900,2200,0,0,0
8,180,0.366,103,168079,31,402,367,-12366,0,0,0,-75,118,50,610,8505,5447,-2500,2600,0,0,0
8,180,0.425,104,168144,31,401,366,-11347,0,0,0,-144,171,50,613,8400,5594,-3100,2900,0,0,0
8,180,0.48,105,168199,31,401,365,-10481,0,0,0,-181,190,50,615,8300,5708,-3300,3100,0,0,0
8,180,0.544,106,168265,31,401,365,-8921,0,0,0,-217,227,50,618,8117,5911,-3300,2900,0,0,0
8,180,0.606,107,168319,31,401,364,-7853,0,0,0,-210,220,50,620,7989,6047,-3100,2600,0,0,0
8,180,0.67,108,168385,31,401,364,-6256,0,0,0,-220,220,50,623,7794,6247,-2800,2400,0,0,0
8,180,0.719,109,168439,31,401,364,-5281,0,0,0,-190,210,50,625,7678,6372,-2700,2300,0,0,0
8,180,0.784,110,168505,31,401,364,-3854,0,0,0,-181,200,50,628,7500,6547,-2600,2200,0,0,0
8,180,0.84,111,168559,31,401,364,-2988,0,0,0,-171,164,50,630,7392,6653,-2700,2200,0,0,0
8,180,0.902,112,168624,31,400,364,-1597,0,0,0,-200,164,50,633,7214,6819,-2700,2300,0,0,0
8,180,0.962,113,168679,31,400,364,-700,0,0,0,-190,181,50,635,7103,6930,-2700,2300,0,0,0
8,180,1.024,114,168745,31,401,364,663,0,0,0,-164,200,50,638,6939,7103,-2300,1900,0,0,0
8,180,1.079,115,168799,31,401,364,1472,0,0,0,-154,164,51,640,6839,7203,-2200,1800,0,0,0
8,180,1.143,116,168865,31,400,364,2596,0,0,0,-138,128,51,643,6697,7339,-1500,900,0,0,0
8,180,1.205,117,168919,31,400,364,3110,0,0,0,-108,92,51,645,6628,7397,-1300,700,0,0,0
8,180,1.263,118,168984,31,399,363,3684,0,0,0,-82,53,51,648,6547,7458,-900,500,0,0,0
8,180,1.318,119,169039,31,399,363,3918,0,0,0,-56,36,51,650,6511,7480,-900,500,0,0,0
8,180,1.383,120,169105,31,399,363,4189,0,0,0,-36,16,51,653,6472,7508,-800,400,0,0,0
8,180,1.449,121,169159,31,399,363,4347,0,0,0,-36,20,51,655,6450,7525,-700,300,0,0,0
8,180,1.504,122,169224,31,399,363,4485,0,0,0,-10,20,51,658,6433,7542,-600,300,0,0,0
8,180,1.563,123,169279,31,399,363,4549,0,0,0,-8,10,52,660,6428,7553,0,0,0,0,0
8,180,1.657,124,169360,31,399,363,4557,0,0,0,0,0,52,664,6428,7555,0,0,0,0,0
8,180,1.696,125,169415,31,399,363,4557,0,0,0,0,0,52,664,6428,7555,0,0,0,0,0
8,180,1.751,126,169471,31,399,363,4557,0,0,0,0,0,52,664,6428,7555,0,0,0,0,0
8,180,1.805,127,169527,31,399,363,4557,0,0,0,0,0,52,664,6428,7555,0,0,0,0,0
8,180,1.861,0,169583,31,399,363,4557,0,0,0,0,0,52,664,6428,7555,0,0,0,0,0
8,180,1.921,1,169639,31,399,363,4557,0,0,0,0,0,52,664,6428,7555,0,0,0,0,0
8,180,1.975,2,169695,31,399,363,4557,0,0,0,0,0,52,664,6428,7555,0,0,0,0,0
8,180,2.028,3,169751,31,399,363,4557,0,0,0,0,0,52,664,6428,7555,0,0,0,0,0
8,180,2.085,4,169807,31,399,363,4557,0,0,0,0,0,52,664,6428,7555,0,0,0,0,0
8,180,2.141,5,169863,31,399,363,4557,0,0,0,0,0,52,664,6428,7555,0,0,0,0,0
8,180,2.229,6,169919,31,399,363,4557,0,0,0,0,0,52,664,6428,7555,0,0,0,0,0
8,180,2.253,7,169975,31,399,363,4557,0,0,0,0,0,52,664,6428,7555,0,0,0,0,0
8,180,2.318,8,170031,31,399,363,4557,0,0,0,0,0,52,664,6428,7555,0,0,0,0,0
8,180,2.364,9,170087,31,399,363,4557,0,0,0,0,0,52,664,6428,7555,0,0,0,0,0
8,180,2.42,10,170143,31,399,363,4557,0,0,0,0,0,52,664,6428,7555,0,0,0,0,0
8,180,2.523,11,170199,31,399,363,4557,0,0,0,0,0,52,664,6428,7555,0,0,0,0,0
8,180,2.537,12,170255,31,399,363,4557,0,0,0,0,0,52,664,6428,7555,0,0,0,0,0
8,180,2.59,13,170311,31,399,363,4557,0,0,0,0,0,52,664,6428,7555,0,0,0,0,0
8,180,2.645,14,170367,31,399,363,4557,0,0,0,0,0,52,664,6428,7555,0,0,0,0,0
8,180,2.702,15,170423,31,399,363,4557,0,0,0,0,0,52,664,6428,7555,0,0,0,0,0
8,180,2.76,16,170479,31,399,363,4557,0,0,0,0,0,52,664,6428,7555,0,0,0,0,0
8,180,2.818,17,170535,31,399,363,4557,0,0,0,0,0,52,664,6428,7555,0,0,0,0,0
8,180,2.868,18,170591,31,399,363,4557,0,0,0,0,0,52,664,6428,7555,0,0,0,0,0
8,180,2.926,19,170647,31,399,363,4557,0,0,0,0,0,52,664,6428,7555,0,0,0,0,0
8,180,2.98,20,170703,31,399,363,4557,0,0,0,0,0,52,664,6428,7555,0,0,0,0,0
8,180,3.038,21,170759,31,399,363,4557,0,0,0,0,0,52,664,6428,7555,0,0,0,0,0
8,180,3.093,22,170815,31,399,363,4557,0,0,0,0,0,52,664,6428,7555,0,0,0,0,0
8,180,3.152,23,170871,31,399,363,4557,0,0,0,0,0,52,664,6428,7555,0,0,0,0,0
8,180,3.205,24,170927,31,399,363,4557,0,0,0,0,0,52,664,6428,7555,0,0,0,0,0
8,180,3.262,25,170983,31,399,363,4557,0,0,0,0,0,52,664,6428,7555,0,0,0,0,0
8,180,3.317,26,171039,31,399,363,4557,0,0,0,0,0,52,664,6428,7555,0,0,0,0,0
8,180,3.382,27,171095,31,399,363,4557,0,0,0,0,0,52,664,6428,7555,0,0,0,0,0
8,180,3.433,28,171151,31,399,363,4557,0,0,0,0,0,52,664,6428,7555,0,0,0,0,0
8,180,3.484,29,171207,31,399,363,4557,0,0,0,0,0,52,664,6428,7555,0,0,0,0,0
8,180,3.546,30,171263,31,399,363,4557,0,0,0,0,0,52,664,6428,7555,0,0,0,0,0
8,180,3.599,31,171319,31,399,363,4557,0,0,0,0,0,52,664,6428,7555,0,0,0,0,0
8,180,3.654,32,171375,31,399,363,4557,0,0,0,0,0,52,664,6428,7555,0,0,0,0,0
8,180,3.708,33,171431,31,399,363,4557,0,0,0,0,0,52,664,6428,7555,0,0,0,0,0
8,180,3.766,34,171487,31,399,363,4557,0,0,0,0,0,52,664,6428,7555,0,0,0,0,0
8,180,3.82,35,171543,31,399,363,4557,0,0,0,0,0,52,664,6428,7555,0,0,0,0,0
8,180,3.877,36,171599,31,399,363,4557,0,0,0,0,0,52,664,6428,7555,0,0,0,0,0
8,180,3.941,37,171655,31,399,363,4557,0,0,0,0,0,52,664,6428,7555,0,0,0,0,0
8,180,3.991,38,171711,31,399,363,4557,0,0,0,0,0,52,664,6428,7555,0,0,0,0,0
8,180,4.046,39,171767,31,399,363,4557,0,0,0,0,0,52,664,6428,7555,0,0,0,0,0
8,180,4.103,40,171823,31,399,363,4557,0,0,0,0,0,52,664,6428,7555,0,0,0,0,0
8,180,4.159,41,171879,31,399,363,4557,0,0,0,0,0,52,664,6428,7555,0,0,0,0,0
8,180,4.214,42,171935,31,399,363,4557,0,0,0,0,0,52,664,6428,7555,0,0,0,0,0
8,180,4.268,43,171991,31,399,363,4557,0,0,0,0,0,52,664,6428,7555,0,0,0,0,0
8,180,4.327,44,172047,31,399,363,4557,0,0,0,0,0,52,664,6428,7555,0,0,0,0,0
8,180,4.381,45,172103,31,399,363,4557,0,0,0,0,0,52,664,6428,7555,0,0,0,0,0
8,180,4.455,46,172159,31,399,363,4557,0,0,0,0,0,52,664,6428,7555,0,0,0,0,0
8,180,4.493,47,172215,31,399,363,4557,0,0,0,0,0,52,664,6428,7555,0,0,0,0,0
8,180,4.557,48,172271,31,399,363,4557,0,0,0,0,0,52,664,6428,7555,0,0,0,0,0
8,180,4.607,49,172327,31,399,363,4557,0,0,0,0,0,52,664,6428,7555,0,0,0,0,0
8,180,4.663,50,172383,31,399,363,4557,0,0,0,0,0,52,664,6428,7555,0,0,0,0,0
9,90,0.004,99,175127,31,399,363,4557,0,0,0,0,0,52,664,6428,7555,0,0,0,0,0
9,90,0.064,100,175189,31,399,363,4557,0,0,0,0,0,52,666,6428,7555,-300,300,0,0,0
9,90,0.123,101,175243,31,399,363,4569,0,0,0,0,16,53,668,6428,7558,-600,600,0,0,0
9,90,0.183,102,175309,31,399,364,4658,0,0,0,0,26,56,671,6428,7580,-1000,1100,0,0,0
9,90,0.248,103,175363,31,400,364,4840,0,0,0,-16,62,56,673,6414,7611,-1400,1600,0,0,0
9,90,0.307,104,175429,31,401,365,5350,0,0,0,-66,102,56,676,6369,7692,-2100,2100,0,0,0
9,90,0.358,105,175483,31,401,366,5863,0,0,0,-101,128,56,678,6319,7769,-2600,2400,0,0,0
9,90,0.43,106,175549,31,402,367,6931,0,0,0,-164,184,56,681,6200,7914,-3000,2700,0,0,0
9,90,0.499,107,175603,31,402,368,7796,0,0,0,-164,184,56,683,6100,8028,-3100,2800,0,0,0
9,90,0.549,108,175669,31,402,368,9309,0,0,0,-200,210,56,686,5917,8219,-2800,2400,0,0,0
9,90,0.613,109,175723,31,402,368,10324,0,0,0,-184,190,56,688,5794,8347,-2400,1900,0,0,0
9,90,0.674,110,175789,31,402,368,11626,0,0,0,-164,148,56,691,5628,8503,-1700,1300,0,0,0
9,90,0.721,111,175843,31,402,367,12277,0,0,0,-135,118,56,693,5542,8578,-1300,900,0,0,0
9,90,0.784,112,175909,31,403,367,12972,0,0,0,-92,72,56,696,5450,8658,-900,500,0,0,0
9,90,0.84,113,175963,31,403,367,13280,0,0,0,-66,56,56,698,5408,8692,-700,400,0,0,0
9,90,0.904,114,176028,31,403,366,13470,0,0,0,0,0,56,701,5380,8711,0,0,0,0,0
9,90,0.959,115,176083,31,403,366,13470,0,0,0,0,0,56,703,5380,8711,0,0,0,0,0
9,90,1.015,116,176139,31,403,366,13470,0,0,0,0,0,56,703,5380,8711,0,0,0,0,0
9,90,1.072,117,176195,31,403,366,13470,0,0,0,0,0,56,703,5380,8711,0,0,0,0,0
9,90,1.128,118,176251,31,403,366,13470,0,0,0,0,0,56,703,5380,8711,0,0,0,0,0
9,90,1.183,119,176307,31,403,366,13470,0,0,0,0,0,56,703,5380,8711,0,0,0,0,0
9,90,1.24,120,176363,31,403,366,13470,0,0,0,0,0,56,703,5380,8711,0,0,0,0,0
9,90,1.297,121,176419,31,403,366,13470,0,0,0,0,0,56,703,5380,8711,0,0,0,0,0
9,90,1.359,122,176475,31,403,366,13470,0,0,0,0,0,56,703,5380,8711,0,0,0,0,0
9,90,1.419,123,176531,31,403,366,13470,0,0,0,0,0,56,703,5380,8711,0,0,0,0,0
9,90,1.465,124,176587,31,403,366,13470,0,0,0,0,0,56,703,5380,8711,0,0,0,0,0
9,90,1.521,125,176643,31,403,366,13470,0,0,0,0,0,56,703,5380,8711,0,0,0,0,0
9,90,1.574,126,176699,31,403,366,13470,0,0,0,0,0,56,703,5380,8711,0,0,0,0,0
9,90,1.635,127,176755,31,403,366,13470,0,0,0,0,0,56,703,5380,8711,0,0,0,0,0
9,90,1.726,0,176811,31,403,366,13470,0,0,0,0,0,56,703,5380,8711,0,0,0,0,0
9,90,1.741,1,176867,31,403,366,13470,0,0,0,0,0,56,703,5380,8711,0,0,0,0,0
9,90,1.833,2,176923,31,403,366,13470,0,0,0,0,0,56,703,5380,8711,0,0,0,0,0
9,90,1.857,3,176979,31,403,366,13470,0,0,0,0,0,56,703,5380,8711,0,0,0,0,0
9,90,1.941,4,177035,31,403,366,13470,0,0,0,0,0,56,703,5380,8711,0,0,0,0,0
9,90,1.966,5,177091,31,403,366,13470,0,0,0,0,0,56,703,5380,8711,0,0,0,0,0
9,90,2.024,6,177147,31,403,366,13470,0,0,0,0,0,56,703,5380,8711,0,0,0,0,0
9,90,2.079,7,177203,31,403,366,13470,0,0,0,0,0,56,703,5380,8711,0,0,0,0,0
9,90,2.136,8,177259,31,403,366,13470,0,0,0,0,0,56,703,5380,8711,0,0,0,0,0
9,90,2.189,9,177315,31,403,366,13470,0,0,0,0,0,56,703,5380,8711,0,0,0,0,0
9,90,2.249,10,177371,31,403,366,13470,0,0,0,0,0,56,703,5380,8711,0,0,0,0,0
9,90,2.303,11,177427,31,403,366,13470,0,0,0,0,0,56,703,5380,8711,0,0,0,0,0
9,90,2.365,12,177483,31,403,366,13470,0,0,0,0,0,56,703,5380,8711,0,0,0,0,0
9,90,2.425,13,177539,31,403,366,13470,0,0,0,0,0,56,703,5380,8711,0,0,0,0,0
9,90,2.47,14,177595,31,403,366,13470,0,0,0,0,0,56,703,5380,8711,0,0,0,0,0
9,90,2.525,15,177651,31,403,366,13470,0,0,0,0,0,56,703,5380,8711,0,0,0,0,0
9,90,2.581,16,177707,31,403,366,13470,0,0,0,0,0,56,703,5380,8711,0,0,0,0,0
9,90,2.641,17,177763,31,403,366,13470,0,0,0,0,0,56,703,5380,8711,0,0,0,0,0
9,90,2.703,18,177819,31,403,366,13470,0,0,0,0,0,56,703,5380,8711,0,0,0,0,0
9,90,2.75,19,177875,31,403,366,13470,0,0,0,0,0,56,703,5380,8711,0,0,0,0,0
9,90,2.805,20,177931,31,403,366,13470,0,0,0,0,0,56,703,5380,8711,0,0,0,0,0
9,90,2.863,21,177987,31,403,366,13470,0,0,0,0,0,56,703,5380,8711,0,0,0,0,0
9,90,2.921,22,178043,31,403,366,13470,0,0,0,0,0,56,703,5380,8711,0,0,0,0,0
9,90,2.975,23,178099,31,403,366,13470,0,0,0,0,0,56,703,5380,8711,0,0,0,0,0
9,90,3.029,24,178155,31,403,366,13470,0,0,0,0,0,56,703,5380,8711,0,0,0,0,0
9,90,3.086,25,178211,31,403,366,13470,0,0,0,0,0,56,703,5380,8711,0,0,0,0,0
9,90,3.141,26,178267,31,403,366,13470,0,0,0,0,0,56,703,5380,8711,0,0,0,0,0
9,90,3.197,27,178323,31,403,366,13470,0,0,0,0,0,56,703,5380,8711,0,0,0,0,0
9,90,3.256,28,178379,31,403,366,13470,0,0,0,0,0,56,703,5380,8711,0,0,0,0,0
9,90,3.309,29,178435,31,403,366,13470,0,0,0,0,0,56,703,5380,8711,0,0,0,0,0
9,90,3.366,30,178491,31,403,366,13470,0,0,0,0,0,56,703,5380,8711,0,0,0,0,0
9,90,3.425,31,178547,31,403,366,13470,0,0,0,0,0,56,703,5380,8711,0,0,0,0,0
9,90,3.492,32,178603,31,403,366,13470,0,0,0,0,0,56,703,5380,8711,0,0,0,0,0
9,90,3.534,33,178659,31,403,366,13470,0,0,0,0,0,56,703,5380,8711,0,0,0,0,0
9,90,3.594,34,178715,31,403,366,13470,0,0,0,0,0,56,703,5380,8711,0,0,0,0,0
9,90,3.648,35,178771,31,403,366,13470,0,0,0,0,0,56,703,5380,8711,0,0,0,0,0
9,90,3.713,36,178827,31,403,366,13470,0,0,0,0,0,56,703,5380,8711,0,0,0,0,0
9,90,3.766,37,178883,31,403,366,13470,0,0,0,0,0,56,703,5380,8711,0,0,0,0,0
9,90,3.817,38,178939,31,403,366,13470,0,0,0,0,0,56,703,5380,8711,0,0,0,0,0
9,90,3.869,39,178995,31,403,366,13470,0,0,0,0,0,56,703,5380,8711,0,0,0,0,0
9,90,3.925,40,179051,31,403,366,13470,0,0,0,0,0,56,703,5380,8711,0,0,0,0,0
9,90,3.982,41,179107,31,403,366,13470,0,0,0,0,0,56,703,5380,8711,0,0,0,0,0
9,90,4.041,42,179163,31,403,366,13470,0,0,0,0,0,56,703,5380,8711,0,0,0,0,0
9,90,4.096,43,179219,31,403,366,13470,0,0,0,0,0,56,703,5380,8711,0,0,0,0,0
9,90,4.157,44,179275,31,403,366,13470,0,0,0,0,0,56,703,5380,8711,0,0,0,0,0
9,90,4.208,45,179331,31,403,366,13470,0,0,0,0,0,56,703,5380,8711,0,0,0,0,0
9,90,4.261,46,179387,31,403,366,13470,0,0,0,0,0,56,703,5380,8711,0,0,0,0,0
9,90,4.328,47,179443,31,403,366,13470,0,0,0,0,0,56,703,5380,8711,0,0,0,0,0
10,-90,-0.011,97,182244,31,403,366,13470,0,0,0,0,0,56,703,5380,8711,0,0,0,0,0
10,-90,0.03,98,182300,31,403,366,13470,0,0,0,0,0,56,704,5380,8711,0,0,0,0,0
10,-90,0.099,99,182353,31,403,367,13470,0,0,0,10,10,56,706,5383,8714,400,-400,0,0,0
10,-90,0.139,100,182407,31,403,366,13425,0,0,0,10,-7,58,708,5383,8703,700,-700,0,0,0
10,-90,0.215,101,182473,31,404,366,13308,0,0,0,4,-20,60,711,5389,8680,1100,-1300,0,0,0
10,-90,0.262,102,182527,31,404,365,13110,0,0,0,7,-66,60,713,5405,8647,1600,-1800,0,0,0
10,-90,0.329,103,182593,31,405,365,12479,0,0,0,92,-128,60,716,5472,8558,2300,-2400,0,0,0
10,-90,0.38,104,182647,31,405,364,11820,0,0,0,128,-171,60,718,5544,8467,2600,-2600,0,0,0
10,-90,0.454,105,182713,31,405,363,10558,0,0,0,164,-200,60,721,5689,8300,2900,-2700,0,0,0
10,-90,0.504,106,182767,31,405,363,9547,0,0,0,210,-220,60,723,5808,8169,3000,-2700,0,0,0
10,-90,0.569,107,182833,31,405,362,8051,0,0,0,184,-194,60,726,5989,7980,2400,-2000,0,0,0
10,-90,0.627,108,182887,31,405,362,7153,0,0,0,184,-164,60,728,6100,7869,1900,-1500,0,0,0
10,-90,0.691,109,182953,31,406,363,6102,0,0,0,118,-118,60,731,6233,7742,1400,-1000,0,0,0
10,-90,0.74,110,183007,31,406,363,5605,0,0,0,89,-82,60,733,6294,7680,1100,-800,0,0,0
10,-90,0.81,111,183073,31,406,363,5063,0,0,0,76,-56,60,736,6367,7619,800,-500,0,0,0
10,-90,0.867,112,183127,31,406,363,4832,0,0,0,52,-36,60,738,6394,7589,600,-300,0,0,0
10,-90,0.924,113,183192,31,406,363,4618,0,0,0,36,-16,60,741,6422,7564,400,-300,0,0,0
10,-90,0.978,114,183247,31,406,363,4541,0,0,0,16,-16,60,743,6430,7553,400,-300,0,0,0
10,-90,1.055,115,183313,31,405,362,4460,0,0,0,16,-10,61,746,6433,7536,0,0,0,0,0
10,-90,1.121,116,183377,31,405,362,4460,0,0,0,0,0,61,749,6433,7536,0,0,0,0,0
10,-90,1.164,117,183431,31,405,362,4460,0,0,0,0,0,61,749,6433,7536,0,0,0,0,0
10,-90,1.221,118,183487,31,405,362,4460,0,0,0,0,0,61,749,6433,7536,0,0,0,0,0
10,-90,1.279,119,183543,31,405,362,4460,0,0,0,0,0,61,749,6433,7536,0,0,0,0,0
10,-90,1.333,120,183599,31,405,362,4460,0,0,0,0,0,61,749,6433,7536,0,0,0,0,0
10,-90,1.388,121,183655,31,405,362,4460,0,0,0,0,0,61,749,6433,7536,0,0,0,0,0
10,-90,1.445,122,183711,31,405,362,4460,0,0,0,0,0,61,749,6433,7536,0,0,0,0,0
10,-90,1.506,123,183767,31,405,362,4460,0,0,0,0,0,61,749,6433,7536,0,0,0,0,0
10,-90,1.56,124,183823,31,405,362,4460,0,0,0,0,0,61,749,6433,7536,0,0,0,0,0
10,-90,1.613,125,183879,31,405,362,4460,0,0,0,0,0,61,749,6433,7536,0,0,0,0,0
10,-90,1.668,126,183935,31,405,362,4460,0,0,0,0,0,61,749,6433,7536,0,0,0,0,0
10,-90,1.737,127,183991,31,405,362,4460,0,0,0,0,0,61,749,6433,7536,0,0,0,0,0
10,-90,1.78,0,184047,31,405,362,4460,0,0,0,0,0,61,749,6433,7536,0,0,0,0,0
10,-90,1.846,1,184103,31,405,362,4460,0,0,0,0,0,61,749,6433,7536,0,0,0,0,0
10,-90,1.889,2,184159,31,405,362,4460,0,0,0,0,0,61,749,6433,7536,0,0,0,0,0
10,-90,1.947,3,184215,31,405,362,4460,0,0,0,0,0,61,749,6433,7536,0,0,0,0,0
10,-90,2.001,4,184271,31,405,362,4460,0,0,0,0,0,61,749,6433,7536,0,0,0,0,0
10,-90,2.058,5,184327,31,405,362,4460,0,0,0,0,0,61,749,6433,7536,0,0,0,0,0
10,-90,2.12,6,184383,31,405,362,4460,0,0,0,0,0,61,749,6433,7536,0,0,0,0,0
10,-90,2.174,7,184439,31,405,362,4460,0,0,0,0,0,61,749,6433,7536,0,0,0,0,0
10,-90,2.226,8,184495,31,405,362,4460,0,0,0,0,0,61,749,6433,7536,0,0,0,0,0
10,-90,2.281,9,184551,31,405,362,4460,0,0,0,0,0,61,749,6433,7536,0,0,0,0,0
10,-90,2.337,10,184607,31,405,362,4460,0,0,0,0,0,61,749,6433,7536,0,0,0,0,0
10,-90,2.397,11,184663,31,405,362,4460,0,0,0,0,0,61,749,6433,7536,0,0,0,0,0
10,-90,2.449,12,184719,31,405,362,4460,0,0,0,0,0,61,749,6433,7536,0,0,0,0,0
10,-90,2.513,13,184775,31,405,362,4460,0,0,0,0,0,61,749,6433,7536,0,0,0,0,0
10,-90,2.562,14,184831,31,405,362,4460,0,0,0,0,0,61,749,6433,7536,0,0,0,0,0
10,-90,2.618,15,184887,31,405,362,4460,0,0,0,0,0,61,749,6433,7536,0,0,0,0,0
10,-90,2.674,16,184943,31,405,362,4460,0,0,0,0,0,61,749,6433,7536,0,0,0,0,0
10,-90,2.73,17,184999,31,405,362,4460,0,0,0,0,0,61,749,6433,7536,0,0,0,0,0
10,-90,2.795,18,185055,31,405,362,4460,0,0,0,0,0,61,749,6433,7536,0,0,0,0,0
10,-90,2.843,19,185111,31,405,362,4460,0,0,0,0,0,61,749,6433,7536,0,0,0,0,0
10,-90,2.898,20,185167,31,405,362,4460,0,0,0,0,0,61,749,6433,7536,0,0,0,0,0
10,-90,2.958,21,185223,31,405,362,4460,0,0,0,0,0,61,749,6433,7536,0,0,0,0,0
10,-90,3.025,22,185279,31,405,362,4460,0,0,0,0,0,61,749,6433,7536,0,0,0,0,0
10,-90,3.067,23,185335,31,405,362,4460,0,0,0,0,0,61,749,6433,7536,0,0,0,0,0
10,-90,3.123,24,185391,31,405,362,4460,0,0,0,0,0,61,749,6433,7536,0,0,0,0,0
10,-90,3.178,25,185447,31,405,362,4460,0,0,0,0,0,61,749,6433,7536,0,0,0,0,0
10,-90,3.235,26,185503,31,405,362,4460,0,0,0,0,0,61,749,6433,7536,0,0,0,0,0
10,-90,3.29,27,185559,31,405,362,4460,0,0,0,0,0,61,749,6433,7536,0,0,0,0,0
10,-90,3.352,28,185615,31,405,362,4460,0,0,0,0,0,61,749,6433,7536,0,0,0,0,0
10,-90,3.403,29,185671,31,405,362,4460,0,0,0,0,0,61,749,6433,7536,0,0,0,0,0
10,-90,3.459,30,185727,31,405,362,4460,0,0,0,0,0,61,749,6433,7536,0,0,0,0,0
10,-90,3.516,31,185783,31,405,362,4460,0,0,0,0,0,61,749,6433,7536,0,0,0,0,0
10,-90,3.578,32,185839,31,405,362,4460,0,0,0,0,0,61,749,6433,7536,0,0,0,0,0
10,-90,3.629,33,185895,31,405,362,4460,0,0,0,0,0,61,749,6433,7536,0,0,0,0,0
10,-90,3.681,34,185951,31,405,362,4460,0,0,0,0,0,61,749,6433,7536,0,0,0,0,0
10,-90,3.739,35,186007,31,405,362,4460,0,0,0,0,0,61,749,6433,7536,0,0,0,0,0
10,-90,3.793,36,186063,31,405,362,4460,0,0,0,0,0,61,749,6433,7536,0,0,0,0,0
10,-90,3.864,37,186119,31,405,362,4460,0,0,0,0,0,61,749,6433,7536,0,0,0,0,0
10,-90,3.906,38,186175,31,405,362,4460,0,0,0,0,0,61,749,6433,7536,0,0,0,0,0
10,-90,3.968,39,186231,31,405,362,4460,0,0,0,0,0,61,749,6433,7536,0,0,0,0,0
10,-90,4.028,40,186287,31,405,362,4460,0,0,0,0,0,61,749,6433,7536,0,0,0,0,0
10,-90,4.074,41,186343,31,405,362,4460,0,0,0,0,0,61,749,6433,7536,0,0,0,0,0
10,-90,4.13,42,186399,31,405,362,4460,0,0,0,0,0,61,749,6433,7536,0,0,0,0,0
10,-90,4.188,43,186455,31,405,362,4460,0,0,0,0,0,61,749,6433,7536,0,0,0,0,0
10,-90,4.254,44,186511,31,405,362,4460,0,0,0,0,0,61,749,6433,7536,0,0,0,0,0
10,-90,4.297,45,186567,31,405,362,4460,0,0,0,0,0,61,749,6433,7536,0,0,0,0,0
10,-90,4.354,46,186623,31,405,362,4460,0,0,0,0,0,61,749,6433,7536,0,0,0,0,0
10,-90,4.412,47,186679,31,405,362,4460,0,0,0,0,0,61,749,6433,7536,0,0,0,0,0
10,-90,4.465,48,186735,31,405,362,4460,0,0,0,0,0,61,749,6433,7536,0,0,0,0,0
10,-90,4.526,49,186791,31,405,362,4460,0,0,0,0,0,61,749,6433,7536,0,0,0,0,0
11,180,-0.01,99,189591,31,405,362,4460,0,0,0,0,0,61,749,6433,7536,0,0,0,0,0
11,180,0.043,100,189643,31,405,362,4460,0,0,0,0,0,61,750,6433,7536,0,0,0,0,0
11,180,0.117,101,189709,31,406,363,4485,0,0,0,0,10,62,753,6433,7542,-600,500,0,0,0
11,180,0.166,102,189763,31,406,363,4582,0,0,0,-7,26,62,755,6428,7561,-900,800,0,0,0
11,180,0.231,103,189829,31,406,363,4840,0,0,0,-26,56,62,758,6400,7597,-1500,1400,0,0,0
11,180,0.293,104,189883,31,406,364,5136,0,0,0,-56,82,62,760,6369,7639,-2000,1900,0,0,0
11,180,0.354,105,189949,31,407,364,5783,0,0,0,-92,108,62,763,6300,7730,-2600,2400,0,0,0
11,180,0.409,106,190003,31,407,365,6458,0,0,0,-128,144,62,765,6222,7819,-2900,2700,0,0,0
11,180,0.475,107,190068,31,407,365,7740,0,0,0,-174,200,62,768,6072,7986,-3200,2900,0,0,0
11,180,0.524,108,190123,31,407,365,8739,0,0,0,-210,200,62,770,5950,8111,-3200,2800,0,0,0
11,180,0.606,109,190188,31,407,366,10344,0,0,0,-200,217,62,773,5761,8319,-2900,2600,0,0,0
11,180,0.645,110,190243,31,407,366,11391,0,0,0,-200,210,62,775,5633,8450,-2800,2300,0,0,0
11,180,0.714,111,190309,31,408,366,12815,0,0,0,-200,181,62,778,5450,8619,-2700,2400,0,0,0
11,180,0.768,112,190363,31,408,366,13773,0,0,0,-194,194,62,780,5333,8739,-2700,2300,0,0,0
11,180,0.848,113,190429,31,408,366,15120,0,0,0,-174,194,62,783,5164,8903,-2600,2400,0,0,0
11,180,0.891,114,190483,31,408,366,16017,0,0,0,-191,184,62,785,5053,9014,-2700,2400,0,0,0
11,180,0.948,115,190548,31,407,366,17364,0,0,0,-181,190,62,788,4889,9183,-2700,2400,0,0,0
11,180,1.007,116,190603,31,408,366,18253,0,0,0,-171,174,62,790,4778,9292,-2500,2100,0,0,0
11,180,1.07,117,190669,31,407,366,19535,0,0,0,-164,164,62,793,4622,9453,-2000,1700,0,0,0
11,180,1.124,118,190723,31,407,366,20231,0,0,0,-128,148,62,795,4539,9542,-1700,1300,0,0,0
11,180,1.19,119,190789,31,408,366,20971,0,0,0,-92,108,63,798,4433,9619,-1200,900,0,0,0
11,180,1.243,120,190843,31,407,366,21533,0,0,0,-82,82,63,800,4380,9705,-1100,500,0,0,0
11,180,1.315,121,190908,31,407,366,21982,0,0,0,-46,46,63,803,4322,9758,-800,300,0,0,0
11,180,1.384,122,190963,31,407,366,22184,0,0,0,-36,26,63,805,4294,9780,-600,300,0,0,0
11,180,1.434,123,191028,31,407,366,22330,0,0,0,-10,16,63,808,4275,9797,-500,300,0,0,0
11,180,1.496,124,191083,31,407,366,22406,0,0,0,-16,16,63,810,4267,9808,-600,300,0,0,0
11,180,1.565,125,191149,31,407,366,22487,0,0,0,-10,26,65,813,4261,9822,0,0,0,0,0
11,180,1.663,126,191203,31,407,366,22475,0,0,0,0,0,65,815,4261,9819,0,0,0,0,0
11,180,1.663,127,191259,31,407,366,22475,0,0,0,0,0,65,817,4261,9819,0,0,0,0,0
11,180,1.722,0,191315,31,407,366,22475,0,0,0,0,0,65,817,4261,9819,0,0,0,0,0
11,180,1.771,1,191371,31,407,366,22475,0,0,0,0,0,65,817,4261,9819,0,0,0,0,0
11,180,1.864,2,191427,31,407,366,22475,0,0,0,0,0,65,817,4261,9819,0,0,0,0,0
11,180,1.886,3,191483,31,407,366,22475,0,0,0,0,0,65,817,4261,9819,0,0,0,0,0
11,180,1.948,4,191539,31,407,366,22475,0,0,0,0,0,65,817,4261,9819,0,0,0,0,0
11,180,1.997,5,191595,31,407,366,22475,0,0,0,0,0,65,817,4261,9819,0,0,0,0,0
11,180,2.05,6,191651,31,407,366,22475,0,0,0,0,0,65,817,4261,9819,0,0,0,0,0
11,180,2.106,7,191707,31,407,366,22475,0,0,0,0,0,65,817,4261,9819,0,0,0,0,0
11,180,2.165,8,191763,31,407,366,22475,0,0,0,0,0,65,817,4261,9819,0,0,0,0,0
11,180,2.22,9,191819,31,407,366,22475,0,0,0,0,0,65,817,4261,9819,0,0,0,0,0
11,180,2.276,10,191875,31,407,366,22475,0,0,0,0,0,65,817,4261,9819,0,0,0,0,0
11,180,2.331,11,191931,31,407,366,22475,0,0,0,0,0,65,817,4261,9819,0,0,0,0,0
11,180,2.388,12,191987,31,407,366,22475,0,0,0,0,0,65,817,4261,9819,0,0,0,0,0
11,180,2.46,13,192043,31,407,366,22475,0,0,0,0,0,65,817,4261,9819,0,0,0,0,0
11,180,2.503,14,192099,31,407,366,22475,0,0,0,0,0,65,817,4261,9819,0,0,0,0,0
11,180,2.564,15,192155,31,407,366,22475,0,0,0,0,0,65,817,4261,9819,0,0,0,0,0
11,180,2.615,16,192211,31,407,366,22475,0,0,0,0,0,65,817,4261,9819,0,0,0,0,0
11,180,2.667,17,192267,31,407,366,22475,0,0,0,0,0,65,817,4261,9819,0,0,0,0,0
11,180,2.726,18,192323,31,407,366,22475,0,0,0,0,0,65,817,4261,9819,0,0,0,0,0
11,180,2.801,19,192379,31,407,366,22475,0,0,0,0,0,65,817,4261,9819,0,0,0,0,0
11,180,2.85,20,192435,31,407,366,22475,0,0,0,0,0,65,817,4261,9819,0,0,0,0,0
11,180,2.897,21,192491,31,407,366,22475,0,0,0,0,0,65,817,4261,9819,0,0,0,0,0
11,180,2.954,22,192547,31,407,366,22475,0,0,0,0,0,65,817,4261,9819,0,0,0,0,0
11,180,3.015,23,192603,31,407,366,22475,0,0,0,0,0,65,817,4261,9819,0,0,0,0,0
11,180,3.129,24,192659,31,407,366,22475,0,0,0,0,0,65,817,4261,9819,0,0,0,0,0
11,180,3.136,25,192715,31,407,366,22475,0,0,0,0,0,65,817,4261,9819,0,0,0,0,0
11,180,3.171,26,192771,31,407,366,22475,0,0,0,0,0,65,817,4261,9819,0,0,0,0,0
11,180,3.228,27,192827,31,407,366,22475,0,0,0,0,0,65,817,4261,9819,0,0,0,0,0
11,180,3.29,28,192883,31,407,366,22475,0,0,0,0,0,65,817,4261,9819,0,0,0,0,0
11,180,3.341,29,192939,31,407,366,22475,0,0,0,0,0,65,817,4261,9819,0,0,0,0,0
11,180,3.4,30,192995,31,407,366,22475,0,0,0,0,0,65,817,4261,9819,0,0,0,0,0
11,180,3.451,31,193051,31,407,366,22475,0,0,0,0,0,65,817,4261,9819,0,0,0,0,0
11,180,3.506,32,193107,31,407,366,22475,0,0,0,0,0,65,817,4261,9819,0,0,0,0,0
11,180,3.566,33,193163,31,407,366,22475,0,0,0,0,0,65,817,4261,9819,0,0,0,0,0
11,180,3.619,34,193219,31,407,366,22475,0,0,0,0,0,65,817,4261,9819,0,0,0,0,0
11,180,3.683,35,193275,31,407,366,22475,0,0,0,0,0,65,817,4261,9819,0,0,0,0,0
11,180,3.745,36,193331,31,407,366,22475,0,0,0,0,0,65,817,4261,9819,0,0,0,0,0
11,180,3.787,37,193387,31,407,366,22475,0,0,0,0,0,65,817,4261,9819,0,0,0,0,0
11,180,3.843,38,193443,31,407,366,22475,0,0,0,0,0,65,817,4261,9819,0,0,0,0,0
11,180,3.905,39,193499,31,407,366,22475,0,0,0,0,0,65,817,4261,9819,0,0,0,0,0
11,180,3.957,40,193555,31,407,366,22475,0,0,0,0,0,65,817,4261,9819,0,0,0,0,0
11,180,4.016,41,193611,31,407,366,22475,0,0,0,0,0,65,817,4261,9819,0,0,0,0,0
11,180,4.081,42,193667,31,407,366,22475,0,0,0,0,0,65,817,4261,9819,0,0,0,0,0
11,180,4.129,43,193723,31,407,366,22475,0,0,0,0,0,65,817,4261,9819,0,0,0,0,0
11,180,4.183,44,193779,31,407,366,22475,0,0,0,0,0,65,817,4261,9819,0,0,0,0,0
11,180,4.242,45,193835,31,407,366,22475,0,0,0,0,0,65,817,4261,9819,0,0,0,0,0
11,180,4.295,46,193891,31,407,366,22475,0,0,0,0,0,65,817,4261,9819,0,0,0,0,0
11,180,4.348,47,193947,31,407,366,22475,0,0,0,0,0,65,817,4261,9819,0,0,0,0,0
11,180,4.402,48,194003,31,407,366,22475,0,0,0,0,0,65,817,4261,9819,0,0,0,0,0
11,180,4.462,49,194059,31,407,366,22475,0,0,0,0,0,65,817,4261,9819,0,0,0,0,0
11,180,4.518,50,194115,31,407,366,22475,0,0,0,0,0,65,817,4261,9819,0,0,0,0,0
11,180,4.582,51,194171,31,407,366,22475,0,0,0,0,0,65,817,4261,9819,0,0,0,0,0
11,180,4.629,52,194227,31,407,366,22475,0,0,0,0,0,65,817,4261,9819,0,0,0,0,0
11,180,4.685,53,194283,31,407,366,22475,0,0,0,0,0,65,817,4261,9819,0,0,0,0,0
11,180,4.742,54,194339,31,407,366,22475,0,0,0,0,0,65,817,4261,9819,0,0,0,0,0
11,180,4.797,55,194395,31,407,366,22475,0,0,0,0,0,65,817,4261,9819,0,0,0,0,0
11,180,4.85,56,194451,31,407,366,22475,0,0,0,0,0,65,817,4261,9819,0,0,0,0,0
11,180,4.91,57,194507,31,407,366,22475,0,0,0,0,0,65,817,4261,9819,0,0,0,0,0
12,-180,-0.016,105,197195,31,407,366,22475,0,0,0,0,0,65,817,4261,9819,0,0,0,0,0
12,-180,0.041,106,197252,31,407,366,22475,0,0,0,0,0,65,818,4261,9819,0,0,0,0,0
12,-180,0.111,107,197305,31,407,366,22475,0,0,0,0,0,65,820,4261,9819,400,-400,0,0,0
12,-180,0.155,108,197359,31,408,366,22419,0,0,0,0,-30,67,822,4261,9805,700,-700,0,0,0
12,-180,0.215,109,197425,31,408,367,22297,0,0,0,0,-36,70,825,4261,9775,1200,-1300,0,0,0
12,-180,0.269,110,197479,31,409,367,22051,0,0,0,52,-72,70,827,4283,9736,1600,-1700,0,0,0
12,-180,0.35,111,197545,31,410,368,21513,0,0,0,62,-108,70,830,4333,9653,2300,-2200,0,0,0
12,-180,0.396,112,197599,31,411,369,20926,0,0,0,108,-148,70,832,4394,9569,2700,-2600,0,0,0
12,-180,0.453,113,197665,31,412,369,19701,0,0,0,164,-194,70,835,4533,9405,3100,-2700,0,0,0
12,-180,0.509,114,197719,31,412,369,18747,0,0,0,190,-220,70,837,4650,9286,3200,-2800,0,0,0
12,-180,0.574,115,197785,31,412,369,17198,0,0,0,220,-217,70,840,4839,9092,3000,-2600,0,0,0
12,-180,0.632,116,197839,31,412,369,16143,0,0,0,210,-210,70,842,4972,8964,2800,-2400,0,0,0
12,-180,0.695,117,197905,31,412,369,14634,0,0,0,220,-204,70,845,5161,8780,2700,-2300,0,0,0
12,-180,0.755,118,197959,31,412,369,13648,0,0,0,200,-210,70,847,5280,8655,2600,-2200,0,0,0
12,-180,0.815,119,198025,31,412,369,12265,0,0,0,210,-200,70,850,5453,8486,2500,-2300,0,0,0
12,-180,0.875,120,198079,31,412,369,11403,0,0,0,154,-181,70,852,5555,8375,2500,-2200,0,0,0
12,-180,0.933,121,198145,31,412,369,10033,0,0,0,174,-181,70,855,5722,8203,2700,-2200,0,0,0
12,-180,0.988,122,198199,31,412,369,9135,0,0,0,174,-171,70,857,5833,8092,2500,-2100,0,0,0
12,-180,1.055,123,198265,31,412,369,7784,0,0,0,174,-181,70,860,6000,7925,2100,-1700,0,0,0
12,-180,1.118,124,198319,31,412,369,7020,0,0,0,144,-164,70,862,6094,7830,1700,-1300,0,0,0
12,-180,1.179,125,198384,31,412,369,6110,0,0,0,108,-102,70,865,6211,7722,1300,-1000,0,0,0
12,-180,1.233,126,198439,31,412,369,5649,0,0,0,92,-92,70,867,6267,7664,1100,-700,0,0,0
12,-180,1.293,127,198505,31,412,369,5099,0,0,0,72,-56,70,870,6339,7600,800,-300,0,0,0
12,-180,1.348,0,198559,31,412,369,4885,0,0,0,39,-36,70,872,6367,7575,500,-300,0,0,0
12,-180,1.412,1,198624,31,412,369,4687,0,0,0,16,-7,70,875,6394,7553,500,-300,0,0,0
12,-180,1.47,2,198679,31,412,369,4594,0,0,0,20,-20,71,877,6400,7536,500,-300,0,0,0
12,-180,1.532,3,198744,31,412,369,4505,0,0,0,7,-20,72,880,6405,7519,600,-300,0,0,0
12,-180,1.592,4,198799,31,411,368,4472,0,0,0,0,-10,73,882,6405,7511,0,0,0,0,0
12,-180,1.657,5,198856,31,411,368,4472,0,0,0,0,0,73,885,6405,7511,0,0,0,0,0
12,-180,1.7,6,198911,31,411,368,4472,0,0,0,0,0,73,885,6405,7511,0,0,0,0,0
12,-180,1.757,7,198967,31,411,368,4472,0,0,0,0,0,73,885,6405,7511,0,0,0,0,0
12,-180,1.811,8,199023,31,411,368,4472,0,0,0,0,0,73,885,6405,7511,0,0,0,0,0
12,-180,1.874,9,199079,31,411,368,4472,0,0,0,0,0,73,885,6405,7511,0,0,0,0,0
12,-180,1.93,10,199135,31,411,368,4472,0,0,0,0,0,73,885,6405,7511,0,0,0,0,0
12,-180,1.98,11,199191,31,411,368,4472,0,0,0,0,0,73,885,6405,7511,0,0,0,0,0
12,-180,2.034,12,199247,31,411,368,4472,0,0,0,0,0,73,885,6405,7511,0,0,0,0,0
12,-180,2.102,13,199303,31,411,368,4472,0,0,0,0,0,73,885,6405,7511,0,0,0,0,0
12,-180,2.147,14,199359,31,411,368,4472,0,0,0,0,0,73,885,6405,7511,0,0,0,0,0
12,-180,2.216,15,199415,31,411,368,4472,0,0,0,0,0,73,885,6405,7511,0,0,0,0,0
12,-180,2.263,16,199471,31,411,368,4472,0,0,0,0,0,73,885,6405,7511,0,0,0,0,0
12,-180,2.315,17,199527,31,411,368,4472,0,0,0,0,0,73,885,6405,7511,0,0,0,0,0
12,-180,2.377,18,199583,31,411,368,4472,0,0,0,0,0,73,885,6405,7511,0,0,0,0,0
12,-180,2.43,19,199639,31,411,368,4472,0,0,0,0,0,73,885,6405,7511,0,0,0,0,0
12,-180,2.485,20,199695,31,411,368,4472,0,0,0,0,0,73,885,6405,7511,0,0,0,0,0
12,-180,2.539,21,199751,31,411,368,4472,0,0,0,0,0,73,885,6405,7511,0,0,0,0,0
12,-180,2.596,22,199807,31,411,368,4472,0,0,0,0,0,73,885,6405,7511,0,0,0,0,0
12,-180,2.651,23,199863,31,411,368,4472,0,0,0,0,0,73,885,6405,7511,0,0,0,0,0
12,-180,2.706,24,199919,31,411,368,4472,0,0,0,0,0,73,885,6405,7511,0,0,0,0,0
12,-180,2.762,25,199975,31,411,368,4472,0,0,0,0,0,73,885,6405,7511,0,0,0,0,0
12,-180,2.82,26,200031,31,411,368,4472,0,0,0,0,0,73,885,6405,7511,0,0,0,0,0
12,-180,2.875,27,200087,31,411,368,4472,0,0,0,0,0,73,885,6405,7511,0,0,0,0,0
12,-180,2.939,28,200143,31,411,368,4472,0,0,0,0,0,73,885,6405,7511,0,0,0,0,0
12,-180,2.988,29,200199,31,411,368,4472,0,0,0,0,0,73,885,6405,7511,0,0,0,0,0
12,-180,3.051,30,200255,31,411,368,4472,0,0,0,0,0,73,885,6405,7511,0,0,0,0,0
12,-180,3.101,31,200311,31,411,368,4472,0,0,0,0,0,73,885,6405,7511,0,0,0,0,0
12,-180,3.155,32,200367,31,411,368,4472,0,0,0,0,0,73,885,6405,7511,0,0,0,0,0
12,-180,3.216,33,200423,31,411,368,4472,0,0,0,0,0,73,885,6405,7511,0,0,0,0,0
12,-180,3.271,34,200479,31,411,368,4472,0,0,0,0,0,73,885,6405,7511,0,0,0,0,0
12,-180,3.329,35,200535,31,411,368,4472,0,0,0,0,0,73,885,6405,7511,0,0,0,0,0
12,-180,3.378,36,200591,31,411,368,4472,0,0,0,0,0,73,885,6405,7511,0,0,0,0,0
12,-180,3.435,37,200647,31,411,368,4472,0,0,0,0,0,73,885,6405,7511,0,0,0,0,0
12,-180,3.491,38,200703,31,411,368,4472,0,0,0,0,0,73,885,6405,7511,0,0,0,0,0
12,-180,3.545,39,200759,31,411,368,4472,0,0,0,0,0,73,885,6405,7511,0,0,0,0,0
12,-180,3.602,40,200815,31,411,368,4472,0,0,0,0,0,73,885,6405,7511,0,0,0,0,0
12,-180,3.659,41,200871,31,411,368,4472,0,0,0,0,0,73,885,6405,7511,0,0,0,0,0
12,-180,3.719,42,200927,31,411,368,4472,0,0,0,0,0,73,885,6405,7511,0,0,0,0,0
12,-180,3.77,43,200983,31,411,368,4472,0,0,0,0,0,73,885,6405,7511,0,0,0,0,0
12,-180,3.827,44,201039,31,411,368,4472,0,0,0,0,0,73,885,6405,7511,0,0,0,0,0
12,-180,3.886,45,201095,31,411,368,4472,0,0,0,0,0,73,885,6405,7511,0,0,0,0,0
12,-180,3.944,46,201151,31,411,368,4472,0,0,0,0,0,73,885,6405,7511,0,0,0,0,0
12,-180,4.004,47,201207,31,411,368,4472,0,0,0,0,0,73,885,6405,7511,0,0,0,0,0
12,-180,4.056,48,201263,31,411,368,4472,0,0,0,0,0,73,885,6405,7511,0,0,0,0,0
12,-180,4.108,49,201319,31,411,368,4472,0,0,0,0,0,73,885,6405,7511,0,0,0,0,0
12,-180,4.163,50,201375,31,411,368,4472,0,0,0,0,0,73,885,6405,7511,0,0,0,0,0
12,-180,4.219,51,201431,31,411,368,4472,0,0,0,0,0,73,885,6405,7511,0,0,0,0,0
12,-180,4.277,52,201487,31,411,368,4472,0,0,0,0,0,73,885,6405,7511,0,0,0,0,0
12,-180,4.337,53,201543,31,411,368,4472,0,0,0,0,0,73,885,6405,7511,0,0,0,0,0
12,-180,4.386,54,201599,31,411,368,4472,0,0,0,0,0,73,885,6405,7511,0,0,0,0,0
12,-180,4.444,55,201655,31,411,368,4472,0,0,0,0,0,73,885,6405,7511,0,0,0,0,0
12,-180,4.5,56,201711,31,411,368,4472,0,0,0,0,0,73,885,6405,7511,0,0,0,0,0
12,-180,4.558,57,201767,31,411,368,4472,0,0,0,0,0,73,885,6405,7511,0,0,0,0,0
12,-180,4.61,58,201823,31,411,368,4472,0,0,0,0,0,73,885,6405,7511,0,0,0,0,0
12,-180,4.667,59,201879,31,411,368,4472,0,0,0,0,0,73,885,6405,7511,0,0,0,0,0
13,-90,-0.013,108,204623,31,411,368,4472,0,0,0,0,0,73,885,6405,7511,0,0,0,0,0
13,-90,0.042,109,204680,31,411,368,4472,0,0,0,0,0,73,886,6405,7511,0,0,0,0,0
13,-90,0.097,110,204733,31,412,368,4485,0,0,0,0,10,73,888,6405,7514,400,-400,0,0,0
13,-90,0.144,111,204787,31,411,368,4440,0,0,0,0,-7,75,890,6405,7503,700,-700,0,0,0
13,-90,0.212,112,204853,31,410,367,4258,0,0,0,6,-62,77,893,6414,7467,1100,-1300,0,0,0
13,-90,0.268,113,204907,31,409,367,4007,0,0,0,20,-92,77,895,6428,7419,1600,-1700,0,0,0
13,-90,0.347,114,204973,31,408,366,3348,0,0,0,89,-118,77,898,6494,7322,2200,-2100,0,0,0
13,-90,0.384,115,205027,31,408,366,2705,0,0,0,128,-144,77,900,6567,7236,2600,-2300,0,0,0
13,-90,0.45,116,205093,31,407,365,1516,0,0,0,154,-184,77,903,6705,7080,2900,-2600,0,0,0
13,-90,0.506,117,205147,31,407,365,562,0,0,0,181,-200,77,905,6819,6958,3000,-2600,0,0,0
13,-90,0.572,118,205213,31,407,365,-934,0,0,0,200,-200,77,908,7000,6769,2400,-2000,0,0,0
13,-90,0.625,119,205267,31,407,365,-1868,0,0,0,184,-184,77,910,7117,6655,2000,-1500,0,0,0
13,-90,0.694,120,205333,31,407,365,-3000,0,0,0,145,-118,77,913,7261,6519,1300,-800,0,0,0
13,-90,0.745,121,205387,31,407,365,-3518,0,0,0,102,-92,77,915,7328,6458,1000,-600,0,0,0
13,-90,0.814,122,205452,31,407,365,-4052,0,0,0,53,-62,77,918,7394,6392,600,-300,0,0,0
13,-90,0.875,123,205507,31,407,365,-4226,0,0,0,30,-30,77,920,7414,6369,600,-300,0,0,0
13,-90,0.929,124,205572,31,407,365,-4347,0,0,0,5,-36,78,923,7422,6347,600,-300,0,0,0
13,-90,0.987,125,205627,31,406,366,-4404,0,0,0,5,-30,80,925,7422,6333,600,-300,0,0,0
13,-90,1.049,126,205692,31,406,366,-4480,0,0,0,5,-10,83,928,7422,6314,600,-300,0,0,0
13,-90,1.12,127,205748,31,406,367,-4537,0,0,0,5,-26,85,930,7422,6300,0,0,0,0,0
13,-90,1.186,0,205828,31,405,367,-4561,0,0,0,0,0,85,934,7422,6294,0,0,0,0,0
13,-90,1.239,1,205883,31,405,367,-4561,0,0,0,0,0,85,934,7422,6294,0,0,0,0,0
13,-90,1.295,2,205939,31,405,367,-4561,0,0,0,0,0,85,934,7422,6294,0,0,0,0,0
13,-90,1.355,3,205995,31,405,367,-4561,0,0,0,0,0,85,934,7422,6294,0,0,0,0,0
13,-90,1.408,4,206051,31,405,367,-4561,0,0,0,0,0,85,934,7422,6294,0,0,0,0,0
13,-90,1.463,5,206107,31,405,367,-4561,0,0,0,0,0,85,934,7422,6294,0,0,0,0,0
13,-90,1.537,6,206163,31,405,367,-4561,0,0,0,0,0,85,934,7422,6294,0,0,0,0,0
13,-90,1.577,7,206219,31,405,367,-4561,0,0,0,0,0,85,934,7422,6294,0,0,0,0,0
13,-90,1.646,8,206275,31,405,367,-4561,0,0,0,0,0,85,934,7422,6294,0,0,0,0,0
13,-90,1.691,9,206331,31,405,367,-4561,0,0,0,0,0,85,934,7422,6294,0,0,0,0,0
13,-90,1.745,10,206387,31,405,367,-4561,0,0,0,0,0,85,934,7422,6294,0,0,0,0,0
13,-90,1.802,11,206443,31,405,367,-4561,0,0,0,0,0,85,934,7422,6294,0,0,0,0,0
13,-90,1.857,12,206499,31,405,367,-4561,0,0,0,0,0,85,934,7422,6294,0,0,0,0,0
13,-90,1.917,13,206555,31,405,367,-4561,0,0,0,0,0,85,934,7422,6294,0,0,0,0,0
13,-90,1.976,14,206611,31,405,367,-4561,0,0,0,0,0,85,934,7422,6294,0,0,0,0,0
13,-90,2.026,15,206667,31,405,367,-4561,0,0,0,0,0,85,934,7422,6294,0,0,0,0,0
13,-90,2.079,16,206723,31,405,367,-4561,0,0,0,0,0,85,934,7422,6294,0,0,0,0,0
13,-90,2.146,17,206779,31,405,367,-4561,0,0,0,0,0,85,934,7422,6294,0,0,0,0,0
13,-90,2.191,18,206835,31,405,367,-4561,0,0,0,0,0,85,934,7422,6294,0,0,0,0,0
13,-90,2.255,19,206891,31,405,367,-4561,0,0,0,0,0,85,934,7422,6294,0,0,0,0,0
13,-90,2.305,20,206947,31,405,367,-4561,0,0,0,0,0,85,934,7422,6294,0,0,0,0,0
13,-90,2.361,21,207003,31,405,367,-4561,0,0,0,0,0,85,934,7422,6294,0,0,0,0,0
13,-90,2.417,22,207059,31,405,367,-4561,0,0,0,0,0,85,934,7422,6294,0,0,0,0,0
13,-90,2.472,23,207115,31,405,367,-4561,0,0,0,0,0,85,934,7422,6294,0,0,0,0,0
13,-90,2.53,24,207171,31,405,367,-4561,0,0,0,0,0,85,934,7422,6294,0,0,0,0,0
13,-90,2.585,25,207227,31,405,367,-4561,0,0,0,0,0,85,934,7422,6294,0,0,0,0,0
13,-90,2.64,26,207283,31,405,367,-4561,0,0,0,0,0,85,934,7422,6294,0,0,0,0,0
13,-90,2.695,27,207339,31,405,367,-4561,0,0,0,0,0,85,934,7422,6294,0,0,0,0,0
13,-90,2.765,28,207395,31,405,367,-4561,0,0,0,0,0,85,934,7422,6294,0,0,0,0,0
13,-90,2.811,29,207451,31,405,367,-4561,0,0,0,0,0,85,934,7422,6294,0,0,0,0,0
13,-90,2.863,30,207507,31,405,367,-4561,0,0,0,0,0,85,934,7422,6294,0,0,0,0,0
13,-90,2.923,31,207563,31,405,367,-4561,0,0,0,0,0,85,934,7422,6294,0,0,0,0,0
13,-90,2.976,32,207619,31,405,367,-4561,0,0,0,0,0,85,934,7422,6294,0,0,0,0,0
13,-90,3.045,33,207675,31,405,367,-4561,0,0,0,0,0,85,934,7422,6294,0,0,0,0,0
13,-90,3.088,34,207731,31,405,367,-4561,0,0,0,0,0,85,934,7422,6294,0,0,0,0,0
13,-90,3.146,35,207787,31,405,367,-4561,0,0,0,0,0,85,934,7422,6294,0,0,0,0,0
13,-90,3.202,36,207843,31,405,367,-4561,0,0,0,0,0,85,934,7422,6294,0,0,0,0,0
13,-90,3.255,37,207899,31,405,367,-4561,0,0,0,0,0,85,934,7422,6294,0,0,0,0,0
13,-90,3.313,38,207955,31,405,367,-4561,0,0,0,0,0,85,934,7422,6294,0,0,0,0,0
13,-90,3.375,39,208011,31,405,367,-4561,0,0,0,0,0,85,934,7422,6294,0,0,0,0,0
13,-90,3.423,40,208067,31,405,367,-4561,0,0,0,0,0,85,934,7422,6294,0,0,0,0,0
13,-90,3.483,41,208123,31,405,367,-4561,0,0,0,0,0,85,934,7422,6294,0,0,0,0,0
13,-90,3.537,42,208179,31,405,367,-4561,0,0,0,0,0,85,934,7422,6294,0,0,0,0,0
13,-90,3.591,43,208235,31,405,367,-4561,0,0,0,0,0,85,934,7422,6294,0,0,0,0,0
13,-90,3.649,44,208291,31,405,367,-4561,0,0,0,0,0,85,934,7422,6294,0,0,0,0,0
13,-90,3.711,45,208347,31,405,367,-4561,0,0,0,0,0,85,934,7422,6294,0,0,0,0,0
13,-90,3.761,46,208403,31,405,367,-4561,0,0,0,0,0,85,934,7422,6294,0,0,0,0,0
13,-90,3.816,47,208459,31,405,367,-4561,0,0,0,0,0,85,934,7422,6294,0,0,0,0,0
13,-90,3.871,48,208515,31,405,367,-4561,0,0,0,0,0,85,934,7422,6294,0,0,0,0,0
13,-90,3.933,49,208571,31,405,367,-4561,0,0,0,0,0,85,934,7422,6294,0,0,0,0,0
13,-90,3.998,50,208627,31,405,367,-4561,0,0,0,0,0,85,934,7422,6294,0,0,0,0,0
13,-90,4.04,51,208683,31,405,367,-4561,0,0,0,0,0,85,934,7422,6294,0,0,0,0,0
13,-90,4.104,52,208739,31,405,367,-4561,0,0,0,0,0,85,934,7422,6294,0,0,0,0,0
13,-90,4.157,53,208795,31,405,367,-4561,0,0,0,0,0,85,934,7422,6294,0,0,0,0,0
13,-90,4.208,54,208851,31,405,367,-4561,0,0,0,0,0,85,934,7422,6294,0,0,0,0,0
13,-90,4.264,55,208907,31,405,367,-4561,0,0,0,0,0,85,934,7422,6294,0,0,0,0,0
13,-90,4.325,56,208963,31,405,367,-4561,0,0,0,0,0,85,934,7422,6294,0,0,0,0,0
14,90,-0.008,104,211651,31,405,367,-4561,0,0,0,0,0,85,934,7422,6294,0,0,0,0,0
14,90,0.046,105,211711,31,405,367,-4561,0,0,0,0,0,85,935,7422,6294,0,0,0,0,0
14,90,0.116,106,211777,31,406,367,-4525,0,0,0,0,20,86,938,7422,6303,-600,500,0,0,0
14,90,0.168,107,211831,31,406,367,-4493,0,0,0,-5,16,87,940,7419,6308,-900,800,0,0,0
14,90,0.232,108,211897,31,406,366,-4210,0,0,0,-36,46,87,943,7394,6353,-1500,1300,0,0,0
14,90,0.292,109,211951,31,407,366,-3922,0,0,0,-43,72,87,945,7367,6397,-2000,1800,0,0,0
14,90,0.351,110,212017,31,407,365,-3154,0,0,0,-102,128,87,948,7283,6503,-2500,2300,0,0,0
14,90,0.405,111,212071,31,408,365,-2438,0,0,0,-138,164,87,950,7200,6597,-2800,2500,0,0,0
14,90,0.474,112,212137,31,408,365,-1157,0,0,0,-184,190,87,953,7044,6758,-3100,2700,0,0,0
14,90,0.525,113,212191,31,408,365,-247,0,0,0,-194,171,87,955,6930,6869,-3000,2500,0,0,0
14,90,0.592,114,212257,31,408,365,1225,0,0,0,-181,200,87,958,6750,7053,-2300,1900,0,0,0
14,90,0.655,115,212311,31,408,365,2111,0,0,0,-164,154,87,960,6636,7158,-1800,1400,0,0,0
14,90,0.712,116,212377,31,408,365,3134,0,0,0,-128,128,87,963,6511,7286,-1300,900,0,0,0
14,90,0.765,117,212431,31,408,365,3627,0,0,0,-92,92,87,965,6450,7347,-1000,600,0,0,0
14,90,0.833,118,212496,31,408,365,4133,0,0,0,-46,62,87,968,6383,7405,-600,300,0,0,0
14,90,0.903,119,212551,31,407,365,4303,0,0,0,-20,36,87,970,6361,7425,-400,300,0,0,0
14,90,0.963,120,212616,31,408,365,4428,0,0,0,-10,20,87,973,6347,7442,-400,300,0,0,0
14,90,1.005,121,212671,31,408,365,4460,0,0,0,0,20,87,975,6350,7453,0,0,0,0,0
14,90,1.061,122,212728,31,408,365,4460,0,0,0,0,0,87,978,6350,7453,0,0,0,0,0
14,90,1.119,123,212783,31,408,365,4460,0,0,0,0,0,87,978,6350,7453,0,0,0,0,0
14,90,1.172,124,212839,31,408,365,4460,0,0,0,0,0,87,978,6350,7453,0,0,0,0,0
14,90,1.23,125,212895,31,408,365,4460,0,0,0,0,0,87,978,6350,7453,0,0,0,0,0
14,90,1.284,126,212951,31,408,365,4460,0,0,0,0,0,87,978,6350,7453,0,0,0,0,0
14,90,1.345,127,213007,31,408,365,4460,0,0,0,0,0,87,978,6350,7453,0,0,0,0,0
14,90,1.404,0,213063,31,408,365,4460,0,0,0,0,0,87,978,6350,7453,0,0,0,0,0
14,90,1.454,1,213119,31,408,365,4460,0,0,0,0,0,87,978,6350,7453,0,0,0,0,0
14,90,1.507,2,213175,31,408,365,4460,0,0,0,0,0,87,978,6350,7453,0,0,0,0,0
14,90,1.563,3,213231,31,408,365,4460,0,0,0,0,0,87,978,6350,7453,0,0,0,0,0
14,90,1.622,4,213287,31,408,365,4460,0,0,0,0,0,87,978,6350,7453,0,0,0,0,0
14,90,1.675,5,213343,31,408,365,4460,0,0,0,0,0,87,978,6350,7453,0,0,0,0,0
14,90,1.735,6,213399,31,408,365,4460,0,0,0,0,0,87,978,6350,7453,0,0,0,0,0
14,90,1.788,7,213455,31,408,365,4460,0,0,0,0,0,87,978,6350,7453,0,0,0,0,0
14,90,1.845,8,213511,31,408,365,4460,0,0,0,0,0,87,978,6350,7453,0,0,0,0,0
14,90,1.902,9,213567,31,408,365,4460,0,0,0,0,0,87,978,6350,7453,0,0,0,0,0
14,90,1.96,10,213623,31,408,365,4460,0,0,0,0,0,87,978,6350,7453,0,0,0,0,0
14,90,2.011,11,213679,31,408,365,4460,0,0,0,0,0,87,978,6350,7453,0,0,0,0,0
14,90,2.069,12,213735,31,408,365,4460,0,0,0,0,0,87,978,6350,7453,0,0,0,0,0
14,90,2.129,13,213791,31,408,365,4460,0,0,0,0,0,87,978,6350,7453,0,0,0,0,0
14,90,2.2,14,213847,31,408,365,4460,0,0,0,0,0,87,978,6350,7453,0,0,0,0,0
14,90,2.236,15,213903,31,408,365,4460,0,0,0,0,0,87,978,6350,7453,0,0,0,0,0
14,90,2.3,16,213959,31,408,365,4460,0,0,0,0,0,87,978,6350,7453,0,0,0,0,0
14,90,2.356,17,214015,31,408,365,4460,0,0,0,0,0,87,978,6350,7453,0,0,0,0,0
14,90,2.407,18,214071,31,408,365,4460,0,0,0,0,0,87,978,6350,7453,0,0,0,0,0
14,90,2.47,19,214127,31,408,365,4460,0,0,0,0,0,87,978,6350,7453,0,0,0,0,0
14,90,2.56,20,214183,31,408,365,4460,0,0,0,0,0,87,978,6350,7453,0,0,0,0,0
14,90,2.573,21,214239,31,408,365,4460,0,0,0,0,0,87,978,6350,7453,0,0,0,0,0
14,90,2.628,22,214295,31,408,365,4460,0,0,0,0,0,87,978,6350,7453,0,0,0,0,0
14,90,2.683,23,214351,31,408,365,4460,0,0,0,0,0,87,978,6350,7453,0,0,0,0,0
14,90,2.761,24,214407,31,408,365,4460,0,0,0,0,0,87,978,6350,7453,0,0,0,0,0
14,90,2.923,25,214463,31,408,365,4460,0,0,0,0,0,87,978,6350,7453,0,0,0,0,0
14,90,2.923,26,214519,31,408,365,4460,0,0,0,0,0,87,978,6350,7453,0,0,0,0,0
14,90,2.923,27,214575,31,408,365,4460,0,0,0,0,0,87,978,6350,7453,0,0,0,0,0
14,90,2.963,28,214631,31,408,365,4460,0,0,0,0,0,87,978,6350,7453,0,0,0,0,0
14,90,3.02,29,214687,31,408,365,4460,0,0,0,0,0,87,978,6350,7453,0,0,0,0,0
14,90,3.084,30,214743,31,408,365,4460,0,0,0,0,0,87,978,6350,7453,0,0,0,0,0
14,90,3.194,31,214799,31,408,365,4460,0,0,0,0,0,87,978,6350,7453,0,0,0,0,0
14,90,3.194,32,214855,31,408,365,4460,0,0,0,0,0,87,978,6350,7453,0,0,0,0,0
14,90,3.244,33,214911,31,408,365,4460,0,0,0,0,0,87,978,6350,7453,0,0,0,0,0
14,90,3.305,34,214967,31,408,365,4460,0,0,0,0,0,87,978,6350,7453,0,0,0,0,0
14,90,3.356,35,215023,31,408,365,4460,0,0,0,0,0,87,978,6350,7453,0,0,0,0,0
14,90,3.422,36,215079,31,408,365,4460,0,0,0,0,0,87,978,6350,7453,0,0,0,0,0
14,90,3.47,37,215135,31,408,365,4460,0,0,0,0,0,87,978,6350,7453,0,0,0,0,0
14,90,3.533,38,215191,31,408,365,4460,0,0,0,0,0,87,978,6350,7453,0,0,0,0,0
14,90,3.588,39,215247,31,408,365,4460,0,0,0,0,0,87,978,6350,7453,0,0,0,0,0
14,90,3.636,40,215303,31,408,365,4460,0,0,0,0,0,87,978,6350,7453,0,0,0,0,0
14,90,3.704,41,215359,31,408,365,4460,0,0,0,0,0,87,978,6350,7453,0,0,0,0,0
14,90,3.838,42,215415,31,408,365,4460,0,0,0,0,0,87,978,6350,7453,0,0,0,0,0
14,90,3.838,43,215471,31,408,365,4460,0,0,0,0,0,87,978,6350,7453,0,0,0,0,0
14,90,3.859,44,215527,31,408,365,4460,0,0,0,0,0,87,978,6350,7453,0,0,0,0,0
14,90,3.916,45,215583,31,408,365,4460,0,0,0,0,0,87,978,6350,7453,0,0,0,0,0
14,90,3.974,46,215639,31,408,365,4460,0,0,0,0,0,87,978,6350,7453,0,0,0,0,0
14,90,4.108,47,215695,31,408,365,4460,0,0,0,0,0,87,978,6350,7453,0,0,0,0,0
14,90,4.108,48,215751,31,408,365,4460,0,0,0,0,0,87,978,6350,7453,0,0,0,0,0
15,-180,-0.007,96,218440,31,408,365,4460,0,0,0,0,0,87,978,6350,7453,0,0,0,0,0
15,-180,0.018,97,218496,31,408,365,4460,0,0,0,0,0,87,978,6350,7453,0,0,0,0,0
15,-180,0.07,98,218547,31,408,365,4460,0,0,0,0,0,87,980,6350,7453,300,-300,0,0,0
15,-180,0.136,99,218613,31,408,365,4404,0,0,0,5,-18,88,983,6353,7442,700,-700,0,0,0
15,-180,0.189,100,218667,31,407,365,4254,0,0,0,39,-36,88,985,6367,7419,1100,-1000,0,0,0
15,-180,0.256,101,218733,31,407,364,3955,0,0,0,26,-62,88,988,6400,7378,1700,-1700,0,0,0
15,-180,0.309,102,218787,31,407,364,3603,0,0,0,72,-82,88,990,6439,7330,2200,-2000,0,0,0
15,-180,0.375,103,218852,31,407,364,2730,0,0,0,128,-138,88,993,6544,7219,2700,-2400,0,0,0
15,-180,0.434,104,218907,31,406,364,1953,0,0,0,154,-164,88,995,6636,7119,2900,-2700,0,0,0
15,-180,0.497,105,218972,31,406,364,542,0,0,0,201,-210,88,998,6805,6939,3200,-2800,0,0,0
15,-180,0.553,106,219027,31,406,364,-473,0,0,0,200,-210,88,1000,6928,6811,3000,-2700,0,0,0
15,-180,0.749,107,219093,31,405,364,-2099,0,0,0,220,-226,88,1003,7122,6603,2700,-2400,0,0,0
15,-180,0.749,108,219147,31,405,364,-3122,0,0,0,190,-210,88,1005,7247,6475,2600,-2200,0,0,0
15,-180,0.749,109,219213,31,405,364,-4525,0,0,0,200,-190,88,1008,7422,6303,2600,-2200,0,0,0
15,-180,0.792,110,219267,31,405,364,-5390,0,0,0,174,-181,88,1010,7525,6192,2700,-2100,0,0,0
15,-180,0.863,111,219333,31,405,364,-6729,0,0,0,184,-164,88,1013,7689,6025,2700,-2100,0,0,0
15,-180,1.088,112,219387,31,405,364,-7647,0,0,0,180,-181,88,1015,7805,5914,2700,-2300,0,0,0
15,-180,1.088,113,219453,31,405,364,-9022,0,0,0,184,-174,88,1018,7978,5747,2500,-2000,0,0,0
15,-180,1.088,114,219507,31,405,364,-9895,0,0,0,184,-164,88,1020,8089,5642,2200,-1800,0,0,0
15,-180,1.099,115,219573,31,405,363,-11088,0,0,0,147,-138,88,1023,8239,5497,1700,-1300,0,0,0
15,-180,1.169,116,219627,31,405,363,-11727,0,0,0,118,-108,88,1025,8322,5422,1300,-1000,0,0,0
15,-180,1.269,117,219693,31,405,363,-12422,0,0,0,82,-72,88,1028,8414,5342,900,-600,0,0,0
15,-180,1.279,118,219747,31,405,363,-12758,0,0,0,62,-53,88,1030,8458,5303,800,-500,0,0,0
15,-180,1.445,119,219813,31,404,362,-13086,0,0,0,36,-36,88,1033,8500,5264,700,-400,0,0,0
15,-180,1.445,120,219867,31,404,362,-13276,0,0,0,46,-26,88,1035,8525,5242,600,-400,0,0,0
15,-180,1.478,121,219932,31,404,362,-13445,0,0,0,16,-10,88,1038,8544,5219,400,-300,0,0,0
15,-180,1.878,122,219987,31,404,362,-13534,0,0,0,16,-10,88,1040,8555,5208,0,0,0,0,0
15,-180,1.878,123,220044,31,404,362,-13534,0,0,0,0,0,88,1043,8555,5208,0,0,0,0,0
15,-180,1.878,124,220099,31,404,362,-13534,0,0,0,0,0,88,1043,8555,5208,0,0,0,0,0
15,-180,1.878,125,220155,31,404,362,-13534,0,0,0,0,0,88,1043,8555,5208,0,0,0,0,0
15,-180,1.901,126,220211,31,404,362,-13534,0,0,0,0,0,88,1043,8555,5208,0,0,0,0,0
15,-180,1.901,127,220267,31,404,362,-13534,0,0,0,0,0,88,1043,8555,5208,0,0,0,0,0
15,-180,1.901,0,220323,31,404,362,-13534,0,0,0,0,0,88,1043,8555,5208,0,0,0,0,0
15,-180,1.99,1,220379,31,404,362,-13534,0,0,0,0,0,88,1043,8555,5208,0,0,0,0,0
15,-180,1.99,2,220435,31,404,362,-13534,0,0,0,0,0,88,1043,8555,5208,0,0,0,0,0
15,-180,2.022,3,220491,31,404,362,-13534,0,0,0,0,0,88,1043,8555,5208,0,0,0,0,0
15,-180,2.069,4,220547,31,404,362,-13534,0,0,0,0,0,88,1043,8555,5208,0,0,0,0,0
15,-180,2.134,5,220603,31,404,362,-13534,0,0,0,0,0,88,1043,8555,5208,0,0,0,0,0
15,-180,2.181,6,220659,31,404,362,-13534,0,0,0,0,0,88,1043,8555,5208,0,0,0,0,0
15,-180,2.237,7,220715,31,404,362,-13534,0,0,0,0,0,88,1043,8555,5208,0,0,0,0,0
15,-180,2.297,8,220771,31,404,362,-13534,0,0,0,0,0,88,1043,8555,5208,0,0,0,0,0
15,-180,2.348,9,220827,31,404,362,-13534,0,0,0,0,0,88,1043,8555,5208,0,0,0,0,0
15,-180,2.408,10,220883,31,404,362,-13534,0,0,0,0,0,88,1043,8555,5208,0,0,0,0,0
15,-180,2.464,11,220939,31,404,362,-13534,0,0,0,0,0,88,1043,8555,5208,0,0,0,0,0
15,-180,2.522,12,220995,31,404,362,-13534,0,0,0,0,0,88,1043,8555,5208,0,0,0,0,0
15,-180,2.573,13,221051,31,404,362,-13534,0,0,0,0,0,88,1043,8555,5208,0,0,0,0,0
15,-180,2.63,14,221107,31,404,362,-13534,0,0,0,0,0,88,1043,8555,5208,0,0,0,0,0
15,-180,2.687,15,221163,31,404,362,-13534,0,0,0,0,0,88,1043,8555,5208,0,0,0,0,0
15,-180,2.748,16,221219,31,404,362,-13534,0,0,0,0,0,88,1043,8555,5208,0,0,0,0,0
15,-180,2.798,17,221275,31,404,362,-13534,0,0,0,0,0,88,1043,8555,5208,0,0,0,0,0
15,-180,2.853,18,221331,31,404,362,-13534,0,0,0,0,0,88,1043,8555,5208,0,0,0,0,0
15,-180,2.911,19,221387,31,404,362,-13534,0,0,0,0,0,88,1043,8555,5208,0,0,0,0,0
15,-180,2.966,20,221443,31,404,362,-13534,0,0,0,0,0,88,1043,8555,5208,0,0,0,0,0
15,-180,3.022,21,221499,31,404,362,-13534,0,0,0,0,0,88,1043,8555,5208,0,0,0,0,0
15,-180,3.078,22,221555,31,404,362,-13534,0,0,0,0,0,88,1043,8555,5208,0,0,0,0,0
15,-180,3.136,23,221611,31,404,362,-13534,0,0,0,0,0,88,1043,8555,5208,0,0,0,0,0
15,-180,3.198,24,221667,31,404,362,-13534,0,0,0,0,0,88,1043,8555,5208,0,0,0,0,0
15,-180,3.244,25,221723,31,404,362,-13534,0,0,0,0,0,88,1043,8555,5208,0,0,0,0,0
15,-180,3.303,26,221779,31,404,362,-13534,0,0,0,0,0,88,1043,8555,5208,0,0,0,0,0
15,-180,3.362,27,221835,31,404,362,-13534,0,0,0,0,0,88,1043,8555,5208,0,0,0,0,0
15,-180,3.412,28,221891,31,404,362,-13534,0,0,0,0,0,88,1043,8555,5208,0,0,0,0,0
15,-180,3.469,29,221947,31,404,362,-13534,0,0,0,0,0,88,1043,8555,5208,0,0,0,0,0
15,-180,3.526,30,222003,31,404,362,-13534,0,0,0,0,0,88,1043,8555,5208,0,0,0,0,0
15,-180,3.583,31,222059,31,404,362,-13534,0,0,0,0,0,88,1043,8555,5208,0,0,0,0,0
15,-180,3.637,32,222115,31,404,362,-13534,0,0,0,0,0,88,1043,8555,5208,0,0,0,0,0
15,-180,3.7,33,222171,31,404,362,-13534,0,0,0,0,0,88,1043,8555,5208,0,0,0,0,0
15,-180,3.755,34,222227,31,404,362,-13534,0,0,0,0,0,88,1043,8555,5208,0,0,0,0,0
15,-180,3.805,35,222283,31,404,362,-13534,0,0,0,0,0,88,1043,8555,5208,0,0,0,0,0
15,-180,3.866,36,222339,31,404,362,-13534,0,0,0,0,0,88,1043,8555,5208,0,0,0,0,0
15,-180,3.918,37,222395,31,404,362,-13534,0,0,0,0,0,88,1043,8555,5208,0,0,0,0,0
15,-180,3.977,38,222451,31,404,362,-13534,0,0,0,0,0,88,1043,8555,5208,0,0,0,0,0
15,-180,4.03,39,222507,31,404,362,-13534,0,0,0,0,0,88,1043,8555,5208,0,0,0,0,0
15,-180,4.087,40,222563,31,404,362,-13534,0,0,0,0,0,88,1043,8555,5208,0,0,0,0,0
15,-180,4.142,41,222619,31,404,362,-13534,0,0,0,0,0,88,1043,8555,5208,0,0,0,0,0
15,-180,4.198,42,222675,31,404,362,-13534,0,0,0,0,0,88,1043,8555,5208,0,0,0,0,0
15,-180,4.261,43,222731,31,404,362,-13534,0,0,0,0,0,88,1043,8555,5208,0,0,0,0,0
15,-180,4.317,44,222787,31,404,362,-13534,0,0,0,0,0,88,1043,8555,5208,0,0,0,0,0
15,-180,4.365,45,222843,31,404,362,-13534,0,0,0,0,0,88,1043,8555,5208,0,0,0,0,0
15,-180,4.429,46,222899,31,404,362,-13534,0,0,0,0,0,88,1043,8555,5208,0,0,0,0,0
15,-180,4.484,47,222955,31,404,362,-13534,0,0,0,0,0,88,1043,8555,5208,0,0,0,0,0
15,-180,4.535,48,223011,31,404,362,-13534,0,0,0,0,0,88,1043,8555,5208,0,0,0,0,0
15,-180,4.683,49,223067,31,404,362,-13534,0,0,0,0,0,88,1043,8555,5208,0,0,0,0,0
15,-180,4.683,50,223123,31,404,362,-13534,0,0,0,0,0,88,1043,8555,5208,0,0,0,0,0
15,-180,4.712,51,223179,31,404,362,-13534,0,0,0,0,0,88,1043,8555,5208,0,0,0,0,0
15,-180,4.76,52,223235,31,404,362,-13534,0,0,0,0,0,88,1043,8555,5208,0,0,0,0,0
15,-180,4.812,53,223291,31,404,362,-13534,0,0,0,0,0,88,1043,8555,5208,0,0,0,0,0
15,-180,4.868,54,223347,31,404,362,-13534,0,0,0,0,0,88,1043,8555,5208,0,0,0,0,0
15,-180,4.929,55,223403,31,404,362,-13534,0,0,0,0,0,88,1043,8555,5208,0,0,0,0,0
15,-180,4.99,56,223459,31,404,362,-13534,0,0,0,0,0,88,1043,8555,5208,0,0,0,0,0
15,-180,5.039,57,223515,31,404,362,-13534,0,0,0,0,0,88,1043,8555,5208,0,0,0,0,0
15,-180,5.095,58,223571,31,404,362,-13534,0,0,0,0,0,88,1043,8555,5208,0,0,0,0,0
16,180,-0.041,108,226371,31,404,362,-13534,0,0,0,0,0,88,1043,8555,5208,0,0,0,0,0
16,180,0.009,109,226427,31,404,362,-13534,0,0,0,0,0,88,1043,8555,5208,0,0,0,0,0
16,180,0.089,110,226489,31,404,362,-13534,0,0,0,0,0,88,1045,8555,5208,-300,300,0,0,0
16,180,0.131,111,226543,31,404,362,-13478,0,0,0,0,26,89,1047,8555,5222,-600,500,0,0,0
16,180,0.193,112,226609,31,404,362,-13397,0,0,0,0,10,92,1050,8555,5242,-1000,1100,0,0,0
16,180,0.245,113,226663,31,403,361,-13231,0,0,0,-46,36,92,1052,8536,5264,-1400,1500,0,0,0
16,180,0.316,114,226729,31,403,360,-12831,0,0,0,-36,82,92,1055,8503,5330,-2200,2100,0,0,0
16,180,0.367,115,226783,31,402,360,-12378,0,0,0,-82,128,92,1057,8458,5397,-2600,2500,0,0,0
16,180,0.43,116,226849,31,402,359,-11310,0,0,0,-164,164,92,1060,8339,5542,-3100,2900,0,0,0
16,180,0.487,117,226903,31,401,358,-10449,0,0,0,-164,206,92,1062,8239,5655,-3300,3100,0,0,0
16,180,0.554,118,226969,31,401,358,-8904,0,0,0,-203,220,92,1065,8055,5853,-3200,2800,0,0,0
16,180,0.623,119,227023,31,401,357,-7821,0,0,0,-200,226,92,1067,7928,5994,-3000,2600,0,0,0
16,180,0.673,120,227089,31,401,357,-6231,0,0,0,-210,203,92,1070,7733,6192,-2800,2300,0,0,0
16,180,0.726,121,227143,31,401,357,-5293,0,0,0,-181,181,92,1072,7617,6308,-2700,2300,0,0,0
16,180,0.797,122,227209,31,402,357,-3910,0,0,0,-190,180,92,1075,7447,6480,-2700,2200,0,0,0
16,180,0.86,123,227263,31,401,357,-2996,0,0,0,-184,184,92,1077,7333,6592,-2700,2300,0,0,0
16,180,0.911,124,227329,31,401,357,-1605,0,0,0,-184,174,92,1080,7161,6764,-2700,2200,0,0,0
16,180,0.966,125,227383,31,401,357,-683,0,0,0,-184,184,92,1082,7044,6875,-2700,2300,0,0,0
16,180,1.031,126,227449,31,401,357,663,0,0,0,-181,184,92,1085,6878,7042,-2200,1900,0,0,0
16,180,1.086,127,227503,31,401,357,1516,0,0,0,-174,177,93,1087,6775,7150,-2200,1700,0,0,0
16,180,1.157,0,227569,31,401,357,2572,0,0,0,-135,118,93,1090,6639,7275,-1500,800,0,0,0
16,180,1.207,1,227623,31,401,357,3077,0,0,0,-108,82,93,1092,6572,7333,-1200,600,0,0,0
16,180,1.271,2,227689,31,400,357,3631,0,0,0,-92,56,93,1095,6494,7392,-1000,500,0,0,0
16,180,1.328,3,227743,31,400,356,3886,0,0,0,-56,36,93,1097,6458,7419,-800,300,0,0,0
16,180,1.39,4,227808,31,400,356,4157,0,0,0,-26,46,93,1100,6422,7450,-700,300,0,0,0
16,180,1.446,5,227863,31,399,356,4278,0,0,0,-26,20,93,1102,6403,7461,-600,300,0,0,0
16,180,1.51,6,227928,31,400,356,4400,0,0,0,-16,16,93,1105,6392,7480,-600,300,0,0,0
16,180,1.567,7,227983,31,400,356,4436,0,0,0,-5,0,94,1107,6389,7486,0,0,0,0,0
16,180,1.647,8,228064,31,400,356,4460,0,0,0,0,0,94,1111,6389,7492,0,0,0,0,0
16,180,1.701,9,228119,31,400,356,4460,0,0,0,0,0,94,1111,6389,7492,0,0,0,0,0
16,180,1.764,10,228175,31,400,356,4460,0,0,0,0,0,94,1111,6389,7492,0,0,0,0,0
16,180,1.813,11,228231,31,400,356,4460,0,0,0,0,0,94,1111,6389,7492,0,0,0,0,0
16,180,1.877,12,228287,31,400,356,4460,0,0,0,0,0,94,1111,6389,7492,0,0,0,0,0
16,180,1.925,13,228343,31,400,356,4460,0,0,0,0,0,94,1111,6389,7492,0,0,0,0,0
16,180,1.983,14,228399,31,400,356,4460,0,0,0,0,0,94,1111,6389,7492,0,0,0,0,0
16,180,2.036,15,228455,31,400,356,4460,0,0,0,0,0,94,1111,6389,7492,0,0,0,0,0
16,180,2.091,16,228511,31,400,356,4460,0,0,0,0,0,94,1111,6389,7492,0,0,0,0,0
16,180,2.147,17,228567,31,400,356,4460,0,0,0,0,0,94,1111,6389,7492,0,0,0,0,0
16,180,2.209,18,228623,31,400,356,4460,0,0,0,0,0,94,1111,6389,7492,0,0,0,0,0
16,180,2.261,19,228679,31,400,356,4460,0,0,0,0,0,94,1111,6389,7492,0,0,0,0,0
16,180,2.317,20,228735,31,400,356,4460,0,0,0,0,0,94,1111,6389,7492,0,0,0,0,0
16,180,2.374,21,228791,31,400,356,4460,0,0,0,0,0,94,1111,6389,7492,0,0,0,0,0
16,180,2.432,22,228847,31,400,356,4460,0,0,0,0,0,94,1111,6389,7492,0,0,0,0,0
16,180,2.488,23,228903,31,400,356,4460,0,0,0,0,0,94,1111,6389,7492,0,0,0,0,0
16,180,2.541,24,228959,31,400,356,4460,0,0,0,0,0,94,1111,6389,7492,0,0,0,0,0
16,180,2.6,25,229015,31,400,356,4460,0,0,0,0,0,94,1111,6389,7492,0,0,0,0,0
16,180,2.651,26,229071,31,400,356,4460,0,0,0,0,0,94,1111,6389,7492,0,0,0,0,0
16,180,2.708,27,229127,31,400,356,4460,0,0,0,0,0,94,1111,6389,7492,0,0,0,0,0
16,180,2.764,28,229183,31,400,356,4460,0,0,0,0,0,94,1111,6389,7492,0,0,0,0,0
16,180,2.828,29,229239,31,400,356,4460,0,0,0,0,0,94,1111,6389,7492,0,0,0,0,0
16,180,2.876,30,229295,31,400,356,4460,0,0,0,0,0,94,1111,6389,7492,0,0,0,0,0
16,180,2.949,31,229351,31,400,356,4460,0,0,0,0,0,94,1111,6389,7492,0,0,0,0,0
16,180,2.989,32,229407,31,400,356,4460,0,0,0,0,0,94,1111,6389,7492,0,0,0,0,0
16,180,3.046,33,229463,31,400,356,4460,0,0,0,0,0,94,1111,6389,7492,0,0,0,0,0
16,180,3.186,34,229519,31,400,356,4460,0,0,0,0,0,94,1111,6389,7492,0,0,0,0,0
16,180,3.186,35,229575,31,400,356,4460,0,0,0,0,0,94,1111,6389,7492,0,0,0,0,0
16,180,3.215,36,229631,31,400,356,4460,0,0,0,0,0,94,1111,6389,7492,0,0,0,0,0
16,180,3.283,37,229687,31,400,356,4460,0,0,0,0,0,94,1111,6389,7492,0,0,0,0,0
16,180,3.336,38,229743,31,400,356,4460,0,0,0,0,0,94,1111,6389,7492,0,0,0,0,0
16,180,3.387,39,229799,31,400,356,4460,0,0,0,0,0,94,1111,6389,7492,0,0,0,0,0
16,180,3.491,40,229855,31,400,356,4460,0,0,0,0,0,94,1111,6389,7492,0,0,0,0,0
16,180,3.495,41,229911,31,400,356,4460,0,0,0,0,0,94,1111,6389,7492,0,0,0,0,0
16,180,3.549,42,229967,31,400,356,4460,0,0,0,0,0,94,1111,6389,7492,0,0,0,0,0
16,180,3.613,43,230023,31,400,356,4460,0,0,0,0,0,94,1111,6389,7492,0,0,0,0,0
16,180,3.672,44,230079,31,400,356,4460,0,0,0,0,0,94,1111,6389,7492,0,0,0,0,0
16,180,3.735,45,230135,31,400,356,4460,0,0,0,0,0,94,1111,6389,7492,0,0,0,0,0
16,180,3.776,46,230191,31,400,356,4460,0,0,0,0,0,94,1111,6389,7492,0,0,0,0,0
16,180,3.829,47,230247,31,400,356,4460,0,0,0,0,0,94,1111,6389,7492,0,0,0,0,0
16,180,3.892,48,230303,31,400,356,4460,0,0,0,0,0,94,1111,6389,7492,0,0,0,0,0
16,180,3.955,49,230359,31,400,356,4460,0,0,0,0,0,94,1111,6389,7492,0,0,0,0,0
16,180,4.001,50,230415,31,400,356,4460,0,0,0,0,0,94,1111,6389,7492,0,0,0,0,0
16,180,4.071,51,230471,31,400,356,4460,0,0,0,0,0,94,1111,6389,7492,0,0,0,0,0
16,180,4.11,52,230527,31,400,356,4460,0,0,0,0,0,94,1111,6389,7492,0,0,0,0,0
16,180,4.167,53,230583,31,400,356,4460,0,0,0,0,0,94,1111,6389,7492,0,0,0,0,0
16,180,4.227,54,230639,31,400,356,4460,0,0,0,0,0,94,1111,6389,7492,0,0,0,0,0
16,180,4.275,55,230695,31,400,356,4460,0,0,0,0,0,94,1111,6389,7492,0,0,0,0,0
16,180,4.35,56,230751,31,400,356,4460,0,0,0,0,0,94,1111,6389,7492,0,0,0,0,0
16,180,4.393,57,230807,31,400,356,4460,0,0,0,0,0,94,1111,6389,7492,0,0,0,0,0
16,180,4.456,58,230863,31,400,356,4460,0,0,0,0,0,94,1111,6389,7492,0,0,0,0,0
16,180,4.502,59,230919,31,400,356,4460,0,0,0,0,0,94,1111,6389,7492,0,0,0,0,0
16,180,4.559,60,230975,31,400,356,4460,0,0,0,0,0,94,1111,6389,7492,0,0,0,0,0
