turn,commanded,t_rel,seq,now,flags,x,y,h,ox,oy,oh,vl,vr,i2cf,cyc,posl,posr,dutl,dutr,lexc,wrng,cycovr
1,90,-0.003,15,708853,31,26,30,47900,0,0,0,0,0,38,416,-5838,6894,0,0,0,0,0
1,90,0.065,16,708921,31,26,30,47900,0,0,0,0,0,38,417,-5838,6894,-800,800,0,0,0
1,90,0.209,18,709065,31,25,31,48006,0,0,0,0,20,44,423,-5838,6922,-1500,1400,0,0,0
1,90,0.283,19,709137,71,24,32,48160,0,0,0,0,62,47,426,-5838,6963,-1800,1800,0,0,0
1,90,0.354,20,709209,31,23,34,48499,0,0,0,-26,92,47,429,-5858,7033,-2200,2300,0,0,0
1,90,0.412,21,709259,31,22,35,48856,0,0,0,-56,128,47,431,-5886,7100,-2500,2500,0,0,0
1,90,0.473,22,709329,31,21,36,49646,0,0,0,-118,172,47,434,-5969,7227,-2900,2900,0,0,0
1,90,0.554,23,709401,31,20,37,50685,0,0,0,-138,184,47,437,-6086,7386,-2900,2900,0,0,0
1,90,0.618,24,709473,31,19,38,51851,0,0,0,-154,190,47,440,-6227,7555,-2900,2900,0,0,0
1,90,0.689,25,709545,31,18,38,53078,0,0,0,-158,200,47,443,-6375,7733,-2800,2900,0,0,0
1,90,0.909,28,709761,31,14,38,56848,0,0,0,-164,184,47,452,-6827,8283,-1500,1600,0,0,0
1,90,1.044,29,709891,31,14,37,57954,0,0,0,0,0,47,460,-6966,8438,0,0,0,0,0
1,90,1.085,30,709941,31,14,37,57954,0,0,0,0,0,47,460,-6966,8438,0,0,0,0,0
1,90,1.141,31,709997,31,14,37,57954,0,0,0,0,0,47,460,-6966,8438,0,0,0,0,0
1,90,1.196,32,710053,31,14,37,57954,0,0,0,0,0,47,460,-6966,8438,0,0,0,0,0
1,90,1.255,33,710109,31,14,37,57954,0,0,0,0,0,47,460,-6966,8438,0,0,0,0,0
1,90,1.366,35,710221,31,14,37,57954,0,0,0,0,0,47,460,-6966,8438,0,0,0,0,0
1,90,1.42,36,710277,31,14,37,57954,0,0,0,0,0,47,460,-6966,8438,0,0,0,0,0
1,90,1.478,37,710333,31,14,37,57954,0,0,0,0,0,47,460,-6966,8438,0,0,0,0,0
1,90,1.532,38,710389,31,14,37,57954,0,0,0,0,0,47,460,-6966,8438,0,0,0,0,0
1,90,1.589,39,710445,31,14,37,57954,0,0,0,0,0,47,460,-6966,8438,0,0,0,0,0
1,90,1.645,40,710501,31,14,37,57954,0,0,0,0,0,47,460,-6966,8438,0,0,0,0,0
1,90,1.704,41,710557,31,14,37,57954,0,0,0,0,0,47,460,-6966,8438,0,0,0,0,0
1,90,1.758,42,710613,31,14,37,57954,0,0,0,0,0,47,460,-6966,8438,0,0,0,0,0
1,90,1.81,43,710665,31,14,37,57954,0,0,0,0,0,47,460,-6966,8438,0,0,0,0,0
1,90,1.869,44,710721,31,14,37,57954,0,0,0,0,0,47,460,-6966,8438,0,0,0,0,0
1,90,1.922,45,710777,31,14,37,57954,0,0,0,0,0,47,460,-6966,8438,0,0,0,0,0
1,90,1.977,46,710833,31,14,37,57954,0,0,0,0,0,47,460,-6966,8438,0,0,0,0,0
1,90,2.033,47,710889,31,14,37,57954,0,0,0,0,0,47,460,-6966,8438,0,0,0,0,0
1,90,2.203,50,711057,31,14,37,57954,0,0,0,0,0,47,460,-6966,8438,0,0,0,0,0
1,90,2.261,51,711113,31,14,37,57954,0,0,0,0,0,47,460,-6966,8438,0,0,0,0,0
1,90,2.312,52,711169,31,14,37,57954,0,0,0,0,0,47,460,-6966,8438,0,0,0,0,0
1,90,2.425,54,711281,31,14,37,57954,0,0,0,0,0,47,460,-6966,8438,0,0,0,0,0
1,90,2.487,55,711337,31,14,37,57954,0,0,0,0,0,47,460,-6966,8438,0,0,0,0,0
1,90,2.593,57,711449,31,14,37,57954,0,0,0,0,0,47,460,-6966,8438,0,0,0,0,0
1,90,2.648,58,711505,31,14,37,57954,0,0,0,0,0,47,460,-6966,8438,0,0,0,0,0
1,90,2.704,59,711561,31,14,37,57954,0,0,0,0,0,47,460,-6966,8438,0,0,0,0,0
1,90,2.76,60,711617,31,14,37,57954,0,0,0,0,0,47,460,-6966,8438,0,0,0,0,0
1,90,2.827,61,711673,31,14,37,57954,0,0,0,0,0,47,460,-6966,8438,0,0,0,0,0
1,90,2.868,62,711725,31,14,37,57954,0,0,0,0,0,47,460,-6966,8438,0,0,0,0,0
1,90,2.924,63,711781,31,14,37,57954,0,0,0,0,0,47,460,-6966,8438,0,0,0,0,0
1,90,2.981,64,711837,31,14,37,57954,0,0,0,0,0,47,460,-6966,8438,0,0,0,0,0
1,90,3.036,65,711893,31,14,37,57954,0,0,0,0,0,47,460,-6966,8438,0,0,0,0,0
1,90,3.093,66,711949,31,14,37,57954,0,0,0,0,0,47,460,-6966,8438,0,0,0,0,0
1,90,3.148,67,712005,31,14,37,57954,0,0,0,0,0,47,460,-6966,8438,0,0,0,0,0
1,90,3.204,68,712061,31,14,37,57954,0,0,0,0,0,47,460,-6966,8438,0,0,0,0,0
1,90,3.261,69,712117,31,14,37,57954,0,0,0,0,0,47,460,-6966,8438,0,0,0,0,0
1,90,3.317,70,712173,31,14,37,57954,0,0,0,0,0,47,460,-6966,8438,0,0,0,0,0
1,90,3.373,71,712229,31,14,37,57954,0,0,0,0,0,47,460,-6966,8438,0,0,0,0,0
1,90,3.428,72,712285,31,14,37,57954,0,0,0,0,0,47,460,-6966,8438,0,0,0,0,0
1,90,3.484,73,712341,31,14,37,57954,0,0,0,0,0,47,460,-6966,8438,0,0,0,0,0
1,90,3.54,74,712397,31,14,37,57954,0,0,0,0,0,47,460,-6966,8438,0,0,0,0,0
1,90,3.597,75,712453,31,14,37,57954,0,0,0,0,0,47,460,-6966,8438,0,0,0,0,0
1,90,3.652,76,712509,31,14,37,57954,0,0,0,0,0,47,460,-6966,8438,0,0,0,0,0
1,90,3.708,77,712565,31,14,37,57954,0,0,0,0,0,47,460,-6966,8438,0,0,0,0,0
1,90,3.764,78,712621,31,14,37,57954,0,0,0,0,0,47,460,-6966,8438,0,0,0,0,0
1,90,3.82,79,712677,31,14,37,57954,0,0,0,0,0,47,460,-6966,8438,0,0,0,0,0
1,90,3.884,80,712733,31,14,37,57954,0,0,0,0,0,47,460,-6966,8438,0,0,0,0,0
1,90,3.928,81,712785,31,14,37,57954,0,0,0,0,0,47,460,-6966,8438,0,0,0,0,0
1,90,3.984,82,712841,31,14,37,57954,0,0,0,0,0,47,460,-6966,8438,0,0,0,0,0
1,90,4.041,83,712897,31,14,37,57954,0,0,0,0,0,47,460,-6966,8438,0,0,0,0,0
1,90,4.096,84,712953,31,14,37,57954,0,0,0,0,0,47,460,-6966,8438,0,0,0,0,0
1,90,4.152,85,713009,31,14,37,57954,0,0,0,0,0,47,460,-6966,8438,0,0,0,0,0
1,90,4.209,86,713065,31,14,37,57954,0,0,0,0,0,47,460,-6966,8438,0,0,0,0,0
1,90,4.265,87,713121,31,14,37,57954,0,0,0,0,0,47,460,-6966,8438,0,0,0,0,0
1,90,4.32,88,713177,31,14,37,57954,0,0,0,0,0,47,460,-6966,8438,0,0,0,0,0
1,90,4.376,89,713233,31,14,37,57954,0,0,0,0,0,47,460,-6966,8438,0,0,0,0,0
1,90,4.488,91,713345,31,14,37,57954,0,0,0,0,0,47,460,-6966,8438,0,0,0,0,0
1,90,4.545,92,713401,31,14,37,57954,0,0,0,0,0,47,460,-6966,8438,0,0,0,0,0
1,90,4.6,93,713457,31,14,37,57954,0,0,0,0,0,47,460,-6966,8438,0,0,0,0,0
1,90,4.657,94,713513,31,14,37,57954,0,0,0,0,0,47,460,-6966,8438,0,0,0,0,0
1,90,4.713,95,713569,31,14,37,57954,0,0,0,0,0,47,460,-6966,8438,0,0,0,0,0
1,90,4.825,97,713681,31,14,37,57954,0,0,0,0,0,47,460,-6966,8438,0,0,0,0,0
1,90,4.88,98,713737,31,14,37,57954,0,0,0,0,0,47,460,-6966,8438,0,0,0,0,0
1,90,4.944,99,713793,31,14,37,57954,0,0,0,0,0,47,460,-6966,8438,0,0,0,0,0
1,90,5.045,101,713901,31,14,37,57954,0,0,0,0,0,47,460,-6966,8438,0,0,0,0,0
1,90,5.105,102,713957,31,14,37,57954,0,0,0,0,0,47,460,-6966,8438,0,0,0,0,0
1,90,5.156,103,714013,31,14,37,57954,0,0,0,0,0,47,460,-6966,8438,0,0,0,0,0
1,90,5.216,104,714069,31,14,37,57954,0,0,0,0,0,47,460,-6966,8438,0,0,0,0,0
1,90,5.268,105,714125,31,14,37,57954,0,0,0,0,0,47,460,-6966,8438,0,0,0,0,0
1,90,5.325,106,714181,31,14,37,57954,0,0,0,0,0,47,460,-6966,8438,0,0,0,0,0
1,90,5.38,107,714237,31,14,37,57954,0,0,0,0,0,47,460,-6966,8438,0,0,0,0,0
1,90,5.436,108,714293,31,14,37,57954,0,0,0,0,0,47,460,-6966,8438,0,0,0,0,0
1,90,5.492,109,714349,31,14,37,57954,0,0,0,0,0,47,460,-6966,8438,0,0,0,0,0
1,90,5.55,110,714405,31,14,37,57954,0,0,0,0,0,47,460,-6966,8438,0,0,0,0,0
1,90,5.604,111,714461,31,14,37,57954,0,0,0,0,0,47,460,-6966,8438,0,0,0,0,0
1,90,5.717,113,714573,31,14,37,57954,0,0,0,0,0,47,460,-6966,8438,0,0,0,0,0
1,90,5.772,114,714629,31,14,37,57954,0,0,0,0,0,47,460,-6966,8438,0,0,0,0,0
1,90,5.829,115,714685,31,14,37,57954,0,0,0,0,0,47,460,-6966,8438,0,0,0,0,0
1,90,5.884,116,714741,31,14,37,57954,0,0,0,0,0,47,460,-6966,8438,0,0,0,0,0
1,90,5.94,117,714797,31,14,37,57954,0,0,0,0,0,47,460,-6966,8438,0,0,0,0,0
1,90,6.004,118,714853,31,14,37,57954,0,0,0,0,0,47,460,-6966,8438,0,0,0,0,0
1,90,6.048,119,714905,31,14,37,57954,0,0,0,0,0,47,460,-6966,8438,0,0,0,0,0
1,90,6.104,120,714961,31,14,37,57954,0,0,0,0,0,47,460,-6966,8438,0,0,0,0,0
1,90,6.16,121,715017,31,14,37,57954,0,0,0,0,0,47,460,-6966,8438,0,0,0,0,0
1,90,6.216,122,715073,31,14,37,57954,0,0,0,0,0,47,460,-6966,8438,0,0,0,0,0
1,90,6.273,123,715129,31,14,37,57954,0,0,0,0,0,47,460,-6966,8438,0,0,0,0,0
1,90,6.329,124,715185,31,14,37,57954,0,0,0,0,0,47,460,-6966,8438,0,0,0,0,0
1,90,6.384,125,715241,31,14,37,57954,0,0,0,0,0,47,460,-6966,8438,0,0,0,0,0
1,90,6.552,0,715409,31,14,37,57954,0,0,0,0,0,47,460,-6966,8438,0,0,0,0,0
1,90,6.609,1,715465,31,14,37,57954,0,0,0,0,0,47,460,-6966,8438,0,0,0,0,0
1,90,6.665,2,715521,31,14,37,57954,0,0,0,0,0,47,460,-6966,8438,0,0,0,0,0
1,90,6.721,3,715577,31,14,37,57954,0,0,0,0,0,47,460,-6966,8438,0,0,0,0,0
1,90,6.776,4,715633,31,14,37,57954,0,0,0,0,0,47,460,-6966,8438,0,0,0,0,0
1,90,6.833,5,715689,31,14,37,57954,0,0,0,0,0,47,460,-6966,8438,0,0,0,0,0
1,90,6.944,7,715801,31,14,37,57954,0,0,0,0,0,47,460,-6966,8438,0,0,0,0,0
1,90,7.0,8,715857,31,14,37,57954,0,0,0,0,0,47,460,-6966,8438,0,0,0,0,0
1,90,7.065,9,715913,31,14,37,57954,0,0,0,0,0,47,460,-6966,8438,0,0,0,0,0
1,90,7.108,10,715965,31,14,37,57954,0,0,0,0,0,47,460,-6966,8438,0,0,0,0,0
1,90,7.165,11,716021,31,14,37,57954,0,0,0,0,0,47,460,-6966,8438,0,0,0,0,0
1,90,7.277,13,716133,31,14,37,57954,0,0,0,0,0,47,460,-6966,8438,0,0,0,0,0
1,90,7.335,14,716189,31,14,37,57954,0,0,0,0,0,47,460,-6966,8438,0,0,0,0,0
1,90,7.39,15,716245,31,14,37,57954,0,0,0,0,0,47,460,-6966,8438,0,0,0,0,0
1,90,7.445,16,716301,31,14,37,57954,0,0,0,0,0,47,460,-6966,8438,0,0,0,0,0
1,90,7.5,17,716357,31,14,37,57954,0,0,0,0,0,47,460,-6966,8438,0,0,0,0,0
1,90,7.556,18,716413,31,14,37,57954,0,0,0,0,0,47,460,-6966,8438,0,0,0,0,0
1,90,7.614,19,716469,31,14,37,57954,0,0,0,0,0,47,460,-6966,8438,0,0,0,0,0
1,90,7.676,20,716525,31,14,37,57954,0,0,0,0,0,47,460,-6966,8438,0,0,0,0,0
1,90,7.726,21,716581,31,14,37,57954,0,0,0,0,0,47,460,-6966,8438,0,0,0,0,0
1,90,7.84,23,716693,31,14,37,57954,0,0,0,0,0,47,460,-6966,8438,0,0,0,0,0
1,90,7.894,24,716749,31,14,37,57954,0,0,0,0,0,47,460,-6966,8438,0,0,0,0,0
1,90,7.955,25,716805,31,14,37,57954,0,0,0,0,0,47,460,-6966,8438,0,0,0,0,0
1,90,8.008,26,716861,31,14,37,57954,0,0,0,0,0,47,460,-6966,8438,0,0,0,0,0
1,90,8.068,27,716917,31,14,37,57954,0,0,0,0,0,47,460,-6966,8438,0,0,0,0,0
1,90,8.171,29,717025,31,14,37,57954,0,0,0,0,0,47,460,-6966,8438,0,0,0,0,0
1,90,8.227,30,717081,31,14,37,57954,0,0,0,0,0,47,460,-6966,8438,0,0,0,0,0
1,90,8.282,31,717137,31,14,37,57954,0,0,0,0,0,47,460,-6966,8438,0,0,0,0,0
1,90,8.337,32,717193,31,14,37,57954,0,0,0,0,0,47,460,-6966,8438,0,0,0,0,0
1,90,8.449,34,717305,31,14,37,57954,0,0,0,0,0,47,460,-6966,8438,0,0,0,0,0
1,90,8.506,35,717361,31,14,37,57954,0,0,0,0,0,47,460,-6966,8438,0,0,0,0,0
1,90,8.596,36,717417,31,14,37,57954,0,0,0,0,0,47,460,-6966,8438,0,0,0,0,0
1,90,8.619,37,717473,31,14,37,57954,0,0,0,0,0,47,460,-6966,8438,0,0,0,0,0
1,90,8.676,38,717529,31,14,37,57954,0,0,0,0,0,47,460,-6966,8438,0,0,0,0,0
1,90,8.735,39,717585,31,14,37,57954,0,0,0,0,0,47,460,-6966,8438,0,0,0,0,0
1,90,9.009,44,717865,31,14,37,57954,0,0,0,0,0,47,460,-6966,8438,0,0,0,0,0
1,90,9.065,45,717921,31,14,37,57954,0,0,0,0,0,47,460,-6966,8438,0,0,0,0,0
1,90,9.121,46,717977,31,14,37,57954,0,0,0,0,0,47,460,-6966,8438,0,0,0,0,0
1,90,9.184,47,718033,31,14,37,57954,0,0,0,0,0,47,460,-6966,8438,0,0,0,0,0
1,90,9.229,48,718085,31,14,37,57954,0,0,0,0,0,47,460,-6966,8438,0,0,0,0,0
1,90,9.284,49,718141,31,14,37,57954,0,0,0,0,0,47,460,-6966,8438,0,0,0,0,0
1,90,9.34,50,718197,31,14,37,57954,0,0,0,0,0,47,460,-6966,8438,0,0,0,0,0
1,90,9.396,51,718253,31,14,37,57954,0,0,0,0,0,47,460,-6966,8438,0,0,0,0,0
1,90,9.453,52,718309,31,14,37,57954,0,0,0,0,0,47,460,-6966,8438,0,0,0,0,0
1,90,9.57,54,718421,31,14,37,57954,0,0,0,0,0,47,460,-6966,8438,0,0,0,0,0
1,90,9.621,55,718477,31,14,37,57954,0,0,0,0,0,47,460,-6966,8438,0,0,0,0,0
1,90,9.678,56,718533,31,14,37,57954,0,0,0,0,0,47,460,-6966,8438,0,0,0,0,0
1,90,9.732,57,718589,31,14,37,57954,0,0,0,0,0,47,460,-6966,8438,0,0,0,0,0
1,90,9.788,58,718645,31,14,37,57954,0,0,0,0,0,47,460,-6966,8438,0,0,0,0,0
1,90,9.845,59,718701,31,14,37,57954,0,0,0,0,0,47,460,-6966,8438,0,0,0,0,0
1,90,9.907,60,718757,31,14,37,57954,0,0,0,0,0,47,460,-6966,8438,0,0,0,0,0
1,90,9.956,61,718813,31,14,37,57954,0,0,0,0,0,47,460,-6966,8438,0,0,0,0,0
1,90,10.068,63,718925,31,14,37,57954,0,0,0,0,0,47,460,-6966,8438,0,0,0,0,0
1,90,10.244,66,719093,31,14,37,57954,0,0,0,0,0,47,460,-6966,8438,0,0,0,0,0
1,90,10.287,67,719145,31,14,37,57954,0,0,0,0,0,47,460,-6966,8438,0,0,0,0,0
1,90,10.4,69,719257,31,14,37,57954,0,0,0,0,0,47,460,-6966,8438,0,0,0,0,0
1,90,10.456,70,719313,31,14,37,57954,0,0,0,0,0,47,460,-6966,8438,0,0,0,0,0
1,90,10.512,71,719369,31,14,37,57954,0,0,0,0,0,47,460,-6966,8438,0,0,0,0,0
1,90,10.569,72,719425,31,14,37,57954,0,0,0,0,0,47,460,-6966,8438,0,0,0,0,0
1,90,10.679,74,719537,31,14,37,57954,0,0,0,0,0,47,460,-6966,8438,0,0,0,0,0
1,90,10.736,75,719593,31,14,37,57954,0,0,0,0,0,47,460,-6966,8438,0,0,0,0,0
1,90,10.791,76,719649,31,14,37,57954,0,0,0,0,0,47,460,-6966,8438,0,0,0,0,0
1,90,10.849,77,719705,31,14,37,57954,0,0,0,0,0,47,460,-6966,8438,0,0,0,0,0
1,90,10.904,78,719761,31,14,37,57954,0,0,0,0,0,47,460,-6966,8438,0,0,0,0,0
1,90,11.015,80,719873,31,14,37,57954,0,0,0,0,0,47,460,-6966,8438,0,0,0,0,0
1,90,11.128,82,719985,31,14,37,57954,0,0,0,0,0,47,460,-6966,8438,0,0,0,0,0
1,90,11.184,83,720041,31,14,37,57954,0,0,0,0,0,47,460,-6966,8438,0,0,0,0,0
1,90,11.241,84,720097,31,14,37,57954,0,0,0,0,0,47,460,-6966,8438,0,0,0,0,0
1,90,11.306,85,720153,31,14,37,57954,0,0,0,0,0,47,460,-6966,8438,0,0,0,0,0
1,90,11.35,86,720205,31,14,37,57954,0,0,0,0,0,47,460,-6966,8438,0,0,0,0,0
1,90,11.407,87,720261,31,14,37,57954,0,0,0,0,0,47,460,-6966,8438,0,0,0,0,0
1,90,11.46,88,720317,31,14,37,57954,0,0,0,0,0,47,460,-6966,8438,0,0,0,0,0
1,90,11.517,89,720373,31,14,37,57954,0,0,0,0,0,47,460,-6966,8438,0,0,0,0,0
1,90,11.573,90,720429,31,14,37,57954,0,0,0,0,0,47,460,-6966,8438,0,0,0,0,0
1,90,11.628,91,720485,31,14,37,57954,0,0,0,0,0,47,460,-6966,8438,0,0,0,0,0
1,90,11.684,92,720541,31,14,37,57954,0,0,0,0,0,47,460,-6966,8438,0,0,0,0,0
1,90,11.741,93,720597,31,14,37,57954,0,0,0,0,0,47,460,-6966,8438,0,0,0,0,0
1,90,11.797,94,720653,31,14,37,57954,0,0,0,0,0,47,460,-6966,8438,0,0,0,0,0
1,90,11.853,95,720709,31,14,37,57954,0,0,0,0,0,47,460,-6966,8438,0,0,0,0,0
1,90,11.965,97,720821,31,14,37,57954,0,0,0,0,0,47,460,-6966,8438,0,0,0,0,0
1,90,12.023,98,720877,31,14,37,57954,0,0,0,0,0,47,460,-6966,8438,0,0,0,0,0
1,90,12.08,99,720933,31,14,37,57954,0,0,0,0,0,47,460,-6966,8438,0,0,0,0,0
1,90,12.132,100,720989,31,14,37,57954,0,0,0,0,0,47,460,-6966,8438,0,0,0,0,0
1,90,12.192,101,721045,31,14,37,57954,0,0,0,0,0,47,460,-6966,8438,0,0,0,0,0
1,90,12.244,102,721101,31,14,37,57954,0,0,0,0,0,47,460,-6966,8438,0,0,0,0,0
1,90,12.303,103,721157,31,14,37,57954,0,0,0,0,0,47,460,-6966,8438,0,0,0,0,0
1,90,12.365,104,721213,31,14,37,57954,0,0,0,0,0,47,460,-6966,8438,0,0,0,0,0
1,90,12.411,105,721265,31,14,37,57954,0,0,0,0,0,47,460,-6966,8438,0,0,0,0,0
1,90,12.464,106,721321,31,14,37,57954,0,0,0,0,0,47,460,-6966,8438,0,0,0,0,0
1,90,12.576,108,721433,31,14,37,57954,0,0,0,0,0,47,460,-6966,8438,0,0,0,0,0
1,90,12.633,109,721489,31,14,37,57954,0,0,0,0,0,47,460,-6966,8438,0,0,0,0,0
1,90,12.69,110,721545,31,14,37,57954,0,0,0,0,0,47,460,-6966,8438,0,0,0,0,0
1,90,12.744,111,721601,31,14,37,57954,0,0,0,0,0,47,460,-6966,8438,0,0,0,0,0
1,90,12.803,112,721657,31,14,37,57954,0,0,0,0,0,47,460,-6966,8438,0,0,0,0,0
1,90,12.856,113,721713,31,14,37,57954,0,0,0,0,0,47,460,-6966,8438,0,0,0,0,0
1,90,12.913,114,721769,31,14,37,57954,0,0,0,0,0,47,460,-6966,8438,0,0,0,0,0
1,90,12.971,115,721825,31,14,37,57954,0,0,0,0,0,47,460,-6966,8438,0,0,0,0,0
1,90,13.025,116,721881,31,14,37,57954,0,0,0,0,0,47,460,-6966,8438,0,0,0,0,0
1,90,13.081,117,721937,31,14,37,57954,0,0,0,0,0,47,460,-6966,8438,0,0,0,0,0
1,90,13.196,119,722049,31,14,37,57954,0,0,0,0,0,47,460,-6966,8438,0,0,0,0,0
1,90,13.248,120,722105,31,14,37,57954,0,0,0,0,0,47,460,-6966,8438,0,0,0,0,0
1,90,13.304,121,722161,31,14,37,57954,0,0,0,0,0,47,460,-6966,8438,0,0,0,0,0
1,90,13.36,122,722217,31,14,37,57954,0,0,0,0,0,47,460,-6966,8438,0,0,0,0,0
1,90,13.424,123,722273,31,14,37,57954,0,0,0,0,0,47,460,-6966,8438,0,0,0,0,0
1,90,13.468,124,722325,31,14,37,57954,0,0,0,0,0,47,460,-6966,8438,0,0,0,0,0
1,90,13.526,125,722381,31,14,37,57954,0,0,0,0,0,47,460,-6966,8438,0,0,0,0,0
1,90,13.581,126,722437,31,14,37,57954,0,0,0,0,0,47,460,-6966,8438,0,0,0,0,0
1,90,13.637,127,722493,31,14,37,57954,0,0,0,0,0,47,460,-6966,8438,0,0,0,0,0
1,90,13.693,0,722549,31,14,37,57954,0,0,0,0,0,47,460,-6966,8438,0,0,0,0,0
1,90,13.748,1,722605,31,14,37,57954,0,0,0,0,0,47,460,-6966,8438,0,0,0,0,0
1,90,13.804,2,722661,31,14,37,57954,0,0,0,0,0,47,460,-6966,8438,0,0,0,0,0
1,90,13.862,3,722717,31,14,37,57954,0,0,0,0,0,47,460,-6966,8438,0,0,0,0,0
1,90,13.919,4,722773,31,14,37,57954,0,0,0,0,0,47,460,-6966,8438,0,0,0,0,0
1,90,13.973,5,722829,31,14,37,57954,0,0,0,0,0,47,460,-6966,8438,0,0,0,0,0
1,90,14.029,6,722885,31,14,37,57954,0,0,0,0,0,47,460,-6966,8438,0,0,0,0,0
1,90,14.084,7,722941,31,14,37,57954,0,0,0,0,0,47,460,-6966,8438,0,0,0,0,0
1,90,14.141,8,722997,31,14,37,57954,0,0,0,0,0,47,460,-6966,8438,0,0,0,0,0
1,90,14.197,9,723053,31,14,37,57954,0,0,0,0,0,47,460,-6966,8438,0,0,0,0,0
1,90,14.254,10,723109,31,14,37,57954,0,0,0,0,0,47,460,-6966,8438,0,0,0,0,0
1,90,14.308,11,723165,31,14,37,57954,0,0,0,0,0,47,460,-6966,8438,0,0,0,0,0
1,90,14.485,14,723333,31,14,37,57954,0,0,0,0,0,47,460,-6966,8438,0,0,0,0,0
1,90,14.528,15,723385,31,14,37,57954,0,0,0,0,0,47,460,-6966,8438,0,0,0,0,0
1,90,14.585,16,723441,31,14,37,57954,0,0,0,0,0,47,460,-6966,8438,0,0,0,0,0
1,90,14.645,17,723497,31,14,37,57954,0,0,0,0,0,47,460,-6966,8438,0,0,0,0,0
1,90,14.7,18,723553,31,14,37,57954,0,0,0,0,0,47,460,-6966,8438,0,0,0,0,0
1,90,14.752,19,723609,31,14,37,57954,0,0,0,0,0,47,460,-6966,8438,0,0,0,0,0
1,90,14.809,20,723665,31,14,37,57954,0,0,0,0,0,47,460,-6966,8438,0,0,0,0,0
1,90,14.864,21,723721,31,14,37,57954,0,0,0,0,0,47,460,-6966,8438,0,0,0,0,0
1,90,14.92,22,723777,31,14,37,57954,0,0,0,0,0,47,460,-6966,8438,0,0,0,0,0
1,90,15.034,24,723889,31,14,37,57954,0,0,0,0,0,47,460,-6966,8438,0,0,0,0,0
1,90,15.087,25,723945,31,14,37,57954,0,0,0,0,0,47,460,-6966,8438,0,0,0,0,0
1,90,15.2,27,724057,31,14,37,57954,0,0,0,0,0,47,460,-6966,8438,0,0,0,0,0
1,90,15.256,28,724113,31,14,37,57954,0,0,0,0,0,47,460,-6966,8438,0,0,0,0,0
1,90,15.314,29,724169,31,14,37,57954,0,0,0,0,0,47,460,-6966,8438,0,0,0,0,0
1,90,15.37,30,724225,31,14,37,57954,0,0,0,0,0,47,460,-6966,8438,0,0,0,0,0
1,90,15.427,31,724281,31,14,37,57954,0,0,0,0,0,47,460,-6966,8438,0,0,0,0,0
1,90,15.544,33,724393,31,14,37,57954,0,0,0,0,0,47,460,-6966,8438,0,0,0,0,0
1,90,15.591,34,724445,31,14,37,57954,0,0,0,0,0,47,460,-6966,8438,0,0,0,0,0
1,90,15.703,36,724557,31,14,37,57954,0,0,0,0,0,47,460,-6966,8438,0,0,0,0,0
1,90,15.761,37,724613,31,14,37,57954,0,0,0,0,0,47,460,-6966,8438,0,0,0,0,0
1,90,15.814,38,724669,31,14,37,57954,0,0,0,0,0,47,460,-6966,8438,0,0,0,0,0
1,90,15.947,39,724725,31,14,37,57954,0,0,0,0,0,47,460,-6966,8438,0,0,0,0,0
1,90,15.947,40,724781,31,14,37,57954,0,0,0,0,0,47,460,-6966,8438,0,0,0,0,0
1,90,15.98,41,724837,31,14,37,57954,0,0,0,0,0,47,460,-6966,8438,0,0,0,0,0
1,90,16.036,42,724893,31,14,37,57954,0,0,0,0,0,47,460,-6966,8438,0,0,0,0,0
1,90,16.092,43,724949,31,14,37,57954,0,0,0,0,0,47,460,-6966,8438,0,0,0,0,0
1,90,16.149,44,725005,31,14,37,57954,0,0,0,0,0,47,460,-6966,8438,0,0,0,0,0
1,90,16.206,45,725061,31,14,37,57954,0,0,0,0,0,47,460,-6966,8438,0,0,0,0,0
1,90,16.317,47,725173,31,14,37,57954,0,0,0,0,0,47,460,-6966,8438,0,0,0,0,0
1,90,16.371,48,725229,31,14,37,57954,0,0,0,0,0,47,460,-6966,8438,0,0,0,0,0
1,90,16.432,49,725285,31,14,37,57954,0,0,0,0,0,47,460,-6966,8438,0,0,0,0,0
1,90,16.485,50,725341,31,14,37,57954,0,0,0,0,0,47,460,-6966,8438,0,0,0,0,0
1,90,16.539,51,725397,31,14,37,57954,0,0,0,0,0,47,460,-6966,8438,0,0,0,0,0
1,90,16.61,52,725453,31,14,37,57954,0,0,0,0,0,47,460,-6966,8438,0,0,0,0,0
1,90,16.652,53,725505,31,14,37,57954,0,0,0,0,0,47,460,-6966,8438,0,0,0,0,0
1,90,16.716,54,725561,31,14,37,57954,0,0,0,0,0,47,460,-6966,8438,0,0,0,0,0
1,90,16.762,55,725617,31,14,37,57954,0,0,0,0,0,47,460,-6966,8438,0,0,0,0,0
1,90,16.816,56,725673,31,14,37,57954,0,0,0,0,0,47,460,-6966,8438,0,0,0,0,0
1,90,16.874,57,725729,31,14,37,57954,0,0,0,0,0,47,460,-6966,8438,0,0,0,0,0
1,90,16.928,58,725785,31,14,37,57954,0,0,0,0,0,47,460,-6966,8438,0,0,0,0,0
1,90,16.984,59,725841,31,14,37,57954,0,0,0,0,0,47,460,-6966,8438,0,0,0,0,0
1,90,17.043,60,725897,31,14,37,57954,0,0,0,0,0,47,460,-6966,8438,0,0,0,0,0
1,90,17.095,61,725953,31,14,37,57954,0,0,0,0,0,47,460,-6966,8438,0,0,0,0,0
1,90,17.156,62,726009,31,14,37,57954,0,0,0,0,0,47,460,-6966,8438,0,0,0,0,0
1,90,17.208,63,726065,31,14,37,57954,0,0,0,0,0,47,460,-6966,8438,0,0,0,0,0
1,90,17.267,64,726121,31,14,37,57954,0,0,0,0,0,47,460,-6966,8438,0,0,0,0,0
1,90,17.32,65,726177,31,14,37,57954,0,0,0,0,0,47,460,-6966,8438,0,0,0,0,0
1,90,17.384,66,726233,31,14,37,57954,0,0,0,0,0,47,460,-6966,8438,0,0,0,0,0
1,90,17.431,67,726289,31,14,37,57954,0,0,0,0,0,47,460,-6966,8438,0,0,0,0,0
1,90,17.547,69,726401,31,14,37,57954,0,0,0,0,0,47,460,-6966,8438,0,0,0,0,0
1,90,17.602,70,726457,31,14,37,57954,0,0,0,0,0,47,460,-6966,8438,0,0,0,0,0
1,90,17.664,71,726513,31,14,37,57954,0,0,0,0,0,47,460,-6966,8438,0,0,0,0,0
1,90,17.716,72,726565,31,14,37,57954,0,0,0,0,0,47,460,-6966,8438,0,0,0,0,0
1,90,17.764,73,726621,31,14,37,57954,0,0,0,0,0,47,460,-6966,8438,0,0,0,0,0
1,90,17.82,74,726677,31,14,37,57954,0,0,0,0,0,47,460,-6966,8438,0,0,0,0,0
1,90,17.882,75,726733,31,14,37,57954,0,0,0,0,0,47,460,-6966,8438,0,0,0,0,0
1,90,17.99,77,726845,31,14,37,57954,0,0,0,0,0,47,460,-6966,8438,0,0,0,0,0
1,90,18.044,78,726901,31,14,37,57954,0,0,0,0,0,47,460,-6966,8438,0,0,0,0,0
1,90,18.101,79,726957,31,14,37,57954,0,0,0,0,0,47,460,-6966,8438,0,0,0,0,0
1,90,18.212,81,727069,31,14,37,57954,0,0,0,0,0,47,460,-6966,8438,0,0,0,0,0
1,90,18.268,82,727125,31,14,37,57954,0,0,0,0,0,47,460,-6966,8438,0,0,0,0,0
1,90,18.325,83,727181,31,14,37,57954,0,0,0,0,0,47,460,-6966,8438,0,0,0,0,0
1,90,18.388,84,727237,31,14,37,57954,0,0,0,0,0,47,460,-6966,8438,0,0,0,0,0
1,90,18.437,85,727293,31,14,37,57954,0,0,0,0,0,47,460,-6966,8438,0,0,0,0,0
1,90,18.547,87,727405,31,14,37,57954,0,0,0,0,0,47,460,-6966,8438,0,0,0,0,0
1,90,18.605,88,727461,31,14,37,57954,0,0,0,0,0,47,460,-6966,8438,0,0,0,0,0
1,90,18.661,89,727517,31,14,37,57954,0,0,0,0,0,47,460,-6966,8438,0,0,0,0,0
1,90,18.881,93,727737,31,14,37,57954,0,0,0,0,0,47,460,-6966,8438,0,0,0,0,0
2,-90,-0.008,26,745419,31,14,37,57954,0,0,0,0,0,47,460,-6966,8438,0,0,0,0,0
2,-90,0.033,27,745470,31,14,37,57954,0,0,0,0,0,47,460,-6966,8438,0,0,0,0,0
2,-90,0.099,28,745523,31,14,37,57936,0,0,0,0,-14,48,462,-6966,8433,900,-1000,0,0,0
2,-90,0.166,29,745593,31,14,38,57853,0,0,0,0,-7,51,465,-6966,8411,1200,-1200,0,0,0
2,-90,0.229,30,745665,31,16,39,57683,0,0,0,0,-46,54,468,-6966,8366,1500,-1400,0,0,0
2,-90,0.301,31,745737,71,18,40,57435,0,0,0,0,-89,57,471,-6966,8300,1900,-2000,0,0,0
2,-90,0.373,32,745809,71,21,43,57048,0,0,0,0,-135,60,474,-6966,8197,2400,-2300,0,0,0
2,-90,0.445,33,745881,31,25,45,56449,0,0,0,56,-148,60,477,-6938,8066,2800,-2700,0,0,0
2,-90,0.591,35,746025,31,31,46,54455,0,0,0,138,-190,60,483,-6752,7722,2900,-2900,0,0,0
2,-90,0.661,36,746097,31,34,46,53274,0,0,0,145,-200,60,486,-6633,7527,2800,-2900,0,0,0
2,-90,0.72,37,746147,31,36,46,52483,0,0,0,118,-217,60,488,-6550,7400,2800,-2900,0,0,0
2,-90,0.781,38,746217,31,38,45,51321,0,0,0,134,-194,60,491,-6425,7216,2800,-2800,0,0,0
2,-90,0.853,39,746289,31,40,44,50203,0,0,0,138,-190,60,494,-6308,7036,2800,-2700,0,0,0
2,-90,0.926,40,746361,31,41,42,49134,0,0,0,108,-164,60,497,-6194,6866,1500,-1100,0,0,0
2,-90,1.031,41,746459,31,42,41,48506,0,0,0,0,0,60,503,-6127,6766,0,0,0,0,0
2,-90,1.072,42,746509,31,42,41,48506,0,0,0,0,0,60,503,-6127,6766,0,0,0,0,0
2,-90,1.128,43,746565,31,42,41,48506,0,0,0,0,0,60,503,-6127,6766,0,0,0,0,0
2,-90,1.241,45,746677,31,42,41,48506,0,0,0,0,0,60,503,-6127,6766,0,0,0,0,0
2,-90,1.296,46,746733,31,42,41,48506,0,0,0,0,0,60,503,-6127,6766,0,0,0,0,0
2,-90,1.352,47,746789,31,42,41,48506,0,0,0,0,0,60,503,-6127,6766,0,0,0,0,0
2,-90,1.418,48,746845,31,42,41,48506,0,0,0,0,0,60,503,-6127,6766,0,0,0,0,0
2,-90,1.461,49,746897,31,42,41,48506,0,0,0,0,0,60,503,-6127,6766,0,0,0,0,0
2,-90,1.516,50,746953,31,42,41,48506,0,0,0,0,0,60,503,-6127,6766,0,0,0,0,0
2,-90,1.574,51,747009,31,42,41,48506,0,0,0,0,0,60,503,-6127,6766,0,0,0,0,0
2,-90,1.628,52,747065,31,42,41,48506,0,0,0,0,0,60,503,-6127,6766,0,0,0,0,0
2,-90,1.684,53,747121,31,42,41,48506,0,0,0,0,0,60,503,-6127,6766,0,0,0,0,0
2,-90,1.74,54,747177,31,42,41,48506,0,0,0,0,0,60,503,-6127,6766,0,0,0,0,0
2,-90,1.852,56,747289,31,42,41,48506,0,0,0,0,0,60,503,-6127,6766,0,0,0,0,0
2,-90,1.909,57,747345,31,42,41,48506,0,0,0,0,0,60,503,-6127,6766,0,0,0,0,0
2,-90,1.965,58,747401,31,42,41,48506,0,0,0,0,0,60,503,-6127,6766,0,0,0,0,0
2,-90,2.021,59,747457,31,42,41,48506,0,0,0,0,0,60,503,-6127,6766,0,0,0,0,0
2,-90,2.077,60,747513,31,42,41,48506,0,0,0,0,0,60,503,-6127,6766,0,0,0,0,0
2,-90,2.133,61,747569,31,42,41,48506,0,0,0,0,0,60,503,-6127,6766,0,0,0,0,0
2,-90,2.189,62,747625,31,42,41,48506,0,0,0,0,0,60,503,-6127,6766,0,0,0,0,0
2,-90,2.245,63,747681,31,42,41,48506,0,0,0,0,0,60,503,-6127,6766,0,0,0,0,0
2,-90,2.301,64,747737,31,42,41,48506,0,0,0,0,0,60,503,-6127,6766,0,0,0,0,0
2,-90,2.356,65,747793,31,42,41,48506,0,0,0,0,0,60,503,-6127,6766,0,0,0,0,0
2,-90,2.476,67,747905,31,42,41,48506,0,0,0,0,0,60,503,-6127,6766,0,0,0,0,0
2,-90,2.52,68,747957,31,42,41,48506,0,0,0,0,0,60,503,-6127,6766,0,0,0,0,0
2,-90,2.576,69,748013,31,42,41,48506,0,0,0,0,0,60,503,-6127,6766,0,0,0,0,0
2,-90,2.632,70,748069,31,42,41,48506,0,0,0,0,0,60,503,-6127,6766,0,0,0,0,0
2,-90,2.688,71,748125,31,42,41,48506,0,0,0,0,0,60,503,-6127,6766,0,0,0,0,0
2,-90,2.744,72,748181,31,42,41,48506,0,0,0,0,0,60,503,-6127,6766,0,0,0,0,0
2,-90,2.8,73,748237,31,42,41,48506,0,0,0,0,0,60,503,-6127,6766,0,0,0,0,0
2,-90,2.856,74,748293,31,42,41,48506,0,0,0,0,0,60,503,-6127,6766,0,0,0,0,0
2,-90,2.912,75,748349,31,42,41,48506,0,0,0,0,0,60,503,-6127,6766,0,0,0,0,0
2,-90,2.968,76,748405,31,42,41,48506,0,0,0,0,0,60,503,-6127,6766,0,0,0,0,0
2,-90,3.024,77,748461,31,42,41,48506,0,0,0,0,0,60,503,-6127,6766,0,0,0,0,0
2,-90,3.136,79,748573,31,42,41,48506,0,0,0,0,0,60,503,-6127,6766,0,0,0,0,0
2,-90,3.192,80,748629,31,42,41,48506,0,0,0,0,0,60,503,-6127,6766,0,0,0,0,0
2,-90,3.248,81,748685,31,42,41,48506,0,0,0,0,0,60,503,-6127,6766,0,0,0,0,0
2,-90,3.304,82,748741,31,42,41,48506,0,0,0,0,0,60,503,-6127,6766,0,0,0,0,0
2,-90,3.36,83,748797,31,42,41,48506,0,0,0,0,0,60,503,-6127,6766,0,0,0,0,0
2,-90,3.416,84,748853,31,42,41,48506,0,0,0,0,0,60,503,-6127,6766,0,0,0,0,0
2,-90,3.474,85,748909,31,42,41,48506,0,0,0,0,0,60,503,-6127,6766,0,0,0,0,0
2,-90,3.537,86,748965,31,42,41,48506,0,0,0,0,0,60,503,-6127,6766,0,0,0,0,0
2,-90,3.581,87,749017,31,42,41,48506,0,0,0,0,0,60,503,-6127,6766,0,0,0,0,0
2,-90,3.637,88,749073,31,42,41,48506,0,0,0,0,0,60,503,-6127,6766,0,0,0,0,0
2,-90,3.748,90,749185,31,42,41,48506,0,0,0,0,0,60,503,-6127,6766,0,0,0,0,0
2,-90,3.804,91,749241,31,42,41,48506,0,0,0,0,0,60,503,-6127,6766,0,0,0,0,0
2,-90,3.86,92,749297,31,42,41,48506,0,0,0,0,0,60,503,-6127,6766,0,0,0,0,0
2,-90,3.917,93,749353,31,42,41,48506,0,0,0,0,0,60,503,-6127,6766,0,0,0,0,0
2,-90,3.973,94,749409,31,42,41,48506,0,0,0,0,0,60,503,-6127,6766,0,0,0,0,0
2,-90,4.029,95,749465,31,42,41,48506,0,0,0,0,0,60,503,-6127,6766,0,0,0,0,0
2,-90,4.085,96,749521,31,42,41,48506,0,0,0,0,0,60,503,-6127,6766,0,0,0,0,0
2,-90,4.14,97,749577,31,42,41,48506,0,0,0,0,0,60,503,-6127,6766,0,0,0,0,0
2,-90,4.196,98,749633,31,42,41,48506,0,0,0,0,0,60,503,-6127,6766,0,0,0,0,0
2,-90,4.252,99,749689,31,42,41,48506,0,0,0,0,0,60,503,-6127,6766,0,0,0,0,0
2,-90,4.368,101,749801,31,42,41,48506,0,0,0,0,0,60,503,-6127,6766,0,0,0,0,0
2,-90,4.42,102,749857,31,42,41,48506,0,0,0,0,0,60,503,-6127,6766,0,0,0,0,0
2,-90,4.476,103,749913,31,42,41,48506,0,0,0,0,0,60,503,-6127,6766,0,0,0,0,0
2,-90,4.532,104,749969,31,42,41,48506,0,0,0,0,0,60,503,-6127,6766,0,0,0,0,0
2,-90,4.597,105,750025,31,42,41,48506,0,0,0,0,0,60,503,-6127,6766,0,0,0,0,0
2,-90,4.64,106,750077,31,42,41,48506,0,0,0,0,0,60,503,-6127,6766,0,0,0,0,0
2,-90,4.696,107,750133,31,42,41,48506,0,0,0,0,0,60,503,-6127,6766,0,0,0,0,0
2,-90,4.752,108,750189,31,42,41,48506,0,0,0,0,0,60,503,-6127,6766,0,0,0,0,0
2,-90,4.809,109,750245,31,42,41,48506,0,0,0,0,0,60,503,-6127,6766,0,0,0,0,0
2,-90,4.864,110,750301,31,42,41,48506,0,0,0,0,0,60,503,-6127,6766,0,0,0,0,0
2,-90,4.978,112,750413,31,42,41,48506,0,0,0,0,0,60,503,-6127,6766,0,0,0,0,0
2,-90,5.033,113,750469,31,42,41,48506,0,0,0,0,0,60,503,-6127,6766,0,0,0,0,0
2,-90,5.089,114,750525,31,42,41,48506,0,0,0,0,0,60,503,-6127,6766,0,0,0,0,0
2,-90,5.144,115,750581,31,42,41,48506,0,0,0,0,0,60,503,-6127,6766,0,0,0,0,0
2,-90,5.2,116,750637,31,42,41,48506,0,0,0,0,0,60,503,-6127,6766,0,0,0,0,0
2,-90,5.256,117,750693,31,42,41,48506,0,0,0,0,0,60,503,-6127,6766,0,0,0,0,0
2,-90,5.312,118,750749,31,42,41,48506,0,0,0,0,0,60,503,-6127,6766,0,0,0,0,0
2,-90,5.369,119,750805,31,42,41,48506,0,0,0,0,0,60,503,-6127,6766,0,0,0,0,0
2,-90,5.425,120,750861,31,42,41,48506,0,0,0,0,0,60,503,-6127,6766,0,0,0,0,0
2,-90,5.48,121,750917,31,42,41,48506,0,0,0,0,0,60,503,-6127,6766,0,0,0,0,0
2,-90,5.592,123,751029,31,42,41,48506,0,0,0,0,0,60,503,-6127,6766,0,0,0,0,0
2,-90,5.657,124,751085,31,42,41,48506,0,0,0,0,0,60,503,-6127,6766,0,0,0,0,0
2,-90,5.7,125,751137,31,42,41,48506,0,0,0,0,0,60,503,-6127,6766,0,0,0,0,0
2,-90,5.756,126,751193,31,42,41,48506,0,0,0,0,0,60,503,-6127,6766,0,0,0,0,0
2,-90,5.812,127,751249,31,42,41,48506,0,0,0,0,0,60,503,-6127,6766,0,0,0,0,0
2,-90,5.871,0,751305,31,42,41,48506,0,0,0,0,0,60,503,-6127,6766,0,0,0,0,0
2,-90,5.924,1,751361,31,42,41,48506,0,0,0,0,0,60,503,-6127,6766,0,0,0,0,0
2,-90,5.98,2,751417,31,42,41,48506,0,0,0,0,0,60,503,-6127,6766,0,0,0,0,0
2,-90,6.036,3,751473,31,42,41,48506,0,0,0,0,0,60,503,-6127,6766,0,0,0,0,0
2,-90,6.092,4,751529,31,42,41,48506,0,0,0,0,0,60,503,-6127,6766,0,0,0,0,0
2,-90,6.148,5,751585,31,42,41,48506,0,0,0,0,0,60,503,-6127,6766,0,0,0,0,0
2,-90,6.26,7,751697,31,42,41,48506,0,0,0,0,0,60,503,-6127,6766,0,0,0,0,0
2,-90,6.317,8,751753,31,42,41,48506,0,0,0,0,0,60,503,-6127,6766,0,0,0,0,0
2,-90,6.372,9,751809,31,42,41,48506,0,0,0,0,0,60,503,-6127,6766,0,0,0,0,0
2,-90,6.428,10,751865,31,42,41,48506,0,0,0,0,0,60,503,-6127,6766,0,0,0,0,0
2,-90,6.488,11,751921,31,42,41,48506,0,0,0,0,0,60,503,-6127,6766,0,0,0,0,0
2,-90,6.54,12,751977,31,42,41,48506,0,0,0,0,0,60,503,-6127,6766,0,0,0,0,0
2,-90,6.597,13,752033,31,42,41,48506,0,0,0,0,0,60,503,-6127,6766,0,0,0,0,0
2,-90,6.652,14,752089,31,42,41,48506,0,0,0,0,0,60,503,-6127,6766,0,0,0,0,0
2,-90,6.717,15,752145,31,42,41,48506,0,0,0,0,0,60,503,-6127,6766,0,0,0,0,0
2,-90,6.764,16,752197,31,42,41,48506,0,0,0,0,0,60,503,-6127,6766,0,0,0,0,0
2,-90,6.872,18,752309,31,42,41,48506,0,0,0,0,0,60,503,-6127,6766,0,0,0,0,0
2,-90,6.928,19,752365,31,42,41,48506,0,0,0,0,0,60,503,-6127,6766,0,0,0,0,0
2,-90,6.985,20,752421,31,42,41,48506,0,0,0,0,0,60,503,-6127,6766,0,0,0,0,0
2,-90,7.04,21,752477,31,42,41,48506,0,0,0,0,0,60,503,-6127,6766,0,0,0,0,0
2,-90,7.096,22,752533,31,42,41,48506,0,0,0,0,0,60,503,-6127,6766,0,0,0,0,0
2,-90,7.152,23,752589,31,42,41,48506,0,0,0,0,0,60,503,-6127,6766,0,0,0,0,0
2,-90,7.208,24,752645,31,42,41,48506,0,0,0,0,0,60,503,-6127,6766,0,0,0,0,0
2,-90,7.266,25,752701,31,42,41,48506,0,0,0,0,0,60,503,-6127,6766,0,0,0,0,0
2,-90,7.32,26,752757,31,42,41,48506,0,0,0,0,0,60,503,-6127,6766,0,0,0,0,0
2,-90,7.435,28,752869,31,42,41,48506,0,0,0,0,0,60,503,-6127,6766,0,0,0,0,0
2,-90,7.489,29,752925,31,42,41,48506,0,0,0,0,0,60,503,-6127,6766,0,0,0,0,0
3,107,0.005,102,764137,31,42,41,48506,0,0,0,0,0,60,503,-6127,6766,0,0,0,0,0
3,107,0.065,103,764197,31,42,41,48506,0,0,0,0,0,60,504,-6127,6766,-800,800,0,0,0
3,107,0.139,104,764269,31,42,42,48547,0,0,0,0,7,63,507,-6127,6777,-1200,1200,0,0,0
3,107,0.209,105,764341,31,41,42,48675,0,0,0,-2,46,65,510,-6130,6808,-1500,1400,0,0,0
3,107,0.283,106,764413,31,40,44,48905,0,0,0,-16,75,66,513,-6138,6861,-1800,1800,0,0,0
3,107,0.354,107,764485,31,39,46,49323,0,0,0,-53,108,66,516,-6166,6944,-2100,2200,0,0,0
3,107,0.413,108,764535,31,38,46,49721,0,0,0,-72,102,66,518,-6205,7011,-2400,2500,0,0,0
3,107,0.474,109,764605,31,37,47,50557,0,0,0,-93,158,66,521,-6294,7144,-2800,2800,0,0,0
3,107,0.547,110,764677,31,36,48,51622,0,0,0,-164,164,66,524,-6427,7294,-2800,2900,0,0,0
3,107,0.617,111,764749,31,35,48,52803,0,0,0,-164,171,66,527,-6572,7463,-2800,2800,0,0,0
3,107,0.764,113,764893,31,34,48,55313,0,0,0,-190,200,66,533,-6891,7811,-2700,2700,0,0,0
3,107,0.835,114,764965,31,33,48,56589,0,0,0,-184,210,66,536,-7050,7991,-2700,2600,0,0,0
3,107,0.915,115,765037,31,33,47,57811,0,0,0,-154,184,66,539,-7205,8161,-2600,2600,0,0,0
3,107,1.121,117,765254,31,32,47,60099,0,0,0,0,0,66,551,-7505,8469,0,0,0,0,0
3,107,1.175,118,765305,31,32,47,60099,0,0,0,0,0,66,553,-7505,8469,0,0,0,0,0
3,107,1.245,119,765377,31,32,47,60099,0,0,0,0,0,66,556,-7505,8469,0,0,0,0,0
3,107,1.316,120,765449,31,32,47,60099,0,0,0,0,0,66,559,-7505,8469,0,0,0,0,0
3,107,1.389,121,765521,31,32,47,60099,0,0,0,0,0,66,562,-7505,8469,0,0,0,0,0
3,107,1.461,122,765593,31,32,47,60099,0,0,0,0,0,66,565,-7505,8469,0,0,0,0,0
3,107,1.532,123,765665,31,32,47,60099,0,0,0,0,0,66,568,-7505,8469,0,0,0,0,0
3,107,1.605,124,765737,31,32,47,60099,0,0,0,0,0,66,571,-7505,8469,0,0,0,0,0
3,107,1.677,125,765809,31,32,47,60099,0,0,0,0,0,66,574,-7505,8469,0,0,0,0,0
3,107,1.749,126,765881,31,32,47,60099,0,0,0,0,0,66,577,-7505,8469,0,0,0,0,0
3,107,1.822,127,765953,31,32,47,60099,0,0,0,0,0,66,580,-7505,8469,0,0,0,0,0
3,107,1.965,1,766097,31,32,47,60099,0,0,0,0,0,66,586,-7505,8469,0,0,0,0,0
3,107,2.036,2,766169,31,32,47,60099,0,0,0,0,0,66,589,-7505,8469,0,0,0,0,0
3,107,2.109,3,766241,31,32,47,60099,0,0,0,0,0,66,592,-7505,8469,0,0,0,0,0
3,107,2.181,4,766313,31,32,47,60099,0,0,0,0,0,66,595,-7505,8469,0,0,0,0,0
3,107,2.314,6,766437,31,32,47,60099,0,0,0,0,0,66,598,-7505,8469,0,0,0,0,0
3,107,2.356,7,766489,31,32,47,60099,0,0,0,0,0,66,598,-7505,8469,0,0,0,0,0
3,107,2.412,8,766545,31,32,47,60099,0,0,0,0,0,66,598,-7505,8469,0,0,0,0,0
3,107,2.469,9,766601,31,32,47,60099,0,0,0,0,0,66,598,-7505,8469,0,0,0,0,0
3,107,2.524,10,766657,31,32,47,60099,0,0,0,0,0,66,598,-7505,8469,0,0,0,0,0
3,107,2.58,11,766713,31,32,47,60099,0,0,0,0,0,66,598,-7505,8469,0,0,0,0,0
3,107,2.637,12,766769,31,32,47,60099,0,0,0,0,0,66,598,-7505,8469,0,0,0,0,0
3,107,2.693,13,766825,31,32,47,60099,0,0,0,0,0,66,598,-7505,8469,0,0,0,0,0
3,107,2.748,14,766881,31,32,47,60099,0,0,0,0,0,66,598,-7505,8469,0,0,0,0,0
3,107,2.804,15,766937,31,32,47,60099,0,0,0,0,0,66,598,-7505,8469,0,0,0,0,0
3,107,2.86,16,766993,31,32,47,60099,0,0,0,0,0,66,598,-7505,8469,0,0,0,0,0
3,107,3.085,20,767217,31,32,47,60099,0,0,0,0,0,66,598,-7505,8469,0,0,0,0,0
3,107,3.14,21,767273,31,32,47,60099,0,0,0,0,0,66,598,-7505,8469,0,0,0,0,0
3,107,3.196,22,767329,31,32,47,60099,0,0,0,0,0,66,598,-7505,8469,0,0,0,0,0
3,107,3.252,23,767385,31,32,47,60099,0,0,0,0,0,66,598,-7505,8469,0,0,0,0,0
3,107,3.308,24,767441,31,32,47,60099,0,0,0,0,0,66,598,-7505,8469,0,0,0,0,0
3,107,3.372,25,767497,31,32,47,60099,0,0,0,0,0,66,598,-7505,8469,0,0,0,0,0
3,107,3.417,26,767549,31,32,47,60099,0,0,0,0,0,66,598,-7505,8469,0,0,0,0,0
3,107,3.472,27,767605,31,32,47,60099,0,0,0,0,0,66,598,-7505,8469,0,0,0,0,0
3,107,3.53,28,767661,31,32,47,60099,0,0,0,0,0,66,598,-7505,8469,0,0,0,0,0
3,107,3.642,30,767773,31,32,47,60099,0,0,0,0,0,66,598,-7505,8469,0,0,0,0,0
3,107,3.697,31,767829,31,32,47,60099,0,0,0,0,0,66,598,-7505,8469,0,0,0,0,0
3,107,3.808,33,767941,31,32,47,60099,0,0,0,0,0,66,598,-7505,8469,0,0,0,0,0
3,107,3.865,34,767997,31,32,47,60099,0,0,0,0,0,66,598,-7505,8469,0,0,0,0,0
3,107,3.921,35,768053,31,32,47,60099,0,0,0,0,0,66,598,-7505,8469,0,0,0,0,0
3,107,3.978,36,768109,31,32,47,60099,0,0,0,0,0,66,598,-7505,8469,0,0,0,0,0
3,107,4.032,37,768165,31,32,47,60099,0,0,0,0,0,66,598,-7505,8469,0,0,0,0,0
3,107,4.088,38,768221,31,32,47,60099,0,0,0,0,0,66,598,-7505,8469,0,0,0,0,0
3,107,4.2,40,768333,31,32,47,60099,0,0,0,0,0,66,598,-7505,8469,0,0,0,0,0
3,107,4.256,41,768389,31,32,47,60099,0,0,0,0,0,66,598,-7505,8469,0,0,0,0,0
3,107,4.314,42,768445,31,32,47,60099,0,0,0,0,0,66,598,-7505,8469,0,0,0,0,0
3,107,4.433,44,768557,31,32,47,60099,0,0,0,0,0,66,598,-7505,8469,0,0,0,0,0
3,107,4.532,46,768665,31,32,47,60099,0,0,0,0,0,66,598,-7505,8469,0,0,0,0,0
3,107,4.588,47,768721,31,32,47,60099,0,0,0,0,0,66,598,-7505,8469,0,0,0,0,0
3,107,4.645,48,768777,31,32,47,60099,0,0,0,0,0,66,598,-7505,8469,0,0,0,0,0
3,107,4.756,50,768889,31,32,47,60099,0,0,0,0,0,66,598,-7505,8469,0,0,0,0,0
3,107,4.869,52,769001,31,32,47,60099,0,0,0,0,0,66,598,-7505,8469,0,0,0,0,0
3,107,4.924,53,769057,31,32,47,60099,0,0,0,0,0,66,598,-7505,8469,0,0,0,0,0
3,107,4.981,54,769113,31,32,47,60099,0,0,0,0,0,66,598,-7505,8469,0,0,0,0,0
3,107,5.036,55,769169,31,32,47,60099,0,0,0,0,0,66,598,-7505,8469,0,0,0,0,0
3,107,5.149,57,769281,31,32,47,60099,0,0,0,0,0,66,598,-7505,8469,0,0,0,0,0
3,107,5.204,58,769337,31,32,47,60099,0,0,0,0,0,66,598,-7505,8469,0,0,0,0,0
3,107,5.261,59,769393,31,32,47,60099,0,0,0,0,0,66,598,-7505,8469,0,0,0,0,0
3,107,5.317,60,769449,31,32,47,60099,0,0,0,0,0,66,598,-7505,8469,0,0,0,0,0
3,107,5.374,61,769505,31,32,47,60099,0,0,0,0,0,66,598,-7505,8469,0,0,0,0,0
3,107,5.495,63,769617,31,32,47,60099,0,0,0,0,0,66,598,-7505,8469,0,0,0,0,0
3,107,5.594,65,769725,31,32,47,60099,0,0,0,0,0,66,598,-7505,8469,0,0,0,0,0
3,107,5.65,66,769781,31,32,47,60099,0,0,0,0,0,66,598,-7505,8469,0,0,0,0,0
3,107,5.705,67,769837,31,32,47,60099,0,0,0,0,0,66,598,-7505,8469,0,0,0,0,0
3,107,5.76,68,769893,31,32,47,60099,0,0,0,0,0,66,598,-7505,8469,0,0,0,0,0
3,107,5.816,69,769949,31,32,47,60099,0,0,0,0,0,66,598,-7505,8469,0,0,0,0,0
3,107,5.872,70,770005,31,32,47,60099,0,0,0,0,0,66,598,-7505,8469,0,0,0,0,0
3,107,5.93,71,770061,31,32,47,60099,0,0,0,0,0,66,598,-7505,8469,0,0,0,0,0
3,107,5.985,72,770117,31,32,47,60099,0,0,0,0,0,66,598,-7505,8469,0,0,0,0,0
3,107,6.097,74,770229,31,32,47,60099,0,0,0,0,0,66,598,-7505,8469,0,0,0,0,0
3,107,6.157,75,770285,31,32,47,60099,0,0,0,0,0,66,598,-7505,8469,0,0,0,0,0
3,107,6.218,76,770341,31,32,47,60099,0,0,0,0,0,66,598,-7505,8469,0,0,0,0,0
3,107,6.284,77,770397,31,32,47,60099,0,0,0,0,0,66,598,-7505,8469,0,0,0,0,0
3,107,6.325,78,770453,31,32,47,60099,0,0,0,0,0,66,598,-7505,8469,0,0,0,0,0
3,107,6.38,79,770509,31,32,47,60099,0,0,0,0,0,66,598,-7505,8469,0,0,0,0,0
3,107,6.436,80,770565,31,32,47,60099,0,0,0,0,0,66,598,-7505,8469,0,0,0,0,0
3,107,6.556,82,770677,31,32,47,60099,0,0,0,0,0,66,598,-7505,8469,0,0,0,0,0
3,107,6.655,84,770785,31,32,47,60099,0,0,0,0,0,66,598,-7505,8469,0,0,0,0,0
3,107,6.711,85,770841,31,32,47,60099,0,0,0,0,0,66,598,-7505,8469,0,0,0,0,0
3,107,6.771,86,770897,31,32,47,60099,0,0,0,0,0,66,598,-7505,8469,0,0,0,0,0
3,107,6.825,87,770953,31,32,47,60099,0,0,0,0,0,66,598,-7505,8469,0,0,0,0,0
3,107,6.998,88,771009,31,32,47,60099,0,0,0,0,0,66,598,-7505,8469,0,0,0,0,0
3,107,6.998,89,771065,31,32,47,60099,0,0,0,0,0,66,598,-7505,8469,0,0,0,0,0
3,107,6.998,90,771121,31,32,47,60099,0,0,0,0,0,66,598,-7505,8469,0,0,0,0,0
3,107,7.046,91,771177,31,32,47,60099,0,0,0,0,0,66,598,-7505,8469,0,0,0,0,0
3,107,7.101,92,771233,31,32,47,60099,0,0,0,0,0,66,598,-7505,8469,0,0,0,0,0
3,107,7.16,93,771289,31,32,47,60099,0,0,0,0,0,66,598,-7505,8469,0,0,0,0,0
3,107,7.216,94,771345,31,32,47,60099,0,0,0,0,0,66,598,-7505,8469,0,0,0,0,0
3,107,7.57,96,771457,31,32,47,60099,0,0,0,0,0,66,598,-7505,8469,0,0,0,0,0
3,107,7.57,97,771513,31,32,47,60099,0,0,0,0,0,66,598,-7505,8469,0,0,0,0,0
3,107,7.57,98,771569,31,32,47,60099,0,0,0,0,0,66,598,-7505,8469,0,0,0,0,0
3,107,7.57,99,771625,31,32,47,60099,0,0,0,0,0,66,598,-7505,8469,0,0,0,0,0
3,107,7.57,100,771681,31,32,47,60099,0,0,0,0,0,66,598,-7505,8469,0,0,0,0,0
3,107,7.617,101,771737,31,32,47,60099,0,0,0,0,0,66,598,-7505,8469,0,0,0,0,0
3,107,7.659,102,771789,31,32,47,60099,0,0,0,0,0,66,598,-7505,8469,0,0,0,0,0
3,107,7.715,103,771845,31,32,47,60099,0,0,0,0,0,66,598,-7505,8469,0,0,0,0,0
3,107,7.77,104,771901,31,32,47,60099,0,0,0,0,0,66,598,-7505,8469,0,0,0,0,0
3,107,7.829,105,771957,31,32,47,60099,0,0,0,0,0,66,598,-7505,8469,0,0,0,0,0
3,107,7.891,106,772013,31,32,47,60099,0,0,0,0,0,66,598,-7505,8469,0,0,0,0,0
3,107,8.005,108,772125,31,32,47,60099,0,0,0,0,0,66,598,-7505,8469,0,0,0,0,0
3,107,8.053,109,772181,31,32,47,60099,0,0,0,0,0,66,598,-7505,8469,0,0,0,0,0
3,107,8.107,110,772237,31,32,47,60099,0,0,0,0,0,66,598,-7505,8469,0,0,0,0,0
3,107,8.168,111,772293,31,32,47,60099,0,0,0,0,0,66,598,-7505,8469,0,0,0,0,0
3,107,8.218,112,772349,31,32,47,60099,0,0,0,0,0,66,598,-7505,8469,0,0,0,0,0
3,107,8.276,113,772405,31,32,47,60099,0,0,0,0,0,66,598,-7505,8469,0,0,0,0,0
3,107,8.329,114,772461,31,32,47,60099,0,0,0,0,0,66,598,-7505,8469,0,0,0,0,0
3,107,8.392,115,772517,31,32,47,60099,0,0,0,0,0,66,598,-7505,8469,0,0,0,0,0
3,107,8.45,116,772573,31,32,47,60099,0,0,0,0,0,66,598,-7505,8469,0,0,0,0,0
3,107,8.5,117,772629,31,32,47,60099,0,0,0,0,0,66,598,-7505,8469,0,0,0,0,0
3,107,8.615,119,772741,31,32,47,60099,0,0,0,0,0,66,598,-7505,8469,0,0,0,0,0
3,107,8.675,120,772797,31,32,47,60099,0,0,0,0,0,66,598,-7505,8469,0,0,0,0,0
3,107,8.72,121,772849,31,32,47,60099,0,0,0,0,0,66,598,-7505,8469,0,0,0,0,0
3,107,8.777,122,772905,31,32,47,60099,0,0,0,0,0,66,598,-7505,8469,0,0,0,0,0
3,107,8.828,123,772961,31,32,47,60099,0,0,0,0,0,66,598,-7505,8469,0,0,0,0,0
3,107,8.889,124,773017,31,32,47,60099,0,0,0,0,0,66,598,-7505,8469,0,0,0,0,0
3,107,8.945,125,773073,31,32,47,60099,0,0,0,0,0,66,598,-7505,8469,0,0,0,0,0
3,107,8.998,126,773129,31,32,47,60099,0,0,0,0,0,66,598,-7505,8469,0,0,0,0,0
3,107,9.063,127,773185,31,32,47,60099,0,0,0,0,0,66,598,-7505,8469,0,0,0,0,0
3,107,9.109,0,773241,31,32,47,60099,0,0,0,0,0,66,598,-7505,8469,0,0,0,0,0
3,107,9.226,2,773353,31,32,47,60099,0,0,0,0,0,66,598,-7505,8469,0,0,0,0,0
3,107,9.287,3,773409,31,32,47,60099,0,0,0,0,0,66,598,-7505,8469,0,0,0,0,0
3,107,9.333,4,773465,31,32,47,60099,0,0,0,0,0,66,598,-7505,8469,0,0,0,0,0
3,107,9.389,5,773521,31,32,47,60099,0,0,0,0,0,66,598,-7505,8469,0,0,0,0,0
3,107,9.458,6,773577,31,32,47,60099,0,0,0,0,0,66,598,-7505,8469,0,0,0,0,0
3,107,9.508,7,773633,31,32,47,60099,0,0,0,0,0,66,598,-7505,8469,0,0,0,0,0
3,107,9.597,8,773689,31,32,47,60099,0,0,0,0,0,66,598,-7505,8469,0,0,0,0,0
3,107,9.628,9,773745,31,32,47,60099,0,0,0,0,0,66,598,-7505,8469,0,0,0,0,0
3,107,9.694,10,773801,31,32,47,60099,0,0,0,0,0,66,598,-7505,8469,0,0,0,0,0
3,107,9.892,14,774021,31,32,47,60099,0,0,0,0,0,66,598,-7505,8469,0,0,0,0,0
3,107,9.947,15,774077,31,32,47,60099,0,0,0,0,0,66,598,-7505,8469,0,0,0,0,0
3,107,10.0,16,774133,31,32,47,60099,0,0,0,0,0,66,598,-7505,8469,0,0,0,0,0
3,107,10.059,17,774189,31,32,47,60099,0,0,0,0,0,66,598,-7505,8469,0,0,0,0,0
3,107,10.113,18,774245,31,32,47,60099,0,0,0,0,0,66,598,-7505,8469,0,0,0,0,0
3,107,10.168,19,774301,31,32,47,60099,0,0,0,0,0,66,598,-7505,8469,0,0,0,0,0
3,107,10.224,20,774357,31,32,47,60099,0,0,0,0,0,66,598,-7505,8469,0,0,0,0,0
3,107,10.28,21,774413,31,32,47,60099,0,0,0,0,0,66,598,-7505,8469,0,0,0,0,0
3,107,10.34,22,774469,31,32,47,60099,0,0,0,0,0,66,598,-7505,8469,0,0,0,0,0
3,107,10.449,24,774581,31,32,47,60099,0,0,0,0,0,66,598,-7505,8469,0,0,0,0,0
3,107,10.507,25,774637,31,32,47,60099,0,0,0,0,0,66,598,-7505,8469,0,0,0,0,0
3,107,10.561,26,774693,31,32,47,60099,0,0,0,0,0,66,598,-7505,8469,0,0,0,0,0
3,107,10.618,27,774749,31,32,47,60099,0,0,0,0,0,66,598,-7505,8469,0,0,0,0,0
3,107,10.675,28,774805,31,32,47,60099,0,0,0,0,0,66,598,-7505,8469,0,0,0,0,0
3,107,10.731,29,774861,31,32,47,60099,0,0,0,0,0,66,598,-7505,8469,0,0,0,0,0
3,107,10.795,30,774917,31,32,47,60099,0,0,0,0,0,66,598,-7505,8469,0,0,0,0,0
3,107,10.837,31,774969,31,32,47,60099,0,0,0,0,0,66,598,-7505,8469,0,0,0,0,0
3,107,10.894,32,775025,31,32,47,60099,0,0,0,0,0,66,598,-7505,8469,0,0,0,0,0
3,107,10.948,33,775081,31,32,47,60099,0,0,0,0,0,66,598,-7505,8469,0,0,0,0,0
3,107,11.061,35,775193,31,32,47,60099,0,0,0,0,0,66,598,-7505,8469,0,0,0,0,0
3,107,11.117,36,775249,31,32,47,60099,0,0,0,0,0,66,598,-7505,8469,0,0,0,0,0
3,107,11.173,37,775305,31,32,47,60099,0,0,0,0,0,66,598,-7505,8469,0,0,0,0,0
3,107,11.229,38,775361,31,32,47,60099,0,0,0,0,0,66,598,-7505,8469,0,0,0,0,0
3,107,11.285,39,775417,31,32,47,60099,0,0,0,0,0,66,598,-7505,8469,0,0,0,0,0
3,107,11.341,40,775473,31,32,47,60099,0,0,0,0,0,66,598,-7505,8469,0,0,0,0,0
3,107,11.397,41,775529,31,32,47,60099,0,0,0,0,0,66,598,-7505,8469,0,0,0,0,0
3,107,11.452,42,775585,31,32,47,60099,0,0,0,0,0,66,598,-7505,8469,0,0,0,0,0
3,107,11.507,43,775641,31,32,47,60099,0,0,0,0,0,66,598,-7505,8469,0,0,0,0,0
3,107,11.564,44,775697,31,32,47,60099,0,0,0,0,0,66,598,-7505,8469,0,0,0,0,0
3,107,11.676,46,775809,31,32,47,60099,0,0,0,0,0,66,598,-7505,8469,0,0,0,0,0
3,107,11.732,47,775865,31,32,47,60099,0,0,0,0,0,66,598,-7505,8469,0,0,0,0,0
3,107,11.787,48,775921,31,32,47,60099,0,0,0,0,0,66,598,-7505,8469,0,0,0,0,0
3,107,11.854,49,775977,31,32,47,60099,0,0,0,0,0,66,598,-7505,8469,0,0,0,0,0
3,107,11.899,50,776029,31,32,47,60099,0,0,0,0,0,66,598,-7505,8469,0,0,0,0,0
3,107,11.952,51,776085,31,32,47,60099,0,0,0,0,0,66,598,-7505,8469,0,0,0,0,0
3,107,12.009,52,776141,31,32,47,60099,0,0,0,0,0,66,598,-7505,8469,0,0,0,0,0
3,107,12.065,53,776197,31,32,47,60099,0,0,0,0,0,66,598,-7505,8469,0,0,0,0,0
3,107,12.12,54,776253,31,32,47,60099,0,0,0,0,0,66,598,-7505,8469,0,0,0,0,0
3,107,12.177,55,776309,31,32,47,60099,0,0,0,0,0,66,598,-7505,8469,0,0,0,0,0
3,107,12.231,56,776365,31,32,47,60099,0,0,0,0,0,66,598,-7505,8469,0,0,0,0,0
3,107,12.345,58,776477,31,32,47,60099,0,0,0,0,0,66,598,-7505,8469,0,0,0,0,0
3,107,12.4,59,776533,31,32,47,60099,0,0,0,0,0,66,598,-7505,8469,0,0,0,0,0
3,107,12.456,60,776589,31,32,47,60099,0,0,0,0,0,66,598,-7505,8469,0,0,0,0,0
3,107,12.512,61,776645,31,32,47,60099,0,0,0,0,0,66,598,-7505,8469,0,0,0,0,0
3,107,12.569,62,776701,31,32,47,60099,0,0,0,0,0,66,598,-7505,8469,0,0,0,0,0
3,107,12.624,63,776757,31,32,47,60099,0,0,0,0,0,66,598,-7505,8469,0,0,0,0,0
3,107,12.681,64,776813,31,32,47,60099,0,0,0,0,0,66,598,-7505,8469,0,0,0,0,0
3,107,12.737,65,776869,31,32,47,60099,0,0,0,0,0,66,598,-7505,8469,0,0,0,0,0
3,107,12.792,66,776925,31,32,47,60099,0,0,0,0,0,66,598,-7505,8469,0,0,0,0,0
3,107,12.848,67,776981,31,32,47,60099,0,0,0,0,0,66,598,-7505,8469,0,0,0,0,0
3,107,12.912,68,777037,31,32,47,60099,0,0,0,0,0,66,598,-7505,8469,0,0,0,0,0
3,107,12.958,69,777089,31,32,47,60099,0,0,0,0,0,66,598,-7505,8469,0,0,0,0,0
3,107,13.011,70,777145,31,32,47,60099,0,0,0,0,0,66,598,-7505,8469,0,0,0,0,0
3,107,13.068,71,777201,31,32,47,60099,0,0,0,0,0,66,598,-7505,8469,0,0,0,0,0
3,107,13.124,72,777257,31,32,47,60099,0,0,0,0,0,66,598,-7505,8469,0,0,0,0,0
3,107,13.179,73,777313,31,32,47,60099,0,0,0,0,0,66,598,-7505,8469,0,0,0,0,0
3,107,13.294,75,777425,31,32,47,60099,0,0,0,0,0,66,598,-7505,8469,0,0,0,0,0
3,107,13.348,76,777481,31,32,47,60099,0,0,0,0,0,66,598,-7505,8469,0,0,0,0,0
3,107,13.405,77,777537,31,32,47,60099,0,0,0,0,0,66,598,-7505,8469,0,0,0,0,0
3,107,13.46,78,777593,31,32,47,60099,0,0,0,0,0,66,598,-7505,8469,0,0,0,0,0
3,107,13.628,81,777761,31,32,47,60099,0,0,0,0,0,66,598,-7505,8469,0,0,0,0,0
3,107,13.683,82,777817,31,32,47,60099,0,0,0,0,0,66,598,-7505,8469,0,0,0,0,0
3,107,13.74,83,777873,31,32,47,60099,0,0,0,0,0,66,598,-7505,8469,0,0,0,0,0
3,107,13.796,84,777929,31,32,47,60099,0,0,0,0,0,66,598,-7505,8469,0,0,0,0,0
3,107,13.852,85,777985,31,32,47,60099,0,0,0,0,0,66,598,-7505,8469,0,0,0,0,0
3,107,13.907,86,778041,31,32,47,60099,0,0,0,0,0,66,598,-7505,8469,0,0,0,0,0
3,107,13.973,87,778097,31,32,47,60099,0,0,0,0,0,66,598,-7505,8469,0,0,0,0,0
3,107,14.017,88,778149,31,32,47,60099,0,0,0,0,0,66,598,-7505,8469,0,0,0,0,0
3,107,14.074,89,778205,31,32,47,60099,0,0,0,0,0,66,598,-7505,8469,0,0,0,0,0
3,107,14.13,90,778261,31,32,47,60099,0,0,0,0,0,66,598,-7505,8469,0,0,0,0,0
3,107,14.184,91,778317,31,32,47,60099,0,0,0,0,0,66,598,-7505,8469,0,0,0,0,0
3,107,14.24,92,778373,31,32,47,60099,0,0,0,0,0,66,598,-7505,8469,0,0,0,0,0
3,107,14.297,93,778429,31,32,47,60099,0,0,0,0,0,66,598,-7505,8469,0,0,0,0,0
3,107,14.353,94,778485,31,32,47,60099,0,0,0,0,0,66,598,-7505,8469,0,0,0,0,0
3,107,14.41,95,778541,31,32,47,60099,0,0,0,0,0,66,598,-7505,8469,0,0,0,0,0
3,107,14.465,96,778597,31,32,47,60099,0,0,0,0,0,66,598,-7505,8469,0,0,0,0,0
3,107,14.52,97,778653,31,32,47,60099,0,0,0,0,0,66,598,-7505,8469,0,0,0,0,0
3,107,14.576,98,778709,31,32,47,60099,0,0,0,0,0,66,598,-7505,8469,0,0,0,0,0
3,107,14.632,99,778765,31,32,47,60099,0,0,0,0,0,66,598,-7505,8469,0,0,0,0,0
3,107,14.687,100,778821,31,32,47,60099,0,0,0,0,0,66,598,-7505,8469,0,0,0,0,0
3,107,14.8,102,778933,31,32,47,60099,0,0,0,0,0,66,598,-7505,8469,0,0,0,0,0
3,107,14.856,103,778989,31,32,47,60099,0,0,0,0,0,66,598,-7505,8469,0,0,0,0,0
3,107,14.912,104,779045,31,32,47,60099,0,0,0,0,0,66,598,-7505,8469,0,0,0,0,0
3,107,14.968,105,779101,31,32,47,60099,0,0,0,0,0,66,598,-7505,8469,0,0,0,0,0
3,107,15.032,106,779157,31,32,47,60099,0,0,0,0,0,66,598,-7505,8469,0,0,0,0,0
3,107,15.077,107,779209,31,32,47,60099,0,0,0,0,0,66,598,-7505,8469,0,0,0,0,0
3,107,15.132,108,779265,31,32,47,60099,0,0,0,0,0,66,598,-7505,8469,0,0,0,0,0
3,107,15.19,109,779321,31,32,47,60099,0,0,0,0,0,66,598,-7505,8469,0,0,0,0,0
3,107,15.244,110,779377,31,32,47,60099,0,0,0,0,0,66,598,-7505,8469,0,0,0,0,0
3,107,15.3,111,779433,31,32,47,60099,0,0,0,0,0,66,598,-7505,8469,0,0,0,0,0
3,107,15.357,112,779489,31,32,47,60099,0,0,0,0,0,66,598,-7505,8469,0,0,0,0,0
3,107,15.47,114,779601,31,32,47,60099,0,0,0,0,0,66,598,-7505,8469,0,0,0,0,0
3,107,15.526,115,779657,31,32,47,60099,0,0,0,0,0,66,598,-7505,8469,0,0,0,0,0
3,107,15.58,116,779713,31,32,47,60099,0,0,0,0,0,66,598,-7505,8469,0,0,0,0,0
3,107,15.637,117,779769,31,32,47,60099,0,0,0,0,0,66,598,-7505,8469,0,0,0,0,0
3,107,15.694,118,779825,31,32,47,60099,0,0,0,0,0,66,598,-7505,8469,0,0,0,0,0
3,107,15.75,119,779881,31,32,47,60099,0,0,0,0,0,66,598,-7505,8469,0,0,0,0,0
3,107,15.806,120,779937,31,32,47,60099,0,0,0,0,0,66,598,-7505,8469,0,0,0,0,0
3,107,15.86,121,779993,31,32,47,60099,0,0,0,0,0,66,598,-7505,8469,0,0,0,0,0
3,107,15.918,122,780049,31,32,47,60099,0,0,0,0,0,66,598,-7505,8469,0,0,0,0,0
3,107,15.974,123,780105,31,32,47,60099,0,0,0,0,0,66,598,-7505,8469,0,0,0,0,0
3,107,16.027,124,780161,31,32,47,60099,0,0,0,0,0,66,598,-7505,8469,0,0,0,0,0
3,107,16.092,125,780217,31,32,47,60099,0,0,0,0,0,66,598,-7505,8469,0,0,0,0,0
3,107,16.136,126,780269,31,32,47,60099,0,0,0,0,0,66,598,-7505,8469,0,0,0,0,0
3,107,16.192,127,780325,31,32,47,60099,0,0,0,0,0,66,598,-7505,8469,0,0,0,0,0
3,107,16.25,0,780381,31,32,47,60099,0,0,0,0,0,66,598,-7505,8469,0,0,0,0,0
3,107,16.304,1,780437,31,32,47,60099,0,0,0,0,0,66,598,-7505,8469,0,0,0,0,0
3,107,16.36,2,780493,31,32,47,60099,0,0,0,0,0,66,598,-7505,8469,0,0,0,0,0
3,107,16.432,3,780549,31,32,47,60099,0,0,0,0,0,66,598,-7505,8469,0,0,0,0,0
3,107,16.473,4,780605,31,32,47,60099,0,0,0,0,0,66,598,-7505,8469,0,0,0,0,0
3,107,16.527,5,780661,31,32,47,60099,0,0,0,0,0,66,598,-7505,8469,0,0,0,0,0
3,107,16.585,6,780717,31,32,47,60099,0,0,0,0,0,66,598,-7505,8469,0,0,0,0,0
3,107,16.697,8,780829,31,32,47,60099,0,0,0,0,0,66,598,-7505,8469,0,0,0,0,0
3,107,16.751,9,780885,31,32,47,60099,0,0,0,0,0,66,598,-7505,8469,0,0,0,0,0
3,107,16.812,10,780941,31,32,47,60099,0,0,0,0,0,66,598,-7505,8469,0,0,0,0,0
3,107,16.867,11,780997,31,32,47,60099,0,0,0,0,0,66,598,-7505,8469,0,0,0,0,0
3,107,16.925,12,781053,31,32,47,60099,0,0,0,0,0,66,598,-7505,8469,0,0,0,0,0
3,107,16.978,13,781109,31,32,47,60099,0,0,0,0,0,66,598,-7505,8469,0,0,0,0,0
3,107,17.033,14,781165,31,32,47,60099,0,0,0,0,0,66,598,-7505,8469,0,0,0,0,0
3,107,17.089,15,781221,31,32,47,60099,0,0,0,0,0,66,598,-7505,8469,0,0,0,0,0
3,107,17.153,16,781277,31,32,47,60099,0,0,0,0,0,66,598,-7505,8469,0,0,0,0,0
3,107,17.202,17,781329,31,32,47,60099,0,0,0,0,0,66,598,-7505,8469,0,0,0,0,0
3,107,17.312,19,781441,31,32,47,60099,0,0,0,0,0,66,598,-7505,8469,0,0,0,0,0
3,107,17.367,20,781497,31,32,47,60099,0,0,0,0,0,66,598,-7505,8469,0,0,0,0,0
3,107,17.423,21,781553,31,32,47,60099,0,0,0,0,0,66,598,-7505,8469,0,0,0,0,0
3,107,17.48,22,781609,31,32,47,60099,0,0,0,0,0,66,598,-7505,8469,0,0,0,0,0
3,107,17.533,23,781665,31,32,47,60099,0,0,0,0,0,66,598,-7505,8469,0,0,0,0,0
3,107,17.59,24,781721,31,32,47,60099,0,0,0,0,0,66,598,-7505,8469,0,0,0,0,0
3,107,17.646,25,781777,31,32,47,60099,0,0,0,0,0,66,598,-7505,8469,0,0,0,0,0
3,107,17.701,26,781833,31,32,47,60099,0,0,0,0,0,66,598,-7505,8469,0,0,0,0,0
3,107,17.763,27,781889,31,32,47,60099,0,0,0,0,0,66,598,-7505,8469,0,0,0,0,0
3,107,17.813,28,781945,31,32,47,60099,0,0,0,0,0,66,598,-7505,8469,0,0,0,0,0
3,107,17.924,30,782057,31,32,47,60099,0,0,0,0,0,66,598,-7505,8469,0,0,0,0,0
3,107,17.983,31,782113,31,32,47,60099,0,0,0,0,0,66,598,-7505,8469,0,0,0,0,0
3,107,18.037,32,782169,31,32,47,60099,0,0,0,0,0,66,598,-7505,8469,0,0,0,0,0
3,107,18.095,33,782225,31,32,47,60099,0,0,0,0,0,66,598,-7505,8469,0,0,0,0,0
3,107,18.15,34,782281,31,32,47,60099,0,0,0,0,0,66,598,-7505,8469,0,0,0,0,0
3,107,18.213,35,782337,31,32,47,60099,0,0,0,0,0,66,598,-7505,8469,0,0,0,0,0
3,107,18.259,36,782389,31,32,47,60099,0,0,0,0,0,66,598,-7505,8469,0,0,0,0,0
3,107,18.312,37,782445,31,32,47,60099,0,0,0,0,0,66,598,-7505,8469,0,0,0,0,0
3,107,18.367,38,782501,31,32,47,60099,0,0,0,0,0,66,598,-7505,8469,0,0,0,0,0
3,107,18.423,39,782557,31,32,47,60099,0,0,0,0,0,66,598,-7505,8469,0,0,0,0,0
3,107,18.48,40,782613,31,32,47,60099,0,0,0,0,0,66,598,-7505,8469,0,0,0,0,0
3,107,18.537,41,782669,31,32,47,60099,0,0,0,0,0,66,598,-7505,8469,0,0,0,0,0
3,107,18.592,42,782725,31,32,47,60099,0,0,0,0,0,66,598,-7505,8469,0,0,0,0,0
3,107,18.649,43,782781,31,32,47,60099,0,0,0,0,0,66,598,-7505,8469,0,0,0,0,0
3,107,18.704,44,782837,31,32,47,60099,0,0,0,0,0,66,598,-7505,8469,0,0,0,0,0
3,107,18.76,45,782893,31,32,47,60099,0,0,0,0,0,66,598,-7505,8469,0,0,0,0,0
3,107,18.817,46,782949,31,32,47,60099,0,0,0,0,0,66,598,-7505,8469,0,0,0,0,0
3,107,18.875,47,783005,31,32,47,60099,0,0,0,0,0,66,598,-7505,8469,0,0,0,0,0
3,107,18.929,48,783061,31,32,47,60099,0,0,0,0,0,66,598,-7505,8469,0,0,0,0,0
3,107,18.985,49,783117,31,32,47,60099,0,0,0,0,0,66,598,-7505,8469,0,0,0,0,0
3,107,19.041,50,783173,31,32,47,60099,0,0,0,0,0,66,598,-7505,8469,0,0,0,0,0
3,107,19.152,52,783285,31,32,47,60099,0,0,0,0,0,66,598,-7505,8469,0,0,0,0,0
3,107,19.207,53,783341,31,32,47,60099,0,0,0,0,0,66,598,-7505,8469,0,0,0,0,0
3,107,19.273,54,783397,31,32,47,60099,0,0,0,0,0,66,598,-7505,8469,0,0,0,0,0
3,107,19.316,55,783449,31,32,47,60099,0,0,0,0,0,66,598,-7505,8469,0,0,0,0,0
3,107,19.372,56,783505,31,32,47,60099,0,0,0,0,0,66,598,-7505,8469,0,0,0,0,0
4,-107,-0.041,35,803757,31,32,47,60099,0,0,0,0,0,66,598,-7505,8469,0,0,0,0,0
4,-107,0.147,38,803937,31,33,48,60028,0,0,0,0,-36,69,602,-7505,8450,1200,-1200,0,0,0
4,-107,0.213,39,804009,31,34,49,59900,0,0,0,0,-56,72,605,-7505,8416,1500,-1400,0,0,0
4,-107,0.285,40,804081,71,35,51,59670,0,0,0,0,-72,75,608,-7505,8355,1800,-1800,0,0,0
4,-107,0.357,41,804153,31,37,54,59335,0,0,0,1,-102,77,611,-7502,8269,2200,-2200,0,0,0
4,-107,0.499,43,804297,31,41,58,57842,0,0,0,92,-194,77,617,-7383,7991,2900,-2800,0,0,0
4,-107,0.572,44,804369,31,43,60,56765,0,0,0,128,-200,77,620,-7272,7816,2900,-2800,0,0,0
4,-107,0.643,45,804441,31,45,60,55584,0,0,0,128,-200,77,623,-7144,7630,2800,-2800,0,0,0
4,-107,0.717,46,804513,31,47,61,54402,0,0,0,148,-200,77,626,-7016,7444,2800,-2800,0,0,0
4,-107,0.788,47,804585,31,50,61,53255,0,0,0,128,-200,77,629,-6894,7261,2700,-2700,0,0,0
4,-107,0.861,48,804657,31,52,60,52137,0,0,0,128,-190,77,632,-6772,7086,2800,-2600,0,0,0
4,-107,0.936,49,804729,31,54,59,51038,0,0,0,118,-184,77,635,-6650,6916,2600,-2500,0,0,0
4,-107,1.013,50,804801,31,55,59,49970,0,0,0,128,-184,77,638,-6527,6755,2100,-1700,0,0,0
4,-107,1.131,51,804930,31,56,58,48841,0,0,0,0,0,77,645,-6394,6588,0,0,0,0,0
4,-107,1.185,52,804981,31,56,58,48841,0,0,0,0,0,77,647,-6394,6588,0,0,0,0,0
4,-107,1.329,54,805125,31,56,58,48841,0,0,0,0,0,77,653,-6394,6588,0,0,0,0,0
4,-107,1.471,56,805269,31,56,58,48841,0,0,0,0,0,77,659,-6394,6588,0,0,0,0,0
4,-107,1.543,57,805341,31,56,58,48841,0,0,0,0,0,77,662,-6394,6588,0,0,0,0,0
4,-107,1.614,58,805413,31,56,58,48841,0,0,0,0,0,77,665,-6394,6588,0,0,0,0,0
4,-107,1.688,59,805485,31,56,58,48841,0,0,0,0,0,77,668,-6394,6588,0,0,0,0,0
4,-107,1.761,60,805557,31,56,58,48841,0,0,0,0,0,77,671,-6394,6588,0,0,0,0,0
4,-107,1.833,61,805629,31,56,58,48841,0,0,0,0,0,77,674,-6394,6588,0,0,0,0,0
4,-107,1.902,62,805701,31,56,58,48841,0,0,0,0,0,77,677,-6394,6588,0,0,0,0,0
4,-107,1.976,63,805773,31,56,58,48841,0,0,0,0,0,77,680,-6394,6588,0,0,0,0,0
4,-107,2.051,64,805845,31,56,58,48841,0,0,0,0,0,77,683,-6394,6588,0,0,0,0,0
4,-107,2.119,65,805917,31,56,58,48841,0,0,0,0,0,77,686,-6394,6588,0,0,0,0,0
4,-107,2.191,66,805989,31,56,58,48841,0,0,0,0,0,77,689,-6394,6588,0,0,0,0,0
4,-107,2.264,67,806061,31,56,58,48841,0,0,0,0,0,77,692,-6394,6588,0,0,0,0,0
4,-107,2.336,68,806133,31,56,58,48841,0,0,0,0,0,77,695,-6394,6588,0,0,0,0,0
4,-107,2.416,69,806205,31,56,58,48841,0,0,0,0,0,77,698,-6394,6588,0,0,0,0,0
4,-107,2.478,70,806277,31,56,58,48841,0,0,0,0,0,77,701,-6394,6588,0,0,0,0,0
4,-107,2.552,71,806349,31,56,58,48841,0,0,0,0,0,77,704,-6394,6588,0,0,0,0,0
4,-107,2.623,72,806421,31,56,58,48841,0,0,0,0,0,77,707,-6394,6588,0,0,0,0,0
4,-107,2.694,73,806493,31,56,58,48841,0,0,0,0,0,77,710,-6394,6588,0,0,0,0,0
4,-107,2.766,74,806565,31,56,58,48841,0,0,0,0,0,77,713,-6394,6588,0,0,0,0,0
4,-107,2.843,75,806637,31,56,58,48841,0,0,0,0,0,77,716,-6394,6588,0,0,0,0,0
4,-107,2.91,76,806709,31,56,58,48841,0,0,0,0,0,77,719,-6394,6588,0,0,0,0,0
4,-107,3.057,78,806853,31,56,58,48841,0,0,0,0,0,77,725,-6394,6588,0,0,0,0,0
4,-107,3.11,79,806909,31,56,58,48841,0,0,0,0,0,77,726,-6394,6588,0,0,0,0,0
4,-107,3.167,80,806965,31,56,58,48841,0,0,0,0,0,77,726,-6394,6588,0,0,0,0,0
4,-107,3.223,81,807021,31,56,58,48841,0,0,0,0,0,77,726,-6394,6588,0,0,0,0,0
4,-107,3.279,82,807077,31,56,58,48841,0,0,0,0,0,77,726,-6394,6588,0,0,0,0,0
4,-107,3.335,83,807133,31,56,58,48841,0,0,0,0,0,77,726,-6394,6588,0,0,0,0,0
4,-107,3.391,84,807189,31,56,58,48841,0,0,0,0,0,77,726,-6394,6588,0,0,0,0,0
4,-107,3.502,86,807301,31,56,58,48841,0,0,0,0,0,77,726,-6394,6588,0,0,0,0,0
4,-107,3.558,87,807357,31,56,58,48841,0,0,0,0,0,77,726,-6394,6588,0,0,0,0,0
4,-107,3.623,88,807413,31,56,58,48841,0,0,0,0,0,77,726,-6394,6588,0,0,0,0,0
4,-107,3.722,90,807521,31,56,58,48841,0,0,0,0,0,77,726,-6394,6588,0,0,0,0,0
4,-107,3.778,91,807577,31,56,58,48841,0,0,0,0,0,77,726,-6394,6588,0,0,0,0,0
4,-107,3.834,92,807633,31,56,58,48841,0,0,0,0,0,77,726,-6394,6588,0,0,0,0,0
4,-107,3.89,93,807689,31,56,58,48841,0,0,0,0,0,77,726,-6394,6588,0,0,0,0,0
4,-107,3.947,94,807745,31,56,58,48841,0,0,0,0,0,77,726,-6394,6588,0,0,0,0,0
4,-107,4.002,95,807801,31,56,58,48841,0,0,0,0,0,77,726,-6394,6588,0,0,0,0,0
4,-107,4.114,97,807913,31,56,58,48841,0,0,0,0,0,77,726,-6394,6588,0,0,0,0,0
4,-107,4.171,98,807969,31,56,58,48841,0,0,0,0,0,77,726,-6394,6588,0,0,0,0,0
4,-107,4.226,99,808025,31,56,58,48841,0,0,0,0,0,77,726,-6394,6588,0,0,0,0,0
4,-107,4.284,100,808081,31,56,58,48841,0,0,0,0,0,77,726,-6394,6588,0,0,0,0,0
4,-107,4.339,101,808137,31,56,58,48841,0,0,0,0,0,77,726,-6394,6588,0,0,0,0,0
4,-107,4.395,102,808193,31,56,58,48841,0,0,0,0,0,77,726,-6394,6588,0,0,0,0,0
4,-107,4.45,103,808249,31,56,58,48841,0,0,0,0,0,77,726,-6394,6588,0,0,0,0,0
4,-107,4.506,104,808305,31,56,58,48841,0,0,0,0,0,77,726,-6394,6588,0,0,0,0,0
4,-107,4.562,105,808361,31,56,58,48841,0,0,0,0,0,77,726,-6394,6588,0,0,0,0,0
4,-107,4.619,106,808417,31,56,58,48841,0,0,0,0,0,77,726,-6394,6588,0,0,0,0,0
4,-107,4.687,107,808467,31,56,58,48841,0,0,0,0,0,77,726,-6394,6588,0,0,0,0,0
4,-107,4.719,108,808517,31,56,58,48841,0,0,0,0,0,77,726,-6394,6588,0,0,0,0,0
4,-107,4.83,110,808629,31,56,58,48841,0,0,0,0,0,77,726,-6394,6588,0,0,0,0,0
4,-107,4.886,111,808685,31,56,58,48841,0,0,0,0,0,77,726,-6394,6588,0,0,0,0,0
4,-107,4.949,112,808741,31,56,58,48841,0,0,0,0,0,77,726,-6394,6588,0,0,0,0,0
4,-107,4.998,113,808797,31,56,58,48841,0,0,0,0,0,77,726,-6394,6588,0,0,0,0,0
4,-107,5.054,114,808853,31,56,58,48841,0,0,0,0,0,77,726,-6394,6588,0,0,0,0,0
4,-107,5.11,115,808909,31,56,58,48841,0,0,0,0,0,77,726,-6394,6588,0,0,0,0,0
4,-107,5.166,116,808965,31,56,58,48841,0,0,0,0,0,77,726,-6394,6588,0,0,0,0,0
4,-107,5.227,117,809021,31,56,58,48841,0,0,0,0,0,77,726,-6394,6588,0,0,0,0,0
4,-107,5.283,118,809077,31,56,58,48841,0,0,0,0,0,77,726,-6394,6588,0,0,0,0,0
4,-107,5.333,119,809133,31,56,58,48841,0,0,0,0,0,77,726,-6394,6588,0,0,0,0,0
4,-107,5.446,121,809245,31,56,58,48841,0,0,0,0,0,77,726,-6394,6588,0,0,0,0,0
4,-107,5.502,122,809301,31,56,58,48841,0,0,0,0,0,77,726,-6394,6588,0,0,0,0,0
4,-107,5.56,123,809357,31,56,58,48841,0,0,0,0,0,77,726,-6394,6588,0,0,0,0,0
4,-107,5.614,124,809413,31,56,58,48841,0,0,0,0,0,77,726,-6394,6588,0,0,0,0,0
4,-107,5.671,125,809469,31,56,58,48841,0,0,0,0,0,77,726,-6394,6588,0,0,0,0,0
4,-107,5.734,126,809525,31,56,58,48841,0,0,0,0,0,77,726,-6394,6588,0,0,0,0,0
4,-107,5.778,127,809577,31,56,58,48841,0,0,0,0,0,77,726,-6394,6588,0,0,0,0,0
4,-107,5.833,0,809633,31,56,58,48841,0,0,0,0,0,77,726,-6394,6588,0,0,0,0,0
4,-107,5.891,1,809689,31,56,58,48841,0,0,0,0,0,77,726,-6394,6588,0,0,0,0,0
4,-107,5.946,2,809745,31,56,58,48841,0,0,0,0,0,77,726,-6394,6588,0,0,0,0,0
4,-107,6.058,4,809857,31,56,58,48841,0,0,0,0,0,77,726,-6394,6588,0,0,0,0,0
4,-107,6.114,5,809913,31,56,58,48841,0,0,0,0,0,77,726,-6394,6588,0,0,0,0,0
4,-107,6.169,6,809969,31,56,58,48841,0,0,0,0,0,77,726,-6394,6588,0,0,0,0,0
4,-107,6.227,7,810025,31,56,58,48841,0,0,0,0,0,77,726,-6394,6588,0,0,0,0,0
4,-107,6.282,8,810081,31,56,58,48841,0,0,0,0,0,77,726,-6394,6588,0,0,0,0,0
4,-107,6.338,9,810137,31,56,58,48841,0,0,0,0,0,77,726,-6394,6588,0,0,0,0,0
4,-107,6.394,10,810193,31,56,58,48841,0,0,0,0,0,77,726,-6394,6588,0,0,0,0,0
4,-107,6.45,11,810249,31,56,58,48841,0,0,0,0,0,77,726,-6394,6588,0,0,0,0,0
4,-107,6.508,12,810305,31,56,58,48841,0,0,0,0,0,77,726,-6394,6588,0,0,0,0,0
4,-107,6.562,13,810361,31,56,58,48841,0,0,0,0,0,77,726,-6394,6588,0,0,0,0,0
4,-107,6.617,14,810417,31,56,58,48841,0,0,0,0,0,77,726,-6394,6588,0,0,0,0,0
4,-107,6.675,15,810473,31,56,58,48841,0,0,0,0,0,77,726,-6394,6588,0,0,0,0,0
4,-107,6.73,16,810529,31,56,58,48841,0,0,0,0,0,77,726,-6394,6588,0,0,0,0,0
4,-107,6.794,17,810585,31,56,58,48841,0,0,0,0,0,77,726,-6394,6588,0,0,0,0,0
4,-107,6.894,19,810693,31,56,58,48841,0,0,0,0,0,77,726,-6394,6588,0,0,0,0,0
4,-107,7.005,21,810805,31,56,58,48841,0,0,0,0,0,77,726,-6394,6588,0,0,0,0,0
4,-107,7.062,22,810861,31,56,58,48841,0,0,0,0,0,77,726,-6394,6588,0,0,0,0,0
4,-107,7.118,23,810917,31,56,58,48841,0,0,0,0,0,77,726,-6394,6588,0,0,0,0,0
4,-107,7.174,24,810973,31,56,58,48841,0,0,0,0,0,77,726,-6394,6588,0,0,0,0,0
4,-107,7.231,25,811029,31,56,58,48841,0,0,0,0,0,77,726,-6394,6588,0,0,0,0,0
4,-107,7.399,28,811197,31,56,58,48841,0,0,0,0,0,77,726,-6394,6588,0,0,0,0,0
4,-107,7.454,29,811253,31,56,58,48841,0,0,0,0,0,77,726,-6394,6588,0,0,0,0,0
4,-107,7.565,31,811365,31,56,58,48841,0,0,0,0,0,77,726,-6394,6588,0,0,0,0,0
4,-107,7.622,32,811421,31,56,58,48841,0,0,0,0,0,77,726,-6394,6588,0,0,0,0,0
4,-107,7.688,33,811477,31,56,58,48841,0,0,0,0,0,77,726,-6394,6588,0,0,0,0,0
4,-107,7.734,34,811533,31,56,58,48841,0,0,0,0,0,77,726,-6394,6588,0,0,0,0,0
4,-107,7.79,35,811589,31,56,58,48841,0,0,0,0,0,77,726,-6394,6588,0,0,0,0,0
4,-107,7.955,38,811753,31,56,58,48841,0,0,0,0,0,77,726,-6394,6588,0,0,0,0,0
4,-107,8.01,39,811809,31,56,58,48841,0,0,0,0,0,77,726,-6394,6588,0,0,0,0,0
4,-107,8.065,40,811865,31,56,58,48841,0,0,0,0,0,77,726,-6394,6588,0,0,0,0,0
4,-107,8.122,41,811921,31,56,58,48841,0,0,0,0,0,77,726,-6394,6588,0,0,0,0,0
4,-107,8.178,42,811977,31,56,58,48841,0,0,0,0,0,77,726,-6394,6588,0,0,0,0,0
4,-107,8.235,43,812033,31,56,58,48841,0,0,0,0,0,77,726,-6394,6588,0,0,0,0,0
4,-107,8.29,44,812089,31,56,58,48841,0,0,0,0,0,77,726,-6394,6588,0,0,0,0,0
4,-107,8.346,45,812145,31,56,58,48841,0,0,0,0,0,77,726,-6394,6588,0,0,0,0,0
4,-107,8.402,46,812201,31,56,58,48841,0,0,0,0,0,77,726,-6394,6588,0,0,0,0,0
4,-107,8.458,47,812257,31,56,58,48841,0,0,0,0,0,77,726,-6394,6588,0,0,0,0,0
4,-107,8.57,49,812369,31,56,58,48841,0,0,0,0,0,77,726,-6394,6588,0,0,0,0,0
4,-107,8.626,50,812425,31,56,58,48841,0,0,0,0,0,77,726,-6394,6588,0,0,0,0,0
4,-107,8.681,51,812481,31,56,58,48841,0,0,0,0,0,77,726,-6394,6588,0,0,0,0,0
4,-107,8.738,52,812537,31,56,58,48841,0,0,0,0,0,77,726,-6394,6588,0,0,0,0,0
4,-107,8.795,53,812593,31,56,58,48841,0,0,0,0,0,77,726,-6394,6588,0,0,0,0,0
4,-107,8.849,54,812649,31,56,58,48841,0,0,0,0,0,77,726,-6394,6588,0,0,0,0,0
4,-107,8.958,56,812757,31,56,58,48841,0,0,0,0,0,77,726,-6394,6588,0,0,0,0,0
4,-107,9.013,57,812813,31,56,58,48841,0,0,0,0,0,77,726,-6394,6588,0,0,0,0,0
4,-107,9.07,58,812869,31,56,58,48841,0,0,0,0,0,77,726,-6394,6588,0,0,0,0,0
4,-107,9.182,60,812981,31,56,58,48841,0,0,0,0,0,77,726,-6394,6588,0,0,0,0,0
4,-107,9.239,61,813037,31,56,58,48841,0,0,0,0,0,77,726,-6394,6588,0,0,0,0,0
4,-107,9.293,62,813093,31,56,58,48841,0,0,0,0,0,77,726,-6394,6588,0,0,0,0,0
4,-107,9.35,63,813149,31,56,58,48841,0,0,0,0,0,77,726,-6394,6588,0,0,0,0,0
4,-107,9.405,64,813205,31,56,58,48841,0,0,0,0,0,77,726,-6394,6588,0,0,0,0,0
4,-107,9.462,65,813261,31,56,58,48841,0,0,0,0,0,77,726,-6394,6588,0,0,0,0,0
4,-107,9.518,66,813317,31,56,58,48841,0,0,0,0,0,77,726,-6394,6588,0,0,0,0,0
4,-107,9.574,67,813373,31,56,58,48841,0,0,0,0,0,77,726,-6394,6588,0,0,0,0,0
4,-107,9.631,68,813429,31,56,58,48841,0,0,0,0,0,77,726,-6394,6588,0,0,0,0,0
4,-107,9.686,69,813485,31,56,58,48841,0,0,0,0,0,77,726,-6394,6588,0,0,0,0,0
4,-107,9.854,72,813653,31,56,58,48841,0,0,0,0,0,77,726,-6394,6588,0,0,0,0,0
4,-107,9.909,73,813709,31,56,58,48841,0,0,0,0,0,77,726,-6394,6588,0,0,0,0,0
4,-107,9.973,74,813765,31,56,58,48841,0,0,0,0,0,77,726,-6394,6588,0,0,0,0,0
4,-107,10.018,75,813817,31,56,58,48841,0,0,0,0,0,77,726,-6394,6588,0,0,0,0,0
4,-107,10.074,76,813873,31,56,58,48841,0,0,0,0,0,77,726,-6394,6588,0,0,0,0,0
4,-107,10.129,77,813929,31,56,58,48841,0,0,0,0,0,77,726,-6394,6588,0,0,0,0,0
4,-107,10.186,78,813985,31,56,58,48841,0,0,0,0,0,77,726,-6394,6588,0,0,0,0,0
4,-107,10.242,79,814041,31,56,58,48841,0,0,0,0,0,77,726,-6394,6588,0,0,0,0,0
4,-107,10.297,80,814097,31,56,58,48841,0,0,0,0,0,77,726,-6394,6588,0,0,0,0,0
4,-107,10.355,81,814153,31,56,58,48841,0,0,0,0,0,77,726,-6394,6588,0,0,0,0,0
4,-107,10.409,82,814209,31,56,58,48841,0,0,0,0,0,77,726,-6394,6588,0,0,0,0,0
4,-107,10.466,83,814265,31,56,58,48841,0,0,0,0,0,77,726,-6394,6588,0,0,0,0,0
4,-107,10.577,85,814377,31,56,58,48841,0,0,0,0,0,77,726,-6394,6588,0,0,0,0,0
4,-107,10.635,86,814433,31,56,58,48841,0,0,0,0,0,77,726,-6394,6588,0,0,0,0,0
4,-107,10.69,87,814489,31,56,58,48841,0,0,0,0,0,77,726,-6394,6588,0,0,0,0,0
4,-107,10.746,88,814545,31,56,58,48841,0,0,0,0,0,77,726,-6394,6588,0,0,0,0,0
4,-107,10.801,89,814601,31,56,58,48841,0,0,0,0,0,77,726,-6394,6588,0,0,0,0,0
4,-107,10.859,90,814657,31,56,58,48841,0,0,0,0,0,77,726,-6394,6588,0,0,0,0,0
4,-107,11.033,93,814825,31,56,58,48841,0,0,0,0,0,77,726,-6394,6588,0,0,0,0,0
4,-107,11.077,94,814877,31,56,58,48841,0,0,0,0,0,77,726,-6394,6588,0,0,0,0,0
4,-107,11.133,95,814933,31,56,58,48841,0,0,0,0,0,77,726,-6394,6588,0,0,0,0,0
4,-107,11.189,96,814989,31,56,58,48841,0,0,0,0,0,77,726,-6394,6588,0,0,0,0,0
4,-107,11.245,97,815045,31,56,58,48841,0,0,0,0,0,77,726,-6394,6588,0,0,0,0,0
4,-107,11.301,98,815101,31,56,58,48841,0,0,0,0,0,77,726,-6394,6588,0,0,0,0,0
4,-107,11.357,99,815157,31,56,58,48841,0,0,0,0,0,77,726,-6394,6588,0,0,0,0,0
4,-107,11.413,100,815213,31,56,58,48841,0,0,0,0,0,77,726,-6394,6588,0,0,0,0,0
4,-107,11.471,101,815269,31,56,58,48841,0,0,0,0,0,77,726,-6394,6588,0,0,0,0,0
4,-107,11.526,102,815325,31,56,58,48841,0,0,0,0,0,77,726,-6394,6588,0,0,0,0,0
4,-107,11.581,103,815381,31,56,58,48841,0,0,0,0,0,77,726,-6394,6588,0,0,0,0,0
4,-107,11.694,105,815493,31,56,58,48841,0,0,0,0,0,77,726,-6394,6588,0,0,0,0,0
4,-107,11.75,106,815549,31,56,58,48841,0,0,0,0,0,77,726,-6394,6588,0,0,0,0,0
4,-107,11.805,107,815605,31,56,58,48841,0,0,0,0,0,77,726,-6394,6588,0,0,0,0,0
4,-107,11.861,108,815661,31,56,58,48841,0,0,0,0,0,77,726,-6394,6588,0,0,0,0,0
4,-107,11.919,109,815717,31,56,58,48841,0,0,0,0,0,77,726,-6394,6588,0,0,0,0,0
4,-107,11.975,110,815773,31,56,58,48841,0,0,0,0,0,77,726,-6394,6588,0,0,0,0,0
4,-107,12.03,111,815829,31,56,58,48841,0,0,0,0,0,77,726,-6394,6588,0,0,0,0,0
4,-107,12.094,112,815885,31,56,58,48841,0,0,0,0,0,77,726,-6394,6588,0,0,0,0,0
4,-107,12.137,113,815937,31,56,58,48841,0,0,0,0,0,77,726,-6394,6588,0,0,0,0,0
4,-107,12.195,114,815993,31,56,58,48841,0,0,0,0,0,77,726,-6394,6588,0,0,0,0,0
4,-107,12.306,116,816105,31,56,58,48841,0,0,0,0,0,77,726,-6394,6588,0,0,0,0,0
4,-107,12.361,117,816161,31,56,58,48841,0,0,0,0,0,77,726,-6394,6588,0,0,0,0,0
4,-107,12.418,118,816217,31,56,58,48841,0,0,0,0,0,77,726,-6394,6588,0,0,0,0,0
4,-107,12.475,119,816273,31,56,58,48841,0,0,0,0,0,77,726,-6394,6588,0,0,0,0,0
4,-107,12.53,120,816329,31,56,58,48841,0,0,0,0,0,77,726,-6394,6588,0,0,0,0,0
4,-107,12.585,121,816385,31,56,58,48841,0,0,0,0,0,77,726,-6394,6588,0,0,0,0,0
4,-107,12.642,122,816441,31,56,58,48841,0,0,0,0,0,77,726,-6394,6588,0,0,0,0,0
4,-107,12.698,123,816497,31,56,58,48841,0,0,0,0,0,77,726,-6394,6588,0,0,0,0,0
4,-107,12.754,124,816553,31,56,58,48841,0,0,0,0,0,77,726,-6394,6588,0,0,0,0,0
4,-107,12.811,125,816609,31,56,58,48841,0,0,0,0,0,77,726,-6394,6588,0,0,0,0,0
5,180,-0.013,104,822579,31,56,58,48841,0,0,0,0,0,77,726,-6394,6588,0,0,0,0,0
5,180,0.099,106,822691,31,56,58,48864,0,0,0,0,17,78,728,-6394,6594,-1000,1000,0,0,0
5,180,0.232,108,822833,31,54,59,49052,0,0,0,0,36,84,734,-6394,6644,-1500,1500,0,0,0
5,180,0.304,109,822905,71,53,61,49304,0,0,0,0,92,87,737,-6394,6711,-1900,1900,0,0,0
5,180,0.376,110,822977,31,50,64,49680,0,0,0,-1,108,89,740,-6400,6805,-2300,2300,0,0,0
5,180,0.448,111,823049,31,48,65,50391,0,0,0,-66,164,89,743,-6461,6933,-2800,2800,0,0,0
5,180,0.523,112,823121,31,47,66,51373,0,0,0,-138,184,89,746,-6572,7083,-2800,2900,0,0,0
5,180,0.592,113,823193,31,46,67,52551,0,0,0,-164,190,89,749,-6716,7252,-2900,2900,0,0,0
5,180,0.664,114,823265,31,45,67,53819,0,0,0,-190,193,89,752,-6880,7425,-2800,2800,0,0,0
5,180,0.723,115,823315,31,45,67,54651,0,0,0,-164,181,89,754,-6988,7538,-2800,2800,0,0,0
5,180,0.784,116,823385,31,45,66,55911,0,0,0,-166,180,89,757,-7150,7711,-2700,2700,0,0,0
5,180,0.865,117,823457,31,45,66,57183,0,0,0,-174,164,89,760,-7316,7883,-2600,2600,0,0,0
5,180,1.072,120,823673,31,43,65,60852,0,0,0,-164,184,89,769,-7777,8397,-2500,2300,0,0,0
5,180,1.144,121,823745,31,43,64,62045,0,0,0,-174,164,89,772,-7930,8561,-2400,2100,0,0,0
5,180,1.217,122,823817,31,43,64,63155,0,0,0,-174,148,89,775,-8075,8711,-2400,2000,0,0,0
5,180,1.288,123,823889,31,43,64,64216,0,0,0,-154,154,89,778,-8213,8855,-2400,2000,0,0,0
5,180,1.362,124,823961,31,43,64,65254,0,0,0,-148,154,89,781,-8350,8994,-2400,1900,0,0,0
5,180,1.432,125,824033,31,43,64,66236,0,0,0,-148,138,89,784,-8483,9122,-1900,1200,0,0,0
5,180,1.643,127,824245,31,42,65,67331,0,0,0,0,0,89,795,-8644,9252,0,0,0,0,0
5,180,1.716,0,824317,31,42,65,67331,0,0,0,0,0,89,798,-8644,9252,0,0,0,0,0
5,180,1.787,1,824389,31,42,65,67331,0,0,0,0,0,89,801,-8644,9252,0,0,0,0,0
5,180,1.859,2,824461,31,42,65,67331,0,0,0,0,0,89,804,-8644,9252,0,0,0,0,0
5,180,1.931,3,824533,31,42,65,67331,0,0,0,0,0,89,807,-8644,9252,0,0,0,0,0
5,180,2.003,4,824605,31,42,65,67331,0,0,0,0,0,89,810,-8644,9252,0,0,0,0,0
5,180,2.076,5,824677,31,42,65,67331,0,0,0,0,0,89,813,-8644,9252,0,0,0,0,0
5,180,2.148,6,824749,31,42,65,67331,0,0,0,0,0,89,816,-8644,9252,0,0,0,0,0
5,180,2.22,7,824821,31,42,65,67331,0,0,0,0,0,89,819,-8644,9252,0,0,0,0,0
5,180,2.299,8,824893,31,42,65,67331,0,0,0,0,0,89,822,-8644,9252,0,0,0,0,0
5,180,2.364,9,824965,31,42,65,67331,0,0,0,0,0,89,825,-8644,9252,0,0,0,0,0
5,180,2.436,10,825037,31,42,65,67331,0,0,0,0,0,89,828,-8644,9252,0,0,0,0,0
5,180,2.508,11,825109,31,42,65,67331,0,0,0,0,0,89,831,-8644,9252,0,0,0,0,0
5,180,2.566,12,825159,31,42,65,67331,0,0,0,0,0,89,833,-8644,9252,0,0,0,0,0
5,180,2.607,13,825209,31,42,65,67331,0,0,0,0,0,89,833,-8644,9252,0,0,0,0,0
5,180,2.72,15,825321,31,42,65,67331,0,0,0,0,0,89,833,-8644,9252,0,0,0,0,0
5,180,2.775,16,825377,31,42,65,67331,0,0,0,0,0,89,833,-8644,9252,0,0,0,0,0
5,180,2.831,17,825433,31,42,65,67331,0,0,0,0,0,89,833,-8644,9252,0,0,0,0,0
5,180,2.887,18,825489,31,42,65,67331,0,0,0,0,0,89,833,-8644,9252,0,0,0,0,0
5,180,2.943,19,825545,31,42,65,67331,0,0,0,0,0,89,833,-8644,9252,0,0,0,0,0
5,180,2.999,20,825601,31,42,65,67331,0,0,0,0,0,89,833,-8644,9252,0,0,0,0,0
5,180,3.055,21,825657,31,42,65,67331,0,0,0,0,0,89,833,-8644,9252,0,0,0,0,0
5,180,3.111,22,825713,31,42,65,67331,0,0,0,0,0,89,833,-8644,9252,0,0,0,0,0
5,180,3.167,23,825769,31,42,65,67331,0,0,0,0,0,89,833,-8644,9252,0,0,0,0,0
5,180,3.222,24,825825,31,42,65,67331,0,0,0,0,0,89,833,-8644,9252,0,0,0,0,0
5,180,3.335,26,825937,31,42,65,67331,0,0,0,0,0,89,833,-8644,9252,0,0,0,0,0
5,180,3.399,27,825993,31,42,65,67331,0,0,0,0,0,89,833,-8644,9252,0,0,0,0,0
5,180,3.443,28,826045,31,42,65,67331,0,0,0,0,0,89,833,-8644,9252,0,0,0,0,0
5,180,3.499,29,826101,31,42,65,67331,0,0,0,0,0,89,833,-8644,9252,0,0,0,0,0
5,180,3.556,30,826157,31,42,65,67331,0,0,0,0,0,89,833,-8644,9252,0,0,0,0,0
5,180,3.611,31,826213,31,42,65,67331,0,0,0,0,0,89,833,-8644,9252,0,0,0,0,0
5,180,3.667,32,826269,31,42,65,67331,0,0,0,0,0,89,833,-8644,9252,0,0,0,0,0
5,180,3.779,34,826381,31,42,65,67331,0,0,0,0,0,89,833,-8644,9252,0,0,0,0,0
5,180,3.839,35,826437,31,42,65,67331,0,0,0,0,0,89,833,-8644,9252,0,0,0,0,0
5,180,3.891,36,826493,31,42,65,67331,0,0,0,0,0,89,833,-8644,9252,0,0,0,0,0
5,180,3.947,37,826549,31,42,65,67331,0,0,0,0,0,89,833,-8644,9252,0,0,0,0,0
5,180,4.003,38,826605,31,42,65,67331,0,0,0,0,0,89,833,-8644,9252,0,0,0,0,0
5,180,4.06,39,826661,31,42,65,67331,0,0,0,0,0,89,833,-8644,9252,0,0,0,0,0
5,180,4.115,40,826717,31,42,65,67331,0,0,0,0,0,89,833,-8644,9252,0,0,0,0,0
5,180,4.171,41,826773,31,42,65,67331,0,0,0,0,0,89,833,-8644,9252,0,0,0,0,0
5,180,4.229,42,826829,31,42,65,67331,0,0,0,0,0,89,833,-8644,9252,0,0,0,0,0
5,180,4.285,43,826885,31,42,65,67331,0,0,0,0,0,89,833,-8644,9252,0,0,0,0,0
5,180,4.34,44,826941,31,42,65,67331,0,0,0,0,0,89,833,-8644,9252,0,0,0,0,0
5,180,4.396,45,826997,31,42,65,67331,0,0,0,0,0,89,833,-8644,9252,0,0,0,0,0
5,180,4.459,46,827053,31,42,65,67331,0,0,0,0,0,89,833,-8644,9252,0,0,0,0,0
5,180,4.503,47,827105,31,42,65,67331,0,0,0,0,0,89,833,-8644,9252,0,0,0,0,0
5,180,4.615,49,827217,31,42,65,67331,0,0,0,0,0,89,833,-8644,9252,0,0,0,0,0
5,180,4.672,50,827273,31,42,65,67331,0,0,0,0,0,89,833,-8644,9252,0,0,0,0,0
5,180,4.783,52,827385,31,42,65,67331,0,0,0,0,0,89,833,-8644,9252,0,0,0,0,0
5,180,4.839,53,827441,31,42,65,67331,0,0,0,0,0,89,833,-8644,9252,0,0,0,0,0
5,180,4.899,54,827497,31,42,65,67331,0,0,0,0,0,89,833,-8644,9252,0,0,0,0,0
5,180,4.953,55,827553,31,42,65,67331,0,0,0,0,0,89,833,-8644,9252,0,0,0,0,0
5,180,5.007,56,827609,31,42,65,67331,0,0,0,0,0,89,833,-8644,9252,0,0,0,0,0
5,180,5.064,57,827665,31,42,65,67331,0,0,0,0,0,89,833,-8644,9252,0,0,0,0,0
5,180,5.119,58,827721,31,42,65,67331,0,0,0,0,0,89,833,-8644,9252,0,0,0,0,0
5,180,5.232,60,827833,31,42,65,67331,0,0,0,0,0,89,833,-8644,9252,0,0,0,0,0
5,180,5.288,61,827889,31,42,65,67331,0,0,0,0,0,89,833,-8644,9252,0,0,0,0,0
5,180,5.343,62,827945,31,42,65,67331,0,0,0,0,0,89,833,-8644,9252,0,0,0,0,0
5,180,5.399,63,828001,31,42,65,67331,0,0,0,0,0,89,833,-8644,9252,0,0,0,0,0
5,180,5.456,64,828057,31,42,65,67331,0,0,0,0,0,89,833,-8644,9252,0,0,0,0,0
5,180,5.519,65,828113,31,42,65,67331,0,0,0,0,0,89,833,-8644,9252,0,0,0,0,0
5,180,5.563,66,828165,31,42,65,67331,0,0,0,0,0,89,833,-8644,9252,0,0,0,0,0
5,180,5.619,67,828221,31,42,65,67331,0,0,0,0,0,89,833,-8644,9252,0,0,0,0,0
5,180,5.675,68,828277,31,42,65,67331,0,0,0,0,0,89,833,-8644,9252,0,0,0,0,0
5,180,5.734,69,828333,31,42,65,67331,0,0,0,0,0,89,833,-8644,9252,0,0,0,0,0
5,180,5.844,71,828445,31,42,65,67331,0,0,0,0,0,89,833,-8644,9252,0,0,0,0,0
5,180,5.899,72,828501,31,42,65,67331,0,0,0,0,0,89,833,-8644,9252,0,0,0,0,0
5,180,5.957,73,828557,31,42,65,67331,0,0,0,0,0,89,833,-8644,9252,0,0,0,0,0
5,180,6.012,74,828613,31,42,65,67331,0,0,0,0,0,89,833,-8644,9252,0,0,0,0,0
5,180,6.07,75,828669,31,42,65,67331,0,0,0,0,0,89,833,-8644,9252,0,0,0,0,0
5,180,6.133,76,828725,31,42,65,67331,0,0,0,0,0,89,833,-8644,9252,0,0,0,0,0
5,180,6.181,77,828781,31,42,65,67331,0,0,0,0,0,89,833,-8644,9252,0,0,0,0,0
5,180,6.238,78,828837,31,42,65,67331,0,0,0,0,0,89,833,-8644,9252,0,0,0,0,0
5,180,6.291,79,828893,31,42,65,67331,0,0,0,0,0,89,833,-8644,9252,0,0,0,0,0
5,180,6.347,80,828949,31,42,65,67331,0,0,0,0,0,89,833,-8644,9252,0,0,0,0,0
5,180,6.426,81,829005,31,42,65,67331,0,0,0,0,0,89,833,-8644,9252,0,0,0,0,0
5,180,6.461,82,829061,31,42,65,67331,0,0,0,0,0,89,833,-8644,9252,0,0,0,0,0
5,180,6.524,83,829117,31,42,65,67331,0,0,0,0,0,89,833,-8644,9252,0,0,0,0,0
5,180,6.625,84,829173,31,42,65,67331,0,0,0,0,0,89,833,-8644,9252,0,0,0,0,0
5,180,6.626,85,829225,31,42,65,67331,0,0,0,0,0,89,833,-8644,9252,0,0,0,0,0
5,180,6.69,86,829281,31,42,65,67331,0,0,0,0,0,89,833,-8644,9252,0,0,0,0,0
5,180,6.739,87,829337,31,42,65,67331,0,0,0,0,0,89,833,-8644,9252,0,0,0,0,0
5,180,6.792,88,829393,31,42,65,67331,0,0,0,0,0,89,833,-8644,9252,0,0,0,0,0
5,180,6.849,89,829449,31,42,65,67331,0,0,0,0,0,89,833,-8644,9252,0,0,0,0,0
5,180,6.903,90,829505,31,42,65,67331,0,0,0,0,0,89,833,-8644,9252,0,0,0,0,0
5,180,6.96,91,829561,31,42,65,67331,0,0,0,0,0,89,833,-8644,9252,0,0,0,0,0
5,180,7.016,92,829617,31,42,65,67331,0,0,0,0,0,89,833,-8644,9252,0,0,0,0,0
5,180,7.129,94,829729,31,42,65,67331,0,0,0,0,0,89,833,-8644,9252,0,0,0,0,0
5,180,7.183,95,829785,31,42,65,67331,0,0,0,0,0,89,833,-8644,9252,0,0,0,0,0
5,180,7.251,96,829841,31,42,65,67331,0,0,0,0,0,89,833,-8644,9252,0,0,0,0,0
5,180,7.298,97,829897,31,42,65,67331,0,0,0,0,0,89,833,-8644,9252,0,0,0,0,0
5,180,7.354,98,829953,31,42,65,67331,0,0,0,0,0,89,833,-8644,9252,0,0,0,0,0
5,180,7.407,99,830009,31,42,65,67331,0,0,0,0,0,89,833,-8644,9252,0,0,0,0,0
5,180,7.464,100,830065,31,42,65,67331,0,0,0,0,0,89,833,-8644,9252,0,0,0,0,0
5,180,7.525,101,830121,31,42,65,67331,0,0,0,0,0,89,833,-8644,9252,0,0,0,0,0
5,180,7.577,102,830177,31,42,65,67331,0,0,0,0,0,89,833,-8644,9252,0,0,0,0,0
5,180,7.739,105,830341,31,42,65,67331,0,0,0,0,0,89,833,-8644,9252,0,0,0,0,0
5,180,7.796,106,830397,31,42,65,67331,0,0,0,0,0,89,833,-8644,9252,0,0,0,0,0
5,180,7.851,107,830453,31,42,65,67331,0,0,0,0,0,89,833,-8644,9252,0,0,0,0,0
5,180,7.91,108,830509,31,42,65,67331,0,0,0,0,0,89,833,-8644,9252,0,0,0,0,0
5,180,7.965,109,830565,31,42,65,67331,0,0,0,0,0,89,833,-8644,9252,0,0,0,0,0
5,180,8.019,110,830621,31,42,65,67331,0,0,0,0,0,89,833,-8644,9252,0,0,0,0,0
5,180,8.076,111,830677,31,42,65,67331,0,0,0,0,0,89,833,-8644,9252,0,0,0,0,0
5,180,8.16,112,830733,31,42,65,67331,0,0,0,0,0,89,833,-8644,9252,0,0,0,0,0
5,180,8.22,113,830789,31,42,65,67331,0,0,0,0,0,89,833,-8644,9252,0,0,0,0,0
5,180,8.316,115,830901,31,42,65,67331,0,0,0,0,0,89,833,-8644,9252,0,0,0,0,0
5,180,8.358,116,830957,31,42,65,67331,0,0,0,0,0,89,833,-8644,9252,0,0,0,0,0
5,180,8.411,117,831013,31,42,65,67331,0,0,0,0,0,89,833,-8644,9252,0,0,0,0,0
5,180,8.469,118,831069,31,42,65,67331,0,0,0,0,0,89,833,-8644,9252,0,0,0,0,0
5,180,8.524,119,831125,31,42,65,67331,0,0,0,0,0,89,833,-8644,9252,0,0,0,0,0
5,180,8.581,120,831181,31,42,65,67331,0,0,0,0,0,89,833,-8644,9252,0,0,0,0,0
5,180,8.642,121,831237,31,42,65,67331,0,0,0,0,0,89,833,-8644,9252,0,0,0,0,0
5,180,8.7,122,831293,31,42,65,67331,0,0,0,0,0,89,833,-8644,9252,0,0,0,0,0
5,180,8.743,123,831345,31,42,65,67331,0,0,0,0,0,89,833,-8644,9252,0,0,0,0,0
5,180,8.799,124,831401,31,42,65,67331,0,0,0,0,0,89,833,-8644,9252,0,0,0,0,0
5,180,8.862,125,831457,31,42,65,67331,0,0,0,0,0,89,833,-8644,9252,0,0,0,0,0
5,180,9.025,0,831625,31,42,65,67331,0,0,0,0,0,89,833,-8644,9252,0,0,0,0,0
5,180,9.105,1,831681,31,42,65,67331,0,0,0,0,0,89,833,-8644,9252,0,0,0,0,0
5,180,9.19,3,831793,31,42,65,67331,0,0,0,0,0,89,833,-8644,9252,0,0,0,0,0
5,180,9.249,4,831849,31,42,65,67331,0,0,0,0,0,89,833,-8644,9252,0,0,0,0,0
5,180,9.304,5,831905,31,42,65,67331,0,0,0,0,0,89,833,-8644,9252,0,0,0,0,0
5,180,9.362,6,831961,31,42,65,67331,0,0,0,0,0,89,833,-8644,9252,0,0,0,0,0
5,180,9.415,7,832017,31,42,65,67331,0,0,0,0,0,89,833,-8644,9252,0,0,0,0,0
5,180,9.473,8,832073,31,42,65,67331,0,0,0,0,0,89,833,-8644,9252,0,0,0,0,0
5,180,9.644,11,832241,31,42,65,67331,0,0,0,0,0,89,833,-8644,9252,0,0,0,0,0
5,180,9.701,12,832297,31,42,65,67331,0,0,0,0,0,89,833,-8644,9252,0,0,0,0,0
5,180,9.764,13,832353,31,42,65,67331,0,0,0,0,0,89,833,-8644,9252,0,0,0,0,0
5,180,9.804,14,832405,31,42,65,67331,0,0,0,0,0,89,833,-8644,9252,0,0,0,0,0
5,180,9.859,15,832461,31,42,65,67331,0,0,0,0,0,89,833,-8644,9252,0,0,0,0,0
5,180,9.915,16,832517,31,42,65,67331,0,0,0,0,0,89,833,-8644,9252,0,0,0,0,0
5,180,10.026,18,832629,31,42,65,67331,0,0,0,0,0,89,833,-8644,9252,0,0,0,0,0
5,180,10.092,19,832685,31,42,65,67331,0,0,0,0,0,89,833,-8644,9252,0,0,0,0,0
5,180,10.25,22,832853,31,42,65,67331,0,0,0,0,0,89,833,-8644,9252,0,0,0,0,0
5,180,10.366,24,832965,31,42,65,67331,0,0,0,0,0,89,833,-8644,9252,0,0,0,0,0
5,180,10.418,25,833021,31,42,65,67331,0,0,0,0,0,89,833,-8644,9252,0,0,0,0,0
5,180,10.475,26,833077,31,42,65,67331,0,0,0,0,0,89,833,-8644,9252,0,0,0,0,0
5,180,10.532,27,833133,31,42,65,67331,0,0,0,0,0,89,833,-8644,9252,0,0,0,0,0
5,180,10.587,28,833189,31,42,65,67331,0,0,0,0,0,89,833,-8644,9252,0,0,0,0,0
5,180,10.642,29,833245,31,42,65,67331,0,0,0,0,0,89,833,-8644,9252,0,0,0,0,0
5,180,10.7,30,833301,31,42,65,67331,0,0,0,0,0,89,833,-8644,9252,0,0,0,0,0
5,180,10.82,32,833413,31,42,65,67331,0,0,0,0,0,89,833,-8644,9252,0,0,0,0,0
5,180,10.863,33,833465,31,42,65,67331,0,0,0,0,0,89,833,-8644,9252,0,0,0,0,0
5,180,10.919,34,833521,31,42,65,67331,0,0,0,0,0,89,833,-8644,9252,0,0,0,0,0
5,180,10.976,35,833577,31,42,65,67331,0,0,0,0,0,89,833,-8644,9252,0,0,0,0,0
5,180,11.031,36,833633,31,42,65,67331,0,0,0,0,0,89,833,-8644,9252,0,0,0,0,0
5,180,11.086,37,833689,31,42,65,67331,0,0,0,0,0,89,833,-8644,9252,0,0,0,0,0
5,180,11.142,38,833745,31,42,65,67331,0,0,0,0,0,89,833,-8644,9252,0,0,0,0,0
5,180,11.2,39,833801,31,42,65,67331,0,0,0,0,0,89,833,-8644,9252,0,0,0,0,0
5,180,11.258,40,833857,31,42,65,67331,0,0,0,0,0,89,833,-8644,9252,0,0,0,0,0
5,180,11.312,41,833913,31,42,65,67331,0,0,0,0,0,89,833,-8644,9252,0,0,0,0,0
5,180,11.424,43,834025,31,42,65,67331,0,0,0,0,0,89,833,-8644,9252,0,0,0,0,0
5,180,11.486,44,834081,31,42,65,67331,0,0,0,0,0,89,833,-8644,9252,0,0,0,0,0
5,180,11.54,45,834137,31,42,65,67331,0,0,0,0,0,89,833,-8644,9252,0,0,0,0,0
5,180,11.594,46,834193,31,42,65,67331,0,0,0,0,0,89,833,-8644,9252,0,0,0,0,0
5,180,11.649,47,834249,31,42,65,67331,0,0,0,0,0,89,833,-8644,9252,0,0,0,0,0
5,180,11.705,48,834305,31,42,65,67331,0,0,0,0,0,89,833,-8644,9252,0,0,0,0,0
5,180,11.758,49,834361,31,42,65,67331,0,0,0,0,0,89,833,-8644,9252,0,0,0,0,0
5,180,11.816,50,834417,31,42,65,67331,0,0,0,0,0,89,833,-8644,9252,0,0,0,0,0
5,180,11.88,51,834473,31,42,65,67331,0,0,0,0,0,89,833,-8644,9252,0,0,0,0,0
5,180,11.978,53,834581,31,42,65,67331,0,0,0,0,0,89,833,-8644,9252,0,0,0,0,0
5,180,12.035,54,834637,31,42,65,67331,0,0,0,0,0,89,833,-8644,9252,0,0,0,0,0
5,180,12.091,55,834693,31,42,65,67331,0,0,0,0,0,89,833,-8644,9252,0,0,0,0,0
5,180,12.146,56,834749,31,42,65,67331,0,0,0,0,0,89,833,-8644,9252,0,0,0,0,0
5,180,12.203,57,834805,31,42,65,67331,0,0,0,0,0,89,833,-8644,9252,0,0,0,0,0
5,180,12.259,58,834861,31,42,65,67331,0,0,0,0,0,89,833,-8644,9252,0,0,0,0,0
5,180,12.314,59,834917,31,42,65,67331,0,0,0,0,0,89,833,-8644,9252,0,0,0,0,0
5,180,12.371,60,834973,31,42,65,67331,0,0,0,0,0,89,833,-8644,9252,0,0,0,0,0
5,180,12.426,61,835029,31,42,65,67331,0,0,0,0,0,89,833,-8644,9252,0,0,0,0,0
5,180,12.482,62,835085,31,42,65,67331,0,0,0,0,0,89,833,-8644,9252,0,0,0,0,0
5,180,12.538,63,835141,31,42,65,67331,0,0,0,0,0,89,833,-8644,9252,0,0,0,0,0
5,180,12.594,64,835197,31,42,65,67331,0,0,0,0,0,89,833,-8644,9252,0,0,0,0,0
5,180,12.65,65,835253,31,42,65,67331,0,0,0,0,0,89,833,-8644,9252,0,0,0,0,0
5,180,12.706,66,835309,31,42,65,67331,0,0,0,0,0,89,833,-8644,9252,0,0,0,0,0
5,180,12.762,67,835365,31,42,65,67331,0,0,0,0,0,89,833,-8644,9252,0,0,0,0,0
5,180,12.819,68,835421,31,42,65,67331,0,0,0,0,0,89,833,-8644,9252,0,0,0,0,0
5,180,12.874,69,835477,31,42,65,67331,0,0,0,0,0,89,833,-8644,9252,0,0,0,0,0
5,180,12.939,70,835533,31,42,65,67331,0,0,0,0,0,89,833,-8644,9252,0,0,0,0,0
5,180,12.982,71,835585,31,42,65,67331,0,0,0,0,0,89,833,-8644,9252,0,0,0,0,0
5,180,13.095,73,835697,31,42,65,67331,0,0,0,0,0,89,833,-8644,9252,0,0,0,0,0
5,180,13.151,74,835753,31,42,65,67331,0,0,0,0,0,89,833,-8644,9252,0,0,0,0,0
5,180,13.319,77,835921,31,42,65,67331,0,0,0,0,0,89,833,-8644,9252,0,0,0,0,0
5,180,13.375,78,835977,31,42,65,67331,0,0,0,0,0,89,833,-8644,9252,0,0,0,0,0
5,180,13.431,79,836033,31,42,65,67331,0,0,0,0,0,89,833,-8644,9252,0,0,0,0,0
5,180,13.487,80,836089,31,42,65,67331,0,0,0,0,0,89,833,-8644,9252,0,0,0,0,0
5,180,13.543,81,836145,31,42,65,67331,0,0,0,0,0,89,833,-8644,9252,0,0,0,0,0
5,180,13.599,82,836201,31,42,65,67331,0,0,0,0,0,89,833,-8644,9252,0,0,0,0,0
5,180,13.654,83,836257,31,42,65,67331,0,0,0,0,0,89,833,-8644,9252,0,0,0,0,0
5,180,13.71,84,836313,31,42,65,67331,0,0,0,0,0,89,833,-8644,9252,0,0,0,0,0
5,180,13.766,85,836369,31,42,65,67331,0,0,0,0,0,89,833,-8644,9252,0,0,0,0,0
5,180,13.934,88,836537,31,42,65,67331,0,0,0,0,0,89,833,-8644,9252,0,0,0,0,0
5,180,14.0,89,836593,31,42,65,67331,0,0,0,0,0,89,833,-8644,9252,0,0,0,0,0
5,180,14.044,90,836645,31,42,65,67331,0,0,0,0,0,89,833,-8644,9252,0,0,0,0,0
5,180,14.098,91,836701,31,42,65,67331,0,0,0,0,0,89,833,-8644,9252,0,0,0,0,0
5,180,14.154,92,836757,31,42,65,67331,0,0,0,0,0,89,833,-8644,9252,0,0,0,0,0
5,180,14.211,93,836813,31,42,65,67331,0,0,0,0,0,89,833,-8644,9252,0,0,0,0,0
5,180,14.266,94,836869,31,42,65,67331,0,0,0,0,0,89,833,-8644,9252,0,0,0,0,0
5,180,14.322,95,836925,31,42,65,67331,0,0,0,0,0,89,833,-8644,9252,0,0,0,0,0
5,180,14.378,96,836981,31,42,65,67331,0,0,0,0,0,89,833,-8644,9252,0,0,0,0,0
5,180,14.436,97,837037,31,42,65,67331,0,0,0,0,0,89,833,-8644,9252,0,0,0,0,0
5,180,14.547,99,837149,31,42,65,67331,0,0,0,0,0,89,833,-8644,9252,0,0,0,0,0
5,180,14.602,100,837205,31,42,65,67331,0,0,0,0,0,89,833,-8644,9252,0,0,0,0,0
5,180,14.66,101,837261,31,42,65,67331,0,0,0,0,0,89,833,-8644,9252,0,0,0,0,0
5,180,14.716,102,837317,31,42,65,67331,0,0,0,0,0,89,833,-8644,9252,0,0,0,0,0
5,180,14.773,103,837373,31,42,65,67331,0,0,0,0,0,89,833,-8644,9252,0,0,0,0,0
5,180,14.828,104,837429,31,42,65,67331,0,0,0,0,0,89,833,-8644,9252,0,0,0,0,0
5,180,14.938,106,837541,31,42,65,67331,0,0,0,0,0,89,833,-8644,9252,0,0,0,0,0
5,180,14.995,107,837597,31,42,65,67331,0,0,0,0,0,89,833,-8644,9252,0,0,0,0,0
5,180,15.059,108,837653,31,42,65,67331,0,0,0,0,0,89,833,-8644,9252,0,0,0,0,0
5,180,15.102,109,837705,31,42,65,67331,0,0,0,0,0,89,833,-8644,9252,0,0,0,0,0
5,180,15.215,111,837817,31,42,65,67331,0,0,0,0,0,89,833,-8644,9252,0,0,0,0,0
5,180,15.27,112,837873,31,42,65,67331,0,0,0,0,0,89,833,-8644,9252,0,0,0,0,0
5,180,15.383,114,837985,31,42,65,67331,0,0,0,0,0,89,833,-8644,9252,0,0,0,0,0
5,180,15.44,115,838041,31,42,65,67331,0,0,0,0,0,89,833,-8644,9252,0,0,0,0,0
5,180,15.499,116,838097,31,42,65,67331,0,0,0,0,0,89,833,-8644,9252,0,0,0,0,0
5,180,15.551,117,838153,31,42,65,67331,0,0,0,0,0,89,833,-8644,9252,0,0,0,0,0
5,180,15.616,118,838209,31,42,65,67331,0,0,0,0,0,89,833,-8644,9252,0,0,0,0,0
5,180,15.664,119,838265,31,42,65,67331,0,0,0,0,0,89,833,-8644,9252,0,0,0,0,0
5,180,15.777,121,838377,31,42,65,67331,0,0,0,0,0,89,833,-8644,9252,0,0,0,0,0
5,180,15.834,122,838433,31,42,65,67331,0,0,0,0,0,89,833,-8644,9252,0,0,0,0,0
5,180,15.887,123,838489,31,42,65,67331,0,0,0,0,0,89,833,-8644,9252,0,0,0,0,0
5,180,15.942,124,838545,31,42,65,67331,0,0,0,0,0,89,833,-8644,9252,0,0,0,0,0
5,180,16.002,125,838601,31,42,65,67331,0,0,0,0,0,89,833,-8644,9252,0,0,0,0,0
5,180,16.054,126,838657,31,42,65,67331,0,0,0,0,0,89,833,-8644,9252,0,0,0,0,0
5,180,16.12,127,838713,31,42,65,67331,0,0,0,0,0,89,833,-8644,9252,0,0,0,0,0
5,180,16.164,0,838765,31,42,65,67331,0,0,0,0,0,89,833,-8644,9252,0,0,0,0,0
5,180,16.219,1,838821,31,42,65,67331,0,0,0,0,0,89,833,-8644,9252,0,0,0,0,0
5,180,16.281,2,838877,31,42,65,67331,0,0,0,0,0,89,833,-8644,9252,0,0,0,0,0
5,180,16.331,3,838933,31,42,65,67331,0,0,0,0,0,89,833,-8644,9252,0,0,0,0,0
5,180,16.444,5,839045,31,42,65,67331,0,0,0,0,0,89,833,-8644,9252,0,0,0,0,0
5,180,16.499,6,839101,31,42,65,67331,0,0,0,0,0,89,833,-8644,9252,0,0,0,0,0
5,180,16.555,7,839157,31,42,65,67331,0,0,0,0,0,89,833,-8644,9252,0,0,0,0,0
5,180,16.61,8,839213,31,42,65,67331,0,0,0,0,0,89,833,-8644,9252,0,0,0,0,0
5,180,16.667,9,839269,31,42,65,67331,0,0,0,0,0,89,833,-8644,9252,0,0,0,0,0
5,180,16.723,10,839325,31,42,65,67331,0,0,0,0,0,89,833,-8644,9252,0,0,0,0,0
5,180,16.78,11,839381,31,42,65,67331,0,0,0,0,0,89,833,-8644,9252,0,0,0,0,0
5,180,16.837,12,839437,31,42,65,67331,0,0,0,0,0,89,833,-8644,9252,0,0,0,0,0
5,180,16.89,13,839493,31,42,65,67331,0,0,0,0,0,89,833,-8644,9252,0,0,0,0,0
5,180,16.949,14,839549,31,42,65,67331,0,0,0,0,0,89,833,-8644,9252,0,0,0,0,0
5,180,17.003,15,839605,31,42,65,67331,0,0,0,0,0,89,833,-8644,9252,0,0,0,0,0
5,180,17.058,16,839661,31,42,65,67331,0,0,0,0,0,89,833,-8644,9252,0,0,0,0,0
5,180,17.117,17,839717,31,42,65,67331,0,0,0,0,0,89,833,-8644,9252,0,0,0,0,0
5,180,17.18,18,839773,31,42,65,67331,0,0,0,0,0,89,833,-8644,9252,0,0,0,0,0
5,180,17.224,19,839825,31,42,65,67331,0,0,0,0,0,89,833,-8644,9252,0,0,0,0,0
5,180,17.279,20,839881,31,42,65,67331,0,0,0,0,0,89,833,-8644,9252,0,0,0,0,0
5,180,17.334,21,839937,31,42,65,67331,0,0,0,0,0,89,833,-8644,9252,0,0,0,0,0
5,180,17.39,22,839993,31,42,65,67331,0,0,0,0,0,89,833,-8644,9252,0,0,0,0,0
5,180,17.447,23,840049,31,42,65,67331,0,0,0,0,0,89,833,-8644,9252,0,0,0,0,0
5,180,17.502,24,840105,31,42,65,67331,0,0,0,0,0,89,833,-8644,9252,0,0,0,0,0
5,180,17.558,25,840161,31,42,65,67331,0,0,0,0,0,89,833,-8644,9252,0,0,0,0,0
5,180,17.67,27,840273,31,42,65,67331,0,0,0,0,0,89,833,-8644,9252,0,0,0,0,0
5,180,17.726,28,840329,31,42,65,67331,0,0,0,0,0,89,833,-8644,9252,0,0,0,0,0
5,180,17.783,29,840385,31,42,65,67331,0,0,0,0,0,89,833,-8644,9252,0,0,0,0,0
5,180,17.838,30,840441,31,42,65,67331,0,0,0,0,0,89,833,-8644,9252,0,0,0,0,0
5,180,17.894,31,840497,31,42,65,67331,0,0,0,0,0,89,833,-8644,9252,0,0,0,0,0
5,180,17.95,32,840553,31,42,65,67331,0,0,0,0,0,89,833,-8644,9252,0,0,0,0,0
5,180,18.006,33,840609,31,42,65,67331,0,0,0,0,0,89,833,-8644,9252,0,0,0,0,0
5,180,18.063,34,840665,31,42,65,67331,0,0,0,0,0,89,833,-8644,9252,0,0,0,0,0
5,180,18.121,35,840721,31,42,65,67331,0,0,0,0,0,89,833,-8644,9252,0,0,0,0,0
5,180,18.175,36,840777,31,42,65,67331,0,0,0,0,0,89,833,-8644,9252,0,0,0,0,0
5,180,18.233,37,840833,31,42,65,67331,0,0,0,0,0,89,833,-8644,9252,0,0,0,0,0
5,180,18.286,38,840885,31,42,65,67331,0,0,0,0,0,89,833,-8644,9252,0,0,0,0,0
5,180,18.339,39,840941,31,42,65,67331,0,0,0,0,0,89,833,-8644,9252,0,0,0,0,0
5,180,18.397,40,840997,31,42,65,67331,0,0,0,0,0,89,833,-8644,9252,0,0,0,0,0
5,180,18.452,41,841053,31,42,65,67331,0,0,0,0,0,89,833,-8644,9252,0,0,0,0,0
5,180,18.508,42,841109,31,42,65,67331,0,0,0,0,0,89,833,-8644,9252,0,0,0,0,0
5,180,18.562,43,841165,31,42,65,67331,0,0,0,0,0,89,833,-8644,9252,0,0,0,0,0
5,180,18.622,44,841221,31,42,65,67331,0,0,0,0,0,89,833,-8644,9252,0,0,0,0,0
5,180,18.683,45,841277,31,42,65,67331,0,0,0,0,0,89,833,-8644,9252,0,0,0,0,0
5,180,18.732,46,841333,31,42,65,67331,0,0,0,0,0,89,833,-8644,9252,0,0,0,0,0
5,180,18.786,47,841389,31,42,65,67331,0,0,0,0,0,89,833,-8644,9252,0,0,0,0,0
5,180,18.901,49,841501,31,42,65,67331,0,0,0,0,0,89,833,-8644,9252,0,0,0,0,0
5,180,18.956,50,841557,31,42,65,67331,0,0,0,0,0,89,833,-8644,9252,0,0,0,0,0
5,180,19.011,51,841613,31,42,65,67331,0,0,0,0,0,89,833,-8644,9252,0,0,0,0,0
5,180,19.069,52,841669,31,42,65,67331,0,0,0,0,0,89,833,-8644,9252,0,0,0,0,0
5,180,19.124,53,841725,31,42,65,67331,0,0,0,0,0,89,833,-8644,9252,0,0,0,0,0
5,180,19.179,54,841781,31,42,65,67331,0,0,0,0,0,89,833,-8644,9252,0,0,0,0,0
5,180,19.239,55,841837,31,42,65,67331,0,0,0,0,0,89,833,-8644,9252,0,0,0,0,0
5,180,19.3,56,841893,31,42,65,67331,0,0,0,0,0,89,833,-8644,9252,0,0,0,0,0
5,180,19.343,57,841945,31,42,65,67331,0,0,0,0,0,89,833,-8644,9252,0,0,0,0,0
5,180,19.398,58,842001,31,42,65,67331,0,0,0,0,0,89,833,-8644,9252,0,0,0,0,0
5,180,19.456,59,842057,31,42,65,67331,0,0,0,0,0,89,833,-8644,9252,0,0,0,0,0
5,180,19.511,60,842113,31,42,65,67331,0,0,0,0,0,89,833,-8644,9252,0,0,0,0,0
5,180,19.582,61,842169,31,42,65,67331,0,0,0,0,0,89,833,-8644,9252,0,0,0,0,0
5,180,19.623,62,842225,31,42,65,67331,0,0,0,0,0,89,833,-8644,9252,0,0,0,0,0
5,180,19.682,63,842281,31,42,65,67331,0,0,0,0,0,89,833,-8644,9252,0,0,0,0,0
5,180,19.736,64,842337,31,42,65,67331,0,0,0,0,0,89,833,-8644,9252,0,0,0,0,0
5,180,19.793,65,842393,31,42,65,67331,0,0,0,0,0,89,833,-8644,9252,0,0,0,0,0
5,180,19.847,66,842449,31,42,65,67331,0,0,0,0,0,89,833,-8644,9252,0,0,0,0,0
5,180,19.904,67,842505,31,42,65,67331,0,0,0,0,0,89,833,-8644,9252,0,0,0,0,0
5,180,19.959,68,842561,31,42,65,67331,0,0,0,0,0,89,833,-8644,9252,0,0,0,0,0
5,180,20.015,69,842617,31,42,65,67331,0,0,0,0,0,89,833,-8644,9252,0,0,0,0,0
5,180,20.126,71,842729,31,42,65,67331,0,0,0,0,0,89,833,-8644,9252,0,0,0,0,0
5,180,20.182,72,842785,31,42,65,67331,0,0,0,0,0,89,833,-8644,9252,0,0,0,0,0
6,-180,-0.045,77,857345,31,42,65,67331,0,0,0,0,0,89,833,-8644,9252,0,0,0,0,0
6,-180,0.007,78,857401,31,42,65,67331,0,0,0,0,0,89,833,-8644,9252,0,0,0,0,0
6,-180,0.061,79,857453,31,42,65,67331,0,0,0,0,0,89,834,-8644,9252,800,-800,0,0,0
6,-180,0.12,80,857503,31,42,65,67290,0,0,0,0,-30,91,836,-8644,9241,1000,-1100,0,0,0
6,-180,0.18,81,857573,31,41,66,67196,0,0,0,0,-31,94,839,-8644,9216,1400,-1300,0,0,0
6,-180,0.253,82,857645,31,40,68,66989,0,0,0,0,-72,97,842,-8644,9161,1600,-1600,0,0,0
6,-180,0.325,83,857717,71,38,70,66695,0,0,0,0,-92,100,845,-8644,9083,2100,-2100,0,0,0
6,-180,0.402,84,857789,31,36,73,66195,0,0,0,36,-128,101,848,-8622,8972,2400,-2500,0,0,0
6,-180,0.492,85,857863,31,34,76,65450,0,0,0,72,-154,101,851,-8566,8830,2800,-2900,0,0,0
6,-180,0.617,87,858005,31,33,81,63245,0,0,0,128,-200,101,857,-8344,8466,2800,-2800,0,0,0
6,-180,0.687,88,858077,31,33,84,62022,0,0,0,158,-210,101,860,-8213,8272,2800,-2800,0,0,0
6,-180,0.758,89,858149,31,34,86,60833,0,0,0,154,-220,101,863,-8086,8083,2700,-2700,0,0,0
6,-180,0.832,90,858221,31,35,88,59651,0,0,0,148,-180,101,866,-7955,7900,2700,-2500,0,0,0
6,-180,0.974,92,858365,31,37,90,57435,0,0,0,144,-164,101,872,-7694,7572,2700,-2300,0,0,0
6,-180,1.047,93,858437,31,37,90,56370,0,0,0,144,-164,101,875,-7561,7422,2700,-2300,0,0,0
6,-180,1.105,94,858487,31,37,90,55678,0,0,0,135,-164,101,877,-7472,7327,2700,-2300,0,0,0
6,-180,1.167,95,858557,31,38,90,54632,0,0,0,128,-164,101,880,-7344,7177,2600,-2300,0,0,0
6,-180,1.237,96,858629,31,39,90,53601,0,0,0,144,-154,101,883,-7211,7036,2600,-2300,0,0,0
6,-180,1.386,98,858773,31,40,90,51520,0,0,0,144,-144,101,889,-6950,6744,2600,-2400,0,0,0
6,-180,1.465,99,858847,31,41,90,50474,0,0,0,144,-164,101,892,-6822,6594,2600,-2400,0,0,0
6,-180,1.526,100,858917,31,42,89,49420,0,0,0,107,-163,101,895,-6700,6436,1500,-1000,0,0,0
6,-180,1.643,101,859030,31,42,88,48698,0,0,0,0,0,101,902,-6611,6333,0,0,0,0,0
6,-180,1.689,102,859081,31,42,88,48698,0,0,0,0,0,101,904,-6611,6333,0,0,0,0,0
6,-180,1.76,103,859153,31,42,88,48698,0,0,0,0,0,101,907,-6611,6333,0,0,0,0,0
6,-180,1.827,104,859203,31,42,88,48698,0,0,0,0,0,101,909,-6611,6333,0,0,0,0,0
6,-180,1.86,105,859253,31,42,88,48698,0,0,0,0,0,101,909,-6611,6333,0,0,0,0,0
6,-180,1.916,106,859309,31,42,88,48698,0,0,0,0,0,101,909,-6611,6333,0,0,0,0,0
6,-180,2.027,108,859421,31,42,88,48698,0,0,0,0,0,101,909,-6611,6333,0,0,0,0,0
6,-180,2.084,109,859477,31,42,88,48698,0,0,0,0,0,101,909,-6611,6333,0,0,0,0,0
6,-180,2.14,110,859533,31,42,88,48698,0,0,0,0,0,101,909,-6611,6333,0,0,0,0,0
6,-180,2.195,111,859589,31,42,88,48698,0,0,0,0,0,101,909,-6611,6333,0,0,0,0,0
6,-180,2.254,112,859645,31,42,88,48698,0,0,0,0,0,101,909,-6611,6333,0,0,0,0,0
6,-180,2.308,113,859701,31,42,88,48698,0,0,0,0,0,101,909,-6611,6333,0,0,0,0,0
6,-180,2.365,114,859757,31,42,88,48698,0,0,0,0,0,101,909,-6611,6333,0,0,0,0,0
6,-180,2.422,115,859813,31,42,88,48698,0,0,0,0,0,101,909,-6611,6333,0,0,0,0,0
6,-180,2.476,116,859869,31,42,88,48698,0,0,0,0,0,101,909,-6611,6333,0,0,0,0,0
6,-180,2.531,117,859925,31,42,88,48698,0,0,0,0,0,101,909,-6611,6333,0,0,0,0,0
6,-180,2.645,119,860037,31,42,88,48698,0,0,0,0,0,101,909,-6611,6333,0,0,0,0,0
6,-180,2.706,120,860093,31,42,88,48698,0,0,0,0,0,101,909,-6611,6333,0,0,0,0,0
6,-180,2.761,121,860149,31,42,88,48698,0,0,0,0,0,101,909,-6611,6333,0,0,0,0,0
6,-180,2.816,122,860205,31,42,88,48698,0,0,0,0,0,101,909,-6611,6333,0,0,0,0,0
6,-180,2.876,123,860261,31,42,88,48698,0,0,0,0,0,101,909,-6611,6333,0,0,0,0,0
6,-180,2.919,124,860313,31,42,88,48698,0,0,0,0,0,101,909,-6611,6333,0,0,0,0,0
6,-180,2.978,125,860369,31,42,88,48698,0,0,0,0,0,101,909,-6611,6333,0,0,0,0,0
6,-180,3.04,126,860425,31,42,88,48698,0,0,0,0,0,101,909,-6611,6333,0,0,0,0,0
6,-180,3.09,127,860481,31,42,88,48698,0,0,0,0,0,101,909,-6611,6333,0,0,0,0,0
6,-180,3.145,0,860537,31,42,88,48698,0,0,0,0,0,101,909,-6611,6333,0,0,0,0,0
6,-180,3.201,1,860593,31,42,88,48698,0,0,0,0,0,101,909,-6611,6333,0,0,0,0,0
6,-180,3.258,2,860649,31,42,88,48698,0,0,0,0,0,101,909,-6611,6333,0,0,0,0,0
6,-180,3.311,3,860705,31,42,88,48698,0,0,0,0,0,101,909,-6611,6333,0,0,0,0,0
6,-180,3.368,4,860761,31,42,88,48698,0,0,0,0,0,101,909,-6611,6333,0,0,0,0,0
6,-180,3.423,5,860817,31,42,88,48698,0,0,0,0,0,101,909,-6611,6333,0,0,0,0,0
6,-180,3.481,6,860873,31,42,88,48698,0,0,0,0,0,101,909,-6611,6333,0,0,0,0,0
6,-180,3.536,7,860929,31,42,88,48698,0,0,0,0,0,101,909,-6611,6333,0,0,0,0,0
6,-180,3.648,9,861041,31,42,88,48698,0,0,0,0,0,101,909,-6611,6333,0,0,0,0,0
6,-180,3.704,10,861097,31,42,88,48698,0,0,0,0,0,101,909,-6611,6333,0,0,0,0,0
6,-180,3.761,11,861153,31,42,88,48698,0,0,0,0,0,101,909,-6611,6333,0,0,0,0,0
6,-180,3.873,13,861265,31,42,88,48698,0,0,0,0,0,101,909,-6611,6333,0,0,0,0,0
6,-180,3.936,14,861321,31,42,88,48698,0,0,0,0,0,101,909,-6611,6333,0,0,0,0,0
6,-180,3.981,15,861373,31,42,88,48698,0,0,0,0,0,101,909,-6611,6333,0,0,0,0,0
6,-180,4.037,16,861429,31,42,88,48698,0,0,0,0,0,101,909,-6611,6333,0,0,0,0,0
6,-180,4.092,17,861485,31,42,88,48698,0,0,0,0,0,101,909,-6611,6333,0,0,0,0,0
6,-180,4.148,18,861541,31,42,88,48698,0,0,0,0,0,101,909,-6611,6333,0,0,0,0,0
6,-180,4.203,19,861597,31,42,88,48698,0,0,0,0,0,101,909,-6611,6333,0,0,0,0,0
6,-180,4.259,20,861653,31,42,88,48698,0,0,0,0,0,101,909,-6611,6333,0,0,0,0,0
6,-180,4.316,21,861709,31,42,88,48698,0,0,0,0,0,101,909,-6611,6333,0,0,0,0,0
6,-180,4.372,22,861765,31,42,88,48698,0,0,0,0,0,101,909,-6611,6333,0,0,0,0,0
6,-180,4.428,23,861821,31,42,88,48698,0,0,0,0,0,101,909,-6611,6333,0,0,0,0,0
6,-180,4.541,25,861933,31,42,88,48698,0,0,0,0,0,101,909,-6611,6333,0,0,0,0,0
6,-180,4.598,26,861989,31,42,88,48698,0,0,0,0,0,101,909,-6611,6333,0,0,0,0,0
6,-180,4.652,27,862045,31,42,88,48698,0,0,0,0,0,101,909,-6611,6333,0,0,0,0,0
6,-180,4.707,28,862101,31,42,88,48698,0,0,0,0,0,101,909,-6611,6333,0,0,0,0,0
6,-180,4.765,29,862157,31,42,88,48698,0,0,0,0,0,101,909,-6611,6333,0,0,0,0,0
6,-180,4.821,30,862213,31,42,88,48698,0,0,0,0,0,101,909,-6611,6333,0,0,0,0,0
6,-180,4.876,31,862269,31,42,88,48698,0,0,0,0,0,101,909,-6611,6333,0,0,0,0,0
6,-180,4.989,33,862381,31,42,88,48698,0,0,0,0,0,101,909,-6611,6333,0,0,0,0,0
6,-180,5.041,34,862433,31,42,88,48698,0,0,0,0,0,101,909,-6611,6333,0,0,0,0,0
6,-180,5.152,36,862545,31,42,88,48698,0,0,0,0,0,101,909,-6611,6333,0,0,0,0,0
6,-180,5.209,37,862601,31,42,88,48698,0,0,0,0,0,101,909,-6611,6333,0,0,0,0,0
6,-180,5.265,38,862657,31,42,88,48698,0,0,0,0,0,101,909,-6611,6333,0,0,0,0,0
6,-180,5.32,39,862713,31,42,88,48698,0,0,0,0,0,101,909,-6611,6333,0,0,0,0,0
6,-180,5.377,40,862769,31,42,88,48698,0,0,0,0,0,101,909,-6611,6333,0,0,0,0,0
6,-180,5.434,41,862825,31,42,88,48698,0,0,0,0,0,101,909,-6611,6333,0,0,0,0,0
6,-180,5.489,42,862881,31,42,88,48698,0,0,0,0,0,101,909,-6611,6333,0,0,0,0,0
6,-180,5.544,43,862937,31,42,88,48698,0,0,0,0,0,101,909,-6611,6333,0,0,0,0,0
6,-180,5.601,44,862993,31,42,88,48698,0,0,0,0,0,101,909,-6611,6333,0,0,0,0,0
6,-180,5.655,45,863049,31,42,88,48698,0,0,0,0,0,101,909,-6611,6333,0,0,0,0,0
6,-180,5.77,47,863161,31,42,88,48698,0,0,0,0,0,101,909,-6611,6333,0,0,0,0,0
6,-180,5.881,49,863273,31,42,88,48698,0,0,0,0,0,101,909,-6611,6333,0,0,0,0,0
6,-180,5.937,50,863329,31,42,88,48698,0,0,0,0,0,101,909,-6611,6333,0,0,0,0,0
6,-180,5.993,51,863385,31,42,88,48698,0,0,0,0,0,101,909,-6611,6333,0,0,0,0,0
6,-180,6.057,52,863441,31,42,88,48698,0,0,0,0,0,101,909,-6611,6333,0,0,0,0,0
6,-180,6.102,53,863493,31,42,88,48698,0,0,0,0,0,101,909,-6611,6333,0,0,0,0,0
6,-180,6.156,54,863549,31,42,88,48698,0,0,0,0,0,101,909,-6611,6333,0,0,0,0,0
6,-180,6.213,55,863605,31,42,88,48698,0,0,0,0,0,101,909,-6611,6333,0,0,0,0,0
6,-180,6.267,56,863661,31,42,88,48698,0,0,0,0,0,101,909,-6611,6333,0,0,0,0,0
6,-180,6.38,58,863773,31,42,88,48698,0,0,0,0,0,101,909,-6611,6333,0,0,0,0,0
6,-180,6.436,59,863829,31,42,88,48698,0,0,0,0,0,101,909,-6611,6333,0,0,0,0,0
6,-180,6.493,60,863885,31,42,88,48698,0,0,0,0,0,101,909,-6611,6333,0,0,0,0,0
6,-180,6.549,61,863941,31,42,88,48698,0,0,0,0,0,101,909,-6611,6333,0,0,0,0,0
6,-180,6.604,62,863997,31,42,88,48698,0,0,0,0,0,101,909,-6611,6333,0,0,0,0,0
6,-180,6.66,63,864053,31,42,88,48698,0,0,0,0,0,101,909,-6611,6333,0,0,0,0,0
6,-180,6.716,64,864109,31,42,88,48698,0,0,0,0,0,101,909,-6611,6333,0,0,0,0,0
6,-180,6.772,65,864165,31,42,88,48698,0,0,0,0,0,101,909,-6611,6333,0,0,0,0,0
6,-180,6.828,66,864221,31,42,88,48698,0,0,0,0,0,101,909,-6611,6333,0,0,0,0,0
6,-180,6.884,67,864277,31,42,88,48698,0,0,0,0,0,101,909,-6611,6333,0,0,0,0,0
6,-180,6.996,69,864389,31,42,88,48698,0,0,0,0,0,101,909,-6611,6333,0,0,0,0,0
6,-180,7.052,70,864445,31,42,88,48698,0,0,0,0,0,101,909,-6611,6333,0,0,0,0,0
6,-180,7.117,71,864501,31,42,88,48698,0,0,0,0,0,101,909,-6611,6333,0,0,0,0,0
6,-180,7.16,72,864553,31,42,88,48698,0,0,0,0,0,101,909,-6611,6333,0,0,0,0,0
6,-180,7.216,73,864609,31,42,88,48698,0,0,0,0,0,101,909,-6611,6333,0,0,0,0,0
6,-180,7.271,74,864665,31,42,88,48698,0,0,0,0,0,101,909,-6611,6333,0,0,0,0,0
6,-180,7.329,75,864721,31,42,88,48698,0,0,0,0,0,101,909,-6611,6333,0,0,0,0,0
6,-180,7.385,76,864777,31,42,88,48698,0,0,0,0,0,101,909,-6611,6333,0,0,0,0,0
6,-180,7.441,77,864833,31,42,88,48698,0,0,0,0,0,101,909,-6611,6333,0,0,0,0,0
6,-180,7.496,78,864889,31,42,88,48698,0,0,0,0,0,101,909,-6611,6333,0,0,0,0,0
6,-180,7.552,79,864945,31,42,88,48698,0,0,0,0,0,101,909,-6611,6333,0,0,0,0,0
6,-180,7.608,80,865001,31,42,88,48698,0,0,0,0,0,101,909,-6611,6333,0,0,0,0,0
6,-180,7.664,81,865057,31,42,88,48698,0,0,0,0,0,101,909,-6611,6333,0,0,0,0,0
6,-180,7.721,82,865113,31,42,88,48698,0,0,0,0,0,101,909,-6611,6333,0,0,0,0,0
6,-180,7.776,83,865169,31,42,88,48698,0,0,0,0,0,101,909,-6611,6333,0,0,0,0,0
6,-180,7.831,84,865225,31,42,88,48698,0,0,0,0,0,101,909,-6611,6333,0,0,0,0,0
6,-180,7.887,85,865281,31,42,88,48698,0,0,0,0,0,101,909,-6611,6333,0,0,0,0,0
6,-180,7.943,86,865337,31,42,88,48698,0,0,0,0,0,101,909,-6611,6333,0,0,0,0,0
6,-180,8.003,87,865393,31,42,88,48698,0,0,0,0,0,101,909,-6611,6333,0,0,0,0,0
6,-180,8.056,88,865449,31,42,88,48698,0,0,0,0,0,101,909,-6611,6333,0,0,0,0,0
6,-180,8.115,89,865505,31,42,88,48698,0,0,0,0,0,101,909,-6611,6333,0,0,0,0,0
6,-180,8.276,92,865669,31,42,88,48698,0,0,0,0,0,101,909,-6611,6333,0,0,0,0,0
6,-180,8.331,93,865725,31,42,88,48698,0,0,0,0,0,101,909,-6611,6333,0,0,0,0,0
6,-180,8.388,94,865781,31,42,88,48698,0,0,0,0,0,101,909,-6611,6333,0,0,0,0,0
6,-180,8.445,95,865837,31,42,88,48698,0,0,0,0,0,101,909,-6611,6333,0,0,0,0,0
6,-180,8.5,96,865893,31,42,88,48698,0,0,0,0,0,101,909,-6611,6333,0,0,0,0,0
6,-180,8.556,97,865949,31,42,88,48698,0,0,0,0,0,101,909,-6611,6333,0,0,0,0,0
6,-180,8.612,98,866005,31,42,88,48698,0,0,0,0,0,101,909,-6611,6333,0,0,0,0,0
6,-180,8.668,99,866061,31,42,88,48698,0,0,0,0,0,101,909,-6611,6333,0,0,0,0,0
6,-180,8.724,100,866117,31,42,88,48698,0,0,0,0,0,101,909,-6611,6333,0,0,0,0,0
6,-180,8.78,101,866173,31,42,88,48698,0,0,0,0,0,101,909,-6611,6333,0,0,0,0,0
6,-180,8.892,103,866285,31,42,88,48698,0,0,0,0,0,101,909,-6611,6333,0,0,0,0,0
6,-180,8.948,104,866341,31,42,88,48698,0,0,0,0,0,101,909,-6611,6333,0,0,0,0,0
6,-180,9.005,105,866397,31,42,88,48698,0,0,0,0,0,101,909,-6611,6333,0,0,0,0,0
6,-180,9.061,106,866453,31,42,88,48698,0,0,0,0,0,101,909,-6611,6333,0,0,0,0,0
6,-180,9.116,107,866509,31,42,88,48698,0,0,0,0,0,101,909,-6611,6333,0,0,0,0,0
6,-180,9.172,108,866565,31,42,88,48698,0,0,0,0,0,101,909,-6611,6333,0,0,0,0,0
6,-180,9.236,109,866621,31,42,88,48698,0,0,0,0,0,101,909,-6611,6333,0,0,0,0,0
6,-180,9.281,110,866673,31,42,88,48698,0,0,0,0,0,101,909,-6611,6333,0,0,0,0,0
6,-180,9.336,111,866729,31,42,88,48698,0,0,0,0,0,101,909,-6611,6333,0,0,0,0,0
6,-180,9.392,112,866785,31,42,88,48698,0,0,0,0,0,101,909,-6611,6333,0,0,0,0,0
6,-180,9.504,114,866897,31,42,88,48698,0,0,0,0,0,101,909,-6611,6333,0,0,0,0,0
6,-180,9.562,115,866953,31,42,88,48698,0,0,0,0,0,101,909,-6611,6333,0,0,0,0,0
6,-180,9.618,116,867009,31,42,88,48698,0,0,0,0,0,101,909,-6611,6333,0,0,0,0,0
6,-180,9.672,117,867065,31,42,88,48698,0,0,0,0,0,101,909,-6611,6333,0,0,0,0,0
6,-180,9.728,118,867121,31,42,88,48698,0,0,0,0,0,101,909,-6611,6333,0,0,0,0,0
6,-180,9.785,119,867177,31,42,88,48698,0,0,0,0,0,101,909,-6611,6333,0,0,0,0,0
6,-180,9.84,120,867233,31,42,88,48698,0,0,0,0,0,101,909,-6611,6333,0,0,0,0,0
6,-180,9.897,121,867289,31,42,88,48698,0,0,0,0,0,101,909,-6611,6333,0,0,0,0,0
6,-180,9.952,122,867345,31,42,88,48698,0,0,0,0,0,101,909,-6611,6333,0,0,0,0,0
6,-180,10.008,123,867401,31,42,88,48698,0,0,0,0,0,101,909,-6611,6333,0,0,0,0,0
6,-180,10.122,125,867513,31,42,88,48698,0,0,0,0,0,101,909,-6611,6333,0,0,0,0,0
6,-180,10.178,126,867569,31,42,88,48698,0,0,0,0,0,101,909,-6611,6333,0,0,0,0,0
6,-180,10.235,127,867625,31,42,88,48698,0,0,0,0,0,101,909,-6611,6333,0,0,0,0,0
6,-180,10.3,0,867681,31,42,88,48698,0,0,0,0,0,101,909,-6611,6333,0,0,0,0,0
6,-180,10.342,1,867733,31,42,88,48698,0,0,0,0,0,101,909,-6611,6333,0,0,0,0,0
6,-180,10.406,2,867789,31,42,88,48698,0,0,0,0,0,101,909,-6611,6333,0,0,0,0,0
6,-180,10.453,3,867845,31,42,88,48698,0,0,0,0,0,101,909,-6611,6333,0,0,0,0,0
6,-180,10.51,4,867901,31,42,88,48698,0,0,0,0,0,101,909,-6611,6333,0,0,0,0,0
6,-180,10.564,5,867957,31,42,88,48698,0,0,0,0,0,101,909,-6611,6333,0,0,0,0,0
6,-180,10.621,6,868013,31,42,88,48698,0,0,0,0,0,101,909,-6611,6333,0,0,0,0,0
6,-180,10.732,8,868125,31,42,88,48698,0,0,0,0,0,101,909,-6611,6333,0,0,0,0,0
6,-180,10.79,9,868181,31,42,88,48698,0,0,0,0,0,101,909,-6611,6333,0,0,0,0,0
6,-180,10.848,10,868237,31,42,88,48698,0,0,0,0,0,101,909,-6611,6333,0,0,0,0,0
6,-180,10.899,11,868293,31,42,88,48698,0,0,0,0,0,101,909,-6611,6333,0,0,0,0,0
6,-180,10.956,12,868349,31,42,88,48698,0,0,0,0,0,101,909,-6611,6333,0,0,0,0,0
6,-180,11.017,13,868405,31,42,88,48698,0,0,0,0,0,101,909,-6611,6333,0,0,0,0,0
6,-180,11.069,14,868461,31,42,88,48698,0,0,0,0,0,101,909,-6611,6333,0,0,0,0,0
6,-180,11.125,15,868517,31,42,88,48698,0,0,0,0,0,101,909,-6611,6333,0,0,0,0,0
6,-180,11.188,16,868573,31,42,88,48698,0,0,0,0,0,101,909,-6611,6333,0,0,0,0,0
6,-180,11.236,17,868629,31,42,88,48698,0,0,0,0,0,101,909,-6611,6333,0,0,0,0,0
6,-180,11.372,19,868741,31,42,88,48698,0,0,0,0,0,101,909,-6611,6333,0,0,0,0,0
6,-180,11.513,22,868905,31,42,88,48698,0,0,0,0,0,101,909,-6611,6333,0,0,0,0,0
6,-180,11.573,23,868961,31,42,88,48698,0,0,0,0,0,101,909,-6611,6333,0,0,0,0,0
6,-180,11.625,24,869017,31,42,88,48698,0,0,0,0,0,101,909,-6611,6333,0,0,0,0,0
6,-180,11.68,25,869073,31,42,88,48698,0,0,0,0,0,101,909,-6611,6333,0,0,0,0,0
6,-180,11.739,26,869129,31,42,88,48698,0,0,0,0,0,101,909,-6611,6333,0,0,0,0,0
6,-180,11.793,27,869185,31,42,88,48698,0,0,0,0,0,101,909,-6611,6333,0,0,0,0,0
6,-180,11.847,28,869241,31,42,88,48698,0,0,0,0,0,101,909,-6611,6333,0,0,0,0,0
6,-180,11.904,29,869297,31,42,88,48698,0,0,0,0,0,101,909,-6611,6333,0,0,0,0,0
6,-180,11.96,30,869353,31,42,88,48698,0,0,0,0,0,101,909,-6611,6333,0,0,0,0,0
6,-180,12.016,31,869409,31,42,88,48698,0,0,0,0,0,101,909,-6611,6333,0,0,0,0,0
6,-180,12.072,32,869465,31,42,88,48698,0,0,0,0,0,101,909,-6611,6333,0,0,0,0,0
6,-180,12.129,33,869521,31,42,88,48698,0,0,0,0,0,101,909,-6611,6333,0,0,0,0,0
7,-90,-0.008,40,877047,31,42,88,48698,0,0,0,0,0,101,909,-6611,6333,0,0,0,0,0
7,-90,0.033,41,877098,31,42,88,48698,0,0,0,0,0,101,909,-6611,6333,0,0,0,0,0
7,-90,0.166,43,877221,31,43,87,48510,0,0,0,0,-36,105,914,-6611,6283,1300,-1200,0,0,0
7,-90,0.23,44,877293,31,44,86,48213,0,0,0,46,-75,106,917,-6588,6227,1500,-1200,0,0,0
7,-90,0.374,46,877437,31,46,82,47306,0,0,0,66,-118,106,923,-6516,6058,2200,-2100,0,0,0
7,-90,0.446,47,877509,31,47,80,46564,0,0,0,88,-157,106,926,-6450,5927,2600,-2600,0,0,0
7,-90,0.517,48,877581,31,47,77,45590,0,0,0,118,-200,106,929,-6352,5766,2800,-2700,0,0,0
7,-90,0.661,50,877725,31,46,72,43332,0,0,0,112,-200,106,935,-6127,5391,2700,-2300,0,0,0
7,-90,0.734,51,877797,31,46,70,42218,0,0,0,144,-180,106,938,-6000,5222,2700,-2300,0,0,0
7,-90,0.805,52,877869,31,45,69,41120,0,0,0,135,-184,106,941,-5875,5055,2600,-2100,0,0,0
7,-90,0.965,53,878030,31,32,60,39551,0,0,0,0,0,106,950,-5691,4822,0,0,0,0,0
7,-90,1.017,54,878081,31,32,60,39551,0,0,0,0,0,106,952,-5691,4822,0,0,0,0,0
7,-90,1.088,55,878153,31,32,60,39551,0,0,0,0,0,106,955,-5691,4822,0,0,0,0,0
7,-90,1.161,56,878225,31,32,60,39551,0,0,0,0,0,106,958,-5691,4822,0,0,0,0,0
7,-90,1.233,57,878297,31,32,60,39551,0,0,0,0,0,106,961,-5691,4822,0,0,0,0,0
7,-90,1.304,58,878369,31,32,60,39551,0,0,0,0,0,106,964,-5691,4822,0,0,0,0,0
7,-90,1.376,59,878441,31,32,60,39551,0,0,0,0,0,106,967,-5691,4822,0,0,0,0,0
7,-90,1.522,61,878585,31,32,60,39551,0,0,0,0,0,106,973,-5691,4822,0,0,0,0,0
7,-90,1.602,62,878657,31,32,60,39551,0,0,0,0,0,106,976,-5691,4822,0,0,0,0,0
7,-90,1.653,63,878707,31,32,60,39551,0,0,0,0,0,106,978,-5691,4822,0,0,0,0,0
7,-90,1.693,64,878757,31,32,60,39551,0,0,0,0,0,106,978,-5691,4822,0,0,0,0,0
7,-90,1.749,65,878813,31,32,60,39551,0,0,0,0,0,106,978,-5691,4822,0,0,0,0,0
7,-90,1.806,66,878869,31,32,60,39551,0,0,0,0,0,106,978,-5691,4822,0,0,0,0,0
7,-90,1.916,68,878981,31,32,60,39551,0,0,0,0,0,106,978,-5691,4822,0,0,0,0,0
7,-90,1.973,69,879037,31,32,60,39551,0,0,0,0,0,106,978,-5691,4822,0,0,0,0,0
7,-90,2.027,70,879093,31,32,60,39551,0,0,0,0,0,106,978,-5691,4822,0,0,0,0,0
7,-90,2.084,71,879149,31,32,60,39551,0,0,0,0,0,106,978,-5691,4822,0,0,0,0,0
7,-90,2.141,72,879205,31,32,60,39551,0,0,0,0,0,106,978,-5691,4822,0,0,0,0,0
7,-90,2.196,73,879261,31,32,60,39551,0,0,0,0,0,106,978,-5691,4822,0,0,0,0,0
7,-90,2.253,74,879317,31,32,60,39551,0,0,0,0,0,106,978,-5691,4822,0,0,0,0,0
7,-90,2.309,75,879373,31,32,60,39551,0,0,0,0,0,106,978,-5691,4822,0,0,0,0,0
7,-90,2.368,76,879429,31,32,60,39551,0,0,0,0,0,106,978,-5691,4822,0,0,0,0,0
7,-90,2.422,77,879485,31,32,60,39551,0,0,0,0,0,106,978,-5691,4822,0,0,0,0,0
7,-90,2.532,79,879597,31,32,60,39551,0,0,0,0,0,106,978,-5691,4822,0,0,0,0,0
7,-90,2.589,80,879653,31,32,60,39551,0,0,0,0,0,106,978,-5691,4822,0,0,0,0,0
7,-90,2.653,81,879709,31,32,60,39551,0,0,0,0,0,106,978,-5691,4822,0,0,0,0,0
7,-90,2.697,82,879761,31,32,60,39551,0,0,0,0,0,106,978,-5691,4822,0,0,0,0,0
7,-90,2.752,83,879817,31,32,60,39551,0,0,0,0,0,106,978,-5691,4822,0,0,0,0,0
7,-90,2.808,84,879873,31,32,60,39551,0,0,0,0,0,106,978,-5691,4822,0,0,0,0,0
7,-90,2.864,85,879929,31,32,60,39551,0,0,0,0,0,106,978,-5691,4822,0,0,0,0,0
7,-90,2.92,86,879985,31,32,60,39551,0,0,0,0,0,106,978,-5691,4822,0,0,0,0,0
7,-90,2.976,87,880041,31,32,60,39551,0,0,0,0,0,106,978,-5691,4822,0,0,0,0,0
7,-90,3.032,88,880097,31,32,60,39551,0,0,0,0,0,106,978,-5691,4822,0,0,0,0,0
7,-90,3.144,90,880209,31,32,60,39551,0,0,0,0,0,106,978,-5691,4822,0,0,0,0,0
7,-90,3.202,91,880265,31,32,60,39551,0,0,0,0,0,106,978,-5691,4822,0,0,0,0,0
7,-90,3.258,92,880321,31,32,60,39551,0,0,0,0,0,106,978,-5691,4822,0,0,0,0,0
7,-90,3.314,93,880377,31,32,60,39551,0,0,0,0,0,106,978,-5691,4822,0,0,0,0,0
7,-90,3.368,94,880433,31,32,60,39551,0,0,0,0,0,106,978,-5691,4822,0,0,0,0,0
7,-90,3.424,95,880489,31,32,60,39551,0,0,0,0,0,106,978,-5691,4822,0,0,0,0,0
7,-90,3.481,96,880545,31,32,60,39551,0,0,0,0,0,106,978,-5691,4822,0,0,0,0,0
7,-90,3.537,97,880601,31,32,60,39551,0,0,0,0,0,106,978,-5691,4822,0,0,0,0,0
7,-90,3.648,99,880713,31,32,60,39551,0,0,0,0,0,106,978,-5691,4822,0,0,0,0,0
7,-90,3.706,100,880769,31,32,60,39551,0,0,0,0,0,106,978,-5691,4822,0,0,0,0,0
7,-90,3.756,101,880821,31,32,60,39551,0,0,0,0,0,106,978,-5691,4822,0,0,0,0,0
7,-90,3.812,102,880877,31,32,60,39551,0,0,0,0,0,106,978,-5691,4822,0,0,0,0,0
7,-90,3.869,103,880933,31,32,60,39551,0,0,0,0,0,106,978,-5691,4822,0,0,0,0,0
7,-90,3.925,104,880989,31,32,60,39551,0,0,0,0,0,106,978,-5691,4822,0,0,0,0,0
7,-90,3.98,105,881045,31,32,60,39551,0,0,0,0,0,106,978,-5691,4822,0,0,0,0,0
7,-90,4.037,106,881101,31,32,60,39551,0,0,0,0,0,106,978,-5691,4822,0,0,0,0,0
7,-90,4.093,107,881157,31,32,60,39551,0,0,0,0,0,106,978,-5691,4822,0,0,0,0,0
7,-90,4.149,108,881213,31,32,60,39551,0,0,0,0,0,106,978,-5691,4822,0,0,0,0,0
7,-90,4.204,109,881269,31,32,60,39551,0,0,0,0,0,106,978,-5691,4822,0,0,0,0,0
7,-90,4.26,110,881325,31,32,60,39551,0,0,0,0,0,106,978,-5691,4822,0,0,0,0,0
7,-90,4.316,111,881381,31,32,60,39551,0,0,0,0,0,106,978,-5691,4822,0,0,0,0,0
7,-90,4.373,112,881437,31,32,60,39551,0,0,0,0,0,106,978,-5691,4822,0,0,0,0,0
7,-90,4.428,113,881493,31,32,60,39551,0,0,0,0,0,106,978,-5691,4822,0,0,0,0,0
7,-90,4.484,114,881549,31,32,60,39551,0,0,0,0,0,106,978,-5691,4822,0,0,0,0,0
7,-90,4.544,115,881605,31,32,60,39551,0,0,0,0,0,106,978,-5691,4822,0,0,0,0,0
7,-90,4.596,116,881661,31,32,60,39551,0,0,0,0,0,106,978,-5691,4822,0,0,0,0,0
7,-90,4.769,119,881829,31,32,60,39551,0,0,0,0,0,106,978,-5691,4822,0,0,0,0,0
7,-90,4.816,120,881881,31,32,60,39551,0,0,0,0,0,106,978,-5691,4822,0,0,0,0,0
7,-90,4.874,121,881937,31,32,60,39551,0,0,0,0,0,106,978,-5691,4822,0,0,0,0,0
7,-90,4.928,122,881993,31,32,60,39551,0,0,0,0,0,106,978,-5691,4822,0,0,0,0,0
7,-90,5.041,124,882105,31,32,60,39551,0,0,0,0,0,106,978,-5691,4822,0,0,0,0,0
7,-90,5.103,125,882161,31,32,60,39551,0,0,0,0,0,106,978,-5691,4822,0,0,0,0,0
7,-90,5.152,126,882217,31,32,60,39551,0,0,0,0,0,106,978,-5691,4822,0,0,0,0,0
7,-90,5.209,127,882273,31,32,60,39551,0,0,0,0,0,106,978,-5691,4822,0,0,0,0,0
7,-90,5.265,0,882329,31,32,60,39551,0,0,0,0,0,106,978,-5691,4822,0,0,0,0,0
7,-90,5.32,1,882385,31,32,60,39551,0,0,0,0,0,106,978,-5691,4822,0,0,0,0,0
7,-90,5.377,2,882441,31,32,60,39551,0,0,0,0,0,106,978,-5691,4822,0,0,0,0,0
7,-90,5.433,3,882497,31,32,60,39551,0,0,0,0,0,106,978,-5691,4822,0,0,0,0,0
7,-90,5.49,4,882553,31,32,60,39551,0,0,0,0,0,106,978,-5691,4822,0,0,0,0,0
7,-90,5.711,8,882777,31,32,60,39551,0,0,0,0,0,106,978,-5691,4822,0,0,0,0,0
7,-90,5.772,9,882833,31,32,60,39551,0,0,0,0,0,106,978,-5691,4822,0,0,0,0,0
7,-90,5.834,10,882889,31,32,60,39551,0,0,0,0,0,106,978,-5691,4822,0,0,0,0,0
7,-90,5.876,11,882941,31,32,60,39551,0,0,0,0,0,106,978,-5691,4822,0,0,0,0,0
7,-90,5.932,12,882997,31,32,60,39551,0,0,0,0,0,106,978,-5691,4822,0,0,0,0,0
7,-90,5.99,13,883053,31,32,60,39551,0,0,0,0,0,106,978,-5691,4822,0,0,0,0,0
7,-90,6.044,14,883109,31,32,60,39551,0,0,0,0,0,106,978,-5691,4822,0,0,0,0,0
7,-90,6.102,15,883165,31,32,60,39551,0,0,0,0,0,106,978,-5691,4822,0,0,0,0,0
7,-90,6.158,16,883221,31,32,60,39551,0,0,0,0,0,106,978,-5691,4822,0,0,0,0,0
7,-90,6.27,18,883333,31,32,60,39551,0,0,0,0,0,106,978,-5691,4822,0,0,0,0,0
7,-90,6.326,19,883389,31,32,60,39551,0,0,0,0,0,106,978,-5691,4822,0,0,0,0,0
7,-90,6.38,20,883445,31,32,60,39551,0,0,0,0,0,106,978,-5691,4822,0,0,0,0,0
7,-90,6.437,21,883501,31,32,60,39551,0,0,0,0,0,106,978,-5691,4822,0,0,0,0,0
7,-90,6.549,23,883613,31,32,60,39551,0,0,0,0,0,106,978,-5691,4822,0,0,0,0,0
7,-90,6.606,24,883669,31,32,60,39551,0,0,0,0,0,106,978,-5691,4822,0,0,0,0,0
7,-90,6.661,25,883725,31,32,60,39551,0,0,0,0,0,106,978,-5691,4822,0,0,0,0,0
7,-90,6.716,26,883781,31,32,60,39551,0,0,0,0,0,106,978,-5691,4822,0,0,0,0,0
7,-90,6.772,27,883837,31,32,60,39551,0,0,0,0,0,106,978,-5691,4822,0,0,0,0,0
7,-90,6.828,28,883893,31,32,60,39551,0,0,0,0,0,106,978,-5691,4822,0,0,0,0,0
7,-90,6.892,29,883949,31,32,60,39551,0,0,0,0,0,106,978,-5691,4822,0,0,0,0,0
7,-90,6.937,30,884001,31,32,60,39551,0,0,0,0,0,106,978,-5691,4822,0,0,0,0,0
7,-90,6.992,31,884057,31,32,60,39551,0,0,0,0,0,106,978,-5691,4822,0,0,0,0,0
7,-90,7.048,32,884113,31,32,60,39551,0,0,0,0,0,106,978,-5691,4822,0,0,0,0,0
7,-90,7.104,33,884169,31,32,60,39551,0,0,0,0,0,106,978,-5691,4822,0,0,0,0,0
7,-90,7.161,34,884225,31,32,60,39551,0,0,0,0,0,106,978,-5691,4822,0,0,0,0,0
7,-90,7.217,35,884281,31,32,60,39551,0,0,0,0,0,106,978,-5691,4822,0,0,0,0,0
7,-90,7.272,36,884337,31,32,60,39551,0,0,0,0,0,106,978,-5691,4822,0,0,0,0,0
7,-90,7.328,37,884393,31,32,60,39551,0,0,0,0,0,106,978,-5691,4822,0,0,0,0,0
7,-90,7.385,38,884449,31,32,60,39551,0,0,0,0,0,106,978,-5691,4822,0,0,0,0,0
7,-90,7.496,40,884561,31,32,60,39551,0,0,0,0,0,106,978,-5691,4822,0,0,0,0,0
7,-90,7.552,41,884617,31,32,60,39551,0,0,0,0,0,106,978,-5691,4822,0,0,0,0,0
7,-90,7.608,42,884673,31,32,60,39551,0,0,0,0,0,106,978,-5691,4822,0,0,0,0,0
7,-90,7.664,43,884729,31,32,60,39551,0,0,0,0,0,106,978,-5691,4822,0,0,0,0,0
7,-90,7.72,44,884785,31,32,60,39551,0,0,0,0,0,106,978,-5691,4822,0,0,0,0,0
7,-90,7.776,45,884841,31,32,60,39551,0,0,0,0,0,106,978,-5691,4822,0,0,0,0,0
7,-90,7.832,46,884897,31,32,60,39551,0,0,0,0,0,106,978,-5691,4822,0,0,0,0,0
7,-90,7.889,47,884953,31,32,60,39551,0,0,0,0,0,106,978,-5691,4822,0,0,0,0,0
7,-90,7.952,48,885009,31,32,60,39551,0,0,0,0,0,106,978,-5691,4822,0,0,0,0,0
7,-90,7.996,49,885061,31,32,60,39551,0,0,0,0,0,106,978,-5691,4822,0,0,0,0,0
7,-90,8.052,50,885117,31,32,60,39551,0,0,0,0,0,106,978,-5691,4822,0,0,0,0,0
7,-90,8.164,52,885229,31,32,60,39551,0,0,0,0,0,106,978,-5691,4822,0,0,0,0,0
7,-90,8.221,53,885285,31,32,60,39551,0,0,0,0,0,106,978,-5691,4822,0,0,0,0,0
7,-90,8.277,54,885341,31,32,60,39551,0,0,0,0,0,106,978,-5691,4822,0,0,0,0,0
7,-90,8.333,55,885397,31,32,60,39551,0,0,0,0,0,106,978,-5691,4822,0,0,0,0,0
7,-90,8.388,56,885453,31,32,60,39551,0,0,0,0,0,106,978,-5691,4822,0,0,0,0,0
7,-90,8.444,57,885509,31,32,60,39551,0,0,0,0,0,106,978,-5691,4822,0,0,0,0,0
7,-90,8.501,58,885565,31,32,60,39551,0,0,0,0,0,106,978,-5691,4822,0,0,0,0,0
8,90,-0.048,76,893709,31,32,60,39551,0,0,0,0,0,106,978,-5691,4822,0,0,0,0,0
8,90,0.008,77,893765,31,32,60,39551,0,0,0,0,0,106,978,-5691,4822,0,0,0,0,0
8,90,0.188,80,893945,31,33,61,39697,0,0,0,0,46,111,984,-5691,4861,-1400,1300,0,0,0
8,90,0.26,81,894017,31,35,62,39893,0,0,0,2,62,113,987,-5688,4916,-1700,1500,0,0,0
8,90,0.332,82,894089,31,38,64,40198,0,0,0,2,102,116,990,-5688,4997,-2000,2100,0,0,0
8,90,0.406,83,894161,31,41,67,40627,0,0,0,2,128,119,993,-5688,5111,-2400,2500,0,0,0
8,90,0.549,85,894305,71,49,78,41910,0,0,0,2,225,125,999,-5688,5452,-3000,3000,0,0,0
8,90,0.621,86,894377,71,52,85,42662,0,0,0,2,246,128,1002,-5688,5652,-3100,3100,0,0,0
8,90,0.693,87,894449,31,54,90,43596,0,0,0,-89,220,128,1005,-5738,5850,-3000,3100,0,0,0
8,90,0.765,88,894521,31,55,94,44807,0,0,0,-154,236,128,1008,-5855,6055,-3100,3000,0,0,0
8,90,0.911,90,894665,31,55,96,47516,0,0,0,-184,194,128,1014,-6183,6447,-2900,2600,0,0,0
8,90,1.109,91,894858,31,55,96,49345,0,0,0,0,0,128,1025,-6436,6680,0,0,0,0,0
8,90,1.161,92,894913,31,55,96,49345,0,0,0,0,0,128,1027,-6436,6680,0,0,0,0,0
8,90,1.228,93,894985,31,55,96,49345,0,0,0,0,0,128,1030,-6436,6680,0,0,0,0,0
8,90,1.314,94,895057,31,55,96,49345,0,0,0,0,0,128,1033,-6436,6680,0,0,0,0,0
8,90,1.374,95,895129,31,55,96,49345,0,0,0,0,0,128,1036,-6436,6680,0,0,0,0,0
8,90,1.445,96,895201,31,55,96,49345,0,0,0,0,0,128,1039,-6436,6680,0,0,0,0,0
8,90,1.517,97,895273,31,55,96,49345,0,0,0,0,0,128,1042,-6436,6680,0,0,0,0,0
8,90,1.589,98,895345,31,55,96,49345,0,0,0,0,0,128,1045,-6436,6680,0,0,0,0,0
8,90,1.664,99,895417,31,55,96,49345,0,0,0,0,0,128,1048,-6436,6680,0,0,0,0,0
8,90,1.733,100,895489,31,55,96,49345,0,0,0,0,0,128,1051,-6436,6680,0,0,0,0,0
8,90,1.935,101,895561,31,55,96,49345,0,0,0,0,0,128,1054,-6436,6680,0,0,0,0,0
8,90,1.935,102,895633,31,55,96,49345,0,0,0,0,0,128,1057,-6436,6680,0,0,0,0,0
8,90,2.846,103,895705,31,55,96,49345,0,0,0,0,0,128,1060,-6436,6680,0,0,0,0,0
8,90,2.846,104,895777,31,55,96,49345,0,0,0,0,0,128,1063,-6436,6680,0,0,0,0,0
8,90,2.846,105,895827,31,55,96,49345,0,0,0,0,0,128,1065,-6436,6680,0,0,0,0,0
8,90,2.846,106,895877,31,55,96,49345,0,0,0,0,0,128,1065,-6436,6680,0,0,0,0,0
8,90,2.846,107,895933,31,55,96,49345,0,0,0,0,0,128,1065,-6436,6680,0,0,0,0,0
8,90,2.846,108,895989,31,55,96,49345,0,0,0,0,0,128,1065,-6436,6680,0,0,0,0,0
8,90,2.846,109,896045,31,55,96,49345,0,0,0,0,0,128,1065,-6436,6680,0,0,0,0,0
8,90,2.846,110,896101,31,55,96,49345,0,0,0,0,0,128,1065,-6436,6680,0,0,0,0,0
8,90,2.846,111,896153,31,55,96,49345,0,0,0,0,0,128,1065,-6436,6680,0,0,0,0,0
8,90,2.846,112,896209,31,55,96,49345,0,0,0,0,0,128,1065,-6436,6680,0,0,0,0,0
8,90,2.86,113,896265,31,55,96,49345,0,0,0,0,0,128,1065,-6436,6680,0,0,0,0,0
8,90,2.86,114,896321,31,55,96,49345,0,0,0,0,0,128,1065,-6436,6680,0,0,0,0,0
8,90,2.86,115,896377,31,55,96,49345,0,0,0,0,0,128,1065,-6436,6680,0,0,0,0,0
8,90,2.86,116,896433,31,55,96,49345,0,0,0,0,0,128,1065,-6436,6680,0,0,0,0,0
8,90,2.86,118,896545,31,55,96,49345,0,0,0,0,0,128,1065,-6436,6680,0,0,0,0,0
8,90,2.86,119,896601,31,55,96,49345,0,0,0,0,0,128,1065,-6436,6680,0,0,0,0,0
8,90,2.9,120,896657,31,55,96,49345,0,0,0,0,0,128,1065,-6436,6680,0,0,0,0,0
8,90,3.014,122,896769,31,55,96,49345,0,0,0,0,0,128,1065,-6436,6680,0,0,0,0,0
8,90,3.067,123,896825,31,55,96,49345,0,0,0,0,0,128,1065,-6436,6680,0,0,0,0,0
8,90,3.146,124,896881,31,55,96,49345,0,0,0,0,0,128,1065,-6436,6680,0,0,0,0,0
8,90,3.185,125,896937,31,55,96,49345,0,0,0,0,0,128,1065,-6436,6680,0,0,0,0,0
8,90,3.235,126,896993,31,55,96,49345,0,0,0,0,0,128,1065,-6436,6680,0,0,0,0,0
8,90,3.349,0,897105,31,55,96,49345,0,0,0,0,0,128,1065,-6436,6680,0,0,0,0,0
8,90,3.512,3,897269,31,55,96,49345,0,0,0,0,0,128,1065,-6436,6680,0,0,0,0,0
8,90,3.567,4,897325,31,55,96,49345,0,0,0,0,0,128,1065,-6436,6680,0,0,0,0,0
8,90,3.625,5,897381,31,55,96,49345,0,0,0,0,0,128,1065,-6436,6680,0,0,0,0,0
8,90,3.715,6,897437,31,55,96,49345,0,0,0,0,0,128,1065,-6436,6680,0,0,0,0,0
8,90,3.735,7,897493,31,55,96,49345,0,0,0,0,0,128,1065,-6436,6680,0,0,0,0,0
8,90,3.948,8,897549,31,55,96,49345,0,0,0,0,0,128,1065,-6436,6680,0,0,0,0,0
8,90,4.073,9,897605,31,55,96,49345,0,0,0,0,0,128,1065,-6436,6680,0,0,0,0,0
8,90,4.073,10,897661,31,55,96,49345,0,0,0,0,0,128,1065,-6436,6680,0,0,0,0,0
8,90,4.073,12,897773,31,55,96,49345,0,0,0,0,0,128,1065,-6436,6680,0,0,0,0,0
8,90,4.108,13,897829,31,55,96,49345,0,0,0,0,0,128,1065,-6436,6680,0,0,0,0,0
8,90,4.151,14,897885,31,55,96,49345,0,0,0,0,0,128,1065,-6436,6680,0,0,0,0,0
8,90,4.205,15,897941,31,55,96,49345,0,0,0,0,0,128,1065,-6436,6680,0,0,0,0,0
8,90,4.244,16,897997,31,55,96,49345,0,0,0,0,0,128,1065,-6436,6680,0,0,0,0,0
8,90,4.302,17,898053,31,55,96,49345,0,0,0,0,0,128,1065,-6436,6680,0,0,0,0,0
8,90,4.392,18,898109,31,55,96,49345,0,0,0,0,0,128,1065,-6436,6680,0,0,0,0,0
8,90,4.429,19,898165,31,55,96,49345,0,0,0,0,0,128,1065,-6436,6680,0,0,0,0,0
8,90,4.49,20,898221,31,55,96,49345,0,0,0,0,0,128,1065,-6436,6680,0,0,0,0,0
8,90,4.532,21,898273,31,55,96,49345,0,0,0,0,0,128,1065,-6436,6680,0,0,0,0,0
8,90,4.629,23,898385,31,55,96,49345,0,0,0,0,0,128,1065,-6436,6680,0,0,0,0,0
8,90,4.687,24,898441,31,55,96,49345,0,0,0,0,0,128,1065,-6436,6680,0,0,0,0,0
8,90,4.81,26,898553,31,55,96,49345,0,0,0,0,0,128,1065,-6436,6680,0,0,0,0,0
8,90,4.909,28,898665,31,55,96,49345,0,0,0,0,0,128,1065,-6436,6680,0,0,0,0,0
8,90,4.963,29,898721,31,55,96,49345,0,0,0,0,0,128,1065,-6436,6680,0,0,0,0,0
8,90,5.025,30,898777,31,55,96,49345,0,0,0,0,0,128,1065,-6436,6680,0,0,0,0,0
8,90,5.077,31,898833,31,55,96,49345,0,0,0,0,0,128,1065,-6436,6680,0,0,0,0,0
8,90,5.135,32,898889,31,55,96,49345,0,0,0,0,0,128,1065,-6436,6680,0,0,0,0,0
8,90,5.248,34,899001,31,55,96,49345,0,0,0,0,0,128,1065,-6436,6680,0,0,0,0,0
8,90,5.302,35,899057,31,55,96,49345,0,0,0,0,0,128,1065,-6436,6680,0,0,0,0,0
8,90,5.359,36,899113,31,55,96,49345,0,0,0,0,0,128,1065,-6436,6680,0,0,0,0,0
8,90,5.411,37,899169,31,55,96,49345,0,0,0,0,0,128,1065,-6436,6680,0,0,0,0,0
8,90,5.468,38,899225,31,55,96,49345,0,0,0,0,0,128,1065,-6436,6680,0,0,0,0,0
8,90,5.532,39,899281,31,55,96,49345,0,0,0,0,0,128,1065,-6436,6680,0,0,0,0,0
8,90,5.576,40,899333,31,55,96,49345,0,0,0,0,0,128,1065,-6436,6680,0,0,0,0,0
8,90,5.634,41,899389,31,55,96,49345,0,0,0,0,0,128,1065,-6436,6680,0,0,0,0,0
8,90,5.689,42,899445,31,55,96,49345,0,0,0,0,0,128,1065,-6436,6680,0,0,0,0,0
8,90,5.744,43,899501,31,55,96,49345,0,0,0,0,0,128,1065,-6436,6680,0,0,0,0,0
8,90,5.8,44,899557,31,55,96,49345,0,0,0,0,0,128,1065,-6436,6680,0,0,0,0,0
8,90,5.862,45,899613,31,55,96,49345,0,0,0,0,0,128,1065,-6436,6680,0,0,0,0,0
8,90,5.969,47,899725,31,55,96,49345,0,0,0,0,0,128,1065,-6436,6680,0,0,0,0,0
8,90,6.03,48,899781,31,55,96,49345,0,0,0,0,0,128,1065,-6436,6680,0,0,0,0,0
8,90,6.079,49,899837,31,55,96,49345,0,0,0,0,0,128,1065,-6436,6680,0,0,0,0,0
8,90,6.136,50,899893,31,55,96,49345,0,0,0,0,0,128,1065,-6436,6680,0,0,0,0,0
8,90,6.194,51,899949,31,55,96,49345,0,0,0,0,0,128,1065,-6436,6680,0,0,0,0,0
8,90,6.254,52,900005,31,55,96,49345,0,0,0,0,0,128,1065,-6436,6680,0,0,0,0,0
8,90,6.305,53,900061,31,55,96,49345,0,0,0,0,0,128,1065,-6436,6680,0,0,0,0,0
8,90,6.364,54,900117,31,55,96,49345,0,0,0,0,0,128,1065,-6436,6680,0,0,0,0,0
8,90,6.493,56,900229,31,55,96,49345,0,0,0,0,0,128,1065,-6436,6680,0,0,0,0,0
8,90,6.527,57,900285,31,55,96,49345,0,0,0,0,0,128,1065,-6436,6680,0,0,0,0,0
8,90,6.595,58,900341,31,55,96,49345,0,0,0,0,0,128,1065,-6436,6680,0,0,0,0,0
8,90,6.637,59,900393,31,55,96,49345,0,0,0,0,0,128,1065,-6436,6680,0,0,0,0,0
8,90,6.692,60,900449,31,55,96,49345,0,0,0,0,0,128,1065,-6436,6680,0,0,0,0,0
8,90,6.751,61,900505,31,55,96,49345,0,0,0,0,0,128,1065,-6436,6680,0,0,0,0,0
8,90,6.861,63,900617,31,55,96,49345,0,0,0,0,0,128,1065,-6436,6680,0,0,0,0,0
8,90,6.924,64,900673,31,55,96,49345,0,0,0,0,0,128,1065,-6436,6680,0,0,0,0,0
8,90,6.972,65,900729,31,55,96,49345,0,0,0,0,0,128,1065,-6436,6680,0,0,0,0,0
8,90,7.033,66,900785,31,55,96,49345,0,0,0,0,0,128,1065,-6436,6680,0,0,0,0,0
8,90,7.083,67,900841,31,55,96,49345,0,0,0,0,0,128,1065,-6436,6680,0,0,0,0,0
8,90,7.201,69,900953,31,55,96,49345,0,0,0,0,0,128,1065,-6436,6680,0,0,0,0,0
8,90,7.252,70,901009,31,55,96,49345,0,0,0,0,0,128,1065,-6436,6680,0,0,0,0,0
8,90,7.318,71,901065,31,55,96,49345,0,0,0,0,0,128,1065,-6436,6680,0,0,0,0,0
8,90,7.366,72,901121,31,55,96,49345,0,0,0,0,0,128,1065,-6436,6680,0,0,0,0,0
8,90,7.423,73,901177,31,55,96,49345,0,0,0,0,0,128,1065,-6436,6680,0,0,0,0,0
8,90,7.535,75,901289,31,55,96,49345,0,0,0,0,0,128,1065,-6436,6680,0,0,0,0,0
8,90,7.587,76,901345,31,55,96,49345,0,0,0,0,0,128,1065,-6436,6680,0,0,0,0,0
8,90,7.757,79,901509,31,55,96,49345,0,0,0,0,0,128,1065,-6436,6680,0,0,0,0,0
8,90,7.807,80,901565,31,55,96,49345,0,0,0,0,0,128,1065,-6436,6680,0,0,0,0,0
8,90,7.864,81,901621,31,55,96,49345,0,0,0,0,0,128,1065,-6436,6680,0,0,0,0,0
8,90,7.92,82,901677,31,55,96,49345,0,0,0,0,0,128,1065,-6436,6680,0,0,0,0,0
8,90,7.983,83,901733,31,55,96,49345,0,0,0,0,0,128,1065,-6436,6680,0,0,0,0,0
8,90,8.035,84,901789,31,55,96,49345,0,0,0,0,0,128,1065,-6436,6680,0,0,0,0,0
8,90,8.088,85,901845,31,55,96,49345,0,0,0,0,0,128,1065,-6436,6680,0,0,0,0,0
8,90,8.147,86,901901,31,55,96,49345,0,0,0,0,0,128,1065,-6436,6680,0,0,0,0,0
8,90,8.198,87,901957,31,55,96,49345,0,0,0,0,0,128,1065,-6436,6680,0,0,0,0,0
8,90,8.259,88,902013,31,55,96,49345,0,0,0,0,0,128,1065,-6436,6680,0,0,0,0,0
8,90,8.371,90,902125,31,55,96,49345,0,0,0,0,0,128,1065,-6436,6680,0,0,0,0,0
8,90,8.423,91,902181,31,55,96,49345,0,0,0,0,0,128,1065,-6436,6680,0,0,0,0,0
8,90,8.479,92,902237,31,55,96,49345,0,0,0,0,0,128,1065,-6436,6680,0,0,0,0,0
8,90,8.539,93,902293,31,55,96,49345,0,0,0,0,0,128,1065,-6436,6680,0,0,0,0,0
8,90,8.59,94,902349,31,55,96,49345,0,0,0,0,0,128,1065,-6436,6680,0,0,0,0,0
8,90,8.652,95,902405,31,55,96,49345,0,0,0,0,0,128,1065,-6436,6680,0,0,0,0,0
8,90,8.711,96,902461,31,55,96,49345,0,0,0,0,0,128,1065,-6436,6680,0,0,0,0,0
8,90,8.757,97,902513,31,55,96,49345,0,0,0,0,0,128,1065,-6436,6680,0,0,0,0,0
8,90,8.812,98,902569,31,55,96,49345,0,0,0,0,0,128,1065,-6436,6680,0,0,0,0,0
8,90,8.866,99,902625,31,55,96,49345,0,0,0,0,0,128,1065,-6436,6680,0,0,0,0,0
8,90,8.987,101,902737,31,55,96,49345,0,0,0,0,0,128,1065,-6436,6680,0,0,0,0,0
8,90,9.039,102,902793,31,55,96,49345,0,0,0,0,0,128,1065,-6436,6680,0,0,0,0,0
8,90,9.092,103,902849,31,55,96,49345,0,0,0,0,0,128,1065,-6436,6680,0,0,0,0,0
8,90,9.149,104,902905,31,55,96,49345,0,0,0,0,0,128,1065,-6436,6680,0,0,0,0,0
8,90,9.204,105,902961,31,55,96,49345,0,0,0,0,0,128,1065,-6436,6680,0,0,0,0,0
8,90,9.259,106,903017,31,55,96,49345,0,0,0,0,0,128,1065,-6436,6680,0,0,0,0,0
8,90,9.316,107,903073,31,55,96,49345,0,0,0,0,0,128,1065,-6436,6680,0,0,0,0,0
8,90,9.375,108,903129,31,55,96,49345,0,0,0,0,0,128,1065,-6436,6680,0,0,0,0,0
8,90,9.429,109,903185,31,55,96,49345,0,0,0,0,0,128,1065,-6436,6680,0,0,0,0,0
8,90,9.483,110,903241,31,55,96,49345,0,0,0,0,0,128,1065,-6436,6680,0,0,0,0,0
8,90,9.54,111,903297,31,55,96,49345,0,0,0,0,0,128,1065,-6436,6680,0,0,0,0,0
8,90,9.595,112,903353,31,55,96,49345,0,0,0,0,0,128,1065,-6436,6680,0,0,0,0,0
8,90,9.652,113,903409,31,55,96,49345,0,0,0,0,0,128,1065,-6436,6680,0,0,0,0,0
8,90,9.707,114,903465,31,55,96,49345,0,0,0,0,0,128,1065,-6436,6680,0,0,0,0,0
8,90,9.82,116,903573,31,55,96,49345,0,0,0,0,0,128,1065,-6436,6680,0,0,0,0,0
8,90,9.87,117,903629,31,55,96,49345,0,0,0,0,0,128,1065,-6436,6680,0,0,0,0,0
8,90,9.929,118,903685,31,55,96,49345,0,0,0,0,0,128,1065,-6436,6680,0,0,0,0,0
8,90,9.984,119,903741,31,55,96,49345,0,0,0,0,0,128,1065,-6436,6680,0,0,0,0,0
8,90,10.043,120,903797,31,55,96,49345,0,0,0,0,0,128,1065,-6436,6680,0,0,0,0,0
8,90,10.094,121,903853,31,55,96,49345,0,0,0,0,0,128,1065,-6436,6680,0,0,0,0,0
8,90,10.152,122,903909,31,55,96,49345,0,0,0,0,0,128,1065,-6436,6680,0,0,0,0,0
8,90,10.262,124,904021,31,55,96,49345,0,0,0,0,0,128,1065,-6436,6680,0,0,0,0,0
8,90,10.321,125,904077,31,55,96,49345,0,0,0,0,0,128,1065,-6436,6680,0,0,0,0,0
8,90,10.377,126,904133,31,55,96,49345,0,0,0,0,0,128,1065,-6436,6680,0,0,0,0,0
8,90,10.433,127,904189,31,55,96,49345,0,0,0,0,0,128,1065,-6436,6680,0,0,0,0,0
8,90,10.494,0,904245,31,55,96,49345,0,0,0,0,0,128,1065,-6436,6680,0,0,0,0,0
8,90,10.543,1,904301,31,55,96,49345,0,0,0,0,0,128,1065,-6436,6680,0,0,0,0,0
8,90,10.598,2,904357,31,55,96,49345,0,0,0,0,0,128,1065,-6436,6680,0,0,0,0,0
8,90,10.706,3,904413,31,55,96,49345,0,0,0,0,0,128,1065,-6436,6680,0,0,0,0,0
8,90,10.727,4,904469,31,55,96,49345,0,0,0,0,0,128,1065,-6436,6680,0,0,0,0,0
8,90,11.019,6,904581,31,55,96,49345,0,0,0,0,0,128,1065,-6436,6680,0,0,0,0,0
8,90,11.019,7,904633,31,55,96,49345,0,0,0,0,0,128,1065,-6436,6680,0,0,0,0,0
8,90,11.02,8,904689,31,55,96,49345,0,0,0,0,0,128,1065,-6436,6680,0,0,0,0,0
8,90,11.02,9,904745,31,55,96,49345,0,0,0,0,0,128,1065,-6436,6680,0,0,0,0,0
8,90,11.125,10,904801,31,55,96,49345,0,0,0,0,0,128,1065,-6436,6680,0,0,0,0,0
8,90,11.125,11,904857,31,55,96,49345,0,0,0,0,0,128,1065,-6436,6680,0,0,0,0,0
8,90,11.158,12,904913,31,55,96,49345,0,0,0,0,0,128,1065,-6436,6680,0,0,0,0,0
8,90,11.244,13,904969,31,55,96,49345,0,0,0,0,0,128,1065,-6436,6680,0,0,0,0,0
8,90,11.293,14,905025,31,55,96,49345,0,0,0,0,0,128,1065,-6436,6680,0,0,0,0,0
8,90,11.385,16,905137,31,55,96,49345,0,0,0,0,0,128,1065,-6436,6680,0,0,0,0,0
8,90,11.495,18,905249,31,55,96,49345,0,0,0,0,0,128,1065,-6436,6680,0,0,0,0,0
8,90,11.548,19,905305,31,55,96,49345,0,0,0,0,0,128,1065,-6436,6680,0,0,0,0,0
8,90,11.603,20,905361,31,55,96,49345,0,0,0,0,0,128,1065,-6436,6680,0,0,0,0,0
8,90,11.771,23,905529,31,55,96,49345,0,0,0,0,0,128,1065,-6436,6680,0,0,0,0,0
8,90,11.826,24,905585,31,55,96,49345,0,0,0,0,0,128,1065,-6436,6680,0,0,0,0,0
8,90,11.893,25,905641,31,55,96,49345,0,0,0,0,0,128,1065,-6436,6680,0,0,0,0,0
8,90,11.937,26,905693,31,55,96,49345,0,0,0,0,0,128,1065,-6436,6680,0,0,0,0,0
8,90,11.994,27,905749,31,55,96,49345,0,0,0,0,0,128,1065,-6436,6680,0,0,0,0,0
8,90,12.149,29,905861,31,55,96,49345,0,0,0,0,0,128,1065,-6436,6680,0,0,0,0,0
8,90,12.328,33,906085,31,55,96,49345,0,0,0,0,0,128,1065,-6436,6680,0,0,0,0,0
8,90,12.383,34,906141,31,55,96,49345,0,0,0,0,0,128,1065,-6436,6680,0,0,0,0,0
8,90,12.44,35,906197,31,55,96,49345,0,0,0,0,0,128,1065,-6436,6680,0,0,0,0,0
8,90,12.495,36,906253,31,55,96,49345,0,0,0,0,0,128,1065,-6436,6680,0,0,0,0,0
8,90,12.823,41,906533,31,55,96,49345,0,0,0,0,0,128,1065,-6436,6680,0,0,0,0,0
8,90,12.857,42,906589,31,55,96,49345,0,0,0,0,0,128,1065,-6436,6680,0,0,0,0,0
8,90,12.901,43,906645,31,55,96,49345,0,0,0,0,0,128,1065,-6436,6680,0,0,0,0,0
8,90,12.951,44,906701,31,55,96,49345,0,0,0,0,0,128,1065,-6436,6680,0,0,0,0,0
8,90,12.999,45,906753,31,55,96,49345,0,0,0,0,0,128,1065,-6436,6680,0,0,0,0,0
8,90,13.055,46,906809,31,55,96,49345,0,0,0,0,0,128,1065,-6436,6680,0,0,0,0,0
8,90,13.107,47,906865,31,55,96,49345,0,0,0,0,0,128,1065,-6436,6680,0,0,0,0,0
8,90,13.167,48,906921,31,55,96,49345,0,0,0,0,0,128,1065,-6436,6680,0,0,0,0,0
8,90,13.412,52,907145,31,55,96,49345,0,0,0,0,0,128,1065,-6436,6680,0,0,0,0,0
8,90,13.444,53,907201,31,55,96,49345,0,0,0,0,0,128,1065,-6436,6680,0,0,0,0,0
8,90,13.499,54,907257,31,55,96,49345,0,0,0,0,0,128,1065,-6436,6680,0,0,0,0,0
8,90,13.555,55,907313,31,55,96,49345,0,0,0,0,0,128,1065,-6436,6680,0,0,0,0,0
8,90,13.611,56,907369,31,55,96,49345,0,0,0,0,0,128,1065,-6436,6680,0,0,0,0,0
8,90,13.67,57,907425,31,55,96,49345,0,0,0,0,0,128,1065,-6436,6680,0,0,0,0,0
8,90,13.725,58,907481,31,55,96,49345,0,0,0,0,0,128,1065,-6436,6680,0,0,0,0,0
8,90,13.779,59,907537,31,55,96,49345,0,0,0,0,0,128,1065,-6436,6680,0,0,0,0,0
8,90,13.835,60,907593,31,55,96,49345,0,0,0,0,0,128,1065,-6436,6680,0,0,0,0,0
8,90,13.948,62,907705,31,55,96,49345,0,0,0,0,0,128,1065,-6436,6680,0,0,0,0,0
8,90,14.012,63,907761,31,55,96,49345,0,0,0,0,0,128,1065,-6436,6680,0,0,0,0,0
8,90,14.055,64,907813,31,55,96,49345,0,0,0,0,0,128,1065,-6436,6680,0,0,0,0,0
8,90,14.111,65,907869,31,55,96,49345,0,0,0,0,0,128,1065,-6436,6680,0,0,0,0,0
8,90,14.171,66,907925,31,55,96,49345,0,0,0,0,0,128,1065,-6436,6680,0,0,0,0,0
8,90,14.224,67,907981,31,55,96,49345,0,0,0,0,0,128,1065,-6436,6680,0,0,0,0,0
8,90,14.279,68,908037,31,55,96,49345,0,0,0,0,0,128,1065,-6436,6680,0,0,0,0,0
8,90,14.335,69,908093,31,55,96,49345,0,0,0,0,0,128,1065,-6436,6680,0,0,0,0,0
8,90,14.396,70,908149,31,55,96,49345,0,0,0,0,0,128,1065,-6436,6680,0,0,0,0,0
8,90,14.446,71,908205,31,55,96,49345,0,0,0,0,0,128,1065,-6436,6680,0,0,0,0,0
8,90,14.503,72,908261,31,55,96,49345,0,0,0,0,0,128,1065,-6436,6680,0,0,0,0,0
8,90,14.615,74,908373,31,55,96,49345,0,0,0,0,0,128,1065,-6436,6680,0,0,0,0,0
8,90,14.675,75,908429,31,55,96,49345,0,0,0,0,0,128,1065,-6436,6680,0,0,0,0,0
8,90,14.729,76,908485,31,55,96,49345,0,0,0,0,0,128,1065,-6436,6680,0,0,0,0,0
8,90,14.802,77,908541,31,55,96,49345,0,0,0,0,0,128,1065,-6436,6680,0,0,0,0,0
8,90,14.839,78,908597,31,55,96,49345,0,0,0,0,0,128,1065,-6436,6680,0,0,0,0,0
8,90,14.894,79,908653,31,55,96,49345,0,0,0,0,0,128,1065,-6436,6680,0,0,0,0,0
8,90,14.95,80,908709,31,55,96,49345,0,0,0,0,0,128,1065,-6436,6680,0,0,0,0,0
8,90,15.006,81,908765,31,55,96,49345,0,0,0,0,0,128,1065,-6436,6680,0,0,0,0,0
8,90,15.072,82,908821,31,55,96,49345,0,0,0,0,0,128,1065,-6436,6680,0,0,0,0,0
8,90,15.115,83,908873,31,55,96,49345,0,0,0,0,0,128,1065,-6436,6680,0,0,0,0,0
8,90,15.232,85,908985,31,55,96,49345,0,0,0,0,0,128,1065,-6436,6680,0,0,0,0,0
8,90,15.282,86,909041,31,55,96,49345,0,0,0,0,0,128,1065,-6436,6680,0,0,0,0,0
8,90,15.339,87,909097,31,55,96,49345,0,0,0,0,0,128,1065,-6436,6680,0,0,0,0,0
8,90,15.394,88,909153,31,55,96,49345,0,0,0,0,0,128,1065,-6436,6680,0,0,0,0,0
8,90,15.45,89,909209,31,55,96,49345,0,0,0,0,0,128,1065,-6436,6680,0,0,0,0,0
8,90,15.563,91,909321,31,55,96,49345,0,0,0,0,0,128,1065,-6436,6680,0,0,0,0,0
8,90,15.619,92,909377,31,55,96,49345,0,0,0,0,0,128,1065,-6436,6680,0,0,0,0,0
8,90,15.675,93,909433,31,55,96,49345,0,0,0,0,0,128,1065,-6436,6680,0,0,0,0,0
8,90,15.73,94,909489,31,55,96,49345,0,0,0,0,0,128,1065,-6436,6680,0,0,0,0,0
8,90,15.845,96,909601,31,55,96,49345,0,0,0,0,0,128,1065,-6436,6680,0,0,0,0,0
8,90,15.899,97,909657,31,55,96,49345,0,0,0,0,0,128,1065,-6436,6680,0,0,0,0,0
8,90,15.955,98,909713,31,55,96,49345,0,0,0,0,0,128,1065,-6436,6680,0,0,0,0,0
8,90,16.011,99,909769,31,55,96,49345,0,0,0,0,0,128,1065,-6436,6680,0,0,0,0,0
8,90,16.075,100,909825,31,55,96,49345,0,0,0,0,0,128,1065,-6436,6680,0,0,0,0,0
8,90,16.132,101,909881,31,55,96,49345,0,0,0,0,0,128,1065,-6436,6680,0,0,0,0,0
8,90,16.175,102,909933,31,55,96,49345,0,0,0,0,0,128,1065,-6436,6680,0,0,0,0,0
8,90,16.234,103,909989,31,55,96,49345,0,0,0,0,0,128,1065,-6436,6680,0,0,0,0,0
8,90,16.294,104,910045,31,55,96,49345,0,0,0,0,0,128,1065,-6436,6680,0,0,0,0,0
8,90,16.345,105,910101,31,55,96,49345,0,0,0,0,0,128,1065,-6436,6680,0,0,0,0,0
8,90,16.47,107,910213,31,55,96,49345,0,0,0,0,0,128,1065,-6436,6680,0,0,0,0,0
8,90,16.547,108,910269,31,55,96,49345,0,0,0,0,0,128,1065,-6436,6680,0,0,0,0,0
8,90,16.574,109,910325,31,55,96,49345,0,0,0,0,0,128,1065,-6436,6680,0,0,0,0,0
8,90,16.626,110,910381,31,55,96,49345,0,0,0,0,0,128,1065,-6436,6680,0,0,0,0,0
8,90,16.679,111,910437,31,55,96,49345,0,0,0,0,0,128,1065,-6436,6680,0,0,0,0,0
8,90,16.735,112,910493,31,55,96,49345,0,0,0,0,0,128,1065,-6436,6680,0,0,0,0,0
8,90,16.794,113,910549,31,55,96,49345,0,0,0,0,0,128,1065,-6436,6680,0,0,0,0,0
8,90,16.851,114,910605,31,55,96,49345,0,0,0,0,0,128,1065,-6436,6680,0,0,0,0,0
8,90,16.905,115,910661,31,55,96,49345,0,0,0,0,0,128,1065,-6436,6680,0,0,0,0,0
8,90,16.961,116,910717,31,55,96,49345,0,0,0,0,0,128,1065,-6436,6680,0,0,0,0,0
8,90,17.089,118,910829,31,55,96,49345,0,0,0,0,0,128,1065,-6436,6680,0,0,0,0,0
8,90,17.128,119,910885,31,55,96,49345,0,0,0,0,0,128,1065,-6436,6680,0,0,0,0,0
8,90,17.199,120,910941,31,55,96,49345,0,0,0,0,0,128,1065,-6436,6680,0,0,0,0,0
8,90,17.246,121,910993,31,55,96,49345,0,0,0,0,0,128,1065,-6436,6680,0,0,0,0,0
8,90,17.292,122,911049,31,55,96,49345,0,0,0,0,0,128,1065,-6436,6680,0,0,0,0,0
8,90,17.348,123,911105,31,55,96,49345,0,0,0,0,0,128,1065,-6436,6680,0,0,0,0,0
8,90,17.404,124,911161,31,55,96,49345,0,0,0,0,0,128,1065,-6436,6680,0,0,0,0,0
8,90,17.461,125,911217,31,55,96,49345,0,0,0,0,0,128,1065,-6436,6680,0,0,0,0,0
8,90,17.514,126,911273,31,55,96,49345,0,0,0,0,0,128,1065,-6436,6680,0,0,0,0,0
8,90,17.57,127,911329,31,55,96,49345,0,0,0,0,0,128,1065,-6436,6680,0,0,0,0,0
8,90,17.634,0,911385,31,55,96,49345,0,0,0,0,0,128,1065,-6436,6680,0,0,0,0,0
8,90,17.683,1,911441,31,55,96,49345,0,0,0,0,0,128,1065,-6436,6680,0,0,0,0,0
8,90,17.738,2,911497,31,55,96,49345,0,0,0,0,0,128,1065,-6436,6680,0,0,0,0,0
8,90,17.794,3,911553,31,55,96,49345,0,0,0,0,0,128,1065,-6436,6680,0,0,0,0,0
8,90,17.858,4,911609,31,55,96,49345,0,0,0,0,0,128,1065,-6436,6680,0,0,0,0,0
8,90,17.914,5,911665,31,55,96,49345,0,0,0,0,0,128,1065,-6436,6680,0,0,0,0,0
8,90,17.962,6,911721,31,55,96,49345,0,0,0,0,0,128,1065,-6436,6680,0,0,0,0,0
8,90,18.022,7,911777,31,55,96,49345,0,0,0,0,0,128,1065,-6436,6680,0,0,0,0,0
8,90,18.083,8,911833,31,55,96,49345,0,0,0,0,0,128,1065,-6436,6680,0,0,0,0,0
8,90,18.132,9,911889,31,55,96,49345,0,0,0,0,0,128,1065,-6436,6680,0,0,0,0,0
8,90,18.187,10,911945,31,55,96,49345,0,0,0,0,0,128,1065,-6436,6680,0,0,0,0,0
8,90,18.353,13,912109,31,55,96,49345,0,0,0,0,0,128,1065,-6436,6680,0,0,0,0,0
8,90,18.463,15,912221,31,55,96,49345,0,0,0,0,0,128,1065,-6436,6680,0,0,0,0,0
8,90,18.52,16,912277,31,55,96,49345,0,0,0,0,0,128,1065,-6436,6680,0,0,0,0,0
8,90,18.573,17,912333,31,55,96,49345,0,0,0,0,0,128,1065,-6436,6680,0,0,0,0,0
8,90,18.632,18,912389,31,55,96,49345,0,0,0,0,0,128,1065,-6436,6680,0,0,0,0,0
8,90,18.718,19,912445,31,55,96,49345,0,0,0,0,0,128,1065,-6436,6680,0,0,0,0,0
8,90,18.748,20,912501,31,55,96,49345,0,0,0,0,0,128,1065,-6436,6680,0,0,0,0,0
8,90,18.808,21,912557,31,55,96,49345,0,0,0,0,0,128,1065,-6436,6680,0,0,0,0,0
8,90,18.971,24,912725,31,55,96,49345,0,0,0,0,0,128,1065,-6436,6680,0,0,0,0,0
8,90,19.023,25,912781,31,55,96,49345,0,0,0,0,0,128,1065,-6436,6680,0,0,0,0,0
8,90,19.083,26,912837,31,55,96,49345,0,0,0,0,0,128,1065,-6436,6680,0,0,0,0,0
8,90,19.15,27,912893,31,55,96,49345,0,0,0,0,0,128,1065,-6436,6680,0,0,0,0,0
8,90,19.203,28,912949,31,55,96,49345,0,0,0,0,0,128,1065,-6436,6680,0,0,0,0,0
8,90,19.254,29,913005,31,55,96,49345,0,0,0,0,0,128,1065,-6436,6680,0,0,0,0,0
8,90,19.315,30,913061,31,55,96,49345,0,0,0,0,0,128,1065,-6436,6680,0,0,0,0,0
8,90,19.354,31,913113,31,55,96,49345,0,0,0,0,0,128,1065,-6436,6680,0,0,0,0,0
8,90,19.412,32,913169,31,55,96,49345,0,0,0,0,0,128,1065,-6436,6680,0,0,0,0,0
8,90,19.473,33,913225,31,55,96,49345,0,0,0,0,0,128,1065,-6436,6680,0,0,0,0,0
8,90,19.579,35,913337,31,55,96,49345,0,0,0,0,0,128,1065,-6436,6680,0,0,0,0,0
8,90,19.641,36,913393,31,55,96,49345,0,0,0,0,0,128,1065,-6436,6680,0,0,0,0,0
8,90,19.693,37,913449,31,55,96,49345,0,0,0,0,0,128,1065,-6436,6680,0,0,0,0,0
8,90,19.752,38,913505,31,55,96,49345,0,0,0,0,0,128,1065,-6436,6680,0,0,0,0,0
8,90,19.807,39,913561,31,55,96,49345,0,0,0,0,0,128,1065,-6436,6680,0,0,0,0,0
8,90,19.859,40,913617,31,55,96,49345,0,0,0,0,0,128,1065,-6436,6680,0,0,0,0,0
8,90,19.915,41,913673,31,55,96,49345,0,0,0,0,0,128,1065,-6436,6680,0,0,0,0,0
8,90,19.97,42,913729,31,55,96,49345,0,0,0,0,0,128,1065,-6436,6680,0,0,0,0,0
8,90,20.095,44,913841,31,55,96,49345,0,0,0,0,0,128,1065,-6436,6680,0,0,0,0,0
8,90,20.194,46,913953,31,55,96,49345,0,0,0,0,0,128,1065,-6436,6680,0,0,0,0,0
8,90,20.251,47,914009,31,55,96,49345,0,0,0,0,0,128,1065,-6436,6680,0,0,0,0,0
8,90,20.307,48,914065,31,55,96,49345,0,0,0,0,0,128,1065,-6436,6680,0,0,0,0,0
8,90,20.37,49,914121,31,55,96,49345,0,0,0,0,0,128,1065,-6436,6680,0,0,0,0,0
8,90,20.414,50,914173,31,55,96,49345,0,0,0,0,0,128,1065,-6436,6680,0,0,0,0,0
8,90,20.475,51,914229,31,55,96,49345,0,0,0,0,0,128,1065,-6436,6680,0,0,0,0,0
8,90,20.532,52,914285,31,55,96,49345,0,0,0,0,0,128,1065,-6436,6680,0,0,0,0,0
8,90,20.583,53,914341,31,55,96,49345,0,0,0,0,0,128,1065,-6436,6680,0,0,0,0,0
8,90,20.64,54,914397,31,55,96,49345,0,0,0,0,0,128,1065,-6436,6680,0,0,0,0,0
8,90,20.694,55,914453,31,55,96,49345,0,0,0,0,0,128,1065,-6436,6680,0,0,0,0,0
8,90,20.862,58,914621,31,55,96,49345,0,0,0,0,0,128,1065,-6436,6680,0,0,0,0,0
8,90,20.924,59,914677,31,55,96,49345,0,0,0,0,0,128,1065,-6436,6680,0,0,0,0,0
8,90,21.046,60,914733,31,55,96,49345,0,0,0,0,0,128,1065,-6436,6680,0,0,0,0,0
8,90,21.046,61,914789,31,55,96,49345,0,0,0,0,0,128,1065,-6436,6680,0,0,0,0,0
8,90,21.087,62,914845,31,55,96,49345,0,0,0,0,0,128,1065,-6436,6680,0,0,0,0,0
8,90,21.142,63,914901,31,55,96,49345,0,0,0,0,0,128,1065,-6436,6680,0,0,0,0,0
8,90,21.197,64,914957,31,55,96,49345,0,0,0,0,0,128,1065,-6436,6680,0,0,0,0,0
8,90,21.255,65,915013,31,55,96,49345,0,0,0,0,0,128,1065,-6436,6680,0,0,0,0,0
8,90,21.312,66,915069,31,55,96,49345,0,0,0,0,0,128,1065,-6436,6680,0,0,0,0,0
8,90,21.437,68,915181,31,55,96,49345,0,0,0,0,0,128,1065,-6436,6680,0,0,0,0,0
8,90,21.474,69,915233,31,55,96,49345,0,0,0,0,0,128,1065,-6436,6680,0,0,0,0,0
8,90,21.53,70,915289,31,55,96,49345,0,0,0,0,0,128,1065,-6436,6680,0,0,0,0,0
8,90,21.587,71,915345,31,55,96,49345,0,0,0,0,0,128,1065,-6436,6680,0,0,0,0,0
8,90,21.642,72,915401,31,55,96,49345,0,0,0,0,0,128,1065,-6436,6680,0,0,0,0,0
8,90,21.699,73,915457,31,55,96,49345,0,0,0,0,0,128,1065,-6436,6680,0,0,0,0,0
8,90,21.755,74,915513,31,55,96,49345,0,0,0,0,0,128,1065,-6436,6680,0,0,0,0,0
8,90,21.812,75,915569,31,55,96,49345,0,0,0,0,0,128,1065,-6436,6680,0,0,0,0,0
8,90,21.866,76,915625,31,55,96,49345,0,0,0,0,0,128,1065,-6436,6680,0,0,0,0,0
8,90,21.925,77,915681,31,55,96,49345,0,0,0,0,0,128,1065,-6436,6680,0,0,0,0,0
8,90,21.978,78,915737,31,55,96,49345,0,0,0,0,0,128,1065,-6436,6680,0,0,0,0,0
8,90,22.033,79,915793,31,55,96,49345,0,0,0,0,0,128,1065,-6436,6680,0,0,0,0,0
8,90,22.089,80,915849,31,55,96,49345,0,0,0,0,0,128,1065,-6436,6680,0,0,0,0,0
8,90,22.148,81,915905,31,55,96,49345,0,0,0,0,0,128,1065,-6436,6680,0,0,0,0,0
8,90,22.204,82,915961,31,55,96,49345,0,0,0,0,0,128,1065,-6436,6680,0,0,0,0,0
8,90,22.26,83,916017,31,55,96,49345,0,0,0,0,0,128,1065,-6436,6680,0,0,0,0,0
8,90,22.317,84,916073,31,55,96,49345,0,0,0,0,0,128,1065,-6436,6680,0,0,0,0,0
8,90,22.372,85,916129,31,55,96,49345,0,0,0,0,0,128,1065,-6436,6680,0,0,0,0,0
8,90,22.426,86,916185,31,55,96,49345,0,0,0,0,0,128,1065,-6436,6680,0,0,0,0,0
8,90,22.492,87,916241,31,55,96,49345,0,0,0,0,0,128,1065,-6436,6680,0,0,0,0,0
8,90,22.535,88,916293,31,55,96,49345,0,0,0,0,0,128,1065,-6436,6680,0,0,0,0,0
8,90,22.589,89,916349,31,55,96,49345,0,0,0,0,0,128,1065,-6436,6680,0,0,0,0,0
8,90,22.704,91,916461,31,55,96,49345,0,0,0,0,0,128,1065,-6436,6680,0,0,0,0,0
8,90,22.775,92,916517,31,55,96,49345,0,0,0,0,0,128,1065,-6436,6680,0,0,0,0,0
8,90,22.823,93,916573,31,55,96,49345,0,0,0,0,0,128,1065,-6436,6680,0,0,0,0,0
8,90,22.878,94,916629,31,55,96,49345,0,0,0,0,0,128,1065,-6436,6680,0,0,0,0,0
8,90,22.926,95,916685,31,55,96,49345,0,0,0,0,0,128,1065,-6436,6680,0,0,0,0,0
8,90,22.986,96,916741,31,55,96,49345,0,0,0,0,0,128,1065,-6436,6680,0,0,0,0,0
8,90,23.037,97,916797,31,55,96,49345,0,0,0,0,0,128,1065,-6436,6680,0,0,0,0,0
8,90,23.095,98,916853,31,55,96,49345,0,0,0,0,0,128,1065,-6436,6680,0,0,0,0,0
8,90,23.154,99,916909,31,55,96,49345,0,0,0,0,0,128,1065,-6436,6680,0,0,0,0,0
8,90,23.207,100,916965,31,55,96,49345,0,0,0,0,0,128,1065,-6436,6680,0,0,0,0,0
8,90,23.318,102,917077,31,55,96,49345,0,0,0,0,0,128,1065,-6436,6680,0,0,0,0,0
8,90,23.374,103,917133,31,55,96,49345,0,0,0,0,0,128,1065,-6436,6680,0,0,0,0,0
8,90,23.429,104,917189,31,55,96,49345,0,0,0,0,0,128,1065,-6436,6680,0,0,0,0,0
8,90,23.486,105,917245,31,55,96,49345,0,0,0,0,0,128,1065,-6436,6680,0,0,0,0,0
8,90,23.55,106,917301,31,55,96,49345,0,0,0,0,0,128,1065,-6436,6680,0,0,0,0,0
8,90,23.594,107,917353,31,55,96,49345,0,0,0,0,0,128,1065,-6436,6680,0,0,0,0,0
8,90,23.65,108,917409,31,55,96,49345,0,0,0,0,0,128,1065,-6436,6680,0,0,0,0,0
8,90,23.707,109,917465,31,55,96,49345,0,0,0,0,0,128,1065,-6436,6680,0,0,0,0,0
8,90,23.766,110,917521,31,55,96,49345,0,0,0,0,0,128,1065,-6436,6680,0,0,0,0,0
8,90,23.82,111,917577,31,55,96,49345,0,0,0,0,0,128,1065,-6436,6680,0,0,0,0,0
8,90,23.985,114,917745,31,55,96,49345,0,0,0,0,0,128,1065,-6436,6680,0,0,0,0,0
8,90,24.099,116,917857,31,55,96,49345,0,0,0,0,0,128,1065,-6436,6680,0,0,0,0,0
8,90,24.156,117,917913,31,55,96,49345,0,0,0,0,0,128,1065,-6436,6680,0,0,0,0,0
8,90,24.211,118,917969,31,55,96,49345,0,0,0,0,0,128,1065,-6436,6680,0,0,0,0,0
8,90,24.265,119,918025,31,55,96,49345,0,0,0,0,0,128,1065,-6436,6680,0,0,0,0,0
8,90,24.323,120,918081,31,55,96,49345,0,0,0,0,0,128,1065,-6436,6680,0,0,0,0,0
8,90,24.378,121,918137,31,55,96,49345,0,0,0,0,0,128,1065,-6436,6680,0,0,0,0,0
8,90,24.434,122,918193,31,55,96,49345,0,0,0,0,0,128,1065,-6436,6680,0,0,0,0,0
8,90,24.555,124,918305,31,55,96,49345,0,0,0,0,0,128,1065,-6436,6680,0,0,0,0,0
8,90,24.611,125,918361,31,55,96,49345,0,0,0,0,0,128,1065,-6436,6680,0,0,0,0,0
8,90,24.654,126,918413,31,55,96,49345,0,0,0,0,0,128,1065,-6436,6680,0,0,0,0,0
8,90,24.709,127,918469,31,55,96,49345,0,0,0,0,0,128,1065,-6436,6680,0,0,0,0,0
8,90,24.765,0,918525,31,55,96,49345,0,0,0,0,0,128,1065,-6436,6680,0,0,0,0,0
8,90,24.822,1,918581,31,55,96,49345,0,0,0,0,0,128,1065,-6436,6680,0,0,0,0,0
8,90,24.881,2,918637,31,55,96,49345,0,0,0,0,0,128,1065,-6436,6680,0,0,0,0,0
8,90,24.99,4,918749,31,55,96,49345,0,0,0,0,0,128,1065,-6436,6680,0,0,0,0,0
8,90,25.045,5,918805,31,55,96,49345,0,0,0,0,0,128,1065,-6436,6680,0,0,0,0,0
8,90,25.215,8,918973,31,55,96,49345,0,0,0,0,0,128,1065,-6436,6680,0,0,0,0,0
8,90,25.27,9,919029,31,55,96,49345,0,0,0,0,0,128,1065,-6436,6680,0,0,0,0,0
8,90,25.327,10,919085,31,55,96,49345,0,0,0,0,0,128,1065,-6436,6680,0,0,0,0,0
8,90,25.383,11,919141,31,55,96,49345,0,0,0,0,0,128,1065,-6436,6680,0,0,0,0,0
8,90,25.438,12,919197,31,55,96,49345,0,0,0,0,0,128,1065,-6436,6680,0,0,0,0,0
8,90,25.494,13,919253,31,55,96,49345,0,0,0,0,0,128,1065,-6436,6680,0,0,0,0,0
8,90,25.55,14,919309,31,55,96,49345,0,0,0,0,0,128,1065,-6436,6680,0,0,0,0,0
8,90,25.606,15,919365,31,55,96,49345,0,0,0,0,0,128,1065,-6436,6680,0,0,0,0,0
8,90,25.67,16,919421,31,55,96,49345,0,0,0,0,0,128,1065,-6436,6680,0,0,0,0,0
8,90,25.714,17,919473,31,55,96,49345,0,0,0,0,0,128,1065,-6436,6680,0,0,0,0,0
8,90,25.825,19,919585,31,55,96,49345,0,0,0,0,0,128,1065,-6436,6680,0,0,0,0,0
8,90,25.885,20,919641,31,55,96,49345,0,0,0,0,0,128,1065,-6436,6680,0,0,0,0,0
8,90,25.938,21,919697,31,55,96,49345,0,0,0,0,0,128,1065,-6436,6680,0,0,0,0,0
8,90,25.994,22,919753,31,55,96,49345,0,0,0,0,0,128,1065,-6436,6680,0,0,0,0,0
8,90,26.051,23,919809,31,55,96,49345,0,0,0,0,0,128,1065,-6436,6680,0,0,0,0,0
8,90,26.107,24,919865,31,55,96,49345,0,0,0,0,0,128,1065,-6436,6680,0,0,0,0,0
8,90,26.176,25,919921,31,55,96,49345,0,0,0,0,0,128,1065,-6436,6680,0,0,0,0,0
8,90,26.218,26,919977,31,55,96,49345,0,0,0,0,0,128,1065,-6436,6680,0,0,0,0,0
8,90,26.274,27,920033,31,55,96,49345,0,0,0,0,0,128,1065,-6436,6680,0,0,0,0,0
8,90,26.387,29,920145,31,55,96,49345,0,0,0,0,0,128,1065,-6436,6680,0,0,0,0,0
8,90,26.442,30,920201,31,55,96,49345,0,0,0,0,0,128,1065,-6436,6680,0,0,0,0,0
8,90,26.502,31,920257,31,55,96,49345,0,0,0,0,0,128,1065,-6436,6680,0,0,0,0,0
8,90,26.567,32,920313,31,55,96,49345,0,0,0,0,0,128,1065,-6436,6680,0,0,0,0,0
8,90,26.61,33,920369,31,55,96,49345,0,0,0,0,0,128,1065,-6436,6680,0,0,0,0,0
8,90,26.665,34,920425,31,55,96,49345,0,0,0,0,0,128,1065,-6436,6680,0,0,0,0,0
8,90,26.73,35,920481,31,55,96,49345,0,0,0,0,0,128,1065,-6436,6680,0,0,0,0,0
8,90,26.774,36,920533,31,55,96,49345,0,0,0,0,0,128,1065,-6436,6680,0,0,0,0,0
8,90,26.835,37,920589,31,55,96,49345,0,0,0,0,0,128,1065,-6436,6680,0,0,0,0,0
8,90,26.887,38,920645,31,55,96,49345,0,0,0,0,0,128,1065,-6436,6680,0,0,0,0,0
8,90,26.943,39,920701,31,55,96,49345,0,0,0,0,0,128,1065,-6436,6680,0,0,0,0,0
8,90,27.106,41,920813,31,55,96,49345,0,0,0,0,0,128,1065,-6436,6680,0,0,0,0,0
8,90,27.127,42,920869,31,55,96,49345,0,0,0,0,0,128,1065,-6436,6680,0,0,0,0,0
8,90,27.166,43,920925,31,55,96,49345,0,0,0,0,0,128,1065,-6436,6680,0,0,0,0,0
8,90,27.222,44,920981,31,55,96,49345,0,0,0,0,0,128,1065,-6436,6680,0,0,0,0,0
8,90,27.278,45,921037,31,55,96,49345,0,0,0,0,0,128,1065,-6436,6680,0,0,0,0,0
8,90,27.334,46,921093,31,55,96,49345,0,0,0,0,0,128,1065,-6436,6680,0,0,0,0,0
8,90,27.408,47,921149,31,55,96,49345,0,0,0,0,0,128,1065,-6436,6680,0,0,0,0,0
8,90,27.456,48,921205,31,55,96,49345,0,0,0,0,0,128,1065,-6436,6680,0,0,0,0,0
8,90,27.503,49,921261,31,55,96,49345,0,0,0,0,0,128,1065,-6436,6680,0,0,0,0,0
8,90,27.559,50,921317,31,55,96,49345,0,0,0,0,0,128,1065,-6436,6680,0,0,0,0,0
8,90,27.672,52,921429,31,55,96,49345,0,0,0,0,0,128,1065,-6436,6680,0,0,0,0,0
8,90,27.727,53,921485,31,55,96,49345,0,0,0,0,0,128,1065,-6436,6680,0,0,0,0,0
8,90,27.792,54,921541,31,55,96,49345,0,0,0,0,0,128,1065,-6436,6680,0,0,0,0,0
8,90,27.893,56,921649,31,55,96,49345,0,0,0,0,0,128,1065,-6436,6680,0,0,0,0,0
8,90,27.948,57,921705,31,55,96,49345,0,0,0,0,0,128,1065,-6436,6680,0,0,0,0,0
8,90,28.004,58,921761,31,55,96,49345,0,0,0,0,0,128,1065,-6436,6680,0,0,0,0,0
8,90,28.058,59,921817,31,55,96,49345,0,0,0,0,0,128,1065,-6436,6680,0,0,0,0,0
8,90,28.113,60,921873,31,55,96,49345,0,0,0,0,0,128,1065,-6436,6680,0,0,0,0,0
8,90,28.171,61,921929,31,55,96,49345,0,0,0,0,0,128,1065,-6436,6680,0,0,0,0,0
8,90,28.285,63,922041,31,55,96,49345,0,0,0,0,0,128,1065,-6436,6680,0,0,0,0,0
8,90,28.338,64,922097,31,55,96,49345,0,0,0,0,0,128,1065,-6436,6680,0,0,0,0,0
8,90,28.393,65,922153,31,55,96,49345,0,0,0,0,0,128,1065,-6436,6680,0,0,0,0,0
8,90,28.449,66,922209,31,55,96,49345,0,0,0,0,0,128,1065,-6436,6680,0,0,0,0,0
8,90,28.506,67,922265,31,55,96,49345,0,0,0,0,0,128,1065,-6436,6680,0,0,0,0,0
8,90,28.561,68,922321,31,55,96,49345,0,0,0,0,0,128,1065,-6436,6680,0,0,0,0,0
8,90,28.627,69,922377,31,55,96,49345,0,0,0,0,0,128,1065,-6436,6680,0,0,0,0,0
8,90,28.675,70,922433,31,55,96,49345,0,0,0,0,0,128,1065,-6436,6680,0,0,0,0,0
8,90,28.732,71,922489,31,55,96,49345,0,0,0,0,0,128,1065,-6436,6680,0,0,0,0,0
8,90,28.787,72,922545,31,55,96,49345,0,0,0,0,0,128,1065,-6436,6680,0,0,0,0,0
8,90,28.845,73,922601,31,55,96,49345,0,0,0,0,0,128,1065,-6436,6680,0,0,0,0,0
8,90,28.912,74,922653,31,55,96,49345,0,0,0,0,0,128,1065,-6436,6680,0,0,0,0,0
8,90,28.954,75,922709,31,55,96,49345,0,0,0,0,0,128,1065,-6436,6680,0,0,0,0,0
8,90,29.006,76,922765,31,55,96,49345,0,0,0,0,0,128,1065,-6436,6680,0,0,0,0,0
8,90,29.065,77,922821,31,55,96,49345,0,0,0,0,0,128,1065,-6436,6680,0,0,0,0,0
8,90,29.117,78,922877,31,55,96,49345,0,0,0,0,0,128,1065,-6436,6680,0,0,0,0,0
8,90,29.174,79,922933,31,55,96,49345,0,0,0,0,0,128,1065,-6436,6680,0,0,0,0,0
8,90,29.23,80,922989,31,55,96,49345,0,0,0,0,0,128,1065,-6436,6680,0,0,0,0,0
8,90,29.343,82,923101,31,55,96,49345,0,0,0,0,0,128,1065,-6436,6680,0,0,0,0,0
8,90,29.398,83,923157,31,55,96,49345,0,0,0,0,0,128,1065,-6436,6680,0,0,0,0,0
8,90,29.509,85,923269,31,55,96,49345,0,0,0,0,0,128,1065,-6436,6680,0,0,0,0,0
8,90,29.568,86,923325,31,55,96,49345,0,0,0,0,0,128,1065,-6436,6680,0,0,0,0,0
8,90,29.622,87,923381,31,55,96,49345,0,0,0,0,0,128,1065,-6436,6680,0,0,0,0,0
8,90,29.678,88,923437,31,55,96,49345,0,0,0,0,0,128,1065,-6436,6680,0,0,0,0,0
8,90,29.737,89,923493,31,55,96,49345,0,0,0,0,0,128,1065,-6436,6680,0,0,0,0,0
8,90,29.802,90,923549,31,55,96,49345,0,0,0,0,0,128,1065,-6436,6680,0,0,0,0,0
8,90,29.846,91,923605,31,55,96,49345,0,0,0,0,0,128,1065,-6436,6680,0,0,0,0,0
8,90,29.912,92,923661,31,55,96,49345,0,0,0,0,0,128,1065,-6436,6680,0,0,0,0,0
8,90,29.956,93,923713,31,55,96,49345,0,0,0,0,0,128,1065,-6436,6680,0,0,0,0,0
8,90,30.011,94,923769,31,55,96,49345,0,0,0,0,0,128,1065,-6436,6680,0,0,0,0,0
8,90,30.07,95,923825,31,55,96,49345,0,0,0,0,0,128,1065,-6436,6680,0,0,0,0,0
8,90,30.181,97,923937,31,55,96,49345,0,0,0,0,0,128,1065,-6436,6680,0,0,0,0,0
8,90,30.239,98,923993,31,55,96,49345,0,0,0,0,0,128,1065,-6436,6680,0,0,0,0,0
8,90,30.29,99,924049,31,55,96,49345,0,0,0,0,0,128,1065,-6436,6680,0,0,0,0,0
8,90,30.35,100,924105,31,55,96,49345,0,0,0,0,0,128,1065,-6436,6680,0,0,0,0,0
8,90,30.402,101,924161,31,55,96,49345,0,0,0,0,0,128,1065,-6436,6680,0,0,0,0,0
8,90,30.462,102,924217,31,55,96,49345,0,0,0,0,0,128,1065,-6436,6680,0,0,0,0,0
8,90,30.514,103,924273,31,55,96,49345,0,0,0,0,0,128,1065,-6436,6680,0,0,0,0,0
8,90,30.57,104,924329,31,55,96,49345,0,0,0,0,0,128,1065,-6436,6680,0,0,0,0,0
8,90,30.625,105,924385,31,55,96,49345,0,0,0,0,0,128,1065,-6436,6680,0,0,0,0,0
8,90,30.685,106,924441,31,55,96,49345,0,0,0,0,0,128,1065,-6436,6680,0,0,0,0,0
8,90,30.741,107,924497,31,55,96,49345,0,0,0,0,0,128,1065,-6436,6680,0,0,0,0,0
8,90,30.794,108,924553,31,55,96,49345,0,0,0,0,0,128,1065,-6436,6680,0,0,0,0,0
8,90,30.851,109,924609,31,55,96,49345,0,0,0,0,0,128,1065,-6436,6680,0,0,0,0,0
8,90,30.909,110,924665,31,55,96,49345,0,0,0,0,0,128,1065,-6436,6680,0,0,0,0,0
8,90,30.988,111,924721,31,55,96,49345,0,0,0,0,0,128,1065,-6436,6680,0,0,0,0,0
8,90,31.026,112,924773,31,55,96,49345,0,0,0,0,0,128,1065,-6436,6680,0,0,0,0,0
8,90,31.074,113,924829,31,55,96,49345,0,0,0,0,0,128,1065,-6436,6680,0,0,0,0,0
8,90,31.127,114,924885,31,55,96,49345,0,0,0,0,0,128,1065,-6436,6680,0,0,0,0,0
8,90,31.187,115,924941,31,55,96,49345,0,0,0,0,0,128,1065,-6436,6680,0,0,0,0,0
8,90,31.24,116,924997,31,55,96,49345,0,0,0,0,0,128,1065,-6436,6680,0,0,0,0,0
8,90,31.3,117,925053,31,55,96,49345,0,0,0,0,0,128,1065,-6436,6680,0,0,0,0,0
8,90,31.406,119,925165,31,55,96,49345,0,0,0,0,0,128,1065,-6436,6680,0,0,0,0,0
8,90,31.462,120,925221,31,55,96,49345,0,0,0,0,0,128,1065,-6436,6680,0,0,0,0,0
9,-107,0.006,120,953785,31,55,96,49345,0,0,0,0,0,128,1065,-6436,6680,0,0,0,0,0
9,-107,0.063,121,953845,31,55,96,49345,0,0,0,0,0,128,1066,-6436,6680,800,-800,0,0,0
9,-107,0.14,122,953917,31,56,95,49300,0,0,0,-3,-20,130,1069,-6438,6666,1200,-1200,0,0,0
9,-107,0.208,123,953989,31,56,94,49195,0,0,0,-3,-39,133,1072,-6438,6638,1500,-1400,0,0,0
9,-107,0.281,124,954061,31,58,93,48965,0,0,0,-3,-76,136,1075,-6438,6577,1800,-1800,0,0,0
9,-107,0.353,125,954133,31,60,90,48570,0,0,0,16,-112,137,1078,-6422,6488,2200,-2200,0,0,0
9,-107,0.413,126,954183,31,61,89,48186,0,0,0,36,-128,137,1080,-6397,6411,2500,-2500,0,0,0
9,-107,0.477,127,954253,31,62,86,47400,0,0,0,79,-171,137,1083,-6333,6266,2800,-2800,0,0,0
9,-107,0.546,0,954325,31,63,84,46335,0,0,0,128,-200,137,1086,-6222,6094,2800,-2900,0,0,0
9,-107,0.688,2,954469,31,63,78,43961,0,0,0,148,-226,137,1092,-5977,5708,2800,-2800,0,0,0
9,-107,0.77,3,954541,31,62,75,42760,0,0,0,128,-200,137,1095,-5855,5511,2800,-2600,0,0,0
9,-107,0.833,4,954613,31,61,73,41545,0,0,0,128,-200,137,1098,-5727,5316,2700,-2300,0,0,0
9,-107,0.909,5,954685,31,60,71,40409,0,0,0,135,-194,137,1101,-5600,5141,2700,-2200,0,0,0
9,-107,0.976,6,954757,31,59,71,39340,0,0,0,118,-174,137,1104,-5477,4980,2200,-1500,0,0,0
9,-107,1.125,8,954906,31,59,71,38151,0,0,0,0,0,137,1112,-5319,4822,0,0,0,0,0
9,-107,1.247,10,955029,31,59,71,38151,0,0,0,0,0,137,1117,-5319,4822,0,0,0,0,0
9,-107,1.32,11,955101,31,59,71,38151,0,0,0,0,0,137,1120,-5319,4822,0,0,0,0,0
9,-107,1.394,12,955173,31,59,71,38151,0,0,0,0,0,137,1123,-5319,4822,0,0,0,0,0
9,-107,1.464,13,955245,31,59,71,38151,0,0,0,0,0,137,1126,-5319,4822,0,0,0,0,0
9,-107,1.609,15,955389,31,59,71,38151,0,0,0,0,0,137,1132,-5319,4822,0,0,0,0,0
9,-107,1.682,16,955461,31,59,71,38151,0,0,0,0,0,137,1135,-5319,4822,0,0,0,0,0
9,-107,1.754,17,955533,31,59,71,38151,0,0,0,0,0,137,1138,-5319,4822,0,0,0,0,0
9,-107,1.827,18,955605,31,59,71,38151,0,0,0,0,0,137,1141,-5319,4822,0,0,0,0,0
9,-107,1.969,20,955749,31,59,71,38151,0,0,0,0,0,137,1147,-5319,4822,0,0,0,0,0
9,-107,2.04,21,955821,31,59,71,38151,0,0,0,0,0,137,1150,-5319,4822,0,0,0,0,0
9,-107,2.119,22,955893,31,59,71,38151,0,0,0,0,0,137,1153,-5319,4822,0,0,0,0,0
9,-107,2.183,23,955965,31,59,71,38151,0,0,0,0,0,137,1156,-5319,4822,0,0,0,0,0
9,-107,2.257,24,956037,31,59,71,38151,0,0,0,0,0,137,1159,-5319,4822,0,0,0,0,0
9,-107,2.328,25,956109,31,59,71,38151,0,0,0,0,0,137,1162,-5319,4822,0,0,0,0,0
9,-107,2.472,27,956253,31,59,71,38151,0,0,0,0,0,137,1168,-5319,4822,0,0,0,0,0
9,-107,2.617,29,956381,31,59,71,38151,0,0,0,0,0,137,1172,-5319,4822,0,0,0,0,0
9,-107,2.657,30,956437,31,59,71,38151,0,0,0,0,0,137,1172,-5319,4822,0,0,0,0,0
9,-107,2.711,31,956493,31,59,71,38151,0,0,0,0,0,137,1172,-5319,4822,0,0,0,0,0
9,-107,2.823,33,956605,31,59,71,38151,0,0,0,0,0,137,1172,-5319,4822,0,0,0,0,0
9,-107,2.892,34,956661,31,59,71,38151,0,0,0,0,0,137,1172,-5319,4822,0,0,0,0,0
9,-107,2.938,35,956717,31,59,71,38151,0,0,0,0,0,137,1172,-5319,4822,0,0,0,0,0
9,-107,2.993,36,956773,31,59,71,38151,0,0,0,0,0,137,1172,-5319,4822,0,0,0,0,0
9,-107,3.049,37,956829,31,59,71,38151,0,0,0,0,0,137,1172,-5319,4822,0,0,0,0,0
9,-107,3.104,38,956885,31,59,71,38151,0,0,0,0,0,137,1172,-5319,4822,0,0,0,0,0
9,-107,3.162,39,956941,31,59,71,38151,0,0,0,0,0,137,1172,-5319,4822,0,0,0,0,0
9,-107,3.216,40,956997,31,59,71,38151,0,0,0,0,0,137,1172,-5319,4822,0,0,0,0,0
9,-107,3.281,41,957053,31,59,71,38151,0,0,0,0,0,137,1172,-5319,4822,0,0,0,0,0
9,-107,3.325,42,957105,31,59,71,38151,0,0,0,0,0,137,1172,-5319,4822,0,0,0,0,0
9,-107,3.492,45,957273,31,59,71,38151,0,0,0,0,0,137,1172,-5319,4822,0,0,0,0,0
9,-107,3.547,46,957329,31,59,71,38151,0,0,0,0,0,137,1172,-5319,4822,0,0,0,0,0
9,-107,3.607,47,957385,31,59,71,38151,0,0,0,0,0,137,1172,-5319,4822,0,0,0,0,0
9,-107,3.66,48,957441,31,59,71,38151,0,0,0,0,0,137,1172,-5319,4822,0,0,0,0,0
9,-107,3.717,49,957497,31,59,71,38151,0,0,0,0,0,137,1172,-5319,4822,0,0,0,0,0
9,-107,3.773,50,957553,31,59,71,38151,0,0,0,0,0,137,1172,-5319,4822,0,0,0,0,0
9,-107,3.829,51,957609,31,59,71,38151,0,0,0,0,0,137,1172,-5319,4822,0,0,0,0,0
9,-107,3.89,52,957665,31,59,71,38151,0,0,0,0,0,137,1172,-5319,4822,0,0,0,0,0
9,-107,3.94,53,957721,31,59,71,38151,0,0,0,0,0,137,1172,-5319,4822,0,0,0,0,0
9,-107,4.052,55,957833,31,59,71,38151,0,0,0,0,0,137,1172,-5319,4822,0,0,0,0,0
9,-107,4.107,56,957889,31,59,71,38151,0,0,0,0,0,137,1172,-5319,4822,0,0,0,0,0
9,-107,4.165,57,957945,31,59,71,38151,0,0,0,0,0,137,1172,-5319,4822,0,0,0,0,0
9,-107,4.22,58,958001,31,59,71,38151,0,0,0,0,0,137,1172,-5319,4822,0,0,0,0,0
9,-107,4.275,59,958057,31,59,71,38151,0,0,0,0,0,137,1172,-5319,4822,0,0,0,0,0
9,-107,4.34,60,958113,31,59,71,38151,0,0,0,0,0,137,1172,-5319,4822,0,0,0,0,0
9,-107,4.384,61,958165,31,59,71,38151,0,0,0,0,0,137,1172,-5319,4822,0,0,0,0,0
9,-107,4.439,62,958221,31,59,71,38151,0,0,0,0,0,137,1172,-5319,4822,0,0,0,0,0
9,-107,4.497,63,958277,31,59,71,38151,0,0,0,0,0,137,1172,-5319,4822,0,0,0,0,0
9,-107,4.552,64,958333,31,59,71,38151,0,0,0,0,0,137,1172,-5319,4822,0,0,0,0,0
9,-107,4.665,66,958445,31,59,71,38151,0,0,0,0,0,137,1172,-5319,4822,0,0,0,0,0
9,-107,4.721,67,958501,31,59,71,38151,0,0,0,0,0,137,1172,-5319,4822,0,0,0,0,0
9,-107,4.776,68,958557,31,59,71,38151,0,0,0,0,0,137,1172,-5319,4822,0,0,0,0,0
9,-107,4.832,69,958613,31,59,71,38151,0,0,0,0,0,137,1172,-5319,4822,0,0,0,0,0
9,-107,4.887,70,958669,31,59,71,38151,0,0,0,0,0,137,1172,-5319,4822,0,0,0,0,0
9,-107,4.948,71,958725,31,59,71,38151,0,0,0,0,0,137,1172,-5319,4822,0,0,0,0,0
9,-107,5.0,72,958781,31,59,71,38151,0,0,0,0,0,137,1172,-5319,4822,0,0,0,0,0
9,-107,5.058,73,958837,31,59,71,38151,0,0,0,0,0,137,1172,-5319,4822,0,0,0,0,0
9,-107,5.116,74,958893,31,59,71,38151,0,0,0,0,0,137,1172,-5319,4822,0,0,0,0,0
9,-107,5.168,75,958949,31,59,71,38151,0,0,0,0,0,137,1172,-5319,4822,0,0,0,0,0
9,-107,5.281,77,959061,31,59,71,38151,0,0,0,0,0,137,1172,-5319,4822,0,0,0,0,0
9,-107,5.335,78,959117,31,59,71,38151,0,0,0,0,0,137,1172,-5319,4822,0,0,0,0,0
9,-107,5.399,79,959173,31,59,71,38151,0,0,0,0,0,137,1172,-5319,4822,0,0,0,0,0
9,-107,5.444,80,959225,31,59,71,38151,0,0,0,0,0,137,1172,-5319,4822,0,0,0,0,0
9,-107,5.499,81,959281,31,59,71,38151,0,0,0,0,0,137,1172,-5319,4822,0,0,0,0,0
9,-107,5.559,82,959337,31,59,71,38151,0,0,0,0,0,137,1172,-5319,4822,0,0,0,0,0
9,-107,5.62,83,959393,31,59,71,38151,0,0,0,0,0,137,1172,-5319,4822,0,0,0,0,0
9,-107,5.668,84,959449,31,59,71,38151,0,0,0,0,0,137,1172,-5319,4822,0,0,0,0,0
9,-107,5.724,85,959505,31,59,71,38151,0,0,0,0,0,137,1172,-5319,4822,0,0,0,0,0
9,-107,5.78,86,959561,31,59,71,38151,0,0,0,0,0,137,1172,-5319,4822,0,0,0,0,0
9,-107,5.951,89,959729,31,59,71,38151,0,0,0,0,0,137,1172,-5319,4822,0,0,0,0,0
9,-107,6.005,90,959785,31,59,71,38151,0,0,0,0,0,137,1172,-5319,4822,0,0,0,0,0
9,-107,6.071,91,959841,31,59,71,38151,0,0,0,0,0,137,1172,-5319,4822,0,0,0,0,0
9,-107,6.116,92,959897,31,59,71,38151,0,0,0,0,0,137,1172,-5319,4822,0,0,0,0,0
9,-107,6.172,93,959953,31,59,71,38151,0,0,0,0,0,137,1172,-5319,4822,0,0,0,0,0
9,-107,6.231,94,960009,31,59,71,38151,0,0,0,0,0,137,1172,-5319,4822,0,0,0,0,0
9,-107,6.283,95,960065,31,59,71,38151,0,0,0,0,0,137,1172,-5319,4822,0,0,0,0,0
9,-107,6.342,96,960121,31,59,71,38151,0,0,0,0,0,137,1172,-5319,4822,0,0,0,0,0
9,-107,6.396,97,960177,31,59,71,38151,0,0,0,0,0,137,1172,-5319,4822,0,0,0,0,0
9,-107,6.563,100,960341,31,59,71,38151,0,0,0,0,0,137,1172,-5319,4822,0,0,0,0,0
9,-107,6.616,101,960397,31,59,71,38151,0,0,0,0,0,137,1172,-5319,4822,0,0,0,0,0
9,-107,6.676,102,960453,31,59,71,38151,0,0,0,0,0,137,1172,-5319,4822,0,0,0,0,0
9,-107,6.729,103,960509,31,59,71,38151,0,0,0,0,0,137,1172,-5319,4822,0,0,0,0,0
9,-107,6.783,104,960565,31,59,71,38151,0,0,0,0,0,137,1172,-5319,4822,0,0,0,0,0
9,-107,6.839,105,960621,31,59,71,38151,0,0,0,0,0,137,1172,-5319,4822,0,0,0,0,0
9,-107,6.897,106,960677,31,59,71,38151,0,0,0,0,0,137,1172,-5319,4822,0,0,0,0,0
9,-107,6.951,107,960733,31,59,71,38151,0,0,0,0,0,137,1172,-5319,4822,0,0,0,0,0
9,-107,7.009,108,960789,31,59,71,38151,0,0,0,0,0,137,1172,-5319,4822,0,0,0,0,0
9,-107,7.065,109,960845,31,59,71,38151,0,0,0,0,0,137,1172,-5319,4822,0,0,0,0,0
9,-107,7.122,110,960901,31,59,71,38151,0,0,0,0,0,137,1172,-5319,4822,0,0,0,0,0
9,-107,7.178,111,960957,31,59,71,38151,0,0,0,0,0,137,1172,-5319,4822,0,0,0,0,0
9,-107,7.231,112,961013,31,59,71,38151,0,0,0,0,0,137,1172,-5319,4822,0,0,0,0,0
9,-107,7.29,113,961069,31,59,71,38151,0,0,0,0,0,137,1172,-5319,4822,0,0,0,0,0
9,-107,7.344,114,961125,31,59,71,38151,0,0,0,0,0,137,1172,-5319,4822,0,0,0,0,0
9,-107,7.402,115,961181,31,59,71,38151,0,0,0,0,0,137,1172,-5319,4822,0,0,0,0,0
9,-107,7.456,116,961237,31,59,71,38151,0,0,0,0,0,137,1172,-5319,4822,0,0,0,0,0
9,-107,7.521,117,961293,31,59,71,38151,0,0,0,0,0,137,1172,-5319,4822,0,0,0,0,0
9,-107,7.565,118,961345,31,59,71,38151,0,0,0,0,0,137,1172,-5319,4822,0,0,0,0,0
9,-107,7.62,119,961401,31,59,71,38151,0,0,0,0,0,137,1172,-5319,4822,0,0,0,0,0
9,-107,7.675,120,961457,31,59,71,38151,0,0,0,0,0,137,1172,-5319,4822,0,0,0,0,0
9,-107,7.787,122,961569,31,59,71,38151,0,0,0,0,0,137,1172,-5319,4822,0,0,0,0,0
9,-107,7.843,123,961625,31,59,71,38151,0,0,0,0,0,137,1172,-5319,4822,0,0,0,0,0
9,-107,7.899,124,961681,31,59,71,38151,0,0,0,0,0,137,1172,-5319,4822,0,0,0,0,0
9,-107,7.956,125,961737,31,59,71,38151,0,0,0,0,0,137,1172,-5319,4822,0,0,0,0,0
9,-107,8.016,126,961793,31,59,71,38151,0,0,0,0,0,137,1172,-5319,4822,0,0,0,0,0
9,-107,8.068,127,961849,31,59,71,38151,0,0,0,0,0,137,1172,-5319,4822,0,0,0,0,0
9,-107,8.127,0,961905,31,59,71,38151,0,0,0,0,0,137,1172,-5319,4822,0,0,0,0,0
9,-107,8.18,1,961961,31,59,71,38151,0,0,0,0,0,137,1172,-5319,4822,0,0,0,0,0
9,-107,8.239,2,962017,31,59,71,38151,0,0,0,0,0,137,1172,-5319,4822,0,0,0,0,0
9,-107,8.294,3,962073,31,59,71,38151,0,0,0,0,0,137,1172,-5319,4822,0,0,0,0,0
9,-107,8.403,5,962185,31,59,71,38151,0,0,0,0,0,137,1172,-5319,4822,0,0,0,0,0
9,-107,8.459,6,962241,31,59,71,38151,0,0,0,0,0,137,1172,-5319,4822,0,0,0,0,0
9,-107,8.579,8,962353,31,59,71,38151,0,0,0,0,0,137,1172,-5319,4822,0,0,0,0,0
9,-107,8.623,9,962405,31,59,71,38151,0,0,0,0,0,137,1172,-5319,4822,0,0,0,0,0
9,-107,8.686,10,962461,31,59,71,38151,0,0,0,0,0,137,1172,-5319,4822,0,0,0,0,0
9,-107,8.736,11,962517,31,59,71,38151,0,0,0,0,0,137,1172,-5319,4822,0,0,0,0,0
9,-107,8.793,12,962573,31,59,71,38151,0,0,0,0,0,137,1172,-5319,4822,0,0,0,0,0
9,-107,8.854,13,962629,31,59,71,38151,0,0,0,0,0,137,1172,-5319,4822,0,0,0,0,0
9,-107,8.906,14,962685,31,59,71,38151,0,0,0,0,0,137,1172,-5319,4822,0,0,0,0,0
9,-107,9.017,16,962797,31,59,71,38151,0,0,0,0,0,137,1172,-5319,4822,0,0,0,0,0
9,-107,9.073,17,962853,31,59,71,38151,0,0,0,0,0,137,1172,-5319,4822,0,0,0,0,0
9,-107,9.184,19,962965,31,59,71,38151,0,0,0,0,0,137,1172,-5319,4822,0,0,0,0,0
9,-107,9.249,20,963021,31,59,71,38151,0,0,0,0,0,137,1172,-5319,4822,0,0,0,0,0
9,-107,9.297,21,963077,31,59,71,38151,0,0,0,0,0,137,1172,-5319,4822,0,0,0,0,0
9,-107,9.352,22,963133,31,59,71,38151,0,0,0,0,0,137,1172,-5319,4822,0,0,0,0,0
9,-107,9.414,23,963189,31,59,71,38151,0,0,0,0,0,137,1172,-5319,4822,0,0,0,0,0
9,-107,9.463,24,963245,31,59,71,38151,0,0,0,0,0,137,1172,-5319,4822,0,0,0,0,0
9,-107,9.523,25,963301,31,59,71,38151,0,0,0,0,0,137,1172,-5319,4822,0,0,0,0,0
9,-107,9.64,27,963413,31,59,71,38151,0,0,0,0,0,137,1172,-5319,4822,0,0,0,0,0
9,-107,9.686,28,963465,31,59,71,38151,0,0,0,0,0,137,1172,-5319,4822,0,0,0,0,0
9,-107,9.744,29,963521,31,59,71,38151,0,0,0,0,0,137,1172,-5319,4822,0,0,0,0,0
9,-107,9.803,30,963577,31,59,71,38151,0,0,0,0,0,137,1172,-5319,4822,0,0,0,0,0
9,-107,9.853,31,963633,31,59,71,38151,0,0,0,0,0,137,1172,-5319,4822,0,0,0,0,0
9,-107,9.913,32,963689,31,59,71,38151,0,0,0,0,0,137,1172,-5319,4822,0,0,0,0,0
9,-107,9.963,33,963745,31,59,71,38151,0,0,0,0,0,137,1172,-5319,4822,0,0,0,0,0
9,-107,10.019,34,963801,31,59,71,38151,0,0,0,0,0,137,1172,-5319,4822,0,0,0,0,0
9,-107,10.076,35,963857,31,59,71,38151,0,0,0,0,0,137,1172,-5319,4822,0,0,0,0,0
9,-107,10.134,36,963913,31,59,71,38151,0,0,0,0,0,137,1172,-5319,4822,0,0,0,0,0
9,-107,10.257,38,964025,31,59,71,38151,0,0,0,0,0,137,1172,-5319,4822,0,0,0,0,0
9,-107,10.299,39,964081,31,59,71,38151,0,0,0,0,0,137,1172,-5319,4822,0,0,0,0,0
9,-107,10.355,40,964137,31,59,71,38151,0,0,0,0,0,137,1172,-5319,4822,0,0,0,0,0
9,-107,10.411,41,964193,31,59,71,38151,0,0,0,0,0,137,1172,-5319,4822,0,0,0,0,0
9,-107,10.471,42,964249,31,59,71,38151,0,0,0,0,0,137,1172,-5319,4822,0,0,0,0,0
9,-107,10.524,43,964305,31,59,71,38151,0,0,0,0,0,137,1172,-5319,4822,0,0,0,0,0
9,-107,10.579,44,964361,31,59,71,38151,0,0,0,0,0,137,1172,-5319,4822,0,0,0,0,0
9,-107,10.64,45,964417,31,59,71,38151,0,0,0,0,0,137,1172,-5319,4822,0,0,0,0,0
9,-107,10.7,46,964473,31,59,71,38151,0,0,0,0,0,137,1172,-5319,4822,0,0,0,0,0
9,-107,10.743,47,964525,31,59,71,38151,0,0,0,0,0,137,1172,-5319,4822,0,0,0,0,0
9,-107,10.801,48,964581,31,59,71,38151,0,0,0,0,0,137,1172,-5319,4822,0,0,0,0,0
9,-107,10.912,50,964693,31,59,71,38151,0,0,0,0,0,137,1172,-5319,4822,0,0,0,0,0
9,-107,10.969,51,964749,31,59,71,38151,0,0,0,0,0,137,1172,-5319,4822,0,0,0,0,0
9,-107,11.023,52,964805,31,59,71,38151,0,0,0,0,0,137,1172,-5319,4822,0,0,0,0,0
9,-107,11.13,53,964861,31,59,71,38151,0,0,0,0,0,137,1172,-5319,4822,0,0,0,0,0
9,-107,11.139,54,964917,31,59,71,38151,0,0,0,0,0,137,1172,-5319,4822,0,0,0,0,0
9,-107,11.194,55,964973,31,59,71,38151,0,0,0,0,0,137,1172,-5319,4822,0,0,0,0,0
9,-107,11.263,56,965029,31,59,71,38151,0,0,0,0,0,137,1172,-5319,4822,0,0,0,0,0
9,-107,11.302,57,965085,31,59,71,38151,0,0,0,0,0,137,1172,-5319,4822,0,0,0,0,0
9,-107,11.359,58,965141,31,59,71,38151,0,0,0,0,0,137,1172,-5319,4822,0,0,0,0,0
9,-107,11.417,59,965197,31,59,71,38151,0,0,0,0,0,137,1172,-5319,4822,0,0,0,0,0
9,-107,11.53,61,965309,31,59,71,38151,0,0,0,0,0,137,1172,-5319,4822,0,0,0,0,0
9,-107,11.584,62,965365,31,59,71,38151,0,0,0,0,0,137,1172,-5319,4822,0,0,0,0,0
9,-107,11.639,63,965421,31,59,71,38151,0,0,0,0,0,137,1172,-5319,4822,0,0,0,0,0
9,-107,11.697,64,965477,31,59,71,38151,0,0,0,0,0,137,1172,-5319,4822,0,0,0,0,0
9,-107,11.761,65,965533,31,59,71,38151,0,0,0,0,0,137,1172,-5319,4822,0,0,0,0,0
9,-107,11.804,66,965585,31,59,71,38151,0,0,0,0,0,137,1172,-5319,4822,0,0,0,0,0
9,-107,11.861,67,965641,31,59,71,38151,0,0,0,0,0,137,1172,-5319,4822,0,0,0,0,0
9,-107,11.916,68,965697,31,59,71,38151,0,0,0,0,0,137,1172,-5319,4822,0,0,0,0,0
9,-107,11.972,69,965753,31,59,71,38151,0,0,0,0,0,137,1172,-5319,4822,0,0,0,0,0
9,-107,12.027,70,965809,31,59,71,38151,0,0,0,0,0,137,1172,-5319,4822,0,0,0,0,0
9,-107,12.141,72,965921,31,59,71,38151,0,0,0,0,0,137,1172,-5319,4822,0,0,0,0,0
9,-107,12.196,73,965977,31,59,71,38151,0,0,0,0,0,137,1172,-5319,4822,0,0,0,0,0
9,-107,12.257,74,966033,31,59,71,38151,0,0,0,0,0,137,1172,-5319,4822,0,0,0,0,0
9,-107,12.308,75,966089,31,59,71,38151,0,0,0,0,0,137,1172,-5319,4822,0,0,0,0,0
9,-107,12.366,76,966145,31,59,71,38151,0,0,0,0,0,137,1172,-5319,4822,0,0,0,0,0
9,-107,12.419,77,966201,31,59,71,38151,0,0,0,0,0,137,1172,-5319,4822,0,0,0,0,0
9,-107,12.478,78,966257,31,59,71,38151,0,0,0,0,0,137,1172,-5319,4822,0,0,0,0,0
9,-107,12.533,79,966313,31,59,71,38151,0,0,0,0,0,137,1172,-5319,4822,0,0,0,0,0
9,-107,12.591,80,966369,31,59,71,38151,0,0,0,0,0,137,1172,-5319,4822,0,0,0,0,0
9,-107,12.656,81,966425,31,59,71,38151,0,0,0,0,0,137,1172,-5319,4822,0,0,0,0,0
9,-107,12.758,83,966537,31,59,71,38151,0,0,0,0,0,137,1172,-5319,4822,0,0,0,0,0
9,-107,12.864,85,966645,31,59,71,38151,0,0,0,0,0,137,1172,-5319,4822,0,0,0,0,0
9,-107,12.92,86,966701,31,59,71,38151,0,0,0,0,0,137,1172,-5319,4822,0,0,0,0,0
9,-107,12.975,87,966757,31,59,71,38151,0,0,0,0,0,137,1172,-5319,4822,0,0,0,0,0
9,-107,13.034,88,966813,31,59,71,38151,0,0,0,0,0,137,1172,-5319,4822,0,0,0,0,0
9,-107,13.098,89,966869,31,59,71,38151,0,0,0,0,0,137,1172,-5319,4822,0,0,0,0,0
9,-107,13.202,91,966981,31,59,71,38151,0,0,0,0,0,137,1172,-5319,4822,0,0,0,0,0
9,-107,13.258,92,967037,31,59,71,38151,0,0,0,0,0,137,1172,-5319,4822,0,0,0,0,0
9,-107,13.371,94,967149,31,59,71,38151,0,0,0,0,0,137,1172,-5319,4822,0,0,0,0,0
9,-107,13.537,97,967317,31,59,71,38151,0,0,0,0,0,137,1172,-5319,4822,0,0,0,0,0
9,-107,13.595,98,967373,31,59,71,38151,0,0,0,0,0,137,1172,-5319,4822,0,0,0,0,0
9,-107,13.648,99,967429,31,59,71,38151,0,0,0,0,0,137,1172,-5319,4822,0,0,0,0,0
9,-107,13.704,100,967485,31,59,71,38151,0,0,0,0,0,137,1172,-5319,4822,0,0,0,0,0
9,-107,13.759,101,967541,31,59,71,38151,0,0,0,0,0,137,1172,-5319,4822,0,0,0,0,0
9,-107,13.82,102,967597,31,59,71,38151,0,0,0,0,0,137,1172,-5319,4822,0,0,0,0,0
9,-107,13.879,103,967653,31,59,71,38151,0,0,0,0,0,137,1172,-5319,4822,0,0,0,0,0
9,-107,13.925,104,967705,31,59,71,38151,0,0,0,0,0,137,1172,-5319,4822,0,0,0,0,0
9,-107,13.98,105,967761,31,59,71,38151,0,0,0,0,0,137,1172,-5319,4822,0,0,0,0,0
9,-107,14.038,106,967817,31,59,71,38151,0,0,0,0,0,137,1172,-5319,4822,0,0,0,0,0
9,-107,14.093,107,967873,31,59,71,38151,0,0,0,0,0,137,1172,-5319,4822,0,0,0,0,0
9,-107,14.147,108,967929,31,59,71,38151,0,0,0,0,0,137,1172,-5319,4822,0,0,0,0,0
9,-107,14.206,109,967985,31,59,71,38151,0,0,0,0,0,137,1172,-5319,4822,0,0,0,0,0
9,-107,14.26,110,968041,31,59,71,38151,0,0,0,0,0,137,1172,-5319,4822,0,0,0,0,0
9,-107,14.421,111,968097,31,59,71,38151,0,0,0,0,0,137,1172,-5319,4822,0,0,0,0,0
9,-107,14.421,112,968153,31,59,71,38151,0,0,0,0,0,137,1172,-5319,4822,0,0,0,0,0
9,-107,14.437,113,968209,31,59,71,38151,0,0,0,0,0,137,1172,-5319,4822,0,0,0,0,0
9,-107,14.483,114,968265,31,59,71,38151,0,0,0,0,0,137,1172,-5319,4822,0,0,0,0,0
9,-107,14.539,115,968321,31,59,71,38151,0,0,0,0,0,137,1172,-5319,4822,0,0,0,0,0
9,-107,14.654,117,968433,31,59,71,38151,0,0,0,0,0,137,1172,-5319,4822,0,0,0,0,0
9,-107,14.706,118,968489,31,59,71,38151,0,0,0,0,0,137,1172,-5319,4822,0,0,0,0,0
9,-107,14.764,119,968545,31,59,71,38151,0,0,0,0,0,137,1172,-5319,4822,0,0,0,0,0
9,-107,14.825,120,968601,31,59,71,38151,0,0,0,0,0,137,1172,-5319,4822,0,0,0,0,0
9,-107,14.877,121,968657,31,59,71,38151,0,0,0,0,0,137,1172,-5319,4822,0,0,0,0,0
9,-107,14.94,122,968713,31,59,71,38151,0,0,0,0,0,137,1172,-5319,4822,0,0,0,0,0
9,-107,15.038,124,968821,31,59,71,38151,0,0,0,0,0,137,1172,-5319,4822,0,0,0,0,0
9,-107,15.095,125,968877,31,59,71,38151,0,0,0,0,0,137,1172,-5319,4822,0,0,0,0,0
9,-107,15.152,126,968933,31,59,71,38151,0,0,0,0,0,137,1172,-5319,4822,0,0,0,0,0
9,-107,15.264,0,969045,31,59,71,38151,0,0,0,0,0,137,1172,-5319,4822,0,0,0,0,0
9,-107,15.318,1,969101,31,59,71,38151,0,0,0,0,0,137,1172,-5319,4822,0,0,0,0,0
9,-107,15.382,2,969157,31,59,71,38151,0,0,0,0,0,137,1172,-5319,4822,0,0,0,0,0
9,-107,15.434,3,969213,31,59,71,38151,0,0,0,0,0,137,1172,-5319,4822,0,0,0,0,0
9,-107,15.488,4,969269,31,59,71,38151,0,0,0,0,0,137,1172,-5319,4822,0,0,0,0,0
9,-107,15.547,5,969325,31,59,71,38151,0,0,0,0,0,137,1172,-5319,4822,0,0,0,0,0
9,-107,15.598,6,969381,31,59,71,38151,0,0,0,0,0,137,1172,-5319,4822,0,0,0,0,0
9,-107,15.655,7,969437,31,59,71,38151,0,0,0,0,0,137,1172,-5319,4822,0,0,0,0,0
9,-107,15.714,8,969493,31,59,71,38151,0,0,0,0,0,137,1172,-5319,4822,0,0,0,0,0
9,-107,15.765,9,969549,31,59,71,38151,0,0,0,0,0,137,1172,-5319,4822,0,0,0,0,0
9,-107,15.878,11,969661,31,59,71,38151,0,0,0,0,0,137,1172,-5319,4822,0,0,0,0,0
9,-107,15.935,12,969717,31,59,71,38151,0,0,0,0,0,137,1172,-5319,4822,0,0,0,0,0
9,-107,15.999,13,969773,31,59,71,38151,0,0,0,0,0,137,1172,-5319,4822,0,0,0,0,0
9,-107,16.042,14,969825,31,59,71,38151,0,0,0,0,0,137,1172,-5319,4822,0,0,0,0,0
9,-107,16.1,15,969881,31,59,71,38151,0,0,0,0,0,137,1172,-5319,4822,0,0,0,0,0
9,-107,16.154,16,969937,31,59,71,38151,0,0,0,0,0,137,1172,-5319,4822,0,0,0,0,0
9,-107,16.266,18,970049,31,59,71,38151,0,0,0,0,0,137,1172,-5319,4822,0,0,0,0,0
9,-107,16.324,19,970105,31,59,71,38151,0,0,0,0,0,137,1172,-5319,4822,0,0,0,0,0
9,-107,16.381,20,970161,31,59,71,38151,0,0,0,0,0,137,1172,-5319,4822,0,0,0,0,0
9,-107,16.491,22,970273,31,59,71,38151,0,0,0,0,0,137,1172,-5319,4822,0,0,0,0,0
9,-107,16.548,23,970329,31,59,71,38151,0,0,0,0,0,137,1172,-5319,4822,0,0,0,0,0
9,-107,16.603,24,970385,31,59,71,38151,0,0,0,0,0,137,1172,-5319,4822,0,0,0,0,0
9,-107,16.662,25,970441,31,59,71,38151,0,0,0,0,0,137,1172,-5319,4822,0,0,0,0,0
9,-107,16.718,26,970497,31,59,71,38151,0,0,0,0,0,137,1172,-5319,4822,0,0,0,0,0
9,-107,16.775,27,970553,31,59,71,38151,0,0,0,0,0,137,1172,-5319,4822,0,0,0,0,0
9,-107,16.829,28,970609,31,59,71,38151,0,0,0,0,0,137,1172,-5319,4822,0,0,0,0,0
9,-107,16.883,29,970665,31,59,71,38151,0,0,0,0,0,137,1172,-5319,4822,0,0,0,0,0
9,-107,16.942,30,970721,31,59,71,38151,0,0,0,0,0,137,1172,-5319,4822,0,0,0,0,0
9,-107,16.997,31,970777,31,59,71,38151,0,0,0,0,0,137,1172,-5319,4822,0,0,0,0,0
9,-107,17.053,32,970833,31,59,71,38151,0,0,0,0,0,137,1172,-5319,4822,0,0,0,0,0
9,-107,17.104,33,970885,31,59,71,38151,0,0,0,0,0,137,1172,-5319,4822,0,0,0,0,0
9,-107,17.167,34,970941,31,59,71,38151,0,0,0,0,0,137,1172,-5319,4822,0,0,0,0,0
9,-107,17.214,35,970997,31,59,71,38151,0,0,0,0,0,137,1172,-5319,4822,0,0,0,0,0
9,-107,17.273,36,971053,31,59,71,38151,0,0,0,0,0,137,1172,-5319,4822,0,0,0,0,0
9,-107,17.328,37,971109,31,59,71,38151,0,0,0,0,0,137,1172,-5319,4822,0,0,0,0,0
9,-107,17.385,38,971165,31,59,71,38151,0,0,0,0,0,137,1172,-5319,4822,0,0,0,0,0
9,-107,17.439,39,971221,31,59,71,38151,0,0,0,0,0,137,1172,-5319,4822,0,0,0,0,0
9,-107,17.496,40,971277,31,59,71,38151,0,0,0,0,0,137,1172,-5319,4822,0,0,0,0,0
9,-107,17.551,41,971333,31,59,71,38151,0,0,0,0,0,137,1172,-5319,4822,0,0,0,0,0
9,-107,17.607,42,971389,31,59,71,38151,0,0,0,0,0,137,1172,-5319,4822,0,0,0,0,0
9,-107,17.72,44,971501,31,59,71,38151,0,0,0,0,0,137,1172,-5319,4822,0,0,0,0,0
9,-107,17.776,45,971557,31,59,71,38151,0,0,0,0,0,137,1172,-5319,4822,0,0,0,0,0
9,-107,17.831,46,971613,31,59,71,38151,0,0,0,0,0,137,1172,-5319,4822,0,0,0,0,0
9,-107,17.89,47,971669,31,59,71,38151,0,0,0,0,0,137,1172,-5319,4822,0,0,0,0,0
9,-107,17.944,48,971725,31,59,71,38151,0,0,0,0,0,137,1172,-5319,4822,0,0,0,0,0
9,-107,18.004,49,971781,31,59,71,38151,0,0,0,0,0,137,1172,-5319,4822,0,0,0,0,0
9,-107,18.057,50,971837,31,59,71,38151,0,0,0,0,0,137,1172,-5319,4822,0,0,0,0,0
9,-107,18.118,51,971893,31,59,71,38151,0,0,0,0,0,137,1172,-5319,4822,0,0,0,0,0
9,-107,18.165,52,971945,31,59,71,38151,0,0,0,0,0,137,1172,-5319,4822,0,0,0,0,0
9,-107,18.23,53,972001,31,59,71,38151,0,0,0,0,0,137,1172,-5319,4822,0,0,0,0,0
9,-107,18.276,54,972057,31,59,71,38151,0,0,0,0,0,137,1172,-5319,4822,0,0,0,0,0
9,-107,18.386,56,972169,31,59,71,38151,0,0,0,0,0,137,1172,-5319,4822,0,0,0,0,0
9,-107,18.442,57,972225,31,59,71,38151,0,0,0,0,0,137,1172,-5319,4822,0,0,0,0,0
9,-107,18.498,58,972281,31,59,71,38151,0,0,0,0,0,137,1172,-5319,4822,0,0,0,0,0
9,-107,18.564,59,972337,31,59,71,38151,0,0,0,0,0,137,1172,-5319,4822,0,0,0,0,0
9,-107,18.611,60,972393,31,59,71,38151,0,0,0,0,0,137,1172,-5319,4822,0,0,0,0,0
9,-107,18.667,61,972449,31,59,71,38151,0,0,0,0,0,137,1172,-5319,4822,0,0,0,0,0
9,-107,18.722,62,972505,31,59,71,38151,0,0,0,0,0,137,1172,-5319,4822,0,0,0,0,0
9,-107,18.784,63,972561,31,59,71,38151,0,0,0,0,0,137,1172,-5319,4822,0,0,0,0,0
9,-107,18.838,64,972617,31,59,71,38151,0,0,0,0,0,137,1172,-5319,4822,0,0,0,0,0
9,-107,18.891,65,972673,31,59,71,38151,0,0,0,0,0,137,1172,-5319,4822,0,0,0,0,0
9,-107,18.948,66,972729,31,59,71,38151,0,0,0,0,0,137,1172,-5319,4822,0,0,0,0,0
9,-107,19.01,67,972785,31,59,71,38151,0,0,0,0,0,137,1172,-5319,4822,0,0,0,0,0
9,-107,19.062,68,972841,31,59,71,38151,0,0,0,0,0,137,1172,-5319,4822,0,0,0,0,0
9,-107,19.116,69,972897,31,59,71,38151,0,0,0,0,0,137,1172,-5319,4822,0,0,0,0,0
9,-107,19.186,70,972953,31,59,71,38151,0,0,0,0,0,137,1172,-5319,4822,0,0,0,0,0
9,-107,19.222,71,973005,31,59,71,38151,0,0,0,0,0,137,1172,-5319,4822,0,0,0,0,0
9,-107,19.279,72,973061,31,59,71,38151,0,0,0,0,0,137,1172,-5319,4822,0,0,0,0,0
9,-107,19.336,73,973117,31,59,71,38151,0,0,0,0,0,137,1172,-5319,4822,0,0,0,0,0
9,-107,19.392,74,973173,31,59,71,38151,0,0,0,0,0,137,1172,-5319,4822,0,0,0,0,0
9,-107,19.447,75,973229,31,59,71,38151,0,0,0,0,0,137,1172,-5319,4822,0,0,0,0,0
9,-107,19.507,76,973285,31,59,71,38151,0,0,0,0,0,137,1172,-5319,4822,0,0,0,0,0
9,-107,19.67,79,973453,31,59,71,38151,0,0,0,0,0,137,1172,-5319,4822,0,0,0,0,0
9,-107,19.728,80,973509,31,59,71,38151,0,0,0,0,0,137,1172,-5319,4822,0,0,0,0,0
9,-107,19.784,81,973565,31,59,71,38151,0,0,0,0,0,137,1172,-5319,4822,0,0,0,0,0
9,-107,19.84,82,973621,31,59,71,38151,0,0,0,0,0,137,1172,-5319,4822,0,0,0,0,0
9,-107,19.896,83,973677,31,59,71,38151,0,0,0,0,0,137,1172,-5319,4822,0,0,0,0,0
9,-107,19.956,84,973733,31,59,71,38151,0,0,0,0,0,137,1172,-5319,4822,0,0,0,0,0
9,-107,20.014,85,973789,31,59,71,38151,0,0,0,0,0,137,1172,-5319,4822,0,0,0,0,0
9,-107,20.062,86,973845,31,59,71,38151,0,0,0,0,0,137,1172,-5319,4822,0,0,0,0,0
9,-107,20.12,87,973901,31,59,71,38151,0,0,0,0,0,137,1172,-5319,4822,0,0,0,0,0
9,-107,20.178,88,973957,31,59,71,38151,0,0,0,0,0,137,1172,-5319,4822,0,0,0,0,0
9,-107,20.243,89,974013,31,59,71,38151,0,0,0,0,0,137,1172,-5319,4822,0,0,0,0,0
9,-107,20.292,90,974065,31,59,71,38151,0,0,0,0,0,137,1172,-5319,4822,0,0,0,0,0
9,-107,20.347,91,974121,31,59,71,38151,0,0,0,0,0,137,1172,-5319,4822,0,0,0,0,0
9,-107,20.396,92,974177,31,59,71,38151,0,0,0,0,0,137,1172,-5319,4822,0,0,0,0,0
9,-107,20.45,93,974233,31,59,71,38151,0,0,0,0,0,137,1172,-5319,4822,0,0,0,0,0
9,-107,20.51,94,974289,31,59,71,38151,0,0,0,0,0,137,1172,-5319,4822,0,0,0,0,0
9,-107,20.565,95,974345,31,59,71,38151,0,0,0,0,0,137,1172,-5319,4822,0,0,0,0,0
9,-107,20.621,96,974401,31,59,71,38151,0,0,0,0,0,137,1172,-5319,4822,0,0,0,0,0
9,-107,20.731,98,974513,31,59,71,38151,0,0,0,0,0,137,1172,-5319,4822,0,0,0,0,0
9,-107,20.844,100,974625,31,59,71,38151,0,0,0,0,0,137,1172,-5319,4822,0,0,0,0,0
9,-107,20.898,101,974681,31,59,71,38151,0,0,0,0,0,137,1172,-5319,4822,0,0,0,0,0
9,-107,20.954,102,974737,31,59,71,38151,0,0,0,0,0,137,1172,-5319,4822,0,0,0,0,0
9,-107,21.011,103,974793,31,59,71,38151,0,0,0,0,0,137,1172,-5319,4822,0,0,0,0,0
9,-107,21.067,104,974849,31,59,71,38151,0,0,0,0,0,137,1172,-5319,4822,0,0,0,0,0
9,-107,21.122,105,974905,31,59,71,38151,0,0,0,0,0,137,1172,-5319,4822,0,0,0,0,0
9,-107,21.237,107,975017,31,59,71,38151,0,0,0,0,0,137,1172,-5319,4822,0,0,0,0,0
9,-107,21.301,108,975073,31,59,71,38151,0,0,0,0,0,137,1172,-5319,4822,0,0,0,0,0
9,-107,21.344,109,975125,31,59,71,38151,0,0,0,0,0,137,1172,-5319,4822,0,0,0,0,0
9,-107,21.399,110,975181,31,59,71,38151,0,0,0,0,0,137,1172,-5319,4822,0,0,0,0,0
9,-107,21.511,112,975293,31,59,71,38151,0,0,0,0,0,137,1172,-5319,4822,0,0,0,0,0
9,-107,21.57,113,975349,31,59,71,38151,0,0,0,0,0,137,1172,-5319,4822,0,0,0,0,0
9,-107,21.622,114,975405,31,59,71,38151,0,0,0,0,0,137,1172,-5319,4822,0,0,0,0,0
9,-107,21.68,115,975461,31,59,71,38151,0,0,0,0,0,137,1172,-5319,4822,0,0,0,0,0
9,-107,21.792,117,975573,31,59,71,38151,0,0,0,0,0,137,1172,-5319,4822,0,0,0,0,0
9,-107,21.902,119,975685,31,59,71,38151,0,0,0,0,0,137,1172,-5319,4822,0,0,0,0,0
9,-107,21.959,120,975741,31,59,71,38151,0,0,0,0,0,137,1172,-5319,4822,0,0,0,0,0
9,-107,22.072,122,975853,31,59,71,38151,0,0,0,0,0,137,1172,-5319,4822,0,0,0,0,0
9,-107,22.128,123,975909,31,59,71,38151,0,0,0,0,0,137,1172,-5319,4822,0,0,0,0,0
9,-107,22.182,124,975965,31,59,71,38151,0,0,0,0,0,137,1172,-5319,4822,0,0,0,0,0
9,-107,22.248,125,976021,31,59,71,38151,0,0,0,0,0,137,1172,-5319,4822,0,0,0,0,0
9,-107,22.297,126,976077,31,59,71,38151,0,0,0,0,0,137,1172,-5319,4822,0,0,0,0,0
9,-107,22.359,127,976133,31,59,71,38151,0,0,0,0,0,137,1172,-5319,4822,0,0,0,0,0
9,-107,22.404,0,976185,31,59,71,38151,0,0,0,0,0,137,1172,-5319,4822,0,0,0,0,0
9,-107,22.46,1,976241,31,59,71,38151,0,0,0,0,0,137,1172,-5319,4822,0,0,0,0,0
9,-107,22.517,2,976297,31,59,71,38151,0,0,0,0,0,137,1172,-5319,4822,0,0,0,0,0
9,-107,22.57,3,976353,31,59,71,38151,0,0,0,0,0,137,1172,-5319,4822,0,0,0,0,0
9,-107,22.629,4,976409,31,59,71,38151,0,0,0,0,0,137,1172,-5319,4822,0,0,0,0,0
9,-107,22.795,7,976577,31,59,71,38151,0,0,0,0,0,137,1172,-5319,4822,0,0,0,0,0
9,-107,22.85,8,976633,31,59,71,38151,0,0,0,0,0,137,1172,-5319,4822,0,0,0,0,0
9,-107,22.911,9,976689,31,59,71,38151,0,0,0,0,0,137,1172,-5319,4822,0,0,0,0,0
9,-107,22.963,10,976745,31,59,71,38151,0,0,0,0,0,137,1172,-5319,4822,0,0,0,0,0
9,-107,23.018,11,976801,31,59,71,38151,0,0,0,0,0,137,1172,-5319,4822,0,0,0,0,0
9,-107,23.077,12,976857,31,59,71,38151,0,0,0,0,0,137,1172,-5319,4822,0,0,0,0,0
9,-107,23.186,14,976969,31,59,71,38151,0,0,0,0,0,137,1172,-5319,4822,0,0,0,0,0
9,-107,23.244,15,977025,31,59,71,38151,0,0,0,0,0,137,1172,-5319,4822,0,0,0,0,0
9,-107,23.298,16,977081,31,59,71,38151,0,0,0,0,0,137,1172,-5319,4822,0,0,0,0,0
9,-107,23.367,17,977137,31,59,71,38151,0,0,0,0,0,137,1172,-5319,4822,0,0,0,0,0
9,-107,23.423,18,977193,31,59,71,38151,0,0,0,0,0,137,1172,-5319,4822,0,0,0,0,0
9,-107,23.462,19,977245,31,59,71,38151,0,0,0,0,0,137,1172,-5319,4822,0,0,0,0,0
9,-107,23.518,20,977301,31,59,71,38151,0,0,0,0,0,137,1172,-5319,4822,0,0,0,0,0
9,-107,23.578,21,977357,31,59,71,38151,0,0,0,0,0,137,1172,-5319,4822,0,0,0,0,0
9,-107,23.631,22,977413,31,59,71,38151,0,0,0,0,0,137,1172,-5319,4822,0,0,0,0,0
9,-107,23.687,23,977469,31,59,71,38151,0,0,0,0,0,137,1172,-5319,4822,0,0,0,0,0
9,-107,23.747,24,977525,31,59,71,38151,0,0,0,0,0,137,1172,-5319,4822,0,0,0,0,0
9,-107,23.801,25,977581,31,59,71,38151,0,0,0,0,0,137,1172,-5319,4822,0,0,0,0,0
9,-107,23.856,26,977637,31,59,71,38151,0,0,0,0,0,137,1172,-5319,4822,0,0,0,0,0
9,-107,23.967,28,977749,31,59,71,38151,0,0,0,0,0,137,1172,-5319,4822,0,0,0,0,0
9,-107,24.022,29,977805,31,59,71,38151,0,0,0,0,0,137,1172,-5319,4822,0,0,0,0,0
9,-107,24.08,30,977861,31,59,71,38151,0,0,0,0,0,137,1172,-5319,4822,0,0,0,0,0
9,-107,24.143,31,977917,31,59,71,38151,0,0,0,0,0,137,1172,-5319,4822,0,0,0,0,0
9,-107,24.193,32,977973,31,59,71,38151,0,0,0,0,0,137,1172,-5319,4822,0,0,0,0,0
9,-107,24.305,34,978085,31,59,71,38151,0,0,0,0,0,137,1172,-5319,4822,0,0,0,0,0
9,-107,24.359,35,978141,31,59,71,38151,0,0,0,0,0,137,1172,-5319,4822,0,0,0,0,0
9,-107,24.413,36,978197,31,59,71,38151,0,0,0,0,0,137,1172,-5319,4822,0,0,0,0,0
9,-107,24.524,38,978305,31,59,71,38151,0,0,0,0,0,137,1172,-5319,4822,0,0,0,0,0
9,-107,24.58,39,978361,31,59,71,38151,0,0,0,0,0,137,1172,-5319,4822,0,0,0,0,0
9,-107,24.635,40,978417,31,59,71,38151,0,0,0,0,0,137,1172,-5319,4822,0,0,0,0,0
9,-107,24.69,41,978473,31,59,71,38151,0,0,0,0,0,137,1172,-5319,4822,0,0,0,0,0
9,-107,24.753,42,978529,31,59,71,38151,0,0,0,0,0,137,1172,-5319,4822,0,0,0,0,0
9,-107,24.808,43,978585,31,59,71,38151,0,0,0,0,0,137,1172,-5319,4822,0,0,0,0,0
9,-107,24.864,44,978641,31,59,71,38151,0,0,0,0,0,137,1172,-5319,4822,0,0,0,0,0
9,-107,24.915,45,978697,31,59,71,38151,0,0,0,0,0,137,1172,-5319,4822,0,0,0,0,0
9,-107,24.98,46,978753,31,59,71,38151,0,0,0,0,0,137,1172,-5319,4822,0,0,0,0,0
9,-107,25.036,47,978809,31,59,71,38151,0,0,0,0,0,137,1172,-5319,4822,0,0,0,0,0
9,-107,25.082,48,978865,31,59,71,38151,0,0,0,0,0,137,1172,-5319,4822,0,0,0,0,0
10,107,-0.029,120,1004305,31,59,71,38151,0,0,0,0,0,137,1172,-5319,4822,0,0,0,0,0
10,107,0.045,121,1004361,31,59,71,38151,0,0,0,0,0,137,1172,-5319,4822,0,0,0,0,0
10,107,0.087,122,1004423,31,59,71,38151,0,0,0,0,0,138,1174,-5319,4822,-1000,1000,0,0,0
10,107,0.157,123,1004493,31,59,71,38234,0,0,0,0,17,141,1177,-5319,4844,-1300,1200,0,0,0
10,107,0.24,124,1004565,31,61,72,38422,0,0,0,0,72,144,1180,-5319,4894,-1500,1500,0,0,0
10,107,0.326,125,1004637,31,64,73,38663,0,0,0,1,82,146,1183,-5316,4961,-2000,1900,0,0,0
10,107,0.374,126,1004709,31,66,74,39216,0,0,0,-56,128,146,1186,-5358,5066,-2300,2300,0,0,0
10,107,0.527,0,1004853,31,69,77,41108,0,0,0,-144,200,146,1192,-5555,5372,-2700,2800,0,0,0
10,107,0.661,2,1004997,31,71,80,43513,0,0,0,-164,194,146,1198,-5830,5736,-2700,2600,0,0,0
10,107,0.739,3,1005069,31,71,82,44747,0,0,0,-164,200,146,1201,-5972,5922,-2600,2400,0,0,0
10,107,0.806,4,1005141,31,71,83,45895,0,0,0,-148,164,146,1204,-6111,6088,-2600,2300,0,0,0
10,107,0.878,5,1005213,31,71,83,47023,0,0,0,-164,164,146,1207,-6255,6244,-2500,2200,0,0,0
10,107,0.951,6,1005285,31,71,83,48066,0,0,0,-144,164,146,1210,-6388,6388,-2300,1900,0,0,0
10,107,1.127,7,1005462,31,72,82,49398,0,0,0,0,0,146,1220,-6586,6544,0,0,0,0,0
10,107,1.179,8,1005513,31,72,82,49398,0,0,0,0,0,146,1222,-6586,6544,0,0,0,0,0
10,107,1.247,9,1005585,31,72,82,49398,0,0,0,0,0,146,1225,-6586,6544,0,0,0,0,0
10,107,1.322,10,1005657,31,72,82,49398,0,0,0,0,0,146,1228,-6586,6544,0,0,0,0,0
10,107,1.395,11,1005729,31,72,82,49398,0,0,0,0,0,146,1231,-6586,6544,0,0,0,0,0
10,107,1.465,12,1005801,31,72,82,49398,0,0,0,0,0,146,1234,-6586,6544,0,0,0,0,0
10,107,1.537,13,1005873,31,72,82,49398,0,0,0,0,0,146,1237,-6586,6544,0,0,0,0,0
10,107,1.666,15,1006001,31,72,82,49398,0,0,0,0,0,146,1241,-6586,6544,0,0,0,0,0
10,107,1.776,17,1006113,31,72,82,49398,0,0,0,0,0,146,1241,-6586,6544,0,0,0,0,0
10,107,1.832,18,1006169,31,72,82,49398,0,0,0,0,0,146,1241,-6586,6544,0,0,0,0,0
10,107,1.89,19,1006225,31,72,82,49398,0,0,0,0,0,146,1241,-6586,6544,0,0,0,0,0
10,107,1.94,20,1006277,31,72,82,49398,0,0,0,0,0,146,1241,-6586,6544,0,0,0,0,0
10,107,1.997,21,1006333,31,72,82,49398,0,0,0,0,0,146,1241,-6586,6544,0,0,0,0,0
10,107,2.053,22,1006389,31,72,82,49398,0,0,0,0,0,146,1241,-6586,6544,0,0,0,0,0
10,107,2.109,23,1006445,31,72,82,49398,0,0,0,0,0,146,1241,-6586,6544,0,0,0,0,0
10,107,2.164,24,1006501,31,72,82,49398,0,0,0,0,0,146,1241,-6586,6544,0,0,0,0,0
10,107,2.221,25,1006557,31,72,82,49398,0,0,0,0,0,146,1241,-6586,6544,0,0,0,0,0
10,107,2.277,26,1006613,31,72,82,49398,0,0,0,0,0,146,1241,-6586,6544,0,0,0,0,0
10,107,2.332,27,1006669,31,72,82,49398,0,0,0,0,0,146,1241,-6586,6544,0,0,0,0,0
10,107,2.444,29,1006781,31,72,82,49398,0,0,0,0,0,146,1241,-6586,6544,0,0,0,0,0
10,107,2.499,30,1006837,31,72,82,49398,0,0,0,0,0,146,1241,-6586,6544,0,0,0,0,0
10,107,2.558,31,1006893,31,72,82,49398,0,0,0,0,0,146,1241,-6586,6544,0,0,0,0,0
10,107,2.612,32,1006949,31,72,82,49398,0,0,0,0,0,146,1241,-6586,6544,0,0,0,0,0
10,107,2.668,33,1007005,31,72,82,49398,0,0,0,0,0,146,1241,-6586,6544,0,0,0,0,0
10,107,2.725,34,1007061,31,72,82,49398,0,0,0,0,0,146,1241,-6586,6544,0,0,0,0,0
10,107,2.784,35,1007117,31,72,82,49398,0,0,0,0,0,146,1241,-6586,6544,0,0,0,0,0
10,107,2.84,36,1007173,31,72,82,49398,0,0,0,0,0,146,1241,-6586,6544,0,0,0,0,0
10,107,2.893,37,1007229,31,72,82,49398,0,0,0,0,0,146,1241,-6586,6544,0,0,0,0,0
10,107,3.056,40,1007393,31,72,82,49398,0,0,0,0,0,146,1241,-6586,6544,0,0,0,0,0
10,107,3.113,41,1007449,31,72,82,49398,0,0,0,0,0,146,1241,-6586,6544,0,0,0,0,0
10,107,3.173,42,1007505,31,72,82,49398,0,0,0,0,0,146,1241,-6586,6544,0,0,0,0,0
10,107,3.252,43,1007561,31,72,82,49398,0,0,0,0,0,146,1241,-6586,6544,0,0,0,0,0
10,107,3.295,44,1007617,31,72,82,49398,0,0,0,0,0,146,1241,-6586,6544,0,0,0,0,0
10,107,3.347,45,1007673,31,72,82,49398,0,0,0,0,0,146,1241,-6586,6544,0,0,0,0,0
10,107,3.393,46,1007729,31,72,82,49398,0,0,0,0,0,146,1241,-6586,6544,0,0,0,0,0
10,107,3.455,47,1007785,31,72,82,49398,0,0,0,0,0,146,1241,-6586,6544,0,0,0,0,0
10,107,3.508,48,1007841,31,72,82,49398,0,0,0,0,0,146,1241,-6586,6544,0,0,0,0,0
10,107,3.561,49,1007897,31,72,82,49398,0,0,0,0,0,146,1241,-6586,6544,0,0,0,0,0
10,107,3.676,51,1008009,31,72,82,49398,0,0,0,0,0,146,1241,-6586,6544,0,0,0,0,0
10,107,3.738,52,1008065,31,72,82,49398,0,0,0,0,0,146,1241,-6586,6544,0,0,0,0,0
10,107,3.785,53,1008121,31,72,82,49398,0,0,0,0,0,146,1241,-6586,6544,0,0,0,0,0
10,107,3.847,54,1008177,31,72,82,49398,0,0,0,0,0,146,1241,-6586,6544,0,0,0,0,0
10,107,3.897,55,1008233,31,72,82,49398,0,0,0,0,0,146,1241,-6586,6544,0,0,0,0,0
10,107,3.951,56,1008289,31,72,82,49398,0,0,0,0,0,146,1241,-6586,6544,0,0,0,0,0
10,107,4.017,57,1008345,31,72,82,49398,0,0,0,0,0,146,1241,-6586,6544,0,0,0,0,0
10,107,4.064,58,1008397,31,72,82,49398,0,0,0,0,0,146,1241,-6586,6544,0,0,0,0,0
10,107,4.118,59,1008453,31,72,82,49398,0,0,0,0,0,146,1241,-6586,6544,0,0,0,0,0
10,107,4.18,60,1008509,31,72,82,49398,0,0,0,0,0,146,1241,-6586,6544,0,0,0,0,0
10,107,4.234,61,1008565,31,72,82,49398,0,0,0,0,0,146,1241,-6586,6544,0,0,0,0,0
10,107,4.295,62,1008621,31,72,82,49398,0,0,0,0,0,146,1241,-6586,6544,0,0,0,0,0
10,107,4.346,63,1008677,31,72,82,49398,0,0,0,0,0,146,1241,-6586,6544,0,0,0,0,0
10,107,4.454,65,1008789,31,72,82,49398,0,0,0,0,0,146,1241,-6586,6544,0,0,0,0,0
10,107,4.513,66,1008845,31,72,82,49398,0,0,0,0,0,146,1241,-6586,6544,0,0,0,0,0
10,107,4.624,68,1008957,31,72,82,49398,0,0,0,0,0,146,1241,-6586,6544,0,0,0,0,0
10,107,4.677,69,1009013,31,72,82,49398,0,0,0,0,0,146,1241,-6586,6544,0,0,0,0,0
10,107,4.732,70,1009069,31,72,82,49398,0,0,0,0,0,146,1241,-6586,6544,0,0,0,0,0
10,107,4.79,71,1009125,31,72,82,49398,0,0,0,0,0,146,1241,-6586,6544,0,0,0,0,0
10,107,4.9,73,1009237,31,72,82,49398,0,0,0,0,0,146,1241,-6586,6544,0,0,0,0,0
10,107,4.958,74,1009293,31,72,82,49398,0,0,0,0,0,146,1241,-6586,6544,0,0,0,0,0
10,107,5.017,75,1009349,31,72,82,49398,0,0,0,0,0,146,1241,-6586,6544,0,0,0,0,0
10,107,5.078,76,1009405,31,72,82,49398,0,0,0,0,0,146,1241,-6586,6544,0,0,0,0,0
10,107,5.121,77,1009457,31,72,82,49398,0,0,0,0,0,146,1241,-6586,6544,0,0,0,0,0
10,107,5.176,78,1009513,31,72,82,49398,0,0,0,0,0,146,1241,-6586,6544,0,0,0,0,0
10,107,5.344,81,1009681,31,72,82,49398,0,0,0,0,0,146,1241,-6586,6544,0,0,0,0,0
10,107,5.4,82,1009737,31,72,82,49398,0,0,0,0,0,146,1241,-6586,6544,0,0,0,0,0
10,107,5.459,83,1009793,31,72,82,49398,0,0,0,0,0,146,1241,-6586,6544,0,0,0,0,0
10,107,5.569,85,1009905,31,72,82,49398,0,0,0,0,0,146,1241,-6586,6544,0,0,0,0,0
10,107,5.625,86,1009961,31,72,82,49398,0,0,0,0,0,146,1241,-6586,6544,0,0,0,0,0
10,107,5.682,87,1010017,31,72,82,49398,0,0,0,0,0,146,1241,-6586,6544,0,0,0,0,0
10,107,5.748,88,1010073,31,72,82,49398,0,0,0,0,0,146,1241,-6586,6544,0,0,0,0,0
10,107,5.793,89,1010129,31,72,82,49398,0,0,0,0,0,146,1241,-6586,6544,0,0,0,0,0
10,107,5.858,90,1010185,31,72,82,49398,0,0,0,0,0,146,1241,-6586,6544,0,0,0,0,0
10,107,5.904,91,1010241,31,72,82,49398,0,0,0,0,0,146,1241,-6586,6544,0,0,0,0,0
10,107,5.962,92,1010297,31,72,82,49398,0,0,0,0,0,146,1241,-6586,6544,0,0,0,0,0
10,107,6.016,93,1010353,31,72,82,49398,0,0,0,0,0,146,1241,-6586,6544,0,0,0,0,0
10,107,6.075,94,1010409,31,72,82,49398,0,0,0,0,0,146,1241,-6586,6544,0,0,0,0,0
10,107,6.182,96,1010517,31,72,82,49398,0,0,0,0,0,146,1241,-6586,6544,0,0,0,0,0
10,107,6.235,97,1010573,31,72,82,49398,0,0,0,0,0,146,1241,-6586,6544,0,0,0,0,0
10,107,6.293,98,1010629,31,72,82,49398,0,0,0,0,0,146,1241,-6586,6544,0,0,0,0,0
10,107,6.349,99,1010685,31,72,82,49398,0,0,0,0,0,146,1241,-6586,6544,0,0,0,0,0
10,107,6.519,102,1010853,31,72,82,49398,0,0,0,0,0,146,1241,-6586,6544,0,0,0,0,0
10,107,6.578,103,1010909,31,72,82,49398,0,0,0,0,0,146,1241,-6586,6544,0,0,0,0,0
10,107,6.629,104,1010965,31,72,82,49398,0,0,0,0,0,146,1241,-6586,6544,0,0,0,0,0
10,107,6.685,105,1011021,31,72,82,49398,0,0,0,0,0,146,1241,-6586,6544,0,0,0,0,0
10,107,6.826,107,1011133,31,72,82,49398,0,0,0,0,0,146,1241,-6586,6544,0,0,0,0,0
10,107,6.857,108,1011189,31,72,82,49398,0,0,0,0,0,146,1241,-6586,6544,0,0,0,0,0
10,107,6.91,109,1011245,31,72,82,49398,0,0,0,0,0,146,1241,-6586,6544,0,0,0,0,0
10,107,6.965,110,1011301,31,72,82,49398,0,0,0,0,0,146,1241,-6586,6544,0,0,0,0,0
10,107,7.021,111,1011357,31,72,82,49398,0,0,0,0,0,146,1241,-6586,6544,0,0,0,0,0
10,107,7.08,112,1011413,31,72,82,49398,0,0,0,0,0,146,1241,-6586,6544,0,0,0,0,0
10,107,7.136,113,1011469,31,72,82,49398,0,0,0,0,0,146,1241,-6586,6544,0,0,0,0,0
10,107,7.2,114,1011525,31,72,82,49398,0,0,0,0,0,146,1241,-6586,6544,0,0,0,0,0
10,107,7.246,115,1011577,31,72,82,49398,0,0,0,0,0,146,1241,-6586,6544,0,0,0,0,0
10,107,7.41,118,1011745,31,72,82,49398,0,0,0,0,0,146,1241,-6586,6544,0,0,0,0,0
10,107,7.465,119,1011801,31,72,82,49398,0,0,0,0,0,146,1241,-6586,6544,0,0,0,0,0
10,107,7.52,120,1011857,31,72,82,49398,0,0,0,0,0,146,1241,-6586,6544,0,0,0,0,0
10,107,7.579,121,1011913,31,72,82,49398,0,0,0,0,0,146,1241,-6586,6544,0,0,0,0,0
10,107,7.635,122,1011969,31,72,82,49398,0,0,0,0,0,146,1241,-6586,6544,0,0,0,0,0
10,107,7.695,123,1012025,31,72,82,49398,0,0,0,0,0,146,1241,-6586,6544,0,0,0,0,0
10,107,7.749,124,1012081,31,72,82,49398,0,0,0,0,0,146,1241,-6586,6544,0,0,0,0,0
10,107,7.802,125,1012137,31,72,82,49398,0,0,0,0,0,146,1241,-6586,6544,0,0,0,0,0
10,107,7.859,126,1012193,31,72,82,49398,0,0,0,0,0,146,1241,-6586,6544,0,0,0,0,0
10,107,7.915,127,1012249,31,72,82,49398,0,0,0,0,0,146,1241,-6586,6544,0,0,0,0,0
10,107,8.027,1,1012361,31,72,82,49398,0,0,0,0,0,146,1241,-6586,6544,0,0,0,0,0
10,107,8.085,2,1012417,31,72,82,49398,0,0,0,0,0,146,1241,-6586,6544,0,0,0,0,0
10,107,8.139,3,1012473,31,72,82,49398,0,0,0,0,0,146,1241,-6586,6544,0,0,0,0,0
10,107,8.193,4,1012529,31,72,82,49398,0,0,0,0,0,146,1241,-6586,6544,0,0,0,0,0
10,107,8.259,5,1012585,31,72,82,49398,0,0,0,0,0,146,1241,-6586,6544,0,0,0,0,0
10,107,8.3,6,1012637,31,72,82,49398,0,0,0,0,0,146,1241,-6586,6544,0,0,0,0,0
10,107,8.413,8,1012749,31,72,82,49398,0,0,0,0,0,146,1241,-6586,6544,0,0,0,0,0
10,107,8.524,10,1012861,31,72,82,49398,0,0,0,0,0,146,1241,-6586,6544,0,0,0,0,0
10,107,8.58,11,1012917,31,72,82,49398,0,0,0,0,0,146,1241,-6586,6544,0,0,0,0,0
10,107,8.635,12,1012973,31,72,82,49398,0,0,0,0,0,146,1241,-6586,6544,0,0,0,0,0
10,107,8.692,13,1013029,31,72,82,49398,0,0,0,0,0,146,1241,-6586,6544,0,0,0,0,0
10,107,8.749,14,1013085,31,72,82,49398,0,0,0,0,0,146,1241,-6586,6544,0,0,0,0,0
10,107,8.807,15,1013141,31,72,82,49398,0,0,0,0,0,146,1241,-6586,6544,0,0,0,0,0
10,107,8.861,16,1013197,31,72,82,49398,0,0,0,0,0,146,1241,-6586,6544,0,0,0,0,0
10,107,8.916,17,1013253,31,72,82,49398,0,0,0,0,0,146,1241,-6586,6544,0,0,0,0,0
10,107,8.973,18,1013309,31,72,82,49398,0,0,0,0,0,146,1241,-6586,6544,0,0,0,0,0
10,107,9.029,19,1013365,31,72,82,49398,0,0,0,0,0,146,1241,-6586,6544,0,0,0,0,0
10,107,9.085,20,1013421,31,72,82,49398,0,0,0,0,0,146,1241,-6586,6544,0,0,0,0,0
10,107,9.141,21,1013477,31,72,82,49398,0,0,0,0,0,146,1241,-6586,6544,0,0,0,0,0
10,107,9.253,23,1013589,31,72,82,49398,0,0,0,0,0,146,1241,-6586,6544,0,0,0,0,0
10,107,9.32,24,1013645,31,72,82,49398,0,0,0,0,0,146,1241,-6586,6544,0,0,0,0,0
10,107,9.362,25,1013697,31,72,82,49398,0,0,0,0,0,146,1241,-6586,6544,0,0,0,0,0
10,107,9.418,26,1013753,31,72,82,49398,0,0,0,0,0,146,1241,-6586,6544,0,0,0,0,0
10,107,9.478,27,1013809,31,72,82,49398,0,0,0,0,0,146,1241,-6586,6544,0,0,0,0,0
10,107,9.529,28,1013865,31,72,82,49398,0,0,0,0,0,146,1241,-6586,6544,0,0,0,0,0
10,107,9.585,29,1013921,31,72,82,49398,0,0,0,0,0,146,1241,-6586,6544,0,0,0,0,0
10,107,9.641,30,1013977,31,72,82,49398,0,0,0,0,0,146,1241,-6586,6544,0,0,0,0,0
10,107,9.71,31,1014033,31,72,82,49398,0,0,0,0,0,146,1241,-6586,6544,0,0,0,0,0
10,107,9.753,32,1014089,31,72,82,49398,0,0,0,0,0,146,1241,-6586,6544,0,0,0,0,0
10,107,9.808,33,1014145,31,72,82,49398,0,0,0,0,0,146,1241,-6586,6544,0,0,0,0,0
10,107,9.923,35,1014257,31,72,82,49398,0,0,0,0,0,146,1241,-6586,6544,0,0,0,0,0
10,107,9.978,36,1014313,31,72,82,49398,0,0,0,0,0,146,1241,-6586,6544,0,0,0,0,0
10,107,10.034,37,1014369,31,72,82,49398,0,0,0,0,0,146,1241,-6586,6544,0,0,0,0,0
10,107,10.099,38,1014425,31,72,82,49398,0,0,0,0,0,146,1241,-6586,6544,0,0,0,0,0
10,107,10.145,39,1014481,31,72,82,49398,0,0,0,0,0,146,1241,-6586,6544,0,0,0,0,0
10,107,10.201,40,1014537,31,72,82,49398,0,0,0,0,0,146,1241,-6586,6544,0,0,0,0,0
10,107,10.257,41,1014593,31,72,82,49398,0,0,0,0,0,146,1241,-6586,6544,0,0,0,0,0
10,107,10.312,42,1014649,31,72,82,49398,0,0,0,0,0,146,1241,-6586,6544,0,0,0,0,0
10,107,10.379,43,1014705,31,72,82,49398,0,0,0,0,0,146,1241,-6586,6544,0,0,0,0,0
10,107,10.423,44,1014757,31,72,82,49398,0,0,0,0,0,146,1241,-6586,6544,0,0,0,0,0
10,107,10.534,46,1014869,31,72,82,49398,0,0,0,0,0,146,1241,-6586,6544,0,0,0,0,0
10,107,10.596,47,1014925,31,72,82,49398,0,0,0,0,0,146,1241,-6586,6544,0,0,0,0,0
10,107,10.646,48,1014981,31,72,82,49398,0,0,0,0,0,146,1241,-6586,6544,0,0,0,0,0
10,107,10.699,49,1015037,31,72,82,49398,0,0,0,0,0,146,1241,-6586,6544,0,0,0,0,0
10,107,10.758,50,1015093,31,72,82,49398,0,0,0,0,0,146,1241,-6586,6544,0,0,0,0,0
10,107,10.814,51,1015149,31,72,82,49398,0,0,0,0,0,146,1241,-6586,6544,0,0,0,0,0
10,107,10.87,52,1015205,31,72,82,49398,0,0,0,0,0,146,1241,-6586,6544,0,0,0,0,0
10,107,10.925,53,1015261,31,72,82,49398,0,0,0,0,0,146,1241,-6586,6544,0,0,0,0,0
10,107,10.981,54,1015317,31,72,82,49398,0,0,0,0,0,146,1241,-6586,6544,0,0,0,0,0
10,107,11.039,55,1015373,31,72,82,49398,0,0,0,0,0,146,1241,-6586,6544,0,0,0,0,0
10,107,11.149,57,1015485,31,72,82,49398,0,0,0,0,0,146,1241,-6586,6544,0,0,0,0,0
10,107,11.209,58,1015541,31,72,82,49398,0,0,0,0,0,146,1241,-6586,6544,0,0,0,0,0
10,107,11.261,59,1015597,31,72,82,49398,0,0,0,0,0,146,1241,-6586,6544,0,0,0,0,0
10,107,11.317,60,1015653,31,72,82,49398,0,0,0,0,0,146,1241,-6586,6544,0,0,0,0,0
10,107,11.372,61,1015709,31,72,82,49398,0,0,0,0,0,146,1241,-6586,6544,0,0,0,0,0
10,107,11.437,62,1015765,31,72,82,49398,0,0,0,0,0,146,1241,-6586,6544,0,0,0,0,0
10,107,11.483,63,1015817,31,72,82,49398,0,0,0,0,0,146,1241,-6586,6544,0,0,0,0,0
10,107,11.537,64,1015873,31,72,82,49398,0,0,0,0,0,146,1241,-6586,6544,0,0,0,0,0
10,107,11.593,65,1015929,31,72,82,49398,0,0,0,0,0,146,1241,-6586,6544,0,0,0,0,0
10,107,11.649,66,1015985,31,72,82,49398,0,0,0,0,0,146,1241,-6586,6544,0,0,0,0,0
10,107,11.761,68,1016097,31,72,82,49398,0,0,0,0,0,146,1241,-6586,6544,0,0,0,0,0
10,107,11.819,69,1016153,31,72,82,49398,0,0,0,0,0,146,1241,-6586,6544,0,0,0,0,0
10,107,11.873,70,1016209,31,72,82,49398,0,0,0,0,0,146,1241,-6586,6544,0,0,0,0,0
10,107,11.93,71,1016265,31,72,82,49398,0,0,0,0,0,146,1241,-6586,6544,0,0,0,0,0
10,107,11.984,72,1016321,31,72,82,49398,0,0,0,0,0,146,1241,-6586,6544,0,0,0,0,0
10,107,12.043,73,1016377,31,72,82,49398,0,0,0,0,0,146,1241,-6586,6544,0,0,0,0,0
10,107,12.097,74,1016433,31,72,82,49398,0,0,0,0,0,146,1241,-6586,6544,0,0,0,0,0
10,107,12.152,75,1016489,31,72,82,49398,0,0,0,0,0,146,1241,-6586,6544,0,0,0,0,0
10,107,12.21,76,1016545,31,72,82,49398,0,0,0,0,0,146,1241,-6586,6544,0,0,0,0,0
10,107,12.269,77,1016601,31,72,82,49398,0,0,0,0,0,146,1241,-6586,6544,0,0,0,0,0
10,107,12.499,81,1016825,31,72,82,49398,0,0,0,0,0,146,1241,-6586,6544,0,0,0,0,0
10,107,12.543,82,1016877,31,72,82,49398,0,0,0,0,0,146,1241,-6586,6544,0,0,0,0,0
10,107,12.596,83,1016933,31,72,82,49398,0,0,0,0,0,146,1241,-6586,6544,0,0,0,0,0
10,107,12.709,85,1017045,31,72,82,49398,0,0,0,0,0,146,1241,-6586,6544,0,0,0,0,0
10,107,12.769,86,1017101,31,72,82,49398,0,0,0,0,0,146,1241,-6586,6544,0,0,0,0,0
10,107,12.82,87,1017157,31,72,82,49398,0,0,0,0,0,146,1241,-6586,6544,0,0,0,0,0
10,107,12.878,88,1017213,31,72,82,49398,0,0,0,0,0,146,1241,-6586,6544,0,0,0,0,0
10,107,12.933,89,1017269,31,72,82,49398,0,0,0,0,0,146,1241,-6586,6544,0,0,0,0,0
10,107,12.988,90,1017325,31,72,82,49398,0,0,0,0,0,146,1241,-6586,6544,0,0,0,0,0
10,107,13.043,91,1017381,31,72,82,49398,0,0,0,0,0,146,1241,-6586,6544,0,0,0,0,0
10,107,13.105,92,1017437,31,72,82,49398,0,0,0,0,0,146,1241,-6586,6544,0,0,0,0,0
10,107,13.157,93,1017493,31,72,82,49398,0,0,0,0,0,146,1241,-6586,6544,0,0,0,0,0
10,107,13.215,94,1017549,31,72,82,49398,0,0,0,0,0,146,1241,-6586,6544,0,0,0,0,0
10,107,13.268,95,1017605,31,72,82,49398,0,0,0,0,0,146,1241,-6586,6544,0,0,0,0,0
10,107,13.494,99,1017829,31,72,82,49398,0,0,0,0,0,146,1241,-6586,6544,0,0,0,0,0
10,107,13.658,102,1017993,31,72,82,49398,0,0,0,0,0,146,1241,-6586,6544,0,0,0,0,0
10,107,13.774,104,1018105,31,72,82,49398,0,0,0,0,0,146,1241,-6586,6544,0,0,0,0,0
10,107,13.825,105,1018161,31,72,82,49398,0,0,0,0,0,146,1241,-6586,6544,0,0,0,0,0
10,107,13.882,106,1018217,31,72,82,49398,0,0,0,0,0,146,1241,-6586,6544,0,0,0,0,0
10,107,13.939,107,1018273,31,72,82,49398,0,0,0,0,0,146,1241,-6586,6544,0,0,0,0,0
10,107,13.996,108,1018329,31,72,82,49398,0,0,0,0,0,146,1241,-6586,6544,0,0,0,0,0
10,107,14.048,109,1018385,31,72,82,49398,0,0,0,0,0,146,1241,-6586,6544,0,0,0,0,0
10,107,14.104,110,1018441,31,72,82,49398,0,0,0,0,0,146,1241,-6586,6544,0,0,0,0,0
10,107,14.161,111,1018497,31,72,82,49398,0,0,0,0,0,146,1241,-6586,6544,0,0,0,0,0
10,107,14.277,113,1018609,31,72,82,49398,0,0,0,0,0,146,1241,-6586,6544,0,0,0,0,0
10,107,14.384,115,1018721,31,72,82,49398,0,0,0,0,0,146,1241,-6586,6544,0,0,0,0,0
10,107,14.44,116,1018777,31,72,82,49398,0,0,0,0,0,146,1241,-6586,6544,0,0,0,0,0
10,107,14.498,117,1018833,31,72,82,49398,0,0,0,0,0,146,1241,-6586,6544,0,0,0,0,0
10,107,14.554,118,1018889,31,72,82,49398,0,0,0,0,0,146,1241,-6586,6544,0,0,0,0,0
10,107,14.615,119,1018945,31,72,82,49398,0,0,0,0,0,146,1241,-6586,6544,0,0,0,0,0
10,107,14.66,120,1018997,31,72,82,49398,0,0,0,0,0,146,1241,-6586,6544,0,0,0,0,0
10,107,14.717,121,1019053,31,72,82,49398,0,0,0,0,0,146,1241,-6586,6544,0,0,0,0,0
10,107,14.771,122,1019109,31,72,82,49398,0,0,0,0,0,146,1241,-6586,6544,0,0,0,0,0
10,107,14.888,124,1019221,31,72,82,49398,0,0,0,0,0,146,1241,-6586,6544,0,0,0,0,0
10,107,14.952,125,1019277,31,72,82,49398,0,0,0,0,0,146,1241,-6586,6544,0,0,0,0,0
10,107,14.996,126,1019333,31,72,82,49398,0,0,0,0,0,146,1241,-6586,6544,0,0,0,0,0
10,107,15.054,127,1019389,31,72,82,49398,0,0,0,0,0,146,1241,-6586,6544,0,0,0,0,0
10,107,15.107,0,1019445,31,72,82,49398,0,0,0,0,0,146,1241,-6586,6544,0,0,0,0,0
10,107,15.163,1,1019501,31,72,82,49398,0,0,0,0,0,146,1241,-6586,6544,0,0,0,0,0
10,107,15.219,2,1019557,31,72,82,49398,0,0,0,0,0,146,1241,-6586,6544,0,0,0,0,0
10,107,15.279,3,1019613,31,72,82,49398,0,0,0,0,0,146,1241,-6586,6544,0,0,0,0,0
10,107,15.332,4,1019669,31,72,82,49398,0,0,0,0,0,146,1241,-6586,6544,0,0,0,0,0
10,107,15.388,5,1019725,31,72,82,49398,0,0,0,0,0,146,1241,-6586,6544,0,0,0,0,0
10,107,15.5,7,1019837,31,72,82,49398,0,0,0,0,0,146,1241,-6586,6544,0,0,0,0,0
10,107,15.556,8,1019893,31,72,82,49398,0,0,0,0,0,146,1241,-6586,6544,0,0,0,0,0
10,107,15.611,9,1019949,31,72,82,49398,0,0,0,0,0,146,1241,-6586,6544,0,0,0,0,0
10,107,15.677,10,1020005,31,72,82,49398,0,0,0,0,0,146,1241,-6586,6544,0,0,0,0,0
10,107,15.719,11,1020057,31,72,82,49398,0,0,0,0,0,146,1241,-6586,6544,0,0,0,0,0
10,107,15.776,12,1020113,31,72,82,49398,0,0,0,0,0,146,1241,-6586,6544,0,0,0,0,0
10,107,15.834,13,1020169,31,72,82,49398,0,0,0,0,0,146,1241,-6586,6544,0,0,0,0,0
10,107,15.892,14,1020225,31,72,82,49398,0,0,0,0,0,146,1241,-6586,6544,0,0,0,0,0
10,107,15.943,15,1020281,31,72,82,49398,0,0,0,0,0,146,1241,-6586,6544,0,0,0,0,0
10,107,16.001,16,1020337,31,72,82,49398,0,0,0,0,0,146,1241,-6586,6544,0,0,0,0,0
10,107,16.114,18,1020449,31,72,82,49398,0,0,0,0,0,146,1241,-6586,6544,0,0,0,0,0
10,107,16.169,19,1020505,31,72,82,49398,0,0,0,0,0,146,1241,-6586,6544,0,0,0,0,0
10,107,16.226,20,1020561,31,72,82,49398,0,0,0,0,0,146,1241,-6586,6544,0,0,0,0,0
10,107,16.392,23,1020729,31,72,82,49398,0,0,0,0,0,146,1241,-6586,6544,0,0,0,0,0
10,107,16.447,24,1020785,31,72,82,49398,0,0,0,0,0,146,1241,-6586,6544,0,0,0,0,0
10,107,16.505,25,1020841,31,72,82,49398,0,0,0,0,0,146,1241,-6586,6544,0,0,0,0,0
10,107,16.616,27,1020953,31,72,82,49398,0,0,0,0,0,146,1241,-6586,6544,0,0,0,0,0
10,107,16.737,29,1021065,31,72,82,49398,0,0,0,0,0,146,1241,-6586,6544,0,0,0,0,0
10,107,16.78,30,1021117,31,72,82,49398,0,0,0,0,0,146,1241,-6586,6544,0,0,0,0,0
10,107,16.837,31,1021173,31,72,82,49398,0,0,0,0,0,146,1241,-6586,6544,0,0,0,0,0
10,107,16.892,32,1021229,31,72,82,49398,0,0,0,0,0,146,1241,-6586,6544,0,0,0,0,0
10,107,16.948,33,1021285,31,72,82,49398,0,0,0,0,0,146,1241,-6586,6544,0,0,0,0,0
10,107,17.005,34,1021341,31,72,82,49398,0,0,0,0,0,146,1241,-6586,6544,0,0,0,0,0
10,107,17.059,35,1021397,31,72,82,49398,0,0,0,0,0,146,1241,-6586,6544,0,0,0,0,0
10,107,17.116,36,1021453,31,72,82,49398,0,0,0,0,0,146,1241,-6586,6544,0,0,0,0,0
10,107,17.172,37,1021509,31,72,82,49398,0,0,0,0,0,146,1241,-6586,6544,0,0,0,0,0
10,107,17.229,38,1021565,31,72,82,49398,0,0,0,0,0,146,1241,-6586,6544,0,0,0,0,0
10,107,17.283,39,1021621,31,72,82,49398,0,0,0,0,0,146,1241,-6586,6544,0,0,0,0,0
10,107,17.451,42,1021789,31,72,82,49398,0,0,0,0,0,146,1241,-6586,6544,0,0,0,0,0
10,107,17.511,43,1021845,31,72,82,49398,0,0,0,0,0,146,1241,-6586,6544,0,0,0,0,0
10,107,17.565,44,1021901,31,72,82,49398,0,0,0,0,0,146,1241,-6586,6544,0,0,0,0,0
10,107,17.619,45,1021957,31,72,82,49398,0,0,0,0,0,146,1241,-6586,6544,0,0,0,0,0
10,107,17.679,46,1022013,31,72,82,49398,0,0,0,0,0,146,1241,-6586,6544,0,0,0,0,0
10,107,17.734,47,1022069,31,72,82,49398,0,0,0,0,0,146,1241,-6586,6544,0,0,0,0,0
10,107,17.797,48,1022125,31,72,82,49398,0,0,0,0,0,146,1241,-6586,6544,0,0,0,0,0
10,107,17.84,49,1022177,31,72,82,49398,0,0,0,0,0,146,1241,-6586,6544,0,0,0,0,0
10,107,17.896,50,1022233,31,72,82,49398,0,0,0,0,0,146,1241,-6586,6544,0,0,0,0,0
10,107,18.013,52,1022345,31,72,82,49398,0,0,0,0,0,146,1241,-6586,6544,0,0,0,0,0
10,107,18.064,53,1022401,31,72,82,49398,0,0,0,0,0,146,1241,-6586,6544,0,0,0,0,0
10,107,18.12,54,1022457,31,72,82,49398,0,0,0,0,0,146,1241,-6586,6544,0,0,0,0,0
10,107,18.175,55,1022513,31,72,82,49398,0,0,0,0,0,146,1241,-6586,6544,0,0,0,0,0
10,107,18.231,56,1022569,31,72,82,49398,0,0,0,0,0,146,1241,-6586,6544,0,0,0,0,0
10,107,18.291,57,1022625,31,72,82,49398,0,0,0,0,0,146,1241,-6586,6544,0,0,0,0,0
10,107,18.349,58,1022681,31,72,82,49398,0,0,0,0,0,146,1241,-6586,6544,0,0,0,0,0
10,107,18.399,59,1022737,31,72,82,49398,0,0,0,0,0,146,1241,-6586,6544,0,0,0,0,0
10,107,18.457,60,1022793,31,72,82,49398,0,0,0,0,0,146,1241,-6586,6544,0,0,0,0,0
10,107,18.514,61,1022849,31,72,82,49398,0,0,0,0,0,146,1241,-6586,6544,0,0,0,0,0
10,107,18.624,63,1022961,31,72,82,49398,0,0,0,0,0,146,1241,-6586,6544,0,0,0,0,0
10,107,18.682,64,1023017,31,72,82,49398,0,0,0,0,0,146,1241,-6586,6544,0,0,0,0,0
10,107,18.735,65,1023073,31,72,82,49398,0,0,0,0,0,146,1241,-6586,6544,0,0,0,0,0
10,107,18.791,66,1023129,31,72,82,49398,0,0,0,0,0,146,1241,-6586,6544,0,0,0,0,0
10,107,18.857,67,1023185,31,72,82,49398,0,0,0,0,0,146,1241,-6586,6544,0,0,0,0,0
10,107,18.913,68,1023237,31,72,82,49398,0,0,0,0,0,146,1241,-6586,6544,0,0,0,0,0
10,107,18.956,69,1023293,31,72,82,49398,0,0,0,0,0,146,1241,-6586,6544,0,0,0,0,0
10,107,19.012,70,1023349,31,72,82,49398,0,0,0,0,0,146,1241,-6586,6544,0,0,0,0,0
10,107,19.07,71,1023405,31,72,82,49398,0,0,0,0,0,146,1241,-6586,6544,0,0,0,0,0
10,107,19.124,72,1023461,31,72,82,49398,0,0,0,0,0,146,1241,-6586,6544,0,0,0,0,0
10,107,19.236,74,1023573,31,72,82,49398,0,0,0,0,0,146,1241,-6586,6544,0,0,0,0,0
10,107,19.294,75,1023629,31,72,82,49398,0,0,0,0,0,146,1241,-6586,6544,0,0,0,0,0
10,107,19.348,76,1023685,31,72,82,49398,0,0,0,0,0,146,1241,-6586,6544,0,0,0,0,0
10,107,19.403,77,1023741,31,72,82,49398,0,0,0,0,0,146,1241,-6586,6544,0,0,0,0,0
10,107,19.46,78,1023797,31,72,82,49398,0,0,0,0,0,146,1241,-6586,6544,0,0,0,0,0
10,107,19.516,79,1023853,31,72,82,49398,0,0,0,0,0,146,1241,-6586,6544,0,0,0,0,0
10,107,19.58,80,1023909,31,72,82,49398,0,0,0,0,0,146,1241,-6586,6544,0,0,0,0,0
10,107,19.629,81,1023965,31,72,82,49398,0,0,0,0,0,146,1241,-6586,6544,0,0,0,0,0
10,107,19.684,82,1024021,31,72,82,49398,0,0,0,0,0,146,1241,-6586,6544,0,0,0,0,0
10,107,19.741,83,1024077,31,72,82,49398,0,0,0,0,0,146,1241,-6586,6544,0,0,0,0,0
10,107,19.855,85,1024189,31,72,82,49398,0,0,0,0,0,146,1241,-6586,6544,0,0,0,0,0
10,107,19.917,86,1024245,31,72,82,49398,0,0,0,0,0,146,1241,-6586,6544,0,0,0,0,0
10,107,19.961,87,1024297,31,72,82,49398,0,0,0,0,0,146,1241,-6586,6544,0,0,0,0,0
10,107,20.016,88,1024353,31,72,82,49398,0,0,0,0,0,146,1241,-6586,6544,0,0,0,0,0
10,107,20.071,89,1024409,31,72,82,49398,0,0,0,0,0,146,1241,-6586,6544,0,0,0,0,0
10,107,20.129,90,1024465,31,72,82,49398,0,0,0,0,0,146,1241,-6586,6544,0,0,0,0,0
10,107,20.184,91,1024521,31,72,82,49398,0,0,0,0,0,146,1241,-6586,6544,0,0,0,0,0
10,107,20.24,92,1024577,31,72,82,49398,0,0,0,0,0,146,1241,-6586,6544,0,0,0,0,0
10,107,20.296,93,1024633,31,72,82,49398,0,0,0,0,0,146,1241,-6586,6544,0,0,0,0,0
10,107,20.352,94,1024689,31,72,82,49398,0,0,0,0,0,146,1241,-6586,6544,0,0,0,0,0
10,107,20.408,95,1024745,31,72,82,49398,0,0,0,0,0,146,1241,-6586,6544,0,0,0,0,0
10,107,20.464,96,1024801,31,72,82,49398,0,0,0,0,0,146,1241,-6586,6544,0,0,0,0,0
10,107,20.522,97,1024857,31,72,82,49398,0,0,0,0,0,146,1241,-6586,6544,0,0,0,0,0
10,107,20.576,98,1024913,31,72,82,49398,0,0,0,0,0,146,1241,-6586,6544,0,0,0,0,0
10,107,20.633,99,1024969,31,72,82,49398,0,0,0,0,0,146,1241,-6586,6544,0,0,0,0,0
10,107,20.744,101,1025081,31,72,82,49398,0,0,0,0,0,146,1241,-6586,6544,0,0,0,0,0
10,107,20.807,102,1025137,31,72,82,49398,0,0,0,0,0,146,1241,-6586,6544,0,0,0,0,0
10,107,20.856,103,1025193,31,72,82,49398,0,0,0,0,0,146,1241,-6586,6544,0,0,0,0,0
10,107,20.912,104,1025249,31,72,82,49398,0,0,0,0,0,146,1241,-6586,6544,0,0,0,0,0
10,107,20.976,105,1025305,31,72,82,49398,0,0,0,0,0,146,1241,-6586,6544,0,0,0,0,0
10,107,21.02,106,1025357,31,72,82,49398,0,0,0,0,0,146,1241,-6586,6544,0,0,0,0,0
10,107,21.134,108,1025469,31,72,82,49398,0,0,0,0,0,146,1241,-6586,6544,0,0,0,0,0
10,107,21.189,109,1025525,31,72,82,49398,0,0,0,0,0,146,1241,-6586,6544,0,0,0,0,0
10,107,21.244,110,1025581,31,72,82,49398,0,0,0,0,0,146,1241,-6586,6544,0,0,0,0,0
11,-180,-0.04,49,1043601,31,72,82,49398,0,0,0,0,0,146,1241,-6586,6544,0,0,0,0,0
11,-180,0.016,50,1043657,31,72,82,49398,0,0,0,0,0,146,1241,-6586,6544,0,0,0,0,0
11,-180,0.068,51,1043709,31,72,82,49398,0,0,0,0,0,146,1242,-6586,6544,800,-800,0,0,0
11,-180,0.14,52,1043781,31,72,82,49334,0,0,0,0,-20,149,1245,-6586,6527,1200,-1200,0,0,0
11,-180,0.212,53,1043853,31,73,81,49210,0,0,0,0,-56,152,1248,-6586,6494,1600,-1400,0,0,0
11,-180,0.284,54,1043925,31,74,79,48958,0,0,0,7,-66,152,1251,-6575,6438,1800,-1800,0,0,0
11,-180,0.417,56,1044047,31,77,76,48175,0,0,0,53,-118,152,1256,-6522,6283,2500,-2500,0,0,0
11,-180,0.476,57,1044117,31,78,74,47358,0,0,0,93,-166,152,1259,-6450,6138,2800,-2900,0,0,0
11,-180,0.549,58,1044189,31,79,71,46312,0,0,0,108,-194,152,1262,-6344,5966,2800,-2800,0,0,0
11,-180,0.62,59,1044261,31,79,68,45153,0,0,0,118,-217,152,1265,-6227,5775,2800,-2800,0,0,0
11,-180,0.692,60,1044333,31,79,66,43942,0,0,0,144,-220,152,1268,-6100,5580,2800,-2800,0,0,0
11,-180,0.764,61,1044405,31,78,63,42749,0,0,0,128,-226,152,1271,-5977,5386,2800,-2700,0,0,0
11,-180,0.84,62,1044477,31,77,61,41598,0,0,0,128,-200,152,1274,-5855,5202,2700,-2400,0,0,0
11,-180,0.916,63,1044549,31,76,59,40457,0,0,0,128,-184,152,1277,-5727,5027,2700,-2200,0,0,0
11,-180,0.98,64,1044621,31,75,58,39370,0,0,0,135,-180,152,1280,-5602,4863,2700,-2200,0,0,0
11,-180,1.053,65,1044693,31,73,58,38350,0,0,0,118,-164,152,1283,-5483,4711,2600,-2000,0,0,0
11,-180,1.196,67,1044837,31,72,57,36318,0,0,0,128,-154,152,1289,-5238,4416,2700,-2100,0,0,0
11,-180,1.268,68,1044909,31,71,57,35299,0,0,0,144,-164,152,1292,-5111,4272,2600,-2100,0,0,0
11,-180,1.341,69,1044981,31,70,58,34271,0,0,0,138,-164,152,1295,-4983,4127,2600,-2200,0,0,0
11,-180,1.415,70,1045053,31,70,58,33248,0,0,0,148,-164,152,1298,-4855,3983,2700,-2300,0,0,0
11,-180,1.54,71,1045182,31,55,63,32108,0,0,0,0,0,152,1306,-4713,3822,0,0,0,0,0
11,-180,1.664,73,1045305,31,55,63,32108,0,0,0,0,0,152,1311,-4713,3822,0,0,0,0,0
11,-180,1.736,74,1045377,31,55,63,32108,0,0,0,0,0,152,1314,-4713,3822,0,0,0,0,0
11,-180,1.807,75,1045449,31,55,63,32108,0,0,0,0,0,152,1317,-4713,3822,0,0,0,0,0
11,-180,1.878,76,1045521,31,55,63,32108,0,0,0,0,0,152,1320,-4713,3822,0,0,0,0,0
11,-180,1.951,77,1045593,31,55,63,32108,0,0,0,0,0,152,1323,-4713,3822,0,0,0,0,0
11,-180,2.023,78,1045665,31,55,63,32108,0,0,0,0,0,152,1326,-4713,3822,0,0,0,0,0
11,-180,2.095,79,1045737,31,55,63,32108,0,0,0,0,0,152,1329,-4713,3822,0,0,0,0,0
11,-180,2.168,80,1045809,31,55,63,32108,0,0,0,0,0,152,1332,-4713,3822,0,0,0,0,0
11,-180,2.32,82,1045953,31,55,63,32108,0,0,0,0,0,152,1338,-4713,3822,0,0,0,0,0
11,-180,2.384,83,1046025,31,55,63,32108,0,0,0,0,0,152,1341,-4713,3822,0,0,0,0,0
11,-180,2.527,85,1046169,31,55,63,32108,0,0,0,0,0,152,1347,-4713,3822,0,0,0,0,0
11,-180,2.599,86,1046241,31,55,63,32108,0,0,0,0,0,152,1350,-4713,3822,0,0,0,0,0
11,-180,2.67,87,1046313,31,55,63,32108,0,0,0,0,0,152,1353,-4713,3822,0,0,0,0,0
11,-180,2.743,88,1046385,31,55,63,32108,0,0,0,0,0,152,1356,-4713,3822,0,0,0,0,0
11,-180,2.887,90,1046529,31,55,63,32108,0,0,0,0,0,152,1362,-4713,3822,0,0,0,0,0
11,-180,2.959,91,1046601,31,55,63,32108,0,0,0,0,0,152,1365,-4713,3822,0,0,0,0,0
11,-180,3.031,92,1046673,31,55,63,32108,0,0,0,0,0,152,1368,-4713,3822,0,0,0,0,0
11,-180,3.104,93,1046745,31,55,63,32108,0,0,0,0,0,152,1371,-4713,3822,0,0,0,0,0
11,-180,3.247,95,1046889,31,55,63,32108,0,0,0,0,0,152,1377,-4713,3822,0,0,0,0,0
11,-180,3.32,96,1046961,31,55,63,32108,0,0,0,0,0,152,1380,-4713,3822,0,0,0,0,0
11,-180,3.391,97,1047033,31,55,63,32108,0,0,0,0,0,152,1383,-4713,3822,0,0,0,0,0
11,-180,3.479,98,1047105,31,55,63,32108,0,0,0,0,0,152,1386,-4713,3822,0,0,0,0,0
11,-180,3.564,99,1047177,31,55,63,32108,0,0,0,0,0,152,1389,-4713,3822,0,0,0,0,0
11,-180,3.611,100,1047249,31,55,63,32108,0,0,0,0,0,152,1392,-4713,3822,0,0,0,0,0
11,-180,3.688,101,1047321,31,55,63,32108,0,0,0,0,0,152,1395,-4713,3822,0,0,0,0,0
11,-180,3.754,102,1047393,31,55,63,32108,0,0,0,0,0,152,1398,-4713,3822,0,0,0,0,0
11,-180,3.815,103,1047443,31,55,63,32108,0,0,0,0,0,152,1400,-4713,3822,0,0,0,0,0
11,-180,3.851,104,1047493,31,55,63,32108,0,0,0,0,0,152,1400,-4713,3822,0,0,0,0,0
11,-180,3.907,105,1047549,31,55,63,32108,0,0,0,0,0,152,1400,-4713,3822,0,0,0,0,0
11,-180,3.964,106,1047605,31,55,63,32108,0,0,0,0,0,152,1400,-4713,3822,0,0,0,0,0
11,-180,4.018,107,1047661,31,55,63,32108,0,0,0,0,0,152,1400,-4713,3822,0,0,0,0,0
11,-180,4.076,108,1047717,31,55,63,32108,0,0,0,0,0,152,1400,-4713,3822,0,0,0,0,0
11,-180,4.13,109,1047773,31,55,63,32108,0,0,0,0,0,152,1400,-4713,3822,0,0,0,0,0
11,-180,4.187,110,1047829,31,55,63,32108,0,0,0,0,0,152,1400,-4713,3822,0,0,0,0,0
11,-180,4.244,111,1047885,31,55,63,32108,0,0,0,0,0,152,1400,-4713,3822,0,0,0,0,0
11,-180,4.411,114,1048053,31,55,63,32108,0,0,0,0,0,152,1400,-4713,3822,0,0,0,0,0
11,-180,4.467,115,1048109,31,55,63,32108,0,0,0,0,0,152,1400,-4713,3822,0,0,0,0,0
11,-180,4.523,116,1048165,31,55,63,32108,0,0,0,0,0,152,1400,-4713,3822,0,0,0,0,0
11,-180,4.58,117,1048221,31,55,63,32108,0,0,0,0,0,152,1400,-4713,3822,0,0,0,0,0
11,-180,4.635,118,1048277,31,55,63,32108,0,0,0,0,0,152,1400,-4713,3822,0,0,0,0,0
11,-180,4.691,119,1048333,31,55,63,32108,0,0,0,0,0,152,1400,-4713,3822,0,0,0,0,0
11,-180,4.755,120,1048389,31,55,63,32108,0,0,0,0,0,152,1400,-4713,3822,0,0,0,0,0
11,-180,4.799,121,1048441,31,55,63,32108,0,0,0,0,0,152,1400,-4713,3822,0,0,0,0,0
11,-180,4.856,122,1048497,31,55,63,32108,0,0,0,0,0,152,1400,-4713,3822,0,0,0,0,0
11,-180,4.911,123,1048553,31,55,63,32108,0,0,0,0,0,152,1400,-4713,3822,0,0,0,0,0
11,-180,4.967,124,1048609,31,55,63,32108,0,0,0,0,0,152,1400,-4713,3822,0,0,0,0,0
11,-180,5.023,125,1048665,31,55,63,32108,0,0,0,0,0,152,1400,-4713,3822,0,0,0,0,0
11,-180,5.079,126,1048721,31,55,63,32108,0,0,0,0,0,152,1400,-4713,3822,0,0,0,0,0
11,-180,5.135,127,1048777,31,55,63,32108,0,0,0,0,0,152,1400,-4713,3822,0,0,0,0,0
11,-180,5.192,0,1048833,31,55,63,32108,0,0,0,0,0,152,1400,-4713,3822,0,0,0,0,0
11,-180,5.247,1,1048889,31,55,63,32108,0,0,0,0,0,152,1400,-4713,3822,0,0,0,0,0
11,-180,5.303,2,1048945,31,55,63,32108,0,0,0,0,0,152,1400,-4713,3822,0,0,0,0,0
11,-180,5.36,3,1049001,31,55,63,32108,0,0,0,0,0,152,1400,-4713,3822,0,0,0,0,0
11,-180,5.415,4,1049057,31,55,63,32108,0,0,0,0,0,152,1400,-4713,3822,0,0,0,0,0
11,-180,5.471,5,1049113,31,55,63,32108,0,0,0,0,0,152,1400,-4713,3822,0,0,0,0,0
11,-180,5.583,7,1049225,31,55,63,32108,0,0,0,0,0,152,1400,-4713,3822,0,0,0,0,0
11,-180,5.639,8,1049281,31,55,63,32108,0,0,0,0,0,152,1400,-4713,3822,0,0,0,0,0
11,-180,5.695,9,1049337,31,55,63,32108,0,0,0,0,0,152,1400,-4713,3822,0,0,0,0,0
11,-180,5.751,10,1049393,31,55,63,32108,0,0,0,0,0,152,1400,-4713,3822,0,0,0,0,0
11,-180,5.815,11,1049449,31,55,63,32108,0,0,0,0,0,152,1400,-4713,3822,0,0,0,0,0
11,-180,5.859,12,1049501,31,55,63,32108,0,0,0,0,0,152,1400,-4713,3822,0,0,0,0,0
11,-180,5.915,13,1049557,31,55,63,32108,0,0,0,0,0,152,1400,-4713,3822,0,0,0,0,0
11,-180,5.971,14,1049613,31,55,63,32108,0,0,0,0,0,152,1400,-4713,3822,0,0,0,0,0
11,-180,6.027,15,1049669,31,55,63,32108,0,0,0,0,0,152,1400,-4713,3822,0,0,0,0,0
11,-180,6.082,16,1049725,31,55,63,32108,0,0,0,0,0,152,1400,-4713,3822,0,0,0,0,0
11,-180,6.139,17,1049781,31,55,63,32108,0,0,0,0,0,152,1400,-4713,3822,0,0,0,0,0
11,-180,6.274,19,1049893,31,55,63,32108,0,0,0,0,0,152,1400,-4713,3822,0,0,0,0,0
11,-180,6.307,20,1049949,31,55,63,32108,0,0,0,0,0,152,1400,-4713,3822,0,0,0,0,0
11,-180,6.375,21,1050005,31,55,63,32108,0,0,0,0,0,152,1400,-4713,3822,0,0,0,0,0
11,-180,6.506,23,1050117,31,55,63,32108,0,0,0,0,0,152,1400,-4713,3822,0,0,0,0,0
11,-180,6.547,24,1050173,31,55,63,32108,0,0,0,0,0,152,1400,-4713,3822,0,0,0,0,0
11,-180,6.595,25,1050229,31,55,63,32108,0,0,0,0,0,152,1400,-4713,3822,0,0,0,0,0
11,-180,6.645,26,1050285,31,55,63,32108,0,0,0,0,0,152,1400,-4713,3822,0,0,0,0,0
11,-180,6.709,27,1050341,31,55,63,32108,0,0,0,0,0,152,1400,-4713,3822,0,0,0,0,0
11,-180,6.762,28,1050397,31,55,63,32108,0,0,0,0,0,152,1400,-4713,3822,0,0,0,0,0
11,-180,6.875,30,1050509,31,55,63,32108,0,0,0,0,0,152,1400,-4713,3822,0,0,0,0,0
11,-180,6.933,31,1050561,31,55,63,32108,0,0,0,0,0,152,1400,-4713,3822,0,0,0,0,0
11,-180,6.977,32,1050617,31,55,63,32108,0,0,0,0,0,152,1400,-4713,3822,0,0,0,0,0
11,-180,7.089,34,1050729,31,55,63,32108,0,0,0,0,0,152,1400,-4713,3822,0,0,0,0,0
11,-180,7.144,35,1050785,31,55,63,32108,0,0,0,0,0,152,1400,-4713,3822,0,0,0,0,0
11,-180,7.199,36,1050841,31,55,63,32108,0,0,0,0,0,152,1400,-4713,3822,0,0,0,0,0
11,-180,7.255,37,1050897,31,55,63,32108,0,0,0,0,0,152,1400,-4713,3822,0,0,0,0,0
11,-180,7.312,38,1050953,31,55,63,32108,0,0,0,0,0,152,1400,-4713,3822,0,0,0,0,0
11,-180,7.368,39,1051009,31,55,63,32108,0,0,0,0,0,152,1400,-4713,3822,0,0,0,0,0
11,-180,7.479,41,1051121,31,55,63,32108,0,0,0,0,0,152,1400,-4713,3822,0,0,0,0,0
11,-180,7.536,42,1051177,31,55,63,32108,0,0,0,0,0,152,1400,-4713,3822,0,0,0,0,0
11,-180,7.647,44,1051289,31,55,63,32108,0,0,0,0,0,152,1400,-4713,3822,0,0,0,0,0
11,-180,7.705,45,1051345,31,55,63,32108,0,0,0,0,0,152,1400,-4713,3822,0,0,0,0,0
11,-180,7.759,46,1051401,31,55,63,32108,0,0,0,0,0,152,1400,-4713,3822,0,0,0,0,0
11,-180,7.818,47,1051457,31,55,63,32108,0,0,0,0,0,152,1400,-4713,3822,0,0,0,0,0
11,-180,7.941,49,1051569,31,55,63,32108,0,0,0,0,0,152,1400,-4713,3822,0,0,0,0,0
11,-180,7.981,50,1051621,31,55,63,32108,0,0,0,0,0,152,1400,-4713,3822,0,0,0,0,0
11,-180,8.035,51,1051677,31,55,63,32108,0,0,0,0,0,152,1400,-4713,3822,0,0,0,0,0
11,-180,8.091,52,1051733,31,55,63,32108,0,0,0,0,0,152,1400,-4713,3822,0,0,0,0,0
11,-180,8.203,54,1051845,31,55,63,32108,0,0,0,0,0,152,1400,-4713,3822,0,0,0,0,0
11,-180,8.258,55,1051901,31,55,63,32108,0,0,0,0,0,152,1400,-4713,3822,0,0,0,0,0
11,-180,8.314,56,1051957,31,55,63,32108,0,0,0,0,0,152,1400,-4713,3822,0,0,0,0,0
11,-180,8.426,58,1052069,31,55,63,32108,0,0,0,0,0,152,1400,-4713,3822,0,0,0,0,0
11,-180,8.486,59,1052125,31,55,63,32108,0,0,0,0,0,152,1400,-4713,3822,0,0,0,0,0
11,-180,8.599,61,1052237,31,55,63,32108,0,0,0,0,0,152,1400,-4713,3822,0,0,0,0,0
11,-180,8.708,63,1052349,31,55,63,32108,0,0,0,0,0,152,1400,-4713,3822,0,0,0,0,0
11,-180,8.778,64,1052405,31,55,63,32108,0,0,0,0,0,152,1400,-4713,3822,0,0,0,0,0
11,-180,8.819,65,1052461,31,55,63,32108,0,0,0,0,0,152,1400,-4713,3822,0,0,0,0,0
11,-180,8.875,66,1052517,31,55,63,32108,0,0,0,0,0,152,1400,-4713,3822,0,0,0,0,0
11,-180,8.932,67,1052573,31,55,63,32108,0,0,0,0,0,152,1400,-4713,3822,0,0,0,0,0
11,-180,9.039,69,1052681,31,55,63,32108,0,0,0,0,0,152,1400,-4713,3822,0,0,0,0,0
11,-180,9.155,71,1052793,31,55,63,32108,0,0,0,0,0,152,1400,-4713,3822,0,0,0,0,0
11,-180,9.207,72,1052849,31,55,63,32108,0,0,0,0,0,152,1400,-4713,3822,0,0,0,0,0
11,-180,9.263,73,1052905,31,55,63,32108,0,0,0,0,0,152,1400,-4713,3822,0,0,0,0,0
11,-180,9.378,75,1053017,31,55,63,32108,0,0,0,0,0,152,1400,-4713,3822,0,0,0,0,0
11,-180,9.431,76,1053073,31,55,63,32108,0,0,0,0,0,152,1400,-4713,3822,0,0,0,0,0
11,-180,9.486,77,1053129,31,55,63,32108,0,0,0,0,0,152,1400,-4713,3822,0,0,0,0,0
11,-180,9.554,78,1053185,31,55,63,32108,0,0,0,0,0,152,1400,-4713,3822,0,0,0,0,0
11,-180,9.655,80,1053297,31,55,63,32108,0,0,0,0,0,152,1400,-4713,3822,0,0,0,0,0
11,-180,9.711,81,1053353,31,55,63,32108,0,0,0,0,0,152,1400,-4713,3822,0,0,0,0,0
11,-180,9.823,83,1053465,31,55,63,32108,0,0,0,0,0,152,1400,-4713,3822,0,0,0,0,0
11,-180,9.936,85,1053577,31,55,63,32108,0,0,0,0,0,152,1400,-4713,3822,0,0,0,0,0
11,-180,9.992,86,1053633,31,55,63,32108,0,0,0,0,0,152,1400,-4713,3822,0,0,0,0,0
11,-180,10.213,90,1053853,31,55,63,32108,0,0,0,0,0,152,1400,-4713,3822,0,0,0,0,0
11,-180,10.266,91,1053909,31,55,63,32108,0,0,0,0,0,152,1400,-4713,3822,0,0,0,0,0
11,-180,10.322,92,1053965,31,55,63,32108,0,0,0,0,0,152,1400,-4713,3822,0,0,0,0,0
11,-180,10.379,93,1054021,31,55,63,32108,0,0,0,0,0,152,1400,-4713,3822,0,0,0,0,0
11,-180,10.434,94,1054077,31,55,63,32108,0,0,0,0,0,152,1400,-4713,3822,0,0,0,0,0
11,-180,10.491,95,1054133,31,55,63,32108,0,0,0,0,0,152,1400,-4713,3822,0,0,0,0,0
11,-180,10.602,97,1054245,31,55,63,32108,0,0,0,0,0,152,1400,-4713,3822,0,0,0,0,0
11,-180,10.658,98,1054301,31,55,63,32108,0,0,0,0,0,152,1400,-4713,3822,0,0,0,0,0
11,-180,10.715,99,1054357,31,55,63,32108,0,0,0,0,0,152,1400,-4713,3822,0,0,0,0,0
11,-180,10.771,100,1054413,31,55,63,32108,0,0,0,0,0,152,1400,-4713,3822,0,0,0,0,0
11,-180,10.826,101,1054469,31,55,63,32108,0,0,0,0,0,152,1400,-4713,3822,0,0,0,0,0
11,-180,10.882,102,1054525,31,55,63,32108,0,0,0,0,0,152,1400,-4713,3822,0,0,0,0,0
11,-180,10.938,103,1054581,31,55,63,32108,0,0,0,0,0,152,1400,-4713,3822,0,0,0,0,0
11,-180,10.994,104,1054637,31,55,63,32108,0,0,0,0,0,152,1400,-4713,3822,0,0,0,0,0
11,-180,11.05,105,1054693,31,55,63,32108,0,0,0,0,0,152,1400,-4713,3822,0,0,0,0,0
11,-180,11.215,108,1054857,31,55,63,32108,0,0,0,0,0,152,1400,-4713,3822,0,0,0,0,0
11,-180,11.27,109,1054913,31,55,63,32108,0,0,0,0,0,152,1400,-4713,3822,0,0,0,0,0
11,-180,11.335,110,1054969,31,55,63,32108,0,0,0,0,0,152,1400,-4713,3822,0,0,0,0,0
11,-180,11.383,111,1055025,31,55,63,32108,0,0,0,0,0,152,1400,-4713,3822,0,0,0,0,0
11,-180,11.439,112,1055081,31,55,63,32108,0,0,0,0,0,152,1400,-4713,3822,0,0,0,0,0
11,-180,11.495,113,1055137,31,55,63,32108,0,0,0,0,0,152,1400,-4713,3822,0,0,0,0,0
11,-180,11.552,114,1055193,31,55,63,32108,0,0,0,0,0,152,1400,-4713,3822,0,0,0,0,0
11,-180,11.606,115,1055249,31,55,63,32108,0,0,0,0,0,152,1400,-4713,3822,0,0,0,0,0
11,-180,11.662,116,1055305,31,55,63,32108,0,0,0,0,0,152,1400,-4713,3822,0,0,0,0,0
11,-180,11.719,117,1055361,31,55,63,32108,0,0,0,0,0,152,1400,-4713,3822,0,0,0,0,0
11,-180,11.89,120,1055529,31,55,63,32108,0,0,0,0,0,152,1400,-4713,3822,0,0,0,0,0
11,-180,11.944,121,1055585,31,55,63,32108,0,0,0,0,0,152,1400,-4713,3822,0,0,0,0,0
11,-180,11.998,122,1055641,31,55,63,32108,0,0,0,0,0,152,1400,-4713,3822,0,0,0,0,0
11,-180,12.057,123,1055697,31,55,63,32108,0,0,0,0,0,152,1400,-4713,3822,0,0,0,0,0
11,-180,12.112,124,1055753,31,55,63,32108,0,0,0,0,0,152,1400,-4713,3822,0,0,0,0,0
11,-180,12.176,125,1055809,31,55,63,32108,0,0,0,0,0,152,1400,-4713,3822,0,0,0,0,0
11,-180,12.221,126,1055861,31,55,63,32108,0,0,0,0,0,152,1400,-4713,3822,0,0,0,0,0
11,-180,12.281,127,1055917,31,55,63,32108,0,0,0,0,0,152,1400,-4713,3822,0,0,0,0,0
11,-180,12.332,0,1055973,31,55,63,32108,0,0,0,0,0,152,1400,-4713,3822,0,0,0,0,0
11,-180,12.388,1,1056029,31,55,63,32108,0,0,0,0,0,152,1400,-4713,3822,0,0,0,0,0
11,-180,12.504,3,1056141,31,55,63,32108,0,0,0,0,0,152,1400,-4713,3822,0,0,0,0,0
11,-180,12.555,4,1056197,31,55,63,32108,0,0,0,0,0,152,1400,-4713,3822,0,0,0,0,0
11,-180,12.613,5,1056253,31,55,63,32108,0,0,0,0,0,152,1400,-4713,3822,0,0,0,0,0
11,-180,12.668,6,1056309,31,55,63,32108,0,0,0,0,0,152,1400,-4713,3822,0,0,0,0,0
11,-180,12.722,7,1056365,31,55,63,32108,0,0,0,0,0,152,1400,-4713,3822,0,0,0,0,0
11,-180,12.779,8,1056421,31,55,63,32108,0,0,0,0,0,152,1400,-4713,3822,0,0,0,0,0
11,-180,12.891,9,1056477,31,55,63,32108,0,0,0,0,0,152,1400,-4713,3822,0,0,0,0,0
11,-180,12.891,10,1056533,31,55,63,32108,0,0,0,0,0,152,1400,-4713,3822,0,0,0,0,0
11,-180,12.946,11,1056589,31,55,63,32108,0,0,0,0,0,152,1400,-4713,3822,0,0,0,0,0
11,-180,13.06,13,1056701,31,55,63,32108,0,0,0,0,0,152,1400,-4713,3822,0,0,0,0,0
11,-180,13.116,14,1056757,31,55,63,32108,0,0,0,0,0,152,1400,-4713,3822,0,0,0,0,0
11,-180,13.235,16,1056869,31,55,63,32108,0,0,0,0,0,152,1400,-4713,3822,0,0,0,0,0
11,-180,13.28,17,1056921,31,55,63,32108,0,0,0,0,0,152,1400,-4713,3822,0,0,0,0,0
11,-180,13.334,18,1056977,31,55,63,32108,0,0,0,0,0,152,1400,-4713,3822,0,0,0,0,0
11,-180,13.39,19,1057033,31,55,63,32108,0,0,0,0,0,152,1400,-4713,3822,0,0,0,0,0
11,-180,13.446,20,1057089,31,55,63,32108,0,0,0,0,0,152,1400,-4713,3822,0,0,0,0,0
11,-180,13.503,21,1057145,31,55,63,32108,0,0,0,0,0,152,1400,-4713,3822,0,0,0,0,0
11,-180,13.559,22,1057201,31,55,63,32108,0,0,0,0,0,152,1400,-4713,3822,0,0,0,0,0
11,-180,13.614,23,1057257,31,55,63,32108,0,0,0,0,0,152,1400,-4713,3822,0,0,0,0,0
11,-180,13.726,25,1057369,31,55,63,32108,0,0,0,0,0,152,1400,-4713,3822,0,0,0,0,0
11,-180,13.783,26,1057425,31,55,63,32108,0,0,0,0,0,152,1400,-4713,3822,0,0,0,0,0
11,-180,13.839,27,1057481,31,55,63,32108,0,0,0,0,0,152,1400,-4713,3822,0,0,0,0,0
11,-180,13.894,28,1057537,31,55,63,32108,0,0,0,0,0,152,1400,-4713,3822,0,0,0,0,0
11,-180,13.951,29,1057593,31,55,63,32108,0,0,0,0,0,152,1400,-4713,3822,0,0,0,0,0
11,-180,14.007,30,1057649,31,55,63,32108,0,0,0,0,0,152,1400,-4713,3822,0,0,0,0,0
11,-180,14.064,31,1057705,31,55,63,32108,0,0,0,0,0,152,1400,-4713,3822,0,0,0,0,0
11,-180,14.121,32,1057761,31,55,63,32108,0,0,0,0,0,152,1400,-4713,3822,0,0,0,0,0
11,-180,14.176,33,1057817,31,55,63,32108,0,0,0,0,0,152,1400,-4713,3822,0,0,0,0,0
11,-180,14.289,35,1057929,31,55,63,32108,0,0,0,0,0,152,1400,-4713,3822,0,0,0,0,0
11,-180,14.338,36,1057981,31,55,63,32108,0,0,0,0,0,152,1400,-4713,3822,0,0,0,0,0
11,-180,14.394,37,1058037,31,55,63,32108,0,0,0,0,0,152,1400,-4713,3822,0,0,0,0,0
11,-180,14.45,38,1058093,31,55,63,32108,0,0,0,0,0,152,1400,-4713,3822,0,0,0,0,0
11,-180,14.507,39,1058149,31,55,63,32108,0,0,0,0,0,152,1400,-4713,3822,0,0,0,0,0
11,-180,14.618,41,1058261,31,55,63,32108,0,0,0,0,0,152,1400,-4713,3822,0,0,0,0,0
11,-180,14.674,42,1058317,31,55,63,32108,0,0,0,0,0,152,1400,-4713,3822,0,0,0,0,0
11,-180,14.73,43,1058373,31,55,63,32108,0,0,0,0,0,152,1400,-4713,3822,0,0,0,0,0
11,-180,14.787,44,1058429,31,55,63,32108,0,0,0,0,0,152,1400,-4713,3822,0,0,0,0,0
11,-180,14.842,45,1058485,31,55,63,32108,0,0,0,0,0,152,1400,-4713,3822,0,0,0,0,0
11,-180,14.96,47,1058597,31,55,63,32108,0,0,0,0,0,152,1400,-4713,3822,0,0,0,0,0
11,-180,15.011,48,1058653,31,55,63,32108,0,0,0,0,0,152,1400,-4713,3822,0,0,0,0,0
11,-180,15.067,49,1058709,31,55,63,32108,0,0,0,0,0,152,1400,-4713,3822,0,0,0,0,0
11,-180,15.123,50,1058765,31,55,63,32108,0,0,0,0,0,152,1400,-4713,3822,0,0,0,0,0
11,-180,15.177,51,1058821,31,55,63,32108,0,0,0,0,0,152,1400,-4713,3822,0,0,0,0,0
11,-180,15.239,52,1058877,31,55,63,32108,0,0,0,0,0,152,1400,-4713,3822,0,0,0,0,0
11,-180,15.29,53,1058933,31,55,63,32108,0,0,0,0,0,152,1400,-4713,3822,0,0,0,0,0
11,-180,15.356,54,1058989,31,55,63,32108,0,0,0,0,0,152,1400,-4713,3822,0,0,0,0,0
11,-180,15.399,55,1059041,31,55,63,32108,0,0,0,0,0,152,1400,-4713,3822,0,0,0,0,0
11,-180,15.454,56,1059097,31,55,63,32108,0,0,0,0,0,152,1400,-4713,3822,0,0,0,0,0
11,-180,15.566,58,1059209,31,55,63,32108,0,0,0,0,0,152,1400,-4713,3822,0,0,0,0,0
11,-180,15.621,59,1059265,31,55,63,32108,0,0,0,0,0,152,1400,-4713,3822,0,0,0,0,0
11,-180,15.678,60,1059321,31,55,63,32108,0,0,0,0,0,152,1400,-4713,3822,0,0,0,0,0
11,-180,15.734,61,1059377,31,55,63,32108,0,0,0,0,0,152,1400,-4713,3822,0,0,0,0,0
11,-180,15.792,62,1059433,31,55,63,32108,0,0,0,0,0,152,1400,-4713,3822,0,0,0,0,0
11,-180,15.846,63,1059489,31,55,63,32108,0,0,0,0,0,152,1400,-4713,3822,0,0,0,0,0
11,-180,15.902,64,1059545,31,55,63,32108,0,0,0,0,0,152,1400,-4713,3822,0,0,0,0,0
11,-180,15.959,65,1059601,31,55,63,32108,0,0,0,0,0,152,1400,-4713,3822,0,0,0,0,0
11,-180,16.014,66,1059657,31,55,63,32108,0,0,0,0,0,152,1400,-4713,3822,0,0,0,0,0
11,-180,16.069,67,1059713,31,55,63,32108,0,0,0,0,0,152,1400,-4713,3822,0,0,0,0,0
11,-180,16.182,69,1059825,31,55,63,32108,0,0,0,0,0,152,1400,-4713,3822,0,0,0,0,0
11,-180,16.238,70,1059881,31,55,63,32108,0,0,0,0,0,152,1400,-4713,3822,0,0,0,0,0
11,-180,16.295,71,1059937,31,55,63,32108,0,0,0,0,0,152,1400,-4713,3822,0,0,0,0,0
11,-180,16.35,72,1059993,31,55,63,32108,0,0,0,0,0,152,1400,-4713,3822,0,0,0,0,0
11,-180,16.414,73,1060049,31,55,63,32108,0,0,0,0,0,152,1400,-4713,3822,0,0,0,0,0
11,-180,16.459,74,1060101,31,55,63,32108,0,0,0,0,0,152,1400,-4713,3822,0,0,0,0,0
11,-180,16.514,75,1060157,31,55,63,32108,0,0,0,0,0,152,1400,-4713,3822,0,0,0,0,0
11,-180,16.57,76,1060213,31,55,63,32108,0,0,0,0,0,152,1400,-4713,3822,0,0,0,0,0
11,-180,16.626,77,1060269,31,55,63,32108,0,0,0,0,0,152,1400,-4713,3822,0,0,0,0,0
11,-180,16.682,78,1060325,31,55,63,32108,0,0,0,0,0,152,1400,-4713,3822,0,0,0,0,0
11,-180,16.738,79,1060381,31,55,63,32108,0,0,0,0,0,152,1400,-4713,3822,0,0,0,0,0
11,-180,16.794,80,1060437,31,55,63,32108,0,0,0,0,0,152,1400,-4713,3822,0,0,0,0,0
11,-180,16.85,81,1060493,31,55,63,32108,0,0,0,0,0,152,1400,-4713,3822,0,0,0,0,0
11,-180,16.907,82,1060549,31,55,63,32108,0,0,0,0,0,152,1400,-4713,3822,0,0,0,0,0
11,-180,16.962,83,1060605,31,55,63,32108,0,0,0,0,0,152,1400,-4713,3822,0,0,0,0,0
11,-180,17.018,84,1060661,31,55,63,32108,0,0,0,0,0,152,1400,-4713,3822,0,0,0,0,0
11,-180,17.074,85,1060717,31,55,63,32108,0,0,0,0,0,152,1400,-4713,3822,0,0,0,0,0
11,-180,17.13,86,1060773,31,55,63,32108,0,0,0,0,0,152,1400,-4713,3822,0,0,0,0,0
11,-180,17.189,87,1060829,31,55,63,32108,0,0,0,0,0,152,1400,-4713,3822,0,0,0,0,0
11,-180,17.242,88,1060885,31,55,63,32108,0,0,0,0,0,152,1400,-4713,3822,0,0,0,0,0
11,-180,17.299,89,1060941,31,55,63,32108,0,0,0,0,0,152,1400,-4713,3822,0,0,0,0,0
11,-180,17.41,91,1061053,31,55,63,32108,0,0,0,0,0,152,1400,-4713,3822,0,0,0,0,0
11,-180,17.475,92,1061109,31,55,63,32108,0,0,0,0,0,152,1400,-4713,3822,0,0,0,0,0
11,-180,17.519,93,1061161,31,55,63,32108,0,0,0,0,0,152,1400,-4713,3822,0,0,0,0,0
11,-180,17.574,94,1061217,31,55,63,32108,0,0,0,0,0,152,1400,-4713,3822,0,0,0,0,0
11,-180,17.63,95,1061273,31,55,63,32108,0,0,0,0,0,152,1400,-4713,3822,0,0,0,0,0
11,-180,17.686,96,1061329,31,55,63,32108,0,0,0,0,0,152,1400,-4713,3822,0,0,0,0,0
11,-180,17.742,97,1061385,31,55,63,32108,0,0,0,0,0,152,1400,-4713,3822,0,0,0,0,0
11,-180,17.799,98,1061441,31,55,63,32108,0,0,0,0,0,152,1400,-4713,3822,0,0,0,0,0
11,-180,17.854,99,1061497,31,55,63,32108,0,0,0,0,0,152,1400,-4713,3822,0,0,0,0,0
11,-180,17.91,100,1061553,31,55,63,32108,0,0,0,0,0,152,1400,-4713,3822,0,0,0,0,0
11,-180,17.966,101,1061609,31,55,63,32108,0,0,0,0,0,152,1400,-4713,3822,0,0,0,0,0
11,-180,18.134,104,1061777,31,55,63,32108,0,0,0,0,0,152,1400,-4713,3822,0,0,0,0,0
11,-180,18.19,105,1061833,31,55,63,32108,0,0,0,0,0,152,1400,-4713,3822,0,0,0,0,0
11,-180,18.246,106,1061889,31,55,63,32108,0,0,0,0,0,152,1400,-4713,3822,0,0,0,0,0
11,-180,18.303,107,1061945,31,55,63,32108,0,0,0,0,0,152,1400,-4713,3822,0,0,0,0,0
11,-180,18.358,108,1062001,31,55,63,32108,0,0,0,0,0,152,1400,-4713,3822,0,0,0,0,0
11,-180,18.414,109,1062057,31,55,63,32108,0,0,0,0,0,152,1400,-4713,3822,0,0,0,0,0
11,-180,18.47,110,1062113,31,55,63,32108,0,0,0,0,0,152,1400,-4713,3822,0,0,0,0,0
11,-180,18.534,111,1062169,31,55,63,32108,0,0,0,0,0,152,1400,-4713,3822,0,0,0,0,0
11,-180,18.578,112,1062221,31,55,63,32108,0,0,0,0,0,152,1400,-4713,3822,0,0,0,0,0
11,-180,18.69,114,1062333,31,55,63,32108,0,0,0,0,0,152,1400,-4713,3822,0,0,0,0,0
12,180,-0.012,91,1096751,31,55,63,32108,0,0,0,0,0,152,1400,-4713,3822,0,0,0,0,0
12,180,0.084,93,1096857,31,55,63,32108,0,0,0,0,0,152,1400,-4713,3822,0,0,0,0,0
12,180,0.141,94,1096913,31,55,63,32108,0,0,0,0,0,152,1400,-4713,3822,0,0,0,0,0
12,180,0.197,95,1096969,31,55,63,32108,0,0,0,0,0,152,1400,-4713,3822,0,0,0,0,0
12,180,0.252,96,1097025,31,55,63,32108,0,0,0,0,0,152,1400,-4713,3822,0,0,0,0,0
12,180,0.308,97,1097081,31,55,63,32108,0,0,0,0,0,152,1400,-4713,3822,0,0,0,0,0
12,180,0.373,98,1097137,31,55,63,32108,0,0,0,0,0,152,1400,-4713,3822,0,0,0,0,0
12,180,0.416,99,1097189,31,55,63,32108,0,0,0,0,0,152,1400,-4713,3822,0,0,0,0,0
12,180,0.472,100,1097245,31,55,63,32108,0,0,0,0,0,152,1400,-4713,3822,0,0,0,0,0
12,180,0.588,102,1097357,31,55,63,32108,0,0,0,0,0,152,1400,-4713,3822,0,0,0,0,0
12,180,0.643,103,1097413,31,55,63,32108,0,0,0,0,0,152,1400,-4713,3822,0,0,0,0,0
12,180,0.699,104,1097469,31,55,63,32108,0,0,0,0,0,152,1400,-4713,3822,0,0,0,0,0
12,180,0.755,105,1097525,31,55,63,32108,0,0,0,0,0,152,1400,-4713,3822,0,0,0,0,0
12,180,0.811,106,1097581,31,55,63,32108,0,0,0,0,0,152,1400,-4713,3822,0,0,0,0,0
12,180,0.866,107,1097637,31,55,63,32108,0,0,0,0,0,152,1400,-4713,3822,0,0,0,0,0
12,180,0.922,108,1097693,31,55,63,32108,0,0,0,0,0,152,1400,-4713,3822,0,0,0,0,0
12,180,0.976,109,1097749,31,55,63,32108,0,0,0,0,0,152,1400,-4713,3822,0,0,0,0,0
12,180,1.032,110,1097805,31,55,63,32108,0,0,0,0,0,152,1400,-4713,3822,0,0,0,0,0
12,180,1.145,112,1097917,31,55,63,32108,0,0,0,0,0,152,1400,-4713,3822,0,0,0,0,0
12,180,1.206,113,1097973,31,55,63,32108,0,0,0,0,0,152,1400,-4713,3822,0,0,0,0,0
12,180,1.257,114,1098029,31,55,63,32108,0,0,0,0,0,152,1400,-4713,3822,0,0,0,0,0
12,180,1.314,115,1098085,31,55,63,32108,0,0,0,0,0,152,1400,-4713,3822,0,0,0,0,0
12,180,1.369,116,1098141,31,55,63,32108,0,0,0,0,0,152,1400,-4713,3822,0,0,0,0,0
12,180,1.434,117,1098197,31,55,63,32108,0,0,0,0,0,152,1400,-4713,3822,0,0,0,0,0
12,180,1.477,118,1098249,31,55,63,32108,0,0,0,0,0,152,1400,-4713,3822,0,0,0,0,0
12,180,1.532,119,1098305,31,55,63,32108,0,0,0,0,0,152,1400,-4713,3822,0,0,0,0,0
12,180,1.59,120,1098361,31,55,63,32108,0,0,0,0,0,152,1400,-4713,3822,0,0,0,0,0
12,180,1.644,121,1098417,31,55,63,32108,0,0,0,0,0,152,1400,-4713,3822,0,0,0,0,0
12,180,1.709,122,1098473,31,55,63,32108,0,0,0,0,0,152,1400,-4713,3822,0,0,0,0,0
12,180,1.812,124,1098585,31,55,63,32108,0,0,0,0,0,152,1400,-4713,3822,0,0,0,0,0
12,180,1.871,125,1098641,31,55,63,32108,0,0,0,0,0,152,1400,-4713,3822,0,0,0,0,0
12,180,1.924,126,1098697,31,55,63,32108,0,0,0,0,0,152,1400,-4713,3822,0,0,0,0,0
12,180,1.98,127,1098753,31,55,63,32108,0,0,0,0,0,152,1400,-4713,3822,0,0,0,0,0
12,180,2.039,0,1098809,31,55,63,32108,0,0,0,0,0,152,1400,-4713,3822,0,0,0,0,0
12,180,2.092,1,1098865,31,55,63,32108,0,0,0,0,0,152,1400,-4713,3822,0,0,0,0,0
12,180,2.149,2,1098921,31,55,63,32108,0,0,0,0,0,152,1400,-4713,3822,0,0,0,0,0
12,180,2.209,3,1098977,31,55,63,32108,0,0,0,0,0,152,1400,-4713,3822,0,0,0,0,0
12,180,2.26,4,1099033,31,55,63,32108,0,0,0,0,0,152,1400,-4713,3822,0,0,0,0,0
12,180,2.317,5,1099089,31,55,63,32108,0,0,0,0,0,152,1400,-4713,3822,0,0,0,0,0
12,180,2.372,6,1099145,31,55,63,32108,0,0,0,0,0,152,1400,-4713,3822,0,0,0,0,0
12,180,2.429,7,1099201,31,55,63,32108,0,0,0,0,0,152,1400,-4713,3822,0,0,0,0,0
12,180,2.493,8,1099257,31,55,63,32108,0,0,0,0,0,152,1400,-4713,3822,0,0,0,0,0
12,180,2.538,9,1099309,31,55,63,32108,0,0,0,0,0,152,1400,-4713,3822,0,0,0,0,0
12,180,2.596,10,1099365,31,55,63,32108,0,0,0,0,0,152,1400,-4713,3822,0,0,0,0,0
12,180,2.65,11,1099421,31,55,63,32108,0,0,0,0,0,152,1400,-4713,3822,0,0,0,0,0
12,180,2.707,12,1099477,31,55,63,32108,0,0,0,0,0,152,1400,-4713,3822,0,0,0,0,0
12,180,2.764,13,1099533,31,55,63,32108,0,0,0,0,0,152,1400,-4713,3822,0,0,0,0,0
12,180,2.818,14,1099589,31,55,63,32108,0,0,0,0,0,152,1400,-4713,3822,0,0,0,0,0
12,180,2.877,15,1099645,31,55,63,32108,0,0,0,0,0,152,1400,-4713,3822,0,0,0,0,0
12,180,2.931,16,1099701,31,55,63,32108,0,0,0,0,0,152,1400,-4713,3822,0,0,0,0,0
12,180,3.044,18,1099813,31,55,63,32108,0,0,0,0,0,152,1400,-4713,3822,0,0,0,0,0
12,180,3.115,19,1099873,31,55,63,32108,0,0,0,0,0,152,1401,-4713,3822,-800,800,0,0,0
12,180,3.162,20,1099923,31,55,63,32149,0,0,0,-26,7,152,1403,-4719,3827,-1100,1100,0,0,0
12,180,3.228,21,1099993,31,55,63,32319,0,0,0,-23,21,153,1406,-4741,3850,-1400,1400,0,0,0
12,180,3.369,23,1100137,31,56,62,33030,0,0,0,-62,76,153,1412,-4819,3961,-2000,2000,0,0,0
12,180,3.441,24,1100209,31,57,62,33666,0,0,0,-92,118,153,1415,-4894,4055,-2300,2400,0,0,0
12,180,3.511,25,1100281,31,58,62,34546,0,0,0,-112,148,153,1418,-5000,4183,-2700,2700,0,0,0
12,180,3.584,26,1100353,31,59,61,35641,0,0,0,-148,190,153,1421,-5133,4341,-2800,2800,0,0,0
12,180,3.662,27,1100425,31,59,61,36789,0,0,0,-164,170,153,1424,-5277,4502,-2700,2700,0,0,0
12,180,3.727,28,1100497,31,60,62,37993,0,0,0,-154,181,153,1427,-5422,4677,-2700,2700,0,0,0
12,180,3.786,29,1100547,31,61,62,38821,0,0,0,-154,184,153,1429,-5522,4797,-2600,2700,0,0,0
12,180,3.846,30,1100617,31,62,63,40013,0,0,0,-135,205,153,1432,-5661,4975,-2600,2600,0,0,0
12,180,3.919,31,1100689,31,63,64,41202,0,0,0,-164,194,153,1435,-5805,5147,-2500,2600,0,0,0
12,180,3.993,32,1100761,31,64,65,42361,0,0,0,-154,181,153,1438,-5944,5316,-2500,2300,0,0,0
12,180,4.134,34,1100905,31,64,66,44536,0,0,0,-138,154,153,1444,-6211,5627,-2500,2100,0,0,0
12,180,4.208,35,1100977,31,64,66,45571,0,0,0,-154,144,153,1447,-6347,5766,-2500,2000,0,0,0
12,180,4.286,36,1101049,31,64,67,46583,0,0,0,-144,144,153,1450,-6477,5905,-2500,2000,0,0,0
12,180,4.362,37,1101121,31,64,67,47588,0,0,0,-148,144,153,1453,-6611,6038,-2500,2000,0,0,0
12,180,4.409,38,1101171,31,64,67,48277,0,0,0,-144,135,153,1455,-6705,6127,-2500,2000,0,0,0
12,180,4.67,40,1101434,31,66,65,50726,0,0,0,0,0,153,1469,-7058,6425,0,0,0,0,0
12,180,4.723,41,1101487,31,66,65,50726,0,0,0,0,0,153,1471,-7058,6425,0,0,0,0,0
12,180,4.765,42,1101537,31,66,65,50726,0,0,0,0,0,153,1471,-7058,6425,0,0,0,0,0
12,180,4.82,43,1101593,31,66,65,50726,0,0,0,0,0,153,1471,-7058,6425,0,0,0,0,0
12,180,4.878,44,1101649,31,66,65,50726,0,0,0,0,0,153,1471,-7058,6425,0,0,0,0,0
12,180,4.934,45,1101705,31,66,65,50726,0,0,0,0,0,153,1471,-7058,6425,0,0,0,0,0
12,180,4.998,46,1101761,31,66,65,50726,0,0,0,0,0,153,1471,-7058,6425,0,0,0,0,0
12,180,5.042,47,1101813,31,66,65,50726,0,0,0,0,0,153,1471,-7058,6425,0,0,0,0,0
12,180,5.1,48,1101869,31,66,65,50726,0,0,0,0,0,153,1471,-7058,6425,0,0,0,0,0
12,180,5.153,49,1101925,31,66,65,50726,0,0,0,0,0,153,1471,-7058,6425,0,0,0,0,0
12,180,5.208,50,1101981,31,66,65,50726,0,0,0,0,0,153,1471,-7058,6425,0,0,0,0,0
12,180,5.287,51,1102037,31,66,65,50726,0,0,0,0,0,153,1471,-7058,6425,0,0,0,0,0
12,180,5.321,52,1102093,31,66,65,50726,0,0,0,0,0,153,1471,-7058,6425,0,0,0,0,0
12,180,5.378,53,1102149,31,66,65,50726,0,0,0,0,0,153,1471,-7058,6425,0,0,0,0,0
12,180,5.434,54,1102205,31,66,65,50726,0,0,0,0,0,153,1471,-7058,6425,0,0,0,0,0
12,180,5.49,55,1102261,31,66,65,50726,0,0,0,0,0,153,1471,-7058,6425,0,0,0,0,0
12,180,5.606,57,1102373,31,66,65,50726,0,0,0,0,0,153,1471,-7058,6425,0,0,0,0,0
12,180,5.662,58,1102429,31,66,65,50726,0,0,0,0,0,153,1471,-7058,6425,0,0,0,0,0
12,180,5.712,59,1102485,31,66,65,50726,0,0,0,0,0,153,1471,-7058,6425,0,0,0,0,0
12,180,5.775,60,1102541,31,66,65,50726,0,0,0,0,0,153,1471,-7058,6425,0,0,0,0,0
12,180,5.825,61,1102597,31,66,65,50726,0,0,0,0,0,153,1471,-7058,6425,0,0,0,0,0
12,180,5.882,62,1102653,31,66,65,50726,0,0,0,0,0,153,1471,-7058,6425,0,0,0,0,0
12,180,5.937,63,1102709,31,66,65,50726,0,0,0,0,0,153,1471,-7058,6425,0,0,0,0,0
12,180,5.993,64,1102765,31,66,65,50726,0,0,0,0,0,153,1471,-7058,6425,0,0,0,0,0
12,180,6.058,65,1102821,31,66,65,50726,0,0,0,0,0,153,1471,-7058,6425,0,0,0,0,0
12,180,6.101,66,1102873,31,66,65,50726,0,0,0,0,0,153,1471,-7058,6425,0,0,0,0,0
12,180,6.158,67,1102929,31,66,65,50726,0,0,0,0,0,153,1471,-7058,6425,0,0,0,0,0
12,180,6.277,69,1103041,31,66,65,50726,0,0,0,0,0,153,1471,-7058,6425,0,0,0,0,0
12,180,6.324,70,1103097,31,66,65,50726,0,0,0,0,0,153,1471,-7058,6425,0,0,0,0,0
12,180,6.38,71,1103153,31,66,65,50726,0,0,0,0,0,153,1471,-7058,6425,0,0,0,0,0
12,180,6.438,72,1103209,31,66,65,50726,0,0,0,0,0,153,1471,-7058,6425,0,0,0,0,0
12,180,6.494,73,1103265,31,66,65,50726,0,0,0,0,0,153,1471,-7058,6425,0,0,0,0,0
12,180,6.548,74,1103321,31,66,65,50726,0,0,0,0,0,153,1471,-7058,6425,0,0,0,0,0
12,180,6.604,75,1103377,31,66,65,50726,0,0,0,0,0,153,1471,-7058,6425,0,0,0,0,0
12,180,6.66,76,1103433,31,66,65,50726,0,0,0,0,0,153,1471,-7058,6425,0,0,0,0,0
12,180,6.717,77,1103489,31,66,65,50726,0,0,0,0,0,153,1471,-7058,6425,0,0,0,0,0
12,180,6.829,79,1103601,31,66,65,50726,0,0,0,0,0,153,1471,-7058,6425,0,0,0,0,0
12,180,6.884,80,1103657,31,66,65,50726,0,0,0,0,0,153,1471,-7058,6425,0,0,0,0,0
12,180,6.944,81,1103713,31,66,65,50726,0,0,0,0,0,153,1471,-7058,6425,0,0,0,0,0
12,180,6.998,82,1103769,31,66,65,50726,0,0,0,0,0,153,1471,-7058,6425,0,0,0,0,0
12,180,7.053,83,1103825,31,66,65,50726,0,0,0,0,0,153,1471,-7058,6425,0,0,0,0,0
12,180,7.117,84,1103881,31,66,65,50726,0,0,0,0,0,153,1471,-7058,6425,0,0,0,0,0
12,180,7.161,85,1103933,31,66,65,50726,0,0,0,0,0,153,1471,-7058,6425,0,0,0,0,0
12,180,7.216,86,1103989,31,66,65,50726,0,0,0,0,0,153,1471,-7058,6425,0,0,0,0,0
12,180,7.272,87,1104045,31,66,65,50726,0,0,0,0,0,153,1471,-7058,6425,0,0,0,0,0
12,180,7.329,88,1104101,31,66,65,50726,0,0,0,0,0,153,1471,-7058,6425,0,0,0,0,0
12,180,7.384,89,1104157,31,66,65,50726,0,0,0,0,0,153,1471,-7058,6425,0,0,0,0,0
12,180,7.497,91,1104269,31,66,65,50726,0,0,0,0,0,153,1471,-7058,6425,0,0,0,0,0
12,180,7.552,92,1104325,31,66,65,50726,0,0,0,0,0,153,1471,-7058,6425,0,0,0,0,0
12,180,7.608,93,1104381,31,66,65,50726,0,0,0,0,0,153,1471,-7058,6425,0,0,0,0,0
12,180,7.664,94,1104437,31,66,65,50726,0,0,0,0,0,153,1471,-7058,6425,0,0,0,0,0
12,180,7.72,95,1104493,31,66,65,50726,0,0,0,0,0,153,1471,-7058,6425,0,0,0,0,0
12,180,7.775,96,1104549,31,66,65,50726,0,0,0,0,0,153,1471,-7058,6425,0,0,0,0,0
12,180,7.832,97,1104605,31,66,65,50726,0,0,0,0,0,153,1471,-7058,6425,0,0,0,0,0
12,180,7.889,98,1104661,31,66,65,50726,0,0,0,0,0,153,1471,-7058,6425,0,0,0,0,0
12,180,7.945,99,1104717,31,66,65,50726,0,0,0,0,0,153,1471,-7058,6425,0,0,0,0,0
12,180,8.079,101,1104829,31,66,65,50726,0,0,0,0,0,153,1471,-7058,6425,0,0,0,0,0
12,180,8.113,102,1104885,31,66,65,50726,0,0,0,0,0,153,1471,-7058,6425,0,0,0,0,0
12,180,8.18,103,1104941,31,66,65,50726,0,0,0,0,0,153,1471,-7058,6425,0,0,0,0,0
12,180,8.225,104,1104993,31,66,65,50726,0,0,0,0,0,153,1471,-7058,6425,0,0,0,0,0
12,180,8.281,105,1105049,31,66,65,50726,0,0,0,0,0,153,1471,-7058,6425,0,0,0,0,0
12,180,8.332,106,1105105,31,66,65,50726,0,0,0,0,0,153,1471,-7058,6425,0,0,0,0,0
12,180,8.389,107,1105161,31,66,65,50726,0,0,0,0,0,153,1471,-7058,6425,0,0,0,0,0
12,180,8.446,108,1105217,31,66,65,50726,0,0,0,0,0,153,1471,-7058,6425,0,0,0,0,0
12,180,8.501,109,1105273,31,66,65,50726,0,0,0,0,0,153,1471,-7058,6425,0,0,0,0,0
12,180,8.56,110,1105329,31,66,65,50726,0,0,0,0,0,153,1471,-7058,6425,0,0,0,0,0
12,180,8.615,111,1105385,31,66,65,50726,0,0,0,0,0,153,1471,-7058,6425,0,0,0,0,0
12,180,8.725,113,1105497,31,66,65,50726,0,0,0,0,0,153,1471,-7058,6425,0,0,0,0,0
12,180,8.801,114,1105553,31,66,65,50726,0,0,0,0,0,153,1471,-7058,6425,0,0,0,0,0
12,180,8.836,115,1105609,31,66,65,50726,0,0,0,0,0,153,1471,-7058,6425,0,0,0,0,0
12,180,8.895,116,1105665,31,66,65,50726,0,0,0,0,0,153,1471,-7058,6425,0,0,0,0,0
12,180,8.95,117,1105721,31,66,65,50726,0,0,0,0,0,153,1471,-7058,6425,0,0,0,0,0
12,180,9.018,118,1105777,31,66,65,50726,0,0,0,0,0,153,1471,-7058,6425,0,0,0,0,0
12,180,9.078,119,1105833,31,66,65,50726,0,0,0,0,0,153,1471,-7058,6425,0,0,0,0,0
12,180,9.118,120,1105889,31,66,65,50726,0,0,0,0,0,153,1471,-7058,6425,0,0,0,0,0
12,180,9.178,121,1105945,31,66,65,50726,0,0,0,0,0,153,1471,-7058,6425,0,0,0,0,0
12,180,9.338,124,1106109,31,66,65,50726,0,0,0,0,0,153,1471,-7058,6425,0,0,0,0,0
12,180,9.395,125,1106165,31,66,65,50726,0,0,0,0,0,153,1471,-7058,6425,0,0,0,0,0
12,180,9.449,126,1106221,31,66,65,50726,0,0,0,0,0,153,1471,-7058,6425,0,0,0,0,0
12,180,9.505,127,1106277,31,66,65,50726,0,0,0,0,0,153,1471,-7058,6425,0,0,0,0,0
12,180,9.563,0,1106333,31,66,65,50726,0,0,0,0,0,153,1471,-7058,6425,0,0,0,0,0
12,180,9.616,1,1106389,31,66,65,50726,0,0,0,0,0,153,1471,-7058,6425,0,0,0,0,0
12,180,9.676,2,1106445,31,66,65,50726,0,0,0,0,0,153,1471,-7058,6425,0,0,0,0,0
12,180,9.729,3,1106501,31,66,65,50726,0,0,0,0,0,153,1471,-7058,6425,0,0,0,0,0
12,180,9.797,4,1106557,31,66,65,50726,0,0,0,0,0,153,1471,-7058,6425,0,0,0,0,0
12,180,9.842,5,1106614,31,66,65,50726,0,0,0,0,0,153,1471,-7058,6425,0,0,0,0,0
12,180,9.952,7,1106725,31,66,65,50726,0,0,0,0,0,153,1471,-7058,6425,0,0,0,0,0
12,180,10.008,8,1106781,31,66,65,50726,0,0,0,0,0,153,1471,-7058,6425,0,0,0,0,0
12,180,10.071,9,1106837,31,66,65,50726,0,0,0,0,0,153,1471,-7058,6425,0,0,0,0,0
12,180,10.124,10,1106893,31,66,65,50726,0,0,0,0,0,153,1471,-7058,6425,0,0,0,0,0
12,180,10.181,11,1106949,31,66,65,50726,0,0,0,0,0,153,1471,-7058,6425,0,0,0,0,0
12,180,10.235,12,1107005,31,66,65,50726,0,0,0,0,0,153,1471,-7058,6425,0,0,0,0,0
12,180,10.301,13,1107061,31,66,65,50726,0,0,0,0,0,153,1471,-7058,6425,0,0,0,0,0
12,180,10.342,14,1107113,31,66,65,50726,0,0,0,0,0,153,1471,-7058,6425,0,0,0,0,0
12,180,10.4,15,1107169,31,66,65,50726,0,0,0,0,0,153,1471,-7058,6425,0,0,0,0,0
12,180,10.51,17,1107281,31,66,65,50726,0,0,0,0,0,153,1471,-7058,6425,0,0,0,0,0
12,180,10.619,19,1107393,31,66,65,50726,0,0,0,0,0,153,1471,-7058,6425,0,0,0,0,0
12,180,10.677,20,1107449,31,66,65,50726,0,0,0,0,0,153,1471,-7058,6425,0,0,0,0,0
12,180,10.732,21,1107505,31,66,65,50726,0,0,0,0,0,153,1471,-7058,6425,0,0,0,0,0
12,180,10.788,22,1107561,31,66,65,50726,0,0,0,0,0,153,1471,-7058,6425,0,0,0,0,0
12,180,10.844,23,1107617,31,66,65,50726,0,0,0,0,0,153,1471,-7058,6425,0,0,0,0,0
12,180,10.9,24,1107673,31,66,65,50726,0,0,0,0,0,153,1471,-7058,6425,0,0,0,0,0
12,180,10.957,25,1107729,31,66,65,50726,0,0,0,0,0,153,1471,-7058,6425,0,0,0,0,0
12,180,11.016,26,1107785,31,66,65,50726,0,0,0,0,0,153,1471,-7058,6425,0,0,0,0,0
12,180,11.071,27,1107841,31,66,65,50726,0,0,0,0,0,153,1471,-7058,6425,0,0,0,0,0
12,180,11.182,29,1107953,31,66,65,50726,0,0,0,0,0,153,1471,-7058,6425,0,0,0,0,0
12,180,11.236,30,1108009,31,66,65,50726,0,0,0,0,0,153,1471,-7058,6425,0,0,0,0,0
12,180,11.303,31,1108065,31,66,65,50726,0,0,0,0,0,153,1471,-7058,6425,0,0,0,0,0
12,180,11.356,32,1108121,31,66,65,50726,0,0,0,0,0,153,1471,-7058,6425,0,0,0,0,0
12,180,11.403,33,1108173,31,66,65,50726,0,0,0,0,0,153,1471,-7058,6425,0,0,0,0,0
12,180,11.456,34,1108229,31,66,65,50726,0,0,0,0,0,153,1471,-7058,6425,0,0,0,0,0
12,180,11.569,36,1108341,31,66,65,50726,0,0,0,0,0,153,1471,-7058,6425,0,0,0,0,0
12,180,11.624,37,1108397,31,66,65,50726,0,0,0,0,0,153,1471,-7058,6425,0,0,0,0,0
12,180,11.682,38,1108453,31,66,65,50726,0,0,0,0,0,153,1471,-7058,6425,0,0,0,0,0
12,180,11.736,39,1108509,31,66,65,50726,0,0,0,0,0,153,1471,-7058,6425,0,0,0,0,0
12,180,11.851,41,1108621,31,66,65,50726,0,0,0,0,0,153,1471,-7058,6425,0,0,0,0,0
12,180,11.906,42,1108677,31,66,65,50726,0,0,0,0,0,153,1471,-7058,6425,0,0,0,0,0
12,180,11.96,43,1108733,31,66,65,50726,0,0,0,0,0,153,1471,-7058,6425,0,0,0,0,0
12,180,12.016,44,1108789,31,66,65,50726,0,0,0,0,0,153,1471,-7058,6425,0,0,0,0,0
12,180,12.073,45,1108845,31,66,65,50726,0,0,0,0,0,153,1471,-7058,6425,0,0,0,0,0
12,180,12.129,46,1108901,31,66,65,50726,0,0,0,0,0,153,1471,-7058,6425,0,0,0,0,0
12,180,12.185,47,1108957,31,66,65,50726,0,0,0,0,0,153,1471,-7058,6425,0,0,0,0,0
12,180,12.242,48,1109013,31,66,65,50726,0,0,0,0,0,153,1471,-7058,6425,0,0,0,0,0
12,180,12.296,49,1109069,31,66,65,50726,0,0,0,0,0,153,1471,-7058,6425,0,0,0,0,0
12,180,12.362,50,1109125,31,66,65,50726,0,0,0,0,0,153,1471,-7058,6425,0,0,0,0,0
12,180,12.418,51,1109181,31,66,65,50726,0,0,0,0,0,153,1471,-7058,6425,0,0,0,0,0
12,180,12.46,52,1109233,31,66,65,50726,0,0,0,0,0,153,1471,-7058,6425,0,0,0,0,0
12,180,12.516,53,1109289,31,66,65,50726,0,0,0,0,0,153,1471,-7058,6425,0,0,0,0,0
12,180,12.631,55,1109401,31,66,65,50726,0,0,0,0,0,153,1471,-7058,6425,0,0,0,0,0
12,180,12.684,56,1109457,31,66,65,50726,0,0,0,0,0,153,1471,-7058,6425,0,0,0,0,0
12,180,12.745,57,1109513,31,66,65,50726,0,0,0,0,0,153,1471,-7058,6425,0,0,0,0,0
12,180,12.815,58,1109569,31,66,65,50726,0,0,0,0,0,153,1471,-7058,6425,0,0,0,0,0
12,180,12.887,59,1109625,31,66,65,50726,0,0,0,0,0,153,1471,-7058,6425,0,0,0,0,0
12,180,12.919,60,1109681,31,66,65,50726,0,0,0,0,0,153,1471,-7058,6425,0,0,0,0,0
12,180,12.964,61,1109737,31,66,65,50726,0,0,0,0,0,153,1471,-7058,6425,0,0,0,0,0
12,180,13.077,63,1109849,31,66,65,50726,0,0,0,0,0,153,1471,-7058,6425,0,0,0,0,0
12,180,13.132,64,1109905,31,66,65,50726,0,0,0,0,0,153,1471,-7058,6425,0,0,0,0,0
12,180,13.193,65,1109961,31,66,65,50726,0,0,0,0,0,153,1471,-7058,6425,0,0,0,0,0
12,180,13.248,66,1110017,31,66,65,50726,0,0,0,0,0,153,1471,-7058,6425,0,0,0,0,0
12,180,13.3,67,1110073,31,66,65,50726,0,0,0,0,0,153,1471,-7058,6425,0,0,0,0,0
12,180,13.366,68,1110129,31,66,65,50726,0,0,0,0,0,153,1471,-7058,6425,0,0,0,0,0
12,180,13.414,69,1110185,31,66,65,50726,0,0,0,0,0,153,1471,-7058,6425,0,0,0,0,0
12,180,13.496,70,1110241,31,66,65,50726,0,0,0,0,0,153,1471,-7058,6425,0,0,0,0,0
12,180,13.526,71,1110293,31,66,65,50726,0,0,0,0,0,153,1471,-7058,6425,0,0,0,0,0
12,180,13.58,72,1110349,31,66,65,50726,0,0,0,0,0,153,1471,-7058,6425,0,0,0,0,0
12,180,13.745,75,1110517,31,66,65,50726,0,0,0,0,0,153,1471,-7058,6425,0,0,0,0,0
12,180,13.801,76,1110573,31,66,65,50726,0,0,0,0,0,153,1471,-7058,6425,0,0,0,0,0
12,180,13.856,77,1110629,31,66,65,50726,0,0,0,0,0,153,1471,-7058,6425,0,0,0,0,0
12,180,13.921,78,1110685,31,66,65,50726,0,0,0,0,0,153,1471,-7058,6425,0,0,0,0,0
12,180,13.973,79,1110741,31,66,65,50726,0,0,0,0,0,153,1471,-7058,6425,0,0,0,0,0
12,180,14.024,80,1110797,31,66,65,50726,0,0,0,0,0,153,1471,-7058,6425,0,0,0,0,0
12,180,14.082,81,1110853,31,66,65,50726,0,0,0,0,0,153,1471,-7058,6425,0,0,0,0,0
12,180,14.141,82,1110909,31,66,65,50726,0,0,0,0,0,153,1471,-7058,6425,0,0,0,0,0
12,180,14.205,83,1110965,31,66,65,50726,0,0,0,0,0,153,1471,-7058,6425,0,0,0,0,0
12,180,14.363,86,1111133,31,66,65,50726,0,0,0,0,0,153,1471,-7058,6425,0,0,0,0,0
12,180,14.538,89,1111301,31,66,65,50726,0,0,0,0,0,153,1471,-7058,6425,0,0,0,0,0
12,180,14.584,90,1111353,31,66,65,50726,0,0,0,0,0,153,1471,-7058,6425,0,0,0,0,0
12,180,14.637,91,1111409,31,66,65,50726,0,0,0,0,0,153,1471,-7058,6425,0,0,0,0,0
12,180,14.705,92,1111465,31,66,65,50726,0,0,0,0,0,153,1471,-7058,6425,0,0,0,0,0
12,180,14.748,93,1111521,31,66,65,50726,0,0,0,0,0,153,1471,-7058,6425,0,0,0,0,0
12,180,14.819,94,1111577,31,66,65,50726,0,0,0,0,0,153,1471,-7058,6425,0,0,0,0,0
12,180,14.861,95,1111633,31,66,65,50726,0,0,0,0,0,153,1471,-7058,6425,0,0,0,0,0
12,180,14.973,97,1111745,31,66,65,50726,0,0,0,0,0,153,1471,-7058,6425,0,0,0,0,0
12,180,15.032,98,1111801,31,66,65,50726,0,0,0,0,0,153,1471,-7058,6425,0,0,0,0,0
12,180,15.131,99,1111857,31,66,65,50726,0,0,0,0,0,153,1471,-7058,6425,0,0,0,0,0
12,180,15.179,100,1111913,31,66,65,50726,0,0,0,0,0,153,1471,-7058,6425,0,0,0,0,0
12,180,15.2,101,1111969,31,66,65,50726,0,0,0,0,0,153,1471,-7058,6425,0,0,0,0,0
12,180,15.257,102,1112025,31,66,65,50726,0,0,0,0,0,153,1471,-7058,6425,0,0,0,0,0
12,180,15.311,103,1112081,31,66,65,50726,0,0,0,0,0,153,1471,-7058,6425,0,0,0,0,0
12,180,15.364,104,1112137,31,66,65,50726,0,0,0,0,0,153,1471,-7058,6425,0,0,0,0,0
12,180,15.425,105,1112193,31,66,65,50726,0,0,0,0,0,153,1471,-7058,6425,0,0,0,0,0
12,180,15.598,108,1112361,31,66,65,50726,0,0,0,0,0,153,1471,-7058,6425,0,0,0,0,0
12,180,15.641,109,1112413,31,66,65,50726,0,0,0,0,0,153,1471,-7058,6425,0,0,0,0,0
12,180,15.697,110,1112469,31,66,65,50726,0,0,0,0,0,153,1471,-7058,6425,0,0,0,0,0
12,180,15.754,111,1112525,31,66,65,50726,0,0,0,0,0,153,1471,-7058,6425,0,0,0,0,0
12,180,15.81,112,1112581,31,66,65,50726,0,0,0,0,0,153,1471,-7058,6425,0,0,0,0,0
12,180,15.864,113,1112637,31,66,65,50726,0,0,0,0,0,153,1471,-7058,6425,0,0,0,0,0
12,180,15.921,114,1112693,31,66,65,50726,0,0,0,0,0,153,1471,-7058,6425,0,0,0,0,0
12,180,15.977,115,1112749,31,66,65,50726,0,0,0,0,0,153,1471,-7058,6425,0,0,0,0,0
12,180,16.044,116,1112805,31,66,65,50726,0,0,0,0,0,153,1471,-7058,6425,0,0,0,0,0
12,180,16.097,117,1112861,31,66,65,50726,0,0,0,0,0,153,1471,-7058,6425,0,0,0,0,0
12,180,16.205,119,1112973,31,66,65,50726,0,0,0,0,0,153,1471,-7058,6425,0,0,0,0,0
12,180,16.276,120,1113029,31,66,65,50726,0,0,0,0,0,153,1471,-7058,6425,0,0,0,0,0
12,180,16.317,121,1113085,31,66,65,50726,0,0,0,0,0,153,1471,-7058,6425,0,0,0,0,0
12,180,16.38,122,1113141,31,66,65,50726,0,0,0,0,0,153,1471,-7058,6425,0,0,0,0,0
12,180,16.427,123,1113197,31,66,65,50726,0,0,0,0,0,153,1471,-7058,6425,0,0,0,0,0
12,180,16.542,125,1113309,31,66,65,50726,0,0,0,0,0,153,1471,-7058,6425,0,0,0,0,0
12,180,16.593,126,1113365,31,66,65,50726,0,0,0,0,0,153,1471,-7058,6425,0,0,0,0,0
12,180,16.658,127,1113421,31,66,65,50726,0,0,0,0,0,153,1471,-7058,6425,0,0,0,0,0
12,180,16.702,0,1113473,31,66,65,50726,0,0,0,0,0,153,1471,-7058,6425,0,0,0,0,0
12,180,16.812,2,1113585,31,66,65,50726,0,0,0,0,0,153,1471,-7058,6425,0,0,0,0,0
12,180,16.867,3,1113641,31,66,65,50726,0,0,0,0,0,153,1471,-7058,6425,0,0,0,0,0
12,180,16.929,4,1113697,31,66,65,50726,0,0,0,0,0,153,1471,-7058,6425,0,0,0,0,0
12,180,16.982,5,1113753,31,66,65,50726,0,0,0,0,0,153,1471,-7058,6425,0,0,0,0,0
12,180,17.038,6,1113809,31,66,65,50726,0,0,0,0,0,153,1471,-7058,6425,0,0,0,0,0
12,180,17.092,7,1113865,31,66,65,50726,0,0,0,0,0,153,1471,-7058,6425,0,0,0,0,0
12,180,17.148,8,1113921,31,66,65,50726,0,0,0,0,0,153,1471,-7058,6425,0,0,0,0,0
12,180,17.206,9,1113977,31,66,65,50726,0,0,0,0,0,153,1471,-7058,6425,0,0,0,0,0
12,180,17.262,10,1114033,31,66,65,50726,0,0,0,0,0,153,1471,-7058,6425,0,0,0,0,0
12,180,17.323,11,1114089,31,66,65,50726,0,0,0,0,0,153,1471,-7058,6425,0,0,0,0,0
12,180,17.44,13,1114201,31,66,65,50726,0,0,0,0,0,153,1471,-7058,6425,0,0,0,0,0
12,180,17.492,14,1114257,31,66,65,50726,0,0,0,0,0,153,1471,-7058,6425,0,0,0,0,0
12,180,17.565,15,1114313,31,66,65,50726,0,0,0,0,0,153,1471,-7058,6425,0,0,0,0,0
12,180,17.608,16,1114369,31,66,65,50726,0,0,0,0,0,153,1471,-7058,6425,0,0,0,0,0
12,180,17.654,17,1114425,31,66,65,50726,0,0,0,0,0,153,1471,-7058,6425,0,0,0,0,0
12,180,17.721,18,1114481,31,66,65,50726,0,0,0,0,0,153,1471,-7058,6425,0,0,0,0,0
12,180,17.763,19,1114533,31,66,65,50726,0,0,0,0,0,153,1471,-7058,6425,0,0,0,0,0
12,180,17.818,20,1114589,31,66,65,50726,0,0,0,0,0,153,1471,-7058,6425,0,0,0,0,0
12,180,17.872,21,1114645,31,66,65,50726,0,0,0,0,0,153,1471,-7058,6425,0,0,0,0,0
12,180,17.927,22,1114701,31,66,65,50726,0,0,0,0,0,153,1471,-7058,6425,0,0,0,0,0
12,180,18.056,24,1114813,31,66,65,50726,0,0,0,0,0,153,1471,-7058,6425,0,0,0,0,0
12,180,18.158,26,1114925,31,66,65,50726,0,0,0,0,0,153,1471,-7058,6425,0,0,0,0,0
12,180,18.211,27,1114981,31,66,65,50726,0,0,0,0,0,153,1471,-7058,6425,0,0,0,0,0
12,180,18.266,28,1115037,31,66,65,50726,0,0,0,0,0,153,1471,-7058,6425,0,0,0,0,0
12,180,18.321,29,1115093,31,66,65,50726,0,0,0,0,0,153,1471,-7058,6425,0,0,0,0,0
12,180,18.381,30,1115149,31,66,65,50726,0,0,0,0,0,153,1471,-7058,6425,0,0,0,0,0
12,180,18.432,31,1115205,31,66,65,50726,0,0,0,0,0,153,1471,-7058,6425,0,0,0,0,0
12,180,18.488,32,1115261,31,66,65,50726,0,0,0,0,0,153,1471,-7058,6425,0,0,0,0,0
12,180,18.546,33,1115317,31,66,65,50726,0,0,0,0,0,153,1471,-7058,6425,0,0,0,0,0
12,180,18.658,35,1115429,31,66,65,50726,0,0,0,0,0,153,1471,-7058,6425,0,0,0,0,0
12,180,18.781,37,1115541,31,66,65,50726,0,0,0,0,0,153,1471,-7058,6425,0,0,0,0,0
12,180,18.823,38,1115593,31,66,65,50726,0,0,0,0,0,153,1471,-7058,6425,0,0,0,0,0
12,180,18.877,39,1115649,31,66,65,50726,0,0,0,0,0,153,1471,-7058,6425,0,0,0,0,0
12,180,18.99,41,1115761,31,66,65,50726,0,0,0,0,0,153,1471,-7058,6425,0,0,0,0,0
12,180,19.045,42,1115817,31,66,65,50726,0,0,0,0,0,153,1471,-7058,6425,0,0,0,0,0
12,180,19.1,43,1115873,31,66,65,50726,0,0,0,0,0,153,1471,-7058,6425,0,0,0,0,0
12,180,19.162,44,1115929,31,66,65,50726,0,0,0,0,0,153,1471,-7058,6425,0,0,0,0,0
12,180,19.213,45,1115985,31,66,65,50726,0,0,0,0,0,153,1471,-7058,6425,0,0,0,0,0
12,180,19.385,48,1116153,31,66,65,50726,0,0,0,0,0,153,1471,-7058,6425,0,0,0,0,0
12,180,19.439,49,1116209,31,66,65,50726,0,0,0,0,0,153,1471,-7058,6425,0,0,0,0,0
12,180,19.491,50,1116265,31,66,65,50726,0,0,0,0,0,153,1471,-7058,6425,0,0,0,0,0
12,180,19.557,51,1116321,31,66,65,50726,0,0,0,0,0,153,1471,-7058,6425,0,0,0,0,0
12,180,19.604,52,1116377,31,66,65,50726,0,0,0,0,0,153,1471,-7058,6425,0,0,0,0,0
12,180,19.662,53,1116433,31,66,65,50726,0,0,0,0,0,153,1471,-7058,6425,0,0,0,0,0
12,180,19.722,54,1116489,31,66,65,50726,0,0,0,0,0,153,1471,-7058,6425,0,0,0,0,0
12,180,19.785,55,1116545,31,66,65,50726,0,0,0,0,0,153,1471,-7058,6425,0,0,0,0,0
12,180,20.06,59,1116765,31,66,65,50726,0,0,0,0,0,153,1471,-7058,6425,0,0,0,0,0
12,180,20.117,61,1116877,31,66,65,50726,0,0,0,0,0,153,1471,-7058,6425,0,0,0,0,0
12,180,20.16,62,1116933,31,66,65,50726,0,0,0,0,0,153,1471,-7058,6425,0,0,0,0,0
12,180,20.219,63,1116989,31,66,65,50726,0,0,0,0,0,153,1471,-7058,6425,0,0,0,0,0
12,180,20.272,64,1117045,31,66,65,50726,0,0,0,0,0,153,1471,-7058,6425,0,0,0,0,0
12,180,20.329,65,1117101,31,66,65,50726,0,0,0,0,0,153,1471,-7058,6425,0,0,0,0,0
12,180,20.394,66,1117157,31,66,65,50726,0,0,0,0,0,153,1471,-7058,6425,0,0,0,0,0
12,180,20.449,67,1117213,31,66,65,50726,0,0,0,0,0,153,1471,-7058,6425,0,0,0,0,0
12,180,20.555,69,1117325,31,66,65,50726,0,0,0,0,0,153,1471,-7058,6425,0,0,0,0,0
12,180,20.608,70,1117381,31,66,65,50726,0,0,0,0,0,153,1471,-7058,6425,0,0,0,0,0
12,180,20.664,71,1117437,31,66,65,50726,0,0,0,0,0,153,1471,-7058,6425,0,0,0,0,0
12,180,20.725,72,1117493,31,66,65,50726,0,0,0,0,0,153,1471,-7058,6425,0,0,0,0,0
12,180,20.777,73,1117549,31,66,65,50726,0,0,0,0,0,153,1471,-7058,6425,0,0,0,0,0
12,180,20.837,74,1117605,31,66,65,50726,0,0,0,0,0,153,1471,-7058,6425,0,0,0,0,0
12,180,20.897,75,1117661,31,66,65,50726,0,0,0,0,0,153,1471,-7058,6425,0,0,0,0,0
12,180,20.941,76,1117713,31,66,65,50726,0,0,0,0,0,153,1471,-7058,6425,0,0,0,0,0
12,180,20.995,77,1117769,31,66,65,50726,0,0,0,0,0,153,1471,-7058,6425,0,0,0,0,0
12,180,21.055,78,1117825,31,66,65,50726,0,0,0,0,0,153,1471,-7058,6425,0,0,0,0,0
12,180,21.166,80,1117937,31,66,65,50726,0,0,0,0,0,153,1471,-7058,6425,0,0,0,0,0
12,180,21.239,81,1117993,31,66,65,50726,0,0,0,0,0,153,1471,-7058,6425,0,0,0,0,0
12,180,21.337,83,1118105,31,66,65,50726,0,0,0,0,0,153,1471,-7058,6425,0,0,0,0,0
12,180,21.39,84,1118161,31,66,65,50726,0,0,0,0,0,153,1471,-7058,6425,0,0,0,0,0
12,180,21.444,85,1118217,31,66,65,50726,0,0,0,0,0,153,1471,-7058,6425,0,0,0,0,0
12,180,21.5,86,1118273,31,66,65,50726,0,0,0,0,0,153,1471,-7058,6425,0,0,0,0,0
12,180,21.611,88,1118385,31,66,65,50726,0,0,0,0,0,153,1471,-7058,6425,0,0,0,0,0
12,180,21.667,89,1118441,31,66,65,50726,0,0,0,0,0,153,1471,-7058,6425,0,0,0,0,0
12,180,21.779,91,1118553,31,66,65,50726,0,0,0,0,0,153,1471,-7058,6425,0,0,0,0,0
12,180,21.836,92,1118609,31,66,65,50726,0,0,0,0,0,153,1471,-7058,6425,0,0,0,0,0
12,180,21.893,93,1118665,31,66,65,50726,0,0,0,0,0,153,1471,-7058,6425,0,0,0,0,0
12,180,21.957,94,1118721,31,66,65,50726,0,0,0,0,0,153,1471,-7058,6425,0,0,0,0,0
12,180,22.0,95,1118773,31,66,65,50726,0,0,0,0,0,153,1471,-7058,6425,0,0,0,0,0
12,180,22.056,96,1118829,31,66,65,50726,0,0,0,0,0,153,1471,-7058,6425,0,0,0,0,0
12,180,22.113,97,1118885,31,66,65,50726,0,0,0,0,0,153,1471,-7058,6425,0,0,0,0,0
12,180,22.223,99,1118997,31,66,65,50726,0,0,0,0,0,153,1471,-7058,6425,0,0,0,0,0
12,180,22.281,100,1119053,31,66,65,50726,0,0,0,0,0,153,1471,-7058,6425,0,0,0,0,0
12,180,22.336,101,1119109,31,66,65,50726,0,0,0,0,0,153,1471,-7058,6425,0,0,0,0,0
12,180,22.448,103,1119221,31,66,65,50726,0,0,0,0,0,153,1471,-7058,6425,0,0,0,0,0
12,180,22.504,104,1119277,31,66,65,50726,0,0,0,0,0,153,1471,-7058,6425,0,0,0,0,0
12,180,22.561,105,1119333,31,66,65,50726,0,0,0,0,0,153,1471,-7058,6425,0,0,0,0,0
12,180,22.617,106,1119389,31,66,65,50726,0,0,0,0,0,153,1471,-7058,6425,0,0,0,0,0
12,180,22.672,107,1119445,31,66,65,50726,0,0,0,0,0,153,1471,-7058,6425,0,0,0,0,0
12,180,22.729,108,1119501,31,66,65,50726,0,0,0,0,0,153,1471,-7058,6425,0,0,0,0,0
12,180,22.785,109,1119557,31,66,65,50726,0,0,0,0,0,153,1471,-7058,6425,0,0,0,0,0
12,180,22.841,110,1119613,31,66,65,50726,0,0,0,0,0,153,1471,-7058,6425,0,0,0,0,0
12,180,22.896,111,1119669,31,66,65,50726,0,0,0,0,0,153,1471,-7058,6425,0,0,0,0,0
12,180,23.016,113,1119781,31,66,65,50726,0,0,0,0,0,153,1471,-7058,6425,0,0,0,0,0
12,180,23.063,114,1119833,31,66,65,50726,0,0,0,0,0,153,1471,-7058,6425,0,0,0,0,0
12,180,23.118,115,1119889,31,66,65,50726,0,0,0,0,0,153,1471,-7058,6425,0,0,0,0,0
12,180,23.177,116,1119945,31,66,65,50726,0,0,0,0,0,153,1471,-7058,6425,0,0,0,0,0
12,180,23.228,117,1120001,31,66,65,50726,0,0,0,0,0,153,1471,-7058,6425,0,0,0,0,0
12,180,23.283,118,1120057,31,66,65,50726,0,0,0,0,0,153,1471,-7058,6425,0,0,0,0,0
12,180,23.341,119,1120113,31,66,65,50726,0,0,0,0,0,153,1471,-7058,6425,0,0,0,0,0
12,180,23.396,120,1120169,31,66,65,50726,0,0,0,0,0,153,1471,-7058,6425,0,0,0,0,0
12,180,23.458,121,1120225,31,66,65,50726,0,0,0,0,0,153,1471,-7058,6425,0,0,0,0,0
12,180,23.508,122,1120281,31,66,65,50726,0,0,0,0,0,153,1471,-7058,6425,0,0,0,0,0
12,180,23.564,123,1120337,31,66,65,50726,0,0,0,0,0,153,1471,-7058,6425,0,0,0,0,0
12,180,23.689,125,1120449,31,66,65,50726,0,0,0,0,0,153,1471,-7058,6425,0,0,0,0,0
12,180,23.735,126,1120505,31,66,65,50726,0,0,0,0,0,153,1471,-7058,6425,0,0,0,0,0
12,180,23.798,127,1120561,31,66,65,50726,0,0,0,0,0,153,1471,-7058,6425,0,0,0,0,0
12,180,23.843,0,1120617,31,66,65,50726,0,0,0,0,0,153,1471,-7058,6425,0,0,0,0,0
12,180,23.903,1,1120673,31,66,65,50726,0,0,0,0,0,153,1471,-7058,6425,0,0,0,0,0
12,180,23.956,2,1120729,31,66,65,50726,0,0,0,0,0,153,1471,-7058,6425,0,0,0,0,0
12,180,24.011,3,1120785,31,66,65,50726,0,0,0,0,0,153,1471,-7058,6425,0,0,0,0,0
12,180,24.078,4,1120841,31,66,65,50726,0,0,0,0,0,153,1471,-7058,6425,0,0,0,0,0
12,180,24.122,5,1120893,31,66,65,50726,0,0,0,0,0,153,1471,-7058,6425,0,0,0,0,0
12,180,24.181,6,1120949,31,66,65,50726,0,0,0,0,0,153,1471,-7058,6425,0,0,0,0,0
12,180,24.29,8,1121061,31,66,65,50726,0,0,0,0,0,153,1471,-7058,6425,0,0,0,0,0
12,180,24.399,10,1121173,31,66,65,50726,0,0,0,0,0,153,1471,-7058,6425,0,0,0,0,0
12,180,24.457,11,1121229,31,66,65,50726,0,0,0,0,0,153,1471,-7058,6425,0,0,0,0,0
12,180,24.513,12,1121285,31,66,65,50726,0,0,0,0,0,153,1471,-7058,6425,0,0,0,0,0
12,180,24.568,13,1121341,31,66,65,50726,0,0,0,0,0,153,1471,-7058,6425,0,0,0,0,0
12,180,24.624,14,1121397,31,66,65,50726,0,0,0,0,0,153,1471,-7058,6425,0,0,0,0,0
12,180,24.681,15,1121453,31,66,65,50726,0,0,0,0,0,153,1471,-7058,6425,0,0,0,0,0
12,180,24.736,16,1121509,31,66,65,50726,0,0,0,0,0,153,1471,-7058,6425,0,0,0,0,0
12,180,24.795,17,1121565,31,66,65,50726,0,0,0,0,0,153,1471,-7058,6425,0,0,0,0,0
12,180,24.905,19,1121677,31,66,65,50726,0,0,0,0,0,153,1471,-7058,6425,0,0,0,0,0
12,180,24.959,20,1121733,31,66,65,50726,0,0,0,0,0,153,1471,-7058,6425,0,0,0,0,0
12,180,25.019,21,1121789,31,66,65,50726,0,0,0,0,0,153,1471,-7058,6425,0,0,0,0,0
12,180,25.081,22,1121845,31,66,65,50726,0,0,0,0,0,153,1471,-7058,6425,0,0,0,0,0
12,180,25.14,23,1121901,31,66,65,50726,0,0,0,0,0,153,1471,-7058,6425,0,0,0,0,0
12,180,25.182,24,1121953,31,66,65,50726,0,0,0,0,0,153,1471,-7058,6425,0,0,0,0,0
12,180,25.237,25,1122009,31,66,65,50726,0,0,0,0,0,153,1471,-7058,6425,0,0,0,0,0
12,180,25.294,26,1122065,31,66,65,50726,0,0,0,0,0,153,1471,-7058,6425,0,0,0,0,0
12,180,25.352,27,1122121,31,66,65,50726,0,0,0,0,0,153,1471,-7058,6425,0,0,0,0,0
12,180,25.411,28,1122177,31,66,65,50726,0,0,0,0,0,153,1471,-7058,6425,0,0,0,0,0
12,180,25.517,30,1122289,31,66,65,50726,0,0,0,0,0,153,1471,-7058,6425,0,0,0,0,0
12,180,25.574,31,1122345,31,66,65,50726,0,0,0,0,0,153,1471,-7058,6425,0,0,0,0,0
12,180,25.638,32,1122401,31,66,65,50726,0,0,0,0,0,153,1471,-7058,6425,0,0,0,0,0
12,180,25.688,33,1122457,31,66,65,50726,0,0,0,0,0,153,1471,-7058,6425,0,0,0,0,0
12,180,25.746,34,1122513,31,66,65,50726,0,0,0,0,0,153,1471,-7058,6425,0,0,0,0,0
12,180,25.81,35,1122569,31,66,65,50726,0,0,0,0,0,153,1471,-7058,6425,0,0,0,0,0
12,180,25.855,36,1122625,31,66,65,50726,0,0,0,0,0,153,1471,-7058,6425,0,0,0,0,0
12,180,25.912,37,1122681,31,66,65,50726,0,0,0,0,0,153,1471,-7058,6425,0,0,0,0,0
12,180,25.969,38,1122737,31,66,65,50726,0,0,0,0,0,153,1471,-7058,6425,0,0,0,0,0
12,180,26.024,39,1122793,31,66,65,50726,0,0,0,0,0,153,1471,-7058,6425,0,0,0,0,0
12,180,26.133,41,1122905,31,66,65,50726,0,0,0,0,0,153,1471,-7058,6425,0,0,0,0,0
12,180,26.196,42,1122961,31,66,65,50726,0,0,0,0,0,153,1471,-7058,6425,0,0,0,0,0
12,180,26.242,43,1123013,31,66,65,50726,0,0,0,0,0,153,1471,-7058,6425,0,0,0,0,0
12,180,26.298,44,1123069,31,66,65,50726,0,0,0,0,0,153,1471,-7058,6425,0,0,0,0,0
12,180,26.379,45,1123125,31,66,65,50726,0,0,0,0,0,153,1471,-7058,6425,0,0,0,0,0
12,180,26.413,46,1123181,31,66,65,50726,0,0,0,0,0,153,1471,-7058,6425,0,0,0,0,0
12,180,26.465,47,1123237,31,66,65,50726,0,0,0,0,0,153,1471,-7058,6425,0,0,0,0,0
12,180,26.524,48,1123293,31,66,65,50726,0,0,0,0,0,153,1471,-7058,6425,0,0,0,0,0
12,180,26.577,49,1123349,31,66,65,50726,0,0,0,0,0,153,1471,-7058,6425,0,0,0,0,0
12,180,26.64,50,1123405,31,66,65,50726,0,0,0,0,0,153,1471,-7058,6425,0,0,0,0,0
12,180,26.688,51,1123461,31,66,65,50726,0,0,0,0,0,153,1471,-7058,6425,0,0,0,0,0
12,180,26.748,52,1123517,31,66,65,50726,0,0,0,0,0,153,1471,-7058,6425,0,0,0,0,0
12,180,26.805,53,1123573,31,66,65,50726,0,0,0,0,0,153,1471,-7058,6425,0,0,0,0,0
12,180,26.864,54,1123629,31,66,65,50726,0,0,0,0,0,153,1471,-7058,6425,0,0,0,0,0
12,180,26.915,55,1123685,31,66,65,50726,0,0,0,0,0,153,1471,-7058,6425,0,0,0,0,0
12,180,26.972,56,1123741,31,66,65,50726,0,0,0,0,0,153,1471,-7058,6425,0,0,0,0,0
12,180,27.024,57,1123797,31,66,65,50726,0,0,0,0,0,153,1471,-7058,6425,0,0,0,0,0
12,180,27.088,58,1123853,31,66,65,50726,0,0,0,0,0,153,1471,-7058,6425,0,0,0,0,0
12,180,27.136,59,1123909,31,66,65,50726,0,0,0,0,0,153,1471,-7058,6425,0,0,0,0,0
12,180,27.195,60,1123965,31,66,65,50726,0,0,0,0,0,153,1471,-7058,6425,0,0,0,0,0
12,180,27.259,61,1124021,31,66,65,50726,0,0,0,0,0,153,1471,-7058,6425,0,0,0,0,0
12,180,27.305,62,1124073,31,66,65,50726,0,0,0,0,0,153,1471,-7058,6425,0,0,0,0,0
12,180,27.423,64,1124185,31,66,65,50726,0,0,0,0,0,153,1471,-7058,6425,0,0,0,0,0
12,180,27.472,65,1124241,31,66,65,50726,0,0,0,0,0,153,1471,-7058,6425,0,0,0,0,0
12,180,27.525,66,1124297,31,66,65,50726,0,0,0,0,0,153,1471,-7058,6425,0,0,0,0,0
12,180,27.583,67,1124353,31,66,65,50726,0,0,0,0,0,153,1471,-7058,6425,0,0,0,0,0
12,180,27.65,68,1124409,31,66,65,50726,0,0,0,0,0,153,1471,-7058,6425,0,0,0,0,0
12,180,27.694,69,1124465,31,66,65,50726,0,0,0,0,0,153,1471,-7058,6425,0,0,0,0,0
12,180,27.751,70,1124521,31,66,65,50726,0,0,0,0,0,153,1471,-7058,6425,0,0,0,0,0
12,180,27.803,71,1124577,31,66,65,50726,0,0,0,0,0,153,1471,-7058,6425,0,0,0,0,0
12,180,27.862,72,1124633,31,66,65,50726,0,0,0,0,0,153,1471,-7058,6425,0,0,0,0,0
12,180,27.917,73,1124689,31,66,65,50726,0,0,0,0,0,153,1471,-7058,6425,0,0,0,0,0
12,180,28.028,75,1124801,31,66,65,50726,0,0,0,0,0,153,1471,-7058,6425,0,0,0,0,0
13,90,-0.031,15,1157157,31,66,65,50726,0,0,0,0,0,153,1471,-7058,6425,0,0,0,0,0
13,90,0.024,16,1157213,31,66,65,50726,0,0,0,0,0,153,1471,-7058,6425,0,0,0,0,0
13,90,0.157,18,1157345,31,65,66,50941,0,0,0,-16,26,153,1476,-7077,6463,-1200,1200,0,0,0
13,90,0.23,19,1157417,31,65,66,51234,0,0,0,-46,62,153,1479,-7102,6516,-1500,1300,0,0,0
13,90,0.301,20,1157489,31,64,66,51686,0,0,0,-72,82,153,1482,-7155,6583,-1800,1700,0,0,0
13,90,0.373,21,1157561,31,64,67,52280,0,0,0,-92,108,153,1485,-7230,6666,-2200,2200,0,0,0
13,90,0.446,22,1157633,31,63,67,53138,0,0,0,-128,145,153,1488,-7330,6794,-2600,2600,0,0,0
13,90,0.518,23,1157705,31,62,67,54162,0,0,0,-154,164,153,1491,-7458,6938,-2700,2700,0,0,0
13,90,0.591,24,1157777,31,62,67,55335,0,0,0,-174,184,153,1494,-7608,7100,-2700,2700,0,0,0
13,90,0.661,25,1157849,31,61,67,56536,0,0,0,-174,174,153,1497,-7761,7266,-2600,2600,0,0,0
13,90,0.805,27,1157993,31,61,66,58895,0,0,0,-164,181,153,1503,-8066,7588,-2300,2200,0,0,0
13,90,0.964,28,1158154,31,61,67,60487,0,0,0,0,0,153,1512,-8294,7783,0,0,0,0,0
13,90,1.024,29,1158205,31,61,67,60498,0,0,0,0,0,153,1514,-8297,7783,0,0,0,0,0
13,90,1.089,30,1158277,31,61,67,60498,0,0,0,0,0,153,1517,-8297,7783,0,0,0,0,0
13,90,1.162,31,1158349,31,61,67,60498,0,0,0,0,0,153,1520,-8297,7783,0,0,0,0,0
13,90,1.233,32,1158421,31,61,67,60498,0,0,0,0,0,153,1523,-8297,7783,0,0,0,0,0
13,90,1.305,33,1158493,31,61,67,60498,0,0,0,0,0,153,1526,-8297,7783,0,0,0,0,0
13,90,1.377,34,1158565,31,61,67,60498,0,0,0,0,0,153,1529,-8297,7783,0,0,0,0,0
13,90,1.52,36,1158709,31,61,67,60498,0,0,0,0,0,153,1535,-8297,7783,0,0,0,0,0
13,90,1.603,37,1158783,31,61,67,60498,0,0,0,0,0,153,1538,-8297,7783,0,0,0,0,0
13,90,1.644,38,1158833,31,61,67,60498,0,0,0,0,0,153,1538,-8297,7783,0,0,0,0,0
13,90,1.701,39,1158889,31,61,67,60498,0,0,0,0,0,153,1538,-8297,7783,0,0,0,0,0
13,90,1.814,41,1159001,31,61,67,60498,0,0,0,0,0,153,1538,-8297,7783,0,0,0,0,0
13,90,1.868,42,1159057,31,61,67,60498,0,0,0,0,0,153,1538,-8297,7783,0,0,0,0,0
13,90,1.924,43,1159113,31,61,67,60498,0,0,0,0,0,153,1538,-8297,7783,0,0,0,0,0
13,90,1.981,44,1159169,31,61,67,60498,0,0,0,0,0,153,1538,-8297,7783,0,0,0,0,0
13,90,2.036,45,1159225,31,61,67,60498,0,0,0,0,0,153,1538,-8297,7783,0,0,0,0,0
13,90,2.094,46,1159281,31,61,67,60498,0,0,0,0,0,153,1538,-8297,7783,0,0,0,0,0
13,90,2.149,47,1159337,31,61,67,60498,0,0,0,0,0,153,1538,-8297,7783,0,0,0,0,0
13,90,2.212,48,1159393,31,61,67,60498,0,0,0,0,0,153,1538,-8297,7783,0,0,0,0,0
13,90,2.256,49,1159445,31,61,67,60498,0,0,0,0,0,153,1538,-8297,7783,0,0,0,0,0
13,90,2.313,50,1159501,31,61,67,60498,0,0,0,0,0,153,1538,-8297,7783,0,0,0,0,0
13,90,2.368,51,1159557,31,61,67,60498,0,0,0,0,0,153,1538,-8297,7783,0,0,0,0,0
13,90,2.481,53,1159669,31,61,67,60498,0,0,0,0,0,153,1538,-8297,7783,0,0,0,0,0
13,90,2.536,54,1159725,31,61,67,60498,0,0,0,0,0,153,1538,-8297,7783,0,0,0,0,0
13,90,2.593,55,1159781,31,61,67,60498,0,0,0,0,0,153,1538,-8297,7783,0,0,0,0,0
13,90,2.648,56,1159837,31,61,67,60498,0,0,0,0,0,153,1538,-8297,7783,0,0,0,0,0
13,90,2.704,57,1159893,31,61,67,60498,0,0,0,0,0,153,1538,-8297,7783,0,0,0,0,0
13,90,2.761,58,1159949,31,61,67,60498,0,0,0,0,0,153,1538,-8297,7783,0,0,0,0,0
13,90,2.817,59,1160005,31,61,67,60498,0,0,0,0,0,153,1538,-8297,7783,0,0,0,0,0
13,90,2.873,60,1160061,31,61,67,60498,0,0,0,0,0,153,1538,-8297,7783,0,0,0,0,0
13,90,2.928,61,1160117,31,61,67,60498,0,0,0,0,0,153,1538,-8297,7783,0,0,0,0,0
13,90,3.04,63,1160229,31,61,67,60498,0,0,0,0,0,153,1538,-8297,7783,0,0,0,0,0
13,90,3.096,64,1160285,31,61,67,60498,0,0,0,0,0,153,1538,-8297,7783,0,0,0,0,0
13,90,3.153,65,1160341,31,61,67,60498,0,0,0,0,0,153,1538,-8297,7783,0,0,0,0,0
13,90,3.208,66,1160397,31,61,67,60498,0,0,0,0,0,153,1538,-8297,7783,0,0,0,0,0
13,90,3.272,67,1160453,31,61,67,60498,0,0,0,0,0,153,1538,-8297,7783,0,0,0,0,0
13,90,3.316,68,1160505,31,61,67,60498,0,0,0,0,0,153,1538,-8297,7783,0,0,0,0,0
13,90,3.372,69,1160561,31,61,67,60498,0,0,0,0,0,153,1538,-8297,7783,0,0,0,0,0
13,90,3.428,70,1160617,31,61,67,60498,0,0,0,0,0,153,1538,-8297,7783,0,0,0,0,0
13,90,3.484,71,1160673,31,61,67,60498,0,0,0,0,0,153,1538,-8297,7783,0,0,0,0,0
13,90,3.54,72,1160729,31,61,67,60498,0,0,0,0,0,153,1538,-8297,7783,0,0,0,0,0
13,90,3.6,73,1160785,31,61,67,60498,0,0,0,0,0,153,1538,-8297,7783,0,0,0,0,0
13,90,3.709,75,1160897,31,61,67,60498,0,0,0,0,0,153,1538,-8297,7783,0,0,0,0,0
13,90,3.765,76,1160953,31,61,67,60498,0,0,0,0,0,153,1538,-8297,7783,0,0,0,0,0
13,90,3.82,77,1161009,31,61,67,60498,0,0,0,0,0,153,1538,-8297,7783,0,0,0,0,0
13,90,3.877,78,1161065,31,61,67,60498,0,0,0,0,0,153,1538,-8297,7783,0,0,0,0,0
13,90,3.932,79,1161121,31,61,67,60498,0,0,0,0,0,153,1538,-8297,7783,0,0,0,0,0
13,90,3.988,80,1161177,31,61,67,60498,0,0,0,0,0,153,1538,-8297,7783,0,0,0,0,0
13,90,4.062,81,1161233,31,61,67,60498,0,0,0,0,0,153,1538,-8297,7783,0,0,0,0,0
13,90,4.105,82,1161289,31,61,67,60498,0,0,0,0,0,153,1538,-8297,7783,0,0,0,0,0
13,90,4.157,83,1161345,31,61,67,60498,0,0,0,0,0,153,1538,-8297,7783,0,0,0,0,0
13,90,4.215,84,1161401,31,61,67,60498,0,0,0,0,0,153,1538,-8297,7783,0,0,0,0,0
13,90,4.332,86,1161513,31,61,67,60498,0,0,0,0,0,153,1538,-8297,7783,0,0,0,0,0
13,90,4.376,87,1161565,31,61,67,60498,0,0,0,0,0,153,1538,-8297,7783,0,0,0,0,0
13,90,4.432,88,1161621,31,61,67,60498,0,0,0,0,0,153,1538,-8297,7783,0,0,0,0,0
13,90,4.487,89,1161677,31,61,67,60498,0,0,0,0,0,153,1538,-8297,7783,0,0,0,0,0
13,90,4.544,90,1161733,31,61,67,60498,0,0,0,0,0,153,1538,-8297,7783,0,0,0,0,0
13,90,4.601,91,1161789,31,61,67,60498,0,0,0,0,0,153,1538,-8297,7783,0,0,0,0,0
13,90,4.661,92,1161845,31,61,67,60498,0,0,0,0,0,153,1538,-8297,7783,0,0,0,0,0
13,90,4.714,93,1161901,31,61,67,60498,0,0,0,0,0,153,1538,-8297,7783,0,0,0,0,0
13,90,4.77,94,1161957,31,61,67,60498,0,0,0,0,0,153,1538,-8297,7783,0,0,0,0,0
13,90,4.824,95,1162013,31,61,67,60498,0,0,0,0,0,153,1538,-8297,7783,0,0,0,0,0
13,90,4.936,97,1162125,31,61,67,60498,0,0,0,0,0,153,1538,-8297,7783,0,0,0,0,0
13,90,4.992,98,1162181,31,61,67,60498,0,0,0,0,0,153,1538,-8297,7783,0,0,0,0,0
13,90,5.048,99,1162237,31,61,67,60498,0,0,0,0,0,153,1538,-8297,7783,0,0,0,0,0
13,90,5.104,100,1162293,31,61,67,60498,0,0,0,0,0,153,1538,-8297,7783,0,0,0,0,0
13,90,5.16,101,1162349,31,61,67,60498,0,0,0,0,0,153,1538,-8297,7783,0,0,0,0,0
13,90,5.216,102,1162405,31,61,67,60498,0,0,0,0,0,153,1538,-8297,7783,0,0,0,0,0
13,90,5.272,103,1162461,31,61,67,60498,0,0,0,0,0,153,1538,-8297,7783,0,0,0,0,0
13,90,5.327,104,1162517,31,61,67,60498,0,0,0,0,0,153,1538,-8297,7783,0,0,0,0,0
13,90,5.391,105,1162573,31,61,67,60498,0,0,0,0,0,153,1538,-8297,7783,0,0,0,0,0
13,90,5.436,106,1162625,31,61,67,60498,0,0,0,0,0,153,1538,-8297,7783,0,0,0,0,0
13,90,5.492,107,1162681,31,61,67,60498,0,0,0,0,0,153,1538,-8297,7783,0,0,0,0,0
13,90,5.661,110,1162849,31,61,67,60498,0,0,0,0,0,153,1538,-8297,7783,0,0,0,0,0
13,90,5.717,111,1162905,31,61,67,60498,0,0,0,0,0,153,1538,-8297,7783,0,0,0,0,0
13,90,5.773,112,1162961,31,61,67,60498,0,0,0,0,0,153,1538,-8297,7783,0,0,0,0,0
13,90,5.828,113,1163017,31,61,67,60498,0,0,0,0,0,153,1538,-8297,7783,0,0,0,0,0
13,90,5.884,114,1163073,31,61,67,60498,0,0,0,0,0,153,1538,-8297,7783,0,0,0,0,0
13,90,5.939,115,1163129,31,61,67,60498,0,0,0,0,0,153,1538,-8297,7783,0,0,0,0,0
13,90,5.996,116,1163185,31,61,67,60498,0,0,0,0,0,153,1538,-8297,7783,0,0,0,0,0
13,90,6.052,117,1163241,31,61,67,60498,0,0,0,0,0,153,1538,-8297,7783,0,0,0,0,0
13,90,6.166,119,1163353,31,61,67,60498,0,0,0,0,0,153,1538,-8297,7783,0,0,0,0,0
13,90,6.22,120,1163409,31,61,67,60498,0,0,0,0,0,153,1538,-8297,7783,0,0,0,0,0
13,90,6.276,121,1163465,31,61,67,60498,0,0,0,0,0,153,1538,-8297,7783,0,0,0,0,0
13,90,6.332,122,1163521,31,61,67,60498,0,0,0,0,0,153,1538,-8297,7783,0,0,0,0,0
13,90,6.389,123,1163577,31,61,67,60498,0,0,0,0,0,153,1538,-8297,7783,0,0,0,0,0
13,90,6.453,124,1163633,31,61,67,60498,0,0,0,0,0,153,1538,-8297,7783,0,0,0,0,0
13,90,6.501,125,1163685,31,61,67,60498,0,0,0,0,0,153,1538,-8297,7783,0,0,0,0,0
13,90,6.552,126,1163741,31,61,67,60498,0,0,0,0,0,153,1538,-8297,7783,0,0,0,0,0
13,90,6.608,127,1163797,31,61,67,60498,0,0,0,0,0,153,1538,-8297,7783,0,0,0,0,0
13,90,6.664,0,1163853,31,61,67,60498,0,0,0,0,0,153,1538,-8297,7783,0,0,0,0,0
13,90,6.72,1,1163909,31,61,67,60498,0,0,0,0,0,153,1538,-8297,7783,0,0,0,0,0
13,90,6.832,3,1164021,31,61,67,60498,0,0,0,0,0,153,1538,-8297,7783,0,0,0,0,0
13,90,6.889,4,1164077,31,61,67,60498,0,0,0,0,0,153,1538,-8297,7783,0,0,0,0,0
13,90,6.944,5,1164133,31,61,67,60498,0,0,0,0,0,153,1538,-8297,7783,0,0,0,0,0
13,90,7.0,6,1164189,31,61,67,60498,0,0,0,0,0,153,1538,-8297,7783,0,0,0,0,0
13,90,7.055,7,1164245,31,61,67,60498,0,0,0,0,0,153,1538,-8297,7783,0,0,0,0,0
13,90,7.113,8,1164301,31,61,67,60498,0,0,0,0,0,153,1538,-8297,7783,0,0,0,0,0
13,90,7.28,11,1164469,31,61,67,60498,0,0,0,0,0,153,1538,-8297,7783,0,0,0,0,0
13,90,7.392,13,1164581,31,61,67,60498,0,0,0,0,0,153,1538,-8297,7783,0,0,0,0,0
13,90,7.447,14,1164637,31,61,67,60498,0,0,0,0,0,153,1538,-8297,7783,0,0,0,0,0
13,90,7.512,15,1164693,31,61,67,60498,0,0,0,0,0,153,1538,-8297,7783,0,0,0,0,0
13,90,7.556,16,1164745,31,61,67,60498,0,0,0,0,0,153,1538,-8297,7783,0,0,0,0,0
13,90,7.612,17,1164801,31,61,67,60498,0,0,0,0,0,153,1538,-8297,7783,0,0,0,0,0
13,90,7.669,18,1164857,31,61,67,60498,0,0,0,0,0,153,1538,-8297,7783,0,0,0,0,0
13,90,7.724,19,1164913,31,61,67,60498,0,0,0,0,0,153,1538,-8297,7783,0,0,0,0,0
13,90,7.781,20,1164969,31,61,67,60498,0,0,0,0,0,153,1538,-8297,7783,0,0,0,0,0
13,90,7.835,21,1165025,31,61,67,60498,0,0,0,0,0,153,1538,-8297,7783,0,0,0,0,0
13,90,7.891,22,1165081,31,61,67,60498,0,0,0,0,0,153,1538,-8297,7783,0,0,0,0,0
13,90,7.947,23,1165137,31,61,67,60498,0,0,0,0,0,153,1538,-8297,7783,0,0,0,0,0
13,90,8.061,25,1165249,31,61,67,60498,0,0,0,0,0,153,1538,-8297,7783,0,0,0,0,0
13,90,8.117,26,1165305,31,61,67,60498,0,0,0,0,0,153,1538,-8297,7783,0,0,0,0,0
13,90,8.173,27,1165361,31,61,67,60498,0,0,0,0,0,153,1538,-8297,7783,0,0,0,0,0
13,90,8.228,28,1165417,31,61,67,60498,0,0,0,0,0,153,1538,-8297,7783,0,0,0,0,0
13,90,8.285,29,1165473,31,61,67,60498,0,0,0,0,0,153,1538,-8297,7783,0,0,0,0,0
13,90,8.341,30,1165529,31,61,67,60498,0,0,0,0,0,153,1538,-8297,7783,0,0,0,0,0
13,90,8.397,31,1165585,31,61,67,60498,0,0,0,0,0,153,1538,-8297,7783,0,0,0,0,0
13,90,8.453,32,1165641,31,61,67,60498,0,0,0,0,0,153,1538,-8297,7783,0,0,0,0,0
13,90,8.507,33,1165697,31,61,67,60498,0,0,0,0,0,153,1538,-8297,7783,0,0,0,0,0
13,90,8.672,36,1165861,31,61,67,60498,0,0,0,0,0,153,1538,-8297,7783,0,0,0,0,0
13,90,8.728,37,1165917,31,61,67,60498,0,0,0,0,0,153,1538,-8297,7783,0,0,0,0,0
13,90,8.785,38,1165973,31,61,67,60498,0,0,0,0,0,153,1538,-8297,7783,0,0,0,0,0
13,90,8.84,39,1166029,31,61,67,60498,0,0,0,0,0,153,1538,-8297,7783,0,0,0,0,0
13,90,8.896,40,1166085,31,61,67,60498,0,0,0,0,0,153,1538,-8297,7783,0,0,0,0,0
13,90,8.951,41,1166141,31,61,67,60498,0,0,0,0,0,153,1538,-8297,7783,0,0,0,0,0
13,90,9.008,42,1166197,31,61,67,60498,0,0,0,0,0,153,1538,-8297,7783,0,0,0,0,0
13,90,9.064,43,1166253,31,61,67,60498,0,0,0,0,0,153,1538,-8297,7783,0,0,0,0,0
13,90,9.12,44,1166309,31,61,67,60498,0,0,0,0,0,153,1538,-8297,7783,0,0,0,0,0
13,90,9.175,45,1166365,31,61,67,60498,0,0,0,0,0,153,1538,-8297,7783,0,0,0,0,0
13,90,9.338,47,1166477,31,61,67,60498,0,0,0,0,0,153,1538,-8297,7783,0,0,0,0,0
13,90,9.35,48,1166533,31,61,67,60498,0,0,0,0,0,153,1538,-8297,7783,0,0,0,0,0
13,90,9.4,49,1166589,31,61,67,60498,0,0,0,0,0,153,1538,-8297,7783,0,0,0,0,0
13,90,9.457,50,1166645,31,61,67,60498,0,0,0,0,0,153,1538,-8297,7783,0,0,0,0,0
13,90,9.511,51,1166701,31,61,67,60498,0,0,0,0,0,153,1538,-8297,7783,0,0,0,0,0
13,90,9.567,52,1166757,31,61,67,60498,0,0,0,0,0,153,1538,-8297,7783,0,0,0,0,0
13,90,9.633,53,1166813,31,61,67,60498,0,0,0,0,0,153,1538,-8297,7783,0,0,0,0,0
13,90,9.678,54,1166866,31,61,67,60498,0,0,0,0,0,153,1538,-8297,7783,0,0,0,0,0
13,90,9.736,55,1166921,31,61,67,60498,0,0,0,0,0,153,1538,-8297,7783,0,0,0,0,0
13,90,9.789,56,1166977,31,61,67,60498,0,0,0,0,0,153,1538,-8297,7783,0,0,0,0,0
13,90,9.844,57,1167033,31,61,67,60498,0,0,0,0,0,153,1538,-8297,7783,0,0,0,0,0
13,90,9.957,59,1167145,31,61,67,60498,0,0,0,0,0,153,1538,-8297,7783,0,0,0,0,0
13,90,10.013,60,1167201,31,61,67,60498,0,0,0,0,0,153,1538,-8297,7783,0,0,0,0,0
13,90,10.151,62,1167313,31,61,67,60498,0,0,0,0,0,153,1538,-8297,7783,0,0,0,0,0
13,90,10.181,63,1167369,31,61,67,60498,0,0,0,0,0,153,1538,-8297,7783,0,0,0,0,0
13,90,10.235,64,1167425,31,61,67,60498,0,0,0,0,0,153,1538,-8297,7783,0,0,0,0,0
13,90,10.293,65,1167481,31,61,67,60498,0,0,0,0,0,153,1538,-8297,7783,0,0,0,0,0
13,90,10.347,66,1167537,31,61,67,60498,0,0,0,0,0,153,1538,-8297,7783,0,0,0,0,0
13,90,10.404,67,1167593,31,61,67,60498,0,0,0,0,0,153,1538,-8297,7783,0,0,0,0,0
13,90,10.46,68,1167649,31,61,67,60498,0,0,0,0,0,153,1538,-8297,7783,0,0,0,0,0
13,90,10.571,70,1167761,31,61,67,60498,0,0,0,0,0,153,1538,-8297,7783,0,0,0,0,0
13,90,10.627,71,1167817,31,61,67,60498,0,0,0,0,0,153,1538,-8297,7783,0,0,0,0,0
13,90,10.692,72,1167873,31,61,67,60498,0,0,0,0,0,153,1538,-8297,7783,0,0,0,0,0
13,90,10.737,73,1167925,31,61,67,60498,0,0,0,0,0,153,1538,-8297,7783,0,0,0,0,0
13,90,10.793,74,1167981,31,61,67,60498,0,0,0,0,0,153,1538,-8297,7783,0,0,0,0,0
13,90,10.848,75,1168037,31,61,67,60498,0,0,0,0,0,153,1538,-8297,7783,0,0,0,0,0
13,90,10.91,76,1168093,31,61,67,60498,0,0,0,0,0,153,1538,-8297,7783,0,0,0,0,0
13,90,10.96,77,1168149,31,61,67,60498,0,0,0,0,0,153,1538,-8297,7783,0,0,0,0,0
13,90,11.017,78,1168205,31,61,67,60498,0,0,0,0,0,153,1538,-8297,7783,0,0,0,0,0
13,90,11.073,79,1168261,31,61,67,60498,0,0,0,0,0,153,1538,-8297,7783,0,0,0,0,0
13,90,11.2,81,1168373,31,61,67,60498,0,0,0,0,0,153,1538,-8297,7783,0,0,0,0,0
13,90,11.258,82,1168429,31,61,67,60498,0,0,0,0,0,153,1538,-8297,7783,0,0,0,0,0
13,90,11.297,83,1168485,31,61,67,60498,0,0,0,0,0,153,1538,-8297,7783,0,0,0,0,0
13,90,11.352,84,1168541,31,61,67,60498,0,0,0,0,0,153,1538,-8297,7783,0,0,0,0,0
13,90,11.409,85,1168597,31,61,67,60498,0,0,0,0,0,153,1538,-8297,7783,0,0,0,0,0
13,90,11.468,86,1168653,31,61,67,60498,0,0,0,0,0,153,1538,-8297,7783,0,0,0,0,0
13,90,11.521,87,1168709,31,61,67,60498,0,0,0,0,0,153,1538,-8297,7783,0,0,0,0,0
13,90,11.577,88,1168765,31,61,67,60498,0,0,0,0,0,153,1538,-8297,7783,0,0,0,0,0
13,90,11.632,89,1168821,31,61,67,60498,0,0,0,0,0,153,1538,-8297,7783,0,0,0,0,0
13,90,11.687,90,1168877,31,61,67,60498,0,0,0,0,0,153,1538,-8297,7783,0,0,0,0,0
13,90,11.795,92,1168985,31,61,67,60498,0,0,0,0,0,153,1538,-8297,7783,0,0,0,0,0
13,90,11.851,93,1169041,31,61,67,60498,0,0,0,0,0,153,1538,-8297,7783,0,0,0,0,0
13,90,11.907,94,1169097,31,61,67,60498,0,0,0,0,0,153,1538,-8297,7783,0,0,0,0,0
13,90,11.963,95,1169153,31,61,67,60498,0,0,0,0,0,153,1538,-8297,7783,0,0,0,0,0
13,90,12.021,96,1169209,31,61,67,60498,0,0,0,0,0,153,1538,-8297,7783,0,0,0,0,0
13,90,12.076,97,1169265,31,61,67,60498,0,0,0,0,0,153,1538,-8297,7783,0,0,0,0,0
13,90,12.132,98,1169321,31,61,67,60498,0,0,0,0,0,153,1538,-8297,7783,0,0,0,0,0
13,90,12.187,99,1169377,31,61,67,60498,0,0,0,0,0,153,1538,-8297,7783,0,0,0,0,0
13,90,12.244,100,1169433,31,61,67,60498,0,0,0,0,0,153,1538,-8297,7783,0,0,0,0,0
13,90,12.299,101,1169489,31,61,67,60498,0,0,0,0,0,153,1538,-8297,7783,0,0,0,0,0
13,90,12.411,103,1169601,31,61,67,60498,0,0,0,0,0,153,1538,-8297,7783,0,0,0,0,0
13,90,12.468,104,1169657,31,61,67,60498,0,0,0,0,0,153,1538,-8297,7783,0,0,0,0,0
13,90,12.523,105,1169713,31,61,67,60498,0,0,0,0,0,153,1538,-8297,7783,0,0,0,0,0
13,90,12.58,106,1169769,31,61,67,60498,0,0,0,0,0,153,1538,-8297,7783,0,0,0,0,0
13,90,12.636,107,1169825,31,61,67,60498,0,0,0,0,0,153,1538,-8297,7783,0,0,0,0,0
13,90,12.692,108,1169881,31,61,67,60498,0,0,0,0,0,153,1538,-8297,7783,0,0,0,0,0
13,90,12.747,109,1169937,31,61,67,60498,0,0,0,0,0,153,1538,-8297,7783,0,0,0,0,0
13,90,12.812,110,1169993,31,61,67,60498,0,0,0,0,0,153,1538,-8297,7783,0,0,0,0,0
13,90,12.856,111,1170045,31,61,67,60498,0,0,0,0,0,153,1538,-8297,7783,0,0,0,0,0
13,90,12.912,112,1170101,31,61,67,60498,0,0,0,0,0,153,1538,-8297,7783,0,0,0,0,0
13,90,12.969,113,1170157,31,61,67,60498,0,0,0,0,0,153,1538,-8297,7783,0,0,0,0,0
13,90,13.025,114,1170213,31,61,67,60498,0,0,0,0,0,153,1538,-8297,7783,0,0,0,0,0
13,90,13.079,115,1170269,31,61,67,60498,0,0,0,0,0,153,1538,-8297,7783,0,0,0,0,0
13,90,13.135,116,1170325,31,61,67,60498,0,0,0,0,0,153,1538,-8297,7783,0,0,0,0,0
13,90,13.192,117,1170381,31,61,67,60498,0,0,0,0,0,153,1538,-8297,7783,0,0,0,0,0
13,90,13.248,118,1170437,31,61,67,60498,0,0,0,0,0,153,1538,-8297,7783,0,0,0,0,0
13,90,13.303,119,1170493,31,61,67,60498,0,0,0,0,0,153,1538,-8297,7783,0,0,0,0,0
13,90,13.36,120,1170549,31,61,67,60498,0,0,0,0,0,153,1538,-8297,7783,0,0,0,0,0
13,90,13.415,121,1170605,31,61,67,60498,0,0,0,0,0,153,1538,-8297,7783,0,0,0,0,0
13,90,13.472,122,1170661,31,61,67,60498,0,0,0,0,0,153,1538,-8297,7783,0,0,0,0,0
13,90,13.528,123,1170717,31,61,67,60498,0,0,0,0,0,153,1538,-8297,7783,0,0,0,0,0
13,90,13.639,125,1170829,31,61,67,60498,0,0,0,0,0,153,1538,-8297,7783,0,0,0,0,0
13,90,13.695,126,1170885,31,61,67,60498,0,0,0,0,0,153,1538,-8297,7783,0,0,0,0,0
13,90,13.752,127,1170941,31,61,67,60498,0,0,0,0,0,153,1538,-8297,7783,0,0,0,0,0
13,90,13.809,0,1170997,31,61,67,60498,0,0,0,0,0,153,1538,-8297,7783,0,0,0,0,0
13,90,13.877,1,1171053,31,61,67,60498,0,0,0,0,0,153,1538,-8297,7783,0,0,0,0,0
13,90,13.917,2,1171105,31,61,67,60498,0,0,0,0,0,153,1538,-8297,7783,0,0,0,0,0
14,-90,-0.041,74,1182265,31,61,67,60498,0,0,0,0,0,153,1538,-8297,7783,0,0,0,0,0
14,-90,0.015,75,1182321,31,61,67,60498,0,0,0,0,0,153,1538,-8297,7783,0,0,0,0,0
14,-90,0.067,76,1182373,31,61,67,60498,0,0,0,0,0,153,1539,-8297,7783,800,-800,0,0,0
14,-90,0.14,77,1182445,31,61,68,60457,0,0,0,0,-10,156,1542,-8297,7772,1200,-1200,0,0,0
14,-90,0.212,78,1182517,31,62,69,60374,0,0,0,0,-36,159,1545,-8297,7750,1600,-1500,0,0,0
14,-90,0.283,79,1182589,31,63,70,60118,0,0,0,20,-82,159,1548,-8288,7691,1800,-1800,0,0,0
14,-90,0.357,80,1182661,31,64,72,59734,0,0,0,46,-92,159,1551,-8261,7616,2200,-2200,0,0,0
14,-90,0.427,81,1182733,31,65,74,59057,0,0,0,82,-135,159,1554,-8197,7500,2600,-2600,0,0,0
14,-90,0.572,83,1182877,31,68,76,57078,0,0,0,128,-200,160,1560,-7988,7183,2800,-2800,0,0,0
14,-90,0.644,84,1182949,31,70,77,55889,0,0,0,148,-200,160,1563,-7855,7000,2800,-2800,0,0,0
14,-90,0.715,85,1183021,31,72,78,54718,0,0,0,144,-200,160,1566,-7722,6822,2800,-2800,0,0,0
14,-90,0.788,86,1183093,31,74,78,53526,0,0,0,154,-210,160,1569,-7591,6636,2700,-2700,0,0,0
14,-90,1.019,88,1183326,31,78,76,50764,0,0,0,0,0,160,1581,-7288,6205,0,0,0,0,0
14,-90,1.07,89,1183377,31,78,76,50764,0,0,0,0,0,160,1583,-7288,6205,0,0,0,0,0
14,-90,1.143,90,1183449,31,78,76,50764,0,0,0,0,0,160,1586,-7288,6205,0,0,0,0,0
14,-90,1.286,92,1183593,31,78,76,50764,0,0,0,0,0,160,1592,-7288,6205,0,0,0,0,0
14,-90,1.359,93,1183665,31,78,76,50764,0,0,0,0,0,160,1595,-7288,6205,0,0,0,0,0
14,-90,1.429,94,1183737,31,78,76,50764,0,0,0,0,0,160,1598,-7288,6205,0,0,0,0,0
14,-90,1.503,95,1183809,31,78,76,50764,0,0,0,0,0,160,1601,-7288,6205,0,0,0,0,0
14,-90,1.647,97,1183953,31,78,76,50764,0,0,0,0,0,160,1607,-7288,6205,0,0,0,0,0
14,-90,1.718,98,1184025,31,78,76,50764,0,0,0,0,0,160,1610,-7288,6205,0,0,0,0,0
14,-90,1.79,99,1184097,31,78,76,50764,0,0,0,0,0,160,1613,-7288,6205,0,0,0,0,0
14,-90,1.863,100,1184169,31,78,76,50764,0,0,0,0,0,160,1616,-7288,6205,0,0,0,0,0
14,-90,1.935,101,1184241,31,78,76,50764,0,0,0,0,0,160,1619,-7288,6205,0,0,0,0,0
14,-90,2.006,102,1184313,31,78,76,50764,0,0,0,0,0,160,1622,-7288,6205,0,0,0,0,0
14,-90,2.077,103,1184385,31,78,76,50764,0,0,0,0,0,160,1625,-7288,6205,0,0,0,0,0
14,-90,2.15,104,1184457,31,78,76,50764,0,0,0,0,0,160,1628,-7288,6205,0,0,0,0,0
14,-90,2.222,105,1184529,31,78,76,50764,0,0,0,0,0,160,1631,-7288,6205,0,0,0,0,0
14,-90,2.367,107,1184673,31,78,76,50764,0,0,0,0,0,160,1637,-7288,6205,0,0,0,0,0
14,-90,2.437,108,1184745,31,78,76,50764,0,0,0,0,0,160,1640,-7288,6205,0,0,0,0,0
14,-90,2.51,109,1184817,31,78,76,50764,0,0,0,0,0,160,1643,-7288,6205,0,0,0,0,0
14,-90,2.582,110,1184889,31,78,76,50764,0,0,0,0,0,160,1646,-7288,6205,0,0,0,0,0
14,-90,2.655,111,1184961,31,78,76,50764,0,0,0,0,0,160,1649,-7288,6205,0,0,0,0,0
14,-90,2.726,112,1185033,31,78,76,50764,0,0,0,0,0,160,1652,-7288,6205,0,0,0,0,0
14,-90,2.797,113,1185105,31,78,76,50764,0,0,0,0,0,160,1655,-7288,6205,0,0,0,0,0
14,-90,2.87,114,1185177,31,78,76,50764,0,0,0,0,0,160,1658,-7288,6205,0,0,0,0,0
14,-90,2.942,115,1185249,31,78,76,50764,0,0,0,0,0,160,1661,-7288,6205,0,0,0,0,0
14,-90,3.015,116,1185321,31,78,76,50764,0,0,0,0,0,160,1664,-7288,6205,0,0,0,0,0
14,-90,3.07,117,1185377,31,78,76,50764,0,0,0,0,0,160,1665,-7288,6205,0,0,0,0,0
14,-90,3.126,118,1185433,31,78,76,50764,0,0,0,0,0,160,1665,-7288,6205,0,0,0,0,0
14,-90,3.182,119,1185489,31,78,76,50764,0,0,0,0,0,160,1665,-7288,6205,0,0,0,0,0
14,-90,3.248,120,1185545,31,78,76,50764,0,0,0,0,0,160,1665,-7288,6205,0,0,0,0,0
14,-90,3.291,121,1185597,31,78,76,50764,0,0,0,0,0,160,1665,-7288,6205,0,0,0,0,0
14,-90,3.345,122,1185653,31,78,76,50764,0,0,0,0,0,160,1665,-7288,6205,0,0,0,0,0
14,-90,3.401,123,1185709,31,78,76,50764,0,0,0,0,0,160,1665,-7288,6205,0,0,0,0,0
14,-90,3.457,124,1185765,31,78,76,50764,0,0,0,0,0,160,1665,-7288,6205,0,0,0,0,0
14,-90,3.514,125,1185821,31,78,76,50764,0,0,0,0,0,160,1665,-7288,6205,0,0,0,0,0
14,-90,3.626,127,1185933,31,78,76,50764,0,0,0,0,0,160,1665,-7288,6205,0,0,0,0,0
14,-90,3.682,0,1185989,31,78,76,50764,0,0,0,0,0,160,1665,-7288,6205,0,0,0,0,0
14,-90,3.738,1,1186045,31,78,76,50764,0,0,0,0,0,160,1665,-7288,6205,0,0,0,0,0
14,-90,3.794,2,1186101,31,78,76,50764,0,0,0,0,0,160,1665,-7288,6205,0,0,0,0,0
14,-90,3.85,3,1186157,31,78,76,50764,0,0,0,0,0,160,1665,-7288,6205,0,0,0,0,0
14,-90,3.906,4,1186213,31,78,76,50764,0,0,0,0,0,160,1665,-7288,6205,0,0,0,0,0
14,-90,3.961,5,1186269,31,78,76,50764,0,0,0,0,0,160,1665,-7288,6205,0,0,0,0,0
14,-90,4.018,6,1186325,31,78,76,50764,0,0,0,0,0,160,1665,-7288,6205,0,0,0,0,0
14,-90,4.074,7,1186381,31,78,76,50764,0,0,0,0,0,160,1665,-7288,6205,0,0,0,0,0
14,-90,4.13,8,1186437,31,78,76,50764,0,0,0,0,0,160,1665,-7288,6205,0,0,0,0,0
14,-90,4.241,10,1186549,31,78,76,50764,0,0,0,0,0,160,1665,-7288,6205,0,0,0,0,0
14,-90,4.308,11,1186605,31,78,76,50764,0,0,0,0,0,160,1665,-7288,6205,0,0,0,0,0
14,-90,4.352,12,1186657,31,78,76,50764,0,0,0,0,0,160,1665,-7288,6205,0,0,0,0,0
14,-90,4.407,13,1186713,31,78,76,50764,0,0,0,0,0,160,1665,-7288,6205,0,0,0,0,0
14,-90,4.463,14,1186769,31,78,76,50764,0,0,0,0,0,160,1665,-7288,6205,0,0,0,0,0
14,-90,4.518,15,1186825,31,78,76,50764,0,0,0,0,0,160,1665,-7288,6205,0,0,0,0,0
14,-90,4.574,16,1186881,31,78,76,50764,0,0,0,0,0,160,1665,-7288,6205,0,0,0,0,0
14,-90,4.63,17,1186937,31,78,76,50764,0,0,0,0,0,160,1665,-7288,6205,0,0,0,0,0
14,-90,4.685,18,1186993,31,78,76,50764,0,0,0,0,0,160,1665,-7288,6205,0,0,0,0,0
14,-90,4.742,19,1187049,31,78,76,50764,0,0,0,0,0,160,1665,-7288,6205,0,0,0,0,0
14,-90,4.854,21,1187161,31,78,76,50764,0,0,0,0,0,160,1665,-7288,6205,0,0,0,0,0
14,-90,4.91,22,1187217,31,78,76,50764,0,0,0,0,0,160,1665,-7288,6205,0,0,0,0,0
14,-90,4.967,23,1187273,31,78,76,50764,0,0,0,0,0,160,1665,-7288,6205,0,0,0,0,0
14,-90,5.022,24,1187329,31,78,76,50764,0,0,0,0,0,160,1665,-7288,6205,0,0,0,0,0
14,-90,5.078,25,1187385,31,78,76,50764,0,0,0,0,0,160,1665,-7288,6205,0,0,0,0,0
14,-90,5.134,26,1187441,31,78,76,50764,0,0,0,0,0,160,1665,-7288,6205,0,0,0,0,0
14,-90,5.19,27,1187497,31,78,76,50764,0,0,0,0,0,160,1665,-7288,6205,0,0,0,0,0
14,-90,5.246,28,1187553,31,78,76,50764,0,0,0,0,0,160,1665,-7288,6205,0,0,0,0,0
14,-90,5.302,29,1187609,31,78,76,50764,0,0,0,0,0,160,1665,-7288,6205,0,0,0,0,0
14,-90,5.366,30,1187665,31,78,76,50764,0,0,0,0,0,160,1665,-7288,6205,0,0,0,0,0
14,-90,5.411,31,1187717,31,78,76,50764,0,0,0,0,0,160,1665,-7288,6205,0,0,0,0,0
14,-90,5.523,33,1187829,31,78,76,50764,0,0,0,0,0,160,1665,-7288,6205,0,0,0,0,0
14,-90,5.634,35,1187941,31,78,76,50764,0,0,0,0,0,160,1665,-7288,6205,0,0,0,0,0
14,-90,5.69,36,1187997,31,78,76,50764,0,0,0,0,0,160,1665,-7288,6205,0,0,0,0,0
14,-90,5.745,37,1188053,31,78,76,50764,0,0,0,0,0,160,1665,-7288,6205,0,0,0,0,0
14,-90,5.803,38,1188109,31,78,76,50764,0,0,0,0,0,160,1665,-7288,6205,0,0,0,0,0
14,-90,5.858,39,1188165,31,78,76,50764,0,0,0,0,0,160,1665,-7288,6205,0,0,0,0,0
14,-90,5.913,40,1188221,31,78,76,50764,0,0,0,0,0,160,1665,-7288,6205,0,0,0,0,0
14,-90,5.969,41,1188277,31,78,76,50764,0,0,0,0,0,160,1665,-7288,6205,0,0,0,0,0
14,-90,6.026,42,1188333,31,78,76,50764,0,0,0,0,0,160,1665,-7288,6205,0,0,0,0,0
14,-90,6.138,44,1188445,31,78,76,50764,0,0,0,0,0,160,1665,-7288,6205,0,0,0,0,0
14,-90,6.25,46,1188557,31,78,76,50764,0,0,0,0,0,160,1665,-7288,6205,0,0,0,0,0
14,-90,6.306,47,1188613,31,78,76,50764,0,0,0,0,0,160,1665,-7288,6205,0,0,0,0,0
14,-90,6.361,48,1188669,31,78,76,50764,0,0,0,0,0,160,1665,-7288,6205,0,0,0,0,0
14,-90,6.425,49,1188725,31,78,76,50764,0,0,0,0,0,160,1665,-7288,6205,0,0,0,0,0
14,-90,6.469,50,1188777,31,78,76,50764,0,0,0,0,0,160,1665,-7288,6205,0,0,0,0,0
14,-90,6.528,51,1188833,31,78,76,50764,0,0,0,0,0,160,1665,-7288,6205,0,0,0,0,0
14,-90,6.582,52,1188889,31,78,76,50764,0,0,0,0,0,160,1665,-7288,6205,0,0,0,0,0
14,-90,6.638,53,1188945,31,78,76,50764,0,0,0,0,0,160,1665,-7288,6205,0,0,0,0,0
14,-90,6.749,55,1189057,31,78,76,50764,0,0,0,0,0,160,1665,-7288,6205,0,0,0,0,0
14,-90,6.806,56,1189113,31,78,76,50764,0,0,0,0,0,160,1665,-7288,6205,0,0,0,0,0
14,-90,6.861,57,1189169,31,78,76,50764,0,0,0,0,0,160,1665,-7288,6205,0,0,0,0,0
14,-90,6.921,58,1189225,31,78,76,50764,0,0,0,0,0,160,1665,-7288,6205,0,0,0,0,0
14,-90,6.974,59,1189281,31,78,76,50764,0,0,0,0,0,160,1665,-7288,6205,0,0,0,0,0
14,-90,7.03,60,1189337,31,78,76,50764,0,0,0,0,0,160,1665,-7288,6205,0,0,0,0,0
14,-90,7.086,61,1189393,31,78,76,50764,0,0,0,0,0,160,1665,-7288,6205,0,0,0,0,0
14,-90,7.142,62,1189449,31,78,76,50764,0,0,0,0,0,160,1665,-7288,6205,0,0,0,0,0
14,-90,7.199,63,1189505,31,78,76,50764,0,0,0,0,0,160,1665,-7288,6205,0,0,0,0,0
14,-90,7.253,64,1189561,31,78,76,50764,0,0,0,0,0,160,1665,-7288,6205,0,0,0,0,0
14,-90,7.365,66,1189673,31,78,76,50764,0,0,0,0,0,160,1665,-7288,6205,0,0,0,0,0
14,-90,7.421,67,1189729,31,78,76,50764,0,0,0,0,0,160,1665,-7288,6205,0,0,0,0,0
14,-90,7.486,68,1189785,31,78,76,50764,0,0,0,0,0,160,1665,-7288,6205,0,0,0,0,0
14,-90,7.53,69,1189837,31,78,76,50764,0,0,0,0,0,160,1665,-7288,6205,0,0,0,0,0
14,-90,7.585,70,1189893,31,78,76,50764,0,0,0,0,0,160,1665,-7288,6205,0,0,0,0,0
14,-90,7.641,71,1189949,31,78,76,50764,0,0,0,0,0,160,1665,-7288,6205,0,0,0,0,0
14,-90,7.698,72,1190005,31,78,76,50764,0,0,0,0,0,160,1665,-7288,6205,0,0,0,0,0
14,-90,7.755,73,1190061,31,78,76,50764,0,0,0,0,0,160,1665,-7288,6205,0,0,0,0,0
14,-90,7.809,74,1190117,31,78,76,50764,0,0,0,0,0,160,1665,-7288,6205,0,0,0,0,0
14,-90,7.866,75,1190173,31,78,76,50764,0,0,0,0,0,160,1665,-7288,6205,0,0,0,0,0
14,-90,7.978,77,1190285,31,78,76,50764,0,0,0,0,0,160,1665,-7288,6205,0,0,0,0,0
14,-90,8.034,78,1190341,31,78,76,50764,0,0,0,0,0,160,1665,-7288,6205,0,0,0,0,0
14,-90,8.09,79,1190397,31,78,76,50764,0,0,0,0,0,160,1665,-7288,6205,0,0,0,0,0
14,-90,8.146,80,1190453,31,78,76,50764,0,0,0,0,0,160,1665,-7288,6205,0,0,0,0,0
14,-90,8.201,81,1190509,31,78,76,50764,0,0,0,0,0,160,1665,-7288,6205,0,0,0,0,0
14,-90,8.259,82,1190565,31,78,76,50764,0,0,0,0,0,160,1665,-7288,6205,0,0,0,0,0
14,-90,8.314,83,1190621,31,78,76,50764,0,0,0,0,0,160,1665,-7288,6205,0,0,0,0,0
14,-90,8.37,84,1190677,31,78,76,50764,0,0,0,0,0,160,1665,-7288,6205,0,0,0,0,0
14,-90,8.425,85,1190733,31,78,76,50764,0,0,0,0,0,160,1665,-7288,6205,0,0,0,0,0
14,-90,8.481,86,1190789,31,78,76,50764,0,0,0,0,0,160,1665,-7288,6205,0,0,0,0,0
14,-90,8.648,89,1190953,31,78,76,50764,0,0,0,0,0,160,1665,-7288,6205,0,0,0,0,0
14,-90,8.703,90,1191009,31,78,76,50764,0,0,0,0,0,160,1665,-7288,6205,0,0,0,0,0
14,-90,8.757,91,1191065,31,78,76,50764,0,0,0,0,0,160,1665,-7288,6205,0,0,0,0,0
14,-90,8.814,92,1191121,31,78,76,50764,0,0,0,0,0,160,1665,-7288,6205,0,0,0,0,0
14,-90,8.87,93,1191177,31,78,76,50764,0,0,0,0,0,160,1665,-7288,6205,0,0,0,0,0
14,-90,8.925,94,1191233,31,78,76,50764,0,0,0,0,0,160,1665,-7288,6205,0,0,0,0,0
14,-90,8.984,95,1191289,31,78,76,50764,0,0,0,0,0,160,1665,-7288,6205,0,0,0,0,0
14,-90,9.039,96,1191345,31,78,76,50764,0,0,0,0,0,160,1665,-7288,6205,0,0,0,0,0
14,-90,9.094,97,1191401,31,78,76,50764,0,0,0,0,0,160,1665,-7288,6205,0,0,0,0,0
14,-90,9.15,98,1191457,31,78,76,50764,0,0,0,0,0,160,1665,-7288,6205,0,0,0,0,0
14,-90,9.205,99,1191513,31,78,76,50764,0,0,0,0,0,160,1665,-7288,6205,0,0,0,0,0
14,-90,9.261,100,1191569,31,78,76,50764,0,0,0,0,0,160,1665,-7288,6205,0,0,0,0,0
14,-90,9.317,101,1191625,31,78,76,50764,0,0,0,0,0,160,1665,-7288,6205,0,0,0,0,0
14,-90,9.429,103,1191737,31,78,76,50764,0,0,0,0,0,160,1665,-7288,6205,0,0,0,0,0
14,-90,9.485,104,1191793,31,78,76,50764,0,0,0,0,0,160,1665,-7288,6205,0,0,0,0,0
14,-90,9.541,105,1191849,31,78,76,50764,0,0,0,0,0,160,1665,-7288,6205,0,0,0,0,0
14,-90,9.607,106,1191905,31,78,76,50764,0,0,0,0,0,160,1665,-7288,6205,0,0,0,0,0
14,-90,9.649,107,1191957,31,78,76,50764,0,0,0,0,0,160,1665,-7288,6205,0,0,0,0,0
14,-90,9.705,108,1192013,31,78,76,50764,0,0,0,0,0,160,1665,-7288,6205,0,0,0,0,0
14,-90,9.761,109,1192069,31,78,76,50764,0,0,0,0,0,160,1665,-7288,6205,0,0,0,0,0
14,-90,9.873,111,1192181,31,78,76,50764,0,0,0,0,0,160,1665,-7288,6205,0,0,0,0,0
14,-90,9.93,112,1192237,31,78,76,50764,0,0,0,0,0,160,1665,-7288,6205,0,0,0,0,0
14,-90,9.985,113,1192293,31,78,76,50764,0,0,0,0,0,160,1665,-7288,6205,0,0,0,0,0
14,-90,10.042,114,1192349,31,78,76,50764,0,0,0,0,0,160,1665,-7288,6205,0,0,0,0,0
14,-90,10.098,115,1192405,31,78,76,50764,0,0,0,0,0,160,1665,-7288,6205,0,0,0,0,0
14,-90,10.154,116,1192461,31,78,76,50764,0,0,0,0,0,160,1665,-7288,6205,0,0,0,0,0
14,-90,10.21,117,1192517,31,78,76,50764,0,0,0,0,0,160,1665,-7288,6205,0,0,0,0,0
14,-90,10.267,118,1192573,31,78,76,50764,0,0,0,0,0,160,1665,-7288,6205,0,0,0,0,0
14,-90,10.323,119,1192629,31,78,76,50764,0,0,0,0,0,160,1665,-7288,6205,0,0,0,0,0
14,-90,10.379,120,1192685,31,78,76,50764,0,0,0,0,0,160,1665,-7288,6205,0,0,0,0,0
14,-90,10.49,122,1192797,31,78,76,50764,0,0,0,0,0,160,1665,-7288,6205,0,0,0,0,0
14,-90,10.545,123,1192853,31,78,76,50764,0,0,0,0,0,160,1665,-7288,6205,0,0,0,0,0
14,-90,10.603,124,1192909,31,78,76,50764,0,0,0,0,0,160,1665,-7288,6205,0,0,0,0,0
14,-90,10.666,125,1192965,31,78,76,50764,0,0,0,0,0,160,1665,-7288,6205,0,0,0,0,0
14,-90,10.71,126,1193017,31,78,76,50764,0,0,0,0,0,160,1665,-7288,6205,0,0,0,0,0
14,-90,10.767,127,1193073,31,78,76,50764,0,0,0,0,0,160,1665,-7288,6205,0,0,0,0,0
14,-90,10.822,0,1193129,31,78,76,50764,0,0,0,0,0,160,1665,-7288,6205,0,0,0,0,0
14,-90,10.878,1,1193185,31,78,76,50764,0,0,0,0,0,160,1665,-7288,6205,0,0,0,0,0
14,-90,10.933,2,1193241,31,78,76,50764,0,0,0,0,0,160,1665,-7288,6205,0,0,0,0,0
14,-90,10.99,3,1193297,31,78,76,50764,0,0,0,0,0,160,1665,-7288,6205,0,0,0,0,0
14,-90,11.158,6,1193465,31,78,76,50764,0,0,0,0,0,160,1665,-7288,6205,0,0,0,0,0
14,-90,11.269,8,1193577,31,78,76,50764,0,0,0,0,0,160,1665,-7288,6205,0,0,0,0,0
14,-90,11.383,10,1193689,31,78,76,50764,0,0,0,0,0,160,1665,-7288,6205,0,0,0,0,0
14,-90,11.443,11,1193745,31,78,76,50764,0,0,0,0,0,160,1665,-7288,6205,0,0,0,0,0
14,-90,11.495,12,1193801,31,78,76,50764,0,0,0,0,0,160,1665,-7288,6205,0,0,0,0,0
14,-90,11.559,13,1193857,31,78,76,50764,0,0,0,0,0,160,1665,-7288,6205,0,0,0,0,0
14,-90,11.606,14,1193913,31,78,76,50764,0,0,0,0,0,160,1665,-7288,6205,0,0,0,0,0
14,-90,11.728,16,1194025,31,78,76,50764,0,0,0,0,0,160,1665,-7288,6205,0,0,0,0,0
14,-90,11.771,17,1194077,31,78,76,50764,0,0,0,0,0,160,1665,-7288,6205,0,0,0,0,0
14,-90,11.827,18,1194133,31,78,76,50764,0,0,0,0,0,160,1665,-7288,6205,0,0,0,0,0
14,-90,11.886,19,1194189,31,78,76,50764,0,0,0,0,0,160,1665,-7288,6205,0,0,0,0,0
14,-90,11.993,21,1194301,31,78,76,50764,0,0,0,0,0,160,1665,-7288,6205,0,0,0,0,0
14,-90,12.05,22,1194357,31,78,76,50764,0,0,0,0,0,160,1665,-7288,6205,0,0,0,0,0
14,-90,12.106,23,1194413,31,78,76,50764,0,0,0,0,0,160,1665,-7288,6205,0,0,0,0,0
14,-90,12.163,24,1194469,31,78,76,50764,0,0,0,0,0,160,1665,-7288,6205,0,0,0,0,0
14,-90,12.219,25,1194525,31,78,76,50764,0,0,0,0,0,160,1665,-7288,6205,0,0,0,0,0
14,-90,12.441,29,1194749,31,78,76,50764,0,0,0,0,0,160,1665,-7288,6205,0,0,0,0,0
14,-90,12.497,30,1194805,31,78,76,50764,0,0,0,0,0,160,1665,-7288,6205,0,0,0,0,0
14,-90,12.554,31,1194861,31,78,76,50764,0,0,0,0,0,160,1665,-7288,6205,0,0,0,0,0
14,-90,12.61,32,1194917,31,78,76,50764,0,0,0,0,0,160,1665,-7288,6205,0,0,0,0,0
14,-90,12.665,33,1194973,31,78,76,50764,0,0,0,0,0,160,1665,-7288,6205,0,0,0,0,0
14,-90,12.721,34,1195029,31,78,76,50764,0,0,0,0,0,160,1665,-7288,6205,0,0,0,0,0
14,-90,12.787,35,1195085,31,78,76,50764,0,0,0,0,0,160,1665,-7288,6205,0,0,0,0,0
14,-90,12.829,36,1195137,31,78,76,50764,0,0,0,0,0,160,1665,-7288,6205,0,0,0,0,0
15,107,0.074,78,1204645,31,79,76,50775,0,0,0,0,0,160,1666,-7291,6205,-800,800,0,0,0
15,107,0.138,79,1204717,31,78,76,50892,0,0,0,-20,17,161,1669,-7305,6222,-1200,1100,0,0,0
15,107,0.211,80,1204789,31,78,76,51091,0,0,0,-20,36,161,1672,-7325,6255,-1400,1300,0,0,0
15,107,0.282,81,1204861,31,77,77,51415,0,0,0,-30,72,161,1675,-7350,6316,-1800,1700,0,0,0
15,107,0.356,82,1204933,31,75,77,51885,0,0,0,-46,112,161,1678,-7391,6400,-2200,2100,0,0,0
15,107,0.427,83,1205005,31,74,78,52574,0,0,0,-89,148,161,1681,-7463,6511,-2500,2500,0,0,0
15,107,0.57,85,1205149,31,71,78,54621,0,0,0,-174,171,161,1687,-7705,6813,-2700,2800,0,0,0
15,107,0.642,86,1205221,31,71,78,55866,0,0,0,-181,174,161,1690,-7866,6983,-2700,2700,0,0,0
15,107,0.715,87,1205293,31,71,78,57119,0,0,0,-164,181,161,1693,-8027,7155,-2600,2600,0,0,0
15,107,0.787,88,1205365,31,70,78,58334,0,0,0,-164,184,161,1696,-8183,7322,-2600,2500,0,0,0
15,107,0.93,90,1205509,31,70,77,60735,0,0,0,-164,174,161,1702,-8488,7655,-2100,1900,0,0,0
15,107,1.106,91,1205686,31,70,78,62146,0,0,0,0,0,161,1712,-8688,7830,0,0,0,0,0
15,107,1.158,92,1205737,31,70,78,62146,0,0,0,0,0,161,1714,-8688,7830,0,0,0,0,0
15,107,1.228,93,1205809,31,70,78,62146,0,0,0,0,0,161,1717,-8688,7830,0,0,0,0,0
15,107,1.301,94,1205881,31,70,78,62146,0,0,0,0,0,161,1720,-8688,7830,0,0,0,0,0
15,107,1.375,95,1205953,31,70,78,62146,0,0,0,0,0,161,1723,-8688,7830,0,0,0,0,0
15,107,1.446,96,1206025,31,70,78,62146,0,0,0,0,0,161,1726,-8688,7830,0,0,0,0,0
15,107,1.526,97,1206097,31,70,78,62146,0,0,0,0,0,161,1729,-8688,7830,0,0,0,0,0
15,107,1.592,98,1206169,31,70,78,62146,0,0,0,0,0,161,1732,-8688,7830,0,0,0,0,0
15,107,1.662,99,1206241,31,70,78,62146,0,0,0,0,0,161,1735,-8688,7830,0,0,0,0,0
15,107,1.806,101,1206385,31,70,78,62146,0,0,0,0,0,161,1741,-8688,7830,0,0,0,0,0
15,107,1.877,102,1206457,31,70,78,62146,0,0,0,0,0,161,1744,-8688,7830,0,0,0,0,0
15,107,1.948,103,1206529,31,70,78,62146,0,0,0,0,0,161,1747,-8688,7830,0,0,0,0,0
15,107,2.021,104,1206601,31,70,78,62146,0,0,0,0,0,161,1750,-8688,7830,0,0,0,0,0
15,107,2.095,105,1206673,31,70,78,62146,0,0,0,0,0,161,1753,-8688,7830,0,0,0,0,0
15,107,2.167,106,1206745,31,70,78,62146,0,0,0,0,0,161,1756,-8688,7830,0,0,0,0,0
15,107,2.238,107,1206817,31,70,78,62146,0,0,0,0,0,161,1759,-8688,7830,0,0,0,0,0
15,107,2.309,108,1206889,31,70,78,62146,0,0,0,0,0,161,1762,-8688,7830,0,0,0,0,0
15,107,2.383,109,1206961,31,70,78,62146,0,0,0,0,0,161,1765,-8688,7830,0,0,0,0,0
15,107,2.454,110,1207033,31,70,78,62146,0,0,0,0,0,161,1768,-8688,7830,0,0,0,0,0
15,107,2.526,111,1207105,31,70,78,62146,0,0,0,0,0,161,1771,-8688,7830,0,0,0,0,0
15,107,2.671,113,1207249,31,70,78,62146,0,0,0,0,0,161,1777,-8688,7830,0,0,0,0,0
15,107,2.742,114,1207321,31,70,78,62146,0,0,0,0,0,161,1780,-8688,7830,0,0,0,0,0
15,107,2.813,115,1207393,31,70,78,62146,0,0,0,0,0,161,1783,-8688,7830,0,0,0,0,0
15,107,2.893,116,1207465,31,70,78,62146,0,0,0,0,0,161,1786,-8688,7830,0,0,0,0,0
15,107,3.028,118,1207609,31,70,78,62146,0,0,0,0,0,161,1792,-8688,7830,0,0,0,0,0
15,107,3.084,119,1207665,31,70,78,62146,0,0,0,0,0,161,1794,-8688,7830,0,0,0,0,0
15,107,3.142,120,1207721,31,70,78,62146,0,0,0,0,0,161,1794,-8688,7830,0,0,0,0,0
15,107,3.255,122,1207833,31,70,78,62146,0,0,0,0,0,161,1794,-8688,7830,0,0,0,0,0
15,107,3.311,123,1207889,31,70,78,62146,0,0,0,0,0,161,1794,-8688,7830,0,0,0,0,0
15,107,3.478,126,1208057,31,70,78,62146,0,0,0,0,0,161,1794,-8688,7830,0,0,0,0,0
15,107,3.533,127,1208113,31,70,78,62146,0,0,0,0,0,161,1794,-8688,7830,0,0,0,0,0
15,107,3.59,0,1208169,31,70,78,62146,0,0,0,0,0,161,1794,-8688,7830,0,0,0,0,0
15,107,3.644,1,1208225,31,70,78,62146,0,0,0,0,0,161,1794,-8688,7830,0,0,0,0,0
15,107,3.702,2,1208281,31,70,78,62146,0,0,0,0,0,161,1794,-8688,7830,0,0,0,0,0
15,107,3.757,3,1208337,31,70,78,62146,0,0,0,0,0,161,1794,-8688,7830,0,0,0,0,0
15,107,3.814,4,1208393,31,70,78,62146,0,0,0,0,0,161,1794,-8688,7830,0,0,0,0,0
15,107,3.868,5,1208449,31,70,78,62146,0,0,0,0,0,161,1794,-8688,7830,0,0,0,0,0
15,107,3.924,6,1208505,31,70,78,62146,0,0,0,0,0,161,1794,-8688,7830,0,0,0,0,0
15,107,4.146,10,1208725,31,70,78,62146,0,0,0,0,0,161,1794,-8688,7830,0,0,0,0,0
15,107,4.202,11,1208781,31,70,78,62146,0,0,0,0,0,161,1794,-8688,7830,0,0,0,0,0
15,107,4.258,12,1208837,31,70,78,62146,0,0,0,0,0,161,1794,-8688,7830,0,0,0,0,0
15,107,4.313,13,1208893,31,70,78,62146,0,0,0,0,0,161,1794,-8688,7830,0,0,0,0,0
15,107,4.371,14,1208949,31,70,78,62146,0,0,0,0,0,161,1794,-8688,7830,0,0,0,0,0
15,107,4.425,15,1209005,31,70,78,62146,0,0,0,0,0,161,1794,-8688,7830,0,0,0,0,0
15,107,4.482,16,1209061,31,70,78,62146,0,0,0,0,0,161,1794,-8688,7830,0,0,0,0,0
15,107,4.538,17,1209117,31,70,78,62146,0,0,0,0,0,161,1794,-8688,7830,0,0,0,0,0
15,107,4.648,19,1209229,31,70,78,62146,0,0,0,0,0,161,1794,-8688,7830,0,0,0,0,0
15,107,4.704,20,1209285,31,70,78,62146,0,0,0,0,0,161,1794,-8688,7830,0,0,0,0,0
15,107,4.761,21,1209341,31,70,78,62146,0,0,0,0,0,161,1794,-8688,7830,0,0,0,0,0
15,107,4.873,23,1209453,31,70,78,62146,0,0,0,0,0,161,1794,-8688,7830,0,0,0,0,0
15,107,4.929,24,1209509,31,70,78,62146,0,0,0,0,0,161,1794,-8688,7830,0,0,0,0,0
15,107,4.985,25,1209565,31,70,78,62146,0,0,0,0,0,161,1794,-8688,7830,0,0,0,0,0
15,107,5.052,26,1209621,31,70,78,62146,0,0,0,0,0,161,1794,-8688,7830,0,0,0,0,0
15,107,5.094,27,1209673,31,70,78,62146,0,0,0,0,0,161,1794,-8688,7830,0,0,0,0,0
15,107,5.149,28,1209729,31,70,78,62146,0,0,0,0,0,161,1794,-8688,7830,0,0,0,0,0
15,107,5.205,29,1209785,31,70,78,62146,0,0,0,0,0,161,1794,-8688,7830,0,0,0,0,0
15,107,5.316,31,1209897,31,70,78,62146,0,0,0,0,0,161,1794,-8688,7830,0,0,0,0,0
15,107,5.373,32,1209953,31,70,78,62146,0,0,0,0,0,161,1794,-8688,7830,0,0,0,0,0
15,107,5.428,33,1210009,31,70,78,62146,0,0,0,0,0,161,1794,-8688,7830,0,0,0,0,0
15,107,5.485,34,1210065,31,70,78,62146,0,0,0,0,0,161,1794,-8688,7830,0,0,0,0,0
15,107,5.545,35,1210121,31,70,78,62146,0,0,0,0,0,161,1794,-8688,7830,0,0,0,0,0
15,107,5.617,36,1210177,31,70,78,62146,0,0,0,0,0,161,1794,-8688,7830,0,0,0,0,0
15,107,5.654,37,1210233,31,70,78,62146,0,0,0,0,0,161,1794,-8688,7830,0,0,0,0,0
15,107,5.709,38,1210289,31,70,78,62146,0,0,0,0,0,161,1794,-8688,7830,0,0,0,0,0
15,107,5.764,39,1210345,31,70,78,62146,0,0,0,0,0,161,1794,-8688,7830,0,0,0,0,0
15,107,5.821,40,1210401,31,70,78,62146,0,0,0,0,0,161,1794,-8688,7830,0,0,0,0,0
15,107,5.879,41,1210457,31,70,78,62146,0,0,0,0,0,161,1794,-8688,7830,0,0,0,0,0
15,107,5.933,42,1210513,31,70,78,62146,0,0,0,0,0,161,1794,-8688,7830,0,0,0,0,0
15,107,5.989,43,1210569,31,70,78,62146,0,0,0,0,0,161,1794,-8688,7830,0,0,0,0,0
15,107,6.044,44,1210625,31,70,78,62146,0,0,0,0,0,161,1794,-8688,7830,0,0,0,0,0
15,107,6.111,45,1210681,31,70,78,62146,0,0,0,0,0,161,1794,-8688,7830,0,0,0,0,0
15,107,6.154,46,1210733,31,70,78,62146,0,0,0,0,0,161,1794,-8688,7830,0,0,0,0,0
15,107,6.21,47,1210789,31,70,78,62146,0,0,0,0,0,161,1794,-8688,7830,0,0,0,0,0
15,107,6.266,48,1210845,31,70,78,62146,0,0,0,0,0,161,1794,-8688,7830,0,0,0,0,0
15,107,6.32,49,1210901,31,70,78,62146,0,0,0,0,0,161,1794,-8688,7830,0,0,0,0,0
15,107,6.379,50,1210957,31,70,78,62146,0,0,0,0,0,161,1794,-8688,7830,0,0,0,0,0
15,107,6.434,51,1211013,31,70,78,62146,0,0,0,0,0,161,1794,-8688,7830,0,0,0,0,0
15,107,6.544,53,1211125,31,70,78,62146,0,0,0,0,0,161,1794,-8688,7830,0,0,0,0,0
15,107,6.601,54,1211181,31,70,78,62146,0,0,0,0,0,161,1794,-8688,7830,0,0,0,0,0
15,107,6.657,55,1211237,31,70,78,62146,0,0,0,0,0,161,1794,-8688,7830,0,0,0,0,0
15,107,6.713,56,1211293,31,70,78,62146,0,0,0,0,0,161,1794,-8688,7830,0,0,0,0,0
15,107,6.77,57,1211349,31,70,78,62146,0,0,0,0,0,161,1794,-8688,7830,0,0,0,0,0
15,107,6.826,58,1211405,31,70,78,62146,0,0,0,0,0,161,1794,-8688,7830,0,0,0,0,0
15,107,6.882,59,1211461,31,70,78,62146,0,0,0,0,0,161,1794,-8688,7830,0,0,0,0,0
15,107,6.937,60,1211517,31,70,78,62146,0,0,0,0,0,161,1794,-8688,7830,0,0,0,0,0
15,107,6.993,61,1211573,31,70,78,62146,0,0,0,0,0,161,1794,-8688,7830,0,0,0,0,0
15,107,7.048,62,1211629,31,70,78,62146,0,0,0,0,0,161,1794,-8688,7830,0,0,0,0,0
15,107,7.169,64,1211741,31,70,78,62146,0,0,0,0,0,161,1794,-8688,7830,0,0,0,0,0
15,107,7.213,65,1211793,31,70,78,62146,0,0,0,0,0,161,1794,-8688,7830,0,0,0,0,0
15,107,7.268,66,1211849,31,70,78,62146,0,0,0,0,0,161,1794,-8688,7830,0,0,0,0,0
15,107,7.324,67,1211905,31,70,78,62146,0,0,0,0,0,161,1794,-8688,7830,0,0,0,0,0
15,107,7.381,68,1211961,31,70,78,62146,0,0,0,0,0,161,1794,-8688,7830,0,0,0,0,0
15,107,7.437,69,1212017,31,70,78,62146,0,0,0,0,0,161,1794,-8688,7830,0,0,0,0,0
15,107,7.493,70,1212073,31,70,78,62146,0,0,0,0,0,161,1794,-8688,7830,0,0,0,0,0
15,107,7.549,71,1212129,31,70,78,62146,0,0,0,0,0,161,1794,-8688,7830,0,0,0,0,0
15,107,7.604,72,1212185,31,70,78,62146,0,0,0,0,0,161,1794,-8688,7830,0,0,0,0,0
15,107,7.661,73,1212241,31,70,78,62146,0,0,0,0,0,161,1794,-8688,7830,0,0,0,0,0
15,107,7.831,76,1212409,31,70,78,62146,0,0,0,0,0,161,1794,-8688,7830,0,0,0,0,0
15,107,7.889,77,1212465,31,70,78,62146,0,0,0,0,0,161,1794,-8688,7830,0,0,0,0,0
15,107,7.941,78,1212521,31,70,78,62146,0,0,0,0,0,161,1794,-8688,7830,0,0,0,0,0
15,107,8.054,80,1212633,31,70,78,62146,0,0,0,0,0,161,1794,-8688,7830,0,0,0,0,0
15,107,8.109,81,1212689,31,70,78,62146,0,0,0,0,0,161,1794,-8688,7830,0,0,0,0,0
15,107,8.165,82,1212745,31,70,78,62146,0,0,0,0,0,161,1794,-8688,7830,0,0,0,0,0
15,107,8.229,83,1212801,31,70,78,62146,0,0,0,0,0,161,1794,-8688,7830,0,0,0,0,0
15,107,8.273,84,1212853,31,70,78,62146,0,0,0,0,0,161,1794,-8688,7830,0,0,0,0,0
15,107,8.33,85,1212909,31,70,78,62146,0,0,0,0,0,161,1794,-8688,7830,0,0,0,0,0
15,107,8.442,87,1213021,31,70,78,62146,0,0,0,0,0,161,1794,-8688,7830,0,0,0,0,0
15,107,8.554,89,1213133,31,70,78,62146,0,0,0,0,0,161,1794,-8688,7830,0,0,0,0,0
15,107,8.664,91,1213245,31,70,78,62146,0,0,0,0,0,161,1794,-8688,7830,0,0,0,0,0
15,107,8.721,92,1213301,31,70,78,62146,0,0,0,0,0,161,1794,-8688,7830,0,0,0,0,0
15,107,8.777,93,1213357,31,70,78,62146,0,0,0,0,0,161,1794,-8688,7830,0,0,0,0,0
15,107,8.834,94,1213413,31,70,78,62146,0,0,0,0,0,161,1794,-8688,7830,0,0,0,0,0
15,107,8.89,95,1213469,31,70,78,62146,0,0,0,0,0,161,1794,-8688,7830,0,0,0,0,0
15,107,9.003,97,1213581,31,70,78,62146,0,0,0,0,0,161,1794,-8688,7830,0,0,0,0,0
15,107,9.057,98,1213637,31,70,78,62146,0,0,0,0,0,161,1794,-8688,7830,0,0,0,0,0
15,107,9.116,99,1213693,31,70,78,62146,0,0,0,0,0,161,1794,-8688,7830,0,0,0,0,0
15,107,9.176,100,1213749,31,70,78,62146,0,0,0,0,0,161,1794,-8688,7830,0,0,0,0,0
15,107,9.233,101,1213805,31,70,78,62146,0,0,0,0,0,161,1794,-8688,7830,0,0,0,0,0
15,107,9.29,102,1213861,31,70,78,62146,0,0,0,0,0,161,1794,-8688,7830,0,0,0,0,0
15,107,9.333,103,1213913,31,70,78,62146,0,0,0,0,0,161,1794,-8688,7830,0,0,0,0,0
15,107,9.39,104,1213969,31,70,78,62146,0,0,0,0,0,161,1794,-8688,7830,0,0,0,0,0
15,107,9.448,105,1214025,31,70,78,62146,0,0,0,0,0,161,1794,-8688,7830,0,0,0,0,0
15,107,9.501,106,1214081,31,70,78,62146,0,0,0,0,0,161,1794,-8688,7830,0,0,0,0,0
15,107,9.563,107,1214137,31,70,78,62146,0,0,0,0,0,161,1794,-8688,7830,0,0,0,0,0
15,107,9.684,109,1214249,31,70,78,62146,0,0,0,0,0,161,1794,-8688,7830,0,0,0,0,0
15,107,9.726,110,1214305,31,70,78,62146,0,0,0,0,0,161,1794,-8688,7830,0,0,0,0,0
15,107,9.794,111,1214361,31,70,78,62146,0,0,0,0,0,161,1794,-8688,7830,0,0,0,0,0
15,107,9.839,112,1214417,31,70,78,62146,0,0,0,0,0,161,1794,-8688,7830,0,0,0,0,0
15,107,9.895,113,1214473,31,70,78,62146,0,0,0,0,0,161,1794,-8688,7830,0,0,0,0,0
15,107,9.955,114,1214529,31,70,78,62146,0,0,0,0,0,161,1794,-8688,7830,0,0,0,0,0
15,107,10.007,115,1214585,31,70,78,62146,0,0,0,0,0,161,1794,-8688,7830,0,0,0,0,0
15,107,10.063,116,1214641,31,70,78,62146,0,0,0,0,0,161,1794,-8688,7830,0,0,0,0,0
15,107,10.12,117,1214697,31,70,78,62146,0,0,0,0,0,161,1794,-8688,7830,0,0,0,0,0
15,107,10.174,118,1214753,31,70,78,62146,0,0,0,0,0,161,1794,-8688,7830,0,0,0,0,0
15,107,10.229,119,1214809,31,70,78,62146,0,0,0,0,0,161,1794,-8688,7830,0,0,0,0,0
15,107,10.29,120,1214865,31,70,78,62146,0,0,0,0,0,161,1794,-8688,7830,0,0,0,0,0
15,107,10.353,121,1214921,31,70,78,62146,0,0,0,0,0,161,1794,-8688,7830,0,0,0,0,0
15,107,10.393,122,1214973,31,70,78,62146,0,0,0,0,0,161,1794,-8688,7830,0,0,0,0,0
15,107,10.45,123,1215029,31,70,78,62146,0,0,0,0,0,161,1794,-8688,7830,0,0,0,0,0
15,107,10.505,124,1215085,31,70,78,62146,0,0,0,0,0,161,1794,-8688,7830,0,0,0,0,0
15,107,10.561,125,1215141,31,70,78,62146,0,0,0,0,0,161,1794,-8688,7830,0,0,0,0,0
15,107,10.618,126,1215197,31,70,78,62146,0,0,0,0,0,161,1794,-8688,7830,0,0,0,0,0
15,107,10.674,127,1215253,31,70,78,62146,0,0,0,0,0,161,1794,-8688,7830,0,0,0,0,0
15,107,10.734,0,1215309,31,70,78,62146,0,0,0,0,0,161,1794,-8688,7830,0,0,0,0,0
15,107,10.791,1,1215365,31,70,78,62146,0,0,0,0,0,161,1794,-8688,7830,0,0,0,0,0
15,107,10.896,3,1215477,31,70,78,62146,0,0,0,0,0,161,1794,-8688,7830,0,0,0,0,0
15,107,10.954,4,1215533,31,70,78,62146,0,0,0,0,0,161,1794,-8688,7830,0,0,0,0,0
15,107,11.009,5,1215589,31,70,78,62146,0,0,0,0,0,161,1794,-8688,7830,0,0,0,0,0
15,107,11.07,6,1215645,31,70,78,62146,0,0,0,0,0,161,1794,-8688,7830,0,0,0,0,0
15,107,11.127,7,1215701,31,70,78,62146,0,0,0,0,0,161,1794,-8688,7830,0,0,0,0,0
15,107,11.179,8,1215757,31,70,78,62146,0,0,0,0,0,161,1794,-8688,7830,0,0,0,0,0
15,107,11.235,9,1215813,31,70,78,62146,0,0,0,0,0,161,1794,-8688,7830,0,0,0,0,0
15,107,11.291,10,1215869,31,70,78,62146,0,0,0,0,0,161,1794,-8688,7830,0,0,0,0,0
15,107,11.346,11,1215925,31,70,78,62146,0,0,0,0,0,161,1794,-8688,7830,0,0,0,0,0
15,107,11.454,13,1216033,31,70,78,62146,0,0,0,0,0,161,1794,-8688,7830,0,0,0,0,0
15,107,11.621,16,1216201,31,70,78,62146,0,0,0,0,0,161,1794,-8688,7830,0,0,0,0,0
15,107,11.676,17,1216257,31,70,78,62146,0,0,0,0,0,161,1794,-8688,7830,0,0,0,0,0
15,107,11.732,18,1216313,31,70,78,62146,0,0,0,0,0,161,1794,-8688,7830,0,0,0,0,0
15,107,11.791,19,1216369,31,70,78,62146,0,0,0,0,0,161,1794,-8688,7830,0,0,0,0,0
15,107,11.85,20,1216425,31,70,78,62146,0,0,0,0,0,161,1794,-8688,7830,0,0,0,0,0
15,107,11.902,21,1216481,31,70,78,62146,0,0,0,0,0,161,1794,-8688,7830,0,0,0,0,0
15,107,11.958,22,1216537,31,70,78,62146,0,0,0,0,0,161,1794,-8688,7830,0,0,0,0,0
15,107,12.014,23,1216593,31,70,78,62146,0,0,0,0,0,161,1794,-8688,7830,0,0,0,0,0
15,107,12.124,25,1216705,31,70,78,62146,0,0,0,0,0,161,1794,-8688,7830,0,0,0,0,0
15,107,12.186,26,1216761,31,70,78,62146,0,0,0,0,0,161,1794,-8688,7830,0,0,0,0,0
15,107,12.239,27,1216817,31,70,78,62146,0,0,0,0,0,161,1794,-8688,7830,0,0,0,0,0
15,107,12.295,28,1216873,31,70,78,62146,0,0,0,0,0,161,1794,-8688,7830,0,0,0,0,0
15,107,12.35,29,1216929,31,70,78,62146,0,0,0,0,0,161,1794,-8688,7830,0,0,0,0,0
15,107,12.404,30,1216985,31,70,78,62146,0,0,0,0,0,161,1794,-8688,7830,0,0,0,0,0
15,107,12.469,31,1217041,31,70,78,62146,0,0,0,0,0,161,1794,-8688,7830,0,0,0,0,0
15,107,12.512,32,1217093,31,70,78,62146,0,0,0,0,0,161,1794,-8688,7830,0,0,0,0,0
15,107,12.569,33,1217149,31,70,78,62146,0,0,0,0,0,161,1794,-8688,7830,0,0,0,0,0
15,107,12.625,34,1217205,31,70,78,62146,0,0,0,0,0,161,1794,-8688,7830,0,0,0,0,0
15,107,12.681,35,1217261,31,70,78,62146,0,0,0,0,0,161,1794,-8688,7830,0,0,0,0,0
15,107,12.793,37,1217373,31,70,78,62146,0,0,0,0,0,161,1794,-8688,7830,0,0,0,0,0
15,107,12.85,38,1217429,31,70,78,62146,0,0,0,0,0,161,1794,-8688,7830,0,0,0,0,0
15,107,12.906,39,1217485,31,70,78,62146,0,0,0,0,0,161,1794,-8688,7830,0,0,0,0,0
15,107,12.961,40,1217541,31,70,78,62146,0,0,0,0,0,161,1794,-8688,7830,0,0,0,0,0
15,107,13.018,41,1217597,31,70,78,62146,0,0,0,0,0,161,1794,-8688,7830,0,0,0,0,0
15,107,13.074,42,1217653,31,70,78,62146,0,0,0,0,0,161,1794,-8688,7830,0,0,0,0,0
15,107,13.13,43,1217709,31,70,78,62146,0,0,0,0,0,161,1794,-8688,7830,0,0,0,0,0
15,107,13.184,44,1217765,31,70,78,62146,0,0,0,0,0,161,1794,-8688,7830,0,0,0,0,0
15,107,13.241,45,1217821,31,70,78,62146,0,0,0,0,0,161,1794,-8688,7830,0,0,0,0,0
15,107,13.354,47,1217933,31,70,78,62146,0,0,0,0,0,161,1794,-8688,7830,0,0,0,0,0
15,107,13.408,48,1217989,31,70,78,62146,0,0,0,0,0,161,1794,-8688,7830,0,0,0,0,0
15,107,13.465,49,1218045,31,70,78,62146,0,0,0,0,0,161,1794,-8688,7830,0,0,0,0,0
15,107,13.529,50,1218101,31,70,78,62146,0,0,0,0,0,161,1794,-8688,7830,0,0,0,0,0
15,107,13.573,51,1218153,31,70,78,62146,0,0,0,0,0,161,1794,-8688,7830,0,0,0,0,0
15,107,13.629,52,1218209,31,70,78,62146,0,0,0,0,0,161,1794,-8688,7830,0,0,0,0,0
15,107,13.685,53,1218265,31,70,78,62146,0,0,0,0,0,161,1794,-8688,7830,0,0,0,0,0
15,107,13.741,54,1218321,31,70,78,62146,0,0,0,0,0,161,1794,-8688,7830,0,0,0,0,0
15,107,13.798,55,1218377,31,70,78,62146,0,0,0,0,0,161,1794,-8688,7830,0,0,0,0,0
15,107,13.853,56,1218433,31,70,78,62146,0,0,0,0,0,161,1794,-8688,7830,0,0,0,0,0
15,107,13.923,57,1218489,31,70,78,62146,0,0,0,0,0,161,1794,-8688,7830,0,0,0,0,0
15,107,14.076,60,1218657,31,70,78,62146,0,0,0,0,0,161,1794,-8688,7830,0,0,0,0,0
15,107,14.134,61,1218713,31,70,78,62146,0,0,0,0,0,161,1794,-8688,7830,0,0,0,0,0
15,107,14.19,62,1218769,31,70,78,62146,0,0,0,0,0,161,1794,-8688,7830,0,0,0,0,0
15,107,14.247,63,1218825,31,70,78,62146,0,0,0,0,0,161,1794,-8688,7830,0,0,0,0,0
15,107,14.301,64,1218881,31,70,78,62146,0,0,0,0,0,161,1794,-8688,7830,0,0,0,0,0
15,107,14.359,65,1218937,31,70,78,62146,0,0,0,0,0,161,1794,-8688,7830,0,0,0,0,0
15,107,14.413,66,1218993,31,70,78,62146,0,0,0,0,0,161,1794,-8688,7830,0,0,0,0,0
15,107,14.469,67,1219049,31,70,78,62146,0,0,0,0,0,161,1794,-8688,7830,0,0,0,0,0
15,107,14.526,68,1219105,31,70,78,62146,0,0,0,0,0,161,1794,-8688,7830,0,0,0,0,0
15,107,14.689,71,1219269,31,70,78,62146,0,0,0,0,0,161,1794,-8688,7830,0,0,0,0,0
15,107,14.747,72,1219325,31,70,78,62146,0,0,0,0,0,161,1794,-8688,7830,0,0,0,0,0
15,107,14.802,73,1219381,31,70,78,62146,0,0,0,0,0,161,1794,-8688,7830,0,0,0,0,0
15,107,14.859,74,1219437,31,70,78,62146,0,0,0,0,0,161,1794,-8688,7830,0,0,0,0,0
15,107,14.917,75,1219493,31,70,78,62146,0,0,0,0,0,161,1794,-8688,7830,0,0,0,0,0
15,107,14.97,76,1219549,31,70,78,62146,0,0,0,0,0,161,1794,-8688,7830,0,0,0,0,0
15,107,15.024,77,1219605,31,70,78,62146,0,0,0,0,0,161,1794,-8688,7830,0,0,0,0,0
15,107,15.082,78,1219661,31,70,78,62146,0,0,0,0,0,161,1794,-8688,7830,0,0,0,0,0
15,107,15.139,79,1219717,31,70,78,62146,0,0,0,0,0,161,1794,-8688,7830,0,0,0,0,0
15,107,15.249,81,1219829,31,70,78,62146,0,0,0,0,0,161,1794,-8688,7830,0,0,0,0,0
15,107,15.307,82,1219885,31,70,78,62146,0,0,0,0,0,161,1794,-8688,7830,0,0,0,0,0
15,107,15.367,83,1219941,31,70,78,62146,0,0,0,0,0,161,1794,-8688,7830,0,0,0,0,0
15,107,15.42,84,1219997,31,70,78,62146,0,0,0,0,0,161,1794,-8688,7830,0,0,0,0,0
15,107,15.473,85,1220053,31,70,78,62146,0,0,0,0,0,161,1794,-8688,7830,0,0,0,0,0
15,107,15.529,86,1220109,31,70,78,62146,0,0,0,0,0,161,1794,-8688,7830,0,0,0,0,0
16,-107,-0.03,98,1235061,31,70,78,62146,0,0,0,0,0,161,1794,-8688,7830,0,0,0,0,0
16,-107,0.014,99,1235113,31,70,78,62146,0,0,0,0,0,161,1794,-8688,7830,0,0,0,0,0
16,-107,0.066,100,1235165,31,70,78,62146,0,0,0,0,0,161,1795,-8688,7830,800,-800,0,0,0
16,-107,0.213,102,1235309,31,70,79,61958,0,0,0,4,-56,166,1801,-8680,7788,1500,-1400,0,0,0
16,-107,0.283,103,1235381,31,70,80,61717,0,0,0,10,-56,166,1804,-8666,7738,1800,-1800,0,0,0
16,-107,0.356,104,1235453,31,71,83,61299,0,0,0,30,-102,166,1807,-8638,7655,2200,-2200,0,0,0
16,-107,0.429,105,1235525,31,72,84,60664,0,0,0,82,-118,166,1810,-8580,7544,2600,-2600,0,0,0
16,-107,0.5,106,1235597,31,73,86,59768,0,0,0,118,-164,166,1813,-8486,7400,2800,-2800,0,0,0
16,-107,0.572,107,1235669,31,74,88,58669,0,0,0,144,-181,166,1816,-8361,7233,2800,-2900,0,0,0
16,-107,0.645,108,1235741,31,75,89,57484,0,0,0,148,-210,166,1819,-8227,7052,2800,-2800,0,0,0
16,-107,0.716,109,1235813,31,76,89,56284,0,0,0,148,-216,166,1822,-8088,6872,2700,-2700,0,0,0
16,-107,0.792,110,1235885,31,78,90,55102,0,0,0,148,-210,166,1825,-7955,6691,2700,-2800,0,0,0
16,-107,0.86,111,1235957,31,80,90,53932,0,0,0,144,-210,166,1828,-7822,6513,2600,-2700,0,0,0
16,-107,0.932,112,1236029,31,82,90,52750,0,0,0,128,-200,166,1831,-7694,6327,2700,-2500,0,0,0
16,-107,1.003,113,1236101,31,84,89,51644,0,0,0,128,-184,166,1834,-7572,6155,1500,-1100,0,0,0
16,-107,1.131,114,1236230,31,85,89,50805,0,0,0,0,0,166,1842,-7477,6027,0,0,0,0,0
16,-107,1.183,115,1236281,31,85,89,50805,0,0,0,0,0,166,1844,-7477,6027,0,0,0,0,0
16,-107,1.278,116,1236353,31,85,89,50805,0,0,0,0,0,166,1847,-7477,6027,0,0,0,0,0
16,-107,1.335,117,1236425,31,85,89,50805,0,0,0,0,0,166,1850,-7477,6027,0,0,0,0,0
16,-107,1.399,118,1236497,31,85,89,50805,0,0,0,0,0,166,1853,-7477,6027,0,0,0,0,0
16,-107,1.542,120,1236641,31,85,89,50805,0,0,0,0,0,166,1859,-7477,6027,0,0,0,0,0
16,-107,1.614,121,1236713,31,85,89,50805,0,0,0,0,0,166,1862,-7477,6027,0,0,0,0,0
16,-107,1.671,122,1236769,31,85,89,50805,0,0,0,0,0,166,1863,-7477,6027,0,0,0,0,0
16,-107,1.783,124,1236881,31,85,89,50805,0,0,0,0,0,166,1863,-7477,6027,0,0,0,0,0
16,-107,1.839,125,1236937,31,85,89,50805,0,0,0,0,0,166,1863,-7477,6027,0,0,0,0,0
16,-107,1.895,126,1236993,31,85,89,50805,0,0,0,0,0,166,1863,-7477,6027,0,0,0,0,0
16,-107,1.951,127,1237049,31,85,89,50805,0,0,0,0,0,166,1863,-7477,6027,0,0,0,0,0
16,-107,2.006,0,1237105,31,85,89,50805,0,0,0,0,0,166,1863,-7477,6027,0,0,0,0,0
16,-107,2.062,1,1237161,31,85,89,50805,0,0,0,0,0,166,1863,-7477,6027,0,0,0,0,0
16,-107,2.119,2,1237217,31,85,89,50805,0,0,0,0,0,166,1863,-7477,6027,0,0,0,0,0
16,-107,2.174,3,1237273,31,85,89,50805,0,0,0,0,0,166,1863,-7477,6027,0,0,0,0,0
16,-107,2.23,4,1237329,31,85,89,50805,0,0,0,0,0,166,1863,-7477,6027,0,0,0,0,0
16,-107,2.342,6,1237441,31,85,89,50805,0,0,0,0,0,166,1863,-7477,6027,0,0,0,0,0
16,-107,2.397,7,1237497,31,85,89,50805,0,0,0,0,0,166,1863,-7477,6027,0,0,0,0,0
16,-107,2.462,8,1237553,31,85,89,50805,0,0,0,0,0,166,1863,-7477,6027,0,0,0,0,0
16,-107,2.506,9,1237605,31,85,89,50805,0,0,0,0,0,166,1863,-7477,6027,0,0,0,0,0
16,-107,2.562,10,1237661,31,85,89,50805,0,0,0,0,0,166,1863,-7477,6027,0,0,0,0,0
16,-107,2.62,11,1237717,31,85,89,50805,0,0,0,0,0,166,1863,-7477,6027,0,0,0,0,0
16,-107,2.678,12,1237773,31,85,89,50805,0,0,0,0,0,166,1863,-7477,6027,0,0,0,0,0
16,-107,2.731,13,1237829,31,85,89,50805,0,0,0,0,0,166,1863,-7477,6027,0,0,0,0,0
16,-107,2.787,14,1237885,31,85,89,50805,0,0,0,0,0,166,1863,-7477,6027,0,0,0,0,0
16,-107,2.842,15,1237941,31,85,89,50805,0,0,0,0,0,166,1863,-7477,6027,0,0,0,0,0
16,-107,2.899,16,1237997,31,85,89,50805,0,0,0,0,0,166,1863,-7477,6027,0,0,0,0,0
16,-107,3.012,18,1238109,31,85,89,50805,0,0,0,0,0,166,1863,-7477,6027,0,0,0,0,0
16,-107,3.066,19,1238165,31,85,89,50805,0,0,0,0,0,166,1863,-7477,6027,0,0,0,0,0
16,-107,3.123,20,1238221,31,85,89,50805,0,0,0,0,0,166,1863,-7477,6027,0,0,0,0,0
16,-107,3.178,21,1238277,31,85,89,50805,0,0,0,0,0,166,1863,-7477,6027,0,0,0,0,0
16,-107,3.235,22,1238333,31,85,89,50805,0,0,0,0,0,166,1863,-7477,6027,0,0,0,0,0
16,-107,3.29,23,1238389,31,85,89,50805,0,0,0,0,0,166,1863,-7477,6027,0,0,0,0,0
16,-107,3.347,24,1238445,31,85,89,50805,0,0,0,0,0,166,1863,-7477,6027,0,0,0,0,0
16,-107,3.402,25,1238501,31,85,89,50805,0,0,0,0,0,166,1863,-7477,6027,0,0,0,0,0
16,-107,3.458,26,1238557,31,85,89,50805,0,0,0,0,0,166,1863,-7477,6027,0,0,0,0,0
16,-107,3.623,29,1238721,31,85,89,50805,0,0,0,0,0,166,1863,-7477,6027,0,0,0,0,0
16,-107,3.678,30,1238777,31,85,89,50805,0,0,0,0,0,166,1863,-7477,6027,0,0,0,0,0
16,-107,3.735,31,1238833,31,85,89,50805,0,0,0,0,0,166,1863,-7477,6027,0,0,0,0,0
16,-107,3.79,32,1238889,31,85,89,50805,0,0,0,0,0,166,1863,-7477,6027,0,0,0,0,0
16,-107,3.847,33,1238945,31,85,89,50805,0,0,0,0,0,166,1863,-7477,6027,0,0,0,0,0
16,-107,3.903,34,1239001,31,85,89,50805,0,0,0,0,0,166,1863,-7477,6027,0,0,0,0,0
16,-107,3.959,35,1239057,31,85,89,50805,0,0,0,0,0,166,1863,-7477,6027,0,0,0,0,0
16,-107,4.015,36,1239113,31,85,89,50805,0,0,0,0,0,166,1863,-7477,6027,0,0,0,0,0
16,-107,4.072,37,1239169,31,85,89,50805,0,0,0,0,0,166,1863,-7477,6027,0,0,0,0,0
16,-107,4.127,38,1239225,31,85,89,50805,0,0,0,0,0,166,1863,-7477,6027,0,0,0,0,0
16,-107,4.238,40,1239337,31,85,89,50805,0,0,0,0,0,166,1863,-7477,6027,0,0,0,0,0
16,-107,4.294,41,1239393,31,85,89,50805,0,0,0,0,0,166,1863,-7477,6027,0,0,0,0,0
16,-107,4.35,42,1239449,31,85,89,50805,0,0,0,0,0,166,1863,-7477,6027,0,0,0,0,0
16,-107,4.407,43,1239505,31,85,89,50805,0,0,0,0,0,166,1863,-7477,6027,0,0,0,0,0
16,-107,4.462,44,1239561,31,85,89,50805,0,0,0,0,0,166,1863,-7477,6027,0,0,0,0,0
16,-107,4.518,45,1239617,31,85,89,50805,0,0,0,0,0,166,1863,-7477,6027,0,0,0,0,0
16,-107,4.585,46,1239673,31,85,89,50805,0,0,0,0,0,166,1863,-7477,6027,0,0,0,0,0
16,-107,4.626,47,1239725,31,85,89,50805,0,0,0,0,0,166,1863,-7477,6027,0,0,0,0,0
16,-107,4.683,48,1239781,31,85,89,50805,0,0,0,0,0,166,1863,-7477,6027,0,0,0,0,0
16,-107,4.739,49,1239837,31,85,89,50805,0,0,0,0,0,166,1863,-7477,6027,0,0,0,0,0
16,-107,4.794,50,1239893,31,85,89,50805,0,0,0,0,0,166,1863,-7477,6027,0,0,0,0,0
16,-107,4.85,51,1239949,31,85,89,50805,0,0,0,0,0,166,1863,-7477,6027,0,0,0,0,0
16,-107,4.906,52,1240005,31,85,89,50805,0,0,0,0,0,166,1863,-7477,6027,0,0,0,0,0
16,-107,4.965,53,1240061,31,85,89,50805,0,0,0,0,0,166,1863,-7477,6027,0,0,0,0,0
16,-107,5.019,54,1240117,31,85,89,50805,0,0,0,0,0,166,1863,-7477,6027,0,0,0,0,0
16,-107,5.074,55,1240173,31,85,89,50805,0,0,0,0,0,166,1863,-7477,6027,0,0,0,0,0
16,-107,5.13,56,1240229,31,85,89,50805,0,0,0,0,0,166,1863,-7477,6027,0,0,0,0,0
16,-107,5.186,57,1240285,31,85,89,50805,0,0,0,0,0,166,1863,-7477,6027,0,0,0,0,0
16,-107,5.242,58,1240341,31,85,89,50805,0,0,0,0,0,166,1863,-7477,6027,0,0,0,0,0
16,-107,5.298,59,1240397,31,85,89,50805,0,0,0,0,0,166,1863,-7477,6027,0,0,0,0,0
16,-107,5.355,60,1240453,31,85,89,50805,0,0,0,0,0,166,1863,-7477,6027,0,0,0,0,0
16,-107,5.467,62,1240565,31,85,89,50805,0,0,0,0,0,166,1863,-7477,6027,0,0,0,0,0
16,-107,5.522,63,1240621,31,85,89,50805,0,0,0,0,0,166,1863,-7477,6027,0,0,0,0,0
16,-107,5.579,64,1240677,31,85,89,50805,0,0,0,0,0,166,1863,-7477,6027,0,0,0,0,0
16,-107,5.642,65,1240733,31,85,89,50805,0,0,0,0,0,166,1863,-7477,6027,0,0,0,0,0
16,-107,5.686,66,1240785,31,85,89,50805,0,0,0,0,0,166,1863,-7477,6027,0,0,0,0,0
16,-107,5.743,67,1240841,31,85,89,50805,0,0,0,0,0,166,1863,-7477,6027,0,0,0,0,0
16,-107,5.799,68,1240897,31,85,89,50805,0,0,0,0,0,166,1863,-7477,6027,0,0,0,0,0
16,-107,5.855,69,1240953,31,85,89,50805,0,0,0,0,0,166,1863,-7477,6027,0,0,0,0,0
16,-107,5.911,70,1241009,31,85,89,50805,0,0,0,0,0,166,1863,-7477,6027,0,0,0,0,0
16,-107,5.966,71,1241065,31,85,89,50805,0,0,0,0,0,166,1863,-7477,6027,0,0,0,0,0
16,-107,6.023,72,1241121,31,85,89,50805,0,0,0,0,0,166,1863,-7477,6027,0,0,0,0,0
16,-107,6.134,74,1241233,31,85,89,50805,0,0,0,0,0,166,1863,-7477,6027,0,0,0,0,0
16,-107,6.191,75,1241289,31,85,89,50805,0,0,0,0,0,166,1863,-7477,6027,0,0,0,0,0
16,-107,6.246,76,1241345,31,85,89,50805,0,0,0,0,0,166,1863,-7477,6027,0,0,0,0,0
16,-107,6.302,77,1241401,31,85,89,50805,0,0,0,0,0,166,1863,-7477,6027,0,0,0,0,0
16,-107,6.359,78,1241457,31,85,89,50805,0,0,0,0,0,166,1863,-7477,6027,0,0,0,0,0
16,-107,6.415,79,1241513,31,85,89,50805,0,0,0,0,0,166,1863,-7477,6027,0,0,0,0,0
16,-107,6.47,80,1241569,31,85,89,50805,0,0,0,0,0,166,1863,-7477,6027,0,0,0,0,0
16,-107,6.527,81,1241625,31,85,89,50805,0,0,0,0,0,166,1863,-7477,6027,0,0,0,0,0
16,-107,6.592,82,1241681,31,85,89,50805,0,0,0,0,0,166,1863,-7477,6027,0,0,0,0,0
16,-107,6.702,84,1241793,31,85,89,50805,0,0,0,0,0,166,1863,-7477,6027,0,0,0,0,0
16,-107,6.746,85,1241845,31,85,89,50805,0,0,0,0,0,166,1863,-7477,6027,0,0,0,0,0
16,-107,6.802,86,1241901,31,85,89,50805,0,0,0,0,0,166,1863,-7477,6027,0,0,0,0,0
16,-107,6.858,87,1241957,31,85,89,50805,0,0,0,0,0,166,1863,-7477,6027,0,0,0,0,0
16,-107,6.915,88,1242013,31,85,89,50805,0,0,0,0,0,166,1863,-7477,6027,0,0,0,0,0
16,-107,6.971,89,1242069,31,85,89,50805,0,0,0,0,0,166,1863,-7477,6027,0,0,0,0,0
16,-107,7.027,90,1242125,31,85,89,50805,0,0,0,0,0,166,1863,-7477,6027,0,0,0,0,0
16,-107,7.082,91,1242181,31,85,89,50805,0,0,0,0,0,166,1863,-7477,6027,0,0,0,0,0
16,-107,7.138,92,1242237,31,85,89,50805,0,0,0,0,0,166,1863,-7477,6027,0,0,0,0,0
16,-107,7.194,93,1242293,31,85,89,50805,0,0,0,0,0,166,1863,-7477,6027,0,0,0,0,0
16,-107,7.25,94,1242349,31,85,89,50805,0,0,0,0,0,166,1863,-7477,6027,0,0,0,0,0
16,-107,7.362,96,1242461,31,85,89,50805,0,0,0,0,0,166,1863,-7477,6027,0,0,0,0,0
16,-107,7.419,97,1242517,31,85,89,50805,0,0,0,0,0,166,1863,-7477,6027,0,0,0,0,0
16,-107,7.476,98,1242573,31,85,89,50805,0,0,0,0,0,166,1863,-7477,6027,0,0,0,0,0
16,-107,7.531,99,1242629,31,85,89,50805,0,0,0,0,0,166,1863,-7477,6027,0,0,0,0,0
16,-107,7.586,100,1242685,31,85,89,50805,0,0,0,0,0,166,1863,-7477,6027,0,0,0,0,0
16,-107,7.642,101,1242741,31,85,89,50805,0,0,0,0,0,166,1863,-7477,6027,0,0,0,0,0
16,-107,7.698,102,1242797,31,85,89,50805,0,0,0,0,0,166,1863,-7477,6027,0,0,0,0,0
16,-107,7.763,103,1242853,31,85,89,50805,0,0,0,0,0,166,1863,-7477,6027,0,0,0,0,0
16,-107,7.806,104,1242905,31,85,89,50805,0,0,0,0,0,166,1863,-7477,6027,0,0,0,0,0
16,-107,7.862,105,1242961,31,85,89,50805,0,0,0,0,0,166,1863,-7477,6027,0,0,0,0,0
16,-107,8.03,108,1243129,31,85,89,50805,0,0,0,0,0,166,1863,-7477,6027,0,0,0,0,0
16,-107,8.086,109,1243185,31,85,89,50805,0,0,0,0,0,166,1863,-7477,6027,0,0,0,0,0
16,-107,8.143,110,1243241,31,85,89,50805,0,0,0,0,0,166,1863,-7477,6027,0,0,0,0,0
16,-107,8.198,111,1243297,31,85,89,50805,0,0,0,0,0,166,1863,-7477,6027,0,0,0,0,0
16,-107,8.256,112,1243353,31,85,89,50805,0,0,0,0,0,166,1863,-7477,6027,0,0,0,0,0
16,-107,8.311,113,1243409,31,85,89,50805,0,0,0,0,0,166,1863,-7477,6027,0,0,0,0,0
16,-107,8.366,114,1243465,31,85,89,50805,0,0,0,0,0,166,1863,-7477,6027,0,0,0,0,0
16,-107,8.423,115,1243521,31,85,89,50805,0,0,0,0,0,166,1863,-7477,6027,0,0,0,0,0
16,-107,8.479,116,1243577,31,85,89,50805,0,0,0,0,0,166,1863,-7477,6027,0,0,0,0,0
16,-107,8.646,119,1243745,31,85,89,50805,0,0,0,0,0,166,1863,-7477,6027,0,0,0,0,0
16,-107,8.702,120,1243801,31,85,89,50805,0,0,0,0,0,166,1863,-7477,6027,0,0,0,0,0
16,-107,8.758,121,1243857,31,85,89,50805,0,0,0,0,0,166,1863,-7477,6027,0,0,0,0,0
16,-107,8.822,122,1243913,31,85,89,50805,0,0,0,0,0,166,1863,-7477,6027,0,0,0,0,0
16,-107,8.866,123,1243965,31,85,89,50805,0,0,0,0,0,166,1863,-7477,6027,0,0,0,0,0
16,-107,8.923,124,1244021,31,85,89,50805,0,0,0,0,0,166,1863,-7477,6027,0,0,0,0,0
16,-107,8.978,125,1244077,31,85,89,50805,0,0,0,0,0,166,1863,-7477,6027,0,0,0,0,0
16,-107,9.034,126,1244133,31,85,89,50805,0,0,0,0,0,166,1863,-7477,6027,0,0,0,0,0
16,-107,9.09,127,1244189,31,85,89,50805,0,0,0,0,0,166,1863,-7477,6027,0,0,0,0,0
16,-107,9.146,0,1244245,31,85,89,50805,0,0,0,0,0,166,1863,-7477,6027,0,0,0,0,0
16,-107,9.261,2,1244357,31,85,89,50805,0,0,0,0,0,166,1863,-7477,6027,0,0,0,0,0
16,-107,9.314,3,1244413,31,85,89,50805,0,0,0,0,0,166,1863,-7477,6027,0,0,0,0,0
16,-107,9.371,4,1244469,31,85,89,50805,0,0,0,0,0,166,1863,-7477,6027,0,0,0,0,0
17,180,-0.011,55,1254451,31,85,89,50805,0,0,0,0,0,166,1863,-7477,6027,0,0,0,0,0
17,180,0.033,56,1254501,31,85,89,50805,0,0,0,0,0,166,1863,-7477,6027,0,0,0,0,0
17,180,0.082,57,1254553,31,85,89,50805,0,0,0,0,0,166,1863,-7477,6027,0,0,0,0,0
17,180,0.139,58,1254609,31,85,89,50805,0,0,0,0,0,166,1863,-7477,6027,0,0,0,0,0
17,180,0.194,59,1254665,31,85,89,50805,0,0,0,0,0,166,1863,-7477,6027,0,0,0,0,0
17,180,0.25,60,1254721,31,85,89,50805,0,0,0,0,0,166,1863,-7477,6027,0,0,0,0,0
17,180,0.308,61,1254777,31,85,89,50805,0,0,0,0,0,166,1863,-7477,6027,0,0,0,0,0
17,180,0.419,63,1254889,31,85,89,50805,0,0,0,0,0,166,1863,-7477,6027,0,0,0,0,0
17,180,0.474,64,1254945,31,85,89,50805,0,0,0,0,0,166,1863,-7477,6027,0,0,0,0,0
17,180,0.586,66,1255057,31,85,89,50805,0,0,0,0,0,166,1863,-7477,6027,0,0,0,0,0
17,180,0.643,67,1255113,31,85,89,50805,0,0,0,0,0,166,1863,-7477,6027,0,0,0,0,0
17,180,0.698,68,1255169,31,85,89,50805,0,0,0,0,0,166,1863,-7477,6027,0,0,0,0,0
17,180,0.755,69,1255225,31,85,89,50805,0,0,0,0,0,166,1863,-7477,6027,0,0,0,0,0
17,180,0.811,70,1255281,31,85,89,50805,0,0,0,0,0,166,1863,-7477,6027,0,0,0,0,0
17,180,0.865,71,1255337,31,85,89,50805,0,0,0,0,0,166,1863,-7477,6027,0,0,0,0,0
17,180,0.922,72,1255393,31,85,89,50805,0,0,0,0,0,166,1863,-7477,6027,0,0,0,0,0
17,180,0.978,73,1255449,31,85,89,50805,0,0,0,0,0,166,1863,-7477,6027,0,0,0,0,0
17,180,1.034,74,1255505,31,85,89,50805,0,0,0,0,0,166,1863,-7477,6027,0,0,0,0,0
17,180,1.198,77,1255669,31,85,89,50805,0,0,0,0,0,166,1863,-7477,6027,0,0,0,0,0
17,180,1.254,78,1255725,31,85,89,50805,0,0,0,0,0,166,1863,-7477,6027,0,0,0,0,0
17,180,1.311,79,1255781,31,85,89,50805,0,0,0,0,0,166,1863,-7477,6027,0,0,0,0,0
17,180,1.366,80,1255837,31,85,89,50805,0,0,0,0,0,166,1863,-7477,6027,0,0,0,0,0
17,180,1.425,81,1255893,31,85,89,50805,0,0,0,0,0,166,1863,-7477,6027,0,0,0,0,0
17,180,1.477,82,1255949,31,85,89,50805,0,0,0,0,0,166,1863,-7477,6027,0,0,0,0,0
17,180,1.535,83,1256005,31,85,89,50805,0,0,0,0,0,166,1863,-7477,6027,0,0,0,0,0
17,180,1.59,84,1256061,31,85,89,50805,0,0,0,0,0,166,1863,-7477,6027,0,0,0,0,0
17,180,1.646,85,1256117,31,85,89,50805,0,0,0,0,0,166,1863,-7477,6027,0,0,0,0,0
17,180,1.702,86,1256173,31,85,89,50805,0,0,0,0,0,166,1863,-7477,6027,0,0,0,0,0
17,180,1.814,88,1256285,31,85,89,50805,0,0,0,0,0,166,1863,-7477,6027,0,0,0,0,0
17,180,1.869,89,1256341,31,85,89,50805,0,0,0,0,0,166,1863,-7477,6027,0,0,0,0,0
17,180,1.926,90,1256397,31,85,89,50805,0,0,0,0,0,166,1863,-7477,6027,0,0,0,0,0
17,180,1.982,91,1256453,31,85,89,50805,0,0,0,0,0,166,1863,-7477,6027,0,0,0,0,0
17,180,2.038,92,1256509,31,85,89,50805,0,0,0,0,0,166,1863,-7477,6027,0,0,0,0,0
17,180,2.094,93,1256565,31,85,89,50805,0,0,0,0,0,166,1863,-7477,6027,0,0,0,0,0
17,180,2.159,94,1256621,31,85,89,50805,0,0,0,0,0,166,1863,-7477,6027,0,0,0,0,0
17,180,2.203,95,1256673,31,85,89,50805,0,0,0,0,0,166,1863,-7477,6027,0,0,0,0,0
17,180,2.257,96,1256729,31,85,89,50805,0,0,0,0,0,166,1863,-7477,6027,0,0,0,0,0
17,180,2.314,97,1256785,31,85,89,50805,0,0,0,0,0,166,1863,-7477,6027,0,0,0,0,0
17,180,2.37,98,1256841,31,85,89,50805,0,0,0,0,0,166,1863,-7477,6027,0,0,0,0,0
17,180,2.426,99,1256897,31,85,89,50805,0,0,0,0,0,166,1863,-7477,6027,0,0,0,0,0
17,180,2.482,100,1256953,31,85,89,50805,0,0,0,0,0,166,1863,-7477,6027,0,0,0,0,0
17,180,2.538,101,1257009,31,85,89,50805,0,0,0,0,0,166,1863,-7477,6027,0,0,0,0,0
17,180,2.593,102,1257065,31,85,89,50805,0,0,0,0,0,166,1863,-7477,6027,0,0,0,0,0
17,180,2.65,103,1257121,31,85,89,50805,0,0,0,0,0,166,1863,-7477,6027,0,0,0,0,0
17,180,2.706,104,1257177,31,85,89,50805,0,0,0,0,0,166,1863,-7477,6027,0,0,0,0,0
17,180,2.763,105,1257233,31,85,89,50805,0,0,0,0,0,166,1863,-7477,6027,0,0,0,0,0
17,180,2.819,106,1257289,31,85,89,50805,0,0,0,0,0,166,1863,-7477,6027,0,0,0,0,0
17,180,2.875,107,1257345,31,85,89,50805,0,0,0,0,0,166,1863,-7477,6027,0,0,0,0,0
17,180,2.932,108,1257401,31,85,89,50805,0,0,0,0,0,166,1863,-7477,6027,0,0,0,0,0
17,180,3.043,110,1257513,31,85,89,50805,0,0,0,0,0,166,1863,-7477,6027,0,0,0,0,0
17,180,3.097,111,1257565,31,85,89,50805,0,0,0,0,0,166,1864,-7477,6027,-800,800,0,0,0
17,180,3.167,112,1257637,31,85,89,50892,0,0,0,0,39,169,1867,-7477,6050,-1200,1100,0,0,0
17,180,3.247,113,1257709,31,83,90,51035,0,0,0,0,53,172,1870,-7477,6088,-1500,1400,0,0,0
17,180,3.31,114,1257781,71,81,91,51268,0,0,0,0,79,175,1873,-7477,6150,-1800,1700,0,0,0
17,180,3.383,115,1257853,71,78,92,51592,0,0,0,0,118,178,1876,-7477,6236,-2200,2200,0,0,0
17,180,3.442,116,1257903,31,76,93,51975,0,0,0,-52,135,178,1878,-7502,6313,-2400,2500,0,0,0
17,180,3.503,117,1257973,31,74,94,52833,0,0,0,-124,172,178,1881,-7588,6455,-2800,2900,0,0,0
17,180,3.575,118,1258045,31,73,94,53996,0,0,0,-174,184,178,1884,-7730,6622,-2800,2800,0,0,0
17,180,3.648,119,1258117,31,72,94,55260,0,0,0,-181,203,178,1887,-7888,6800,-2700,2800,0,0,0
17,180,3.719,120,1258189,31,72,94,56536,0,0,0,-174,184,178,1890,-8055,6972,-2700,2700,0,0,0
17,180,3.791,121,1258261,31,72,93,57800,0,0,0,-164,194,178,1893,-8216,7147,-2600,2600,0,0,0
17,180,3.863,122,1258333,31,72,94,59000,0,0,0,-171,164,178,1896,-8377,7305,-2500,2500,0,0,0
17,180,3.936,123,1258405,31,71,93,59941,0,0,0,-118,145,178,1899,-8494,7438,-2600,2500,0,0,0
17,180,4.007,124,1258477,31,71,92,60788,0,0,0,-108,154,178,1902,-8588,7569,-2600,2600,0,0,0
17,180,4.065,125,1258527,31,70,91,61427,0,0,0,-118,154,178,1904,-8661,7666,-2600,2700,0,0,0
17,180,4.128,126,1258597,31,70,89,62410,0,0,0,-118,184,178,1907,-8766,7822,-2600,2700,0,0,0
17,180,4.2,127,1258669,31,70,87,63704,0,0,0,-190,227,178,1910,-8919,8013,-2600,2600,0,0,0
17,180,4.415,2,1258885,31,71,85,67361,0,0,0,-164,164,178,1919,-9377,8527,-2500,1800,0,0,0
17,180,4.486,3,1258957,31,70,86,68449,0,0,0,-164,135,178,1922,-9527,8666,-1500,600,0,0,0
17,180,4.599,4,1259062,31,70,86,69164,0,0,0,0,0,178,1928,-9633,8750,0,0,0,0,0
17,180,4.645,5,1259117,31,70,86,69164,0,0,0,0,0,178,1930,-9633,8750,0,0,0,0,0
17,180,4.718,6,1259189,31,70,86,69164,0,0,0,0,0,178,1933,-9633,8750,0,0,0,0,0
17,180,4.79,7,1259261,31,70,86,69164,0,0,0,0,0,178,1936,-9633,8750,0,0,0,0,0
17,180,4.861,8,1259333,31,70,86,69164,0,0,0,0,0,178,1939,-9633,8750,0,0,0,0,0
17,180,5.007,10,1259477,31,70,86,69164,0,0,0,0,0,178,1945,-9633,8750,0,0,0,0,0
17,180,5.077,11,1259549,31,70,86,69164,0,0,0,0,0,178,1948,-9633,8750,0,0,0,0,0
17,180,5.15,12,1259621,31,70,86,69164,0,0,0,0,0,178,1951,-9633,8750,0,0,0,0,0
17,180,5.222,13,1259693,31,70,86,69164,0,0,0,0,0,178,1954,-9633,8750,0,0,0,0,0
17,180,5.294,14,1259765,31,70,86,69164,0,0,0,0,0,178,1957,-9633,8750,0,0,0,0,0
17,180,5.365,15,1259837,31,70,86,69164,0,0,0,0,0,178,1960,-9633,8750,0,0,0,0,0
17,180,5.437,16,1259909,31,70,86,69164,0,0,0,0,0,178,1963,-9633,8750,0,0,0,0,0
17,180,5.51,17,1259981,31,70,86,69164,0,0,0,0,0,178,1966,-9633,8750,0,0,0,0,0
17,180,5.582,18,1260053,31,70,86,69164,0,0,0,0,0,178,1969,-9633,8750,0,0,0,0,0
17,180,5.654,19,1260125,31,70,86,69164,0,0,0,0,0,178,1972,-9633,8750,0,0,0,0,0
17,180,5.726,20,1260197,31,70,86,69164,0,0,0,0,0,178,1975,-9633,8750,0,0,0,0,0
17,180,5.797,21,1260269,31,70,86,69164,0,0,0,0,0,178,1978,-9633,8750,0,0,0,0,0
17,180,5.871,22,1260341,31,70,86,69164,0,0,0,0,0,178,1981,-9633,8750,0,0,0,0,0
17,180,5.934,23,1260397,31,70,86,69164,0,0,0,0,0,178,1982,-9633,8750,0,0,0,0,0
17,180,5.978,24,1260449,31,70,86,69164,0,0,0,0,0,178,1982,-9633,8750,0,0,0,0,0
17,180,6.033,25,1260505,31,70,86,69164,0,0,0,0,0,178,1982,-9633,8750,0,0,0,0,0
17,180,6.091,26,1260561,31,70,86,69164,0,0,0,0,0,178,1982,-9633,8750,0,0,0,0,0
17,180,6.145,27,1260617,31,70,86,69164,0,0,0,0,0,178,1982,-9633,8750,0,0,0,0,0
17,180,6.201,28,1260673,31,70,86,69164,0,0,0,0,0,178,1982,-9633,8750,0,0,0,0,0
17,180,6.258,29,1260729,31,70,86,69164,0,0,0,0,0,178,1982,-9633,8750,0,0,0,0,0
17,180,6.374,31,1260841,31,70,86,69164,0,0,0,0,0,178,1982,-9633,8750,0,0,0,0,0
17,180,6.426,32,1260897,31,70,86,69164,0,0,0,0,0,178,1982,-9633,8750,0,0,0,0,0
17,180,6.481,33,1260953,31,70,86,69164,0,0,0,0,0,178,1982,-9633,8750,0,0,0,0,0
17,180,6.539,34,1261009,31,70,86,69164,0,0,0,0,0,178,1982,-9633,8750,0,0,0,0,0
17,180,6.596,35,1261065,31,70,86,69164,0,0,0,0,0,178,1982,-9633,8750,0,0,0,0,0
17,180,6.655,36,1261121,31,70,86,69164,0,0,0,0,0,178,1982,-9633,8750,0,0,0,0,0
17,180,6.708,37,1261177,31,70,86,69164,0,0,0,0,0,178,1982,-9633,8750,0,0,0,0,0
17,180,6.764,38,1261233,31,70,86,69164,0,0,0,0,0,178,1982,-9633,8750,0,0,0,0,0
17,180,6.818,39,1261289,31,70,86,69164,0,0,0,0,0,178,1982,-9633,8750,0,0,0,0,0
17,180,6.874,40,1261345,31,70,86,69164,0,0,0,0,0,178,1982,-9633,8750,0,0,0,0,0
17,180,6.995,42,1261457,31,70,86,69164,0,0,0,0,0,178,1982,-9633,8750,0,0,0,0,0
17,180,7.038,43,1261509,31,70,86,69164,0,0,0,0,0,178,1982,-9633,8750,0,0,0,0,0
17,180,7.094,44,1261565,31,70,86,69164,0,0,0,0,0,178,1982,-9633,8750,0,0,0,0,0
17,180,7.151,45,1261621,31,70,86,69164,0,0,0,0,0,178,1982,-9633,8750,0,0,0,0,0
17,180,7.207,46,1261677,31,70,86,69164,0,0,0,0,0,178,1982,-9633,8750,0,0,0,0,0
17,180,7.261,47,1261733,31,70,86,69164,0,0,0,0,0,178,1982,-9633,8750,0,0,0,0,0
17,180,7.318,48,1261789,31,70,86,69164,0,0,0,0,0,178,1982,-9633,8750,0,0,0,0,0
17,180,7.373,49,1261845,31,70,86,69164,0,0,0,0,0,178,1982,-9633,8750,0,0,0,0,0
17,180,7.43,50,1261901,31,70,86,69164,0,0,0,0,0,178,1982,-9633,8750,0,0,0,0,0
17,180,7.486,51,1261957,31,70,86,69164,0,0,0,0,0,178,1982,-9633,8750,0,0,0,0,0
17,180,7.599,53,1262069,31,70,86,69164,0,0,0,0,0,178,1982,-9633,8750,0,0,0,0,0
17,180,7.654,54,1262125,31,70,86,69164,0,0,0,0,0,178,1982,-9633,8750,0,0,0,0,0
17,180,7.709,55,1262181,31,70,86,69164,0,0,0,0,0,178,1982,-9633,8750,0,0,0,0,0
17,180,7.766,56,1262237,31,70,86,69164,0,0,0,0,0,178,1982,-9633,8750,0,0,0,0,0
17,180,7.822,57,1262293,31,70,86,69164,0,0,0,0,0,178,1982,-9633,8750,0,0,0,0,0
17,180,7.877,58,1262349,31,70,86,69164,0,0,0,0,0,178,1982,-9633,8750,0,0,0,0,0
17,180,7.934,59,1262405,31,70,86,69164,0,0,0,0,0,178,1982,-9633,8750,0,0,0,0,0
17,180,7.99,60,1262461,31,70,86,69164,0,0,0,0,0,178,1982,-9633,8750,0,0,0,0,0
17,180,8.053,61,1262517,31,70,86,69164,0,0,0,0,0,178,1982,-9633,8750,0,0,0,0,0
17,180,8.097,62,1262569,31,70,86,69164,0,0,0,0,0,178,1982,-9633,8750,0,0,0,0,0
17,180,8.153,63,1262625,31,70,86,69164,0,0,0,0,0,178,1982,-9633,8750,0,0,0,0,0
17,180,8.266,65,1262737,31,70,86,69164,0,0,0,0,0,178,1982,-9633,8750,0,0,0,0,0
17,180,8.321,66,1262793,31,70,86,69164,0,0,0,0,0,178,1982,-9633,8750,0,0,0,0,0
17,180,8.378,67,1262849,31,70,86,69164,0,0,0,0,0,178,1982,-9633,8750,0,0,0,0,0
17,180,8.434,68,1262905,31,70,86,69164,0,0,0,0,0,178,1982,-9633,8750,0,0,0,0,0
17,180,8.49,69,1262961,31,70,86,69164,0,0,0,0,0,178,1982,-9633,8750,0,0,0,0,0
17,180,8.546,70,1263017,31,70,86,69164,0,0,0,0,0,178,1982,-9633,8750,0,0,0,0,0
17,180,8.602,71,1263073,31,70,86,69164,0,0,0,0,0,178,1982,-9633,8750,0,0,0,0,0
17,180,8.657,72,1263129,31,70,86,69164,0,0,0,0,0,178,1982,-9633,8750,0,0,0,0,0
17,180,8.713,73,1263185,31,70,86,69164,0,0,0,0,0,178,1982,-9633,8750,0,0,0,0,0
17,180,8.769,74,1263241,31,70,86,69164,0,0,0,0,0,178,1982,-9633,8750,0,0,0,0,0
17,180,8.825,75,1263297,31,70,86,69164,0,0,0,0,0,178,1982,-9633,8750,0,0,0,0,0
17,180,8.882,76,1263353,31,70,86,69164,0,0,0,0,0,178,1982,-9633,8750,0,0,0,0,0
17,180,8.938,77,1263409,31,70,86,69164,0,0,0,0,0,178,1982,-9633,8750,0,0,0,0,0
17,180,8.998,78,1263465,31,70,86,69164,0,0,0,0,0,178,1982,-9633,8750,0,0,0,0,0
17,180,9.049,79,1263521,31,70,86,69164,0,0,0,0,0,178,1982,-9633,8750,0,0,0,0,0
17,180,9.114,80,1263577,31,70,86,69164,0,0,0,0,0,178,1982,-9633,8750,0,0,0,0,0
17,180,9.157,81,1263629,31,70,86,69164,0,0,0,0,0,178,1982,-9633,8750,0,0,0,0,0
17,180,9.224,82,1263685,31,70,86,69164,0,0,0,0,0,178,1982,-9633,8750,0,0,0,0,0
17,180,9.269,83,1263741,31,70,86,69164,0,0,0,0,0,178,1982,-9633,8750,0,0,0,0,0
17,180,9.33,84,1263797,31,70,86,69164,0,0,0,0,0,178,1982,-9633,8750,0,0,0,0,0
17,180,9.382,85,1263853,31,70,86,69164,0,0,0,0,0,178,1982,-9633,8750,0,0,0,0,0
17,180,9.494,87,1263965,31,70,86,69164,0,0,0,0,0,178,1982,-9633,8750,0,0,0,0,0
17,180,9.55,88,1264021,31,70,86,69164,0,0,0,0,0,178,1982,-9633,8750,0,0,0,0,0
17,180,9.605,89,1264077,31,70,86,69164,0,0,0,0,0,178,1982,-9633,8750,0,0,0,0,0
17,180,9.661,90,1264133,31,70,86,69164,0,0,0,0,0,178,1982,-9633,8750,0,0,0,0,0
17,180,9.718,91,1264189,31,70,86,69164,0,0,0,0,0,178,1982,-9633,8750,0,0,0,0,0
17,180,9.774,92,1264245,31,70,86,69164,0,0,0,0,0,178,1982,-9633,8750,0,0,0,0,0
17,180,9.829,93,1264301,31,70,86,69164,0,0,0,0,0,178,1982,-9633,8750,0,0,0,0,0
17,180,9.886,94,1264357,31,70,86,69164,0,0,0,0,0,178,1982,-9633,8750,0,0,0,0,0
17,180,9.941,95,1264413,31,70,86,69164,0,0,0,0,0,178,1982,-9633,8750,0,0,0,0,0
17,180,9.997,96,1264469,31,70,86,69164,0,0,0,0,0,178,1982,-9633,8750,0,0,0,0,0
17,180,10.109,98,1264581,31,70,86,69164,0,0,0,0,0,178,1982,-9633,8750,0,0,0,0,0
17,180,10.174,99,1264637,31,70,86,69164,0,0,0,0,0,178,1982,-9633,8750,0,0,0,0,0
17,180,10.218,100,1264689,31,70,86,69164,0,0,0,0,0,178,1982,-9633,8750,0,0,0,0,0
17,180,10.273,101,1264745,31,70,86,69164,0,0,0,0,0,178,1982,-9633,8750,0,0,0,0,0
17,180,10.33,102,1264801,31,70,86,69164,0,0,0,0,0,178,1982,-9633,8750,0,0,0,0,0
17,180,10.386,103,1264857,31,70,86,69164,0,0,0,0,0,178,1982,-9633,8750,0,0,0,0,0
17,180,10.441,104,1264913,31,70,86,69164,0,0,0,0,0,178,1982,-9633,8750,0,0,0,0,0
17,180,10.498,105,1264969,31,70,86,69164,0,0,0,0,0,178,1982,-9633,8750,0,0,0,0,0
17,180,10.553,106,1265025,31,70,86,69164,0,0,0,0,0,178,1982,-9633,8750,0,0,0,0,0
17,180,10.609,107,1265081,31,70,86,69164,0,0,0,0,0,178,1982,-9633,8750,0,0,0,0,0
17,180,10.721,109,1265193,31,70,86,69164,0,0,0,0,0,178,1982,-9633,8750,0,0,0,0,0
17,180,10.777,110,1265249,31,70,86,69164,0,0,0,0,0,178,1982,-9633,8750,0,0,0,0,0
17,180,10.833,111,1265305,31,70,86,69164,0,0,0,0,0,178,1982,-9633,8750,0,0,0,0,0
17,180,10.889,112,1265361,31,70,86,69164,0,0,0,0,0,178,1982,-9633,8750,0,0,0,0,0
17,180,10.946,113,1265417,31,70,86,69164,0,0,0,0,0,178,1982,-9633,8750,0,0,0,0,0
17,180,11.002,114,1265473,31,70,86,69164,0,0,0,0,0,178,1982,-9633,8750,0,0,0,0,0
17,180,11.057,115,1265529,31,70,86,69164,0,0,0,0,0,178,1982,-9633,8750,0,0,0,0,0
17,180,11.114,116,1265585,31,70,86,69164,0,0,0,0,0,178,1982,-9633,8750,0,0,0,0,0
17,180,11.169,117,1265641,31,70,86,69164,0,0,0,0,0,178,1982,-9633,8750,0,0,0,0,0
17,180,11.233,118,1265697,31,70,86,69164,0,0,0,0,0,178,1982,-9633,8750,0,0,0,0,0
17,180,11.277,119,1265749,31,70,86,69164,0,0,0,0,0,178,1982,-9633,8750,0,0,0,0,0
17,180,11.39,121,1265861,31,70,86,69164,0,0,0,0,0,178,1982,-9633,8750,0,0,0,0,0
17,180,11.447,122,1265917,31,70,86,69164,0,0,0,0,0,178,1982,-9633,8750,0,0,0,0,0
17,180,11.501,123,1265973,31,70,86,69164,0,0,0,0,0,178,1982,-9633,8750,0,0,0,0,0
17,180,11.557,124,1266029,31,70,86,69164,0,0,0,0,0,178,1982,-9633,8750,0,0,0,0,0
17,180,11.614,125,1266085,31,70,86,69164,0,0,0,0,0,178,1982,-9633,8750,0,0,0,0,0
17,180,11.67,126,1266141,31,70,86,69164,0,0,0,0,0,178,1982,-9633,8750,0,0,0,0,0
17,180,11.73,127,1266197,31,70,86,69164,0,0,0,0,0,178,1982,-9633,8750,0,0,0,0,0
17,180,11.781,0,1266253,31,70,86,69164,0,0,0,0,0,178,1982,-9633,8750,0,0,0,0,0
17,180,11.838,1,1266309,31,70,86,69164,0,0,0,0,0,178,1982,-9633,8750,0,0,0,0,0
17,180,11.894,2,1266365,31,70,86,69164,0,0,0,0,0,178,1982,-9633,8750,0,0,0,0,0
17,180,12.006,4,1266477,31,70,86,69164,0,0,0,0,0,178,1982,-9633,8750,0,0,0,0,0
17,180,12.063,5,1266533,31,70,86,69164,0,0,0,0,0,178,1982,-9633,8750,0,0,0,0,0
17,180,12.174,7,1266645,31,70,86,69164,0,0,0,0,0,178,1982,-9633,8750,0,0,0,0,0
17,180,12.293,9,1266757,31,70,86,69164,0,0,0,0,0,178,1982,-9633,8750,0,0,0,0,0
17,180,12.337,10,1266809,31,70,86,69164,0,0,0,0,0,178,1982,-9633,8750,0,0,0,0,0
17,180,12.394,11,1266865,31,70,86,69164,0,0,0,0,0,178,1982,-9633,8750,0,0,0,0,0
17,180,12.45,12,1266921,31,70,86,69164,0,0,0,0,0,178,1982,-9633,8750,0,0,0,0,0
17,180,12.507,13,1266977,31,70,86,69164,0,0,0,0,0,178,1982,-9633,8750,0,0,0,0,0
17,180,12.617,15,1267089,31,70,86,69164,0,0,0,0,0,178,1982,-9633,8750,0,0,0,0,0
17,180,12.73,17,1267201,31,70,86,69164,0,0,0,0,0,178,1982,-9633,8750,0,0,0,0,0
17,180,12.788,18,1267257,31,70,86,69164,0,0,0,0,0,178,1982,-9633,8750,0,0,0,0,0
17,180,12.841,19,1267313,31,70,86,69164,0,0,0,0,0,178,1982,-9633,8750,0,0,0,0,0
17,180,13.019,22,1267481,31,70,86,69164,0,0,0,0,0,178,1982,-9633,8750,0,0,0,0,0
17,180,13.072,23,1267537,31,70,86,69164,0,0,0,0,0,178,1982,-9633,8750,0,0,0,0,0
17,180,13.135,24,1267593,31,70,86,69164,0,0,0,0,0,178,1982,-9633,8750,0,0,0,0,0
17,180,13.178,25,1267649,31,70,86,69164,0,0,0,0,0,178,1982,-9633,8750,0,0,0,0,0
17,180,13.234,26,1267705,31,70,86,69164,0,0,0,0,0,178,1982,-9633,8750,0,0,0,0,0
17,180,13.29,27,1267761,31,70,86,69164,0,0,0,0,0,178,1982,-9633,8750,0,0,0,0,0
17,180,13.353,28,1267817,31,70,86,69164,0,0,0,0,0,178,1982,-9633,8750,0,0,0,0,0
17,180,13.397,29,1267869,31,70,86,69164,0,0,0,0,0,178,1982,-9633,8750,0,0,0,0,0
17,180,13.455,30,1267925,31,70,86,69164,0,0,0,0,0,178,1982,-9633,8750,0,0,0,0,0
17,180,13.509,31,1267981,31,70,86,69164,0,0,0,0,0,178,1982,-9633,8750,0,0,0,0,0
17,180,13.565,32,1268037,31,70,86,69164,0,0,0,0,0,178,1982,-9633,8750,0,0,0,0,0
17,180,13.621,33,1268093,31,70,86,69164,0,0,0,0,0,178,1982,-9633,8750,0,0,0,0,0
17,180,13.678,34,1268149,31,70,86,69164,0,0,0,0,0,178,1982,-9633,8750,0,0,0,0,0
17,180,13.734,35,1268205,31,70,86,69164,0,0,0,0,0,178,1982,-9633,8750,0,0,0,0,0
17,180,13.845,37,1268317,31,70,86,69164,0,0,0,0,0,178,1982,-9633,8750,0,0,0,0,0
17,180,13.902,38,1268373,31,70,86,69164,0,0,0,0,0,178,1982,-9633,8750,0,0,0,0,0
17,180,13.958,39,1268429,31,70,86,69164,0,0,0,0,0,178,1982,-9633,8750,0,0,0,0,0
18,-180,0.003,59,1283825,31,70,86,69164,0,0,0,0,0,178,1982,-9633,8750,0,0,0,0,0
18,-180,0.064,60,1283885,31,70,86,69164,0,0,0,0,0,178,1983,-9633,8750,800,-800,0,0,0
18,-180,0.136,61,1283957,31,69,87,69070,0,0,0,0,-43,181,1986,-9633,8725,1200,-1200,0,0,0
18,-180,0.208,62,1284029,31,67,87,68912,0,0,0,0,-56,184,1989,-9633,8683,1600,-1300,0,0,0
18,-180,0.281,63,1284101,71,65,89,68660,0,0,0,0,-72,187,1992,-9633,8616,1800,-1600,0,0,0
18,-180,0.353,64,1284173,71,63,91,68347,0,0,0,0,-108,190,1995,-9633,8533,2200,-2200,0,0,0
18,-180,0.412,65,1284223,31,60,92,68024,0,0,0,2,-118,191,1997,-9625,8455,2500,-2500,0,0,0
18,-180,0.473,66,1284293,31,58,95,67290,0,0,0,48,-180,191,2000,-9577,8308,2900,-2900,0,0,0
18,-180,0.618,68,1284437,31,54,100,65168,0,0,0,128,-220,191,2006,-9377,7944,2800,-2900,0,0,0
18,-180,0.689,69,1284509,31,53,103,63960,0,0,0,135,-200,191,2009,-9250,7750,2800,-2800,0,0,0
18,-180,0.761,70,1284581,31,53,106,62786,0,0,0,128,-190,191,2012,-9127,7561,2800,-2600,0,0,0
18,-180,0.834,71,1284653,31,54,108,61638,0,0,0,125,-190,191,2015,-9000,7383,2700,-2500,0,0,0
18,-180,0.905,72,1284725,31,54,109,60551,0,0,0,128,-154,191,2018,-8872,7222,2700,-2400,0,0,0
18,-180,0.977,73,1284797,31,54,110,59471,0,0,0,138,-164,191,2021,-8741,7066,2700,-2400,0,0,0
18,-180,1.036,74,1284847,31,55,110,58771,0,0,0,148,-164,191,2023,-8655,6966,2700,-2300,0,0,0
18,-180,1.098,75,1284917,31,56,111,57695,0,0,0,135,-171,191,2026,-8527,6808,2700,-2400,0,0,0
18,-180,1.177,76,1284989,31,56,111,56600,0,0,0,144,-181,191,2029,-8394,6650,2700,-2400,0,0,0
18,-180,1.241,77,1285061,31,57,112,55478,0,0,0,154,-184,191,2032,-8258,6488,2700,-2300,0,0,0
18,-180,1.385,79,1285205,31,60,112,53319,0,0,0,144,-174,191,2038,-8000,6172,2700,-2200,0,0,0
18,-180,1.457,80,1285277,31,60,112,52216,0,0,0,138,-184,191,2041,-7863,6016,2600,-2100,0,0,0
18,-180,1.529,81,1285349,31,61,111,51227,0,0,0,128,-144,191,2044,-7744,5872,1600,-600,0,0,0
18,-180,1.642,82,1285462,31,61,111,50598,0,0,0,0,0,191,2051,-7655,5794,0,0,0,0,0
18,-180,1.691,83,1285513,31,61,111,50598,0,0,0,0,0,191,2053,-7655,5794,0,0,0,0,0
18,-180,1.764,84,1285585,31,61,111,50598,0,0,0,0,0,191,2056,-7655,5794,0,0,0,0,0
18,-180,1.835,85,1285657,31,61,111,50598,0,0,0,0,0,191,2059,-7655,5794,0,0,0,0,0
18,-180,1.908,86,1285729,31,61,111,50598,0,0,0,0,0,191,2062,-7655,5794,0,0,0,0,0
18,-180,1.98,87,1285801,31,61,111,50598,0,0,0,0,0,191,2065,-7655,5794,0,0,0,0,0
18,-180,2.124,89,1285945,31,61,111,50598,0,0,0,0,0,191,2071,-7655,5794,0,0,0,0,0
18,-180,2.196,90,1286017,31,61,111,50598,0,0,0,0,0,191,2074,-7655,5794,0,0,0,0,0
18,-180,2.267,91,1286089,31,61,111,50598,0,0,0,0,0,191,2077,-7655,5794,0,0,0,0,0
18,-180,2.341,92,1286161,31,61,111,50598,0,0,0,0,0,191,2080,-7655,5794,0,0,0,0,0
18,-180,2.483,94,1286305,31,61,111,50598,0,0,0,0,0,191,2086,-7655,5794,0,0,0,0,0
18,-180,2.564,95,1286377,31,61,111,50598,0,0,0,0,0,191,2089,-7655,5794,0,0,0,0,0
18,-180,2.627,96,1286449,31,61,111,50598,0,0,0,0,0,191,2092,-7655,5794,0,0,0,0,0
18,-180,2.7,97,1286521,31,61,111,50598,0,0,0,0,0,191,2095,-7655,5794,0,0,0,0,0
18,-180,2.93,101,1286749,31,61,111,50598,0,0,0,0,0,191,2100,-7655,5794,0,0,0,0,0
18,-180,2.983,102,1286805,31,61,111,50598,0,0,0,0,0,191,2100,-7655,5794,0,0,0,0,0
18,-180,3.039,103,1286861,31,61,111,50598,0,0,0,0,0,191,2100,-7655,5794,0,0,0,0,0
18,-180,3.095,104,1286917,31,61,111,50598,0,0,0,0,0,191,2100,-7655,5794,0,0,0,0,0
18,-180,3.151,105,1286973,31,61,111,50598,0,0,0,0,0,191,2100,-7655,5794,0,0,0,0,0
18,-180,3.207,106,1287029,31,61,111,50598,0,0,0,0,0,191,2100,-7655,5794,0,0,0,0,0
18,-180,3.263,107,1287085,31,61,111,50598,0,0,0,0,0,191,2100,-7655,5794,0,0,0,0,0
18,-180,3.375,109,1287197,31,61,111,50598,0,0,0,0,0,191,2100,-7655,5794,0,0,0,0,0
18,-180,3.433,110,1287253,31,61,111,50598,0,0,0,0,0,191,2100,-7655,5794,0,0,0,0,0
18,-180,3.543,112,1287365,31,61,111,50598,0,0,0,0,0,191,2100,-7655,5794,0,0,0,0,0
18,-180,3.599,113,1287421,31,61,111,50598,0,0,0,0,0,191,2100,-7655,5794,0,0,0,0,0
18,-180,3.665,114,1287477,31,61,111,50598,0,0,0,0,0,191,2100,-7655,5794,0,0,0,0,0
18,-180,3.708,115,1287529,31,61,111,50598,0,0,0,0,0,191,2100,-7655,5794,0,0,0,0,0
18,-180,3.765,116,1287585,31,61,111,50598,0,0,0,0,0,191,2100,-7655,5794,0,0,0,0,0
18,-180,3.82,117,1287641,31,61,111,50598,0,0,0,0,0,191,2100,-7655,5794,0,0,0,0,0
18,-180,3.876,118,1287697,31,61,111,50598,0,0,0,0,0,191,2100,-7655,5794,0,0,0,0,0
18,-180,3.931,119,1287753,31,61,111,50598,0,0,0,0,0,191,2100,-7655,5794,0,0,0,0,0
18,-180,3.988,120,1287809,31,61,111,50598,0,0,0,0,0,191,2100,-7655,5794,0,0,0,0,0
18,-180,4.045,121,1287865,31,61,111,50598,0,0,0,0,0,191,2100,-7655,5794,0,0,0,0,0
18,-180,4.156,123,1287977,31,61,111,50598,0,0,0,0,0,191,2100,-7655,5794,0,0,0,0,0
18,-180,4.211,124,1288033,31,61,111,50598,0,0,0,0,0,191,2100,-7655,5794,0,0,0,0,0
18,-180,4.267,125,1288089,31,61,111,50598,0,0,0,0,0,191,2100,-7655,5794,0,0,0,0,0
18,-180,4.38,127,1288201,31,61,111,50598,0,0,0,0,0,191,2100,-7655,5794,0,0,0,0,0
18,-180,4.435,0,1288257,31,61,111,50598,0,0,0,0,0,191,2100,-7655,5794,0,0,0,0,0
18,-180,4.491,1,1288313,31,61,111,50598,0,0,0,0,0,191,2100,-7655,5794,0,0,0,0,0
18,-180,4.547,2,1288369,31,61,111,50598,0,0,0,0,0,191,2100,-7655,5794,0,0,0,0,0
18,-180,4.66,4,1288481,31,61,111,50598,0,0,0,0,0,191,2100,-7655,5794,0,0,0,0,0
18,-180,4.88,8,1288701,31,61,111,50598,0,0,0,0,0,191,2100,-7655,5794,0,0,0,0,0
18,-180,4.935,9,1288757,31,61,111,50598,0,0,0,0,0,191,2100,-7655,5794,0,0,0,0,0
18,-180,4.992,10,1288813,31,61,111,50598,0,0,0,0,0,191,2100,-7655,5794,0,0,0,0,0
18,-180,5.047,11,1288869,31,61,111,50598,0,0,0,0,0,191,2100,-7655,5794,0,0,0,0,0
18,-180,5.161,13,1288981,31,61,111,50598,0,0,0,0,0,191,2100,-7655,5794,0,0,0,0,0
18,-180,5.215,14,1289037,31,61,111,50598,0,0,0,0,0,191,2100,-7655,5794,0,0,0,0,0
18,-180,5.273,15,1289093,31,61,111,50598,0,0,0,0,0,191,2100,-7655,5794,0,0,0,0,0
18,-180,5.327,16,1289149,31,61,111,50598,0,0,0,0,0,191,2100,-7655,5794,0,0,0,0,0
18,-180,5.383,17,1289205,31,61,111,50598,0,0,0,0,0,191,2100,-7655,5794,0,0,0,0,0
18,-180,5.449,18,1289261,31,61,111,50598,0,0,0,0,0,191,2100,-7655,5794,0,0,0,0,0
18,-180,5.508,19,1289317,31,61,111,50598,0,0,0,0,0,191,2100,-7655,5794,0,0,0,0,0
18,-180,5.551,20,1289373,31,61,111,50598,0,0,0,0,0,191,2100,-7655,5794,0,0,0,0,0
18,-180,5.607,21,1289429,31,61,111,50598,0,0,0,0,0,191,2100,-7655,5794,0,0,0,0,0
18,-180,5.665,22,1289485,31,61,111,50598,0,0,0,0,0,191,2100,-7655,5794,0,0,0,0,0
18,-180,5.719,23,1289541,31,61,111,50598,0,0,0,0,0,191,2100,-7655,5794,0,0,0,0,0
18,-180,5.784,24,1289597,31,61,111,50598,0,0,0,0,0,191,2100,-7655,5794,0,0,0,0,0
18,-180,5.829,25,1289649,31,61,111,50598,0,0,0,0,0,191,2100,-7655,5794,0,0,0,0,0
18,-180,5.884,26,1289705,31,61,111,50598,0,0,0,0,0,191,2100,-7655,5794,0,0,0,0,0
18,-180,5.944,27,1289761,31,61,111,50598,0,0,0,0,0,191,2100,-7655,5794,0,0,0,0,0
18,-180,6.052,29,1289873,31,61,111,50598,0,0,0,0,0,191,2100,-7655,5794,0,0,0,0,0
18,-180,6.107,30,1289929,31,61,111,50598,0,0,0,0,0,191,2100,-7655,5794,0,0,0,0,0
18,-180,6.166,31,1289985,31,61,111,50598,0,0,0,0,0,191,2100,-7655,5794,0,0,0,0,0
18,-180,6.219,32,1290041,31,61,111,50598,0,0,0,0,0,191,2100,-7655,5794,0,0,0,0,0
18,-180,6.277,33,1290097,31,61,111,50598,0,0,0,0,0,191,2100,-7655,5794,0,0,0,0,0
18,-180,6.334,34,1290153,31,61,111,50598,0,0,0,0,0,191,2100,-7655,5794,0,0,0,0,0
18,-180,6.387,35,1290209,31,61,111,50598,0,0,0,0,0,191,2100,-7655,5794,0,0,0,0,0
18,-180,6.444,36,1290265,31,61,111,50598,0,0,0,0,0,191,2100,-7655,5794,0,0,0,0,0
18,-180,6.5,37,1290321,31,61,111,50598,0,0,0,0,0,191,2100,-7655,5794,0,0,0,0,0
18,-180,6.557,38,1290377,31,61,111,50598,0,0,0,0,0,191,2100,-7655,5794,0,0,0,0,0
18,-180,6.668,40,1290489,31,61,111,50598,0,0,0,0,0,191,2100,-7655,5794,0,0,0,0,0
18,-180,6.724,41,1290545,31,61,111,50598,0,0,0,0,0,191,2100,-7655,5794,0,0,0,0,0
18,-180,6.78,42,1290601,31,61,111,50598,0,0,0,0,0,191,2100,-7655,5794,0,0,0,0,0
18,-180,6.845,43,1290657,31,61,111,50598,0,0,0,0,0,191,2100,-7655,5794,0,0,0,0,0
18,-180,6.891,44,1290709,31,61,111,50598,0,0,0,0,0,191,2100,-7655,5794,0,0,0,0,0
18,-180,6.944,45,1290765,31,61,111,50598,0,0,0,0,0,191,2100,-7655,5794,0,0,0,0,0
18,-180,7.001,46,1290821,31,61,111,50598,0,0,0,0,0,191,2100,-7655,5794,0,0,0,0,0
18,-180,7.06,47,1290877,31,61,111,50598,0,0,0,0,0,191,2100,-7655,5794,0,0,0,0,0
18,-180,7.112,48,1290933,31,61,111,50598,0,0,0,0,0,191,2100,-7655,5794,0,0,0,0,0
18,-180,7.168,49,1290989,31,61,111,50598,0,0,0,0,0,191,2100,-7655,5794,0,0,0,0,0
18,-180,7.335,52,1291157,31,61,111,50598,0,0,0,0,0,191,2100,-7655,5794,0,0,0,0,0
18,-180,7.393,53,1291213,31,61,111,50598,0,0,0,0,0,191,2100,-7655,5794,0,0,0,0,0
18,-180,7.448,54,1291269,31,61,111,50598,0,0,0,0,0,191,2100,-7655,5794,0,0,0,0,0
18,-180,7.503,55,1291325,31,61,111,50598,0,0,0,0,0,191,2100,-7655,5794,0,0,0,0,0
18,-180,7.559,56,1291381,31,61,111,50598,0,0,0,0,0,191,2100,-7655,5794,0,0,0,0,0
18,-180,7.616,57,1291437,31,61,111,50598,0,0,0,0,0,191,2100,-7655,5794,0,0,0,0,0
18,-180,7.673,58,1291493,31,61,111,50598,0,0,0,0,0,191,2100,-7655,5794,0,0,0,0,0
18,-180,7.727,59,1291549,31,61,111,50598,0,0,0,0,0,191,2100,-7655,5794,0,0,0,0,0
18,-180,7.783,60,1291605,31,61,111,50598,0,0,0,0,0,191,2100,-7655,5794,0,0,0,0,0
18,-180,7.904,62,1291717,31,61,111,50598,0,0,0,0,0,191,2100,-7655,5794,0,0,0,0,0
18,-180,7.948,63,1291769,31,61,111,50598,0,0,0,0,0,191,2100,-7655,5794,0,0,0,0,0
18,-180,8.003,64,1291825,31,61,111,50598,0,0,0,0,0,191,2100,-7655,5794,0,0,0,0,0
18,-180,8.059,65,1291881,31,61,111,50598,0,0,0,0,0,191,2100,-7655,5794,0,0,0,0,0
18,-180,8.117,66,1291937,31,61,111,50598,0,0,0,0,0,191,2100,-7655,5794,0,0,0,0,0
18,-180,8.171,67,1291993,31,61,111,50598,0,0,0,0,0,191,2100,-7655,5794,0,0,0,0,0
18,-180,8.229,68,1292049,31,61,111,50598,0,0,0,0,0,191,2100,-7655,5794,0,0,0,0,0
18,-180,8.283,69,1292105,31,61,111,50598,0,0,0,0,0,191,2100,-7655,5794,0,0,0,0,0
18,-180,8.34,70,1292161,31,61,111,50598,0,0,0,0,0,191,2100,-7655,5794,0,0,0,0,0
18,-180,8.395,71,1292217,31,61,111,50598,0,0,0,0,0,191,2100,-7655,5794,0,0,0,0,0
18,-180,8.508,73,1292329,31,61,111,50598,0,0,0,0,0,191,2100,-7655,5794,0,0,0,0,0
18,-180,8.564,74,1292385,31,61,111,50598,0,0,0,0,0,191,2100,-7655,5794,0,0,0,0,0
18,-180,8.675,76,1292497,31,61,111,50598,0,0,0,0,0,191,2100,-7655,5794,0,0,0,0,0
18,-180,8.732,77,1292553,31,61,111,50598,0,0,0,0,0,191,2100,-7655,5794,0,0,0,0,0
18,-180,8.788,78,1292609,31,61,111,50598,0,0,0,0,0,191,2100,-7655,5794,0,0,0,0,0
18,-180,8.843,79,1292665,31,61,111,50598,0,0,0,0,0,191,2100,-7655,5794,0,0,0,0,0
18,-180,8.964,81,1292777,31,61,111,50598,0,0,0,0,0,191,2100,-7655,5794,0,0,0,0,0
18,-180,9.007,82,1292829,31,61,111,50598,0,0,0,0,0,191,2100,-7655,5794,0,0,0,0,0
18,-180,9.063,83,1292885,31,61,111,50598,0,0,0,0,0,191,2100,-7655,5794,0,0,0,0,0
18,-180,9.174,85,1292997,31,61,111,50598,0,0,0,0,0,191,2100,-7655,5794,0,0,0,0,0
18,-180,9.23,86,1293053,31,61,111,50598,0,0,0,0,0,191,2100,-7655,5794,0,0,0,0,0
18,-180,9.287,87,1293109,31,61,111,50598,0,0,0,0,0,191,2100,-7655,5794,0,0,0,0,0
18,-180,9.343,88,1293165,31,61,111,50598,0,0,0,0,0,191,2100,-7655,5794,0,0,0,0,0
18,-180,9.458,90,1293277,31,61,111,50598,0,0,0,0,0,191,2100,-7655,5794,0,0,0,0,0
18,-180,9.51,91,1293333,31,61,111,50598,0,0,0,0,0,191,2100,-7655,5794,0,0,0,0,0
18,-180,9.569,92,1293389,31,61,111,50598,0,0,0,0,0,191,2100,-7655,5794,0,0,0,0,0
18,-180,9.624,93,1293445,31,61,111,50598,0,0,0,0,0,191,2100,-7655,5794,0,0,0,0,0
18,-180,9.678,94,1293501,31,61,111,50598,0,0,0,0,0,191,2100,-7655,5794,0,0,0,0,0
18,-180,9.736,95,1293557,31,61,111,50598,0,0,0,0,0,191,2100,-7655,5794,0,0,0,0,0
18,-180,9.792,96,1293613,31,61,111,50598,0,0,0,0,0,191,2100,-7655,5794,0,0,0,0,0
18,-180,9.846,97,1293669,31,61,111,50598,0,0,0,0,0,191,2100,-7655,5794,0,0,0,0,0
18,-180,9.904,98,1293725,31,61,111,50598,0,0,0,0,0,191,2100,-7655,5794,0,0,0,0,0
18,-180,9.96,99,1293781,31,61,111,50598,0,0,0,0,0,191,2100,-7655,5794,0,0,0,0,0
18,-180,10.024,100,1293837,31,61,111,50598,0,0,0,0,0,191,2100,-7655,5794,0,0,0,0,0
18,-180,10.068,101,1293889,31,61,111,50598,0,0,0,0,0,191,2100,-7655,5794,0,0,0,0,0
18,-180,10.124,102,1293945,31,61,111,50598,0,0,0,0,0,191,2100,-7655,5794,0,0,0,0,0
18,-180,10.191,103,1294001,31,61,111,50598,0,0,0,0,0,191,2100,-7655,5794,0,0,0,0,0
18,-180,10.235,104,1294057,31,61,111,50598,0,0,0,0,0,191,2100,-7655,5794,0,0,0,0,0
18,-180,10.29,105,1294113,31,61,111,50598,0,0,0,0,0,191,2100,-7655,5794,0,0,0,0,0
18,-180,10.406,107,1294225,31,61,111,50598,0,0,0,0,0,191,2100,-7655,5794,0,0,0,0,0
18,-180,10.459,108,1294281,31,61,111,50598,0,0,0,0,0,191,2100,-7655,5794,0,0,0,0,0
18,-180,10.515,109,1294337,31,61,111,50598,0,0,0,0,0,191,2100,-7655,5794,0,0,0,0,0
18,-180,10.571,110,1294393,31,61,111,50598,0,0,0,0,0,191,2100,-7655,5794,0,0,0,0,0
18,-180,10.628,111,1294449,31,61,111,50598,0,0,0,0,0,191,2100,-7655,5794,0,0,0,0,0
18,-180,10.684,112,1294505,31,61,111,50598,0,0,0,0,0,191,2100,-7655,5794,0,0,0,0,0
18,-180,10.739,113,1294561,31,61,111,50598,0,0,0,0,0,191,2100,-7655,5794,0,0,0,0,0
18,-180,10.795,114,1294617,31,61,111,50598,0,0,0,0,0,191,2100,-7655,5794,0,0,0,0,0
18,-180,10.85,115,1294673,31,61,111,50598,0,0,0,0,0,191,2100,-7655,5794,0,0,0,0,0
18,-180,10.906,116,1294729,31,61,111,50598,0,0,0,0,0,191,2100,-7655,5794,0,0,0,0,0
18,-180,11.019,118,1294841,31,61,111,50598,0,0,0,0,0,191,2100,-7655,5794,0,0,0,0,0
18,-180,11.084,119,1294897,31,61,111,50598,0,0,0,0,0,191,2100,-7655,5794,0,0,0,0,0
18,-180,11.127,120,1294949,31,61,111,50598,0,0,0,0,0,191,2100,-7655,5794,0,0,0,0,0
18,-180,11.183,121,1295005,31,61,111,50598,0,0,0,0,0,191,2100,-7655,5794,0,0,0,0,0
18,-180,11.24,122,1295061,31,61,111,50598,0,0,0,0,0,191,2100,-7655,5794,0,0,0,0,0
18,-180,11.295,123,1295117,31,61,111,50598,0,0,0,0,0,191,2100,-7655,5794,0,0,0,0,0
18,-180,11.352,124,1295173,31,61,111,50598,0,0,0,0,0,191,2100,-7655,5794,0,0,0,0,0
18,-180,11.462,126,1295285,31,61,111,50598,0,0,0,0,0,191,2100,-7655,5794,0,0,0,0,0
18,-180,11.519,127,1295341,31,61,111,50598,0,0,0,0,0,191,2100,-7655,5794,0,0,0,0,0
18,-180,11.632,1,1295453,31,61,111,50598,0,0,0,0,0,191,2100,-7655,5794,0,0,0,0,0
18,-180,11.687,2,1295509,31,61,111,50598,0,0,0,0,0,191,2100,-7655,5794,0,0,0,0,0
18,-180,11.743,3,1295565,31,61,111,50598,0,0,0,0,0,191,2100,-7655,5794,0,0,0,0,0
18,-180,11.8,4,1295621,31,61,111,50598,0,0,0,0,0,191,2100,-7655,5794,0,0,0,0,0
18,-180,11.855,5,1295677,31,61,111,50598,0,0,0,0,0,191,2100,-7655,5794,0,0,0,0,0
18,-180,11.91,6,1295733,31,61,111,50598,0,0,0,0,0,191,2100,-7655,5794,0,0,0,0,0
18,-180,11.968,7,1295789,31,61,111,50598,0,0,0,0,0,191,2100,-7655,5794,0,0,0,0,0
18,-180,12.025,8,1295845,31,61,111,50598,0,0,0,0,0,191,2100,-7655,5794,0,0,0,0,0
18,-180,12.078,9,1295901,31,61,111,50598,0,0,0,0,0,191,2100,-7655,5794,0,0,0,0,0
18,-180,12.143,10,1295957,31,61,111,50598,0,0,0,0,0,191,2100,-7655,5794,0,0,0,0,0
18,-180,12.187,11,1296009,31,61,111,50598,0,0,0,0,0,191,2100,-7655,5794,0,0,0,0,0
18,-180,12.298,13,1296121,31,61,111,50598,0,0,0,0,0,191,2100,-7655,5794,0,0,0,0,0
18,-180,12.356,14,1296177,31,61,111,50598,0,0,0,0,0,191,2100,-7655,5794,0,0,0,0,0
18,-180,12.412,15,1296233,31,61,111,50598,0,0,0,0,0,191,2100,-7655,5794,0,0,0,0,0
18,-180,12.466,16,1296289,31,61,111,50598,0,0,0,0,0,191,2100,-7655,5794,0,0,0,0,0
18,-180,12.523,17,1296345,31,61,111,50598,0,0,0,0,0,191,2100,-7655,5794,0,0,0,0,0
18,-180,12.579,18,1296401,31,61,111,50598,0,0,0,0,0,191,2100,-7655,5794,0,0,0,0,0
18,-180,12.635,19,1296457,31,61,111,50598,0,0,0,0,0,191,2100,-7655,5794,0,0,0,0,0
18,-180,12.693,20,1296513,31,61,111,50598,0,0,0,0,0,191,2100,-7655,5794,0,0,0,0,0
18,-180,12.747,21,1296569,31,61,111,50598,0,0,0,0,0,191,2100,-7655,5794,0,0,0,0,0
18,-180,12.803,22,1296625,31,61,111,50598,0,0,0,0,0,191,2100,-7655,5794,0,0,0,0,0
18,-180,12.86,23,1296681,31,61,111,50598,0,0,0,0,0,191,2100,-7655,5794,0,0,0,0,0
18,-180,12.914,24,1296737,31,61,111,50598,0,0,0,0,0,191,2100,-7655,5794,0,0,0,0,0
18,-180,12.971,25,1296793,31,61,111,50598,0,0,0,0,0,191,2100,-7655,5794,0,0,0,0,0
18,-180,13.027,26,1296849,31,61,111,50598,0,0,0,0,0,191,2100,-7655,5794,0,0,0,0,0
18,-180,13.084,27,1296905,31,61,111,50598,0,0,0,0,0,191,2100,-7655,5794,0,0,0,0,0
18,-180,13.14,28,1296961,31,61,111,50598,0,0,0,0,0,191,2100,-7655,5794,0,0,0,0,0
18,-180,13.204,29,1297017,31,61,111,50598,0,0,0,0,0,191,2100,-7655,5794,0,0,0,0,0
18,-180,13.255,30,1297069,31,61,111,50598,0,0,0,0,0,191,2100,-7655,5794,0,0,0,0,0
18,-180,13.303,31,1297125,31,61,111,50598,0,0,0,0,0,191,2100,-7655,5794,0,0,0,0,0
18,-180,13.359,32,1297181,31,61,111,50598,0,0,0,0,0,191,2100,-7655,5794,0,0,0,0,0
18,-180,13.415,33,1297237,31,61,111,50598,0,0,0,0,0,191,2100,-7655,5794,0,0,0,0,0
18,-180,13.528,35,1297349,31,61,111,50598,0,0,0,0,0,191,2100,-7655,5794,0,0,0,0,0
18,-180,13.582,36,1297405,31,61,111,50598,0,0,0,0,0,191,2100,-7655,5794,0,0,0,0,0
18,-180,13.639,37,1297461,31,61,111,50598,0,0,0,0,0,191,2100,-7655,5794,0,0,0,0,0
18,-180,13.695,38,1297517,31,61,111,50598,0,0,0,0,0,191,2100,-7655,5794,0,0,0,0,0
18,-180,13.751,39,1297573,31,61,111,50598,0,0,0,0,0,191,2100,-7655,5794,0,0,0,0,0
18,-180,13.809,40,1297629,31,61,111,50598,0,0,0,0,0,191,2100,-7655,5794,0,0,0,0,0
18,-180,13.864,41,1297685,31,61,111,50598,0,0,0,0,0,191,2100,-7655,5794,0,0,0,0,0
18,-180,13.92,42,1297741,31,61,111,50598,0,0,0,0,0,191,2100,-7655,5794,0,0,0,0,0
18,-180,13.977,43,1297797,31,61,111,50598,0,0,0,0,0,191,2100,-7655,5794,0,0,0,0,0
18,-180,14.035,44,1297853,31,61,111,50598,0,0,0,0,0,191,2100,-7655,5794,0,0,0,0,0
18,-180,14.143,46,1297965,31,61,111,50598,0,0,0,0,0,191,2100,-7655,5794,0,0,0,0,0
19,-90,-0.039,74,1306665,31,61,111,50598,0,0,0,0,0,191,2100,-7655,5794,0,0,0,0,0
19,-90,0.017,75,1306721,31,61,111,50598,0,0,0,0,0,191,2100,-7655,5794,0,0,0,0,0
19,-90,0.158,77,1306861,31,62,111,50346,0,0,0,20,-56,192,2105,-7638,5744,1300,-1100,0,0,0
19,-90,0.23,78,1306933,31,64,109,50034,0,0,0,16,-75,192,2108,-7622,5677,1500,-1200,0,0,0
19,-90,0.301,79,1307005,31,65,109,49597,0,0,0,56,-72,192,2111,-7583,5600,1800,-1500,0,0,0
19,-90,0.387,80,1307077,31,66,107,49018,0,0,0,76,-118,192,2114,-7527,5502,2200,-1900,0,0,0
19,-90,0.446,81,1307149,31,67,106,48246,0,0,0,108,-138,192,2117,-7444,5380,2500,-2500,0,0,0
19,-90,0.52,82,1307221,31,68,104,47253,0,0,0,128,-180,192,2120,-7338,5222,2700,-2600,0,0,0
19,-90,0.59,83,1307293,31,68,102,46102,0,0,0,138,-204,192,2123,-7216,5038,2700,-2400,0,0,0
19,-90,0.661,84,1307365,31,69,100,44995,0,0,0,128,-184,192,2126,-7094,4866,2600,-2200,0,0,0
19,-90,0.735,85,1307437,31,68,99,43908,0,0,0,128,-164,192,2129,-6966,4705,2600,-2100,0,0,0
19,-90,0.808,86,1307509,31,68,97,42854,0,0,0,128,-174,192,2132,-6844,4547,2600,-2000,0,0,0
19,-90,0.877,87,1307581,31,68,97,41861,0,0,0,128,-135,192,2135,-6716,4411,1500,-700,0,0,0
19,-90,0.992,88,1307694,31,68,97,41255,0,0,0,0,0,192,2142,-6633,4333,0,0,0,0,0
19,-90,1.04,89,1307745,31,68,97,41255,0,0,0,0,0,192,2144,-6633,4333,0,0,0,0,0
19,-90,1.122,90,1307817,31,68,97,41255,0,0,0,0,0,192,2147,-6633,4333,0,0,0,0,0
19,-90,1.257,92,1307961,31,68,97,41255,0,0,0,0,0,192,2153,-6633,4333,0,0,0,0,0
19,-90,1.328,93,1308033,31,68,97,41255,0,0,0,0,0,192,2156,-6633,4333,0,0,0,0,0
19,-90,1.401,94,1308105,31,68,97,41255,0,0,0,0,0,192,2159,-6633,4333,0,0,0,0,0
19,-90,1.473,95,1308177,31,68,97,41255,0,0,0,0,0,192,2162,-6633,4333,0,0,0,0,0
19,-90,1.603,97,1308299,31,68,97,41255,0,0,0,0,0,192,2167,-6633,4333,0,0,0,0,0
19,-90,1.644,98,1308349,31,68,97,41255,0,0,0,0,0,192,2167,-6633,4333,0,0,0,0,0
19,-90,1.757,100,1308461,31,68,97,41255,0,0,0,0,0,192,2167,-6633,4333,0,0,0,0,0
19,-90,1.812,101,1308517,31,68,97,41255,0,0,0,0,0,192,2167,-6633,4333,0,0,0,0,0
19,-90,1.876,102,1308573,31,68,97,41255,0,0,0,0,0,192,2167,-6633,4333,0,0,0,0,0
19,-90,1.96,103,1308629,31,68,97,41255,0,0,0,0,0,192,2167,-6633,4333,0,0,0,0,0
19,-90,1.985,104,1308685,31,68,97,41255,0,0,0,0,0,192,2167,-6633,4333,0,0,0,0,0
19,-90,2.042,105,1308741,31,68,97,41255,0,0,0,0,0,192,2167,-6633,4333,0,0,0,0,0
19,-90,2.093,106,1308797,31,68,97,41255,0,0,0,0,0,192,2167,-6633,4333,0,0,0,0,0
19,-90,2.15,107,1308853,31,68,97,41255,0,0,0,0,0,192,2167,-6633,4333,0,0,0,0,0
19,-90,2.214,108,1308909,31,68,97,41255,0,0,0,0,0,192,2167,-6633,4333,0,0,0,0,0
19,-90,2.324,110,1309021,31,68,97,41255,0,0,0,0,0,192,2167,-6633,4333,0,0,0,0,0
19,-90,2.37,111,1309073,31,68,97,41255,0,0,0,0,0,192,2167,-6633,4333,0,0,0,0,0
19,-90,2.427,112,1309129,31,68,97,41255,0,0,0,0,0,192,2167,-6633,4333,0,0,0,0,0
19,-90,2.482,113,1309185,31,68,97,41255,0,0,0,0,0,192,2167,-6633,4333,0,0,0,0,0
19,-90,2.538,114,1309241,31,68,97,41255,0,0,0,0,0,192,2167,-6633,4333,0,0,0,0,0
19,-90,2.593,115,1309297,31,68,97,41255,0,0,0,0,0,192,2167,-6633,4333,0,0,0,0,0
19,-90,2.649,116,1309353,31,68,97,41255,0,0,0,0,0,192,2167,-6633,4333,0,0,0,0,0
19,-90,2.704,117,1309409,31,68,97,41255,0,0,0,0,0,192,2167,-6633,4333,0,0,0,0,0
19,-90,2.766,118,1309465,31,68,97,41255,0,0,0,0,0,192,2167,-6633,4333,0,0,0,0,0
19,-90,2.817,119,1309521,31,68,97,41255,0,0,0,0,0,192,2167,-6633,4333,0,0,0,0,0
19,-90,2.874,120,1309577,31,68,97,41255,0,0,0,0,0,192,2167,-6633,4333,0,0,0,0,0
19,-90,2.987,122,1309689,31,68,97,41255,0,0,0,0,0,192,2167,-6633,4333,0,0,0,0,0
19,-90,3.062,123,1309745,31,68,97,41255,0,0,0,0,0,192,2167,-6633,4333,0,0,0,0,0
19,-90,3.106,124,1309801,31,68,97,41255,0,0,0,0,0,192,2167,-6633,4333,0,0,0,0,0
19,-90,3.155,125,1309857,31,68,97,41255,0,0,0,0,0,192,2167,-6633,4333,0,0,0,0,0
19,-90,3.211,126,1309913,31,68,97,41255,0,0,0,0,0,192,2167,-6633,4333,0,0,0,0,0
19,-90,3.27,127,1309969,31,68,97,41255,0,0,0,0,0,192,2167,-6633,4333,0,0,0,0,0
19,-90,3.32,0,1310025,31,68,97,41255,0,0,0,0,0,192,2167,-6633,4333,0,0,0,0,0
19,-90,3.384,1,1310081,31,68,97,41255,0,0,0,0,0,192,2167,-6633,4333,0,0,0,0,0
19,-90,3.427,2,1310133,31,68,97,41255,0,0,0,0,0,192,2167,-6633,4333,0,0,0,0,0
19,-90,3.492,3,1310189,31,68,97,41255,0,0,0,0,0,192,2167,-6633,4333,0,0,0,0,0
19,-90,3.6,5,1310301,31,68,97,41255,0,0,0,0,0,192,2167,-6633,4333,0,0,0,0,0
19,-90,3.655,6,1310357,31,68,97,41255,0,0,0,0,0,192,2167,-6633,4333,0,0,0,0,0
19,-90,3.709,7,1310413,31,68,97,41255,0,0,0,0,0,192,2167,-6633,4333,0,0,0,0,0
19,-90,3.763,8,1310469,31,68,97,41255,0,0,0,0,0,192,2167,-6633,4333,0,0,0,0,0
19,-90,3.821,9,1310525,31,68,97,41255,0,0,0,0,0,192,2167,-6633,4333,0,0,0,0,0
19,-90,3.879,10,1310581,31,68,97,41255,0,0,0,0,0,192,2167,-6633,4333,0,0,0,0,0
19,-90,3.947,11,1310637,31,68,97,41255,0,0,0,0,0,192,2167,-6633,4333,0,0,0,0,0
19,-90,3.992,12,1310693,31,68,97,41255,0,0,0,0,0,192,2167,-6633,4333,0,0,0,0,0
19,-90,4.046,13,1310749,31,68,97,41255,0,0,0,0,0,192,2167,-6633,4333,0,0,0,0,0
19,-90,4.101,14,1310805,31,68,97,41255,0,0,0,0,0,192,2167,-6633,4333,0,0,0,0,0
19,-90,4.221,16,1310917,31,68,97,41255,0,0,0,0,0,192,2167,-6633,4333,0,0,0,0,0
19,-90,4.299,17,1310973,31,68,97,41255,0,0,0,0,0,192,2167,-6633,4333,0,0,0,0,0
19,-90,4.384,19,1311085,31,68,97,41255,0,0,0,0,0,192,2167,-6633,4333,0,0,0,0,0
19,-90,4.447,20,1311141,31,68,97,41255,0,0,0,0,0,192,2167,-6633,4333,0,0,0,0,0
19,-90,4.492,21,1311193,31,68,97,41255,0,0,0,0,0,192,2167,-6633,4333,0,0,0,0,0
19,-90,4.558,22,1311249,31,68,97,41255,0,0,0,0,0,192,2167,-6633,4333,0,0,0,0,0
19,-90,4.607,23,1311305,31,68,97,41255,0,0,0,0,0,192,2167,-6633,4333,0,0,0,0,0
19,-90,4.659,24,1311361,31,68,97,41255,0,0,0,0,0,192,2167,-6633,4333,0,0,0,0,0
19,-90,4.714,25,1311417,31,68,97,41255,0,0,0,0,0,192,2167,-6633,4333,0,0,0,0,0
19,-90,4.772,26,1311473,31,68,97,41255,0,0,0,0,0,192,2167,-6633,4333,0,0,0,0,0
19,-90,4.828,27,1311529,31,68,97,41255,0,0,0,0,0,192,2167,-6633,4333,0,0,0,0,0
19,-90,4.937,29,1311641,31,68,97,41255,0,0,0,0,0,192,2167,-6633,4333,0,0,0,0,0
19,-90,5.048,31,1311753,31,68,97,41255,0,0,0,0,0,192,2167,-6633,4333,0,0,0,0,0
19,-90,5.112,32,1311809,31,68,97,41255,0,0,0,0,0,192,2167,-6633,4333,0,0,0,0,0
19,-90,5.164,33,1311865,31,68,97,41255,0,0,0,0,0,192,2167,-6633,4333,0,0,0,0,0
19,-90,5.273,35,1311977,31,68,97,41255,0,0,0,0,0,192,2167,-6633,4333,0,0,0,0,0
19,-90,5.329,36,1312033,31,68,97,41255,0,0,0,0,0,192,2167,-6633,4333,0,0,0,0,0
19,-90,5.441,38,1312145,31,68,97,41255,0,0,0,0,0,192,2167,-6633,4333,0,0,0,0,0
19,-90,5.507,39,1312201,31,68,97,41255,0,0,0,0,0,192,2167,-6633,4333,0,0,0,0,0
19,-90,5.551,40,1312253,31,68,97,41255,0,0,0,0,0,192,2167,-6633,4333,0,0,0,0,0
19,-90,5.606,41,1312309,31,68,97,41255,0,0,0,0,0,192,2167,-6633,4333,0,0,0,0,0
19,-90,5.731,43,1312421,31,68,97,41255,0,0,0,0,0,192,2167,-6633,4333,0,0,0,0,0
19,-90,5.772,44,1312477,31,68,97,41255,0,0,0,0,0,192,2167,-6633,4333,0,0,0,0,0
19,-90,5.83,45,1312533,31,68,97,41255,0,0,0,0,0,192,2167,-6633,4333,0,0,0,0,0
19,-90,5.94,47,1312645,31,68,97,41255,0,0,0,0,0,192,2167,-6633,4333,0,0,0,0,0
19,-90,5.996,48,1312701,31,68,97,41255,0,0,0,0,0,192,2167,-6633,4333,0,0,0,0,0
19,-90,6.109,50,1312813,31,68,97,41255,0,0,0,0,0,192,2167,-6633,4333,0,0,0,0,0
19,-90,6.166,51,1312869,31,68,97,41255,0,0,0,0,0,192,2167,-6633,4333,0,0,0,0,0
19,-90,6.288,53,1312981,31,68,97,41255,0,0,0,0,0,192,2167,-6633,4333,0,0,0,0,0
19,-90,6.337,54,1313037,31,68,97,41255,0,0,0,0,0,192,2167,-6633,4333,0,0,0,0,0
19,-90,6.393,55,1313093,31,68,97,41255,0,0,0,0,0,192,2167,-6633,4333,0,0,0,0,0
19,-90,6.448,56,1313149,31,68,97,41255,0,0,0,0,0,192,2167,-6633,4333,0,0,0,0,0
19,-90,6.501,57,1313205,31,68,97,41255,0,0,0,0,0,192,2167,-6633,4333,0,0,0,0,0
19,-90,6.564,58,1313261,31,68,97,41255,0,0,0,0,0,192,2167,-6633,4333,0,0,0,0,0
19,-90,6.608,59,1313313,31,68,97,41255,0,0,0,0,0,192,2167,-6633,4333,0,0,0,0,0
19,-90,6.721,61,1313425,31,68,97,41255,0,0,0,0,0,192,2167,-6633,4333,0,0,0,0,0
19,-90,6.775,62,1313481,31,68,97,41255,0,0,0,0,0,192,2167,-6633,4333,0,0,0,0,0
19,-90,6.894,64,1313593,31,68,97,41255,0,0,0,0,0,192,2167,-6633,4333,0,0,0,0,0
19,-90,6.945,65,1313649,31,68,97,41255,0,0,0,0,0,192,2167,-6633,4333,0,0,0,0,0
19,-90,7.002,66,1313705,31,68,97,41255,0,0,0,0,0,192,2167,-6633,4333,0,0,0,0,0
19,-90,7.073,67,1313761,31,68,97,41255,0,0,0,0,0,192,2167,-6633,4333,0,0,0,0,0
19,-90,7.168,69,1313873,31,68,97,41255,0,0,0,0,0,192,2167,-6633,4333,0,0,0,0,0
19,-90,7.224,70,1313929,31,68,97,41255,0,0,0,0,0,192,2167,-6633,4333,0,0,0,0,0
19,-90,7.336,72,1314041,31,68,97,41255,0,0,0,0,0,192,2167,-6633,4333,0,0,0,0,0
19,-90,7.392,73,1314097,31,68,97,41255,0,0,0,0,0,192,2167,-6633,4333,0,0,0,0,0
19,-90,7.447,74,1314153,31,68,97,41255,0,0,0,0,0,192,2167,-6633,4333,0,0,0,0,0
19,-90,7.505,75,1314209,31,68,97,41255,0,0,0,0,0,192,2167,-6633,4333,0,0,0,0,0
19,-90,7.564,76,1314265,31,68,97,41255,0,0,0,0,0,192,2167,-6633,4333,0,0,0,0,0
19,-90,7.616,77,1314321,31,68,97,41255,0,0,0,0,0,192,2167,-6633,4333,0,0,0,0,0
19,-90,7.668,78,1314373,31,68,97,41255,0,0,0,0,0,192,2167,-6633,4333,0,0,0,0,0
19,-90,7.723,79,1314429,31,68,97,41255,0,0,0,0,0,192,2167,-6633,4333,0,0,0,0,0
19,-90,7.78,80,1314485,31,68,97,41255,0,0,0,0,0,192,2167,-6633,4333,0,0,0,0,0
19,-90,7.836,81,1314541,31,68,97,41255,0,0,0,0,0,192,2167,-6633,4333,0,0,0,0,0
19,-90,7.891,82,1314597,31,68,97,41255,0,0,0,0,0,192,2167,-6633,4333,0,0,0,0,0
19,-90,7.947,83,1314653,31,68,97,41255,0,0,0,0,0,192,2167,-6633,4333,0,0,0,0,0
19,-90,8.004,84,1314709,31,68,97,41255,0,0,0,0,0,192,2167,-6633,4333,0,0,0,0,0
19,-90,8.059,85,1314765,31,68,97,41255,0,0,0,0,0,192,2167,-6633,4333,0,0,0,0,0
19,-90,8.115,86,1314821,31,68,97,41255,0,0,0,0,0,192,2167,-6633,4333,0,0,0,0,0
19,-90,8.171,87,1314877,31,68,97,41255,0,0,0,0,0,192,2167,-6633,4333,0,0,0,0,0
19,-90,8.227,88,1314933,31,68,97,41255,0,0,0,0,0,192,2167,-6633,4333,0,0,0,0,0
19,-90,8.283,89,1314989,31,68,97,41255,0,0,0,0,0,192,2167,-6633,4333,0,0,0,0,0
19,-90,8.352,90,1315045,31,68,97,41255,0,0,0,0,0,192,2167,-6633,4333,0,0,0,0,0
19,-90,8.396,91,1315101,31,68,97,41255,0,0,0,0,0,192,2167,-6633,4333,0,0,0,0,0
19,-90,8.452,92,1315157,31,68,97,41255,0,0,0,0,0,192,2167,-6633,4333,0,0,0,0,0
19,-90,8.564,94,1315269,31,68,97,41255,0,0,0,0,0,192,2167,-6633,4333,0,0,0,0,0
19,-90,8.619,95,1315325,31,68,97,41255,0,0,0,0,0,192,2167,-6633,4333,0,0,0,0,0
19,-90,8.684,96,1315381,31,68,97,41255,0,0,0,0,0,192,2167,-6633,4333,0,0,0,0,0
19,-90,8.728,97,1315433,31,68,97,41255,0,0,0,0,0,192,2167,-6633,4333,0,0,0,0,0
19,-90,8.783,98,1315489,31,68,97,41255,0,0,0,0,0,192,2167,-6633,4333,0,0,0,0,0
19,-90,8.841,99,1315545,31,68,97,41255,0,0,0,0,0,192,2167,-6633,4333,0,0,0,0,0
19,-90,8.896,100,1315601,31,68,97,41255,0,0,0,0,0,192,2167,-6633,4333,0,0,0,0,0
19,-90,8.951,101,1315657,31,68,97,41255,0,0,0,0,0,192,2167,-6633,4333,0,0,0,0,0
19,-90,9.065,103,1315769,31,68,97,41255,0,0,0,0,0,192,2167,-6633,4333,0,0,0,0,0
19,-90,9.119,104,1315825,31,68,97,41255,0,0,0,0,0,192,2167,-6633,4333,0,0,0,0,0
19,-90,9.231,106,1315937,31,68,97,41255,0,0,0,0,0,192,2167,-6633,4333,0,0,0,0,0
19,-90,9.287,107,1315993,31,68,97,41255,0,0,0,0,0,192,2167,-6633,4333,0,0,0,0,0
19,-90,9.344,108,1316049,31,68,97,41255,0,0,0,0,0,192,2167,-6633,4333,0,0,0,0,0
19,-90,9.399,109,1316105,31,68,97,41255,0,0,0,0,0,192,2167,-6633,4333,0,0,0,0,0
19,-90,9.455,110,1316161,31,68,97,41255,0,0,0,0,0,192,2167,-6633,4333,0,0,0,0,0
19,-90,9.511,111,1316217,31,68,97,41255,0,0,0,0,0,192,2167,-6633,4333,0,0,0,0,0
19,-90,9.569,112,1316273,31,68,97,41255,0,0,0,0,0,192,2167,-6633,4333,0,0,0,0,0
19,-90,9.624,113,1316329,31,68,97,41255,0,0,0,0,0,192,2167,-6633,4333,0,0,0,0,0
19,-90,9.684,114,1316385,31,68,97,41255,0,0,0,0,0,192,2167,-6633,4333,0,0,0,0,0
19,-90,9.843,117,1316549,31,68,97,41255,0,0,0,0,0,192,2167,-6633,4333,0,0,0,0,0
19,-90,9.9,118,1316605,31,68,97,41255,0,0,0,0,0,192,2167,-6633,4333,0,0,0,0,0
19,-90,9.955,119,1316661,31,68,97,41255,0,0,0,0,0,192,2167,-6633,4333,0,0,0,0,0
19,-90,10.013,120,1316717,31,68,97,41255,0,0,0,0,0,192,2167,-6633,4333,0,0,0,0,0
19,-90,10.067,121,1316773,31,68,97,41255,0,0,0,0,0,192,2167,-6633,4333,0,0,0,0,0
19,-90,10.124,122,1316829,31,68,97,41255,0,0,0,0,0,192,2167,-6633,4333,0,0,0,0,0
19,-90,10.18,123,1316885,31,68,97,41255,0,0,0,0,0,192,2167,-6633,4333,0,0,0,0,0
19,-90,10.236,124,1316941,31,68,97,41255,0,0,0,0,0,192,2167,-6633,4333,0,0,0,0,0
19,-90,10.291,125,1316997,31,68,97,41255,0,0,0,0,0,192,2167,-6633,4333,0,0,0,0,0
19,-90,10.347,126,1317053,31,68,97,41255,0,0,0,0,0,192,2167,-6633,4333,0,0,0,0,0
19,-90,10.458,0,1317165,31,68,97,41255,0,0,0,0,0,192,2167,-6633,4333,0,0,0,0,0
19,-90,10.514,1,1317221,31,68,97,41255,0,0,0,0,0,192,2167,-6633,4333,0,0,0,0,0
19,-90,10.627,3,1317333,31,68,97,41255,0,0,0,0,0,192,2167,-6633,4333,0,0,0,0,0
19,-90,10.804,6,1317501,31,68,97,41255,0,0,0,0,0,192,2167,-6633,4333,0,0,0,0,0
19,-90,10.846,7,1317553,31,68,97,41255,0,0,0,0,0,192,2167,-6633,4333,0,0,0,0,0
19,-90,10.904,8,1317609,31,68,97,41255,0,0,0,0,0,192,2167,-6633,4333,0,0,0,0,0
19,-90,10.96,9,1317665,31,68,97,41255,0,0,0,0,0,192,2167,-6633,4333,0,0,0,0,0
19,-90,11.129,12,1317833,31,68,97,41255,0,0,0,0,0,192,2167,-6633,4333,0,0,0,0,0
19,-90,11.352,16,1318057,31,68,97,41255,0,0,0,0,0,192,2167,-6633,4333,0,0,0,0,0
19,-90,11.407,17,1318113,31,68,97,41255,0,0,0,0,0,192,2167,-6633,4333,0,0,0,0,0
19,-90,11.463,18,1318169,31,68,97,41255,0,0,0,0,0,192,2167,-6633,4333,0,0,0,0,0
19,-90,11.52,19,1318225,31,68,97,41255,0,0,0,0,0,192,2167,-6633,4333,0,0,0,0,0
19,-90,11.689,22,1318393,31,68,97,41255,0,0,0,0,0,192,2167,-6633,4333,0,0,0,0,0
19,-90,11.8,24,1318505,31,68,97,41255,0,0,0,0,0,192,2167,-6633,4333,0,0,0,0,0
19,-90,11.907,26,1318613,31,68,97,41255,0,0,0,0,0,192,2167,-6633,4333,0,0,0,0,0
19,-90,11.967,27,1318669,31,68,97,41255,0,0,0,0,0,192,2167,-6633,4333,0,0,0,0,0
19,-90,12.132,30,1318837,31,68,97,41255,0,0,0,0,0,192,2167,-6633,4333,0,0,0,0,0
19,-90,12.188,31,1318893,31,68,97,41255,0,0,0,0,0,192,2167,-6633,4333,0,0,0,0,0
19,-90,12.244,32,1318949,31,68,97,41255,0,0,0,0,0,192,2167,-6633,4333,0,0,0,0,0
19,-90,12.299,33,1319005,31,68,97,41255,0,0,0,0,0,192,2167,-6633,4333,0,0,0,0,0
19,-90,12.356,34,1319061,31,68,97,41255,0,0,0,0,0,192,2167,-6633,4333,0,0,0,0,0
19,-90,12.411,35,1319117,31,68,97,41255,0,0,0,0,0,192,2167,-6633,4333,0,0,0,0,0
19,-90,12.467,36,1319173,31,68,97,41255,0,0,0,0,0,192,2167,-6633,4333,0,0,0,0,0
19,-90,12.523,37,1319229,31,68,97,41255,0,0,0,0,0,192,2167,-6633,4333,0,0,0,0,0
19,-90,12.579,38,1319285,31,68,97,41255,0,0,0,0,0,192,2167,-6633,4333,0,0,0,0,0
19,-90,12.636,39,1319341,31,68,97,41255,0,0,0,0,0,192,2167,-6633,4333,0,0,0,0,0
19,-90,12.691,40,1319397,31,68,97,41255,0,0,0,0,0,192,2167,-6633,4333,0,0,0,0,0
19,-90,12.748,41,1319453,31,68,97,41255,0,0,0,0,0,192,2167,-6633,4333,0,0,0,0,0
19,-90,12.803,42,1319509,31,68,97,41255,0,0,0,0,0,192,2167,-6633,4333,0,0,0,0,0
19,-90,12.923,44,1319621,31,68,97,41255,0,0,0,0,0,192,2167,-6633,4333,0,0,0,0,0
19,-90,12.967,45,1319673,31,68,97,41255,0,0,0,0,0,192,2167,-6633,4333,0,0,0,0,0
19,-90,13.024,46,1319729,31,68,97,41255,0,0,0,0,0,192,2167,-6633,4333,0,0,0,0,0
19,-90,13.079,47,1319785,31,68,97,41255,0,0,0,0,0,192,2167,-6633,4333,0,0,0,0,0
19,-90,13.135,48,1319841,31,68,97,41255,0,0,0,0,0,192,2167,-6633,4333,0,0,0,0,0
19,-90,13.191,49,1319897,31,68,97,41255,0,0,0,0,0,192,2167,-6633,4333,0,0,0,0,0
19,-90,13.248,50,1319953,31,68,97,41255,0,0,0,0,0,192,2167,-6633,4333,0,0,0,0,0
19,-90,13.303,51,1320009,31,68,97,41255,0,0,0,0,0,192,2167,-6633,4333,0,0,0,0,0
19,-90,13.359,52,1320065,31,68,97,41255,0,0,0,0,0,192,2167,-6633,4333,0,0,0,0,0
19,-90,13.416,53,1320121,31,68,97,41255,0,0,0,0,0,192,2167,-6633,4333,0,0,0,0,0
19,-90,13.471,54,1320177,31,68,97,41255,0,0,0,0,0,192,2167,-6633,4333,0,0,0,0,0
19,-90,13.584,56,1320289,31,68,97,41255,0,0,0,0,0,192,2167,-6633,4333,0,0,0,0,0
19,-90,13.64,57,1320345,31,68,97,41255,0,0,0,0,0,192,2167,-6633,4333,0,0,0,0,0
19,-90,13.695,58,1320401,31,68,97,41255,0,0,0,0,0,192,2167,-6633,4333,0,0,0,0,0
19,-90,13.751,59,1320457,31,68,97,41255,0,0,0,0,0,192,2167,-6633,4333,0,0,0,0,0
19,-90,13.809,60,1320513,31,68,97,41255,0,0,0,0,0,192,2167,-6633,4333,0,0,0,0,0
19,-90,13.863,61,1320569,31,68,97,41255,0,0,0,0,0,192,2167,-6633,4333,0,0,0,0,0
19,-90,13.983,63,1320681,31,68,97,41255,0,0,0,0,0,192,2167,-6633,4333,0,0,0,0,0
19,-90,14.029,64,1320733,31,68,97,41255,0,0,0,0,0,192,2167,-6633,4333,0,0,0,0,0
19,-90,14.083,65,1320789,31,68,97,41255,0,0,0,0,0,192,2167,-6633,4333,0,0,0,0,0
19,-90,14.195,67,1320901,31,68,97,41255,0,0,0,0,0,192,2167,-6633,4333,0,0,0,0,0
19,-90,14.253,68,1320957,31,68,97,41255,0,0,0,0,0,192,2167,-6633,4333,0,0,0,0,0
19,-90,14.307,69,1321013,31,68,97,41255,0,0,0,0,0,192,2167,-6633,4333,0,0,0,0,0
19,-90,14.364,70,1321069,31,68,97,41255,0,0,0,0,0,192,2167,-6633,4333,0,0,0,0,0
19,-90,14.419,71,1321125,31,68,97,41255,0,0,0,0,0,192,2167,-6633,4333,0,0,0,0,0
19,-90,14.475,72,1321181,31,68,97,41255,0,0,0,0,0,192,2167,-6633,4333,0,0,0,0,0
19,-90,14.532,73,1321237,31,68,97,41255,0,0,0,0,0,192,2167,-6633,4333,0,0,0,0,0
19,-90,14.588,74,1321293,31,68,97,41255,0,0,0,0,0,192,2167,-6633,4333,0,0,0,0,0
19,-90,14.642,75,1321349,31,68,97,41255,0,0,0,0,0,192,2167,-6633,4333,0,0,0,0,0
19,-90,14.699,76,1321405,31,68,97,41255,0,0,0,0,0,192,2167,-6633,4333,0,0,0,0,0
19,-90,14.811,78,1321517,31,68,97,41255,0,0,0,0,0,192,2167,-6633,4333,0,0,0,0,0
19,-90,14.867,79,1321573,31,68,97,41255,0,0,0,0,0,192,2167,-6633,4333,0,0,0,0,0
19,-90,14.925,80,1321629,31,68,97,41255,0,0,0,0,0,192,2167,-6633,4333,0,0,0,0,0
19,-90,14.979,81,1321685,31,68,97,41255,0,0,0,0,0,192,2167,-6633,4333,0,0,0,0,0
19,-90,15.087,83,1321793,31,68,97,41255,0,0,0,0,0,192,2167,-6633,4333,0,0,0,0,0
19,-90,15.145,84,1321849,31,68,97,41255,0,0,0,0,0,192,2167,-6633,4333,0,0,0,0,0
19,-90,15.202,85,1321905,31,68,97,41255,0,0,0,0,0,192,2167,-6633,4333,0,0,0,0,0
19,-90,15.255,86,1321961,31,68,97,41255,0,0,0,0,0,192,2167,-6633,4333,0,0,0,0,0
19,-90,15.316,87,1322017,31,68,97,41255,0,0,0,0,0,192,2167,-6633,4333,0,0,0,0,0
19,-90,15.425,89,1322129,31,68,97,41255,0,0,0,0,0,192,2167,-6633,4333,0,0,0,0,0
19,-90,15.482,90,1322185,31,68,97,41255,0,0,0,0,0,192,2167,-6633,4333,0,0,0,0,0
19,-90,15.54,91,1322241,31,68,97,41255,0,0,0,0,0,192,2167,-6633,4333,0,0,0,0,0
19,-90,15.703,94,1322409,31,68,97,41255,0,0,0,0,0,192,2167,-6633,4333,0,0,0,0,0
19,-90,15.759,95,1322465,31,68,97,41255,0,0,0,0,0,192,2167,-6633,4333,0,0,0,0,0
19,-90,15.816,96,1322521,31,68,97,41255,0,0,0,0,0,192,2167,-6633,4333,0,0,0,0,0
19,-90,15.871,97,1322577,31,68,97,41255,0,0,0,0,0,192,2167,-6633,4333,0,0,0,0,0
19,-90,15.927,98,1322633,31,68,97,41255,0,0,0,0,0,192,2167,-6633,4333,0,0,0,0,0
19,-90,16.103,101,1322801,31,68,97,41255,0,0,0,0,0,192,2167,-6633,4333,0,0,0,0,0
19,-90,16.147,102,1322853,31,68,97,41255,0,0,0,0,0,192,2167,-6633,4333,0,0,0,0,0
19,-90,16.203,103,1322909,31,68,97,41255,0,0,0,0,0,192,2167,-6633,4333,0,0,0,0,0
19,-90,16.259,104,1322965,31,68,97,41255,0,0,0,0,0,192,2167,-6633,4333,0,0,0,0,0
19,-90,16.315,105,1323021,31,68,97,41255,0,0,0,0,0,192,2167,-6633,4333,0,0,0,0,0
19,-90,16.371,106,1323077,31,68,97,41255,0,0,0,0,0,192,2167,-6633,4333,0,0,0,0,0
19,-90,16.427,107,1323133,31,68,97,41255,0,0,0,0,0,192,2167,-6633,4333,0,0,0,0,0
19,-90,16.483,108,1323189,31,68,97,41255,0,0,0,0,0,192,2167,-6633,4333,0,0,0,0,0
19,-90,16.539,109,1323245,31,68,97,41255,0,0,0,0,0,192,2167,-6633,4333,0,0,0,0,0
19,-90,16.596,110,1323301,31,68,97,41255,0,0,0,0,0,192,2167,-6633,4333,0,0,0,0,0
19,-90,16.652,111,1323357,31,68,97,41255,0,0,0,0,0,192,2167,-6633,4333,0,0,0,0,0
20,90,-0.011,85,1336189,31,68,97,41255,0,0,0,0,0,192,2167,-6633,4333,0,0,0,0,0
20,90,0.065,86,1336265,31,68,97,41255,0,0,0,0,0,192,2168,-6633,4333,-800,800,0,0,0
20,90,0.138,87,1336337,31,68,98,41402,0,0,0,-10,36,192,2171,-6644,4361,-1200,1100,0,0,0
20,90,0.283,89,1336481,31,70,101,41767,0,0,0,-20,72,197,2177,-6650,4452,-1700,1600,0,0,0
20,90,0.354,90,1336553,31,72,103,42083,0,0,0,-20,112,200,2180,-6650,4536,-2200,2200,0,0,0
20,90,0.426,91,1336625,31,74,107,42625,0,0,0,-66,144,201,2183,-6675,4655,-2600,2700,0,0,0
20,90,0.506,92,1336697,31,75,109,43562,0,0,0,-128,190,201,2186,-6766,4813,-2900,2900,0,0,0
20,90,0.642,94,1336841,31,75,111,46075,0,0,0,-184,220,201,2192,-7075,5172,-2800,2700,0,0,0
20,90,0.714,95,1336913,31,74,112,47377,0,0,0,-190,181,201,2195,-7241,5352,-2700,2700,0,0,0
20,90,0.786,96,1336985,31,74,112,48687,0,0,0,-190,184,201,2198,-7408,5533,-2600,2500,0,0,0
20,90,0.858,97,1337057,31,74,112,49962,0,0,0,-194,164,201,2201,-7575,5705,-1600,1200,0,0,0
20,90,1.002,98,1337202,31,75,111,51080,0,0,0,0,0,201,2210,-7744,5833,0,0,0,0,0
20,90,1.053,99,1337253,31,75,111,51080,0,0,0,0,0,201,2212,-7744,5833,0,0,0,0,0
20,90,1.125,100,1337325,31,75,111,51080,0,0,0,0,0,201,2215,-7744,5833,0,0,0,0,0
20,90,1.198,101,1337397,31,75,111,51080,0,0,0,0,0,201,2218,-7744,5833,0,0,0,0,0
20,90,1.27,102,1337469,31,75,111,51080,0,0,0,0,0,201,2221,-7744,5833,0,0,0,0,0
20,90,1.341,103,1337541,31,75,111,51080,0,0,0,0,0,201,2224,-7744,5833,0,0,0,0,0
20,90,1.413,104,1337613,31,75,111,51080,0,0,0,0,0,201,2227,-7744,5833,0,0,0,0,0
20,90,1.485,105,1337685,31,75,111,51080,0,0,0,0,0,201,2230,-7744,5833,0,0,0,0,0
20,90,1.629,107,1337829,31,75,111,51080,0,0,0,0,0,201,2236,-7744,5833,0,0,0,0,0
20,90,1.701,108,1337901,31,75,111,51080,0,0,0,0,0,201,2239,-7744,5833,0,0,0,0,0
20,90,1.773,109,1337973,31,75,111,51080,0,0,0,0,0,201,2242,-7744,5833,0,0,0,0,0
20,90,1.845,110,1338045,31,75,111,51080,0,0,0,0,0,201,2245,-7744,5833,0,0,0,0,0
20,90,1.926,111,1338117,31,75,111,51080,0,0,0,0,0,201,2248,-7744,5833,0,0,0,0,0
20,90,1.989,112,1338189,31,75,111,51080,0,0,0,0,0,201,2251,-7744,5833,0,0,0,0,0
20,90,2.062,113,1338261,31,75,111,51080,0,0,0,0,0,201,2254,-7744,5833,0,0,0,0,0
20,90,2.134,114,1338333,31,75,111,51080,0,0,0,0,0,201,2257,-7744,5833,0,0,0,0,0
20,90,2.206,115,1338405,31,75,111,51080,0,0,0,0,0,201,2260,-7744,5833,0,0,0,0,0
20,90,2.277,116,1338477,31,75,111,51080,0,0,0,0,0,201,2263,-7744,5833,0,0,0,0,0
20,90,2.35,117,1338549,31,75,111,51080,0,0,0,0,0,201,2266,-7744,5833,0,0,0,0,0
20,90,2.422,118,1338621,31,75,111,51080,0,0,0,0,0,201,2269,-7744,5833,0,0,0,0,0
20,90,2.493,119,1338693,31,75,111,51080,0,0,0,0,0,201,2272,-7744,5833,0,0,0,0,0
20,90,2.64,121,1338837,31,75,111,51080,0,0,0,0,0,201,2278,-7744,5833,0,0,0,0,0
20,90,2.711,122,1338909,31,75,111,51080,0,0,0,0,0,201,2281,-7744,5833,0,0,0,0,0
20,90,2.781,123,1338981,31,75,111,51080,0,0,0,0,0,201,2284,-7744,5833,0,0,0,0,0
20,90,3.054,127,1339253,31,75,111,51080,0,0,0,0,0,201,2295,-7744,5833,0,0,0,0,0
20,90,3.153,1,1339353,31,75,111,51080,0,0,0,0,0,201,2295,-7744,5833,0,0,0,0,0
20,90,3.217,2,1339409,31,75,111,51080,0,0,0,0,0,201,2295,-7744,5833,0,0,0,0,0
20,90,3.261,3,1339461,31,75,111,51080,0,0,0,0,0,201,2295,-7744,5833,0,0,0,0,0
20,90,3.317,4,1339517,31,75,111,51080,0,0,0,0,0,201,2295,-7744,5833,0,0,0,0,0
20,90,3.373,5,1339573,31,75,111,51080,0,0,0,0,0,201,2295,-7744,5833,0,0,0,0,0
20,90,3.43,6,1339629,31,75,111,51080,0,0,0,0,0,201,2295,-7744,5833,0,0,0,0,0
20,90,3.486,7,1339685,31,75,111,51080,0,0,0,0,0,201,2295,-7744,5833,0,0,0,0,0
20,90,3.542,8,1339741,31,75,111,51080,0,0,0,0,0,201,2295,-7744,5833,0,0,0,0,0
20,90,3.597,9,1339797,31,75,111,51080,0,0,0,0,0,201,2295,-7744,5833,0,0,0,0,0
20,90,3.654,10,1339853,31,75,111,51080,0,0,0,0,0,201,2295,-7744,5833,0,0,0,0,0
20,90,3.709,11,1339909,31,75,111,51080,0,0,0,0,0,201,2295,-7744,5833,0,0,0,0,0
20,90,3.765,12,1339965,31,75,111,51080,0,0,0,0,0,201,2295,-7744,5833,0,0,0,0,0
20,90,3.821,13,1340021,31,75,111,51080,0,0,0,0,0,201,2295,-7744,5833,0,0,0,0,0
20,90,3.878,14,1340077,31,75,111,51080,0,0,0,0,0,201,2295,-7744,5833,0,0,0,0,0
20,90,3.933,15,1340133,31,75,111,51080,0,0,0,0,0,201,2295,-7744,5833,0,0,0,0,0
20,90,3.99,16,1340189,31,75,111,51080,0,0,0,0,0,201,2295,-7744,5833,0,0,0,0,0
20,90,4.045,17,1340245,31,75,111,51080,0,0,0,0,0,201,2295,-7744,5833,0,0,0,0,0
20,90,4.169,19,1340357,31,75,111,51080,0,0,0,0,0,201,2295,-7744,5833,0,0,0,0,0
20,90,4.214,20,1340413,31,75,111,51080,0,0,0,0,0,201,2295,-7744,5833,0,0,0,0,0
20,90,4.279,21,1340469,31,75,111,51080,0,0,0,0,0,201,2295,-7744,5833,0,0,0,0,0
20,90,4.324,22,1340521,31,75,111,51080,0,0,0,0,0,201,2295,-7744,5833,0,0,0,0,0
20,90,4.434,24,1340633,31,75,111,51080,0,0,0,0,0,201,2295,-7744,5833,0,0,0,0,0
20,90,4.489,25,1340689,31,75,111,51080,0,0,0,0,0,201,2295,-7744,5833,0,0,0,0,0
20,90,4.545,26,1340745,31,75,111,51080,0,0,0,0,0,201,2295,-7744,5833,0,0,0,0,0
20,90,4.601,27,1340801,31,75,111,51080,0,0,0,0,0,201,2295,-7744,5833,0,0,0,0,0
20,90,4.657,28,1340857,31,75,111,51080,0,0,0,0,0,201,2295,-7744,5833,0,0,0,0,0
20,90,4.713,29,1340913,31,75,111,51080,0,0,0,0,0,201,2295,-7744,5833,0,0,0,0,0
20,90,4.882,32,1341081,31,75,111,51080,0,0,0,0,0,201,2295,-7744,5833,0,0,0,0,0
20,90,4.937,33,1341137,31,75,111,51080,0,0,0,0,0,201,2295,-7744,5833,0,0,0,0,0
20,90,4.993,34,1341193,31,75,111,51080,0,0,0,0,0,201,2295,-7744,5833,0,0,0,0,0
20,90,5.049,35,1341249,31,75,111,51080,0,0,0,0,0,201,2295,-7744,5833,0,0,0,0,0
20,90,5.105,36,1341305,31,75,111,51080,0,0,0,0,0,201,2295,-7744,5833,0,0,0,0,0
20,90,5.161,37,1341361,31,75,111,51080,0,0,0,0,0,201,2295,-7744,5833,0,0,0,0,0
20,90,5.218,38,1341417,31,75,111,51080,0,0,0,0,0,201,2295,-7744,5833,0,0,0,0,0
20,90,5.272,39,1341473,31,75,111,51080,0,0,0,0,0,201,2295,-7744,5833,0,0,0,0,0
20,90,5.381,41,1341581,31,75,111,51080,0,0,0,0,0,201,2295,-7744,5833,0,0,0,0,0
20,90,5.437,42,1341637,31,75,111,51080,0,0,0,0,0,201,2295,-7744,5833,0,0,0,0,0
20,90,5.493,43,1341693,31,75,111,51080,0,0,0,0,0,201,2295,-7744,5833,0,0,0,0,0
20,90,5.549,44,1341749,31,75,111,51080,0,0,0,0,0,201,2295,-7744,5833,0,0,0,0,0
20,90,5.605,45,1341805,31,75,111,51080,0,0,0,0,0,201,2295,-7744,5833,0,0,0,0,0
20,90,5.773,48,1341973,31,75,111,51080,0,0,0,0,0,201,2295,-7744,5833,0,0,0,0,0
20,90,5.83,49,1342029,31,75,111,51080,0,0,0,0,0,201,2295,-7744,5833,0,0,0,0,0
20,90,5.885,50,1342085,31,75,111,51080,0,0,0,0,0,201,2295,-7744,5833,0,0,0,0,0
20,90,5.94,51,1342141,31,75,111,51080,0,0,0,0,0,201,2295,-7744,5833,0,0,0,0,0
20,90,6.053,53,1342253,31,75,111,51080,0,0,0,0,0,201,2295,-7744,5833,0,0,0,0,0
20,90,6.109,54,1342309,31,75,111,51080,0,0,0,0,0,201,2295,-7744,5833,0,0,0,0,0
20,90,6.165,55,1342365,31,75,111,51080,0,0,0,0,0,201,2295,-7744,5833,0,0,0,0,0
20,90,6.221,56,1342421,31,75,111,51080,0,0,0,0,0,201,2295,-7744,5833,0,0,0,0,0
20,90,6.277,57,1342477,31,75,111,51080,0,0,0,0,0,201,2295,-7744,5833,0,0,0,0,0
20,90,6.332,58,1342533,31,75,111,51080,0,0,0,0,0,201,2295,-7744,5833,0,0,0,0,0
20,90,6.398,59,1342589,31,75,111,51080,0,0,0,0,0,201,2295,-7744,5833,0,0,0,0,0
20,90,6.443,60,1342641,31,75,111,51080,0,0,0,0,0,201,2295,-7744,5833,0,0,0,0,0
20,90,6.502,61,1342697,31,75,111,51080,0,0,0,0,0,201,2295,-7744,5833,0,0,0,0,0
20,90,6.554,62,1342753,31,75,111,51080,0,0,0,0,0,201,2295,-7744,5833,0,0,0,0,0
20,90,6.665,64,1342865,31,75,111,51080,0,0,0,0,0,201,2295,-7744,5833,0,0,0,0,0
20,90,6.721,65,1342921,31,75,111,51080,0,0,0,0,0,201,2295,-7744,5833,0,0,0,0,0
20,90,6.778,66,1342977,31,75,111,51080,0,0,0,0,0,201,2295,-7744,5833,0,0,0,0,0
20,90,6.832,67,1343033,31,75,111,51080,0,0,0,0,0,201,2295,-7744,5833,0,0,0,0,0
20,90,6.889,68,1343089,31,75,111,51080,0,0,0,0,0,201,2295,-7744,5833,0,0,0,0,0
20,90,6.946,69,1343145,31,75,111,51080,0,0,0,0,0,201,2295,-7744,5833,0,0,0,0,0
20,90,7.002,70,1343201,31,75,111,51080,0,0,0,0,0,201,2295,-7744,5833,0,0,0,0,0
20,90,7.057,71,1343257,31,75,111,51080,0,0,0,0,0,201,2295,-7744,5833,0,0,0,0,0
20,90,7.113,72,1343313,31,75,111,51080,0,0,0,0,0,201,2295,-7744,5833,0,0,0,0,0
20,90,7.17,73,1343369,31,75,111,51080,0,0,0,0,0,201,2295,-7744,5833,0,0,0,0,0
20,90,7.281,75,1343481,31,75,111,51080,0,0,0,0,0,201,2295,-7744,5833,0,0,0,0,0
20,90,7.337,76,1343537,31,75,111,51080,0,0,0,0,0,201,2295,-7744,5833,0,0,0,0,0
20,90,7.393,77,1343593,31,75,111,51080,0,0,0,0,0,201,2295,-7744,5833,0,0,0,0,0
20,90,7.508,79,1343701,31,75,111,51080,0,0,0,0,0,201,2295,-7744,5833,0,0,0,0,0
20,90,7.558,80,1343757,31,75,111,51080,0,0,0,0,0,201,2295,-7744,5833,0,0,0,0,0
20,90,7.615,81,1343813,31,75,111,51080,0,0,0,0,0,201,2295,-7744,5833,0,0,0,0,0
20,90,7.67,82,1343869,31,75,111,51080,0,0,0,0,0,201,2295,-7744,5833,0,0,0,0,0
20,90,7.725,83,1343925,31,75,111,51080,0,0,0,0,0,201,2295,-7744,5833,0,0,0,0,0
20,90,7.783,84,1343981,31,75,111,51080,0,0,0,0,0,201,2295,-7744,5833,0,0,0,0,0
20,90,7.84,85,1344037,31,75,111,51080,0,0,0,0,0,201,2295,-7744,5833,0,0,0,0,0
20,90,7.949,87,1344149,31,75,111,51080,0,0,0,0,0,201,2295,-7744,5833,0,0,0,0,0
20,90,8.005,88,1344205,31,75,111,51080,0,0,0,0,0,201,2295,-7744,5833,0,0,0,0,0
20,90,8.064,89,1344261,31,75,111,51080,0,0,0,0,0,201,2295,-7744,5833,0,0,0,0,0
20,90,8.118,90,1344317,31,75,111,51080,0,0,0,0,0,201,2295,-7744,5833,0,0,0,0,0
20,90,8.229,92,1344429,31,75,111,51080,0,0,0,0,0,201,2295,-7744,5833,0,0,0,0,0
20,90,8.285,93,1344485,31,75,111,51080,0,0,0,0,0,201,2295,-7744,5833,0,0,0,0,0
20,90,8.402,95,1344597,31,75,111,51080,0,0,0,0,0,201,2295,-7744,5833,0,0,0,0,0
20,90,8.561,98,1344761,31,75,111,51080,0,0,0,0,0,201,2295,-7744,5833,0,0,0,0,0
20,90,8.674,100,1344873,31,75,111,51080,0,0,0,0,0,201,2295,-7744,5833,0,0,0,0,0
20,90,8.785,102,1344985,31,75,111,51080,0,0,0,0,0,201,2295,-7744,5833,0,0,0,0,0
20,90,8.84,103,1345041,31,75,111,51080,0,0,0,0,0,201,2295,-7744,5833,0,0,0,0,0
20,90,8.896,104,1345097,31,75,111,51080,0,0,0,0,0,201,2295,-7744,5833,0,0,0,0,0
20,90,8.953,105,1345153,31,75,111,51080,0,0,0,0,0,201,2295,-7744,5833,0,0,0,0,0
20,90,9.065,107,1345265,31,75,111,51080,0,0,0,0,0,201,2295,-7744,5833,0,0,0,0,0
20,90,9.177,109,1345377,31,75,111,51080,0,0,0,0,0,201,2295,-7744,5833,0,0,0,0,0
20,90,9.232,110,1345433,31,75,111,51080,0,0,0,0,0,201,2295,-7744,5833,0,0,0,0,0
20,90,9.288,111,1345489,31,75,111,51080,0,0,0,0,0,201,2295,-7744,5833,0,0,0,0,0
20,90,9.4,113,1345601,31,75,111,51080,0,0,0,0,0,201,2295,-7744,5833,0,0,0,0,0
20,90,9.458,114,1345657,31,75,111,51080,0,0,0,0,0,201,2295,-7744,5833,0,0,0,0,0
20,90,9.514,115,1345713,31,75,111,51080,0,0,0,0,0,201,2295,-7744,5833,0,0,0,0,0
20,90,9.578,116,1345769,31,75,111,51080,0,0,0,0,0,201,2295,-7744,5833,0,0,0,0,0
20,90,9.622,117,1345821,31,75,111,51080,0,0,0,0,0,201,2295,-7744,5833,0,0,0,0,0
20,90,9.677,118,1345877,31,75,111,51080,0,0,0,0,0,201,2295,-7744,5833,0,0,0,0,0
20,90,9.732,119,1345933,31,75,111,51080,0,0,0,0,0,201,2295,-7744,5833,0,0,0,0,0
20,90,9.789,120,1345989,31,75,111,51080,0,0,0,0,0,201,2295,-7744,5833,0,0,0,0,0
20,90,9.845,121,1346045,31,75,111,51080,0,0,0,0,0,201,2295,-7744,5833,0,0,0,0,0
20,90,9.9,122,1346101,31,75,111,51080,0,0,0,0,0,201,2295,-7744,5833,0,0,0,0,0
20,90,9.956,123,1346157,31,75,111,51080,0,0,0,0,0,201,2295,-7744,5833,0,0,0,0,0
20,90,10.013,124,1346213,31,75,111,51080,0,0,0,0,0,201,2295,-7744,5833,0,0,0,0,0
20,90,10.069,125,1346269,31,75,111,51080,0,0,0,0,0,201,2295,-7744,5833,0,0,0,0,0
20,90,10.124,126,1346325,31,75,111,51080,0,0,0,0,0,201,2295,-7744,5833,0,0,0,0,0
20,90,10.182,127,1346381,31,75,111,51080,0,0,0,0,0,201,2295,-7744,5833,0,0,0,0,0
20,90,10.237,0,1346437,31,75,111,51080,0,0,0,0,0,201,2295,-7744,5833,0,0,0,0,0
20,90,10.294,1,1346493,31,75,111,51080,0,0,0,0,0,201,2295,-7744,5833,0,0,0,0,0
20,90,10.406,3,1346605,31,75,111,51080,0,0,0,0,0,201,2295,-7744,5833,0,0,0,0,0
20,90,10.461,4,1346661,31,75,111,51080,0,0,0,0,0,201,2295,-7744,5833,0,0,0,0,0
20,90,10.517,5,1346717,31,75,111,51080,0,0,0,0,0,201,2295,-7744,5833,0,0,0,0,0
20,90,10.572,6,1346773,31,75,111,51080,0,0,0,0,0,201,2295,-7744,5833,0,0,0,0,0
20,90,10.636,7,1346829,31,75,111,51080,0,0,0,0,0,201,2295,-7744,5833,0,0,0,0,0
20,90,10.68,8,1346881,31,75,111,51080,0,0,0,0,0,201,2295,-7744,5833,0,0,0,0,0
20,90,10.737,9,1346937,31,75,111,51080,0,0,0,0,0,201,2295,-7744,5833,0,0,0,0,0
20,90,10.792,10,1346993,31,75,111,51080,0,0,0,0,0,201,2295,-7744,5833,0,0,0,0,0
20,90,10.849,11,1347049,31,75,111,51080,0,0,0,0,0,201,2295,-7744,5833,0,0,0,0,0
20,90,10.904,12,1347105,31,75,111,51080,0,0,0,0,0,201,2295,-7744,5833,0,0,0,0,0
20,90,10.96,13,1347161,31,75,111,51080,0,0,0,0,0,201,2295,-7744,5833,0,0,0,0,0
20,90,11.074,15,1347273,31,75,111,51080,0,0,0,0,0,201,2295,-7744,5833,0,0,0,0,0
20,90,11.13,16,1347329,31,75,111,51080,0,0,0,0,0,201,2295,-7744,5833,0,0,0,0,0
20,90,11.189,17,1347385,31,75,111,51080,0,0,0,0,0,201,2295,-7744,5833,0,0,0,0,0
20,90,11.24,18,1347441,31,75,111,51080,0,0,0,0,0,201,2295,-7744,5833,0,0,0,0,0
20,90,11.296,19,1347497,31,75,111,51080,0,0,0,0,0,201,2295,-7744,5833,0,0,0,0,0
20,90,11.352,20,1347553,31,75,111,51080,0,0,0,0,0,201,2295,-7744,5833,0,0,0,0,0
20,90,11.409,21,1347609,31,75,111,51080,0,0,0,0,0,201,2295,-7744,5833,0,0,0,0,0
20,90,11.468,22,1347665,31,75,111,51080,0,0,0,0,0,201,2295,-7744,5833,0,0,0,0,0
20,90,11.522,23,1347721,31,75,111,51080,0,0,0,0,0,201,2295,-7744,5833,0,0,0,0,0
20,90,11.633,25,1347833,31,75,111,51080,0,0,0,0,0,201,2295,-7744,5833,0,0,0,0,0
20,90,11.697,26,1347889,31,75,111,51080,0,0,0,0,0,201,2295,-7744,5833,0,0,0,0,0
20,90,11.741,27,1347941,31,75,111,51080,0,0,0,0,0,201,2295,-7744,5833,0,0,0,0,0
20,90,11.797,28,1347997,31,75,111,51080,0,0,0,0,0,201,2295,-7744,5833,0,0,0,0,0
20,90,11.852,29,1348053,31,75,111,51080,0,0,0,0,0,201,2295,-7744,5833,0,0,0,0,0
20,90,11.91,30,1348109,31,75,111,51080,0,0,0,0,0,201,2295,-7744,5833,0,0,0,0,0
20,90,12.021,32,1348221,31,75,111,51080,0,0,0,0,0,201,2295,-7744,5833,0,0,0,0,0
20,90,12.077,33,1348277,31,75,111,51080,0,0,0,0,0,201,2295,-7744,5833,0,0,0,0,0
20,90,12.132,34,1348333,31,75,111,51080,0,0,0,0,0,201,2295,-7744,5833,0,0,0,0,0
20,90,12.19,35,1348389,31,75,111,51080,0,0,0,0,0,201,2295,-7744,5833,0,0,0,0,0
20,90,12.302,37,1348501,31,75,111,51080,0,0,0,0,0,201,2295,-7744,5833,0,0,0,0,0
20,90,12.356,38,1348557,31,75,111,51080,0,0,0,0,0,201,2295,-7744,5833,0,0,0,0,0
20,90,12.412,39,1348613,31,75,111,51080,0,0,0,0,0,201,2295,-7744,5833,0,0,0,0,0
20,90,12.58,42,1348781,31,75,111,51080,0,0,0,0,0,201,2295,-7744,5833,0,0,0,0,0
20,90,12.636,43,1348837,31,75,111,51080,0,0,0,0,0,201,2295,-7744,5833,0,0,0,0,0
20,90,12.756,45,1348949,31,75,111,51080,0,0,0,0,0,201,2295,-7744,5833,0,0,0,0,0
20,90,12.856,47,1349057,31,75,111,51080,0,0,0,0,0,201,2295,-7744,5833,0,0,0,0,0
20,90,12.968,49,1349169,31,75,111,51080,0,0,0,0,0,201,2295,-7744,5833,0,0,0,0,0
20,90,13.025,50,1349225,31,75,111,51080,0,0,0,0,0,201,2295,-7744,5833,0,0,0,0,0
20,90,13.08,51,1349281,31,75,111,51080,0,0,0,0,0,201,2295,-7744,5833,0,0,0,0,0
20,90,13.137,52,1349337,31,75,111,51080,0,0,0,0,0,201,2295,-7744,5833,0,0,0,0,0
20,90,13.193,53,1349393,31,75,111,51080,0,0,0,0,0,201,2295,-7744,5833,0,0,0,0,0
20,90,13.248,54,1349449,31,75,111,51080,0,0,0,0,0,201,2295,-7744,5833,0,0,0,0,0
20,90,13.306,55,1349505,31,75,111,51080,0,0,0,0,0,201,2295,-7744,5833,0,0,0,0,0
20,90,13.36,56,1349561,31,75,111,51080,0,0,0,0,0,201,2295,-7744,5833,0,0,0,0,0
20,90,13.416,57,1349617,31,75,111,51080,0,0,0,0,0,201,2295,-7744,5833,0,0,0,0,0
20,90,13.528,59,1349729,31,75,111,51080,0,0,0,0,0,201,2295,-7744,5833,0,0,0,0,0
20,90,13.584,60,1349785,31,75,111,51080,0,0,0,0,0,201,2295,-7744,5833,0,0,0,0,0
20,90,13.64,61,1349841,31,75,111,51080,0,0,0,0,0,201,2295,-7744,5833,0,0,0,0,0
20,90,13.697,62,1349897,31,75,111,51080,0,0,0,0,0,201,2295,-7744,5833,0,0,0,0,0
20,90,13.752,63,1349953,31,75,111,51080,0,0,0,0,0,201,2295,-7744,5833,0,0,0,0,0
20,90,13.817,64,1350009,31,75,111,51080,0,0,0,0,0,201,2295,-7744,5833,0,0,0,0,0
20,90,13.861,65,1350061,31,75,111,51080,0,0,0,0,0,201,2295,-7744,5833,0,0,0,0,0
20,90,13.917,66,1350117,31,75,111,51080,0,0,0,0,0,201,2295,-7744,5833,0,0,0,0,0
20,90,13.972,67,1350173,31,75,111,51080,0,0,0,0,0,201,2295,-7744,5833,0,0,0,0,0
20,90,14.029,68,1350229,31,75,111,51080,0,0,0,0,0,201,2295,-7744,5833,0,0,0,0,0
20,90,14.085,69,1350285,31,75,111,51080,0,0,0,0,0,201,2295,-7744,5833,0,0,0,0,0
20,90,14.141,70,1350341,31,75,111,51080,0,0,0,0,0,201,2295,-7744,5833,0,0,0,0,0
20,90,14.197,71,1350397,31,75,111,51080,0,0,0,0,0,201,2295,-7744,5833,0,0,0,0,0
20,90,14.253,72,1350453,31,75,111,51080,0,0,0,0,0,201,2295,-7744,5833,0,0,0,0,0
21,-107,-0.01,120,1360267,31,75,111,51080,0,0,0,0,0,201,2295,-7744,5833,0,0,0,0,0
21,-107,0.032,121,1360317,31,75,111,51080,0,0,0,0,0,201,2295,-7744,5833,0,0,0,0,0
21,-107,0.103,122,1360379,31,75,111,51080,0,0,0,0,0,202,2297,-7744,5833,1000,-1000,0,0,0
21,-107,0.168,123,1360449,31,77,111,50956,0,0,0,0,-45,205,2300,-7744,5800,1300,-1200,0,0,0
21,-107,0.237,124,1360521,31,78,110,50745,0,0,0,0,-72,208,2303,-7744,5744,1500,-1400,0,0,0
21,-107,0.308,125,1360593,71,81,108,50463,0,0,0,0,-92,211,2306,-7744,5669,2000,-1800,0,0,0
21,-107,0.388,126,1360665,31,84,106,49992,0,0,0,36,-118,211,2309,-7727,5561,2300,-2300,0,0,0
21,-107,0.453,127,1360737,31,86,104,49259,0,0,0,79,-171,211,2312,-7666,5427,2700,-2700,0,0,0
21,-107,0.524,0,1360809,31,87,102,48228,0,0,0,138,-190,211,2315,-7558,5261,2800,-2900,0,0,0
21,-107,0.596,1,1360881,31,88,100,47057,0,0,0,128,-217,211,2318,-7436,5072,2800,-2700,0,0,0
21,-107,0.668,2,1360953,31,89,97,45842,0,0,0,148,-200,211,2321,-7302,4883,2700,-2500,0,0,0
21,-107,0.727,3,1361003,31,89,96,45040,0,0,0,144,-190,211,2323,-7211,4761,2800,-2300,0,0,0
21,-107,0.788,4,1361073,31,89,95,43919,0,0,0,132,-172,211,2326,-7080,4594,2700,-2300,0,0,0
21,-107,0.86,5,1361145,31,89,94,42824,0,0,0,144,-174,211,2329,-6950,4433,2600,-2200,0,0,0
21,-107,0.933,6,1361217,31,88,93,41756,0,0,0,148,-164,211,2332,-6816,4283,2600,-2100,0,0,0
21,-107,1.003,7,1361289,31,88,93,40762,0,0,0,138,-144,211,2335,-6691,4144,1800,-1100,0,0,0
21,-107,1.124,8,1361410,31,88,93,39916,0,0,0,0,0,211,2342,-6572,4038,0,0,0,0,0
21,-107,1.174,9,1361461,31,88,93,39916,0,0,0,0,0,211,2344,-6572,4038,0,0,0,0,0
21,-107,1.246,10,1361533,31,88,93,39916,0,0,0,0,0,211,2347,-6572,4038,0,0,0,0,0
21,-107,1.33,11,1361607,31,88,93,39916,0,0,0,0,0,211,2350,-6572,4038,0,0,0,0,0
21,-107,1.37,12,1361657,31,88,93,39916,0,0,0,0,0,211,2350,-6572,4038,0,0,0,0,0
21,-107,1.427,13,1361713,31,88,93,39916,0,0,0,0,0,211,2350,-6572,4038,0,0,0,0,0
21,-107,1.483,14,1361769,31,88,93,39916,0,0,0,0,0,211,2350,-6572,4038,0,0,0,0,0
21,-107,1.539,15,1361825,31,88,93,39916,0,0,0,0,0,211,2350,-6572,4038,0,0,0,0,0
21,-107,1.594,16,1361881,31,88,93,39916,0,0,0,0,0,211,2350,-6572,4038,0,0,0,0,0
21,-107,1.659,17,1361937,31,88,93,39916,0,0,0,0,0,211,2350,-6572,4038,0,0,0,0,0
21,-107,1.703,18,1361989,31,88,93,39916,0,0,0,0,0,211,2350,-6572,4038,0,0,0,0,0
21,-107,1.759,19,1362045,31,88,93,39916,0,0,0,0,0,211,2350,-6572,4038,0,0,0,0,0
21,-107,1.814,20,1362101,31,88,93,39916,0,0,0,0,0,211,2350,-6572,4038,0,0,0,0,0
21,-107,1.87,21,1362157,31,88,93,39916,0,0,0,0,0,211,2350,-6572,4038,0,0,0,0,0
21,-107,1.927,22,1362213,31,88,93,39916,0,0,0,0,0,211,2350,-6572,4038,0,0,0,0,0
21,-107,2.038,24,1362325,31,88,93,39916,0,0,0,0,0,211,2350,-6572,4038,0,0,0,0,0
21,-107,2.094,25,1362381,31,88,93,39916,0,0,0,0,0,211,2350,-6572,4038,0,0,0,0,0
21,-107,2.151,26,1362437,31,88,93,39916,0,0,0,0,0,211,2350,-6572,4038,0,0,0,0,0
21,-107,2.206,27,1362493,31,88,93,39916,0,0,0,0,0,211,2350,-6572,4038,0,0,0,0,0
21,-107,2.263,28,1362549,31,88,93,39916,0,0,0,0,0,211,2350,-6572,4038,0,0,0,0,0
21,-107,2.318,29,1362605,31,88,93,39916,0,0,0,0,0,211,2350,-6572,4038,0,0,0,0,0
21,-107,2.375,30,1362661,31,88,93,39916,0,0,0,0,0,211,2350,-6572,4038,0,0,0,0,0
21,-107,2.431,31,1362717,31,88,93,39916,0,0,0,0,0,211,2350,-6572,4038,0,0,0,0,0
21,-107,2.598,34,1362885,31,88,93,39916,0,0,0,0,0,211,2350,-6572,4038,0,0,0,0,0
21,-107,2.654,35,1362941,31,88,93,39916,0,0,0,0,0,211,2350,-6572,4038,0,0,0,0,0
21,-107,2.712,36,1362997,31,88,93,39916,0,0,0,0,0,211,2350,-6572,4038,0,0,0,0,0
21,-107,2.763,37,1363049,31,88,93,39916,0,0,0,0,0,211,2350,-6572,4038,0,0,0,0,0
21,-107,2.819,38,1363105,31,88,93,39916,0,0,0,0,0,211,2350,-6572,4038,0,0,0,0,0
21,-107,2.875,39,1363161,31,88,93,39916,0,0,0,0,0,211,2350,-6572,4038,0,0,0,0,0
21,-107,2.931,40,1363217,31,88,93,39916,0,0,0,0,0,211,2350,-6572,4038,0,0,0,0,0
21,-107,2.988,41,1363273,31,88,93,39916,0,0,0,0,0,211,2350,-6572,4038,0,0,0,0,0
21,-107,3.042,42,1363329,31,88,93,39916,0,0,0,0,0,211,2350,-6572,4038,0,0,0,0,0
21,-107,3.099,43,1363385,31,88,93,39916,0,0,0,0,0,211,2350,-6572,4038,0,0,0,0,0
21,-107,3.156,44,1363441,31,88,93,39916,0,0,0,0,0,211,2350,-6572,4038,0,0,0,0,0
21,-107,3.268,46,1363553,31,88,93,39916,0,0,0,0,0,211,2350,-6572,4038,0,0,0,0,0
21,-107,3.379,48,1363665,31,88,93,39916,0,0,0,0,0,211,2350,-6572,4038,0,0,0,0,0
21,-107,3.434,49,1363721,31,88,93,39916,0,0,0,0,0,211,2350,-6572,4038,0,0,0,0,0
21,-107,3.491,50,1363777,31,88,93,39916,0,0,0,0,0,211,2350,-6572,4038,0,0,0,0,0
21,-107,3.547,51,1363833,31,88,93,39916,0,0,0,0,0,211,2350,-6572,4038,0,0,0,0,0
21,-107,3.602,52,1363889,31,88,93,39916,0,0,0,0,0,211,2350,-6572,4038,0,0,0,0,0
21,-107,3.658,53,1363945,31,88,93,39916,0,0,0,0,0,211,2350,-6572,4038,0,0,0,0,0
21,-107,3.715,54,1364001,31,88,93,39916,0,0,0,0,0,211,2350,-6572,4038,0,0,0,0,0
21,-107,3.823,56,1364109,31,88,93,39916,0,0,0,0,0,211,2350,-6572,4038,0,0,0,0,0
21,-107,3.879,57,1364165,31,88,93,39916,0,0,0,0,0,211,2350,-6572,4038,0,0,0,0,0
21,-107,3.935,58,1364221,31,88,93,39916,0,0,0,0,0,211,2350,-6572,4038,0,0,0,0,0
21,-107,3.992,59,1364277,31,88,93,39916,0,0,0,0,0,211,2350,-6572,4038,0,0,0,0,0
21,-107,4.047,60,1364333,31,88,93,39916,0,0,0,0,0,211,2350,-6572,4038,0,0,0,0,0
21,-107,4.103,61,1364389,31,88,93,39916,0,0,0,0,0,211,2350,-6572,4038,0,0,0,0,0
21,-107,4.159,62,1364445,31,88,93,39916,0,0,0,0,0,211,2350,-6572,4038,0,0,0,0,0
21,-107,4.214,63,1364501,31,88,93,39916,0,0,0,0,0,211,2350,-6572,4038,0,0,0,0,0
21,-107,4.271,64,1364557,31,88,93,39916,0,0,0,0,0,211,2350,-6572,4038,0,0,0,0,0
21,-107,4.327,65,1364613,31,88,93,39916,0,0,0,0,0,211,2350,-6572,4038,0,0,0,0,0
21,-107,4.382,66,1364669,31,88,93,39916,0,0,0,0,0,211,2350,-6572,4038,0,0,0,0,0
21,-107,4.494,68,1364781,31,88,93,39916,0,0,0,0,0,211,2350,-6572,4038,0,0,0,0,0
21,-107,4.551,69,1364837,31,88,93,39916,0,0,0,0,0,211,2350,-6572,4038,0,0,0,0,0
21,-107,4.608,70,1364893,31,88,93,39916,0,0,0,0,0,211,2350,-6572,4038,0,0,0,0,0
21,-107,4.662,71,1364949,31,88,93,39916,0,0,0,0,0,211,2350,-6572,4038,0,0,0,0,0
21,-107,4.718,72,1365005,31,88,93,39916,0,0,0,0,0,211,2350,-6572,4038,0,0,0,0,0
21,-107,4.774,73,1365061,31,88,93,39916,0,0,0,0,0,211,2350,-6572,4038,0,0,0,0,0
21,-107,4.839,74,1365117,31,88,93,39916,0,0,0,0,0,211,2350,-6572,4038,0,0,0,0,0
21,-107,4.882,75,1365169,31,88,93,39916,0,0,0,0,0,211,2350,-6572,4038,0,0,0,0,0
21,-107,4.938,76,1365225,31,88,93,39916,0,0,0,0,0,211,2350,-6572,4038,0,0,0,0,0
21,-107,4.994,77,1365281,31,88,93,39916,0,0,0,0,0,211,2350,-6572,4038,0,0,0,0,0
21,-107,5.051,78,1365337,31,88,93,39916,0,0,0,0,0,211,2350,-6572,4038,0,0,0,0,0
21,-107,5.163,80,1365449,31,88,93,39916,0,0,0,0,0,211,2350,-6572,4038,0,0,0,0,0
21,-107,5.218,81,1365505,31,88,93,39916,0,0,0,0,0,211,2350,-6572,4038,0,0,0,0,0
21,-107,5.275,82,1365561,31,88,93,39916,0,0,0,0,0,211,2350,-6572,4038,0,0,0,0,0
21,-107,5.386,84,1365673,31,88,93,39916,0,0,0,0,0,211,2350,-6572,4038,0,0,0,0,0
21,-107,5.443,85,1365729,31,88,93,39916,0,0,0,0,0,211,2350,-6572,4038,0,0,0,0,0
21,-107,5.5,86,1365785,31,88,93,39916,0,0,0,0,0,211,2350,-6572,4038,0,0,0,0,0
21,-107,5.554,87,1365841,31,88,93,39916,0,0,0,0,0,211,2350,-6572,4038,0,0,0,0,0
21,-107,5.61,88,1365897,31,88,93,39916,0,0,0,0,0,211,2350,-6572,4038,0,0,0,0,0
21,-107,5.722,90,1366009,31,88,93,39916,0,0,0,0,0,211,2350,-6572,4038,0,0,0,0,0
21,-107,5.779,91,1366065,31,88,93,39916,0,0,0,0,0,211,2350,-6572,4038,0,0,0,0,0
21,-107,5.835,92,1366121,31,88,93,39916,0,0,0,0,0,211,2350,-6572,4038,0,0,0,0,0
21,-107,5.9,93,1366177,31,88,93,39916,0,0,0,0,0,211,2350,-6572,4038,0,0,0,0,0
21,-107,5.942,94,1366229,31,88,93,39916,0,0,0,0,0,211,2350,-6572,4038,0,0,0,0,0
21,-107,5.999,95,1366285,31,88,93,39916,0,0,0,0,0,211,2350,-6572,4038,0,0,0,0,0
21,-107,6.055,96,1366341,31,88,93,39916,0,0,0,0,0,211,2350,-6572,4038,0,0,0,0,0
21,-107,6.111,97,1366397,31,88,93,39916,0,0,0,0,0,211,2350,-6572,4038,0,0,0,0,0
21,-107,6.167,98,1366453,31,88,93,39916,0,0,0,0,0,211,2350,-6572,4038,0,0,0,0,0
21,-107,6.23,99,1366509,31,88,93,39916,0,0,0,0,0,211,2350,-6572,4038,0,0,0,0,0
21,-107,6.279,100,1366565,31,88,93,39916,0,0,0,0,0,211,2350,-6572,4038,0,0,0,0,0
21,-107,6.503,104,1366789,31,88,93,39916,0,0,0,0,0,211,2350,-6572,4038,0,0,0,0,0
21,-107,6.559,105,1366845,31,88,93,39916,0,0,0,0,0,211,2350,-6572,4038,0,0,0,0,0
21,-107,6.615,106,1366901,31,88,93,39916,0,0,0,0,0,211,2350,-6572,4038,0,0,0,0,0
21,-107,6.67,107,1366957,31,88,93,39916,0,0,0,0,0,211,2350,-6572,4038,0,0,0,0,0
21,-107,6.726,108,1367013,31,88,93,39916,0,0,0,0,0,211,2350,-6572,4038,0,0,0,0,0
21,-107,6.783,109,1367069,31,88,93,39916,0,0,0,0,0,211,2350,-6572,4038,0,0,0,0,0
21,-107,6.839,110,1367125,31,88,93,39916,0,0,0,0,0,211,2350,-6572,4038,0,0,0,0,0
21,-107,6.96,112,1367237,31,88,93,39916,0,0,0,0,0,211,2350,-6572,4038,0,0,0,0,0
21,-107,7.058,114,1367345,31,88,93,39916,0,0,0,0,0,211,2350,-6572,4038,0,0,0,0,0
21,-107,7.17,116,1367457,31,88,93,39916,0,0,0,0,0,211,2350,-6572,4038,0,0,0,0,0
21,-107,7.227,117,1367513,31,88,93,39916,0,0,0,0,0,211,2350,-6572,4038,0,0,0,0,0
21,-107,7.283,118,1367569,31,88,93,39916,0,0,0,0,0,211,2350,-6572,4038,0,0,0,0,0
21,-107,7.338,119,1367625,31,88,93,39916,0,0,0,0,0,211,2350,-6572,4038,0,0,0,0,0
21,-107,7.394,120,1367681,31,88,93,39916,0,0,0,0,0,211,2350,-6572,4038,0,0,0,0,0
21,-107,7.451,121,1367737,31,88,93,39916,0,0,0,0,0,211,2350,-6572,4038,0,0,0,0,0
21,-107,7.506,122,1367793,31,88,93,39916,0,0,0,0,0,211,2350,-6572,4038,0,0,0,0,0
21,-107,7.619,124,1367905,31,88,93,39916,0,0,0,0,0,211,2350,-6572,4038,0,0,0,0,0
21,-107,7.675,125,1367961,31,88,93,39916,0,0,0,0,0,211,2350,-6572,4038,0,0,0,0,0
21,-107,7.73,126,1368017,31,88,93,39916,0,0,0,0,0,211,2350,-6572,4038,0,0,0,0,0
21,-107,7.786,127,1368073,31,88,93,39916,0,0,0,0,0,211,2350,-6572,4038,0,0,0,0,0
21,-107,7.843,0,1368129,31,88,93,39916,0,0,0,0,0,211,2350,-6572,4038,0,0,0,0,0
21,-107,7.899,1,1368185,31,88,93,39916,0,0,0,0,0,211,2350,-6572,4038,0,0,0,0,0
21,-107,7.955,2,1368241,31,88,93,39916,0,0,0,0,0,211,2350,-6572,4038,0,0,0,0,0
21,-107,8.018,3,1368297,31,88,93,39916,0,0,0,0,0,211,2350,-6572,4038,0,0,0,0,0
21,-107,8.064,4,1368349,31,88,93,39916,0,0,0,0,0,211,2350,-6572,4038,0,0,0,0,0
21,-107,8.119,5,1368405,31,88,93,39916,0,0,0,0,0,211,2350,-6572,4038,0,0,0,0,0
21,-107,8.174,6,1368461,31,88,93,39916,0,0,0,0,0,211,2350,-6572,4038,0,0,0,0,0
21,-107,8.287,8,1368573,31,88,93,39916,0,0,0,0,0,211,2350,-6572,4038,0,0,0,0,0
21,-107,8.343,9,1368629,31,88,93,39916,0,0,0,0,0,211,2350,-6572,4038,0,0,0,0,0
21,-107,8.399,10,1368685,31,88,93,39916,0,0,0,0,0,211,2350,-6572,4038,0,0,0,0,0
21,-107,8.456,11,1368741,31,88,93,39916,0,0,0,0,0,211,2350,-6572,4038,0,0,0,0,0
21,-107,8.511,12,1368797,31,88,93,39916,0,0,0,0,0,211,2350,-6572,4038,0,0,0,0,0
21,-107,8.566,13,1368853,31,88,93,39916,0,0,0,0,0,211,2350,-6572,4038,0,0,0,0,0
21,-107,8.622,14,1368909,31,88,93,39916,0,0,0,0,0,211,2350,-6572,4038,0,0,0,0,0
21,-107,8.678,15,1368965,31,88,93,39916,0,0,0,0,0,211,2350,-6572,4038,0,0,0,0,0
21,-107,8.735,16,1369021,31,88,93,39916,0,0,0,0,0,211,2350,-6572,4038,0,0,0,0,0
21,-107,8.902,19,1369189,31,88,93,39916,0,0,0,0,0,211,2350,-6572,4038,0,0,0,0,0
21,-107,8.959,20,1369245,31,88,93,39916,0,0,0,0,0,211,2350,-6572,4038,0,0,0,0,0
21,-107,9.014,21,1369301,31,88,93,39916,0,0,0,0,0,211,2350,-6572,4038,0,0,0,0,0
21,-107,9.079,22,1369357,31,88,93,39916,0,0,0,0,0,211,2350,-6572,4038,0,0,0,0,0
21,-107,9.122,23,1369409,31,88,93,39916,0,0,0,0,0,211,2350,-6572,4038,0,0,0,0,0
21,-107,9.18,24,1369465,31,88,93,39916,0,0,0,0,0,211,2350,-6572,4038,0,0,0,0,0
21,-107,9.234,25,1369521,31,88,93,39916,0,0,0,0,0,211,2350,-6572,4038,0,0,0,0,0
21,-107,9.291,26,1369577,31,88,93,39916,0,0,0,0,0,211,2350,-6572,4038,0,0,0,0,0
21,-107,9.346,27,1369633,31,88,93,39916,0,0,0,0,0,211,2350,-6572,4038,0,0,0,0,0
22,107,-0.035,108,1381293,31,88,93,39916,0,0,0,0,0,211,2350,-6572,4038,0,0,0,0,0
22,107,0.019,109,1381349,31,88,93,39916,0,0,0,0,0,211,2350,-6572,4038,0,0,0,0,0
22,107,0.161,111,1381489,31,89,93,40043,0,0,0,-10,20,214,2355,-6583,4061,-1300,1200,0,0,0
22,107,0.233,112,1381561,31,90,94,40209,0,0,0,-10,56,217,2358,-6583,4105,-1500,1400,0,0,0
22,107,0.306,113,1381633,31,92,96,40480,0,0,0,-7,72,218,2361,-6588,4172,-1900,1900,0,0,0
22,107,0.379,114,1381705,31,93,97,41033,0,0,0,-82,108,218,2364,-6641,4266,-2300,2300,0,0,0
22,107,0.522,116,1381849,31,94,100,42956,0,0,0,-164,180,218,2370,-6863,4555,-2800,2800,0,0,0
22,107,0.593,117,1381921,31,95,100,44160,0,0,0,-164,181,218,2373,-7011,4727,-2700,2700,0,0,0
22,107,0.669,118,1381993,31,95,101,45477,0,0,0,-181,194,218,2376,-7177,4911,-2600,2700,0,0,0
22,107,0.737,119,1382065,31,94,102,46741,0,0,0,-180,194,218,2379,-7338,5086,-2600,2600,0,0,0
22,107,0.883,121,1382209,31,94,102,49240,0,0,0,-184,171,218,2385,-7661,5427,-2500,2100,0,0,0
22,107,0.962,122,1382281,31,94,102,50380,0,0,0,-158,164,218,2388,-7811,5580,-1500,900,0,0,0
22,107,1.102,123,1382430,31,96,101,51309,0,0,0,0,0,218,2397,-7969,5669,0,0,0,0,0
22,107,1.157,124,1382481,31,96,101,51309,0,0,0,0,0,218,2399,-7969,5669,0,0,0,0,0
22,107,1.224,125,1382553,31,96,101,51309,0,0,0,0,0,218,2402,-7969,5669,0,0,0,0,0
22,107,1.297,126,1382625,31,96,101,51309,0,0,0,0,0,218,2405,-7969,5669,0,0,0,0,0
22,107,1.44,0,1382769,31,96,101,51309,0,0,0,0,0,218,2411,-7969,5669,0,0,0,0,0
22,107,1.513,1,1382841,31,96,101,51309,0,0,0,0,0,218,2414,-7969,5669,0,0,0,0,0
22,107,1.583,2,1382913,31,96,101,51309,0,0,0,0,0,218,2417,-7969,5669,0,0,0,0,0
22,107,1.655,3,1382985,31,96,101,51309,0,0,0,0,0,218,2420,-7969,5669,0,0,0,0,0
22,107,1.8,5,1383129,31,96,101,51309,0,0,0,0,0,218,2426,-7969,5669,0,0,0,0,0
22,107,1.872,6,1383201,31,96,101,51309,0,0,0,0,0,218,2429,-7969,5669,0,0,0,0,0
22,107,1.943,7,1383273,31,96,101,51309,0,0,0,0,0,218,2432,-7969,5669,0,0,0,0,0
22,107,2.016,8,1383345,31,96,101,51309,0,0,0,0,0,218,2435,-7969,5669,0,0,0,0,0
22,107,2.087,9,1383417,31,96,101,51309,0,0,0,0,0,218,2438,-7969,5669,0,0,0,0,0
22,107,2.159,10,1383489,31,96,101,51309,0,0,0,0,0,218,2441,-7969,5669,0,0,0,0,0
22,107,2.232,11,1383561,31,96,101,51309,0,0,0,0,0,218,2444,-7969,5669,0,0,0,0,0
22,107,2.305,12,1383633,31,96,101,51309,0,0,0,0,0,218,2447,-7969,5669,0,0,0,0,0
22,107,2.384,13,1383705,31,96,101,51309,0,0,0,0,0,218,2450,-7969,5669,0,0,0,0,0
22,107,2.52,15,1383849,31,96,101,51309,0,0,0,0,0,218,2456,-7969,5669,0,0,0,0,0
22,107,2.591,16,1383921,31,96,101,51309,0,0,0,0,0,218,2459,-7969,5669,0,0,0,0,0
22,107,2.666,17,1383993,31,96,101,51309,0,0,0,0,0,218,2462,-7969,5669,0,0,0,0,0
22,107,2.737,18,1384065,31,96,101,51309,0,0,0,0,0,218,2465,-7969,5669,0,0,0,0,0
22,107,2.807,19,1384137,31,96,101,51309,0,0,0,0,0,218,2468,-7969,5669,0,0,0,0,0
22,107,2.879,20,1384209,31,96,101,51309,0,0,0,0,0,218,2471,-7969,5669,0,0,0,0,0
22,107,2.952,21,1384281,31,96,101,51309,0,0,0,0,0,218,2474,-7969,5669,0,0,0,0,0
22,107,3.024,22,1384353,31,96,101,51309,0,0,0,0,0,218,2477,-7969,5669,0,0,0,0,0
22,107,3.081,23,1384409,31,96,101,51309,0,0,0,0,0,218,2478,-7969,5669,0,0,0,0,0
22,107,3.136,24,1384465,31,96,101,51309,0,0,0,0,0,218,2478,-7969,5669,0,0,0,0,0
22,107,3.192,25,1384521,31,96,101,51309,0,0,0,0,0,218,2478,-7969,5669,0,0,0,0,0
22,107,3.248,26,1384577,31,96,101,51309,0,0,0,0,0,218,2478,-7969,5669,0,0,0,0,0
22,107,3.304,27,1384633,31,96,101,51309,0,0,0,0,0,218,2478,-7969,5669,0,0,0,0,0
22,107,3.361,28,1384689,31,96,101,51309,0,0,0,0,0,218,2478,-7969,5669,0,0,0,0,0
22,107,3.529,31,1384857,31,96,101,51309,0,0,0,0,0,218,2478,-7969,5669,0,0,0,0,0
22,107,3.635,33,1384965,31,96,101,51309,0,0,0,0,0,218,2478,-7969,5669,0,0,0,0,0
22,107,3.747,35,1385077,31,96,101,51309,0,0,0,0,0,218,2478,-7969,5669,0,0,0,0,0
22,107,3.804,36,1385133,31,96,101,51309,0,0,0,0,0,218,2478,-7969,5669,0,0,0,0,0
22,107,3.86,37,1385189,31,96,101,51309,0,0,0,0,0,218,2478,-7969,5669,0,0,0,0,0
22,107,3.916,38,1385245,31,96,101,51309,0,0,0,0,0,218,2478,-7969,5669,0,0,0,0,0
22,107,3.972,39,1385301,31,96,101,51309,0,0,0,0,0,218,2478,-7969,5669,0,0,0,0,0
22,107,4.029,40,1385357,31,96,101,51309,0,0,0,0,0,218,2478,-7969,5669,0,0,0,0,0
22,107,4.139,42,1385469,31,96,101,51309,0,0,0,0,0,218,2478,-7969,5669,0,0,0,0,0
22,107,4.252,44,1385581,31,96,101,51309,0,0,0,0,0,218,2478,-7969,5669,0,0,0,0,0
22,107,4.309,45,1385637,31,96,101,51309,0,0,0,0,0,218,2478,-7969,5669,0,0,0,0,0
22,107,4.365,46,1385693,31,96,101,51309,0,0,0,0,0,218,2478,-7969,5669,0,0,0,0,0
22,107,4.42,47,1385749,31,96,101,51309,0,0,0,0,0,218,2478,-7969,5669,0,0,0,0,0
22,107,4.476,48,1385805,31,96,101,51309,0,0,0,0,0,218,2478,-7969,5669,0,0,0,0,0
22,107,4.534,49,1385861,31,96,101,51309,0,0,0,0,0,218,2478,-7969,5669,0,0,0,0,0
22,107,4.587,50,1385917,31,96,101,51309,0,0,0,0,0,218,2478,-7969,5669,0,0,0,0,0
22,107,4.753,53,1386081,31,96,101,51309,0,0,0,0,0,218,2478,-7969,5669,0,0,0,0,0
22,107,4.807,54,1386137,31,96,101,51309,0,0,0,0,0,218,2478,-7969,5669,0,0,0,0,0
22,107,4.865,55,1386193,31,96,101,51309,0,0,0,0,0,218,2478,-7969,5669,0,0,0,0,0
22,107,4.92,56,1386249,31,96,101,51309,0,0,0,0,0,218,2478,-7969,5669,0,0,0,0,0
22,107,4.977,57,1386305,31,96,101,51309,0,0,0,0,0,218,2478,-7969,5669,0,0,0,0,0
22,107,5.032,58,1386361,31,96,101,51309,0,0,0,0,0,218,2478,-7969,5669,0,0,0,0,0
22,107,5.088,59,1386417,31,96,101,51309,0,0,0,0,0,218,2478,-7969,5669,0,0,0,0,0
22,107,5.144,60,1386473,31,96,101,51309,0,0,0,0,0,218,2478,-7969,5669,0,0,0,0,0
22,107,5.202,61,1386529,31,96,101,51309,0,0,0,0,0,218,2478,-7969,5669,0,0,0,0,0
22,107,5.256,62,1386585,31,96,101,51309,0,0,0,0,0,218,2478,-7969,5669,0,0,0,0,0
22,107,5.311,63,1386641,31,96,101,51309,0,0,0,0,0,218,2478,-7969,5669,0,0,0,0,0
22,107,5.367,64,1386697,31,96,101,51309,0,0,0,0,0,218,2478,-7969,5669,0,0,0,0,0
22,107,5.423,65,1386753,31,96,101,51309,0,0,0,0,0,218,2478,-7969,5669,0,0,0,0,0
22,107,5.479,66,1386809,31,96,101,51309,0,0,0,0,0,218,2478,-7969,5669,0,0,0,0,0
22,107,5.537,67,1386865,31,96,101,51309,0,0,0,0,0,218,2478,-7969,5669,0,0,0,0,0
22,107,5.649,69,1386977,31,96,101,51309,0,0,0,0,0,218,2478,-7969,5669,0,0,0,0,0
22,107,5.712,70,1387033,31,96,101,51309,0,0,0,0,0,218,2478,-7969,5669,0,0,0,0,0
22,107,5.755,71,1387085,31,96,101,51309,0,0,0,0,0,218,2478,-7969,5669,0,0,0,0,0
22,107,5.812,72,1387141,31,96,101,51309,0,0,0,0,0,218,2478,-7969,5669,0,0,0,0,0
22,107,5.868,73,1387197,31,96,101,51309,0,0,0,0,0,218,2478,-7969,5669,0,0,0,0,0
22,107,5.98,75,1387309,31,96,101,51309,0,0,0,0,0,218,2478,-7969,5669,0,0,0,0,0
22,107,6.035,76,1387365,31,96,101,51309,0,0,0,0,0,218,2478,-7969,5669,0,0,0,0,0
22,107,6.092,77,1387421,31,96,101,51309,0,0,0,0,0,218,2478,-7969,5669,0,0,0,0,0
22,107,6.148,78,1387477,31,96,101,51309,0,0,0,0,0,218,2478,-7969,5669,0,0,0,0,0
22,107,6.203,79,1387533,31,96,101,51309,0,0,0,0,0,218,2478,-7969,5669,0,0,0,0,0
22,107,6.259,80,1387589,31,96,101,51309,0,0,0,0,0,218,2478,-7969,5669,0,0,0,0,0
22,107,6.315,81,1387645,31,96,101,51309,0,0,0,0,0,218,2478,-7969,5669,0,0,0,0,0
22,107,6.372,82,1387701,31,96,101,51309,0,0,0,0,0,218,2478,-7969,5669,0,0,0,0,0
22,107,6.429,83,1387757,31,96,101,51309,0,0,0,0,0,218,2478,-7969,5669,0,0,0,0,0
22,107,6.487,84,1387813,31,96,101,51309,0,0,0,0,0,218,2478,-7969,5669,0,0,0,0,0
22,107,6.596,86,1387925,31,96,101,51309,0,0,0,0,0,218,2478,-7969,5669,0,0,0,0,0
22,107,6.653,87,1387981,31,96,101,51309,0,0,0,0,0,218,2478,-7969,5669,0,0,0,0,0
22,107,6.708,88,1388037,31,96,101,51309,0,0,0,0,0,218,2478,-7969,5669,0,0,0,0,0
22,107,6.773,89,1388093,31,96,101,51309,0,0,0,0,0,218,2478,-7969,5669,0,0,0,0,0
22,107,6.817,90,1388145,31,96,101,51309,0,0,0,0,0,218,2478,-7969,5669,0,0,0,0,0
22,107,6.871,91,1388201,31,96,101,51309,0,0,0,0,0,218,2478,-7969,5669,0,0,0,0,0
22,107,6.928,92,1388257,31,96,101,51309,0,0,0,0,0,218,2478,-7969,5669,0,0,0,0,0
22,107,6.983,93,1388313,31,96,101,51309,0,0,0,0,0,218,2478,-7969,5669,0,0,0,0,0
22,107,7.043,94,1388369,31,96,101,51309,0,0,0,0,0,218,2478,-7969,5669,0,0,0,0,0
22,107,7.099,95,1388425,31,96,101,51309,0,0,0,0,0,218,2478,-7969,5669,0,0,0,0,0
22,107,7.208,97,1388537,31,96,101,51309,0,0,0,0,0,218,2478,-7969,5669,0,0,0,0,0
22,107,7.264,98,1388593,31,96,101,51309,0,0,0,0,0,218,2478,-7969,5669,0,0,0,0,0
22,107,7.32,99,1388649,31,96,101,51309,0,0,0,0,0,218,2478,-7969,5669,0,0,0,0,0
22,107,7.376,100,1388705,31,96,101,51309,0,0,0,0,0,218,2478,-7969,5669,0,0,0,0,0
22,107,7.432,101,1388761,31,96,101,51309,0,0,0,0,0,218,2478,-7969,5669,0,0,0,0,0
22,107,7.49,102,1388817,31,96,101,51309,0,0,0,0,0,218,2478,-7969,5669,0,0,0,0,0
22,107,7.544,103,1388873,31,96,101,51309,0,0,0,0,0,218,2478,-7969,5669,0,0,0,0,0
22,107,7.601,104,1388929,31,96,101,51309,0,0,0,0,0,218,2478,-7969,5669,0,0,0,0,0
22,107,7.833,108,1389153,31,96,101,51309,0,0,0,0,0,218,2478,-7969,5669,0,0,0,0,0
22,107,7.932,110,1389261,31,96,101,51309,0,0,0,0,0,218,2478,-7969,5669,0,0,0,0,0
22,107,8.044,112,1389373,31,96,101,51309,0,0,0,0,0,218,2478,-7969,5669,0,0,0,0,0
22,107,8.099,113,1389429,31,96,101,51309,0,0,0,0,0,218,2478,-7969,5669,0,0,0,0,0
22,107,8.156,114,1389485,31,96,101,51309,0,0,0,0,0,218,2478,-7969,5669,0,0,0,0,0
22,107,8.211,115,1389541,31,96,101,51309,0,0,0,0,0,218,2478,-7969,5669,0,0,0,0,0
22,107,8.269,116,1389597,31,96,101,51309,0,0,0,0,0,218,2478,-7969,5669,0,0,0,0,0
22,107,8.324,117,1389653,31,96,101,51309,0,0,0,0,0,218,2478,-7969,5669,0,0,0,0,0
22,107,8.379,118,1389709,31,96,101,51309,0,0,0,0,0,218,2478,-7969,5669,0,0,0,0,0
22,107,8.558,121,1389877,31,96,101,51309,0,0,0,0,0,218,2478,-7969,5669,0,0,0,0,0
22,107,8.604,122,1389933,31,96,101,51309,0,0,0,0,0,218,2478,-7969,5669,0,0,0,0,0
22,107,8.661,123,1389989,31,96,101,51309,0,0,0,0,0,218,2478,-7969,5669,0,0,0,0,0
22,107,8.775,125,1390101,31,96,101,51309,0,0,0,0,0,218,2478,-7969,5669,0,0,0,0,0
22,107,8.829,126,1390157,31,96,101,51309,0,0,0,0,0,218,2478,-7969,5669,0,0,0,0,0
22,107,8.895,127,1390213,31,96,101,51309,0,0,0,0,0,218,2478,-7969,5669,0,0,0,0,0
22,107,8.937,0,1390265,31,96,101,51309,0,0,0,0,0,218,2478,-7969,5669,0,0,0,0,0
22,107,8.992,1,1390321,31,96,101,51309,0,0,0,0,0,218,2478,-7969,5669,0,0,0,0,0
22,107,9.16,4,1390489,31,96,101,51309,0,0,0,0,0,218,2478,-7969,5669,0,0,0,0,0
22,107,9.214,5,1390545,31,96,101,51309,0,0,0,0,0,218,2478,-7969,5669,0,0,0,0,0
22,107,9.271,6,1390601,31,96,101,51309,0,0,0,0,0,218,2478,-7969,5669,0,0,0,0,0
22,107,9.328,7,1390657,31,96,101,51309,0,0,0,0,0,218,2478,-7969,5669,0,0,0,0,0
22,107,9.383,8,1390713,31,96,101,51309,0,0,0,0,0,218,2478,-7969,5669,0,0,0,0,0
22,107,9.439,9,1390769,31,96,101,51309,0,0,0,0,0,218,2478,-7969,5669,0,0,0,0,0
22,107,9.495,10,1390825,31,96,101,51309,0,0,0,0,0,218,2478,-7969,5669,0,0,0,0,0
22,107,9.551,11,1390881,31,96,101,51309,0,0,0,0,0,218,2478,-7969,5669,0,0,0,0,0
22,107,9.607,12,1390937,31,96,101,51309,0,0,0,0,0,218,2478,-7969,5669,0,0,0,0,0
22,107,9.777,15,1391105,31,96,101,51309,0,0,0,0,0,218,2478,-7969,5669,0,0,0,0,0
22,107,9.833,16,1391161,31,96,101,51309,0,0,0,0,0,218,2478,-7969,5669,0,0,0,0,0
22,107,9.888,17,1391217,31,96,101,51309,0,0,0,0,0,218,2478,-7969,5669,0,0,0,0,0
22,107,9.951,18,1391273,31,96,101,51309,0,0,0,0,0,218,2478,-7969,5669,0,0,0,0,0
22,107,9.995,19,1391325,31,96,101,51309,0,0,0,0,0,218,2478,-7969,5669,0,0,0,0,0
22,107,10.051,20,1391381,31,96,101,51309,0,0,0,0,0,218,2478,-7969,5669,0,0,0,0,0
22,107,10.108,21,1391437,31,96,101,51309,0,0,0,0,0,218,2478,-7969,5669,0,0,0,0,0
22,107,10.163,22,1391493,31,96,101,51309,0,0,0,0,0,218,2478,-7969,5669,0,0,0,0,0
22,107,10.219,23,1391549,31,96,101,51309,0,0,0,0,0,218,2478,-7969,5669,0,0,0,0,0
22,107,10.388,26,1391717,31,96,101,51309,0,0,0,0,0,218,2478,-7969,5669,0,0,0,0,0
22,107,10.443,27,1391773,31,96,101,51309,0,0,0,0,0,218,2478,-7969,5669,0,0,0,0,0
22,107,10.499,28,1391829,31,96,101,51309,0,0,0,0,0,218,2478,-7969,5669,0,0,0,0,0
22,107,10.557,29,1391885,31,96,101,51309,0,0,0,0,0,218,2478,-7969,5669,0,0,0,0,0
22,107,10.613,30,1391941,31,96,101,51309,0,0,0,0,0,218,2478,-7969,5669,0,0,0,0,0
22,107,10.669,31,1391997,31,96,101,51309,0,0,0,0,0,218,2478,-7969,5669,0,0,0,0,0
22,107,10.723,32,1392053,31,96,101,51309,0,0,0,0,0,218,2478,-7969,5669,0,0,0,0,0
22,107,10.78,33,1392109,31,96,101,51309,0,0,0,0,0,218,2478,-7969,5669,0,0,0,0,0
22,107,10.835,34,1392165,31,96,101,51309,0,0,0,0,0,218,2478,-7969,5669,0,0,0,0,0
22,107,10.947,36,1392277,31,96,101,51309,0,0,0,0,0,218,2478,-7969,5669,0,0,0,0,0
22,107,11.011,37,1392333,31,96,101,51309,0,0,0,0,0,218,2478,-7969,5669,0,0,0,0,0
22,107,11.056,38,1392385,31,96,101,51309,0,0,0,0,0,218,2478,-7969,5669,0,0,0,0,0
22,107,11.112,39,1392441,31,96,101,51309,0,0,0,0,0,218,2478,-7969,5669,0,0,0,0,0
22,107,11.169,40,1392497,31,96,101,51309,0,0,0,0,0,218,2478,-7969,5669,0,0,0,0,0
22,107,11.225,41,1392553,31,96,101,51309,0,0,0,0,0,218,2478,-7969,5669,0,0,0,0,0
22,107,11.282,42,1392609,31,96,101,51309,0,0,0,0,0,218,2478,-7969,5669,0,0,0,0,0
22,107,11.334,43,1392665,31,96,101,51309,0,0,0,0,0,218,2478,-7969,5669,0,0,0,0,0
22,107,11.39,44,1392721,31,96,101,51309,0,0,0,0,0,218,2478,-7969,5669,0,0,0,0,0
22,107,11.447,45,1392777,31,96,101,51309,0,0,0,0,0,218,2478,-7969,5669,0,0,0,0,0
22,107,11.559,47,1392889,31,96,101,51309,0,0,0,0,0,218,2478,-7969,5669,0,0,0,0,0
22,107,11.616,48,1392945,31,96,101,51309,0,0,0,0,0,218,2478,-7969,5669,0,0,0,0,0
22,107,11.674,49,1393001,31,96,101,51309,0,0,0,0,0,218,2478,-7969,5669,0,0,0,0,0
22,107,11.728,50,1393057,31,96,101,51309,0,0,0,0,0,218,2478,-7969,5669,0,0,0,0,0
22,107,11.782,51,1393113,31,96,101,51309,0,0,0,0,0,218,2478,-7969,5669,0,0,0,0,0
22,107,11.839,52,1393169,31,96,101,51309,0,0,0,0,0,218,2478,-7969,5669,0,0,0,0,0
22,107,11.897,53,1393225,31,96,101,51309,0,0,0,0,0,218,2478,-7969,5669,0,0,0,0,0
22,107,11.953,54,1393281,31,96,101,51309,0,0,0,0,0,218,2478,-7969,5669,0,0,0,0,0
22,107,12.009,55,1393337,31,96,101,51309,0,0,0,0,0,218,2478,-7969,5669,0,0,0,0,0
22,107,12.072,56,1393393,31,96,101,51309,0,0,0,0,0,218,2478,-7969,5669,0,0,0,0,0
22,107,12.115,57,1393445,31,96,101,51309,0,0,0,0,0,218,2478,-7969,5669,0,0,0,0,0
22,107,12.228,59,1393557,31,96,101,51309,0,0,0,0,0,218,2478,-7969,5669,0,0,0,0,0
22,107,12.284,60,1393613,31,96,101,51309,0,0,0,0,0,218,2478,-7969,5669,0,0,0,0,0
22,107,12.338,61,1393669,31,96,101,51309,0,0,0,0,0,218,2478,-7969,5669,0,0,0,0,0
22,107,12.395,62,1393725,31,96,101,51309,0,0,0,0,0,218,2478,-7969,5669,0,0,0,0,0
22,107,12.451,63,1393781,31,96,101,51309,0,0,0,0,0,218,2478,-7969,5669,0,0,0,0,0
22,107,12.509,64,1393837,31,96,101,51309,0,0,0,0,0,218,2478,-7969,5669,0,0,0,0,0
22,107,12.563,65,1393893,31,96,101,51309,0,0,0,0,0,218,2478,-7969,5669,0,0,0,0,0
22,107,12.619,66,1393949,31,96,101,51309,0,0,0,0,0,218,2478,-7969,5669,0,0,0,0,0
22,107,12.677,67,1394005,31,96,101,51309,0,0,0,0,0,218,2478,-7969,5669,0,0,0,0,0
22,107,12.732,68,1394061,31,96,101,51309,0,0,0,0,0,218,2478,-7969,5669,0,0,0,0,0
22,107,12.843,70,1394173,31,96,101,51309,0,0,0,0,0,218,2478,-7969,5669,0,0,0,0,0
22,107,12.899,71,1394229,31,96,101,51309,0,0,0,0,0,218,2478,-7969,5669,0,0,0,0,0
22,107,12.957,72,1394285,31,96,101,51309,0,0,0,0,0,218,2478,-7969,5669,0,0,0,0,0
22,107,13.011,73,1394341,31,96,101,51309,0,0,0,0,0,218,2478,-7969,5669,0,0,0,0,0
22,107,13.068,74,1394397,31,96,101,51309,0,0,0,0,0,218,2478,-7969,5669,0,0,0,0,0
22,107,13.131,75,1394453,31,96,101,51309,0,0,0,0,0,218,2478,-7969,5669,0,0,0,0,0
22,107,13.175,76,1394505,31,96,101,51309,0,0,0,0,0,218,2478,-7969,5669,0,0,0,0,0
22,107,13.231,77,1394561,31,96,101,51309,0,0,0,0,0,218,2478,-7969,5669,0,0,0,0,0
22,107,13.287,78,1394617,31,96,101,51309,0,0,0,0,0,218,2478,-7969,5669,0,0,0,0,0
22,107,13.344,79,1394673,31,96,101,51309,0,0,0,0,0,218,2478,-7969,5669,0,0,0,0,0
22,107,13.456,81,1394785,31,96,101,51309,0,0,0,0,0,218,2478,-7969,5669,0,0,0,0,0
22,107,13.569,83,1394897,31,96,101,51309,0,0,0,0,0,218,2478,-7969,5669,0,0,0,0,0
22,107,13.625,84,1394953,31,96,101,51309,0,0,0,0,0,218,2478,-7969,5669,0,0,0,0,0
22,107,13.735,86,1395065,31,96,101,51309,0,0,0,0,0,218,2478,-7969,5669,0,0,0,0,0
22,107,13.792,87,1395121,31,96,101,51309,0,0,0,0,0,218,2478,-7969,5669,0,0,0,0,0
22,107,13.849,88,1395177,31,96,101,51309,0,0,0,0,0,218,2478,-7969,5669,0,0,0,0,0
22,107,13.904,89,1395233,31,96,101,51309,0,0,0,0,0,218,2478,-7969,5669,0,0,0,0,0
22,107,13.959,90,1395289,31,96,101,51309,0,0,0,0,0,218,2478,-7969,5669,0,0,0,0,0
22,107,14.071,92,1395401,31,96,101,51309,0,0,0,0,0,218,2478,-7969,5669,0,0,0,0,0
22,107,14.191,94,1395513,31,96,101,51309,0,0,0,0,0,218,2478,-7969,5669,0,0,0,0,0
22,107,14.252,95,1395565,31,96,101,51309,0,0,0,0,0,218,2478,-7969,5669,0,0,0,0,0
22,107,14.445,96,1395621,31,96,101,51309,0,0,0,0,0,218,2478,-7969,5669,0,0,0,0,0
22,107,14.445,97,1395677,31,96,101,51309,0,0,0,0,0,218,2478,-7969,5669,0,0,0,0,0
22,107,14.445,98,1395733,31,96,101,51309,0,0,0,0,0,218,2478,-7969,5669,0,0,0,0,0
22,107,14.52,100,1395845,31,96,101,51309,0,0,0,0,0,218,2478,-7969,5669,0,0,0,0,0
22,107,14.572,101,1395901,31,96,101,51309,0,0,0,0,0,218,2478,-7969,5669,0,0,0,0,0
22,107,14.683,103,1396013,31,96,101,51309,0,0,0,0,0,218,2478,-7969,5669,0,0,0,0,0
22,107,14.74,104,1396069,31,96,101,51309,0,0,0,0,0,218,2478,-7969,5669,0,0,0,0,0
22,107,14.799,105,1396125,31,96,101,51309,0,0,0,0,0,218,2478,-7969,5669,0,0,0,0,0
22,107,14.857,106,1396181,31,96,101,51309,0,0,0,0,0,218,2478,-7969,5669,0,0,0,0,0
22,107,14.906,107,1396237,31,96,101,51309,0,0,0,0,0,218,2478,-7969,5669,0,0,0,0,0
23,-180,-0.037,45,1414201,31,96,101,51309,0,0,0,0,0,218,2478,-7969,5669,0,0,0,0,0
23,-180,0.023,46,1414257,31,96,101,51309,0,0,0,0,0,218,2478,-7969,5669,0,0,0,0,0
23,-180,0.103,47,1414327,31,96,101,51298,0,0,0,0,-8,219,2480,-7969,5666,1000,-1000,0,0,0
23,-180,0.232,49,1414469,31,99,99,50986,0,0,0,0,-72,225,2486,-7969,5583,1500,-1300,0,0,0
23,-180,0.304,50,1414541,31,102,98,50703,0,0,0,1,-89,227,2489,-7966,5511,1900,-1800,0,0,0
23,-180,0.398,51,1414613,31,104,96,50222,0,0,0,39,-128,227,2492,-7938,5411,2300,-2300,0,0,0
23,-180,0.446,52,1414663,31,105,95,49710,0,0,0,82,-164,227,2494,-7891,5322,2600,-2500,0,0,0
23,-180,0.496,53,1414733,31,107,93,48762,0,0,0,93,-203,228,2497,-7800,5161,2800,-2800,0,0,0
23,-180,0.567,54,1414805,31,108,91,47641,0,0,0,128,-210,228,2500,-7683,4980,2800,-2800,0,0,0
23,-180,0.64,55,1414877,31,109,89,46418,0,0,0,144,-220,228,2503,-7550,4788,2700,-2600,0,0,0
23,-180,0.712,56,1414949,31,109,87,45236,0,0,0,148,-190,228,2506,-7416,4608,2700,-2400,0,0,0
23,-180,0.784,57,1415021,31,109,86,44085,0,0,0,154,-183,228,2509,-7280,4438,2700,-2200,0,0,0
23,-180,0.935,58,1415174,31,105,70,42613,0,0,0,0,0,228,2518,-7105,4222,0,0,0,0,0
23,-180,0.986,59,1415225,31,105,70,42613,0,0,0,0,0,228,2520,-7105,4222,0,0,0,0,0
23,-180,1.07,60,1415299,31,105,70,42613,0,0,0,0,0,228,2523,-7105,4222,0,0,0,0,0
23,-180,1.112,61,1415349,31,105,70,42613,0,0,0,0,0,228,2523,-7105,4222,0,0,0,0,0
23,-180,1.168,62,1415405,31,105,70,42613,0,0,0,0,0,228,2523,-7105,4222,0,0,0,0,0
23,-180,1.223,63,1415461,31,105,70,42613,0,0,0,0,0,228,2523,-7105,4222,0,0,0,0,0
23,-180,1.335,65,1415573,31,105,70,42613,0,0,0,0,0,228,2523,-7105,4222,0,0,0,0,0
23,-180,1.45,67,1415685,31,105,70,42613,0,0,0,0,0,228,2523,-7105,4222,0,0,0,0,0
23,-180,1.558,69,1415797,31,105,70,42613,0,0,0,0,0,228,2523,-7105,4222,0,0,0,0,0
23,-180,1.616,70,1415853,31,105,70,42613,0,0,0,0,0,228,2523,-7105,4222,0,0,0,0,0
23,-180,1.68,71,1415909,31,105,70,42613,0,0,0,0,0,228,2523,-7105,4222,0,0,0,0,0
23,-180,1.723,72,1415961,31,105,70,42613,0,0,0,0,0,228,2523,-7105,4222,0,0,0,0,0
23,-180,1.781,73,1416017,31,105,70,42613,0,0,0,0,0,228,2523,-7105,4222,0,0,0,0,0
23,-180,1.836,74,1416073,31,105,70,42613,0,0,0,0,0,228,2523,-7105,4222,0,0,0,0,0
23,-180,1.893,75,1416129,31,105,70,42613,0,0,0,0,0,228,2523,-7105,4222,0,0,0,0,0
23,-180,2.06,78,1416297,31,105,70,42613,0,0,0,0,0,228,2523,-7105,4222,0,0,0,0,0
23,-180,2.119,79,1416353,31,105,70,42613,0,0,0,0,0,228,2523,-7105,4222,0,0,0,0,0
23,-180,2.173,80,1416409,31,105,70,42613,0,0,0,0,0,228,2523,-7105,4222,0,0,0,0,0
23,-180,2.226,81,1416465,31,105,70,42613,0,0,0,0,0,228,2523,-7105,4222,0,0,0,0,0
23,-180,2.283,82,1416521,31,105,70,42613,0,0,0,0,0,228,2523,-7105,4222,0,0,0,0,0
23,-180,2.341,83,1416577,31,105,70,42613,0,0,0,0,0,228,2523,-7105,4222,0,0,0,0,0
23,-180,2.396,84,1416633,31,105,70,42613,0,0,0,0,0,228,2523,-7105,4222,0,0,0,0,0
23,-180,2.452,85,1416689,31,105,70,42613,0,0,0,0,0,228,2523,-7105,4222,0,0,0,0,0
23,-180,2.565,87,1416801,31,105,70,42613,0,0,0,0,0,228,2523,-7105,4222,0,0,0,0,0
23,-180,2.677,89,1416913,31,105,70,42613,0,0,0,0,0,228,2523,-7105,4222,0,0,0,0,0
23,-180,2.741,90,1416969,31,105,70,42613,0,0,0,0,0,228,2523,-7105,4222,0,0,0,0,0
23,-180,2.785,91,1417021,31,105,70,42613,0,0,0,0,0,228,2523,-7105,4222,0,0,0,0,0
23,-180,2.841,92,1417077,31,105,70,42613,0,0,0,0,0,228,2523,-7105,4222,0,0,0,0,0
23,-180,2.895,93,1417133,31,105,70,42613,0,0,0,0,0,228,2523,-7105,4222,0,0,0,0,0
23,-180,2.959,94,1417189,31,105,70,42613,0,0,0,0,0,228,2523,-7105,4222,0,0,0,0,0
23,-180,3.006,95,1417245,31,105,70,42613,0,0,0,0,0,228,2523,-7105,4222,0,0,0,0,0
23,-180,3.065,96,1417301,31,105,70,42613,0,0,0,0,0,228,2523,-7105,4222,0,0,0,0,0
23,-180,3.121,97,1417357,31,105,70,42613,0,0,0,0,0,228,2523,-7105,4222,0,0,0,0,0
23,-180,3.235,99,1417469,31,105,70,42613,0,0,0,0,0,228,2523,-7105,4222,0,0,0,0,0
23,-180,3.299,100,1417525,31,105,70,42613,0,0,0,0,0,228,2523,-7105,4222,0,0,0,0,0
23,-180,3.356,101,1417581,31,105,70,42613,0,0,0,0,0,228,2523,-7105,4222,0,0,0,0,0
23,-180,3.418,102,1417637,31,105,70,42613,0,0,0,0,0,228,2523,-7105,4222,0,0,0,0,0
23,-180,3.472,103,1417693,31,105,70,42613,0,0,0,0,0,228,2523,-7105,4222,0,0,0,0,0
23,-180,3.561,104,1417749,31,105,70,42613,0,0,0,0,0,228,2523,-7105,4222,0,0,0,0,0
23,-180,3.577,105,1417805,31,105,70,42613,0,0,0,0,0,228,2523,-7105,4222,0,0,0,0,0
23,-180,3.673,106,1417861,31,105,70,42613,0,0,0,0,0,228,2523,-7105,4222,0,0,0,0,0
23,-180,4.032,107,1417917,31,105,70,42613,0,0,0,0,0,228,2523,-7105,4222,0,0,0,0,0
23,-180,4.032,108,1417973,31,105,70,42613,0,0,0,0,0,228,2523,-7105,4222,0,0,0,0,0
23,-180,4.032,109,1418029,31,105,70,42613,0,0,0,0,0,228,2523,-7105,4222,0,0,0,0,0
23,-180,4.032,110,1418081,31,105,70,42613,0,0,0,0,0,228,2523,-7105,4222,0,0,0,0,0
23,-180,4.032,111,1418137,31,105,70,42613,0,0,0,0,0,228,2523,-7105,4222,0,0,0,0,0
23,-180,4.032,112,1418193,31,105,70,42613,0,0,0,0,0,228,2523,-7105,4222,0,0,0,0,0
23,-180,4.032,113,1418249,31,105,70,42613,0,0,0,0,0,228,2523,-7105,4222,0,0,0,0,0
23,-180,4.068,114,1418305,31,105,70,42613,0,0,0,0,0,228,2523,-7105,4222,0,0,0,0,0
23,-180,4.179,115,1418361,31,105,70,42613,0,0,0,0,0,228,2523,-7105,4222,0,0,0,0,0
23,-180,4.18,116,1418417,31,105,70,42613,0,0,0,0,0,228,2523,-7105,4222,0,0,0,0,0
23,-180,4.238,117,1418473,31,105,70,42613,0,0,0,0,0,228,2523,-7105,4222,0,0,0,0,0
23,-180,4.293,118,1418529,31,105,70,42613,0,0,0,0,0,228,2523,-7105,4222,0,0,0,0,0
23,-180,4.347,119,1418585,31,105,70,42613,0,0,0,0,0,228,2523,-7105,4222,0,0,0,0,0
23,-180,4.459,121,1418697,31,105,70,42613,0,0,0,0,0,228,2523,-7105,4222,0,0,0,0,0
23,-180,4.521,122,1418753,31,105,70,42613,0,0,0,0,0,228,2523,-7105,4222,0,0,0,0,0
23,-180,4.571,123,1418809,31,105,70,42613,0,0,0,0,0,228,2523,-7105,4222,0,0,0,0,0
23,-180,4.636,124,1418865,31,105,70,42613,0,0,0,0,0,228,2523,-7105,4222,0,0,0,0,0
23,-180,4.692,125,1418921,31,105,70,42613,0,0,0,0,0,228,2523,-7105,4222,0,0,0,0,0
23,-180,4.743,126,1418977,31,105,70,42613,0,0,0,0,0,228,2523,-7105,4222,0,0,0,0,0
23,-180,4.796,127,1419033,31,105,70,42613,0,0,0,0,0,228,2523,-7105,4222,0,0,0,0,0
23,-180,4.859,0,1419089,31,105,70,42613,0,0,0,0,0,228,2523,-7105,4222,0,0,0,0,0
23,-180,4.905,1,1419141,31,105,70,42613,0,0,0,0,0,228,2523,-7105,4222,0,0,0,0,0
23,-180,4.96,2,1419197,31,105,70,42613,0,0,0,0,0,228,2523,-7105,4222,0,0,0,0,0
23,-180,5.028,3,1419253,31,105,70,42613,0,0,0,0,0,228,2523,-7105,4222,0,0,0,0,0
23,-180,5.128,5,1419365,31,105,70,42613,0,0,0,0,0,228,2523,-7105,4222,0,0,0,0,0
23,-180,5.183,6,1419421,31,105,70,42613,0,0,0,0,0,228,2523,-7105,4222,0,0,0,0,0
23,-180,5.239,7,1419477,31,105,70,42613,0,0,0,0,0,228,2523,-7105,4222,0,0,0,0,0
23,-180,5.294,8,1419533,31,105,70,42613,0,0,0,0,0,228,2523,-7105,4222,0,0,0,0,0
23,-180,5.35,9,1419589,31,105,70,42613,0,0,0,0,0,228,2523,-7105,4222,0,0,0,0,0
23,-180,5.407,10,1419645,31,105,70,42613,0,0,0,0,0,228,2523,-7105,4222,0,0,0,0,0
23,-180,5.462,11,1419701,31,105,70,42613,0,0,0,0,0,228,2523,-7105,4222,0,0,0,0,0
23,-180,5.519,12,1419757,31,105,70,42613,0,0,0,0,0,228,2523,-7105,4222,0,0,0,0,0
23,-180,5.574,13,1419813,31,105,70,42613,0,0,0,0,0,228,2523,-7105,4222,0,0,0,0,0
23,-180,5.745,16,1419981,31,105,70,42613,0,0,0,0,0,228,2523,-7105,4222,0,0,0,0,0
23,-180,5.801,17,1420037,31,105,70,42613,0,0,0,0,0,228,2523,-7105,4222,0,0,0,0,0
23,-180,5.855,18,1420093,31,105,70,42613,0,0,0,0,0,228,2523,-7105,4222,0,0,0,0,0
23,-180,5.921,19,1420149,31,105,70,42613,0,0,0,0,0,228,2523,-7105,4222,0,0,0,0,0
23,-180,5.963,20,1420201,31,105,70,42613,0,0,0,0,0,228,2523,-7105,4222,0,0,0,0,0
23,-180,6.019,21,1420257,31,105,70,42613,0,0,0,0,0,228,2523,-7105,4222,0,0,0,0,0
23,-180,6.075,22,1420313,31,105,70,42613,0,0,0,0,0,228,2523,-7105,4222,0,0,0,0,0
23,-180,6.13,23,1420369,31,105,70,42613,0,0,0,0,0,228,2523,-7105,4222,0,0,0,0,0
23,-180,6.186,24,1420425,31,105,70,42613,0,0,0,0,0,228,2523,-7105,4222,0,0,0,0,0
23,-180,6.243,25,1420481,31,105,70,42613,0,0,0,0,0,228,2523,-7105,4222,0,0,0,0,0
23,-180,6.355,27,1420593,31,105,70,42613,0,0,0,0,0,228,2523,-7105,4222,0,0,0,0,0
23,-180,6.41,28,1420649,31,105,70,42613,0,0,0,0,0,228,2523,-7105,4222,0,0,0,0,0
23,-180,6.467,29,1420705,31,105,70,42613,0,0,0,0,0,228,2523,-7105,4222,0,0,0,0,0
23,-180,6.528,30,1420761,31,105,70,42613,0,0,0,0,0,228,2523,-7105,4222,0,0,0,0,0
23,-180,6.578,31,1420817,31,105,70,42613,0,0,0,0,0,228,2523,-7105,4222,0,0,0,0,0
23,-180,6.643,32,1420873,31,105,70,42613,0,0,0,0,0,228,2523,-7105,4222,0,0,0,0,0
23,-180,6.693,33,1420929,31,105,70,42613,0,0,0,0,0,228,2523,-7105,4222,0,0,0,0,0
23,-180,6.747,34,1420985,31,105,70,42613,0,0,0,0,0,228,2523,-7105,4222,0,0,0,0,0
23,-180,6.804,35,1421041,31,105,70,42613,0,0,0,0,0,228,2523,-7105,4222,0,0,0,0,0
23,-180,6.922,37,1421153,31,105,70,42613,0,0,0,0,0,228,2523,-7105,4222,0,0,0,0,0
23,-180,6.982,38,1421209,31,105,70,42613,0,0,0,0,0,228,2523,-7105,4222,0,0,0,0,0
23,-180,7.028,39,1421261,31,105,70,42613,0,0,0,0,0,228,2523,-7105,4222,0,0,0,0,0
23,-180,7.078,40,1421317,31,105,70,42613,0,0,0,0,0,228,2523,-7105,4222,0,0,0,0,0
23,-180,7.136,41,1421373,31,105,70,42613,0,0,0,0,0,228,2523,-7105,4222,0,0,0,0,0
23,-180,7.191,42,1421429,31,105,70,42613,0,0,0,0,0,228,2523,-7105,4222,0,0,0,0,0
23,-180,7.247,43,1421485,31,105,70,42613,0,0,0,0,0,228,2523,-7105,4222,0,0,0,0,0
23,-180,7.311,44,1421541,31,105,70,42613,0,0,0,0,0,228,2523,-7105,4222,0,0,0,0,0
23,-180,7.362,45,1421597,31,105,70,42613,0,0,0,0,0,228,2523,-7105,4222,0,0,0,0,0
23,-180,7.416,46,1421653,31,105,70,42613,0,0,0,0,0,228,2523,-7105,4222,0,0,0,0,0
23,-180,7.471,47,1421709,31,105,70,42613,0,0,0,0,0,228,2523,-7105,4222,0,0,0,0,0
23,-180,7.586,49,1421821,31,105,70,42613,0,0,0,0,0,228,2523,-7105,4222,0,0,0,0,0
23,-180,7.752,51,1421933,31,105,70,42613,0,0,0,0,0,228,2523,-7105,4222,0,0,0,0,0
23,-180,7.808,53,1422045,31,105,70,42613,0,0,0,0,0,228,2523,-7105,4222,0,0,0,0,0
23,-180,7.863,54,1422101,31,105,70,42613,0,0,0,0,0,228,2523,-7105,4222,0,0,0,0,0
23,-180,7.926,55,1422157,31,105,70,42613,0,0,0,0,0,228,2523,-7105,4222,0,0,0,0,0
23,-180,7.974,56,1422213,31,105,70,42613,0,0,0,0,0,228,2523,-7105,4222,0,0,0,0,0
23,-180,8.041,57,1422269,31,105,70,42613,0,0,0,0,0,228,2523,-7105,4222,0,0,0,0,0
23,-180,8.083,58,1422321,31,105,70,42613,0,0,0,0,0,228,2523,-7105,4222,0,0,0,0,0
23,-180,8.211,60,1422433,31,105,70,42613,0,0,0,0,0,228,2523,-7105,4222,0,0,0,0,0
23,-180,8.307,62,1422545,31,105,70,42613,0,0,0,0,0,228,2523,-7105,4222,0,0,0,0,0
23,-180,8.42,64,1422657,31,105,70,42613,0,0,0,0,0,228,2523,-7105,4222,0,0,0,0,0
23,-180,8.587,67,1422825,31,105,70,42613,0,0,0,0,0,228,2523,-7105,4222,0,0,0,0,0
23,-180,8.644,68,1422881,31,105,70,42613,0,0,0,0,0,228,2523,-7105,4222,0,0,0,0,0
23,-180,8.699,69,1422937,31,105,70,42613,0,0,0,0,0,228,2523,-7105,4222,0,0,0,0,0
23,-180,8.811,71,1423049,31,105,70,42613,0,0,0,0,0,228,2523,-7105,4222,0,0,0,0,0
23,-180,8.869,72,1423105,31,105,70,42613,0,0,0,0,0,228,2523,-7105,4222,0,0,0,0,0
23,-180,8.924,73,1423161,31,105,70,42613,0,0,0,0,0,228,2523,-7105,4222,0,0,0,0,0
23,-180,8.98,74,1423217,31,105,70,42613,0,0,0,0,0,228,2523,-7105,4222,0,0,0,0,0
23,-180,9.038,75,1423273,31,105,70,42613,0,0,0,0,0,228,2523,-7105,4222,0,0,0,0,0
23,-180,9.1,76,1423329,31,105,70,42613,0,0,0,0,0,228,2523,-7105,4222,0,0,0,0,0
23,-180,9.143,77,1423381,31,105,70,42613,0,0,0,0,0,228,2523,-7105,4222,0,0,0,0,0
23,-180,9.199,78,1423437,31,105,70,42613,0,0,0,0,0,228,2523,-7105,4222,0,0,0,0,0
23,-180,9.256,79,1423493,31,105,70,42613,0,0,0,0,0,228,2523,-7105,4222,0,0,0,0,0
23,-180,9.311,80,1423549,31,105,70,42613,0,0,0,0,0,228,2523,-7105,4222,0,0,0,0,0
23,-180,9.367,81,1423605,31,105,70,42613,0,0,0,0,0,228,2523,-7105,4222,0,0,0,0,0
23,-180,9.423,82,1423661,31,105,70,42613,0,0,0,0,0,228,2523,-7105,4222,0,0,0,0,0
23,-180,9.478,83,1423717,31,105,70,42613,0,0,0,0,0,228,2523,-7105,4222,0,0,0,0,0
23,-180,9.539,84,1423773,31,105,70,42613,0,0,0,0,0,228,2523,-7105,4222,0,0,0,0,0
23,-180,9.592,85,1423829,31,105,70,42613,0,0,0,0,0,228,2523,-7105,4222,0,0,0,0,0
23,-180,9.647,86,1423885,31,105,70,42613,0,0,0,0,0,228,2523,-7105,4222,0,0,0,0,0
23,-180,9.707,87,1423941,31,105,70,42613,0,0,0,0,0,228,2523,-7105,4222,0,0,0,0,0
23,-180,9.76,88,1423997,31,105,70,42613,0,0,0,0,0,228,2523,-7105,4222,0,0,0,0,0
23,-180,9.815,89,1424053,31,105,70,42613,0,0,0,0,0,228,2523,-7105,4222,0,0,0,0,0
23,-180,9.873,90,1424109,31,105,70,42613,0,0,0,0,0,228,2523,-7105,4222,0,0,0,0,0
23,-180,9.928,91,1424165,31,105,70,42613,0,0,0,0,0,228,2523,-7105,4222,0,0,0,0,0
23,-180,10.041,93,1424277,31,105,70,42613,0,0,0,0,0,228,2523,-7105,4222,0,0,0,0,0
23,-180,10.098,94,1424333,31,105,70,42613,0,0,0,0,0,228,2523,-7105,4222,0,0,0,0,0
23,-180,10.17,95,1424389,31,105,70,42613,0,0,0,0,0,228,2523,-7105,4222,0,0,0,0,0
23,-180,10.204,96,1424441,31,105,70,42613,0,0,0,0,0,228,2523,-7105,4222,0,0,0,0,0
23,-180,10.259,97,1424497,31,105,70,42613,0,0,0,0,0,228,2523,-7105,4222,0,0,0,0,0
23,-180,10.317,98,1424553,31,105,70,42613,0,0,0,0,0,228,2523,-7105,4222,0,0,0,0,0
23,-180,10.373,99,1424609,31,105,70,42613,0,0,0,0,0,228,2523,-7105,4222,0,0,0,0,0
23,-180,10.427,100,1424665,31,105,70,42613,0,0,0,0,0,228,2523,-7105,4222,0,0,0,0,0
23,-180,10.483,101,1424721,31,105,70,42613,0,0,0,0,0,228,2523,-7105,4222,0,0,0,0,0
23,-180,10.54,102,1424777,31,105,70,42613,0,0,0,0,0,228,2523,-7105,4222,0,0,0,0,0
23,-180,10.595,103,1424833,31,105,70,42613,0,0,0,0,0,228,2523,-7105,4222,0,0,0,0,0
23,-180,10.708,105,1424945,31,105,70,42613,0,0,0,0,0,228,2523,-7105,4222,0,0,0,0,0
23,-180,10.764,106,1425001,31,105,70,42613,0,0,0,0,0,228,2523,-7105,4222,0,0,0,0,0
23,-180,10.819,107,1425057,31,105,70,42613,0,0,0,0,0,228,2523,-7105,4222,0,0,0,0,0
23,-180,10.876,108,1425113,31,105,70,42613,0,0,0,0,0,228,2523,-7105,4222,0,0,0,0,0
23,-180,10.931,109,1425169,31,105,70,42613,0,0,0,0,0,228,2523,-7105,4222,0,0,0,0,0
23,-180,10.988,110,1425225,31,105,70,42613,0,0,0,0,0,228,2523,-7105,4222,0,0,0,0,0
23,-180,11.044,111,1425281,31,105,70,42613,0,0,0,0,0,228,2523,-7105,4222,0,0,0,0,0
23,-180,11.1,112,1425337,31,105,70,42613,0,0,0,0,0,228,2523,-7105,4222,0,0,0,0,0
23,-180,11.157,113,1425393,31,105,70,42613,0,0,0,0,0,228,2523,-7105,4222,0,0,0,0,0
23,-180,11.32,116,1425557,31,105,70,42613,0,0,0,0,0,228,2523,-7105,4222,0,0,0,0,0
23,-180,11.376,117,1425613,31,105,70,42613,0,0,0,0,0,228,2523,-7105,4222,0,0,0,0,0
23,-180,11.431,118,1425669,31,105,70,42613,0,0,0,0,0,228,2523,-7105,4222,0,0,0,0,0
23,-180,11.489,119,1425725,31,105,70,42613,0,0,0,0,0,228,2523,-7105,4222,0,0,0,0,0
23,-180,11.543,120,1425781,31,105,70,42613,0,0,0,0,0,228,2523,-7105,4222,0,0,0,0,0
23,-180,11.598,121,1425837,31,105,70,42613,0,0,0,0,0,228,2523,-7105,4222,0,0,0,0,0
23,-180,11.661,122,1425893,31,105,70,42613,0,0,0,0,0,228,2523,-7105,4222,0,0,0,0,0
23,-180,11.715,123,1425949,31,105,70,42613,0,0,0,0,0,228,2523,-7105,4222,0,0,0,0,0
23,-180,11.766,124,1426005,31,105,70,42613,0,0,0,0,0,228,2523,-7105,4222,0,0,0,0,0
23,-180,11.823,125,1426061,31,105,70,42613,0,0,0,0,0,228,2523,-7105,4222,0,0,0,0,0
23,-180,11.991,0,1426229,31,105,70,42613,0,0,0,0,0,228,2523,-7105,4222,0,0,0,0,0
23,-180,12.046,1,1426285,31,105,70,42613,0,0,0,0,0,228,2523,-7105,4222,0,0,0,0,0
23,-180,12.102,2,1426341,31,105,70,42613,0,0,0,0,0,228,2523,-7105,4222,0,0,0,0,0
23,-180,12.158,3,1426397,31,105,70,42613,0,0,0,0,0,228,2523,-7105,4222,0,0,0,0,0
23,-180,12.214,4,1426453,31,105,70,42613,0,0,0,0,0,228,2523,-7105,4222,0,0,0,0,0
23,-180,12.28,5,1426509,31,105,70,42613,0,0,0,0,0,228,2523,-7105,4222,0,0,0,0,0
23,-180,12.323,6,1426561,31,105,70,42613,0,0,0,0,0,228,2523,-7105,4222,0,0,0,0,0
23,-180,12.378,7,1426617,31,105,70,42613,0,0,0,0,0,228,2523,-7105,4222,0,0,0,0,0
23,-180,12.434,8,1426673,31,105,70,42613,0,0,0,0,0,228,2523,-7105,4222,0,0,0,0,0
23,-180,12.546,10,1426785,31,105,70,42613,0,0,0,0,0,228,2523,-7105,4222,0,0,0,0,0
23,-180,12.602,11,1426841,31,105,70,42613,0,0,0,0,0,228,2523,-7105,4222,0,0,0,0,0
23,-180,12.658,12,1426897,31,105,70,42613,0,0,0,0,0,228,2523,-7105,4222,0,0,0,0,0
23,-180,12.714,13,1426953,31,105,70,42613,0,0,0,0,0,228,2523,-7105,4222,0,0,0,0,0
23,-180,12.77,14,1427009,31,105,70,42613,0,0,0,0,0,228,2523,-7105,4222,0,0,0,0,0
23,-180,12.826,15,1427065,31,105,70,42613,0,0,0,0,0,228,2523,-7105,4222,0,0,0,0,0
23,-180,12.882,16,1427121,31,105,70,42613,0,0,0,0,0,228,2523,-7105,4222,0,0,0,0,0
23,-180,12.946,17,1427177,31,105,70,42613,0,0,0,0,0,228,2523,-7105,4222,0,0,0,0,0
23,-180,12.995,18,1427233,31,105,70,42613,0,0,0,0,0,228,2523,-7105,4222,0,0,0,0,0
23,-180,13.05,19,1427289,31,105,70,42613,0,0,0,0,0,228,2523,-7105,4222,0,0,0,0,0
23,-180,13.17,21,1427401,31,105,70,42613,0,0,0,0,0,228,2523,-7105,4222,0,0,0,0,0
23,-180,13.219,22,1427457,31,105,70,42613,0,0,0,0,0,228,2523,-7105,4222,0,0,0,0,0
23,-180,13.275,23,1427513,31,105,70,42613,0,0,0,0,0,228,2523,-7105,4222,0,0,0,0,0
23,-180,13.339,24,1427569,31,105,70,42613,0,0,0,0,0,228,2523,-7105,4222,0,0,0,0,0
23,-180,13.386,25,1427621,31,105,70,42613,0,0,0,0,0,228,2523,-7105,4222,0,0,0,0,0
23,-180,13.443,26,1427677,31,105,70,42613,0,0,0,0,0,228,2523,-7105,4222,0,0,0,0,0
23,-180,13.497,27,1427733,31,105,70,42613,0,0,0,0,0,228,2523,-7105,4222,0,0,0,0,0
23,-180,13.556,28,1427789,31,105,70,42613,0,0,0,0,0,228,2523,-7105,4222,0,0,0,0,0
23,-180,13.609,29,1427845,31,105,70,42613,0,0,0,0,0,228,2523,-7105,4222,0,0,0,0,0
23,-180,13.662,30,1427901,31,105,70,42613,0,0,0,0,0,228,2523,-7105,4222,0,0,0,0,0
23,-180,13.723,31,1427957,31,105,70,42613,0,0,0,0,0,228,2523,-7105,4222,0,0,0,0,0
23,-180,13.831,33,1428069,31,105,70,42613,0,0,0,0,0,228,2523,-7105,4222,0,0,0,0,0
23,-180,13.886,34,1428125,31,105,70,42613,0,0,0,0,0,228,2523,-7105,4222,0,0,0,0,0
23,-180,13.956,35,1428181,31,105,70,42613,0,0,0,0,0,228,2523,-7105,4222,0,0,0,0,0
23,-180,14.001,36,1428237,31,105,70,42613,0,0,0,0,0,228,2523,-7105,4222,0,0,0,0,0
23,-180,14.058,37,1428293,31,105,70,42613,0,0,0,0,0,228,2523,-7105,4222,0,0,0,0,0
23,-180,14.111,38,1428349,31,105,70,42613,0,0,0,0,0,228,2523,-7105,4222,0,0,0,0,0
23,-180,14.171,39,1428405,31,105,70,42613,0,0,0,0,0,228,2523,-7105,4222,0,0,0,0,0
23,-180,14.224,40,1428461,31,105,70,42613,0,0,0,0,0,228,2523,-7105,4222,0,0,0,0,0
23,-180,14.278,41,1428517,31,105,70,42613,0,0,0,0,0,228,2523,-7105,4222,0,0,0,0,0
23,-180,14.525,43,1428629,31,105,70,42613,0,0,0,0,0,228,2523,-7105,4222,0,0,0,0,0
23,-180,14.525,44,1428681,31,105,70,42613,0,0,0,0,0,228,2523,-7105,4222,0,0,0,0,0
23,-180,14.525,45,1428737,31,105,70,42613,0,0,0,0,0,228,2523,-7105,4222,0,0,0,0,0
23,-180,14.58,46,1428793,31,105,70,42613,0,0,0,0,0,228,2523,-7105,4222,0,0,0,0,0
23,-180,14.652,47,1428849,31,105,70,42613,0,0,0,0,0,228,2523,-7105,4222,0,0,0,0,0
23,-180,14.732,49,1428961,31,105,70,42613,0,0,0,0,0,228,2523,-7105,4222,0,0,0,0,0
23,-180,14.785,50,1429017,31,105,70,42613,0,0,0,0,0,228,2523,-7105,4222,0,0,0,0,0
23,-180,14.836,51,1429073,31,105,70,42613,0,0,0,0,0,228,2523,-7105,4222,0,0,0,0,0
23,-180,14.893,52,1429129,31,105,70,42613,0,0,0,0,0,228,2523,-7105,4222,0,0,0,0,0
23,-180,14.948,53,1429185,31,105,70,42613,0,0,0,0,0,228,2523,-7105,4222,0,0,0,0,0
23,-180,15.058,55,1429297,31,105,70,42613,0,0,0,0,0,228,2523,-7105,4222,0,0,0,0,0
23,-180,15.114,56,1429353,31,105,70,42613,0,0,0,0,0,228,2523,-7105,4222,0,0,0,0,0
23,-180,15.17,57,1429409,31,105,70,42613,0,0,0,0,0,228,2523,-7105,4222,0,0,0,0,0
23,-180,15.228,58,1429465,31,105,70,42613,0,0,0,0,0,228,2523,-7105,4222,0,0,0,0,0
23,-180,15.285,59,1429521,31,105,70,42613,0,0,0,0,0,228,2523,-7105,4222,0,0,0,0,0
23,-180,15.34,60,1429577,31,105,70,42613,0,0,0,0,0,228,2523,-7105,4222,0,0,0,0,0
23,-180,15.395,61,1429633,31,105,70,42613,0,0,0,0,0,228,2523,-7105,4222,0,0,0,0,0
23,-180,15.458,62,1429689,31,105,70,42613,0,0,0,0,0,228,2523,-7105,4222,0,0,0,0,0
23,-180,15.504,63,1429741,31,105,70,42613,0,0,0,0,0,228,2523,-7105,4222,0,0,0,0,0
23,-180,15.558,64,1429797,31,105,70,42613,0,0,0,0,0,228,2523,-7105,4222,0,0,0,0,0
23,-180,15.671,66,1429909,31,105,70,42613,0,0,0,0,0,228,2523,-7105,4222,0,0,0,0,0
23,-180,15.726,67,1429965,31,105,70,42613,0,0,0,0,0,228,2523,-7105,4222,0,0,0,0,0
23,-180,15.783,68,1430021,31,105,70,42613,0,0,0,0,0,228,2523,-7105,4222,0,0,0,0,0
23,-180,15.838,69,1430077,31,105,70,42613,0,0,0,0,0,228,2523,-7105,4222,0,0,0,0,0
23,-180,15.898,70,1430133,31,105,70,42613,0,0,0,0,0,228,2523,-7105,4222,0,0,0,0,0
23,-180,15.951,71,1430189,31,105,70,42613,0,0,0,0,0,228,2523,-7105,4222,0,0,0,0,0
23,-180,16.008,72,1430245,31,105,70,42613,0,0,0,0,0,228,2523,-7105,4222,0,0,0,0,0
23,-180,16.064,73,1430301,31,105,70,42613,0,0,0,0,0,228,2523,-7105,4222,0,0,0,0,0
23,-180,16.118,74,1430357,31,105,70,42613,0,0,0,0,0,228,2523,-7105,4222,0,0,0,0,0
23,-180,16.174,75,1430413,31,105,70,42613,0,0,0,0,0,228,2523,-7105,4222,0,0,0,0,0
23,-180,16.286,77,1430525,31,105,70,42613,0,0,0,0,0,228,2523,-7105,4222,0,0,0,0,0
23,-180,16.342,78,1430581,31,105,70,42613,0,0,0,0,0,228,2523,-7105,4222,0,0,0,0,0
23,-180,16.399,79,1430637,31,105,70,42613,0,0,0,0,0,228,2523,-7105,4222,0,0,0,0,0
23,-180,16.454,80,1430693,31,105,70,42613,0,0,0,0,0,228,2523,-7105,4222,0,0,0,0,0
23,-180,16.519,81,1430749,31,105,70,42613,0,0,0,0,0,228,2523,-7105,4222,0,0,0,0,0
23,-180,16.562,82,1430801,31,105,70,42613,0,0,0,0,0,228,2523,-7105,4222,0,0,0,0,0
23,-180,16.619,83,1430857,31,105,70,42613,0,0,0,0,0,228,2523,-7105,4222,0,0,0,0,0
23,-180,16.675,84,1430913,31,105,70,42613,0,0,0,0,0,228,2523,-7105,4222,0,0,0,0,0
23,-180,16.731,85,1430969,31,105,70,42613,0,0,0,0,0,228,2523,-7105,4222,0,0,0,0,0
23,-180,16.786,86,1431025,31,105,70,42613,0,0,0,0,0,228,2523,-7105,4222,0,0,0,0,0
23,-180,16.898,88,1431137,31,105,70,42613,0,0,0,0,0,228,2523,-7105,4222,0,0,0,0,0
23,-180,17.011,90,1431249,31,105,70,42613,0,0,0,0,0,228,2523,-7105,4222,0,0,0,0,0
23,-180,17.066,91,1431305,31,105,70,42613,0,0,0,0,0,228,2523,-7105,4222,0,0,0,0,0
23,-180,17.122,92,1431361,31,105,70,42613,0,0,0,0,0,228,2523,-7105,4222,0,0,0,0,0
23,-180,17.178,93,1431417,31,105,70,42613,0,0,0,0,0,228,2523,-7105,4222,0,0,0,0,0
23,-180,17.234,94,1431473,31,105,70,42613,0,0,0,0,0,228,2523,-7105,4222,0,0,0,0,0
23,-180,17.29,95,1431529,31,105,70,42613,0,0,0,0,0,228,2523,-7105,4222,0,0,0,0,0
23,-180,17.346,96,1431585,31,105,70,42613,0,0,0,0,0,228,2523,-7105,4222,0,0,0,0,0
23,-180,17.402,97,1431641,31,105,70,42613,0,0,0,0,0,228,2523,-7105,4222,0,0,0,0,0
23,-180,17.514,99,1431753,31,105,70,42613,0,0,0,0,0,228,2523,-7105,4222,0,0,0,0,0
23,-180,17.622,101,1431861,31,105,70,42613,0,0,0,0,0,228,2523,-7105,4222,0,0,0,0,0
23,-180,17.678,102,1431917,31,105,70,42613,0,0,0,0,0,228,2523,-7105,4222,0,0,0,0,0
23,-180,17.734,103,1431973,31,105,70,42613,0,0,0,0,0,228,2523,-7105,4222,0,0,0,0,0
23,-180,17.79,104,1432029,31,105,70,42613,0,0,0,0,0,228,2523,-7105,4222,0,0,0,0,0
23,-180,17.849,105,1432085,31,105,70,42613,0,0,0,0,0,228,2523,-7105,4222,0,0,0,0,0
23,-180,17.904,106,1432141,31,105,70,42613,0,0,0,0,0,228,2523,-7105,4222,0,0,0,0,0
23,-180,17.958,107,1432197,31,105,70,42613,0,0,0,0,0,228,2523,-7105,4222,0,0,0,0,0
23,-180,18.014,108,1432253,31,105,70,42613,0,0,0,0,0,228,2523,-7105,4222,0,0,0,0,0
23,-180,18.071,109,1432309,31,105,70,42613,0,0,0,0,0,228,2523,-7105,4222,0,0,0,0,0
23,-180,18.127,110,1432365,31,105,70,42613,0,0,0,0,0,228,2523,-7105,4222,0,0,0,0,0
23,-180,18.182,111,1432421,31,105,70,42613,0,0,0,0,0,228,2523,-7105,4222,0,0,0,0,0
23,-180,18.238,112,1432477,31,105,70,42613,0,0,0,0,0,228,2523,-7105,4222,0,0,0,0,0
23,-180,18.294,113,1432533,31,105,70,42613,0,0,0,0,0,228,2523,-7105,4222,0,0,0,0,0
23,-180,18.352,114,1432589,31,105,70,42613,0,0,0,0,0,228,2523,-7105,4222,0,0,0,0,0
23,-180,18.406,115,1432645,31,105,70,42613,0,0,0,0,0,228,2523,-7105,4222,0,0,0,0,0
23,-180,18.462,116,1432701,31,105,70,42613,0,0,0,0,0,228,2523,-7105,4222,0,0,0,0,0
23,-180,18.518,117,1432757,31,105,70,42613,0,0,0,0,0,228,2523,-7105,4222,0,0,0,0,0
23,-180,18.576,118,1432813,31,105,70,42613,0,0,0,0,0,228,2523,-7105,4222,0,0,0,0,0
23,-180,18.639,119,1432869,31,105,70,42613,0,0,0,0,0,228,2523,-7105,4222,0,0,0,0,0
23,-180,18.683,120,1432921,31,105,70,42613,0,0,0,0,0,228,2523,-7105,4222,0,0,0,0,0
23,-180,18.794,122,1433033,31,105,70,42613,0,0,0,0,0,228,2523,-7105,4222,0,0,0,0,0
23,-180,18.85,123,1433089,31,105,70,42613,0,0,0,0,0,228,2523,-7105,4222,0,0,0,0,0
23,-180,18.906,124,1433145,31,105,70,42613,0,0,0,0,0,228,2523,-7105,4222,0,0,0,0,0
23,-180,18.962,125,1433201,31,105,70,42613,0,0,0,0,0,228,2523,-7105,4222,0,0,0,0,0
23,-180,19.018,126,1433257,31,105,70,42613,0,0,0,0,0,228,2523,-7105,4222,0,0,0,0,0
23,-180,19.074,127,1433313,31,105,70,42613,0,0,0,0,0,228,2523,-7105,4222,0,0,0,0,0
23,-180,19.13,0,1433369,31,105,70,42613,0,0,0,0,0,228,2523,-7105,4222,0,0,0,0,0
23,-180,19.186,1,1433425,31,105,70,42613,0,0,0,0,0,228,2523,-7105,4222,0,0,0,0,0
23,-180,19.241,2,1433481,31,105,70,42613,0,0,0,0,0,228,2523,-7105,4222,0,0,0,0,0
23,-180,19.298,3,1433537,31,105,70,42613,0,0,0,0,0,228,2523,-7105,4222,0,0,0,0,0
23,-180,19.467,6,1433705,31,105,70,42613,0,0,0,0,0,228,2523,-7105,4222,0,0,0,0,0
23,-180,19.527,7,1433761,31,105,70,42613,0,0,0,0,0,228,2523,-7105,4222,0,0,0,0,0
23,-180,19.58,8,1433817,31,105,70,42613,0,0,0,0,0,228,2523,-7105,4222,0,0,0,0,0
23,-180,19.64,9,1433873,31,105,70,42613,0,0,0,0,0,228,2523,-7105,4222,0,0,0,0,0
23,-180,19.7,10,1433929,31,105,70,42613,0,0,0,0,0,228,2523,-7105,4222,0,0,0,0,0
23,-180,19.744,11,1433981,31,105,70,42613,0,0,0,0,0,228,2523,-7105,4222,0,0,0,0,0
23,-180,19.799,12,1434037,31,105,70,42613,0,0,0,0,0,228,2523,-7105,4222,0,0,0,0,0
23,-180,19.856,13,1434093,31,105,70,42613,0,0,0,0,0,228,2523,-7105,4222,0,0,0,0,0
23,-180,19.914,14,1434149,31,105,70,42613,0,0,0,0,0,228,2523,-7105,4222,0,0,0,0,0
23,-180,20.023,16,1434261,31,105,70,42613,0,0,0,0,0,228,2523,-7105,4222,0,0,0,0,0
23,-180,20.079,17,1434317,31,105,70,42613,0,0,0,0,0,228,2523,-7105,4222,0,0,0,0,0
23,-180,20.134,18,1434373,31,105,70,42613,0,0,0,0,0,228,2523,-7105,4222,0,0,0,0,0
23,-180,20.192,19,1434429,31,105,70,42613,0,0,0,0,0,228,2523,-7105,4222,0,0,0,0,0
23,-180,20.247,20,1434485,31,105,70,42613,0,0,0,0,0,228,2523,-7105,4222,0,0,0,0,0
23,-180,20.302,21,1434541,31,105,70,42613,0,0,0,0,0,228,2523,-7105,4222,0,0,0,0,0
23,-180,20.358,22,1434597,31,105,70,42613,0,0,0,0,0,228,2523,-7105,4222,0,0,0,0,0
23,-180,20.415,23,1434653,31,105,70,42613,0,0,0,0,0,228,2523,-7105,4222,0,0,0,0,0
23,-180,20.47,24,1434709,31,105,70,42613,0,0,0,0,0,228,2523,-7105,4222,0,0,0,0,0
23,-180,20.526,25,1434765,31,105,70,42613,0,0,0,0,0,228,2523,-7105,4222,0,0,0,0,0
23,-180,20.694,28,1434933,31,105,70,42613,0,0,0,0,0,228,2523,-7105,4222,0,0,0,0,0
23,-180,20.76,29,1434989,31,105,70,42613,0,0,0,0,0,228,2523,-7105,4222,0,0,0,0,0
23,-180,20.802,30,1435041,31,105,70,42613,0,0,0,0,0,228,2523,-7105,4222,0,0,0,0,0
23,-180,20.858,31,1435097,31,105,70,42613,0,0,0,0,0,228,2523,-7105,4222,0,0,0,0,0
23,-180,20.914,32,1435153,31,105,70,42613,0,0,0,0,0,228,2523,-7105,4222,0,0,0,0,0
23,-180,20.97,33,1435209,31,105,70,42613,0,0,0,0,0,228,2523,-7105,4222,0,0,0,0,0
23,-180,21.026,34,1435265,31,105,70,42613,0,0,0,0,0,228,2523,-7105,4222,0,0,0,0,0
23,-180,21.084,35,1435321,31,105,70,42613,0,0,0,0,0,228,2523,-7105,4222,0,0,0,0,0
23,-180,21.139,36,1435377,31,105,70,42613,0,0,0,0,0,228,2523,-7105,4222,0,0,0,0,0
23,-180,21.252,38,1435489,31,105,70,42613,0,0,0,0,0,228,2523,-7105,4222,0,0,0,0,0
23,-180,21.313,39,1435545,31,105,70,42613,0,0,0,0,0,228,2523,-7105,4222,0,0,0,0,0
23,-180,21.364,40,1435601,31,105,70,42613,0,0,0,0,0,228,2523,-7105,4222,0,0,0,0,0
23,-180,21.418,41,1435657,31,105,70,42613,0,0,0,0,0,228,2523,-7105,4222,0,0,0,0,0
23,-180,21.474,42,1435713,31,105,70,42613,0,0,0,0,0,228,2523,-7105,4222,0,0,0,0,0
23,-180,21.531,43,1435769,31,105,70,42613,0,0,0,0,0,228,2523,-7105,4222,0,0,0,0,0
23,-180,21.643,45,1435881,31,105,70,42613,0,0,0,0,0,228,2523,-7105,4222,0,0,0,0,0
23,-180,21.698,46,1435937,31,105,70,42613,0,0,0,0,0,228,2523,-7105,4222,0,0,0,0,0
23,-180,21.754,47,1435993,31,105,70,42613,0,0,0,0,0,228,2523,-7105,4222,0,0,0,0,0
23,-180,21.919,50,1436157,31,105,70,42613,0,0,0,0,0,228,2523,-7105,4222,0,0,0,0,0
23,-180,21.974,51,1436213,31,105,70,42613,0,0,0,0,0,228,2523,-7105,4222,0,0,0,0,0
23,-180,22.03,52,1436269,31,105,70,42613,0,0,0,0,0,228,2523,-7105,4222,0,0,0,0,0
23,-180,22.086,53,1436325,31,105,70,42613,0,0,0,0,0,228,2523,-7105,4222,0,0,0,0,0
23,-180,22.143,54,1436381,31,105,70,42613,0,0,0,0,0,228,2523,-7105,4222,0,0,0,0,0
23,-180,22.198,55,1436437,31,105,70,42613,0,0,0,0,0,228,2523,-7105,4222,0,0,0,0,0
23,-180,22.258,56,1436493,31,105,70,42613,0,0,0,0,0,228,2523,-7105,4222,0,0,0,0,0
23,-180,22.313,57,1436549,31,105,70,42613,0,0,0,0,0,228,2523,-7105,4222,0,0,0,0,0
23,-180,22.367,58,1436605,31,105,70,42613,0,0,0,0,0,228,2523,-7105,4222,0,0,0,0,0
23,-180,22.423,59,1436661,31,105,70,42613,0,0,0,0,0,228,2523,-7105,4222,0,0,0,0,0
24,180,-0.02,27,1456297,31,105,70,42613,0,0,0,0,0,228,2523,-7105,4222,0,0,0,0,0
24,180,0.035,28,1456353,31,105,70,42613,0,0,0,0,0,228,2523,-7105,4222,0,0,0,0,0
24,180,0.086,29,1456413,31,105,70,42625,0,0,0,0,8,229,2525,-7105,4225,-1000,1000,0,0,0
24,180,0.147,30,1456463,31,105,70,42715,0,0,0,-16,16,229,2527,-7116,4238,-1200,1200,0,0,0
24,180,0.211,31,1456533,31,106,71,42937,0,0,0,-31,56,229,2530,-7138,4275,-1500,1400,0,0,0
24,180,0.285,32,1456605,31,106,72,43302,0,0,0,-36,82,229,2533,-7172,4338,-1800,1600,0,0,0
24,180,0.353,33,1456677,31,106,73,43859,0,0,0,-82,111,229,2536,-7236,4422,-2100,2100,0,0,0
24,180,0.423,34,1456749,31,106,73,44619,0,0,0,-98,128,229,2539,-7327,4533,-2400,2500,0,0,0
24,180,0.496,35,1456821,31,106,74,45654,0,0,0,-135,174,229,2542,-7452,4683,-2700,2700,0,0,0
24,180,0.644,37,1456965,31,106,76,48092,0,0,0,-164,220,229,2548,-7750,5033,-2600,2600,0,0,0
24,180,0.713,38,1457037,31,105,76,49326,0,0,0,-184,204,229,2551,-7911,5200,-2600,2400,0,0,0
24,180,0.771,39,1457087,31,105,76,50116,0,0,0,-154,154,229,2553,-8016,5305,-2500,2200,0,0,0
24,180,0.83,40,1457157,31,105,76,51321,0,0,0,-166,172,229,2556,-8175,5466,-2500,2200,0,0,0
24,180,0.931,41,1457229,31,106,76,52438,0,0,0,-171,157,229,2559,-8327,5611,-2400,2000,0,0,0
24,180,0.974,42,1457301,31,106,76,53495,0,0,0,-157,138,229,2562,-8475,5744,-2400,2000,0,0,0
24,180,1.049,43,1457373,31,106,76,54549,0,0,0,-154,154,229,2565,-8619,5880,-2400,2000,0,0,0
24,180,1.127,44,1457445,31,107,76,55576,0,0,0,-148,148,229,2568,-8761,6011,-2500,1900,0,0,0
24,180,1.193,45,1457517,31,107,76,56555,0,0,0,-141,155,229,2571,-8894,6138,-2500,2100,0,0,0
24,180,1.264,46,1457589,31,107,76,57571,0,0,0,-148,138,229,2574,-9033,6269,-2400,2100,0,0,0
24,180,1.338,47,1457661,31,107,76,58571,0,0,0,-144,135,229,2577,-9166,6402,-2500,2100,0,0,0
24,180,1.385,48,1457711,31,108,77,59252,0,0,0,-148,144,229,2579,-9261,6488,-2400,2100,0,0,0
24,180,1.456,49,1457781,31,108,77,60212,0,0,0,-144,128,229,2582,-9388,6616,-1500,1100,0,0,0
24,180,1.574,50,1457902,31,108,78,61115,0,0,0,0,0,229,2589,-9522,6722,0,0,0,0,0
24,180,1.634,51,1457953,31,108,78,61115,0,0,0,0,0,229,2591,-9522,6722,0,0,0,0,0
24,180,1.697,52,1458025,31,108,78,61115,0,0,0,0,0,229,2594,-9522,6722,0,0,0,0,0
24,180,1.769,53,1458097,31,108,78,61115,0,0,0,0,0,229,2597,-9522,6722,0,0,0,0,0
24,180,1.915,55,1458241,31,108,78,61115,0,0,0,0,0,229,2603,-9522,6722,0,0,0,0,0
24,180,1.985,56,1458313,31,108,78,61115,0,0,0,0,0,229,2606,-9522,6722,0,0,0,0,0
24,180,2.057,57,1458385,31,108,78,61115,0,0,0,0,0,229,2609,-9522,6722,0,0,0,0,0
24,180,2.13,58,1458457,31,108,78,61115,0,0,0,0,0,229,2612,-9522,6722,0,0,0,0,0
24,180,2.273,60,1458601,31,108,78,61115,0,0,0,0,0,229,2618,-9522,6722,0,0,0,0,0
24,180,2.345,61,1458673,31,108,78,61115,0,0,0,0,0,229,2621,-9522,6722,0,0,0,0,0
24,180,2.419,62,1458745,31,108,78,61115,0,0,0,0,0,229,2624,-9522,6722,0,0,0,0,0
24,180,2.499,63,1458817,31,108,78,61115,0,0,0,0,0,229,2627,-9522,6722,0,0,0,0,0
24,180,2.562,64,1458889,31,108,78,61115,0,0,0,0,0,229,2630,-9522,6722,0,0,0,0,0
24,180,2.639,65,1458961,31,108,78,61115,0,0,0,0,0,229,2633,-9522,6722,0,0,0,0,0
24,180,2.705,66,1459033,31,108,78,61115,0,0,0,0,0,229,2636,-9522,6722,0,0,0,0,0
24,180,2.853,68,1459177,31,108,78,61115,0,0,0,0,0,229,2642,-9522,6722,0,0,0,0,0
24,180,2.973,70,1459301,31,108,78,61115,0,0,0,0,0,229,2645,-9522,6722,0,0,0,0,0
24,180,3.085,72,1459413,31,108,78,61115,0,0,0,0,0,229,2645,-9522,6722,0,0,0,0,0
24,180,3.141,73,1459469,31,108,78,61115,0,0,0,0,0,229,2645,-9522,6722,0,0,0,0,0
24,180,3.196,74,1459525,31,108,78,61115,0,0,0,0,0,229,2645,-9522,6722,0,0,0,0,0
24,180,3.252,75,1459581,31,108,78,61115,0,0,0,0,0,229,2645,-9522,6722,0,0,0,0,0
24,180,3.309,76,1459637,31,108,78,61115,0,0,0,0,0,229,2645,-9522,6722,0,0,0,0,0
24,180,3.364,77,1459693,31,108,78,61115,0,0,0,0,0,229,2645,-9522,6722,0,0,0,0,0
24,180,3.421,78,1459749,31,108,78,61115,0,0,0,0,0,229,2645,-9522,6722,0,0,0,0,0
24,180,3.588,81,1459917,31,108,78,61115,0,0,0,0,0,229,2645,-9522,6722,0,0,0,0,0
24,180,3.653,82,1459973,31,108,78,61115,0,0,0,0,0,229,2645,-9522,6722,0,0,0,0,0
24,180,3.696,83,1460025,31,108,78,61115,0,0,0,0,0,229,2645,-9522,6722,0,0,0,0,0
24,180,3.753,84,1460081,31,108,78,61115,0,0,0,0,0,229,2645,-9522,6722,0,0,0,0,0
24,180,3.808,85,1460137,31,108,78,61115,0,0,0,0,0,229,2645,-9522,6722,0,0,0,0,0
24,180,3.864,86,1460193,31,108,78,61115,0,0,0,0,0,229,2645,-9522,6722,0,0,0,0,0
24,180,3.922,87,1460249,31,108,78,61115,0,0,0,0,0,229,2645,-9522,6722,0,0,0,0,0
24,180,3.976,88,1460305,31,108,78,61115,0,0,0,0,0,229,2645,-9522,6722,0,0,0,0,0
24,180,4.032,89,1460361,31,108,78,61115,0,0,0,0,0,229,2645,-9522,6722,0,0,0,0,0
24,180,4.089,90,1460417,31,108,78,61115,0,0,0,0,0,229,2645,-9522,6722,0,0,0,0,0
24,180,4.2,92,1460529,31,108,78,61115,0,0,0,0,0,229,2645,-9522,6722,0,0,0,0,0
24,180,4.257,93,1460585,31,108,78,61115,0,0,0,0,0,229,2645,-9522,6722,0,0,0,0,0
24,180,4.312,94,1460641,31,108,78,61115,0,0,0,0,0,229,2645,-9522,6722,0,0,0,0,0
24,180,4.369,95,1460697,31,108,78,61115,0,0,0,0,0,229,2645,-9522,6722,0,0,0,0,0
24,180,4.435,96,1460755,31,108,78,61115,0,0,0,0,0,229,2645,-9522,6722,0,0,0,0,0
24,180,4.478,97,1460805,31,108,78,61115,0,0,0,0,0,229,2645,-9522,6722,0,0,0,0,0
24,180,4.534,98,1460861,31,108,78,61115,0,0,0,0,0,229,2645,-9522,6722,0,0,0,0,0
24,180,4.588,99,1460917,31,108,78,61115,0,0,0,0,0,229,2645,-9522,6722,0,0,0,0,0
24,180,4.644,100,1460973,31,108,78,61115,0,0,0,0,0,229,2645,-9522,6722,0,0,0,0,0
24,180,4.711,101,1461029,31,108,78,61115,0,0,0,0,0,229,2645,-9522,6722,0,0,0,0,0
24,180,4.754,102,1461081,31,108,78,61115,0,0,0,0,0,229,2645,-9522,6722,0,0,0,0,0
24,180,4.871,104,1461193,31,108,78,61115,0,0,0,0,0,229,2645,-9522,6722,0,0,0,0,0
24,180,4.921,105,1461249,31,108,78,61115,0,0,0,0,0,229,2645,-9522,6722,0,0,0,0,0
24,180,4.977,106,1461305,31,108,78,61115,0,0,0,0,0,229,2645,-9522,6722,0,0,0,0,0
24,180,5.033,107,1461361,31,108,78,61115,0,0,0,0,0,229,2645,-9522,6722,0,0,0,0,0
24,180,5.089,108,1461417,31,108,78,61115,0,0,0,0,0,229,2645,-9522,6722,0,0,0,0,0
24,180,5.146,109,1461473,31,108,78,61115,0,0,0,0,0,229,2645,-9522,6722,0,0,0,0,0
24,180,5.201,110,1461529,31,108,78,61115,0,0,0,0,0,229,2645,-9522,6722,0,0,0,0,0
24,180,5.256,111,1461585,31,108,78,61115,0,0,0,0,0,229,2645,-9522,6722,0,0,0,0,0
24,180,5.313,112,1461641,31,108,78,61115,0,0,0,0,0,229,2645,-9522,6722,0,0,0,0,0
24,180,5.368,113,1461697,31,108,78,61115,0,0,0,0,0,229,2645,-9522,6722,0,0,0,0,0
24,180,5.48,115,1461809,31,108,78,61115,0,0,0,0,0,229,2645,-9522,6722,0,0,0,0,0
24,180,5.536,116,1461865,31,108,78,61115,0,0,0,0,0,229,2645,-9522,6722,0,0,0,0,0
24,180,5.594,117,1461921,31,108,78,61115,0,0,0,0,0,229,2645,-9522,6722,0,0,0,0,0
24,180,5.649,118,1461977,31,108,78,61115,0,0,0,0,0,229,2645,-9522,6722,0,0,0,0,0
24,180,5.704,119,1462033,31,108,78,61115,0,0,0,0,0,229,2645,-9522,6722,0,0,0,0,0
24,180,5.77,120,1462089,31,108,78,61115,0,0,0,0,0,229,2645,-9522,6722,0,0,0,0,0
24,180,5.812,121,1462141,31,108,78,61115,0,0,0,0,0,229,2645,-9522,6722,0,0,0,0,0
24,180,5.869,122,1462197,31,108,78,61115,0,0,0,0,0,229,2645,-9522,6722,0,0,0,0,0
24,180,5.933,123,1462253,31,108,78,61115,0,0,0,0,0,229,2645,-9522,6722,0,0,0,0,0
24,180,5.98,124,1462309,31,108,78,61115,0,0,0,0,0,229,2645,-9522,6722,0,0,0,0,0
24,180,6.148,127,1462477,31,108,78,61115,0,0,0,0,0,229,2645,-9522,6722,0,0,0,0,0
24,180,6.205,0,1462533,31,108,78,61115,0,0,0,0,0,229,2645,-9522,6722,0,0,0,0,0
24,180,6.262,1,1462589,31,108,78,61115,0,0,0,0,0,229,2645,-9522,6722,0,0,0,0,0
24,180,6.319,2,1462645,31,108,78,61115,0,0,0,0,0,229,2645,-9522,6722,0,0,0,0,0
24,180,6.372,3,1462701,31,108,78,61115,0,0,0,0,0,229,2645,-9522,6722,0,0,0,0,0
24,180,6.429,4,1462757,31,108,78,61115,0,0,0,0,0,229,2645,-9522,6722,0,0,0,0,0
24,180,6.485,5,1462813,31,108,78,61115,0,0,0,0,0,229,2645,-9522,6722,0,0,0,0,0
24,180,6.541,6,1462869,31,108,78,61115,0,0,0,0,0,229,2645,-9522,6722,0,0,0,0,0
24,180,6.597,7,1462925,31,108,78,61115,0,0,0,0,0,229,2645,-9522,6722,0,0,0,0,0
24,180,6.766,10,1463093,31,108,78,61115,0,0,0,0,0,229,2645,-9522,6722,0,0,0,0,0
24,180,6.987,14,1463313,31,108,78,61115,0,0,0,0,0,229,2645,-9522,6722,0,0,0,0,0
24,180,7.097,16,1463425,31,108,78,61115,0,0,0,0,0,229,2645,-9522,6722,0,0,0,0,0
24,180,7.154,17,1463481,31,108,78,61115,0,0,0,0,0,229,2645,-9522,6722,0,0,0,0,0
24,180,7.209,18,1463537,31,108,78,61115,0,0,0,0,0,229,2645,-9522,6722,0,0,0,0,0
24,180,7.264,19,1463593,31,108,78,61115,0,0,0,0,0,229,2645,-9522,6722,0,0,0,0,0
24,180,7.377,21,1463705,31,108,78,61115,0,0,0,0,0,229,2645,-9522,6722,0,0,0,0,0
24,180,7.488,23,1463817,31,108,78,61115,0,0,0,0,0,229,2645,-9522,6722,0,0,0,0,0
24,180,7.601,25,1463929,31,108,78,61115,0,0,0,0,0,229,2645,-9522,6722,0,0,0,0,0
24,180,7.657,26,1463985,31,108,78,61115,0,0,0,0,0,229,2645,-9522,6722,0,0,0,0,0
24,180,7.713,27,1464041,31,108,78,61115,0,0,0,0,0,229,2645,-9522,6722,0,0,0,0,0
24,180,7.769,28,1464097,31,108,78,61115,0,0,0,0,0,229,2645,-9522,6722,0,0,0,0,0
24,180,7.824,29,1464153,31,108,78,61115,0,0,0,0,0,229,2645,-9522,6722,0,0,0,0,0
24,180,7.889,30,1464209,31,108,78,61115,0,0,0,0,0,229,2645,-9522,6722,0,0,0,0,0
24,180,7.988,32,1464317,31,108,78,61115,0,0,0,0,0,229,2645,-9522,6722,0,0,0,0,0
24,180,8.101,34,1464429,31,108,78,61115,0,0,0,0,0,229,2645,-9522,6722,0,0,0,0,0
24,180,8.157,35,1464485,31,108,78,61115,0,0,0,0,0,229,2645,-9522,6722,0,0,0,0,0
24,180,8.213,36,1464541,31,108,78,61115,0,0,0,0,0,229,2645,-9522,6722,0,0,0,0,0
24,180,8.268,37,1464597,31,108,78,61115,0,0,0,0,0,229,2645,-9522,6722,0,0,0,0,0
24,180,8.326,38,1464653,31,108,78,61115,0,0,0,0,0,229,2645,-9522,6722,0,0,0,0,0
24,180,8.381,39,1464709,31,108,78,61115,0,0,0,0,0,229,2645,-9522,6722,0,0,0,0,0
24,180,8.438,40,1464765,31,108,78,61115,0,0,0,0,0,229,2645,-9522,6722,0,0,0,0,0
24,180,8.492,41,1464821,31,108,78,61115,0,0,0,0,0,229,2645,-9522,6722,0,0,0,0,0
24,180,8.604,43,1464933,31,108,78,61115,0,0,0,0,0,229,2645,-9522,6722,0,0,0,0,0
24,180,8.716,45,1465045,31,108,78,61115,0,0,0,0,0,229,2645,-9522,6722,0,0,0,0,0
24,180,8.772,46,1465101,31,108,78,61115,0,0,0,0,0,229,2645,-9522,6722,0,0,0,0,0
24,180,8.828,47,1465157,31,108,78,61115,0,0,0,0,0,229,2645,-9522,6722,0,0,0,0,0
24,180,8.884,48,1465213,31,108,78,61115,0,0,0,0,0,229,2645,-9522,6722,0,0,0,0,0
24,180,8.952,49,1465269,31,108,78,61115,0,0,0,0,0,229,2645,-9522,6722,0,0,0,0,0
24,180,8.992,50,1465321,31,108,78,61115,0,0,0,0,0,229,2645,-9522,6722,0,0,0,0,0
24,180,9.048,51,1465377,31,108,78,61115,0,0,0,0,0,229,2645,-9522,6722,0,0,0,0,0
24,180,9.104,52,1465433,31,108,78,61115,0,0,0,0,0,229,2645,-9522,6722,0,0,0,0,0
24,180,9.216,54,1465545,31,108,78,61115,0,0,0,0,0,229,2645,-9522,6722,0,0,0,0,0
24,180,9.272,55,1465601,31,108,78,61115,0,0,0,0,0,229,2645,-9522,6722,0,0,0,0,0
24,180,9.328,56,1465657,31,108,78,61115,0,0,0,0,0,229,2645,-9522,6722,0,0,0,0,0
24,180,9.386,57,1465713,31,108,78,61115,0,0,0,0,0,229,2645,-9522,6722,0,0,0,0,0
24,180,9.44,58,1465769,31,108,78,61115,0,0,0,0,0,229,2645,-9522,6722,0,0,0,0,0
24,180,9.496,59,1465825,31,108,78,61115,0,0,0,0,0,229,2645,-9522,6722,0,0,0,0,0
24,180,9.553,60,1465881,31,108,78,61115,0,0,0,0,0,229,2645,-9522,6722,0,0,0,0,0
24,180,9.609,61,1465937,31,108,78,61115,0,0,0,0,0,229,2645,-9522,6722,0,0,0,0,0
24,180,9.664,62,1465993,31,108,78,61115,0,0,0,0,0,229,2645,-9522,6722,0,0,0,0,0
24,180,9.721,63,1466049,31,108,78,61115,0,0,0,0,0,229,2645,-9522,6722,0,0,0,0,0
24,180,9.832,65,1466161,31,108,78,61115,0,0,0,0,0,229,2645,-9522,6722,0,0,0,0,0
24,180,9.888,66,1466217,31,108,78,61115,0,0,0,0,0,229,2645,-9522,6722,0,0,0,0,0
24,180,9.944,67,1466273,31,108,78,61115,0,0,0,0,0,229,2645,-9522,6722,0,0,0,0,0
24,180,10.01,68,1466329,31,108,78,61115,0,0,0,0,0,229,2645,-9522,6722,0,0,0,0,0
24,180,10.053,69,1466381,31,108,78,61115,0,0,0,0,0,229,2645,-9522,6722,0,0,0,0,0
24,180,10.11,70,1466437,31,108,78,61115,0,0,0,0,0,229,2645,-9522,6722,0,0,0,0,0
24,180,10.166,71,1466493,31,108,78,61115,0,0,0,0,0,229,2645,-9522,6722,0,0,0,0,0
24,180,10.221,72,1466549,31,108,78,61115,0,0,0,0,0,229,2645,-9522,6722,0,0,0,0,0
24,180,10.276,73,1466605,31,108,78,61115,0,0,0,0,0,229,2645,-9522,6722,0,0,0,0,0
24,180,10.332,74,1466661,31,108,78,61115,0,0,0,0,0,229,2645,-9522,6722,0,0,0,0,0
24,180,10.389,75,1466717,31,108,78,61115,0,0,0,0,0,229,2645,-9522,6722,0,0,0,0,0
24,180,10.444,76,1466773,31,108,78,61115,0,0,0,0,0,229,2645,-9522,6722,0,0,0,0,0
24,180,10.501,77,1466829,31,108,78,61115,0,0,0,0,0,229,2645,-9522,6722,0,0,0,0,0
24,180,10.556,78,1466885,31,108,78,61115,0,0,0,0,0,229,2645,-9522,6722,0,0,0,0,0
24,180,10.612,79,1466941,31,108,78,61115,0,0,0,0,0,229,2645,-9522,6722,0,0,0,0,0
24,180,10.668,80,1466997,31,108,78,61115,0,0,0,0,0,229,2645,-9522,6722,0,0,0,0,0
24,180,10.725,81,1467053,31,108,78,61115,0,0,0,0,0,229,2645,-9522,6722,0,0,0,0,0
24,180,10.78,82,1467109,31,108,78,61115,0,0,0,0,0,229,2645,-9522,6722,0,0,0,0,0
24,180,10.837,83,1467165,31,108,78,61115,0,0,0,0,0,229,2645,-9522,6722,0,0,0,0,0
24,180,10.894,84,1467221,31,108,78,61115,0,0,0,0,0,229,2645,-9522,6722,0,0,0,0,0
24,180,10.948,85,1467277,31,108,78,61115,0,0,0,0,0,229,2645,-9522,6722,0,0,0,0,0
24,180,11.071,87,1467389,31,108,78,61115,0,0,0,0,0,229,2645,-9522,6722,0,0,0,0,0
24,180,11.113,88,1467441,31,108,78,61115,0,0,0,0,0,229,2645,-9522,6722,0,0,0,0,0
24,180,11.168,89,1467497,31,108,78,61115,0,0,0,0,0,229,2645,-9522,6722,0,0,0,0,0
24,180,11.224,90,1467553,31,108,78,61115,0,0,0,0,0,229,2645,-9522,6722,0,0,0,0,0
24,180,11.28,91,1467609,31,108,78,61115,0,0,0,0,0,229,2645,-9522,6722,0,0,0,0,0
24,180,11.341,92,1467665,31,108,78,61115,0,0,0,0,0,229,2645,-9522,6722,0,0,0,0,0
24,180,11.394,93,1467721,31,108,78,61115,0,0,0,0,0,229,2645,-9522,6722,0,0,0,0,0
24,180,11.449,94,1467777,31,108,78,61115,0,0,0,0,0,229,2645,-9522,6722,0,0,0,0,0
24,180,11.504,95,1467833,31,108,78,61115,0,0,0,0,0,229,2645,-9522,6722,0,0,0,0,0
24,180,11.56,96,1467889,31,108,78,61115,0,0,0,0,0,229,2645,-9522,6722,0,0,0,0,0
24,180,11.617,97,1467945,31,108,78,61115,0,0,0,0,0,229,2645,-9522,6722,0,0,0,0,0
24,180,11.729,99,1468057,31,108,78,61115,0,0,0,0,0,229,2645,-9522,6722,0,0,0,0,0
24,180,11.785,100,1468113,31,108,78,61115,0,0,0,0,0,229,2645,-9522,6722,0,0,0,0,0
24,180,11.84,101,1468169,31,108,78,61115,0,0,0,0,0,229,2645,-9522,6722,0,0,0,0,0
24,180,11.897,102,1468225,31,108,78,61115,0,0,0,0,0,229,2645,-9522,6722,0,0,0,0,0
24,180,11.954,103,1468281,31,108,78,61115,0,0,0,0,0,229,2645,-9522,6722,0,0,0,0,0
24,180,12.009,104,1468337,31,108,78,61115,0,0,0,0,0,229,2645,-9522,6722,0,0,0,0,0
24,180,12.065,105,1468393,31,108,78,61115,0,0,0,0,0,229,2645,-9522,6722,0,0,0,0,0
24,180,12.129,106,1468449,31,108,78,61115,0,0,0,0,0,229,2645,-9522,6722,0,0,0,0,0
24,180,12.173,107,1468501,31,108,78,61115,0,0,0,0,0,229,2645,-9522,6722,0,0,0,0,0
24,180,12.229,108,1468557,31,108,78,61115,0,0,0,0,0,229,2645,-9522,6722,0,0,0,0,0
24,180,12.396,111,1468725,31,108,78,61115,0,0,0,0,0,229,2645,-9522,6722,0,0,0,0,0
24,180,12.453,112,1468781,31,108,78,61115,0,0,0,0,0,229,2645,-9522,6722,0,0,0,0,0
24,180,12.509,113,1468837,31,108,78,61115,0,0,0,0,0,229,2645,-9522,6722,0,0,0,0,0
24,180,12.566,114,1468893,31,108,78,61115,0,0,0,0,0,229,2645,-9522,6722,0,0,0,0,0
24,180,12.621,115,1468949,31,108,78,61115,0,0,0,0,0,229,2645,-9522,6722,0,0,0,0,0
24,180,12.678,116,1469005,31,108,78,61115,0,0,0,0,0,229,2645,-9522,6722,0,0,0,0,0
24,180,12.734,117,1469061,31,108,78,61115,0,0,0,0,0,229,2645,-9522,6722,0,0,0,0,0
24,180,12.845,119,1469173,31,108,78,61115,0,0,0,0,0,229,2645,-9522,6722,0,0,0,0,0
24,180,12.957,121,1469285,31,108,78,61115,0,0,0,0,0,229,2645,-9522,6722,0,0,0,0,0
24,180,13.012,122,1469341,31,108,78,61115,0,0,0,0,0,229,2645,-9522,6722,0,0,0,0,0
24,180,13.069,123,1469397,31,108,78,61115,0,0,0,0,0,229,2645,-9522,6722,0,0,0,0,0
24,180,13.125,124,1469453,31,108,78,61115,0,0,0,0,0,229,2645,-9522,6722,0,0,0,0,0
24,180,13.19,125,1469509,31,108,78,61115,0,0,0,0,0,229,2645,-9522,6722,0,0,0,0,0
24,180,13.232,126,1469561,31,108,78,61115,0,0,0,0,0,229,2645,-9522,6722,0,0,0,0,0
24,180,13.289,127,1469617,31,108,78,61115,0,0,0,0,0,229,2645,-9522,6722,0,0,0,0,0
24,180,13.344,0,1469673,31,108,78,61115,0,0,0,0,0,229,2645,-9522,6722,0,0,0,0,0
24,180,13.4,1,1469729,31,108,78,61115,0,0,0,0,0,229,2645,-9522,6722,0,0,0,0,0
24,180,13.457,2,1469785,31,108,78,61115,0,0,0,0,0,229,2645,-9522,6722,0,0,0,0,0
24,180,13.568,4,1469897,31,108,78,61115,0,0,0,0,0,229,2645,-9522,6722,0,0,0,0,0
24,180,13.624,5,1469953,31,108,78,61115,0,0,0,0,0,229,2645,-9522,6722,0,0,0,0,0
24,180,13.681,6,1470009,31,108,78,61115,0,0,0,0,0,229,2645,-9522,6722,0,0,0,0,0
