RUN:clearestop -> ESTOP:cleared
STATUS pre: status ready=1 active=0 connL=1 connR=1 otos=1 wedge=0 flags=31 i2cf=156 cyc=11457 tlm=off next=1 done=10 reason=timeout
--- pivot 1 (+90): pose before (25.66,-14.31,52.31) ---
ack 1 10 timeout
t 111 3948039 31 -354 -14 172136 71 305 10932 0 0 156 11457 -28992 16755 0 0 0 0 0
t 112 3948095 31 -354 -14 172136 71 305 10933 0 0 156 11457 -28992 16755 0 0 0 0 0
t 113 3948151 31 -354 -14 172136 71 305 10933 0 0 156 11457 -28992 16755 0 0 0 0 0
t 114 3948207 31 -354 -14 172136 71 305 10933 0 0 156 11457 -28992 16755 0 0 0 0 0
t 115 3948263 31 -354 -14 172136 71 305 10933 0 0 156 11457 -28992 16755 0 0 0 0 0
t 116 3948319 31 -354 -14 172136 71 305 10933 0 0 156 11457 -28992 16755 0 0 0 0 0
ack 2 10 timeout
t 117 3948387 31 -354 -14 172136 71 305 10933 0 0 156 11459 -28992 16755 -300 300 0 0 0
t 118 3948459 31 -354 -13 172189 71 305 10933 -26 0 158 11462 -29006 16755 -1100 1000 0 0 0
t 119 3948531 31 -354 -13 172418 71 306 11006 -53 36 158 11465 -29039 16783 -2000 1800 0 0 0
t 120 3948603 31 -354 -12 173002 71 306 11006 -125 82 158 11468 -29136 16841 -2500 2500 0 0 0
t 121 3948675 31 -355 -10 173987 70 307 11954 -174 118 158 11471 -29289 16950 -2200 2300 0 0 0
t 122 3948747 31 -356 -9 175022 68 307 13870 -164 118 158 11474 -29448 17066 -1500 1900 0 0 0
t 123 3948819 31 -356 -8 175869 68 307 13870 -112 98 158 11477 -29570 17169 -1000 1500 0 0 0
t 124 3948891 31 -357 -8 176527 68 306 15299 -92 92 158 11480 -29664 17250 -800 1500 0 0 0
thdr seq now flags x y h ox oy oh vl vr i2cf cyc posl posr dutl dutr lexc wrng cycovr
t 125 3948963 31 -357 -8 176986 70 305 16133 -53 72 158 11483 -29725 17311 -1100 1800 0 0 0
t 126 3949035 31 -357 -8 177555 70 305 16133 -79 87 158 11486 -29798 17389 -1500 2100 0 0 0
t 127 3949107 31 -357 -8 178262 71 305 17083 -118 108 158 11489 -29895 17480 -1700 2100 0 0 0
t 0 3949179 31 -357 -8 179026 72 305 -17632 -128 118 158 11492 -29998 17580 -1700 2100 0 0 0
t 1 3949251 31 -357 -8 179786 72 305 -17632 -108 99 158 11495 -30103 17677 -900 1400 0 0 0
t 2 3949323 31 -357 -8 180320 74 305 -16404 -56 53 158 11498 -30170 17752 -300 500 0 0 0
t 3 3949395 31 -357 -8 180508 74 305 -16404 0 10 158 11501 -30192 17780 0 300 0 0 0
t 4 3949467 31 -356 -8 180531 75 306 -16043 0 0 158 11504 -30192 17786 -300 400 0 0 0
t 5 3949539 31 -357 -8 180572 75 306 -16039 -10 0 161 11507 -30203 17786 -300 600 0 0 0
t 6 3949611 31 -357 -8 180584 75 306 -16039 -10 -2 164 11510 -30209 17783 -700 800 0 0 0
t 7 3949683 31 -358 -8 180678 75 306 -15976 -20 3 166 11513 -30231 17786 -800 900 0 0 0
t 8 3949748 31 -359 -8 180832 74 305 -15744 0 0 166 11517 -30261 17797 0 0 0 0 0
t 9 3949799 31 -359 -8 180832 74 305 -15744 0 0 166 11519 -30261 17797 0 0 0 0 0
t 10 3949871 31 -359 -8 180832 73 305 -15688 0 0 166 11522 -30261 17797 0 0 0 0 0
t 11 3949943 31 -359 -8 180832 73 305 -15688 0 0 166 11525 -30261 17797 0 0 0 0 0
t 12 3950015 31 -359 -8 180832 73 305 -15688 0 0 166 11528 -30261 17797 0 0 0 0 0
t 13 3950087 31 -359 -8 180832 73 305 -15688 0 0 166 11531 -30261 17797 0 0 0 0 0
t 14 3950159 31 -359 -8 180832 73 305 -15688 0 0 166 11534 -30261 17797 0 0 0 0 0
t 15 3950231 31 -359 -8 180832 73 305 -15688 0 0 166 11537 -30261 17797 0 0 0 0 0
thdr seq now flags x y h ox oy oh vl vr i2cf cyc posl posr dutl dutr lexc wrng cycovr
t 16 3950303 31 -359 -8 180832 73 305 -15688 0 0 166 11540 -30261 17797 0 0 0 0 0
t 17 3950375 31 -359 -8 180832 73 305 -15688 0 0 166 11543 -30261 17797 0 0 0 0 0
t 18 3950447 31 -359 -8 180832 73 305 -15688 0 0 166 11546 -30261 17797 0 0 0 0 0
DBG:wifi state=0 ip=- peer=-:0 tcp=0/0 to=4 restarts=0 sent=0 rx=0 drop=0 mdns=0/0 cmd= reply=
t 19 3950519 31 -359 -8 180832 73 305 -15688 0 0 166 11549 -30261 17797 0 0 0 0 0
t 20 3950591 31 -359 -8 180832 73 305 -15687 0 0 166 11552 -30261 17797 0 0 0 0 0
t 21 3950663 31 -359 -8 180832 73 305 -15687 0 0 166 11555 -30261 17797 0 0 0 0 0
t 22 3950735 31 -359 -8 180832 73 305 -15687 0 0 166 11558 -30261 17797 0 0 0 0 0
t 23 3950807 31 -359 -8 180832 73 305 -15687 0 0 166 11561 -30261 17797 0 0 0 0 0
t 24 3950879 31 -359 -8 180832 73 305 -15687 0 0 166 11564 -30261 17797 0 0 0 0 0
t 25 3950951 31 -359 -8 180832 73 305 -15687 0 0 166 11567 -30261 17797 0 0 0 0 0
t 26 3951023 31 -359 -8 180832 73 305 -15686 0 0 166 11570 -30261 17797 0 0 0 0 0
t 27 3951095 31 -359 -8 180832 73 305 -15686 0 0 166 11573 -30261 17797 0 0 0 0 0
t 28 3951167 31 -359 -8 180832 73 305 -15686 0 0 166 11576 -30261 17797 0 0 0 0 0
t 29 3951239 31 -359 -8 180832 73 305 -15685 0 0 166 11579 -30261 17797 0 0 0 0 0
t 30 3951311 31 -359 -8 180832 73 305 -15685 0 0 166 11582 -30261 17797 0 0 0 0 0
t 31 3951383 31 -359 -8 180832 73 305 -15685 0 0 166 11585 -30261 17797 0 0 0 0 0
t 32 3951455 31 -359 -8 180832 73 305 -15685 0 0 166 11588 -30261 17797 0 0 0 0 0
t 33 3951527 31 -359 -8 180832 73 305 -15685 0 0 166 11591 -30261 17797 0 0 0 0 0
t 34 3951599 31 -359 -8 180832 73 305 -15685 0 0 166 11594 -30261 17797 0 0 0 0 0
thdr seq now flags x y h ox oy oh vl vr i2cf cyc posl posr dutl dutr lexc wrng cycovr
t 35 3951671 31 -359 -8 180832 73 305 -15685 0 0 166 11597 -30261 17797 0 0 0 0 0
t 36 3951743 31 -359 -8 180832 73 305 -15685 0 0 166 11600 -30261 17797 0 0 0 0 0
t 37 3951815 31 -359 -8 180832 73 305 -15685 0 0 166 11603 -30261 17797 0 0 0 0 0
t 38 3951887 31 -359 -8 180832 73 305 -15685 0 0 166 11606 -30261 17797 0 0 0 0 0
t 39 3951959 31 -359 -8 180832 73 305 -15685 0 0 166 11609 -30261 17797 0 0 0 0 0
t 40 3952031 31 -359 -8 180832 73 305 -15684 0 0 166 11612 -30261 17797 0 0 0 0 0
t 41 3952103 31 -359 -8 180832 73 305 -15684 0 0 166 11615 -30261 17797 0 0 0 0 0
t 42 3952175 31 -359 -8 180832 73 305 -15684 0 0 166 11618 -30261 17797 0 0 0 0 0
t 43 3952247 31 -359 -8 180832 73 305 -15684 0 0 166 11621 -30261 17797 0 0 0 0 0
t 44 3952319 31 -359 -8 180832 73 305 -15684 0 0 166 11624 -30261 17797 0 0 0 0 0
t 45 3952391 31 -359 -8 180832 73 305 -15684 0 0 166 11627 -30261 17797 0 0 0 0 0
t 46 3952463 31 -359 -8 180832 73 305 -15684 0 0 166 11630 -30261 17797 0 0 0 0 0
t 47 3952535 31 -359 -8 180832 73 305 -15684 0 0 166 11633 -30261 17797 0 0 0 0 0
t 48 3952607 31 -359 -8 180832 73 305 -15684 0 0 166 11636 -30261 17797 0 0 0 0 0
t 49 3952679 31 -359 -8 180832 73 305 -15684 0 0 166 11639 -30261 17797 0 0 0 0 0
t 50 3952751 31 -359 -8 180832 73 305 -15684 0 0 166 11642 -30261 17797 0 0 0 0 0
t 51 3952823 31 -359 -8 180832 73 305 -15683 0 0 166 11645 -30261 17797 0 0 0 0 0
t 52 3952895 31 -359 -8 180832 73 305 -15683 0 0 166 11648 -30261 17797 0 0 0 0 0
t 53 3952967 31 -359 -8 180832 73 305 -15683 0 0 166 11651 -30261 17797 0 0 0 0 0
thdr seq now flags x y h ox oy oh vl vr i2cf cyc posl posr dutl dutr lexc wrng cycovr
t 54 3953039 31 -359 -8 180832 73 305 -15683 0 0 166 11654 -30261 17797 0 0 0 0 0
t 55 3953111 31 -359 -8 180832 73 305 -15683 0 0 166 11657 -30261 17797 0 0 0 0 0
t 56 3953183 31 -359 -8 180832 73 305 -15683 0 0 166 11660 -30261 17797 0 0 0 0 0
t 57 3953255 31 -359 -8 180832 73 305 -15683 0 0 166 11663 -30261 17797 0 0 0 0 0
t 58 3953327 31 -359 -8 180832 73 305 -15683 0 0 166 11666 -30261 17797 0 0 0 0 0
t 59 3953383 31 -359 -8 180832 73 305 -15683 0 0 166 11667 -30261 17797 0 0 0 0 0
t 60 3953439 31 -359 -8 180832 73 305 -15682 0 0 166 11667 -30261 17797 0 0 0 0 0
t 61 3953495 31 -359 -8 180832 73 305 -15682 0 0 166 11667 -30261 17797 0 0 0 0 0
t 62 3953551 31 -359 -8 180832 73 305 -15682 0 0 166 11667 -30261 17797 0 0 0 0 0
t 63 3953607 31 -359 -8 180832 73 305 -15682 0 0 166 11667 -30261 17797 0 0 0 0 0
t 64 3953663 31 -359 -8 180832 73 305 -15682 0 0 166 11667 -30261 17797 0 0 0 0 0
t 65 3953719 31 -359 -8 180832 73 305 -15682 0 0 166 11667 -30261 17797 0 0 0 0 0
t 66 3953775 31 -359 -8 180832 73 305 -15681 0 0 166 11667 -30261 17797 0 0 0 0 0
t 67 3953831 31 -359 -8 180832 73 305 -15681 0 0 166 11667 -30261 17797 0 0 0 0 0
t 68 3953887 31 -359 -8 180832 73 305 -15681 0 0 166 11667 -30261 17797 0 0 0 0 0
t 69 3953943 31 -359 -8 180832 73 305 -15681 0 0 166 11667 -30261 17797 0 0 0 0 0
ack 3 2 timeout
pose after (26.31,-15.00,145.66)  got=+93.35  want=+90.0  err=+3.35  ack=True
--- pivot 2 (-90): pose before (26.33,-14.97,145.94) ---
ack 4 2 timeout
t 70 3959039 31 -359 -8 180832 74 305 -15672 0 0 166 11667 -30261 17797 0 0 0 0 0
t 71 3959095 31 -359 -8 180832 74 305 -15672 0 0 166 11667 -30261 17797 0 0 0 0 0
t 72 3959151 31 -359 -8 180832 74 305 -15671 0 0 166 11667 -30261 17797 0 0 0 0 0
thdr seq now flags x y h ox oy oh vl vr i2cf cyc posl posr dutl dutr lexc wrng cycovr
t 73 3959207 31 -359 -8 180832 74 305 -15671 0 0 166 11667 -30261 17797 0 0 0 0 0
ack 5 2 timeout
t 74 3959271 31 -359 -8 180832 74 305 -15671 0 0 167 11669 -30261 17797 300 -300 0 0 0
t 75 3959343 31 -358 -8 180794 74 305 -15671 16 5 169 11672 -30248 17800 1000 -900 0 0 0
t 76 3959415 31 -357 -8 180584 74 305 -15693 62 -9 171 11675 -30206 17786 2100 -1600 0 0 0
t 77 3959487 31 -355 -8 180079 76 306 -16343 138 -62 171 11678 -30111 17747 2600 -2600 0 0 0
t 78 3959559 31 -353 -8 179142 76 306 -16343 181 -128 171 11681 -29959 17650 2400 -2500 0 0 0
t 79 3959631 31 -351 -8 178074 75 308 17879 164 -121 171 11684 -29798 17527 1700 -2000 0 0 0
t 80 3959703 31 -350 -8 177152 75 308 17879 118 -112 171 11687 -29664 17416 1200 -1600 0 0 0
t 81 3959775 31 -350 -9 176475 75 310 16325 92 -82 171 11690 -29564 17336 900 -1500 0 0 0
t 82 3959847 31 -349 -9 175963 74 311 15311 72 -56 171 11693 -29492 17272 1100 -1700 0 0 0
t 83 3959919 31 -349 -9 175387 74 311 15311 102 -72 171 11696 -29411 17200 1400 -2100 0 0 0
t 84 3959991 31 -349 -9 174710 74 312 14384 98 -108 171 11699 -29320 17111 1500 -2100 0 0 0
t 85 3960063 31 -349 -9 173946 74 314 13087 118 -108 171 11702 -29217 17011 1500 -2100 0 0 0
t 86 3960135 31 -349 -10 173190 74 314 13087 121 -92 171 11705 -29111 16916 900 -1400 0 0 0
t 87 3960207 31 -349 -10 172659 75 315 11841 62 -56 171 11708 -29042 16844 300 -600 0 0 0
t 88 3960273 31 -349 -9 172471 75 316 11268 0 0 171 11712 -29020 16816 0 0 0 0 0
t 89 3960327 31 -349 -9 172471 75 316 11268 0 0 171 11714 -29020 16816 0 0 0 0 0
t 90 3960399 31 -349 -9 172471 75 316 11273 0 0 171 11717 -29020 16816 0 0 0 0 0
t 91 3960472 31 -349 -9 172471 75 316 11273 0 0 171 11720 -29020 16816 0 0 0 0 0
DBG:wifi state=0 ip=- peer=-:0 tcp=0/0 to=4 restarts=0 sent=0 rx=0 drop=0 mdns=0/0 cmd= reply=
thdr seq now flags x y h ox oy oh vl vr i2cf cyc posl posr dutl dutr lexc wrng cycovr
t 92 3960543 31 -349 -9 172471 75 316 11273 0 0 171 11723 -29020 16816 0 0 0 0 0
t 93 3960615 31 -349 -9 172471 75 316 11273 0 0 171 11726 -29020 16816 0 0 0 0 0
t 94 3960687 31 -349 -9 172471 75 316 11273 0 0 171 11729 -29020 16816 0 0 0 0 0
t 95 3960759 31 -349 -9 172471 75 316 11273 0 0 171 11732 -29020 16816 0 0 0 0 0
t 96 3960831 31 -349 -9 172471 75 316 11273 0 0 171 11735 -29020 16816 0 0 0 0 0
t 97 3960903 31 -349 -9 172471 75 316 11274 0 0 171 11738 -29020 16816 0 0 0 0 0
t 98 3960975 31 -349 -9 172471 75 316 11274 0 0 171 11741 -29020 16816 0 0 0 0 0
t 99 3961047 31 -349 -9 172471 75 316 11274 0 0 171 11744 -29020 16816 0 0 0 0 0
t 100 3961119 31 -349 -9 172471 75 316 11274 0 0 171 11747 -29020 16816 0 0 0 0 0
t 101 3961191 31 -349 -9 172471 75 316 11274 0 0 171 11750 -29020 16816 0 0 0 0 0
t 102 3961263 31 -349 -9 172471 75 316 11274 0 0 171 11753 -29020 16816 0 0 0 0 0
t 103 3961335 31 -349 -9 172471 75 316 11274 0 0 171 11756 -29020 16816 0 0 0 0 0
t 104 3961407 31 -349 -9 172471 75 316 11274 0 0 171 11759 -29020 16816 0 0 0 0 0
t 105 3961479 31 -349 -9 172471 75 316 11274 0 0 171 11762 -29020 16816 0 0 0 0 0
t 106 3961551 31 -349 -9 172471 75 316 11275 0 0 171 11765 -29020 16816 0 0 0 0 0
t 107 3961623 31 -349 -9 172471 75 316 11275 0 0 171 11768 -29020 16816 0 0 0 0 0
t 108 3961695 31 -349 -9 172471 75 316 11275 0 0 171 11771 -29020 16816 0 0 0 0 0
t 109 3961767 31 -349 -9 172471 75 316 11275 0 0 171 11774 -29020 16816 0 0 0 0 0
t 110 3961839 31 -349 -9 172471 75 316 11275 0 0 171 11777 -29020 16816 0 0 0 0 0
thdr seq now flags x y h ox oy oh vl vr i2cf cyc posl posr dutl dutr lexc wrng cycovr
t 111 3961911 31 -349 -9 172471 75 316 11275 0 0 171 11780 -29020 16816 0 0 0 0 0
t 112 3961983 31 -349 -9 172471 75 316 11275 0 0 171 11783 -29020 16816 0 0 0 0 0
t 113 3962055 31 -349 -9 172471 75 316 11275 0 0 171 11786 -29020 16816 0 0 0 0 0
t 114 3962127 31 -349 -9 172471 75 316 11275 0 0 171 11789 -29020 16816 0 0 0 0 0
t 115 3962199 31 -349 -9 172471 75 316 11276 0 0 171 11792 -29020 16816 0 0 0 0 0
t 116 3962271 31 -349 -9 172471 75 316 11276 0 0 171 11795 -29020 16816 0 0 0 0 0
t 117 3962343 31 -349 -9 172471 75 316 11276 0 0 171 11798 -29020 16816 0 0 0 0 0
t 118 3962415 31 -349 -9 172471 75 316 11276 0 0 171 11801 -29020 16816 0 0 0 0 0
t 119 3962487 31 -349 -9 172471 75 316 11276 0 0 171 11804 -29020 16816 0 0 0 0 0
t 120 3962559 31 -349 -9 172471 75 316 11276 0 0 171 11807 -29020 16816 0 0 0 0 0
t 121 3962631 31 -349 -9 172471 75 316 11276 0 0 171 11810 -29020 16816 0 0 0 0 0
t 122 3962703 31 -349 -9 172471 75 316 11277 0 0 171 11813 -29020 16816 0 0 0 0 0
t 123 3962775 31 -349 -9 172471 75 316 11277 0 0 171 11816 -29020 16816 0 0 0 0 0
t 124 3962847 31 -349 -9 172471 75 316 11277 0 0 171 11819 -29020 16816 0 0 0 0 0
t 125 3962919 31 -349 -9 172471 75 316 11277 0 0 171 11822 -29020 16816 0 0 0 0 0
t 126 3962991 31 -349 -9 172471 75 316 11278 0 0 171 11825 -29020 16816 0 0 0 0 0
t 127 3963063 31 -349 -9 172471 75 316 11278 0 0 171 11828 -29020 16816 0 0 0 0 0
t 0 3963135 31 -349 -9 172471 75 316 11278 0 0 171 11831 -29020 16816 0 0 0 0 0
t 1 3963207 31 -349 -9 172471 75 316 11278 0 0 171 11834 -29020 16816 0 0 0 0 0
thdr seq now flags x y h ox oy oh vl vr i2cf cyc posl posr dutl dutr lexc wrng cycovr
t 2 3963279 31 -349 -9 172471 75 316 11278 0 0 171 11837 -29020 16816 0 0 0 0 0
t 3 3963351 31 -349 -9 172471 75 316 11278 0 0 171 11840 -29020 16816 0 0 0 0 0
t 4 3963423 31 -349 -9 172471 75 316 11278 0 0 171 11843 -29020 16816 0 0 0 0 0
t 5 3963495 31 -349 -9 172471 75 316 11278 0 0 171 11846 -29020 16816 0 0 0 0 0
t 6 3963567 31 -349 -9 172471 75 316 11279 0 0 171 11849 -29020 16816 0 0 0 0 0
t 7 3963639 31 -349 -9 172471 75 316 11279 0 0 171 11852 -29020 16816 0 0 0 0 0
t 8 3963711 31 -349 -9 172471 75 316 11279 0 0 171 11855 -29020 16816 0 0 0 0 0
t 9 3963783 31 -349 -9 172471 75 316 11279 0 0 171 11858 -29020 16816 0 0 0 0 0
t 10 3963855 31 -349 -9 172471 75 316 11279 0 0 171 11861 -29020 16816 0 0 0 0 0
t 11 3963927 31 -349 -9 172471 75 316 11279 0 0 171 11864 -29020 16816 0 0 0 0 0
t 12 3963999 31 -349 -9 172471 75 316 11279 0 0 171 11867 -29020 16816 0 0 0 0 0
t 13 3964071 31 -349 -9 172471 75 316 11279 0 0 171 11870 -29020 16816 0 0 0 0 0
t 14 3964143 31 -349 -9 172471 75 316 11279 0 0 171 11873 -29020 16816 0 0 0 0 0
t 15 3964215 31 -349 -9 172471 75 316 11279 0 0 171 11876 -29020 16816 0 0 0 0 0
t 16 3964271 31 -349 -9 172471 75 316 11279 0 0 171 11877 -29020 16816 0 0 0 0 0
t 17 3964327 31 -349 -9 172471 75 316 11279 0 0 171 11877 -29020 16816 0 0 0 0 0
t 18 3964383 31 -349 -9 172471 75 316 11279 0 0 171 11877 -29020 16816 0 0 0 0 0
t 19 3964439 31 -349 -9 172471 75 316 11279 0 0 171 11877 -29020 16816 0 0 0 0 0
t 20 3964495 31 -349 -9 172471 75 316 11279 0 0 171 11877 -29020 16816 0 0 0 0 0
thdr seq now flags x y h ox oy oh vl vr i2cf cyc posl posr dutl dutr lexc wrng cycovr
t 21 3964551 31 -349 -9 172471 75 316 11279 0 0 171 11877 -29020 16816 0 0 0 0 0
t 22 3964603 31 -349 -9 172471 75 316 11279 0 0 171 11877 -29020 16816 0 0 0 0 0
t 23 3964659 31 -349 -9 172471 75 316 11280 0 0 171 11877 -29020 16816 0 0 0 0 0
t 24 3964715 31 -349 -9 172471 75 316 11280 0 0 171 11877 -29020 16816 0 0 0 0 0
t 25 3964771 31 -349 -9 172471 75 316 11280 0 0 171 11877 -29020 16816 0 0 0 0 0
t 26 3964827 31 -349 -9 172471 75 316 11280 0 0 171 11877 -29020 16816 0 0 0 0 0
t 27 3964883 31 -349 -9 172471 75 316 11280 0 0 171 11877 -29020 16816 0 0 0 0 0
t 28 3964939 31 -349 -9 172471 75 316 11280 0 0 171 11877 -29020 16816 0 0 0 0 0
t 29 3964995 31 -349 -9 172471 75 316 11280 0 0 171 11877 -29020 16816 0 0 0 0 0
t 30 3965051 31 -349 -9 172471 75 316 11280 0 0 171 11877 -29020 16816 0 0 0 0 0
ack 6 5 timeout
pose after (24.97,-14.29,56.73)  got=-89.20  want=-90.0  err=+0.80  ack=True
--- pivot 3 (+90): pose before (24.97,-14.33,56.49) ---
ack 7 5 timeout
t 31 3969139 31 -349 -9 172471 75 316 11287 0 0 171 11877 -29020 16816 0 0 0 0 0
t 32 3969195 31 -349 -9 172471 75 316 11287 0 0 171 11877 -29020 16816 0 0 0 0 0
t 33 3969251 31 -349 -9 172471 75 316 11287 0 0 171 11877 -29020 16816 0 0 0 0 0
t 34 3969307 31 -349 -9 172471 75 316 11287 0 0 171 11877 -29020 16816 0 0 0 0 0
t 35 3969363 31 -349 -9 172471 75 316 11287 0 0 171 11877 -29020 16816 0 0 0 0 0
t 36 3969419 31 -349 -9 172471 75 316 11288 0 0 171 11877 -29020 16816 0 0 0 0 0
t 37 3969475 31 -349 -9 172471 75 316 11288 0 0 171 11877 -29020 16816 0 0 0 0 0
t 38 3969531 31 -349 -9 172471 75 316 11288 0 0 171 11877 -29020 16816 0 0 0 0 0
ack 8 5 timeout
t 39 3969599 31 -349 -9 172471 75 316 11288 0 0 171 11879 -29020 16816 -300 300 0 0 0
thdr seq now flags x y h ox oy oh vl vr i2cf cyc posl posr dutl dutr lexc wrng cycovr
t 40 3969671 31 -349 -9 172490 75 316 11288 -7 0 173 11882 -29025 16816 -1100 1000 0 0 0
t 41 3969743 31 -349 -8 172629 75 316 11354 -39 2 175 11885 -29059 16819 -2000 1600 0 0 0
t 42 3969815 31 -350 -6 173118 75 316 11354 -128 72 175 11888 -29153 16855 -2800 2800 0 0 0
t 43 3969887 31 -351 -4 174070 73 320 12116 -184 118 175 11891 -29309 16952 -2600 2600 0 0 0
t 44 3969959 31 -352 -2 175240 71 319 14030 -190 154 175 11894 -29486 17086 -1800 2100 0 0 0
t 45 3970031 31 -353 -2 176181 71 319 14030 -128 108 175 11897 -29628 17194 -1100 1600 0 0 0
t 46 3970103 31 -353 -1 176892 71 318 15695 -99 92 175 11900 -29728 17283 -800 1400 0 0 0
t 47 3970175 31 -353 -1 177374 73 318 16497 -62 66 175 11903 -29792 17347 -1000 1600 0 0 0
t 48 3970247 31 -353 -1 177886 73 318 16497 -82 92 175 11906 -29856 17419 -1500 2000 0 0 0
t 49 3970319 31 -353 -1 178522 74 318 17348 -98 108 175 11909 -29939 17505 -1700 2200 0 0 0
t 50 3970391 31 -353 -1 179308 75 318 -17360 -128 108 175 11912 -30048 17605 -1700 2100 0 0 0
t 51 3970463 31 -353 -1 180125 75 318 -17360 -118 112 175 11915 -30159 17711 -1000 1400 0 0 0
DBG:wifi state=0 ip=- peer=-:0 tcp=0/0 to=4 restarts=0 sent=0 rx=0 drop=0 mdns=0/0 cmd= reply=
t 52 3970535 31 -353 -1 180689 77 318 -16054 -66 76 175 11918 -30231 17789 -300 600 0 0 0
t 53 3970600 31 -353 -1 180873 77 318 -16054 0 0 175 11922 -30253 17816 0 0 0 0 0
t 54 3970651 31 -353 -1 180873 78 318 -15638 0 0 175 11924 -30253 17816 0 0 0 0 0
t 55 3970723 31 -353 -1 180873 78 318 -15638 0 0 175 11927 -30253 17816 0 0 0 0 0
t 56 3970795 31 -353 -1 180873 78 319 -15645 0 0 175 11930 -30253 17816 0 0 0 0 0
t 57 3970867 31 -353 -1 180873 78 319 -15645 0 0 175 11933 -30253 17816 0 0 0 0 0
t 58 3970939 31 -353 -1 180873 78 319 -15645 0 0 175 11936 -30253 17816 0 0 0 0 0
thdr seq now flags x y h ox oy oh vl vr i2cf cyc posl posr dutl dutr lexc wrng cycovr
t 59 3971011 31 -353 -1 180873 78 319 -15645 0 0 175 11939 -30253 17816 0 0 0 0 0
t 60 3971083 31 -353 -1 180873 78 319 -15645 0 0 175 11942 -30253 17816 0 0 0 0 0
t 61 3971155 31 -353 -1 180873 78 319 -15645 0 0 175 11945 -30253 17816 0 0 0 0 0
t 62 3971227 31 -353 -1 180873 78 319 -15644 0 0 175 11948 -30253 17816 0 0 0 0 0
t 63 3971299 31 -353 -1 180873 78 318 -15644 0 0 175 11951 -30253 17816 0 0 0 0 0
t 64 3971371 31 -353 -1 180873 78 318 -15644 0 0 175 11954 -30253 17816 0 0 0 0 0
t 65 3971443 31 -353 -1 180873 78 318 -15644 0 0 175 11957 -30253 17816 0 0 0 0 0
t 66 3971515 31 -353 -1 180873 78 318 -15644 0 0 175 11960 -30253 17816 0 0 0 0 0
t 67 3971587 31 -353 -1 180873 78 318 -15644 0 0 175 11963 -30253 17816 0 0 0 0 0
t 68 3971659 31 -353 -1 180873 78 318 -15644 0 0 175 11966 -30253 17816 0 0 0 0 0
t 69 3971731 31 -353 -1 180873 78 318 -15644 0 0 175 11969 -30253 17816 0 0 0 0 0
t 70 3971803 31 -353 -1 180873 78 318 -15644 0 0 175 11972 -30253 17816 0 0 0 0 0
t 71 3971875 31 -353 -1 180873 78 318 -15643 0 0 175 11975 -30253 17816 0 0 0 0 0
t 72 3971947 31 -353 -1 180873 78 318 -15643 0 0 175 11978 -30253 17816 0 0 0 0 0
t 73 3972019 31 -353 -1 180873 78 318 -15643 0 0 175 11981 -30253 17816 0 0 0 0 0
t 74 3972091 31 -353 -1 180873 78 318 -15643 0 0 175 11984 -30253 17816 0 0 0 0 0
t 75 3972163 31 -353 -1 180873 78 318 -15643 0 0 175 11987 -30253 17816 0 0 0 0 0
t 76 3972235 31 -353 -1 180873 78 318 -15643 0 0 175 11990 -30253 17816 0 0 0 0 0
t 77 3972307 31 -353 -1 180873 78 318 -15642 0 0 175 11993 -30253 17816 0 0 0 0 0
thdr seq now flags x y h ox oy oh vl vr i2cf cyc posl posr dutl dutr lexc wrng cycovr
t 78 3972379 31 -353 -1 180873 78 318 -15642 0 0 175 11996 -30253 17816 0 0 0 0 0
t 79 3972451 31 -353 -1 180873 78 318 -15642 0 0 175 11999 -30253 17816 0 0 0 0 0
t 80 3972523 31 -353 -1 180873 78 318 -15642 0 0 175 12002 -30253 17816 0 0 0 0 0
t 81 3972595 31 -353 -1 180873 78 318 -15642 0 0 175 12005 -30253 17816 0 0 0 0 0
t 82 3972667 31 -353 -1 180873 78 318 -15642 0 0 175 12008 -30253 17816 0 0 0 0 0
t 83 3972739 31 -353 -1 180873 78 318 -15642 0 0 175 12011 -30253 17816 0 0 0 0 0
t 84 3972811 31 -353 -1 180873 78 318 -15642 0 0 175 12014 -30253 17816 0 0 0 0 0
t 85 3972883 31 -353 -1 180873 78 318 -15642 0 0 175 12017 -30253 17816 0 0 0 0 0
t 86 3972955 31 -353 -1 180873 78 318 -15642 0 0 175 12020 -30253 17816 0 0 0 0 0
t 87 3973027 31 -353 -1 180873 78 318 -15641 0 0 175 12023 -30253 17816 0 0 0 0 0
t 88 3973099 31 -353 -1 180873 78 318 -15641 0 0 175 12026 -30253 17816 0 0 0 0 0
t 89 3973171 31 -353 -1 180873 78 318 -15641 0 0 175 12029 -30253 17816 0 0 0 0 0
t 90 3973243 31 -353 -1 180873 78 318 -15641 0 0 175 12032 -30253 17816 0 0 0 0 0
t 91 3973315 31 -353 -1 180873 78 318 -15640 0 0 175 12035 -30253 17816 0 0 0 0 0
t 92 3973387 31 -353 -1 180873 78 318 -15640 0 0 175 12038 -30253 17816 0 0 0 0 0
t 93 3973459 31 -353 -1 180873 78 318 -15640 0 0 175 12041 -30253 17816 0 0 0 0 0
t 94 3973531 31 -353 -1 180873 78 318 -15640 0 0 175 12044 -30253 17816 0 0 0 0 0
t 95 3973603 31 -353 -1 180873 78 318 -15640 0 0 175 12047 -30253 17816 0 0 0 0 0
t 96 3973675 31 -353 -1 180873 78 318 -15640 0 0 175 12050 -30253 17816 0 0 0 0 0
thdr seq now flags x y h ox oy oh vl vr i2cf cyc posl posr dutl dutr lexc wrng cycovr
t 97 3973747 31 -353 -1 180873 78 318 -15640 0 0 175 12053 -30253 17816 0 0 0 0 0
t 98 3973819 31 -353 -1 180873 78 318 -15640 0 0 175 12056 -30253 17816 0 0 0 0 0
t 99 3973891 31 -353 -1 180873 78 318 -15640 0 0 175 12059 -30253 17816 0 0 0 0 0
t 100 3973963 31 -353 -1 180873 78 318 -15640 0 0 175 12062 -30253 17816 0 0 0 0 0
t 101 3974035 31 -353 -1 180873 78 318 -15639 0 0 175 12065 -30253 17816 0 0 0 0 0
t 102 3974107 31 -353 -1 180873 78 318 -15639 0 0 175 12068 -30253 17816 0 0 0 0 0
t 103 3974179 31 -353 -1 180873 78 318 -15639 0 0 175 12071 -30253 17816 0 0 0 0 0
t 104 3974251 31 -353 -1 180873 78 318 -15639 0 0 175 12074 -30253 17816 0 0 0 0 0
t 105 3974323 31 -353 -1 180873 78 318 -15639 0 0 175 12077 -30253 17816 0 0 0 0 0
t 106 3974395 31 -353 -1 180873 78 318 -15639 0 0 175 12080 -30253 17816 0 0 0 0 0
t 107 3974467 31 -353 -1 180873 78 318 -15638 0 0 175 12083 -30253 17816 0 0 0 0 0
t 108 3974539 31 -353 -1 180873 78 318 -15638 0 0 175 12086 -30253 17816 0 0 0 0 0
t 109 3974595 31 -353 -1 180873 78 318 -15638 0 0 175 12087 -30253 17816 0 0 0 0 0
t 110 3974651 31 -353 -1 180873 78 318 -15638 0 0 175 12087 -30253 17816 0 0 0 0 0
t 111 3974707 31 -353 -1 180873 78 318 -15638 0 0 175 12087 -30253 17816 0 0 0 0 0
t 112 3974763 31 -353 -1 180873 78 318 -15638 0 0 175 12087 -30253 17816 0 0 0 0 0
t 113 3974819 31 -353 -1 180873 78 318 -15638 0 0 175 12087 -30253 17816 0 0 0 0 0
t 114 3974875 31 -353 -1 180873 78 318 -15638 0 0 175 12087 -30253 17816 0 0 0 0 0
t 115 3974931 31 -353 -1 180873 78 318 -15638 0 0 175 12087 -30253 17816 0 0 0 0 0
thdr seq now flags x y h ox oy oh vl vr i2cf cyc posl posr dutl dutr lexc wrng cycovr
t 116 3974987 31 -353 -1 180873 78 318 -15638 0 0 175 12087 -30253 17816 0 0 0 0 0
t 117 3975039 31 -353 -1 180873 78 318 -15638 0 0 175 12087 -30253 17816 0 0 0 0 0
t 118 3975095 31 -353 -1 180873 78 318 -15638 0 0 175 12087 -30253 17816 0 0 0 0 0
t 119 3975151 31 -353 -1 180873 78 318 -15637 0 0 175 12087 -30253 17816 0 0 0 0 0
t 120 3975207 31 -353 -1 180873 78 318 -15637 0 0 175 12087 -30253 17816 0 0 0 0 0
t 121 3975263 31 -353 -1 180873 78 318 -15637 0 0 175 12087 -30253 17816 0 0 0 0 0
t 122 3975319 31 -353 -1 180873 78 318 -15637 0 0 175 12087 -30253 17816 0 0 0 0 0
t 123 3975375 31 -353 -1 180873 78 318 -15637 0 0 175 12087 -30253 17816 0 0 0 0 0
t 124 3975431 31 -353 -1 180873 78 318 -15637 0 0 175 12087 -30253 17816 0 0 0 0 0
t 125 3975487 31 -353 -1 180873 78 318 -15637 0 0 175 12087 -30253 17816 0 0 0 0 0
t 126 3975543 31 -353 -1 180873 78 318 -15637 0 0 175 12087 -30253 17816 0 0 0 0 0
t 127 3975599 31 -353 -1 180873 78 318 -15637 0 0 175 12087 -30253 17816 0 0 0 0 0
t 0 3975655 31 -353 -1 180873 78 318 -15637 0 0 175 12087 -30253 17816 0 0 0 0 0
t 1 3975711 31 -353 -1 180873 78 318 -15637 0 0 175 12087 -30253 17816 0 0 0 0 0
t 2 3975767 31 -353 -1 180873 78 318 -15637 0 0 175 12087 -30253 17816 0 0 0 0 0
t 3 3975823 31 -353 -1 180873 78 318 -15636 0 0 175 12087 -30253 17816 0 0 0 0 0
t 4 3975879 31 -353 -1 180873 78 318 -15636 0 0 175 12087 -30253 17816 0 0 0 0 0
t 5 3975935 31 -353 -1 180873 78 318 -15636 0 0 175 12087 -30253 17816 0 0 0 0 0
t 6 3975991 31 -353 -1 180873 78 318 -15636 0 0 175 12087 -30253 17816 0 0 0 0 0
thdr seq now flags x y h ox oy oh vl vr i2cf cyc posl posr dutl dutr lexc wrng cycovr
t 7 3976047 31 -353 -1 180873 78 318 -15636 0 0 175 12087 -30253 17816 0 0 0 0 0
t 8 3976099 31 -353 -1 180873 78 318 -15636 0 0 175 12087 -30253 17816 0 0 0 0 0
t 9 3976155 31 -353 -1 180873 78 318 -15636 0 0 175 12087 -30253 17816 0 0 0 0 0
t 10 3976211 31 -353 -1 180873 78 318 -15636 0 0 175 12087 -30253 17816 0 0 0 0 0
ack 9 8 timeout
pose after (25.28,-14.97,146.88)  got=+90.39  want=+90.0  err=+0.39  ack=True
--- pivot 4 (-90): pose before (25.27,-15.02,146.54) ---
ack 10 8 timeout
t 11 3980187 31 -353 -1 180873 78 318 -15628 0 0 175 12087 -30253 17816 0 0 0 0 0
t 12 3980243 31 -353 -1 180873 78 318 -15628 0 0 175 12087 -30253 17816 0 0 0 0 0
t 13 3980299 31 -353 -1 180873 78 318 -15628 0 0 175 12087 -30253 17816 0 0 0 0 0
t 14 3980355 31 -353 -1 180873 78 318 -15628 0 0 175 12087 -30253 17816 0 0 0 0 0
t 15 3980411 31 -353 -1 180873 78 318 -15627 0 0 175 12087 -30253 17816 0 0 0 0 0
t 16 3980467 31 -353 -1 180873 78 318 -15627 0 0 175 12087 -30253 17816 0 0 0 0 0
DBG:wifi state=0 ip=- peer=-:0 tcp=0/0 to=4 restarts=0 sent=0 rx=0 drop=0 mdns=0/0 cmd= reply=
t 17 3980523 31 -353 -1 180873 78 318 -15627 0 0 175 12087 -30253 17816 0 0 0 0 0
t 18 3980579 31 -353 -1 180873 78 318 -15627 0 0 175 12087 -30253 17816 0 0 0 0 0
ack 11 8 timeout
t 19 3980647 31 -353 -1 180873 78 318 -15627 0 0 175 12089 -30253 17816 300 -300 0 0 0
t 20 3980719 31 -352 -1 180802 78 318 -15627 26 0 177 12092 -30234 17816 1000 -900 0 0 0
t 21 3980791 31 -352 -1 180614 78 318 -15629 46 -26 178 12095 -30203 17797 2000 -1700 0 0 0
t 22 3980863 31 -350 -1 180091 79 319 -16080 138 -72 178 12098 -30111 17750 2600 -2600 0 0 0
t 23 3980935 31 -348 -1 179101 79 319 -16080 181 -144 178 12101 -29959 17639 2300 -2400 0 0 0
t 24 3981007 31 -347 -1 178021 79 321 -17734 164 -144 178 12104 -29800 17511 1700 -2000 0 0 0
t 25 3981079 31 -347 -2 177152 78 323 16611 128 -112 178 12107 -29675 17405 1200 -1500 0 0 0
thdr seq now flags x y h ox oy oh vl vr i2cf cyc posl posr dutl dutr lexc wrng cycovr
t 26 3981151 31 -346 -2 176508 78 323 16611 98 -82 178 12110 -29584 17325 1000 -1500 0 0 0
t 27 3981223 31 -346 -2 176023 77 324 15577 70 -56 178 12113 -29514 17266 1200 -1800 0 0 0
t 28 3981295 31 -346 -2 175447 77 324 14696 92 -92 178 12116 -29436 17191 1600 -2000 0 0 0
t 29 3981367 31 -346 -2 174770 77 324 14696 108 -112 178 12119 -29342 17105 1700 -2100 0 0 0
t 30 3981439 31 -345 -3 173965 77 326 13408 128 -121 178 12122 -29231 17002 1700 -2000 0 0 0
t 31 3981511 31 -345 -3 173193 77 326 13408 118 -92 178 12125 -29123 16905 900 -1400 0 0 0
t 32 3981583 31 -345 -3 172659 77 327 12019 56 -46 178 12128 -29053 16833 0 -400 0 0 0
t 33 3981655 31 -345 -3 172524 78 329 11363 0 -20 178 12131 -29042 16808 0 -300 0 0 0
t 34 3981727 31 -345 -3 172512 78 329 11363 10 0 179 12134 -29039 16808 300 -700 0 0 0
t 35 3981856 31 -345 -3 172347 78 328 11241 0 0 179 12141 -29009 16794 0 0 0 0 0
t 36 3981907 31 -345 -3 172347 78 328 11241 0 0 179 12143 -29009 16794 0 0 0 0 0
t 37 3981979 31 -345 -3 172347 78 328 11233 0 0 179 12146 -29009 16794 0 0 0 0 0
t 38 3982051 31 -345 -3 172347 78 328 11233 0 0 179 12149 -29009 16794 0 0 0 0 0
t 39 3982123 31 -345 -3 172347 78 328 11233 0 0 179 12152 -29009 16794 0 0 0 0 0
t 40 3982195 31 -345 -3 172347 78 328 11233 0 0 179 12155 -29009 16794 0 0 0 0 0
t 41 3982267 31 -345 -3 172347 78 328 11233 0 0 179 12158 -29009 16794 0 0 0 0 0
t 42 3982339 31 -345 -3 172347 78 328 11234 0 0 179 12161 -29009 16794 0 0 0 0 0
t 43 3982411 31 -345 -3 172347 78 328 11234 0 0 179 12164 -29009 16794 0 0 0 0 0
t 44 3982483 31 -345 -3 172347 78 328 11234 0 0 179 12167 -29009 16794 0 0 0 0 0
thdr seq now flags x y h ox oy oh vl vr i2cf cyc posl posr dutl dutr lexc wrng cycovr
t 45 3982555 31 -345 -3 172347 78 328 11234 0 0 179 12170 -29009 16794 0 0 0 0 0
t 46 3982627 31 -345 -3 172347 78 328 11234 0 0 179 12173 -29009 16794 0 0 0 0 0
t 47 3982699 31 -345 -3 172347 78 328 11234 0 0 179 12176 -29009 16794 0 0 0 0 0
t 48 3982771 31 -345 -3 172347 78 328 11234 0 0 179 12179 -29009 16794 0 0 0 0 0
t 49 3982843 31 -345 -3 172347 78 328 11234 0 0 179 12182 -29009 16794 0 0 0 0 0
t 50 3982915 31 -345 -3 172347 78 328 11235 0 0 179 12185 -29009 16794 0 0 0 0 0
t 51 3982987 31 -345 -3 172347 78 328 11235 0 0 179 12188 -29009 16794 0 0 0 0 0
t 52 3983059 31 -345 -3 172347 78 328 11235 0 0 179 12191 -29009 16794 0 0 0 0 0
t 53 3983131 31 -345 -3 172347 78 328 11235 0 0 179 12194 -29009 16794 0 0 0 0 0
t 54 3983203 31 -345 -3 172347 78 328 11235 0 0 179 12197 -29009 16794 0 0 0 0 0
t 55 3983275 31 -345 -3 172347 78 328 11235 0 0 179 12200 -29009 16794 0 0 0 0 0
t 56 3983347 31 -345 -3 172347 78 328 11235 0 0 179 12203 -29009 16794 0 0 0 0 0
t 57 3983419 31 -345 -3 172347 78 328 11235 0 0 179 12206 -29009 16794 0 0 0 0 0
t 58 3983491 31 -345 -3 172347 78 328 11235 0 0 179 12209 -29009 16794 0 0 0 0 0
t 59 3983563 31 -345 -3 172347 78 328 11236 0 0 179 12212 -29009 16794 0 0 0 0 0
t 60 3983635 31 -345 -3 172347 78 328 11236 0 0 179 12215 -29009 16794 0 0 0 0 0
t 61 3983707 31 -345 -3 172347 78 328 11236 0 0 179 12218 -29009 16794 0 0 0 0 0
t 62 3983779 31 -345 -3 172347 78 328 11236 0 0 179 12221 -29009 16794 0 0 0 0 0
t 63 3983851 31 -345 -3 172347 78 328 11236 0 0 179 12224 -29009 16794 0 0 0 0 0
thdr seq now flags x y h ox oy oh vl vr i2cf cyc posl posr dutl dutr lexc wrng cycovr
t 64 3983923 31 -345 -3 172347 78 328 11236 0 0 179 12227 -29009 16794 0 0 0 0 0
t 65 3983995 31 -345 -3 172347 78 328 11236 0 0 179 12230 -29009 16794 0 0 0 0 0
t 66 3984067 31 -345 -3 172347 78 328 11236 0 0 179 12233 -29009 16794 0 0 0 0 0
t 67 3984139 31 -345 -3 172347 78 328 11236 0 0 179 12236 -29009 16794 0 0 0 0 0
t 68 3984211 31 -345 -3 172347 78 328 11237 0 0 179 12239 -29009 16794 0 0 0 0 0
t 69 3984283 31 -345 -3 172347 78 328 11237 0 0 179 12242 -29009 16794 0 0 0 0 0
t 70 3984355 31 -345 -3 172347 78 328 11237 0 0 179 12245 -29009 16794 0 0 0 0 0
t 71 3984427 31 -345 -3 172347 78 328 11237 0 0 179 12248 -29009 16794 0 0 0 0 0
t 72 3984499 31 -345 -3 172347 78 328 11237 0 0 179 12251 -29009 16794 0 0 0 0 0
t 73 3984571 31 -345 -3 172347 78 328 11237 0 0 179 12254 -29009 16794 0 0 0 0 0
t 74 3984643 31 -345 -3 172347 78 328 11237 0 0 179 12257 -29009 16794 0 0 0 0 0
t 75 3984715 31 -345 -3 172347 78 328 11237 0 0 179 12260 -29009 16794 0 0 0 0 0
t 76 3984787 31 -345 -3 172347 78 328 11238 0 0 179 12263 -29009 16794 0 0 0 0 0
t 77 3984859 31 -345 -3 172347 78 328 11238 0 0 179 12266 -29009 16794 0 0 0 0 0
t 78 3984931 31 -345 -3 172347 78 328 11238 0 0 179 12269 -29009 16794 0 0 0 0 0
t 79 3985003 31 -345 -3 172347 78 328 11238 0 0 179 12272 -29009 16794 0 0 0 0 0
t 80 3985075 31 -345 -3 172347 78 328 11238 0 0 179 12275 -29009 16794 0 0 0 0 0
t 81 3985147 31 -345 -3 172347 78 328 11239 0 0 179 12278 -29009 16794 0 0 0 0 0
t 82 3985219 31 -345 -3 172347 78 328 11239 0 0 179 12281 -29009 16794 0 0 0 0 0
thdr seq now flags x y h ox oy oh vl vr i2cf cyc posl posr dutl dutr lexc wrng cycovr
t 83 3985291 31 -345 -3 172347 78 328 11239 0 0 179 12284 -29009 16794 0 0 0 0 0
t 84 3985363 31 -345 -3 172347 78 328 11239 0 0 179 12287 -29009 16794 0 0 0 0 0
t 85 3985435 31 -345 -3 172347 78 328 11239 0 0 179 12290 -29009 16794 0 0 0 0 0
t 86 3985507 31 -345 -3 172347 78 328 11239 0 0 179 12293 -29009 16794 0 0 0 0 0
t 87 3985579 31 -345 -3 172347 78 328 11239 0 0 179 12296 -29009 16794 0 0 0 0 0
t 88 3985635 31 -345 -3 172347 78 328 11239 0 0 179 12297 -29009 16794 0 0 0 0 0
t 89 3985691 31 -345 -3 172347 78 328 11240 0 0 179 12297 -29009 16794 0 0 0 0 0
t 90 3985747 31 -345 -3 172347 78 328 11240 0 0 179 12297 -29009 16794 0 0 0 0 0
t 91 3985803 31 -345 -3 172347 78 328 11240 0 0 179 12297 -29009 16794 0 0 0 0 0
t 92 3985859 31 -345 -3 172347 78 328 11240 0 0 179 12297 -29009 16794 0 0 0 0 0
t 93 3985915 31 -345 -3 172347 78 328 11240 0 0 179 12297 -29009 16794 0 0 0 0 0
t 94 3985971 31 -345 -3 172347 78 328 11240 0 0 179 12297 -29009 16794 0 0 0 0 0
t 95 3986027 31 -345 -3 172347 78 328 11240 0 0 179 12297 -29009 16794 0 0 0 0 0
t 96 3986083 31 -345 -3 172347 78 328 11240 0 0 179 12297 -29009 16794 0 0 0 0 0
t 97 3986139 31 -345 -3 172347 78 328 11240 0 0 179 12297 -29009 16794 0 0 0 0 0
t 98 3986195 31 -345 -3 172347 78 328 11240 0 0 179 12297 -29009 16794 0 0 0 0 0
ack 12 11 timeout
pose after (24.11,-14.49,56.49)  got=-90.05  want=-90.0  err=-0.05  ack=True
--- pivot 5 (+90): pose before (24.02,-14.47,55.28) ---
ack 13 11 timeout
t 99 3990339 31 -345 -3 172347 78 328 11249 0 0 179 12297 -29009 16794 0 0 0 0 0
t 100 3990395 31 -345 -3 172347 78 328 11249 0 0 179 12297 -29009 16794 0 0 0 0 0
t 101 3990451 31 -345 -3 172347 78 328 11249 0 0 179 12297 -29009 16794 0 0 0 0 0
DBG:wifi state=0 ip=- peer=-:0 tcp=0/0 to=4 restarts=0 sent=0 rx=0 drop=0 mdns=0/0 cmd= reply=
thdr seq now flags x y h ox oy oh vl vr i2cf cyc posl posr dutl dutr lexc wrng cycovr
t 102 3990507 31 -345 -3 172347 78 328 11249 0 0 179 12297 -29009 16794 0 0 0 0 0
ack 14 11 timeout
t 103 3990571 31 -345 -3 172347 78 328 11249 0 0 179 12299 -29009 16794 -300 300 0 0 0
t 104 3990643 31 -345 -3 172418 78 328 11249 -46 0 181 12302 -29028 16794 -1100 1000 0 0 0
t 105 3990715 31 -345 -2 172659 77 330 11408 -53 36 181 12305 -29064 16822 -1900 1800 0 0 0
t 106 3990787 31 -346 0 173224 77 330 11408 -128 72 181 12308 -29164 16872 -2500 2500 0 0 0
t 107 3990859 31 -347 1 174145 76 331 12524 -164 128 181 12311 -29309 16972 -2300 2300 0 0 0
t 108 3990931 31 -348 2 175210 74 330 14359 -164 128 181 12314 -29470 17094 -1700 1900 0 0 0
t 109 3991003 31 -348 3 176110 74 330 14359 -128 112 181 12317 -29603 17200 -1100 1500 0 0 0
t 110 3991075 31 -349 3 176734 75 329 15715 -82 72 181 12320 -29692 17277 -800 1400 0 0 0
t 111 3991147 31 -349 3 177238 75 329 15715 -75 62 181 12323 -29759 17344 -1100 1700 0 0 0
t 112 3991219 31 -349 3 177780 76 329 16545 -92 72 181 12326 -29831 17416 -1400 2000 0 0 0
t 113 3991291 31 -349 3 178473 77 329 17528 -112 102 181 12329 -29920 17511 -1600 2100 0 0 0
t 114 3991363 31 -349 3 179244 77 329 17528 -128 102 181 12332 -30025 17611 -1600 2000 0 0 0
t 115 3991435 31 -349 3 180008 78 328 -17155 -98 112 181 12335 -30128 17711 -900 1400 0 0 0
t 116 3991507 31 -349 3 180565 80 329 -16007 -56 66 181 12338 -30198 17789 -300 500 0 0 0
t 117 3991579 31 -348 4 180760 80 329 -16007 0 20 181 12341 -30214 17825 0 0 0 0 0
t 118 3991651 31 -348 4 180749 81 329 -15739 0 0 181 12344 -30214 17822 300 300 0 0 0
t 119 3991723 31 -348 4 180730 81 329 -15740 0 0 183 12347 -30209 17822 0 700 0 0 0
t 120 3991795 31 -348 4 180730 81 329 -15740 0 0 186 12350 -30209 17822 -1100 1000 0 0 0
thdr seq now flags x y h ox oy oh vl vr i2cf cyc posl posr dutl dutr lexc wrng cycovr
t 121 3991884 31 -349 3 180960 81 329 -15737 0 0 186 12355 -30253 17839 0 0 0 0 0
t 122 3991939 31 -349 3 180960 80 329 -15438 0 0 186 12357 -30253 17839 0 0 0 0 0
t 123 3992011 31 -349 3 180960 80 329 -15438 0 0 186 12360 -30253 17839 0 0 0 0 0
t 124 3992083 31 -349 3 180960 80 329 -15443 0 0 186 12363 -30253 17839 0 0 0 0 0
t 125 3992155 31 -349 3 180960 80 329 -15443 0 0 186 12366 -30253 17839 0 0 0 0 0
t 126 3992227 31 -349 3 180960 80 329 -15443 0 0 186 12369 -30253 17839 0 0 0 0 0
t 127 3992299 31 -349 3 180960 80 329 -15443 0 0 186 12372 -30253 17839 0 0 0 0 0
t 0 3992371 31 -349 3 180960 80 329 -15443 0 0 186 12375 -30253 17839 0 0 0 0 0
t 1 3992443 31 -349 3 180960 80 329 -15443 0 0 186 12378 -30253 17839 0 0 0 0 0
t 2 3992515 31 -349 3 180960 80 329 -15443 0 0 186 12381 -30253 17839 0 0 0 0 0
t 3 3992587 31 -349 3 180960 80 329 -15443 0 0 186 12384 -30253 17839 0 0 0 0 0
t 4 3992659 31 -349 3 180960 80 329 -15442 0 0 186 12387 -30253 17839 0 0 0 0 0
t 5 3992731 31 -349 3 180960 80 329 -15442 0 0 186 12390 -30253 17839 0 0 0 0 0
t 6 3992803 31 -349 3 180960 80 329 -15442 0 0 186 12393 -30253 17839 0 0 0 0 0
t 7 3992875 31 -349 3 180960 80 329 -15442 0 0 186 12396 -30253 17839 0 0 0 0 0
t 8 3992947 31 -349 3 180960 80 329 -15442 0 0 186 12399 -30253 17839 0 0 0 0 0
t 9 3993019 31 -349 3 180960 80 329 -15442 0 0 186 12402 -30253 17839 0 0 0 0 0
t 10 3993091 31 -349 3 180960 80 329 -15441 0 0 186 12405 -30253 17839 0 0 0 0 0
t 11 3993163 31 -349 3 180960 80 329 -15441 0 0 186 12408 -30253 17839 0 0 0 0 0
thdr seq now flags x y h ox oy oh vl vr i2cf cyc posl posr dutl dutr lexc wrng cycovr
t 12 3993235 31 -349 3 180960 80 329 -15441 0 0 186 12411 -30253 17839 0 0 0 0 0
t 13 3993307 31 -349 3 180960 80 329 -15441 0 0 186 12414 -30253 17839 0 0 0 0 0
t 14 3993379 31 -349 3 180960 80 329 -15441 0 0 186 12417 -30253 17839 0 0 0 0 0
t 15 3993451 31 -349 3 180960 80 329 -15441 0 0 186 12420 -30253 17839 0 0 0 0 0
t 16 3993523 31 -349 3 180960 80 329 -15441 0 0 186 12423 -30253 17839 0 0 0 0 0
t 17 3993595 31 -349 3 180960 80 329 -15441 0 0 186 12426 -30253 17839 0 0 0 0 0
t 18 3993667 31 -349 3 180960 80 329 -15441 0 0 186 12429 -30253 17839 0 0 0 0 0
t 19 3993739 31 -349 3 180960 80 329 -15441 0 0 186 12432 -30253 17839 0 0 0 0 0
t 20 3993811 31 -349 3 180960 80 329 -15441 0 0 186 12435 -30253 17839 0 0 0 0 0
t 21 3993883 31 -349 3 180960 80 329 -15440 0 0 186 12438 -30253 17839 0 0 0 0 0
t 22 3993955 31 -349 3 180960 80 329 -15440 0 0 186 12441 -30253 17839 0 0 0 0 0
t 23 3994027 31 -349 3 180960 80 329 -15440 0 0 186 12444 -30253 17839 0 0 0 0 0
t 24 3994099 31 -349 3 180960 80 329 -15440 0 0 186 12447 -30253 17839 0 0 0 0 0
t 25 3994171 31 -349 3 180960 80 329 -15440 0 0 186 12450 -30253 17839 0 0 0 0 0
t 26 3994243 31 -349 3 180960 80 329 -15439 0 0 186 12453 -30253 17839 0 0 0 0 0
t 27 3994315 31 -349 3 180960 80 329 -15439 0 0 186 12456 -30253 17839 0 0 0 0 0
t 28 3994387 31 -349 3 180960 80 329 -15439 0 0 186 12459 -30253 17839 0 0 0 0 0
t 29 3994459 31 -349 3 180960 80 329 -15439 0 0 186 12462 -30253 17839 0 0 0 0 0
t 30 3994531 31 -349 3 180960 80 329 -15438 0 0 186 12465 -30253 17839 0 0 0 0 0
thdr seq now flags x y h ox oy oh vl vr i2cf cyc posl posr dutl dutr lexc wrng cycovr
t 31 3994603 31 -349 3 180960 80 329 -15438 0 0 186 12468 -30253 17839 0 0 0 0 0
t 32 3994675 31 -349 3 180960 80 329 -15438 0 0 186 12471 -30253 17839 0 0 0 0 0
t 33 3994747 31 -349 3 180960 80 329 -15438 0 0 186 12474 -30253 17839 0 0 0 0 0
t 34 3994819 31 -349 3 180960 80 329 -15438 0 0 186 12477 -30253 17839 0 0 0 0 0
t 35 3994891 31 -349 3 180960 80 329 -15438 0 0 186 12480 -30253 17839 0 0 0 0 0
t 36 3994963 31 -349 3 180960 80 329 -15438 0 0 186 12483 -30253 17839 0 0 0 0 0
t 37 3995035 31 -349 3 180960 80 329 -15438 0 0 186 12486 -30253 17839 0 0 0 0 0
t 38 3995107 31 -349 3 180960 80 329 -15437 0 0 186 12489 -30253 17839 0 0 0 0 0
t 39 3995179 31 -349 3 180960 80 329 -15437 0 0 186 12492 -30253 17839 0 0 0 0 0
t 40 3995251 31 -349 3 180960 80 329 -15437 0 0 186 12495 -30253 17839 0 0 0 0 0
t 41 3995323 31 -349 3 180960 80 329 -15437 0 0 186 12498 -30253 17839 0 0 0 0 0
t 42 3995395 31 -349 3 180960 80 329 -15437 0 0 186 12501 -30253 17839 0 0 0 0 0
t 43 3995467 31 -349 3 180960 80 329 -15437 0 0 186 12504 -30253 17839 0 0 0 0 0
t 44 3995539 31 -349 3 180960 80 329 -15436 0 0 186 12507 -30253 17839 0 0 0 0 0
t 45 3995595 31 -349 3 180960 80 329 -15436 0 0 186 12507 -30253 17839 0 0 0 0 0
t 46 3995651 31 -349 3 180960 80 329 -15436 0 0 186 12507 -30253 17839 0 0 0 0 0
t 47 3995707 31 -349 3 180960 80 329 -15436 0 0 186 12507 -30253 17839 0 0 0 0 0
t 48 3995763 31 -349 3 180960 80 329 -15436 0 0 186 12507 -30253 17839 0 0 0 0 0
t 49 3995819 31 -349 3 180960 80 329 -15436 0 0 186 12507 -30253 17839 0 0 0 0 0
thdr seq now flags x y h ox oy oh vl vr i2cf cyc posl posr dutl dutr lexc wrng cycovr
t 50 3995875 31 -349 3 180960 80 329 -15436 0 0 186 12507 -30253 17839 0 0 0 0 0
t 51 3995927 31 -349 3 180960 80 329 -15436 0 0 186 12507 -30253 17839 0 0 0 0 0
t 52 3995983 31 -349 3 180960 80 329 -15436 0 0 186 12507 -30253 17839 0 0 0 0 0
t 53 3996039 31 -349 3 180960 80 329 -15436 0 0 186 12507 -30253 17839 0 0 0 0 0
t 54 3996095 31 -349 3 180960 80 329 -15435 0 0 186 12507 -30253 17839 0 0 0 0 0
t 55 3996151 31 -349 3 180960 80 329 -15435 0 0 186 12507 -30253 17839 0 0 0 0 0
t 56 3996207 31 -349 3 180960 80 329 -15435 0 0 186 12507 -30253 17839 0 0 0 0 0
ack 15 14 timeout
pose after (24.54,-15.12,147.27)  got=+91.99  want=+90.0  err=+1.99  ack=True
--- pivot 6 (-90): pose before (24.54,-15.12,147.24) ---
ack 16 14 timeout
t 57 3999847 31 -349 3 180960 80 329 -15427 0 0 186 12507 -30253 17839 0 0 0 0 0
t 58 3999903 31 -349 3 180960 80 329 -15427 0 0 186 12507 -30253 17839 0 0 0 0 0
t 59 3999959 31 -349 3 180960 80 329 -15427 0 0 186 12507 -30253 17839 0 0 0 0 0
t 60 4000015 31 -349 3 180960 80 329 -15427 0 0 186 12507 -30253 17839 0 0 0 0 0
t 61 4000071 31 -349 3 180960 80 329 -15427 0 0 186 12507 -30253 17839 0 0 0 0 0
t 62 4000127 31 -349 3 180960 80 329 -15427 0 0 186 12507 -30253 17839 0 0 0 0 0
t 63 4000183 31 -349 3 180960 80 329 -15426 0 0 186 12507 -30253 17839 0 0 0 0 0
t 64 4000239 31 -349 3 180960 80 329 -15426 0 0 186 12507 -30253 17839 0 0 0 0 0
t 65 4000295 31 -349 3 180960 80 329 -15426 0 0 186 12507 -30253 17839 0 0 0 0 0
ack 17 14 timeout
t 66 4000363 31 -349 3 180960 80 329 -15426 0 0 186 12509 -30253 17839 300 -300 0 0 0
t 67 4000435 31 -349 3 180919 80 329 -15426 7 -10 186 12512 -30248 17833 1000 -1100 0 0 0
t 68 4000508 31 -349 3 180685 81 329 -15456 56 -36 186 12515 -30214 17805 2100 -2000 0 0 0
DBG:wifi state=0 ip=- peer=-:0 tcp=0/0 to=4 restarts=0 sent=0 rx=0 drop=0 mdns=0/0 cmd= reply=
thdr seq now flags x y h ox oy oh vl vr i2cf cyc posl posr dutl dutr lexc wrng cycovr
t 69 4000579 31 -348 4 180102 81 329 -15456 118 -89 186 12518 -30125 17739 2500 -2500 0 0 0
t 70 4000651 31 -346 3 179109 80 330 -16431 172 -132 186 12521 -29975 17625 2300 -2400 0 0 0
t 71 4000723 31 -346 3 178096 79 331 17737 144 -128 186 12524 -29831 17500 1600 -1800 0 0 0
t 72 4000795 31 -345 3 177261 79 331 17737 128 -89 186 12527 -29709 17400 1200 -1500 0 0 0
t 73 4000867 31 -344 3 176610 78 333 16393 92 -82 186 12530 -29617 17319 1000 -1500 0 0 0
t 74 4000939 31 -344 2 176132 78 334 15499 62 -72 186 12533 -29548 17261 1300 -1800 0 0 0
t 75 4001011 31 -344 2 175545 78 334 15499 82 -72 186 12536 -29464 17189 1500 -2000 0 0 0
t 76 4001083 31 -344 2 174811 78 334 14532 118 -108 186 12539 -29364 17094 1700 -2100 0 0 0
t 77 4001155 31 -344 2 174029 78 336 13167 128 -118 186 12542 -29259 16991 1600 -2000 0 0 0
t 78 4001227 31 -343 2 173265 78 336 13167 108 -92 186 12545 -29153 16894 800 -1300 0 0 0
t 79 4001299 31 -343 2 172742 78 338 11920 56 -56 186 12548 -29086 16822 300 -500 0 0 0
t 80 4001371 31 -343 2 172576 78 338 11920 0 0 186 12551 -29064 16800 0 0 0 0 0
t 81 4001443 31 -343 2 172576 78 338 11545 0 0 186 12554 -29064 16800 -300 -500 0 0 0
t 82 4001515 31 -344 2 172599 78 338 11548 0 0 189 12557 -29070 16800 0 -800 0 0 0
t 83 4001587 31 -344 2 172599 78 338 11548 0 0 192 12560 -29070 16800 1200 -1100 0 0 0
t 84 4001676 31 -343 0 172388 78 338 11547 0 0 195 12565 -29014 16800 0 0 0 0 0
t 85 4001727 31 -343 0 172388 79 336 11235 0 0 195 12567 -29014 16800 0 0 0 0 0
t 86 4001799 31 -343 0 172388 79 336 11235 0 0 195 12570 -29014 16800 0 0 0 0 0
t 87 4001871 31 -343 0 172388 79 337 11296 0 0 195 12573 -29014 16800 0 0 0 0 0
thdr seq now flags x y h ox oy oh vl vr i2cf cyc posl posr dutl dutr lexc wrng cycovr
t 88 4001943 31 -343 0 172388 79 337 11297 0 0 195 12576 -29014 16800 0 0 0 0 0
t 89 4002015 31 -343 0 172388 79 337 11297 0 0 195 12579 -29014 16800 0 0 0 0 0
t 90 4002087 31 -343 0 172388 79 337 11297 0 0 195 12582 -29014 16800 0 0 0 0 0
t 91 4002159 31 -343 0 172388 79 337 11297 0 0 195 12585 -29014 16800 0 0 0 0 0
t 92 4002231 31 -343 0 172388 79 337 11297 0 0 195 12588 -29014 16800 0 0 0 0 0
t 93 4002303 31 -343 0 172388 79 337 11297 0 0 195 12591 -29014 16800 0 0 0 0 0
t 94 4002375 31 -343 0 172388 79 337 11297 0 0 195 12594 -29014 16800 0 0 0 0 0
t 95 4002447 31 -343 0 172388 79 337 11297 0 0 195 12597 -29014 16800 0 0 0 0 0
t 96 4002519 31 -343 0 172388 79 337 11298 0 0 195 12600 -29014 16800 0 0 0 0 0
t 97 4002591 31 -343 0 172388 79 337 11298 0 0 195 12603 -29014 16800 0 0 0 0 0
t 98 4002663 31 -343 0 172388 79 337 11298 0 0 195 12606 -29014 16800 0 0 0 0 0
t 99 4002735 31 -343 0 172388 79 337 11298 0 0 195 12609 -29014 16800 0 0 0 0 0
t 100 4002807 31 -343 0 172388 79 337 11298 0 0 195 12612 -29014 16800 0 0 0 0 0
t 101 4002879 31 -343 0 172388 79 337 11298 0 0 195 12615 -29014 16800 0 0 0 0 0
t 102 4002951 31 -343 0 172388 79 337 11298 0 0 195 12618 -29014 16800 0 0 0 0 0
t 103 4003023 31 -343 0 172388 79 337 11298 0 0 195 12621 -29014 16800 0 0 0 0 0
t 104 4003095 31 -343 0 172388 79 337 11299 0 0 195 12624 -29014 16800 0 0 0 0 0
t 105 4003167 31 -343 0 172388 79 337 11299 0 0 195 12627 -29014 16800 0 0 0 0 0
t 106 4003239 31 -343 0 172388 79 337 11299 0 0 195 12630 -29014 16800 0 0 0 0 0
thdr seq now flags x y h ox oy oh vl vr i2cf cyc posl posr dutl dutr lexc wrng cycovr
t 107 4003311 31 -343 0 172388 79 337 11300 0 0 195 12633 -29014 16800 0 0 0 0 0
t 108 4003383 31 -343 0 172388 79 337 11300 0 0 195 12636 -29014 16800 0 0 0 0 0
t 109 4003455 31 -343 0 172388 79 337 11300 0 0 195 12639 -29014 16800 0 0 0 0 0
t 110 4003527 31 -343 0 172388 79 337 11300 0 0 195 12642 -29014 16800 0 0 0 0 0
t 111 4003599 31 -343 0 172388 79 337 11300 0 0 195 12645 -29014 16800 0 0 0 0 0
t 112 4003671 31 -343 0 172388 79 337 11300 0 0 195 12648 -29014 16800 0 0 0 0 0
t 113 4003743 31 -343 0 172388 79 337 11300 0 0 195 12651 -29014 16800 0 0 0 0 0
t 114 4003815 31 -343 0 172388 79 337 11300 0 0 195 12654 -29014 16800 0 0 0 0 0
t 115 4003887 31 -343 0 172388 79 337 11301 0 0 195 12657 -29014 16800 0 0 0 0 0
t 116 4003959 31 -343 0 172388 79 337 11301 0 0 195 12660 -29014 16800 0 0 0 0 0
t 117 4004031 31 -343 0 172388 79 337 11301 0 0 195 12663 -29014 16800 0 0 0 0 0
t 118 4004103 31 -343 0 172388 79 337 11301 0 0 195 12666 -29014 16800 0 0 0 0 0
t 119 4004175 31 -343 0 172388 79 337 11301 0 0 195 12669 -29014 16800 0 0 0 0 0
t 120 4004247 31 -343 0 172388 79 337 11301 0 0 195 12672 -29014 16800 0 0 0 0 0
t 121 4004319 31 -343 0 172388 79 337 11301 0 0 195 12675 -29014 16800 0 0 0 0 0
t 122 4004391 31 -343 0 172388 79 337 11301 0 0 195 12678 -29014 16800 0 0 0 0 0
t 123 4004463 31 -343 0 172388 79 337 11302 0 0 195 12681 -29014 16800 0 0 0 0 0
t 124 4004535 31 -343 0 172388 79 337 11302 0 0 195 12684 -29014 16800 0 0 0 0 0
t 125 4004607 31 -343 0 172388 79 337 11302 0 0 195 12687 -29014 16800 0 0 0 0 0
thdr seq now flags x y h ox oy oh vl vr i2cf cyc posl posr dutl dutr lexc wrng cycovr
t 126 4004679 31 -343 0 172388 79 337 11302 0 0 195 12690 -29014 16800 0 0 0 0 0
t 127 4004751 31 -343 0 172388 79 337 11302 0 0 195 12693 -29014 16800 0 0 0 0 0
t 0 4004823 31 -343 0 172388 79 337 11302 0 0 195 12696 -29014 16800 0 0 0 0 0
t 1 4004895 31 -343 0 172388 79 337 11303 0 0 195 12699 -29014 16800 0 0 0 0 0
t 2 4004967 31 -343 0 172388 79 337 11303 0 0 195 12702 -29014 16800 0 0 0 0 0
t 3 4005039 31 -343 0 172388 79 337 11303 0 0 195 12705 -29014 16800 0 0 0 0 0
t 4 4005111 31 -343 0 172388 79 337 11303 0 0 195 12708 -29014 16800 0 0 0 0 0
t 5 4005183 31 -343 0 172388 79 337 11303 0 0 195 12711 -29014 16800 0 0 0 0 0
t 6 4005255 31 -343 0 172388 79 337 11303 0 0 195 12714 -29014 16800 0 0 0 0 0
t 7 4005327 31 -343 0 172388 79 337 11303 0 0 195 12717 -29014 16800 0 0 0 0 0
t 8 4005383 31 -343 0 172388 79 337 11303 0 0 195 12717 -29014 16800 0 0 0 0 0
t 9 4005439 31 -343 0 172388 79 337 11303 0 0 195 12717 -29014 16800 0 0 0 0 0
t 10 4005495 31 -343 0 172388 79 337 11303 0 0 195 12717 -29014 16800 0 0 0 0 0
t 11 4005551 31 -343 0 172388 79 337 11304 0 0 195 12717 -29014 16800 0 0 0 0 0
t 12 4005607 31 -343 0 172388 79 337 11304 0 0 195 12717 -29014 16800 0 0 0 0 0
t 13 4005663 31 -343 0 172388 79 337 11304 0 0 195 12717 -29014 16800 0 0 0 0 0
t 14 4005719 31 -343 0 172388 79 337 11304 0 0 195 12717 -29014 16800 0 0 0 0 0
t 15 4005775 31 -343 0 172388 79 337 11304 0 0 195 12717 -29014 16800 0 0 0 0 0
t 16 4005831 31 -343 0 172388 79 337 11304 0 0 195 12717 -29014 16800 0 0 0 0 0
thdr seq now flags x y h ox oy oh vl vr i2cf cyc posl posr dutl dutr lexc wrng cycovr
t 17 4005887 31 -343 0 172388 79 337 11304 0 0 195 12717 -29014 16800 0 0 0 0 0
t 18 4005939 31 -343 0 172388 79 337 11304 0 0 195 12717 -29014 16800 0 0 0 0 0
t 19 4005995 31 -343 0 172388 79 337 11305 0 0 195 12717 -29014 16800 0 0 0 0 0
t 20 4006051 31 -343 0 172388 79 337 11305 0 0 195 12717 -29014 16800 0 0 0 0 0
t 21 4006107 31 -343 0 172388 79 337 11305 0 0 195 12717 -29014 16800 0 0 0 0 0
t 22 4006163 31 -343 0 172388 79 337 11305 0 0 195 12717 -29014 16800 0 0 0 0 0
t 23 4006219 31 -343 0 172388 79 337 11305 0 0 195 12717 -29014 16800 0 0 0 0 0
t 24 4006275 31 -343 0 172388 79 337 11305 0 0 195 12717 -29014 16800 0 0 0 0 0
t 25 4006331 31 -343 0 172388 79 337 11305 0 0 195 12717 -29014 16800 0 0 0 0 0
t 26 4006387 31 -343 0 172388 79 337 11305 0 0 195 12717 -29014 16800 0 0 0 0 0
ack 18 17 timeout
pose after (23.43,-14.44,54.30)  got=-92.94  want=-90.0  err=-2.94  ack=True
--- pivot 7 (+90): pose before (23.45,-14.45,54.40) ---
DBG:wifi state=0 ip=- peer=-:0 tcp=0/0 to=4 restarts=0 sent=0 rx=0 drop=0 mdns=0/0 cmd= reply=
ack 19 17 timeout
t 27 4012043 31 -343 0 172388 79 337 11315 0 0 195 12717 -29014 16800 0 0 0 0 0
t 28 4012099 31 -343 0 172388 79 337 11315 0 0 195 12717 -29014 16800 0 0 0 0 0
t 29 4012155 31 -343 0 172388 79 337 11315 0 0 195 12717 -29014 16800 0 0 0 0 0
t 30 4012211 31 -343 0 172388 79 337 11315 0 0 195 12717 -29014 16800 0 0 0 0 0
t 31 4012267 31 -343 0 172388 79 337 11315 0 0 195 12717 -29014 16800 0 0 0 0 0
t 32 4012323 31 -343 0 172388 79 337 11315 0 0 195 12717 -29014 16800 0 0 0 0 0
t 33 4012379 31 -343 0 172388 79 337 11316 0 0 195 12717 -29014 16800 0 0 0 0 0
t 34 4012435 31 -343 0 172388 79 337 11316 0 0 195 12717 -29014 16800 0 0 0 0 0
t 35 4012491 31 -343 0 172388 79 337 11316 0 0 195 12717 -29014 16800 0 0 0 0 0
thdr seq now flags x y h ox oy oh vl vr i2cf cyc posl posr dutl dutr lexc wrng cycovr
t 36 4012547 31 -343 0 172388 79 337 11316 0 0 195 12717 -29014 16800 0 0 0 0 0
ack 20 17 timeout
t 37 4012619 31 -343 0 172388 79 337 11316 0 0 195 12719 -29014 16800 -300 300 0 0 0
t 38 4012691 31 -343 0 172441 79 337 11316 -26 0 197 12722 -29028 16800 -1100 1000 0 0 0
t 39 4012763 31 -343 1 172659 79 337 11342 -53 26 197 12725 -29064 16822 -2000 1800 0 0 0
t 40 4012835 31 -344 2 173265 78 339 11927 -128 92 197 12728 -29164 16883 -2500 2500 0 0 0
t 41 4012907 31 -345 4 174240 78 339 11927 -184 138 197 12731 -29317 16989 -2300 2400 0 0 0
t 42 4012979 31 -345 5 175293 76 338 13728 -164 128 197 12734 -29475 17111 -1600 1900 0 0 0
t 43 4013051 31 -346 6 176132 76 337 15345 -112 92 197 12737 -29598 17211 -1000 1400 0 0 0
t 44 4013123 31 -346 6 176787 76 337 15345 -99 92 197 12740 -29689 17294 -900 1500 0 0 0
t 45 4013195 31 -346 6 177280 77 337 16272 -72 72 197 12743 -29753 17361 -1100 1600 0 0 0
t 46 4013267 31 -346 6 177833 78 337 17123 -89 82 197 12746 -29825 17436 -1500 1900 0 0 0
t 47 4013339 31 -346 6 178522 78 337 17123 -118 108 197 12749 -29917 17527 -1600 2100 0 0 0
t 48 4013411 31 -346 6 179285 80 337 -17647 -108 118 197 12752 -30017 17630 -1500 2000 0 0 0
t 49 4013483 31 -346 6 180049 80 337 -17647 -102 98 197 12755 -30123 17727 -900 1300 0 0 0
t 50 4013555 31 -346 6 180569 81 337 -16349 -53 53 197 12758 -30186 17802 -300 500 0 0 0
t 51 4013627 31 -346 6 180772 82 338 -15706 0 20 197 12761 -30209 17833 0 300 0 0 0
t 52 4013699 31 -345 6 180783 82 338 -15706 0 0 197 12764 -30209 17836 -300 400 0 0 0
t 53 4013771 31 -346 6 180813 82 338 -15694 -10 0 200 12767 -30217 17836 -400 600 0 0 0
t 54 4013843 31 -346 6 180832 82 338 -15664 -7 -2 202 12770 -30225 17833 -800 900 0 0 0
thdr seq now flags x y h ox oy oh vl vr i2cf cyc posl posr dutl dutr lexc wrng cycovr
t 55 4013956 31 -348 6 181073 81 337 -15421 0 0 204 12776 -30278 17844 0 0 0 0 0
t 56 4014011 31 -348 6 181073 81 337 -15421 0 0 204 12778 -30278 17844 0 0 0 0 0
t 57 4014083 31 -348 6 181073 81 337 -15340 0 0 204 12781 -30278 17844 0 0 0 0 0
t 58 4014155 31 -348 6 181073 81 337 -15340 0 0 204 12784 -30278 17844 0 0 0 0 0
t 59 4014227 31 -348 6 181073 81 337 -15339 0 0 204 12787 -30278 17844 0 0 0 0 0
t 60 4014299 31 -348 6 181073 81 337 -15338 0 0 204 12790 -30278 17844 0 0 0 0 0
t 61 4014371 31 -348 6 181073 81 337 -15338 0 0 204 12793 -30278 17844 0 0 0 0 0
t 62 4014443 31 -348 6 181073 81 337 -15338 0 0 204 12796 -30278 17844 0 0 0 0 0
t 63 4014515 31 -348 6 181073 81 337 -15337 0 0 204 12799 -30278 17844 0 0 0 0 0
t 64 4014587 31 -348 6 181073 81 337 -15337 0 0 204 12802 -30278 17844 0 0 0 0 0
t 65 4014659 31 -348 6 181073 81 337 -15337 0 0 204 12805 -30278 17844 0 0 0 0 0
t 66 4014731 31 -348 6 181073 81 337 -15337 0 0 204 12808 -30278 17844 0 0 0 0 0
t 67 4014803 31 -348 6 181073 81 337 -15337 0 0 204 12811 -30278 17844 0 0 0 0 0
t 68 4014875 31 -348 6 181073 81 337 -15337 0 0 204 12814 -30278 17844 0 0 0 0 0
t 69 4014947 31 -348 6 181073 81 337 -15337 0 0 204 12817 -30278 17844 0 0 0 0 0
t 70 4015019 31 -348 6 181073 81 337 -15337 0 0 204 12820 -30278 17844 0 0 0 0 0
t 71 4015091 31 -348 6 181073 81 337 -15337 0 0 204 12823 -30278 17844 0 0 0 0 0
t 72 4015163 31 -348 6 181073 81 337 -15337 0 0 204 12826 -30278 17844 0 0 0 0 0
t 73 4015235 31 -348 6 181073 81 337 -15336 0 0 204 12829 -30278 17844 0 0 0 0 0
thdr seq now flags x y h ox oy oh vl vr i2cf cyc posl posr dutl dutr lexc wrng cycovr
t 74 4015307 31 -348 6 181073 81 337 -15336 0 0 204 12832 -30278 17844 0 0 0 0 0
t 75 4015379 31 -348 6 181073 81 337 -15336 0 0 204 12835 -30278 17844 0 0 0 0 0
t 76 4015451 31 -348 6 181073 81 337 -15336 0 0 204 12838 -30278 17844 0 0 0 0 0
t 77 4015523 31 -348 6 181073 81 337 -15336 0 0 204 12841 -30278 17844 0 0 0 0 0
t 78 4015595 31 -348 6 181073 81 337 -15336 0 0 204 12844 -30278 17844 0 0 0 0 0
t 79 4015667 31 -348 6 181073 81 337 -15336 0 0 204 12847 -30278 17844 0 0 0 0 0
t 80 4015739 31 -348 6 181073 81 337 -15335 0 0 204 12850 -30278 17844 0 0 0 0 0
t 81 4015811 31 -348 6 181073 81 337 -15335 0 0 204 12853 -30278 17844 0 0 0 0 0
t 82 4015883 31 -348 6 181073 81 337 -15335 0 0 204 12856 -30278 17844 0 0 0 0 0
t 83 4015955 31 -348 6 181073 81 337 -15335 0 0 204 12859 -30278 17844 0 0 0 0 0
t 84 4016027 31 -348 6 181073 81 337 -15335 0 0 204 12862 -30278 17844 0 0 0 0 0
t 85 4016099 31 -348 6 181073 81 337 -15335 0 0 204 12865 -30278 17844 0 0 0 0 0
t 86 4016171 31 -348 6 181073 81 337 -15335 0 0 204 12868 -30278 17844 0 0 0 0 0
t 87 4016243 31 -348 6 181073 81 337 -15335 0 0 204 12871 -30278 17844 0 0 0 0 0
t 88 4016315 31 -348 6 181073 81 337 -15334 0 0 204 12874 -30278 17844 0 0 0 0 0
t 89 4016387 31 -348 6 181073 81 337 -15334 0 0 204 12877 -30278 17844 0 0 0 0 0
t 90 4016459 31 -348 6 181073 81 337 -15334 0 0 204 12880 -30278 17844 0 0 0 0 0
t 91 4016531 31 -348 6 181073 81 337 -15334 0 0 204 12883 -30278 17844 0 0 0 0 0
t 92 4016603 31 -348 6 181073 81 337 -15334 0 0 204 12886 -30278 17844 0 0 0 0 0
thdr seq now flags x y h ox oy oh vl vr i2cf cyc posl posr dutl dutr lexc wrng cycovr
t 93 4016675 31 -348 6 181073 81 337 -15334 0 0 204 12889 -30278 17844 0 0 0 0 0
t 94 4016747 31 -348 6 181073 81 337 -15333 0 0 204 12892 -30278 17844 0 0 0 0 0
t 95 4016819 31 -348 6 181073 81 337 -15333 0 0 204 12895 -30278 17844 0 0 0 0 0
t 96 4016891 31 -348 6 181073 81 337 -15333 0 0 204 12898 -30278 17844 0 0 0 0 0
t 97 4016963 31 -348 6 181073 81 337 -15333 0 0 204 12901 -30278 17844 0 0 0 0 0
t 98 4017035 31 -348 6 181073 81 337 -15333 0 0 204 12904 -30278 17844 0 0 0 0 0
t 99 4017107 31 -348 6 181073 81 337 -15332 0 0 204 12907 -30278 17844 0 0 0 0 0
t 100 4017179 31 -348 6 181073 81 337 -15332 0 0 204 12910 -30278 17844 0 0 0 0 0
t 101 4017251 31 -348 6 181073 81 337 -15332 0 0 204 12913 -30278 17844 0 0 0 0 0
t 102 4017323 31 -348 6 181073 81 337 -15332 0 0 204 12916 -30278 17844 0 0 0 0 0
t 103 4017395 31 -348 6 181073 81 337 -15332 0 0 204 12919 -30278 17844 0 0 0 0 0
t 104 4017467 31 -348 6 181073 81 337 -15332 0 0 204 12922 -30278 17844 0 0 0 0 0
t 105 4017539 31 -348 6 181073 81 337 -15331 0 0 204 12925 -30278 17844 0 0 0 0 0
t 106 4017595 31 -348 6 181073 81 337 -15331 0 0 204 12927 -30278 17844 0 0 0 0 0
t 107 4017651 31 -348 6 181073 81 337 -15331 0 0 204 12927 -30278 17844 0 0 0 0 0
t 108 4017707 31 -348 6 181073 81 337 -15331 0 0 204 12927 -30278 17844 0 0 0 0 0
t 109 4017763 31 -348 6 181073 81 337 -15331 0 0 204 12927 -30278 17844 0 0 0 0 0
t 110 4017819 31 -348 6 181073 81 337 -15331 0 0 204 12927 -30278 17844 0 0 0 0 0
t 111 4017875 31 -348 6 181073 81 337 -15331 0 0 204 12927 -30278 17844 0 0 0 0 0
thdr seq now flags x y h ox oy oh vl vr i2cf cyc posl posr dutl dutr lexc wrng cycovr
t 112 4017931 31 -348 6 181073 81 337 -15331 0 0 204 12927 -30278 17844 0 0 0 0 0
t 113 4017983 31 -348 6 181073 81 337 -15330 0 0 204 12927 -30278 17844 0 0 0 0 0
t 114 4018039 31 -348 6 181073 81 337 -15330 0 0 204 12927 -30278 17844 0 0 0 0 0
t 115 4018095 31 -348 6 181073 81 337 -15330 0 0 204 12927 -30278 17844 0 0 0 0 0
t 116 4018151 31 -348 6 181073 81 337 -15330 0 0 204 12927 -30278 17844 0 0 0 0 0
t 117 4018207 31 -348 6 181073 81 337 -15330 0 0 204 12927 -30278 17844 0 0 0 0 0
t 118 4018263 31 -348 6 181073 81 337 -15330 0 0 204 12927 -30278 17844 0 0 0 0 0
t 119 4018319 31 -348 6 181073 81 337 -15330 0 0 204 12927 -30278 17844 0 0 0 0 0
t 120 4018375 31 -348 6 181073 81 337 -15330 0 0 204 12927 -30278 17844 0 0 0 0 0
t 121 4018431 31 -348 6 181073 81 337 -15330 0 0 204 12927 -30278 17844 0 0 0 0 0
t 122 4018487 31 -348 6 181073 81 337 -15330 0 0 204 12927 -30278 17844 0 0 0 0 0
t 123 4018543 31 -348 6 181073 81 337 -15329 0 0 204 12927 -30278 17844 0 0 0 0 0
t 124 4018599 31 -348 6 181073 81 337 -15329 0 0 204 12927 -30278 17844 0 0 0 0 0
t 125 4018655 31 -348 6 181073 81 337 -15329 0 0 204 12927 -30278 17844 0 0 0 0 0
t 126 4018711 31 -348 6 181073 81 337 -15329 0 0 204 12927 -30278 17844 0 0 0 0 0
t 127 4018767 31 -348 6 181073 81 337 -15329 0 0 204 12927 -30278 17844 0 0 0 0 0
t 0 4018823 31 -348 6 181073 81 337 -15329 0 0 204 12927 -30278 17844 0 0 0 0 0
t 1 4018879 31 -348 6 181073 81 337 -15329 0 0 204 12927 -30278 17844 0 0 0 0 0
t 2 4018935 31 -348 6 181073 81 337 -15329 0 0 204 12927 -30278 17844 0 0 0 0 0
thdr seq now flags x y h ox oy oh vl vr i2cf cyc posl posr dutl dutr lexc wrng cycovr
t 3 4018991 31 -348 6 181073 81 337 -15328 0 0 204 12927 -30278 17844 0 0 0 0 0
t 4 4019043 31 -348 6 181073 81 337 -15328 0 0 204 12927 -30278 17844 0 0 0 0 0
t 5 4019099 31 -348 6 181073 81 337 -15328 0 0 204 12927 -30278 17844 0 0 0 0 0
ack 21 20 timeout
pose after (24.22,-15.12,148.20)  got=+93.80  want=+90.0  err=+3.80  ack=True
--- pivot 8 (-90): pose before (24.17,-15.18,147.52) ---
DBG:wifi state=0 ip=- peer=-:0 tcp=0/0 to=4 restarts=0 sent=0 rx=0 drop=0 mdns=0/0 cmd= reply=
ack 22 20 timeout
t 6 4025371 31 -348 6 181073 81 337 -15315 0 0 204 12927 -30278 17844 0 0 0 0 0
t 7 4025427 31 -348 6 181073 81 337 -15315 0 0 204 12927 -30278 17844 0 0 0 0 0
t 8 4025483 31 -348 6 181073 81 337 -15315 0 0 204 12927 -30278 17844 0 0 0 0 0
t 9 4025539 31 -348 6 181073 81 337 -15315 0 0 204 12927 -30278 17844 0 0 0 0 0
t 10 4025595 31 -348 6 181073 81 337 -15315 0 0 204 12927 -30278 17844 0 0 0 0 0
t 11 4025651 31 -348 6 181073 81 337 -15315 0 0 204 12927 -30278 17844 0 0 0 0 0
ack 23 20 timeout
t 12 4025719 31 -348 6 181073 81 337 -15314 0 0 204 12929 -30278 17844 300 -300 0 0 0
t 13 4025791 31 -347 6 181020 81 337 -15314 20 0 206 12932 -30264 17844 1000 -1000 0 0 0
t 14 4025863 31 -347 6 180824 82 337 -15330 46 -36 207 12935 -30231 17825 2100 -1800 0 0 0
t 15 4025935 31 -345 6 180301 83 338 -16015 118 -82 207 12938 -30142 17775 2600 -2600 0 0 0
t 16 4026007 31 -344 6 179297 83 338 -16015 174 -135 207 12941 -29989 17661 2300 -2400 0 0 0
t 17 4026079 31 -343 6 178251 82 339 -17829 164 -135 207 12944 -29836 17536 1800 -2000 0 0 0
t 18 4026151 31 -342 5 177363 82 339 -17829 128 -112 207 12947 -29709 17427 1100 -1600 0 0 0
t 19 4026223 31 -342 5 176704 80 341 16644 92 -82 207 12950 -29620 17341 1100 -1400 0 0 0
t 20 4026295 31 -341 5 176181 80 342 15742 92 -66 207 12953 -29542 17280 1200 -1700 0 0 0
t 21 4026367 31 -341 5 175617 80 342 15742 92 -102 207 12956 -29464 17208 1400 -2000 0 0 0
thdr seq now flags x y h ox oy oh vl vr i2cf cyc posl posr dutl dutr lexc wrng cycovr
t 22 4026439 31 -341 5 174951 79 343 14796 98 -98 207 12959 -29373 17122 1600 -2000 0 0 0
t 23 4026511 31 -341 5 174187 79 345 13450 110 -110 207 12962 -29270 17022 1600 -2000 0 0 0
t 24 4026583 31 -341 5 173400 79 345 13450 92 -108 207 12965 -29164 16919 800 -1300 0 0 0
t 25 4026655 31 -341 4 172859 80 346 12157 66 -72 207 12968 -29089 16850 300 -500 0 0 0
t 26 4026727 31 -341 4 172689 80 347 11700 10 -10 207 12971 -29067 16827 0 -300 0 0 0
t 27 4026799 31 -341 4 172689 80 347 11700 0 0 208 12974 -29067 16827 300 -500 0 0 0
t 28 4026871 31 -341 4 172629 80 347 11704 20 -2 210 12977 -29053 16825 300 -600 0 0 0
t 29 4026943 31 -341 4 172554 80 347 11704 0 -10 210 12980 -29042 16816 400 -800 0 0 0
t 30 4027008 31 -340 3 172482 80 346 11597 0 0 212 12984 -29023 16816 0 0 0 0 0
t 31 4027059 31 -340 3 172482 80 346 11597 0 0 212 12986 -29023 16816 0 0 0 0 0
t 32 4027131 31 -340 3 172482 80 346 11519 0 0 212 12989 -29023 16816 0 0 0 0 0
t 33 4027203 31 -340 3 172482 80 346 11519 0 0 212 12992 -29023 16816 0 0 0 0 0
t 34 4027275 31 -340 3 172482 80 346 11519 0 0 212 12995 -29023 16816 0 0 0 0 0
t 35 4027347 31 -340 3 172482 80 346 11519 0 0 212 12998 -29023 16816 0 0 0 0 0
t 36 4027419 31 -340 3 172482 80 346 11519 0 0 212 13001 -29023 16816 0 0 0 0 0
t 37 4027491 31 -340 3 172482 80 346 11519 0 0 212 13004 -29023 16816 0 0 0 0 0
t 38 4027563 31 -340 3 172482 80 346 11519 0 0 212 13007 -29023 16816 0 0 0 0 0
t 39 4027635 31 -340 3 172482 80 346 11520 0 0 212 13010 -29023 16816 0 0 0 0 0
t 40 4027707 31 -340 3 172482 80 346 11520 0 0 212 13013 -29023 16816 0 0 0 0 0
thdr seq now flags x y h ox oy oh vl vr i2cf cyc posl posr dutl dutr lexc wrng cycovr
t 41 4027779 31 -340 3 172482 80 346 11520 0 0 212 13016 -29023 16816 0 0 0 0 0
t 42 4027851 31 -340 3 172482 80 346 11520 0 0 212 13019 -29023 16816 0 0 0 0 0
t 43 4027923 31 -340 3 172482 80 346 11520 0 0 212 13022 -29023 16816 0 0 0 0 0
t 44 4027995 31 -340 3 172482 80 346 11520 0 0 212 13025 -29023 16816 0 0 0 0 0
t 45 4028067 31 -340 3 172482 80 346 11520 0 0 212 13028 -29023 16816 0 0 0 0 0
t 46 4028139 31 -340 3 172482 80 346 11520 0 0 212 13031 -29023 16816 0 0 0 0 0
t 47 4028211 31 -340 3 172482 80 346 11521 0 0 212 13034 -29023 16816 0 0 0 0 0
t 48 4028283 31 -340 3 172482 80 346 11521 0 0 212 13037 -29023 16816 0 0 0 0 0
t 49 4028355 31 -340 3 172482 80 346 11521 0 0 212 13040 -29023 16816 0 0 0 0 0
t 50 4028427 31 -340 3 172482 80 346 11521 0 0 212 13043 -29023 16816 0 0 0 0 0
t 51 4028499 31 -340 3 172482 80 346 11521 0 0 212 13046 -29023 16816 0 0 0 0 0
t 52 4028571 31 -340 3 172482 80 346 11521 0 0 212 13049 -29023 16816 0 0 0 0 0
t 53 4028643 31 -340 3 172482 80 346 11521 0 0 212 13052 -29023 16816 0 0 0 0 0
t 54 4028715 31 -340 3 172482 80 346 11521 0 0 212 13055 -29023 16816 0 0 0 0 0
t 55 4028787 31 -340 3 172482 80 346 11521 0 0 212 13058 -29023 16816 0 0 0 0 0
t 56 4028859 31 -340 3 172482 80 346 11522 0 0 212 13061 -29023 16816 0 0 0 0 0
t 57 4028931 31 -340 3 172482 80 346 11522 0 0 212 13064 -29023 16816 0 0 0 0 0
t 58 4029003 31 -340 3 172482 80 346 11522 0 0 212 13067 -29023 16816 0 0 0 0 0
t 59 4029075 31 -340 3 172482 80 346 11522 0 0 212 13070 -29023 16816 0 0 0 0 0
thdr seq now flags x y h ox oy oh vl vr i2cf cyc posl posr dutl dutr lexc wrng cycovr
t 60 4029147 31 -340 3 172482 80 346 11522 0 0 212 13073 -29023 16816 0 0 0 0 0
t 61 4029219 31 -340 3 172482 80 346 11522 0 0 212 13076 -29023 16816 0 0 0 0 0
t 62 4029291 31 -340 3 172482 80 346 11522 0 0 212 13079 -29023 16816 0 0 0 0 0
t 63 4029363 31 -340 3 172482 80 346 11523 0 0 212 13082 -29023 16816 0 0 0 0 0
t 64 4029435 31 -340 3 172482 80 346 11523 0 0 212 13085 -29023 16816 0 0 0 0 0
t 65 4029507 31 -340 3 172482 80 346 11523 0 0 212 13088 -29023 16816 0 0 0 0 0
t 66 4029579 31 -340 3 172482 80 346 11523 0 0 212 13091 -29023 16816 0 0 0 0 0
t 67 4029651 31 -340 3 172482 80 346 11523 0 0 212 13094 -29023 16816 0 0 0 0 0
t 68 4029723 31 -340 3 172482 80 346 11523 0 0 212 13097 -29023 16816 0 0 0 0 0
t 69 4029795 31 -340 3 172482 80 346 11524 0 0 212 13100 -29023 16816 0 0 0 0 0
t 70 4029867 31 -340 3 172482 80 346 11524 0 0 212 13103 -29023 16816 0 0 0 0 0
t 71 4029939 31 -340 3 172482 80 346 11524 0 0 212 13106 -29023 16816 0 0 0 0 0
t 72 4030011 31 -340 3 172482 80 346 11524 0 0 212 13109 -29023 16816 0 0 0 0 0
t 73 4030083 31 -340 3 172482 80 346 11524 0 0 212 13112 -29023 16816 0 0 0 0 0
t 74 4030155 31 -340 3 172482 80 346 11524 0 0 212 13115 -29023 16816 0 0 0 0 0
t 75 4030227 31 -340 3 172482 80 346 11524 0 0 212 13118 -29023 16816 0 0 0 0 0
t 76 4030299 31 -340 3 172482 80 346 11524 0 0 212 13121 -29023 16816 0 0 0 0 0
t 77 4030371 31 -340 3 172482 80 346 11524 0 0 212 13124 -29023 16816 0 0 0 0 0
t 78 4030443 31 -340 3 172482 80 346 11524 0 0 212 13127 -29023 16816 0 0 0 0 0
thdr seq now flags x y h ox oy oh vl vr i2cf cyc posl posr dutl dutr lexc wrng cycovr
t 79 4030516 31 -340 3 172482 80 346 11524 0 0 212 13130 -29023 16816 0 0 0 0 0
DBG:wifi state=0 ip=- peer=-:0 tcp=0/0 to=4 restarts=0 sent=0 rx=0 drop=0 mdns=0/0 cmd= reply=
t 80 4030587 31 -340 3 172482 80 346 11525 0 0 212 13133 -29023 16816 0 0 0 0 0
t 81 4030659 31 -340 3 172482 80 346 11525 0 0 212 13136 -29023 16816 0 0 0 0 0
t 82 4030715 31 -340 3 172482 80 346 11525 0 0 212 13137 -29023 16816 0 0 0 0 0
t 83 4030771 31 -340 3 172482 80 346 11525 0 0 212 13137 -29023 16816 0 0 0 0 0
t 84 4030827 31 -340 3 172482 80 346 11525 0 0 212 13137 -29023 16816 0 0 0 0 0
t 85 4030883 31 -340 3 172482 80 346 11525 0 0 212 13137 -29023 16816 0 0 0 0 0
t 86 4030939 31 -340 3 172482 80 346 11525 0 0 212 13137 -29023 16816 0 0 0 0 0
t 87 4030995 31 -340 3 172482 80 346 11526 0 0 212 13137 -29023 16816 0 0 0 0 0
t 88 4031051 31 -340 3 172482 80 346 11526 0 0 212 13137 -29023 16816 0 0 0 0 0
t 89 4031107 31 -340 3 172482 80 346 11526 0 0 212 13137 -29023 16816 0 0 0 0 0
t 90 4031163 31 -340 3 172482 80 346 11526 0 0 212 13137 -29023 16816 0 0 0 0 0
t 91 4031219 31 -340 3 172482 80 346 11526 0 0 212 13137 -29023 16816 0 0 0 0 0
t 92 4031275 31 -340 3 172482 80 346 11526 0 0 212 13137 -29023 16816 0 0 0 0 0
t 93 4031331 31 -340 3 172482 80 346 11526 0 0 212 13137 -29023 16816 0 0 0 0 0
t 94 4031387 31 -340 3 172482 80 346 11526 0 0 212 13137 -29023 16816 0 0 0 0 0
t 95 4031443 31 -340 3 172482 80 346 11527 0 0 212 13137 -29023 16816 0 0 0 0 0
t 96 4031499 31 -340 3 172482 80 346 11527 0 0 212 13137 -29023 16816 0 0 0 0 0
t 97 4031555 31 -340 3 172482 80 346 11527 0 0 212 13137 -29023 16816 0 0 0 0 0
thdr seq now flags x y h ox oy oh vl vr i2cf cyc posl posr dutl dutr lexc wrng cycovr
t 98 4031611 31 -340 3 172482 80 346 11527 0 0 212 13137 -29023 16816 0 0 0 0 0
t 99 4031663 31 -340 3 172482 80 346 11527 0 0 212 13137 -29023 16816 0 0 0 0 0
t 100 4031719 31 -340 3 172482 80 346 11527 0 0 212 13137 -29023 16816 0 0 0 0 0
t 101 4031775 31 -340 3 172482 80 346 11527 0 0 212 13137 -29023 16816 0 0 0 0 0
t 102 4031831 31 -340 3 172482 80 346 11527 0 0 212 13137 -29023 16816 0 0 0 0 0
t 103 4031887 31 -340 3 172482 80 346 11527 0 0 212 13137 -29023 16816 0 0 0 0 0
t 104 4031943 31 -340 3 172482 80 346 11527 0 0 212 13137 -29023 16816 0 0 0 0 0
t 105 4031999 31 -340 3 172482 80 346 11527 0 0 212 13137 -29023 16816 0 0 0 0 0
t 106 4032055 31 -340 3 172482 80 346 11527 0 0 212 13137 -29023 16816 0 0 0 0 0
t 107 4032111 31 -340 3 172482 80 346 11527 0 0 212 13137 -29023 16816 0 0 0 0 0
t 108 4032167 31 -340 3 172482 80 346 11528 0 0 212 13137 -29023 16816 0 0 0 0 0
t 109 4032223 31 -340 3 172482 80 346 11528 0 0 212 13137 -29023 16816 0 0 0 0 0
ack 24 23 timeout
pose after (22.94,-14.58,56.90)  got=-90.61  want=-90.0  err=-0.61  ack=True
--- pivot 9 (+90): pose before (22.92,-14.57,56.68) ---
ack 25 23 timeout
t 110 4038887 31 -340 3 172482 80 346 11540 0 0 212 13137 -29023 16816 0 0 0 0 0
t 111 4038943 31 -340 3 172482 80 346 11540 0 0 212 13137 -29023 16816 0 0 0 0 0
t 112 4038999 31 -340 3 172482 80 346 11540 0 0 212 13137 -29023 16816 0 0 0 0 0
t 113 4039055 31 -340 3 172482 80 346 11540 0 0 212 13137 -29023 16816 0 0 0 0 0
t 114 4039111 31 -340 3 172482 80 346 11540 0 0 212 13137 -29023 16816 0 0 0 0 0
ack 26 23 timeout
t 115 4039163 31 -340 3 172482 80 346 11540 0 0 212 13138 -29023 16816 0 0 0 0 0
t 116 4039235 31 -340 3 172501 80 346 11541 -10 0 213 13141 -29028 16816 -700 800 0 0 0
thdr seq now flags x y h ox oy oh vl vr i2cf cyc posl posr dutl dutr lexc wrng cycovr
t 117 4039307 31 -341 4 172723 80 346 11591 -46 39 213 13144 -29064 16839 -1600 1600 0 0 0
t 118 4039379 31 -341 5 173160 80 346 11591 -93 62 213 13147 -29136 16883 -2400 2400 0 0 0
t 119 4039451 31 -342 6 173987 79 347 12467 -164 118 213 13150 -29267 16972 -2400 2400 0 0 0
t 120 4039523 31 -343 8 175022 78 347 14281 -181 121 213 13153 -29425 17089 -1900 2100 0 0 0
t 121 4039595 31 -343 8 175970 78 347 14281 -135 108 213 13156 -29564 17202 -1200 1600 0 0 0
t 122 4039667 31 -344 9 176727 78 345 15782 -121 92 213 13159 -29673 17294 -900 1400 0 0 0
t 123 4039739 31 -344 9 177250 78 345 15782 -82 66 213 13162 -29745 17361 -1000 1500 0 0 0
t 124 4039811 31 -344 9 177750 79 345 16674 -66 92 213 13165 -29809 17430 -1300 1900 0 0 0
t 125 4039883 31 -344 9 178356 80 346 17528 -102 92 213 13168 -29892 17508 -1600 2100 0 0 0
t 126 4039955 31 -344 9 179075 80 346 17528 -108 108 213 13171 -29986 17605 -1700 2100 0 0 0
t 127 4040027 31 -344 9 179895 81 345 -17225 -112 118 213 13174 -30098 17711 -1200 1700 0 0 0
t 0 4040099 31 -344 9 180542 83 346 -15961 -82 72 213 13177 -30184 17797 -300 800 0 0 0
t 1 4040171 31 -344 9 180843 83 346 -15961 -10 26 213 13180 -30220 17841 0 0 0 0 0
t 2 4040243 31 -344 9 180855 84 346 -15492 0 0 213 13183 -30220 17844 -300 400 0 0 0
t 3 4040315 31 -344 9 180907 84 346 -15494 -10 0 216 13186 -30234 17844 -300 500 0 0 0
t 4 4040387 31 -345 9 180937 84 346 -15494 -5 0 219 13189 -30242 17844 -500 700 0 0 0
t 5 4040500 31 -345 9 181065 84 346 -15442 0 0 222 13195 -30270 17850 0 0 0 0 0
DBG:wifi state=0 ip=- peer=-:0 tcp=0/0 to=4 restarts=0 sent=0 rx=0 drop=0 mdns=0/0 cmd= reply=
t 6 4040553 31 -345 9 181065 83 345 -15309 0 0 222 13197 -30270 17850 0 0 0 0 0
t 7 4040623 31 -345 9 181065 83 345 -15309 0 0 222 13200 -30270 17850 0 0 0 0 0
thdr seq now flags x y h ox oy oh vl vr i2cf cyc posl posr dutl dutr lexc wrng cycovr
t 8 4040695 31 -345 9 181065 83 345 -15309 0 0 222 13203 -30270 17850 0 0 0 0 0
t 9 4040767 31 -345 9 181065 83 345 -15309 0 0 222 13206 -30270 17850 0 0 0 0 0
t 10 4040839 31 -345 9 181065 83 345 -15309 0 0 222 13209 -30270 17850 0 0 0 0 0
t 11 4040911 31 -345 9 181065 83 345 -15309 0 0 222 13212 -30270 17850 0 0 0 0 0
t 12 4040983 31 -345 9 181065 83 345 -15309 0 0 222 13215 -30270 17850 0 0 0 0 0
t 13 4041055 31 -345 9 181065 83 345 -15309 0 0 222 13218 -30270 17850 0 0 0 0 0
t 14 4041127 31 -345 9 181065 83 345 -15309 0 0 222 13221 -30270 17850 0 0 0 0 0
t 15 4041199 31 -345 9 181065 83 345 -15309 0 0 222 13224 -30270 17850 0 0 0 0 0
t 16 4041271 31 -345 9 181065 83 345 -15309 0 0 222 13227 -30270 17850 0 0 0 0 0
t 17 4041343 31 -345 9 181065 83 345 -15309 0 0 222 13230 -30270 17850 0 0 0 0 0
t 18 4041415 31 -345 9 181065 83 345 -15309 0 0 222 13233 -30270 17850 0 0 0 0 0
t 19 4041487 31 -345 9 181065 83 345 -15309 0 0 222 13236 -30270 17850 0 0 0 0 0
t 20 4041559 31 -345 9 181065 83 345 -15308 0 0 222 13239 -30270 17850 0 0 0 0 0
t 21 4041631 31 -345 9 181065 83 345 -15308 0 0 222 13242 -30270 17850 0 0 0 0 0
t 22 4041703 31 -345 9 181065 83 345 -15308 0 0 222 13245 -30270 17850 0 0 0 0 0
t 23 4041775 31 -345 9 181065 83 345 -15308 0 0 222 13248 -30270 17850 0 0 0 0 0
t 24 4041847 31 -345 9 181065 83 345 -15308 0 0 222 13251 -30270 17850 0 0 0 0 0
t 25 4041919 31 -345 9 181065 83 345 -15308 0 0 222 13254 -30270 17850 0 0 0 0 0
t 26 4041991 31 -345 9 181065 83 345 -15308 0 0 222 13257 -30270 17850 0 0 0 0 0
thdr seq now flags x y h ox oy oh vl vr i2cf cyc posl posr dutl dutr lexc wrng cycovr
t 27 4042063 31 -345 9 181065 83 345 -15308 0 0 222 13260 -30270 17850 0 0 0 0 0
t 28 4042135 31 -345 9 181065 83 345 -15308 0 0 222 13263 -30270 17850 0 0 0 0 0
t 29 4042207 31 -345 9 181065 83 345 -15308 0 0 222 13266 -30270 17850 0 0 0 0 0
t 30 4042279 31 -345 9 181065 83 345 -15307 0 0 222 13269 -30270 17850 0 0 0 0 0
t 31 4042351 31 -345 9 181065 83 345 -15307 0 0 222 13272 -30270 17850 0 0 0 0 0
t 32 4042423 31 -345 9 181065 83 345 -15307 0 0 222 13275 -30270 17850 0 0 0 0 0
t 33 4042495 31 -345 9 181065 83 345 -15307 0 0 222 13278 -30270 17850 0 0 0 0 0
t 34 4042567 31 -345 9 181065 83 345 -15307 0 0 222 13281 -30270 17850 0 0 0 0 0
t 35 4042639 31 -345 9 181065 83 345 -15307 0 0 222 13284 -30270 17850 0 0 0 0 0
t 36 4042711 31 -345 9 181065 83 345 -15307 0 0 222 13287 -30270 17850 0 0 0 0 0
t 37 4042783 31 -345 9 181065 83 345 -15307 0 0 222 13290 -30270 17850 0 0 0 0 0
t 38 4042855 31 -345 9 181065 83 345 -15307 0 0 222 13293 -30270 17850 0 0 0 0 0
t 39 4042927 31 -345 9 181065 83 345 -15307 0 0 222 13296 -30270 17850 0 0 0 0 0
t 40 4042999 31 -345 9 181065 83 345 -15307 0 0 222 13299 -30270 17850 0 0 0 0 0
t 41 4043071 31 -345 9 181065 83 345 -15307 0 0 222 13302 -30270 17850 0 0 0 0 0
t 42 4043143 31 -345 9 181065 83 345 -15306 0 0 222 13305 -30270 17850 0 0 0 0 0
t 43 4043215 31 -345 9 181065 83 345 -15306 0 0 222 13308 -30270 17850 0 0 0 0 0
t 44 4043287 31 -345 9 181065 83 345 -15306 0 0 222 13311 -30270 17850 0 0 0 0 0
t 45 4043359 31 -345 9 181065 83 345 -15306 0 0 222 13314 -30270 17850 0 0 0 0 0
thdr seq now flags x y h ox oy oh vl vr i2cf cyc posl posr dutl dutr lexc wrng cycovr
t 46 4043431 31 -345 9 181065 83 345 -15306 0 0 222 13317 -30270 17850 0 0 0 0 0
t 47 4043503 31 -345 9 181065 83 345 -15306 0 0 222 13320 -30270 17850 0 0 0 0 0
t 48 4043575 31 -345 9 181065 83 345 -15306 0 0 222 13323 -30270 17850 0 0 0 0 0
t 49 4043647 31 -345 9 181065 83 345 -15306 0 0 222 13326 -30270 17850 0 0 0 0 0
t 50 4043719 31 -345 9 181065 83 345 -15306 0 0 222 13329 -30270 17850 0 0 0 0 0
t 51 4043791 31 -345 9 181065 83 345 -15305 0 0 222 13332 -30270 17850 0 0 0 0 0
t 52 4043863 31 -345 9 181065 83 345 -15305 0 0 222 13335 -30270 17850 0 0 0 0 0
t 53 4043935 31 -345 9 181065 83 345 -15304 0 0 222 13338 -30270 17850 0 0 0 0 0
t 54 4044007 31 -345 9 181065 83 345 -15304 0 0 222 13341 -30270 17850 0 0 0 0 0
t 55 4044079 31 -345 9 181065 83 345 -15304 0 0 222 13344 -30270 17850 0 0 0 0 0
t 56 4044151 31 -345 9 181065 83 345 -15304 0 0 222 13347 -30270 17850 0 0 0 0 0
t 57 4044207 31 -345 9 181065 83 345 -15304 0 0 222 13347 -30270 17850 0 0 0 0 0
t 58 4044263 31 -345 9 181065 83 345 -15304 0 0 222 13347 -30270 17850 0 0 0 0 0
t 59 4044319 31 -345 9 181065 83 345 -15304 0 0 222 13347 -30270 17850 0 0 0 0 0
t 60 4044375 31 -345 9 181065 83 345 -15304 0 0 222 13347 -30270 17850 0 0 0 0 0
t 61 4044431 31 -345 9 181065 83 345 -15304 0 0 222 13347 -30270 17850 0 0 0 0 0
t 62 4044487 31 -345 9 181065 83 345 -15304 0 0 222 13347 -30270 17850 0 0 0 0 0
t 63 4044543 31 -345 9 181065 83 345 -15304 0 0 222 13347 -30270 17850 0 0 0 0 0
t 64 4044599 31 -345 9 181065 83 345 -15303 0 0 222 13347 -30270 17850 0 0 0 0 0
thdr seq now flags x y h ox oy oh vl vr i2cf cyc posl posr dutl dutr lexc wrng cycovr
t 65 4044655 31 -345 9 181065 83 345 -15303 0 0 222 13347 -30270 17850 0 0 0 0 0
t 66 4044707 31 -345 9 181065 83 345 -15303 0 0 222 13347 -30270 17850 0 0 0 0 0
t 67 4044763 31 -345 9 181065 83 345 -15303 0 0 222 13347 -30270 17850 0 0 0 0 0
t 68 4044819 31 -345 9 181065 83 345 -15303 0 0 222 13347 -30270 17850 0 0 0 0 0
t 69 4044875 31 -345 9 181065 83 345 -15303 0 0 222 13347 -30270 17850 0 0 0 0 0
t 70 4044931 31 -345 9 181065 83 345 -15303 0 0 222 13347 -30270 17850 0 0 0 0 0
t 71 4044987 31 -345 9 181065 83 345 -15303 0 0 222 13347 -30270 17850 0 0 0 0 0
t 72 4045043 31 -345 9 181065 83 345 -15303 0 0 222 13347 -30270 17850 0 0 0 0 0
t 73 4045099 31 -345 9 181065 83 345 -15303 0 0 222 13347 -30270 17850 0 0 0 0 0
t 74 4045155 31 -345 9 181065 83 345 -15302 0 0 222 13347 -30270 17850 0 0 0 0 0
t 75 4045211 31 -345 9 181065 83 345 -15302 0 0 222 13347 -30270 17850 0 0 0 0 0
ack 27 26 timeout
pose after (23.60,-15.18,147.66)  got=+90.97  want=+90.0  err=+0.97  ack=True
--- pivot 10 (-90): pose before (23.60,-15.20,147.22) ---
ack 28 26 timeout
t 76 4049971 31 -345 9 181065 83 345 -15293 0 0 222 13347 -30270 17850 0 0 0 0 0
t 77 4050027 31 -345 9 181065 83 345 -15293 0 0 222 13347 -30270 17850 0 0 0 0 0
t 78 4050083 31 -345 9 181065 83 345 -15293 0 0 222 13347 -30270 17850 0 0 0 0 0
t 79 4050139 31 -345 9 181065 83 345 -15293 0 0 222 13347 -30270 17850 0 0 0 0 0
t 80 4050195 31 -345 9 181065 83 345 -15293 0 0 222 13347 -30270 17850 0 0 0 0 0
t 81 4050251 31 -345 9 181065 83 345 -15293 0 0 222 13347 -30270 17850 0 0 0 0 0
ack 29 26 timeout
t 82 4050319 31 -345 9 181065 83 345 -15293 0 0 222 13349 -30270 17850 300 -300 0 0 0
t 83 4050391 31 -345 9 181001 83 345 -15293 26 -5 223 13352 -30256 17847 1000 -1000 0 0 0
thdr seq now flags x y h ox oy oh vl vr i2cf cyc posl posr dutl dutr lexc wrng cycovr
t 84 4050463 31 -345 9 180749 83 345 -15299 36 -30 223 13355 -30220 17816 1900 -1800 0 0 0
t 85 4050536 31 -344 9 180185 84 346 -15862 124 -96 223 13358 -30131 17755 2600 -2600 0 0 0
DBG:wifi state=0 ip=- peer=-:0 tcp=0/0 to=4 restarts=0 sent=0 rx=0 drop=0 mdns=0/0 cmd= reply=
t 86 4050607 31 -343 9 179267 84 346 -15862 135 -148 223 13361 -29998 17644 2300 -2400 0 0 0
t 87 4050679 31 -342 9 178221 82 347 -17489 164 -128 223 13364 -29842 17522 1800 -1900 0 0 0
t 88 4050751 31 -341 8 177321 81 349 16864 138 -108 223 13367 -29714 17411 1300 -1600 0 0 0
t 89 4050823 31 -340 8 176674 81 349 16864 92 -72 223 13370 -29620 17333 1000 -1400 0 0 0
t 90 4050895 31 -340 8 176151 80 350 15864 82 -75 223 13373 -29548 17266 1200 -1600 0 0 0
t 91 4050967 31 -340 8 175609 80 351 15020 92 -72 223 13376 -29470 17200 1500 -2000 0 0 0
t 92 4051039 31 -340 7 174947 80 351 15020 102 -82 223 13379 -29378 17116 1600 -2100 0 0 0
t 93 4051111 31 -340 7 174164 80 352 13810 112 -118 223 13382 -29275 17011 1600 -2000 0 0 0
t 94 4051183 31 -340 7 173393 80 352 13810 98 -118 223 13385 -29173 16908 900 -1300 0 0 0
t 95 4051255 31 -340 8 172859 80 354 12448 46 -72 223 13388 -29103 16836 300 -500 0 0 0
t 96 4051327 31 -340 8 172682 80 356 11758 0 -16 223 13391 -29081 16811 0 -300 0 0 0
t 97 4051399 31 -340 7 172659 80 356 11758 20 0 224 13394 -29075 16811 300 -400 0 0 0
t 98 4051471 31 -339 7 172588 80 355 11737 26 0 227 13397 -29056 16811 300 -500 0 0 0
t 99 4051543 31 -339 6 172558 80 355 11678 7 0 230 13400 -29048 16811 400 -600 0 0 0
t 100 4051656 31 -339 5 172463 81 354 11567 0 0 234 13406 -29023 16811 0 0 0 0 0
t 101 4051707 31 -339 5 172463 81 354 11567 0 0 234 13408 -29023 16811 0 0 0 0 0
t 102 4051779 31 -339 5 172463 81 354 11523 0 0 234 13411 -29023 16811 0 0 0 0 0
thdr seq now flags x y h ox oy oh vl vr i2cf cyc posl posr dutl dutr lexc wrng cycovr
t 103 4051851 31 -339 5 172463 81 354 11523 0 0 234 13414 -29023 16811 0 0 0 0 0
t 104 4051923 31 -339 5 172463 81 354 11524 0 0 234 13417 -29023 16811 0 0 0 0 0
t 105 4051995 31 -339 5 172463 81 354 11524 0 0 234 13420 -29023 16811 0 0 0 0 0
t 106 4052067 31 -339 5 172463 81 354 11524 0 0 234 13423 -29023 16811 0 0 0 0 0
t 107 4052139 31 -339 5 172463 81 354 11524 0 0 234 13426 -29023 16811 0 0 0 0 0
t 108 4052211 31 -339 5 172463 81 354 11524 0 0 234 13429 -29023 16811 0 0 0 0 0
t 109 4052283 31 -339 5 172463 81 354 11524 0 0 234 13432 -29023 16811 0 0 0 0 0
t 110 4052355 31 -339 5 172463 81 354 11524 0 0 234 13435 -29023 16811 0 0 0 0 0
t 111 4052427 31 -339 5 172463 81 354 11524 0 0 234 13438 -29023 16811 0 0 0 0 0
t 112 4052499 31 -339 5 172463 81 354 11524 0 0 234 13441 -29023 16811 0 0 0 0 0
t 113 4052571 31 -339 5 172463 81 354 11524 0 0 234 13444 -29023 16811 0 0 0 0 0
t 114 4052643 31 -339 5 172463 81 354 11524 0 0 234 13447 -29023 16811 0 0 0 0 0
t 115 4052715 31 -339 5 172463 81 354 11525 0 0 234 13450 -29023 16811 0 0 0 0 0
t 116 4052787 31 -339 5 172463 81 354 11525 0 0 234 13453 -29023 16811 0 0 0 0 0
t 117 4052859 31 -339 5 172463 81 354 11525 0 0 234 13456 -29023 16811 0 0 0 0 0
t 118 4052931 31 -339 5 172463 81 354 11525 0 0 234 13459 -29023 16811 0 0 0 0 0
t 119 4053003 31 -339 5 172463 81 354 11525 0 0 234 13462 -29023 16811 0 0 0 0 0
t 120 4053075 31 -339 5 172463 81 354 11525 0 0 234 13465 -29023 16811 0 0 0 0 0
t 121 4053147 31 -339 5 172463 81 354 11526 0 0 234 13468 -29023 16811 0 0 0 0 0
thdr seq now flags x y h ox oy oh vl vr i2cf cyc posl posr dutl dutr lexc wrng cycovr
t 122 4053219 31 -339 5 172463 81 354 11526 0 0 234 13471 -29023 16811 0 0 0 0 0
t 123 4053291 31 -339 5 172463 81 354 11526 0 0 234 13474 -29023 16811 0 0 0 0 0
t 124 4053363 31 -339 5 172463 81 354 11526 0 0 234 13477 -29023 16811 0 0 0 0 0
t 125 4053435 31 -339 5 172463 81 354 11526 0 0 234 13480 -29023 16811 0 0 0 0 0
t 126 4053507 31 -339 5 172463 81 354 11526 0 0 234 13483 -29023 16811 0 0 0 0 0
t 127 4053579 31 -339 5 172463 81 354 11526 0 0 234 13486 -29023 16811 0 0 0 0 0
t 0 4053651 31 -339 5 172463 81 354 11526 0 0 234 13489 -29023 16811 0 0 0 0 0
t 1 4053723 31 -339 5 172463 81 354 11527 0 0 234 13492 -29023 16811 0 0 0 0 0
t 2 4053795 31 -339 5 172463 81 354 11527 0 0 234 13495 -29023 16811 0 0 0 0 0
t 3 4053867 31 -339 5 172463 81 354 11527 0 0 234 13498 -29023 16811 0 0 0 0 0
t 4 4053939 31 -339 5 172463 81 354 11527 0 0 234 13501 -29023 16811 0 0 0 0 0
t 5 4054011 31 -339 5 172463 81 354 11527 0 0 234 13504 -29023 16811 0 0 0 0 0
t 6 4054083 31 -339 5 172463 81 354 11527 0 0 234 13507 -29023 16811 0 0 0 0 0
t 7 4054155 31 -339 5 172463 81 354 11527 0 0 234 13510 -29023 16811 0 0 0 0 0
t 8 4054227 31 -339 5 172463 81 354 11528 0 0 234 13513 -29023 16811 0 0 0 0 0
t 9 4054299 31 -339 5 172463 81 354 11528 0 0 234 13516 -29023 16811 0 0 0 0 0
t 10 4054371 31 -339 5 172463 81 354 11528 0 0 234 13519 -29023 16811 0 0 0 0 0
t 11 4054443 31 -339 5 172463 81 354 11528 0 0 234 13522 -29023 16811 0 0 0 0 0
t 12 4054515 31 -339 5 172463 81 354 11528 0 0 234 13525 -29023 16811 0 0 0 0 0
thdr seq now flags x y h ox oy oh vl vr i2cf cyc posl posr dutl dutr lexc wrng cycovr
t 13 4054587 31 -339 5 172463 81 354 11528 0 0 234 13528 -29023 16811 0 0 0 0 0
t 14 4054659 31 -339 5 172463 81 354 11528 0 0 234 13531 -29023 16811 0 0 0 0 0
t 15 4054731 31 -339 5 172463 81 354 11528 0 0 234 13534 -29023 16811 0 0 0 0 0
t 16 4054803 31 -339 5 172463 81 354 11528 0 0 234 13537 -29023 16811 0 0 0 0 0
t 17 4054875 31 -339 5 172463 81 354 11528 0 0 234 13540 -29023 16811 0 0 0 0 0
t 18 4054947 31 -339 5 172463 81 354 11529 0 0 234 13543 -29023 16811 0 0 0 0 0
t 19 4055019 31 -339 5 172463 81 354 11529 0 0 234 13546 -29023 16811 0 0 0 0 0
t 20 4055091 31 -339 5 172463 81 354 11529 0 0 234 13549 -29023 16811 0 0 0 0 0
t 21 4055163 31 -339 5 172463 81 354 11529 0 0 234 13552 -29023 16811 0 0 0 0 0
t 22 4055235 31 -339 5 172463 81 354 11530 0 0 234 13555 -29023 16811 0 0 0 0 0
t 23 4055291 31 -339 5 172463 81 354 11530 0 0 234 13557 -29023 16811 0 0 0 0 0
t 24 4055347 31 -339 5 172463 81 354 11530 0 0 234 13557 -29023 16811 0 0 0 0 0
t 25 4055403 31 -339 5 172463 81 354 11530 0 0 234 13557 -29023 16811 0 0 0 0 0
t 26 4055459 31 -339 5 172463 81 354 11530 0 0 234 13557 -29023 16811 0 0 0 0 0
t 27 4055515 31 -339 5 172463 81 354 11530 0 0 234 13557 -29023 16811 0 0 0 0 0
t 28 4055571 31 -339 5 172463 81 354 11530 0 0 234 13557 -29023 16811 0 0 0 0 0
t 29 4055627 31 -339 5 172463 81 354 11530 0 0 234 13557 -29023 16811 0 0 0 0 0
t 30 4055683 31 -339 5 172463 81 354 11531 0 0 234 13557 -29023 16811 0 0 0 0 0
t 31 4055739 31 -339 5 172463 81 354 11531 0 0 234 13557 -29023 16811 0 0 0 0 0
thdr seq now flags x y h ox oy oh vl vr i2cf cyc posl posr dutl dutr lexc wrng cycovr
t 32 4055795 31 -339 5 172463 81 354 11531 0 0 234 13557 -29023 16811 0 0 0 0 0
t 33 4055847 31 -339 5 172463 81 354 11531 0 0 234 13557 -29023 16811 0 0 0 0 0
t 34 4055903 31 -339 5 172463 81 354 11531 0 0 234 13557 -29023 16811 0 0 0 0 0
t 35 4055959 31 -339 5 172463 81 354 11531 0 0 234 13557 -29023 16811 0 0 0 0 0
t 36 4056015 31 -339 5 172463 81 354 11531 0 0 234 13557 -29023 16811 0 0 0 0 0
t 37 4056071 31 -339 5 172463 81 354 11531 0 0 234 13557 -29023 16811 0 0 0 0 0
t 38 4056127 31 -339 5 172463 81 354 11531 0 0 234 13557 -29023 16811 0 0 0 0 0
t 39 4056183 31 -339 5 172463 81 354 11531 0 0 234 13557 -29023 16811 0 0 0 0 0
t 40 4056239 31 -339 5 172463 81 354 11531 0 0 234 13557 -29023 16811 0 0 0 0 0
ack 30 29 timeout
pose after (22.56,-14.66,56.35)  got=-90.87  want=-90.0  err=-0.87  ack=True
--- pivot 11 (+90): pose before (22.55,-14.66,56.03) ---
DBG:wifi state=0 ip=- peer=-:0 tcp=0/0 to=4 restarts=0 sent=0 rx=0 drop=0 mdns=0/0 cmd= reply=
ack 31 29 timeout
t 41 4060719 31 -339 5 172463 81 354 11538 0 0 234 13557 -29023 16811 0 0 0 0 0
t 42 4060775 31 -339 5 172463 81 354 11538 0 0 234 13557 -29023 16811 0 0 0 0 0
t 43 4060831 31 -339 5 172463 81 354 11538 0 0 234 13557 -29023 16811 0 0 0 0 0
t 44 4060887 31 -339 5 172463 81 354 11538 0 0 234 13557 -29023 16811 0 0 0 0 0
t 45 4060943 31 -339 5 172463 81 354 11538 0 0 234 13557 -29023 16811 0 0 0 0 0
t 46 4060999 31 -339 5 172463 81 354 11539 0 0 234 13557 -29023 16811 0 0 0 0 0
t 47 4061055 31 -339 5 172463 81 354 11539 0 0 234 13557 -29023 16811 0 0 0 0 0
t 48 4061111 31 -339 5 172463 81 354 11539 0 0 234 13557 -29023 16811 0 0 0 0 0
t 49 4061167 31 -339 5 172463 81 354 11539 0 0 234 13557 -29023 16811 0 0 0 0 0
t 50 4061223 31 -339 5 172463 81 354 11539 0 0 234 13557 -29023 16811 0 0 0 0 0
ack 32 29 timeout
thdr seq now flags x y h ox oy oh vl vr i2cf cyc posl posr dutl dutr lexc wrng cycovr
t 51 4061291 31 -339 5 172463 81 354 11540 0 0 234 13559 -29023 16811 -300 300 0 0 0
t 52 4061363 31 -339 6 172512 81 354 11540 -23 0 236 13562 -29036 16811 -1000 1000 0 0 0
t 53 4061435 31 -339 7 172742 81 354 11582 -53 36 237 13565 -29075 16833 -2000 1700 0 0 0
t 54 4061507 31 -340 8 173306 81 354 11582 -128 72 237 13568 -29175 16883 -2500 2600 0 0 0
t 55 4061579 31 -341 10 174258 79 356 12483 -164 128 237 13571 -29325 16986 -2300 2400 0 0 0
t 56 4061651 31 -342 11 175323 77 355 14281 -164 138 237 13574 -29486 17108 -1600 2000 0 0 0
t 57 4061723 31 -343 12 176234 77 355 14281 -148 108 237 13577 -29620 17216 -1100 1500 0 0 0
t 58 4061795 31 -343 12 176885 78 354 15834 -92 92 237 13580 -29709 17300 -800 1400 0 0 0
t 59 4061867 31 -343 12 177363 79 354 16678 -56 62 237 13583 -29770 17366 -1000 1600 0 0 0
t 60 4061939 31 -343 12 177908 79 354 16678 -92 92 237 13586 -29842 17439 -1500 1900 0 0 0
t 61 4062011 31 -343 12 178574 80 354 17570 -108 108 237 13589 -29931 17527 -1600 2100 0 0 0
t 62 4062083 31 -342 12 179349 82 354 -17156 -108 108 237 13592 -30031 17633 -1600 2000 0 0 0
t 63 4062155 31 -342 12 180151 82 354 -17156 -108 118 237 13595 -30136 17741 -900 1400 0 0 0
t 64 4062227 31 -342 12 180689 83 355 -15901 -56 72 237 13598 -30209 17811 -300 500 0 0 0
t 65 4062299 31 -342 12 180885 84 355 -15448 0 26 237 13601 -30231 17841 0 0 0 0 0
t 66 4062371 31 -342 12 180885 84 355 -15448 0 0 237 13604 -30231 17841 300 300 0 0 0
t 67 4062443 31 -342 12 180862 84 355 -15451 0 0 239 13607 -30225 17841 0 700 0 0 0
t 68 4062515 31 -342 12 180862 84 355 -15451 0 0 242 13610 -30225 17841 -1100 900 0 0 0
t 69 4062604 31 -343 12 181043 84 355 -15451 0 0 243 13615 -30270 17844 0 0 0 0 0
thdr seq now flags x y h ox oy oh vl vr i2cf cyc posl posr dutl dutr lexc wrng cycovr
t 70 4062655 31 -343 12 181043 83 354 -15200 0 0 243 13617 -30270 17844 0 0 0 0 0
t 71 4062727 31 -343 12 181043 83 354 -15200 0 0 243 13620 -30270 17844 0 0 0 0 0
t 72 4062799 31 -343 12 181043 83 354 -15199 0 0 243 13623 -30270 17844 0 0 0 0 0
t 73 4062871 31 -343 12 181043 83 354 -15199 0 0 243 13626 -30270 17844 0 0 0 0 0
t 74 4062943 31 -343 12 181043 83 354 -15199 0 0 243 13629 -30270 17844 0 0 0 0 0
t 75 4063015 31 -343 12 181043 83 354 -15198 0 0 243 13632 -30270 17844 0 0 0 0 0
t 76 4063087 31 -343 12 181043 83 354 -15198 0 0 243 13635 -30270 17844 0 0 0 0 0
t 77 4063159 31 -343 12 181043 83 354 -15198 0 0 243 13638 -30270 17844 0 0 0 0 0
t 78 4063231 31 -343 12 181043 83 354 -15198 0 0 243 13641 -30270 17844 0 0 0 0 0
t 79 4063303 31 -343 12 181043 83 354 -15198 0 0 243 13644 -30270 17844 0 0 0 0 0
t 80 4063375 31 -343 12 181043 83 354 -15197 0 0 243 13647 -30270 17844 0 0 0 0 0
t 81 4063447 31 -343 12 181043 83 354 -15197 0 0 243 13650 -30270 17844 0 0 0 0 0
t 82 4063519 31 -343 12 181043 83 354 -15197 0 0 243 13653 -30270 17844 0 0 0 0 0
t 83 4063591 31 -343 12 181043 83 354 -15197 0 0 243 13656 -30270 17844 0 0 0 0 0
t 84 4063663 31 -343 12 181043 83 354 -15197 0 0 243 13659 -30270 17844 0 0 0 0 0
t 85 4063735 31 -343 12 181043 83 354 -15197 0 0 243 13662 -30270 17844 0 0 0 0 0
t 86 4063807 31 -343 12 181043 83 354 -15197 0 0 243 13665 -30270 17844 0 0 0 0 0
t 87 4063879 31 -343 12 181043 83 354 -15197 0 0 243 13668 -30270 17844 0 0 0 0 0
t 88 4063951 31 -343 12 181043 83 354 -15197 0 0 243 13671 -30270 17844 0 0 0 0 0
thdr seq now flags x y h ox oy oh vl vr i2cf cyc posl posr dutl dutr lexc wrng cycovr
t 89 4064023 31 -343 12 181043 83 354 -15197 0 0 243 13674 -30270 17844 0 0 0 0 0
t 90 4064095 31 -343 12 181043 83 354 -15197 0 0 243 13677 -30270 17844 0 0 0 0 0
t 91 4064167 31 -343 12 181043 83 354 -15197 0 0 243 13680 -30270 17844 0 0 0 0 0
t 92 4064239 31 -343 12 181043 83 354 -15197 0 0 243 13683 -30270 17844 0 0 0 0 0
t 93 4064311 31 -343 12 181043 83 354 -15197 0 0 243 13686 -30270 17844 0 0 0 0 0
t 94 4064383 31 -343 12 181043 83 354 -15196 0 0 243 13689 -30270 17844 0 0 0 0 0
t 95 4064455 31 -343 12 181043 83 354 -15196 0 0 243 13692 -30270 17844 0 0 0 0 0
t 96 4064527 31 -343 12 181043 83 354 -15196 0 0 243 13695 -30270 17844 0 0 0 0 0
t 97 4064599 31 -343 12 181043 83 354 -15196 0 0 243 13698 -30270 17844 0 0 0 0 0
t 98 4064671 31 -343 12 181043 83 354 -15196 0 0 243 13701 -30270 17844 0 0 0 0 0
t 99 4064743 31 -343 12 181043 83 354 -15196 0 0 243 13704 -30270 17844 0 0 0 0 0
t 100 4064815 31 -343 12 181043 83 354 -15196 0 0 243 13707 -30270 17844 0 0 0 0 0
t 101 4064887 31 -343 12 181043 83 354 -15196 0 0 243 13710 -30270 17844 0 0 0 0 0
t 102 4064959 31 -343 12 181043 83 354 -15196 0 0 243 13713 -30270 17844 0 0 0 0 0
t 103 4065031 31 -343 12 181043 83 354 -15195 0 0 243 13716 -30270 17844 0 0 0 0 0
t 104 4065103 31 -343 12 181043 83 354 -15195 0 0 243 13719 -30270 17844 0 0 0 0 0
t 105 4065175 31 -343 12 181043 83 354 -15195 0 0 243 13722 -30270 17844 0 0 0 0 0
t 106 4065247 31 -343 12 181043 83 354 -15195 0 0 243 13725 -30270 17844 0 0 0 0 0
t 107 4065319 31 -343 12 181043 83 354 -15195 0 0 243 13728 -30270 17844 0 0 0 0 0
thdr seq now flags x y h ox oy oh vl vr i2cf cyc posl posr dutl dutr lexc wrng cycovr
t 108 4065391 31 -343 12 181043 83 354 -15195 0 0 243 13731 -30270 17844 0 0 0 0 0
t 109 4065463 31 -343 12 181043 83 354 -15195 0 0 243 13734 -30270 17844 0 0 0 0 0
t 110 4065535 31 -343 12 181043 83 354 -15195 0 0 243 13737 -30270 17844 0 0 0 0 0
t 111 4065607 31 -343 12 181043 83 354 -15194 0 0 243 13740 -30270 17844 0 0 0 0 0
t 112 4065679 31 -343 12 181043 83 354 -15194 0 0 243 13743 -30270 17844 0 0 0 0 0
t 113 4065751 31 -343 12 181043 83 354 -15194 0 0 243 13746 -30270 17844 0 0 0 0 0
t 114 4065823 31 -343 12 181043 83 354 -15194 0 0 243 13749 -30270 17844 0 0 0 0 0
t 115 4065895 31 -343 12 181043 83 354 -15194 0 0 243 13752 -30270 17844 0 0 0 0 0
t 116 4065967 31 -343 12 181043 83 354 -15194 0 0 243 13755 -30270 17844 0 0 0 0 0
t 117 4066039 31 -343 12 181043 83 354 -15194 0 0 243 13758 -30270 17844 0 0 0 0 0
t 118 4066111 31 -343 12 181043 83 354 -15194 0 0 243 13761 -30270 17844 0 0 0 0 0
t 119 4066183 31 -343 12 181043 83 354 -15194 0 0 243 13764 -30270 17844 0 0 0 0 0
t 120 4066255 31 -343 12 181043 83 354 -15194 0 0 243 13767 -30270 17844 0 0 0 0 0
t 121 4066311 31 -343 12 181043 83 354 -15194 0 0 243 13767 -30270 17844 0 0 0 0 0
t 122 4066367 31 -343 12 181043 83 354 -15193 0 0 243 13767 -30270 17844 0 0 0 0 0
t 123 4066423 31 -343 12 181043 83 354 -15193 0 0 243 13767 -30270 17844 0 0 0 0 0
t 124 4066479 31 -343 12 181043 83 354 -15193 0 0 243 13767 -30270 17844 0 0 0 0 0
t 125 4066535 31 -343 12 181043 83 354 -15193 0 0 243 13767 -30270 17844 0 0 0 0 0
t 126 4066591 31 -343 12 181043 83 354 -15193 0 0 243 13767 -30270 17844 0 0 0 0 0
thdr seq now flags x y h ox oy oh vl vr i2cf cyc posl posr dutl dutr lexc wrng cycovr
t 127 4066647 31 -343 12 181043 83 354 -15193 0 0 243 13767 -30270 17844 0 0 0 0 0
t 0 4066699 31 -343 12 181043 83 354 -15193 0 0 243 13767 -30270 17844 0 0 0 0 0
t 1 4066755 31 -343 12 181043 83 354 -15193 0 0 243 13767 -30270 17844 0 0 0 0 0
t 2 4066811 31 -343 12 181043 83 354 -15192 0 0 243 13767 -30270 17844 0 0 0 0 0
t 3 4066867 31 -343 12 181043 83 354 -15192 0 0 243 13767 -30270 17844 0 0 0 0 0
t 4 4066923 31 -343 12 181043 83 354 -15192 0 0 243 13767 -30270 17844 0 0 0 0 0
t 5 4066979 31 -343 12 181043 83 354 -15192 0 0 243 13767 -30270 17844 0 0 0 0 0
t 6 4067035 31 -343 12 181043 83 354 -15192 0 0 243 13767 -30270 17844 0 0 0 0 0
t 7 4067091 31 -343 12 181043 83 354 -15192 0 0 243 13767 -30270 17844 0 0 0 0 0
t 8 4067147 31 -343 12 181043 83 354 -15192 0 0 243 13767 -30270 17844 0 0 0 0 0
t 9 4067203 31 -343 12 181043 83 354 -15192 0 0 243 13767 -30270 17844 0 0 0 0 0
t 10 4067259 31 -343 12 181043 83 354 -15192 0 0 243 13767 -30270 17844 0 0 0 0 0
t 11 4067315 31 -343 12 181043 83 354 -15192 0 0 243 13767 -30270 17844 0 0 0 0 0
t 12 4067371 31 -343 12 181043 83 354 -15191 0 0 243 13767 -30270 17844 0 0 0 0 0
t 13 4067427 31 -343 12 181043 83 354 -15191 0 0 243 13767 -30270 17844 0 0 0 0 0
t 14 4067483 31 -343 12 181043 83 354 -15191 0 0 243 13767 -30270 17844 0 0 0 0 0
t 15 4067539 31 -343 12 181043 83 354 -15191 0 0 243 13767 -30270 17844 0 0 0 0 0
t 16 4067595 31 -343 12 181043 83 354 -15191 0 0 243 13767 -30270 17844 0 0 0 0 0
t 17 4067651 31 -343 12 181043 83 354 -15191 0 0 243 13767 -30270 17844 0 0 0 0 0
thdr seq now flags x y h ox oy oh vl vr i2cf cyc posl posr dutl dutr lexc wrng cycovr
t 18 4067707 31 -343 12 181043 83 354 -15191 0 0 243 13767 -30270 17844 0 0 0 0 0
t 19 4067759 31 -343 12 181043 83 354 -15191 0 0 243 13767 -30270 17844 0 0 0 0 0
t 20 4067815 31 -343 12 181043 83 354 -15190 0 0 243 13767 -30270 17844 0 0 0 0 0
ack 33 32 timeout
pose after (23.18,-15.24,148.50)  got=+92.47  want=+90.0  err=+2.47  ack=True
--- pivot 12 (-90): pose before (23.14,-15.26,148.25) ---
DBG:wifi state=0 ip=- peer=-:0 tcp=0/0 to=4 restarts=0 sent=0 rx=0 drop=0 mdns=0/0 cmd= reply=
ack 34 32 timeout
t 21 4072295 31 -343 12 181043 83 354 -15181 0 0 243 13767 -30270 17844 0 0 0 0 0
t 22 4072351 31 -343 12 181043 83 354 -15181 0 0 243 13767 -30270 17844 0 0 0 0 0
t 23 4072407 31 -343 12 181043 83 354 -15181 0 0 243 13767 -30270 17844 0 0 0 0 0
t 24 4072463 31 -343 12 181043 83 354 -15181 0 0 243 13767 -30270 17844 0 0 0 0 0
t 25 4072519 31 -343 12 181043 83 354 -15181 0 0 243 13767 -30270 17844 0 0 0 0 0
t 26 4072575 31 -343 12 181043 83 354 -15181 0 0 243 13767 -30270 17844 0 0 0 0 0
t 27 4072631 31 -343 12 181043 83 354 -15181 0 0 243 13767 -30270 17844 0 0 0 0 0
t 28 4072687 31 -343 12 181043 83 354 -15181 0 0 243 13767 -30270 17844 0 0 0 0 0
t 29 4072743 31 -343 12 181043 83 354 -15181 0 0 243 13767 -30270 17844 0 0 0 0 0
ack 35 32 timeout
t 30 4072811 31 -343 12 181043 83 354 -15181 0 0 243 13769 -30270 17844 300 -300 0 0 0
t 31 4072883 31 -343 12 181001 83 354 -15181 7 0 245 13772 -30259 17844 1000 -900 0 0 0
t 32 4072955 31 -343 12 180768 84 354 -15308 46 -36 245 13775 -30225 17816 2000 -1900 0 0 0
t 33 4073027 31 -342 12 180204 84 354 -15308 128 -82 245 13778 -30136 17755 2600 -2600 0 0 0
t 34 4073099 31 -340 12 179244 83 356 -16550 154 -128 245 13781 -29992 17644 2200 -2300 0 0 0
t 35 4073171 31 -339 12 178168 83 356 -16550 164 -125 245 13784 -29836 17514 1700 -1800 0 0 0
t 36 4073243 31 -339 12 177310 81 358 17627 108 -112 245 13787 -29717 17405 1200 -1400 0 0 0
thdr seq now flags x y h ox oy oh vl vr i2cf cyc posl posr dutl dutr lexc wrng cycovr
t 37 4073315 31 -339 11 176663 80 359 16345 98 -76 245 13790 -29623 17327 1100 -1400 0 0 0
t 38 4073387 31 -338 11 176170 80 359 16345 70 -79 245 13793 -29553 17266 1300 -1700 0 0 0
t 39 4073459 31 -338 11 175617 80 360 15520 82 -82 245 13796 -29478 17194 1600 -2000 0 0 0
t 40 4073531 31 -338 11 174928 80 361 14446 99 -102 245 13799 -29384 17105 1700 -2000 0 0 0
t 41 4073603 31 -338 11 174123 80 361 14446 135 -121 245 13802 -29273 17002 1700 -2000 0 0 0
t 42 4073675 31 -338 11 173329 80 363 13054 118 -118 245 13805 -29167 16897 900 -1400 0 0 0
t 43 4073747 31 -338 11 172806 80 364 11947 52 -56 245 13808 -29098 16827 300 -400 0 0 0
t 44 4073823 31 -338 11 172637 80 364 11947 0 0 245 13812 -29075 16805 0 0 0 0 0
t 45 4073895 31 -338 11 172637 80 364 11784 0 0 245 13815 -29075 16805 0 0 0 0 0
t 46 4073967 31 -338 11 172637 80 364 11784 0 0 245 13818 -29075 16805 0 0 0 0 0
t 47 4074039 31 -338 11 172637 80 364 11785 0 0 245 13821 -29075 16805 0 0 0 0 0
t 48 4074111 31 -338 11 172637 80 364 11785 0 0 245 13824 -29075 16805 0 0 0 0 0
t 49 4074183 31 -338 11 172637 80 364 11785 0 0 245 13827 -29075 16805 0 0 0 0 0
t 50 4074255 31 -338 11 172637 80 364 11785 0 0 245 13830 -29075 16805 0 0 0 0 0
t 51 4074327 31 -338 11 172637 80 364 11785 0 0 245 13833 -29075 16805 0 0 0 0 0
t 52 4074399 31 -338 11 172637 80 364 11785 0 0 245 13836 -29075 16805 0 0 0 0 0
t 53 4074471 31 -338 11 172637 80 364 11786 0 0 245 13839 -29075 16805 0 0 0 0 0
t 54 4074543 31 -338 11 172637 80 364 11786 0 0 245 13842 -29075 16805 0 0 0 0 0
t 55 4074615 31 -338 11 172637 80 364 11786 0 0 245 13845 -29075 16805 0 0 0 0 0
thdr seq now flags x y h ox oy oh vl vr i2cf cyc posl posr dutl dutr lexc wrng cycovr
t 56 4074687 31 -338 11 172637 80 364 11786 0 0 245 13848 -29075 16805 0 0 0 0 0
t 57 4074759 31 -338 11 172637 80 364 11786 0 0 245 13851 -29075 16805 0 0 0 0 0
t 58 4074831 31 -338 11 172637 80 364 11786 0 0 245 13854 -29075 16805 0 0 0 0 0
t 59 4074903 31 -338 11 172637 80 364 11786 0 0 245 13857 -29075 16805 0 0 0 0 0
t 60 4074975 31 -338 11 172637 80 364 11786 0 0 245 13860 -29075 16805 0 0 0 0 0
t 61 4075047 31 -338 11 172637 80 364 11786 0 0 245 13863 -29075 16805 0 0 0 0 0
t 62 4075119 31 -338 11 172637 80 364 11786 0 0 245 13866 -29075 16805 0 0 0 0 0
t 63 4075191 31 -338 11 172637 80 364 11786 0 0 245 13869 -29075 16805 0 0 0 0 0
t 64 4075263 31 -338 11 172637 80 364 11787 0 0 245 13872 -29075 16805 0 0 0 0 0
t 65 4075335 31 -338 11 172637 80 364 11787 0 0 245 13875 -29075 16805 0 0 0 0 0
t 66 4075407 31 -338 11 172637 80 364 11787 0 0 245 13878 -29075 16805 0 0 0 0 0
t 67 4075479 31 -338 11 172637 80 364 11787 0 0 245 13881 -29075 16805 0 0 0 0 0
t 68 4075551 31 -338 11 172637 80 364 11788 0 0 245 13884 -29075 16805 0 0 0 0 0
t 69 4075623 31 -338 11 172637 80 364 11788 0 0 245 13887 -29075 16805 0 0 0 0 0
t 70 4075695 31 -338 11 172637 80 364 11788 0 0 245 13890 -29075 16805 0 0 0 0 0
t 71 4075767 31 -338 11 172637 80 364 11788 0 0 245 13893 -29075 16805 0 0 0 0 0
t 72 4075839 31 -338 11 172637 80 364 11788 0 0 245 13896 -29075 16805 0 0 0 0 0
t 73 4075911 31 -338 11 172637 80 364 11788 0 0 245 13899 -29075 16805 0 0 0 0 0
t 74 4075983 31 -338 11 172637 80 364 11788 0 0 245 13902 -29075 16805 0 0 0 0 0
thdr seq now flags x y h ox oy oh vl vr i2cf cyc posl posr dutl dutr lexc wrng cycovr
t 75 4076055 31 -338 11 172637 80 364 11788 0 0 245 13905 -29075 16805 0 0 0 0 0
t 76 4076127 31 -338 11 172637 80 364 11788 0 0 245 13908 -29075 16805 0 0 0 0 0
t 77 4076199 31 -338 11 172637 80 364 11788 0 0 245 13911 -29075 16805 0 0 0 0 0
t 78 4076271 31 -338 11 172637 80 364 11789 0 0 245 13914 -29075 16805 0 0 0 0 0
t 79 4076343 31 -338 11 172637 80 364 11789 0 0 245 13917 -29075 16805 0 0 0 0 0
t 80 4076415 31 -338 11 172637 80 364 11789 0 0 245 13920 -29075 16805 0 0 0 0 0
t 81 4076487 31 -338 11 172637 80 364 11789 0 0 245 13923 -29075 16805 0 0 0 0 0
t 82 4076559 31 -338 11 172637 80 364 11789 0 0 245 13926 -29075 16805 0 0 0 0 0
t 83 4076631 31 -338 11 172637 80 364 11789 0 0 245 13929 -29075 16805 0 0 0 0 0
t 84 4076703 31 -338 11 172637 80 364 11789 0 0 245 13932 -29075 16805 0 0 0 0 0
t 85 4076775 31 -338 11 172637 80 364 11790 0 0 245 13935 -29075 16805 0 0 0 0 0
t 86 4076847 31 -338 11 172637 80 364 11790 0 0 245 13938 -29075 16805 0 0 0 0 0
t 87 4076919 31 -338 11 172637 80 364 11790 0 0 245 13941 -29075 16805 0 0 0 0 0
t 88 4076991 31 -338 11 172637 80 364 11790 0 0 245 13944 -29075 16805 0 0 0 0 0
t 89 4077063 31 -338 11 172637 80 364 11790 0 0 245 13947 -29075 16805 0 0 0 0 0
t 90 4077135 31 -338 11 172637 80 364 11790 0 0 245 13950 -29075 16805 0 0 0 0 0
t 91 4077207 31 -338 11 172637 80 364 11790 0 0 245 13953 -29075 16805 0 0 0 0 0
t 92 4077279 31 -338 11 172637 80 364 11790 0 0 245 13956 -29075 16805 0 0 0 0 0
t 93 4077351 31 -338 11 172637 80 364 11790 0 0 245 13959 -29075 16805 0 0 0 0 0
thdr seq now flags x y h ox oy oh vl vr i2cf cyc posl posr dutl dutr lexc wrng cycovr
t 94 4077423 31 -338 11 172637 80 364 11790 0 0 245 13962 -29075 16805 0 0 0 0 0
t 95 4077495 31 -338 11 172637 80 364 11791 0 0 245 13965 -29075 16805 0 0 0 0 0
t 96 4077567 31 -338 11 172637 80 364 11791 0 0 245 13968 -29075 16805 0 0 0 0 0
t 97 4077639 31 -338 11 172637 80 364 11791 0 0 245 13971 -29075 16805 0 0 0 0 0
t 98 4077711 31 -338 11 172637 80 364 11791 0 0 245 13974 -29075 16805 0 0 0 0 0
t 99 4077767 31 -338 11 172637 80 364 11791 0 0 245 13976 -29075 16805 0 0 0 0 0
t 100 4077823 31 -338 11 172637 80 364 11791 0 0 245 13976 -29075 16805 0 0 0 0 0
t 101 4077879 31 -338 11 172637 80 364 11791 0 0 245 13976 -29075 16805 0 0 0 0 0
t 102 4077935 31 -338 11 172637 80 364 11791 0 0 245 13976 -29075 16805 0 0 0 0 0
t 103 4077991 31 -338 11 172637 80 364 11791 0 0 245 13976 -29075 16805 0 0 0 0 0
t 104 4078047 31 -338 11 172637 80 364 11792 0 0 245 13976 -29075 16805 0 0 0 0 0
t 105 4078103 31 -338 11 172637 80 364 11792 0 0 245 13976 -29075 16805 0 0 0 0 0
t 106 4078159 31 -338 11 172637 80 364 11792 0 0 245 13976 -29075 16805 0 0 0 0 0
t 107 4078215 31 -338 11 172637 80 364 11792 0 0 245 13976 -29075 16805 0 0 0 0 0
t 108 4078271 31 -338 11 172637 80 364 11793 0 0 245 13976 -29075 16805 0 0 0 0 0
t 109 4078327 31 -338 11 172637 80 364 11793 0 0 245 13976 -29075 16805 0 0 0 0 0
t 110 4078383 31 -338 11 172637 80 364 11793 0 0 245 13976 -29075 16805 0 0 0 0 0
t 111 4078439 31 -338 11 172637 80 364 11793 0 0 245 13976 -29075 16805 0 0 0 0 0
t 112 4078495 31 -338 11 172637 80 364 11793 0 0 245 13976 -29075 16805 0 0 0 0 0
thdr seq now flags x y h ox oy oh vl vr i2cf cyc posl posr dutl dutr lexc wrng cycovr
t 113 4078551 31 -338 11 172637 80 364 11793 0 0 245 13976 -29075 16805 0 0 0 0 0
t 114 4078603 31 -338 11 172637 80 364 11793 0 0 245 13976 -29075 16805 0 0 0 0 0
t 115 4078659 31 -338 11 172637 80 364 11793 0 0 245 13976 -29075 16805 0 0 0 0 0
t 116 4078715 31 -338 11 172637 80 364 11794 0 0 245 13976 -29075 16805 0 0 0 0 0
t 117 4078771 31 -338 11 172637 80 364 11794 0 0 245 13976 -29075 16805 0 0 0 0 0
t 118 4078827 31 -338 11 172637 80 364 11794 0 0 245 13976 -29075 16805 0 0 0 0 0
t 119 4078883 31 -338 11 172637 80 364 11794 0 0 245 13976 -29075 16805 0 0 0 0 0
t 120 4078939 31 -338 11 172637 80 364 11794 0 0 245 13976 -29075 16805 0 0 0 0 0
t 121 4078995 31 -338 11 172637 80 364 11794 0 0 245 13976 -29075 16805 0 0 0 0 0
t 122 4079051 31 -338 11 172637 80 364 11794 0 0 245 13976 -29075 16805 0 0 0 0 0
t 123 4079107 31 -338 11 172637 80 364 11794 0 0 245 13976 -29075 16805 0 0 0 0 0
t 124 4079163 31 -338 11 172637 80 364 11795 0 0 245 13976 -29075 16805 0 0 0 0 0
t 125 4079219 31 -338 11 172637 80 364 11795 0 0 245 13976 -29075 16805 0 0 0 0 0
t 126 4079275 31 -338 11 172637 80 364 11795 0 0 245 13976 -29075 16805 0 0 0 0 0
ack 36 35 timeout
pose after (22.01,-14.99,59.10)  got=-89.15  want=-90.0  err=+0.85  ack=True
STATUS post: status ready=1 active=0 connL=1 connR=1 otos=1 wedge=0 flags=31 i2cf=245 cyc=13976 tlm=off next=37 done=35 reason=timeout
