1787956609.089 >>> HELLO
1787956609.106 device NEZHA2 robot gopiv 2175407711
1787956610.110 >>> SET pid_ki 0 #1
1787956610.130 ack 1 11 timeout
1787956610.630 >>> SET pid_i_max 0 #2
1787956610.645 ack 2 11 timeout
1787956611.147 >>> SET twist_hold_gain 0 #3
1787956611.164 ack 3 11 timeout
1787956611.667 >>> SET stall_speed 1000000 #4
1787956611.690 ack 4 11 timeout
1787956612.191 >>> SET stall_demand 1 #5
1787956612.204 ack 5 11 timeout
1787956612.706 >>> SET stall_window 0 #6
1787956612.727 ack 6 11 timeout
1787956613.229 >>> GET pid_ki #7
1787956613.245 ack 7 11 timeout
1787956613.245 get pid_ki 0.000000
1787956614.249 >>> GET pid_i_max #8
1787956614.270 ack 8 11 timeout
1787956614.270 get pid_i_max 0.000000
1787956615.274 >>> GET twist_hold_gain #9
1787956615.286 ack 9 11 timeout
1787956615.286 get twist_hold_gain 0.000000
1787956616.288 >>> TLM FULL #10
1787956616.308 ack 10 11 timeout
1787956616.339 t 41 1287207 31 907 771 -6051 0 0 0 -775 -764 0 521 3544 1936 -10000 -10000 0 0 0
1787956616.395 t 42 1287259 31 907 771 -6051 0 0 0 -775 -764 0 521 3544 1936 -10000 -10000 0 0 0
1787956616.445 t 43 1287311 31 907 771 -6051 0 0 0 -775 -764 0 521 3544 1936 -10000 -10000 0 0 0
1787956616.494 t 44 1287363 31 907 771 -6051 0 0 0 -775 -764 0 521 3544 1936 -10000 -10000 0 0 0
1787956616.549 t 45 1287415 31 907 771 -6051 0 0 0 -775 -764 0 521 3544 1936 -10000 -10000 0 0 0
1787956616.599 t 46 1287467 31 907 771 -6051 0 0 0 -775 -764 0 521 3544 1936 -10000 -10000 0 0 0
1787956616.651 t 47 1287519 31 907 771 -6051 0 0 0 -775 -764 0 521 3544 1936 -10000 -10000 0 0 0
1787956616.702 t 48 1287571 31 907 771 -6051 0 0 0 -775 -764 0 521 3544 1936 -10000 -10000 0 0 0
1787956616.756 t 49 1287623 31 907 771 -6051 0 0 0 -775 -764 0 521 3544 1936 -10000 -10000 0 0 0
1787956616.807 t 50 1287675 31 907 771 -6051 0 0 0 -775 -764 0 521 3544 1936 -10000 -10000 0 0 0
1787956616.858 t 51 1287727 31 907 771 -6051 0 0 0 -775 -764 0 521 3544 1936 -10000 -10000 0 0 0
1787956616.912 t 52 1287779 31 907 771 -6051 0 0 0 -775 -764 0 521 3544 1936 -10000 -10000 0 0 0
1787956616.964 t 53 1287831 31 907 771 -6051 0 0 0 -775 -764 0 521 3544 1936 -10000 -10000 0 0 0
1787956617.014 t 54 1287883 31 907 771 -6051 0 0 0 -775 -764 0 521 3544 1936 -10000 -10000 0 0 0
1787956617.066 thdr seq now flags x y h ox oy oh vl vr i2cf cyc posl posr dutl dutr lexc wrng cycovr
1787956617.074 t 55 1287935 31 907 771 -6051 0 0 0 -775 -764 0 521 3544 1936 -10000 -10000 0 0 0
1787956617.121 t 56 1287987 31 907 771 -6051 0 0 0 -775 -764 0 521 3544 1936 -10000 -10000 0 0 0
1787956617.171 t 57 1288039 31 907 771 -6051 0 0 0 -775 -764 0 521 3544 1936 -10000 -10000 0 0 0
1787956617.224 t 58 1288091 31 907 771 -6051 0 0 0 -775 -764 0 521 3544 1936 -10000 -10000 0 0 0
1787956617.276 t 59 1288143 31 907 771 -6051 0 0 0 -775 -764 0 521 3544 1936 -10000 -10000 0 0 0
1787956617.322 === BIAS RESET FWD 5%
1787956617.323 >>> SET stall_window 50 #11
1787956617.327 t 60 1288195 31 907 771 -6051 0 0 0 -775 -764 0 521 3544 1936 -10000 -10000 0 0 0
1787956617.332 ack 11 11 timeout
1787956617.378 t 61 1288247 31 907 771 -6051 0 0 0 -775 -764 0 521 3544 1936 -10000 -10000 0 0 0
1787956617.430 t 62 1288299 31 907 771 -6051 0 0 0 -775 -764 0 521 3544 1936 -10000 -10000 0 0 0
1787956617.482 t 63 1288351 31 907 771 -6051 0 0 0 -775 -764 0 521 3544 1936 -10000 -10000 0 0 0
1787956617.536 t 64 1288403 31 907 771 -6051 0 0 0 -775 -764 0 521 3544 1936 -10000 -10000 0 0 0
1787956617.586 t 65 1288455 31 907 771 -6051 0 0 0 -775 -764 0 521 3544 1936 -10000 -10000 0 0 0
1787956617.639 t 66 1288507 31 907 771 -6051 0 0 0 -775 -764 0 521 3544 1936 -10000 -10000 0 0 0
1787956617.692 t 67 1288559 31 907 771 -6051 0 0 0 -775 -764 0 521 3544 1936 -10000 -10000 0 0 0
1787956617.742 t 68 1288611 31 907 771 -6051 0 0 0 -775 -764 0 521 3544 1936 -10000 -10000 0 0 0
1787956617.795 t 69 1288663 31 907 771 -6051 0 0 0 -775 -764 0 521 3544 1936 -10000 -10000 0 0 0
1787956617.844 >>> WHEELS_V 40 40 300 #12
1787956617.847 t 70 1288715 31 907 771 -6051 0 0 0 -775 -764 0 521 3544 1936 -10000 -10000 0 0 0
1787956617.859 ack 12 11 timeout
1787956617.916 t 71 1288785 31 799 917 -4647 0 0 0 6 0 0 523 1052 -183 300 300 0 0 0
1787956617.988 t 72 1288857 35 800 916 -4692 0 0 0 10 7 0 526 1072 -175 0 0 0 0 0
1787956618.059 t 73 1288929 35 800 916 -4692 0 0 0 0 0 0 529 1072 -175 0 0 0 0 0
1787956618.135 thdr seq now flags x y h ox oy oh vl vr i2cf cyc posl posr dutl dutr lexc wrng cycovr
1787956618.139 t 74 1289001 35 800 916 -4692 0 0 0 0 0 0 532 1072 -175 0 0 0 0 0
1787956618.187 t 75 1289057 35 800 916 -4692 0 0 0 0 0 0 534 1072 -175 0 0 0 0 0
1787956618.243 t 76 1289113 35 800 916 -4692 0 0 0 0 0 0 534 1072 -175 0 0 0 0 0
1787956618.299 t 77 1289169 35 800 916 -4692 0 0 0 0 0 0 534 1072 -175 0 0 0 0 0
1787956618.359 t 78 1289225 35 800 916 -4692 0 0 0 0 0 0 534 1072 -175 0 0 0 0 0
1787956618.411 t 79 1289281 35 800 916 -4692 0 0 0 0 0 0 534 1072 -175 0 0 0 0 0
1787956618.468 t 80 1289337 35 800 916 -4692 0 0 0 0 0 0 534 1072 -175 0 0 0 0 0
1787956618.528 t 81 1289393 35 800 916 -4692 0 0 0 0 0 0 534 1072 -175 0 0 0 0 0
1787956618.581 t 82 1289449 35 800 916 -4692 0 0 0 0 0 0 534 1072 -175 0 0 0 0 0
1787956618.640 t 83 1289505 35 800 916 -4692 0 0 0 0 0 0 534 1072 -175 0 0 0 0 0
1787956618.695 t 84 1289561 35 800 916 -4692 0 0 0 0 0 0 534 1072 -175 0 0 0 0 0
1787956618.747 t 85 1289617 35 800 916 -4692 0 0 0 0 0 0 534 1072 -175 0 0 0 0 0
1787956618.804 t 86 1289673 35 800 916 -4692 0 0 0 0 0 0 534 1072 -175 0 0 0 0 0
1787956618.861 t 87 1289729 35 800 916 -4692 0 0 0 0 0 0 534 1072 -175 0 0 0 0 0
1787956618.915 t 88 1289785 35 800 916 -4692 0 0 0 0 0 0 534 1072 -175 0 0 0 0 0
1787956618.973 t 89 1289841 35 800 916 -4692 0 0 0 0 0 0 534 1072 -175 0 0 0 0 0
1787956619.028 t 90 1289897 35 800 916 -4692 0 0 0 0 0 0 534 1072 -175 0 0 0 0 0
1787956619.083 >>> SET stall_clear 1 #13
1787956619.085 t 91 1289953 35 800 916 -4692 0 0 0 0 0 0 534 1072 -175 0 0 0 0 0
1787956619.096 ack 13 12 stall
1787956619.142 t 92 1290009 35 800 916 -4692 0 0 0 0 0 0 534 1072 -175 0 0 0 0 0
1787956619.197 thdr seq now flags x y h ox oy oh vl vr i2cf cyc posl posr dutl dutr lexc wrng cycovr
1787956619.203 t 93 1290065 35 800 916 -4692 0 0 0 0 0 0 534 1072 -175 0 0 0 0 0
1787956619.247 t 94 1290117 35 800 916 -4692 0 0 0 0 0 0 534 1072 -175 0 0 0 0 0
1787956619.304 t 95 1290173 35 800 916 -4692 0 0 0 0 0 0 534 1072 -175 0 0 0 0 0
1787956619.359 t 96 1290229 35 800 916 -4692 0 0 0 0 0 0 534 1072 -175 0 0 0 0 0
1787956619.416 t 97 1290285 35 800 916 -4692 0 0 0 0 0 0 534 1072 -175 0 0 0 0 0
1787956619.471 t 98 1290341 35 800 916 -4692 0 0 0 0 0 0 534 1072 -175 0 0 0 0 0
1787956619.527 t 99 1290397 35 800 916 -4692 0 0 0 0 0 0 534 1072 -175 0 0 0 0 0
1787956619.584 t 100 1290453 35 800 916 -4692 0 0 0 0 0 0 534 1072 -175 0 0 0 0 0
1787956619.584 >>> SET stall_window 0 #14
1787956619.596 ack 14 12 stall
1787956619.639 t 101 1290509 35 800 916 -4692 0 0 0 0 0 0 534 1072 -175 0 0 0 0 0
1787956619.696 t 102 1290565 35 800 916 -4692 0 0 0 0 0 0 534 1072 -175 0 0 0 0 0
1787956619.758 t 103 1290621 35 800 916 -4692 0 0 0 0 0 0 534 1072 -175 0 0 0 0 0
1787956619.807 t 104 1290677 35 800 916 -4692 0 0 0 0 0 0 534 1072 -175 0 0 0 0 0
1787956619.863 t 105 1290733 35 800 916 -4692 0 0 0 0 0 0 534 1072 -175 0 0 0 0 0
1787956619.923 t 106 1290789 35 800 916 -4692 0 0 0 0 0 0 534 1072 -175 0 0 0 0 0
1787956619.975 t 107 1290845 35 800 916 -4692 0 0 0 0 0 0 534 1072 -175 0 0 0 0 0
1787956620.031 t 108 1290901 35 800 916 -4692 0 0 0 0 0 0 534 1072 -175 0 0 0 0 0
1787956620.088 === STEP FWD duty=5% v=43
1787956620.089 >>> WHEELS_V 43 43 2000 #15
1787956620.091 t 109 1290957 35 800 916 -4692 0 0 0 0 0 0 534 1072 -175 0 0 0 0 0
1787956620.101 ack 15 12 stall
1787956620.155 t 110 1291025 31 800 916 -4703 0 0 0 8 0 0 536 1075 -175 500 500 0 0 0
1787956620.231 t 111 1291097 31 800 916 -4658 0 0 0 0 16 0 539 1077 -161 500 500 0 0 0
1787956620.302 thdr seq now flags x y h ox oy oh vl vr i2cf cyc posl posr dutl dutr lexc wrng cycovr
1787956620.307 t 112 1291169 31 801 915 -4594 0 0 0 0 20 0 542 1077 -144 600 600 0 0 0
1787956620.391 t 113 1291241 31 801 915 -4530 0 0 0 0 8 0 545 1077 -127 500 500 0 0 0
1787956620.445 t 114 1291313 71 802 914 -4436 0 0 0 0 30 0 548 1077 -102 500 500 0 0 0
1787956620.516 t 115 1291385 71 803 914 -4365 0 0 0 0 36 0 551 1077 -83 500 500 0 0 0
1787956620.589 t 116 1291457 71 803 913 -4282 0 0 0 0 36 0 554 1077 -61 500 600 0 0 0
1787956620.685 t 117 1291529 71 804 912 -4188 0 0 0 0 36 0 557 1077 -36 500 500 0 0 0
1787956620.732 t 118 1291601 71 805 912 -4101 0 0 0 0 30 0 560 1077 -13 500 500 0 0 0
1787956620.803 t 119 1291673 71 805 911 -4022 0 0 0 0 26 0 563 1077 8 500 600 0 0 0
1787956620.889 t 120 1291745 71 806 911 -3951 0 0 0 0 7 0 566 1077 27 500 500 0 0 0
1787956620.951 t 121 1291817 71 807 910 -3857 0 0 0 0 26 0 569 1077 52 500 500 0 0 0
1787956621.022 t 122 1291889 71 807 910 -3763 0 0 0 0 36 0 572 1077 77 600 500 0 0 0
1787956621.094 t 123 1291961 71 808 909 -3676 0 0 0 0 30 0 575 1077 100 500 500 0 0 0
1787956621.166 t 124 1292033 71 809 908 -3593 0 0 0 0 20 0 578 1077 122 500 500 0 0 0
1787956621.236 t 125 1292105 71 809 908 -3511 0 0 0 0 20 0 581 1077 144 600 500 0 0 0
1787956621.307 t 126 1292177 71 810 907 -3428 0 0 0 0 16 0 584 1077 166 500 500 0 0 0
1787956621.380 t 127 1292249 71 811 907 -3345 0 0 0 0 16 0 587 1077 188 500 500 0 0 0
1787956621.454 t 0 1292321 71 812 906 -3259 0 0 0 0 10 0 590 1077 211 500 500 0 0 0
1787956621.525 t 1 1292393 71 812 906 -3176 0 0 0 0 10 0 593 1077 233 500 500 0 0 0
1787956621.602 t 2 1292465 71 813 906 -3093 0 0 0 0 16 0 596 1077 255 500 500 0 0 0
1787956621.672 thdr seq now flags x y h ox oy oh vl vr i2cf cyc posl posr dutl dutr lexc wrng cycovr
1787956621.674 t 3 1292537 71 814 905 -3010 0 0 0 0 16 0 599 1077 277 500 500 0 0 0
1787956621.740 t 4 1292609 71 815 905 -2924 0 0 0 0 34 0 602 1077 300 500 500 0 0 0
1787956621.812 t 5 1292681 71 815 904 -2852 0 0 0 0 26 0 605 1077 319 500 500 0 0 0
1787956621.883 t 6 1292753 71 816 904 -2769 0 0 0 0 26 0 608 1077 341 500 500 0 0 0
1787956621.955 t 7 1292825 71 817 904 -2694 0 0 0 0 36 0 611 1077 361 500 500 0 0 0
1787956622.028 t 8 1292897 71 817 903 -2634 0 0 0 0 16 0 614 1077 377 500 600 0 0 0
1787956622.100 t 9 1292969 71 818 903 -2547 0 0 0 0 20 0 617 1077 400 500 500 0 0 0
1787956622.155 t 10 1293025 71 818 903 -2529 0 0 0 0 16 0 618 1077 405 500 600 0 0 0
1787956622.216 t 11 1293083 71 818 903 -2529 0 0 0 0 16 0 618 1077 405 500 600 0 0 0
1787956622.267 t 12 1293134 71 818 903 -2529 0 0 0 0 16 0 618 1077 405 500 600 0 0 0
1787956622.319 t 13 1293189 71 818 903 -2529 0 0 0 0 16 0 618 1077 405 500 600 0 0 0
1787956622.376 t 14 1293245 71 818 903 -2529 0 0 0 0 16 0 618 1077 405 500 600 0 0 0
1787956622.432 t 15 1293301 71 818 903 -2529 0 0 0 0 16 0 618 1077 405 500 600 0 0 0
1787956622.488 t 16 1293357 71 818 903 -2529 0 0 0 0 16 0 618 1077 405 500 600 0 0 0
1787956622.547 t 17 1293413 71 818 903 -2529 0 0 0 0 16 0 618 1077 405 500 600 0 0 0
1787956622.600 t 18 1293469 71 818 903 -2529 0 0 0 0 16 0 618 1077 405 500 600 0 0 0
1787956622.656 t 19 1293525 71 818 903 -2529 0 0 0 0 16 0 618 1077 405 500 600 0 0 0
1787956622.711 t 20 1293581 71 818 903 -2529 0 0 0 0 16 0 618 1077 405 500 600 0 0 0
1787956622.769 t 21 1293637 71 818 903 -2529 0 0 0 0 16 0 618 1077 405 500 600 0 0 0
1787956622.830 === BIAS RESET FWD 10%
1787956622.830 >>> SET stall_window 50 #16
1787956622.832 thdr seq now flags x y h ox oy oh vl vr i2cf cyc posl posr dutl dutr lexc wrng cycovr
1787956622.832 t 22 1293693 71 818 903 -2529 0 0 0 0 16 0 618 1077 405 500 600 0 0 0
1787956622.841 ack 16 15 timeout
1787956622.876 t 23 1293745 71 818 903 -2529 0 0 0 0 16 0 618 1077 405 500 600 0 0 0
1787956622.932 t 24 1293801 71 818 903 -2529 0 0 0 0 16 0 618 1077 405 500 600 0 0 0
1787956622.987 t 25 1293857 71 818 903 -2529 0 0 0 0 16 0 618 1077 405 500 600 0 0 0
1787956623.049 t 26 1293914 71 818 903 -2529 0 0 0 0 16 0 618 1077 405 500 600 0 0 0
1787956623.104 t 27 1293969 71 818 903 -2529 0 0 0 0 16 0 618 1077 405 500 600 0 0 0
1787956623.161 t 28 1294025 71 818 903 -2529 0 0 0 0 16 0 618 1077 405 500 600 0 0 0
1787956623.213 t 29 1294081 71 818 903 -2529 0 0 0 0 16 0 618 1077 405 500 600 0 0 0
1787956623.267 t 30 1294137 71 818 903 -2529 0 0 0 0 16 0 618 1077 405 500 600 0 0 0
1787956623.323 t 31 1294193 71 818 903 -2529 0 0 0 0 16 0 618 1077 405 500 600 0 0 0
1787956623.378 >>> WHEELS_V 40 40 300 #17
1787956623.382 t 32 1294249 71 818 903 -2529 0 0 0 0 16 0 618 1077 405 500 600 0 0 0
1787956623.392 ack 17 15 timeout
1787956623.447 t 33 1294317 71 820 902 -2382 0 0 0 0 8 0 620 1077 444 500 500 0 0 0
1787956623.520 t 34 1294389 35 820 902 -2352 0 0 0 0 7 0 623 1077 452 0 0 0 0 0
1787956623.592 t 35 1294461 35 820 902 -2352 0 0 0 0 0 0 626 1077 452 0 0 0 0 0
1787956623.663 t 36 1294533 35 820 902 -2352 0 0 0 0 0 0 629 1077 452 0 0 0 0 0
1787956623.719 t 37 1294589 35 820 902 -2352 0 0 0 0 0 0 631 1077 452 0 0 0 0 0
1787956623.777 t 38 1294645 35 820 902 -2352 0 0 0 0 0 0 631 1077 452 0 0 0 0 0
1787956623.831 t 39 1294701 35 820 902 -2352 0 0 0 0 0 0 631 1077 452 0 0 0 0 0
1787956623.890 t 40 1294757 35 820 902 -2352 0 0 0 0 0 0 631 1077 452 0 0 0 0 0
1787956623.953 thdr seq now flags x y h ox oy oh vl vr i2cf cyc posl posr dutl dutr lexc wrng cycovr
1787956623.955 t 41 1294813 35 820 902 -2352 0 0 0 0 0 0 631 1077 452 0 0 0 0 0
1787956623.996 t 42 1294865 35 820 902 -2352 0 0 0 0 0 0 631 1077 452 0 0 0 0 0
1787956624.057 t 43 1294921 35 820 902 -2352 0 0 0 0 0 0 631 1077 452 0 0 0 0 0
1787956624.107 t 44 1294977 35 820 902 -2352 0 0 0 0 0 0 631 1077 452 0 0 0 0 0
1787956624.163 t 45 1295033 35 820 902 -2352 0 0 0 0 0 0 631 1077 452 0 0 0 0 0
1787956624.220 t 46 1295089 35 820 902 -2352 0 0 0 0 0 0 631 1077 452 0 0 0 0 0
1787956624.277 t 47 1295145 35 820 902 -2352 0 0 0 0 0 0 631 1077 452 0 0 0 0 0
1787956624.331 t 48 1295201 35 820 902 -2352 0 0 0 0 0 0 631 1077 452 0 0 0 0 0
1787956624.387 t 49 1295257 35 820 902 -2352 0 0 0 0 0 0 631 1077 452 0 0 0 0 0
1787956624.443 t 50 1295313 35 820 902 -2352 0 0 0 0 0 0 631 1077 452 0 0 0 0 0
1787956624.500 t 51 1295369 35 820 902 -2352 0 0 0 0 0 0 631 1077 452 0 0 0 0 0
1787956624.555 t 52 1295425 35 820 902 -2352 0 0 0 0 0 0 631 1077 452 0 0 0 0 0
1787956624.613 t 53 1295481 35 820 902 -2352 0 0 0 0 0 0 631 1077 452 0 0 0 0 0
1787956624.670 >>> SET stall_clear 1 #18
1787956624.678 t 54 1295537 35 820 902 -2352 0 0 0 0 0 0 631 1077 452 0 0 0 0 0
1787956624.693 ack 18 17 stall
1787956624.723 t 55 1295593 35 820 902 -2352 0 0 0 0 0 0 631 1077 452 0 0 0 0 0
1787956624.781 t 56 1295649 35 820 902 -2352 0 0 0 0 0 0 631 1077 452 0 0 0 0 0
1787956624.837 t 57 1295705 35 820 902 -2352 0 0 0 0 0 0 631 1077 452 0 0 0 0 0
1787956624.891 t 58 1295761 35 820 902 -2352 0 0 0 0 0 0 631 1077 452 0 0 0 0 0
1787956624.948 t 59 1295817 35 820 902 -2352 0 0 0 0 0 0 631 1077 452 0 0 0 0 0
1787956625.006 thdr seq now flags x y h ox oy oh vl vr i2cf cyc posl posr dutl dutr lexc wrng cycovr
1787956625.011 t 60 1295873 35 820 902 -2352 0 0 0 0 0 0 631 1077 452 0 0 0 0 0
1787956625.055 t 61 1295925 35 820 902 -2352 0 0 0 0 0 0 631 1077 452 0 0 0 0 0
1787956625.111 t 62 1295981 35 820 902 -2352 0 0 0 0 0 0 631 1077 452 0 0 0 0 0
1787956625.167 t 63 1296037 35 820 902 -2352 0 0 0 0 0 0 631 1077 452 0 0 0 0 0
1787956625.222 >>> SET stall_window 0 #19
1787956625.228 t 64 1296093 35 820 902 -2352 0 0 0 0 0 0 631 1077 452 0 0 0 0 0
1787956625.235 ack 19 17 stall
1787956625.286 t 65 1296149 35 820 902 -2352 0 0 0 0 0 0 631 1077 452 0 0 0 0 0
1787956625.336 t 66 1296205 35 820 902 -2352 0 0 0 0 0 0 631 1077 452 0 0 0 0 0
1787956625.391 t 67 1296261 35 820 902 -2352 0 0 0 0 0 0 631 1077 452 0 0 0 0 0
1787956625.447 t 68 1296317 35 820 902 -2352 0 0 0 0 0 0 631 1077 452 0 0 0 0 0
1787956625.503 t 69 1296373 35 820 902 -2352 0 0 0 0 0 0 631 1077 452 0 0 0 0 0
1787956625.562 t 70 1296429 35 820 902 -2352 0 0 0 0 0 0 631 1077 452 0 0 0 0 0
1787956625.615 t 71 1296485 35 820 902 -2352 0 0 0 0 0 0 631 1077 452 0 0 0 0 0
1787956625.671 t 72 1296541 35 820 902 -2352 0 0 0 0 0 0 631 1077 452 0 0 0 0 0
1787956625.725 === STEP FWD duty=10% v=85
1787956625.725 >>> WHEELS_V 85 85 2000 #20
1787956625.727 t 73 1296597 35 820 902 -2352 0 0 0 0 0 0 631 1077 452 0 0 0 0 0
1787956625.740 ack 20 17 stall
1787956625.799 t 74 1296665 31 820 902 -2363 0 0 0 17 8 0 633 1083 455 1000 1000 0 0 0
1787956625.867 t 75 1296737 31 823 901 -2363 0 0 0 52 36 0 636 1116 488 1000 1000 0 0 0
1787956625.939 t 76 1296809 31 827 899 -2386 0 0 0 56 53 0 639 1172 538 1000 1000 0 0 0
1787956626.012 t 77 1296881 31 831 897 -2446 0 0 0 72 53 0 642 1238 588 1000 1000 0 0 0
1787956626.084 t 78 1296953 31 835 895 -2529 0 0 0 72 46 0 645 1305 633 1000 1000 0 0 0
1787956626.156 thdr seq now flags x y h ox oy oh vl vr i2cf cyc posl posr dutl dutr lexc wrng cycovr
1787956626.167 t 79 1297025 31 839 893 -2581 0 0 0 72 66 0 648 1372 686 1000 1000 0 0 0
1787956626.228 t 80 1297097 31 843 891 -2664 0 0 0 79 70 0 651 1444 736 1100 1000 0 0 0
1787956626.299 t 81 1297169 31 848 889 -2769 0 0 0 72 46 0 654 1519 783 1000 1000 0 0 0
1787956626.374 t 82 1297241 31 852 887 -2875 0 0 0 82 62 0 657 1594 830 1000 1000 0 0 0
1787956626.445 t 83 1297313 31 856 884 -3022 0 0 0 102 46 0 660 1675 872 1000 1000 0 0 0
1787956626.516 t 84 1297385 31 860 882 -3138 0 0 0 92 52 0 663 1750 916 1000 1000 0 0 0
1787956626.588 t 85 1297457 31 865 879 -3251 0 0 0 92 62 0 666 1833 969 1000 1000 0 0 0
1787956626.660 t 86 1297529 31 869 876 -3398 0 0 0 92 43 0 669 1916 1013 1000 1000 0 0 0
1787956626.731 t 87 1297601 31 873 873 -3533 0 0 0 92 56 0 672 2000 1061 1000 1000 0 0 0
1787956626.806 t 88 1297673 31 877 870 -3650 0 0 0 92 53 0 675 2083 1113 1000 1000 0 0 0
1787956626.876 t 89 1297745 31 882 867 -3793 0 0 0 102 56 0 678 2169 1161 1000 1100 0 0 0
1787956626.950 t 90 1297817 31 886 864 -3910 0 0 0 92 62 0 681 2255 1216 1000 1000 0 0 0
1787956627.027 t 91 1297889 31 890 860 -4053 0 0 0 82 36 0 684 2338 1261 1000 1000 0 0 0
1787956627.095 t 92 1297961 31 894 857 -4192 0 0 0 92 56 0 687 2425 1311 1000 1000 0 0 0
1787956627.165 t 93 1298033 31 898 853 -4327 0 0 0 92 56 0 690 2511 1361 1000 1100 0 0 0
1787956627.236 t 94 1298105 31 902 849 -4433 0 0 0 92 53 0 693 2594 1416 1000 1000 0 0 0
1787956627.307 t 95 1298177 31 905 846 -4557 0 0 0 89 53 0 696 2677 1466 1000 1100 0 0 0
1787956627.379 t 96 1298249 31 909 842 -4692 0 0 0 98 53 0 699 2763 1516 1000 1000 0 0 0
1787956627.452 t 97 1298321 31 913 838 -4786 0 0 0 92 66 0 702 2847 1575 1000 1000 0 0 0
1787956627.525 thdr seq now flags x y h ox oy oh vl vr i2cf cyc posl posr dutl dutr lexc wrng cycovr
1787956627.531 t 98 1298393 31 916 834 -4903 0 0 0 92 52 0 705 2930 1627 1000 1100 0 0 0
1787956627.596 t 99 1298465 31 920 830 -5020 0 0 0 79 53 0 708 3011 1677 1000 1000 0 0 0
1787956627.669 t 100 1298537 31 923 826 -5121 0 0 0 92 72 0 711 3094 1733 1000 1000 0 0 0
1787956627.745 t 101 1298609 31 927 821 -5238 0 0 0 98 62 0 714 3180 1788 1000 1100 0 0 0
1787956627.796 t 102 1298665 31 928 820 -5268 0 0 0 82 56 0 715 3205 1805 1000 1000 0 0 0
1787956627.852 t 103 1298721 31 928 820 -5268 0 0 0 82 56 0 715 3205 1805 1000 1000 0 0 0
1787956627.909 t 104 1298777 31 928 820 -5268 0 0 0 82 56 0 715 3205 1805 1000 1000 0 0 0
1787956627.964 t 105 1298833 31 928 820 -5268 0 0 0 82 56 0 715 3205 1805 1000 1000 0 0 0
1787956628.020 t 106 1298889 31 928 820 -5268 0 0 0 82 56 0 715 3205 1805 1000 1000 0 0 0
1787956628.077 t 107 1298945 31 928 820 -5268 0 0 0 82 56 0 715 3205 1805 1000 1000 0 0 0
1787956628.133 t 108 1299001 31 928 820 -5268 0 0 0 82 56 0 715 3205 1805 1000 1000 0 0 0
1787956628.190 t 109 1299057 31 928 820 -5268 0 0 0 82 56 0 715 3205 1805 1000 1000 0 0 0
1787956628.246 t 110 1299115 31 928 820 -5268 0 0 0 82 56 0 715 3205 1805 1000 1000 0 0 0
1787956628.298 t 111 1299167 31 928 820 -5268 0 0 0 82 56 0 715 3205 1805 1000 1000 0 0 0
1787956628.357 t 112 1299219 31 928 820 -5268 0 0 0 82 56 0 715 3205 1805 1000 1000 0 0 0
1787956628.403 t 113 1299271 31 928 820 -5268 0 0 0 82 56 0 715 3205 1805 1000 1000 0 0 0
1787956628.459 t 114 1299323 31 928 820 -5268 0 0 0 82 56 0 715 3205 1805 1000 1000 0 0 0
1787956628.503 === BIAS RESET FWD 15%
1787956628.503 >>> SET stall_window 50 #21
1787956628.505 t 115 1299375 31 928 820 -5268 0 0 0 82 56 0 715 3205 1805 1000 1000 0 0 0
1787956628.521 ack 21 20 timeout
1787956628.563 t 116 1299427 31 928 820 -5268 0 0 0 82 56 0 715 3205 1805 1000 1000 0 0 0
1787956628.610 thdr seq now flags x y h ox oy oh vl vr i2cf cyc posl posr dutl dutr lexc wrng cycovr
1787956628.618 t 117 1299479 31 928 820 -5268 0 0 0 82 56 0 715 3205 1805 1000 1000 0 0 0
1787956628.666 t 118 1299531 31 928 820 -5268 0 0 0 82 56 0 715 3205 1805 1000 1000 0 0 0
1787956628.714 t 119 1299583 31 928 820 -5268 0 0 0 82 56 0 715 3205 1805 1000 1000 0 0 0
1787956628.767 t 120 1299635 31 928 820 -5268 0 0 0 82 56 0 715 3205 1805 1000 1000 0 0 0
1787956628.819 t 121 1299687 31 928 820 -5268 0 0 0 82 56 0 715 3205 1805 1000 1000 0 0 0
1787956628.874 t 122 1299739 31 928 820 -5268 0 0 0 82 56 0 715 3205 1805 1000 1000 0 0 0
1787956628.923 t 123 1299791 31 928 820 -5268 0 0 0 82 56 0 715 3205 1805 1000 1000 0 0 0
1787956628.974 t 124 1299843 31 928 820 -5268 0 0 0 82 56 0 715 3205 1805 1000 1000 0 0 0
1787956629.023 >>> WHEELS_V 40 40 300 #22
1787956629.027 t 125 1299895 31 928 820 -5268 0 0 0 82 56 0 715 3205 1805 1000 1000 0 0 0
1787956629.042 ack 22 20 timeout
1787956629.095 t 126 1299965 31 935 811 -5445 0 0 0 0 14 0 717 3377 1930 400 500 0 0 0
1787956629.178 t 127 1300037 35 936 809 -5497 0 0 0 16 20 0 720 3405 1944 0 0 0 0 0
1787956629.240 t 0 1300109 35 936 809 -5497 0 0 0 0 0 0 723 3405 1944 0 0 0 0 0
1787956629.312 t 1 1300181 35 936 809 -5497 0 0 0 0 0 0 726 3405 1944 0 0 0 0 0
1787956629.369 t 2 1300237 35 936 809 -5497 0 0 0 0 0 0 728 3405 1944 0 0 0 0 0
1787956629.423 t 3 1300293 35 936 809 -5497 0 0 0 0 0 0 728 3405 1944 0 0 0 0 0
1787956629.485 t 4 1300349 35 936 809 -5497 0 0 0 0 0 0 728 3405 1944 0 0 0 0 0
1787956629.535 t 5 1300405 35 936 809 -5497 0 0 0 0 0 0 728 3405 1944 0 0 0 0 0
1787956629.593 t 6 1300461 35 936 809 -5497 0 0 0 0 0 0 728 3405 1944 0 0 0 0 0
1787956629.649 t 7 1300517 35 936 809 -5497 0 0 0 0 0 0 728 3405 1944 0 0 0 0 0
1787956629.705 thdr seq now flags x y h ox oy oh vl vr i2cf cyc posl posr dutl dutr lexc wrng cycovr
1787956629.711 t 8 1300573 35 936 809 -5497 0 0 0 0 0 0 728 3405 1944 0 0 0 0 0
1787956629.756 t 9 1300625 35 936 809 -5497 0 0 0 0 0 0 728 3405 1944 0 0 0 0 0
1787956629.811 t 10 1300681 35 936 809 -5497 0 0 0 0 0 0 728 3405 1944 0 0 0 0 0
1787956629.867 t 11 1300737 35 936 809 -5497 0 0 0 0 0 0 728 3405 1944 0 0 0 0 0
1787956629.924 t 12 1300793 35 936 809 -5497 0 0 0 0 0 0 728 3405 1944 0 0 0 0 0
1787956629.979 t 13 1300849 35 936 809 -5497 0 0 0 0 0 0 728 3405 1944 0 0 0 0 0
1787956630.035 t 14 1300905 35 936 809 -5497 0 0 0 0 0 0 728 3405 1944 0 0 0 0 0
1787956630.098 t 15 1300961 35 936 809 -5497 0 0 0 0 0 0 728 3405 1944 0 0 0 0 0
1787956630.147 t 16 1301017 35 936 809 -5497 0 0 0 0 0 0 728 3405 1944 0 0 0 0 0
1787956630.204 t 17 1301073 35 936 809 -5497 0 0 0 0 0 0 728 3405 1944 0 0 0 0 0
1787956630.262 t 18 1301129 35 936 809 -5497 0 0 0 0 0 0 728 3405 1944 0 0 0 0 0
1787956630.313 >>> SET stall_clear 1 #23
1787956630.315 t 19 1301185 35 936 809 -5497 0 0 0 0 0 0 728 3405 1944 0 0 0 0 0
1787956630.329 ack 23 22 stall
1787956630.373 t 20 1301241 35 936 809 -5497 0 0 0 0 0 0 728 3405 1944 0 0 0 0 0
1787956630.428 t 21 1301297 35 936 809 -5497 0 0 0 0 0 0 728 3405 1944 0 0 0 0 0
1787956630.483 t 22 1301353 35 936 809 -5497 0 0 0 0 0 0 728 3405 1944 0 0 0 0 0
1787956630.539 t 23 1301409 35 936 809 -5497 0 0 0 0 0 0 728 3405 1944 0 0 0 0 0
1787956630.595 t 24 1301465 35 936 809 -5497 0 0 0 0 0 0 728 3405 1944 0 0 0 0 0
1787956630.653 t 25 1301521 35 936 809 -5497 0 0 0 0 0 0 728 3405 1944 0 0 0 0 0
1787956630.712 t 26 1301577 35 936 809 -5497 0 0 0 0 0 0 728 3405 1944 0 0 0 0 0
1787956630.764 thdr seq now flags x y h ox oy oh vl vr i2cf cyc posl posr dutl dutr lexc wrng cycovr
1787956630.770 t 27 1301633 35 936 809 -5497 0 0 0 0 0 0 728 3405 1944 0 0 0 0 0
1787956630.814 >>> SET stall_window 0 #24
1787956630.816 t 28 1301685 35 936 809 -5497 0 0 0 0 0 0 728 3405 1944 0 0 0 0 0
1787956630.828 ack 24 22 stall
1787956630.878 t 29 1301741 35 936 809 -5497 0 0 0 0 0 0 728 3405 1944 0 0 0 0 0
1787956630.928 t 30 1301797 35 936 809 -5497 0 0 0 0 0 0 728 3405 1944 0 0 0 0 0
1787956630.987 t 31 1301853 35 936 809 -5497 0 0 0 0 0 0 728 3405 1944 0 0 0 0 0
1787956631.039 t 32 1301909 35 936 809 -5497 0 0 0 0 0 0 728 3405 1944 0 0 0 0 0
1787956631.095 t 33 1301965 35 936 809 -5497 0 0 0 0 0 0 728 3405 1944 0 0 0 0 0
1787956631.151 t 34 1302021 35 936 809 -5497 0 0 0 0 0 0 728 3405 1944 0 0 0 0 0
1787956631.208 t 35 1302077 35 936 809 -5497 0 0 0 0 0 0 728 3405 1944 0 0 0 0 0
1787956631.263 t 36 1302133 35 936 809 -5497 0 0 0 0 0 0 728 3405 1944 0 0 0 0 0
1787956631.318 === STEP FWD duty=15% v=128
1787956631.318 >>> WHEELS_V 128 128 2000 #25
1787956631.320 t 37 1302189 35 936 809 -5497 0 0 0 0 0 0 728 3405 1944 0 0 0 0 0
1787956631.339 ack 25 22 stall
1787956631.371 t 38 1302241 31 936 809 -5497 0 0 0 0 0 0 729 3405 1944 1500 1500 0 0 0
1787956631.444 t 39 1302313 31 938 805 -5558 0 0 0 108 82 0 732 3477 2000 1500 1500 0 0 0
1787956631.515 t 40 1302385 31 943 798 -5622 0 0 0 118 102 0 735 3588 2094 1500 1500 0 0 0
1787956631.589 t 41 1302457 31 948 791 -5686 0 0 0 128 108 0 738 3705 2194 1500 1500 0 0 0
1787956631.662 t 42 1302529 31 952 784 -5716 0 0 0 128 118 0 741 3816 2297 1500 1500 0 0 0
1787956631.736 t 43 1302601 31 957 777 -5727 0 0 0 112 128 0 744 3922 2400 1500 1500 0 0 0
1787956631.807 t 44 1302673 31 961 770 -5761 0 0 0 128 128 0 747 4036 2505 1500 1500 0 0 0
1787956631.878 t 45 1302745 31 966 763 -5761 0 0 0 118 118 0 750 4144 2613 1500 1500 0 0 0
1787956631.950 thdr seq now flags x y h ox oy oh vl vr i2cf cyc posl posr dutl dutr lexc wrng cycovr
1787956631.956 t 46 1302817 31 970 756 -5780 0 0 0 118 108 0 753 4252 2716 1500 1500 0 0 0
1787956632.020 t 47 1302889 31 975 748 -5738 0 0 0 110 132 0 756 4355 2830 1500 1500 0 0 0
1787956632.092 t 48 1302961 31 979 741 -5731 0 0 0 102 125 0 759 4461 2938 1600 1500 0 0 0
1787956632.164 t 49 1303033 31 984 734 -5727 0 0 0 112 128 0 762 4572 3050 1500 1500 0 0 0
1787956632.236 t 50 1303105 31 989 727 -5727 0 0 0 118 118 0 765 4683 3161 1500 1500 0 0 0
1787956632.308 t 51 1303177 31 994 719 -5727 0 0 0 118 118 0 768 4794 3272 1600 1500 0 0 0
1787956632.381 t 52 1303249 31 998 712 -5761 0 0 0 128 118 0 771 4911 3380 1500 1600 0 0 0
1787956632.455 t 53 1303321 31 1003 704 -5780 0 0 0 128 135 0 774 5027 3491 1500 1500 0 0 0
1787956632.526 t 54 1303393 31 1008 697 -5821 0 0 0 128 112 0 777 5144 3597 1500 1500 0 0 0
1787956632.598 t 55 1303465 31 1012 689 -5855 0 0 0 118 108 0 780 5261 3705 1500 1500 0 0 0
1787956632.670 t 56 1303537 31 1017 681 -5896 0 0 0 128 128 0 783 5383 3816 1500 1500 0 0 0
1787956632.762 t 57 1303609 31 1022 674 -5956 0 0 0 128 112 0 786 5505 3922 1500 1600 0 0 0
1787956632.813 t 58 1303681 31 1026 666 -6043 0 0 0 148 108 0 789 5633 4027 1500 1500 0 0 0
1787956632.884 t 59 1303753 31 1031 658 -6103 0 0 0 128 108 0 792 5755 4133 1500 1500 0 0 0
1787956632.965 t 60 1303825 31 1035 650 -6220 0 0 0 148 102 0 795 5886 4233 1500 1500 0 0 0
1787956633.029 t 61 1303897 31 1039 642 -6314 0 0 0 138 108 0 798 6011 4333 1600 1500 0 0 0
1787956633.100 t 62 1303969 31 1043 634 -6408 0 0 0 128 108 0 801 6136 4433 1500 1500 0 0 0
1787956633.172 t 63 1304041 31 1047 626 -6532 0 0 0 145 108 0 804 6263 4527 1500 1500 0 0 0
1787956633.243 t 64 1304113 31 1050 618 -6626 0 0 0 128 102 0 807 6383 4622 1500 1500 0 0 0
1787956633.316 thdr seq now flags x y h ox oy oh vl vr i2cf cyc posl posr dutl dutr lexc wrng cycovr
1787956633.325 t 65 1304185 31 1054 610 -6720 0 0 0 128 112 0 810 6508 4722 1500 1500 0 0 0
1787956633.389 t 66 1304241 31 1056 606 -6796 0 0 0 138 108 0 812 6583 4777 1500 1600 0 0 0
1787956633.429 t 67 1304297 31 1056 606 -6796 0 0 0 138 108 0 812 6583 4777 1500 1600 0 0 0
1787956633.485 t 68 1304353 31 1056 606 -6796 0 0 0 138 108 0 812 6583 4777 1500 1600 0 0 0
1787956633.541 t 69 1304409 31 1056 606 -6796 0 0 0 138 108 0 812 6583 4777 1500 1600 0 0 0
1787956633.603 t 70 1304465 31 1056 606 -6796 0 0 0 138 108 0 812 6583 4777 1500 1600 0 0 0
1787956633.659 t 71 1304523 31 1056 606 -6796 0 0 0 138 108 0 812 6583 4777 1500 1600 0 0 0
1787956633.706 t 72 1304575 31 1056 606 -6796 0 0 0 138 108 0 812 6583 4777 1500 1600 0 0 0
1787956633.759 t 73 1304627 31 1056 606 -6796 0 0 0 138 108 0 812 6583 4777 1500 1600 0 0 0
1787956633.813 t 74 1304679 31 1056 606 -6796 0 0 0 138 108 0 812 6583 4777 1500 1600 0 0 0
1787956633.901 t 75 1304731 31 1056 606 -6796 0 0 0 138 108 0 812 6583 4777 1500 1600 0 0 0
1787956633.916 t 76 1304783 31 1056 606 -6796 0 0 0 138 108 0 812 6583 4777 1500 1600 0 0 0
1787956633.966 t 77 1304835 31 1056 606 -6796 0 0 0 138 108 0 812 6583 4777 1500 1600 0 0 0
1787956634.020 t 78 1304887 31 1056 606 -6796 0 0 0 138 108 0 812 6583 4777 1500 1600 0 0 0
1787956634.082 === BIAS RESET FWD 20%
1787956634.082 >>> SET stall_window 50 #26
1787956634.091 t 79 1304939 31 1056 606 -6796 0 0 0 138 108 0 812 6583 4777 1500 1600 0 0 0
1787956634.093 ack 26 25 timeout
1787956634.125 t 80 1304991 31 1056 606 -6796 0 0 0 138 108 0 812 6583 4777 1500 1600 0 0 0
1787956634.177 t 81 1305043 31 1056 606 -6796 0 0 0 138 108 0 812 6583 4777 1500 1600 0 0 0
1787956634.228 t 82 1305095 31 1056 606 -6796 0 0 0 138 108 0 812 6583 4777 1500 1600 0 0 0
1787956634.279 t 83 1305147 31 1056 606 -6796 0 0 0 138 108 0 812 6583 4777 1500 1600 0 0 0
1787956634.335 thdr seq now flags x y h ox oy oh vl vr i2cf cyc posl posr dutl dutr lexc wrng cycovr
1787956634.339 t 84 1305199 31 1056 606 -6796 0 0 0 138 108 0 812 6583 4777 1500 1600 0 0 0
1787956634.381 t 85 1305251 31 1056 606 -6796 0 0 0 138 108 0 812 6583 4777 1500 1600 0 0 0
1787956634.441 t 86 1305303 31 1056 606 -6796 0 0 0 138 108 0 812 6583 4777 1500 1600 0 0 0
1787956634.489 t 87 1305355 31 1056 606 -6796 0 0 0 138 108 0 812 6583 4777 1500 1600 0 0 0
1787956634.555 t 88 1305407 31 1056 606 -6796 0 0 0 138 108 0 812 6583 4777 1500 1600 0 0 0
1787956634.583 >>> WHEELS_V 40 40 300 #27
1787956634.590 t 89 1305459 31 1056 606 -6796 0 0 0 138 108 0 812 6583 4777 1500 1600 0 0 0
1787956634.605 ack 27 25 timeout
1787956634.651 t 90 1305521 31 1061 591 -7044 0 0 0 8 -8 0 814 6816 4944 400 500 0 0 0
1787956634.724 t 91 1305593 35 1062 589 -7119 0 0 0 46 10 0 817 6847 4955 0 0 0 0 0
1787956634.795 t 92 1305665 35 1062 589 -7119 0 0 0 0 0 0 820 6847 4955 0 0 0 0 0
1787956634.871 t 93 1305737 35 1062 589 -7119 0 0 0 0 0 0 823 6847 4955 0 0 0 0 0
1787956634.930 t 94 1305793 35 1062 589 -7119 0 0 0 0 0 0 825 6847 4955 0 0 0 0 0
1787956634.993 t 95 1305849 35 1062 589 -7119 0 0 0 0 0 0 825 6847 4955 0 0 0 0 0
1787956635.043 t 96 1305905 35 1062 589 -7119 0 0 0 0 0 0 825 6847 4955 0 0 0 0 0
1787956635.092 t 97 1305961 35 1062 589 -7119 0 0 0 0 0 0 825 6847 4955 0 0 0 0 0
1787956635.149 t 98 1306017 35 1062 589 -7119 0 0 0 0 0 0 825 6847 4955 0 0 0 0 0
1787956635.203 t 99 1306073 35 1062 589 -7119 0 0 0 0 0 0 825 6847 4955 0 0 0 0 0
1787956635.263 t 100 1306129 35 1062 589 -7119 0 0 0 0 0 0 825 6847 4955 0 0 0 0 0
1787956635.320 t 101 1306185 35 1062 589 -7119 0 0 0 0 0 0 825 6847 4955 0 0 0 0 0
1787956635.371 t 102 1306241 35 1062 589 -7119 0 0 0 0 0 0 825 6847 4955 0 0 0 0 0
1787956635.429 thdr seq now flags x y h ox oy oh vl vr i2cf cyc posl posr dutl dutr lexc wrng cycovr
1787956635.435 t 103 1306297 35 1062 589 -7119 0 0 0 0 0 0 825 6847 4955 0 0 0 0 0
1787956635.481 t 104 1306349 35 1062 589 -7119 0 0 0 0 0 0 825 6847 4955 0 0 0 0 0
1787956635.536 t 105 1306405 35 1062 589 -7119 0 0 0 0 0 0 825 6847 4955 0 0 0 0 0
1787956635.595 t 106 1306461 35 1062 589 -7119 0 0 0 0 0 0 825 6847 4955 0 0 0 0 0
1787956635.679 t 107 1306517 35 1062 589 -7119 0 0 0 0 0 0 825 6847 4955 0 0 0 0 0
1787956635.703 t 108 1306573 35 1062 589 -7119 0 0 0 0 0 0 825 6847 4955 0 0 0 0 0
1787956635.759 t 109 1306629 35 1062 589 -7119 0 0 0 0 0 0 825 6847 4955 0 0 0 0 0
1787956635.815 t 110 1306685 35 1062 589 -7119 0 0 0 0 0 0 825 6847 4955 0 0 0 0 0
1787956635.867 >>> SET stall_clear 1 #28
1787956635.875 t 111 1306741 35 1062 589 -7119 0 0 0 0 0 0 825 6847 4955 0 0 0 0 0
1787956635.883 ack 28 27 stall
1787956635.928 t 112 1306797 35 1062 589 -7119 0 0 0 0 0 0 825 6847 4955 0 0 0 0 0
1787956635.984 t 113 1306853 35 1062 589 -7119 0 0 0 0 0 0 825 6847 4955 0 0 0 0 0
1787956636.039 t 114 1306909 35 1062 589 -7119 0 0 0 0 0 0 825 6847 4955 0 0 0 0 0
1787956636.100 t 115 1306965 35 1062 589 -7119 0 0 0 0 0 0 825 6847 4955 0 0 0 0 0
1787956636.151 t 116 1307021 35 1062 589 -7119 0 0 0 0 0 0 825 6847 4955 0 0 0 0 0
1787956636.210 t 117 1307077 35 1062 589 -7119 0 0 0 0 0 0 825 6847 4955 0 0 0 0 0
1787956636.263 t 118 1307133 35 1062 589 -7119 0 0 0 0 0 0 825 6847 4955 0 0 0 0 0
1787956636.319 t 119 1307189 35 1062 589 -7119 0 0 0 0 0 0 825 6847 4955 0 0 0 0 0
1787956636.373 >>> SET stall_window 0 #29
1787956636.375 t 120 1307245 35 1062 589 -7119 0 0 0 0 0 0 825 6847 4955 0 0 0 0 0
1787956636.387 ack 29 27 stall
1787956636.431 t 121 1307301 35 1062 589 -7119 0 0 0 0 0 0 825 6847 4955 0 0 0 0 0
1787956636.490 thdr seq now flags x y h ox oy oh vl vr i2cf cyc posl posr dutl dutr lexc wrng cycovr
1787956636.494 t 122 1307357 35 1062 589 -7119 0 0 0 0 0 0 825 6847 4955 0 0 0 0 0
1787956636.539 t 123 1307409 35 1062 589 -7119 0 0 0 0 0 0 825 6847 4955 0 0 0 0 0
1787956636.596 t 124 1307465 35 1062 589 -7119 0 0 0 0 0 0 825 6847 4955 0 0 0 0 0
1787956636.653 t 125 1307521 35 1062 589 -7119 0 0 0 0 0 0 825 6847 4955 0 0 0 0 0
1787956636.707 t 126 1307577 35 1062 589 -7119 0 0 0 0 0 0 825 6847 4955 0 0 0 0 0
1787956636.763 t 127 1307633 35 1062 589 -7119 0 0 0 0 0 0 825 6847 4955 0 0 0 0 0
1787956636.821 t 0 1307689 35 1062 589 -7119 0 0 0 0 0 0 825 6847 4955 0 0 0 0 0
1787956636.874 === STEP FWD duty=20% v=170
1787956636.874 >>> WHEELS_V 170 170 2000 #30
1787956636.876 t 1 1307745 35 1062 589 -7119 0 0 0 0 0 0 825 6847 4955 0 0 0 0 0
1787956636.910 ack 30 27 stall
1787956636.945 t 2 1307813 31 1062 589 -7108 0 0 0 22 31 0 827 6855 4966 2000 2000 0 0 0
1787956637.016 t 3 1307885 31 1065 579 -7232 0 0 0 164 128 0 830 6994 5072 2000 2000 0 0 0
1787956637.089 t 4 1307957 31 1068 569 -7315 0 0 0 164 148 0 833 7144 5200 2000 2000 0 0 0
1787956637.163 t 5 1308029 31 1071 558 -7413 0 0 0 174 144 0 836 7297 5327 2000 2000 0 0 0
1787956637.233 t 6 1308101 31 1074 547 -7443 0 0 0 154 154 0 839 7444 5466 2000 2000 0 0 0
1787956637.309 t 7 1308173 31 1077 536 -7484 0 0 0 164 164 0 842 7594 5605 2000 2000 0 0 0
1787956637.379 t 8 1308245 31 1080 525 -7514 0 0 0 164 154 0 845 7744 5747 2100 2000 0 0 0
1787956637.448 t 9 1308317 31 1083 515 -7526 0 0 0 154 164 0 848 7888 5888 2000 2000 0 0 0
1787956637.521 t 10 1308389 31 1086 503 -7544 0 0 0 154 154 0 851 8038 6033 2000 2000 0 0 0
1787956637.592 t 11 1308461 31 1089 492 -7537 0 0 0 164 174 0 854 8183 6180 2000 2000 0 0 0
1787956637.663 t 12 1308533 31 1092 481 -7559 0 0 0 174 164 0 857 8336 6327 2000 2000 0 0 0
1787956637.740 thdr seq now flags x y h ox oy oh vl vr i2cf cyc posl posr dutl dutr lexc wrng cycovr
1787956637.746 t 13 1308605 31 1095 469 -7556 0 0 0 154 158 0 860 8483 6475 2000 2000 0 0 0
1787956637.808 t 14 1308677 31 1098 458 -7567 0 0 0 166 158 0 863 8636 6625 2000 2000 0 0 0
1787956637.882 t 15 1308749 31 1101 446 -7586 0 0 0 154 164 0 866 8788 6772 2000 2000 0 0 0
1787956637.952 t 16 1308821 31 1104 434 -7612 0 0 0 184 164 0 869 8950 6927 2000 2000 0 0 0
1787956638.025 t 17 1308893 31 1107 423 -7672 0 0 0 184 154 0 872 9111 7072 2000 2000 0 0 0
1787956638.096 t 18 1308965 31 1109 411 -7736 0 0 0 184 164 0 875 9272 7216 2000 2000 0 0 0
1787956638.169 t 19 1309037 31 1112 399 -7808 0 0 0 194 164 0 878 9436 7361 2000 2100 0 0 0
1787956638.242 t 20 1309109 31 1114 387 -7860 0 0 0 164 164 0 881 9594 7505 2000 2000 0 0 0
1787956638.313 t 21 1309181 31 1116 376 -7966 0 0 0 174 144 0 884 9761 7644 2000 2000 0 0 0
1787956638.383 t 22 1309253 31 1119 364 -8007 0 0 0 164 164 0 887 9916 7788 2000 2000 0 0 0
1787956638.461 t 23 1309325 31 1120 352 -8101 0 0 0 174 164 0 890 10080 7927 2000 2000 0 0 0
1787956638.533 t 24 1309397 31 1122 341 -8173 0 0 0 164 154 0 893 10238 8066 2000 2000 0 0 0
1787956638.601 t 25 1309469 31 1124 329 -8278 0 0 0 164 148 0 896 10400 8200 2000 2100 0 0 0
1787956638.675 t 26 1309541 31 1125 318 -8383 0 0 0 184 148 0 899 10561 8333 2000 2000 0 0 0
1787956638.745 t 27 1309613 31 1126 306 -8432 0 0 0 174 158 0 902 10716 8475 2000 2000 0 0 0
1787956638.816 t 28 1309685 31 1127 294 -8508 0 0 0 184 164 0 905 10872 8611 2000 2000 0 0 0
1787956638.888 t 29 1309757 31 1128 283 -8549 0 0 0 164 158 0 908 11022 8750 2000 2000 0 0 0
1787956638.946 t 30 1309813 31 1129 279 -8590 0 0 0 181 144 0 909 11077 8794 2000 2000 0 0 0
1787956639.007 t 31 1309869 31 1129 279 -8590 0 0 0 181 144 0 909 11077 8794 2000 2000 0 0 0
1787956639.056 thdr seq now flags x y h ox oy oh vl vr i2cf cyc posl posr dutl dutr lexc wrng cycovr
1787956639.064 t 32 1309925 31 1129 279 -8590 0 0 0 181 144 0 909 11077 8794 2000 2000 0 0 0
1787956639.109 t 33 1309977 31 1129 279 -8590 0 0 0 181 144 0 909 11077 8794 2000 2000 0 0 0
1787956639.167 t 34 1310035 31 1129 279 -8590 0 0 0 181 144 0 909 11077 8794 2000 2000 0 0 0
1787956639.219 t 35 1310087 31 1129 279 -8590 0 0 0 181 144 0 909 11077 8794 2000 2000 0 0 0
1787956639.270 t 36 1310139 31 1129 279 -8590 0 0 0 181 144 0 909 11077 8794 2000 2000 0 0 0
1787956639.328 t 37 1310191 31 1129 279 -8590 0 0 0 181 144 0 909 11077 8794 2000 2000 0 0 0
1787956639.378 t 38 1310243 31 1129 279 -8590 0 0 0 181 144 0 909 11077 8794 2000 2000 0 0 0
1787956639.425 t 39 1310295 31 1129 279 -8590 0 0 0 181 144 0 909 11077 8794 2000 2000 0 0 0
1787956639.480 t 40 1310347 31 1129 279 -8590 0 0 0 181 144 0 909 11077 8794 2000 2000 0 0 0
1787956639.531 t 41 1310399 31 1129 279 -8590 0 0 0 181 144 0 909 11077 8794 2000 2000 0 0 0
1787956639.586 t 42 1310451 31 1129 279 -8590 0 0 0 181 144 0 909 11077 8794 2000 2000 0 0 0
1787956639.691 === BIAS RESET FWD 25%
1787956639.691 >>> SET stall_window 50 #31
1787956639.741 t 43 1310503 31 1129 279 -8590 0 0 0 181 144 0 909 11077 8794 2000 2000 0 0 0
1787956639.741 t 44 1310555 31 1129 279 -8590 0 0 0 181 144 0 909 11077 8794 2000 2000 0 0 0
1787956639.743 ack 31 30 timeout
1787956639.743 t 45 1310607 31 1129 279 -8590 0 0 0 181 144 0 909 11077 8794 2000 2000 0 0 0
1787956639.793 t 46 1310659 31 1129 279 -8590 0 0 0 181 144 0 909 11077 8794 2000 2000 0 0 0
1787956639.843 t 47 1310711 31 1129 279 -8590 0 0 0 181 144 0 909 11077 8794 2000 2000 0 0 0
1787956639.896 t 48 1310763 31 1129 279 -8590 0 0 0 181 144 0 909 11077 8794 2000 2000 0 0 0
1787956639.947 t 49 1310815 31 1129 279 -8590 0 0 0 181 144 0 909 11077 8794 2000 2000 0 0 0
1787956639.999 t 50 1310867 31 1129 279 -8590 0 0 0 181 144 0 909 11077 8794 2000 2000 0 0 0
1787956640.053 thdr seq now flags x y h ox oy oh vl vr i2cf cyc posl posr dutl dutr lexc wrng cycovr
1787956640.059 t 51 1310919 31 1129 279 -8590 0 0 0 181 144 0 909 11077 8794 2000 2000 0 0 0
1787956640.103 t 52 1310971 31 1129 279 -8590 0 0 0 181 144 0 909 11077 8794 2000 2000 0 0 0
1787956640.155 t 53 1311023 31 1129 279 -8590 0 0 0 181 144 0 909 11077 8794 2000 2000 0 0 0
1787956640.203 >>> WHEELS_V 40 40 300 #32
1787956640.205 t 54 1311075 31 1129 279 -8590 0 0 0 181 144 0 909 11077 8794 2000 2000 0 0 0
1787956640.219 ack 32 30 timeout
1787956640.277 t 55 1311145 31 1130 256 -8685 0 0 0 14 0 0 911 11380 9072 400 500 0 0 0
1787956640.348 t 56 1311217 35 1130 255 -8632 0 0 0 7 20 0 914 11388 9094 0 0 0 0 0
1787956640.419 t 57 1311289 35 1130 255 -8632 0 0 0 0 0 0 917 11388 9094 0 0 0 0 0
1787956640.492 t 58 1311361 35 1130 255 -8632 0 0 0 0 0 0 920 11388 9094 0 0 0 0 0
1787956640.547 t 59 1311417 35 1130 255 -8632 0 0 0 0 0 1 922 11388 9094 0 0 0 0 0
1787956640.604 t 60 1311473 35 1130 255 -8632 0 0 0 0 0 1 922 11388 9094 0 0 0 0 0
1787956640.659 t 61 1311529 35 1130 255 -8632 0 0 0 0 0 1 922 11388 9094 0 0 0 0 0
1787956640.730 t 62 1311585 35 1130 255 -8632 0 0 0 0 0 1 922 11388 9094 0 0 0 0 0
1787956640.771 t 63 1311641 35 1130 255 -8632 0 0 0 0 0 1 922 11388 9094 0 0 0 0 0
1787956640.827 t 64 1311697 35 1130 255 -8632 0 0 0 0 0 1 922 11388 9094 0 0 0 0 0
1787956640.884 t 65 1311753 35 1130 255 -8632 0 0 0 0 0 1 922 11388 9094 0 0 0 0 0
1787956640.939 t 66 1311809 35 1130 255 -8632 0 0 0 0 0 1 922 11388 9094 0 0 0 0 0
1787956640.999 t 67 1311865 35 1130 255 -8632 0 0 0 0 0 1 922 11388 9094 0 0 0 0 0
1787956641.056 t 68 1311921 35 1130 255 -8632 0 0 0 0 0 1 922 11388 9094 0 0 0 0 0
1787956641.113 t 69 1311977 35 1130 255 -8632 0 0 0 0 0 1 922 11388 9094 0 0 0 0 0
1787956641.180 thdr seq now flags x y h ox oy oh vl vr i2cf cyc posl posr dutl dutr lexc wrng cycovr
1787956641.180 t 70 1312033 35 1130 255 -8632 0 0 0 0 0 1 922 11388 9094 0 0 0 0 0
1787956641.217 t 71 1312085 35 1130 255 -8632 0 0 0 0 0 1 922 11388 9094 0 0 0 0 0
1787956641.271 t 72 1312141 35 1130 255 -8632 0 0 0 0 0 1 922 11388 9094 0 0 0 0 0
1787956641.329 t 73 1312197 35 1130 255 -8632 0 0 0 0 0 1 922 11388 9094 0 0 0 0 0
1787956641.406 t 74 1312253 35 1130 255 -8632 0 0 0 0 0 1 922 11388 9094 0 0 0 0 0
1787956641.438 t 75 1312309 35 1130 255 -8632 0 0 0 0 0 1 922 11388 9094 0 0 0 0 0
1787956641.493 >>> SET stall_clear 1 #33
1787956641.495 t 76 1312365 35 1130 255 -8632 0 0 0 0 0 1 922 11388 9094 0 0 0 0 0
1787956641.507 ack 33 32 stall
1787956641.551 t 77 1312421 35 1130 255 -8632 0 0 0 0 0 1 922 11388 9094 0 0 0 0 0
1787956641.608 t 78 1312477 35 1130 255 -8632 0 0 0 0 0 1 922 11388 9094 0 0 0 0 0
1787956641.669 t 79 1312533 35 1130 255 -8632 0 0 0 0 0 1 922 11388 9094 0 0 0 0 0
1787956641.720 t 80 1312589 35 1130 255 -8632 0 0 0 0 0 1 922 11388 9094 0 0 0 0 0
1787956641.777 t 81 1312645 35 1130 255 -8632 0 0 0 0 0 1 922 11388 9094 0 0 0 0 0
1787956641.836 t 82 1312701 35 1130 255 -8632 0 0 0 0 0 1 922 11388 9094 0 0 0 0 0
1787956641.898 t 83 1312757 35 1130 255 -8632 0 0 0 0 0 1 922 11388 9094 0 0 0 0 0
1787956641.956 t 84 1312813 35 1130 255 -8632 0 0 0 0 0 1 922 11388 9094 0 0 0 0 0
1787956641.998 >>> SET stall_window 0 #34
1787956642.001 t 85 1312869 35 1130 255 -8632 0 0 0 0 0 1 922 11388 9094 0 0 0 0 0
1787956642.021 ack 34 32 stall
1787956642.071 t 86 1312925 35 1130 255 -8632 0 0 0 0 0 1 922 11388 9094 0 0 0 0 0
1787956642.149 t 87 1312981 35 1130 255 -8632 0 0 0 0 0 1 922 11388 9094 0 0 0 0 0
1787956642.202 t 88 1313037 35 1130 255 -8632 0 0 0 0 0 1 922 11388 9094 0 0 0 0 0
1787956642.229 thdr seq now flags x y h ox oy oh vl vr i2cf cyc posl posr dutl dutr lexc wrng cycovr
1787956642.231 t 89 1313093 35 1130 255 -8632 0 0 0 0 0 1 922 11388 9094 0 0 0 0 0
1787956642.276 t 90 1313145 35 1130 255 -8632 0 0 0 0 0 1 922 11388 9094 0 0 0 0 0
1787956642.333 t 91 1313201 35 1130 255 -8632 0 0 0 0 0 1 922 11388 9094 0 0 0 0 0
1787956642.388 t 92 1313257 35 1130 255 -8632 0 0 0 0 0 1 922 11388 9094 0 0 0 0 0
1787956642.443 t 93 1313313 35 1130 255 -8632 0 0 0 0 0 1 922 11388 9094 0 0 0 0 0
1787956642.499 t 94 1313369 35 1130 255 -8632 0 0 0 0 0 1 922 11388 9094 0 0 0 0 0
1787956642.500 === STEP FWD duty=25% v=213
1787956642.500 >>> WHEELS_V 213 213 2000 #35
1787956642.512 ack 35 32 stall
1787956642.567 t 95 1313437 31 1130 254 -8632 0 0 0 48 48 1 924 11405 9111 2500 2500 0 0 0
1787956642.644 t 96 1313509 31 1131 242 -8673 0 0 0 190 174 1 927 11566 9261 2500 2500 0 0 0
1787956642.711 t 97 1313581 31 1132 227 -8688 0 0 0 204 210 1 930 11750 9441 2500 2500 0 0 0
1787956642.786 t 98 1313653 31 1132 213 -8737 0 0 0 207 200 1 933 11938 9616 2500 2500 0 0 0
1787956642.859 t 99 1313725 31 1133 198 -8756 0 0 0 217 203 1 936 12127 9800 2500 2500 0 0 0
1787956642.954 t 100 1313797 31 1134 184 -8790 0 0 0 220 200 1 939 12319 9983 2600 2500 0 0 0
1787956643.002 t 101 1313869 31 1134 169 -8824 0 0 0 210 190 1 942 12511 10166 2500 2500 0 0 0
1787956643.073 t 102 1313941 31 1134 154 -8884 0 0 0 220 203 1 945 12711 10350 2500 2500 0 0 0
1787956643.145 t 103 1314013 31 1135 139 -8937 0 0 0 210 200 1 948 12908 10533 2500 2500 0 0 0
1787956643.217 t 104 1314085 31 1135 123 -8997 0 0 0 226 200 1 951 13113 10722 2500 2500 0 0 0
1787956643.289 t 105 1314157 31 1135 108 -9065 0 0 0 220 190 1 954 13311 10902 2500 2500 0 0 0
1787956643.360 t 106 1314229 31 1134 93 -9125 0 0 0 220 210 1 957 13511 11086 2500 2500 0 0 0
1787956643.437 t 107 1314301 31 1134 78 -9211 0 0 0 220 200 1 960 13711 11263 2500 2500 0 0 0
1787956643.505 thdr seq now flags x y h ox oy oh vl vr i2cf cyc posl posr dutl dutr lexc wrng cycovr
1787956643.512 t 108 1314373 31 1133 64 -9324 0 0 0 230 200 1 963 13914 11436 2500 2500 0 0 0
1787956643.578 t 109 1314445 31 1132 49 -9407 0 0 0 203 189 1 966 14105 11605 2500 2500 0 0 0
1787956643.658 t 110 1314517 31 1131 35 -9482 0 0 0 200 200 1 969 14300 11780 2600 2600 0 0 0
1787956643.721 t 111 1314589 31 1130 21 -9595 0 0 0 200 184 1 972 14494 11944 2500 2500 0 0 0
1787956643.793 t 112 1314661 31 1128 7 -9648 0 0 0 190 190 1 975 14683 12119 2500 2600 0 0 0
1787956643.866 t 113 1314733 31 1126 -8 -9734 0 0 0 210 181 1 978 14875 12288 2500 2500 0 0 0
1787956643.936 t 114 1314805 31 1125 -22 -9764 0 0 0 220 190 1 981 15061 12466 2500 2500 0 0 0
1787956644.008 t 115 1314877 31 1123 -36 -9795 0 0 0 210 200 1 984 15247 12644 2500 2500 0 0 0
1787956644.087 t 116 1314949 31 1121 -50 -9825 0 0 0 200 200 1 987 15433 12822 2500 2500 0 0 0
1787956644.155 t 117 1315021 31 1118 -65 -9825 0 0 0 200 200 1 990 15622 13011 2600 2500 0 0 0
1787956644.231 t 118 1315093 31 1116 -80 -9866 0 0 0 216 210 1 993 15816 13194 2500 2500 0 0 0
1787956644.299 t 119 1315165 31 1114 -94 -9889 0 0 0 210 210 1 996 16008 13380 2500 2500 0 0 0
1787956644.370 t 120 1315237 31 1111 -109 -9930 0 0 0 210 200 1 999 16205 13566 2600 2500 0 0 0
1787956644.441 t 121 1315309 31 1109 -124 -9971 0 0 0 217 220 1 1002 16405 13755 2500 2500 0 0 0
1787956644.513 t 122 1315381 31 1106 -139 -10032 0 0 0 217 204 1 1005 16605 13939 2500 2600 0 0 0
1787956644.570 t 123 1315437 31 1105 -144 -10065 0 0 0 236 207 1 1006 16677 14002 2500 2500 0 0 0
1787956644.627 t 124 1315495 31 1105 -144 -10065 0 0 0 236 207 1 1006 16677 14002 2500 2500 0 0 0
1787956644.680 t 125 1315547 31 1105 -144 -10065 0 0 0 236 207 1 1006 16677 14002 2500 2500 0 0 0
1787956644.731 t 126 1315599 31 1105 -144 -10065 0 0 0 236 207 1 1006 16677 14002 2500 2500 0 0 0
1787956644.788 thdr seq now flags x y h ox oy oh vl vr i2cf cyc posl posr dutl dutr lexc wrng cycovr
1787956644.790 t 127 1315651 31 1105 -144 -10065 0 0 0 236 207 1 1006 16677 14002 2500 2500 0 0 0
1787956644.837 t 0 1315703 31 1105 -144 -10065 0 0 0 236 207 1 1006 16677 14002 2500 2500 0 0 0
1787956644.887 t 1 1315755 31 1105 -144 -10065 0 0 0 236 207 1 1006 16677 14002 2500 2500 0 0 0
1787956644.946 t 2 1315807 31 1105 -144 -10065 0 0 0 236 207 1 1006 16677 14002 2500 2500 0 0 0
1787956644.991 t 3 1315859 31 1105 -144 -10065 0 0 0 236 207 1 1006 16677 14002 2500 2500 0 0 0
1787956645.042 t 4 1315911 31 1105 -144 -10065 0 0 0 236 207 1 1006 16677 14002 2500 2500 0 0 0
1787956645.095 t 5 1315963 31 1105 -144 -10065 0 0 0 236 207 1 1006 16677 14002 2500 2500 0 0 0
1787956645.151 t 6 1316015 31 1105 -144 -10065 0 0 0 236 207 1 1006 16677 14002 2500 2500 0 0 0
1787956645.199 t 7 1316067 31 1105 -144 -10065 0 0 0 236 207 1 1006 16677 14002 2500 2500 0 0 0
1787956645.255 t 8 1316119 31 1105 -144 -10065 0 0 0 236 207 1 1006 16677 14002 2500 2500 0 0 0
1787956645.256 === BIAS RESET FWD 30%
1787956645.256 >>> SET stall_window 50 #36
1787956645.270 ack 36 35 timeout
1787956645.302 t 9 1316171 31 1105 -144 -10065 0 0 0 236 207 1 1006 16677 14002 2500 2500 0 0 0
1787956645.355 t 10 1316223 31 1105 -144 -10065 0 0 0 236 207 1 1006 16677 14002 2500 2500 0 0 0
1787956645.407 t 11 1316275 31 1105 -144 -10065 0 0 0 236 207 1 1006 16677 14002 2500 2500 0 0 0
1787956645.464 t 12 1316327 31 1105 -144 -10065 0 0 0 236 207 1 1006 16677 14002 2500 2500 0 0 0
1787956645.510 t 13 1316379 31 1105 -144 -10065 0 0 0 236 207 1 1006 16677 14002 2500 2500 0 0 0
1787956645.569 t 14 1316431 31 1105 -144 -10065 0 0 0 236 207 1 1006 16677 14002 2500 2500 0 0 0
1787956645.615 t 15 1316483 31 1105 -144 -10065 0 0 0 236 207 1 1006 16677 14002 2500 2500 0 0 0
1787956645.667 t 16 1316535 31 1105 -144 -10065 0 0 0 236 207 1 1006 16677 14002 2500 2500 0 0 0
1787956645.719 t 17 1316587 31 1105 -144 -10065 0 0 0 236 207 1 1006 16677 14002 2500 2500 0 0 0
1787956645.765 >>> WHEELS_V 40 40 300 #37
1787956645.771 thdr seq now flags x y h ox oy oh vl vr i2cf cyc posl posr dutl dutr lexc wrng cycovr
1787956645.778 t 18 1316639 31 1105 -144 -10065 0 0 0 236 207 1 1006 16677 14002 2500 2500 0 0 0
1787956645.780 ack 37 35 timeout
1787956645.833 t 19 1316701 31 1099 -175 -10348 0 0 0 14 -8 1 1008 17116 14366 500 500 0 0 0
1787956645.911 t 20 1316773 35 1098 -178 -10408 0 0 0 36 20 1 1011 17155 14389 0 0 0 0 0
1787956645.976 t 21 1316845 35 1098 -178 -10408 0 0 0 0 0 1 1014 17155 14389 0 0 0 0 0
1787956646.047 t 22 1316917 35 1098 -178 -10408 0 0 0 0 0 1 1017 17155 14389 0 0 0 0 0
1787956646.103 t 23 1316973 35 1098 -178 -10408 0 0 0 0 0 1 1019 17155 14389 0 0 0 0 0
1787956646.159 t 24 1317029 35 1098 -178 -10408 0 0 0 0 0 1 1019 17155 14389 0 0 0 0 0
1787956646.216 t 25 1317085 35 1098 -178 -10408 0 0 0 0 0 1 1019 17155 14389 0 0 0 0 0
1787956646.279 t 26 1317141 35 1098 -178 -10408 0 0 0 0 0 1 1019 17155 14389 0 0 0 0 0
1787956646.327 t 27 1317197 35 1098 -178 -10408 0 0 0 0 0 1 1019 17155 14389 0 0 0 0 0
1787956646.383 t 28 1317253 35 1098 -178 -10408 0 0 0 0 0 1 1019 17155 14389 0 0 0 0 0
1787956646.439 t 29 1317309 35 1098 -178 -10408 0 0 0 0 0 1 1019 17155 14389 0 0 0 0 0
1787956646.496 t 30 1317365 35 1098 -178 -10408 0 0 0 0 0 1 1019 17155 14389 0 0 0 0 0
1787956646.554 t 31 1317421 35 1098 -178 -10408 0 0 0 0 0 1 1019 17155 14389 0 0 0 0 0
1787956646.607 t 32 1317477 35 1098 -178 -10408 0 0 0 0 0 1 1019 17155 14389 0 0 0 0 0
1787956646.664 t 33 1317533 35 1098 -178 -10408 0 0 0 0 0 1 1019 17155 14389 0 0 0 0 0
1787956646.720 t 34 1317589 35 1098 -178 -10408 0 0 0 0 0 1 1019 17155 14389 0 0 0 0 0
1787956646.776 t 35 1317645 35 1098 -178 -10408 0 0 0 0 0 1 1019 17155 14389 0 0 0 0 0
1787956646.833 t 36 1317701 35 1098 -178 -10408 0 0 0 0 0 1 1019 17155 14389 0 0 0 0 0
1787956646.892 thdr seq now flags x y h ox oy oh vl vr i2cf cyc posl posr dutl dutr lexc wrng cycovr
1787956646.894 t 37 1317757 35 1098 -178 -10408 0 0 0 0 0 1 1019 17155 14389 0 0 0 0 0
1787956646.939 t 38 1317809 35 1098 -178 -10408 0 0 0 0 0 1 1019 17155 14389 0 0 0 0 0
1787956646.996 t 39 1317865 35 1098 -178 -10408 0 0 0 0 0 1 1019 17155 14389 0 0 0 0 0
1787956647.053 >>> SET stall_clear 1 #38
1787956647.053 t 40 1317921 35 1098 -178 -10408 0 0 0 0 0 1 1019 17155 14389 0 0 0 0 0
1787956647.070 ack 38 37 stall
1787956647.108 t 41 1317977 35 1098 -178 -10408 0 0 0 0 0 1 1019 17155 14389 0 0 0 0 0
1787956647.166 t 42 1318033 35 1098 -178 -10408 0 0 0 0 0 1 1019 17155 14389 0 0 0 0 0
1787956647.220 t 43 1318089 35 1098 -178 -10408 0 0 0 0 0 1 1019 17155 14389 0 0 0 0 0
1787956647.276 t 44 1318145 35 1098 -178 -10408 0 0 0 0 0 1 1019 17155 14389 0 0 0 0 0
1787956647.331 t 45 1318201 35 1098 -178 -10408 0 0 0 0 0 1 1019 17155 14389 0 0 0 0 0
1787956647.387 t 46 1318257 35 1098 -178 -10408 0 0 0 0 0 1 1019 17155 14389 0 0 0 0 0
1787956647.444 t 47 1318313 35 1098 -178 -10408 0 0 0 0 0 1 1019 17155 14389 0 0 0 0 0
1787956647.508 t 48 1318369 35 1098 -178 -10408 0 0 0 0 0 1 1019 17155 14389 0 0 0 0 0
1787956647.554 >>> SET stall_window 0 #39
1787956647.556 t 49 1318425 35 1098 -178 -10408 0 0 0 0 0 1 1019 17155 14389 0 0 0 0 0
1787956647.569 ack 39 37 stall
1787956647.612 t 50 1318481 35 1098 -178 -10408 0 0 0 0 0 1 1019 17155 14389 0 0 0 0 0
1787956647.680 t 51 1318537 35 1098 -178 -10408 0 0 0 0 0 1 1019 17155 14389 0 0 0 0 0
1787956647.724 t 52 1318593 35 1098 -178 -10408 0 0 0 0 0 1 1019 17155 14389 0 0 0 0 0
1787956647.781 t 53 1318649 35 1098 -178 -10408 0 0 0 0 0 1 1019 17155 14389 0 0 0 0 0
1787956647.835 t 54 1318705 35 1098 -178 -10408 0 0 0 0 0 1 1019 17155 14389 0 0 0 0 0
1787956647.891 t 55 1318761 35 1098 -178 -10408 0 0 0 0 0 1 1019 17155 14389 0 0 0 0 0
1787956647.954 thdr seq now flags x y h ox oy oh vl vr i2cf cyc posl posr dutl dutr lexc wrng cycovr
1787956647.957 t 56 1318817 35 1098 -178 -10408 0 0 0 0 0 1 1019 17155 14389 0 0 0 0 0
1787956647.999 t 57 1318869 35 1098 -178 -10408 0 0 0 0 0 1 1019 17155 14389 0 0 0 0 0
1787956648.055 === STEP FWD duty=30% v=255
1787956648.055 >>> WHEELS_V 255 255 2000 #40
1787956648.059 t 58 1318925 35 1098 -178 -10408 0 0 0 0 0 1 1019 17155 14389 0 0 0 0 0
1787956648.067 ack 40 37 stall
1787956648.124 t 59 1318993 31 1098 -179 -10423 0 0 0 56 45 1 1021 17175 14405 3000 3000 0 0 0
1787956648.197 t 60 1319065 31 1094 -193 -10525 0 0 0 256 210 1 1024 17369 14572 3000 3000 0 0 0
1787956648.272 t 61 1319137 31 1090 -209 -10622 0 0 0 256 217 1 1027 17600 14777 3000 3000 0 0 0
1787956648.341 t 62 1319209 31 1085 -226 -10713 0 0 0 246 220 1 1030 17830 14983 3000 3000 0 0 0
1787956648.413 t 63 1319281 31 1079 -242 -10829 0 0 0 256 220 1 1033 18061 15183 3000 3000 0 0 0
1787956648.485 t 64 1319353 31 1074 -258 -10935 0 0 0 256 200 1 1036 18289 15383 3000 3000 0 0 0
1787956648.558 t 65 1319425 31 1068 -274 -11014 0 0 0 253 230 1 1039 18516 15589 3000 3000 0 0 0
1787956648.636 t 66 1319497 31 1062 -290 -11100 0 0 0 246 227 1 1042 18741 15791 3000 3000 0 0 0
1787956648.703 t 67 1319569 31 1056 -305 -11164 0 0 0 236 227 1 1045 18961 15994 3000 3000 0 0 0
1787956648.773 t 68 1319641 31 1050 -321 -11236 0 0 0 263 236 1 1048 19191 16205 3000 3000 0 0 0
1787956648.845 t 69 1319713 31 1043 -337 -11300 0 0 0 262 236 1 1051 19419 16416 3000 3000 0 0 0
1787956648.917 t 70 1319785 31 1036 -353 -11341 0 0 0 256 236 1 1054 19647 16633 3000 3000 0 0 0
1787956648.989 t 71 1319857 31 1029 -370 -11424 0 0 0 266 240 1 1057 19886 16850 3000 3000 0 0 0
1787956649.062 t 72 1319929 31 1021 -386 -11499 0 0 0 266 226 1 1060 20122 17066 3000 3000 0 0 0
1787956649.132 t 73 1320001 31 1014 -402 -11559 0 0 0 276 230 1 1063 20361 17289 3000 3000 0 0 0
1787956649.208 t 74 1320073 31 1006 -419 -11623 0 0 0 266 230 1 1066 20600 17511 3000 3100 0 0 0
1787956649.277 thdr seq now flags x y h ox oy oh vl vr i2cf cyc posl posr dutl dutr lexc wrng cycovr
1787956649.285 t 75 1320145 31 998 -435 -11676 0 0 0 276 246 1 1069 20839 17736 3000 3000 0 0 0
1787956649.349 t 76 1320217 31 989 -451 -11717 0 0 0 242 250 1 1072 21075 17961 3000 3100 0 0 0
1787956649.421 t 77 1320289 31 981 -467 -11793 0 0 0 256 226 1 1075 21311 18177 3000 3000 0 0 0
1787956649.494 t 78 1320361 31 973 -483 -11864 0 0 0 256 237 1 1078 21547 18394 3000 3100 0 0 0
1787956649.564 t 79 1320433 31 964 -498 -11894 0 0 0 246 236 1 1081 21772 18611 3000 3000 0 0 0
1787956649.637 t 80 1320505 31 956 -513 -11988 0 0 0 253 210 1 1084 22002 18816 3000 3100 0 0 0
1787956649.709 t 81 1320577 31 947 -528 -12033 0 0 0 246 236 1 1087 22225 19027 3000 3000 0 0 0
1787956649.780 t 82 1320649 31 938 -543 -12101 0 0 0 253 220 1 1090 22452 19236 3100 3100 0 0 0
1787956649.854 t 83 1320721 31 929 -557 -12154 0 0 0 253 230 1 1093 22677 19447 3000 3000 0 0 0
1787956649.926 t 84 1320793 31 920 -572 -12206 0 0 0 256 236 1 1096 22905 19661 3000 3000 0 0 0
1787956650.000 t 85 1320865 31 911 -587 -12259 0 0 0 256 230 1 1099 23133 19875 3000 3100 0 0 0
1787956650.069 t 86 1320937 31 901 -602 -12312 0 0 0 246 236 1 1102 23366 20094 3000 3000 0 0 0
1787956650.127 t 87 1320993 31 898 -607 -12365 0 0 0 282 236 1 1103 23452 20166 3000 3000 0 0 0
1787956650.180 t 88 1321049 31 898 -607 -12365 0 0 0 282 236 1 1103 23452 20166 3000 3000 0 0 0
1787956650.239 t 89 1321105 31 898 -607 -12365 0 0 0 282 236 1 1103 23452 20166 3000 3000 0 0 0
1787956650.294 t 90 1321163 31 898 -607 -12365 0 0 0 282 236 1 1103 23452 20166 3000 3000 0 0 0
1787956650.347 t 91 1321215 31 898 -607 -12365 0 0 0 282 236 1 1103 23452 20166 3000 3000 0 0 0
1787956650.400 t 92 1321267 31 898 -607 -12365 0 0 0 282 236 1 1103 23452 20166 3000 3000 0 0 0
1787956650.452 t 93 1321319 31 898 -607 -12365 0 0 0 282 236 1 1103 23452 20166 3000 3000 0 0 0
1787956650.504 thdr seq now flags x y h ox oy oh vl vr i2cf cyc posl posr dutl dutr lexc wrng cycovr
1787956650.512 t 94 1321371 31 898 -607 -12365 0 0 0 282 236 1 1103 23452 20166 3000 3000 0 0 0
1787956650.555 t 95 1321423 31 898 -607 -12365 0 0 0 282 236 1 1103 23452 20166 3000 3000 0 0 0
1787956650.606 t 96 1321475 31 898 -607 -12365 0 0 0 282 236 1 1103 23452 20166 3000 3000 0 0 0
1787956650.658 t 97 1321527 31 898 -607 -12365 0 0 0 282 236 1 1103 23452 20166 3000 3000 0 0 0
1787956650.711 t 98 1321579 31 898 -607 -12365 0 0 0 282 236 1 1103 23452 20166 3000 3000 0 0 0
1787956650.761 t 99 1321631 31 898 -607 -12365 0 0 0 282 236 1 1103 23452 20166 3000 3000 0 0 0
1787956650.810 === BIAS RESET FWD 35%
1787956650.810 >>> SET stall_window 50 #41
1787956650.816 t 100 1321683 31 898 -607 -12365 0 0 0 282 236 1 1103 23452 20166 3000 3000 0 0 0
1787956650.827 ack 41 40 timeout
1787956650.867 t 101 1321735 31 898 -607 -12365 0 0 0 282 236 1 1103 23452 20166 3000 3000 0 0 0
1787956650.923 t 102 1321787 31 898 -607 -12365 0 0 0 282 236 1 1103 23452 20166 3000 3000 0 0 0
1787956650.972 t 103 1321839 31 898 -607 -12365 0 0 0 282 236 1 1103 23452 20166 3000 3000 0 0 0
1787956651.024 t 104 1321891 31 898 -607 -12365 0 0 0 282 236 1 1103 23452 20166 3000 3000 0 0 0
1787956651.074 t 105 1321943 31 898 -607 -12365 0 0 0 282 236 1 1103 23452 20166 3000 3000 0 0 0
1787956651.128 t 106 1321995 31 898 -607 -12365 0 0 0 282 236 1 1103 23452 20166 3000 3000 0 0 0
1787956651.178 t 107 1322047 31 898 -607 -12365 0 0 0 282 236 1 1103 23452 20166 3000 3000 0 0 0
1787956651.234 t 108 1322099 31 898 -607 -12365 0 0 0 282 236 1 1103 23452 20166 3000 3000 0 0 0
1787956651.282 t 109 1322151 31 898 -607 -12365 0 0 0 282 236 1 1103 23452 20166 3000 3000 0 0 0
1787956651.332 >>> WHEELS_V 40 40 300 #42
1787956651.336 t 110 1322203 31 898 -607 -12365 0 0 0 282 236 1 1103 23452 20166 3000 3000 0 0 0
1787956651.358 ack 42 40 timeout
1787956651.404 t 111 1322273 31 874 -641 -12677 0 0 0 6 8 1 1105 24027 20658 500 500 0 0 0
1787956651.475 t 112 1322345 35 872 -643 -12718 0 0 0 36 30 1 1108 24069 20689 0 0 0 0 0
1787956651.549 thdr seq now flags x y h ox oy oh vl vr i2cf cyc posl posr dutl dutr lexc wrng cycovr
1787956651.556 t 113 1322417 35 872 -644 -12729 0 0 0 0 0 1 1111 24072 20689 0 0 0 0 0
1787956651.619 t 114 1322489 35 872 -644 -12729 0 0 0 0 0 1 1114 24072 20689 0 0 0 0 0
1787956651.676 t 115 1322545 35 872 -644 -12729 0 0 0 0 0 1 1116 24072 20689 0 0 0 0 0
1787956651.732 t 116 1322601 35 872 -644 -12729 0 0 0 0 0 1 1116 24072 20689 0 0 0 0 0
1787956651.790 t 117 1322657 35 872 -644 -12729 0 0 0 0 0 1 1116 24072 20689 0 0 0 0 0
1787956651.845 t 118 1322713 35 872 -644 -12729 0 0 0 0 0 1 1116 24072 20689 0 0 0 0 0
1787956651.899 t 119 1322769 35 872 -644 -12729 0 0 0 0 0 1 1116 24072 20689 0 0 0 0 0
1787956651.955 t 120 1322825 35 872 -644 -12729 0 0 0 0 0 1 1116 24072 20689 0 0 0 0 0
1787956652.013 t 121 1322881 35 872 -644 -12729 0 0 0 0 0 1 1116 24072 20689 0 0 0 0 0
1787956652.067 t 122 1322937 35 872 -644 -12729 0 0 0 0 0 1 1116 24072 20689 0 0 0 0 0
1787956652.124 t 123 1322993 35 872 -644 -12729 0 0 0 0 0 1 1116 24072 20689 0 0 0 0 0
1787956652.180 t 124 1323049 35 872 -644 -12729 0 0 0 0 0 1 1116 24072 20689 0 0 0 0 0
1787956652.235 t 125 1323105 35 872 -644 -12729 0 0 0 0 0 1 1116 24072 20689 0 0 0 0 0
1787956652.292 t 126 1323161 35 872 -644 -12729 0 0 0 0 0 1 1116 24072 20689 0 0 0 0 0
1787956652.348 t 127 1323217 35 872 -644 -12729 0 0 0 0 0 1 1116 24072 20689 0 0 0 0 0
1787956652.405 t 0 1323273 35 872 -644 -12729 0 0 0 0 0 1 1116 24072 20689 0 0 0 0 0
1787956652.460 t 1 1323329 35 872 -644 -12729 0 0 0 0 0 1 1116 24072 20689 0 0 0 0 0
1787956652.523 t 2 1323385 35 872 -644 -12729 0 0 0 0 0 1 1116 24072 20689 0 0 0 0 0
1787956652.572 t 3 1323441 35 872 -644 -12729 0 0 0 0 0 1 1116 24072 20689 0 0 0 0 0
1787956652.627 >>> SET stall_clear 1 #43
1787956652.630 thdr seq now flags x y h ox oy oh vl vr i2cf cyc posl posr dutl dutr lexc wrng cycovr
1787956652.634 t 4 1323497 35 872 -644 -12729 0 0 0 0 0 1 1116 24072 20689 0 0 0 0 0
1787956652.642 ack 43 42 stall
1787956652.680 t 5 1323549 35 872 -644 -12729 0 0 0 0 0 1 1116 24072 20689 0 0 0 0 0
1787956652.735 t 6 1323605 35 872 -644 -12729 0 0 0 0 0 1 1116 24072 20689 0 0 0 0 0
1787956652.792 t 7 1323661 35 872 -644 -12729 0 0 0 0 0 1 1116 24072 20689 0 0 0 0 0
1787956652.847 t 8 1323717 35 872 -644 -12729 0 0 0 0 0 1 1116 24072 20689 0 0 0 0 0
1787956652.903 t 9 1323773 35 872 -644 -12729 0 0 0 0 0 1 1116 24072 20689 0 0 0 0 0
1787956652.962 t 10 1323829 35 872 -644 -12729 0 0 0 0 0 1 1116 24072 20689 0 0 0 0 0
1787956653.017 t 11 1323885 35 872 -644 -12729 0 0 0 0 0 1 1116 24072 20689 0 0 0 0 0
1787956653.079 t 12 1323941 35 872 -644 -12729 0 0 0 0 0 1 1116 24072 20689 0 0 0 0 0
1787956653.127 t 13 1323997 35 872 -644 -12729 0 0 0 0 0 1 1116 24072 20689 0 0 0 0 0
1787956653.179 >>> SET stall_window 0 #44
1787956653.183 t 14 1324053 35 872 -644 -12729 0 0 0 0 0 1 1116 24072 20689 0 0 0 0 0
1787956653.196 ack 44 42 stall
1787956653.242 t 15 1324109 35 872 -644 -12729 0 0 0 0 0 1 1116 24072 20689 0 0 0 0 0
1787956653.295 t 16 1324165 35 872 -644 -12729 0 0 0 0 0 1 1116 24072 20689 0 0 0 0 0
1787956653.351 t 17 1324221 35 872 -644 -12729 0 0 0 0 0 1 1116 24072 20689 0 0 0 0 0
1787956653.407 t 18 1324277 35 872 -644 -12729 0 0 0 0 0 1 1116 24072 20689 0 0 0 0 0
1787956653.463 t 19 1324333 35 872 -644 -12729 0 0 0 0 0 1 1116 24072 20689 0 0 0 0 0
1787956653.519 t 20 1324389 35 872 -644 -12729 0 0 0 0 0 1 1116 24072 20689 0 0 0 0 0
1787956653.576 t 21 1324445 35 872 -644 -12729 0 0 0 0 0 1 1116 24072 20689 0 0 0 0 0
1787956653.632 t 22 1324501 35 872 -644 -12729 0 0 0 0 0 1 1116 24072 20689 0 0 0 0 0
1787956653.683 === STEP FWD duty=35% v=298
1787956653.684 >>> WHEELS_V 298 298 2000 #45
1787956653.688 thdr seq now flags x y h ox oy oh vl vr i2cf cyc posl posr dutl dutr lexc wrng cycovr
1787956653.694 t 23 1324557 35 872 -644 -12729 0 0 0 0 0 1 1116 24072 20689 0 0 0 0 0
1787956653.696 ack 45 42 stall
1787956653.754 t 24 1324621 31 871 -645 -12711 0 0 0 48 62 1 1118 24089 20711 3500 3500 0 0 0
1787956653.824 t 25 1324693 31 861 -658 -12793 0 0 0 272 256 1 1121 24305 20905 3500 3500 0 0 0
1787956653.899 t 26 1324765 31 848 -674 -12854 0 0 0 289 276 1 1124 24577 21161 3500 3500 0 0 0
1787956653.968 t 27 1324837 31 835 -690 -12910 0 0 0 282 282 1 1127 24850 21419 3500 3500 0 0 0
1787956654.041 t 28 1324909 31 822 -706 -12982 0 0 0 292 272 1 1130 25122 21672 3500 3500 0 0 0
1787956654.112 t 29 1324981 31 808 -722 -13034 0 0 0 299 272 1 1133 25391 21927 3500 3500 0 0 0
1787956654.185 t 30 1325053 31 795 -737 -13076 0 0 0 272 272 1 1136 25652 22177 3500 3500 0 0 0
1787956654.257 t 31 1325125 31 782 -752 -13128 0 0 0 282 272 1 1139 25916 22427 3500 3500 0 0 0
1787956654.329 t 32 1325197 31 769 -767 -13200 0 0 0 299 256 1 1142 26180 22672 3500 3500 0 0 0
1787956654.404 t 33 1325269 31 755 -782 -13253 0 0 0 282 282 1 1145 26441 22919 3500 3500 0 0 0
1787956654.472 t 34 1325341 31 741 -797 -13328 0 0 0 292 272 1 1148 26708 23166 3600 3500 0 0 0
1787956654.548 t 35 1325413 31 727 -812 -13429 0 0 0 299 276 1 1151 26980 23411 3500 3500 0 0 0
1787956654.616 t 36 1325485 31 713 -826 -13505 0 0 0 309 262 1 1154 27255 23666 3500 3500 0 0 0
1787956654.689 t 37 1325557 31 697 -841 -13580 0 0 0 318 272 1 1157 27536 23927 3500 3500 0 0 0
1787956654.761 t 38 1325629 31 682 -856 -13670 0 0 0 328 272 1 1160 27816 24183 3500 3600 0 0 0
1787956654.833 t 39 1325701 31 667 -871 -13681 0 0 0 292 292 1 1163 28086 24450 3600 3500 0 0 0
1787956654.905 t 40 1325773 31 651 -885 -13734 0 0 0 292 276 1 1166 28361 24711 3500 3500 0 0 0
1787956654.983 t 41 1325845 31 635 -899 -13757 0 0 0 302 299 1 1169 28636 24980 3500 3500 0 0 0
1787956655.051 thdr seq now flags x y h ox oy oh vl vr i2cf cyc posl posr dutl dutr lexc wrng cycovr
1787956655.055 t 42 1325917 31 620 -913 -13745 0 0 0 292 302 1 1172 28900 25247 3500 3500 0 0 0
1787956655.121 t 43 1325989 31 605 -927 -13794 0 0 0 282 282 1 1175 29166 25500 3500 3600 0 0 0
1787956655.193 t 44 1326061 31 589 -941 -13817 0 0 0 283 282 1 1178 29433 25761 3500 3500 0 0 0
1787956655.263 t 45 1326133 31 574 -954 -13858 0 0 0 292 256 1 1181 29694 26011 3500 3500 0 0 0
1787956655.337 t 46 1326205 31 559 -968 -13911 0 0 0 293 276 1 1184 29961 26264 3500 3600 0 0 0
1787956655.409 t 47 1326277 31 543 -981 -13967 0 0 0 292 272 1 1187 30228 26516 3500 3500 0 0 0
1787956655.480 t 48 1326349 31 528 -994 -14050 0 0 0 312 263 1 1190 30500 26766 3500 3500 0 0 0
1787956655.555 t 49 1326421 31 511 -1008 -14080 0 0 0 309 298 1 1193 30772 27030 3600 3500 0 0 0
1787956655.624 t 50 1326493 31 495 -1021 -14186 0 0 0 322 292 1 1196 31053 27283 3500 3600 0 0 0
1787956655.699 t 51 1326565 31 478 -1034 -14246 0 0 0 318 292 1 1199 31330 27544 3500 3500 0 0 0
1787956655.751 t 52 1326621 31 472 -1038 -14276 0 0 0 328 302 1 1200 31430 27636 3600 3600 0 0 0
1787956655.809 t 53 1326677 31 472 -1038 -14276 0 0 0 328 302 1 1200 31430 27636 3600 3600 0 0 0
1787956655.858 t 54 1326727 31 472 -1038 -14276 0 0 0 328 302 1 1200 31430 27636 3600 3600 0 0 0
1787956655.911 t 55 1326779 31 472 -1038 -14276 0 0 0 328 302 1 1200 31430 27636 3600 3600 0 0 0
1787956655.965 t 56 1326831 31 472 -1038 -14276 0 0 0 328 302 1 1200 31430 27636 3600 3600 0 0 0
1787956656.015 t 57 1326883 31 472 -1038 -14276 0 0 0 328 302 1 1200 31430 27636 3600 3600 0 0 0
1787956656.069 t 58 1326935 31 472 -1038 -14276 0 0 0 328 302 1 1200 31430 27636 3600 3600 0 0 0
1787956656.118 t 59 1326987 31 472 -1038 -14276 0 0 0 328 302 1 1200 31430 27636 3600 3600 0 0 0
1787956656.177 t 60 1327039 31 472 -1038 -14276 0 0 0 328 302 1 1200 31430 27636 3600 3600 0 0 0
1787956656.225 thdr seq now flags x y h ox oy oh vl vr i2cf cyc posl posr dutl dutr lexc wrng cycovr
1787956656.229 t 61 1327091 31 472 -1038 -14276 0 0 0 328 302 1 1200 31430 27636 3600 3600 0 0 0
1787956656.279 t 62 1327143 31 472 -1038 -14276 0 0 0 328 302 1 1200 31430 27636 3600 3600 0 0 0
1787956656.326 t 63 1327195 31 472 -1038 -14276 0 0 0 328 302 1 1200 31430 27636 3600 3600 0 0 0
1787956656.378 t 64 1327247 31 472 -1038 -14276 0 0 0 328 302 1 1200 31430 27636 3600 3600 0 0 0
1787956656.431 t 65 1327299 31 472 -1038 -14276 0 0 0 328 302 1 1200 31430 27636 3600 3600 0 0 0
1787956656.479 === BIAS RESET FWD 40%
1787956656.480 >>> SET stall_window 50 #46
1787956656.483 t 66 1327351 31 472 -1038 -14276 0 0 0 328 302 1 1200 31430 27636 3600 3600 0 0 0
1787956656.495 ack 46 45 timeout
1787956656.535 t 67 1327403 31 472 -1038 -14276 0 0 0 328 302 1 1200 31430 27636 3600 3600 0 0 0
1787956656.588 t 68 1327455 31 472 -1038 -14276 0 0 0 328 302 1 1200 31430 27636 3600 3600 0 0 0
1787956656.638 t 69 1327507 31 472 -1038 -14276 0 0 0 328 302 1 1200 31430 27636 3600 3600 0 0 0
1787956656.690 t 70 1327559 31 472 -1038 -14276 0 0 0 328 302 1 1200 31430 27636 3600 3600 0 0 0
1787956656.742 t 71 1327611 31 472 -1038 -14276 0 0 0 328 302 1 1200 31430 27636 3600 3600 0 0 0
1787956656.794 t 72 1327663 31 472 -1038 -14276 0 0 0 328 302 1 1200 31430 27636 3600 3600 0 0 0
1787956656.847 t 73 1327715 31 472 -1038 -14276 0 0 0 328 302 1 1200 31430 27636 3600 3600 0 0 0
1787956656.898 t 74 1327767 31 472 -1038 -14276 0 0 0 328 302 1 1200 31430 27636 3600 3600 0 0 0
1787956656.953 t 75 1327819 31 472 -1038 -14276 0 0 0 328 302 1 1200 31430 27636 3600 3600 0 0 0
1787956656.997 >>> WHEELS_V 40 40 300 #47
1787956657.001 t 76 1327871 31 472 -1038 -14276 0 0 0 328 302 1 1200 31430 27636 3600 3600 0 0 0
1787956657.007 ack 47 45 timeout
1787956657.066 t 77 1327933 31 433 -1067 -14434 0 0 0 6 14 1 1202 32066 28230 500 500 0 0 0
1787956657.136 t 78 1328005 35 431 -1069 -14423 0 0 0 36 36 1 1205 32094 28261 0 0 0 0 0
1787956657.208 t 79 1328077 35 431 -1069 -14423 0 0 0 0 0 1 1208 32094 28261 0 0 0 0 0
1787956657.281 thdr seq now flags x y h ox oy oh vl vr i2cf cyc posl posr dutl dutr lexc wrng cycovr
1787956657.287 t 80 1328149 35 431 -1069 -14423 0 0 0 0 0 1 1211 32094 28261 0 0 0 0 0
1787956657.339 t 81 1328205 35 431 -1069 -14423 0 0 0 0 0 1 1213 32094 28261 0 0 0 0 0
1787956657.391 t 82 1328261 35 431 -1069 -14423 0 0 0 0 0 1 1213 32094 28261 0 0 0 0 0
1787956657.447 t 83 1328317 35 431 -1069 -14423 0 0 0 0 0 1 1213 32094 28261 0 0 0 0 0
1787956657.507 t 84 1328373 35 431 -1069 -14423 0 0 0 0 0 1 1213 32094 28261 0 0 0 0 0
1787956657.559 t 85 1328429 35 431 -1069 -14423 0 0 0 0 0 1 1213 32094 28261 0 0 0 0 0
1787956657.615 t 86 1328485 35 431 -1069 -14423 0 0 0 0 0 1 1213 32094 28261 0 0 0 0 0
1787956657.672 t 87 1328541 35 431 -1069 -14423 0 0 0 0 0 1 1213 32094 28261 0 0 0 0 0
1787956657.727 t 88 1328597 35 431 -1069 -14423 0 0 0 0 0 1 1213 32094 28261 0 0 0 0 0
1787956657.783 t 89 1328653 35 431 -1069 -14423 0 0 0 0 0 1 1213 32094 28261 0 0 0 0 0
1787956657.842 t 90 1328709 35 431 -1069 -14423 0 0 0 0 0 1 1213 32094 28261 0 0 0 0 0
1787956657.896 t 91 1328765 35 431 -1069 -14423 0 0 0 0 0 1 1213 32094 28261 0 0 0 0 0
1787956657.952 t 92 1328821 35 431 -1069 -14423 0 0 0 0 0 1 1213 32094 28261 0 0 0 0 0
1787956658.007 t 93 1328877 35 431 -1069 -14423 0 0 0 0 0 1 1213 32094 28261 0 0 0 0 0
1787956658.064 t 94 1328933 35 431 -1069 -14423 0 0 0 0 0 1 1213 32094 28261 0 0 0 0 0
1787956658.121 t 95 1328989 35 431 -1069 -14423 0 0 0 0 0 1 1213 32094 28261 0 0 0 0 0
1787956658.176 t 96 1329045 35 431 -1069 -14423 0 0 0 0 0 1 1213 32094 28261 0 0 0 0 0
1787956658.233 t 97 1329101 35 431 -1069 -14423 0 0 0 0 0 1 1213 32094 28261 0 0 0 0 0
1787956658.288 >>> SET stall_clear 1 #48
1787956658.289 t 98 1329157 35 431 -1069 -14423 0 0 0 0 0 1 1213 32094 28261 0 0 0 0 0
1787956658.299 ack 48 47 stall
1787956658.344 thdr seq now flags x y h ox oy oh vl vr i2cf cyc posl posr dutl dutr lexc wrng cycovr
1787956658.353 t 99 1329213 35 431 -1069 -14423 0 0 0 0 0 1 1213 32094 28261 0 0 0 0 0
1787956658.397 t 100 1329265 35 431 -1069 -14423 0 0 0 0 0 1 1213 32094 28261 0 0 0 0 0
1787956658.452 t 101 1329321 35 431 -1069 -14423 0 0 0 0 0 1 1213 32094 28261 0 0 0 0 0
1787956658.508 t 102 1329377 35 431 -1069 -14423 0 0 0 0 0 1 1213 32094 28261 0 0 0 0 0
1787956658.567 t 103 1329433 35 431 -1069 -14423 0 0 0 0 0 1 1213 32094 28261 0 0 0 0 0
1787956658.620 t 104 1329489 35 431 -1069 -14423 0 0 0 0 0 1 1213 32094 28261 0 0 0 0 0
1787956658.675 t 105 1329545 35 431 -1069 -14423 0 0 0 0 0 1 1213 32094 28261 0 0 0 0 0
1787956658.733 t 106 1329601 35 431 -1069 -14423 0 0 0 0 0 1 1213 32094 28261 0 0 0 0 0
1787956658.788 t 107 1329657 35 431 -1069 -14423 0 0 0 0 0 1 1213 32094 28261 0 0 0 0 0
1787956658.840 >>> SET stall_window 0 #49
1787956658.845 t 108 1329713 35 431 -1069 -14423 0 0 0 0 0 1 1213 32094 28261 0 0 0 0 0
1787956658.854 ack 49 47 stall
1787956658.899 t 109 1329769 35 431 -1069 -14423 0 0 0 0 0 1 1213 32094 28261 0 0 0 0 0
1787956658.955 t 110 1329825 35 431 -1069 -14423 0 0 0 0 0 1 1213 32094 28261 0 0 0 0 0
1787956659.013 t 111 1329881 35 431 -1069 -14423 0 0 0 0 0 1 1213 32094 28261 0 0 0 0 0
1787956659.070 t 112 1329937 35 431 -1069 -14423 0 0 0 0 0 1 1213 32094 28261 0 0 0 0 0
1787956659.123 t 113 1329993 35 431 -1069 -14423 0 0 0 0 0 1 1213 32094 28261 0 0 0 0 0
1787956659.181 t 114 1330049 35 431 -1069 -14423 0 0 0 0 0 1 1213 32094 28261 0 0 0 0 0
1787956659.236 t 115 1330105 35 431 -1069 -14423 0 0 0 0 0 1 1213 32094 28261 0 0 0 0 0
1787956659.291 t 116 1330161 35 431 -1069 -14423 0 0 0 0 0 1 1213 32094 28261 0 0 0 0 0
1787956659.345 === STEP FWD duty=40% v=340
1787956659.346 >>> WHEELS_V 340 340 2000 #50
1787956659.349 t 117 1330217 35 431 -1069 -14423 0 0 0 0 0 1 1213 32094 28261 0 0 0 0 0
1787956659.359 ack 50 47 stall
1787956659.419 thdr seq now flags x y h ox oy oh vl vr i2cf cyc posl posr dutl dutr lexc wrng cycovr
1787956659.424 t 118 1330285 31 430 -1069 -14415 0 0 0 48 53 1 1215 32111 28280 4000 4000 0 0 0
1787956659.488 t 119 1330357 31 415 -1080 -14457 0 0 0 313 295 1 1218 32347 28505 4000 4000 0 0 0
1787956659.561 t 120 1330429 31 396 -1093 -14498 0 0 0 338 318 1 1221 32647 28794 4000 4000 0 0 0
1787956659.633 t 121 1330501 31 377 -1107 -14506 0 0 0 309 322 1 1224 32944 29089 4000 4100 0 0 0
1787956659.704 t 122 1330573 31 358 -1120 -14528 0 0 0 318 308 1 1227 33244 29383 4000 4000 0 0 0
1787956659.776 t 123 1330645 31 339 -1133 -14581 0 0 0 338 309 1 1230 33547 29672 4000 4000 0 0 0
1787956659.851 t 124 1330717 31 319 -1146 -14645 0 0 0 329 318 1 1233 33850 29958 4000 4000 0 0 0
1787956659.923 t 125 1330789 31 300 -1159 -14746 0 0 0 328 312 1 1236 34158 30239 4000 4000 0 0 0
1787956660.000 t 126 1330861 31 280 -1171 -14833 0 0 0 338 299 1 1239 34472 30530 4000 4000 0 0 0
1787956660.067 t 127 1330933 31 259 -1184 -14904 0 0 0 348 328 1 1242 34789 30828 4000 4000 0 0 0
1787956660.138 t 0 1331005 31 238 -1196 -14957 0 0 0 338 328 1 1245 35103 31128 4000 4000 0 0 0
1787956660.209 t 1 1331077 31 217 -1208 -15006 0 0 0 345 328 1 1248 35416 31428 4000 4000 0 0 0
1787956660.281 t 2 1331149 31 196 -1220 -15051 0 0 0 348 312 1 1251 35728 31728 4000 4000 0 0 0
1787956660.352 t 3 1331221 31 175 -1232 -15062 0 0 0 348 338 1 1254 36039 32036 4000 4000 0 0 0
1787956660.423 t 4 1331293 31 155 -1244 -15081 0 0 0 335 329 1 1257 36341 32333 4000 4000 0 0 0
1787956660.497 t 5 1331365 31 134 -1255 -15093 0 0 0 319 328 1 1260 36644 32633 4000 4100 0 0 0
1787956660.569 t 6 1331437 31 113 -1267 -15070 0 0 0 319 329 1 1263 36944 32939 4000 4000 0 0 0
1787956660.641 t 7 1331509 31 92 -1278 -15168 0 0 0 338 309 1 1266 37253 33222 4000 4000 0 0 0
1787956660.715 t 8 1331581 31 72 -1289 -15217 0 0 0 338 322 1 1269 37558 33514 4000 4000 0 0 0
1787956660.786 thdr seq now flags x y h ox oy oh vl vr i2cf cyc posl posr dutl dutr lexc wrng cycovr
1787956660.792 t 9 1331653 31 51 -1300 -15299 0 0 0 345 318 1 1272 37866 33800 4000 4000 0 0 0
1787956660.861 t 10 1331725 31 29 -1310 -15386 0 0 0 321 335 1 1275 38183 34094 4000 4000 0 0 0
1787956660.933 t 11 1331797 31 8 -1321 -15491 0 0 0 348 318 1 1278 38500 34383 4000 4000 0 0 0
1787956661.001 t 12 1331869 31 -14 -1331 -15552 0 0 0 335 328 1 1281 38816 34683 4000 4000 0 0 0
1787956661.071 t 13 1331941 31 -37 -1341 -15604 0 0 0 344 338 1 1284 39133 34986 4100 4000 0 0 0
1787956661.149 t 14 1332013 31 -59 -1350 -15646 0 0 0 338 338 1 1287 39444 35286 4000 4000 0 0 0
1787956661.217 t 15 1332085 31 -81 -1360 -15657 0 0 0 328 328 1 1290 39750 35589 4000 4100 0 0 0
1787956661.292 t 16 1332157 31 -103 -1370 -15657 0 0 0 328 328 1 1293 40055 35894 4000 4000 0 0 0
1787956661.359 t 17 1332229 31 -125 -1379 -15623 0 0 0 318 338 1 1296 40355 36203 4100 4000 0 0 0
1787956661.417 t 18 1332285 31 -132 -1382 -15657 0 0 0 364 335 1 1297 40466 36305 4000 4000 0 0 0
1787956661.473 t 19 1332343 31 -132 -1382 -15657 0 0 0 364 335 1 1297 40466 36305 4000 4000 0 0 0
1787956661.535 t 20 1332395 31 -132 -1382 -15657 0 0 0 364 335 1 1297 40466 36305 4000 4000 0 0 0
1787956661.580 t 21 1332447 31 -132 -1382 -15657 0 0 0 364 335 1 1297 40466 36305 4000 4000 0 0 0
1787956661.637 t 22 1332499 31 -132 -1382 -15657 0 0 0 364 335 1 1297 40466 36305 4000 4000 0 0 0
1787956661.682 t 23 1332551 31 -132 -1382 -15657 0 0 0 364 335 1 1297 40466 36305 4000 4000 0 0 0
1787956661.739 t 24 1332603 31 -132 -1382 -15657 0 0 0 364 335 1 1297 40466 36305 4000 4000 0 0 0
1787956661.785 t 25 1332655 31 -132 -1382 -15657 0 0 0 364 335 1 1297 40466 36305 4000 4000 0 0 0
1787956661.841 t 26 1332707 31 -132 -1382 -15657 0 0 0 364 335 1 1297 40466 36305 4000 4000 0 0 0
1787956661.890 t 27 1332759 31 -132 -1382 -15657 0 0 0 364 335 1 1297 40466 36305 4000 4000 0 0 0
1787956661.944 thdr seq now flags x y h ox oy oh vl vr i2cf cyc posl posr dutl dutr lexc wrng cycovr
1787956661.950 t 28 1332811 31 -132 -1382 -15657 0 0 0 364 335 1 1297 40466 36305 4000 4000 0 0 0
1787956661.994 t 29 1332863 31 -132 -1382 -15657 0 0 0 364 335 1 1297 40466 36305 4000 4000 0 0 0
1787956662.048 t 30 1332915 31 -132 -1382 -15657 0 0 0 364 335 1 1297 40466 36305 4000 4000 0 0 0
1787956662.099 t 31 1332967 31 -132 -1382 -15657 0 0 0 364 335 1 1297 40466 36305 4000 4000 0 0 0
1787956662.149 === BIAS RESET FWD 50%
1787956662.149 >>> SET stall_window 50 #51
1787956662.151 t 32 1333019 31 -132 -1382 -15657 0 0 0 364 335 1 1297 40466 36305 4000 4000 0 0 0
1787956662.163 ack 51 50 timeout
1787956662.201 t 33 1333071 31 -132 -1382 -15657 0 0 0 364 335 1 1297 40466 36305 4000 4000 0 0 0
1787956662.254 t 34 1333123 31 -132 -1382 -15657 0 0 0 364 335 1 1297 40466 36305 4000 4000 0 0 0
1787956662.306 t 35 1333175 31 -132 -1382 -15657 0 0 0 364 335 1 1297 40466 36305 4000 4000 0 0 0
1787956662.357 t 36 1333227 31 -132 -1382 -15657 0 0 0 364 335 1 1297 40466 36305 4000 4000 0 0 0
1787956662.411 t 37 1333279 31 -132 -1382 -15657 0 0 0 364 335 1 1297 40466 36305 4000 4000 0 0 0
1787956662.463 t 38 1333331 31 -132 -1382 -15657 0 0 0 364 335 1 1297 40466 36305 4000 4000 0 0 0
1787956662.513 t 39 1333383 31 -132 -1382 -15657 0 0 0 364 335 1 1297 40466 36305 4000 4000 0 0 0
1787956662.567 t 40 1333435 31 -132 -1382 -15657 0 0 0 364 335 1 1297 40466 36305 4000 4000 0 0 0
1787956662.622 t 41 1333487 31 -132 -1382 -15657 0 0 0 364 335 1 1297 40466 36305 4000 4000 0 0 0
1787956662.662 >>> WHEELS_V 40 40 300 #52
1787956662.671 t 42 1333539 31 -132 -1382 -15657 0 0 0 364 335 1 1297 40466 36305 4000 4000 0 0 0
1787956662.677 ack 52 50 timeout
1787956662.732 t 43 1333601 31 -181 -1402 -16022 0 0 0 14 8 1 1299 41183 36925 500 500 0 0 0
1787956662.804 t 44 1333673 35 -183 -1402 -16067 0 0 0 20 7 1 1302 41211 36941 0 0 0 0 0
1787956662.877 t 45 1333745 35 -183 -1402 -16067 0 0 0 0 0 1 1305 41211 36941 0 0 0 0 0
1787956662.947 t 46 1333817 35 -183 -1402 -16067 0 0 0 0 0 1 1308 41211 36941 0 0 0 0 0
1787956663.006 thdr seq now flags x y h ox oy oh vl vr i2cf cyc posl posr dutl dutr lexc wrng cycovr
1787956663.011 t 47 1333873 35 -183 -1402 -16067 0 0 0 0 0 1 1310 41211 36941 0 0 0 0 0
1787956663.056 t 48 1333925 35 -183 -1402 -16067 0 0 0 0 0 1 1310 41211 36941 0 0 0 0 0
1787956663.113 t 49 1333981 35 -183 -1402 -16067 0 0 0 0 0 1 1310 41211 36941 0 0 0 0 0
1787956663.173 t 50 1334037 35 -183 -1402 -16067 0 0 0 0 0 1 1310 41211 36941 0 0 0 0 0
1787956663.223 t 51 1334093 35 -183 -1402 -16067 0 0 0 0 0 1 1310 41211 36941 0 0 0 0 0
1787956663.279 t 52 1334149 35 -183 -1402 -16067 0 0 0 0 0 1 1310 41211 36941 0 0 0 0 0
1787956663.338 t 53 1334205 35 -183 -1402 -16067 0 0 0 0 0 1 1310 41211 36941 0 0 0 0 0
1787956663.392 t 54 1334261 35 -183 -1402 -16067 0 0 0 0 0 1 1310 41211 36941 0 0 0 0 0
1787956663.447 t 55 1334317 35 -183 -1402 -16067 0 0 0 0 0 1 1310 41211 36941 0 0 0 0 0
1787956663.504 t 56 1334373 35 -183 -1402 -16067 0 0 0 0 0 1 1310 41211 36941 0 0 0 0 0
1787956663.560 t 57 1334429 35 -183 -1402 -16067 0 0 0 0 0 1 1310 41211 36941 0 0 0 0 0
1787956663.620 t 58 1334485 35 -183 -1402 -16067 0 0 0 0 0 1 1310 41211 36941 0 0 0 0 0
1787956663.672 t 59 1334541 35 -183 -1402 -16067 0 0 0 0 0 1 1310 41211 36941 0 0 0 0 0
1787956663.727 t 60 1334597 35 -183 -1402 -16067 0 0 0 0 0 1 1310 41211 36941 0 0 0 0 0
1787956663.789 t 61 1334653 35 -183 -1402 -16067 0 0 0 0 0 1 1310 41211 36941 0 0 0 0 0
1787956663.840 t 62 1334709 35 -183 -1402 -16067 0 0 0 0 0 1 1310 41211 36941 0 0 0 0 0
1787956663.895 t 63 1334765 35 -183 -1402 -16067 0 0 0 0 0 1 1310 41211 36941 0 0 0 0 0
1787956663.948 >>> SET stall_clear 1 #53
1787956663.954 t 64 1334821 35 -183 -1402 -16067 0 0 0 0 0 1 1310 41211 36941 0 0 0 0 0
1787956663.962 ack 53 52 stall
1787956664.008 t 65 1334877 35 -183 -1402 -16067 0 0 0 0 0 1 1310 41211 36941 0 0 0 0 0
1787956664.068 thdr seq now flags x y h ox oy oh vl vr i2cf cyc posl posr dutl dutr lexc wrng cycovr
1787956664.070 t 66 1334933 35 -183 -1402 -16067 0 0 0 0 0 1 1310 41211 36941 0 0 0 0 0
1787956664.116 t 67 1334985 35 -183 -1402 -16067 0 0 0 0 0 1 1310 41211 36941 0 0 0 0 0
1787956664.173 t 68 1335041 35 -183 -1402 -16067 0 0 0 0 0 1 1310 41211 36941 0 0 0 0 0
1787956664.231 t 69 1335097 35 -183 -1402 -16067 0 0 0 0 0 1 1310 41211 36941 0 0 0 0 0
1787956664.285 t 70 1335153 35 -183 -1402 -16067 0 0 0 0 0 1 1310 41211 36941 0 0 0 0 0
1787956664.340 t 71 1335209 35 -183 -1402 -16067 0 0 0 0 0 1 1310 41211 36941 0 0 0 0 0
1787956664.402 t 72 1335265 35 -183 -1402 -16067 0 0 0 0 0 1 1310 41211 36941 0 0 0 0 0
1787956664.449 >>> SET stall_window 0 #54
1787956664.455 t 73 1335321 35 -183 -1402 -16067 0 0 0 0 0 1 1310 41211 36941 0 0 0 0 0
1787956664.475 ack 54 52 stall
1787956664.508 t 74 1335377 35 -183 -1402 -16067 0 0 0 0 0 1 1310 41211 36941 0 0 0 0 0
1787956664.567 t 75 1335433 35 -183 -1402 -16067 0 0 0 0 0 1 1310 41211 36941 0 0 0 0 0
1787956664.619 t 76 1335489 35 -183 -1402 -16067 0 0 0 0 0 1 1310 41211 36941 0 0 0 0 0
1787956664.678 t 77 1335545 35 -183 -1402 -16067 0 0 0 0 0 1 1310 41211 36941 0 0 0 0 0
1787956664.732 t 78 1335601 35 -183 -1402 -16067 0 0 0 0 0 1 1310 41211 36941 0 0 0 0 0
1787956664.788 t 79 1335657 35 -183 -1402 -16067 0 0 0 0 0 1 1310 41211 36941 0 0 0 0 0
1787956664.845 t 80 1335713 35 -183 -1402 -16067 0 0 0 0 0 1 1310 41211 36941 0 0 0 0 0
1787956664.900 t 81 1335769 35 -183 -1402 -16067 0 0 0 0 0 1 1310 41211 36941 0 0 0 0 0
1787956664.951 === STEP FWD duty=50% v=425
1787956664.951 >>> WHEELS_V 425 425 2000 #55
1787956664.958 t 82 1335825 35 -183 -1402 -16067 0 0 0 0 0 1 1310 41211 36941 0 0 0 0 0
1787956664.966 ack 55 52 stall
1787956665.023 t 83 1335893 31 -184 -1403 -16086 0 0 0 53 1 2 1312 41230 36955 5000 5000 0 0 0
1787956665.097 t 84 1335965 31 -204 -1409 -16233 0 0 0 400 338 2 1315 41508 37194 5000 5000 0 0 0
1787956665.169 thdr seq now flags x y h ox oy oh vl vr i2cf cyc posl posr dutl dutr lexc wrng cycovr
1787956665.175 t 85 1336037 31 -231 -1418 -16349 0 0 0 430 381 2 1318 41889 37544 5000 5000 0 0 0
1787956665.241 t 86 1336109 31 -260 -1426 -16421 0 0 0 416 408 2 1321 42278 37914 5000 5000 0 0 0
1787956665.313 t 87 1336181 31 -288 -1434 -16545 0 0 0 427 400 2 1324 42669 38272 5000 5000 0 0 0
1787956665.388 t 88 1336253 31 -317 -1441 -16556 0 0 0 420 420 2 1327 43050 38650 5000 5000 0 0 0
1787956665.568 t 89 1336325 31 -346 -1448 -16568 0 0 0 420 417 2 1330 43433 39030 5000 5000 0 0 0
1787956665.568 t 90 1336397 31 -375 -1456 -16590 0 0 0 430 401 2 1333 43814 39405 5000 5000 0 0 0
1787956665.603 t 91 1336469 31 -404 -1463 -16598 0 0 0 420 404 2 1336 44189 39778 5000 5000 0 0 0
1787956665.673 t 92 1336541 31 -433 -1470 -16620 0 0 0 421 394 2 1339 44567 40150 5000 5000 0 0 0
1787956665.745 t 93 1336613 31 -461 -1477 -16662 0 0 0 420 390 2 1342 44950 40522 5000 5000 0 0 0
1787956665.816 t 94 1336685 31 -490 -1483 -16797 0 0 0 430 404 2 1345 45342 40878 5000 5000 0 0 0
1787956665.889 t 95 1336757 31 -519 -1489 -16891 0 0 0 420 394 2 1348 45728 41239 5000 5000 0 0 0
1787956665.961 t 96 1336829 31 -549 -1495 -16963 0 0 0 436 411 2 1351 46122 41614 5000 5000 0 0 0
1787956666.042 t 97 1336901 31 -578 -1500 -17038 0 0 0 430 420 2 1354 46511 41983 5000 5000 0 0 0
1787956666.109 t 98 1336973 31 -608 -1505 -17079 0 0 0 417 400 2 1357 46894 42355 5000 5000 0 0 0
1787956666.179 t 99 1337045 31 -637 -1509 -17057 0 0 0 410 400 2 1360 47272 42739 5000 5000 0 0 0
1787956666.250 t 100 1337117 31 -667 -1514 -17057 0 0 0 400 410 2 1363 47650 43117 5000 5000 0 0 0
1787956666.321 t 101 1337189 31 -696 -1519 -17079 0 0 0 404 400 2 1366 48028 43489 5000 5100 0 0 0
1787956666.392 t 102 1337261 31 -725 -1523 -17098 0 0 0 410 404 2 1369 48411 43867 5000 5000 0 0 0
1787956666.465 t 103 1337333 31 -755 -1528 -17203 0 0 0 420 404 2 1372 48800 44228 5000 5100 0 0 0
1787956666.536 thdr seq now flags x y h ox oy oh vl vr i2cf cyc posl posr dutl dutr lexc wrng cycovr
1787956666.545 t 104 1337405 31 -784 -1531 -17309 0 0 0 437 400 2 1375 49194 44594 5000 5000 0 0 0
1787956666.609 t 105 1337477 31 -814 -1535 -17380 0 0 0 422 414 2 1378 49583 44964 5000 5100 0 0 0
1787956666.684 t 106 1337549 31 -844 -1538 -17497 0 0 0 420 403 2 1381 49978 45328 5000 5000 0 0 0
1787956666.757 t 107 1337621 31 -874 -1540 -17520 0 0 0 420 417 2 1384 50361 45705 5000 5000 0 0 0
1787956666.826 t 108 1337693 31 -904 -1543 -17527 0 0 0 417 410 2 1387 50744 46086 5000 5000 0 0 0
1787956666.897 t 109 1337765 31 -933 -1545 -17550 0 0 0 410 420 2 1390 51125 46461 5000 5000 0 0 0
1787956666.969 t 110 1337837 31 -963 -1547 -17508 0 0 0 401 420 2 1393 51500 46847 5100 5000 0 0 0
1787956667.031 t 111 1337893 31 -974 -1548 -17561 0 0 0 456 410 2 1394 51639 46972 5000 5100 0 0 0
1787956667.081 t 112 1337949 31 -974 -1548 -17561 0 0 0 456 410 2 1394 51639 46972 5000 5100 0 0 0
1787956667.137 t 113 1338005 31 -974 -1548 -17561 0 0 0 456 410 2 1394 51639 46972 5000 5100 0 0 0
1787956667.196 t 114 1338063 31 -974 -1548 -17561 0 0 0 456 410 2 1394 51639 46972 5000 5100 0 0 0
1787956667.247 t 115 1338115 31 -974 -1548 -17561 0 0 0 456 410 2 1394 51639 46972 5000 5100 0 0 0
1787956667.298 t 116 1338167 31 -974 -1548 -17561 0 0 0 456 410 2 1394 51639 46972 5000 5100 0 0 0
1787956667.351 t 117 1338219 31 -974 -1548 -17561 0 0 0 456 410 2 1394 51639 46972 5000 5100 0 0 0
1787956667.402 t 118 1338271 31 -974 -1548 -17561 0 0 0 456 410 2 1394 51639 46972 5000 5100 0 0 0
1787956667.455 t 119 1338323 31 -974 -1548 -17561 0 0 0 456 410 2 1394 51639 46972 5000 5100 0 0 0
1787956667.508 t 120 1338375 31 -974 -1548 -17561 0 0 0 456 410 2 1394 51639 46972 5000 5100 0 0 0
1787956667.558 t 121 1338427 31 -974 -1548 -17561 0 0 0 456 410 2 1394 51639 46972 5000 5100 0 0 0
1787956667.614 t 122 1338479 31 -974 -1548 -17561 0 0 0 456 410 2 1394 51639 46972 5000 5100 0 0 0
1787956667.662 thdr seq now flags x y h ox oy oh vl vr i2cf cyc posl posr dutl dutr lexc wrng cycovr
1787956667.672 t 123 1338531 31 -974 -1548 -17561 0 0 0 456 410 2 1394 51639 46972 5000 5100 0 0 0
1787956667.709 === BIAS RESET FWD 60%
1787956667.709 >>> SET stall_window 50 #56
1787956667.714 t 124 1338583 31 -974 -1548 -17561 0 0 0 456 410 2 1394 51639 46972 5000 5100 0 0 0
1787956667.720 ack 56 55 timeout
1787956667.766 t 125 1338635 31 -974 -1548 -17561 0 0 0 456 410 2 1394 51639 46972 5000 5100 0 0 0
1787956667.823 t 126 1338687 31 -974 -1548 -17561 0 0 0 456 410 2 1394 51639 46972 5000 5100 0 0 0
1787956667.872 t 127 1338739 31 -974 -1548 -17561 0 0 0 456 410 2 1394 51639 46972 5000 5100 0 0 0
1787956667.925 t 0 1338791 31 -974 -1548 -17561 0 0 0 456 410 2 1394 51639 46972 5000 5100 0 0 0
1787956667.974 t 1 1338843 31 -974 -1548 -17561 0 0 0 456 410 2 1394 51639 46972 5000 5100 0 0 0
1787956668.028 t 2 1338895 31 -974 -1548 -17561 0 0 0 456 410 2 1394 51639 46972 5000 5100 0 0 0
1787956668.090 t 3 1338947 31 -974 -1548 -17561 0 0 0 456 410 2 1394 51639 46972 5000 5100 0 0 0
1787956668.133 t 4 1338999 31 -974 -1548 -17561 0 0 0 456 410 2 1394 51639 46972 5000 5100 0 0 0
1787956668.181 t 5 1339051 31 -974 -1548 -17561 0 0 0 456 410 2 1394 51639 46972 5000 5100 0 0 0
1787956668.229 >>> WHEELS_V 40 40 300 #57
1787956668.235 t 6 1339103 31 -974 -1548 -17561 0 0 0 456 410 2 1394 51639 46972 5000 5100 0 0 0
1787956668.246 ack 57 55 timeout
1787956668.303 t 7 1339173 31 -1052 -1549 -18291 0 0 0 17 0 2 1396 52728 47867 500 500 0 0 0
1787956668.375 t 8 1339245 35 -1054 -1549 -18377 0 0 0 39 0 2 1399 52767 47883 0 0 0 0 0
1787956668.448 t 9 1339317 35 -1054 -1549 -18396 0 0 0 0 0 2 1402 52772 47883 0 0 0 0 0
1787956668.519 t 10 1339389 35 -1054 -1549 -18396 0 0 0 0 0 2 1405 52772 47883 0 0 0 0 0
1787956668.575 t 11 1339445 35 -1054 -1549 -18396 0 0 0 0 0 2 1407 52772 47883 0 0 0 0 0
1787956668.631 t 12 1339501 35 -1054 -1549 -18396 0 0 0 0 0 2 1407 52772 47883 0 0 0 0 0
1787956668.688 t 13 1339557 35 -1054 -1549 -18396 0 0 0 0 0 2 1407 52772 47883 0 0 0 0 0
1787956668.744 thdr seq now flags x y h ox oy oh vl vr i2cf cyc posl posr dutl dutr lexc wrng cycovr
1787956668.752 t 14 1339613 35 -1054 -1549 -18396 0 0 0 0 0 2 1407 52772 47883 0 0 0 0 0
1787956668.798 t 15 1339665 35 -1054 -1549 -18396 0 0 0 0 0 2 1407 52772 47883 0 0 0 0 0
1787956668.851 t 16 1339721 35 -1054 -1549 -18396 0 0 0 0 0 2 1407 52772 47883 0 0 0 0 0
1787956668.909 t 17 1339777 35 -1054 -1549 -18396 0 0 0 0 0 2 1407 52772 47883 0 0 0 0 0
1787956668.962 t 18 1339833 35 -1054 -1549 -18396 0 0 0 0 0 2 1407 52772 47883 0 0 0 0 0
1787956669.019 t 19 1339889 35 -1054 -1549 -18396 0 0 0 0 0 2 1407 52772 47883 0 0 0 0 0
1787956669.074 t 20 1339945 35 -1054 -1549 -18396 0 0 0 0 0 2 1407 52772 47883 0 0 0 0 0
1787956669.132 t 21 1340001 35 -1054 -1549 -18396 0 0 0 0 0 2 1407 52772 47883 0 0 0 0 0
1787956669.187 t 22 1340057 35 -1054 -1549 -18396 0 0 0 0 0 2 1407 52772 47883 0 0 0 0 0
1787956669.244 t 23 1340113 35 -1054 -1549 -18396 0 0 0 0 0 2 1407 52772 47883 0 0 0 0 0
1787956669.299 t 24 1340169 35 -1054 -1549 -18396 0 0 0 0 0 2 1407 52772 47883 0 0 0 0 0
1787956669.355 t 25 1340225 35 -1054 -1549 -18396 0 0 0 0 0 2 1407 52772 47883 0 0 0 0 0
1787956669.419 t 26 1340281 35 -1054 -1549 -18396 0 0 0 0 0 2 1407 52772 47883 0 0 0 0 0
1787956669.468 t 27 1340337 35 -1054 -1549 -18396 0 0 0 0 0 2 1407 52772 47883 0 0 0 0 0
1787956669.523 >>> SET stall_clear 1 #58
1787956669.525 t 28 1340393 35 -1054 -1549 -18396 0 0 0 0 0 2 1407 52772 47883 0 0 0 0 0
1787956669.534 ack 58 57 stall
1787956669.579 t 29 1340449 35 -1054 -1549 -18396 0 0 0 0 0 2 1407 52772 47883 0 0 0 0 0
1787956669.639 t 30 1340505 35 -1054 -1549 -18396 0 0 0 0 0 2 1407 52772 47883 0 0 0 0 0
1787956669.694 t 31 1340561 35 -1054 -1549 -18396 0 0 0 0 0 2 1407 52772 47883 0 0 0 0 0
1787956669.748 t 32 1340617 35 -1054 -1549 -18396 0 0 0 0 0 2 1407 52772 47883 0 0 0 0 0
1787956669.808 thdr seq now flags x y h ox oy oh vl vr i2cf cyc posl posr dutl dutr lexc wrng cycovr
1787956669.810 t 33 1340673 35 -1054 -1549 -18396 0 0 0 0 0 2 1407 52772 47883 0 0 0 0 0
1787956669.862 t 34 1340725 35 -1054 -1549 -18396 0 0 0 0 0 2 1407 52772 47883 0 0 0 0 0
1787956669.912 t 35 1340781 35 -1054 -1549 -18396 0 0 0 0 0 2 1407 52772 47883 0 0 0 0 0
1787956669.969 t 36 1340837 35 -1054 -1549 -18396 0 0 0 0 0 2 1407 52772 47883 0 0 0 0 0
1787956670.024 t 37 1340893 35 -1054 -1549 -18396 0 0 0 0 0 2 1407 52772 47883 0 0 0 0 0
1787956670.024 >>> SET stall_window 0 #59
1787956670.036 ack 59 57 stall
1787956670.084 t 38 1340949 35 -1054 -1549 -18396 0 0 0 0 0 2 1407 52772 47883 0 0 0 0 0
1787956670.138 t 39 1341005 35 -1054 -1549 -18396 0 0 0 0 0 2 1407 52772 47883 0 0 0 0 0
1787956670.191 t 40 1341061 35 -1054 -1549 -18396 0 0 0 0 0 2 1407 52772 47883 0 0 0 0 0
1787956670.248 t 41 1341117 35 -1054 -1549 -18396 0 0 0 0 0 2 1407 52772 47883 0 0 0 0 0
1787956670.307 t 42 1341173 35 -1054 -1549 -18396 0 0 0 0 0 2 1407 52772 47883 0 0 0 0 0
1787956670.358 t 43 1341229 35 -1054 -1549 -18396 0 0 0 0 0 2 1407 52772 47883 0 0 0 0 0
1787956670.416 t 44 1341285 35 -1054 -1549 -18396 0 0 0 0 0 2 1407 52772 47883 0 0 0 0 0
1787956670.472 t 45 1341341 35 -1054 -1549 -18396 0 0 0 0 0 2 1407 52772 47883 0 0 0 0 0
1787956670.526 === STEP FWD duty=60% v=510
1787956670.526 >>> WHEELS_V 510 510 2000 #60
1787956670.530 t 46 1341397 35 -1054 -1549 -18396 0 0 0 0 0 2 1407 52772 47883 0 0 0 0 0
1787956670.546 ack 60 57 stall
1787956670.596 t 47 1341465 31 -1056 -1549 -18408 0 0 0 56 48 2 1409 52792 47900 5000 5000 0 0 0
1787956670.667 t 48 1341537 31 -1078 -1547 -18562 0 0 0 473 401 2 1412 53094 48161 6000 6000 0 0 0
1787956670.740 t 49 1341609 31 -1112 -1543 -18637 0 0 0 492 482 2 1415 53539 48586 6000 6100 0 0 0
1787956670.815 t 50 1341681 31 -1147 -1539 -18709 0 0 0 512 476 2 1418 54000 49028 6000 6000 0 0 0
1787956670.883 t 51 1341753 31 -1182 -1535 -18750 0 0 0 492 492 2 1421 54455 49472 6000 6000 0 0 0
1787956670.957 thdr seq now flags x y h ox oy oh vl vr i2cf cyc posl posr dutl dutr lexc wrng cycovr
1787956670.963 t 52 1341825 31 -1218 -1530 -18731 0 0 0 492 499 2 1424 54908 49930 6000 6000 0 0 0
1787956671.028 t 53 1341897 31 -1253 -1525 -18750 0 0 0 484 501 2 1427 55361 50378 6000 6000 0 0 0
1787956671.100 t 54 1341969 31 -1288 -1520 -18795 0 0 0 492 482 2 1430 55817 50822 6000 6000 0 0 0
1787956671.171 t 55 1342041 31 -1324 -1515 -18874 0 0 0 499 457 2 1433 56283 51267 6000 6000 0 0 0
1787956671.244 t 56 1342113 31 -1359 -1509 -19013 0 0 0 522 466 2 1436 56753 51700 6000 6000 0 0 0
1787956671.316 t 57 1342185 31 -1394 -1503 -19066 0 0 0 492 463 2 1439 57211 52144 6000 6100 0 0 0
1787956671.389 t 58 1342257 31 -1428 -1496 -19138 0 0 0 483 483 2 1442 57672 52586 6000 6000 0 0 0
1787956671.460 t 59 1342329 31 -1463 -1488 -19149 0 0 0 483 513 2 1445 58128 53039 6100 6000 0 0 0
1787956671.531 t 60 1342401 31 -1498 -1481 -19168 0 0 0 492 492 2 1448 58583 53489 6000 6000 0 0 0
1787956671.605 t 61 1342473 31 -1527 -1475 -19755 0 0 0 513 476 3 1451 59039 53789 6100 6000 0 0 0
1787956671.676 t 62 1342545 31 -1568 -1465 -19213 0 0 0 503 492 3 1454 59500 54394 6000 6000 0 0 0
1787956671.753 t 63 1342617 31 -1603 -1457 -19284 0 0 0 502 476 3 1457 59964 54839 6000 6000 0 0 0
1787956671.820 t 64 1342689 31 -1638 -1449 -19386 0 0 0 509 466 3 1460 60433 55281 6000 6000 0 0 0
1787956671.893 t 65 1342761 31 -1673 -1440 -19461 0 0 0 499 492 3 1463 60894 55722 6000 6000 0 0 0
1787956671.981 t 66 1342833 31 -1707 -1431 -19525 0 0 0 493 456 3 1466 61356 56167 6000 6100 0 0 0
1787956672.036 t 67 1342905 31 -1742 -1421 -19525 0 0 0 492 502 3 1469 61811 56622 6000 6000 0 0 0
1787956672.109 t 68 1342977 31 -1776 -1412 -19514 0 0 0 492 492 3 1472 62267 57081 6000 6000 0 0 0
1787956672.186 t 69 1343049 31 -1811 -1402 -19536 0 0 0 492 473 3 1475 62725 57533 6000 6000 0 0 0
1787956672.253 t 70 1343121 31 -1846 -1393 -19578 0 0 0 521 476 3 1478 63192 57989 6000 6100 0 0 0
1787956672.327 thdr seq now flags x y h ox oy oh vl vr i2cf cyc posl posr dutl dutr lexc wrng cycovr
1787956672.331 t 71 1343193 31 -1880 -1383 -19653 0 0 0 502 472 3 1481 63656 58433 6000 6100 0 0 0
1787956672.395 t 72 1343265 31 -1915 -1372 -19713 0 0 0 492 501 3 1484 64125 58886 6000 6000 0 0 0
1787956672.469 t 73 1343337 31 -1949 -1361 -19837 0 0 0 492 486 3 1487 64589 59317 6000 6000 0 0 0
1787956672.540 t 74 1343409 31 -1983 -1350 -19879 0 0 0 492 476 3 1490 65050 59767 6000 6000 0 0 0
1787956672.597 t 75 1343465 31 -1995 -1345 -19924 0 0 0 548 509 3 1491 65217 59922 6000 6000 0 0 0
1787956672.656 t 76 1343523 31 -1995 -1345 -19924 0 0 0 548 509 3 1491 65217 59922 6000 6000 0 0 0
1787956672.706 t 77 1343575 31 -1995 -1345 -19924 0 0 0 548 509 3 1491 65217 59922 6000 6000 0 0 0
1787956672.761 t 78 1343627 31 -1995 -1345 -19924 0 0 0 548 509 3 1491 65217 59922 6000 6000 0 0 0
1787956672.810 t 79 1343679 31 -1995 -1345 -19924 0 0 0 548 509 3 1491 65217 59922 6000 6000 0 0 0
1787956672.863 t 80 1343731 31 -1995 -1345 -19924 0 0 0 548 509 3 1491 65217 59922 6000 6000 0 0 0
1787956672.914 t 81 1343783 31 -1995 -1345 -19924 0 0 0 548 509 3 1491 65217 59922 6000 6000 0 0 0
1787956672.965 t 82 1343835 31 -1995 -1345 -19924 0 0 0 548 509 3 1491 65217 59922 6000 6000 0 0 0
1787956673.017 t 83 1343887 31 -1995 -1345 -19924 0 0 0 548 509 3 1491 65217 59922 6000 6000 0 0 0
1787956673.072 t 84 1343939 31 -1995 -1345 -19924 0 0 0 548 509 3 1491 65217 59922 6000 6000 0 0 0
1787956673.122 t 85 1343991 31 -1995 -1345 -19924 0 0 0 548 509 3 1491 65217 59922 6000 6000 0 0 0
1787956673.176 t 86 1344043 31 -1995 -1345 -19924 0 0 0 548 509 3 1491 65217 59922 6000 6000 0 0 0
1787956673.227 t 87 1344095 31 -1995 -1345 -19924 0 0 0 548 509 3 1491 65217 59922 6000 6000 0 0 0
1787956673.278 === BIAS RESET FWD 70%
1787956673.278 >>> SET stall_window 50 #61
1787956673.279 t 88 1344147 31 -1995 -1345 -19924 0 0 0 548 509 3 1491 65217 59922 6000 6000 0 0 0
1787956673.290 ack 61 60 timeout
1787956673.330 t 89 1344199 31 -1995 -1345 -19924 0 0 0 548 509 3 1491 65217 59922 6000 6000 0 0 0
1787956673.381 thdr seq now flags x y h ox oy oh vl vr i2cf cyc posl posr dutl dutr lexc wrng cycovr
1787956673.390 t 90 1344251 31 -1995 -1345 -19924 0 0 0 548 509 3 1491 65217 59922 6000 6000 0 0 0
1787956673.435 t 91 1344303 31 -1995 -1345 -19924 0 0 0 548 509 3 1491 65217 59922 6000 6000 0 0 0
1787956673.485 t 92 1344355 31 -1995 -1345 -19924 0 0 0 548 509 3 1491 65217 59922 6000 6000 0 0 0
1787956673.537 t 93 1344407 31 -1995 -1345 -19924 0 0 0 548 509 3 1491 65217 59922 6000 6000 0 0 0
1787956673.589 t 94 1344459 31 -1995 -1345 -19924 0 0 0 548 509 3 1491 65217 59922 6000 6000 0 0 0
1787956673.645 t 95 1344511 31 -1995 -1345 -19924 0 0 0 548 509 3 1491 65217 59922 6000 6000 0 0 0
1787956673.695 t 96 1344563 31 -1995 -1345 -19924 0 0 0 548 509 3 1491 65217 59922 6000 6000 0 0 0
1787956673.757 t 97 1344615 31 -1995 -1345 -19924 0 0 0 548 509 3 1491 65217 59922 6000 6000 0 0 0
1787956673.793 >>> WHEELS_V 40 40 300 #62
1787956673.799 t 98 1344667 31 -1995 -1345 -19924 0 0 0 548 509 3 1491 65217 59922 6000 6000 0 0 0
1787956673.810 ack 62 60 timeout
1787956673.867 t 99 1344737 31 -2085 -1314 -19943 0 0 0 14 0 3 1493 66433 61133 500 500 0 0 0
1787956673.940 t 100 1344809 35 -2087 -1313 -19943 0 0 0 36 30 3 1496 66467 61167 0 0 0 0 0
1787956674.011 t 101 1344881 35 -2087 -1313 -19943 0 0 0 0 0 3 1499 66467 61167 0 0 0 0 0
1787956674.083 t 102 1344953 35 -2087 -1313 -19943 0 0 0 0 0 3 1502 66467 61167 0 0 0 0 0
1787956674.138 t 103 1345009 35 -2087 -1313 -19943 0 0 0 0 0 3 1504 66467 61167 0 0 0 0 0
1787956674.198 t 104 1345065 35 -2087 -1313 -19943 0 0 0 0 0 3 1504 66467 61167 0 0 0 0 0
1787956674.251 t 105 1345121 35 -2087 -1313 -19943 0 0 0 0 0 3 1504 66467 61167 0 0 0 0 0
1787956674.306 t 106 1345177 35 -2087 -1313 -19943 0 0 0 0 0 3 1504 66467 61167 0 0 0 0 0
1787956674.364 t 107 1345233 35 -2087 -1313 -19943 0 0 0 0 0 3 1504 66467 61167 0 0 0 0 0
1787956674.419 t 108 1345289 35 -2087 -1313 -19943 0 0 0 0 0 3 1504 66467 61167 0 0 0 0 0
1787956674.478 thdr seq now flags x y h ox oy oh vl vr i2cf cyc posl posr dutl dutr lexc wrng cycovr
1787956674.482 t 109 1345345 35 -2087 -1313 -19943 0 0 0 0 0 3 1504 66467 61167 0 0 0 0 0
1787956674.528 t 110 1345397 35 -2087 -1313 -19943 0 0 0 0 0 3 1504 66467 61167 0 0 0 0 0
1787956674.584 t 111 1345453 35 -2087 -1313 -19943 0 0 0 0 0 3 1504 66467 61167 0 0 0 0 0
1787956674.644 t 112 1345509 35 -2087 -1313 -19943 0 0 0 0 0 3 1504 66467 61167 0 0 0 0 0
1787956674.696 t 113 1345565 35 -2087 -1313 -19943 0 0 0 0 0 3 1504 66467 61167 0 0 0 0 0
1787956674.753 t 114 1345621 35 -2087 -1313 -19943 0 0 0 0 0 3 1504 66467 61167 0 0 0 0 0
1787956674.808 t 115 1345677 35 -2087 -1313 -19943 0 0 0 0 0 3 1504 66467 61167 0 0 0 0 0
1787956674.863 t 116 1345733 35 -2087 -1313 -19943 0 0 0 0 0 3 1504 66467 61167 0 0 0 0 0
1787956674.920 t 117 1345789 35 -2087 -1313 -19943 0 0 0 0 0 3 1504 66467 61167 0 0 0 0 0
1787956674.976 t 118 1345845 35 -2087 -1313 -19943 0 0 0 0 0 3 1504 66467 61167 0 0 0 0 0
1787956675.031 t 119 1345901 35 -2087 -1313 -19943 0 0 0 0 0 3 1504 66467 61167 0 0 0 0 0
1787956675.081 >>> SET stall_clear 1 #63
1787956675.088 t 120 1345957 35 -2087 -1313 -19943 0 0 0 0 0 3 1504 66467 61167 0 0 0 0 0
1787956675.090 ack 63 62 stall
1787956675.147 t 121 1346013 35 -2087 -1313 -19943 0 0 0 0 0 3 1504 66467 61167 0 0 0 0 0
1787956675.200 t 122 1346069 35 -2087 -1313 -19943 0 0 0 0 0 3 1504 66467 61167 0 0 0 0 0
1787956675.258 t 123 1346125 35 -2087 -1313 -19943 0 0 0 0 0 3 1504 66467 61167 0 0 0 0 0
1787956675.311 t 124 1346181 35 -2087 -1313 -19943 0 0 0 0 0 3 1504 66467 61167 0 0 0 0 0
1787956675.367 t 125 1346237 35 -2087 -1313 -19943 0 0 0 0 0 3 1504 66467 61167 0 0 0 0 0
1787956675.424 t 126 1346293 35 -2087 -1313 -19943 0 0 0 0 0 3 1504 66467 61167 0 0 0 0 0
1787956675.480 t 127 1346349 35 -2087 -1313 -19943 0 0 0 0 0 3 1504 66467 61167 0 0 0 0 0
1787956675.536 thdr seq now flags x y h ox oy oh vl vr i2cf cyc posl posr dutl dutr lexc wrng cycovr
1787956675.542 t 0 1346405 35 -2087 -1313 -19943 0 0 0 0 0 3 1504 66467 61167 0 0 0 0 0
1787956675.583 >>> SET stall_window 0 #64
1787956675.587 t 1 1346457 35 -2087 -1313 -19943 0 0 0 0 0 3 1504 66467 61167 0 0 0 0 0
1787956675.601 ack 64 62 stall
1787956675.643 t 2 1346513 35 -2087 -1313 -19943 0 0 0 0 0 3 1504 66467 61167 0 0 0 0 0
1787956675.700 t 3 1346569 35 -2087 -1313 -19943 0 0 0 0 0 3 1504 66467 61167 0 0 0 0 0
1787956675.755 t 4 1346625 35 -2087 -1313 -19943 0 0 0 0 0 3 1504 66467 61167 0 0 0 0 0
1787956675.810 t 5 1346681 35 -2087 -1313 -19943 0 0 0 0 0 3 1504 66467 61167 0 0 0 0 0
1787956675.871 t 6 1346737 35 -2087 -1313 -19943 0 0 0 0 0 3 1504 66467 61167 0 0 0 0 0
1787956675.923 t 7 1346793 35 -2087 -1313 -19943 0 0 0 0 0 3 1504 66467 61167 0 0 0 0 0
1787956675.979 t 8 1346849 35 -2087 -1313 -19943 0 0 0 0 0 3 1504 66467 61167 0 0 0 0 0
1787956676.037 t 9 1346905 35 -2087 -1313 -19943 0 0 0 0 0 3 1504 66467 61167 0 0 0 0 0
1787956676.084 === STEP FWD duty=70% v=595
1787956676.085 >>> WHEELS_V 595 595 2000 #65
1787956676.091 t 10 1346961 35 -2087 -1313 -19943 0 0 0 0 0 3 1504 66467 61167 0 0 0 0 0
1787956676.093 ack 65 62 stall
1787956676.151 t 11 1347021 31 -2088 -1313 -19943 0 0 0 45 45 3 1506 66483 61183 5000 5000 0 0 0
1787956676.224 t 12 1347093 31 -2111 -1305 -19992 0 0 0 473 450 3 1509 66794 61481 7000 7000 0 0 0
1787956676.295 t 13 1347165 31 -2148 -1290 -20090 0 0 0 584 594 3 1512 67314 61975 7100 7100 0 0 0
1787956676.367 t 14 1347237 31 -2187 -1275 -20214 0 0 0 594 574 3 1515 67853 62481 7000 7000 0 0 0
1787956676.439 t 15 1347309 31 -2225 -1259 -20266 0 0 0 584 594 3 1518 68389 63003 7100 7000 0 0 0
1787956676.512 t 16 1347381 31 -2263 -1243 -20300 0 0 0 595 581 3 1521 68914 63519 7000 7000 0 0 0
1787956676.587 t 17 1347453 31 -2301 -1227 -20266 0 0 0 585 604 3 1524 69439 64053 7100 7000 0 0 0
1787956676.658 t 18 1347525 31 -2339 -1211 -20300 0 0 0 584 574 3 1527 69967 64572 7000 7100 0 0 0
1787956676.730 thdr seq now flags x y h ox oy oh vl vr i2cf cyc posl posr dutl dutr lexc wrng cycovr
1787956676.736 t 19 1347597 31 -2378 -1194 -20289 0 0 0 584 594 3 1530 70506 65114 7000 7000 0 0 0
1787956676.799 t 20 1347669 31 -2417 -1177 -20391 0 0 0 577 588 3 1533 71050 65631 7000 7000 0 0 0
1787956676.873 t 21 1347741 31 -2455 -1160 -20443 0 0 0 594 567 3 1536 71589 66156 7000 7000 0 0 0
1787956676.943 t 22 1347813 31 -2492 -1142 -20537 0 0 0 584 568 3 1539 72125 66667 7000 7000 0 0 0
1787956677.015 t 23 1347885 31 -2530 -1124 -20560 0 0 0 591 564 3 1542 72658 67194 7000 7000 0 0 0
1787956677.089 t 24 1347957 31 -2567 -1106 -20549 0 0 0 590 594 3 1545 73186 67725 7000 7100 0 0 0
1787956677.162 t 25 1348029 31 -2605 -1088 -20549 0 0 0 584 568 3 1548 73717 68256 7000 7000 0 0 0
1787956677.231 t 26 1348101 31 -2643 -1070 -20571 0 0 0 584 601 3 1551 74256 68789 7100 7000 0 0 0
1787956677.306 t 27 1348173 31 -2681 -1051 -20673 0 0 0 584 568 3 1554 74800 69306 7000 7000 0 0 0
1787956677.376 t 28 1348245 31 -2718 -1032 -20767 0 0 0 610 565 3 1557 75347 69828 7000 7100 0 0 0
1787956677.449 t 29 1348317 31 -2754 -1012 -20842 0 0 0 584 565 3 1560 75878 70339 7000 7000 0 0 0
1787956677.519 t 30 1348389 31 -2791 -993 -20842 0 0 0 584 549 3 1563 76406 70867 7000 7000 0 0 0
1787956677.592 t 31 1348461 31 -2828 -973 -20801 0 0 0 574 591 3 1566 76936 71408 7000 7000 0 0 0
1787956677.663 t 32 1348533 31 -2865 -953 -20853 0 0 0 591 581 3 1569 77475 71933 7000 7000 0 0 0
1787956677.735 t 33 1348605 31 -2902 -932 -20895 0 0 0 604 555 3 1572 78017 72464 7000 7100 0 0 0
1787956677.809 t 34 1348677 31 -2939 -912 -20925 0 0 0 584 584 3 1575 78556 72995 7100 7100 0 0 0
1787956677.881 t 35 1348749 31 -2975 -891 -21019 0 0 0 592 575 3 1578 79097 73511 7000 7000 0 0 0
1787956677.953 t 36 1348821 31 -3011 -870 -21049 0 0 0 581 574 3 1581 79633 74039 7000 7000 0 0 0
1787956678.023 t 37 1348893 31 -3047 -848 -21019 0 0 0 595 601 3 1584 80164 74578 7100 7000 0 0 0
1787956678.095 thdr seq now flags x y h ox oy oh vl vr i2cf cyc posl posr dutl dutr lexc wrng cycovr
1787956678.102 t 38 1348965 31 -3083 -827 -21023 0 0 0 584 591 3 1587 80695 75108 7000 7000 0 0 0
1787956678.147 t 39 1349017 31 -3083 -827 -21023 0 0 0 584 591 3 1587 80695 75108 7000 7000 0 0 0
1787956678.206 t 40 1349073 31 -3083 -827 -21023 0 0 0 584 591 3 1587 80695 75108 7000 7000 0 0 0
1787956678.267 t 41 1349129 31 -3083 -827 -21023 0 0 0 584 591 3 1587 80695 75108 7000 7000 0 0 0
1787956678.318 t 42 1349185 31 -3083 -827 -21023 0 0 0 584 591 3 1587 80695 75108 7000 7000 0 0 0
1787956678.373 t 43 1349243 31 -3083 -827 -21023 0 0 0 584 591 3 1587 80695 75108 7000 7000 0 0 0
1787956678.432 t 44 1349295 31 -3083 -827 -21023 0 0 0 584 591 3 1587 80695 75108 7000 7000 0 0 0
1787956678.478 t 45 1349347 31 -3083 -827 -21023 0 0 0 584 591 3 1587 80695 75108 7000 7000 0 0 0
1787956678.533 t 46 1349399 31 -3083 -827 -21023 0 0 0 584 591 3 1587 80695 75108 7000 7000 0 0 0
1787956678.582 t 47 1349451 31 -3083 -827 -21023 0 0 0 584 591 3 1587 80695 75108 7000 7000 0 0 0
1787956678.637 t 48 1349503 31 -3083 -827 -21023 0 0 0 584 591 3 1587 80695 75108 7000 7000 0 0 0
1787956678.685 t 49 1349555 31 -3083 -827 -21023 0 0 0 584 591 3 1587 80695 75108 7000 7000 0 0 0
1787956678.740 t 50 1349607 31 -3083 -827 -21023 0 0 0 584 591 3 1587 80695 75108 7000 7000 0 0 0
1787956678.793 t 51 1349659 31 -3083 -827 -21023 0 0 0 584 591 3 1587 80695 75108 7000 7000 0 0 0
1787956678.840 === BIAS RESET FWD 80%
1787956678.840 >>> SET stall_window 50 #66
1787956678.842 t 52 1349711 31 -3083 -827 -21023 0 0 0 584 591 3 1587 80695 75108 7000 7000 0 0 0
1787956678.854 ack 66 65 timeout
1787956678.895 t 53 1349763 31 -3083 -827 -21023 0 0 0 584 591 3 1587 80695 75108 7000 7000 0 0 0
1787956678.946 t 54 1349815 31 -3083 -827 -21023 0 0 0 584 591 3 1587 80695 75108 7000 7000 0 0 0
1787956678.998 t 55 1349867 31 -3083 -827 -21023 0 0 0 584 591 3 1587 80695 75108 7000 7000 0 0 0
1787956679.050 t 56 1349919 31 -3083 -827 -21023 0 0 0 584 591 3 1587 80695 75108 7000 7000 0 0 0
1787956679.101 thdr seq now flags x y h ox oy oh vl vr i2cf cyc posl posr dutl dutr lexc wrng cycovr
1787956679.109 t 57 1349971 31 -3083 -827 -21023 0 0 0 584 591 3 1587 80695 75108 7000 7000 0 0 0
1787956679.154 t 58 1350023 31 -3083 -827 -21023 0 0 0 584 591 3 1587 80695 75108 7000 7000 0 0 0
1787956679.206 t 59 1350075 31 -3083 -827 -21023 0 0 0 584 591 3 1587 80695 75108 7000 7000 0 0 0
1787956679.265 t 60 1350127 31 -3083 -827 -21023 0 0 0 584 591 3 1587 80695 75108 7000 7000 0 0 0
1787956679.312 t 61 1350179 31 -3083 -827 -21023 0 0 0 584 591 3 1587 80695 75108 7000 7000 0 0 0
1787956679.360 >>> WHEELS_V 40 40 300 #67
1787956679.363 t 62 1350231 31 -3083 -827 -21023 0 0 0 584 591 3 1587 80695 75108 7000 7000 0 0 0
1787956679.374 ack 67 65 timeout
1787956679.431 t 63 1350301 31 -3194 -748 -22024 0 0 0 0 0 3 1589 82559 76706 500 500 0 0 0
1787956679.504 t 64 1350373 35 -3196 -747 -22088 0 0 0 46 16 3 1592 82592 76722 0 0 0 0 0
1787956679.575 t 65 1350445 35 -3196 -747 -22088 0 0 0 0 0 3 1595 82592 76722 0 0 0 0 0
1787956679.647 t 66 1350517 35 -3196 -747 -22088 0 0 0 0 0 3 1598 82592 76722 0 0 0 0 0
1787956679.702 t 67 1350573 35 -3196 -747 -22088 0 0 0 0 0 3 1600 82592 76722 0 0 0 0 0
1787956679.762 t 68 1350629 35 -3196 -747 -22088 0 0 0 0 0 3 1600 82592 76722 0 0 0 0 0
1787956679.815 t 69 1350685 35 -3196 -747 -22088 0 0 0 0 0 3 1600 82592 76722 0 0 0 0 0
1787956679.871 t 70 1350741 35 -3196 -747 -22088 0 0 0 0 0 3 1600 82592 76722 0 0 0 0 0
1787956679.928 t 71 1350797 35 -3196 -747 -22088 0 0 0 0 0 3 1600 82592 76722 0 0 0 0 0
1787956679.983 t 72 1350853 35 -3196 -747 -22088 0 0 0 0 0 3 1600 82592 76722 0 0 0 0 0
1787956680.039 t 73 1350909 35 -3196 -747 -22088 0 0 0 0 0 3 1600 82592 76722 0 0 0 0 0
1787956680.096 t 74 1350965 35 -3196 -747 -22088 0 0 0 0 0 3 1600 82592 76722 0 0 0 0 0
1787956680.151 t 75 1351021 35 -3196 -747 -22088 0 0 0 0 0 3 1600 82592 76722 0 0 0 0 0
1787956680.208 thdr seq now flags x y h ox oy oh vl vr i2cf cyc posl posr dutl dutr lexc wrng cycovr
1787956680.215 t 76 1351077 35 -3196 -747 -22088 0 0 0 0 0 3 1600 82592 76722 0 0 0 0 0
1787956680.259 t 77 1351129 35 -3196 -747 -22088 0 0 0 0 0 3 1600 82592 76722 0 0 0 0 0
1787956680.315 t 78 1351185 35 -3196 -747 -22088 0 0 0 0 0 3 1600 82592 76722 0 0 0 0 0
1787956680.376 t 79 1351241 35 -3196 -747 -22088 0 0 0 0 0 3 1600 82592 76722 0 0 0 0 0
1787956680.427 t 80 1351297 35 -3196 -747 -22088 0 0 0 0 0 3 1600 82592 76722 0 0 0 0 0
1787956680.483 t 81 1351353 35 -3196 -747 -22088 0 0 0 0 0 3 1600 82592 76722 0 0 0 0 0
1787956680.542 t 82 1351409 35 -3196 -747 -22088 0 0 0 0 0 3 1600 82592 76722 0 0 0 0 0
1787956680.595 t 83 1351465 35 -3196 -747 -22088 0 0 0 0 0 3 1600 82592 76722 0 0 0 0 0
1787956680.651 >>> SET stall_clear 1 #68
1787956680.653 t 84 1351521 35 -3196 -747 -22088 0 0 0 0 0 3 1600 82592 76722 0 0 0 0 0
1787956680.662 ack 68 67 stall
1787956680.707 t 85 1351577 35 -3196 -747 -22088 0 0 0 0 0 3 1600 82592 76722 0 0 0 0 0
1787956680.777 t 86 1351633 35 -3196 -747 -22088 0 0 0 0 0 3 1600 82592 76722 0 0 0 0 0
1787956680.822 t 87 1351689 35 -3196 -747 -22088 0 0 0 0 0 3 1600 82592 76722 0 0 0 0 0
1787956680.878 t 88 1351745 35 -3196 -747 -22088 0 0 0 0 0 3 1600 82592 76722 0 0 0 0 0
1787956680.930 t 89 1351801 35 -3196 -747 -22088 0 0 0 0 0 3 1600 82592 76722 0 0 0 0 0
1787956680.990 t 90 1351857 35 -3196 -747 -22088 0 0 0 0 0 3 1600 82592 76722 0 0 0 0 0
1787956681.043 t 91 1351913 35 -3196 -747 -22088 0 0 0 0 0 3 1600 82592 76722 0 0 0 0 0
1787956681.098 t 92 1351969 35 -3196 -747 -22088 0 0 0 0 0 3 1600 82592 76722 0 0 0 0 0
1787956681.151 >>> SET stall_window 0 #69
1787956681.157 t 93 1352025 35 -3196 -747 -22088 0 0 0 0 0 3 1600 82592 76722 0 0 0 0 0
1787956681.169 ack 69 67 stall
1787956681.210 t 94 1352081 35 -3196 -747 -22088 0 0 0 0 0 3 1600 82592 76722 0 0 0 0 0
1787956681.267 thdr seq now flags x y h ox oy oh vl vr i2cf cyc posl posr dutl dutr lexc wrng cycovr
1787956681.274 t 95 1352137 35 -3196 -747 -22088 0 0 0 0 0 3 1600 82592 76722 0 0 0 0 0
1787956681.318 t 96 1352189 35 -3196 -747 -22088 0 0 0 0 0 3 1600 82592 76722 0 0 0 0 0
1787956681.375 t 97 1352245 35 -3196 -747 -22088 0 0 0 0 0 3 1600 82592 76722 0 0 0 0 0
1787956681.431 t 98 1352301 35 -3196 -747 -22088 0 0 0 0 0 3 1600 82592 76722 0 0 0 0 0
1787956681.490 t 99 1352357 35 -3196 -747 -22088 0 0 0 0 0 3 1600 82592 76722 0 0 0 0 0
1787956681.544 t 100 1352413 35 -3196 -747 -22088 0 0 0 0 0 3 1600 82592 76722 0 0 0 0 0
1787956681.608 t 101 1352469 35 -3196 -747 -22088 0 0 0 0 0 3 1600 82592 76722 0 0 0 0 0
1787956681.654 t 102 1352525 35 -3196 -747 -22088 0 0 0 0 0 3 1600 82592 76722 0 0 0 0 0
1787956681.654 === STEP FWD duty=80% v=680
1787956681.654 >>> WHEELS_V 680 680 2000 #70
1787956681.669 ack 70 67 stall
1787956681.724 t 103 1352593 31 -3197 -746 -22076 0 0 0 39 48 3 1602 82606 76739 5000 5000 0 0 0
1787956681.797 t 104 1352665 31 -3214 -731 -22208 0 0 0 492 430 3 1605 82922 77020 8000 8000 0 0 0
1787956681.868 t 105 1352737 31 -3245 -702 -22358 0 0 0 647 611 3 1608 83481 77539 8000 8000 0 0 0
1787956681.941 t 106 1352809 31 -3279 -669 -22430 0 0 0 657 640 3 1611 84078 78117 8000 8000 0 0 0
1787956682.014 t 107 1352881 31 -3313 -636 -22453 0 0 0 676 620 3 1614 84684 78717 8000 8000 0 0 0
1787956682.085 t 108 1352953 31 -3347 -602 -22441 0 0 0 666 702 3 1617 85295 79331 8100 8000 0 0 0
1787956682.155 t 109 1353025 31 -3380 -569 -22554 0 0 0 673 647 3 1620 85911 79917 8000 8100 0 0 0
1787956682.228 t 110 1353097 31 -3413 -535 -22629 0 0 0 657 610 3 1623 86522 80508 8000 8100 0 0 0
1787956682.304 t 111 1353169 31 -3446 -500 -22641 0 0 0 647 647 3 1626 87128 81111 8000 8000 0 0 0
1787956682.372 t 112 1353241 31 -3478 -466 -22705 0 0 0 657 647 3 1629 87734 81700 8000 8000 0 0 0
1787956682.443 t 113 1353313 31 -3511 -431 -22682 0 0 0 666 630 3 1632 88334 82306 8000 8000 0 0 0
1787956682.515 thdr seq now flags x y h ox oy oh vl vr i2cf cyc posl posr dutl dutr lexc wrng cycovr
1787956682.526 t 114 1353385 31 -3544 -396 -22701 0 0 0 683 667 3 1635 88953 82920 8000 8000 0 0 0
1787956682.592 t 115 1353457 31 -3576 -360 -22765 0 0 0 656 678 3 1638 89572 83522 8100 8000 0 0 0
1787956682.660 t 116 1353529 31 -3608 -325 -22878 0 0 0 673 640 3 1641 90186 84106 8000 8100 0 0 0
1787956682.733 t 117 1353601 31 -3639 -289 -22912 0 0 0 657 621 3 1644 90789 84700 8000 8100 0 0 0
1787956682.805 t 118 1353673 31 -3670 -253 -22893 0 0 0 657 657 3 1647 91395 85311 8000 8100 0 0 0
1787956682.875 t 119 1353745 31 -3701 -217 -22881 0 0 0 666 693 3 1650 92006 85925 8100 8100 0 0 0
1787956682.950 t 120 1353817 31 -3733 -180 -22930 0 0 0 676 686 3 1653 92628 86534 8100 8100 0 0 0
1787956683.019 t 121 1353889 31 -3764 -143 -23017 0 0 0 676 657 3 1656 93245 87128 8000 8100 0 0 0
1787956683.092 t 122 1353961 31 -3794 -107 -23081 0 0 0 657 611 3 1659 93856 87722 8000 8100 0 0 0
1787956683.163 t 123 1354033 31 -3824 -70 -23077 0 0 0 657 646 3 1662 94461 88328 8000 8100 0 0 0
1787956683.243 t 124 1354105 31 -3854 -32 -23119 0 0 0 673 683 3 1665 95072 88928 8100 8100 0 0 0
1787956683.307 t 125 1354177 31 -3884 5 -23141 0 0 0 676 686 3 1668 95684 89534 8100 8100 0 0 0
1787956683.382 t 126 1354249 31 -3913 43 -23228 0 0 0 685 663 3 1671 96309 90136 8000 8000 0 0 0
1787956683.452 t 127 1354321 31 -3942 81 -23288 0 0 0 676 620 3 1674 96923 90734 8000 8000 0 0 0
1787956683.524 t 0 1354393 31 -3971 119 -23348 0 0 0 663 620 3 1677 97536 91331 8000 8000 0 0 0
1787956683.596 t 1 1354465 31 -3999 158 -23348 0 0 0 656 657 3 1680 98139 91934 8000 8000 0 0 0
1787956683.667 t 2 1354537 31 -4027 197 -23405 0 0 0 692 663 3 1683 98756 92536 8000 8100 0 0 0
1787956683.723 t 3 1354593 31 -4037 210 -23499 0 0 0 712 630 3 1684 98973 92728 8000 8000 0 0 0
1787956683.783 t 4 1354651 31 -4037 210 -23499 0 0 0 712 630 3 1684 98973 92728 8000 8000 0 0 0
1787956683.833 thdr seq now flags x y h ox oy oh vl vr i2cf cyc posl posr dutl dutr lexc wrng cycovr
1787956683.840 t 5 1354703 31 -4037 210 -23499 0 0 0 712 630 3 1684 98973 92728 8000 8000 0 0 0
1787956683.885 t 6 1354755 31 -4037 210 -23499 0 0 0 712 630 3 1684 98973 92728 8000 8000 0 0 0
1787956683.938 t 7 1354807 31 -4037 210 -23499 0 0 0 712 630 3 1684 98973 92728 8000 8000 0 0 0
1787956683.989 t 8 1354859 31 -4037 210 -23499 0 0 0 712 630 3 1684 98973 92728 8000 8000 0 0 0
1787956684.042 t 9 1354911 31 -4037 210 -23499 0 0 0 712 630 3 1684 98973 92728 8000 8000 0 0 0
1787956684.094 t 10 1354963 31 -4037 210 -23499 0 0 0 712 630 3 1684 98973 92728 8000 8000 0 0 0
1787956684.146 t 11 1355015 31 -4037 210 -23499 0 0 0 712 630 3 1684 98973 92728 8000 8000 0 0 0
1787956684.199 t 12 1355067 31 -4037 210 -23499 0 0 0 712 630 3 1684 98973 92728 8000 8000 0 0 0
1787956684.250 t 13 1355119 31 -4037 210 -23499 0 0 0 712 630 3 1684 98973 92728 8000 8000 0 0 0
1787956684.311 t 14 1355171 31 -4037 210 -23499 0 0 0 712 630 3 1684 98973 92728 8000 8000 0 0 0
1787956684.354 t 15 1355223 31 -4037 210 -23499 0 0 0 712 630 3 1684 98973 92728 8000 8000 0 0 0
1787956684.412 t 16 1355275 31 -4037 210 -23499 0 0 0 712 630 3 1684 98973 92728 8000 8000 0 0 0
1787956684.412 === BIAS RESET FWD 90%
1787956684.412 >>> SET stall_window 50 #71
1787956684.427 ack 71 70 timeout
1787956684.458 t 17 1355327 31 -4037 210 -23499 0 0 0 712 630 3 1684 98973 92728 8000 8000 0 0 0
1787956684.513 t 18 1355379 31 -4037 210 -23499 0 0 0 712 630 3 1684 98973 92728 8000 8000 0 0 0
1787956684.562 t 19 1355431 31 -4037 210 -23499 0 0 0 712 630 3 1684 98973 92728 8000 8000 0 0 0
1787956684.615 t 20 1355483 31 -4037 210 -23499 0 0 0 712 630 3 1684 98973 92728 8000 8000 0 0 0
1787956684.666 t 21 1355535 31 -4037 210 -23499 0 0 0 712 630 3 1684 98973 92728 8000 8000 0 0 0
1787956684.718 t 22 1355587 31 -4037 210 -23499 0 0 0 712 630 3 1684 98973 92728 8000 8000 0 0 0
1787956684.769 t 23 1355639 31 -4037 210 -23499 0 0 0 712 630 3 1684 98973 92728 8000 8000 0 0 0
1787956684.821 thdr seq now flags x y h ox oy oh vl vr i2cf cyc posl posr dutl dutr lexc wrng cycovr
1787956684.829 t 24 1355691 31 -4037 210 -23499 0 0 0 712 630 3 1684 98973 92728 8000 8000 0 0 0
1787956684.883 t 25 1355743 31 -4037 210 -23499 0 0 0 712 630 3 1684 98973 92728 8000 8000 0 0 0
1787956684.953 >>> WHEELS_V 40 40 300 #72
1787956684.953 t 26 1355795 31 -4037 210 -23499 0 0 0 712 630 3 1684 98973 92728 8000 8000 0 0 0
1787956684.968 ack 72 70 timeout
1787956685.001 t 27 1355865 31 -4110 331 -24247 0 0 0 115 103 3 1685 100878 94434 500 500 0 0 0
1787956685.066 t 28 1355937 35 -4111 332 -24251 0 0 0 20 16 3 1688 100895 94450 0 0 0 0 0
1787956685.139 t 29 1356009 35 -4111 333 -24281 0 0 0 0 0 3 1691 100903 94450 0 0 0 0 0
1787956685.211 t 30 1356081 35 -4111 333 -24281 0 0 0 0 0 3 1694 100903 94450 0 0 0 0 0
1787956685.284 t 31 1356153 35 -4111 333 -24281 0 0 0 0 0 3 1697 100903 94450 0 0 0 0 0
1787956685.339 t 32 1356209 35 -4111 333 -24281 0 0 0 0 0 3 1697 100903 94450 0 0 0 0 0
1787956685.397 t 33 1356265 35 -4111 333 -24281 0 0 0 0 0 3 1697 100903 94450 0 0 0 0 0
1787956685.451 t 34 1356321 35 -4111 333 -24281 0 0 0 0 0 3 1697 100903 94450 0 0 0 0 0
1787956685.507 t 35 1356377 35 -4111 333 -24281 0 0 0 0 0 3 1697 100903 94450 0 0 0 0 0
1787956685.570 t 36 1356433 35 -4111 333 -24281 0 0 0 0 0 3 1697 100903 94450 0 0 0 0 0
1787956685.619 t 37 1356489 35 -4111 333 -24281 0 0 0 0 0 3 1697 100903 94450 0 0 0 0 0
1787956685.676 t 38 1356545 35 -4111 333 -24281 0 0 0 0 0 3 1697 100903 94450 0 0 0 0 0
1787956685.730 t 39 1356601 35 -4111 333 -24281 0 0 0 0 0 3 1697 100903 94450 0 0 0 0 0
1787956685.786 t 40 1356657 35 -4111 333 -24281 0 0 0 0 0 3 1697 100903 94450 0 0 0 0 0
1787956685.842 t 41 1356713 35 -4111 333 -24281 0 0 0 0 0 3 1697 100903 94450 0 0 0 0 0
1787956685.909 t 42 1356769 35 -4111 333 -24281 0 0 0 0 0 3 1697 100903 94450 0 0 0 0 0
1787956685.955 thdr seq now flags x y h ox oy oh vl vr i2cf cyc posl posr dutl dutr lexc wrng cycovr
1787956685.969 t 43 1356825 35 -4111 333 -24281 0 0 0 0 0 3 1697 100903 94450 0 0 0 0 0
1787956686.010 t 44 1356877 35 -4111 333 -24281 0 0 0 0 0 3 1697 100903 94450 0 0 0 0 0
1787956686.063 t 45 1356933 35 -4111 333 -24281 0 0 0 0 0 3 1697 100903 94450 0 0 0 0 0
1787956686.134 t 46 1356989 35 -4111 333 -24281 0 0 0 0 0 3 1697 100903 94450 0 0 0 0 0
1787956686.175 t 47 1357045 35 -4111 333 -24281 0 0 0 0 0 3 1697 100903 94450 0 0 0 0 0
1787956686.227 >>> SET stall_clear 1 #73
1787956686.231 t 48 1357101 35 -4111 333 -24281 0 0 0 0 0 3 1697 100903 94450 0 0 0 0 0
1787956686.242 ack 73 72 stall
1787956686.286 t 49 1357157 35 -4111 333 -24281 0 0 0 0 0 3 1697 100903 94450 0 0 0 0 0
1787956686.345 t 50 1357213 35 -4111 333 -24281 0 0 0 0 0 3 1697 100903 94450 0 0 0 0 0
1787956686.399 t 51 1357269 35 -4111 333 -24281 0 0 0 0 0 3 1697 100903 94450 0 0 0 0 0
1787956686.456 t 52 1357325 35 -4111 333 -24281 0 0 0 0 0 3 1697 100903 94450 0 0 0 0 0
1787956686.510 t 53 1357381 35 -4111 333 -24281 0 0 0 0 0 3 1697 100903 94450 0 0 0 0 0
1787956686.567 t 54 1357437 35 -4111 333 -24281 0 0 0 0 0 3 1697 100903 94450 0 0 0 0 0
1787956686.624 t 55 1357493 35 -4111 333 -24281 0 0 0 0 0 3 1697 100903 94450 0 0 0 0 0
1787956686.679 t 56 1357549 35 -4111 333 -24281 0 0 0 0 0 3 1697 100903 94450 0 0 0 0 0
1787956686.736 >>> SET stall_window 0 #74
1787956686.745 t 57 1357605 35 -4111 333 -24281 0 0 0 0 0 3 1697 100903 94450 0 0 0 0 0
1787956686.755 ack 74 72 stall
1787956686.795 t 58 1357661 35 -4111 333 -24281 0 0 0 0 0 3 1697 100903 94450 0 0 0 0 0
1787956686.846 t 59 1357717 35 -4111 333 -24281 0 0 0 0 0 3 1697 100903 94450 0 0 0 0 0
1787956686.903 t 60 1357773 35 -4111 333 -24281 0 0 0 0 0 3 1697 100903 94450 0 0 0 0 0
1787956686.959 t 61 1357829 35 -4111 333 -24281 0 0 0 0 0 3 1697 100903 94450 0 0 0 0 0
1787956687.015 thdr seq now flags x y h ox oy oh vl vr i2cf cyc posl posr dutl dutr lexc wrng cycovr
1787956687.022 t 62 1357885 35 -4111 333 -24281 0 0 0 0 0 3 1697 100903 94450 0 0 0 0 0
1787956687.069 t 63 1357937 35 -4111 333 -24281 0 0 0 0 0 3 1697 100903 94450 0 0 0 0 0
1787956687.124 t 64 1357993 35 -4111 333 -24281 0 0 0 0 0 3 1697 100903 94450 0 0 0 0 0
1787956687.179 t 65 1358049 35 -4111 333 -24281 0 0 0 0 0 3 1697 100903 94450 0 0 0 0 0
1787956687.237 === STEP FWD duty=90% v=765
1787956687.237 >>> WHEELS_V 765 765 2000 #75
1787956687.244 t 66 1358105 35 -4111 333 -24281 0 0 0 0 0 3 1697 100903 94450 0 0 0 0 0
1787956687.246 ack 75 72 stall
1787956687.307 t 67 1358173 31 -4112 334 -24270 0 0 0 39 48 3 1699 100917 94467 5000 5000 0 0 0
1787956687.378 t 68 1358245 31 -4122 355 -24364 0 0 0 483 446 3 1702 101228 94753 9000 9000 0 0 0
1787956687.448 t 69 1358317 31 -4141 394 -24477 0 0 0 666 614 3 1705 101789 95284 9000 9000 0 0 0
1787956687.520 t 70 1358389 31 -4161 440 -24612 0 0 0 719 739 3 1708 102450 95909 9100 9100 0 0 0
1787956687.591 t 71 1358461 31 -4182 489 -24676 0 0 0 745 765 3 1711 103136 96578 9100 9100 0 0 0
1787956687.664 t 72 1358533 31 -4203 538 -24752 0 0 0 768 748 3 1714 103823 97245 9000 9100 0 0 0
1787956687.735 t 73 1358605 31 -4223 587 -24770 0 0 0 739 712 3 1717 104500 97917 9000 9100 0 0 0
1787956687.811 t 74 1358677 31 -4243 636 -24823 0 0 0 729 693 3 1720 105178 98581 9000 9100 0 0 0
1787956687.885 t 75 1358749 31 -4262 686 -24782 0 0 0 729 785 3 1723 105853 99267 9000 9100 0 0 0
1787956687.953 t 76 1358821 31 -4282 736 -24834 0 0 0 748 749 3 1726 106534 99934 9000 9100 0 0 0
1787956688.024 t 77 1358893 31 -4301 786 -24887 0 0 0 713 732 3 1729 107223 100609 9000 9100 0 0 0
1787956688.096 t 78 1358965 31 -4320 836 -24936 0 0 0 745 732 3 1732 107911 101284 9000 9000 0 0 0
1787956688.168 t 79 1359037 31 -4338 886 -24970 0 0 0 728 739 3 1735 108589 101953 9000 9000 0 0 0
1787956688.239 t 80 1359109 31 -4356 936 -25045 0 0 0 749 719 3 1738 109267 102611 9000 9000 0 0 0
1787956688.316 thdr seq now flags x y h ox oy oh vl vr i2cf cyc posl posr dutl dutr lexc wrng cycovr
1787956688.323 t 81 1359181 31 -4373 986 -25064 0 0 0 748 731 3 1741 109945 103284 9000 9000 0 0 0
1787956688.383 t 82 1359253 31 -4390 1037 -25098 0 0 0 720 757 3 1744 110634 103964 9000 9100 0 0 0
1787956688.456 t 83 1359325 31 -4407 1088 -25150 0 0 0 748 729 3 1747 111323 104639 9000 9100 0 0 0
1787956688.532 t 84 1359397 31 -4424 1139 -25203 0 0 0 738 728 3 1750 112009 105311 9000 9000 0 0 0
1787956688.600 t 85 1359469 31 -4440 1190 -25192 0 0 0 729 766 3 1753 112684 105989 9000 9000 0 0 0
1787956688.672 t 86 1359541 31 -4455 1240 -25305 0 0 0 738 719 3 1756 113367 106642 9000 9100 0 0 0
1787956688.746 t 87 1359613 31 -4471 1291 -25357 0 0 0 749 703 3 1759 114056 107317 9000 9000 0 0 0
1787956688.817 t 88 1359685 31 -4486 1344 -25365 0 0 0 765 739 3 1762 114750 108009 9100 9000 0 0 0
1787956688.887 t 89 1359757 31 -4501 1395 -25399 0 0 0 749 768 3 1765 115434 108684 9100 9100 0 0 0
1787956688.960 t 90 1359829 31 -4515 1447 -25429 0 0 0 739 765 3 1768 116114 109356 9100 9000 0 0 0
1787956689.034 t 91 1359901 31 -4529 1498 -25485 0 0 0 758 739 3 1771 116798 110025 9000 9100 0 0 0
1787956689.114 t 92 1359973 31 -4542 1550 -25527 0 0 0 768 739 3 1774 117487 110703 9000 9000 0 0 0
1787956689.176 t 93 1360045 31 -4556 1602 -25587 0 0 0 765 729 3 1777 118178 111378 9000 9000 0 0 0
1787956689.247 t 94 1360117 31 -4569 1655 -25587 0 0 0 765 748 3 1780 118867 112067 9100 9100 0 0 0
1787956689.303 t 95 1360173 31 -4573 1673 -25651 0 0 0 804 749 3 1781 119112 112295 9000 9000 0 0 0
1787956689.361 t 96 1360229 31 -4573 1673 -25651 0 0 0 804 749 3 1781 119112 112295 9000 9000 0 0 0
1787956689.463 t 97 1360285 31 -4573 1673 -25651 0 0 0 804 749 3 1781 119112 112295 9000 9000 0 0 0
1787956689.473 t 98 1360341 31 -4573 1673 -25651 0 0 0 804 749 3 1781 119112 112295 9000 9000 0 0 0
1787956689.528 t 99 1360397 31 -4573 1673 -25651 0 0 0 804 749 3 1781 119112 112295 9000 9000 0 0 0
1787956689.620 thdr seq now flags x y h ox oy oh vl vr i2cf cyc posl posr dutl dutr lexc wrng cycovr
1787956689.620 t 100 1360453 31 -4573 1673 -25651 0 0 0 804 749 3 1781 119112 112295 9000 9000 0 0 0
1787956689.636 t 101 1360505 31 -4573 1673 -25651 0 0 0 804 749 3 1781 119112 112295 9000 9000 0 0 0
1787956689.696 t 102 1360561 31 -4573 1673 -25651 0 0 0 804 749 3 1781 119112 112295 9000 9000 0 0 0
1787956689.748 t 103 1360617 31 -4573 1673 -25651 0 0 0 804 749 3 1781 119112 112295 9000 9000 0 0 0
1787956689.803 t 104 1360673 31 -4573 1673 -25651 0 0 0 804 749 3 1781 119112 112295 9000 9000 0 0 0
1787956689.861 t 105 1360729 31 -4573 1673 -25651 0 0 0 804 749 3 1781 119112 112295 9000 9000 0 0 0
1787956689.917 t 106 1360787 31 -4573 1673 -25651 0 0 0 804 749 3 1781 119112 112295 9000 9000 0 0 0
1787956689.970 t 107 1360839 31 -4573 1673 -25651 0 0 0 804 749 3 1781 119112 112295 9000 9000 0 0 0
1787956690.017 === BIAS RESET FWD 100%
1787956690.017 >>> SET stall_window 50 #76
1787956690.021 t 108 1360891 31 -4573 1673 -25651 0 0 0 804 749 3 1781 119112 112295 9000 9000 0 0 0
1787956690.025 ack 76 75 timeout
1787956690.074 t 109 1360943 31 -4573 1673 -25651 0 0 0 804 749 3 1781 119112 112295 9000 9000 0 0 0
1787956690.132 t 110 1360995 31 -4573 1673 -25651 0 0 0 804 749 3 1781 119112 112295 9000 9000 0 0 0
1787956690.177 t 111 1361047 31 -4573 1673 -25651 0 0 0 804 749 3 1781 119112 112295 9000 9000 0 0 0
1787956690.229 t 112 1361099 31 -4573 1673 -25651 0 0 0 804 749 3 1781 119112 112295 9000 9000 0 0 0
1787956690.281 t 113 1361151 31 -4573 1673 -25651 0 0 0 804 749 3 1781 119112 112295 9000 9000 0 0 0
1787956690.337 t 114 1361203 31 -4573 1673 -25651 0 0 0 804 749 3 1781 119112 112295 9000 9000 0 0 0
1787956690.385 t 115 1361255 31 -4573 1673 -25651 0 0 0 804 749 3 1781 119112 112295 9000 9000 0 0 0
1787956690.438 t 116 1361307 31 -4573 1673 -25651 0 0 0 804 749 3 1781 119112 112295 9000 9000 0 0 0
1787956690.490 t 117 1361359 31 -4573 1673 -25651 0 0 0 804 749 3 1781 119112 112295 9000 9000 0 0 0
1787956690.537 >>> WHEELS_V 40 40 300 #77
1787956690.543 t 118 1361411 31 -4573 1673 -25651 0 0 0 804 749 3 1781 119112 112295 9000 9000 0 0 0
1787956690.547 ack 77 75 timeout
1787956690.609 thdr seq now flags x y h ox oy oh vl vr i2cf cyc posl posr dutl dutr lexc wrng cycovr
1787956690.616 t 119 1361473 31 -4606 1871 -26475 0 0 0 6 8 3 1783 121764 114728 500 500 0 0 0
1787956690.725 t 120 1361545 35 -4606 1874 -26456 0 0 0 25 39 3 1786 121798 114767 0 0 0 0 0
1787956690.748 t 121 1361617 35 -4606 1874 -26456 0 0 0 0 0 3 1789 121798 114767 0 0 0 0 0
1787956690.823 t 122 1361689 35 -4606 1874 -26456 0 0 0 0 0 3 1792 121798 114767 0 0 0 0 0
1787956690.874 t 123 1361745 35 -4606 1874 -26456 0 0 0 0 0 3 1794 121798 114767 0 0 0 0 0
1787956690.930 t 124 1361801 35 -4606 1874 -26456 0 0 0 0 0 3 1794 121798 114767 0 0 0 0 0
1787956690.987 t 125 1361857 35 -4606 1874 -26456 0 0 0 0 0 3 1794 121798 114767 0 0 0 0 0
1787956691.045 t 126 1361913 35 -4606 1874 -26456 0 0 0 0 0 3 1794 121798 114767 0 0 0 0 0
1787956691.099 t 127 1361969 35 -4606 1874 -26456 0 0 0 0 0 3 1794 121798 114767 0 0 0 0 0
1787956691.158 t 0 1362025 35 -4606 1874 -26456 0 0 0 0 0 3 1794 121798 114767 0 0 0 0 0
1787956691.211 t 1 1362081 35 -4606 1874 -26456 0 0 0 0 0 3 1794 121798 114767 0 0 0 0 0
1787956691.270 t 2 1362137 35 -4606 1874 -26456 0 0 0 0 0 3 1794 121798 114767 0 0 0 0 0
1787956691.322 t 3 1362193 35 -4606 1874 -26456 0 0 0 0 0 3 1794 121798 114767 0 0 0 0 0
1787956691.381 t 4 1362249 35 -4606 1874 -26456 0 0 0 0 0 3 1794 121798 114767 0 0 0 0 0
1787956691.437 t 5 1362305 35 -4606 1874 -26456 0 0 0 0 0 3 1794 121798 114767 0 0 0 0 0
1787956691.491 t 6 1362361 35 -4606 1874 -26456 0 0 0 0 0 3 1794 121798 114767 0 0 0 0 0
1787956691.547 t 7 1362417 35 -4606 1874 -26456 0 0 0 0 0 3 1794 121798 114767 0 0 0 0 0
1787956691.602 t 8 1362473 35 -4606 1874 -26456 0 0 0 0 0 3 1794 121798 114767 0 0 0 0 0
1787956691.659 t 9 1362529 35 -4606 1874 -26456 0 0 0 0 0 3 1794 121798 114767 0 0 0 0 0
1787956691.716 thdr seq now flags x y h ox oy oh vl vr i2cf cyc posl posr dutl dutr lexc wrng cycovr
1787956691.722 t 10 1362585 35 -4606 1874 -26456 0 0 0 0 0 3 1794 121798 114767 0 0 0 0 0
1787956691.766 t 11 1362637 35 -4606 1874 -26456 0 0 0 0 0 3 1794 121798 114767 0 0 0 0 0
1787956691.819 >>> SET stall_clear 1 #78
1787956691.823 t 12 1362693 35 -4606 1874 -26456 0 0 0 0 0 3 1794 121798 114767 0 0 0 0 0
1787956691.834 ack 78 77 stall
1787956691.889 t 13 1362749 35 -4606 1874 -26456 0 0 0 0 0 3 1794 121798 114767 0 0 0 0 0
1787956691.934 t 14 1362805 35 -4606 1874 -26456 0 0 0 0 0 3 1794 121798 114767 0 0 0 0 0
1787956691.991 t 15 1362861 35 -4606 1874 -26456 0 0 0 0 0 3 1794 121798 114767 0 0 0 0 0
1787956692.050 t 16 1362917 35 -4606 1874 -26456 0 0 0 0 0 3 1794 121798 114767 0 0 0 0 0
1787956692.103 t 17 1362973 35 -4606 1874 -26456 0 0 0 0 0 3 1794 121798 114767 0 0 0 0 0
1787956692.158 t 18 1363029 35 -4606 1874 -26456 0 0 0 0 0 3 1794 121798 114767 0 0 0 0 0
1787956692.248 t 19 1363085 35 -4606 1874 -26456 0 0 0 0 0 3 1794 121798 114767 0 0 0 0 0
1787956692.270 t 20 1363141 35 -4606 1874 -26456 0 0 0 0 0 3 1794 121798 114767 0 0 0 0 0
1787956692.324 >>> SET stall_window 0 #79
1787956692.327 t 21 1363197 35 -4606 1874 -26456 0 0 0 0 0 3 1794 121798 114767 0 0 0 0 0
1787956692.338 ack 79 77 stall
1787956692.385 t 22 1363253 35 -4606 1874 -26456 0 0 0 0 0 3 1794 121798 114767 0 0 0 0 0
1787956692.439 t 23 1363309 35 -4606 1874 -26456 0 0 0 0 0 3 1794 121798 114767 0 0 0 0 0
1787956692.496 t 24 1363365 35 -4606 1874 -26456 0 0 0 0 0 3 1794 121798 114767 0 0 0 0 0
1787956692.551 t 25 1363421 35 -4606 1874 -26456 0 0 0 0 0 3 1794 121798 114767 0 0 0 0 0
1787956692.638 t 26 1363477 35 -4606 1874 -26456 0 0 0 0 0 3 1794 121798 114767 0 0 0 0 0
1787956692.666 t 27 1363533 35 -4606 1874 -26456 0 0 0 0 0 3 1794 121798 114767 0 0 0 0 0
1787956692.719 t 28 1363589 35 -4606 1874 -26456 0 0 0 0 0 3 1794 121798 114767 0 0 0 0 0
1787956692.776 thdr seq now flags x y h ox oy oh vl vr i2cf cyc posl posr dutl dutr lexc wrng cycovr
1787956692.782 t 29 1363645 35 -4606 1874 -26456 0 0 0 0 0 3 1794 121798 114767 0 0 0 0 0
1787956692.828 === STEP FWD duty=100% v=850
1787956692.828 >>> WHEELS_V 850 850 2000 #80
1787956692.830 t 30 1363697 35 -4606 1874 -26456 0 0 0 0 0 3 1794 121798 114767 0 0 0 0 0
1787956692.838 ack 80 77 stall
1787956692.896 t 31 1363765 31 -4606 1875 -26452 0 0 0 45 48 3 1796 121814 114784 5000 5000 0 0 0
1787956692.972 t 32 1363837 31 -4609 1900 -26486 0 0 0 512 476 3 1799 122134 115095 10000 10000 0 0 0
1787956693.041 t 33 1363909 31 -4612 1946 -26569 0 0 0 709 683 3 1802 122739 115678 10000 10000 0 0 0
1787956693.112 t 34 1363981 31 -4616 2000 -26633 0 0 0 765 766 3 1805 123428 116350 10000 10000 0 0 0
1787956693.183 t 35 1364053 31 -4618 2054 -26716 0 0 0 755 748 3 1808 124128 117028 10000 10000 0 0 0
1787956693.257 t 36 1364125 31 -4621 2110 -26757 0 0 0 775 765 3 1811 124839 117728 10000 10000 0 0 0
1787956693.327 t 37 1364197 31 -4622 2165 -26821 0 0 0 775 756 3 1814 125556 118428 10000 10000 0 0 0
1787956693.399 t 38 1364269 31 -4624 2221 -26821 0 0 0 758 758 3 1817 126262 119134 10000 10000 0 0 0
1787956693.471 t 39 1364341 31 -4625 2276 -26840 0 0 0 765 768 3 1820 126967 119834 10000 10000 0 0 0
1787956693.547 t 40 1364413 31 -4626 2331 -26881 0 0 0 765 748 3 1823 127667 120523 10000 10000 0 0 0
1787956693.620 t 41 1364485 31 -4627 2387 -26923 0 0 0 784 767 3 1826 128378 121223 10000 10000 0 0 0
1787956693.691 t 42 1364557 31 -4628 2443 -26968 0 0 0 785 755 3 1829 129095 121928 10000 10000 0 0 0
1787956693.776 t 43 1364629 31 -4628 2499 -26934 0 0 0 785 774 3 1832 129806 122648 10000 10000 0 0 0
1787956693.833 t 44 1364701 31 -4629 2554 -26926 0 0 0 764 765 3 1835 130506 123350 10000 10000 0 0 0
1787956693.905 t 45 1364773 31 -4629 2609 -26968 0 0 0 774 758 3 1838 131212 124045 10000 10000 0 0 0
1787956693.975 t 46 1364845 31 -4628 2665 -27032 0 0 0 785 775 3 1841 131926 124742 10000 10000 0 0 0
1787956694.048 t 47 1364917 31 -4628 2721 -27058 0 0 0 785 784 3 1844 132642 125451 10000 10000 0 0 0
1787956694.127 thdr seq now flags x y h ox oy oh vl vr i2cf cyc posl posr dutl dutr lexc wrng cycovr
1787956694.139 t 48 1364989 31 -4627 2777 -27081 0 0 0 785 765 3 1847 133353 126156 10000 10000 0 0 0
1787956694.205 t 49 1365061 31 -4626 2832 -27081 0 0 0 751 768 3 1850 134059 126862 10000 10000 0 0 0
1787956694.276 t 50 1365133 31 -4625 2887 -27126 0 0 0 785 746 3 1853 134762 127553 10000 10000 0 0 0
1787956694.339 t 51 1365205 31 -4623 2943 -27186 0 0 0 785 768 3 1856 135476 128251 10000 10000 0 0 0
1787956694.411 t 52 1365277 31 -4621 2999 -27216 0 0 0 781 765 3 1859 136189 128956 10000 10000 0 0 0
1787956694.483 t 53 1365349 31 -4618 3055 -27228 0 0 0 775 785 3 1862 136903 129667 10000 10000 0 0 0
1787956694.555 t 54 1365421 31 -4616 3111 -27258 0 0 0 801 774 3 1865 137617 130373 10000 10000 0 0 0
1787956694.623 t 55 1365493 31 -4613 3165 -27261 0 0 0 768 755 3 1868 138312 131067 10000 10000 0 0 0
1787956694.696 t 56 1365565 31 -4610 3221 -27333 0 0 0 785 768 3 1871 139026 131762 10000 10000 0 0 0
1787956694.768 t 57 1365637 31 -4606 3277 -27374 0 0 0 784 775 3 1874 139745 132470 10000 10000 0 0 0
1787956694.841 t 58 1365709 31 -4602 3332 -27393 0 0 0 765 768 3 1877 140456 133176 10000 10000 0 0 0
1787956694.896 t 59 1365765 31 -4601 3352 -27487 0 0 0 856 774 3 1878 140717 133412 10000 10000 0 0 0
1787956694.952 t 60 1365821 31 -4601 3352 -27487 0 0 0 856 774 3 1878 140717 133412 10000 10000 0 0 0
1787956695.008 t 61 1365877 31 -4601 3352 -27487 0 0 0 856 774 3 1878 140717 133412 10000 10000 0 0 0
1787956695.065 t 62 1365935 31 -4601 3352 -27487 0 0 0 856 774 3 1878 140717 133412 10000 10000 0 0 0
1787956695.121 t 63 1365987 31 -4601 3352 -27487 0 0 0 856 774 3 1878 140717 133412 10000 10000 0 0 0
1787956695.169 t 64 1366039 31 -4601 3352 -27487 0 0 0 856 774 3 1878 140717 133412 10000 10000 0 0 0
1787956695.224 t 65 1366091 31 -4601 3352 -27487 0 0 0 856 774 3 1878 140717 133412 10000 10000 0 0 0
1787956695.274 t 66 1366143 31 -4601 3352 -27487 0 0 0 856 774 3 1878 140717 133412 10000 10000 0 0 0
1787956695.328 thdr seq now flags x y h ox oy oh vl vr i2cf cyc posl posr dutl dutr lexc wrng cycovr
1787956695.335 t 67 1366195 31 -4601 3352 -27487 0 0 0 856 774 3 1878 140717 133412 10000 10000 0 0 0
1787956695.378 t 68 1366247 31 -4601 3352 -27487 0 0 0 856 774 3 1878 140717 133412 10000 10000 0 0 0
1787956695.513 t 69 1366299 31 -4601 3352 -27487 0 0 0 856 774 3 1878 140717 133412 10000 10000 0 0 0
1787956695.513 t 70 1366351 31 -4601 3352 -27487 0 0 0 856 774 3 1878 140717 133412 10000 10000 0 0 0
1787956695.535 t 71 1366403 31 -4601 3352 -27487 0 0 0 856 774 3 1878 140717 133412 10000 10000 0 0 0
1787956696.084 t 72 1366455 31 -4601 3352 -27487 0 0 0 856 774 3 1878 140717 133412 10000 10000 0 0 0
1787956696.084 t 73 1366507 31 -4601 3352 -27487 0 0 0 856 774 3 1878 140717 133412 10000 10000 0 0 0
1787956696.084 t 74 1366559 31 -4601 3352 -27487 0 0 0 856 774 3 1878 140717 133412 10000 10000 0 0 0
1787956696.084 t 75 1366611 31 -4601 3352 -27487 0 0 0 856 774 3 1878 140717 133412 10000 10000 0 0 0
1787956696.084 t 76 1366663 31 -4601 3352 -27487 0 0 0 856 774 3 1878 140717 133412 10000 10000 0 0 0
1787956696.084 t 77 1366715 31 -4601 3352 -27487 0 0 0 856 774 3 1878 140717 133412 10000 10000 0 0 0
1787956696.084 t 78 1366767 31 -4601 3352 -27487 0 0 0 856 774 3 1878 140717 133412 10000 10000 0 0 0
1787956696.084 t 79 1366819 31 -4601 3352 -27487 0 0 0 856 774 3 1878 140717 133412 10000 10000 0 0 0
1787956696.084 t 80 1366871 31 -4601 3352 -27487 0 0 0 856 774 3 1878 140717 133412 10000 10000 0 0 0
1787956696.084 t 81 1366923 31 -4601 3352 -27487 0 0 0 856 774 3 1878 140717 133412 10000 10000 0 0 0
1787956696.107 t 82 1366975 31 -4601 3352 -27487 0 0 0 856 774 3 1878 140717 133412 10000 10000 0 0 0
1787956696.157 t 83 1367027 31 -4601 3352 -27487 0 0 0 856 774 3 1878 140717 133412 10000 10000 0 0 0
1787956696.209 t 84 1367079 31 -4601 3352 -27487 0 0 0 856 774 3 1878 140717 133412 10000 10000 0 0 0
1787956696.262 t 85 1367131 31 -4601 3352 -27487 0 0 0 856 774 3 1878 140717 133412 10000 10000 0 0 0
1787956696.318 thdr seq now flags x y h ox oy oh vl vr i2cf cyc posl posr dutl dutr lexc wrng cycovr
1787956696.322 t 86 1367183 31 -4601 3352 -27487 0 0 0 856 774 3 1878 140717 133412 10000 10000 0 0 0
1787956696.366 t 87 1367235 31 -4601 3352 -27487 0 0 0 856 774 3 1878 140717 133412 10000 10000 0 0 0
1787956696.420 t 88 1367287 31 -4601 3352 -27487 0 0 0 856 774 3 1878 140717 133412 10000 10000 0 0 0
1787956696.470 t 89 1367339 31 -4601 3352 -27487 0 0 0 856 774 3 1878 140717 133412 10000 10000 0 0 0
1787956696.524 t 90 1367391 31 -4601 3352 -27487 0 0 0 856 774 3 1878 140717 133412 10000 10000 0 0 0
1787956696.573 t 91 1367443 31 -4601 3352 -27487 0 0 0 856 774 3 1878 140717 133412 10000 10000 0 0 0
1787956696.624 === BIAS RESET REV 5%
1787956696.624 >>> SET stall_window 50 #81
1787956696.626 t 92 1367495 31 -4601 3352 -27487 0 0 0 856 774 3 1878 140717 133412 10000 10000 0 0 0
1787956696.637 ack 81 80 timeout
1787956696.678 t 93 1367547 31 -4601 3352 -27487 0 0 0 856 774 3 1878 140717 133412 10000 10000 0 0 0
1787956696.730 t 94 1367599 31 -4601 3352 -27487 0 0 0 856 774 3 1878 140717 133412 10000 10000 0 0 0
1787956696.782 t 95 1367651 31 -4601 3352 -27487 0 0 0 856 774 3 1878 140717 133412 10000 10000 0 0 0
1787956696.833 t 96 1367703 31 -4601 3352 -27487 0 0 0 856 774 3 1878 140717 133412 10000 10000 0 0 0
1787956696.886 t 97 1367755 31 -4601 3352 -27487 0 0 0 856 774 3 1878 140717 133412 10000 10000 0 0 0
1787956696.937 t 98 1367807 31 -4601 3352 -27487 0 0 0 856 774 3 1878 140717 133412 10000 10000 0 0 0
1787956696.989 t 99 1367859 31 -4601 3352 -27487 0 0 0 856 774 3 1878 140717 133412 10000 10000 0 0 0
1787956697.041 t 100 1367911 31 -4601 3352 -27487 0 0 0 856 774 3 1878 140717 133412 10000 10000 0 0 0
1787956697.096 t 101 1367963 31 -4601 3352 -27487 0 0 0 856 774 3 1878 140717 133412 10000 10000 0 0 0
1787956697.142 >>> WHEELS_V 40 40 300 #82
1787956697.146 t 102 1368015 31 -4601 3352 -27487 0 0 0 856 774 3 1878 140717 133412 10000 10000 0 0 0
1787956697.157 ack 82 80 timeout
1787956697.216 t 103 1368085 31 -4567 3535 -28639 0 0 0 23 8 3 1880 143231 135620 500 500 0 0 0
1787956697.286 t 104 1368157 35 -4566 3538 -28650 0 0 0 56 36 3 1883 143273 135659 0 0 0 0 0
1787956697.359 thdr seq now flags x y h ox oy oh vl vr i2cf cyc posl posr dutl dutr lexc wrng cycovr
1787956697.368 t 105 1368229 35 -4566 3538 -28672 0 0 0 0 0 3 1886 143276 135656 0 0 0 0 0
1787956697.431 t 106 1368301 35 -4566 3538 -28672 0 0 0 0 0 3 1889 143276 135656 0 0 0 0 0
1787956697.487 t 107 1368357 35 -4566 3538 -28672 0 0 0 0 0 3 1891 143276 135656 0 0 0 0 0
1787956697.545 t 108 1368413 35 -4566 3538 -28672 0 0 0 0 0 3 1891 143276 135656 0 0 0 0 0
1787956697.599 t 109 1368469 35 -4566 3538 -28672 0 0 0 0 0 3 1891 143276 135656 0 0 0 0 0
1787956697.655 t 110 1368525 35 -4566 3538 -28672 0 0 0 0 0 3 1891 143276 135656 0 0 0 0 0
1787956697.711 t 111 1368581 35 -4566 3538 -28672 0 0 0 0 0 3 1891 143276 135656 0 0 0 0 0
1787956697.766 t 112 1368637 35 -4566 3538 -28672 0 0 0 0 0 3 1891 143276 135656 0 0 0 0 0
1787956697.826 t 113 1368693 35 -4566 3538 -28672 0 0 0 0 0 3 1891 143276 135656 0 0 0 0 0
1787956697.880 t 114 1368749 35 -4566 3538 -28672 0 0 0 0 0 3 1891 143276 135656 0 0 0 0 0
1787956697.934 t 115 1368805 35 -4566 3538 -28672 0 0 0 0 0 3 1891 143276 135656 0 0 0 0 0
1787956697.991 t 116 1368861 35 -4566 3538 -28672 0 0 0 0 0 3 1891 143276 135656 0 0 0 0 0
1787956698.046 t 117 1368917 35 -4566 3538 -28672 0 0 0 0 0 3 1891 143276 135656 0 0 0 0 0
1787956698.102 t 118 1368973 35 -4566 3538 -28672 0 0 0 0 0 3 1891 143276 135656 0 0 0 0 0
1787956698.161 t 119 1369029 35 -4566 3538 -28672 0 0 0 0 0 3 1891 143276 135656 0 0 0 0 0
1787956698.215 t 120 1369085 35 -4566 3538 -28672 0 0 0 0 0 3 1891 143276 135656 0 0 0 0 0
1787956698.270 t 121 1369141 35 -4566 3538 -28672 0 0 0 0 0 3 1891 143276 135656 0 0 0 0 0
1787956698.327 t 122 1369197 35 -4566 3538 -28672 0 0 0 0 0 3 1891 143276 135656 0 0 0 0 0
1787956698.383 t 123 1369253 35 -4566 3538 -28672 0 0 0 0 0 3 1891 143276 135656 0 0 0 0 0
1787956698.436 >>> SET stall_clear 1 #83
1787956698.440 thdr seq now flags x y h ox oy oh vl vr i2cf cyc posl posr dutl dutr lexc wrng cycovr
1787956698.446 t 124 1369309 35 -4566 3538 -28672 0 0 0 0 0 3 1891 143276 135656 0 0 0 0 0
1787956698.448 ack 83 82 stall
1787956698.490 t 125 1369361 35 -4566 3538 -28672 0 0 0 0 0 3 1891 143276 135656 0 0 0 0 0
1787956698.547 t 126 1369417 35 -4566 3538 -28672 0 0 0 0 0 3 1891 143276 135656 0 0 0 0 0
1787956698.605 t 127 1369473 35 -4566 3538 -28672 0 0 0 0 0 3 1891 143276 135656 0 0 0 0 0
1787956698.659 t 0 1369529 35 -4566 3538 -28672 0 0 0 0 0 3 1891 143276 135656 0 0 0 0 0
1787956698.714 t 1 1369585 35 -4566 3538 -28672 0 0 0 0 0 3 1891 143276 135656 0 0 0 0 0
1787956698.774 t 2 1369641 35 -4566 3538 -28672 0 0 0 0 0 3 1891 143276 135656 0 0 0 0 0
1787956698.826 t 3 1369697 35 -4566 3538 -28672 0 0 0 0 0 3 1891 143276 135656 0 0 0 0 0
1787956698.882 t 4 1369753 35 -4566 3538 -28672 0 0 0 0 0 3 1891 143276 135656 0 0 0 0 0
1787956698.938 >>> SET stall_window 0 #84
1787956698.940 t 5 1369809 35 -4566 3538 -28672 0 0 0 0 0 3 1891 143276 135656 0 0 0 0 0
1787956698.951 ack 84 82 stall
1787956698.996 t 6 1369865 35 -4566 3538 -28672 0 0 0 0 0 3 1891 143276 135656 0 0 0 0 0
1787956699.054 t 7 1369921 35 -4566 3538 -28672 0 0 0 0 0 3 1891 143276 135656 0 0 0 0 0
1787956699.109 t 8 1369977 35 -4566 3538 -28672 0 0 0 0 0 3 1891 143276 135656 0 0 0 0 0
1787956699.168 t 9 1370033 35 -4566 3538 -28672 0 0 0 0 0 3 1891 143276 135656 0 0 0 0 0
1787956699.219 t 10 1370089 35 -4566 3538 -28672 0 0 0 0 0 3 1891 143276 135656 0 0 0 0 0
1787956699.274 t 11 1370145 35 -4566 3538 -28672 0 0 0 0 0 3 1891 143276 135656 0 0 0 0 0
1787956699.331 t 12 1370201 35 -4566 3538 -28672 0 0 0 0 0 3 1891 143276 135656 0 0 0 0 0
1787956699.390 t 13 1370257 35 -4566 3538 -28672 0 0 0 0 0 3 1891 143276 135656 0 0 0 0 0
1787956699.440 === STEP REV duty=5% v=-43
1787956699.440 >>> WHEELS_V -43 -43 2000 #85
1787956699.442 t 14 1370313 35 -4566 3538 -28672 0 0 0 0 0 3 1891 143276 135656 0 0 0 0 0
1787956699.454 ack 85 82 stall
1787956699.511 thdr seq now flags x y h ox oy oh vl vr i2cf cyc posl posr dutl dutr lexc wrng cycovr
1787956699.525 t 15 1370381 31 -4566 3538 -28680 0 0 0 -8 -14 3 1893 143273 135651 -500 -500 0 0 0
1787956699.587 t 16 1370453 31 -4567 3535 -28597 0 0 0 -39 -25 3 1896 143228 135628 -500 -500 0 0 0
1787956699.656 t 17 1370525 31 -4568 3532 -28522 0 0 0 -46 -26 3 1899 143178 135598 -500 -500 0 0 0
1787956699.731 t 18 1370597 31 -4569 3529 -28462 0 0 0 -56 -46 3 1902 143128 135564 -500 -600 0 0 0
1787956699.800 t 19 1370669 31 -4569 3526 -28368 0 0 0 -56 -30 3 1905 143078 135539 -500 -500 0 0 0
1787956699.875 t 20 1370741 31 -4570 3523 -28285 0 0 0 -62 -26 3 1908 143026 135509 -500 -500 0 0 0
1787956699.943 t 21 1370813 31 -4571 3520 -28202 0 0 0 -62 -36 3 1911 142973 135478 -500 -500 0 0 0
1787956700.016 t 22 1370885 31 -4571 3516 -28104 0 0 0 -66 -26 3 1914 142920 135451 -500 -500 0 0 0
1787956700.088 t 23 1370957 31 -4572 3514 -28033 0 0 0 -56 -26 3 1917 142873 135423 -600 -500 0 0 0
1787956700.160 t 24 1371029 31 -4572 3510 -27920 0 0 0 -62 -26 3 1920 142815 135395 -500 -500 0 0 0
1787956700.232 t 25 1371101 31 -4573 3507 -27837 0 0 0 -62 -30 3 1923 142765 135367 -500 -500 0 0 0
1787956700.304 t 26 1371173 31 -4573 3504 -27720 0 0 0 -53 -20 3 1926 142712 135345 -500 -500 0 0 0
1787956700.378 t 27 1371245 31 -4574 3501 -27638 0 0 0 -53 -20 3 1929 142662 135317 -600 -500 0 0 0
1787956700.448 t 28 1371317 31 -4574 3498 -27521 0 0 0 -66 -39 3 1932 142603 135289 -500 -500 0 0 0
1787956700.520 t 29 1371389 31 -4574 3495 -27427 0 0 0 -66 -20 3 1935 142553 135264 -500 -500 0 0 0
1787956700.591 t 30 1371461 31 -4574 3492 -27325 0 0 0 -52 -39 3 1938 142501 135239 -500 -500 0 0 0
1787956700.664 t 31 1371533 31 -4575 3489 -27231 0 0 0 -53 -20 3 1941 142451 135214 -500 -500 0 0 0
1787956700.740 t 32 1371605 31 -4575 3486 -27137 0 0 0 -53 -30 3 1944 142401 135189 -500 -500 0 0 0
1787956700.810 t 33 1371677 31 -4575 3483 -27043 0 0 0 -52 -30 3 1947 142351 135164 -500 -500 0 0 0
1787956700.882 thdr seq now flags x y h ox oy oh vl vr i2cf cyc posl posr dutl dutr lexc wrng cycovr
1787956700.889 t 34 1371749 31 -4575 3480 -26957 0 0 0 -52 -36 3 1950 142301 135137 -500 -500 0 0 0
1787956700.959 t 35 1371821 31 -4575 3477 -26844 0 0 0 -39 -17 3 1953 142251 135117 -500 -500 0 0 0
1787956701.027 t 36 1371893 31 -4575 3474 -26727 0 0 0 -62 -10 3 1956 142198 135095 -500 -500 0 0 0
1787956701.105 t 37 1371965 31 -4574 3472 -26633 0 0 0 -53 -10 3 1959 142151 135073 -500 -500 0 0 0
1787956701.168 t 38 1372037 31 -4574 3469 -26546 0 0 0 -46 -16 3 1962 142106 135051 -500 -500 0 0 0
1787956701.240 t 39 1372109 31 -4574 3466 -26475 0 0 0 -46 -26 3 1965 142062 135026 -600 -500 0 0 0
1787956701.312 t 40 1372181 31 -4574 3464 -26373 0 0 0 -43 -26 3 1968 142015 135006 -500 -400 0 0 0
1787956701.384 t 41 1372253 31 -4573 3461 -26279 0 0 0 -36 -20 3 1971 141973 134989 -500 -500 0 0 0
1787956701.457 t 42 1372325 31 -4573 3459 -26193 0 0 0 -56 -20 3 1974 141928 134967 -500 -500 0 0 0
1787956701.512 t 43 1372381 31 -4573 3458 -26163 0 0 0 -52 -26 3 1975 141912 134959 -500 -500 0 0 0
1787956701.573 t 44 1372437 31 -4573 3458 -26163 0 0 0 -52 -26 3 1975 141912 134959 -500 -500 0 0 0
1787956701.617 t 45 1372487 31 -4573 3458 -26163 0 0 0 -52 -26 3 1975 141912 134959 -500 -500 0 0 0
1787956701.675 t 46 1372539 31 -4573 3458 -26163 0 0 0 -52 -26 3 1975 141912 134959 -500 -500 0 0 0
1787956701.722 t 47 1372591 31 -4573 3458 -26163 0 0 0 -52 -26 3 1975 141912 134959 -500 -500 0 0 0
1787956701.778 t 48 1372643 31 -4573 3458 -26163 0 0 0 -52 -26 3 1975 141912 134959 -500 -500 0 0 0
1787956701.826 t 49 1372695 31 -4573 3458 -26163 0 0 0 -52 -26 3 1975 141912 134959 -500 -500 0 0 0
1787956701.880 t 50 1372747 31 -4573 3458 -26163 0 0 0 -52 -26 3 1975 141912 134959 -500 -500 0 0 0
1787956701.930 t 51 1372799 31 -4573 3458 -26163 0 0 0 -52 -26 3 1975 141912 134959 -500 -500 0 0 0
1787956701.986 t 52 1372851 31 -4573 3458 -26163 0 0 0 -52 -26 3 1975 141912 134959 -500 -500 0 0 0
1787956702.033 thdr seq now flags x y h ox oy oh vl vr i2cf cyc posl posr dutl dutr lexc wrng cycovr
1787956702.041 t 53 1372903 31 -4573 3458 -26163 0 0 0 -52 -26 3 1975 141912 134959 -500 -500 0 0 0
1787956702.087 t 54 1372955 31 -4573 3458 -26163 0 0 0 -52 -26 3 1975 141912 134959 -500 -500 0 0 0
1787956702.137 t 55 1373007 31 -4573 3458 -26163 0 0 0 -52 -26 3 1975 141912 134959 -500 -500 0 0 0
1787956702.189 t 56 1373059 31 -4573 3458 -26163 0 0 0 -52 -26 3 1975 141912 134959 -500 -500 0 0 0
1787956702.239 === BIAS RESET REV 10%
1787956702.239 >>> SET stall_window 50 #86
1787956702.243 t 57 1373111 31 -4573 3458 -26163 0 0 0 -52 -26 3 1975 141912 134959 -500 -500 0 0 0
1787956702.259 ack 86 85 timeout
1787956702.293 t 58 1373163 31 -4573 3458 -26163 0 0 0 -52 -26 3 1975 141912 134959 -500 -500 0 0 0
1787956702.346 t 59 1373215 31 -4573 3458 -26163 0 0 0 -52 -26 3 1975 141912 134959 -500 -500 0 0 0
1787956702.398 t 60 1373267 31 -4573 3458 -26163 0 0 0 -52 -26 3 1975 141912 134959 -500 -500 0 0 0
1787956702.449 t 61 1373319 31 -4573 3458 -26163 0 0 0 -52 -26 3 1975 141912 134959 -500 -500 0 0 0
1787956702.502 t 62 1373371 31 -4573 3458 -26163 0 0 0 -52 -26 3 1975 141912 134959 -500 -500 0 0 0
1787956702.553 t 63 1373423 31 -4573 3458 -26163 0 0 0 -52 -26 3 1975 141912 134959 -500 -500 0 0 0
1787956702.605 t 64 1373475 31 -4573 3458 -26163 0 0 0 -52 -26 3 1975 141912 134959 -500 -500 0 0 0
1787956702.658 t 65 1373527 31 -4573 3458 -26163 0 0 0 -52 -26 3 1975 141912 134959 -500 -500 0 0 0
1787956702.709 t 66 1373579 31 -4573 3458 -26163 0 0 0 -52 -26 3 1975 141912 134959 -500 -500 0 0 0
1787956702.755 >>> WHEELS_V 40 40 300 #87
1787956702.763 t 67 1373631 31 -4573 3458 -26163 0 0 0 -52 -26 3 1975 141912 134959 -500 -500 0 0 0
1787956702.774 ack 87 85 timeout
1787956702.831 t 68 1373701 31 -4573 3455 -26027 0 0 0 23 23 3 1977 141859 134942 500 400 0 0 0
1787956702.906 t 69 1373773 35 -4573 3457 -26050 0 0 0 30 26 3 1980 141887 134964 0 0 0 0 0
1787956702.974 t 70 1373845 35 -4573 3457 -26050 0 0 0 0 0 3 1983 141887 134964 0 0 0 0 0
1787956703.047 t 71 1373917 35 -4573 3457 -26050 0 0 0 0 0 3 1986 141887 134964 0 0 0 0 0
1787956703.109 thdr seq now flags x y h ox oy oh vl vr i2cf cyc posl posr dutl dutr lexc wrng cycovr
1787956703.111 t 72 1373973 35 -4573 3457 -26050 0 0 0 0 0 3 1988 141887 134964 0 0 0 0 0
1787956703.155 t 73 1374025 35 -4573 3457 -26050 0 0 0 0 0 3 1988 141887 134964 0 0 0 0 0
1787956703.213 t 74 1374081 35 -4573 3457 -26050 0 0 0 0 0 3 1988 141887 134964 0 0 0 0 0
1787956703.267 t 75 1374137 35 -4573 3457 -26050 0 0 0 0 0 3 1988 141887 134964 0 0 0 0 0
1787956703.322 t 76 1374193 35 -4573 3457 -26050 0 0 0 0 0 3 1988 141887 134964 0 0 0 0 0
1787956703.378 t 77 1374249 35 -4573 3457 -26050 0 0 0 0 0 3 1988 141887 134964 0 0 0 0 0
1787956703.434 t 78 1374305 35 -4573 3457 -26050 0 0 0 0 0 3 1988 141887 134964 0 0 0 0 0
1787956703.490 t 79 1374361 35 -4573 3457 -26050 0 0 0 0 0 3 1988 141887 134964 0 0 0 0 0
1787956703.548 t 80 1374417 35 -4573 3457 -26050 0 0 0 0 0 3 1988 141887 134964 0 0 0 0 0
1787956703.604 t 81 1374473 35 -4573 3457 -26050 0 0 0 0 0 3 1988 141887 134964 0 0 0 0 0
1787956703.663 t 82 1374529 35 -4573 3457 -26050 0 0 0 0 0 3 1988 141887 134964 0 0 0 0 0
1787956703.717 t 83 1374585 35 -4573 3457 -26050 0 0 0 0 0 3 1988 141887 134964 0 0 0 0 0
1787956703.771 t 84 1374641 35 -4573 3457 -26050 0 0 0 0 0 3 1988 141887 134964 0 0 0 0 0
1787956703.827 t 85 1374697 35 -4573 3457 -26050 0 0 0 0 0 3 1988 141887 134964 0 0 0 0 0
1787956703.884 t 86 1374753 35 -4573 3457 -26050 0 0 0 0 0 3 1988 141887 134964 0 0 0 0 0
1787956703.938 t 87 1374809 35 -4573 3457 -26050 0 0 0 0 0 3 1988 141887 134964 0 0 0 0 0
1787956703.997 t 88 1374865 35 -4573 3457 -26050 0 0 0 0 0 3 1988 141887 134964 0 0 0 0 0
1787956703.997 >>> SET stall_clear 1 #88
1787956704.006 ack 88 87 stall
1787956704.050 t 89 1374921 35 -4573 3457 -26050 0 0 0 0 0 3 1988 141887 134964 0 0 0 0 0
1787956704.107 t 90 1374977 35 -4573 3457 -26050 0 0 0 0 0 3 1988 141887 134964 0 0 0 0 0
1787956704.164 thdr seq now flags x y h ox oy oh vl vr i2cf cyc posl posr dutl dutr lexc wrng cycovr
1787956704.177 t 91 1375033 35 -4573 3457 -26050 0 0 0 0 0 3 1988 141887 134964 0 0 0 0 0
1787956704.215 t 92 1375085 35 -4573 3457 -26050 0 0 0 0 0 3 1988 141887 134964 0 0 0 0 0
1787956704.272 t 93 1375141 35 -4573 3457 -26050 0 0 0 0 0 3 1988 141887 134964 0 0 0 0 0
1787956704.328 t 94 1375197 35 -4573 3457 -26050 0 0 0 0 0 3 1988 141887 134964 0 0 0 0 0
1787956704.382 t 95 1375253 35 -4573 3457 -26050 0 0 0 0 0 3 1988 141887 134964 0 0 0 0 0
1787956704.440 t 96 1375309 35 -4573 3457 -26050 0 0 0 0 0 3 1988 141887 134964 0 0 0 0 0
1787956704.496 t 97 1375365 35 -4573 3457 -26050 0 0 0 0 0 3 1988 141887 134964 0 0 0 0 0
1787956704.549 >>> SET stall_window 0 #89
1787956704.551 t 98 1375421 35 -4573 3457 -26050 0 0 0 0 0 3 1988 141887 134964 0 0 0 0 0
1787956704.562 ack 89 87 stall
1787956704.608 t 99 1375477 35 -4573 3457 -26050 0 0 0 0 0 3 1988 141887 134964 0 0 0 0 0
1787956704.662 t 100 1375533 35 -4573 3457 -26050 0 0 0 0 0 3 1988 141887 134964 0 0 0 0 0
1787956704.719 t 101 1375589 35 -4573 3457 -26050 0 0 0 0 0 3 1988 141887 134964 0 0 0 0 0
1787956704.780 t 102 1375645 35 -4573 3457 -26050 0 0 0 0 0 3 1988 141887 134964 0 0 0 0 0
1787956704.832 t 103 1375701 35 -4573 3457 -26050 0 0 0 0 0 3 1988 141887 134964 0 0 0 0 0
1787956704.893 t 104 1375757 35 -4573 3457 -26050 0 0 0 0 0 3 1988 141887 134964 0 0 0 0 0
1787956704.942 t 105 1375813 35 -4573 3457 -26050 0 0 0 0 0 3 1988 141887 134964 0 0 0 0 0
1787956705.005 t 106 1375869 35 -4573 3457 -26050 0 0 0 0 0 3 1988 141887 134964 0 0 0 0 0
1787956705.055 === STEP REV duty=10% v=-85
1787956705.055 >>> WHEELS_V -85 -85 2000 #90
1787956705.056 t 107 1375925 35 -4573 3457 -26050 0 0 0 0 0 3 1988 141887 134964 0 0 0 0 0
1787956705.067 ack 90 87 stall
1787956705.124 t 108 1375993 31 -4573 3456 -26057 0 0 0 -17 -23 3 1990 141881 134956 -1000 -1000 0 0 0
1787956705.214 t 109 1376065 31 -4572 3452 -25963 0 0 0 -82 -46 3 1993 141806 134906 -1000 -1000 0 0 0
1787956705.268 thdr seq now flags x y h ox oy oh vl vr i2cf cyc posl posr dutl dutr lexc wrng cycovr
1787956705.279 t 110 1376137 31 -4571 3447 -25899 0 0 0 -72 -53 3 1996 141734 134851 -1000 -1000 0 0 0
1787956705.339 t 111 1376209 31 -4570 3441 -25805 0 0 0 -87 -62 3 1999 141653 134795 -1000 -1000 0 0 0
1787956705.411 t 112 1376281 31 -4569 3436 -25756 0 0 0 -72 -56 3 2002 141584 134739 -1000 -1000 0 0 0
1787956705.483 t 113 1376353 31 -4568 3431 -25670 0 0 0 -92 -56 3 2005 141506 134684 -1000 -900 0 0 0
1787956705.559 t 114 1376425 31 -4567 3427 -25576 0 0 0 -82 -56 3 2008 141431 134634 -1000 -1000 0 0 0
1787956705.630 t 115 1376497 31 -4565 3422 -25527 0 0 0 -72 -66 3 2011 141362 134578 -900 -1000 0 0 0
1787956705.702 t 116 1376569 31 -4564 3417 -25451 0 0 0 -89 -62 3 2014 141290 134526 -1000 -1000 0 0 0
1787956705.773 t 117 1376641 31 -4563 3413 -25369 0 0 0 -82 -56 3 2017 141220 134478 -1000 -1000 0 0 0
1787956705.844 t 118 1376713 31 -4561 3408 -25316 0 0 0 -72 -53 3 2020 141151 134423 -1000 -1000 0 0 0
1787956705.917 t 119 1376785 31 -4560 3403 -25241 0 0 0 -66 -62 3 2023 141078 134370 -1000 -1000 0 0 0
1787956705.987 t 120 1376857 31 -4558 3399 -25158 0 0 0 -72 -62 3 2026 141006 134320 -1000 -1000 0 0 0
1787956706.059 t 121 1376929 31 -4557 3394 -25086 0 0 0 -72 -56 3 2029 140934 134267 -1000 -900 0 0 0
1787956706.131 t 122 1377001 31 -4555 3389 -24992 0 0 0 -82 -46 3 2032 140859 134217 -1000 -1000 0 0 0
1787956706.210 t 123 1377073 31 -4553 3384 -24928 0 0 0 -92 -62 3 2035 140784 134159 -1000 -1000 0 0 0
1787956706.277 t 124 1377145 31 -4552 3380 -24857 0 0 0 -92 -56 3 2038 140712 134106 -900 -1000 0 0 0
1787956706.355 t 125 1377217 31 -4550 3375 -24774 0 0 0 -89 -56 3 2041 140640 134056 -1000 -1000 0 0 0
1787956706.421 t 126 1377289 31 -4548 3371 -24710 0 0 0 -82 -62 3 2044 140565 133998 -1000 -900 0 0 0
1787956706.491 t 127 1377361 31 -4546 3366 -24616 0 0 0 -82 -46 3 2047 140487 133945 -1000 -1000 0 0 0
1787956706.563 t 0 1377433 31 -4543 3361 -24552 0 0 0 -82 -72 3 2050 140409 133884 -1000 -900 0 0 0
1787956706.636 thdr seq now flags x y h ox oy oh vl vr i2cf cyc posl posr dutl dutr lexc wrng cycovr
1787956706.642 t 1 1377505 31 -4541 3356 -24458 0 0 0 -92 -56 3 2053 140328 133828 -1000 -1000 0 0 0
1787956706.708 t 2 1377577 31 -4539 3351 -24409 0 0 0 -76 -70 3 2056 140251 133764 -1000 -900 0 0 0
1787956706.780 t 3 1377649 31 -4536 3346 -24330 0 0 0 -92 -72 3 2059 140167 133701 -1000 -1000 0 0 0
1787956706.851 t 4 1377721 31 -4534 3341 -24262 0 0 0 -82 -56 3 2062 140087 133639 -1000 -1000 0 0 0
1787956706.925 t 5 1377793 31 -4531 3335 -24187 0 0 0 -98 -72 3 2065 140001 133573 -1000 -1000 0 0 0
1787956707.000 t 6 1377865 31 -4528 3330 -24127 0 0 0 -98 -75 3 2068 139915 133503 -1000 -1000 0 0 0
1787956707.070 t 7 1377937 31 -4525 3325 -24071 0 0 0 -102 -72 3 2071 139831 133434 -1000 -900 0 0 0
1787956707.123 t 8 1377993 31 -4524 3323 -24040 0 0 0 -98 -72 3 2072 139801 133412 -1000 -1000 0 0 0
1787956707.187 t 9 1378051 31 -4524 3323 -24040 0 0 0 -98 -72 3 2072 139801 133412 -1000 -1000 0 0 0
1787956707.234 t 10 1378103 31 -4524 3323 -24040 0 0 0 -98 -72 3 2072 139801 133412 -1000 -1000 0 0 0
1787956707.290 t 11 1378155 31 -4524 3323 -24040 0 0 0 -98 -72 3 2072 139801 133412 -1000 -1000 0 0 0
1787956707.337 t 12 1378207 31 -4524 3323 -24040 0 0 0 -98 -72 3 2072 139801 133412 -1000 -1000 0 0 0
1787956707.389 t 13 1378259 31 -4524 3323 -24040 0 0 0 -98 -72 3 2072 139801 133412 -1000 -1000 0 0 0
1787956707.468 t 14 1378311 31 -4524 3323 -24040 0 0 0 -98 -72 3 2072 139801 133412 -1000 -1000 0 0 0
1787956707.494 t 15 1378363 31 -4524 3323 -24040 0 0 0 -98 -72 3 2072 139801 133412 -1000 -1000 0 0 0
1787956707.548 t 16 1378415 31 -4524 3323 -24040 0 0 0 -98 -72 3 2072 139801 133412 -1000 -1000 0 0 0
1787956707.597 t 17 1378467 31 -4524 3323 -24040 0 0 0 -98 -72 3 2072 139801 133412 -1000 -1000 0 0 0
1787956707.651 t 18 1378519 31 -4524 3323 -24040 0 0 0 -98 -72 3 2072 139801 133412 -1000 -1000 0 0 0
1787956707.701 t 19 1378571 31 -4524 3323 -24040 0 0 0 -98 -72 3 2072 139801 133412 -1000 -1000 0 0 0
1787956707.757 thdr seq now flags x y h ox oy oh vl vr i2cf cyc posl posr dutl dutr lexc wrng cycovr
1787956707.761 t 20 1378623 31 -4524 3323 -24040 0 0 0 -98 -72 3 2072 139801 133412 -1000 -1000 0 0 0
1787956707.805 t 21 1378675 31 -4524 3323 -24040 0 0 0 -98 -72 3 2072 139801 133412 -1000 -1000 0 0 0
1787956707.854 === BIAS RESET REV 15%
1787956707.854 >>> SET stall_window 50 #91
1787956707.859 t 22 1378727 31 -4524 3323 -24040 0 0 0 -98 -72 3 2072 139801 133412 -1000 -1000 0 0 0
1787956707.870 ack 91 90 timeout
1787956707.910 t 23 1378779 31 -4524 3323 -24040 0 0 0 -98 -72 3 2072 139801 133412 -1000 -1000 0 0 0
1787956707.963 t 24 1378831 31 -4524 3323 -24040 0 0 0 -98 -72 3 2072 139801 133412 -1000 -1000 0 0 0
1787956708.014 t 25 1378883 31 -4524 3323 -24040 0 0 0 -98 -72 3 2072 139801 133412 -1000 -1000 0 0 0
1787956708.065 t 26 1378935 31 -4524 3323 -24040 0 0 0 -98 -72 3 2072 139801 133412 -1000 -1000 0 0 0
1787956708.118 t 27 1378987 31 -4524 3323 -24040 0 0 0 -98 -72 3 2072 139801 133412 -1000 -1000 0 0 0
1787956708.176 t 28 1379039 31 -4524 3323 -24040 0 0 0 -98 -72 3 2072 139801 133412 -1000 -1000 0 0 0
1787956708.229 t 29 1379091 31 -4524 3323 -24040 0 0 0 -98 -72 3 2072 139801 133412 -1000 -1000 0 0 0
1787956708.275 t 30 1379143 31 -4524 3323 -24040 0 0 0 -98 -72 3 2072 139801 133412 -1000 -1000 0 0 0
1787956708.333 t 31 1379195 31 -4524 3323 -24040 0 0 0 -98 -72 3 2072 139801 133412 -1000 -1000 0 0 0
1787956708.383 >>> WHEELS_V 40 40 300 #92
1787956708.385 t 32 1379247 31 -4524 3323 -24040 0 0 0 -98 -72 3 2072 139801 133412 -1000 -1000 0 0 0
1787956708.399 ack 92 90 timeout
1787956708.434 t 33 1379301 31 -4518 3313 -23894 0 0 0 -10 -7 3 2073 139637 133287 500 500 0 0 0
1787956708.505 t 34 1379373 35 -4519 3315 -23916 0 0 0 30 26 3 2076 139662 133306 0 0 0 0 0
1787956708.578 t 35 1379445 35 -4520 3315 -23935 0 0 0 0 0 3 2079 139673 133312 0 0 0 0 0
1787956708.652 t 36 1379517 35 -4520 3315 -23935 0 0 0 0 0 3 2082 139673 133312 0 0 0 0 0
1787956708.726 t 37 1379589 35 -4520 3315 -23935 0 0 0 0 0 3 2085 139673 133312 0 0 0 0 0
1787956708.780 t 38 1379645 35 -4520 3315 -23935 0 0 0 0 0 3 2085 139673 133312 0 0 0 0 0
1787956708.833 thdr seq now flags x y h ox oy oh vl vr i2cf cyc posl posr dutl dutr lexc wrng cycovr
1787956708.843 t 39 1379701 35 -4520 3315 -23935 0 0 0 0 0 3 2085 139673 133312 0 0 0 0 0
1787956708.884 t 40 1379753 35 -4520 3315 -23935 0 0 0 0 0 3 2085 139673 133312 0 0 0 0 0
1787956708.946 t 41 1379809 35 -4520 3315 -23935 0 0 0 0 0 3 2085 139673 133312 0 0 0 0 0
1787956708.995 t 42 1379865 35 -4520 3315 -23935 0 0 0 0 0 3 2085 139673 133312 0 0 0 0 0
1787956709.050 t 43 1379921 35 -4520 3315 -23935 0 0 0 0 0 3 2085 139673 133312 0 0 0 0 0
1787956709.106 t 44 1379977 35 -4520 3315 -23935 0 0 0 0 0 3 2085 139673 133312 0 0 0 0 0
1787956709.163 t 45 1380033 35 -4520 3315 -23935 0 0 0 0 0 3 2085 139673 133312 0 0 0 0 0
1787956709.220 t 46 1380089 35 -4520 3315 -23935 0 0 0 0 0 3 2085 139673 133312 0 0 0 0 0
1787956709.274 t 47 1380145 35 -4520 3315 -23935 0 0 0 0 0 3 2085 139673 133312 0 0 0 0 0
1787956709.331 t 48 1380201 35 -4520 3315 -23935 0 0 0 0 0 3 2085 139673 133312 0 0 0 0 0
1787956709.386 t 49 1380257 35 -4520 3315 -23935 0 0 0 0 0 3 2085 139673 133312 0 0 0 0 0
1787956709.443 t 50 1380313 35 -4520 3315 -23935 0 0 0 0 0 3 2085 139673 133312 0 0 0 0 0
1787956709.502 t 51 1380369 35 -4520 3315 -23935 0 0 0 0 0 3 2085 139673 133312 0 0 0 0 0
1787956709.560 t 52 1380425 35 -4520 3315 -23935 0 0 0 0 0 3 2085 139673 133312 0 0 0 0 0
1787956709.611 t 53 1380481 35 -4520 3315 -23935 0 0 0 0 0 3 2085 139673 133312 0 0 0 0 0
1787956709.665 >>> SET stall_clear 1 #93
1787956709.666 t 54 1380537 35 -4520 3315 -23935 0 0 0 0 0 3 2085 139673 133312 0 0 0 0 0
1787956709.677 ack 93 92 stall
1787956709.724 t 55 1380593 35 -4520 3315 -23935 0 0 0 0 0 3 2085 139673 133312 0 0 0 0 0
1787956709.779 t 56 1380649 35 -4520 3315 -23935 0 0 0 0 0 3 2085 139673 133312 0 0 0 0 0
1787956709.835 t 57 1380705 35 -4520 3315 -23935 0 0 0 0 0 3 2085 139673 133312 0 0 0 0 0
1787956709.891 thdr seq now flags x y h ox oy oh vl vr i2cf cyc posl posr dutl dutr lexc wrng cycovr
1787956709.898 t 58 1380761 35 -4520 3315 -23935 0 0 0 0 0 3 2085 139673 133312 0 0 0 0 0
1787956709.943 t 59 1380813 35 -4520 3315 -23935 0 0 0 0 0 3 2085 139673 133312 0 0 0 0 0
1787956709.999 t 60 1380869 35 -4520 3315 -23935 0 0 0 0 0 3 2085 139673 133312 0 0 0 0 0
1787956710.054 t 61 1380925 35 -4520 3315 -23935 0 0 0 0 0 3 2085 139673 133312 0 0 0 0 0
1787956710.112 t 62 1380981 35 -4520 3315 -23935 0 0 0 0 0 3 2085 139673 133312 0 0 0 0 0
1787956710.168 t 63 1381037 35 -4520 3315 -23935 0 0 0 0 0 3 2085 139673 133312 0 0 0 0 0
1787956710.168 >>> SET stall_window 0 #94
1787956710.185 ack 94 92 stall
1787956710.222 t 64 1381093 35 -4520 3315 -23935 0 0 0 0 0 3 2085 139673 133312 0 0 0 0 0
1787956710.278 t 65 1381149 35 -4520 3315 -23935 0 0 0 0 0 3 2085 139673 133312 0 0 0 0 0
1787956710.335 t 66 1381205 35 -4520 3315 -23935 0 0 0 0 0 3 2085 139673 133312 0 0 0 0 0
1787956710.391 t 67 1381261 35 -4520 3315 -23935 0 0 0 0 0 3 2085 139673 133312 0 0 0 0 0
1787956710.449 t 68 1381317 35 -4520 3315 -23935 0 0 0 0 0 3 2085 139673 133312 0 0 0 0 0
1787956710.503 t 69 1381373 35 -4520 3315 -23935 0 0 0 0 0 3 2085 139673 133312 0 0 0 0 0
1787956710.558 t 70 1381429 35 -4520 3315 -23935 0 0 0 0 0 3 2085 139673 133312 0 0 0 0 0
1787956710.615 t 71 1381485 35 -4520 3315 -23935 0 0 0 0 0 3 2085 139673 133312 0 0 0 0 0
1787956710.670 t 72 1381541 35 -4520 3315 -23935 0 0 0 0 0 3 2085 139673 133312 0 0 0 0 0
1787956710.670 === STEP REV duty=15% v=-128
1787956710.670 >>> WHEELS_V -128 -128 2000 #95
1787956710.686 ack 95 92 stall
1787956710.739 t 73 1381609 31 -4519 3315 -23905 0 0 0 -39 -17 3 2087 139659 133306 -1500 -1500 0 0 0
1787956710.811 t 74 1381681 31 -4515 3307 -23852 0 0 0 -138 -128 3 2090 139545 133206 -1500 -1500 0 0 0
1787956710.891 t 75 1381753 31 -4510 3300 -23766 0 0 0 -138 -108 3 2093 139417 133101 -1500 -1500 0 0 0
1787956710.955 t 76 1381825 31 -4505 3292 -23736 0 0 0 -138 -128 3 2096 139292 132984 -1500 -1500 0 0 0
1787956711.030 thdr seq now flags x y h ox oy oh vl vr i2cf cyc posl posr dutl dutr lexc wrng cycovr
1787956711.035 t 77 1381897 31 -4500 3284 -23664 0 0 0 -135 -128 3 2099 139162 132873 -1500 -1500 0 0 0
1787956711.099 t 78 1381969 31 -4494 3275 -23611 0 0 0 -149 -126 3 2102 139031 132756 -1500 -1500 0 0 0
1787956711.173 t 79 1382041 31 -4489 3267 -23570 0 0 0 -145 -128 3 2105 138901 132637 -1500 -1500 0 0 0
1787956711.244 t 80 1382113 31 -4483 3259 -23540 0 0 0 -135 -128 3 2108 138776 132520 -1500 -1500 0 0 0
1787956711.315 t 81 1382185 31 -4478 3252 -23499 0 0 0 -128 -118 3 2111 138651 132406 -1500 -1500 0 0 0
1787956711.388 t 82 1382257 31 -4472 3244 -23457 0 0 0 -144 -128 3 2114 138523 132289 -1500 -1500 0 0 0
1787956711.459 t 83 1382329 31 -4467 3236 -23435 0 0 0 -144 -128 3 2117 138401 132173 -1500 -1500 0 0 0
1787956711.532 t 84 1382401 31 -4461 3229 -23423 0 0 0 -128 -128 3 2120 138281 132056 -1500 -1500 0 0 0
1787956711.610 t 85 1382473 31 -4456 3221 -23405 0 0 0 -135 -128 3 2123 138162 131942 -1500 -1500 0 0 0
1787956711.678 t 86 1382545 31 -4451 3214 -23371 0 0 0 -128 -118 3 2126 138045 131834 -1500 -1500 0 0 0
1787956711.747 t 87 1382617 31 -4446 3207 -23348 0 0 0 -128 -118 3 2129 137928 131723 -1500 -1500 0 0 0
1787956711.819 t 88 1382689 31 -4440 3200 -23348 0 0 0 -128 -128 3 2132 137817 131612 -1500 -1500 0 0 0
1787956711.891 t 89 1382761 31 -4435 3193 -23310 0 0 0 -128 -108 3 2135 137701 131506 -1500 -1500 0 0 0
1787956711.963 t 90 1382833 31 -4430 3186 -23288 0 0 0 -118 -108 3 2138 137590 131401 -1600 -1500 0 0 0
1787956712.035 t 91 1382905 31 -4425 3179 -23265 0 0 0 -112 -108 3 2141 137478 131295 -1500 -1500 0 0 0
1787956712.110 t 92 1382977 31 -4420 3172 -23205 0 0 0 -128 -102 3 2144 137362 131195 -1500 -1500 0 0 0
1787956712.184 t 93 1383049 31 -4414 3166 -23152 0 0 0 -128 -108 3 2147 137248 131095 -1500 -1500 0 0 0
1787956712.252 t 94 1383121 31 -4409 3159 -23122 0 0 0 -118 -118 3 2150 137137 130992 -1500 -1500 0 0 0
1787956712.333 t 95 1383193 31 -4404 3153 -23058 0 0 0 -128 -108 3 2153 137023 130895 -1500 -1500 0 0 0
1787956712.395 thdr seq now flags x y h ox oy oh vl vr i2cf cyc posl posr dutl dutr lexc wrng cycovr
1787956712.403 t 96 1383265 31 -4399 3146 -22972 0 0 0 -128 -108 3 2156 136906 130801 -1500 -1500 0 0 0
1787956712.474 t 97 1383337 31 -4393 3140 -22889 0 0 0 -124 -107 3 2159 136784 130701 -1500 -1500 0 0 0
1787956712.540 t 98 1383409 31 -4387 3133 -22799 0 0 0 -134 -102 3 2162 136662 130603 -1500 -1500 0 0 0
1787956712.612 t 99 1383481 31 -4381 3127 -22712 0 0 0 -148 -112 3 2165 136539 130503 -1500 -1500 0 0 0
1787956712.687 t 100 1383553 31 -4375 3120 -22607 0 0 0 -148 -108 3 2168 136414 130406 -1500 -1500 0 0 0
1787956712.739 t 101 1383609 31 -4373 3118 -22577 0 0 0 -134 -108 3 2169 136373 130373 -1500 -1500 0 0 0
1787956712.798 t 102 1383667 31 -4373 3118 -22577 0 0 0 -134 -108 3 2169 136373 130373 -1500 -1500 0 0 0
1787956712.849 t 103 1383719 31 -4373 3118 -22577 0 0 0 -134 -108 3 2169 136373 130373 -1500 -1500 0 0 0
1787956712.901 t 104 1383771 31 -4373 3118 -22577 0 0 0 -134 -108 3 2169 136373 130373 -1500 -1500 0 0 0
1787956712.956 t 105 1383823 31 -4373 3118 -22577 0 0 0 -134 -108 3 2169 136373 130373 -1500 -1500 0 0 0
1787956713.009 t 106 1383875 31 -4373 3118 -22577 0 0 0 -134 -108 3 2169 136373 130373 -1500 -1500 0 0 0
1787956713.063 t 107 1383927 31 -4373 3118 -22577 0 0 0 -134 -108 3 2169 136373 130373 -1500 -1500 0 0 0
1787956713.112 t 108 1383979 31 -4373 3118 -22577 0 0 0 -134 -108 3 2169 136373 130373 -1500 -1500 0 0 0
1787956713.168 t 109 1384031 31 -4373 3118 -22577 0 0 0 -134 -108 3 2169 136373 130373 -1500 -1500 0 0 0
1787956713.215 t 110 1384083 31 -4373 3118 -22577 0 0 0 -134 -108 3 2169 136373 130373 -1500 -1500 0 0 0
1787956713.265 t 111 1384135 31 -4373 3118 -22577 0 0 0 -134 -108 3 2169 136373 130373 -1500 -1500 0 0 0
1787956713.320 t 112 1384187 31 -4373 3118 -22577 0 0 0 -134 -108 3 2169 136373 130373 -1500 -1500 0 0 0
1787956713.369 t 113 1384239 31 -4373 3118 -22577 0 0 0 -134 -108 3 2169 136373 130373 -1500 -1500 0 0 0
1787956713.424 t 114 1384291 31 -4373 3118 -22577 0 0 0 -134 -108 3 2169 136373 130373 -1500 -1500 0 0 0
1787956713.424 === BIAS RESET REV 20%
1787956713.424 >>> SET stall_window 50 #96
1787956713.434 ack 96 95 timeout
1787956713.472 thdr seq now flags x y h ox oy oh vl vr i2cf cyc posl posr dutl dutr lexc wrng cycovr
1787956713.482 t 115 1384343 31 -4373 3118 -22577 0 0 0 -134 -108 3 2169 136373 130373 -1500 -1500 0 0 0
1787956713.525 t 116 1384395 31 -4373 3118 -22577 0 0 0 -134 -108 3 2169 136373 130373 -1500 -1500 0 0 0
1787956713.577 t 117 1384447 31 -4373 3118 -22577 0 0 0 -134 -108 3 2169 136373 130373 -1500 -1500 0 0 0
1787956713.629 t 118 1384499 31 -4373 3118 -22577 0 0 0 -134 -108 3 2169 136373 130373 -1500 -1500 0 0 0
1787956713.683 t 119 1384551 31 -4373 3118 -22577 0 0 0 -134 -108 3 2169 136373 130373 -1500 -1500 0 0 0
1787956713.733 t 120 1384603 31 -4373 3118 -22577 0 0 0 -134 -108 3 2169 136373 130373 -1500 -1500 0 0 0
1787956713.788 t 121 1384655 31 -4373 3118 -22577 0 0 0 -134 -108 3 2169 136373 130373 -1500 -1500 0 0 0
1787956713.837 t 122 1384707 31 -4373 3118 -22577 0 0 0 -134 -108 3 2169 136373 130373 -1500 -1500 0 0 0
1787956713.889 t 123 1384759 31 -4373 3118 -22577 0 0 0 -134 -108 3 2169 136373 130373 -1500 -1500 0 0 0
1787956713.937 >>> WHEELS_V 40 40 300 #97
1787956713.941 t 124 1384811 31 -4373 3118 -22577 0 0 0 -134 -108 3 2169 136373 130373 -1500 -1500 0 0 0
1787956713.945 ack 97 95 timeout
1787956714.004 t 125 1384873 31 -4362 3107 -22253 0 0 0 8 17 3 2171 136126 130212 400 400 0 0 0
1787956714.074 t 126 1384945 35 -4363 3109 -22317 0 0 0 30 10 3 2174 136162 130231 0 0 0 0 0
1787956714.147 t 127 1385017 35 -4363 3109 -22317 0 0 0 0 0 3 2177 136162 130231 0 0 0 0 0
1787956714.218 t 0 1385089 35 -4363 3109 -22317 0 0 0 0 0 3 2180 136162 130231 0 0 0 0 0
1787956714.274 t 1 1385145 35 -4363 3109 -22317 0 0 0 0 0 3 2182 136162 130231 0 0 0 0 0
1787956714.334 t 2 1385201 35 -4363 3109 -22317 0 0 0 0 0 3 2182 136162 130231 0 0 0 0 0
1787956714.386 t 3 1385257 35 -4363 3109 -22317 0 0 0 0 0 3 2182 136162 130231 0 0 0 0 0
1787956714.443 t 4 1385313 35 -4363 3109 -22317 0 0 0 0 0 3 2182 136162 130231 0 0 0 0 0
1787956714.503 t 5 1385369 35 -4363 3109 -22317 0 0 0 0 0 3 2182 136162 130231 0 0 0 0 0
1787956714.556 thdr seq now flags x y h ox oy oh vl vr i2cf cyc posl posr dutl dutr lexc wrng cycovr
1787956714.562 t 6 1385425 35 -4363 3109 -22317 0 0 0 0 0 3 2182 136162 130231 0 0 0 0 0
1787956714.607 t 7 1385477 35 -4363 3109 -22317 0 0 0 0 0 3 2182 136162 130231 0 0 0 0 0
1787956714.664 t 8 1385533 35 -4363 3109 -22317 0 0 0 0 0 3 2182 136162 130231 0 0 0 0 0
1787956714.721 t 9 1385589 35 -4363 3109 -22317 0 0 0 0 0 3 2182 136162 130231 0 0 0 0 0
1787956714.795 t 10 1385645 35 -4363 3109 -22317 0 0 0 0 0 3 2182 136162 130231 0 0 0 0 0
1787956714.831 t 11 1385701 35 -4363 3109 -22317 0 0 0 0 0 3 2182 136162 130231 0 0 0 0 0
1787956714.886 t 12 1385757 35 -4363 3109 -22317 0 0 0 0 0 3 2182 136162 130231 0 0 0 0 0
1787956714.946 t 13 1385813 35 -4363 3109 -22317 0 0 0 0 0 3 2182 136162 130231 0 0 0 0 0
1787956714.998 t 14 1385869 35 -4363 3109 -22317 0 0 0 0 0 3 2182 136162 130231 0 0 0 0 0
1787956715.060 t 15 1385925 35 -4363 3109 -22317 0 0 0 0 0 3 2182 136162 130231 0 0 0 0 0
1787956715.110 t 16 1385981 35 -4363 3109 -22317 0 0 0 0 0 3 2182 136162 130231 0 0 0 0 0
1787956715.167 t 17 1386037 35 -4363 3109 -22317 0 0 0 0 0 3 2182 136162 130231 0 0 0 0 0
1787956715.220 >>> SET stall_clear 1 #98
1787956715.226 t 18 1386093 35 -4363 3109 -22317 0 0 0 0 0 3 2182 136162 130231 0 0 0 0 0
1787956715.235 ack 98 97 stall
1787956715.288 t 19 1386149 35 -4363 3109 -22317 0 0 0 0 0 3 2182 136162 130231 0 0 0 0 0
1787956715.335 t 20 1386205 35 -4363 3109 -22317 0 0 0 0 0 3 2182 136162 130231 0 0 0 0 0
1787956715.397 t 21 1386261 35 -4363 3109 -22317 0 0 0 0 0 3 2182 136162 130231 0 0 0 0 0
1787956715.447 t 22 1386317 35 -4363 3109 -22317 0 0 0 0 0 3 2182 136162 130231 0 0 0 0 0
1787956715.503 t 23 1386373 35 -4363 3109 -22317 0 0 0 0 0 3 2182 136162 130231 0 0 0 0 0
1787956715.561 t 24 1386429 35 -4363 3109 -22317 0 0 0 0 0 3 2182 136162 130231 0 0 0 0 0
1787956715.614 thdr seq now flags x y h ox oy oh vl vr i2cf cyc posl posr dutl dutr lexc wrng cycovr
1787956715.622 t 25 1386485 35 -4363 3109 -22317 0 0 0 0 0 3 2182 136162 130231 0 0 0 0 0
1787956715.667 t 26 1386537 35 -4363 3109 -22317 0 0 0 0 0 3 2182 136162 130231 0 0 0 0 0
1787956715.721 >>> SET stall_window 0 #99
1787956715.723 t 27 1386593 35 -4363 3109 -22317 0 0 0 0 0 3 2182 136162 130231 0 0 0 0 0
1787956715.733 ack 99 97 stall
1787956715.780 t 28 1386649 35 -4363 3109 -22317 0 0 0 0 0 3 2182 136162 130231 0 0 0 0 0
1787956715.840 t 29 1386705 35 -4363 3109 -22317 0 0 0 0 0 3 2182 136162 130231 0 0 0 0 0
1787956715.891 t 30 1386761 35 -4363 3109 -22317 0 0 0 0 0 3 2182 136162 130231 0 0 0 0 0
1787956715.959 t 31 1386817 35 -4363 3109 -22317 0 0 0 0 0 3 2182 136162 130231 0 0 0 0 0
1787956716.005 t 32 1386873 35 -4363 3109 -22317 0 0 0 0 0 3 2182 136162 130231 0 0 0 0 0
1787956716.057 t 33 1386929 35 -4363 3109 -22317 0 0 0 0 0 3 2182 136162 130231 0 0 0 0 0
1787956716.115 t 34 1386985 35 -4363 3109 -22317 0 0 0 0 0 3 2182 136162 130231 0 0 0 0 0
1787956716.171 t 35 1387041 35 -4363 3109 -22317 0 0 0 0 0 3 2182 136162 130231 0 0 0 0 0
1787956716.224 === STEP REV duty=20% v=-170
1787956716.224 >>> WHEELS_V -170 -170 2000 #100
1787956716.226 t 36 1387097 35 -4363 3109 -22317 0 0 0 0 0 3 2182 136162 130231 0 0 0 0 0
1787956716.237 ack 100 97 stall
1787956716.296 t 37 1387165 31 -4362 3108 -22340 0 0 0 -31 -48 3 2184 136151 130214 -2000 -2000 0 0 0
1787956716.368 t 38 1387237 31 -4355 3101 -22223 0 0 0 -181 -138 3 2187 136001 130095 -2000 -2000 0 0 0
1787956716.439 t 39 1387309 31 -4346 3093 -22148 0 0 0 -181 -154 3 2190 135837 129951 -2000 -2000 0 0 0
1787956716.511 t 40 1387381 31 -4336 3085 -22088 0 0 0 -181 -174 3 2193 135673 129803 -2000 -2000 0 0 0
1787956716.585 t 41 1387453 31 -4327 3077 -22012 0 0 0 -184 -164 3 2196 135506 129656 -1900 -2000 0 0 0
1787956716.655 t 42 1387525 31 -4317 3069 -21937 0 0 0 -184 -174 3 2199 135339 129509 -2000 -2000 0 0 0
1787956716.730 t 43 1387597 31 -4308 3061 -21911 0 0 0 -171 -174 3 2202 135176 129353 -2000 -2000 0 0 0
1787956716.798 thdr seq now flags x y h ox oy oh vl vr i2cf cyc posl posr dutl dutr lexc wrng cycovr
1787956716.806 t 44 1387669 31 -4298 3053 -21866 0 0 0 -181 -171 3 2205 135012 129201 -2000 -2000 0 0 0
1787956716.873 t 45 1387741 31 -4288 3045 -21824 0 0 0 -188 -172 3 2208 134845 129045 -2000 -2000 0 0 0
1787956716.944 t 46 1387813 31 -4278 3037 -21817 0 0 0 -171 -174 3 2211 134687 128889 -2000 -2000 0 0 0
1787956717.015 t 47 1387885 31 -4269 3030 -21783 0 0 0 -184 -164 3 2214 134528 128739 -2000 -2000 0 0 0
1787956717.088 t 48 1387957 31 -4259 3022 -21783 0 0 0 -180 -154 3 2217 134373 128584 -2000 -2000 0 0 0
1787956717.159 t 49 1388029 31 -4249 3015 -21805 0 0 0 -164 -164 3 2220 134223 128428 -2000 -2000 0 0 0
1787956717.233 t 50 1388101 31 -4240 3008 -21783 0 0 0 -164 -164 3 2223 134067 128278 -2000 -2000 0 0 0
1787956717.305 t 51 1388173 31 -4230 3000 -21771 0 0 0 -164 -164 3 2226 133914 128128 -2000 -1900 0 0 0
1787956717.376 t 52 1388245 31 -4221 2993 -21783 0 0 0 -164 -158 3 2229 133767 127978 -2000 -2000 0 0 0
1787956717.447 t 53 1388317 31 -4212 2986 -21760 0 0 0 -164 -154 3 2232 133617 127834 -2000 -2000 0 0 0
1787956717.519 t 54 1388389 31 -4203 2979 -21741 0 0 0 -171 -164 3 2235 133462 127684 -1900 -2000 0 0 0
1787956717.591 t 55 1388461 31 -4193 2972 -21700 0 0 0 -154 -154 3 2238 133312 127545 -2000 -2000 0 0 0
1787956717.663 t 56 1388533 31 -4184 2965 -21625 0 0 0 -164 -138 3 2241 133153 127406 -2000 -2000 0 0 0
1787956717.735 t 57 1388605 31 -4174 2958 -21542 0 0 0 -184 -138 3 2244 132992 127267 -2000 -2000 0 0 0
1787956717.808 t 58 1388677 31 -4165 2951 -21459 0 0 0 -190 -148 3 2247 132831 127128 -2000 -2000 0 0 0
1787956717.882 t 59 1388749 31 -4155 2945 -21388 0 0 0 -174 -148 3 2250 132673 126989 -2000 -2000 0 0 0
1787956717.958 t 60 1388821 31 -4145 2938 -21248 0 0 0 -194 -148 3 2253 132503 126856 -2000 -2000 0 0 0
1787956718.027 t 61 1388893 31 -4135 2932 -21154 0 0 0 -184 -148 3 2256 132339 126717 -2000 -2000 0 0 0
1787956718.096 t 62 1388965 31 -4125 2925 -21053 0 0 0 -181 -148 3 2259 132173 126578 -2000 -2000 0 0 0
1787956718.189 thdr seq now flags x y h ox oy oh vl vr i2cf cyc posl posr dutl dutr lexc wrng cycovr
1787956718.189 t 63 1389037 31 -4114 2919 -20966 0 0 0 -174 -164 3 2262 132006 126434 -2000 -2000 0 0 0
1787956718.240 t 64 1389109 31 -4103 2913 -20883 0 0 0 -174 -149 3 2265 131839 126289 -2000 -2000 0 0 0
1787956718.301 t 65 1389165 31 -4099 2911 -20835 0 0 0 -207 -164 3 2266 131776 126239 -2000 -2000 0 0 0
1787956718.351 t 66 1389221 31 -4099 2911 -20835 0 0 0 -207 -164 3 2266 131776 126239 -2000 -2000 0 0 0
1787956718.408 t 67 1389277 31 -4099 2911 -20835 0 0 0 -207 -164 3 2266 131776 126239 -2000 -2000 0 0 0
1787956718.469 t 68 1389335 31 -4099 2911 -20835 0 0 0 -207 -164 3 2266 131776 126239 -2000 -2000 0 0 0
1787956718.517 t 69 1389387 31 -4099 2911 -20835 0 0 0 -207 -164 3 2266 131776 126239 -2000 -2000 0 0 0
1787956718.572 t 70 1389439 31 -4099 2911 -20835 0 0 0 -207 -164 3 2266 131776 126239 -2000 -2000 0 0 0
1787956718.621 t 71 1389491 31 -4099 2911 -20835 0 0 0 -207 -164 3 2266 131776 126239 -2000 -2000 0 0 0
1787956718.675 t 72 1389543 31 -4099 2911 -20835 0 0 0 -207 -164 3 2266 131776 126239 -2000 -2000 0 0 0
1787956718.725 t 73 1389595 31 -4099 2911 -20835 0 0 0 -207 -164 3 2266 131776 126239 -2000 -2000 0 0 0
1787956718.784 t 74 1389647 31 -4099 2911 -20835 0 0 0 -207 -164 3 2266 131776 126239 -2000 -2000 0 0 0
1787956718.829 t 75 1389699 31 -4099 2911 -20835 0 0 0 -207 -164 3 2266 131776 126239 -2000 -2000 0 0 0
1787956718.882 t 76 1389751 31 -4099 2911 -20835 0 0 0 -207 -164 3 2266 131776 126239 -2000 -2000 0 0 0
1787956718.934 t 77 1389803 31 -4099 2911 -20835 0 0 0 -207 -164 3 2266 131776 126239 -2000 -2000 0 0 0
1787956718.982 === BIAS RESET REV 25%
1787956718.982 >>> SET stall_window 50 #101
1787956718.985 t 78 1389855 31 -4099 2911 -20835 0 0 0 -207 -164 3 2266 131776 126239 -2000 -2000 0 0 0
1787956718.998 ack 101 100 timeout
1787956719.038 t 79 1389907 31 -4099 2911 -20835 0 0 0 -207 -164 3 2266 131776 126239 -2000 -2000 0 0 0
1787956719.089 t 80 1389959 31 -4099 2911 -20835 0 0 0 -207 -164 3 2266 131776 126239 -2000 -2000 0 0 0
1787956719.141 t 81 1390011 31 -4099 2911 -20835 0 0 0 -207 -164 3 2266 131776 126239 -2000 -2000 0 0 0
1787956719.193 thdr seq now flags x y h ox oy oh vl vr i2cf cyc posl posr dutl dutr lexc wrng cycovr
1787956719.201 t 82 1390063 31 -4099 2911 -20835 0 0 0 -207 -164 3 2266 131776 126239 -2000 -2000 0 0 0
1787956719.248 t 83 1390115 31 -4099 2911 -20835 0 0 0 -207 -164 3 2266 131776 126239 -2000 -2000 0 0 0
1787956719.299 t 84 1390167 31 -4099 2911 -20835 0 0 0 -207 -164 3 2266 131776 126239 -2000 -2000 0 0 0
1787956719.353 t 85 1390219 31 -4099 2911 -20835 0 0 0 -207 -164 3 2266 131776 126239 -2000 -2000 0 0 0
1787956719.401 t 86 1390271 31 -4099 2911 -20835 0 0 0 -207 -164 3 2266 131776 126239 -2000 -2000 0 0 0
1787956719.459 t 87 1390323 31 -4099 2911 -20835 0 0 0 -207 -164 3 2266 131776 126239 -2000 -2000 0 0 0
1787956719.502 >>> WHEELS_V 40 40 300 #102
1787956719.505 t 88 1390375 31 -4099 2911 -20835 0 0 0 -207 -164 3 2266 131776 126239 -2000 -2000 0 0 0
1787956719.519 ack 102 100 timeout
1787956719.576 t 89 1390445 31 -4076 2899 -20676 0 0 0 25 14 3 2268 131426 125931 400 400 0 0 0
1787956719.649 t 90 1390517 35 -4078 2900 -20714 0 0 0 36 28 4 2271 131456 125951 0 0 0 0 0
1787956719.719 t 91 1390589 35 -4078 2900 -20714 0 0 0 0 0 4 2274 131456 125951 0 0 0 0 0
1787956719.790 t 92 1390661 35 -4078 2900 -20714 0 0 0 0 0 4 2277 131456 125951 0 0 0 0 0
1787956719.847 t 93 1390717 35 -4078 2900 -20714 0 0 0 0 0 4 2279 131456 125951 0 0 0 0 0
1787956719.906 t 94 1390773 35 -4078 2900 -20714 0 0 0 0 0 4 2279 131456 125951 0 0 0 0 0
1787956719.958 t 95 1390829 35 -4078 2900 -20714 0 0 0 0 0 4 2279 131456 125951 0 0 0 0 0
1787956720.015 t 96 1390885 35 -4078 2900 -20714 0 0 0 0 0 4 2279 131456 125951 0 0 0 0 0
1787956720.072 t 97 1390941 35 -4078 2900 -20714 0 0 0 0 0 4 2279 131456 125951 0 0 0 0 0
1787956720.127 t 98 1390997 35 -4078 2900 -20714 0 0 0 0 0 4 2279 131456 125951 0 0 0 0 0
1787956720.216 t 99 1391053 35 -4078 2900 -20714 0 0 0 0 0 4 2279 131456 125951 0 0 0 0 0
1787956720.239 t 100 1391109 35 -4078 2900 -20714 0 0 0 0 0 4 2279 131456 125951 0 0 0 0 0
1787956720.295 thdr seq now flags x y h ox oy oh vl vr i2cf cyc posl posr dutl dutr lexc wrng cycovr
1787956720.301 t 101 1391165 35 -4078 2900 -20714 0 0 0 0 0 4 2279 131456 125951 0 0 0 0 0
1787956720.349 t 102 1391217 35 -4078 2900 -20714 0 0 0 0 0 4 2279 131456 125951 0 0 0 0 0
1787956720.403 t 103 1391273 35 -4078 2900 -20714 0 0 0 0 0 4 2279 131456 125951 0 0 0 0 0
1787956720.458 t 104 1391329 35 -4078 2900 -20714 0 0 0 0 0 4 2279 131456 125951 0 0 0 0 0
1787956720.519 t 105 1391385 35 -4078 2900 -20714 0 0 0 0 0 4 2279 131456 125951 0 0 0 0 0
1787956720.570 t 106 1391441 35 -4078 2900 -20714 0 0 0 0 0 4 2279 131456 125951 0 0 0 0 0
1787956720.628 t 107 1391497 35 -4078 2900 -20714 0 0 0 0 0 4 2279 131456 125951 0 0 0 0 0
1787956720.683 t 108 1391553 35 -4078 2900 -20714 0 0 0 0 0 4 2279 131456 125951 0 0 0 0 0
1787956720.738 t 109 1391609 35 -4078 2900 -20714 0 0 0 0 0 4 2279 131456 125951 0 0 0 0 0
1787956720.793 >>> SET stall_clear 1 #103
1787956720.795 t 110 1391665 35 -4078 2900 -20714 0 0 0 0 0 4 2279 131456 125951 0 0 0 0 0
1787956720.806 ack 103 102 stall
1787956720.857 t 111 1391721 35 -4078 2900 -20714 0 0 0 0 0 4 2279 131456 125951 0 0 0 0 0
1787956720.915 t 112 1391777 35 -4078 2900 -20714 0 0 0 0 0 4 2279 131456 125951 0 0 0 0 0
1787956720.984 t 113 1391833 35 -4078 2900 -20714 0 0 0 0 0 4 2279 131456 125951 0 0 0 0 0
1787956721.018 t 114 1391889 35 -4078 2900 -20714 0 0 0 0 0 4 2279 131456 125951 0 0 0 0 0
1787956721.077 t 115 1391945 35 -4078 2900 -20714 0 0 0 0 0 4 2279 131456 125951 0 0 0 0 0
1787956721.195 t 116 1392001 35 -4078 2900 -20714 0 0 0 0 0 4 2279 131456 125951 0 0 0 0 0
1787956721.203 t 117 1392057 35 -4078 2900 -20714 0 0 0 0 0 4 2279 131456 125951 0 0 0 0 0
1787956721.242 t 118 1392113 35 -4078 2900 -20714 0 0 0 0 0 4 2279 131456 125951 0 0 0 0 0
1787956721.302 >>> SET stall_window 0 #104
1787956721.303 t 119 1392169 35 -4078 2900 -20714 0 0 0 0 0 4 2279 131456 125951 0 0 0 0 0
1787956721.318 ack 104 102 stall
1787956721.356 thdr seq now flags x y h ox oy oh vl vr i2cf cyc posl posr dutl dutr lexc wrng cycovr
1787956721.365 t 120 1392225 35 -4078 2900 -20714 0 0 0 0 0 4 2279 131456 125951 0 0 0 0 0
1787956721.455 t 121 1392277 35 -4078 2900 -20714 0 0 0 0 0 4 2279 131456 125951 0 0 0 0 0
1787956721.467 t 122 1392333 35 -4078 2900 -20714 0 0 0 0 0 4 2279 131456 125951 0 0 0 0 0
1787956721.521 t 123 1392389 35 -4078 2900 -20714 0 0 0 0 0 4 2279 131456 125951 0 0 0 0 0
1787956721.580 t 124 1392445 35 -4078 2900 -20714 0 0 0 0 0 4 2279 131456 125951 0 0 0 0 0
1787956721.630 t 125 1392501 35 -4078 2900 -20714 0 0 0 0 0 4 2279 131456 125951 0 0 0 0 0
1787956721.687 t 126 1392557 35 -4078 2900 -20714 0 0 0 0 0 4 2279 131456 125951 0 0 0 0 0
1787956721.747 t 127 1392613 35 -4078 2900 -20714 0 0 0 0 0 4 2279 131456 125951 0 0 0 0 0
1787956721.799 t 0 1392669 35 -4078 2900 -20714 0 0 0 0 0 4 2279 131456 125951 0 0 0 0 0
1787956721.851 === STEP REV duty=25% v=-213
1787956721.851 >>> WHEELS_V -213 -213 2000 #105
1787956721.854 t 1 1392725 35 -4078 2900 -20714 0 0 0 0 0 4 2279 131456 125951 0 0 0 0 0
1787956721.865 ack 105 102 stall
1787956721.924 t 2 1392793 31 -4077 2900 -20695 0 0 0 -53 -39 4 2281 131437 125937 -2500 -2500 0 0 0
1787956721.996 t 3 1392865 31 -4065 2893 -20654 0 0 0 -226 -200 4 2284 131259 125770 -2500 -2500 0 0 0
1787956722.067 t 4 1392937 31 -4052 2887 -20631 0 0 0 -200 -190 4 2287 131067 125584 -2500 -2500 0 0 0
1787956722.139 t 5 1393009 31 -4038 2880 -20635 0 0 0 -200 -220 4 2290 130873 125389 -2500 -2500 0 0 0
1787956722.211 t 6 1393081 31 -4024 2873 -20601 0 0 0 -217 -200 4 2293 130676 125201 -2500 -2500 0 0 0
1787956722.295 t 7 1393153 31 -4011 2867 -20620 0 0 0 -204 -210 4 2296 130489 125009 -2500 -2500 0 0 0
1787956722.360 t 8 1393225 31 -3997 2860 -20635 0 0 0 -190 -210 4 2299 130301 124817 -2500 -2500 0 0 0
1787956722.473 t 9 1393297 31 -3984 2854 -20631 0 0 0 -210 -207 4 2302 130109 124626 -2500 -2500 0 0 0
1787956722.503 t 10 1393369 31 -3970 2847 -20613 0 0 0 -220 -210 4 2305 129917 124439 -2500 -2500 0 0 0
1787956722.571 thdr seq now flags x y h ox oy oh vl vr i2cf cyc posl posr dutl dutr lexc wrng cycovr
1787956722.580 t 11 1393441 31 -3957 2840 -20594 0 0 0 -207 -200 4 2308 129726 124253 -2500 -2500 0 0 0
1787956722.643 t 12 1393513 31 -3944 2834 -20549 0 0 0 -194 -203 4 2311 129534 124073 -2500 -2500 0 0 0
1787956722.719 t 13 1393585 31 -3930 2828 -20466 0 0 0 -220 -200 4 2314 129334 123895 -2500 -2500 0 0 0
1787956722.788 t 14 1393657 31 -3917 2822 -20394 0 0 0 -220 -210 4 2317 129134 123714 -2500 -2500 0 0 0
1787956722.859 t 15 1393729 31 -3903 2816 -20300 0 0 0 -210 -200 4 2320 128934 123539 -2500 -2500 0 0 0
1787956722.934 t 16 1393801 31 -3889 2810 -20172 0 0 0 -230 -184 4 2323 128728 123367 -2500 -2500 0 0 0
1787956723.005 t 17 1393873 31 -3875 2805 -20082 0 0 0 -226 -194 4 2326 128526 123189 -2500 -2500 0 0 0
1787956723.077 t 18 1393945 31 -3861 2800 -19984 0 0 0 -210 -200 4 2329 128323 123012 -2500 -2500 0 0 0
1787956723.183 t 19 1394017 31 -3847 2795 -19890 0 0 0 -220 -200 4 2332 128117 122831 -2500 -2500 0 0 0
1787956723.220 t 20 1394089 31 -3832 2790 -19819 0 0 0 -226 -200 4 2335 127912 122645 -2500 -2500 0 0 0
1787956723.292 t 21 1394161 31 -3818 2785 -19766 0 0 0 -210 -210 4 2338 127712 122459 -2500 -2500 0 0 0
1787956723.367 t 22 1394233 31 -3803 2780 -19702 0 0 0 -226 -200 4 2341 127509 122273 -2500 -2500 0 0 0
1787956723.435 t 23 1394305 31 -3789 2776 -19702 0 0 0 -200 -210 4 2344 127317 122081 -2500 -2500 0 0 0
1787956723.507 t 24 1394377 31 -3774 2772 -19694 0 0 0 -200 -220 4 2347 127123 121889 -2500 -2500 0 0 0
1787956723.582 t 25 1394449 31 -3759 2767 -19702 0 0 0 -220 -230 4 2350 126928 121692 -2500 -2500 0 0 0
1787956723.653 t 26 1394521 31 -3745 2763 -19713 0 0 0 -204 -220 4 2353 126739 121500 -2500 -2500 0 0 0
1787956723.725 t 27 1394593 31 -3731 2759 -19713 0 0 0 -190 -200 4 2356 126551 121312 -2500 -2500 0 0 0
1787956723.795 t 28 1394665 31 -3716 2754 -19713 0 0 0 -220 -220 4 2359 126356 121117 -2500 -2500 0 0 0
1787956723.866 t 29 1394737 31 -3702 2750 -19691 0 0 0 -204 -210 4 2362 126164 120931 -2500 -2500 0 0 0
1787956723.924 thdr seq now flags x y h ox oy oh vl vr i2cf cyc posl posr dutl dutr lexc wrng cycovr
1787956723.933 t 30 1394793 31 -3697 2748 -19672 0 0 0 -226 -210 4 2363 126095 120867 -2500 -2500 0 0 0
1787956723.977 t 31 1394847 31 -3697 2748 -19672 0 0 0 -226 -210 4 2363 126095 120867 -2500 -2500 0 0 0
1787956724.032 t 32 1394899 31 -3697 2748 -19672 0 0 0 -226 -210 4 2363 126095 120867 -2500 -2500 0 0 0
1787956724.081 t 33 1394951 31 -3697 2748 -19672 0 0 0 -226 -210 4 2363 126095 120867 -2500 -2500 0 0 0
1787956724.149 t 34 1395003 31 -3697 2748 -19672 0 0 0 -226 -210 4 2363 126095 120867 -2500 -2500 0 0 0
1787956724.185 t 35 1395055 31 -3697 2748 -19672 0 0 0 -226 -210 4 2363 126095 120867 -2500 -2500 0 0 0
1787956724.246 t 36 1395107 31 -3697 2748 -19672 0 0 0 -226 -210 4 2363 126095 120867 -2500 -2500 0 0 0
1787956724.290 t 37 1395159 31 -3697 2748 -19672 0 0 0 -226 -210 4 2363 126095 120867 -2500 -2500 0 0 0
1787956724.395 t 38 1395211 31 -3697 2748 -19672 0 0 0 -226 -210 4 2363 126095 120867 -2500 -2500 0 0 0
1787956724.402 t 39 1395263 31 -3697 2748 -19672 0 0 0 -226 -210 4 2363 126095 120867 -2500 -2500 0 0 0
1787956724.453 t 40 1395315 31 -3697 2748 -19672 0 0 0 -226 -210 4 2363 126095 120867 -2500 -2500 0 0 0
1787956724.504 t 41 1395367 31 -3697 2748 -19672 0 0 0 -226 -210 4 2363 126095 120867 -2500 -2500 0 0 0
1787956724.552 t 42 1395419 31 -3697 2748 -19672 0 0 0 -226 -210 4 2363 126095 120867 -2500 -2500 0 0 0
1787956724.601 t 43 1395471 31 -3697 2748 -19672 0 0 0 -226 -210 4 2363 126095 120867 -2500 -2500 0 0 0
1787956724.650 === BIAS RESET REV 30%
1787956724.650 >>> SET stall_window 50 #106
1787956724.656 t 44 1395523 31 -3697 2748 -19672 0 0 0 -226 -210 4 2363 126095 120867 -2500 -2500 0 0 0
1787956724.666 ack 106 105 timeout
1787956724.708 t 45 1395575 31 -3697 2748 -19672 0 0 0 -226 -210 4 2363 126095 120867 -2500 -2500 0 0 0
1787956724.758 t 46 1395627 31 -3697 2748 -19672 0 0 0 -226 -210 4 2363 126095 120867 -2500 -2500 0 0 0
1787956724.811 t 47 1395679 31 -3697 2748 -19672 0 0 0 -226 -210 4 2363 126095 120867 -2500 -2500 0 0 0
1787956724.862 t 48 1395731 31 -3697 2748 -19672 0 0 0 -226 -210 4 2363 126095 120867 -2500 -2500 0 0 0
1787956724.922 thdr seq now flags x y h ox oy oh vl vr i2cf cyc posl posr dutl dutr lexc wrng cycovr
1787956724.922 t 49 1395783 31 -3697 2748 -19672 0 0 0 -226 -210 4 2363 126095 120867 -2500 -2500 0 0 0
1787956724.966 t 50 1395835 31 -3697 2748 -19672 0 0 0 -226 -210 4 2363 126095 120867 -2500 -2500 0 0 0
1787956725.022 t 51 1395887 31 -3697 2748 -19672 0 0 0 -226 -210 4 2363 126095 120867 -2500 -2500 0 0 0
1787956725.070 t 52 1395939 31 -3697 2748 -19672 0 0 0 -226 -210 4 2363 126095 120867 -2500 -2500 0 0 0
1787956725.125 t 53 1395991 31 -3697 2748 -19672 0 0 0 -226 -210 4 2363 126095 120867 -2500 -2500 0 0 0
1787956725.169 >>> WHEELS_V 40 40 300 #107
1787956725.173 t 54 1396043 31 -3697 2748 -19672 0 0 0 -226 -210 4 2363 126095 120867 -2500 -2500 0 0 0
1787956725.189 ack 107 105 timeout
1787956725.242 t 55 1396113 31 -3669 2740 -19386 0 0 0 14 25 4 2365 125689 120537 400 400 0 0 0
1787956725.314 t 56 1396185 35 -3671 2741 -19442 0 0 0 16 16 4 2368 125717 120550 0 0 0 0 0
1787956725.388 t 57 1396257 35 -3671 2741 -19442 0 0 0 0 0 4 2371 125717 120550 0 0 0 0 0
1787956725.538 t 58 1396329 35 -3671 2741 -19442 0 0 0 0 0 4 2374 125717 120550 0 0 0 0 0
1787956725.538 t 59 1396385 35 -3671 2741 -19442 0 0 0 0 0 4 2376 125717 120550 0 0 0 0 0
1787956725.571 t 60 1396441 35 -3671 2741 -19442 0 0 0 0 0 4 2376 125717 120550 0 0 0 0 0
1787956725.626 t 61 1396497 35 -3671 2741 -19442 0 0 0 0 0 4 2376 125717 120550 0 0 0 0 0
1787956725.682 t 62 1396553 35 -3671 2741 -19442 0 0 0 0 0 4 2376 125717 120550 0 0 0 0 0
1787956725.741 t 63 1396609 35 -3671 2741 -19442 0 0 0 0 0 4 2376 125717 120550 0 0 0 0 0
1787956725.794 t 64 1396665 35 -3671 2741 -19442 0 0 0 0 0 4 2376 125717 120550 0 0 0 0 0
1787956725.850 t 65 1396721 35 -3671 2741 -19442 0 0 0 0 0 4 2376 125717 120550 0 0 0 0 0
1787956725.910 t 66 1396777 35 -3671 2741 -19442 0 0 0 0 0 4 2376 125717 120550 0 0 0 0 0
1787956725.964 t 67 1396833 35 -3671 2741 -19442 0 0 0 0 0 4 2376 125717 120550 0 0 0 0 0
1787956726.018 thdr seq now flags x y h ox oy oh vl vr i2cf cyc posl posr dutl dutr lexc wrng cycovr
1787956726.026 t 68 1396889 35 -3671 2741 -19442 0 0 0 0 0 4 2376 125717 120550 0 0 0 0 0
1787956726.074 t 69 1396941 35 -3671 2741 -19442 0 0 0 0 0 4 2376 125717 120550 0 0 0 0 0
1787956726.126 t 70 1396997 35 -3671 2741 -19442 0 0 0 0 0 4 2376 125717 120550 0 0 0 0 0
1787956726.184 t 71 1397053 35 -3671 2741 -19442 0 0 0 0 0 4 2376 125717 120550 0 0 0 0 0
1787956726.238 t 72 1397109 35 -3671 2741 -19442 0 0 0 0 0 4 2376 125717 120550 0 0 0 0 0
1787956726.295 t 73 1397165 35 -3671 2741 -19442 0 0 0 0 0 4 2376 125717 120550 0 0 0 0 0
1787956726.354 t 74 1397221 35 -3671 2741 -19442 0 0 0 0 0 4 2376 125717 120550 0 0 0 0 0
1787956726.406 t 75 1397277 35 -3671 2741 -19442 0 0 0 0 0 4 2376 125717 120550 0 0 0 0 0
1787956726.459 >>> SET stall_clear 1 #108
1787956726.462 t 76 1397333 35 -3671 2741 -19442 0 0 0 0 0 4 2376 125717 120550 0 0 0 0 0
1787956726.473 ack 108 107 stall
1787956726.520 t 77 1397389 35 -3671 2741 -19442 0 0 0 0 0 4 2376 125717 120550 0 0 0 0 0
1787956726.575 t 78 1397445 35 -3671 2741 -19442 0 0 0 0 0 4 2376 125717 120550 0 0 0 0 0
1787956726.631 t 79 1397501 35 -3671 2741 -19442 0 0 0 0 0 4 2376 125717 120550 0 0 0 0 0
1787956726.688 t 80 1397557 35 -3671 2741 -19442 0 0 0 0 0 4 2376 125717 120550 0 0 0 0 0
1787956726.742 t 81 1397613 35 -3671 2741 -19442 0 0 0 0 0 4 2376 125717 120550 0 0 0 0 0
1787956726.800 t 82 1397669 35 -3671 2741 -19442 0 0 0 0 0 4 2376 125717 120550 0 0 0 0 0
1787956726.854 t 83 1397725 35 -3671 2741 -19442 0 0 0 0 0 4 2376 125717 120550 0 0 0 0 0
1787956726.911 t 84 1397781 35 -3671 2741 -19442 0 0 0 0 0 4 2376 125717 120550 0 0 0 0 0
1787956726.962 >>> SET stall_window 0 #109
1787956726.970 t 85 1397837 35 -3671 2741 -19442 0 0 0 0 0 4 2376 125717 120550 0 0 0 0 0
1787956726.977 ack 109 107 stall
1787956727.022 t 86 1397893 35 -3671 2741 -19442 0 0 0 0 0 4 2376 125717 120550 0 0 0 0 0
1787956727.078 thdr seq now flags x y h ox oy oh vl vr i2cf cyc posl posr dutl dutr lexc wrng cycovr
1787956727.086 t 87 1397949 35 -3671 2741 -19442 0 0 0 0 0 4 2376 125717 120550 0 0 0 0 0
1787956727.133 t 88 1398001 35 -3671 2741 -19442 0 0 0 0 0 4 2376 125717 120550 0 0 0 0 0
1787956727.186 t 89 1398057 35 -3671 2741 -19442 0 0 0 0 0 4 2376 125717 120550 0 0 0 0 0
1787956727.265 t 90 1398113 35 -3671 2741 -19442 0 0 0 0 0 4 2376 125717 120550 0 0 0 0 0
1787956727.297 t 91 1398169 35 -3671 2741 -19442 0 0 0 0 0 4 2376 125717 120550 0 0 0 0 0
1787956727.395 t 92 1398225 35 -3671 2741 -19442 0 0 0 0 0 4 2376 125717 120550 0 0 0 0 0
1787956727.419 t 93 1398281 35 -3671 2741 -19442 0 0 0 0 0 4 2376 125717 120550 0 0 0 0 0
1787956727.463 === STEP REV duty=30% v=-255
1787956727.463 >>> WHEELS_V -255 -255 2000 #110
1787956727.466 t 94 1398337 35 -3671 2741 -19442 0 0 0 0 0 4 2376 125717 120550 0 0 0 0 0
1787956727.482 ack 110 107 stall
1787956727.536 t 95 1398405 31 -3669 2740 -19442 0 0 0 -53 -53 4 2378 125698 120531 -3000 -3000 0 0 0
1787956727.610 t 96 1398477 31 -3655 2737 -19348 0 0 0 -246 -226 4 2381 125501 120359 -3000 -3000 0 0 0
1787956727.685 t 97 1398549 31 -3638 2733 -19201 0 0 0 -263 -220 4 2384 125259 120156 -3000 -3000 0 0 0
1787956727.754 t 98 1398621 31 -3621 2730 -19107 0 0 0 -256 -220 4 2387 125023 119945 -3000 -3000 0 0 0
1787956727.827 t 99 1398693 31 -3603 2727 -18983 0 0 0 -256 -220 4 2390 124784 119739 -3000 -3000 0 0 0
1787956727.895 t 100 1398765 31 -3586 2724 -18855 0 0 0 -276 -230 4 2393 124539 119528 -3000 -3000 0 0 0
1787956727.972 t 101 1398837 31 -3568 2721 -18773 0 0 0 -253 -236 4 2396 124301 119312 -3000 -3000 0 0 0
1787956728.040 t 102 1398909 31 -3550 2719 -18678 0 0 0 -263 -246 4 2399 124059 119095 -3000 -3000 0 0 0
1787956728.112 t 103 1398981 31 -3532 2717 -18626 0 0 0 -246 -236 4 2402 123823 118873 -3000 -3000 0 0 0
1787956728.183 t 104 1399053 31 -3514 2715 -18584 0 0 0 -256 -256 4 2405 123589 118650 -3000 -3000 0 0 0
1787956728.255 t 105 1399125 31 -3497 2713 -18566 0 0 0 -253 -236 4 2408 123362 118428 -3000 -3000 0 0 0
1787956728.328 thdr seq now flags x y h ox oy oh vl vr i2cf cyc posl posr dutl dutr lexc wrng cycovr
1787956728.336 t 106 1399197 31 -3479 2712 -18566 0 0 0 -236 -246 4 2411 123134 118200 -3000 -2900 0 0 0
1787956728.401 t 107 1399269 31 -3461 2710 -18539 0 0 0 -250 -250 4 2414 122900 117973 -3000 -3000 0 0 0
1787956728.472 t 108 1399341 31 -3443 2708 -18566 0 0 0 -246 -266 4 2417 122673 117739 -2900 -3000 0 0 0
1787956728.545 t 109 1399413 31 -3425 2706 -18543 0 0 0 -256 -230 4 2420 122445 117517 -3000 -3000 0 0 0
1787956728.616 t 110 1399485 31 -3407 2705 -18513 0 0 0 -263 -256 4 2423 122209 117289 -3000 -3000 0 0 0
1787956728.687 t 111 1399557 31 -3389 2703 -18460 0 0 0 -246 -247 4 2426 121973 117067 -3000 -2900 0 0 0
1787956728.759 t 112 1399629 31 -3371 2702 -18366 0 0 0 -266 -240 4 2429 121731 116850 -3000 -3000 0 0 0
1787956728.831 t 113 1399701 31 -3353 2701 -18268 0 0 0 -266 -236 4 2432 121489 116634 -2900 -2900 0 0 0
1787956728.903 t 114 1399773 31 -3335 2700 -18163 0 0 0 -256 -226 4 2435 121250 116423 -3000 -3000 0 0 0
1787956728.976 t 115 1399845 31 -3317 2700 -18039 0 0 0 -266 -226 4 2438 121006 116212 -3000 -3000 0 0 0
1787956729.050 t 116 1399917 31 -3299 2700 -17896 0 0 0 -282 -220 4 2441 120759 116003 -3000 -3000 0 0 0
1787956729.120 t 117 1399989 31 -3281 2701 -17779 0 0 0 -272 -230 4 2444 120517 115792 -3000 -2900 0 0 0
1787956729.191 t 118 1400061 31 -3263 2702 -17708 0 0 0 -266 -239 4 2447 120281 115575 -3000 -3000 0 0 0
1787956729.265 t 119 1400133 31 -3246 2703 -17662 0 0 0 -256 -256 4 2450 120050 115356 -2900 -2900 0 0 0
1787956729.335 t 120 1400205 31 -3228 2704 -17610 0 0 0 -256 -226 4 2453 119817 115137 -3000 -3000 0 0 0
1787956729.408 t 121 1400277 31 -3210 2705 -17599 0 0 0 -256 -236 4 2456 119589 114912 -3000 -3000 0 0 0
1787956729.479 t 122 1400349 31 -3192 2706 -17591 0 0 0 -246 -256 4 2459 119359 114684 -3000 -3000 0 0 0
1787956729.536 t 123 1400405 31 -3186 2707 -17568 0 0 0 -275 -256 4 2460 119275 114606 -3000 -2900 0 0 0
1787956729.597 t 124 1400463 31 -3186 2707 -17568 0 0 0 -275 -256 4 2460 119275 114606 -3000 -2900 0 0 0
1787956729.648 thdr seq now flags x y h ox oy oh vl vr i2cf cyc posl posr dutl dutr lexc wrng cycovr
1787956729.653 t 125 1400515 31 -3186 2707 -17568 0 0 0 -275 -256 4 2460 119275 114606 -3000 -2900 0 0 0
1787956729.699 t 126 1400567 31 -3186 2707 -17568 0 0 0 -275 -256 4 2460 119275 114606 -3000 -2900 0 0 0
1787956729.749 t 127 1400619 31 -3186 2707 -17568 0 0 0 -275 -256 4 2460 119275 114606 -3000 -2900 0 0 0
1787956729.808 t 0 1400671 31 -3186 2707 -17568 0 0 0 -275 -256 4 2460 119275 114606 -3000 -2900 0 0 0
1787956729.854 t 1 1400723 31 -3186 2707 -17568 0 0 0 -275 -256 4 2460 119275 114606 -3000 -2900 0 0 0
1787956729.938 t 2 1400775 31 -3186 2707 -17568 0 0 0 -275 -256 4 2460 119275 114606 -3000 -2900 0 0 0
1787956729.958 t 3 1400827 31 -3186 2707 -17568 0 0 0 -275 -256 4 2460 119275 114606 -3000 -2900 0 0 0
1787956730.011 t 4 1400879 31 -3186 2707 -17568 0 0 0 -275 -256 4 2460 119275 114606 -3000 -2900 0 0 0
1787956730.062 t 5 1400931 31 -3186 2707 -17568 0 0 0 -275 -256 4 2460 119275 114606 -3000 -2900 0 0 0
1787956730.113 t 6 1400983 31 -3186 2707 -17568 0 0 0 -275 -256 4 2460 119275 114606 -3000 -2900 0 0 0
1787956730.166 t 7 1401035 31 -3186 2707 -17568 0 0 0 -275 -256 4 2460 119275 114606 -3000 -2900 0 0 0
1787956730.217 t 8 1401087 31 -3186 2707 -17568 0 0 0 -275 -256 4 2460 119275 114606 -3000 -2900 0 0 0
1787956730.265 === BIAS RESET REV 35%
1787956730.265 >>> SET stall_window 50 #111
1787956730.272 t 9 1401139 31 -3186 2707 -17568 0 0 0 -275 -256 4 2460 119275 114606 -3000 -2900 0 0 0
1787956730.283 ack 111 110 timeout
1787956730.321 t 10 1401191 31 -3186 2707 -17568 0 0 0 -275 -256 4 2460 119275 114606 -3000 -2900 0 0 0
1787956730.375 t 11 1401243 31 -3186 2707 -17568 0 0 0 -275 -256 4 2460 119275 114606 -3000 -2900 0 0 0
1787956730.425 t 12 1401295 31 -3186 2707 -17568 0 0 0 -275 -256 4 2460 119275 114606 -3000 -2900 0 0 0
1787956730.479 t 13 1401347 31 -3186 2707 -17568 0 0 0 -275 -256 4 2460 119275 114606 -3000 -2900 0 0 0
1787956730.529 t 14 1401399 31 -3186 2707 -17568 0 0 0 -275 -256 4 2460 119275 114606 -3000 -2900 0 0 0
1787956730.581 t 15 1401451 31 -3186 2707 -17568 0 0 0 -275 -256 4 2460 119275 114606 -3000 -2900 0 0 0
1787956730.633 thdr seq now flags x y h ox oy oh vl vr i2cf cyc posl posr dutl dutr lexc wrng cycovr
1787956730.641 t 16 1401503 31 -3186 2707 -17568 0 0 0 -275 -256 4 2460 119275 114606 -3000 -2900 0 0 0
1787956730.686 t 17 1401555 31 -3186 2707 -17568 0 0 0 -275 -256 4 2460 119275 114606 -3000 -2900 0 0 0
1787956730.737 t 18 1401607 31 -3186 2707 -17568 0 0 0 -275 -256 4 2460 119275 114606 -3000 -2900 0 0 0
1787956730.784 >>> WHEELS_V 40 40 300 #112
1787956730.789 t 19 1401659 31 -3186 2707 -17568 0 0 0 -275 -256 4 2460 119275 114606 -3000 -2900 0 0 0
1787956730.802 ack 112 110 timeout
1787956730.862 t 20 1401729 31 -3148 2710 -17414 0 0 0 8 17 4 2462 118773 114145 400 400 0 0 0
1787956730.930 t 21 1401801 35 -3150 2710 -17463 0 0 0 16 20 4 2465 118803 114162 0 0 0 0 0
1787956731.002 t 22 1401873 35 -3150 2710 -17463 0 0 0 0 0 4 2468 118803 114162 0 0 0 0 0
1787956731.074 t 23 1401945 35 -3150 2710 -17463 0 0 0 0 0 4 2471 118803 114162 0 0 0 0 0
1787956731.134 t 24 1402001 35 -3150 2710 -17463 0 0 0 0 0 4 2473 118803 114162 0 0 0 0 0
1787956731.186 t 25 1402057 35 -3150 2710 -17463 0 0 0 0 0 4 2473 118803 114162 0 0 0 0 0
1787956731.243 t 26 1402113 35 -3150 2710 -17463 0 0 0 0 0 4 2473 118803 114162 0 0 0 0 0
1787956731.297 t 27 1402169 35 -3150 2710 -17463 0 0 0 0 0 4 2473 118803 114162 0 0 0 0 0
1787956731.354 t 28 1402225 35 -3150 2710 -17463 0 0 0 0 0 4 2473 118803 114162 0 0 0 0 0
1787956731.413 t 29 1402281 35 -3150 2710 -17463 0 0 0 0 0 4 2473 118803 114162 0 0 0 0 0
1787956731.493 t 30 1402337 35 -3150 2710 -17463 0 0 0 0 0 4 2473 118803 114162 0 0 0 0 0
1787956731.522 t 31 1402393 35 -3150 2710 -17463 0 0 0 0 0 4 2473 118803 114162 0 0 0 0 0
1787956731.578 t 32 1402449 35 -3150 2710 -17463 0 0 0 0 0 4 2473 118803 114162 0 0 0 0 0
1787956731.633 t 33 1402505 35 -3150 2710 -17463 0 0 0 0 0 4 2473 118803 114162 0 0 0 0 0
1787956731.690 t 34 1402561 35 -3150 2710 -17463 0 0 0 0 0 4 2473 118803 114162 0 0 0 0 0
1787956731.751 thdr seq now flags x y h ox oy oh vl vr i2cf cyc posl posr dutl dutr lexc wrng cycovr
1787956731.754 t 35 1402617 35 -3150 2710 -17463 0 0 0 0 0 4 2473 118803 114162 0 0 0 0 0
1787956731.798 t 36 1402669 35 -3150 2710 -17463 0 0 0 0 0 4 2473 118803 114162 0 0 0 0 0
1787956731.854 t 37 1402725 35 -3150 2710 -17463 0 0 0 0 0 4 2473 118803 114162 0 0 0 0 0
1787956731.912 t 38 1402781 35 -3150 2710 -17463 0 0 0 0 0 4 2473 118803 114162 0 0 0 0 0
1787956731.966 t 39 1402837 35 -3150 2710 -17463 0 0 0 0 0 4 2473 118803 114162 0 0 0 0 0
1787956732.022 t 40 1402893 35 -3150 2710 -17463 0 0 0 0 0 4 2473 118803 114162 0 0 0 0 0
1787956732.075 >>> SET stall_clear 1 #113
1787956732.078 t 41 1402949 35 -3150 2710 -17463 0 0 0 0 0 4 2473 118803 114162 0 0 0 0 0
1787956732.089 ack 113 112 stall
1787956732.134 t 42 1403005 35 -3150 2710 -17463 0 0 0 0 0 4 2473 118803 114162 0 0 0 0 0
1787956732.194 t 43 1403061 35 -3150 2710 -17463 0 0 0 0 0 4 2473 118803 114162 0 0 0 0 0
1787956732.247 t 44 1403117 35 -3150 2710 -17463 0 0 0 0 0 4 2473 118803 114162 0 0 0 0 0
1787956732.302 t 45 1403173 35 -3150 2710 -17463 0 0 0 0 0 4 2473 118803 114162 0 0 0 0 0
1787956732.358 t 46 1403229 35 -3150 2710 -17463 0 0 0 0 0 4 2473 118803 114162 0 0 0 0 0
1787956732.415 t 47 1403285 35 -3150 2710 -17463 0 0 0 0 0 4 2473 118803 114162 0 0 0 0 0
1787956732.470 t 48 1403341 35 -3150 2710 -17463 0 0 0 0 0 4 2473 118803 114162 0 0 0 0 0
1787956732.527 t 49 1403397 35 -3150 2710 -17463 0 0 0 0 0 4 2473 118803 114162 0 0 0 0 0
1787956732.579 >>> SET stall_window 0 #114
1787956732.582 t 50 1403453 35 -3150 2710 -17463 0 0 0 0 0 4 2473 118803 114162 0 0 0 0 0
1787956732.600 ack 114 112 stall
1787956732.639 t 51 1403509 35 -3150 2710 -17463 0 0 0 0 0 4 2473 118803 114162 0 0 0 0 0
1787956732.696 t 52 1403565 35 -3150 2710 -17463 0 0 0 0 0 4 2473 118803 114162 0 0 0 0 0
1787956732.753 t 53 1403621 35 -3150 2710 -17463 0 0 0 0 0 4 2473 118803 114162 0 0 0 0 0
1787956732.806 thdr seq now flags x y h ox oy oh vl vr i2cf cyc posl posr dutl dutr lexc wrng cycovr
1787956732.814 t 54 1403677 35 -3150 2710 -17463 0 0 0 0 0 4 2473 118803 114162 0 0 0 0 0
1787956732.858 t 55 1403729 35 -3150 2710 -17463 0 0 0 0 0 4 2473 118803 114162 0 0 0 0 0
1787956732.914 t 56 1403785 35 -3150 2710 -17463 0 0 0 0 0 4 2473 118803 114162 0 0 0 0 0
1787956732.971 t 57 1403841 35 -3150 2710 -17463 0 0 0 0 0 4 2473 118803 114162 0 0 0 0 0
1787956733.027 t 58 1403897 35 -3150 2710 -17463 0 0 0 0 0 4 2473 118803 114162 0 0 0 0 0
1787956733.080 === STEP REV duty=35% v=-298
1787956733.081 >>> WHEELS_V -298 -298 2000 #115
1787956733.085 t 59 1403953 35 -3150 2710 -17463 0 0 0 0 0 4 2473 118803 114162 0 0 0 0 0
1787956733.094 ack 115 112 stall
1787956733.152 t 60 1404021 31 -3149 2710 -17474 0 0 0 -39 -48 4 2475 118789 114145 -3500 -3500 0 0 0
1787956733.223 t 61 1404093 31 -3132 2712 -17403 0 0 0 -272 -263 4 2478 118570 113945 -3500 -3500 0 0 0
1787956733.295 t 62 1404165 31 -3112 2714 -17309 0 0 0 -309 -272 4 2481 118295 113695 -3500 -3500 0 0 0
1787956733.367 t 63 1404237 31 -3091 2717 -17226 0 0 0 -312 -276 4 2484 118017 113439 -3500 -3500 0 0 0
1787956733.439 t 64 1404309 31 -3070 2720 -17121 0 0 0 -302 -276 4 2487 117739 113189 -3500 -3500 0 0 0
1787956733.511 t 65 1404381 31 -3050 2723 -16974 0 0 0 -302 -263 4 2490 117456 112945 -3500 -3400 0 0 0
1787956733.585 t 66 1404453 31 -3030 2727 -16850 0 0 0 -292 -276 4 2493 117178 112700 -3500 -3500 0 0 0
1787956733.660 t 67 1404525 31 -3009 2731 -16714 0 0 0 -302 -266 4 2496 116895 112453 -3500 -3500 0 0 0
1787956733.728 t 68 1404597 31 -2989 2736 -16643 0 0 0 -292 -276 4 2499 116623 112200 -3500 -3500 0 0 0
1787956733.799 t 69 1404669 31 -2969 2741 -16556 0 0 0 -312 -292 4 2502 116350 111950 -3500 -3500 0 0 0
1787956733.875 t 70 1404741 31 -2949 2747 -16515 0 0 0 -302 -283 4 2505 116081 111692 -3500 -3500 0 0 0
1787956733.943 t 71 1404813 31 -2929 2752 -16481 0 0 0 -292 -292 4 2508 115814 111434 -3500 -3500 0 0 0
1787956734.017 t 72 1404885 31 -2909 2757 -16492 0 0 0 -292 -292 4 2511 115550 111167 -3500 -3500 0 0 0
1787956734.087 thdr seq now flags x y h ox oy oh vl vr i2cf cyc posl posr dutl dutr lexc wrng cycovr
1787956734.103 t 73 1404957 31 -2888 2763 -16473 0 0 0 -302 -292 4 2514 115278 110900 -3500 -3500 0 0 0
1787956734.159 t 74 1405029 31 -2868 2769 -16451 0 0 0 -298 -295 4 2517 115006 110634 -3500 -3500 0 0 0
1787956734.245 t 75 1405101 31 -2847 2774 -16398 0 0 0 -312 -292 4 2520 114728 110370 -3500 -3500 0 0 0
1787956734.303 t 76 1405173 31 -2827 2781 -16345 0 0 0 -312 -292 4 2523 114450 110106 -3500 -3500 0 0 0
1787956734.375 t 77 1405245 31 -2807 2787 -16274 0 0 0 -309 -282 4 2526 114173 109848 -3500 -3500 0 0 0
1787956734.447 t 78 1405317 31 -2786 2793 -16180 0 0 0 -302 -292 4 2529 113889 109589 -3500 -3500 0 0 0
1787956734.519 t 79 1405389 31 -2767 2800 -16067 0 0 0 -309 -276 4 2532 113609 109339 -3500 -3500 0 0 0
1787956734.591 t 80 1405461 31 -2747 2807 -15973 0 0 0 -292 -275 4 2535 113334 109089 -3500 -3500 0 0 0
1787956734.664 t 81 1405533 31 -2728 2814 -15868 0 0 0 -292 -276 4 2538 113056 108839 -3500 -3500 0 0 0
1787956734.735 t 82 1405605 31 -2709 2822 -15796 0 0 0 -292 -276 4 2541 112784 108586 -3500 -3500 0 0 0
1787956734.807 t 83 1405677 31 -2689 2830 -15743 0 0 0 -289 -292 4 2544 112512 108328 -3500 -3500 0 0 0
1787956734.880 t 84 1405749 31 -2670 2838 -15710 0 0 0 -292 -289 4 2547 112248 108073 -3500 -3500 0 0 0
1787956734.958 t 85 1405821 31 -2651 2846 -15687 0 0 0 -302 -292 4 2550 111978 107809 -3500 -3500 0 0 0
1787956735.025 t 86 1405893 31 -2632 2855 -15691 0 0 0 -299 -292 4 2553 111709 107539 -3500 -3500 0 0 0
1787956735.097 t 87 1405965 31 -2612 2863 -15668 0 0 0 -299 -289 4 2556 111437 107273 -3500 -3500 0 0 0
1787956735.154 t 88 1406021 31 -2605 2866 -15627 0 0 0 -327 -292 4 2557 111337 107184 -3500 -3500 0 0 0
1787956735.209 t 89 1406079 31 -2605 2866 -15627 0 0 0 -327 -292 4 2557 111337 107184 -3500 -3500 0 0 0
1787956735.264 t 90 1406131 31 -2605 2866 -15627 0 0 0 -327 -292 4 2557 111337 107184 -3500 -3500 0 0 0
1787956735.313 t 91 1406183 31 -2605 2866 -15627 0 0 0 -327 -292 4 2557 111337 107184 -3500 -3500 0 0 0
1787956735.365 thdr seq now flags x y h ox oy oh vl vr i2cf cyc posl posr dutl dutr lexc wrng cycovr
1787956735.373 t 92 1406235 31 -2605 2866 -15627 0 0 0 -327 -292 4 2557 111337 107184 -3500 -3500 0 0 0
1787956735.418 t 93 1406287 31 -2605 2866 -15627 0 0 0 -327 -292 4 2557 111337 107184 -3500 -3500 0 0 0
1787956735.474 t 94 1406339 31 -2605 2866 -15627 0 0 0 -327 -292 4 2557 111337 107184 -3500 -3500 0 0 0
1787956735.521 t 95 1406391 31 -2605 2866 -15627 0 0 0 -327 -292 4 2557 111337 107184 -3500 -3500 0 0 0
1787956735.573 t 96 1406443 31 -2605 2866 -15627 0 0 0 -327 -292 4 2557 111337 107184 -3500 -3500 0 0 0
1787956735.625 t 97 1406495 31 -2605 2866 -15627 0 0 0 -327 -292 4 2557 111337 107184 -3500 -3500 0 0 0
1787956735.678 t 98 1406547 31 -2605 2866 -15627 0 0 0 -327 -292 4 2557 111337 107184 -3500 -3500 0 0 0
1787956735.730 t 99 1406599 31 -2605 2866 -15627 0 0 0 -327 -292 4 2557 111337 107184 -3500 -3500 0 0 0
1787956735.782 t 100 1406651 31 -2605 2866 -15627 0 0 0 -327 -292 4 2557 111337 107184 -3500 -3500 0 0 0
1787956735.836 t 101 1406703 31 -2605 2866 -15627 0 0 0 -327 -292 4 2557 111337 107184 -3500 -3500 0 0 0
1787956735.837 === BIAS RESET REV 40%
1787956735.837 >>> SET stall_window 50 #116
1787956735.853 ack 116 115 timeout
1787956735.887 t 102 1406755 31 -2605 2866 -15627 0 0 0 -327 -292 4 2557 111337 107184 -3500 -3500 0 0 0
1787956735.939 t 103 1406807 31 -2605 2866 -15627 0 0 0 -327 -292 4 2557 111337 107184 -3500 -3500 0 0 0
1787956735.989 t 104 1406859 31 -2605 2866 -15627 0 0 0 -327 -292 4 2557 111337 107184 -3500 -3500 0 0 0
1787956736.062 t 105 1406911 31 -2605 2866 -15627 0 0 0 -327 -292 4 2557 111337 107184 -3500 -3500 0 0 0
1787956736.093 t 106 1406963 31 -2605 2866 -15627 0 0 0 -327 -292 4 2557 111337 107184 -3500 -3500 0 0 0
1787956736.145 t 107 1407015 31 -2605 2866 -15627 0 0 0 -327 -292 4 2557 111337 107184 -3500 -3500 0 0 0
1787956736.203 t 108 1407067 31 -2605 2866 -15627 0 0 0 -327 -292 4 2557 111337 107184 -3500 -3500 0 0 0
1787956736.253 t 109 1407119 31 -2605 2866 -15627 0 0 0 -327 -292 4 2557 111337 107184 -3500 -3500 0 0 0
1787956736.303 t 110 1407171 31 -2605 2866 -15627 0 0 0 -327 -292 4 2557 111337 107184 -3500 -3500 0 0 0
1787956736.349 >>> WHEELS_V 40 40 300 #117
1787956736.355 thdr seq now flags x y h ox oy oh vl vr i2cf cyc posl posr dutl dutr lexc wrng cycovr
1787956736.361 t 111 1407223 31 -2605 2866 -15627 0 0 0 -327 -292 4 2557 111337 107184 -3500 -3500 0 0 0
1787956736.365 ack 117 115 timeout
1787956736.426 t 112 1407293 31 -2561 2887 -15262 0 0 0 8 17 4 2559 110662 106606 400 500 0 0 0
1787956736.494 t 113 1407365 35 -2563 2886 -15341 0 0 0 36 20 4 2562 110700 106623 0 0 0 0 0
1787956736.565 t 114 1407437 35 -2563 2886 -15341 0 0 0 0 0 4 2565 110700 106623 0 0 0 0 0
1787956736.639 t 115 1407509 35 -2563 2886 -15341 0 0 0 0 0 4 2568 110700 106623 0 0 0 0 0
1787956736.700 t 116 1407565 35 -2563 2886 -15341 0 0 0 0 0 4 2570 110700 106623 0 0 0 0 0
1787956736.750 t 117 1407621 35 -2563 2886 -15341 0 0 0 0 0 4 2570 110700 106623 0 0 0 0 0
1787956736.806 t 118 1407677 35 -2563 2886 -15341 0 0 0 0 0 4 2570 110700 106623 0 0 0 0 0
1787956736.862 t 119 1407733 35 -2563 2886 -15341 0 0 0 0 0 4 2570 110700 106623 0 0 0 0 0
1787956736.918 t 120 1407789 35 -2563 2886 -15341 0 0 0 0 0 4 2570 110700 106623 0 0 0 0 0
1787956736.975 t 121 1407845 35 -2563 2886 -15341 0 0 0 0 0 4 2570 110700 106623 0 0 0 0 0
1787956737.031 t 122 1407901 35 -2563 2886 -15341 0 0 0 0 0 4 2570 110700 106623 0 0 0 0 0
1787956737.087 t 123 1407957 35 -2563 2886 -15341 0 0 0 0 0 4 2570 110700 106623 0 0 0 0 0
1787956737.146 t 124 1408013 35 -2563 2886 -15341 0 0 0 0 0 4 2570 110700 106623 0 0 0 0 0
1787956737.198 t 125 1408069 35 -2563 2886 -15341 0 0 0 0 0 4 2570 110700 106623 0 0 0 0 0
1787956737.254 t 126 1408125 35 -2563 2886 -15341 0 0 0 0 0 4 2570 110700 106623 0 0 0 0 0
1787956737.312 t 127 1408181 35 -2563 2886 -15341 0 0 0 0 0 4 2570 110700 106623 0 0 0 0 0
1787956737.365 t 0 1408237 35 -2563 2886 -15341 0 0 0 0 0 4 2570 110700 106623 0 0 0 0 0
1787956737.424 t 1 1408293 35 -2563 2886 -15341 0 0 0 0 0 4 2570 110700 106623 0 0 0 0 0
1787956737.481 thdr seq now flags x y h ox oy oh vl vr i2cf cyc posl posr dutl dutr lexc wrng cycovr
1787956737.485 t 2 1408349 35 -2563 2886 -15341 0 0 0 0 0 4 2570 110700 106623 0 0 0 0 0
1787956737.531 t 3 1408401 35 -2563 2886 -15341 0 0 0 0 0 4 2570 110700 106623 0 0 0 0 0
1787956737.586 t 4 1408457 35 -2563 2886 -15341 0 0 0 0 0 4 2570 110700 106623 0 0 0 0 0
1787956737.638 >>> SET stall_clear 1 #118
1787956737.642 t 5 1408513 35 -2563 2886 -15341 0 0 0 0 0 4 2570 110700 106623 0 0 0 0 0
1787956737.655 ack 118 117 stall
1787956737.699 t 6 1408569 35 -2563 2886 -15341 0 0 0 0 0 4 2570 110700 106623 0 0 0 0 0
1787956737.754 t 7 1408625 35 -2563 2886 -15341 0 0 0 0 0 4 2570 110700 106623 0 0 0 0 0
1787956737.809 t 8 1408681 35 -2563 2886 -15341 0 0 0 0 0 4 2570 110700 106623 0 0 0 0 0
1787956737.866 t 9 1408737 35 -2563 2886 -15341 0 0 0 0 0 4 2570 110700 106623 0 0 0 0 0
1787956737.925 t 10 1408793 35 -2563 2886 -15341 0 0 0 0 0 4 2570 110700 106623 0 0 0 0 0
1787956737.978 t 11 1408849 35 -2563 2886 -15341 0 0 0 0 0 4 2570 110700 106623 0 0 0 0 0
1787956738.034 t 12 1408905 35 -2563 2886 -15341 0 0 0 0 0 4 2570 110700 106623 0 0 0 0 0
1787956738.091 t 13 1408961 35 -2563 2886 -15341 0 0 0 0 0 4 2570 110700 106623 0 0 0 0 0
1787956738.142 >>> SET stall_window 0 #119
1787956738.146 t 14 1409017 35 -2563 2886 -15341 0 0 0 0 0 4 2570 110700 106623 0 0 0 0 0
1787956738.160 ack 119 117 stall
1787956738.201 t 15 1409073 35 -2563 2886 -15341 0 0 0 0 0 4 2570 110700 106623 0 0 0 0 0
1787956738.260 t 16 1409129 35 -2563 2886 -15341 0 0 0 0 0 4 2570 110700 106623 0 0 0 0 0
1787956738.314 t 17 1409185 35 -2563 2886 -15341 0 0 0 0 0 4 2570 110700 106623 0 0 0 0 0
1787956738.371 t 18 1409241 35 -2563 2886 -15341 0 0 0 0 0 4 2570 110700 106623 0 0 0 0 0
1787956738.426 t 19 1409297 35 -2563 2886 -15341 0 0 0 0 0 4 2570 110700 106623 0 0 0 0 0
1787956738.481 t 20 1409353 35 -2563 2886 -15341 0 0 0 0 0 4 2570 110700 106623 0 0 0 0 0
1787956738.543 thdr seq now flags x y h ox oy oh vl vr i2cf cyc posl posr dutl dutr lexc wrng cycovr
1787956738.545 t 21 1409409 35 -2563 2886 -15341 0 0 0 0 0 4 2570 110700 106623 0 0 0 0 0
1787956738.590 t 22 1409461 35 -2563 2886 -15341 0 0 0 0 0 4 2570 110700 106623 0 0 0 0 0
1787956738.644 === STEP REV duty=40% v=-340
1787956738.644 >>> WHEELS_V -340 -340 2000 #120
1787956738.646 t 23 1409517 35 -2563 2886 -15341 0 0 0 0 0 4 2570 110700 106623 0 0 0 0 0
1787956738.660 ack 120 117 stall
1787956738.720 t 24 1409585 31 -2562 2887 -15345 0 0 0 -45 -48 4 2572 110684 106606 -4000 -4000 0 0 0
1787956738.787 t 25 1409657 31 -2545 2895 -15251 0 0 0 -328 -309 4 2575 110437 106384 -4000 -4000 0 0 0
1787956738.859 t 26 1409729 31 -2524 2907 -15145 0 0 0 -355 -328 4 2578 110120 106095 -3900 -4000 0 0 0
1787956738.931 t 27 1409801 31 -2504 2918 -15032 0 0 0 -345 -312 4 2581 109806 105811 -4000 -4000 0 0 0
1787956739.004 t 28 1409873 31 -2483 2930 -14923 0 0 0 -348 -309 4 2584 109489 105523 -4000 -4000 0 0 0
1787956739.074 t 29 1409945 31 -2463 2942 -14829 0 0 0 -348 -318 4 2587 109175 105234 -3900 -4000 0 0 0
1787956739.154 t 30 1410017 31 -2443 2955 -14761 0 0 0 -336 -302 4 2590 108873 104950 -4000 -4000 0 0 0
1787956739.223 t 31 1410089 31 -2423 2967 -14716 0 0 0 -348 -308 4 2593 108567 104656 -4000 -3900 0 0 0
1787956739.297 t 32 1410161 31 -2403 2981 -14716 0 0 0 -348 -338 4 2596 108261 104350 -4000 -4000 0 0 0
1787956739.364 t 33 1410233 31 -2383 2994 -14697 0 0 0 -338 -322 4 2599 107956 104050 -4000 -3900 0 0 0
1787956739.436 t 34 1410305 31 -2362 3007 -14675 0 0 0 -354 -338 4 2602 107642 103742 -4000 -4000 0 0 0
1787956739.507 t 35 1410377 31 -2342 3020 -14633 0 0 0 -348 -328 4 2605 107328 103439 -4000 -3900 0 0 0
1787956739.580 t 36 1410449 31 -2322 3034 -14581 0 0 0 -345 -328 4 2608 107009 103134 -4000 -4000 0 0 0
1787956739.652 t 37 1410521 31 -2302 3048 -14528 0 0 0 -345 -328 4 2611 106695 102834 -4000 -3900 0 0 0
1787956739.724 t 38 1410593 31 -2282 3062 -14438 0 0 0 -345 -338 4 2614 106373 102536 -4000 -4000 0 0 0
1787956739.797 t 39 1410665 31 -2263 3076 -14340 0 0 0 -345 -309 4 2617 106056 102245 -4000 -3900 0 0 0
1787956739.873 thdr seq now flags x y h ox oy oh vl vr i2cf cyc posl posr dutl dutr lexc wrng cycovr
1787956739.876 t 40 1410737 31 -2244 3090 -14238 0 0 0 -328 -302 4 2620 105745 101961 -4000 -4000 0 0 0
1787956739.941 t 41 1410809 31 -2225 3105 -14152 0 0 0 -343 -321 4 2623 105431 101670 -4000 -3900 0 0 0
1787956740.017 t 42 1410881 31 -2207 3120 -14099 0 0 0 -328 -338 4 2626 105128 101381 -3900 -4000 0 0 0
1787956740.085 t 43 1410953 31 -2189 3135 -14050 0 0 0 -335 -328 4 2629 104823 101089 -4000 -4000 0 0 0
1787956740.155 t 44 1411025 31 -2171 3150 -14016 0 0 0 -329 -328 4 2632 104517 100792 -4000 -4000 0 0 0
1787956740.229 t 45 1411097 31 -2152 3165 -13998 0 0 0 -345 -328 4 2635 104206 100486 -4000 -4000 0 0 0
1787956740.299 t 46 1411169 31 -2134 3181 -13964 0 0 0 -338 -338 4 2638 103892 100181 -4000 -3900 0 0 0
1787956740.372 t 47 1411241 31 -2115 3197 -13915 0 0 0 -344 -338 4 2641 103573 99875 -4000 -4000 0 0 0
1787956740.445 t 48 1411313 31 -2097 3213 -13858 0 0 0 -345 -328 4 2644 103256 99573 -4000 -4000 0 0 0
1787956740.514 t 49 1411385 31 -2078 3230 -13798 0 0 0 -355 -338 4 2647 102931 99264 -4000 -3900 0 0 0
1787956740.589 t 50 1411457 31 -2060 3246 -13712 0 0 0 -348 -318 4 2650 102617 98973 -4000 -4000 0 0 0
1787956740.659 t 51 1411529 31 -2043 3263 -13629 0 0 0 -348 -328 4 2653 102300 98678 -4000 -4000 0 0 0
1787956740.717 t 52 1411585 31 -2037 3268 -13554 0 0 0 -374 -309 4 2654 102186 98584 -4000 -4000 0 0 0
1787956740.793 t 53 1411643 31 -2037 3268 -13554 0 0 0 -374 -309 4 2654 102186 98584 -4000 -4000 0 0 0
1787956740.826 t 54 1411695 31 -2037 3268 -13554 0 0 0 -374 -309 4 2654 102186 98584 -4000 -4000 0 0 0
1787956740.876 t 55 1411747 31 -2037 3268 -13554 0 0 0 -374 -309 4 2654 102186 98584 -4000 -4000 0 0 0
1787956740.931 t 56 1411799 31 -2037 3268 -13554 0 0 0 -374 -309 4 2654 102186 98584 -4000 -4000 0 0 0
1787956740.991 t 57 1411851 31 -2037 3268 -13554 0 0 0 -374 -309 4 2654 102186 98584 -4000 -4000 0 0 0
1787956741.034 t 58 1411903 31 -2037 3268 -13554 0 0 0 -374 -309 4 2654 102186 98584 -4000 -4000 0 0 0
1787956741.087 thdr seq now flags x y h ox oy oh vl vr i2cf cyc posl posr dutl dutr lexc wrng cycovr
1787956741.100 t 59 1411955 31 -2037 3268 -13554 0 0 0 -374 -309 4 2654 102186 98584 -4000 -4000 0 0 0
1787956741.140 t 60 1412007 31 -2037 3268 -13554 0 0 0 -374 -309 4 2654 102186 98584 -4000 -4000 0 0 0
1787956741.192 t 61 1412059 31 -2037 3268 -13554 0 0 0 -374 -309 4 2654 102186 98584 -4000 -4000 0 0 0
1787956741.242 t 62 1412111 31 -2037 3268 -13554 0 0 0 -374 -309 4 2654 102186 98584 -4000 -4000 0 0 0
1787956741.293 t 63 1412163 31 -2037 3268 -13554 0 0 0 -374 -309 4 2654 102186 98584 -4000 -4000 0 0 0
1787956741.345 t 64 1412215 31 -2037 3268 -13554 0 0 0 -374 -309 4 2654 102186 98584 -4000 -4000 0 0 0
1787956741.397 t 65 1412267 31 -2037 3268 -13554 0 0 0 -374 -309 4 2654 102186 98584 -4000 -4000 0 0 0
1787956741.445 === BIAS RESET REV 50%
1787956741.445 >>> SET stall_window 50 #121
1787956741.450 t 66 1412319 31 -2037 3268 -13554 0 0 0 -374 -309 4 2654 102186 98584 -4000 -4000 0 0 0
1787956741.462 ack 121 120 timeout
1787956741.509 t 67 1412371 31 -2037 3268 -13554 0 0 0 -374 -309 4 2654 102186 98584 -4000 -4000 0 0 0
1787956741.554 t 68 1412423 31 -2037 3268 -13554 0 0 0 -374 -309 4 2654 102186 98584 -4000 -4000 0 0 0
1787956741.611 t 69 1412475 31 -2037 3268 -13554 0 0 0 -374 -309 4 2654 102186 98584 -4000 -4000 0 0 0
1787956741.656 t 70 1412527 31 -2037 3268 -13554 0 0 0 -374 -309 4 2654 102186 98584 -4000 -4000 0 0 0
1787956741.714 t 71 1412579 31 -2037 3268 -13554 0 0 0 -374 -309 4 2654 102186 98584 -4000 -4000 0 0 0
1787956741.761 t 72 1412631 31 -2037 3268 -13554 0 0 0 -374 -309 4 2654 102186 98584 -4000 -4000 0 0 0
1787956741.816 t 73 1412683 31 -2037 3268 -13554 0 0 0 -374 -309 4 2654 102186 98584 -4000 -4000 0 0 0
1787956741.865 t 74 1412735 31 -2037 3268 -13554 0 0 0 -374 -309 4 2654 102186 98584 -4000 -4000 0 0 0
1787956741.920 t 75 1412787 31 -2037 3268 -13554 0 0 0 -374 -309 4 2654 102186 98584 -4000 -4000 0 0 0
1787956741.965 >>> WHEELS_V 40 40 300 #122
1787956741.968 t 76 1412839 31 -2037 3268 -13554 0 0 0 -374 -309 4 2654 102186 98584 -4000 -4000 0 0 0
1787956741.983 ack 122 120 timeout
1787956742.038 t 77 1412909 31 -2002 3305 -13189 0 0 0 14 17 4 2656 101489 97984 400 500 0 0 0
1787956742.111 thdr seq now flags x y h ox oy oh vl vr i2cf cyc posl posr dutl dutr lexc wrng cycovr
1787956742.125 t 78 1412981 35 -2003 3304 -13222 0 0 0 10 7 4 2659 101514 98000 0 0 0 0 0
1787956742.185 t 79 1413053 35 -2003 3304 -13222 0 0 0 0 0 4 2662 101514 98000 0 0 0 0 0
1787956742.255 t 80 1413125 35 -2003 3304 -13222 0 0 0 0 0 4 2665 101514 98000 0 0 0 0 0
1787956742.309 t 81 1413181 35 -2003 3304 -13222 0 0 0 0 0 4 2667 101514 98000 0 0 0 0 0
1787956742.367 t 82 1413237 35 -2003 3304 -13222 0 0 0 0 0 4 2667 101514 98000 0 0 0 0 0
1787956742.421 t 83 1413293 35 -2003 3304 -13222 0 0 0 0 0 4 2667 101514 98000 0 0 0 0 0
1787956742.480 t 84 1413349 35 -2003 3304 -13222 0 0 0 0 0 4 2667 101514 98000 0 0 0 0 0
1787956742.534 t 85 1413405 35 -2003 3304 -13222 0 0 0 0 0 4 2667 101514 98000 0 0 0 0 0
1787956742.596 t 86 1413461 35 -2003 3304 -13222 0 0 0 0 0 4 2667 101514 98000 0 0 0 0 0
1787956742.646 t 87 1413517 35 -2003 3304 -13222 0 0 0 0 0 4 2667 101514 98000 0 0 0 0 0
1787956742.707 t 88 1413573 35 -2003 3304 -13222 0 0 0 0 0 4 2667 101514 98000 0 0 0 0 0
1787956742.758 t 89 1413629 35 -2003 3304 -13222 0 0 0 0 0 4 2667 101514 98000 0 0 0 0 0
1787956742.814 t 90 1413685 35 -2003 3304 -13222 0 0 0 0 0 4 2667 101514 98000 0 0 0 0 0
1787956742.874 t 91 1413741 35 -2003 3304 -13222 0 0 0 0 0 4 2667 101514 98000 0 0 0 0 0
1787956742.925 t 92 1413797 35 -2003 3304 -13222 0 0 0 0 0 4 2667 101514 98000 0 0 0 0 0
1787956742.983 t 93 1413853 35 -2003 3304 -13222 0 0 0 0 0 4 2667 101514 98000 0 0 0 0 0
1787956743.038 t 94 1413909 35 -2003 3304 -13222 0 0 0 0 0 4 2667 101514 98000 0 0 0 0 0
1787956743.093 t 95 1413965 35 -2003 3304 -13222 0 0 0 0 0 4 2667 101514 98000 0 0 0 0 0
1787956743.152 t 96 1414021 35 -2003 3304 -13222 0 0 0 0 0 4 2667 101514 98000 0 0 0 0 0
1787956743.204 >>> SET stall_clear 1 #123
1787956743.209 thdr seq now flags x y h ox oy oh vl vr i2cf cyc posl posr dutl dutr lexc wrng cycovr
1787956743.216 t 97 1414077 35 -2003 3304 -13222 0 0 0 0 0 4 2667 101514 98000 0 0 0 0 0
1787956743.222 ack 123 122 stall
1787956743.258 t 98 1414129 35 -2003 3304 -13222 0 0 0 0 0 4 2667 101514 98000 0 0 0 0 0
1787956743.313 t 99 1414185 35 -2003 3304 -13222 0 0 0 0 0 4 2667 101514 98000 0 0 0 0 0
1787956743.370 t 100 1414241 35 -2003 3304 -13222 0 0 0 0 0 4 2667 101514 98000 0 0 0 0 0
1787956743.426 t 101 1414297 35 -2003 3304 -13222 0 0 0 0 0 4 2667 101514 98000 0 0 0 0 0
1787956743.484 t 102 1414353 35 -2003 3304 -13222 0 0 0 0 0 4 2667 101514 98000 0 0 0 0 0
1787956743.538 t 103 1414409 35 -2003 3304 -13222 0 0 0 0 0 4 2667 101514 98000 0 0 0 0 0
1787956743.597 t 104 1414465 35 -2003 3304 -13222 0 0 0 0 0 4 2667 101514 98000 0 0 0 0 0
1787956743.653 t 105 1414521 35 -2003 3304 -13222 0 0 0 0 0 4 2667 101514 98000 0 0 0 0 0
1787956743.704 >>> SET stall_window 0 #124
1787956743.706 t 106 1414577 35 -2003 3304 -13222 0 0 0 0 0 4 2667 101514 98000 0 0 0 0 0
1787956743.717 ack 124 122 stall
1787956743.763 t 107 1414633 35 -2003 3304 -13222 0 0 0 0 0 4 2667 101514 98000 0 0 0 0 0
1787956743.818 t 108 1414689 35 -2003 3304 -13222 0 0 0 0 0 4 2667 101514 98000 0 0 0 0 0
1787956743.874 t 109 1414745 35 -2003 3304 -13222 0 0 0 0 0 4 2667 101514 98000 0 0 0 0 0
1787956743.933 t 110 1414801 35 -2003 3304 -13222 0 0 0 0 0 4 2667 101514 98000 0 0 0 0 0
1787956743.986 t 111 1414857 35 -2003 3304 -13222 0 0 0 0 0 4 2667 101514 98000 0 0 0 0 0
1787956744.042 t 112 1414913 35 -2003 3304 -13222 0 0 0 0 0 4 2667 101514 98000 0 0 0 0 0
1787956744.098 t 113 1414969 35 -2003 3304 -13222 0 0 0 0 0 4 2667 101514 98000 0 0 0 0 0
1787956744.154 t 114 1415025 35 -2003 3304 -13222 0 0 0 0 0 4 2667 101514 98000 0 0 0 0 0
1787956744.207 === STEP REV duty=50% v=-425
1787956744.207 >>> WHEELS_V -425 -425 2000 #125
1787956744.209 t 115 1415081 35 -2003 3304 -13222 0 0 0 0 0 4 2667 101514 98000 0 0 0 0 0
1787956744.222 ack 125 122 stall
1787956744.278 thdr seq now flags x y h ox oy oh vl vr i2cf cyc posl posr dutl dutr lexc wrng cycovr
1787956744.287 t 116 1415149 31 -2002 3305 -13241 0 0 0 -39 -53 4 2669 101500 97981 -5000 -5000 0 0 0
1787956744.351 t 117 1415221 31 -1988 3320 -13147 0 0 0 -360 -343 4 2672 101228 97734 -5000 -5000 0 0 0
1787956744.424 t 118 1415293 31 -1969 3342 -13106 0 0 0 -420 -391 4 2675 100850 97367 -5000 -5000 0 0 0
1787956744.494 t 119 1415365 31 -1950 3365 -13046 0 0 0 -420 -421 4 2678 100467 97000 -5000 -5000 0 0 0
1787956744.566 t 120 1415437 31 -1930 3388 -12982 0 0 0 -437 -400 4 2681 100073 96623 -5000 -5000 0 0 0
1787956744.643 t 121 1415509 31 -1911 3411 -12910 0 0 0 -427 -401 4 2684 99681 96250 -5000 -5000 0 0 0
1787956744.714 t 122 1415581 31 -1892 3435 -12857 0 0 0 -427 -420 4 2687 99284 95867 -4900 -5000 0 0 0
1787956744.786 t 123 1415653 31 -1874 3459 -12775 0 0 0 -420 -394 4 2690 98895 95500 -5000 -5000 0 0 0
1787956744.857 t 124 1415725 31 -1855 3483 -12688 0 0 0 -440 -400 4 2693 98500 95128 -5000 -5000 0 0 0
1787956744.930 t 125 1415797 31 -1838 3506 -12605 0 0 0 -420 -374 4 2696 98117 94767 -5000 -5000 0 0 0
1787956744.998 t 126 1415869 31 -1821 3530 -12541 0 0 0 -410 -400 4 2699 97739 94406 -5000 -5000 0 0 0
1787956745.070 t 127 1415941 31 -1804 3554 -12481 0 0 0 -420 -401 4 2702 97356 94039 -5000 -4900 0 0 0
1787956745.142 t 0 1416013 31 -1787 3579 -12417 0 0 0 -427 -410 4 2705 96970 93670 -5000 -5000 0 0 0
1787956745.217 t 1 1416085 31 -1770 3605 -12417 0 0 0 -437 -473 4 2708 96578 93278 -4900 -5000 0 0 0
1787956745.286 t 2 1416157 31 -1754 3629 -12293 0 0 0 -427 -420 4 2711 96184 92917 -5000 -5000 0 0 0
1787956745.361 t 3 1416229 31 -1737 3655 -12218 0 0 0 -446 -401 4 2714 95786 92539 -5000 -5000 0 0 0
1787956745.434 t 4 1416301 31 -1721 3681 -12188 0 0 0 -427 -401 4 2717 95395 92156 -5000 -5000 0 0 0
1787956745.504 t 5 1416373 31 -1705 3707 -12101 0 0 0 -440 -391 4 2720 95000 91784 -5000 -5000 0 0 0
1787956745.575 t 6 1416445 31 -1690 3732 -12071 0 0 0 -420 -391 4 2723 94617 91409 -5000 -5000 0 0 0
1787956745.647 thdr seq now flags x y h ox oy oh vl vr i2cf cyc posl posr dutl dutr lexc wrng cycovr
1787956745.654 t 7 1416517 31 -1675 3758 -11992 0 0 0 -411 -410 4 2726 94234 91047 -5000 -5000 0 0 0
1787956745.718 t 8 1416589 31 -1661 3784 -11913 0 0 0 -414 -405 4 2729 93850 90684 -4900 -4900 0 0 0
1787956745.790 t 9 1416661 31 -1647 3809 -11834 0 0 0 -420 -404 4 2732 93467 90322 -5000 -5000 0 0 0
1787956745.864 t 10 1416733 31 -1633 3836 -11789 0 0 0 -420 -417 4 2735 93078 89945 -5000 -5000 0 0 0
1787956745.934 t 11 1416805 31 -1619 3863 -11729 0 0 0 -426 -400 4 2738 92684 89567 -5000 -5000 0 0 0
1787956746.008 t 12 1416877 31 -1605 3890 -11672 0 0 0 -430 -417 4 2741 92286 89184 -5000 -4900 0 0 0
1787956746.078 t 13 1416949 31 -1591 3918 -11612 0 0 0 -446 -420 4 2744 91886 88800 -5000 -4900 0 0 0
1787956746.152 t 14 1417021 31 -1578 3945 -11552 0 0 0 -437 -420 4 2747 91495 88425 -5000 -5000 0 0 0
1787956746.223 t 15 1417093 31 -1565 3972 -11529 0 0 0 -440 -421 4 2750 91111 88047 -4900 -5000 0 0 0
1787956746.281 t 16 1417149 31 -1561 3982 -11454 0 0 0 -455 -391 4 2751 90972 87928 -5000 -5000 0 0 0
1787956746.337 t 17 1417207 31 -1561 3982 -11454 0 0 0 -455 -391 4 2751 90972 87928 -5000 -5000 0 0 0
1787956746.390 t 18 1417259 31 -1561 3982 -11454 0 0 0 -455 -391 4 2751 90972 87928 -5000 -5000 0 0 0
1787956746.441 t 19 1417311 31 -1561 3982 -11454 0 0 0 -455 -391 4 2751 90972 87928 -5000 -5000 0 0 0
1787956746.495 t 20 1417363 31 -1561 3982 -11454 0 0 0 -455 -391 4 2751 90972 87928 -5000 -5000 0 0 0
1787956746.546 t 21 1417415 31 -1561 3982 -11454 0 0 0 -455 -391 4 2751 90972 87928 -5000 -5000 0 0 0
1787956746.597 t 22 1417467 31 -1561 3982 -11454 0 0 0 -455 -391 4 2751 90972 87928 -5000 -5000 0 0 0
1787956746.648 t 23 1417519 31 -1561 3982 -11454 0 0 0 -455 -391 4 2751 90972 87928 -5000 -5000 0 0 0
1787956746.701 t 24 1417571 31 -1561 3982 -11454 0 0 0 -455 -391 4 2751 90972 87928 -5000 -5000 0 0 0
1787956746.753 t 25 1417623 31 -1561 3982 -11454 0 0 0 -455 -391 4 2751 90972 87928 -5000 -5000 0 0 0
1787956746.804 thdr seq now flags x y h ox oy oh vl vr i2cf cyc posl posr dutl dutr lexc wrng cycovr
1787956746.812 t 26 1417675 31 -1561 3982 -11454 0 0 0 -455 -391 4 2751 90972 87928 -5000 -5000 0 0 0
1787956746.857 t 27 1417727 31 -1561 3982 -11454 0 0 0 -455 -391 4 2751 90972 87928 -5000 -5000 0 0 0
1787956746.908 t 28 1417779 31 -1561 3982 -11454 0 0 0 -455 -391 4 2751 90972 87928 -5000 -5000 0 0 0
1787956746.960 t 29 1417831 31 -1561 3982 -11454 0 0 0 -455 -391 4 2751 90972 87928 -5000 -5000 0 0 0
1787956747.009 === BIAS RESET REV 60%
1787956747.009 >>> SET stall_window 50 #126
1787956747.012 t 30 1417883 31 -1561 3982 -11454 0 0 0 -455 -391 4 2751 90972 87928 -5000 -5000 0 0 0
1787956747.024 ack 126 125 timeout
1787956747.066 t 31 1417935 31 -1561 3982 -11454 0 0 0 -455 -391 4 2751 90972 87928 -5000 -5000 0 0 0
1787956747.116 t 32 1417987 31 -1561 3982 -11454 0 0 0 -455 -391 4 2751 90972 87928 -5000 -5000 0 0 0
1787956747.170 t 33 1418039 31 -1561 3982 -11454 0 0 0 -455 -391 4 2751 90972 87928 -5000 -5000 0 0 0
1787956747.221 t 34 1418091 31 -1561 3982 -11454 0 0 0 -455 -391 4 2751 90972 87928 -5000 -5000 0 0 0
1787956747.287 t 35 1418143 31 -1561 3982 -11454 0 0 0 -455 -391 4 2751 90972 87928 -5000 -5000 0 0 0
1787956747.325 t 36 1418195 31 -1561 3982 -11454 0 0 0 -455 -391 4 2751 90972 87928 -5000 -5000 0 0 0
1787956747.379 t 37 1418247 31 -1561 3982 -11454 0 0 0 -455 -391 4 2751 90972 87928 -5000 -5000 0 0 0
1787956747.429 t 38 1418299 31 -1561 3982 -11454 0 0 0 -455 -391 4 2751 90972 87928 -5000 -5000 0 0 0
1787956747.482 t 39 1418351 31 -1561 3982 -11454 0 0 0 -455 -391 4 2751 90972 87928 -5000 -5000 0 0 0
1787956747.529 >>> WHEELS_V 40 40 300 #127
1787956747.532 t 40 1418403 31 -1561 3982 -11454 0 0 0 -455 -391 4 2751 90972 87928 -5000 -5000 0 0 0
1787956747.551 ack 127 125 timeout
1787956747.601 t 41 1418473 31 -1535 4046 -10912 0 0 0 8 17 4 2753 90017 87117 400 500 0 0 0
1787956747.674 t 42 1418545 35 -1535 4045 -10953 0 0 0 10 10 4 2756 90042 87131 0 0 0 0 0
1787956747.745 t 43 1418617 35 -1535 4045 -10953 0 0 0 0 0 4 2759 90042 87131 0 0 0 0 0
1787956747.819 t 44 1418689 35 -1535 4045 -10953 0 0 0 0 0 4 2762 90042 87131 0 0 0 0 0
1787956747.876 thdr seq now flags x y h ox oy oh vl vr i2cf cyc posl posr dutl dutr lexc wrng cycovr
1787956747.882 t 45 1418745 35 -1535 4045 -10953 0 0 0 0 0 4 2764 90042 87131 0 0 0 0 0
1787956747.926 t 46 1418797 35 -1535 4045 -10953 0 0 0 0 0 4 2764 90042 87131 0 0 0 0 0
1787956747.981 t 47 1418853 35 -1535 4045 -10953 0 0 0 0 0 4 2764 90042 87131 0 0 0 0 0
1787956748.037 t 48 1418909 35 -1535 4045 -10953 0 0 0 0 0 4 2764 90042 87131 0 0 0 0 0
1787956748.096 t 49 1418965 35 -1535 4045 -10953 0 0 0 0 0 4 2764 90042 87131 0 0 0 0 0
1787956748.149 t 50 1419021 35 -1535 4045 -10953 0 0 0 0 0 4 2764 90042 87131 0 0 0 0 0
1787956748.207 t 51 1419077 35 -1535 4045 -10953 0 0 0 0 0 4 2764 90042 87131 0 0 0 0 0
1787956748.267 t 52 1419133 35 -1535 4045 -10953 0 0 0 0 0 4 2764 90042 87131 0 0 0 0 0
1787956748.317 t 53 1419189 35 -1535 4045 -10953 0 0 0 0 0 4 2764 90042 87131 0 0 0 0 0
1787956748.373 t 54 1419245 35 -1535 4045 -10953 0 0 0 0 0 4 2764 90042 87131 0 0 0 0 0
1787956748.432 t 55 1419301 35 -1535 4045 -10953 0 0 0 0 0 4 2764 90042 87131 0 0 0 0 0
1787956748.485 t 56 1419357 35 -1535 4045 -10953 0 0 0 0 0 4 2764 90042 87131 0 0 0 0 0
1787956748.542 t 57 1419413 35 -1535 4045 -10953 0 0 0 0 0 4 2764 90042 87131 0 0 0 0 0
1787956748.597 t 58 1419469 35 -1535 4045 -10953 0 0 0 0 0 4 2764 90042 87131 0 0 0 0 0
1787956748.653 t 59 1419525 35 -1535 4045 -10953 0 0 0 0 0 4 2764 90042 87131 0 0 0 0 0
1787956748.711 t 60 1419581 35 -1535 4045 -10953 0 0 0 0 0 4 2764 90042 87131 0 0 0 0 0
1787956748.766 t 61 1419637 35 -1535 4045 -10953 0 0 0 0 0 4 2764 90042 87131 0 0 0 0 0
1787956748.819 >>> SET stall_clear 1 #128
1787956748.822 t 62 1419693 35 -1535 4045 -10953 0 0 0 0 0 4 2764 90042 87131 0 0 0 0 0
1787956748.832 ack 128 127 stall
1787956748.885 t 63 1419749 35 -1535 4045 -10953 0 0 0 0 0 4 2764 90042 87131 0 0 0 0 0
1787956748.937 thdr seq now flags x y h ox oy oh vl vr i2cf cyc posl posr dutl dutr lexc wrng cycovr
1787956748.944 t 64 1419805 35 -1535 4045 -10953 0 0 0 0 0 4 2764 90042 87131 0 0 0 0 0
1787956748.986 t 65 1419857 35 -1535 4045 -10953 0 0 0 0 0 4 2764 90042 87131 0 0 0 0 0
1787956749.041 t 66 1419913 35 -1535 4045 -10953 0 0 0 0 0 4 2764 90042 87131 0 0 0 0 0
1787956749.098 t 67 1419969 35 -1535 4045 -10953 0 0 0 0 0 4 2764 90042 87131 0 0 0 0 0
1787956749.154 t 68 1420025 35 -1535 4045 -10953 0 0 0 0 0 4 2764 90042 87131 0 0 0 0 0
1787956749.209 t 69 1420081 35 -1535 4045 -10953 0 0 0 0 0 4 2764 90042 87131 0 0 0 0 0
1787956749.266 t 70 1420137 35 -1535 4045 -10953 0 0 0 0 0 4 2764 90042 87131 0 0 0 0 0
1787956749.320 >>> SET stall_window 0 #129
1787956749.322 t 71 1420193 35 -1535 4045 -10953 0 0 0 0 0 4 2764 90042 87131 0 0 0 0 0
1787956749.333 ack 129 127 stall
1787956749.378 t 72 1420249 35 -1535 4045 -10953 0 0 0 0 0 4 2764 90042 87131 0 0 0 0 0
1787956749.435 t 73 1420305 35 -1535 4045 -10953 0 0 0 0 0 4 2764 90042 87131 0 0 0 0 0
1787956749.496 t 74 1420361 35 -1535 4045 -10953 0 0 0 0 0 4 2764 90042 87131 0 0 0 0 0
1787956749.545 t 75 1420417 35 -1535 4045 -10953 0 0 0 0 0 4 2764 90042 87131 0 0 0 0 0
1787956749.605 t 76 1420473 35 -1535 4045 -10953 0 0 0 0 0 4 2764 90042 87131 0 0 0 0 0
1787956749.660 t 77 1420529 35 -1535 4045 -10953 0 0 0 0 0 4 2764 90042 87131 0 0 0 0 0
1787956749.713 t 78 1420585 35 -1535 4045 -10953 0 0 0 0 0 4 2764 90042 87131 0 0 0 0 0
1787956749.771 t 79 1420641 35 -1535 4045 -10953 0 0 0 0 0 4 2764 90042 87131 0 0 0 0 0
1787956749.823 === STEP REV duty=60% v=-510
1787956749.824 >>> WHEELS_V -510 -510 2000 #130
1787956749.826 t 80 1420697 35 -1535 4045 -10953 0 0 0 0 0 4 2764 90042 87131 0 0 0 0 0
1787956749.866 ack 130 127 stall
1787956749.910 t 81 1420765 31 -1535 4046 -10942 0 0 0 -48 -39 4 2766 90025 87117 -5000 -5000 0 0 0
1787956749.978 t 82 1420837 31 -1528 4067 -10818 0 0 0 -446 -400 4 2769 89720 86845 -6000 -6000 0 0 0
1787956750.039 thdr seq now flags x y h ox oy oh vl vr i2cf cyc posl posr dutl dutr lexc wrng cycovr
1787956750.050 t 83 1420909 31 -1517 4101 -10784 0 0 0 -502 -492 4 2772 89272 86406 -6000 -6000 0 0 0
1787956750.113 t 84 1420981 31 -1506 4135 -10735 0 0 0 -501 -523 4 2775 88806 85953 -5899 -5899 0 0 0
1787956750.183 t 85 1421053 31 -1496 4170 -10637 0 0 0 -521 -499 4 2778 88336 85509 -6000 -6000 0 0 0
1787956750.262 t 86 1421125 31 -1486 4205 -10600 0 0 0 -509 -512 4 2781 87867 85050 -5899 -6000 0 0 0
1787956750.326 t 87 1421197 31 -1476 4239 -10536 0 0 0 -509 -492 4 2784 87406 84606 -6000 -6000 0 0 0
1787956750.398 t 88 1421269 31 -1467 4274 -10524 0 0 0 -492 -482 4 2787 86950 84153 -6000 -6000 0 0 0
1787956750.471 t 89 1421341 31 -1458 4308 -10430 0 0 0 -492 -446 4 2790 86492 83720 -6000 -6000 0 0 0
1787956750.543 t 90 1421413 31 -1450 4342 -10348 0 0 0 -502 -473 4 2793 86028 83278 -6000 -5899 0 0 0
1787956750.616 t 91 1421485 31 -1442 4377 -10261 0 0 0 -512 -492 4 2796 85561 82834 -6000 -6000 0 0 0
1787956750.691 t 92 1421557 31 -1434 4413 -10223 0 0 0 -509 -492 4 2799 85095 82378 -6000 -6000 0 0 0
1787956750.764 t 93 1421629 31 -1426 4449 -10190 0 0 0 -502 -538 4 2802 84622 81914 -5899 -5899 0 0 0
1787956750.831 t 94 1421701 31 -1419 4484 -10118 0 0 0 -519 -502 4 2805 84153 81464 -6000 -5899 0 0 0
1787956750.903 t 95 1421773 31 -1413 4520 -10099 0 0 0 -492 -492 4 2808 83695 81011 -6000 -6000 0 0 0
1787956750.974 t 96 1421845 31 -1406 4554 -10035 0 0 0 -492 -466 4 2811 83239 80572 -6000 -6000 0 0 0
1787956751.046 t 97 1421917 31 -1400 4590 -10024 0 0 0 -502 -519 4 2814 82778 80114 -6000 -6000 0 0 0
1787956751.118 t 98 1421989 31 -1394 4625 -9900 0 0 0 -512 -476 4 2817 82314 79683 -6000 -5899 0 0 0
1787956751.197 t 99 1422061 31 -1389 4661 -9828 0 0 0 -509 -476 4 2820 81845 79233 -6000 -5899 0 0 0
1787956751.264 t 100 1422133 31 -1384 4697 -9783 0 0 0 -529 -512 4 2823 81372 78772 -5899 -6000 0 0 0
1787956751.341 t 101 1422205 31 -1379 4733 -9731 0 0 0 -509 -499 4 2826 80906 78320 -6000 -6000 0 0 0
1787956751.408 thdr seq now flags x y h ox oy oh vl vr i2cf cyc posl posr dutl dutr lexc wrng cycovr
1787956751.414 t 102 1422277 31 -1374 4769 -9719 0 0 0 -502 -492 4 2829 80439 77856 -6000 -6000 0 0 0
1787956751.482 t 103 1422349 31 -1370 4805 -9648 0 0 0 -484 -484 4 2832 79975 77411 -6000 -6000 0 0 0
1787956751.551 t 104 1422421 31 -1366 4840 -9614 0 0 0 -485 -456 4 2835 79522 76967 -6000 -6000 0 0 0
1787956751.622 t 105 1422493 31 -1363 4875 -9561 0 0 0 -502 -493 4 2838 79061 76520 -5899 -6000 0 0 0
1787956751.695 t 106 1422565 31 -1360 4911 -9460 0 0 0 -509 -499 4 2841 78595 76081 -6000 -5899 0 0 0
1787956751.767 t 107 1422637 31 -1357 4947 -9407 0 0 0 -519 -503 4 2844 78125 75625 -6000 -5899 0 0 0
1787956751.839 t 108 1422709 31 -1355 4983 -9324 0 0 0 -500 -509 4 2847 77656 75178 -6000 -5899 0 0 0
1787956751.895 t 109 1422765 31 -1354 4996 -9260 0 0 0 -574 -519 4 2848 77481 75020 -5899 -6000 0 0 0
1787956751.955 t 110 1422823 31 -1354 4996 -9260 0 0 0 -574 -519 4 2848 77481 75020 -5899 -6000 0 0 0
1787956752.005 t 111 1422875 31 -1354 4996 -9260 0 0 0 -574 -519 4 2848 77481 75020 -5899 -6000 0 0 0
1787956752.059 t 112 1422927 31 -1354 4996 -9260 0 0 0 -574 -519 4 2848 77481 75020 -5899 -6000 0 0 0
1787956752.109 t 113 1422979 31 -1354 4996 -9260 0 0 0 -574 -519 4 2848 77481 75020 -5899 -6000 0 0 0
1787956752.177 t 114 1423031 31 -1354 4996 -9260 0 0 0 -574 -519 4 2848 77481 75020 -5899 -6000 0 0 0
1787956752.212 t 115 1423083 31 -1354 4996 -9260 0 0 0 -574 -519 4 2848 77481 75020 -5899 -6000 0 0 0
1787956752.266 t 116 1423135 31 -1354 4996 -9260 0 0 0 -574 -519 4 2848 77481 75020 -5899 -6000 0 0 0
1787956752.317 t 117 1423187 31 -1354 4996 -9260 0 0 0 -574 -519 4 2848 77481 75020 -5899 -6000 0 0 0
1787956752.369 t 118 1423239 31 -1354 4996 -9260 0 0 0 -574 -519 4 2848 77481 75020 -5899 -6000 0 0 0
1787956752.420 t 119 1423291 31 -1354 4996 -9260 0 0 0 -574 -519 4 2848 77481 75020 -5899 -6000 0 0 0
1787956752.486 t 120 1423343 31 -1354 4996 -9260 0 0 0 -574 -519 4 2848 77481 75020 -5899 -6000 0 0 0
1787956752.528 thdr seq now flags x y h ox oy oh vl vr i2cf cyc posl posr dutl dutr lexc wrng cycovr
1787956752.536 t 121 1423395 31 -1354 4996 -9260 0 0 0 -574 -519 4 2848 77481 75020 -5899 -6000 0 0 0
1787956752.576 t 122 1423447 31 -1354 4996 -9260 0 0 0 -574 -519 4 2848 77481 75020 -5899 -6000 0 0 0
1787956752.626 === BIAS RESET REV 70%
1787956752.626 >>> SET stall_window 50 #131
1787956752.630 t 123 1423499 31 -1354 4996 -9260 0 0 0 -574 -519 4 2848 77481 75020 -5899 -6000 0 0 0
1787956752.642 ack 131 130 timeout
1787956752.680 t 124 1423551 31 -1354 4996 -9260 0 0 0 -574 -519 4 2848 77481 75020 -5899 -6000 0 0 0
1787956752.733 t 125 1423603 31 -1354 4996 -9260 0 0 0 -574 -519 4 2848 77481 75020 -5899 -6000 0 0 0
1787956752.784 t 126 1423655 31 -1354 4996 -9260 0 0 0 -574 -519 4 2848 77481 75020 -5899 -6000 0 0 0
1787956752.837 t 127 1423707 31 -1354 4996 -9260 0 0 0 -574 -519 4 2848 77481 75020 -5899 -6000 0 0 0
1787956752.889 t 0 1423759 31 -1354 4996 -9260 0 0 0 -574 -519 4 2848 77481 75020 -5899 -6000 0 0 0
1787956752.943 t 1 1423811 31 -1354 4996 -9260 0 0 0 -574 -519 4 2848 77481 75020 -5899 -6000 0 0 0
1787956752.993 t 2 1423863 31 -1354 4996 -9260 0 0 0 -574 -519 4 2848 77481 75020 -5899 -6000 0 0 0
1787956753.048 t 3 1423915 31 -1354 4996 -9260 0 0 0 -574 -519 4 2848 77481 75020 -5899 -6000 0 0 0
1787956753.098 t 4 1423967 31 -1354 4996 -9260 0 0 0 -574 -519 4 2848 77481 75020 -5899 -6000 0 0 0
1787956753.149 >>> WHEELS_V 40 40 300 #132
1787956753.150 t 5 1424019 31 -1354 4996 -9260 0 0 0 -574 -519 4 2848 77481 75020 -5899 -6000 0 0 0
1787956753.161 ack 132 130 timeout
1787956753.219 t 6 1424089 31 -1351 5090 -9189 0 0 0 8 8 4 2850 76278 73836 400 500 0 0 0
1787956753.290 t 7 1424161 35 -1351 5089 -9207 0 0 0 0 20 4 2853 76303 73856 0 0 0 0 0
1787956753.361 t 8 1424233 35 -1351 5089 -9207 0 0 0 0 0 4 2856 76303 73856 0 0 0 0 0
1787956753.433 t 9 1424305 35 -1351 5089 -9207 0 0 0 0 0 4 2859 76303 73856 0 0 0 0 0
1787956753.492 t 10 1424361 35 -1351 5089 -9207 0 0 0 0 0 4 2861 76303 73856 0 0 0 0 0
1787956753.545 t 11 1424417 35 -1351 5089 -9207 0 0 0 0 0 4 2861 76303 73856 0 0 0 0 0
1787956753.606 thdr seq now flags x y h ox oy oh vl vr i2cf cyc posl posr dutl dutr lexc wrng cycovr
1787956753.610 t 12 1424473 35 -1351 5089 -9207 0 0 0 0 0 4 2861 76303 73856 0 0 0 0 0
1787956753.656 t 13 1424525 35 -1351 5089 -9207 0 0 0 0 0 4 2861 76303 73856 0 0 0 0 0
1787956753.712 t 14 1424581 35 -1351 5089 -9207 0 0 0 0 0 4 2861 76303 73856 0 0 0 0 0
1787956753.765 t 15 1424637 35 -1351 5089 -9207 0 0 0 0 0 4 2861 76303 73856 0 0 0 0 0
1787956753.827 t 16 1424693 35 -1351 5089 -9207 0 0 0 0 0 4 2861 76303 73856 0 0 0 0 0
1787956753.877 t 17 1424749 35 -1351 5089 -9207 0 0 0 0 0 4 2861 76303 73856 0 0 0 0 0
1787956753.939 t 18 1424805 35 -1351 5089 -9207 0 0 0 0 0 4 2861 76303 73856 0 0 0 0 0
1787956753.989 t 19 1424861 35 -1351 5089 -9207 0 0 0 0 0 4 2861 76303 73856 0 0 0 0 0
1787956754.045 t 20 1424917 35 -1351 5089 -9207 0 0 0 0 0 4 2861 76303 73856 0 0 0 0 0
1787956754.104 t 21 1424973 35 -1351 5089 -9207 0 0 0 0 0 4 2861 76303 73856 0 0 0 0 0
1787956754.165 t 22 1425029 35 -1351 5089 -9207 0 0 0 0 0 4 2861 76303 73856 0 0 0 0 0
1787956754.214 t 23 1425085 35 -1351 5089 -9207 0 0 0 0 0 4 2861 76303 73856 0 0 0 0 0
1787956754.284 t 24 1425141 35 -1351 5089 -9207 0 0 0 0 0 4 2861 76303 73856 0 0 0 0 0
1787956754.326 t 25 1425197 35 -1351 5089 -9207 0 0 0 0 0 4 2861 76303 73856 0 0 0 0 0
1787956754.387 t 26 1425253 35 -1351 5089 -9207 0 0 0 0 0 4 2861 76303 73856 0 0 0 0 0
1787956754.436 >>> SET stall_clear 1 #133
1787956754.440 t 27 1425309 35 -1351 5089 -9207 0 0 0 0 0 4 2861 76303 73856 0 0 0 0 0
1787956754.455 ack 133 132 stall
1787956754.493 t 28 1425365 35 -1351 5089 -9207 0 0 0 0 0 4 2861 76303 73856 0 0 0 0 0
1787956754.557 t 29 1425421 35 -1351 5089 -9207 0 0 0 0 0 4 2861 76303 73856 0 0 0 0 0
1787956754.619 t 30 1425477 35 -1351 5089 -9207 0 0 0 0 0 4 2861 76303 73856 0 0 0 0 0
1787956754.664 thdr seq now flags x y h ox oy oh vl vr i2cf cyc posl posr dutl dutr lexc wrng cycovr
1787956754.673 t 31 1425533 35 -1351 5089 -9207 0 0 0 0 0 4 2861 76303 73856 0 0 0 0 0
1787956754.720 t 32 1425585 35 -1351 5089 -9207 0 0 0 0 0 4 2861 76303 73856 0 0 0 0 0
1787956754.769 t 33 1425641 35 -1351 5089 -9207 0 0 0 0 0 4 2861 76303 73856 0 0 0 0 0
1787956754.826 t 34 1425697 35 -1351 5089 -9207 0 0 0 0 0 4 2861 76303 73856 0 0 0 0 0
1787956754.883 t 35 1425753 35 -1351 5089 -9207 0 0 0 0 0 4 2861 76303 73856 0 0 0 0 0
1787956754.937 t 36 1425809 35 -1351 5089 -9207 0 0 0 0 0 4 2861 76303 73856 0 0 0 0 0
1787956754.937 >>> SET stall_window 0 #134
1787956754.951 ack 134 132 stall
1787956754.994 t 37 1425865 35 -1351 5089 -9207 0 0 0 0 0 4 2861 76303 73856 0 0 0 0 0
1787956755.049 t 38 1425921 35 -1351 5089 -9207 0 0 0 0 0 4 2861 76303 73856 0 0 0 0 0
1787956755.109 t 39 1425977 35 -1351 5089 -9207 0 0 0 0 0 4 2861 76303 73856 0 0 0 0 0
1787956755.164 t 40 1426033 35 -1351 5089 -9207 0 0 0 0 0 4 2861 76303 73856 0 0 0 0 0
1787956755.217 t 41 1426089 35 -1351 5089 -9207 0 0 0 0 0 4 2861 76303 73856 0 0 0 0 0
1787956755.273 t 42 1426145 35 -1351 5089 -9207 0 0 0 0 0 4 2861 76303 73856 0 0 0 0 0
1787956755.340 t 43 1426201 35 -1351 5089 -9207 0 0 0 0 0 4 2861 76303 73856 0 0 0 0 0
1787956755.385 t 44 1426257 35 -1351 5089 -9207 0 0 0 0 0 4 2861 76303 73856 0 0 0 0 0
1787956755.438 === STEP REV duty=70% v=-595
1787956755.438 >>> WHEELS_V -595 -595 2000 #135
1787956755.442 t 45 1426313 35 -1351 5089 -9207 0 0 0 0 0 4 2861 76303 73856 0 0 0 0 0
1787956755.452 ack 135 132 stall
1787956755.511 t 46 1426381 31 -1351 5090 -9230 0 0 0 -39 -56 4 2863 76289 73836 -5000 -5000 0 0 0
1787956755.583 t 47 1426453 31 -1350 5113 -9147 0 0 0 -463 -456 4 2866 75981 73550 -6900 -6900 0 0 0
1787956755.656 t 48 1426525 31 -1350 5152 -9019 0 0 0 -574 -548 4 2869 75475 73078 -7000 -7000 0 0 0
1787956755.732 t 49 1426597 31 -1350 5194 -8937 0 0 0 -594 -558 4 2872 74936 72561 -7000 -7000 0 0 0
1787956755.798 thdr seq now flags x y h ox oy oh vl vr i2cf cyc posl posr dutl dutr lexc wrng cycovr
1787956755.806 t 50 1426669 31 -1351 5235 -8861 0 0 0 -584 -580 4 2875 74400 72045 -6900 -6900 0 0 0
1787956755.872 t 51 1426741 31 -1352 5277 -8782 0 0 0 -563 -580 4 2878 73856 71522 -7000 -6900 0 0 0
1787956755.947 t 52 1426813 31 -1354 5319 -8737 0 0 0 -585 -545 4 2881 73317 70995 -7000 -7000 0 0 0
1787956756.016 t 53 1426885 31 -1356 5361 -8756 0 0 0 -584 -581 4 2884 72783 70456 -7000 -7000 0 0 0
1787956756.090 t 54 1426957 31 -1358 5402 -8718 0 0 0 -590 -594 4 2887 72253 69936 -6900 -7000 0 0 0
1787956756.158 t 55 1427029 31 -1360 5443 -8632 0 0 0 -584 -565 4 2890 71722 69428 -7000 -7000 0 0 0
1787956756.232 t 56 1427101 31 -1363 5485 -8549 0 0 0 -594 -548 4 2893 71183 68911 -7000 -7000 0 0 0
1787956756.303 t 57 1427173 31 -1367 5527 -8511 0 0 0 -581 -568 4 2896 70645 68383 -7000 -7000 0 0 0
1787956756.375 t 58 1427245 31 -1371 5562 -7744 0 0 0 -611 -585 5 2899 70097 68039 -6900 -6900 0 0 0
1787956756.447 t 59 1427317 31 -1377 5610 -8414 0 0 0 -593 -594 5 2902 69561 67325 -7000 -6900 0 0 0
1787956756.528 t 60 1427389 31 -1382 5652 -8402 0 0 0 -568 -548 5 2905 69033 66800 -7000 -6900 0 0 0
1787956756.591 t 61 1427461 31 -1386 5693 -8383 0 0 0 -584 -565 5 2908 68500 66272 -7000 -6900 0 0 0
1787956756.665 t 62 1427533 31 -1391 5734 -8308 0 0 0 -591 -575 5 2911 67964 65756 -6900 -6900 0 0 0
1787956756.734 t 63 1427605 31 -1397 5776 -8214 0 0 0 -604 -584 5 2914 67422 65239 -6900 -6900 0 0 0
1787956756.806 t 64 1427677 31 -1403 5817 -8131 0 0 0 -584 -565 5 2917 66883 64722 -7000 -7000 0 0 0
1787956756.879 t 65 1427749 31 -1409 5859 -8120 0 0 0 -591 -581 5 2920 66339 64181 -7000 -7000 0 0 0
1787956756.950 t 66 1427821 31 -1416 5900 -8113 0 0 0 -581 -574 5 2923 65806 63650 -7000 -7000 0 0 0
1787956757.023 t 67 1427893 31 -1422 5942 -8109 0 0 0 -575 -538 5 2926 65272 63117 -7000 -7000 0 0 0
1787956757.094 t 68 1427965 31 -1429 5983 -8079 0 0 0 -591 -591 5 2929 64739 62592 -6900 -7000 0 0 0
1787956757.166 thdr seq now flags x y h ox oy oh vl vr i2cf cyc posl posr dutl dutr lexc wrng cycovr
1787956757.177 t 69 1428037 31 -1436 6024 -8007 0 0 0 -581 -584 5 2932 64206 62078 -6900 -7000 0 0 0
1787956757.241 t 70 1428109 31 -1444 6064 -7891 0 0 0 -563 -546 5 2935 63664 61567 -7000 -6900 0 0 0
1787956757.312 t 71 1428181 31 -1452 6106 -7838 0 0 0 -584 -565 5 2938 63122 61039 -7000 -6900 0 0 0
1787956757.383 t 72 1428253 31 -1461 6147 -7778 0 0 0 -601 -565 5 2941 62578 60511 -7000 -7000 0 0 0
1787956757.455 t 73 1428325 31 -1470 6188 -7796 0 0 0 -584 -584 5 2944 62044 59972 -7000 -7000 0 0 0
1787956757.513 t 74 1428381 31 -1473 6202 -7736 0 0 0 -616 -565 5 2945 61856 59800 -7000 -6900 0 0 0
1787956757.568 t 75 1428439 31 -1473 6202 -7736 0 0 0 -616 -565 5 2945 61856 59800 -7000 -6900 0 0 0
1787956757.625 t 76 1428491 31 -1473 6202 -7736 0 0 0 -616 -565 5 2945 61856 59800 -7000 -6900 0 0 0
1787956757.672 t 77 1428543 31 -1473 6202 -7736 0 0 0 -616 -565 5 2945 61856 59800 -7000 -6900 0 0 0
1787956757.734 t 78 1428595 31 -1473 6202 -7736 0 0 0 -616 -565 5 2945 61856 59800 -7000 -6900 0 0 0
1787956757.777 t 79 1428647 31 -1473 6202 -7736 0 0 0 -616 -565 5 2945 61856 59800 -7000 -6900 0 0 0
1787956757.831 t 80 1428699 31 -1473 6202 -7736 0 0 0 -616 -565 5 2945 61856 59800 -7000 -6900 0 0 0
1787956757.880 t 81 1428751 31 -1473 6202 -7736 0 0 0 -616 -565 5 2945 61856 59800 -7000 -6900 0 0 0
1787956757.935 t 82 1428803 31 -1473 6202 -7736 0 0 0 -616 -565 5 2945 61856 59800 -7000 -6900 0 0 0
1787956757.988 t 83 1428855 31 -1473 6202 -7736 0 0 0 -616 -565 5 2945 61856 59800 -7000 -6900 0 0 0
1787956758.040 t 84 1428907 31 -1473 6202 -7736 0 0 0 -616 -565 5 2945 61856 59800 -7000 -6900 0 0 0
1787956758.091 t 85 1428959 31 -1473 6202 -7736 0 0 0 -616 -565 5 2945 61856 59800 -7000 -6900 0 0 0
1787956758.146 t 86 1429011 31 -1473 6202 -7736 0 0 0 -616 -565 5 2945 61856 59800 -7000 -6900 0 0 0
1787956758.194 t 87 1429063 31 -1473 6202 -7736 0 0 0 -616 -565 5 2945 61856 59800 -7000 -6900 0 0 0
1787956758.241 === BIAS RESET REV 80%
1787956758.241 >>> SET stall_window 50 #136
1787956758.246 thdr seq now flags x y h ox oy oh vl vr i2cf cyc posl posr dutl dutr lexc wrng cycovr
1787956758.252 t 88 1429115 31 -1473 6202 -7736 0 0 0 -616 -565 5 2945 61856 59800 -7000 -6900 0 0 0
1787956758.256 ack 136 135 timeout
1787956758.306 t 89 1429167 31 -1473 6202 -7736 0 0 0 -616 -565 5 2945 61856 59800 -7000 -6900 0 0 0
1787956758.350 t 90 1429219 31 -1473 6202 -7736 0 0 0 -616 -565 5 2945 61856 59800 -7000 -6900 0 0 0
1787956758.405 t 91 1429271 31 -1473 6202 -7736 0 0 0 -616 -565 5 2945 61856 59800 -7000 -6900 0 0 0
1787956758.452 t 92 1429323 31 -1473 6202 -7736 0 0 0 -616 -565 5 2945 61856 59800 -7000 -6900 0 0 0
1787956758.508 t 93 1429375 31 -1473 6202 -7736 0 0 0 -616 -565 5 2945 61856 59800 -7000 -6900 0 0 0
1787956758.557 t 94 1429427 31 -1473 6202 -7736 0 0 0 -616 -565 5 2945 61856 59800 -7000 -6900 0 0 0
1787956758.611 t 95 1429479 31 -1473 6202 -7736 0 0 0 -616 -565 5 2945 61856 59800 -7000 -6900 0 0 0
1787956758.661 t 96 1429531 31 -1473 6202 -7736 0 0 0 -616 -565 5 2945 61856 59800 -7000 -6900 0 0 0
1787956758.714 t 97 1429583 31 -1473 6202 -7736 0 0 0 -616 -565 5 2945 61856 59800 -7000 -6900 0 0 0
1787956758.758 >>> WHEELS_V 40 40 300 #137
1787956758.765 t 98 1429635 31 -1473 6202 -7736 0 0 0 -616 -565 5 2945 61856 59800 -7000 -6900 0 0 0
1787956758.769 ack 137 135 timeout
1787956758.825 t 99 1429697 31 -1511 6312 -6461 0 0 0 0 0 5 2947 60206 58489 500 500 0 0 0
1787956758.905 t 100 1429769 35 -1510 6311 -6521 0 0 0 26 0 5 2950 60239 58506 0 0 0 0 0
1787956758.969 t 101 1429841 35 -1510 6311 -6510 0 0 0 0 0 5 2953 60236 58506 0 0 0 0 0
1787956759.041 t 102 1429913 35 -1510 6311 -6510 0 0 0 0 0 5 2956 60236 58506 0 0 0 0 0
1787956759.097 t 103 1429969 35 -1510 6311 -6510 0 0 0 0 0 5 2958 60236 58506 0 0 0 0 0
1787956759.154 t 104 1430025 35 -1510 6311 -6510 0 0 0 0 0 5 2958 60236 58506 0 0 0 0 0
1787956759.209 t 105 1430081 35 -1510 6311 -6510 0 0 0 0 0 5 2958 60236 58506 0 0 0 0 0
1787956759.266 t 106 1430137 35 -1510 6311 -6510 0 0 0 0 0 5 2958 60236 58506 0 0 0 0 0
1787956759.327 thdr seq now flags x y h ox oy oh vl vr i2cf cyc posl posr dutl dutr lexc wrng cycovr
1787956759.330 t 107 1430193 35 -1510 6311 -6510 0 0 0 0 0 5 2958 60236 58506 0 0 0 0 0
1787956759.374 t 108 1430245 35 -1510 6311 -6510 0 0 0 0 0 5 2958 60236 58506 0 0 0 0 0
1787956759.430 t 109 1430301 35 -1510 6311 -6510 0 0 0 0 0 5 2958 60236 58506 0 0 0 0 0
1787956759.490 t 110 1430357 35 -1510 6311 -6510 0 0 0 0 0 5 2958 60236 58506 0 0 0 0 0
1787956759.541 t 111 1430413 35 -1510 6311 -6510 0 0 0 0 0 5 2958 60236 58506 0 0 0 0 0
1787956759.600 t 112 1430469 35 -1510 6311 -6510 0 0 0 0 0 5 2958 60236 58506 0 0 0 0 0
1787956759.653 t 113 1430525 35 -1510 6311 -6510 0 0 0 0 0 5 2958 60236 58506 0 0 0 0 0
1787956759.709 t 114 1430581 35 -1510 6311 -6510 0 0 0 0 0 5 2958 60236 58506 0 0 0 0 0
1787956759.765 t 115 1430637 35 -1510 6311 -6510 0 0 0 0 0 5 2958 60236 58506 0 0 0 0 0
1787956759.821 t 116 1430693 35 -1510 6311 -6510 0 0 0 0 0 5 2958 60236 58506 0 0 0 0 0
1787956759.880 t 117 1430749 35 -1510 6311 -6510 0 0 0 0 0 5 2958 60236 58506 0 0 0 0 0
1787956759.941 t 118 1430805 35 -1510 6311 -6510 0 0 0 0 0 5 2958 60236 58506 0 0 0 0 0
1787956759.990 t 119 1430861 35 -1510 6311 -6510 0 0 0 0 0 5 2958 60236 58506 0 0 0 0 0
1787956760.044 >>> SET stall_clear 1 #138
1787956760.046 t 120 1430917 35 -1510 6311 -6510 0 0 0 0 0 5 2958 60236 58506 0 0 0 0 0
1787956760.056 ack 138 137 stall
1787956760.105 t 121 1430973 35 -1510 6311 -6510 0 0 0 0 0 5 2958 60236 58506 0 0 0 0 0
1787956760.157 t 122 1431029 35 -1510 6311 -6510 0 0 0 0 0 5 2958 60236 58506 0 0 0 0 0
1787956760.216 t 123 1431085 35 -1510 6311 -6510 0 0 0 0 0 5 2958 60236 58506 0 0 0 0 0
1787956760.271 t 124 1431141 35 -1510 6311 -6510 0 0 0 0 0 5 2958 60236 58506 0 0 0 0 0
1787956760.326 t 125 1431197 35 -1510 6311 -6510 0 0 0 0 0 5 2958 60236 58506 0 0 0 0 0
1787956760.386 thdr seq now flags x y h ox oy oh vl vr i2cf cyc posl posr dutl dutr lexc wrng cycovr
1787956760.392 t 126 1431253 35 -1510 6311 -6510 0 0 0 0 0 5 2958 60236 58506 0 0 0 0 0
1787956760.434 t 127 1431305 35 -1510 6311 -6510 0 0 0 0 0 5 2958 60236 58506 0 0 0 0 0
1787956760.489 t 0 1431361 35 -1510 6311 -6510 0 0 0 0 0 5 2958 60236 58506 0 0 0 0 0
1787956760.545 t 1 1431417 35 -1510 6311 -6510 0 0 0 0 0 5 2958 60236 58506 0 0 0 0 0
1787956760.545 >>> SET stall_window 0 #139
1787956760.556 ack 139 137 stall
1787956760.601 t 2 1431473 35 -1510 6311 -6510 0 0 0 0 0 5 2958 60236 58506 0 0 0 0 0
1787956760.659 t 3 1431529 35 -1510 6311 -6510 0 0 0 0 0 5 2958 60236 58506 0 0 0 0 0
1787956760.713 t 4 1431585 35 -1510 6311 -6510 0 0 0 0 0 5 2958 60236 58506 0 0 0 0 0
1787956760.768 t 5 1431641 35 -1510 6311 -6510 0 0 0 0 0 5 2958 60236 58506 0 0 0 0 0
1787956760.825 t 6 1431697 35 -1510 6311 -6510 0 0 0 0 0 5 2958 60236 58506 0 0 0 0 0
1787956760.882 t 7 1431753 35 -1510 6311 -6510 0 0 0 0 0 5 2958 60236 58506 0 0 0 0 0
1787956760.954 t 8 1431809 35 -1510 6311 -6510 0 0 0 0 0 5 2958 60236 58506 0 0 0 0 0
1787956761.000 t 9 1431865 35 -1510 6311 -6510 0 0 0 0 0 5 2958 60236 58506 0 0 0 0 0
1787956761.046 === STEP REV duty=80% v=-680
1787956761.046 >>> WHEELS_V -680 -680 2000 #140
1787956761.051 t 10 1431921 35 -1510 6311 -6510 0 0 0 0 0 5 2958 60236 58506 0 0 0 0 0
1787956761.067 ack 140 137 stall
1787956761.119 t 11 1431989 31 -1511 6312 -6525 0 0 0 -53 -65 5 2960 60217 58483 -5000 -5000 0 0 0
1787956761.190 t 12 1432061 31 -1521 6334 -6397 0 0 0 -509 -456 5 2963 59889 58189 -7900 -7900 0 0 0
1787956761.264 t 13 1432133 31 -1541 6373 -6197 0 0 0 -666 -620 5 2966 59314 57667 -8000 -8000 0 0 0
1787956761.336 t 14 1432205 31 -1564 6414 -6167 0 0 0 -657 -640 5 2969 58711 57072 -8000 -8000 0 0 0
1787956761.409 t 15 1432277 31 -1586 6456 -6167 0 0 0 -666 -640 5 2972 58108 56469 -8000 -8000 0 0 0
1787956761.480 t 16 1432349 31 -1609 6498 -6175 0 0 0 -666 -647 5 2975 57508 55867 -8000 -8000 0 0 0
1787956761.553 thdr seq now flags x y h ox oy oh vl vr i2cf cyc posl posr dutl dutr lexc wrng cycovr
1787956761.557 t 17 1432421 31 -1631 6539 -6126 0 0 0 -676 -641 5 2978 56900 55272 -8000 -8000 0 0 0
1787956761.622 t 18 1432493 31 -1655 6580 -6043 0 0 0 -625 -672 5 2981 56289 54683 -7900 -8000 0 0 0
1787956761.694 t 19 1432565 31 -1679 6621 -5960 0 0 0 -666 -666 5 2984 55678 54094 -7900 -8000 0 0 0
1787956761.767 t 20 1432637 31 -1703 6662 -5938 0 0 0 -673 -683 5 2987 55067 53489 -7900 -8000 0 0 0
1787956761.838 t 21 1432709 31 -1727 6703 -5919 0 0 0 -657 -656 5 2990 54467 52894 -8000 -8000 0 0 0
1787956761.910 t 22 1432781 31 -1752 6744 -5915 0 0 0 -656 -637 5 2993 53861 52289 -8000 -8000 0 0 0
1787956761.989 t 23 1432853 31 -1776 6784 -5855 0 0 0 -672 -620 5 2996 53250 51694 -8000 -7900 0 0 0
1787956762.058 t 24 1432925 31 -1801 6824 -5761 0 0 0 -666 -611 5 2999 52639 51108 -8000 -7900 0 0 0
1787956762.130 t 25 1432997 31 -1827 6864 -5663 0 0 0 -666 -611 5 3002 52022 50517 -8000 -8000 0 0 0
1787956762.198 t 26 1433069 31 -1854 6904 -5655 0 0 0 -676 -647 5 3005 51411 49908 -8000 -8000 0 0 0
1787956762.270 t 27 1433141 31 -1880 6944 -5652 0 0 0 -666 -647 5 3008 50805 49303 -8000 -8000 0 0 0
1787956762.342 t 28 1433213 31 -1906 6984 -5667 0 0 0 -666 -657 5 3011 50200 48694 -8000 -7900 0 0 0
1787956762.414 t 29 1433285 31 -1933 7024 -5603 0 0 0 -673 -637 5 3014 49589 48100 -8000 -7900 0 0 0
1787956762.486 t 30 1433357 31 -1960 7063 -5497 0 0 0 -677 -621 5 3017 48972 47511 -8000 -8000 0 0 0
1787956762.563 t 31 1433429 31 -1987 7102 -5403 0 0 0 -693 -627 5 3020 48350 46914 -8000 -8000 0 0 0
1787956762.632 t 32 1433501 31 -2015 7141 -5437 0 0 0 -648 -650 5 3023 47750 46305 -7900 -7900 0 0 0
1787956762.708 t 33 1433573 31 -2043 7179 -5445 0 0 0 -650 -693 5 3026 47144 45697 -7900 -8000 0 0 0
1787956762.774 t 34 1433645 31 -2072 7218 -5422 0 0 0 -666 -692 5 3029 46533 45092 -7900 -8000 0 0 0
1787956762.848 t 35 1433717 31 -2100 7256 -5351 0 0 0 -676 -673 5 3032 45922 44500 -7900 -7900 0 0 0
1787956762.918 thdr seq now flags x y h ox oy oh vl vr i2cf cyc posl posr dutl dutr lexc wrng cycovr
1787956762.926 t 36 1433789 31 -2128 7294 -5245 0 0 0 -676 -630 5 3035 45305 43911 -8000 -8000 0 0 0
1787956762.990 t 37 1433861 31 -2152 7324 -4286 0 0 0 -641 -685 6 3038 44689 43550 -8000 -7900 0 0 0
1787956763.062 t 38 1433933 31 -2190 7367 -5140 0 0 0 -640 -647 6 3041 44083 42717 -8000 -8000 0 0 0
1787956763.122 t 39 1433989 31 -2200 7379 -5050 0 0 0 -719 -639 6 3042 43864 42522 -8000 -7900 0 0 0
1787956763.179 t 40 1434045 31 -2200 7379 -5050 0 0 0 -719 -639 6 3042 43864 42522 -8000 -7900 0 0 0
1787956763.231 t 41 1434101 31 -2200 7379 -5050 0 0 0 -719 -639 6 3042 43864 42522 -8000 -7900 0 0 0
1787956763.291 t 42 1434159 31 -2200 7379 -5050 0 0 0 -719 -639 6 3042 43864 42522 -8000 -7900 0 0 0
1787956763.342 t 43 1434211 31 -2200 7379 -5050 0 0 0 -719 -639 6 3042 43864 42522 -8000 -7900 0 0 0
1787956763.392 t 44 1434263 31 -2200 7379 -5050 0 0 0 -719 -639 6 3042 43864 42522 -8000 -7900 0 0 0
1787956763.445 t 45 1434315 31 -2200 7379 -5050 0 0 0 -719 -639 6 3042 43864 42522 -8000 -7900 0 0 0
1787956763.499 t 46 1434367 31 -2200 7379 -5050 0 0 0 -719 -639 6 3042 43864 42522 -8000 -7900 0 0 0
1787956763.548 t 47 1434419 31 -2200 7379 -5050 0 0 0 -719 -639 6 3042 43864 42522 -8000 -7900 0 0 0
1787956763.600 t 48 1434471 31 -2200 7379 -5050 0 0 0 -719 -639 6 3042 43864 42522 -8000 -7900 0 0 0
1787956763.654 t 49 1434523 31 -2200 7379 -5050 0 0 0 -719 -639 6 3042 43864 42522 -8000 -7900 0 0 0
1787956763.709 t 50 1434575 31 -2200 7379 -5050 0 0 0 -719 -639 6 3042 43864 42522 -8000 -7900 0 0 0
1787956763.757 t 51 1434627 31 -2200 7379 -5050 0 0 0 -719 -639 6 3042 43864 42522 -8000 -7900 0 0 0
1787956763.804 === BIAS RESET REV 90%
1787956763.804 >>> SET stall_window 50 #141
1787956763.808 t 52 1434679 31 -2200 7379 -5050 0 0 0 -719 -639 6 3042 43864 42522 -8000 -7900 0 0 0
1787956763.821 ack 141 140 timeout
1787956763.861 t 53 1434731 31 -2200 7379 -5050 0 0 0 -719 -639 6 3042 43864 42522 -8000 -7900 0 0 0
1787956763.913 t 54 1434783 31 -2200 7379 -5050 0 0 0 -719 -639 6 3042 43864 42522 -8000 -7900 0 0 0
1787956763.964 thdr seq now flags x y h ox oy oh vl vr i2cf cyc posl posr dutl dutr lexc wrng cycovr
1787956763.973 t 55 1434835 31 -2200 7379 -5050 0 0 0 -719 -639 6 3042 43864 42522 -8000 -7900 0 0 0
1787956764.017 t 56 1434887 31 -2200 7379 -5050 0 0 0 -719 -639 6 3042 43864 42522 -8000 -7900 0 0 0
1787956764.074 t 57 1434939 31 -2200 7379 -5050 0 0 0 -719 -639 6 3042 43864 42522 -8000 -7900 0 0 0
1787956764.120 t 58 1434991 31 -2200 7379 -5050 0 0 0 -719 -639 6 3042 43864 42522 -8000 -7900 0 0 0
1787956764.180 t 59 1435043 31 -2200 7379 -5050 0 0 0 -719 -639 6 3042 43864 42522 -8000 -7900 0 0 0
1787956764.224 t 60 1435095 31 -2200 7379 -5050 0 0 0 -719 -639 6 3042 43864 42522 -8000 -7900 0 0 0
1787956764.280 t 61 1435147 31 -2200 7379 -5050 0 0 0 -719 -639 6 3042 43864 42522 -8000 -7900 0 0 0
1787956764.330 >>> WHEELS_V 40 40 300 #142
1787956764.331 t 62 1435199 31 -2200 7379 -5050 0 0 0 -719 -639 6 3042 43864 42522 -8000 -7900 0 0 0
1787956764.346 ack 142 140 timeout
1787956764.398 t 63 1435269 31 -2310 7481 -3481 0 0 0 8 25 6 3044 41750 40825 500 500 0 0 0
1787956764.470 t 64 1435341 35 -2308 7480 -3533 0 0 0 26 16 6 3047 41783 40844 0 0 0 0 0
1787956764.542 t 65 1435413 35 -2308 7480 -3533 0 0 0 0 0 6 3050 41783 40844 0 0 0 0 0
1787956764.613 t 66 1435485 35 -2308 7480 -3533 0 0 0 0 0 6 3053 41783 40844 0 0 0 0 0
1787956764.669 t 67 1435541 35 -2308 7480 -3533 0 0 0 0 0 6 3055 41783 40844 0 0 0 0 0
1787956764.725 t 68 1435597 35 -2308 7480 -3533 0 0 0 0 0 6 3055 41783 40844 0 0 0 0 0
1787956764.788 t 69 1435653 35 -2308 7480 -3533 0 0 0 0 0 6 3055 41783 40844 0 0 0 0 0
1787956764.837 t 70 1435709 35 -2308 7480 -3533 0 0 0 0 0 6 3055 41783 40844 0 0 0 0 0
1787956764.897 t 71 1435765 35 -2308 7480 -3533 0 0 0 0 0 6 3055 41783 40844 0 0 0 0 0
1787956764.958 t 72 1435821 35 -2308 7480 -3533 0 0 0 0 0 6 3055 41783 40844 0 0 0 0 0
1787956765.006 t 73 1435877 35 -2308 7480 -3533 0 0 0 0 0 6 3055 41783 40844 0 0 0 0 0
1787956765.068 thdr seq now flags x y h ox oy oh vl vr i2cf cyc posl posr dutl dutr lexc wrng cycovr
1787956765.069 t 74 1435933 35 -2308 7480 -3533 0 0 0 0 0 6 3055 41783 40844 0 0 0 0 0
1787956765.113 t 75 1435985 35 -2308 7480 -3533 0 0 0 0 0 6 3055 41783 40844 0 0 0 0 0
1787956765.170 t 76 1436041 35 -2308 7480 -3533 0 0 0 0 0 6 3055 41783 40844 0 0 0 0 0
1787956765.227 t 77 1436097 35 -2308 7480 -3533 0 0 0 0 0 6 3055 41783 40844 0 0 0 0 0
1787956765.282 t 78 1436153 35 -2308 7480 -3533 0 0 0 0 0 6 3055 41783 40844 0 0 0 0 0
1787956765.337 t 79 1436209 35 -2308 7480 -3533 0 0 0 0 0 6 3055 41783 40844 0 0 0 0 0
1787956765.396 t 80 1436265 35 -2308 7480 -3533 0 0 0 0 0 6 3055 41783 40844 0 0 0 0 0
1787956765.450 t 81 1436321 35 -2308 7480 -3533 0 0 0 0 0 6 3055 41783 40844 0 0 0 0 0
1787956765.510 t 82 1436377 35 -2308 7480 -3533 0 0 0 0 0 6 3055 41783 40844 0 0 0 0 0
1787956765.563 t 83 1436433 35 -2308 7480 -3533 0 0 0 0 0 6 3055 41783 40844 0 0 0 0 0
1787956765.614 >>> SET stall_clear 1 #143
1787956765.617 t 84 1436489 35 -2308 7480 -3533 0 0 0 0 0 6 3055 41783 40844 0 0 0 0 0
1787956765.628 ack 143 142 stall
1787956765.677 t 85 1436545 35 -2308 7480 -3533 0 0 0 0 0 6 3055 41783 40844 0 0 0 0 0
1787956765.729 t 86 1436601 35 -2308 7480 -3533 0 0 0 0 0 6 3055 41783 40844 0 0 0 0 0
1787956765.784 t 87 1436657 35 -2308 7480 -3533 0 0 0 0 0 6 3055 41783 40844 0 0 0 0 0
1787956765.842 t 88 1436713 35 -2308 7480 -3533 0 0 0 0 0 6 3055 41783 40844 0 0 0 0 0
1787956765.897 t 89 1436769 35 -2308 7480 -3533 0 0 0 0 0 6 3055 41783 40844 0 0 0 0 0
1787956765.953 t 90 1436825 35 -2308 7480 -3533 0 0 0 0 0 6 3055 41783 40844 0 0 0 0 0
1787956766.012 t 91 1436881 35 -2308 7480 -3533 0 0 0 0 0 6 3055 41783 40844 0 0 0 0 0
1787956766.066 t 92 1436937 35 -2308 7480 -3533 0 0 0 0 0 6 3055 41783 40844 0 0 0 0 0
1787956766.119 >>> SET stall_window 0 #144
1787956766.125 thdr seq now flags x y h ox oy oh vl vr i2cf cyc posl posr dutl dutr lexc wrng cycovr
1787956766.129 t 93 1436993 35 -2308 7480 -3533 0 0 0 0 0 6 3055 41783 40844 0 0 0 0 0
1787956766.131 ack 144 142 stall
1787956766.173 t 94 1437045 35 -2308 7480 -3533 0 0 0 0 0 6 3055 41783 40844 0 0 0 0 0
1787956766.230 t 95 1437101 35 -2308 7480 -3533 0 0 0 0 0 6 3055 41783 40844 0 0 0 0 0
1787956766.301 t 96 1437157 35 -2308 7480 -3533 0 0 0 0 0 6 3055 41783 40844 0 0 0 0 0
1787956766.341 t 97 1437213 35 -2308 7480 -3533 0 0 0 0 0 6 3055 41783 40844 0 0 0 0 0
1787956766.397 t 98 1437269 35 -2308 7480 -3533 0 0 0 0 0 6 3055 41783 40844 0 0 0 0 0
1787956766.454 t 99 1437325 35 -2308 7480 -3533 0 0 0 0 0 6 3055 41783 40844 0 0 0 0 0
1787956766.509 t 100 1437381 35 -2308 7480 -3533 0 0 0 0 0 6 3055 41783 40844 0 0 0 0 0
1787956766.565 t 101 1437437 35 -2308 7480 -3533 0 0 0 0 0 6 3055 41783 40844 0 0 0 0 0
1787956766.620 === STEP REV duty=90% v=-765
1787956766.621 >>> WHEELS_V -765 -765 2000 #145
1787956766.624 t 102 1437493 35 -2308 7480 -3533 0 0 0 0 0 6 3055 41783 40844 0 0 0 0 0
1787956766.636 ack 145 142 stall
1787956766.692 t 103 1437561 31 -2309 7481 -3533 0 0 0 -45 -45 6 3057 41767 40828 -5000 -5000 0 0 0
1787956766.763 t 104 1437633 31 -2330 7495 -3405 0 0 0 -522 -473 6 3060 41433 40528 -8900 -8900 0 0 0
1787956766.835 t 105 1437705 31 -2368 7519 -3180 0 0 0 -702 -666 6 3063 40836 39991 -8900 -8900 0 0 0
1787956766.911 t 106 1437777 31 -2412 7545 -3074 0 0 0 -729 -749 6 3066 40172 39355 -8900 -8900 0 0 0
1787956766.979 t 107 1437849 31 -2457 7572 -3074 0 0 0 -739 -765 6 3069 39500 38683 -8900 -9000 0 0 0
1787956767.050 t 108 1437921 31 -2503 7599 -3104 0 0 0 -729 -775 6 3072 38828 38003 -8900 -9000 0 0 0
1787956767.123 t 109 1437993 31 -2549 7626 -3029 0 0 0 -749 -730 6 3075 38144 37339 -9000 -9000 0 0 0
1787956767.194 t 110 1438065 31 -2595 7652 -2946 0 0 0 -748 -719 6 3078 37461 36678 -9000 -8900 0 0 0
1787956767.267 t 111 1438137 31 -2641 7678 -2905 0 0 0 -748 -729 6 3081 36783 36011 -9000 -8900 0 0 0
1787956767.341 thdr seq now flags x y h ox oy oh vl vr i2cf cyc posl posr dutl dutr lexc wrng cycovr
1787956767.347 t 112 1438209 31 -2688 7703 -2875 0 0 0 -739 -713 6 3084 36108 35344 -9000 -9000 0 0 0
1787956767.416 t 113 1438281 31 -2736 7726 -2886 0 0 0 -655 -738 7 3087 35433 34666 -8900 -8900 0 0 0
1787956767.485 t 114 1438353 31 -2783 7752 -2875 0 0 0 -748 -755 7 3090 34750 33986 -8900 -8900 0 0 0
1787956767.555 t 115 1438425 31 -2830 7777 -2781 0 0 0 -759 -758 7 3093 34058 33319 -8900 -9000 0 0 0
1787956767.627 t 116 1438497 31 -2877 7801 -2709 0 0 0 -745 -728 7 3096 33378 32658 -9000 -8900 0 0 0
1787956767.699 t 117 1438569 31 -2924 7825 -2687 0 0 0 -733 -722 7 3099 32705 31991 -9000 -9000 0 0 0
1787956767.770 t 118 1438641 31 -2973 7849 -2709 0 0 0 -739 -748 7 3102 32025 31305 -8900 -8900 0 0 0
1787956767.843 t 119 1438713 31 -3020 7873 -2675 0 0 0 -758 -769 7 3105 31341 30630 -8900 -9000 0 0 0
1787956767.914 t 120 1438785 31 -3068 7896 -2593 0 0 0 -755 -719 7 3108 30653 29964 -9000 -8900 0 0 0
1787956767.990 t 121 1438857 31 -3116 7919 -2529 0 0 0 -739 -729 7 3111 29972 29300 -9000 -9000 0 0 0
1787956768.060 t 122 1438929 31 -3165 7942 -2540 0 0 0 -749 -739 7 3114 29294 28619 -8900 -8900 0 0 0
1787956768.135 t 123 1439001 31 -3213 7964 -2551 0 0 0 -729 -748 7 3117 28622 27944 -9000 -9000 0 0 0
1787956768.205 t 124 1439073 31 -3261 7987 -2510 0 0 0 -745 -712 7 3120 27939 27272 -9000 -8900 0 0 0
1787956768.275 t 125 1439145 31 -3310 8010 -2468 0 0 0 -745 -729 7 3123 27250 26594 -8900 -8900 0 0 0
1787956768.348 t 126 1439217 31 -3358 8031 -2363 0 0 0 -748 -729 7 3126 26561 25933 -9000 -9000 0 0 0
1787956768.419 t 127 1439289 31 -3399 8048 -1494 0 0 0 -739 -739 8 3129 25883 25486 -8900 -8900 0 0 0
1787956768.490 t 0 1439361 31 -3457 8070 -2329 0 0 0 -748 -755 8 3132 25205 24586 -9000 -8900 0 0 0
1787956768.563 t 1 1439433 31 -3507 8091 -2288 0 0 0 -748 -739 8 3135 24519 23911 -8900 -9000 0 0 0
1787956768.635 t 2 1439505 31 -3556 8112 -2246 0 0 0 -768 -738 8 3138 23830 23233 -9000 -9000 0 0 0
1787956768.689 thdr seq now flags x y h ox oy oh vl vr i2cf cyc posl posr dutl dutr lexc wrng cycovr
1787956768.698 t 3 1439561 31 -3573 8119 -2182 0 0 0 -783 -729 8 3139 23591 23011 -8900 -8900 0 0 0
1787956768.749 t 4 1439613 31 -3573 8119 -2182 0 0 0 -783 -729 8 3139 23591 23011 -8900 -8900 0 0 0
1787956768.801 t 5 1439671 31 -3573 8119 -2182 0 0 0 -783 -729 8 3139 23591 23011 -8900 -8900 0 0 0
1787956768.851 t 6 1439723 31 -3573 8119 -2182 0 0 0 -783 -729 8 3139 23591 23011 -8900 -8900 0 0 0
1787956768.904 t 7 1439775 31 -3573 8119 -2182 0 0 0 -783 -729 8 3139 23591 23011 -8900 -8900 0 0 0
1787956768.956 t 8 1439827 31 -3573 8119 -2182 0 0 0 -783 -729 8 3139 23591 23011 -8900 -8900 0 0 0
1787956769.011 t 9 1439879 31 -3573 8119 -2182 0 0 0 -783 -729 8 3139 23591 23011 -8900 -8900 0 0 0
1787956769.061 t 10 1439931 31 -3573 8119 -2182 0 0 0 -783 -729 8 3139 23591 23011 -8900 -8900 0 0 0
1787956769.112 t 11 1439983 31 -3573 8119 -2182 0 0 0 -783 -729 8 3139 23591 23011 -8900 -8900 0 0 0
1787956769.164 t 12 1440035 31 -3573 8119 -2182 0 0 0 -783 -729 8 3139 23591 23011 -8900 -8900 0 0 0
1787956769.219 t 13 1440087 31 -3573 8119 -2182 0 0 0 -783 -729 8 3139 23591 23011 -8900 -8900 0 0 0
1787956769.269 t 14 1440139 31 -3573 8119 -2182 0 0 0 -783 -729 8 3139 23591 23011 -8900 -8900 0 0 0
1787956769.323 t 15 1440191 31 -3573 8119 -2182 0 0 0 -783 -729 8 3139 23591 23011 -8900 -8900 0 0 0
1787956769.371 t 16 1440243 31 -3573 8119 -2182 0 0 0 -783 -729 8 3139 23591 23011 -8900 -8900 0 0 0
1787956769.421 === BIAS RESET REV 100%
1787956769.421 >>> SET stall_window 50 #146
1787956769.424 t 17 1440295 31 -3573 8119 -2182 0 0 0 -783 -729 8 3139 23591 23011 -8900 -8900 0 0 0
1787956769.440 ack 146 145 timeout
1787956769.477 t 18 1440347 31 -3573 8119 -2182 0 0 0 -783 -729 8 3139 23591 23011 -8900 -8900 0 0 0
1787956769.528 t 19 1440399 31 -3573 8119 -2182 0 0 0 -783 -729 8 3139 23591 23011 -8900 -8900 0 0 0
1787956769.581 t 20 1440451 31 -3573 8119 -2182 0 0 0 -783 -729 8 3139 23591 23011 -8900 -8900 0 0 0
1787956769.635 t 21 1440503 31 -3573 8119 -2182 0 0 0 -783 -729 8 3139 23591 23011 -8900 -8900 0 0 0
1787956769.683 thdr seq now flags x y h ox oy oh vl vr i2cf cyc posl posr dutl dutr lexc wrng cycovr
1787956769.691 t 22 1440555 31 -3573 8119 -2182 0 0 0 -783 -729 8 3139 23591 23011 -8900 -8900 0 0 0
1787956769.739 t 23 1440607 31 -3573 8119 -2182 0 0 0 -783 -729 8 3139 23591 23011 -8900 -8900 0 0 0
1787956769.788 t 24 1440659 31 -3573 8119 -2182 0 0 0 -783 -729 8 3139 23591 23011 -8900 -8900 0 0 0
1787956769.841 t 25 1440711 31 -3573 8119 -2182 0 0 0 -783 -729 8 3139 23591 23011 -8900 -8900 0 0 0
1787956769.892 t 26 1440763 31 -3573 8119 -2182 0 0 0 -783 -729 8 3139 23591 23011 -8900 -8900 0 0 0
1787956769.942 >>> WHEELS_V 40 40 300 #147
1787956769.944 t 27 1440815 31 -3573 8119 -2182 0 0 0 -783 -729 8 3139 23591 23011 -8900 -8900 0 0 0
1787956769.956 ack 147 145 timeout
1787956770.016 t 28 1440885 31 -3728 8177 -1923 0 0 0 17 8 8 3141 21461 20950 500 400 0 0 0
1787956770.085 t 29 1440957 35 -3726 8176 -1953 0 0 0 16 20 8 3144 21491 20972 0 0 0 0 0
1787956770.157 t 30 1441029 35 -3726 8176 -1953 0 0 0 0 0 8 3147 21491 20972 0 0 0 0 0
1787956770.228 t 31 1441101 35 -3726 8176 -1953 0 0 0 0 0 8 3150 21491 20972 0 0 0 0 0
1787956770.286 t 32 1441157 35 -3726 8176 -1953 0 0 0 0 0 8 3152 21491 20972 0 0 0 0 0
1787956770.344 t 33 1441213 35 -3726 8176 -1953 0 0 0 0 0 8 3152 21491 20972 0 0 0 0 0
1787956770.397 t 34 1441269 35 -3726 8176 -1953 0 0 0 0 0 8 3152 21491 20972 0 0 0 0 0
1787956770.460 t 35 1441325 35 -3726 8176 -1953 0 0 0 0 0 8 3152 21491 20972 0 0 0 0 0
1787956770.509 t 36 1441381 35 -3726 8176 -1953 0 0 0 0 0 8 3152 21491 20972 0 0 0 0 0
1787956770.565 t 37 1441437 35 -3726 8176 -1953 0 0 0 0 0 8 3152 21491 20972 0 0 0 0 0
1787956770.621 t 38 1441493 35 -3726 8176 -1953 0 0 0 0 0 8 3152 21491 20972 0 0 0 0 0
1787956770.677 t 39 1441549 35 -3726 8176 -1953 0 0 0 0 0 8 3152 21491 20972 0 0 0 0 0
1787956770.733 t 40 1441605 35 -3726 8176 -1953 0 0 0 0 0 8 3152 21491 20972 0 0 0 0 0
1787956770.796 thdr seq now flags x y h ox oy oh vl vr i2cf cyc posl posr dutl dutr lexc wrng cycovr
1787956770.797 t 41 1441661 35 -3726 8176 -1953 0 0 0 0 0 8 3152 21491 20972 0 0 0 0 0
1787956770.841 t 42 1441713 35 -3726 8176 -1953 0 0 0 0 0 8 3152 21491 20972 0 0 0 0 0
1787956770.902 t 43 1441769 35 -3726 8176 -1953 0 0 0 0 0 8 3152 21491 20972 0 0 0 0 0
1787956770.953 t 44 1441825 35 -3726 8176 -1953 0 0 0 0 0 8 3152 21491 20972 0 0 0 0 0
1787956771.009 t 45 1441881 35 -3726 8176 -1953 0 0 0 0 0 8 3152 21491 20972 0 0 0 0 0
1787956771.066 t 46 1441937 35 -3726 8176 -1953 0 0 0 0 0 8 3152 21491 20972 0 0 0 0 0
1787956771.121 t 47 1441993 35 -3726 8176 -1953 0 0 0 0 0 8 3152 21491 20972 0 0 0 0 0
1787956771.177 t 48 1442049 35 -3726 8176 -1953 0 0 0 0 0 8 3152 21491 20972 0 0 0 0 0
1787956771.230 >>> SET stall_clear 1 #148
1787956771.234 t 49 1442105 35 -3726 8176 -1953 0 0 0 0 0 8 3152 21491 20972 0 0 0 0 0
1787956771.246 ack 148 147 stall
1787956771.290 t 50 1442161 35 -3726 8176 -1953 0 0 0 0 0 8 3152 21491 20972 0 0 0 0 0
1787956771.347 t 51 1442217 35 -3726 8176 -1953 0 0 0 0 0 8 3152 21491 20972 0 0 0 0 0
1787956771.403 t 52 1442273 35 -3726 8176 -1953 0 0 0 0 0 8 3152 21491 20972 0 0 0 0 0
1787956771.456 t 53 1442329 35 -3726 8176 -1953 0 0 0 0 0 8 3152 21491 20972 0 0 0 0 0
1787956771.515 t 54 1442385 35 -3726 8176 -1953 0 0 0 0 0 8 3152 21491 20972 0 0 0 0 0
1787956771.569 t 55 1442441 35 -3726 8176 -1953 0 0 0 0 0 8 3152 21491 20972 0 0 0 0 0
1787956771.625 t 56 1442497 35 -3726 8176 -1953 0 0 0 0 0 8 3152 21491 20972 0 0 0 0 0
1787956771.684 t 57 1442553 35 -3726 8176 -1953 0 0 0 0 0 8 3152 21491 20972 0 0 0 0 0
1787956771.734 >>> SET stall_window 0 #149
1787956771.737 t 58 1442609 35 -3726 8176 -1953 0 0 0 0 0 8 3152 21491 20972 0 0 0 0 0
1787956771.750 ack 149 147 stall
1787956771.792 t 59 1442665 35 -3726 8176 -1953 0 0 0 0 0 8 3152 21491 20972 0 0 0 0 0
1787956771.852 thdr seq now flags x y h ox oy oh vl vr i2cf cyc posl posr dutl dutr lexc wrng cycovr
1787956771.858 t 60 1442721 35 -3726 8176 -1953 0 0 0 0 0 8 3152 21491 20972 0 0 0 0 0
1787956771.901 t 61 1442773 35 -3726 8176 -1953 0 0 0 0 0 8 3152 21491 20972 0 0 0 0 0
1787956771.958 t 62 1442829 35 -3726 8176 -1953 0 0 0 0 0 8 3152 21491 20972 0 0 0 0 0
1787956772.014 t 63 1442885 35 -3726 8176 -1953 0 0 0 0 0 8 3152 21491 20972 0 0 0 0 0
1787956772.069 t 64 1442941 35 -3726 8176 -1953 0 0 0 0 0 8 3152 21491 20972 0 0 0 0 0
1787956772.128 t 65 1442997 35 -3726 8176 -1953 0 0 0 0 0 8 3152 21491 20972 0 0 0 0 0
1787956772.182 t 66 1443053 35 -3726 8176 -1953 0 0 0 0 0 8 3152 21491 20972 0 0 0 0 0
1787956772.235 === STEP REV duty=100% v=-850
1787956772.235 >>> WHEELS_V -850 -850 2000 #150
1787956772.237 t 67 1443109 35 -3726 8176 -1953 0 0 0 0 0 8 3152 21491 20972 0 0 0 0 0
1787956772.256 ack 150 147 stall
1787956772.313 t 68 1443177 31 -3727 8176 -1957 0 0 0 -53 -56 8 3154 21472 20952 -5000 -5000 0 0 0
1787956772.378 t 69 1443249 31 -3751 8185 -1923 0 0 0 -528 -502 8 3157 21144 20633 -9900 -9900 0 0 0
1787956772.450 t 70 1443321 31 -3797 8200 -1776 0 0 0 -739 -703 8 3160 20516 20044 -9900 -9900 0 0 0
1787956772.523 t 71 1443393 31 -3849 8216 -1693 0 0 0 -784 -785 8 3163 19811 19361 -10000 -10000 0 0 0
1787956772.598 t 72 1443465 31 -3902 8231 -1588 0 0 0 -768 -748 8 3166 19105 18683 -10000 -10000 0 0 0
1787956772.667 t 73 1443537 31 -3955 8246 -1546 0 0 0 -755 -765 8 3169 18400 17989 -9900 -9900 0 0 0
1787956772.741 t 74 1443609 31 -4008 8260 -1546 0 0 0 -765 -765 8 3172 17694 17283 -10000 -10000 0 0 0
1787956772.812 t 75 1443681 31 -4063 8275 -1505 0 0 0 -784 -758 8 3175 16977 16577 -9900 -9900 0 0 0
1787956772.884 t 76 1443753 31 -4116 8289 -1456 0 0 0 -775 -759 8 3178 16264 15877 -10000 -9900 0 0 0
1787956772.954 t 77 1443825 31 -4170 8302 -1388 0 0 0 -768 -765 8 3181 15552 15183 -9900 -10000 0 0 0
1787956773.027 t 78 1443897 31 -4224 8315 -1336 0 0 0 -784 -765 8 3184 14844 14489 -10000 -10000 0 0 0
1787956773.098 thdr seq now flags x y h ox oy oh vl vr i2cf cyc posl posr dutl dutr lexc wrng cycovr
1787956773.106 t 79 1443969 31 -4278 8327 -1347 0 0 0 -768 -785 8 3187 14141 13783 -9900 -9900 0 0 0
1787956773.175 t 80 1444041 31 -4332 8340 -1324 0 0 0 -751 -779 8 3190 13427 13075 -9900 -9900 0 0 0
1787956773.243 t 81 1444113 31 -4387 8352 -1234 0 0 0 -785 -748 8 3193 12711 12383 -9900 -9900 0 0 0
1787956773.317 t 82 1444185 31 -4441 8364 -1151 0 0 0 -775 -719 8 3196 12000 11694 -9900 -9900 0 0 0
1787956773.389 t 83 1444257 31 -4495 8374 -1106 0 0 0 -775 -739 8 3199 11291 10997 -9900 -9900 0 0 0
1787956773.504 t 84 1444329 31 -4549 8385 -1099 0 0 0 -775 -749 8 3202 10586 10294 -9900 -10000 0 0 0
1787956773.529 t 85 1444401 31 -4604 8395 -1069 0 0 0 -784 -748 8 3205 9872 9588 -9900 -9900 0 0 0
1787956773.602 t 86 1444473 31 -4659 8406 -1012 0 0 0 -795 -739 8 3208 9152 8883 -9900 -9900 0 0 0
1787956773.673 t 87 1444545 31 -4714 8415 -959 0 0 0 -779 -748 8 3211 8438 8183 -9900 -10000 0 0 0
1787956773.747 t 88 1444617 31 -4769 8423 -922 0 0 0 -765 -804 8 3214 7733 7488 -10000 -9900 0 0 0
1787956773.819 t 89 1444689 31 -4823 8432 -858 0 0 0 -765 -775 8 3217 7025 6797 -9900 -10000 0 0 0
1787956773.890 t 90 1444761 31 -4879 8440 -839 0 0 0 -785 -748 8 3220 6311 6088 -9900 -9900 0 0 0
1787956773.964 t 91 1444833 31 -4934 8448 -805 0 0 0 -784 -774 8 3223 5594 5380 -9900 -9900 0 0 0
1787956774.033 t 92 1444905 31 -4989 8455 -711 0 0 0 -785 -732 8 3226 4877 4688 -9900 -9900 0 0 0
1787956774.108 t 93 1444977 31 -5044 8461 -636 0 0 0 -775 -755 8 3229 4166 3997 -9900 -9900 0 0 0
1787956774.178 t 94 1445049 31 -5100 8467 -606 0 0 0 -785 -748 8 3232 3455 3294 -9900 -9900 0 0 0
1787956774.251 t 95 1445121 31 -5155 8473 -564 0 0 0 -785 -768 8 3235 2738 2588 -9900 -9900 0 0 0
1787956774.306 t 96 1445177 31 -5175 8475 -523 0 0 0 -846 -811 8 3236 2480 2341 -9900 -9900 0 0 0
1787956774.363 t 97 1445235 31 -5175 8475 -523 0 0 0 -846 -811 8 3236 2480 2341 -9900 -9900 0 0 0
1787956774.438 thdr seq now flags x y h ox oy oh vl vr i2cf cyc posl posr dutl dutr lexc wrng cycovr
1787956774.438 t 98 1445287 31 -5175 8475 -523 0 0 0 -846 -811 8 3236 2480 2341 -9900 -9900 0 0 0
1787956774.468 t 99 1445339 31 -5175 8475 -523 0 0 0 -846 -811 8 3236 2480 2341 -9900 -9900 0 0 0
1787956774.521 t 100 1445391 31 -5175 8475 -523 0 0 0 -846 -811 8 3236 2480 2341 -9900 -9900 0 0 0
1787956774.571 t 101 1445443 31 -5175 8475 -523 0 0 0 -846 -811 8 3236 2480 2341 -9900 -9900 0 0 0
1787956774.624 t 102 1445495 31 -5175 8475 -523 0 0 0 -846 -811 8 3236 2480 2341 -9900 -9900 0 0 0
1787956774.675 t 103 1445547 31 -5175 8475 -523 0 0 0 -846 -811 8 3236 2480 2341 -9900 -9900 0 0 0
1787956774.727 t 104 1445599 31 -5175 8475 -523 0 0 0 -846 -811 8 3236 2480 2341 -9900 -9900 0 0 0
1787956774.833 t 105 1445651 31 -5175 8475 -523 0 0 0 -846 -811 8 3236 2480 2341 -9900 -9900 0 0 0
1787956774.833 t 106 1445703 31 -5175 8475 -523 0 0 0 -846 -811 8 3236 2480 2341 -9900 -9900 0 0 0
1787956774.884 t 107 1445755 31 -5175 8475 -523 0 0 0 -846 -811 8 3236 2480 2341 -9900 -9900 0 0 0
1787956774.936 t 108 1445807 31 -5175 8475 -523 0 0 0 -846 -811 8 3236 2480 2341 -9900 -9900 0 0 0
1787956774.994 t 109 1445859 31 -5175 8475 -523 0 0 0 -846 -811 8 3236 2480 2341 -9900 -9900 0 0 0
1787956775.495 t 110 1445911 31 -5175 8475 -523 0 0 0 -846 -811 8 3236 2480 2341 -9900 -9900 0 0 0
1787956775.495 t 111 1445963 31 -5175 8475 -523 0 0 0 -846 -811 8 3236 2480 2341 -9900 -9900 0 0 0
1787956775.495 t 112 1446015 31 -5175 8475 -523 0 0 0 -846 -811 8 3236 2480 2341 -9900 -9900 0 0 0
1787956775.495 t 113 1446067 31 -5175 8475 -523 0 0 0 -846 -811 8 3236 2480 2341 -9900 -9900 0 0 0
1787956775.495 t 114 1446119 31 -5175 8475 -523 0 0 0 -846 -811 8 3236 2480 2341 -9900 -9900 0 0 0
1787956775.495 t 115 1446171 31 -5175 8475 -523 0 0 0 -846 -811 8 3236 2480 2341 -9900 -9900 0 0 0
1787956775.495 t 116 1446223 31 -5175 8475 -523 0 0 0 -846 -811 8 3236 2480 2341 -9900 -9900 0 0 0
1787956775.495 thdr seq now flags x y h ox oy oh vl vr i2cf cyc posl posr dutl dutr lexc wrng cycovr
1787956775.505 t 117 1446275 31 -5175 8475 -523 0 0 0 -846 -811 8 3236 2480 2341 -9900 -9900 0 0 0
1787956775.505 t 118 1446327 31 -5175 8475 -523 0 0 0 -846 -811 8 3236 2480 2341 -9900 -9900 0 0 0
1787956775.510 t 119 1446379 31 -5175 8475 -523 0 0 0 -846 -811 8 3236 2480 2341 -9900 -9900 0 0 0
1787956775.559 t 120 1446431 31 -5175 8475 -523 0 0 0 -846 -811 8 3236 2480 2341 -9900 -9900 0 0 0
1787956775.611 t 121 1446483 31 -5175 8475 -523 0 0 0 -846 -811 8 3236 2480 2341 -9900 -9900 0 0 0
1787956775.663 t 122 1446535 31 -5175 8475 -523 0 0 0 -846 -811 8 3236 2480 2341 -9900 -9900 0 0 0
1787956775.715 t 123 1446587 31 -5175 8475 -523 0 0 0 -846 -811 8 3236 2480 2341 -9900 -9900 0 0 0
1787956775.775 t 124 1446639 31 -5175 8475 -523 0 0 0 -846 -811 8 3236 2480 2341 -9900 -9900 0 0 0
1787956775.819 t 125 1446691 31 -5175 8475 -523 0 0 0 -846 -811 8 3236 2480 2341 -9900 -9900 0 0 0
1787956775.875 t 126 1446743 31 -5175 8475 -523 0 0 0 -846 -811 8 3236 2480 2341 -9900 -9900 0 0 0
1787956775.927 t 127 1446795 31 -5175 8475 -523 0 0 0 -846 -811 8 3236 2480 2341 -9900 -9900 0 0 0
1787956775.977 t 0 1446847 31 -5175 8475 -523 0 0 0 -846 -811 8 3236 2480 2341 -9900 -9900 0 0 0
1787956776.024 >>> STOP #151
1787956776.027 t 1 1446899 31 -5175 8475 -523 0 0 0 -846 -811 8 3236 2480 2341 -9900 -9900 0 0 0
1787956776.032 ack 151 150 timeout
1787956776.082 t 2 1446951 31 -5175 8475 -523 0 0 0 -846 -811 8 3236 2480 2341 -9900 -9900 0 0 0
1787956776.132 t 3 1447003 31 -5175 8475 -523 0 0 0 -846 -811 8 3236 2480 2341 -9900 -9900 0 0 0
1787956776.184 t 4 1447055 31 -5175 8475 -523 0 0 0 -846 -811 8 3236 2480 2341 -9900 -9900 0 0 0
1787956776.239 t 5 1447107 31 -5175 8475 -523 0 0 0 -846 -811 8 3236 2480 2341 -9900 -9900 0 0 0
1787956776.291 t 6 1447159 31 -5175 8475 -523 0 0 0 -846 -811 8 3236 2480 2341 -9900 -9900 0 0 0
1787956776.339 t 7 1447211 31 -5175 8475 -523 0 0 0 -846 -811 8 3236 2480 2341 -9900 -9900 0 0 0
1787956776.392 thdr seq now flags x y h ox oy oh vl vr i2cf cyc posl posr dutl dutr lexc wrng cycovr
1787956776.399 t 8 1447263 31 -5175 8475 -523 0 0 0 -846 -811 8 3236 2480 2341 -9900 -9900 0 0 0
1787956776.444 t 9 1447315 31 -5175 8475 -523 0 0 0 -846 -811 8 3236 2480 2341 -9900 -9900 0 0 0
1787956776.496 t 10 1447367 31 -5175 8475 -523 0 0 0 -846 -811 8 3236 2480 2341 -9900 -9900 0 0 0
1787956776.581 t 11 1447419 31 -5175 8475 -523 0 0 0 -846 -811 8 3236 2480 2341 -9900 -9900 0 0 0
1787956776.600 t 12 1447471 31 -5175 8475 -523 0 0 0 -846 -811 8 3236 2480 2341 -9900 -9900 0 0 0
1787956776.652 t 13 1447523 31 -5175 8475 -523 0 0 0 -846 -811 8 3236 2480 2341 -9900 -9900 0 0 0
1787956776.704 t 14 1447575 31 -5175 8475 -523 0 0 0 -846 -811 8 3236 2480 2341 -9900 -9900 0 0 0
1787956776.756 t 15 1447627 31 -5175 8475 -523 0 0 0 -846 -811 8 3236 2480 2341 -9900 -9900 0 0 0
1787956776.807 t 16 1447679 31 -5175 8475 -523 0 0 0 -846 -811 8 3236 2480 2341 -9900 -9900 0 0 0
1787956776.856 >>> TLM OFF #152
1787956776.859 t 17 1447731 31 -5175 8475 -523 0 0 0 -846 -811 8 3236 2480 2341 -9900 -9900 0 0 0
1787956776.866 ack 152 150 timeout
1787956777.871 >>> SET pid_ki 6 #153
1787956777.909 ack 153 150 timeout
1787956778.417 >>> SET pid_i_max 765.6 #154
1787956778.438 ack 154 150 timeout
1787956778.940 >>> SET twist_hold_gain 2 #155
1787956778.956 ack 155 150 timeout
1787956779.461 >>> SET stall_speed 191.4 #156
1787956779.473 ack 156 150 timeout
1787956779.975 >>> SET stall_demand 510.4 #157
1787956779.993 ack 157 150 timeout
1787956780.495 >>> SET stall_window 500 #158
1787956780.513 ack 158 150 timeout
1787956781.016 >>> GET pid_ki #159
1787956781.039 ack 159 150 timeout
1787956781.039 get pid_ki 6.000000
1787956782.044 >>> GET pid_i_max #160
1787956782.062 ack 160 150 timeout
1787956782.062 get pid_i_max 765.600037
1787956783.070 >>> GET twist_hold_gain #161
1787956783.089 ack 161 150 timeout
1787956783.091 get twist_hold_gain 2.000000
1787956784.097 >>> GET stall_speed #162
1787956784.112 ack 162 150 timeout
1787956784.114 get stall_speed 191.400009
1787956785.121 >>> GET stall_demand #163
1787956785.136 ack 163 150 timeout
1787956785.138 get stall_demand 510.400024
1787956786.142 >>> GET stall_window #164
1787956786.162 ack 164 150 timeout
1787956786.164 get stall_window 500.000031
1787956787.172 >>> STATUS
1787956787.193 status ready=1 active=1 connL=1 connR=1 otos=0 wedge=0 flags=31 i2cf=8 cyc=3236 tlm=off next=165 done=150 reason=timeout
