t,x,y,heading,speed
1788492169.0811388,40.19287072300975,-16.342916489752103,111.3136659825168,0.0
1788492169.3267572,40.19365374920673,-16.364784732841432,110.37218440772301,0.0
1788492169.544279,40.2390731063852,-16.363973494077943,111.08094076082693,0.0
1788492169.809263,40.24268746250588,-16.37155203251131,109.77124735962997,0.0
1788492170.099286,40.21448691863344,-16.404123357194976,111.36865501888349,0.0
1788492170.3211951,40.23675406880414,-16.345589592142925,109.77124735962997,0.0
1788492170.626834,40.20362630635135,-16.384054763410774,111.38742591411585,0.0
1788492170.839069,40.222047160692725,-16.32755819524033,110.92688197284093,0.0
1788492171.822669,40.238100076088124,-16.36799705260912,109.77124735962997,0.0
1788492172.0838468,40.22794600852738,-16.357085051763928,110.64435067365281,0.0
1788492172.316554,40.22809223011595,-16.353080477025372,110.90269998617043,0.0
1788492172.568667,40.202812728195504,-16.34806338924659,111.48019381545845,0.0
1788492172.762985,40.216015174582985,-16.41267622340696,110.42555009221121,0.0
1788492173.030668,40.17698361206629,-16.342210330855096,111.7878891268191,0.0
1788492173.280719,40.21573130720924,-16.40589917153076,110.1809221882719,0.0
1788492173.547822,40.23846268365348,-16.365140969016696,109.77124735962997,0.0
1788492173.759752,40.18830548959526,-16.39674907310234,112.14954103151513,0.0
1788492173.929336,40.2107217932867,-16.397790643322125,111.51377210173393,0.0
1788492174.130054,40.23526073977834,-16.367980091882732,109.77124735962997,0.0
1788492174.358887,40.19981275577669,-16.374163191892258,110.99453107915963,0.0
1788492174.666226,40.222903239661605,-16.40042306956859,111.29671502263812,0.0
1788492174.8733408,40.2031497059299,-16.398464254929785,111.6622971688576,0.0
1788492175.08445,40.17217663759587,-16.385224907751542,112.18875510566892,0.0
1788492175.321511,40.24154783781728,-16.365371633260338,110.98747197297797,0.0
1788492175.5219269,40.23640907638608,-16.368513757622658,109.77124735962997,0.0
1788492175.7160058,40.2902321444161,-16.521677190872396,116.6104068180037,0.0
1788492175.906415,40.43856463389518,-16.73123238196148,133.40867492571635,0.0
1788492176.226835,40.652395611031615,-16.881462848028832,161.8694156638345,0.0
1788492176.375768,40.707385423454426,-16.83003338534215,-161.90170896712362,0.0
1788492176.634024,40.67255379318165,-16.964463804536592,-157.37657547015846,0.0
1788492176.736183,40.66553080227052,-16.954660245491223,-157.6550454945624,0.0
1788492176.9008582,40.64951333859191,-16.96089497841813,-157.6371805517157,0.0
1788492177.0544379,40.65488091491048,-16.94325451314468,-158.48597210013327,0.0
1788492177.1982028,40.62583301124514,-16.936975111986044,-157.9702547381878,0.0
1788492177.338946,40.68388162366589,-16.945932397568217,-157.66663539942653,0.0
1788492177.709847,40.62421353751272,-16.972773572783318,-157.37585479363804,0.0
1788492177.750271,40.67687964776596,-16.975052193593392,-157.21813238391405,0.0
1788492178.10346,40.60923484964925,-16.94764851367845,-158.73286197942116,0.0
1788492178.1786199,40.67072156181961,-16.96035375923492,-157.27551157627988,0.0
1788492178.380878,40.66620349809536,-16.967919010117257,-157.84267088482818,0.0
1788492178.627434,40.660689776150356,-16.950471470482476,-157.48683106179737,0.0
1788492178.8258739,40.6483819005485,-16.949086525803327,-158.27846255973833,0.0
1788492179.016682,40.634757961871706,-16.950259557925524,-157.97847614680956,0.0
1788492179.22046,40.64478577775081,-16.967054925410434,-157.44785111132273,0.0
1788492179.4203079,40.66899929095341,-16.955521210800146,-157.61470789420383,0.0
1788492179.676149,40.66266945106387,-16.977036651025234,-157.4499201015155,0.0
1788492179.9015281,40.64959506105143,-16.941048839802665,-158.60043869164065,0.0
1788492180.187915,40.62485737481915,-16.971911397826265,-157.5745210696615,0.0
1788492180.42629,40.64287497969459,-16.96270458225634,-157.52465917980987,0.0
1788492180.68114,40.62635045181184,-16.94212692170031,-157.12715093323743,0.0
1788492181.215849,40.629359684066046,-16.965302770852393,-158.0000898608995,0.0
1788492181.612808,40.62706648708923,-16.909214807220742,-158.20640835207234,0.0
1788492182.342796,40.60084009654173,-16.933940144635468,-158.3514590575761,0.0
1788492182.711841,40.66198237719867,-16.952706613472714,-157.82724537898872,0.0
1788492182.9549062,40.677746798574084,-16.951611007618823,-157.68516218078378,0.0
1788492183.22865,40.66582461055068,-16.942768715946876,-157.53912316670767,0.0
1788492183.4627771,40.628334444019345,-16.932300545876664,-158.28095491287615,0.0
1788492183.705274,40.642825299837504,-16.96519701636358,-157.21195209154007,0.0
1788492183.984861,40.600899733846596,-16.95098010014878,-158.79973849835545,0.0
1788492184.184408,40.61951189449658,-16.977712698358733,-157.46647708105024,0.0
1788492184.371135,40.64588333186775,-16.944592395650375,-158.5278139084944,0.0
1788492184.5958028,40.67466986281248,-16.951957012434388,-157.6100795700246,0.0
1788492184.922291,40.66136462996336,-16.958369074982663,-157.75063661006254,0.0
1788492185.1473532,40.655139662689876,-16.940094606239718,-158.01009824256084,0.0
1788492185.459466,40.64188263671388,-16.94912605249714,-158.0025856279404,0.0
1788492185.906664,40.65156865769668,-16.953544526933413,-157.9012375136699,0.0
1788492186.2580302,40.66869563844526,-16.965952248426923,-157.50036308810797,0.0
1788492186.609632,40.65168692446395,-16.945179845085562,-158.56081810133503,0.0
1788492186.827447,40.66087678336818,-16.969416056196824,-157.97585920808854,0.0
1788492187.012804,40.64296170427027,-16.87007981506083,-163.54986837079008,0.0
1788492187.20131,40.68955832704757,-16.94765299129947,-177.16182143335936,0.0
1788492187.396585,40.78717251875016,-17.060305426914308,151.47959393393148,0.0
1788492187.60338,40.899880723096906,-17.13441952419344,120.53762910072504,0.0
1788492187.831079,40.81379990493619,-17.13871517748195,111.12008429061717,0.0
1788492187.9951308,40.83856441724171,-17.104562730861424,111.08502270393956,0.0
1788492188.0748658,40.84962058845924,-17.09426711508201,110.96481108414253,0.0
1788492188.338679,40.80450183991289,-17.123800251644038,111.18083908553433,0.0
1788492188.5784478,40.85026514944263,-17.08585292108704,111.21579933593841,0.0
1788492188.73312,40.84653512192114,-17.102919924756094,111.37040702834406,0.0
1788492188.8661,40.80738265364596,-17.12314077319797,111.33354757357012,0.0
1788492189.1583061,40.80996903883957,-17.13115150626799,111.29217734181225,0.0
1788492189.210367,40.806379183671886,-17.140743788565743,111.61005167648631,0.0
1788492189.377803,40.85270505296862,-17.110432757453015,111.45035788151182,0.0
1788492189.458355,40.83602015585391,-17.109595812268136,111.90628533259894,0.0
1788492189.650496,40.84526169007777,-17.104972765462346,110.7525146315262,0.0
1788492189.8560371,40.85800845835025,-17.112822575494945,111.25857892295221,0.0
1788492190.039196,40.78802376728005,-17.114495358407364,111.74403083381435,0.0
1788492190.231733,40.86982084597486,-17.128921188829636,110.34227718667262,0.0
1788492190.4775429,40.80317850079865,-17.134602666713057,111.69321836224356,0.0
1788492190.6996741,40.807685400093035,-17.12839049452636,111.4752504141702,0.0
1788492190.957911,40.80332766554737,-17.127469673662304,111.56732679828542,0.0
1788492191.166775,40.80398278505106,-17.129980740863736,111.53258598017055,0.0
1788492191.454415,40.847290519293125,-17.09901716917438,111.57401600073081,0.0
1788492191.623905,40.78564231631552,-17.109088625284688,111.60828954271568,0.0
1788492191.903741,40.80540306280396,-17.142371625940257,111.49343344720808,0.0
1788492192.089588,40.83752679147,-17.109804357428757,111.64105840110756,0.0
1788492192.289541,40.88489040065807,-17.07559189762874,111.10294503529013,0.0
1788492193.020571,40.84854283499596,-17.113829731721466,111.76193704613064,0.0
1788492193.277795,40.7945809309302,-17.097994222816183,111.5201919183769,0.0
1788492193.4712162,40.81960496994513,-17.099038257560586,111.83359515399206,0.0
1788492193.686201,40.80611132278019,-17.130003354442916,111.48756574013316,0.0
1788492193.9549959,40.80233999838577,-17.12802072096994,111.63374865792497,0.0
1788492194.203291,40.79360993506239,-17.109689609641393,111.62823217329708,0.0
1788492194.47338,40.83557501071209,-17.09451023276672,111.88723821846156,0.0
1788492194.65972,40.80205774735097,-17.12997746414032,111.65532492222508,0.0
1788492194.8640819,40.8409624456335,-17.10578243973487,110.83277806866431,0.0
1788492195.1376672,40.844636474299094,-17.104708987082706,111.68123280344474,0.0
1788492195.3842418,40.810704721293796,-17.128538579935956,111.14047254910378,0.0
1788492195.65503,40.81341339943102,-17.128992689794448,111.1463904434857,0.0
1788492195.915112,40.83619691630561,-17.10888749516816,110.94510399024563,0.0
1788492196.217196,40.83238958828656,-17.079713460238583,111.89397242799646,0.0
1788492196.4590878,40.8051025853878,-17.137675340305947,111.73604421891736,0.0
1788492196.777885,40.836173822183255,-17.07910184017667,111.6382197777641,0.0
1788492196.988655,40.83700679235477,-17.10527595781988,110.995446429771,0.0
1788492197.163247,40.894249311428936,-17.15281956077489,111.83795362751027,0.0
1788492197.413159,41.037482004962555,-17.381170039666525,129.67161898999615,0.0
1788492197.65063,41.332423400569965,-17.777822574193113,159.38103988846183,0.0
1788492197.8849301,41.63071917135821,-17.644390807467907,-158.00376104324812,0.0
1788492198.120651,41.56054338274101,-17.723478678609503,-128.06000364989734,0.0
1788492198.1961899,41.518294496496765,-17.671740000529052,-127.09788421211078,0.0
1788492198.410153,41.53573845998831,-17.718049924763385,-128.1854063353071,0.0
1788492198.511601,41.54606714026035,-17.716211956944473,-127.89086456668088,0.0
1788492198.8431628,41.54513502750899,-17.68510162850006,-129.05930435456878,0.0
1788492199.257938,41.49453739296924,-17.687814386784524,-127.84286821116234,0.0
1788492199.405313,41.49243232983653,-17.699943067076482,-128.76263859247786,0.0
1788492199.571879,41.55094421200218,-17.72627142746366,-128.2001443875768,0.0
1788492199.678623,41.48744468181944,-17.668938085313094,-128.61813682205945,0.0
1788492199.843402,41.525155465859264,-17.710371457644268,-128.78220552286416,0.0
1788492199.909118,41.56516442146445,-17.727522786519092,-127.96945121201907,0.0
1788492200.1402938,41.54537711023708,-17.73163464131171,-128.31892020306373,0.0
1788492200.338968,41.532727665711576,-17.725313616025048,-128.75234533109915,0.0
1788492200.545065,41.58778720658779,-17.698349537103887,-127.02912094789599,0.0
1788492200.7227619,41.57021007565009,-17.716188605671913,-127.22432041824231,0.0
1788492200.956206,41.54879907832179,-17.709248511548815,-127.35039663929433,0.0
1788492201.1285388,41.50389137972512,-17.69639967763744,-128.4220604238667,0.0
1788492201.3330822,41.56299259841448,-17.714382821731725,-127.43139084494874,0.0
1788492201.5568771,41.55880191200274,-17.743462189709888,-127.78250837067026,0.0
1788492201.8288798,41.58086232678898,-17.737917067052358,-128.57982342929074,0.0
1788492202.070009,41.503691063040385,-17.704241288371904,-128.2975245868892,0.0
1788492202.314927,41.567929090418296,-17.739151706208965,-127.25288750635923,0.0
1788492202.6040199,41.5316543565628,-17.73272431104634,-128.68253916450863,0.0
1788492202.8144908,41.5602692869489,-17.750197269277752,-127.52268790367134,0.0
1788492203.586913,41.54691127651685,-17.731726659212647,-128.36733331030877,0.0
1788492203.843242,41.55964164444908,-17.738301301800014,-128.09322876035617,0.0
1788492204.046093,41.533795119054034,-17.733867278021094,-128.37287937423048,0.0
1788492204.271345,41.54128185315319,-17.7396613315705,-127.5083344442063,0.0
1788492204.5576892,41.54470196688418,-17.746480040968542,-128.35870566953417,0.0
1788492204.766578,41.54341737289144,-17.700982170341703,-127.44607422355466,0.0
1788492204.950055,41.54286233906068,-17.683166036857877,-127.72061670110895,0.0
1788492205.1571252,41.581472853905694,-17.69954724883691,-126.56652429575217,0.0
1788492205.358359,41.535637537641996,-17.70072048771743,-128.71539439239848,0.0
1788492205.626086,41.554833104439375,-17.718085270646924,-128.1124503943647,0.0
1788492205.886391,41.52972446276762,-17.716211233281303,-129.12602601289234,0.0
1788492206.2063959,41.55850076351053,-17.712582023357868,-128.65551038402828,0.0
1788492206.416218,41.57667111626856,-17.735989677340843,-127.26524246794725,0.0
1788492206.669371,41.54344006571052,-17.71143995240619,-128.37918134169706,0.0
1788492206.9661381,41.5430689883642,-17.735182453293604,-128.77923846949147,0.0
1788492207.2118258,41.577259636990476,-17.714609599703813,-127.60953006786355,0.0
1788492207.438001,41.55262309141059,-17.711041774235778,-127.68563686098383,0.0
1788492207.6016371,41.537409905466745,-17.748206496087626,-131.27876604643814,0.0
1788492207.797024,41.641859641823366,-17.71065734766614,-144.8275065397546,0.0
1788492208.07524,41.8352633303531,-17.652203209675843,-172.44449987947962,0.0
1788492208.260874,41.708492756040414,-17.759344193991442,137.85228482731225,0.0
1788492208.4587772,41.81215692610186,-17.6413055344112,125.70005087376433,0.0
1788492208.58759,41.800219664789445,-17.66971784056653,126.14460763079228,0.0
1788492208.7197928,41.822393276708226,-17.69433624068159,124.9324727498061,0.0
1788492208.853971,41.80153585546383,-17.673557944318166,125.79914395949686,0.0
1788492208.975845,41.80944093761497,-17.66581845415824,124.9324727498061,0.0
1788492209.31266,41.82479844315483,-17.670170987606642,125.74741881644917,0.0
1788492209.389498,41.78776564077948,-17.718756417060757,125.18965383625721,0.0
1788492209.5869179,41.7826759971408,-17.717677757601617,125.27745041863136,0.0
1788492209.7032142,41.76875475994685,-17.67100624258677,126.06617394729818,0.0
1788492209.923202,41.80406188543467,-17.694758868346256,124.9324727498061,0.0
1788492210.042472,41.80650945163126,-17.64528014231421,125.85170496642576,0.0
1788492210.196222,41.793944316883675,-17.668264131974553,126.09701897189115,0.0
1788492210.61518,41.77286906113064,-17.677236908167536,126.02516277437434,0.0
1788492210.7708328,41.806820073171416,-17.667047408521785,125.7208751062019,0.0
1788492210.9811468,41.80044543136498,-17.647088421443254,125.9773715572374,0.0
1788492211.199301,41.80748572045751,-17.647293520020646,125.8166493622349,0.0
1788492211.4950578,41.795495124491424,-17.67535341249156,126.07729682656418,0.0
1788492211.712461,41.81375401858866,-17.691032725460314,124.9324727498061,0.0
1788492211.903658,41.80657463206725,-17.675507765005474,125.93777653050273,0.0
1788492212.5088708,41.77300692018158,-17.69474014500498,125.98203303123762,0.0
1788492213.302678,41.803975260727015,-17.640649972983457,125.9748924405597,0.0
1788492213.579114,41.7945734508919,-17.679254370764205,126.14722958847102,0.0
1788492213.803563,41.801471968978724,-17.67630358275929,126.22740552494383,0.0
1788492214.5554821,41.76755397506785,-17.697109961593537,125.70752610550414,0.0
1788492214.877304,41.80132984697734,-17.67062947134217,126.13305006801295,0.0
1788492215.1347,41.79381664868184,-17.645452961537924,126.21782457490195,0.0
1788492215.334743,41.79237603297404,-17.64516391130782,126.23177993815688,0.0
1788492215.648714,41.80391315372736,-17.673487738642667,125.97244324479237,0.0
1788492215.859895,41.811832702707605,-17.672756928793834,125.78346078824006,0.0
1788492216.0419,41.76475990096765,-17.663213284767103,126.22874159874277,0.0
1788492216.30621,41.785883828276084,-17.693229289333964,124.9324727498061,0.0
1788492216.4992158,41.80776276298222,-17.647718707023817,125.89557707890805,0.0
1788492216.722207,41.79251003298527,-17.672350651569413,126.23340759399849,0.0
1788492216.897355,41.80349725869844,-17.669889832904666,126.12907250536682,0.0
1788492217.1590111,41.78801915114873,-17.674511005934516,126.17345028549931,0.0
1788492217.368775,41.746623993146336,-17.69343160054025,126.21856958246389,0.0
1788492217.5920599,41.798294654415876,-17.674156107538394,126.15087536640362,0.0
1788492217.85109,41.81551450454516,-17.645074835875825,125.68669395280932,0.0
1788492218.1481862,41.81010106745709,-17.663726921326422,126.01176993485825,0.0
1788492218.355733,41.771177063985334,-17.725107913828605,125.1515503269718,0.0
1788492218.603541,41.77366966798551,-17.760004220202745,128.3834891101988,0.0
1788492218.866136,42.12984689576666,-18.08927694282936,157.24426669994716,0.0
1788492219.024816,42.47812677937629,-18.125514618827637,-172.32705072123883,0.0
1788492219.312261,42.55833482703748,-18.05179797091082,-142.41685102482938,0.0
1788492219.5360389,42.467741328257475,-18.061375392927317,-103.85329301490879,0.0
1788492219.764108,42.470699178941274,-17.989441041199832,-64.02490090036066,0.0
1788492220.0061922,42.442385053812735,-18.025646081354378,-52.18709954764455,0.0
1788492220.079542,42.43372222858404,-18.064199737337375,-53.224283002274575,0.0
1788492220.299653,42.42625304135493,-18.067054036704242,-53.422131950409465,0.0
1788492220.441365,42.41580202628876,-18.059633091671625,-53.83216930664801,0.0
1788492220.6660118,42.39464676858181,-18.040664942177823,-55.11991998015651,0.0
1788492220.799788,42.419442481663275,-18.021612137135655,-52.815178514375205,0.0
1788492221.027194,42.455659849310415,-18.002457282424537,-52.845810531043,0.0
1788492221.085113,42.433864516785036,-18.022005627899595,-52.304294954120735,0.0
1788492221.2957811,42.40842193477913,-18.006599885136087,-53.84871071029653,0.0
1788492221.3970308,42.429574040150776,-18.062360594013168,-53.40444940902043,0.0
1788492221.5968928,42.441425451926825,-18.01790223488066,-52.17168128479743,0.0
1788492221.857225,42.48417972070107,-17.982061761201205,-52.9264605095142,0.0
1788492222.011432,42.441262222451094,-18.05690094501033,-53.07299910900386,0.0
1788492222.247036,42.44101249175585,-18.017499922094295,-52.123079882654935,0.0
1788492222.464843,42.43679130696115,-18.03996684535083,-54.12841813143493,0.0
1788492222.660872,42.439000014871525,-18.042338767310135,-54.12841813143493,0.0
1788492222.8590982,42.43739027570023,-18.036428992964343,-54.12841813143493,0.0
1788492223.224763,42.477676895320684,-17.980675239756437,-52.94873032307784,0.0
1788492223.578743,42.43583353132777,-18.059693947070205,-53.178516358518294,0.0
1788492223.763951,42.42743209505905,-18.058589165078498,-53.30661736087559,0.0
1788492224.041195,42.395221492819495,-18.04174937027729,-55.11991998015651,0.0
1788492224.2317498,42.39745073925411,-18.04347211564236,-55.11991998015651,0.0
1788492224.429987,42.43123820894816,-18.033341450843857,-54.12841813143493,0.0
1788492225.147012,42.438173687771325,-18.042231128142383,-54.12841813143493,0.0
1788492225.350069,42.43848394067353,-18.042048671305608,-54.12841813143493,0.0
1788492225.5450828,42.43433837149112,-18.059073196093923,-53.2390651316515,0.0
1788492225.76529,42.45022683689881,-18.06394157311516,-52.955899623517155,0.0
1788492226.093559,42.47846784951318,-18.01169815880352,-52.82901553232237,0.0
1788492226.28614,42.40000152901191,-18.054317183039817,-54.33718654017903,0.0
1788492226.539613,42.48254254509745,-17.982862373963503,-53.55113411126244,0.0
1788492226.7906308,42.39682575160109,-18.043497027298276,-55.11991998015651,0.0
1788492226.9948359,42.404032079168466,-18.049839162076214,-55.11991998015651,0.0
1788492227.200544,42.49918342519639,-18.00403180105863,-51.709198093241184,0.0
1788492227.394816,42.42933946681925,-18.06210499425004,-53.336278373026005,0.0
1788492227.626959,42.43548555487264,-17.98105535511144,-53.86370264962652,0.0
1788492227.86588,42.439373603559,-18.05996019500203,-53.12460196022775,0.0
1788492228.245952,42.429180661730804,-18.035822023224256,-54.12841813143493,0.0
1788492228.485217,42.47864737114847,-17.97322222853843,-52.78881770471256,0.0
1788492228.8439932,42.44076537296569,-17.983054464852437,-53.86295713166069,0.0
1788492229.049629,42.4391818656319,-18.040197301707025,-54.12841813143493,0.0
1788492229.245049,42.42711834778873,-18.117767873119472,-56.435128288767714,0.0
1788492229.4467578,42.53460371473632,-18.229314248159696,-66.71475272727115,0.0
1788492229.6591842,42.59880772319196,-18.170039723753828,-107.49801957906504,0.0
1788492229.845772,42.6141123439771,-18.129737651692768,-139.44800570739108,0.0
1788492230.032856,42.779102237544905,-18.110197267723468,-168.3480165142406,0.0
1788492230.264072,42.70322315743924,-18.22334134549203,165.2612006001491,0.0
1788492230.428712,42.57713238862037,-18.292588621785008,139.39840464030476,0.0
1788492230.660445,42.62011910980895,-18.27321502035907,126.64688981519652,0.0
1788492230.8412318,42.63237704940251,-18.244628977368393,125.6295835075743,0.0
1788492230.890313,42.613885698091075,-18.243640438569418,126.10706753695962,0.0
1788492231.0972228,42.62492826246111,-18.276267144029568,126.5873812700662,0.0
1788492231.1912808,42.624199282289865,-18.251454735460424,125.66141560884489,0.0
1788492231.357988,42.648698055460066,-18.24719154628618,125.72788780510871,0.0
1788492231.489954,42.647542367547445,-18.219657686045696,125.78351891248656,0.0
1788492231.6175811,42.61631562923522,-18.25592854762095,126.2683046202194,0.0
1788492231.746943,42.626841875036675,-18.27328517949232,126.53221588652525,0.0
1788492231.884703,42.63233887168708,-18.209935554068384,125.51777448270815,0.0
1788492232.019825,42.65484059827044,-18.225113113273792,125.71528294001331,0.0
1788492232.149249,42.611392819871774,-18.25562214882122,126.32019446346385,0.0
1788492232.375224,42.61592982411674,-18.25857365937523,125.91925763656201,0.0
1788492232.656567,42.61779845278803,-18.24859566488915,125.96942774956051,0.0
1788492232.8014898,42.616762144645534,-18.247180590536775,125.96873393340616,0.0
1788492233.003524,42.61005469504227,-18.246667440791313,126.1608853441935,0.0
1788492233.2163389,42.620116208688316,-18.25710182855876,125.90747730477301,0.0
1788492233.4162529,42.65261157535111,-18.269807524013135,126.36320171052199,0.0
1788492233.679182,42.62220490737556,-18.26242019986087,126.36024492068532,0.0
1788492233.9477959,42.60844442953393,-18.26799211128181,126.84585549783787,0.0
1788492234.126276,42.643222630655686,-18.21908321083989,125.52024345155291,0.0
1788492234.3297951,42.61927379686349,-18.267608681079185,126.55910521775985,0.0
1788492234.518917,42.63488963459035,-18.26928445091306,126.1384535933775,0.0
1788492234.786022,42.64234067978986,-18.217266321629022,125.4211654498178,0.0
1788492234.9876668,42.62077756290477,-18.276001253376304,126.52758458265868,0.0
1788492235.7605498,42.64528534260409,-18.24765763089406,126.18247209751928,0.0
1788492236.221684,42.61145362331459,-18.251783601358955,125.97736662891344,0.0
1788492236.368587,42.673675336645225,-18.232942574231906,125.96891225892273,0.0
1788492236.631767,42.64263868834881,-18.244844997059552,125.13772154344622,0.0
1788492236.900456,42.622137482549064,-18.251496620095764,126.02546971687025,0.0
1788492237.096534,42.61021194655985,-18.267686711022595,126.6200336230961,0.0
1788492237.292459,42.60673071309964,-18.271321015032786,127.08113675346306,0.0
1788492237.490079,42.65610130917044,-18.221139782682503,125.04683419980199,0.0
1788492237.698797,42.64430332165746,-18.249272355472204,125.15980717499554,0.0
1788492237.8786051,42.611403537221506,-18.263820183353612,126.29391167816675,0.0
1788492238.0888278,42.6441369819405,-18.2427787016224,126.30475893047424,0.0
1788492238.281575,42.63992921206157,-18.234462482516665,126.46936185843902,0.0
1788492238.5528488,42.60592108774807,-18.26772251235226,126.65899727978757,0.0
1788492238.786506,42.63903425478481,-18.25671421187685,125.69082812846545,0.0
1788492239.014184,42.60944049160459,-18.277162444046187,126.9520782387765,0.0
1788492239.205448,42.61421525795025,-18.260764792274617,126.29337608307145,0.0
1788492239.4057999,42.62112941073198,-18.269400894885575,126.50264859881139,0.0
1788492239.617986,42.672501282693176,-18.22030870046364,119.9416824757526,0.0
1788492239.8026,42.58435271588039,-18.20129444374337,108.1420217426554,0.0
1788492239.998235,42.580588339133435,-18.22156393819729,80.1561489328559,0.0
1788492240.1893098,42.506763588277956,-18.31560192466239,49.83647779940043,0.0
1788492240.3943942,42.52647734597566,-18.20835572349747,37.51511344684718,0.0
1788492240.630979,42.56260336216546,-18.239319786425494,37.84374263912875,0.0
1788492240.680203,42.52108795677997,-18.199795577357342,37.759055078530906,0.0
1788492240.8596742,42.51947587868204,-18.20562738823365,37.74281059771201,0.0
1788492240.926445,42.52013916918348,-18.20374166894411,37.91272948076522,0.0
1788492241.1348548,42.56286507756482,-18.256984039866623,37.40695209423873,0.0
1788492241.287989,42.51796416846768,-18.194094016144927,38.0384030287384,0.0
1788492241.392309,42.5250230505692,-18.20004441040586,37.75887455223415,0.0
1788492241.59126,42.55755913783618,-18.25389433389093,37.2033597337352,0.0
1788492241.6539562,42.51990738018102,-18.213245729203635,37.45171703758206,0.0
1788492242.0383518,42.52101834578684,-18.2018078992219,37.900481218377536,0.0
1788492242.175803,42.526183322019854,-18.204304665488785,37.50575753216873,0.0
1788492242.303157,42.52946859386512,-18.203255220526263,37.64482276753765,0.0
1788492242.52025,42.520660464947106,-18.206874223329287,37.4612581535784,0.0
1788492242.747645,42.51502149713607,-18.21590991188167,37.4209556359537,0.0
1788492242.9819431,42.56469681981269,-18.254339626858815,37.564766662426194,0.0
1788492243.170439,42.52476969592056,-18.214650650141785,37.13860694392548,0.0
1788492243.531214,42.514523104316766,-18.21048863851864,37.39131475408212,0.0
1788492243.716486,42.52600321455702,-18.2020494479347,37.601799017905364,0.0
1788492243.955827,42.53156865075793,-18.19959873363227,37.307230560435414,0.0
1788492244.1736488,42.52443365320611,-18.20754631805047,37.662370029493445,0.0
1788492244.417666,42.52056889003301,-18.21959192249359,37.55329415023277,0.0
1788492244.896638,42.52205216633632,-18.209347444531087,37.61047391687683,0.0
1788492245.2131789,42.52164001716408,-18.190661126603736,37.7172405929299,0.0
1788492245.447809,42.51527331117005,-18.203502152055055,37.6206190264798,0.0
1788492246.169216,42.56617548051199,-18.246518733354232,37.32220744512608,0.0
1788492246.419002,42.55932987699284,-18.243009347868057,37.89072637599449,0.0
1788492246.6913102,42.534572360684116,-18.213166053440588,37.279006700412765,0.0
1788492246.9550238,42.51657424709332,-18.202013985498038,37.45262646762737,0.0
1788492247.221333,42.51898209739749,-18.20500138116767,37.64564568161171,0.0
1788492247.461154,42.52614382663153,-18.19259017607814,37.82073375213656,0.0
1788492247.68708,42.52241571494663,-18.20169698332893,37.61952194429142,0.0
1788492247.98586,42.565703301245854,-18.254578695707803,37.42088479651312,0.0
1788492248.242042,42.515071330335466,-18.207209034877494,37.749944422827355,0.0
1788492248.4474418,42.52897944257171,-18.205759209456,37.52601876753084,0.0
1788492248.716429,42.518650316985045,-18.208519084292426,37.6040754648767,0.0
1788492249.004083,42.52452564539316,-18.19902722679095,37.51652858424404,0.0
1788492249.242741,42.52507822824664,-18.20449296517724,37.84370879700106,0.0
1788492249.516751,42.51267712811703,-18.19473027475617,37.99935175777904,0.0
1788492249.725715,42.56505661525049,-18.24390389623715,37.861879866209904,0.0
1788492250.032985,42.52454234944498,-18.212407832799435,37.34491390151908,0.0
1788492250.227992,42.52350007741809,-18.20653314063391,37.51202171210008,0.0
1788492250.4340632,42.426829463082036,-18.279891302759648,39.17116151797586,0.0
1788492250.630656,42.208435978916576,-18.46460349378698,52.71015148433739,0.0
1788492250.82268,42.115785871767585,-18.904891871919958,77.15912045510532,0.0
1788492251.063702,42.11671916191667,-19.256588654725427,111.1735631529425,0.0
1788492251.238492,42.1836494340788,-19.18420084963827,126.45192716212517,0.0
1788492251.458643,42.14377691567013,-19.185296029916174,126.39034976722155,0.0
1788492251.518044,42.136740941390826,-19.198212449222797,124.99534167703621,0.0
1788492251.7412548,42.07811100596234,-19.199807115466232,125.87258450973252,0.0
1788492251.8175402,42.10245223975451,-19.206282684482588,125.77467163655388,0.0
1788492252.01567,42.076961295305786,-19.20042560710774,125.71087396929101,0.0
1788492252.141448,42.13116394766374,-19.27186890824438,123.45720431129826,0.0
1788492252.278285,42.111196083719356,-19.184037860935632,126.46301135907038,0.0
1788492252.477969,42.1437862219672,-19.15681116114225,126.27100127131916,0.0
1788492252.6650739,42.12423987861016,-19.17828113761615,126.29391109918538,0.0
1788492252.962421,42.148299665152635,-19.186245976318563,126.20531042432629,0.0
1788492253.227328,42.14824754551078,-19.234979119756826,123.19787934059588,0.0
1788492253.234227,42.11224494779586,-19.184883385080983,126.39308109530134,0.0
1788492253.390871,42.101973261360826,-19.18415177757457,125.94321345138144,0.0
1788492253.6050382,42.11642293911489,-19.246890986942823,123.13202533585041,0.0
1788492253.8866508,42.07415809010123,-19.195064314572214,125.89925980113571,0.0
1788492254.154432,42.1433121965369,-19.177414743785633,125.55244702228339,0.0
1788492254.32044,42.16560866684084,-19.162251370943792,126.72352672743125,0.0
1788492254.5271559,42.13684582666329,-19.179027525949362,125.52089901035276,0.0
1788492254.722087,42.10876877940244,-19.19403670613442,125.90017086185668,0.0
1788492254.919883,42.169160887278785,-19.181172671572416,125.7670005379482,0.0
1788492255.1776462,42.148357309840044,-19.17850900314231,126.53414898601807,0.0
1788492255.450298,42.12929484238284,-19.22725447259829,125.62734191665481,0.0
1788492255.647198,42.1455509885851,-19.184484417638142,126.3684791546271,0.0
1788492255.8400269,42.146562378728,-19.23519803309305,123.16028187312031,0.0
1788492256.041545,42.11709615244798,-19.195764595703025,125.68498731290487,0.0
1788492256.865794,42.14768404836873,-19.235927500543152,123.22227663580065,0.0
1788492257.120047,42.11197460521787,-19.185826801590284,126.36135374401397,0.0
1788492257.450785,42.09013602923441,-19.236549193782732,126.04437963346766,0.0
1788492257.72388,42.14023415789552,-19.186524943910012,126.45103975441964,0.0
1788492257.980782,42.104808830506784,-19.202987739218212,126.03143011632409,0.0
1788492258.2248802,42.07408467176354,-19.195122377426543,126.03269303011052,0.0
1788492258.472509,42.0848494296172,-19.219430831686083,125.7475842288344,0.0
1788492258.6806881,42.101569517967334,-19.18242241521104,125.81229253678657,0.0
1788492258.873496,42.12430324317562,-19.20579374782558,125.50495550316225,0.0
1788492259.1123898,42.156192543153416,-19.182155569361907,126.13063251281665,0.0
1788492259.38463,42.101718161542465,-19.20133811087534,126.08650436815861,0.0
1788492259.6464179,42.10732973195691,-19.210307785851743,125.95110214247313,0.0
1788492259.876082,42.076349442400705,-19.205694726087238,125.75050110433426,0.0
1788492260.126451,42.10077594631544,-19.20386214123155,125.84745761159684,0.0
1788492260.387058,42.1355464429084,-19.2001198363416,125.06266188494101,0.0
1788492260.5885131,42.12513836166504,-19.204519319968067,125.55651265817909,0.0
1788492260.7918348,42.11433110473139,-19.23784361624976,123.26763986928609,0.0
1788492260.999508,42.104559564204706,-19.236590761409108,120.39099398824158,0.0
1788492261.1871119,42.04323453260878,-19.107839802204804,107.29928637461052,0.0
1788492261.469662,42.03415375185318,-19.1784815607487,77.22122288717463,0.0
1788492261.7017221,41.97132069009273,-19.299403580234827,35.13288732194118,0.0
1788492261.9874492,41.87308592986592,-19.15503004560394,19.990990732948774,0.0
1788492262.09994,41.84337305547773,-19.19675151415821,18.231851297337073,0.0
1788492262.337513,41.874527207671434,-19.207472547207814,19.548057681876855,0.0
1788492262.533354,41.892321241897506,-19.218329228338447,19.773787973638633,0.0
1788492262.5877619,41.84705365376916,-19.165876781040314,20.538822970594282,0.0
1788492262.8447711,41.883805867569976,-19.196954768184785,19.548057681876855,0.0
1788492262.922013,41.84508288068469,-19.1587726135275,20.55251127816163,0.0
1788492263.047105,41.85155661177422,-19.20131540851284,20.18853252465277,0.0
1788492263.2457979,41.894029852064996,-19.218616019350154,19.488157375194987,0.0
1788492263.293949,41.86069577903298,-19.244733362122783,19.596628473586776,0.0
1788492263.556727,41.880463057474834,-19.20114690267281,19.548057681876855,0.0
1788492263.6887622,41.8645659551865,-19.18402139910583,20.291348282059147,0.0
1788492263.821179,41.87811231816455,-19.20115099821193,19.548057681876855,0.0
1788492264.047872,41.86531133900579,-19.23979860342071,17.459771387297735,0.0
1788492264.229811,41.875067686985965,-19.185263453611245,20.479521978806076,0.0
1788492264.444872,41.864259052552775,-19.158396924341044,20.009441149719805,0.0
1788492264.669117,41.86002109385415,-19.161675787190987,20.25642792760965,0.0
1788492264.946881,41.867986146640234,-19.20741212259079,19.473488150668544,0.0
1788492265.1411252,41.857350734429545,-19.205254899791893,19.856540005699856,0.0
1788492265.356315,41.86679372463214,-19.19261437332085,19.86835405131984,0.0
1788492265.732984,41.86696927817473,-19.183934647562033,20.185579999336028,0.0
1788492265.947058,41.86455253533046,-19.24454951923409,17.459771387297735,0.0
1788492266.208332,41.87754080976762,-19.204789608403015,19.548057681876855,0.0
1788492266.408001,41.86816317770045,-19.202977542037747,20.136861954192824,0.0
1788492266.638398,41.87012998252822,-19.197994080538287,20.13065939954427,0.0
1788492266.897387,41.884026807373914,-19.235451274258534,19.267610386493175,0.0
1788492267.840648,41.896232027960934,-19.215913535536615,19.372744070350365,0.0
1788492268.068877,41.88993658422367,-19.219915682248743,19.46267234131284,0.0
1788492268.2649212,41.85341693504052,-19.201178270610143,19.343558770291423,0.0
1788492268.457878,41.87263226060609,-19.24896899995193,18.273322011900746,0.0
1788492268.7011032,41.86843808306982,-19.227093345200228,19.950885910598203,0.0
1788492268.974487,41.87172005614873,-19.184821702498997,19.97585357372887,0.0
1788492269.440743,41.902321129580116,-19.221791305163222,19.24562483946167,0.0
1788492269.6505191,41.88194754832581,-19.229352387697826,20.44318540168831,0.0
1788492269.844005,41.882371339167875,-19.241518231473346,18.69946968489438,0.0
1788492270.2971818,41.85798229547171,-19.24784505202141,17.459771387297735,0.0
1788492270.499074,41.88292907216774,-19.194130869269436,19.548057681876855,0.0
1788492270.694679,41.8241175488496,-19.21900467286704,18.364341147169284,0.0
1788492270.890631,41.8580718918871,-19.201410264566096,19.77809100645902,0.0
1788492271.086786,41.88616025151703,-19.23868675251217,18.762448727087275,0.0
1788492271.287861,41.89070153093825,-19.226996516476834,19.648369646353757,0.0
1788492271.5211709,41.846930638347075,-19.16717462948521,20.474619699760296,0.0
1788492271.777869,41.864917278035875,-19.175590708394978,20.48835760342439,0.0
1788492272.00288,41.76935604454255,-19.34837291007943,23.67719167498683,0.0
1788492272.237727,41.48024395031723,-19.506620379950043,46.94013431331072,0.0
1788492272.404021,41.28734805290138,-19.800177690979094,75.92903517262067,0.0
1788492272.612724,41.301250563383824,-19.980141963008993,103.38578139410777,0.0
1788492272.8713212,41.337748166959386,-20.01974710146729,124.32558477967268,0.0
1788492272.996147,41.34593044937258,-19.98915350428622,124.09599816756258,0.0
1788492273.135394,41.34231931627634,-20.012795591111747,123.93415406121977,0.0
1788492273.319424,41.36328088609645,-19.988191271252703,123.95614165402037,0.0
1788492273.397989,41.33030791586973,-20.015009704788625,123.94584051490199,0.0
1788492273.632063,41.32984392438553,-20.017918415250676,123.97187411884084,0.0
1788492273.736678,41.33630124086708,-20.01144630398565,123.72904043408965,0.0
1788492273.938955,41.326222251086065,-20.006130252371165,123.96517526211824,0.0
1788492273.988075,41.324425904067226,-20.034646802078303,124.94485087450272,0.0
1788492274.238343,41.32194500212726,-20.026064619614704,124.52720927683043,0.0
1788492274.3145669,41.32650734340498,-20.01116157925719,124.30611148646062,0.0
1788492274.5126772,41.33581365560565,-20.012706293160818,124.02008610588172,0.0
1788492274.713668,41.33405562184139,-20.01523919648612,124.14849329361857,0.0
1788492274.904874,41.34044487621629,-20.0130304868462,123.78492035789452,0.0
1788492275.1437702,41.35303471041142,-19.987475215369315,123.96387258724718,0.0
1788492275.358238,41.31880427572753,-20.01750574043491,124.4348473378966,0.0
1788492275.596908,41.322282437320105,-20.01519121544892,124.03402254325732,0.0
1788492275.8506298,41.33840943578533,-19.989867438802037,124.0911215575332,0.0
1788492276.112057,41.33575684091688,-20.002821797497102,123.56581606412243,0.0
1788492276.3964632,41.33034751482093,-20.01229482443199,123.96156456165102,0.0
1788492276.651642,41.352417962775164,-20.027688509459924,123.55149038994324,0.0
1788492276.82074,41.285184025110816,-20.049196308669945,124.16514294086437,0.0
1788492277.0213919,41.335463475014,-20.011292318699784,123.85717084770823,0.0
1788492277.228554,41.331357168434074,-20.008151077673695,124.07026275430746,0.0
1788492277.949576,41.31238338912186,-20.01152513595698,124.4253901586535,0.0
1788492278.212988,41.34893823319655,-20.00852018861374,123.8421512530216,0.0
1788492278.408171,41.357718964498744,-20.02434307823245,123.82968283569062,0.0
1788492278.673221,41.33616898799161,-19.99788473896923,123.79143134073627,0.0
1788492278.869869,41.315060602733766,-20.0149065575636,124.34280013242807,0.0
1788492279.071906,41.33668727483737,-20.01152564161533,123.76407086813907,0.0
1788492279.267495,41.34395005175591,-19.998975235355744,123.44429985814452,0.0
1788492279.4744241,41.31688635044484,-20.006097471334748,124.24485047525945,0.0
1788492279.6627321,41.343178771099765,-20.014919618034355,124.13830296476647,0.0
1788492279.857144,41.33024551262259,-20.01652457143853,124.13999921162207,0.0
1788492280.073161,41.328921854524225,-20.01679328817162,124.1210731626399,0.0
1788492280.262374,41.32734352025029,-20.016005603873868,124.02665360950465,0.0
1788492280.51324,41.346235718474645,-20.010855032944914,123.74866327517918,0.0
1788492280.793671,41.33406940389547,-20.00780391985923,124.00860272598777,0.0
1788492281.0487292,41.32274650108475,-20.01004118159709,124.28660319022981,0.0
1788492281.3143418,41.31268344065613,-20.015289254118887,124.43669906573791,0.0
1788492281.517216,41.321781780540526,-20.012190022386427,124.51382618135159,0.0
1788492281.7116559,41.25309986824096,-19.96510736982134,122.11275064837355,0.0
1788492281.904268,41.243444307829925,-19.921208013641003,101.57367120360084,0.0
1788492282.111063,41.101718634860326,-19.970494411287056,73.53001701290441,0.0
1788492282.297173,41.178819261705605,-19.998905458969485,41.06017459845802,0.0
1788492282.50981,41.02480857678833,-20.06546588076508,10.61715607173619,0.0
1788492282.73436,41.10808162301225,-19.970631104553927,-17.55300756329467,0.0
1788492282.957661,41.09115623285312,-19.926554599813077,-55.14623084924476,0.0
1788492283.15818,41.134647757545075,-19.906101991793882,-55.64884306197152,0.0
1788492283.356132,41.09678833976706,-19.90479567130907,-55.78954244487878,0.0
1788492283.4260201,41.111417089839314,-19.906125618003593,-56.4615377799403,0.0
1788492283.624547,41.1385047496603,-19.87848679291036,-56.45625192401744,0.0
1788492283.6900108,41.106938475860176,-19.928459287930828,-55.618428713553385,0.0
1788492283.894023,41.09569173786212,-19.925954490138313,-55.69066928419407,0.0
1788492283.9601011,41.11139141826094,-19.905974236537677,-56.4615377799403,0.0
1788492284.157228,41.10111926540731,-19.91790135672421,-55.62713079785709,0.0
1788492284.279022,41.0999956943758,-19.906201357437475,-55.674899101145044,0.0
1788492284.417324,41.10512233286297,-19.925865712905146,-55.61962444358085,0.0
1788492284.716379,41.119332191989926,-19.87982600034986,-57.40701731749655,0.0
1788492284.7755818,41.11206514962587,-19.90293351256383,-56.4615377799403,0.0
1788492284.9619,41.10880130793765,-19.897374893197807,-56.4615377799403,0.0
1788492285.145082,41.10818964657816,-19.898440784759913,-56.4615377799403,0.0
1788492285.347133,41.09582251890723,-19.923738357985517,-55.795055604605864,0.0
1788492285.546058,41.10985127314499,-19.922445843727886,-55.699053537728446,0.0
1788492285.7468338,41.13774697634368,-19.881317938031483,-56.483863729354965,0.0
1788492285.9282932,41.0934419561497,-19.923534307202996,-55.82444107564865,0.0
1788492286.206146,41.13259596937663,-19.895240607803668,-55.561191570277714,0.0
1788492286.401682,41.06919335903104,-19.905261964829442,-57.39390345123613,0.0
1788492286.617324,41.10708896269196,-19.906352636225748,-56.4615377799403,0.0
1788492286.933113,41.10444252012591,-19.9053549427346,-56.4615377799403,0.0
1788492287.12637,41.10103001685749,-19.930184762619024,-55.888519355860865,0.0
1788492287.4028878,41.07200191822278,-19.888266572975187,-57.39390345123613,0.0
1788492287.670766,41.09990514363478,-19.924608129102182,-55.75456963855743,0.0
1788492288.373003,41.0940755665411,-19.921461481617516,-55.738381883783745,0.0
1788492288.625896,41.097802866408365,-19.924303540742283,-55.7624671015094,0.0
1788492288.858175,41.10989496019185,-19.932493967634493,-55.577809375362094,0.0
1788492289.033329,41.06944626473331,-19.90181275310963,-57.39390345123613,0.0
1788492289.2330081,41.09894852795797,-19.92547845944037,-55.740720065145524,0.0
1788492289.499103,41.106822803953214,-19.900298059080317,-56.4615377799403,0.0
1788492289.768801,41.1170582769879,-19.878885850319524,-56.4615377799403,0.0
1788492290.014175,41.09864459796258,-19.925181355413983,-55.70385959958713,0.0
1788492290.237694,41.14179563260482,-19.901630109517736,-56.22932288848112,0.0
1788492290.4947891,41.10880375003167,-19.919372301328835,-55.67387369539438,0.0
1788492290.762032,41.10570403077418,-19.926949124843187,-55.61967245990664,0.0
1788492291.010592,41.065874430477336,-19.9053288910111,-57.39390345123613,0.0
1788492291.278927,41.1076036040923,-19.932272301057054,-55.501235346140135,0.0
1788492291.543447,41.10912451598857,-19.903792705972748,-56.4615377799403,0.0
1788492291.808105,41.110633415605925,-19.90443493952345,-56.4615377799403,0.0
1788492292.0015428,41.10527436568064,-19.92962019651278,-55.5063016344462,0.0
1788492292.2342029,41.10296197022634,-19.920700435751012,-55.52512215692255,0.0
1788492292.405586,41.11969460688334,-19.864476795670694,-53.85729400699938,0.0
1788492292.620296,40.89476415144501,-19.682598988754567,-31.777877374695095,0.0
1788492292.832503,40.59401810169947,-19.474211710758848,0.4437664264760599,0.0
1788492293.0609589,40.549995370946554,-19.571971935875247,38.419573133825736,0.0
1788492293.262066,40.58515084359207,-19.595224344756225,65.48031728003406,0.0
1788492293.4770079,40.56330032772721,-19.723441815292848,93.05343734299163,0.0
1788492293.6582558,40.64882632119976,-19.720594961008562,118.89948080902946,0.0
1788492293.8548841,40.5861674014152,-19.724319144930938,123.450853798369,0.0
1788492294.0474849,40.65024499840291,-19.72568383780998,122.33784996013435,0.0
1788492294.119513,40.66544072421187,-19.705627648508464,122.94096268134462,0.0
1788492294.315978,40.64902953331127,-19.72063774259338,122.87670788498178,0.0
1788492294.378809,40.65240115779565,-19.677072882783115,122.59475552329081,0.0
1788492294.5795572,40.66338523762731,-19.652848848741193,122.91195982955264,0.0
1788492294.64242,40.672596997813514,-19.69218357429434,122.87232603618781,0.0
1788492294.908376,40.680728854743904,-19.7027160409434,122.71657039488832,0.0
1788492294.9629078,40.65533028253712,-19.676372619232993,122.54149581324486,0.0
1788492295.1262121,40.69110458098708,-19.69113029617385,122.50734910390656,0.0
1788492295.305589,40.692474861864994,-19.692478050583315,122.39270383499047,0.0
1788492295.371736,40.67434791812808,-19.711877796358937,122.87452660059898,0.0
1788492295.567294,40.63352394031607,-19.732731580179557,122.68926700754878,0.0
1788492295.762759,40.696085484263925,-19.698471038750725,122.23422171239463,0.0
1788492295.962583,40.69581323593118,-19.708668607550894,121.3110065362091,0.0
1788492296.191723,40.656988601785145,-19.725749769947804,122.71473749872808,0.0
1788492296.433839,40.68573442029976,-19.6983246494392,122.69732028686121,0.0
1788492296.622399,40.66960564822881,-19.688773407748123,122.85339376570272,0.0
1788492296.8382149,40.69389969821881,-19.695557878584214,122.09466755187174,0.0
1788492297.0192482,40.6656815869944,-19.716167940598893,122.63812111577624,0.0
1788492297.228364,40.62159767517951,-19.674901646816807,122.7142321111769,0.0
1788492297.4716392,40.68339279999895,-19.6918402843675,122.47447903427178,0.0
1788492297.695518,40.6843661609535,-19.70038681822266,122.59134199385028,0.0
1788492297.883971,40.60396858709181,-19.76658729537152,123.41042485220561,0.0
1788492298.159376,40.67905599315875,-19.699723021358917,122.7967168908898,0.0
1788492298.934193,40.6550800335254,-19.676897545706513,122.52519639341989,0.0
1788492299.130498,40.63219197554726,-19.706125928091357,122.84156387365596,0.0
1788492299.327883,40.63831762751624,-19.737550414282378,122.85177428810391,0.0
1788492299.5290828,40.621910344253635,-19.682556078604748,122.69169818648038,0.0
1788492299.748766,40.62892431180212,-19.72736288978923,122.94349142878025,0.0
1788492300.0448608,40.67085026632762,-19.670342129670193,122.73010984088768,0.0
1788492300.2715578,40.65959845511375,-19.63312698497488,122.64030196436761,0.0
1788492300.5355608,40.672430566929485,-19.693579518807272,122.771547799583,0.0
1788492300.727372,40.62497206103075,-19.70004807048926,122.98747804696762,0.0
1788492300.977983,40.6809262907126,-19.698452562101807,122.87204252205044,0.0
1788492301.182719,40.67037097562293,-19.693959608355208,122.87095872566033,0.0
1788492301.485585,40.67801897700922,-19.690217806262684,122.8031332439208,0.0
1788492301.869736,40.64197756374233,-19.677177454829746,122.89387570392341,0.0
1788492302.198806,40.67476197879869,-19.69179891063758,122.91748153383247,0.0
1788492302.462544,40.663868250091795,-19.677191607921383,122.72893870630571,0.0
1788492302.709666,40.6774623593662,-19.697273007237662,122.76507719237316,0.0
1788492302.900007,40.67717041077578,-19.696753733600236,122.67207166520564,0.0
1788492303.1217668,40.725755792664756,-19.883875297938403,124.37520611252728,0.0
1788492303.293491,40.90250082547813,-20.088001931333963,140.19499604150133,0.0
1788492303.501874,41.33744933306783,-20.222326112979474,171.84812778250034,0.0
1788492303.698571,41.412323429900916,-20.223830888815346,-156.77461660106303,0.0
1788492303.9043682,41.3332462736472,-20.290268844372005,-146.75079135963358,0.0
1788492304.012954,41.38821039573456,-20.305581188101826,-145.88833077060173,0.0
1788492304.150552,41.33040212989161,-20.268155698706813,-146.626970741474,0.0
1788492304.344225,41.38559611526911,-20.304876307410073,-145.81995943979155,0.0
1788492304.412739,41.331200606254306,-20.26088544448779,-146.7782003039507,0.0
1788492305.112177,41.285449478725305,-20.2232743117129,-146.65877754820383,0.0
1788492305.602178,41.33138431644431,-20.260875670154675,-146.8944181850606,0.0
1788492305.71724,41.33345922738657,-20.27873744451453,-146.42690506457438,0.0
1788492305.903893,41.37413252631342,-20.231869209672546,-149.39356534331057,0.0
1788492305.951288,41.338714949127166,-20.26794661478572,-146.8939055724377,0.0
1788492306.1343622,41.31089197642577,-20.26552830750907,-146.90609885438147,0.0
1788492306.278947,41.33251311621683,-20.270613511711428,-146.65959812686287,0.0
1788492306.392597,41.35115025262904,-20.307171523794022,-145.5237722751375,0.0
1788492306.595294,41.333526321335796,-20.26689786597034,-146.77819797040263,0.0
1788492306.786658,41.3858587697095,-20.2967984884971,-145.8692514391338,0.0
1788492307.0231738,41.387902058212276,-20.309592141995115,-145.62497640227627,0.0
1788492307.2713878,41.33415357997626,-20.25968901902095,-146.87687978297066,0.0
1788492307.4619899,41.37034859330491,-20.293937196596517,-145.08948632950154,0.0
1788492307.9013371,41.33997310531308,-20.275624518591414,-146.6922707302441,0.0
1788492308.199876,41.33432910084215,-20.261605576579495,-146.58498959929761,0.0
1788492308.427489,41.39022795234471,-20.302935602465574,-145.31845249173,0.0
1788492308.703264,41.33176144554617,-20.29416946937279,-146.71375356493854,0.0
1788492308.9068558,41.32881020026409,-20.26745127826765,-146.66296842420724,0.0
1788492309.100704,41.33427969741117,-20.267185874104946,-146.84746425664775,0.0
1788492309.293136,41.400397269742925,-20.31293015371195,-145.23660478521163,0.0
1788492309.533144,41.2835446026858,-20.20802252476701,-147.02022192603732,0.0
1788492310.2230442,41.33358986949349,-20.261235759147006,-146.8819128117351,0.0
1788492310.446041,41.33319458458494,-20.25301721239522,-147.38608236286774,0.0
1788492310.847498,41.42149170168101,-20.272010848126747,-148.06045149046042,0.0
1788492311.067447,41.33507936663761,-20.271524122868673,-146.65502746477324,0.0
1788492311.27326,41.33313325566821,-20.268935460037106,-146.85767589229187,0.0
1788492311.5915651,41.33457578192667,-20.264572523692507,-146.82467225887706,0.0
1788492311.8995242,41.289871914973304,-20.255744764756184,-146.78718441742234,0.0
1788492312.1409411,41.302493081035244,-20.26650256532626,-146.6857644205561,0.0
1788492312.348862,41.295075834998634,-20.213301863055214,-147.00473386413762,0.0
1788492312.565005,41.30455117928299,-20.274552472402625,-146.50589635851247,0.0
1788492312.793785,41.335798218915215,-20.28387453568011,-146.2119569025429,0.0
1788492313.071872,41.30185288812629,-20.264667222075765,-146.89524616699322,0.0
1788492313.3093219,41.33180571417831,-20.264063200836652,-146.75443844108054,0.0
1788492313.556986,41.33522825982251,-20.26301348165386,-147.05438067515604,0.0
1788492313.8753011,41.27975138394795,-20.24360526801947,-146.65001734772545,0.0
1788492314.109622,41.331341275214605,-20.272822128815747,-146.6658809490806,0.0
1788492314.320787,41.331840822637645,-20.27288514823085,-146.62913749475695,0.0
1788492314.518791,41.2726629386171,-20.291265057275773,-153.04871697731068,0.0
1788492314.742362,41.255262575172246,-20.30762384445087,-166.7274903325923,0.0
1788492314.9084601,41.37812065638554,-20.323027773483084,162.06588978651376,0.0
1788492315.1556962,41.37141180420261,-20.370223939595522,127.593192881817,0.0
1788492315.333358,41.360325337315444,-20.57129074566609,113.14685991244977,0.0
1788492315.4345112,41.28706341638225,-20.461555854827104,115.36107245230579,0.0
1788492315.654655,41.321971593654084,-20.481244533221044,115.53903093695817,0.0
1788492315.926143,41.407100878161515,-20.50075764744192,113.27168402704388,0.0
1788492316.004997,41.3922321525473,-20.544776694032766,113.60203450596583,0.0
1788492316.148559,41.32860906505849,-20.4971359930111,115.05708684877794,0.0
1788492316.4228082,41.399239900932244,-20.556695369059224,113.28861031978886,0.0
1788492316.6067939,41.3231595987882,-20.52182606606339,114.90244674666388,0.0
1788492317.013819,41.334223988773694,-20.46217012671783,115.70099717405651,0.0
1788492318.415722,41.37647294484729,-20.470239910705768,115.46157339881677,0.0
1788492318.514935,41.2922565940782,-20.5090040407645,115.43621671092677,0.0
1788492319.131318,41.35855821924673,-20.51063252434072,115.38896177184597,0.0
1788492319.8107278,41.346624171048184,-20.524371042741375,115.39404245817514,0.0
1788492320.1427572,41.354195982437915,-20.5709264897342,113.11688545761234,0.0
1788492320.383211,41.32487549730312,-20.508548811702074,115.52496988352675,0.0
1788492320.602238,41.387400541530724,-20.517788527053295,113.39145603396037,0.0
1788492320.845369,41.35477325540943,-20.56432358160158,113.06521056094874,0.0
1788492321.05953,41.33334500035751,-20.47409591316583,115.44107743524165,0.0
1788492321.303253,41.332952685820594,-20.46173032452019,115.34137560611873,0.0
1788492321.573458,41.36506388242687,-20.457873254555416,115.39083653956402,0.0
1788492321.769079,41.326559829168616,-20.49538519317319,115.2858707179214,0.0
1788492322.570824,41.396422280482184,-20.471088638728833,114.47214670439047,0.0
1788492322.759514,41.36060259766966,-20.447599203625515,115.30852990744421,0.0
1788492322.956104,41.34861328671556,-20.571333455267517,113.09697976721736,0.0
1788492323.156321,41.392810340945864,-20.523069405921035,113.0656600540982,0.0
1788492323.3563771,41.323641998422644,-20.507306629147873,115.97143387169831,0.0
1788492323.55842,41.445088463047654,-20.473747359250694,113.28861031978886,0.0
1788492323.75799,41.33418048186582,-20.48631272919848,115.55673154354349,0.0
1788492324.016088,41.35069895502228,-20.568524033251094,113.03268460864558,0.0
1788492324.210932,41.37525039068573,-20.49185998730954,112.93800343876359,0.0
1788492324.48068,41.29434979638165,-20.531923182128004,115.5753001415012,0.0
1788492324.7065659,41.35536305940405,-20.53486136944939,112.89427129337713,0.0
1788492324.937696,41.35910168370905,-20.47622329631128,115.06769143367785,0.0
1788492325.305158,41.41911895030921,-20.495062361501066,112.51236862975759,0.0
1788492325.54032,41.31500010305233,-20.491189421343318,115.24075234997247,0.0
1788492325.744855,41.33396151236608,-20.5313115647272,112.64137326244878,0.0
1788492325.9499688,41.32487059924672,-20.533187889179086,115.41644468413386,0.0
1788492326.2593129,41.32503258433968,-20.479573400697525,115.66949444987193,0.0
1788492326.580011,41.408393752472016,-20.699523263504002,119.97441141449463,0.0
1788492327.252327,42.04911945621608,-21.226734416749114,161.3647937644837,0.0
1788492327.902733,42.111005958977074,-21.306236146189867,-136.80081301489827,0.0
1788492328.01582,42.10141317700164,-21.267069792630807,-138.41228172246718,0.0
1788492328.2845771,42.08938750289732,-21.281714239457223,-137.53687527525835,0.0
1788492328.314832,42.11284112106643,-21.255024370661843,-138.3318720731142,0.0
1788492328.5037062,42.08146044836241,-21.278008257839662,-137.6220672842212,0.0
1788492328.704641,42.14695425746644,-21.283393569034086,-139.111115183543,0.0
1788492328.771755,42.08448065241422,-21.24211993902892,-138.3865786990135,0.0
1788492328.9759738,42.10202730606028,-21.306150671439237,-137.12916706736064,0.0
1788492329.023065,42.1258598025819,-21.288399331495036,-137.94697471984796,0.0
1788492329.226997,42.080439978922485,-21.271611414065333,-138.4416996301448,0.0
1788492329.349876,42.15019339529023,-21.265336974278867,-136.05708899384337,0.0
1788492329.497159,42.109795000388694,-21.305766223966135,-136.82869641583682,0.0
1788492329.695631,42.14889105304215,-21.31295007422264,-136.9863617438245,0.0
1788492329.8907661,42.14667317466561,-21.249802298187866,-137.52913216050092,0.0
1788492330.113785,42.12711731738258,-21.318026638318756,-138.36264089768486,0.0
1788492330.3211079,42.10491959663142,-21.337709766246512,-137.0104879735013,0.0
1788492330.7526379,42.0725520974912,-21.252967972342965,-137.95110886387522,0.0
1788492330.983212,42.076708424596504,-21.27633441566217,-137.84041665403663,0.0
1788492331.243538,42.135420026310214,-21.336795726342324,-135.86557798005913,0.0
1788492331.4722,42.130102835813226,-21.23504250258019,-137.2167826329029,0.0
1788492331.677728,42.1417341222365,-21.28434445973771,-138.9051166766435,0.0
1788492331.870139,42.08061492535501,-21.254898715320238,-139.06666219313058,0.0
1788492332.0703301,42.0722343164411,-21.26829826915296,-138.53646260133684,0.0
1788492332.2648451,42.11113073059214,-21.23937976051841,-137.54968973141206,0.0
1788492332.462147,42.12242377163314,-21.30794160611842,-138.6721481794316,0.0
1788492333.571701,42.07880969894048,-21.279698931885772,-138.2340224117413,0.0
1788492333.820205,42.11840162601823,-21.291417808585262,-139.4433983441462,0.0
1788492334.051557,42.113257902154125,-21.306855503222053,-136.73948730155848,0.0
1788492334.310368,42.07668735707103,-21.275123859870025,-138.58454784176593,0.0
1788492334.50887,42.10337581399956,-21.30543111747173,-137.05453219062787,0.0
1788492334.7089438,42.092616958431016,-21.2914152333794,-138.49153937765072,0.0
1788492334.905685,42.0973239414128,-21.30956215634882,-137.4222378256219,0.0
1788492335.1025531,42.161054228214915,-21.35659534209209,-135.97576803297557,0.0
1788492335.341964,42.08023203608553,-21.276868727021693,-138.52979034144687,0.0
1788492335.683434,42.111265848031124,-21.340187516425594,-136.8628493939715,0.0
1788492335.932867,42.12553394829178,-21.248492359074508,-136.38990006189982,0.0
1788492336.172657,42.138718768012005,-21.253816929467508,-137.32468548345503,0.0
1788492336.418445,42.09453523566508,-21.280531841536572,-138.94287080115691,0.0
1788492336.686888,42.157629991741544,-21.303436830268634,-138.03942124491596,0.0
1788492336.8845491,42.07733040534192,-21.27410618192563,-138.4411252174043,0.0
1788492337.087313,42.13486417325276,-21.307789648200405,-135.9863649142381,0.0
1788492337.3762,42.15437152941619,-21.287468422580197,-139.1669341239088,0.0
1788492337.61426,42.111560495664875,-21.30323059926455,-153.06009187316863,0.0
1788492337.812614,42.12187992941964,-21.29668522117356,-176.27515583526383,0.0
1788492338.041654,42.16833180452913,-21.368662407560024,151.2642167935045,0.0
1788492338.211107,42.20290677994764,-21.309227980233402,121.28346905683134,0.0
1788492338.441382,42.058267361856835,-21.301501752498574,118.22454920738141,0.0
1788492338.516084,42.05218497939309,-21.297642544110698,117.89336628909234,0.0
1788492338.748172,42.10055143550963,-21.341302211503322,115.10891635420359,0.0
1788492338.818891,42.05626352644532,-21.295229619994394,117.56787611174371,0.0
1788492339.000343,42.06051563610547,-21.293651741595657,117.9786284295966,0.0
1788492339.0677629,42.031453415513134,-21.322145944011286,117.72315800082953,0.0
1788492339.2649322,42.0560007777349,-21.298996097384048,117.85469400508578,0.0
1788492339.331627,42.05082528916759,-21.30144068017127,117.83454348366513,0.0
1788492339.536086,42.04463355898077,-21.289694936615025,118.00031420449426,0.0
1788492339.6580229,42.07305039988897,-21.300634418991233,118.30533444895622,0.0
1788492339.786387,42.05413160602604,-21.30822224928815,118.09743040181456,0.0
1788492339.986512,42.056754991252475,-21.30573112698349,117.72546928857344,0.0
1788492340.182393,42.05924379408289,-21.304317089952963,117.53461374882357,0.0
1788492340.380805,42.05680084346641,-21.28980599780742,117.6782618755492,0.0
1788492340.604486,42.057672730225185,-21.296000200342068,117.64703687731185,0.0
1788492340.814083,42.05164764073865,-21.284400856078474,117.79228709252715,0.0
1788492341.044311,42.0943296541897,-21.327384174972625,115.25034963036649,0.0
1788492341.238129,42.053291838431015,-21.293194202688287,117.84947990891169,0.0
1788492341.45025,42.046653782124594,-21.300049905655666,117.97750026780625,0.0
1788492341.6414258,42.09294638364134,-21.33302293746507,115.38750765554875,0.0
1788492341.896018,42.060121980916186,-21.308614397693706,117.74272953975367,0.0
1788492342.100205,42.00120823347782,-21.317303545774468,117.6730286929872,0.0
1788492342.310288,42.09716142074647,-21.344678663988557,115.49940443959053,0.0
1788492342.560781,42.100338173079315,-21.327965032691566,115.04450588164633,0.0
1788492343.31699,42.04480799802364,-21.258152451319496,117.30290100668515,0.0
1788492343.6261492,42.10731869905871,-21.32006521949235,114.78170787650038,0.0
1788492343.832318,42.02392757449401,-21.309069076725734,118.15720721596563,0.0
1788492344.040268,42.06236651580917,-21.30209976213371,117.80390167751949,0.0
1788492344.283951,42.05859628062926,-21.305032753421145,117.76857840099757,0.0
1788492344.540153,42.02853839144436,-21.318134220442378,117.96253284713396,0.0
1788492344.8124108,42.08335016535999,-21.353626533546453,115.18491518667531,0.0
1788492345.302201,42.04823717107495,-21.295168186805167,118.08917580063479,0.0
1788492345.581904,42.05201749109803,-21.29851566790921,117.92405965586738,0.0
1788492345.932796,42.051280630892954,-21.29620381745258,117.91020456043367,0.0
1788492346.247968,42.0545094775118,-21.289553187553306,117.69690975779594,0.0
1788492346.482157,42.05928651478309,-21.296076287318154,118.03302894606293,0.0
1788492346.6625621,42.0620161651738,-21.30401066115721,118.04220287281271,0.0
1788492346.850042,42.04006092336162,-21.285212304480595,118.13814578792596,0.0
1788492347.044692,42.0604888434872,-21.316230885105842,117.6373433152454,0.0
1788492347.240167,42.054312967252635,-21.312349045657072,118.4425540032222,0.0
1788492347.449238,42.0557543262911,-21.296794743901202,117.61896140327565,0.0
1788492347.685399,42.12366360189924,-21.401895002017316,120.24270145314603,0.0
1788492347.900057,42.41196282598974,-21.764470687268012,139.87646317611643,0.0
1788492348.109874,42.89230506486494,-21.982425912762796,-178.73882389442258,0.0
1788492348.326226,42.99693123017238,-21.88025008251413,-151.65161453801204,0.0
1788492348.568146,42.95131411693181,-21.947546958250232,-109.37073605879954,0.0
1788492348.759914,42.85852935372048,-22.139798060537558,-82.01858492179494,0.0
1788492348.959771,43.01306448431196,-22.33289565446756,-62.034001338959456,0.0
1788492349.2082329,42.98346500010597,-22.35156510777445,-61.886422636436606,0.0
1788492349.2864408,43.03387438220986,-22.334801215720432,-62.021064303734846,0.0
1788492349.424772,43.021450768947375,-22.325007823799307,-61.735915961408296,0.0
1788492349.62231,43.03461143342583,-22.32328363035615,-61.704500048884256,0.0
1788492349.687565,43.029958599587175,-22.32479269843472,-61.85171662464131,0.0
1788492349.8879879,43.042785106736545,-22.335014450804348,-59.896917681557014,0.0
1788492349.944842,43.0279120564294,-22.321098668303403,-61.804405614741256,0.0
1788492350.156297,43.0279887935049,-22.304883495436048,-60.797723737475565,0.0
1788492350.285179,43.040271825144636,-22.339946502784066,-60.1101213781441,0.0
1788492350.4247591,43.03509384495543,-22.354002552971284,-60.503202604867624,0.0
1788492350.627319,43.022684498806335,-22.3434927310863,-62.206071259342224,0.0
1788492350.6918058,43.014473845649434,-22.333499304104834,-62.114725932932856,0.0
1788492350.909002,42.98781092139649,-22.36058969933068,-60.69256478881485,0.0
1788492351.069976,43.04735678951656,-22.36355402873688,-60.75836961469196,0.0
1788492351.265064,43.0553564894075,-22.354529222460332,-60.600693215128544,0.0
1788492351.464258,43.024599926244505,-22.343068496740123,-62.33664202353428,0.0
1788492351.666786,43.01831637121035,-22.32882252656649,-61.90702245580826,0.0
1788492351.890097,43.04101198092558,-22.348140448515757,-60.407408213587786,0.0
1788492352.193158,43.02080269517412,-22.315647537450545,-61.385384368417746,0.0
1788492352.399741,43.020861314649466,-22.332303213523126,-62.251459707539226,0.0
1788492352.603629,43.016277980153205,-22.3991898248252,-61.59244551789445,0.0
1788492352.8445508,43.02227091771269,-22.330458714819763,-62.04023495407921,0.0
1788492353.0841038,43.03804636124324,-22.363879136536006,-60.93400372143313,0.0
1788492353.352414,43.02090188614092,-22.329724390317807,-61.97412474504783,0.0
1788492353.610765,43.03182183415992,-22.348983011310565,-60.6131193729053,0.0
1788492354.367457,42.99211701095588,-22.381826778078107,-63.20070809934046,0.0
1788492354.5734642,43.02133388717367,-22.321539135255968,-61.67337385909937,0.0
1788492354.7681541,42.99625106850218,-22.399703612732665,-62.140981863542265,0.0
1788492354.967309,42.978773573390754,-22.346216667868994,-61.95971098888076,0.0
1788492355.161094,42.98204289072375,-22.37700950607383,-63.20070809934046,0.0
1788492355.3880131,43.02126553006444,-22.325316248225697,-61.90853641233166,0.0
1788492355.7021198,43.03291169207487,-22.32357729355082,-61.69790034064246,0.0
1788492355.893321,42.96415126481718,-22.368258463742674,-62.56288073662125,0.0
1788492356.1502562,43.04596415195867,-22.35408179168528,-62.07284956121774,0.0
1788492356.3708491,43.00720350565585,-22.341507238533318,-62.30202176733536,0.0
1788492356.615148,43.015641003266474,-22.31731570227267,-61.5677820182928,0.0
1788492356.8834538,43.01629855656297,-22.347788617301692,-62.66187337980665,0.0
1788492357.087692,43.01329383727012,-22.33371251387109,-62.11041364926922,0.0
1788492357.276202,43.014921807784965,-22.353736474436534,-62.78569275918903,0.0
1788492357.476341,43.018064684775446,-22.345158700662626,-62.422320897747596,0.0
1788492357.6819992,43.048312859687314,-22.33033067424607,-59.949778829058204,0.0
1788492357.907466,43.00814303864074,-22.343584884444073,-62.45195489785121,0.0
1788492358.089281,43.049670409665126,-22.42512166355263,-63.830695021929145,0.0
1788492358.287099,42.94988212733933,-22.345180162463844,-77.98342565380088,0.0
1788492358.464502,43.072436943538364,-22.205648285323804,-106.27461963920257,0.0
1788492358.671015,43.03106820009926,-22.224971723502605,-140.1387006564064,0.0
1788492358.865116,42.900159765538454,-22.34525761967005,-177.63950720992693,0.0
1788492359.061312,42.90124557916907,-22.35747144490967,155.92612371769326,0.0
1788492359.2561028,42.851677463825105,-22.325466916209802,128.16291047650242,0.0
1788492359.454396,42.77541378884891,-22.364121630975887,116.22087179644183,0.0
1788492359.649002,42.8192369734728,-22.364248437201432,115.53674419003977,0.0
1788492359.7155461,42.76995868656938,-22.364951052686525,116.08364216517293,0.0
1788492359.927308,42.75206354520914,-22.386594870041645,116.19568506729638,0.0
1788492359.983513,42.82925305069385,-22.366640913278292,115.54664294798528,0.0
1788492360.216439,42.83347606018083,-22.322742133995796,114.6954843364503,0.0
1788492360.320054,42.82400475196609,-22.364754818652752,115.5949153711698,0.0
1788492360.549314,42.756464795022254,-22.408240753627908,115.45368071526423,0.0
1788492360.682226,42.781373918906134,-22.34351268330776,116.33431031342559,0.0
1788492360.77783,42.772665344143086,-22.364519323703103,116.29273912279791,0.0
1788492360.98351,42.773677662552025,-22.363838870033273,117.14056885452794,0.0
1788492361.03857,42.78206899375047,-22.326971851803716,117.22805622089476,0.0
1788492361.303155,42.8109483361141,-22.356834538232267,115.40605892181753,0.0
1788492361.439905,42.77799656917864,-22.358672290910814,116.20037201383013,0.0
1788492361.6335602,42.76445474180335,-22.366175268452267,116.30437321345107,0.0
1788492361.839571,42.769805702946044,-22.397913089793644,117.40173815810147,0.0
1788492362.047028,42.77254045544219,-22.395877669371774,117.3811754502517,0.0
1788492362.306529,42.77321072782447,-22.361360490641573,116.27242614296244,0.0
1788492362.5663989,42.81789757477844,-22.33666327239131,115.60402049494053,0.0
1788492362.850249,42.75864758592915,-22.339793540684287,118.20146693389842,0.0
1788492363.0187688,42.816519651543594,-22.35164887397562,116.27810134854445,0.0
1788492363.2232199,42.81385435601931,-22.36236197531414,115.41245325849877,0.0
1788492363.4838898,42.81215083543045,-22.381296803619072,116.29672967677453,0.0
1788492363.749183,42.811604802785865,-22.373443843846964,115.57376862018413,0.0
1788492363.9376462,42.7920112358459,-22.359207405971294,116.23257915860898,0.0
1788492364.6951659,42.76717324520455,-22.4011619809426,116.80803669019406,0.0
1788492364.8818922,42.75101013500846,-22.381057628501008,116.044409959662,0.0
1788492365.1446972,42.773357699912886,-22.362865744598327,115.93257350964785,0.0
1788492365.3441541,42.822360656507364,-22.36802788119018,115.47696088614083,0.0
1788492365.606225,42.784931121393065,-22.336129769299063,116.18889742459436,0.0
1788492365.856491,42.78366190994109,-22.365578723881523,116.05648697976108,0.0
1788492366.162803,42.7803355449381,-22.36731144459599,117.19470581054361,0.0
1788492366.334463,42.75308374441615,-22.39712203123997,116.19511825228858,0.0
1788492366.519316,42.77513385931852,-22.395942842432927,117.16821752975954,0.0
1788492366.803157,42.78170004932239,-22.36073967056282,116.1402657258763,0.0
1788492367.039934,42.820317484628546,-22.386922353895475,115.65404129343733,0.0
1788492367.3273652,42.82202618180642,-22.360926139740055,115.44705327188456,0.0
1788492367.5745401,42.813192114057976,-22.362968410838363,115.4306704170275,0.0
1788492367.90994,42.7738972832992,-22.361303163904843,116.08390691561516,0.0
1788492368.1210492,42.78361347567043,-22.33948005761216,116.44569934587639,0.0
1788492368.366566,42.81218919825455,-22.36949938453615,116.69576246108272,0.0
1788492368.578329,42.782606663976196,-22.334188472649597,116.09272240171026,0.0
1788492368.7648692,42.65763232246772,-22.280578096787615,112.39526531515037,0.0
1788492368.957042,42.636712385392954,-22.219672002192137,98.50147933081598,0.0
1788492369.165494,42.64488720588291,-22.365224906238026,68.91718310511789,0.0
1788492369.355351,42.608749409481995,-22.44391026213394,37.472576857818694,0.0
1788492369.556276,42.48154132009637,-22.478884127257746,28.96292254849405,0.0
1788492369.685032,42.4672363103375,-22.486726024264332,27.80275722240654,0.0
1788492369.816342,42.51180539933599,-22.477443878479427,28.4596574123768,0.0
1788492370.022801,42.50284899737703,-22.476812139151654,28.299512606991982,0.0
1788492370.070817,42.51761961876202,-22.478462923519096,28.32773767114145,0.0
1788492370.29901,42.50185206334431,-22.488100978114627,28.401543590196155,0.0
1788492370.3586,42.41488295385996,-22.440062776285696,28.258770197882825,0.0
1788492370.6356769,42.50588578571029,-22.48412596727385,26.885698901425286,0.0
1788492370.698553,42.54523046395249,-22.51571522481456,28.383232981127037,0.0
1788492370.874988,42.44890616690078,-22.432181745578944,28.687982428208272,0.0
1788492370.940385,42.483400739269165,-22.488035307439244,28.483253247164868,0.0
1788492371.135108,42.541728766245534,-22.533973202580878,27.984801572977318,0.0
1788492371.344266,42.465520616618925,-22.48543499100896,27.82807294598797,0.0
1788492371.535676,42.431970318559536,-22.43883825114166,27.588032720301555,0.0
1788492371.73003,42.46217645309397,-22.484044142873415,27.73955478989106,0.0
1788492371.925441,42.51995277778616,-22.52703595326585,28.242674121009458,0.0
1788492372.122616,42.48024579388401,-22.47029947294898,29.158079711981998,0.0
1788492372.325728,42.45507914782683,-22.43687333075979,28.482535515679615,0.0
1788492372.62764,42.47877478665547,-22.482428715120136,28.74376599204814,0.0
1788492372.9389892,42.45902233890262,-22.484385970150328,28.082276775007813,0.0
1788492373.192263,42.48894101480036,-22.486509744607613,28.48487767534192,0.0
1788492373.378259,42.45919427435831,-22.476826483303828,28.261925297886677,0.0
1788492373.59081,42.501427989786706,-22.483006534472285,27.298775025003238,0.0
1788492373.774933,42.46476101348805,-22.4810590036592,27.951993321343224,0.0
1788492373.9743092,42.49166275620972,-22.47394410973495,27.717393820270217,0.0
1788492374.764677,42.480578873768,-22.480261436489897,28.846603841483045,0.0
1788492375.030732,42.49306877921385,-22.47551264661187,28.999368531770898,0.0
1788492375.226078,42.51333758304946,-22.46743259445207,28.850493100600943,0.0
1788492375.4443269,42.50822845580167,-22.480220004760717,28.379925844066406,0.0
1788492375.692371,42.49056558409852,-22.4776095362039,27.332447202886726,0.0
1788492375.914298,42.42087611702881,-22.439923650866163,28.041213798193866,0.0
1788492376.158394,42.53691155656186,-22.535444201051604,28.086063630120094,0.0
1788492376.5407622,42.50147760343568,-22.44106881405058,29.26384009464911,0.0
1788492376.7059772,42.53867756666342,-22.545550061003244,27.47270995573004,0.0
1788492376.949713,42.45873774034838,-22.47609301377176,28.003976387387752,0.0
1788492377.2184498,42.47739281438319,-22.479069347914294,29.131795551737923,0.0
1788492377.482959,42.51400916404817,-22.476125992563716,28.22825381249038,0.0
1788492377.665678,42.508637878629436,-22.466930267718798,28.95772236406151,0.0
1788492377.937087,42.51537602966771,-22.47605832709435,28.540316284526597,0.0
1788492378.1504798,42.466870379054605,-22.436970796676817,28.268698089924413,0.0
1788492378.33291,42.455422860123385,-22.43074577683878,27.888978294742316,0.0
1788492378.6228101,42.538745801400815,-22.542578269975678,27.778147060693954,0.0
1788492378.855802,42.33831703760472,-22.596476479143636,36.61204299669609,0.0
1788492379.0600052,42.090498955041745,-22.850602401565695,68.56745828825098,0.0
1788492379.277462,42.0950662542361,-23.19096125731282,95.09896962216067,0.0
1788492379.4587898,42.19372827135094,-23.241501285319192,116.34737385052404,0.0
1788492379.651426,42.21562990806587,-23.30202152500121,115.40559689856838,0.0
1788492379.706314,42.21788984627132,-23.275663552863154,113.94922979551222,0.0
1788492379.93564,42.16466625875152,-23.29139281902027,117.92665890826999,0.0
1788492379.982611,42.20483836280565,-23.324707436759223,115.40559689856838,0.0
1788492380.185076,42.230015822731474,-23.282719750819457,113.94922979551222,0.0
1788492380.3162072,42.171616278982754,-23.287536066461303,117.54426983392545,0.0
1788492380.457632,42.203618134431835,-23.32462932650468,115.40559689856838,0.0
1788492380.573846,42.19367951106237,-23.269550079916588,113.94922979551222,0.0
1788492380.705363,42.20423833055797,-23.313119009468085,115.40559689856838,0.0
1788492380.84925,42.18672128045033,-23.244270095091665,116.34184504675409,0.0
1788492380.986964,42.185608806351716,-23.28378776555191,117.83265109598915,0.0
1788492381.1874402,42.17514192477558,-23.284296690905283,117.83866849676679,0.0
1788492381.363424,42.159065936911205,-23.235483758669076,116.26553537499632,0.0
1788492381.5672672,42.22075046804399,-23.284555785912715,113.94922979551222,0.0
1788492381.773296,42.18341230212481,-23.253506060412384,116.4728361127157,0.0
1788492381.971456,42.176388803614174,-23.286763989932947,117.81448302536774,0.0
1788492382.1710458,42.1739550283508,-23.290757630854934,117.83213305256095,0.0
1788492382.4318058,42.19753102233678,-23.28181562245047,113.94922979551222,0.0
1788492382.63263,42.20874630639014,-23.319482222473987,115.40559689856838,0.0
1788492382.8379,42.22027062654691,-23.278569753495457,113.94922979551222,0.0
1788492383.0784261,42.20013189253796,-23.325097699787722,115.40559689856838,0.0
1788492383.302749,42.21876063776628,-23.282003546608866,113.94922979551222,0.0
1788492383.497786,42.17267644326805,-23.287499572727686,117.84612118316818,0.0
1788492383.7536068,42.19013313168117,-23.249082520041522,116.22289771917576,0.0
1788492384.476728,42.18468710725403,-23.250250196641005,116.58700278676935,0.0
1788492384.6666949,42.188557694337966,-23.282203809991515,117.58932772696869,0.0
1788492384.9412951,42.22599978260212,-23.306373389226227,115.52203122442563,0.0
1788492385.14796,42.22770058530726,-23.281754313954618,113.94922979551222,0.0
1788492385.346626,42.152643274404404,-23.270571939103238,117.73260342274318,0.0
1788492385.626928,42.20286962390375,-23.326380130212215,115.40559689856838,0.0
1788492385.904649,42.181240533554096,-23.289940302763974,117.76926326416617,0.0
1788492386.2969642,42.16957152820392,-23.33833335428263,115.30897446780205,0.0
1788492386.4879239,42.2087265689999,-23.316144341337814,115.40559689856838,0.0
1788492386.730714,42.23388190901724,-23.26208351009496,113.94922979551222,0.0
1788492386.986818,42.17254014574428,-23.245120812553186,116.42532483494864,0.0
1788492387.243598,42.148775851980275,-23.311208195053748,117.85419007943312,0.0
1788492387.505059,42.200392468572204,-23.25124687192717,116.23927278156862,0.0
1788492387.717982,42.1719940134637,-23.288956522529705,117.77281723943236,0.0
1788492387.9781408,42.19729368853376,-23.324331826617634,115.40559689856838,0.0
1788492388.5009038,42.22185656965828,-23.28348141358254,113.94922979551222,0.0
1788492388.707166,42.171277286844166,-23.290938468868177,117.83652972337671,0.0
1788492388.954958,42.19980502926164,-23.220918520861513,111.79014694599374,0.0
1788492389.236715,42.06005458286923,-23.158927435521573,93.44322712347542,0.0
1788492389.35459,41.9445396922016,-23.09549518957375,61.23568380236671,0.0
1788492389.5976489,41.73713278804954,-23.30227702934114,12.366713650275216,0.0
1788492389.822001,41.32834444155448,-23.25456766982196,-5.526558600717493,0.0
1788492389.903119,41.35203327063932,-23.243162251852524,-6.685350817317101,0.0
1788492390.085523,41.32834444155448,-23.25456766982196,-5.526558600717493,0.0
1788492390.273667,41.31888791603239,-23.228146787765734,-5.526558600717493,0.0
1788492390.339262,41.32834444155448,-23.25456766982196,-5.526558600717493,0.0
1788492390.546978,41.32834444155448,-23.25456766982196,-5.526558600717493,0.0
1788492390.600727,41.33793638408308,-23.233928731790265,-2.9169350405764476,0.0
1788492390.835053,41.32834444155448,-23.25456766982196,-5.526558600717493,0.0
1788492390.8908648,41.35169391051208,-23.26213423394781,-6.776022953293136,0.0
1788492391.083703,41.35078030103048,-23.222415866276975,-2.231987154189426,0.0
1788492391.364803,41.34560960106936,-23.220960896504046,-2.103407133681941,0.0
1788492391.4536479,41.32826764687257,-23.255704239954,-5.623931881258557,0.0
1788492391.68833,41.33780268207678,-23.237681100833598,-3.065619326989548,0.0
1788492391.89155,41.359440908629075,-23.255219814276504,-5.526558600717493,0.0
1788492392.135604,41.359440908629075,-23.255219814276504,-5.526558600717493,0.0
1788492392.500291,41.359440908629075,-23.255219814276504,-5.526558600717493,0.0
1788492393.709755,41.3550008282647,-23.241399813945257,-2.010069711289418,0.0
1788492394.080576,41.37220172861905,-23.247774907798405,-3.2040079274167397,0.0
1788492394.280724,41.35060205977604,-23.24154238233266,-6.603936862918573,0.0
1788492394.543133,41.32834444155448,-23.25456766982196,-5.526558600717493,0.0
1788492394.770329,41.359440908629075,-23.255219814276504,-5.526558600717493,0.0
1788492394.9793742,41.352474106793636,-23.25021268065475,-3.478549469794615,0.0
1788492395.2327812,41.35195407870387,-23.24844567820353,-6.710977794268871,0.0
1788492395.515567,41.31778514121197,-23.2547113100828,-8.173454430482906,0.0
1788492396.28431,41.339095131895974,-23.236683998642548,-3.144537962506064,0.0
1788492396.6768541,41.32834444155448,-23.25456766982196,-5.526558600717493,0.0
1788492396.931859,41.351125581254195,-23.239166498713672,-6.617207460892018,0.0
1788492397.158369,41.32834444155448,-23.25456766982196,-5.526558600717493,0.0
1788492397.423041,41.32834444155448,-23.25456766982196,-5.526558600717493,0.0
1788492397.623502,41.34778878176042,-23.243596298283784,-2.1882314269609253,0.0
1788492398.02384,41.35045677650762,-23.224943880355195,-2.7230376162547714,0.0
1788492398.283642,41.359440908629075,-23.255219814276504,-5.526558600717493,0.0
1788492398.4844959,41.351256728317466,-23.219914335534373,-2.1812270824780455,0.0
1788492398.66699,41.351679146119636,-23.246175112233946,-6.684465099418873,0.0
1788492398.925399,41.36161470878677,-23.238649449229975,-3.2008096488552837,0.0
1788492399.151493,41.32834444155448,-23.25456766982196,-5.526558600717493,0.0
1788492399.5486689,41.35093720629904,-23.241647928635583,-6.621389944001919,0.0
1788492399.810555,41.32834444155448,-23.25456766982196,-5.526558600717493,0.0
1788492400.12189,41.32834444155448,-23.25456766982196,-5.526558600717493,0.0
1788492400.315873,41.32834444155448,-23.25456766982196,-5.526558600717493,0.0
1788492400.644948,41.333696118722756,-23.228598213261115,-3.0814403185721346,0.0
1788492400.802028,41.23010800896254,-23.220832058380463,6.21267225221834,0.0
1788492401.042288,41.112161521992135,-23.35471948196003,31.472362720335013,0.0
1788492401.2569559,41.04702916592801,-23.487111968855153,62.75854544184352,0.0
1788492401.4338748,40.973512726812544,-23.535321392639833,93.30241356400353,0.0
1788492401.6339,40.98680069983052,-23.486296751005657,104.01854119559493,0.0
1788492401.714575,40.97179929479371,-23.493332609821653,103.3672577025568,0.0
1788492402.121377,40.9641349049455,-23.49013876179916,103.77108663265227,0.0
1788492402.6886241,40.955489378722696,-23.529533692247696,104.47170158277777,0.0
1788492402.7556422,41.07631426995051,-23.544744944963938,103.10563478684969,0.0
1788492402.9233541,40.958228315253066,-23.508069837376457,104.50832019587767,0.0
1788492403.0954702,40.92248249034734,-23.521555126079328,105.16850511990447,0.0
1788492403.26757,40.9539699994718,-23.520121169478948,104.04243082503245,0.0
1788492403.4120462,40.97885198654197,-23.49358133634673,104.21715033134484,0.0
1788492403.517832,40.96145308167567,-23.49612454255209,104.04633744670127,0.0
1788492403.742629,41.00702728739318,-23.501334922008635,103.71297973088974,0.0
1788492403.967635,40.98601014583912,-23.52689585941093,103.10563478684969,0.0
1788492404.182872,40.95895965916255,-23.489996163344824,103.39903616454728,0.0
1788492404.411264,40.95076985514941,-23.52715840747542,104.79990561603097,0.0
1788492404.641458,40.973807822621744,-23.51833970573117,103.52951064672487,0.0
1788492404.869941,40.913481682043695,-23.522809053848675,105.02939394618193,0.0
1788492405.0991108,40.95404055927693,-23.5320617632844,104.73939131118766,0.0
1788492405.333766,40.99983359990508,-23.497274268401192,103.75274187963691,0.0
1788492405.6076212,40.95810671099797,-23.503168677401153,103.52951064672487,0.0
1788492405.799395,40.99174961715722,-23.499211015526853,104.03991281894127,0.0
1788492405.9885812,40.98055268694646,-23.494836866345217,103.21472044100744,0.0
1788492406.33217,40.95296507208663,-23.522418192425818,103.98836101328573,0.0
1788492406.595242,40.95122891244898,-23.515531260614956,104.13874728645987,0.0
1788492407.3257642,41.00653129520661,-23.499147599399613,103.59656921631267,0.0
1788492407.635072,41.012319968557684,-23.52883049588542,103.52829101852052,0.0
1788492407.8683012,41.0190287604445,-23.46078311342114,104.26574985069954,0.0
1788492408.1079218,40.966366131070224,-23.53177744705359,103.62234002617066,0.0
1788492408.297545,41.012319968557684,-23.52883049588542,103.52829101852052,0.0
1788492408.502014,40.94505649214685,-23.51818742279277,104.77699171971756,0.0
1788492408.705185,41.006882704706555,-23.49817139922517,103.46751718040503,0.0
1788492408.896353,40.977521384281815,-23.504616228342638,103.92730240195948,0.0
1788492409.087984,40.945864120036234,-23.512989528158087,104.64769390910152,0.0
1788492409.283063,40.95528759490702,-23.48847732969289,103.92614362137635,0.0
1788492409.4828742,40.99508995377637,-23.49380766912246,103.49085074565761,0.0
1788492409.6854599,41.01605189996551,-23.463295843641546,104.07044242370046,0.0
1788492409.919717,40.96923851840973,-23.50819591689901,104.19240398748423,0.0
1788492410.156239,40.95014925580265,-23.527525140038403,103.52829101852052,0.0
1788492410.363601,40.922649355703115,-23.513811754165935,104.50727509284087,0.0
1788492410.641718,40.95347265666937,-23.527122260649122,103.82318251152367,0.0
1788492410.877571,40.935595469625575,-23.521696814451428,104.74409310762059,0.0
1788492411.073777,40.96036632094062,-23.366036992266153,97.55696126952773,0.0
1788492411.2636569,40.94589167580364,-23.44675947236273,77.85609302923274,0.0
1788492411.458681,40.737834427681705,-23.428656988009863,49.28951186692669,0.0
1788492411.6689332,40.639196559270424,-23.472545742093924,15.94473837067369,0.0
1788492411.8566132,40.68236204352261,-23.428687943583565,-12.302479850972958,0.0
1788492412.0508878,40.692980224569034,-23.431864301066142,-37.45542566833504,0.0
1788492412.252044,40.77291909733736,-23.479309154259017,-67.44222837243993,0.0
1788492412.458498,40.839986448682154,-23.524669679351497,-74.31963984415104,0.0
1788492412.6769438,40.79412426107236,-23.573344045702694,-75.93811194521659,0.0
1788492412.765942,40.778898071812975,-23.566325588098422,-76.52793347794068,0.0
1788492412.940736,40.7530669739701,-23.552891458749205,-77.22599087934152,0.0
1788492413.032773,40.75959517893719,-23.52741870106026,-78.48397165949577,0.0
1788492413.2669508,40.77234049040853,-23.56920935295991,-76.40229339811705,0.0
1788492413.369913,40.764341051803946,-23.56317620341989,-76.23390054283627,0.0
1788492413.522958,40.79843782386521,-23.519159626249404,-76.76905668681574,0.0
1788492413.598002,40.81457493091304,-23.460567796769343,-76.16014673682695,0.0
1788492413.80042,40.75222559518933,-23.530024822493292,-78.48397165949577,0.0
1788492413.929798,40.80915131887189,-23.498606592017673,-77.50886111805916,0.0
1788492414.1012092,40.833098448445924,-23.457680803812256,-76.74704267411104,0.0
1788492414.324586,40.7522695041572,-23.532696034368627,-78.48397165949577,0.0
1788492414.6191628,40.78506834111191,-23.494120095182396,-77.7913114720971,0.0
1788492414.779681,40.80181416670337,-23.503779061067696,-77.83678887472921,0.0
1788492414.96591,40.82635188894193,-23.502707686164054,-77.4757184945912,0.0
1788492415.157241,40.83720557782493,-23.516318082776817,-75.05022764055573,0.0
1788492415.447233,40.795131392445676,-23.48992234889372,-77.32013513758282,0.0
1788492415.6624389,40.8016489338717,-23.509451249759493,-78.10492142051758,0.0
1788492415.990798,40.81114018209309,-23.532669091084827,-75.85457027407298,0.0
1788492416.3085802,40.8240622666118,-23.541285718862497,-75.63575993580838,0.0
1788492416.508784,40.826541032617975,-23.55470496032877,-75.8582404865845,0.0
1788492416.755896,40.82679469401842,-23.504977059963256,-77.50826304824169,0.0
1788492417.0082,40.752737580585915,-23.538979126821282,-78.48397165949577,0.0
1788492418.201657,40.81945938136595,-23.515954636476142,-77.84047688461239,0.0
1788492418.422967,40.83634067299702,-23.53866159433575,-75.65076389274947,0.0
1788492418.6608949,40.826896090517735,-23.539570586794376,-75.58406737953118,0.0
1788492418.858618,40.8047277795838,-23.5138237936492,-77.9839444081216,0.0
1788492419.1363788,40.7471709112696,-23.525804376473662,-78.48397165949577,0.0
1788492419.386909,40.760767790271714,-23.529481728393648,-78.48397165949577,0.0
1788492419.647892,40.77909599253754,-23.571096240728014,-76.80529789475328,0.0
1788492419.84361,40.825395496862086,-23.54678894400415,-75.72673204745132,0.0
1788492420.0555258,40.82497679364994,-23.54404778906862,-75.66101444892782,0.0
1788492420.306983,40.82811578272035,-23.551180795833115,-75.84090097315146,0.0
1788492420.595597,40.80475619521336,-23.509960431266627,-78.06983411358748,0.0
1788492420.919112,40.77775667303162,-23.566529823830805,-76.57433762437151,0.0
1788492421.1149929,40.82599645266031,-23.548091955958927,-76.09958138614945,0.0
1788492421.32804,40.8081484836396,-23.508138946197885,-77.5938942909057,0.0
1788492421.57373,40.82789096536617,-23.512781349791396,-74.58196862812426,0.0
1788492421.8605702,40.765081341643224,-23.57482093683643,-76.48911971317361,0.0
1788492422.098609,40.846720154126395,-23.54755798133945,-75.22222583575355,0.0
1788492422.3616698,40.71146115279863,-23.36900719515468,-73.3646354604181,0.0
1788492422.536567,40.66877685155665,-23.14170235375674,-56.36946721300566,0.0
1788492422.756955,40.33091575062917,-22.94615543575739,-16.79738625776821,0.0
1788492423.014011,40.39263143234614,-22.9496863957509,15.183574926314776,0.0
1788492423.280044,40.44628931279385,-22.919296984616004,51.76054655980829,0.0
1788492423.459011,40.49993683846345,-22.96824549370664,90.12262366148445,0.0
1788492423.7180312,40.55030946601214,-22.934642111430275,101.98155003365684,0.0
1788492423.910354,40.548601567005456,-22.91334958104583,102.1740808703654,0.0
1788492423.9796999,40.5231477783728,-22.989022846914125,101.54441548722525,0.0
1788492424.2019808,40.57431735979353,-22.977527900621944,101.54441548722525,0.0
1788492424.2634869,40.55642457300082,-22.93610213978889,101.96187746556274,0.0
1788492424.45939,40.53947332591226,-22.918530082957055,102.22724548900874,0.0
1788492424.5452402,40.53052678331874,-22.947293121418365,101.54553834966026,0.0
1788492424.732322,40.57204129468806,-22.949175563701925,100.94796219099669,0.0
1788492424.93455,40.585222380626874,-22.959334307311657,100.12622833507368,0.0
1788492425.060492,40.533139202499996,-22.92266710210142,101.54553834966026,0.0
1788492425.272064,40.55216353748933,-22.929986748076207,101.82976605313996,0.0
1788492425.354789,40.54539989488917,-22.940614390796895,101.93180190231163,0.0
1788492425.547342,40.58740199506459,-22.965793123872675,100.2877631897702,0.0
1788492425.858788,40.573993085158406,-22.958402738208022,100.51476813742448,0.0
1788492426.465494,40.55572669837426,-22.93399217959264,101.9650975023452,0.0
1788492426.699805,40.58794379488519,-22.945712514483066,100.35892710100097,0.0
1788492426.9939919,40.56946646483813,-22.955713407035404,100.29696852931261,0.0
1788492427.2965188,40.58308957531787,-22.954601847952457,100.33654719336869,0.0
1788492427.521441,40.54644454709079,-22.930365492928217,101.82054407026004,0.0
1788492427.7086232,40.535891252139926,-22.94321085647339,101.54553834966026,0.0
1788492427.908467,40.5802675422286,-22.962044636650365,100.32792075413028,0.0
1788492428.1589959,40.545311163238225,-22.91978352595008,101.87497831880705,0.0
1788492428.430717,40.5231477783728,-22.989022846914125,101.54441548722525,0.0
1788492429.208025,40.53130086233266,-22.95015857881665,101.54553834966026,0.0
1788492429.4875221,40.57502475407919,-22.9572862547339,100.80388741859804,0.0
1788492429.715916,40.53830779956841,-22.921357245737802,102.25995926883519,0.0
1788492429.9567192,40.58555986745831,-22.97344513493593,99.63917031341009,0.0
1788492430.210201,40.541155432576645,-22.915093852848937,102.11671973358852,0.0
1788492430.4751968,40.583388876544234,-22.955655358766776,100.26713534745079,0.0
1788492430.664629,40.57580031708901,-22.930280373077718,100.4263464261731,0.0
1788492430.874666,40.55596714451503,-22.91779189417002,101.83295361394357,0.0
1788492431.0703459,40.581986921942836,-22.95826702846292,100.6239638210364,0.0
1788492431.376406,40.58049470955358,-22.95015349812576,100.68669247590987,0.0
1788492431.596802,40.5494031230773,-22.93117888187339,101.77483419879519,0.0
1788492431.790563,40.561934968698615,-22.953671965444276,99.91039714271898,0.0
1788492431.985312,40.53879464870193,-22.922202133586815,102.15904572707677,0.0
1788492432.1974652,40.55459991892857,-22.936355324822248,101.78761823615889,0.0
1788492432.451091,40.54897035012262,-22.91465455957901,102.06148577834438,0.0
1788492432.714398,40.52410032067239,-22.93995622468877,101.54553834966026,0.0
1788492432.972376,40.579845724053136,-22.960655971551734,100.61780732560476,0.0
1788492433.180785,40.628736416153195,-23.31507612962978,116.0996329772911,0.0
1788492433.4017951,40.778778731656466,-23.415039024753742,125.83407428918582,0.0
1788492433.5846221,41.00393706677185,-23.778988514287185,159.12473524883444,0.0
1788492433.7621171,41.26826949867189,-23.753631185857525,-171.22964988995398,0.0
1788492433.970311,41.15725054326723,-23.737856759709572,-169.17807634401618,0.0
1788492434.094199,41.17619358212924,-23.761953578522146,-168.89656072574383,0.0
1788492434.22476,41.20212680824956,-23.77207306397642,-167.76008463788713,0.0
1788492434.400026,41.1702304890671,-23.709298352079756,-168.832916888677,0.0
1788492434.5148978,41.17628180752983,-23.731994273725263,-169.12231487889898,0.0
1788492434.7493792,41.15682021412385,-23.758566186176395,-169.04329041880243,0.0
1788492434.81467,41.175322362948954,-23.753569593970912,-168.83147032903327,0.0
1788492435.0324259,41.196896959796234,-23.78213079416204,-167.59539276941246,0.0
1788492435.1026921,41.17725774400056,-23.706252629573562,-170.26578376503824,0.0
1788492435.291338,41.16730654093972,-23.75132964141621,-169.5309905011514,0.0
1788492435.5481431,41.15063844447923,-23.753219166907233,-169.47834489411923,0.0
1788492435.621056,41.16660797264382,-23.752045045255517,-169.0622212993959,0.0
1788492435.750268,41.18892910103007,-23.715921371643002,-169.02303838309558,0.0
1788492435.950967,41.19537753416165,-23.754297025754443,-166.97752834326593,0.0
1788492436.154166,41.20594121743128,-23.756188450413184,-168.15005848262285,0.0
1788492436.3894951,41.15959525436103,-23.72246877100969,-169.18351885655284,0.0
1788492436.617536,41.15478555093128,-23.713166638790415,-169.47888707805544,0.0
1788492436.810654,41.22061498891303,-23.79313103654715,-167.99992004942146,0.0
1788492437.079836,41.13797235804777,-23.71361433948009,-168.8668335957655,0.0
1788492437.353567,41.16346983198991,-23.75053182874406,-169.71546975790034,0.0
1788492437.603937,41.15968729837286,-23.705621834788964,-169.4175320252591,0.0
1788492437.797756,41.16425200932248,-23.75141085653672,-169.41849243403828,0.0
1788492438.00403,41.15542180526117,-23.728416179348038,-169.3569718486276,0.0
1788492438.258532,41.176501615132146,-23.741724778013836,-167.49848946516545,0.0
1788492438.523537,41.146084413414606,-23.711947561903553,-169.62544949567683,0.0
1788492439.243538,41.19044237917851,-23.774079539836524,-169.45595981700222,0.0
1788492439.4426491,41.26987610346846,-23.63951515592587,-163.0830440428632,0.0
1788492439.6864982,41.135913750679705,-23.730508531710104,-168.69605897718714,0.0
1788492439.9785228,41.190488370076686,-23.7147915216554,-169.61771135968343,0.0
1788492440.2592692,41.20515682411037,-23.77702727218641,-167.91543659709043,0.0
1788492440.440625,41.15071102053834,-23.73667959479148,-168.8321462329041,0.0
1788492440.713206,41.20262695020472,-23.734512621597606,-170.3914004800116,0.0
1788492440.973054,41.182368336180424,-23.784580393107195,-169.323664006429,0.0
1788492441.158976,41.17486532091259,-23.730736076627295,-169.3183294263397,0.0
1788492441.3577962,41.1668023310823,-23.757245031360185,-169.0575201586455,0.0
1788492441.766645,41.20631773553233,-23.711648815209813,-170.15126212656463,0.0
1788492442.0732749,41.189478213114306,-23.716607469623213,-168.23953906501242,0.0
1788492442.522841,41.15107159217854,-23.769197809114917,-168.70148370658995,0.0
1788492442.8731892,41.2172342095904,-23.674883260850287,-168.76468967730762,0.0
1788492443.119893,41.19828004256983,-23.7567867303135,-167.924770851046,0.0
1788492443.346098,41.1985955806664,-23.775285034566416,-168.219512398117,0.0
1788492443.606953,41.18073351464075,-23.766444985428556,-168.53486167315515,0.0
1788492443.876661,41.06672321082636,-23.76830555398923,-175.37949448280523,0.0
1788492444.0934138,41.05998187894815,-23.749050554430756,153.4270032571493,0.0
1788492444.344127,41.04774877523355,-23.85854998686797,120.97046626456432,0.0
1788492444.568486,41.04967184719173,-23.929265648800136,101.94369110714882,0.0
1788492444.745481,41.04160109693625,-23.930067262688635,101.71994318579732,0.0
1788492444.809119,41.01643119705764,-23.918154220152374,101.93834663873417,0.0
1788492445.098882,40.993439355108116,-23.928108466690876,102.6515041016765,0.0
1788492445.1577852,41.034476192216644,-23.895806804787558,102.07227105703942,0.0
1788492445.3236969,41.000652236901225,-23.954797580966197,103.18951901280468,0.0
1788492445.384553,41.06861408921613,-23.884723488671085,100.06377532408067,0.0
1788492445.6141188,40.987615254066746,-23.940289515364043,102.95445109154224,0.0
1788492445.671136,40.995811627975066,-23.942220374829486,103.35363042707138,0.0
1788492445.856086,41.0452370427299,-23.90292335218098,101.84772700759464,0.0
1788492446.04538,41.0565443490366,-23.88866839737775,100.31268605818082,0.0
1788492446.115124,41.067268308567726,-23.90209323948089,100.39117834426344,0.0
1788492446.304938,41.00201844878009,-23.88919030008509,100.64807383901149,0.0
1788492446.50497,40.975710022191464,-23.896343051831597,102.65170673570918,0.0
1788492446.705704,41.02986268950058,-23.890207684379863,102.21948654505064,0.0
1788492446.906566,41.09047660016811,-23.91470491970918,100.29010418336406,0.0
1788492447.10548,41.02452267607462,-23.902962950828645,101.68616267498135,0.0
1788492447.321387,41.001782475200244,-23.954051953051913,102.95074635351716,0.0
1788492447.581991,40.99931785159719,-23.91110015731332,101.55754571551404,0.0
1788492447.7776241,40.98110221537206,-23.937293820919926,102.546539742285,0.0
1788492448.0664802,41.00197077053218,-23.94411509701901,102.7942275355465,0.0
1788492448.305137,41.05068258413655,-23.86309136158287,101.91957652641514,0.0
1788492448.559464,41.0516784311749,-23.832340718895292,101.91957652641514,0.0
1788492448.8406222,41.01068234597174,-23.945272994827807,102.58122426716733,0.0
1788492449.0136058,41.06196615346129,-23.8673357675489,100.54131159382143,0.0
1788492449.787429,40.98652541190701,-23.931853654498145,102.67756419572777,0.0
1788492450.1165829,41.02302896566339,-23.93990282700764,102.86365248742914,0.0
1788492450.308241,41.02014934794732,-23.957399815422498,102.47960522953537,0.0
1788492450.5520902,41.04770097793158,-23.88763416900858,100.52998567436106,0.0
1788492450.7390301,41.064794563883524,-23.886533695278438,100.48488356091957,0.0
1788492450.920811,41.046581352544706,-23.922022479887485,101.82921239609027,0.0
1788492451.135318,41.06032485047371,-23.854991993057983,100.31452872864827,0.0
1788492451.342237,41.01816389034052,-23.913196262852587,101.86091209009601,0.0
1788492451.531734,41.0710310983124,-23.92105983415473,102.15727095169126,0.0
1788492451.805551,40.99727907071244,-23.902459581939674,102.77767323469641,0.0
1788492452.065279,41.052284696633734,-23.91367845779113,101.5061467828051,0.0
1788492452.2674408,41.02125301683314,-23.903106762739274,102.30568489586142,0.0
1788492452.484404,41.02942971981718,-23.916326173963117,101.949081773368,0.0
1788492452.731106,41.05907232920634,-23.922037115260256,101.95233143339198,0.0
1788492452.964428,41.01107441061417,-23.953628140245343,102.56956006861981,0.0
1788492453.184234,41.03796349961656,-23.93048695620756,102.07416115728239,0.0
1788492453.474268,41.00072739185817,-23.913585462347722,103.18875138637668,0.0
1788492453.646283,41.06664629511529,-24.15201931670932,108.32713659562455,0.0
1788492453.96824,41.212370077709274,-24.30174513966449,124.76728342016935,0.0
1788492454.111667,41.61519703530359,-24.603038108423704,174.71372899173184,0.0
1788492454.381644,41.63404842923563,-24.57612114609831,-158.13093287656397,0.0
1788492454.4977589,41.6188976749161,-24.522389354025133,-153.81370530880832,0.0
1788492454.571009,41.64077082947147,-24.55772717310215,-154.51574929043392,0.0
1788492454.801457,41.67342122870609,-24.568416049569763,-153.81370530880832,0.0
1788492454.916395,41.670248100905994,-24.56837970665161,-153.81370530880832,0.0
1788492455.165472,41.59598566116691,-24.586653299463723,-151.30143973213404,0.0
1788492455.41087,41.5896276658396,-24.580425668266813,-151.51837183306566,0.0
1788492455.508949,41.617525122287724,-24.521631685671963,-153.81370530880832,0.0
1788492455.609922,41.64102627793393,-24.551307691794065,-154.36523831088266,0.0
1788492455.815041,41.67185828895604,-24.57301235382407,-153.81370530880832,0.0
1788492455.89518,41.69086021706009,-24.601813354544408,-153.8314957444445,0.0
1788492456.189292,41.65000413040649,-24.543663231603468,-154.1502808198656,0.0
1788492456.450537,41.675456611865,-24.567714692164692,-153.81370530880832,0.0
1788492456.608591,41.66300946599504,-24.573966342400542,-153.89628309219245,0.0
1788492456.839823,41.65233075509804,-24.57573581408998,-153.93504102605402,0.0
1788492457.0873349,41.633165681703055,-24.553420796903044,-153.6020870550273,0.0
1788492457.277982,41.63622680451805,-24.548054539907994,-153.80266671454854,0.0
1788492457.584054,41.65083086840358,-24.621718948629482,-151.33038741017867,0.0
1788492457.842154,41.63406974271113,-24.559325603550825,-153.84905506842938,0.0
1788492458.550525,41.590868106358336,-24.574841696998664,-151.81621488579094,0.0
1788492458.823176,41.58029670187144,-24.561088892519138,-151.3257284751718,0.0
1788492459.07174,41.65790633640183,-24.561712429361616,-153.79008722630965,0.0
1788492459.2595232,41.65491312600399,-24.62996446322897,-151.46302110907482,0.0
1788492460.064469,41.58815682607605,-24.590548683759785,-151.9797540647636,0.0
1788492460.3136,41.55206795229978,-24.59082586654428,-151.88955831971634,0.0
1788492460.534264,41.64185622983907,-24.55403893492716,-153.8234816604613,0.0
1788492460.768022,41.67653993421829,-24.57266696088059,-153.81370530880832,0.0
1788492461.06432,41.680369883673606,-24.604347483360602,-154.03670155654078,0.0
1788492461.311112,41.6507808551699,-24.627575607857615,-151.73916184984427,0.0
1788492461.604546,41.57359602296188,-24.59562249646737,-151.371586617542,0.0
1788492461.8800142,41.648308051919905,-24.63371525921007,-151.44303681397275,0.0
1788492462.010071,41.66138648476734,-24.570393191124268,-153.60431575502497,0.0
1788492462.305603,41.64929847315966,-24.630439084709888,-151.41950305659992,0.0
1788492462.620081,41.57651106799287,-24.54532723715606,-151.37235404940589,0.0
1788492462.8813481,41.62892923133244,-24.561699891485382,-153.80550090272743,0.0
1788492463.191021,41.63552712035153,-24.59160050716243,-151.42411283544993,0.0
1788492463.4076312,41.6427417659901,-24.543314487303494,-154.04853981879933,0.0
1788492463.6618528,41.62139716434672,-24.549788207223063,-153.66880417039317,0.0
1788492463.899989,41.655582518626844,-24.552611789071612,-153.9513716476239,0.0
1788492464.134827,41.65026248684436,-24.625754446528767,-151.54676632482352,0.0
1788492464.3288682,41.57584988946907,-24.646131377016886,-156.15263573306447,0.0
1788492464.538977,41.536462413441264,-24.55660791914296,-174.05101652453902,0.0
1788492464.731324,41.52023407075944,-24.70969139174042,157.72342437244617,0.0
1788492464.931094,41.60327845815282,-24.715058430426772,113.92857087578278,0.0
1788492465.276363,41.46665515688018,-24.712434608837356,102.86512738401115,0.0
1788492465.416428,41.503781408714765,-24.674642958392877,101.88027285932253,0.0
1788492465.5331771,41.52869297608152,-24.671903370170263,102.2460598528155,0.0
1788492465.710366,41.50287725683581,-24.68983395970994,102.97376617622564,0.0
1788492465.789036,41.47010898890327,-24.711766070326476,102.87992916475474,0.0
1788492465.983639,41.53617779206499,-24.668527219907244,102.1608360213761,0.0
1788492466.04046,41.51833439760107,-24.721419426805575,102.65857295496863,0.0
1788492466.266902,41.53228944141157,-24.685263406243518,102.50014434470876,0.0
1788492466.390838,41.52816264002424,-24.655775603008287,102.14854720743676,0.0
1788492466.532852,41.55030660207604,-24.680817085539136,101.68826460608545,0.0
1788492466.710358,41.562433449509385,-24.659477368718964,101.82438416760795,0.0
1788492466.769135,41.494979910198445,-24.69224379325525,103.28047793394865,0.0
1788492466.990471,41.51045202852635,-24.681187179170127,101.80969108130046,0.0
1788492467.2324271,41.51680814763468,-24.674139792853957,103.03833493293354,0.0
1788492467.4256709,41.518486363053434,-24.69637119530478,102.87271830579641,0.0
1788492467.625113,41.53844775195038,-24.681852451001333,101.90332695824986,0.0
1788492467.874719,41.54030480847022,-24.67245555356434,102.10318026129681,0.0
1788492468.137414,41.536101887897715,-24.64667930670233,101.9702897500552,0.0
1788492468.3607638,41.556087529054786,-24.67901597503929,101.63194903250019,0.0
1788492468.6561432,41.50156412232943,-24.677151725662537,101.80310089783103,0.0
1788492468.898487,41.50656507419596,-24.73763719454189,103.09513653302417,0.0
1788492469.083233,41.50650337091707,-24.676757199773053,101.89529670295201,0.0
1788492469.359463,41.5506371277839,-24.692409368303746,101.85809820967836,0.0
1788492469.611959,41.51564268921403,-24.71679987146302,102.78525642161458,0.0
1788492469.878756,41.516373082859744,-24.663162667036026,102.54325859163168,0.0
1788492470.603652,41.500158340049175,-24.71052766888182,102.99005249801178,0.0
1788492470.804375,41.46876997442883,-24.710540316357598,103.05222386607426,0.0
1788492471.057108,41.56511347389197,-24.63360090685579,102.11412777958367,0.0
1788492471.2659252,41.485230682656855,-24.69683741285208,103.38861126996255,0.0
1788492471.460035,41.551769723731965,-24.671104931203477,101.75757926652363,0.0
1788492471.6575239,41.55705587945272,-24.68062040735791,101.85757131504948,0.0
1788492471.856172,41.53382445287521,-24.671729144922217,102.16839805191626,0.0
1788492472.120848,41.53206867686752,-24.683476049231714,102.75528780851278,0.0
1788492472.328966,41.54595935249248,-24.680002110150202,102.06183090169753,0.0
1788492472.580408,41.47893895099585,-24.71835186981946,102.37100447967828,0.0
1788492472.79841,41.50908077564763,-24.70789880585015,102.82024626942331,0.0
1788492473.091655,41.54842593899115,-24.673539044967324,101.73875193488067,0.0
1788492473.368973,41.49217198586243,-24.6808826995596,102.06909042414878,0.0
1788492473.679722,41.48703083968683,-24.679911195301127,102.19267412212753,0.0
1788492473.9354482,41.51750167364786,-24.683994476793156,102.05551714984597,0.0
1788492474.183577,41.48819929010731,-24.660218506187732,102.08341924027934,0.0
1788492474.386444,41.47288339179377,-24.705760824336767,102.71727060992197,0.0
1788492474.6651661,41.61829875993364,-24.879421147444667,108.83123819215098,0.0
1788492474.906482,41.73501719428939,-25.218916622706708,136.60325770069062,0.0
1788492475.184739,42.10056750315017,-25.427001410638276,167.99275246194173,0.0
1788492475.405993,42.184165875504135,-25.312351108784156,-156.0147744471709,0.0
1788492475.7002912,42.274172169657355,-25.290866797309,-117.87029646967267,0.0
1788492476.052541,42.28776161624967,-25.552507613718127,-75.26799800968689,0.0
1788492476.206462,42.25957084028856,-25.560168038481724,-75.4503535626332,0.0
1788492476.369141,42.269320963038936,-25.59608181520756,-75.94840988904787,0.0
1788492476.4409769,42.248359119084604,-25.595346699421196,-74.01300014252836,0.0
1788492476.6191711,42.28971242050445,-25.56445009121426,-75.18906428452533,0.0
1788492476.687598,42.301592166551984,-25.568873776947036,-74.7552574725457,0.0
1788492476.913711,42.260956621280336,-25.539875725782718,-75.97855791662971,0.0
1788492477.067313,42.25622632228937,-25.58197719657753,-76.09987909008467,0.0
1788492477.207386,42.25624371389141,-25.54112526045364,-76.31126435697976,0.0
1788492477.435649,42.26751913494138,-25.543512853027877,-75.61202804471475,0.0
1788492477.508754,42.26596502868681,-25.540746801677557,-75.75083206564966,0.0
1788492477.7333272,42.26333927763123,-25.54369440029905,-76.00012523127035,0.0
1788492477.954228,42.25329833874275,-25.579672264098345,-76.61639868433988,0.0
1788492478.2788851,42.261001417394695,-25.542774902710647,-76.39087941488881,0.0
1788492478.576092,42.2630613694167,-25.534848228238136,-75.67648035757817,0.0
1788492478.978143,42.295992244663324,-25.5535479716558,-74.53015442957043,0.0
1788492479.218538,42.264148369121735,-25.552964178086427,-75.79821567612521,0.0
1788492479.496292,42.30471042058451,-25.564725048068286,-75.0477626657499,0.0
1788492479.724083,42.29444827530183,-25.5562965306849,-74.64094126690155,0.0
1788492479.973781,42.26646503528578,-25.53894176139539,-75.83866189943056,0.0
1788492480.1836832,42.2608975092637,-25.581872055979613,-76.86686584311684,0.0
1788492480.442462,42.275749564410134,-25.551709915537185,-75.23696723765856,0.0
1788492480.695764,42.27984251385732,-25.549501501567597,-74.5552672757318,0.0
1788492481.560547,42.261137387556474,-25.538893411069356,-76.06185347821702,0.0
1788492481.817148,42.264539179002384,-25.548804370348243,-75.89456331297576,0.0
1788492482.0542989,42.269697261463676,-25.54476244906402,-75.85170653473438,0.0
1788492482.220874,42.25873767133588,-25.545151325657482,-75.79574657137923,0.0
1788492482.497786,42.236532084301786,-25.586859275244127,-76.62273078986418,0.0
1788492482.8350499,42.26437473879897,-25.538043381330386,-75.53138073548142,0.0
1788492483.030475,42.286546062356294,-25.568980517541426,-75.68291336971662,0.0
1788492483.26591,42.286823074307115,-25.56107629035132,-74.93331178011707,0.0
1788492483.517596,42.23086755306413,-25.578988446776215,-76.43348330730886,0.0
1788492483.708708,42.26487292355383,-25.554101311572275,-75.8865163191896,0.0
1788492483.9799628,42.29359300634495,-25.52864755329523,-75.85320093858613,0.0
1788492484.295306,42.24108244124731,-25.580733117182753,-76.5624298780639,0.0
1788492484.578915,42.268078904522554,-25.554532482326138,-75.60910441818662,0.0
1788492484.8233862,42.2568534932619,-25.543213380661403,-75.9738145354095,0.0
1788492485.109804,42.27569579670005,-25.607780552888965,-76.06736065492636,0.0
1788492485.3961658,42.25652332524232,-25.556384541070123,-75.73659630283757,0.0
1788492485.714273,42.26594232352707,-25.555428562782712,-75.44642552815519,0.0
1788492486.101295,42.26136513027878,-25.55171504617181,-85.87306073002686,0.0
1788492486.266423,42.29740086045632,-25.484240744045508,-131.3295021146671,0.0
1788492486.5734668,42.19366247137508,-25.501353176596233,179.45345168114238,0.0
1788492486.7350469,42.102105943789184,-25.539320711066892,151.5141068735967,0.0
1788492486.9688299,42.0884965147736,-25.581575281398298,113.91700723912732,0.0
1788492487.165646,42.01769245193633,-25.72594915720837,102.7328345009098,0.0
1788492487.367428,42.06876428381649,-25.686798829279358,102.279421490765,0.0
1788492487.430067,42.04925711293818,-25.729727515080892,102.72122268701469,0.0
1788492487.6456268,42.0694953711565,-25.69078049540204,102.29581036540645,0.0
1788492487.698903,42.049393269652,-25.79013044354565,109.95721201049105,0.0
1788492487.967137,42.04006954418047,-25.732551270990683,103.07921605007732,0.0
1788492488.0381582,42.018801973246546,-25.713518755201708,102.94973411082594,0.0
1788492488.329373,42.01765883974765,-25.720452104106705,102.91555881574783,0.0
1788492488.39889,42.084947847492295,-25.700985667896024,101.90736937796441,0.0
1788492488.595776,42.071130068061876,-25.69140237801677,102.7208292631239,0.0
1788492488.696238,42.019756316355306,-25.719857943022916,103.17414682530045,0.0
1788492488.927583,42.09217717433474,-25.687255990351712,101.97876479928868,0.0
1788492489.122538,42.02416894067631,-25.714342569306787,103.0939288135504,0.0
1788492489.30196,42.032274944896194,-25.721109338884727,102.96625543278014,0.0
1788492489.567543,42.01630900819606,-25.718665202623672,103.07362176340735,0.0
1788492489.767731,42.01740537725675,-25.71589621245497,103.72139483718206,0.0
1788492490.116825,42.01746194774269,-25.72985230706318,102.3672942811479,0.0
1788492490.419359,42.026684508320066,-25.723755550337273,102.82374032181121,0.0
1788492490.652378,42.01759852553995,-25.719825529953873,103.17584208383198,0.0
1788492490.867629,42.02400220695786,-25.72649057202039,103.38387446373338,0.0
1788492491.120575,42.074923465277315,-25.693103320554428,102.14457699788943,0.0
1788492491.405304,42.07693632808256,-25.68213310426927,102.41857519351299,0.0
1788492491.666534,42.02602882882208,-25.71368590969008,102.76579501164599,0.0
1788492491.887965,42.06911834480684,-25.69171196240609,102.26455608185677,0.0
1788492492.68912,42.03008425551864,-25.71045376029022,102.75338538209127,0.0
1788492492.9142258,42.0705494563307,-25.692762290413334,102.09467661449844,0.0
1788492493.17783,41.99519408677255,-25.741626736407607,104.26211242559242,0.0
1788492493.4338171,42.0251586094778,-25.720886795565004,102.67144957662475,0.0
1788492493.701362,42.07891527284786,-25.70641887451447,101.49626101043077,0.0
1788492494.0173938,42.064690943879796,-25.68716216987685,102.45420826289671,0.0
1788492494.266392,42.0680405770701,-25.69034731247584,102.24769084550849,0.0
1788492494.499207,42.01225298921649,-25.711601259697407,102.88103340207817,0.0
1788492494.734412,42.01255997490326,-25.711941946950628,103.44709098738758,0.0
1788492494.961725,42.01764923559054,-25.723488425327826,103.1645823791925,0.0
1788492495.1540658,42.055883619073384,-25.684056535308482,102.75069525427062,0.0
1788492495.410423,42.01600912997924,-25.71667142347123,102.94995517419335,0.0
1788492495.684404,42.014414266411904,-25.747479463639664,103.81422256714819,0.0
1788492495.8853319,42.07584397381201,-25.696875913858378,101.97912629309621,0.0
1788492496.219979,42.02536770277178,-25.71396218007767,102.77452662771839,0.0
1788492496.4384608,42.02673475806839,-25.712669142317452,102.89921214801495,0.0
1788492496.750227,42.08172411795062,-25.693458655501495,101.87145971551729,0.0
1788492496.963958,42.02402322974419,-25.64863358883971,93.29517251471401,0.0
1788492497.151715,41.94275263443249,-25.687167190110095,73.72676861483373,0.0
1788492497.328871,41.78253571347145,-25.745387455363144,24.382093275490348,0.0
1788492497.5359192,41.38209628172886,-25.7985898499175,3.1823679974182824,0.0
1788492497.731114,41.37385317994831,-25.792046868237485,2.4905887069132575,0.0
1788492497.86286,41.351480941348896,-25.768617048993455,4.178499774954503,0.0
1788492497.996717,41.348454837437004,-25.772847454715357,3.664196231463478,0.0
1788492498.130102,41.39633760638344,-25.786839286950446,4.3497683772146445,0.0
1788492498.281764,41.37004349582393,-25.77617491932977,2.979304940557455,0.0
1788492498.4524548,41.341260160600164,-25.763490572026075,4.025607248607457,0.0
1788492498.606657,41.33632458479438,-25.80773806551631,4.3497683772146445,0.0
1788492498.7996008,41.36982224279644,-25.782154982768017,3.056339113411127,0.0
1788492498.860511,41.33567798975335,-25.808955037706813,4.3497683772146445,0.0
1788492499.055708,41.35101332959763,-25.766491173658117,4.055713678631832,0.0
1788492499.2185202,41.377646289059754,-25.802566114815473,3.050550595754544,0.0
1788492499.338677,41.33550910657971,-25.744757931022562,3.733738262647563,0.0
1788492499.5913768,41.39534186190763,-25.817554400861297,4.3497683772146445,0.0
1788492499.773401,41.33581928470344,-25.80951330930308,4.3497683772146445,0.0
1788492499.973114,41.34421214027916,-25.76520694032516,4.472616660074635,0.0
1788492500.1717498,41.33576695876764,-25.8064431196763,4.3497683772146445,0.0
1788492500.366457,41.336293564546196,-25.810101128259546,4.3497683772146445,0.0
1788492500.562005,41.37471081115159,-25.797375445370047,3.0501977380376672,0.0
1788492500.760761,41.30490356333392,-25.761960625494048,5.757533980314122,0.0
1788492500.953671,41.344286679314976,-25.765389320483898,4.055645664187779,0.0
1788492501.1549199,41.369497015657025,-25.78067193037955,3.0742103825746767,0.0
1788492501.415584,41.37620006705964,-25.799864832148973,3.0001991141358815,0.0
1788492501.712075,41.333439057577586,-25.83870521577033,4.3497683772146445,0.0
1788492502.026009,41.337060105795345,-25.809164334730326,4.3497683772146445,0.0
1788492502.420375,41.37154557403468,-25.76939559765469,3.186705379791988,0.0
1788492503.148313,41.373748929319575,-25.802270073357874,2.802672695135641,0.0
1788492503.361888,41.37196279045506,-25.794240507097555,3.164355798904751,0.0
1788492503.60713,41.340396482950105,-25.77345635870134,3.6649517321367,0.0
1788492503.879074,41.3487720409561,-25.764148907781216,4.577280536233275,0.0
1788492504.068487,41.34053056253986,-25.775024709584713,4.542665190228462,0.0
1788492504.2621472,41.35305687130013,-25.80766952644543,2.151572209373427,0.0
1788492504.523808,41.34171832842242,-25.758945524327725,5.231430866723372,0.0
1788492504.741482,41.36527161419153,-25.78618300186262,4.3497683772146445,0.0
1788492504.9494998,41.37300921759289,-25.799731814534617,3.0509691190616195,0.0
1788492505.212534,41.33662058967169,-25.808674800209,4.3497683772146445,0.0
1788492505.56414,41.34730822537528,-25.768376067179677,4.196831391246519,0.0
1788492505.792889,41.33850511427566,-25.80836944210618,4.3497683772146445,0.0
1788492505.976078,41.35000091034339,-25.73807644978181,4.275849514078459,0.0
1788492506.172807,41.343913877370895,-25.77016200571171,3.621641374673999,0.0
1788492506.4399328,41.33452351786642,-25.807107202666725,4.3497683772146445,0.0
1788492506.6389859,41.35494147612678,-25.767236139496884,4.158958926214069,0.0
1788492506.8397272,41.37214288825448,-25.80107542805022,2.8475824148132745,0.0
1788492507.07374,41.30910989326632,-25.722208521014853,7.653833469142143,0.0
1788492507.464349,41.11786909136943,-25.810498467263137,30.49412097720267,0.0
1788492507.694197,40.948423432337776,-26.078354808405585,82.4637173181269,0.0
1788492507.892349,40.95236649341281,-26.056295776060345,93.43048362438788,0.0
1788492508.089181,40.934066628544905,-26.080554433252562,92.11012157460794,0.0
1788492508.201666,40.983422297399635,-26.056952696161922,93.43048362438788,0.0
1788492508.321675,40.92360031691005,-26.074284193316462,93.43048362438788,0.0
1788492508.419469,40.96546329694039,-26.040611958872592,92.10215454072824,0.0
1788492508.655725,40.99556618122708,-26.056661227594013,92.27698476558453,0.0
1788492508.7106,40.95236649341281,-26.056295776060345,93.43048362438788,0.0
1788492508.8830478,40.99084032018776,-26.06108808230231,92.42805384433098,0.0
1788492508.957773,40.97870364980783,-26.0235108873041,92.4843484800204,0.0
1788492509.1502872,40.95041371327095,-26.110514906367364,93.43048362438788,0.0
1788492509.3449411,40.95236649341281,-26.056295776060345,93.43048362438788,0.0
1788492509.412467,41.001891279281494,-26.083836550160193,93.43048362438788,0.0
1788492509.624748,40.92878169836392,-26.07593105326972,93.43048362438788,0.0
1788492509.833621,40.95236649341281,-26.056295776060345,93.43048362438788,0.0
1788492510.3897989,40.97782752645769,-26.048799876164825,92.5303870648275,0.0
1788492510.591553,40.992680893686476,-26.060881109952604,92.39501117055602,0.0
1788492510.790802,40.988024331916876,-26.050704683452334,92.48466389505057,0.0
1788492511.07093,40.9124196402559,-26.05536149986986,92.21466622152042,0.0
1788492511.272471,40.9387258849522,-26.032823601446218,92.15914955510482,0.0
1788492511.4544919,40.964976067321224,-26.054956420794074,91.99304609889043,0.0
1788492511.765928,40.992557886846875,-26.046455306545948,92.38544253667442,0.0
1788492512.148306,40.9690022271868,-26.081941052924677,93.43048362438788,0.0
1788492512.3397498,40.93139549423672,-26.077208642762663,93.43048362438788,0.0
1788492513.186635,40.96319069491531,-26.05385988297688,92.02888811987526,0.0
1788492513.455301,40.95236649341281,-26.056295776060345,93.43048362438788,0.0
1788492513.7133372,40.95236649341281,-26.056295776060345,93.43048362438788,0.0
1788492513.952363,40.98541536280398,-26.043349919143697,92.57627135933598,0.0
1788492514.182743,40.99488666931098,-26.051914968056316,92.26981326574906,0.0
1788492514.3765068,40.97670925048345,-26.08593591764747,93.43048362438788,0.0
1788492514.629523,40.969516347318326,-26.027639331175326,92.17227312350462,0.0
1788492514.855683,40.994691603284394,-26.05951183618287,92.3584383982635,0.0
1788492515.085664,40.93641268407388,-26.035628824008928,92.29910861866381,0.0
1788492515.317446,40.977698262042544,-26.053320237665606,92.47731155571273,0.0
1788492515.704074,40.99554876416966,-26.055554821931793,92.32980510015597,0.0
1788492516.004132,40.91785945111349,-26.076445877590235,93.78808465911186,0.0
1788492516.270755,40.956077058706555,-26.047988879373765,92.10369279448554,0.0
1788492516.4783869,40.98235904142954,-26.05054472864438,92.51619820848629,0.0
1788492516.6852522,40.952951454916544,-26.04459583494205,91.90476000262265,0.0
1788492516.8776839,40.98566699634656,-26.057773405600717,92.39749817339572,0.0
1788492517.161292,40.983422297399635,-26.056952696161922,93.43048362438788,0.0
1788492517.324668,41.02845260166294,-26.056380954153525,81.90899830954419,0.0
1788492517.5180311,40.9042696177571,-26.063535973206097,63.44622760330722,0.0
1788492517.746033,40.81046428548644,-26.058692068948286,28.37535954120932,0.0
1788492518.01194,40.769366559744356,-26.052531579834536,-9.014111312079422,0.0
1788492518.217933,40.769722602415655,-26.02656210124601,-13.04739701042817,0.0
1788492518.297678,40.766559253952344,-26.038996534886216,-13.36092557618494,0.0
1788492518.656522,40.764785064690784,-26.003992006152686,-13.971139742376636,0.0
1788492518.732023,40.786431149808074,-26.034098413283967,-13.259320207946104,0.0
1788492518.879454,40.79782486948041,-26.01550383955142,-12.732255572369752,0.0
1788492518.930012,40.74676444612383,-26.04277672181466,-14.392662803020556,0.0
1788492519.123871,40.76635765059556,-26.02433662007744,-13.054497418195155,0.0
1788492519.2642272,40.7855163460378,-26.032803053775513,-13.158921391390919,0.0
1788492519.4010172,40.77577266746995,-26.034842150700687,-13.065917081233522,0.0
1788492519.63562,40.77047234971582,-26.019655274798467,-12.705211026574062,0.0
1788492519.715759,40.78292029369232,-26.034545043304448,-13.004843766563027,0.0
1788492519.922338,40.768664992516875,-25.98996101314409,-13.751151209517076,0.0
1788492520.124581,40.77927386968393,-26.01582868277449,-12.633765895629779,0.0
1788492520.303782,40.76149372324025,-26.04823809204455,-13.971139742376636,0.0
1788492520.504429,40.75380224078307,-26.047753358917625,-12.9517588897275,0.0
1788492520.7506182,40.71972979759793,-25.99795815032969,-13.971139742376636,0.0
1788492521.117664,40.76786216745078,-26.001295799531274,-13.971139742376636,0.0
1788492521.403937,40.78774544284267,-26.03441394308183,-13.015859647633107,0.0
1788492521.618031,40.775472583081694,-26.032483312284928,-13.254543418728986,0.0
1788492521.8212569,40.78922912499549,-26.036964502614243,-13.097110727881756,0.0
1788492522.037293,40.7944947694359,-26.022675097888914,-13.053311134015473,0.0
1788492522.214419,40.79255320957341,-26.048923221628296,-13.973538479494437,0.0
1788492522.4715788,40.767165841973195,-26.01862593914124,-12.79056020573151,0.0
1788492522.6799612,40.72223475080058,-25.995587500655834,-13.971139742376636,0.0
1788492523.394936,40.77476494875667,-26.035953346797406,-13.310249331740323,0.0
1788492523.611139,40.77183385127589,-26.03733799180647,-13.342068336801049,0.0
1788492523.853578,40.73042827051042,-26.047580315366744,-13.971139742376636,0.0
1788492524.095534,40.77049693106033,-26.024945351981195,-12.884168427297311,0.0
1788492524.3311229,40.776406953544516,-26.03710358194006,-13.404571229185649,0.0
1788492524.515477,40.77932614823665,-26.034351551872412,-13.197914518293885,0.0
1788492524.710542,40.804360753758054,-25.980038031496168,-12.507209701323234,0.0
1788492524.923674,40.76695679525443,-26.034533702231236,-13.566449828286125,0.0
1788492525.120481,40.71317479916917,-25.995050507293396,-13.971139742376636,0.0
1788492525.373664,40.78035025062823,-26.030678889478324,-12.993120149513032,0.0
1788492525.8063319,40.77170367077753,-26.030702335628398,-13.181731952765915,0.0
1788492526.224567,40.77585534621393,-26.021564576510183,-12.72816042780235,0.0
1788492526.597255,40.78843355671119,-26.0417487133548,-13.505101967192331,0.0
1788492526.894183,40.74727916950754,-26.044534288747506,-12.872578010861986,0.0
1788492527.1663349,40.77588075603011,-26.035198456997936,-13.333879350848235,0.0
1788492527.3892999,40.76528640563299,-26.02950334073113,-12.337189753031907,0.0
1788492527.666198,40.77135319871438,-26.03615311415379,-13.174191237064178,0.0
1788492527.887125,40.5973796859549,-25.998482368985858,-3.5562715996769896,0.0
1788492528.08968,40.35566858973531,-26.032711737032866,24.613474035749675,0.0
1788492528.289372,40.35977620296339,-26.18803682444,57.04487469126602,0.0
1788492528.582767,40.26421869395625,-26.128116175047275,85.18663658347873,0.0
1788492528.797625,40.334069223992095,-26.10994761925766,92.71501608325536,0.0
1788492529.046185,40.34250753776883,-26.11566644470049,92.70742298360608,0.0
1788492529.089033,40.34960263699359,-26.072376294390143,91.77173225343574,0.0
1788492529.369876,40.333750540870575,-26.124556161710604,93.11919138850135,0.0
1788492529.443032,40.34960263699359,-26.072376294390143,91.77173225343574,0.0
1788492529.560653,40.329842384193896,-26.12337025081938,93.22112861394578,0.0
1788492529.774237,40.35935455215498,-26.135873048164765,93.42725867155741,0.0
1788492529.838884,40.32929495041845,-26.10452344065085,93.42725867155741,0.0
1788492530.065087,40.32473283749789,-26.121673448027988,93.23399545801908,0.0
1788492530.180185,40.33869917879135,-26.123349473946643,92.92795020595247,0.0
1788492530.347779,40.27776619526397,-26.075452146323563,95.27271917186675,0.0
1788492530.5451362,40.32684822544723,-26.117420509070858,93.38047678608746,0.0
1788492530.737911,40.335033834993496,-26.120172540188705,92.67534104773318,0.0
1788492530.93715,40.326132859856806,-26.12063117092722,93.0707807773664,0.0
1788492531.189138,40.34960263699359,-26.072376294390143,91.77173225343574,0.0
1788492531.406433,40.342665570642815,-26.123545279912086,93.29300609823451,0.0
1788492531.5992498,40.35223691545412,-26.11084340986397,92.61695450378204,0.0
1788492531.875178,40.35432422472148,-26.10904121892325,93.02498835783467,0.0
1788492532.1629922,40.33495242812732,-26.12072851298702,92.87774643923973,0.0
1788492532.382443,40.322744435236366,-26.117975592738134,93.39583643594597,0.0
1788492532.584773,40.32929495041845,-26.10452344065085,93.42725867155741,0.0
1788492532.776896,40.334531181553146,-26.12159091875065,92.95461709420596,0.0
1788492533.0381608,40.32700337308533,-26.127636511886212,93.25700343242454,0.0
1788492533.87935,40.34960263699359,-26.072376294390143,91.77173225343574,0.0
1788492534.128151,40.35109586684973,-26.125005721349066,93.42725867155741,0.0
1788492534.374403,40.340262812229895,-26.123621709238478,93.16138609732519,0.0
1788492534.631443,40.32929495041845,-26.10452344065085,93.42725867155741,0.0
1788492534.8871932,40.347836274738484,-26.11966375178996,92.83039873382188,0.0
1788492535.1139169,40.27776619526397,-26.075452146323563,95.27271917186675,0.0
1788492535.445107,40.330269173476296,-26.11258528653829,93.12116705405515,0.0
1788492535.691375,40.33231263061022,-26.126768980317618,93.108138189697,0.0
1788492535.869323,40.326986478075646,-26.118482853696815,92.94724878304248,0.0
1788492536.1006458,40.33127701530369,-26.0431396401382,93.42797351414418,0.0
1788492536.36925,40.32929495041845,-26.10452344065085,93.42725867155741,0.0
1788492536.562834,40.3111281820079,-26.075832219623795,95.07414995310813,0.0
1788492536.7854972,40.337046798814875,-26.10929733761578,93.09880882652078,0.0
1788492537.0363579,40.35816110019295,-26.1152417830481,92.76651878954567,0.0
1788492537.260628,40.33127701530369,-26.0431396401382,93.42797351414418,0.0
1788492537.461987,40.33127701530369,-26.0431396401382,93.42797351414418,0.0
1788492537.717124,40.34102486449374,-26.1196378982862,92.99928048190873,0.0
1788492537.923688,40.32036877274476,-26.034709578987336,85.01863784541376,0.0
1788492538.214819,40.312378100961766,-25.995094925929482,66.4556938364876,0.0
1788492538.391253,40.25957367721349,-26.07963561185753,24.591650711791317,0.0
1788492538.575243,40.179078859453035,-26.123441231127398,-5.6283877143573875,0.0
1788492538.795059,40.11152256563011,-25.966825932313576,-36.908278129336225,0.0
1788492539.000565,40.20932353555371,-26.079071491908014,-65.24419576518477,0.0
1788492539.264977,40.227543801110286,-26.118651154205445,-85.6536544237325,0.0
1788492539.432534,40.28687596020279,-26.120358180832024,-84.94424266886625,0.0
1788492539.496532,40.23390818458699,-26.135378121586072,-85.5604940539973,0.0
1788492539.699243,40.278822387660924,-26.159111126740257,-85.87434951906005,0.0
1788492539.76047,40.217267814729716,-26.114578988433347,-85.53512459125824,0.0
1788492539.956266,40.28341423133043,-26.14815737842047,-85.32922341121402,0.0
1788492540.096844,40.24503519664949,-26.144454022207388,-84.94424266886625,0.0
1788492540.2473059,40.261424428070185,-26.142773889257082,-84.94424266886625,0.0
1788492540.436566,40.22817358398783,-26.142372036706675,-85.13188999282804,0.0
1788492540.501924,40.20707899533035,-26.11078519666273,-85.49669327617462,0.0
1788492540.711945,40.23747167621862,-26.12444375562194,-85.60689316156349,0.0
1788492540.764697,40.24248385320399,-26.120489207699972,-85.62224753254966,0.0
1788492540.957738,40.261424428070185,-26.142773889257082,-84.94424266886625,0.0
1788492541.1597319,40.22231937666708,-26.1315424846398,-85.66456939031328,0.0
1788492541.4000692,40.28152645922306,-26.142715638069202,-83.99130520231925,0.0
1788492541.583951,40.250167690690645,-26.157289434222722,-86.45223430682303,0.0
1788492541.806318,40.186675974233005,-26.127226634038156,-85.5558147577372,0.0
1788492542.016201,40.189949761300554,-26.153675704534827,-86.96916838157786,0.0
1788492542.388038,40.241437041041856,-26.115822942421147,-85.75623659758435,0.0
1788492542.6714659,40.21483901299818,-26.203373030395582,-84.16327519173304,0.0
1788492542.900408,40.208541528462064,-26.180514157042836,-84.88454746756267,0.0
1788492543.071321,40.21860351432605,-26.164497958201615,-84.02960585858933,0.0
1788492543.3617122,40.185952601320565,-26.11996728170202,-85.60559682150358,0.0
1788492543.52283,40.25585443643757,-26.119785875809942,-85.13188999282804,0.0
1788492543.820321,40.2075276320294,-26.124223304807913,-85.39319981826189,0.0
1788492544.649191,40.21557253636841,-26.151572400269785,-85.7130194107178,0.0
1788492544.933401,40.20522550632372,-26.12853308090602,-85.85090535323742,0.0
1788492545.187495,40.26193097870486,-26.181417782504056,-85.913453565138,0.0
1788492545.484353,40.274133440080206,-26.12404088237959,-85.76003610079891,0.0
1788492545.726499,40.268801837823666,-26.14452209859591,-84.20673784471198,0.0
1788492545.992974,40.2425978459236,-26.122282012722803,-84.94424266886625,0.0
1788492546.2783139,40.3077379360906,-26.163705572127352,-86.0687631375436,0.0
1788492546.54396,40.22817358398783,-26.142372036706675,-85.13188999282804,0.0
1788492546.823532,40.21330450562399,-26.141080645425575,-85.95006799127322,0.0
1788492547.0345778,40.2660355005882,-26.153983881396318,-84.43560984957854,0.0
1788492547.290688,40.23904763867492,-26.119039910724542,-85.49508516963851,0.0
1788492547.552581,40.23878663421493,-26.125412179843437,-85.57327949319861,0.0
1788492547.748203,40.208081473852175,-26.140096015845952,-86.03265981882618,0.0
1788492547.957257,40.261424428070185,-26.142773889257082,-84.94424266886625,0.0
1788492548.173784,40.20229982944689,-26.169744166734223,-83.93007410550784,0.0
1788492548.4282181,40.261424428070185,-26.142773889257082,-84.94424266886625,0.0
1788492548.678507,40.23804548807567,-26.183879792977326,-84.69087575583855,0.0
1788492548.883971,40.235870194492975,-25.952468847993497,-79.93280495985316,0.0
1788492549.107701,40.0910207019942,-25.785855713407464,-65.3619612090127,0.0
1788492549.301748,39.89841269884576,-25.417799002957288,-35.54308384696881,0.0
1788492549.55985,39.83904476631508,-25.415767269594227,12.10776255115158,0.0
1788492549.7891781,39.92735292080286,-25.29038982570257,53.926531733991226,0.0
1788492550.006088,40.028777274680344,-25.228089061897826,81.9969640076556,0.0
1788492550.209215,40.01732916006746,-25.176199589062797,93.4315182991649,0.0
1788492550.395575,39.99390299874422,-25.170991448343962,92.25746259488079,0.0
1788492550.4608362,40.01732916006746,-25.176199589062797,93.4315182991649,0.0
1788492550.7203999,40.047955288723934,-25.194689223069094,91.96992441030181,0.0
1788492550.774069,40.00018528556153,-25.158581277875886,92.45553495307365,0.0
1788492550.923434,40.00757235629895,-25.165798917371756,92.00591189622878,0.0
1788492551.056245,40.00871264660539,-25.182549498490815,92.16083545772534,0.0
1788492551.184722,40.01732916006746,-25.176199589062797,93.4315182991649,0.0
1788492551.3895118,40.02131874645449,-25.181226718379722,92.42980296892836,0.0
1788492551.454845,40.01732916006746,-25.176199589062797,93.4315182991649,0.0
1788492551.651285,40.03687608805141,-25.1852851988206,92.29029201765599,0.0
1788492551.747363,40.01732916006746,-25.176199589062797,93.4315182991649,0.0
1788492551.962784,40.00496791301597,-25.178877019411736,91.80186180784551,0.0
1788492552.21986,40.01732916006746,-25.176199589062797,93.4315182991649,0.0
1788492552.450241,40.06395908925715,-25.16074073871221,94.07852212917089,0.0
1788492552.651354,40.0083985858488,-25.19071260548617,91.6806253273844,0.0
1788492552.842318,40.07362246908745,-25.208188343482796,93.58193203164393,0.0
1788492553.0315049,40.00528916443954,-25.191733767908975,91.21677840869688,0.0
1788492553.234349,40.03693578606775,-25.17473910442246,92.50728308412431,0.0
1788492553.429857,40.01816502913801,-25.173164842224107,91.89068856995442,0.0
1788492553.6477902,40.01732916006746,-25.176199589062797,93.4315182991649,0.0
1788492553.896159,40.005472569409505,-25.167815562473667,91.92065040095162,0.0
1788492554.177962,40.04463920201563,-25.144878704732648,93.1529741263638,0.0
1788492555.304787,40.000000134078626,-25.158640353095993,92.45823730097663,0.0
1788492555.650605,40.01732916006746,-25.176199589062797,93.4315182991649,0.0
