turn,commanded,t_rel,seq,now,flags,x,y,h,ox,oy,oh,vl,vr,i2cf,cyc,posl,posr,dutl,dutr,lexc,wrng,cycovr
1,90,-0.011,114,3569839,31,-943,107,61208,0,0,0,0,0,403,16523,7384,23647,0,0,0,0,0
1,90,0.048,115,3569899,31,-943,107,61208,0,0,0,0,0,403,16524,7384,23647,-900,900,0,0,0
1,90,0.121,116,3569971,31,-943,108,61367,0,0,0,-46,16,404,16527,7353,23658,-1200,1200,0,0,0
1,90,0.193,117,3570043,31,-942,108,61739,0,0,0,-66,46,404,16530,7300,23703,-1300,1400,0,0,0
1,90,0.265,118,3570115,31,-942,109,62156,0,0,0,-82,53,404,16533,7234,23747,-1400,1800,0,0,0
1,90,0.337,119,3570187,31,-942,109,62706,0,0,0,-82,72,404,16536,7156,23814,-1900,2100,0,0,0
1,90,0.412,120,3570259,31,-942,110,63530,0,0,0,-148,128,404,16539,7039,23914,-2500,2500,0,0,0
1,90,0.481,121,3570331,31,-942,111,64562,0,0,0,-184,141,405,16542,6889,24036,-2700,2700,0,0,0
1,90,0.554,122,3570403,31,-943,112,65678,0,0,0,-174,154,405,16545,6734,24175,-2600,2700,0,0,0
1,90,0.632,123,3570475,31,-943,112,66869,0,0,0,-184,171,405,16548,6567,24322,-2400,2700,0,0,0
1,90,0.708,124,3570548,31,-943,113,68041,0,0,0,-163,158,405,16551,6406,24470,-2300,2600,0,0,0
1,90,0.77,125,3570619,31,-944,113,69157,0,0,0,-164,164,405,16554,6256,24614,-1400,1900,0,0,0
1,90,0.89,126,3570740,31,-944,113,70106,0,0,0,0,0,407,16561,6128,24736,0,0,0,0,0
1,90,0.942,127,3570791,31,-944,113,70106,0,0,0,0,0,407,16563,6128,24736,0,0,0,0,0
1,90,1.025,0,3570864,31,-944,113,70106,0,0,0,0,0,407,16566,6128,24736,0,0,0,0,0
1,90,1.069,1,3570919,31,-944,113,70106,0,0,0,0,0,407,16566,6128,24736,0,0,0,0,0
1,90,1.129,2,3570975,31,-944,113,70106,0,0,0,0,0,407,16566,6128,24736,0,0,0,0,0
1,90,1.181,3,3571031,31,-944,113,70106,0,0,0,0,0,407,16566,6128,24736,0,0,0,0,0
1,90,1.237,4,3571087,31,-944,113,70106,0,0,0,0,0,407,16566,6128,24736,0,0,0,0,0
1,90,1.295,5,3571143,31,-944,113,70106,0,0,0,0,0,407,16566,6128,24736,0,0,0,0,0
1,90,1.349,6,3571199,31,-944,113,70106,0,0,0,0,0,407,16566,6128,24736,0,0,0,0,0
1,90,1.404,7,3571255,31,-944,113,70106,0,0,0,0,0,407,16566,6128,24736,0,0,0,0,0
1,90,1.466,8,3571311,31,-944,113,70106,0,0,0,0,0,407,16566,6128,24736,0,0,0,0,0
1,90,1.517,9,3571367,31,-944,113,70106,0,0,0,0,0,407,16566,6128,24736,0,0,0,0,0
1,90,1.573,10,3571423,31,-944,113,70106,0,0,0,0,0,407,16566,6128,24736,0,0,0,0,0
1,90,1.629,11,3571479,31,-944,113,70106,0,0,0,0,0,407,16566,6128,24736,0,0,0,0,0
1,90,1.685,12,3571535,31,-944,113,70106,0,0,0,0,0,407,16566,6128,24736,0,0,0,0,0
1,90,1.744,13,3571591,31,-944,113,70106,0,0,0,0,0,407,16566,6128,24736,0,0,0,0,0
1,90,1.805,14,3571647,31,-944,113,70106,0,0,0,0,0,407,16566,6128,24736,0,0,0,0,0
1,90,1.849,15,3571699,31,-944,113,70106,0,0,0,0,0,407,16566,6128,24736,0,0,0,0,0
1,90,1.907,16,3571755,31,-944,113,70106,0,0,0,0,0,407,16566,6128,24736,0,0,0,0,0
1,90,1.961,17,3571811,31,-944,113,70106,0,0,0,0,0,407,16566,6128,24736,0,0,0,0,0
1,90,2.017,18,3571867,31,-944,113,70106,0,0,0,0,0,407,16566,6128,24736,0,0,0,0,0
1,90,2.073,19,3571923,31,-944,113,70106,0,0,0,0,0,407,16566,6128,24736,0,0,0,0,0
1,90,2.128,20,3571979,31,-944,113,70106,0,0,0,0,0,407,16566,6128,24736,0,0,0,0,0
1,90,2.192,21,3572035,31,-944,113,70106,0,0,0,0,0,407,16566,6128,24736,0,0,0,0,0
1,90,2.24,22,3572091,31,-944,113,70106,0,0,0,0,0,407,16566,6128,24736,0,0,0,0,0
1,90,2.297,23,3572147,31,-944,113,70106,0,0,0,0,0,407,16566,6128,24736,0,0,0,0,0
1,90,2.358,24,3572203,31,-944,113,70106,0,0,0,0,0,407,16566,6128,24736,0,0,0,0,0
1,90,2.409,25,3572259,31,-944,113,70106,0,0,0,0,0,407,16566,6128,24736,0,0,0,0,0
1,90,2.464,26,3572315,31,-944,113,70106,0,0,0,0,0,407,16566,6128,24736,0,0,0,0,0
1,90,2.526,27,3572371,31,-944,113,70106,0,0,0,0,0,407,16566,6128,24736,0,0,0,0,0
1,90,2.577,28,3572427,31,-944,113,70106,0,0,0,0,0,407,16566,6128,24736,0,0,0,0,0
1,90,2.633,29,3572483,31,-944,113,70106,0,0,0,0,0,407,16566,6128,24736,0,0,0,0,0
1,90,2.697,30,3572539,31,-944,113,70106,0,0,0,0,0,407,16566,6128,24736,0,0,0,0,0
1,90,2.745,31,3572595,31,-944,113,70106,0,0,0,0,0,407,16566,6128,24736,0,0,0,0,0
1,90,2.8,32,3572651,31,-944,113,70106,0,0,0,0,0,407,16566,6128,24736,0,0,0,0,0
1,90,2.871,33,3572707,31,-944,113,70106,0,0,0,0,0,407,16566,6128,24736,0,0,0,0,0
1,90,2.908,34,3572759,31,-944,113,70106,0,0,0,0,0,407,16566,6128,24736,0,0,0,0,0
1,90,2.972,35,3572815,31,-944,113,70106,0,0,0,0,0,407,16566,6128,24736,0,0,0,0,0
1,90,3.021,36,3572871,31,-944,113,70106,0,0,0,0,0,407,16566,6128,24736,0,0,0,0,0
1,90,3.076,37,3572927,31,-944,113,70106,0,0,0,0,0,407,16566,6128,24736,0,0,0,0,0
1,90,3.136,38,3572983,31,-944,113,70106,0,0,0,0,0,407,16566,6128,24736,0,0,0,0,0
1,90,3.189,39,3573039,31,-944,113,70106,0,0,0,0,0,407,16566,6128,24736,0,0,0,0,0
1,90,3.244,40,3573095,31,-944,113,70106,0,0,0,0,0,407,16566,6128,24736,0,0,0,0,0
1,90,3.301,41,3573151,31,-944,113,70106,0,0,0,0,0,407,16566,6128,24736,0,0,0,0,0
1,90,3.357,42,3573207,31,-944,113,70106,0,0,0,0,0,407,16566,6128,24736,0,0,0,0,0
1,90,3.413,43,3573263,31,-944,113,70106,0,0,0,0,0,407,16566,6128,24736,0,0,0,0,0
1,90,3.469,44,3573319,31,-944,113,70106,0,0,0,0,0,407,16566,6128,24736,0,0,0,0,0
1,90,3.525,45,3573375,31,-944,113,70106,0,0,0,0,0,407,16566,6128,24736,0,0,0,0,0
1,90,3.588,46,3573431,31,-944,113,70106,0,0,0,0,0,407,16566,6128,24736,0,0,0,0,0
1,90,3.637,47,3573487,31,-944,113,70106,0,0,0,0,0,407,16566,6128,24736,0,0,0,0,0
1,90,3.693,48,3573543,31,-944,113,70106,0,0,0,0,0,407,16566,6128,24736,0,0,0,0,0
1,90,3.75,49,3573599,31,-944,113,70106,0,0,0,0,0,407,16566,6128,24736,0,0,0,0,0
1,90,3.805,50,3573655,31,-944,113,70106,0,0,0,0,0,407,16566,6128,24736,0,0,0,0,0
1,90,3.861,51,3573711,31,-944,113,70106,0,0,0,0,0,407,16566,6128,24736,0,0,0,0,0
1,90,3.925,52,3573767,31,-944,113,70106,0,0,0,0,0,407,16566,6128,24736,0,0,0,0,0
1,90,3.969,53,3573819,31,-944,113,70106,0,0,0,0,0,407,16566,6128,24736,0,0,0,0,0
1,90,4.028,54,3573875,31,-944,113,70106,0,0,0,0,0,407,16566,6128,24736,0,0,0,0,0
1,90,4.08,55,3573931,31,-944,113,70106,0,0,0,0,0,407,16566,6128,24736,0,0,0,0,0
1,90,4.137,56,3573987,31,-944,113,70106,0,0,0,0,0,407,16566,6128,24736,0,0,0,0,0
1,90,4.199,57,3574043,31,-944,113,70106,0,0,0,0,0,407,16566,6128,24736,0,0,0,0,0
1,90,4.251,58,3574099,31,-944,113,70106,0,0,0,0,0,407,16566,6128,24736,0,0,0,0,0
1,90,4.304,59,3574155,31,-944,113,70106,0,0,0,0,0,407,16566,6128,24736,0,0,0,0,0
1,90,4.361,60,3574211,31,-944,113,70106,0,0,0,0,0,407,16566,6128,24736,0,0,0,0,0
1,90,4.417,61,3574267,31,-944,113,70106,0,0,0,0,0,407,16566,6128,24736,0,0,0,0,0
1,90,4.473,62,3574323,31,-944,113,70106,0,0,0,0,0,407,16566,6128,24736,0,0,0,0,0
1,90,4.529,63,3574379,31,-944,113,70106,0,0,0,0,0,407,16566,6128,24736,0,0,0,0,0
1,90,4.585,64,3574435,31,-944,113,70106,0,0,0,0,0,407,16566,6128,24736,0,0,0,0,0
1,90,4.642,65,3574491,31,-944,113,70106,0,0,0,0,0,407,16566,6128,24736,0,0,0,0,0
1,90,4.73,66,3574547,31,-944,113,70106,0,0,0,0,0,407,16566,6128,24736,0,0,0,0,0
1,90,4.837,67,3574603,31,-944,113,70106,0,0,0,0,0,407,16566,6128,24736,0,0,0,0,0
1,90,4.837,68,3574659,31,-944,113,70106,0,0,0,0,0,407,16566,6128,24736,0,0,0,0,0
1,90,4.865,69,3574715,31,-944,113,70106,0,0,0,0,0,407,16566,6128,24736,0,0,0,0,0
1,90,4.921,70,3574771,31,-944,113,70106,0,0,0,0,0,407,16566,6128,24736,0,0,0,0,0
1,90,4.983,71,3574827,31,-944,113,70106,0,0,0,0,0,407,16566,6128,24736,0,0,0,0,0
1,90,5.029,72,3574879,31,-944,113,70106,0,0,0,0,0,407,16566,6128,24736,0,0,0,0,0
1,90,5.085,73,3574935,31,-944,113,70106,0,0,0,0,0,407,16566,6128,24736,0,0,0,0,0
1,90,5.141,74,3574991,31,-944,113,70106,0,0,0,0,0,407,16566,6128,24736,0,0,0,0,0
1,90,5.197,75,3575047,31,-944,113,70106,0,0,0,0,0,407,16566,6128,24736,0,0,0,0,0
1,90,5.256,76,3575103,31,-944,113,70106,0,0,0,0,0,407,16566,6128,24736,0,0,0,0,0
1,90,5.309,77,3575159,31,-944,113,70106,0,0,0,0,0,407,16566,6128,24736,0,0,0,0,0
1,90,5.366,78,3575215,31,-944,113,70106,0,0,0,0,0,407,16566,6128,24736,0,0,0,0,0
1,90,5.428,79,3575271,31,-944,113,70106,0,0,0,0,0,407,16566,6128,24736,0,0,0,0,0
1,90,5.477,80,3575327,31,-944,113,70106,0,0,0,0,0,407,16566,6128,24736,0,0,0,0,0
1,90,5.532,81,3575383,31,-944,113,70106,0,0,0,0,0,407,16566,6128,24736,0,0,0,0,0
1,90,5.589,82,3575439,31,-944,113,70106,0,0,0,0,0,407,16566,6128,24736,0,0,0,0,0
1,90,5.645,83,3575495,31,-944,113,70106,0,0,0,0,0,407,16566,6128,24736,0,0,0,0,0
1,90,5.7,84,3575551,31,-944,113,70106,0,0,0,0,0,407,16566,6128,24736,0,0,0,0,0
1,90,5.76,85,3575607,31,-944,113,70106,0,0,0,0,0,407,16566,6128,24736,0,0,0,0,0
1,90,5.816,86,3575663,31,-944,113,70106,0,0,0,0,0,407,16566,6128,24736,0,0,0,0,0
1,90,5.871,87,3575719,31,-944,113,70106,0,0,0,0,0,407,16566,6128,24736,0,0,0,0,0
1,90,5.926,88,3575775,31,-944,113,70106,0,0,0,0,0,407,16566,6128,24736,0,0,0,0,0
1,90,5.981,89,3575831,31,-944,113,70106,0,0,0,0,0,407,16566,6128,24736,0,0,0,0,0
1,90,6.045,90,3575887,31,-944,113,70106,0,0,0,0,0,407,16566,6128,24736,0,0,0,0,0
1,90,6.089,91,3575939,31,-944,113,70106,0,0,0,0,0,407,16566,6128,24736,0,0,0,0,0
1,90,6.149,92,3575995,31,-944,113,70106,0,0,0,0,0,407,16566,6128,24736,0,0,0,0,0
1,90,6.201,93,3576051,31,-944,113,70106,0,0,0,0,0,407,16566,6128,24736,0,0,0,0,0
2,-90,-0.017,56,3581131,31,-944,113,70106,0,0,0,0,0,407,16566,6128,24736,0,0,0,0,0
2,-90,0.051,57,3581191,31,-944,113,70106,0,0,0,0,0,407,16567,6128,24736,900,-900,0,0,0
2,-90,0.121,58,3581263,31,-944,113,69946,0,0,0,31,-25,407,16570,6150,24716,1200,-1200,0,0,0
2,-90,0.186,59,3581335,31,-944,113,69662,0,0,0,52,-56,407,16573,6189,24680,1400,-1500,0,0,0
2,-90,0.258,60,3581407,31,-944,113,69218,0,0,0,56,-66,407,16576,6245,24619,1700,-1700,0,0,0
2,-90,0.331,61,3581479,31,-944,113,68588,0,0,0,99,-102,407,16579,6325,24533,2100,-2100,0,0,0
2,-90,0.413,62,3581552,31,-944,113,67753,0,0,0,128,-158,407,16582,6428,24416,2500,-2500,0,0,0
2,-90,0.481,63,3581623,31,-945,114,66721,0,0,0,154,-174,407,16585,6559,24275,2600,-2700,0,0,0
2,-90,0.547,64,3581695,31,-945,114,65552,0,0,0,164,-180,407,16588,6706,24114,2700,-2600,0,0,0
2,-90,0.619,65,3581767,31,-945,115,64372,0,0,0,164,-171,407,16591,6856,23953,2600,-2600,0,0,0
2,-90,0.692,66,3581839,31,-945,115,63158,0,0,0,174,-180,407,16594,7009,23786,2600,-2500,0,0,0
2,-90,0.763,67,3581911,31,-945,114,62221,0,0,0,164,-174,408,16597,7150,23680,1800,-1300,0,0,0
2,-90,0.866,68,3582016,31,-945,115,61189,0,0,0,0,0,409,16603,7267,23525,0,0,0,0,0
2,-90,0.917,69,3582067,31,-945,115,61189,0,0,0,0,0,409,16605,7267,23525,0,0,0,0,0
2,-90,0.992,70,3582139,31,-945,115,61189,0,0,0,0,0,409,16608,7267,23525,0,0,0,0,0
2,-90,1.048,71,3582195,31,-945,115,61189,0,0,0,0,0,409,16609,7267,23525,0,0,0,0,0
2,-90,1.102,72,3582251,31,-945,115,61189,0,0,0,0,0,409,16609,7267,23525,0,0,0,0,0
2,-90,1.159,73,3582307,31,-945,115,61189,0,0,0,0,0,409,16609,7267,23525,0,0,0,0,0
2,-90,1.224,74,3582363,31,-945,115,61189,0,0,0,0,0,409,16609,7267,23525,0,0,0,0,0
2,-90,1.271,75,3582419,31,-945,115,61189,0,0,0,0,0,409,16609,7267,23525,0,0,0,0,0
2,-90,1.334,76,3582475,31,-945,115,61189,0,0,0,0,0,409,16609,7267,23525,0,0,0,0,0
2,-90,1.379,77,3582527,31,-945,115,61189,0,0,0,0,0,409,16609,7267,23525,0,0,0,0,0
2,-90,1.434,78,3582583,31,-945,115,61189,0,0,0,0,0,409,16609,7267,23525,0,0,0,0,0
2,-90,1.491,79,3582639,31,-945,115,61189,0,0,0,0,0,409,16609,7267,23525,0,0,0,0,0
2,-90,1.547,80,3582695,31,-945,115,61189,0,0,0,0,0,409,16609,7267,23525,0,0,0,0,0
2,-90,1.606,81,3582751,31,-945,115,61189,0,0,0,0,0,409,16609,7267,23525,0,0,0,0,0
2,-90,1.667,82,3582807,31,-945,115,61189,0,0,0,0,0,409,16609,7267,23525,0,0,0,0,0
2,-90,1.714,83,3582863,31,-945,115,61189,0,0,0,0,0,409,16609,7267,23525,0,0,0,0,0
2,-90,1.769,84,3582919,31,-945,115,61189,0,0,0,0,0,409,16609,7267,23525,0,0,0,0,0
2,-90,1.827,85,3582975,31,-945,115,61189,0,0,0,0,0,409,16609,7267,23525,0,0,0,0,0
2,-90,1.883,86,3583031,31,-945,115,61189,0,0,0,0,0,409,16609,7267,23525,0,0,0,0,0
2,-90,1.939,87,3583087,31,-945,115,61189,0,0,0,0,0,409,16609,7267,23525,0,0,0,0,0
2,-90,1.995,88,3583143,31,-945,115,61189,0,0,0,0,0,409,16609,7267,23525,0,0,0,0,0
2,-90,2.051,89,3583199,31,-945,115,61189,0,0,0,0,0,409,16609,7267,23525,0,0,0,0,0
2,-90,2.107,90,3583255,31,-945,115,61189,0,0,0,0,0,409,16609,7267,23525,0,0,0,0,0
2,-90,2.163,91,3583311,31,-945,115,61189,0,0,0,0,0,409,16609,7267,23525,0,0,0,0,0
2,-90,2.221,92,3583367,31,-945,115,61189,0,0,0,0,0,409,16609,7267,23525,0,0,0,0,0
2,-90,2.275,93,3583423,31,-945,115,61189,0,0,0,0,0,409,16609,7267,23525,0,0,0,0,0
2,-90,2.33,94,3583479,31,-945,115,61189,0,0,0,0,0,409,16609,7267,23525,0,0,0,0,0
2,-90,2.394,95,3583535,31,-945,115,61189,0,0,0,0,0,409,16609,7267,23525,0,0,0,0,0
2,-90,2.439,96,3583587,31,-945,115,61189,0,0,0,0,0,409,16609,7267,23525,0,0,0,0,0
2,-90,2.495,97,3583643,31,-945,115,61189,0,0,0,0,0,409,16609,7267,23525,0,0,0,0,0
2,-90,2.551,98,3583699,31,-945,115,61189,0,0,0,0,0,409,16609,7267,23525,0,0,0,0,0
2,-90,2.608,99,3583755,31,-945,115,61189,0,0,0,0,0,409,16609,7267,23525,0,0,0,0,0
2,-90,2.663,100,3583811,31,-945,115,61189,0,0,0,0,0,409,16609,7267,23525,0,0,0,0,0
2,-90,2.719,101,3583867,31,-945,115,61189,0,0,0,0,0,409,16609,7267,23525,0,0,0,0,0
2,-90,2.775,102,3583923,31,-945,115,61189,0,0,0,0,0,409,16609,7267,23525,0,0,0,0,0
2,-90,2.835,103,3583979,31,-945,115,61189,0,0,0,0,0,409,16609,7267,23525,0,0,0,0,0
2,-90,2.886,104,3584035,31,-945,115,61189,0,0,0,0,0,409,16609,7267,23525,0,0,0,0,0
2,-90,2.942,105,3584091,31,-945,115,61189,0,0,0,0,0,409,16609,7267,23525,0,0,0,0,0
2,-90,2.999,106,3584147,31,-945,115,61189,0,0,0,0,0,409,16609,7267,23525,0,0,0,0,0
2,-90,3.055,107,3584203,31,-945,115,61189,0,0,0,0,0,409,16609,7267,23525,0,0,0,0,0
2,-90,3.11,108,3584259,31,-945,115,61189,0,0,0,0,0,409,16609,7267,23525,0,0,0,0,0
2,-90,3.167,109,3584315,31,-945,115,61189,0,0,0,0,0,409,16609,7267,23525,0,0,0,0,0
2,-90,3.223,110,3584371,31,-945,115,61189,0,0,0,0,0,409,16609,7267,23525,0,0,0,0,0
2,-90,3.279,111,3584427,31,-945,115,61189,0,0,0,0,0,409,16609,7267,23525,0,0,0,0,0
2,-90,3.334,112,3584483,31,-945,115,61189,0,0,0,0,0,409,16609,7267,23525,0,0,0,0,0
2,-90,3.391,113,3584539,31,-945,115,61189,0,0,0,0,0,409,16609,7267,23525,0,0,0,0,0
2,-90,3.455,114,3584595,31,-945,115,61189,0,0,0,0,0,409,16609,7267,23525,0,0,0,0,0
2,-90,3.499,115,3584647,31,-945,115,61189,0,0,0,0,0,409,16609,7267,23525,0,0,0,0,0
2,-90,3.555,116,3584703,31,-945,115,61189,0,0,0,0,0,409,16609,7267,23525,0,0,0,0,0
2,-90,3.611,117,3584759,31,-945,115,61189,0,0,0,0,0,409,16609,7267,23525,0,0,0,0,0
2,-90,3.667,118,3584815,31,-945,115,61189,0,0,0,0,0,409,16609,7267,23525,0,0,0,0,0
2,-90,3.723,119,3584871,31,-945,115,61189,0,0,0,0,0,409,16609,7267,23525,0,0,0,0,0
2,-90,3.778,120,3584927,31,-945,115,61189,0,0,0,0,0,409,16609,7267,23525,0,0,0,0,0
2,-90,3.836,121,3584983,31,-945,115,61189,0,0,0,0,0,409,16609,7267,23525,0,0,0,0,0
2,-90,3.891,122,3585039,31,-945,115,61189,0,0,0,0,0,409,16609,7267,23525,0,0,0,0,0
2,-90,3.946,123,3585095,31,-945,115,61189,0,0,0,0,0,409,16609,7267,23525,0,0,0,0,0
2,-90,4.003,124,3585151,31,-945,115,61189,0,0,0,0,0,409,16609,7267,23525,0,0,0,0,0
2,-90,4.063,125,3585207,31,-945,115,61189,0,0,0,0,0,409,16609,7267,23525,0,0,0,0,0
2,-90,4.115,126,3585263,31,-945,115,61189,0,0,0,0,0,409,16609,7267,23525,0,0,0,0,0
2,-90,4.171,127,3585319,31,-945,115,61189,0,0,0,0,0,409,16609,7267,23525,0,0,0,0,0
2,-90,4.225,0,3585375,31,-945,115,61189,0,0,0,0,0,409,16609,7267,23525,0,0,0,0,0
2,-90,4.281,1,3585431,31,-945,115,61189,0,0,0,0,0,409,16609,7267,23525,0,0,0,0,0
2,-90,4.337,2,3585487,31,-945,115,61189,0,0,0,0,0,409,16609,7267,23525,0,0,0,0,0
2,-90,4.393,3,3585543,31,-945,115,61189,0,0,0,0,0,409,16609,7267,23525,0,0,0,0,0
2,-90,4.449,4,3585599,31,-945,115,61189,0,0,0,0,0,409,16609,7267,23525,0,0,0,0,0
2,-90,4.514,5,3585655,31,-945,115,61189,0,0,0,0,0,409,16609,7267,23525,0,0,0,0,0
2,-90,4.558,6,3585707,31,-945,115,61189,0,0,0,0,0,409,16609,7267,23525,0,0,0,0,0
2,-90,4.613,7,3585763,31,-945,115,61189,0,0,0,0,0,409,16609,7267,23525,0,0,0,0,0
2,-90,4.669,8,3585819,31,-945,115,61189,0,0,0,0,0,409,16609,7267,23525,0,0,0,0,0
2,-90,4.725,9,3585875,31,-945,115,61189,0,0,0,0,0,409,16609,7267,23525,0,0,0,0,0
2,-90,4.782,10,3585931,31,-945,115,61189,0,0,0,0,0,409,16609,7267,23525,0,0,0,0,0
2,-90,4.837,11,3585987,31,-945,115,61189,0,0,0,0,0,409,16609,7267,23525,0,0,0,0,0
2,-90,4.893,12,3586043,31,-945,115,61189,0,0,0,0,0,409,16609,7267,23525,0,0,0,0,0
2,-90,4.949,13,3586099,31,-945,115,61189,0,0,0,0,0,409,16609,7267,23525,0,0,0,0,0
2,-90,5.005,14,3586155,31,-945,115,61189,0,0,0,0,0,409,16609,7267,23525,0,0,0,0,0
2,-90,5.061,15,3586211,31,-945,115,61189,0,0,0,0,0,409,16609,7267,23525,0,0,0,0,0
2,-90,5.121,16,3586267,31,-945,115,61189,0,0,0,0,0,409,16609,7267,23525,0,0,0,0,0
2,-90,5.174,17,3586323,31,-945,115,61189,0,0,0,0,0,409,16609,7267,23525,0,0,0,0,0
2,-90,5.228,18,3586379,31,-945,115,61189,0,0,0,0,0,409,16609,7267,23525,0,0,0,0,0
2,-90,5.291,19,3586435,31,-945,115,61189,0,0,0,0,0,409,16609,7267,23525,0,0,0,0,0
2,-90,5.341,20,3586491,31,-945,115,61189,0,0,0,0,0,409,16609,7267,23525,0,0,0,0,0
2,-90,5.398,21,3586547,31,-945,115,61189,0,0,0,0,0,409,16609,7267,23525,0,0,0,0,0
2,-90,5.453,22,3586603,31,-945,115,61189,0,0,0,0,0,409,16609,7267,23525,0,0,0,0,0
2,-90,5.509,23,3586659,31,-945,115,61189,0,0,0,0,0,409,16609,7267,23525,0,0,0,0,0
2,-90,5.576,24,3586715,31,-945,115,61189,0,0,0,0,0,409,16609,7267,23525,0,0,0,0,0
2,-90,5.617,25,3586767,31,-945,115,61189,0,0,0,0,0,409,16609,7267,23525,0,0,0,0,0
3,107,-0.031,106,3591287,31,-945,115,61189,0,0,0,0,0,409,16609,7267,23525,0,0,0,0,0
3,107,0.046,107,3591363,31,-945,115,61189,0,0,0,0,0,409,16610,7267,23525,-900,900,0,0,0
3,107,0.131,108,3591435,31,-945,116,61386,0,0,0,-36,36,409,16613,7237,23547,-1200,1200,0,0,0
3,107,0.19,109,3591507,31,-945,116,61640,0,0,0,-66,26,409,16616,7192,23569,-1300,1500,0,0,0
3,107,0.274,110,3591579,31,-944,118,61967,0,0,0,-72,36,410,16619,7134,23597,-1600,1800,0,0,0
3,107,0.345,111,3591651,31,-944,118,62600,0,0,0,-112,72,410,16622,7050,23680,-2100,2200,0,0,0
3,107,0.406,112,3591723,31,-944,118,63420,0,0,0,-144,118,411,16625,6934,23780,-2500,2500,0,0,0
3,107,0.479,113,3591795,31,-945,119,64437,0,0,0,-174,164,411,16628,6789,23903,-2700,2800,0,0,0
3,107,0.551,114,3591867,31,-945,120,65571,0,0,0,-181,148,411,16631,6623,24036,-2600,2700,0,0,0
3,107,0.624,115,3591939,31,-948,124,66417,0,0,0,-184,0,412,16634,6450,24086,-2500,2700,0,0,0
3,107,0.704,116,3592012,31,-952,130,67070,0,0,0,-200,0,414,16637,6278,24086,-2600,2800,0,0,0
3,107,0.766,117,3592083,31,-953,131,68079,0,0,0,-190,181,414,16640,6117,24191,-2600,2900,0,0,0
3,107,0.856,118,3592155,31,-953,132,69305,0,0,0,-184,184,414,16643,5950,24347,-2400,2800,0,0,0
3,107,0.925,119,3592227,31,-954,132,70534,0,0,0,-191,181,415,16646,5781,24502,-2200,2600,0,0,0
3,107,1.072,120,3592372,31,-954,132,72105,0,0,0,0,0,416,16654,5573,24708,0,0,0,0,0
3,107,1.108,121,3592427,31,-954,132,72105,0,0,0,0,0,416,16654,5573,24708,0,0,0,0,0
3,107,1.165,122,3592483,31,-954,132,72105,0,0,0,0,0,416,16654,5573,24708,0,0,0,0,0
3,107,1.221,123,3592539,31,-954,132,72105,0,0,0,0,0,416,16654,5573,24708,0,0,0,0,0
3,107,1.277,124,3592595,31,-954,132,72105,0,0,0,0,0,416,16654,5573,24708,0,0,0,0,0
3,107,1.334,125,3592651,31,-954,132,72105,0,0,0,0,0,416,16654,5573,24708,0,0,0,0,0
3,107,1.388,126,3592707,31,-954,132,72105,0,0,0,0,0,416,16654,5573,24708,0,0,0,0,0
3,107,1.445,127,3592763,31,-954,132,72105,0,0,0,0,0,416,16654,5573,24708,0,0,0,0,0
3,107,1.502,0,3592819,31,-954,132,72105,0,0,0,0,0,416,16654,5573,24708,0,0,0,0,0
3,107,1.562,1,3592875,31,-954,132,72105,0,0,0,0,0,416,16654,5573,24708,0,0,0,0,0
3,107,1.613,2,3592931,31,-954,132,72105,0,0,0,0,0,416,16654,5573,24708,0,0,0,0,0
3,107,1.668,3,3592987,31,-954,132,72105,0,0,0,0,0,416,16654,5573,24708,0,0,0,0,0
3,107,1.726,4,3593043,31,-954,132,72105,0,0,0,0,0,416,16654,5573,24708,0,0,0,0,0
3,107,1.78,5,3593099,31,-954,132,72105,0,0,0,0,0,416,16654,5573,24708,0,0,0,0,0
3,107,1.838,6,3593155,31,-954,132,72105,0,0,0,0,0,416,16654,5573,24708,0,0,0,0,0
3,107,1.899,7,3593211,31,-954,132,72105,0,0,0,0,0,416,16654,5573,24708,0,0,0,0,0
3,107,1.949,8,3593267,31,-954,132,72105,0,0,0,0,0,416,16654,5573,24708,0,0,0,0,0
3,107,2.006,9,3593323,31,-954,132,72105,0,0,0,0,0,416,16654,5573,24708,0,0,0,0,0
3,107,2.07,10,3593379,31,-954,132,72105,0,0,0,0,0,416,16654,5573,24708,0,0,0,0,0
3,107,2.115,11,3593431,31,-954,132,72105,0,0,0,0,0,416,16654,5573,24708,0,0,0,0,0
3,107,2.17,12,3593487,31,-954,132,72105,0,0,0,0,0,416,16654,5573,24708,0,0,0,0,0
3,107,2.227,13,3593543,31,-954,132,72105,0,0,0,0,0,416,16654,5573,24708,0,0,0,0,0
3,107,2.281,14,3593599,31,-954,132,72105,0,0,0,0,0,416,16654,5573,24708,0,0,0,0,0
3,107,2.34,15,3593655,31,-954,132,72105,0,0,0,0,0,416,16654,5573,24708,0,0,0,0,0
3,107,2.395,16,3593711,31,-954,132,72105,0,0,0,0,0,416,16654,5573,24708,0,0,0,0,0
3,107,2.448,17,3593767,31,-954,132,72105,0,0,0,0,0,416,16654,5573,24708,0,0,0,0,0
3,107,2.504,18,3593823,31,-954,132,72105,0,0,0,0,0,416,16654,5573,24708,0,0,0,0,0
3,107,2.561,19,3593879,31,-954,132,72105,0,0,0,0,0,416,16654,5573,24708,0,0,0,0,0
3,107,2.615,20,3593935,31,-954,132,72105,0,0,0,0,0,416,16654,5573,24708,0,0,0,0,0
3,107,2.672,21,3593991,31,-954,132,72105,0,0,0,0,0,416,16654,5573,24708,0,0,0,0,0
3,107,2.728,22,3594047,31,-954,132,72105,0,0,0,0,0,416,16654,5573,24708,0,0,0,0,0
3,107,2.786,23,3594103,31,-954,132,72105,0,0,0,0,0,416,16654,5573,24708,0,0,0,0,0
3,107,2.841,24,3594159,31,-954,132,72105,0,0,0,0,0,416,16654,5573,24708,0,0,0,0,0
3,107,2.895,25,3594215,31,-954,132,72105,0,0,0,0,0,416,16654,5573,24708,0,0,0,0,0
3,107,2.952,26,3594271,31,-954,132,72105,0,0,0,0,0,416,16654,5573,24708,0,0,0,0,0
3,107,3.01,27,3594327,31,-954,132,72105,0,0,0,0,0,416,16654,5573,24708,0,0,0,0,0
3,107,3.064,28,3594383,31,-954,132,72105,0,0,0,0,0,416,16654,5573,24708,0,0,0,0,0
3,107,3.129,29,3594439,31,-954,132,72105,0,0,0,0,0,416,16654,5573,24708,0,0,0,0,0
3,107,3.173,30,3594491,31,-954,132,72105,0,0,0,0,0,416,16654,5573,24708,0,0,0,0,0
3,107,3.227,31,3594547,31,-954,132,72105,0,0,0,0,0,416,16654,5573,24708,0,0,0,0,0
3,107,3.284,32,3594603,31,-954,132,72105,0,0,0,0,0,416,16654,5573,24708,0,0,0,0,0
3,107,3.339,33,3594659,31,-954,132,72105,0,0,0,0,0,416,16654,5573,24708,0,0,0,0,0
3,107,3.395,34,3594715,31,-954,132,72105,0,0,0,0,0,416,16654,5573,24708,0,0,0,0,0
3,107,3.452,35,3594771,31,-954,132,72105,0,0,0,0,0,416,16654,5573,24708,0,0,0,0,0
3,107,3.508,36,3594827,31,-954,132,72105,0,0,0,0,0,416,16654,5573,24708,0,0,0,0,0
3,107,3.564,37,3594883,31,-954,132,72105,0,0,0,0,0,416,16654,5573,24708,0,0,0,0,0
3,107,3.622,38,3594939,31,-954,132,72105,0,0,0,0,0,416,16654,5573,24708,0,0,0,0,0
3,107,3.676,39,3594995,31,-954,132,72105,0,0,0,0,0,416,16654,5573,24708,0,0,0,0,0
3,107,3.732,40,3595051,31,-954,132,72105,0,0,0,0,0,416,16654,5573,24708,0,0,0,0,0
3,107,3.788,41,3595107,31,-954,132,72105,0,0,0,0,0,416,16654,5573,24708,0,0,0,0,0
3,107,3.849,42,3595163,31,-954,132,72105,0,0,0,0,0,416,16654,5573,24708,0,0,0,0,0
3,107,3.901,43,3595219,31,-954,132,72105,0,0,0,0,0,416,16654,5573,24708,0,0,0,0,0
3,107,3.955,44,3595275,31,-954,132,72105,0,0,0,0,0,416,16654,5573,24708,0,0,0,0,0
3,107,4.013,45,3595331,31,-954,132,72105,0,0,0,0,0,416,16654,5573,24708,0,0,0,0,0
3,107,4.067,46,3595387,31,-954,132,72105,0,0,0,0,0,416,16654,5573,24708,0,0,0,0,0
3,107,4.123,47,3595443,31,-954,132,72105,0,0,0,0,0,416,16654,5573,24708,0,0,0,0,0
3,107,4.187,48,3595499,31,-954,132,72105,0,0,0,0,0,416,16654,5573,24708,0,0,0,0,0
3,107,4.235,49,3595551,31,-954,132,72105,0,0,0,0,0,416,16654,5573,24708,0,0,0,0,0
3,107,4.288,50,3595607,31,-954,132,72105,0,0,0,0,0,416,16654,5573,24708,0,0,0,0,0
3,107,4.343,51,3595663,31,-954,132,72105,0,0,0,0,0,416,16654,5573,24708,0,0,0,0,0
3,107,4.4,52,3595719,31,-954,132,72105,0,0,0,0,0,416,16654,5573,24708,0,0,0,0,0
3,107,4.456,53,3595775,31,-954,132,72105,0,0,0,0,0,416,16654,5573,24708,0,0,0,0,0
3,107,4.512,54,3595831,31,-954,132,72105,0,0,0,0,0,416,16654,5573,24708,0,0,0,0,0
3,107,4.567,55,3595887,31,-954,132,72105,0,0,0,0,0,416,16654,5573,24708,0,0,0,0,0
3,107,4.628,56,3595943,31,-954,132,72105,0,0,0,0,0,416,16654,5573,24708,0,0,0,0,0
3,107,4.679,57,3595999,31,-954,132,72105,0,0,0,0,0,416,16654,5573,24708,0,0,0,0,0
3,107,4.735,58,3596055,31,-954,132,72105,0,0,0,0,0,416,16654,5573,24708,0,0,0,0,0
3,107,4.791,59,3596111,31,-954,132,72105,0,0,0,0,0,416,16654,5573,24708,0,0,0,0,0
3,107,4.85,60,3596167,31,-954,132,72105,0,0,0,0,0,416,16654,5573,24708,0,0,0,0,0
3,107,4.903,61,3596223,31,-954,132,72105,0,0,0,0,0,416,16654,5573,24708,0,0,0,0,0
3,107,4.96,62,3596279,31,-954,132,72105,0,0,0,0,0,416,16654,5573,24708,0,0,0,0,0
3,107,5.017,63,3596335,31,-954,132,72105,0,0,0,0,0,416,16654,5573,24708,0,0,0,0,0
3,107,5.071,64,3596391,31,-954,132,72105,0,0,0,0,0,416,16654,5573,24708,0,0,0,0,0
3,107,5.127,65,3596447,31,-954,132,72105,0,0,0,0,0,416,16654,5573,24708,0,0,0,0,0
3,107,5.184,66,3596503,31,-954,132,72105,0,0,0,0,0,416,16654,5573,24708,0,0,0,0,0
3,107,5.25,67,3596559,31,-954,132,72105,0,0,0,0,0,416,16654,5573,24708,0,0,0,0,0
3,107,5.292,68,3596611,31,-954,132,72105,0,0,0,0,0,416,16654,5573,24708,0,0,0,0,0
3,107,5.348,69,3596667,31,-954,132,72105,0,0,0,0,0,416,16654,5573,24708,0,0,0,0,0
3,107,5.403,70,3596723,31,-954,132,72105,0,0,0,0,0,416,16654,5573,24708,0,0,0,0,0
3,107,5.467,71,3596779,31,-954,132,72105,0,0,0,0,0,416,16654,5573,24708,0,0,0,0,0
3,107,5.515,72,3596835,31,-954,132,72105,0,0,0,0,0,416,16654,5573,24708,0,0,0,0,0
3,107,5.571,73,3596891,31,-954,132,72105,0,0,0,0,0,416,16654,5573,24708,0,0,0,0,0
3,107,5.628,74,3596947,31,-954,132,72105,0,0,0,0,0,416,16654,5573,24708,0,0,0,0,0
3,107,5.684,75,3597003,31,-954,132,72105,0,0,0,0,0,416,16654,5573,24708,0,0,0,0,0
3,107,5.741,76,3597059,31,-954,132,72105,0,0,0,0,0,416,16654,5573,24708,0,0,0,0,0
3,107,5.796,77,3597115,31,-954,132,72105,0,0,0,0,0,416,16654,5573,24708,0,0,0,0,0
3,107,5.851,78,3597171,31,-954,132,72105,0,0,0,0,0,416,16654,5573,24708,0,0,0,0,0
3,107,5.912,79,3597227,31,-954,132,72105,0,0,0,0,0,416,16654,5573,24708,0,0,0,0,0
3,107,5.963,80,3597283,31,-954,132,72105,0,0,0,0,0,416,16654,5573,24708,0,0,0,0,0
4,-107,-0.049,31,3601691,31,-954,132,72105,0,0,0,0,0,416,16654,5573,24708,0,0,0,0,0
4,-107,0.001,32,3601747,31,-954,132,72105,0,0,0,0,0,416,16654,5573,24708,0,0,0,0,0
4,-107,0.069,33,3601815,31,-954,132,72086,0,0,0,14,0,416,16656,5578,24708,1000,-1100,0,0,0
4,-107,0.147,34,3601887,31,-954,132,71821,0,0,0,39,-36,416,16659,5612,24672,1200,-1300,0,0,0
4,-107,0.212,35,3601959,31,-954,132,71475,0,0,0,48,-62,416,16662,5656,24625,1300,-1500,0,0,0
4,-107,0.286,36,3602031,31,-955,132,70959,0,0,0,72,-89,416,16665,5717,24550,1700,-1700,0,0,0
4,-107,0.362,37,3602103,31,-955,132,70284,0,0,0,108,-118,416,16668,5806,24461,2200,-2200,0,0,0
4,-107,0.428,38,3602175,31,-955,132,69407,0,0,0,128,-138,416,16671,5917,24341,2500,-2600,0,0,0
4,-107,0.5,39,3602247,31,-955,133,68269,0,0,0,164,-174,416,16674,6062,24186,2700,-2600,0,0,0
4,-107,0.572,40,3602319,31,-956,133,67066,0,0,0,164,-184,416,16677,6212,24019,2600,-2500,0,0,0
4,-107,0.645,41,3602391,31,-956,134,65898,0,0,0,154,-184,416,16680,6356,23855,2500,-2400,0,0,0
4,-107,0.73,42,3602464,31,-956,134,64725,0,0,0,164,-164,416,16683,6512,23702,2500,-2300,0,0,0
4,-107,0.789,43,3602535,31,-956,133,63610,0,0,0,184,-151,417,16686,6662,23558,2500,-2500,0,0,0
4,-107,0.861,44,3602607,31,-956,133,62536,0,0,0,154,-158,417,16689,6803,23416,1800,-1500,0,0,0
4,-107,0.989,45,3602728,31,-956,133,61606,0,0,0,0,0,417,16696,6937,23305,0,0,0,0,0
4,-107,1.031,46,3602779,31,-956,133,61606,0,0,0,0,0,417,16697,6937,23305,0,0,0,0,0
4,-107,1.087,47,3602835,31,-956,133,61606,0,0,0,0,0,417,16697,6937,23305,0,0,0,0,0
4,-107,1.147,48,3602891,31,-956,133,61606,0,0,0,0,0,417,16697,6937,23305,0,0,0,0,0
4,-107,1.2,49,3602947,31,-956,133,61606,0,0,0,0,0,417,16697,6937,23305,0,0,0,0,0
4,-107,1.255,50,3603003,31,-956,133,61606,0,0,0,0,0,417,16697,6937,23305,0,0,0,0,0
4,-107,1.313,51,3603059,31,-956,133,61606,0,0,0,0,0,417,16697,6937,23305,0,0,0,0,0
4,-107,1.368,52,3603115,31,-956,133,61606,0,0,0,0,0,417,16697,6937,23305,0,0,0,0,0
4,-107,1.432,53,3603171,31,-956,133,61606,0,0,0,0,0,417,16697,6937,23305,0,0,0,0,0
4,-107,1.476,54,3603223,31,-956,133,61606,0,0,0,0,0,417,16697,6937,23305,0,0,0,0,0
4,-107,1.531,55,3603279,31,-956,133,61606,0,0,0,0,0,417,16697,6937,23305,0,0,0,0,0
4,-107,1.59,56,3603335,31,-956,133,61606,0,0,0,0,0,417,16697,6937,23305,0,0,0,0,0
4,-107,1.643,57,3603391,31,-956,133,61606,0,0,0,0,0,417,16697,6937,23305,0,0,0,0,0
4,-107,1.7,58,3603447,31,-956,133,61606,0,0,0,0,0,417,16697,6937,23305,0,0,0,0,0
4,-107,1.755,59,3603503,31,-956,133,61606,0,0,0,0,0,417,16697,6937,23305,0,0,0,0,0
4,-107,1.811,60,3603559,31,-956,133,61606,0,0,0,0,0,417,16697,6937,23305,0,0,0,0,0
4,-107,1.868,61,3603615,31,-956,133,61606,0,0,0,0,0,417,16697,6937,23305,0,0,0,0,0
4,-107,1.923,62,3603671,31,-956,133,61606,0,0,0,0,0,417,16697,6937,23305,0,0,0,0,0
4,-107,1.981,63,3603727,31,-956,133,61606,0,0,0,0,0,417,16697,6937,23305,0,0,0,0,0
4,-107,2.038,64,3603783,31,-956,133,61606,0,0,0,0,0,417,16697,6937,23305,0,0,0,0,0
4,-107,2.091,65,3603839,31,-956,133,61606,0,0,0,0,0,417,16697,6937,23305,0,0,0,0,0
4,-107,2.148,66,3603895,31,-956,133,61606,0,0,0,0,0,417,16697,6937,23305,0,0,0,0,0
4,-107,2.205,67,3603951,31,-956,133,61606,0,0,0,0,0,417,16697,6937,23305,0,0,0,0,0
4,-107,2.259,68,3604007,31,-956,133,61606,0,0,0,0,0,417,16697,6937,23305,0,0,0,0,0
4,-107,2.315,69,3604063,31,-956,133,61606,0,0,0,0,0,417,16697,6937,23305,0,0,0,0,0
4,-107,2.371,70,3604119,31,-956,133,61606,0,0,0,0,0,417,16697,6937,23305,0,0,0,0,0
4,-107,2.442,71,3604175,31,-956,133,61606,0,0,0,0,0,417,16697,6937,23305,0,0,0,0,0
4,-107,2.49,72,3604231,31,-956,133,61606,0,0,0,0,0,417,16697,6937,23305,0,0,0,0,0
4,-107,2.536,73,3604283,31,-956,133,61606,0,0,0,0,0,417,16697,6937,23305,0,0,0,0,0
4,-107,2.591,74,3604339,31,-956,133,61606,0,0,0,0,0,417,16697,6937,23305,0,0,0,0,0
4,-107,2.648,75,3604395,31,-956,133,61606,0,0,0,0,0,417,16697,6937,23305,0,0,0,0,0
4,-107,2.703,76,3604451,31,-956,133,61606,0,0,0,0,0,417,16697,6937,23305,0,0,0,0,0
4,-107,2.759,77,3604507,31,-956,133,61606,0,0,0,0,0,417,16697,6937,23305,0,0,0,0,0
4,-107,2.826,78,3604563,31,-956,133,61606,0,0,0,0,0,417,16697,6937,23305,0,0,0,0,0
4,-107,2.874,79,3604619,31,-956,133,61606,0,0,0,0,0,417,16697,6937,23305,0,0,0,0,0
4,-107,2.931,80,3604675,31,-956,133,61606,0,0,0,0,0,417,16697,6937,23305,0,0,0,0,0
4,-107,2.984,81,3604731,31,-956,133,61606,0,0,0,0,0,417,16697,6937,23305,0,0,0,0,0
4,-107,3.039,82,3604787,31,-956,133,61606,0,0,0,0,0,417,16697,6937,23305,0,0,0,0,0
4,-107,3.095,83,3604843,31,-956,133,61606,0,0,0,0,0,417,16697,6937,23305,0,0,0,0,0
4,-107,3.151,84,3604899,31,-956,133,61606,0,0,0,0,0,417,16697,6937,23305,0,0,0,0,0
4,-107,3.218,85,3604955,31,-956,133,61606,0,0,0,0,0,417,16697,6937,23305,0,0,0,0,0
4,-107,3.264,86,3605011,31,-956,133,61606,0,0,0,0,0,417,16697,6937,23305,0,0,0,0,0
4,-107,3.322,87,3605067,31,-956,133,61606,0,0,0,0,0,417,16697,6937,23305,0,0,0,0,0
4,-107,3.375,88,3605123,31,-956,133,61606,0,0,0,0,0,417,16697,6937,23305,0,0,0,0,0
4,-107,3.451,89,3605179,31,-956,133,61606,0,0,0,0,0,417,16697,6937,23305,0,0,0,0,0
4,-107,3.487,90,3605235,31,-956,133,61606,0,0,0,0,0,417,16697,6937,23305,0,0,0,0,0
4,-107,3.55,91,3605291,31,-956,133,61606,0,0,0,0,0,417,16697,6937,23305,0,0,0,0,0
4,-107,3.596,92,3605343,31,-956,133,61606,0,0,0,0,0,417,16697,6937,23305,0,0,0,0,0
4,-107,3.651,93,3605399,31,-956,133,61606,0,0,0,0,0,417,16697,6937,23305,0,0,0,0,0
4,-107,3.708,94,3605455,31,-956,133,61606,0,0,0,0,0,417,16697,6937,23305,0,0,0,0,0
4,-107,3.764,95,3605511,31,-956,133,61606,0,0,0,0,0,417,16697,6937,23305,0,0,0,0,0
4,-107,3.819,96,3605567,31,-956,133,61606,0,0,0,0,0,417,16697,6937,23305,0,0,0,0,0
4,-107,3.876,97,3605623,31,-956,133,61606,0,0,0,0,0,417,16697,6937,23305,0,0,0,0,0
4,-107,3.936,98,3605679,31,-956,133,61606,0,0,0,0,0,417,16697,6937,23305,0,0,0,0,0
4,-107,3.987,99,3605735,31,-956,133,61606,0,0,0,0,0,417,16697,6937,23305,0,0,0,0,0
4,-107,4.049,100,3605791,31,-956,133,61606,0,0,0,0,0,417,16697,6937,23305,0,0,0,0,0
4,-107,4.099,101,3605847,31,-956,133,61606,0,0,0,0,0,417,16697,6937,23305,0,0,0,0,0
4,-107,4.155,102,3605903,31,-956,133,61606,0,0,0,0,0,417,16697,6937,23305,0,0,0,0,0
4,-107,4.211,103,3605959,31,-956,133,61606,0,0,0,0,0,417,16697,6937,23305,0,0,0,0,0
4,-107,4.269,104,3606015,31,-956,133,61606,0,0,0,0,0,417,16697,6937,23305,0,0,0,0,0
4,-107,4.323,105,3606071,31,-956,133,61606,0,0,0,0,0,417,16697,6937,23305,0,0,0,0,0
4,-107,4.379,106,3606127,31,-956,133,61606,0,0,0,0,0,417,16697,6937,23305,0,0,0,0,0
4,-107,4.437,107,3606183,31,-956,133,61606,0,0,0,0,0,417,16697,6937,23305,0,0,0,0,0
4,-107,4.492,108,3606239,31,-956,133,61606,0,0,0,0,0,417,16697,6937,23305,0,0,0,0,0
4,-107,4.547,109,3606295,31,-956,133,61606,0,0,0,0,0,417,16697,6937,23305,0,0,0,0,0
4,-107,4.611,110,3606351,31,-956,133,61606,0,0,0,0,0,417,16697,6937,23305,0,0,0,0,0
4,-107,4.662,111,3606403,31,-956,133,61606,0,0,0,0,0,417,16697,6937,23305,0,0,0,0,0
4,-107,4.719,112,3606459,31,-956,133,61606,0,0,0,0,0,417,16697,6937,23305,0,0,0,0,0
4,-107,4.767,113,3606515,31,-956,133,61606,0,0,0,0,0,417,16697,6937,23305,0,0,0,0,0
4,-107,4.823,114,3606571,31,-956,133,61606,0,0,0,0,0,417,16697,6937,23305,0,0,0,0,0
4,-107,4.879,115,3606627,31,-956,133,61606,0,0,0,0,0,417,16697,6937,23305,0,0,0,0,0
4,-107,4.941,116,3606683,31,-956,133,61606,0,0,0,0,0,417,16697,6937,23305,0,0,0,0,0
4,-107,4.991,117,3606739,31,-956,133,61606,0,0,0,0,0,417,16697,6937,23305,0,0,0,0,0
4,-107,5.047,118,3606795,31,-956,133,61606,0,0,0,0,0,417,16697,6937,23305,0,0,0,0,0
4,-107,5.104,119,3606851,31,-956,133,61606,0,0,0,0,0,417,16697,6937,23305,0,0,0,0,0
4,-107,5.161,120,3606907,31,-956,133,61606,0,0,0,0,0,417,16697,6937,23305,0,0,0,0,0
4,-107,5.216,121,3606963,31,-956,133,61606,0,0,0,0,0,417,16697,6937,23305,0,0,0,0,0
4,-107,5.276,122,3607019,31,-956,133,61606,0,0,0,0,0,417,16697,6937,23305,0,0,0,0,0
4,-107,5.331,123,3607075,31,-956,133,61606,0,0,0,0,0,417,16697,6937,23305,0,0,0,0,0
4,-107,5.383,124,3607131,31,-956,133,61606,0,0,0,0,0,417,16697,6937,23305,0,0,0,0,0
4,-107,5.444,125,3607187,31,-956,133,61606,0,0,0,0,0,417,16697,6937,23305,0,0,0,0,0
4,-107,5.503,126,3607243,31,-956,133,61606,0,0,0,0,0,417,16697,6937,23305,0,0,0,0,0
4,-107,5.551,127,3607299,31,-956,133,61606,0,0,0,0,0,417,16697,6937,23305,0,0,0,0,0
4,-107,5.608,0,3607355,31,-956,133,61606,0,0,0,0,0,417,16697,6937,23305,0,0,0,0,0
4,-107,5.671,1,3607411,31,-956,133,61606,0,0,0,0,0,417,16697,6937,23305,0,0,0,0,0
4,-107,5.718,2,3607463,31,-956,133,61606,0,0,0,0,0,417,16697,6937,23305,0,0,0,0,0
4,-107,5.773,3,3607519,31,-956,133,61606,0,0,0,0,0,417,16697,6937,23305,0,0,0,0,0
4,-107,5.827,4,3607575,31,-956,133,61606,0,0,0,0,0,417,16697,6937,23305,0,0,0,0,0
4,-107,5.892,5,3607631,31,-956,133,61606,0,0,0,0,0,417,16697,6937,23305,0,0,0,0,0
4,-107,5.939,6,3607687,31,-956,133,61606,0,0,0,0,0,417,16697,6937,23305,0,0,0,0,0
4,-107,5.998,7,3607743,31,-956,133,61606,0,0,0,0,0,417,16697,6937,23305,0,0,0,0,0
4,-107,6.053,8,3607799,31,-956,133,61606,0,0,0,0,0,417,16697,6937,23305,0,0,0,0,0
4,-107,6.112,9,3607855,31,-956,133,61606,0,0,0,0,0,417,16697,6937,23305,0,0,0,0,0
4,-107,6.163,10,3607911,31,-956,133,61606,0,0,0,0,0,417,16697,6937,23305,0,0,0,0,0
4,-107,6.22,11,3607967,31,-956,133,61606,0,0,0,0,0,417,16697,6937,23305,0,0,0,0,0
4,-107,6.278,12,3608023,31,-956,133,61606,0,0,0,0,0,417,16697,6937,23305,0,0,0,0,0
4,-107,6.336,13,3608079,31,-956,133,61606,0,0,0,0,0,417,16697,6937,23305,0,0,0,0,0
4,-107,6.389,14,3608135,31,-956,133,61606,0,0,0,0,0,417,16697,6937,23305,0,0,0,0,0
4,-107,6.443,15,3608191,31,-956,133,61606,0,0,0,0,0,417,16697,6937,23305,0,0,0,0,0
4,-107,6.506,16,3608247,31,-956,133,61606,0,0,0,0,0,417,16697,6937,23305,0,0,0,0,0
5,180,-0.026,95,3612655,31,-956,133,61606,0,0,0,0,0,417,16697,6937,23305,0,0,0,0,0
5,180,0.057,96,3612731,31,-956,133,61606,0,0,0,0,0,417,16698,6937,23305,-900,900,0,0,0
5,180,0.121,97,3612803,31,-956,133,61800,0,0,0,-48,31,417,16701,6906,23325,-1200,1200,0,0,0
5,180,0.194,98,3612875,31,-956,134,62080,0,0,0,-53,36,417,16704,6859,23352,-1200,1500,0,0,0
5,180,0.266,99,3612947,31,-956,134,62486,0,0,0,-75,56,417,16707,6800,23400,-1500,1800,0,0,0
5,180,0.337,100,3613019,31,-956,135,63033,0,0,0,-98,92,417,16710,6720,23464,-2100,2100,0,0,0
5,180,0.413,101,3613091,31,-956,136,63822,0,0,0,-128,108,417,16713,6606,23558,-2500,2600,0,0,0
5,180,0.487,102,3613163,31,-956,136,64900,0,0,0,-174,158,417,16716,6453,23689,-2700,2700,0,0,0
5,180,0.554,103,3613235,31,-956,137,66046,0,0,0,-190,148,417,16719,6287,23825,-2600,2700,0,0,0
5,180,0.626,104,3613307,31,-957,138,67237,0,0,0,-190,144,417,16722,6117,23969,-2500,2700,0,0,0
5,180,0.708,105,3613380,31,-958,139,68398,0,0,0,-184,148,417,16725,5956,24114,-2300,2600,0,0,0
5,180,0.77,106,3613451,31,-958,139,69525,0,0,0,-164,154,417,16728,5806,24261,-2200,2600,0,0,0
5,180,0.842,107,3613523,31,-958,139,70675,0,0,0,-184,164,418,16731,5650,24408,-2200,2600,0,0,0
5,180,0.914,108,3613595,31,-958,139,71707,0,0,0,-148,138,418,16734,5517,24547,-2100,2600,0,0,0
5,180,0.986,109,3613667,31,-958,139,72792,0,0,0,-157,135,418,16737,5375,24691,-2100,2600,0,0,0
5,180,1.058,110,3613739,31,-957,139,73858,0,0,0,-138,164,418,16740,5239,24836,-2000,2600,0,0,0
5,180,1.13,111,3613811,31,-957,139,74921,0,0,0,-154,154,418,16743,5103,24980,-2100,2600,0,0,0
5,180,1.201,112,3613883,31,-957,139,75964,0,0,0,-148,164,418,16746,4967,25119,-2100,2600,0,0,0
5,180,1.274,113,3613955,31,-957,139,76996,0,0,0,-138,144,418,16749,4828,25252,-2000,2500,0,0,0
5,180,1.345,114,3614027,31,-957,139,78051,0,0,0,-148,144,418,16752,4689,25391,-2000,2600,0,0,0
5,180,1.424,115,3614099,31,-957,139,78988,0,0,0,-118,118,418,16755,4567,25516,-800,1700,0,0,0
5,180,1.508,116,3614184,31,-957,139,79508,0,0,0,0,0,418,16760,4500,25586,0,0,0,0,0
5,180,1.552,117,3614235,31,-957,139,79508,0,0,0,0,0,418,16762,4500,25586,0,0,0,0,0
5,180,1.635,118,3614308,31,-957,139,79508,0,0,0,0,0,418,16765,4500,25586,0,0,0,0,0
5,180,1.681,119,3614363,31,-957,139,79508,0,0,0,0,0,418,16765,4500,25586,0,0,0,0,0
5,180,1.735,120,3614419,31,-957,139,79508,0,0,0,0,0,418,16765,4500,25586,0,0,0,0,0
5,180,1.791,121,3614475,31,-957,139,79508,0,0,0,0,0,418,16765,4500,25586,0,0,0,0,0
5,180,1.85,122,3614531,31,-957,139,79508,0,0,0,0,0,418,16765,4500,25586,0,0,0,0,0
5,180,1.903,123,3614587,31,-957,139,79508,0,0,0,0,0,418,16765,4500,25586,0,0,0,0,0
5,180,1.961,124,3614643,31,-957,139,79508,0,0,0,0,0,418,16765,4500,25586,0,0,0,0,0
5,180,2.022,125,3614699,31,-957,139,79508,0,0,0,0,0,418,16765,4500,25586,0,0,0,0,0
5,180,2.073,126,3614755,31,-957,139,79508,0,0,0,0,0,418,16765,4500,25586,0,0,0,0,0
5,180,2.127,127,3614811,31,-957,139,79508,0,0,0,0,0,418,16765,4500,25586,0,0,0,0,0
5,180,2.184,0,3614867,31,-957,139,79508,0,0,0,0,0,418,16765,4500,25586,0,0,0,0,0
5,180,2.241,1,3614923,31,-957,139,79508,0,0,0,0,0,418,16765,4500,25586,0,0,0,0,0
5,180,2.299,2,3614979,31,-957,139,79508,0,0,0,0,0,418,16765,4500,25586,0,0,0,0,0
5,180,2.353,3,3615035,31,-957,139,79508,0,0,0,0,0,418,16765,4500,25586,0,0,0,0,0
5,180,2.416,4,3615091,31,-957,139,79508,0,0,0,0,0,418,16765,4500,25586,0,0,0,0,0
5,180,2.465,5,3615147,31,-957,139,79508,0,0,0,0,0,418,16765,4500,25586,0,0,0,0,0
5,180,2.532,6,3615203,31,-957,139,79508,0,0,0,0,0,418,16765,4500,25586,0,0,0,0,0
5,180,2.573,7,3615255,31,-957,139,79508,0,0,0,0,0,418,16765,4500,25586,0,0,0,0,0
5,180,2.635,8,3615311,31,-957,139,79508,0,0,0,0,0,418,16765,4500,25586,0,0,0,0,0
5,180,2.684,9,3615367,31,-957,139,79508,0,0,0,0,0,418,16765,4500,25586,0,0,0,0,0
5,180,2.741,10,3615423,31,-957,139,79508,0,0,0,0,0,418,16765,4500,25586,0,0,0,0,0
5,180,2.797,11,3615479,31,-957,139,79508,0,0,0,0,0,418,16765,4500,25586,0,0,0,0,0
5,180,2.853,12,3615535,31,-957,139,79508,0,0,0,0,0,418,16765,4500,25586,0,0,0,0,0
5,180,2.908,13,3615591,31,-957,139,79508,0,0,0,0,0,418,16765,4500,25586,0,0,0,0,0
5,180,2.964,14,3615647,31,-957,139,79508,0,0,0,0,0,418,16765,4500,25586,0,0,0,0,0
5,180,3.022,15,3615703,31,-957,139,79508,0,0,0,0,0,418,16765,4500,25586,0,0,0,0,0
5,180,3.077,16,3615759,31,-957,139,79508,0,0,0,0,0,418,16765,4500,25586,0,0,0,0,0
5,180,3.131,17,3615815,31,-957,139,79508,0,0,0,0,0,418,16765,4500,25586,0,0,0,0,0
5,180,3.188,18,3615871,31,-957,139,79508,0,0,0,0,0,418,16765,4500,25586,0,0,0,0,0
5,180,3.256,19,3615927,31,-957,139,79508,0,0,0,0,0,418,16765,4500,25586,0,0,0,0,0
5,180,3.3,20,3615983,31,-957,139,79508,0,0,0,0,0,418,16765,4500,25586,0,0,0,0,0
5,180,3.356,21,3616039,31,-957,139,79508,0,0,0,0,0,418,16765,4500,25586,0,0,0,0,0
5,180,3.413,22,3616095,31,-957,139,79508,0,0,0,0,0,418,16765,4500,25586,0,0,0,0,0
5,180,3.468,23,3616151,31,-957,139,79508,0,0,0,0,0,418,16765,4500,25586,0,0,0,0,0
5,180,3.525,24,3616207,31,-957,139,79508,0,0,0,0,0,418,16765,4500,25586,0,0,0,0,0
5,180,3.602,25,3616263,31,-957,139,79508,0,0,0,0,0,418,16765,4500,25586,0,0,0,0,0
5,180,3.632,26,3616315,31,-957,139,79508,0,0,0,0,0,418,16765,4500,25586,0,0,0,0,0
5,180,3.691,27,3616371,31,-957,139,79508,0,0,0,0,0,418,16765,4500,25586,0,0,0,0,0
5,180,3.744,28,3616427,31,-957,139,79508,0,0,0,0,0,418,16765,4500,25586,0,0,0,0,0
5,180,3.801,29,3616483,31,-957,139,79508,0,0,0,0,0,418,16765,4500,25586,0,0,0,0,0
5,180,3.863,30,3616539,31,-957,139,79508,0,0,0,0,0,418,16765,4500,25586,0,0,0,0,0
5,180,3.913,31,3616595,31,-957,139,79508,0,0,0,0,0,418,16765,4500,25586,0,0,0,0,0
5,180,3.967,32,3616651,31,-957,139,79508,0,0,0,0,0,418,16765,4500,25586,0,0,0,0,0
5,180,4.025,33,3616707,31,-957,139,79508,0,0,0,0,0,418,16765,4500,25586,0,0,0,0,0
5,180,4.085,34,3616763,31,-957,139,79508,0,0,0,0,0,418,16765,4500,25586,0,0,0,0,0
5,180,4.136,35,3616819,31,-957,139,79508,0,0,0,0,0,418,16765,4500,25586,0,0,0,0,0
5,180,4.192,36,3616875,31,-957,139,79508,0,0,0,0,0,418,16765,4500,25586,0,0,0,0,0
5,180,4.249,37,3616931,31,-957,139,79508,0,0,0,0,0,418,16765,4500,25586,0,0,0,0,0
5,180,4.304,38,3616987,31,-957,139,79508,0,0,0,0,0,418,16765,4500,25586,0,0,0,0,0
5,180,4.366,39,3617043,31,-957,139,79508,0,0,0,0,0,418,16765,4500,25586,0,0,0,0,0
5,180,4.429,40,3617099,31,-957,139,79508,0,0,0,0,0,418,16765,4500,25586,0,0,0,0,0
5,180,4.482,41,3617155,31,-957,139,79508,0,0,0,0,0,418,16765,4500,25586,0,0,0,0,0
5,180,4.539,42,3617211,31,-957,139,79508,0,0,0,0,0,418,16765,4500,25586,0,0,0,0,0
5,180,4.605,43,3617267,31,-957,139,79508,0,0,0,0,0,418,16765,4500,25586,0,0,0,0,0
5,180,4.647,44,3617323,31,-957,139,79508,0,0,0,0,0,418,16765,4500,25586,0,0,0,0,0
5,180,4.699,45,3617375,31,-957,139,79508,0,0,0,0,0,418,16765,4500,25586,0,0,0,0,0
5,180,4.751,46,3617431,31,-957,139,79508,0,0,0,0,0,418,16765,4500,25586,0,0,0,0,0
5,180,4.816,47,3617487,31,-957,139,79508,0,0,0,0,0,418,16765,4500,25586,0,0,0,0,0
5,180,4.868,48,3617543,31,-957,139,79508,0,0,0,0,0,418,16765,4500,25586,0,0,0,0,0
5,180,4.923,49,3617599,31,-957,139,79508,0,0,0,0,0,418,16765,4500,25586,0,0,0,0,0
5,180,4.976,50,3617655,31,-957,139,79508,0,0,0,0,0,418,16765,4500,25586,0,0,0,0,0
5,180,5.045,51,3617711,31,-957,139,79508,0,0,0,0,0,418,16765,4500,25586,0,0,0,0,0
5,180,5.095,52,3617767,31,-957,139,79508,0,0,0,0,0,418,16765,4500,25586,0,0,0,0,0
5,180,5.148,53,3617823,31,-957,139,79508,0,0,0,0,0,418,16765,4500,25586,0,0,0,0,0
5,180,5.219,54,3617879,31,-957,139,79508,0,0,0,0,0,418,16765,4500,25586,0,0,0,0,0
5,180,5.253,55,3617935,31,-957,139,79508,0,0,0,0,0,418,16765,4500,25586,0,0,0,0,0
5,180,5.318,56,3617991,31,-957,139,79508,0,0,0,0,0,418,16765,4500,25586,0,0,0,0,0
5,180,5.383,57,3618047,31,-957,139,79508,0,0,0,0,0,418,16765,4500,25586,0,0,0,0,0
5,180,5.425,58,3618103,31,-957,139,79508,0,0,0,0,0,418,16765,4500,25586,0,0,0,0,0
5,180,5.48,59,3618159,31,-957,139,79508,0,0,0,0,0,418,16765,4500,25586,0,0,0,0,0
5,180,5.552,60,3618215,31,-957,139,79508,0,0,0,0,0,418,16765,4500,25586,0,0,0,0,0
5,180,5.589,61,3618271,31,-957,139,79508,0,0,0,0,0,418,16765,4500,25586,0,0,0,0,0
5,180,5.664,62,3618327,31,-957,139,79508,0,0,0,0,0,418,16765,4500,25586,0,0,0,0,0
5,180,5.721,63,3618383,31,-957,139,79508,0,0,0,0,0,418,16765,4500,25586,0,0,0,0,0
5,180,5.755,64,3618435,31,-957,139,79508,0,0,0,0,0,418,16765,4500,25586,0,0,0,0,0
5,180,5.823,65,3618491,31,-957,139,79508,0,0,0,0,0,418,16765,4500,25586,0,0,0,0,0
5,180,5.87,66,3618547,31,-957,139,79508,0,0,0,0,0,418,16765,4500,25586,0,0,0,0,0
5,180,5.941,67,3618603,31,-957,139,79508,0,0,0,0,0,418,16765,4500,25586,0,0,0,0,0
5,180,5.98,68,3618659,31,-957,139,79508,0,0,0,0,0,418,16765,4500,25586,0,0,0,0,0
5,180,6.049,69,3618715,31,-957,139,79508,0,0,0,0,0,418,16765,4500,25586,0,0,0,0,0
5,180,6.091,70,3618771,31,-957,139,79508,0,0,0,0,0,418,16765,4500,25586,0,0,0,0,0
5,180,6.152,71,3618827,31,-957,139,79508,0,0,0,0,0,418,16765,4500,25586,0,0,0,0,0
5,180,6.202,72,3618883,31,-957,139,79508,0,0,0,0,0,418,16765,4500,25586,0,0,0,0,0
6,-180,-0.034,24,3623347,31,-957,139,79508,0,0,0,0,0,418,16765,4500,25586,0,0,0,0,0
6,-180,0.026,25,3623404,31,-957,139,79508,0,0,0,0,0,418,16765,4500,25586,0,0,0,0,0
6,-180,0.083,26,3623456,31,-957,139,79497,0,0,0,8,0,419,16767,4503,25586,1000,-1100,0,0,0
6,-180,0.145,27,3623527,31,-957,140,79212,0,0,0,36,-26,419,16770,4542,25550,1200,-1300,0,0,0
6,-180,0.217,28,3623599,31,-957,140,78924,0,0,0,56,-46,419,16773,4584,25516,1300,-1500,0,0,0
6,-180,0.295,29,3623671,31,-957,140,78495,0,0,0,72,-72,419,16776,4645,25464,1700,-1900,0,0,0
6,-180,0.368,30,3623743,31,-957,140,77861,0,0,0,99,-112,419,16779,4728,25380,2300,-2300,0,0,0
6,-180,0.436,31,3623815,31,-957,140,76954,0,0,0,128,-144,419,16782,4845,25258,2600,-2700,0,0,0
6,-180,0.509,32,3623887,31,-955,141,76029,0,0,0,174,-164,420,16785,4995,25164,2700,-2700,0,0,0
6,-180,0.578,33,3623959,31,-957,140,74617,0,0,0,181,-181,420,16788,5150,24947,2600,-2700,0,0,0
6,-180,0.65,34,3624031,31,-958,140,73392,0,0,0,174,-184,420,16791,5306,24780,2600,-2600,0,0,0
6,-180,0.732,35,3624104,31,-958,140,72193,0,0,0,154,-200,420,16794,5456,24614,2500,-2600,0,0,0
6,-180,0.794,36,3624175,31,-959,140,71009,0,0,0,164,-184,420,16797,5606,24452,2500,-2400,0,0,0
6,-180,0.865,37,3624247,31,-959,140,69851,0,0,0,164,-164,420,16800,5756,24297,2400,-2300,0,0,0
6,-180,0.937,38,3624319,31,-959,140,68755,0,0,0,158,-154,420,16803,5898,24150,2300,-2200,0,0,0
6,-180,1.011,39,3624391,31,-959,140,67742,0,0,0,158,-138,420,16806,6037,24022,2200,-2200,0,0,0
6,-180,1.081,40,3624463,31,-958,140,66763,0,0,0,154,-128,421,16809,6170,23897,2300,-2100,0,0,0
6,-180,1.154,41,3624535,31,-959,140,65742,0,0,0,144,-144,421,16812,6300,23758,2300,-2200,0,0,0
6,-180,1.226,42,3624607,31,-959,140,64718,0,0,0,148,-135,421,16815,6437,23625,2300,-2100,0,0,0
6,-180,1.297,43,3624679,31,-959,140,63716,0,0,0,145,-148,421,16818,6567,23491,2300,-2200,0,0,0
6,-180,1.369,44,3624751,31,-959,140,62695,0,0,0,134,-148,421,16821,6700,23355,1700,-1600,0,0,0
6,-180,1.512,45,3624896,31,-959,140,61682,0,0,0,0,0,422,16829,6839,23227,0,0,0,0,0
6,-180,1.564,46,3624947,31,-959,140,61682,0,0,0,0,0,422,16831,6839,23227,0,0,0,0,0
6,-180,1.637,47,3625019,31,-959,140,61682,0,0,0,0,0,422,16834,6839,23227,0,0,0,0,0
6,-180,1.694,48,3625075,31,-959,140,61682,0,0,0,0,0,422,16835,6839,23227,0,0,0,0,0
6,-180,1.756,49,3625131,31,-959,140,61682,0,0,0,0,0,422,16835,6839,23227,0,0,0,0,0
6,-180,1.8,50,3625183,31,-959,140,61682,0,0,0,0,0,422,16835,6839,23227,0,0,0,0,0
6,-180,1.857,51,3625239,31,-959,140,61682,0,0,0,0,0,422,16835,6839,23227,0,0,0,0,0
6,-180,1.913,52,3625295,31,-959,140,61682,0,0,0,0,0,422,16835,6839,23227,0,0,0,0,0
6,-180,1.971,53,3625351,31,-959,140,61682,0,0,0,0,0,422,16835,6839,23227,0,0,0,0,0
6,-180,2.026,54,3625407,31,-959,140,61682,0,0,0,0,0,422,16835,6839,23227,0,0,0,0,0
6,-180,2.081,55,3625463,31,-959,140,61682,0,0,0,0,0,422,16835,6839,23227,0,0,0,0,0
6,-180,2.137,56,3625519,31,-959,140,61682,0,0,0,0,0,422,16835,6839,23227,0,0,0,0,0
6,-180,2.196,57,3625575,31,-959,140,61682,0,0,0,0,0,422,16835,6839,23227,0,0,0,0,0
6,-180,2.249,58,3625631,31,-959,140,61682,0,0,0,0,0,422,16835,6839,23227,0,0,0,0,0
6,-180,2.305,59,3625687,31,-959,140,61682,0,0,0,0,0,422,16835,6839,23227,0,0,0,0,0
6,-180,2.363,60,3625743,31,-959,140,61682,0,0,0,0,0,422,16835,6839,23227,0,0,0,0,0
6,-180,2.416,61,3625799,31,-959,140,61682,0,0,0,0,0,422,16835,6839,23227,0,0,0,0,0
6,-180,2.473,62,3625855,31,-959,140,61682,0,0,0,0,0,422,16835,6839,23227,0,0,0,0,0
6,-180,2.53,63,3625911,31,-959,140,61682,0,0,0,0,0,422,16835,6839,23227,0,0,0,0,0
6,-180,2.585,64,3625967,31,-959,140,61682,0,0,0,0,0,422,16835,6839,23227,0,0,0,0,0
6,-180,2.642,65,3626023,31,-959,140,61682,0,0,0,0,0,422,16835,6839,23227,0,0,0,0,0
6,-180,2.696,66,3626079,31,-959,140,61682,0,0,0,0,0,422,16835,6839,23227,0,0,0,0,0
6,-180,2.753,67,3626135,31,-959,140,61682,0,0,0,0,0,422,16835,6839,23227,0,0,0,0,0
6,-180,2.824,68,3626191,31,-959,140,61682,0,0,0,0,0,422,16835,6839,23227,0,0,0,0,0
6,-180,2.861,69,3626243,31,-959,140,61682,0,0,0,0,0,422,16835,6839,23227,0,0,0,0,0
6,-180,2.917,70,3626299,31,-959,140,61682,0,0,0,0,0,422,16835,6839,23227,0,0,0,0,0
6,-180,2.973,71,3626355,31,-959,140,61682,0,0,0,0,0,422,16835,6839,23227,0,0,0,0,0
6,-180,3.029,72,3626411,31,-959,140,61682,0,0,0,0,0,422,16835,6839,23227,0,0,0,0,0
6,-180,3.099,73,3626467,31,-959,140,61682,0,0,0,0,0,422,16835,6839,23227,0,0,0,0,0
6,-180,3.141,74,3626523,31,-959,140,61682,0,0,0,0,0,422,16835,6839,23227,0,0,0,0,0
6,-180,3.201,75,3626579,31,-959,140,61682,0,0,0,0,0,422,16835,6839,23227,0,0,0,0,0
6,-180,3.253,76,3626635,31,-959,140,61682,0,0,0,0,0,422,16835,6839,23227,0,0,0,0,0
6,-180,3.309,77,3626691,31,-959,140,61682,0,0,0,0,0,422,16835,6839,23227,0,0,0,0,0
6,-180,3.37,78,3626747,31,-959,140,61682,0,0,0,0,0,422,16835,6839,23227,0,0,0,0,0
6,-180,3.421,79,3626803,31,-959,140,61682,0,0,0,0,0,422,16835,6839,23227,0,0,0,0,0
6,-180,3.477,80,3626859,31,-959,140,61682,0,0,0,0,0,422,16835,6839,23227,0,0,0,0,0
6,-180,3.533,81,3626915,31,-959,140,61682,0,0,0,0,0,422,16835,6839,23227,0,0,0,0,0
6,-180,3.59,82,3626971,31,-959,140,61682,0,0,0,0,0,422,16835,6839,23227,0,0,0,0,0
6,-180,3.645,83,3627027,31,-959,140,61682,0,0,0,0,0,422,16835,6839,23227,0,0,0,0,0
6,-180,3.701,84,3627083,31,-959,140,61682,0,0,0,0,0,422,16835,6839,23227,0,0,0,0,0
6,-180,3.757,85,3627139,31,-959,140,61682,0,0,0,0,0,422,16835,6839,23227,0,0,0,0,0
6,-180,3.815,86,3627195,31,-959,140,61682,0,0,0,0,0,422,16835,6839,23227,0,0,0,0,0
6,-180,3.876,87,3627251,31,-959,140,61682,0,0,0,0,0,422,16835,6839,23227,0,0,0,0,0
6,-180,3.919,88,3627303,31,-959,140,61682,0,0,0,0,0,422,16835,6839,23227,0,0,0,0,0
6,-180,3.975,89,3627359,31,-959,140,61682,0,0,0,0,0,422,16835,6839,23227,0,0,0,0,0
6,-180,4.031,90,3627415,31,-959,140,61682,0,0,0,0,0,422,16835,6839,23227,0,0,0,0,0
6,-180,4.089,91,3627471,31,-959,140,61682,0,0,0,0,0,422,16835,6839,23227,0,0,0,0,0
6,-180,4.145,92,3627527,31,-959,140,61682,0,0,0,0,0,422,16835,6839,23227,0,0,0,0,0
6,-180,4.201,93,3627583,31,-959,140,61682,0,0,0,0,0,422,16835,6839,23227,0,0,0,0,0
6,-180,4.257,94,3627639,31,-959,140,61682,0,0,0,0,0,422,16835,6839,23227,0,0,0,0,0
6,-180,4.312,95,3627695,31,-959,140,61682,0,0,0,0,0,422,16835,6839,23227,0,0,0,0,0
6,-180,4.367,96,3627751,31,-959,140,61682,0,0,0,0,0,422,16835,6839,23227,0,0,0,0,0
6,-180,4.432,97,3627807,31,-959,140,61682,0,0,0,0,0,422,16835,6839,23227,0,0,0,0,0
6,-180,4.481,98,3627863,31,-959,140,61682,0,0,0,0,0,422,16835,6839,23227,0,0,0,0,0
6,-180,4.537,99,3627919,31,-959,140,61682,0,0,0,0,0,422,16835,6839,23227,0,0,0,0,0
6,-180,4.593,100,3627975,31,-959,140,61682,0,0,0,0,0,422,16835,6839,23227,0,0,0,0,0
6,-180,4.649,101,3628031,31,-959,140,61682,0,0,0,0,0,422,16835,6839,23227,0,0,0,0,0
6,-180,4.705,102,3628087,31,-959,140,61682,0,0,0,0,0,422,16835,6839,23227,0,0,0,0,0
6,-180,4.761,103,3628143,31,-959,140,61682,0,0,0,0,0,422,16835,6839,23227,0,0,0,0,0
6,-180,4.818,104,3628199,31,-959,140,61682,0,0,0,0,0,422,16835,6839,23227,0,0,0,0,0
6,-180,4.873,105,3628255,31,-959,140,61682,0,0,0,0,0,422,16835,6839,23227,0,0,0,0,0
6,-180,4.942,106,3628311,31,-959,140,61682,0,0,0,0,0,422,16835,6839,23227,0,0,0,0,0
6,-180,4.984,107,3628363,31,-959,140,61682,0,0,0,0,0,422,16835,6839,23227,0,0,0,0,0
6,-180,5.043,108,3628419,31,-959,140,61682,0,0,0,0,0,422,16835,6839,23227,0,0,0,0,0
6,-180,5.094,109,3628475,31,-959,140,61682,0,0,0,0,0,422,16835,6839,23227,0,0,0,0,0
6,-180,5.149,110,3628531,31,-959,140,61682,0,0,0,0,0,422,16835,6839,23227,0,0,0,0,0
6,-180,5.205,111,3628587,31,-959,140,61682,0,0,0,0,0,422,16835,6839,23227,0,0,0,0,0
6,-180,5.264,112,3628643,31,-959,140,61682,0,0,0,0,0,422,16835,6839,23227,0,0,0,0,0
6,-180,5.317,113,3628699,31,-959,140,61682,0,0,0,0,0,422,16835,6839,23227,0,0,0,0,0
6,-180,5.373,114,3628755,31,-959,140,61682,0,0,0,0,0,422,16835,6839,23227,0,0,0,0,0
6,-180,5.432,115,3628811,31,-959,140,61682,0,0,0,0,0,422,16835,6839,23227,0,0,0,0,0
6,-180,5.491,116,3628867,31,-959,140,61682,0,0,0,0,0,422,16835,6839,23227,0,0,0,0,0
6,-180,5.54,117,3628923,31,-959,140,61682,0,0,0,0,0,422,16835,6839,23227,0,0,0,0,0
6,-180,5.598,118,3628979,31,-959,140,61682,0,0,0,0,0,422,16835,6839,23227,0,0,0,0,0
6,-180,5.657,119,3629035,31,-959,140,61682,0,0,0,0,0,422,16835,6839,23227,0,0,0,0,0
6,-180,5.717,120,3629091,31,-959,140,61682,0,0,0,0,0,422,16835,6839,23227,0,0,0,0,0
6,-180,5.764,121,3629147,31,-959,140,61682,0,0,0,0,0,422,16835,6839,23227,0,0,0,0,0
6,-180,5.821,122,3629203,31,-959,140,61682,0,0,0,0,0,422,16835,6839,23227,0,0,0,0,0
6,-180,5.878,123,3629259,31,-959,140,61682,0,0,0,0,0,422,16835,6839,23227,0,0,0,0,0
6,-180,5.933,124,3629315,31,-959,140,61682,0,0,0,0,0,422,16835,6839,23227,0,0,0,0,0
6,-180,5.996,125,3629371,31,-959,140,61682,0,0,0,0,0,422,16835,6839,23227,0,0,0,0,0
6,-180,6.045,126,3629423,31,-959,140,61682,0,0,0,0,0,422,16835,6839,23227,0,0,0,0,0
7,-90,-0.028,75,3633719,31,-959,140,61682,0,0,0,0,0,422,16835,6839,23227,0,0,0,0,0
7,-90,0.049,76,3633795,31,-959,140,61682,0,0,0,0,0,422,16836,6839,23227,900,-900,0,0,0
7,-90,0.122,77,3633867,31,-959,140,61481,0,0,0,26,-39,422,16839,6867,23202,1200,-1200,0,0,0
7,-90,0.193,78,3633939,31,-959,140,61101,0,0,0,72,-56,422,16842,6917,23152,1300,-1400,0,0,0
7,-90,0.266,79,3634011,31,-959,140,60620,0,0,0,72,-72,422,16845,6978,23086,1500,-1500,0,0,0
7,-90,0.338,80,3634083,31,-958,140,60050,0,0,0,82,-108,423,16848,7050,23008,2000,-2000,0,0,0
7,-90,0.42,81,3634156,31,-958,140,59246,0,0,0,128,-128,423,16851,7156,22902,2400,-2400,0,0,0
7,-90,0.481,82,3634227,31,-958,140,58225,0,0,0,158,-164,423,16854,7287,22764,2600,-2700,0,0,0
7,-90,0.554,83,3634299,31,-958,140,57079,0,0,0,171,-154,423,16857,7439,22614,2600,-2700,0,0,0
7,-90,0.626,84,3634371,31,-958,140,55903,0,0,0,157,-174,423,16860,7587,22452,2600,-2500,0,0,0
7,-90,0.709,85,3634444,31,-958,140,54738,0,0,0,164,-154,423,16863,7739,22297,2600,-2400,0,0,0
7,-90,0.77,86,3634515,31,-958,140,53619,0,0,0,154,-164,423,16866,7884,22147,1500,-1400,0,0,0
7,-90,0.93,87,3634620,31,-958,140,52765,0,0,0,0,0,423,16872,8009,22047,0,0,0,0,0
7,-90,0.93,88,3634671,31,-958,140,52765,0,0,0,0,0,423,16874,8009,22047,0,0,0,0,0
7,-90,0.996,89,3634743,31,-958,140,52765,0,0,0,0,0,423,16877,8009,22047,0,0,0,0,0
7,-90,1.052,90,3634799,31,-958,140,52765,0,0,0,0,0,423,16878,8009,22047,0,0,0,0,0
7,-90,1.11,91,3634855,31,-958,140,52765,0,0,0,0,0,423,16878,8009,22047,0,0,0,0,0
7,-90,1.173,92,3634911,31,-958,140,52765,0,0,0,0,0,423,16878,8009,22047,0,0,0,0,0
7,-90,1.216,93,3634963,31,-958,140,52765,0,0,0,0,0,423,16878,8009,22047,0,0,0,0,0
7,-90,1.272,94,3635019,31,-958,140,52765,0,0,0,0,0,423,16878,8009,22047,0,0,0,0,0
7,-90,1.336,95,3635075,31,-958,140,52765,0,0,0,0,0,423,16878,8009,22047,0,0,0,0,0
7,-90,1.384,96,3635131,31,-958,140,52765,0,0,0,0,0,423,16878,8009,22047,0,0,0,0,0
7,-90,1.441,97,3635187,31,-958,140,52765,0,0,0,0,0,423,16878,8009,22047,0,0,0,0,0
7,-90,1.496,98,3635243,31,-958,140,52765,0,0,0,0,0,423,16878,8009,22047,0,0,0,0,0
7,-90,1.552,99,3635299,31,-958,140,52765,0,0,0,0,0,423,16878,8009,22047,0,0,0,0,0
7,-90,1.609,100,3635355,31,-958,140,52765,0,0,0,0,0,423,16878,8009,22047,0,0,0,0,0
7,-90,1.664,101,3635411,31,-958,140,52765,0,0,0,0,0,423,16878,8009,22047,0,0,0,0,0
7,-90,1.72,102,3635467,31,-958,140,52765,0,0,0,0,0,423,16878,8009,22047,0,0,0,0,0
7,-90,1.776,103,3635523,31,-958,140,52765,0,0,0,0,0,423,16878,8009,22047,0,0,0,0,0
7,-90,1.833,104,3635579,31,-958,140,52765,0,0,0,0,0,423,16878,8009,22047,0,0,0,0,0
7,-90,1.888,105,3635635,31,-958,140,52765,0,0,0,0,0,423,16878,8009,22047,0,0,0,0,0
7,-90,1.95,106,3635691,31,-958,140,52765,0,0,0,0,0,423,16878,8009,22047,0,0,0,0,0
7,-90,2.0,107,3635747,31,-958,140,52765,0,0,0,0,0,423,16878,8009,22047,0,0,0,0,0
7,-90,2.057,108,3635803,31,-958,140,52765,0,0,0,0,0,423,16878,8009,22047,0,0,0,0,0
7,-90,2.115,109,3635859,31,-958,140,52765,0,0,0,0,0,423,16878,8009,22047,0,0,0,0,0
7,-90,2.168,110,3635915,31,-958,140,52765,0,0,0,0,0,423,16878,8009,22047,0,0,0,0,0
7,-90,2.232,111,3635971,31,-958,140,52765,0,0,0,0,0,423,16878,8009,22047,0,0,0,0,0
7,-90,2.276,112,3636023,31,-958,140,52765,0,0,0,0,0,423,16878,8009,22047,0,0,0,0,0
7,-90,2.332,113,3636079,31,-958,140,52765,0,0,0,0,0,423,16878,8009,22047,0,0,0,0,0
7,-90,2.39,114,3636135,31,-958,140,52765,0,0,0,0,0,423,16878,8009,22047,0,0,0,0,0
7,-90,2.447,115,3636191,31,-958,140,52765,0,0,0,0,0,423,16878,8009,22047,0,0,0,0,0
7,-90,2.501,116,3636247,31,-958,140,52765,0,0,0,0,0,423,16878,8009,22047,0,0,0,0,0
7,-90,2.556,117,3636303,31,-958,140,52765,0,0,0,0,0,423,16878,8009,22047,0,0,0,0,0
7,-90,2.613,118,3636359,31,-958,140,52765,0,0,0,0,0,423,16878,8009,22047,0,0,0,0,0
7,-90,2.668,119,3636415,31,-958,140,52765,0,0,0,0,0,423,16878,8009,22047,0,0,0,0,0
7,-90,2.724,120,3636471,31,-958,140,52765,0,0,0,0,0,423,16878,8009,22047,0,0,0,0,0
7,-90,2.78,121,3636527,31,-958,140,52765,0,0,0,0,0,423,16878,8009,22047,0,0,0,0,0
7,-90,2.837,122,3636583,31,-958,140,52765,0,0,0,0,0,423,16878,8009,22047,0,0,0,0,0
7,-90,2.892,123,3636639,31,-958,140,52765,0,0,0,0,0,423,16878,8009,22047,0,0,0,0,0
7,-90,2.949,124,3636695,31,-958,140,52765,0,0,0,0,0,423,16878,8009,22047,0,0,0,0,0
7,-90,3.007,125,3636751,31,-958,140,52765,0,0,0,0,0,423,16878,8009,22047,0,0,0,0,0
7,-90,3.06,126,3636807,31,-958,140,52765,0,0,0,0,0,423,16878,8009,22047,0,0,0,0,0
7,-90,3.116,127,3636863,31,-958,140,52765,0,0,0,0,0,423,16878,8009,22047,0,0,0,0,0
7,-90,3.179,0,3636919,31,-958,140,52765,0,0,0,0,0,423,16878,8009,22047,0,0,0,0,0
7,-90,3.228,1,3636975,31,-958,140,52765,0,0,0,0,0,423,16878,8009,22047,0,0,0,0,0
7,-90,3.292,2,3637031,31,-958,140,52765,0,0,0,0,0,423,16878,8009,22047,0,0,0,0,0
7,-90,3.336,3,3637083,31,-958,140,52765,0,0,0,0,0,423,16878,8009,22047,0,0,0,0,0
7,-90,3.392,4,3637139,31,-958,140,52765,0,0,0,0,0,423,16878,8009,22047,0,0,0,0,0
7,-90,3.456,5,3637195,31,-958,140,52765,0,0,0,0,0,423,16878,8009,22047,0,0,0,0,0
7,-90,3.504,6,3637251,31,-958,140,52765,0,0,0,0,0,423,16878,8009,22047,0,0,0,0,0
7,-90,3.56,7,3637307,31,-958,140,52765,0,0,0,0,0,423,16878,8009,22047,0,0,0,0,0
7,-90,3.619,8,3637363,31,-958,140,52765,0,0,0,0,0,423,16878,8009,22047,0,0,0,0,0
7,-90,3.673,9,3637419,31,-958,140,52765,0,0,0,0,0,423,16878,8009,22047,0,0,0,0,0
7,-90,3.728,10,3637475,31,-958,140,52765,0,0,0,0,0,423,16878,8009,22047,0,0,0,0,0
7,-90,3.785,11,3637531,31,-958,140,52765,0,0,0,0,0,423,16878,8009,22047,0,0,0,0,0
7,-90,3.84,12,3637587,31,-958,140,52765,0,0,0,0,0,423,16878,8009,22047,0,0,0,0,0
7,-90,3.897,13,3637643,31,-958,140,52765,0,0,0,0,0,423,16878,8009,22047,0,0,0,0,0
7,-90,3.953,14,3637699,31,-958,140,52765,0,0,0,0,0,423,16878,8009,22047,0,0,0,0,0
7,-90,4.008,15,3637755,31,-958,140,52765,0,0,0,0,0,423,16878,8009,22047,0,0,0,0,0
7,-90,4.064,16,3637811,31,-958,140,52765,0,0,0,0,0,423,16878,8009,22047,0,0,0,0,0
7,-90,4.12,17,3637867,31,-958,140,52765,0,0,0,0,0,423,16878,8009,22047,0,0,0,0,0
7,-90,4.176,18,3637923,31,-958,140,52765,0,0,0,0,0,423,16878,8009,22047,0,0,0,0,0
7,-90,4.235,19,3637979,31,-958,140,52765,0,0,0,0,0,423,16878,8009,22047,0,0,0,0,0
7,-90,4.288,20,3638035,31,-958,140,52765,0,0,0,0,0,423,16878,8009,22047,0,0,0,0,0
7,-90,4.353,21,3638091,31,-958,140,52765,0,0,0,0,0,423,16878,8009,22047,0,0,0,0,0
7,-90,4.397,22,3638143,31,-958,140,52765,0,0,0,0,0,423,16878,8009,22047,0,0,0,0,0
7,-90,4.457,23,3638199,31,-958,140,52765,0,0,0,0,0,423,16878,8009,22047,0,0,0,0,0
7,-90,4.509,24,3638255,31,-958,140,52765,0,0,0,0,0,423,16878,8009,22047,0,0,0,0,0
7,-90,4.564,25,3638311,31,-958,140,52765,0,0,0,0,0,423,16878,8009,22047,0,0,0,0,0
7,-90,4.621,26,3638367,31,-958,140,52765,0,0,0,0,0,423,16878,8009,22047,0,0,0,0,0
7,-90,4.678,27,3638423,31,-958,140,52765,0,0,0,0,0,423,16878,8009,22047,0,0,0,0,0
7,-90,4.732,28,3638479,31,-958,140,52765,0,0,0,0,0,423,16878,8009,22047,0,0,0,0,0
7,-90,4.789,29,3638535,31,-958,140,52765,0,0,0,0,0,423,16878,8009,22047,0,0,0,0,0
7,-90,4.849,30,3638591,31,-958,140,52765,0,0,0,0,0,423,16878,8009,22047,0,0,0,0,0
7,-90,4.901,31,3638647,31,-958,140,52765,0,0,0,0,0,423,16878,8009,22047,0,0,0,0,0
7,-90,4.957,32,3638703,31,-958,140,52765,0,0,0,0,0,423,16878,8009,22047,0,0,0,0,0
7,-90,5.013,33,3638759,31,-958,140,52765,0,0,0,0,0,423,16878,8009,22047,0,0,0,0,0
7,-90,5.068,34,3638815,31,-958,140,52765,0,0,0,0,0,423,16878,8009,22047,0,0,0,0,0
7,-90,5.125,35,3638871,31,-958,140,52765,0,0,0,0,0,423,16878,8009,22047,0,0,0,0,0
7,-90,5.18,36,3638927,31,-958,140,52765,0,0,0,0,0,423,16878,8009,22047,0,0,0,0,0
7,-90,5.236,37,3638983,31,-958,140,52765,0,0,0,0,0,423,16878,8009,22047,0,0,0,0,0
7,-90,5.293,38,3639039,31,-958,140,52765,0,0,0,0,0,423,16878,8009,22047,0,0,0,0,0
7,-90,5.348,39,3639095,31,-958,140,52765,0,0,0,0,0,423,16878,8009,22047,0,0,0,0,0
7,-90,5.413,40,3639151,31,-958,140,52765,0,0,0,0,0,423,16878,8009,22047,0,0,0,0,0
7,-90,5.463,41,3639203,31,-958,140,52765,0,0,0,0,0,423,16878,8009,22047,0,0,0,0,0
7,-90,5.513,42,3639259,31,-958,140,52765,0,0,0,0,0,423,16878,8009,22047,0,0,0,0,0
7,-90,5.568,43,3639315,31,-958,140,52765,0,0,0,0,0,423,16878,8009,22047,0,0,0,0,0
7,-90,5.624,44,3639371,31,-958,140,52765,0,0,0,0,0,423,16878,8009,22047,0,0,0,0,0
7,-90,5.68,45,3639427,31,-958,140,52765,0,0,0,0,0,423,16878,8009,22047,0,0,0,0,0
7,-90,5.74,46,3639483,31,-958,140,52765,0,0,0,0,0,423,16878,8009,22047,0,0,0,0,0
7,-90,5.792,47,3639539,31,-958,140,52765,0,0,0,0,0,423,16878,8009,22047,0,0,0,0,0
7,-90,5.848,48,3639595,31,-958,140,52765,0,0,0,0,0,423,16878,8009,22047,0,0,0,0,0
7,-90,5.905,49,3639651,31,-958,140,52765,0,0,0,0,0,423,16878,8009,22047,0,0,0,0,0
7,-90,5.96,50,3639707,31,-958,140,52765,0,0,0,0,0,423,16878,8009,22047,0,0,0,0,0
7,-90,6.016,51,3639763,31,-958,140,52765,0,0,0,0,0,423,16878,8009,22047,0,0,0,0,0
7,-90,6.072,52,3639819,31,-958,140,52765,0,0,0,0,0,423,16878,8009,22047,0,0,0,0,0
7,-90,6.135,53,3639875,31,-958,140,52765,0,0,0,0,0,423,16878,8009,22047,0,0,0,0,0
8,90,-0.01,9,3644559,31,-958,140,52765,0,0,0,0,0,423,16878,8009,22047,0,0,0,0,0
8,90,0.044,10,3644611,31,-958,140,52765,0,0,0,0,0,423,16879,8009,22047,-900,900,0,0,0
8,90,0.116,11,3644683,31,-958,140,52985,0,0,0,-46,16,423,16882,7973,22069,-1200,1200,0,0,0
8,90,0.188,12,3644755,31,-957,140,53239,0,0,0,-56,16,423,16885,7928,22091,-1300,1400,0,0,0
8,90,0.259,13,3644827,31,-956,140,53596,0,0,0,-62,53,423,16888,7873,22130,-1500,1800,0,0,0
8,90,0.332,14,3644899,31,-956,140,54135,0,0,0,-102,89,423,16891,7792,22191,-2000,2200,0,0,0
8,90,0.403,15,3644971,31,-955,140,54928,0,0,0,-158,118,423,16894,7675,22283,-2500,2500,0,0,0
8,90,0.479,16,3645043,31,-954,140,55884,0,0,0,-164,138,423,16897,7534,22394,-2700,2800,0,0,0
8,90,0.551,17,3645115,31,-952,141,57015,0,0,0,-184,148,423,16900,7367,22525,-2700,2800,0,0,0
8,90,0.62,18,3645187,31,-951,142,58184,0,0,0,-190,148,423,16903,7198,22664,-2600,2700,0,0,0
8,90,0.702,19,3645260,31,-950,143,59333,0,0,0,-184,148,423,16906,7028,22797,-2500,2600,0,0,0
8,90,0.764,20,3645331,31,-950,143,60491,0,0,0,-184,144,423,16909,6867,22941,-2000,2300,0,0,0
8,90,0.892,21,3645460,31,-950,144,61735,0,0,0,0,0,425,16916,6695,23097,0,0,0,0,0
8,90,0.943,22,3645511,31,-950,144,61735,0,0,0,0,0,425,16918,6695,23097,0,0,0,0,0
8,90,1.026,23,3645584,31,-950,144,61735,0,0,0,0,0,425,16921,6695,23097,0,0,0,0,0
8,90,1.071,24,3645639,31,-950,144,61735,0,0,0,0,0,425,16921,6695,23097,0,0,0,0,0
8,90,1.127,25,3645695,31,-950,144,61735,0,0,0,0,0,425,16921,6695,23097,0,0,0,0,0
8,90,1.19,26,3645751,31,-950,144,61735,0,0,0,0,0,425,16921,6695,23097,0,0,0,0,0
8,90,1.235,27,3645803,31,-950,144,61735,0,0,0,0,0,425,16921,6695,23097,0,0,0,0,0
8,90,1.29,28,3645859,31,-950,144,61735,0,0,0,0,0,425,16921,6695,23097,0,0,0,0,0
8,90,1.348,29,3645915,31,-950,144,61735,0,0,0,0,0,425,16921,6695,23097,0,0,0,0,0
8,90,1.403,30,3645971,31,-950,144,61735,0,0,0,0,0,425,16921,6695,23097,0,0,0,0,0
8,90,1.459,31,3646027,31,-950,144,61735,0,0,0,0,0,425,16921,6695,23097,0,0,0,0,0
8,90,1.515,32,3646083,31,-950,144,61735,0,0,0,0,0,425,16921,6695,23097,0,0,0,0,0
8,90,1.573,33,3646139,31,-950,144,61735,0,0,0,0,0,425,16921,6695,23097,0,0,0,0,0
8,90,1.627,34,3646195,31,-950,144,61735,0,0,0,0,0,425,16921,6695,23097,0,0,0,0,0
8,90,1.682,35,3646251,31,-950,144,61735,0,0,0,0,0,425,16921,6695,23097,0,0,0,0,0
8,90,1.739,36,3646307,31,-950,144,61735,0,0,0,0,0,425,16921,6695,23097,0,0,0,0,0
8,90,1.808,37,3646363,31,-950,144,61735,0,0,0,0,0,425,16921,6695,23097,0,0,0,0,0
8,90,1.851,38,3646419,31,-950,144,61735,0,0,0,0,0,425,16921,6695,23097,0,0,0,0,0
8,90,1.913,39,3646475,31,-950,144,61735,0,0,0,0,0,425,16921,6695,23097,0,0,0,0,0
8,90,1.962,40,3646531,31,-950,144,61735,0,0,0,0,0,425,16921,6695,23097,0,0,0,0,0
8,90,2.018,41,3646587,31,-950,144,61735,0,0,0,0,0,425,16921,6695,23097,0,0,0,0,0
8,90,2.076,42,3646643,31,-950,144,61735,0,0,0,0,0,425,16921,6695,23097,0,0,0,0,0
8,90,2.13,43,3646699,31,-950,144,61735,0,0,0,0,0,425,16921,6695,23097,0,0,0,0,0
8,90,2.188,44,3646755,31,-950,144,61735,0,0,0,0,0,425,16921,6695,23097,0,0,0,0,0
8,90,2.249,45,3646811,31,-950,144,61735,0,0,0,0,0,425,16921,6695,23097,0,0,0,0,0
8,90,2.295,46,3646863,31,-950,144,61735,0,0,0,0,0,425,16921,6695,23097,0,0,0,0,0
8,90,2.35,47,3646919,31,-950,144,61735,0,0,0,0,0,425,16921,6695,23097,0,0,0,0,0
8,90,2.406,48,3646975,31,-950,144,61735,0,0,0,0,0,425,16921,6695,23097,0,0,0,0,0
8,90,2.462,49,3647031,31,-950,144,61735,0,0,0,0,0,425,16921,6695,23097,0,0,0,0,0
8,90,2.52,50,3647087,31,-950,144,61735,0,0,0,0,0,425,16921,6695,23097,0,0,0,0,0
8,90,2.574,51,3647143,31,-950,144,61735,0,0,0,0,0,425,16921,6695,23097,0,0,0,0,0
8,90,2.631,52,3647199,31,-950,144,61735,0,0,0,0,0,425,16921,6695,23097,0,0,0,0,0
8,90,2.687,53,3647255,31,-950,144,61735,0,0,0,0,0,425,16921,6695,23097,0,0,0,0,0
8,90,2.742,54,3647311,31,-950,144,61735,0,0,0,0,0,425,16921,6695,23097,0,0,0,0,0
8,90,2.802,55,3647367,31,-950,144,61735,0,0,0,0,0,425,16921,6695,23097,0,0,0,0,0
8,90,2.854,56,3647423,31,-950,144,61735,0,0,0,0,0,425,16921,6695,23097,0,0,0,0,0
8,90,2.911,57,3647479,31,-950,144,61735,0,0,0,0,0,425,16921,6695,23097,0,0,0,0,0
8,90,2.966,58,3647535,31,-950,144,61735,0,0,0,0,0,425,16921,6695,23097,0,0,0,0,0
8,90,3.022,59,3647591,31,-950,144,61735,0,0,0,0,0,425,16921,6695,23097,0,0,0,0,0
8,90,3.078,60,3647647,31,-950,144,61735,0,0,0,0,0,425,16921,6695,23097,0,0,0,0,0
8,90,3.149,61,3647703,31,-950,144,61735,0,0,0,0,0,425,16921,6695,23097,0,0,0,0,0
8,90,3.192,62,3647759,31,-950,144,61735,0,0,0,0,0,425,16921,6695,23097,0,0,0,0,0
8,90,3.246,63,3647815,31,-950,144,61735,0,0,0,0,0,425,16921,6695,23097,0,0,0,0,0
8,90,3.314,64,3647871,31,-950,144,61735,0,0,0,0,0,425,16921,6695,23097,0,0,0,0,0
8,90,3.354,65,3647923,31,-950,144,61735,0,0,0,0,0,425,16921,6695,23097,0,0,0,0,0
8,90,3.416,66,3647979,31,-950,144,61735,0,0,0,0,0,425,16921,6695,23097,0,0,0,0,0
8,90,3.466,67,3648035,31,-950,144,61735,0,0,0,0,0,425,16921,6695,23097,0,0,0,0,0
8,90,3.522,68,3648091,31,-950,144,61735,0,0,0,0,0,425,16921,6695,23097,0,0,0,0,0
8,90,3.578,69,3648147,31,-950,144,61735,0,0,0,0,0,425,16921,6695,23097,0,0,0,0,0
8,90,3.634,70,3648203,31,-950,144,61735,0,0,0,0,0,425,16921,6695,23097,0,0,0,0,0
8,90,3.691,71,3648259,31,-950,144,61735,0,0,0,0,0,425,16921,6695,23097,0,0,0,0,0
8,90,3.746,72,3648315,31,-950,144,61735,0,0,0,0,0,425,16921,6695,23097,0,0,0,0,0
8,90,3.803,73,3648371,31,-950,144,61735,0,0,0,0,0,425,16921,6695,23097,0,0,0,0,0
8,90,3.859,74,3648427,31,-950,144,61735,0,0,0,0,0,425,16921,6695,23097,0,0,0,0,0
8,90,3.915,75,3648483,31,-950,144,61735,0,0,0,0,0,425,16921,6695,23097,0,0,0,0,0
8,90,3.973,76,3648539,31,-950,144,61735,0,0,0,0,0,425,16921,6695,23097,0,0,0,0,0
8,90,4.032,77,3648595,31,-950,144,61735,0,0,0,0,0,425,16921,6695,23097,0,0,0,0,0
8,90,4.082,78,3648651,31,-950,144,61735,0,0,0,0,0,425,16921,6695,23097,0,0,0,0,0
8,90,4.139,79,3648707,31,-950,144,61735,0,0,0,0,0,425,16921,6695,23097,0,0,0,0,0
8,90,4.196,80,3648763,31,-950,144,61735,0,0,0,0,0,425,16921,6695,23097,0,0,0,0,0
8,90,4.25,81,3648819,31,-950,144,61735,0,0,0,0,0,425,16921,6695,23097,0,0,0,0,0
8,90,4.308,82,3648875,31,-950,144,61735,0,0,0,0,0,425,16921,6695,23097,0,0,0,0,0
8,90,4.37,83,3648931,31,-950,144,61735,0,0,0,0,0,425,16921,6695,23097,0,0,0,0,0
8,90,4.416,84,3648983,31,-950,144,61735,0,0,0,0,0,425,16921,6695,23097,0,0,0,0,0
8,90,4.471,85,3649039,31,-950,144,61735,0,0,0,0,0,425,16921,6695,23097,0,0,0,0,0
8,90,4.528,86,3649095,31,-950,144,61735,0,0,0,0,0,425,16921,6695,23097,0,0,0,0,0
8,90,4.582,87,3649151,31,-950,144,61735,0,0,0,0,0,425,16921,6695,23097,0,0,0,0,0
8,90,4.644,88,3649207,31,-950,144,61735,0,0,0,0,0,425,16921,6695,23097,0,0,0,0,0
8,90,4.695,89,3649263,31,-950,144,61735,0,0,0,0,0,425,16921,6695,23097,0,0,0,0,0
8,90,4.75,90,3649319,31,-950,144,61735,0,0,0,0,0,425,16921,6695,23097,0,0,0,0,0
8,90,4.807,91,3649375,31,-950,144,61735,0,0,0,0,0,425,16921,6695,23097,0,0,0,0,0
8,90,4.863,92,3649431,31,-950,144,61735,0,0,0,0,0,425,16921,6695,23097,0,0,0,0,0
8,90,4.918,93,3649487,31,-950,144,61735,0,0,0,0,0,425,16921,6695,23097,0,0,0,0,0
8,90,4.974,94,3649543,31,-950,144,61735,0,0,0,0,0,425,16921,6695,23097,0,0,0,0,0
8,90,5.031,95,3649599,31,-950,144,61735,0,0,0,0,0,425,16921,6695,23097,0,0,0,0,0
8,90,5.086,96,3649655,31,-950,144,61735,0,0,0,0,0,425,16921,6695,23097,0,0,0,0,0
8,90,5.143,97,3649711,31,-950,144,61735,0,0,0,0,0,425,16921,6695,23097,0,0,0,0,0
8,90,5.199,98,3649767,31,-950,144,61735,0,0,0,0,0,425,16921,6695,23097,0,0,0,0,0
8,90,5.259,99,3649823,31,-950,144,61735,0,0,0,0,0,425,16921,6695,23097,0,0,0,0,0
8,90,5.31,100,3649879,31,-950,144,61735,0,0,0,0,0,425,16921,6695,23097,0,0,0,0,0
8,90,5.367,101,3649935,31,-950,144,61735,0,0,0,0,0,425,16921,6695,23097,0,0,0,0,0
8,90,5.43,102,3649991,31,-950,144,61735,0,0,0,0,0,425,16921,6695,23097,0,0,0,0,0
8,90,5.474,103,3650043,31,-950,144,61735,0,0,0,0,0,425,16921,6695,23097,0,0,0,0,0
8,90,5.531,104,3650099,31,-950,144,61735,0,0,0,0,0,425,16921,6695,23097,0,0,0,0,0
8,90,5.586,105,3650155,31,-950,144,61735,0,0,0,0,0,425,16921,6695,23097,0,0,0,0,0
8,90,5.643,106,3650211,31,-950,144,61735,0,0,0,0,0,425,16921,6695,23097,0,0,0,0,0
8,90,5.699,107,3650267,31,-950,144,61735,0,0,0,0,0,425,16921,6695,23097,0,0,0,0,0
8,90,5.754,108,3650323,31,-950,144,61735,0,0,0,0,0,425,16921,6695,23097,0,0,0,0,0
8,90,5.81,109,3650379,31,-950,144,61735,0,0,0,0,0,425,16921,6695,23097,0,0,0,0,0
8,90,5.867,110,3650435,31,-950,144,61735,0,0,0,0,0,425,16921,6695,23097,0,0,0,0,0
8,90,5.923,111,3650491,31,-950,144,61735,0,0,0,0,0,425,16921,6695,23097,0,0,0,0,0
9,-107,-0.006,66,3655123,31,-950,144,61735,0,0,0,0,0,425,16921,6695,23097,0,0,0,0,0
9,-107,0.046,67,3655175,31,-950,144,61735,0,0,0,0,0,425,16922,6695,23097,900,-900,0,0,0
9,-107,0.125,68,3655247,31,-950,144,61523,0,0,0,46,-36,425,16925,6723,23069,1100,-1200,0,0,0
9,-107,0.198,69,3655319,31,-950,144,61177,0,0,0,56,-56,425,16928,6767,23022,1300,-1300,0,0,0
9,-107,0.262,70,3655391,31,-950,144,60764,0,0,0,65,-79,425,16931,6823,22969,1600,-1600,0,0,0
9,-107,0.335,71,3655463,31,-950,143,60301,0,0,0,99,-69,427,16934,6903,22927,2000,-2100,0,0,0
9,-107,0.418,72,3655536,31,-950,143,59356,0,0,0,135,-144,427,16937,7014,22789,2500,-2500,0,0,0
9,-107,0.48,73,3655607,31,-950,144,58328,0,0,0,164,-164,427,16940,7148,22652,2700,-2700,0,0,0
9,-107,0.551,74,3655679,31,-949,144,57182,0,0,0,154,-184,427,16943,7292,22494,2700,-2600,0,0,0
9,-107,0.622,75,3655751,31,-949,144,56013,0,0,0,164,-181,427,16946,7445,22339,2600,-2600,0,0,0
9,-107,0.694,76,3655823,31,-949,144,54886,0,0,0,154,-164,427,16949,7589,22186,2600,-2600,0,0,0
9,-107,0.769,77,3655895,31,-949,144,53714,0,0,0,164,-154,427,16952,7742,22030,2500,-2500,0,0,0
9,-107,0.843,78,3655967,31,-949,144,52587,0,0,0,154,-164,427,16955,7889,21880,2500,-2400,0,0,0
9,-107,0.983,79,3656112,31,-948,144,51172,0,0,0,0,0,427,16963,8073,21691,0,0,0,0,0
9,-107,1.048,80,3656164,31,-948,144,51172,0,0,0,0,0,427,16965,8073,21691,0,0,0,0,0
9,-107,1.09,81,3656219,31,-948,144,51172,0,0,0,0,0,427,16965,8073,21691,0,0,0,0,0
9,-107,1.151,82,3656275,31,-948,144,51172,0,0,0,0,0,427,16965,8073,21691,0,0,0,0,0
9,-107,1.201,83,3656331,31,-948,144,51172,0,0,0,0,0,427,16965,8073,21691,0,0,0,0,0
9,-107,1.258,84,3656387,31,-948,144,51172,0,0,0,0,0,427,16965,8073,21691,0,0,0,0,0
9,-107,1.314,85,3656443,31,-948,144,51172,0,0,0,0,0,427,16965,8073,21691,0,0,0,0,0
9,-107,1.369,86,3656499,31,-948,144,51172,0,0,0,0,0,427,16965,8073,21691,0,0,0,0,0
9,-107,1.426,87,3656555,31,-948,144,51172,0,0,0,0,0,427,16965,8073,21691,0,0,0,0,0
9,-107,1.494,88,3656611,31,-948,144,51172,0,0,0,0,0,427,16965,8073,21691,0,0,0,0,0
9,-107,1.533,89,3656663,31,-948,144,51172,0,0,0,0,0,427,16965,8073,21691,0,0,0,0,0
9,-107,1.591,90,3656719,31,-948,144,51172,0,0,0,0,0,427,16965,8073,21691,0,0,0,0,0
9,-107,1.646,91,3656775,31,-948,144,51172,0,0,0,0,0,427,16965,8073,21691,0,0,0,0,0
9,-107,1.702,92,3656831,31,-948,144,51172,0,0,0,0,0,427,16965,8073,21691,0,0,0,0,0
9,-107,1.761,93,3656887,31,-948,144,51172,0,0,0,0,0,427,16965,8073,21691,0,0,0,0,0
9,-107,1.813,94,3656943,31,-948,144,51172,0,0,0,0,0,427,16965,8073,21691,0,0,0,0,0
9,-107,1.869,95,3656999,31,-948,144,51172,0,0,0,0,0,427,16965,8073,21691,0,0,0,0,0
9,-107,1.925,96,3657055,31,-948,144,51172,0,0,0,0,0,427,16965,8073,21691,0,0,0,0,0
9,-107,1.981,97,3657111,31,-948,144,51172,0,0,0,0,0,427,16965,8073,21691,0,0,0,0,0
9,-107,2.038,98,3657167,31,-948,144,51172,0,0,0,0,0,427,16965,8073,21691,0,0,0,0,0
9,-107,2.094,99,3657223,31,-948,144,51172,0,0,0,0,0,427,16965,8073,21691,0,0,0,0,0
9,-107,2.15,100,3657279,31,-948,144,51172,0,0,0,0,0,427,16965,8073,21691,0,0,0,0,0
9,-107,2.208,101,3657335,31,-948,144,51172,0,0,0,0,0,427,16965,8073,21691,0,0,0,0,0
9,-107,2.262,102,3657391,31,-948,144,51172,0,0,0,0,0,427,16965,8073,21691,0,0,0,0,0
9,-107,2.318,103,3657447,31,-948,144,51172,0,0,0,0,0,427,16965,8073,21691,0,0,0,0,0
9,-107,2.38,104,3657503,31,-948,144,51172,0,0,0,0,0,427,16965,8073,21691,0,0,0,0,0
9,-107,2.429,105,3657559,31,-948,144,51172,0,0,0,0,0,427,16965,8073,21691,0,0,0,0,0
9,-107,2.486,106,3657615,31,-948,144,51172,0,0,0,0,0,427,16965,8073,21691,0,0,0,0,0
9,-107,2.548,107,3657671,31,-948,144,51172,0,0,0,0,0,427,16965,8073,21691,0,0,0,0,0
9,-107,2.594,108,3657723,31,-948,144,51172,0,0,0,0,0,427,16965,8073,21691,0,0,0,0,0
9,-107,2.649,109,3657779,31,-948,144,51172,0,0,0,0,0,427,16965,8073,21691,0,0,0,0,0
9,-107,2.706,110,3657835,31,-948,144,51172,0,0,0,0,0,427,16965,8073,21691,0,0,0,0,0
9,-107,2.761,111,3657891,31,-948,144,51172,0,0,0,0,0,427,16965,8073,21691,0,0,0,0,0
9,-107,2.818,112,3657947,31,-948,144,51172,0,0,0,0,0,427,16965,8073,21691,0,0,0,0,0
9,-107,2.874,113,3658003,31,-948,144,51172,0,0,0,0,0,427,16965,8073,21691,0,0,0,0,0
9,-107,2.929,114,3658059,31,-948,144,51172,0,0,0,0,0,427,16965,8073,21691,0,0,0,0,0
9,-107,2.992,115,3658115,31,-948,144,51172,0,0,0,0,0,427,16965,8073,21691,0,0,0,0,0
9,-107,3.041,116,3658171,31,-948,144,51172,0,0,0,0,0,427,16965,8073,21691,0,0,0,0,0
9,-107,3.097,117,3658227,31,-948,144,51172,0,0,0,0,0,427,16965,8073,21691,0,0,0,0,0
9,-107,3.153,118,3658283,31,-948,144,51172,0,0,0,0,0,427,16965,8073,21691,0,0,0,0,0
9,-107,3.21,119,3658339,31,-948,144,51172,0,0,0,0,0,427,16965,8073,21691,0,0,0,0,0
9,-107,3.265,120,3658395,31,-948,144,51172,0,0,0,0,0,427,16965,8073,21691,0,0,0,0,0
9,-107,3.322,121,3658451,31,-948,144,51172,0,0,0,0,0,427,16965,8073,21691,0,0,0,0,0
9,-107,3.378,122,3658507,31,-948,144,51172,0,0,0,0,0,427,16965,8073,21691,0,0,0,0,0
9,-107,3.435,123,3658563,31,-948,144,51172,0,0,0,0,0,427,16965,8073,21691,0,0,0,0,0
9,-107,3.49,124,3658619,31,-948,144,51172,0,0,0,0,0,427,16965,8073,21691,0,0,0,0,0
9,-107,3.546,125,3658675,31,-948,144,51172,0,0,0,0,0,427,16965,8073,21691,0,0,0,0,0
9,-107,3.609,126,3658731,31,-948,144,51172,0,0,0,0,0,427,16965,8073,21691,0,0,0,0,0
9,-107,3.653,127,3658783,31,-948,144,51172,0,0,0,0,0,427,16965,8073,21691,0,0,0,0,0
9,-107,3.711,0,3658839,31,-948,144,51172,0,0,0,0,0,427,16965,8073,21691,0,0,0,0,0
9,-107,3.765,1,3658895,31,-948,144,51172,0,0,0,0,0,427,16965,8073,21691,0,0,0,0,0
9,-107,3.822,2,3658951,31,-948,144,51172,0,0,0,0,0,427,16965,8073,21691,0,0,0,0,0
9,-107,3.877,3,3659007,31,-948,144,51172,0,0,0,0,0,427,16965,8073,21691,0,0,0,0,0
9,-107,3.934,4,3659063,31,-948,144,51172,0,0,0,0,0,427,16965,8073,21691,0,0,0,0,0
9,-107,3.989,5,3659119,31,-948,144,51172,0,0,0,0,0,427,16965,8073,21691,0,0,0,0,0
9,-107,4.048,6,3659175,31,-948,144,51172,0,0,0,0,0,427,16965,8073,21691,0,0,0,0,0
9,-107,4.102,7,3659231,31,-948,144,51172,0,0,0,0,0,427,16965,8073,21691,0,0,0,0,0
9,-107,4.157,8,3659287,31,-948,144,51172,0,0,0,0,0,427,16965,8073,21691,0,0,0,0,0
9,-107,4.213,9,3659343,31,-948,144,51172,0,0,0,0,0,427,16965,8073,21691,0,0,0,0,0
9,-107,4.27,10,3659399,31,-948,144,51172,0,0,0,0,0,427,16965,8073,21691,0,0,0,0,0
9,-107,4.326,11,3659455,31,-948,144,51172,0,0,0,0,0,427,16965,8073,21691,0,0,0,0,0
9,-107,4.381,12,3659511,31,-948,144,51172,0,0,0,0,0,427,16965,8073,21691,0,0,0,0,0
9,-107,4.438,13,3659567,31,-948,144,51172,0,0,0,0,0,427,16965,8073,21691,0,0,0,0,0
9,-107,4.493,14,3659623,31,-948,144,51172,0,0,0,0,0,427,16965,8073,21691,0,0,0,0,0
9,-107,4.55,15,3659679,31,-948,144,51172,0,0,0,0,0,427,16965,8073,21691,0,0,0,0,0
9,-107,4.606,16,3659735,31,-948,144,51172,0,0,0,0,0,427,16965,8073,21691,0,0,0,0,0
9,-107,4.669,17,3659791,31,-948,144,51172,0,0,0,0,0,427,16965,8073,21691,0,0,0,0,0
9,-107,4.714,18,3659843,31,-948,144,51172,0,0,0,0,0,427,16965,8073,21691,0,0,0,0,0
9,-107,4.769,19,3659899,31,-948,144,51172,0,0,0,0,0,427,16965,8073,21691,0,0,0,0,0
9,-107,4.826,20,3659955,31,-948,144,51172,0,0,0,0,0,427,16965,8073,21691,0,0,0,0,0
9,-107,4.881,21,3660011,31,-948,144,51172,0,0,0,0,0,427,16965,8073,21691,0,0,0,0,0
9,-107,4.939,22,3660067,31,-948,144,51172,0,0,0,0,0,427,16965,8073,21691,0,0,0,0,0
9,-107,4.994,23,3660123,31,-948,144,51172,0,0,0,0,0,427,16965,8073,21691,0,0,0,0,0
9,-107,5.05,24,3660179,31,-948,144,51172,0,0,0,0,0,427,16965,8073,21691,0,0,0,0,0
9,-107,5.105,25,3660235,31,-948,144,51172,0,0,0,0,0,427,16965,8073,21691,0,0,0,0,0
9,-107,5.164,26,3660291,31,-948,144,51172,0,0,0,0,0,427,16965,8073,21691,0,0,0,0,0
9,-107,5.218,27,3660347,31,-948,144,51172,0,0,0,0,0,427,16965,8073,21691,0,0,0,0,0
9,-107,5.277,28,3660403,31,-948,144,51172,0,0,0,0,0,427,16965,8073,21691,0,0,0,0,0
9,-107,5.33,29,3660459,31,-948,144,51172,0,0,0,0,0,427,16965,8073,21691,0,0,0,0,0
9,-107,5.387,30,3660515,31,-948,144,51172,0,0,0,0,0,427,16965,8073,21691,0,0,0,0,0
9,-107,5.441,31,3660571,31,-948,144,51172,0,0,0,0,0,427,16965,8073,21691,0,0,0,0,0
9,-107,5.498,32,3660627,31,-948,144,51172,0,0,0,0,0,427,16965,8073,21691,0,0,0,0,0
9,-107,5.554,33,3660683,31,-948,144,51172,0,0,0,0,0,427,16965,8073,21691,0,0,0,0,0
9,-107,5.609,34,3660739,31,-948,144,51172,0,0,0,0,0,427,16965,8073,21691,0,0,0,0,0
9,-107,5.669,35,3660795,31,-948,144,51172,0,0,0,0,0,427,16965,8073,21691,0,0,0,0,0
9,-107,5.728,36,3660851,31,-948,144,51172,0,0,0,0,0,427,16965,8073,21691,0,0,0,0,0
9,-107,5.774,37,3660903,31,-948,144,51172,0,0,0,0,0,427,16965,8073,21691,0,0,0,0,0
9,-107,5.83,38,3660959,31,-948,144,51172,0,0,0,0,0,427,16965,8073,21691,0,0,0,0,0
9,-107,5.888,39,3661015,31,-948,144,51172,0,0,0,0,0,427,16965,8073,21691,0,0,0,0,0
9,-107,5.943,40,3661071,31,-948,144,51172,0,0,0,0,0,427,16965,8073,21691,0,0,0,0,0
9,-107,5.997,41,3661127,31,-948,144,51172,0,0,0,0,0,427,16965,8073,21691,0,0,0,0,0
9,-107,6.054,42,3661183,31,-948,144,51172,0,0,0,0,0,427,16965,8073,21691,0,0,0,0,0
9,-107,6.111,43,3661239,31,-948,144,51172,0,0,0,0,0,427,16965,8073,21691,0,0,0,0,0
9,-107,6.167,44,3661295,31,-948,144,51172,0,0,0,0,0,427,16965,8073,21691,0,0,0,0,0
9,-107,6.222,45,3661351,31,-948,144,51172,0,0,0,0,0,427,16965,8073,21691,0,0,0,0,0
10,107,-0.027,1,3666039,31,-948,144,51172,0,0,0,0,0,427,16965,8073,21691,0,0,0,0,0
10,107,0.05,2,3666115,31,-948,144,51172,0,0,0,0,0,427,16966,8073,21691,-900,900,0,0,0
10,107,0.13,3,3666187,31,-948,144,51407,0,0,0,-46,36,428,16969,8039,21719,-1200,1200,0,0,0
10,107,0.194,4,3666259,31,-947,143,51710,0,0,0,-53,31,428,16972,7987,21747,-1300,1500,0,0,0
10,107,0.266,5,3666331,31,-947,143,52120,0,0,0,-72,46,428,16975,7923,21791,-1500,1700,0,0,0
10,107,0.338,6,3666403,31,-946,143,52659,0,0,0,-98,92,428,16978,7848,21858,-1900,2100,0,0,0
10,107,0.41,7,3666475,31,-945,143,53429,0,0,0,-135,108,428,16981,7734,21947,-2400,2500,0,0,0
10,107,0.488,8,3666547,31,-944,143,54442,0,0,0,-174,138,428,16984,7589,22069,-2600,2700,0,0,0
10,107,0.556,9,3666619,31,-943,143,55577,0,0,0,-180,164,428,16987,7423,22202,-2600,2700,0,0,0
10,107,0.627,10,3666691,31,-942,143,56772,0,0,0,-204,174,428,16990,7250,22344,-2500,2700,0,0,0
10,107,0.698,11,3666763,31,-941,144,57857,0,0,0,-164,138,428,16993,7095,22475,-2300,2700,0,0,0
10,107,0.77,12,3666835,31,-941,144,58954,0,0,0,-154,154,428,16996,6942,22611,-2200,2600,0,0,0
10,107,0.843,13,3666907,31,-940,145,60005,0,0,0,-154,135,428,16999,6795,22741,-2200,2600,0,0,0
10,107,0.915,14,3666979,31,-940,145,61048,0,0,0,-144,145,428,17002,6656,22877,-1000,1700,0,0,0
10,107,1.021,15,3667076,31,-940,145,61693,0,0,0,0,0,430,17008,6567,22958,0,0,0,0,0
10,107,1.068,16,3667131,31,-940,145,61693,0,0,0,0,0,430,17008,6567,22958,0,0,0,0,0
10,107,1.122,17,3667187,31,-940,145,61693,0,0,0,0,0,430,17008,6567,22958,0,0,0,0,0
10,107,1.178,18,3667243,31,-940,145,61693,0,0,0,0,0,430,17008,6567,22958,0,0,0,0,0
10,107,1.233,19,3667299,31,-940,145,61693,0,0,0,0,0,430,17008,6567,22958,0,0,0,0,0
10,107,1.29,20,3667355,31,-940,145,61693,0,0,0,0,0,430,17008,6567,22958,0,0,0,0,0
10,107,1.346,21,3667411,31,-940,145,61693,0,0,0,0,0,430,17008,6567,22958,0,0,0,0,0
10,107,1.409,22,3667467,31,-940,145,61693,0,0,0,0,0,430,17008,6567,22958,0,0,0,0,0
10,107,1.454,23,3667519,31,-940,145,61693,0,0,0,0,0,430,17008,6567,22958,0,0,0,0,0
10,107,1.51,24,3667575,31,-940,145,61693,0,0,0,0,0,430,17008,6567,22958,0,0,0,0,0
10,107,1.566,25,3667631,31,-940,145,61693,0,0,0,0,0,430,17008,6567,22958,0,0,0,0,0
10,107,1.622,26,3667687,31,-940,145,61693,0,0,0,0,0,430,17008,6567,22958,0,0,0,0,0
10,107,1.684,27,3667743,31,-940,145,61693,0,0,0,0,0,430,17008,6567,22958,0,0,0,0,0
10,107,1.734,28,3667799,31,-940,145,61693,0,0,0,0,0,430,17008,6567,22958,0,0,0,0,0
10,107,1.79,29,3667855,31,-940,145,61693,0,0,0,0,0,430,17008,6567,22958,0,0,0,0,0
10,107,1.845,30,3667911,31,-940,145,61693,0,0,0,0,0,430,17008,6567,22958,0,0,0,0,0
10,107,1.902,31,3667967,31,-940,145,61693,0,0,0,0,0,430,17008,6567,22958,0,0,0,0,0
10,107,1.959,32,3668023,31,-940,145,61693,0,0,0,0,0,430,17008,6567,22958,0,0,0,0,0
10,107,2.014,33,3668079,31,-940,145,61693,0,0,0,0,0,430,17008,6567,22958,0,0,0,0,0
10,107,2.071,34,3668135,31,-940,145,61693,0,0,0,0,0,430,17008,6567,22958,0,0,0,0,0
10,107,2.125,35,3668191,31,-940,145,61693,0,0,0,0,0,430,17008,6567,22958,0,0,0,0,0
10,107,2.182,36,3668247,31,-940,145,61693,0,0,0,0,0,430,17008,6567,22958,0,0,0,0,0
10,107,2.238,37,3668303,31,-940,145,61693,0,0,0,0,0,430,17008,6567,22958,0,0,0,0,0
10,107,2.298,38,3668359,31,-940,145,61693,0,0,0,0,0,430,17008,6567,22958,0,0,0,0,0
10,107,2.351,39,3668415,31,-940,145,61693,0,0,0,0,0,430,17008,6567,22958,0,0,0,0,0
10,107,2.406,40,3668471,31,-940,145,61693,0,0,0,0,0,430,17008,6567,22958,0,0,0,0,0
10,107,2.469,41,3668527,31,-940,145,61693,0,0,0,0,0,430,17008,6567,22958,0,0,0,0,0
10,107,2.514,42,3668579,31,-940,145,61693,0,0,0,0,0,430,17008,6567,22958,0,0,0,0,0
10,107,2.57,43,3668635,31,-940,145,61693,0,0,0,0,0,430,17008,6567,22958,0,0,0,0,0
10,107,2.628,44,3668691,31,-940,145,61693,0,0,0,0,0,430,17008,6567,22958,0,0,0,0,0
10,107,2.717,45,3668747,31,-940,145,61693,0,0,0,0,0,430,17008,6567,22958,0,0,0,0,0
10,107,2.745,46,3668803,31,-940,145,61693,0,0,0,0,0,430,17008,6567,22958,0,0,0,0,0
10,107,2.793,47,3668859,31,-940,145,61693,0,0,0,0,0,430,17008,6567,22958,0,0,0,0,0
10,107,2.849,48,3668915,31,-940,145,61693,0,0,0,0,0,430,17008,6567,22958,0,0,0,0,0
10,107,2.911,49,3668971,31,-940,145,61693,0,0,0,0,0,430,17008,6567,22958,0,0,0,0,0
10,107,2.962,50,3669027,31,-940,145,61693,0,0,0,0,0,430,17008,6567,22958,0,0,0,0,0
10,107,3.017,51,3669083,31,-940,145,61693,0,0,0,0,0,430,17008,6567,22958,0,0,0,0,0
10,107,3.074,52,3669139,31,-940,145,61693,0,0,0,0,0,430,17008,6567,22958,0,0,0,0,0
10,107,3.13,53,3669195,31,-940,145,61693,0,0,0,0,0,430,17008,6567,22958,0,0,0,0,0
10,107,3.186,54,3669251,31,-940,145,61693,0,0,0,0,0,430,17008,6567,22958,0,0,0,0,0
10,107,3.242,55,3669307,31,-940,145,61693,0,0,0,0,0,430,17008,6567,22958,0,0,0,0,0
10,107,3.3,56,3669363,31,-940,145,61693,0,0,0,0,0,430,17008,6567,22958,0,0,0,0,0
10,107,3.353,57,3669419,31,-940,145,61693,0,0,0,0,0,430,17008,6567,22958,0,0,0,0,0
10,107,3.41,58,3669475,31,-940,145,61693,0,0,0,0,0,430,17008,6567,22958,0,0,0,0,0
10,107,3.468,59,3669531,31,-940,145,61693,0,0,0,0,0,430,17008,6567,22958,0,0,0,0,0
10,107,3.528,60,3669587,31,-940,145,61693,0,0,0,0,0,430,17008,6567,22958,0,0,0,0,0
10,107,3.574,61,3669639,31,-940,145,61693,0,0,0,0,0,430,17008,6567,22958,0,0,0,0,0
10,107,3.63,62,3669695,31,-940,145,61693,0,0,0,0,0,430,17008,6567,22958,0,0,0,0,0
10,107,3.688,63,3669751,31,-940,145,61693,0,0,0,0,0,430,17008,6567,22958,0,0,0,0,0
10,107,3.742,64,3669807,31,-940,145,61693,0,0,0,0,0,430,17008,6567,22958,0,0,0,0,0
10,107,3.798,65,3669863,31,-940,145,61693,0,0,0,0,0,430,17008,6567,22958,0,0,0,0,0
10,107,3.854,66,3669919,31,-940,145,61693,0,0,0,0,0,430,17008,6567,22958,0,0,0,0,0
10,107,3.91,67,3669975,31,-940,145,61693,0,0,0,0,0,430,17008,6567,22958,0,0,0,0,0
10,107,3.965,68,3670031,31,-940,145,61693,0,0,0,0,0,430,17008,6567,22958,0,0,0,0,0
10,107,4.021,69,3670087,31,-940,145,61693,0,0,0,0,0,430,17008,6567,22958,0,0,0,0,0
10,107,4.078,70,3670143,31,-940,145,61693,0,0,0,0,0,430,17008,6567,22958,0,0,0,0,0
10,107,4.141,71,3670199,31,-940,145,61693,0,0,0,0,0,430,17008,6567,22958,0,0,0,0,0
10,107,4.19,72,3670255,31,-940,145,61693,0,0,0,0,0,430,17008,6567,22958,0,0,0,0,0
10,107,4.248,73,3670311,31,-940,145,61693,0,0,0,0,0,430,17008,6567,22958,0,0,0,0,0
10,107,4.302,74,3670367,31,-940,145,61693,0,0,0,0,0,430,17008,6567,22958,0,0,0,0,0
10,107,4.358,75,3670423,31,-940,145,61693,0,0,0,0,0,430,17008,6567,22958,0,0,0,0,0
10,107,4.414,76,3670479,31,-940,145,61693,0,0,0,0,0,430,17008,6567,22958,0,0,0,0,0
10,107,4.47,77,3670535,31,-940,145,61693,0,0,0,0,0,430,17008,6567,22958,0,0,0,0,0
10,107,4.528,78,3670591,31,-940,145,61693,0,0,0,0,0,430,17008,6567,22958,0,0,0,0,0
10,107,4.588,79,3670647,31,-940,145,61693,0,0,0,0,0,430,17008,6567,22958,0,0,0,0,0
10,107,4.634,80,3670699,31,-940,145,61693,0,0,0,0,0,430,17008,6567,22958,0,0,0,0,0
10,107,4.69,81,3670755,31,-940,145,61693,0,0,0,0,0,430,17008,6567,22958,0,0,0,0,0
10,107,4.746,82,3670811,31,-940,145,61693,0,0,0,0,0,430,17008,6567,22958,0,0,0,0,0
10,107,4.802,83,3670867,31,-940,145,61693,0,0,0,0,0,430,17008,6567,22958,0,0,0,0,0
10,107,4.858,84,3670923,31,-940,145,61693,0,0,0,0,0,430,17008,6567,22958,0,0,0,0,0
10,107,4.914,85,3670979,31,-940,145,61693,0,0,0,0,0,430,17008,6567,22958,0,0,0,0,0
10,107,4.97,86,3671035,31,-940,145,61693,0,0,0,0,0,430,17008,6567,22958,0,0,0,0,0
10,107,5.026,87,3671091,31,-940,145,61693,0,0,0,0,0,430,17008,6567,22958,0,0,0,0,0
10,107,5.082,88,3671147,31,-940,145,61693,0,0,0,0,0,430,17008,6567,22958,0,0,0,0,0
10,107,5.138,89,3671203,31,-940,145,61693,0,0,0,0,0,430,17008,6567,22958,0,0,0,0,0
10,107,5.194,90,3671259,31,-940,145,61693,0,0,0,0,0,430,17008,6567,22958,0,0,0,0,0
10,107,5.249,91,3671315,31,-940,145,61693,0,0,0,0,0,430,17008,6567,22958,0,0,0,0,0
10,107,5.304,92,3671371,31,-940,145,61693,0,0,0,0,0,430,17008,6567,22958,0,0,0,0,0
10,107,5.368,93,3671427,31,-940,145,61693,0,0,0,0,0,430,17008,6567,22958,0,0,0,0,0
10,107,5.416,94,3671483,31,-940,145,61693,0,0,0,0,0,430,17008,6567,22958,0,0,0,0,0
10,107,5.479,95,3671539,31,-940,145,61693,0,0,0,0,0,430,17008,6567,22958,0,0,0,0,0
10,107,5.53,96,3671595,31,-940,145,61693,0,0,0,0,0,430,17008,6567,22958,0,0,0,0,0
10,107,5.586,97,3671651,31,-940,145,61693,0,0,0,0,0,430,17008,6567,22958,0,0,0,0,0
11,-180,-0.01,44,3675835,31,-940,145,61693,0,0,0,0,0,430,17008,6567,22958,0,0,0,0,0
11,-180,0.048,45,3675895,31,-940,145,61693,0,0,0,0,0,430,17009,6567,22958,900,-900,0,0,0
11,-180,0.127,46,3675967,31,-940,146,61462,0,0,0,56,-46,430,17012,6595,22925,1200,-1200,0,0,0
11,-180,0.195,47,3676039,31,-940,146,61166,0,0,0,56,-53,430,17015,6634,22886,1400,-1400,0,0,0
11,-180,0.264,48,3676111,31,-940,145,60756,0,0,0,53,-82,431,17018,6689,22833,1600,-1700,0,0,0
11,-180,0.336,49,3676183,31,-940,145,60176,0,0,0,82,-92,431,17021,6767,22758,2000,-2100,0,0,0
11,-180,0.418,50,3676256,31,-940,145,59352,0,0,0,144,-128,431,17024,6878,22652,2500,-2500,0,0,0
11,-180,0.482,51,3676327,31,-940,145,58309,0,0,0,164,-174,431,17027,7012,22511,2700,-2700,0,0,0
11,-180,0.552,52,3676399,31,-940,145,57182,0,0,0,174,-164,431,17030,7162,22364,2600,-2700,0,0,0
11,-180,0.624,53,3676471,31,-940,145,55998,0,0,0,164,-184,431,17033,7312,22202,2600,-2700,0,0,0
11,-180,0.696,54,3676543,31,-939,146,54841,0,0,0,164,-180,431,17036,7462,22047,2600,-2600,0,0,0
11,-180,0.768,55,3676615,31,-939,146,53680,0,0,0,164,-158,431,17039,7612,21891,2600,-2500,0,0,0
11,-180,0.84,56,3676687,31,-939,146,52534,0,0,0,164,-171,431,17042,7762,21739,2500,-2400,0,0,0
11,-180,0.912,57,3676759,31,-939,145,51407,0,0,0,164,-164,431,17045,7906,21586,2500,-2300,0,0,0
11,-180,0.986,58,3676831,31,-939,145,50318,0,0,0,148,-164,431,17048,8048,21441,2400,-2200,0,0,0
11,-180,1.055,59,3676903,31,-939,145,49244,0,0,0,174,-157,431,17051,8192,21302,2400,-2200,0,0,0
11,-180,1.128,60,3676975,31,-939,145,48204,0,0,0,164,-144,431,17054,8328,21164,2300,-2100,0,0,0
11,-180,1.2,61,3677047,31,-939,145,47168,0,0,0,138,-164,431,17057,8462,21025,2300,-2100,0,0,0
11,-180,1.273,62,3677119,31,-939,146,46159,0,0,0,144,-144,431,17060,8600,20897,2200,-2100,0,0,0
11,-180,1.354,63,3677192,31,-939,145,45123,0,0,0,148,-138,431,17063,8734,20758,2000,-1800,0,0,0
11,-180,1.422,64,3677263,31,-939,147,44383,0,0,0,112,-128,432,17066,8848,20677,1000,-900,0,0,0
11,-180,1.504,65,3677344,31,-939,146,43837,0,0,0,0,0,432,17071,8906,20591,0,0,0,0,0
11,-180,1.55,66,3677399,31,-939,146,43837,0,0,0,0,0,432,17073,8906,20591,0,0,0,0,0
11,-180,1.629,67,3677471,31,-939,146,43837,0,0,0,0,0,432,17076,8906,20591,0,0,0,0,0
11,-180,1.678,68,3677527,31,-939,146,43837,0,0,0,0,0,432,17077,8906,20591,0,0,0,0,0
11,-180,1.735,69,3677583,31,-939,146,43837,0,0,0,0,0,432,17077,8906,20591,0,0,0,0,0
11,-180,1.79,70,3677639,31,-939,146,43837,0,0,0,0,0,432,17077,8906,20591,0,0,0,0,0
11,-180,1.846,71,3677695,31,-939,146,43837,0,0,0,0,0,432,17077,8906,20591,0,0,0,0,0
11,-180,1.903,72,3677751,31,-939,146,43837,0,0,0,0,0,432,17077,8906,20591,0,0,0,0,0
11,-180,1.958,73,3677807,31,-939,146,43837,0,0,0,0,0,432,17077,8906,20591,0,0,0,0,0
11,-180,2.014,74,3677863,31,-939,146,43837,0,0,0,0,0,432,17077,8906,20591,0,0,0,0,0
11,-180,2.072,75,3677919,31,-939,146,43837,0,0,0,0,0,432,17077,8906,20591,0,0,0,0,0
11,-180,2.126,76,3677975,31,-939,146,43837,0,0,0,0,0,432,17077,8906,20591,0,0,0,0,0
11,-180,2.182,77,3678031,31,-939,146,43837,0,0,0,0,0,432,17077,8906,20591,0,0,0,0,0
11,-180,2.242,78,3678087,31,-939,146,43837,0,0,0,0,0,432,17077,8906,20591,0,0,0,0,0
11,-180,2.294,79,3678143,31,-939,146,43837,0,0,0,0,0,432,17077,8906,20591,0,0,0,0,0
11,-180,2.35,80,3678199,31,-939,146,43837,0,0,0,0,0,432,17077,8906,20591,0,0,0,0,0
11,-180,2.406,81,3678255,31,-939,146,43837,0,0,0,0,0,432,17077,8906,20591,0,0,0,0,0
11,-180,2.462,82,3678311,31,-939,146,43837,0,0,0,0,0,432,17077,8906,20591,0,0,0,0,0
11,-180,2.518,83,3678367,31,-939,146,43837,0,0,0,0,0,432,17077,8906,20591,0,0,0,0,0
11,-180,2.583,84,3678423,31,-939,146,43837,0,0,0,0,0,432,17077,8906,20591,0,0,0,0,0
11,-180,2.627,85,3678475,31,-939,146,43837,0,0,0,0,0,432,17077,8906,20591,0,0,0,0,0
11,-180,2.683,86,3678531,31,-939,146,43837,0,0,0,0,0,432,17077,8906,20591,0,0,0,0,0
11,-180,2.739,87,3678587,31,-939,146,43837,0,0,0,0,0,432,17077,8906,20591,0,0,0,0,0
11,-180,2.794,88,3678643,31,-939,146,43837,0,0,0,0,0,432,17077,8906,20591,0,0,0,0,0
11,-180,2.856,89,3678699,31,-939,146,43837,0,0,0,0,0,432,17077,8906,20591,0,0,0,0,0
11,-180,2.909,90,3678755,31,-939,146,43837,0,0,0,0,0,432,17077,8906,20591,0,0,0,0,0
11,-180,2.962,91,3678811,31,-939,146,43837,0,0,0,0,0,432,17077,8906,20591,0,0,0,0,0
11,-180,3.018,92,3678867,31,-939,146,43837,0,0,0,0,0,432,17077,8906,20591,0,0,0,0,0
11,-180,3.074,93,3678923,31,-939,146,43837,0,0,0,0,0,432,17077,8906,20591,0,0,0,0,0
11,-180,3.13,94,3678979,31,-939,146,43837,0,0,0,0,0,432,17077,8906,20591,0,0,0,0,0
11,-180,3.186,95,3679035,31,-939,146,43837,0,0,0,0,0,432,17077,8906,20591,0,0,0,0,0
11,-180,3.242,96,3679091,31,-939,146,43837,0,0,0,0,0,432,17077,8906,20591,0,0,0,0,0
11,-180,3.299,97,3679147,31,-939,146,43837,0,0,0,0,0,432,17077,8906,20591,0,0,0,0,0
11,-180,3.354,98,3679203,31,-939,146,43837,0,0,0,0,0,432,17077,8906,20591,0,0,0,0,0
11,-180,3.411,99,3679259,31,-939,146,43837,0,0,0,0,0,432,17077,8906,20591,0,0,0,0,0
11,-180,3.471,100,3679315,31,-939,146,43837,0,0,0,0,0,432,17077,8906,20591,0,0,0,0,0
11,-180,3.522,101,3679371,31,-939,146,43837,0,0,0,0,0,432,17077,8906,20591,0,0,0,0,0
11,-180,3.578,102,3679427,31,-939,146,43837,0,0,0,0,0,432,17077,8906,20591,0,0,0,0,0
11,-180,3.643,103,3679483,31,-939,146,43837,0,0,0,0,0,432,17077,8906,20591,0,0,0,0,0
11,-180,3.685,104,3679535,31,-939,146,43837,0,0,0,0,0,432,17077,8906,20591,0,0,0,0,0
11,-180,3.744,105,3679591,31,-939,146,43837,0,0,0,0,0,432,17077,8906,20591,0,0,0,0,0
11,-180,3.798,106,3679647,31,-939,146,43837,0,0,0,0,0,432,17077,8906,20591,0,0,0,0,0
11,-180,3.854,107,3679703,31,-939,146,43837,0,0,0,0,0,432,17077,8906,20591,0,0,0,0,0
11,-180,3.912,108,3679759,31,-939,146,43837,0,0,0,0,0,432,17077,8906,20591,0,0,0,0,0
11,-180,3.967,109,3679815,31,-939,146,43837,0,0,0,0,0,432,17077,8906,20591,0,0,0,0,0
11,-180,4.022,110,3679871,31,-939,146,43837,0,0,0,0,0,432,17077,8906,20591,0,0,0,0,0
11,-180,4.086,111,3679927,31,-939,146,43837,0,0,0,0,0,432,17077,8906,20591,0,0,0,0,0
11,-180,4.134,112,3679983,31,-939,146,43837,0,0,0,0,0,432,17077,8906,20591,0,0,0,0,0
11,-180,4.191,113,3680039,31,-939,146,43837,0,0,0,0,0,432,17077,8906,20591,0,0,0,0,0
11,-180,4.247,114,3680095,31,-939,146,43837,0,0,0,0,0,432,17077,8906,20591,0,0,0,0,0
11,-180,4.302,115,3680151,31,-939,146,43837,0,0,0,0,0,432,17077,8906,20591,0,0,0,0,0
11,-180,4.358,116,3680207,31,-939,146,43837,0,0,0,0,0,432,17077,8906,20591,0,0,0,0,0
11,-180,4.414,117,3680263,31,-939,146,43837,0,0,0,0,0,432,17077,8906,20591,0,0,0,0,0
11,-180,4.471,118,3680319,31,-939,146,43837,0,0,0,0,0,432,17077,8906,20591,0,0,0,0,0
11,-180,4.529,119,3680375,31,-939,146,43837,0,0,0,0,0,432,17077,8906,20591,0,0,0,0,0
11,-180,4.583,120,3680431,31,-939,146,43837,0,0,0,0,0,432,17077,8906,20591,0,0,0,0,0
11,-180,4.638,121,3680487,31,-939,146,43837,0,0,0,0,0,432,17077,8906,20591,0,0,0,0,0
11,-180,4.703,122,3680543,31,-939,146,43837,0,0,0,0,0,432,17077,8906,20591,0,0,0,0,0
11,-180,4.746,123,3680595,31,-939,146,43837,0,0,0,0,0,432,17077,8906,20591,0,0,0,0,0
11,-180,4.803,124,3680651,31,-939,146,43837,0,0,0,0,0,432,17077,8906,20591,0,0,0,0,0
11,-180,4.858,125,3680707,31,-939,146,43837,0,0,0,0,0,432,17077,8906,20591,0,0,0,0,0
11,-180,4.916,126,3680763,31,-939,146,43837,0,0,0,0,0,432,17077,8906,20591,0,0,0,0,0
11,-180,4.971,127,3680819,31,-939,146,43837,0,0,0,0,0,432,17077,8906,20591,0,0,0,0,0
11,-180,5.027,0,3680875,31,-939,146,43837,0,0,0,0,0,432,17077,8906,20591,0,0,0,0,0
11,-180,5.083,1,3680931,31,-939,146,43837,0,0,0,0,0,432,17077,8906,20591,0,0,0,0,0
11,-180,5.144,2,3680987,31,-939,146,43837,0,0,0,0,0,432,17077,8906,20591,0,0,0,0,0
11,-180,5.194,3,3681043,31,-939,146,43837,0,0,0,0,0,432,17077,8906,20591,0,0,0,0,0
11,-180,5.251,4,3681099,31,-939,146,43837,0,0,0,0,0,432,17077,8906,20591,0,0,0,0,0
11,-180,5.315,5,3681155,31,-939,146,43837,0,0,0,0,0,432,17077,8906,20591,0,0,0,0,0
11,-180,5.363,6,3681211,31,-939,146,43837,0,0,0,0,0,432,17077,8906,20591,0,0,0,0,0
11,-180,5.419,7,3681267,31,-939,146,43837,0,0,0,0,0,432,17077,8906,20591,0,0,0,0,0
11,-180,5.475,8,3681323,31,-939,146,43837,0,0,0,0,0,432,17077,8906,20591,0,0,0,0,0
11,-180,5.53,9,3681379,31,-939,146,43837,0,0,0,0,0,432,17077,8906,20591,0,0,0,0,0
11,-180,5.587,10,3681435,31,-939,146,43837,0,0,0,0,0,432,17077,8906,20591,0,0,0,0,0
11,-180,5.642,11,3681491,31,-939,146,43837,0,0,0,0,0,432,17077,8906,20591,0,0,0,0,0
11,-180,5.699,12,3681547,31,-939,146,43837,0,0,0,0,0,432,17077,8906,20591,0,0,0,0,0
11,-180,5.764,13,3681603,31,-939,146,43837,0,0,0,0,0,432,17077,8906,20591,0,0,0,0,0
11,-180,5.807,14,3681655,31,-939,146,43837,0,0,0,0,0,432,17077,8906,20591,0,0,0,0,0
11,-180,5.864,15,3681711,31,-939,146,43837,0,0,0,0,0,432,17077,8906,20591,0,0,0,0,0
11,-180,5.918,16,3681767,31,-939,146,43837,0,0,0,0,0,432,17077,8906,20591,0,0,0,0,0
11,-180,5.975,17,3681823,31,-939,146,43837,0,0,0,0,0,432,17077,8906,20591,0,0,0,0,0
11,-180,6.032,18,3681879,31,-939,146,43837,0,0,0,0,0,432,17077,8906,20591,0,0,0,0,0
11,-180,6.087,19,3681935,31,-939,146,43837,0,0,0,0,0,432,17077,8906,20591,0,0,0,0,0
11,-180,6.143,20,3681991,31,-939,146,43837,0,0,0,0,0,432,17077,8906,20591,0,0,0,0,0
11,-180,6.198,21,3682047,31,-939,146,43837,0,0,0,0,0,432,17077,8906,20591,0,0,0,0,0
11,-180,6.254,22,3682103,31,-939,146,43837,0,0,0,0,0,432,17077,8906,20591,0,0,0,0,0
12,180,-0.031,101,3686511,31,-939,146,43837,0,0,0,0,0,432,17077,8906,20591,0,0,0,0,0
12,180,0.046,102,3686587,31,-939,146,43837,0,0,0,0,0,432,17078,8906,20591,-900,900,0,0,0
12,180,0.116,103,3686659,31,-939,145,44027,0,0,0,-53,26,433,17081,8873,20608,-1200,1200,0,0,0
12,180,0.187,104,3686731,31,-939,145,44399,0,0,0,-56,66,433,17084,8828,20661,-1300,1400,0,0,0
12,180,0.259,105,3686803,31,-939,145,44827,0,0,0,-72,72,433,17087,8762,20708,-1500,1700,0,0,0
12,180,0.333,106,3686875,31,-939,144,45412,0,0,0,-102,82,433,17090,8675,20775,-1900,2200,0,0,0
12,180,0.415,107,3686948,31,-939,143,46201,0,0,0,-128,118,433,17093,8567,20875,-2400,2500,0,0,0
12,180,0.485,108,3687019,31,-939,143,47275,0,0,0,-174,154,433,17096,8414,21005,-2600,2700,0,0,0
12,180,0.548,109,3687091,31,-938,142,48455,0,0,0,-188,155,433,17099,8250,21152,-2500,2700,0,0,0
12,180,0.621,110,3687163,31,-938,142,49635,0,0,0,-184,164,433,17102,8089,21302,-2300,2700,0,0,0
12,180,0.691,111,3687235,31,-938,142,50792,0,0,0,-164,164,433,17105,7934,21452,-2100,2600,0,0,0
12,180,0.764,112,3687307,31,-938,142,51911,0,0,0,-171,164,433,17108,7787,21600,-2200,2600,0,0,0
12,180,0.836,113,3687379,31,-938,142,52978,0,0,0,-138,174,433,17111,7650,21744,-2000,2600,0,0,0
12,180,0.907,114,3687451,31,-936,141,53828,0,0,0,-154,135,434,17114,7512,21830,-2000,2600,0,0,0
12,180,0.979,115,3687523,31,-938,141,55053,0,0,0,-164,138,434,17117,7373,22014,-2100,2500,0,0,0
12,180,1.051,116,3687595,31,-938,141,56093,0,0,0,-154,144,434,17120,7237,22152,-2000,2500,0,0,0
12,180,1.123,117,3687667,31,-938,141,57121,0,0,0,-148,148,434,17123,7100,22286,-2000,2500,0,0,0
12,180,1.198,118,3687739,31,-938,141,58172,0,0,0,-144,148,434,17126,6962,22425,-2000,2500,0,0,0
12,180,1.274,119,3687811,31,-937,143,59030,0,0,0,-158,146,436,17129,6825,22514,-2000,2600,0,0,0
12,180,1.35,120,3687884,31,-938,142,60198,0,0,0,-164,138,436,17132,6689,22686,-2100,2600,0,0,0
12,180,1.411,121,3687955,31,-937,142,61143,0,0,0,-125,128,437,17135,6562,22808,-900,1700,0,0,0
12,180,1.492,122,3688036,31,-937,142,61618,0,0,0,0,0,437,17140,6498,22869,0,0,0,0,0
12,180,1.543,123,3688087,31,-937,142,61618,0,0,0,0,0,437,17142,6498,22869,0,0,0,0,0
12,180,1.615,124,3688159,31,-937,142,61618,0,0,0,0,0,437,17145,6498,22869,0,0,0,0,0
12,180,1.674,125,3688215,31,-937,142,61618,0,0,0,0,0,437,17147,6498,22869,0,0,0,0,0
12,180,1.726,126,3688271,31,-937,142,61618,0,0,0,0,0,437,17147,6498,22869,0,0,0,0,0
12,180,1.79,127,3688327,31,-937,142,61618,0,0,0,0,0,437,17147,6498,22869,0,0,0,0,0
12,180,1.835,0,3688379,31,-937,142,61618,0,0,0,0,0,437,17147,6498,22869,0,0,0,0,0
12,180,1.891,1,3688435,31,-937,142,61618,0,0,0,0,0,437,17147,6498,22869,0,0,0,0,0
12,180,1.947,2,3688491,31,-937,142,61618,0,0,0,0,0,437,17147,6498,22869,0,0,0,0,0
12,180,2.003,3,3688547,31,-937,142,61618,0,0,0,0,0,437,17147,6498,22869,0,0,0,0,0
12,180,2.059,4,3688603,31,-937,142,61618,0,0,0,0,0,437,17147,6498,22869,0,0,0,0,0
12,180,2.115,5,3688659,31,-937,142,61618,0,0,0,0,0,437,17147,6498,22869,0,0,0,0,0
12,180,2.171,6,3688715,31,-937,142,61618,0,0,0,0,0,437,17147,6498,22869,0,0,0,0,0
12,180,2.226,7,3688771,31,-937,142,61618,0,0,0,0,0,437,17147,6498,22869,0,0,0,0,0
12,180,2.283,8,3688827,31,-937,142,61618,0,0,0,0,0,437,17147,6498,22869,0,0,0,0,0
12,180,2.339,9,3688883,31,-937,142,61618,0,0,0,0,0,437,17147,6498,22869,0,0,0,0,0
12,180,2.4,10,3688939,31,-937,142,61618,0,0,0,0,0,437,17147,6498,22869,0,0,0,0,0
12,180,2.45,11,3688995,31,-937,142,61618,0,0,0,0,0,437,17147,6498,22869,0,0,0,0,0
12,180,2.506,12,3689051,31,-937,142,61618,0,0,0,0,0,437,17147,6498,22869,0,0,0,0,0
12,180,2.562,13,3689107,31,-937,142,61618,0,0,0,0,0,437,17147,6498,22869,0,0,0,0,0
12,180,2.619,14,3689163,31,-937,142,61618,0,0,0,0,0,437,17147,6498,22869,0,0,0,0,0
12,180,2.675,15,3689219,31,-937,142,61618,0,0,0,0,0,437,17147,6498,22869,0,0,0,0,0
12,180,2.736,16,3689275,31,-937,142,61618,0,0,0,0,0,437,17147,6498,22869,0,0,0,0,0
12,180,2.786,17,3689331,31,-937,142,61618,0,0,0,0,0,437,17147,6498,22869,0,0,0,0,0
12,180,2.85,18,3689387,31,-937,142,61618,0,0,0,0,0,437,17147,6498,22869,0,0,0,0,0
12,180,2.894,19,3689439,31,-937,142,61618,0,0,0,0,0,437,17147,6498,22869,0,0,0,0,0
12,180,2.95,20,3689495,31,-937,142,61618,0,0,0,0,0,437,17147,6498,22869,0,0,0,0,0
12,180,3.006,21,3689551,31,-937,142,61618,0,0,0,0,0,437,17147,6498,22869,0,0,0,0,0
12,180,3.063,22,3689607,31,-937,142,61618,0,0,0,0,0,437,17147,6498,22869,0,0,0,0,0
12,180,3.12,23,3689663,31,-937,142,61618,0,0,0,0,0,437,17147,6498,22869,0,0,0,0,0
12,180,3.193,24,3689719,31,-937,142,61618,0,0,0,0,0,437,17147,6498,22869,0,0,0,0,0
12,180,3.231,25,3689775,31,-937,142,61618,0,0,0,0,0,437,17147,6498,22869,0,0,0,0,0
12,180,3.287,26,3689831,31,-937,142,61618,0,0,0,0,0,437,17147,6498,22869,0,0,0,0,0
12,180,3.344,27,3689887,31,-937,142,61618,0,0,0,0,0,437,17147,6498,22869,0,0,0,0,0
12,180,3.399,28,3689943,31,-937,142,61618,0,0,0,0,0,437,17147,6498,22869,0,0,0,0,0
12,180,3.454,29,3689999,31,-937,142,61618,0,0,0,0,0,437,17147,6498,22869,0,0,0,0,0
12,180,3.511,30,3690055,31,-937,142,61618,0,0,0,0,0,437,17147,6498,22869,0,0,0,0,0
12,180,3.567,31,3690111,31,-937,142,61618,0,0,0,0,0,437,17147,6498,22869,0,0,0,0,0
12,180,3.629,32,3690167,31,-937,142,61618,0,0,0,0,0,437,17147,6498,22869,0,0,0,0,0
12,180,3.679,33,3690223,31,-937,142,61618,0,0,0,0,0,437,17147,6498,22869,0,0,0,0,0
12,180,3.734,34,3690279,31,-937,142,61618,0,0,0,0,0,437,17147,6498,22869,0,0,0,0,0
12,180,3.791,35,3690335,31,-937,142,61618,0,0,0,0,0,437,17147,6498,22869,0,0,0,0,0
12,180,3.847,36,3690391,31,-937,142,61618,0,0,0,0,0,437,17147,6498,22869,0,0,0,0,0
12,180,3.911,37,3690447,31,-937,142,61618,0,0,0,0,0,437,17147,6498,22869,0,0,0,0,0
12,180,3.955,38,3690499,31,-937,142,61618,0,0,0,0,0,437,17147,6498,22869,0,0,0,0,0
12,180,4.011,39,3690555,31,-937,142,61618,0,0,0,0,0,437,17147,6498,22869,0,0,0,0,0
12,180,4.069,40,3690611,31,-937,142,61618,0,0,0,0,0,437,17147,6498,22869,0,0,0,0,0
12,180,4.123,41,3690667,31,-937,142,61618,0,0,0,0,0,437,17147,6498,22869,0,0,0,0,0
12,180,4.179,42,3690723,31,-937,142,61618,0,0,0,0,0,437,17147,6498,22869,0,0,0,0,0
12,180,4.235,43,3690779,31,-937,142,61618,0,0,0,0,0,437,17147,6498,22869,0,0,0,0,0
12,180,4.291,44,3690835,31,-937,142,61618,0,0,0,0,0,437,17147,6498,22869,0,0,0,0,0
12,180,4.348,45,3690891,31,-937,142,61618,0,0,0,0,0,437,17147,6498,22869,0,0,0,0,0
12,180,4.402,46,3690947,31,-937,142,61618,0,0,0,0,0,437,17147,6498,22869,0,0,0,0,0
12,180,4.459,47,3691003,31,-937,142,61618,0,0,0,0,0,437,17147,6498,22869,0,0,0,0,0
12,180,4.515,48,3691059,31,-937,142,61618,0,0,0,0,0,437,17147,6498,22869,0,0,0,0,0
12,180,4.57,49,3691115,31,-937,142,61618,0,0,0,0,0,437,17147,6498,22869,0,0,0,0,0
12,180,4.626,50,3691171,31,-937,142,61618,0,0,0,0,0,437,17147,6498,22869,0,0,0,0,0
12,180,4.683,51,3691227,31,-937,142,61618,0,0,0,0,0,437,17147,6498,22869,0,0,0,0,0
12,180,4.738,52,3691283,31,-937,142,61618,0,0,0,0,0,437,17147,6498,22869,0,0,0,0,0
12,180,4.796,53,3691339,31,-937,142,61618,0,0,0,0,0,437,17147,6498,22869,0,0,0,0,0
12,180,4.858,54,3691395,31,-937,142,61618,0,0,0,0,0,437,17147,6498,22869,0,0,0,0,0
12,180,4.907,55,3691451,31,-937,142,61618,0,0,0,0,0,437,17147,6498,22869,0,0,0,0,0
12,180,4.971,56,3691507,31,-937,142,61618,0,0,0,0,0,437,17147,6498,22869,0,0,0,0,0
12,180,5.014,57,3691559,31,-937,142,61618,0,0,0,0,0,437,17147,6498,22869,0,0,0,0,0
12,180,5.073,58,3691615,31,-937,142,61618,0,0,0,0,0,437,17147,6498,22869,0,0,0,0,0
12,180,5.128,59,3691671,31,-937,142,61618,0,0,0,0,0,437,17147,6498,22869,0,0,0,0,0
12,180,5.183,60,3691727,31,-937,142,61618,0,0,0,0,0,437,17147,6498,22869,0,0,0,0,0
12,180,5.239,61,3691783,31,-937,142,61618,0,0,0,0,0,437,17147,6498,22869,0,0,0,0,0
12,180,5.303,62,3691839,31,-937,142,61618,0,0,0,0,0,437,17147,6498,22869,0,0,0,0,0
12,180,5.35,63,3691895,31,-937,142,61618,0,0,0,0,0,437,17147,6498,22869,0,0,0,0,0
12,180,5.406,64,3691951,31,-937,142,61618,0,0,0,0,0,437,17147,6498,22869,0,0,0,0,0
12,180,5.463,65,3692007,31,-937,142,61618,0,0,0,0,0,437,17147,6498,22869,0,0,0,0,0
12,180,5.519,66,3692063,31,-937,142,61618,0,0,0,0,0,437,17147,6498,22869,0,0,0,0,0
12,180,5.578,67,3692119,31,-937,142,61618,0,0,0,0,0,437,17147,6498,22869,0,0,0,0,0
12,180,5.631,68,3692175,31,-937,142,61618,0,0,0,0,0,437,17147,6498,22869,0,0,0,0,0
12,180,5.687,69,3692231,31,-937,142,61618,0,0,0,0,0,437,17147,6498,22869,0,0,0,0,0
12,180,5.743,70,3692287,31,-937,142,61618,0,0,0,0,0,437,17147,6498,22869,0,0,0,0,0
12,180,5.799,71,3692343,31,-937,142,61618,0,0,0,0,0,437,17147,6498,22869,0,0,0,0,0
12,180,5.855,72,3692399,31,-937,142,61618,0,0,0,0,0,437,17147,6498,22869,0,0,0,0,0
12,180,5.913,73,3692455,31,-937,142,61618,0,0,0,0,0,437,17147,6498,22869,0,0,0,0,0
12,180,5.967,74,3692511,31,-937,142,61618,0,0,0,0,0,437,17147,6498,22869,0,0,0,0,0
12,180,6.032,75,3692567,31,-937,142,61618,0,0,0,0,0,437,17147,6498,22869,0,0,0,0,0
12,180,6.075,76,3692619,31,-937,142,61618,0,0,0,0,0,437,17147,6498,22869,0,0,0,0,0
13,90,0.003,31,3697251,31,-937,142,61618,0,0,0,0,0,437,17147,6498,22869,0,0,0,0,0
13,90,0.082,32,3697320,31,-937,142,61674,0,0,0,-25,17,437,17149,6489,22875,-1000,1100,0,0,0
13,90,0.143,33,3697391,31,-937,143,61936,0,0,0,-66,36,437,17152,6442,22897,-1200,1400,0,0,0
13,90,0.215,34,3697463,31,-937,144,62282,0,0,0,-72,36,437,17155,6384,22930,-1300,1500,0,0,0
13,90,0.287,35,3697535,31,-937,145,62790,0,0,0,-92,72,437,17158,6306,22986,-1500,1900,0,0,0
13,90,0.359,36,3697607,31,-937,145,63431,0,0,0,-102,98,437,17161,6217,23066,-2000,2300,0,0,0
13,90,0.432,37,3697679,31,-937,146,64274,0,0,0,-135,128,437,17164,6098,23169,-2500,2600,0,0,0
13,90,0.506,38,3697751,31,-937,147,65351,0,0,0,-191,148,437,17167,5942,23297,-2600,2700,0,0,0
13,90,0.575,39,3697823,31,-938,148,66524,0,0,0,-174,174,438,17170,5775,23439,-2400,2700,0,0,0
13,90,0.649,40,3697895,31,-938,148,67658,0,0,0,-164,164,438,17173,5617,23580,-2200,2700,0,0,0
13,90,0.719,41,3697967,31,-938,149,68797,0,0,0,-164,138,438,17176,5462,23725,-2200,2600,0,0,0
13,90,0.799,42,3698039,31,-938,149,69893,0,0,0,-164,138,438,17179,5317,23869,-900,1700,0,0,0
13,90,0.895,43,3698140,31,-938,148,70599,0,0,0,0,0,438,17185,5228,23966,0,0,0,0,0
13,90,0.944,44,3698191,31,-938,148,70599,0,0,0,0,0,438,17187,5228,23966,0,0,0,0,0
13,90,1.03,45,3698264,31,-938,148,70599,0,0,0,0,0,438,17190,5228,23966,0,0,0,0,0
13,90,1.07,46,3698319,31,-938,148,70599,0,0,0,0,0,438,17190,5228,23966,0,0,0,0,0
13,90,1.13,47,3698375,31,-938,148,70599,0,0,0,0,0,438,17190,5228,23966,0,0,0,0,0
13,90,1.183,48,3698431,31,-938,148,70599,0,0,0,0,0,438,17190,5228,23966,0,0,0,0,0
13,90,1.243,49,3698487,31,-938,148,70599,0,0,0,0,0,438,17190,5228,23966,0,0,0,0,0
13,90,1.295,50,3698543,31,-938,148,70599,0,0,0,0,0,438,17190,5228,23966,0,0,0,0,0
13,90,1.352,51,3698599,31,-938,148,70599,0,0,0,0,0,438,17190,5228,23966,0,0,0,0,0
13,90,1.407,52,3698655,31,-938,148,70599,0,0,0,0,0,438,17190,5228,23966,0,0,0,0,0
13,90,1.463,53,3698711,31,-938,148,70599,0,0,0,0,0,438,17190,5228,23966,0,0,0,0,0
13,90,1.519,54,3698767,31,-938,148,70599,0,0,0,0,0,438,17190,5228,23966,0,0,0,0,0
13,90,1.574,55,3698823,31,-938,148,70599,0,0,0,0,0,438,17190,5228,23966,0,0,0,0,0
13,90,1.631,56,3698879,31,-938,148,70599,0,0,0,0,0,438,17190,5228,23966,0,0,0,0,0
13,90,1.687,57,3698935,31,-938,148,70599,0,0,0,0,0,438,17190,5228,23966,0,0,0,0,0
13,90,1.743,58,3698991,31,-938,148,70599,0,0,0,0,0,438,17190,5228,23966,0,0,0,0,0
13,90,1.799,59,3699047,31,-938,148,70599,0,0,0,0,0,438,17190,5228,23966,0,0,0,0,0
13,90,1.854,60,3699103,31,-938,148,70599,0,0,0,0,0,438,17190,5228,23966,0,0,0,0,0
13,90,1.922,61,3699159,31,-938,148,70599,0,0,0,0,0,438,17190,5228,23966,0,0,0,0,0
13,90,1.968,62,3699211,31,-938,148,70599,0,0,0,0,0,438,17190,5228,23966,0,0,0,0,0
13,90,2.018,63,3699267,31,-938,148,70599,0,0,0,0,0,438,17190,5228,23966,0,0,0,0,0
13,90,2.074,64,3699323,31,-938,148,70599,0,0,0,0,0,438,17190,5228,23966,0,0,0,0,0
13,90,2.132,65,3699379,31,-938,148,70599,0,0,0,0,0,438,17190,5228,23966,0,0,0,0,0
13,90,2.208,66,3699435,31,-938,148,70599,0,0,0,0,0,438,17190,5228,23966,0,0,0,0,0
13,90,2.246,67,3699491,31,-938,148,70599,0,0,0,0,0,438,17190,5228,23966,0,0,0,0,0
13,90,2.299,68,3699547,31,-938,148,70599,0,0,0,0,0,438,17190,5228,23966,0,0,0,0,0
13,90,2.356,69,3699603,31,-938,148,70599,0,0,0,0,0,438,17190,5228,23966,0,0,0,0,0
13,90,2.413,70,3699659,31,-938,148,70599,0,0,0,0,0,438,17190,5228,23966,0,0,0,0,0
13,90,2.47,71,3699715,31,-938,148,70599,0,0,0,0,0,438,17190,5228,23966,0,0,0,0,0
13,90,2.523,72,3699771,31,-938,148,70599,0,0,0,0,0,438,17190,5228,23966,0,0,0,0,0
13,90,2.583,73,3699827,31,-938,148,70599,0,0,0,0,0,438,17190,5228,23966,0,0,0,0,0
13,90,2.634,74,3699883,31,-938,148,70599,0,0,0,0,0,438,17190,5228,23966,0,0,0,0,0
13,90,2.691,75,3699939,31,-938,148,70599,0,0,0,0,0,438,17190,5228,23966,0,0,0,0,0
13,90,2.748,76,3699995,31,-938,148,70599,0,0,0,0,0,438,17190,5228,23966,0,0,0,0,0
13,90,2.804,77,3700051,31,-938,148,70599,0,0,0,0,0,438,17190,5228,23966,0,0,0,0,0
13,90,2.861,78,3700107,31,-938,148,70599,0,0,0,0,0,438,17190,5228,23966,0,0,0,0,0
13,90,2.914,79,3700163,31,-938,148,70599,0,0,0,0,0,438,17190,5228,23966,0,0,0,0,0
13,90,2.978,80,3700219,31,-938,148,70599,0,0,0,0,0,438,17190,5228,23966,0,0,0,0,0
13,90,3.027,81,3700271,31,-938,148,70599,0,0,0,0,0,438,17190,5228,23966,0,0,0,0,0
13,90,3.08,82,3700327,31,-938,148,70599,0,0,0,0,0,438,17190,5228,23966,0,0,0,0,0
13,90,3.136,83,3700383,31,-938,148,70599,0,0,0,0,0,438,17190,5228,23966,0,0,0,0,0
13,90,3.191,84,3700439,31,-938,148,70599,0,0,0,0,0,438,17190,5228,23966,0,0,0,0,0
13,90,3.25,85,3700495,31,-938,148,70599,0,0,0,0,0,438,17190,5228,23966,0,0,0,0,0
13,90,3.304,86,3700551,31,-938,148,70599,0,0,0,0,0,438,17190,5228,23966,0,0,0,0,0
13,90,3.36,87,3700607,31,-938,148,70599,0,0,0,0,0,438,17190,5228,23966,0,0,0,0,0
13,90,3.417,88,3700663,31,-938,148,70599,0,0,0,0,0,438,17190,5228,23966,0,0,0,0,0
13,90,3.481,89,3700719,31,-938,148,70599,0,0,0,0,0,438,17190,5228,23966,0,0,0,0,0
13,90,3.529,90,3700775,31,-938,148,70599,0,0,0,0,0,438,17190,5228,23966,0,0,0,0,0
13,90,3.583,91,3700831,31,-938,148,70599,0,0,0,0,0,438,17190,5228,23966,0,0,0,0,0
13,90,3.638,92,3700887,31,-938,148,70599,0,0,0,0,0,438,17190,5228,23966,0,0,0,0,0
13,90,3.694,93,3700943,31,-938,148,70599,0,0,0,0,0,438,17190,5228,23966,0,0,0,0,0
13,90,3.761,94,3700999,31,-938,148,70599,0,0,0,0,0,438,17190,5228,23966,0,0,0,0,0
13,90,3.809,95,3701055,31,-938,148,70599,0,0,0,0,0,438,17190,5228,23966,0,0,0,0,0
13,90,3.863,96,3701111,31,-938,148,70599,0,0,0,0,0,438,17190,5228,23966,0,0,0,0,0
13,90,3.924,97,3701167,31,-938,148,70599,0,0,0,0,0,438,17190,5228,23966,0,0,0,0,0
13,90,3.976,98,3701223,31,-938,148,70599,0,0,0,0,0,438,17190,5228,23966,0,0,0,0,0
13,90,4.042,99,3701279,31,-938,148,70599,0,0,0,0,0,438,17190,5228,23966,0,0,0,0,0
13,90,4.1,100,3701331,31,-938,148,70599,0,0,0,0,0,438,17190,5228,23966,0,0,0,0,0
13,90,4.141,101,3701387,31,-938,148,70599,0,0,0,0,0,438,17190,5228,23966,0,0,0,0,0
13,90,4.198,102,3701443,31,-938,148,70599,0,0,0,0,0,438,17190,5228,23966,0,0,0,0,0
13,90,4.251,103,3701499,31,-938,148,70599,0,0,0,0,0,438,17190,5228,23966,0,0,0,0,0
13,90,4.309,104,3701555,31,-938,148,70599,0,0,0,0,0,438,17190,5228,23966,0,0,0,0,0
13,90,4.364,105,3701611,31,-938,148,70599,0,0,0,0,0,438,17190,5228,23966,0,0,0,0,0
13,90,4.419,106,3701667,31,-938,148,70599,0,0,0,0,0,438,17190,5228,23966,0,0,0,0,0
13,90,4.478,107,3701723,31,-938,148,70599,0,0,0,0,0,438,17190,5228,23966,0,0,0,0,0
13,90,4.53,108,3701779,31,-938,148,70599,0,0,0,0,0,438,17190,5228,23966,0,0,0,0,0
13,90,4.587,109,3701835,31,-938,148,70599,0,0,0,0,0,438,17190,5228,23966,0,0,0,0,0
13,90,4.643,110,3701891,31,-938,148,70599,0,0,0,0,0,438,17190,5228,23966,0,0,0,0,0
13,90,4.705,111,3701947,31,-938,148,70599,0,0,0,0,0,438,17190,5228,23966,0,0,0,0,0
13,90,4.754,112,3702003,31,-938,148,70599,0,0,0,0,0,438,17190,5228,23966,0,0,0,0,0
13,90,4.811,113,3702059,31,-938,148,70599,0,0,0,0,0,438,17190,5228,23966,0,0,0,0,0
13,90,4.87,114,3702115,31,-938,148,70599,0,0,0,0,0,438,17190,5228,23966,0,0,0,0,0
13,90,4.923,115,3702171,31,-938,148,70599,0,0,0,0,0,438,17190,5228,23966,0,0,0,0,0
13,90,4.986,116,3702227,31,-938,148,70599,0,0,0,0,0,438,17190,5228,23966,0,0,0,0,0
13,90,5.037,117,3702283,31,-938,148,70599,0,0,0,0,0,438,17190,5228,23966,0,0,0,0,0
13,90,5.098,118,3702339,31,-938,148,70599,0,0,0,0,0,438,17190,5228,23966,0,0,0,0,0
13,90,5.144,119,3702391,31,-938,148,70599,0,0,0,0,0,438,17190,5228,23966,0,0,0,0,0
13,90,5.199,120,3702447,31,-938,148,70599,0,0,0,0,0,438,17190,5228,23966,0,0,0,0,0
13,90,5.255,121,3702503,31,-938,148,70599,0,0,0,0,0,438,17190,5228,23966,0,0,0,0,0
13,90,5.317,122,3702559,31,-938,148,70599,0,0,0,0,0,438,17190,5228,23966,0,0,0,0,0
13,90,5.367,123,3702615,31,-938,148,70599,0,0,0,0,0,438,17190,5228,23966,0,0,0,0,0
13,90,5.424,124,3702671,31,-938,148,70599,0,0,0,0,0,438,17190,5228,23966,0,0,0,0,0
13,90,5.48,125,3702727,31,-938,148,70599,0,0,0,0,0,438,17190,5228,23966,0,0,0,0,0
13,90,5.535,126,3702783,31,-938,148,70599,0,0,0,0,0,438,17190,5228,23966,0,0,0,0,0
13,90,5.591,127,3702839,31,-938,148,70599,0,0,0,0,0,438,17190,5228,23966,0,0,0,0,0
13,90,5.647,0,3702895,31,-938,148,70599,0,0,0,0,0,438,17190,5228,23966,0,0,0,0,0
13,90,5.704,1,3702951,31,-938,148,70599,0,0,0,0,0,438,17190,5228,23966,0,0,0,0,0
13,90,5.76,2,3703007,31,-938,148,70599,0,0,0,0,0,438,17190,5228,23966,0,0,0,0,0
13,90,5.814,3,3703063,31,-938,148,70599,0,0,0,0,0,438,17190,5228,23966,0,0,0,0,0
13,90,5.871,4,3703119,31,-938,148,70599,0,0,0,0,0,438,17190,5228,23966,0,0,0,0,0
13,90,5.932,5,3703175,31,-938,148,70599,0,0,0,0,0,438,17190,5228,23966,0,0,0,0,0
13,90,5.983,6,3703231,31,-938,148,70599,0,0,0,0,0,438,17190,5228,23966,0,0,0,0,0
13,90,6.039,7,3703287,31,-938,148,70599,0,0,0,0,0,438,17190,5228,23966,0,0,0,0,0
13,90,6.095,8,3703343,31,-938,148,70599,0,0,0,0,0,438,17190,5228,23966,0,0,0,0,0
13,90,6.158,9,3703399,31,-938,148,70599,0,0,0,0,0,438,17190,5228,23966,0,0,0,0,0
13,90,6.203,10,3703451,31,-938,148,70599,0,0,0,0,0,438,17190,5228,23966,0,0,0,0,0
13,90,6.259,11,3703507,31,-938,148,70599,0,0,0,0,0,438,17190,5228,23966,0,0,0,0,0
13,90,6.315,12,3703563,31,-938,148,70599,0,0,0,0,0,438,17190,5228,23966,0,0,0,0,0
13,90,6.371,13,3703619,31,-938,148,70599,0,0,0,0,0,438,17190,5228,23966,0,0,0,0,0
13,90,6.427,14,3703675,31,-938,148,70599,0,0,0,0,0,438,17190,5228,23966,0,0,0,0,0
13,90,6.483,15,3703731,31,-938,148,70599,0,0,0,0,0,438,17190,5228,23966,0,0,0,0,0
13,90,6.547,16,3703787,31,-938,148,70599,0,0,0,0,0,438,17190,5228,23966,0,0,0,0,0
13,90,6.596,17,3703843,31,-938,148,70599,0,0,0,0,0,438,17190,5228,23966,0,0,0,0,0
13,90,6.65,18,3703899,31,-938,148,70599,0,0,0,0,0,438,17190,5228,23966,0,0,0,0,0
13,90,6.707,19,3703955,31,-938,148,70599,0,0,0,0,0,438,17190,5228,23966,0,0,0,0,0
13,90,6.762,20,3704011,31,-938,148,70599,0,0,0,0,0,438,17190,5228,23966,0,0,0,0,0
14,-90,-0.006,103,3708643,31,-938,148,70599,0,0,0,0,0,438,17190,5228,23966,0,0,0,0,0
14,-90,0.059,104,3708695,31,-938,148,70599,0,0,0,0,0,438,17191,5228,23966,900,-900,0,0,0
14,-90,0.118,105,3708767,31,-938,148,70398,0,0,0,39,-48,438,17194,5256,23941,1200,-1300,0,0,0
14,-90,0.191,106,3708839,31,-938,148,70083,0,0,0,72,-41,439,17197,5300,23902,1400,-1500,0,0,0
14,-90,0.264,107,3708911,31,-938,148,69639,0,0,0,72,-76,439,17200,5356,23841,1600,-1600,0,0,0
14,-90,0.335,108,3708983,31,-938,149,69051,0,0,0,82,-98,439,17203,5431,23761,2100,-2100,0,0,0
14,-90,0.406,109,3709055,31,-938,149,68227,0,0,0,135,-128,439,17206,5539,23652,2500,-2500,0,0,0
14,-90,0.478,110,3709127,31,-934,145,67719,0,0,0,164,0,441,17209,5673,23652,2700,-2800,0,0,0
14,-90,0.551,111,3709199,31,-933,144,66687,0,0,0,184,-190,441,17212,5831,23538,2800,-2900,0,0,0
14,-90,0.624,112,3709271,31,-933,144,65401,0,0,0,184,-200,441,17215,5995,23363,2800,-2800,0,0,0
14,-90,0.707,113,3709344,31,-933,145,64156,0,0,0,164,-174,441,17218,6156,23196,2700,-2700,0,0,0
14,-90,0.767,114,3709415,31,-933,145,62900,0,0,0,158,-184,441,17221,6312,23021,2300,-2400,0,0,0
14,-90,0.901,115,3709552,31,-933,146,61606,0,0,0,0,0,441,17229,6478,22846,0,0,0,0,0
14,-90,0.961,116,3709603,31,-933,146,61606,0,0,0,0,0,441,17231,6478,22846,0,0,0,0,0
14,-90,1.013,117,3709659,31,-933,146,61606,0,0,0,0,0,441,17233,6478,22846,0,0,0,0,0
14,-90,1.066,118,3709715,31,-933,146,61606,0,0,0,0,0,441,17233,6478,22846,0,0,0,0,0
14,-90,1.123,119,3709771,31,-933,146,61606,0,0,0,0,0,441,17233,6478,22846,0,0,0,0,0
14,-90,1.185,120,3709827,31,-933,146,61606,0,0,0,0,0,441,17233,6478,22846,0,0,0,0,0
14,-90,1.235,121,3709883,31,-933,146,61606,0,0,0,0,0,441,17233,6478,22846,0,0,0,0,0
14,-90,1.289,122,3709939,31,-933,146,61606,0,0,0,0,0,441,17233,6478,22846,0,0,0,0,0
14,-90,1.353,123,3709995,31,-933,146,61606,0,0,0,0,0,441,17233,6478,22846,0,0,0,0,0
14,-90,1.398,124,3710047,31,-933,146,61606,0,0,0,0,0,441,17233,6478,22846,0,0,0,0,0
14,-90,1.454,125,3710103,31,-933,146,61606,0,0,0,0,0,441,17233,6478,22846,0,0,0,0,0
14,-90,1.51,126,3710159,31,-933,146,61606,0,0,0,0,0,441,17233,6478,22846,0,0,0,0,0
14,-90,1.567,127,3710215,31,-933,146,61606,0,0,0,0,0,441,17233,6478,22846,0,0,0,0,0
14,-90,1.622,0,3710271,31,-933,146,61606,0,0,0,0,0,441,17233,6478,22846,0,0,0,0,0
14,-90,1.678,1,3710327,31,-933,146,61606,0,0,0,0,0,441,17233,6478,22846,0,0,0,0,0
14,-90,1.733,2,3710383,31,-933,146,61606,0,0,0,0,0,441,17233,6478,22846,0,0,0,0,0
14,-90,1.79,3,3710439,31,-933,146,61606,0,0,0,0,0,441,17233,6478,22846,0,0,0,0,0
14,-90,1.846,4,3710495,31,-933,146,61606,0,0,0,0,0,441,17233,6478,22846,0,0,0,0,0
14,-90,1.902,5,3710551,31,-933,146,61606,0,0,0,0,0,441,17233,6478,22846,0,0,0,0,0
14,-90,1.958,6,3710607,31,-933,146,61606,0,0,0,0,0,441,17233,6478,22846,0,0,0,0,0
14,-90,2.014,7,3710663,31,-933,146,61606,0,0,0,0,0,441,17233,6478,22846,0,0,0,0,0
14,-90,2.07,8,3710719,31,-933,146,61606,0,0,0,0,0,441,17233,6478,22846,0,0,0,0,0
14,-90,2.126,9,3710775,31,-933,146,61606,0,0,0,0,0,441,17233,6478,22846,0,0,0,0,0
14,-90,2.182,10,3710831,31,-933,146,61606,0,0,0,0,0,441,17233,6478,22846,0,0,0,0,0
14,-90,2.238,11,3710887,31,-933,146,61606,0,0,0,0,0,441,17233,6478,22846,0,0,0,0,0
14,-90,2.293,12,3710943,31,-933,146,61606,0,0,0,0,0,441,17233,6478,22846,0,0,0,0,0
14,-90,2.35,13,3710999,31,-933,146,61606,0,0,0,0,0,441,17233,6478,22846,0,0,0,0,0
14,-90,2.419,14,3711055,31,-933,146,61606,0,0,0,0,0,441,17233,6478,22846,0,0,0,0,0
14,-90,2.458,15,3711107,31,-933,146,61606,0,0,0,0,0,441,17233,6478,22846,0,0,0,0,0
14,-90,2.518,16,3711163,31,-933,146,61606,0,0,0,0,0,441,17233,6478,22846,0,0,0,0,0
14,-90,2.576,17,3711219,31,-933,146,61606,0,0,0,0,0,441,17233,6478,22846,0,0,0,0,0
14,-90,2.637,18,3711275,31,-933,146,61606,0,0,0,0,0,441,17233,6478,22846,0,0,0,0,0
14,-90,2.693,19,3711331,31,-933,146,61606,0,0,0,0,0,441,17233,6478,22846,0,0,0,0,0
14,-90,2.74,20,3711387,31,-933,146,61606,0,0,0,0,0,441,17233,6478,22846,0,0,0,0,0
14,-90,2.797,21,3711443,31,-933,146,61606,0,0,0,0,0,441,17233,6478,22846,0,0,0,0,0
14,-90,2.854,22,3711499,31,-933,146,61606,0,0,0,0,0,441,17233,6478,22846,0,0,0,0,0
14,-90,2.906,23,3711555,31,-933,146,61606,0,0,0,0,0,441,17233,6478,22846,0,0,0,0,0
14,-90,2.966,24,3711611,31,-933,146,61606,0,0,0,0,0,441,17233,6478,22846,0,0,0,0,0
14,-90,3.018,25,3711667,31,-933,146,61606,0,0,0,0,0,441,17233,6478,22846,0,0,0,0,0
14,-90,3.079,26,3711723,31,-933,146,61606,0,0,0,0,0,441,17233,6478,22846,0,0,0,0,0
14,-90,3.14,27,3711779,31,-933,146,61606,0,0,0,0,0,441,17233,6478,22846,0,0,0,0,0
14,-90,3.185,28,3711835,31,-933,146,61606,0,0,0,0,0,441,17233,6478,22846,0,0,0,0,0
14,-90,3.243,29,3711891,31,-933,146,61606,0,0,0,0,0,441,17233,6478,22846,0,0,0,0,0
14,-90,3.299,30,3711947,31,-933,146,61606,0,0,0,0,0,441,17233,6478,22846,0,0,0,0,0
14,-90,3.375,31,3712003,31,-933,146,61606,0,0,0,0,0,441,17233,6478,22846,0,0,0,0,0
14,-90,3.412,32,3712059,31,-933,146,61606,0,0,0,0,0,441,17233,6478,22846,0,0,0,0,0
14,-90,3.473,33,3712115,31,-933,146,61606,0,0,0,0,0,441,17233,6478,22846,0,0,0,0,0
14,-90,3.527,34,3712167,31,-933,146,61606,0,0,0,0,0,441,17233,6478,22846,0,0,0,0,0
14,-90,3.573,35,3712223,31,-933,146,61606,0,0,0,0,0,441,17233,6478,22846,0,0,0,0,0
14,-90,3.645,36,3712279,31,-933,146,61606,0,0,0,0,0,441,17233,6478,22846,0,0,0,0,0
14,-90,3.696,37,3712335,31,-933,146,61606,0,0,0,0,0,441,17233,6478,22846,0,0,0,0,0
14,-90,3.76,38,3712391,31,-933,146,61606,0,0,0,0,0,441,17233,6478,22846,0,0,0,0,0
14,-90,3.801,39,3712447,31,-933,146,61606,0,0,0,0,0,441,17233,6478,22846,0,0,0,0,0
14,-90,3.853,40,3712503,31,-933,146,61606,0,0,0,0,0,441,17233,6478,22846,0,0,0,0,0
14,-90,3.915,41,3712559,31,-933,146,61606,0,0,0,0,0,441,17233,6478,22846,0,0,0,0,0
14,-90,3.97,42,3712615,31,-933,146,61606,0,0,0,0,0,441,17233,6478,22846,0,0,0,0,0
14,-90,4.023,43,3712671,31,-933,146,61606,0,0,0,0,0,441,17233,6478,22846,0,0,0,0,0
14,-90,4.082,44,3712727,31,-933,146,61606,0,0,0,0,0,441,17233,6478,22846,0,0,0,0,0
14,-90,4.144,45,3712783,31,-933,146,61606,0,0,0,0,0,441,17233,6478,22846,0,0,0,0,0
14,-90,4.191,46,3712839,31,-933,146,61606,0,0,0,0,0,441,17233,6478,22846,0,0,0,0,0
14,-90,4.246,47,3712895,31,-933,146,61606,0,0,0,0,0,441,17233,6478,22846,0,0,0,0,0
14,-90,4.304,48,3712951,31,-933,146,61606,0,0,0,0,0,441,17233,6478,22846,0,0,0,0,0
14,-90,4.362,49,3713007,31,-933,146,61606,0,0,0,0,0,441,17233,6478,22846,0,0,0,0,0
14,-90,4.416,50,3713063,31,-933,146,61606,0,0,0,0,0,441,17233,6478,22846,0,0,0,0,0
14,-90,4.477,51,3713119,31,-933,146,61606,0,0,0,0,0,441,17233,6478,22846,0,0,0,0,0
14,-90,4.532,52,3713175,31,-933,146,61606,0,0,0,0,0,441,17233,6478,22846,0,0,0,0,0
14,-90,4.578,53,3713227,31,-933,146,61606,0,0,0,0,0,441,17233,6478,22846,0,0,0,0,0
14,-90,4.636,54,3713283,31,-933,146,61606,0,0,0,0,0,441,17233,6478,22846,0,0,0,0,0
14,-90,4.693,55,3713339,31,-933,146,61606,0,0,0,0,0,441,17233,6478,22846,0,0,0,0,0
14,-90,4.748,56,3713395,31,-933,146,61606,0,0,0,0,0,441,17233,6478,22846,0,0,0,0,0
14,-90,4.801,57,3713451,31,-933,146,61606,0,0,0,0,0,441,17233,6478,22846,0,0,0,0,0
14,-90,4.866,58,3713507,31,-933,146,61606,0,0,0,0,0,441,17233,6478,22846,0,0,0,0,0
14,-90,4.917,59,3713563,31,-933,146,61606,0,0,0,0,0,441,17233,6478,22846,0,0,0,0,0
14,-90,4.975,60,3713619,31,-933,146,61606,0,0,0,0,0,441,17233,6478,22846,0,0,0,0,0
14,-90,5.044,61,3713675,31,-933,146,61606,0,0,0,0,0,441,17233,6478,22846,0,0,0,0,0
14,-90,5.149,62,3713731,31,-933,146,61606,0,0,0,0,0,441,17233,6478,22846,0,0,0,0,0
14,-90,5.149,63,3713787,31,-933,146,61606,0,0,0,0,0,441,17233,6478,22846,0,0,0,0,0
14,-90,5.194,64,3713843,31,-933,146,61606,0,0,0,0,0,441,17233,6478,22846,0,0,0,0,0
14,-90,5.252,65,3713899,31,-933,146,61606,0,0,0,0,0,441,17233,6478,22846,0,0,0,0,0
14,-90,5.307,66,3713955,31,-933,146,61606,0,0,0,0,0,441,17233,6478,22846,0,0,0,0,0
14,-90,5.363,67,3714011,31,-933,146,61606,0,0,0,0,0,441,17233,6478,22846,0,0,0,0,0
14,-90,5.419,68,3714067,31,-933,146,61606,0,0,0,0,0,441,17233,6478,22846,0,0,0,0,0
14,-90,5.493,69,3714123,31,-933,146,61606,0,0,0,0,0,441,17233,6478,22846,0,0,0,0,0
14,-90,5.536,70,3714179,31,-933,146,61606,0,0,0,0,0,441,17233,6478,22846,0,0,0,0,0
14,-90,5.595,71,3714235,31,-933,146,61606,0,0,0,0,0,441,17233,6478,22846,0,0,0,0,0
14,-90,5.639,72,3714287,31,-933,146,61606,0,0,0,0,0,441,17233,6478,22846,0,0,0,0,0
14,-90,5.694,73,3714343,31,-933,146,61606,0,0,0,0,0,441,17233,6478,22846,0,0,0,0,0
14,-90,5.752,74,3714399,31,-933,146,61606,0,0,0,0,0,441,17233,6478,22846,0,0,0,0,0
14,-90,5.81,75,3714455,31,-933,146,61606,0,0,0,0,0,441,17233,6478,22846,0,0,0,0,0
14,-90,5.862,76,3714511,31,-933,146,61606,0,0,0,0,0,441,17233,6478,22846,0,0,0,0,0
14,-90,5.919,77,3714567,31,-933,146,61606,0,0,0,0,0,441,17233,6478,22846,0,0,0,0,0
14,-90,5.979,78,3714623,31,-933,146,61606,0,0,0,0,0,441,17233,6478,22846,0,0,0,0,0
14,-90,6.034,79,3714679,31,-933,146,61606,0,0,0,0,0,441,17233,6478,22846,0,0,0,0,0
14,-90,6.088,80,3714735,31,-933,146,61606,0,0,0,0,0,441,17233,6478,22846,0,0,0,0,0
14,-90,6.147,81,3714791,31,-933,146,61606,0,0,0,0,0,441,17233,6478,22846,0,0,0,0,0
14,-90,6.203,82,3714847,31,-933,146,61606,0,0,0,0,0,441,17233,6478,22846,0,0,0,0,0
14,-90,6.254,83,3714903,31,-933,146,61606,0,0,0,0,0,441,17233,6478,22846,0,0,0,0,0
14,-90,6.31,84,3714959,31,-933,146,61606,0,0,0,0,0,441,17233,6478,22846,0,0,0,0,0
14,-90,6.366,85,3715015,31,-933,146,61606,0,0,0,0,0,441,17233,6478,22846,0,0,0,0,0
14,-90,6.427,86,3715071,31,-933,146,61606,0,0,0,0,0,441,17233,6478,22846,0,0,0,0,0
14,-90,6.477,87,3715127,31,-933,146,61606,0,0,0,0,0,441,17233,6478,22846,0,0,0,0,0
14,-90,6.539,88,3715183,31,-933,146,61606,0,0,0,0,0,441,17233,6478,22846,0,0,0,0,0
14,-90,6.604,89,3715239,31,-933,146,61606,0,0,0,0,0,441,17233,6478,22846,0,0,0,0,0
14,-90,6.661,90,3715295,31,-933,146,61606,0,0,0,0,0,441,17233,6478,22846,0,0,0,0,0
14,-90,6.698,91,3715347,31,-933,146,61606,0,0,0,0,0,441,17233,6478,22846,0,0,0,0,0
14,-90,6.754,92,3715403,31,-933,146,61606,0,0,0,0,0,441,17233,6478,22846,0,0,0,0,0
14,-90,6.816,93,3715459,31,-933,146,61606,0,0,0,0,0,441,17233,6478,22846,0,0,0,0,0
14,-90,6.869,94,3715515,31,-933,146,61606,0,0,0,0,0,441,17233,6478,22846,0,0,0,0,0
14,-90,6.922,95,3715571,31,-933,146,61606,0,0,0,0,0,441,17233,6478,22846,0,0,0,0,0
14,-90,6.977,96,3715627,31,-933,146,61606,0,0,0,0,0,441,17233,6478,22846,0,0,0,0,0
14,-90,7.033,97,3715683,31,-933,146,61606,0,0,0,0,0,441,17233,6478,22846,0,0,0,0,0
14,-90,7.089,98,3715739,31,-933,146,61606,0,0,0,0,0,441,17233,6478,22846,0,0,0,0,0
14,-90,7.145,99,3715795,31,-933,146,61606,0,0,0,0,0,441,17233,6478,22846,0,0,0,0,0
14,-90,7.201,100,3715851,31,-933,146,61606,0,0,0,0,0,441,17233,6478,22846,0,0,0,0,0
14,-90,7.26,101,3715907,31,-933,146,61606,0,0,0,0,0,441,17233,6478,22846,0,0,0,0,0
14,-90,7.313,102,3715963,31,-933,146,61606,0,0,0,0,0,441,17233,6478,22846,0,0,0,0,0
14,-90,7.37,103,3716019,31,-933,146,61606,0,0,0,0,0,441,17233,6478,22846,0,0,0,0,0
14,-90,7.431,104,3716075,31,-933,146,61606,0,0,0,0,0,441,17233,6478,22846,0,0,0,0,0
14,-90,7.482,105,3716131,31,-933,146,61606,0,0,0,0,0,441,17233,6478,22846,0,0,0,0,0
14,-90,7.537,106,3716187,31,-933,146,61606,0,0,0,0,0,441,17233,6478,22846,0,0,0,0,0
14,-90,7.593,107,3716243,31,-933,146,61606,0,0,0,0,0,441,17233,6478,22846,0,0,0,0,0
15,107,-0.006,55,3720483,31,-933,146,61606,0,0,0,0,0,441,17233,6478,22846,0,0,0,0,0
15,107,0.044,56,3720535,31,-933,146,61606,0,0,0,0,0,441,17234,6478,22846,-900,900,0,0,0
15,107,0.126,57,3720607,31,-933,146,61800,0,0,0,-39,30,441,17237,6450,22869,-1100,1200,0,0,0
15,107,0.191,58,3720679,31,-933,147,62073,0,0,0,-65,17,441,17240,6400,22891,-1300,1500,0,0,0
15,107,0.265,59,3720751,31,-933,148,62471,0,0,0,-72,36,441,17243,6334,22930,-1500,1800,0,0,0
15,107,0.334,60,3720823,31,-933,149,63021,0,0,0,-112,72,441,17246,6250,22991,-2000,2200,0,0,0
15,107,0.417,61,3720896,31,-933,150,63830,0,0,0,-144,108,441,17249,6134,23088,-2400,2600,0,0,0
15,107,0.479,62,3720967,31,-933,151,64831,0,0,0,-181,138,441,17252,5984,23202,-2700,2700,0,0,0
15,107,0.552,63,3721039,31,-933,152,65992,0,0,0,-174,156,442,17255,5817,23341,-2600,2800,0,0,0
15,107,0.623,64,3721111,31,-934,153,67184,0,0,0,-174,158,442,17258,5645,23483,-2400,2700,0,0,0
15,107,0.695,65,3721183,31,-935,154,68330,0,0,0,-174,145,442,17261,5484,23624,-2200,2700,0,0,0
15,107,0.766,66,3721255,31,-935,154,69449,0,0,0,-164,156,443,17264,5334,23769,-2300,2600,0,0,0
15,107,0.837,67,3721327,31,-935,154,70595,0,0,0,-164,171,443,17267,5184,23921,-2200,2600,0,0,0
15,107,0.915,68,3721399,31,-934,154,71650,0,0,0,-135,164,443,17270,5048,24063,-900,1700,0,0,0
15,107,1.021,69,3721512,31,-934,154,72295,0,0,0,0,0,444,17277,4967,24152,0,0,0,0,0
15,107,1.073,70,3721563,31,-934,154,72295,0,0,0,0,0,444,17278,4967,24152,0,0,0,0,0
15,107,1.127,71,3721619,31,-934,154,72295,0,0,0,0,0,444,17278,4967,24152,0,0,0,0,0
15,107,1.182,72,3721675,31,-934,154,72295,0,0,0,0,0,444,17278,4967,24152,0,0,0,0,0
15,107,1.241,73,3721731,31,-934,154,72295,0,0,0,0,0,444,17278,4967,24152,0,0,0,0,0
15,107,1.298,74,3721787,31,-934,154,72295,0,0,0,0,0,444,17278,4967,24152,0,0,0,0,0
15,107,1.357,75,3721843,31,-934,154,72295,0,0,0,0,0,444,17278,4967,24152,0,0,0,0,0
15,107,1.421,76,3721899,31,-934,154,72295,0,0,0,0,0,444,17278,4967,24152,0,0,0,0,0
15,107,1.487,77,3721951,31,-934,154,72295,0,0,0,0,0,444,17278,4967,24152,0,0,0,0,0
15,107,1.515,78,3722007,31,-934,154,72295,0,0,0,0,0,444,17278,4967,24152,0,0,0,0,0
15,107,1.57,79,3722063,31,-934,154,72295,0,0,0,0,0,444,17278,4967,24152,0,0,0,0,0
15,107,1.634,80,3722119,31,-934,154,72295,0,0,0,0,0,444,17278,4967,24152,0,0,0,0,0
15,107,1.686,81,3722175,31,-934,154,72295,0,0,0,0,0,444,17278,4967,24152,0,0,0,0,0
15,107,1.74,82,3722231,31,-934,154,72295,0,0,0,0,0,444,17278,4967,24152,0,0,0,0,0
15,107,1.801,83,3722287,31,-934,154,72295,0,0,0,0,0,444,17278,4967,24152,0,0,0,0,0
15,107,1.851,84,3722343,31,-934,154,72295,0,0,0,0,0,444,17278,4967,24152,0,0,0,0,0
15,107,1.906,85,3722399,31,-934,154,72295,0,0,0,0,0,444,17278,4967,24152,0,0,0,0,0
15,107,1.962,86,3722455,31,-934,154,72295,0,0,0,0,0,444,17278,4967,24152,0,0,0,0,0
15,107,2.019,87,3722511,31,-934,154,72295,0,0,0,0,0,444,17278,4967,24152,0,0,0,0,0
15,107,2.074,88,3722567,31,-934,154,72295,0,0,0,0,0,444,17278,4967,24152,0,0,0,0,0
15,107,2.13,89,3722623,31,-934,154,72295,0,0,0,0,0,444,17278,4967,24152,0,0,0,0,0
15,107,2.186,90,3722679,31,-934,154,72295,0,0,0,0,0,444,17278,4967,24152,0,0,0,0,0
15,107,2.249,91,3722735,31,-934,154,72295,0,0,0,0,0,444,17278,4967,24152,0,0,0,0,0
15,107,2.298,92,3722791,31,-934,154,72295,0,0,0,0,0,444,17278,4967,24152,0,0,0,0,0
15,107,2.355,93,3722847,31,-934,154,72295,0,0,0,0,0,444,17278,4967,24152,0,0,0,0,0
15,107,2.417,94,3722903,31,-934,154,72295,0,0,0,0,0,444,17278,4967,24152,0,0,0,0,0
15,107,2.474,95,3722959,31,-934,154,72295,0,0,0,0,0,444,17278,4967,24152,0,0,0,0,0
15,107,2.518,96,3723011,31,-934,154,72295,0,0,0,0,0,444,17278,4967,24152,0,0,0,0,0
15,107,2.574,97,3723067,31,-934,154,72295,0,0,0,0,0,444,17278,4967,24152,0,0,0,0,0
15,107,2.63,98,3723123,31,-934,154,72295,0,0,0,0,0,444,17278,4967,24152,0,0,0,0,0
15,107,2.686,99,3723179,31,-934,154,72295,0,0,0,0,0,444,17278,4967,24152,0,0,0,0,0
15,107,2.744,100,3723235,31,-934,154,72295,0,0,0,0,0,444,17278,4967,24152,0,0,0,0,0
15,107,2.799,101,3723291,31,-934,154,72295,0,0,0,0,0,444,17278,4967,24152,0,0,0,0,0
15,107,2.861,102,3723347,31,-934,154,72295,0,0,0,0,0,444,17278,4967,24152,0,0,0,0,0
15,107,2.912,103,3723403,31,-934,154,72295,0,0,0,0,0,444,17278,4967,24152,0,0,0,0,0
15,107,2.968,104,3723459,31,-934,154,72295,0,0,0,0,0,444,17278,4967,24152,0,0,0,0,0
15,107,3.023,105,3723515,31,-934,154,72295,0,0,0,0,0,444,17278,4967,24152,0,0,0,0,0
15,107,3.078,106,3723571,31,-934,154,72295,0,0,0,0,0,444,17278,4967,24152,0,0,0,0,0
15,107,3.136,107,3723627,31,-934,154,72295,0,0,0,0,0,444,17278,4967,24152,0,0,0,0,0
15,107,3.191,108,3723683,31,-934,154,72295,0,0,0,0,0,444,17278,4967,24152,0,0,0,0,0
15,107,3.249,109,3723739,31,-934,154,72295,0,0,0,0,0,444,17278,4967,24152,0,0,0,0,0
15,107,3.303,110,3723795,31,-934,154,72295,0,0,0,0,0,444,17278,4967,24152,0,0,0,0,0
15,107,3.36,111,3723851,31,-934,154,72295,0,0,0,0,0,444,17278,4967,24152,0,0,0,0,0
15,107,3.415,112,3723907,31,-934,154,72295,0,0,0,0,0,444,17278,4967,24152,0,0,0,0,0
15,107,3.474,113,3723963,31,-934,154,72295,0,0,0,0,0,444,17278,4967,24152,0,0,0,0,0
15,107,3.534,114,3724019,31,-934,154,72295,0,0,0,0,0,444,17278,4967,24152,0,0,0,0,0
15,107,3.578,115,3724071,31,-934,154,72295,0,0,0,0,0,444,17278,4967,24152,0,0,0,0,0
15,107,3.636,116,3724127,31,-934,154,72295,0,0,0,0,0,444,17278,4967,24152,0,0,0,0,0
15,107,3.69,117,3724183,31,-934,154,72295,0,0,0,0,0,444,17278,4967,24152,0,0,0,0,0
15,107,3.747,118,3724239,31,-934,154,72295,0,0,0,0,0,444,17278,4967,24152,0,0,0,0,0
15,107,3.803,119,3724295,31,-934,154,72295,0,0,0,0,0,444,17278,4967,24152,0,0,0,0,0
15,107,3.859,120,3724351,31,-934,154,72295,0,0,0,0,0,444,17278,4967,24152,0,0,0,0,0
15,107,3.915,121,3724407,31,-934,154,72295,0,0,0,0,0,444,17278,4967,24152,0,0,0,0,0
15,107,3.994,122,3724463,31,-934,154,72295,0,0,0,0,0,444,17278,4967,24152,0,0,0,0,0
15,107,4.027,123,3724519,31,-934,154,72295,0,0,0,0,0,444,17278,4967,24152,0,0,0,0,0
15,107,4.089,124,3724575,31,-934,154,72295,0,0,0,0,0,444,17278,4967,24152,0,0,0,0,0
15,107,4.138,125,3724631,31,-934,154,72295,0,0,0,0,0,444,17278,4967,24152,0,0,0,0,0
15,107,4.196,126,3724687,31,-934,154,72295,0,0,0,0,0,444,17278,4967,24152,0,0,0,0,0
15,107,4.252,127,3724743,31,-934,154,72295,0,0,0,0,0,444,17278,4967,24152,0,0,0,0,0
15,107,4.306,0,3724799,31,-934,154,72295,0,0,0,0,0,444,17278,4967,24152,0,0,0,0,0
15,107,4.365,1,3724855,31,-934,154,72295,0,0,0,0,0,444,17278,4967,24152,0,0,0,0,0
15,107,4.425,2,3724911,31,-934,154,72295,0,0,0,0,0,444,17278,4967,24152,0,0,0,0,0
15,107,4.477,3,3724967,31,-934,154,72295,0,0,0,0,0,444,17278,4967,24152,0,0,0,0,0
15,107,4.538,4,3725023,31,-934,154,72295,0,0,0,0,0,444,17278,4967,24152,0,0,0,0,0
15,107,4.614,5,3725079,31,-934,154,72295,0,0,0,0,0,444,17278,4967,24152,0,0,0,0,0
15,107,4.665,6,3725131,31,-934,154,72295,0,0,0,0,0,444,17278,4967,24152,0,0,0,0,0
15,107,4.696,7,3725187,31,-934,154,72295,0,0,0,0,0,444,17278,4967,24152,0,0,0,0,0
15,107,4.75,8,3725243,31,-934,154,72295,0,0,0,0,0,444,17278,4967,24152,0,0,0,0,0
15,107,4.808,9,3725299,31,-934,154,72295,0,0,0,0,0,444,17278,4967,24152,0,0,0,0,0
15,107,4.863,10,3725355,31,-934,154,72295,0,0,0,0,0,444,17278,4967,24152,0,0,0,0,0
15,107,4.918,11,3725411,31,-934,154,72295,0,0,0,0,0,444,17278,4967,24152,0,0,0,0,0
15,107,4.974,12,3725467,31,-934,154,72295,0,0,0,0,0,444,17278,4967,24152,0,0,0,0,0
15,107,5.039,13,3725523,31,-934,154,72295,0,0,0,0,0,444,17278,4967,24152,0,0,0,0,0
15,107,5.087,14,3725579,31,-934,154,72295,0,0,0,0,0,444,17278,4967,24152,0,0,0,0,0
15,107,5.142,15,3725635,31,-934,154,72295,0,0,0,0,0,444,17278,4967,24152,0,0,0,0,0
15,107,5.198,16,3725691,31,-934,154,72295,0,0,0,0,0,444,17278,4967,24152,0,0,0,0,0
15,107,5.257,17,3725747,31,-934,154,72295,0,0,0,0,0,444,17278,4967,24152,0,0,0,0,0
15,107,5.319,18,3725803,31,-934,154,72295,0,0,0,0,0,444,17278,4967,24152,0,0,0,0,0
15,107,5.367,19,3725859,31,-934,154,72295,0,0,0,0,0,444,17278,4967,24152,0,0,0,0,0
15,107,5.428,20,3725915,31,-934,154,72295,0,0,0,0,0,444,17278,4967,24152,0,0,0,0,0
15,107,5.478,21,3725971,31,-934,154,72295,0,0,0,0,0,444,17278,4967,24152,0,0,0,0,0
15,107,5.534,22,3726027,31,-934,154,72295,0,0,0,0,0,444,17278,4967,24152,0,0,0,0,0
15,107,5.591,23,3726083,31,-934,154,72295,0,0,0,0,0,444,17278,4967,24152,0,0,0,0,0
15,107,5.655,24,3726139,31,-934,154,72295,0,0,0,0,0,444,17278,4967,24152,0,0,0,0,0
15,107,5.699,25,3726191,31,-934,154,72295,0,0,0,0,0,444,17278,4967,24152,0,0,0,0,0
15,107,5.756,26,3726247,31,-934,154,72295,0,0,0,0,0,444,17278,4967,24152,0,0,0,0,0
15,107,5.81,27,3726303,31,-934,154,72295,0,0,0,0,0,444,17278,4967,24152,0,0,0,0,0
15,107,5.866,28,3726359,31,-934,154,72295,0,0,0,0,0,444,17278,4967,24152,0,0,0,0,0
15,107,5.923,29,3726415,31,-934,154,72295,0,0,0,0,0,444,17278,4967,24152,0,0,0,0,0
15,107,5.979,30,3726471,31,-934,154,72295,0,0,0,0,0,444,17278,4967,24152,0,0,0,0,0
15,107,6.035,31,3726527,31,-934,154,72295,0,0,0,0,0,444,17278,4967,24152,0,0,0,0,0
15,107,6.092,32,3726583,31,-934,154,72295,0,0,0,0,0,444,17278,4967,24152,0,0,0,0,0
15,107,6.147,33,3726639,31,-934,154,72295,0,0,0,0,0,444,17278,4967,24152,0,0,0,0,0
15,107,6.211,34,3726695,31,-934,154,72295,0,0,0,0,0,444,17278,4967,24152,0,0,0,0,0
15,107,6.259,35,3726751,31,-934,154,72295,0,0,0,0,0,444,17278,4967,24152,0,0,0,0,0
15,107,6.314,36,3726807,31,-934,154,72295,0,0,0,0,0,444,17278,4967,24152,0,0,0,0,0
15,107,6.37,37,3726863,31,-934,154,72295,0,0,0,0,0,444,17278,4967,24152,0,0,0,0,0
15,107,6.43,38,3726919,31,-934,154,72295,0,0,0,0,0,444,17278,4967,24152,0,0,0,0,0
16,-107,-0.028,122,3731603,31,-934,154,72295,0,0,0,0,0,444,17278,4967,24152,0,0,0,0,0
16,-107,0.048,123,3731679,31,-934,154,72295,0,0,0,0,0,444,17279,4967,24152,900,-900,0,0,0
16,-107,0.125,124,3731751,31,-934,154,72083,0,0,0,46,-46,444,17282,4995,24124,1200,-1200,0,0,0
16,-107,0.192,125,3731823,31,-934,154,71737,0,0,0,62,-49,445,17285,5042,24080,1300,-1400,0,0,0
16,-107,0.265,126,3731895,31,-934,154,71286,0,0,0,62,-72,445,17288,5100,24019,1500,-1600,0,0,0
16,-107,0.336,127,3731967,31,-934,154,70660,0,0,0,102,-102,445,17291,5181,23935,2000,-2000,0,0,0
16,-107,0.408,0,3732039,31,-933,153,70018,0,0,0,128,-108,446,17294,5284,23869,2400,-2500,0,0,0
16,-107,0.48,1,3732111,31,-935,154,68834,0,0,0,148,-164,446,17297,5412,23685,2600,-2700,0,0,0
16,-107,0.552,2,3732183,31,-935,155,67654,0,0,0,164,-164,447,17300,5562,23524,2600,-2600,0,0,0
16,-107,0.632,3,3732255,31,-935,155,66444,0,0,0,154,-174,447,17303,5717,23360,2600,-2500,0,0,0
16,-107,0.697,4,3732327,31,-935,155,65275,0,0,0,164,-144,447,17306,5873,23208,2500,-2400,0,0,0
16,-107,0.768,5,3732399,31,-935,155,64137,0,0,0,164,-164,447,17309,6023,23058,2500,-2300,0,0,0
16,-107,0.84,6,3732471,31,-935,154,63082,0,0,0,164,-128,447,17312,6167,22924,2300,-2100,0,0,0
16,-107,0.912,7,3732543,31,-935,154,62179,0,0,0,99,-108,447,17315,6289,22808,1100,-1000,0,0,0
16,-107,0.977,8,3732608,31,-935,154,61841,0,0,0,0,0,447,17319,6339,22769,0,0,0,0,0
16,-107,1.039,9,3732660,31,-935,154,61841,0,0,0,0,0,447,17321,6339,22769,0,0,0,0,0
16,-107,1.091,10,3732715,31,-935,154,61841,0,0,0,0,0,447,17321,6339,22769,0,0,0,0,0
16,-107,1.143,11,3732767,31,-935,154,61841,0,0,0,0,0,447,17321,6339,22769,0,0,0,0,0
16,-107,1.192,12,3732823,31,-935,154,61841,0,0,0,0,0,447,17321,6339,22769,0,0,0,0,0
16,-107,1.247,13,3732879,31,-935,154,61841,0,0,0,0,0,447,17321,6339,22769,0,0,0,0,0
16,-107,1.304,14,3732935,31,-935,154,61841,0,0,0,0,0,447,17321,6339,22769,0,0,0,0,0
16,-107,1.36,15,3732991,31,-935,154,61841,0,0,0,0,0,447,17321,6339,22769,0,0,0,0,0
16,-107,1.416,16,3733047,31,-935,154,61841,0,0,0,0,0,447,17321,6339,22769,0,0,0,0,0
16,-107,1.472,17,3733103,31,-935,154,61841,0,0,0,0,0,447,17321,6339,22769,0,0,0,0,0
16,-107,1.529,18,3733159,31,-935,154,61841,0,0,0,0,0,447,17321,6339,22769,0,0,0,0,0
16,-107,1.584,19,3733215,31,-935,154,61841,0,0,0,0,0,447,17321,6339,22769,0,0,0,0,0
16,-107,1.64,20,3733271,31,-935,154,61841,0,0,0,0,0,447,17321,6339,22769,0,0,0,0,0
16,-107,1.696,21,3733327,31,-935,154,61841,0,0,0,0,0,447,17321,6339,22769,0,0,0,0,0
16,-107,1.767,22,3733383,31,-935,154,61841,0,0,0,0,0,447,17321,6339,22769,0,0,0,0,0
16,-107,1.807,23,3733439,31,-935,154,61841,0,0,0,0,0,447,17321,6339,22769,0,0,0,0,0
16,-107,1.863,24,3733495,31,-935,154,61841,0,0,0,0,0,447,17321,6339,22769,0,0,0,0,0
16,-107,1.92,25,3733551,31,-935,154,61841,0,0,0,0,0,447,17321,6339,22769,0,0,0,0,0
16,-107,1.976,26,3733607,31,-935,154,61841,0,0,0,0,0,447,17321,6339,22769,0,0,0,0,0
16,-107,2.038,27,3733663,31,-935,154,61841,0,0,0,0,0,447,17321,6339,22769,0,0,0,0,0
16,-107,2.088,28,3733719,31,-935,154,61841,0,0,0,0,0,447,17321,6339,22769,0,0,0,0,0
16,-107,2.152,29,3733775,31,-935,154,61841,0,0,0,0,0,447,17321,6339,22769,0,0,0,0,0
16,-107,2.195,30,3733827,31,-935,154,61841,0,0,0,0,0,447,17321,6339,22769,0,0,0,0,0
16,-107,2.251,31,3733883,31,-935,154,61841,0,0,0,0,0,447,17321,6339,22769,0,0,0,0,0
16,-107,2.308,32,3733939,31,-935,154,61841,0,0,0,0,0,447,17321,6339,22769,0,0,0,0,0
16,-107,2.37,33,3733995,31,-935,154,61841,0,0,0,0,0,447,17321,6339,22769,0,0,0,0,0
16,-107,2.42,34,3734051,31,-935,154,61841,0,0,0,0,0,447,17321,6339,22769,0,0,0,0,0
16,-107,2.475,35,3734107,31,-935,154,61841,0,0,0,0,0,447,17321,6339,22769,0,0,0,0,0
16,-107,2.532,36,3734163,31,-935,154,61841,0,0,0,0,0,447,17321,6339,22769,0,0,0,0,0
16,-107,2.587,37,3734219,31,-935,154,61841,0,0,0,0,0,447,17321,6339,22769,0,0,0,0,0
16,-107,2.644,38,3734275,31,-935,154,61841,0,0,0,0,0,447,17321,6339,22769,0,0,0,0,0
16,-107,2.701,39,3734331,31,-935,154,61841,0,0,0,0,0,447,17321,6339,22769,0,0,0,0,0
16,-107,2.757,40,3734387,31,-935,154,61841,0,0,0,0,0,447,17321,6339,22769,0,0,0,0,0
16,-107,2.813,41,3734443,31,-935,154,61841,0,0,0,0,0,447,17321,6339,22769,0,0,0,0,0
16,-107,2.868,42,3734499,31,-935,154,61841,0,0,0,0,0,447,17321,6339,22769,0,0,0,0,0
16,-107,2.923,43,3734555,31,-935,154,61841,0,0,0,0,0,447,17321,6339,22769,0,0,0,0,0
16,-107,2.987,44,3734611,31,-935,154,61841,0,0,0,0,0,447,17321,6339,22769,0,0,0,0,0
16,-107,3.036,45,3734667,31,-935,154,61841,0,0,0,0,0,447,17321,6339,22769,0,0,0,0,0
16,-107,3.091,46,3734723,31,-935,154,61841,0,0,0,0,0,447,17321,6339,22769,0,0,0,0,0
16,-107,3.156,47,3734779,31,-935,154,61841,0,0,0,0,0,447,17321,6339,22769,0,0,0,0,0
16,-107,3.211,48,3734835,31,-935,154,61841,0,0,0,0,0,447,17321,6339,22769,0,0,0,0,0
16,-107,3.256,49,3734887,31,-935,154,61841,0,0,0,0,0,447,17321,6339,22769,0,0,0,0,0
16,-107,3.311,50,3734943,31,-935,154,61841,0,0,0,0,0,447,17321,6339,22769,0,0,0,0,0
16,-107,3.368,51,3734999,31,-935,154,61841,0,0,0,0,0,447,17321,6339,22769,0,0,0,0,0
16,-107,3.423,52,3735055,31,-935,154,61841,0,0,0,0,0,447,17321,6339,22769,0,0,0,0,0
16,-107,3.48,53,3735111,31,-935,154,61841,0,0,0,0,0,447,17321,6339,22769,0,0,0,0,0
16,-107,3.536,54,3735167,31,-935,154,61841,0,0,0,0,0,447,17321,6339,22769,0,0,0,0,0
16,-107,3.598,55,3735223,31,-935,154,61841,0,0,0,0,0,447,17321,6339,22769,0,0,0,0,0
16,-107,3.648,56,3735279,31,-935,154,61841,0,0,0,0,0,447,17321,6339,22769,0,0,0,0,0
16,-107,3.703,57,3735335,31,-935,154,61841,0,0,0,0,0,447,17321,6339,22769,0,0,0,0,0
16,-107,3.76,58,3735391,31,-935,154,61841,0,0,0,0,0,447,17321,6339,22769,0,0,0,0,0
16,-107,3.816,59,3735447,31,-935,154,61841,0,0,0,0,0,447,17321,6339,22769,0,0,0,0,0
16,-107,3.872,60,3735503,31,-935,154,61841,0,0,0,0,0,447,17321,6339,22769,0,0,0,0,0
16,-107,3.928,61,3735559,31,-935,154,61841,0,0,0,0,0,447,17321,6339,22769,0,0,0,0,0
16,-107,3.984,62,3735615,31,-935,154,61841,0,0,0,0,0,447,17321,6339,22769,0,0,0,0,0
16,-107,4.039,63,3735671,31,-935,154,61841,0,0,0,0,0,447,17321,6339,22769,0,0,0,0,0
16,-107,4.096,64,3735727,31,-935,154,61841,0,0,0,0,0,447,17321,6339,22769,0,0,0,0,0
16,-107,4.152,65,3735783,31,-935,154,61841,0,0,0,0,0,447,17321,6339,22769,0,0,0,0,0
16,-107,4.213,66,3735839,31,-935,154,61841,0,0,0,0,0,447,17321,6339,22769,0,0,0,0,0
16,-107,4.272,67,3735895,31,-935,154,61841,0,0,0,0,0,447,17321,6339,22769,0,0,0,0,0
16,-107,4.317,68,3735947,31,-935,154,61841,0,0,0,0,0,447,17321,6339,22769,0,0,0,0,0
16,-107,4.372,69,3736003,31,-935,154,61841,0,0,0,0,0,447,17321,6339,22769,0,0,0,0,0
16,-107,4.428,70,3736059,31,-935,154,61841,0,0,0,0,0,447,17321,6339,22769,0,0,0,0,0
16,-107,4.484,71,3736115,31,-935,154,61841,0,0,0,0,0,447,17321,6339,22769,0,0,0,0,0
16,-107,4.54,72,3736171,31,-935,154,61841,0,0,0,0,0,447,17321,6339,22769,0,0,0,0,0
16,-107,4.595,73,3736227,31,-935,154,61841,0,0,0,0,0,447,17321,6339,22769,0,0,0,0,0
16,-107,4.653,74,3736283,31,-935,154,61841,0,0,0,0,0,447,17321,6339,22769,0,0,0,0,0
16,-107,4.708,75,3736339,31,-935,154,61841,0,0,0,0,0,447,17321,6339,22769,0,0,0,0,0
16,-107,4.764,76,3736395,31,-935,154,61841,0,0,0,0,0,447,17321,6339,22769,0,0,0,0,0
16,-107,4.82,77,3736451,31,-935,154,61841,0,0,0,0,0,447,17321,6339,22769,0,0,0,0,0
16,-107,4.876,78,3736507,31,-935,154,61841,0,0,0,0,0,447,17321,6339,22769,0,0,0,0,0
16,-107,4.932,79,3736563,31,-935,154,61841,0,0,0,0,0,447,17321,6339,22769,0,0,0,0,0
16,-107,4.987,80,3736619,31,-935,154,61841,0,0,0,0,0,447,17321,6339,22769,0,0,0,0,0
16,-107,5.044,81,3736675,31,-935,154,61841,0,0,0,0,0,447,17321,6339,22769,0,0,0,0,0
16,-107,5.1,82,3736731,31,-935,154,61841,0,0,0,0,0,447,17321,6339,22769,0,0,0,0,0
16,-107,5.156,83,3736787,31,-935,154,61841,0,0,0,0,0,447,17321,6339,22769,0,0,0,0,0
16,-107,5.212,84,3736843,31,-935,154,61841,0,0,0,0,0,447,17321,6339,22769,0,0,0,0,0
16,-107,5.268,85,3736899,31,-935,154,61841,0,0,0,0,0,447,17321,6339,22769,0,0,0,0,0
16,-107,5.332,86,3736955,31,-935,154,61841,0,0,0,0,0,447,17321,6339,22769,0,0,0,0,0
16,-107,5.376,87,3737007,31,-935,154,61841,0,0,0,0,0,447,17321,6339,22769,0,0,0,0,0
17,180,-0.023,44,3741751,31,-935,154,61841,0,0,0,0,0,447,17321,6339,22769,0,0,0,0,0
17,180,0.045,45,3741827,31,-935,154,61841,0,0,0,0,0,447,17322,6339,22769,-900,900,0,0,0
17,180,0.117,46,3741899,31,-935,154,62069,0,0,0,-56,36,447,17325,6306,22796,-1100,1200,0,0,0
17,180,0.189,47,3741971,31,-935,155,62323,0,0,0,-53,20,447,17328,6262,22819,-1300,1400,0,0,0
17,180,0.263,48,3742043,31,-935,156,62726,0,0,0,-82,56,447,17331,6195,22858,-1500,1800,0,0,0
17,180,0.333,49,3742115,31,-935,157,63242,0,0,0,-92,62,447,17334,6114,22913,-1900,2200,0,0,0
17,180,0.417,50,3742188,31,-935,158,64031,0,0,0,-135,102,447,17337,5998,23005,-2500,2600,0,0,0
17,180,0.478,51,3742259,31,-935,159,65055,0,0,0,-164,138,447,17340,5850,23127,-2700,2700,0,0,0
17,180,0.553,52,3742331,31,-936,160,66224,0,0,0,-184,144,447,17343,5678,23263,-2600,2800,0,0,0
17,180,0.628,53,3742403,31,-937,161,67404,0,0,0,-184,144,447,17346,5506,23402,-2400,2700,0,0,0
17,180,0.693,54,3742475,31,-937,162,68561,0,0,0,-172,155,447,17349,5345,23546,-2300,2700,0,0,0
17,180,0.766,55,3742547,31,-937,162,69681,0,0,0,-144,164,448,17352,5195,23691,-2100,2700,0,0,0
17,180,0.837,56,3742619,31,-938,162,70808,0,0,0,-174,144,448,17355,5042,23835,-2100,2700,0,0,0
17,180,0.909,57,3742691,31,-938,162,71908,0,0,0,-164,158,448,17358,4900,23983,-2100,2600,0,0,0
17,180,0.981,58,3742763,31,-937,162,72989,0,0,0,-135,164,448,17361,4762,24130,-2000,2600,0,0,0
17,180,1.055,59,3742835,31,-937,162,74086,0,0,0,-144,154,448,17364,4623,24280,-2000,2500,0,0,0
17,180,1.131,60,3742907,31,-936,162,75190,0,0,0,-154,171,448,17367,4487,24435,-1900,2500,0,0,0
17,180,1.198,61,3742979,31,-936,163,76268,0,0,0,-138,171,448,17370,4353,24585,-2000,2500,0,0,0
17,180,1.271,62,3743051,31,-935,163,77353,0,0,0,-154,164,449,17373,4217,24735,-1900,2500,0,0,0
17,180,1.349,63,3743123,31,-935,164,78408,0,0,0,-144,164,449,17376,4084,24880,-1800,2400,0,0,0
17,180,1.5,64,3743284,31,-935,166,79770,0,0,0,0,0,451,17385,3928,25083,0,0,0,0,0
17,180,1.552,65,3743335,31,-935,166,79770,0,0,0,0,0,451,17387,3928,25083,0,0,0,0,0
17,180,1.625,66,3743407,31,-935,166,79770,0,0,0,0,0,451,17390,3928,25083,0,0,0,0,0
17,180,1.707,67,3743480,31,-935,166,79770,0,0,0,0,0,451,17393,3928,25083,0,0,0,0,0
17,180,1.753,68,3743535,31,-935,166,79770,0,0,0,0,0,451,17393,3928,25083,0,0,0,0,0
17,180,1.809,69,3743591,31,-935,166,79770,0,0,0,0,0,451,17393,3928,25083,0,0,0,0,0
17,180,1.865,70,3743647,31,-935,166,79770,0,0,0,0,0,451,17393,3928,25083,0,0,0,0,0
17,180,1.921,71,3743703,31,-935,166,79770,0,0,0,0,0,451,17393,3928,25083,0,0,0,0,0
17,180,1.984,72,3743759,31,-935,166,79770,0,0,0,0,0,451,17393,3928,25083,0,0,0,0,0
17,180,2.029,73,3743811,31,-935,166,79770,0,0,0,0,0,451,17393,3928,25083,0,0,0,0,0
17,180,2.086,74,3743867,31,-935,166,79770,0,0,0,0,0,451,17393,3928,25083,0,0,0,0,0
17,180,2.141,75,3743923,31,-935,166,79770,0,0,0,0,0,451,17393,3928,25083,0,0,0,0,0
17,180,2.199,76,3743979,31,-935,166,79770,0,0,0,0,0,451,17393,3928,25083,0,0,0,0,0
17,180,2.253,77,3744035,31,-935,166,79770,0,0,0,0,0,451,17393,3928,25083,0,0,0,0,0
17,180,2.31,78,3744091,31,-935,166,79770,0,0,0,0,0,451,17393,3928,25083,0,0,0,0,0
17,180,2.365,79,3744147,31,-935,166,79770,0,0,0,0,0,451,17393,3928,25083,0,0,0,0,0
17,180,2.421,80,3744203,31,-935,166,79770,0,0,0,0,0,451,17393,3928,25083,0,0,0,0,0
17,180,2.477,81,3744259,31,-935,166,79770,0,0,0,0,0,451,17393,3928,25083,0,0,0,0,0
17,180,2.533,82,3744315,31,-935,166,79770,0,0,0,0,0,451,17393,3928,25083,0,0,0,0,0
17,180,2.59,83,3744371,31,-935,166,79770,0,0,0,0,0,451,17393,3928,25083,0,0,0,0,0
17,180,2.644,84,3744427,31,-935,166,79770,0,0,0,0,0,451,17393,3928,25083,0,0,0,0,0
17,180,2.701,85,3744483,31,-935,166,79770,0,0,0,0,0,451,17393,3928,25083,0,0,0,0,0
17,180,2.757,86,3744539,31,-935,166,79770,0,0,0,0,0,451,17393,3928,25083,0,0,0,0,0
17,180,2.813,87,3744595,31,-935,166,79770,0,0,0,0,0,451,17393,3928,25083,0,0,0,0,0
17,180,2.87,88,3744651,31,-935,166,79770,0,0,0,0,0,451,17393,3928,25083,0,0,0,0,0
17,180,2.927,89,3744707,31,-935,166,79770,0,0,0,0,0,451,17393,3928,25083,0,0,0,0,0
17,180,2.981,90,3744763,31,-935,166,79770,0,0,0,0,0,451,17393,3928,25083,0,0,0,0,0
17,180,3.044,91,3744819,31,-935,166,79770,0,0,0,0,0,451,17393,3928,25083,0,0,0,0,0
17,180,3.09,92,3744871,31,-935,166,79770,0,0,0,0,0,451,17393,3928,25083,0,0,0,0,0
17,180,3.145,93,3744927,31,-935,166,79770,0,0,0,0,0,451,17393,3928,25083,0,0,0,0,0
17,180,3.2,94,3744983,31,-935,166,79770,0,0,0,0,0,451,17393,3928,25083,0,0,0,0,0
17,180,3.257,95,3745039,31,-935,166,79770,0,0,0,0,0,451,17393,3928,25083,0,0,0,0,0
17,180,3.313,96,3745095,31,-935,166,79770,0,0,0,0,0,451,17393,3928,25083,0,0,0,0,0
17,180,3.369,97,3745151,31,-935,166,79770,0,0,0,0,0,451,17393,3928,25083,0,0,0,0,0
17,180,3.425,98,3745207,31,-935,166,79770,0,0,0,0,0,451,17393,3928,25083,0,0,0,0,0
17,180,3.485,99,3745263,31,-935,166,79770,0,0,0,0,0,451,17393,3928,25083,0,0,0,0,0
17,180,3.538,100,3745319,31,-935,166,79770,0,0,0,0,0,451,17393,3928,25083,0,0,0,0,0
17,180,3.593,101,3745375,31,-935,166,79770,0,0,0,0,0,451,17393,3928,25083,0,0,0,0,0
17,180,3.65,102,3745431,31,-935,166,79770,0,0,0,0,0,451,17393,3928,25083,0,0,0,0,0
17,180,3.705,103,3745487,31,-935,166,79770,0,0,0,0,0,451,17393,3928,25083,0,0,0,0,0
17,180,3.761,104,3745543,31,-935,166,79770,0,0,0,0,0,451,17393,3928,25083,0,0,0,0,0
17,180,3.819,105,3745599,31,-935,166,79770,0,0,0,0,0,451,17393,3928,25083,0,0,0,0,0
17,180,3.874,106,3745655,31,-935,166,79770,0,0,0,0,0,451,17393,3928,25083,0,0,0,0,0
17,180,3.929,107,3745711,31,-935,166,79770,0,0,0,0,0,451,17393,3928,25083,0,0,0,0,0
17,180,3.985,108,3745767,31,-935,166,79770,0,0,0,0,0,451,17393,3928,25083,0,0,0,0,0
17,180,4.042,109,3745823,31,-935,166,79770,0,0,0,0,0,451,17393,3928,25083,0,0,0,0,0
17,180,4.104,110,3745879,31,-935,166,79770,0,0,0,0,0,451,17393,3928,25083,0,0,0,0,0
17,180,4.15,111,3745931,31,-935,166,79770,0,0,0,0,0,451,17393,3928,25083,0,0,0,0,0
17,180,4.204,112,3745987,31,-935,166,79770,0,0,0,0,0,451,17393,3928,25083,0,0,0,0,0
17,180,4.261,113,3746043,31,-935,166,79770,0,0,0,0,0,451,17393,3928,25083,0,0,0,0,0
17,180,4.317,114,3746099,31,-935,166,79770,0,0,0,0,0,451,17393,3928,25083,0,0,0,0,0
17,180,4.373,115,3746155,31,-935,166,79770,0,0,0,0,0,451,17393,3928,25083,0,0,0,0,0
17,180,4.429,116,3746211,31,-935,166,79770,0,0,0,0,0,451,17393,3928,25083,0,0,0,0,0
17,180,4.485,117,3746267,31,-935,166,79770,0,0,0,0,0,451,17393,3928,25083,0,0,0,0,0
17,180,4.541,118,3746323,31,-935,166,79770,0,0,0,0,0,451,17393,3928,25083,0,0,0,0,0
17,180,4.597,119,3746379,31,-935,166,79770,0,0,0,0,0,451,17393,3928,25083,0,0,0,0,0
17,180,4.653,120,3746435,31,-935,166,79770,0,0,0,0,0,451,17393,3928,25083,0,0,0,0,0
17,180,4.713,121,3746491,31,-935,166,79770,0,0,0,0,0,451,17393,3928,25083,0,0,0,0,0
17,180,4.765,122,3746547,31,-935,166,79770,0,0,0,0,0,451,17393,3928,25083,0,0,0,0,0
17,180,4.82,123,3746603,31,-935,166,79770,0,0,0,0,0,451,17393,3928,25083,0,0,0,0,0
17,180,4.877,124,3746659,31,-935,166,79770,0,0,0,0,0,451,17393,3928,25083,0,0,0,0,0
17,180,4.933,125,3746715,31,-935,166,79770,0,0,0,0,0,451,17393,3928,25083,0,0,0,0,0
17,180,4.99,126,3746771,31,-935,166,79770,0,0,0,0,0,451,17393,3928,25083,0,0,0,0,0
17,180,5.048,127,3746827,31,-935,166,79770,0,0,0,0,0,451,17393,3928,25083,0,0,0,0,0
17,180,5.1,0,3746883,31,-935,166,79770,0,0,0,0,0,451,17393,3928,25083,0,0,0,0,0
17,180,5.164,1,3746939,31,-935,166,79770,0,0,0,0,0,451,17393,3928,25083,0,0,0,0,0
17,180,5.209,2,3746991,31,-935,166,79770,0,0,0,0,0,451,17393,3928,25083,0,0,0,0,0
17,180,5.265,3,3747047,31,-935,166,79770,0,0,0,0,0,451,17393,3928,25083,0,0,0,0,0
17,180,5.328,4,3747103,31,-935,166,79770,0,0,0,0,0,451,17393,3928,25083,0,0,0,0,0
17,180,5.38,5,3747159,31,-935,166,79770,0,0,0,0,0,451,17393,3928,25083,0,0,0,0,0
17,180,5.432,6,3747215,31,-935,166,79770,0,0,0,0,0,451,17393,3928,25083,0,0,0,0,0
17,180,5.488,7,3747271,31,-935,166,79770,0,0,0,0,0,451,17393,3928,25083,0,0,0,0,0
17,180,5.544,8,3747327,31,-935,166,79770,0,0,0,0,0,451,17393,3928,25083,0,0,0,0,0
17,180,5.601,9,3747383,31,-935,166,79770,0,0,0,0,0,451,17393,3928,25083,0,0,0,0,0
17,180,5.657,10,3747439,31,-935,166,79770,0,0,0,0,0,451,17393,3928,25083,0,0,0,0,0
17,180,5.716,11,3747495,31,-935,166,79770,0,0,0,0,0,451,17393,3928,25083,0,0,0,0,0
17,180,5.769,12,3747551,31,-935,166,79770,0,0,0,0,0,451,17393,3928,25083,0,0,0,0,0
17,180,5.852,13,3747607,31,-935,166,79770,0,0,0,0,0,451,17393,3928,25083,0,0,0,0,0
17,180,5.881,14,3747663,31,-935,166,79770,0,0,0,0,0,451,17393,3928,25083,0,0,0,0,0
17,180,5.949,15,3747719,31,-935,166,79770,0,0,0,0,0,451,17393,3928,25083,0,0,0,0,0
17,180,5.993,16,3747775,31,-935,166,79770,0,0,0,0,0,451,17393,3928,25083,0,0,0,0,0
17,180,6.053,17,3747831,31,-935,166,79770,0,0,0,0,0,451,17393,3928,25083,0,0,0,0,0
17,180,6.106,18,3747887,31,-935,166,79770,0,0,0,0,0,451,17393,3928,25083,0,0,0,0,0
17,180,6.161,19,3747943,31,-935,166,79770,0,0,0,0,0,451,17393,3928,25083,0,0,0,0,0
17,180,6.225,20,3747999,31,-935,166,79770,0,0,0,0,0,451,17393,3928,25083,0,0,0,0,0
17,180,6.269,21,3748051,31,-935,166,79770,0,0,0,0,0,451,17393,3928,25083,0,0,0,0,0
18,-180,-0.027,95,3752184,31,-935,166,79770,0,0,0,0,0,451,17393,3928,25083,0,0,0,0,0
18,-180,0.028,96,3752240,31,-935,166,79770,0,0,0,0,0,451,17393,3928,25083,0,0,0,0,0
18,-180,0.088,97,3752296,31,-935,166,79736,0,0,0,17,-8,451,17395,3934,25080,1000,-1100,0,0,0
18,-180,0.148,98,3752367,31,-935,166,79459,0,0,0,36,-46,451,17398,3973,25046,1200,-1300,0,0,0
18,-180,0.221,99,3752439,31,-935,166,79102,0,0,0,56,-66,451,17401,4017,24996,1300,-1400,0,0,0
18,-180,0.294,100,3752511,31,-935,165,78620,0,0,0,72,-92,451,17404,4078,24930,1800,-1800,0,0,0
18,-180,0.364,101,3752583,31,-935,165,77975,0,0,0,102,-108,451,17407,4159,24841,2200,-2300,0,0,0
18,-180,0.436,102,3752655,31,-935,165,77049,0,0,0,135,-148,451,17410,4275,24713,2600,-2700,0,0,0
18,-180,0.508,103,3752727,31,-936,164,75900,0,0,0,145,-190,451,17413,4417,24552,2600,-2700,0,0,0
18,-180,0.58,104,3752799,31,-936,164,74689,0,0,0,171,-164,451,17416,4575,24391,2600,-2600,0,0,0
18,-180,0.654,105,3752871,31,-936,164,73486,0,0,0,171,-164,451,17419,4725,24224,2600,-2400,0,0,0
18,-180,0.726,106,3752943,31,-937,164,72318,0,0,0,164,-164,451,17422,4878,24069,2500,-2300,0,0,0
18,-180,0.797,107,3753015,31,-934,164,71354,0,0,0,174,-158,452,17425,5034,23971,2500,-2100,0,0,0
18,-180,0.868,108,3753087,31,-936,164,70125,0,0,0,154,-144,452,17428,5178,23791,2400,-2200,0,0,0
18,-180,0.94,109,3753159,31,-935,164,69058,0,0,0,158,-154,453,17431,5323,23655,2300,-2100,0,0,0
18,-180,1.022,110,3753232,31,-934,163,68193,0,0,0,148,-138,454,17434,5462,23566,2300,-2200,0,0,0
18,-180,1.084,111,3753303,31,-935,164,66994,0,0,0,144,-154,454,17437,5600,23388,2200,-2200,0,0,0
18,-180,1.156,112,3753375,31,-935,164,65992,0,0,0,148,-145,454,17440,5734,23258,2300,-2100,0,0,0
18,-180,1.228,113,3753447,31,-935,164,64979,0,0,0,138,-138,454,17443,5867,23124,2200,-2200,0,0,0
18,-180,1.3,114,3753519,31,-935,164,63989,0,0,0,125,-148,455,17446,6000,22996,2300,-2300,0,0,0
18,-180,1.379,115,3753591,31,-935,164,62957,0,0,0,138,-144,455,17449,6134,22858,1700,-1600,0,0,0
18,-180,1.499,116,3753720,31,-935,163,61925,0,0,0,0,0,456,17456,6278,22730,0,0,0,0,0
18,-180,1.552,117,3753771,31,-935,163,61925,0,0,0,0,0,456,17458,6278,22730,0,0,0,0,0
18,-180,1.625,118,3753843,31,-935,163,61925,0,0,0,0,0,456,17461,6278,22730,0,0,0,0,0
18,-180,1.68,119,3753899,31,-935,163,61925,0,0,0,0,0,456,17462,6278,22730,0,0,0,0,0
18,-180,1.736,120,3753955,31,-935,163,61925,0,0,0,0,0,456,17462,6278,22730,0,0,0,0,0
18,-180,1.792,121,3754011,31,-935,163,61925,0,0,0,0,0,456,17462,6278,22730,0,0,0,0,0
18,-180,1.854,122,3754067,31,-935,163,61925,0,0,0,0,0,456,17462,6278,22730,0,0,0,0,0
18,-180,1.904,123,3754123,31,-935,163,61925,0,0,0,0,0,456,17462,6278,22730,0,0,0,0,0
18,-180,1.959,124,3754179,31,-935,163,61925,0,0,0,0,0,456,17462,6278,22730,0,0,0,0,0
18,-180,2.016,125,3754235,31,-935,163,61925,0,0,0,0,0,456,17462,6278,22730,0,0,0,0,0
18,-180,2.072,126,3754291,31,-935,163,61925,0,0,0,0,0,456,17462,6278,22730,0,0,0,0,0
18,-180,2.128,127,3754347,31,-935,163,61925,0,0,0,0,0,456,17462,6278,22730,0,0,0,0,0
18,-180,2.184,0,3754403,31,-935,163,61925,0,0,0,0,0,456,17462,6278,22730,0,0,0,0,0
18,-180,2.241,1,3754459,31,-935,163,61925,0,0,0,0,0,456,17462,6278,22730,0,0,0,0,0
18,-180,2.295,2,3754515,31,-935,163,61925,0,0,0,0,0,456,17462,6278,22730,0,0,0,0,0
18,-180,2.352,3,3754571,31,-935,163,61925,0,0,0,0,0,456,17462,6278,22730,0,0,0,0,0
18,-180,2.408,4,3754627,31,-935,163,61925,0,0,0,0,0,456,17462,6278,22730,0,0,0,0,0
18,-180,2.525,5,3754683,31,-935,163,61925,0,0,0,0,0,456,17462,6278,22730,0,0,0,0,0
18,-180,2.529,6,3754739,31,-935,163,61925,0,0,0,0,0,456,17462,6278,22730,0,0,0,0,0
18,-180,2.573,7,3754791,31,-935,163,61925,0,0,0,0,0,456,17462,6278,22730,0,0,0,0,0
18,-180,2.628,8,3754847,31,-935,163,61925,0,0,0,0,0,456,17462,6278,22730,0,0,0,0,0
18,-180,2.684,9,3754903,31,-935,163,61925,0,0,0,0,0,456,17462,6278,22730,0,0,0,0,0
18,-180,2.739,10,3754959,31,-935,163,61925,0,0,0,0,0,456,17462,6278,22730,0,0,0,0,0
18,-180,2.798,11,3755015,31,-935,163,61925,0,0,0,0,0,456,17462,6278,22730,0,0,0,0,0
18,-180,2.853,12,3755071,31,-935,163,61925,0,0,0,0,0,456,17462,6278,22730,0,0,0,0,0
18,-180,2.907,13,3755127,31,-935,163,61925,0,0,0,0,0,456,17462,6278,22730,0,0,0,0,0
18,-180,2.964,14,3755183,31,-935,163,61925,0,0,0,0,0,456,17462,6278,22730,0,0,0,0,0
18,-180,3.02,15,3755239,31,-935,163,61925,0,0,0,0,0,456,17462,6278,22730,0,0,0,0,0
18,-180,3.081,16,3755295,31,-935,163,61925,0,0,0,0,0,456,17462,6278,22730,0,0,0,0,0
18,-180,3.132,17,3755351,31,-935,163,61925,0,0,0,0,0,456,17462,6278,22730,0,0,0,0,0
18,-180,3.186,18,3755407,31,-935,163,61925,0,0,0,0,0,456,17462,6278,22730,0,0,0,0,0
18,-180,3.244,19,3755463,31,-935,163,61925,0,0,0,0,0,456,17462,6278,22730,0,0,0,0,0
18,-180,3.299,20,3755519,31,-935,163,61925,0,0,0,0,0,456,17462,6278,22730,0,0,0,0,0
18,-180,3.356,21,3755575,31,-935,163,61925,0,0,0,0,0,456,17462,6278,22730,0,0,0,0,0
18,-180,3.412,22,3755631,31,-935,163,61925,0,0,0,0,0,456,17462,6278,22730,0,0,0,0,0
18,-180,3.469,23,3755687,31,-935,163,61925,0,0,0,0,0,456,17462,6278,22730,0,0,0,0,0
18,-180,3.566,24,3755743,31,-935,163,61925,0,0,0,0,0,456,17462,6278,22730,0,0,0,0,0
18,-180,3.595,25,3755799,31,-935,163,61925,0,0,0,0,0,456,17462,6278,22730,0,0,0,0,0
18,-180,3.632,26,3755851,31,-935,163,61925,0,0,0,0,0,456,17462,6278,22730,0,0,0,0,0
18,-180,3.688,27,3755907,31,-935,163,61925,0,0,0,0,0,456,17462,6278,22730,0,0,0,0,0
18,-180,3.744,28,3755963,31,-935,163,61925,0,0,0,0,0,456,17462,6278,22730,0,0,0,0,0
18,-180,3.798,29,3756019,31,-935,163,61925,0,0,0,0,0,456,17462,6278,22730,0,0,0,0,0
18,-180,3.856,30,3756075,31,-935,163,61925,0,0,0,0,0,456,17462,6278,22730,0,0,0,0,0
18,-180,3.912,31,3756131,31,-935,163,61925,0,0,0,0,0,456,17462,6278,22730,0,0,0,0,0
18,-180,3.969,32,3756187,31,-935,163,61925,0,0,0,0,0,456,17462,6278,22730,0,0,0,0,0
18,-180,4.023,33,3756243,31,-935,163,61925,0,0,0,0,0,456,17462,6278,22730,0,0,0,0,0
18,-180,4.08,34,3756299,31,-935,163,61925,0,0,0,0,0,456,17462,6278,22730,0,0,0,0,0
18,-180,4.136,35,3756355,31,-935,163,61925,0,0,0,0,0,456,17462,6278,22730,0,0,0,0,0
18,-180,4.192,36,3756411,31,-935,163,61925,0,0,0,0,0,456,17462,6278,22730,0,0,0,0,0
18,-180,4.248,37,3756467,31,-935,163,61925,0,0,0,0,0,456,17462,6278,22730,0,0,0,0,0
18,-180,4.312,38,3756523,31,-935,163,61925,0,0,0,0,0,456,17462,6278,22730,0,0,0,0,0
18,-180,4.359,39,3756579,31,-935,163,61925,0,0,0,0,0,456,17462,6278,22730,0,0,0,0,0
18,-180,4.415,40,3756635,31,-935,163,61925,0,0,0,0,0,456,17462,6278,22730,0,0,0,0,0
18,-180,4.476,41,3756691,31,-935,163,61925,0,0,0,0,0,456,17462,6278,22730,0,0,0,0,0
18,-180,4.534,42,3756747,31,-935,163,61925,0,0,0,0,0,456,17462,6278,22730,0,0,0,0,0
18,-180,4.583,43,3756803,31,-935,163,61925,0,0,0,0,0,456,17462,6278,22730,0,0,0,0,0
18,-180,4.646,44,3756859,31,-935,163,61925,0,0,0,0,0,456,17462,6278,22730,0,0,0,0,0
18,-180,4.692,45,3756911,31,-935,163,61925,0,0,0,0,0,456,17462,6278,22730,0,0,0,0,0
18,-180,4.749,46,3756967,31,-935,163,61925,0,0,0,0,0,456,17462,6278,22730,0,0,0,0,0
18,-180,4.803,47,3757023,31,-935,163,61925,0,0,0,0,0,456,17462,6278,22730,0,0,0,0,0
18,-180,4.859,48,3757079,31,-935,163,61925,0,0,0,0,0,456,17462,6278,22730,0,0,0,0,0
18,-180,4.916,49,3757135,31,-935,163,61925,0,0,0,0,0,456,17462,6278,22730,0,0,0,0,0
18,-180,4.972,50,3757191,31,-935,163,61925,0,0,0,0,0,456,17462,6278,22730,0,0,0,0,0
18,-180,5.027,51,3757247,31,-935,163,61925,0,0,0,0,0,456,17462,6278,22730,0,0,0,0,0
18,-180,5.083,52,3757303,31,-935,163,61925,0,0,0,0,0,456,17462,6278,22730,0,0,0,0,0
18,-180,5.14,53,3757359,31,-935,163,61925,0,0,0,0,0,456,17462,6278,22730,0,0,0,0,0
18,-180,5.195,54,3757415,31,-935,163,61925,0,0,0,0,0,456,17462,6278,22730,0,0,0,0,0
18,-180,5.252,55,3757471,31,-935,163,61925,0,0,0,0,0,456,17462,6278,22730,0,0,0,0,0
18,-180,5.308,56,3757527,31,-935,163,61925,0,0,0,0,0,456,17462,6278,22730,0,0,0,0,0
18,-180,5.364,57,3757583,31,-935,163,61925,0,0,0,0,0,456,17462,6278,22730,0,0,0,0,0
18,-180,5.42,58,3757639,31,-935,163,61925,0,0,0,0,0,456,17462,6278,22730,0,0,0,0,0
18,-180,5.475,59,3757695,31,-935,163,61925,0,0,0,0,0,456,17462,6278,22730,0,0,0,0,0
18,-180,5.539,60,3757751,31,-935,163,61925,0,0,0,0,0,456,17462,6278,22730,0,0,0,0,0
18,-180,5.588,61,3757807,31,-935,163,61925,0,0,0,0,0,456,17462,6278,22730,0,0,0,0,0
18,-180,5.643,62,3757863,31,-935,163,61925,0,0,0,0,0,456,17462,6278,22730,0,0,0,0,0
18,-180,5.706,63,3757919,31,-935,163,61925,0,0,0,0,0,456,17462,6278,22730,0,0,0,0,0
18,-180,5.752,64,3757971,31,-935,163,61925,0,0,0,0,0,456,17462,6278,22730,0,0,0,0,0
18,-180,5.807,65,3758027,31,-935,163,61925,0,0,0,0,0,456,17462,6278,22730,0,0,0,0,0
18,-180,5.864,66,3758083,31,-935,163,61925,0,0,0,0,0,456,17462,6278,22730,0,0,0,0,0
18,-180,5.92,67,3758139,31,-935,163,61925,0,0,0,0,0,456,17462,6278,22730,0,0,0,0,0
18,-180,5.977,68,3758195,31,-935,163,61925,0,0,0,0,0,456,17462,6278,22730,0,0,0,0,0
18,-180,6.032,69,3758251,31,-935,163,61925,0,0,0,0,0,456,17462,6278,22730,0,0,0,0,0
18,-180,6.087,70,3758307,31,-935,163,61925,0,0,0,0,0,456,17462,6278,22730,0,0,0,0,0
18,-180,6.146,71,3758363,31,-935,163,61925,0,0,0,0,0,456,17462,6278,22730,0,0,0,0,0
18,-180,6.199,72,3758419,31,-935,163,61925,0,0,0,0,0,456,17462,6278,22730,0,0,0,0,0
19,-90,-0.023,24,3762883,31,-935,163,61925,0,0,0,0,0,456,17462,6278,22730,0,0,0,0,0
19,-90,0.043,25,3762951,31,-935,163,61925,0,0,0,0,0,456,17463,6278,22730,900,-900,0,0,0
19,-90,0.117,26,3763023,31,-935,163,61712,0,0,0,46,-46,456,17466,6309,22705,1200,-1200,0,0,0
19,-90,0.187,27,3763095,31,-935,163,61386,0,0,0,53,-66,456,17469,6353,22663,1300,-1400,0,0,0
19,-90,0.259,28,3763167,31,-935,163,60912,0,0,0,72,-72,456,17472,6417,22602,1500,-1600,0,0,0
19,-90,0.332,29,3763239,31,-935,162,60301,0,0,0,108,-112,456,17475,6500,22524,2000,-2100,0,0,0
19,-90,0.423,30,3763312,31,-935,163,59500,0,0,0,108,-148,456,17478,6600,22413,2400,-2500,0,0,0
19,-90,0.456,31,3763363,31,-935,163,58813,0,0,0,146,-151,456,17479,6689,22321,2700,-2700,0,0,0
19,-90,0.538,32,3763435,31,-934,163,57603,0,0,0,164,-182,457,17482,6839,22152,2600,-2700,0,0,0
19,-90,0.599,33,3763507,31,-934,164,56423,0,0,0,181,-174,457,17485,6989,21991,2600,-2600,0,0,0
19,-90,0.671,34,3763579,31,-933,164,55197,0,0,0,184,-184,457,17488,7145,21824,2500,-2400,0,0,0
19,-90,0.745,35,3763651,31,-933,164,54070,0,0,0,154,-164,457,17491,7292,21674,1800,-1700,0,0,0
19,-90,0.864,36,3763772,31,-933,164,53027,0,0,0,0,0,457,17498,7428,21535,0,0,0,0,0
19,-90,0.916,37,3763823,31,-933,164,53027,0,0,0,0,0,457,17500,7428,21535,0,0,0,0,0
19,-90,0.994,38,3763895,31,-933,164,53027,0,0,0,0,0,457,17503,7428,21535,0,0,0,0,0
19,-90,1.044,39,3763951,31,-933,164,53027,0,0,0,0,0,457,17505,7428,21535,0,0,0,0,0
19,-90,1.099,40,3764007,31,-933,164,53027,0,0,0,0,0,457,17505,7428,21535,0,0,0,0,0
19,-90,1.155,41,3764063,31,-933,164,53027,0,0,0,0,0,457,17505,7428,21535,0,0,0,0,0
19,-90,1.209,42,3764119,31,-933,164,53027,0,0,0,0,0,457,17505,7428,21535,0,0,0,0,0
19,-90,1.265,43,3764175,31,-933,164,53027,0,0,0,0,0,457,17505,7428,21535,0,0,0,0,0
19,-90,1.324,44,3764231,31,-933,164,53027,0,0,0,0,0,457,17505,7428,21535,0,0,0,0,0
19,-90,1.377,45,3764287,31,-933,164,53027,0,0,0,0,0,457,17505,7428,21535,0,0,0,0,0
19,-90,1.435,46,3764343,31,-933,164,53027,0,0,0,0,0,457,17505,7428,21535,0,0,0,0,0
19,-90,1.491,47,3764399,31,-933,164,53027,0,0,0,0,0,457,17505,7428,21535,0,0,0,0,0
19,-90,1.545,48,3764455,31,-933,164,53027,0,0,0,0,0,457,17505,7428,21535,0,0,0,0,0
19,-90,1.61,49,3764511,31,-933,164,53027,0,0,0,0,0,457,17505,7428,21535,0,0,0,0,0
19,-90,1.655,50,3764563,31,-933,164,53027,0,0,0,0,0,457,17505,7428,21535,0,0,0,0,0
19,-90,1.712,51,3764619,31,-933,164,53027,0,0,0,0,0,457,17505,7428,21535,0,0,0,0,0
19,-90,1.766,52,3764675,31,-933,164,53027,0,0,0,0,0,457,17505,7428,21535,0,0,0,0,0
19,-90,1.824,53,3764731,31,-933,164,53027,0,0,0,0,0,457,17505,7428,21535,0,0,0,0,0
19,-90,1.879,54,3764787,31,-933,164,53027,0,0,0,0,0,457,17505,7428,21535,0,0,0,0,0
19,-90,1.935,55,3764843,31,-933,164,53027,0,0,0,0,0,457,17505,7428,21535,0,0,0,0,0
19,-90,1.991,56,3764899,31,-933,164,53027,0,0,0,0,0,457,17505,7428,21535,0,0,0,0,0
19,-90,2.048,57,3764955,31,-933,164,53027,0,0,0,0,0,457,17505,7428,21535,0,0,0,0,0
19,-90,2.103,58,3765011,31,-933,164,53027,0,0,0,0,0,457,17505,7428,21535,0,0,0,0,0
19,-90,2.158,59,3765067,31,-933,164,53027,0,0,0,0,0,457,17505,7428,21535,0,0,0,0,0
19,-90,2.216,60,3765123,31,-933,164,53027,0,0,0,0,0,457,17505,7428,21535,0,0,0,0,0
19,-90,2.271,61,3765179,31,-933,164,53027,0,0,0,0,0,457,17505,7428,21535,0,0,0,0,0
19,-90,2.327,62,3765235,31,-933,164,53027,0,0,0,0,0,457,17505,7428,21535,0,0,0,0,0
19,-90,2.381,63,3765291,31,-933,164,53027,0,0,0,0,0,457,17505,7428,21535,0,0,0,0,0
19,-90,2.438,64,3765347,31,-933,164,53027,0,0,0,0,0,457,17505,7428,21535,0,0,0,0,0
19,-90,2.494,65,3765403,31,-933,164,53027,0,0,0,0,0,457,17505,7428,21535,0,0,0,0,0
19,-90,2.55,66,3765459,31,-933,164,53027,0,0,0,0,0,457,17505,7428,21535,0,0,0,0,0
19,-90,2.606,67,3765515,31,-933,164,53027,0,0,0,0,0,457,17505,7428,21535,0,0,0,0,0
19,-90,2.671,68,3765571,31,-933,164,53027,0,0,0,0,0,457,17505,7428,21535,0,0,0,0,0
19,-90,2.713,69,3765623,31,-933,164,53027,0,0,0,0,0,457,17505,7428,21535,0,0,0,0,0
19,-90,2.771,70,3765679,31,-933,164,53027,0,0,0,0,0,457,17505,7428,21535,0,0,0,0,0
19,-90,2.828,71,3765735,31,-933,164,53027,0,0,0,0,0,457,17505,7428,21535,0,0,0,0,0
19,-90,2.882,72,3765791,31,-933,164,53027,0,0,0,0,0,457,17505,7428,21535,0,0,0,0,0
19,-90,2.94,73,3765847,31,-933,164,53027,0,0,0,0,0,457,17505,7428,21535,0,0,0,0,0
19,-90,2.995,74,3765903,31,-933,164,53027,0,0,0,0,0,457,17505,7428,21535,0,0,0,0,0
19,-90,3.051,75,3765959,31,-933,164,53027,0,0,0,0,0,457,17505,7428,21535,0,0,0,0,0
19,-90,3.106,76,3766015,31,-933,164,53027,0,0,0,0,0,457,17505,7428,21535,0,0,0,0,0
19,-90,3.163,77,3766071,31,-933,164,53027,0,0,0,0,0,457,17505,7428,21535,0,0,0,0,0
19,-90,3.218,78,3766127,31,-933,164,53027,0,0,0,0,0,457,17505,7428,21535,0,0,0,0,0
19,-90,3.275,79,3766183,31,-933,164,53027,0,0,0,0,0,457,17505,7428,21535,0,0,0,0,0
19,-90,3.33,80,3766239,31,-933,164,53027,0,0,0,0,0,457,17505,7428,21535,0,0,0,0,0
19,-90,3.386,81,3766295,31,-933,164,53027,0,0,0,0,0,457,17505,7428,21535,0,0,0,0,0
19,-90,3.442,82,3766351,31,-933,164,53027,0,0,0,0,0,457,17505,7428,21535,0,0,0,0,0
19,-90,3.498,83,3766407,31,-933,164,53027,0,0,0,0,0,457,17505,7428,21535,0,0,0,0,0
19,-90,3.556,84,3766463,31,-933,164,53027,0,0,0,0,0,457,17505,7428,21535,0,0,0,0,0
19,-90,3.61,85,3766519,31,-933,164,53027,0,0,0,0,0,457,17505,7428,21535,0,0,0,0,0
19,-90,3.667,86,3766575,31,-933,164,53027,0,0,0,0,0,457,17505,7428,21535,0,0,0,0,0
19,-90,3.729,87,3766631,31,-933,164,53027,0,0,0,0,0,457,17505,7428,21535,0,0,0,0,0
19,-90,3.774,88,3766683,31,-933,164,53027,0,0,0,0,0,457,17505,7428,21535,0,0,0,0,0
19,-90,3.83,89,3766739,31,-933,164,53027,0,0,0,0,0,457,17505,7428,21535,0,0,0,0,0
19,-90,3.886,90,3766795,31,-933,164,53027,0,0,0,0,0,457,17505,7428,21535,0,0,0,0,0
19,-90,3.942,91,3766851,31,-933,164,53027,0,0,0,0,0,457,17505,7428,21535,0,0,0,0,0
19,-90,3.998,92,3766907,31,-933,164,53027,0,0,0,0,0,457,17505,7428,21535,0,0,0,0,0
19,-90,4.054,93,3766963,31,-933,164,53027,0,0,0,0,0,457,17505,7428,21535,0,0,0,0,0
19,-90,4.11,94,3767019,31,-933,164,53027,0,0,0,0,0,457,17505,7428,21535,0,0,0,0,0
19,-90,4.17,95,3767075,31,-933,164,53027,0,0,0,0,0,457,17505,7428,21535,0,0,0,0,0
19,-90,4.222,96,3767131,31,-933,164,53027,0,0,0,0,0,457,17505,7428,21535,0,0,0,0,0
19,-90,4.277,97,3767187,31,-933,164,53027,0,0,0,0,0,457,17505,7428,21535,0,0,0,0,0
19,-90,4.333,98,3767243,31,-933,164,53027,0,0,0,0,0,457,17505,7428,21535,0,0,0,0,0
19,-90,4.39,99,3767299,31,-933,164,53027,0,0,0,0,0,457,17505,7428,21535,0,0,0,0,0
19,-90,4.447,100,3767355,31,-933,164,53027,0,0,0,0,0,457,17505,7428,21535,0,0,0,0,0
19,-90,4.504,101,3767411,31,-933,164,53027,0,0,0,0,0,457,17505,7428,21535,0,0,0,0,0
19,-90,4.559,102,3767467,31,-933,164,53027,0,0,0,0,0,457,17505,7428,21535,0,0,0,0,0
19,-90,4.614,103,3767523,31,-933,164,53027,0,0,0,0,0,457,17505,7428,21535,0,0,0,0,0
19,-90,4.67,104,3767579,31,-933,164,53027,0,0,0,0,0,457,17505,7428,21535,0,0,0,0,0
19,-90,4.726,105,3767635,31,-933,164,53027,0,0,0,0,0,457,17505,7428,21535,0,0,0,0,0
19,-90,4.791,106,3767691,31,-933,164,53027,0,0,0,0,0,457,17505,7428,21535,0,0,0,0,0
19,-90,4.835,107,3767743,31,-933,164,53027,0,0,0,0,0,457,17505,7428,21535,0,0,0,0,0
19,-90,4.891,108,3767799,31,-933,164,53027,0,0,0,0,0,457,17505,7428,21535,0,0,0,0,0
19,-90,4.946,109,3767855,31,-933,164,53027,0,0,0,0,0,457,17505,7428,21535,0,0,0,0,0
19,-90,5.003,110,3767911,31,-933,164,53027,0,0,0,0,0,457,17505,7428,21535,0,0,0,0,0
19,-90,5.058,111,3767967,31,-933,164,53027,0,0,0,0,0,457,17505,7428,21535,0,0,0,0,0
19,-90,5.116,112,3768023,31,-933,164,53027,0,0,0,0,0,457,17505,7428,21535,0,0,0,0,0
19,-90,5.17,113,3768079,31,-933,164,53027,0,0,0,0,0,457,17505,7428,21535,0,0,0,0,0
19,-90,5.227,114,3768135,31,-933,164,53027,0,0,0,0,0,457,17505,7428,21535,0,0,0,0,0
19,-90,5.282,115,3768191,31,-933,164,53027,0,0,0,0,0,457,17505,7428,21535,0,0,0,0,0
19,-90,5.338,116,3768247,31,-933,164,53027,0,0,0,0,0,457,17505,7428,21535,0,0,0,0,0
19,-90,5.398,117,3768303,31,-933,164,53027,0,0,0,0,0,457,17505,7428,21535,0,0,0,0,0
19,-90,5.453,118,3768359,31,-933,164,53027,0,0,0,0,0,457,17505,7428,21535,0,0,0,0,0
19,-90,5.507,119,3768415,31,-933,164,53027,0,0,0,0,0,457,17505,7428,21535,0,0,0,0,0
20,90,0.007,71,3772879,31,-933,164,53027,0,0,0,0,0,457,17505,7428,21535,0,0,0,0,0
20,90,0.072,72,3772947,31,-933,164,53061,0,0,0,-8,0,458,17507,7425,21541,-1000,1100,0,0,0
20,90,0.152,73,3773019,31,-932,164,53342,0,0,0,-46,36,458,17510,7381,21571,-1200,1300,0,0,0
20,90,0.217,74,3773091,31,-932,164,53683,0,0,0,-62,48,458,17513,7328,21608,-1300,1500,0,0,0
20,90,0.288,75,3773163,31,-931,164,54143,0,0,0,-72,72,458,17516,7262,21663,-1600,1900,0,0,0
20,90,0.361,76,3773235,31,-931,164,54753,0,0,0,-108,89,458,17519,7173,21735,-2200,2300,0,0,0
20,90,0.432,77,3773307,31,-930,164,55622,0,0,0,-148,128,458,17522,7050,21841,-2500,2600,0,0,0
20,90,0.504,78,3773379,31,-929,164,56673,0,0,0,-171,148,458,17525,6898,21966,-2700,2700,0,0,0
20,90,0.576,79,3773451,31,-928,165,57857,0,0,0,-200,148,458,17528,6728,22108,-2600,2700,0,0,0
20,90,0.654,80,3773523,31,-927,166,58992,0,0,0,-171,148,458,17531,6562,22241,-2400,2700,0,0,0
20,90,0.732,81,3773596,31,-927,166,60160,0,0,0,-181,144,458,17534,6398,22385,-2300,2600,0,0,0
20,90,0.792,82,3773667,31,-927,167,61230,0,0,0,-164,128,458,17537,6250,22519,-1000,1700,0,0,0
20,90,0.905,83,3773780,31,-926,167,61891,0,0,0,0,0,458,17544,6159,22602,0,0,0,0,0
20,90,0.962,84,3773831,31,-926,167,61891,0,0,0,0,0,458,17546,6159,22602,0,0,0,0,0
20,90,1.04,85,3773904,31,-926,167,61891,0,0,0,0,0,458,17549,6159,22602,0,0,0,0,0
20,90,1.084,86,3773959,31,-926,167,61891,0,0,0,0,0,458,17549,6159,22602,0,0,0,0,0
20,90,1.141,87,3774015,31,-926,167,61891,0,0,0,0,0,458,17549,6159,22602,0,0,0,0,0
20,90,1.196,88,3774071,31,-926,167,61891,0,0,0,0,0,458,17549,6159,22602,0,0,0,0,0
20,90,1.251,89,3774127,31,-926,167,61891,0,0,0,0,0,458,17549,6159,22602,0,0,0,0,0
20,90,1.307,90,3774183,31,-926,167,61891,0,0,0,0,0,458,17549,6159,22602,0,0,0,0,0
20,90,1.37,91,3774239,31,-926,167,61891,0,0,0,0,0,458,17549,6159,22602,0,0,0,0,0
20,90,1.428,92,3774295,31,-926,167,61891,0,0,0,0,0,458,17549,6159,22602,0,0,0,0,0
20,90,1.472,93,3774347,31,-926,167,61891,0,0,0,0,0,458,17549,6159,22602,0,0,0,0,0
20,90,1.526,94,3774403,31,-926,167,61891,0,0,0,0,0,458,17549,6159,22602,0,0,0,0,0
20,90,1.584,95,3774459,31,-926,167,61891,0,0,0,0,0,458,17549,6159,22602,0,0,0,0,0
20,90,1.64,96,3774515,31,-926,167,61891,0,0,0,0,0,458,17549,6159,22602,0,0,0,0,0
20,90,1.695,97,3774571,31,-926,167,61891,0,0,0,0,0,458,17549,6159,22602,0,0,0,0,0
20,90,1.751,98,3774627,31,-926,167,61891,0,0,0,0,0,458,17549,6159,22602,0,0,0,0,0
20,90,1.807,99,3774683,31,-926,167,61891,0,0,0,0,0,458,17549,6159,22602,0,0,0,0,0
20,90,1.864,100,3774739,31,-926,167,61891,0,0,0,0,0,458,17549,6159,22602,0,0,0,0,0
20,90,1.92,101,3774795,31,-926,167,61891,0,0,0,0,0,458,17549,6159,22602,0,0,0,0,0
20,90,1.976,102,3774851,31,-926,167,61891,0,0,0,0,0,458,17549,6159,22602,0,0,0,0,0
20,90,2.031,103,3774907,31,-926,167,61891,0,0,0,0,0,458,17549,6159,22602,0,0,0,0,0
20,90,2.088,104,3774963,31,-926,167,61891,0,0,0,0,0,458,17549,6159,22602,0,0,0,0,0
20,90,2.144,105,3775019,31,-926,167,61891,0,0,0,0,0,458,17549,6159,22602,0,0,0,0,0
20,90,2.2,106,3775075,31,-926,167,61891,0,0,0,0,0,458,17549,6159,22602,0,0,0,0,0
20,90,2.256,107,3775131,31,-926,167,61891,0,0,0,0,0,458,17549,6159,22602,0,0,0,0,0
20,90,2.312,108,3775187,31,-926,167,61891,0,0,0,0,0,458,17549,6159,22602,0,0,0,0,0
20,90,2.37,109,3775243,31,-926,167,61891,0,0,0,0,0,458,17549,6159,22602,0,0,0,0,0
20,90,2.424,110,3775299,31,-926,167,61891,0,0,0,0,0,458,17549,6159,22602,0,0,0,0,0
20,90,2.488,111,3775355,31,-926,167,61891,0,0,0,0,0,458,17549,6159,22602,0,0,0,0,0
20,90,2.531,112,3775407,31,-926,167,61891,0,0,0,0,0,458,17549,6159,22602,0,0,0,0,0
20,90,2.587,113,3775463,31,-926,167,61891,0,0,0,0,0,458,17549,6159,22602,0,0,0,0,0
20,90,2.643,114,3775519,31,-926,167,61891,0,0,0,0,0,458,17549,6159,22602,0,0,0,0,0
20,90,2.702,115,3775575,31,-926,167,61891,0,0,0,0,0,458,17549,6159,22602,0,0,0,0,0
20,90,2.756,116,3775631,31,-926,167,61891,0,0,0,0,0,458,17549,6159,22602,0,0,0,0,0
20,90,2.811,117,3775687,31,-926,167,61891,0,0,0,0,0,458,17549,6159,22602,0,0,0,0,0
20,90,2.868,118,3775743,31,-926,167,61891,0,0,0,0,0,458,17549,6159,22602,0,0,0,0,0
20,90,2.924,119,3775799,31,-926,167,61891,0,0,0,0,0,458,17549,6159,22602,0,0,0,0,0
20,90,2.98,120,3775855,31,-926,167,61891,0,0,0,0,0,458,17549,6159,22602,0,0,0,0,0
20,90,3.037,121,3775911,31,-926,167,61891,0,0,0,0,0,458,17549,6159,22602,0,0,0,0,0
20,90,3.09,122,3775967,31,-926,167,61891,0,0,0,0,0,458,17549,6159,22602,0,0,0,0,0
20,90,3.147,123,3776023,31,-926,167,61891,0,0,0,0,0,458,17549,6159,22602,0,0,0,0,0
20,90,3.207,124,3776079,31,-926,167,61891,0,0,0,0,0,458,17549,6159,22602,0,0,0,0,0
20,90,3.26,125,3776135,31,-926,167,61891,0,0,0,0,0,458,17549,6159,22602,0,0,0,0,0
20,90,3.322,126,3776191,31,-926,167,61891,0,0,0,0,0,458,17549,6159,22602,0,0,0,0,0
20,90,3.371,127,3776247,31,-926,167,61891,0,0,0,0,0,458,17549,6159,22602,0,0,0,0,0
20,90,3.431,0,3776303,31,-926,167,61891,0,0,0,0,0,458,17549,6159,22602,0,0,0,0,0
20,90,3.484,1,3776359,31,-926,167,61891,0,0,0,0,0,458,17549,6159,22602,0,0,0,0,0
20,90,3.549,2,3776415,31,-926,167,61891,0,0,0,0,0,458,17549,6159,22602,0,0,0,0,0
20,90,3.592,3,3776467,31,-926,167,61891,0,0,0,0,0,458,17549,6159,22602,0,0,0,0,0
20,90,3.647,4,3776523,31,-926,167,61891,0,0,0,0,0,458,17549,6159,22602,0,0,0,0,0
20,90,3.703,5,3776579,31,-926,167,61891,0,0,0,0,0,458,17549,6159,22602,0,0,0,0,0
20,90,3.76,6,3776635,31,-926,167,61891,0,0,0,0,0,458,17549,6159,22602,0,0,0,0,0
20,90,3.816,7,3776691,31,-926,167,61891,0,0,0,0,0,458,17549,6159,22602,0,0,0,0,0
20,90,3.872,8,3776747,31,-926,167,61891,0,0,0,0,0,458,17549,6159,22602,0,0,0,0,0
20,90,3.93,9,3776803,31,-926,167,61891,0,0,0,0,0,458,17549,6159,22602,0,0,0,0,0
20,90,3.984,10,3776859,31,-926,167,61891,0,0,0,0,0,458,17549,6159,22602,0,0,0,0,0
20,90,4.039,11,3776915,31,-926,167,61891,0,0,0,0,0,458,17549,6159,22602,0,0,0,0,0
20,90,4.097,12,3776971,31,-926,167,61891,0,0,0,0,0,458,17549,6159,22602,0,0,0,0,0
20,90,4.152,13,3777027,31,-926,167,61891,0,0,0,0,0,458,17549,6159,22602,0,0,0,0,0
20,90,4.208,14,3777083,31,-926,167,61891,0,0,0,0,0,458,17549,6159,22602,0,0,0,0,0
20,90,4.266,15,3777139,31,-926,167,61891,0,0,0,0,0,458,17549,6159,22602,0,0,0,0,0
20,90,4.319,16,3777195,31,-926,167,61891,0,0,0,0,0,458,17549,6159,22602,0,0,0,0,0
20,90,4.375,17,3777251,31,-926,167,61891,0,0,0,0,0,458,17549,6159,22602,0,0,0,0,0
20,90,4.432,18,3777307,31,-926,167,61891,0,0,0,0,0,458,17549,6159,22602,0,0,0,0,0
20,90,4.488,19,3777363,31,-926,167,61891,0,0,0,0,0,458,17549,6159,22602,0,0,0,0,0
20,90,4.546,20,3777419,31,-926,167,61891,0,0,0,0,0,458,17549,6159,22602,0,0,0,0,0
20,90,4.607,21,3777475,31,-926,167,61891,0,0,0,0,0,458,17549,6159,22602,0,0,0,0,0
20,90,4.651,22,3777527,31,-926,167,61891,0,0,0,0,0,458,17549,6159,22602,0,0,0,0,0
20,90,4.708,23,3777583,31,-926,167,61891,0,0,0,0,0,458,17549,6159,22602,0,0,0,0,0
20,90,4.764,24,3777639,31,-926,167,61891,0,0,0,0,0,458,17549,6159,22602,0,0,0,0,0
20,90,4.82,25,3777695,31,-926,167,61891,0,0,0,0,0,458,17549,6159,22602,0,0,0,0,0
20,90,4.876,26,3777751,31,-926,167,61891,0,0,0,0,0,458,17549,6159,22602,0,0,0,0,0
20,90,4.933,27,3777807,31,-926,167,61891,0,0,0,0,0,458,17549,6159,22602,0,0,0,0,0
20,90,4.988,28,3777863,31,-926,167,61891,0,0,0,0,0,458,17549,6159,22602,0,0,0,0,0
20,90,5.044,29,3777919,31,-926,167,61891,0,0,0,0,0,458,17549,6159,22602,0,0,0,0,0
20,90,5.1,30,3777975,31,-926,167,61891,0,0,0,0,0,458,17549,6159,22602,0,0,0,0,0
20,90,5.161,31,3778031,31,-926,167,61891,0,0,0,0,0,458,17549,6159,22602,0,0,0,0,0
20,90,5.212,32,3778087,31,-926,167,61891,0,0,0,0,0,458,17549,6159,22602,0,0,0,0,0
20,90,5.267,33,3778143,31,-926,167,61891,0,0,0,0,0,458,17549,6159,22602,0,0,0,0,0
20,90,5.337,34,3778199,31,-926,167,61891,0,0,0,0,0,458,17549,6159,22602,0,0,0,0,0
21,-107,0.006,121,3783051,31,-926,167,61891,0,0,0,0,0,458,17549,6159,22602,0,0,0,0,0
21,-107,0.084,122,3783120,31,-926,167,61849,0,0,0,8,-23,458,17551,6162,22594,1000,-1100,0,0,0
21,-107,0.144,123,3783191,31,-926,167,61587,0,0,0,36,-36,458,17554,6200,22563,1300,-1300,0,0,0
21,-107,0.217,124,3783263,31,-927,167,61238,0,0,0,72,-39,458,17557,6250,22521,1300,-1400,0,0,0
21,-107,0.292,125,3783335,31,-927,167,60783,0,0,0,75,-66,458,17560,6312,22463,1700,-1800,0,0,0
21,-107,0.36,126,3783407,31,-927,166,60123,0,0,0,118,-108,458,17563,6403,22380,2200,-2300,0,0,0
21,-107,0.432,127,3783479,31,-929,162,59679,0,0,0,154,0,460,17566,6520,22380,2700,-2700,0,0,0
21,-107,0.504,0,3783551,31,-932,158,59140,0,0,0,164,0,461,17569,6662,22380,2800,-2900,0,0,0
21,-107,0.577,1,3783623,31,-932,158,57834,0,0,0,181,-190,461,17572,6828,22202,2900,-2900,0,0,0
21,-107,0.649,2,3783695,31,-932,158,56514,0,0,0,174,-200,461,17575,6998,22024,2800,-2800,0,0,0
21,-107,0.723,3,3783767,31,-931,158,55197,0,0,0,184,-200,461,17578,7162,21841,2700,-2800,0,0,0
21,-107,0.792,4,3783839,31,-933,158,54124,0,0,0,184,-200,462,17581,7323,21719,2600,-2700,0,0,0
21,-107,0.865,5,3783911,31,-929,158,52629,0,0,0,181,-200,462,17584,7478,21480,2600,-2600,0,0,0
21,-107,1.019,6,3784056,31,-927,157,50963,0,0,0,0,0,462,17592,7667,21230,0,0,0,0,0
21,-107,1.071,7,3784111,31,-927,157,50963,0,0,0,0,0,462,17592,7667,21230,0,0,0,0,0
21,-107,1.116,8,3784163,31,-927,157,50963,0,0,0,0,0,462,17592,7667,21230,0,0,0,0,0
21,-107,1.172,9,3784219,31,-927,157,50963,0,0,0,0,0,462,17592,7667,21230,0,0,0,0,0
21,-107,1.238,10,3784275,31,-927,157,50963,0,0,0,0,0,462,17592,7667,21230,0,0,0,0,0
21,-107,1.284,11,3784331,31,-927,157,50963,0,0,0,0,0,462,17592,7667,21230,0,0,0,0,0
21,-107,1.35,12,3784387,31,-927,157,50963,0,0,0,0,0,462,17592,7667,21230,0,0,0,0,0
21,-107,1.396,13,3784443,31,-927,157,50963,0,0,0,0,0,462,17592,7667,21230,0,0,0,0,0
21,-107,1.452,14,3784499,31,-927,157,50963,0,0,0,0,0,462,17592,7667,21230,0,0,0,0,0
21,-107,1.508,15,3784555,31,-927,157,50963,0,0,0,0,0,462,17592,7667,21230,0,0,0,0,0
21,-107,1.564,16,3784611,31,-927,157,50963,0,0,0,0,0,462,17592,7667,21230,0,0,0,0,0
21,-107,1.62,17,3784667,31,-927,157,50963,0,0,0,0,0,462,17592,7667,21230,0,0,0,0,0
21,-107,1.675,18,3784723,31,-927,157,50963,0,0,0,0,0,462,17592,7667,21230,0,0,0,0,0
21,-107,1.732,19,3784779,31,-927,157,50963,0,0,0,0,0,462,17592,7667,21230,0,0,0,0,0
21,-107,1.788,20,3784835,31,-927,157,50963,0,0,0,0,0,462,17592,7667,21230,0,0,0,0,0
21,-107,1.851,21,3784891,31,-927,157,50963,0,0,0,0,0,462,17592,7667,21230,0,0,0,0,0
21,-107,1.904,22,3784947,31,-927,157,50963,0,0,0,0,0,462,17592,7667,21230,0,0,0,0,0
21,-107,1.955,23,3785003,31,-927,157,50963,0,0,0,0,0,462,17592,7667,21230,0,0,0,0,0
21,-107,2.013,24,3785059,31,-927,157,50963,0,0,0,0,0,462,17592,7667,21230,0,0,0,0,0
21,-107,2.074,25,3785115,31,-927,157,50963,0,0,0,0,0,462,17592,7667,21230,0,0,0,0,0
21,-107,2.132,26,3785171,31,-927,157,50963,0,0,0,0,0,462,17592,7667,21230,0,0,0,0,0
21,-107,2.176,27,3785223,31,-927,157,50963,0,0,0,0,0,462,17592,7667,21230,0,0,0,0,0
21,-107,2.234,28,3785279,31,-927,157,50963,0,0,0,0,0,462,17592,7667,21230,0,0,0,0,0
21,-107,2.288,29,3785335,31,-927,157,50963,0,0,0,0,0,462,17592,7667,21230,0,0,0,0,0
21,-107,2.344,30,3785391,31,-927,157,50963,0,0,0,0,0,462,17592,7667,21230,0,0,0,0,0
21,-107,2.4,31,3785447,31,-927,157,50963,0,0,0,0,0,462,17592,7667,21230,0,0,0,0,0
21,-107,2.473,32,3785503,31,-927,157,50963,0,0,0,0,0,462,17592,7667,21230,0,0,0,0,0
21,-107,2.512,33,3785559,31,-927,157,50963,0,0,0,0,0,462,17592,7667,21230,0,0,0,0,0
21,-107,2.589,34,3785615,31,-927,157,50963,0,0,0,0,0,462,17592,7667,21230,0,0,0,0,0
21,-107,2.623,35,3785671,31,-927,157,50963,0,0,0,0,0,462,17592,7667,21230,0,0,0,0,0
21,-107,2.686,36,3785727,31,-927,157,50963,0,0,0,0,0,462,17592,7667,21230,0,0,0,0,0
21,-107,2.736,37,3785783,31,-927,157,50963,0,0,0,0,0,462,17592,7667,21230,0,0,0,0,0
21,-107,2.792,38,3785839,31,-927,157,50963,0,0,0,0,0,462,17592,7667,21230,0,0,0,0,0
21,-107,2.85,39,3785895,31,-927,157,50963,0,0,0,0,0,462,17592,7667,21230,0,0,0,0,0
21,-107,2.904,40,3785951,31,-927,157,50963,0,0,0,0,0,462,17592,7667,21230,0,0,0,0,0
21,-107,2.96,41,3786007,31,-927,157,50963,0,0,0,0,0,462,17592,7667,21230,0,0,0,0,0
21,-107,3.016,42,3786063,31,-927,157,50963,0,0,0,0,0,462,17592,7667,21230,0,0,0,0,0
21,-107,3.083,43,3786119,31,-927,157,50963,0,0,0,0,0,462,17592,7667,21230,0,0,0,0,0
21,-107,3.131,44,3786175,31,-927,157,50963,0,0,0,0,0,462,17592,7667,21230,0,0,0,0,0
21,-107,3.19,45,3786231,31,-927,157,50963,0,0,0,0,0,462,17592,7667,21230,0,0,0,0,0
21,-107,3.239,46,3786283,31,-927,157,50963,0,0,0,0,0,462,17592,7667,21230,0,0,0,0,0
21,-107,3.291,47,3786339,31,-927,157,50963,0,0,0,0,0,462,17592,7667,21230,0,0,0,0,0
21,-107,3.347,48,3786395,31,-927,157,50963,0,0,0,0,0,462,17592,7667,21230,0,0,0,0,0
21,-107,3.404,49,3786451,31,-927,157,50963,0,0,0,0,0,462,17592,7667,21230,0,0,0,0,0
21,-107,3.46,50,3786507,31,-927,157,50963,0,0,0,0,0,462,17592,7667,21230,0,0,0,0,0
21,-107,3.517,51,3786563,31,-927,157,50963,0,0,0,0,0,462,17592,7667,21230,0,0,0,0,0
21,-107,3.572,52,3786619,31,-927,157,50963,0,0,0,0,0,462,17592,7667,21230,0,0,0,0,0
21,-107,3.627,53,3786675,31,-927,157,50963,0,0,0,0,0,462,17592,7667,21230,0,0,0,0,0
21,-107,3.69,54,3786731,31,-927,157,50963,0,0,0,0,0,462,17592,7667,21230,0,0,0,0,0
21,-107,3.74,55,3786787,31,-927,157,50963,0,0,0,0,0,462,17592,7667,21230,0,0,0,0,0
21,-107,3.874,56,3786843,31,-927,157,50963,0,0,0,0,0,462,17592,7667,21230,0,0,0,0,0
21,-107,3.882,57,3786899,31,-927,157,50963,0,0,0,0,0,462,17592,7667,21230,0,0,0,0,0
21,-107,3.915,58,3786955,31,-927,157,50963,0,0,0,0,0,462,17592,7667,21230,0,0,0,0,0
21,-107,3.963,59,3787011,31,-927,157,50963,0,0,0,0,0,462,17592,7667,21230,0,0,0,0,0
21,-107,4.029,60,3787067,31,-927,157,50963,0,0,0,0,0,462,17592,7667,21230,0,0,0,0,0
21,-107,4.084,61,3787123,31,-927,157,50963,0,0,0,0,0,462,17592,7667,21230,0,0,0,0,0
21,-107,4.133,62,3787179,31,-927,157,50963,0,0,0,0,0,462,17592,7667,21230,0,0,0,0,0
21,-107,4.189,63,3787235,31,-927,157,50963,0,0,0,0,0,462,17592,7667,21230,0,0,0,0,0
21,-107,4.25,64,3787291,31,-927,157,50963,0,0,0,0,0,462,17592,7667,21230,0,0,0,0,0
21,-107,4.297,65,3787343,31,-927,157,50963,0,0,0,0,0,462,17592,7667,21230,0,0,0,0,0
21,-107,4.356,66,3787399,31,-927,157,50963,0,0,0,0,0,462,17592,7667,21230,0,0,0,0,0
21,-107,4.419,67,3787455,31,-927,157,50963,0,0,0,0,0,462,17592,7667,21230,0,0,0,0,0
21,-107,4.468,68,3787511,31,-927,157,50963,0,0,0,0,0,462,17592,7667,21230,0,0,0,0,0
21,-107,4.522,69,3787567,31,-927,157,50963,0,0,0,0,0,462,17592,7667,21230,0,0,0,0,0
21,-107,4.617,70,3787623,31,-927,157,50963,0,0,0,0,0,462,17592,7667,21230,0,0,0,0,0
21,-107,4.632,71,3787679,31,-927,157,50963,0,0,0,0,0,462,17592,7667,21230,0,0,0,0,0
21,-107,4.796,72,3787735,31,-927,157,50963,0,0,0,0,0,462,17592,7667,21230,0,0,0,0,0
21,-107,4.797,73,3787791,31,-927,157,50963,0,0,0,0,0,462,17592,7667,21230,0,0,0,0,0
21,-107,4.803,74,3787847,31,-927,157,50963,0,0,0,0,0,462,17592,7667,21230,0,0,0,0,0
21,-107,4.857,75,3787903,31,-927,157,50963,0,0,0,0,0,462,17592,7667,21230,0,0,0,0,0
21,-107,4.913,76,3787959,31,-927,157,50963,0,0,0,0,0,462,17592,7667,21230,0,0,0,0,0
21,-107,4.969,77,3788015,31,-927,157,50963,0,0,0,0,0,462,17592,7667,21230,0,0,0,0,0
21,-107,5.029,78,3788071,31,-927,157,50963,0,0,0,0,0,462,17592,7667,21230,0,0,0,0,0
21,-107,5.081,79,3788127,31,-927,157,50963,0,0,0,0,0,462,17592,7667,21230,0,0,0,0,0
21,-107,5.137,80,3788183,31,-927,157,50963,0,0,0,0,0,462,17592,7667,21230,0,0,0,0,0
21,-107,5.191,81,3788239,31,-927,157,50963,0,0,0,0,0,462,17592,7667,21230,0,0,0,0,0
21,-107,5.26,82,3788295,31,-927,157,50963,0,0,0,0,0,462,17592,7667,21230,0,0,0,0,0
21,-107,5.312,83,3788351,31,-927,157,50963,0,0,0,0,0,462,17592,7667,21230,0,0,0,0,0
21,-107,5.363,84,3788403,31,-927,157,50963,0,0,0,0,0,462,17592,7667,21230,0,0,0,0,0
21,-107,5.412,85,3788459,31,-927,157,50963,0,0,0,0,0,462,17592,7667,21230,0,0,0,0,0
21,-107,5.483,86,3788515,31,-927,157,50963,0,0,0,0,0,462,17592,7667,21230,0,0,0,0,0
21,-107,5.531,87,3788571,31,-927,157,50963,0,0,0,0,0,462,17592,7667,21230,0,0,0,0,0
21,-107,5.594,88,3788627,31,-927,157,50963,0,0,0,0,0,462,17592,7667,21230,0,0,0,0,0
21,-107,5.651,89,3788683,31,-927,157,50963,0,0,0,0,0,462,17592,7667,21230,0,0,0,0,0
21,-107,5.704,90,3788739,31,-927,157,50963,0,0,0,0,0,462,17592,7667,21230,0,0,0,0,0
21,-107,5.766,91,3788795,31,-927,157,50963,0,0,0,0,0,462,17592,7667,21230,0,0,0,0,0
21,-107,5.81,92,3788851,31,-927,157,50963,0,0,0,0,0,462,17592,7667,21230,0,0,0,0,0
21,-107,5.859,93,3788907,31,-927,157,50963,0,0,0,0,0,462,17592,7667,21230,0,0,0,0,0
21,-107,5.916,94,3788963,31,-927,157,50963,0,0,0,0,0,462,17592,7667,21230,0,0,0,0,0
21,-107,5.971,95,3789019,31,-927,157,50963,0,0,0,0,0,462,17592,7667,21230,0,0,0,0,0
21,-107,6.028,96,3789075,31,-927,157,50963,0,0,0,0,0,462,17592,7667,21230,0,0,0,0,0
21,-107,6.085,97,3789131,31,-927,157,50963,0,0,0,0,0,462,17592,7667,21230,0,0,0,0,0
21,-107,6.168,98,3789187,31,-927,157,50963,0,0,0,0,0,462,17592,7667,21230,0,0,0,0,0
21,-107,6.196,99,3789243,31,-927,157,50963,0,0,0,0,0,462,17592,7667,21230,0,0,0,0,0
21,-107,6.256,100,3789299,31,-927,157,50963,0,0,0,0,0,462,17592,7667,21230,0,0,0,0,0
21,-107,6.308,101,3789355,31,-927,157,50963,0,0,0,0,0,462,17592,7667,21230,0,0,0,0,0
21,-107,6.371,102,3789411,31,-927,157,50963,0,0,0,0,0,462,17592,7667,21230,0,0,0,0,0
21,-107,6.416,103,3789463,31,-927,157,50963,0,0,0,0,0,462,17592,7667,21230,0,0,0,0,0
21,-107,6.49,104,3789519,31,-927,157,50963,0,0,0,0,0,462,17592,7667,21230,0,0,0,0,0
21,-107,6.529,105,3789575,31,-927,157,50963,0,0,0,0,0,462,17592,7667,21230,0,0,0,0,0
21,-107,6.586,106,3789631,31,-927,157,50963,0,0,0,0,0,462,17592,7667,21230,0,0,0,0,0
21,-107,6.639,107,3789687,31,-927,157,50963,0,0,0,0,0,462,17592,7667,21230,0,0,0,0,0
21,-107,6.697,108,3789743,31,-927,157,50963,0,0,0,0,0,462,17592,7667,21230,0,0,0,0,0
21,-107,6.754,109,3789799,31,-927,157,50963,0,0,0,0,0,462,17592,7667,21230,0,0,0,0,0
21,-107,6.809,110,3789855,31,-927,157,50963,0,0,0,0,0,462,17592,7667,21230,0,0,0,0,0
21,-107,6.871,111,3789911,31,-927,157,50963,0,0,0,0,0,462,17592,7667,21230,0,0,0,0,0
21,-107,6.921,112,3789967,31,-927,157,50963,0,0,0,0,0,462,17592,7667,21230,0,0,0,0,0
22,107,-0.042,71,3794819,31,-927,157,50963,0,0,0,0,0,462,17592,7667,21230,0,0,0,0,0
22,107,0.014,72,3794875,31,-927,157,50963,0,0,0,0,0,462,17592,7667,21230,0,0,0,0,0
22,107,0.078,73,3794935,31,-927,157,50982,0,0,0,0,14,462,17594,7667,21235,-1000,1100,0,0,0
22,107,0.147,74,3795007,31,-927,157,51301,0,0,0,-56,56,462,17597,7617,21269,-1200,1300,0,0,0
22,107,0.218,75,3795079,31,-926,157,51676,0,0,0,-62,56,462,17600,7562,21313,-1200,1400,0,0,0
22,107,0.29,76,3795151,31,-926,157,52162,0,0,0,-92,72,462,17603,7495,21374,-1600,1800,0,0,0
22,107,0.362,77,3795223,31,-926,157,52792,0,0,0,-99,108,462,17606,7412,21457,-2100,2300,0,0,0
22,107,0.434,78,3795295,31,-924,157,53535,0,0,0,-148,128,463,17609,7289,21530,-2600,2600,0,0,0
22,107,0.505,79,3795367,31,-925,157,54784,0,0,0,-171,145,463,17612,7137,21707,-2700,2700,0,0,0
22,107,0.581,80,3795439,31,-924,157,55979,0,0,0,-184,148,463,17615,6967,21852,-2500,2700,0,0,0
22,107,0.65,81,3795511,31,-924,157,57189,0,0,0,-184,171,463,17618,6803,22007,-2300,2600,0,0,0
22,107,0.722,82,3795583,31,-923,157,58297,0,0,0,-164,135,463,17621,6650,22146,-2100,2600,0,0,0
22,107,0.794,83,3795655,31,-923,157,59383,0,0,0,-154,154,463,17624,6506,22288,-2100,2500,0,0,0
22,107,0.867,84,3795727,31,-923,157,60403,0,0,0,-144,151,464,17627,6373,22424,-2000,2400,0,0,0
22,107,1.02,85,3795872,31,-923,157,61618,0,0,0,0,0,464,17635,6214,22585,0,0,0,0,0
22,107,1.066,86,3795927,31,-923,157,61618,0,0,0,0,0,464,17635,6214,22585,0,0,0,0,0
22,107,1.121,87,3795983,31,-923,157,61618,0,0,0,0,0,464,17635,6214,22585,0,0,0,0,0
22,107,1.185,88,3796039,31,-923,157,61618,0,0,0,0,0,464,17635,6214,22585,0,0,0,0,0
22,107,1.229,89,3796091,31,-923,157,61618,0,0,0,0,0,464,17635,6214,22585,0,0,0,0,0
22,107,1.286,90,3796147,31,-923,157,61618,0,0,0,0,0,464,17635,6214,22585,0,0,0,0,0
22,107,1.342,91,3796203,31,-923,157,61618,0,0,0,0,0,464,17635,6214,22585,0,0,0,0,0
22,107,1.4,92,3796259,31,-923,157,61618,0,0,0,0,0,464,17635,6214,22585,0,0,0,0,0
22,107,1.456,93,3796315,31,-923,157,61618,0,0,0,0,0,464,17635,6214,22585,0,0,0,0,0
22,107,1.511,94,3796371,31,-923,157,61618,0,0,0,0,0,464,17635,6214,22585,0,0,0,0,0
22,107,1.566,95,3796427,31,-923,157,61618,0,0,0,0,0,464,17635,6214,22585,0,0,0,0,0
22,107,1.621,96,3796483,31,-923,157,61618,0,0,0,0,0,464,17635,6214,22585,0,0,0,0,0
22,107,1.678,97,3796539,31,-923,157,61618,0,0,0,0,0,464,17635,6214,22585,0,0,0,0,0
22,107,1.736,98,3796595,31,-923,157,61618,0,0,0,0,0,464,17635,6214,22585,0,0,0,0,0
22,107,1.79,99,3796651,31,-923,157,61618,0,0,0,0,0,464,17635,6214,22585,0,0,0,0,0
22,107,1.846,100,3796707,31,-923,157,61618,0,0,0,0,0,464,17635,6214,22585,0,0,0,0,0
22,107,1.901,101,3796763,31,-923,157,61618,0,0,0,0,0,464,17635,6214,22585,0,0,0,0,0
22,107,1.956,102,3796819,31,-923,157,61618,0,0,0,0,0,464,17635,6214,22585,0,0,0,0,0
22,107,2.016,103,3796875,31,-923,157,61618,0,0,0,0,0,464,17635,6214,22585,0,0,0,0,0
22,107,2.07,104,3796931,31,-923,157,61618,0,0,0,0,0,464,17635,6214,22585,0,0,0,0,0
22,107,2.126,105,3796987,31,-923,157,61618,0,0,0,0,0,464,17635,6214,22585,0,0,0,0,0
22,107,2.181,106,3797043,31,-923,157,61618,0,0,0,0,0,464,17635,6214,22585,0,0,0,0,0
22,107,2.246,107,3797099,31,-923,157,61618,0,0,0,0,0,464,17635,6214,22585,0,0,0,0,0
22,107,2.289,108,3797151,31,-923,157,61618,0,0,0,0,0,464,17635,6214,22585,0,0,0,0,0
22,107,2.346,109,3797207,31,-923,157,61618,0,0,0,0,0,464,17635,6214,22585,0,0,0,0,0
22,107,2.401,110,3797263,31,-923,157,61618,0,0,0,0,0,464,17635,6214,22585,0,0,0,0,0
22,107,2.456,111,3797319,31,-923,157,61618,0,0,0,0,0,464,17635,6214,22585,0,0,0,0,0
22,107,2.514,112,3797375,31,-923,157,61618,0,0,0,0,0,464,17635,6214,22585,0,0,0,0,0
22,107,2.569,113,3797431,31,-923,157,61618,0,0,0,0,0,464,17635,6214,22585,0,0,0,0,0
22,107,2.63,114,3797487,31,-923,157,61618,0,0,0,0,0,464,17635,6214,22585,0,0,0,0,0
22,107,2.682,115,3797543,31,-923,157,61618,0,0,0,0,0,464,17635,6214,22585,0,0,0,0,0
22,107,2.736,116,3797599,31,-923,157,61618,0,0,0,0,0,464,17635,6214,22585,0,0,0,0,0
22,107,2.793,117,3797655,31,-923,157,61618,0,0,0,0,0,464,17635,6214,22585,0,0,0,0,0
22,107,2.85,118,3797711,31,-923,157,61618,0,0,0,0,0,464,17635,6214,22585,0,0,0,0,0
22,107,2.906,119,3797767,31,-923,157,61618,0,0,0,0,0,464,17635,6214,22585,0,0,0,0,0
22,107,2.963,120,3797823,31,-923,157,61618,0,0,0,0,0,464,17635,6214,22585,0,0,0,0,0
22,107,3.02,121,3797879,31,-923,157,61618,0,0,0,0,0,464,17635,6214,22585,0,0,0,0,0
22,107,3.074,122,3797935,31,-923,157,61618,0,0,0,0,0,464,17635,6214,22585,0,0,0,0,0
22,107,3.13,123,3797991,31,-923,157,61618,0,0,0,0,0,464,17635,6214,22585,0,0,0,0,0
22,107,3.184,124,3798047,31,-923,157,61618,0,0,0,0,0,464,17635,6214,22585,0,0,0,0,0
22,107,3.244,125,3798103,31,-923,157,61618,0,0,0,0,0,464,17635,6214,22585,0,0,0,0,0
22,107,3.303,126,3798159,31,-923,157,61618,0,0,0,0,0,464,17635,6214,22585,0,0,0,0,0
22,107,3.348,127,3798211,31,-923,157,61618,0,0,0,0,0,464,17635,6214,22585,0,0,0,0,0
22,107,3.405,0,3798267,31,-923,157,61618,0,0,0,0,0,464,17635,6214,22585,0,0,0,0,0
22,107,3.461,1,3798323,31,-923,157,61618,0,0,0,0,0,464,17635,6214,22585,0,0,0,0,0
22,107,3.517,2,3798379,31,-923,157,61618,0,0,0,0,0,464,17635,6214,22585,0,0,0,0,0
22,107,3.574,3,3798435,31,-923,157,61618,0,0,0,0,0,464,17635,6214,22585,0,0,0,0,0
22,107,3.629,4,3798491,31,-923,157,61618,0,0,0,0,0,464,17635,6214,22585,0,0,0,0,0
22,107,3.684,5,3798547,31,-923,157,61618,0,0,0,0,0,464,17635,6214,22585,0,0,0,0,0
22,107,3.741,6,3798603,31,-923,157,61618,0,0,0,0,0,464,17635,6214,22585,0,0,0,0,0
22,107,3.798,7,3798659,31,-923,157,61618,0,0,0,0,0,464,17635,6214,22585,0,0,0,0,0
22,107,3.858,8,3798715,31,-923,157,61618,0,0,0,0,0,464,17635,6214,22585,0,0,0,0,0
22,107,3.91,9,3798771,31,-923,157,61618,0,0,0,0,0,464,17635,6214,22585,0,0,0,0,0
22,107,3.965,10,3798827,31,-923,157,61618,0,0,0,0,0,464,17635,6214,22585,0,0,0,0,0
22,107,4.022,11,3798883,31,-923,157,61618,0,0,0,0,0,464,17635,6214,22585,0,0,0,0,0
22,107,4.077,12,3798939,31,-923,157,61618,0,0,0,0,0,464,17635,6214,22585,0,0,0,0,0
22,107,4.133,13,3798995,31,-923,157,61618,0,0,0,0,0,464,17635,6214,22585,0,0,0,0,0
22,107,4.191,14,3799051,31,-923,157,61618,0,0,0,0,0,464,17635,6214,22585,0,0,0,0,0
22,107,4.245,15,3799107,31,-923,157,61618,0,0,0,0,0,464,17635,6214,22585,0,0,0,0,0
22,107,4.302,16,3799163,31,-923,157,61618,0,0,0,0,0,464,17635,6214,22585,0,0,0,0,0
22,107,4.373,17,3799219,31,-923,157,61618,0,0,0,0,0,464,17635,6214,22585,0,0,0,0,0
22,107,4.409,18,3799271,31,-923,157,61618,0,0,0,0,0,464,17635,6214,22585,0,0,0,0,0
22,107,4.472,19,3799327,31,-923,157,61618,0,0,0,0,0,464,17635,6214,22585,0,0,0,0,0
22,107,4.522,20,3799383,31,-923,157,61618,0,0,0,0,0,464,17635,6214,22585,0,0,0,0,0
22,107,4.58,21,3799439,31,-923,157,61618,0,0,0,0,0,464,17635,6214,22585,0,0,0,0,0
22,107,4.634,22,3799495,31,-923,157,61618,0,0,0,0,0,464,17635,6214,22585,0,0,0,0,0
22,107,4.689,23,3799551,31,-923,157,61618,0,0,0,0,0,464,17635,6214,22585,0,0,0,0,0
22,107,4.744,24,3799607,31,-923,157,61618,0,0,0,0,0,464,17635,6214,22585,0,0,0,0,0
22,107,4.802,25,3799663,31,-923,157,61618,0,0,0,0,0,464,17635,6214,22585,0,0,0,0,0
22,107,4.857,26,3799719,31,-923,157,61618,0,0,0,0,0,464,17635,6214,22585,0,0,0,0,0
22,107,4.912,27,3799775,31,-923,157,61618,0,0,0,0,0,464,17635,6214,22585,0,0,0,0,0
22,107,4.969,28,3799831,31,-923,157,61618,0,0,0,0,0,464,17635,6214,22585,0,0,0,0,0
22,107,5.026,29,3799887,31,-923,157,61618,0,0,0,0,0,464,17635,6214,22585,0,0,0,0,0
22,107,5.089,30,3799943,31,-923,157,61618,0,0,0,0,0,464,17635,6214,22585,0,0,0,0,0
22,107,5.138,31,3799999,31,-923,157,61618,0,0,0,0,0,464,17635,6214,22585,0,0,0,0,0
22,107,5.192,32,3800055,31,-923,157,61618,0,0,0,0,0,464,17635,6214,22585,0,0,0,0,0
22,107,5.25,33,3800111,31,-923,157,61618,0,0,0,0,0,464,17635,6214,22585,0,0,0,0,0
22,107,5.305,34,3800167,31,-923,157,61618,0,0,0,0,0,464,17635,6214,22585,0,0,0,0,0
22,107,5.362,35,3800223,31,-923,157,61618,0,0,0,0,0,464,17635,6214,22585,0,0,0,0,0
22,107,5.425,36,3800279,31,-923,157,61618,0,0,0,0,0,464,17635,6214,22585,0,0,0,0,0
22,107,5.472,37,3800331,31,-923,157,61618,0,0,0,0,0,464,17635,6214,22585,0,0,0,0,0
22,107,5.525,38,3800387,31,-923,157,61618,0,0,0,0,0,464,17635,6214,22585,0,0,0,0,0
22,107,5.581,39,3800443,31,-923,157,61618,0,0,0,0,0,464,17635,6214,22585,0,0,0,0,0
22,107,5.636,40,3800499,31,-923,157,61618,0,0,0,0,0,464,17635,6214,22585,0,0,0,0,0
22,107,5.7,41,3800555,31,-923,157,61618,0,0,0,0,0,464,17635,6214,22585,0,0,0,0,0
22,107,5.749,42,3800611,31,-923,157,61618,0,0,0,0,0,464,17635,6214,22585,0,0,0,0,0
22,107,5.805,43,3800667,31,-923,157,61618,0,0,0,0,0,464,17635,6214,22585,0,0,0,0,0
22,107,5.864,44,3800723,31,-923,157,61618,0,0,0,0,0,464,17635,6214,22585,0,0,0,0,0
22,107,5.917,45,3800779,31,-923,157,61618,0,0,0,0,0,464,17635,6214,22585,0,0,0,0,0
22,107,5.974,46,3800835,31,-923,157,61618,0,0,0,0,0,464,17635,6214,22585,0,0,0,0,0
22,107,6.029,47,3800891,31,-923,157,61618,0,0,0,0,0,464,17635,6214,22585,0,0,0,0,0
22,107,6.086,48,3800947,31,-923,157,61618,0,0,0,0,0,464,17635,6214,22585,0,0,0,0,0
22,107,6.142,49,3801003,31,-923,157,61618,0,0,0,0,0,464,17635,6214,22585,0,0,0,0,0
22,107,6.197,50,3801059,31,-923,157,61618,0,0,0,0,0,464,17635,6214,22585,0,0,0,0,0
23,-180,-0.005,124,3805187,31,-923,157,61618,0,0,0,0,0,464,17635,6214,22585,0,0,0,0,0
23,-180,0.047,125,3805239,31,-923,157,61618,0,0,0,0,0,464,17636,6214,22585,900,-900,0,0,0
23,-180,0.119,126,3805311,31,-923,157,61416,0,0,0,26,-39,464,17639,6239,22557,1100,-1200,0,0,0
23,-180,0.191,127,3805383,31,-923,157,61101,0,0,0,56,-43,464,17642,6284,22519,1300,-1400,0,0,0
23,-180,0.263,0,3805455,31,-924,157,60616,0,0,0,72,-66,464,17645,6350,22457,1500,-1600,0,0,0
23,-180,0.335,1,3805527,31,-924,157,60058,0,0,0,89,-92,464,17648,6425,22385,2000,-2100,0,0,0
23,-180,0.407,2,3805599,31,-923,157,59223,0,0,0,128,-138,465,17651,6531,22271,2400,-2500,0,0,0
23,-180,0.49,3,3805671,31,-923,157,58191,0,0,0,148,-154,465,17654,6662,22130,2600,-2700,0,0,0
23,-180,0.551,4,3805743,31,-923,158,56969,0,0,0,172,-188,465,17657,6817,21963,2600,-2600,0,0,0
23,-180,0.623,5,3805815,31,-922,158,55748,0,0,0,164,-200,465,17660,6967,21791,2600,-2500,0,0,0
23,-180,0.705,6,3805888,31,-921,158,54545,0,0,0,164,-184,465,17663,7117,21624,2500,-2300,0,0,0
23,-180,0.771,7,3805959,31,-921,158,53406,0,0,0,154,-148,465,17666,7267,21474,2400,-2100,0,0,0
23,-180,0.839,8,3806031,31,-921,158,52333,0,0,0,144,-164,465,17669,7406,21330,2300,-2000,0,0,0
23,-180,0.911,9,3806103,31,-921,158,51301,0,0,0,154,-144,465,17672,7542,21194,2400,-2100,0,0,0
23,-180,0.983,10,3806175,31,-921,158,50276,0,0,0,144,-138,465,17675,7681,21063,2300,-2000,0,0,0
23,-180,1.058,11,3806247,31,-921,158,49274,0,0,0,148,-144,465,17678,7812,20930,2300,-2100,0,0,0
23,-180,1.128,12,3806319,31,-921,158,48235,0,0,0,144,-154,465,17681,7950,20794,2300,-2100,0,0,0
23,-180,1.206,13,3806391,31,-921,158,47206,0,0,0,158,-154,465,17684,8087,20660,2400,-2000,0,0,0
23,-180,1.272,14,3806463,31,-922,159,46178,0,0,0,154,-145,465,17687,8228,20530,2300,-2100,0,0,0
23,-180,1.353,15,3806536,31,-922,159,45161,0,0,0,138,-148,465,17690,8362,20396,2300,-2000,0,0,0
23,-180,1.417,16,3806607,31,-921,159,44216,0,0,0,118,-108,465,17693,8489,20274,1000,-900,0,0,0
23,-180,1.495,17,3806688,31,-921,159,43753,0,0,0,0,0,465,17698,8556,20219,0,0,0,0,0
23,-180,1.55,18,3806739,31,-921,159,43753,0,0,0,0,0,465,17700,8556,20219,0,0,0,0,0
23,-180,1.638,19,3806811,31,-921,159,43753,0,0,0,0,0,465,17703,8556,20219,0,0,0,0,0
23,-180,1.676,20,3806867,31,-921,159,43753,0,0,0,0,0,465,17704,8556,20219,0,0,0,0,0
23,-180,1.733,21,3806923,31,-921,159,43753,0,0,0,0,0,465,17704,8556,20219,0,0,0,0,0
23,-180,1.796,22,3806979,31,-921,159,43753,0,0,0,0,0,465,17704,8556,20219,0,0,0,0,0
23,-180,1.839,23,3807031,31,-921,159,43753,0,0,0,0,0,465,17704,8556,20219,0,0,0,0,0
23,-180,1.894,24,3807087,31,-921,159,43753,0,0,0,0,0,465,17704,8556,20219,0,0,0,0,0
23,-180,1.951,25,3807143,31,-921,159,43753,0,0,0,0,0,465,17704,8556,20219,0,0,0,0,0
23,-180,2.007,26,3807199,31,-921,159,43753,0,0,0,0,0,465,17704,8556,20219,0,0,0,0,0
23,-180,2.073,27,3807255,31,-921,159,43753,0,0,0,0,0,465,17704,8556,20219,0,0,0,0,0
23,-180,2.118,28,3807311,31,-921,159,43753,0,0,0,0,0,465,17704,8556,20219,0,0,0,0,0
23,-180,2.174,29,3807367,31,-921,159,43753,0,0,0,0,0,465,17704,8556,20219,0,0,0,0,0
23,-180,2.236,30,3807423,31,-921,159,43753,0,0,0,0,0,465,17704,8556,20219,0,0,0,0,0
23,-180,2.287,31,3807479,31,-921,159,43753,0,0,0,0,0,465,17704,8556,20219,0,0,0,0,0
23,-180,2.346,32,3807535,31,-921,159,43753,0,0,0,0,0,465,17704,8556,20219,0,0,0,0,0
23,-180,2.399,33,3807591,31,-921,159,43753,0,0,0,0,0,465,17704,8556,20219,0,0,0,0,0
23,-180,2.455,34,3807647,31,-921,159,43753,0,0,0,0,0,465,17704,8556,20219,0,0,0,0,0
23,-180,2.51,35,3807703,31,-921,159,43753,0,0,0,0,0,465,17704,8556,20219,0,0,0,0,0
23,-180,2.567,36,3807759,31,-921,159,43753,0,0,0,0,0,465,17704,8556,20219,0,0,0,0,0
23,-180,2.642,37,3807815,31,-921,159,43753,0,0,0,0,0,465,17704,8556,20219,0,0,0,0,0
23,-180,2.678,38,3807871,31,-921,159,43753,0,0,0,0,0,465,17704,8556,20219,0,0,0,0,0
23,-180,2.734,39,3807927,31,-921,159,43753,0,0,0,0,0,465,17704,8556,20219,0,0,0,0,0
23,-180,2.79,40,3807983,31,-921,159,43753,0,0,0,0,0,465,17704,8556,20219,0,0,0,0,0
23,-180,2.854,41,3808039,31,-921,159,43753,0,0,0,0,0,465,17704,8556,20219,0,0,0,0,0
23,-180,2.904,42,3808091,31,-921,159,43753,0,0,0,0,0,465,17704,8556,20219,0,0,0,0,0
23,-180,2.962,43,3808147,31,-921,159,43753,0,0,0,0,0,465,17704,8556,20219,0,0,0,0,0
23,-180,3.012,44,3808203,31,-921,159,43753,0,0,0,0,0,465,17704,8556,20219,0,0,0,0,0
23,-180,3.066,45,3808259,31,-921,159,43753,0,0,0,0,0,465,17704,8556,20219,0,0,0,0,0
23,-180,3.122,46,3808315,31,-921,159,43753,0,0,0,0,0,465,17704,8556,20219,0,0,0,0,0
23,-180,3.184,47,3808371,31,-921,159,43753,0,0,0,0,0,465,17704,8556,20219,0,0,0,0,0
23,-180,3.235,48,3808427,31,-921,159,43753,0,0,0,0,0,465,17704,8556,20219,0,0,0,0,0
23,-180,3.29,49,3808483,31,-921,159,43753,0,0,0,0,0,465,17704,8556,20219,0,0,0,0,0
23,-180,3.346,50,3808539,31,-921,159,43753,0,0,0,0,0,465,17704,8556,20219,0,0,0,0,0
23,-180,3.402,51,3808595,31,-921,159,43753,0,0,0,0,0,465,17704,8556,20219,0,0,0,0,0
23,-180,3.465,52,3808651,31,-921,159,43753,0,0,0,0,0,465,17704,8556,20219,0,0,0,0,0
23,-180,3.517,53,3808707,31,-921,159,43753,0,0,0,0,0,465,17704,8556,20219,0,0,0,0,0
23,-180,3.571,54,3808763,31,-921,159,43753,0,0,0,0,0,465,17704,8556,20219,0,0,0,0,0
23,-180,3.627,55,3808819,31,-921,159,43753,0,0,0,0,0,465,17704,8556,20219,0,0,0,0,0
23,-180,3.682,56,3808875,31,-921,159,43753,0,0,0,0,0,465,17704,8556,20219,0,0,0,0,0
23,-180,3.738,57,3808931,31,-921,159,43753,0,0,0,0,0,465,17704,8556,20219,0,0,0,0,0
23,-180,3.794,58,3808987,31,-921,159,43753,0,0,0,0,0,465,17704,8556,20219,0,0,0,0,0
23,-180,3.85,59,3809043,31,-921,159,43753,0,0,0,0,0,465,17704,8556,20219,0,0,0,0,0
23,-180,3.913,60,3809099,31,-921,159,43753,0,0,0,0,0,465,17704,8556,20219,0,0,0,0,0
23,-180,3.959,61,3809151,31,-921,159,43753,0,0,0,0,0,465,17704,8556,20219,0,0,0,0,0
23,-180,4.014,62,3809207,31,-921,159,43753,0,0,0,0,0,465,17704,8556,20219,0,0,0,0,0
23,-180,4.081,63,3809263,31,-921,159,43753,0,0,0,0,0,465,17704,8556,20219,0,0,0,0,0
23,-180,4.133,64,3809319,31,-921,159,43753,0,0,0,0,0,465,17704,8556,20219,0,0,0,0,0
23,-180,4.184,65,3809375,31,-921,159,43753,0,0,0,0,0,465,17704,8556,20219,0,0,0,0,0
23,-180,4.246,66,3809431,31,-921,159,43753,0,0,0,0,0,465,17704,8556,20219,0,0,0,0,0
23,-180,4.294,67,3809487,31,-921,159,43753,0,0,0,0,0,465,17704,8556,20219,0,0,0,0,0
23,-180,4.357,68,3809543,31,-921,159,43753,0,0,0,0,0,465,17704,8556,20219,0,0,0,0,0
23,-180,4.422,69,3809599,31,-921,159,43753,0,0,0,0,0,465,17704,8556,20219,0,0,0,0,0
23,-180,4.463,70,3809655,31,-921,159,43753,0,0,0,0,0,465,17704,8556,20219,0,0,0,0,0
23,-180,4.518,71,3809711,31,-921,159,43753,0,0,0,0,0,465,17704,8556,20219,0,0,0,0,0
23,-180,4.574,72,3809767,31,-921,159,43753,0,0,0,0,0,465,17704,8556,20219,0,0,0,0,0
23,-180,4.63,73,3809823,31,-921,159,43753,0,0,0,0,0,465,17704,8556,20219,0,0,0,0,0
23,-180,4.695,74,3809879,31,-921,159,43753,0,0,0,0,0,465,17704,8556,20219,0,0,0,0,0
23,-180,4.746,75,3809935,31,-921,159,43753,0,0,0,0,0,465,17704,8556,20219,0,0,0,0,0
23,-180,4.8,76,3809991,31,-921,159,43753,0,0,0,0,0,465,17704,8556,20219,0,0,0,0,0
23,-180,4.861,77,3810047,31,-921,159,43753,0,0,0,0,0,465,17704,8556,20219,0,0,0,0,0
23,-180,4.91,78,3810103,31,-921,159,43753,0,0,0,0,0,465,17704,8556,20219,0,0,0,0,0
23,-180,4.973,79,3810159,31,-921,159,43753,0,0,0,0,0,465,17704,8556,20219,0,0,0,0,0
23,-180,5.018,80,3810211,31,-921,159,43753,0,0,0,0,0,465,17704,8556,20219,0,0,0,0,0
23,-180,5.075,81,3810267,31,-921,159,43753,0,0,0,0,0,465,17704,8556,20219,0,0,0,0,0
23,-180,5.13,82,3810323,31,-921,159,43753,0,0,0,0,0,465,17704,8556,20219,0,0,0,0,0
23,-180,5.185,83,3810379,31,-921,159,43753,0,0,0,0,0,465,17704,8556,20219,0,0,0,0,0
23,-180,5.242,84,3810435,31,-921,159,43753,0,0,0,0,0,465,17704,8556,20219,0,0,0,0,0
23,-180,5.309,85,3810491,31,-921,159,43753,0,0,0,0,0,465,17704,8556,20219,0,0,0,0,0
23,-180,5.358,86,3810547,31,-921,159,43753,0,0,0,0,0,465,17704,8556,20219,0,0,0,0,0
23,-180,5.411,87,3810603,31,-921,159,43753,0,0,0,0,0,465,17704,8556,20219,0,0,0,0,0
23,-180,5.466,88,3810659,31,-921,159,43753,0,0,0,0,0,465,17704,8556,20219,0,0,0,0,0
23,-180,5.522,89,3810715,31,-921,159,43753,0,0,0,0,0,465,17704,8556,20219,0,0,0,0,0
23,-180,5.578,90,3810771,31,-921,159,43753,0,0,0,0,0,465,17704,8556,20219,0,0,0,0,0
23,-180,5.634,91,3810827,31,-921,159,43753,0,0,0,0,0,465,17704,8556,20219,0,0,0,0,0
23,-180,5.695,92,3810883,31,-921,159,43753,0,0,0,0,0,465,17704,8556,20219,0,0,0,0,0
23,-180,5.745,93,3810939,31,-921,159,43753,0,0,0,0,0,465,17704,8556,20219,0,0,0,0,0
23,-180,5.801,94,3810995,31,-921,159,43753,0,0,0,0,0,465,17704,8556,20219,0,0,0,0,0
23,-180,5.861,95,3811051,31,-921,159,43753,0,0,0,0,0,465,17704,8556,20219,0,0,0,0,0
23,-180,5.922,96,3811107,31,-921,159,43753,0,0,0,0,0,465,17704,8556,20219,0,0,0,0,0
23,-180,5.975,97,3811163,31,-921,159,43753,0,0,0,0,0,465,17704,8556,20219,0,0,0,0,0
23,-180,6.033,98,3811219,31,-921,159,43753,0,0,0,0,0,465,17704,8556,20219,0,0,0,0,0
23,-180,6.077,99,3811271,31,-921,159,43753,0,0,0,0,0,465,17704,8556,20219,0,0,0,0,0
23,-180,6.135,100,3811327,31,-921,159,43753,0,0,0,0,0,465,17704,8556,20219,0,0,0,0,0
23,-180,6.191,101,3811383,31,-921,159,43753,0,0,0,0,0,465,17704,8556,20219,0,0,0,0,0
23,-180,6.246,102,3811439,31,-921,159,43753,0,0,0,0,0,465,17704,8556,20219,0,0,0,0,0
24,180,-0.007,63,3816407,31,-921,159,43753,0,0,0,0,0,465,17704,8556,20219,0,0,0,0,0
24,180,0.048,64,3816459,31,-921,159,43753,0,0,0,0,0,465,17705,8556,20219,-900,900,0,0,0
24,180,0.132,65,3816531,31,-921,159,43981,0,0,0,-53,36,465,17708,8523,20246,-1100,1200,0,0,0
24,180,0.195,66,3816603,31,-922,158,44300,0,0,0,-62,48,465,17711,8473,20280,-1300,1500,0,0,0
24,180,0.263,67,3816675,31,-922,158,44698,0,0,0,-72,56,465,17714,8412,20324,-1500,1700,0,0,0
24,180,0.336,68,3816747,31,-922,157,45283,0,0,0,-92,102,465,17717,8328,20394,-1900,2100,0,0,0
24,180,0.409,69,3816819,31,-922,157,46049,0,0,0,-128,128,465,17720,8223,20491,-2500,2500,0,0,0
24,180,0.479,70,3816891,31,-921,156,47081,0,0,0,-181,164,465,17723,8073,20613,-2700,2700,0,0,0
24,180,0.551,71,3816963,31,-921,155,48254,0,0,0,-190,174,465,17726,7906,20755,-2600,2700,0,0,0
24,180,0.623,72,3817035,31,-920,154,49445,0,0,0,-184,164,465,17729,7739,20902,-2500,2700,0,0,0
24,180,0.708,73,3817108,31,-920,154,50591,0,0,0,-164,154,465,17732,7584,21049,-2200,2600,0,0,0
24,180,0.769,74,3817179,31,-920,154,51718,0,0,0,-144,164,465,17735,7434,21196,-2100,2600,0,0,0
24,180,0.842,75,3817251,31,-920,154,52818,0,0,0,-164,154,465,17738,7289,21341,-2100,2600,0,0,0
24,180,0.911,76,3817323,31,-921,154,53934,0,0,0,-148,171,465,17741,7150,21496,-2100,2600,0,0,0
24,180,0.983,77,3817395,31,-921,154,54996,0,0,0,-135,174,465,17744,7012,21638,-2000,2600,0,0,0
24,180,1.056,78,3817467,31,-921,154,56081,0,0,0,-145,164,465,17747,6873,21785,-2100,2600,0,0,0
24,180,1.127,79,3817539,31,-921,154,57117,0,0,0,-148,145,465,17750,6739,21924,-2000,2600,0,0,0
24,180,1.2,80,3817611,31,-922,153,58191,0,0,0,-148,171,465,17753,6603,22071,-2000,2500,0,0,0
24,180,1.271,81,3817683,31,-922,153,59246,0,0,0,-148,164,465,17756,6467,22213,-2000,2500,0,0,0
24,180,1.343,82,3817755,31,-922,153,60255,0,0,0,-144,144,465,17759,6334,22346,-1900,2500,0,0,0
24,180,1.415,83,3817827,31,-922,153,61166,0,0,0,-108,111,465,17762,6217,22469,-800,1400,0,0,0
24,180,1.504,84,3817908,31,-922,153,61534,0,0,0,0,0,465,17767,6167,22516,0,0,0,0,0
24,180,1.551,85,3817963,31,-922,153,61534,0,0,0,0,0,465,17769,6167,22516,0,0,0,0,0
24,180,1.623,86,3818035,31,-922,153,61534,0,0,0,0,0,465,17772,6167,22516,0,0,0,0,0
24,180,1.679,87,3818091,31,-922,153,61534,0,0,0,0,0,465,17773,6167,22516,0,0,0,0,0
24,180,1.735,88,3818147,31,-922,153,61534,0,0,0,0,0,465,17773,6167,22516,0,0,0,0,0
24,180,1.793,89,3818203,31,-922,153,61534,0,0,0,0,0,465,17773,6167,22516,0,0,0,0,0
24,180,1.846,90,3818259,31,-922,153,61534,0,0,0,0,0,465,17773,6167,22516,0,0,0,0,0
24,180,1.902,91,3818315,31,-922,153,61534,0,0,0,0,0,465,17773,6167,22516,0,0,0,0,0
24,180,1.959,92,3818371,31,-922,153,61534,0,0,0,0,0,465,17773,6167,22516,0,0,0,0,0
24,180,2.015,93,3818427,31,-922,153,61534,0,0,0,0,0,465,17773,6167,22516,0,0,0,0,0
24,180,2.071,94,3818483,31,-922,153,61534,0,0,0,0,0,465,17773,6167,22516,0,0,0,0,0
24,180,2.127,95,3818539,31,-922,153,61534,0,0,0,0,0,465,17773,6167,22516,0,0,0,0,0
24,180,2.183,96,3818595,31,-922,153,61534,0,0,0,0,0,465,17773,6167,22516,0,0,0,0,0
24,180,2.238,97,3818651,31,-922,153,61534,0,0,0,0,0,465,17773,6167,22516,0,0,0,0,0
24,180,2.295,98,3818707,31,-922,153,61534,0,0,0,0,0,465,17773,6167,22516,0,0,0,0,0
24,180,2.35,99,3818763,31,-922,153,61534,0,0,0,0,0,465,17773,6167,22516,0,0,0,0,0
24,180,2.407,100,3818819,31,-922,153,61534,0,0,0,0,0,465,17773,6167,22516,0,0,0,0,0
24,180,2.463,101,3818875,31,-922,153,61534,0,0,0,0,0,465,17773,6167,22516,0,0,0,0,0
24,180,2.519,102,3818931,31,-922,153,61534,0,0,0,0,0,465,17773,6167,22516,0,0,0,0,0
24,180,2.588,103,3818987,31,-922,153,61534,0,0,0,0,0,465,17773,6167,22516,0,0,0,0,0
24,180,2.627,104,3819039,31,-922,153,61534,0,0,0,0,0,465,17773,6167,22516,0,0,0,0,0
24,180,2.686,105,3819095,31,-922,153,61534,0,0,0,0,0,465,17773,6167,22516,0,0,0,0,0
24,180,2.739,106,3819151,31,-922,153,61534,0,0,0,0,0,465,17773,6167,22516,0,0,0,0,0
24,180,2.795,107,3819207,31,-922,153,61534,0,0,0,0,0,465,17773,6167,22516,0,0,0,0,0
24,180,2.851,108,3819263,31,-922,153,61534,0,0,0,0,0,465,17773,6167,22516,0,0,0,0,0
24,180,2.907,109,3819319,31,-922,153,61534,0,0,0,0,0,465,17773,6167,22516,0,0,0,0,0
24,180,2.963,110,3819375,31,-922,153,61534,0,0,0,0,0,465,17773,6167,22516,0,0,0,0,0
24,180,3.02,111,3819431,31,-922,153,61534,0,0,0,0,0,465,17773,6167,22516,0,0,0,0,0
24,180,3.075,112,3819487,31,-922,153,61534,0,0,0,0,0,465,17773,6167,22516,0,0,0,0,0
24,180,3.131,113,3819543,31,-922,153,61534,0,0,0,0,0,465,17773,6167,22516,0,0,0,0,0
24,180,3.187,114,3819599,31,-922,153,61534,0,0,0,0,0,465,17773,6167,22516,0,0,0,0,0
24,180,3.242,115,3819655,31,-922,153,61534,0,0,0,0,0,465,17773,6167,22516,0,0,0,0,0
24,180,3.301,116,3819711,31,-922,153,61534,0,0,0,0,0,465,17773,6167,22516,0,0,0,0,0
24,180,3.354,117,3819767,31,-922,153,61534,0,0,0,0,0,465,17773,6167,22516,0,0,0,0,0
24,180,3.411,118,3819823,31,-922,153,61534,0,0,0,0,0,465,17773,6167,22516,0,0,0,0,0
24,180,3.467,119,3819879,31,-922,153,61534,0,0,0,0,0,465,17773,6167,22516,0,0,0,0,0
24,180,3.523,120,3819935,31,-922,153,61534,0,0,0,0,0,465,17773,6167,22516,0,0,0,0,0
24,180,3.579,121,3819991,31,-922,153,61534,0,0,0,0,0,465,17773,6167,22516,0,0,0,0,0
24,180,3.642,122,3820047,31,-922,153,61534,0,0,0,0,0,465,17773,6167,22516,0,0,0,0,0
24,180,3.687,123,3820099,31,-922,153,61534,0,0,0,0,0,465,17773,6167,22516,0,0,0,0,0
24,180,3.752,124,3820155,31,-922,153,61534,0,0,0,0,0,465,17773,6167,22516,0,0,0,0,0
24,180,3.799,125,3820211,31,-922,153,61534,0,0,0,0,0,465,17773,6167,22516,0,0,0,0,0
24,180,3.855,126,3820267,31,-922,153,61534,0,0,0,0,0,465,17773,6167,22516,0,0,0,0,0
24,180,3.915,127,3820323,31,-922,153,61534,0,0,0,0,0,465,17773,6167,22516,0,0,0,0,0
24,180,3.967,0,3820379,31,-922,153,61534,0,0,0,0,0,465,17773,6167,22516,0,0,0,0,0
24,180,4.022,1,3820435,31,-922,153,61534,0,0,0,0,0,465,17773,6167,22516,0,0,0,0,0
24,180,4.079,2,3820491,31,-922,153,61534,0,0,0,0,0,465,17773,6167,22516,0,0,0,0,0
24,180,4.135,3,3820547,31,-922,153,61534,0,0,0,0,0,465,17773,6167,22516,0,0,0,0,0
24,180,4.19,4,3820603,31,-922,153,61534,0,0,0,0,0,465,17773,6167,22516,0,0,0,0,0
24,180,4.248,5,3820659,31,-922,153,61534,0,0,0,0,0,465,17773,6167,22516,0,0,0,0,0
24,180,4.302,6,3820715,31,-922,153,61534,0,0,0,0,0,465,17773,6167,22516,0,0,0,0,0
24,180,4.36,7,3820771,31,-922,153,61534,0,0,0,0,0,465,17773,6167,22516,0,0,0,0,0
24,180,4.418,8,3820827,31,-922,153,61534,0,0,0,0,0,465,17773,6167,22516,0,0,0,0,0
24,180,4.471,9,3820883,31,-922,153,61534,0,0,0,0,0,465,17773,6167,22516,0,0,0,0,0
24,180,4.532,10,3820939,31,-922,153,61534,0,0,0,0,0,465,17773,6167,22516,0,0,0,0,0
24,180,4.583,11,3820995,31,-922,153,61534,0,0,0,0,0,465,17773,6167,22516,0,0,0,0,0
24,180,4.637,12,3821051,31,-922,153,61534,0,0,0,0,0,465,17773,6167,22516,0,0,0,0,0
24,180,4.702,13,3821107,31,-922,153,61534,0,0,0,0,0,465,17773,6167,22516,0,0,0,0,0
24,180,4.747,14,3821159,31,-922,153,61534,0,0,0,0,0,465,17773,6167,22516,0,0,0,0,0
24,180,4.814,15,3821215,31,-922,153,61534,0,0,0,0,0,465,17773,6167,22516,0,0,0,0,0
24,180,4.859,16,3821271,31,-922,153,61534,0,0,0,0,0,465,17773,6167,22516,0,0,0,0,0
24,180,4.914,17,3821327,31,-922,153,61534,0,0,0,0,0,465,17773,6167,22516,0,0,0,0,0
24,180,4.971,18,3821383,31,-922,153,61534,0,0,0,0,0,465,17773,6167,22516,0,0,0,0,0
24,180,5.027,19,3821439,31,-922,153,61534,0,0,0,0,0,465,17773,6167,22516,0,0,0,0,0
24,180,5.083,20,3821495,31,-922,153,61534,0,0,0,0,0,465,17773,6167,22516,0,0,0,0,0
24,180,5.143,21,3821551,31,-922,153,61534,0,0,0,0,0,465,17773,6167,22516,0,0,0,0,0
24,180,5.195,22,3821607,31,-922,153,61534,0,0,0,0,0,465,17773,6167,22516,0,0,0,0,0
24,180,5.251,23,3821663,31,-922,153,61534,0,0,0,0,0,465,17773,6167,22516,0,0,0,0,0
24,180,5.308,24,3821719,31,-922,153,61534,0,0,0,0,0,465,17773,6167,22516,0,0,0,0,0
24,180,5.363,25,3821775,31,-922,153,61534,0,0,0,0,0,465,17773,6167,22516,0,0,0,0,0
24,180,5.42,26,3821831,31,-922,153,61534,0,0,0,0,0,465,17773,6167,22516,0,0,0,0,0
24,180,5.476,27,3821887,31,-922,153,61534,0,0,0,0,0,465,17773,6167,22516,0,0,0,0,0
24,180,5.53,28,3821943,31,-922,153,61534,0,0,0,0,0,465,17773,6167,22516,0,0,0,0,0
24,180,5.586,29,3821999,31,-922,153,61534,0,0,0,0,0,465,17773,6167,22516,0,0,0,0,0
24,180,5.643,30,3822055,31,-922,153,61534,0,0,0,0,0,465,17773,6167,22516,0,0,0,0,0
24,180,5.698,31,3822111,31,-922,153,61534,0,0,0,0,0,465,17773,6167,22516,0,0,0,0,0
24,180,5.763,32,3822167,31,-922,153,61534,0,0,0,0,0,465,17773,6167,22516,0,0,0,0,0
24,180,5.807,33,3822219,31,-922,153,61534,0,0,0,0,0,465,17773,6167,22516,0,0,0,0,0
24,180,5.864,34,3822275,31,-922,153,61534,0,0,0,0,0,465,17773,6167,22516,0,0,0,0,0
24,180,5.919,35,3822331,31,-922,153,61534,0,0,0,0,0,465,17773,6167,22516,0,0,0,0,0
24,180,5.976,36,3822387,31,-922,153,61534,0,0,0,0,0,465,17773,6167,22516,0,0,0,0,0
24,180,6.031,37,3822443,31,-922,153,61534,0,0,0,0,0,465,17773,6167,22516,0,0,0,0,0
24,180,6.087,38,3822499,31,-922,153,61534,0,0,0,0,0,465,17773,6167,22516,0,0,0,0,0
24,180,6.142,39,3822555,31,-922,153,61534,0,0,0,0,0,465,17773,6167,22516,0,0,0,0,0
24,180,6.199,40,3822611,31,-922,153,61534,0,0,0,0,0,465,17773,6167,22516,0,0,0,0,0
24,180,6.255,41,3822667,31,-922,153,61534,0,0,0,0,0,465,17773,6167,22516,0,0,0,0,0
24,180,6.312,42,3822723,31,-922,153,61534,0,0,0,0,0,465,17773,6167,22516,0,0,0,0,0
24,180,6.38,43,3822779,31,-922,153,61534,0,0,0,0,0,465,17773,6167,22516,0,0,0,0,0
24,180,6.423,44,3822835,31,-922,153,61534,0,0,0,0,0,465,17773,6167,22516,0,0,0,0,0
24,180,6.478,45,3822891,31,-922,153,61534,0,0,0,0,0,465,17773,6167,22516,0,0,0,0,0
25,90,-0.02,123,3827243,31,-922,153,61534,0,0,0,0,0,465,17773,6167,22516,0,0,0,0,0
25,90,0.048,124,3827311,31,-922,153,61534,0,0,0,0,0,465,17774,6167,22516,-900,900,0,0,0
25,90,0.12,125,3827383,31,-922,154,61724,0,0,0,-46,10,465,17777,6131,22530,-1100,1300,0,0,0
25,90,0.192,126,3827455,31,-921,155,62080,0,0,0,-92,46,465,17780,6067,22560,-1200,1500,0,0,0
25,90,0.271,127,3827527,31,-921,156,62524,0,0,0,-75,62,465,17783,6000,22610,-1400,1800,0,0,0
25,90,0.349,0,3827599,31,-921,157,63094,0,0,0,-87,87,465,17786,5917,22677,-1800,2100,0,0,0
25,90,0.408,1,3827671,31,-921,157,63830,0,0,0,-125,118,465,17789,5812,22766,-2300,2500,0,0,0
25,90,0.48,2,3827743,31,-922,158,64812,0,0,0,-154,148,465,17792,5667,22880,-2600,2700,0,0,0
25,90,0.554,3,3827815,31,-922,160,65951,0,0,0,-194,145,465,17795,5500,23013,-2500,2700,0,0,0
25,90,0.624,4,3827887,31,-923,161,67119,0,0,0,-190,155,465,17798,5331,23152,-2400,2700,0,0,0
25,90,0.696,5,3827959,31,-923,161,68246,0,0,0,-180,148,465,17801,5173,23291,-2200,2600,0,0,0
25,90,0.77,6,3828031,31,-924,161,69351,0,0,0,-164,171,465,17804,5023,23432,-1600,2200,0,0,0
25,90,0.89,7,3828152,31,-924,162,70375,0,0,0,0,0,465,17811,4878,23557,0,0,0,0,0
25,90,0.94,8,3828203,31,-924,162,70375,0,0,0,0,0,465,17813,4878,23557,0,0,0,0,0
25,90,1.013,9,3828275,31,-924,162,70375,0,0,0,0,0,465,17816,4878,23557,0,0,0,0,0
25,90,1.068,10,3828331,31,-924,162,70375,0,0,0,0,0,465,17817,4878,23557,0,0,0,0,0
25,90,1.124,11,3828387,31,-924,162,70375,0,0,0,0,0,465,17817,4878,23557,0,0,0,0,0
25,90,1.179,12,3828443,31,-924,162,70375,0,0,0,0,0,465,17817,4878,23557,0,0,0,0,0
25,90,1.236,13,3828499,31,-924,162,70375,0,0,0,0,0,465,17817,4878,23557,0,0,0,0,0
25,90,1.292,14,3828555,31,-924,162,70375,0,0,0,0,0,465,17817,4878,23557,0,0,0,0,0
25,90,1.348,15,3828611,31,-924,162,70375,0,0,0,0,0,465,17817,4878,23557,0,0,0,0,0
25,90,1.403,16,3828667,31,-924,162,70375,0,0,0,0,0,465,17817,4878,23557,0,0,0,0,0
25,90,1.462,17,3828723,31,-924,162,70375,0,0,0,0,0,465,17817,4878,23557,0,0,0,0,0
25,90,1.525,18,3828779,31,-924,162,70375,0,0,0,0,0,465,17817,4878,23557,0,0,0,0,0
25,90,1.568,19,3828831,31,-924,162,70375,0,0,0,0,0,465,17817,4878,23557,0,0,0,0,0
25,90,1.623,20,3828887,31,-924,162,70375,0,0,0,0,0,465,17817,4878,23557,0,0,0,0,0
25,90,1.68,21,3828943,31,-924,162,70375,0,0,0,0,0,465,17817,4878,23557,0,0,0,0,0
25,90,1.735,22,3828999,31,-924,162,70375,0,0,0,0,0,465,17817,4878,23557,0,0,0,0,0
25,90,1.794,23,3829055,31,-924,162,70375,0,0,0,0,0,465,17817,4878,23557,0,0,0,0,0
25,90,1.848,24,3829111,31,-924,162,70375,0,0,0,0,0,465,17817,4878,23557,0,0,0,0,0
25,90,1.903,25,3829167,31,-924,162,70375,0,0,0,0,0,465,17817,4878,23557,0,0,0,0,0
25,90,1.96,26,3829223,31,-924,162,70375,0,0,0,0,0,465,17817,4878,23557,0,0,0,0,0
25,90,2.016,27,3829279,31,-924,162,70375,0,0,0,0,0,465,17817,4878,23557,0,0,0,0,0
25,90,2.076,28,3829335,31,-924,162,70375,0,0,0,0,0,465,17817,4878,23557,0,0,0,0,0
25,90,2.128,29,3829391,31,-924,162,70375,0,0,0,0,0,465,17817,4878,23557,0,0,0,0,0
25,90,2.184,30,3829447,31,-924,162,70375,0,0,0,0,0,465,17817,4878,23557,0,0,0,0,0
25,90,2.24,31,3829503,31,-924,162,70375,0,0,0,0,0,465,17817,4878,23557,0,0,0,0,0
25,90,2.296,32,3829559,31,-924,162,70375,0,0,0,0,0,465,17817,4878,23557,0,0,0,0,0
25,90,2.352,33,3829615,31,-924,162,70375,0,0,0,0,0,465,17817,4878,23557,0,0,0,0,0
25,90,2.41,34,3829671,31,-924,162,70375,0,0,0,0,0,465,17817,4878,23557,0,0,0,0,0
25,90,2.464,35,3829727,31,-924,162,70375,0,0,0,0,0,465,17817,4878,23557,0,0,0,0,0
25,90,2.519,36,3829783,31,-924,162,70375,0,0,0,0,0,465,17817,4878,23557,0,0,0,0,0
25,90,2.588,37,3829839,31,-924,162,70375,0,0,0,0,0,465,17817,4878,23557,0,0,0,0,0
25,90,2.628,38,3829891,31,-924,162,70375,0,0,0,0,0,465,17817,4878,23557,0,0,0,0,0
25,90,2.688,39,3829947,31,-924,162,70375,0,0,0,0,0,465,17817,4878,23557,0,0,0,0,0
25,90,2.74,40,3830003,31,-924,162,70375,0,0,0,0,0,465,17817,4878,23557,0,0,0,0,0
25,90,2.799,41,3830059,31,-924,162,70375,0,0,0,0,0,465,17817,4878,23557,0,0,0,0,0
25,90,2.851,42,3830115,31,-924,162,70375,0,0,0,0,0,465,17817,4878,23557,0,0,0,0,0
25,90,2.908,43,3830171,31,-924,162,70375,0,0,0,0,0,465,17817,4878,23557,0,0,0,0,0
25,90,2.964,44,3830227,31,-924,162,70375,0,0,0,0,0,465,17817,4878,23557,0,0,0,0,0
25,90,3.022,45,3830283,31,-924,162,70375,0,0,0,0,0,465,17817,4878,23557,0,0,0,0,0
25,90,3.076,46,3830339,31,-924,162,70375,0,0,0,0,0,465,17817,4878,23557,0,0,0,0,0
25,90,3.131,47,3830395,31,-924,162,70375,0,0,0,0,0,465,17817,4878,23557,0,0,0,0,0
25,90,3.187,48,3830451,31,-924,162,70375,0,0,0,0,0,465,17817,4878,23557,0,0,0,0,0
25,90,3.244,49,3830507,31,-924,162,70375,0,0,0,0,0,465,17817,4878,23557,0,0,0,0,0
25,90,3.304,50,3830563,31,-924,162,70375,0,0,0,0,0,465,17817,4878,23557,0,0,0,0,0
25,90,3.355,51,3830619,31,-924,162,70375,0,0,0,0,0,465,17817,4878,23557,0,0,0,0,0
25,90,3.412,52,3830675,31,-924,162,70375,0,0,0,0,0,465,17817,4878,23557,0,0,0,0,0
25,90,3.469,53,3830731,31,-924,162,70375,0,0,0,0,0,465,17817,4878,23557,0,0,0,0,0
25,90,3.524,54,3830787,31,-924,162,70375,0,0,0,0,0,465,17817,4878,23557,0,0,0,0,0
25,90,3.58,55,3830843,31,-924,162,70375,0,0,0,0,0,465,17817,4878,23557,0,0,0,0,0
25,90,3.645,56,3830899,31,-924,162,70375,0,0,0,0,0,465,17817,4878,23557,0,0,0,0,0
25,90,3.688,57,3830951,31,-924,162,70375,0,0,0,0,0,465,17817,4878,23557,0,0,0,0,0
25,90,3.744,58,3831007,31,-924,162,70375,0,0,0,0,0,465,17817,4878,23557,0,0,0,0,0
25,90,3.8,59,3831063,31,-924,162,70375,0,0,0,0,0,465,17817,4878,23557,0,0,0,0,0
25,90,3.856,60,3831119,31,-924,162,70375,0,0,0,0,0,465,17817,4878,23557,0,0,0,0,0
25,90,3.92,61,3831175,31,-924,162,70375,0,0,0,0,0,465,17817,4878,23557,0,0,0,0,0
25,90,3.968,62,3831231,31,-924,162,70375,0,0,0,0,0,465,17817,4878,23557,0,0,0,0,0
25,90,4.024,63,3831287,31,-924,162,70375,0,0,0,0,0,465,17817,4878,23557,0,0,0,0,0
25,90,4.079,64,3831343,31,-924,162,70375,0,0,0,0,0,465,17817,4878,23557,0,0,0,0,0
25,90,4.136,65,3831399,31,-924,162,70375,0,0,0,0,0,465,17817,4878,23557,0,0,0,0,0
25,90,4.191,66,3831455,31,-924,162,70375,0,0,0,0,0,465,17817,4878,23557,0,0,0,0,0
25,90,4.247,67,3831511,31,-924,162,70375,0,0,0,0,0,465,17817,4878,23557,0,0,0,0,0
25,90,4.305,68,3831567,31,-924,162,70375,0,0,0,0,0,465,17817,4878,23557,0,0,0,0,0
25,90,4.36,69,3831623,31,-924,162,70375,0,0,0,0,0,465,17817,4878,23557,0,0,0,0,0
25,90,4.416,70,3831679,31,-924,162,70375,0,0,0,0,0,465,17817,4878,23557,0,0,0,0,0
25,90,4.472,71,3831735,31,-924,162,70375,0,0,0,0,0,465,17817,4878,23557,0,0,0,0,0
25,90,4.534,72,3831791,31,-924,162,70375,0,0,0,0,0,465,17817,4878,23557,0,0,0,0,0
25,90,4.584,73,3831847,31,-924,162,70375,0,0,0,0,0,465,17817,4878,23557,0,0,0,0,0
25,90,4.639,74,3831903,31,-924,162,70375,0,0,0,0,0,465,17817,4878,23557,0,0,0,0,0
25,90,4.702,75,3831959,31,-924,162,70375,0,0,0,0,0,465,17817,4878,23557,0,0,0,0,0
25,90,4.748,76,3832011,31,-924,162,70375,0,0,0,0,0,465,17817,4878,23557,0,0,0,0,0
25,90,4.804,77,3832067,31,-924,162,70375,0,0,0,0,0,465,17817,4878,23557,0,0,0,0,0
25,90,4.859,78,3832123,31,-924,162,70375,0,0,0,0,0,465,17817,4878,23557,0,0,0,0,0
25,90,4.917,79,3832179,31,-924,162,70375,0,0,0,0,0,465,17817,4878,23557,0,0,0,0,0
25,90,4.972,80,3832235,31,-924,162,70375,0,0,0,0,0,465,17817,4878,23557,0,0,0,0,0
25,90,5.027,81,3832291,31,-924,162,70375,0,0,0,0,0,465,17817,4878,23557,0,0,0,0,0
25,90,5.083,82,3832347,31,-924,162,70375,0,0,0,0,0,465,17817,4878,23557,0,0,0,0,0
25,90,5.144,83,3832403,31,-924,162,70375,0,0,0,0,0,465,17817,4878,23557,0,0,0,0,0
25,90,5.196,84,3832459,31,-924,162,70375,0,0,0,0,0,465,17817,4878,23557,0,0,0,0,0
25,90,5.25,85,3832515,31,-924,162,70375,0,0,0,0,0,465,17817,4878,23557,0,0,0,0,0
25,90,5.307,86,3832571,31,-924,162,70375,0,0,0,0,0,465,17817,4878,23557,0,0,0,0,0
25,90,5.364,87,3832627,31,-924,162,70375,0,0,0,0,0,465,17817,4878,23557,0,0,0,0,0
25,90,5.419,88,3832683,31,-924,162,70375,0,0,0,0,0,465,17817,4878,23557,0,0,0,0,0
25,90,5.476,89,3832739,31,-924,162,70375,0,0,0,0,0,465,17817,4878,23557,0,0,0,0,0
25,90,5.532,90,3832795,31,-924,162,70375,0,0,0,0,0,465,17817,4878,23557,0,0,0,0,0
25,90,5.587,91,3832851,31,-924,162,70375,0,0,0,0,0,465,17817,4878,23557,0,0,0,0,0
25,90,5.644,92,3832907,31,-924,162,70375,0,0,0,0,0,465,17817,4878,23557,0,0,0,0,0
25,90,5.7,93,3832963,31,-924,162,70375,0,0,0,0,0,465,17817,4878,23557,0,0,0,0,0
26,-90,-0.026,53,3837871,31,-924,162,70375,0,0,0,0,0,465,17817,4878,23557,0,0,0,0,0
26,-90,0.044,54,3837939,31,-924,162,70375,0,0,0,0,0,465,17818,4878,23557,900,-900,0,0,0
26,-90,0.115,55,3838011,31,-925,162,70144,0,0,0,36,-56,465,17821,4906,23524,1100,-1200,0,0,0
26,-90,0.187,56,3838083,31,-924,162,69806,0,0,0,72,-56,465,17824,4956,23485,1300,-1400,0,0,0
26,-90,0.259,57,3838155,31,-924,162,69354,0,0,0,72,-82,465,17827,5017,23427,1500,-1600,0,0,0
26,-90,0.332,58,3838227,31,-924,161,68816,0,0,0,82,-82,465,17830,5089,23357,2000,-2100,0,0,0
26,-90,0.428,59,3838300,31,-924,162,68049,0,0,0,118,-118,465,17833,5189,23255,2400,-2500,0,0,0
26,-90,0.475,60,3838371,31,-924,162,67017,0,0,0,154,-145,465,17836,5325,23119,2600,-2700,0,0,0
26,-90,0.568,61,3838443,31,-924,162,65845,0,0,0,180,-174,465,17839,5478,22963,2600,-2700,0,0,0
26,-90,0.619,62,3838515,31,-924,162,64661,0,0,0,172,-174,465,17842,5634,22807,2700,-2600,0,0,0
26,-90,0.691,63,3838587,31,-924,162,63420,0,0,0,184,-181,465,17845,5795,22641,2500,-2600,0,0,0
26,-90,0.764,64,3838659,31,-924,162,62259,0,0,0,154,-164,465,17848,5945,22485,1400,-1400,0,0,0
26,-90,0.884,65,3838780,31,-924,162,61416,0,0,0,0,0,466,17855,6056,22374,0,0,0,0,0
26,-90,0.937,66,3838831,31,-924,162,61416,0,0,0,0,0,466,17857,6056,22374,0,0,0,0,0
26,-90,1.007,67,3838903,31,-924,162,61416,0,0,0,0,0,466,17860,6056,22374,0,0,0,0,0
26,-90,1.068,68,3838959,31,-924,162,61416,0,0,0,0,0,466,17861,6056,22374,0,0,0,0,0
26,-90,1.119,69,3839015,31,-924,162,61416,0,0,0,0,0,466,17861,6056,22374,0,0,0,0,0
26,-90,1.175,70,3839071,31,-924,162,61416,0,0,0,0,0,466,17861,6056,22374,0,0,0,0,0
26,-90,1.231,71,3839127,31,-924,162,61416,0,0,0,0,0,466,17861,6056,22374,0,0,0,0,0
26,-90,1.287,72,3839183,31,-924,162,61416,0,0,0,0,0,466,17861,6056,22374,0,0,0,0,0
26,-90,1.343,73,3839239,31,-924,162,61416,0,0,0,0,0,466,17861,6056,22374,0,0,0,0,0
26,-90,1.4,74,3839295,31,-924,162,61416,0,0,0,0,0,466,17861,6056,22374,0,0,0,0,0
26,-90,1.454,75,3839351,31,-924,162,61416,0,0,0,0,0,466,17861,6056,22374,0,0,0,0,0
26,-90,1.511,76,3839407,31,-924,162,61416,0,0,0,0,0,466,17861,6056,22374,0,0,0,0,0
26,-90,1.567,77,3839463,31,-924,162,61416,0,0,0,0,0,466,17861,6056,22374,0,0,0,0,0
26,-90,1.623,78,3839519,31,-924,162,61416,0,0,0,0,0,466,17861,6056,22374,0,0,0,0,0
26,-90,1.682,79,3839575,31,-924,162,61416,0,0,0,0,0,466,17861,6056,22374,0,0,0,0,0
26,-90,1.742,80,3839631,31,-924,162,61416,0,0,0,0,0,466,17861,6056,22374,0,0,0,0,0
26,-90,1.787,81,3839683,31,-924,162,61416,0,0,0,0,0,466,17861,6056,22374,0,0,0,0,0
26,-90,1.843,82,3839739,31,-924,162,61416,0,0,0,0,0,466,17861,6056,22374,0,0,0,0,0
26,-90,1.899,83,3839795,31,-924,162,61416,0,0,0,0,0,466,17861,6056,22374,0,0,0,0,0
26,-90,1.955,84,3839851,31,-924,162,61416,0,0,0,0,0,466,17861,6056,22374,0,0,0,0,0
26,-90,2.011,85,3839907,31,-924,162,61416,0,0,0,0,0,466,17861,6056,22374,0,0,0,0,0
26,-90,2.066,86,3839963,31,-924,162,61416,0,0,0,0,0,466,17861,6056,22374,0,0,0,0,0
26,-90,2.123,87,3840019,31,-924,162,61416,0,0,0,0,0,466,17861,6056,22374,0,0,0,0,0
26,-90,2.179,88,3840075,31,-924,162,61416,0,0,0,0,0,466,17861,6056,22374,0,0,0,0,0
26,-90,2.235,89,3840131,31,-924,162,61416,0,0,0,0,0,466,17861,6056,22374,0,0,0,0,0
26,-90,2.297,90,3840187,31,-924,162,61416,0,0,0,0,0,466,17861,6056,22374,0,0,0,0,0
26,-90,2.348,91,3840243,31,-924,162,61416,0,0,0,0,0,466,17861,6056,22374,0,0,0,0,0
26,-90,2.403,92,3840299,31,-924,162,61416,0,0,0,0,0,466,17861,6056,22374,0,0,0,0,0
26,-90,2.459,93,3840355,31,-924,162,61416,0,0,0,0,0,466,17861,6056,22374,0,0,0,0,0
26,-90,2.518,94,3840411,31,-924,162,61416,0,0,0,0,0,466,17861,6056,22374,0,0,0,0,0
26,-90,2.571,95,3840467,31,-924,162,61416,0,0,0,0,0,466,17861,6056,22374,0,0,0,0,0
26,-90,2.629,96,3840523,31,-924,162,61416,0,0,0,0,0,466,17861,6056,22374,0,0,0,0,0
26,-90,2.682,97,3840579,31,-924,162,61416,0,0,0,0,0,466,17861,6056,22374,0,0,0,0,0
26,-90,2.739,98,3840635,31,-924,162,61416,0,0,0,0,0,466,17861,6056,22374,0,0,0,0,0
26,-90,2.808,99,3840691,31,-924,162,61416,0,0,0,0,0,466,17861,6056,22374,0,0,0,0,0
26,-90,2.847,100,3840743,31,-924,162,61416,0,0,0,0,0,466,17861,6056,22374,0,0,0,0,0
26,-90,2.904,101,3840799,31,-924,162,61416,0,0,0,0,0,466,17861,6056,22374,0,0,0,0,0
26,-90,2.959,102,3840855,31,-924,162,61416,0,0,0,0,0,466,17861,6056,22374,0,0,0,0,0
26,-90,3.014,103,3840911,31,-924,162,61416,0,0,0,0,0,466,17861,6056,22374,0,0,0,0,0
26,-90,3.071,104,3840967,31,-924,162,61416,0,0,0,0,0,466,17861,6056,22374,0,0,0,0,0
26,-90,3.127,105,3841023,31,-924,162,61416,0,0,0,0,0,466,17861,6056,22374,0,0,0,0,0
26,-90,3.183,106,3841079,31,-924,162,61416,0,0,0,0,0,466,17861,6056,22374,0,0,0,0,0
26,-90,3.239,107,3841135,31,-924,162,61416,0,0,0,0,0,466,17861,6056,22374,0,0,0,0,0
26,-90,3.296,108,3841191,31,-924,162,61416,0,0,0,0,0,466,17861,6056,22374,0,0,0,0,0
26,-90,3.35,109,3841247,31,-924,162,61416,0,0,0,0,0,466,17861,6056,22374,0,0,0,0,0
26,-90,3.407,110,3841303,31,-924,162,61416,0,0,0,0,0,466,17861,6056,22374,0,0,0,0,0
26,-90,3.463,111,3841359,31,-924,162,61416,0,0,0,0,0,466,17861,6056,22374,0,0,0,0,0
26,-90,3.523,112,3841415,31,-924,162,61416,0,0,0,0,0,466,17861,6056,22374,0,0,0,0,0
26,-90,3.575,113,3841471,31,-924,162,61416,0,0,0,0,0,466,17861,6056,22374,0,0,0,0,0
26,-90,3.63,114,3841527,31,-924,162,61416,0,0,0,0,0,466,17861,6056,22374,0,0,0,0,0
26,-90,3.687,115,3841583,31,-924,162,61416,0,0,0,0,0,466,17861,6056,22374,0,0,0,0,0
26,-90,3.744,116,3841639,31,-924,162,61416,0,0,0,0,0,466,17861,6056,22374,0,0,0,0,0
26,-90,3.799,117,3841695,31,-924,162,61416,0,0,0,0,0,466,17861,6056,22374,0,0,0,0,0
26,-90,3.861,118,3841751,31,-924,162,61416,0,0,0,0,0,466,17861,6056,22374,0,0,0,0,0
26,-90,3.908,119,3841803,31,-924,162,61416,0,0,0,0,0,466,17861,6056,22374,0,0,0,0,0
26,-90,3.963,120,3841859,31,-924,162,61416,0,0,0,0,0,466,17861,6056,22374,0,0,0,0,0
26,-90,4.021,121,3841915,31,-924,162,61416,0,0,0,0,0,466,17861,6056,22374,0,0,0,0,0
26,-90,4.074,122,3841971,31,-924,162,61416,0,0,0,0,0,466,17861,6056,22374,0,0,0,0,0
26,-90,4.131,123,3842027,31,-924,162,61416,0,0,0,0,0,466,17861,6056,22374,0,0,0,0,0
26,-90,4.187,124,3842083,31,-924,162,61416,0,0,0,0,0,466,17861,6056,22374,0,0,0,0,0
26,-90,4.243,125,3842139,31,-924,162,61416,0,0,0,0,0,466,17861,6056,22374,0,0,0,0,0
26,-90,4.299,126,3842195,31,-924,162,61416,0,0,0,0,0,466,17861,6056,22374,0,0,0,0,0
26,-90,4.355,127,3842251,31,-924,162,61416,0,0,0,0,0,466,17861,6056,22374,0,0,0,0,0
26,-90,4.411,0,3842307,31,-924,162,61416,0,0,0,0,0,466,17861,6056,22374,0,0,0,0,0
26,-90,4.467,1,3842363,31,-924,162,61416,0,0,0,0,0,466,17861,6056,22374,0,0,0,0,0
26,-90,4.524,2,3842419,31,-924,162,61416,0,0,0,0,0,466,17861,6056,22374,0,0,0,0,0
26,-90,4.578,3,3842475,31,-924,162,61416,0,0,0,0,0,466,17861,6056,22374,0,0,0,0,0
26,-90,4.635,4,3842531,31,-924,162,61416,0,0,0,0,0,466,17861,6056,22374,0,0,0,0,0
26,-90,4.69,5,3842587,31,-924,162,61416,0,0,0,0,0,466,17861,6056,22374,0,0,0,0,0
26,-90,4.753,6,3842643,31,-924,162,61416,0,0,0,0,0,466,17861,6056,22374,0,0,0,0,0
26,-90,4.803,7,3842699,31,-924,162,61416,0,0,0,0,0,466,17861,6056,22374,0,0,0,0,0
26,-90,4.86,8,3842755,31,-924,162,61416,0,0,0,0,0,466,17861,6056,22374,0,0,0,0,0
26,-90,4.921,9,3842811,31,-924,162,61416,0,0,0,0,0,466,17861,6056,22374,0,0,0,0,0
26,-90,4.966,10,3842863,31,-924,162,61416,0,0,0,0,0,466,17861,6056,22374,0,0,0,0,0
26,-90,5.023,11,3842919,31,-924,162,61416,0,0,0,0,0,466,17861,6056,22374,0,0,0,0,0
26,-90,5.079,12,3842975,31,-924,162,61416,0,0,0,0,0,466,17861,6056,22374,0,0,0,0,0
26,-90,5.135,13,3843031,31,-924,162,61416,0,0,0,0,0,466,17861,6056,22374,0,0,0,0,0
26,-90,5.191,14,3843087,31,-924,162,61416,0,0,0,0,0,466,17861,6056,22374,0,0,0,0,0
26,-90,5.246,15,3843143,31,-924,162,61416,0,0,0,0,0,466,17861,6056,22374,0,0,0,0,0
26,-90,5.304,16,3843199,31,-924,162,61416,0,0,0,0,0,466,17861,6056,22374,0,0,0,0,0
26,-90,5.359,17,3843255,31,-924,162,61416,0,0,0,0,0,466,17861,6056,22374,0,0,0,0,0
26,-90,5.415,18,3843311,31,-924,162,61416,0,0,0,0,0,466,17861,6056,22374,0,0,0,0,0
26,-90,5.471,19,3843367,31,-924,162,61416,0,0,0,0,0,466,17861,6056,22374,0,0,0,0,0
26,-90,5.526,20,3843423,31,-924,162,61416,0,0,0,0,0,466,17861,6056,22374,0,0,0,0,0
26,-90,5.583,21,3843479,31,-924,162,61416,0,0,0,0,0,466,17861,6056,22374,0,0,0,0,0
27,107,-0.015,97,3847719,31,-924,162,61416,0,0,0,0,0,466,17861,6056,22374,0,0,0,0,0
27,107,0.045,98,3847779,31,-924,162,61416,0,0,0,0,0,466,17862,6056,22374,-900,900,0,0,0
27,107,0.122,99,3847851,31,-924,162,61648,0,0,0,-53,36,467,17865,6023,22402,-1100,1300,0,0,0
27,107,0.19,100,3847923,31,-924,163,61986,0,0,0,-72,36,468,17868,5967,22435,-1200,1400,0,0,0
27,107,0.261,101,3847995,31,-924,165,62346,0,0,0,-66,46,470,17871,5900,22463,-1400,1700,0,0,0
27,107,0.333,102,3848067,31,-924,164,62953,0,0,0,-82,89,470,17874,5823,22546,-1800,2200,0,0,0
27,107,0.416,103,3848140,31,-924,165,63780,0,0,0,-154,121,470,17877,5703,22644,-2400,2600,0,0,0
27,107,0.484,104,3848211,31,-924,166,64820,0,0,0,-154,144,471,17880,5556,22771,-2500,2700,0,0,0
27,107,0.559,105,3848283,31,-924,167,65947,0,0,0,-172,172,471,17883,5395,22907,-2500,2700,0,0,0
27,107,0.621,106,3848355,31,-925,168,67127,0,0,0,-181,144,471,17886,5223,23046,-2200,2600,0,0,0
27,107,0.693,107,3848427,31,-926,169,68246,0,0,0,-174,135,471,17889,5064,23182,-2200,2700,0,0,0
27,107,0.765,108,3848499,31,-926,169,69332,0,0,0,-154,154,471,17892,4917,23321,-2100,2600,0,0,0
27,107,0.837,109,3848571,31,-926,169,70409,0,0,0,-158,164,471,17895,4775,23463,-2100,2600,0,0,0
27,107,0.914,110,3848643,31,-926,169,71430,0,0,0,-148,144,472,17898,4639,23596,-800,1600,0,0,0
27,107,1.005,111,3848740,31,-926,169,72010,0,0,0,0,0,474,17904,4559,23669,0,0,0,0,0
27,107,1.063,112,3848791,31,-926,169,72010,0,0,0,0,0,474,17905,4559,23669,0,0,0,0,0
27,107,1.116,113,3848847,31,-926,169,72010,0,0,0,0,0,474,17905,4559,23669,0,0,0,0,0
27,107,1.17,114,3848903,31,-926,169,72010,0,0,0,0,0,474,17905,4559,23669,0,0,0,0,0
27,107,1.227,115,3848959,31,-926,169,72010,0,0,0,0,0,474,17905,4559,23669,0,0,0,0,0
27,107,1.28,116,3849015,31,-926,169,72010,0,0,0,0,0,474,17905,4559,23669,0,0,0,0,0
27,107,1.337,117,3849071,31,-926,169,72010,0,0,0,0,0,474,17905,4559,23669,0,0,0,0,0
27,107,1.393,118,3849127,31,-926,169,72010,0,0,0,0,0,474,17905,4559,23669,0,0,0,0,0
27,107,1.448,119,3849183,31,-926,169,72010,0,0,0,0,0,474,17905,4559,23669,0,0,0,0,0
27,107,1.507,120,3849239,31,-926,169,72010,0,0,0,0,0,474,17905,4559,23669,0,0,0,0,0
27,107,1.561,121,3849295,31,-926,169,72010,0,0,0,0,0,474,17905,4559,23669,0,0,0,0,0
27,107,1.617,122,3849351,31,-926,169,72010,0,0,0,0,0,474,17905,4559,23669,0,0,0,0,0
27,107,1.68,123,3849407,31,-926,169,72010,0,0,0,0,0,474,17905,4559,23669,0,0,0,0,0
27,107,1.724,124,3849459,31,-926,169,72010,0,0,0,0,0,474,17905,4559,23669,0,0,0,0,0
27,107,1.781,125,3849515,31,-926,169,72010,0,0,0,0,0,474,17905,4559,23669,0,0,0,0,0
27,107,1.837,126,3849571,31,-926,169,72010,0,0,0,0,0,474,17905,4559,23669,0,0,0,0,0
27,107,1.892,127,3849627,31,-926,169,72010,0,0,0,0,0,474,17905,4559,23669,0,0,0,0,0
27,107,1.95,0,3849683,31,-926,169,72010,0,0,0,0,0,474,17905,4559,23669,0,0,0,0,0
27,107,2.006,1,3849739,31,-926,169,72010,0,0,0,0,0,474,17905,4559,23669,0,0,0,0,0
27,107,2.06,2,3849795,31,-926,169,72010,0,0,0,0,0,474,17905,4559,23669,0,0,0,0,0
27,107,2.125,3,3849851,31,-926,169,72010,0,0,0,0,0,474,17905,4559,23669,0,0,0,0,0
27,107,2.172,4,3849907,31,-926,169,72010,0,0,0,0,0,474,17905,4559,23669,0,0,0,0,0
27,107,2.228,5,3849963,31,-926,169,72010,0,0,0,0,0,474,17905,4559,23669,0,0,0,0,0
27,107,2.288,6,3850019,31,-926,169,72010,0,0,0,0,0,474,17905,4559,23669,0,0,0,0,0
27,107,2.34,7,3850075,31,-926,169,72010,0,0,0,0,0,474,17905,4559,23669,0,0,0,0,0
27,107,2.397,8,3850131,31,-926,169,72010,0,0,0,0,0,474,17905,4559,23669,0,0,0,0,0
27,107,2.451,9,3850187,31,-926,169,72010,0,0,0,0,0,474,17905,4559,23669,0,0,0,0,0
27,107,2.509,10,3850243,31,-926,169,72010,0,0,0,0,0,474,17905,4559,23669,0,0,0,0,0
27,107,2.565,11,3850299,31,-926,169,72010,0,0,0,0,0,474,17905,4559,23669,0,0,0,0,0
27,107,2.622,12,3850355,31,-926,169,72010,0,0,0,0,0,474,17905,4559,23669,0,0,0,0,0
27,107,2.676,13,3850411,31,-926,169,72010,0,0,0,0,0,474,17905,4559,23669,0,0,0,0,0
27,107,2.748,14,3850467,31,-926,169,72010,0,0,0,0,0,474,17905,4559,23669,0,0,0,0,0
27,107,2.784,15,3850519,31,-926,169,72010,0,0,0,0,0,474,17905,4559,23669,0,0,0,0,0
27,107,2.846,16,3850575,31,-926,169,72010,0,0,0,0,0,474,17905,4559,23669,0,0,0,0,0
27,107,2.903,17,3850631,31,-926,169,72010,0,0,0,0,0,474,17905,4559,23669,0,0,0,0,0
27,107,2.952,18,3850687,31,-926,169,72010,0,0,0,0,0,474,17905,4559,23669,0,0,0,0,0
27,107,3.012,19,3850743,31,-926,169,72010,0,0,0,0,0,474,17905,4559,23669,0,0,0,0,0
27,107,3.064,20,3850799,31,-926,169,72010,0,0,0,0,0,474,17905,4559,23669,0,0,0,0,0
27,107,3.122,21,3850855,31,-926,169,72010,0,0,0,0,0,474,17905,4559,23669,0,0,0,0,0
27,107,3.176,22,3850911,31,-926,169,72010,0,0,0,0,0,474,17905,4559,23669,0,0,0,0,0
27,107,3.232,23,3850967,31,-926,169,72010,0,0,0,0,0,474,17905,4559,23669,0,0,0,0,0
27,107,3.289,24,3851023,31,-926,169,72010,0,0,0,0,0,474,17905,4559,23669,0,0,0,0,0
27,107,3.345,25,3851079,31,-926,169,72010,0,0,0,0,0,474,17905,4559,23669,0,0,0,0,0
27,107,3.4,26,3851135,31,-926,169,72010,0,0,0,0,0,474,17905,4559,23669,0,0,0,0,0
27,107,3.456,27,3851191,31,-926,169,72010,0,0,0,0,0,474,17905,4559,23669,0,0,0,0,0
27,107,3.517,28,3851247,31,-926,169,72010,0,0,0,0,0,474,17905,4559,23669,0,0,0,0,0
27,107,3.568,29,3851303,31,-926,169,72010,0,0,0,0,0,474,17905,4559,23669,0,0,0,0,0
27,107,3.625,30,3851359,31,-926,169,72010,0,0,0,0,0,474,17905,4559,23669,0,0,0,0,0
27,107,3.68,31,3851415,31,-926,169,72010,0,0,0,0,0,474,17905,4559,23669,0,0,0,0,0
27,107,3.737,32,3851471,31,-926,169,72010,0,0,0,0,0,474,17905,4559,23669,0,0,0,0,0
27,107,3.799,33,3851527,31,-926,169,72010,0,0,0,0,0,474,17905,4559,23669,0,0,0,0,0
27,107,3.846,34,3851579,31,-926,169,72010,0,0,0,0,0,474,17905,4559,23669,0,0,0,0,0
27,107,3.901,35,3851635,31,-926,169,72010,0,0,0,0,0,474,17905,4559,23669,0,0,0,0,0
27,107,3.957,36,3851691,31,-926,169,72010,0,0,0,0,0,474,17905,4559,23669,0,0,0,0,0
27,107,4.012,37,3851747,31,-926,169,72010,0,0,0,0,0,474,17905,4559,23669,0,0,0,0,0
27,107,4.071,38,3851803,31,-926,169,72010,0,0,0,0,0,474,17905,4559,23669,0,0,0,0,0
27,107,4.134,39,3851859,31,-926,169,72010,0,0,0,0,0,474,17905,4559,23669,0,0,0,0,0
27,107,4.18,40,3851915,31,-926,169,72010,0,0,0,0,0,474,17905,4559,23669,0,0,0,0,0
27,107,4.236,41,3851971,31,-926,169,72010,0,0,0,0,0,474,17905,4559,23669,0,0,0,0,0
27,107,4.292,42,3852027,31,-926,169,72010,0,0,0,0,0,474,17905,4559,23669,0,0,0,0,0
27,107,4.348,43,3852083,31,-926,169,72010,0,0,0,0,0,474,17905,4559,23669,0,0,0,0,0
27,107,4.406,44,3852139,31,-926,169,72010,0,0,0,0,0,474,17905,4559,23669,0,0,0,0,0
27,107,4.46,45,3852195,31,-926,169,72010,0,0,0,0,0,474,17905,4559,23669,0,0,0,0,0
27,107,4.515,46,3852251,31,-926,169,72010,0,0,0,0,0,474,17905,4559,23669,0,0,0,0,0
27,107,4.573,47,3852307,31,-926,169,72010,0,0,0,0,0,474,17905,4559,23669,0,0,0,0,0
27,107,4.629,48,3852363,31,-926,169,72010,0,0,0,0,0,474,17905,4559,23669,0,0,0,0,0
27,107,4.684,49,3852419,31,-926,169,72010,0,0,0,0,0,474,17905,4559,23669,0,0,0,0,0
27,107,4.747,50,3852475,31,-926,169,72010,0,0,0,0,0,474,17905,4559,23669,0,0,0,0,0
27,107,4.798,51,3852531,31,-926,169,72010,0,0,0,0,0,474,17905,4559,23669,0,0,0,0,0
27,107,4.859,52,3852587,31,-926,169,72010,0,0,0,0,0,474,17905,4559,23669,0,0,0,0,0
27,107,4.904,53,3852639,31,-926,169,72010,0,0,0,0,0,474,17905,4559,23669,0,0,0,0,0
27,107,4.967,54,3852695,31,-926,169,72010,0,0,0,0,0,474,17905,4559,23669,0,0,0,0,0
27,107,5.019,55,3852751,31,-926,169,72010,0,0,0,0,0,474,17905,4559,23669,0,0,0,0,0
27,107,5.072,56,3852807,31,-926,169,72010,0,0,0,0,0,474,17905,4559,23669,0,0,0,0,0
27,107,5.13,57,3852863,31,-926,169,72010,0,0,0,0,0,474,17905,4559,23669,0,0,0,0,0
27,107,5.186,58,3852919,31,-926,169,72010,0,0,0,0,0,474,17905,4559,23669,0,0,0,0,0
27,107,5.24,59,3852975,31,-926,169,72010,0,0,0,0,0,474,17905,4559,23669,0,0,0,0,0
27,107,5.297,60,3853031,31,-926,169,72010,0,0,0,0,0,474,17905,4559,23669,0,0,0,0,0
27,107,5.36,61,3853087,31,-926,169,72010,0,0,0,0,0,474,17905,4559,23669,0,0,0,0,0
27,107,5.408,62,3853143,31,-926,169,72010,0,0,0,0,0,474,17905,4559,23669,0,0,0,0,0
27,107,5.465,63,3853199,31,-926,169,72010,0,0,0,0,0,474,17905,4559,23669,0,0,0,0,0
27,107,5.521,64,3853255,31,-926,169,72010,0,0,0,0,0,474,17905,4559,23669,0,0,0,0,0
27,107,5.577,65,3853311,31,-926,169,72010,0,0,0,0,0,474,17905,4559,23669,0,0,0,0,0
27,107,5.633,66,3853367,31,-926,169,72010,0,0,0,0,0,474,17905,4559,23669,0,0,0,0,0
27,107,5.688,67,3853423,31,-926,169,72010,0,0,0,0,0,474,17905,4559,23669,0,0,0,0,0
27,107,5.744,68,3853479,31,-926,169,72010,0,0,0,0,0,474,17905,4559,23669,0,0,0,0,0
27,107,5.802,69,3853535,31,-926,169,72010,0,0,0,0,0,474,17905,4559,23669,0,0,0,0,0
27,107,5.856,70,3853591,31,-926,169,72010,0,0,0,0,0,474,17905,4559,23669,0,0,0,0,0
27,107,5.919,71,3853647,31,-926,169,72010,0,0,0,0,0,474,17905,4559,23669,0,0,0,0,0
27,107,5.964,72,3853699,31,-926,169,72010,0,0,0,0,0,474,17905,4559,23669,0,0,0,0,0
28,-107,0.0,29,3858443,31,-926,169,72010,0,0,0,0,0,474,17905,4559,23669,0,0,0,0,0
28,-107,0.066,30,3858511,31,-926,169,71980,0,0,0,8,-14,474,17907,4562,23664,1000,-1100,0,0,0
28,-107,0.139,31,3858583,31,-926,169,71654,0,0,0,46,-56,474,17910,4606,23622,1200,-1300,0,0,0
28,-107,0.211,32,3858655,31,-926,169,71297,0,0,0,62,-62,474,17913,4653,23575,1300,-1400,0,0,0
28,-107,0.284,33,3858727,31,-926,169,70842,0,0,0,56,-72,475,17916,4712,23514,1700,-1700,0,0,0
28,-107,0.356,34,3858799,31,-926,169,70185,0,0,0,102,-102,475,17919,4798,23427,2200,-2200,0,0,0
28,-107,0.428,35,3858871,31,-926,169,69282,0,0,0,144,-154,475,17922,4917,23308,2600,-2600,0,0,0
28,-107,0.499,36,3858943,31,-926,169,68186,0,0,0,164,-164,475,17925,5062,23164,2600,-2700,0,0,0
28,-107,0.571,37,3859015,31,-926,169,66971,0,0,0,184,-184,475,17928,5220,23002,2600,-2600,0,0,0
28,-107,0.651,38,3859087,31,-926,169,65791,0,0,0,174,-174,475,17931,5373,22844,2600,-2500,0,0,0
28,-107,0.726,39,3859160,31,-926,169,64642,0,0,0,149,-172,475,17934,5523,22691,2500,-2500,0,0,0
28,-107,0.791,40,3859231,31,-927,170,63507,0,0,0,144,-154,475,17937,5667,22536,2400,-2200,0,0,0
28,-107,0.858,41,3859303,31,-927,170,62418,0,0,0,148,-154,475,17940,5812,22394,1600,-1600,0,0,0
28,-107,0.987,42,3859432,31,-927,169,61545,0,0,0,0,0,476,17947,5939,22291,0,0,0,0,0
28,-107,1.038,43,3859483,31,-927,169,61545,0,0,0,0,0,476,17948,5939,22291,0,0,0,0,0
28,-107,1.095,44,3859539,31,-927,169,61545,0,0,0,0,0,476,17948,5939,22291,0,0,0,0,0
28,-107,1.15,45,3859595,31,-927,169,61545,0,0,0,0,0,476,17948,5939,22291,0,0,0,0,0
28,-107,1.207,46,3859651,31,-927,169,61545,0,0,0,0,0,476,17948,5939,22291,0,0,0,0,0
28,-107,1.262,47,3859707,31,-927,169,61545,0,0,0,0,0,476,17948,5939,22291,0,0,0,0,0
28,-107,1.319,48,3859763,31,-927,169,61545,0,0,0,0,0,476,17948,5939,22291,0,0,0,0,0
28,-107,1.374,49,3859819,31,-927,169,61545,0,0,0,0,0,476,17948,5939,22291,0,0,0,0,0
28,-107,1.43,50,3859875,31,-927,169,61545,0,0,0,0,0,476,17948,5939,22291,0,0,0,0,0
28,-107,1.486,51,3859931,31,-927,169,61545,0,0,0,0,0,476,17948,5939,22291,0,0,0,0,0
28,-107,1.542,52,3859987,31,-927,169,61545,0,0,0,0,0,476,17948,5939,22291,0,0,0,0,0
28,-107,1.598,53,3860043,31,-927,169,61545,0,0,0,0,0,476,17948,5939,22291,0,0,0,0,0
28,-107,1.654,54,3860099,31,-927,169,61545,0,0,0,0,0,476,17948,5939,22291,0,0,0,0,0
28,-107,1.716,55,3860155,31,-927,169,61545,0,0,0,0,0,476,17948,5939,22291,0,0,0,0,0
28,-107,1.766,56,3860211,31,-927,169,61545,0,0,0,0,0,476,17948,5939,22291,0,0,0,0,0
28,-107,1.829,57,3860267,31,-927,169,61545,0,0,0,0,0,476,17948,5939,22291,0,0,0,0,0
28,-107,1.874,58,3860319,31,-927,169,61545,0,0,0,0,0,476,17948,5939,22291,0,0,0,0,0
28,-107,1.93,59,3860375,31,-927,169,61545,0,0,0,0,0,476,17948,5939,22291,0,0,0,0,0
28,-107,1.986,60,3860431,31,-927,169,61545,0,0,0,0,0,476,17948,5939,22291,0,0,0,0,0
28,-107,2.042,61,3860487,31,-927,169,61545,0,0,0,0,0,476,17948,5939,22291,0,0,0,0,0
28,-107,2.1,62,3860543,31,-927,169,61545,0,0,0,0,0,476,17948,5939,22291,0,0,0,0,0
28,-107,2.153,63,3860599,31,-927,169,61545,0,0,0,0,0,476,17948,5939,22291,0,0,0,0,0
28,-107,2.21,64,3860655,31,-927,169,61545,0,0,0,0,0,476,17948,5939,22291,0,0,0,0,0
28,-107,2.266,65,3860711,31,-927,169,61545,0,0,0,0,0,476,17948,5939,22291,0,0,0,0,0
28,-107,2.322,66,3860767,31,-927,169,61545,0,0,0,0,0,476,17948,5939,22291,0,0,0,0,0
28,-107,2.378,67,3860823,31,-927,169,61545,0,0,0,0,0,476,17948,5939,22291,0,0,0,0,0
28,-107,2.434,68,3860879,31,-927,169,61545,0,0,0,0,0,476,17948,5939,22291,0,0,0,0,0
28,-107,2.495,69,3860935,31,-927,169,61545,0,0,0,0,0,476,17948,5939,22291,0,0,0,0,0
28,-107,2.546,70,3860991,31,-927,169,61545,0,0,0,0,0,476,17948,5939,22291,0,0,0,0,0
28,-107,2.602,71,3861047,31,-927,169,61545,0,0,0,0,0,476,17948,5939,22291,0,0,0,0,0
28,-107,2.658,72,3861103,31,-927,169,61545,0,0,0,0,0,476,17948,5939,22291,0,0,0,0,0
28,-107,2.715,73,3861159,31,-927,169,61545,0,0,0,0,0,476,17948,5939,22291,0,0,0,0,0
28,-107,2.771,74,3861215,31,-927,169,61545,0,0,0,0,0,476,17948,5939,22291,0,0,0,0,0
28,-107,2.826,75,3861271,31,-927,169,61545,0,0,0,0,0,476,17948,5939,22291,0,0,0,0,0
28,-107,2.891,76,3861327,31,-927,169,61545,0,0,0,0,0,476,17948,5939,22291,0,0,0,0,0
28,-107,2.934,77,3861379,31,-927,169,61545,0,0,0,0,0,476,17948,5939,22291,0,0,0,0,0
28,-107,2.99,78,3861435,31,-927,169,61545,0,0,0,0,0,476,17948,5939,22291,0,0,0,0,0
28,-107,3.048,79,3861491,31,-927,169,61545,0,0,0,0,0,476,17948,5939,22291,0,0,0,0,0
28,-107,3.101,80,3861547,31,-927,169,61545,0,0,0,0,0,476,17948,5939,22291,0,0,0,0,0
28,-107,3.158,81,3861603,31,-927,169,61545,0,0,0,0,0,476,17948,5939,22291,0,0,0,0,0
28,-107,3.216,82,3861659,31,-927,169,61545,0,0,0,0,0,476,17948,5939,22291,0,0,0,0,0
28,-107,3.27,83,3861715,31,-927,169,61545,0,0,0,0,0,476,17948,5939,22291,0,0,0,0,0
28,-107,3.328,84,3861771,31,-927,169,61545,0,0,0,0,0,476,17948,5939,22291,0,0,0,0,0
28,-107,3.381,85,3861827,31,-927,169,61545,0,0,0,0,0,476,17948,5939,22291,0,0,0,0,0
28,-107,3.438,86,3861883,31,-927,169,61545,0,0,0,0,0,476,17948,5939,22291,0,0,0,0,0
28,-107,3.494,87,3861939,31,-927,169,61545,0,0,0,0,0,476,17948,5939,22291,0,0,0,0,0
28,-107,3.55,88,3861995,31,-927,169,61545,0,0,0,0,0,476,17948,5939,22291,0,0,0,0,0
28,-107,3.606,89,3862051,31,-927,169,61545,0,0,0,0,0,476,17948,5939,22291,0,0,0,0,0
28,-107,3.662,90,3862107,31,-927,169,61545,0,0,0,0,0,476,17948,5939,22291,0,0,0,0,0
28,-107,3.718,91,3862163,31,-927,169,61545,0,0,0,0,0,476,17948,5939,22291,0,0,0,0,0
28,-107,3.773,92,3862219,31,-927,169,61545,0,0,0,0,0,476,17948,5939,22291,0,0,0,0,0
28,-107,3.83,93,3862275,31,-927,169,61545,0,0,0,0,0,476,17948,5939,22291,0,0,0,0,0
28,-107,3.887,94,3862331,31,-927,169,61545,0,0,0,0,0,476,17948,5939,22291,0,0,0,0,0
28,-107,3.95,95,3862387,31,-927,169,61545,0,0,0,0,0,476,17948,5939,22291,0,0,0,0,0
28,-107,3.996,96,3862439,31,-927,169,61545,0,0,0,0,0,476,17948,5939,22291,0,0,0,0,0
28,-107,4.049,97,3862495,31,-927,169,61545,0,0,0,0,0,476,17948,5939,22291,0,0,0,0,0
28,-107,4.106,98,3862551,31,-927,169,61545,0,0,0,0,0,476,17948,5939,22291,0,0,0,0,0
28,-107,4.162,99,3862607,31,-927,169,61545,0,0,0,0,0,476,17948,5939,22291,0,0,0,0,0
28,-107,4.218,100,3862663,31,-927,169,61545,0,0,0,0,0,476,17948,5939,22291,0,0,0,0,0
28,-107,4.276,101,3862719,31,-927,169,61545,0,0,0,0,0,476,17948,5939,22291,0,0,0,0,0
28,-107,4.33,102,3862775,31,-927,169,61545,0,0,0,0,0,476,17948,5939,22291,0,0,0,0,0
28,-107,4.386,103,3862831,31,-927,169,61545,0,0,0,0,0,476,17948,5939,22291,0,0,0,0,0
28,-107,4.442,104,3862887,31,-927,169,61545,0,0,0,0,0,476,17948,5939,22291,0,0,0,0,0
28,-107,4.498,105,3862943,31,-927,169,61545,0,0,0,0,0,476,17948,5939,22291,0,0,0,0,0
28,-107,4.555,106,3862999,31,-927,169,61545,0,0,0,0,0,476,17948,5939,22291,0,0,0,0,0
28,-107,4.61,107,3863055,31,-927,169,61545,0,0,0,0,0,476,17948,5939,22291,0,0,0,0,0
28,-107,4.665,108,3863111,31,-927,169,61545,0,0,0,0,0,476,17948,5939,22291,0,0,0,0,0
28,-107,4.722,109,3863167,31,-927,169,61545,0,0,0,0,0,476,17948,5939,22291,0,0,0,0,0
28,-107,4.78,110,3863223,31,-927,169,61545,0,0,0,0,0,476,17948,5939,22291,0,0,0,0,0
28,-107,4.834,111,3863279,31,-927,169,61545,0,0,0,0,0,476,17948,5939,22291,0,0,0,0,0
28,-107,4.891,112,3863335,31,-927,169,61545,0,0,0,0,0,476,17948,5939,22291,0,0,0,0,0
28,-107,4.946,113,3863391,31,-927,169,61545,0,0,0,0,0,476,17948,5939,22291,0,0,0,0,0
28,-107,5.01,114,3863447,31,-927,169,61545,0,0,0,0,0,476,17948,5939,22291,0,0,0,0,0
28,-107,5.054,115,3863499,31,-927,169,61545,0,0,0,0,0,476,17948,5939,22291,0,0,0,0,0
28,-107,5.11,116,3863555,31,-927,169,61545,0,0,0,0,0,476,17948,5939,22291,0,0,0,0,0
28,-107,5.166,117,3863611,31,-927,169,61545,0,0,0,0,0,476,17948,5939,22291,0,0,0,0,0
28,-107,5.223,118,3863667,31,-927,169,61545,0,0,0,0,0,476,17948,5939,22291,0,0,0,0,0
28,-107,5.277,119,3863723,31,-927,169,61545,0,0,0,0,0,476,17948,5939,22291,0,0,0,0,0
28,-107,5.334,120,3863779,31,-927,169,61545,0,0,0,0,0,476,17948,5939,22291,0,0,0,0,0
28,-107,5.39,121,3863835,31,-927,169,61545,0,0,0,0,0,476,17948,5939,22291,0,0,0,0,0
28,-107,5.448,122,3863891,31,-927,169,61545,0,0,0,0,0,476,17948,5939,22291,0,0,0,0,0
28,-107,5.505,123,3863947,31,-927,169,61545,0,0,0,0,0,476,17948,5939,22291,0,0,0,0,0
28,-107,5.558,124,3864003,31,-927,169,61545,0,0,0,0,0,476,17948,5939,22291,0,0,0,0,0
28,-107,5.614,125,3864059,31,-927,169,61545,0,0,0,0,0,476,17948,5939,22291,0,0,0,0,0
28,-107,5.671,126,3864115,31,-927,169,61545,0,0,0,0,0,476,17948,5939,22291,0,0,0,0,0
28,-107,5.726,127,3864171,31,-927,169,61545,0,0,0,0,0,476,17948,5939,22291,0,0,0,0,0
28,-107,5.785,0,3864227,31,-927,169,61545,0,0,0,0,0,476,17948,5939,22291,0,0,0,0,0
28,-107,5.838,1,3864283,31,-927,169,61545,0,0,0,0,0,476,17948,5939,22291,0,0,0,0,0
28,-107,5.893,2,3864339,31,-927,169,61545,0,0,0,0,0,476,17948,5939,22291,0,0,0,0,0
29,180,-0.028,80,3868692,31,-927,169,61545,0,0,0,0,0,476,17948,5939,22291,0,0,0,0,0
29,180,0.035,81,3868748,31,-927,169,61545,0,0,0,0,0,476,17948,5939,22291,0,0,0,0,0
29,180,0.086,82,3868804,31,-927,169,61576,0,0,0,-6,17,476,17950,5937,22297,-1000,1100,0,0,0
29,180,0.147,83,3868875,31,-927,169,61883,0,0,0,-46,36,476,17953,5889,22330,-1100,1300,0,0,0
29,180,0.219,84,3868947,31,-926,170,62263,0,0,0,-92,56,476,17956,5828,22369,-1300,1400,0,0,0
29,180,0.29,85,3869019,31,-926,171,62737,0,0,0,-92,62,476,17959,5753,22419,-1600,1900,0,0,0
29,180,0.362,86,3869091,31,-926,172,63401,0,0,0,-118,92,476,17962,5656,22497,-2000,2200,0,0,0
29,180,0.434,87,3869163,31,-926,172,64296,0,0,0,-154,128,476,17965,5531,22608,-2400,2600,0,0,0
29,180,0.507,88,3869235,31,-927,173,65340,0,0,0,-181,148,476,17968,5384,22736,-2500,2800,0,0,0
29,180,0.579,89,3869307,31,-927,174,66512,0,0,0,-194,148,476,17971,5214,22875,-2400,2700,0,0,0
29,180,0.65,90,3869379,31,-928,175,67617,0,0,0,-184,128,476,17974,5056,23008,-2300,2700,0,0,0
29,180,0.724,91,3869451,31,-929,175,68743,0,0,0,-181,138,476,17977,4895,23144,-2200,2600,0,0,0
29,180,0.794,92,3869523,31,-929,176,69821,0,0,0,-148,154,476,17980,4750,23283,-2100,2600,0,0,0
29,180,0.866,93,3869595,31,-929,176,70906,0,0,0,-164,164,476,17983,4606,23425,-2000,2600,0,0,0
29,180,0.938,94,3869667,31,-929,176,71961,0,0,0,-164,164,476,17986,4467,23564,-2000,2700,0,0,0
29,180,1.021,95,3869740,31,-929,176,73024,0,0,0,-154,164,476,17989,4328,23705,-2000,2600,0,0,0
29,180,1.083,96,3869811,31,-929,176,74090,0,0,0,-164,154,476,17992,4189,23847,-2100,2600,0,0,0
29,180,1.16,97,3869883,31,-928,176,75141,0,0,0,-144,164,476,17995,4056,23991,-2000,2700,0,0,0
29,180,1.227,98,3869955,31,-928,176,76237,0,0,0,-154,164,477,17998,3912,24136,-2000,2600,0,0,0
29,180,1.298,99,3870027,31,-928,176,77311,0,0,0,-164,164,477,18001,3773,24280,-2000,2500,0,0,0
29,180,1.379,100,3870099,31,-928,177,78389,0,0,0,-148,154,477,18004,3639,24430,-1400,2000,0,0,0
29,180,1.499,101,3870228,31,-928,178,79504,0,0,0,0,0,478,18011,3506,24591,0,0,0,0,0
29,180,1.549,102,3870279,31,-928,178,79504,0,0,0,0,0,478,18013,3506,24591,0,0,0,0,0
29,180,1.634,103,3870352,31,-928,178,79504,0,0,0,0,0,478,18016,3506,24591,0,0,0,0,0
29,180,1.678,104,3870407,31,-928,178,79504,0,0,0,0,0,478,18016,3506,24591,0,0,0,0,0
29,180,1.736,105,3870463,31,-928,178,79504,0,0,0,0,0,478,18016,3506,24591,0,0,0,0,0
29,180,1.789,106,3870519,31,-928,178,79504,0,0,0,0,0,478,18016,3506,24591,0,0,0,0,0
29,180,1.846,107,3870575,31,-928,178,79504,0,0,0,0,0,478,18016,3506,24591,0,0,0,0,0
29,180,1.904,108,3870631,31,-928,178,79504,0,0,0,0,0,478,18016,3506,24591,0,0,0,0,0
29,180,1.957,109,3870687,31,-928,178,79504,0,0,0,0,0,478,18016,3506,24591,0,0,0,0,0
29,180,2.013,110,3870743,31,-928,178,79504,0,0,0,0,0,478,18016,3506,24591,0,0,0,0,0
29,180,2.071,111,3870799,31,-928,178,79504,0,0,0,0,0,478,18016,3506,24591,0,0,0,0,0
29,180,2.126,112,3870855,31,-928,178,79504,0,0,0,0,0,478,18016,3506,24591,0,0,0,0,0
29,180,2.19,113,3870911,31,-928,178,79504,0,0,0,0,0,478,18016,3506,24591,0,0,0,0,0
29,180,2.242,114,3870967,31,-928,178,79504,0,0,0,0,0,478,18016,3506,24591,0,0,0,0,0
29,180,2.293,115,3871023,31,-928,178,79504,0,0,0,0,0,478,18016,3506,24591,0,0,0,0,0
29,180,2.351,116,3871079,31,-928,178,79504,0,0,0,0,0,478,18016,3506,24591,0,0,0,0,0
29,180,2.406,117,3871135,31,-928,178,79504,0,0,0,0,0,478,18016,3506,24591,0,0,0,0,0
29,180,2.462,118,3871191,31,-928,178,79504,0,0,0,0,0,478,18016,3506,24591,0,0,0,0,0
29,180,2.526,119,3871247,31,-928,178,79504,0,0,0,0,0,478,18016,3506,24591,0,0,0,0,0
29,180,2.57,120,3871299,31,-928,178,79504,0,0,0,0,0,478,18016,3506,24591,0,0,0,0,0
29,180,2.625,121,3871355,31,-928,178,79504,0,0,0,0,0,478,18016,3506,24591,0,0,0,0,0
29,180,2.687,122,3871411,31,-928,178,79504,0,0,0,0,0,478,18016,3506,24591,0,0,0,0,0
29,180,2.74,123,3871467,31,-928,178,79504,0,0,0,0,0,478,18016,3506,24591,0,0,0,0,0
29,180,2.799,124,3871523,31,-928,178,79504,0,0,0,0,0,478,18016,3506,24591,0,0,0,0,0
29,180,2.849,125,3871579,31,-928,178,79504,0,0,0,0,0,478,18016,3506,24591,0,0,0,0,0
29,180,2.909,126,3871635,31,-928,178,79504,0,0,0,0,0,478,18016,3506,24591,0,0,0,0,0
29,180,2.963,127,3871691,31,-928,178,79504,0,0,0,0,0,478,18016,3506,24591,0,0,0,0,0
29,180,3.018,0,3871747,31,-928,178,79504,0,0,0,0,0,478,18016,3506,24591,0,0,0,0,0
29,180,3.073,1,3871803,31,-928,178,79504,0,0,0,0,0,478,18016,3506,24591,0,0,0,0,0
29,180,3.132,2,3871859,31,-928,178,79504,0,0,0,0,0,478,18016,3506,24591,0,0,0,0,0
29,180,3.192,3,3871915,31,-928,178,79504,0,0,0,0,0,478,18016,3506,24591,0,0,0,0,0
29,180,3.242,4,3871971,31,-928,178,79504,0,0,0,0,0,478,18016,3506,24591,0,0,0,0,0
29,180,3.298,5,3872027,31,-928,178,79504,0,0,0,0,0,478,18016,3506,24591,0,0,0,0,0
29,180,3.354,6,3872083,31,-928,178,79504,0,0,0,0,0,478,18016,3506,24591,0,0,0,0,0
29,180,3.413,7,3872139,31,-928,178,79504,0,0,0,0,0,478,18016,3506,24591,0,0,0,0,0
29,180,3.473,8,3872195,31,-928,178,79504,0,0,0,0,0,478,18016,3506,24591,0,0,0,0,0
29,180,3.529,9,3872251,31,-928,178,79504,0,0,0,0,0,478,18016,3506,24591,0,0,0,0,0
29,180,3.587,10,3872307,31,-928,178,79504,0,0,0,0,0,478,18016,3506,24591,0,0,0,0,0
29,180,3.63,11,3872359,31,-928,178,79504,0,0,0,0,0,478,18016,3506,24591,0,0,0,0,0
29,180,3.685,12,3872415,31,-928,178,79504,0,0,0,0,0,478,18016,3506,24591,0,0,0,0,0
29,180,3.742,13,3872471,31,-928,178,79504,0,0,0,0,0,478,18016,3506,24591,0,0,0,0,0
29,180,3.798,14,3872527,31,-928,178,79504,0,0,0,0,0,478,18016,3506,24591,0,0,0,0,0
29,180,3.862,15,3872583,31,-928,178,79504,0,0,0,0,0,478,18016,3506,24591,0,0,0,0,0
29,180,3.911,16,3872639,31,-928,178,79504,0,0,0,0,0,478,18016,3506,24591,0,0,0,0,0
29,180,3.966,17,3872695,31,-928,178,79504,0,0,0,0,0,478,18016,3506,24591,0,0,0,0,0
29,180,4.029,18,3872751,31,-928,178,79504,0,0,0,0,0,478,18016,3506,24591,0,0,0,0,0
29,180,4.078,19,3872807,31,-928,178,79504,0,0,0,0,0,478,18016,3506,24591,0,0,0,0,0
29,180,4.134,20,3872863,31,-928,178,79504,0,0,0,0,0,478,18016,3506,24591,0,0,0,0,0
29,180,4.19,21,3872919,31,-928,178,79504,0,0,0,0,0,478,18016,3506,24591,0,0,0,0,0
29,180,4.247,22,3872975,31,-928,178,79504,0,0,0,0,0,478,18016,3506,24591,0,0,0,0,0
29,180,4.301,23,3873031,31,-928,178,79504,0,0,0,0,0,478,18016,3506,24591,0,0,0,0,0
29,180,4.36,24,3873087,31,-928,178,79504,0,0,0,0,0,478,18016,3506,24591,0,0,0,0,0
29,180,4.414,25,3873143,31,-928,178,79504,0,0,0,0,0,478,18016,3506,24591,0,0,0,0,0
29,180,4.469,26,3873199,31,-928,178,79504,0,0,0,0,0,478,18016,3506,24591,0,0,0,0,0
29,180,4.525,27,3873255,31,-928,178,79504,0,0,0,0,0,478,18016,3506,24591,0,0,0,0,0
29,180,4.584,28,3873311,31,-928,178,79504,0,0,0,0,0,478,18016,3506,24591,0,0,0,0,0
29,180,4.647,29,3873367,31,-928,178,79504,0,0,0,0,0,478,18016,3506,24591,0,0,0,0,0
29,180,4.69,30,3873419,31,-928,178,79504,0,0,0,0,0,478,18016,3506,24591,0,0,0,0,0
29,180,4.754,31,3873475,31,-928,178,79504,0,0,0,0,0,478,18016,3506,24591,0,0,0,0,0
29,180,4.803,32,3873531,31,-928,178,79504,0,0,0,0,0,478,18016,3506,24591,0,0,0,0,0
29,180,4.858,33,3873587,31,-928,178,79504,0,0,0,0,0,478,18016,3506,24591,0,0,0,0,0
29,180,4.913,34,3873643,31,-928,178,79504,0,0,0,0,0,478,18016,3506,24591,0,0,0,0,0
29,180,4.97,35,3873699,31,-928,178,79504,0,0,0,0,0,478,18016,3506,24591,0,0,0,0,0
29,180,5.026,36,3873755,31,-928,178,79504,0,0,0,0,0,478,18016,3506,24591,0,0,0,0,0
29,180,5.083,37,3873811,31,-928,178,79504,0,0,0,0,0,478,18016,3506,24591,0,0,0,0,0
29,180,5.138,38,3873867,31,-928,178,79504,0,0,0,0,0,478,18016,3506,24591,0,0,0,0,0
29,180,5.194,39,3873923,31,-928,178,79504,0,0,0,0,0,478,18016,3506,24591,0,0,0,0,0
29,180,5.261,40,3873979,31,-928,178,79504,0,0,0,0,0,478,18016,3506,24591,0,0,0,0,0
29,180,5.306,41,3874035,31,-928,178,79504,0,0,0,0,0,478,18016,3506,24591,0,0,0,0,0
29,180,5.364,42,3874091,31,-928,178,79504,0,0,0,0,0,478,18016,3506,24591,0,0,0,0,0
29,180,5.418,43,3874147,31,-928,178,79504,0,0,0,0,0,478,18016,3506,24591,0,0,0,0,0
29,180,5.474,44,3874203,31,-928,178,79504,0,0,0,0,0,478,18016,3506,24591,0,0,0,0,0
29,180,5.529,45,3874259,31,-928,178,79504,0,0,0,0,0,478,18016,3506,24591,0,0,0,0,0
29,180,5.588,46,3874315,31,-928,178,79504,0,0,0,0,0,478,18016,3506,24591,0,0,0,0,0
29,180,5.643,47,3874371,31,-928,178,79504,0,0,0,0,0,478,18016,3506,24591,0,0,0,0,0
29,180,5.706,48,3874427,31,-928,178,79504,0,0,0,0,0,478,18016,3506,24591,0,0,0,0,0
29,180,5.75,49,3874479,31,-928,178,79504,0,0,0,0,0,478,18016,3506,24591,0,0,0,0,0
29,180,5.806,50,3874535,31,-928,178,79504,0,0,0,0,0,478,18016,3506,24591,0,0,0,0,0
29,180,5.862,51,3874591,31,-928,178,79504,0,0,0,0,0,478,18016,3506,24591,0,0,0,0,0
29,180,5.918,52,3874647,31,-928,178,79504,0,0,0,0,0,478,18016,3506,24591,0,0,0,0,0
29,180,6.122,53,3874703,31,-928,178,79504,0,0,0,0,0,478,18016,3506,24591,0,0,0,0,0
29,180,6.122,54,3874759,31,-928,178,79504,0,0,0,0,0,478,18016,3506,24591,0,0,0,0,0
29,180,6.122,55,3874815,31,-928,178,79504,0,0,0,0,0,478,18016,3506,24591,0,0,0,0,0
29,180,6.148,56,3874871,31,-928,178,79504,0,0,0,0,0,478,18016,3506,24591,0,0,0,0,0
29,180,6.198,57,3874927,31,-928,178,79504,0,0,0,0,0,478,18016,3506,24591,0,0,0,0,0
29,180,6.256,58,3874983,31,-928,178,79504,0,0,0,0,0,478,18016,3506,24591,0,0,0,0,0
29,180,6.311,59,3875039,31,-928,178,79504,0,0,0,0,0,478,18016,3506,24591,0,0,0,0,0
29,180,6.366,60,3875095,31,-928,178,79504,0,0,0,0,0,478,18016,3506,24591,0,0,0,0,0
29,180,6.422,61,3875151,31,-928,178,79504,0,0,0,0,0,478,18016,3506,24591,0,0,0,0,0
30,-180,0.003,19,3879947,31,-928,178,79504,0,0,0,0,0,478,18016,3506,24591,0,0,0,0,0
30,-180,0.071,20,3880015,31,-928,178,79463,0,0,0,17,0,479,18018,3512,24586,1000,-1100,0,0,0
30,-180,0.144,21,3880087,31,-928,178,79201,0,0,0,36,-46,479,18021,3545,24550,1300,-1200,0,0,0
30,-180,0.217,22,3880159,31,-928,178,78821,0,0,0,56,-62,479,18024,3595,24500,1300,-1400,0,0,0
30,-180,0.286,23,3880231,31,-928,178,78347,0,0,0,72,-92,479,18027,3656,24436,1700,-1800,0,0,0
30,-180,0.359,24,3880303,31,-928,178,77706,0,0,0,98,-108,479,18030,3739,24350,2200,-2300,0,0,0
30,-180,0.43,25,3880375,31,-928,177,76776,0,0,0,148,-144,480,18033,3859,24225,2600,-2600,0,0,0
30,-180,0.502,26,3880447,31,-929,177,75668,0,0,0,148,-184,480,18036,3995,24069,2600,-2700,0,0,0
30,-180,0.574,27,3880519,31,-929,177,74469,0,0,0,164,-184,480,18039,4150,23908,2600,-2600,0,0,0
30,-180,0.649,28,3880591,31,-930,177,73266,0,0,0,154,-184,480,18042,4300,23741,2500,-2400,0,0,0
30,-180,0.73,29,3880664,31,-929,177,72086,0,0,0,164,-154,480,18045,4459,23589,2500,-2300,0,0,0
30,-180,0.79,30,3880735,31,-929,177,70967,0,0,0,154,-164,480,18048,4606,23441,2400,-2200,0,0,0
30,-180,0.863,31,3880807,31,-929,176,69927,0,0,0,174,-134,480,18051,4753,23314,2400,-2200,0,0,0
30,-180,0.934,32,3880879,31,-928,176,68891,0,0,0,148,-138,480,18054,4895,23183,2300,-2200,0,0,0
30,-180,1.008,33,3880951,31,-928,176,67848,0,0,0,148,-154,480,18057,5037,23050,2200,-2200,0,0,0
30,-180,1.086,34,3881023,31,-928,176,66858,0,0,0,148,-128,480,18060,5173,22925,2200,-2300,0,0,0
30,-180,1.15,35,3881095,31,-928,176,65837,0,0,0,141,-141,480,18063,5306,22789,2300,-2300,0,0,0
30,-180,1.222,36,3881167,31,-928,176,64790,0,0,0,148,-148,480,18066,5445,22652,2200,-2300,0,0,0
30,-180,1.295,37,3881239,31,-928,176,63758,0,0,0,154,-158,480,18069,5581,22516,2300,-2300,0,0,0
30,-180,1.366,38,3881311,31,-927,176,62726,0,0,0,148,-164,481,18072,5712,22375,1800,-1800,0,0,0
30,-180,1.478,39,3881424,31,-927,176,61629,0,0,0,0,0,482,18078,5856,22230,0,0,0,0,0
30,-180,1.53,40,3881475,31,-927,176,61629,0,0,0,0,0,482,18080,5856,22230,0,0,0,0,0
30,-180,1.602,41,3881547,31,-927,176,61629,0,0,0,0,0,482,18083,5856,22230,0,0,0,0,0
30,-180,1.661,42,3881603,31,-927,176,61629,0,0,0,0,0,482,18085,5856,22230,0,0,0,0,0
30,-180,1.72,43,3881659,31,-927,176,61629,0,0,0,0,0,482,18085,5856,22230,0,0,0,0,0
30,-180,1.77,44,3881715,31,-927,176,61629,0,0,0,0,0,482,18085,5856,22230,0,0,0,0,0
30,-180,1.826,45,3881771,31,-927,176,61629,0,0,0,0,0,482,18085,5856,22230,0,0,0,0,0
30,-180,1.882,46,3881827,31,-927,176,61629,0,0,0,0,0,482,18085,5856,22230,0,0,0,0,0
30,-180,1.938,47,3881883,31,-927,176,61629,0,0,0,0,0,482,18085,5856,22230,0,0,0,0,0
30,-180,1.994,48,3881939,31,-927,176,61629,0,0,0,0,0,482,18085,5856,22230,0,0,0,0,0
30,-180,2.051,49,3881995,31,-927,176,61629,0,0,0,0,0,482,18085,5856,22230,0,0,0,0,0
30,-180,2.105,50,3882051,31,-927,176,61629,0,0,0,0,0,482,18085,5856,22230,0,0,0,0,0
30,-180,2.161,51,3882107,31,-927,176,61629,0,0,0,0,0,482,18085,5856,22230,0,0,0,0,0
30,-180,2.218,52,3882163,31,-927,176,61629,0,0,0,0,0,482,18085,5856,22230,0,0,0,0,0
30,-180,2.28,53,3882219,31,-927,176,61629,0,0,0,0,0,482,18085,5856,22230,0,0,0,0,0
30,-180,2.326,54,3882271,31,-927,176,61629,0,0,0,0,0,482,18085,5856,22230,0,0,0,0,0
30,-180,2.381,55,3882327,31,-927,176,61629,0,0,0,0,0,482,18085,5856,22230,0,0,0,0,0
30,-180,2.437,56,3882383,31,-927,176,61629,0,0,0,0,0,482,18085,5856,22230,0,0,0,0,0
30,-180,2.495,57,3882439,31,-927,176,61629,0,0,0,0,0,482,18085,5856,22230,0,0,0,0,0
30,-180,2.549,58,3882495,31,-927,176,61629,0,0,0,0,0,482,18085,5856,22230,0,0,0,0,0
30,-180,2.606,59,3882551,31,-927,176,61629,0,0,0,0,0,482,18085,5856,22230,0,0,0,0,0
30,-180,2.662,60,3882607,31,-927,176,61629,0,0,0,0,0,482,18085,5856,22230,0,0,0,0,0
30,-180,2.717,61,3882663,31,-927,176,61629,0,0,0,0,0,482,18085,5856,22230,0,0,0,0,0
30,-180,2.773,62,3882719,31,-927,176,61629,0,0,0,0,0,482,18085,5856,22230,0,0,0,0,0
30,-180,2.83,63,3882775,31,-927,176,61629,0,0,0,0,0,482,18085,5856,22230,0,0,0,0,0
30,-180,2.887,64,3882831,31,-927,176,61629,0,0,0,0,0,482,18085,5856,22230,0,0,0,0,0
30,-180,2.945,65,3882887,31,-927,176,61629,0,0,0,0,0,482,18085,5856,22230,0,0,0,0,0
30,-180,2.998,66,3882943,31,-927,176,61629,0,0,0,0,0,482,18085,5856,22230,0,0,0,0,0
30,-180,3.055,67,3882999,31,-927,176,61629,0,0,0,0,0,482,18085,5856,22230,0,0,0,0,0
30,-180,3.112,68,3883055,31,-927,176,61629,0,0,0,0,0,482,18085,5856,22230,0,0,0,0,0
30,-180,3.166,69,3883111,31,-927,176,61629,0,0,0,0,0,482,18085,5856,22230,0,0,0,0,0
30,-180,3.222,70,3883167,31,-927,176,61629,0,0,0,0,0,482,18085,5856,22230,0,0,0,0,0
30,-180,3.279,71,3883223,31,-927,176,61629,0,0,0,0,0,482,18085,5856,22230,0,0,0,0,0
30,-180,3.34,72,3883279,31,-927,176,61629,0,0,0,0,0,482,18085,5856,22230,0,0,0,0,0
30,-180,3.386,73,3883331,31,-927,176,61629,0,0,0,0,0,482,18085,5856,22230,0,0,0,0,0
30,-180,3.442,74,3883387,31,-927,176,61629,0,0,0,0,0,482,18085,5856,22230,0,0,0,0,0
30,-180,3.498,75,3883443,31,-927,176,61629,0,0,0,0,0,482,18085,5856,22230,0,0,0,0,0
30,-180,3.554,76,3883499,31,-927,176,61629,0,0,0,0,0,482,18085,5856,22230,0,0,0,0,0
30,-180,3.617,77,3883555,31,-927,176,61629,0,0,0,0,0,482,18085,5856,22230,0,0,0,0,0
30,-180,3.666,78,3883611,31,-927,176,61629,0,0,0,0,0,482,18085,5856,22230,0,0,0,0,0
30,-180,3.722,79,3883667,31,-927,176,61629,0,0,0,0,0,482,18085,5856,22230,0,0,0,0,0
30,-180,3.778,80,3883723,31,-927,176,61629,0,0,0,0,0,482,18085,5856,22230,0,0,0,0,0
30,-180,3.833,81,3883779,31,-927,176,61629,0,0,0,0,0,482,18085,5856,22230,0,0,0,0,0
30,-180,3.89,82,3883835,31,-927,176,61629,0,0,0,0,0,482,18085,5856,22230,0,0,0,0,0
30,-180,3.947,83,3883891,31,-927,176,61629,0,0,0,0,0,482,18085,5856,22230,0,0,0,0,0
30,-180,4.002,84,3883947,31,-927,176,61629,0,0,0,0,0,482,18085,5856,22230,0,0,0,0,0
30,-180,4.058,85,3884003,31,-927,176,61629,0,0,0,0,0,482,18085,5856,22230,0,0,0,0,0
30,-180,4.114,86,3884059,31,-927,176,61629,0,0,0,0,0,482,18085,5856,22230,0,0,0,0,0
30,-180,4.171,87,3884115,31,-927,176,61629,0,0,0,0,0,482,18085,5856,22230,0,0,0,0,0
30,-180,4.226,88,3884171,31,-927,176,61629,0,0,0,0,0,482,18085,5856,22230,0,0,0,0,0
30,-180,4.28,89,3884227,31,-927,176,61629,0,0,0,0,0,482,18085,5856,22230,0,0,0,0,0
30,-180,4.338,90,3884283,31,-927,176,61629,0,0,0,0,0,482,18085,5856,22230,0,0,0,0,0
30,-180,4.401,91,3884339,31,-927,176,61629,0,0,0,0,0,482,18085,5856,22230,0,0,0,0,0
30,-180,4.445,92,3884391,31,-927,176,61629,0,0,0,0,0,482,18085,5856,22230,0,0,0,0,0
30,-180,4.502,93,3884447,31,-927,176,61629,0,0,0,0,0,482,18085,5856,22230,0,0,0,0,0
30,-180,4.559,94,3884503,31,-927,176,61629,0,0,0,0,0,482,18085,5856,22230,0,0,0,0,0
30,-180,4.613,95,3884559,31,-927,176,61629,0,0,0,0,0,482,18085,5856,22230,0,0,0,0,0
30,-180,4.67,96,3884615,31,-927,176,61629,0,0,0,0,0,482,18085,5856,22230,0,0,0,0,0
30,-180,4.726,97,3884671,31,-927,176,61629,0,0,0,0,0,482,18085,5856,22230,0,0,0,0,0
30,-180,4.781,98,3884727,31,-927,176,61629,0,0,0,0,0,482,18085,5856,22230,0,0,0,0,0
30,-180,4.838,99,3884783,31,-927,176,61629,0,0,0,0,0,482,18085,5856,22230,0,0,0,0,0
30,-180,4.894,100,3884839,31,-927,176,61629,0,0,0,0,0,482,18085,5856,22230,0,0,0,0,0
30,-180,4.95,101,3884895,31,-927,176,61629,0,0,0,0,0,482,18085,5856,22230,0,0,0,0,0
30,-180,5.006,102,3884951,31,-927,176,61629,0,0,0,0,0,482,18085,5856,22230,0,0,0,0,0
30,-180,5.061,103,3885007,31,-927,176,61629,0,0,0,0,0,482,18085,5856,22230,0,0,0,0,0
30,-180,5.116,104,3885063,31,-927,176,61629,0,0,0,0,0,482,18085,5856,22230,0,0,0,0,0
30,-180,5.176,105,3885119,31,-927,176,61629,0,0,0,0,0,482,18085,5856,22230,0,0,0,0,0
30,-180,5.229,106,3885175,31,-927,176,61629,0,0,0,0,0,482,18085,5856,22230,0,0,0,0,0
30,-180,5.286,107,3885231,31,-927,176,61629,0,0,0,0,0,482,18085,5856,22230,0,0,0,0,0
30,-180,5.342,108,3885287,31,-927,176,61629,0,0,0,0,0,482,18085,5856,22230,0,0,0,0,0
30,-180,5.398,109,3885343,31,-927,176,61629,0,0,0,0,0,482,18085,5856,22230,0,0,0,0,0
30,-180,5.461,110,3885399,31,-927,176,61629,0,0,0,0,0,482,18085,5856,22230,0,0,0,0,0
30,-180,5.508,111,3885451,31,-927,176,61629,0,0,0,0,0,482,18085,5856,22230,0,0,0,0,0
30,-180,5.562,112,3885507,31,-927,176,61629,0,0,0,0,0,482,18085,5856,22230,0,0,0,0,0
30,-180,5.618,113,3885563,31,-927,176,61629,0,0,0,0,0,482,18085,5856,22230,0,0,0,0,0
30,-180,5.672,114,3885619,31,-927,176,61629,0,0,0,0,0,482,18085,5856,22230,0,0,0,0,0
30,-180,5.73,115,3885675,31,-927,176,61629,0,0,0,0,0,482,18085,5856,22230,0,0,0,0,0
30,-180,5.787,116,3885731,31,-927,176,61629,0,0,0,0,0,482,18085,5856,22230,0,0,0,0,0
30,-180,5.841,117,3885787,31,-927,176,61629,0,0,0,0,0,482,18085,5856,22230,0,0,0,0,0
30,-180,5.897,118,3885843,31,-927,176,61629,0,0,0,0,0,482,18085,5856,22230,0,0,0,0,0
30,-180,5.954,119,3885899,31,-927,176,61629,0,0,0,0,0,482,18085,5856,22230,0,0,0,0,0
30,-180,6.009,120,3885955,31,-927,176,61629,0,0,0,0,0,482,18085,5856,22230,0,0,0,0,0
30,-180,6.066,121,3886011,31,-927,176,61629,0,0,0,0,0,482,18085,5856,22230,0,0,0,0,0
30,-180,6.124,122,3886067,31,-927,176,61629,0,0,0,0,0,482,18085,5856,22230,0,0,0,0,0
30,-180,6.178,123,3886123,31,-927,176,61629,0,0,0,0,0,482,18085,5856,22230,0,0,0,0,0
30,-180,6.234,124,3886179,31,-927,176,61629,0,0,0,0,0,482,18085,5856,22230,0,0,0,0,0
30,-180,6.29,125,3886235,31,-927,176,61629,0,0,0,0,0,482,18085,5856,22230,0,0,0,0,0
30,-180,6.345,126,3886291,31,-927,176,61629,0,0,0,0,0,482,18085,5856,22230,0,0,0,0,0
30,-180,6.403,127,3886347,31,-927,176,61629,0,0,0,0,0,482,18085,5856,22230,0,0,0,0,0
31,-90,-0.007,82,3890975,31,-927,176,61629,0,0,0,0,0,482,18085,5856,22230,0,0,0,0,0
31,-90,0.044,83,3891027,31,-927,176,61629,0,0,0,0,0,482,18086,5856,22230,900,-900,0,0,0
31,-90,0.118,84,3891099,31,-927,176,61416,0,0,0,36,-39,482,18089,5884,22202,1100,-1200,0,0,0
31,-90,0.19,85,3891171,31,-927,176,61048,0,0,0,66,-66,482,18092,5934,22155,1300,-1400,0,0,0
31,-90,0.261,86,3891243,31,-928,176,60536,0,0,0,82,-82,482,18095,6003,22089,1500,-1600,0,0,0
31,-90,0.334,87,3891315,31,-927,176,59933,0,0,0,92,-97,483,18098,6078,22005,1900,-2200,0,0,0
31,-90,0.411,88,3891387,31,-927,176,59098,0,0,0,138,-138,483,18101,6187,21894,2400,-2400,0,0,0
31,-90,0.477,89,3891459,31,-931,173,58605,0,0,0,154,0,485,18104,6317,21894,2700,-2700,0,0,0
31,-90,0.552,90,3891531,31,-932,171,57550,0,0,0,174,-194,485,18107,6478,21777,2800,-2900,0,0,0
31,-90,0.622,91,3891603,31,-931,172,56211,0,0,0,184,-220,485,18110,6645,21591,2700,-2800,0,0,0
31,-90,0.703,92,3891676,31,-931,172,54894,0,0,0,174,-181,485,18113,6812,21411,2500,-2600,0,0,0
31,-90,0.765,93,3891747,31,-930,172,53642,0,0,0,174,-181,485,18116,6967,21236,1600,-2000,0,0,0
31,-90,0.901,94,3891884,31,-928,171,52481,0,0,0,0,0,486,18124,7089,21052,0,0,0,0,0
31,-90,0.953,95,3891935,31,-928,171,52481,0,0,0,0,0,486,18126,7089,21052,0,0,0,0,0
31,-90,1.042,96,3892008,31,-928,171,52481,0,0,0,0,0,486,18129,7089,21052,0,0,0,0,0
31,-90,1.081,97,3892063,31,-928,171,52481,0,0,0,0,0,486,18129,7089,21052,0,0,0,0,0
31,-90,1.138,98,3892119,31,-928,171,52481,0,0,0,0,0,486,18129,7089,21052,0,0,0,0,0
31,-90,1.193,99,3892175,31,-928,171,52481,0,0,0,0,0,486,18129,7089,21052,0,0,0,0,0
31,-90,1.248,100,3892231,31,-928,171,52481,0,0,0,0,0,486,18129,7089,21052,0,0,0,0,0
31,-90,1.306,101,3892287,31,-928,171,52481,0,0,0,0,0,486,18129,7089,21052,0,0,0,0,0
31,-90,1.361,102,3892343,31,-928,171,52481,0,0,0,0,0,486,18129,7089,21052,0,0,0,0,0
31,-90,1.416,103,3892399,31,-928,171,52481,0,0,0,0,0,486,18129,7089,21052,0,0,0,0,0
31,-90,1.473,104,3892455,31,-928,171,52481,0,0,0,0,0,486,18129,7089,21052,0,0,0,0,0
31,-90,1.528,105,3892511,31,-928,171,52481,0,0,0,0,0,486,18129,7089,21052,0,0,0,0,0
31,-90,1.589,106,3892567,31,-928,171,52481,0,0,0,0,0,486,18129,7089,21052,0,0,0,0,0
31,-90,1.64,107,3892623,31,-928,171,52481,0,0,0,0,0,486,18129,7089,21052,0,0,0,0,0
31,-90,1.696,108,3892679,31,-928,171,52481,0,0,0,0,0,486,18129,7089,21052,0,0,0,0,0
31,-90,1.752,109,3892735,31,-928,171,52481,0,0,0,0,0,486,18129,7089,21052,0,0,0,0,0
31,-90,1.808,110,3892791,31,-928,171,52481,0,0,0,0,0,486,18129,7089,21052,0,0,0,0,0
31,-90,1.864,111,3892847,31,-928,171,52481,0,0,0,0,0,486,18129,7089,21052,0,0,0,0,0
31,-90,1.921,112,3892903,31,-928,171,52481,0,0,0,0,0,486,18129,7089,21052,0,0,0,0,0
31,-90,1.977,113,3892959,31,-928,171,52481,0,0,0,0,0,486,18129,7089,21052,0,0,0,0,0
31,-90,2.032,114,3893015,31,-928,171,52481,0,0,0,0,0,486,18129,7089,21052,0,0,0,0,0
31,-90,2.095,115,3893071,31,-928,171,52481,0,0,0,0,0,486,18129,7089,21052,0,0,0,0,0
31,-90,2.14,116,3893123,31,-928,171,52481,0,0,0,0,0,486,18129,7089,21052,0,0,0,0,0
31,-90,2.196,117,3893179,31,-928,171,52481,0,0,0,0,0,486,18129,7089,21052,0,0,0,0,0
31,-90,2.255,118,3893235,31,-928,171,52481,0,0,0,0,0,486,18129,7089,21052,0,0,0,0,0
31,-90,2.31,119,3893291,31,-928,171,52481,0,0,0,0,0,486,18129,7089,21052,0,0,0,0,0
31,-90,2.364,120,3893347,31,-928,171,52481,0,0,0,0,0,486,18129,7089,21052,0,0,0,0,0
31,-90,2.421,121,3893403,31,-928,171,52481,0,0,0,0,0,486,18129,7089,21052,0,0,0,0,0
31,-90,2.476,122,3893459,31,-928,171,52481,0,0,0,0,0,486,18129,7089,21052,0,0,0,0,0
31,-90,2.534,123,3893515,31,-928,171,52481,0,0,0,0,0,486,18129,7089,21052,0,0,0,0,0
31,-90,2.589,124,3893571,31,-928,171,52481,0,0,0,0,0,486,18129,7089,21052,0,0,0,0,0
31,-90,2.645,125,3893627,31,-928,171,52481,0,0,0,0,0,486,18129,7089,21052,0,0,0,0,0
31,-90,2.7,126,3893683,31,-928,171,52481,0,0,0,0,0,486,18129,7089,21052,0,0,0,0,0
31,-90,2.756,127,3893739,31,-928,171,52481,0,0,0,0,0,486,18129,7089,21052,0,0,0,0,0
31,-90,2.812,0,3893795,31,-928,171,52481,0,0,0,0,0,486,18129,7089,21052,0,0,0,0,0
31,-90,2.873,1,3893851,31,-928,171,52481,0,0,0,0,0,486,18129,7089,21052,0,0,0,0,0
31,-90,2.923,2,3893907,31,-928,171,52481,0,0,0,0,0,486,18129,7089,21052,0,0,0,0,0
31,-90,2.98,3,3893963,31,-928,171,52481,0,0,0,0,0,486,18129,7089,21052,0,0,0,0,0
31,-90,3.036,4,3894019,31,-928,171,52481,0,0,0,0,0,486,18129,7089,21052,0,0,0,0,0
31,-90,3.092,5,3894075,31,-928,171,52481,0,0,0,0,0,486,18129,7089,21052,0,0,0,0,0
31,-90,3.156,6,3894131,31,-928,171,52481,0,0,0,0,0,486,18129,7089,21052,0,0,0,0,0
31,-90,3.202,7,3894183,31,-928,171,52481,0,0,0,0,0,486,18129,7089,21052,0,0,0,0,0
31,-90,3.256,8,3894239,31,-928,171,52481,0,0,0,0,0,486,18129,7089,21052,0,0,0,0,0
31,-90,3.32,9,3894295,31,-928,171,52481,0,0,0,0,0,486,18129,7089,21052,0,0,0,0,0
31,-90,3.368,10,3894351,31,-928,171,52481,0,0,0,0,0,486,18129,7089,21052,0,0,0,0,0
31,-90,3.424,11,3894407,31,-928,171,52481,0,0,0,0,0,486,18129,7089,21052,0,0,0,0,0
31,-90,3.484,12,3894463,31,-928,171,52481,0,0,0,0,0,486,18129,7089,21052,0,0,0,0,0
31,-90,3.536,13,3894519,31,-928,171,52481,0,0,0,0,0,486,18129,7089,21052,0,0,0,0,0
31,-90,3.593,14,3894575,31,-928,171,52481,0,0,0,0,0,486,18129,7089,21052,0,0,0,0,0
31,-90,3.649,15,3894631,31,-928,171,52481,0,0,0,0,0,486,18129,7089,21052,0,0,0,0,0
31,-90,3.704,16,3894687,31,-928,171,52481,0,0,0,0,0,486,18129,7089,21052,0,0,0,0,0
31,-90,3.762,17,3894743,31,-928,171,52481,0,0,0,0,0,486,18129,7089,21052,0,0,0,0,0
31,-90,3.816,18,3894799,31,-928,171,52481,0,0,0,0,0,486,18129,7089,21052,0,0,0,0,0
31,-90,3.873,19,3894855,31,-928,171,52481,0,0,0,0,0,486,18129,7089,21052,0,0,0,0,0
31,-90,3.928,20,3894911,31,-928,171,52481,0,0,0,0,0,486,18129,7089,21052,0,0,0,0,0
31,-90,3.984,21,3894967,31,-928,171,52481,0,0,0,0,0,486,18129,7089,21052,0,0,0,0,0
31,-90,4.04,22,3895023,31,-928,171,52481,0,0,0,0,0,486,18129,7089,21052,0,0,0,0,0
31,-90,4.098,23,3895079,31,-928,171,52481,0,0,0,0,0,486,18129,7089,21052,0,0,0,0,0
31,-90,4.152,24,3895135,31,-928,171,52481,0,0,0,0,0,486,18129,7089,21052,0,0,0,0,0
31,-90,4.215,25,3895191,31,-928,171,52481,0,0,0,0,0,486,18129,7089,21052,0,0,0,0,0
31,-90,4.26,26,3895243,31,-928,171,52481,0,0,0,0,0,486,18129,7089,21052,0,0,0,0,0
31,-90,4.317,27,3895299,31,-928,171,52481,0,0,0,0,0,486,18129,7089,21052,0,0,0,0,0
31,-90,4.372,28,3895355,31,-928,171,52481,0,0,0,0,0,486,18129,7089,21052,0,0,0,0,0
31,-90,4.429,29,3895411,31,-928,171,52481,0,0,0,0,0,486,18129,7089,21052,0,0,0,0,0
31,-90,4.484,30,3895467,31,-928,171,52481,0,0,0,0,0,486,18129,7089,21052,0,0,0,0,0
31,-90,4.54,31,3895523,31,-928,171,52481,0,0,0,0,0,486,18129,7089,21052,0,0,0,0,0
31,-90,4.597,32,3895579,31,-928,171,52481,0,0,0,0,0,486,18129,7089,21052,0,0,0,0,0
31,-90,4.652,33,3895635,31,-928,171,52481,0,0,0,0,0,486,18129,7089,21052,0,0,0,0,0
31,-90,4.715,34,3895691,31,-928,171,52481,0,0,0,0,0,486,18129,7089,21052,0,0,0,0,0
31,-90,4.766,35,3895747,31,-928,171,52481,0,0,0,0,0,486,18129,7089,21052,0,0,0,0,0
31,-90,4.82,36,3895803,31,-928,171,52481,0,0,0,0,0,486,18129,7089,21052,0,0,0,0,0
31,-90,4.876,37,3895859,31,-928,171,52481,0,0,0,0,0,486,18129,7089,21052,0,0,0,0,0
31,-90,4.932,38,3895915,31,-928,171,52481,0,0,0,0,0,486,18129,7089,21052,0,0,0,0,0
31,-90,4.988,39,3895971,31,-928,171,52481,0,0,0,0,0,486,18129,7089,21052,0,0,0,0,0
31,-90,5.045,40,3896027,31,-928,171,52481,0,0,0,0,0,486,18129,7089,21052,0,0,0,0,0
31,-90,5.1,41,3896083,31,-928,171,52481,0,0,0,0,0,486,18129,7089,21052,0,0,0,0,0
31,-90,5.157,42,3896139,31,-928,171,52481,0,0,0,0,0,486,18129,7089,21052,0,0,0,0,0
31,-90,5.212,43,3896195,31,-928,171,52481,0,0,0,0,0,486,18129,7089,21052,0,0,0,0,0
31,-90,5.275,44,3896251,31,-928,171,52481,0,0,0,0,0,486,18129,7089,21052,0,0,0,0,0
31,-90,5.331,45,3896303,31,-928,171,52481,0,0,0,0,0,486,18129,7089,21052,0,0,0,0,0
31,-90,5.376,46,3896359,31,-928,171,52481,0,0,0,0,0,486,18129,7089,21052,0,0,0,0,0
31,-90,5.435,47,3896415,31,-928,171,52481,0,0,0,0,0,486,18129,7089,21052,0,0,0,0,0
31,-90,5.49,48,3896471,31,-928,171,52481,0,0,0,0,0,486,18129,7089,21052,0,0,0,0,0
31,-90,5.544,49,3896527,31,-928,171,52481,0,0,0,0,0,486,18129,7089,21052,0,0,0,0,0
31,-90,5.62,50,3896583,31,-928,171,52481,0,0,0,0,0,486,18129,7089,21052,0,0,0,0,0
31,-90,5.658,51,3896639,31,-928,171,52481,0,0,0,0,0,486,18129,7089,21052,0,0,0,0,0
31,-90,5.712,52,3896695,31,-928,171,52481,0,0,0,0,0,486,18129,7089,21052,0,0,0,0,0
31,-90,5.768,53,3896751,31,-928,171,52481,0,0,0,0,0,486,18129,7089,21052,0,0,0,0,0
31,-90,5.825,54,3896807,31,-928,171,52481,0,0,0,0,0,486,18129,7089,21052,0,0,0,0,0
31,-90,5.88,55,3896863,31,-928,171,52481,0,0,0,0,0,486,18129,7089,21052,0,0,0,0,0
32,90,-0.025,4,3901159,31,-928,171,52481,0,0,0,0,0,486,18129,7089,21052,0,0,0,0,0
32,90,0.046,5,3901227,31,-928,171,52481,0,0,0,0,0,486,18130,7089,21052,-900,900,0,0,0
32,90,0.116,6,3901299,31,-927,171,52701,0,0,0,-46,36,486,18133,7059,21080,-1200,1200,0,0,0
32,90,0.187,7,3901371,31,-927,171,53038,0,0,0,-62,41,487,18136,7009,21119,-1300,1400,0,0,0
32,90,0.259,8,3901443,31,-926,171,53471,0,0,0,-72,56,487,18139,6945,21169,-1500,1600,0,0,0
32,90,0.332,9,3901515,31,-926,171,54040,0,0,0,-108,69,488,18142,6862,21236,-1900,2100,0,0,0
32,90,0.415,10,3901588,31,-925,171,54852,0,0,0,-154,128,488,18145,6748,21336,-2400,2500,0,0,0
32,90,0.483,11,3901659,31,-925,171,55896,0,0,0,-164,164,488,18148,6606,21469,-2700,2700,0,0,0
32,90,0.555,12,3901731,31,-924,172,57087,0,0,0,-166,163,488,18151,6439,21616,-2600,2700,0,0,0
32,90,0.623,13,3901803,31,-924,172,58271,0,0,0,-174,158,489,18154,6275,21764,-2400,2600,0,0,0
32,90,0.692,14,3901875,31,-922,173,59257,0,0,0,-174,154,490,18157,6117,21866,-2200,2600,0,0,0
32,90,0.764,15,3901947,31,-924,172,60574,0,0,0,-145,154,490,18160,5973,22069,-1100,1700,0,0,0
32,90,0.867,16,3902052,31,-923,172,61405,0,0,0,0,0,491,18166,5862,22177,0,0,0,0,0
32,90,0.92,17,3902103,31,-923,172,61405,0,0,0,0,0,491,18168,5862,22177,0,0,0,0,0
32,90,0.99,18,3902175,31,-923,172,61405,0,0,0,0,0,491,18171,5862,22177,0,0,0,0,0
32,90,1.047,19,3902231,31,-923,172,61405,0,0,0,0,0,491,18172,5862,22177,0,0,0,0,0
32,90,1.103,20,3902287,31,-923,172,61405,0,0,0,0,0,491,18172,5862,22177,0,0,0,0,0
32,90,1.166,21,3902343,31,-923,172,61405,0,0,0,0,0,491,18172,5862,22177,0,0,0,0,0
32,90,1.215,22,3902399,31,-923,172,61405,0,0,0,0,0,491,18172,5862,22177,0,0,0,0,0
32,90,1.271,23,3902455,31,-923,172,61405,0,0,0,0,0,491,18172,5862,22177,0,0,0,0,0
32,90,1.328,24,3902511,31,-923,172,61405,0,0,0,0,0,491,18172,5862,22177,0,0,0,0,0
32,90,1.384,25,3902567,31,-923,172,61405,0,0,0,0,0,491,18172,5862,22177,0,0,0,0,0
32,90,1.439,26,3902623,31,-923,172,61405,0,0,0,0,0,491,18172,5862,22177,0,0,0,0,0
32,90,1.5,27,3902679,31,-923,172,61405,0,0,0,0,0,491,18172,5862,22177,0,0,0,0,0
32,90,1.552,28,3902735,31,-923,172,61405,0,0,0,0,0,491,18172,5862,22177,0,0,0,0,0
32,90,1.607,29,3902791,31,-923,172,61405,0,0,0,0,0,491,18172,5862,22177,0,0,0,0,0
32,90,1.67,30,3902847,31,-923,172,61405,0,0,0,0,0,491,18172,5862,22177,0,0,0,0,0
32,90,1.715,31,3902899,31,-923,172,61405,0,0,0,0,0,491,18172,5862,22177,0,0,0,0,0
32,90,1.771,32,3902955,31,-923,172,61405,0,0,0,0,0,491,18172,5862,22177,0,0,0,0,0
32,90,1.827,33,3903011,31,-923,172,61405,0,0,0,0,0,491,18172,5862,22177,0,0,0,0,0
32,90,1.885,34,3903067,31,-923,172,61405,0,0,0,0,0,491,18172,5862,22177,0,0,0,0,0
32,90,1.939,35,3903123,31,-923,172,61405,0,0,0,0,0,491,18172,5862,22177,0,0,0,0,0
32,90,1.995,36,3903179,31,-923,172,61405,0,0,0,0,0,491,18172,5862,22177,0,0,0,0,0
32,90,2.051,37,3903235,31,-923,172,61405,0,0,0,0,0,491,18172,5862,22177,0,0,0,0,0
32,90,2.112,38,3903291,31,-923,172,61405,0,0,0,0,0,491,18172,5862,22177,0,0,0,0,0
32,90,2.165,39,3903347,31,-923,172,61405,0,0,0,0,0,491,18172,5862,22177,0,0,0,0,0
32,90,2.219,40,3903403,31,-923,172,61405,0,0,0,0,0,491,18172,5862,22177,0,0,0,0,0
32,90,2.275,41,3903459,31,-923,172,61405,0,0,0,0,0,491,18172,5862,22177,0,0,0,0,0
32,90,2.331,42,3903515,31,-923,172,61405,0,0,0,0,0,491,18172,5862,22177,0,0,0,0,0
32,90,2.388,43,3903571,31,-923,172,61405,0,0,0,0,0,491,18172,5862,22177,0,0,0,0,0
32,90,2.443,44,3903627,31,-923,172,61405,0,0,0,0,0,491,18172,5862,22177,0,0,0,0,0
32,90,2.498,45,3903683,31,-923,172,61405,0,0,0,0,0,491,18172,5862,22177,0,0,0,0,0
32,90,2.554,46,3903739,31,-923,172,61405,0,0,0,0,0,491,18172,5862,22177,0,0,0,0,0
32,90,2.611,47,3903795,31,-923,172,61405,0,0,0,0,0,491,18172,5862,22177,0,0,0,0,0
32,90,2.668,48,3903851,31,-923,172,61405,0,0,0,0,0,491,18172,5862,22177,0,0,0,0,0
32,90,2.731,49,3903907,31,-923,172,61405,0,0,0,0,0,491,18172,5862,22177,0,0,0,0,0
32,90,2.777,50,3903959,31,-923,172,61405,0,0,0,0,0,491,18172,5862,22177,0,0,0,0,0
32,90,2.83,51,3904015,31,-923,172,61405,0,0,0,0,0,491,18172,5862,22177,0,0,0,0,0
32,90,2.887,52,3904071,31,-923,172,61405,0,0,0,0,0,491,18172,5862,22177,0,0,0,0,0
32,90,2.943,53,3904127,31,-923,172,61405,0,0,0,0,0,491,18172,5862,22177,0,0,0,0,0
32,90,2.999,54,3904183,31,-923,172,61405,0,0,0,0,0,491,18172,5862,22177,0,0,0,0,0
32,90,3.055,55,3904239,31,-923,172,61405,0,0,0,0,0,491,18172,5862,22177,0,0,0,0,0
32,90,3.118,56,3904295,31,-923,172,61405,0,0,0,0,0,491,18172,5862,22177,0,0,0,0,0
32,90,3.168,57,3904351,31,-923,172,61405,0,0,0,0,0,491,18172,5862,22177,0,0,0,0,0
32,90,3.222,58,3904407,31,-923,172,61405,0,0,0,0,0,491,18172,5862,22177,0,0,0,0,0
32,90,3.279,59,3904463,31,-923,172,61405,0,0,0,0,0,491,18172,5862,22177,0,0,0,0,0
32,90,3.336,60,3904519,31,-923,172,61405,0,0,0,0,0,491,18172,5862,22177,0,0,0,0,0
32,90,3.393,61,3904575,31,-923,172,61405,0,0,0,0,0,491,18172,5862,22177,0,0,0,0,0
32,90,3.447,62,3904631,31,-923,172,61405,0,0,0,0,0,491,18172,5862,22177,0,0,0,0,0
32,90,3.505,63,3904687,31,-923,172,61405,0,0,0,0,0,491,18172,5862,22177,0,0,0,0,0
32,90,3.559,64,3904743,31,-923,172,61405,0,0,0,0,0,491,18172,5862,22177,0,0,0,0,0
32,90,3.616,65,3904799,31,-923,172,61405,0,0,0,0,0,491,18172,5862,22177,0,0,0,0,0
32,90,3.674,66,3904855,31,-923,172,61405,0,0,0,0,0,491,18172,5862,22177,0,0,0,0,0
32,90,3.733,67,3904911,31,-923,172,61405,0,0,0,0,0,491,18172,5862,22177,0,0,0,0,0
32,90,3.79,68,3904967,31,-923,172,61405,0,0,0,0,0,491,18172,5862,22177,0,0,0,0,0
32,90,3.834,69,3905019,31,-923,172,61405,0,0,0,0,0,491,18172,5862,22177,0,0,0,0,0
32,90,3.891,70,3905075,31,-923,172,61405,0,0,0,0,0,491,18172,5862,22177,0,0,0,0,0
32,90,3.95,71,3905131,31,-923,172,61405,0,0,0,0,0,491,18172,5862,22177,0,0,0,0,0
32,90,4.002,72,3905187,31,-923,172,61405,0,0,0,0,0,491,18172,5862,22177,0,0,0,0,0
32,90,4.06,73,3905243,31,-923,172,61405,0,0,0,0,0,491,18172,5862,22177,0,0,0,0,0
32,90,4.115,74,3905299,31,-923,172,61405,0,0,0,0,0,491,18172,5862,22177,0,0,0,0,0
32,90,4.171,75,3905355,31,-923,172,61405,0,0,0,0,0,491,18172,5862,22177,0,0,0,0,0
32,90,4.227,76,3905411,31,-923,172,61405,0,0,0,0,0,491,18172,5862,22177,0,0,0,0,0
32,90,4.283,77,3905467,31,-923,172,61405,0,0,0,0,0,491,18172,5862,22177,0,0,0,0,0
32,90,4.342,78,3905523,31,-923,172,61405,0,0,0,0,0,491,18172,5862,22177,0,0,0,0,0
32,90,4.395,79,3905579,31,-923,172,61405,0,0,0,0,0,491,18172,5862,22177,0,0,0,0,0
32,90,4.451,80,3905635,31,-923,172,61405,0,0,0,0,0,491,18172,5862,22177,0,0,0,0,0
32,90,4.508,81,3905691,31,-923,172,61405,0,0,0,0,0,491,18172,5862,22177,0,0,0,0,0
32,90,4.563,82,3905747,31,-923,172,61405,0,0,0,0,0,491,18172,5862,22177,0,0,0,0,0
32,90,4.622,83,3905803,31,-923,172,61405,0,0,0,0,0,491,18172,5862,22177,0,0,0,0,0
32,90,4.678,84,3905859,31,-923,172,61405,0,0,0,0,0,491,18172,5862,22177,0,0,0,0,0
32,90,4.731,85,3905915,31,-923,172,61405,0,0,0,0,0,491,18172,5862,22177,0,0,0,0,0
32,90,4.787,86,3905971,31,-923,172,61405,0,0,0,0,0,491,18172,5862,22177,0,0,0,0,0
32,90,4.854,87,3906027,31,-923,172,61405,0,0,0,0,0,491,18172,5862,22177,0,0,0,0,0
32,90,4.895,88,3906079,31,-923,172,61405,0,0,0,0,0,491,18172,5862,22177,0,0,0,0,0
32,90,4.958,89,3906135,31,-923,172,61405,0,0,0,0,0,491,18172,5862,22177,0,0,0,0,0
32,90,5.006,90,3906191,31,-923,172,61405,0,0,0,0,0,491,18172,5862,22177,0,0,0,0,0
32,90,5.063,91,3906247,31,-923,172,61405,0,0,0,0,0,491,18172,5862,22177,0,0,0,0,0
32,90,5.121,92,3906303,31,-923,172,61405,0,0,0,0,0,491,18172,5862,22177,0,0,0,0,0
32,90,5.175,93,3906359,31,-923,172,61405,0,0,0,0,0,491,18172,5862,22177,0,0,0,0,0
32,90,5.231,94,3906415,31,-923,172,61405,0,0,0,0,0,491,18172,5862,22177,0,0,0,0,0
32,90,5.288,95,3906471,31,-923,172,61405,0,0,0,0,0,491,18172,5862,22177,0,0,0,0,0
32,90,5.351,96,3906527,31,-923,172,61405,0,0,0,0,0,491,18172,5862,22177,0,0,0,0,0
32,90,5.403,97,3906583,31,-923,172,61405,0,0,0,0,0,491,18172,5862,22177,0,0,0,0,0
32,90,5.454,98,3906639,31,-923,172,61405,0,0,0,0,0,491,18172,5862,22177,0,0,0,0,0
32,90,5.512,99,3906695,31,-923,172,61405,0,0,0,0,0,491,18172,5862,22177,0,0,0,0,0
32,90,5.572,100,3906751,31,-923,172,61405,0,0,0,0,0,491,18172,5862,22177,0,0,0,0,0
32,90,5.623,101,3906807,31,-923,172,61405,0,0,0,0,0,491,18172,5862,22177,0,0,0,0,0
33,-107,0.01,56,3911435,31,-923,172,61405,0,0,0,0,0,491,18172,5862,22177,0,0,0,0,0
33,-107,0.067,57,3911495,31,-924,171,61367,0,0,0,23,-6,491,18174,5870,22175,1000,-1100,0,0,0
33,-107,0.14,58,3911567,31,-923,172,61083,0,0,0,46,-53,491,18177,5906,22136,1300,-1300,0,0,0
33,-107,0.214,59,3911639,31,-923,172,60669,0,0,0,62,-82,491,18180,5956,22077,1300,-1400,0,0,0
33,-107,0.284,60,3911711,31,-923,172,60153,0,0,0,82,-82,492,18183,6023,22008,1700,-1800,0,0,0
33,-107,0.356,61,3911783,31,-923,172,59500,0,0,0,108,-108,492,18186,6106,21919,2200,-2200,0,0,0
33,-107,0.427,62,3911855,31,-923,172,58593,0,0,0,138,-144,492,18189,6223,21797,2600,-2500,0,0,0
33,-107,0.524,63,3911927,31,-923,173,57474,0,0,0,158,-184,492,18192,6362,21641,2700,-2600,0,0,0
33,-107,0.577,64,3911999,31,-922,173,56222,0,0,0,184,-190,492,18195,6523,21472,2600,-2500,0,0,0
33,-107,0.65,65,3912071,31,-922,173,55042,0,0,0,164,-181,492,18198,6673,21311,2500,-2200,0,0,0
33,-107,0.727,66,3912144,31,-922,173,53926,0,0,0,171,-148,492,18201,6825,21169,2400,-2200,0,0,0
33,-107,0.788,67,3912215,31,-922,173,52849,0,0,0,154,-158,492,18204,6967,21027,2300,-2100,0,0,0
33,-107,0.865,68,3912287,31,-922,173,51839,0,0,0,154,-128,492,18207,7103,20897,1600,-1300,0,0,0
33,-107,0.972,69,3912400,31,-923,173,50940,0,0,0,0,0,492,18213,7223,20780,0,0,0,0,0
33,-107,1.036,70,3912452,31,-923,173,50940,0,0,0,0,0,492,18215,7223,20780,0,0,0,0,0
33,-107,1.079,71,3912507,31,-923,173,50940,0,0,0,0,0,492,18215,7223,20780,0,0,0,0,0
33,-107,1.141,72,3912563,31,-923,173,50940,0,0,0,0,0,492,18215,7223,20780,0,0,0,0,0
33,-107,1.217,73,3912619,31,-923,173,50940,0,0,0,0,0,492,18215,7223,20780,0,0,0,0,0
33,-107,1.257,74,3912671,31,-923,173,50940,0,0,0,0,0,492,18215,7223,20780,0,0,0,0,0
33,-107,1.3,75,3912727,31,-923,173,50940,0,0,0,0,0,492,18215,7223,20780,0,0,0,0,0
33,-107,1.355,76,3912783,31,-923,173,50940,0,0,0,0,0,492,18215,7223,20780,0,0,0,0,0
33,-107,1.411,77,3912839,31,-923,173,50940,0,0,0,0,0,492,18215,7223,20780,0,0,0,0,0
33,-107,1.47,78,3912895,31,-923,173,50940,0,0,0,0,0,492,18215,7223,20780,0,0,0,0,0
33,-107,1.527,79,3912951,31,-923,173,50940,0,0,0,0,0,492,18215,7223,20780,0,0,0,0,0
33,-107,1.578,80,3913007,31,-923,173,50940,0,0,0,0,0,492,18215,7223,20780,0,0,0,0,0
33,-107,1.637,81,3913063,31,-923,173,50940,0,0,0,0,0,492,18215,7223,20780,0,0,0,0,0
33,-107,1.69,82,3913119,31,-923,173,50940,0,0,0,0,0,492,18215,7223,20780,0,0,0,0,0
33,-107,1.747,83,3913175,31,-923,173,50940,0,0,0,0,0,492,18215,7223,20780,0,0,0,0,0
33,-107,1.803,84,3913231,31,-923,173,50940,0,0,0,0,0,492,18215,7223,20780,0,0,0,0,0
33,-107,1.86,85,3913287,31,-923,173,50940,0,0,0,0,0,492,18215,7223,20780,0,0,0,0,0
33,-107,1.916,86,3913343,31,-923,173,50940,0,0,0,0,0,492,18215,7223,20780,0,0,0,0,0
33,-107,1.972,87,3913399,31,-923,173,50940,0,0,0,0,0,492,18215,7223,20780,0,0,0,0,0
33,-107,2.027,88,3913455,31,-923,173,50940,0,0,0,0,0,492,18215,7223,20780,0,0,0,0,0
33,-107,2.1,89,3913511,31,-923,173,50940,0,0,0,0,0,492,18215,7223,20780,0,0,0,0,0
33,-107,2.142,90,3913567,31,-923,173,50940,0,0,0,0,0,492,18215,7223,20780,0,0,0,0,0
33,-107,2.194,91,3913623,31,-923,173,50940,0,0,0,0,0,492,18215,7223,20780,0,0,0,0,0
33,-107,2.259,92,3913679,31,-923,173,50940,0,0,0,0,0,492,18215,7223,20780,0,0,0,0,0
33,-107,2.302,93,3913731,31,-923,173,50940,0,0,0,0,0,492,18215,7223,20780,0,0,0,0,0
33,-107,2.359,94,3913787,31,-923,173,50940,0,0,0,0,0,492,18215,7223,20780,0,0,0,0,0
33,-107,2.416,95,3913843,31,-923,173,50940,0,0,0,0,0,492,18215,7223,20780,0,0,0,0,0
33,-107,2.47,96,3913899,31,-923,173,50940,0,0,0,0,0,492,18215,7223,20780,0,0,0,0,0
33,-107,2.527,97,3913955,31,-923,173,50940,0,0,0,0,0,492,18215,7223,20780,0,0,0,0,0
33,-107,2.583,98,3914011,31,-923,173,50940,0,0,0,0,0,492,18215,7223,20780,0,0,0,0,0
33,-107,2.639,99,3914067,31,-923,173,50940,0,0,0,0,0,492,18215,7223,20780,0,0,0,0,0
33,-107,2.699,100,3914123,31,-923,173,50940,0,0,0,0,0,492,18215,7223,20780,0,0,0,0,0
33,-107,2.75,101,3914179,31,-923,173,50940,0,0,0,0,0,492,18215,7223,20780,0,0,0,0,0
33,-107,2.809,102,3914235,31,-923,173,50940,0,0,0,0,0,492,18215,7223,20780,0,0,0,0,0
33,-107,2.872,103,3914291,31,-923,173,50940,0,0,0,0,0,492,18215,7223,20780,0,0,0,0,0
33,-107,2.927,104,3914347,31,-923,173,50940,0,0,0,0,0,492,18215,7223,20780,0,0,0,0,0
33,-107,2.979,105,3914403,31,-923,173,50940,0,0,0,0,0,492,18215,7223,20780,0,0,0,0,0
33,-107,3.032,106,3914459,31,-923,173,50940,0,0,0,0,0,492,18215,7223,20780,0,0,0,0,0
33,-107,3.086,107,3914515,31,-923,173,50940,0,0,0,0,0,492,18215,7223,20780,0,0,0,0,0
33,-107,3.147,108,3914571,31,-923,173,50940,0,0,0,0,0,492,18215,7223,20780,0,0,0,0,0
33,-107,3.2,109,3914627,31,-923,173,50940,0,0,0,0,0,492,18215,7223,20780,0,0,0,0,0
33,-107,3.258,110,3914683,31,-923,173,50940,0,0,0,0,0,492,18215,7223,20780,0,0,0,0,0
33,-107,3.319,111,3914739,31,-923,173,50940,0,0,0,0,0,492,18215,7223,20780,0,0,0,0,0
33,-107,3.362,112,3914791,31,-923,173,50940,0,0,0,0,0,492,18215,7223,20780,0,0,0,0,0
33,-107,3.422,113,3914847,31,-923,173,50940,0,0,0,0,0,492,18215,7223,20780,0,0,0,0,0
33,-107,3.477,114,3914903,31,-923,173,50940,0,0,0,0,0,492,18215,7223,20780,0,0,0,0,0
33,-107,3.532,115,3914959,31,-923,173,50940,0,0,0,0,0,492,18215,7223,20780,0,0,0,0,0
33,-107,3.587,116,3915015,31,-923,173,50940,0,0,0,0,0,492,18215,7223,20780,0,0,0,0,0
33,-107,3.645,117,3915071,31,-923,173,50940,0,0,0,0,0,492,18215,7223,20780,0,0,0,0,0
33,-107,3.698,118,3915127,31,-923,173,50940,0,0,0,0,0,492,18215,7223,20780,0,0,0,0,0
33,-107,3.758,119,3915183,31,-923,173,50940,0,0,0,0,0,492,18215,7223,20780,0,0,0,0,0
33,-107,3.811,120,3915239,31,-923,173,50940,0,0,0,0,0,492,18215,7223,20780,0,0,0,0,0
33,-107,3.867,121,3915295,31,-923,173,50940,0,0,0,0,0,492,18215,7223,20780,0,0,0,0,0
33,-107,3.928,122,3915351,31,-923,173,50940,0,0,0,0,0,492,18215,7223,20780,0,0,0,0,0
33,-107,3.979,123,3915407,31,-923,173,50940,0,0,0,0,0,492,18215,7223,20780,0,0,0,0,0
33,-107,4.039,124,3915463,31,-923,173,50940,0,0,0,0,0,492,18215,7223,20780,0,0,0,0,0
33,-107,4.094,125,3915519,31,-923,173,50940,0,0,0,0,0,492,18215,7223,20780,0,0,0,0,0
33,-107,4.152,126,3915575,31,-923,173,50940,0,0,0,0,0,492,18215,7223,20780,0,0,0,0,0
33,-107,4.203,127,3915631,31,-923,173,50940,0,0,0,0,0,492,18215,7223,20780,0,0,0,0,0
33,-107,4.26,0,3915687,31,-923,173,50940,0,0,0,0,0,492,18215,7223,20780,0,0,0,0,0
33,-107,4.315,1,3915743,31,-923,173,50940,0,0,0,0,0,492,18215,7223,20780,0,0,0,0,0
33,-107,4.377,2,3915799,31,-923,173,50940,0,0,0,0,0,492,18215,7223,20780,0,0,0,0,0
33,-107,4.426,3,3915851,31,-923,173,50940,0,0,0,0,0,492,18215,7223,20780,0,0,0,0,0
33,-107,4.486,4,3915907,31,-923,173,50940,0,0,0,0,0,492,18215,7223,20780,0,0,0,0,0
33,-107,4.542,5,3915963,31,-923,173,50940,0,0,0,0,0,492,18215,7223,20780,0,0,0,0,0
33,-107,4.591,6,3916019,31,-923,173,50940,0,0,0,0,0,492,18215,7223,20780,0,0,0,0,0
33,-107,4.65,7,3916075,31,-923,173,50940,0,0,0,0,0,492,18215,7223,20780,0,0,0,0,0
33,-107,4.703,8,3916131,31,-923,173,50940,0,0,0,0,0,492,18215,7223,20780,0,0,0,0,0
33,-107,4.759,9,3916187,31,-923,173,50940,0,0,0,0,0,492,18215,7223,20780,0,0,0,0,0
33,-107,4.815,10,3916243,31,-923,173,50940,0,0,0,0,0,492,18215,7223,20780,0,0,0,0,0
33,-107,4.877,11,3916299,31,-923,173,50940,0,0,0,0,0,492,18215,7223,20780,0,0,0,0,0
33,-107,4.927,12,3916355,31,-923,173,50940,0,0,0,0,0,492,18215,7223,20780,0,0,0,0,0
33,-107,4.984,13,3916411,31,-923,173,50940,0,0,0,0,0,492,18215,7223,20780,0,0,0,0,0
33,-107,5.046,14,3916467,31,-923,173,50940,0,0,0,0,0,492,18215,7223,20780,0,0,0,0,0
33,-107,5.096,15,3916523,31,-923,173,50940,0,0,0,0,0,492,18215,7223,20780,0,0,0,0,0
33,-107,5.157,16,3916579,31,-923,173,50940,0,0,0,0,0,492,18215,7223,20780,0,0,0,0,0
33,-107,5.207,17,3916635,31,-923,173,50940,0,0,0,0,0,492,18215,7223,20780,0,0,0,0,0
33,-107,5.268,18,3916691,31,-923,173,50940,0,0,0,0,0,492,18215,7223,20780,0,0,0,0,0
33,-107,5.318,19,3916747,31,-923,173,50940,0,0,0,0,0,492,18215,7223,20780,0,0,0,0,0
33,-107,5.381,20,3916803,31,-923,173,50940,0,0,0,0,0,492,18215,7223,20780,0,0,0,0,0
33,-107,5.437,21,3916859,31,-923,173,50940,0,0,0,0,0,492,18215,7223,20780,0,0,0,0,0
33,-107,5.486,22,3916911,31,-923,173,50940,0,0,0,0,0,492,18215,7223,20780,0,0,0,0,0
33,-107,5.538,23,3916967,31,-923,173,50940,0,0,0,0,0,492,18215,7223,20780,0,0,0,0,0
33,-107,5.596,24,3917023,31,-923,173,50940,0,0,0,0,0,492,18215,7223,20780,0,0,0,0,0
33,-107,5.651,25,3917079,31,-923,173,50940,0,0,0,0,0,492,18215,7223,20780,0,0,0,0,0
33,-107,5.707,26,3917135,31,-923,173,50940,0,0,0,0,0,492,18215,7223,20780,0,0,0,0,0
34,107,0.0,112,3921935,31,-923,173,50940,0,0,0,0,0,492,18215,7223,20780,0,0,0,0,0
34,107,0.088,113,3922004,31,-923,173,50963,0,0,0,-8,0,493,18217,7220,20783,-1000,1100,0,0,0
34,107,0.142,114,3922075,31,-922,173,51278,0,0,0,-53,41,494,18220,7173,20819,-1200,1300,0,0,0
34,107,0.212,115,3922147,31,-922,173,51661,0,0,0,-72,56,494,18223,7117,20864,-1300,1400,0,0,0
34,107,0.291,116,3922219,31,-921,172,52143,0,0,0,-92,56,494,18226,7045,20919,-1500,1800,0,0,0
34,107,0.357,117,3922291,31,-921,172,52784,0,0,0,-93,107,494,18229,6959,21002,-2100,2200,0,0,0
34,107,0.428,118,3922363,31,-921,172,53664,0,0,0,-148,138,494,18232,6839,21114,-2500,2600,0,0,0
34,107,0.5,119,3922435,31,-920,172,54780,0,0,0,-184,164,495,18235,6681,21250,-2600,2700,0,0,0
34,107,0.572,120,3922507,31,-919,172,55971,0,0,0,-193,154,495,18238,6514,21397,-2500,2700,0,0,0
34,107,0.644,121,3922579,31,-919,173,57163,0,0,0,-184,164,495,18241,6350,21547,-2300,2600,0,0,0
34,107,0.716,122,3922651,31,-919,173,58313,0,0,0,-158,148,495,18244,6200,21700,-2100,2600,0,0,0
34,107,0.794,123,3922723,31,-919,172,59394,0,0,0,-144,147,495,18247,6062,21847,-2100,2600,0,0,0
34,107,0.86,124,3922795,31,-919,172,60532,0,0,0,-164,164,495,18250,5917,22002,-1400,1900,0,0,0
34,107,0.98,125,3922916,31,-919,172,61481,0,0,0,0,0,495,18257,5795,22130,0,0,0,0,0
34,107,1.043,126,3922968,31,-919,172,61481,0,0,0,0,0,495,18259,5795,22130,0,0,0,0,0
34,107,1.088,127,3923023,31,-919,172,61481,0,0,0,0,0,495,18259,5795,22130,0,0,0,0,0
34,107,1.144,0,3923079,31,-919,172,61481,0,0,0,0,0,495,18259,5795,22130,0,0,0,0,0
34,107,1.203,1,3923135,31,-919,172,61481,0,0,0,0,0,495,18259,5795,22130,0,0,0,0,0
34,107,1.256,2,3923191,31,-919,172,61481,0,0,0,0,0,495,18259,5795,22130,0,0,0,0,0
34,107,1.312,3,3923247,31,-919,172,61481,0,0,0,0,0,495,18259,5795,22130,0,0,0,0,0
34,107,1.368,4,3923303,31,-919,172,61481,0,0,0,0,0,495,18259,5795,22130,0,0,0,0,0
34,107,1.423,5,3923359,31,-919,172,61481,0,0,0,0,0,495,18259,5795,22130,0,0,0,0,0
34,107,1.482,6,3923415,31,-919,172,61481,0,0,0,0,0,495,18259,5795,22130,0,0,0,0,0
34,107,1.542,7,3923471,31,-919,172,61481,0,0,0,0,0,495,18259,5795,22130,0,0,0,0,0
34,107,1.587,8,3923523,31,-919,172,61481,0,0,0,0,0,495,18259,5795,22130,0,0,0,0,0
34,107,1.644,9,3923579,31,-919,172,61481,0,0,0,0,0,495,18259,5795,22130,0,0,0,0,0
34,107,1.7,10,3923635,31,-919,172,61481,0,0,0,0,0,495,18259,5795,22130,0,0,0,0,0
34,107,1.756,11,3923691,31,-919,172,61481,0,0,0,0,0,495,18259,5795,22130,0,0,0,0,0
34,107,1.817,12,3923747,31,-919,172,61481,0,0,0,0,0,495,18259,5795,22130,0,0,0,0,0
34,107,1.868,13,3923803,31,-919,172,61481,0,0,0,0,0,495,18259,5795,22130,0,0,0,0,0
34,107,1.927,14,3923859,31,-919,172,61481,0,0,0,0,0,495,18259,5795,22130,0,0,0,0,0
34,107,1.98,15,3923915,31,-919,172,61481,0,0,0,0,0,495,18259,5795,22130,0,0,0,0,0
34,107,2.036,16,3923971,31,-919,172,61481,0,0,0,0,0,495,18259,5795,22130,0,0,0,0,0
34,107,2.092,17,3924027,31,-919,172,61481,0,0,0,0,0,495,18259,5795,22130,0,0,0,0,0
34,107,2.15,18,3924083,31,-919,172,61481,0,0,0,0,0,495,18259,5795,22130,0,0,0,0,0
34,107,2.207,19,3924139,31,-919,172,61481,0,0,0,0,0,495,18259,5795,22130,0,0,0,0,0
34,107,2.259,20,3924195,31,-919,172,61481,0,0,0,0,0,495,18259,5795,22130,0,0,0,0,0
34,107,2.318,21,3924251,31,-919,172,61481,0,0,0,0,0,495,18259,5795,22130,0,0,0,0,0
34,107,2.371,22,3924307,31,-919,172,61481,0,0,0,0,0,495,18259,5795,22130,0,0,0,0,0
34,107,2.437,23,3924363,31,-919,172,61481,0,0,0,0,0,495,18259,5795,22130,0,0,0,0,0
34,107,2.485,24,3924419,31,-919,172,61481,0,0,0,0,0,495,18259,5795,22130,0,0,0,0,0
34,107,2.54,25,3924475,31,-919,172,61481,0,0,0,0,0,495,18259,5795,22130,0,0,0,0,0
34,107,2.602,26,3924531,31,-919,172,61481,0,0,0,0,0,495,18259,5795,22130,0,0,0,0,0
34,107,2.648,27,3924583,31,-919,172,61481,0,0,0,0,0,495,18259,5795,22130,0,0,0,0,0
34,107,2.703,28,3924639,31,-919,172,61481,0,0,0,0,0,495,18259,5795,22130,0,0,0,0,0
34,107,2.762,29,3924695,31,-919,172,61481,0,0,0,0,0,495,18259,5795,22130,0,0,0,0,0
34,107,2.815,30,3924751,31,-919,172,61481,0,0,0,0,0,495,18259,5795,22130,0,0,0,0,0
34,107,2.873,31,3924807,31,-919,172,61481,0,0,0,0,0,495,18259,5795,22130,0,0,0,0,0
34,107,2.928,32,3924863,31,-919,172,61481,0,0,0,0,0,495,18259,5795,22130,0,0,0,0,0
34,107,2.984,33,3924919,31,-919,172,61481,0,0,0,0,0,495,18259,5795,22130,0,0,0,0,0
34,107,3.046,34,3924975,31,-919,172,61481,0,0,0,0,0,495,18259,5795,22130,0,0,0,0,0
34,107,3.097,35,3925031,31,-919,172,61481,0,0,0,0,0,495,18259,5795,22130,0,0,0,0,0
34,107,3.151,36,3925087,31,-919,172,61481,0,0,0,0,0,495,18259,5795,22130,0,0,0,0,0
34,107,3.208,37,3925143,31,-919,172,61481,0,0,0,0,0,495,18259,5795,22130,0,0,0,0,0
34,107,3.264,38,3925199,31,-919,172,61481,0,0,0,0,0,495,18259,5795,22130,0,0,0,0,0
34,107,3.32,39,3925255,31,-919,172,61481,0,0,0,0,0,495,18259,5795,22130,0,0,0,0,0
34,107,3.395,40,3925311,31,-919,172,61481,0,0,0,0,0,495,18259,5795,22130,0,0,0,0,0
34,107,3.434,41,3925367,31,-919,172,61481,0,0,0,0,0,495,18259,5795,22130,0,0,0,0,0
34,107,3.487,42,3925423,31,-919,172,61481,0,0,0,0,0,495,18259,5795,22130,0,0,0,0,0
34,107,3.544,43,3925479,31,-919,172,61481,0,0,0,0,0,495,18259,5795,22130,0,0,0,0,0
34,107,3.604,44,3925535,31,-919,172,61481,0,0,0,0,0,495,18259,5795,22130,0,0,0,0,0
34,107,3.666,45,3925591,31,-919,172,61481,0,0,0,0,0,495,18259,5795,22130,0,0,0,0,0
34,107,3.708,46,3925643,31,-919,172,61481,0,0,0,0,0,495,18259,5795,22130,0,0,0,0,0
34,107,3.765,47,3925699,31,-919,172,61481,0,0,0,0,0,495,18259,5795,22130,0,0,0,0,0
34,107,3.819,48,3925755,31,-919,172,61481,0,0,0,0,0,495,18259,5795,22130,0,0,0,0,0
34,107,3.876,49,3925811,31,-919,172,61481,0,0,0,0,0,495,18259,5795,22130,0,0,0,0,0
34,107,3.932,50,3925867,31,-919,172,61481,0,0,0,0,0,495,18259,5795,22130,0,0,0,0,0
34,107,3.99,51,3925923,31,-919,172,61481,0,0,0,0,0,495,18259,5795,22130,0,0,0,0,0
34,107,4.044,52,3925979,31,-919,172,61481,0,0,0,0,0,495,18259,5795,22130,0,0,0,0,0
34,107,4.101,53,3926035,31,-919,172,61481,0,0,0,0,0,495,18259,5795,22130,0,0,0,0,0
34,107,4.156,54,3926091,31,-919,172,61481,0,0,0,0,0,495,18259,5795,22130,0,0,0,0,0
34,107,4.212,55,3926147,31,-919,172,61481,0,0,0,0,0,495,18259,5795,22130,0,0,0,0,0
34,107,4.268,56,3926203,31,-919,172,61481,0,0,0,0,0,495,18259,5795,22130,0,0,0,0,0
34,107,4.326,57,3926259,31,-919,172,61481,0,0,0,0,0,495,18259,5795,22130,0,0,0,0,0
34,107,4.38,58,3926315,31,-919,172,61481,0,0,0,0,0,495,18259,5795,22130,0,0,0,0,0
34,107,4.436,59,3926371,31,-919,172,61481,0,0,0,0,0,495,18259,5795,22130,0,0,0,0,0
34,107,4.511,60,3926427,31,-919,172,61481,0,0,0,0,0,495,18259,5795,22130,0,0,0,0,0
34,107,4.549,61,3926483,31,-919,172,61481,0,0,0,0,0,495,18259,5795,22130,0,0,0,0,0
34,107,4.603,62,3926539,31,-919,172,61481,0,0,0,0,0,495,18259,5795,22130,0,0,0,0,0
34,107,4.66,63,3926595,31,-919,172,61481,0,0,0,0,0,495,18259,5795,22130,0,0,0,0,0
34,107,4.723,64,3926651,31,-919,172,61481,0,0,0,0,0,495,18259,5795,22130,0,0,0,0,0
34,107,4.768,65,3926703,31,-919,172,61481,0,0,0,0,0,495,18259,5795,22130,0,0,0,0,0
34,107,4.825,66,3926759,31,-919,172,61481,0,0,0,0,0,495,18259,5795,22130,0,0,0,0,0
34,107,4.88,67,3926815,31,-919,172,61481,0,0,0,0,0,495,18259,5795,22130,0,0,0,0,0
34,107,4.936,68,3926871,31,-919,172,61481,0,0,0,0,0,495,18259,5795,22130,0,0,0,0,0
34,107,4.994,69,3926927,31,-919,172,61481,0,0,0,0,0,495,18259,5795,22130,0,0,0,0,0
34,107,5.048,70,3926983,31,-919,172,61481,0,0,0,0,0,495,18259,5795,22130,0,0,0,0,0
34,107,5.104,71,3927039,31,-919,172,61481,0,0,0,0,0,495,18259,5795,22130,0,0,0,0,0
34,107,5.16,72,3927095,31,-919,172,61481,0,0,0,0,0,495,18259,5795,22130,0,0,0,0,0
34,107,5.216,73,3927151,31,-919,172,61481,0,0,0,0,0,495,18259,5795,22130,0,0,0,0,0
34,107,5.271,74,3927207,31,-919,172,61481,0,0,0,0,0,495,18259,5795,22130,0,0,0,0,0
34,107,5.329,75,3927263,31,-919,172,61481,0,0,0,0,0,495,18259,5795,22130,0,0,0,0,0
34,107,5.384,76,3927319,31,-919,172,61481,0,0,0,0,0,495,18259,5795,22130,0,0,0,0,0
34,107,5.44,77,3927375,31,-919,172,61481,0,0,0,0,0,495,18259,5795,22130,0,0,0,0,0
34,107,5.496,78,3927431,31,-919,172,61481,0,0,0,0,0,495,18259,5795,22130,0,0,0,0,0
34,107,5.552,79,3927487,31,-919,172,61481,0,0,0,0,0,495,18259,5795,22130,0,0,0,0,0
35,-180,-0.016,32,3932003,31,-919,172,61481,0,0,0,0,0,495,18259,5795,22130,0,0,0,0,0
35,-180,0.045,33,3932063,31,-919,172,61481,0,0,0,0,0,495,18260,5795,22130,900,-900,0,0,0
35,-180,0.117,34,3932135,31,-919,172,61249,0,0,0,46,-39,495,18263,5828,22102,1100,-1300,0,0,0
35,-180,0.19,35,3932207,31,-919,172,60889,0,0,0,66,-56,495,18266,5873,22052,1300,-1300,0,0,0
35,-180,0.262,36,3932279,31,-919,172,60441,0,0,0,62,-82,495,18269,5928,21989,1500,-1600,0,0,0
35,-180,0.339,37,3932351,31,-919,172,59827,0,0,0,102,-108,496,18272,6009,21908,2000,-2000,0,0,0
35,-180,0.417,38,3932424,31,-919,172,58992,0,0,0,128,-138,496,18275,6112,21791,2400,-2400,0,0,0
35,-180,0.479,39,3932495,31,-918,172,57922,0,0,0,144,-180,497,18278,6250,21647,2600,-2600,0,0,0
35,-180,0.551,40,3932567,31,-918,173,56719,0,0,0,174,-180,497,18281,6406,21486,2600,-2500,0,0,0
35,-180,0.623,41,3932639,31,-918,173,55493,0,0,0,174,-184,497,18284,6562,21319,2500,-2300,0,0,0
35,-180,0.703,42,3932712,31,-918,173,54366,0,0,0,144,-158,497,18287,6706,21166,2400,-2200,0,0,0
35,-180,0.765,43,3932783,31,-918,173,53285,0,0,0,144,-154,497,18290,6850,21025,2300,-2100,0,0,0
35,-180,0.838,44,3932855,31,-918,173,52249,0,0,0,135,-148,497,18293,6989,20891,2200,-2100,0,0,0
35,-180,0.922,45,3932927,31,-918,173,51217,0,0,0,174,-141,498,18296,7131,20761,2400,-2400,0,0,0
35,-180,0.982,46,3932999,31,-920,174,50371,0,0,0,138,-154,499,18299,7262,20669,2300,-2100,0,0,0
35,-180,1.053,47,3933071,31,-918,173,49153,0,0,0,154,-154,499,18302,7400,20486,2300,-2100,0,0,0
35,-180,1.129,48,3933143,31,-918,173,48125,0,0,0,158,-148,499,18305,7537,20352,2300,-2200,0,0,0
35,-180,1.197,49,3933215,31,-918,173,47138,0,0,0,144,-138,499,18308,7667,20222,2300,-2200,0,0,0
35,-180,1.276,50,3933287,31,-918,173,46114,0,0,0,144,-148,499,18311,7806,20091,2300,-2200,0,0,0
35,-180,1.353,51,3933360,31,-918,173,45104,0,0,0,141,-141,499,18314,7939,19958,2300,-2300,0,0,0
35,-180,1.414,52,3933431,31,-918,174,44125,0,0,0,134,-128,499,18317,8075,19836,1000,-1000,0,0,0
35,-180,1.509,53,3933528,31,-918,174,43659,0,0,0,0,0,500,18323,8142,19780,0,0,0,0,0
35,-180,1.566,54,3933579,31,-918,174,43659,0,0,0,0,0,500,18325,8142,19780,0,0,0,0,0
35,-180,1.633,55,3933651,31,-918,174,43659,0,0,0,0,0,500,18328,8142,19780,0,0,0,0,0
35,-180,1.691,56,3933707,31,-918,174,43659,0,0,0,0,0,500,18329,8142,19780,0,0,0,0,0
35,-180,1.744,57,3933763,31,-918,174,43659,0,0,0,0,0,500,18329,8142,19780,0,0,0,0,0
35,-180,1.8,58,3933819,31,-918,174,43659,0,0,0,0,0,500,18329,8142,19780,0,0,0,0,0
35,-180,1.856,59,3933875,31,-918,174,43659,0,0,0,0,0,500,18329,8142,19780,0,0,0,0,0
35,-180,1.913,60,3933931,31,-918,174,43659,0,0,0,0,0,500,18329,8142,19780,0,0,0,0,0
35,-180,1.975,61,3933987,31,-918,174,43659,0,0,0,0,0,500,18329,8142,19780,0,0,0,0,0
35,-180,2.024,62,3934043,31,-918,174,43659,0,0,0,0,0,500,18329,8142,19780,0,0,0,0,0
35,-180,2.081,63,3934099,31,-918,174,43659,0,0,0,0,0,500,18329,8142,19780,0,0,0,0,0
35,-180,2.137,64,3934155,31,-918,174,43659,0,0,0,0,0,500,18329,8142,19780,0,0,0,0,0
35,-180,2.192,65,3934211,31,-918,174,43659,0,0,0,0,0,500,18329,8142,19780,0,0,0,0,0
35,-180,2.249,66,3934267,31,-918,174,43659,0,0,0,0,0,500,18329,8142,19780,0,0,0,0,0
35,-180,2.305,67,3934323,31,-918,174,43659,0,0,0,0,0,500,18329,8142,19780,0,0,0,0,0
35,-180,2.36,68,3934379,31,-918,174,43659,0,0,0,0,0,500,18329,8142,19780,0,0,0,0,0
35,-180,2.423,69,3934435,31,-918,174,43659,0,0,0,0,0,500,18329,8142,19780,0,0,0,0,0
35,-180,2.468,70,3934487,31,-918,174,43659,0,0,0,0,0,500,18329,8142,19780,0,0,0,0,0
35,-180,2.524,71,3934543,31,-918,174,43659,0,0,0,0,0,500,18329,8142,19780,0,0,0,0,0
35,-180,2.58,72,3934599,31,-918,174,43659,0,0,0,0,0,500,18329,8142,19780,0,0,0,0,0
35,-180,2.637,73,3934655,31,-918,174,43659,0,0,0,0,0,500,18329,8142,19780,0,0,0,0,0
35,-180,2.694,74,3934711,31,-918,174,43659,0,0,0,0,0,500,18329,8142,19780,0,0,0,0,0
35,-180,2.809,75,3934767,31,-918,174,43659,0,0,0,0,0,500,18329,8142,19780,0,0,0,0,0
35,-180,2.809,76,3934823,31,-918,174,43659,0,0,0,0,0,500,18329,8142,19780,0,0,0,0,0
35,-180,2.86,77,3934879,31,-918,174,43659,0,0,0,0,0,500,18329,8142,19780,0,0,0,0,0
35,-180,2.916,78,3934935,31,-918,174,43659,0,0,0,0,0,500,18329,8142,19780,0,0,0,0,0
35,-180,2.976,79,3934991,31,-918,174,43659,0,0,0,0,0,500,18329,8142,19780,0,0,0,0,0
35,-180,3.03,80,3935047,31,-918,174,43659,0,0,0,0,0,500,18329,8142,19780,0,0,0,0,0
35,-180,3.084,81,3935103,31,-918,174,43659,0,0,0,0,0,500,18329,8142,19780,0,0,0,0,0
35,-180,3.14,82,3935159,31,-918,174,43659,0,0,0,0,0,500,18329,8142,19780,0,0,0,0,0
35,-180,3.203,83,3935215,31,-918,174,43659,0,0,0,0,0,500,18329,8142,19780,0,0,0,0,0
35,-180,3.255,84,3935271,31,-918,174,43659,0,0,0,0,0,500,18329,8142,19780,0,0,0,0,0
35,-180,3.308,85,3935327,31,-918,174,43659,0,0,0,0,0,500,18329,8142,19780,0,0,0,0,0
35,-180,3.365,86,3935383,31,-918,174,43659,0,0,0,0,0,500,18329,8142,19780,0,0,0,0,0
35,-180,3.42,87,3935439,31,-918,174,43659,0,0,0,0,0,500,18329,8142,19780,0,0,0,0,0
35,-180,3.483,88,3935495,31,-918,174,43659,0,0,0,0,0,500,18329,8142,19780,0,0,0,0,0
35,-180,3.528,89,3935547,31,-918,174,43659,0,0,0,0,0,500,18329,8142,19780,0,0,0,0,0
35,-180,3.585,90,3935603,31,-918,174,43659,0,0,0,0,0,500,18329,8142,19780,0,0,0,0,0
35,-180,3.64,91,3935659,31,-918,174,43659,0,0,0,0,0,500,18329,8142,19780,0,0,0,0,0
35,-180,3.696,92,3935715,31,-918,174,43659,0,0,0,0,0,500,18329,8142,19780,0,0,0,0,0
35,-180,3.752,93,3935771,31,-918,174,43659,0,0,0,0,0,500,18329,8142,19780,0,0,0,0,0
35,-180,3.809,94,3935827,31,-918,174,43659,0,0,0,0,0,500,18329,8142,19780,0,0,0,0,0
35,-180,3.864,95,3935883,31,-918,174,43659,0,0,0,0,0,500,18329,8142,19780,0,0,0,0,0
35,-180,3.92,96,3935939,31,-918,174,43659,0,0,0,0,0,500,18329,8142,19780,0,0,0,0,0
35,-180,3.976,97,3935995,31,-918,174,43659,0,0,0,0,0,500,18329,8142,19780,0,0,0,0,0
35,-180,4.034,98,3936051,31,-918,174,43659,0,0,0,0,0,500,18329,8142,19780,0,0,0,0,0
35,-180,4.089,99,3936107,31,-918,174,43659,0,0,0,0,0,500,18329,8142,19780,0,0,0,0,0
35,-180,4.145,100,3936163,31,-918,174,43659,0,0,0,0,0,500,18329,8142,19780,0,0,0,0,0
35,-180,4.201,101,3936219,31,-918,174,43659,0,0,0,0,0,500,18329,8142,19780,0,0,0,0,0
35,-180,4.257,102,3936275,31,-918,174,43659,0,0,0,0,0,500,18329,8142,19780,0,0,0,0,0
35,-180,4.312,103,3936331,31,-918,174,43659,0,0,0,0,0,500,18329,8142,19780,0,0,0,0,0
35,-180,4.368,104,3936387,31,-918,174,43659,0,0,0,0,0,500,18329,8142,19780,0,0,0,0,0
35,-180,4.432,105,3936443,31,-918,174,43659,0,0,0,0,0,500,18329,8142,19780,0,0,0,0,0
35,-180,4.48,106,3936499,31,-918,174,43659,0,0,0,0,0,500,18329,8142,19780,0,0,0,0,0
35,-180,4.544,107,3936555,31,-918,174,43659,0,0,0,0,0,500,18329,8142,19780,0,0,0,0,0
35,-180,4.589,108,3936607,31,-918,174,43659,0,0,0,0,0,500,18329,8142,19780,0,0,0,0,0
35,-180,4.645,109,3936663,31,-918,174,43659,0,0,0,0,0,500,18329,8142,19780,0,0,0,0,0
35,-180,4.703,110,3936719,31,-918,174,43659,0,0,0,0,0,500,18329,8142,19780,0,0,0,0,0
35,-180,4.757,111,3936775,31,-918,174,43659,0,0,0,0,0,500,18329,8142,19780,0,0,0,0,0
35,-180,4.814,112,3936831,31,-918,174,43659,0,0,0,0,0,500,18329,8142,19780,0,0,0,0,0
35,-180,4.869,113,3936887,31,-918,174,43659,0,0,0,0,0,500,18329,8142,19780,0,0,0,0,0
35,-180,4.924,114,3936943,31,-918,174,43659,0,0,0,0,0,500,18329,8142,19780,0,0,0,0,0
35,-180,4.981,115,3936999,31,-918,174,43659,0,0,0,0,0,500,18329,8142,19780,0,0,0,0,0
35,-180,5.036,116,3937055,31,-918,174,43659,0,0,0,0,0,500,18329,8142,19780,0,0,0,0,0
35,-180,5.092,117,3937111,31,-918,174,43659,0,0,0,0,0,500,18329,8142,19780,0,0,0,0,0
35,-180,5.149,118,3937167,31,-918,174,43659,0,0,0,0,0,500,18329,8142,19780,0,0,0,0,0
35,-180,5.205,119,3937223,31,-918,174,43659,0,0,0,0,0,500,18329,8142,19780,0,0,0,0,0
35,-180,5.261,120,3937279,31,-918,174,43659,0,0,0,0,0,500,18329,8142,19780,0,0,0,0,0
35,-180,5.316,121,3937335,31,-918,174,43659,0,0,0,0,0,500,18329,8142,19780,0,0,0,0,0
35,-180,5.372,122,3937391,31,-918,174,43659,0,0,0,0,0,500,18329,8142,19780,0,0,0,0,0
35,-180,5.43,123,3937447,31,-918,174,43659,0,0,0,0,0,500,18329,8142,19780,0,0,0,0,0
35,-180,5.485,124,3937503,31,-918,174,43659,0,0,0,0,0,500,18329,8142,19780,0,0,0,0,0
35,-180,5.54,125,3937559,31,-918,174,43659,0,0,0,0,0,500,18329,8142,19780,0,0,0,0,0
35,-180,5.603,126,3937615,31,-918,174,43659,0,0,0,0,0,500,18329,8142,19780,0,0,0,0,0
35,-180,5.648,127,3937667,31,-918,174,43659,0,0,0,0,0,500,18329,8142,19780,0,0,0,0,0
35,-180,5.704,0,3937723,31,-918,174,43659,0,0,0,0,0,500,18329,8142,19780,0,0,0,0,0
35,-180,5.764,1,3937779,31,-918,174,43659,0,0,0,0,0,500,18329,8142,19780,0,0,0,0,0
35,-180,5.819,2,3937835,31,-918,174,43659,0,0,0,0,0,500,18329,8142,19780,0,0,0,0,0
35,-180,5.872,3,3937891,31,-918,174,43659,0,0,0,0,0,500,18329,8142,19780,0,0,0,0,0
35,-180,5.929,4,3937947,31,-918,174,43659,0,0,0,0,0,500,18329,8142,19780,0,0,0,0,0
35,-180,5.984,5,3938003,31,-918,174,43659,0,0,0,0,0,500,18329,8142,19780,0,0,0,0,0
35,-180,6.042,6,3938059,31,-918,174,43659,0,0,0,0,0,500,18329,8142,19780,0,0,0,0,0
35,-180,6.096,7,3938115,31,-918,174,43659,0,0,0,0,0,500,18329,8142,19780,0,0,0,0,0
35,-180,6.153,8,3938171,31,-918,174,43659,0,0,0,0,0,500,18329,8142,19780,0,0,0,0,0
35,-180,6.207,9,3938227,31,-918,174,43659,0,0,0,0,0,500,18329,8142,19780,0,0,0,0,0
35,-180,6.265,10,3938283,31,-918,174,43659,0,0,0,0,0,500,18329,8142,19780,0,0,0,0,0
36,180,-0.016,94,3942967,31,-918,174,43659,0,0,0,0,0,500,18329,8142,19780,0,0,0,0,0
36,180,0.044,95,3943027,31,-918,174,43659,0,0,0,0,0,500,18330,8142,19780,-900,900,0,0,0
36,180,0.119,96,3943099,31,-918,174,43879,0,0,0,-43,36,500,18333,8112,19808,-1200,1200,0,0,0
36,180,0.188,97,3943171,31,-918,173,44194,0,0,0,-53,36,500,18336,8062,19841,-1300,1400,0,0,0
36,180,0.259,98,3943243,31,-919,172,44577,0,0,0,-75,46,500,18339,8000,19880,-1500,1800,0,0,0
36,180,0.332,99,3943315,31,-919,172,45112,0,0,0,-89,82,500,18342,7923,19944,-2000,2100,0,0,0
36,180,0.414,100,3943388,31,-919,171,45882,0,0,0,-145,110,501,18345,7812,20036,-2600,2500,0,0,0
36,180,0.477,101,3943459,31,-918,170,46895,0,0,0,-154,144,501,18348,7667,20158,-2700,2800,0,0,0
36,180,0.548,102,3943531,31,-918,169,48064,0,0,0,-190,154,501,18351,7495,20294,-2700,2700,0,0,0
36,180,0.621,103,3943603,31,-917,168,49274,0,0,0,-171,164,501,18354,7323,20441,-2400,2700,0,0,0
36,180,0.693,104,3943675,31,-917,168,50435,0,0,0,-164,164,501,18357,7162,20586,-2300,2700,0,0,0
36,180,0.765,105,3943747,31,-916,167,51585,0,0,0,-164,154,501,18360,7006,20733,-2100,2600,0,0,0
36,180,0.84,106,3943819,31,-916,167,52670,0,0,0,-154,138,501,18363,6862,20875,-2100,2600,0,0,0
36,180,0.909,107,3943891,31,-917,167,53809,0,0,0,-174,159,502,18366,6714,21027,-2100,2700,0,0,0
36,180,0.981,108,3943963,31,-917,167,54886,0,0,0,-164,158,502,18369,6578,21175,-2100,2600,0,0,0
36,180,1.052,109,3944035,31,-917,167,55990,0,0,0,-164,164,502,18372,6437,21325,-2000,2500,0,0,0
36,180,1.125,110,3944107,31,-918,167,57079,0,0,0,-158,164,502,18375,6300,21475,-2000,2600,0,0,0
36,180,1.197,111,3944179,31,-918,167,58108,0,0,0,-144,164,503,18378,6173,21619,-2000,2600,0,0,0
36,180,1.285,112,3944251,31,-919,166,59197,0,0,0,-148,174,503,18381,6039,21772,-2000,2500,0,0,0
36,180,1.353,113,3944324,31,-919,165,60301,0,0,0,-132,172,503,18384,5903,21927,-1800,2300,0,0,0
36,180,1.471,114,3944452,31,-919,165,61439,0,0,0,0,0,503,18391,5756,22080,0,0,0,0,0
36,180,1.519,115,3944503,31,-919,165,61439,0,0,0,0,0,503,18393,5756,22080,0,0,0,0,0
36,180,1.599,116,3944575,31,-919,165,61439,0,0,0,0,0,503,18396,5756,22080,0,0,0,0,0
36,180,1.674,117,3944648,31,-919,165,61439,0,0,0,0,0,503,18399,5756,22080,0,0,0,0,0
36,180,1.72,118,3944703,31,-919,165,61439,0,0,0,0,0,503,18399,5756,22080,0,0,0,0,0
36,180,1.781,119,3944759,31,-919,165,61439,0,0,0,0,0,503,18399,5756,22080,0,0,0,0,0
36,180,1.83,120,3944815,31,-919,165,61439,0,0,0,0,0,503,18399,5756,22080,0,0,0,0,0
36,180,1.889,121,3944871,31,-919,165,61439,0,0,0,0,0,503,18399,5756,22080,0,0,0,0,0
36,180,1.944,122,3944927,31,-919,165,61439,0,0,0,0,0,503,18399,5756,22080,0,0,0,0,0
36,180,1.999,123,3944983,31,-919,165,61439,0,0,0,0,0,503,18399,5756,22080,0,0,0,0,0
36,180,2.055,124,3945039,31,-919,165,61439,0,0,0,0,0,503,18399,5756,22080,0,0,0,0,0
36,180,2.11,125,3945095,31,-919,165,61439,0,0,0,0,0,503,18399,5756,22080,0,0,0,0,0
36,180,2.172,126,3945151,31,-919,165,61439,0,0,0,0,0,503,18399,5756,22080,0,0,0,0,0
36,180,2.223,127,3945207,31,-919,165,61439,0,0,0,0,0,503,18399,5756,22080,0,0,0,0,0
36,180,2.28,0,3945263,31,-919,165,61439,0,0,0,0,0,503,18399,5756,22080,0,0,0,0,0
36,180,2.335,1,3945319,31,-919,165,61439,0,0,0,0,0,503,18399,5756,22080,0,0,0,0,0
36,180,2.391,2,3945375,31,-919,165,61439,0,0,0,0,0,503,18399,5756,22080,0,0,0,0,0
36,180,2.455,3,3945431,31,-919,165,61439,0,0,0,0,0,503,18399,5756,22080,0,0,0,0,0
36,180,2.51,4,3945483,31,-919,165,61439,0,0,0,0,0,503,18399,5756,22080,0,0,0,0,0
36,180,2.554,5,3945539,31,-919,165,61439,0,0,0,0,0,503,18399,5756,22080,0,0,0,0,0
36,180,2.611,6,3945595,31,-919,165,61439,0,0,0,0,0,503,18399,5756,22080,0,0,0,0,0
36,180,2.666,7,3945651,31,-919,165,61439,0,0,0,0,0,503,18399,5756,22080,0,0,0,0,0
36,180,2.723,8,3945707,31,-919,165,61439,0,0,0,0,0,503,18399,5756,22080,0,0,0,0,0
36,180,2.786,9,3945763,31,-919,165,61439,0,0,0,0,0,503,18399,5756,22080,0,0,0,0,0
36,180,2.835,10,3945819,31,-919,165,61439,0,0,0,0,0,503,18399,5756,22080,0,0,0,0,0
36,180,2.891,11,3945875,31,-919,165,61439,0,0,0,0,0,503,18399,5756,22080,0,0,0,0,0
36,180,2.947,12,3945931,31,-919,165,61439,0,0,0,0,0,503,18399,5756,22080,0,0,0,0,0
36,180,3.003,13,3945987,31,-919,165,61439,0,0,0,0,0,503,18399,5756,22080,0,0,0,0,0
36,180,3.059,14,3946043,31,-919,165,61439,0,0,0,0,0,503,18399,5756,22080,0,0,0,0,0
36,180,3.115,15,3946099,31,-919,165,61439,0,0,0,0,0,503,18399,5756,22080,0,0,0,0,0
36,180,3.17,16,3946155,31,-919,165,61439,0,0,0,0,0,503,18399,5756,22080,0,0,0,0,0
36,180,3.227,17,3946211,31,-919,165,61439,0,0,0,0,0,503,18399,5756,22080,0,0,0,0,0
36,180,3.283,18,3946267,31,-919,165,61439,0,0,0,0,0,503,18399,5756,22080,0,0,0,0,0
36,180,3.339,19,3946323,31,-919,165,61439,0,0,0,0,0,503,18399,5756,22080,0,0,0,0,0
36,180,3.406,20,3946379,31,-919,165,61439,0,0,0,0,0,503,18399,5756,22080,0,0,0,0,0
36,180,3.451,21,3946435,31,-919,165,61439,0,0,0,0,0,503,18399,5756,22080,0,0,0,0,0
36,180,3.515,22,3946491,31,-919,165,61439,0,0,0,0,0,503,18399,5756,22080,0,0,0,0,0
36,180,3.559,23,3946543,31,-919,165,61439,0,0,0,0,0,503,18399,5756,22080,0,0,0,0,0
36,180,3.614,24,3946599,31,-919,165,61439,0,0,0,0,0,503,18399,5756,22080,0,0,0,0,0
36,180,3.671,25,3946655,31,-919,165,61439,0,0,0,0,0,503,18399,5756,22080,0,0,0,0,0
36,180,3.727,26,3946711,31,-919,165,61439,0,0,0,0,0,503,18399,5756,22080,0,0,0,0,0
36,180,3.783,27,3946767,31,-919,165,61439,0,0,0,0,0,503,18399,5756,22080,0,0,0,0,0
36,180,3.838,28,3946823,31,-919,165,61439,0,0,0,0,0,503,18399,5756,22080,0,0,0,0,0
36,180,3.895,29,3946879,31,-919,165,61439,0,0,0,0,0,503,18399,5756,22080,0,0,0,0,0
36,180,3.951,30,3946935,31,-919,165,61439,0,0,0,0,0,503,18399,5756,22080,0,0,0,0,0
36,180,4.015,31,3946991,31,-919,165,61439,0,0,0,0,0,503,18399,5756,22080,0,0,0,0,0
36,180,4.063,32,3947047,31,-919,165,61439,0,0,0,0,0,503,18399,5756,22080,0,0,0,0,0
36,180,4.119,33,3947103,31,-919,165,61439,0,0,0,0,0,503,18399,5756,22080,0,0,0,0,0
36,180,4.175,34,3947159,31,-919,165,61439,0,0,0,0,0,503,18399,5756,22080,0,0,0,0,0
36,180,4.231,35,3947215,31,-919,165,61439,0,0,0,0,0,503,18399,5756,22080,0,0,0,0,0
36,180,4.286,36,3947271,31,-919,165,61439,0,0,0,0,0,503,18399,5756,22080,0,0,0,0,0
36,180,4.345,37,3947327,31,-919,165,61439,0,0,0,0,0,503,18399,5756,22080,0,0,0,0,0
36,180,4.399,38,3947383,31,-919,165,61439,0,0,0,0,0,503,18399,5756,22080,0,0,0,0,0
36,180,4.455,39,3947439,31,-919,165,61439,0,0,0,0,0,503,18399,5756,22080,0,0,0,0,0
36,180,4.51,40,3947495,31,-919,165,61439,0,0,0,0,0,503,18399,5756,22080,0,0,0,0,0
36,180,4.574,41,3947551,31,-919,165,61439,0,0,0,0,0,503,18399,5756,22080,0,0,0,0,0
36,180,4.619,42,3947603,31,-919,165,61439,0,0,0,0,0,503,18399,5756,22080,0,0,0,0,0
36,180,4.676,43,3947659,31,-919,165,61439,0,0,0,0,0,503,18399,5756,22080,0,0,0,0,0
36,180,4.731,44,3947715,31,-919,165,61439,0,0,0,0,0,503,18399,5756,22080,0,0,0,0,0
36,180,4.787,45,3947771,31,-919,165,61439,0,0,0,0,0,503,18399,5756,22080,0,0,0,0,0
36,180,4.843,46,3947827,31,-919,165,61439,0,0,0,0,0,503,18399,5756,22080,0,0,0,0,0
36,180,4.899,47,3947883,31,-919,165,61439,0,0,0,0,0,503,18399,5756,22080,0,0,0,0,0
36,180,4.955,48,3947939,31,-919,165,61439,0,0,0,0,0,503,18399,5756,22080,0,0,0,0,0
36,180,5.011,49,3947995,31,-919,165,61439,0,0,0,0,0,503,18399,5756,22080,0,0,0,0,0
36,180,5.066,50,3948051,31,-919,165,61439,0,0,0,0,0,503,18399,5756,22080,0,0,0,0,0
36,180,5.123,51,3948107,31,-919,165,61439,0,0,0,0,0,503,18399,5756,22080,0,0,0,0,0
36,180,5.179,52,3948163,31,-919,165,61439,0,0,0,0,0,503,18399,5756,22080,0,0,0,0,0
36,180,5.236,53,3948219,31,-919,165,61439,0,0,0,0,0,503,18399,5756,22080,0,0,0,0,0
36,180,5.289,54,3948275,31,-919,165,61439,0,0,0,0,0,503,18399,5756,22080,0,0,0,0,0
36,180,5.346,55,3948331,31,-919,165,61439,0,0,0,0,0,503,18399,5756,22080,0,0,0,0,0
36,180,5.401,56,3948387,31,-919,165,61439,0,0,0,0,0,503,18399,5756,22080,0,0,0,0,0
36,180,5.459,57,3948443,31,-919,165,61439,0,0,0,0,0,503,18399,5756,22080,0,0,0,0,0
36,180,5.513,58,3948499,31,-919,165,61439,0,0,0,0,0,503,18399,5756,22080,0,0,0,0,0
36,180,5.573,59,3948555,31,-919,165,61439,0,0,0,0,0,503,18399,5756,22080,0,0,0,0,0
36,180,5.636,60,3948611,31,-919,165,61439,0,0,0,0,0,503,18399,5756,22080,0,0,0,0,0
36,180,5.679,61,3948663,31,-919,165,61439,0,0,0,0,0,503,18399,5756,22080,0,0,0,0,0
36,180,5.735,62,3948719,31,-919,165,61439,0,0,0,0,0,503,18399,5756,22080,0,0,0,0,0
36,180,5.791,63,3948775,31,-919,165,61439,0,0,0,0,0,503,18399,5756,22080,0,0,0,0,0
36,180,5.847,64,3948831,31,-919,165,61439,0,0,0,0,0,503,18399,5756,22080,0,0,0,0,0
36,180,5.903,65,3948887,31,-919,165,61439,0,0,0,0,0,503,18399,5756,22080,0,0,0,0,0
36,180,5.96,66,3948943,31,-919,165,61439,0,0,0,0,0,503,18399,5756,22080,0,0,0,0,0
36,180,6.015,67,3948999,31,-919,165,61439,0,0,0,0,0,503,18399,5756,22080,0,0,0,0,0
36,180,6.071,68,3949055,31,-919,165,61439,0,0,0,0,0,503,18399,5756,22080,0,0,0,0,0
36,180,6.127,69,3949111,31,-919,165,61439,0,0,0,0,0,503,18399,5756,22080,0,0,0,0,0
36,180,6.183,70,3949167,31,-919,165,61439,0,0,0,0,0,503,18399,5756,22080,0,0,0,0,0
36,180,6.238,71,3949223,31,-919,165,61439,0,0,0,0,0,503,18399,5756,22080,0,0,0,0,0
36,180,6.294,72,3949279,31,-919,165,61439,0,0,0,0,0,503,18399,5756,22080,0,0,0,0,0
36,180,6.352,73,3949335,31,-919,165,61439,0,0,0,0,0,503,18399,5756,22080,0,0,0,0,0
36,180,6.407,74,3949391,31,-919,165,61439,0,0,0,0,0,503,18399,5756,22080,0,0,0,0,0
36,180,6.463,75,3949447,31,-919,165,61439,0,0,0,0,0,503,18399,5756,22080,0,0,0,0,0
36,180,6.519,76,3949503,31,-919,165,61439,0,0,0,0,0,503,18399,5756,22080,0,0,0,0,0
36,180,6.574,77,3949559,31,-919,165,61439,0,0,0,0,0,503,18399,5756,22080,0,0,0,0,0
36,180,6.631,78,3949615,31,-919,165,61439,0,0,0,0,0,503,18399,5756,22080,0,0,0,0,0
36,180,6.694,79,3949671,31,-919,165,61439,0,0,0,0,0,503,18399,5756,22080,0,0,0,0,0
36,180,6.739,80,3949723,31,-919,165,61439,0,0,0,0,0,503,18399,5756,22080,0,0,0,0,0
36,180,6.793,81,3949779,31,-919,165,61439,0,0,0,0,0,503,18399,5756,22080,0,0,0,0,0
36,180,6.856,82,3949835,31,-919,165,61439,0,0,0,0,0,503,18399,5756,22080,0,0,0,0,0
36,180,6.906,83,3949891,31,-919,165,61439,0,0,0,0,0,503,18399,5756,22080,0,0,0,0,0
36,180,6.963,84,3949947,31,-919,165,61439,0,0,0,0,0,503,18399,5756,22080,0,0,0,0,0
36,180,7.019,85,3950003,31,-919,165,61439,0,0,0,0,0,503,18399,5756,22080,0,0,0,0,0
36,180,7.075,86,3950059,31,-919,165,61439,0,0,0,0,0,503,18399,5756,22080,0,0,0,0,0
36,180,7.13,87,3950115,31,-919,165,61439,0,0,0,0,0,503,18399,5756,22080,0,0,0,0,0
