t,x,y,heading,speed
1788490555.08228,48.414969505115224,0.1147361952064827,106.34851262279051,0.0
1788490555.366167,48.396111758587004,0.09545022125347391,105.3253177654056,0.0
1788490555.7255318,48.497292796846644,0.12898971532189707,105.38254660372593,0.0
1788490555.948668,48.376417611825225,0.10407301923430112,106.84666404266704,0.0
1788490556.161173,48.42719072887278,0.10731424566916647,105.60024671121624,0.0
1788490556.334687,48.43624381719919,0.11163409869575769,105.3253177654056,0.0
1788490556.6028202,48.46473620423156,0.09685782255632702,105.50510569946198,0.0
1788490556.859031,48.44614424202216,0.10670098536324091,105.56721172466962,0.0
1788490557.801997,48.36226580600755,0.11299488364563082,107.42334342894367,0.0
1788490558.0937338,48.427630481610365,0.11283390205721255,106.36622366754364,0.0
1788490558.429858,48.39096686635619,0.12611149411796696,104.84697125310674,0.0
1788490558.647611,48.46591620669031,0.13399899749022093,105.68210030463956,0.0
1788490558.896224,48.36432876983557,0.08369437116304712,105.10080883269183,0.0
1788490559.105123,48.41603280424758,0.08548950124626431,105.3253177654056,0.0
1788490559.305273,48.41076246633794,0.0951775710988394,105.3253177654056,0.0
1788490559.532792,48.47439837480132,0.09425216004452852,105.52624698498232,0.0
1788490559.696887,48.3852287421159,0.09699535218123112,105.67557046625888,0.0
1788490559.978435,48.364901216250885,0.10929954606782855,106.41669279595288,0.0
1788490560.22931,48.41042999598206,0.0878878171662868,105.3253177654056,0.0
1788490560.559199,48.30197773456021,0.09757693844366455,107.55602604284331,0.0
1788490560.8408709,48.36509888829334,0.07009250711130077,105.77827141839668,0.0
1788490561.119143,48.446153836283706,0.09927617141335154,105.2844310312102,0.0
1788490561.375971,48.4418084627882,0.1068118962427812,104.68239637092904,0.0
1788490561.614849,48.39429958007775,0.13103814448891937,107.42334342894367,0.0
1788490561.805804,48.467373343284216,0.13201007113899244,105.61118975556712,0.0
1788490562.0213828,48.35399281368411,0.0831145613415758,109.9081645283307,0.0
1788490562.19984,48.48285797984934,0.007848487094112344,118.27064189769101,0.0
1788490562.411722,48.58284174840711,-0.09256979862600656,139.07104258747074,0.0
1788490562.638357,48.49678292127519,-0.08805451597703179,149.4427499967636,0.0
1788490562.809512,48.415824671600184,-0.04748125920262475,166.65918688470515,0.0
1788490562.9967291,48.42575066090309,-0.0008008909074347405,177.91354850086077,0.0
1788490563.2167628,48.401051294096646,-0.01782761441671757,-171.7241899106636,0.0
1788490563.449375,48.47858550653314,0.011293713276662246,-177.17938392981324,0.0
1788490563.633575,48.51240622663213,-0.09439972527499263,-172.81939830031547,0.0
1788490563.853457,48.490147625064225,0.06725853022781311,-164.97901366210715,0.0
1788490563.96732,48.47709479224463,0.05517867535819293,-164.82083321721097,0.0
1788490564.150622,48.507432292383406,0.03911304118766648,-164.89574858551134,0.0
1788490564.256922,48.50440915359148,0.06255322881445793,-164.84619630136075,0.0
1788490564.464177,48.48369253769352,0.0546316951941144,-164.70187656320155,0.0
1788490564.593107,48.49980836987992,0.021870923352968502,-164.3587959310987,0.0
1788490564.7111151,48.4935412555964,0.07943241102047413,-166.7771678500922,0.0
1788490564.905092,48.5041289820379,0.06310596693263065,-165.09505666520442,0.0
1788490564.979481,48.48140773500715,0.060895064032607915,-164.36338733961418,0.0
1788490565.1921,48.51493782618364,0.07198522953363856,-165.2896612509162,0.0
1788490565.266894,48.4929487661578,0.011981377705681584,-163.78518031857925,0.0
1788490565.458258,48.49671679014793,0.009895232352968603,-165.0237205836973,0.0
1788490565.655657,48.48775051132958,0.06277973444965393,-164.64233753297935,0.0
1788490566.398944,48.47105855322934,0.04584710718102053,-163.857978427852,0.0
1788490566.570396,48.51699436911899,0.06057993201899009,-165.00934935383037,0.0
1788490566.845129,48.56439624222724,0.03810612172637359,-165.16405135539827,0.0
1788490567.1417532,48.51635105012871,0.05553703332539933,-165.63379344029556,0.0
1788490567.3551738,48.5116256557775,0.056331357752371636,-164.89086653126776,0.0
1788490567.611582,48.50608411446186,0.05172574571808308,-164.66566479160258,0.0
1788490567.934946,48.469385527500876,0.030762310702224405,-163.96273876662212,0.0
1788490568.148932,48.47486466952396,0.0342375020082597,-165.2983410348367,0.0
1788490568.367993,48.50869695688296,0.051608177905192454,-164.520419439457,0.0
1788490569.141052,48.504267184293454,0.03238215381590076,-164.8310465977478,0.0
1788490569.556403,48.4737026550835,0.03058375934642682,-163.91801688602902,0.0
1788490569.926152,48.49213371580225,0.056915601086887396,-164.96801484876784,0.0
1788490570.1513548,48.50907415854552,0.06544483108615334,-164.7402401162252,0.0
1788490570.334038,48.466026461955394,0.0651988426395951,-166.39934293346641,0.0
1788490570.5249789,48.50712386689335,0.03362183332919971,-165.09805036755438,0.0
1788490570.725826,48.50603565484484,0.05997270119242068,-164.77068283121423,0.0
1788490570.916018,48.50205559643584,0.022648178340140906,-163.8493748087409,0.0
1788490571.108116,48.50637283865254,0.056675038493610636,-165.04699057143455,0.0
1788490571.3765771,48.479088057266104,0.04042031132552806,-163.89848712711597,0.0
1788490571.60971,48.480178393027074,0.057675811968462026,-164.91327447502312,0.0
1788490571.8933,48.50441814845009,0.024642565130446797,-164.47649293354738,0.0
1788490572.136079,48.51217473526917,0.06437922896061321,-165.319696462181,0.0
1788490572.372774,48.479379908331545,0.04313932854645708,-164.94944120844076,0.0
1788490572.9474251,48.48397544077492,0.058204756101909366,-167.20616672684594,0.0
1788490573.1621492,48.49379550865898,0.0721900795215909,-164.82558553383222,0.0
1788490573.4383712,48.47102294628056,0.016149976376250014,-163.90991796379387,0.0
1788490573.638015,48.608059680011785,0.06937679453081164,-172.6740020577186,0.0
1788490573.826784,48.63097188685589,-0.033514282222034335,174.2737233370185,0.0
1788490574.0293398,48.603140256908546,-0.017857832827063908,160.50625927429076,0.0
1788490574.22294,48.716394961294384,0.034200377996974285,146.36826580695413,0.0
1788490574.423962,48.639798673556555,0.009988385991169857,134.32429969038242,0.0
1788490574.635892,48.58522431006007,-0.07576458445378198,115.25355387487463,0.0
1788490574.905666,48.66673060617561,-0.05741753232338487,110.5364187442782,0.0
1788490575.241285,48.577502968967224,-0.07602628419602575,116.02740524098249,0.0
1788490575.511358,48.57478085612833,0.023526258548309364,108.28046846187061,0.0
1788490575.574081,48.57424846858337,0.030173890162709993,107.97709140843813,0.0
1788490575.796743,48.57807701600137,0.028312229783917342,108.06845505355409,0.0
1788490575.8486311,48.55224167661682,0.03641116781139275,108.3383362009431,0.0
1788490576.286616,48.55131480134665,0.03456038003636841,106.4839020022149,0.0
1788490576.5235798,48.54876948443397,0.01571739064332911,108.48350089937531,0.0
1788490576.761597,48.542265176048694,0.020944680510217917,108.05653971278525,0.0
1788490576.818193,48.55784140356327,0.0234859480548264,108.31281326801752,0.0
1788490577.003971,48.5901951114831,0.003949516286964494,106.89064920044183,0.0
1788490577.136375,48.56258349748006,0.04094163022444908,108.06441288368478,0.0
1788490577.298181,48.601503136187084,0.043405512513983946,107.82770617318818,0.0
1788490577.597727,48.53513262078553,-0.02628730006008584,108.58247859634446,0.0
1788490577.825923,48.53535903408243,0.03542885568375198,108.07011088627877,0.0
1788490578.0458932,48.56011694419035,0.02795277084281711,108.31186636657208,0.0
1788490578.251942,48.5584540919407,0.0699769994020053,108.24251766586525,0.0
1788490578.497581,48.56115284853768,-0.0074281911242291,106.89064920044183,0.0
1788490578.7138739,48.558201555928314,0.06759253962775458,108.32089425141663,0.0
1788490578.9020748,48.50018867877593,0.021585535529176858,109.38123041928355,0.0
1788490579.216701,48.57505348617663,0.009689190640706946,108.28492492949931,0.0
1788490579.523722,48.566655627097674,0.04737026288652857,107.88445336470153,0.0
1788490579.76938,48.58405996502393,0.03049117556843639,107.62553092613007,0.0
1788490579.9620008,48.58028610353158,0.021774407325527267,108.10695975493542,0.0
1788490580.167059,48.567553316797394,0.027342668127355974,108.5059729894208,0.0
1788490581.0434492,48.59537497942957,0.004703350377135873,106.89064920044183,0.0
1788490581.303283,48.594208682193845,0.009531728474757362,106.89064920044183,0.0
1788490581.58939,48.54747902107167,0.010024812433957031,108.53540376827186,0.0
1788490581.824498,48.55528351645273,0.02221877148295337,108.26016836677843,0.0
1788490582.007432,48.547228991807565,0.043046621495603565,108.22575984086933,0.0
1788490582.2273762,48.5723277634434,0.019147564592236654,107.95630572479087,0.0
1788490582.534293,48.58415092749991,0.013359778779031162,107.86166021340148,0.0
1788490582.771999,48.5823172601365,-0.004556539760862566,107.91578871660079,0.0
1788490582.989273,48.58274828002406,0.026873042714502304,107.78733141380997,0.0
1788490583.248721,48.57855463259079,-0.0008904579758636233,107.86009585844909,0.0
1788490583.496671,48.56620629166508,0.04243771378692163,108.03667913142863,0.0
1788490583.729992,48.56469123923978,0.06362810041939371,108.36012278106864,0.0
1788490583.984225,48.57937966394767,-0.00041411522957601754,106.89064920044183,0.0
1788490584.192299,48.5352575234251,0.047454640348595145,108.00542624510888,0.0
1788490584.437742,48.58491060960328,0.023746733320405777,107.88746568849723,0.0
1788490584.710297,48.58837690197785,-0.0028790987507090193,106.89064920044183,0.0
1788490584.969868,48.52419014862502,0.06848302150133334,107.5352790448855,0.0
1788490585.176637,48.653404494969145,-0.04801467020244299,110.5364187442782,0.0
1788490585.3735611,48.65394301039267,-0.12922364943870368,128.68579884484495,0.0
1788490585.569033,48.6649431366017,-0.13698094441134234,142.68246071366013,0.0
1788490585.787864,48.593606580129375,-0.10593860206841976,154.47907196192023,0.0
1788490585.984531,48.54387467132325,-0.12590479772897353,170.46099277446956,0.0
1788490586.161909,48.52791006426745,-0.15989694880573446,-175.45380279613346,0.0
1788490586.3598158,48.494884368682605,-0.09597149787679118,-161.75988332087252,0.0
1788490586.558969,48.606828435222056,-0.06477959310448966,-154.66603416588214,0.0
1788490586.747498,48.64610781032696,-0.060085407685092185,-158.9609652639943,0.0
1788490586.959589,48.57436061551822,-0.04209631814961179,-150.60344435640593,0.0
1788490587.151047,48.541976958354375,-0.06513955648084296,-146.4645929063987,0.0
1788490587.3528728,48.53438172668784,-0.029872637062929697,-146.82328775028657,0.0
1788490587.41793,48.52276505382758,-0.06192813845083034,-146.67306060207682,0.0
1788490587.6371899,48.55471723281409,-0.07501495173865924,-145.69308591872505,0.0
1788490587.7355862,48.5200456957121,-0.06140211933742917,-146.74894786321647,0.0
1788490587.888808,48.526373598136395,-0.03404793812655443,-146.67635259992574,0.0
1788490588.0168262,48.51675018907541,-0.06293282374474402,-146.56182452484086,0.0
1788490588.1501892,48.527575094451564,-0.02055621408858116,-146.83321369342394,0.0
1788490588.278388,48.54126014661477,-0.0663687925251577,-146.85373582165113,0.0
1788490588.4127529,48.51603459192195,-0.057633098092833124,-146.91914243632334,0.0
1788490588.601231,48.55305141670093,-0.055125992594831585,-146.86751748890754,0.0
1788490588.6637912,48.52443235135593,-0.03085907171158725,-146.29447209299485,0.0
1788490588.8679419,48.595772630294974,-0.10489318507871292,-146.85904996159616,0.0
1788490589.064538,48.556754315099326,-0.06107608903197237,-146.56393708353778,0.0
1788490589.2621582,48.55176463235945,-0.05576996723396671,-146.84729660698093,0.0
1788490589.4753659,48.54848082408151,-0.06626793790970736,-146.66438870088496,0.0
1788490589.6615732,48.51996483984547,-0.040649710954327456,-146.6248796179591,0.0
1788490589.8814452,48.56331910222847,-0.11646805720527664,-146.68642942777848,0.0
1788490590.126813,48.517417942991614,-0.02645254018117188,-146.37935447071413,0.0
1788490590.3259661,48.543235962285344,-0.051379050503851775,-147.00781909321825,0.0
1788490590.581279,48.530651914023984,-0.034477899899241826,-146.66238272851683,0.0
1788490590.8098829,48.501242831783806,-0.031864623508090884,-146.6335424521862,0.0
1788490591.09844,48.5185705583373,-0.08002575836900216,-145.98563277191283,0.0
1788490591.34306,48.53238810753988,-0.051095932524911236,-146.5882875629302,0.0
1788490591.58914,48.55388686828058,-0.07607100789276144,-145.69121165162113,0.0
1788490592.297717,48.49350981502496,-0.0443081415548946,-146.27553522711412,0.0
1788490592.4985259,48.522126574691754,-0.058981276762401946,-146.58511729741468,0.0
1788490592.7712908,48.498484947203515,-0.039959606267332914,-146.4852008518858,0.0
1788490593.024578,48.52542787385284,-0.02355828161874607,-146.96977513985576,0.0
1788490593.2347672,48.57515671197004,-0.10217693203408235,-146.37843195416167,0.0
1788490593.4383569,48.53235087966138,-0.021278464460909752,-147.24379731039943,0.0
1788490593.6491148,48.53723895724293,-0.06035028802715786,-146.34798158906653,0.0
1788490593.9155672,48.58157569642173,-0.06081354408052836,-147.0450366714923,0.0
1788490594.087018,48.57285785739745,-0.07591230032270752,-146.56146258290084,0.0
1788490594.348182,48.543561115753356,-0.0607411448012663,-146.60682549005367,0.0
1788490594.542062,48.55146009178129,-0.06872812429733044,-145.98107793038605,0.0
1788490594.742419,48.55578379138161,-0.05919823885050912,-146.5186872349296,0.0
1788490595.004343,48.5401127307472,-0.05019216919712699,-146.21117011378055,0.0
1788490595.2765481,48.531214806127245,-0.02430378137628242,-147.18216848083512,0.0
1788490595.5260239,48.49913543651059,-0.037253036365311853,-146.51337592175355,0.0
1788490595.8111858,48.54306993331208,-0.04954570362810379,-146.90576069655742,0.0
1788490596.083969,48.55151887248353,-0.053412664497981654,-146.56077332169633,0.0
1788490596.2596228,48.632450663157165,-0.056861703343433656,-155.52931509776363,0.0
1788490596.473176,48.66180052566485,-0.05726871301847425,-167.17369602143594,0.0
1788490596.6607418,48.68119572975108,-0.0599978432814968,179.0240505865936,0.0
1788490596.852976,48.72531213329664,-0.07993239930800217,164.69572495191022,0.0
1788490597.0624168,48.75595137496609,-0.08323600196936448,150.93957172139267,0.0
1788490597.2484,48.71235011353843,-0.04596561873899713,138.75777210225112,0.0
1788490597.447537,48.66472545223078,-0.16046190984602027,125.79069485849982,0.0
1788490597.651816,48.659128411488396,-0.1584604249482301,112.48063747100309,0.0
1788490597.8463628,48.71944170207318,-0.18990556144254378,117.63002827138303,0.0
1788490598.0556931,48.67311613319079,-0.1033334832133288,112.04326589971294,0.0
1788490598.328413,48.666989377770854,-0.10991622780282806,108.49922329872834,0.0
1788490598.520523,48.67040236183915,-0.18780254625413817,113.14646685656743,0.0
1788490598.7517672,48.606124951389006,-0.08230078737211843,106.34939354518616,0.0
1788490598.804805,48.60499168334708,-0.1001699591282782,104.2475164127103,0.0
1788490599.037392,48.6002275441118,-0.10024233828482787,104.53351917754497,0.0
1788490599.0991921,48.616210392345536,-0.1218399572052874,104.22813157738113,0.0
1788490599.302308,48.604180475383515,-0.14647233463803744,105.58001450220024,0.0
1788490599.434742,48.590171364490715,-0.07361348897666509,106.58618255286194,0.0
1788490599.565965,48.61607763993479,-0.12118869324709969,104.70357874992192,0.0
1788490599.761197,48.57322850813825,-0.07272174536024967,106.5849555715049,0.0
1788490599.818847,48.593455307808,-0.07964141757585652,106.37221999881547,0.0
1788490600.032734,48.58123852764743,-0.1560558230183251,105.85409619080258,0.0
1788490600.102241,48.60576905318655,-0.11444418996161632,104.3439885860787,0.0
1788490600.283788,48.599704329827695,-0.1028954538209006,104.5360213667293,0.0
1788490600.494433,48.59257673962931,-0.07734779955949633,106.47519823445515,0.0
1788490600.695717,48.585119080447555,-0.09281155374008931,107.03959508081851,0.0
1788490600.9218318,48.61802420391376,-0.10671285896622218,104.14596136388144,0.0
1788490601.154332,48.584143972544446,-0.08766950033796794,106.68008668203788,0.0
1788490601.3405051,48.589566594344,-0.0826113076462951,106.52397761191423,0.0
1788490601.539648,48.60189362100701,-0.11312494114722893,104.50741643475669,0.0
1788490601.751518,48.58340228832022,-0.07166931103568996,106.96149394560894,0.0
1788490601.939753,48.56897924461004,-0.0933843434171161,106.60981534198123,0.0
1788490602.1348338,48.64869951370993,-0.11643317600293335,103.85055573301315,0.0
1788490602.328981,48.60077338322638,-0.10269840467211,104.4295560462744,0.0
1788490602.5918012,48.593622151498344,-0.12787874462457705,105.71940952288793,0.0
1788490602.7993522,48.588747908555185,-0.1253925828701361,104.76229435024214,0.0
1788490603.533002,48.59956295609588,-0.11611436052066182,104.76362056504775,0.0
1788490603.7061388,48.51899019941338,-0.07992622201457622,109.59528095728217,0.0
1788490603.932082,48.6034325581873,-0.07868863892769473,106.53055114131928,0.0
1788490604.1822221,48.609798491435924,-0.0974062557769968,104.03140714368266,0.0
1788490604.466679,48.58043839170902,-0.0507589027083567,106.42536950917872,0.0
1788490604.711482,48.588091840624664,-0.11020410973329609,106.46622415625183,0.0
1788490604.9125938,48.60290692628586,-0.0868642034041357,104.20663285896342,0.0
1788490605.110369,48.60683356853233,-0.09307818361498887,104.25848148214914,0.0
1788490605.312803,48.6113861961349,-0.08065564601541464,106.25003263523621,0.0
1788490605.539316,48.61191401767296,-0.11675350508406424,104.38478597077324,0.0
1788490605.910474,48.59692683759991,-0.07699841577766509,107.18250273301766,0.0
1788490606.212189,48.54447765421853,-0.12149076824928307,107.43383760897996,0.0
1788490606.55346,48.57466728979654,-0.06058326366072686,106.91871897076084,0.0
1788490606.795789,48.602909447847466,-0.05193961759048271,106.66191835206678,0.0
1788490607.088542,48.58371605698192,-0.07001413218694286,106.68110701509823,0.0
1788490607.353954,48.60342098236847,-0.09289637646761995,104.23844618587157,0.0
1788490607.5432699,48.60411606822714,-0.07141110099424741,106.59466627244103,0.0
1788490607.7632482,48.59110005270512,-0.11717125828485264,108.65037647774011,0.0
1788490607.948545,48.725632282527336,-0.275988700877579,118.28966178447513,0.0
1788490608.142452,48.79266068414511,-0.29984001103476593,134.42558282866798,0.0
1788490608.356849,48.7505634960008,-0.26811523520473096,146.76776460406404,0.0
1788490608.659321,48.653072856766585,-0.28731539850925236,165.06942853419605,0.0
1788490608.866527,48.66684704232086,-0.3477605162345723,-172.0565088542295,0.0
1788490609.0856068,48.63953702448028,-0.284257131993888,-159.52580765272057,0.0
1788490609.261756,48.766541844647826,-0.22273127831541317,-147.8222489283944,0.0
1788490609.4658391,48.74658990129392,-0.30890912212962196,-133.7915165936439,0.0
1788490609.671506,48.68543064511414,-0.18722508348348454,-121.2834556091704,0.0
1788490609.859941,48.72341409324974,-0.16817460152929514,-107.93160600172189,0.0
1788490610.0570471,48.664380607143116,-0.05318359136173878,-96.37392938127692,0.0
1788490610.251057,48.74491405457354,-0.015602193484130389,-87.03495499075514,0.0
1788490610.4526122,48.69426575281482,-0.15835310814956072,-84.77394848664665,0.0
1788490610.644078,48.743921401497424,-0.0843182702581382,-80.733043713252,0.0
1788490610.865494,48.74877438472324,-0.015084303145035394,-76.16585548367517,0.0
1788490611.099413,48.75255963828997,-0.17303752354241714,-84.98558895721732,0.0
1788490611.308676,48.70307702433355,0.04562820864338413,-74.39563164313675,0.0
1788490611.514695,48.7199043882715,0.039057646312027905,-72.7481762893509,0.0
1788490611.57934,48.72236337430854,-0.009918909143353805,-73.60455821645682,0.0
1788490611.7723699,48.68172507602056,0.02161134386124064,-75.56606732384941,0.0
1788490611.83269,48.706545683672076,0.0008643100304984719,-75.16142096042229,0.0
1788490612.035043,48.721844231289246,0.036808504576628764,-74.84929309249871,0.0
1788490612.101036,48.72098638054693,-0.007160420260406419,-74.78565189046587,0.0
1788490612.299225,48.71957698266576,0.01735397033625352,-75.63840602027415,0.0
1788490612.364854,48.67150992731767,0.021059486141643213,-74.91511773475385,0.0
1788490612.576231,48.74321710105471,0.006496085877363611,-72.42025947195266,0.0
1788490612.6792169,48.7160870656435,0.03492298146793382,-74.99458761232364,0.0
1788490612.8553998,48.738562842528395,0.03443573902194774,-73.97765694225842,0.0
1788490613.016032,48.706236215464706,-0.01812149942948227,-73.28042158094878,0.0
1788490613.226804,48.735233265963586,0.0076042102707172265,-72.16612755589728,0.0
1788490613.5450492,48.64830668940533,0.0005153666954721414,-75.16142096042229,0.0
1788490613.779412,48.725977751749355,0.0007505467912781727,-74.24191309984656,0.0
1788490614.023223,48.71331234082368,0.026865403552590483,-75.42304377139524,0.0
1788490614.2127202,48.716441575025776,0.0045854395021116545,-72.5020653448465,0.0
1788490614.408261,48.7427016253219,0.00920816402238156,-72.56608108177535,0.0
1788490614.7462752,48.72370647429537,-0.07032765714275457,-73.82565983084508,0.0
1788490615.00597,48.72506747879851,0.05133776655057498,-74.50607962362245,0.0
1788490615.202108,48.731090234092484,0.014464603898987072,-73.52773503945015,0.0
1788490615.40609,48.69312823548998,-0.06445355066218295,-73.50244746707914,0.0
1788490615.6649442,48.71990750042021,0.05299561174993661,-74.30740433552968,0.0
1788490616.334605,48.72199098320349,-0.009222577720883418,-72.84309831012487,0.0
1788490616.584831,48.74312469317211,0.019563816222247343,-72.35191069370883,0.0
1788490616.846164,48.6958940505521,0.026875703468895673,-75.16142096042229,0.0
1788490617.05146,48.72423132373203,-7.909697615726685e-05,-74.40862944280236,0.0
1788490617.327341,48.72265930131869,-0.009122101492485601,-75.68311426926292,0.0
1788490617.573796,48.73690214512822,-0.020506409065499165,-73.27320843970315,0.0
1788490617.8449988,48.69736837955276,0.01981210069090067,-75.66147137577327,0.0
1788490618.103929,48.71294777348336,0.013782589541371348,-75.60669517020601,0.0
1788490618.299146,48.69685193942364,0.015888110903382047,-75.57886107993451,0.0
1788490618.607601,48.68399649168712,0.052778165214745876,-74.3981572946111,0.0
1788490618.895573,48.70729440099281,-0.020278784441218,-75.2339966270339,0.0
1788490619.1358771,48.72251883697582,0.043967840871476205,-74.69090135591078,0.0
1788490619.366227,48.74301866204443,0.013771202323629828,-72.74857214196828,0.0
1788490619.556812,48.747154198758466,-0.017701266290038653,-73.05827383885587,0.0
1788490619.78679,48.75427231463418,-0.0007637693775326415,-72.62780469970541,0.0
1788490620.087432,48.714083403486036,0.004812713568723481,-74.04954505001928,0.0
1788490620.343189,48.722383039144475,-0.0170933187695943,-73.44920357642867,0.0
1788490620.542378,48.73375682763744,-0.09209321835739392,-76.71378042154969,0.0
1788490620.754445,48.737421055413236,-0.1802068860492066,-89.79595089498983,0.0
1788490620.998842,48.752113109050434,-0.1316551820304228,-106.27986199113803,0.0
1788490621.210591,48.81010747010755,-0.11056948097938096,-123.81183486969638,0.0
1788490621.430076,48.92002741370297,-0.14272262262035468,-137.89768894107704,0.0
1788490621.625281,48.91182692649375,-0.07802151409544428,-153.18804048955639,0.0
1788490621.798097,48.94701009541426,-0.026420110450458084,-164.8654981372767,0.0
1788490622.003297,48.99037283068719,-0.1445434934891826,-177.18879503612152,0.0
1788490622.1926882,49.035685960856945,-0.16169972637317204,167.94477825183344,0.0
1788490622.397011,49.024098677299634,-0.22362002078362403,152.18146414966623,0.0
1788490622.596856,49.01188312837396,-0.23797257625475776,140.24129426972695,0.0
1788490622.7970061,49.00365068667844,-0.25580732067370937,124.09906815202453,0.0
1788490623.020721,49.00938171574627,-0.1275791014904719,121.00213589349562,0.0
1788490623.250394,49.03393943032463,-0.2039359720778906,116.44507556669794,0.0
1788490623.48455,49.00099042863029,-0.2639027328468745,108.78587043860125,0.0
1788490623.710293,48.99995319604319,-0.262511605282267,109.94859645986264,0.0
1788490623.904993,48.95972824201457,-0.22691782941662864,111.07703820378163,0.0
1788490624.1157398,48.962737303425705,-0.20177557338545882,106.1660506730878,0.0
1788490624.305012,48.97737213404279,-0.22452206032192656,103.16698470608833,0.0
1788490624.370869,48.965814537363656,-0.17921134602824773,105.88697128328732,0.0
1788490624.5786781,49.040136733303434,-0.1506896795184739,104.34950562386166,0.0
1788490624.6534379,48.97833335632927,-0.19694554127465136,105.96971528486898,0.0
1788490624.89516,49.0336105850918,-0.17141766682280646,106.06961906705084,0.0
1788490624.965815,48.99500221181812,-0.1569456296050088,105.33860161454913,0.0
1788490625.186593,48.988143151951455,-0.19024641125995967,105.68777682895632,0.0
1788490625.257057,49.00253594412747,-0.19034171290059543,104.90088251257572,0.0
1788490625.467306,49.01506868401329,-0.14537844122626353,104.43498824991195,0.0
1788490625.530876,49.09910289760991,-0.16383162100243076,101.72751984095373,0.0
1788490625.7577841,48.994167915782654,-0.2109176353176062,106.38008606526273,0.0
1788490625.9582012,49.0604291360434,-0.1328870157115547,104.22723482654948,0.0
1788490626.1711621,48.9211873973802,-0.22187401010653018,106.6718645025893,0.0
1788490626.373225,49.05090801347188,-0.15683022029168558,104.4697035730274,0.0
1788490627.0629919,49.04251796356387,-0.16672478485939735,104.36699265933737,0.0
1788490627.2846878,48.985059673654405,-0.19686687655219226,103.44389129834053,0.0
1788490627.498726,49.02962646109804,-0.18055145930949812,103.85333373530909,0.0
1788490627.7780669,49.04692572047438,-0.15811289188137256,104.42940448460485,0.0
1788490628.0211048,48.981295446983786,-0.2122505581663472,106.21703923901521,0.0
1788490628.2162611,49.0506936964188,-0.12590440605846043,104.21283601135917,0.0
1788490628.401626,49.04536640945552,-0.19025219352269895,102.11185051554332,0.0
1788490628.690088,49.028863668130434,-0.15357152710871802,104.55002321945176,0.0
1788490629.127598,48.97738119074495,-0.22691383811508026,106.61325941259861,0.0
1788490629.797947,48.95581716583834,-0.2081715318153684,106.48742077762694,0.0
1788490630.0062022,49.03968536183189,-0.2246081621456436,103.72996309397791,0.0
1788490630.191344,48.96319127088314,-0.20648601361951635,106.28789552654473,0.0
1788490630.4565802,49.02878797031275,-0.18554924507038284,105.89414856487139,0.0
1788490630.6452138,49.039748743803614,-0.13935407592643168,104.34871432311036,0.0
1788490630.85757,49.07887411594577,-0.1916230200778447,101.47648673900147,0.0
1788490631.0743968,49.049511567013646,-0.13319033572973804,104.52794629316622,0.0
1788490631.396559,48.98015994664213,-0.18836437296509245,105.97674760396023,0.0
1788490631.6997929,49.0533749510145,-0.13593799569238307,104.33821505230094,0.0
1788490631.924673,49.018217542155234,-0.1535744750134631,104.05553730575599,0.0
1788490632.097644,49.08256651222125,-0.17356714758250125,101.72751984095373,0.0
1788490632.361005,49.06116119815267,-0.13224474925735097,104.248451936327,0.0
1788490632.5806808,49.04847747924525,-0.13759533523807688,104.42985799000701,0.0
1788490632.894005,49.045377382663304,-0.14145601383069906,104.4405247708545,0.0
1788490633.1592891,49.005052814403484,-0.18149430095164865,106.12514809152503,0.0
1788490633.4140959,49.05295767912938,-0.14549667972300862,104.2158013826645,0.0
1788490633.677547,48.987269207623015,-0.24588915999680683,103.56396882648579,0.0
1788490633.9148428,48.98576543382365,-0.16606966871523599,97.64819310250573,0.0
1788490634.0917408,48.9194987119644,-0.24213488680186313,89.34624572212255,0.0
1788490634.298771,48.95568583896083,-0.026278748670199525,69.89627268649207,0.0
1788490634.55126,48.9897507324494,-0.09057548718359265,53.15718956613796,0.0
1788490634.766264,48.99621622181811,-0.00651481882345345,34.77120338480745,0.0
1788490634.952119,49.014740861838426,-0.0832994408180664,21.60933605273962,0.0
1788490635.1262689,48.89748944835114,-0.07187996322753992,25.757988147169385,0.0
1788490635.328504,48.88361712901336,-0.060486410181163575,26.515956095045254,0.0
1788490635.621093,49.04529644879352,-0.013256091410290854,16.59986638833442,0.0
1788490635.680158,48.99636335092866,0.0026113751321047984,16.911618653468423,0.0
1788490635.870475,48.98503825115293,0.07545024416540275,18.498817495459008,0.0
1788490636.009162,49.013094582581985,0.041861377708898195,17.363550663721696,0.0
1788490636.1641998,49.00162738476805,0.0210130055179768,17.368591315998515,0.0
1788490636.298526,48.99767396709447,0.016205309034074133,17.197629301179717,0.0
1788490636.493721,48.99031978881156,0.048440734674835645,17.221288538389132,0.0
1788490636.5794601,48.98972381131384,9.259709467177024e-05,16.467000685196922,0.0
1788490636.9093509,48.99499959294293,0.07112565672942739,18.012817988493424,0.0
1788490637.036588,48.988227262023706,0.06280730544223925,18.12959902581042,0.0
1788490637.1912892,49.040523503506584,0.0027283398817225246,17.315466766855337,0.0
1788490637.3694022,49.018405390491786,0.03297909895864462,17.46294138164035,0.0
1788490637.595624,48.992999052711625,0.008470907649950093,16.71410435497873,0.0
1788490637.7752268,49.02699290777467,-0.02671360603867204,16.19582225142932,0.0
1788490637.995409,49.01151390524607,0.03197315062833081,17.12848439875782,0.0
1788490638.238742,49.01321273873526,0.019078951413321832,16.63246069070712,0.0
1788490638.478666,49.00405943848061,0.03960268709692885,18.018490635002053,0.0
1788490638.768426,48.962874444140375,0.01684819385641323,16.696345685209394,0.0
1788490639.031571,48.99965107084663,0.0020267895792557,16.866488214858435,0.0
1788490639.2294872,48.9642875042592,0.02646133944854151,16.83994605080369,0.0
1788490639.436509,48.97732172390949,0.05576700353150618,17.67198099438704,0.0
1788490639.620648,48.99917492163438,0.02142583350268229,17.013210801464737,0.0
1788490639.8525388,48.97515839345089,0.027003586486459397,17.06751989575679,0.0
1788490640.08956,48.98692645126142,0.014706427051166593,17.320523689819964,0.0
1788490640.806777,48.971087827916286,0.04995805354754754,17.980342776898624,0.0
1788490641.011689,48.98828366392587,-0.035641261576529415,16.44481775947034,0.0
1788490641.203674,49.01865990076916,-0.021390194081454206,15.85990448619998,0.0
1788490641.396191,48.985745856417,0.07932383818050573,18.507736383227922,0.0
1788490641.6190689,49.02001439487349,-0.027147593153206334,15.843726256077076,0.0
1788490641.866272,49.001105995171734,0.012857596287322026,18.072612712768347,0.0
1788490642.195911,48.98441067173176,0.05806446784822855,17.74581436934747,0.0
1788490642.3935769,48.988542227128455,-0.0043991573895937885,16.30215806182676,0.0
1788490642.600218,49.01141662143174,0.009705309492838154,16.477873291781492,0.0
1788490642.833091,48.998707741280484,0.017547260346967908,17.507099371593057,0.0
1788490643.11725,49.025913036160084,0.024460148535534604,17.4785904395564,0.0
1788490643.3864791,48.993538183762034,0.003471142775656799,16.818845118594652,0.0
1788490643.582062,49.04092039942629,0.04374130754688266,17.44256286859806,0.0
1788490643.81626,48.964788494431524,0.025685689701773567,17.2196184602831,0.0
1788490644.0706408,48.99893053858351,-0.0006319930227179082,16.996744298389075,0.0
1788490644.341265,49.018334153741044,0.017451392527775167,17.73355033823529,0.0
1788490644.584607,48.996391473433164,0.02309497355051343,15.960797294780605,0.0
1788490644.792292,48.87509675257805,-0.00604297691425873,20.04169876262074,0.0
1788490644.968317,48.723979262817785,-0.12808928979717843,31.03072368150154,0.0
1788490645.1685472,48.493835004181,-0.29807847321929,46.28002033022685,0.0
1788490645.366294,48.40348019652794,-0.42108627997477655,60.79781726967852,0.0
1788490645.565451,48.3710921158342,-0.46398549604057715,75.85363623326091,0.0
1788490645.769686,48.431025286110746,-0.5082393407695709,87.74374071740954,0.0
1788490645.957966,48.340307423546705,-0.5620336915967397,101.76762266030312,0.0
1788490646.147263,48.4512665089519,-0.3742369058965308,97.59293315835902,0.0
1788490646.354233,48.33854044862327,-0.3591276303519033,96.34794574364275,0.0
1788490646.551154,48.34337432936099,-0.4297129341680709,104.31550073099942,0.0
1788490646.626563,48.36860776848304,-0.4254104147358376,104.46578445406703,0.0
1788490646.859009,48.43159057294775,-0.3475963997788921,104.1815922736975,0.0
1788490646.92014,48.351529212917725,-0.4147612123910672,106.02668230207286,0.0
1788490647.079529,48.451688787512225,-0.3238974129747858,103.976457097751,0.0
1788490647.207354,48.41378980807553,-0.34678263561503053,104.58140386949015,0.0
1788490647.3396878,48.3712527444109,-0.4205828198435142,105.6915016571819,0.0
1788490647.474696,48.392357938498336,-0.3714688194766238,103.71015800472043,0.0
1788490647.604217,48.38689700841606,-0.35515219133620934,103.72927205349936,0.0
1788490647.805879,48.41459121618111,-0.3280086386098868,104.58366147600498,0.0
1788490647.8750641,48.39153755172536,-0.39478594377093246,105.0401286201452,0.0
1788490648.085578,48.37756483569869,-0.37580198136411624,104.63490607612641,0.0
1788490648.298155,48.42120104593633,-0.34672636255688205,103.8797907247822,0.0
1788490648.549226,48.350229055546066,-0.3990001712985891,104.66339339523137,0.0
1788490648.767791,48.37449327779854,-0.4179390809164336,106.15932074496061,0.0
1788490648.9276512,48.4393883869475,-0.39107192361214715,104.03794856591259,0.0
1788490649.1271229,48.38822699865228,-0.4198721603970733,105.82300073312285,0.0
1788490649.4501278,48.36145914511348,-0.4128802521503948,106.6822829996699,0.0
1788490649.653086,48.41369495244567,-0.3534185624958962,104.51921108377894,0.0
1788490649.988841,48.39177971538504,-0.3639754354394369,104.85215659253811,0.0
1788490650.31478,48.35491785291524,-0.3900142277129215,104.23710719422104,0.0
1788490650.58202,48.381828785594905,-0.38926764334623787,104.76704035559868,0.0
1788490650.842667,48.405428648796395,-0.3839602710366625,104.62153829158854,0.0
1788490651.046556,48.40229996469956,-0.3450730443373885,104.60813419288314,0.0
1788490651.807374,48.412308306968896,-0.3995222037818076,105.08812104109217,0.0
1788490652.0892842,48.340103077346825,-0.39942521980215207,104.85605623533849,0.0
1788490652.335844,48.366502907386604,-0.37987640391634525,104.53008339952521,0.0
1788490652.5494232,48.38620514631253,-0.4014761868645611,105.22769165203005,0.0
1788490652.875207,48.377694622399055,-0.39322090506978047,104.96288411668718,0.0
1788490653.112582,48.404998486540244,-0.3923254171587577,103.98205604337511,0.0
1788490653.282998,48.43184642340993,-0.394264246636263,103.92487188391038,0.0
1788490653.587748,48.37837908576824,-0.3717278235695427,104.69134714955476,0.0
1788490653.7797382,48.396320834008435,-0.34829440059358774,104.79150290040735,0.0
1788490653.9474912,48.418638395987514,-0.32289787989033725,104.9109776504979,0.0
1788490654.231411,48.394660382735765,-0.33083512039043006,104.50798593322656,0.0
1788490654.409494,48.344865792733785,-0.33636736791440836,105.32265122145839,0.0
1788490654.6317382,48.42704580105953,-0.3809059868204764,104.22765287984765,0.0
1788490654.943445,48.393772381646464,-0.39315120450750596,104.60812525301418,0.0
1788490655.244394,48.47586188296119,-0.3405729980256005,104.83945094621441,0.0
1788490655.423234,48.41475992396721,-0.43160595373009814,104.41477649757735,0.0
1788490655.69002,48.36166578069361,-0.36638910391578006,104.2793563909998,0.0
1788490655.8712,48.39277259156084,-0.33231597516480826,100.19887211497206,0.0
1788490656.0722811,48.366384297112916,-0.2740309162271406,88.98965273613982,0.0
1788490656.249999,48.322034873121126,-0.23103271545922432,72.54594486312737,0.0
1788490656.484116,48.387307312741605,-0.1929353485737877,56.68549161381799,0.0
1788490656.717324,48.36842346984159,-0.1727824720860912,38.5960556295031,0.0
1788490656.930389,48.38581952151171,-0.056494733864913105,27.379079743431475,0.0
1788490657.148449,48.341180650526205,-0.06485867290894046,14.953535793870145,0.0
1788490657.4169788,48.28588444281084,-0.07027124618983724,8.630335876650463,0.0
1788490657.7234461,48.17779028540844,-0.06833791869071304,12.837791354500126,0.0
1788490657.931664,48.360039360941194,-0.022340849372024935,1.926568044597559,0.0
1788490657.994026,48.31705421033245,-0.051839011722696865,0.2575609263474803,0.0
1788490658.1936939,48.30986071779197,-0.05115031753858936,0.22495659997662187,0.0
1788490658.302845,48.34578180690839,0.017606716623670478,2.1630767513698856,0.0
1788490658.514207,48.333712097352944,-0.03784068900931532,0.08300831685838261,0.0
1788490658.625802,48.32706062460747,-0.03364932994471447,1.197857027951386,0.0
1788490658.7753448,48.39247388151517,0.004095982959218057,1.2359987104195511,0.0
1788490658.9696908,48.36326801052573,0.002059037284255702,3.0700067108929545,0.0
1788490659.066226,48.31066232381964,-0.06603417245914713,-0.14099610381072125,0.0
1788490659.230446,48.380703345277645,0.015697859691296723,3.9130733298527787,0.0
1788490659.2882009,48.336791132463645,-0.04531491997595048,0.9484124277751107,0.0
1788490659.520828,48.332888308462124,-0.017265468718598243,1.553728576558143,0.0
1788490659.796685,48.33657911328072,-0.034861383634337544,-0.2587977049937251,0.0
1788490660.070838,48.330916716521756,0.0540181198769665,4.793255121581154,0.0
1788490660.59096,48.34365772310093,0.010823678615607367,1.2359987104195511,0.0
1788490660.763778,48.34256554464194,0.021991180906206012,2.012947403433486,0.0
1788490660.952111,48.36566967819516,0.011935392454727321,1.2359987104195511,0.0
1788490661.1714969,48.34646964314354,0.02621404430230294,5.727066088262774,0.0
1788490661.648743,48.36704598952298,0.057573227828575296,2.6178397921040073,0.0
1788490662.063127,48.335443079570545,-0.04359890119415694,1.2047516248731256,0.0
1788490662.343489,48.37106214053685,-0.06719257792415773,-0.0036655201044766272,0.0
1788490662.817888,48.36036113338161,0.00231162481777427,1.325074370937699,0.0
1788490663.13361,48.35835652984957,-0.02601812130983932,1.1395816356152864,0.0
1788490663.9243038,48.305768043881024,-0.0811104806177321,-0.14817110423422264,0.0
1788490664.11761,48.3460541272732,0.03166725037349841,5.503591043621213,0.0
1788490664.38291,48.330916716521756,0.0540181198769665,4.793255121581154,0.0
1788490664.622178,48.31571147795814,-0.0898381458720254,-0.3136202963119956,0.0
1788490665.001322,48.35890575216344,0.023481494424291614,1.2359987104195511,0.0
1788490665.185247,48.34065242530231,-0.03871876031775111,0.24383503197967116,0.0
1788490665.4373372,48.37325535897824,0.004017276631662112,1.7009068304496964,0.0
1788490665.6887538,48.330916716521756,0.0540181198769665,4.793255121581154,0.0
1788490665.9345222,48.39555009616134,0.032726883811659016,3.0700067108929545,0.0
1788490666.299583,48.36422430270535,0.03334163849547124,3.0700067108929545,0.0
1788490666.696188,48.34804375966784,0.003099452667745549,1.2359987104195511,0.0
1788490666.993284,48.3312090250529,0.02215652891993155,1.2359987104195511,0.0
1788490667.155908,48.33858484884751,0.09873302696496707,2.464512353317275,0.0
1788490667.4210792,48.37052468563775,-0.012658354382420037,1.4797388406898904,0.0
1788490667.610419,48.33311265843602,0.015089929193365437,1.9140846332846877,0.0
1788490667.827868,48.333362907138294,-0.03368464248761384,1.1353779149081333,0.0
1788490668.137172,48.373362186411946,-0.004540208578162147,1.5970531616166852,0.0
1788490668.334095,48.15149056486787,0.028463944444721237,7.711418921917243,0.0
1788490668.630919,47.86440258482778,-0.15358395779420925,23.339262469892418,0.0
1788490668.811878,47.63135052184431,-0.28596655685368133,39.687041424347285,0.0
1788490669.1449852,47.57616294131736,-0.34487913490176136,53.753395877992745,0.0
1788490669.4263291,47.56587926981327,-0.5506066346042408,70.86512009571709,0.0
1788490669.690378,47.519150282919384,-0.4504446527697433,95.22423929002474,0.0
1788490669.88154,47.58587631815952,-0.4354338109682496,100.12752833942545,0.0
1788490670.1392782,47.525889552680916,-0.1891988630228233,100.6552557690652,0.0
1788490670.38718,47.5607884317718,-0.24548020397952275,105.32298193462128,0.0
1788490670.485263,47.46470938665325,-0.2674332021885787,105.09410054177692,0.0
1788490670.660596,47.52552629256754,-0.27563394849112854,105.32298193462128,0.0
1788490671.18535,47.48522788985646,-0.23519822661920498,108.11576964529536,0.0
1788490671.3126268,47.52806360108094,-0.21147046210828724,107.8603313607174,0.0
1788490671.376472,47.51408827141105,-0.29063998212494824,105.96967238033369,0.0
1788490671.572751,47.50603436366424,-0.2654036186925194,105.47278268439362,0.0
1788490671.633766,47.5347209212682,-0.22381287770147007,108.02903426930766,0.0
1788490671.877888,47.557267867490154,-0.23506487204057747,105.32298193462128,0.0
1788490672.021605,47.56727500183775,-0.25746616723078397,105.32298193462128,0.0
1788490672.267334,47.43540929655744,-0.2501921344366763,108.27438320991553,0.0
1788490672.434745,47.51570027502897,-0.26988626239236235,105.81768961225958,0.0
1788490672.68124,47.467796021553696,-0.25158776845078423,108.34560455731969,0.0
1788490672.944648,47.554841163938285,-0.2478113562338098,105.32298193462128,0.0
1788490673.1157792,47.56597756170832,-0.2508908399460803,105.32298193462128,0.0
1788490673.365607,47.538671991127224,-0.26916729561232944,106.04239735045184,0.0
1788490673.5645409,47.47104816185656,-0.26319078792868955,106.64760357914867,0.0
1788490673.824663,47.52593726842363,-0.21144770231813115,108.0204247893422,0.0
1788490674.14502,47.5070121637321,-0.2923466354636004,105.82976263953032,0.0
1788490674.402399,47.548506406410304,-0.2627878113733628,105.71275660440949,0.0
1788490674.69155,47.51397372844,-0.2950182622065157,105.54282360017817,0.0
1788490675.5356228,47.51330647975898,-0.290914296559992,105.82215757351531,0.0
1788490675.761182,47.51822463256,-0.27676562437290564,105.75566404957846,0.0
1788490676.561575,47.51260205077193,-0.2753329428759451,105.62604344190294,0.0
1788490676.9199822,47.591463805316046,-0.3132993608000172,113.0696830159639,0.0
1788490677.126961,47.56554394700454,-0.2640048428631995,105.32298193462128,0.0
1788490677.3418748,47.51295032454259,-0.26457083882522603,105.58294899127702,0.0
1788490678.164006,47.45902079632918,-0.2533669355107985,108.20335176957605,0.0
1788490678.74226,47.57426568086207,-0.2548517235303168,105.24894901353093,0.0
1788490679.0880902,47.51064629006004,-0.2787748366146561,105.95133913617633,0.0
1788490679.3100219,47.49951331108714,-0.2881831374092776,105.49275976948496,0.0
1788490679.526308,47.51693482607456,-0.2736614204102509,105.17867836124066,0.0
1788490679.801813,47.46402246112984,-0.28868960426526147,105.85599771454599,0.0
1788490680.0178251,47.56427453458049,-0.2644840082742953,105.32298193462128,0.0
1788490680.218405,47.52205979717491,-0.2639557483142049,105.32298193462128,0.0
1788490680.422666,47.512941349310786,-0.27890647862753826,105.78611284975625,0.0
1788490680.676308,47.52341146982651,-0.2651923699009314,105.17139769165516,0.0
1788490680.9386702,47.56153190444178,-0.24867235418966083,105.32298193462128,0.0
1788490681.2469099,47.51900379840914,-0.20688800592603707,108.09530382411555,0.0
1788490681.6222441,47.51901237724358,-0.2692829391982623,105.61248712324971,0.0
1788490681.9089391,47.48881744846242,-0.2060537446486821,98.51063350337535,0.0
1788490682.079663,47.48399245503473,-0.10402085679497919,76.81050342341655,0.0
1788490682.278073,47.54700057291247,-0.04306944712857652,60.476401707745055,0.0
1788490682.463238,47.51472316143909,-0.012744988255243561,46.44704871569746,0.0
1788490682.657414,47.46627070069236,0.06995967069822079,33.19383994764462,0.0
1788490682.852213,47.4544044001048,0.01078586512045579,18.90758854279386,0.0
1788490683.066725,47.53450202934934,0.059661282666669424,8.439566721862803,0.0
1788490683.258997,47.520344595507716,0.13421708624137055,-4.73075899031798,0.0
1788490683.463414,47.50635183996277,0.1299585925744979,-21.49100738129684,0.0
1788490683.654964,47.447619062949514,0.10512849758167692,-34.7526619426026,0.0
1788490683.878303,47.498631188695015,0.295327957675129,-52.3793846828944,0.0
1788490684.249194,47.47400396101419,0.10464472960488191,-60.00872458498995,0.0
1788490684.429615,47.456518189591215,0.2511586454415752,-62.18100839115951,0.0
1788490684.650732,47.45365216298912,0.23652992557083963,-68.91763610809546,0.0
1788490684.851449,47.48646399181073,0.35678600263422866,-72.6610807994252,0.0
1788490684.9193332,47.46471370360924,0.3612859915088594,-72.38461519730438,0.0
1788490685.11361,47.47910915187635,0.3345390464157698,-72.61266918618792,0.0
1788490685.17913,47.515726828475266,0.38125799070927635,-72.18606864493545,0.0
1788490685.36841,47.46766959622073,0.3203964543856642,-74.29863596782731,0.0
1788490685.4239202,47.45746320559097,0.32012388673764136,-74.15890275540018,0.0
1788490685.642367,47.48693924831287,0.35634961788147257,-72.62483204426889,0.0
1788490685.6989079,47.48330968769071,0.3539707802063259,-73.57401153604201,0.0
1788490685.944268,47.49381969341511,0.3494930102780298,-72.16655141772108,0.0
1788490686.056771,47.50653428044546,0.3543556697762704,-72.1470771682049,0.0
1788490686.2174091,47.49378230951428,0.3520747415747819,-73.14114050635823,0.0
1788490686.437064,47.47117227990254,0.33392359954177064,-73.19125851914548,0.0
1788490686.7039769,47.47889549680865,0.32047232678654813,-73.1116645940331,0.0
1788490687.007778,47.46418799370569,0.33517658219732027,-73.72112039154662,0.0
1788490687.207359,47.438085888990344,0.2999764300342659,-74.37888706112675,0.0
1788490687.424287,47.45658969303269,0.33061674646892936,-72.70105467693284,0.0
1788490687.6000361,47.50343465338584,0.35351115375481124,-73.14584166129117,0.0
1788490687.870254,47.48903424130878,0.3656371774620766,-72.27390433871041,0.0
1788490688.158131,47.53405526899385,0.3683705552460992,-71.72404153283897,0.0
1788490688.49648,47.462895754978994,0.3291057121044676,-73.65496334397139,0.0
1788490688.736376,47.49862182166692,0.3494486153888837,-73.27455395529685,0.0
1788490688.9426188,47.50048846592523,0.38581341414222003,-73.46535405139825,0.0
1788490689.21664,47.47338236386866,0.31756258100986856,-73.8636264181283,0.0
1788490690.006597,47.44150030422451,0.32905358134925977,-73.99020176509299,0.0
1788490690.280088,47.50395056352132,0.3907861211595183,-71.77852265566365,0.0
1788490690.627297,47.490897293694886,0.3588770277031499,-73.54215598280149,0.0
1788490690.851039,47.45049984154735,0.33004103071211544,-72.68376470581683,0.0
1788490691.041216,47.50102908490869,0.34299644836009047,-73.05840908088776,0.0
1788490691.3065019,47.51417781701032,0.3469438135552807,-72.78320305374426,0.0
1788490691.567549,47.467481666485426,0.3209318992106446,-74.42228444622899,0.0
1788490691.839563,47.4921763993437,0.34201838779197424,-73.51169323470504,0.0
1788490692.060626,47.47150007345269,0.3146634568406126,-74.54693277693194,0.0
1788490692.328565,47.4674509320544,0.3209536293482782,-74.46524014033506,0.0
1788490692.6187022,47.48123184439848,0.3580559057927818,-72.67683867984128,0.0
1788490692.877664,47.45486706050665,0.32109557987587556,-74.46141922477916,0.0
1788490693.087942,47.45039797550151,0.3013892967475036,-74.46824686831657,0.0
1788490693.284511,47.474193559544695,0.36108436793996035,-73.01321027825487,0.0
1788490693.4804401,47.46025693373739,0.3245602225808252,-74.32828951247606,0.0
1788490693.670539,47.50073490074749,0.3346456192628645,-73.5024950030979,0.0
1788490693.8703911,47.49165475214375,0.35827951015148674,-73.26555407924786,0.0
1788490694.0746188,47.48413170153643,0.3745177858394181,-71.32366957989551,0.0
1788490694.28162,47.39927251310763,0.3762603140873091,-58.3545040958885,0.0
1788490694.4732668,47.28324141937894,0.43875585182628524,-45.51760572960791,0.0
1788490694.663754,47.22081787938252,0.46680973371590717,-28.909490452006906,0.0
1788490694.8975139,47.09949145999823,0.5206231840614604,-13.73004740328139,0.0
1788490695.071119,47.0657484755788,0.5183604554486303,-0.4712437669436156,0.0
1788490695.2627368,46.98035672691948,0.5771156006439083,13.572950872245997,0.0
1788490695.497611,47.04290807364634,0.49796969278712194,26.547399792441666,0.0
1788490695.7408051,46.97235836452465,0.31495959676178287,39.69575116648889,0.0
1788490695.917971,46.827027673702695,0.3081793833810954,56.025253949035374,0.0
1788490696.131916,46.92282857256678,0.19766177189858214,70.198942816603,0.0
1788490696.334295,46.83009778346953,0.1760575635161079,84.96544584134864,0.0
1788490696.538126,46.85675051958181,0.24088488112467665,95.43827814709039,0.0
1788490696.8225532,46.818108286948025,0.28199871467475307,92.99026564244969,0.0
1788490697.0973198,46.909753386250486,0.3531084928461513,103.22398709798352,0.0
1788490697.31852,46.7547489959071,0.4578344549936496,98.06599910524938,0.0
1788490697.507692,46.872814746143874,0.2943765637008199,103.05046472186075,0.0
1788490697.721215,46.86575324875109,0.25645168279666236,103.80471652716085,0.0
1788490697.783992,46.850945727406305,0.27929875514881813,103.97868613724734,0.0
1788490697.967563,46.89326221478524,0.30681731233037857,103.2464911725043,0.0
1788490698.09745,46.82690584679403,0.2336393764066771,104.96957335289142,0.0
1788490698.254133,46.8575151511622,0.26944116272450064,103.05880777049742,0.0
1788490698.3832178,46.86885150280333,0.2549478611807696,104.02194445791059,0.0
1788490698.563769,46.91496956827597,0.2070916265728523,100.4713958560373,0.0
1788490698.770976,46.84867943607033,0.29416597307260417,103.49778674738519,0.0
1788490698.837332,46.8375854781731,0.3050364666158484,103.41102082253326,0.0
1788490699.018987,46.82591324391177,0.29357036403633785,103.74317752665121,0.0
1788490699.0945432,46.86605321632474,0.2893215452724715,104.4119797170896,0.0
1788490699.410054,46.89865897630334,0.2796062362631715,104.35860721761225,0.0
1788490699.842685,46.892740961390444,0.23200679630578686,102.12652558143702,0.0
1788490699.9971788,46.847787977365336,0.20039684986945044,102.34993300824976,0.0
1788490700.2220109,46.88595123877169,0.2785820436143691,104.31372313016243,0.0
1788490700.421334,46.87964573185362,0.2523795253657977,103.6680223807723,0.0
1788490700.662668,46.882552322667415,0.3120098000601424,103.70317663901659,0.0
1788490700.889009,46.83207602023229,0.2621606689004682,104.75180765353173,0.0
1788490701.0606878,46.85423202067934,0.26836897642112656,103.21488226599183,0.0
1788490701.267338,46.85454964493123,0.2569080298338404,104.24610097639311,0.0
1788490701.481132,46.86435875975691,0.25664129550103754,104.02734037040477,0.0
1788490701.743437,46.8521239502596,0.28579157514858805,104.21446146870846,0.0
1788490702.018204,46.86354109916371,0.259562250098201,104.04823113656425,0.0
1788490702.734244,46.86907008889773,0.2554757137768223,103.94487582395942,0.0
1788490702.999398,46.854572884484426,0.2710168137616823,103.38419559368117,0.0
1788490703.24578,46.8420377561371,0.2616439060754363,103.58981906936413,0.0
1788490703.450181,46.84394949565123,0.29130010836411696,104.36971864325346,0.0
1788490703.640219,46.85026417339654,0.2511351153092139,104.32509449695613,0.0
1788490703.848578,46.86768824157075,0.29412097127222014,103.93002384792698,0.0
1788490704.065398,46.86337525487627,0.29124782191058796,104.17421517157214,0.0
1788490704.234536,46.82392965216615,0.2659653240373231,103.78250392694633,0.0
1788490704.4396238,46.8248768383929,0.237784319279973,104.70217345037969,0.0
1788490704.737375,46.905733685810574,0.2942309341511491,104.34462794865055,0.0
1788490705.013553,46.84606739912141,0.2965672424603851,103.51617280689862,0.0
1788490705.3166668,46.86994693753646,0.25666827263050007,101.03593471143108,0.0
1788490705.608494,46.851190961671676,0.2763193185483648,102.95234530875001,0.0
1788490705.881897,46.86248754163689,0.32090437594317606,103.60980387869495,0.0
1788490706.0951092,46.88811299571667,0.2954547074085924,103.49081468929069,0.0
1788490706.3719811,46.97758820889459,0.18766682014408986,109.62612703765859,0.0
1788490706.5414588,46.85729998036877,0.25437459106869886,101.33300690933044,0.0
1788490706.753671,46.93171758145533,0.2181669041585711,104.65904205177583,0.0
1788490706.998583,46.95499204600904,0.039125300004149266,120.60876968294394,0.0
1788490707.2078478,46.8865265462836,-0.0054059919822326274,138.41573564867593,0.0
1788490707.4094841,46.98836115972254,0.07213869468729886,151.58441526863368,0.0
1788490707.624216,46.93259050196068,0.01349058013124324,165.89531068357797,0.0
1788490707.8579578,46.938343535430974,-0.00548699031057814,179.84556736642594,0.0
1788490708.0870452,46.97316118340906,0.014271832996449407,-172.0264860088726,0.0
1788490708.273052,46.94292126361503,0.010693189473599263,-179.06687878069874,0.0
1788490708.529248,46.89196967295388,0.131728491120475,-168.39876254845456,0.0
1788490709.393125,46.88018834578039,0.13662254809273747,-168.71123013448766,0.0
1788490709.762795,46.919825147402555,0.10979268194568786,-168.0230889194595,0.0
1788490711.0365021,46.896640131907134,0.15207687818280807,-168.32032652756214,0.0
1788490711.564424,46.90685697933621,0.08066544529672304,-167.12110491037453,0.0
1788490712.151436,46.890866721870914,0.140398591335456,-168.30499655980537,0.0
1788490712.268299,46.864203008088374,0.10625549343643509,-168.71587726994733,0.0
1788490712.3912268,46.91303001874684,0.12130672041624624,-167.61968728027512,0.0
1788490712.565589,46.92627084114,0.1149185769624691,-167.14372680201484,0.0
1788490712.712229,46.88642400207617,0.13633399922134617,-169.0072350215238,0.0
1788490712.875275,46.916851211822895,0.12340806849457839,-167.6174752019595,0.0
1788490712.967662,46.90851008552424,0.11094311044199823,-167.18768943935038,0.0
1788490713.158056,46.87699173830968,0.11552308100513536,-168.45058248801547,0.0
1788490713.350316,46.919389202280385,0.11577816973846317,-167.26195770037884,0.0
1788490713.560354,46.892327267740505,0.14372606360937631,-168.25106902652118,0.0
1788490713.7426639,46.94192134109035,0.08049067071292099,-165.98236566548178,0.0
1788490713.933408,46.86068295554092,0.10389623120284583,-168.23161686323323,0.0
1788490714.2627041,46.91629220906114,0.11436745222481234,-167.45307989647085,0.0
1788490714.485909,46.84289912252374,0.10198753141688349,-169.00829427682902,0.0
1788490714.817675,46.88921695564691,0.09998105300015422,-167.49696306111508,0.0
1788490715.1459358,46.914360262686905,0.10804971749384967,-167.45610355281008,0.0
1788490715.491033,46.88682373319151,0.11889776622121326,-169.56373462896408,0.0
1788490715.76217,46.864251341306584,0.10953701854763054,-168.65623929306054,0.0
1788490716.0831518,46.91153555595796,0.10132826579049542,-167.7924241550362,0.0
1788490716.2521899,46.909236737191456,0.12235402608109372,-167.95334738506006,0.0
1788490717.1866062,46.861565401426894,0.1214282968136931,-169.0092736477984,0.0
1788490717.898829,46.871709415939286,0.12605787881912012,-169.1805709890961,0.0
1788490718.500028,46.898941104501354,0.13401635646644233,-168.7867469345282,0.0
1788490718.738057,46.85985721827396,0.14515167658955305,-169.02404722191238,0.0
1788490719.036478,46.914554234842946,0.10588936399492754,-167.60397115609953,0.0
1788490719.2994041,46.91536185695478,0.099074312536793,-167.22379036219286,0.0
1788490719.543663,46.862989292273376,0.11585894900435892,-168.3322167316503,0.0
1788490719.816517,46.85778814669213,0.1234055968573306,-168.25631630995895,0.0
1788490720.015052,46.91745047564052,0.1103918704554484,-167.58841196707965,0.0
1788490720.255569,46.892650309535966,0.14214172031721725,-168.11572919523763,0.0
1788490720.539812,46.92546612370192,0.09506806301211243,-167.4635787141052,0.0
1788490720.8279018,46.92252369618587,0.0974334433116463,-166.55341301071633,0.0
1788490721.1245492,46.87086957362748,0.12614482664579815,-168.32039110774213,0.0
1788490721.339194,46.88067854924303,0.10509928673825678,-168.6559245790237,0.0
1788490721.607679,46.88444048122635,0.125501683428769,-168.46181943594706,0.0
1788490721.798662,46.912235313969504,0.11739060339385557,-167.23660001857968,0.0
1788490722.077857,46.913283482632124,0.11299856077045636,-168.40999786034365,0.0
1788490722.302847,46.88880898508655,0.09671880453543777,-175.64547895418207,0.0
1788490722.5159879,46.91758767383486,0.04781168037827552,164.32975030556497,0.0
1788490722.750293,46.92738613994512,0.050708193737103724,152.13686727180686,0.0
1788490723.0156229,46.91029782385092,0.01825403896233163,135.01583244890787,0.0
1788490723.182035,46.929065387910754,0.07616748814768476,120.16971079279944,0.0
1788490723.430007,46.87129137447029,0.05409134938520377,110.44272607614676,0.0
1788490723.633337,46.89887928337463,-0.1525771348462699,116.6862762530343,0.0
1788490723.839657,46.94981996498798,-0.052255737106984834,103.30532149405332,0.0
1788490724.040113,46.91524436040501,-0.07957639572228825,103.30532149405332,0.0
1788490724.106688,46.90092033969219,-0.0710794815184056,103.30532149405332,0.0
1788490724.30243,46.957706506103264,-0.07362750855094524,103.30532149405332,0.0
1788490724.455251,46.84673826051305,-0.0379967121569158,104.73175786304819,0.0
1788490724.561488,46.90812817003339,-0.0535105419225641,103.30532149405332,0.0
1788490724.760171,46.901214596394404,-0.06040145305121336,104.6621505313505,0.0
1788490724.823972,46.90677243592131,-0.04778914159602177,103.30532149405332,0.0
1788490725.021301,46.855036789620726,-0.04178089949275787,105.44357415136972,0.0
1788490725.086855,46.89912249909617,-0.034694158863170066,104.20597114753275,0.0
1788490725.295756,46.9082757247611,-0.0697420808543272,103.30532149405332,0.0
1788490725.3614779,46.92379719932326,-0.075604249699605,103.30532149405332,0.0
1788490725.567271,46.91897319402963,-0.0807420003891196,103.30532149405332,0.0
1788490725.758021,46.87384936733682,-0.010693215875907769,104.22844138989609,0.0
1788490725.951261,46.90275041669928,-0.050339382009600975,104.71814202133135,0.0
1788490726.210537,46.90156936441929,-0.050494563413870375,104.27404985068699,0.0
1788490726.455161,46.90272913587259,-0.037867000728311506,103.30532149405332,0.0
1788490726.682786,46.917805813524836,-0.08941191137806748,103.30532149405332,0.0
1788490726.95246,46.95306454751956,-0.07831434522274905,103.30532149405332,0.0
1788490727.199163,46.88174801148536,-0.06603892817355339,102.95872617527215,0.0
1788490727.440812,46.900609533086175,-0.03178719377366601,104.47595914429871,0.0
1788490727.726812,46.877386825101986,-0.02370540320697956,104.3532365717839,0.0
1788490727.9390872,46.90633740153106,-0.05151599464927936,103.30532149405332,0.0
1788490728.140546,46.92756796134822,-0.0668080080349871,104.61410130708589,0.0
1788490728.3817961,46.90620937349793,-0.06223456880128919,103.30532149405332,0.0
1788490729.309108,46.9013938562684,-0.01816405790676845,104.5101786553351,0.0
1788490730.881362,46.923494340742025,-0.08502831093745689,103.30532149405332,0.0
1788490731.530894,46.89889755324726,-0.03361995170616394,104.51611982669141,0.0
1788490732.6257348,46.90501834836074,-0.03907308959355804,103.30532149405332,0.0
1788490733.45265,46.90982040853028,-0.08130693576207548,103.30532149405332,0.0
1788490733.887341,46.90920496905086,-0.06486388070306259,103.30532149405332,0.0
1788490734.1743538,46.88553369102309,-0.031421323365048326,103.81058250424888,0.0
1788490734.418103,46.90533876291489,-0.06980147451624985,104.49955722201929,0.0
1788490734.615042,46.90338548497641,-0.06233620373571669,104.59513970871637,0.0
1788490734.873717,46.88664346520666,-0.03402088624688793,104.71964026961484,0.0
1788490735.137759,46.907807253808656,-0.03990071495137937,104.17865231085932,0.0
1788490735.379609,46.90328258048909,-0.05584448725760971,103.30532149405332,0.0
1788490735.6100821,46.91210950141392,-0.08301715369719143,103.30532149405332,0.0
1788490735.884879,46.89484318792982,-0.08663524320365867,102.92900349073165,0.0
1788490736.150992,46.90591220540104,-0.07949997427205291,103.30532149405332,0.0
1788490736.4565399,46.90111199451272,-0.07169421695932687,104.55239690342955,0.0
1788490736.669199,46.90200799780158,-0.06209174624442415,104.8118600963457,0.0
1788490736.849279,46.90390244305589,-0.11323406132500224,106.41133295838256,0.0
1788490737.055166,46.972186577999366,-0.2981880699585816,117.32689637812302,0.0
1788490737.2507038,46.98290587153458,-0.4054876976919586,129.75830477070008,0.0
1788490737.472855,47.00200068181292,-0.32315480835911414,144.19697594090894,0.0
1788490737.724483,46.94288641292894,-0.3367441973049046,167.00227851939474,0.0
1788490737.91467,46.99029098189274,-0.27890609392661014,-179.04240573366434,0.0
1788490738.1142578,46.967324861889516,-0.31696251407857806,-164.30765411062742,0.0
1788490738.3148758,46.96607886263495,-0.3046962334181162,-159.86105076495835,0.0
1788490738.580876,46.99650924737651,-0.28815084890797105,-163.37926005006733,0.0
1788490738.8645482,46.945814985701254,-0.25763080671621746,-150.8220737653105,0.0
1788490739.050308,46.98479063908414,-0.21632541567550728,-159.48410091598134,0.0
1788490739.228311,47.01074784554861,-0.20521218921265716,-148.65255222628002,0.0
1788490739.447642,47.032348739184805,-0.17572058222193632,-150.34882100021719,0.0
1788490739.539884,47.04867288267437,-0.1596532709560608,-151.31787961176207,0.0
1788490739.746698,47.03903460587696,-0.2247335148862804,-148.94917825682762,0.0
1788490739.807369,47.052623685424834,-0.19169232011382437,-149.9855151352396,0.0
1788490740.016208,47.010492796487284,-0.2265554327860042,-148.55673540718874,0.0
1788490740.098644,47.007875568451155,-0.2084251933910209,-148.7265215017103,0.0
1788490740.267265,47.05118633502808,-0.1895730532466523,-149.9455453958695,0.0
1788490740.40677,47.02241835052072,-0.17063169925075278,-150.83059932236768,0.0
1788490740.55667,47.03648682530626,-0.24110136860855697,-148.64755011192358,0.0
1788490740.713216,47.01842994205349,-0.16872234962353716,-150.28022034370002,0.0
1788490740.968489,47.0588955248835,-0.1907417951145488,-151.7459850644317,0.0
1788490741.451783,47.04069521695442,-0.2193084826081692,-148.91069434781565,0.0
1788490741.65393,47.0231230670951,-0.20588953921757835,-148.4107123939557,0.0
1788490741.896089,47.03771506792801,-0.17713817132587295,-151.5547985422566,0.0
1788490742.1104078,47.03491696839729,-0.23078810946135037,-150.8390398138564,0.0
1788490742.3433049,47.01721882171142,-0.1766741978421334,-151.13666877084142,0.0
1788490742.58278,47.066905341440616,-0.1840581250917186,-151.42899176042613,0.0
1788490742.8661609,47.051350588911404,-0.23319026923390074,-149.7761005992171,0.0
1788490743.042569,46.994845770858696,-0.20109623105461372,-149.30201397539946,0.0
1788490743.312614,47.0333299824711,-0.20245966141388105,-148.35603664377243,0.0
1788490743.521735,46.9819558779567,-0.2082578536682811,-149.4674701052171,0.0
1788490743.794484,47.01091456605822,-0.21813911955201187,-148.4066639968953,0.0
1788490744.542401,47.056710370713546,-0.1746619604025791,-150.9265838198544,0.0
1788490744.798228,47.000214966522414,-0.18492039887783956,-149.67518446797527,0.0
1788490745.0772429,47.007170622141416,-0.2175354579058742,-148.83662637625207,0.0
1788490745.3662798,47.051082828773254,-0.20870893979762578,-150.44770832874883,0.0
1788490745.571491,47.00245622739121,-0.22772082488141088,-148.45343148673533,0.0
1788490745.788345,46.97271772556095,-0.1810929011475661,-149.44802603258563,0.0
1788490746.0212538,47.029883588108945,-0.22228680322628636,-149.19638055070584,0.0
1788490746.348129,47.03422777136786,-0.1739506956138398,-151.5602305862309,0.0
1788490746.585005,47.03272788191205,-0.19393077257061858,-150.89369015944226,0.0
1788490747.077486,47.0246369115536,-0.26028636197869215,-148.94177830256587,0.0
1788490747.4489632,47.012964047141075,-0.20760560417156476,-148.72005112428945,0.0
1788490747.688159,47.019408627240715,-0.15992172639734736,-150.1957119299169,0.0
1788490747.858536,47.01890658807831,-0.1536273381352769,-152.2765170422266,0.0
1788490748.134509,47.03852903412946,-0.14516991059686546,-150.05575297381904,0.0
1788490748.363039,47.040025935365755,-0.20917570184074474,-150.4392356180275,0.0
1788490748.5174038,47.07862072424479,-0.20154942568917955,-151.28305235059963,0.0
1788490748.794973,47.02299612827761,-0.16819108520095571,-152.13984528723557,0.0
1788490749.0069098,47.016109393185765,-0.23876272917919816,-157.56692538050407,0.0
1788490749.207042,47.046122058856625,-0.26090500193391053,-171.10960007648134,0.0
1788490749.492327,47.07658869831051,-0.1871341511545127,173.78037706939512,0.0
1788490749.7373068,47.07669935428623,-0.28264281816231634,158.00029907445787,0.0
1788490750.454415,47.03182880032433,-0.29342338407480284,139.64398197379057,0.0
1788490750.60816,47.07863746300604,-0.43408275874598057,116.49048696279357,0.0
1788490750.838221,46.94709856667576,-0.281403359752036,107.35728911996284,0.0
1788490751.043657,46.98333328186831,-0.31209752171953153,107.01587349668716,0.0
1788490751.10746,47.01074354413641,-0.2791113453403269,105.91530270477568,0.0
1788490751.305373,47.00578791952119,-0.26398085117208214,106.60428467357423,0.0
1788490751.508285,47.008727821297256,-0.27926801882076924,105.92281502269952,0.0
1788490751.5827682,47.02667781568606,-0.2701967641469126,106.0767788415007,0.0
1788490751.852134,46.936971846011794,-0.2628384257407371,106.51884529048664,0.0
1788490751.933689,46.99338295806378,-0.3157274239340967,107.8891312948715,0.0
1788490752.0866601,47.02458538933842,-0.24758100777695902,106.30991935390858,0.0
1788490752.148312,47.022233317429404,-0.29471750641743666,105.7822017028227,0.0
1788490752.433632,47.0113719734281,-0.2798575414803779,105.92561219566267,0.0
1788490752.437622,47.00835318162688,-0.26636871338054746,105.99803042868047,0.0
1788490752.707859,46.990627200260825,-0.2704821338890616,106.28838925634119,0.0
1788490752.999447,47.00629019471447,-0.27444810793106633,105.91718537586132,0.0
1788490753.155148,47.01410464789454,-0.28277327446657075,106.0262386506555,0.0
1788490753.355368,47.01137474145257,-0.26991964462889306,105.75617229423176,0.0
1788490753.545915,46.94900633270824,-0.29391058774172363,106.36097885790633,0.0
1788490753.733418,47.00014896028131,-0.26830876460394126,106.15935513581286,0.0
1788490754.0252569,46.97990556322743,-0.27603025214262666,106.53389064794789,0.0
1788490754.207099,46.99817847590502,-0.2647813931324623,106.03008683335628,0.0
1788490754.497944,46.94834410168118,-0.2966084438369162,106.34693019468028,0.0
1788490754.763941,46.996687024298694,-0.2809950895728176,106.27306477379392,0.0
1788490754.918056,47.00913939669653,-0.26865871186115675,106.18676843928489,0.0
1788490755.2103128,46.94339301165063,-0.292308475599931,106.72137909610274,0.0
1788490755.643575,47.00806753022705,-0.2720580689126241,105.97903563515712,0.0
1788490756.444108,47.03603194465999,-0.29388782878667097,105.88590654430851,0.0
1788490756.63805,46.999429619827005,-0.27934760780954904,106.08019972427633,0.0
1788490756.833492,47.01874165291896,-0.2388156469160364,105.48462278172576,0.0
1788490757.0654058,47.00178718773819,-0.2692949604398709,106.1551450715886,0.0
1788490757.303793,46.969704713895055,-0.3036197044881368,106.09701857787326,0.0
1788490757.564644,47.00094257229595,-0.26434057520723564,106.11503635127497,0.0
1788490757.843782,46.99253386122574,-0.26915684691796726,105.93879092421548,0.0
1788490758.059764,47.00521476998219,-0.2778360279006282,106.18003256577856,0.0
1788490758.283786,47.0667088499094,-0.2899064881853174,105.01268760115403,0.0
1788490758.496193,47.024258422548485,-0.2794681943525653,106.7462398478583,0.0
1788490758.687145,47.05000655558026,-0.31115913478188684,105.32319000665422,0.0
1788490758.899328,47.03017981263861,-0.29394716894696715,106.01528525123229,0.0
1788490759.2501671,47.03050953759326,-0.2624727484353859,106.02410472072688,0.0
1788490759.734893,46.999504256988686,-0.2810621040641903,106.2741080901784,0.0
1788490760.442569,47.02407468732149,-0.27252770180163655,105.92490060843227,0.0
1788490760.7411442,47.05954755216187,-0.23056970839374202,106.3990417612709,0.0
1788490761.0991201,47.0470841024249,-0.25966427104471845,105.95258798137985,0.0
1788490761.330944,47.06770689257686,-0.5409892061002594,116.6765477588093,0.0
1788490761.530269,47.1660844750825,-0.6210056745480037,133.40409089931887,0.0
1788490761.754921,47.162094462566415,-0.5827085010106832,148.10054301683567,0.0
1788490761.985076,47.088073986803124,-0.6113093060391201,165.33818681064298,0.0
1788490762.190037,47.06685733263584,-0.5784245364079315,178.69932509105138,0.0
1788490762.642665,47.03005180459545,-0.5472630401433407,-161.90582079425928,0.0
1788490762.885466,47.03381389637997,-0.43903086340440883,-129.869880476761,0.0
1788490763.167305,47.058628510093016,-0.4528900038094833,-113.6387311352288,0.0
1788490763.6998541,46.99804083250865,-0.4256713195353295,-101.5254326498366,0.0
1788490764.293155,47.0422525021037,-0.4090450588440976,-85.11887851861262,0.0
1788490764.5022762,47.114178921895345,-0.4929485393861076,-82.48911780498845,0.0
1788490764.843023,47.07592896933547,-0.29371635911583,-70.68368260788883,0.0
1788490765.057067,47.043461316652845,-0.3474215509219099,-72.28407482347036,0.0
1788490765.2448099,47.070351009427235,-0.3090121892401446,-71.29382607834263,0.0
1788490765.360578,47.06697809722873,-0.3427616739515023,-71.5683535760575,0.0
1788490765.44957,47.09728025351793,-0.3108223749292603,-70.83722821885398,0.0
1788490765.634399,47.098505605622925,-0.33582665932712347,-70.88325140950283,0.0
1788490765.746918,47.04873082567299,-0.270688672227908,-73.35095543166027,0.0
1788490765.8727171,47.08508901931675,-0.332848456710015,-71.44983039429623,0.0
1788490766.012253,47.12807153123426,-0.31505668526403474,-69.80345450641401,0.0
1788490766.2045078,47.04267342972716,-0.36009543289559076,-72.75020701157948,0.0
1788490766.279767,47.04977366247515,-0.286171544072561,-71.94531981300273,0.0
1788490766.4703512,47.103690231382224,-0.29646881740736103,-71.28648388992796,0.0
1788490766.6996999,47.093701078911984,-0.2947948703531603,-70.07151106269446,0.0
1788490766.992682,47.080915208535544,-0.3290082370871223,-71.51577818892527,0.0
1788490767.1880589,47.091311619991586,-0.30264801138705366,-70.57501841544939,0.0
1788490767.3927722,47.06672282737345,-0.3304606447720607,-71.59935932843759,0.0
1788490767.6028721,47.08192216390776,-0.3301757855068582,-71.37459556207905,0.0
1788490767.820778,46.97843944501378,-0.3012093135628203,-67.47163254821449,0.0
1788490768.012479,47.096170679000515,-0.32132913734213653,-70.28745330191404,0.0
1788490768.2568152,47.05359020078369,-0.29788919248500234,-71.64562240870242,0.0
1788490768.455491,47.047790601398816,-0.3302913216689684,-72.43271420045306,0.0
1788490768.651561,47.09374876142685,-0.3080729836465553,-70.39897883628929,0.0
1788490769.16566,47.03239790075162,-0.3283167003329159,-72.56923588723782,0.0
1788490769.5333838,47.09699794099551,-0.2866134618749942,-71.26556559694991,0.0
1788490770.615956,47.09390495205074,-0.3117849276044249,-70.75730544790166,0.0
1788490770.8543,47.07658901985486,-0.3207620480149783,-70.45074939628576,0.0
1788490771.145563,47.10931944450586,-0.31370125180975544,-70.31602901384764,0.0
1788490772.258019,47.07481732206019,-0.3276837079353084,-71.66512478661869,0.0
1788490772.993664,47.046036325763296,-0.36651925447105566,-71.10695131287503,0.0
1788490774.8972921,47.12075028870635,-0.3203506850217712,-70.1624672342573,0.0
1788490775.376019,47.08513997582494,-0.338352928694095,-71.00381617177486,0.0
1788490775.595878,47.09470235467912,-0.31163454993848694,-70.31105951195791,0.0
1788490775.8151429,47.06402381143264,-0.30158136011689163,-71.43572009546638,0.0
1788490776.08378,47.07077099893456,-0.33170391685567807,-71.76915225485259,0.0
1788490776.4737222,47.1128308558696,-0.31507932764482344,-70.19064921461744,0.0
1788490776.7911758,47.093327076494624,-0.2889280264577122,-71.213630888239,0.0
1788490777.0704288,47.08648045879536,-0.3218490347891143,-72.2576695398276,0.0
1788490777.356267,47.10778152799297,-0.3041417643196104,-70.0610517462034,0.0
1788490777.5583081,47.11066336966621,-0.2995411974428468,-69.88900601299012,0.0
1788490777.7767072,47.08941825584073,-0.34277610641610357,-71.10813609501712,0.0
1788490778.016823,47.08380481402987,-0.33067803580031185,-72.54399765041435,0.0
1788490778.2149582,47.06581940182535,-0.444187880627155,-77.30422977508735,0.0
1788490778.4278479,47.14761563308257,-0.4921823570281356,-88.21510142996897,0.0
1788490778.616641,47.07636521642018,-0.4209906177797414,-107.51165198978066,0.0
1788490778.864165,47.08764205026165,-0.3902450822083329,-121.3736106031227,0.0
1788490779.080698,47.16396571083897,-0.44306036302234414,-138.1563203859074,0.0
1788490779.344002,47.21826522462934,-0.362000574297914,-156.82023123344686,0.0
1788490779.600352,47.224671957389255,-0.45943924661662294,-168.34430698696514,0.0
1788490779.766918,47.23060332513606,-0.5054887566417365,175.10250627150964,0.0
1788490780.042542,47.154173047077165,-0.460014819949086,156.17241341734223,0.0
1788490780.347384,47.26892233981011,-0.4711838258398127,138.67853499695684,0.0
1788490780.543964,47.279966934440694,-0.4902585594999337,129.20024912415863,0.0
1788490780.861226,47.20092946478329,-0.6663809223359131,114.56892581330527,0.0
1788490781.044095,47.32927452941321,-0.8358705394420727,116.82099194167381,0.0
1788490781.3013911,47.3315296671739,-0.7977565217918695,106.41815685268955,0.0
1788490781.563123,47.26279603241097,-0.800151160663438,106.82999130621664,0.0
1788490781.6303082,47.30456914285456,-0.7765019610299003,106.77993157462015,0.0
1788490781.851167,47.360352474558,-0.8045708279476905,104.06406464031596,0.0
1788490781.943895,47.39918639008281,-0.8103051213409168,103.20535216675859,0.0
1788490782.2621188,47.3830699344428,-0.8147316071521208,104.29402696519804,0.0
1788490782.990798,47.31913058231767,-0.8426697546948961,107.1372729886815,0.0
1788490783.134186,47.34662246650615,-0.8103134580428775,103.87212896226015,0.0
1788490783.2978659,47.37573088190023,-0.8187967064624968,103.8697773412432,0.0
1788490783.839933,47.322706261545825,-0.8262643956588915,104.27956490407274,0.0
1788490783.850337,47.291737913804916,-0.8184258141765683,106.86137339954524,0.0
1788490784.003237,47.326341103022095,-0.776386390831398,106.44332337395815,0.0
1788490784.237819,47.28404070227704,-0.8084086091614063,106.38433284773339,0.0
1788490784.306944,47.32300675127528,-0.8379656288610874,104.24777686620172,0.0
1788490784.496138,47.316293493505135,-0.8463765370469569,104.68728516959982,0.0
1788490784.712251,47.2889244082408,-0.7953578019404429,106.84919675094056,0.0
1788490784.8833768,47.293832522241246,-0.7748902568947297,106.71588754095984,0.0
1788490785.089306,47.29298351154712,-0.7917059498799698,106.9328787782527,0.0
1788490785.292816,47.25925213031003,-0.8171291215303549,107.48856369544393,0.0
1788490785.588654,47.34596370042153,-0.84544080694326,104.21400979175763,0.0
1788490785.806232,47.346627941349034,-0.810381979008566,105.18812826242436,0.0
1788490786.116153,47.31581101455226,-0.7946554066828304,105.99291809392105,0.0
1788490786.445143,47.354979693136706,-0.8332297779293149,104.25410753866538,0.0
1788490786.62593,47.30672564869334,-0.769004090751426,106.72158194210931,0.0
1788490786.902654,47.2981995554881,-0.7925434846363546,106.37794588339489,0.0
1788490787.1373508,47.36303316347534,-0.8352843215547249,104.22591529671519,0.0
1788490787.347569,47.3014112224268,-0.8079115184816941,104.03245692045027,0.0
1788490788.04817,47.37354360396813,-0.8531651335536835,104.47582442021587,0.0
1788490788.494457,47.371138691297844,-0.8347198241195766,103.8111044340261,0.0
1788490788.7461,47.28289420447952,-0.8220256822295363,106.75801581147351,0.0
1788490789.020295,47.25417011606084,-0.7813649643929229,106.82798901998524,0.0
1788490789.270932,47.384856830394966,-0.8128271763758981,104.15275173741202,0.0
1788490789.4823198,47.330832069504254,-0.8396209619870196,104.45121027682211,0.0
1788490789.732188,47.29264775884777,-0.787534002033717,106.36259616934359,0.0
1788490790.005407,47.390709077995794,-0.8176528482175986,102.94264887168765,0.0
1788490790.246128,47.29006902005878,-0.7856627381997375,105.93147209913388,0.0
1788490790.500916,47.266035486834404,-0.8192804989309693,106.93708837053998,0.0
1788490790.7896268,47.28199651672924,-0.8040490716318937,106.28066202103241,0.0
1788490790.965077,47.32325493524683,-0.841956802632723,104.63894093502023,0.0
1788490791.2176058,47.33322802330979,-0.8010553719442065,106.45896783103836,0.0
1788490791.4277189,47.25935040554683,-0.8024648243547444,107.26623195995683,0.0
1788490791.690203,47.34832145026531,-0.8535053197151203,104.5252519914481,0.0
1788490791.9740102,47.27597891397978,-0.8083892285215201,106.42045654994104,0.0
1788490792.150808,47.40649844800175,-0.8276392861196185,103.07329096594549,0.0
1788490792.342761,47.39675658154114,-0.7903650225729298,102.57179664829846,0.0
1788490792.543524,47.28877509000743,-0.7771055307334748,91.33762832484979,0.0
1788490792.745147,47.33420971188945,-0.7641491977274774,79.36651115751988,0.0
1788490792.9386199,47.267636814729435,-0.7226483690549379,64.4425671247572,0.0
1788490793.157443,47.344847868573375,-0.623320385586388,47.86052920090523,0.0
1788490793.3536088,47.3021370862965,-0.5863696863061669,34.716906862625365,0.0
1788490793.6011798,47.24925410584629,-0.5306001629638093,25.00892646087442,0.0
1788490793.800053,47.15477376585555,-0.7297780579062098,26.798801930005396,0.0
1788490794.005216,47.22804887146845,-0.5418655119245408,21.233083868428963,0.0
1788490794.257893,47.265671731176006,-0.6508160367441935,17.23714706170017,0.0
1788490794.3174348,47.23192788517732,-0.5408185063942789,17.81629391439867,0.0
1788490794.458841,47.2264097604489,-0.5230278819380665,20.813390308041534,0.0
1788490794.5854661,47.294416039922254,-0.5968383197404069,18.773398506156752,0.0
1788490794.7184262,47.19898445118267,-0.5634080370707344,17.46918591963174,0.0
1788490794.912974,47.266387930001734,-0.6022109655419271,16.39836279695345,0.0
1788490794.9838731,47.337432946986105,-0.5831004078955005,19.053997798637482,0.0
1788490795.199036,47.30731614301799,-0.59881073028094,19.072423796217777,0.0
1788490795.2614038,47.22635657805835,-0.5628168070319264,17.830368845921527,0.0
1788490795.4774559,47.227415080505224,-0.5446523813835603,20.951003081870766,0.0
1788490795.572164,47.280385752432004,-0.6102269551614488,18.611319098123204,0.0
1788490795.745544,47.24219518610326,-0.5395520498727365,19.710035222248166,0.0
1788490796.02286,47.2306474834358,-0.5331582130091402,20.70165766057673,0.0
1788490796.25728,47.21713855614653,-0.5853888280491616,17.412443963501204,0.0
1788490796.47418,47.23927896287408,-0.5167067892247779,20.42248992471454,0.0
1788490796.7152572,47.34548321884499,-0.6157623906891134,18.20005217478206,0.0
1788490796.895013,47.29493638880245,-0.543174991855321,19.142470150637422,0.0
1788490797.109849,47.26670112788465,-0.6190935910115329,16.39836279695345,0.0
1788490797.365154,47.25583554273475,-0.5758633846884618,20.361246019375614,0.0
1788490797.6382022,47.2653544980352,-0.5472391740166193,19.62113308306641,0.0
1788490797.8363001,47.19971702431601,-0.570595588005936,18.622967716087146,0.0
1788490798.023704,47.28441640440695,-0.5810608669123574,20.084250525724713,0.0
1788490798.321645,47.282049379094566,-0.5533978695762634,20.668868030326195,0.0
1788490798.604424,47.217857390682816,-0.6020731932600247,17.959587603407783,0.0
1788490799.3383942,47.21202374181453,-0.557470477468075,17.475368141859434,0.0
1788490799.5967581,47.24953731221413,-0.516273380526074,20.318883836949453,0.0
1788490799.861398,47.23405324230264,-0.512433298413367,20.356098064556562,0.0
1788490800.070349,47.243092353288255,-0.53945439694144,20.207172149791035,0.0
1788490800.265055,47.23015482596983,-0.593699045534867,17.959587603407783,0.0
1788490800.486988,47.20879980350275,-0.5395122052437967,17.981390702542456,0.0
1788490800.79791,47.22001378167944,-0.5965741253148846,17.959587603407783,0.0
1788490801.049521,47.267798112275806,-0.6012710096948928,17.959587603407783,0.0
1788490801.2334878,47.19060956180667,-0.5639495745273515,17.58864253607115,0.0
1788490801.8262029,47.210120367498575,-0.5655761235503067,18.511779377130352,0.0
1788490802.088923,47.22723449676747,-0.6125039130754171,17.959587603407783,0.0
1788490802.334867,47.232845326385565,-0.6033568301443575,17.959587603407783,0.0
1788490802.5081012,47.28235161215265,-0.6014487629617764,18.789793849880198,0.0
1788490802.776428,47.23160718153612,-0.5206540766015726,20.048207415940112,0.0
1788490802.986241,47.23094283909484,-0.5327907786211014,20.276103236142575,0.0
1788490803.170337,47.229830739341395,-0.4782003130680934,20.849748741719196,0.0
1788490803.362796,47.21056771580833,-0.5974769482835283,17.959587603407783,0.0
1788490803.600651,47.20539870594939,-0.6197854243355855,17.959587603407783,0.0
1788490803.8910332,46.90969810969071,-0.7707413973505213,33.98723730346697,0.0
1788490804.167794,46.7590461991344,-0.9095863828747686,51.82623286056696,0.0
1788490804.3658261,46.71615963539224,-1.126691741211208,72.10649933312169,0.0
1788490804.6489758,46.752319261282906,-1.1453689995800755,84.52620050448627,0.0
1788490804.828119,46.68348095493385,-1.1489606889619197,101.32763155777855,0.0
1788490805.032365,46.65853075140438,-0.9440077257779396,96.91603181793442,0.0
1788490805.293547,46.65743246013085,-0.9983140498909133,104.02960756574788,0.0
1788490805.55292,46.626531965131065,-0.9437221122687808,103.8685558218375,0.0
1788490805.6420999,46.70305259516744,-0.8846007324806907,105.97331488892013,0.0
1788490805.85962,46.638520320173285,-0.9957532197680982,104.05060508429915,0.0
1788490805.9934459,46.66989476028444,-0.94251671117075,104.5448953045601,0.0
1788490806.162715,46.68413613131246,-0.9425499290848134,103.97480949628812,0.0
1788490806.820432,46.680607004524454,-0.9543288129280172,103.76001509883616,0.0
1788490807.012332,46.73596012659174,-0.9663870251763155,105.36309938863576,0.0
1788490807.310451,46.67993878301403,-0.9625727479898549,103.9519648229695,0.0
1788490807.384914,46.627599852905874,-0.9783592681343127,104.11309861595043,0.0
1788490807.5237591,46.67820590049844,-0.9258964930431717,103.1012877875346,0.0
1788490807.7482932,46.65079689958528,-0.9578801618144982,105.11360822529684,0.0
1788490807.9268281,46.68563203642804,-0.9414667012565667,103.94040594308302,0.0
1788490808.1241002,46.67425742307137,-0.9258499340784686,106.89521349485801,0.0
1788490808.341408,46.685106556837404,-0.9902014838691405,104.38805097851389,0.0
1788490808.520027,46.6719240286611,-0.9558536217918558,104.74387702223373,0.0
1788490808.724658,46.70009725516576,-0.9328280305011457,104.27118669614765,0.0
1788490808.952368,46.67528130271514,-1.0170186156467032,104.54686064966444,0.0
1788490809.2266681,46.62164403486857,-0.9427282453294321,106.96813392324219,0.0
1788490809.577604,46.65680998868387,-0.9566435164444598,104.43434409578123,0.0
1788490809.956835,46.67195202033995,-0.9320295883322031,105.0183293179415,0.0
1788490810.2607481,46.6618725489613,-0.9822103600684484,105.18587440653181,0.0
1788490810.617048,46.61924712793803,-0.9274496571705746,105.22678752292325,0.0
1788490810.864752,46.63878750011668,-0.9781819826224333,103.63531544131979,0.0
1788490811.618887,46.72566909110827,-0.9825209173486452,104.05532697847735,0.0
1788490811.915919,46.630920101153265,-0.9525274725855577,105.44755438042193,0.0
1788490812.164119,46.64306575892099,-0.9601089486925114,104.84890440433162,0.0
1788490812.4931571,46.679649279636294,-0.9300786557105065,104.09982039298734,0.0
1788490812.677228,46.635367658793385,-0.9688800671259976,105.54996728965614,0.0
1788490813.079934,46.68339849694741,-0.9575683360274564,103.29949526385144,0.0
1788490813.355523,46.68934524541644,-0.9610600083905879,104.46526328679624,0.0
1788490814.043488,46.681723733309795,-0.9609202842966403,104.83514629746509,0.0
1788490814.3377879,46.69633568368155,-0.9432258707983077,105.42163064148599,0.0
1788490814.6820428,46.70511894512955,-0.9364459308914433,104.02643108570231,0.0
1788490815.423886,46.70656093949814,-0.956635501336574,105.82039403307249,0.0
1788490816.619887,46.647580507560725,-0.9744559398984441,103.85998832779649,0.0
1788490816.871358,46.6478716101369,-1.0024193903468535,104.09778907809232,0.0
1788490817.131626,46.68849836034787,-0.9820728936750592,104.69185592566794,0.0
1788490817.37055,46.68136176748417,-0.918830113806653,106.51042991234857,0.0
1788490817.614707,46.69083098843774,-0.9814277549960722,104.24991703115319,0.0
1788490817.9082398,46.689457247596586,-0.9574869654779385,103.91086733578715,0.0
1788490818.12746,46.67853692265796,-0.8509185676325176,98.20479205324949,0.0
1788490818.3512151,46.66624865748411,-0.7829229657978894,81.2176098550297,0.0
1788490819.234734,46.66986072311778,-0.8167413970814946,65.19696439701437,0.0
1788490819.453877,46.66681299689188,-0.6497871733017244,9.003210801772326,0.0
1788490819.57135,46.498541952180105,-0.6778060752192199,11.022116068203474,0.0
1788490819.778631,46.57424435554551,-0.712212127395052,9.913361631257146,0.0
1788490819.946226,46.522906039513025,-0.6360744223507091,2.354606864952757,0.0
1788490820.1310642,46.42724722393721,-0.6634841248438085,6.836499159983305,0.0
1788490820.363741,46.57781112657958,-0.6421432610251823,0.9857763437648543,0.0
1788490820.4721978,46.494014754750054,-0.6537575353064555,-3.7508128113833266,0.0
1788490821.6737761,46.49668144970142,-0.6321269353978197,-3.4507636090656035,0.0
1788490823.2566311,46.50557407059082,-0.6692131446860649,-3.191095725256332,0.0
1788490823.3219972,46.473963140465685,-0.6135378472564628,-1.6373753427859015,0.0
1788490824.70528,46.49331809936953,-0.6888085524225408,-3.7508128113833266,0.0
1788490825.018816,46.52962574712874,-0.629148422434311,-0.4705887673518987,0.0
1788490825.4668689,46.487416183864504,-0.5993172481527055,-1.4050877381208693,0.0
1788490825.556355,46.514887239196106,-0.6688090305298989,-2.870016775353889,0.0
1788490825.623167,46.505092972713506,-0.6286238851140794,-3.0971142922245747,0.0
1788490825.83455,46.518876659031726,-0.6522780272042631,-3.485685596792223,0.0
1788490825.90391,46.52424500007006,-0.6465485680575285,-2.3404037919464713,0.0
1788490826.158071,46.51703137893741,-0.634468599964332,-3.2782478588794106,0.0
1788490826.4072561,46.50879138484653,-0.6859614725541376,-2.6935695372804105,0.0
1788490826.650047,46.490830572594675,-0.6532825293586322,-3.7508128113833266,0.0
1788490827.201797,46.505042112968006,-0.6692356556355162,-3.1322217087176796,0.0
1788490827.665866,46.53151362912313,-0.6433310366018603,-2.0195903830813506,0.0
1788490827.921561,46.49843694840055,-0.575818037361348,1.3639525039357636,0.0
1788490828.240423,46.4952615780487,-0.6514866122532198,-3.7508128113833266,0.0
1788490828.6340191,46.49843694840055,-0.575818037361348,1.3639525039357636,0.0
1788490828.967893,46.47981609245551,-0.6260775412534085,-1.163658738561054,0.0
1788490829.230241,46.55912980347763,-0.6383261641245287,1.4718257311173488,0.0
1788490830.0039082,46.496729069518125,-0.6201429944829934,-3.7047549561694098,0.0
1788490830.2350888,46.52275050881105,-0.6445853112050365,-3.042062999921143,0.0
1788490832.041634,46.49429523622032,-0.6535911737624274,-3.7508128113833266,0.0
1788490832.373526,46.52841412670526,-0.649792281608912,-2.029930877412255,0.0
1788490832.573979,46.51369237690649,-0.5304747380876557,3.6281901268315266,0.0
1788490832.797695,46.50546775882264,-0.6682870980971424,-3.1189860280442474,0.0
1788490833.084906,46.516978709292175,-0.6600798271486811,-2.5562386625867077,0.0
1788490833.38259,46.485222347131995,-0.5917405226917499,-1.3588905674932334,0.0
1788490833.701866,46.512087897110256,-0.6229786648204384,-2.992331479667172,0.0
1788490833.853638,46.466966397244406,-0.6273609160527949,-0.4229318024796953,0.0
1788490834.058443,46.4650583192936,-0.5896862626768987,2.801975940430026,0.0
1788490834.32616,46.52867077124169,-0.659859806323892,-0.4229318024796953,0.0
1788490834.519242,46.49468589795198,-0.6512919819857659,-3.7508128113833266,0.0
1788490834.780596,46.51239277591839,-0.6682387950491515,-2.50722875958067,0.0
1788490836.1783118,46.495560518948295,-0.6509615976089407,-3.7508128113833266,0.0
1788490836.5961359,46.49470210145919,-0.6532936179949107,-3.7508128113833266,0.0
1788490836.763886,46.50844855911025,-0.6631805046144782,-2.9696937345750882,0.0
1788490836.954637,46.534968885685416,-0.6334497475821399,-2.5637471175889743,0.0
1788490837.1539252,46.51677051205154,-0.6536707959902501,-2.57973802769601,0.0
1788490837.345976,46.43911470250095,-0.575185246085445,-0.8927199703435065,0.0
1788490837.552522,46.18417944768491,-0.5578190072130145,13.644080609714848,0.0
1788490837.7541618,46.06442187811707,-0.7890700973478283,29.872520024961773,0.0
1788490837.95786,45.97928415674887,-0.8650945286579133,44.28195772078044,0.0
1788490838.1733918,45.91222443827926,-0.9302157244578894,57.431759984365954,0.0
1788490838.341242,45.96463801836162,-1.0031948664572607,67.87210235249225,0.0
1788490838.589138,45.99608120796963,-0.9726309863793443,80.25228001728863,0.0
1788490838.8294568,45.952296117071775,-0.9802568526635831,97.51189044428168,0.0
1788490838.998865,45.94468373545148,-0.7989148004070099,92.61164243454533,0.0
1788490839.192967,45.92490984590007,-0.8356151281964567,99.6859473847062,0.0
1788490839.407393,45.92760576447611,-0.8600912045169814,104.9060870144159,0.0
1788490839.528472,45.94285082794148,-0.8559923327832728,104.25065042972352,0.0
1788490839.65208,45.97565369679806,-0.8767292203075631,102.59614246197475,0.0
1788490839.8820748,45.935541635731724,-0.8373599578740334,104.27494113561045,0.0
1788490839.92833,45.95823306417371,-0.8882898768485359,104.72742318167275,0.0
1788490840.135083,45.93505568028178,-0.8628681047921187,104.35064078969265,0.0
1788490840.2609951,45.99869149072608,-0.8365438590785339,104.14890892742318,0.0
1788490840.381562,45.9580372123151,-0.863557820640326,104.34314882245752,0.0
1788490840.626851,45.94631279229704,-0.830827804356775,104.3991208857584,0.0
1788490840.6715178,45.96429099127786,-0.8405578369476414,104.34300821419549,0.0
1788490840.924884,45.92710813879322,-0.8786521349052856,103.72655176255478,0.0
1788490841.814846,45.949658481128665,-0.8652125250415532,104.48028846760695,0.0
1788490844.517023,45.932909243244225,-0.839928333053393,104.36822630555702,0.0
1788490845.6604211,45.94543270267764,-0.8866776423324082,104.42066922803917,0.0
1788490846.665637,45.94174307383049,-0.8630398933752066,104.25602699623437,0.0
1788490846.967247,45.95572737061573,-0.8153625038818952,103.12142464452381,0.0
1788490847.350969,45.94903348081758,-0.8668247282174331,104.60212847112933,0.0
1788490847.6715698,45.96776971906033,-0.8745960299874751,101.72348527664957,0.0
1788490848.340784,45.980597508992766,-0.813555571078941,104.21303706660802,0.0
1788490848.774951,45.97180996894607,-0.8858949000302723,101.72348527664957,0.0
1788490849.016377,45.933921835195264,-0.8575948676635937,104.49632787186579,0.0
1788490852.79388,45.90258061008952,-0.8821217682839915,105.04793398662235,0.0
1788490853.4753752,45.89384165742575,-0.8179359372919992,104.89155434232521,0.0
1788490853.6906629,45.952358259384475,-0.8452854192120265,104.13177527594655,0.0
1788490854.000139,45.93309131661181,-0.8411448665752375,104.34033640311446,0.0
1788490854.2262669,45.90971101600203,-0.8790700356952443,104.36148551615139,0.0
1788490854.471116,45.974166096350665,-0.884131817736473,101.72348527664957,0.0
1788490854.8803551,45.96610844348708,-0.8308348303938669,104.19069529269223,0.0
1788490855.070258,45.942865761488854,-0.8818184307712349,101.36002924346377,0.0
1788490855.3286028,45.898578734185854,-0.8417673968246773,104.54021385829776,0.0
1788490855.565065,45.91483242552982,-0.8466198469993652,104.08248955508668,0.0
1788490855.885528,45.955979065371274,-0.8610711667132055,104.41723935628528,0.0
1788490856.1300921,46.00368295005153,-0.8384695990910224,104.27434205561843,0.0
1788490856.364573,45.93215799432551,-0.8532934666772501,104.46928947521792,0.0
1788490856.628489,45.91637491729525,-0.9045216205071969,104.76826884550667,0.0
1788490856.837152,45.958530528535874,-0.8308508135277918,104.28984342094236,0.0
1788490857.0246432,45.94425409472751,-0.8523656198991032,104.34669664481709,0.0
1788490857.231252,45.94447044946111,-0.793483147886486,104.80540601327021,0.0
1788490857.46051,46.00828832331944,-0.7998366487867018,102.16827944182342,0.0
1788490857.6336691,45.93719303047485,-0.7259375267752367,85.06283296128117,0.0
1788490857.9044921,45.89229051810163,-0.7467973819835085,68.43805082085049,0.0
1788490858.351733,45.94685014888615,-0.7283865614969598,56.03505937864418,0.0
1788490858.79836,45.90388125602795,-0.6386894606255654,29.329343524340118,0.0
1788490859.052415,45.826707892600744,-0.6318436205083771,1.4953673286468927,0.0
1788490859.1978261,45.84715815807284,-0.5946440584318036,-25.796362322141476,0.0
1788490859.397703,45.81459452853098,-0.604033318817416,-40.28784681008594,0.0
1788490859.5973141,45.81816451578768,-0.5161238130038435,-48.12334366098247,0.0
1788490859.7984781,45.89626512447989,-0.5448488514629646,-58.466774857594004,0.0
1788490859.993925,45.88450202956265,-0.5255732745193996,-67.84193112069423,0.0
1788490860.208983,45.864887612001354,-0.47717536344987543,-63.91014887012676,0.0
1788490860.523586,45.91252632657923,-0.4374545350465825,-74.03651441545865,0.0
1788490860.789731,45.84382175987819,-0.4586106366946541,-65.89811728713109,0.0
1788490860.920395,45.88410474123915,-0.5519011650753753,-79.49727236172915,0.0
1788490861.150978,45.89110478984677,-0.5466648951337854,-80.02078457774671,0.0
1788490861.2209349,45.89952722700255,-0.4750023503046358,-77.58721406342934,0.0
1788490861.478687,45.96435601357821,-0.496227017860219,-78.49438369004677,0.0
1788490861.629455,45.91756924833496,-0.5331307363274074,-78.20614973535788,0.0
1788490861.8373811,45.85240998478252,-0.551992211606569,-79.4540377270138,0.0
1788490861.899441,45.934667437853626,-0.4719342809624763,-77.07385488873254,0.0
1788490862.117949,45.88620048366326,-0.5182200646860462,-77.79981503210817,0.0
1788490862.158373,45.88914785201662,-0.5161410166814095,-78.77198502686446,0.0
1788490862.3660128,46.01485501147068,-0.4521073025381588,-76.71691530980952,0.0
1788490862.4460878,45.84392840115524,-0.5566354340453226,-79.79812361211627,0.0
1788490862.6267478,45.94384488857192,-0.4845034200824538,-77.00955063094254,0.0
1788490862.833174,45.90422889212623,-0.520805735060598,-77.51940487816938,0.0
1788490863.037469,45.93918324949088,-0.4812500754798514,-77.32821597930533,0.0
1788490863.2297049,45.920187370911975,-0.5171747907633543,-78.82227029948581,0.0
1788490863.438051,45.83781178328412,-0.45865137943161494,-77.90880575013419,0.0
1788490863.617516,45.919407037516024,-0.5219607073302654,-78.13542325161153,0.0
1788490863.8393412,45.91066437873684,-0.4928431976827938,-77.91863618839436,0.0
1788490864.0849228,45.88276330479913,-0.5358431191880128,-78.29358792266115,0.0
1788490864.347618,45.880355950742654,-0.5235778139725508,-78.6560973802347,0.0
1788490864.544502,45.88120554746151,-0.5412032114204459,-79.89088813768741,0.0
1788490864.7556381,45.927447920485825,-0.48623656871642124,-78.29358792266115,0.0
1788490865.007644,45.84397262247219,-0.5444640485632691,-80.22225809587457,0.0
1788490865.2698472,45.87615904359476,-0.5536916115354362,-79.47514460010328,0.0
1788490865.460694,45.845173141976154,-0.5530397425365705,-79.6348642845633,0.0
1788490866.209383,45.87473577549783,-0.5194111630382587,-78.83364150099328,0.0
1788490866.476501,45.881675877456644,-0.5403221630634538,-79.89088813768741,0.0
1788490866.718652,45.93777487301466,-0.4881925696824485,-77.43627487585248,0.0
1788490866.929717,45.88360368931212,-0.5197306055063342,-77.85234626595538,0.0
1788490867.125163,45.853842460517825,-0.5489240565336228,-79.68697701827098,0.0
1788490867.3910668,45.902174985325615,-0.5097369830312082,-78.29358792266115,0.0
1788490867.583714,45.948886262600226,-0.5037190197251138,-76.77899560193464,0.0
1788490867.7798898,45.86290809969602,-0.5115984337286601,-78.57669913791536,0.0
1788490867.971273,45.89320778409085,-0.49630889492242614,-77.70763785807473,0.0
1788490868.1699278,45.92072490050179,-0.5264044370225136,-78.29358792266115,0.0
1788490868.369364,45.93553204911783,-0.5315828080534483,-77.75233370859586,0.0
1788490868.572368,45.895978693956124,-0.5437983117806469,-79.96459118823081,0.0
1788490868.840895,45.85494786817372,-0.5547089419071247,-79.621605743786,0.0
1788490869.217079,45.882496654182155,-0.5374534773849111,-79.89088813768741,0.0
1788490869.5117068,45.90572000182717,-0.519133360900394,-78.29358792266115,0.0
1788490869.797875,45.86497977490695,-0.5521902296405691,-79.09652954372612,0.0
1788490870.0349429,45.805727300427954,-0.4529384564518064,-74.857502842502,0.0
1788490870.227808,45.90791195059255,-0.47479060155635827,-71.69434726385003,0.0
1788490870.418321,45.81768815207347,-0.34821053864729484,-60.7201776473148,0.0
1788490870.616191,45.83049200826573,-0.30577333709680027,-45.8388648586897,0.0
1788490870.824897,45.7752815036766,-0.32527868890769057,-32.11008241123926,0.0
1788490871.256395,45.72418120304713,-0.3102652865969294,-16.903088550054463,0.0
1788490871.57191,45.58555008450136,-0.45809689428481837,14.839564110380906,0.0
1788490871.873421,45.441064231792026,-0.43864848503848686,34.4043368637719,0.0
1788490872.125987,45.46549785907647,-0.4238065878338555,52.00885838301053,0.0
1788490872.35115,45.36695878017633,-0.5490735772804429,75.55189846813249,0.0
1788490872.561774,45.43863782103158,-0.5268190517926815,84.38147056956927,0.0
1788490872.771265,45.484615870827795,-0.5227940492220302,88.24171335580007,0.0
1788490873.137296,45.502797736990075,-0.40835456347385235,93.563004747266,0.0
1788490873.385908,45.42844941866716,-0.40518597806072143,100.53970146375786,0.0
1788490873.756865,45.44460750296017,-0.36742809647176233,95.49090397643522,0.0
1788490874.027327,45.48155344902822,-0.5080869334454873,102.69762209555563,0.0
1788490874.113525,45.50468103743749,-0.5375704271041412,101.72606462032826,0.0
1788490874.250839,45.49044934770703,-0.5116591545106021,103.23537802046206,0.0
1788490874.8557482,45.447660152215825,-0.46219593475947784,103.72851311328276,0.0
1788490875.08192,45.51941337068037,-0.5273908491359852,101.4509658328908,0.0
1788490875.113853,45.47660437154511,-0.49414884629295364,101.72606462032826,0.0
1788490875.18727,45.513118907392105,-0.4786206675212361,102.9491790137161,0.0
1788490875.444567,45.499976686515055,-0.511230376015797,103.12378578465922,0.0
1788490875.5716429,45.50835342422644,-0.5289488900844853,101.72606462032826,0.0
1788490875.7954628,45.51215017396271,-0.48028943576188976,102.88312320177806,0.0
1788490875.869311,45.485697937766965,-0.5234560454957887,101.14770707700359,0.0
1788490876.027275,45.46806979223269,-0.47888174715554366,102.99625468681279,0.0
1788490876.139461,45.43023536569881,-0.49372548060761257,104.55700897385219,0.0
1788490876.415027,45.51315689141389,-0.5271966789482261,101.77962039117477,0.0
1788490876.66434,45.46500271470704,-0.4925992951472504,102.34634120664293,0.0
1788490876.868938,45.52436516255749,-0.4796661039071346,103.06500504889613,0.0
1788490877.1977239,45.47035289216468,-0.48951297195418475,103.56937076753957,0.0
1788490877.538102,45.486276514255124,-0.5255482252698574,101.72606462032826,0.0
1788490878.8253849,45.45124902650625,-0.49233273676279454,104.196481375416,0.0
1788490879.208569,45.48114307029061,-0.5001205159220039,103.03478473132458,0.0
1788490879.628368,45.47997938631079,-0.5064404303395301,103.19652769523157,0.0
1788490880.372014,45.49839425533099,-0.5129101524989381,102.89083403867602,0.0
1788490880.751114,45.48906251389627,-0.5328649660161834,101.72606462032826,0.0
1788490881.036375,45.52034036728667,-0.5046685016282851,101.72606462032826,0.0
1788490881.2902038,45.48138969879213,-0.5292854991730366,101.72606462032826,0.0
