t,x,y,heading,speed
1788590575.3663108,-13.816896795452168,-4.292565636908415,91.10774020764973,0.0
1788590575.624678,-13.816896795452168,-4.292565636908415,91.10774020764973,0.0
1788590576.4209569,-13.785699423518137,-4.275509660254515,88.40360340210776,0.0
1788590576.785471,-13.785699423518137,-4.275509660254515,88.40360340210776,0.0
1788590577.009886,-13.833450157921641,-4.292711557282917,91.10774020764973,0.0
1788590577.221893,-13.823452766042143,-4.27603304264297,90.21610159645769,0.0
1788590577.430496,-13.78612442773383,-4.259262792235081,88.40360340210776,0.0
1788590577.690511,-13.78612442773383,-4.259262792235081,88.40360340210776,0.0
1788590577.859755,-13.806899443633307,-4.27588698706383,90.21610159645769,0.0
1788590578.0826519,-13.833450157921641,-4.292711557282917,91.10774020764973,0.0
1788590578.277007,-13.78612442773383,-4.259262792235081,88.40360340210776,0.0
1788590578.5100029,-13.78612442773383,-4.259262792235081,88.40360340210776,0.0
1788590578.701206,-13.816896795452168,-4.292565636908415,91.10774020764973,0.0
1788590578.9041631,-13.829558120782357,-4.275909347693649,89.32272953868517,0.0
1788590579.184433,-13.833450157921641,-4.292711557282917,91.10774020764973,0.0
1788590579.3890822,-13.833450157921641,-4.292711557282917,91.10774020764973,0.0
1788590579.573903,-13.833450157921641,-4.292711557282917,91.10774020764973,0.0
1788590579.787866,-13.833450157921641,-4.292711557282917,91.10774020764973,0.0
1788590579.987895,-13.813004871291325,-4.275763244935433,89.32272953868517,0.0
1788590580.1990058,-13.785699423518137,-4.275509660254515,88.40360340210776,0.0
1788590580.391528,-13.833874929270817,-4.2764647103361035,91.10774020764973,0.0
1788590580.5960908,-13.816896795452168,-4.292565636908415,91.10774020764973,0.0
1788590580.791539,-13.819569093722766,-4.259555975530474,88.43250990191217,0.0
1788590580.982625,-13.769146027587514,-4.275363651843419,88.40360340210776,0.0
1788590581.1867762,-13.802252745926973,-4.275655715833655,88.40360340210776,0.0
1788590581.299833,-13.819569093722766,-4.259555975530474,88.43250990191217,0.0
1788590581.413235,-13.813004871291325,-4.275763244935433,89.32272953868517,0.0
1788590581.534857,-13.833450157921641,-4.292711557282917,91.10774020764973,0.0
1788590581.6510878,-13.78612442773383,-4.259262792235081,88.40360340210776,0.0
1788590581.858834,-13.78612442773383,-4.259262792235081,88.40360340210776,0.0
1788590582.053712,-13.78612442773383,-4.259262792235081,88.40360340210776,0.0
1788590582.207981,-13.81258009994215,-4.292010091882247,89.32272953868517,0.0
1788590582.356045,-13.769146027587514,-4.275363651843419,88.40360340210776,0.0
1788590582.515702,-13.816896795452168,-4.292565636908415,91.10774020764973,0.0
1788590582.842604,-13.823452766042143,-4.27603304264297,90.21610159645769,0.0
1788590583.035222,-13.802677710271997,-4.259408983025606,88.40360340210776,0.0
1788590583.179471,-13.833450157921641,-4.292711557282917,91.10774020764973,0.0
1788590583.3038132,-13.802677710271997,-4.259408983025606,88.40360340210776,0.0
1788590583.428062,-13.78612442773383,-4.259262792235081,88.40360340210776,0.0
1788590583.59951,-13.785699423518137,-4.275509660254515,88.40360340210776,0.0
1788590583.720039,-13.816896795452168,-4.292565636908415,91.10774020764973,0.0
1788590583.8989708,-13.78612442773383,-4.259262792235081,88.40360340210776,0.0
1788590584.034324,-13.78612442773383,-4.259262792235081,88.40360340210776,0.0
1788590584.225595,-13.82913338949508,-4.292156059626225,89.32272953868517,0.0
1788590584.409376,-13.833450157921641,-4.292711557282917,91.10774020764973,0.0
1788590584.56914,-13.833450157921641,-4.292711557282917,91.10774020764973,0.0
1788590584.7002969,-13.78612442773383,-4.259262792235081,88.40360340210776,0.0
1788590584.808598,-13.78612442773383,-4.259262792235081,88.40360340210776,0.0
1788590584.9212239,-13.769146027587514,-4.275363651843419,88.40360340210776,0.0
1788590585.0597608,-13.816896795452168,-4.292565636908415,91.10774020764973,0.0
1788590585.175477,-13.802677710271997,-4.259408983025606,88.40360340210776,0.0
1788590585.2875829,-13.833450157921641,-4.292711557282917,91.10774020764973,0.0
1788590585.414072,-13.813004871291325,-4.275763244935433,89.32272953868517,0.0
1788590585.53261,-13.785699423518137,-4.275509660254515,88.40360340210776,0.0
1788590585.666513,-13.785699423518137,-4.275509660254515,88.40360340210776,0.0
1788590585.78856,-13.769146027587514,-4.275363651843419,88.40360340210776,0.0
1788590585.9996061,-13.81258009994215,-4.292010091882247,89.32272953868517,0.0
1788590586.16347,-13.802677710271997,-4.259408983025606,88.40360340210776,0.0
1788590586.319583,-13.833450157921641,-4.292711557282917,91.10774020764973,0.0
1788590586.43452,-13.823877730387167,-4.259786309834921,90.21610159645769,0.0
1788590586.605453,-13.813004871291325,-4.275763244935433,89.32272953868517,0.0
1788590586.773437,-13.81732160686198,-4.276318654756963,91.10774020764973,0.0
1788590586.9942222,-13.785699423518137,-4.275509660254515,88.40360340210776,0.0
1788590587.14322,-13.802677710271997,-4.259408983025606,88.40360340210776,0.0
1788590587.293853,-13.816896795452168,-4.292565636908415,91.10774020764973,0.0
1788590587.4372292,-13.78612442773383,-4.259262792235081,88.40360340210776,0.0
1788590587.596877,-13.807324447849,-4.259640119044396,90.21610159645769,0.0
1788590587.7429812,-13.819569093722766,-4.259555975530474,88.43250990191217,0.0
1788590587.863443,-13.802677710271997,-4.259408983025606,88.40360340210776,0.0
1788590588.011822,-13.802677710271997,-4.259408983025606,88.40360340210776,0.0
1788590588.1227899,-13.833450157921641,-4.292711557282917,91.10774020764973,0.0
1788590588.239413,-13.806899443633307,-4.27588698706383,90.21610159645769,0.0
1788590588.3477771,-13.813004871291325,-4.275763244935433,89.32272953868517,0.0
1788590588.454828,-13.833450157921641,-4.292711557282917,91.10774020764973,0.0
1788590588.568227,-13.823452766042143,-4.27603304264297,90.21610159645769,0.0
1788590588.698393,-13.833450157921641,-4.292711557282917,91.10774020764973,0.0
1788590588.8249862,-13.78612442773383,-4.259262792235081,88.40360340210776,0.0
1788590588.957419,-13.833450157921641,-4.292711557282917,91.10774020764973,0.0
1788590589.112322,-13.833450157921641,-4.292711557282917,91.10774020764973,0.0
1788590589.2391849,-13.785699423518137,-4.275509660254515,88.40360340210776,0.0
1788590589.3673768,-13.819144169249638,-4.275802573317532,88.43250990191217,0.0
1788590589.518471,-13.833450157921641,-4.292711557282917,91.10774020764973,0.0
1788590589.6267562,-13.78612442773383,-4.259262792235081,88.40360340210776,0.0
1788590589.781296,-13.833450157921641,-4.292711557282917,91.10774020764973,0.0
1788590589.8993669,-13.802677710271997,-4.259408983025606,88.40360340210776,0.0
1788590590.048649,-13.819569093722766,-4.259555975530474,88.43250990191217,0.0
1788590590.165357,-13.833450157921641,-4.292711557282917,91.10774020764973,0.0
1788590590.31954,-13.819569093722766,-4.259555975530474,88.43250990191217,0.0
1788590590.501854,-13.78612442773383,-4.259262792235081,88.40360340210776,0.0
1788590590.684742,-13.819144169249638,-4.275802573317532,88.43250990191217,0.0
1788590590.859721,-13.785699423518137,-4.275509660254515,88.40360340210776,0.0
1788590591.061045,-13.78612442773383,-4.259262792235081,88.40360340210776,0.0
1788590591.251015,-13.785699423518137,-4.275509660254515,88.40360340210776,0.0
1788590591.456324,-13.819569093722766,-4.259555975530474,88.43250990191217,0.0
1788590591.6963022,-13.802677710271997,-4.259408983025606,88.40360340210776,0.0
1788590591.9004512,-13.785699423518137,-4.275509660254515,88.40360340210776,0.0
1788590592.131934,-13.829558120782357,-4.275909347693649,89.32272953868517,0.0
1788590592.32805,-13.802252745926973,-4.275655715833655,88.40360340210776,0.0
1788590592.524103,-13.802677710271997,-4.259408983025606,88.40360340210776,0.0
1788590592.7206101,-13.802677710271997,-4.259408983025606,88.40360340210776,0.0
1788590592.924211,-13.816896795452168,-4.292565636908415,91.10774020764973,0.0
1788590593.123571,-13.802677710271997,-4.259408983025606,88.40360340210776,0.0
1788590593.351437,-13.785699423518137,-4.275509660254515,88.40360340210776,0.0
1788590593.5575528,-13.823877730387167,-4.259786309834921,90.21610159645769,0.0
1788590593.744232,-13.78612442773383,-4.259262792235081,88.40360340210776,0.0
1788590593.88385,-13.806899443633307,-4.27588698706383,90.21610159645769,0.0
1788590594.081558,-13.802677710271997,-4.259408983025606,88.40360340210776,0.0
1788590594.3545878,-13.78612442773383,-4.259262792235081,88.40360340210776,0.0
1788590594.495599,-13.850003447474572,-4.292857525026895,91.10774020764973,0.0
1788590594.635499,-13.78612442773383,-4.259262792235081,88.40360340210776,0.0
1788590594.767405,-13.816896795452168,-4.292565636908415,91.10774020764973,0.0
1788590594.896377,-13.785699423518137,-4.275509660254515,88.40360340210776,0.0
1788590595.035479,-13.829558120782357,-4.275909347693649,89.32272953868517,0.0
1788590595.173217,-13.823452766042143,-4.27603304264297,90.21610159645769,0.0
1788590595.2966669,-13.81732160686198,-4.276318654756963,91.10774020764973,0.0
1788590595.4110348,-13.78612442773383,-4.259262792235081,88.40360340210776,0.0
1788590595.53307,-13.823452766042143,-4.27603304264297,90.21610159645769,0.0
1788590595.6669178,-13.806899443633307,-4.27588698706383,90.21610159645769,0.0
1788590595.774744,-13.78612442773383,-4.259262792235081,88.40360340210776,0.0
1788590595.880569,-13.833450157921641,-4.292711557282917,91.10774020764973,0.0
1788590596.024951,-13.802677710271997,-4.259408983025606,88.40360340210776,0.0
1788590596.159028,-13.807324447849,-4.259640119044396,90.21610159645769,0.0
1788590596.315083,-13.78612442773383,-4.259262792235081,88.40360340210776,0.0
1788590596.48718,-13.802677710271997,-4.259408983025606,88.40360340210776,0.0
1788590596.6591349,-13.78612442773383,-4.259262792235081,88.40360340210776,0.0
1788590596.919688,-13.806899443633307,-4.27588698706383,90.21610159645769,0.0
1788590597.063166,-13.802677710271997,-4.259408983025606,88.40360340210776,0.0
1788590597.221181,-13.802252745926973,-4.275655715833655,88.40360340210776,0.0
1788590597.353067,-13.785699423518137,-4.275509660254515,88.40360340210776,0.0
1788590597.503403,-13.823877730387167,-4.259786309834921,90.21610159645769,0.0
1788590597.639138,-13.78612442773383,-4.259262792235081,88.40360340210776,0.0
1788590597.763413,-13.82913338949508,-4.292156059626225,89.32272953868517,0.0
1788590597.891922,-13.850003447474572,-4.292857525026895,91.10774020764973,0.0
1788590598.01721,-13.78612442773383,-4.259262792235081,88.40360340210776,0.0
1788590598.167308,-13.816896795452168,-4.292565636908415,91.10774020764973,0.0
1788590598.3504891,-13.78612442773383,-4.259262792235081,88.40360340210776,0.0
1788590598.484459,-13.81258009994215,-4.292010091882247,89.32272953868517,0.0
1788590598.6302688,-13.819144169249638,-4.275802573317532,88.43250990191217,0.0
1788590598.7570481,-13.785699423518137,-4.275509660254515,88.40360340210776,0.0
1788590598.8879519,-13.802252745926973,-4.275655715833655,88.40360340210776,0.0
1788590599.034708,-13.802252745926973,-4.275655715833655,88.40360340210776,0.0
1788590599.192791,-13.802677710271997,-4.259408983025606,88.40360340210776,0.0
1788590599.372263,-13.78612442773383,-4.259262792235081,88.40360340210776,0.0
1788590599.532041,-13.833450157921641,-4.292711557282917,91.10774020764973,0.0
1788590599.6698902,-13.833450157921641,-4.292711557282917,91.10774020764973,0.0
1788590599.821389,-13.82913338949508,-4.292156059626225,89.32272953868517,0.0
1788590599.969697,-13.82913338949508,-4.292156059626225,89.32272953868517,0.0
1788590600.087693,-13.785699423518137,-4.275509660254515,88.40360340210776,0.0
1788590600.200722,-13.823452766042143,-4.27603304264297,90.21610159645769,0.0
1788590600.320093,-13.823877730387167,-4.259786309834921,90.21610159645769,0.0
1788590600.4537868,-13.78612442773383,-4.259262792235081,88.40360340210776,0.0
1788590600.574864,-13.829558120782357,-4.275909347693649,89.32272953868517,0.0
1788590600.6842759,-13.802677710271997,-4.259408983025606,88.40360340210776,0.0
1788590600.830552,-13.802677710271997,-4.259408983025606,88.40360340210776,0.0
1788590600.9552681,-13.806899443633307,-4.27588698706383,90.21610159645769,0.0
1788590601.175041,-13.816896795452168,-4.292565636908415,91.10774020764973,0.0
1788590601.293066,-13.78612442773383,-4.259262792235081,88.40360340210776,0.0
1788590601.4026072,-13.802677710271997,-4.259408983025606,88.40360340210776,0.0
1788590601.5364969,-13.78612442773383,-4.259262792235081,88.40360340210776,0.0
1788590601.774493,-13.785699423518137,-4.275509660254515,88.40360340210776,0.0
1788590601.9473631,-13.833450157921641,-4.292711557282917,91.10774020764973,0.0
1788590602.089782,-13.802252745926973,-4.275655715833655,88.40360340210776,0.0
1788590602.248893,-13.81258009994215,-4.292010091882247,89.32272953868517,0.0
1788590602.421379,-13.785699423518137,-4.275509660254515,88.40360340210776,0.0
1788590602.53894,-13.816896795452168,-4.292565636908415,91.10774020764973,0.0
1788590605.894161,-13.829558120782357,-4.275909347693649,89.32272953868517,0.0
1788590606.09287,-13.785699423518137,-4.275509660254515,88.40360340210776,0.0
1788590606.271403,-13.823452766042143,-4.27603304264297,90.21610159645769,0.0
1788590606.564298,-13.823452766042143,-4.27603304264297,90.21610159645769,0.0
1788590606.792947,-13.802252745926973,-4.275655715833655,88.40360340210776,0.0
1788590606.98649,-13.816896795452168,-4.292565636908415,91.10774020764973,0.0
1788590607.2018619,-13.802252745926973,-4.275655715833655,88.40360340210776,0.0
1788590607.3861,-13.78612442773383,-4.259262792235081,88.40360340210776,0.0
1788590607.554871,-13.850003447474572,-4.292857525026895,91.10774020764973,0.0
1788590607.7528021,-13.78612442773383,-4.259262792235081,88.40360340210776,0.0
1788590607.9445279,-13.802252745926973,-4.275655715833655,88.40360340210776,0.0
1788590608.126085,-13.816896795452168,-4.292565636908415,91.10774020764973,0.0
1788590608.331734,-13.78612442773383,-4.259262792235081,88.40360340210776,0.0
1788590608.531439,-13.78612442773383,-4.259262792235081,88.40360340210776,0.0
1788590608.772796,-13.802677710271997,-4.259408983025606,88.40360340210776,0.0
1788590609.056548,-13.816896795452168,-4.292565636908415,91.10774020764973,0.0
1788590610.833216,-13.816896795452168,-4.292565636908415,91.10774020764973,0.0
1788590610.9759638,-13.816896795452168,-4.292565636908415,91.10774020764973,0.0
1788590611.14002,-13.802252745926973,-4.275655715833655,88.40360340210776,0.0
1788590611.291925,-13.785699423518137,-4.275509660254515,88.40360340210776,0.0
1788590611.4931588,-13.819569093722766,-4.259555975530474,88.43250990191217,0.0
1788590611.634783,-13.813004871291325,-4.275763244935433,89.32272953868517,0.0
1788590611.7700338,-13.785699423518137,-4.275509660254515,88.40360340210776,0.0
1788590611.908247,-13.78612442773383,-4.259262792235081,88.40360340210776,0.0
1788590612.040763,-13.813004871291325,-4.275763244935433,89.32272953868517,0.0
1788590612.175148,-13.802252745926973,-4.275655715833655,88.40360340210776,0.0
1788590612.33087,-13.78612442773383,-4.259262792235081,88.40360340210776,0.0
1788590612.46257,-13.813004871291325,-4.275763244935433,89.32272953868517,0.0
1788590612.5960808,-13.802252745926973,-4.275655715833655,88.40360340210776,0.0
1788590612.7465851,-13.816896795452168,-4.292565636908415,91.10774020764973,0.0
1788590612.922173,-13.823877730387167,-4.259786309834921,90.21610159645769,0.0
1788590613.040899,-13.78612442773383,-4.259262792235081,88.40360340210776,0.0
1788590613.1577148,-13.819569093722766,-4.259555975530474,88.43250990191217,0.0
1788590613.2811022,-13.785699423518137,-4.275509660254515,88.40360340210776,0.0
1788590613.4383519,-13.81732160686198,-4.276318654756963,91.10774020764973,0.0
1788590613.612752,-13.823452766042143,-4.27603304264297,90.21610159645769,0.0
1788590613.7598379,-13.806899443633307,-4.27588698706383,90.21610159645769,0.0
1788590613.884896,-13.78612442773383,-4.259262792235081,88.40360340210776,0.0
1788590614.0513222,-13.802677710271997,-4.259408983025606,88.40360340210776,0.0
1788590614.2266219,-13.816896795452168,-4.292565636908415,91.10774020764973,0.0
1788590614.359472,-13.78612442773383,-4.259262792235081,88.40360340210776,0.0
1788590614.494231,-13.769146027587514,-4.275363651843419,88.40360340210776,0.0
1788590614.639124,-13.78612442773383,-4.259262792235081,88.40360340210776,0.0
1788590614.760305,-13.816896795452168,-4.292565636908415,91.10774020764973,0.0
1788590614.916078,-13.802677710271997,-4.259408983025606,88.40360340210776,0.0
1788590615.083689,-13.78612442773383,-4.259262792235081,88.40360340210776,0.0
1788590615.23295,-13.833450157921641,-4.292711557282917,91.10774020764973,0.0
1788590615.365071,-13.78612442773383,-4.259262792235081,88.40360340210776,0.0
1788590615.507138,-13.823452766042143,-4.27603304264297,90.21610159645769,0.0
1788590615.644439,-13.823452766042143,-4.27603304264297,90.21610159645769,0.0
1788590615.768886,-13.785699423518137,-4.275509660254515,88.40360340210776,0.0
1788590615.935474,-13.785699423518137,-4.275509660254515,88.40360340210776,0.0
1788590616.0946188,-13.806899443633307,-4.27588698706383,90.21610159645769,0.0
1788590616.23822,-13.78612442773383,-4.259262792235081,88.40360340210776,0.0
1788590616.435658,-13.785699423518137,-4.275509660254515,88.40360340210776,0.0
1788590616.6337202,-13.833450157921641,-4.292711557282917,91.10774020764973,0.0
1788590616.795145,-13.833450157921641,-4.292711557282917,91.10774020764973,0.0
1788590616.941945,-13.78612442773383,-4.259262792235081,88.40360340210776,0.0
1788590617.062666,-13.78612442773383,-4.259262792235081,88.40360340210776,0.0
1788590617.19983,-13.829558120782357,-4.275909347693649,89.32272953868517,0.0
1788590617.326879,-13.78612442773383,-4.259262792235081,88.40360340210776,0.0
1788590617.4700649,-13.785699423518137,-4.275509660254515,88.40360340210776,0.0
1788590617.6354089,-13.833450157921641,-4.292711557282917,91.10774020764973,0.0
1788590617.7575822,-13.78612442773383,-4.259262792235081,88.40360340210776,0.0
1788590617.8802712,-13.802677710271997,-4.259408983025606,88.40360340210776,0.0
1788590617.996394,-13.833450157921641,-4.292711557282917,91.10774020764973,0.0
1788590618.120078,-13.813004871291325,-4.275763244935433,89.32272953868517,0.0
1788590618.252525,-13.78612442773383,-4.259262792235081,88.40360340210776,0.0
1788590618.3927271,-13.78612442773383,-4.259262792235081,88.40360340210776,0.0
1788590618.51971,-13.82913338949508,-4.292156059626225,89.32272953868517,0.0
1788590618.645656,-13.803102867619044,-4.24316236381787,88.40360340210776,0.0
1788590618.77902,-13.833450157921641,-4.292711557282917,91.10774020764973,0.0
1788590619.000382,-13.802677710271997,-4.259408983025606,88.40360340210776,0.0
1788590619.168462,-13.802677710271997,-4.259408983025606,88.40360340210776,0.0
1788590619.297537,-13.78612442773383,-4.259262792235081,88.40360340210776,0.0
1788590619.443276,-13.785699423518137,-4.275509660254515,88.40360340210776,0.0
1788590619.589851,-13.816896795452168,-4.292565636908415,91.10774020764973,0.0
1788590619.714886,-13.78612442773383,-4.259262792235081,88.40360340210776,0.0
1788590619.8672981,-13.806899443633307,-4.27588698706383,90.21610159645769,0.0
1788590620.036461,-13.78612442773383,-4.259262792235081,88.40360340210776,0.0
1788590620.224465,-13.816896795452168,-4.292565636908415,91.10774020764973,0.0
1788590620.4044118,-13.833450157921641,-4.292711557282917,91.10774020764973,0.0
1788590620.6093,-13.833450157921641,-4.292711557282917,91.10774020764973,0.0
1788590620.795341,-13.78612442773383,-4.259262792235081,88.40360340210776,0.0
1788590621.0066612,-13.78612442773383,-4.259262792235081,88.40360340210776,0.0
1788590621.2166882,-13.78612442773383,-4.259262792235081,88.40360340210776,0.0
1788590621.441092,-13.802677710271997,-4.259408983025606,88.40360340210776,0.0
1788590621.6100109,-13.802677710271997,-4.259408983025606,88.40360340210776,0.0
1788590621.81356,-13.850003447474572,-4.292857525026895,91.10774020764973,0.0
1788590622.032777,-13.816896795452168,-4.292565636908415,91.10774020764973,0.0
1788590622.218754,-13.833450157921641,-4.292711557282917,91.10774020764973,0.0
1788590622.3951821,-13.785699423518137,-4.275509660254515,88.40360340210776,0.0
1788590622.602636,-13.78612442773383,-4.259262792235081,88.40360340210776,0.0
1788590622.78773,-13.833450157921641,-4.292711557282917,91.10774020764973,0.0
1788590622.965714,-13.823877730387167,-4.259786309834921,90.21610159645769,0.0
1788590623.1856608,-13.813004871291325,-4.275763244935433,89.32272953868517,0.0
1788590623.304134,-13.823452766042143,-4.27603304264297,90.21610159645769,0.0
1788590623.428087,-13.813004871291325,-4.275763244935433,89.32272953868517,0.0
1788590623.5733309,-13.816896795452168,-4.292565636908415,91.10774020764973,0.0
1788590623.7351449,-13.802677710271997,-4.259408983025606,88.40360340210776,0.0
1788590623.946889,-13.816896795452168,-4.292565636908415,91.10774020764973,0.0
1788590624.2155142,-13.78612442773383,-4.259262792235081,88.40360340210776,0.0
1788590624.3519108,-13.819569093722766,-4.259555975530474,88.43250990191217,0.0
1788590624.821284,-13.819569093722766,-4.259555975530474,88.43250990191217,0.0
1788590625.8469398,-13.78612442773383,-4.259262792235081,88.40360340210776,0.0
1788590626.031147,-13.813004871291325,-4.275763244935433,89.32272953868517,0.0
1788590626.2033868,-13.802677710271997,-4.259408983025606,88.40360340210776,0.0
1788590626.433769,-13.802677710271997,-4.259408983025606,88.40360340210776,0.0
1788590626.6202712,-13.813004871291325,-4.275763244935433,89.32272953868517,0.0
1788590626.732173,-13.81258009994215,-4.292010091882247,89.32272953868517,0.0
1788590626.861825,-13.823877730387167,-4.259786309834921,90.21610159645769,0.0
1788590626.992738,-13.78612442773383,-4.259262792235081,88.40360340210776,0.0
1788590627.139372,-13.78612442773383,-4.259262792235081,88.40360340210776,0.0
1788590627.2715762,-13.81258009994215,-4.292010091882247,89.32272953868517,0.0
1788590627.416852,-13.816896795452168,-4.292565636908415,91.10774020764973,0.0
1788590627.536682,-13.78612442773383,-4.259262792235081,88.40360340210776,0.0
1788590627.657922,-13.819569093722766,-4.259555975530474,88.43250990191217,0.0
1788590627.816232,-13.833874929270817,-4.2764647103361035,91.10774020764973,0.0
1788590627.946555,-13.81258009994215,-4.292010091882247,89.32272953868517,0.0
1788590628.130859,-13.802677710271997,-4.259408983025606,88.40360340210776,0.0
1788590628.278669,-13.833450157921641,-4.292711557282917,91.10774020764973,0.0
1788590628.4182951,-13.816896795452168,-4.292565636908415,91.10774020764973,0.0
1788590628.584917,-13.78612442773383,-4.259262792235081,88.40360340210776,0.0
1788590628.763953,-13.802252745926973,-4.275655715833655,88.40360340210776,0.0
1788590628.90876,-13.833450157921641,-4.292711557282917,91.10774020764973,0.0
1788590629.044783,-13.816896795452168,-4.292565636908415,91.10774020764973,0.0
1788590629.199767,-13.78612442773383,-4.259262792235081,88.40360340210776,0.0
1788590629.316536,-13.819569093722766,-4.259555975530474,88.43250990191217,0.0
1788590629.428735,-13.816896795452168,-4.292565636908415,91.10774020764973,0.0
1788590629.548617,-13.802677710271997,-4.259408983025606,88.40360340210776,0.0
1788590629.66362,-13.785699423518137,-4.275509660254515,88.40360340210776,0.0
1788590629.816442,-13.802677710271997,-4.259408983025606,88.40360340210776,0.0
1788590629.9537401,-13.802677710271997,-4.259408983025606,88.40360340210776,0.0
1788590630.0668328,-13.813004871291325,-4.275763244935433,89.32272953868517,0.0
1788590630.178218,-13.833450157921641,-4.292711557282917,91.10774020764973,0.0
1788590630.2906659,-13.806899443633307,-4.27588698706383,90.21610159645769,0.0
1788590630.412127,-13.819569093722766,-4.259555975530474,88.43250990191217,0.0
1788590630.5397272,-13.78612442773383,-4.259262792235081,88.40360340210776,0.0
1788590630.654633,-13.785699423518137,-4.275509660254515,88.40360340210776,0.0
1788590630.768317,-13.785699423518137,-4.275509660254515,88.40360340210776,0.0
1788590630.919679,-13.819569093722766,-4.259555975530474,88.43250990191217,0.0
1788590631.092334,-13.802677710271997,-4.259408983025606,88.40360340210776,0.0
1788590631.2555242,-13.802677710271997,-4.259408983025606,88.40360340210776,0.0
1788590631.453589,-13.806899443633307,-4.27588698706383,90.21610159645769,0.0
1788590631.67873,-13.816896795452168,-4.292565636908415,91.10774020764973,0.0
1788590631.811758,-13.816896795452168,-4.292565636908415,91.10774020764973,0.0
1788590632.024833,-13.813004871291325,-4.275763244935433,89.32272953868517,0.0
1788590632.1783721,-13.78612442773383,-4.259262792235081,88.40360340210776,0.0
1788590635.538466,-13.785699423518137,-4.275509660254515,88.40360340210776,0.0
1788590635.725601,-13.802677710271997,-4.259408983025606,88.40360340210776,0.0
1788590635.906677,-13.78612442773383,-4.259262792235081,88.40360340210776,0.0
1788590636.225804,-13.819569093722766,-4.259555975530474,88.43250990191217,0.0
1788590636.426663,-13.807324447849,-4.259640119044396,90.21610159645769,0.0
1788590636.646848,-13.816896795452168,-4.292565636908415,91.10774020764973,0.0
1788590636.837898,-13.833450157921641,-4.292711557282917,91.10774020764973,0.0
1788590637.029235,-13.78612442773383,-4.259262792235081,88.40360340210776,0.0
1788590637.152249,-13.802252745926973,-4.275655715833655,88.40360340210776,0.0
1788590637.343328,-13.819144169249638,-4.275802573317532,88.43250990191217,0.0
1788590637.536198,-13.785699423518137,-4.275509660254515,88.40360340210776,0.0
1788590637.722888,-13.802252745926973,-4.275655715833655,88.40360340210776,0.0
1788590637.902754,-13.823452766042143,-4.27603304264297,90.21610159645769,0.0
1788590638.103032,-13.823452766042143,-4.27603304264297,90.21610159645769,0.0
1788590638.285366,-13.802677710271997,-4.259408983025606,88.40360340210776,0.0
1788590638.53669,-13.785699423518137,-4.275509660254515,88.40360340210776,0.0
1788590638.7956429,-13.78612442773383,-4.259262792235081,88.40360340210776,0.0
1788590638.955252,-13.802677710271997,-4.259408983025606,88.40360340210776,0.0
1788590639.119478,-13.785699423518137,-4.275509660254515,88.40360340210776,0.0
1788590639.2690308,-13.833450157921641,-4.292711557282917,91.10774020764973,0.0
1788590639.4051452,-13.816896795452168,-4.292565636908415,91.10774020764973,0.0
1788590639.543514,-13.806899443633307,-4.27588698706383,90.21610159645769,0.0
1788590639.6786351,-13.802677710271997,-4.259408983025606,88.40360340210776,0.0
1788590639.816444,-13.816896795452168,-4.292565636908415,91.10774020764973,0.0
1788590639.9614851,-13.802252745926973,-4.275655715833655,88.40360340210776,0.0
1788590640.12919,-13.819569093722766,-4.259555975530474,88.43250990191217,0.0
1788590640.2873468,-13.833450157921641,-4.292711557282917,91.10774020764973,0.0
1788590640.43287,-13.802677710271997,-4.259408983025606,88.40360340210776,0.0
1788590640.567132,-13.78612442773383,-4.259262792235081,88.40360340210776,0.0
1788590640.7036228,-13.813004871291325,-4.275763244935433,89.32272953868517,0.0
1788590640.8171039,-13.816896795452168,-4.292565636908415,91.10774020764973,0.0
1788590640.952557,-13.785699423518137,-4.275509660254515,88.40360340210776,0.0
1788590641.111813,-13.823452766042143,-4.27603304264297,90.21610159645769,0.0
1788590641.264817,-13.816896795452168,-4.292565636908415,91.10774020764973,0.0
1788590641.398209,-13.833450157921641,-4.292711557282917,91.10774020764973,0.0
1788590641.5193322,-13.785699423518137,-4.275509660254515,88.40360340210776,0.0
1788590641.681185,-13.802252745926973,-4.275655715833655,88.40360340210776,0.0
1788590641.808903,-13.833450157921641,-4.292711557282917,91.10774020764973,0.0
1788590641.9350662,-13.78612442773383,-4.259262792235081,88.40360340210776,0.0
1788590642.057665,-13.78612442773383,-4.259262792235081,88.40360340210776,0.0
1788590642.2852669,-13.82913338949508,-4.292156059626225,89.32272953868517,0.0
1788590642.435636,-13.816896795452168,-4.292565636908415,91.10774020764973,0.0
1788590642.599221,-13.833450157921641,-4.292711557282917,91.10774020764973,0.0
1788590642.731884,-13.78612442773383,-4.259262792235081,88.40360340210776,0.0
1788590642.870485,-13.823452766042143,-4.27603304264297,90.21610159645769,0.0
1788590642.998816,-13.81258009994215,-4.292010091882247,89.32272953868517,0.0
1788590643.139029,-13.81258009994215,-4.292010091882247,89.32272953868517,0.0
1788590643.27305,-13.785699423518137,-4.275509660254515,88.40360340210776,0.0
1788590643.4774568,-13.819569093722766,-4.259555975530474,88.43250990191217,0.0
1788590643.7015,-13.816896795452168,-4.292565636908415,91.10774020764973,0.0
1788590643.843541,-13.833450157921641,-4.292711557282917,91.10774020764973,0.0
1788590644.023066,-13.833450157921641,-4.292711557282917,91.10774020764973,0.0
1788590644.139958,-13.819569093722766,-4.259555975530474,88.43250990191217,0.0
1788590644.253401,-13.816896795452168,-4.292565636908415,91.10774020764973,0.0
1788590644.427048,-13.850003447474572,-4.292857525026895,91.10774020764973,0.0
1788590644.5416498,-13.813004871291325,-4.275763244935433,89.32272953868517,0.0
1788590644.657019,-13.802677710271997,-4.259408983025606,88.40360340210776,0.0
1788590644.770586,-13.850003447474572,-4.292857525026895,91.10774020764973,0.0
1788590644.8921611,-13.813004871291325,-4.275763244935433,89.32272953868517,0.0
1788590645.001791,-13.816896795452168,-4.292565636908415,91.10774020764973,0.0
1788590645.1160462,-13.806899443633307,-4.27588698706383,90.21610159645769,0.0
1788590645.2528262,-13.802677710271997,-4.259408983025606,88.40360340210776,0.0
1788590645.371437,-13.806899443633307,-4.27588698706383,90.21610159645769,0.0
1788590645.485493,-13.78612442773383,-4.259262792235081,88.40360340210776,0.0
1788590645.61793,-13.807324447849,-4.259640119044396,90.21610159645769,0.0
1788590645.7474718,-13.802252745926973,-4.275655715833655,88.40360340210776,0.0
1788590645.9071429,-13.813004871291325,-4.275763244935433,89.32272953868517,0.0
1788590646.179554,-13.78612442773383,-4.259262792235081,88.40360340210776,0.0
1788590646.3505979,-13.78612442773383,-4.259262792235081,88.40360340210776,0.0
1788590646.506154,-13.802252745926973,-4.275655715833655,88.40360340210776,0.0
1788590646.633319,-13.816896795452168,-4.292565636908415,91.10774020764973,0.0
1788590646.766885,-13.823452766042143,-4.27603304264297,90.21610159645769,0.0
1788590646.895648,-13.802677710271997,-4.259408983025606,88.40360340210776,0.0
1788590647.01612,-13.802677710271997,-4.259408983025606,88.40360340210776,0.0
1788590647.1348329,-13.816896795452168,-4.292565636908415,91.10774020764973,0.0
1788590647.257657,-13.785699423518137,-4.275509660254515,88.40360340210776,0.0
1788590647.3915782,-13.833450157921641,-4.292711557282917,91.10774020764973,0.0
1788590647.518228,-13.785699423518137,-4.275509660254515,88.40360340210776,0.0
1788590647.646692,-13.802677710271997,-4.259408983025606,88.40360340210776,0.0
1788590648.018771,-13.802252745926973,-4.275655715833655,88.40360340210776,0.0
1788590648.1848938,-13.802677710271997,-4.259408983025606,88.40360340210776,0.0
1788590648.391802,-13.816896795452168,-4.292565636908415,91.10774020764973,0.0
1788590648.720929,-13.833450157921641,-4.292711557282917,91.10774020764973,0.0
1788590648.902574,-13.78612442773383,-4.259262792235081,88.40360340210776,0.0
1788590649.115097,-13.78612442773383,-4.259262792235081,88.40360340210776,0.0
1788590649.30417,-13.813004871291325,-4.275763244935433,89.32272953868517,0.0
1788590649.483519,-13.802677710271997,-4.259408983025606,88.40360340210776,0.0
1788590649.657413,-13.813004871291325,-4.275763244935433,89.32272953868517,0.0
1788590649.814535,-13.816896795452168,-4.292565636908415,91.10774020764973,0.0
1788590650.0714822,-13.833450157921641,-4.292711557282917,91.10774020764973,0.0
1788590650.278435,-13.816896795452168,-4.292565636908415,91.10774020764973,0.0
1788590650.493815,-13.769146027587514,-4.275363651843419,88.40360340210776,0.0
1788590650.79729,-13.802252745926973,-4.275655715833655,88.40360340210776,0.0
1788590651.152384,-13.833450157921641,-4.292711557282917,91.10774020764973,0.0
1788590651.341523,-13.785699423518137,-4.275509660254515,88.40360340210776,0.0
1788590651.516483,-13.78612442773383,-4.259262792235081,88.40360340210776,0.0
1788590651.697341,-13.833450157921641,-4.292711557282917,91.10774020764973,0.0
1788590651.826611,-13.802252745926973,-4.275655715833655,88.40360340210776,0.0
1788590651.961043,-13.833874929270817,-4.2764647103361035,91.10774020764973,0.0
1788590652.088696,-13.806899443633307,-4.27588698706383,90.21610159645769,0.0
1788590652.225888,-13.816896795452168,-4.292565636908415,91.10774020764973,0.0
1788590652.340777,-13.78612442773383,-4.259262792235081,88.40360340210776,0.0
1788590652.461088,-13.78612442773383,-4.259262792235081,88.40360340210776,0.0
1788590652.622935,-13.823452766042143,-4.27603304264297,90.21610159645769,0.0
1788590652.777162,-13.833450157921641,-4.292711557282917,91.10774020764973,0.0
1788590652.907625,-13.813004871291325,-4.275763244935433,89.32272953868517,0.0
1788590653.042758,-13.82913338949508,-4.292156059626225,89.32272953868517,0.0
1788590653.1661718,-13.816896795452168,-4.292565636908415,91.10774020764973,0.0
1788590653.314934,-13.813004871291325,-4.275763244935433,89.32272953868517,0.0
1788590653.4658828,-13.802677710271997,-4.259408983025606,88.40360340210776,0.0
1788590653.673043,-13.802677710271997,-4.259408983025606,88.40360340210776,0.0
1788590653.8309572,-13.802252745926973,-4.275655715833655,88.40360340210776,0.0
1788590653.962374,-13.850003447474572,-4.292857525026895,91.10774020764973,0.0
1788590654.101291,-13.816896795452168,-4.292565636908415,91.10774020764973,0.0
1788590654.220206,-13.81258009994215,-4.292010091882247,89.32272953868517,0.0
1788590654.349422,-13.819569093722766,-4.259555975530474,88.43250990191217,0.0
1788590654.5181599,-13.785699423518137,-4.275509660254515,88.40360340210776,0.0
1788590654.648823,-13.802677710271997,-4.259408983025606,88.40360340210776,0.0
1788590654.8261912,-13.785699423518137,-4.275509660254515,88.40360340210776,0.0
1788590654.93677,-13.833450157921641,-4.292711557282917,91.10774020764973,0.0
1788590655.051699,-13.82913338949508,-4.292156059626225,89.32272953868517,0.0
1788590655.1876512,-13.78612442773383,-4.259262792235081,88.40360340210776,0.0
1788590655.320789,-13.78612442773383,-4.259262792235081,88.40360340210776,0.0
1788590655.466914,-13.785699423518137,-4.275509660254515,88.40360340210776,0.0
1788590655.5906181,-13.769146027587514,-4.275363651843419,88.40360340210776,0.0
1788590655.735074,-13.813004871291325,-4.275763244935433,89.32272953868517,0.0
1788590655.933003,-13.819569093722766,-4.259555975530474,88.43250990191217,0.0
1788590656.088265,-13.78612442773383,-4.259262792235081,88.40360340210776,0.0
1788590656.24136,-13.78612442773383,-4.259262792235081,88.40360340210776,0.0
1788590656.38654,-13.833450157921641,-4.292711557282917,91.10774020764973,0.0
1788590656.540388,-13.833450157921641,-4.292711557282917,91.10774020764973,0.0
1788590656.658754,-13.829558120782357,-4.275909347693649,89.32272953868517,0.0
1788590656.799082,-13.833450157921641,-4.292711557282917,91.10774020764973,0.0
1788590656.947238,-13.813004871291325,-4.275763244935433,89.32272953868517,0.0
1788590657.081337,-13.802677710271997,-4.259408983025606,88.40360340210776,0.0
1788590657.228411,-13.802252745926973,-4.275655715833655,88.40360340210776,0.0
1788590657.3724852,-13.81732160686198,-4.276318654756963,91.10774020764973,0.0
1788590657.488292,-13.823452766042143,-4.27603304264297,90.21610159645769,0.0
1788590657.6116,-13.850003447474572,-4.292857525026895,91.10774020764973,0.0
1788590657.74664,-13.816896795452168,-4.292565636908415,91.10774020764973,0.0
1788590657.904122,-13.823877730387167,-4.259786309834921,90.21610159645769,0.0
1788590658.033461,-13.785699423518137,-4.275509660254515,88.40360340210776,0.0
1788590658.163748,-13.785699423518137,-4.275509660254515,88.40360340210776,0.0
1788590658.316258,-13.785699423518137,-4.275509660254515,88.40360340210776,0.0
1788590658.506776,-13.833450157921641,-4.292711557282917,91.10774020764973,0.0
1788590658.630283,-13.802252745926973,-4.275655715833655,88.40360340210776,0.0
1788590658.756592,-13.833450157921641,-4.292711557282917,91.10774020764973,0.0
1788590658.887101,-13.802677710271997,-4.259408983025606,88.40360340210776,0.0
1788590659.0653691,-13.813004871291325,-4.275763244935433,89.32272953868517,0.0
1788590659.252492,-13.806899443633307,-4.27588698706383,90.21610159645769,0.0
1788590659.3919659,-13.816896795452168,-4.292565636908415,91.10774020764973,0.0
1788590659.5365472,-13.813004871291325,-4.275763244935433,89.32272953868517,0.0
1788590659.66808,-13.802252745926973,-4.275655715833655,88.40360340210776,0.0
1788590659.800256,-13.81732160686198,-4.276318654756963,91.10774020764973,0.0
1788590659.9282298,-13.785699423518137,-4.275509660254515,88.40360340210776,0.0
1788590660.0710359,-13.78612442773383,-4.259262792235081,88.40360340210776,0.0
1788590660.2516139,-13.78612442773383,-4.259262792235081,88.40360340210776,0.0
1788590660.374003,-13.816896795452168,-4.292565636908415,91.10774020764973,0.0
1788590660.4903522,-13.78612442773383,-4.259262792235081,88.40360340210776,0.0
1788590660.6350248,-13.81258009994215,-4.292010091882247,89.32272953868517,0.0
1788590660.870052,-13.833450157921641,-4.292711557282917,91.10774020764973,0.0
1788590666.2956202,-13.785699423518137,-4.275509660254515,88.40360340210776,0.0
1788590666.458336,-13.769146027587514,-4.275363651843419,88.40360340210776,0.0
1788590666.642953,-13.78612442773383,-4.259262792235081,88.40360340210776,0.0
1788590666.808055,-13.806899443633307,-4.27588698706383,90.21610159645769,0.0
1788590666.972663,-13.806899443633307,-4.27588698706383,90.21610159645769,0.0
1788590667.143647,-13.816896795452168,-4.292565636908415,91.10774020764973,0.0
1788590667.322093,-13.829558120782357,-4.275909347693649,89.32272953868517,0.0
1788590667.518272,-13.78612442773383,-4.259262792235081,88.40360340210776,0.0
1788590667.665756,-13.802252745926973,-4.275655715833655,88.40360340210776,0.0
1788590667.853308,-13.81258009994215,-4.292010091882247,89.32272953868517,0.0
1788590668.044482,-13.78612442773383,-4.259262792235081,88.40360340210776,0.0
1788590668.2318962,-13.816896795452168,-4.292565636908415,91.10774020764973,0.0
1788590668.442793,-13.785699423518137,-4.275509660254515,88.40360340210776,0.0
1788590668.635363,-13.829558120782357,-4.275909347693649,89.32272953868517,0.0
1788590668.858658,-13.802677710271997,-4.259408983025606,88.40360340210776,0.0
1788590669.033568,-13.78612442773383,-4.259262792235081,88.40360340210776,0.0
1788590669.202964,-13.816896795452168,-4.292565636908415,91.10774020764973,0.0
1788590669.337515,-13.802252745926973,-4.275655715833655,88.40360340210776,0.0
1788590669.4398139,-13.78612442773383,-4.259262792235081,88.40360340210776,0.0
1788590669.556155,-13.802677710271997,-4.259408983025606,88.40360340210776,0.0
1788590669.670013,-13.785699423518137,-4.275509660254515,88.40360340210776,0.0
1788590669.784967,-13.850003447474572,-4.292857525026895,91.10774020764973,0.0
1788590669.8983722,-13.785699423518137,-4.275509660254515,88.40360340210776,0.0
1788590670.004263,-13.802677710271997,-4.259408983025606,88.40360340210776,0.0
1788590670.131736,-13.816896795452168,-4.292565636908415,91.10774020764973,0.0
1788590670.2605891,-13.769146027587514,-4.275363651843419,88.40360340210776,0.0
1788590670.415478,-13.819569093722766,-4.259555975530474,88.43250990191217,0.0
1788590670.522316,-13.833450157921641,-4.292711557282917,91.10774020764973,0.0
1788590670.655927,-13.819144169249638,-4.275802573317532,88.43250990191217,0.0
1788590670.7665658,-13.802677710271997,-4.259408983025606,88.40360340210776,0.0
1788590670.8824818,-13.81258009994215,-4.292010091882247,89.32272953868517,0.0
1788590671.0247629,-13.82913338949508,-4.292156059626225,89.32272953868517,0.0
1788590671.154816,-13.816896795452168,-4.292565636908415,91.10774020764973,0.0
1788590671.372396,-13.833450157921641,-4.292711557282917,91.10774020764973,0.0
1788590671.5235882,-13.81258009994215,-4.292010091882247,89.32272953868517,0.0
1788590671.675223,-13.802677710271997,-4.259408983025606,88.40360340210776,0.0
1788590671.8377862,-13.78612442773383,-4.259262792235081,88.40360340210776,0.0
1788590671.986212,-13.802252745926973,-4.275655715833655,88.40360340210776,0.0
1788590672.16545,-13.816896795452168,-4.292565636908415,91.10774020764973,0.0
1788590672.33065,-13.769146027587514,-4.275363651843419,88.40360340210776,0.0
1788590672.4578078,-13.802677710271997,-4.259408983025606,88.40360340210776,0.0
1788590672.5843468,-13.816896795452168,-4.292565636908415,91.10774020764973,0.0
1788590672.7453618,-13.78612442773383,-4.259262792235081,88.40360340210776,0.0
1788590672.875885,-13.82913338949508,-4.292156059626225,89.32272953868517,0.0
1788590673.03121,-13.813004871291325,-4.275763244935433,89.32272953868517,0.0
1788590673.187971,-13.769146027587514,-4.275363651843419,88.40360340210776,0.0
1788590673.318042,-13.816896795452168,-4.292565636908415,91.10774020764973,0.0
1788590673.499495,-13.823877730387167,-4.259786309834921,90.21610159645769,0.0
1788590673.732938,-13.819569093722766,-4.259555975530474,88.43250990191217,0.0
1788590673.907286,-13.785699423518137,-4.275509660254515,88.40360340210776,0.0
1788590674.074633,-13.82913338949508,-4.292156059626225,89.32272953868517,0.0
1788590674.28162,-13.81258009994215,-4.292010091882247,89.32272953868517,0.0
1788590674.461953,-13.816896795452168,-4.292565636908415,91.10774020764973,0.0
1788590674.586144,-13.816896795452168,-4.292565636908415,91.10774020764973,0.0
1788590674.723119,-13.813004871291325,-4.275763244935433,89.32272953868517,0.0
1788590674.870655,-13.78612442773383,-4.259262792235081,88.40360340210776,0.0
1788590675.041514,-13.78612442773383,-4.259262792235081,88.40360340210776,0.0
1788590675.1876009,-13.816896795452168,-4.292565636908415,91.10774020764973,0.0
1788590675.315635,-13.806899443633307,-4.27588698706383,90.21610159645769,0.0
1788590675.454526,-13.769146027587514,-4.275363651843419,88.40360340210776,0.0
1788590675.6124039,-13.802252745926973,-4.275655715833655,88.40360340210776,0.0
1788590675.757332,-13.78612442773383,-4.259262792235081,88.40360340210776,0.0
1788590675.913959,-13.802677710271997,-4.259408983025606,88.40360340210776,0.0
1788590676.093131,-13.769146027587514,-4.275363651843419,88.40360340210776,0.0
1788590676.2494452,-13.802677710271997,-4.259408983025606,88.40360340210776,0.0
1788590676.420466,-13.78612442773383,-4.259262792235081,88.40360340210776,0.0
1788590676.538582,-13.816896795452168,-4.292565636908415,91.10774020764973,0.0
1788590676.6591308,-13.785699423518137,-4.275509660254515,88.40360340210776,0.0
1788590676.808481,-13.833450157921641,-4.292711557282917,91.10774020764973,0.0
1788590676.920842,-13.802677710271997,-4.259408983025606,88.40360340210776,0.0
1788590677.056355,-13.802677710271997,-4.259408983025606,88.40360340210776,0.0
1788590677.184072,-13.81732160686198,-4.276318654756963,91.10774020764973,0.0
1788590677.320812,-13.807324447849,-4.259640119044396,90.21610159645769,0.0
1788590677.4342122,-13.785699423518137,-4.275509660254515,88.40360340210776,0.0
1788590677.644863,-13.78612442773383,-4.259262792235081,88.40360340210776,0.0
1788590677.76622,-13.833450157921641,-4.292711557282917,91.10774020764973,0.0
1788590677.894429,-13.785699423518137,-4.275509660254515,88.40360340210776,0.0
1788590678.0218701,-13.785699423518137,-4.275509660254515,88.40360340210776,0.0
1788590678.14992,-13.806899443633307,-4.27588698706383,90.21610159645769,0.0
1788590678.317131,-13.823452766042143,-4.27603304264297,90.21610159645769,0.0
1788590678.471679,-13.785699423518137,-4.275509660254515,88.40360340210776,0.0
1788590678.939007,-13.833450157921641,-4.292711557282917,91.10774020764973,0.0
1788590679.245941,-13.819144169249638,-4.275802573317532,88.43250990191217,0.0
1788590679.4359198,-13.816896795452168,-4.292565636908415,91.10774020764973,0.0
1788590679.676492,-13.78612442773383,-4.259262792235081,88.40360340210776,0.0
1788590679.874145,-13.819144169249638,-4.275802573317532,88.43250990191217,0.0
1788590680.0669289,-13.833450157921641,-4.292711557282917,91.10774020764973,0.0
1788590680.285918,-13.833450157921641,-4.292711557282917,91.10774020764973,0.0
1788590680.415276,-13.802252745926973,-4.275655715833655,88.40360340210776,0.0
1788590680.614212,-13.833874929270817,-4.2764647103361035,91.10774020764973,0.0
1788590680.782448,-13.816896795452168,-4.292565636908415,91.10774020764973,0.0
1788590680.9987829,-13.833450157921641,-4.292711557282917,91.10774020764973,0.0
1788590681.185264,-13.833450157921641,-4.292711557282917,91.10774020764973,0.0
1788590681.374369,-13.806899443633307,-4.27588698706383,90.21610159645769,0.0
1788590681.623085,-13.850003447474572,-4.292857525026895,91.10774020764973,0.0
1788590681.836416,-13.802677710271997,-4.259408983025606,88.40360340210776,0.0
1788590682.020697,-13.819569093722766,-4.259555975530474,88.43250990191217,0.0
1788590682.1345458,-13.813004871291325,-4.275763244935433,89.32272953868517,0.0
1788590682.255381,-13.785699423518137,-4.275509660254515,88.40360340210776,0.0
1788590682.377735,-13.816896795452168,-4.292565636908415,91.10774020764973,0.0
1788590682.4859378,-13.823452766042143,-4.27603304264297,90.21610159645769,0.0
1788590682.608644,-13.816896795452168,-4.292565636908415,91.10774020764973,0.0
1788590682.7542121,-13.802677710271997,-4.259408983025606,88.40360340210776,0.0
1788590682.898412,-13.802677710271997,-4.259408983025606,88.40360340210776,0.0
1788590683.002562,-13.82913338949508,-4.292156059626225,89.32272953868517,0.0
1788590683.128955,-13.816896795452168,-4.292565636908415,91.10774020764973,0.0
1788590683.2465112,-13.802252745926973,-4.275655715833655,88.40360340210776,0.0
1788590683.3703449,-13.802252745926973,-4.275655715833655,88.40360340210776,0.0
1788590683.496202,-13.802252745926973,-4.275655715833655,88.40360340210776,0.0
1788590683.610133,-13.81732160686198,-4.276318654756963,91.10774020764973,0.0
1788590683.748254,-13.785699423518137,-4.275509660254515,88.40360340210776,0.0
1788590683.9242492,-13.785699423518137,-4.275509660254515,88.40360340210776,0.0
1788590684.099566,-13.78612442773383,-4.259262792235081,88.40360340210776,0.0
1788590684.3066611,-13.833450157921641,-4.292711557282917,91.10774020764973,0.0
1788590684.4742389,-13.78612442773383,-4.259262792235081,88.40360340210776,0.0
1788590684.6547992,-13.833450157921641,-4.292711557282917,91.10774020764973,0.0
1788590684.807339,-13.833450157921641,-4.292711557282917,91.10774020764973,0.0
1788590684.949549,-13.802252745926973,-4.275655715833655,88.40360340210776,0.0
1788590685.126657,-13.785699423518137,-4.275509660254515,88.40360340210776,0.0
1788590685.2834969,-13.78612442773383,-4.259262792235081,88.40360340210776,0.0
1788590685.560384,-13.833450157921641,-4.292711557282917,91.10774020764973,0.0
1788590685.757094,-13.78612442773383,-4.259262792235081,88.40360340210776,0.0
1788590685.936702,-13.78612442773383,-4.259262792235081,88.40360340210776,0.0
1788590686.0934331,-13.785699423518137,-4.275509660254515,88.40360340210776,0.0
1788590686.226368,-13.785699423518137,-4.275509660254515,88.40360340210776,0.0
1788590686.352278,-13.829558120782357,-4.275909347693649,89.32272953868517,0.0
1788590686.5368261,-13.802677710271997,-4.259408983025606,88.40360340210776,0.0
1788590686.693301,-13.78612442773383,-4.259262792235081,88.40360340210776,0.0
1788590686.887058,-13.806899443633307,-4.27588698706383,90.21610159645769,0.0
1788590687.029151,-13.78612442773383,-4.259262792235081,88.40360340210776,0.0
1788590687.168448,-13.785699423518137,-4.275509660254515,88.40360340210776,0.0
1788590687.311438,-13.802252745926973,-4.275655715833655,88.40360340210776,0.0
1788590687.507394,-13.806899443633307,-4.27588698706383,90.21610159645769,0.0
1788590687.639293,-13.850003447474572,-4.292857525026895,91.10774020764973,0.0
1788590687.780517,-13.833450157921641,-4.292711557282917,91.10774020764973,0.0
1788590687.9182222,-13.802252745926973,-4.275655715833655,88.40360340210776,0.0
1788590688.116748,-13.81258009994215,-4.292010091882247,89.32272953868517,0.0
1788590688.274951,-13.78612442773383,-4.259262792235081,88.40360340210776,0.0
1788590688.445642,-13.833874929270817,-4.2764647103361035,91.10774020764973,0.0
1788590688.580917,-13.78612442773383,-4.259262792235081,88.40360340210776,0.0
1788590688.718105,-13.81258009994215,-4.292010091882247,89.32272953868517,0.0
1788590688.875927,-13.769146027587514,-4.275363651843419,88.40360340210776,0.0
1788590689.0532942,-13.785699423518137,-4.275509660254515,88.40360340210776,0.0
1788590689.306066,-13.823452766042143,-4.27603304264297,90.21610159645769,0.0
1788590689.4991949,-13.833450157921641,-4.292711557282917,91.10774020764973,0.0
1788590689.6627069,-13.816896795452168,-4.292565636908415,91.10774020764973,0.0
1788590689.87702,-13.833450157921641,-4.292711557282917,91.10774020764973,0.0
1788590690.013268,-13.785699423518137,-4.275509660254515,88.40360340210776,0.0
1788590690.190454,-13.785699423518137,-4.275509660254515,88.40360340210776,0.0
1788590690.32762,-13.806899443633307,-4.27588698706383,90.21610159645769,0.0
1788590690.476505,-13.802677710271997,-4.259408983025606,88.40360340210776,0.0
1788590690.5943959,-13.816896795452168,-4.292565636908415,91.10774020764973,0.0
1788590690.762309,-13.785699423518137,-4.275509660254515,88.40360340210776,0.0
1788590690.986697,-13.802252745926973,-4.275655715833655,88.40360340210776,0.0
1788590698.4717178,-13.816896795452168,-4.292565636908415,91.10774020764973,0.0
1788590700.221555,-13.813004871291325,-4.275763244935433,89.32272953868517,0.0
1788590700.6632278,-13.785699423518137,-4.275509660254515,88.40360340210776,0.0
1788590701.0371258,-13.816896795452168,-4.292565636908415,91.10774020764973,0.0
1788590701.31526,-13.833450157921641,-4.292711557282917,91.10774020764973,0.0
1788590701.565623,-13.823452766042143,-4.27603304264297,90.21610159645769,0.0
1788590701.888886,-13.78612442773383,-4.259262792235081,88.40360340210776,0.0
1788590702.095873,-13.802677710271997,-4.259408983025606,88.40360340210776,0.0
1788590702.306947,-13.802252745926973,-4.275655715833655,88.40360340210776,0.0
1788590702.5449028,-13.819569093722766,-4.259555975530474,88.43250990191217,0.0
1788590702.810011,-13.823452766042143,-4.27603304264297,90.21610159645769,0.0
1788590703.049407,-13.802252745926973,-4.275655715833655,88.40360340210776,0.0
1788590703.413805,-13.78612442773383,-4.259262792235081,88.40360340210776,0.0
1788590703.638929,-13.816896795452168,-4.292565636908415,91.10774020764973,0.0
1788590703.863617,-13.78612442773383,-4.259262792235081,88.40360340210776,0.0
1788590704.075841,-13.802252745926973,-4.275655715833655,88.40360340210776,0.0
1788590704.390412,-13.785699423518137,-4.275509660254515,88.40360340210776,0.0
1788590704.5358112,-13.802677710271997,-4.259408983025606,88.40360340210776,0.0
1788590704.8696058,-13.800492549542492,-4.194841202096582,86.65621122958896,0.0
1788590705.07855,-13.822137170576692,-4.06840465801114,21.7361265455653,0.0
1788590705.242513,-13.80288575309599,-4.030182366731309,4.893354321387562,0.0
1788590705.380737,-13.751973089233976,-4.043099680059458,-10.592197503172486,0.0
1788590705.582038,-13.787209408198757,-4.082915122596949,-16.40140097169018,0.0
1788590705.762032,-13.71831745327233,-4.030536229018101,-16.899744473669557,0.0
1788590706.273067,-13.722609072846366,-4.033522078436328,-16.954623913369915,0.0
1788590706.6128309,-13.722380530245589,-4.032396865311081,-17.009482665960235,0.0
1788590706.8431082,-13.724945460596187,-4.039223259291706,-17.11540592667825,0.0
1788590706.986594,-13.725008983693582,-4.036082473403788,-17.090275917359207,0.0
1788590707.1252952,-13.707167430986615,-4.017017867290992,-16.689676366155396,0.0
1788590707.317177,-13.729260627101418,-4.066349086871529,-16.958707816672074,0.0
1788590707.470448,-13.715878909206337,-4.051882971225845,-17.43800589626281,0.0
1788590707.6935968,-13.724766069563199,-4.035162434518599,-17.0781290189164,0.0
1788590707.8924348,-13.726129080725023,-4.041508459693978,-17.266506008655483,0.0
1788590708.110969,-13.721244203391208,-4.045351998012835,-17.32613583428244,0.0
1788590708.368187,-13.723852168445152,-4.0354982688799215,-17.06399138960458,0.0
1788590708.6967459,-13.71900129539433,-4.0410424615727,-17.007577450252967,0.0
1788590708.941207,-13.724787834869044,-4.038488188154017,-16.99665549850306,0.0
1788590709.136724,-13.721467241591796,-4.0454904317377025,-17.10481597101628,0.0
1788590709.872382,-13.722494320499413,-4.035447832891122,-17.033871128683757,0.0
1788590710.102335,-13.722351444258523,-4.040612128927213,-17.18678143030135,0.0
1788590710.323991,-13.725331633479977,-4.039945477844528,-17.038667292952795,0.0
1788590710.580066,-13.764268377733638,-4.073215347437689,-18.339688789830916,0.0
1788590710.793011,-13.718006733807398,-4.025338220628368,-16.708557293457574,0.0
1788590711.0942972,-13.717189666739916,-4.032979706603866,-16.951495415572595,0.0
1788590711.3439171,-13.721762333407654,-4.037832305894349,-17.107216207528438,0.0
1788590711.56966,-13.76775820332738,-4.071380901784692,-18.67589973909145,0.0
1788590711.716419,-13.750224918790359,-4.07413924184273,-19.044224646114657,0.0
1788590711.913216,-13.76953876366491,-4.0725349818260685,-19.025489972147426,0.0
1788590712.1374679,-13.708081581369603,-4.0206465351719425,-16.821974112126554,0.0
1788590712.3698418,-13.719478995167506,-4.036726610685968,-17.054556245994718,0.0
1788590712.5797288,-13.717290206236108,-4.033818050506083,-16.926916163787837,0.0
1788590712.81666,-13.718933888205827,-4.030082185983477,-16.93989116941222,0.0
1788590713.08517,-13.722611580405404,-4.044575761976327,-17.34623633370191,0.0
1788590713.330349,-13.722461097997204,-4.037943803452974,-17.031968281996114,0.0
1788590715.1513479,-13.722760072555058,-4.040038208191055,-17.04378052168005,0.0
1788590715.319296,-13.827029697118126,-4.040142087676468,-15.699710166519537,0.0
1788590715.47235,-13.969443073147016,-3.9607464327304758,4.017153316959451,0.0
1788590715.6335092,-14.080323260175774,-4.018721397614562,34.73138955183657,0.0
1788590715.865667,-13.981549789516022,-3.9222412641617397,62.80703068211571,0.0
1788590716.124522,-13.955687205926278,-3.8780732848849793,79.20007965874345,0.0
1788590716.322986,-13.917995929023125,-3.9031081093164515,87.55350391061125,0.0
1788590716.509186,-13.928940194397967,-3.870567784610772,88.41563486535819,0.0
1788590716.6813672,-13.95581381558286,-3.8870704099723548,89.33467707313866,0.0
1788590716.836434,-13.939261964267075,-3.886920766303279,89.33467707313866,0.0
1788590716.982253,-13.938832807784847,-3.9031640802430725,89.33467707313866,0.0
1788590717.1227431,-13.956243131229213,-3.870827331150553,89.33467707313866,0.0
1788590717.288987,-13.928940194397967,-3.870567784610772,88.41563486535819,0.0
1788590717.41198,-13.91238830969003,-3.870418049591775,88.41563486535819,0.0
1788590717.5392199,-13.95581381558286,-3.8870704099723548,89.33467707313866,0.0
1788590717.670495,-13.91238830969003,-3.870418049591775,88.41563486535819,0.0
1788590717.834253,-13.966689406069415,-3.871099254590442,90.22791541604585,0.0
1788590717.965345,-13.928940194397967,-3.870567784610772,88.41563486535819,0.0
1788590718.112491,-13.929369739854012,-3.8543246726769684,88.41563486535819,0.0
1788590718.2763278,-13.91238830969003,-3.870418049591775,88.41563486535819,0.0
1788590718.492011,-13.92915043794147,-3.886812702822354,88.47030633020364,0.0
1788590718.781184,-13.95581381558286,-3.8870704099723548,89.33467707313866,0.0
1788590719.057224,-13.938832807784847,-3.9031640802430725,89.33467707313866,0.0
1788590719.3160021,-13.95581381558286,-3.8870704099723548,89.33467707313866,0.0
1788590719.5496728,-13.928940194397967,-3.870567784610772,88.41563486535819,0.0
1788590719.640175,-13.928940194397967,-3.870567784610772,88.41563486535819,0.0
1788590719.750117,-13.929369739854012,-3.8543246726769684,88.41563486535819,0.0
1788590719.903478,-13.929369739854012,-3.8543246726769684,88.41563486535819,0.0
1788590720.0677571,-13.929369739854012,-3.8543246726769684,88.41563486535819,0.0
1788590720.370816,-13.928940194397967,-3.870567784610772,88.41563486535819,0.0
1788590720.678137,-13.955384694609856,-3.903313590072346,89.33467707313866,0.0
1788590721.165084,-13.928940194397967,-3.870567784610772,88.41563486535819,0.0
1788590721.2173288,-13.91238830969003,-3.870418049591775,88.41563486535819,0.0
1788590721.4102411,-13.9225401408763,-3.8867680892154346,89.32015169088623,0.0
1788590721.573622,-13.91238830969003,-3.870418049591775,88.41563486535819,0.0
1788590721.7269702,-13.956243131229213,-3.870827331150553,89.33467707313866,0.0
1788590721.888762,-13.901873165478836,-3.886715194394146,87.55350391061125,0.0
1788590722.055022,-13.966689406069415,-3.871099254590442,90.22791541604585,0.0
1788590722.21043,-13.929369739854012,-3.8543246726769684,88.41563486535819,0.0
1788590722.370305,-13.928940194397967,-3.870567784610772,88.41563486535819,0.0
1788590722.6129851,-13.929369739854012,-3.8543246726769684,88.41563486535819,0.0
1788590722.813521,-13.939261964267075,-3.886920766303279,89.33467707313866,0.0
1788590723.026459,-13.95581381558286,-3.8870704099723548,89.33467707313866,0.0
1788590723.260104,-13.928940194397967,-3.870567784610772,88.41563486535819,0.0
1788590723.564627,-13.95581381558286,-3.8870704099723548,89.33467707313866,0.0
1788590723.813177,-13.928940194397967,-3.870567784610772,88.41563486535819,0.0
1788590724.0339851,-13.95581381558286,-3.8870704099723548,89.33467707313866,0.0
1788590724.749803,-13.93315631908076,-3.887043088760656,90.22791541604585,0.0
1788590724.963776,-13.912039513751553,-3.870417376653201,88.38582042542646,0.0
1788590725.1802208,-13.95581381558286,-3.8870704099723548,89.33467707313866,0.0
1788590725.381068,-13.95581381558286,-3.8870704099723548,89.33467707313866,0.0
1788590725.5978858,-13.928940194397967,-3.870567784610772,88.41563486535819,0.0
1788590725.830558,-13.939261964267075,-3.886920766303279,89.33467707313866,0.0
1788590726.06579,-13.928721281459241,-3.9030560167621475,88.47030633020364,0.0
1788590726.272502,-13.911958923405837,-3.8866613962962484,88.41563486535819,0.0
1788590726.443956,-13.928940194397967,-3.870567784610772,88.41563486535819,0.0
1788590726.729575,-13.928940194397967,-3.870567784610772,88.41563486535819,0.0
1788590726.9415958,-13.95581381558286,-3.8870704099723548,89.33467707313866,0.0
1788590727.149377,-13.95581381558286,-3.8870704099723548,89.33467707313866,0.0
1788590727.393276,-13.95581381558286,-3.8870704099723548,89.33467707313866,0.0
1788590727.644819,-13.929369739854012,-3.8543246726769684,88.41563486535819,0.0
1788590727.8786418,-13.95581381558286,-3.8870704099723548,89.33467707313866,0.0
1788590728.090558,-13.95581381558286,-3.8870704099723548,89.33467707313866,0.0
1788590728.417418,-13.949708239107277,-3.887192689743168,90.22791541604585,0.0
1788590728.6069682,-13.929704077499068,-3.854325488091951,88.44421346854949,0.0
1788590728.7734091,-13.98132035065286,-3.849416858480454,64.8774688408879,0.0
1788590728.929864,-14.005807877226406,-3.8681235467477477,31.695050866203985,0.0
1788590729.081616,-13.965314739326937,-3.878736895938476,-12.310010597586825,0.0
1788590729.239028,-13.904945946610333,-3.8890297134341045,-37.90970889749971,0.0
1788590729.40416,-13.815649962974085,-3.9098822005052787,-58.28835841661393,0.0
1788590729.6057038,-13.78360608534599,-3.9411519422360963,-73.63899825572888,0.0
1788590729.7621949,-13.747926582968903,-3.988733752594089,-86.28654807212428,0.0
1788590729.909091,-13.755061037994743,-3.9585568388322567,-92.48733890259865,0.0
1788590730.0550559,-13.709936539374496,-3.9826783361789047,-92.53983854163164,0.0
1788590730.2201128,-13.711486775300493,-3.9845021517730634,-92.67219810296672,0.0
1788590730.382093,-13.713497659026908,-3.9820658773589788,-92.66218093238422,0.0
1788590730.5353348,-13.707902113491457,-3.9844559946317526,-92.49410605785374,0.0
1788590730.7234309,-13.714112002568786,-3.985331377163539,-92.6884918125989,0.0
1788590730.889317,-13.748952403280592,-3.974399849445903,-93.4181406544069,0.0
1788590731.125233,-13.711947760534553,-3.9868455588197382,-92.7001727102907,0.0
1788590731.399394,-13.707628829506334,-3.984386858636522,-92.58913404615203,0.0
1788590731.628834,-13.71458138707253,-3.9858433334411503,-92.66346319850169,0.0
1788590732.017001,-13.71057471309697,-3.985176710011398,-92.61582047341307,0.0
1788590732.220302,-13.692780364218603,-3.9852025499956527,-92.63262644890892,0.0
1788590732.2361789,-13.713031276578425,-3.9844992910691004,-92.62626035930737,0.0
1788590732.391111,-13.756269566005116,-4.009253299092768,-92.86942641838596,0.0
1788590732.585372,-13.712471444268076,-3.984479112595097,-92.67477865255677,0.0
1788590732.941847,-13.737346344637675,-3.97637450334153,-92.95742593837053,0.0
1788590733.0274692,-13.709298537537377,-3.9902573463664797,-92.58562839774982,0.0
1788590733.27437,-13.748952403280592,-3.974399849445903,-93.4181406544069,0.0
1788590733.440081,-13.715406274406785,-3.990320043418964,-93.4181406544069,0.0
1788590733.579079,-13.704030726956995,-3.985986780338268,-92.84828111756855,0.0
1788590733.753109,-13.709045162730371,-3.986043750874074,-92.58417019931392,0.0
1788590733.886333,-13.713343913635837,-3.985611149167536,-92.70849350197818,0.0
1788590734.0414531,-13.706330070345052,-4.005626136658163,-92.54953903724419,0.0
1788590734.179915,-13.715819604378236,-3.984364407497174,-92.63661646502175,0.0
1788590734.327347,-13.713278110306447,-3.9843090102701817,-92.71087951567301,0.0
1788590734.4812438,-13.712331509418847,-3.9994558626922183,-92.6238844872014,0.0
1788590734.677602,-13.748952403280592,-3.974399849445903,-93.4181406544069,0.0
1788590734.8895922,-13.677858851994749,-3.9833519753076017,-92.68956397620485,0.0
1788590735.133858,-13.679228976529865,-3.988191484749494,-92.70227087974712,0.0
1788590735.367091,-13.713016790646755,-3.9843415228348134,-92.62292372257667,0.0
1788590735.7107909,-13.752215481882716,-4.008300119753656,-92.73373024308086,0.0
1788590735.972994,-13.712321603260817,-3.989020036606563,-92.68227146842696,0.0
1788590736.16308,-13.736162935127686,-3.9846845146736984,-92.61947498909234,0.0
1788590736.831826,-13.707875480701635,-3.985428518951906,-92.53281783940662,0.0
1788590737.0276558,-13.751020107394156,-4.014397721111035,-92.73978096066452,0.0
1788590737.231167,-13.713207731826769,-3.9850229883426844,-92.63117033459798,0.0
1788590737.449237,-13.684578330448407,-3.97983137754217,-92.7886578464815,0.0
1788590737.666016,-13.712303656733635,-3.9876768240973135,-92.66514753573244,0.0
1788590737.9353302,-13.739899706236075,-3.979937548842594,-93.03898669652187,0.0
1788590738.242193,-13.71649839848305,-3.9910579256075014,-92.79607808802683,0.0
1788590738.4884312,-13.711398750831124,-3.9844171622219875,-92.58254417766852,0.0
1788590738.644861,-13.714155497115861,-4.037848042750263,-92.69406497278413,0.0
1788590738.847785,-13.711070929630727,-3.9830380808222032,-92.72481363664804,0.0
1788590739.0560021,-13.710883666433741,-3.9879802016627925,-92.6398185405057,0.0
1788590739.269401,-13.711581870292783,-3.9873301131038668,-92.673814879225,0.0
1788590739.454623,-13.709707430302444,-4.019116142274071,-92.57093046831773,0.0
1788590739.646008,-13.707232361797743,-3.9864086696585206,-92.52262806204556,0.0
1788590739.8480692,-13.708300735824283,-3.9857395156511037,-92.55539633556259,0.0
1788590740.043266,-13.709797819952131,-3.989084026448411,-92.5730409186661,0.0
1788590740.227343,-13.708829297367398,-3.9870281805921204,-92.7049038966336,0.0
1788590740.416353,-13.711019387389165,-3.9863203403910235,-92.70250661923217,0.0
1788590740.684866,-13.731291266953008,-3.8378645712757455,-88.34628271291572,0.0
1788590740.838996,-13.856118111141532,-3.4913212204893345,-51.72052886704546,0.0
1788590740.97584,-14.057526377716284,-3.337994583118908,-11.3359551276439,0.0
1788590741.113787,-14.056415387176017,-3.3904450009880027,31.1303116573402,0.0
1788590741.3130639,-13.952905720893545,-3.325665184644863,51.739228630333685,0.0
1788590741.447891,-13.924618796467115,-3.267486530592852,68.07622107650593,0.0
1788590741.585099,-13.92140091246107,-3.2427521493611993,76.79216832300813,0.0
1788590741.725596,-13.885297760720585,-3.2073609219958765,83.15928725121631,0.0
1788590741.872899,-13.90948146299151,-3.2210224141715345,86.6852042245485,0.0
1788590742.0807722,-13.915665426092682,-3.221548283050734,85.798506915757,0.0
1788590742.252767,-13.915665426092682,-3.221548283050734,85.798506915757,0.0
1788590742.421822,-13.92646942190982,-3.2049379927126824,86.6852042245485,0.0
1788590742.583879,-13.92646942190982,-3.2049379927126824,86.6852042245485,0.0
1788590742.761121,-13.909857020781267,-3.215501671409958,86.78728012273433,0.0
1788590742.9177852,-13.90948146299151,-3.2210224141715345,86.6852042245485,0.0
1788590743.124129,-13.909918821817277,-3.204782756910049,86.6852042245485,0.0
1788590743.2781,-13.926032090621442,-3.221177515690679,86.6852042245485,0.0
1788590743.398056,-13.926032090621442,-3.221177515690679,86.6852042245485,0.0
1788590743.550761,-13.92646942190982,-3.2049379927126824,86.6852042245485,0.0
1788590743.700781,-13.900011949088013,-3.1889129783848653,85.80040960336203,0.0
1788590743.860972,-13.915665426092682,-3.221548283050734,85.798506915757,0.0
1788590744.037324,-13.926032090621442,-3.221177515690679,86.6852042245485,0.0
1788590744.279544,-13.92646942190982,-3.2049379927126824,86.6852042245485,0.0
1788590744.2986062,-13.926032090621442,-3.221177515690679,86.6852042245485,0.0
1788590744.426324,-13.92646942190982,-3.2049379927126824,86.6852042245485,0.0
1788590744.6173818,-13.8986776342511,-3.2376329180471455,85.798506915757,0.0
1788590744.874794,-13.915665426092682,-3.221548283050734,85.798506915757,0.0
1788590745.094901,-13.915665426092682,-3.221548283050734,85.798506915757,0.0
1788590745.104287,-13.909918821817277,-3.204782756910049,86.6852042245485,0.0
1788590745.231644,-13.892260392257885,-3.220886466730552,86.62787870247178,0.0
1788590745.4020212,-13.926032090621442,-3.221177515690679,86.6852042245485,0.0
1788590745.585767,-13.92646942190982,-3.2049379927126824,86.6852042245485,0.0
1788590745.780864,-13.92646942190982,-3.2049379927126824,86.6852042245485,0.0
1788590745.9585779,-13.909918821817277,-3.204782756910049,86.6852042245485,0.0
1788590746.259132,-13.92646942190982,-3.2049379927126824,86.6852042245485,0.0
1788590746.4393852,-13.90948146299151,-3.2210224141715345,86.6852042245485,0.0
1788590746.61008,-13.908811089209056,-3.221041533368717,86.62787870247178,0.0
1788590746.766766,-13.926032090621442,-3.221177515690679,86.6852042245485,0.0
1788590746.926618,-13.92646942190982,-3.2049379927126824,86.6852042245485,0.0
1788590747.082007,-13.92646942190982,-3.2049379927126824,86.6852042245485,0.0
1788590747.234119,-13.898279822541475,-3.2214300374370892,85.72706533270105,0.0
1788590747.386164,-13.909918821817277,-3.204782756910049,86.6852042245485,0.0
1788590747.537406,-13.90948146299151,-3.2210224141715345,86.6852042245485,0.0
1788590747.776572,-13.909918821817277,-3.204782756910049,86.6852042245485,0.0
1788590748.039117,-13.915228289608075,-3.2377878852884683,85.798506915757,0.0
1788590748.286013,-13.92646942190982,-3.2049379927126824,86.6852042245485,0.0
1788590748.49904,-13.92646942190982,-3.2049379927126824,86.6852042245485,0.0
1788590748.695771,-13.89911479846275,-3.2213931815315893,85.798506915757,0.0
1788590748.926805,-13.92646942190982,-3.2049379927126824,86.6852042245485,0.0
1788590749.147041,-13.92646942190982,-3.2049379927126824,86.6852042245485,0.0
1788590749.8447208,-13.915228289608075,-3.2377878852884683,85.798506915757,0.0
1788590750.050058,-13.92646942190982,-3.2049379927126824,86.6852042245485,0.0
1788590750.3260171,-13.926032090621442,-3.221177515690679,86.6852042245485,0.0
1788590750.577429,-13.916124995732018,-3.2053077927310825,85.80040960336203,0.0
1788590750.8357928,-13.926032090621442,-3.221177515690679,86.6852042245485,0.0
1788590751.0929558,-13.89911479846275,-3.2213931815315893,85.798506915757,0.0
1788590751.289245,-13.92646942190982,-3.2049379927126824,86.6852042245485,0.0
1788590751.5588322,-13.909918821817277,-3.204782756910049,86.6852042245485,0.0
1788590751.728101,-13.90948146299151,-3.2210224141715345,86.6852042245485,0.0
1788590751.951593,-13.92646942190982,-3.2049379927126824,86.6852042245485,0.0
1788590752.187933,-13.8986776342511,-3.2376329180471455,85.798506915757,0.0
1788590752.414606,-13.915665426092682,-3.221548283050734,85.798506915757,0.0
1788590752.6625102,-13.92646942190982,-3.2049379927126824,86.6852042245485,0.0
1788590752.982215,-13.915665426092682,-3.221548283050734,85.798506915757,0.0
1788590753.176924,-13.92646942190982,-3.2049379927126824,86.6852042245485,0.0
1788590753.3946822,-13.92646942190982,-3.2049379927126824,86.6852042245485,0.0
1788590756.683734,-13.909918821817277,-3.204782756910049,86.6852042245485,0.0
1788590756.804685,-13.92646942190982,-3.2049379927126824,86.6852042245485,0.0
1788590756.952862,-13.85227427925776,-3.252679155970158,87.5290924223516,0.0
1788590757.099263,-13.870264457375516,-3.394905832754479,105.84611314499494,0.0
1788590757.249258,-13.823995344645802,-3.4656613809992023,133.33204400393186,0.0
1788590757.390809,-13.805582309143702,-3.4276588888302775,151.60605768701816,0.0
1788590757.5771468,-13.844524086577495,-3.391520183137919,163.60787760356453,0.0
1788590757.819487,-13.729778378128433,-3.397696770830886,172.9150278510732,0.0
1788590757.9773781,-13.750864392022907,-3.406990142882082,176.41678448736576,0.0
1788590758.143842,-13.733352913157876,-3.3810309483069925,175.66322803560877,0.0
1788590758.307874,-13.70024398629069,-3.3807203545094455,175.66358975563236,0.0
1788590758.4906108,-13.699799950081532,-3.3969656959485457,175.66358975563236,0.0
1788590758.677299,-13.70024398629069,-3.3807203545094455,175.66358975563236,0.0
1788590758.85679,-13.740716778713466,-3.4329272298988815,176.72503002258935,0.0
1788590759.353407,-13.699400894419002,-3.414203652907871,175.7485174615847,0.0
1788590759.419331,-13.699844746140045,-3.3979582474921974,175.7485174615847,0.0
1788590759.624772,-13.73330511004708,-3.3800061880987515,175.575538306692,0.0
1788590759.8411462,-13.732136928001346,-3.3897240643068587,176.57477741341677,0.0
1788590760.3421109,-13.739103398941019,-3.4291165284452183,176.74514732458312,0.0
1788590760.510009,-13.73967681382964,-3.4305890639567407,176.75017361975733,0.0
1788590760.785193,-13.737380182613084,-3.424343224976349,176.6789485042882,0.0
1788590760.8005419,-13.749907321538178,-3.3811884021755803,175.66322803560877,0.0
1788590760.937793,-13.739106215552127,-3.431054931561731,176.83425167583653,0.0
1788590761.0873642,-13.70024398629069,-3.3807203545094455,175.66358975563236,0.0
1788590761.46456,-13.716342511311478,-3.424976128364905,176.65651029612985,0.0
1788590761.563309,-13.70024398629069,-3.3807203545094455,175.66358975563236,0.0
1788590761.702411,-13.70024398629069,-3.3807203545094455,175.66358975563236,0.0
1788590761.826278,-13.70024398629069,-3.3807203545094455,175.66358975563236,0.0
1788590761.965118,-13.733352913157876,-3.3810309483069925,175.66322803560877,0.0
1788590762.098687,-13.699844746140045,-3.3979582474921974,175.7485174615847,0.0
1788590762.241977,-13.699844746140045,-3.3979582474921974,175.7485174615847,0.0
1788590762.392429,-13.743437751771635,-3.4322705066581323,176.81900025487352,0.0
1788590762.644224,-13.699844746140045,-3.3979582474921974,175.7485174615847,0.0
1788590762.8363369,-13.733352913157876,-3.3810309483069925,175.66322803560877,0.0
1788590762.9935648,-13.73428774937412,-3.42428012828698,176.59054981846924,0.0
1788590763.211818,-13.739153767321545,-3.426676061706203,176.50581390203547,0.0
1788590763.42753,-13.740211695483664,-3.427949582387275,176.72146096831352,0.0
1788590763.6414342,-13.735992940131474,-3.3950170460278035,176.75868454775025,0.0
1788590763.854306,-13.740474381978217,-3.4271911748173216,176.63330328914031,0.0
1788590764.059155,-13.733352913157876,-3.3810309483069925,175.66322803560877,0.0
1788590764.267097,-13.699799950081532,-3.3969656959485457,175.66358975563236,0.0
1788590764.479616,-13.715774881426645,-3.38637289447861,174.74335162407857,0.0
1788590765.251194,-13.716218895335357,-3.37012769788717,174.74335162407857,0.0
1788590765.499604,-13.70024398629069,-3.3807203545094455,175.66358975563236,0.0
1788590765.7121742,-13.699844746140045,-3.3979582474921974,175.7485174615847,0.0
1788590766.0353112,-13.699844746140045,-3.3979582474921974,175.7485174615847,0.0
1788590766.246061,-13.740208034579046,-3.4299798311799385,176.73292243636013,0.0
1788590766.456574,-13.733749286531175,-3.3637611996179064,175.575538306692,0.0
1788590766.7290199,-13.732908921548146,-3.3972760002396525,175.66322803560877,0.0
1788590766.9377122,-13.715774881426645,-3.38637289447861,174.74335162407857,0.0
1788590767.088717,-13.741551481028155,-3.431598717166203,176.76002053361844,0.0
1788590767.344969,-13.699799950081532,-3.3969656959485457,175.66358975563236,0.0
1788590767.617586,-13.733352913157876,-3.3810309483069925,175.66322803560877,0.0
1788590767.8460522,-13.733352913157876,-3.3810309483069925,175.66322803560877,0.0
1788590768.095291,-13.716218895335357,-3.37012769788717,174.74335162407857,0.0
1788590768.3108191,-13.73811197592053,-3.432024674556324,176.81213767673933,0.0
1788590768.526486,-13.70024398629069,-3.3807203545094455,175.66358975563236,0.0
1788590768.827345,-13.738641050419742,-3.4293708215966228,176.8052744012457,0.0
1788590769.0480871,-13.757754451093593,-3.414172779581064,176.74257617727346,0.0
1788590769.205326,-13.71614382125699,-3.3689337522827976,174.6410939575121,0.0
1788590769.3652868,-13.737728404219515,-3.4261446709526715,176.7248454043484,0.0
1788590769.526578,-13.738841388686643,-3.3947281066404154,176.81444432507953,0.0
1788590769.720767,-13.742464445753553,-3.431410948345879,176.77647159603032,0.0
1788590770.103457,-13.7416940304863,-3.430394822239083,176.78010413785148,0.0
1788590770.417776,-13.733352913157876,-3.3810309483069925,175.66322803560877,0.0
1788590770.652124,-13.716762254879594,-3.4079042644563775,176.5858238918263,0.0
1788590770.876661,-13.717206268788306,-3.3916590678649374,176.5858238918263,0.0
1788590771.047117,-13.699400894419002,-3.414203652907871,175.7485174615847,0.0
1788590771.2141519,-13.715955550485088,-3.4143607593194316,175.7485174615847,0.0
1788590771.372389,-13.733352913157876,-3.3810309483069925,175.66322803560877,0.0
1788590771.522475,-13.73736144856425,-3.426916530453261,176.6961533482097,0.0
1788590771.6644218,-13.716399379717576,-3.398115498746549,175.7485174615847,0.0
1788590771.814333,-13.716798597567776,-3.3808777506114573,175.66358975563236,0.0
1788590771.961708,-13.717206268788306,-3.3916590678649374,176.5858238918263,0.0
1788590772.15311,-13.716762254879594,-3.4079042644563775,176.5858238918263,0.0
1788590772.462781,-13.716342511311478,-3.424976128364905,176.65651029612985,0.0
1788590772.6488261,-13.738886389779523,-3.4278390829185237,176.6801714643185,0.0
1788590772.827807,-13.699844746140045,-3.3979582474921974,175.7485174615847,0.0
1788590773.0024571,-13.715774881426645,-3.38637289447861,174.74335162407857,0.0
1788590773.168212,-13.733352913157876,-3.3810309483069925,175.66322803560877,0.0
1788590773.338281,-13.716218895335357,-3.37012769788717,174.74335162407857,0.0
1788590773.49967,-13.699799950081532,-3.3969656959485457,175.66358975563236,0.0
1788590773.66683,-13.753458491917897,-3.410816243040627,176.60351819692522,0.0
1788590773.8243809,-13.716218895335357,-3.37012769788717,174.74335162407857,0.0
1788590773.9812212,-13.73538885602585,-3.392615214182346,176.7929575694243,0.0
1788590774.151584,-13.717206268788306,-3.3916590678649374,176.5858238918263,0.0
1788590774.3289778,-13.716762254879594,-3.4079042644563775,176.5858238918263,0.0
1788590774.499924,-13.716218895335357,-3.37012769788717,174.74335162407857,0.0
1788590774.663733,-13.716762254879594,-3.4079042644563775,176.5858238918263,0.0
1788590774.838655,-13.733352913157876,-3.3810309483069925,175.66322803560877,0.0
1788590775.062331,-13.716399379717576,-3.398115498746549,175.7485174615847,0.0
1788590775.2789052,-13.716218895335357,-3.37012769788717,174.74335162407857,0.0
1788590775.437189,-13.963777809927223,-3.3805758962210235,169.42935024073063,0.0
1788590775.5979662,-14.057193938202296,-3.3846590069792395,136.42725383524794,0.0
1788590775.763254,-14.12560342938138,-3.438461879697063,107.76435295372744,0.0
1788590775.926236,-14.090337109911227,-3.4041949574868204,99.56326739334668,0.0
1788590776.082465,-14.092949532215469,-3.3940328124389954,93.3679836638911,0.0
1788590776.230827,-14.105285314477229,-3.4822924990377846,88.45624325812565,0.0
1788590776.3739882,-14.108113073084677,-3.450754267975033,85.79359795026357,0.0
1788590776.506401,-14.11602766603231,-3.44032904715599,87.20096781845501,0.0
1788590776.675667,-14.108113073084677,-3.450754267975033,85.79359795026357,0.0
1788590776.89033,-14.108113073084677,-3.450754267975033,85.79359795026357,0.0
1788590777.185777,-14.108113073084677,-3.450754267975033,85.79359795026357,0.0
1788590777.536787,-14.108547315571984,-3.434515182152455,85.79359795026357,0.0
1788590777.778226,-14.091997097411072,-3.4343613767872423,85.79359795026357,0.0
1788590777.971348,-14.102797680637613,-3.417750604378734,86.68025088169088,0.0
1788590778.1862211,-14.111068053540583,-3.4376954300065092,86.97154609425479,0.0
1788590778.550868,-14.091997097411072,-3.4343613767872423,85.79359795026357,0.0
1788590778.5679271,-14.091562824730609,-3.4506005945300986,85.79359795026357,0.0
1788590778.735276,-14.091997097411072,-3.4343613767872423,85.79359795026357,0.0
1788590778.909745,-14.108113073084677,-3.450754267975033,85.79359795026357,0.0
1788590779.341017,-14.091997097411072,-3.4343613767872423,85.79359795026357,0.0
1788590779.491643,-14.091997097411072,-3.4343613767872423,85.79359795026357,0.0
1788590779.635181,-14.147273023230527,-3.4358200274877007,87.11078908153337,0.0
1788590779.879214,-14.102797680637613,-3.417750604378734,86.68025088169088,0.0
1788590780.051141,-14.108113073084677,-3.450754267975033,85.79359795026357,0.0
1788590780.2036061,-14.091997097411072,-3.4343613767872423,85.79359795026357,0.0
1788590780.410911,-14.108113073084677,-3.450754267975033,85.79359795026357,0.0
1788590780.61478,-14.108547315571984,-3.434515182152455,85.79359795026357,0.0
1788590780.84078,-14.108113073084677,-3.450754267975033,85.79359795026357,0.0
1788590781.230732,-14.091997097411072,-3.4343613767872423,85.79359795026357,0.0
1788590781.4391282,-14.091997097411072,-3.4343613767872423,85.79359795026357,0.0
1788590781.641222,-14.090727665133187,-3.450637530353982,85.72214038070229,0.0
1788590781.8646872,-14.091997097411072,-3.4343613767872423,85.79359795026357,0.0
1788590782.559505,-14.091997097411072,-3.4343613767872423,85.79359795026357,0.0
1788590782.747021,-14.114351090571358,-3.435676994055555,87.09842220577275,0.0
1788590782.945151,-14.102797680637613,-3.417750604378734,86.68025088169088,0.0
1788590783.1667662,-14.091997097411072,-3.4343613767872423,85.79359795026357,0.0
1788590783.372819,-14.108113073084677,-3.450754267975033,85.79359795026357,0.0
1788590783.564319,-14.091997097411072,-3.4343613767872423,85.79359795026357,0.0
1788590783.817357,-14.091562824730609,-3.4506005945300986,85.79359795026357,0.0
1788590784.032077,-14.091997097411072,-3.4343613767872423,85.79359795026357,0.0
1788590784.177065,-14.108113073084677,-3.450754267975033,85.79359795026357,0.0
1788590784.4959612,-14.108113073084677,-3.450754267975033,85.79359795026357,0.0
1788590784.739827,-14.091997097411072,-3.4343613767872423,85.79359795026357,0.0
1788590784.941919,-14.114000455650823,-3.4389856118428215,87.21324821559904,0.0
1788590785.164733,-14.091997097411072,-3.4343613767872423,85.79359795026357,0.0
1788590785.393918,-14.075046157056288,-3.4180052811585013,85.72214038070229,0.0
1788590785.582925,-14.108547315571984,-3.434515182152455,85.79359795026357,0.0
1788590785.769025,-14.117819399785752,-3.4380589031738022,87.13815255560206,0.0
1788590785.955032,-14.091997097411072,-3.4343613767872423,85.79359795026357,0.0
1788590786.103008,-14.092431566875433,-3.418122245342694,85.79359795026357,0.0
1788590786.26639,-14.107486273837084,-3.5115244699008796,94.01913298272848,0.0
1788590786.400554,-14.086138029514865,-3.5933207623509795,109.19123598825354,0.0
1788590786.547458,-13.978581668620956,-3.6248583387970674,143.32691563531694,0.0
1788590786.70595,-14.012580840055124,-3.5279571779853462,166.47172055769136,0.0
1788590786.852841,-13.976203955725,-3.5512388205764744,174.73592539023048,0.0
1788590787.046338,-13.923216999680786,-3.5641146469712175,-174.48712375105765,0.0
1788590787.345207,-13.88296284656241,-3.547428408611644,-168.74849481238402,0.0
1788590787.517,-13.915774121236918,-3.575366347353352,-167.06765922296432,0.0
1788590787.698377,-13.900673719866651,-3.5495062600452445,-166.8084833474157,0.0
1788590787.821256,-13.919276634148655,-3.576860859611999,-166.9650899160605,0.0
1788590788.041596,-13.895995017850627,-3.5424374643423544,-168.07428913232656,0.0
1788590788.341782,-13.911979689039939,-3.5735327396765397,-167.00512278750716,0.0
1788590788.36362,-13.89960937124169,-3.5521637078572352,-166.76315511120163,0.0
1788590788.4940958,-13.900258489653675,-3.552969975072531,-166.75275938818874,0.0
1788590788.7478662,-13.904040251794052,-3.5577577736224058,-166.69607611720596,0.0
1788590788.9660318,-13.90183207665945,-3.548730077192669,-166.87198225722761,0.0
1788590789.0484428,-13.876218142076668,-3.5570138493361467,-168.16922065444157,0.0
1788590789.178755,-13.9115618383457,-3.5795215760252703,-166.82119417583203,0.0
1788590789.396427,-13.901293653788326,-3.5485687471951626,-166.9697072346923,0.0
1788590789.8632178,-13.895485215739857,-3.579112998282424,-166.92838136335678,0.0
1788590789.966671,-13.916785594425303,-3.572890701096125,-166.89999320709046,0.0
1788590790.1009212,-13.905771883464055,-3.5593106320637227,-166.58494255046543,0.0
1788590790.2356539,-13.915782498820445,-3.5730448149566088,-167.0667086321655,0.0
1788590790.370393,-13.902053536367562,-3.5731365443452057,-166.95931657144058,0.0
1788590790.512487,-13.913022766721515,-3.5750483066240313,-166.9570145929622,0.0
1788590790.6598551,-13.916034017671485,-3.5811502692913297,-166.841195256908,0.0
1788590790.821821,-13.918935962841974,-3.579561505973078,-166.87146329535938,0.0
1788590790.982456,-13.874942091330338,-3.55602764853906,-168.17532716865526,0.0
1788590791.143797,-13.916463529611516,-3.5794555793013068,-166.89202121681825,0.0
1788590791.3490539,-13.916373331063646,-3.578590830371249,-166.88425007792853,0.0
1788590791.550027,-13.918162254165498,-3.5764540728166847,-166.91153017925046,0.0
1788590791.782848,-13.90361138662835,-3.5607357982018115,-166.48245354438973,0.0
1788590792.009042,-13.875837003058063,-3.559816131727288,-168.2237204856117,0.0
1788590792.260843,-13.903689079591558,-3.5479774555411927,-166.96755019124726,0.0
1788590792.502712,-13.914736360318052,-3.5747562565067046,-167.0663690893465,0.0
1788590792.7255301,-13.902051847319193,-3.559605809845756,-166.65101554057537,0.0
1788590793.413256,-13.919564605108151,-3.5798015480804852,-166.9032984121484,0.0
1788590793.619503,-13.922909023990353,-3.5245260296619083,-166.59670896370483,0.0
1788590793.836378,-13.917676485043033,-3.577565618860853,-166.93168198306506,0.0
1788590794.047575,-13.916082153800133,-3.572896162741405,-166.99230571671296,0.0
1788590794.2716641,-13.886192965588524,-3.583628066586976,-167.247671587637,0.0
1788590794.5080209,-13.889717806384818,-3.5818169908228974,-167.2906437234476,0.0
1788590794.770827,-13.901749527229345,-3.5587399085079015,-166.6648721201882,0.0
1788590794.9856489,-13.871526379248309,-3.5581202867424606,-168.11416475637265,0.0
1788590795.156805,-13.902088511285749,-3.555529072729746,-166.88618235711522,0.0
1788590795.364449,-13.917680741907004,-3.565678493472408,-167.38307304732177,0.0
1788590795.6004539,-13.87693602406118,-3.559729975660934,-168.21584441871664,0.0
1788590795.812303,-13.904342385643531,-3.5532617418151466,-166.68913612541365,0.0
1788590796.067692,-13.917864189381788,-3.5214958345697625,-166.8294515454868,0.0
1788590796.30439,-13.919073433563145,-3.5796101521805603,-166.95194359633922,0.0
1788590796.538387,-13.899657711590049,-3.5633861884151328,-166.5894397698189,0.0
1788590796.750869,-13.91427863731231,-3.574629838728652,-167.01139861484154,0.0
1788590797.0275588,-13.911749942174717,-3.567325520292713,-167.22296460318034,0.0
1788590797.161618,-13.898406947781194,-3.5499776680866866,-166.8902575355291,0.0
1788590797.334029,-13.915250736144156,-3.5816238533331335,-166.7655032555055,0.0
1788590797.4840472,-13.910973936934225,-3.5720591360794907,-167.0862588741477,0.0
1788590797.663691,-13.917323313133874,-3.5769776411401004,-166.95385034827564,0.0
1788590797.8740952,-13.917548712238686,-3.5751816506751615,-166.97144661277503,0.0
1788590798.036926,-13.91743545267878,-3.5808225084836076,-166.79394987972012,0.0
1788590798.1857002,-13.898974966402843,-3.598721584338055,-166.75100121137626,0.0
1788590798.3338969,-13.896834445916733,-3.5562018117469094,-166.7510134449683,0.0
1788590798.492218,-13.915544130399981,-3.5770605274947878,-166.81594692352633,0.0
1788590798.6406531,-13.921885574602717,-3.5762216488916088,-166.99705952315253,0.0
1788590798.820683,-13.919948206493471,-3.5796542085918066,-166.91521549357503,0.0
1788590798.984149,-13.879051491476963,-3.5737438482058934,-168.1992323115486,0.0
1788590799.238841,-13.916687169228544,-3.5787609345990337,-166.87790746765745,0.0
1788590799.5417879,-13.925754332838874,-3.5233261356703447,-166.64657271724423,0.0
1788590799.7278001,-13.918150593663682,-3.5726859782751417,-167.13771607806723,0.0
1788590799.874073,-13.917472790199954,-3.5776638776461813,-166.81473322610668,0.0
1788590800.029601,-13.91475958600642,-3.5739515707570852,-167.0226392953515,0.0
1788590800.162615,-13.899115476432863,-3.557747217360757,-166.59934639074243,0.0
1788590800.299129,-13.917736333394624,-3.5753127699968132,-166.85719764444218,0.0
1788590800.442305,-13.920029129491995,-3.572406207932786,-166.98181828230207,0.0
1788590800.578864,-13.918050291579412,-3.577312982297574,-166.93888341947206,0.0
1788590800.71463,-13.923826820746996,-3.527799124517708,-166.46637657959457,0.0
1788590800.863399,-13.917763030912358,-3.5773259108518274,-166.824496897862,0.0
1788590801.023361,-13.915004451159536,-3.579171490489423,-166.72897370566812,0.0
1788590801.170345,-13.914880461842742,-3.576977962721766,-166.8884540301769,0.0
1788590801.318879,-13.91684006837903,-3.5804131346087584,-166.79387018826935,0.0
1788590801.458816,-13.919573632221645,-3.577406028810728,-166.79970366174803,0.0
1788590801.6276019,-13.933713264523504,-3.5677856922706566,-166.73226013929684,0.0
1788590801.8668318,-13.91904211862973,-3.580177550613562,-166.75525696269835,0.0
1788590802.0254688,-13.90133186645695,-3.5632565501522846,-166.57952900525555,0.0
1788590802.162911,-13.916307376245838,-3.580955974583034,-166.90334664724537,0.0
1788590802.310258,-13.918552826524424,-3.5732511157508484,-167.0190402364866,0.0
1788590802.443263,-13.91470645560665,-3.5786201958861374,-166.9096445898217,0.0
1788590802.566902,-13.871903196041654,-3.576613682518982,-167.97449745996266,0.0
1788590802.699894,-13.914848160889177,-3.5791496050538005,-166.88196405808606,0.0
1788590802.8683,-13.895321241945775,-3.5239359187438994,-168.29961282844488,0.0
1788590803.002651,-13.911992958480658,-3.5641265298000127,-167.19747994183774,0.0
1788590803.177879,-13.922599946648482,-3.571855868285875,-167.0384366419908,0.0
1788590803.339909,-14.02016966075199,-3.567822263728656,-171.33204373138176,0.0
1788590803.506861,-14.175106556556003,-3.5965917887025225,164.97800102063792,0.0
1788590803.6763148,-14.242276600426512,-3.5974856021374326,130.40782635231733,0.0
1788590803.8502789,-14.256565969607117,-3.651443085288039,108.02326436577607,0.0
1788590803.992295,-14.21462101376245,-3.705021721837978,98.38355757303674,0.0
1788590804.227627,-14.22975461320738,-3.7113830693749694,91.12597305454682,0.0
1788590804.377364,-14.187826349118573,-3.7481597556213284,85.00935808328074,0.0
1788590804.513255,-14.199579332042179,-3.7115426162631113,85.7152303745683,0.0
1788590804.6458082,-14.215776233026963,-3.7425407160283006,85.14682398076201,0.0
1788590804.773508,-14.183028934372198,-3.711390808232874,85.7152303745683,0.0
1788590804.920959,-14.25542034243399,-3.706652542213664,86.9972692831077,0.0
1788590805.079128,-14.249650124565163,-3.7051060960940307,86.91986197238828,0.0
1788590805.172332,-14.217395943014038,-3.6954177950046847,85.78670990495004,0.0
1788590805.619631,-14.183459860156399,-3.6951509247606706,85.7152303745683,0.0
1788590805.744909,-14.183028934372198,-3.711390808232874,85.7152303745683,0.0
1788590805.771636,-14.183028934372198,-3.711390808232874,85.7152303745683,0.0
1788590805.936158,-14.216129671896969,-3.711694465077283,85.7152303745683,0.0
1788590806.097089,-14.183459860156399,-3.6951509247606706,85.7152303745683,0.0
1788590806.2163851,-14.194421446458714,-3.6785204779759626,86.61598187650122,0.0
1788590806.41854,-14.193990322872708,-3.694760266518748,86.61598187650122,0.0
1788590806.6352699,-14.249181215814177,-3.7035143367520025,86.89238235091227,0.0
1788590807.135596,-14.199579332042179,-3.7115426162631113,85.7152303745683,0.0
1788590807.2970712,-14.22709099392099,-3.6950641845308105,86.61598187650122,0.0
1788590807.396163,-14.183459860156399,-3.6951509247606706,85.7152303745683,0.0
1788590807.456969,-14.183459860156399,-3.6951509247606706,85.7152303745683,0.0
1788590807.61813,-14.156981599331537,-3.711733659296164,84.90234895972094,0.0
1788590807.82077,-14.26388958956361,-3.724835573265006,85.91476786208403,0.0
1788590808.004025,-14.250488260900037,-3.7026698634568955,86.97462848681755,0.0
1788590808.179488,-14.193990322872708,-3.694760266518748,86.61598187650122,0.0
1788590808.325591,-14.183028934372198,-3.711390808232874,85.7152303745683,0.0
1788590808.471138,-14.219497561230366,-3.7016513898713477,87.20016863749765,0.0
1788590808.624497,-14.199579332042179,-3.7115426162631113,85.7152303745683,0.0
1788590808.935395,-14.183459860156399,-3.6951509247606706,85.7152303745683,0.0
1788590809.151513,-14.210540687304704,-3.6949122052280856,86.61598187650122,0.0
1788590809.355077,-14.194421446458714,-3.6785204779759626,86.61598187650122,0.0
1788590809.581578,-14.201808994942427,-3.703159692096677,87.0924007046616,0.0
1788590809.797826,-14.183459860156399,-3.6951509247606706,85.7152303745683,0.0
1788590810.011679,-14.199579332042179,-3.7115426162631113,85.7152303745683,0.0
1788590810.2269282,-14.235036157785085,-3.684208481628536,87.00107511560998,0.0
1788590810.961138,-14.262279997055716,-3.7238668325546724,85.81312915993664,0.0
1788590811.317418,-14.183028934372198,-3.711390808232874,85.7152303745683,0.0
1788590811.650095,-14.177253494111469,-3.7088141182923167,87.09705612152783,0.0
1788590811.8910148,-14.255011913055588,-3.6895329370225824,86.98674195311878,0.0
1788590812.153853,-14.183459860156399,-3.6951509247606706,85.7152303745683,0.0
1788590812.3608499,-14.262846600123744,-3.724926417698863,85.86614373529528,0.0
1788590812.553099,-14.178312760262545,-3.710981446708337,87.09647403404063,0.0
1788590812.7455208,-14.183459860156399,-3.6951509247606706,85.7152303745683,0.0
1788590812.8946402,-14.156550837914075,-3.727973769098573,84.90234895972094,0.0
1788590813.122373,-14.22097704437075,-3.7244319885469803,85.10110387482734,0.0
1788590813.369997,-14.21833982891565,-3.701209823273447,87.14888116680027,0.0
1788590813.587531,-14.177583654456704,-3.7135361617642655,87.0979851843071,0.0
1788590813.9020128,-14.247896617542255,-3.7077626609105474,85.84963850076139,0.0
1788590814.159232,-14.22127800519576,-3.7001786222171478,87.1468809694901,0.0
1788590814.3531442,-14.249120959209186,-3.703802760071234,86.95530919592773,0.0
1788590814.539999,-14.199579332042179,-3.7115426162631113,85.7152303745683,0.0
1788590814.719278,-14.199579332042179,-3.7115426162631113,85.7152303745683,0.0
1788590814.8569658,-14.183459860156399,-3.6951509247606706,85.7152303745683,0.0
1788590814.9839628,-14.217319154897067,-3.771410718226565,90.62404685285208,0.0
1788590815.1077602,-14.216195186534115,-3.836641690638962,105.0067309030157,0.0
1788590815.239739,-14.176872143040699,-3.820881377649948,125.66321923547571,0.0
1788590815.365557,-14.090155726548021,-3.873723939851179,152.80152183028144,0.0
1788590815.498831,-13.98064409570336,-3.81219866619098,-166.07711981357966,0.0
1788590815.67272,-13.948534351589094,-3.8076747821698462,-138.80555473378513,0.0
1788590815.801078,-13.896607530366301,-3.7573638017850497,-124.57921221521468,0.0
1788590815.949022,-13.889569738459048,-3.7254405878253043,-111.21377955512082,0.0
1788590816.176012,-13.874897880108016,-3.7136255489378645,-101.58320332615676,0.0
1788590816.3976839,-13.932718069435804,-3.683345908774923,-94.29341295388224,0.0
1788590816.5472908,-13.932270330232443,-3.6995825369153215,-94.29341295388224,0.0
1788590816.807706,-13.9078571433842,-3.701429995514924,-94.89025360236587,0.0
1788590817.076849,-13.932270330232443,-3.6995825369153215,-94.29341295388224,0.0
1788590817.110723,-13.932270330232443,-3.6995825369153215,-94.29341295388224,0.0
1788590817.25755,-13.902502277491788,-3.700932416914469,-94.73248279465668,0.0
1788590817.3845959,-13.958608756366484,-3.6830213692341234,-95.0929587984997,0.0
1788590817.522152,-13.932270330232443,-3.6995825369153215,-94.29341295388224,0.0
1788590817.781589,-13.932270330232443,-3.6995825369153215,-94.29341295388224,0.0
1788590817.949982,-13.932270330232443,-3.6995825369153215,-94.29341295388224,0.0
1788590818.006731,-13.932270330232443,-3.6995825369153215,-94.29341295388224,0.0
1788590818.178455,-13.932270330232443,-3.6995825369153215,-94.29341295388224,0.0
1788590818.327171,-13.93182278558712,-3.7158192159177377,-94.29341295388224,0.0
1788590818.494956,-13.921473522106577,-3.7162061163758775,-93.4081516977559,0.0
1788590818.642027,-13.964067110530783,-3.69032975784626,-93.03690466687362,0.0
1788590818.861407,-13.906405668309324,-3.682891925105037,-94.85191965744139,0.0
1788590819.0226471,-13.959103363884255,-3.6873942284073213,-92.98565318276309,0.0
1788590819.1879628,-13.932270330232443,-3.6995825369153215,-94.29341295388224,0.0
1788590819.323671,-13.932270330232443,-3.6995825369153215,-94.29341295388224,0.0
1788590819.468183,-13.93182278558712,-3.7158192159177377,-94.29341295388224,0.0
1788590819.5995789,-13.921473522106577,-3.7162061163758775,-93.4081516977559,0.0
1788590819.785153,-13.93182278558712,-3.7158192159177377,-94.29341295388224,0.0
1788590819.9856489,-13.890087749547137,-3.7282729106737316,-93.52006006831624,0.0
1788590820.1700952,-13.921473522106577,-3.7162061163758775,-93.4081516977559,0.0
1788590820.4321668,-13.932718069435804,-3.683345908774923,-94.29341295388224,0.0
1788590820.636029,-13.921921066751901,-3.699969437373461,-93.4081516977559,0.0
1788590820.840713,-13.932270330232443,-3.6995825369153215,-94.29341295388224,0.0
1788590821.061289,-13.932270330232443,-3.6995825369153215,-94.29341295388224,0.0
1788590821.752945,-13.921473522106577,-3.7162061163758775,-93.4081516977559,0.0
1788590821.948781,-13.93182278558712,-3.7158192159177377,-94.29341295388224,0.0
1788590822.1752121,-13.901502974906638,-3.703220915011945,-94.75616497282357,0.0
1788590822.465321,-13.908122801612606,-3.6871893123346986,-94.87000616040763,0.0
1788590822.66398,-13.932270330232443,-3.6995825369153215,-94.29341295388224,0.0
1788590822.871926,-13.932270330232443,-3.6995825369153215,-94.29341295388224,0.0
1788590823.0710459,-13.93182278558712,-3.7158192159177377,-94.29341295388224,0.0
1788590823.2744708,-13.965704125425418,-3.6892354012895985,-93.03745289956146,0.0
1788590823.443739,-13.932270330232443,-3.6995825369153215,-94.29341295388224,0.0
1788590823.6891232,-13.927121154873344,-3.6811095418085813,-94.8870745439832,0.0
1788590823.9287648,-13.932718069435804,-3.683345908774923,-94.29341295388224,0.0
1788590824.138309,-13.921473522106577,-3.7162061163758775,-93.4081516977559,0.0
1788590824.4016798,-13.932270330232443,-3.6995825369153215,-94.29341295388224,0.0
1788590824.587821,-13.93182278558712,-3.7158192159177377,-94.29341295388224,0.0
1788590824.806564,-13.904772877538639,-3.7061384383080105,-94.88990081780065,0.0
1788590825.017374,-13.932270330232443,-3.6995825369153215,-94.29341295388224,0.0
1788590825.250699,-13.93182278558712,-3.7158192159177377,-94.29341295388224,0.0
1788590825.413986,-13.932270330232443,-3.6995825369153215,-94.29341295388224,0.0
1788590825.56283,-13.967383312093645,-4.005658126009896,-102.82035887089904,0.0
1788590825.719907,-13.996735691579381,-4.134269073171933,-122.63775979623449,0.0
1788590825.886639,-14.046856267496281,-4.2358564440754085,-154.0968224008232,0.0
1788590826.132555,-14.093182339261421,-4.264471666112076,162.9761206480598,0.0
1788590826.397988,-14.083145495983386,-4.338739336971579,117.70032730462196,0.0
1788590826.596009,-14.07458932981529,-4.386632236283889,99.2319647305851,0.0
1788590826.7696111,-14.038333930427761,-4.359133568277812,87.54099368295311,0.0
1788590826.986495,-14.106448897351678,-4.37220584969676,87.59453697380292,0.0
1788590827.121155,-14.103472742744042,-4.364358978543519,87.44871937859642,0.0
1788590827.271014,-14.128679585939942,-4.368668796297842,87.79089694434407,0.0
1788590827.431653,-14.088064954697288,-4.369675525607351,87.44123212934664,0.0
1788590827.56231,-14.060195350373741,-4.392132993765507,86.65204651160224,0.0
1788590827.714185,-14.060195350373741,-4.392132993765507,86.65204651160224,0.0
1788590827.87956,-14.060195350373741,-4.392132993765507,86.65204651160224,0.0
1788590828.006089,-14.077170609016925,-4.376033835261183,86.65204651160224,0.0
1788590828.150229,-14.13001353604884,-4.370278442173447,87.91889675731,0.0
1788590828.270453,-14.060195350373741,-4.392132993765507,86.65204651160224,0.0
1788590828.400658,-14.060195350373741,-4.392132993765507,86.65204651160224,0.0
1788590828.6243892,-14.060195350373741,-4.392132993765507,86.65204651160224,0.0
1788590828.865343,-14.109311728519616,-4.369212885852749,87.64153956048352,0.0
1788590828.97935,-14.077170609016925,-4.376033835261183,86.65204651160224,0.0
1788590829.126979,-14.103795310182448,-4.3680118849905964,87.47614431955077,0.0
1788590829.286981,-14.060195350373741,-4.392132993765507,86.65204651160224,0.0
1788590829.445846,-14.105414852876068,-4.367371672803149,87.49085362230585,0.0
1788590829.822827,-14.060195350373741,-4.392132993765507,86.65204651160224,0.0
1788590830.063262,-14.060195350373741,-4.392132993765507,86.65204651160224,0.0
1788590830.148355,-14.060195350373741,-4.392132993765507,86.65204651160224,0.0
1788590830.245017,-14.10391646128678,-4.364291362033564,87.46370116064236,0.0
1788590830.396341,-14.060195350373741,-4.392132993765507,86.65204651160224,0.0
1788590830.498038,-14.10713577842625,-4.365423342852041,87.50544338240638,0.0
1788590830.699518,-14.108602416543626,-4.370519526141091,87.65914289467406,0.0
1788590830.822538,-14.060195350373741,-4.392132993765507,86.65204651160224,0.0
1788590831.047507,-14.108388270906147,-4.369452036753017,87.586609969194,0.0
1788590831.2140641,-14.081477332155313,-4.373517544805949,87.60678989684197,0.0
1788590831.348892,-14.10792976172639,-4.3702884503419686,87.57276775780718,0.0
1788590831.490442,-14.060195350373741,-4.392132993765507,86.65204651160224,0.0
1788590831.6238441,-14.10396641427968,-4.364108784249805,87.43680175386697,0.0
1788590831.823245,-14.060195350373741,-4.392132993765507,86.65204651160224,0.0
1788590832.014009,-14.077170609016925,-4.376033835261183,86.65204651160224,0.0
1788590832.20136,-14.102599859864066,-4.363876538630133,87.42968599621622,0.0
1788590832.378228,-14.060195350373741,-4.392132993765507,86.65204651160224,0.0
1788590832.580259,-14.060195350373741,-4.392132993765507,86.65204651160224,0.0
1788590832.84264,-14.123759032840079,-4.3633266621361395,87.45502249682681,0.0
1788590833.0225558,-14.060195350373741,-4.392132993765507,86.65204651160224,0.0
1788590833.734029,-14.060195350373741,-4.392132993765507,86.65204651160224,0.0
1788590833.962523,-14.060195350373741,-4.392132993765507,86.65204651160224,0.0
1788590834.1791942,-14.073663522181489,-4.416144653627018,85.73446567690166,0.0
1788590834.395614,-14.060195350373741,-4.392132993765507,86.65204651160224,0.0
1788590834.648018,-14.060195350373741,-4.392132993765507,86.65204651160224,0.0
1788590834.878377,-14.060195350373741,-4.392132993765507,86.65204651160224,0.0
1788590835.0798578,-14.060195350373741,-4.392132993765507,86.65204651160224,0.0
1788590835.281331,-14.077170609016925,-4.376033835261183,86.65204651160224,0.0
1788590835.43417,-14.101449598589177,-4.362398794279802,87.37330539551328,0.0
1788590835.647871,-14.10174279079798,-4.364516352339894,87.37129368225925,0.0
1788590835.940455,-14.060195350373741,-4.392132993765507,86.65204651160224,0.0
1788590836.1612859,-14.060195350373741,-4.392132993765507,86.65204651160224,0.0
1788590836.3641012,-14.104658050783513,-4.367699329973766,87.56305235463151,0.0
1788590836.578658,-14.1014363520143,-4.365424796173084,87.36197366057667,0.0
1788590836.787752,-14.104841160818394,-4.366970242361533,87.4457375453128,0.0
1788590837.001698,-14.060195350373741,-4.392132993765507,86.65204651160224,0.0
1788590840.285772,-14.060195350373741,-4.392132993765507,86.65204651160224,0.0
1788590840.54531,-14.107289720618633,-4.3707496045826755,87.64349245058315,0.0
1788590840.7453198,-14.060195350373741,-4.392132993765507,86.65204651160224,0.0
1788590840.9182541,-14.104832680261413,-4.365899570498112,87.47304672648863,0.0
1788590841.178323,-14.060195350373741,-4.392132993765507,86.65204651160224,0.0
1788590841.3056371,-14.107322238576849,-4.367163995797517,87.5148954225823,0.0
1788590841.4537432,-14.077170609016925,-4.376033835261183,86.65204651160224,0.0
1788590841.579786,-14.060195350373741,-4.392132993765507,86.65204651160224,0.0
1788590841.713253,-14.060195350373741,-4.392132993765507,86.65204651160224,0.0
1788590841.8413792,-14.105328090203102,-4.362789663094296,87.47392059631494,0.0
1788590841.992179,-14.103010030982876,-4.364260416737931,87.43174300086469,0.0
1788590842.153437,-14.060195350373741,-4.392132993765507,86.65204651160224,0.0
1788590842.288479,-14.102595967681916,-4.364379120509346,87.41975651460353,0.0
1788590842.422814,-14.10432145408564,-4.367571188049559,87.63698376371076,0.0
1788590842.5582662,-14.060195350373741,-4.392132993765507,86.65204651160224,0.0
1788590842.700022,-14.103098685390576,-4.3669776698703515,87.37900580314442,0.0
1788590842.828367,-14.107087541665257,-4.366758133676344,87.58966593325636,0.0
1788590842.981462,-14.125619755752922,-4.369545351798222,87.72026830177003,0.0
1788590843.207804,-14.060195350373741,-4.392132993765507,86.65204651160224,0.0
1788590843.382029,-14.060195350373741,-4.392132993765507,86.65204651160224,0.0
1788590843.517972,-14.068054094472787,-4.36012962723721,85.83609480952384,0.0
1788590843.676028,-14.078306067645812,-4.278896206441194,73.64201655727825,0.0
1788590843.842918,-14.111490430264187,-4.2848601722760336,45.46841306379585,0.0
1788590844.015414,-14.110013590532706,-4.251185179168788,18.381651508838388,0.0
1788590844.159882,-13.950225714640949,-4.227117794288395,7.634919611244101,0.0
1788590844.295615,-13.977200077676532,-4.243051457407239,2.09704971719907,0.0
1788590844.4316218,-13.977298385978438,-4.258318383166162,-3.3744070847913576,0.0
1788590844.57428,-13.958301682621794,-4.29336328178363,-2.9398470476709804,0.0
1788590844.709973,-13.944985538970604,-4.199717418485398,-2.719173222407818,0.0
1788590844.854557,-13.957277917050176,-4.238598427943603,-2.862469264269265,0.0
1788590845.079492,-13.944639705874891,-4.2696402975546155,-4.36922023914488,0.0
1788590845.428283,-13.958687857122225,-4.236522720650044,-2.7967505067557568,0.0
1788590845.50128,-13.961181461794672,-4.241928581638481,-3.3744070847913576,0.0
1788590845.7025468,-13.928090776606577,-4.269486411915737,-4.36922023914488,0.0
1788590845.882148,-13.95547823644299,-4.232986996471458,-2.8156542383740657,0.0
1788590846.049296,-13.960334016172467,-4.23540897239785,-2.719870034319257,0.0
1788590846.128674,-13.96219603592163,-4.235516215608676,-2.6841645432320718,0.0
1788590846.321858,-13.94463260789308,-4.241774530527161,-3.3744070847913576,0.0
1788590846.387615,-13.95883319334925,-4.238767388480803,-2.8916142506801634,0.0
1788590846.536122,-13.95928939304332,-4.239118038193956,-2.811388491782793,0.0
1788590846.683797,-13.959411888318934,-4.237516916865136,-2.809652289087296,0.0
1788590846.7749288,-13.944639705874891,-4.2696402975546155,-4.36922023914488,0.0
1788590846.905859,-13.952072809165,-4.237418445740684,-2.8789486837139577,0.0
1788590847.032084,-13.95490890276489,-4.236715870209554,-2.775252495304528,0.0
1788590847.219323,-13.949730740598937,-4.226826491142207,-2.083365353664391,0.0
1788590847.399483,-13.943740188716738,-4.2147691323727905,-2.7504531597505206,0.0
1788590847.561593,-13.959928194710926,-4.234650724420326,-2.8238501849573083,0.0
1788590847.710152,-13.889898058167606,-4.246964929367006,-2.885599978740288,0.0
1788590847.873247,-13.891453900270076,-4.2504902905073125,-2.95934025523124,0.0
1788590848.1535418,-13.944639705874891,-4.2696402975546155,-4.36922023914488,0.0
1788590848.395624,-13.906606589806746,-4.245987060418906,-2.788701034884099,0.0
1788590848.599979,-13.953707576103392,-4.2352796332463685,-2.69984682547107,0.0
1788590848.8145652,-13.944639705874891,-4.2696402975546155,-4.36922023914488,0.0
1788590849.0249422,-13.95672902958275,-4.234689623888145,-2.805991360067054,0.0
1788590849.26085,-13.956465820333115,-4.23379302352431,-2.8132730536266877,0.0
1788590849.485513,-13.954393372469786,-4.235536137711308,-2.818193293043521,0.0
1788590850.2011251,-13.959625869477968,-4.233301307527081,-2.6954846076678507,0.0
1788590850.4890082,-13.954895395652429,-4.233315578087262,-2.746576165145143,0.0
1788590850.728118,-13.890955712947315,-4.212582832824393,-2.8872781585196776,0.0
1788590850.9289448,-13.928476015398429,-4.252227136331372,-4.281669123929021,0.0
1788590851.146476,-13.961181461794672,-4.241928581638481,-3.3744070847913576,0.0
1788590851.391592,-13.958984032071532,-4.23527178855651,-2.774305639875138,0.0
1788590851.584574,-13.955469252076321,-4.236779622062782,-2.8585734272181185,0.0
1788590851.81074,-13.956034057571426,-4.233970731128619,-2.80067318062018,0.0
1788590851.987674,-13.959013832053834,-4.2346709032549406,-2.8229133196796283,0.0
1788590852.191616,-13.965352959861791,-4.260974009994316,-2.108434707772801,0.0
1788590852.388099,-13.928090776606577,-4.269486411915737,-4.36922023914488,0.0
1788590852.5965812,-13.955919101107778,-4.237535746717189,-2.83845271092153,0.0
1788590852.820597,-13.95145763499273,-4.236430391021575,-2.80647643619497,0.0
1788590853.1113129,-13.953786032177103,-4.2352569788935,-2.7870086138452166,0.0
1788590853.373885,-13.905694577967184,-4.248596919856602,-2.792558085495074,0.0
1788590853.6050198,-13.938331520683775,-4.215042668790907,-2.792051087761564,0.0
1788590853.798235,-13.959634134960721,-4.236144178153602,-2.8168555715853643,0.0
1788590853.944721,-13.93913715731709,-4.196823335978391,-2.771316363516121,0.0
1788590854.0904288,-13.941372278141282,-4.199401912548518,-2.7642350222708956,0.0
1788590854.2385962,-13.944207958746201,-4.28587635174605,-4.36922023914488,0.0
1788590854.398454,-13.958120867944235,-4.235744499345969,-2.7706623580142207,0.0
1788590854.560867,-13.957603436631397,-4.232416316251334,-2.7556719405122863,0.0
1788590854.709752,-13.938512809371582,-4.216792269381214,-2.877099178147006,0.0
1788590854.862654,-13.960749543764726,-4.258164418889544,-3.3744070847913576,0.0
1788590855.02598,-13.959825928640448,-4.2339554517244835,-2.756343512837333,0.0
1788590855.1581812,-13.956844430822343,-4.2388632663553265,-2.836300918945284,0.0
1788590855.3763819,-13.959144724317708,-4.233816591721517,-2.7833214840269704,0.0
1788590855.570818,-13.928090776606577,-4.269486411915737,-4.36922023914488,0.0
1788590855.717477,-13.944639705874891,-4.2696402975546155,-4.36922023914488,0.0
1788590855.8939252,-13.961181461794672,-4.241928581638481,-3.3744070847913576,0.0
1788590856.065204,-13.957299219769583,-4.23160416076039,-2.8193651556498764,0.0
1788590856.19932,-13.956355060260785,-4.235452133014866,-2.65418004216059,0.0
1788590856.3295958,-13.957979935463385,-4.232716320998134,-2.717967734899588,0.0
1788590856.4727402,-13.957284392459046,-4.23644100678662,-2.752232098027065,0.0
1788590856.6114602,-13.955147250680241,-4.233198790853339,-2.7662231624966864,0.0
1788590856.758053,-13.961181461794672,-4.241928581638481,-3.3744070847913576,0.0
1788590856.891944,-13.94463260789308,-4.241774530527161,-3.3744070847913576,0.0
1788590857.042708,-13.95746158949278,-4.232464591193682,-2.7107556411874327,0.0
1788590857.179935,-14.15083587214337,-4.211754063558354,4.855770532520239,0.0
1788590857.378923,-14.273896303528888,-4.28678506751362,37.50572384513157,0.0
1788590857.5811799,-14.256843653675274,-4.249628017985333,67.12220064425674,0.0
1788590857.766699,-14.193143205230493,-4.152963257759793,76.19602703775831,0.0
1788590858.031878,-14.150810285460235,-4.219552167746418,81.24831052154303,0.0
1788590858.186641,-14.169999861505534,-4.231091233881935,85.77137265225468,0.0
1788590858.320083,-14.175797870754673,-4.248016307046284,84.88726501212756,0.0
1788590858.4590342,-14.222327302268816,-4.2068578639953484,86.04890594756307,0.0
1788590858.588178,-14.175797870754673,-4.248016307046284,84.88726501212756,0.0
1788590858.742336,-14.175797870754673,-4.248016307046284,84.88726501212756,0.0
1788590858.900002,-14.18122054161346,-4.187615064780573,85.9094504795545,0.0
1788590859.067955,-14.197593962091334,-4.2209152804408765,86.0224502644561,0.0
1788590859.248425,-14.197407099992937,-4.2268691965877245,85.98446953525263,0.0
1788590859.5599518,-14.186975983778314,-4.214995788881884,85.77137265225468,0.0
1788590859.587623,-14.181651088381813,-4.188420872072358,85.86158846467754,0.0
1788590859.7436612,-14.175797870754673,-4.248016307046284,84.88726501212756,0.0
1788590859.900241,-14.18655142333041,-4.231238863632752,85.77137265225468,0.0
1788590860.007931,-14.175797870754673,-4.248016307046284,84.88726501212756,0.0
1788590860.24807,-14.175797870754673,-4.248016307046284,84.88726501212756,0.0
1788590860.620424,-14.169999861505534,-4.231091233881935,85.77137265225468,0.0
1788590861.27518,-14.182474755136806,-4.185486489860492,85.87917050717238,0.0
1788590861.647987,-14.186975983778314,-4.214995788881884,85.77137265225468,0.0
1788590861.828219,-14.194381489631972,-4.229351945426876,86.0140562377589,0.0
1788590862.0179,-14.191676287722482,-4.222960802913446,85.87918809040218,0.0
1788590862.165326,-14.18655142333041,-4.231238863632752,85.77137265225468,0.0
1788590862.321454,-14.195650696820303,-4.227081036107859,86.0027499270227,0.0
1788590862.470772,-14.182024763811649,-4.189912755961307,85.91978304403472,0.0
1788590862.666618,-14.175797870754673,-4.248016307046284,84.88726501212756,0.0
1788590862.938217,-14.176222233431144,-4.231773119601434,84.88726501212756,0.0
1788590863.158638,-14.169999861505534,-4.231091233881935,85.77137265225468,0.0
1788590863.3664792,-14.17918367792516,-4.186568726853858,85.82473331324962,0.0
1788590863.581889,-14.176222233431144,-4.231773119601434,84.88726501212756,0.0
1788590863.832097,-14.18655142333041,-4.231238863632752,85.77137265225468,0.0
1788590864.0526621,-14.176222233431144,-4.231773119601434,84.88726501212756,0.0
1788590864.278997,-14.196845736569033,-4.2270719019203655,85.9545017183205,0.0
1788590864.728108,-14.183634225776084,-4.189565819916259,85.99557297278665,0.0
1788590865.5252962,-14.21780872229766,-4.206235925159389,85.89522753533743,0.0
1788590865.732998,-14.218885911419772,-4.2064072340774405,85.95082693039228,0.0
1788590865.951683,-14.186975983778314,-4.214995788881884,85.77137265225468,0.0
1788590866.1601548,-14.185609061996416,-4.227942152990771,85.0029091672132,0.0
1788590866.4054341,-14.18655142333041,-4.231238863632752,85.77137265225468,0.0
1788590866.684733,-14.175797870754673,-4.248016307046284,84.88726501212756,0.0
1788590866.910089,-14.18655142333041,-4.231238863632752,85.77137265225468,0.0
1788590867.129845,-14.176222233431144,-4.231773119601434,84.88726501212756,0.0
1788590867.2819278,-14.175797870754673,-4.248016307046284,84.88726501212756,0.0
1788590867.534951,-14.195886975908023,-4.223900659803209,85.92967761833438,0.0
1788590867.7995362,-14.150389036741705,-4.298513446716458,82.16014165643844,0.0
1788590868.053519,-14.220865319120096,-4.209266954221951,86.05128313041155,0.0
1788590868.262656,-14.186975983778314,-4.214995788881884,85.77137265225468,0.0
1788590868.5076768,-14.18655142333041,-4.231238863632752,85.77137265225468,0.0
1788590868.691634,-14.175797870754673,-4.248016307046284,84.88726501212756,0.0
1788590868.8830662,-14.176222233431144,-4.231773119601434,84.88726501212756,0.0
1788590869.264852,-14.176222233431144,-4.231773119601434,84.88726501212756,0.0
1788590869.408149,-14.217840511651971,-4.116380679284658,81.50601911878027,0.0
1788590869.541429,-14.146205891731983,-4.109624888391558,65.74366763602427,0.0
1788590869.7579598,-14.224333469971521,-4.144711452801562,34.96806963638912,0.0
1788590869.89183,-14.163559363650393,-4.082323766597242,2.1037082922470347,0.0
1788590870.05812,-14.13879183696104,-4.1047268978269225,-7.892433229605217,0.0
1788590870.245889,-14.103597504529171,-4.118347692096583,-17.102819478796647,0.0
1788590870.4667919,-14.060143662082982,-4.115999446267691,-20.426426527595424,0.0
1788590870.627684,-14.110860611593688,-4.15110112734513,-22.268118390300685,0.0
1788590870.77069,-14.077411862048407,-4.0994195656554595,-21.912267650285088,0.0
1788590870.989063,-14.079586932055811,-4.0999939085631025,-21.749549291017786,0.0
1788590871.1646569,-14.079790164636348,-4.097372140262362,-21.796305767780467,0.0
1788590871.315221,-14.06405171976221,-4.118614707766884,-20.907162091058353,0.0
1788590871.541693,-14.071412342621999,-4.125316017808401,-20.963631764802784,0.0
1788590871.802648,-14.075904234268092,-4.151765234396051,-20.606824386892498,0.0
1788590872.0793269,-14.06987167833946,-4.118774779113138,-20.89473334337805,0.0
1788590872.332166,-14.073264182862365,-4.12400323389378,-20.983593010931713,0.0
1788590872.854282,-14.07939227432792,-4.102149437913336,-21.79378828089162,0.0
1788590872.9893801,-14.07651972141008,-4.101273669517419,-21.839035670712207,0.0
1788590873.199358,-14.077815272158345,-4.100483003248479,-21.840285683252006,0.0
1788590873.308937,-14.067243281729235,-4.119788042254198,-20.82271056453274,0.0
1788590873.470678,-14.061262399756403,-4.1172083615415005,-20.804922458403894,0.0
1788590873.63243,-14.07193031271486,-4.127701155373168,-21.073298746753807,0.0
1788590873.774317,-14.07209931186052,-4.126717894263984,-21.080350488514995,0.0
1788590873.9415438,-14.026830552267889,-4.1396901579889995,-20.735203795208122,0.0
1788590874.1266701,-14.027119208309129,-4.1414110037797744,-20.793971919319688,0.0
1788590874.2661362,-14.027500803741694,-4.080269747377607,-21.41914309530881,0.0
1788590874.3963661,-14.109756599651089,-4.151871201926967,-22.289145717122523,0.0
1788590874.593049,-14.068888981285777,-4.123354150310901,-20.90571324292125,0.0
1788590874.7987578,-14.072868619734933,-4.121835873960624,-20.983313611025153,0.0
1788590875.072128,-14.068471235310193,-4.123639263308406,-20.93448606224493,0.0
1788590875.2607841,-14.076389800335702,-4.103031964307687,-21.784304145209944,0.0
1788590875.461424,-14.069400737897979,-4.1235721954526525,-21.002142367832846,0.0
1788590875.668614,-14.077576207953815,-4.100912719771895,-21.84280989686235,0.0
1788590875.8919702,-14.076998617526638,-4.099148329422951,-21.746614609377758,0.0
1788590876.568955,-14.070446721216653,-4.125763848579224,-21.02388257014485,0.0
1788590876.7641642,-14.075656832873356,-4.157271106062284,-20.679226010492982,0.0
1788590876.959927,-14.074068637032823,-4.1047910319117875,-21.862263301130838,0.0
1788590877.17547,-14.065350505026457,-4.1221523255706884,-20.86802234160757,0.0
1788590877.3973389,-14.026242237542167,-4.138922095107862,-20.732565238227323,0.0
1788590877.6277602,-14.075320975966225,-4.099565167467687,-21.77816567430395,0.0
1788590877.824115,-14.11351444558943,-4.155272020639979,-22.459568687091206,0.0
1788590878.024229,-14.070374241231736,-4.1271038962278634,-20.93247445138175,0.0
1788590878.2231932,-14.064790990997059,-4.120957331738272,-20.918381357652635,0.0
1788590878.412904,-14.070052918943578,-4.122902959417343,-20.937902488056864,0.0
1788590878.621942,-14.078271290492536,-4.0969082422219465,-21.790735336799457,0.0
1788590878.8083599,-14.079993927928333,-4.098028704604221,-21.77173627057627,0.0
1788590879.000467,-14.07741676841062,-4.100451936987361,-21.847933622034105,0.0
1788590879.2211552,-14.076862489289638,-4.102048291057647,-21.81281078415512,0.0
1788590879.409302,-14.077360408138698,-4.10117589088729,-21.79352752562582,0.0
1788590879.601871,-14.069825000253696,-4.12424073121788,-20.96563001641718,0.0
1788590882.9018052,-14.064428510581251,-4.114696377471342,-20.756643126318323,0.0
1788590883.059701,-14.07701238833347,-4.0990239309193015,-21.79967956630722,0.0
1788590883.213852,-14.24613092212947,-4.089382840068427,-14.911148677386507,0.0
1788590883.369262,-14.40769670632452,-4.07189883616127,9.025081400919532,0.0
1788590883.521922,-14.442844790146362,-4.099826295075804,42.42669963363031,0.0
1788590883.67106,-14.320905567664804,-3.976708494548083,60.34238042192885,0.0
1788590883.860793,-14.313481068184341,-3.9442692486515623,73.32239975094558,0.0
1788590884.015723,-14.288908342798042,-3.944834344149445,81.11447543071199,0.0
1788590884.189184,-14.330172320445888,-3.929490321807151,85.89382564192249,0.0
1788590884.494959,-14.316418447195419,-3.9406088380450557,84.89743997002097,0.0
1788590884.7826078,-14.328222302634455,-3.9341485358558956,85.78231449733778,0.0
1788590884.975469,-14.316418447195419,-3.9406088380450557,84.89743997002097,0.0
1788590885.111713,-14.316846281342062,-3.9243687375388285,84.89743997002097,0.0
1788590885.299681,-14.316418447195419,-3.9406088380450557,84.89743997002097,0.0
1788590885.875645,-14.350583489248164,-3.878127092527105,85.15800407793017,0.0
1788590885.891754,-14.316846281342062,-3.9243687375388285,84.89743997002097,0.0
1788590886.132499,-14.316418447195419,-3.9406088380450557,84.89743997002097,0.0
1788590886.329088,-14.332968831802074,-3.940759208708882,84.89743997002097,0.0
1788590886.630465,-14.316846281342062,-3.9243687375388285,84.89743997002097,0.0
1788590886.697472,-14.34687588785223,-3.9178592405108414,85.36927307906637,0.0
1788590886.851296,-14.316418447195419,-3.9406088380450557,84.89743997002097,0.0
1788590887.071179,-14.328045425690492,-3.9342664947691746,85.49942241388214,0.0
1788590887.2077172,-14.316418447195419,-3.9406088380450557,84.89743997002097,0.0
1788590887.3498712,-14.316846281342062,-3.9243687375388285,84.89743997002097,0.0
1788590887.484674,-14.316418447195419,-3.9406088380450557,84.89743997002097,0.0
1788590887.6948678,-14.316418447195419,-3.9406088380450557,84.89743997002097,0.0
1788590887.877074,-14.316418447195419,-3.9406088380450557,84.89743997002097,0.0
1788590888.105092,-14.330349187040035,-3.931682007731199,85.8329175162961,0.0
1788590888.250326,-14.316846281342062,-3.9243687375388285,84.89743997002097,0.0
1788590888.38914,-14.316418447195419,-3.9406088380450557,84.89743997002097,0.0
1788590888.5754151,-14.316418447195419,-3.9406088380450557,84.89743997002097,0.0
1788590888.787658,-14.316846281342062,-3.9243687375388285,84.89743997002097,0.0
1788590888.9950101,-14.291393134217893,-3.9445434561827826,85.64771505736917,0.0
1788590889.2132978,-14.294515757348975,-3.941312355485191,85.83036597799924,0.0
1788590889.518444,-14.329845389423669,-3.9343896505007887,85.71832344199277,0.0
1788590889.765236,-14.316846281342062,-3.9243687375388285,84.89743997002097,0.0
1788590889.979274,-14.316846281342062,-3.9243687375388285,84.89743997002097,0.0
1788590890.1660001,-14.316418447195419,-3.9406088380450557,84.89743997002097,0.0
1788590890.8355122,-14.316418447195419,-3.9406088380450557,84.89743997002097,0.0
1788590891.050194,-14.316846281342062,-3.9243687375388285,84.89743997002097,0.0
1788590891.2592819,-14.316418447195419,-3.9406088380450557,84.89743997002097,0.0
1788590891.476009,-14.316846281342062,-3.9243687375388285,84.89743997002097,0.0
1788590891.679266,-14.316846281342062,-3.9243687375388285,84.89743997002097,0.0
1788590891.926377,-14.316846281342062,-3.9243687375388285,84.89743997002097,0.0
1788590892.190134,-14.316846281342062,-3.9243687375388285,84.89743997002097,0.0
1788590892.4155142,-14.316846281342062,-3.9243687375388285,84.89743997002097,0.0
1788590892.573038,-14.332207235764056,-3.931403303564363,85.90246683755424,0.0
1788590892.806319,-14.316418447195419,-3.9406088380450557,84.89743997002097,0.0
1788590893.0292978,-14.316846281342062,-3.9243687375388285,84.89743997002097,0.0
1788590893.2442791,-14.316846281342062,-3.9243687375388285,84.89743997002097,0.0
1788590893.4446878,-14.316846281342062,-3.9243687375388285,84.89743997002097,0.0
1788590893.6806242,-14.316846281342062,-3.9243687375388285,84.89743997002097,0.0
1788590893.8952808,-14.316418447195419,-3.9406088380450557,84.89743997002097,0.0
1788590894.1111412,-14.316418447195419,-3.9406088380450557,84.89743997002097,0.0
1788590894.432888,-14.316846281342062,-3.9243687375388285,84.89743997002097,0.0
1788590894.669135,-14.316418447195419,-3.9406088380450557,84.89743997002097,0.0
1788590894.883826,-14.316846281342062,-3.9243687375388285,84.89743997002097,0.0
1788590895.0483,-14.365648214685416,-3.92286216698351,85.52839653527872,0.0
1788590895.2096472,-14.316846281342062,-3.9243687375388285,84.89743997002097,0.0
1788590895.406162,-14.316846281342062,-3.9243687375388285,84.89743997002097,0.0
1788590895.5637472,-14.316846281342062,-3.9243687375388285,84.89743997002097,0.0
1788590895.720132,-14.316418447195419,-3.9406088380450557,84.89743997002097,0.0
1788590895.864321,-14.316846281342062,-3.9243687375388285,84.89743997002097,0.0
1788590896.0253482,-14.316846281342062,-3.9243687375388285,84.89743997002097,0.0
1788590896.211589,-14.316418447195419,-3.9406088380450557,84.89743997002097,0.0
1788590896.3693671,-14.316418447195419,-3.9406088380450557,84.89743997002097,0.0
1788590896.524759,-14.316846281342062,-3.9243687375388285,84.89743997002097,0.0
1788590896.6950662,-14.316846281342062,-3.9243687375388285,84.89743997002097,0.0
1788590896.964876,-14.292586171096605,-3.9373559285305304,85.78632513232628,0.0
1788590897.161955,-14.316846281342062,-3.9243687375388285,84.89743997002097,0.0
1788590897.3125792,-14.316418447195419,-3.9406088380450557,84.89743997002097,0.0
1788590897.47763,-14.316418447195419,-3.9406088380450557,84.89743997002097,0.0
1788590897.634368,-14.316418447195419,-3.9406088380450557,84.89743997002097,0.0
1788590897.789462,-14.316846281342062,-3.9243687375388285,84.89743997002097,0.0
1788590897.933058,-14.316846281342062,-3.9243687375388285,84.89743997002097,0.0
1788590898.075076,-14.316846281342062,-3.9243687375388285,84.89743997002097,0.0
1788590898.217524,-14.316846281342062,-3.9243687375388285,84.89743997002097,0.0
1788590898.365362,-14.316846281342062,-3.9243687375388285,84.89743997002097,0.0
1788590898.524873,-14.316418447195419,-3.9406088380450557,84.89743997002097,0.0
1788590898.696875,-14.316418447195419,-3.9406088380450557,84.89743997002097,0.0
1788590898.878314,-14.316846281342062,-3.9243687375388285,84.89743997002097,0.0
1788590899.176666,-14.316418447195419,-3.9406088380450557,84.89743997002097,0.0
1788590899.504857,-14.316846281342062,-3.9243687375388285,84.89743997002097,0.0
1788590899.7832608,-14.316418447195419,-3.9406088380450557,84.89743997002097,0.0
1788590899.999995,-14.316418447195419,-3.9406088380450557,84.89743997002097,0.0
1788590900.1705458,-14.316846281342062,-3.9243687375388285,84.89743997002097,0.0
1788590900.326633,-14.316418447195419,-3.9406088380450557,84.89743997002097,0.0
1788590900.471565,-14.316846281342062,-3.9243687375388285,84.89743997002097,0.0
1788590900.6232169,-14.316846281342062,-3.9243687375388285,84.89743997002097,0.0
1788590900.7567942,-14.316418447195419,-3.9406088380450557,84.89743997002097,0.0
1788590900.927876,-14.316418447195419,-3.9406088380450557,84.89743997002097,0.0
1788590901.1629078,-14.316846281342062,-3.9243687375388285,84.89743997002097,0.0
1788590901.298778,-14.316846281342062,-3.9243687375388285,84.89743997002097,0.0
1788590901.4390929,-14.316846281342062,-3.9243687375388285,84.89743997002097,0.0
1788590901.573385,-14.316846281342062,-3.9243687375388285,84.89743997002097,0.0
1788590901.7275672,-14.316418447195419,-3.9406088380450557,84.89743997002097,0.0
1788590901.965461,-14.316418447195419,-3.9406088380450557,84.89743997002097,0.0
1788590902.232251,-14.316418447195419,-3.9406088380450557,84.89743997002097,0.0
1788590902.38818,-14.346943968614163,-3.949863066182589,83.73941753240751,0.0
1788590902.599465,-14.316846281342062,-3.9243687375388285,84.89743997002097,0.0
1788590902.777389,-14.329250441426526,-3.9352856007258863,85.69153662305365,0.0
1788590902.9318569,-14.316418447195419,-3.9406088380450557,84.89743997002097,0.0
1788590903.111711,-14.316846281342062,-3.9243687375388285,84.89743997002097,0.0
1788590903.3748832,-14.316418447195419,-3.9406088380450557,84.89743997002097,0.0
1788590903.576201,-14.332193939443997,-3.9298915618774037,85.91695503019594,0.0
1788590903.8319318,-14.316846281342062,-3.9243687375388285,84.89743997002097,0.0
1788590904.047433,-14.316418447195419,-3.9406088380450557,84.89743997002097,0.0
1788590904.2690601,-14.330097364358236,-3.937242779385875,85.65701872399598,0.0
1788590904.657773,-14.329239083231226,-3.9339996834207613,85.79429601361898,0.0
1788590904.858752,-14.360496590019341,-3.918827504619735,85.22602167136608,0.0
1788590905.0721312,-14.316846281342062,-3.9243687375388285,84.89743997002097,0.0
1788590905.330047,-14.316846281342062,-3.9243687375388285,84.89743997002097,0.0
1788590905.4768262,-14.316418447195419,-3.9406088380450557,84.89743997002097,0.0
1788590905.693351,-14.316846281342062,-3.9243687375388285,84.89743997002097,0.0
1788590905.903739,-14.316418447195419,-3.9406088380450557,84.89743997002097,0.0
1788590906.122653,-14.316846281342062,-3.9243687375388285,84.89743997002097,0.0
1788590906.314337,-14.316418447195419,-3.9406088380450557,84.89743997002097,0.0
1788590906.51261,-14.330215071133487,-3.9335812394505254,85.7862500389632,0.0
1788590906.744977,-14.316846281342062,-3.9243687375388285,84.89743997002097,0.0
1788590907.0665321,-14.331489735142643,-3.9296022438431657,85.95983203931127,0.0
1788590907.264997,-14.316418447195419,-3.9406088380450557,84.89743997002097,0.0
1788590907.454241,-14.316846281342062,-3.9243687375388285,84.89743997002097,0.0
1788590907.612103,-14.316418447195419,-3.9406088380450557,84.89743997002097,0.0
1788590907.7510688,-14.316846281342062,-3.9243687375388285,84.89743997002097,0.0
1788590907.915013,-14.316846281342062,-3.9243687375388285,84.89743997002097,0.0
1788590908.061101,-14.316846281342062,-3.9243687375388285,84.89743997002097,0.0
1788590908.209363,-14.316418447195419,-3.9406088380450557,84.89743997002097,0.0
1788590908.371201,-14.316418447195419,-3.9406088380450557,84.89743997002097,0.0
1788590908.515622,-14.316418447195419,-3.9406088380450557,84.89743997002097,0.0
1788590908.6778848,-14.289948619320208,-3.940825064087872,85.6741538219768,0.0
1788590908.8210251,-14.316846281342062,-3.9243687375388285,84.89743997002097,0.0
1788590908.969907,-14.316418447195419,-3.9406088380450557,84.89743997002097,0.0
1788590909.110081,-14.367610845308503,-3.9236479178753227,85.54839024650636,0.0
1788590909.359335,-14.332968831802074,-3.940759208708882,84.89743997002097,0.0
1788590909.6136131,-14.316418447195419,-3.9406088380450557,84.89743997002097,0.0
1788590909.759134,-14.316418447195419,-3.9406088380450557,84.89743997002097,0.0
1788590909.923543,-14.316846281342062,-3.9243687375388285,84.89743997002097,0.0
1788590910.0895622,-14.316846281342062,-3.9243687375388285,84.89743997002097,0.0
1788590910.243683,-14.371360036438702,-3.9185028636346737,85.71325147972419,0.0
1788590910.409874,-14.316846281342062,-3.9243687375388285,84.89743997002097,0.0
1788590910.5608552,-14.316418447195419,-3.9406088380450557,84.89743997002097,0.0
1788590910.7272298,-14.316418447195419,-3.9406088380450557,84.89743997002097,0.0
1788590910.884087,-14.316846281342062,-3.9243687375388285,84.89743997002097,0.0
1788590911.035722,-14.316418447195419,-3.9406088380450557,84.89743997002097,0.0
1788590911.191194,-14.316418447195419,-3.9406088380450557,84.89743997002097,0.0
1788590911.346108,-14.316846281342062,-3.9243687375388285,84.89743997002097,0.0
1788590911.548594,-14.316418447195419,-3.9406088380450557,84.89743997002097,0.0
1788590911.732332,-14.316846281342062,-3.9243687375388285,84.89743997002097,0.0
1788590911.907535,-14.316846281342062,-3.9243687375388285,84.89743997002097,0.0
1788590912.070945,-14.316418447195419,-3.9406088380450557,84.89743997002097,0.0
1788590912.2847219,-14.316846281342062,-3.9243687375388285,84.89743997002097,0.0
1788590912.4452622,-14.360506587616419,-3.9184117844386237,85.1982233328875,0.0
1788590912.61467,-14.316418447195419,-3.9406088380450557,84.89743997002097,0.0
1788590912.776493,-14.316418447195419,-3.9406088380450557,84.89743997002097,0.0
1788590912.92315,-14.299297489850122,-3.9242782173172066,84.81194593901239,0.0
1788590913.081121,-14.316846281342062,-3.9243687375388285,84.89743997002097,0.0
1788590913.273241,-14.316846281342062,-3.9243687375388285,84.89743997002097,0.0
1788590913.4233742,-14.316846281342062,-3.9243687375388285,84.89743997002097,0.0
1788590913.607321,-14.316418447195419,-3.9406088380450557,84.89743997002097,0.0
1788590913.753084,-14.316846281342062,-3.9243687375388285,84.89743997002097,0.0
1788590913.910261,-14.316418447195419,-3.9406088380450557,84.89743997002097,0.0
1788590914.081405,-14.330116147506546,-3.9340028785996726,85.86734999100861,0.0
1788590914.25538,-14.316846281342062,-3.9243687375388285,84.89743997002097,0.0
1788590914.42341,-14.316418447195419,-3.9406088380450557,84.89743997002097,0.0
1788590914.6679208,-14.316846281342062,-3.9243687375388285,84.89743997002097,0.0
1788590914.876939,-14.316846281342062,-3.9243687375388285,84.89743997002097,0.0
1788590915.0700831,-14.316418447195419,-3.9406088380450557,84.89743997002097,0.0
1788590915.216932,-14.316846281342062,-3.9243687375388285,84.89743997002097,0.0
1788590915.3639,-14.316418447195419,-3.9406088380450557,84.89743997002097,0.0
1788590915.508779,-14.339735444675604,-3.880476799200163,85.21455004332381,0.0
1788590915.7094662,-14.32984898463626,-3.9323275242779268,85.8399946501766,0.0
1788590915.918845,-14.316418447195419,-3.9406088380450557,84.89743997002097,0.0
1788590916.2132869,-14.316846281342062,-3.9243687375388285,84.89743997002097,0.0
