turn,commanded,t_rel,seq,now,flags,x,y,h,ox,oy,oh,vl,vr,i2cf,cyc,posl,posr,dutl,dutr,lexc,wrng,cycovr
1,90,-0.011,50,3670305,31,10,-4,73767,0,0,0,0,0,32,2202,-11480,12350,0,0,0,1,0
1,90,0.029,51,3670355,31,10,-4,73767,0,0,0,0,0,32,2202,-11480,12350,0,0,0,1,0
1,90,0.086,52,3670411,31,10,-4,73767,0,0,0,0,0,32,2202,-11480,12350,0,0,0,1,0
1,90,0.143,53,3670467,31,10,-4,73767,0,0,0,0,0,32,2202,-11480,12350,0,0,0,1,0
1,90,0.197,54,3670523,31,10,-4,73767,0,0,0,0,0,32,2202,-11480,12350,0,0,0,1,0
1,90,0.255,55,3670579,31,10,-4,73767,0,0,0,0,0,32,2202,-11480,12350,0,0,0,1,0
1,90,0.309,56,3670635,31,10,-4,73767,0,0,0,0,0,32,2202,-11480,12350,0,0,0,1,0
1,90,0.366,57,3670691,31,10,-4,73767,0,0,0,0,0,32,2202,-11480,12350,0,0,0,1,0
1,90,0.486,59,3670803,31,10,-4,73767,0,0,0,0,0,32,2202,-11480,12350,0,0,0,1,0
1,90,0.53,60,3670855,31,10,-4,73767,0,0,0,0,0,32,2202,-11480,12350,0,0,0,1,0
1,90,0.586,61,3670911,31,10,-4,73767,0,0,0,0,0,32,2202,-11480,12350,0,0,0,1,0
1,90,0.643,62,3670967,31,10,-4,73767,0,0,0,0,0,32,2202,-11480,12350,0,0,0,1,0
1,90,0.697,63,3671023,31,10,-4,73767,0,0,0,0,0,32,2202,-11480,12350,0,0,0,1,0
1,90,0.811,65,3671135,31,10,-4,73767,0,0,0,0,0,32,2202,-11480,12350,0,0,0,1,0
1,90,0.865,66,3671191,31,10,-4,73767,0,0,0,0,0,32,2202,-11480,12350,0,0,0,1,0
1,90,0.923,67,3671247,31,10,-4,73767,0,0,0,0,0,32,2202,-11480,12350,0,0,0,1,0
1,90,0.977,68,3671303,31,10,-4,73767,0,0,0,0,0,32,2202,-11480,12350,0,0,0,1,0
1,90,1.09,70,3671415,31,10,-4,73767,0,0,0,0,0,32,2202,-11480,12350,0,0,0,1,0
1,90,1.146,71,3671471,31,10,-4,73767,0,0,0,0,0,32,2202,-11480,12350,0,0,0,1,0
1,90,1.315,74,3671639,31,10,-4,73767,0,0,0,0,0,32,2202,-11480,12350,0,0,0,1,0
1,90,1.369,75,3671695,31,10,-4,73767,0,0,0,0,0,32,2202,-11480,12350,0,0,0,1,0
1,90,1.426,76,3671751,31,10,-4,73767,0,0,0,0,0,32,2202,-11480,12350,0,0,0,1,0
1,90,1.485,77,3671807,31,10,-4,73767,0,0,0,0,0,32,2202,-11480,12350,0,0,0,1,0
1,90,1.546,78,3671863,31,10,-4,73767,0,0,0,0,0,32,2202,-11480,12350,0,0,0,1,0
1,90,1.591,79,3671915,31,10,-4,73767,0,0,0,0,0,32,2202,-11480,12350,0,0,0,1,0
1,90,1.648,80,3671971,31,10,-4,73767,0,0,0,0,0,32,2202,-11480,12350,0,0,0,1,0
1,90,1.758,82,3672083,31,10,-4,73767,0,0,0,0,0,32,2202,-11480,12350,0,0,0,1,0
1,90,1.814,83,3672139,31,10,-4,73767,0,0,0,0,0,32,2202,-11480,12350,0,0,0,1,0
1,90,1.87,84,3672195,31,10,-4,73767,0,0,0,0,0,32,2202,-11480,12350,0,0,0,1,0
1,90,1.926,85,3672251,31,10,-4,73767,0,0,0,0,0,32,2202,-11480,12350,0,0,0,1,0
1,90,1.982,86,3672307,31,10,-4,73767,0,0,0,0,0,32,2202,-11480,12350,0,0,0,1,0
1,90,2.038,87,3672363,31,10,-4,73767,0,0,0,0,0,32,2202,-11480,12350,0,0,0,1,0
1,90,2.094,88,3672419,31,10,-4,73767,0,0,0,0,0,32,2202,-11480,12350,0,0,0,1,0
1,90,2.15,89,3672475,31,10,-4,73767,0,0,0,0,0,32,2202,-11480,12350,0,0,0,1,0
1,90,2.206,90,3672531,31,10,-4,73767,0,0,0,0,0,32,2202,-11480,12350,0,0,0,1,0
1,90,2.318,92,3672643,31,10,-4,73767,0,0,0,0,0,32,2202,-11480,12350,0,0,0,1,0
1,90,2.373,93,3672699,31,10,-4,73767,0,0,0,0,0,32,2202,-11480,12350,0,0,0,1,0
1,90,2.429,94,3672755,31,10,-4,73767,0,0,0,0,0,32,2202,-11480,12350,0,0,0,1,0
1,90,2.486,95,3672811,31,10,-4,73767,0,0,0,0,0,32,2202,-11480,12350,0,0,0,1,0
1,90,2.544,96,3672867,31,10,-4,73767,0,0,0,0,0,32,2202,-11480,12350,0,0,0,1,0
1,90,2.61,97,3672923,31,10,-4,73767,0,0,0,0,0,32,2202,-11480,12350,0,0,0,1,0
1,90,2.65,98,3672975,31,10,-4,73767,0,0,0,0,0,32,2202,-11480,12350,0,0,0,1,0
1,90,2.707,99,3673031,31,10,-4,73767,0,0,0,0,0,32,2202,-11480,12350,0,0,0,1,0
1,90,2.761,100,3673087,31,10,-4,73767,0,0,0,0,0,32,2202,-11480,12350,0,0,0,1,0
1,90,2.818,101,3673143,31,10,-4,73767,0,0,0,0,0,32,2202,-11480,12350,0,0,0,1,0
1,90,2.873,102,3673199,31,10,-4,73767,0,0,0,0,0,32,2202,-11480,12350,0,0,0,1,0
1,90,2.929,103,3673255,31,10,-4,73767,0,0,0,0,0,32,2202,-11480,12350,0,0,0,1,0
1,90,2.987,104,3673311,31,10,-4,73767,0,0,0,0,0,32,2202,-11480,12350,0,0,0,1,0
1,90,3.042,105,3673368,31,10,-4,73767,0,0,0,0,0,32,2202,-11480,12350,0,0,0,1,0
1,90,3.095,106,3673419,31,10,-4,73800,0,0,0,-8,20,32,2204,-11483,12358,-1000,1000,0,1,0
1,90,3.167,107,3673491,31,10,-4,73982,0,0,0,-18,32,32,2207,-11511,12391,-1200,1100,0,1,0
1,90,3.239,108,3673563,31,11,-4,74230,0,0,0,-41,47,32,2210,-11547,12438,-1400,1300,0,1,0
1,90,3.313,109,3673635,31,11,-4,74570,0,0,0,-50,82,32,2213,-11594,12505,-2000,1900,0,1,0
1,90,3.386,110,3673707,31,12,-4,75134,0,0,0,-96,105,32,2216,-11683,12605,-2400,2400,0,1,0
1,90,3.441,111,3673757,31,12,-3,75624,0,0,0,-105,137,32,2218,-11761,12691,-2600,2600,0,1,0
1,90,3.576,113,3673899,31,12,-3,77574,0,0,0,-172,187,32,2224,-12075,13030,-2900,2900,0,1,0
1,90,3.718,115,3674043,31,13,-2,79706,0,0,0,-172,170,32,2230,-12425,13394,-2700,2800,0,1,0
1,90,3.863,117,3674187,31,13,-2,81787,0,0,0,-178,172,32,2236,-12769,13747,-2700,2600,0,1,0
1,90,4.039,118,3674364,31,13,-3,83247,0,0,0,0,0,32,2246,-13033,13972,0,0,0,1,0
1,90,4.146,120,3674467,31,13,-3,83247,0,0,0,0,0,32,2248,-13033,13972,0,0,0,1,0
1,90,4.197,121,3674523,31,13,-3,83247,0,0,0,0,0,32,2248,-13033,13972,0,0,0,1,0
1,90,4.253,122,3674579,31,13,-3,83247,0,0,0,0,0,32,2248,-13033,13972,0,0,0,1,0
1,90,4.365,124,3674691,31,13,-3,83247,0,0,0,0,0,32,2248,-13033,13972,0,0,0,1,0
1,90,4.421,125,3674747,31,13,-3,83247,0,0,0,0,0,32,2248,-13033,13972,0,0,0,1,0
1,90,4.478,126,3674803,31,13,-3,83247,0,0,0,0,0,32,2248,-13033,13972,0,0,0,1,0
1,90,4.534,127,3674859,31,13,-3,83247,0,0,0,0,0,32,2248,-13033,13972,0,0,0,1,0
1,90,4.592,0,3674915,31,13,-3,83247,0,0,0,0,0,32,2248,-13033,13972,0,0,0,1,0
1,90,4.647,1,3674971,31,13,-3,83247,0,0,0,0,0,32,2248,-13033,13972,0,0,0,1,0
1,90,4.702,2,3675027,31,13,-3,83247,0,0,0,0,0,32,2248,-13033,13972,0,0,0,1,0
1,90,4.758,3,3675083,31,13,-3,83247,0,0,0,0,0,32,2248,-13033,13972,0,0,0,1,0
1,90,4.816,4,3675139,31,13,-3,83247,0,0,0,0,0,32,2248,-13033,13972,0,0,0,1,0
1,90,4.87,5,3675195,31,13,-3,83247,0,0,0,0,0,32,2248,-13033,13972,0,0,0,1,0
1,90,4.99,7,3675307,31,13,-3,83247,0,0,0,0,0,32,2248,-13033,13972,0,0,0,1,0
1,90,5.034,8,3675359,31,13,-3,83247,0,0,0,0,0,32,2248,-13033,13972,0,0,0,1,0
1,90,5.089,9,3675415,31,13,-3,83247,0,0,0,0,0,32,2248,-13033,13972,0,0,0,1,0
1,90,5.146,10,3675471,31,13,-3,83247,0,0,0,0,0,32,2248,-13033,13972,0,0,0,1,0
1,90,5.202,11,3675527,31,13,-3,83247,0,0,0,0,0,32,2248,-13033,13972,0,0,0,1,0
1,90,5.257,12,3675583,31,13,-3,83247,0,0,0,0,0,32,2248,-13033,13972,0,0,0,1,0
1,90,5.315,13,3675639,31,13,-3,83247,0,0,0,0,0,32,2248,-13033,13972,0,0,0,1,0
1,90,5.371,14,3675695,31,13,-3,83247,0,0,0,0,0,32,2248,-13033,13972,0,0,0,1,0
1,90,5.425,15,3675751,31,13,-3,83247,0,0,0,0,0,32,2248,-13033,13972,0,0,0,1,0
1,90,5.481,16,3675807,31,13,-3,83247,0,0,0,0,0,32,2248,-13033,13972,0,0,0,1,0
1,90,5.604,18,3675921,31,13,-3,83247,0,0,0,0,0,32,2248,-13033,13972,0,0,0,1,0
1,90,5.702,20,3676027,31,13,-3,83247,0,0,0,0,0,32,2248,-13033,13972,0,0,0,1,0
1,90,5.757,21,3676083,31,13,-3,83247,0,0,0,0,0,32,2248,-13033,13972,0,0,0,1,0
1,90,5.813,22,3676139,31,13,-3,83247,0,0,0,0,0,32,2248,-13033,13972,0,0,0,1,0
1,90,5.87,23,3676195,31,13,-3,83247,0,0,0,0,0,32,2248,-13033,13972,0,0,0,1,0
1,90,5.926,24,3676251,31,13,-3,83247,0,0,0,0,0,32,2248,-13033,13972,0,0,0,1,0
1,90,5.981,25,3676307,31,13,-3,83247,0,0,0,0,0,32,2248,-13033,13972,0,0,0,1,0
1,90,6.052,26,3676363,31,13,-3,83247,0,0,0,0,0,32,2248,-13033,13972,0,0,0,1,0
1,90,6.09,27,3676415,31,13,-3,83247,0,0,0,0,0,32,2248,-13033,13972,0,0,0,1,0
1,90,6.149,28,3676471,31,13,-3,83247,0,0,0,0,0,32,2248,-13033,13972,0,0,0,1,0
1,90,6.201,29,3676527,31,13,-3,83247,0,0,0,0,0,32,2248,-13033,13972,0,0,0,1,0
1,90,6.258,30,3676583,31,13,-3,83247,0,0,0,0,0,32,2248,-13033,13972,0,0,0,1,0
1,90,6.314,31,3676639,31,13,-3,83247,0,0,0,0,0,32,2248,-13033,13972,0,0,0,1,0
1,90,6.369,32,3676695,31,13,-3,83247,0,0,0,0,0,32,2248,-13033,13972,0,0,0,1,0
1,90,6.425,33,3676751,31,13,-3,83247,0,0,0,0,0,32,2248,-13033,13972,0,0,0,1,0
1,90,6.485,34,3676807,31,13,-3,83247,0,0,0,0,0,32,2248,-13033,13972,0,0,0,1,0
1,90,6.537,35,3676863,31,13,-3,83247,0,0,0,0,0,32,2248,-13033,13972,0,0,0,1,0
1,90,6.598,36,3676919,31,13,-3,83247,0,0,0,0,0,32,2248,-13033,13972,0,0,0,1,0
1,90,6.65,37,3676975,31,13,-3,83247,0,0,0,0,0,32,2248,-13033,13972,0,0,0,1,0
1,90,6.706,38,3677031,31,13,-3,83247,0,0,0,0,0,32,2248,-13033,13972,0,0,0,1,0
1,90,6.762,39,3677087,31,13,-3,83247,0,0,0,0,0,32,2248,-13033,13972,0,0,0,1,0
1,90,6.875,41,3677199,31,13,-3,83247,0,0,0,0,0,32,2248,-13033,13972,0,0,0,1,0
1,90,6.929,42,3677255,31,13,-3,83247,0,0,0,0,0,32,2248,-13033,13972,0,0,0,1,0
1,90,6.988,43,3677311,31,13,-3,83247,0,0,0,0,0,32,2248,-13033,13972,0,0,0,1,0
1,90,7.042,44,3677367,31,13,-3,83247,0,0,0,0,0,32,2248,-13033,13972,0,0,0,1,0
1,90,7.107,45,3677423,31,13,-3,83247,0,0,0,0,0,32,2248,-13033,13972,0,0,0,1,0
1,90,7.149,46,3677475,31,13,-3,83247,0,0,0,0,0,32,2248,-13033,13972,0,0,0,1,0
1,90,7.207,47,3677531,31,13,-3,83247,0,0,0,0,0,32,2248,-13033,13972,0,0,0,1,0
1,90,7.264,48,3677587,31,13,-3,83247,0,0,0,0,0,32,2248,-13033,13972,0,0,0,1,0
1,90,7.317,49,3677643,31,13,-3,83247,0,0,0,0,0,32,2248,-13033,13972,0,0,0,1,0
1,90,7.375,50,3677699,31,13,-3,83247,0,0,0,0,0,32,2248,-13033,13972,0,0,0,1,0
1,90,7.429,51,3677755,31,13,-3,83247,0,0,0,0,0,32,2248,-13033,13972,0,0,0,1,0
1,90,7.542,53,3677867,31,13,-3,83247,0,0,0,0,0,32,2248,-13033,13972,0,0,0,1,0
1,90,7.598,54,3677923,31,13,-3,83247,0,0,0,0,0,32,2248,-13033,13972,0,0,0,1,0
1,90,7.653,55,3677979,31,13,-3,83247,0,0,0,0,0,32,2248,-13033,13972,0,0,0,1,0
1,90,7.712,56,3678035,31,13,-3,83247,0,0,0,0,0,32,2248,-13033,13972,0,0,0,1,0
1,90,7.767,57,3678091,31,13,-3,83247,0,0,0,0,0,32,2248,-13033,13972,0,0,0,1,0
1,90,7.821,58,3678147,31,13,-3,83247,0,0,0,0,0,32,2248,-13033,13972,0,0,0,1,0
1,90,7.882,59,3678203,31,13,-3,83247,0,0,0,0,0,32,2248,-13033,13972,0,0,0,1,0
1,90,7.933,60,3678259,31,13,-3,83247,0,0,0,0,0,32,2248,-13033,13972,0,0,0,1,0
1,90,7.992,61,3678315,31,13,-3,83247,0,0,0,0,0,32,2248,-13033,13972,0,0,0,1,0
1,90,8.05,62,3678371,31,13,-3,83247,0,0,0,0,0,32,2248,-13033,13972,0,0,0,1,0
1,90,8.103,63,3678427,31,13,-3,83247,0,0,0,0,0,32,2248,-13033,13972,0,0,0,1,0
1,90,8.165,64,3678483,31,13,-3,83247,0,0,0,0,0,32,2248,-13033,13972,0,0,0,1,0
1,90,8.212,65,3678535,31,13,-3,83247,0,0,0,0,0,32,2248,-13033,13972,0,0,0,1,0
1,90,8.266,66,3678591,31,13,-3,83247,0,0,0,0,0,32,2248,-13033,13972,0,0,0,1,0
1,90,8.322,67,3678647,31,13,-3,83247,0,0,0,0,0,32,2248,-13033,13972,0,0,0,1,0
1,90,8.377,68,3678703,31,13,-3,83247,0,0,0,0,0,32,2248,-13033,13972,0,0,0,1,0
1,90,8.434,69,3678759,31,13,-3,83247,0,0,0,0,0,32,2248,-13033,13972,0,0,0,1,0
1,90,8.49,70,3678815,31,13,-3,83247,0,0,0,0,0,32,2248,-13033,13972,0,0,0,1,0
1,90,8.545,71,3678871,31,13,-3,83247,0,0,0,0,0,32,2248,-13033,13972,0,0,0,1,0
1,90,8.601,72,3678927,31,13,-3,83247,0,0,0,0,0,32,2248,-13033,13972,0,0,0,1,0
1,90,8.658,73,3678983,31,13,-3,83247,0,0,0,0,0,32,2248,-13033,13972,0,0,0,1,0
1,90,8.77,75,3679095,31,13,-3,83247,0,0,0,0,0,32,2248,-13033,13972,0,0,0,1,0
1,90,8.826,76,3679151,31,13,-3,83247,0,0,0,0,0,32,2248,-13033,13972,0,0,0,1,0
1,90,8.881,77,3679207,31,13,-3,83247,0,0,0,0,0,32,2248,-13033,13972,0,0,0,1,0
1,90,8.938,78,3679263,31,13,-3,83247,0,0,0,0,0,32,2248,-13033,13972,0,0,0,1,0
1,90,9.012,79,3679319,31,13,-3,83247,0,0,0,0,0,32,2248,-13033,13972,0,0,0,1,0
1,90,9.059,80,3679375,31,13,-3,83247,0,0,0,0,0,32,2248,-13033,13972,0,0,0,1,0
1,90,9.107,81,3679431,31,13,-3,83247,0,0,0,0,0,32,2248,-13033,13972,0,0,0,1,0
1,90,9.161,82,3679487,31,13,-3,83247,0,0,0,0,0,32,2248,-13033,13972,0,0,0,1,0
1,90,9.227,83,3679543,31,13,-3,83247,0,0,0,0,0,32,2248,-13033,13972,0,0,0,1,0
1,90,9.27,84,3679595,31,13,-3,83247,0,0,0,0,0,32,2248,-13033,13972,0,0,0,1,0
1,90,9.326,85,3679651,31,13,-3,83247,0,0,0,0,0,32,2248,-13033,13972,0,0,0,1,0
1,90,9.437,87,3679763,31,13,-3,83247,0,0,0,0,0,32,2248,-13033,13972,0,0,0,1,0
1,90,9.493,88,3679819,31,13,-3,83247,0,0,0,0,0,32,2248,-13033,13972,0,0,0,1,0
1,90,9.549,89,3679875,31,13,-3,83247,0,0,0,0,0,32,2248,-13033,13972,0,0,0,1,0
1,90,9.605,90,3679931,31,13,-3,83247,0,0,0,0,0,32,2248,-13033,13972,0,0,0,1,0
1,90,9.662,91,3679987,31,13,-3,83247,0,0,0,0,0,32,2248,-13033,13972,0,0,0,1,0
1,90,9.717,92,3680043,31,13,-3,83247,0,0,0,0,0,32,2248,-13033,13972,0,0,0,1,0
1,90,9.776,93,3680100,31,13,-3,83247,0,0,0,0,0,32,2248,-13033,13972,0,0,0,1,0
1,90,9.83,94,3680155,31,13,-3,83247,0,0,0,0,0,32,2248,-13033,13972,0,0,0,1,0
1,90,9.886,95,3680211,31,13,-3,83247,0,0,0,0,0,32,2248,-13033,13972,0,0,0,1,0
1,90,9.998,97,3680323,31,13,-3,83247,0,0,0,0,0,32,2248,-13033,13972,0,0,0,1,0
1,90,10.054,98,3680379,31,13,-3,83247,0,0,0,0,0,32,2248,-13033,13972,0,0,0,1,0
1,90,10.167,100,3680491,31,13,-3,83247,0,0,0,0,0,32,2248,-13033,13972,0,0,0,1,0
1,90,10.223,101,3680547,31,13,-3,83247,0,0,0,0,0,32,2248,-13033,13972,0,0,0,1,0
1,90,10.285,102,3680603,31,13,-3,83247,0,0,0,0,0,32,2248,-13033,13972,0,0,0,1,0
1,90,10.332,103,3680655,31,13,-3,83247,0,0,0,0,0,32,2248,-13033,13972,0,0,0,1,0
1,90,10.385,104,3680711,31,13,-3,83247,0,0,0,0,0,32,2248,-13033,13972,0,0,0,1,0
1,90,10.441,105,3680767,31,13,-3,83247,0,0,0,0,0,32,2248,-13033,13972,0,0,0,1,0
1,90,10.497,106,3680823,31,13,-3,83247,0,0,0,0,0,32,2248,-13033,13972,0,0,0,1,0
1,90,10.553,107,3680879,31,13,-3,83247,0,0,0,0,0,32,2248,-13033,13972,0,0,0,1,0
1,90,10.666,109,3680991,31,13,-3,83247,0,0,0,0,0,32,2248,-13033,13972,0,0,0,1,0
1,90,10.722,110,3681047,31,13,-3,83247,0,0,0,0,0,32,2248,-13033,13972,0,0,0,1,0
1,90,10.777,111,3681103,31,13,-3,83247,0,0,0,0,0,32,2248,-13033,13972,0,0,0,1,0
1,90,10.834,112,3681159,31,13,-3,83247,0,0,0,0,0,32,2248,-13033,13972,0,0,0,1,0
1,90,10.889,113,3681215,31,13,-3,83247,0,0,0,0,0,32,2248,-13033,13972,0,0,0,1,0
1,90,10.946,114,3681271,31,13,-3,83247,0,0,0,0,0,32,2248,-13033,13972,0,0,0,1,0
1,90,11.001,115,3681327,31,13,-3,83247,0,0,0,0,0,32,2248,-13033,13972,0,0,0,1,0
1,90,11.057,116,3681383,31,13,-3,83247,0,0,0,0,0,32,2248,-13033,13972,0,0,0,1,0
1,90,11.113,117,3681439,31,13,-3,83247,0,0,0,0,0,32,2248,-13033,13972,0,0,0,1,0
1,90,11.225,119,3681551,31,13,-3,83247,0,0,0,0,0,32,2248,-13033,13972,0,0,0,1,0
1,90,11.281,120,3681607,31,13,-3,83247,0,0,0,0,0,32,2248,-13033,13972,0,0,0,1,0
1,90,11.346,121,3681663,31,13,-3,83247,0,0,0,0,0,32,2248,-13033,13972,0,0,0,1,0
1,90,11.39,122,3681715,31,13,-3,83247,0,0,0,0,0,32,2248,-13033,13972,0,0,0,1,0
1,90,11.446,123,3681771,31,13,-3,83247,0,0,0,0,0,32,2248,-13033,13972,0,0,0,1,0
1,90,11.502,124,3681827,31,13,-3,83247,0,0,0,0,0,32,2248,-13033,13972,0,0,0,1,0
1,90,11.563,125,3681883,31,13,-3,83247,0,0,0,0,0,32,2248,-13033,13972,0,0,0,1,0
1,90,11.618,126,3681939,31,13,-3,83247,0,0,0,0,0,32,2248,-13033,13972,0,0,0,1,0
1,90,11.674,127,3681995,31,13,-3,83247,0,0,0,0,0,32,2248,-13033,13972,0,0,0,1,0
1,90,11.725,0,3682051,31,13,-3,83247,0,0,0,0,0,32,2248,-13033,13972,0,0,0,1,0
1,90,11.781,1,3682107,31,13,-3,83247,0,0,0,0,0,32,2248,-13033,13972,0,0,0,1,0
1,90,11.893,3,3682219,31,13,-3,83247,0,0,0,0,0,32,2248,-13033,13972,0,0,0,1,0
1,90,11.949,4,3682275,31,13,-3,83247,0,0,0,0,0,32,2248,-13033,13972,0,0,0,1,0
1,90,12.005,5,3682331,31,13,-3,83247,0,0,0,0,0,32,2248,-13033,13972,0,0,0,1,0
1,90,12.061,6,3682387,31,13,-3,83247,0,0,0,0,0,32,2248,-13033,13972,0,0,0,1,0
1,90,12.117,7,3682443,31,13,-3,83247,0,0,0,0,0,32,2248,-13033,13972,0,0,0,1,0
1,90,12.175,8,3682499,31,13,-3,83247,0,0,0,0,0,32,2248,-13033,13972,0,0,0,1,0
1,90,12.23,9,3682555,31,13,-3,83247,0,0,0,0,0,32,2248,-13033,13972,0,0,0,1,0
1,90,12.285,10,3682611,31,13,-3,83247,0,0,0,0,0,32,2248,-13033,13972,0,0,0,1,0
1,90,12.341,11,3682667,31,13,-3,83247,0,0,0,0,0,32,2248,-13033,13972,0,0,0,1,0
1,90,12.505,14,3682831,31,13,-3,83247,0,0,0,0,0,32,2248,-13033,13972,0,0,0,1,0
1,90,12.562,15,3682887,31,13,-3,83247,0,0,0,0,0,32,2248,-13033,13972,0,0,0,1,0
1,90,12.617,16,3682943,31,13,-3,83247,0,0,0,0,0,32,2248,-13033,13972,0,0,0,1,0
1,90,12.672,17,3682999,31,13,-3,83247,0,0,0,0,0,32,2248,-13033,13972,0,0,0,1,0
1,90,12.729,18,3683055,31,13,-3,83247,0,0,0,0,0,32,2248,-13033,13972,0,0,0,1,0
1,90,12.785,19,3683111,31,13,-3,83247,0,0,0,0,0,32,2248,-13033,13972,0,0,0,1,0
1,90,12.841,20,3683167,31,13,-3,83247,0,0,0,0,0,32,2248,-13033,13972,0,0,0,1,0
1,90,12.897,21,3683223,31,13,-3,83247,0,0,0,0,0,32,2248,-13033,13972,0,0,0,1,0
1,90,12.952,22,3683279,31,13,-3,83247,0,0,0,0,0,32,2248,-13033,13972,0,0,0,1,0
1,90,13.064,24,3683391,31,13,-3,83247,0,0,0,0,0,32,2248,-13033,13972,0,0,0,1,0
1,90,13.12,25,3683447,31,13,-3,83247,0,0,0,0,0,32,2248,-13033,13972,0,0,0,1,0
1,90,13.176,26,3683503,31,13,-3,83247,0,0,0,0,0,32,2248,-13033,13972,0,0,0,1,0
1,90,13.233,27,3683559,31,13,-3,83247,0,0,0,0,0,32,2248,-13033,13972,0,0,0,1,0
1,90,13.289,28,3683615,31,13,-3,83247,0,0,0,0,0,32,2248,-13033,13972,0,0,0,1,0
1,90,13.345,29,3683671,31,13,-3,83247,0,0,0,0,0,32,2248,-13033,13972,0,0,0,1,0
1,90,13.401,30,3683727,31,13,-3,83247,0,0,0,0,0,32,2248,-13033,13972,0,0,0,1,0
1,90,13.466,31,3683783,31,13,-3,83247,0,0,0,0,0,32,2248,-13033,13972,0,0,0,1,0
1,90,13.51,32,3683835,31,13,-3,83247,0,0,0,0,0,32,2248,-13033,13972,0,0,0,1,0
1,90,13.565,33,3683891,31,13,-3,83247,0,0,0,0,0,32,2248,-13033,13972,0,0,0,1,0
1,90,13.621,34,3683947,31,13,-3,83247,0,0,0,0,0,32,2248,-13033,13972,0,0,0,1,0
1,90,13.677,35,3684003,31,13,-3,83247,0,0,0,0,0,32,2248,-13033,13972,0,0,0,1,0
1,90,13.734,36,3684059,31,13,-3,83247,0,0,0,0,0,32,2248,-13033,13972,0,0,0,1,0
1,90,13.788,37,3684115,31,13,-3,83247,0,0,0,0,0,32,2248,-13033,13972,0,0,0,1,0
1,90,13.845,38,3684171,31,13,-3,83247,0,0,0,0,0,32,2248,-13033,13972,0,0,0,1,0
1,90,13.904,39,3684227,31,13,-3,83247,0,0,0,0,0,32,2248,-13033,13972,0,0,0,1,0
1,90,13.958,40,3684283,31,13,-3,83247,0,0,0,0,0,32,2248,-13033,13972,0,0,0,1,0
1,90,14.012,41,3684339,31,13,-3,83247,0,0,0,0,0,32,2248,-13033,13972,0,0,0,1,0
1,90,14.07,42,3684395,31,13,-3,83247,0,0,0,0,0,32,2248,-13033,13972,0,0,0,1,0
1,90,14.125,43,3684451,31,13,-3,83247,0,0,0,0,0,32,2248,-13033,13972,0,0,0,1,0
1,90,14.181,44,3684507,31,13,-3,83247,0,0,0,0,0,32,2248,-13033,13972,0,0,0,1,0
1,90,14.237,45,3684563,31,13,-3,83247,0,0,0,0,0,32,2248,-13033,13972,0,0,0,1,0
1,90,14.348,47,3684675,31,13,-3,83247,0,0,0,0,0,32,2248,-13033,13972,0,0,0,1,0
1,90,14.404,48,3684731,31,13,-3,83247,0,0,0,0,0,32,2248,-13033,13972,0,0,0,1,0
1,90,14.461,49,3684787,31,13,-3,83247,0,0,0,0,0,32,2248,-13033,13972,0,0,0,1,0
1,90,14.524,50,3684843,31,13,-3,83247,0,0,0,0,0,32,2248,-13033,13972,0,0,0,1,0
1,90,14.569,51,3684895,31,13,-3,83247,0,0,0,0,0,32,2248,-13033,13972,0,0,0,1,0
1,90,14.625,52,3684951,31,13,-3,83247,0,0,0,0,0,32,2248,-13033,13972,0,0,0,1,0
1,90,14.68,53,3685007,31,13,-3,83247,0,0,0,0,0,32,2248,-13033,13972,0,0,0,1,0
1,90,14.737,54,3685063,31,13,-3,83247,0,0,0,0,0,32,2248,-13033,13972,0,0,0,1,0
1,90,14.793,55,3685119,31,13,-3,83247,0,0,0,0,0,32,2248,-13033,13972,0,0,0,1,0
1,90,14.849,56,3685175,31,13,-3,83247,0,0,0,0,0,32,2248,-13033,13972,0,0,0,1,0
1,90,14.905,57,3685231,31,13,-3,83247,0,0,0,0,0,32,2248,-13033,13972,0,0,0,1,0
1,90,14.961,58,3685287,31,13,-3,83247,0,0,0,0,0,32,2248,-13033,13972,0,0,0,1,0
2,-90,-0.006,5,3696611,31,13,-3,83247,0,0,0,0,0,32,2248,-13033,13972,0,0,0,1,0
2,-90,0.063,6,3696679,31,13,-3,83247,0,0,0,0,0,32,2249,-13033,13972,800,-800,0,1,0
2,-90,0.134,7,3696751,31,13,-3,83229,0,0,0,8,0,35,2252,-13027,13972,1100,-1200,0,1,0
2,-90,0.209,8,3696823,31,13,-2,83163,0,0,0,32,0,38,2255,-13005,13972,1400,-1500,0,1,0
2,-90,0.354,10,3696967,31,13,-2,82449,0,0,0,90,-105,38,2261,-12880,13858,2400,-2400,0,1,0
2,-90,0.425,11,3697039,31,13,-2,81754,0,0,0,120,-131,38,2264,-12761,13744,2800,-2800,0,1,0
2,-90,0.502,12,3697111,31,13,-2,80876,0,0,0,161,-146,38,2267,-12611,13600,3000,-3100,0,1,0
2,-90,0.568,13,3697183,31,13,-2,79846,0,0,0,163,-178,38,2270,-12444,13422,3000,-3000,0,1,0
2,-90,0.641,14,3697255,31,12,-2,78765,0,0,0,163,-181,38,2273,-12266,13238,3000,-2900,0,1,0
2,-90,0.715,15,3697327,31,12,-2,77705,0,0,0,163,-178,38,2276,-12088,13061,2900,-2900,0,1,0
2,-90,0.786,16,3697399,31,12,-3,76603,0,0,0,161,-201,38,2279,-11911,12869,2900,-2800,0,1,0
2,-90,0.93,18,3697543,31,12,-2,74513,0,0,0,169,-169,38,2285,-11558,12522,1900,-1900,0,1,0
2,-90,1.054,19,3697672,31,12,-3,73683,0,0,0,0,0,38,2293,-11425,12377,0,0,0,1,0
2,-90,1.105,20,3697723,31,12,-3,73683,0,0,0,0,0,38,2295,-11425,12377,0,0,0,1,0
2,-90,1.177,21,3697795,31,12,-3,73683,0,0,0,0,0,38,2298,-11425,12377,0,0,0,1,0
2,-90,1.26,22,3697867,31,12,-3,73683,0,0,0,0,0,38,2301,-11425,12377,0,0,0,1,0
2,-90,1.321,23,3697939,31,12,-3,73683,0,0,0,0,0,38,2304,-11425,12377,0,0,0,1,0
2,-90,1.395,24,3698011,31,12,-3,73683,0,0,0,0,0,38,2307,-11425,12377,0,0,0,1,0
2,-90,1.468,25,3698083,31,12,-3,73683,0,0,0,0,0,38,2310,-11425,12377,0,0,0,1,0
2,-90,1.539,26,3698155,31,12,-3,73683,0,0,0,0,0,38,2313,-11425,12377,0,0,0,1,0
2,-90,1.611,27,3698227,31,12,-3,73683,0,0,0,0,0,38,2316,-11425,12377,0,0,0,1,0
2,-90,1.686,28,3698299,31,12,-3,73683,0,0,0,0,0,38,2319,-11425,12377,0,0,0,1,0
2,-90,1.759,29,3698371,31,12,-3,73683,0,0,0,0,0,38,2322,-11425,12377,0,0,0,1,0
2,-90,1.896,31,3698515,31,12,-3,73683,0,0,0,0,0,38,2328,-11425,12377,0,0,0,1,0
2,-90,2.04,33,3698659,31,12,-3,73683,0,0,0,0,0,38,2334,-11425,12377,0,0,0,1,0
2,-90,2.112,34,3698731,31,12,-3,73683,0,0,0,0,0,38,2337,-11425,12377,0,0,0,1,0
2,-90,2.257,36,3698875,31,12,-3,73683,0,0,0,0,0,38,2343,-11425,12377,0,0,0,1,0
2,-90,2.329,37,3698947,31,12,-3,73683,0,0,0,0,0,38,2346,-11425,12377,0,0,0,1,0
2,-90,2.401,38,3699019,31,12,-3,73683,0,0,0,0,0,38,2349,-11425,12377,0,0,0,1,0
2,-90,2.473,39,3699091,31,12,-3,73683,0,0,0,0,0,38,2352,-11425,12377,0,0,0,1,0
2,-90,2.545,40,3699163,31,12,-3,73683,0,0,0,0,0,38,2355,-11425,12377,0,0,0,1,0
2,-90,2.627,41,3699235,31,12,-3,73683,0,0,0,0,0,38,2358,-11425,12377,0,0,0,1,0
2,-90,2.688,42,3699307,31,12,-3,73683,0,0,0,0,0,38,2361,-11425,12377,0,0,0,1,0
2,-90,2.762,43,3699379,31,12,-3,73683,0,0,0,0,0,38,2364,-11425,12377,0,0,0,1,0
2,-90,2.833,44,3699451,31,12,-3,73683,0,0,0,0,0,38,2367,-11425,12377,0,0,0,1,0
2,-90,2.904,45,3699523,31,12,-3,73683,0,0,0,0,0,38,2370,-11425,12377,0,0,0,1,0
2,-90,2.977,46,3699595,31,12,-3,73683,0,0,0,0,0,38,2373,-11425,12377,0,0,0,1,0
2,-90,3.048,47,3699667,31,12,-3,73683,0,0,0,0,0,38,2376,-11425,12377,0,0,0,1,0
2,-90,3.161,49,3699779,31,12,-3,73683,0,0,0,0,0,38,2377,-11425,12377,0,0,0,1,0
2,-90,3.217,50,3699835,31,12,-3,73683,0,0,0,0,0,38,2377,-11425,12377,0,0,0,1,0
2,-90,3.273,51,3699891,31,12,-3,73683,0,0,0,0,0,38,2377,-11425,12377,0,0,0,1,0
2,-90,3.33,52,3699947,31,12,-3,73683,0,0,0,0,0,38,2377,-11425,12377,0,0,0,1,0
2,-90,3.385,53,3700003,31,12,-3,73683,0,0,0,0,0,38,2377,-11425,12377,0,0,0,1,0
2,-90,3.442,54,3700059,31,12,-3,73683,0,0,0,0,0,38,2377,-11425,12377,0,0,0,1,0
2,-90,3.505,55,3700117,31,12,-3,73683,0,0,0,0,0,38,2377,-11425,12377,0,0,0,1,0
2,-90,3.552,56,3700171,31,12,-3,73683,0,0,0,0,0,38,2377,-11425,12377,0,0,0,1,0
2,-90,3.608,57,3700227,31,12,-3,73683,0,0,0,0,0,38,2377,-11425,12377,0,0,0,1,0
2,-90,3.665,58,3700283,31,12,-3,73683,0,0,0,0,0,38,2377,-11425,12377,0,0,0,1,0
2,-90,3.786,60,3700395,31,12,-3,73683,0,0,0,0,0,38,2377,-11425,12377,0,0,0,1,0
2,-90,3.85,61,3700447,31,12,-3,73683,0,0,0,0,0,38,2377,-11425,12377,0,0,0,1,0
2,-90,3.885,62,3700503,31,12,-3,73683,0,0,0,0,0,38,2377,-11425,12377,0,0,0,1,0
2,-90,3.941,63,3700559,31,12,-3,73683,0,0,0,0,0,38,2377,-11425,12377,0,0,0,1,0
2,-90,3.997,64,3700615,31,12,-3,73683,0,0,0,0,0,38,2377,-11425,12377,0,0,0,1,0
2,-90,4.053,65,3700671,31,12,-3,73683,0,0,0,0,0,38,2377,-11425,12377,0,0,0,1,0
2,-90,4.109,66,3700727,31,12,-3,73683,0,0,0,0,0,38,2377,-11425,12377,0,0,0,1,0
2,-90,4.166,67,3700783,31,12,-3,73683,0,0,0,0,0,38,2377,-11425,12377,0,0,0,1,0
2,-90,4.221,68,3700839,31,12,-3,73683,0,0,0,0,0,38,2377,-11425,12377,0,0,0,1,0
2,-90,4.279,69,3700895,31,12,-3,73683,0,0,0,0,0,38,2377,-11425,12377,0,0,0,1,0
2,-90,4.39,71,3701007,31,12,-3,73683,0,0,0,0,0,38,2377,-11425,12377,0,0,0,1,0
2,-90,4.445,72,3701063,31,12,-3,73683,0,0,0,0,0,38,2377,-11425,12377,0,0,0,1,0
2,-90,4.501,73,3701119,31,12,-3,73683,0,0,0,0,0,38,2377,-11425,12377,0,0,0,1,0
2,-90,4.557,74,3701175,31,12,-3,73683,0,0,0,0,0,38,2377,-11425,12377,0,0,0,1,0
2,-90,4.614,75,3701231,31,12,-3,73683,0,0,0,0,0,38,2377,-11425,12377,0,0,0,1,0
2,-90,4.669,76,3701287,31,12,-3,73683,0,0,0,0,0,38,2377,-11425,12377,0,0,0,1,0
2,-90,4.724,77,3701343,31,12,-3,73683,0,0,0,0,0,38,2377,-11425,12377,0,0,0,1,0
2,-90,4.782,78,3701399,31,12,-3,73683,0,0,0,0,0,38,2377,-11425,12377,0,0,0,1,0
2,-90,4.845,79,3701455,31,12,-3,73683,0,0,0,0,0,38,2377,-11425,12377,0,0,0,1,0
2,-90,4.888,80,3701507,31,12,-3,73683,0,0,0,0,0,38,2377,-11425,12377,0,0,0,1,0
2,-90,4.944,81,3701563,31,12,-3,73683,0,0,0,0,0,38,2377,-11425,12377,0,0,0,1,0
2,-90,5.056,83,3701675,31,12,-3,73683,0,0,0,0,0,38,2377,-11425,12377,0,0,0,1,0
2,-90,5.112,84,3701731,31,12,-3,73683,0,0,0,0,0,38,2377,-11425,12377,0,0,0,1,0
2,-90,5.17,85,3701787,31,12,-3,73683,0,0,0,0,0,38,2377,-11425,12377,0,0,0,1,0
2,-90,5.227,86,3701843,31,12,-3,73683,0,0,0,0,0,38,2377,-11425,12377,0,0,0,1,0
2,-90,5.282,87,3701899,31,12,-3,73683,0,0,0,0,0,38,2377,-11425,12377,0,0,0,1,0
2,-90,5.337,88,3701955,31,12,-3,73683,0,0,0,0,0,38,2377,-11425,12377,0,0,0,1,0
2,-90,5.449,90,3702067,31,12,-3,73683,0,0,0,0,0,38,2377,-11425,12377,0,0,0,1,0
2,-90,5.506,91,3702123,31,12,-3,73683,0,0,0,0,0,38,2377,-11425,12377,0,0,0,1,0
2,-90,5.56,92,3702179,31,12,-3,73683,0,0,0,0,0,38,2377,-11425,12377,0,0,0,1,0
2,-90,5.617,93,3702235,31,12,-3,73683,0,0,0,0,0,38,2377,-11425,12377,0,0,0,1,0
2,-90,5.674,94,3702291,31,12,-3,73683,0,0,0,0,0,38,2377,-11425,12377,0,0,0,1,0
2,-90,5.73,95,3702347,31,12,-3,73683,0,0,0,0,0,38,2377,-11425,12377,0,0,0,1,0
2,-90,5.785,96,3702403,31,12,-3,73683,0,0,0,0,0,38,2377,-11425,12377,0,0,0,1,0
2,-90,5.84,97,3702459,31,12,-3,73683,0,0,0,0,0,38,2377,-11425,12377,0,0,0,1,0
2,-90,5.906,98,3702515,31,12,-3,73683,0,0,0,0,0,38,2377,-11425,12377,0,0,0,1,0
2,-90,5.949,99,3702567,31,12,-3,73683,0,0,0,0,0,38,2377,-11425,12377,0,0,0,1,0
2,-90,6.005,100,3702623,31,12,-3,73683,0,0,0,0,0,38,2377,-11425,12377,0,0,0,1,0
2,-90,6.062,101,3702679,31,12,-3,73683,0,0,0,0,0,38,2377,-11425,12377,0,0,0,1,0
2,-90,6.117,102,3702735,31,12,-3,73683,0,0,0,0,0,38,2377,-11425,12377,0,0,0,1,0
2,-90,6.173,103,3702791,31,12,-3,73683,0,0,0,0,0,38,2377,-11425,12377,0,0,0,1,0
2,-90,6.285,105,3702903,31,12,-3,73683,0,0,0,0,0,38,2377,-11425,12377,0,0,0,1,0
2,-90,6.341,106,3702959,31,12,-3,73683,0,0,0,0,0,38,2377,-11425,12377,0,0,0,1,0
2,-90,6.4,107,3703015,31,12,-3,73683,0,0,0,0,0,38,2377,-11425,12377,0,0,0,1,0
2,-90,6.454,108,3703071,31,12,-3,73683,0,0,0,0,0,38,2377,-11425,12377,0,0,0,1,0
2,-90,6.566,110,3703183,31,12,-3,73683,0,0,0,0,0,38,2377,-11425,12377,0,0,0,1,0
2,-90,6.624,111,3703239,31,12,-3,73683,0,0,0,0,0,38,2377,-11425,12377,0,0,0,1,0
2,-90,6.678,112,3703295,31,12,-3,73683,0,0,0,0,0,38,2377,-11425,12377,0,0,0,1,0
2,-90,6.733,113,3703351,31,12,-3,73683,0,0,0,0,0,38,2377,-11425,12377,0,0,0,1,0
2,-90,6.789,114,3703407,31,12,-3,73683,0,0,0,0,0,38,2377,-11425,12377,0,0,0,1,0
2,-90,6.902,116,3703519,31,12,-3,73683,0,0,0,0,0,38,2377,-11425,12377,0,0,0,1,0
2,-90,6.967,117,3703575,31,12,-3,73683,0,0,0,0,0,38,2377,-11425,12377,0,0,0,1,0
2,-90,7.01,118,3703627,31,12,-3,73683,0,0,0,0,0,38,2377,-11425,12377,0,0,0,1,0
2,-90,7.065,119,3703683,31,12,-3,73683,0,0,0,0,0,38,2377,-11425,12377,0,0,0,1,0
2,-90,7.123,120,3703739,31,12,-3,73683,0,0,0,0,0,38,2377,-11425,12377,0,0,0,1,0
2,-90,7.177,121,3703795,31,12,-3,73683,0,0,0,0,0,38,2377,-11425,12377,0,0,0,1,0
2,-90,7.235,122,3703851,31,12,-3,73683,0,0,0,0,0,38,2377,-11425,12377,0,0,0,1,0
2,-90,7.289,123,3703907,31,12,-3,73683,0,0,0,0,0,38,2377,-11425,12377,0,0,0,1,0
2,-90,7.346,124,3703963,31,12,-3,73683,0,0,0,0,0,38,2377,-11425,12377,0,0,0,1,0
2,-90,7.457,126,3704075,31,12,-3,73683,0,0,0,0,0,38,2377,-11425,12377,0,0,0,1,0
2,-90,7.514,127,3704131,31,12,-3,73683,0,0,0,0,0,38,2377,-11425,12377,0,0,0,1,0
2,-90,7.569,0,3704187,31,12,-3,73683,0,0,0,0,0,38,2377,-11425,12377,0,0,0,1,0
2,-90,7.624,1,3704243,31,12,-3,73683,0,0,0,0,0,38,2377,-11425,12377,0,0,0,1,0
2,-90,7.681,2,3704299,31,12,-3,73683,0,0,0,0,0,38,2377,-11425,12377,0,0,0,1,0
2,-90,7.737,3,3704355,31,12,-3,73683,0,0,0,0,0,38,2377,-11425,12377,0,0,0,1,0
2,-90,7.793,4,3704411,31,12,-3,73683,0,0,0,0,0,38,2377,-11425,12377,0,0,0,1,0
2,-90,7.848,5,3704467,31,12,-3,73683,0,0,0,0,0,38,2377,-11425,12377,0,0,0,1,0
2,-90,7.96,7,3704579,31,12,-3,73683,0,0,0,0,0,38,2377,-11425,12377,0,0,0,1,0
2,-90,8.025,8,3704635,31,12,-3,73683,0,0,0,0,0,38,2377,-11425,12377,0,0,0,1,0
2,-90,8.068,9,3704687,31,12,-3,73683,0,0,0,0,0,38,2377,-11425,12377,0,0,0,1,0
2,-90,8.18,11,3704799,31,12,-3,73683,0,0,0,0,0,38,2377,-11425,12377,0,0,0,1,0
2,-90,8.236,12,3704855,31,12,-3,73683,0,0,0,0,0,38,2377,-11425,12377,0,0,0,1,0
2,-90,8.292,13,3704911,31,12,-3,73683,0,0,0,0,0,38,2377,-11425,12377,0,0,0,1,0
2,-90,8.349,14,3704967,31,12,-3,73683,0,0,0,0,0,38,2377,-11425,12377,0,0,0,1,0
2,-90,8.405,15,3705023,31,12,-3,73683,0,0,0,0,0,38,2377,-11425,12377,0,0,0,1,0
2,-90,8.463,16,3705079,31,12,-3,73683,0,0,0,0,0,38,2377,-11425,12377,0,0,0,1,0
2,-90,8.517,17,3705135,31,12,-3,73683,0,0,0,0,0,38,2377,-11425,12377,0,0,0,1,0
2,-90,8.577,18,3705191,31,12,-3,73683,0,0,0,0,0,38,2377,-11425,12377,0,0,0,1,0
2,-90,8.632,19,3705247,31,12,-3,73683,0,0,0,0,0,38,2377,-11425,12377,0,0,0,1,0
2,-90,8.684,20,3705303,31,12,-3,73683,0,0,0,0,0,38,2377,-11425,12377,0,0,0,1,0
2,-90,8.742,21,3705359,31,12,-3,73683,0,0,0,0,0,38,2377,-11425,12377,0,0,0,1,0
2,-90,8.798,22,3705415,31,12,-3,73683,0,0,0,0,0,38,2377,-11425,12377,0,0,0,1,0
2,-90,8.853,23,3705471,31,12,-3,73683,0,0,0,0,0,38,2377,-11425,12377,0,0,0,1,0
2,-90,8.909,24,3705527,31,12,-3,73683,0,0,0,0,0,38,2377,-11425,12377,0,0,0,1,0
2,-90,8.964,25,3705583,31,12,-3,73683,0,0,0,0,0,38,2377,-11425,12377,0,0,0,1,0
2,-90,9.022,26,3705639,31,12,-3,73683,0,0,0,0,0,38,2377,-11425,12377,0,0,0,1,0
2,-90,9.085,27,3705695,31,12,-3,73683,0,0,0,0,0,38,2377,-11425,12377,0,0,0,1,0
2,-90,9.129,28,3705747,31,12,-3,73683,0,0,0,0,0,38,2377,-11425,12377,0,0,0,1,0
2,-90,9.185,29,3705803,31,12,-3,73683,0,0,0,0,0,38,2377,-11425,12377,0,0,0,1,0
2,-90,9.242,30,3705859,31,12,-3,73683,0,0,0,0,0,38,2377,-11425,12377,0,0,0,1,0
2,-90,9.297,31,3705915,31,12,-3,73683,0,0,0,0,0,38,2377,-11425,12377,0,0,0,1,0
2,-90,9.409,33,3706027,31,12,-3,73683,0,0,0,0,0,38,2377,-11425,12377,0,0,0,1,0
2,-90,9.52,35,3706139,31,12,-3,73683,0,0,0,0,0,38,2377,-11425,12377,0,0,0,1,0
2,-90,9.577,36,3706195,31,12,-3,73683,0,0,0,0,0,38,2377,-11425,12377,0,0,0,1,0
2,-90,9.633,37,3706251,31,12,-3,73683,0,0,0,0,0,38,2377,-11425,12377,0,0,0,1,0
2,-90,9.689,38,3706307,31,12,-3,73683,0,0,0,0,0,38,2377,-11425,12377,0,0,0,1,0
2,-90,9.745,39,3706363,31,12,-3,73683,0,0,0,0,0,38,2377,-11425,12377,0,0,0,1,0
2,-90,9.801,40,3706419,31,12,-3,73683,0,0,0,0,0,38,2377,-11425,12377,0,0,0,1,0
2,-90,9.856,41,3706475,31,12,-3,73683,0,0,0,0,0,38,2377,-11425,12377,0,0,0,1,0
2,-90,9.922,42,3706531,31,12,-3,73683,0,0,0,0,0,38,2377,-11425,12377,0,0,0,1,0
2,-90,9.969,43,3706587,31,12,-3,73683,0,0,0,0,0,38,2377,-11425,12377,0,0,0,1,0
2,-90,10.024,44,3706643,31,12,-3,73683,0,0,0,0,0,38,2377,-11425,12377,0,0,0,1,0
2,-90,10.081,45,3706699,31,12,-3,73683,0,0,0,0,0,38,2377,-11425,12377,0,0,0,1,0
2,-90,10.146,46,3706755,31,12,-3,73683,0,0,0,0,0,38,2377,-11425,12377,0,0,0,1,0
2,-90,10.19,47,3706807,31,12,-3,73683,0,0,0,0,0,38,2377,-11425,12377,0,0,0,1,0
2,-90,10.245,48,3706863,31,12,-3,73683,0,0,0,0,0,38,2377,-11425,12377,0,0,0,1,0
2,-90,10.301,49,3706919,31,12,-3,73683,0,0,0,0,0,38,2377,-11425,12377,0,0,0,1,0
2,-90,10.358,50,3706975,31,12,-3,73683,0,0,0,0,0,38,2377,-11425,12377,0,0,0,1,0
2,-90,10.413,51,3707031,31,12,-3,73683,0,0,0,0,0,38,2377,-11425,12377,0,0,0,1,0
2,-90,10.469,52,3707087,31,12,-3,73683,0,0,0,0,0,38,2377,-11425,12377,0,0,0,1,0
2,-90,10.525,53,3707143,31,12,-3,73683,0,0,0,0,0,38,2377,-11425,12377,0,0,0,1,0
2,-90,10.637,55,3707255,31,12,-3,73683,0,0,0,0,0,38,2377,-11425,12377,0,0,0,1,0
2,-90,10.694,56,3707311,31,12,-3,73683,0,0,0,0,0,38,2377,-11425,12377,0,0,0,1,0
2,-90,10.749,57,3707367,31,12,-3,73683,0,0,0,0,0,38,2377,-11425,12377,0,0,0,1,0
2,-90,10.805,58,3707423,31,12,-3,73683,0,0,0,0,0,38,2377,-11425,12377,0,0,0,1,0
2,-90,10.862,59,3707479,31,12,-3,73683,0,0,0,0,0,38,2377,-11425,12377,0,0,0,1,0
2,-90,10.918,60,3707535,31,12,-3,73683,0,0,0,0,0,38,2377,-11425,12377,0,0,0,1,0
2,-90,10.974,61,3707591,31,12,-3,73683,0,0,0,0,0,38,2377,-11425,12377,0,0,0,1,0
2,-90,11.03,62,3707647,31,12,-3,73683,0,0,0,0,0,38,2377,-11425,12377,0,0,0,1,0
2,-90,11.085,63,3707703,31,12,-3,73683,0,0,0,0,0,38,2377,-11425,12377,0,0,0,1,0
2,-90,11.141,64,3707759,31,12,-3,73683,0,0,0,0,0,38,2377,-11425,12377,0,0,0,1,0
2,-90,11.198,65,3707815,31,12,-3,73683,0,0,0,0,0,38,2377,-11425,12377,0,0,0,1,0
2,-90,11.25,66,3707867,31,12,-3,73683,0,0,0,0,0,38,2377,-11425,12377,0,0,0,1,0
2,-90,11.305,67,3707923,31,12,-3,73683,0,0,0,0,0,38,2377,-11425,12377,0,0,0,1,0
2,-90,11.36,68,3707979,31,12,-3,73683,0,0,0,0,0,38,2377,-11425,12377,0,0,0,1,0
2,-90,11.417,69,3708035,31,12,-3,73683,0,0,0,0,0,38,2377,-11425,12377,0,0,0,1,0
2,-90,11.474,70,3708091,31,12,-3,73683,0,0,0,0,0,38,2377,-11425,12377,0,0,0,1,0
2,-90,11.529,71,3708147,31,12,-3,73683,0,0,0,0,0,38,2377,-11425,12377,0,0,0,1,0
2,-90,11.585,72,3708203,31,12,-3,73683,0,0,0,0,0,38,2377,-11425,12377,0,0,0,1,0
2,-90,11.643,73,3708259,31,12,-3,73683,0,0,0,0,0,38,2377,-11425,12377,0,0,0,1,0
2,-90,11.698,74,3708315,31,12,-3,73683,0,0,0,0,0,38,2377,-11425,12377,0,0,0,1,0
2,-90,11.754,75,3708371,31,12,-3,73683,0,0,0,0,0,38,2377,-11425,12377,0,0,0,1,0
2,-90,11.867,77,3708483,31,12,-3,73683,0,0,0,0,0,38,2377,-11425,12377,0,0,0,1,0
2,-90,11.922,78,3708539,31,12,-3,73683,0,0,0,0,0,38,2377,-11425,12377,0,0,0,1,0
2,-90,11.978,79,3708595,31,12,-3,73683,0,0,0,0,0,38,2377,-11425,12377,0,0,0,1,0
2,-90,12.033,80,3708651,31,12,-3,73683,0,0,0,0,0,38,2377,-11425,12377,0,0,0,1,0
2,-90,12.09,81,3708707,31,12,-3,73683,0,0,0,0,0,38,2377,-11425,12377,0,0,0,1,0
2,-90,12.146,82,3708763,31,12,-3,73683,0,0,0,0,0,38,2377,-11425,12377,0,0,0,1,0
2,-90,12.202,83,3708819,31,12,-3,73683,0,0,0,0,0,38,2377,-11425,12377,0,0,0,1,0
2,-90,12.266,84,3708875,31,12,-3,73683,0,0,0,0,0,38,2377,-11425,12377,0,0,0,1,0
2,-90,12.31,85,3708927,31,12,-3,73683,0,0,0,0,0,38,2377,-11425,12377,0,0,0,1,0
2,-90,12.367,86,3708983,31,12,-3,73683,0,0,0,0,0,38,2377,-11425,12377,0,0,0,1,0
2,-90,12.421,87,3709039,31,12,-3,73683,0,0,0,0,0,38,2377,-11425,12377,0,0,0,1,0
2,-90,12.534,89,3709151,31,12,-3,73683,0,0,0,0,0,38,2377,-11425,12377,0,0,0,1,0
2,-90,12.59,90,3709207,31,12,-3,73683,0,0,0,0,0,38,2377,-11425,12377,0,0,0,1,0
2,-90,12.646,91,3709263,31,12,-3,73683,0,0,0,0,0,38,2377,-11425,12377,0,0,0,1,0
2,-90,12.702,92,3709319,31,12,-3,73683,0,0,0,0,0,38,2377,-11425,12377,0,0,0,1,0
2,-90,12.757,93,3709375,31,12,-3,73683,0,0,0,0,0,38,2377,-11425,12377,0,0,0,1,0
2,-90,12.813,94,3709431,31,12,-3,73683,0,0,0,0,0,38,2377,-11425,12377,0,0,0,1,0
2,-90,12.871,95,3709487,31,12,-3,73683,0,0,0,0,0,38,2377,-11425,12377,0,0,0,1,0
2,-90,12.93,96,3709543,31,12,-3,73683,0,0,0,0,0,38,2377,-11425,12377,0,0,0,1,0
2,-90,12.983,97,3709599,31,12,-3,73683,0,0,0,0,0,38,2377,-11425,12377,0,0,0,1,0
2,-90,13.038,98,3709655,31,12,-3,73683,0,0,0,0,0,38,2377,-11425,12377,0,0,0,1,0
2,-90,13.095,99,3709711,31,12,-3,73683,0,0,0,0,0,38,2377,-11425,12377,0,0,0,1,0
2,-90,13.152,100,3709767,31,12,-3,73683,0,0,0,0,0,38,2377,-11425,12377,0,0,0,1,0
2,-90,13.21,101,3709823,31,12,-3,73683,0,0,0,0,0,38,2377,-11425,12377,0,0,0,1,0
2,-90,13.263,102,3709879,31,12,-3,73683,0,0,0,0,0,38,2377,-11425,12377,0,0,0,1,0
2,-90,13.33,103,3709935,31,12,-3,73683,0,0,0,0,0,38,2377,-11425,12377,0,0,0,1,0
2,-90,13.372,104,3709987,31,12,-3,73683,0,0,0,0,0,38,2377,-11425,12377,0,0,0,1,0
2,-90,13.427,105,3710043,31,12,-3,73683,0,0,0,0,0,38,2377,-11425,12377,0,0,0,1,0
2,-90,13.486,106,3710099,31,12,-3,73683,0,0,0,0,0,38,2377,-11425,12377,0,0,0,1,0
2,-90,13.537,107,3710155,31,12,-3,73683,0,0,0,0,0,38,2377,-11425,12377,0,0,0,1,0
2,-90,13.64,108,3710211,31,12,-3,73683,0,0,0,0,0,38,2377,-11425,12377,0,0,0,1,0
2,-90,13.654,109,3710267,31,12,-3,73683,0,0,0,0,0,38,2377,-11425,12377,0,0,0,1,0
2,-90,13.761,111,3710379,31,12,-3,73683,0,0,0,0,0,38,2377,-11425,12377,0,0,0,1,0
2,-90,13.818,112,3710435,31,12,-3,73683,0,0,0,0,0,38,2377,-11425,12377,0,0,0,1,0
2,-90,13.932,114,3710547,31,12,-3,73683,0,0,0,0,0,38,2377,-11425,12377,0,0,0,1,0
2,-90,13.985,115,3710603,31,12,-3,73683,0,0,0,0,0,38,2377,-11425,12377,0,0,0,1,0
2,-90,14.042,116,3710659,31,12,-3,73683,0,0,0,0,0,38,2377,-11425,12377,0,0,0,1,0
2,-90,14.097,117,3710715,31,12,-3,73683,0,0,0,0,0,38,2377,-11425,12377,0,0,0,1,0
2,-90,14.153,118,3710771,31,12,-3,73683,0,0,0,0,0,38,2377,-11425,12377,0,0,0,1,0
2,-90,14.209,119,3710827,31,12,-3,73683,0,0,0,0,0,38,2377,-11425,12377,0,0,0,1,0
2,-90,14.265,120,3710883,31,12,-3,73683,0,0,0,0,0,38,2377,-11425,12377,0,0,0,1,0
2,-90,14.327,121,3710939,31,12,-3,73683,0,0,0,0,0,38,2377,-11425,12377,0,0,0,1,0
2,-90,14.386,122,3710995,31,12,-3,73683,0,0,0,0,0,38,2377,-11425,12377,0,0,0,1,0
2,-90,14.429,123,3711047,31,12,-3,73683,0,0,0,0,0,38,2377,-11425,12377,0,0,0,1,0
2,-90,14.485,124,3711103,31,12,-3,73683,0,0,0,0,0,38,2377,-11425,12377,0,0,0,1,0
2,-90,14.541,125,3711159,31,12,-3,73683,0,0,0,0,0,38,2377,-11425,12377,0,0,0,1,0
2,-90,14.597,126,3711215,31,12,-3,73683,0,0,0,0,0,38,2377,-11425,12377,0,0,0,1,0
2,-90,14.654,127,3711271,31,12,-3,73683,0,0,0,0,0,38,2377,-11425,12377,0,0,0,1,0
2,-90,14.708,0,3711327,31,12,-3,73683,0,0,0,0,0,38,2377,-11425,12377,0,0,0,1,0
2,-90,14.769,1,3711383,31,12,-3,73683,0,0,0,0,0,38,2377,-11425,12377,0,0,0,1,0
2,-90,14.823,2,3711439,31,12,-3,73683,0,0,0,0,0,38,2377,-11425,12377,0,0,0,1,0
2,-90,14.885,3,3711495,31,12,-3,73683,0,0,0,0,0,38,2377,-11425,12377,0,0,0,1,0
2,-90,14.988,5,3711607,31,12,-3,73683,0,0,0,0,0,38,2377,-11425,12377,0,0,0,1,0
2,-90,15.044,6,3711663,31,12,-3,73683,0,0,0,0,0,38,2377,-11425,12377,0,0,0,1,0
2,-90,15.101,7,3711719,31,12,-3,73683,0,0,0,0,0,38,2377,-11425,12377,0,0,0,1,0
2,-90,15.157,8,3711775,31,12,-3,73683,0,0,0,0,0,38,2377,-11425,12377,0,0,0,1,0
2,-90,15.325,11,3711943,31,12,-3,73683,0,0,0,0,0,38,2377,-11425,12377,0,0,0,1,0
2,-90,15.382,12,3711999,31,12,-3,73683,0,0,0,0,0,38,2377,-11425,12377,0,0,0,1,0
2,-90,15.445,13,3712055,31,12,-3,73683,0,0,0,0,0,38,2377,-11425,12377,0,0,0,1,0
2,-90,15.489,14,3712107,31,12,-3,73683,0,0,0,0,0,38,2377,-11425,12377,0,0,0,1,0
2,-90,15.545,15,3712163,31,12,-3,73683,0,0,0,0,0,38,2377,-11425,12377,0,0,0,1,0
2,-90,15.601,16,3712219,31,12,-3,73683,0,0,0,0,0,38,2377,-11425,12377,0,0,0,1,0
2,-90,15.656,17,3712275,31,12,-3,73683,0,0,0,0,0,38,2377,-11425,12377,0,0,0,1,0
2,-90,15.714,18,3712331,31,12,-3,73683,0,0,0,0,0,38,2377,-11425,12377,0,0,0,1,0
2,-90,15.769,19,3712387,31,12,-3,73683,0,0,0,0,0,38,2377,-11425,12377,0,0,0,1,0
2,-90,15.825,20,3712443,31,12,-3,73683,0,0,0,0,0,38,2377,-11425,12377,0,0,0,1,0
2,-90,15.993,23,3712611,31,12,-3,73683,0,0,0,0,0,38,2377,-11425,12377,0,0,0,1,0
2,-90,16.051,24,3712667,31,12,-3,73683,0,0,0,0,0,38,2377,-11425,12377,0,0,0,1,0
3,107,0.013,61,3729015,31,12,-3,73683,0,0,0,0,0,38,2377,-11425,12377,0,0,0,1,0
3,107,0.064,62,3729087,31,12,-3,73683,0,0,0,0,0,38,2378,-11425,12377,-800,800,0,1,0
3,107,0.135,63,3729137,31,12,-3,73731,0,0,0,-23,15,38,2380,-11430,12388,-1100,1100,0,1,0
3,107,0.186,64,3729207,31,12,-2,73889,0,0,0,-41,41,38,2383,-11452,12419,-1400,1200,0,1,0
3,107,0.258,65,3729279,31,12,-2,74173,0,0,0,-67,47,38,2386,-11500,12466,-1700,1700,0,1,0
3,107,0.33,66,3729351,31,13,-2,74603,0,0,0,-82,82,38,2389,-11566,12544,-2100,2100,0,1,0
3,107,0.402,67,3729423,31,13,-2,75284,0,0,0,-114,123,38,2392,-11677,12661,-2500,2600,0,1,0
3,107,0.473,68,3729495,31,13,-2,76132,0,0,0,-131,155,38,2395,-11811,12811,-2900,2900,0,1,0
3,107,0.546,69,3729567,31,13,-2,77141,0,0,0,-161,178,38,2398,-11977,12983,-2900,2900,0,1,0
3,107,0.62,70,3729639,31,14,-1,78204,0,0,0,-181,178,38,2401,-12150,13166,-2900,2900,0,1,0
3,107,0.689,71,3729711,31,14,-1,79258,0,0,0,-181,178,38,2404,-12325,13344,-2800,2800,0,1,0
3,107,0.747,72,3729761,31,14,-1,79953,0,0,0,-155,169,38,2406,-12436,13466,-2800,2800,0,1,0
3,107,0.883,74,3729903,31,14,0,82034,0,0,0,-161,178,38,2412,-12777,13822,-2700,2700,0,1,0
3,107,0.953,75,3729975,31,14,0,83065,0,0,0,-164,161,38,2415,-12950,13994,-2700,2500,0,1,0
3,107,1.055,76,3730047,31,14,-1,84026,0,0,0,-155,146,38,2418,-13116,14150,-1800,1400,0,1,0
3,107,1.144,77,3730168,31,14,-2,84805,0,0,0,0,0,38,2425,-13261,14266,0,0,0,1,0
3,107,1.195,78,3730219,31,14,-2,84805,0,0,0,0,0,38,2427,-13261,14266,0,0,0,1,0
3,107,1.347,80,3730363,31,14,-2,84805,0,0,0,0,0,38,2433,-13261,14266,0,0,0,1,0
3,107,1.411,81,3730435,31,14,-2,84805,0,0,0,0,0,38,2436,-13261,14266,0,0,0,1,0
3,107,1.482,82,3730507,31,14,-2,84805,0,0,0,0,0,38,2439,-13261,14266,0,0,0,1,0
3,107,1.554,83,3730579,31,14,-2,84805,0,0,0,0,0,38,2442,-13261,14266,0,0,0,1,0
3,107,1.698,85,3730723,31,14,-2,84805,0,0,0,0,0,38,2448,-13261,14266,0,0,0,1,0
3,107,1.771,86,3730795,31,14,-2,84805,0,0,0,0,0,38,2451,-13261,14266,0,0,0,1,0
3,107,1.843,87,3730867,31,14,-2,84805,0,0,0,0,0,38,2454,-13261,14266,0,0,0,1,0
3,107,1.916,88,3730939,31,14,-2,84805,0,0,0,0,0,38,2457,-13261,14266,0,0,0,1,0
3,107,2.059,90,3731083,31,14,-2,84805,0,0,0,0,0,38,2463,-13261,14266,0,0,0,1,0
3,107,2.131,91,3731155,31,14,-2,84805,0,0,0,0,0,38,2466,-13261,14266,0,0,0,1,0
3,107,2.275,93,3731299,31,14,-2,84805,0,0,0,0,0,38,2472,-13261,14266,0,0,0,1,0
3,107,2.347,94,3731371,31,14,-2,84805,0,0,0,0,0,38,2475,-13261,14266,0,0,0,1,0
3,107,2.419,95,3731443,31,14,-2,84805,0,0,0,0,0,38,2478,-13261,14266,0,0,0,1,0
3,107,2.491,96,3731515,31,14,-2,84805,0,0,0,0,0,38,2481,-13261,14266,0,0,0,1,0
3,107,2.622,98,3731637,31,14,-2,84805,0,0,0,0,0,38,2486,-13261,14266,0,0,0,1,0
3,107,2.67,99,3731687,31,14,-2,84805,0,0,0,0,0,38,2486,-13261,14266,0,0,0,1,0
3,107,2.715,100,3731739,31,14,-2,84805,0,0,0,0,0,38,2486,-13261,14266,0,0,0,1,0
3,107,2.77,101,3731795,31,14,-2,84805,0,0,0,0,0,38,2486,-13261,14266,0,0,0,1,0
3,107,2.826,102,3731851,31,14,-2,84805,0,0,0,0,0,38,2486,-13261,14266,0,0,0,1,0
3,107,2.882,103,3731907,31,14,-2,84805,0,0,0,0,0,38,2486,-13261,14266,0,0,0,1,0
3,107,2.939,104,3731963,31,14,-2,84805,0,0,0,0,0,38,2486,-13261,14266,0,0,0,1,0
3,107,2.995,105,3732019,31,14,-2,84805,0,0,0,0,0,38,2486,-13261,14266,0,0,0,1,0
3,107,3.051,106,3732075,31,14,-2,84805,0,0,0,0,0,38,2486,-13261,14266,0,0,0,1,0
3,107,3.107,107,3732131,31,14,-2,84805,0,0,0,0,0,38,2486,-13261,14266,0,0,0,1,0
3,107,3.275,110,3732299,31,14,-2,84805,0,0,0,0,0,38,2486,-13261,14266,0,0,0,1,0
3,107,3.33,111,3732355,31,14,-2,84805,0,0,0,0,0,38,2486,-13261,14266,0,0,0,1,0
3,107,3.386,112,3732411,31,14,-2,84805,0,0,0,0,0,38,2486,-13261,14266,0,0,0,1,0
3,107,3.443,113,3732467,31,14,-2,84805,0,0,0,0,0,38,2486,-13261,14266,0,0,0,1,0
3,107,3.499,114,3732523,31,14,-2,84805,0,0,0,0,0,38,2486,-13261,14266,0,0,0,1,0
3,107,3.554,115,3732579,31,14,-2,84805,0,0,0,0,0,38,2486,-13261,14266,0,0,0,1,0
3,107,3.61,116,3732635,31,14,-2,84805,0,0,0,0,0,38,2486,-13261,14266,0,0,0,1,0
3,107,3.667,117,3732691,31,14,-2,84805,0,0,0,0,0,38,2486,-13261,14266,0,0,0,1,0
3,107,3.83,120,3732855,31,14,-2,84805,0,0,0,0,0,38,2486,-13261,14266,0,0,0,1,0
3,107,3.887,121,3732911,31,14,-2,84805,0,0,0,0,0,38,2486,-13261,14266,0,0,0,1,0
3,107,3.942,122,3732967,31,14,-2,84805,0,0,0,0,0,38,2486,-13261,14266,0,0,0,1,0
3,107,3.998,123,3733023,31,14,-2,84805,0,0,0,0,0,38,2486,-13261,14266,0,0,0,1,0
3,107,4.055,124,3733079,31,14,-2,84805,0,0,0,0,0,38,2486,-13261,14266,0,0,0,1,0
3,107,4.11,125,3733135,31,14,-2,84805,0,0,0,0,0,38,2486,-13261,14266,0,0,0,1,0
3,107,4.166,126,3733191,31,14,-2,84805,0,0,0,0,0,38,2486,-13261,14266,0,0,0,1,0
3,107,4.223,127,3733247,31,14,-2,84805,0,0,0,0,0,38,2486,-13261,14266,0,0,0,1,0
3,107,4.278,0,3733303,31,14,-2,84805,0,0,0,0,0,38,2486,-13261,14266,0,0,0,1,0
3,107,4.334,1,3733359,31,14,-2,84805,0,0,0,0,0,38,2486,-13261,14266,0,0,0,1,0
3,107,4.446,3,3733471,31,14,-2,84805,0,0,0,0,0,38,2486,-13261,14266,0,0,0,1,0
3,107,4.505,4,3733527,31,14,-2,84805,0,0,0,0,0,38,2486,-13261,14266,0,0,0,1,0
3,107,4.558,5,3733583,31,14,-2,84805,0,0,0,0,0,38,2486,-13261,14266,0,0,0,1,0
3,107,4.614,6,3733639,31,14,-2,84805,0,0,0,0,0,38,2486,-13261,14266,0,0,0,1,0
3,107,4.671,7,3733695,31,14,-2,84805,0,0,0,0,0,38,2486,-13261,14266,0,0,0,1,0
3,107,4.726,8,3733751,31,14,-2,84805,0,0,0,0,0,38,2486,-13261,14266,0,0,0,1,0
3,107,4.791,9,3733807,31,14,-2,84805,0,0,0,0,0,38,2486,-13261,14266,0,0,0,1,0
3,107,4.835,10,3733859,31,14,-2,84805,0,0,0,0,0,38,2486,-13261,14266,0,0,0,1,0
3,107,4.89,11,3733915,31,14,-2,84805,0,0,0,0,0,38,2486,-13261,14266,0,0,0,1,0
3,107,4.947,12,3733971,31,14,-2,84805,0,0,0,0,0,38,2486,-13261,14266,0,0,0,1,0
3,107,5.061,14,3734083,31,14,-2,84805,0,0,0,0,0,38,2486,-13261,14266,0,0,0,1,0
3,107,5.114,15,3734139,31,14,-2,84805,0,0,0,0,0,38,2486,-13261,14266,0,0,0,1,0
3,107,5.17,16,3734195,31,14,-2,84805,0,0,0,0,0,38,2486,-13261,14266,0,0,0,1,0
3,107,5.227,17,3734251,31,14,-2,84805,0,0,0,0,0,38,2486,-13261,14266,0,0,0,1,0
3,107,5.285,18,3734307,31,14,-2,84805,0,0,0,0,0,38,2486,-13261,14266,0,0,0,1,0
3,107,5.339,19,3734363,31,14,-2,84805,0,0,0,0,0,38,2486,-13261,14266,0,0,0,1,0
3,107,5.395,20,3734419,31,14,-2,84805,0,0,0,0,0,38,2486,-13261,14266,0,0,0,1,0
3,107,5.453,21,3734475,31,14,-2,84805,0,0,0,0,0,38,2486,-13261,14266,0,0,0,1,0
3,107,5.512,22,3734531,31,14,-2,84805,0,0,0,0,0,38,2486,-13261,14266,0,0,0,1,0
3,107,5.563,23,3734587,31,14,-2,84805,0,0,0,0,0,38,2486,-13261,14266,0,0,0,1,0
3,107,5.677,25,3734699,31,14,-2,84805,0,0,0,0,0,38,2486,-13261,14266,0,0,0,1,0
3,107,5.733,26,3734755,31,14,-2,84805,0,0,0,0,0,38,2486,-13261,14266,0,0,0,1,0
3,107,5.79,27,3734811,31,14,-2,84805,0,0,0,0,0,38,2486,-13261,14266,0,0,0,1,0
3,107,5.851,28,3734867,31,14,-2,84805,0,0,0,0,0,38,2486,-13261,14266,0,0,0,1,0
3,107,5.894,29,3734919,31,14,-2,84805,0,0,0,0,0,38,2486,-13261,14266,0,0,0,1,0
3,107,5.95,30,3734975,31,14,-2,84805,0,0,0,0,0,38,2486,-13261,14266,0,0,0,1,0
3,107,6.008,31,3735031,31,14,-2,84805,0,0,0,0,0,38,2486,-13261,14266,0,0,0,1,0
3,107,6.064,32,3735087,31,14,-2,84805,0,0,0,0,0,38,2486,-13261,14266,0,0,0,1,0
3,107,6.118,33,3735143,31,14,-2,84805,0,0,0,0,0,38,2486,-13261,14266,0,0,0,1,0
3,107,6.175,34,3735199,31,14,-2,84805,0,0,0,0,0,38,2486,-13261,14266,0,0,0,1,0
3,107,6.23,35,3735255,31,14,-2,84805,0,0,0,0,0,38,2486,-13261,14266,0,0,0,1,0
3,107,6.287,36,3735311,31,14,-2,84805,0,0,0,0,0,38,2486,-13261,14266,0,0,0,1,0
3,107,6.342,37,3735367,31,14,-2,84805,0,0,0,0,0,38,2486,-13261,14266,0,0,0,1,0
3,107,6.4,38,3735423,31,14,-2,84805,0,0,0,0,0,38,2486,-13261,14266,0,0,0,1,0
3,107,6.454,39,3735479,31,14,-2,84805,0,0,0,0,0,38,2486,-13261,14266,0,0,0,1,0
3,107,6.51,40,3735535,31,14,-2,84805,0,0,0,0,0,38,2486,-13261,14266,0,0,0,1,0
3,107,6.566,41,3735591,31,14,-2,84805,0,0,0,0,0,38,2486,-13261,14266,0,0,0,1,0
3,107,6.622,42,3735647,31,14,-2,84805,0,0,0,0,0,38,2486,-13261,14266,0,0,0,1,0
3,107,6.679,43,3735703,31,14,-2,84805,0,0,0,0,0,38,2486,-13261,14266,0,0,0,1,0
3,107,6.736,44,3735759,31,14,-2,84805,0,0,0,0,0,38,2486,-13261,14266,0,0,0,1,0
3,107,6.792,45,3735815,31,14,-2,84805,0,0,0,0,0,38,2486,-13261,14266,0,0,0,1,0
3,107,6.911,47,3735927,31,14,-2,84805,0,0,0,0,0,38,2486,-13261,14266,0,0,0,1,0
3,107,6.956,48,3735979,31,14,-2,84805,0,0,0,0,0,38,2486,-13261,14266,0,0,0,1,0
3,107,7.066,50,3736091,31,14,-2,84805,0,0,0,0,0,38,2486,-13261,14266,0,0,0,1,0
3,107,7.178,52,3736203,31,14,-2,84805,0,0,0,0,0,38,2486,-13261,14266,0,0,0,1,0
3,107,7.236,53,3736259,31,14,-2,84805,0,0,0,0,0,38,2486,-13261,14266,0,0,0,1,0
3,107,7.297,54,3736315,31,14,-2,84805,0,0,0,0,0,38,2486,-13261,14266,0,0,0,1,0
3,107,7.353,55,3736371,31,14,-2,84805,0,0,0,0,0,38,2486,-13261,14266,0,0,0,1,0
3,107,7.403,56,3736427,31,14,-2,84805,0,0,0,0,0,38,2486,-13261,14266,0,0,0,1,0
3,107,7.459,57,3736483,31,14,-2,84805,0,0,0,0,0,38,2486,-13261,14266,0,0,0,1,0
3,107,7.575,59,3736595,31,14,-2,84805,0,0,0,0,0,38,2486,-13261,14266,0,0,0,1,0
3,107,7.63,60,3736651,31,14,-2,84805,0,0,0,0,0,38,2486,-13261,14266,0,0,0,1,0
3,107,7.684,61,3736707,31,14,-2,84805,0,0,0,0,0,38,2486,-13261,14266,0,0,0,1,0
3,107,7.739,62,3736763,31,14,-2,84805,0,0,0,0,0,38,2486,-13261,14266,0,0,0,1,0
3,107,7.794,63,3736819,31,14,-2,84805,0,0,0,0,0,38,2486,-13261,14266,0,0,0,1,0
3,107,7.85,64,3736875,31,14,-2,84805,0,0,0,0,0,38,2486,-13261,14266,0,0,0,1,0
3,107,7.907,65,3736931,31,14,-2,84805,0,0,0,0,0,38,2486,-13261,14266,0,0,0,1,0
3,107,7.97,66,3736987,31,14,-2,84805,0,0,0,0,0,38,2486,-13261,14266,0,0,0,1,0
3,107,8.015,67,3737039,31,14,-2,84805,0,0,0,0,0,38,2486,-13261,14266,0,0,0,1,0
3,107,8.074,68,3737095,31,14,-2,84805,0,0,0,0,0,38,2486,-13261,14266,0,0,0,1,0
3,107,8.185,70,3737207,31,14,-2,84805,0,0,0,0,0,38,2486,-13261,14266,0,0,0,1,0
3,107,8.239,71,3737263,31,14,-2,84805,0,0,0,0,0,38,2486,-13261,14266,0,0,0,1,0
3,107,8.296,72,3737319,31,14,-2,84805,0,0,0,0,0,38,2486,-13261,14266,0,0,0,1,0
3,107,8.351,73,3737375,31,14,-2,84805,0,0,0,0,0,38,2486,-13261,14266,0,0,0,1,0
3,107,8.407,74,3737431,31,14,-2,84805,0,0,0,0,0,38,2486,-13261,14266,0,0,0,1,0
3,107,8.462,75,3737487,31,14,-2,84805,0,0,0,0,0,38,2486,-13261,14266,0,0,0,1,0
3,107,8.519,76,3737543,31,14,-2,84805,0,0,0,0,0,38,2486,-13261,14266,0,0,0,1,0
3,107,8.575,77,3737599,31,14,-2,84805,0,0,0,0,0,38,2486,-13261,14266,0,0,0,1,0
3,107,8.63,78,3737655,31,14,-2,84805,0,0,0,0,0,38,2486,-13261,14266,0,0,0,1,0
3,107,8.686,79,3737711,31,14,-2,84805,0,0,0,0,0,38,2486,-13261,14266,0,0,0,1,0
3,107,8.798,81,3737823,31,14,-2,84805,0,0,0,0,0,38,2486,-13261,14266,0,0,0,1,0
3,107,8.855,82,3737879,31,14,-2,84805,0,0,0,0,0,38,2486,-13261,14266,0,0,0,1,0
3,107,8.966,84,3737991,31,14,-2,84805,0,0,0,0,0,38,2486,-13261,14266,0,0,0,1,0
3,107,9.031,85,3738047,31,14,-2,84805,0,0,0,0,0,38,2486,-13261,14266,0,0,0,1,0
3,107,9.078,86,3738099,31,14,-2,84805,0,0,0,0,0,38,2486,-13261,14266,0,0,0,1,0
3,107,9.131,87,3738155,31,14,-2,84805,0,0,0,0,0,38,2486,-13261,14266,0,0,0,1,0
3,107,9.187,88,3738211,31,14,-2,84805,0,0,0,0,0,38,2486,-13261,14266,0,0,0,1,0
3,107,9.242,89,3738267,31,14,-2,84805,0,0,0,0,0,38,2486,-13261,14266,0,0,0,1,0
3,107,9.298,90,3738323,31,14,-2,84805,0,0,0,0,0,38,2486,-13261,14266,0,0,0,1,0
3,107,9.354,91,3738379,31,14,-2,84805,0,0,0,0,0,38,2486,-13261,14266,0,0,0,1,0
3,107,9.466,93,3738491,31,14,-2,84805,0,0,0,0,0,38,2486,-13261,14266,0,0,0,1,0
3,107,9.523,94,3738547,31,14,-2,84805,0,0,0,0,0,38,2486,-13261,14266,0,0,0,1,0
3,107,9.578,95,3738603,31,14,-2,84805,0,0,0,0,0,38,2486,-13261,14266,0,0,0,1,0
3,107,9.635,96,3738659,31,14,-2,84805,0,0,0,0,0,38,2486,-13261,14266,0,0,0,1,0
3,107,9.69,97,3738715,31,14,-2,84805,0,0,0,0,0,38,2486,-13261,14266,0,0,0,1,0
3,107,9.746,98,3738771,31,14,-2,84805,0,0,0,0,0,38,2486,-13261,14266,0,0,0,1,0
3,107,9.802,99,3738827,31,14,-2,84805,0,0,0,0,0,38,2486,-13261,14266,0,0,0,1,0
3,107,9.858,100,3738883,31,14,-2,84805,0,0,0,0,0,38,2486,-13261,14266,0,0,0,1,0
3,107,9.914,101,3738939,31,14,-2,84805,0,0,0,0,0,38,2486,-13261,14266,0,0,0,1,0
3,107,10.027,103,3739051,31,14,-2,84805,0,0,0,0,0,38,2486,-13261,14266,0,0,0,1,0
3,107,10.091,104,3739107,31,14,-2,84805,0,0,0,0,0,38,2486,-13261,14266,0,0,0,1,0
3,107,10.135,105,3739159,31,14,-2,84805,0,0,0,0,0,38,2486,-13261,14266,0,0,0,1,0
3,107,10.191,106,3739215,31,14,-2,84805,0,0,0,0,0,38,2486,-13261,14266,0,0,0,1,0
3,107,10.247,107,3739271,31,14,-2,84805,0,0,0,0,0,38,2486,-13261,14266,0,0,0,1,0
3,107,10.304,108,3739327,31,14,-2,84805,0,0,0,0,0,38,2486,-13261,14266,0,0,0,1,0
3,107,10.359,109,3739383,31,14,-2,84805,0,0,0,0,0,38,2486,-13261,14266,0,0,0,1,0
3,107,10.414,110,3739439,31,14,-2,84805,0,0,0,0,0,38,2486,-13261,14266,0,0,0,1,0
3,107,10.47,111,3739495,31,14,-2,84805,0,0,0,0,0,38,2486,-13261,14266,0,0,0,1,0
3,107,10.526,112,3739551,31,14,-2,84805,0,0,0,0,0,38,2486,-13261,14266,0,0,0,1,0
3,107,10.582,113,3739607,31,14,-2,84805,0,0,0,0,0,38,2486,-13261,14266,0,0,0,1,0
3,107,10.638,114,3739663,31,14,-2,84805,0,0,0,0,0,38,2486,-13261,14266,0,0,0,1,0
3,107,10.694,115,3739719,31,14,-2,84805,0,0,0,0,0,38,2486,-13261,14266,0,0,0,1,0
3,107,10.75,116,3739775,31,14,-2,84805,0,0,0,0,0,38,2486,-13261,14266,0,0,0,1,0
3,107,10.806,117,3739831,31,14,-2,84805,0,0,0,0,0,38,2486,-13261,14266,0,0,0,1,0
3,107,10.865,118,3739887,31,14,-2,84805,0,0,0,0,0,38,2486,-13261,14266,0,0,0,1,0
3,107,10.925,119,3739943,31,14,-2,84805,0,0,0,0,0,38,2486,-13261,14266,0,0,0,1,0
3,107,10.976,120,3739999,31,14,-2,84805,0,0,0,0,0,38,2486,-13261,14266,0,0,0,1,0
3,107,11.031,121,3740055,31,14,-2,84805,0,0,0,0,0,38,2486,-13261,14266,0,0,0,1,0
3,107,11.088,122,3740111,31,14,-2,84805,0,0,0,0,0,38,2486,-13261,14266,0,0,0,1,0
3,107,11.155,123,3740167,31,14,-2,84805,0,0,0,0,0,38,2486,-13261,14266,0,0,0,1,0
3,107,11.197,124,3740219,31,14,-2,84805,0,0,0,0,0,38,2486,-13261,14266,0,0,0,1,0
3,107,11.337,126,3740331,31,14,-2,84805,0,0,0,0,0,38,2486,-13261,14266,0,0,0,1,0
3,107,11.381,127,3740387,31,14,-2,84805,0,0,0,0,0,38,2486,-13261,14266,0,0,0,1,0
3,107,11.463,0,3740443,31,14,-2,84805,0,0,0,0,0,38,2486,-13261,14266,0,0,0,1,0
3,107,11.482,1,3740499,31,14,-2,84805,0,0,0,0,0,38,2486,-13261,14266,0,0,0,1,0
3,107,11.536,2,3740555,31,14,-2,84805,0,0,0,0,0,38,2486,-13261,14266,0,0,0,1,0
3,107,11.588,3,3740611,31,14,-2,84805,0,0,0,0,0,38,2486,-13261,14266,0,0,0,1,0
3,107,11.644,4,3740667,31,14,-2,84805,0,0,0,0,0,38,2486,-13261,14266,0,0,0,1,0
3,107,11.7,5,3740723,31,14,-2,84805,0,0,0,0,0,38,2486,-13261,14266,0,0,0,1,0
3,107,11.754,6,3740779,31,14,-2,84805,0,0,0,0,0,38,2486,-13261,14266,0,0,0,1,0
3,107,11.811,7,3740835,31,14,-2,84805,0,0,0,0,0,38,2486,-13261,14266,0,0,0,1,0
3,107,11.98,10,3741003,31,14,-2,84805,0,0,0,0,0,38,2486,-13261,14266,0,0,0,1,0
3,107,12.035,11,3741059,31,14,-2,84805,0,0,0,0,0,38,2486,-13261,14266,0,0,0,1,0
3,107,12.149,13,3741171,31,14,-2,84805,0,0,0,0,0,38,2486,-13261,14266,0,0,0,1,0
3,107,12.212,14,3741227,31,14,-2,84805,0,0,0,0,0,38,2486,-13261,14266,0,0,0,1,0
3,107,12.254,15,3741279,31,14,-2,84805,0,0,0,0,0,38,2486,-13261,14266,0,0,0,1,0
3,107,12.313,16,3741335,31,14,-2,84805,0,0,0,0,0,38,2486,-13261,14266,0,0,0,1,0
3,107,12.423,18,3741447,31,14,-2,84805,0,0,0,0,0,38,2486,-13261,14266,0,0,0,1,0
3,107,12.54,20,3741559,31,14,-2,84805,0,0,0,0,0,38,2486,-13261,14266,0,0,0,1,0
3,107,12.594,21,3741615,31,14,-2,84805,0,0,0,0,0,38,2486,-13261,14266,0,0,0,1,0
3,107,12.646,22,3741671,31,14,-2,84805,0,0,0,0,0,38,2486,-13261,14266,0,0,0,1,0
3,107,12.761,24,3741783,31,14,-2,84805,0,0,0,0,0,38,2486,-13261,14266,0,0,0,1,0
3,107,12.816,25,3741839,31,14,-2,84805,0,0,0,0,0,38,2486,-13261,14266,0,0,0,1,0
3,107,12.871,26,3741895,31,14,-2,84805,0,0,0,0,0,38,2486,-13261,14266,0,0,0,1,0
3,107,12.927,27,3741951,31,14,-2,84805,0,0,0,0,0,38,2486,-13261,14266,0,0,0,1,0
3,107,12.984,28,3742007,31,14,-2,84805,0,0,0,0,0,38,2486,-13261,14266,0,0,0,1,0
3,107,13.039,29,3742063,31,14,-2,84805,0,0,0,0,0,38,2486,-13261,14266,0,0,0,1,0
3,107,13.15,31,3742175,31,14,-2,84805,0,0,0,0,0,38,2486,-13261,14266,0,0,0,1,0
3,107,13.206,32,3742231,31,14,-2,84805,0,0,0,0,0,38,2486,-13261,14266,0,0,0,1,0
3,107,13.271,33,3742287,31,14,-2,84805,0,0,0,0,0,38,2486,-13261,14266,0,0,0,1,0
3,107,13.314,34,3742339,31,14,-2,84805,0,0,0,0,0,38,2486,-13261,14266,0,0,0,1,0
3,107,13.371,35,3742395,31,14,-2,84805,0,0,0,0,0,38,2486,-13261,14266,0,0,0,1,0
3,107,13.427,36,3742451,31,14,-2,84805,0,0,0,0,0,38,2486,-13261,14266,0,0,0,1,0
3,107,13.482,37,3742507,31,14,-2,84805,0,0,0,0,0,38,2486,-13261,14266,0,0,0,1,0
3,107,13.539,38,3742563,31,14,-2,84805,0,0,0,0,0,38,2486,-13261,14266,0,0,0,1,0
3,107,13.594,39,3742619,31,14,-2,84805,0,0,0,0,0,38,2486,-13261,14266,0,0,0,1,0
3,107,13.65,40,3742675,31,14,-2,84805,0,0,0,0,0,38,2486,-13261,14266,0,0,0,1,0
3,107,13.706,41,3742731,31,14,-2,84805,0,0,0,0,0,38,2486,-13261,14266,0,0,0,1,0
3,107,13.762,42,3742787,31,14,-2,84805,0,0,0,0,0,38,2486,-13261,14266,0,0,0,1,0
3,107,13.819,43,3742843,31,14,-2,84805,0,0,0,0,0,38,2486,-13261,14266,0,0,0,1,0
3,107,13.875,44,3742899,31,14,-2,84805,0,0,0,0,0,38,2486,-13261,14266,0,0,0,1,0
3,107,13.929,45,3742955,31,14,-2,84805,0,0,0,0,0,38,2486,-13261,14266,0,0,0,1,0
3,107,13.987,46,3743011,31,14,-2,84805,0,0,0,0,0,38,2486,-13261,14266,0,0,0,1,0
3,107,14.041,47,3743067,31,14,-2,84805,0,0,0,0,0,38,2486,-13261,14266,0,0,0,1,0
3,107,14.099,48,3743123,31,14,-2,84805,0,0,0,0,0,38,2486,-13261,14266,0,0,0,1,0
3,107,14.155,49,3743179,31,14,-2,84805,0,0,0,0,0,38,2486,-13261,14266,0,0,0,1,0
3,107,14.211,50,3743235,31,14,-2,84805,0,0,0,0,0,38,2486,-13261,14266,0,0,0,1,0
3,107,14.267,51,3743291,31,14,-2,84805,0,0,0,0,0,38,2486,-13261,14266,0,0,0,1,0
3,107,14.43,54,3743455,31,14,-2,84805,0,0,0,0,0,38,2486,-13261,14266,0,0,0,1,0
3,107,14.488,55,3743511,31,14,-2,84805,0,0,0,0,0,38,2486,-13261,14266,0,0,0,1,0
3,107,14.543,56,3743567,31,14,-2,84805,0,0,0,0,0,38,2486,-13261,14266,0,0,0,1,0
3,107,14.6,57,3743623,31,14,-2,84805,0,0,0,0,0,38,2486,-13261,14266,0,0,0,1,0
3,107,14.653,58,3743679,31,14,-2,84805,0,0,0,0,0,38,2486,-13261,14266,0,0,0,1,0
3,107,14.709,59,3743735,31,14,-2,84805,0,0,0,0,0,38,2486,-13261,14266,0,0,0,1,0
3,107,14.767,60,3743791,31,14,-2,84805,0,0,0,0,0,38,2486,-13261,14266,0,0,0,1,0
3,107,14.822,61,3743847,31,14,-2,84805,0,0,0,0,0,38,2486,-13261,14266,0,0,0,1,0
3,107,14.877,62,3743903,31,14,-2,84805,0,0,0,0,0,38,2486,-13261,14266,0,0,0,1,0
3,107,14.935,63,3743959,31,14,-2,84805,0,0,0,0,0,38,2486,-13261,14266,0,0,0,1,0
3,107,14.99,64,3744015,31,14,-2,84805,0,0,0,0,0,38,2486,-13261,14266,0,0,0,1,0
3,107,15.046,65,3744071,31,14,-2,84805,0,0,0,0,0,38,2486,-13261,14266,0,0,0,1,0
3,107,15.101,66,3744127,31,14,-2,84805,0,0,0,0,0,38,2486,-13261,14266,0,0,0,1,0
3,107,15.158,67,3744183,31,14,-2,84805,0,0,0,0,0,38,2486,-13261,14266,0,0,0,1,0
3,107,15.213,68,3744239,31,14,-2,84805,0,0,0,0,0,38,2486,-13261,14266,0,0,0,1,0
3,107,15.27,69,3744295,31,14,-2,84805,0,0,0,0,0,38,2486,-13261,14266,0,0,0,1,0
3,107,15.328,70,3744351,31,14,-2,84805,0,0,0,0,0,38,2486,-13261,14266,0,0,0,1,0
3,107,15.392,71,3744407,31,14,-2,84805,0,0,0,0,0,38,2486,-13261,14266,0,0,0,1,0
3,107,15.435,72,3744459,31,14,-2,84805,0,0,0,0,0,38,2486,-13261,14266,0,0,0,1,0
3,107,15.492,73,3744515,31,14,-2,84805,0,0,0,0,0,38,2486,-13261,14266,0,0,0,1,0
3,107,15.547,74,3744571,31,14,-2,84805,0,0,0,0,0,38,2486,-13261,14266,0,0,0,1,0
3,107,15.658,76,3744683,31,14,-2,84805,0,0,0,0,0,38,2486,-13261,14266,0,0,0,1,0
3,107,15.714,77,3744739,31,14,-2,84805,0,0,0,0,0,38,2486,-13261,14266,0,0,0,1,0
3,107,15.77,78,3744795,31,14,-2,84805,0,0,0,0,0,38,2486,-13261,14266,0,0,0,1,0
3,107,15.826,79,3744851,31,14,-2,84805,0,0,0,0,0,38,2486,-13261,14266,0,0,0,1,0
3,107,15.938,81,3744963,31,14,-2,84805,0,0,0,0,0,38,2486,-13261,14266,0,0,0,1,0
3,107,15.994,82,3745019,31,14,-2,84805,0,0,0,0,0,38,2486,-13261,14266,0,0,0,1,0
3,107,16.051,83,3745075,31,14,-2,84805,0,0,0,0,0,38,2486,-13261,14266,0,0,0,1,0
3,107,16.106,84,3745131,31,14,-2,84805,0,0,0,0,0,38,2486,-13261,14266,0,0,0,1,0
3,107,16.161,85,3745187,31,14,-2,84805,0,0,0,0,0,38,2486,-13261,14266,0,0,0,1,0
3,107,16.273,87,3745299,31,14,-2,84805,0,0,0,0,0,38,2486,-13261,14266,0,0,0,1,0
3,107,16.329,88,3745355,31,14,-2,84805,0,0,0,0,0,38,2486,-13261,14266,0,0,0,1,0
3,107,16.386,89,3745411,31,14,-2,84805,0,0,0,0,0,38,2486,-13261,14266,0,0,0,1,0
3,107,16.444,90,3745467,31,14,-2,84805,0,0,0,0,0,38,2486,-13261,14266,0,0,0,1,0
3,107,16.494,91,3745519,31,14,-2,84805,0,0,0,0,0,38,2486,-13261,14266,0,0,0,1,0
3,107,16.55,92,3745575,31,14,-2,84805,0,0,0,0,0,38,2486,-13261,14266,0,0,0,1,0
3,107,16.606,93,3745631,31,14,-2,84805,0,0,0,0,0,38,2486,-13261,14266,0,0,0,1,0
3,107,16.661,94,3745687,31,14,-2,84805,0,0,0,0,0,38,2486,-13261,14266,0,0,0,1,0
3,107,16.718,95,3745743,31,14,-2,84805,0,0,0,0,0,38,2486,-13261,14266,0,0,0,1,0
3,107,16.832,97,3745855,31,14,-2,84805,0,0,0,0,0,38,2486,-13261,14266,0,0,0,1,0
3,107,16.887,98,3745911,31,14,-2,84805,0,0,0,0,0,38,2486,-13261,14266,0,0,0,1,0
3,107,16.944,99,3745967,31,14,-2,84805,0,0,0,0,0,38,2486,-13261,14266,0,0,0,1,0
3,107,16.999,100,3746023,31,14,-2,84805,0,0,0,0,0,38,2486,-13261,14266,0,0,0,1,0
3,107,17.056,101,3746079,31,14,-2,84805,0,0,0,0,0,38,2486,-13261,14266,0,0,0,1,0
3,107,17.113,102,3746135,31,14,-2,84805,0,0,0,0,0,38,2486,-13261,14266,0,0,0,1,0
3,107,17.168,103,3746191,31,14,-2,84805,0,0,0,0,0,38,2486,-13261,14266,0,0,0,1,0
3,107,17.224,104,3746247,31,14,-2,84805,0,0,0,0,0,38,2486,-13261,14266,0,0,0,1,0
3,107,17.277,105,3746303,31,14,-2,84805,0,0,0,0,0,38,2486,-13261,14266,0,0,0,1,0
3,107,17.334,106,3746359,31,14,-2,84805,0,0,0,0,0,38,2486,-13261,14266,0,0,0,1,0
3,107,17.39,107,3746415,31,14,-2,84805,0,0,0,0,0,38,2486,-13261,14266,0,0,0,1,0
3,107,17.511,109,3746527,31,14,-2,84805,0,0,0,0,0,38,2486,-13261,14266,0,0,0,1,0
3,107,17.553,110,3746579,31,14,-2,84805,0,0,0,0,0,38,2486,-13261,14266,0,0,0,1,0
3,107,17.611,111,3746635,31,14,-2,84805,0,0,0,0,0,38,2486,-13261,14266,0,0,0,1,0
3,107,17.665,112,3746691,31,14,-2,84805,0,0,0,0,0,38,2486,-13261,14266,0,0,0,1,0
3,107,17.721,113,3746747,31,14,-2,84805,0,0,0,0,0,38,2486,-13261,14266,0,0,0,1,0
3,107,17.777,114,3746803,31,14,-2,84805,0,0,0,0,0,38,2486,-13261,14266,0,0,0,1,0
3,107,17.834,115,3746859,31,14,-2,84805,0,0,0,0,0,38,2486,-13261,14266,0,0,0,1,0
3,107,17.889,116,3746915,31,14,-2,84805,0,0,0,0,0,38,2486,-13261,14266,0,0,0,1,0
3,107,17.946,117,3746971,31,14,-2,84805,0,0,0,0,0,38,2486,-13261,14266,0,0,0,1,0
3,107,18.003,118,3747027,31,14,-2,84805,0,0,0,0,0,38,2486,-13261,14266,0,0,0,1,0
3,107,18.058,119,3747083,31,14,-2,84805,0,0,0,0,0,38,2486,-13261,14266,0,0,0,1,0
3,107,18.17,121,3747195,31,14,-2,84805,0,0,0,0,0,38,2486,-13261,14266,0,0,0,1,0
3,107,18.226,122,3747251,31,14,-2,84805,0,0,0,0,0,38,2486,-13261,14266,0,0,0,1,0
3,107,18.287,123,3747307,31,14,-2,84805,0,0,0,0,0,38,2486,-13261,14266,0,0,0,1,0
3,107,18.337,124,3747363,31,14,-2,84805,0,0,0,0,0,38,2486,-13261,14266,0,0,0,1,0
3,107,18.393,125,3747419,31,14,-2,84805,0,0,0,0,0,38,2486,-13261,14266,0,0,0,1,0
3,107,18.45,126,3747475,31,14,-2,84805,0,0,0,0,0,38,2486,-13261,14266,0,0,0,1,0
3,107,18.506,127,3747531,31,14,-2,84805,0,0,0,0,0,38,2486,-13261,14266,0,0,0,1,0
3,107,18.57,0,3747587,31,14,-2,84805,0,0,0,0,0,38,2486,-13261,14266,0,0,0,1,0
3,107,18.614,1,3747639,31,14,-2,84805,0,0,0,0,0,38,2486,-13261,14266,0,0,0,1,0
3,107,18.67,2,3747695,31,14,-2,84805,0,0,0,0,0,38,2486,-13261,14266,0,0,0,1,0
3,107,18.781,4,3747807,31,14,-2,84805,0,0,0,0,0,38,2486,-13261,14266,0,0,0,1,0
3,107,18.837,5,3747863,31,14,-2,84805,0,0,0,0,0,38,2486,-13261,14266,0,0,0,1,0
3,107,18.895,6,3747919,31,14,-2,84805,0,0,0,0,0,38,2486,-13261,14266,0,0,0,1,0
3,107,18.951,7,3747975,31,14,-2,84805,0,0,0,0,0,38,2486,-13261,14266,0,0,0,1,0
3,107,19.006,8,3748031,31,14,-2,84805,0,0,0,0,0,38,2486,-13261,14266,0,0,0,1,0
3,107,19.063,9,3748087,31,14,-2,84805,0,0,0,0,0,38,2486,-13261,14266,0,0,0,1,0
3,107,19.118,10,3748143,31,14,-2,84805,0,0,0,0,0,38,2486,-13261,14266,0,0,0,1,0
3,107,19.176,11,3748199,31,14,-2,84805,0,0,0,0,0,38,2486,-13261,14266,0,0,0,1,0
3,107,19.23,12,3748255,31,14,-2,84805,0,0,0,0,0,38,2486,-13261,14266,0,0,0,1,0
3,107,19.285,13,3748311,31,14,-2,84805,0,0,0,0,0,38,2486,-13261,14266,0,0,0,1,0
3,107,19.398,15,3748423,31,14,-2,84805,0,0,0,0,0,38,2486,-13261,14266,0,0,0,1,0
3,107,19.455,16,3748479,31,14,-2,84805,0,0,0,0,0,38,2486,-13261,14266,0,0,0,1,0
3,107,19.509,17,3748535,31,14,-2,84805,0,0,0,0,0,38,2486,-13261,14266,0,0,0,1,0
3,107,19.565,18,3748591,31,14,-2,84805,0,0,0,0,0,38,2486,-13261,14266,0,0,0,1,0
3,107,19.631,19,3748647,31,14,-2,84805,0,0,0,0,0,38,2486,-13261,14266,0,0,0,1,0
3,107,19.674,20,3748699,31,14,-2,84805,0,0,0,0,0,38,2486,-13261,14266,0,0,0,1,0
3,107,19.729,21,3748755,31,14,-2,84805,0,0,0,0,0,38,2486,-13261,14266,0,0,0,1,0
3,107,19.786,22,3748811,31,14,-2,84805,0,0,0,0,0,38,2486,-13261,14266,0,0,0,1,0
4,-107,-0.007,46,3764429,31,14,-2,84805,0,0,0,0,0,38,2486,-13261,14266,0,0,0,1,0
4,-107,0.034,47,3764480,31,14,-2,84805,0,0,0,0,0,38,2486,-13261,14266,0,0,0,1,0
4,-107,0.158,49,3764603,31,14,-2,84671,0,0,0,26,-23,39,2491,-13238,14244,1200,-1200,0,1,0
4,-107,0.23,50,3764675,31,14,-1,84459,0,0,0,47,-32,39,2494,-13200,14211,1500,-1500,0,1,0
4,-107,0.303,51,3764747,31,14,-1,84077,0,0,0,73,-73,39,2497,-13136,14147,2000,-2000,0,1,0
4,-107,0.375,52,3764819,31,14,-1,83521,0,0,0,105,-96,39,2500,-13036,14061,2400,-2400,0,1,0
4,-107,0.446,53,3764891,31,14,-1,82748,0,0,0,137,-128,39,2503,-12905,13933,2800,-2900,0,1,0
4,-107,0.519,54,3764963,31,14,-1,81811,0,0,0,169,-163,39,2506,-12747,13777,2900,-3000,0,1,0
4,-107,0.735,57,3765179,31,14,-1,78675,0,0,0,163,-178,39,2515,-12227,13247,2900,-2800,0,1,0
4,-107,0.809,58,3765251,31,14,-1,77639,0,0,0,163,-178,39,2518,-12055,13072,2800,-2800,0,1,0
4,-107,0.88,59,3765323,31,14,-1,76603,0,0,0,154,-161,39,2521,-11883,12897,2700,-2700,0,1,0
4,-107,0.951,60,3765395,31,14,-1,75576,0,0,0,169,-169,39,2524,-11711,12725,2700,-2700,0,1,0
4,-107,1.157,62,3765604,31,13,-2,73573,0,0,0,0,0,39,2535,-11388,12377,0,0,0,1,0
4,-107,1.282,64,3765727,31,13,-2,73573,0,0,0,0,0,39,2540,-11388,12377,0,0,0,1,0
4,-107,1.354,65,3765799,31,13,-2,73573,0,0,0,0,0,39,2543,-11388,12377,0,0,0,1,0
4,-107,1.425,66,3765871,31,13,-2,73573,0,0,0,0,0,39,2546,-11388,12377,0,0,0,1,0
4,-107,1.506,67,3765943,31,13,-2,73573,0,0,0,0,0,39,2549,-11388,12377,0,0,0,1,0
4,-107,1.571,68,3766015,31,13,-2,73573,0,0,0,0,0,39,2552,-11388,12377,0,0,0,1,0
4,-107,1.651,69,3766089,31,13,-2,73573,0,0,0,0,0,39,2555,-11388,12377,0,0,0,1,0
4,-107,1.695,70,3766139,31,13,-2,73573,0,0,0,0,0,39,2555,-11388,12377,0,0,0,1,0
4,-107,1.751,71,3766195,31,13,-2,73573,0,0,0,0,0,39,2555,-11388,12377,0,0,0,1,0
4,-107,1.812,72,3766251,31,13,-2,73573,0,0,0,0,0,39,2555,-11388,12377,0,0,0,1,0
4,-107,1.861,73,3766307,31,13,-2,73573,0,0,0,0,0,39,2555,-11388,12377,0,0,0,1,0
4,-107,1.918,74,3766363,31,13,-2,73573,0,0,0,0,0,39,2555,-11388,12377,0,0,0,1,0
4,-107,1.973,75,3766419,31,13,-2,73573,0,0,0,0,0,39,2555,-11388,12377,0,0,0,1,0
4,-107,2.03,76,3766475,31,13,-2,73573,0,0,0,0,0,39,2555,-11388,12377,0,0,0,1,0
4,-107,2.086,77,3766531,31,13,-2,73573,0,0,0,0,0,39,2555,-11388,12377,0,0,0,1,0
4,-107,2.142,78,3766587,31,13,-2,73573,0,0,0,0,0,39,2555,-11388,12377,0,0,0,1,0
4,-107,2.253,80,3766699,31,13,-2,73573,0,0,0,0,0,39,2555,-11388,12377,0,0,0,1,0
4,-107,2.31,81,3766755,31,13,-2,73573,0,0,0,0,0,39,2555,-11388,12377,0,0,0,1,0
4,-107,2.366,82,3766811,31,13,-2,73573,0,0,0,0,0,39,2555,-11388,12377,0,0,0,1,0
4,-107,2.421,83,3766867,31,13,-2,73573,0,0,0,0,0,39,2555,-11388,12377,0,0,0,1,0
4,-107,2.477,84,3766923,31,13,-2,73573,0,0,0,0,0,39,2555,-11388,12377,0,0,0,1,0
4,-107,2.533,85,3766979,31,13,-2,73573,0,0,0,0,0,39,2555,-11388,12377,0,0,0,1,0
4,-107,2.597,86,3767035,31,13,-2,73573,0,0,0,0,0,39,2555,-11388,12377,0,0,0,1,0
4,-107,2.641,87,3767087,31,13,-2,73573,0,0,0,0,0,39,2555,-11388,12377,0,0,0,1,0
4,-107,2.697,88,3767143,31,13,-2,73573,0,0,0,0,0,39,2555,-11388,12377,0,0,0,1,0
4,-107,2.754,89,3767199,31,13,-2,73573,0,0,0,0,0,39,2555,-11388,12377,0,0,0,1,0
4,-107,2.809,90,3767255,31,13,-2,73573,0,0,0,0,0,39,2555,-11388,12377,0,0,0,1,0
4,-107,2.922,92,3767367,31,13,-2,73573,0,0,0,0,0,39,2555,-11388,12377,0,0,0,1,0
4,-107,2.977,93,3767423,31,13,-2,73573,0,0,0,0,0,39,2555,-11388,12377,0,0,0,1,0
4,-107,3.033,94,3767479,31,13,-2,73573,0,0,0,0,0,39,2555,-11388,12377,0,0,0,1,0
4,-107,3.089,95,3767535,31,13,-2,73573,0,0,0,0,0,39,2555,-11388,12377,0,0,0,1,0
4,-107,3.146,96,3767591,31,13,-2,73573,0,0,0,0,0,39,2555,-11388,12377,0,0,0,1,0
4,-107,3.203,97,3767647,31,13,-2,73573,0,0,0,0,0,39,2555,-11388,12377,0,0,0,1,0
4,-107,3.259,98,3767703,31,13,-2,73573,0,0,0,0,0,39,2555,-11388,12377,0,0,0,1,0
4,-107,3.314,99,3767759,31,13,-2,73573,0,0,0,0,0,39,2555,-11388,12377,0,0,0,1,0
4,-107,3.428,101,3767871,31,13,-2,73573,0,0,0,0,0,39,2555,-11388,12377,0,0,0,1,0
4,-107,3.537,103,3767983,31,13,-2,73573,0,0,0,0,0,39,2555,-11388,12377,0,0,0,1,0
4,-107,3.593,104,3768039,31,13,-2,73573,0,0,0,0,0,39,2555,-11388,12377,0,0,0,1,0
4,-107,3.659,105,3768095,31,13,-2,73573,0,0,0,0,0,39,2555,-11388,12377,0,0,0,1,0
4,-107,3.703,106,3768147,31,13,-2,73573,0,0,0,0,0,39,2555,-11388,12377,0,0,0,1,0
4,-107,3.757,107,3768203,31,13,-2,73573,0,0,0,0,0,39,2555,-11388,12377,0,0,0,1,0
4,-107,3.814,108,3768259,31,13,-2,73573,0,0,0,0,0,39,2555,-11388,12377,0,0,0,1,0
4,-107,3.874,109,3768315,31,13,-2,73573,0,0,0,0,0,39,2555,-11388,12377,0,0,0,1,0
4,-107,3.925,110,3768371,31,13,-2,73573,0,0,0,0,0,39,2555,-11388,12377,0,0,0,1,0
4,-107,3.981,111,3768427,31,13,-2,73573,0,0,0,0,0,39,2555,-11388,12377,0,0,0,1,0
4,-107,4.037,112,3768483,31,13,-2,73573,0,0,0,0,0,39,2555,-11388,12377,0,0,0,1,0
4,-107,4.095,113,3768539,31,13,-2,73573,0,0,0,0,0,39,2555,-11388,12377,0,0,0,1,0
4,-107,4.209,115,3768651,31,13,-2,73573,0,0,0,0,0,39,2555,-11388,12377,0,0,0,1,0
4,-107,4.317,117,3768763,31,13,-2,73573,0,0,0,0,0,39,2555,-11388,12377,0,0,0,1,0
4,-107,4.373,118,3768819,31,13,-2,73573,0,0,0,0,0,39,2555,-11388,12377,0,0,0,1,0
4,-107,4.431,119,3768875,31,13,-2,73573,0,0,0,0,0,39,2555,-11388,12377,0,0,0,1,0
4,-107,4.487,120,3768931,31,13,-2,73573,0,0,0,0,0,39,2555,-11388,12377,0,0,0,1,0
4,-107,4.541,121,3768987,31,13,-2,73573,0,0,0,0,0,39,2555,-11388,12377,0,0,0,1,0
4,-107,4.598,122,3769043,31,13,-2,73573,0,0,0,0,0,39,2555,-11388,12377,0,0,0,1,0
4,-107,4.657,123,3769099,31,13,-2,73573,0,0,0,0,0,39,2555,-11388,12377,0,0,0,1,0
4,-107,4.718,124,3769155,31,13,-2,73573,0,0,0,0,0,39,2555,-11388,12377,0,0,0,1,0
4,-107,4.762,125,3769207,31,13,-2,73573,0,0,0,0,0,39,2555,-11388,12377,0,0,0,1,0
4,-107,4.82,126,3769263,31,13,-2,73573,0,0,0,0,0,39,2555,-11388,12377,0,0,0,1,0
4,-107,4.88,127,3769319,31,13,-2,73573,0,0,0,0,0,39,2555,-11388,12377,0,0,0,1,0
4,-107,4.929,0,3769375,31,13,-2,73573,0,0,0,0,0,39,2555,-11388,12377,0,0,0,1,0
4,-107,4.985,1,3769431,31,13,-2,73573,0,0,0,0,0,39,2555,-11388,12377,0,0,0,1,0
4,-107,5.042,2,3769487,31,13,-2,73573,0,0,0,0,0,39,2555,-11388,12377,0,0,0,1,0
4,-107,5.097,3,3769543,31,13,-2,73573,0,0,0,0,0,39,2555,-11388,12377,0,0,0,1,0
4,-107,5.155,4,3769599,31,13,-2,73573,0,0,0,0,0,39,2555,-11388,12377,0,0,0,1,0
4,-107,5.212,5,3769655,31,13,-2,73573,0,0,0,0,0,39,2555,-11388,12377,0,0,0,1,0
4,-107,5.267,6,3769711,31,13,-2,73573,0,0,0,0,0,39,2555,-11388,12377,0,0,0,1,0
4,-107,5.379,8,3769823,31,13,-2,73573,0,0,0,0,0,39,2555,-11388,12377,0,0,0,1,0
4,-107,5.435,9,3769879,31,13,-2,73573,0,0,0,0,0,39,2555,-11388,12377,0,0,0,1,0
4,-107,5.49,10,3769935,31,13,-2,73573,0,0,0,0,0,39,2555,-11388,12377,0,0,0,1,0
4,-107,5.546,11,3769991,31,13,-2,73573,0,0,0,0,0,39,2555,-11388,12377,0,0,0,1,0
4,-107,5.603,12,3770047,31,13,-2,73573,0,0,0,0,0,39,2555,-11388,12377,0,0,0,1,0
4,-107,5.659,13,3770103,31,13,-2,73573,0,0,0,0,0,39,2555,-11388,12377,0,0,0,1,0
4,-107,5.716,14,3770159,31,13,-2,73573,0,0,0,0,0,39,2555,-11388,12377,0,0,0,1,0
4,-107,5.777,15,3770215,31,13,-2,73573,0,0,0,0,0,39,2555,-11388,12377,0,0,0,1,0
4,-107,5.822,16,3770267,31,13,-2,73573,0,0,0,0,0,39,2555,-11388,12377,0,0,0,1,0
4,-107,5.879,17,3770323,31,13,-2,73573,0,0,0,0,0,39,2555,-11388,12377,0,0,0,1,0
4,-107,5.934,18,3770379,31,13,-2,73573,0,0,0,0,0,39,2555,-11388,12377,0,0,0,1,0
4,-107,6.046,20,3770491,31,13,-2,73573,0,0,0,0,0,39,2555,-11388,12377,0,0,0,1,0
4,-107,6.101,21,3770547,31,13,-2,73573,0,0,0,0,0,39,2555,-11388,12377,0,0,0,1,0
4,-107,6.157,22,3770603,31,13,-2,73573,0,0,0,0,0,39,2555,-11388,12377,0,0,0,1,0
4,-107,6.213,23,3770659,31,13,-2,73573,0,0,0,0,0,39,2555,-11388,12377,0,0,0,1,0
4,-107,6.27,24,3770715,31,13,-2,73573,0,0,0,0,0,39,2555,-11388,12377,0,0,0,1,0
4,-107,6.326,25,3770771,31,13,-2,73573,0,0,0,0,0,39,2555,-11388,12377,0,0,0,1,0
4,-107,6.381,26,3770827,31,13,-2,73573,0,0,0,0,0,39,2555,-11388,12377,0,0,0,1,0
4,-107,6.437,27,3770883,31,13,-2,73573,0,0,0,0,0,39,2555,-11388,12377,0,0,0,1,0
4,-107,6.494,28,3770939,31,13,-2,73573,0,0,0,0,0,39,2555,-11388,12377,0,0,0,1,0
4,-107,6.605,30,3771051,31,13,-2,73573,0,0,0,0,0,39,2555,-11388,12377,0,0,0,1,0
4,-107,6.661,31,3771107,31,13,-2,73573,0,0,0,0,0,39,2555,-11388,12377,0,0,0,1,0
4,-107,6.717,32,3771163,31,13,-2,73573,0,0,0,0,0,39,2555,-11388,12377,0,0,0,1,0
4,-107,6.773,33,3771219,31,13,-2,73573,0,0,0,0,0,39,2555,-11388,12377,0,0,0,1,0
4,-107,6.837,34,3771275,31,13,-2,73573,0,0,0,0,0,39,2555,-11388,12377,0,0,0,1,0
4,-107,6.881,35,3771327,31,13,-2,73573,0,0,0,0,0,39,2555,-11388,12377,0,0,0,1,0
4,-107,6.938,36,3771383,31,13,-2,73573,0,0,0,0,0,39,2555,-11388,12377,0,0,0,1,0
4,-107,6.994,37,3771439,31,13,-2,73573,0,0,0,0,0,39,2555,-11388,12377,0,0,0,1,0
4,-107,7.049,38,3771495,31,13,-2,73573,0,0,0,0,0,39,2555,-11388,12377,0,0,0,1,0
4,-107,7.105,39,3771551,31,13,-2,73573,0,0,0,0,0,39,2555,-11388,12377,0,0,0,1,0
4,-107,7.162,40,3771607,31,13,-2,73573,0,0,0,0,0,39,2555,-11388,12377,0,0,0,1,0
4,-107,7.274,42,3771719,31,13,-2,73573,0,0,0,0,0,39,2555,-11388,12377,0,0,0,1,0
4,-107,7.33,43,3771775,31,13,-2,73573,0,0,0,0,0,39,2555,-11388,12377,0,0,0,1,0
4,-107,7.441,45,3771887,31,13,-2,73573,0,0,0,0,0,39,2555,-11388,12377,0,0,0,1,0
4,-107,7.497,46,3771943,31,13,-2,73573,0,0,0,0,0,39,2555,-11388,12377,0,0,0,1,0
4,-107,7.553,47,3771999,31,13,-2,73573,0,0,0,0,0,39,2555,-11388,12377,0,0,0,1,0
4,-107,7.61,48,3772055,31,13,-2,73573,0,0,0,0,0,39,2555,-11388,12377,0,0,0,1,0
4,-107,7.665,49,3772111,31,13,-2,73573,0,0,0,0,0,39,2555,-11388,12377,0,0,0,1,0
4,-107,7.721,50,3772167,31,13,-2,73573,0,0,0,0,0,39,2555,-11388,12377,0,0,0,1,0
4,-107,7.777,51,3772223,31,13,-2,73573,0,0,0,0,0,39,2555,-11388,12377,0,0,0,1,0
4,-107,7.833,52,3772279,31,13,-2,73573,0,0,0,0,0,39,2555,-11388,12377,0,0,0,1,0
4,-107,7.898,53,3772335,31,13,-2,73573,0,0,0,0,0,39,2555,-11388,12377,0,0,0,1,0
4,-107,7.942,54,3772387,31,13,-2,73573,0,0,0,0,0,39,2555,-11388,12377,0,0,0,1,0
4,-107,7.999,55,3772443,31,13,-2,73573,0,0,0,0,0,39,2555,-11388,12377,0,0,0,1,0
4,-107,8.056,56,3772499,31,13,-2,73573,0,0,0,0,0,39,2555,-11388,12377,0,0,0,1,0
4,-107,8.109,57,3772555,31,13,-2,73573,0,0,0,0,0,39,2555,-11388,12377,0,0,0,1,0
4,-107,8.165,58,3772611,31,13,-2,73573,0,0,0,0,0,39,2555,-11388,12377,0,0,0,1,0
4,-107,8.221,59,3772667,31,13,-2,73573,0,0,0,0,0,39,2555,-11388,12377,0,0,0,1,0
4,-107,8.278,60,3772723,31,13,-2,73573,0,0,0,0,0,39,2555,-11388,12377,0,0,0,1,0
4,-107,8.333,61,3772779,31,13,-2,73573,0,0,0,0,0,39,2555,-11388,12377,0,0,0,1,0
4,-107,8.39,62,3772835,31,13,-2,73573,0,0,0,0,0,39,2555,-11388,12377,0,0,0,1,0
4,-107,8.501,64,3772947,31,13,-2,73573,0,0,0,0,0,39,2555,-11388,12377,0,0,0,1,0
4,-107,8.557,65,3773003,31,13,-2,73573,0,0,0,0,0,39,2555,-11388,12377,0,0,0,1,0
4,-107,8.613,66,3773059,31,13,-2,73573,0,0,0,0,0,39,2555,-11388,12377,0,0,0,1,0
4,-107,8.67,67,3773115,31,13,-2,73573,0,0,0,0,0,39,2555,-11388,12377,0,0,0,1,0
4,-107,8.725,68,3773171,31,13,-2,73573,0,0,0,0,0,39,2555,-11388,12377,0,0,0,1,0
4,-107,8.781,69,3773227,31,13,-2,73573,0,0,0,0,0,39,2555,-11388,12377,0,0,0,1,0
4,-107,8.837,70,3773283,31,13,-2,73573,0,0,0,0,0,39,2555,-11388,12377,0,0,0,1,0
4,-107,8.893,71,3773339,31,13,-2,73573,0,0,0,0,0,39,2555,-11388,12377,0,0,0,1,0
4,-107,8.957,72,3773395,31,13,-2,73573,0,0,0,0,0,39,2555,-11388,12377,0,0,0,1,0
4,-107,9.001,73,3773447,31,13,-2,73573,0,0,0,0,0,39,2555,-11388,12377,0,0,0,1,0
4,-107,9.057,74,3773503,31,13,-2,73573,0,0,0,0,0,39,2555,-11388,12377,0,0,0,1,0
4,-107,9.114,75,3773559,31,13,-2,73573,0,0,0,0,0,39,2555,-11388,12377,0,0,0,1,0
4,-107,9.169,76,3773615,31,13,-2,73573,0,0,0,0,0,39,2555,-11388,12377,0,0,0,1,0
4,-107,9.281,78,3773727,31,13,-2,73573,0,0,0,0,0,39,2555,-11388,12377,0,0,0,1,0
4,-107,9.337,79,3773783,31,13,-2,73573,0,0,0,0,0,39,2555,-11388,12377,0,0,0,1,0
4,-107,9.393,80,3773839,31,13,-2,73573,0,0,0,0,0,39,2555,-11388,12377,0,0,0,1,0
4,-107,9.45,81,3773895,31,13,-2,73573,0,0,0,0,0,39,2555,-11388,12377,0,0,0,1,0
4,-107,9.506,82,3773951,31,13,-2,73573,0,0,0,0,0,39,2555,-11388,12377,0,0,0,1,0
4,-107,9.561,83,3774007,31,13,-2,73573,0,0,0,0,0,39,2555,-11388,12377,0,0,0,1,0
4,-107,9.617,84,3774063,31,13,-2,73573,0,0,0,0,0,39,2555,-11388,12377,0,0,0,1,0
4,-107,9.728,86,3774175,31,13,-2,73573,0,0,0,0,0,39,2555,-11388,12377,0,0,0,1,0
4,-107,9.785,87,3774231,31,13,-2,73573,0,0,0,0,0,39,2555,-11388,12377,0,0,0,1,0
4,-107,9.841,88,3774287,31,13,-2,73573,0,0,0,0,0,39,2555,-11388,12377,0,0,0,1,0
4,-107,9.954,90,3774399,31,13,-2,73573,0,0,0,0,0,39,2555,-11388,12377,0,0,0,1,0
4,-107,10.018,91,3774455,31,13,-2,73573,0,0,0,0,0,39,2555,-11388,12377,0,0,0,1,0
4,-107,10.061,92,3774507,31,13,-2,73573,0,0,0,0,0,39,2555,-11388,12377,0,0,0,1,0
4,-107,10.117,93,3774563,31,13,-2,73573,0,0,0,0,0,39,2555,-11388,12377,0,0,0,1,0
4,-107,10.174,94,3774619,31,13,-2,73573,0,0,0,0,0,39,2555,-11388,12377,0,0,0,1,0
4,-107,10.239,95,3774675,31,13,-2,73573,0,0,0,0,0,39,2555,-11388,12377,0,0,0,1,0
4,-107,10.287,96,3774731,31,13,-2,73573,0,0,0,0,0,39,2555,-11388,12377,0,0,0,1,0
4,-107,10.342,97,3774787,31,13,-2,73573,0,0,0,0,0,39,2555,-11388,12377,0,0,0,1,0
4,-107,10.398,98,3774843,31,13,-2,73573,0,0,0,0,0,39,2555,-11388,12377,0,0,0,1,0
4,-107,10.459,99,3774899,31,13,-2,73573,0,0,0,0,0,39,2555,-11388,12377,0,0,0,1,0
4,-107,10.511,100,3774955,31,13,-2,73573,0,0,0,0,0,39,2555,-11388,12377,0,0,0,1,0
4,-107,10.566,101,3775011,31,13,-2,73573,0,0,0,0,0,39,2555,-11388,12377,0,0,0,1,0
4,-107,10.623,102,3775067,31,13,-2,73573,0,0,0,0,0,39,2555,-11388,12377,0,0,0,1,0
4,-107,10.678,103,3775123,31,13,-2,73573,0,0,0,0,0,39,2555,-11388,12377,0,0,0,1,0
4,-107,10.733,104,3775179,31,13,-2,73573,0,0,0,0,0,39,2555,-11388,12377,0,0,0,1,0
4,-107,10.792,105,3775235,31,13,-2,73573,0,0,0,0,0,39,2555,-11388,12377,0,0,0,1,0
4,-107,10.845,106,3775291,31,13,-2,73573,0,0,0,0,0,39,2555,-11388,12377,0,0,0,1,0
4,-107,10.957,108,3775403,31,13,-2,73573,0,0,0,0,0,39,2555,-11388,12377,0,0,0,1,0
4,-107,11.013,109,3775459,31,13,-2,73573,0,0,0,0,0,39,2555,-11388,12377,0,0,0,1,0
4,-107,11.079,110,3775515,31,13,-2,73573,0,0,0,0,0,39,2555,-11388,12377,0,0,0,1,0
4,-107,11.122,111,3775567,31,13,-2,73573,0,0,0,0,0,39,2555,-11388,12377,0,0,0,1,0
4,-107,11.177,112,3775623,31,13,-2,73573,0,0,0,0,0,39,2555,-11388,12377,0,0,0,1,0
4,-107,11.234,113,3775679,31,13,-2,73573,0,0,0,0,0,39,2555,-11388,12377,0,0,0,1,0
4,-107,11.291,114,3775735,31,13,-2,73573,0,0,0,0,0,39,2555,-11388,12377,0,0,0,1,0
4,-107,11.345,115,3775791,31,13,-2,73573,0,0,0,0,0,39,2555,-11388,12377,0,0,0,1,0
4,-107,11.401,116,3775847,31,13,-2,73573,0,0,0,0,0,39,2555,-11388,12377,0,0,0,1,0
4,-107,11.457,117,3775903,31,13,-2,73573,0,0,0,0,0,39,2555,-11388,12377,0,0,0,1,0
4,-107,11.513,118,3775959,31,13,-2,73573,0,0,0,0,0,39,2555,-11388,12377,0,0,0,1,0
4,-107,11.626,120,3776071,31,13,-2,73573,0,0,0,0,0,39,2555,-11388,12377,0,0,0,1,0
4,-107,11.682,121,3776127,31,13,-2,73573,0,0,0,0,0,39,2555,-11388,12377,0,0,0,1,0
4,-107,11.738,122,3776183,31,13,-2,73573,0,0,0,0,0,39,2555,-11388,12377,0,0,0,1,0
4,-107,11.794,123,3776239,31,13,-2,73573,0,0,0,0,0,39,2555,-11388,12377,0,0,0,1,0
4,-107,11.852,124,3776295,31,13,-2,73573,0,0,0,0,0,39,2555,-11388,12377,0,0,0,1,0
4,-107,11.905,125,3776351,31,13,-2,73573,0,0,0,0,0,39,2555,-11388,12377,0,0,0,1,0
4,-107,11.962,126,3776407,31,13,-2,73573,0,0,0,0,0,39,2555,-11388,12377,0,0,0,1,0
4,-107,12.017,127,3776463,31,13,-2,73573,0,0,0,0,0,39,2555,-11388,12377,0,0,0,1,0
4,-107,12.073,0,3776519,31,13,-2,73573,0,0,0,0,0,39,2555,-11388,12377,0,0,0,1,0
4,-107,12.246,3,3776683,31,13,-2,73573,0,0,0,0,0,39,2555,-11388,12377,0,0,0,1,0
4,-107,12.295,4,3776739,31,13,-2,73573,0,0,0,0,0,39,2555,-11388,12377,0,0,0,1,0
4,-107,12.35,5,3776795,31,13,-2,73573,0,0,0,0,0,39,2555,-11388,12377,0,0,0,1,0
4,-107,12.415,6,3776851,31,13,-2,73573,0,0,0,0,0,39,2555,-11388,12377,0,0,0,1,0
4,-107,12.461,7,3776907,31,13,-2,73573,0,0,0,0,0,39,2555,-11388,12377,0,0,0,1,0
4,-107,12.517,8,3776963,31,13,-2,73573,0,0,0,0,0,39,2555,-11388,12377,0,0,0,1,0
4,-107,12.575,9,3777019,31,13,-2,73573,0,0,0,0,0,39,2555,-11388,12377,0,0,0,1,0
4,-107,12.629,10,3777075,31,13,-2,73573,0,0,0,0,0,39,2555,-11388,12377,0,0,0,1,0
4,-107,12.685,11,3777131,31,13,-2,73573,0,0,0,0,0,39,2555,-11388,12377,0,0,0,1,0
4,-107,12.741,12,3777187,31,13,-2,73573,0,0,0,0,0,39,2555,-11388,12377,0,0,0,1,0
4,-107,12.853,14,3777299,31,13,-2,73573,0,0,0,0,0,39,2555,-11388,12377,0,0,0,1,0
4,-107,12.908,15,3777355,31,13,-2,73573,0,0,0,0,0,39,2555,-11388,12377,0,0,0,1,0
4,-107,12.966,16,3777411,31,13,-2,73573,0,0,0,0,0,39,2555,-11388,12377,0,0,0,1,0
4,-107,13.021,17,3777467,31,13,-2,73573,0,0,0,0,0,39,2555,-11388,12377,0,0,0,1,0
4,-107,13.077,18,3777523,31,13,-2,73573,0,0,0,0,0,39,2555,-11388,12377,0,0,0,1,0
4,-107,13.134,19,3777579,31,13,-2,73573,0,0,0,0,0,39,2555,-11388,12377,0,0,0,1,0
4,-107,13.198,20,3777635,31,13,-2,73573,0,0,0,0,0,39,2555,-11388,12377,0,0,0,1,0
4,-107,13.241,21,3777687,31,13,-2,73573,0,0,0,0,0,39,2555,-11388,12377,0,0,0,1,0
4,-107,13.3,22,3777743,31,13,-2,73573,0,0,0,0,0,39,2555,-11388,12377,0,0,0,1,0
4,-107,13.353,23,3777799,31,13,-2,73573,0,0,0,0,0,39,2555,-11388,12377,0,0,0,1,0
4,-107,13.41,24,3777855,31,13,-2,73573,0,0,0,0,0,39,2555,-11388,12377,0,0,0,1,0
4,-107,13.465,25,3777911,31,13,-2,73573,0,0,0,0,0,39,2555,-11388,12377,0,0,0,1,0
4,-107,13.521,26,3777967,31,13,-2,73573,0,0,0,0,0,39,2555,-11388,12377,0,0,0,1,0
4,-107,13.578,27,3778023,31,13,-2,73573,0,0,0,0,0,39,2555,-11388,12377,0,0,0,1,0
4,-107,13.633,28,3778079,31,13,-2,73573,0,0,0,0,0,39,2555,-11388,12377,0,0,0,1,0
4,-107,13.691,29,3778135,31,13,-2,73573,0,0,0,0,0,39,2555,-11388,12377,0,0,0,1,0
4,-107,13.745,30,3778191,31,13,-2,73573,0,0,0,0,0,39,2555,-11388,12377,0,0,0,1,0
4,-107,13.801,31,3778247,31,13,-2,73573,0,0,0,0,0,39,2555,-11388,12377,0,0,0,1,0
4,-107,13.859,32,3778303,31,13,-2,73573,0,0,0,0,0,39,2555,-11388,12377,0,0,0,1,0
4,-107,13.913,33,3778359,31,13,-2,73573,0,0,0,0,0,39,2555,-11388,12377,0,0,0,1,0
4,-107,13.969,34,3778415,31,13,-2,73573,0,0,0,0,0,39,2555,-11388,12377,0,0,0,1,0
4,-107,14.081,36,3778527,31,13,-2,73573,0,0,0,0,0,39,2555,-11388,12377,0,0,0,1,0
4,-107,14.138,37,3778583,31,13,-2,73573,0,0,0,0,0,39,2555,-11388,12377,0,0,0,1,0
4,-107,14.194,38,3778639,31,13,-2,73573,0,0,0,0,0,39,2555,-11388,12377,0,0,0,1,0
4,-107,14.258,39,3778695,31,13,-2,73573,0,0,0,0,0,39,2555,-11388,12377,0,0,0,1,0
4,-107,14.301,40,3778747,31,13,-2,73573,0,0,0,0,0,39,2555,-11388,12377,0,0,0,1,0
4,-107,14.357,41,3778803,31,13,-2,73573,0,0,0,0,0,39,2555,-11388,12377,0,0,0,1,0
4,-107,14.415,42,3778859,31,13,-2,73573,0,0,0,0,0,39,2555,-11388,12377,0,0,0,1,0
4,-107,14.469,43,3778915,31,13,-2,73573,0,0,0,0,0,39,2555,-11388,12377,0,0,0,1,0
4,-107,14.527,44,3778971,31,13,-2,73573,0,0,0,0,0,39,2555,-11388,12377,0,0,0,1,0
4,-107,14.585,45,3779027,31,13,-2,73573,0,0,0,0,0,39,2555,-11388,12377,0,0,0,1,0
4,-107,14.639,46,3779083,31,13,-2,73573,0,0,0,0,0,39,2555,-11388,12377,0,0,0,1,0
4,-107,14.695,47,3779139,31,13,-2,73573,0,0,0,0,0,39,2555,-11388,12377,0,0,0,1,0
5,180,-0.016,3,3790961,31,13,-2,73573,0,0,0,0,0,39,2555,-11388,12377,0,0,0,1,0
5,180,0.026,4,3791011,31,13,-2,73573,0,0,0,0,0,39,2555,-11388,12377,0,0,0,1,0
5,180,0.138,6,3791123,31,13,-2,73573,0,0,0,0,0,39,2555,-11388,12377,0,0,0,1,0
5,180,0.195,7,3791179,31,13,-2,73573,0,0,0,0,0,39,2555,-11388,12377,0,0,0,1,0
5,180,0.251,8,3791235,31,13,-2,73573,0,0,0,0,0,39,2555,-11388,12377,0,0,0,1,0
5,180,0.305,9,3791291,31,13,-2,73573,0,0,0,0,0,39,2555,-11388,12377,0,0,0,1,0
5,180,0.362,10,3791347,31,13,-2,73573,0,0,0,0,0,39,2555,-11388,12377,0,0,0,1,0
5,180,0.426,11,3791403,31,13,-2,73573,0,0,0,0,0,39,2555,-11388,12377,0,0,0,1,0
5,180,0.469,12,3791455,31,13,-2,73573,0,0,0,0,0,39,2555,-11388,12377,0,0,0,1,0
5,180,0.527,13,3791511,31,13,-2,73573,0,0,0,0,0,39,2555,-11388,12377,0,0,0,1,0
5,180,0.581,14,3791567,31,13,-2,73573,0,0,0,0,0,39,2555,-11388,12377,0,0,0,1,0
5,180,0.639,15,3791623,31,13,-2,73573,0,0,0,0,0,39,2555,-11388,12377,0,0,0,1,0
5,180,0.694,16,3791679,31,13,-2,73573,0,0,0,0,0,39,2555,-11388,12377,0,0,0,1,0
5,180,0.75,17,3791735,31,13,-2,73573,0,0,0,0,0,39,2555,-11388,12377,0,0,0,1,0
5,180,0.806,18,3791791,31,13,-2,73573,0,0,0,0,0,39,2555,-11388,12377,0,0,0,1,0
5,180,0.863,19,3791847,31,13,-2,73573,0,0,0,0,0,39,2555,-11388,12377,0,0,0,1,0
5,180,0.918,20,3791903,31,13,-2,73573,0,0,0,0,0,39,2555,-11388,12377,0,0,0,1,0
5,180,0.975,21,3791959,31,13,-2,73573,0,0,0,0,0,39,2555,-11388,12377,0,0,0,1,0
5,180,1.03,22,3792015,31,13,-2,73573,0,0,0,0,0,39,2555,-11388,12377,0,0,0,1,0
5,180,1.086,23,3792071,31,13,-2,73573,0,0,0,0,0,39,2555,-11388,12377,0,0,0,1,0
5,180,1.142,24,3792127,31,13,-2,73573,0,0,0,0,0,39,2555,-11388,12377,0,0,0,1,0
5,180,1.199,25,3792183,31,13,-2,73573,0,0,0,0,0,39,2555,-11388,12377,0,0,0,1,0
5,180,1.253,26,3792239,31,13,-2,73573,0,0,0,0,0,39,2555,-11388,12377,0,0,0,1,0
5,180,1.366,28,3792351,31,13,-2,73573,0,0,0,0,0,39,2555,-11388,12377,0,0,0,1,0
5,180,1.423,29,3792407,31,13,-2,73573,0,0,0,0,0,39,2555,-11388,12377,0,0,0,1,0
5,180,1.485,30,3792463,31,13,-2,73573,0,0,0,0,0,39,2555,-11388,12377,0,0,0,1,0
5,180,1.531,31,3792515,31,13,-2,73573,0,0,0,0,0,39,2555,-11388,12377,0,0,0,1,0
5,180,1.587,32,3792571,31,13,-2,73573,0,0,0,0,0,39,2555,-11388,12377,0,0,0,1,0
5,180,1.643,33,3792627,31,13,-2,73573,0,0,0,0,0,39,2555,-11388,12377,0,0,0,1,0
5,180,1.698,34,3792683,31,13,-2,73573,0,0,0,0,0,39,2555,-11388,12377,0,0,0,1,0
5,180,1.753,35,3792739,31,13,-2,73573,0,0,0,0,0,39,2555,-11388,12377,0,0,0,1,0
5,180,1.81,36,3792795,31,13,-2,73573,0,0,0,0,0,39,2555,-11388,12377,0,0,0,1,0
5,180,1.866,37,3792851,31,13,-2,73573,0,0,0,0,0,39,2555,-11388,12377,0,0,0,1,0
5,180,1.922,38,3792907,31,13,-2,73573,0,0,0,0,0,39,2555,-11388,12377,0,0,0,1,0
5,180,1.977,39,3792963,31,13,-2,73573,0,0,0,0,0,39,2555,-11388,12377,0,0,0,1,0
5,180,2.034,40,3793019,31,13,-2,73573,0,0,0,0,0,39,2555,-11388,12377,0,0,0,1,0
5,180,2.09,41,3793075,31,13,-2,73573,0,0,0,0,0,39,2555,-11388,12377,0,0,0,1,0
5,180,2.146,42,3793131,31,13,-2,73573,0,0,0,0,0,39,2555,-11388,12377,0,0,0,1,0
5,180,2.201,43,3793187,31,13,-2,73573,0,0,0,0,0,39,2555,-11388,12377,0,0,0,1,0
5,180,2.259,44,3793243,31,13,-2,73573,0,0,0,0,0,39,2555,-11388,12377,0,0,0,1,0
5,180,2.315,45,3793299,31,13,-2,73573,0,0,0,0,0,39,2555,-11388,12377,0,0,0,1,0
5,180,2.37,46,3793355,31,13,-2,73573,0,0,0,0,0,39,2555,-11388,12377,0,0,0,1,0
5,180,2.426,47,3793411,31,13,-2,73573,0,0,0,0,0,39,2555,-11388,12377,0,0,0,1,0
5,180,2.483,48,3793467,31,13,-2,73573,0,0,0,0,0,39,2555,-11388,12377,0,0,0,1,0
5,180,2.649,51,3793631,31,13,-2,73573,0,0,0,0,0,39,2555,-11388,12377,0,0,0,1,0
5,180,2.701,52,3793687,31,13,-2,73573,0,0,0,0,0,39,2555,-11388,12377,0,0,0,1,0
5,180,2.758,53,3793743,31,13,-2,73573,0,0,0,0,0,39,2555,-11388,12377,0,0,0,1,0
5,180,2.815,54,3793799,31,13,-2,73573,0,0,0,0,0,39,2555,-11388,12377,0,0,0,1,0
5,180,2.869,55,3793855,31,13,-2,73573,0,0,0,0,0,39,2555,-11388,12377,0,0,0,1,0
5,180,2.925,56,3793911,31,13,-2,73573,0,0,0,0,0,39,2555,-11388,12377,0,0,0,1,0
5,180,2.994,57,3793967,31,13,-2,73573,0,0,0,0,0,39,2555,-11388,12377,0,0,0,1,0
5,180,3.039,58,3794023,31,13,-2,73573,0,0,0,0,0,39,2555,-11388,12377,0,0,0,1,0
5,180,3.116,59,3794099,31,13,-2,73573,0,0,0,0,0,39,2556,-11388,12377,-800,800,0,1,0
5,180,3.177,60,3794149,31,13,-2,73632,0,0,0,-9,15,39,2558,-11397,12388,-1000,1100,0,1,0
5,180,3.242,61,3794219,31,13,-1,73773,0,0,0,-18,23,40,2561,-11416,12416,-1300,1200,0,1,0
5,180,3.384,63,3794363,31,14,-1,74519,0,0,0,-79,88,40,2567,-11527,12555,-2100,2100,0,1,0
5,180,3.454,64,3794435,31,14,-1,75176,0,0,0,-123,114,40,2570,-11636,12666,-2500,2600,0,1,0
5,180,3.523,65,3794507,31,15,-1,76048,0,0,0,-146,163,40,2573,-11772,12822,-2900,2900,0,1,0
5,180,3.595,66,3794579,31,15,0,77051,0,0,0,-155,187,40,2576,-11933,12997,-2800,2900,0,1,0
5,180,3.748,68,3794723,31,15,0,79192,0,0,0,-187,178,40,2582,-12286,13361,-2700,2800,0,1,0
5,180,3.799,69,3794773,31,15,0,79897,0,0,0,-175,175,40,2584,-12400,13483,-2700,2700,0,1,0
5,180,3.859,70,3794843,31,15,0,80924,0,0,0,-169,169,40,2587,-12569,13658,-2700,2600,0,1,0
5,180,3.93,71,3794915,31,15,0,81960,0,0,0,-163,161,40,2590,-12744,13830,-2600,2500,0,1,0
5,180,4.008,72,3794987,31,15,0,82972,0,0,0,-187,161,40,2593,-12919,13994,-2600,2400,0,1,0
5,180,4.135,74,3795109,31,16,-1,84557,0,0,0,-146,146,40,2598,-13200,14244,-2700,2300,0,1,0
5,180,4.196,75,3795179,31,16,-1,85528,0,0,0,-153,160,40,2601,-13372,14397,-2500,2400,0,1,0
5,180,4.286,76,3795251,31,17,-2,86453,0,0,0,-161,152,40,2604,-13538,14541,-2400,2300,0,1,0
5,180,4.339,77,3795323,31,17,-2,87370,0,0,0,-146,132,40,2607,-13700,14686,-2300,2300,0,1,0
5,180,4.41,78,3795395,31,18,-2,88272,0,0,0,-155,137,40,2610,-13855,14833,-2300,2400,0,1,0
5,180,4.471,79,3795445,31,18,-2,88869,0,0,0,-128,146,40,2612,-13955,14933,-2200,2300,0,1,0
5,180,4.531,80,3795515,31,18,-2,89774,0,0,0,-138,160,40,2615,-14105,15086,-2300,2400,0,1,0
5,180,4.603,81,3795587,31,18,-2,90687,0,0,0,-146,146,40,2618,-14258,15239,-2300,2400,0,1,0
5,180,4.674,82,3795659,31,18,-2,91523,0,0,0,-123,120,40,2621,-14397,15380,-900,900,0,1,0
5,180,4.821,84,3795807,31,17,-3,91873,0,0,0,0,0,40,2629,-14450,15444,0,0,0,1,0
5,180,4.966,86,3795951,31,17,-3,91873,0,0,0,0,0,40,2635,-14450,15444,0,0,0,1,0
5,180,5.041,87,3796023,31,17,-3,91873,0,0,0,0,0,40,2638,-14450,15444,0,0,0,1,0
5,180,5.111,88,3796095,31,17,-3,91873,0,0,0,0,0,40,2641,-14450,15444,0,0,0,1,0
5,180,5.184,89,3796167,31,17,-3,91873,0,0,0,0,0,40,2644,-14450,15444,0,0,0,1,0
5,180,5.325,91,3796311,31,17,-3,91873,0,0,0,0,0,40,2650,-14450,15444,0,0,0,1,0
5,180,5.399,92,3796383,31,17,-3,91873,0,0,0,0,0,40,2653,-14450,15444,0,0,0,1,0
5,180,5.476,93,3796455,31,17,-3,91873,0,0,0,0,0,40,2656,-14450,15444,0,0,0,1,0
5,180,5.549,94,3796527,31,17,-3,91873,0,0,0,0,0,40,2659,-14450,15444,0,0,0,1,0
5,180,5.614,95,3796599,31,17,-3,91873,0,0,0,0,0,40,2662,-14450,15444,0,0,0,1,0
5,180,5.687,96,3796671,31,17,-3,91873,0,0,0,0,0,40,2665,-14450,15444,0,0,0,1,0
5,180,5.757,97,3796743,31,17,-3,91873,0,0,0,0,0,40,2668,-14450,15444,0,0,0,1,0
5,180,5.84,98,3796815,31,17,-3,91873,0,0,0,0,0,40,2671,-14450,15444,0,0,0,1,0
5,180,5.902,99,3796887,31,17,-3,91873,0,0,0,0,0,40,2674,-14450,15444,0,0,0,1,0
5,180,5.974,100,3796959,31,17,-3,91873,0,0,0,0,0,40,2677,-14450,15444,0,0,0,1,0
5,180,6.045,101,3797031,31,17,-3,91873,0,0,0,0,0,40,2680,-14450,15444,0,0,0,1,0
5,180,6.118,102,3797103,31,17,-3,91873,0,0,0,0,0,40,2683,-14450,15444,0,0,0,1,0
5,180,6.19,103,3797175,31,17,-3,91873,0,0,0,0,0,40,2686,-14450,15444,0,0,0,1,0
5,180,6.261,104,3797247,31,17,-3,91873,0,0,0,0,0,40,2689,-14450,15444,0,0,0,1,0
5,180,6.318,105,3797303,31,17,-3,91873,0,0,0,0,0,40,2690,-14450,15444,0,0,0,1,0
5,180,6.383,106,3797359,31,17,-3,91873,0,0,0,0,0,40,2690,-14450,15444,0,0,0,1,0
5,180,6.426,107,3797411,31,17,-3,91873,0,0,0,0,0,40,2690,-14450,15444,0,0,0,1,0
5,180,6.539,109,3797523,31,17,-3,91873,0,0,0,0,0,40,2690,-14450,15444,0,0,0,1,0
5,180,6.593,110,3797579,31,17,-3,91873,0,0,0,0,0,40,2690,-14450,15444,0,0,0,1,0
5,180,6.65,111,3797635,31,17,-3,91873,0,0,0,0,0,40,2690,-14450,15444,0,0,0,1,0
5,180,6.706,112,3797691,31,17,-3,91873,0,0,0,0,0,40,2690,-14450,15444,0,0,0,1,0
5,180,6.761,113,3797747,31,17,-3,91873,0,0,0,0,0,40,2690,-14450,15444,0,0,0,1,0
5,180,6.818,114,3797803,31,17,-3,91873,0,0,0,0,0,40,2690,-14450,15444,0,0,0,1,0
5,180,6.873,115,3797859,31,17,-3,91873,0,0,0,0,0,40,2690,-14450,15444,0,0,0,1,0
5,180,6.929,116,3797915,31,17,-3,91873,0,0,0,0,0,40,2690,-14450,15444,0,0,0,1,0
5,180,6.989,117,3797971,31,17,-3,91873,0,0,0,0,0,40,2690,-14450,15444,0,0,0,1,0
5,180,7.041,118,3798027,31,17,-3,91873,0,0,0,0,0,40,2690,-14450,15444,0,0,0,1,0
5,180,7.098,119,3798083,31,17,-3,91873,0,0,0,0,0,40,2690,-14450,15444,0,0,0,1,0
5,180,7.154,120,3798139,31,17,-3,91873,0,0,0,0,0,40,2690,-14450,15444,0,0,0,1,0
5,180,7.21,121,3798195,31,17,-3,91873,0,0,0,0,0,40,2690,-14450,15444,0,0,0,1,0
5,180,7.267,122,3798251,31,17,-3,91873,0,0,0,0,0,40,2690,-14450,15444,0,0,0,1,0
5,180,7.322,123,3798307,31,17,-3,91873,0,0,0,0,0,40,2690,-14450,15444,0,0,0,1,0
5,180,7.377,124,3798363,31,17,-3,91873,0,0,0,0,0,40,2690,-14450,15444,0,0,0,1,0
5,180,7.445,125,3798419,31,17,-3,91873,0,0,0,0,0,40,2690,-14450,15444,0,0,0,1,0
5,180,7.485,126,3798471,31,17,-3,91873,0,0,0,0,0,40,2690,-14450,15444,0,0,0,1,0
5,180,7.547,127,3798527,31,17,-3,91873,0,0,0,0,0,40,2690,-14450,15444,0,0,0,1,0
5,180,7.598,0,3798583,31,17,-3,91873,0,0,0,0,0,40,2690,-14450,15444,0,0,0,1,0
5,180,7.654,1,3798639,31,17,-3,91873,0,0,0,0,0,40,2690,-14450,15444,0,0,0,1,0
5,180,7.768,3,3798751,31,17,-3,91873,0,0,0,0,0,40,2690,-14450,15444,0,0,0,1,0
5,180,7.822,4,3798807,31,17,-3,91873,0,0,0,0,0,40,2690,-14450,15444,0,0,0,1,0
5,180,7.877,5,3798863,31,17,-3,91873,0,0,0,0,0,40,2690,-14450,15444,0,0,0,1,0
5,180,7.933,6,3798919,31,17,-3,91873,0,0,0,0,0,40,2690,-14450,15444,0,0,0,1,0
5,180,7.989,7,3798975,31,17,-3,91873,0,0,0,0,0,40,2690,-14450,15444,0,0,0,1,0
5,180,8.045,8,3799031,31,17,-3,91873,0,0,0,0,0,40,2690,-14450,15444,0,0,0,1,0
5,180,8.103,9,3799087,31,17,-3,91873,0,0,0,0,0,40,2690,-14450,15444,0,0,0,1,0
5,180,8.159,10,3799143,31,17,-3,91873,0,0,0,0,0,40,2690,-14450,15444,0,0,0,1,0
5,180,8.213,11,3799199,31,17,-3,91873,0,0,0,0,0,40,2690,-14450,15444,0,0,0,1,0
5,180,8.273,12,3799255,31,17,-3,91873,0,0,0,0,0,40,2690,-14450,15444,0,0,0,1,0
5,180,8.385,14,3799367,31,17,-3,91873,0,0,0,0,0,40,2690,-14450,15444,0,0,0,1,0
5,180,8.438,15,3799423,31,17,-3,91873,0,0,0,0,0,40,2690,-14450,15444,0,0,0,1,0
5,180,8.507,16,3799479,31,17,-3,91873,0,0,0,0,0,40,2690,-14450,15444,0,0,0,1,0
5,180,8.545,17,3799531,31,17,-3,91873,0,0,0,0,0,40,2690,-14450,15444,0,0,0,1,0
5,180,8.603,18,3799587,31,17,-3,91873,0,0,0,0,0,40,2690,-14450,15444,0,0,0,1,0
5,180,8.657,19,3799643,31,17,-3,91873,0,0,0,0,0,40,2690,-14450,15444,0,0,0,1,0
5,180,8.72,20,3799699,31,17,-3,91873,0,0,0,0,0,40,2690,-14450,15444,0,0,0,1,0
5,180,8.769,21,3799755,31,17,-3,91873,0,0,0,0,0,40,2690,-14450,15444,0,0,0,1,0
5,180,8.826,22,3799811,31,17,-3,91873,0,0,0,0,0,40,2690,-14450,15444,0,0,0,1,0
5,180,8.881,23,3799867,31,17,-3,91873,0,0,0,0,0,40,2690,-14450,15444,0,0,0,1,0
5,180,8.938,24,3799923,31,17,-3,91873,0,0,0,0,0,40,2690,-14450,15444,0,0,0,1,0
5,180,8.994,25,3799979,31,17,-3,91873,0,0,0,0,0,40,2690,-14450,15444,0,0,0,1,0
5,180,9.05,26,3800035,31,17,-3,91873,0,0,0,0,0,40,2690,-14450,15444,0,0,0,1,0
5,180,9.106,27,3800091,31,17,-3,91873,0,0,0,0,0,40,2690,-14450,15444,0,0,0,1,0
5,180,9.162,28,3800147,31,17,-3,91873,0,0,0,0,0,40,2690,-14450,15444,0,0,0,1,0
5,180,9.227,29,3800205,31,17,-3,91873,0,0,0,0,0,40,2690,-14450,15444,0,0,0,1,0
5,180,9.275,30,3800259,31,17,-3,91873,0,0,0,0,0,40,2690,-14450,15444,0,0,0,1,0
5,180,9.332,31,3800315,31,17,-3,91873,0,0,0,0,0,40,2690,-14450,15444,0,0,0,1,0
5,180,9.387,32,3800371,31,17,-3,91873,0,0,0,0,0,40,2690,-14450,15444,0,0,0,1,0
5,180,9.444,33,3800427,31,17,-3,91873,0,0,0,0,0,40,2690,-14450,15444,0,0,0,1,0
5,180,9.499,34,3800483,31,17,-3,91873,0,0,0,0,0,40,2690,-14450,15444,0,0,0,1,0
5,180,9.555,35,3800539,31,17,-3,91873,0,0,0,0,0,40,2690,-14450,15444,0,0,0,1,0
5,180,9.662,37,3800647,31,17,-3,91873,0,0,0,0,0,40,2690,-14450,15444,0,0,0,1,0
5,180,9.718,38,3800703,31,17,-3,91873,0,0,0,0,0,40,2690,-14450,15444,0,0,0,1,0
5,180,9.773,39,3800759,31,17,-3,91873,0,0,0,0,0,40,2690,-14450,15444,0,0,0,1,0
5,180,9.834,40,3800815,31,17,-3,91873,0,0,0,0,0,40,2690,-14450,15444,0,0,0,1,0
5,180,9.887,41,3800871,31,17,-3,91873,0,0,0,0,0,40,2690,-14450,15444,0,0,0,1,0
5,180,9.942,42,3800927,31,17,-3,91873,0,0,0,0,0,40,2690,-14450,15444,0,0,0,1,0
5,180,10.0,43,3800983,31,17,-3,91873,0,0,0,0,0,40,2690,-14450,15444,0,0,0,1,0
5,180,10.054,44,3801039,31,17,-3,91873,0,0,0,0,0,40,2690,-14450,15444,0,0,0,1,0
5,180,10.11,45,3801095,31,17,-3,91873,0,0,0,0,0,40,2690,-14450,15444,0,0,0,1,0
5,180,10.166,46,3801151,31,17,-3,91873,0,0,0,0,0,40,2690,-14450,15444,0,0,0,1,0
5,180,10.223,47,3801207,31,17,-3,91873,0,0,0,0,0,40,2690,-14450,15444,0,0,0,1,0
5,180,10.279,48,3801263,31,17,-3,91873,0,0,0,0,0,40,2690,-14450,15444,0,0,0,1,0
5,180,10.34,49,3801319,31,17,-3,91873,0,0,0,0,0,40,2690,-14450,15444,0,0,0,1,0
5,180,10.392,50,3801375,31,17,-3,91873,0,0,0,0,0,40,2690,-14450,15444,0,0,0,1,0
5,180,10.448,51,3801431,31,17,-3,91873,0,0,0,0,0,40,2690,-14450,15444,0,0,0,1,0
5,180,10.503,52,3801487,31,17,-3,91873,0,0,0,0,0,40,2690,-14450,15444,0,0,0,1,0
5,180,10.557,53,3801543,31,17,-3,91873,0,0,0,0,0,40,2690,-14450,15444,0,0,0,1,0
5,180,10.623,54,3801599,31,17,-3,91873,0,0,0,0,0,40,2690,-14450,15444,0,0,0,1,0
5,180,10.667,55,3801651,31,17,-3,91873,0,0,0,0,0,40,2690,-14450,15444,0,0,0,1,0
5,180,10.727,56,3801707,31,17,-3,91873,0,0,0,0,0,40,2690,-14450,15444,0,0,0,1,0
5,180,10.777,57,3801763,31,17,-3,91873,0,0,0,0,0,40,2690,-14450,15444,0,0,0,1,0
5,180,10.834,58,3801819,31,17,-3,91873,0,0,0,0,0,40,2690,-14450,15444,0,0,0,1,0
5,180,10.889,59,3801875,31,17,-3,91873,0,0,0,0,0,40,2690,-14450,15444,0,0,0,1,0
5,180,10.946,60,3801931,31,17,-3,91873,0,0,0,0,0,40,2690,-14450,15444,0,0,0,1,0
5,180,11.005,61,3801987,31,17,-3,91873,0,0,0,0,0,40,2690,-14450,15444,0,0,0,1,0
5,180,11.059,62,3802043,31,17,-3,91873,0,0,0,0,0,40,2690,-14450,15444,0,0,0,1,0
5,180,11.114,63,3802099,31,17,-3,91873,0,0,0,0,0,40,2690,-14450,15444,0,0,0,1,0
5,180,11.171,64,3802155,31,17,-3,91873,0,0,0,0,0,40,2690,-14450,15444,0,0,0,1,0
5,180,11.225,65,3802211,31,17,-3,91873,0,0,0,0,0,40,2690,-14450,15444,0,0,0,1,0
5,180,11.282,66,3802267,31,17,-3,91873,0,0,0,0,0,40,2690,-14450,15444,0,0,0,1,0
5,180,11.338,67,3802323,31,17,-3,91873,0,0,0,0,0,40,2690,-14450,15444,0,0,0,1,0
5,180,11.394,68,3802379,31,17,-3,91873,0,0,0,0,0,40,2690,-14450,15444,0,0,0,1,0
5,180,11.506,70,3802491,31,17,-3,91873,0,0,0,0,0,40,2690,-14450,15444,0,0,0,1,0
5,180,11.562,71,3802547,31,17,-3,91873,0,0,0,0,0,40,2690,-14450,15444,0,0,0,1,0
5,180,11.627,72,3802603,31,17,-3,91873,0,0,0,0,0,40,2690,-14450,15444,0,0,0,1,0
5,180,11.684,73,3802659,31,17,-3,91873,0,0,0,0,0,40,2690,-14450,15444,0,0,0,1,0
5,180,11.733,74,3802711,31,17,-3,91873,0,0,0,0,0,40,2690,-14450,15444,0,0,0,1,0
5,180,11.783,75,3802767,31,17,-3,91873,0,0,0,0,0,40,2690,-14450,15444,0,0,0,1,0
5,180,11.839,76,3802823,31,17,-3,91873,0,0,0,0,0,40,2690,-14450,15444,0,0,0,1,0
5,180,11.895,77,3802879,31,17,-3,91873,0,0,0,0,0,40,2690,-14450,15444,0,0,0,1,0
5,180,11.949,78,3802935,31,17,-3,91873,0,0,0,0,0,40,2690,-14450,15444,0,0,0,1,0
5,180,12.005,79,3802991,31,17,-3,91873,0,0,0,0,0,40,2690,-14450,15444,0,0,0,1,0
5,180,12.12,81,3803103,31,17,-3,91873,0,0,0,0,0,40,2690,-14450,15444,0,0,0,1,0
5,180,12.175,82,3803159,31,17,-3,91873,0,0,0,0,0,40,2690,-14450,15444,0,0,0,1,0
5,180,12.239,83,3803215,31,17,-3,91873,0,0,0,0,0,40,2690,-14450,15444,0,0,0,1,0
5,180,12.288,84,3803271,31,17,-3,91873,0,0,0,0,0,40,2690,-14450,15444,0,0,0,1,0
5,180,12.342,85,3803327,31,17,-3,91873,0,0,0,0,0,40,2690,-14450,15444,0,0,0,1,0
5,180,12.398,86,3803383,31,17,-3,91873,0,0,0,0,0,40,2690,-14450,15444,0,0,0,1,0
5,180,12.454,87,3803439,31,17,-3,91873,0,0,0,0,0,40,2690,-14450,15444,0,0,0,1,0
5,180,12.51,88,3803495,31,17,-3,91873,0,0,0,0,0,40,2690,-14450,15444,0,0,0,1,0
5,180,12.565,89,3803551,31,17,-3,91873,0,0,0,0,0,40,2690,-14450,15444,0,0,0,1,0
5,180,12.622,90,3803607,31,17,-3,91873,0,0,0,0,0,40,2690,-14450,15444,0,0,0,1,0
5,180,12.742,92,3803719,31,17,-3,91873,0,0,0,0,0,40,2690,-14450,15444,0,0,0,1,0
5,180,12.786,93,3803771,31,17,-3,91873,0,0,0,0,0,40,2690,-14450,15444,0,0,0,1,0
5,180,12.843,94,3803827,31,17,-3,91873,0,0,0,0,0,40,2690,-14450,15444,0,0,0,1,0
5,180,12.898,95,3803883,31,17,-3,91873,0,0,0,0,0,40,2690,-14450,15444,0,0,0,1,0
5,180,12.955,96,3803939,31,17,-3,91873,0,0,0,0,0,40,2690,-14450,15444,0,0,0,1,0
5,180,13.01,97,3803995,31,17,-3,91873,0,0,0,0,0,40,2690,-14450,15444,0,0,0,1,0
5,180,13.066,98,3804051,31,17,-3,91873,0,0,0,0,0,40,2690,-14450,15444,0,0,0,1,0
5,180,13.122,99,3804107,31,17,-3,91873,0,0,0,0,0,40,2690,-14450,15444,0,0,0,1,0
5,180,13.177,100,3804163,31,17,-3,91873,0,0,0,0,0,40,2690,-14450,15444,0,0,0,1,0
5,180,13.235,101,3804219,31,17,-3,91873,0,0,0,0,0,40,2690,-14450,15444,0,0,0,1,0
5,180,13.289,102,3804275,31,17,-3,91873,0,0,0,0,0,40,2690,-14450,15444,0,0,0,1,0
5,180,13.345,103,3804331,31,17,-3,91873,0,0,0,0,0,40,2690,-14450,15444,0,0,0,1,0
5,180,13.401,104,3804387,31,17,-3,91873,0,0,0,0,0,40,2690,-14450,15444,0,0,0,1,0
5,180,13.459,105,3804443,31,17,-3,91873,0,0,0,0,0,40,2690,-14450,15444,0,0,0,1,0
5,180,13.513,106,3804499,31,17,-3,91873,0,0,0,0,0,40,2690,-14450,15444,0,0,0,1,0
5,180,13.571,107,3804555,31,17,-3,91873,0,0,0,0,0,40,2690,-14450,15444,0,0,0,1,0
5,180,13.627,108,3804611,31,17,-3,91873,0,0,0,0,0,40,2690,-14450,15444,0,0,0,1,0
5,180,13.683,109,3804667,31,17,-3,91873,0,0,0,0,0,40,2690,-14450,15444,0,0,0,1,0
5,180,13.738,110,3804723,31,17,-3,91873,0,0,0,0,0,40,2690,-14450,15444,0,0,0,1,0
5,180,13.803,111,3804779,31,17,-3,91873,0,0,0,0,0,40,2690,-14450,15444,0,0,0,1,0
5,180,13.845,112,3804831,31,17,-3,91873,0,0,0,0,0,40,2690,-14450,15444,0,0,0,1,0
5,180,13.901,113,3804887,31,17,-3,91873,0,0,0,0,0,40,2690,-14450,15444,0,0,0,1,0
5,180,14.014,115,3804999,31,17,-3,91873,0,0,0,0,0,40,2690,-14450,15444,0,0,0,1,0
5,180,14.071,116,3805055,31,17,-3,91873,0,0,0,0,0,40,2690,-14450,15444,0,0,0,1,0
5,180,14.126,117,3805111,31,17,-3,91873,0,0,0,0,0,40,2690,-14450,15444,0,0,0,1,0
5,180,14.182,118,3805167,31,17,-3,91873,0,0,0,0,0,40,2690,-14450,15444,0,0,0,1,0
5,180,14.237,119,3805223,31,17,-3,91873,0,0,0,0,0,40,2690,-14450,15444,0,0,0,1,0
5,180,14.294,120,3805279,31,17,-3,91873,0,0,0,0,0,40,2690,-14450,15444,0,0,0,1,0
5,180,14.349,121,3805335,31,17,-3,91873,0,0,0,0,0,40,2690,-14450,15444,0,0,0,1,0
5,180,14.405,122,3805391,31,17,-3,91873,0,0,0,0,0,40,2690,-14450,15444,0,0,0,1,0
5,180,14.463,123,3805447,31,17,-3,91873,0,0,0,0,0,40,2690,-14450,15444,0,0,0,1,0
5,180,14.518,124,3805503,31,17,-3,91873,0,0,0,0,0,40,2690,-14450,15444,0,0,0,1,0
5,180,14.63,126,3805615,31,17,-3,91873,0,0,0,0,0,40,2690,-14450,15444,0,0,0,1,0
5,180,14.688,127,3805671,31,17,-3,91873,0,0,0,0,0,40,2690,-14450,15444,0,0,0,1,0
5,180,14.742,0,3805727,31,17,-3,91873,0,0,0,0,0,40,2690,-14450,15444,0,0,0,1,0
5,180,14.797,1,3805783,31,17,-3,91873,0,0,0,0,0,40,2690,-14450,15444,0,0,0,1,0
5,180,14.862,2,3805839,31,17,-3,91873,0,0,0,0,0,40,2690,-14450,15444,0,0,0,1,0
5,180,14.905,3,3805891,31,17,-3,91873,0,0,0,0,0,40,2690,-14450,15444,0,0,0,1,0
5,180,14.961,4,3805947,31,17,-3,91873,0,0,0,0,0,40,2690,-14450,15444,0,0,0,1,0
5,180,15.018,5,3806003,31,17,-3,91873,0,0,0,0,0,40,2690,-14450,15444,0,0,0,1,0
5,180,15.073,6,3806059,31,17,-3,91873,0,0,0,0,0,40,2690,-14450,15444,0,0,0,1,0
5,180,15.13,7,3806115,31,17,-3,91873,0,0,0,0,0,40,2690,-14450,15444,0,0,0,1,0
5,180,15.24,9,3806227,31,17,-3,91873,0,0,0,0,0,40,2690,-14450,15444,0,0,0,1,0
5,180,15.298,10,3806283,31,17,-3,91873,0,0,0,0,0,40,2690,-14450,15444,0,0,0,1,0
5,180,15.353,11,3806339,31,17,-3,91873,0,0,0,0,0,40,2690,-14450,15444,0,0,0,1,0
5,180,15.409,12,3806395,31,17,-3,91873,0,0,0,0,0,40,2690,-14450,15444,0,0,0,1,0
5,180,15.465,13,3806451,31,17,-3,91873,0,0,0,0,0,40,2690,-14450,15444,0,0,0,1,0
5,180,15.521,14,3806507,31,17,-3,91873,0,0,0,0,0,40,2690,-14450,15444,0,0,0,1,0
5,180,15.577,15,3806563,31,17,-3,91873,0,0,0,0,0,40,2690,-14450,15444,0,0,0,1,0
5,180,15.633,16,3806619,31,17,-3,91873,0,0,0,0,0,40,2690,-14450,15444,0,0,0,1,0
5,180,15.689,17,3806675,31,17,-3,91873,0,0,0,0,0,40,2690,-14450,15444,0,0,0,1,0
5,180,15.745,18,3806731,31,17,-3,91873,0,0,0,0,0,40,2690,-14450,15444,0,0,0,1,0
5,180,15.857,20,3806843,31,17,-3,91873,0,0,0,0,0,40,2690,-14450,15444,0,0,0,1,0
5,180,15.923,21,3806899,31,17,-3,91873,0,0,0,0,0,40,2690,-14450,15444,0,0,0,1,0
5,180,15.965,22,3806951,31,17,-3,91873,0,0,0,0,0,40,2690,-14450,15444,0,0,0,1,0
5,180,16.02,23,3807007,31,17,-3,91873,0,0,0,0,0,40,2690,-14450,15444,0,0,0,1,0
5,180,16.077,24,3807063,31,17,-3,91873,0,0,0,0,0,40,2690,-14450,15444,0,0,0,1,0
5,180,16.133,25,3807119,31,17,-3,91873,0,0,0,0,0,40,2690,-14450,15444,0,0,0,1,0
5,180,16.189,26,3807175,31,17,-3,91873,0,0,0,0,0,40,2690,-14450,15444,0,0,0,1,0
5,180,16.245,27,3807231,31,17,-3,91873,0,0,0,0,0,40,2690,-14450,15444,0,0,0,1,0
5,180,16.301,28,3807287,31,17,-3,91873,0,0,0,0,0,40,2690,-14450,15444,0,0,0,1,0
5,180,16.357,29,3807343,31,17,-3,91873,0,0,0,0,0,40,2690,-14450,15444,0,0,0,1,0
5,180,16.525,32,3807511,31,17,-3,91873,0,0,0,0,0,40,2690,-14450,15444,0,0,0,1,0
5,180,16.581,33,3807567,31,17,-3,91873,0,0,0,0,0,40,2690,-14450,15444,0,0,0,1,0
5,180,16.636,34,3807623,31,17,-3,91873,0,0,0,0,0,40,2690,-14450,15444,0,0,0,1,0
5,180,16.693,35,3807679,31,17,-3,91873,0,0,0,0,0,40,2690,-14450,15444,0,0,0,1,0
5,180,16.749,36,3807735,31,17,-3,91873,0,0,0,0,0,40,2690,-14450,15444,0,0,0,1,0
5,180,16.805,37,3807791,31,17,-3,91873,0,0,0,0,0,40,2690,-14450,15444,0,0,0,1,0
5,180,16.861,38,3807847,31,17,-3,91873,0,0,0,0,0,40,2690,-14450,15444,0,0,0,1,0
5,180,16.917,39,3807903,31,17,-3,91873,0,0,0,0,0,40,2690,-14450,15444,0,0,0,1,0
5,180,16.982,40,3807959,31,17,-3,91873,0,0,0,0,0,40,2690,-14450,15444,0,0,0,1,0
5,180,17.025,41,3808011,31,17,-3,91873,0,0,0,0,0,40,2690,-14450,15444,0,0,0,1,0
5,180,17.193,44,3808179,31,17,-3,91873,0,0,0,0,0,40,2690,-14450,15444,0,0,0,1,0
5,180,17.249,45,3808235,31,17,-3,91873,0,0,0,0,0,40,2690,-14450,15444,0,0,0,1,0
5,180,17.304,46,3808291,31,17,-3,91873,0,0,0,0,0,40,2690,-14450,15444,0,0,0,1,0
5,180,17.361,47,3808347,31,17,-3,91873,0,0,0,0,0,40,2690,-14450,15444,0,0,0,1,0
5,180,17.416,48,3808403,31,17,-3,91873,0,0,0,0,0,40,2690,-14450,15444,0,0,0,1,0
5,180,17.472,49,3808459,31,17,-3,91873,0,0,0,0,0,40,2690,-14450,15444,0,0,0,1,0
5,180,17.528,50,3808515,31,17,-3,91873,0,0,0,0,0,40,2690,-14450,15444,0,0,0,1,0
5,180,17.584,51,3808571,31,17,-3,91873,0,0,0,0,0,40,2690,-14450,15444,0,0,0,1,0
5,180,17.641,52,3808627,31,17,-3,91873,0,0,0,0,0,40,2690,-14450,15444,0,0,0,1,0
5,180,17.754,54,3808739,31,17,-3,91873,0,0,0,0,0,40,2690,-14450,15444,0,0,0,1,0
5,180,17.811,55,3808795,31,17,-3,91873,0,0,0,0,0,40,2690,-14450,15444,0,0,0,1,0
5,180,17.866,56,3808851,31,17,-3,91873,0,0,0,0,0,40,2690,-14450,15444,0,0,0,1,0
5,180,17.922,57,3808907,31,17,-3,91873,0,0,0,0,0,40,2690,-14450,15444,0,0,0,1,0
5,180,17.977,58,3808963,31,17,-3,91873,0,0,0,0,0,40,2690,-14450,15444,0,0,0,1,0
5,180,18.043,59,3809019,31,17,-3,91873,0,0,0,0,0,40,2690,-14450,15444,0,0,0,1,0
5,180,18.085,60,3809071,31,17,-3,91873,0,0,0,0,0,40,2690,-14450,15444,0,0,0,1,0
5,180,18.141,61,3809127,31,17,-3,91873,0,0,0,0,0,40,2690,-14450,15444,0,0,0,1,0
5,180,18.197,62,3809183,31,17,-3,91873,0,0,0,0,0,40,2690,-14450,15444,0,0,0,1,0
5,180,18.253,63,3809239,31,17,-3,91873,0,0,0,0,0,40,2690,-14450,15444,0,0,0,1,0
5,180,18.422,66,3809407,31,17,-3,91873,0,0,0,0,0,40,2690,-14450,15444,0,0,0,1,0
5,180,18.477,67,3809463,31,17,-3,91873,0,0,0,0,0,40,2690,-14450,15444,0,0,0,1,0
5,180,18.59,69,3809575,31,17,-3,91873,0,0,0,0,0,40,2690,-14450,15444,0,0,0,1,0
5,180,18.646,70,3809631,31,17,-3,91873,0,0,0,0,0,40,2690,-14450,15444,0,0,0,1,0
5,180,18.704,71,3809687,31,17,-3,91873,0,0,0,0,0,40,2690,-14450,15444,0,0,0,1,0
5,180,18.757,72,3809743,31,17,-3,91873,0,0,0,0,0,40,2690,-14450,15444,0,0,0,1,0
5,180,18.812,73,3809799,31,17,-3,91873,0,0,0,0,0,40,2690,-14450,15444,0,0,0,1,0
5,180,18.98,76,3809967,31,17,-3,91873,0,0,0,0,0,40,2690,-14450,15444,0,0,0,1,0
5,180,19.036,77,3810023,31,17,-3,91873,0,0,0,0,0,40,2690,-14450,15444,0,0,0,1,0
5,180,19.102,78,3810079,31,17,-3,91873,0,0,0,0,0,40,2690,-14450,15444,0,0,0,1,0
5,180,19.145,79,3810131,31,17,-3,91873,0,0,0,0,0,40,2690,-14450,15444,0,0,0,1,0
5,180,19.202,80,3810187,31,17,-3,91873,0,0,0,0,0,40,2690,-14450,15444,0,0,0,1,0
5,180,19.257,81,3810243,31,17,-3,91873,0,0,0,0,0,40,2690,-14450,15444,0,0,0,1,0
6,-180,-0.027,6,3820343,31,17,-3,91873,0,0,0,0,0,40,2690,-14450,15444,0,0,0,1,0
6,-180,0.029,7,3820399,31,17,-3,91873,0,0,0,0,0,40,2690,-14450,15444,0,0,0,1,0
6,-180,0.091,8,3820459,31,17,-3,91858,0,0,0,0,-13,41,2692,-14450,15439,1000,-1000,0,1,0
6,-180,0.164,9,3820531,31,17,-3,91681,0,0,0,41,-23,41,2695,-14419,15411,1200,-1200,0,1,0
6,-180,0.235,10,3820603,31,17,-3,91490,0,0,0,32,-50,41,2698,-14389,15377,1500,-1500,0,1,0
6,-180,0.307,11,3820675,31,17,-3,91126,0,0,0,73,-64,41,2701,-14325,15319,2000,-2000,0,1,0
6,-180,0.386,12,3820747,31,17,-3,90595,0,0,0,105,-96,41,2704,-14233,15233,2400,-2500,0,1,0
6,-180,0.45,13,3820819,31,17,-3,89815,0,0,0,131,-146,41,2707,-14105,15100,2800,-2900,0,1,0
6,-180,0.523,14,3820891,31,17,-3,88878,0,0,0,155,-163,41,2710,-13947,14944,2900,-3000,0,1,0
6,-180,0.595,15,3820963,31,17,-3,87839,0,0,0,163,-178,41,2713,-13777,14766,2800,-2900,0,1,0
6,-180,0.667,16,3821035,31,17,-3,86797,0,0,0,163,-178,41,2716,-13605,14589,2800,-2800,0,1,0
6,-180,0.739,17,3821107,31,17,-3,85743,0,0,0,178,-184,42,2719,-13427,14414,2800,-2800,0,1,0
6,-180,0.811,18,3821179,31,17,-3,84698,0,0,0,172,-178,42,2722,-13252,14239,2700,-2800,0,1,0
6,-180,0.883,19,3821251,31,17,-3,83677,0,0,0,161,-155,42,2725,-13083,14066,2800,-2800,0,1,0
6,-180,0.956,20,3821323,31,17,-3,82658,0,0,0,169,-169,42,2728,-12911,13897,2700,-2700,0,1,0
6,-180,1.027,21,3821395,31,17,-3,81652,0,0,0,163,-155,42,2731,-12744,13727,2700,-2700,0,1,0
6,-180,1.099,22,3821467,31,17,-3,80640,0,0,0,155,-163,42,2734,-12577,13555,2600,-2600,0,1,0
6,-180,1.17,23,3821539,31,17,-3,79661,0,0,0,155,-164,42,2737,-12416,13388,2600,-2700,0,1,0
6,-180,1.314,25,3821683,31,17,-3,77738,0,0,0,146,-164,42,2743,-12094,13066,2500,-2500,0,1,0
6,-180,1.387,26,3821755,31,17,-3,76794,0,0,0,146,-137,42,2746,-11933,12911,2500,-2300,0,1,0
6,-180,1.46,27,3821827,31,18,-3,75857,0,0,0,161,-137,42,2749,-11772,12758,2400,-2400,0,1,0
6,-180,1.53,28,3821899,31,18,-3,74961,0,0,0,146,-155,42,2752,-11622,12608,2400,-2400,0,1,0
6,-180,1.603,29,3821971,31,18,-3,74104,0,0,0,146,-131,42,2755,-11477,12466,1100,-1100,0,1,0
6,-180,1.697,30,3822068,31,18,-3,73591,0,0,0,0,0,42,2761,-11394,12377,0,0,0,1,0
6,-180,1.758,31,3822119,31,18,-3,73591,0,0,0,0,0,42,2763,-11394,12377,0,0,0,1,0
6,-180,1.821,32,3822191,31,18,-3,73591,0,0,0,0,0,42,2766,-11394,12377,0,0,0,1,0
6,-180,1.893,33,3822263,31,18,-3,73591,0,0,0,0,0,42,2769,-11394,12377,0,0,0,1,0
6,-180,1.966,34,3822335,31,18,-3,73591,0,0,0,0,0,42,2772,-11394,12377,0,0,0,1,0
6,-180,2.037,35,3822407,31,18,-3,73591,0,0,0,0,0,42,2775,-11394,12377,0,0,0,1,0
6,-180,2.109,36,3822479,31,18,-3,73591,0,0,0,0,0,42,2778,-11394,12377,0,0,0,1,0
6,-180,2.182,37,3822551,31,18,-3,73591,0,0,0,0,0,42,2781,-11394,12377,0,0,0,1,0
6,-180,2.255,38,3822623,31,18,-3,73591,0,0,0,0,0,42,2784,-11394,12377,0,0,0,1,0
6,-180,2.325,39,3822695,31,18,-3,73591,0,0,0,0,0,42,2787,-11394,12377,0,0,0,1,0
6,-180,2.398,40,3822767,31,18,-3,73591,0,0,0,0,0,42,2790,-11394,12377,0,0,0,1,0
6,-180,2.471,41,3822839,31,18,-3,73591,0,0,0,0,0,42,2793,-11394,12377,0,0,0,1,0
6,-180,2.542,42,3822911,31,18,-3,73591,0,0,0,0,0,42,2796,-11394,12377,0,0,0,1,0
6,-180,2.615,43,3822983,31,18,-3,73591,0,0,0,0,0,42,2799,-11394,12377,0,0,0,1,0
6,-180,2.687,44,3823055,31,18,-3,73591,0,0,0,0,0,42,2802,-11394,12377,0,0,0,1,0
6,-180,2.758,45,3823127,31,18,-3,73591,0,0,0,0,0,42,2805,-11394,12377,0,0,0,1,0
6,-180,2.831,46,3823199,31,18,-3,73591,0,0,0,0,0,42,2808,-11394,12377,0,0,0,1,0
6,-180,2.974,48,3823343,31,18,-3,73591,0,0,0,0,0,42,2814,-11394,12377,0,0,0,1,0
6,-180,3.045,49,3823415,31,18,-3,73591,0,0,0,0,0,42,2817,-11394,12377,0,0,0,1,0
6,-180,3.109,50,3823471,31,18,-3,73591,0,0,0,0,0,42,2818,-11394,12377,0,0,0,1,0
6,-180,3.153,51,3823523,31,18,-3,73591,0,0,0,0,0,42,2818,-11394,12377,0,0,0,1,0
6,-180,3.265,53,3823635,31,18,-3,73591,0,0,0,0,0,42,2818,-11394,12377,0,0,0,1,0
6,-180,3.321,54,3823691,31,18,-3,73591,0,0,0,0,0,42,2818,-11394,12377,0,0,0,1,0
6,-180,3.378,55,3823747,31,18,-3,73591,0,0,0,0,0,42,2818,-11394,12377,0,0,0,1,0
6,-180,3.434,56,3823803,31,18,-3,73591,0,0,0,0,0,42,2818,-11394,12377,0,0,0,1,0
6,-180,3.491,57,3823859,31,18,-3,73591,0,0,0,0,0,42,2818,-11394,12377,0,0,0,1,0
6,-180,3.545,58,3823915,31,18,-3,73591,0,0,0,0,0,42,2818,-11394,12377,0,0,0,1,0
6,-180,3.658,60,3824027,31,18,-3,73591,0,0,0,0,0,42,2818,-11394,12377,0,0,0,1,0
6,-180,3.714,61,3824083,31,18,-3,73591,0,0,0,0,0,42,2818,-11394,12377,0,0,0,1,0
6,-180,3.769,62,3824139,31,18,-3,73591,0,0,0,0,0,42,2818,-11394,12377,0,0,0,1,0
6,-180,3.881,64,3824251,31,18,-3,73591,0,0,0,0,0,42,2818,-11394,12377,0,0,0,1,0
6,-180,3.937,65,3824307,31,18,-3,73591,0,0,0,0,0,42,2818,-11394,12377,0,0,0,1,0
6,-180,3.993,66,3824363,31,18,-3,73591,0,0,0,0,0,42,2818,-11394,12377,0,0,0,1,0
6,-180,4.051,67,3824419,31,18,-3,73591,0,0,0,0,0,42,2818,-11394,12377,0,0,0,1,0
6,-180,4.106,68,3824475,31,18,-3,73591,0,0,0,0,0,42,2818,-11394,12377,0,0,0,1,0
6,-180,4.17,69,3824531,31,18,-3,73591,0,0,0,0,0,42,2818,-11394,12377,0,0,0,1,0
6,-180,4.213,70,3824583,31,18,-3,73591,0,0,0,0,0,42,2818,-11394,12377,0,0,0,1,0
6,-180,4.269,71,3824639,31,18,-3,73591,0,0,0,0,0,42,2818,-11394,12377,0,0,0,1,0
6,-180,4.326,72,3824695,31,18,-3,73591,0,0,0,0,0,42,2818,-11394,12377,0,0,0,1,0
6,-180,4.381,73,3824751,31,18,-3,73591,0,0,0,0,0,42,2818,-11394,12377,0,0,0,1,0
6,-180,4.493,75,3824863,31,18,-3,73591,0,0,0,0,0,42,2818,-11394,12377,0,0,0,1,0
6,-180,4.549,76,3824919,31,18,-3,73591,0,0,0,0,0,42,2818,-11394,12377,0,0,0,1,0
6,-180,4.605,77,3824975,31,18,-3,73591,0,0,0,0,0,42,2818,-11394,12377,0,0,0,1,0
6,-180,4.718,79,3825087,31,18,-3,73591,0,0,0,0,0,42,2818,-11394,12377,0,0,0,1,0
6,-180,4.774,80,3825143,31,18,-3,73591,0,0,0,0,0,42,2818,-11394,12377,0,0,0,1,0
6,-180,4.833,81,3825199,31,18,-3,73591,0,0,0,0,0,42,2818,-11394,12377,0,0,0,1,0
6,-180,4.89,82,3825255,31,18,-3,73591,0,0,0,0,0,42,2818,-11394,12377,0,0,0,1,0
6,-180,4.942,83,3825311,31,18,-3,73591,0,0,0,0,0,42,2818,-11394,12377,0,0,0,1,0
6,-180,5.003,84,3825367,31,18,-3,73591,0,0,0,0,0,42,2818,-11394,12377,0,0,0,1,0
6,-180,5.109,86,3825479,31,18,-3,73591,0,0,0,0,0,42,2818,-11394,12377,0,0,0,1,0
6,-180,5.23,88,3825591,31,18,-3,73591,0,0,0,0,0,42,2818,-11394,12377,0,0,0,1,0
6,-180,5.276,89,3825643,31,18,-3,73591,0,0,0,0,0,42,2818,-11394,12377,0,0,0,1,0
6,-180,5.386,91,3825755,31,18,-3,73591,0,0,0,0,0,42,2818,-11394,12377,0,0,0,1,0
6,-180,5.442,92,3825811,31,18,-3,73591,0,0,0,0,0,42,2818,-11394,12377,0,0,0,1,0
6,-180,5.499,93,3825867,31,18,-3,73591,0,0,0,0,0,42,2818,-11394,12377,0,0,0,1,0
6,-180,5.553,94,3825923,31,18,-3,73591,0,0,0,0,0,42,2818,-11394,12377,0,0,0,1,0
6,-180,5.609,95,3825979,31,18,-3,73591,0,0,0,0,0,42,2818,-11394,12377,0,0,0,1,0
6,-180,5.665,96,3826035,31,18,-3,73591,0,0,0,0,0,42,2818,-11394,12377,0,0,0,1,0
6,-180,5.722,97,3826091,31,18,-3,73591,0,0,0,0,0,42,2818,-11394,12377,0,0,0,1,0
6,-180,5.778,98,3826147,31,18,-3,73591,0,0,0,0,0,42,2818,-11394,12377,0,0,0,1,0
6,-180,5.835,99,3826203,31,18,-3,73591,0,0,0,0,0,42,2818,-11394,12377,0,0,0,1,0
6,-180,5.89,100,3826259,31,18,-3,73591,0,0,0,0,0,42,2818,-11394,12377,0,0,0,1,0
6,-180,5.948,101,3826315,31,18,-3,73591,0,0,0,0,0,42,2818,-11394,12377,0,0,0,1,0
6,-180,6.001,102,3826371,31,18,-3,73591,0,0,0,0,0,42,2818,-11394,12377,0,0,0,1,0
6,-180,6.062,103,3826427,31,18,-3,73591,0,0,0,0,0,42,2818,-11394,12377,0,0,0,1,0
6,-180,6.114,104,3826483,31,18,-3,73591,0,0,0,0,0,42,2818,-11394,12377,0,0,0,1,0
6,-180,6.171,105,3826539,31,18,-3,73591,0,0,0,0,0,42,2818,-11394,12377,0,0,0,1,0
6,-180,6.225,106,3826595,31,18,-3,73591,0,0,0,0,0,42,2818,-11394,12377,0,0,0,1,0
6,-180,6.389,109,3826759,31,18,-3,73591,0,0,0,0,0,42,2818,-11394,12377,0,0,0,1,0
6,-180,6.446,110,3826815,31,18,-3,73591,0,0,0,0,0,42,2818,-11394,12377,0,0,0,1,0
6,-180,6.502,111,3826871,31,18,-3,73591,0,0,0,0,0,42,2818,-11394,12377,0,0,0,1,0
6,-180,6.559,112,3826927,31,18,-3,73591,0,0,0,0,0,42,2818,-11394,12377,0,0,0,1,0
6,-180,6.614,113,3826983,31,18,-3,73591,0,0,0,0,0,42,2818,-11394,12377,0,0,0,1,0
6,-180,6.669,114,3827039,31,18,-3,73591,0,0,0,0,0,42,2818,-11394,12377,0,0,0,1,0
6,-180,6.725,115,3827095,31,18,-3,73591,0,0,0,0,0,42,2818,-11394,12377,0,0,0,1,0
6,-180,6.782,116,3827151,31,18,-3,73591,0,0,0,0,0,42,2818,-11394,12377,0,0,0,1,0
6,-180,6.837,117,3827207,31,18,-3,73591,0,0,0,0,0,42,2818,-11394,12377,0,0,0,1,0
6,-180,6.893,118,3827263,31,18,-3,73591,0,0,0,0,0,42,2818,-11394,12377,0,0,0,1,0
6,-180,7.006,120,3827375,31,18,-3,73591,0,0,0,0,0,42,2818,-11394,12377,0,0,0,1,0
6,-180,7.062,121,3827431,31,18,-3,73591,0,0,0,0,0,42,2818,-11394,12377,0,0,0,1,0
6,-180,7.118,122,3827487,31,18,-3,73591,0,0,0,0,0,42,2818,-11394,12377,0,0,0,1,0
6,-180,7.173,123,3827543,31,18,-3,73591,0,0,0,0,0,42,2818,-11394,12377,0,0,0,1,0
6,-180,7.23,124,3827599,31,18,-3,73591,0,0,0,0,0,42,2818,-11394,12377,0,0,0,1,0
6,-180,7.285,125,3827655,31,18,-3,73591,0,0,0,0,0,42,2818,-11394,12377,0,0,0,1,0
6,-180,7.35,126,3827711,31,18,-3,73591,0,0,0,0,0,42,2818,-11394,12377,0,0,0,1,0
6,-180,7.393,127,3827763,31,18,-3,73591,0,0,0,0,0,42,2818,-11394,12377,0,0,0,1,0
6,-180,7.45,0,3827819,31,18,-3,73591,0,0,0,0,0,42,2818,-11394,12377,0,0,0,1,0
6,-180,7.505,1,3827875,31,18,-3,73591,0,0,0,0,0,42,2818,-11394,12377,0,0,0,1,0
6,-180,7.617,3,3827987,31,18,-3,73591,0,0,0,0,0,42,2818,-11394,12377,0,0,0,1,0
6,-180,7.674,4,3828043,31,18,-3,73591,0,0,0,0,0,42,2818,-11394,12377,0,0,0,1,0
6,-180,7.73,5,3828099,31,18,-3,73591,0,0,0,0,0,42,2818,-11394,12377,0,0,0,1,0
6,-180,7.785,6,3828155,31,18,-3,73591,0,0,0,0,0,42,2818,-11394,12377,0,0,0,1,0
6,-180,7.841,7,3828211,31,18,-3,73591,0,0,0,0,0,42,2818,-11394,12377,0,0,0,1,0
6,-180,7.897,8,3828267,31,18,-3,73591,0,0,0,0,0,42,2818,-11394,12377,0,0,0,1,0
6,-180,7.954,9,3828323,31,18,-3,73591,0,0,0,0,0,42,2818,-11394,12377,0,0,0,1,0
6,-180,8.013,10,3828379,31,18,-3,73591,0,0,0,0,0,42,2818,-11394,12377,0,0,0,1,0
6,-180,8.065,11,3828435,31,18,-3,73591,0,0,0,0,0,42,2818,-11394,12377,0,0,0,1,0
6,-180,8.233,14,3828603,31,18,-3,73591,0,0,0,0,0,42,2818,-11394,12377,0,0,0,1,0
6,-180,8.29,15,3828659,31,18,-3,73591,0,0,0,0,0,42,2818,-11394,12377,0,0,0,1,0
6,-180,8.352,16,3828715,31,18,-3,73591,0,0,0,0,0,42,2818,-11394,12377,0,0,0,1,0
6,-180,8.41,17,3828771,31,18,-3,73591,0,0,0,0,0,42,2818,-11394,12377,0,0,0,1,0
6,-180,8.457,18,3828823,31,18,-3,73591,0,0,0,0,0,42,2818,-11394,12377,0,0,0,1,0
6,-180,8.509,19,3828879,31,18,-3,73591,0,0,0,0,0,42,2818,-11394,12377,0,0,0,1,0
6,-180,8.565,20,3828935,31,18,-3,73591,0,0,0,0,0,42,2818,-11394,12377,0,0,0,1,0
6,-180,8.621,21,3828991,31,18,-3,73591,0,0,0,0,0,42,2818,-11394,12377,0,0,0,1,0
6,-180,8.692,22,3829047,31,18,-3,73591,0,0,0,0,0,42,2818,-11394,12377,0,0,0,1,0
6,-180,8.733,23,3829103,31,18,-3,73591,0,0,0,0,0,42,2818,-11394,12377,0,0,0,1,0
6,-180,8.845,25,3829215,31,18,-3,73591,0,0,0,0,0,42,2818,-11394,12377,0,0,0,1,0
6,-180,8.901,26,3829271,31,18,-3,73591,0,0,0,0,0,42,2818,-11394,12377,0,0,0,1,0
6,-180,8.957,27,3829327,31,18,-3,73591,0,0,0,0,0,42,2818,-11394,12377,0,0,0,1,0
6,-180,9.014,28,3829383,31,18,-3,73591,0,0,0,0,0,42,2818,-11394,12377,0,0,0,1,0
6,-180,9.071,29,3829439,31,18,-3,73591,0,0,0,0,0,42,2818,-11394,12377,0,0,0,1,0
6,-180,9.182,31,3829551,31,18,-3,73591,0,0,0,0,0,42,2818,-11394,12377,0,0,0,1,0
6,-180,9.294,33,3829663,31,18,-3,73591,0,0,0,0,0,42,2818,-11394,12377,0,0,0,1,0
6,-180,9.349,34,3829719,31,18,-3,73591,0,0,0,0,0,42,2818,-11394,12377,0,0,0,1,0
6,-180,9.469,36,3829831,31,18,-3,73591,0,0,0,0,0,42,2818,-11394,12377,0,0,0,1,0
6,-180,9.519,37,3829883,31,18,-3,73591,0,0,0,0,0,42,2818,-11394,12377,0,0,0,1,0
6,-180,9.569,38,3829939,31,18,-3,73591,0,0,0,0,0,42,2818,-11394,12377,0,0,0,1,0
6,-180,9.625,39,3829995,31,18,-3,73591,0,0,0,0,0,42,2818,-11394,12377,0,0,0,1,0
6,-180,9.702,40,3830051,31,18,-3,73591,0,0,0,0,0,42,2818,-11394,12377,0,0,0,1,0
6,-180,9.795,42,3830163,31,18,-3,73591,0,0,0,0,0,42,2818,-11394,12377,0,0,0,1,0
6,-180,9.849,43,3830213,31,18,-3,73591,0,0,0,0,0,42,2818,-11394,12377,0,0,0,1,0
6,-180,9.953,45,3830323,31,18,-3,73591,0,0,0,0,0,42,2818,-11394,12377,0,0,0,1,0
6,-180,10.068,47,3830435,31,18,-3,73591,0,0,0,0,0,42,2818,-11394,12377,0,0,0,1,0
6,-180,10.122,48,3830491,31,18,-3,73591,0,0,0,0,0,42,2818,-11394,12377,0,0,0,1,0
6,-180,10.177,49,3830547,31,18,-3,73591,0,0,0,0,0,42,2818,-11394,12377,0,0,0,1,0
6,-180,10.235,50,3830603,31,18,-3,73591,0,0,0,0,0,42,2818,-11394,12377,0,0,0,1,0
6,-180,10.289,51,3830659,31,18,-3,73591,0,0,0,0,0,42,2818,-11394,12377,0,0,0,1,0
6,-180,10.346,52,3830715,31,18,-3,73591,0,0,0,0,0,42,2818,-11394,12377,0,0,0,1,0
6,-180,10.402,53,3830771,31,18,-3,73591,0,0,0,0,0,42,2818,-11394,12377,0,0,0,1,0
6,-180,10.457,54,3830827,31,18,-3,73591,0,0,0,0,0,42,2818,-11394,12377,0,0,0,1,0
6,-180,10.522,55,3830883,31,18,-3,73591,0,0,0,0,0,42,2818,-11394,12377,0,0,0,1,0
6,-180,10.565,56,3830935,31,18,-3,73591,0,0,0,0,0,42,2818,-11394,12377,0,0,0,1,0
6,-180,10.621,57,3830991,31,18,-3,73591,0,0,0,0,0,42,2818,-11394,12377,0,0,0,1,0
6,-180,10.677,58,3831047,31,18,-3,73591,0,0,0,0,0,42,2818,-11394,12377,0,0,0,1,0
6,-180,10.734,59,3831103,31,18,-3,73591,0,0,0,0,0,42,2818,-11394,12377,0,0,0,1,0
6,-180,10.959,63,3831327,31,18,-3,73591,0,0,0,0,0,42,2818,-11394,12377,0,0,0,1,0
6,-180,11.07,65,3831439,31,18,-3,73591,0,0,0,0,0,42,2818,-11394,12377,0,0,0,1,0
6,-180,11.185,67,3831551,31,18,-3,73591,0,0,0,0,0,42,2818,-11394,12377,0,0,0,1,0
6,-180,11.237,68,3831607,31,18,-3,73591,0,0,0,0,0,42,2818,-11394,12377,0,0,0,1,0
6,-180,11.295,69,3831663,31,18,-3,73591,0,0,0,0,0,42,2818,-11394,12377,0,0,0,1,0
6,-180,11.409,71,3831775,31,18,-3,73591,0,0,0,0,0,42,2818,-11394,12377,0,0,0,1,0
6,-180,11.461,72,3831831,31,18,-3,73591,0,0,0,0,0,42,2818,-11394,12377,0,0,0,1,0
6,-180,11.517,73,3831887,31,18,-3,73591,0,0,0,0,0,42,2818,-11394,12377,0,0,0,1,0
6,-180,11.594,74,3831943,31,18,-3,73591,0,0,0,0,0,42,2818,-11394,12377,0,0,0,1,0
6,-180,11.626,75,3831995,31,18,-3,73591,0,0,0,0,0,42,2818,-11394,12377,0,0,0,1,0
6,-180,11.682,76,3832051,31,18,-3,73591,0,0,0,0,0,42,2818,-11394,12377,0,0,0,1,0
6,-180,11.738,77,3832107,31,18,-3,73591,0,0,0,0,0,42,2818,-11394,12377,0,0,0,1,0
6,-180,11.851,79,3832219,31,18,-3,73591,0,0,0,0,0,42,2818,-11394,12377,0,0,0,1,0
6,-180,11.905,80,3832275,31,18,-3,73591,0,0,0,0,0,42,2818,-11394,12377,0,0,0,1,0
6,-180,11.965,81,3832331,31,18,-3,73591,0,0,0,0,0,42,2818,-11394,12377,0,0,0,1,0
6,-180,12.073,83,3832443,31,18,-3,73591,0,0,0,0,0,42,2818,-11394,12377,0,0,0,1,0
6,-180,12.129,84,3832499,31,18,-3,73591,0,0,0,0,0,42,2818,-11394,12377,0,0,0,1,0
6,-180,12.187,85,3832555,31,18,-3,73591,0,0,0,0,0,42,2818,-11394,12377,0,0,0,1,0
6,-180,12.242,86,3832611,31,18,-3,73591,0,0,0,0,0,42,2818,-11394,12377,0,0,0,1,0
6,-180,12.297,87,3832667,31,18,-3,73591,0,0,0,0,0,42,2818,-11394,12377,0,0,0,1,0
6,-180,12.353,88,3832723,31,18,-3,73591,0,0,0,0,0,42,2818,-11394,12377,0,0,0,1,0
6,-180,12.409,89,3832779,31,18,-3,73591,0,0,0,0,0,42,2818,-11394,12377,0,0,0,1,0
6,-180,12.465,90,3832835,31,18,-3,73591,0,0,0,0,0,42,2818,-11394,12377,0,0,0,1,0
6,-180,12.522,91,3832891,31,18,-3,73591,0,0,0,0,0,42,2818,-11394,12377,0,0,0,1,0
6,-180,12.583,92,3832947,31,18,-3,73591,0,0,0,0,0,42,2818,-11394,12377,0,0,0,1,0
6,-180,12.651,93,3833003,31,18,-3,73591,0,0,0,0,0,42,2818,-11394,12377,0,0,0,1,0
6,-180,12.742,95,3833111,31,18,-3,73591,0,0,0,0,0,42,2818,-11394,12377,0,0,0,1,0
6,-180,12.802,96,3833167,31,18,-3,73591,0,0,0,0,0,42,2818,-11394,12377,0,0,0,1,0
6,-180,12.855,97,3833223,31,18,-3,73591,0,0,0,0,0,42,2818,-11394,12377,0,0,0,1,0
6,-180,12.973,99,3833335,31,18,-3,73591,0,0,0,0,0,42,2818,-11394,12377,0,0,0,1,0
6,-180,13.022,100,3833391,31,18,-3,73591,0,0,0,0,0,42,2818,-11394,12377,0,0,0,1,0
6,-180,13.077,101,3833447,31,18,-3,73591,0,0,0,0,0,42,2818,-11394,12377,0,0,0,1,0
6,-180,13.133,102,3833503,31,18,-3,73591,0,0,0,0,0,42,2818,-11394,12377,0,0,0,1,0
6,-180,13.189,103,3833559,31,18,-3,73591,0,0,0,0,0,42,2818,-11394,12377,0,0,0,1,0
6,-180,13.302,105,3833671,31,18,-3,73591,0,0,0,0,0,42,2818,-11394,12377,0,0,0,1,0
6,-180,13.357,106,3833727,31,18,-3,73591,0,0,0,0,0,42,2818,-11394,12377,0,0,0,1,0
6,-180,13.413,107,3833783,31,18,-3,73591,0,0,0,0,0,42,2818,-11394,12377,0,0,0,1,0
6,-180,13.469,108,3833839,31,18,-3,73591,0,0,0,0,0,42,2818,-11394,12377,0,0,0,1,0
6,-180,13.528,109,3833895,31,18,-3,73591,0,0,0,0,0,42,2818,-11394,12377,0,0,0,1,0
6,-180,13.581,110,3833951,31,18,-3,73591,0,0,0,0,0,42,2818,-11394,12377,0,0,0,1,0
6,-180,13.64,111,3834007,31,18,-3,73591,0,0,0,0,0,42,2818,-11394,12377,0,0,0,1,0
6,-180,13.701,112,3834063,31,18,-3,73591,0,0,0,0,0,42,2818,-11394,12377,0,0,0,1,0
6,-180,13.745,113,3834115,31,18,-3,73591,0,0,0,0,0,42,2818,-11394,12377,0,0,0,1,0
6,-180,13.801,114,3834171,31,18,-3,73591,0,0,0,0,0,42,2818,-11394,12377,0,0,0,1,0
6,-180,13.866,115,3834227,31,18,-3,73591,0,0,0,0,0,42,2818,-11394,12377,0,0,0,1,0
6,-180,13.969,117,3834339,31,18,-3,73591,0,0,0,0,0,42,2818,-11394,12377,0,0,0,1,0
6,-180,14.027,118,3834395,31,18,-3,73591,0,0,0,0,0,42,2818,-11394,12377,0,0,0,1,0
6,-180,14.081,119,3834451,31,18,-3,73591,0,0,0,0,0,42,2818,-11394,12377,0,0,0,1,0
6,-180,14.138,120,3834507,31,18,-3,73591,0,0,0,0,0,42,2818,-11394,12377,0,0,0,1,0
6,-180,14.196,121,3834563,31,18,-3,73591,0,0,0,0,0,42,2818,-11394,12377,0,0,0,1,0
6,-180,14.254,122,3834619,31,18,-3,73591,0,0,0,0,0,42,2818,-11394,12377,0,0,0,1,0
6,-180,14.311,123,3834675,31,18,-3,73591,0,0,0,0,0,42,2818,-11394,12377,0,0,0,1,0
6,-180,14.361,124,3834731,31,18,-3,73591,0,0,0,0,0,42,2818,-11394,12377,0,0,0,1,0
6,-180,14.417,125,3834787,31,18,-3,73591,0,0,0,0,0,42,2818,-11394,12377,0,0,0,1,0
6,-180,14.53,127,3834899,31,18,-3,73591,0,0,0,0,0,42,2818,-11394,12377,0,0,0,1,0
6,-180,14.585,0,3834955,31,18,-3,73591,0,0,0,0,0,42,2818,-11394,12377,0,0,0,1,0
6,-180,14.643,1,3835011,31,18,-3,73591,0,0,0,0,0,42,2818,-11394,12377,0,0,0,1,0
6,-180,14.697,2,3835067,31,18,-3,73591,0,0,0,0,0,42,2818,-11394,12377,0,0,0,1,0
6,-180,14.762,3,3835123,31,18,-3,73591,0,0,0,0,0,42,2818,-11394,12377,0,0,0,1,0
6,-180,14.805,4,3835175,31,18,-3,73591,0,0,0,0,0,42,2818,-11394,12377,0,0,0,1,0
6,-180,14.861,5,3835231,31,18,-3,73591,0,0,0,0,0,42,2818,-11394,12377,0,0,0,1,0
6,-180,14.918,6,3835287,31,18,-3,73591,0,0,0,0,0,42,2818,-11394,12377,0,0,0,1,0
6,-180,14.974,7,3835343,31,18,-3,73591,0,0,0,0,0,42,2818,-11394,12377,0,0,0,1,0
6,-180,15.035,8,3835399,31,18,-3,73591,0,0,0,0,0,42,2818,-11394,12377,0,0,0,1,0
6,-180,15.088,9,3835455,31,18,-3,73591,0,0,0,0,0,42,2818,-11394,12377,0,0,0,1,0
6,-180,15.199,11,3835567,31,18,-3,73591,0,0,0,0,0,42,2818,-11394,12377,0,0,0,1,0
6,-180,15.254,12,3835623,31,18,-3,73591,0,0,0,0,0,42,2818,-11394,12377,0,0,0,1,0
6,-180,15.309,13,3835679,31,18,-3,73591,0,0,0,0,0,42,2818,-11394,12377,0,0,0,1,0
6,-180,15.37,14,3835735,31,18,-3,73591,0,0,0,0,0,42,2818,-11394,12377,0,0,0,1,0
6,-180,15.424,15,3835791,31,18,-3,73591,0,0,0,0,0,42,2818,-11394,12377,0,0,0,1,0
6,-180,15.477,16,3835847,31,18,-3,73591,0,0,0,0,0,42,2818,-11394,12377,0,0,0,1,0
6,-180,15.533,17,3835903,31,18,-3,73591,0,0,0,0,0,42,2818,-11394,12377,0,0,0,1,0
6,-180,15.589,18,3835959,31,18,-3,73591,0,0,0,0,0,42,2818,-11394,12377,0,0,0,1,0
6,-180,15.644,19,3836015,31,18,-3,73591,0,0,0,0,0,42,2818,-11394,12377,0,0,0,1,0
6,-180,15.701,20,3836071,31,18,-3,73591,0,0,0,0,0,42,2818,-11394,12377,0,0,0,1,0
6,-180,15.757,21,3836127,31,18,-3,73591,0,0,0,0,0,42,2818,-11394,12377,0,0,0,1,0
6,-180,15.821,22,3836183,31,18,-3,73591,0,0,0,0,0,42,2818,-11394,12377,0,0,0,1,0
6,-180,15.864,23,3836235,31,18,-3,73591,0,0,0,0,0,42,2818,-11394,12377,0,0,0,1,0
6,-180,15.921,24,3836291,31,18,-3,73591,0,0,0,0,0,42,2818,-11394,12377,0,0,0,1,0
6,-180,15.977,25,3836347,31,18,-3,73591,0,0,0,0,0,42,2818,-11394,12377,0,0,0,1,0
6,-180,16.034,26,3836403,31,18,-3,73591,0,0,0,0,0,42,2818,-11394,12377,0,0,0,1,0
6,-180,16.089,27,3836459,31,18,-3,73591,0,0,0,0,0,42,2818,-11394,12377,0,0,0,1,0
6,-180,16.145,28,3836515,31,18,-3,73591,0,0,0,0,0,42,2818,-11394,12377,0,0,0,1,0
6,-180,16.203,29,3836571,31,18,-3,73591,0,0,0,0,0,42,2818,-11394,12377,0,0,0,1,0
6,-180,16.261,30,3836627,31,18,-3,73591,0,0,0,0,0,42,2818,-11394,12377,0,0,0,1,0
6,-180,16.313,31,3836683,31,18,-3,73591,0,0,0,0,0,42,2818,-11394,12377,0,0,0,1,0
6,-180,16.425,33,3836795,31,18,-3,73591,0,0,0,0,0,42,2818,-11394,12377,0,0,0,1,0
7,-90,-0.05,3,3849403,31,18,-3,73591,0,0,0,0,0,42,2818,-11394,12377,0,0,0,1,0
7,-90,0.005,4,3849459,31,18,-3,73591,0,0,0,0,0,42,2818,-11394,12377,0,0,0,1,0
7,-90,0.067,5,3849519,31,18,-3,73591,0,0,0,0,0,42,2819,-11394,12377,800,-800,0,1,0
7,-90,0.21,7,3849663,31,18,-3,73194,0,0,0,50,-41,42,2825,-11327,12311,1300,-1300,0,1,0
7,-90,0.282,8,3849735,31,18,-3,72862,0,0,0,64,-58,42,2828,-11272,12255,1800,-1700,0,1,0
7,-90,0.355,9,3849807,31,18,-3,72372,0,0,0,105,-82,42,2831,-11186,12177,2200,-2300,0,1,0
7,-90,0.415,10,3849857,31,18,-3,71940,0,0,0,99,-114,42,2833,-11113,12105,2500,-2500,0,1,0
7,-90,0.474,11,3849927,31,18,-3,71080,0,0,0,145,-153,42,2836,-10969,11961,2800,-2900,0,1,0
7,-90,0.627,13,3850071,31,18,-3,69037,0,0,0,178,-169,42,2842,-10627,11619,2800,-2900,0,1,0
7,-90,0.691,14,3850143,31,18,-3,67960,0,0,0,160,-175,42,2845,-10444,11441,2800,-2800,0,1,0
7,-90,0.764,15,3850216,31,18,-3,66909,0,0,0,146,-169,42,2848,-10272,11261,2700,-2700,0,1,0
7,-90,0.835,16,3850287,31,18,-3,65896,0,0,0,146,-155,42,2851,-10100,11094,2700,-2700,0,1,0
7,-90,1.03,18,3850474,31,18,-2,64120,0,0,0,0,0,42,2861,-9811,10788,0,0,0,1,0
7,-90,1.077,19,3850531,31,18,-2,64120,0,0,0,0,0,42,2861,-9811,10788,0,0,0,1,0
7,-90,1.135,20,3850587,31,18,-2,64120,0,0,0,0,0,42,2861,-9811,10788,0,0,0,1,0
7,-90,1.191,21,3850643,31,18,-2,64120,0,0,0,0,0,42,2861,-9811,10788,0,0,0,1,0
7,-90,1.246,22,3850699,31,18,-2,64120,0,0,0,0,0,42,2861,-9811,10788,0,0,0,1,0
7,-90,1.357,24,3850811,31,18,-2,64120,0,0,0,0,0,42,2861,-9811,10788,0,0,0,1,0
7,-90,1.413,25,3850867,31,18,-2,64120,0,0,0,0,0,42,2861,-9811,10788,0,0,0,1,0
7,-90,1.469,26,3850923,31,18,-2,64120,0,0,0,0,0,42,2861,-9811,10788,0,0,0,1,0
7,-90,1.525,27,3850979,31,18,-2,64120,0,0,0,0,0,42,2861,-9811,10788,0,0,0,1,0
7,-90,1.582,28,3851035,31,18,-2,64120,0,0,0,0,0,42,2861,-9811,10788,0,0,0,1,0
7,-90,1.638,29,3851091,31,18,-2,64120,0,0,0,0,0,42,2861,-9811,10788,0,0,0,1,0
7,-90,1.693,30,3851147,31,18,-2,64120,0,0,0,0,0,42,2861,-9811,10788,0,0,0,1,0
7,-90,1.75,31,3851203,31,18,-2,64120,0,0,0,0,0,42,2861,-9811,10788,0,0,0,1,0
7,-90,1.814,32,3851259,31,18,-2,64120,0,0,0,0,0,42,2861,-9811,10788,0,0,0,1,0
7,-90,1.857,33,3851311,31,18,-2,64120,0,0,0,0,0,42,2861,-9811,10788,0,0,0,1,0
7,-90,1.914,34,3851367,31,18,-2,64120,0,0,0,0,0,42,2861,-9811,10788,0,0,0,1,0
7,-90,1.97,35,3851423,31,18,-2,64120,0,0,0,0,0,42,2861,-9811,10788,0,0,0,1,0
7,-90,2.137,38,3851591,31,18,-2,64120,0,0,0,0,0,42,2861,-9811,10788,0,0,0,1,0
7,-90,2.251,40,3851703,31,18,-2,64120,0,0,0,0,0,42,2861,-9811,10788,0,0,0,1,0
7,-90,2.363,42,3851815,31,18,-2,64120,0,0,0,0,0,42,2861,-9811,10788,0,0,0,1,0
7,-90,2.417,43,3851871,31,18,-2,64120,0,0,0,0,0,42,2861,-9811,10788,0,0,0,1,0
7,-90,2.475,44,3851927,31,18,-2,64120,0,0,0,0,0,42,2861,-9811,10788,0,0,0,1,0
7,-90,2.53,45,3851983,31,18,-2,64120,0,0,0,0,0,42,2861,-9811,10788,0,0,0,1,0
7,-90,2.586,46,3852039,31,18,-2,64120,0,0,0,0,0,42,2861,-9811,10788,0,0,0,1,0
7,-90,2.641,47,3852095,31,18,-2,64120,0,0,0,0,0,42,2861,-9811,10788,0,0,0,1,0
7,-90,2.754,49,3852207,31,18,-2,64120,0,0,0,0,0,42,2861,-9811,10788,0,0,0,1,0
7,-90,2.809,50,3852263,31,18,-2,64120,0,0,0,0,0,42,2861,-9811,10788,0,0,0,1,0
7,-90,2.875,51,3852319,31,18,-2,64120,0,0,0,0,0,42,2861,-9811,10788,0,0,0,1,0
7,-90,2.918,52,3852371,31,18,-2,64120,0,0,0,0,0,42,2861,-9811,10788,0,0,0,1,0
7,-90,2.975,53,3852427,31,18,-2,64120,0,0,0,0,0,42,2861,-9811,10788,0,0,0,1,0
7,-90,3.142,56,3852595,31,18,-2,64120,0,0,0,0,0,42,2861,-9811,10788,0,0,0,1,0
7,-90,3.198,57,3852651,31,18,-2,64120,0,0,0,0,0,42,2861,-9811,10788,0,0,0,1,0
7,-90,3.254,58,3852707,31,18,-2,64120,0,0,0,0,0,42,2861,-9811,10788,0,0,0,1,0
7,-90,3.309,59,3852763,31,18,-2,64120,0,0,0,0,0,42,2861,-9811,10788,0,0,0,1,0
7,-90,3.366,60,3852819,31,18,-2,64120,0,0,0,0,0,42,2861,-9811,10788,0,0,0,1,0
7,-90,3.423,61,3852875,31,18,-2,64120,0,0,0,0,0,42,2861,-9811,10788,0,0,0,1,0
7,-90,3.477,62,3852931,31,18,-2,64120,0,0,0,0,0,42,2861,-9811,10788,0,0,0,1,0
7,-90,3.534,63,3852987,31,18,-2,64120,0,0,0,0,0,42,2861,-9811,10788,0,0,0,1,0
7,-90,3.592,64,3853043,31,18,-2,64120,0,0,0,0,0,42,2861,-9811,10788,0,0,0,1,0
7,-90,3.647,65,3853099,31,18,-2,64120,0,0,0,0,0,42,2861,-9811,10788,0,0,0,1,0
7,-90,3.702,66,3853155,31,18,-2,64120,0,0,0,0,0,42,2861,-9811,10788,0,0,0,1,0
7,-90,3.759,67,3853211,31,18,-2,64120,0,0,0,0,0,42,2861,-9811,10788,0,0,0,1,0
7,-90,3.815,68,3853267,31,18,-2,64120,0,0,0,0,0,42,2861,-9811,10788,0,0,0,1,0
7,-90,3.869,69,3853323,31,18,-2,64120,0,0,0,0,0,42,2861,-9811,10788,0,0,0,1,0
7,-90,3.927,70,3853379,31,18,-2,64120,0,0,0,0,0,42,2861,-9811,10788,0,0,0,1,0
7,-90,4.034,72,3853487,31,18,-2,64120,0,0,0,0,0,42,2861,-9811,10788,0,0,0,1,0
7,-90,4.089,73,3853543,31,18,-2,64120,0,0,0,0,0,42,2861,-9811,10788,0,0,0,1,0
7,-90,4.146,74,3853599,31,18,-2,64120,0,0,0,0,0,42,2861,-9811,10788,0,0,0,1,0
7,-90,4.201,75,3853655,31,18,-2,64120,0,0,0,0,0,42,2861,-9811,10788,0,0,0,1,0
7,-90,4.257,76,3853711,31,18,-2,64120,0,0,0,0,0,42,2861,-9811,10788,0,0,0,1,0
7,-90,4.313,77,3853767,31,18,-2,64120,0,0,0,0,0,42,2861,-9811,10788,0,0,0,1,0
7,-90,4.369,78,3853823,31,18,-2,64120,0,0,0,0,0,42,2861,-9811,10788,0,0,0,1,0
7,-90,4.426,79,3853879,31,18,-2,64120,0,0,0,0,0,42,2861,-9811,10788,0,0,0,1,0
7,-90,4.481,80,3853935,31,18,-2,64120,0,0,0,0,0,42,2861,-9811,10788,0,0,0,1,0
7,-90,4.538,81,3853991,31,18,-2,64120,0,0,0,0,0,42,2861,-9811,10788,0,0,0,1,0
7,-90,4.594,82,3854047,31,18,-2,64120,0,0,0,0,0,42,2861,-9811,10788,0,0,0,1,0
7,-90,4.649,83,3854103,31,18,-2,64120,0,0,0,0,0,42,2861,-9811,10788,0,0,0,1,0
7,-90,4.705,84,3854159,31,18,-2,64120,0,0,0,0,0,42,2861,-9811,10788,0,0,0,1,0
7,-90,4.762,85,3854215,31,18,-2,64120,0,0,0,0,0,42,2861,-9811,10788,0,0,0,1,0
7,-90,4.817,86,3854271,31,18,-2,64120,0,0,0,0,0,42,2861,-9811,10788,0,0,0,1,0
7,-90,4.874,87,3854327,31,18,-2,64120,0,0,0,0,0,42,2861,-9811,10788,0,0,0,1,0
7,-90,4.929,88,3854383,31,18,-2,64120,0,0,0,0,0,42,2861,-9811,10788,0,0,0,1,0
7,-90,4.994,89,3854439,31,18,-2,64120,0,0,0,0,0,42,2861,-9811,10788,0,0,0,1,0
7,-90,5.038,90,3854491,31,18,-2,64120,0,0,0,0,0,42,2861,-9811,10788,0,0,0,1,0
7,-90,5.094,91,3854547,31,18,-2,64120,0,0,0,0,0,42,2861,-9811,10788,0,0,0,1,0
7,-90,5.149,92,3854603,31,18,-2,64120,0,0,0,0,0,42,2861,-9811,10788,0,0,0,1,0
7,-90,5.261,94,3854715,31,18,-2,64120,0,0,0,0,0,42,2861,-9811,10788,0,0,0,1,0
7,-90,5.318,95,3854771,31,18,-2,64120,0,0,0,0,0,42,2861,-9811,10788,0,0,0,1,0
7,-90,5.373,96,3854827,31,18,-2,64120,0,0,0,0,0,42,2861,-9811,10788,0,0,0,1,0
7,-90,5.429,97,3854883,31,18,-2,64120,0,0,0,0,0,42,2861,-9811,10788,0,0,0,1,0
7,-90,5.487,98,3854939,31,18,-2,64120,0,0,0,0,0,42,2861,-9811,10788,0,0,0,1,0
7,-90,5.541,99,3854995,31,18,-2,64120,0,0,0,0,0,42,2861,-9811,10788,0,0,0,1,0
7,-90,5.597,100,3855051,31,18,-2,64120,0,0,0,0,0,42,2861,-9811,10788,0,0,0,1,0
7,-90,5.653,101,3855107,31,18,-2,64120,0,0,0,0,0,42,2861,-9811,10788,0,0,0,1,0
7,-90,5.71,102,3855163,31,18,-2,64120,0,0,0,0,0,42,2861,-9811,10788,0,0,0,1,0
7,-90,5.765,103,3855219,31,18,-2,64120,0,0,0,0,0,42,2861,-9811,10788,0,0,0,1,0
7,-90,5.877,105,3855331,31,18,-2,64120,0,0,0,0,0,42,2861,-9811,10788,0,0,0,1,0
7,-90,5.989,107,3855443,31,18,-2,64120,0,0,0,0,0,42,2861,-9811,10788,0,0,0,1,0
7,-90,6.054,108,3855499,31,18,-2,64120,0,0,0,0,0,42,2861,-9811,10788,0,0,0,1,0
7,-90,6.097,109,3855551,31,18,-2,64120,0,0,0,0,0,42,2861,-9811,10788,0,0,0,1,0
7,-90,6.153,110,3855607,31,18,-2,64120,0,0,0,0,0,42,2861,-9811,10788,0,0,0,1,0
7,-90,6.21,111,3855663,31,18,-2,64120,0,0,0,0,0,42,2861,-9811,10788,0,0,0,1,0
7,-90,6.321,113,3855775,31,18,-2,64120,0,0,0,0,0,42,2861,-9811,10788,0,0,0,1,0
7,-90,6.377,114,3855831,31,18,-2,64120,0,0,0,0,0,42,2861,-9811,10788,0,0,0,1,0
7,-90,6.49,116,3855943,31,18,-2,64120,0,0,0,0,0,42,2861,-9811,10788,0,0,0,1,0
7,-90,6.601,118,3856055,31,18,-2,64120,0,0,0,0,0,42,2861,-9811,10788,0,0,0,1,0
7,-90,6.657,119,3856111,31,18,-2,64120,0,0,0,0,0,42,2861,-9811,10788,0,0,0,1,0
7,-90,6.713,120,3856167,31,18,-2,64120,0,0,0,0,0,42,2861,-9811,10788,0,0,0,1,0
7,-90,6.77,121,3856223,31,18,-2,64120,0,0,0,0,0,42,2861,-9811,10788,0,0,0,1,0
7,-90,6.882,123,3856335,31,18,-2,64120,0,0,0,0,0,42,2861,-9811,10788,0,0,0,1,0
7,-90,6.938,124,3856391,31,18,-2,64120,0,0,0,0,0,42,2861,-9811,10788,0,0,0,1,0
7,-90,6.993,125,3856447,31,18,-2,64120,0,0,0,0,0,42,2861,-9811,10788,0,0,0,1,0
7,-90,7.115,127,3856559,31,18,-2,64120,0,0,0,0,0,42,2861,-9811,10788,0,0,0,1,0
7,-90,7.157,0,3856611,31,18,-2,64120,0,0,0,0,0,42,2861,-9811,10788,0,0,0,1,0
7,-90,7.214,1,3856667,31,18,-2,64120,0,0,0,0,0,42,2861,-9811,10788,0,0,0,1,0
7,-90,7.27,2,3856723,31,18,-2,64120,0,0,0,0,0,42,2861,-9811,10788,0,0,0,1,0
7,-90,7.325,3,3856779,31,18,-2,64120,0,0,0,0,0,42,2861,-9811,10788,0,0,0,1,0
7,-90,7.382,4,3856835,31,18,-2,64120,0,0,0,0,0,42,2861,-9811,10788,0,0,0,1,0
7,-90,7.437,5,3856891,31,18,-2,64120,0,0,0,0,0,42,2861,-9811,10788,0,0,0,1,0
7,-90,7.493,6,3856947,31,18,-2,64120,0,0,0,0,0,42,2861,-9811,10788,0,0,0,1,0
7,-90,7.549,7,3857003,31,18,-2,64120,0,0,0,0,0,42,2861,-9811,10788,0,0,0,1,0
7,-90,7.605,8,3857059,31,18,-2,64120,0,0,0,0,0,42,2861,-9811,10788,0,0,0,1,0
7,-90,7.661,9,3857115,31,18,-2,64120,0,0,0,0,0,42,2861,-9811,10788,0,0,0,1,0
7,-90,7.717,10,3857171,31,18,-2,64120,0,0,0,0,0,42,2861,-9811,10788,0,0,0,1,0
7,-90,7.773,11,3857227,31,18,-2,64120,0,0,0,0,0,42,2861,-9811,10788,0,0,0,1,0
7,-90,7.829,12,3857283,31,18,-2,64120,0,0,0,0,0,42,2861,-9811,10788,0,0,0,1,0
7,-90,7.885,13,3857339,31,18,-2,64120,0,0,0,0,0,42,2861,-9811,10788,0,0,0,1,0
7,-90,7.941,14,3857395,31,18,-2,64120,0,0,0,0,0,42,2861,-9811,10788,0,0,0,1,0
7,-90,7.997,15,3857451,31,18,-2,64120,0,0,0,0,0,42,2861,-9811,10788,0,0,0,1,0
7,-90,8.053,16,3857507,31,18,-2,64120,0,0,0,0,0,42,2861,-9811,10788,0,0,0,1,0
7,-90,8.109,17,3857563,31,18,-2,64120,0,0,0,0,0,42,2861,-9811,10788,0,0,0,1,0
7,-90,8.174,18,3857619,31,18,-2,64120,0,0,0,0,0,42,2861,-9811,10788,0,0,0,1,0
7,-90,8.217,19,3857671,31,18,-2,64120,0,0,0,0,0,42,2861,-9811,10788,0,0,0,1,0
7,-90,8.273,20,3857727,31,18,-2,64120,0,0,0,0,0,42,2861,-9811,10788,0,0,0,1,0
7,-90,8.385,22,3857839,31,18,-2,64120,0,0,0,0,0,42,2861,-9811,10788,0,0,0,1,0
7,-90,8.441,23,3857895,31,18,-2,64120,0,0,0,0,0,42,2861,-9811,10788,0,0,0,1,0
7,-90,8.497,24,3857951,31,18,-2,64120,0,0,0,0,0,42,2861,-9811,10788,0,0,0,1,0
7,-90,8.553,25,3858007,31,18,-2,64120,0,0,0,0,0,42,2861,-9811,10788,0,0,0,1,0
7,-90,8.609,26,3858063,31,18,-2,64120,0,0,0,0,0,42,2861,-9811,10788,0,0,0,1,0
7,-90,8.665,27,3858119,31,18,-2,64120,0,0,0,0,0,42,2861,-9811,10788,0,0,0,1,0
7,-90,8.721,28,3858175,31,18,-2,64120,0,0,0,0,0,42,2861,-9811,10788,0,0,0,1,0
7,-90,8.777,29,3858231,31,18,-2,64120,0,0,0,0,0,42,2861,-9811,10788,0,0,0,1,0
7,-90,8.833,30,3858287,31,18,-2,64120,0,0,0,0,0,42,2861,-9811,10788,0,0,0,1,0
7,-90,8.889,31,3858343,31,18,-2,64120,0,0,0,0,0,42,2861,-9811,10788,0,0,0,1,0
7,-90,8.945,32,3858399,31,18,-2,64120,0,0,0,0,0,42,2861,-9811,10788,0,0,0,1,0
7,-90,9.001,33,3858455,31,18,-2,64120,0,0,0,0,0,42,2861,-9811,10788,0,0,0,1,0
7,-90,9.057,34,3858511,31,18,-2,64120,0,0,0,0,0,42,2861,-9811,10788,0,0,0,1,0
7,-90,9.113,35,3858567,31,18,-2,64120,0,0,0,0,0,42,2861,-9811,10788,0,0,0,1,0
7,-90,9.169,36,3858623,31,18,-2,64120,0,0,0,0,0,42,2861,-9811,10788,0,0,0,1,0
7,-90,9.234,37,3858679,31,18,-2,64120,0,0,0,0,0,42,2861,-9811,10788,0,0,0,1,0
7,-90,9.278,38,3858731,31,18,-2,64120,0,0,0,0,0,42,2861,-9811,10788,0,0,0,1,0
7,-90,9.333,39,3858787,31,18,-2,64120,0,0,0,0,0,42,2861,-9811,10788,0,0,0,1,0
7,-90,9.39,40,3858843,31,18,-2,64120,0,0,0,0,0,42,2861,-9811,10788,0,0,0,1,0
7,-90,9.445,41,3858899,31,18,-2,64120,0,0,0,0,0,42,2861,-9811,10788,0,0,0,1,0
7,-90,9.501,42,3858955,31,18,-2,64120,0,0,0,0,0,42,2861,-9811,10788,0,0,0,1,0
7,-90,9.616,44,3859067,31,18,-2,64120,0,0,0,0,0,42,2861,-9811,10788,0,0,0,1,0
7,-90,9.669,45,3859123,31,18,-2,64120,0,0,0,0,0,42,2861,-9811,10788,0,0,0,1,0
7,-90,9.727,46,3859179,31,18,-2,64120,0,0,0,0,0,42,2861,-9811,10788,0,0,0,1,0
7,-90,9.781,47,3859235,31,18,-2,64120,0,0,0,0,0,42,2861,-9811,10788,0,0,0,1,0
7,-90,9.837,48,3859291,31,18,-2,64120,0,0,0,0,0,42,2861,-9811,10788,0,0,0,1,0
7,-90,9.893,49,3859347,31,18,-2,64120,0,0,0,0,0,42,2861,-9811,10788,0,0,0,1,0
7,-90,9.949,50,3859403,31,18,-2,64120,0,0,0,0,0,42,2861,-9811,10788,0,0,0,1,0
7,-90,10.005,51,3859459,31,18,-2,64120,0,0,0,0,0,42,2861,-9811,10788,0,0,0,1,0
7,-90,10.061,52,3859515,31,18,-2,64120,0,0,0,0,0,42,2861,-9811,10788,0,0,0,1,0
7,-90,10.118,53,3859571,31,18,-2,64120,0,0,0,0,0,42,2861,-9811,10788,0,0,0,1,0
7,-90,10.229,55,3859683,31,18,-2,64120,0,0,0,0,0,42,2861,-9811,10788,0,0,0,1,0
7,-90,10.294,56,3859739,31,18,-2,64120,0,0,0,0,0,42,2861,-9811,10788,0,0,0,1,0
7,-90,10.337,57,3859791,31,18,-2,64120,0,0,0,0,0,42,2861,-9811,10788,0,0,0,1,0
8,90,0.003,115,3870171,31,18,-2,64120,0,0,0,0,0,42,2861,-9811,10788,0,0,0,1,0
8,90,0.065,116,3870232,31,18,-2,64120,0,0,0,0,0,42,2862,-9811,10788,-800,800,0,1,0
8,90,0.138,117,3870303,31,18,-2,64218,0,0,0,-15,23,42,2865,-9827,10805,-1200,1100,0,1,0
8,90,0.282,119,3870447,31,18,-3,64720,0,0,0,-43,58,42,2871,-9900,10900,-1900,1800,0,1,0
8,90,0.353,120,3870519,31,18,-4,65222,0,0,0,-79,96,42,2874,-9977,10991,-2300,2300,0,1,0
8,90,0.412,121,3870569,31,18,-4,65678,0,0,0,-114,114,42,2876,-10055,11066,-2500,2600,0,1,0
8,90,0.474,122,3870639,31,18,-4,66532,0,0,0,-140,153,42,2879,-10194,11213,-2900,2900,0,1,0
8,90,0.546,123,3870711,31,18,-4,67553,0,0,0,-161,178,42,2882,-10363,11386,-2900,2900,0,1,0
8,90,0.618,124,3870783,31,18,-4,68649,0,0,0,-178,172,42,2885,-10544,11572,-2800,2800,0,1,0
8,90,0.689,125,3870855,31,19,-4,69736,0,0,0,-178,187,42,2888,-10722,11758,-2800,2800,0,1,0
8,90,0.749,126,3870905,31,19,-4,70441,0,0,0,-155,196,42,2890,-10833,11883,-2700,2700,0,1,0
8,90,0.81,127,3870975,31,19,-4,71495,0,0,0,-160,183,42,2893,-11008,12061,-2700,2700,0,1,0
8,90,0.882,0,3871047,31,19,-4,72555,0,0,0,-178,187,42,2896,-11183,12241,-2400,2300,0,1,0
8,90,1.136,3,3871303,31,19,-4,73674,0,0,0,0,0,42,2907,-11372,12427,0,0,0,1,0
8,90,1.192,4,3871359,31,19,-4,73674,0,0,0,0,0,42,2907,-11372,12427,0,0,0,1,0
8,90,1.248,5,3871415,31,19,-4,73674,0,0,0,0,0,42,2907,-11372,12427,0,0,0,1,0
8,90,1.306,6,3871471,31,19,-4,73674,0,0,0,0,0,42,2907,-11372,12427,0,0,0,1,0
8,90,1.361,7,3871527,31,19,-4,73674,0,0,0,0,0,42,2907,-11372,12427,0,0,0,1,0
8,90,1.418,8,3871583,31,19,-4,73674,0,0,0,0,0,42,2907,-11372,12427,0,0,0,1,0
8,90,1.48,9,3871639,31,19,-4,73674,0,0,0,0,0,42,2907,-11372,12427,0,0,0,1,0
8,90,1.525,10,3871691,31,19,-4,73674,0,0,0,0,0,42,2907,-11372,12427,0,0,0,1,0
8,90,1.581,11,3871747,31,19,-4,73674,0,0,0,0,0,42,2907,-11372,12427,0,0,0,1,0
8,90,1.637,12,3871803,31,19,-4,73674,0,0,0,0,0,42,2907,-11372,12427,0,0,0,1,0
8,90,1.693,13,3871859,31,19,-4,73674,0,0,0,0,0,42,2907,-11372,12427,0,0,0,1,0
8,90,1.805,15,3871971,31,19,-4,73674,0,0,0,0,0,42,2907,-11372,12427,0,0,0,1,0
8,90,1.861,16,3872027,31,19,-4,73674,0,0,0,0,0,42,2907,-11372,12427,0,0,0,1,0
8,90,1.917,17,3872083,31,19,-4,73674,0,0,0,0,0,42,2907,-11372,12427,0,0,0,1,0
8,90,1.973,18,3872139,31,19,-4,73674,0,0,0,0,0,42,2907,-11372,12427,0,0,0,1,0
8,90,2.029,19,3872195,31,19,-4,73674,0,0,0,0,0,42,2907,-11372,12427,0,0,0,1,0
8,90,2.085,20,3872251,31,19,-4,73674,0,0,0,0,0,42,2907,-11372,12427,0,0,0,1,0
8,90,2.141,21,3872307,31,19,-4,73674,0,0,0,0,0,42,2907,-11372,12427,0,0,0,1,0
8,90,2.197,22,3872363,31,19,-4,73674,0,0,0,0,0,42,2907,-11372,12427,0,0,0,1,0
8,90,2.253,23,3872419,31,19,-4,73674,0,0,0,0,0,42,2907,-11372,12427,0,0,0,1,0
8,90,2.308,24,3872475,31,19,-4,73674,0,0,0,0,0,42,2907,-11372,12427,0,0,0,1,0
8,90,2.365,25,3872531,31,19,-4,73674,0,0,0,0,0,42,2907,-11372,12427,0,0,0,1,0
8,90,2.421,26,3872587,31,19,-4,73674,0,0,0,0,0,42,2907,-11372,12427,0,0,0,1,0
8,90,2.477,27,3872643,31,19,-4,73674,0,0,0,0,0,42,2907,-11372,12427,0,0,0,1,0
8,90,2.543,28,3872699,31,19,-4,73674,0,0,0,0,0,42,2907,-11372,12427,0,0,0,1,0
8,90,2.586,29,3872751,31,19,-4,73674,0,0,0,0,0,42,2907,-11372,12427,0,0,0,1,0
8,90,2.642,30,3872807,31,19,-4,73674,0,0,0,0,0,42,2907,-11372,12427,0,0,0,1,0
8,90,2.698,31,3872863,31,19,-4,73674,0,0,0,0,0,42,2907,-11372,12427,0,0,0,1,0
8,90,2.754,32,3872919,31,19,-4,73674,0,0,0,0,0,42,2907,-11372,12427,0,0,0,1,0
8,90,2.809,33,3872975,31,19,-4,73674,0,0,0,0,0,42,2907,-11372,12427,0,0,0,1,0
8,90,2.865,34,3873031,31,19,-4,73674,0,0,0,0,0,42,2907,-11372,12427,0,0,0,1,0
8,90,2.922,35,3873087,31,19,-4,73674,0,0,0,0,0,42,2907,-11372,12427,0,0,0,1,0
8,90,3.034,37,3873199,31,19,-4,73674,0,0,0,0,0,42,2907,-11372,12427,0,0,0,1,0
8,90,3.089,38,3873255,31,19,-4,73674,0,0,0,0,0,42,2907,-11372,12427,0,0,0,1,0
8,90,3.145,39,3873311,31,19,-4,73674,0,0,0,0,0,42,2907,-11372,12427,0,0,0,1,0
8,90,3.201,40,3873367,31,19,-4,73674,0,0,0,0,0,42,2907,-11372,12427,0,0,0,1,0
8,90,3.257,41,3873423,31,19,-4,73674,0,0,0,0,0,42,2907,-11372,12427,0,0,0,1,0
8,90,3.313,42,3873479,31,19,-4,73674,0,0,0,0,0,42,2907,-11372,12427,0,0,0,1,0
8,90,3.369,43,3873535,31,19,-4,73674,0,0,0,0,0,42,2907,-11372,12427,0,0,0,1,0
8,90,3.424,44,3873591,31,19,-4,73674,0,0,0,0,0,42,2907,-11372,12427,0,0,0,1,0
8,90,3.481,45,3873647,31,19,-4,73674,0,0,0,0,0,42,2907,-11372,12427,0,0,0,1,0
8,90,3.536,46,3873703,31,19,-4,73674,0,0,0,0,0,42,2907,-11372,12427,0,0,0,1,0
8,90,3.602,47,3873759,31,19,-4,73674,0,0,0,0,0,42,2907,-11372,12427,0,0,0,1,0
8,90,3.645,48,3873811,31,19,-4,73674,0,0,0,0,0,42,2907,-11372,12427,0,0,0,1,0
8,90,3.7,49,3873867,31,19,-4,73674,0,0,0,0,0,42,2907,-11372,12427,0,0,0,1,0
8,90,3.758,50,3873923,31,19,-4,73674,0,0,0,0,0,42,2907,-11372,12427,0,0,0,1,0
8,90,3.813,51,3873979,31,19,-4,73674,0,0,0,0,0,42,2907,-11372,12427,0,0,0,1,0
8,90,3.869,52,3874035,31,19,-4,73674,0,0,0,0,0,42,2907,-11372,12427,0,0,0,1,0
8,90,3.925,53,3874091,31,19,-4,73674,0,0,0,0,0,42,2907,-11372,12427,0,0,0,1,0
8,90,3.98,54,3874147,31,19,-4,73674,0,0,0,0,0,42,2907,-11372,12427,0,0,0,1,0
8,90,4.036,55,3874203,31,19,-4,73674,0,0,0,0,0,42,2907,-11372,12427,0,0,0,1,0
8,90,4.092,56,3874259,31,19,-4,73674,0,0,0,0,0,42,2907,-11372,12427,0,0,0,1,0
8,90,4.15,57,3874315,31,19,-4,73674,0,0,0,0,0,42,2907,-11372,12427,0,0,0,1,0
8,90,4.261,59,3874427,31,19,-4,73674,0,0,0,0,0,42,2907,-11372,12427,0,0,0,1,0
8,90,4.316,60,3874483,31,19,-4,73674,0,0,0,0,0,42,2907,-11372,12427,0,0,0,1,0
8,90,4.372,61,3874539,31,19,-4,73674,0,0,0,0,0,42,2907,-11372,12427,0,0,0,1,0
8,90,4.428,62,3874595,31,19,-4,73674,0,0,0,0,0,42,2907,-11372,12427,0,0,0,1,0
8,90,4.484,63,3874651,31,19,-4,73674,0,0,0,0,0,42,2907,-11372,12427,0,0,0,1,0
8,90,4.543,64,3874707,31,19,-4,73674,0,0,0,0,0,42,2907,-11372,12427,0,0,0,1,0
8,90,4.597,65,3874763,31,19,-4,73674,0,0,0,0,0,42,2907,-11372,12427,0,0,0,1,0
8,90,4.66,66,3874819,31,19,-4,73674,0,0,0,0,0,42,2907,-11372,12427,0,0,0,1,0
8,90,4.704,67,3874871,31,19,-4,73674,0,0,0,0,0,42,2907,-11372,12427,0,0,0,1,0
8,90,4.76,68,3874927,31,19,-4,73674,0,0,0,0,0,42,2907,-11372,12427,0,0,0,1,0
8,90,4.816,69,3874983,31,19,-4,73674,0,0,0,0,0,42,2907,-11372,12427,0,0,0,1,0
8,90,4.874,70,3875039,31,19,-4,73674,0,0,0,0,0,42,2907,-11372,12427,0,0,0,1,0
8,90,4.931,71,3875095,31,19,-4,73674,0,0,0,0,0,42,2907,-11372,12427,0,0,0,1,0
8,90,4.985,72,3875151,31,19,-4,73674,0,0,0,0,0,42,2907,-11372,12427,0,0,0,1,0
8,90,5.041,73,3875207,31,19,-4,73674,0,0,0,0,0,42,2907,-11372,12427,0,0,0,1,0
8,90,5.097,74,3875263,31,19,-4,73674,0,0,0,0,0,42,2907,-11372,12427,0,0,0,1,0
8,90,5.152,75,3875319,31,19,-4,73674,0,0,0,0,0,42,2907,-11372,12427,0,0,0,1,0
8,90,5.208,76,3875375,31,19,-4,73674,0,0,0,0,0,42,2907,-11372,12427,0,0,0,1,0
8,90,5.266,77,3875431,31,19,-4,73674,0,0,0,0,0,42,2907,-11372,12427,0,0,0,1,0
8,90,5.32,78,3875487,31,19,-4,73674,0,0,0,0,0,42,2907,-11372,12427,0,0,0,1,0
8,90,5.377,79,3875543,31,19,-4,73674,0,0,0,0,0,42,2907,-11372,12427,0,0,0,1,0
8,90,5.489,81,3875655,31,19,-4,73674,0,0,0,0,0,42,2907,-11372,12427,0,0,0,1,0
8,90,5.545,82,3875711,31,19,-4,73674,0,0,0,0,0,42,2907,-11372,12427,0,0,0,1,0
8,90,5.601,83,3875767,31,19,-4,73674,0,0,0,0,0,42,2907,-11372,12427,0,0,0,1,0
8,90,5.657,84,3875823,31,19,-4,73674,0,0,0,0,0,42,2907,-11372,12427,0,0,0,1,0
8,90,5.721,85,3875879,31,19,-4,73674,0,0,0,0,0,42,2907,-11372,12427,0,0,0,1,0
8,90,5.764,86,3875931,31,19,-4,73674,0,0,0,0,0,42,2907,-11372,12427,0,0,0,1,0
8,90,5.876,88,3876043,31,19,-4,73674,0,0,0,0,0,42,2907,-11372,12427,0,0,0,1,0
8,90,5.932,89,3876099,31,19,-4,73674,0,0,0,0,0,42,2907,-11372,12427,0,0,0,1,0
8,90,5.99,90,3876155,31,19,-4,73674,0,0,0,0,0,42,2907,-11372,12427,0,0,0,1,0
8,90,6.044,91,3876211,31,19,-4,73674,0,0,0,0,0,42,2907,-11372,12427,0,0,0,1,0
8,90,6.102,92,3876267,31,19,-4,73674,0,0,0,0,0,42,2907,-11372,12427,0,0,0,1,0
8,90,6.157,93,3876323,31,19,-4,73674,0,0,0,0,0,42,2907,-11372,12427,0,0,0,1,0
8,90,6.212,94,3876379,31,19,-4,73674,0,0,0,0,0,42,2907,-11372,12427,0,0,0,1,0
8,90,6.27,95,3876435,31,19,-4,73674,0,0,0,0,0,42,2907,-11372,12427,0,0,0,1,0
8,90,6.325,96,3876491,31,19,-4,73674,0,0,0,0,0,42,2907,-11372,12427,0,0,0,1,0
8,90,6.38,97,3876547,31,19,-4,73674,0,0,0,0,0,42,2907,-11372,12427,0,0,0,1,0
8,90,6.437,98,3876603,31,19,-4,73674,0,0,0,0,0,42,2907,-11372,12427,0,0,0,1,0
8,90,6.492,99,3876659,31,19,-4,73674,0,0,0,0,0,42,2907,-11372,12427,0,0,0,1,0
8,90,6.549,100,3876715,31,19,-4,73674,0,0,0,0,0,42,2907,-11372,12427,0,0,0,1,0
8,90,6.605,101,3876771,31,19,-4,73674,0,0,0,0,0,42,2907,-11372,12427,0,0,0,1,0
8,90,6.661,102,3876827,31,19,-4,73674,0,0,0,0,0,42,2907,-11372,12427,0,0,0,1,0
8,90,6.716,103,3876883,31,19,-4,73674,0,0,0,0,0,42,2907,-11372,12427,0,0,0,1,0
8,90,6.775,104,3876939,31,19,-4,73674,0,0,0,0,0,42,2907,-11372,12427,0,0,0,1,0
8,90,6.824,105,3876991,31,19,-4,73674,0,0,0,0,0,42,2907,-11372,12427,0,0,0,1,0
8,90,6.994,108,3877159,31,19,-4,73674,0,0,0,0,0,42,2907,-11372,12427,0,0,0,1,0
8,90,7.048,109,3877215,31,19,-4,73674,0,0,0,0,0,42,2907,-11372,12427,0,0,0,1,0
8,90,7.16,111,3877327,31,19,-4,73674,0,0,0,0,0,42,2907,-11372,12427,0,0,0,1,0
8,90,7.217,112,3877383,31,19,-4,73674,0,0,0,0,0,42,2907,-11372,12427,0,0,0,1,0
8,90,7.272,113,3877439,31,19,-4,73674,0,0,0,0,0,42,2907,-11372,12427,0,0,0,1,0
8,90,7.385,115,3877551,31,19,-4,73674,0,0,0,0,0,42,2907,-11372,12427,0,0,0,1,0
8,90,7.44,116,3877607,31,19,-4,73674,0,0,0,0,0,42,2907,-11372,12427,0,0,0,1,0
8,90,7.497,117,3877663,31,19,-4,73674,0,0,0,0,0,42,2907,-11372,12427,0,0,0,1,0
8,90,7.552,118,3877719,31,19,-4,73674,0,0,0,0,0,42,2907,-11372,12427,0,0,0,1,0
8,90,7.608,119,3877775,31,19,-4,73674,0,0,0,0,0,42,2907,-11372,12427,0,0,0,1,0
8,90,7.721,121,3877887,31,19,-4,73674,0,0,0,0,0,42,2907,-11372,12427,0,0,0,1,0
8,90,7.776,122,3877943,31,19,-4,73674,0,0,0,0,0,42,2907,-11372,12427,0,0,0,1,0
8,90,7.842,123,3877999,31,19,-4,73674,0,0,0,0,0,42,2907,-11372,12427,0,0,0,1,0
8,90,7.887,124,3878051,31,19,-4,73674,0,0,0,0,0,42,2907,-11372,12427,0,0,0,1,0
8,90,7.94,125,3878107,31,19,-4,73674,0,0,0,0,0,42,2907,-11372,12427,0,0,0,1,0
8,90,7.997,126,3878163,31,19,-4,73674,0,0,0,0,0,42,2907,-11372,12427,0,0,0,1,0
8,90,8.053,127,3878219,31,19,-4,73674,0,0,0,0,0,42,2907,-11372,12427,0,0,0,1,0
8,90,8.108,0,3878275,31,19,-4,73674,0,0,0,0,0,42,2907,-11372,12427,0,0,0,1,0
8,90,8.164,1,3878331,31,19,-4,73674,0,0,0,0,0,42,2907,-11372,12427,0,0,0,1,0
8,90,8.22,2,3878387,31,19,-4,73674,0,0,0,0,0,42,2907,-11372,12427,0,0,0,1,0
8,90,8.334,4,3878499,31,19,-4,73674,0,0,0,0,0,42,2907,-11372,12427,0,0,0,1,0
8,90,8.389,5,3878555,31,19,-4,73674,0,0,0,0,0,42,2907,-11372,12427,0,0,0,1,0
8,90,8.444,6,3878611,31,19,-4,73674,0,0,0,0,0,42,2907,-11372,12427,0,0,0,1,0
8,90,8.668,10,3878835,31,19,-4,73674,0,0,0,0,0,42,2907,-11372,12427,0,0,0,1,0
8,90,8.724,11,3878891,31,19,-4,73674,0,0,0,0,0,42,2907,-11372,12427,0,0,0,1,0
8,90,8.78,12,3878947,31,19,-4,73674,0,0,0,0,0,42,2907,-11372,12427,0,0,0,1,0
8,90,8.836,13,3879003,31,19,-4,73674,0,0,0,0,0,42,2907,-11372,12427,0,0,0,1,0
8,90,8.9,14,3879059,31,19,-4,73674,0,0,0,0,0,42,2907,-11372,12427,0,0,0,1,0
8,90,8.944,15,3879111,31,19,-4,73674,0,0,0,0,0,42,2907,-11372,12427,0,0,0,1,0
8,90,9.0,16,3879167,31,19,-4,73674,0,0,0,0,0,42,2907,-11372,12427,0,0,0,1,0
8,90,9.056,17,3879223,31,19,-4,73674,0,0,0,0,0,42,2907,-11372,12427,0,0,0,1,0
8,90,9.113,18,3879279,31,19,-4,73674,0,0,0,0,0,42,2907,-11372,12427,0,0,0,1,0
8,90,9.17,19,3879335,31,19,-4,73674,0,0,0,0,0,42,2907,-11372,12427,0,0,0,1,0
8,90,9.224,20,3879391,31,19,-4,73674,0,0,0,0,0,42,2907,-11372,12427,0,0,0,1,0
8,90,9.28,21,3879447,31,19,-4,73674,0,0,0,0,0,42,2907,-11372,12427,0,0,0,1,0
8,90,9.336,22,3879503,31,19,-4,73674,0,0,0,0,0,42,2907,-11372,12427,0,0,0,1,0
8,90,9.505,25,3879671,31,19,-4,73674,0,0,0,0,0,42,2907,-11372,12427,0,0,0,1,0
8,90,9.56,26,3879727,31,19,-4,73674,0,0,0,0,0,42,2907,-11372,12427,0,0,0,1,0
8,90,9.617,27,3879783,31,19,-4,73674,0,0,0,0,0,42,2907,-11372,12427,0,0,0,1,0
8,90,9.672,28,3879839,31,19,-4,73674,0,0,0,0,0,42,2907,-11372,12427,0,0,0,1,0
8,90,9.728,29,3879895,31,19,-4,73674,0,0,0,0,0,42,2907,-11372,12427,0,0,0,1,0
8,90,9.84,31,3880007,31,19,-4,73674,0,0,0,0,0,42,2907,-11372,12427,0,0,0,1,0
8,90,9.896,32,3880063,31,19,-4,73674,0,0,0,0,0,42,2907,-11372,12427,0,0,0,1,0
8,90,9.961,33,3880119,31,19,-4,73674,0,0,0,0,0,42,2907,-11372,12427,0,0,0,1,0
8,90,10.004,34,3880171,31,19,-4,73674,0,0,0,0,0,42,2907,-11372,12427,0,0,0,1,0
8,90,10.061,35,3880227,31,19,-4,73674,0,0,0,0,0,42,2907,-11372,12427,0,0,0,1,0
8,90,10.116,36,3880283,31,19,-4,73674,0,0,0,0,0,42,2907,-11372,12427,0,0,0,1,0
8,90,10.172,37,3880339,31,19,-4,73674,0,0,0,0,0,42,2907,-11372,12427,0,0,0,1,0
8,90,10.228,38,3880395,31,19,-4,73674,0,0,0,0,0,42,2907,-11372,12427,0,0,0,1,0
8,90,10.285,39,3880451,31,19,-4,73674,0,0,0,0,0,42,2907,-11372,12427,0,0,0,1,0
8,90,10.34,40,3880507,31,19,-4,73674,0,0,0,0,0,42,2907,-11372,12427,0,0,0,1,0
8,90,10.397,41,3880563,31,19,-4,73674,0,0,0,0,0,42,2907,-11372,12427,0,0,0,1,0
8,90,10.509,43,3880675,31,19,-4,73674,0,0,0,0,0,42,2907,-11372,12427,0,0,0,1,0
8,90,10.566,44,3880731,31,19,-4,73674,0,0,0,0,0,42,2907,-11372,12427,0,0,0,1,0
8,90,10.62,45,3880787,31,19,-4,73674,0,0,0,0,0,42,2907,-11372,12427,0,0,0,1,0
8,90,10.676,46,3880843,31,19,-4,73674,0,0,0,0,0,42,2907,-11372,12427,0,0,0,1,0
8,90,10.734,47,3880899,31,19,-4,73674,0,0,0,0,0,42,2907,-11372,12427,0,0,0,1,0
8,90,10.788,48,3880955,31,19,-4,73674,0,0,0,0,0,42,2907,-11372,12427,0,0,0,1,0
8,90,10.844,49,3881011,31,19,-4,73674,0,0,0,0,0,42,2907,-11372,12427,0,0,0,1,0
8,90,10.9,50,3881067,31,19,-4,73674,0,0,0,0,0,42,2907,-11372,12427,0,0,0,1,0
8,90,10.959,51,3881123,31,19,-4,73674,0,0,0,0,0,42,2907,-11372,12427,0,0,0,1,0
8,90,11.064,53,3881231,31,19,-4,73674,0,0,0,0,0,42,2907,-11372,12427,0,0,0,1,0
8,90,11.177,55,3881343,31,19,-4,73674,0,0,0,0,0,42,2907,-11372,12427,0,0,0,1,0
8,90,11.289,57,3881455,31,19,-4,73674,0,0,0,0,0,42,2907,-11372,12427,0,0,0,1,0
8,90,11.345,58,3881511,31,19,-4,73674,0,0,0,0,0,42,2907,-11372,12427,0,0,0,1,0
8,90,11.401,59,3881567,31,19,-4,73674,0,0,0,0,0,42,2907,-11372,12427,0,0,0,1,0
8,90,11.513,61,3881679,31,19,-4,73674,0,0,0,0,0,42,2907,-11372,12427,0,0,0,1,0
8,90,11.568,62,3881735,31,19,-4,73674,0,0,0,0,0,42,2907,-11372,12427,0,0,0,1,0
8,90,11.629,63,3881791,31,19,-4,73674,0,0,0,0,0,42,2907,-11372,12427,0,0,0,1,0
8,90,11.737,65,3881903,31,19,-4,73674,0,0,0,0,0,42,2907,-11372,12427,0,0,0,1,0
8,90,11.793,66,3881959,31,19,-4,73674,0,0,0,0,0,42,2907,-11372,12427,0,0,0,1,0
8,90,11.849,67,3882015,31,19,-4,73674,0,0,0,0,0,42,2907,-11372,12427,0,0,0,1,0
8,90,11.961,69,3882127,31,19,-4,73674,0,0,0,0,0,42,2907,-11372,12427,0,0,0,1,0
8,90,12.081,71,3882239,31,19,-4,73674,0,0,0,0,0,42,2907,-11372,12427,0,0,0,1,0
8,90,12.125,72,3882291,31,19,-4,73674,0,0,0,0,0,42,2907,-11372,12427,0,0,0,1,0
8,90,12.18,73,3882347,31,19,-4,73674,0,0,0,0,0,42,2907,-11372,12427,0,0,0,1,0
8,90,12.237,74,3882403,31,19,-4,73674,0,0,0,0,0,42,2907,-11372,12427,0,0,0,1,0
8,90,12.293,75,3882459,31,19,-4,73674,0,0,0,0,0,42,2907,-11372,12427,0,0,0,1,0
8,90,12.405,77,3882571,31,19,-4,73674,0,0,0,0,0,42,2907,-11372,12427,0,0,0,1,0
8,90,12.516,79,3882683,31,19,-4,73674,0,0,0,0,0,42,2907,-11372,12427,0,0,0,1,0
8,90,12.573,80,3882739,31,19,-4,73674,0,0,0,0,0,42,2907,-11372,12427,0,0,0,1,0
8,90,12.628,81,3882795,31,19,-4,73674,0,0,0,0,0,42,2907,-11372,12427,0,0,0,1,0
8,90,12.742,83,3882907,31,19,-4,73674,0,0,0,0,0,42,2907,-11372,12427,0,0,0,1,0
8,90,12.797,84,3882963,31,19,-4,73674,0,0,0,0,0,42,2907,-11372,12427,0,0,0,1,0
8,90,12.852,85,3883019,31,19,-4,73674,0,0,0,0,0,42,2907,-11372,12427,0,0,0,1,0
8,90,12.964,87,3883131,31,19,-4,73674,0,0,0,0,0,42,2907,-11372,12427,0,0,0,1,0
8,90,13.021,88,3883187,31,19,-4,73674,0,0,0,0,0,42,2907,-11372,12427,0,0,0,1,0
8,90,13.076,89,3883243,31,19,-4,73674,0,0,0,0,0,42,2907,-11372,12427,0,0,0,1,0
8,90,13.141,90,3883299,31,19,-4,73674,0,0,0,0,0,42,2907,-11372,12427,0,0,0,1,0
8,90,13.186,91,3883351,31,19,-4,73674,0,0,0,0,0,42,2907,-11372,12427,0,0,0,1,0
8,90,13.243,92,3883407,31,19,-4,73674,0,0,0,0,0,42,2907,-11372,12427,0,0,0,1,0
8,90,13.297,93,3883463,31,19,-4,73674,0,0,0,0,0,42,2907,-11372,12427,0,0,0,1,0
8,90,13.356,94,3883519,31,19,-4,73674,0,0,0,0,0,42,2907,-11372,12427,0,0,0,1,0
8,90,13.409,95,3883575,31,19,-4,73674,0,0,0,0,0,42,2907,-11372,12427,0,0,0,1,0
8,90,13.465,96,3883631,31,19,-4,73674,0,0,0,0,0,42,2907,-11372,12427,0,0,0,1,0
8,90,13.521,97,3883687,31,19,-4,73674,0,0,0,0,0,42,2907,-11372,12427,0,0,0,1,0
8,90,13.577,98,3883743,31,19,-4,73674,0,0,0,0,0,42,2907,-11372,12427,0,0,0,1,0
8,90,13.64,99,3883799,31,19,-4,73674,0,0,0,0,0,42,2907,-11372,12427,0,0,0,1,0
8,90,13.689,100,3883855,31,19,-4,73674,0,0,0,0,0,42,2907,-11372,12427,0,0,0,1,0
8,90,13.745,101,3883911,31,19,-4,73674,0,0,0,0,0,42,2907,-11372,12427,0,0,0,1,0
8,90,13.802,102,3883967,31,19,-4,73674,0,0,0,0,0,42,2907,-11372,12427,0,0,0,1,0
8,90,13.912,104,3884079,31,19,-4,73674,0,0,0,0,0,42,2907,-11372,12427,0,0,0,1,0
8,90,13.968,105,3884135,31,19,-4,73674,0,0,0,0,0,42,2907,-11372,12427,0,0,0,1,0
8,90,14.025,106,3884191,31,19,-4,73674,0,0,0,0,0,42,2907,-11372,12427,0,0,0,1,0
8,90,14.081,107,3884247,31,19,-4,73674,0,0,0,0,0,42,2907,-11372,12427,0,0,0,1,0
8,90,14.2,109,3884359,31,19,-4,73674,0,0,0,0,0,42,2907,-11372,12427,0,0,0,1,0
8,90,14.245,110,3884411,31,19,-4,73674,0,0,0,0,0,42,2907,-11372,12427,0,0,0,1,0
8,90,14.3,111,3884467,31,19,-4,73674,0,0,0,0,0,42,2907,-11372,12427,0,0,0,1,0
8,90,14.357,112,3884523,31,19,-4,73674,0,0,0,0,0,42,2907,-11372,12427,0,0,0,1,0
8,90,14.413,113,3884579,31,19,-4,73674,0,0,0,0,0,42,2907,-11372,12427,0,0,0,1,0
8,90,14.47,114,3884635,31,19,-4,73674,0,0,0,0,0,42,2907,-11372,12427,0,0,0,1,0
8,90,14.524,115,3884691,31,19,-4,73674,0,0,0,0,0,42,2907,-11372,12427,0,0,0,1,0
8,90,14.58,116,3884747,31,19,-4,73674,0,0,0,0,0,42,2907,-11372,12427,0,0,0,1,0
8,90,14.637,117,3884803,31,19,-4,73674,0,0,0,0,0,42,2907,-11372,12427,0,0,0,1,0
8,90,14.693,118,3884859,31,19,-4,73674,0,0,0,0,0,42,2907,-11372,12427,0,0,0,1,0
8,90,14.748,119,3884915,31,19,-4,73674,0,0,0,0,0,42,2907,-11372,12427,0,0,0,1,0
9,-107,-0.032,72,3896575,31,19,-4,73674,0,0,0,0,0,42,2907,-11372,12427,0,0,0,1,0
9,-107,0.024,73,3896631,31,19,-4,73674,0,0,0,0,0,42,2907,-11372,12427,0,0,0,1,0
9,-107,0.085,74,3896691,31,19,-4,73659,0,0,0,8,-5,42,2909,-11369,12425,1000,-1000,0,1,0
9,-107,0.157,75,3896763,31,19,-4,73552,0,0,0,23,-23,42,2912,-11350,12408,1300,-1200,0,1,0
9,-107,0.229,76,3896835,31,19,-4,73343,0,0,0,41,-41,42,2915,-11316,12372,1500,-1500,0,1,0
9,-107,0.373,78,3896979,31,19,-4,72372,0,0,0,123,-114,42,2921,-11152,12211,2400,-2400,0,1,0
9,-107,0.432,79,3897029,31,19,-4,71883,0,0,0,114,-123,42,2923,-11072,12127,2600,-2700,0,1,0
9,-107,0.493,80,3897099,31,19,-4,70978,0,0,0,145,-153,42,2926,-10919,11977,3000,-2900,0,1,0
9,-107,0.573,81,3897171,31,19,-4,69969,0,0,0,178,-169,42,2929,-10750,11808,2900,-2900,0,1,0
9,-107,0.637,82,3897243,31,19,-4,68882,0,0,0,169,-169,42,2932,-10572,11622,2900,-2900,0,1,0
9,-107,0.71,83,3897315,31,19,-4,67819,0,0,0,178,-169,42,2935,-10394,11444,2800,-2800,0,1,0
9,-107,0.793,84,3897389,31,19,-4,66774,0,0,0,161,-172,42,2938,-10222,11266,2700,-2700,0,1,0
9,-107,0.853,85,3897459,31,19,-4,65729,0,0,0,165,-183,42,2941,-10050,11088,2700,-2800,0,1,0
9,-107,0.925,86,3897531,31,19,-4,64708,0,0,0,161,-172,42,2944,-9883,10913,2700,-2700,0,1,0
9,-107,1.152,88,3897750,31,19,-3,62463,0,0,0,0,0,42,2955,-9508,10536,0,0,0,1,0
9,-107,1.201,89,3897807,31,19,-3,62463,0,0,0,0,0,42,2955,-9508,10536,0,0,0,1,0
9,-107,1.256,90,3897863,31,19,-3,62463,0,0,0,0,0,42,2955,-9508,10536,0,0,0,1,0
9,-107,1.312,91,3897919,31,19,-3,62463,0,0,0,0,0,42,2955,-9508,10536,0,0,0,1,0
9,-107,1.424,93,3898031,31,19,-3,62463,0,0,0,0,0,42,2955,-9508,10536,0,0,0,1,0
9,-107,1.48,94,3898087,31,19,-3,62463,0,0,0,0,0,42,2955,-9508,10536,0,0,0,1,0
9,-107,1.536,95,3898143,31,19,-3,62463,0,0,0,0,0,42,2955,-9508,10536,0,0,0,1,0
9,-107,1.592,96,3898199,31,19,-3,62463,0,0,0,0,0,42,2955,-9508,10536,0,0,0,1,0
9,-107,1.648,97,3898255,31,19,-3,62463,0,0,0,0,0,42,2955,-9508,10536,0,0,0,1,0
9,-107,1.704,98,3898311,31,19,-3,62463,0,0,0,0,0,42,2955,-9508,10536,0,0,0,1,0
9,-107,1.76,99,3898367,31,19,-3,62463,0,0,0,0,0,42,2955,-9508,10536,0,0,0,1,0
9,-107,1.824,100,3898423,31,19,-3,62463,0,0,0,0,0,42,2955,-9508,10536,0,0,0,1,0
9,-107,1.869,101,3898475,31,19,-3,62463,0,0,0,0,0,42,2955,-9508,10536,0,0,0,1,0
9,-107,1.924,102,3898531,31,19,-3,62463,0,0,0,0,0,42,2955,-9508,10536,0,0,0,1,0
9,-107,1.98,103,3898587,31,19,-3,62463,0,0,0,0,0,42,2955,-9508,10536,0,0,0,1,0
9,-107,2.037,104,3898643,31,19,-3,62463,0,0,0,0,0,42,2955,-9508,10536,0,0,0,1,0
9,-107,2.092,105,3898699,31,19,-3,62463,0,0,0,0,0,42,2955,-9508,10536,0,0,0,1,0
9,-107,2.148,106,3898755,31,19,-3,62463,0,0,0,0,0,42,2955,-9508,10536,0,0,0,1,0
9,-107,2.204,107,3898811,31,19,-3,62463,0,0,0,0,0,42,2955,-9508,10536,0,0,0,1,0
9,-107,2.26,108,3898867,31,19,-3,62463,0,0,0,0,0,42,2955,-9508,10536,0,0,0,1,0
9,-107,2.317,109,3898923,31,19,-3,62463,0,0,0,0,0,42,2955,-9508,10536,0,0,0,1,0
9,-107,2.372,110,3898979,31,19,-3,62463,0,0,0,0,0,42,2955,-9508,10536,0,0,0,1,0
9,-107,2.428,111,3899035,31,19,-3,62463,0,0,0,0,0,42,2955,-9508,10536,0,0,0,1,0
9,-107,2.484,112,3899091,31,19,-3,62463,0,0,0,0,0,42,2955,-9508,10536,0,0,0,1,0
9,-107,2.54,113,3899147,31,19,-3,62463,0,0,0,0,0,42,2955,-9508,10536,0,0,0,1,0
9,-107,2.708,116,3899315,31,19,-3,62463,0,0,0,0,0,42,2955,-9508,10536,0,0,0,1,0
9,-107,2.764,117,3899371,31,19,-3,62463,0,0,0,0,0,42,2955,-9508,10536,0,0,0,1,0
9,-107,2.82,118,3899427,31,19,-3,62463,0,0,0,0,0,42,2955,-9508,10536,0,0,0,1,0
9,-107,2.884,119,3899483,31,19,-3,62463,0,0,0,0,0,42,2955,-9508,10536,0,0,0,1,0
9,-107,2.931,120,3899535,31,19,-3,62463,0,0,0,0,0,42,2955,-9508,10536,0,0,0,1,0
9,-107,3.04,122,3899647,31,19,-3,62463,0,0,0,0,0,42,2955,-9508,10536,0,0,0,1,0
9,-107,3.152,124,3899759,31,19,-3,62463,0,0,0,0,0,42,2955,-9508,10536,0,0,0,1,0
9,-107,3.207,125,3899815,31,19,-3,62463,0,0,0,0,0,42,2955,-9508,10536,0,0,0,1,0
9,-107,3.32,127,3899927,31,19,-3,62463,0,0,0,0,0,42,2955,-9508,10536,0,0,0,1,0
9,-107,3.376,0,3899983,31,19,-3,62463,0,0,0,0,0,42,2955,-9508,10536,0,0,0,1,0
9,-107,3.433,1,3900039,31,19,-3,62463,0,0,0,0,0,42,2955,-9508,10536,0,0,0,1,0
9,-107,3.488,2,3900095,31,19,-3,62463,0,0,0,0,0,42,2955,-9508,10536,0,0,0,1,0
9,-107,3.545,3,3900151,31,19,-3,62463,0,0,0,0,0,42,2955,-9508,10536,0,0,0,1,0
9,-107,3.6,4,3900207,31,19,-3,62463,0,0,0,0,0,42,2955,-9508,10536,0,0,0,1,0
9,-107,3.712,6,3900319,31,19,-3,62463,0,0,0,0,0,42,2955,-9508,10536,0,0,0,1,0
9,-107,3.768,7,3900375,31,19,-3,62463,0,0,0,0,0,42,2955,-9508,10536,0,0,0,1,0
9,-107,3.823,8,3900431,31,19,-3,62463,0,0,0,0,0,42,2955,-9508,10536,0,0,0,1,0
9,-107,3.943,10,3900543,31,19,-3,62463,0,0,0,0,0,42,2955,-9508,10536,0,0,0,1,0
9,-107,3.988,11,3900595,31,19,-3,62463,0,0,0,0,0,42,2955,-9508,10536,0,0,0,1,0
9,-107,4.044,12,3900651,31,19,-3,62463,0,0,0,0,0,42,2955,-9508,10536,0,0,0,1,0
9,-107,4.1,13,3900707,31,19,-3,62463,0,0,0,0,0,42,2955,-9508,10536,0,0,0,1,0
9,-107,4.156,14,3900763,31,19,-3,62463,0,0,0,0,0,42,2955,-9508,10536,0,0,0,1,0
9,-107,4.211,15,3900819,31,19,-3,62463,0,0,0,0,0,42,2955,-9508,10536,0,0,0,1,0
9,-107,4.268,16,3900875,31,19,-3,62463,0,0,0,0,0,42,2955,-9508,10536,0,0,0,1,0
9,-107,4.323,17,3900931,31,19,-3,62463,0,0,0,0,0,42,2955,-9508,10536,0,0,0,1,0
9,-107,4.379,18,3900987,31,19,-3,62463,0,0,0,0,0,42,2955,-9508,10536,0,0,0,1,0
9,-107,4.435,19,3901043,31,19,-3,62463,0,0,0,0,0,42,2955,-9508,10536,0,0,0,1,0
9,-107,4.547,21,3901155,31,19,-3,62463,0,0,0,0,0,42,2955,-9508,10536,0,0,0,1,0
9,-107,4.604,22,3901211,31,19,-3,62463,0,0,0,0,0,42,2955,-9508,10536,0,0,0,1,0
9,-107,4.66,23,3901267,31,19,-3,62463,0,0,0,0,0,42,2955,-9508,10536,0,0,0,1,0
9,-107,4.716,24,3901323,31,19,-3,62463,0,0,0,0,0,42,2955,-9508,10536,0,0,0,1,0
9,-107,4.771,25,3901379,31,19,-3,62463,0,0,0,0,0,42,2955,-9508,10536,0,0,0,1,0
9,-107,4.828,26,3901435,31,19,-3,62463,0,0,0,0,0,42,2955,-9508,10536,0,0,0,1,0
9,-107,4.94,28,3901547,31,19,-3,62463,0,0,0,0,0,42,2955,-9508,10536,0,0,0,1,0
9,-107,5.005,29,3901603,31,19,-3,62463,0,0,0,0,0,42,2955,-9508,10536,0,0,0,1,0
9,-107,5.048,30,3901655,31,19,-3,62463,0,0,0,0,0,42,2955,-9508,10536,0,0,0,1,0
9,-107,5.104,31,3901711,31,19,-3,62463,0,0,0,0,0,42,2955,-9508,10536,0,0,0,1,0
9,-107,5.216,33,3901823,31,19,-3,62463,0,0,0,0,0,42,2955,-9508,10536,0,0,0,1,0
9,-107,5.273,34,3901879,31,19,-3,62463,0,0,0,0,0,42,2955,-9508,10536,0,0,0,1,0
9,-107,5.328,35,3901935,31,19,-3,62463,0,0,0,0,0,42,2955,-9508,10536,0,0,0,1,0
9,-107,5.384,36,3901991,31,19,-3,62463,0,0,0,0,0,42,2955,-9508,10536,0,0,0,1,0
9,-107,5.441,37,3902047,31,19,-3,62463,0,0,0,0,0,42,2955,-9508,10536,0,0,0,1,0
9,-107,5.497,38,3902103,31,19,-3,62463,0,0,0,0,0,42,2955,-9508,10536,0,0,0,1,0
9,-107,5.61,40,3902215,31,19,-3,62463,0,0,0,0,0,42,2955,-9508,10536,0,0,0,1,0
9,-107,5.664,41,3902271,31,19,-3,62463,0,0,0,0,0,42,2955,-9508,10536,0,0,0,1,0
9,-107,5.776,43,3902383,31,19,-3,62463,0,0,0,0,0,42,2955,-9508,10536,0,0,0,1,0
9,-107,5.833,44,3902439,31,19,-3,62463,0,0,0,0,0,42,2955,-9508,10536,0,0,0,1,0
9,-107,5.888,45,3902495,31,19,-3,62463,0,0,0,0,0,42,2955,-9508,10536,0,0,0,1,0
9,-107,5.944,46,3902551,31,19,-3,62463,0,0,0,0,0,42,2955,-9508,10536,0,0,0,1,0
9,-107,6.0,47,3902607,31,19,-3,62463,0,0,0,0,0,42,2955,-9508,10536,0,0,0,1,0
9,-107,6.065,48,3902663,31,19,-3,62463,0,0,0,0,0,42,2955,-9508,10536,0,0,0,1,0
9,-107,6.108,49,3902715,31,19,-3,62463,0,0,0,0,0,42,2955,-9508,10536,0,0,0,1,0
9,-107,6.164,50,3902771,31,19,-3,62463,0,0,0,0,0,42,2955,-9508,10536,0,0,0,1,0
9,-107,6.22,51,3902827,31,19,-3,62463,0,0,0,0,0,42,2955,-9508,10536,0,0,0,1,0
9,-107,6.275,52,3902883,31,19,-3,62463,0,0,0,0,0,42,2955,-9508,10536,0,0,0,1,0
9,-107,6.331,53,3902939,31,19,-3,62463,0,0,0,0,0,42,2955,-9508,10536,0,0,0,1,0
9,-107,6.387,54,3902995,31,19,-3,62463,0,0,0,0,0,42,2955,-9508,10536,0,0,0,1,0
9,-107,6.447,55,3903051,31,19,-3,62463,0,0,0,0,0,42,2955,-9508,10536,0,0,0,1,0
9,-107,6.499,56,3903107,31,19,-3,62463,0,0,0,0,0,42,2955,-9508,10536,0,0,0,1,0
9,-107,6.555,57,3903163,31,19,-3,62463,0,0,0,0,0,42,2955,-9508,10536,0,0,0,1,0
9,-107,6.611,58,3903219,31,19,-3,62463,0,0,0,0,0,42,2955,-9508,10536,0,0,0,1,0
9,-107,6.667,59,3903275,31,19,-3,62463,0,0,0,0,0,42,2955,-9508,10536,0,0,0,1,0
9,-107,6.724,60,3903331,31,19,-3,62463,0,0,0,0,0,42,2955,-9508,10536,0,0,0,1,0
9,-107,6.779,61,3903387,31,19,-3,62463,0,0,0,0,0,42,2955,-9508,10536,0,0,0,1,0
9,-107,6.835,62,3903443,31,19,-3,62463,0,0,0,0,0,42,2955,-9508,10536,0,0,0,1,0
9,-107,6.892,63,3903499,31,19,-3,62463,0,0,0,0,0,42,2955,-9508,10536,0,0,0,1,0
9,-107,7.003,65,3903611,31,19,-3,62463,0,0,0,0,0,42,2955,-9508,10536,0,0,0,1,0
9,-107,7.059,66,3903667,31,19,-3,62463,0,0,0,0,0,42,2955,-9508,10536,0,0,0,1,0
9,-107,7.125,67,3903723,31,19,-3,62463,0,0,0,0,0,42,2955,-9508,10536,0,0,0,1,0
9,-107,7.167,68,3903775,31,19,-3,62463,0,0,0,0,0,42,2955,-9508,10536,0,0,0,1,0
9,-107,7.224,69,3903831,31,19,-3,62463,0,0,0,0,0,42,2955,-9508,10536,0,0,0,1,0
9,-107,7.279,70,3903887,31,19,-3,62463,0,0,0,0,0,42,2955,-9508,10536,0,0,0,1,0
9,-107,7.335,71,3903943,31,19,-3,62463,0,0,0,0,0,42,2955,-9508,10536,0,0,0,1,0
9,-107,7.391,72,3903999,31,19,-3,62463,0,0,0,0,0,42,2955,-9508,10536,0,0,0,1,0
9,-107,7.447,73,3904055,31,19,-3,62463,0,0,0,0,0,42,2955,-9508,10536,0,0,0,1,0
9,-107,7.504,74,3904111,31,19,-3,62463,0,0,0,0,0,42,2955,-9508,10536,0,0,0,1,0
9,-107,7.56,75,3904167,31,19,-3,62463,0,0,0,0,0,42,2955,-9508,10536,0,0,0,1,0
9,-107,7.672,77,3904279,31,19,-3,62463,0,0,0,0,0,42,2955,-9508,10536,0,0,0,1,0
9,-107,7.727,78,3904335,31,19,-3,62463,0,0,0,0,0,42,2955,-9508,10536,0,0,0,1,0
9,-107,7.783,79,3904391,31,19,-3,62463,0,0,0,0,0,42,2955,-9508,10536,0,0,0,1,0
9,-107,7.839,80,3904447,31,19,-3,62463,0,0,0,0,0,42,2955,-9508,10536,0,0,0,1,0
9,-107,7.895,81,3904503,31,19,-3,62463,0,0,0,0,0,42,2955,-9508,10536,0,0,0,1,0
9,-107,7.951,82,3904559,31,19,-3,62463,0,0,0,0,0,42,2955,-9508,10536,0,0,0,1,0
9,-107,8.007,83,3904615,31,19,-3,62463,0,0,0,0,0,42,2955,-9508,10536,0,0,0,1,0
9,-107,8.063,84,3904671,31,19,-3,62463,0,0,0,0,0,42,2955,-9508,10536,0,0,0,1,0
9,-107,8.121,85,3904727,31,19,-3,62463,0,0,0,0,0,42,2955,-9508,10536,0,0,0,1,0
9,-107,8.227,87,3904835,31,19,-3,62463,0,0,0,0,0,42,2955,-9508,10536,0,0,0,1,0
9,-107,8.283,88,3904891,31,19,-3,62463,0,0,0,0,0,42,2955,-9508,10536,0,0,0,1,0
9,-107,8.339,89,3904947,31,19,-3,62463,0,0,0,0,0,42,2955,-9508,10536,0,0,0,1,0
9,-107,8.397,90,3905003,31,19,-3,62463,0,0,0,0,0,42,2955,-9508,10536,0,0,0,1,0
9,-107,8.451,91,3905059,31,19,-3,62463,0,0,0,0,0,42,2955,-9508,10536,0,0,0,1,0
9,-107,8.508,92,3905115,31,19,-3,62463,0,0,0,0,0,42,2955,-9508,10536,0,0,0,1,0
9,-107,8.565,93,3905171,31,19,-3,62463,0,0,0,0,0,42,2955,-9508,10536,0,0,0,1,0
9,-107,8.621,94,3905227,31,19,-3,62463,0,0,0,0,0,42,2955,-9508,10536,0,0,0,1,0
9,-107,8.675,95,3905283,31,19,-3,62463,0,0,0,0,0,42,2955,-9508,10536,0,0,0,1,0
9,-107,8.733,96,3905339,31,19,-3,62463,0,0,0,0,0,42,2955,-9508,10536,0,0,0,1,0
9,-107,8.787,97,3905395,31,19,-3,62463,0,0,0,0,0,42,2955,-9508,10536,0,0,0,1,0
9,-107,8.956,100,3905563,31,19,-3,62463,0,0,0,0,0,42,2955,-9508,10536,0,0,0,1,0
9,-107,9.011,101,3905619,31,19,-3,62463,0,0,0,0,0,42,2955,-9508,10536,0,0,0,1,0
9,-107,9.067,102,3905675,31,19,-3,62463,0,0,0,0,0,42,2955,-9508,10536,0,0,0,1,0
9,-107,9.123,103,3905731,31,19,-3,62463,0,0,0,0,0,42,2955,-9508,10536,0,0,0,1,0
9,-107,9.181,104,3905787,31,19,-3,62463,0,0,0,0,0,42,2955,-9508,10536,0,0,0,1,0
9,-107,9.245,105,3905843,31,19,-3,62463,0,0,0,0,0,42,2955,-9508,10536,0,0,0,1,0
9,-107,9.288,106,3905895,31,19,-3,62463,0,0,0,0,0,42,2955,-9508,10536,0,0,0,1,0
9,-107,9.345,107,3905951,31,19,-3,62463,0,0,0,0,0,42,2955,-9508,10536,0,0,0,1,0
9,-107,9.4,108,3906007,31,19,-3,62463,0,0,0,0,0,42,2955,-9508,10536,0,0,0,1,0
9,-107,9.456,109,3906063,31,19,-3,62463,0,0,0,0,0,42,2955,-9508,10536,0,0,0,1,0
9,-107,9.512,110,3906119,31,19,-3,62463,0,0,0,0,0,42,2955,-9508,10536,0,0,0,1,0
9,-107,9.569,111,3906175,31,19,-3,62463,0,0,0,0,0,42,2955,-9508,10536,0,0,0,1,0
9,-107,9.624,112,3906231,31,19,-3,62463,0,0,0,0,0,42,2955,-9508,10536,0,0,0,1,0
9,-107,9.68,113,3906287,31,19,-3,62463,0,0,0,0,0,42,2955,-9508,10536,0,0,0,1,0
9,-107,9.736,114,3906343,31,19,-3,62463,0,0,0,0,0,42,2955,-9508,10536,0,0,0,1,0
9,-107,9.792,115,3906399,31,19,-3,62463,0,0,0,0,0,42,2955,-9508,10536,0,0,0,1,0
9,-107,9.849,116,3906455,31,19,-3,62463,0,0,0,0,0,42,2955,-9508,10536,0,0,0,1,0
9,-107,9.904,117,3906511,31,19,-3,62463,0,0,0,0,0,42,2955,-9508,10536,0,0,0,1,0
9,-107,9.96,118,3906567,31,19,-3,62463,0,0,0,0,0,42,2955,-9508,10536,0,0,0,1,0
9,-107,10.019,119,3906623,31,19,-3,62463,0,0,0,0,0,42,2955,-9508,10536,0,0,0,1,0
9,-107,10.072,120,3906679,31,19,-3,62463,0,0,0,0,0,42,2955,-9508,10536,0,0,0,1,0
9,-107,10.184,122,3906791,31,19,-3,62463,0,0,0,0,0,42,2955,-9508,10536,0,0,0,1,0
9,-107,10.24,123,3906847,31,19,-3,62463,0,0,0,0,0,42,2955,-9508,10536,0,0,0,1,0
9,-107,10.304,124,3906903,31,19,-3,62463,0,0,0,0,0,42,2955,-9508,10536,0,0,0,1,0
9,-107,10.347,125,3906955,31,19,-3,62463,0,0,0,0,0,42,2955,-9508,10536,0,0,0,1,0
9,-107,10.404,126,3907011,31,19,-3,62463,0,0,0,0,0,42,2955,-9508,10536,0,0,0,1,0
9,-107,10.459,127,3907067,31,19,-3,62463,0,0,0,0,0,42,2955,-9508,10536,0,0,0,1,0
9,-107,10.515,0,3907123,31,19,-3,62463,0,0,0,0,0,42,2955,-9508,10536,0,0,0,1,0
9,-107,10.572,1,3907179,31,19,-3,62463,0,0,0,0,0,42,2955,-9508,10536,0,0,0,1,0
9,-107,10.627,2,3907235,31,19,-3,62463,0,0,0,0,0,42,2955,-9508,10536,0,0,0,1,0
9,-107,10.684,3,3907291,31,19,-3,62463,0,0,0,0,0,42,2955,-9508,10536,0,0,0,1,0
9,-107,10.739,4,3907347,31,19,-3,62463,0,0,0,0,0,42,2955,-9508,10536,0,0,0,1,0
9,-107,10.795,5,3907403,31,19,-3,62463,0,0,0,0,0,42,2955,-9508,10536,0,0,0,1,0
9,-107,10.909,7,3907515,31,19,-3,62463,0,0,0,0,0,42,2955,-9508,10536,0,0,0,1,0
9,-107,10.964,8,3907571,31,19,-3,62463,0,0,0,0,0,42,2955,-9508,10536,0,0,0,1,0
9,-107,11.02,9,3907627,31,19,-3,62463,0,0,0,0,0,42,2955,-9508,10536,0,0,0,1,0
9,-107,11.075,10,3907683,31,19,-3,62463,0,0,0,0,0,42,2955,-9508,10536,0,0,0,1,0
9,-107,11.132,11,3907739,31,19,-3,62463,0,0,0,0,0,42,2955,-9508,10536,0,0,0,1,0
9,-107,11.188,12,3907795,31,19,-3,62463,0,0,0,0,0,42,2955,-9508,10536,0,0,0,1,0
9,-107,11.243,13,3907851,31,19,-3,62463,0,0,0,0,0,42,2955,-9508,10536,0,0,0,1,0
9,-107,11.3,14,3907907,31,19,-3,62463,0,0,0,0,0,42,2955,-9508,10536,0,0,0,1,0
9,-107,11.364,15,3907963,31,19,-3,62463,0,0,0,0,0,42,2955,-9508,10536,0,0,0,1,0
9,-107,11.408,16,3908015,31,19,-3,62463,0,0,0,0,0,42,2955,-9508,10536,0,0,0,1,0
9,-107,11.463,17,3908071,31,19,-3,62463,0,0,0,0,0,42,2955,-9508,10536,0,0,0,1,0
9,-107,11.521,18,3908127,31,19,-3,62463,0,0,0,0,0,42,2955,-9508,10536,0,0,0,1,0
9,-107,11.575,19,3908183,31,19,-3,62463,0,0,0,0,0,42,2955,-9508,10536,0,0,0,1,0
9,-107,11.633,20,3908239,31,19,-3,62463,0,0,0,0,0,42,2955,-9508,10536,0,0,0,1,0
9,-107,11.688,21,3908295,31,19,-3,62463,0,0,0,0,0,42,2955,-9508,10536,0,0,0,1,0
9,-107,11.744,22,3908351,31,19,-3,62463,0,0,0,0,0,42,2955,-9508,10536,0,0,0,1,0
9,-107,11.8,23,3908407,31,19,-3,62463,0,0,0,0,0,42,2955,-9508,10536,0,0,0,1,0
9,-107,11.856,24,3908463,31,19,-3,62463,0,0,0,0,0,42,2955,-9508,10536,0,0,0,1,0
9,-107,11.913,25,3908519,31,19,-3,62463,0,0,0,0,0,42,2955,-9508,10536,0,0,0,1,0
9,-107,12.024,27,3908631,31,19,-3,62463,0,0,0,0,0,42,2955,-9508,10536,0,0,0,1,0
9,-107,12.08,28,3908687,31,19,-3,62463,0,0,0,0,0,42,2955,-9508,10536,0,0,0,1,0
9,-107,12.137,29,3908743,31,19,-3,62463,0,0,0,0,0,42,2955,-9508,10536,0,0,0,1,0
9,-107,12.191,30,3908799,31,19,-3,62463,0,0,0,0,0,42,2955,-9508,10536,0,0,0,1,0
9,-107,12.247,31,3908855,31,19,-3,62463,0,0,0,0,0,42,2955,-9508,10536,0,0,0,1,0
9,-107,12.304,32,3908911,31,19,-3,62463,0,0,0,0,0,42,2955,-9508,10536,0,0,0,1,0
9,-107,12.36,33,3908967,31,19,-3,62463,0,0,0,0,0,42,2955,-9508,10536,0,0,0,1,0
9,-107,12.424,34,3909023,31,19,-3,62463,0,0,0,0,0,42,2955,-9508,10536,0,0,0,1,0
9,-107,12.468,35,3909075,31,19,-3,62463,0,0,0,0,0,42,2955,-9508,10536,0,0,0,1,0
9,-107,12.523,36,3909131,31,19,-3,62463,0,0,0,0,0,42,2955,-9508,10536,0,0,0,1,0
9,-107,12.636,38,3909243,31,19,-3,62463,0,0,0,0,0,42,2955,-9508,10536,0,0,0,1,0
9,-107,12.748,40,3909355,31,19,-3,62463,0,0,0,0,0,42,2955,-9508,10536,0,0,0,1,0
9,-107,12.805,41,3909411,31,19,-3,62463,0,0,0,0,0,42,2955,-9508,10536,0,0,0,1,0
9,-107,12.86,42,3909467,31,19,-3,62463,0,0,0,0,0,42,2955,-9508,10536,0,0,0,1,0
9,-107,12.972,44,3909579,31,19,-3,62463,0,0,0,0,0,42,2955,-9508,10536,0,0,0,1,0
9,-107,13.027,45,3909635,31,19,-3,62463,0,0,0,0,0,42,2955,-9508,10536,0,0,0,1,0
9,-107,13.084,46,3909691,31,19,-3,62463,0,0,0,0,0,42,2955,-9508,10536,0,0,0,1,0
9,-107,13.14,47,3909747,31,19,-3,62463,0,0,0,0,0,42,2955,-9508,10536,0,0,0,1,0
9,-107,13.253,49,3909859,31,19,-3,62463,0,0,0,0,0,42,2955,-9508,10536,0,0,0,1,0
9,-107,13.363,51,3909971,31,19,-3,62463,0,0,0,0,0,42,2955,-9508,10536,0,0,0,1,0
9,-107,13.419,52,3910027,31,19,-3,62463,0,0,0,0,0,42,2955,-9508,10536,0,0,0,1,0
9,-107,13.483,53,3910083,31,19,-3,62463,0,0,0,0,0,42,2955,-9508,10536,0,0,0,1,0
9,-107,13.528,54,3910135,31,19,-3,62463,0,0,0,0,0,42,2955,-9508,10536,0,0,0,1,0
9,-107,13.583,55,3910191,31,19,-3,62463,0,0,0,0,0,42,2955,-9508,10536,0,0,0,1,0
9,-107,13.648,56,3910249,31,19,-3,62463,0,0,0,0,0,42,2955,-9508,10536,0,0,0,1,0
9,-107,13.695,57,3910303,31,19,-3,62463,0,0,0,0,0,42,2955,-9508,10536,0,0,0,1,0
9,-107,13.752,58,3910359,31,19,-3,62463,0,0,0,0,0,42,2955,-9508,10536,0,0,0,1,0
9,-107,13.807,59,3910415,31,19,-3,62463,0,0,0,0,0,42,2955,-9508,10536,0,0,0,1,0
9,-107,13.919,61,3910527,31,19,-3,62463,0,0,0,0,0,42,2955,-9508,10536,0,0,0,1,0
9,-107,13.975,62,3910583,31,19,-3,62463,0,0,0,0,0,42,2955,-9508,10536,0,0,0,1,0
9,-107,14.031,63,3910639,31,19,-3,62463,0,0,0,0,0,42,2955,-9508,10536,0,0,0,1,0
9,-107,14.088,64,3910695,31,19,-3,62463,0,0,0,0,0,42,2955,-9508,10536,0,0,0,1,0
9,-107,14.146,65,3910751,31,19,-3,62463,0,0,0,0,0,42,2955,-9508,10536,0,0,0,1,0
9,-107,14.2,66,3910807,31,19,-3,62463,0,0,0,0,0,42,2955,-9508,10536,0,0,0,1,0
9,-107,14.257,67,3910863,31,19,-3,62463,0,0,0,0,0,42,2955,-9508,10536,0,0,0,1,0
10,107,-0.014,34,3923305,31,19,-3,62463,0,0,0,0,0,42,2955,-9508,10536,0,0,0,1,0
10,107,0.029,35,3923355,31,19,-3,62463,0,0,0,0,0,42,2955,-9508,10536,0,0,0,1,0
10,107,0.1,36,3923417,31,19,-4,62460,0,0,0,8,5,42,2957,-9505,10538,-1000,1000,0,1,0
10,107,0.161,37,3923487,31,19,-4,62594,0,0,0,-28,23,42,2960,-9527,10561,-1200,1200,0,1,0
10,107,0.233,38,3923559,31,19,-4,62860,0,0,0,-47,67,42,2963,-9566,10611,-1500,1400,0,1,0
10,107,0.305,39,3923631,31,19,-4,63266,0,0,0,-73,91,42,2966,-9630,10683,-2000,2000,0,1,0
10,107,0.378,40,3923703,31,19,-4,63887,0,0,0,-105,111,42,2969,-9733,10788,-2400,2400,0,1,0
10,107,0.528,42,3923847,31,19,-5,65687,0,0,0,-178,163,42,2975,-10027,11097,-2900,2900,0,1,0
10,107,0.594,43,3923919,31,19,-5,66756,0,0,0,-178,178,42,2978,-10205,11277,-2800,2800,0,1,0
10,107,0.673,44,3923991,31,19,-5,67852,0,0,0,-178,178,42,2981,-10388,11461,-2800,2800,0,1,0
10,107,0.739,45,3924063,31,19,-5,68930,0,0,0,-178,169,42,2984,-10566,11644,-2700,2700,0,1,0
10,107,0.811,46,3924135,31,19,-5,69975,0,0,0,-178,155,42,2987,-10738,11822,-2700,2400,0,1,0
10,107,0.881,47,3924207,31,19,-5,70987,0,0,0,-169,169,42,2990,-10908,11991,-2600,2400,0,1,0
10,107,0.958,48,3924279,31,19,-5,71934,0,0,0,-164,137,42,2993,-11072,12144,-2500,2300,0,1,0
10,107,1.026,49,3924351,31,19,-5,72886,0,0,0,-161,155,42,2996,-11238,12297,-1300,1100,0,1,0
10,107,1.128,50,3924456,31,18,-5,73519,0,0,0,0,0,42,3002,-11350,12397,0,0,0,1,0
10,107,1.18,51,3924507,31,18,-5,73519,0,0,0,0,0,42,3004,-11350,12397,0,0,0,1,0
10,107,1.252,52,3924579,31,18,-5,73519,0,0,0,0,0,42,3007,-11350,12397,0,0,0,1,0
10,107,1.397,54,3924723,31,18,-5,73519,0,0,0,0,0,42,3013,-11350,12397,0,0,0,1,0
10,107,1.468,55,3924795,31,18,-5,73519,0,0,0,0,0,42,3016,-11350,12397,0,0,0,1,0
10,107,1.614,57,3924939,31,18,-5,73519,0,0,0,0,0,42,3022,-11350,12397,0,0,0,1,0
10,107,1.828,60,3925155,31,18,-5,73519,0,0,0,0,0,42,3031,-11350,12397,0,0,0,1,0
10,107,1.901,61,3925227,31,18,-5,73519,0,0,0,0,0,42,3034,-11350,12397,0,0,0,1,0
10,107,1.955,62,3925283,31,18,-5,73519,0,0,0,0,0,42,3035,-11350,12397,0,0,0,1,0
10,107,2.02,63,3925339,31,18,-5,73519,0,0,0,0,0,42,3035,-11350,12397,0,0,0,1,0
10,107,2.064,64,3925391,31,18,-5,73519,0,0,0,0,0,42,3035,-11350,12397,0,0,0,1,0
10,107,2.12,65,3925447,31,18,-5,73519,0,0,0,0,0,42,3035,-11350,12397,0,0,0,1,0
10,107,2.176,66,3925503,31,18,-5,73519,0,0,0,0,0,42,3035,-11350,12397,0,0,0,1,0
10,107,2.232,67,3925559,31,18,-5,73519,0,0,0,0,0,42,3035,-11350,12397,0,0,0,1,0
10,107,2.289,68,3925615,31,18,-5,73519,0,0,0,0,0,42,3035,-11350,12397,0,0,0,1,0
10,107,2.344,69,3925671,31,18,-5,73519,0,0,0,0,0,42,3035,-11350,12397,0,0,0,1,0
10,107,2.456,71,3925783,31,18,-5,73519,0,0,0,0,0,42,3035,-11350,12397,0,0,0,1,0
10,107,2.512,72,3925839,31,18,-5,73519,0,0,0,0,0,42,3035,-11350,12397,0,0,0,1,0
10,107,2.568,73,3925895,31,18,-5,73519,0,0,0,0,0,42,3035,-11350,12397,0,0,0,1,0
10,107,2.624,74,3925951,31,18,-5,73519,0,0,0,0,0,42,3035,-11350,12397,0,0,0,1,0
10,107,2.68,75,3926007,31,18,-5,73519,0,0,0,0,0,42,3035,-11350,12397,0,0,0,1,0
10,107,2.737,76,3926063,31,18,-5,73519,0,0,0,0,0,42,3035,-11350,12397,0,0,0,1,0
10,107,2.793,77,3926119,31,18,-5,73519,0,0,0,0,0,42,3035,-11350,12397,0,0,0,1,0
10,107,2.849,78,3926175,31,18,-5,73519,0,0,0,0,0,42,3035,-11350,12397,0,0,0,1,0
10,107,2.905,79,3926231,31,18,-5,73519,0,0,0,0,0,42,3035,-11350,12397,0,0,0,1,0
10,107,2.96,80,3926287,31,18,-5,73519,0,0,0,0,0,42,3035,-11350,12397,0,0,0,1,0
10,107,3.081,82,3926399,31,18,-5,73519,0,0,0,0,0,42,3035,-11350,12397,0,0,0,1,0
10,107,3.124,83,3926451,31,18,-5,73519,0,0,0,0,0,42,3035,-11350,12397,0,0,0,1,0
10,107,3.179,84,3926507,31,18,-5,73519,0,0,0,0,0,42,3035,-11350,12397,0,0,0,1,0
10,107,3.236,85,3926563,31,18,-5,73519,0,0,0,0,0,42,3035,-11350,12397,0,0,0,1,0
10,107,3.293,86,3926619,31,18,-5,73519,0,0,0,0,0,42,3035,-11350,12397,0,0,0,1,0
10,107,3.349,87,3926675,31,18,-5,73519,0,0,0,0,0,42,3035,-11350,12397,0,0,0,1,0
10,107,3.405,88,3926731,31,18,-5,73519,0,0,0,0,0,42,3035,-11350,12397,0,0,0,1,0
10,107,3.461,89,3926787,31,18,-5,73519,0,0,0,0,0,42,3035,-11350,12397,0,0,0,1,0
10,107,3.516,90,3926843,31,18,-5,73519,0,0,0,0,0,42,3035,-11350,12397,0,0,0,1,0
10,107,3.572,91,3926899,31,18,-5,73519,0,0,0,0,0,42,3035,-11350,12397,0,0,0,1,0
10,107,3.685,93,3927011,31,18,-5,73519,0,0,0,0,0,42,3035,-11350,12397,0,0,0,1,0
10,107,3.74,94,3927067,31,18,-5,73519,0,0,0,0,0,42,3035,-11350,12397,0,0,0,1,0
10,107,3.797,95,3927123,31,18,-5,73519,0,0,0,0,0,42,3035,-11350,12397,0,0,0,1,0
10,107,3.852,96,3927179,31,18,-5,73519,0,0,0,0,0,42,3035,-11350,12397,0,0,0,1,0
10,107,3.908,97,3927235,31,18,-5,73519,0,0,0,0,0,42,3035,-11350,12397,0,0,0,1,0
10,107,3.965,98,3927291,31,18,-5,73519,0,0,0,0,0,42,3035,-11350,12397,0,0,0,1,0
10,107,4.02,99,3927347,31,18,-5,73519,0,0,0,0,0,42,3035,-11350,12397,0,0,0,1,0
10,107,4.076,100,3927403,31,18,-5,73519,0,0,0,0,0,42,3035,-11350,12397,0,0,0,1,0
10,107,4.14,101,3927459,31,18,-5,73519,0,0,0,0,0,42,3035,-11350,12397,0,0,0,1,0
10,107,4.185,102,3927511,31,18,-5,73519,0,0,0,0,0,42,3035,-11350,12397,0,0,0,1,0
10,107,4.24,103,3927567,31,18,-5,73519,0,0,0,0,0,42,3035,-11350,12397,0,0,0,1,0
10,107,4.296,104,3927623,31,18,-5,73519,0,0,0,0,0,42,3035,-11350,12397,0,0,0,1,0
10,107,4.352,105,3927679,31,18,-5,73519,0,0,0,0,0,42,3035,-11350,12397,0,0,0,1,0
10,107,4.408,106,3927735,31,18,-5,73519,0,0,0,0,0,42,3035,-11350,12397,0,0,0,1,0
10,107,4.464,107,3927791,31,18,-5,73519,0,0,0,0,0,42,3035,-11350,12397,0,0,0,1,0
10,107,4.52,108,3927847,31,18,-5,73519,0,0,0,0,0,42,3035,-11350,12397,0,0,0,1,0
10,107,4.576,109,3927903,31,18,-5,73519,0,0,0,0,0,42,3035,-11350,12397,0,0,0,1,0
10,107,4.631,110,3927959,31,18,-5,73519,0,0,0,0,0,42,3035,-11350,12397,0,0,0,1,0
10,107,4.689,111,3928015,31,18,-5,73519,0,0,0,0,0,42,3035,-11350,12397,0,0,0,1,0
10,107,4.744,112,3928071,31,18,-5,73519,0,0,0,0,0,42,3035,-11350,12397,0,0,0,1,0
10,107,4.8,113,3928127,31,18,-5,73519,0,0,0,0,0,42,3035,-11350,12397,0,0,0,1,0
10,107,4.915,115,3928239,31,18,-5,73519,0,0,0,0,0,42,3035,-11350,12397,0,0,0,1,0
10,107,4.968,116,3928295,31,18,-5,73519,0,0,0,0,0,42,3035,-11350,12397,0,0,0,1,0
10,107,5.025,117,3928351,31,18,-5,73519,0,0,0,0,0,42,3035,-11350,12397,0,0,0,1,0
10,107,5.081,118,3928407,31,18,-5,73519,0,0,0,0,0,42,3035,-11350,12397,0,0,0,1,0
10,107,5.136,119,3928463,31,18,-5,73519,0,0,0,0,0,42,3035,-11350,12397,0,0,0,1,0
10,107,5.2,120,3928519,31,18,-5,73519,0,0,0,0,0,42,3035,-11350,12397,0,0,0,1,0
10,107,5.244,121,3928571,31,18,-5,73519,0,0,0,0,0,42,3035,-11350,12397,0,0,0,1,0
10,107,5.299,122,3928627,31,18,-5,73519,0,0,0,0,0,42,3035,-11350,12397,0,0,0,1,0
10,107,5.356,123,3928683,31,18,-5,73519,0,0,0,0,0,42,3035,-11350,12397,0,0,0,1,0
10,107,5.412,124,3928739,31,18,-5,73519,0,0,0,0,0,42,3035,-11350,12397,0,0,0,1,0
10,107,5.469,125,3928795,31,18,-5,73519,0,0,0,0,0,42,3035,-11350,12397,0,0,0,1,0
10,107,5.58,127,3928907,31,18,-5,73519,0,0,0,0,0,42,3035,-11350,12397,0,0,0,1,0
10,107,5.636,0,3928963,31,18,-5,73519,0,0,0,0,0,42,3035,-11350,12397,0,0,0,1,0
10,107,5.692,1,3929019,31,18,-5,73519,0,0,0,0,0,42,3035,-11350,12397,0,0,0,1,0
10,107,5.748,2,3929075,31,18,-5,73519,0,0,0,0,0,42,3035,-11350,12397,0,0,0,1,0
10,107,5.86,4,3929187,31,18,-5,73519,0,0,0,0,0,42,3035,-11350,12397,0,0,0,1,0
10,107,5.916,5,3929243,31,18,-5,73519,0,0,0,0,0,42,3035,-11350,12397,0,0,0,1,0
10,107,5.971,6,3929299,31,18,-5,73519,0,0,0,0,0,42,3035,-11350,12397,0,0,0,1,0
10,107,6.084,8,3929411,31,18,-5,73519,0,0,0,0,0,42,3035,-11350,12397,0,0,0,1,0
10,107,6.141,9,3929467,31,18,-5,73519,0,0,0,0,0,42,3035,-11350,12397,0,0,0,1,0
10,107,6.195,10,3929523,31,18,-5,73519,0,0,0,0,0,42,3035,-11350,12397,0,0,0,1,0
10,107,6.304,12,3929631,31,18,-5,73519,0,0,0,0,0,42,3035,-11350,12397,0,0,0,1,0
10,107,6.359,13,3929687,31,18,-5,73519,0,0,0,0,0,42,3035,-11350,12397,0,0,0,1,0
10,107,6.417,14,3929743,31,18,-5,73519,0,0,0,0,0,42,3035,-11350,12397,0,0,0,1,0
10,107,6.472,15,3929799,31,18,-5,73519,0,0,0,0,0,42,3035,-11350,12397,0,0,0,1,0
10,107,6.527,16,3929855,31,18,-5,73519,0,0,0,0,0,42,3035,-11350,12397,0,0,0,1,0
10,107,6.585,17,3929911,31,18,-5,73519,0,0,0,0,0,42,3035,-11350,12397,0,0,0,1,0
10,107,6.64,18,3929967,31,18,-5,73519,0,0,0,0,0,42,3035,-11350,12397,0,0,0,1,0
10,107,6.695,19,3930023,31,18,-5,73519,0,0,0,0,0,42,3035,-11350,12397,0,0,0,1,0
10,107,6.807,21,3930135,31,18,-5,73519,0,0,0,0,0,42,3035,-11350,12397,0,0,0,1,0
10,107,6.919,23,3930248,31,18,-5,73519,0,0,0,0,0,42,3035,-11350,12397,0,0,0,1,0
10,107,6.975,24,3930303,31,18,-5,73519,0,0,0,0,0,42,3035,-11350,12397,0,0,0,1,0
10,107,7.032,25,3930359,31,18,-5,73519,0,0,0,0,0,42,3035,-11350,12397,0,0,0,1,0
10,107,7.087,26,3930415,31,18,-5,73519,0,0,0,0,0,42,3035,-11350,12397,0,0,0,1,0
10,107,7.143,27,3930471,31,18,-5,73519,0,0,0,0,0,42,3035,-11350,12397,0,0,0,1,0
10,107,7.199,28,3930527,31,18,-5,73519,0,0,0,0,0,42,3035,-11350,12397,0,0,0,1,0
10,107,7.255,29,3930583,31,18,-5,73519,0,0,0,0,0,42,3035,-11350,12397,0,0,0,1,0
10,107,7.364,31,3930691,31,18,-5,73519,0,0,0,0,0,42,3035,-11350,12397,0,0,0,1,0
10,107,7.475,33,3930803,31,18,-5,73519,0,0,0,0,0,42,3035,-11350,12397,0,0,0,1,0
10,107,7.531,34,3930859,31,18,-5,73519,0,0,0,0,0,42,3035,-11350,12397,0,0,0,1,0
10,107,7.587,35,3930915,31,18,-5,73519,0,0,0,0,0,42,3035,-11350,12397,0,0,0,1,0
10,107,7.644,36,3930971,31,18,-5,73519,0,0,0,0,0,42,3035,-11350,12397,0,0,0,1,0
10,107,7.699,37,3931027,31,18,-5,73519,0,0,0,0,0,42,3035,-11350,12397,0,0,0,1,0
10,107,7.757,38,3931083,31,18,-5,73519,0,0,0,0,0,42,3035,-11350,12397,0,0,0,1,0
10,107,7.812,39,3931139,31,18,-5,73519,0,0,0,0,0,42,3035,-11350,12397,0,0,0,1,0
10,107,7.867,40,3931195,31,18,-5,73519,0,0,0,0,0,42,3035,-11350,12397,0,0,0,1,0
10,107,8.036,43,3931363,31,18,-5,73519,0,0,0,0,0,42,3035,-11350,12397,0,0,0,1,0
10,107,8.092,44,3931419,31,18,-5,73519,0,0,0,0,0,42,3035,-11350,12397,0,0,0,1,0
10,107,8.147,45,3931475,31,18,-5,73519,0,0,0,0,0,42,3035,-11350,12397,0,0,0,1,0
10,107,8.259,47,3931587,31,18,-5,73519,0,0,0,0,0,42,3035,-11350,12397,0,0,0,1,0
10,107,8.315,48,3931643,31,18,-5,73519,0,0,0,0,0,42,3035,-11350,12397,0,0,0,1,0
10,107,8.379,49,3931699,31,18,-5,73519,0,0,0,0,0,42,3035,-11350,12397,0,0,0,1,0
10,107,8.425,50,3931751,31,18,-5,73519,0,0,0,0,0,42,3035,-11350,12397,0,0,0,1,0
10,107,8.479,51,3931807,31,18,-5,73519,0,0,0,0,0,42,3035,-11350,12397,0,0,0,1,0
10,107,8.536,52,3931863,31,18,-5,73519,0,0,0,0,0,42,3035,-11350,12397,0,0,0,1,0
10,107,8.593,53,3931919,31,18,-5,73519,0,0,0,0,0,42,3035,-11350,12397,0,0,0,1,0
10,107,8.65,54,3931975,31,18,-5,73519,0,0,0,0,0,42,3035,-11350,12397,0,0,0,1,0
10,107,8.703,55,3932031,31,18,-5,73519,0,0,0,0,0,42,3035,-11350,12397,0,0,0,1,0
10,107,8.759,56,3932087,31,18,-5,73519,0,0,0,0,0,42,3035,-11350,12397,0,0,0,1,0
10,107,8.817,57,3932143,31,18,-5,73519,0,0,0,0,0,42,3035,-11350,12397,0,0,0,1,0
10,107,8.872,58,3932199,31,18,-5,73519,0,0,0,0,0,42,3035,-11350,12397,0,0,0,1,0
10,107,8.983,60,3932311,31,18,-5,73519,0,0,0,0,0,42,3035,-11350,12397,0,0,0,1,0
10,107,9.039,61,3932367,31,18,-5,73519,0,0,0,0,0,42,3035,-11350,12397,0,0,0,1,0
10,107,9.097,62,3932423,31,18,-5,73519,0,0,0,0,0,42,3035,-11350,12397,0,0,0,1,0
10,107,9.152,63,3932479,31,18,-5,73519,0,0,0,0,0,42,3035,-11350,12397,0,0,0,1,0
10,107,9.208,64,3932535,31,18,-5,73519,0,0,0,0,0,42,3035,-11350,12397,0,0,0,1,0
10,107,9.267,65,3932591,31,18,-5,73519,0,0,0,0,0,42,3035,-11350,12397,0,0,0,1,0
10,107,9.324,66,3932647,31,18,-5,73519,0,0,0,0,0,42,3035,-11350,12397,0,0,0,1,0
10,107,9.378,67,3932703,31,18,-5,73519,0,0,0,0,0,42,3035,-11350,12397,0,0,0,1,0
10,107,9.44,68,3932759,31,18,-5,73519,0,0,0,0,0,42,3035,-11350,12397,0,0,0,1,0
10,107,9.484,69,3932811,31,18,-5,73519,0,0,0,0,0,42,3035,-11350,12397,0,0,0,1,0
10,107,9.541,70,3932867,31,18,-5,73519,0,0,0,0,0,42,3035,-11350,12397,0,0,0,1,0
10,107,9.595,71,3932923,31,18,-5,73519,0,0,0,0,0,42,3035,-11350,12397,0,0,0,1,0
10,107,9.652,72,3932979,31,18,-5,73519,0,0,0,0,0,42,3035,-11350,12397,0,0,0,1,0
10,107,9.707,73,3933035,31,18,-5,73519,0,0,0,0,0,42,3035,-11350,12397,0,0,0,1,0
10,107,9.764,74,3933091,31,18,-5,73519,0,0,0,0,0,42,3035,-11350,12397,0,0,0,1,0
10,107,9.819,75,3933147,31,18,-5,73519,0,0,0,0,0,42,3035,-11350,12397,0,0,0,1,0
10,107,9.931,77,3933259,31,18,-5,73519,0,0,0,0,0,42,3035,-11350,12397,0,0,0,1,0
10,107,9.987,78,3933315,31,18,-5,73519,0,0,0,0,0,42,3035,-11350,12397,0,0,0,1,0
10,107,10.044,79,3933371,31,18,-5,73519,0,0,0,0,0,42,3035,-11350,12397,0,0,0,1,0
10,107,10.1,80,3933427,31,18,-5,73519,0,0,0,0,0,42,3035,-11350,12397,0,0,0,1,0
10,107,10.155,81,3933483,31,18,-5,73519,0,0,0,0,0,42,3035,-11350,12397,0,0,0,1,0
10,107,10.211,82,3933539,31,18,-5,73519,0,0,0,0,0,42,3035,-11350,12397,0,0,0,1,0
10,107,10.268,83,3933595,31,18,-5,73519,0,0,0,0,0,42,3035,-11350,12397,0,0,0,1,0
10,107,10.325,84,3933651,31,18,-5,73519,0,0,0,0,0,42,3035,-11350,12397,0,0,0,1,0
10,107,10.379,85,3933707,31,18,-5,73519,0,0,0,0,0,42,3035,-11350,12397,0,0,0,1,0
10,107,10.436,86,3933763,31,18,-5,73519,0,0,0,0,0,42,3035,-11350,12397,0,0,0,1,0
10,107,10.501,87,3933819,31,18,-5,73519,0,0,0,0,0,42,3035,-11350,12397,0,0,0,1,0
10,107,10.545,88,3933871,31,18,-5,73519,0,0,0,0,0,42,3035,-11350,12397,0,0,0,1,0
10,107,10.599,89,3933927,31,18,-5,73519,0,0,0,0,0,42,3035,-11350,12397,0,0,0,1,0
10,107,10.66,90,3933983,31,18,-5,73519,0,0,0,0,0,42,3035,-11350,12397,0,0,0,1,0
10,107,10.711,91,3934039,31,18,-5,73519,0,0,0,0,0,42,3035,-11350,12397,0,0,0,1,0
10,107,10.823,93,3934151,31,18,-5,73519,0,0,0,0,0,42,3035,-11350,12397,0,0,0,1,0
10,107,10.991,96,3934319,31,18,-5,73519,0,0,0,0,0,42,3035,-11350,12397,0,0,0,1,0
10,107,11.16,99,3934487,31,18,-5,73519,0,0,0,0,0,42,3035,-11350,12397,0,0,0,1,0
10,107,11.217,100,3934543,31,18,-5,73519,0,0,0,0,0,42,3035,-11350,12397,0,0,0,1,0
10,107,11.272,101,3934599,31,18,-5,73519,0,0,0,0,0,42,3035,-11350,12397,0,0,0,1,0
10,107,11.329,102,3934655,31,18,-5,73519,0,0,0,0,0,42,3035,-11350,12397,0,0,0,1,0
10,107,11.383,103,3934711,31,18,-5,73519,0,0,0,0,0,42,3035,-11350,12397,0,0,0,1,0
10,107,11.439,104,3934767,31,18,-5,73519,0,0,0,0,0,42,3035,-11350,12397,0,0,0,1,0
10,107,11.499,105,3934823,31,18,-5,73519,0,0,0,0,0,42,3035,-11350,12397,0,0,0,1,0
10,107,11.559,106,3934879,31,18,-5,73519,0,0,0,0,0,42,3035,-11350,12397,0,0,0,1,0
10,107,11.603,107,3934931,31,18,-5,73519,0,0,0,0,0,42,3035,-11350,12397,0,0,0,1,0
10,107,11.663,108,3934987,31,18,-5,73519,0,0,0,0,0,42,3035,-11350,12397,0,0,0,1,0
10,107,11.728,109,3935043,31,18,-5,73519,0,0,0,0,0,42,3035,-11350,12397,0,0,0,1,0
10,107,11.771,110,3935099,31,18,-5,73519,0,0,0,0,0,42,3035,-11350,12397,0,0,0,1,0
10,107,11.833,111,3935155,31,18,-5,73519,0,0,0,0,0,42,3035,-11350,12397,0,0,0,1,0
10,107,11.886,112,3935211,31,18,-5,73519,0,0,0,0,0,42,3035,-11350,12397,0,0,0,1,0
10,107,11.939,113,3935267,31,18,-5,73519,0,0,0,0,0,42,3035,-11350,12397,0,0,0,1,0
10,107,11.995,114,3935323,31,18,-5,73519,0,0,0,0,0,42,3035,-11350,12397,0,0,0,1,0
10,107,12.051,115,3935379,31,18,-5,73519,0,0,0,0,0,42,3035,-11350,12397,0,0,0,1,0
10,107,12.108,116,3935435,31,18,-5,73519,0,0,0,0,0,42,3035,-11350,12397,0,0,0,1,0
10,107,12.163,117,3935491,31,18,-5,73519,0,0,0,0,0,42,3035,-11350,12397,0,0,0,1,0
10,107,12.22,118,3935547,31,18,-5,73519,0,0,0,0,0,42,3035,-11350,12397,0,0,0,1,0
10,107,12.276,119,3935603,31,18,-5,73519,0,0,0,0,0,42,3035,-11350,12397,0,0,0,1,0
10,107,12.387,121,3935715,31,18,-5,73519,0,0,0,0,0,42,3035,-11350,12397,0,0,0,1,0
10,107,12.444,122,3935771,31,18,-5,73519,0,0,0,0,0,42,3035,-11350,12397,0,0,0,1,0
10,107,12.5,123,3935827,31,18,-5,73519,0,0,0,0,0,42,3035,-11350,12397,0,0,0,1,0
10,107,12.556,124,3935883,31,18,-5,73519,0,0,0,0,0,42,3035,-11350,12397,0,0,0,1,0
10,107,12.62,125,3935939,31,18,-5,73519,0,0,0,0,0,42,3035,-11350,12397,0,0,0,1,0
10,107,12.664,126,3935991,31,18,-5,73519,0,0,0,0,0,42,3035,-11350,12397,0,0,0,1,0
10,107,12.719,127,3936047,31,18,-5,73519,0,0,0,0,0,42,3035,-11350,12397,0,0,0,1,0
10,107,12.775,0,3936103,31,18,-5,73519,0,0,0,0,0,42,3035,-11350,12397,0,0,0,1,0
10,107,12.833,1,3936159,31,18,-5,73519,0,0,0,0,0,42,3035,-11350,12397,0,0,0,1,0
10,107,12.887,2,3936215,31,18,-5,73519,0,0,0,0,0,42,3035,-11350,12397,0,0,0,1,0
10,107,12.943,3,3936271,31,18,-5,73519,0,0,0,0,0,42,3035,-11350,12397,0,0,0,1,0
10,107,13.0,4,3936327,31,18,-5,73519,0,0,0,0,0,42,3035,-11350,12397,0,0,0,1,0
10,107,13.055,5,3936383,31,18,-5,73519,0,0,0,0,0,42,3035,-11350,12397,0,0,0,1,0
10,107,13.111,6,3936439,31,18,-5,73519,0,0,0,0,0,42,3035,-11350,12397,0,0,0,1,0
10,107,13.17,7,3936495,31,18,-5,73519,0,0,0,0,0,42,3035,-11350,12397,0,0,0,1,0
10,107,13.225,8,3936551,31,18,-5,73519,0,0,0,0,0,42,3035,-11350,12397,0,0,0,1,0
10,107,13.279,9,3936607,31,18,-5,73519,0,0,0,0,0,42,3035,-11350,12397,0,0,0,1,0
10,107,13.335,10,3936663,31,18,-5,73519,0,0,0,0,0,42,3035,-11350,12397,0,0,0,1,0
10,107,13.391,11,3936719,31,18,-5,73519,0,0,0,0,0,42,3035,-11350,12397,0,0,0,1,0
10,107,13.447,12,3936775,31,18,-5,73519,0,0,0,0,0,42,3035,-11350,12397,0,0,0,1,0
10,107,13.56,14,3936887,31,18,-5,73519,0,0,0,0,0,42,3035,-11350,12397,0,0,0,1,0
10,107,13.616,15,3936943,31,18,-5,73519,0,0,0,0,0,42,3035,-11350,12397,0,0,0,1,0
10,107,13.679,16,3936999,31,18,-5,73519,0,0,0,0,0,42,3035,-11350,12397,0,0,0,1,0
10,107,13.725,17,3937051,31,18,-5,73519,0,0,0,0,0,42,3035,-11350,12397,0,0,0,1,0
10,107,13.78,18,3937107,31,18,-5,73519,0,0,0,0,0,42,3035,-11350,12397,0,0,0,1,0
10,107,13.835,19,3937163,31,18,-5,73519,0,0,0,0,0,42,3035,-11350,12397,0,0,0,1,0
10,107,13.892,20,3937219,31,18,-5,73519,0,0,0,0,0,42,3035,-11350,12397,0,0,0,1,0
10,107,14.008,22,3937331,31,18,-5,73519,0,0,0,0,0,42,3035,-11350,12397,0,0,0,1,0
10,107,14.061,23,3937387,31,18,-5,73519,0,0,0,0,0,42,3035,-11350,12397,0,0,0,1,0
10,107,14.116,24,3937443,31,18,-5,73519,0,0,0,0,0,42,3035,-11350,12397,0,0,0,1,0
10,107,14.171,25,3937499,31,18,-5,73519,0,0,0,0,0,42,3035,-11350,12397,0,0,0,1,0
10,107,14.229,26,3937555,31,18,-5,73519,0,0,0,0,0,42,3035,-11350,12397,0,0,0,1,0
10,107,14.283,27,3937611,31,18,-5,73519,0,0,0,0,0,42,3035,-11350,12397,0,0,0,1,0
10,107,14.34,28,3937667,31,18,-5,73519,0,0,0,0,0,42,3035,-11350,12397,0,0,0,1,0
10,107,14.395,29,3937723,31,18,-5,73519,0,0,0,0,0,42,3035,-11350,12397,0,0,0,1,0
10,107,14.451,30,3937779,31,18,-5,73519,0,0,0,0,0,42,3035,-11350,12397,0,0,0,1,0
10,107,14.507,31,3937835,31,18,-5,73519,0,0,0,0,0,42,3035,-11350,12397,0,0,0,1,0
10,107,14.563,32,3937891,31,18,-5,73519,0,0,0,0,0,42,3035,-11350,12397,0,0,0,1,0
10,107,14.619,33,3937947,31,18,-5,73519,0,0,0,0,0,42,3035,-11350,12397,0,0,0,1,0
11,-180,-0.043,40,3952619,31,18,-5,73519,0,0,0,0,0,42,3035,-11350,12397,0,0,0,1,0
11,-180,0.013,41,3952675,31,18,-5,73519,0,0,0,0,0,42,3035,-11350,12397,0,0,0,1,0
11,-180,0.066,42,3952727,31,18,-5,73519,0,0,0,0,0,42,3036,-11350,12397,800,-800,0,1,0
11,-180,0.139,43,3952799,31,18,-5,73426,0,0,0,23,-9,43,3039,-11333,12383,1100,-1100,0,1,0
11,-180,0.21,44,3952871,31,18,-5,73226,0,0,0,41,-41,43,3042,-11305,12344,1400,-1300,0,1,0
11,-180,0.291,45,3952943,31,18,-5,72919,0,0,0,64,-58,43,3045,-11255,12291,1900,-1800,0,1,0
11,-180,0.414,47,3953065,31,18,-5,71984,0,0,0,111,-96,43,3050,-11100,12133,2500,-2600,0,1,0
11,-180,0.475,48,3953135,31,17,-5,71136,0,0,0,138,-155,43,3053,-10961,11988,2900,-2900,0,1,0
11,-180,0.548,49,3953207,31,17,-5,70151,0,0,0,161,-169,43,3056,-10800,11819,2900,-2900,0,1,0
11,-180,0.619,50,3953279,31,17,-5,69088,0,0,0,169,-181,43,3059,-10625,11638,2900,-2800,0,1,0
11,-180,0.691,51,3953351,31,17,-5,68019,0,0,0,169,-161,43,3062,-10444,11461,2800,-2900,0,1,0
11,-180,0.764,52,3953423,31,17,-5,66950,0,0,0,160,-184,43,3065,-10272,11275,2800,-2800,0,1,0
11,-180,0.834,53,3953495,31,17,-5,65929,0,0,0,163,-161,43,3068,-10105,11100,2700,-2700,0,1,0
11,-180,0.907,54,3953567,31,17,-5,64884,0,0,0,163,-169,43,3071,-9930,10925,2700,-2700,0,1,0
11,-180,0.978,55,3953639,31,17,-4,63857,0,0,0,161,-169,43,3074,-9761,10750,2600,-2600,0,1,0
11,-180,1.051,56,3953711,31,17,-4,62824,0,0,0,181,-172,43,3077,-9588,10577,2700,-2500,0,1,0
11,-180,1.195,58,3953855,31,16,-5,60892,0,0,0,163,-155,43,3083,-9255,10263,2500,-2400,0,1,0
11,-180,1.266,59,3953927,31,16,-6,59999,0,0,0,146,-129,43,3086,-9097,10122,2500,-2300,0,1,0
11,-180,1.34,60,3953999,31,16,-6,59095,0,0,0,146,-146,43,3089,-8944,9972,2500,-2300,0,1,0
11,-180,1.411,61,3954071,31,16,-6,58190,0,0,0,146,-146,43,3092,-8788,9825,2400,-2300,0,1,0
11,-180,1.483,62,3954143,31,16,-6,57327,0,0,0,146,-137,43,3095,-8644,9680,2400,-2400,0,1,0
11,-180,1.554,63,3954215,31,16,-6,56440,0,0,0,137,-137,43,3098,-8494,9533,2400,-2400,0,1,0
11,-180,1.727,65,3954388,31,16,-6,55097,0,0,0,0,0,43,3107,-8277,9300,0,0,0,1,0
11,-180,1.778,66,3954439,31,16,-6,55097,0,0,0,0,0,43,3109,-8277,9300,0,0,0,1,0
11,-180,1.849,67,3954511,31,16,-6,55097,0,0,0,0,0,43,3112,-8277,9300,0,0,0,1,0
11,-180,1.922,68,3954583,31,16,-6,55097,0,0,0,0,0,43,3115,-8277,9300,0,0,0,1,0
11,-180,2.065,70,3954727,31,16,-6,55097,0,0,0,0,0,43,3121,-8277,9300,0,0,0,1,0
11,-180,2.137,71,3954799,31,16,-6,55097,0,0,0,0,0,43,3124,-8277,9300,0,0,0,1,0
11,-180,2.209,72,3954871,31,16,-6,55097,0,0,0,0,0,43,3127,-8277,9300,0,0,0,1,0
11,-180,2.269,73,3954927,31,16,-6,55097,0,0,0,0,0,43,3128,-8277,9300,0,0,0,1,0
11,-180,2.322,74,3954983,31,16,-6,55097,0,0,0,0,0,43,3128,-8277,9300,0,0,0,1,0
11,-180,2.378,75,3955039,31,16,-6,55097,0,0,0,0,0,43,3128,-8277,9300,0,0,0,1,0
11,-180,2.434,76,3955095,31,16,-6,55097,0,0,0,0,0,43,3128,-8277,9300,0,0,0,1,0
11,-180,2.491,77,3955151,31,16,-6,55097,0,0,0,0,0,43,3128,-8277,9300,0,0,0,1,0
11,-180,2.546,78,3955207,31,16,-6,55097,0,0,0,0,0,43,3128,-8277,9300,0,0,0,1,0
11,-180,2.601,79,3955263,31,16,-6,55097,0,0,0,0,0,43,3128,-8277,9300,0,0,0,1,0
11,-180,2.717,81,3955375,31,16,-6,55097,0,0,0,0,0,43,3128,-8277,9300,0,0,0,1,0
11,-180,2.77,82,3955431,31,16,-6,55097,0,0,0,0,0,43,3128,-8277,9300,0,0,0,1,0
11,-180,2.835,83,3955487,31,16,-6,55097,0,0,0,0,0,43,3128,-8277,9300,0,0,0,1,0
11,-180,2.878,84,3955539,31,16,-6,55097,0,0,0,0,0,43,3128,-8277,9300,0,0,0,1,0
11,-180,2.933,85,3955595,31,16,-6,55097,0,0,0,0,0,43,3128,-8277,9300,0,0,0,1,0
11,-180,2.99,86,3955651,31,16,-6,55097,0,0,0,0,0,43,3128,-8277,9300,0,0,0,1,0
11,-180,3.046,87,3955707,31,16,-6,55097,0,0,0,0,0,43,3128,-8277,9300,0,0,0,1,0
11,-180,3.102,88,3955763,31,16,-6,55097,0,0,0,0,0,43,3128,-8277,9300,0,0,0,1,0
11,-180,3.158,89,3955819,31,16,-6,55097,0,0,0,0,0,43,3128,-8277,9300,0,0,0,1,0
11,-180,3.213,90,3955875,31,16,-6,55097,0,0,0,0,0,43,3128,-8277,9300,0,0,0,1,0
11,-180,3.27,91,3955931,31,16,-6,55097,0,0,0,0,0,43,3128,-8277,9300,0,0,0,1,0
11,-180,3.381,93,3956043,31,16,-6,55097,0,0,0,0,0,43,3128,-8277,9300,0,0,0,1,0
11,-180,3.444,94,3956099,31,16,-6,55097,0,0,0,0,0,43,3128,-8277,9300,0,0,0,1,0
11,-180,3.496,95,3956155,31,16,-6,55097,0,0,0,0,0,43,3128,-8277,9300,0,0,0,1,0
11,-180,3.55,96,3956211,31,16,-6,55097,0,0,0,0,0,43,3128,-8277,9300,0,0,0,1,0
11,-180,3.609,97,3956267,31,16,-6,55097,0,0,0,0,0,43,3128,-8277,9300,0,0,0,1,0
11,-180,3.664,98,3956323,31,16,-6,55097,0,0,0,0,0,43,3128,-8277,9300,0,0,0,1,0
11,-180,3.718,99,3956379,31,16,-6,55097,0,0,0,0,0,43,3128,-8277,9300,0,0,0,1,0
11,-180,3.773,100,3956435,31,16,-6,55097,0,0,0,0,0,43,3128,-8277,9300,0,0,0,1,0
11,-180,3.836,101,3956491,31,16,-6,55097,0,0,0,0,0,43,3128,-8277,9300,0,0,0,1,0
11,-180,3.998,104,3956655,31,16,-6,55097,0,0,0,0,0,43,3128,-8277,9300,0,0,0,1,0
11,-180,4.049,105,3956711,31,16,-6,55097,0,0,0,0,0,43,3128,-8277,9300,0,0,0,1,0
11,-180,4.105,106,3956767,31,16,-6,55097,0,0,0,0,0,43,3128,-8277,9300,0,0,0,1,0
11,-180,4.161,107,3956823,31,16,-6,55097,0,0,0,0,0,43,3128,-8277,9300,0,0,0,1,0
11,-180,4.218,108,3956879,31,16,-6,55097,0,0,0,0,0,43,3128,-8277,9300,0,0,0,1,0
11,-180,4.276,109,3956935,31,16,-6,55097,0,0,0,0,0,43,3128,-8277,9300,0,0,0,1,0
11,-180,4.33,110,3956991,31,16,-6,55097,0,0,0,0,0,43,3128,-8277,9300,0,0,0,1,0
11,-180,4.387,111,3957047,31,16,-6,55097,0,0,0,0,0,43,3128,-8277,9300,0,0,0,1,0
11,-180,4.442,112,3957103,31,16,-6,55097,0,0,0,0,0,43,3128,-8277,9300,0,0,0,1,0
11,-180,4.497,113,3957159,31,16,-6,55097,0,0,0,0,0,43,3128,-8277,9300,0,0,0,1,0
11,-180,4.609,115,3957271,31,16,-6,55097,0,0,0,0,0,43,3128,-8277,9300,0,0,0,1,0
11,-180,4.722,117,3957383,31,16,-6,55097,0,0,0,0,0,43,3128,-8277,9300,0,0,0,1,0
11,-180,4.833,119,3957495,31,16,-6,55097,0,0,0,0,0,43,3128,-8277,9300,0,0,0,1,0
11,-180,4.954,121,3957607,31,16,-6,55097,0,0,0,0,0,43,3128,-8277,9300,0,0,0,1,0
11,-180,4.997,122,3957659,31,16,-6,55097,0,0,0,0,0,43,3128,-8277,9300,0,0,0,1,0
11,-180,5.054,123,3957715,31,16,-6,55097,0,0,0,0,0,43,3128,-8277,9300,0,0,0,1,0
11,-180,5.109,124,3957771,31,16,-6,55097,0,0,0,0,0,43,3128,-8277,9300,0,0,0,1,0
11,-180,5.165,125,3957827,31,16,-6,55097,0,0,0,0,0,43,3128,-8277,9300,0,0,0,1,0
11,-180,5.221,126,3957883,31,16,-6,55097,0,0,0,0,0,43,3128,-8277,9300,0,0,0,1,0
11,-180,5.277,127,3957939,31,16,-6,55097,0,0,0,0,0,43,3128,-8277,9300,0,0,0,1,0
11,-180,5.334,0,3957995,31,16,-6,55097,0,0,0,0,0,43,3128,-8277,9300,0,0,0,1,0
11,-180,5.389,1,3958051,31,16,-6,55097,0,0,0,0,0,43,3128,-8277,9300,0,0,0,1,0
11,-180,5.446,2,3958107,31,16,-6,55097,0,0,0,0,0,43,3128,-8277,9300,0,0,0,1,0
11,-180,5.501,3,3958163,31,16,-6,55097,0,0,0,0,0,43,3128,-8277,9300,0,0,0,1,0
11,-180,5.559,4,3958219,31,16,-6,55097,0,0,0,0,0,43,3128,-8277,9300,0,0,0,1,0
11,-180,5.614,5,3958275,31,16,-6,55097,0,0,0,0,0,43,3128,-8277,9300,0,0,0,1,0
11,-180,5.67,6,3958331,31,16,-6,55097,0,0,0,0,0,43,3128,-8277,9300,0,0,0,1,0
11,-180,5.735,7,3958387,31,16,-6,55097,0,0,0,0,0,43,3128,-8277,9300,0,0,0,1,0
11,-180,5.781,8,3958443,31,16,-6,55097,0,0,0,0,0,43,3128,-8277,9300,0,0,0,1,0
11,-180,5.838,9,3958499,31,16,-6,55097,0,0,0,0,0,43,3128,-8277,9300,0,0,0,1,0
11,-180,5.894,10,3958555,31,16,-6,55097,0,0,0,0,0,43,3128,-8277,9300,0,0,0,1,0
11,-180,5.95,11,3958611,31,16,-6,55097,0,0,0,0,0,43,3128,-8277,9300,0,0,0,1,0
11,-180,6.014,12,3958667,31,16,-6,55097,0,0,0,0,0,43,3128,-8277,9300,0,0,0,1,0
11,-180,6.058,13,3958719,31,16,-6,55097,0,0,0,0,0,43,3128,-8277,9300,0,0,0,1,0
11,-180,6.113,14,3958775,31,16,-6,55097,0,0,0,0,0,43,3128,-8277,9300,0,0,0,1,0
11,-180,6.225,16,3958887,31,16,-6,55097,0,0,0,0,0,43,3128,-8277,9300,0,0,0,1,0
11,-180,6.281,17,3958943,31,16,-6,55097,0,0,0,0,0,43,3128,-8277,9300,0,0,0,1,0
11,-180,6.338,18,3958999,31,16,-6,55097,0,0,0,0,0,43,3128,-8277,9300,0,0,0,1,0
11,-180,6.395,19,3959055,31,16,-6,55097,0,0,0,0,0,43,3128,-8277,9300,0,0,0,1,0
11,-180,6.506,21,3959167,31,16,-6,55097,0,0,0,0,0,43,3128,-8277,9300,0,0,0,1,0
11,-180,6.563,22,3959223,31,16,-6,55097,0,0,0,0,0,43,3128,-8277,9300,0,0,0,1,0
11,-180,6.618,23,3959279,31,16,-6,55097,0,0,0,0,0,43,3128,-8277,9300,0,0,0,1,0
11,-180,6.674,24,3959335,31,16,-6,55097,0,0,0,0,0,43,3128,-8277,9300,0,0,0,1,0
11,-180,6.729,25,3959391,31,16,-6,55097,0,0,0,0,0,43,3128,-8277,9300,0,0,0,1,0
11,-180,6.786,26,3959447,31,16,-6,55097,0,0,0,0,0,43,3128,-8277,9300,0,0,0,1,0
11,-180,6.846,27,3959503,31,16,-6,55097,0,0,0,0,0,43,3128,-8277,9300,0,0,0,1,0
11,-180,6.9,28,3959559,31,16,-6,55097,0,0,0,0,0,43,3128,-8277,9300,0,0,0,1,0
11,-180,6.953,29,3959615,31,16,-6,55097,0,0,0,0,0,43,3128,-8277,9300,0,0,0,1,0
11,-180,7.072,31,3959727,31,16,-6,55097,0,0,0,0,0,43,3128,-8277,9300,0,0,0,1,0
11,-180,7.119,32,3959779,31,16,-6,55097,0,0,0,0,0,43,3128,-8277,9300,0,0,0,1,0
11,-180,7.175,33,3959835,31,16,-6,55097,0,0,0,0,0,43,3128,-8277,9300,0,0,0,1,0
11,-180,7.229,34,3959891,31,16,-6,55097,0,0,0,0,0,43,3128,-8277,9300,0,0,0,1,0
11,-180,7.286,35,3959947,31,16,-6,55097,0,0,0,0,0,43,3128,-8277,9300,0,0,0,1,0
11,-180,7.341,36,3960003,31,16,-6,55097,0,0,0,0,0,43,3128,-8277,9300,0,0,0,1,0
11,-180,7.397,37,3960059,31,16,-6,55097,0,0,0,0,0,43,3128,-8277,9300,0,0,0,1,0
11,-180,7.46,38,3960115,31,16,-6,55097,0,0,0,0,0,43,3128,-8277,9300,0,0,0,1,0
11,-180,7.51,39,3960171,31,16,-6,55097,0,0,0,0,0,43,3128,-8277,9300,0,0,0,1,0
11,-180,7.565,40,3960227,31,16,-6,55097,0,0,0,0,0,43,3128,-8277,9300,0,0,0,1,0
11,-180,7.622,41,3960283,31,16,-6,55097,0,0,0,0,0,43,3128,-8277,9300,0,0,0,1,0
11,-180,7.733,43,3960395,31,16,-6,55097,0,0,0,0,0,43,3128,-8277,9300,0,0,0,1,0
11,-180,7.79,44,3960451,31,16,-6,55097,0,0,0,0,0,43,3128,-8277,9300,0,0,0,1,0
11,-180,7.845,45,3960507,31,16,-6,55097,0,0,0,0,0,43,3128,-8277,9300,0,0,0,1,0
11,-180,7.902,46,3960563,31,16,-6,55097,0,0,0,0,0,43,3128,-8277,9300,0,0,0,1,0
11,-180,7.958,47,3960619,31,16,-6,55097,0,0,0,0,0,43,3128,-8277,9300,0,0,0,1,0
11,-180,8.014,48,3960675,31,16,-6,55097,0,0,0,0,0,43,3128,-8277,9300,0,0,0,1,0
11,-180,8.07,49,3960731,31,16,-6,55097,0,0,0,0,0,43,3128,-8277,9300,0,0,0,1,0
11,-180,8.133,50,3960787,31,16,-6,55097,0,0,0,0,0,43,3128,-8277,9300,0,0,0,1,0
11,-180,8.177,51,3960839,31,16,-6,55097,0,0,0,0,0,43,3128,-8277,9300,0,0,0,1,0
11,-180,8.236,52,3960895,31,16,-6,55097,0,0,0,0,0,43,3128,-8277,9300,0,0,0,1,0
11,-180,8.345,54,3961007,31,16,-6,55097,0,0,0,0,0,43,3128,-8277,9300,0,0,0,1,0
11,-180,8.401,55,3961063,31,16,-6,55097,0,0,0,0,0,43,3128,-8277,9300,0,0,0,1,0
11,-180,8.457,56,3961119,31,16,-6,55097,0,0,0,0,0,43,3128,-8277,9300,0,0,0,1,0
11,-180,8.513,57,3961175,31,16,-6,55097,0,0,0,0,0,43,3128,-8277,9300,0,0,0,1,0
11,-180,8.569,58,3961231,31,16,-6,55097,0,0,0,0,0,43,3128,-8277,9300,0,0,0,1,0
11,-180,8.627,59,3961287,31,16,-6,55097,0,0,0,0,0,43,3128,-8277,9300,0,0,0,1,0
11,-180,8.683,60,3961343,31,16,-6,55097,0,0,0,0,0,43,3128,-8277,9300,0,0,0,1,0
11,-180,8.737,61,3961399,31,16,-6,55097,0,0,0,0,0,43,3128,-8277,9300,0,0,0,1,0
11,-180,8.796,62,3961455,31,16,-6,55097,0,0,0,0,0,43,3128,-8277,9300,0,0,0,1,0
11,-180,8.85,63,3961511,31,16,-6,55097,0,0,0,0,0,43,3128,-8277,9300,0,0,0,1,0
11,-180,8.961,65,3961623,31,16,-6,55097,0,0,0,0,0,43,3128,-8277,9300,0,0,0,1,0
11,-180,9.018,66,3961679,31,16,-6,55097,0,0,0,0,0,43,3128,-8277,9300,0,0,0,1,0
11,-180,9.073,67,3961735,31,16,-6,55097,0,0,0,0,0,43,3128,-8277,9300,0,0,0,1,0
11,-180,9.129,68,3961791,31,16,-6,55097,0,0,0,0,0,43,3128,-8277,9300,0,0,0,1,0
11,-180,9.194,69,3961847,31,16,-6,55097,0,0,0,0,0,43,3128,-8277,9300,0,0,0,1,0
11,-180,9.243,70,3961899,31,16,-6,55097,0,0,0,0,0,43,3128,-8277,9300,0,0,0,1,0
11,-180,9.297,71,3961955,31,16,-6,55097,0,0,0,0,0,43,3128,-8277,9300,0,0,0,1,0
11,-180,9.355,72,3962011,31,16,-6,55097,0,0,0,0,0,43,3128,-8277,9300,0,0,0,1,0
11,-180,9.407,73,3962067,31,16,-6,55097,0,0,0,0,0,43,3128,-8277,9300,0,0,0,1,0
11,-180,9.461,74,3962123,31,16,-6,55097,0,0,0,0,0,43,3128,-8277,9300,0,0,0,1,0
11,-180,9.518,75,3962179,31,16,-6,55097,0,0,0,0,0,43,3128,-8277,9300,0,0,0,1,0
11,-180,9.574,76,3962235,31,16,-6,55097,0,0,0,0,0,43,3128,-8277,9300,0,0,0,1,0
11,-180,9.686,78,3962347,31,16,-6,55097,0,0,0,0,0,43,3128,-8277,9300,0,0,0,1,0
11,-180,9.743,79,3962403,31,16,-6,55097,0,0,0,0,0,43,3128,-8277,9300,0,0,0,1,0
11,-180,9.798,80,3962459,31,16,-6,55097,0,0,0,0,0,43,3128,-8277,9300,0,0,0,1,0
11,-180,9.854,81,3962515,31,16,-6,55097,0,0,0,0,0,43,3128,-8277,9300,0,0,0,1,0
11,-180,9.909,82,3962571,31,16,-6,55097,0,0,0,0,0,43,3128,-8277,9300,0,0,0,1,0
11,-180,9.967,83,3962627,31,16,-6,55097,0,0,0,0,0,43,3128,-8277,9300,0,0,0,1,0
11,-180,10.021,84,3962683,31,16,-6,55097,0,0,0,0,0,43,3128,-8277,9300,0,0,0,1,0
11,-180,10.079,85,3962739,31,16,-6,55097,0,0,0,0,0,43,3128,-8277,9300,0,0,0,1,0
11,-180,10.19,87,3962851,31,16,-6,55097,0,0,0,0,0,43,3128,-8277,9300,0,0,0,1,0
11,-180,10.255,88,3962907,31,16,-6,55097,0,0,0,0,0,43,3128,-8277,9300,0,0,0,1,0
11,-180,10.301,89,3962959,31,16,-6,55097,0,0,0,0,0,43,3128,-8277,9300,0,0,0,1,0
11,-180,10.36,90,3963015,31,16,-6,55097,0,0,0,0,0,43,3128,-8277,9300,0,0,0,1,0
11,-180,10.411,91,3963071,31,16,-6,55097,0,0,0,0,0,43,3128,-8277,9300,0,0,0,1,0
11,-180,10.464,92,3963127,31,16,-6,55097,0,0,0,0,0,43,3128,-8277,9300,0,0,0,1,0
11,-180,10.524,93,3963183,31,16,-6,55097,0,0,0,0,0,43,3128,-8277,9300,0,0,0,1,0
11,-180,10.581,94,3963239,31,16,-6,55097,0,0,0,0,0,43,3128,-8277,9300,0,0,0,1,0
11,-180,10.633,95,3963295,31,16,-6,55097,0,0,0,0,0,43,3128,-8277,9300,0,0,0,1,0
11,-180,10.69,96,3963351,31,16,-6,55097,0,0,0,0,0,43,3128,-8277,9300,0,0,0,1,0
11,-180,10.745,97,3963407,31,16,-6,55097,0,0,0,0,0,43,3128,-8277,9300,0,0,0,1,0
11,-180,10.971,101,3963631,31,16,-6,55097,0,0,0,0,0,43,3128,-8277,9300,0,0,0,1,0
11,-180,11.024,102,3963687,31,16,-6,55097,0,0,0,0,0,43,3128,-8277,9300,0,0,0,1,0
11,-180,11.137,104,3963799,31,16,-6,55097,0,0,0,0,0,43,3128,-8277,9300,0,0,0,1,0
11,-180,11.193,105,3963855,31,16,-6,55097,0,0,0,0,0,43,3128,-8277,9300,0,0,0,1,0
11,-180,11.25,106,3963911,31,16,-6,55097,0,0,0,0,0,43,3128,-8277,9300,0,0,0,1,0
11,-180,11.314,107,3963967,31,16,-6,55097,0,0,0,0,0,43,3128,-8277,9300,0,0,0,1,0
11,-180,11.359,108,3964019,31,16,-6,55097,0,0,0,0,0,43,3128,-8277,9300,0,0,0,1,0
11,-180,11.526,111,3964187,31,16,-6,55097,0,0,0,0,0,43,3128,-8277,9300,0,0,0,1,0
11,-180,11.583,112,3964243,31,16,-6,55097,0,0,0,0,0,43,3128,-8277,9300,0,0,0,1,0
11,-180,11.808,116,3964467,31,16,-6,55097,0,0,0,0,0,43,3128,-8277,9300,0,0,0,1,0
11,-180,11.861,117,3964523,31,16,-6,55097,0,0,0,0,0,43,3128,-8277,9300,0,0,0,1,0
11,-180,11.917,118,3964579,31,16,-6,55097,0,0,0,0,0,43,3128,-8277,9300,0,0,0,1,0
11,-180,11.973,119,3964635,31,16,-6,55097,0,0,0,0,0,43,3128,-8277,9300,0,0,0,1,0
11,-180,12.086,121,3964747,31,16,-6,55097,0,0,0,0,0,43,3128,-8277,9300,0,0,0,1,0
11,-180,12.141,122,3964803,31,16,-6,55097,0,0,0,0,0,43,3128,-8277,9300,0,0,0,1,0
11,-180,12.198,123,3964859,31,16,-6,55097,0,0,0,0,0,43,3128,-8277,9300,0,0,0,1,0
11,-180,12.254,124,3964915,31,16,-6,55097,0,0,0,0,0,43,3128,-8277,9300,0,0,0,1,0
11,-180,12.31,125,3964971,31,16,-6,55097,0,0,0,0,0,43,3128,-8277,9300,0,0,0,1,0
11,-180,12.375,126,3965027,31,16,-6,55097,0,0,0,0,0,43,3128,-8277,9300,0,0,0,1,0
11,-180,12.431,127,3965079,31,16,-6,55097,0,0,0,0,0,43,3128,-8277,9300,0,0,0,1,0
11,-180,12.48,0,3965135,31,16,-6,55097,0,0,0,0,0,43,3128,-8277,9300,0,0,0,1,0
11,-180,12.532,1,3965191,31,16,-6,55097,0,0,0,0,0,43,3128,-8277,9300,0,0,0,1,0
11,-180,12.584,2,3965247,31,16,-6,55097,0,0,0,0,0,43,3128,-8277,9300,0,0,0,1,0
11,-180,12.641,3,3965303,31,16,-6,55097,0,0,0,0,0,43,3128,-8277,9300,0,0,0,1,0
11,-180,12.698,4,3965359,31,16,-6,55097,0,0,0,0,0,43,3128,-8277,9300,0,0,0,1,0
11,-180,12.754,5,3965415,31,16,-6,55097,0,0,0,0,0,43,3128,-8277,9300,0,0,0,1,0
11,-180,12.809,6,3965471,31,16,-6,55097,0,0,0,0,0,43,3128,-8277,9300,0,0,0,1,0
11,-180,12.865,7,3965527,31,16,-6,55097,0,0,0,0,0,43,3128,-8277,9300,0,0,0,1,0
11,-180,12.922,8,3965583,31,16,-6,55097,0,0,0,0,0,43,3128,-8277,9300,0,0,0,1,0
11,-180,12.979,9,3965639,31,16,-6,55097,0,0,0,0,0,43,3128,-8277,9300,0,0,0,1,0
11,-180,13.034,10,3965695,31,16,-6,55097,0,0,0,0,0,43,3128,-8277,9300,0,0,0,1,0
11,-180,13.09,11,3965751,31,16,-6,55097,0,0,0,0,0,43,3128,-8277,9300,0,0,0,1,0
11,-180,13.145,12,3965807,31,16,-6,55097,0,0,0,0,0,43,3128,-8277,9300,0,0,0,1,0
11,-180,13.202,13,3965863,31,16,-6,55097,0,0,0,0,0,43,3128,-8277,9300,0,0,0,1,0
11,-180,13.313,15,3965975,31,16,-6,55097,0,0,0,0,0,43,3128,-8277,9300,0,0,0,1,0
11,-180,13.368,16,3966031,31,16,-6,55097,0,0,0,0,0,43,3128,-8277,9300,0,0,0,1,0
11,-180,13.433,17,3966087,31,16,-6,55097,0,0,0,0,0,43,3128,-8277,9300,0,0,0,1,0
11,-180,13.476,18,3966139,31,16,-6,55097,0,0,0,0,0,43,3128,-8277,9300,0,0,0,1,0
11,-180,13.535,19,3966195,31,16,-6,55097,0,0,0,0,0,43,3128,-8277,9300,0,0,0,1,0
11,-180,13.59,20,3966251,31,16,-6,55097,0,0,0,0,0,43,3128,-8277,9300,0,0,0,1,0
11,-180,13.647,21,3966307,31,16,-6,55097,0,0,0,0,0,43,3128,-8277,9300,0,0,0,1,0
11,-180,13.701,22,3966363,31,16,-6,55097,0,0,0,0,0,43,3128,-8277,9300,0,0,0,1,0
11,-180,13.76,23,3966419,31,16,-6,55097,0,0,0,0,0,43,3128,-8277,9300,0,0,0,1,0
11,-180,13.813,24,3966475,31,16,-6,55097,0,0,0,0,0,43,3128,-8277,9300,0,0,0,1,0
11,-180,13.868,25,3966531,31,16,-6,55097,0,0,0,0,0,43,3128,-8277,9300,0,0,0,1,0
11,-180,13.925,26,3966587,31,16,-6,55097,0,0,0,0,0,43,3128,-8277,9300,0,0,0,1,0
11,-180,13.983,27,3966643,31,16,-6,55097,0,0,0,0,0,43,3128,-8277,9300,0,0,0,1,0
11,-180,14.036,28,3966699,31,16,-6,55097,0,0,0,0,0,43,3128,-8277,9300,0,0,0,1,0
11,-180,14.092,29,3966755,31,16,-6,55097,0,0,0,0,0,43,3128,-8277,9300,0,0,0,1,0
11,-180,14.149,30,3966811,31,16,-6,55097,0,0,0,0,0,43,3128,-8277,9300,0,0,0,1,0
11,-180,14.206,31,3966867,31,16,-6,55097,0,0,0,0,0,43,3128,-8277,9300,0,0,0,1,0
11,-180,14.262,32,3966923,31,16,-6,55097,0,0,0,0,0,43,3128,-8277,9300,0,0,0,1,0
11,-180,14.317,33,3966979,31,16,-6,55097,0,0,0,0,0,43,3128,-8277,9300,0,0,0,1,0
11,-180,14.373,34,3967035,31,16,-6,55097,0,0,0,0,0,43,3128,-8277,9300,0,0,0,1,0
11,-180,14.429,35,3967091,31,16,-6,55097,0,0,0,0,0,43,3128,-8277,9300,0,0,0,1,0
11,-180,14.594,38,3967255,31,16,-6,55097,0,0,0,0,0,43,3128,-8277,9300,0,0,0,1,0
11,-180,14.65,39,3967311,31,16,-6,55097,0,0,0,0,0,43,3128,-8277,9300,0,0,0,1,0
11,-180,14.707,40,3967367,31,16,-6,55097,0,0,0,0,0,43,3128,-8277,9300,0,0,0,1,0
11,-180,14.763,41,3967423,31,16,-6,55097,0,0,0,0,0,43,3128,-8277,9300,0,0,0,1,0
11,-180,14.817,42,3967479,31,16,-6,55097,0,0,0,0,0,43,3128,-8277,9300,0,0,0,1,0
11,-180,14.928,44,3967591,31,16,-6,55097,0,0,0,0,0,43,3128,-8277,9300,0,0,0,1,0
11,-180,15.04,46,3967703,31,16,-6,55097,0,0,0,0,0,43,3128,-8277,9300,0,0,0,1,0
11,-180,15.096,47,3967759,31,16,-6,55097,0,0,0,0,0,43,3128,-8277,9300,0,0,0,1,0
11,-180,15.209,49,3967871,31,16,-6,55097,0,0,0,0,0,43,3128,-8277,9300,0,0,0,1,0
11,-180,15.266,50,3967927,31,16,-6,55097,0,0,0,0,0,43,3128,-8277,9300,0,0,0,1,0
11,-180,15.323,51,3967983,31,16,-6,55097,0,0,0,0,0,43,3128,-8277,9300,0,0,0,1,0
11,-180,15.376,52,3968039,31,16,-6,55097,0,0,0,0,0,43,3128,-8277,9300,0,0,0,1,0
11,-180,15.435,53,3968095,31,16,-6,55097,0,0,0,0,0,43,3128,-8277,9300,0,0,0,1,0
11,-180,15.491,54,3968151,31,16,-6,55097,0,0,0,0,0,43,3128,-8277,9300,0,0,0,1,0
11,-180,15.555,55,3968207,31,16,-6,55097,0,0,0,0,0,43,3128,-8277,9300,0,0,0,1,0
11,-180,15.598,56,3968259,31,16,-6,55097,0,0,0,0,0,43,3128,-8277,9300,0,0,0,1,0
11,-180,15.662,57,3968315,31,16,-6,55097,0,0,0,0,0,43,3128,-8277,9300,0,0,0,1,0
11,-180,15.708,58,3968371,31,16,-6,55097,0,0,0,0,0,43,3128,-8277,9300,0,0,0,1,0
11,-180,15.768,59,3968427,31,16,-6,55097,0,0,0,0,0,43,3128,-8277,9300,0,0,0,1,0
11,-180,15.877,61,3968539,31,16,-6,55097,0,0,0,0,0,43,3128,-8277,9300,0,0,0,1,0
11,-180,15.933,62,3968595,31,16,-6,55097,0,0,0,0,0,43,3128,-8277,9300,0,0,0,1,0
11,-180,15.99,63,3968651,31,16,-6,55097,0,0,0,0,0,43,3128,-8277,9300,0,0,0,1,0
11,-180,16.044,64,3968707,31,16,-6,55097,0,0,0,0,0,43,3128,-8277,9300,0,0,0,1,0
11,-180,16.101,65,3968763,31,16,-6,55097,0,0,0,0,0,43,3128,-8277,9300,0,0,0,1,0
11,-180,16.16,66,3968819,31,16,-6,55097,0,0,0,0,0,43,3128,-8277,9300,0,0,0,1,0
11,-180,16.215,67,3968875,31,16,-6,55097,0,0,0,0,0,43,3128,-8277,9300,0,0,0,1,0
11,-180,16.269,68,3968931,31,16,-6,55097,0,0,0,0,0,43,3128,-8277,9300,0,0,0,1,0
11,-180,16.324,69,3968987,31,16,-6,55097,0,0,0,0,0,43,3128,-8277,9300,0,0,0,1,0
11,-180,16.438,71,3969099,31,16,-6,55097,0,0,0,0,0,43,3128,-8277,9300,0,0,0,1,0
11,-180,16.492,72,3969155,31,16,-6,55097,0,0,0,0,0,43,3128,-8277,9300,0,0,0,1,0
11,-180,16.549,73,3969211,31,16,-6,55097,0,0,0,0,0,43,3128,-8277,9300,0,0,0,1,0
11,-180,16.613,74,3969267,31,16,-6,55097,0,0,0,0,0,43,3128,-8277,9300,0,0,0,1,0
11,-180,16.656,75,3969319,31,16,-6,55097,0,0,0,0,0,43,3128,-8277,9300,0,0,0,1,0
11,-180,16.712,76,3969375,31,16,-6,55097,0,0,0,0,0,43,3128,-8277,9300,0,0,0,1,0
11,-180,16.768,77,3969431,31,16,-6,55097,0,0,0,0,0,43,3128,-8277,9300,0,0,0,1,0
11,-180,16.824,78,3969487,31,16,-6,55097,0,0,0,0,0,43,3128,-8277,9300,0,0,0,1,0
11,-180,16.88,79,3969543,31,16,-6,55097,0,0,0,0,0,43,3128,-8277,9300,0,0,0,1,0
12,180,-0.009,102,3977959,31,16,-6,55097,0,0,0,0,0,43,3128,-8277,9300,0,0,0,1,0
12,180,0.06,103,3978027,31,16,-6,55097,0,0,0,0,0,43,3129,-8277,9300,-800,800,0,1,0
12,180,0.133,104,3978099,31,16,-6,55231,0,0,0,-26,32,43,3132,-8300,9322,-1200,1100,0,1,0
12,180,0.205,105,3978171,31,16,-6,55470,0,0,0,-41,55,43,3135,-8333,9369,-1300,1300,0,1,0
12,180,0.277,106,3978243,31,16,-6,55784,0,0,0,-55,64,43,3138,-8380,9427,-1800,1700,0,1,0
12,180,0.35,107,3978315,31,15,-6,56273,0,0,0,-82,88,43,3141,-8455,9516,-2300,2200,0,1,0
12,180,0.421,108,3978387,31,15,-6,57020,0,0,0,-128,129,43,3144,-8577,9644,-2600,2600,0,1,0
12,180,0.495,109,3978459,31,15,-7,57942,0,0,0,-155,161,43,3147,-8725,9805,-2800,2900,0,1,0
12,180,0.566,110,3978531,31,14,-7,58978,0,0,0,-178,178,43,3150,-8894,9983,-2900,2900,0,1,0
12,180,0.639,111,3978603,31,14,-7,60038,0,0,0,-161,169,43,3153,-9066,10166,-2800,2800,0,1,0
12,180,0.71,112,3978675,31,14,-7,61134,0,0,0,-169,187,43,3156,-9244,10355,-2700,2800,0,1,0
12,180,0.782,113,3978747,31,14,-8,62194,0,0,0,-160,178,43,3159,-9416,10538,-2700,2500,0,1,0
12,180,0.853,114,3978819,31,14,-8,63224,0,0,0,-169,155,43,3162,-9591,10708,-2700,2300,0,1,0
12,180,0.996,116,3978963,31,14,-6,65165,0,0,0,-163,146,43,3168,-9933,11016,-2700,2300,0,1,0
12,180,1.071,117,3979035,31,13,-6,66096,0,0,0,-163,131,43,3171,-10100,11161,-2500,2200,0,1,0
12,180,1.142,118,3979107,31,13,-5,67040,0,0,0,-138,140,43,3174,-10266,11311,-2400,2300,0,1,0
12,180,1.214,119,3979179,31,13,-5,67960,0,0,0,-146,152,43,3177,-10422,11463,-2300,2200,0,1,0
12,180,1.286,120,3979251,31,13,-5,68849,0,0,0,-146,146,43,3180,-10572,11611,-2300,2300,0,1,0
12,180,1.357,121,3979323,31,13,-5,69718,0,0,0,-137,155,43,3183,-10716,11758,-2400,2300,0,1,0
12,180,1.429,122,3979395,31,13,-5,70638,0,0,0,-155,152,43,3186,-10869,11913,-2400,2300,0,1,0
12,180,1.502,123,3979467,31,13,-5,71519,0,0,0,-146,146,43,3189,-11016,12061,-2300,2300,0,1,0
12,180,1.632,125,3979589,31,13,-5,73020,0,0,0,-123,123,43,3194,-11269,12311,-900,800,0,1,0
12,180,1.721,126,3979688,31,13,-5,73510,0,0,0,0,0,43,3200,-11350,12394,0,0,0,1,0
12,180,1.772,127,3979739,31,13,-5,73510,0,0,0,0,0,43,3202,-11350,12394,0,0,0,1,0
12,180,1.845,0,3979811,31,13,-5,73510,0,0,0,0,0,43,3205,-11350,12394,0,0,0,1,0
12,180,1.987,2,3979955,31,13,-5,73510,0,0,0,0,0,43,3211,-11350,12394,0,0,0,1,0
12,180,2.059,3,3980027,31,13,-5,73510,0,0,0,0,0,44,3214,-11350,12394,0,0,0,1,0
12,180,2.131,4,3980099,31,13,-5,73510,0,0,0,0,0,44,3217,-11350,12394,0,0,0,1,0
12,180,2.204,5,3980171,31,13,-5,73510,0,0,0,0,0,44,3220,-11350,12394,0,0,0,1,0
12,180,2.277,6,3980243,31,13,-5,73510,0,0,0,0,0,44,3223,-11350,12394,0,0,0,1,0
12,180,2.332,7,3980293,31,13,-5,73510,0,0,0,0,0,44,3225,-11350,12394,0,0,0,1,0
12,180,2.405,8,3980363,31,13,-5,73510,0,0,0,0,0,44,3228,-11350,12394,0,0,0,1,0
12,180,2.469,9,3980435,31,13,-5,73510,0,0,0,0,0,44,3231,-11350,12394,0,0,0,1,0
12,180,2.54,10,3980507,31,13,-5,73510,0,0,0,0,0,44,3234,-11350,12394,0,0,0,1,0
12,180,2.684,12,3980651,31,13,-5,73510,0,0,0,0,0,44,3240,-11350,12394,0,0,0,1,0
12,180,2.756,13,3980723,31,13,-5,73510,0,0,0,0,0,44,3243,-11350,12394,0,0,0,1,0
12,180,2.83,14,3980795,31,13,-5,73510,0,0,0,0,0,44,3246,-11350,12394,0,0,0,1,0
12,180,2.9,15,3980867,31,13,-5,73510,0,0,0,0,0,44,3249,-11350,12394,0,0,0,1,0
12,180,2.973,16,3980939,31,13,-5,73510,0,0,0,0,0,44,3252,-11350,12394,0,0,0,1,0
12,180,3.045,17,3981011,31,13,-5,73510,0,0,0,0,0,44,3255,-11350,12394,0,0,0,1,0
12,180,3.116,18,3981083,31,13,-5,73510,0,0,0,0,0,44,3258,-11350,12394,0,0,0,1,0
12,180,3.188,19,3981155,31,13,-5,73510,0,0,0,0,0,44,3261,-11350,12394,0,0,0,1,0
12,180,3.261,20,3981227,31,13,-5,73510,0,0,0,0,0,44,3264,-11350,12394,0,0,0,1,0
12,180,3.332,21,3981299,31,13,-5,73510,0,0,0,0,0,44,3267,-11350,12394,0,0,0,1,0
12,180,3.404,22,3981371,31,13,-5,73510,0,0,0,0,0,44,3270,-11350,12394,0,0,0,1,0
12,180,3.464,23,3981421,31,13,-5,73510,0,0,0,0,0,44,3272,-11350,12394,0,0,0,1,0
12,180,3.504,24,3981471,31,13,-5,73510,0,0,0,0,0,44,3272,-11350,12394,0,0,0,1,0
12,180,3.561,25,3981527,31,13,-5,73510,0,0,0,0,0,44,3272,-11350,12394,0,0,0,1,0
12,180,3.616,26,3981583,31,13,-5,73510,0,0,0,0,0,44,3272,-11350,12394,0,0,0,1,0
12,180,3.673,27,3981639,31,13,-5,73510,0,0,0,0,0,44,3272,-11350,12394,0,0,0,1,0
12,180,3.724,28,3981691,31,13,-5,73510,0,0,0,0,0,44,3272,-11350,12394,0,0,0,1,0
12,180,3.78,29,3981747,31,13,-5,73510,0,0,0,0,0,44,3272,-11350,12394,0,0,0,1,0
12,180,3.836,30,3981803,31,13,-5,73510,0,0,0,0,0,44,3272,-11350,12394,0,0,0,1,0
12,180,3.892,31,3981859,31,13,-5,73510,0,0,0,0,0,44,3272,-11350,12394,0,0,0,1,0
12,180,3.948,32,3981915,31,13,-5,73510,0,0,0,0,0,44,3272,-11350,12394,0,0,0,1,0
12,180,4.004,33,3981971,31,13,-5,73510,0,0,0,0,0,44,3272,-11350,12394,0,0,0,1,0
12,180,4.06,34,3982027,31,13,-5,73510,0,0,0,0,0,44,3272,-11350,12394,0,0,0,1,0
12,180,4.117,35,3982083,31,13,-5,73510,0,0,0,0,0,44,3272,-11350,12394,0,0,0,1,0
12,180,4.172,36,3982139,31,13,-5,73510,0,0,0,0,0,44,3272,-11350,12394,0,0,0,1,0
12,180,4.228,37,3982195,31,13,-5,73510,0,0,0,0,0,44,3272,-11350,12394,0,0,0,1,0
12,180,4.285,38,3982251,31,13,-5,73510,0,0,0,0,0,44,3272,-11350,12394,0,0,0,1,0
12,180,4.34,39,3982307,31,13,-5,73510,0,0,0,0,0,44,3272,-11350,12394,0,0,0,1,0
12,180,4.396,40,3982363,31,13,-5,73510,0,0,0,0,0,44,3272,-11350,12394,0,0,0,1,0
12,180,4.508,42,3982475,31,13,-5,73510,0,0,0,0,0,44,3272,-11350,12394,0,0,0,1,0
12,180,4.566,43,3982531,31,13,-5,73510,0,0,0,0,0,44,3272,-11350,12394,0,0,0,1,0
12,180,4.621,44,3982587,31,13,-5,73510,0,0,0,0,0,44,3272,-11350,12394,0,0,0,1,0
12,180,4.677,45,3982643,31,13,-5,73510,0,0,0,0,0,44,3272,-11350,12394,0,0,0,1,0
12,180,4.74,46,3982699,31,13,-5,73510,0,0,0,0,0,44,3272,-11350,12394,0,0,0,1,0
12,180,4.786,47,3982751,31,13,-5,73510,0,0,0,0,0,44,3272,-11350,12394,0,0,0,1,0
12,180,4.841,48,3982807,31,13,-5,73510,0,0,0,0,0,44,3272,-11350,12394,0,0,0,1,0
12,180,4.897,49,3982863,31,13,-5,73510,0,0,0,0,0,44,3272,-11350,12394,0,0,0,1,0
12,180,5.009,51,3982975,31,13,-5,73510,0,0,0,0,0,44,3272,-11350,12394,0,0,0,1,0
12,180,5.065,52,3983031,31,13,-5,73510,0,0,0,0,0,44,3272,-11350,12394,0,0,0,1,0
12,180,5.12,53,3983087,31,13,-5,73510,0,0,0,0,0,44,3272,-11350,12394,0,0,0,1,0
12,180,5.176,54,3983143,31,13,-5,73510,0,0,0,0,0,44,3272,-11350,12394,0,0,0,1,0
12,180,5.233,55,3983199,31,13,-5,73510,0,0,0,0,0,44,3272,-11350,12394,0,0,0,1,0
12,180,5.289,56,3983255,31,13,-5,73510,0,0,0,0,0,44,3272,-11350,12394,0,0,0,1,0
12,180,5.344,57,3983311,31,13,-5,73510,0,0,0,0,0,44,3272,-11350,12394,0,0,0,1,0
12,180,5.456,59,3983423,31,13,-5,73510,0,0,0,0,0,44,3272,-11350,12394,0,0,0,1,0
12,180,5.512,60,3983479,31,13,-5,73510,0,0,0,0,0,44,3272,-11350,12394,0,0,0,1,0
12,180,5.624,62,3983591,31,13,-5,73510,0,0,0,0,0,44,3272,-11350,12394,0,0,0,1,0
12,180,5.736,64,3983703,31,13,-5,73510,0,0,0,0,0,44,3272,-11350,12394,0,0,0,1,0
12,180,5.8,65,3983759,31,13,-5,73510,0,0,0,0,0,44,3272,-11350,12394,0,0,0,1,0
12,180,5.844,66,3983811,31,13,-5,73510,0,0,0,0,0,44,3272,-11350,12394,0,0,0,1,0
12,180,5.9,67,3983867,31,13,-5,73510,0,0,0,0,0,44,3272,-11350,12394,0,0,0,1,0
12,180,5.957,68,3983923,31,13,-5,73510,0,0,0,0,0,44,3272,-11350,12394,0,0,0,1,0
12,180,6.068,70,3984035,31,13,-5,73510,0,0,0,0,0,44,3272,-11350,12394,0,0,0,1,0
12,180,6.124,71,3984091,31,13,-5,73510,0,0,0,0,0,44,3272,-11350,12394,0,0,0,1,0
12,180,6.349,75,3984315,31,13,-5,73510,0,0,0,0,0,44,3272,-11350,12394,0,0,0,1,0
12,180,6.405,76,3984371,31,13,-5,73510,0,0,0,0,0,44,3272,-11350,12394,0,0,0,1,0
12,180,6.46,77,3984427,31,13,-5,73510,0,0,0,0,0,44,3272,-11350,12394,0,0,0,1,0
12,180,6.572,79,3984539,31,13,-5,73510,0,0,0,0,0,44,3272,-11350,12394,0,0,0,1,0
12,180,6.627,80,3984595,31,13,-5,73510,0,0,0,0,0,44,3272,-11350,12394,0,0,0,1,0
12,180,6.685,81,3984651,31,13,-5,73510,0,0,0,0,0,44,3272,-11350,12394,0,0,0,1,0
12,180,6.74,82,3984707,31,13,-5,73510,0,0,0,0,0,44,3272,-11350,12394,0,0,0,1,0
12,180,6.796,83,3984763,31,13,-5,73510,0,0,0,0,0,44,3272,-11350,12394,0,0,0,1,0
12,180,6.86,84,3984819,31,13,-5,73510,0,0,0,0,0,44,3272,-11350,12394,0,0,0,1,0
12,180,6.904,85,3984871,31,13,-5,73510,0,0,0,0,0,44,3272,-11350,12394,0,0,0,1,0
12,180,6.961,86,3984927,31,13,-5,73510,0,0,0,0,0,44,3272,-11350,12394,0,0,0,1,0
12,180,7.016,87,3984983,31,13,-5,73510,0,0,0,0,0,44,3272,-11350,12394,0,0,0,1,0
12,180,7.073,88,3985039,31,13,-5,73510,0,0,0,0,0,44,3272,-11350,12394,0,0,0,1,0
12,180,7.129,89,3985095,31,13,-5,73510,0,0,0,0,0,44,3272,-11350,12394,0,0,0,1,0
12,180,7.185,90,3985151,31,13,-5,73510,0,0,0,0,0,44,3272,-11350,12394,0,0,0,1,0
12,180,7.24,91,3985207,31,13,-5,73510,0,0,0,0,0,44,3272,-11350,12394,0,0,0,1,0
12,180,7.352,93,3985319,31,13,-5,73510,0,0,0,0,0,44,3272,-11350,12394,0,0,0,1,0
12,180,7.464,95,3985431,31,13,-5,73510,0,0,0,0,0,44,3272,-11350,12394,0,0,0,1,0
12,180,7.52,96,3985487,31,13,-5,73510,0,0,0,0,0,44,3272,-11350,12394,0,0,0,1,0
12,180,7.576,97,3985543,31,13,-5,73510,0,0,0,0,0,44,3272,-11350,12394,0,0,0,1,0
12,180,7.633,98,3985599,31,13,-5,73510,0,0,0,0,0,44,3272,-11350,12394,0,0,0,1,0
12,180,7.688,99,3985655,31,13,-5,73510,0,0,0,0,0,44,3272,-11350,12394,0,0,0,1,0
12,180,7.744,100,3985711,31,13,-5,73510,0,0,0,0,0,44,3272,-11350,12394,0,0,0,1,0
12,180,7.801,101,3985767,31,13,-5,73510,0,0,0,0,0,44,3272,-11350,12394,0,0,0,1,0
12,180,7.856,102,3985823,31,13,-5,73510,0,0,0,0,0,44,3272,-11350,12394,0,0,0,1,0
12,180,7.92,103,3985879,31,13,-5,73510,0,0,0,0,0,44,3272,-11350,12394,0,0,0,1,0
12,180,7.965,104,3985931,31,13,-5,73510,0,0,0,0,0,44,3272,-11350,12394,0,0,0,1,0
12,180,8.02,105,3985987,31,13,-5,73510,0,0,0,0,0,44,3272,-11350,12394,0,0,0,1,0
12,180,8.132,107,3986099,31,13,-5,73510,0,0,0,0,0,44,3272,-11350,12394,0,0,0,1,0
12,180,8.187,108,3986155,31,13,-5,73510,0,0,0,0,0,44,3272,-11350,12394,0,0,0,1,0
12,180,8.245,109,3986211,31,13,-5,73510,0,0,0,0,0,44,3272,-11350,12394,0,0,0,1,0
12,180,8.3,110,3986267,31,13,-5,73510,0,0,0,0,0,44,3272,-11350,12394,0,0,0,1,0
12,180,8.356,111,3986323,31,13,-5,73510,0,0,0,0,0,44,3272,-11350,12394,0,0,0,1,0
12,180,8.412,112,3986379,31,13,-5,73510,0,0,0,0,0,44,3272,-11350,12394,0,0,0,1,0
12,180,8.468,113,3986435,31,13,-5,73510,0,0,0,0,0,44,3272,-11350,12394,0,0,0,1,0
12,180,8.525,114,3986491,31,13,-5,73510,0,0,0,0,0,44,3272,-11350,12394,0,0,0,1,0
12,180,8.58,115,3986547,31,13,-5,73510,0,0,0,0,0,44,3272,-11350,12394,0,0,0,1,0
12,180,8.748,118,3986715,31,13,-5,73510,0,0,0,0,0,44,3272,-11350,12394,0,0,0,1,0
12,180,8.861,120,3986827,31,13,-5,73510,0,0,0,0,0,44,3272,-11350,12394,0,0,0,1,0
12,180,8.917,121,3986883,31,13,-5,73510,0,0,0,0,0,44,3272,-11350,12394,0,0,0,1,0
12,180,8.98,122,3986939,31,13,-5,73510,0,0,0,0,0,44,3272,-11350,12394,0,0,0,1,0
12,180,9.024,123,3986991,31,13,-5,73510,0,0,0,0,0,44,3272,-11350,12394,0,0,0,1,0
12,180,9.08,124,3987047,31,13,-5,73510,0,0,0,0,0,44,3272,-11350,12394,0,0,0,1,0
12,180,9.138,125,3987103,31,13,-5,73510,0,0,0,0,0,44,3272,-11350,12394,0,0,0,1,0
12,180,9.248,127,3987215,31,13,-5,73510,0,0,0,0,0,44,3272,-11350,12394,0,0,0,1,0
12,180,9.36,1,3987327,31,13,-5,73510,0,0,0,0,0,44,3272,-11350,12394,0,0,0,1,0
12,180,9.417,2,3987383,31,13,-5,73510,0,0,0,0,0,44,3272,-11350,12394,0,0,0,1,0
12,180,9.473,3,3987439,31,13,-5,73510,0,0,0,0,0,44,3272,-11350,12394,0,0,0,1,0
12,180,9.529,4,3987495,31,13,-5,73510,0,0,0,0,0,44,3272,-11350,12394,0,0,0,1,0
12,180,9.585,5,3987551,31,13,-5,73510,0,0,0,0,0,44,3272,-11350,12394,0,0,0,1,0
12,180,9.64,6,3987607,31,13,-5,73510,0,0,0,0,0,44,3272,-11350,12394,0,0,0,1,0
12,180,9.752,8,3987719,31,13,-5,73510,0,0,0,0,0,44,3272,-11350,12394,0,0,0,1,0
