turn,commanded,t_rel,seq,now,flags,x,y,h,ox,oy,oh,vl,vr,i2cf,cyc,posl,posr,dutl,dutr,lexc,wrng,cycovr
1,90,0.005,16,950479,31,-21,-67,14292,151,-182,14684,0,0,154,2209,-2725,1892,0,0,0,2,0
1,90,0.103,17,950547,31,-21,-67,14292,151,-182,14684,0,0,154,2211,-2725,1892,-300,300,0,2,0
1,90,0.146,18,950619,31,-20,-67,14366,151,-182,14685,-32,15,154,2214,-2741,1900,-1100,1000,0,2,0
1,90,0.219,19,950691,31,-20,-67,14592,151,-182,14685,-26,50,154,2217,-2775,1939,-1700,1800,0,2,0
1,90,0.291,20,950763,31,-21,-67,15004,153,-180,14983,-82,82,154,2220,-2841,2006,-2400,2400,0,2,0
1,90,0.376,21,950835,31,-21,-67,15710,153,-180,14983,-123,123,154,2223,-2955,2120,-2800,2800,0,2,0
1,90,0.439,22,950907,31,-21,-67,16605,157,-174,15989,-137,163,154,2226,-3097,2267,-3200,3200,0,2,0
1,90,0.506,23,950979,31,-21,-67,17669,161,-164,17513,-178,178,154,2229,-3269,2439,-3500,3500,0,2,0
1,90,0.579,24,951051,31,-21,-67,18874,161,-164,17513,-184,187,154,2232,-3463,2634,-3100,3000,0,2,0
1,90,0.688,25,951123,31,-21,-67,20041,161,-151,-16584,-178,169,154,2235,-3652,2822,-2400,2500,0,2,0
1,90,0.724,26,951195,31,-21,-67,20954,157,-140,-14940,-131,129,154,2238,-3797,2972,-1800,1800,0,2,0
1,90,0.804,27,951267,31,-21,-67,21616,157,-140,-14940,-105,82,154,2241,-3905,3078,-1300,1200,0,2,0
1,90,0.867,28,951339,31,-21,-68,22009,152,-134,-13952,-47,56,154,2244,-3963,3147,-1100,1100,0,2,0
1,90,0.946,29,951411,31,-21,-68,22313,150,-132,-13450,-50,47,154,2247,-4008,3200,-1400,1200,0,2,0
1,90,1.05,30,951524,31,-21,-68,22727,147,-130,-12973,0,0,154,2253,-4075,3267,0,0,0,2,0
1,90,1.102,31,951575,31,-21,-68,22727,147,-130,-12973,0,0,154,2254,-4075,3267,0,0,0,2,0
1,90,1.158,32,951631,31,-21,-68,22727,146,-130,-12920,0,0,154,2254,-4075,3267,0,0,0,2,0
1,90,1.221,33,951687,31,-21,-68,22727,146,-130,-12920,0,0,154,2254,-4075,3267,0,0,0,2,0
1,90,1.281,34,951743,31,-21,-68,22727,146,-130,-12919,0,0,154,2254,-4075,3267,0,0,0,2,0
1,90,1.324,35,951799,31,-21,-68,22727,146,-130,-12919,0,0,154,2254,-4075,3267,0,0,0,2,0
1,90,1.385,36,951855,31,-21,-68,22727,146,-130,-12919,0,0,154,2254,-4075,3267,0,0,0,2,0
1,90,1.437,37,951911,31,-21,-68,22727,146,-130,-12919,0,0,154,2254,-4075,3267,0,0,0,2,0
1,90,1.494,38,951967,31,-21,-68,22727,146,-130,-12919,0,0,154,2254,-4075,3267,0,0,0,2,0
1,90,1.577,39,952023,31,-21,-68,22727,146,-130,-12919,0,0,154,2254,-4075,3267,0,0,0,2,0
1,90,1.606,40,952079,31,-21,-68,22727,146,-130,-12919,0,0,154,2254,-4075,3267,0,0,0,2,0
1,90,1.664,41,952135,31,-21,-68,22727,146,-130,-12919,0,0,154,2254,-4075,3267,0,0,0,2,0
1,90,1.735,42,952191,31,-21,-68,22727,146,-130,-12919,0,0,154,2254,-4075,3267,0,0,0,2,0
1,90,1.785,43,952247,31,-21,-68,22727,146,-130,-12919,0,0,154,2254,-4075,3267,0,0,0,2,0
1,90,1.83,44,952303,31,-21,-68,22727,146,-130,-12919,0,0,154,2254,-4075,3267,0,0,0,2,0
1,90,1.887,45,952359,31,-21,-68,22727,146,-130,-12919,0,0,154,2254,-4075,3267,0,0,0,2,0
1,90,1.958,46,952415,31,-21,-68,22727,146,-130,-12919,0,0,154,2254,-4075,3267,0,0,0,2,0
1,90,1.996,47,952471,31,-21,-68,22727,146,-130,-12919,0,0,154,2254,-4075,3267,0,0,0,2,0
1,90,2.06,48,952527,31,-21,-68,22727,146,-130,-12919,0,0,154,2254,-4075,3267,0,0,0,2,0
1,90,2.106,49,952579,31,-21,-68,22727,146,-130,-12919,0,0,154,2254,-4075,3267,0,0,0,2,0
1,90,2.167,50,952635,31,-21,-68,22727,146,-130,-12919,0,0,154,2254,-4075,3267,0,0,0,2,0
1,90,2.218,51,952691,31,-21,-68,22727,146,-130,-12919,0,0,154,2254,-4075,3267,0,0,0,2,0
1,90,2.272,52,952747,31,-21,-68,22727,146,-130,-12919,0,0,154,2254,-4075,3267,0,0,0,2,0
1,90,2.328,53,952803,31,-21,-68,22727,146,-130,-12919,0,0,154,2254,-4075,3267,0,0,0,2,0
1,90,2.384,54,952859,31,-21,-68,22727,146,-130,-12919,0,0,154,2254,-4075,3267,0,0,0,2,0
1,90,2.44,55,952915,31,-21,-68,22727,146,-130,-12919,0,0,154,2254,-4075,3267,0,0,0,2,0
1,90,2.504,56,952971,31,-21,-68,22727,146,-130,-12919,0,0,154,2254,-4075,3267,0,0,0,2,0
1,90,2.552,57,953027,31,-21,-68,22727,146,-130,-12919,0,0,154,2254,-4075,3267,0,0,0,2,0
1,90,2.609,58,953083,31,-21,-68,22727,146,-130,-12919,0,0,154,2254,-4075,3267,0,0,0,2,0
1,90,2.664,59,953139,31,-21,-68,22727,146,-130,-12919,0,0,154,2254,-4075,3267,0,0,0,2,0
1,90,2.724,60,953195,31,-21,-68,22727,146,-130,-12919,0,0,154,2254,-4075,3267,0,0,0,2,0
1,90,2.775,61,953251,31,-21,-68,22727,146,-130,-12919,0,0,154,2254,-4075,3267,0,0,0,2,0
1,90,2.832,62,953307,31,-21,-68,22727,146,-130,-12919,0,0,154,2254,-4075,3267,0,0,0,2,0
1,90,2.891,63,953363,31,-21,-68,22727,146,-130,-12919,0,0,154,2254,-4075,3267,0,0,0,2,0
1,90,2.943,64,953419,31,-21,-68,22727,146,-130,-12919,0,0,154,2254,-4075,3267,0,0,0,2,0
1,90,2.999,65,953475,31,-21,-68,22727,146,-130,-12919,0,0,154,2254,-4075,3267,0,0,0,2,0
1,90,3.066,66,953531,31,-21,-68,22727,146,-130,-12919,0,0,154,2254,-4075,3267,0,0,0,2,0
1,90,3.118,67,953587,31,-21,-68,22727,146,-130,-12919,0,0,154,2254,-4075,3267,0,0,0,2,0
1,90,3.167,68,953639,31,-21,-68,22727,146,-130,-12919,0,0,154,2254,-4075,3267,0,0,0,2,0
1,90,3.226,69,953695,31,-21,-68,22727,146,-130,-12919,0,0,154,2254,-4075,3267,0,0,0,2,0
1,90,3.277,70,953751,31,-21,-68,22727,146,-130,-12919,0,0,154,2254,-4075,3267,0,0,0,2,0
1,90,3.339,71,953807,31,-21,-68,22727,146,-130,-12919,0,0,154,2254,-4075,3267,0,0,0,2,0
1,90,3.41,72,953863,31,-21,-68,22727,146,-130,-12919,0,0,154,2254,-4075,3267,0,0,0,2,0
1,90,3.444,73,953919,31,-21,-68,22727,146,-130,-12919,0,0,154,2254,-4075,3267,0,0,0,2,0
1,90,3.501,74,953975,31,-21,-68,22727,146,-130,-12919,0,0,154,2254,-4075,3267,0,0,0,2,0
1,90,3.557,75,954031,31,-21,-68,22727,146,-130,-12919,0,0,154,2254,-4075,3267,0,0,0,2,0
1,90,3.617,76,954087,31,-21,-68,22727,146,-130,-12919,0,0,154,2254,-4075,3267,0,0,0,2,0
1,90,3.667,77,954143,31,-21,-68,22727,146,-130,-12919,0,0,154,2254,-4075,3267,0,0,0,2,0
1,90,3.731,78,954199,31,-21,-68,22727,146,-130,-12919,0,0,154,2254,-4075,3267,0,0,0,2,0
1,90,3.78,79,954255,31,-21,-68,22727,146,-130,-12920,0,0,154,2254,-4075,3267,0,0,0,2,0
1,90,3.836,80,954311,31,-21,-68,22727,146,-130,-12920,0,0,154,2254,-4075,3267,0,0,0,2,0
1,90,3.892,81,954367,31,-21,-68,22727,146,-130,-12920,0,0,154,2254,-4075,3267,0,0,0,2,0
1,90,3.954,82,954423,31,-21,-68,22727,146,-130,-12920,0,0,154,2254,-4075,3267,0,0,0,2,0
1,90,4.005,83,954479,31,-21,-68,22727,146,-130,-12919,0,0,154,2254,-4075,3267,0,0,0,2,0
1,90,4.061,84,954535,31,-21,-68,22727,146,-130,-12919,0,0,154,2254,-4075,3267,0,0,0,2,0
1,90,4.117,85,954591,31,-21,-68,22727,146,-130,-12919,0,0,154,2254,-4075,3267,0,0,0,2,0
1,90,4.179,86,954647,31,-21,-68,22727,146,-130,-12919,0,0,154,2254,-4075,3267,0,0,0,2,0
1,90,4.224,87,954699,31,-21,-68,22727,146,-130,-12919,0,0,154,2254,-4075,3267,0,0,0,2,0
1,90,4.293,88,954755,31,-21,-68,22727,146,-130,-12919,0,0,154,2254,-4075,3267,0,0,0,2,0
1,90,4.412,89,954811,31,-21,-68,22727,146,-130,-12919,0,0,154,2254,-4075,3267,0,0,0,2,0
1,90,4.412,90,954867,31,-21,-68,22727,146,-130,-12919,0,0,154,2254,-4075,3267,0,0,0,2,0
1,90,4.449,91,954923,31,-21,-68,22727,146,-130,-12919,0,0,154,2254,-4075,3267,0,0,0,2,0
1,90,4.507,92,954979,31,-21,-68,22727,146,-130,-12919,0,0,154,2254,-4075,3267,0,0,0,2,0
1,90,4.567,93,955035,31,-21,-68,22727,146,-130,-12919,0,0,154,2254,-4075,3267,0,0,0,2,0
1,90,4.616,94,955091,31,-21,-68,22727,146,-130,-12919,0,0,154,2254,-4075,3267,0,0,0,2,0
1,90,4.692,95,955147,31,-21,-68,22727,146,-130,-12920,0,0,154,2254,-4075,3267,0,0,0,2,0
1,90,4.729,96,955203,31,-21,-68,22727,146,-130,-12920,0,0,154,2254,-4075,3267,0,0,0,2,0
1,90,4.784,97,955259,31,-21,-68,22727,146,-130,-12919,0,0,154,2254,-4075,3267,0,0,0,2,0
1,90,4.84,98,955315,31,-21,-68,22727,146,-130,-12919,0,0,154,2254,-4075,3267,0,0,0,2,0
1,90,4.897,99,955371,31,-21,-68,22727,146,-130,-12920,0,0,154,2254,-4075,3267,0,0,0,2,0
1,90,4.979,100,955427,31,-21,-68,22727,146,-130,-12920,0,0,154,2254,-4075,3267,0,0,0,2,0
1,90,5.008,101,955483,31,-21,-68,22727,146,-130,-12920,0,0,154,2254,-4075,3267,0,0,0,2,0
1,90,5.116,102,955539,31,-21,-68,22727,146,-130,-12920,0,0,154,2254,-4075,3267,0,0,0,2,0
1,90,5.119,103,955595,31,-21,-68,22727,146,-130,-12920,0,0,154,2254,-4075,3267,0,0,0,2,0
1,90,5.179,104,955651,31,-21,-68,22727,146,-130,-12920,0,0,154,2254,-4075,3267,0,0,0,2,0
1,90,5.242,105,955707,31,-21,-68,22727,146,-130,-12920,0,0,154,2254,-4075,3267,0,0,0,2,0
1,90,5.344,106,955759,31,-21,-68,22727,146,-130,-12920,0,0,154,2254,-4075,3267,0,0,0,2,0
1,90,5.344,107,955815,31,-21,-68,22727,146,-130,-12920,0,0,154,2254,-4075,3267,0,0,0,2,0
1,90,5.399,108,955871,31,-21,-68,22727,146,-130,-12920,0,0,154,2254,-4075,3267,0,0,0,2,0
1,90,5.452,109,955927,31,-21,-68,22727,146,-130,-12920,0,0,154,2254,-4075,3267,0,0,0,2,0
1,90,5.51,110,955983,31,-21,-68,22727,146,-130,-12920,0,0,154,2254,-4075,3267,0,0,0,2,0
1,90,5.614,111,956039,31,-21,-68,22727,146,-130,-12920,0,0,154,2254,-4075,3267,0,0,0,2,0
1,90,5.625,112,956095,31,-21,-68,22727,146,-130,-12920,0,0,154,2254,-4075,3267,0,0,0,2,0
1,90,5.678,113,956151,31,-21,-68,22727,146,-130,-12920,0,0,154,2254,-4075,3267,0,0,0,2,0
1,90,5.732,114,956207,31,-21,-68,22727,146,-130,-12920,0,0,154,2254,-4075,3267,0,0,0,2,0
1,90,5.792,115,956263,31,-21,-68,22727,146,-130,-12920,0,0,154,2254,-4075,3267,0,0,0,2,0
1,90,5.861,116,956319,31,-21,-68,22727,146,-130,-12920,0,0,154,2254,-4075,3267,0,0,0,2,0
1,90,5.905,117,956375,31,-21,-68,22727,146,-130,-12920,0,0,154,2254,-4075,3267,0,0,0,2,0
1,90,5.956,118,956431,31,-21,-68,22727,146,-130,-12920,0,0,154,2254,-4075,3267,0,0,0,2,0
1,90,6.014,119,956487,31,-21,-68,22727,146,-130,-12920,0,0,154,2254,-4075,3267,0,0,0,2,0
1,90,6.068,120,956543,31,-21,-68,22727,146,-130,-12920,0,0,154,2254,-4075,3267,0,0,0,2,0
1,90,6.127,121,956599,31,-21,-68,22727,146,-130,-12920,0,0,154,2254,-4075,3267,0,0,0,2,0
1,90,6.214,122,956655,31,-21,-68,22727,146,-130,-12920,0,0,154,2254,-4075,3267,0,0,0,2,0
1,90,6.236,123,956711,31,-21,-68,22727,146,-130,-12920,0,0,154,2254,-4075,3267,0,0,0,2,0
1,90,6.301,124,956767,31,-21,-68,22727,146,-130,-12920,0,0,154,2254,-4075,3267,0,0,0,2,0
1,90,6.344,125,956819,31,-21,-68,22727,146,-130,-12920,0,0,154,2254,-4075,3267,0,0,0,2,0
1,90,6.427,126,956875,31,-21,-68,22727,146,-130,-12920,0,0,154,2254,-4075,3267,0,0,0,2,0
1,90,6.459,127,956931,31,-21,-68,22727,146,-130,-12920,0,0,154,2254,-4075,3267,0,0,0,2,0
1,90,6.546,0,956987,31,-21,-68,22727,146,-130,-12920,0,0,154,2254,-4075,3267,0,0,0,2,0
1,90,6.568,1,957043,31,-21,-68,22727,146,-130,-12920,0,0,154,2254,-4075,3267,0,0,0,2,0
1,90,6.623,2,957099,31,-21,-68,22727,146,-130,-12920,0,0,154,2254,-4075,3267,0,0,0,2,0
1,90,6.68,3,957155,31,-21,-68,22727,146,-130,-12920,0,0,154,2254,-4075,3267,0,0,0,2,0
1,90,6.741,4,957211,31,-21,-68,22727,146,-130,-12920,0,0,154,2254,-4075,3267,0,0,0,2,0
1,90,6.793,5,957267,31,-21,-68,22727,146,-130,-12920,0,0,154,2254,-4075,3267,0,0,0,2,0
1,90,6.853,6,957323,31,-21,-68,22727,146,-130,-12920,0,0,154,2254,-4075,3267,0,0,0,2,0
1,90,6.902,7,957379,31,-21,-68,22727,146,-130,-12920,0,0,154,2254,-4075,3267,0,0,0,2,0
1,90,6.961,8,957435,31,-21,-68,22727,146,-130,-12920,0,0,154,2254,-4075,3267,0,0,0,2,0
1,90,7.014,9,957491,31,-21,-68,22727,146,-130,-12920,0,0,154,2254,-4075,3267,0,0,0,2,0
1,90,7.072,10,957547,31,-21,-68,22727,146,-130,-12920,0,0,154,2254,-4075,3267,0,0,0,2,0
1,90,7.134,11,957603,31,-21,-68,22727,146,-130,-12920,0,0,154,2254,-4075,3267,0,0,0,2,0
1,90,7.209,12,957659,31,-21,-68,22727,146,-130,-12920,0,0,154,2254,-4075,3267,0,0,0,2,0
1,90,7.244,13,957715,31,-21,-68,22727,146,-130,-12920,0,0,154,2254,-4075,3267,0,0,0,2,0
1,90,7.297,14,957771,31,-21,-68,22727,146,-130,-12920,0,0,154,2254,-4075,3267,0,0,0,2,0
1,90,7.359,15,957827,31,-21,-68,22727,146,-130,-12920,0,0,154,2254,-4075,3267,0,0,0,2,0
1,90,7.433,16,957879,31,-21,-68,22727,146,-130,-12920,0,0,154,2254,-4075,3267,0,0,0,2,0
1,90,7.463,17,957935,31,-21,-68,22727,146,-130,-12920,0,0,154,2254,-4075,3267,0,0,0,2,0
1,90,7.516,18,957991,31,-21,-68,22727,146,-130,-12920,0,0,154,2254,-4075,3267,0,0,0,2,0
1,90,7.575,19,958047,31,-21,-68,22727,146,-130,-12920,0,0,154,2254,-4075,3267,0,0,0,2,0
1,90,7.638,20,958103,31,-21,-68,22727,146,-130,-12920,0,0,154,2254,-4075,3267,0,0,0,2,0
1,90,7.71,21,958159,31,-21,-68,22727,146,-130,-12920,0,0,154,2254,-4075,3267,0,0,0,2,0
1,90,7.778,22,958215,31,-21,-68,22727,146,-130,-12920,0,0,154,2254,-4075,3267,0,0,0,2,0
1,90,7.796,23,958271,31,-21,-68,22727,146,-130,-12920,0,0,154,2254,-4075,3267,0,0,0,2,0
1,90,7.851,24,958327,31,-21,-68,22727,146,-130,-12920,0,0,154,2254,-4075,3267,0,0,0,2,0
1,90,7.921,25,958383,31,-21,-68,22727,146,-130,-12920,0,0,154,2254,-4075,3267,0,0,0,2,0
1,90,7.965,26,958439,31,-21,-68,22727,146,-130,-12920,0,0,154,2254,-4075,3267,0,0,0,2,0
1,90,8.032,27,958495,31,-21,-68,22727,146,-130,-12920,0,0,154,2254,-4075,3267,0,0,0,2,0
1,90,8.079,28,958551,31,-21,-68,22727,146,-130,-12920,0,0,154,2254,-4075,3267,0,0,0,2,0
1,90,8.131,29,958607,31,-21,-68,22727,146,-130,-12920,0,0,154,2254,-4075,3267,0,0,0,2,0
1,90,8.19,30,958663,31,-21,-68,22727,146,-130,-12920,0,0,154,2254,-4075,3267,0,0,0,2,0
2,-90,-0.042,125,963963,31,-21,-68,22727,146,-130,-12921,0,0,154,2254,-4075,3267,0,0,0,2,0
2,-90,0.01,126,964019,31,-21,-68,22727,146,-130,-12921,0,0,154,2254,-4075,3267,0,0,0,2,0
2,-90,0.093,127,964079,31,-21,-68,22727,146,-130,-12921,0,0,154,2256,-4075,3267,300,-300,0,2,0
2,-90,0.146,0,964151,31,-22,-68,22700,146,-130,-12921,9,0,156,2259,-4066,3267,900,-900,0,2,0
2,-90,0.226,1,964223,31,-22,-68,22520,146,-130,-12955,23,-32,156,2262,-4036,3239,1600,-1600,0,2,0
2,-90,0.287,2,964295,31,-22,-68,22192,146,-130,-12955,70,-70,156,2265,-3980,3189,2400,-2400,0,2,0
2,-90,0.359,3,964367,31,-22,-69,21557,149,-134,-13552,128,-114,156,2268,-3869,3095,2900,-2800,0,2,0
2,-90,0.433,4,964439,31,-22,-69,20663,154,-142,-14878,154,-161,156,2271,-3719,2956,3300,-3300,0,2,0
2,-90,0.502,5,964511,31,-22,-69,19542,154,-142,-14878,187,-187,156,2274,-3538,2775,3500,-3600,0,2,0
2,-90,0.58,6,964583,31,-23,-69,18307,158,-154,-16758,192,-196,156,2277,-3336,2578,3100,-3100,0,2,0
2,-90,0.651,7,964655,31,-22,-69,17152,158,-154,-16758,164,-178,156,2280,-3152,2389,2400,-2400,0,2,0
2,-90,0.719,8,964727,31,-22,-69,16193,158,-168,17329,146,-146,156,2283,-2997,2234,1900,-1800,0,2,0
2,-90,0.79,9,964799,31,-23,-69,15521,155,-178,16013,96,-82,156,2286,-2886,2128,1300,-1300,0,2,0
2,-90,0.863,10,964871,31,-23,-69,15088,155,-178,16013,67,-58,156,2289,-2813,2061,1300,-1400,0,2,0
2,-90,0.937,11,964943,31,-23,-69,14756,152,-181,15362,50,-55,156,2292,-2758,2009,1200,-1300,0,2,0
2,-90,1.006,12,965015,31,-23,-69,14453,150,-184,14900,50,-41,156,2295,-2708,1961,1000,-1000,0,2,0
2,-90,1.089,13,965088,31,-23,-69,14230,150,-184,14900,32,-32,156,2298,-2669,1928,900,-1000,0,2,0
2,-90,1.149,14,965152,31,-23,-69,14085,148,-186,14521,0,0,156,2302,-2644,1906,0,0,0,2,0
2,-90,1.195,15,965203,31,-23,-69,14085,148,-186,14521,0,0,156,2304,-2644,1906,0,0,0,2,0
2,-90,1.265,16,965275,31,-23,-69,14085,148,-186,14409,0,0,156,2307,-2644,1906,0,0,0,2,0
2,-90,1.338,17,965347,31,-23,-69,14085,148,-187,14410,0,0,156,2310,-2644,1906,0,0,0,2,0
2,-90,1.397,18,965403,31,-23,-69,14085,148,-187,14410,0,0,156,2312,-2644,1906,0,0,0,2,0
2,-90,1.456,19,965459,31,-23,-69,14085,148,-187,14410,0,0,156,2312,-2644,1906,0,0,0,2,0
2,-90,1.514,20,965515,31,-23,-69,14085,148,-187,14410,0,0,156,2312,-2644,1906,0,0,0,2,0
2,-90,1.559,21,965567,31,-23,-69,14085,148,-187,14410,0,0,156,2312,-2644,1906,0,0,0,2,0
2,-90,1.622,22,965623,31,-23,-69,14085,148,-187,14410,0,0,156,2312,-2644,1906,0,0,0,2,0
2,-90,1.669,23,965679,31,-23,-69,14085,148,-187,14410,0,0,156,2312,-2644,1906,0,0,0,2,0
2,-90,1.726,24,965735,31,-23,-69,14085,148,-187,14410,0,0,156,2312,-2644,1906,0,0,0,2,0
2,-90,1.783,25,965791,31,-23,-69,14085,148,-187,14410,0,0,156,2312,-2644,1906,0,0,0,2,0
2,-90,1.845,26,965847,31,-23,-69,14085,148,-187,14410,0,0,156,2312,-2644,1906,0,0,0,2,0
2,-90,1.903,27,965903,31,-23,-69,14085,148,-187,14410,0,0,156,2312,-2644,1906,0,0,0,2,0
2,-90,1.951,28,965959,31,-23,-69,14085,148,-187,14410,0,0,156,2312,-2644,1906,0,0,0,2,0
2,-90,2.005,29,966015,31,-23,-69,14085,148,-187,14410,0,0,156,2312,-2644,1906,0,0,0,2,0
2,-90,2.063,30,966071,31,-23,-69,14085,148,-187,14410,0,0,156,2312,-2644,1906,0,0,0,2,0
2,-90,2.118,31,966127,31,-23,-69,14085,148,-187,14410,0,0,156,2312,-2644,1906,0,0,0,2,0
2,-90,2.176,32,966183,31,-23,-69,14085,148,-187,14410,0,0,156,2312,-2644,1906,0,0,0,2,0
2,-90,2.234,33,966239,31,-23,-69,14085,148,-187,14410,0,0,156,2312,-2644,1906,0,0,0,2,0
2,-90,2.291,34,966295,31,-23,-69,14085,148,-187,14410,0,0,156,2312,-2644,1906,0,0,0,2,0
2,-90,2.349,35,966351,31,-23,-69,14085,148,-187,14410,0,0,156,2312,-2644,1906,0,0,0,2,0
2,-90,2.397,36,966407,31,-23,-69,14085,148,-187,14410,0,0,156,2312,-2644,1906,0,0,0,2,0
2,-90,2.454,37,966463,31,-23,-69,14085,148,-187,14409,0,0,156,2312,-2644,1906,0,0,0,2,0
2,-90,2.513,38,966519,31,-23,-69,14085,148,-187,14409,0,0,156,2312,-2644,1906,0,0,0,2,0
2,-90,2.573,39,966575,31,-23,-69,14085,148,-187,14409,0,0,156,2312,-2644,1906,0,0,0,2,0
2,-90,2.62,40,966627,31,-23,-69,14085,148,-187,14409,0,0,156,2312,-2644,1906,0,0,0,2,0
2,-90,2.673,41,966683,31,-23,-69,14085,148,-187,14410,0,0,156,2312,-2644,1906,0,0,0,2,0
2,-90,2.73,42,966739,31,-23,-69,14085,148,-187,14410,0,0,156,2312,-2644,1906,0,0,0,2,0
2,-90,2.788,43,966795,31,-23,-69,14085,148,-187,14409,0,0,156,2312,-2644,1906,0,0,0,2,0
2,-90,2.842,44,966851,31,-23,-69,14085,148,-187,14409,0,0,156,2312,-2644,1906,0,0,0,2,0
2,-90,2.897,45,966907,31,-23,-69,14085,148,-187,14409,0,0,156,2312,-2644,1906,0,0,0,2,0
2,-90,2.953,46,966963,31,-23,-69,14085,148,-187,14409,0,0,156,2312,-2644,1906,0,0,0,2,0
2,-90,3.008,47,967019,31,-23,-69,14085,148,-187,14409,0,0,156,2312,-2644,1906,0,0,0,2,0
2,-90,3.066,48,967075,31,-23,-69,14085,148,-187,14409,0,0,156,2312,-2644,1906,0,0,0,2,0
2,-90,3.121,49,967131,31,-23,-69,14085,148,-187,14409,0,0,156,2312,-2644,1906,0,0,0,2,0
2,-90,3.177,50,967187,31,-23,-69,14085,148,-187,14409,0,0,156,2312,-2644,1906,0,0,0,2,0
2,-90,3.235,51,967243,31,-23,-69,14085,148,-187,14409,0,0,156,2312,-2644,1906,0,0,0,2,0
2,-90,3.289,52,967299,31,-23,-69,14085,148,-187,14409,0,0,156,2312,-2644,1906,0,0,0,2,0
2,-90,3.347,53,967355,31,-23,-69,14085,148,-187,14409,0,0,156,2312,-2644,1906,0,0,0,2,0
2,-90,3.402,54,967411,31,-23,-69,14085,148,-187,14409,0,0,156,2312,-2644,1906,0,0,0,2,0
2,-90,3.457,55,967467,31,-23,-69,14085,148,-187,14409,0,0,156,2312,-2644,1906,0,0,0,2,0
2,-90,3.514,56,967523,31,-23,-69,14085,148,-187,14409,0,0,156,2312,-2644,1906,0,0,0,2,0
2,-90,3.569,57,967579,31,-23,-69,14085,148,-186,14409,0,0,156,2312,-2644,1906,0,0,0,2,0
2,-90,3.634,58,967635,31,-23,-69,14085,148,-186,14409,0,0,156,2312,-2644,1906,0,0,0,2,0
2,-90,3.68,59,967687,31,-23,-69,14085,148,-186,14409,0,0,156,2312,-2644,1906,0,0,0,2,0
2,-90,3.733,60,967743,31,-23,-69,14085,148,-186,14409,0,0,156,2312,-2644,1906,0,0,0,2,0
2,-90,3.788,61,967799,31,-23,-69,14085,148,-186,14409,0,0,156,2312,-2644,1906,0,0,0,2,0
2,-90,3.845,62,967855,31,-23,-69,14085,148,-186,14409,0,0,156,2312,-2644,1906,0,0,0,2,0
2,-90,3.901,63,967911,31,-23,-69,14085,148,-186,14409,0,0,156,2312,-2644,1906,0,0,0,2,0
2,-90,3.959,64,967967,31,-23,-69,14085,148,-186,14409,0,0,156,2312,-2644,1906,0,0,0,2,0
2,-90,4.027,65,968023,31,-23,-69,14085,148,-186,14409,0,0,156,2312,-2644,1906,0,0,0,2,0
2,-90,4.069,66,968079,31,-23,-69,14085,148,-186,14409,0,0,156,2312,-2644,1906,0,0,0,2,0
2,-90,4.124,67,968135,31,-23,-69,14085,148,-186,14409,0,0,156,2312,-2644,1906,0,0,0,2,0
2,-90,4.182,68,968191,31,-23,-69,14085,148,-186,14409,0,0,156,2312,-2644,1906,0,0,0,2,0
2,-90,4.237,69,968247,31,-23,-69,14085,148,-186,14409,0,0,156,2312,-2644,1906,0,0,0,2,0
2,-90,4.293,70,968303,31,-23,-69,14085,148,-186,14409,0,0,156,2312,-2644,1906,0,0,0,2,0
2,-90,4.352,71,968359,31,-23,-69,14085,148,-186,14409,0,0,156,2312,-2644,1906,0,0,0,2,0
2,-90,4.407,72,968415,31,-23,-69,14085,148,-186,14409,0,0,156,2312,-2644,1906,0,0,0,2,0
2,-90,4.461,73,968471,31,-23,-69,14085,148,-186,14409,0,0,156,2312,-2644,1906,0,0,0,2,0
2,-90,4.523,74,968527,31,-23,-69,14085,148,-186,14409,0,0,156,2312,-2644,1906,0,0,0,2,0
2,-90,4.583,75,968583,31,-23,-69,14085,148,-186,14409,0,0,156,2312,-2644,1906,0,0,0,2,0
2,-90,4.635,76,968639,31,-23,-69,14085,148,-186,14409,0,0,156,2312,-2644,1906,0,0,0,2,0
2,-90,4.695,77,968695,31,-23,-69,14085,148,-186,14409,0,0,156,2312,-2644,1906,0,0,0,2,0
2,-90,4.77,78,968747,31,-23,-69,14085,148,-186,14409,0,0,156,2312,-2644,1906,0,0,0,2,0
2,-90,4.837,79,968803,31,-23,-69,14085,148,-186,14409,0,0,156,2312,-2644,1906,0,0,0,2,0
2,-90,4.904,80,968859,31,-23,-69,14085,148,-186,14409,0,0,156,2312,-2644,1906,0,0,0,2,0
2,-90,4.91,81,968915,31,-23,-69,14085,148,-186,14409,0,0,156,2312,-2644,1906,0,0,0,2,0
2,-90,4.965,82,968971,31,-23,-69,14085,148,-186,14409,0,0,156,2312,-2644,1906,0,0,0,2,0
2,-90,5.022,83,969027,31,-23,-69,14085,148,-186,14409,0,0,156,2312,-2644,1906,0,0,0,2,0
2,-90,5.085,84,969083,31,-23,-69,14085,148,-186,14409,0,0,156,2312,-2644,1906,0,0,0,2,0
2,-90,5.129,85,969139,31,-23,-69,14085,148,-186,14409,0,0,156,2312,-2644,1906,0,0,0,2,0
2,-90,5.194,86,969195,31,-23,-69,14085,148,-186,14409,0,0,156,2312,-2644,1906,0,0,0,2,0
2,-90,5.268,87,969251,31,-23,-69,14085,148,-186,14409,0,0,156,2312,-2644,1906,0,0,0,2,0
2,-90,5.304,88,969307,31,-23,-69,14085,148,-186,14409,0,0,156,2312,-2644,1906,0,0,0,2,0
2,-90,5.359,89,969363,31,-23,-69,14085,148,-186,14409,0,0,156,2312,-2644,1906,0,0,0,2,0
2,-90,5.41,90,969419,31,-23,-69,14085,148,-186,14409,0,0,156,2312,-2644,1906,0,0,0,2,0
2,-90,5.471,91,969475,31,-23,-69,14085,148,-186,14409,0,0,156,2312,-2644,1906,0,0,0,2,0
2,-90,5.521,92,969531,31,-23,-69,14085,148,-186,14409,0,0,156,2312,-2644,1906,0,0,0,2,0
2,-90,5.577,93,969587,31,-23,-69,14085,148,-186,14409,0,0,156,2312,-2644,1906,0,0,0,2,0
2,-90,5.636,94,969643,31,-23,-69,14085,148,-186,14409,0,0,156,2312,-2644,1906,0,0,0,2,0
2,-90,5.689,95,969699,31,-23,-69,14085,148,-186,14409,0,0,156,2312,-2644,1906,0,0,0,2,0
2,-90,5.762,96,969755,31,-23,-69,14085,148,-186,14409,0,0,156,2312,-2644,1906,0,0,0,2,0
2,-90,5.804,97,969807,31,-23,-69,14085,148,-186,14409,0,0,156,2312,-2644,1906,0,0,0,2,0
2,-90,5.862,98,969863,31,-23,-69,14085,148,-186,14409,0,0,156,2312,-2644,1906,0,0,0,2,0
2,-90,5.912,99,969919,31,-23,-69,14085,148,-186,14409,0,0,156,2312,-2644,1906,0,0,0,2,0
2,-90,5.97,100,969975,31,-23,-69,14085,148,-186,14409,0,0,156,2312,-2644,1906,0,0,0,2,0
2,-90,6.021,101,970031,31,-23,-69,14085,148,-186,14409,0,0,156,2312,-2644,1906,0,0,0,2,0
2,-90,6.077,102,970087,31,-23,-69,14085,148,-186,14409,0,0,156,2312,-2644,1906,0,0,0,2,0
2,-90,6.134,103,970143,31,-23,-69,14085,148,-186,14409,0,0,156,2312,-2644,1906,0,0,0,2,0
2,-90,6.19,104,970199,31,-23,-69,14085,148,-186,14408,0,0,156,2312,-2644,1906,0,0,0,2,0
2,-90,6.246,105,970255,31,-23,-69,14085,148,-186,14408,0,0,156,2312,-2644,1906,0,0,0,2,0
2,-90,6.303,106,970311,31,-23,-69,14085,148,-186,14408,0,0,156,2312,-2644,1906,0,0,0,2,0
2,-90,6.357,107,970367,31,-23,-69,14085,148,-186,14408,0,0,156,2312,-2644,1906,0,0,0,2,0
2,-90,6.414,108,970423,31,-23,-69,14085,148,-186,14408,0,0,156,2312,-2644,1906,0,0,0,2,0
2,-90,6.474,109,970479,31,-23,-69,14085,148,-186,14408,0,0,156,2312,-2644,1906,0,0,0,2,0
2,-90,6.529,110,970535,31,-23,-69,14085,148,-186,14408,0,0,156,2312,-2644,1906,0,0,0,2,0
2,-90,6.588,111,970591,31,-23,-69,14085,148,-186,14408,0,0,156,2312,-2644,1906,0,0,0,2,0
2,-90,6.64,112,970647,31,-23,-69,14085,148,-186,14408,0,0,156,2312,-2644,1906,0,0,0,2,0
2,-90,6.693,113,970703,31,-23,-69,14085,148,-186,14408,0,0,156,2312,-2644,1906,0,0,0,2,0
2,-90,6.751,114,970759,31,-23,-69,14085,148,-186,14408,0,0,156,2312,-2644,1906,0,0,0,2,0
2,-90,6.815,115,970815,31,-23,-69,14085,148,-186,14408,0,0,156,2312,-2644,1906,0,0,0,2,0
2,-90,6.862,116,970867,31,-23,-69,14085,148,-186,14408,0,0,156,2312,-2644,1906,0,0,0,2,0
2,-90,6.917,117,970923,31,-23,-69,14085,148,-186,14408,0,0,156,2312,-2644,1906,0,0,0,2,0
2,-90,6.974,118,970979,31,-23,-69,14085,148,-186,14408,0,0,156,2312,-2644,1906,0,0,0,2,0
2,-90,7.028,119,971035,31,-23,-69,14085,148,-186,14408,0,0,156,2312,-2644,1906,0,0,0,2,0
2,-90,7.103,120,971091,31,-23,-69,14085,148,-186,14408,0,0,156,2312,-2644,1906,0,0,0,2,0
2,-90,7.139,121,971147,31,-23,-69,14085,148,-186,14408,0,0,156,2312,-2644,1906,0,0,0,2,0
2,-90,7.194,122,971203,31,-23,-69,14085,148,-186,14408,0,0,156,2312,-2644,1906,0,0,0,2,0
2,-90,7.251,123,971259,31,-23,-69,14085,148,-186,14408,0,0,156,2312,-2644,1906,0,0,0,2,0
2,-90,7.308,124,971315,31,-23,-69,14085,148,-186,14408,0,0,156,2312,-2644,1906,0,0,0,2,0
2,-90,7.361,125,971371,31,-23,-69,14085,148,-186,14408,0,0,156,2312,-2644,1906,0,0,0,2,0
2,-90,7.501,126,971427,31,-23,-69,14085,148,-186,14408,0,0,156,2312,-2644,1906,0,0,0,2,0
2,-90,7.506,127,971483,31,-23,-69,14085,148,-186,14408,0,0,156,2312,-2644,1906,0,0,0,2,0
2,-90,7.532,0,971539,31,-23,-69,14085,148,-186,14408,0,0,156,2312,-2644,1906,0,0,0,2,0
2,-90,7.586,1,971595,31,-23,-69,14085,148,-186,14408,0,0,156,2312,-2644,1906,0,0,0,2,0
2,-90,7.645,2,971651,31,-23,-69,14085,148,-186,14408,0,0,156,2312,-2644,1906,0,0,0,2,0
2,-90,7.709,3,971707,31,-23,-69,14085,148,-186,14408,0,0,156,2312,-2644,1906,0,0,0,2,0
2,-90,7.767,4,971763,31,-23,-69,14085,148,-186,14408,0,0,156,2312,-2644,1906,0,0,0,2,0
2,-90,7.814,5,971819,31,-23,-69,14085,148,-186,14408,0,0,156,2312,-2644,1906,0,0,0,2,0
2,-90,7.879,6,971875,31,-23,-69,14085,148,-186,14408,0,0,156,2312,-2644,1906,0,0,0,2,0
2,-90,7.919,7,971927,31,-23,-69,14085,148,-186,14408,0,0,156,2312,-2644,1906,0,0,0,2,0
2,-90,7.98,8,971983,31,-23,-69,14085,148,-186,14408,0,0,156,2312,-2644,1906,0,0,0,2,0
2,-90,8.035,9,972039,31,-23,-69,14085,148,-186,14408,0,0,156,2312,-2644,1906,0,0,0,2,0
2,-90,8.092,10,972095,31,-23,-69,14085,148,-186,14408,0,0,156,2312,-2644,1906,0,0,0,2,0
2,-90,8.141,11,972151,31,-23,-69,14085,148,-186,14408,0,0,156,2312,-2644,1906,0,0,0,2,0
2,-90,8.201,12,972207,31,-23,-69,14085,148,-186,14408,0,0,156,2312,-2644,1906,0,0,0,2,0
2,-90,8.253,13,972263,31,-23,-69,14085,148,-186,14408,0,0,156,2312,-2644,1906,0,0,0,2,0
2,-90,8.313,14,972319,31,-23,-69,14085,148,-186,14408,0,0,156,2312,-2644,1906,0,0,0,2,0
2,-90,8.369,15,972375,31,-23,-69,14085,148,-186,14408,0,0,156,2312,-2644,1906,0,0,0,2,0
2,-90,8.426,16,972431,31,-23,-69,14085,148,-186,14408,0,0,156,2312,-2644,1906,0,0,0,2,0
2,-90,8.482,17,972487,31,-23,-69,14085,148,-186,14408,0,0,156,2312,-2644,1906,0,0,0,2,0
3,107,-0.046,99,977063,31,-23,-69,14085,148,-186,14407,0,0,156,2312,-2644,1906,0,0,0,2,0
3,107,0.009,100,977119,31,-23,-69,14085,148,-186,14407,0,0,156,2312,-2644,1906,0,0,0,2,0
3,107,0.088,101,977180,31,-23,-69,14085,148,-186,14407,0,0,156,2314,-2644,1906,-300,300,0,2,0
3,107,0.121,102,977231,31,-23,-68,14075,148,-186,14407,4,0,156,2315,-2641,1906,-600,600,0,2,0
3,107,0.194,103,977303,31,-23,-69,14230,148,-186,14407,-50,41,156,2318,-2669,1928,-1700,1600,0,2,0
3,107,0.268,104,977375,31,-23,-69,14599,149,-186,14582,-73,64,156,2321,-2727,1989,-2300,2300,0,2,0
3,107,0.338,105,977447,31,-23,-68,15236,149,-186,14582,-114,114,156,2324,-2827,2095,-2700,2700,0,2,0
3,107,0.41,106,977519,31,-23,-68,16097,154,-180,15615,-137,146,156,2327,-2966,2234,-3100,3100,0,2,0
3,107,0.482,107,977591,31,-23,-68,17137,157,-170,17126,-178,178,156,2330,-3136,2400,-3600,3500,0,2,0
3,107,0.554,108,977663,31,-24,-68,18357,157,-170,17126,-196,210,156,2333,-3330,2600,-3600,3600,0,2,0
3,107,0.628,109,977735,31,-23,-68,19691,159,-157,-16899,-210,210,156,2336,-3547,2814,-3100,3100,0,2,0
3,107,0.711,110,977808,31,-23,-68,20914,155,-144,-14921,-195,181,156,2339,-3747,3009,-2500,2600,0,2,0
3,107,0.771,111,977879,31,-23,-69,21901,155,-144,-14921,-155,155,156,2342,-3905,3170,-1900,1900,0,2,0
3,107,0.841,112,977951,31,-24,-69,22604,149,-136,-13474,-88,114,156,2345,-4013,3289,-1400,1500,0,2,0
3,107,0.913,113,978023,31,-24,-69,23114,149,-136,-13474,-73,73,156,2348,-4097,3370,-1400,1400,0,2,0
3,107,0.995,114,978096,31,-24,-69,23508,144,-132,-12621,-58,47,156,2351,-4158,3436,-1200,1200,0,2,0
3,107,1.102,115,978167,31,-24,-69,23860,140,-131,-12049,-64,67,156,2354,-4213,3495,-1400,1200,0,2,0
3,107,1.186,116,978296,31,-24,-69,24319,136,-128,-11493,0,0,156,2361,-4286,3570,0,0,0,2,0
3,107,1.237,117,978347,31,-24,-69,24319,136,-128,-11493,0,0,156,2363,-4286,3570,0,0,0,2,0
3,107,1.32,118,978420,31,-24,-69,24319,135,-128,-11381,0,0,156,2366,-4286,3570,0,0,0,2,0
3,107,1.383,119,978475,31,-24,-69,24319,135,-128,-11381,0,0,156,2366,-4286,3570,0,0,0,2,0
3,107,1.428,120,978531,31,-24,-69,24319,135,-128,-11380,0,0,156,2366,-4286,3570,0,0,0,2,0
3,107,1.473,121,978583,31,-24,-69,24319,135,-128,-11380,0,0,156,2366,-4286,3570,0,0,0,2,0
3,107,1.531,122,978639,31,-24,-69,24319,135,-128,-11380,0,0,156,2366,-4286,3570,0,0,0,2,0
3,107,1.585,123,978695,31,-24,-69,24319,135,-128,-11380,0,0,156,2366,-4286,3570,0,0,0,2,0
3,107,1.641,124,978751,31,-24,-69,24319,135,-128,-11380,0,0,156,2366,-4286,3570,0,0,0,2,0
3,107,1.697,125,978807,31,-24,-69,24319,135,-128,-11380,0,0,156,2366,-4286,3570,0,0,0,2,0
3,107,1.755,126,978863,31,-24,-69,24319,135,-128,-11380,0,0,156,2366,-4286,3570,0,0,0,2,0
3,107,1.812,127,978919,31,-24,-69,24319,135,-128,-11380,0,0,156,2366,-4286,3570,0,0,0,2,0
3,107,1.878,0,978975,31,-24,-69,24319,135,-128,-11381,0,0,156,2366,-4286,3570,0,0,0,2,0
3,107,1.924,1,979031,31,-24,-69,24319,135,-128,-11381,0,0,156,2366,-4286,3570,0,0,0,2,0
3,107,2.02,2,979087,31,-24,-69,24319,135,-128,-11381,0,0,156,2366,-4286,3570,0,0,0,2,0
3,107,2.035,3,979143,31,-24,-69,24319,135,-128,-11381,0,0,156,2366,-4286,3570,0,0,0,2,0
3,107,2.094,4,979199,31,-24,-69,24319,135,-128,-11381,0,0,156,2366,-4286,3570,0,0,0,2,0
3,107,2.146,5,979255,31,-24,-69,24319,135,-128,-11381,0,0,156,2366,-4286,3570,0,0,0,2,0
3,107,2.204,6,979311,31,-24,-69,24319,135,-128,-11381,0,0,156,2366,-4286,3570,0,0,0,2,0
3,107,2.257,7,979367,31,-24,-69,24319,135,-128,-11381,0,0,156,2366,-4286,3570,0,0,0,2,0
3,107,2.316,8,979423,31,-24,-69,24319,135,-128,-11381,0,0,156,2366,-4286,3570,0,0,0,2,0
3,107,2.37,9,979479,31,-24,-69,24319,135,-128,-11381,0,0,156,2366,-4286,3570,0,0,0,2,0
3,107,2.427,10,979535,31,-24,-69,24319,135,-128,-11381,0,0,156,2366,-4286,3570,0,0,0,2,0
3,107,2.495,11,979591,31,-24,-69,24319,135,-128,-11381,0,0,156,2366,-4286,3570,0,0,0,2,0
3,107,2.536,12,979643,31,-24,-69,24319,135,-128,-11381,0,0,156,2366,-4286,3570,0,0,0,2,0
3,107,2.589,13,979699,31,-24,-69,24319,135,-128,-11381,0,0,156,2366,-4286,3570,0,0,0,2,0
3,107,2.646,14,979755,31,-24,-69,24319,135,-128,-11381,0,0,156,2366,-4286,3570,0,0,0,2,0
3,107,2.7,15,979811,31,-24,-69,24319,135,-128,-11381,0,0,156,2366,-4286,3570,0,0,0,2,0
3,107,2.761,16,979867,31,-24,-69,24319,135,-128,-11381,0,0,156,2366,-4286,3570,0,0,0,2,0
3,107,2.818,17,979923,31,-24,-69,24319,135,-128,-11381,0,0,156,2366,-4286,3570,0,0,0,2,0
3,107,2.869,18,979979,31,-24,-69,24319,135,-128,-11381,0,0,156,2366,-4286,3570,0,0,0,2,0
3,107,2.926,19,980035,31,-24,-69,24319,135,-128,-11381,0,0,156,2366,-4286,3570,0,0,0,2,0
3,107,2.983,20,980091,31,-24,-69,24319,135,-128,-11381,0,0,156,2366,-4286,3570,0,0,0,2,0
3,107,3.041,21,980147,31,-24,-69,24319,135,-128,-11381,0,0,156,2366,-4286,3570,0,0,0,2,0
3,107,3.098,22,980203,31,-24,-69,24319,135,-128,-11381,0,0,156,2366,-4286,3570,0,0,0,2,0
3,107,3.159,23,980259,31,-24,-69,24319,135,-128,-11381,0,0,156,2366,-4286,3570,0,0,0,2,0
3,107,3.219,24,980315,31,-24,-69,24319,135,-128,-11381,0,0,156,2366,-4286,3570,0,0,0,2,0
3,107,3.26,25,980371,31,-24,-69,24319,135,-128,-11381,0,0,156,2366,-4286,3570,0,0,0,2,0
3,107,3.317,26,980427,31,-24,-69,24319,135,-128,-11381,0,0,156,2366,-4286,3570,0,0,0,2,0
3,107,3.386,27,980483,31,-24,-69,24319,135,-128,-11381,0,0,156,2366,-4286,3570,0,0,0,2,0
3,107,3.43,28,980539,31,-24,-69,24319,135,-128,-11381,0,0,156,2366,-4286,3570,0,0,0,2,0
3,107,3.487,29,980595,31,-24,-69,24319,135,-128,-11381,0,0,156,2366,-4286,3570,0,0,0,2,0
3,107,3.553,30,980651,31,-24,-69,24319,135,-128,-11381,0,0,156,2366,-4286,3570,0,0,0,2,0
3,107,3.593,31,980703,31,-24,-69,24319,135,-128,-11381,0,0,156,2366,-4286,3570,0,0,0,2,0
3,107,3.65,32,980759,31,-24,-69,24319,135,-128,-11382,0,0,156,2366,-4286,3570,0,0,0,2,0
3,107,3.706,33,980815,31,-24,-69,24319,135,-128,-11382,0,0,156,2366,-4286,3570,0,0,0,2,0
3,107,3.764,34,980871,31,-24,-69,24319,135,-128,-11382,0,0,156,2366,-4286,3570,0,0,0,2,0
3,107,3.821,35,980927,31,-24,-69,24319,135,-128,-11382,0,0,156,2366,-4286,3570,0,0,0,2,0
3,107,3.874,36,980983,31,-24,-69,24319,135,-128,-11382,0,0,156,2366,-4286,3570,0,0,0,2,0
3,107,3.929,37,981039,31,-24,-69,24319,135,-128,-11382,0,0,156,2366,-4286,3570,0,0,0,2,0
3,107,3.984,38,981095,31,-24,-69,24319,135,-128,-11382,0,0,156,2366,-4286,3570,0,0,0,2,0
3,107,4.043,39,981151,31,-24,-69,24319,135,-128,-11382,0,0,156,2366,-4286,3570,0,0,0,2,0
3,107,4.096,40,981207,31,-24,-69,24319,135,-128,-11382,0,0,156,2366,-4286,3570,0,0,0,2,0
3,107,4.153,41,981263,31,-24,-69,24319,135,-128,-11382,0,0,156,2366,-4286,3570,0,0,0,2,0
3,107,4.215,42,981319,31,-24,-69,24319,135,-128,-11382,0,0,156,2366,-4286,3570,0,0,0,2,0
3,107,4.271,43,981375,31,-24,-69,24319,135,-128,-11382,0,0,156,2366,-4286,3570,0,0,0,2,0
3,107,4.323,44,981431,31,-24,-69,24319,135,-128,-11382,0,0,156,2366,-4286,3570,0,0,0,2,0
3,107,4.377,45,981487,31,-24,-69,24319,135,-128,-11382,0,0,156,2366,-4286,3570,0,0,0,2,0
3,107,4.448,46,981543,31,-24,-69,24319,135,-128,-11382,0,0,156,2366,-4286,3570,0,0,0,2,0
3,107,4.489,47,981599,31,-24,-69,24319,135,-128,-11382,0,0,156,2366,-4286,3570,0,0,0,2,0
3,107,4.545,48,981655,31,-24,-69,24319,135,-128,-11382,0,0,156,2366,-4286,3570,0,0,0,2,0
3,107,4.609,49,981711,31,-24,-69,24319,135,-128,-11382,0,0,156,2366,-4286,3570,0,0,0,2,0
3,107,4.652,50,981763,31,-24,-69,24319,135,-128,-11382,0,0,156,2366,-4286,3570,0,0,0,2,0
3,107,4.71,51,981819,31,-24,-69,24319,135,-128,-11382,0,0,156,2366,-4286,3570,0,0,0,2,0
3,107,4.767,52,981875,31,-24,-69,24319,135,-128,-11382,0,0,156,2366,-4286,3570,0,0,0,2,0
3,107,4.82,53,981931,31,-24,-69,24319,135,-128,-11382,0,0,156,2366,-4286,3570,0,0,0,2,0
3,107,4.877,54,981987,31,-24,-69,24319,135,-128,-11382,0,0,156,2366,-4286,3570,0,0,0,2,0
3,107,4.934,55,982043,31,-24,-69,24319,135,-128,-11382,0,0,156,2366,-4286,3570,0,0,0,2,0
3,107,4.989,56,982099,31,-24,-69,24319,135,-128,-11382,0,0,156,2366,-4286,3570,0,0,0,2,0
3,107,5.046,57,982155,31,-24,-69,24319,135,-128,-11382,0,0,156,2366,-4286,3570,0,0,0,2,0
3,107,5.101,58,982211,31,-24,-69,24319,135,-128,-11382,0,0,156,2366,-4286,3570,0,0,0,2,0
3,107,5.16,59,982267,31,-24,-69,24319,135,-128,-11382,0,0,156,2366,-4286,3570,0,0,0,2,0
3,107,5.228,60,982323,31,-24,-69,24319,135,-128,-11382,0,0,156,2366,-4286,3570,0,0,0,2,0
3,107,5.269,61,982379,31,-24,-69,24319,135,-128,-11382,0,0,156,2366,-4286,3570,0,0,0,2,0
3,107,5.327,62,982435,31,-24,-69,24319,135,-128,-11382,0,0,156,2366,-4286,3570,0,0,0,2,0
3,107,5.396,63,982491,31,-24,-69,24319,135,-128,-11382,0,0,156,2366,-4286,3570,0,0,0,2,0
3,107,5.438,64,982547,31,-24,-69,24319,135,-128,-11382,0,0,156,2366,-4286,3570,0,0,0,2,0
3,107,5.495,65,982603,31,-24,-69,24319,135,-128,-11382,0,0,156,2366,-4286,3570,0,0,0,2,0
3,107,5.551,66,982659,31,-24,-69,24319,135,-128,-11382,0,0,156,2366,-4286,3570,0,0,0,2,0
3,107,5.605,67,982715,31,-24,-69,24319,135,-128,-11382,0,0,156,2366,-4286,3570,0,0,0,2,0
3,107,5.672,68,982771,31,-24,-69,24319,135,-128,-11382,0,0,156,2366,-4286,3570,0,0,0,2,0
3,107,5.719,69,982823,31,-24,-69,24319,135,-128,-11382,0,0,156,2366,-4286,3570,0,0,0,2,0
3,107,5.77,70,982879,31,-24,-69,24319,135,-128,-11382,0,0,156,2366,-4286,3570,0,0,0,2,0
3,107,5.825,71,982935,31,-24,-69,24319,135,-128,-11382,0,0,156,2366,-4286,3570,0,0,0,2,0
3,107,5.884,72,982991,31,-24,-69,24319,135,-128,-11382,0,0,156,2366,-4286,3570,0,0,0,2,0
3,107,5.938,73,983047,31,-24,-69,24319,135,-128,-11382,0,0,156,2366,-4286,3570,0,0,0,2,0
3,107,5.993,74,983103,31,-24,-69,24319,135,-128,-11382,0,0,156,2366,-4286,3570,0,0,0,2,0
3,107,6.049,75,983159,31,-24,-69,24319,135,-128,-11382,0,0,156,2366,-4286,3570,0,0,0,2,0
3,107,6.105,76,983215,31,-24,-69,24319,135,-128,-11382,0,0,156,2366,-4286,3570,0,0,0,2,0
3,107,6.162,77,983271,31,-24,-69,24319,135,-128,-11382,0,0,156,2366,-4286,3570,0,0,0,2,0
3,107,6.22,78,983327,31,-24,-69,24319,135,-128,-11382,0,0,156,2366,-4286,3570,0,0,0,2,0
3,107,6.278,79,983383,31,-24,-69,24319,135,-128,-11382,0,0,156,2366,-4286,3570,0,0,0,2,0
3,107,6.33,80,983439,31,-24,-69,24319,135,-128,-11382,0,0,156,2366,-4286,3570,0,0,0,2,0
3,107,6.385,81,983495,31,-24,-69,24319,135,-128,-11382,0,0,156,2366,-4286,3570,0,0,0,2,0
3,107,6.458,82,983551,31,-24,-69,24319,135,-128,-11382,0,0,156,2366,-4286,3570,0,0,0,2,0
3,107,6.504,83,983607,31,-24,-69,24319,135,-128,-11382,0,0,156,2366,-4286,3570,0,0,0,2,0
3,107,6.553,84,983663,31,-24,-69,24319,135,-128,-11382,0,0,156,2366,-4286,3570,0,0,0,2,0
3,107,6.61,85,983719,31,-24,-69,24319,135,-128,-11382,0,0,156,2366,-4286,3570,0,0,0,2,0
3,107,6.678,86,983775,31,-24,-69,24319,135,-128,-11382,0,0,156,2366,-4286,3570,0,0,0,2,0
3,107,6.73,87,983831,31,-24,-69,24319,135,-128,-11382,0,0,156,2366,-4286,3570,0,0,0,2,0
3,107,6.781,88,983883,31,-24,-69,24319,135,-128,-11382,0,0,156,2366,-4286,3570,0,0,0,2,0
3,107,6.834,89,983939,31,-24,-69,24319,135,-128,-11382,0,0,156,2366,-4286,3570,0,0,0,2,0
3,107,6.892,90,983995,31,-24,-69,24319,135,-128,-11382,0,0,156,2366,-4286,3570,0,0,0,2,0
3,107,6.942,91,984051,31,-24,-69,24319,135,-128,-11382,0,0,156,2366,-4286,3570,0,0,0,2,0
3,107,6.998,92,984107,31,-24,-69,24319,135,-128,-11382,0,0,156,2366,-4286,3570,0,0,0,2,0
3,107,7.053,93,984163,31,-24,-69,24319,135,-128,-11382,0,0,156,2366,-4286,3570,0,0,0,2,0
3,107,7.153,94,984219,31,-24,-69,24319,135,-128,-11382,0,0,156,2366,-4286,3570,0,0,0,2,0
3,107,7.166,95,984275,31,-24,-69,24319,135,-128,-11382,0,0,156,2366,-4286,3570,0,0,0,2,0
3,107,7.22,96,984331,31,-24,-69,24319,135,-128,-11382,0,0,156,2366,-4286,3570,0,0,0,2,0
3,107,7.276,97,984387,31,-24,-69,24319,135,-128,-11382,0,0,156,2366,-4286,3570,0,0,0,2,0
3,107,7.334,98,984443,31,-24,-69,24319,135,-128,-11382,0,0,156,2366,-4286,3570,0,0,0,2,0
3,107,7.403,99,984499,31,-24,-69,24319,135,-128,-11382,0,0,156,2366,-4286,3570,0,0,0,2,0
3,107,7.445,100,984555,31,-24,-69,24319,135,-128,-11382,0,0,156,2366,-4286,3570,0,0,0,2,0
4,-107,-0.012,83,990747,31,-24,-69,24319,135,-128,-11384,0,0,156,2366,-4286,3570,0,0,0,2,0
4,-107,0.048,84,990807,31,-24,-69,24319,135,-128,-11384,0,0,156,2367,-4286,3570,0,0,0,2,0
4,-107,0.125,85,990879,31,-24,-69,24300,135,-128,-11384,9,0,157,2370,-4280,3570,700,-800,0,2,0
4,-107,0.194,86,990951,31,-24,-69,24170,135,-128,-11390,32,-32,158,2373,-4258,3550,1400,-1400,0,2,0
4,-107,0.264,87,991023,31,-24,-69,23919,135,-128,-11390,58,-50,158,2376,-4216,3511,2300,-2200,0,2,0
4,-107,0.335,88,991095,31,-24,-69,23362,138,-130,-11867,105,-99,158,2379,-4125,3422,2700,-2700,0,2,0
4,-107,0.409,89,991167,31,-24,-69,22536,145,-135,-13078,146,-146,158,2382,-3991,3289,3100,-3200,0,2,0
4,-107,0.483,90,991239,31,-24,-69,21505,145,-135,-13078,169,-181,158,2385,-3825,3122,3600,-3600,0,2,0
4,-107,0.553,91,991311,31,-24,-70,20294,152,-145,-14849,210,-187,158,2388,-3625,2931,3800,-3800,0,2,0
4,-107,0.634,92,991383,31,-24,-70,18942,152,-145,-14849,210,-213,158,2391,-3408,2711,3300,-3300,0,2,0
4,-107,0.71,93,991456,31,-24,-70,17651,157,-159,-17015,188,-210,158,2394,-3202,2500,2900,-2800,0,2,0
4,-107,0.773,94,991527,31,-24,-70,16567,156,-173,16967,146,-155,158,2397,-3030,2322,2000,-2000,0,2,0
4,-107,0.852,95,991599,31,-24,-70,15793,156,-173,16967,105,-99,158,2400,-2902,2200,1400,-1300,0,2,0
4,-107,0.987,96,991671,31,-24,-69,15295,154,-181,15824,82,-67,158,2403,-2819,2122,1400,-1400,0,2,0
4,-107,1.004,97,991743,31,-25,-69,14911,151,-185,15196,73,-47,158,2406,-2747,2070,1400,-1400,0,2,0
4,-107,1.065,98,991815,31,-25,-69,14540,151,-185,15196,64,-50,158,2409,-2686,2011,1100,-1200,0,2,0
4,-107,1.138,99,991887,31,-25,-69,14230,148,-188,14618,47,-50,158,2412,-2636,1961,800,-900,0,2,0
4,-107,1.205,100,991953,31,-25,-69,14085,146,-189,14310,0,0,158,2416,-2611,1939,0,0,0,2,0
4,-107,1.252,101,992007,31,-25,-69,14085,146,-189,14310,0,0,158,2418,-2611,1939,0,0,0,2,0
4,-107,1.321,102,992079,31,-25,-69,14085,146,-189,14300,0,0,158,2421,-2611,1939,0,0,0,2,0
4,-107,1.383,103,992135,31,-25,-69,14085,146,-189,14300,0,0,158,2422,-2611,1939,0,0,0,2,0
4,-107,1.441,104,992191,31,-25,-69,14085,146,-189,14301,0,0,158,2422,-2611,1939,0,0,0,2,0
4,-107,1.49,105,992247,31,-25,-69,14085,146,-189,14301,0,0,158,2422,-2611,1939,0,0,0,2,0
4,-107,1.561,106,992303,31,-25,-69,14085,146,-189,14301,0,0,158,2422,-2611,1939,0,0,0,2,0
4,-107,1.604,107,992359,31,-25,-69,14085,146,-189,14301,0,0,158,2422,-2611,1939,0,0,0,2,0
4,-107,1.657,108,992415,31,-25,-69,14085,146,-189,14301,0,0,158,2422,-2611,1939,0,0,0,2,0
4,-107,1.711,109,992471,31,-25,-69,14085,146,-189,14301,0,0,158,2422,-2611,1939,0,0,0,2,0
4,-107,1.774,110,992527,31,-25,-69,14085,146,-189,14301,0,0,158,2422,-2611,1939,0,0,0,2,0
4,-107,1.834,111,992583,31,-25,-69,14085,146,-189,14301,0,0,158,2422,-2611,1939,0,0,0,2,0
4,-107,1.902,112,992635,31,-25,-69,14085,146,-189,14301,0,0,158,2422,-2611,1939,0,0,0,2,0
4,-107,1.932,113,992691,31,-25,-69,14085,146,-189,14301,0,0,158,2422,-2611,1939,0,0,0,2,0
4,-107,1.991,114,992747,31,-25,-69,14085,146,-189,14300,0,0,158,2422,-2611,1939,0,0,0,2,0
4,-107,2.048,115,992803,31,-25,-69,14085,146,-189,14300,0,0,158,2422,-2611,1939,0,0,0,2,0
4,-107,2.102,116,992859,31,-25,-69,14085,146,-189,14300,0,0,158,2422,-2611,1939,0,0,0,2,0
4,-107,2.157,117,992915,31,-25,-69,14085,146,-189,14300,0,0,158,2422,-2611,1939,0,0,0,2,0
4,-107,2.211,118,992971,31,-25,-69,14085,146,-189,14300,0,0,158,2422,-2611,1939,0,0,0,2,0
4,-107,2.271,119,993027,31,-25,-69,14085,146,-189,14300,0,0,158,2422,-2611,1939,0,0,0,2,0
4,-107,2.325,120,993083,31,-25,-69,14085,146,-189,14300,0,0,158,2422,-2611,1939,0,0,0,2,0
4,-107,2.384,121,993139,31,-25,-69,14085,146,-189,14300,0,0,158,2422,-2611,1939,0,0,0,2,0
4,-107,2.436,122,993195,31,-25,-69,14085,146,-189,14300,0,0,158,2422,-2611,1939,0,0,0,2,0
4,-107,2.492,123,993251,31,-25,-69,14085,146,-189,14300,0,0,158,2422,-2611,1939,0,0,0,2,0
4,-107,2.55,124,993307,31,-25,-69,14085,146,-189,14300,0,0,158,2422,-2611,1939,0,0,0,2,0
4,-107,2.606,125,993363,31,-25,-69,14085,146,-189,14300,0,0,158,2422,-2611,1939,0,0,0,2,0
4,-107,2.66,126,993419,31,-25,-69,14085,146,-189,14300,0,0,158,2422,-2611,1939,0,0,0,2,0
4,-107,2.717,127,993475,31,-25,-69,14085,146,-189,14300,0,0,158,2422,-2611,1939,0,0,0,2,0
4,-107,2.771,0,993531,31,-25,-69,14085,146,-189,14300,0,0,158,2422,-2611,1939,0,0,0,2,0
4,-107,2.831,1,993587,31,-25,-69,14085,146,-189,14300,0,0,158,2422,-2611,1939,0,0,0,2,0
4,-107,2.891,2,993643,31,-25,-69,14085,146,-189,14300,0,0,158,2422,-2611,1939,0,0,0,2,0
4,-107,2.937,3,993695,31,-25,-69,14085,146,-189,14300,0,0,158,2422,-2611,1939,0,0,0,2,0
4,-107,2.994,4,993751,31,-25,-69,14085,146,-189,14300,0,0,158,2422,-2611,1939,0,0,0,2,0
4,-107,3.051,5,993807,31,-25,-69,14085,146,-189,14300,0,0,158,2422,-2611,1939,0,0,0,2,0
4,-107,3.104,6,993863,31,-25,-69,14085,146,-189,14300,0,0,158,2422,-2611,1939,0,0,0,2,0
4,-107,3.166,7,993919,31,-25,-69,14085,146,-189,14300,0,0,158,2422,-2611,1939,0,0,0,2,0
4,-107,3.219,8,993975,31,-25,-69,14085,146,-189,14300,0,0,158,2422,-2611,1939,0,0,0,2,0
4,-107,3.281,9,994031,31,-25,-69,14085,146,-189,14300,0,0,158,2422,-2611,1939,0,0,0,2,0
4,-107,3.327,10,994087,31,-25,-69,14085,146,-189,14300,0,0,158,2422,-2611,1939,0,0,0,2,0
4,-107,3.386,11,994143,31,-25,-69,14085,146,-189,14300,0,0,158,2422,-2611,1939,0,0,0,2,0
4,-107,3.44,12,994199,31,-25,-69,14085,146,-189,14300,0,0,158,2422,-2611,1939,0,0,0,2,0
4,-107,3.497,13,994255,31,-25,-69,14085,146,-189,14300,0,0,158,2422,-2611,1939,0,0,0,2,0
4,-107,3.553,14,994311,31,-25,-69,14085,146,-189,14300,0,0,158,2422,-2611,1939,0,0,0,2,0
4,-107,3.616,15,994367,31,-25,-69,14085,146,-189,14300,0,0,158,2422,-2611,1939,0,0,0,2,0
4,-107,3.665,16,994423,31,-25,-69,14085,146,-189,14300,0,0,158,2422,-2611,1939,0,0,0,2,0
4,-107,3.724,17,994479,31,-25,-69,14085,146,-189,14300,0,0,158,2422,-2611,1939,0,0,0,2,0
4,-107,3.784,18,994535,31,-25,-69,14085,146,-189,14300,0,0,158,2422,-2611,1939,0,0,0,2,0
4,-107,3.832,19,994591,31,-25,-69,14085,146,-189,14300,0,0,158,2422,-2611,1939,0,0,0,2,0
4,-107,3.889,20,994647,31,-25,-69,14085,146,-189,14300,0,0,158,2422,-2611,1939,0,0,0,2,0
4,-107,3.951,21,994703,31,-25,-69,14085,146,-189,14300,0,0,158,2422,-2611,1939,0,0,0,2,0
4,-107,3.995,22,994755,31,-25,-69,14085,146,-189,14300,0,0,158,2422,-2611,1939,0,0,0,2,0
4,-107,4.052,23,994811,31,-25,-69,14085,146,-189,14300,0,0,158,2422,-2611,1939,0,0,0,2,0
4,-107,4.108,24,994867,31,-25,-69,14085,146,-189,14300,0,0,158,2422,-2611,1939,0,0,0,2,0
4,-107,4.164,25,994923,31,-25,-69,14085,146,-189,14300,0,0,158,2422,-2611,1939,0,0,0,2,0
4,-107,4.222,26,994979,31,-25,-69,14085,146,-189,14300,0,0,158,2422,-2611,1939,0,0,0,2,0
4,-107,4.276,27,995035,31,-25,-69,14085,146,-189,14299,0,0,158,2422,-2611,1939,0,0,0,2,0
4,-107,4.332,28,995091,31,-25,-69,14085,146,-189,14299,0,0,158,2422,-2611,1939,0,0,0,2,0
4,-107,4.386,29,995147,31,-25,-69,14085,146,-189,14300,0,0,158,2422,-2611,1939,0,0,0,2,0
4,-107,4.448,30,995203,31,-25,-69,14085,146,-189,14300,0,0,158,2422,-2611,1939,0,0,0,2,0
4,-107,4.506,31,995259,31,-25,-69,14085,146,-189,14300,0,0,158,2422,-2611,1939,0,0,0,2,0
4,-107,4.561,32,995315,31,-25,-69,14085,146,-189,14300,0,0,158,2422,-2611,1939,0,0,0,2,0
4,-107,4.623,33,995371,31,-25,-69,14085,146,-189,14299,0,0,158,2422,-2611,1939,0,0,0,2,0
4,-107,4.676,34,995427,31,-25,-69,14085,146,-189,14299,0,0,158,2422,-2611,1939,0,0,0,2,0
4,-107,4.724,35,995483,31,-25,-69,14085,146,-189,14299,0,0,158,2422,-2611,1939,0,0,0,2,0
4,-107,4.778,36,995539,31,-25,-69,14085,146,-189,14299,0,0,158,2422,-2611,1939,0,0,0,2,0
4,-107,4.837,37,995595,31,-25,-69,14085,146,-189,14299,0,0,158,2422,-2611,1939,0,0,0,2,0
4,-107,4.892,38,995651,31,-25,-69,14085,146,-189,14299,0,0,158,2422,-2611,1939,0,0,0,2,0
4,-107,4.946,39,995707,31,-25,-69,14085,146,-189,14299,0,0,158,2422,-2611,1939,0,0,0,2,0
4,-107,5.022,40,995763,31,-25,-69,14085,146,-189,14299,0,0,158,2422,-2611,1939,0,0,0,2,0
4,-107,5.054,41,995815,31,-25,-69,14085,146,-189,14299,0,0,158,2422,-2611,1939,0,0,0,2,0
4,-107,5.112,42,995871,31,-25,-69,14085,146,-189,14299,0,0,158,2422,-2611,1939,0,0,0,2,0
4,-107,5.168,43,995927,31,-25,-69,14085,146,-189,14299,0,0,158,2422,-2611,1939,0,0,0,2,0
4,-107,5.227,44,995983,31,-25,-69,14085,146,-189,14299,0,0,158,2422,-2611,1939,0,0,0,2,0
4,-107,5.279,45,996039,31,-25,-69,14085,146,-189,14299,0,0,158,2422,-2611,1939,0,0,0,2,0
4,-107,5.334,46,996095,31,-25,-69,14085,146,-189,14299,0,0,158,2422,-2611,1939,0,0,0,2,0
4,-107,5.392,47,996151,31,-25,-69,14085,146,-189,14299,0,0,158,2422,-2611,1939,0,0,0,2,0
4,-107,5.449,48,996207,31,-25,-69,14085,146,-189,14299,0,0,158,2422,-2611,1939,0,0,0,2,0
4,-107,5.502,49,996263,31,-25,-69,14085,146,-189,14299,0,0,158,2422,-2611,1939,0,0,0,2,0
4,-107,5.561,50,996319,31,-25,-69,14085,146,-189,14299,0,0,158,2422,-2611,1939,0,0,0,2,0
4,-107,5.615,51,996375,31,-25,-69,14085,146,-189,14299,0,0,158,2422,-2611,1939,0,0,0,2,0
4,-107,5.681,52,996431,31,-25,-69,14085,146,-189,14299,0,0,158,2422,-2611,1939,0,0,0,2,0
4,-107,5.74,53,996487,31,-25,-69,14085,146,-189,14299,0,0,158,2422,-2611,1939,0,0,0,2,0
4,-107,5.791,54,996543,31,-25,-69,14085,146,-189,14299,0,0,158,2422,-2611,1939,0,0,0,2,0
4,-107,5.839,55,996599,31,-25,-69,14085,146,-189,14299,0,0,158,2422,-2611,1939,0,0,0,2,0
4,-107,5.898,56,996655,31,-25,-69,14085,146,-189,14299,0,0,158,2422,-2611,1939,0,0,0,2,0
4,-107,5.96,57,996711,31,-25,-69,14085,146,-189,14299,0,0,158,2422,-2611,1939,0,0,0,2,0
4,-107,6.021,58,996767,31,-25,-69,14085,146,-189,14299,0,0,158,2422,-2611,1939,0,0,0,2,0
4,-107,6.075,59,996823,31,-25,-69,14085,146,-189,14299,0,0,158,2422,-2611,1939,0,0,0,2,0
4,-107,6.124,60,996875,31,-25,-69,14085,146,-189,14299,0,0,158,2422,-2611,1939,0,0,0,2,0
4,-107,6.176,61,996931,31,-25,-69,14085,146,-189,14299,0,0,158,2422,-2611,1939,0,0,0,2,0
4,-107,6.229,62,996987,31,-25,-69,14085,146,-189,14299,0,0,158,2422,-2611,1939,0,0,0,2,0
4,-107,6.287,63,997043,31,-25,-69,14085,146,-189,14299,0,0,158,2422,-2611,1939,0,0,0,2,0
4,-107,6.339,64,997099,31,-25,-69,14085,146,-189,14299,0,0,158,2422,-2611,1939,0,0,0,2,0
4,-107,6.397,65,997155,31,-25,-69,14085,146,-189,14299,0,0,158,2422,-2611,1939,0,0,0,2,0
4,-107,6.453,66,997211,31,-25,-69,14085,146,-189,14299,0,0,158,2422,-2611,1939,0,0,0,2,0
4,-107,6.51,67,997267,31,-25,-69,14085,146,-189,14299,0,0,158,2422,-2611,1939,0,0,0,2,0
4,-107,6.564,68,997323,31,-25,-69,14085,146,-189,14299,0,0,158,2422,-2611,1939,0,0,0,2,0
4,-107,6.622,69,997379,31,-25,-69,14085,146,-189,14299,0,0,158,2422,-2611,1939,0,0,0,2,0
4,-107,6.676,70,997435,31,-25,-69,14085,146,-189,14299,0,0,158,2422,-2611,1939,0,0,0,2,0
4,-107,6.731,71,997491,31,-25,-69,14085,146,-189,14299,0,0,158,2422,-2611,1939,0,0,0,2,0
4,-107,6.788,72,997547,31,-25,-69,14085,146,-189,14299,0,0,158,2422,-2611,1939,0,0,0,2,0
4,-107,6.844,73,997603,31,-25,-69,14085,146,-189,14299,0,0,158,2422,-2611,1939,0,0,0,2,0
4,-107,6.901,74,997659,31,-25,-69,14085,146,-189,14299,0,0,158,2422,-2611,1939,0,0,0,2,0
4,-107,6.957,75,997715,31,-25,-69,14085,146,-189,14299,0,0,158,2422,-2611,1939,0,0,0,2,0
4,-107,7.032,76,997771,31,-25,-69,14085,146,-189,14299,0,0,158,2422,-2611,1939,0,0,0,2,0
4,-107,7.079,77,997827,31,-25,-69,14085,146,-189,14299,0,0,158,2422,-2611,1939,0,0,0,2,0
4,-107,7.135,78,997883,31,-25,-69,14085,146,-189,14299,0,0,158,2422,-2611,1939,0,0,0,2,0
4,-107,7.178,79,997935,31,-25,-69,14085,146,-189,14299,0,0,158,2422,-2611,1939,0,0,0,2,0
4,-107,7.234,80,997991,31,-25,-69,14085,146,-189,14299,0,0,158,2422,-2611,1939,0,0,0,2,0
4,-107,7.291,81,998047,31,-25,-69,14085,146,-189,14298,0,0,158,2422,-2611,1939,0,0,0,2,0
4,-107,7.351,82,998103,31,-25,-69,14085,146,-189,14298,0,0,158,2422,-2611,1939,0,0,0,2,0
4,-107,7.399,83,998159,31,-25,-69,14085,146,-189,14299,0,0,158,2422,-2611,1939,0,0,0,2,0
4,-107,7.455,84,998215,31,-25,-69,14085,146,-189,14299,0,0,158,2422,-2611,1939,0,0,0,2,0
4,-107,7.528,85,998271,31,-25,-69,14085,146,-189,14299,0,0,158,2422,-2611,1939,0,0,0,2,0
4,-107,7.574,86,998327,31,-25,-69,14085,146,-189,14299,0,0,158,2422,-2611,1939,0,0,0,2,0
4,-107,7.631,87,998383,31,-25,-69,14085,146,-189,14299,0,0,158,2422,-2611,1939,0,0,0,2,0
4,-107,7.694,88,998439,31,-25,-69,14085,146,-189,14299,0,0,158,2422,-2611,1939,0,0,0,2,0
4,-107,7.737,89,998495,31,-25,-69,14085,146,-189,14299,0,0,158,2422,-2611,1939,0,0,0,2,0
4,-107,7.794,90,998551,31,-25,-69,14085,146,-189,14299,0,0,158,2422,-2611,1939,0,0,0,2,0
4,-107,7.852,91,998607,31,-25,-69,14085,146,-189,14299,0,0,158,2422,-2611,1939,0,0,0,2,0
4,-107,7.902,92,998663,31,-25,-69,14085,146,-189,14299,0,0,158,2422,-2611,1939,0,0,0,2,0
4,-107,7.965,93,998719,31,-25,-69,14085,146,-189,14299,0,0,158,2422,-2611,1939,0,0,0,2,0
4,-107,8.017,94,998775,31,-25,-69,14085,146,-189,14299,0,0,158,2422,-2611,1939,0,0,0,2,0
4,-107,8.07,95,998831,31,-25,-69,14085,146,-189,14299,0,0,158,2422,-2611,1939,0,0,0,2,0
4,-107,8.13,96,998887,31,-25,-69,14085,146,-189,14299,0,0,158,2422,-2611,1939,0,0,0,2,0
4,-107,8.191,97,998943,31,-25,-69,14085,146,-189,14298,0,0,158,2422,-2611,1939,0,0,0,2,0
4,-107,8.236,98,998995,31,-25,-69,14085,146,-189,14298,0,0,158,2422,-2611,1939,0,0,0,2,0
4,-107,8.293,99,999051,31,-25,-69,14085,146,-189,14298,0,0,158,2422,-2611,1939,0,0,0,2,0
4,-107,8.347,100,999107,31,-25,-69,14085,146,-189,14298,0,0,158,2422,-2611,1939,0,0,0,2,0
4,-107,8.402,101,999163,31,-25,-69,14085,146,-189,14298,0,0,158,2422,-2611,1939,0,0,0,2,0
4,-107,8.459,102,999219,31,-25,-69,14085,146,-189,14298,0,0,158,2422,-2611,1939,0,0,0,2,0
4,-107,8.515,103,999275,31,-25,-69,14085,146,-189,14298,0,0,158,2422,-2611,1939,0,0,0,2,0
4,-107,8.573,104,999331,31,-25,-69,14085,146,-189,14298,0,0,158,2422,-2611,1939,0,0,0,2,0
4,-107,8.628,105,999387,31,-25,-69,14085,146,-189,14298,0,0,158,2422,-2611,1939,0,0,0,2,0
4,-107,8.686,106,999443,31,-25,-69,14085,146,-189,14298,0,0,158,2422,-2611,1939,0,0,0,2,0
4,-107,8.745,107,999499,31,-25,-69,14085,146,-189,14298,0,0,158,2422,-2611,1939,0,0,0,2,0
4,-107,8.801,108,999555,31,-25,-69,14085,146,-189,14298,0,0,158,2422,-2611,1939,0,0,0,2,0
4,-107,8.855,109,999611,31,-25,-69,14085,146,-189,14298,0,0,158,2422,-2611,1939,0,0,0,2,0
4,-107,8.908,110,999667,31,-25,-69,14085,146,-189,14298,0,0,158,2422,-2611,1939,0,0,0,2,0
4,-107,8.965,111,999723,31,-25,-69,14085,146,-189,14298,0,0,158,2422,-2611,1939,0,0,0,2,0
4,-107,9.052,112,999779,31,-25,-69,14085,146,-189,14298,0,0,158,2422,-2611,1939,0,0,0,2,0
4,-107,9.081,113,999835,31,-25,-69,14085,146,-189,14298,0,0,158,2422,-2611,1939,0,0,0,2,0
4,-107,9.132,114,999891,31,-25,-69,14085,146,-189,14298,0,0,158,2422,-2611,1939,0,0,0,2,0
4,-107,9.19,115,999947,31,-25,-69,14085,146,-189,14298,0,0,158,2422,-2611,1939,0,0,0,2,0
4,-107,9.256,116,1000003,31,-25,-69,14085,146,-189,14298,0,0,158,2422,-2611,1939,0,0,0,2,0
4,-107,9.294,117,1000055,31,-25,-69,14085,146,-189,14298,0,0,158,2422,-2611,1939,0,0,0,2,0
4,-107,9.359,118,1000111,31,-25,-69,14085,146,-189,14298,0,0,158,2422,-2611,1939,0,0,0,2,0
4,-107,9.409,119,1000167,31,-25,-69,14085,146,-189,14298,0,0,158,2422,-2611,1939,0,0,0,2,0
4,-107,9.462,120,1000223,31,-25,-69,14085,146,-189,14298,0,0,158,2422,-2611,1939,0,0,0,2,0
4,-107,9.527,121,1000279,31,-25,-69,14085,146,-189,14298,0,0,158,2422,-2611,1939,0,0,0,2,0
4,-107,9.578,122,1000335,31,-25,-69,14085,146,-189,14298,0,0,158,2422,-2611,1939,0,0,0,2,0
4,-107,9.633,123,1000391,31,-25,-69,14085,146,-189,14298,0,0,158,2422,-2611,1939,0,0,0,2,0
4,-107,9.689,124,1000447,31,-25,-69,14085,146,-189,14298,0,0,158,2422,-2611,1939,0,0,0,2,0
4,-107,9.744,125,1000503,31,-25,-69,14085,146,-189,14297,0,0,158,2422,-2611,1939,0,0,0,2,0
4,-107,9.823,126,1000559,31,-25,-69,14085,146,-189,14297,0,0,158,2422,-2611,1939,0,0,0,2,0
4,-107,9.858,127,1000615,31,-25,-69,14085,146,-189,14297,0,0,158,2422,-2611,1939,0,0,0,2,0
4,-107,9.913,0,1000671,31,-25,-69,14085,146,-189,14297,0,0,158,2422,-2611,1939,0,0,0,2,0
4,-107,9.973,1,1000727,31,-25,-69,14085,146,-189,14297,0,0,158,2422,-2611,1939,0,0,0,2,0
4,-107,10.025,2,1000783,31,-25,-69,14085,146,-189,14297,0,0,158,2422,-2611,1939,0,0,0,2,0
4,-107,10.08,3,1000839,31,-25,-69,14085,146,-189,14297,0,0,158,2422,-2611,1939,0,0,0,2,0
4,-107,10.141,4,1000895,31,-25,-69,14085,146,-189,14297,0,0,158,2422,-2611,1939,0,0,0,2,0
4,-107,10.19,5,1000951,31,-25,-69,14085,146,-189,14297,0,0,158,2422,-2611,1939,0,0,0,2,0
4,-107,10.252,6,1001007,31,-25,-69,14085,146,-189,14297,0,0,158,2422,-2611,1939,0,0,0,2,0
4,-107,10.311,7,1001063,31,-25,-69,14085,146,-189,14297,0,0,158,2422,-2611,1939,0,0,0,2,0
4,-107,10.355,8,1001115,31,-25,-69,14085,146,-189,14297,0,0,158,2422,-2611,1939,0,0,0,2,0
4,-107,10.411,9,1001171,31,-25,-69,14085,146,-189,14297,0,0,158,2422,-2611,1939,0,0,0,2,0
4,-107,10.467,10,1001227,31,-25,-69,14085,146,-189,14297,0,0,158,2422,-2611,1939,0,0,0,2,0
4,-107,10.524,11,1001283,31,-25,-69,14085,146,-189,14297,0,0,158,2422,-2611,1939,0,0,0,2,0
4,-107,10.579,12,1001339,31,-25,-69,14085,146,-189,14297,0,0,158,2422,-2611,1939,0,0,0,2,0
4,-107,10.634,13,1001395,31,-25,-69,14085,146,-189,14297,0,0,158,2422,-2611,1939,0,0,0,2,0
4,-107,10.694,14,1001451,31,-25,-69,14085,146,-189,14297,0,0,158,2422,-2611,1939,0,0,0,2,0
4,-107,10.761,15,1001507,31,-25,-69,14085,146,-189,14297,0,0,158,2422,-2611,1939,0,0,0,2,0
4,-107,10.815,16,1001563,31,-25,-69,14085,146,-189,14297,0,0,158,2422,-2611,1939,0,0,0,2,0
4,-107,10.869,17,1001619,31,-25,-69,14085,146,-189,14297,0,0,158,2422,-2611,1939,0,0,0,2,0
4,-107,10.916,18,1001675,31,-25,-69,14085,146,-189,14297,0,0,158,2422,-2611,1939,0,0,0,2,0
4,-107,10.97,19,1001731,31,-25,-69,14085,146,-189,14297,0,0,158,2422,-2611,1939,0,0,0,2,0
4,-107,11.026,20,1001787,31,-25,-69,14085,146,-189,14297,0,0,158,2422,-2611,1939,0,0,0,2,0
4,-107,11.082,21,1001843,31,-25,-69,14085,146,-189,14297,0,0,158,2422,-2611,1939,0,0,0,2,0
4,-107,11.139,22,1001899,31,-25,-69,14085,146,-189,14297,0,0,158,2422,-2611,1939,0,0,0,2,0
4,-107,11.194,23,1001955,31,-25,-69,14085,146,-189,14297,0,0,158,2422,-2611,1939,0,0,0,2,0
4,-107,11.252,24,1002011,31,-25,-69,14085,146,-189,14297,0,0,158,2422,-2611,1939,0,0,0,2,0
4,-107,11.308,25,1002067,31,-25,-69,14085,146,-189,14297,0,0,158,2422,-2611,1939,0,0,0,2,0
4,-107,11.375,26,1002123,31,-25,-69,14085,146,-189,14297,0,0,158,2422,-2611,1939,0,0,0,2,0
4,-107,11.417,27,1002175,31,-25,-69,14085,146,-189,14297,0,0,158,2422,-2611,1939,0,0,0,2,0
4,-107,11.472,28,1002231,31,-25,-69,14085,146,-189,14297,0,0,158,2422,-2611,1939,0,0,0,2,0
4,-107,11.533,29,1002287,31,-25,-69,14085,146,-189,14297,0,0,158,2422,-2611,1939,0,0,0,2,0
4,-107,11.585,30,1002343,31,-25,-69,14085,146,-189,14297,0,0,158,2422,-2611,1939,0,0,0,2,0
4,-107,11.639,31,1002399,31,-25,-69,14085,146,-189,14297,0,0,158,2422,-2611,1939,0,0,0,2,0
4,-107,11.695,32,1002455,31,-25,-69,14085,146,-189,14297,0,0,158,2422,-2611,1939,0,0,0,2,0
4,-107,11.751,33,1002511,31,-25,-69,14085,146,-189,14297,0,0,158,2422,-2611,1939,0,0,0,2,0
4,-107,11.809,34,1002567,31,-25,-69,14085,146,-189,14297,0,0,158,2422,-2611,1939,0,0,0,2,0
4,-107,11.863,35,1002623,31,-25,-69,14085,146,-189,14297,0,0,158,2422,-2611,1939,0,0,0,2,0
4,-107,11.92,36,1002679,31,-25,-69,14085,146,-189,14297,0,0,158,2422,-2611,1939,0,0,0,2,0
4,-107,11.989,37,1002735,31,-25,-69,14085,146,-189,14297,0,0,158,2422,-2611,1939,0,0,0,2,0
4,-107,12.031,38,1002791,31,-25,-69,14085,146,-189,14297,0,0,158,2422,-2611,1939,0,0,0,2,0
4,-107,12.086,39,1002847,31,-25,-69,14085,146,-189,14297,0,0,158,2422,-2611,1939,0,0,0,2,0
4,-107,12.143,40,1002903,31,-25,-69,14085,146,-189,14297,0,0,158,2422,-2611,1939,0,0,0,2,0
4,-107,12.202,41,1002959,31,-25,-69,14085,146,-189,14297,0,0,158,2422,-2611,1939,0,0,0,2,0
4,-107,12.262,42,1003015,31,-25,-69,14085,146,-189,14297,0,0,158,2422,-2611,1939,0,0,0,2,0
5,180,-0.045,60,1011159,31,-25,-69,14085,146,-189,14294,0,0,158,2422,-2611,1939,0,0,0,2,0
5,180,0.013,61,1011215,31,-25,-69,14085,146,-189,14294,0,0,158,2422,-2611,1939,0,0,0,2,0
5,180,0.082,62,1011276,31,-25,-69,14085,146,-189,14294,0,0,158,2424,-2611,1939,-300,300,0,2,0
5,180,0.148,63,1011347,31,-25,-69,14091,146,-189,14294,-7,-4,159,2427,-2613,1939,-900,900,0,2,0
5,180,0.221,64,1011419,31,-25,-69,14332,146,-190,14299,-47,41,159,2430,-2652,1978,-1700,1700,0,2,0
5,180,0.301,65,1011491,31,-25,-69,14729,146,-190,14299,-79,82,159,2433,-2713,2045,-2400,2300,0,2,0
5,180,0.363,66,1011563,31,-25,-69,15434,149,-187,14813,-123,123,159,2436,-2830,2156,-2800,2800,0,2,0
5,180,0.435,67,1011635,31,-25,-69,16363,154,-179,16050,-152,172,159,2439,-2977,2309,-3200,3200,0,2,0
5,180,0.506,68,1011707,31,-25,-69,17465,154,-179,16050,-195,181,159,2442,-3158,2484,-3700,3600,0,2,0
5,180,0.593,69,1011779,31,-25,-69,18744,157,-168,17743,-210,219,159,2445,-3363,2692,-4000,4000,0,2,0
5,180,0.66,70,1011851,31,-24,-69,20223,157,-155,-16113,-238,235,159,2448,-3608,2925,-4300,4400,0,2,0
5,180,0.734,71,1011924,31,-25,-69,21814,157,-155,-16113,-257,254,159,2451,-3863,3184,-4400,4400,0,2,0
5,180,0.797,72,1011995,31,-24,-69,23474,150,-141,-13612,-260,251,159,2454,-4136,3447,-4000,4000,0,2,0
5,180,0.866,73,1012067,31,-24,-68,25065,136,-130,-10925,-260,228,159,2457,-4402,3695,-3400,3500,0,2,0
5,180,0.942,74,1012139,31,-24,-68,26476,136,-130,-10925,-213,196,159,2460,-4636,3917,-2600,2900,0,2,0
5,180,1.009,75,1012211,31,-24,-68,27637,121,-127,-8783,-172,155,159,2463,-4822,4106,-2100,2300,0,2,0
5,180,1.092,76,1012283,31,-24,-68,28556,109,-129,-7258,-128,137,159,2466,-4969,4256,-1800,2000,0,2,0
5,180,1.161,77,1012355,31,-24,-68,29268,109,-129,-7258,-114,96,159,2469,-5080,4375,-1800,1900,0,2,0
5,180,1.24,78,1012427,31,-24,-69,29891,101,-131,-6160,-82,99,159,2472,-5175,4481,-1500,1700,0,2,0
5,180,1.299,79,1012499,31,-24,-69,30454,101,-131,-6160,-73,96,159,2475,-5263,4575,-1300,1400,0,2,0
5,180,1.396,80,1012571,31,-24,-69,30912,95,-134,-5253,-82,50,159,2478,-5341,4645,-1100,1000,0,2,0
5,180,1.443,81,1012643,31,-24,-69,31265,90,-137,-4586,-41,55,159,2481,-5397,4703,-800,900,0,2,0
5,180,1.515,82,1012715,31,-23,-69,31497,90,-137,-4586,-32,32,159,2484,-5430,4745,-800,700,0,2,0
5,180,1.586,83,1012787,31,-24,-69,31683,87,-139,-4242,-32,23,159,2487,-5463,4772,-800,800,0,2,0
5,180,1.659,84,1012852,31,-24,-69,31825,85,-141,-3964,0,0,159,2491,-5486,4795,0,0,0,2,0
5,180,1.704,85,1012907,31,-24,-69,31825,85,-141,-3964,0,0,159,2491,-5486,4795,0,0,0,2,0
5,180,1.759,86,1012963,31,-24,-69,31825,85,-141,-3929,0,0,159,2491,-5486,4795,0,0,0,2,0
5,180,1.816,87,1013019,31,-24,-69,31825,85,-141,-3929,0,0,159,2491,-5486,4795,0,0,0,2,0
5,180,1.88,88,1013075,31,-24,-69,31825,85,-141,-3928,0,0,159,2491,-5486,4795,0,0,0,2,0
5,180,1.928,89,1013127,31,-24,-69,31825,85,-141,-3928,0,0,159,2491,-5486,4795,0,0,0,2,0
5,180,1.988,90,1013183,31,-24,-69,31825,85,-141,-3928,0,0,159,2491,-5486,4795,0,0,0,2,0
5,180,2.036,91,1013239,31,-24,-69,31825,85,-141,-3928,0,0,159,2491,-5486,4795,0,0,0,2,0
5,180,2.092,92,1013295,31,-24,-69,31825,85,-141,-3928,0,0,159,2491,-5486,4795,0,0,0,2,0
5,180,2.149,93,1013351,31,-24,-69,31825,85,-141,-3928,0,0,159,2491,-5486,4795,0,0,0,2,0
5,180,2.204,94,1013407,31,-24,-69,31825,85,-141,-3928,0,0,159,2491,-5486,4795,0,0,0,2,0
5,180,2.263,95,1013463,31,-24,-69,31825,85,-141,-3928,0,0,159,2491,-5486,4795,0,0,0,2,0
5,180,2.315,96,1013519,31,-24,-69,31825,85,-141,-3928,0,0,159,2491,-5486,4795,0,0,0,2,0
5,180,2.375,97,1013575,31,-24,-69,31825,85,-141,-3928,0,0,159,2491,-5486,4795,0,0,0,2,0
5,180,2.428,98,1013631,31,-24,-69,31825,85,-141,-3928,0,0,159,2491,-5486,4795,0,0,0,2,0
5,180,2.484,99,1013687,31,-24,-69,31825,85,-141,-3928,0,0,159,2491,-5486,4795,0,0,0,2,0
5,180,2.546,100,1013743,31,-24,-69,31825,85,-141,-3928,0,0,159,2491,-5486,4795,0,0,0,2,0
5,180,2.602,101,1013799,31,-24,-69,31825,85,-141,-3928,0,0,159,2491,-5486,4795,0,0,0,2,0
5,180,2.657,102,1013855,31,-24,-69,31825,85,-141,-3928,0,0,159,2491,-5486,4795,0,0,0,2,0
5,180,2.711,103,1013911,31,-24,-69,31825,85,-141,-3928,0,0,159,2491,-5486,4795,0,0,0,2,0
5,180,2.769,104,1013967,31,-24,-69,31825,85,-141,-3929,0,0,159,2491,-5486,4795,0,0,0,2,0
5,180,2.823,105,1014023,31,-24,-69,31825,85,-141,-3929,0,0,159,2491,-5486,4795,0,0,0,2,0
5,180,2.875,106,1014079,31,-24,-69,31825,85,-141,-3929,0,0,159,2491,-5486,4795,0,0,0,2,0
5,180,2.938,107,1014135,31,-24,-69,31825,85,-141,-3929,0,0,159,2491,-5486,4795,0,0,0,2,0
5,180,2.985,108,1014187,31,-24,-69,31825,85,-141,-3929,0,0,159,2491,-5486,4795,0,0,0,2,0
5,180,3.04,109,1014243,31,-24,-69,31825,85,-141,-3929,0,0,159,2491,-5486,4795,0,0,0,2,0
5,180,3.099,110,1014299,31,-24,-69,31825,85,-141,-3929,0,0,159,2491,-5486,4795,0,0,0,2,0
5,180,3.156,111,1014355,31,-24,-69,31825,85,-141,-3929,0,0,159,2491,-5486,4795,0,0,0,2,0
5,180,3.209,112,1014411,31,-24,-69,31825,85,-141,-3929,0,0,159,2491,-5486,4795,0,0,0,2,0
5,180,3.264,113,1014467,31,-24,-69,31825,85,-141,-3929,0,0,159,2491,-5486,4795,0,0,0,2,0
5,180,3.322,114,1014523,31,-24,-69,31825,85,-141,-3929,0,0,159,2491,-5486,4795,0,0,0,2,0
5,180,3.378,115,1014579,31,-24,-69,31825,85,-141,-3929,0,0,159,2491,-5486,4795,0,0,0,2,0
5,180,3.434,116,1014635,31,-24,-69,31825,85,-141,-3929,0,0,159,2491,-5486,4795,0,0,0,2,0
5,180,3.49,117,1014691,31,-24,-69,31825,85,-141,-3929,0,0,159,2491,-5486,4795,0,0,0,2,0
5,180,3.545,118,1014747,31,-24,-69,31825,85,-141,-3929,0,0,159,2491,-5486,4795,0,0,0,2,0
5,180,3.6,119,1014803,31,-24,-69,31825,85,-141,-3929,0,0,159,2491,-5486,4795,0,0,0,2,0
5,180,3.661,120,1014859,31,-24,-69,31825,85,-141,-3929,0,0,159,2491,-5486,4795,0,0,0,2,0
5,180,3.714,121,1014915,31,-24,-69,31825,85,-141,-3929,0,0,159,2491,-5486,4795,0,0,0,2,0
5,180,3.771,122,1014971,31,-24,-69,31825,85,-141,-3929,0,0,159,2491,-5486,4795,0,0,0,2,0
5,180,3.83,123,1015027,31,-24,-69,31825,85,-141,-3929,0,0,159,2491,-5486,4795,0,0,0,2,0
5,180,3.882,124,1015083,31,-24,-69,31825,85,-141,-3929,0,0,159,2491,-5486,4795,0,0,0,2,0
5,180,3.937,125,1015139,31,-24,-69,31825,85,-141,-3929,0,0,159,2491,-5486,4795,0,0,0,2,0
5,180,4.002,126,1015195,31,-24,-69,31825,85,-141,-3929,0,0,159,2491,-5486,4795,0,0,0,2,0
5,180,4.043,127,1015247,31,-24,-69,31825,85,-141,-3929,0,0,159,2491,-5486,4795,0,0,0,2,0
5,180,4.099,0,1015303,31,-24,-69,31825,85,-141,-3929,0,0,159,2491,-5486,4795,0,0,0,2,0
5,180,4.158,1,1015359,31,-24,-69,31825,85,-141,-3929,0,0,159,2491,-5486,4795,0,0,0,2,0
5,180,4.212,2,1015415,31,-24,-69,31825,85,-141,-3929,0,0,159,2491,-5486,4795,0,0,0,2,0
5,180,4.271,3,1015471,31,-24,-69,31825,85,-141,-3929,0,0,159,2491,-5486,4795,0,0,0,2,0
5,180,4.322,4,1015527,31,-24,-69,31825,85,-141,-3929,0,0,159,2491,-5486,4795,0,0,0,2,0
5,180,4.384,5,1015583,31,-24,-69,31825,85,-141,-3929,0,0,159,2491,-5486,4795,0,0,0,2,0
5,180,4.442,6,1015639,31,-24,-69,31825,85,-141,-3929,0,0,159,2491,-5486,4795,0,0,0,2,0
5,180,4.504,7,1015695,31,-24,-69,31825,85,-141,-3929,0,0,159,2491,-5486,4795,0,0,0,2,0
5,180,4.548,8,1015751,31,-24,-69,31825,85,-141,-3929,0,0,159,2491,-5486,4795,0,0,0,2,0
5,180,4.605,9,1015807,31,-24,-69,31825,85,-141,-3929,0,0,159,2491,-5486,4795,0,0,0,2,0
5,180,4.664,10,1015863,31,-24,-69,31825,85,-141,-3929,0,0,159,2491,-5486,4795,0,0,0,2,0
5,180,4.718,11,1015919,31,-24,-69,31825,85,-141,-3929,0,0,159,2491,-5486,4795,0,0,0,2,0
5,180,4.775,12,1015975,31,-24,-69,31825,85,-141,-3929,0,0,159,2491,-5486,4795,0,0,0,2,0
5,180,4.83,13,1016031,31,-24,-69,31825,85,-141,-3929,0,0,159,2491,-5486,4795,0,0,0,2,0
5,180,4.883,14,1016087,31,-24,-69,31825,85,-141,-3929,0,0,159,2491,-5486,4795,0,0,0,2,0
5,180,4.941,15,1016143,31,-24,-69,31825,85,-141,-3929,0,0,159,2491,-5486,4795,0,0,0,2,0
5,180,4.997,16,1016199,31,-24,-69,31825,85,-141,-3929,0,0,159,2491,-5486,4795,0,0,0,2,0
5,180,5.059,17,1016255,31,-24,-69,31825,85,-141,-3929,0,0,159,2491,-5486,4795,0,0,0,2,0
5,180,5.105,18,1016307,31,-24,-69,31825,85,-141,-3929,0,0,159,2491,-5486,4795,0,0,0,2,0
5,180,5.161,19,1016363,31,-24,-69,31825,85,-141,-3929,0,0,159,2491,-5486,4795,0,0,0,2,0
5,180,5.218,20,1016419,31,-24,-69,31825,85,-141,-3929,0,0,159,2491,-5486,4795,0,0,0,2,0
5,180,5.271,21,1016475,31,-24,-69,31825,85,-141,-3929,0,0,159,2491,-5486,4795,0,0,0,2,0
5,180,5.329,22,1016531,31,-24,-69,31825,85,-141,-3929,0,0,159,2491,-5486,4795,0,0,0,2,0
5,180,5.385,23,1016587,31,-24,-69,31825,85,-141,-3929,0,0,159,2491,-5486,4795,0,0,0,2,0
5,180,5.443,24,1016643,31,-24,-69,31825,85,-141,-3929,0,0,159,2491,-5486,4795,0,0,0,2,0
5,180,5.497,25,1016699,31,-24,-69,31825,85,-141,-3929,0,0,159,2491,-5486,4795,0,0,0,2,0
5,180,5.551,26,1016755,31,-24,-69,31825,85,-141,-3929,0,0,159,2491,-5486,4795,0,0,0,2,0
5,180,5.607,27,1016811,31,-24,-69,31825,85,-141,-3930,0,0,159,2491,-5486,4795,0,0,0,2,0
5,180,5.668,28,1016867,31,-24,-69,31825,85,-141,-3930,0,0,159,2491,-5486,4795,0,0,0,2,0
5,180,5.719,29,1016923,31,-24,-69,31825,85,-141,-3930,0,0,159,2491,-5486,4795,0,0,0,2,0
5,180,5.775,30,1016979,31,-24,-69,31825,85,-141,-3930,0,0,159,2491,-5486,4795,0,0,0,2,0
5,180,5.833,31,1017035,31,-24,-69,31825,85,-141,-3930,0,0,159,2491,-5486,4795,0,0,0,2,0
5,180,5.892,32,1017091,31,-24,-69,31825,85,-141,-3930,0,0,159,2491,-5486,4795,0,0,0,2,0
5,180,5.947,33,1017147,31,-24,-69,31825,85,-141,-3930,0,0,159,2491,-5486,4795,0,0,0,2,0
5,180,6.0,34,1017203,31,-24,-69,31825,85,-141,-3930,0,0,159,2491,-5486,4795,0,0,0,2,0
5,180,6.058,35,1017259,31,-24,-69,31825,85,-141,-3930,0,0,159,2491,-5486,4795,0,0,0,2,0
5,180,6.121,36,1017315,31,-24,-69,31825,85,-141,-3930,0,0,159,2491,-5486,4795,0,0,0,2,0
5,180,6.18,37,1017367,31,-24,-69,31825,85,-141,-3930,0,0,159,2491,-5486,4795,0,0,0,2,0
5,180,6.233,38,1017423,31,-24,-69,31825,85,-141,-3930,0,0,159,2491,-5486,4795,0,0,0,2,0
5,180,6.283,39,1017479,31,-24,-69,31825,85,-141,-3930,0,0,159,2491,-5486,4795,0,0,0,2,0
5,180,6.333,40,1017535,31,-24,-69,31825,85,-141,-3930,0,0,159,2491,-5486,4795,0,0,0,2,0
5,180,6.389,41,1017591,31,-24,-69,31825,85,-141,-3930,0,0,159,2491,-5486,4795,0,0,0,2,0
5,180,6.447,42,1017647,31,-24,-69,31825,85,-141,-3930,0,0,159,2491,-5486,4795,0,0,0,2,0
5,180,6.502,43,1017703,31,-24,-69,31825,85,-141,-3930,0,0,159,2491,-5486,4795,0,0,0,2,0
5,180,6.558,44,1017759,31,-24,-69,31825,85,-141,-3930,0,0,159,2491,-5486,4795,0,0,0,2,0
5,180,6.613,45,1017815,31,-24,-69,31825,85,-141,-3930,0,0,159,2491,-5486,4795,0,0,0,2,0
5,180,6.673,46,1017871,31,-24,-69,31825,85,-141,-3930,0,0,159,2491,-5486,4795,0,0,0,2,0
5,180,6.725,47,1017927,31,-24,-69,31825,85,-141,-3930,0,0,159,2491,-5486,4795,0,0,0,2,0
5,180,6.78,48,1017983,31,-24,-69,31825,85,-141,-3930,0,0,159,2491,-5486,4795,0,0,0,2,0
5,180,6.838,49,1018039,31,-24,-69,31825,85,-141,-3930,0,0,159,2491,-5486,4795,0,0,0,2,0
5,180,6.901,50,1018095,31,-24,-69,31825,85,-141,-3930,0,0,159,2491,-5486,4795,0,0,0,2,0
5,180,6.951,51,1018151,31,-24,-69,31825,85,-141,-3930,0,0,159,2491,-5486,4795,0,0,0,2,0
5,180,7.003,52,1018207,31,-24,-69,31825,85,-141,-3930,0,0,159,2491,-5486,4795,0,0,0,2,0
5,180,7.059,53,1018263,31,-24,-69,31825,85,-141,-3930,0,0,159,2491,-5486,4795,0,0,0,2,0
5,180,7.116,54,1018319,31,-24,-69,31825,85,-141,-3930,0,0,159,2491,-5486,4795,0,0,0,2,0
5,180,7.18,55,1018375,31,-24,-69,31825,85,-141,-3930,0,0,159,2491,-5486,4795,0,0,0,2,0
5,180,7.232,56,1018427,31,-24,-69,31825,85,-141,-3930,0,0,159,2491,-5486,4795,0,0,0,2,0
5,180,7.282,57,1018483,31,-24,-69,31825,85,-141,-3930,0,0,159,2491,-5486,4795,0,0,0,2,0
5,180,7.34,58,1018539,31,-24,-69,31825,85,-141,-3930,0,0,159,2491,-5486,4795,0,0,0,2,0
5,180,7.391,59,1018595,31,-24,-69,31825,85,-141,-3930,0,0,159,2491,-5486,4795,0,0,0,2,0
5,180,7.453,60,1018651,31,-24,-69,31825,85,-141,-3930,0,0,159,2491,-5486,4795,0,0,0,2,0
5,180,7.512,61,1018707,31,-24,-69,31825,85,-141,-3930,0,0,159,2491,-5486,4795,0,0,0,2,0
5,180,7.559,62,1018763,31,-24,-69,31825,85,-141,-3930,0,0,159,2491,-5486,4795,0,0,0,2,0
5,180,7.617,63,1018819,31,-24,-69,31825,85,-141,-3930,0,0,159,2491,-5486,4795,0,0,0,2,0
5,180,7.671,64,1018875,31,-24,-69,31825,85,-141,-3930,0,0,159,2491,-5486,4795,0,0,0,2,0
5,180,7.728,65,1018931,31,-24,-69,31825,85,-141,-3931,0,0,159,2491,-5486,4795,0,0,0,2,0
5,180,7.783,66,1018987,31,-24,-69,31825,85,-141,-3931,0,0,159,2491,-5486,4795,0,0,0,2,0
5,180,7.843,67,1019043,31,-24,-69,31825,85,-141,-3931,0,0,159,2491,-5486,4795,0,0,0,2,0
5,180,7.897,68,1019099,31,-24,-69,31825,85,-141,-3931,0,0,159,2491,-5486,4795,0,0,0,2,0
5,180,7.954,69,1019155,31,-24,-69,31825,85,-141,-3931,0,0,159,2491,-5486,4795,0,0,0,2,0
5,180,8.009,70,1019211,31,-24,-69,31825,85,-141,-3931,0,0,159,2491,-5486,4795,0,0,0,2,0
5,180,8.063,71,1019267,31,-24,-69,31825,85,-141,-3931,0,0,159,2491,-5486,4795,0,0,0,2,0
5,180,8.128,72,1019323,31,-24,-69,31825,85,-141,-3931,0,0,159,2491,-5486,4795,0,0,0,2,0
5,180,8.175,73,1019379,31,-24,-69,31825,85,-141,-3931,0,0,159,2491,-5486,4795,0,0,0,2,0
5,180,8.239,74,1019435,31,-24,-69,31825,85,-141,-3931,0,0,159,2491,-5486,4795,0,0,0,2,0
5,180,8.288,75,1019487,31,-24,-69,31825,85,-141,-3931,0,0,159,2491,-5486,4795,0,0,0,2,0
5,180,8.34,76,1019543,31,-24,-69,31825,85,-141,-3931,0,0,159,2491,-5486,4795,0,0,0,2,0
5,180,8.398,77,1019599,31,-24,-69,31825,85,-141,-3931,0,0,159,2491,-5486,4795,0,0,0,2,0
5,180,8.451,78,1019655,31,-24,-69,31825,85,-141,-3931,0,0,159,2491,-5486,4795,0,0,0,2,0
5,180,8.514,79,1019711,31,-24,-69,31825,85,-141,-3931,0,0,159,2491,-5486,4795,0,0,0,2,0
5,180,8.562,80,1019767,31,-24,-69,31825,85,-141,-3931,0,0,159,2491,-5486,4795,0,0,0,2,0
5,180,8.621,81,1019823,31,-24,-69,31825,85,-141,-3931,0,0,159,2491,-5486,4795,0,0,0,2,0
5,180,8.677,82,1019879,31,-24,-69,31825,85,-141,-3931,0,0,159,2491,-5486,4795,0,0,0,2,0
5,180,8.739,83,1019935,31,-24,-69,31825,85,-141,-3931,0,0,159,2491,-5486,4795,0,0,0,2,0
5,180,8.791,84,1019991,31,-24,-69,31825,85,-141,-3931,0,0,159,2491,-5486,4795,0,0,0,2,0
5,180,8.845,85,1020047,31,-24,-69,31825,85,-141,-3931,0,0,159,2491,-5486,4795,0,0,0,2,0
5,180,8.9,86,1020103,31,-24,-69,31825,85,-141,-3931,0,0,159,2491,-5486,4795,0,0,0,2,0
5,180,8.956,87,1020159,31,-24,-69,31825,85,-141,-3931,0,0,159,2491,-5486,4795,0,0,0,2,0
5,180,9.011,88,1020215,31,-24,-69,31825,85,-141,-3931,0,0,159,2491,-5486,4795,0,0,0,2,0
5,180,9.11,89,1020271,31,-24,-69,31825,85,-141,-3930,0,0,159,2491,-5486,4795,0,0,0,2,0
5,180,9.124,90,1020327,31,-24,-69,31825,85,-141,-3930,0,0,159,2491,-5486,4795,0,0,0,2,0
5,180,9.181,91,1020383,31,-24,-69,31825,85,-141,-3931,0,0,159,2491,-5486,4795,0,0,0,2,0
5,180,9.24,92,1020439,31,-24,-69,31825,85,-141,-3931,0,0,159,2491,-5486,4795,0,0,0,2,0
5,180,9.298,93,1020495,31,-24,-69,31825,85,-141,-3931,0,0,159,2491,-5486,4795,0,0,0,2,0
5,180,9.349,94,1020547,31,-24,-69,31825,85,-141,-3931,0,0,159,2491,-5486,4795,0,0,0,2,0
5,180,9.401,95,1020603,31,-24,-69,31825,85,-141,-3931,0,0,159,2491,-5486,4795,0,0,0,2,0
5,180,9.457,96,1020659,31,-24,-69,31825,85,-141,-3931,0,0,159,2491,-5486,4795,0,0,0,2,0
5,180,9.514,97,1020715,31,-24,-69,31825,85,-141,-3931,0,0,159,2491,-5486,4795,0,0,0,2,0
5,180,9.567,98,1020771,31,-24,-69,31825,85,-141,-3931,0,0,159,2491,-5486,4795,0,0,0,2,0
5,180,9.624,99,1020827,31,-24,-69,31825,85,-141,-3931,0,0,159,2491,-5486,4795,0,0,0,2,0
5,180,9.681,100,1020883,31,-24,-69,31825,85,-141,-3931,0,0,159,2491,-5486,4795,0,0,0,2,0
5,180,9.737,101,1020939,31,-24,-69,31825,85,-141,-3931,0,0,159,2491,-5486,4795,0,0,0,2,0
5,180,9.791,102,1020995,31,-24,-69,31825,85,-141,-3931,0,0,159,2491,-5486,4795,0,0,0,2,0
5,180,9.852,103,1021051,31,-24,-69,31825,85,-141,-3931,0,0,159,2491,-5486,4795,0,0,0,2,0
5,180,9.905,104,1021107,31,-24,-69,31825,85,-141,-3931,0,0,159,2491,-5486,4795,0,0,0,2,0
5,180,9.961,105,1021163,31,-24,-69,31825,85,-141,-3931,0,0,159,2491,-5486,4795,0,0,0,2,0
5,180,10.023,106,1021219,31,-24,-69,31825,85,-141,-3931,0,0,159,2491,-5486,4795,0,0,0,2,0
5,180,10.073,107,1021275,31,-24,-69,31825,85,-141,-3931,0,0,159,2491,-5486,4795,0,0,0,2,0
5,180,10.13,108,1021331,31,-24,-69,31825,85,-141,-3931,0,0,159,2491,-5486,4795,0,0,0,2,0
5,180,10.183,109,1021387,31,-24,-69,31825,85,-141,-3931,0,0,159,2491,-5486,4795,0,0,0,2,0
5,180,10.241,110,1021443,31,-24,-69,31825,85,-141,-3931,0,0,159,2491,-5486,4795,0,0,0,2,0
5,180,10.296,111,1021499,31,-24,-69,31825,85,-141,-3931,0,0,159,2491,-5486,4795,0,0,0,2,0
5,180,10.36,112,1021555,31,-24,-69,31825,85,-141,-3931,0,0,159,2491,-5486,4795,0,0,0,2,0
5,180,10.417,113,1021607,31,-24,-69,31825,85,-141,-3931,0,0,159,2491,-5486,4795,0,0,0,2,0
5,180,10.467,114,1021663,31,-24,-69,31825,85,-141,-3931,0,0,159,2491,-5486,4795,0,0,0,2,0
5,180,10.523,115,1021719,31,-24,-69,31825,85,-141,-3931,0,0,159,2491,-5486,4795,0,0,0,2,0
5,180,10.574,116,1021775,31,-24,-69,31825,85,-141,-3931,0,0,159,2491,-5486,4795,0,0,0,2,0
5,180,10.629,117,1021831,31,-24,-69,31825,85,-141,-3931,0,0,159,2491,-5486,4795,0,0,0,2,0
5,180,10.686,118,1021887,31,-24,-69,31825,85,-141,-3931,0,0,159,2491,-5486,4795,0,0,0,2,0
5,180,10.739,119,1021943,31,-24,-69,31825,85,-141,-3931,0,0,159,2491,-5486,4795,0,0,0,2,0
5,180,10.813,120,1021999,31,-24,-69,31825,85,-141,-3931,0,0,159,2491,-5486,4795,0,0,0,2,0
5,180,10.856,121,1022055,31,-24,-69,31825,85,-141,-3931,0,0,159,2491,-5486,4795,0,0,0,2,0
5,180,10.911,122,1022111,31,-24,-69,31825,85,-141,-3931,0,0,159,2491,-5486,4795,0,0,0,2,0
5,180,10.965,123,1022167,31,-24,-69,31825,85,-141,-3931,0,0,159,2491,-5486,4795,0,0,0,2,0
5,180,11.021,124,1022223,31,-24,-69,31825,85,-141,-3931,0,0,159,2491,-5486,4795,0,0,0,2,0
5,180,11.076,125,1022279,31,-24,-69,31825,85,-141,-3931,0,0,159,2491,-5486,4795,0,0,0,2,0
5,180,11.135,126,1022335,31,-24,-69,31825,85,-141,-3931,0,0,159,2491,-5486,4795,0,0,0,2,0
5,180,11.188,127,1022391,31,-24,-69,31825,85,-141,-3931,0,0,159,2491,-5486,4795,0,0,0,2,0
5,180,11.246,0,1022447,31,-24,-69,31825,85,-141,-3931,0,0,159,2491,-5486,4795,0,0,0,2,0
5,180,11.305,1,1022503,31,-24,-69,31825,85,-141,-3931,0,0,159,2491,-5486,4795,0,0,0,2,0
5,180,11.36,2,1022559,31,-24,-69,31825,85,-141,-3931,0,0,159,2491,-5486,4795,0,0,0,2,0
5,180,11.42,3,1022615,31,-24,-69,31825,85,-141,-3931,0,0,159,2491,-5486,4795,0,0,0,2,0
5,180,11.467,4,1022667,31,-24,-69,31825,85,-141,-3931,0,0,159,2491,-5486,4795,0,0,0,2,0
5,180,11.523,5,1022723,31,-24,-69,31825,85,-141,-3931,0,0,159,2491,-5486,4795,0,0,0,2,0
5,180,11.576,6,1022779,31,-24,-69,31825,85,-141,-3931,0,0,159,2491,-5486,4795,0,0,0,2,0
5,180,11.635,7,1022835,31,-24,-69,31825,85,-141,-3931,0,0,159,2491,-5486,4795,0,0,0,2,0
5,180,11.687,8,1022892,31,-24,-69,31825,85,-141,-3931,0,0,159,2491,-5486,4795,0,0,0,2,0
5,180,11.744,9,1022947,31,-24,-69,31825,85,-141,-3931,0,0,159,2491,-5486,4795,0,0,0,2,0
5,180,11.799,10,1023003,31,-24,-69,31825,85,-141,-3931,0,0,159,2491,-5486,4795,0,0,0,2,0
5,180,11.856,11,1023059,31,-24,-69,31825,85,-141,-3931,0,0,159,2491,-5486,4795,0,0,0,2,0
5,180,11.912,12,1023115,31,-24,-69,31825,85,-141,-3931,0,0,159,2491,-5486,4795,0,0,0,2,0
5,180,11.972,13,1023171,31,-24,-69,31825,85,-141,-3931,0,0,159,2491,-5486,4795,0,0,0,2,0
5,180,12.025,14,1023227,31,-24,-69,31825,85,-141,-3931,0,0,159,2491,-5486,4795,0,0,0,2,0
5,180,12.083,15,1023283,31,-24,-69,31825,85,-141,-3931,0,0,159,2491,-5486,4795,0,0,0,2,0
5,180,12.139,16,1023339,31,-24,-69,31825,85,-141,-3931,0,0,159,2491,-5486,4795,0,0,0,2,0
5,180,12.193,17,1023395,31,-24,-69,31825,85,-141,-3932,0,0,159,2491,-5486,4795,0,0,0,2,0
5,180,12.248,18,1023451,31,-24,-69,31825,85,-141,-3932,0,0,159,2491,-5486,4795,0,0,0,2,0
5,180,12.304,19,1023507,31,-24,-69,31825,85,-141,-3932,0,0,159,2491,-5486,4795,0,0,0,2,0
5,180,12.37,20,1023563,31,-24,-69,31825,85,-141,-3932,0,0,159,2491,-5486,4795,0,0,0,2,0
6,-180,-0.041,17,1030536,31,-24,-69,31825,85,-141,-3934,0,0,159,2491,-5486,4795,0,0,0,2,0
6,-180,0.008,18,1030591,31,-24,-69,31825,85,-141,-3934,0,0,159,2491,-5486,4795,0,0,0,2,0
6,-180,0.089,19,1030660,31,-24,-69,31825,85,-141,-3934,0,0,159,2493,-5486,4795,300,-300,0,2,0
6,-180,0.152,20,1030731,31,-23,-69,31807,85,-141,-3934,9,0,161,2496,-5480,4795,1000,-900,0,2,0
6,-180,0.219,21,1030803,31,-23,-69,31609,85,-141,-3934,23,-23,161,2499,-5447,4764,1700,-1600,0,2,0
6,-180,0.29,22,1030875,31,-23,-69,31290,86,-141,-3998,79,-50,161,2502,-5386,4722,2500,-2400,0,2,0
6,-180,0.364,23,1030947,31,-23,-70,30646,91,-139,-4703,129,-123,161,2505,-5275,4625,2900,-2800,0,2,0
6,-180,0.44,24,1031019,31,-22,-70,29761,91,-139,-4703,160,-146,161,2508,-5122,4492,3300,-3300,0,2,0
6,-180,0.515,25,1031091,31,-22,-71,28668,100,-134,-6097,187,-178,161,2511,-4941,4320,3700,-3700,0,2,0
6,-180,0.589,26,1031163,31,-22,-71,27368,113,-130,-7996,213,-204,161,2514,-4727,4114,4100,-4100,0,2,0
6,-180,0.659,27,1031235,31,-22,-71,25900,113,-130,-7996,234,-228,161,2517,-4486,3881,4400,-4400,0,2,0
6,-180,0.726,28,1031307,31,-22,-71,24266,130,-132,-10396,243,-270,161,2520,-4222,3617,4500,-4500,0,2,0
6,-180,0.8,29,1031379,31,-22,-71,22579,147,-140,-13254,251,-286,161,2523,-3958,3336,4100,-4100,0,2,0
6,-180,0.867,30,1031451,31,-22,-71,20988,147,-140,-13254,236,-242,161,2526,-3702,3078,3600,-3500,0,2,0
6,-180,0.94,31,1031523,31,-21,-71,19545,156,-153,-15762,210,-219,161,2529,-3475,2839,3000,-2800,0,2,0
6,-180,1.023,32,1031596,31,-22,-71,18384,156,-153,-15762,169,-160,161,2532,-3283,2656,2500,-2300,0,2,0
6,-180,1.147,33,1031732,31,-14,-66,17171,157,-176,17046,0,0,161,2540,-3086,2461,0,0,0,2,0
6,-180,1.236,34,1031783,31,-14,-66,17171,157,-176,17046,0,0,161,2542,-3086,2461,0,0,0,2,0
6,-180,1.272,35,1031855,31,-14,-66,17171,158,-176,17082,0,0,161,2545,-3086,2461,0,0,0,2,0
6,-180,1.328,36,1031911,31,-14,-66,17171,158,-176,17082,0,0,161,2547,-3086,2461,0,0,0,2,0
6,-180,1.382,37,1031967,31,-14,-66,17171,158,-176,17082,0,0,161,2547,-3086,2461,0,0,0,2,0
6,-180,1.446,38,1032023,31,-14,-66,17171,158,-176,17082,0,0,161,2547,-3086,2461,0,0,0,2,0
6,-180,1.502,39,1032079,31,-14,-66,17171,158,-176,17082,0,0,161,2547,-3086,2461,0,0,0,2,0
6,-180,1.555,40,1032135,31,-14,-66,17171,158,-176,17082,0,0,161,2547,-3086,2461,0,0,0,2,0
6,-180,1.612,41,1032191,31,-14,-66,17171,158,-176,17082,0,0,161,2547,-3086,2461,0,0,0,2,0
6,-180,1.675,42,1032247,31,-14,-66,17171,158,-176,17082,0,0,161,2547,-3086,2461,0,0,0,2,0
6,-180,1.719,43,1032303,31,-14,-66,17171,158,-176,17082,0,0,161,2547,-3086,2461,0,0,0,2,0
6,-180,1.784,44,1032359,31,-14,-66,17171,158,-176,17082,0,0,161,2547,-3086,2461,0,0,0,2,0
6,-180,1.831,45,1032415,31,-14,-66,17171,158,-176,17082,0,0,161,2547,-3086,2461,0,0,0,2,0
6,-180,1.894,46,1032471,31,-14,-66,17171,158,-176,17082,0,0,161,2547,-3086,2461,0,0,0,2,0
6,-180,1.939,47,1032523,31,-14,-66,17171,158,-176,17082,0,0,161,2547,-3086,2461,0,0,0,2,0
6,-180,1.996,48,1032579,31,-14,-66,17171,158,-176,17082,0,0,161,2547,-3086,2461,0,0,0,2,0
6,-180,2.054,49,1032635,31,-14,-66,17171,158,-176,17082,0,0,161,2547,-3086,2461,0,0,0,2,0
6,-180,2.108,50,1032691,31,-14,-66,17171,158,-176,17082,0,0,161,2547,-3086,2461,0,0,0,2,0
6,-180,2.17,51,1032747,31,-14,-66,17171,158,-176,17082,0,0,161,2547,-3086,2461,0,0,0,2,0
6,-180,2.22,52,1032803,31,-14,-66,17171,158,-176,17082,0,0,161,2547,-3086,2461,0,0,0,2,0
6,-180,2.275,53,1032859,31,-14,-66,17171,158,-176,17082,0,0,161,2547,-3086,2461,0,0,0,2,0
6,-180,2.332,54,1032915,31,-14,-66,17171,158,-176,17082,0,0,161,2547,-3086,2461,0,0,0,2,0
6,-180,2.385,55,1032971,31,-14,-66,17171,158,-176,17081,0,0,161,2547,-3086,2461,0,0,0,2,0
6,-180,2.442,56,1033027,31,-14,-66,17171,158,-176,17081,0,0,161,2547,-3086,2461,0,0,0,2,0
6,-180,2.498,57,1033083,31,-14,-66,17171,158,-176,17082,0,0,161,2547,-3086,2461,0,0,0,2,0
6,-180,2.56,58,1033139,31,-14,-66,17171,158,-176,17082,0,0,161,2547,-3086,2461,0,0,0,2,0
6,-180,2.609,59,1033195,31,-14,-66,17171,158,-176,17081,0,0,161,2547,-3086,2461,0,0,0,2,0
6,-180,2.668,60,1033251,31,-14,-66,17171,158,-176,17081,0,0,161,2547,-3086,2461,0,0,0,2,0
6,-180,2.723,61,1033307,31,-14,-66,17171,158,-176,17081,0,0,161,2547,-3086,2461,0,0,0,2,0
6,-180,2.779,62,1033363,31,-14,-66,17171,158,-176,17081,0,0,161,2547,-3086,2461,0,0,0,2,0
6,-180,2.84,63,1033419,31,-14,-66,17171,158,-176,17081,0,0,161,2547,-3086,2461,0,0,0,2,0
6,-180,2.896,64,1033475,31,-14,-66,17171,158,-176,17081,0,0,161,2547,-3086,2461,0,0,0,2,0
6,-180,2.952,65,1033531,31,-14,-66,17171,158,-176,17081,0,0,161,2547,-3086,2461,0,0,0,2,0
6,-180,2.996,66,1033583,31,-14,-66,17171,158,-176,17081,0,0,161,2547,-3086,2461,0,0,0,2,0
6,-180,3.053,67,1033639,31,-14,-66,17171,158,-176,17081,0,0,161,2547,-3086,2461,0,0,0,2,0
6,-180,3.113,68,1033695,31,-14,-66,17171,158,-176,17081,0,0,161,2547,-3086,2461,0,0,0,2,0
6,-180,3.174,69,1033751,31,-14,-66,17171,158,-176,17081,0,0,161,2547,-3086,2461,0,0,0,2,0
6,-180,3.223,70,1033807,31,-14,-66,17171,158,-176,17081,0,0,161,2547,-3086,2461,0,0,0,2,0
6,-180,3.282,71,1033863,31,-14,-66,17171,158,-176,17081,0,0,161,2547,-3086,2461,0,0,0,2,0
6,-180,3.336,72,1033919,31,-14,-66,17171,158,-176,17081,0,0,161,2547,-3086,2461,0,0,0,2,0
6,-180,3.393,73,1033975,31,-14,-66,17171,158,-176,17081,0,0,161,2547,-3086,2461,0,0,0,2,0
6,-180,3.444,74,1034031,31,-14,-66,17171,158,-176,17081,0,0,161,2547,-3086,2461,0,0,0,2,0
6,-180,3.502,75,1034087,31,-14,-66,17171,158,-176,17081,0,0,161,2547,-3086,2461,0,0,0,2,0
6,-180,3.56,76,1034143,31,-14,-66,17171,158,-176,17081,0,0,161,2547,-3086,2461,0,0,0,2,0
6,-180,3.614,77,1034199,31,-14,-66,17171,158,-176,17080,0,0,161,2547,-3086,2461,0,0,0,2,0
6,-180,3.67,78,1034255,31,-14,-66,17171,158,-176,17080,0,0,161,2547,-3086,2461,0,0,0,2,0
6,-180,3.725,79,1034311,31,-14,-66,17171,158,-176,17081,0,0,161,2547,-3086,2461,0,0,0,2,0
6,-180,3.784,80,1034367,31,-14,-66,17171,158,-176,17081,0,0,161,2547,-3086,2461,0,0,0,2,0
6,-180,3.839,81,1034423,31,-14,-66,17171,158,-176,17081,0,0,161,2547,-3086,2461,0,0,0,2,0
6,-180,3.898,82,1034479,31,-14,-66,17171,158,-176,17081,0,0,161,2547,-3086,2461,0,0,0,2,0
6,-180,3.953,83,1034535,31,-14,-66,17171,158,-176,17081,0,0,161,2547,-3086,2461,0,0,0,2,0
6,-180,4.013,84,1034591,31,-14,-66,17171,158,-176,17081,0,0,161,2547,-3086,2461,0,0,0,2,0
6,-180,4.06,85,1034643,31,-14,-66,17171,158,-176,17081,0,0,161,2547,-3086,2461,0,0,0,2,0
6,-180,4.121,86,1034699,31,-14,-66,17171,158,-176,17081,0,0,161,2547,-3086,2461,0,0,0,2,0
6,-180,4.174,87,1034755,31,-14,-66,17171,158,-176,17081,0,0,161,2547,-3086,2461,0,0,0,2,0
6,-180,4.229,88,1034811,31,-14,-66,17171,158,-176,17081,0,0,161,2547,-3086,2461,0,0,0,2,0
6,-180,4.289,89,1034867,31,-14,-66,17171,158,-176,17081,0,0,161,2547,-3086,2461,0,0,0,2,0
6,-180,4.338,90,1034923,31,-14,-66,17171,158,-176,17081,0,0,161,2547,-3086,2461,0,0,0,2,0
6,-180,4.395,91,1034979,31,-14,-66,17171,158,-176,17080,0,0,161,2547,-3086,2461,0,0,0,2,0
6,-180,4.451,92,1035035,31,-14,-66,17171,158,-176,17080,0,0,161,2547,-3086,2461,0,0,0,2,0
6,-180,4.512,93,1035091,31,-14,-66,17171,158,-176,17080,0,0,161,2547,-3086,2461,0,0,0,2,0
6,-180,4.572,94,1035147,31,-14,-66,17171,158,-176,17080,0,0,161,2547,-3086,2461,0,0,0,2,0
6,-180,4.621,95,1035203,31,-14,-66,17171,158,-176,17080,0,0,161,2547,-3086,2461,0,0,0,2,0
6,-180,4.672,96,1035259,31,-14,-66,17171,158,-176,17081,0,0,161,2547,-3086,2461,0,0,0,2,0
6,-180,4.737,97,1035315,31,-14,-66,17171,158,-176,17081,0,0,161,2547,-3086,2461,0,0,0,2,0
6,-180,4.788,98,1035371,31,-14,-66,17171,158,-176,17080,0,0,161,2547,-3086,2461,0,0,0,2,0
6,-180,4.845,99,1035427,31,-14,-66,17171,158,-176,17080,0,0,161,2547,-3086,2461,0,0,0,2,0
6,-180,4.91,100,1035483,31,-14,-66,17171,158,-176,17081,0,0,161,2547,-3086,2461,0,0,0,2,0
6,-180,4.958,101,1035539,31,-14,-66,17171,158,-176,17081,0,0,161,2547,-3086,2461,0,0,0,2,0
6,-180,5.013,102,1035595,31,-14,-66,17171,158,-176,17080,0,0,161,2547,-3086,2461,0,0,0,2,0
6,-180,5.079,103,1035651,31,-14,-66,17171,158,-176,17080,0,0,161,2547,-3086,2461,0,0,0,2,0
6,-180,5.225,104,1035703,31,-14,-66,17171,158,-176,17080,0,0,161,2547,-3086,2461,0,0,0,2,0
6,-180,5.227,105,1035759,31,-14,-66,17171,158,-176,17080,0,0,161,2547,-3086,2461,0,0,0,2,0
6,-180,5.231,106,1035815,31,-14,-66,17171,158,-176,17080,0,0,161,2547,-3086,2461,0,0,0,2,0
6,-180,5.291,107,1035871,31,-14,-66,17171,158,-176,17080,0,0,161,2547,-3086,2461,0,0,0,2,0
6,-180,5.341,108,1035927,31,-14,-66,17171,158,-176,17080,0,0,161,2547,-3086,2461,0,0,0,2,0
6,-180,5.399,109,1035983,31,-14,-66,17171,158,-176,17080,0,0,161,2547,-3086,2461,0,0,0,2,0
6,-180,5.455,110,1036039,31,-14,-66,17171,158,-176,17080,0,0,161,2547,-3086,2461,0,0,0,2,0
6,-180,5.51,111,1036095,31,-14,-66,17171,158,-176,17080,0,0,161,2547,-3086,2461,0,0,0,2,0
6,-180,5.567,112,1036151,31,-14,-66,17171,158,-176,17080,0,0,161,2547,-3086,2461,0,0,0,2,0
6,-180,5.628,113,1036207,31,-14,-66,17171,158,-176,17080,0,0,161,2547,-3086,2461,0,0,0,2,0
6,-180,5.681,114,1036263,31,-14,-66,17171,158,-176,17080,0,0,161,2547,-3086,2461,0,0,0,2,0
6,-180,5.741,115,1036319,31,-14,-66,17171,158,-176,17080,0,0,161,2547,-3086,2461,0,0,0,2,0
6,-180,5.79,116,1036375,31,-14,-66,17171,158,-176,17080,0,0,161,2547,-3086,2461,0,0,0,2,0
6,-180,5.854,117,1036431,31,-14,-66,17171,158,-176,17080,0,0,161,2547,-3086,2461,0,0,0,2,0
6,-180,5.913,118,1036487,31,-14,-66,17171,158,-176,17080,0,0,161,2547,-3086,2461,0,0,0,2,0
6,-180,5.957,119,1036543,31,-14,-66,17171,158,-176,17080,0,0,161,2547,-3086,2461,0,0,0,2,0
6,-180,6.015,120,1036599,31,-14,-66,17171,158,-176,17080,0,0,161,2547,-3086,2461,0,0,0,2,0
6,-180,6.115,121,1036655,31,-14,-66,17171,158,-176,17080,0,0,161,2547,-3086,2461,0,0,0,2,0
6,-180,6.148,122,1036711,31,-14,-66,17171,158,-176,17080,0,0,161,2547,-3086,2461,0,0,0,2,0
6,-180,6.187,123,1036763,31,-14,-66,17171,158,-176,17080,0,0,161,2547,-3086,2461,0,0,0,2,0
6,-180,6.237,124,1036819,31,-14,-66,17171,158,-176,17080,0,0,161,2547,-3086,2461,0,0,0,2,0
6,-180,6.294,125,1036875,31,-14,-66,17171,158,-176,17080,0,0,161,2547,-3086,2461,0,0,0,2,0
6,-180,6.354,126,1036931,31,-14,-66,17171,158,-176,17080,0,0,161,2547,-3086,2461,0,0,0,2,0
6,-180,6.4,127,1036987,31,-14,-66,17171,158,-176,17080,0,0,161,2547,-3086,2461,0,0,0,2,0
6,-180,6.46,0,1037043,31,-14,-66,17171,158,-176,17080,0,0,161,2547,-3086,2461,0,0,0,2,0
6,-180,6.513,1,1037099,31,-14,-66,17171,158,-176,17080,0,0,161,2547,-3086,2461,0,0,0,2,0
6,-180,6.573,2,1037155,31,-14,-66,17171,158,-176,17080,0,0,161,2547,-3086,2461,0,0,0,2,0
6,-180,6.629,3,1037211,31,-14,-66,17171,158,-176,17080,0,0,161,2547,-3086,2461,0,0,0,2,0
6,-180,6.685,4,1037267,31,-14,-66,17171,158,-176,17080,0,0,161,2547,-3086,2461,0,0,0,2,0
6,-180,6.736,5,1037323,31,-14,-66,17171,158,-176,17080,0,0,161,2547,-3086,2461,0,0,0,2,0
6,-180,6.794,6,1037379,31,-14,-66,17171,158,-176,17080,0,0,161,2547,-3086,2461,0,0,0,2,0
6,-180,6.854,7,1037435,31,-14,-66,17171,158,-176,17080,0,0,161,2547,-3086,2461,0,0,0,2,0
6,-180,6.908,8,1037491,31,-14,-66,17171,158,-176,17080,0,0,161,2547,-3086,2461,0,0,0,2,0
6,-180,6.969,9,1037547,31,-14,-66,17171,158,-176,17080,0,0,161,2547,-3086,2461,0,0,0,2,0
6,-180,7.018,10,1037603,31,-14,-66,17171,158,-176,17080,0,0,161,2547,-3086,2461,0,0,0,2,0
6,-180,7.072,11,1037659,31,-14,-66,17171,158,-176,17080,0,0,161,2547,-3086,2461,0,0,0,2,0
6,-180,7.131,12,1037715,31,-14,-66,17171,158,-176,17080,0,0,161,2547,-3086,2461,0,0,0,2,0
6,-180,7.193,13,1037771,31,-14,-66,17171,158,-176,17080,0,0,161,2547,-3086,2461,0,0,0,2,0
6,-180,7.242,14,1037823,31,-14,-66,17171,158,-176,17080,0,0,161,2547,-3086,2461,0,0,0,2,0
6,-180,7.296,15,1037879,31,-14,-66,17171,158,-176,17080,0,0,161,2547,-3086,2461,0,0,0,2,0
6,-180,7.352,16,1037935,31,-14,-66,17171,158,-176,17080,0,0,161,2547,-3086,2461,0,0,0,2,0
6,-180,7.418,17,1037991,31,-14,-66,17171,158,-176,17080,0,0,161,2547,-3086,2461,0,0,0,2,0
6,-180,7.468,18,1038047,31,-14,-66,17171,158,-176,17080,0,0,161,2547,-3086,2461,0,0,0,2,0
6,-180,7.519,19,1038103,31,-14,-66,17171,158,-176,17080,0,0,161,2547,-3086,2461,0,0,0,2,0
6,-180,7.577,20,1038159,31,-14,-66,17171,158,-176,17080,0,0,161,2547,-3086,2461,0,0,0,2,0
6,-180,7.631,21,1038215,31,-14,-66,17171,158,-176,17080,0,0,161,2547,-3086,2461,0,0,0,2,0
6,-180,7.695,22,1038271,31,-14,-66,17171,158,-176,17079,0,0,161,2547,-3086,2461,0,0,0,2,0
6,-180,7.743,23,1038327,31,-14,-66,17171,158,-176,17079,0,0,161,2547,-3086,2461,0,0,0,2,0
6,-180,7.803,24,1038383,31,-14,-66,17171,158,-176,17080,0,0,161,2547,-3086,2461,0,0,0,2,0
6,-180,7.859,25,1038439,31,-14,-66,17171,158,-176,17080,0,0,161,2547,-3086,2461,0,0,0,2,0
6,-180,7.916,26,1038495,31,-14,-66,17171,158,-176,17079,0,0,161,2547,-3086,2461,0,0,0,2,0
6,-180,7.967,27,1038551,31,-14,-66,17171,158,-176,17079,0,0,161,2547,-3086,2461,0,0,0,2,0
6,-180,8.023,28,1038607,31,-14,-66,17171,158,-176,17080,0,0,161,2547,-3086,2461,0,0,0,2,0
6,-180,8.08,29,1038663,31,-14,-66,17171,158,-176,17080,0,0,161,2547,-3086,2461,0,0,0,2,0
6,-180,8.137,30,1038719,31,-14,-66,17171,158,-176,17079,0,0,161,2547,-3086,2461,0,0,0,2,0
6,-180,8.192,31,1038775,31,-14,-66,17171,158,-176,17079,0,0,161,2547,-3086,2461,0,0,0,2,0
6,-180,8.264,32,1038831,31,-14,-66,17171,158,-176,17079,0,0,161,2547,-3086,2461,0,0,0,2,0
6,-180,8.3,33,1038883,31,-14,-66,17171,158,-176,17079,0,0,161,2547,-3086,2461,0,0,0,2,0
6,-180,8.354,34,1038939,31,-14,-66,17171,158,-176,17079,0,0,161,2547,-3086,2461,0,0,0,2,0
6,-180,8.417,35,1038995,31,-14,-66,17171,158,-176,17079,0,0,161,2547,-3086,2461,0,0,0,2,0
6,-180,8.482,36,1039051,31,-14,-66,17171,158,-176,17079,0,0,161,2547,-3086,2461,0,0,0,2,0
6,-180,8.538,37,1039107,31,-14,-66,17171,158,-176,17079,0,0,161,2547,-3086,2461,0,0,0,2,0
6,-180,8.578,38,1039163,31,-14,-66,17171,158,-176,17079,0,0,161,2547,-3086,2461,0,0,0,2,0
6,-180,8.633,39,1039219,31,-14,-66,17171,158,-176,17079,0,0,161,2547,-3086,2461,0,0,0,2,0
6,-180,8.691,40,1039275,31,-14,-66,17171,158,-176,17079,0,0,161,2547,-3086,2461,0,0,0,2,0
6,-180,8.748,41,1039331,31,-14,-66,17171,158,-176,17079,0,0,161,2547,-3086,2461,0,0,0,2,0
6,-180,8.805,42,1039387,31,-14,-66,17171,158,-176,17079,0,0,161,2547,-3086,2461,0,0,0,2,0
6,-180,8.859,43,1039443,31,-14,-66,17171,158,-176,17079,0,0,161,2547,-3086,2461,0,0,0,2,0
6,-180,8.924,44,1039499,31,-14,-66,17171,158,-176,17079,0,0,161,2547,-3086,2461,0,0,0,2,0
6,-180,9.007,45,1039555,31,-14,-66,17171,158,-176,17079,0,0,161,2547,-3086,2461,0,0,0,2,0
6,-180,9.032,46,1039611,31,-14,-66,17171,158,-176,17080,0,0,161,2547,-3086,2461,0,0,0,2,0
6,-180,9.081,47,1039667,31,-14,-66,17171,158,-176,17080,0,0,161,2547,-3086,2461,0,0,0,2,0
6,-180,9.138,48,1039723,31,-14,-66,17171,158,-176,17080,0,0,161,2547,-3086,2461,0,0,0,2,0
6,-180,9.196,49,1039779,31,-14,-66,17171,158,-176,17080,0,0,161,2547,-3086,2461,0,0,0,2,0
6,-180,9.253,50,1039835,31,-14,-66,17171,158,-176,17080,0,0,161,2547,-3086,2461,0,0,0,2,0
6,-180,9.311,51,1039891,31,-14,-66,17171,158,-176,17080,0,0,161,2547,-3086,2461,0,0,0,2,0
6,-180,9.359,52,1039943,31,-14,-66,17171,158,-176,17080,0,0,161,2547,-3086,2461,0,0,0,2,0
6,-180,9.413,53,1039999,31,-14,-66,17171,158,-176,17080,0,0,161,2547,-3086,2461,0,0,0,2,0
6,-180,9.47,54,1040055,31,-14,-66,17171,158,-176,17080,0,0,161,2547,-3086,2461,0,0,0,2,0
6,-180,9.535,55,1040111,31,-14,-66,17171,158,-176,17080,0,0,161,2547,-3086,2461,0,0,0,2,0
6,-180,9.588,56,1040167,31,-14,-66,17171,158,-176,17079,0,0,161,2547,-3086,2461,0,0,0,2,0
6,-180,9.64,57,1040223,31,-14,-66,17171,158,-176,17079,0,0,161,2547,-3086,2461,0,0,0,2,0
6,-180,9.695,58,1040279,31,-14,-66,17171,158,-176,17080,0,0,161,2547,-3086,2461,0,0,0,2,0
6,-180,9.757,59,1040335,31,-14,-66,17171,158,-176,17080,0,0,161,2547,-3086,2461,0,0,0,2,0
6,-180,9.807,60,1040391,31,-14,-66,17171,158,-176,17080,0,0,161,2547,-3086,2461,0,0,0,2,0
6,-180,9.865,61,1040447,31,-14,-66,17171,158,-176,17080,0,0,161,2547,-3086,2461,0,0,0,2,0
6,-180,9.93,62,1040503,31,-14,-66,17171,158,-176,17079,0,0,161,2547,-3086,2461,0,0,0,2,0
6,-180,9.973,63,1040559,31,-14,-66,17171,158,-176,17079,0,0,161,2547,-3086,2461,0,0,0,2,0
6,-180,10.03,64,1040615,31,-14,-66,17171,158,-176,17079,0,0,161,2547,-3086,2461,0,0,0,2,0
6,-180,10.087,65,1040671,31,-14,-66,17171,158,-176,17079,0,0,161,2547,-3086,2461,0,0,0,2,0
6,-180,10.146,66,1040727,31,-14,-66,17171,158,-176,17079,0,0,161,2547,-3086,2461,0,0,0,2,0
6,-180,10.201,67,1040783,31,-14,-66,17171,158,-176,17079,0,0,161,2547,-3086,2461,0,0,0,2,0
6,-180,10.27,68,1040839,31,-14,-66,17171,158,-176,17079,0,0,161,2547,-3086,2461,0,0,0,2,0
6,-180,10.314,69,1040895,31,-14,-66,17171,158,-176,17079,0,0,161,2547,-3086,2461,0,0,0,2,0
6,-180,10.374,70,1040951,31,-14,-66,17171,158,-176,17079,0,0,161,2547,-3086,2461,0,0,0,2,0
6,-180,10.42,71,1041003,31,-14,-66,17171,158,-176,17079,0,0,161,2547,-3086,2461,0,0,0,2,0
6,-180,10.474,72,1041059,31,-14,-66,17171,158,-176,17079,0,0,161,2547,-3086,2461,0,0,0,2,0
6,-180,10.531,73,1041115,31,-14,-66,17171,158,-176,17079,0,0,161,2547,-3086,2461,0,0,0,2,0
6,-180,10.588,74,1041171,31,-14,-66,17171,158,-176,17079,0,0,161,2547,-3086,2461,0,0,0,2,0
6,-180,10.642,75,1041227,31,-14,-66,17171,158,-176,17079,0,0,161,2547,-3086,2461,0,0,0,2,0
6,-180,10.705,76,1041283,31,-14,-66,17171,158,-176,17079,0,0,161,2547,-3086,2461,0,0,0,2,0
6,-180,10.758,77,1041339,31,-14,-66,17171,158,-176,17079,0,0,161,2547,-3086,2461,0,0,0,2,0
6,-180,10.815,78,1041395,31,-14,-66,17171,158,-176,17079,0,0,161,2547,-3086,2461,0,0,0,2,0
6,-180,10.865,79,1041451,31,-14,-66,17171,158,-176,17079,0,0,161,2547,-3086,2461,0,0,0,2,0
6,-180,10.921,80,1041507,31,-14,-66,17171,158,-176,17079,0,0,161,2547,-3086,2461,0,0,0,2,0
6,-180,10.98,81,1041563,31,-14,-66,17171,158,-176,17079,0,0,161,2547,-3086,2461,0,0,0,2,0
6,-180,11.035,82,1041619,31,-14,-66,17171,158,-176,17079,0,0,161,2547,-3086,2461,0,0,0,2,0
6,-180,11.088,83,1041675,31,-14,-66,17171,158,-176,17079,0,0,161,2547,-3086,2461,0,0,0,2,0
6,-180,11.144,84,1041731,31,-14,-66,17171,158,-176,17079,0,0,161,2547,-3086,2461,0,0,0,2,0
6,-180,11.202,85,1041787,31,-14,-66,17171,158,-176,17079,0,0,161,2547,-3086,2461,0,0,0,2,0
6,-180,11.257,86,1041843,31,-14,-66,17171,158,-176,17079,0,0,161,2547,-3086,2461,0,0,0,2,0
6,-180,11.315,87,1041899,31,-14,-66,17171,158,-176,17079,0,0,161,2547,-3086,2461,0,0,0,2,0
6,-180,11.375,88,1041955,31,-14,-66,17171,158,-176,17079,0,0,161,2547,-3086,2461,0,0,0,2,0
6,-180,11.442,89,1042011,31,-14,-66,17171,158,-176,17079,0,0,161,2547,-3086,2461,0,0,0,2,0
6,-180,11.477,90,1042063,31,-14,-66,17171,158,-176,17079,0,0,161,2547,-3086,2461,0,0,0,2,0
6,-180,11.539,91,1042119,31,-14,-66,17171,158,-176,17079,0,0,161,2547,-3086,2461,0,0,0,2,0
6,-180,11.596,92,1042175,31,-14,-66,17171,158,-176,17079,0,0,161,2547,-3086,2461,0,0,0,2,0
6,-180,11.651,93,1042231,31,-14,-66,17171,158,-176,17079,0,0,161,2547,-3086,2461,0,0,0,2,0
6,-180,11.702,94,1042287,31,-14,-66,17171,158,-176,17079,0,0,161,2547,-3086,2461,0,0,0,2,0
6,-180,11.761,95,1042343,31,-14,-66,17171,158,-176,17079,0,0,161,2547,-3086,2461,0,0,0,2,0
6,-180,11.817,96,1042399,31,-14,-66,17171,158,-176,17079,0,0,161,2547,-3086,2461,0,0,0,2,0
6,-180,11.873,97,1042455,31,-14,-66,17171,158,-176,17079,0,0,161,2547,-3086,2461,0,0,0,2,0
6,-180,11.925,98,1042511,31,-14,-66,17171,158,-176,17079,0,0,161,2547,-3086,2461,0,0,0,2,0
6,-180,11.987,99,1042567,31,-14,-66,17171,158,-176,17079,0,0,161,2547,-3086,2461,0,0,0,2,0
6,-180,12.038,100,1042623,31,-14,-66,17171,158,-176,17079,0,0,161,2547,-3086,2461,0,0,0,2,0
6,-180,12.094,101,1042679,31,-14,-66,17171,158,-176,17079,0,0,161,2547,-3086,2461,0,0,0,2,0
6,-180,12.15,102,1042735,31,-14,-66,17171,158,-176,17079,0,0,161,2547,-3086,2461,0,0,0,2,0
6,-180,12.21,103,1042791,31,-14,-66,17171,158,-176,17079,0,0,161,2547,-3086,2461,0,0,0,2,0
6,-180,12.271,104,1042847,31,-14,-66,17171,158,-176,17079,0,0,161,2547,-3086,2461,0,0,0,2,0
6,-180,12.322,105,1042903,31,-14,-66,17171,158,-176,17079,0,0,161,2547,-3086,2461,0,0,0,2,0
6,-180,12.373,106,1042959,31,-14,-66,17171,158,-176,17079,0,0,161,2547,-3086,2461,0,0,0,2,0
6,-180,12.433,107,1043015,31,-14,-66,17171,158,-176,17079,0,0,161,2547,-3086,2461,0,0,0,2,0
6,-180,12.515,108,1043071,31,-14,-66,17171,158,-176,17079,0,0,161,2547,-3086,2461,0,0,0,2,0
6,-180,12.548,109,1043123,31,-14,-66,17171,158,-176,17079,0,0,161,2547,-3086,2461,0,0,0,2,0
6,-180,12.594,110,1043179,31,-14,-66,17171,158,-176,17079,0,0,161,2547,-3086,2461,0,0,0,2,0
6,-180,12.65,111,1043235,31,-14,-66,17171,158,-176,17079,0,0,161,2547,-3086,2461,0,0,0,2,0
6,-180,12.713,112,1043291,31,-14,-66,17171,158,-176,17079,0,0,161,2547,-3086,2461,0,0,0,2,0
6,-180,12.76,113,1043347,31,-14,-66,17171,158,-176,17079,0,0,161,2547,-3086,2461,0,0,0,2,0
6,-180,12.822,114,1043403,31,-14,-66,17171,158,-176,17079,0,0,161,2547,-3086,2461,0,0,0,2,0
6,-180,12.878,115,1043459,31,-14,-66,17171,158,-176,17079,0,0,161,2547,-3086,2461,0,0,0,2,0
6,-180,12.93,116,1043515,31,-14,-66,17171,158,-176,17079,0,0,161,2547,-3086,2461,0,0,0,2,0
6,-180,12.992,117,1043571,31,-14,-66,17171,158,-176,17079,0,0,161,2547,-3086,2461,0,0,0,2,0
6,-180,13.056,118,1043627,31,-14,-66,17171,158,-176,17078,0,0,161,2547,-3086,2461,0,0,0,2,0
6,-180,13.102,119,1043683,31,-14,-66,17171,158,-176,17078,0,0,161,2547,-3086,2461,0,0,0,2,0
7,-90,-0.041,20,1052443,31,-14,-66,17171,158,-176,17076,0,0,161,2547,-3086,2461,0,0,0,2,0
7,-90,0.007,21,1052499,31,-14,-66,17171,158,-176,17076,0,0,161,2547,-3086,2461,0,0,0,2,0
7,-90,0.091,22,1052568,31,-14,-66,17171,158,-176,17076,0,0,161,2549,-3086,2461,300,-300,0,2,0
7,-90,0.158,23,1052639,31,-14,-66,17084,158,-176,17075,32,-18,161,2552,-3069,2450,1000,-1000,0,2,0
7,-90,0.22,24,1052711,31,-15,-66,16871,158,-176,17075,35,-20,161,2555,-3030,2420,1600,-1700,0,2,0
7,-90,0.292,25,1052783,31,-15,-66,16499,157,-176,16941,90,-64,161,2558,-2963,2367,2400,-2300,0,2,0
7,-90,0.366,26,1052855,31,-15,-65,15812,154,-181,16160,120,-123,161,2561,-2847,2261,2800,-2800,0,2,0
7,-90,0.437,27,1052927,31,-16,-65,14902,154,-181,16160,169,-152,161,2564,-2694,2120,3200,-3200,0,2,0
7,-90,0.506,28,1052999,31,-16,-65,13815,150,-190,14778,196,-173,161,2567,-2513,1950,3500,-3400,0,2,0
7,-90,0.578,29,1053071,31,-16,-65,12596,140,-199,12931,187,-196,161,2570,-2319,1750,3000,-2900,0,2,0
7,-90,0.651,30,1053143,31,-16,-65,11444,140,-199,12931,169,-178,161,2573,-2130,1567,2400,-2300,0,2,0
7,-90,0.734,31,1053216,31,-16,-65,10525,128,-205,11123,131,-120,161,2576,-1980,1420,1600,-1600,0,2,0
7,-90,0.796,32,1053287,31,-16,-65,9921,119,-207,9991,82,-73,161,2579,-1883,1322,1200,-1200,0,2,0
7,-90,0.873,33,1053359,31,-16,-65,9553,119,-207,9991,56,-50,161,2582,-1819,1267,1300,-1300,0,2,0
7,-90,0.941,34,1053431,31,-16,-64,9175,115,-207,9457,73,-55,161,2585,-1755,1209,1200,-1300,0,2,0
7,-90,1.02,35,1053503,31,-16,-64,8881,110,-207,8929,41,-41,161,2588,-1705,1164,900,-1000,0,2,0
7,-90,1.126,36,1053616,31,-16,-64,8590,108,-207,8619,0,0,161,2594,-1658,1117,0,0,0,2,0
7,-90,1.178,37,1053667,31,-16,-64,8590,108,-207,8619,0,0,161,2596,-1658,1117,0,0,0,2,0
7,-90,1.251,38,1053739,31,-16,-64,8590,108,-207,8615,0,0,161,2599,-1658,1117,0,0,0,2,0
7,-90,1.323,39,1053811,31,-16,-64,8590,108,-207,8615,0,0,161,2602,-1658,1117,0,0,0,2,0
7,-90,1.399,40,1053867,31,-16,-64,8590,108,-207,8612,0,0,161,2604,-1658,1117,0,0,0,2,0
7,-90,1.434,41,1053923,31,-16,-64,8590,108,-207,8612,0,0,161,2604,-1658,1117,0,0,0,2,0
7,-90,1.497,42,1053979,31,-16,-64,8590,108,-207,8613,0,0,161,2604,-1658,1117,0,0,0,2,0
7,-90,1.541,43,1054031,31,-16,-64,8590,108,-207,8613,0,0,161,2604,-1658,1117,0,0,0,2,0
7,-90,1.597,44,1054087,31,-16,-64,8590,108,-207,8613,0,0,161,2604,-1658,1117,0,0,0,2,0
7,-90,1.651,45,1054143,31,-16,-64,8590,108,-207,8613,0,0,161,2604,-1658,1117,0,0,0,2,0
7,-90,1.717,46,1054199,31,-16,-64,8590,108,-207,8613,0,0,161,2604,-1658,1117,0,0,0,2,0
7,-90,1.767,47,1054255,31,-16,-64,8590,108,-207,8613,0,0,161,2604,-1658,1117,0,0,0,2,0
7,-90,1.829,48,1054311,31,-16,-64,8590,108,-207,8613,0,0,161,2604,-1658,1117,0,0,0,2,0
7,-90,1.88,49,1054367,31,-16,-64,8590,108,-207,8613,0,0,161,2604,-1658,1117,0,0,0,2,0
7,-90,1.934,50,1054423,31,-16,-64,8590,108,-207,8613,0,0,161,2604,-1658,1117,0,0,0,2,0
7,-90,1.988,51,1054479,31,-16,-64,8590,108,-207,8613,0,0,161,2604,-1658,1117,0,0,0,2,0
7,-90,2.042,52,1054535,31,-16,-64,8590,108,-207,8613,0,0,161,2604,-1658,1117,0,0,0,2,0
7,-90,2.102,53,1054591,31,-16,-64,8590,108,-207,8613,0,0,161,2604,-1658,1117,0,0,0,2,0
7,-90,2.168,54,1054647,31,-16,-64,8590,108,-207,8613,0,0,161,2604,-1658,1117,0,0,0,2,0
7,-90,2.211,55,1054703,31,-16,-64,8590,108,-207,8613,0,0,161,2604,-1658,1117,0,0,0,2,0
7,-90,2.269,56,1054759,31,-16,-64,8590,108,-207,8613,0,0,161,2604,-1658,1117,0,0,0,2,0
7,-90,2.323,57,1054815,31,-16,-64,8590,108,-207,8613,0,0,161,2604,-1658,1117,0,0,0,2,0
7,-90,2.384,58,1054871,31,-16,-64,8590,108,-207,8613,0,0,161,2604,-1658,1117,0,0,0,2,0
7,-90,2.455,59,1054927,31,-16,-64,8590,108,-207,8613,0,0,161,2604,-1658,1117,0,0,0,2,0
7,-90,2.505,60,1054983,31,-16,-64,8590,108,-207,8613,0,0,161,2604,-1658,1117,0,0,0,2,0
7,-90,2.558,61,1055039,31,-16,-64,8590,108,-207,8613,0,0,161,2604,-1658,1117,0,0,0,2,0
7,-90,2.612,62,1055091,31,-16,-64,8590,108,-207,8613,0,0,161,2604,-1658,1117,0,0,0,2,0
7,-90,2.653,63,1055147,31,-16,-64,8590,108,-207,8613,0,0,161,2604,-1658,1117,0,0,0,2,0
7,-90,2.708,64,1055203,31,-16,-64,8590,108,-207,8613,0,0,161,2604,-1658,1117,0,0,0,2,0
7,-90,2.765,65,1055259,31,-16,-64,8590,108,-207,8613,0,0,161,2604,-1658,1117,0,0,0,2,0
7,-90,2.838,66,1055315,31,-16,-64,8590,108,-207,8613,0,0,161,2604,-1658,1117,0,0,0,2,0
7,-90,2.88,67,1055371,31,-16,-64,8590,108,-207,8613,0,0,161,2604,-1658,1117,0,0,0,2,0
7,-90,2.937,68,1055427,31,-16,-64,8590,108,-207,8613,0,0,161,2604,-1658,1117,0,0,0,2,0
7,-90,2.992,69,1055483,31,-16,-64,8590,108,-207,8613,0,0,161,2604,-1658,1117,0,0,0,2,0
7,-90,3.045,70,1055539,31,-16,-64,8590,108,-207,8613,0,0,161,2604,-1658,1117,0,0,0,2,0
7,-90,3.119,71,1055595,31,-16,-64,8590,108,-207,8613,0,0,161,2604,-1658,1117,0,0,0,2,0
7,-90,3.161,72,1055651,31,-16,-64,8590,108,-207,8613,0,0,161,2604,-1658,1117,0,0,0,2,0
7,-90,3.214,73,1055707,31,-16,-64,8590,108,-207,8613,0,0,161,2604,-1658,1117,0,0,0,2,0
7,-90,3.27,74,1055763,31,-16,-64,8590,108,-207,8613,0,0,161,2604,-1658,1117,0,0,0,2,0
7,-90,3.33,75,1055819,31,-16,-64,8590,108,-207,8613,0,0,161,2604,-1658,1117,0,0,0,2,0
7,-90,3.387,76,1055875,31,-16,-64,8590,108,-207,8613,0,0,161,2604,-1658,1117,0,0,0,2,0
7,-90,3.444,77,1055931,31,-16,-64,8590,108,-207,8613,0,0,161,2604,-1658,1117,0,0,0,2,0
7,-90,3.509,78,1055987,31,-16,-64,8590,108,-207,8613,0,0,161,2604,-1658,1117,0,0,0,2,0
7,-90,3.551,79,1056043,31,-16,-64,8590,108,-207,8613,0,0,161,2604,-1658,1117,0,0,0,2,0
7,-90,3.614,80,1056099,31,-16,-64,8590,108,-207,8613,0,0,161,2604,-1658,1117,0,0,0,2,0
7,-90,3.66,81,1056151,31,-16,-64,8590,108,-207,8613,0,0,161,2604,-1658,1117,0,0,0,2,0
7,-90,3.719,82,1056207,31,-16,-64,8590,108,-207,8613,0,0,161,2604,-1658,1117,0,0,0,2,0
7,-90,3.774,83,1056263,31,-16,-64,8590,108,-207,8613,0,0,161,2604,-1658,1117,0,0,0,2,0
7,-90,3.83,84,1056319,31,-16,-64,8590,108,-207,8612,0,0,161,2604,-1658,1117,0,0,0,2,0
7,-90,3.888,85,1056375,31,-16,-64,8590,108,-207,8612,0,0,161,2604,-1658,1117,0,0,0,2,0
7,-90,3.944,86,1056431,31,-16,-64,8590,108,-207,8613,0,0,161,2604,-1658,1117,0,0,0,2,0
7,-90,3.995,87,1056487,31,-16,-64,8590,108,-207,8613,0,0,161,2604,-1658,1117,0,0,0,2,0
7,-90,4.051,88,1056543,31,-16,-64,8590,108,-207,8613,0,0,161,2604,-1658,1117,0,0,0,2,0
7,-90,4.115,89,1056599,31,-16,-64,8590,108,-207,8613,0,0,161,2604,-1658,1117,0,0,0,2,0
7,-90,4.164,90,1056655,31,-16,-64,8590,108,-207,8613,0,0,161,2604,-1658,1117,0,0,0,2,0
7,-90,4.221,91,1056711,31,-16,-64,8590,108,-207,8613,0,0,161,2604,-1658,1117,0,0,0,2,0
7,-90,4.275,92,1056767,31,-16,-64,8590,108,-207,8613,0,0,161,2604,-1658,1117,0,0,0,2,0
7,-90,4.331,93,1056823,31,-16,-64,8590,108,-207,8613,0,0,161,2604,-1658,1117,0,0,0,2,0
7,-90,4.385,94,1056879,31,-16,-64,8590,108,-207,8613,0,0,161,2604,-1658,1117,0,0,0,2,0
7,-90,4.451,95,1056935,31,-16,-64,8590,108,-207,8613,0,0,161,2604,-1658,1117,0,0,0,2,0
7,-90,4.497,96,1056991,31,-16,-64,8590,108,-207,8612,0,0,161,2604,-1658,1117,0,0,0,2,0
7,-90,4.554,97,1057047,31,-16,-64,8590,108,-207,8612,0,0,161,2604,-1658,1117,0,0,0,2,0
7,-90,4.611,98,1057103,31,-16,-64,8590,108,-207,8612,0,0,161,2604,-1658,1117,0,0,0,2,0
7,-90,4.678,99,1057159,31,-16,-64,8590,108,-207,8612,0,0,161,2604,-1658,1117,0,0,0,2,0
7,-90,4.725,100,1057211,31,-16,-64,8590,108,-207,8612,0,0,161,2604,-1658,1117,0,0,0,2,0
7,-90,4.778,101,1057267,31,-16,-64,8590,108,-207,8613,0,0,161,2604,-1658,1117,0,0,0,2,0
7,-90,4.831,102,1057323,31,-16,-64,8590,108,-207,8613,0,0,161,2604,-1658,1117,0,0,0,2,0
7,-90,4.889,103,1057379,31,-16,-64,8590,108,-207,8612,0,0,161,2604,-1658,1117,0,0,0,2,0
7,-90,4.946,104,1057435,31,-16,-64,8590,108,-207,8612,0,0,161,2604,-1658,1117,0,0,0,2,0
7,-90,5.005,105,1057491,31,-16,-64,8590,108,-207,8612,0,0,161,2604,-1658,1117,0,0,0,2,0
7,-90,5.055,106,1057547,31,-16,-64,8590,108,-207,8612,0,0,161,2604,-1658,1117,0,0,0,2,0
7,-90,5.111,107,1057603,31,-16,-64,8590,108,-207,8612,0,0,161,2604,-1658,1117,0,0,0,2,0
7,-90,5.167,108,1057659,31,-16,-64,8590,108,-207,8612,0,0,161,2604,-1658,1117,0,0,0,2,0
7,-90,5.223,109,1057715,31,-16,-64,8590,108,-207,8612,0,0,161,2604,-1658,1117,0,0,0,2,0
7,-90,5.278,110,1057771,31,-16,-64,8590,108,-207,8612,0,0,161,2604,-1658,1117,0,0,0,2,0
7,-90,5.338,111,1057827,31,-16,-64,8590,108,-207,8612,0,0,161,2604,-1658,1117,0,0,0,2,0
7,-90,5.391,112,1057883,31,-16,-64,8590,108,-207,8612,0,0,161,2604,-1658,1117,0,0,0,2,0
7,-90,5.451,113,1057939,31,-16,-64,8590,108,-207,8612,0,0,161,2604,-1658,1117,0,0,0,2,0
7,-90,5.502,114,1057995,31,-16,-64,8590,108,-207,8612,0,0,161,2604,-1658,1117,0,0,0,2,0
7,-90,5.559,115,1058051,31,-16,-64,8590,108,-207,8612,0,0,161,2604,-1658,1117,0,0,0,2,0
7,-90,5.614,116,1058107,31,-16,-64,8590,108,-207,8612,0,0,161,2604,-1658,1117,0,0,0,2,0
7,-90,5.67,117,1058163,31,-16,-64,8590,108,-207,8612,0,0,161,2604,-1658,1117,0,0,0,2,0
7,-90,5.74,118,1058219,31,-16,-64,8590,108,-207,8612,0,0,161,2604,-1658,1117,0,0,0,2,0
7,-90,5.778,119,1058271,31,-16,-64,8590,108,-207,8612,0,0,161,2604,-1658,1117,0,0,0,2,0
7,-90,5.834,120,1058327,31,-16,-64,8590,108,-207,8612,0,0,161,2604,-1658,1117,0,0,0,2,0
7,-90,5.889,121,1058383,31,-16,-64,8590,108,-207,8612,0,0,161,2604,-1658,1117,0,0,0,2,0
7,-90,5.952,122,1058439,31,-16,-64,8590,108,-207,8612,0,0,161,2604,-1658,1117,0,0,0,2,0
7,-90,6.004,123,1058495,31,-16,-64,8590,108,-207,8612,0,0,161,2604,-1658,1117,0,0,0,2,0
7,-90,6.058,124,1058551,31,-16,-64,8590,108,-207,8612,0,0,161,2604,-1658,1117,0,0,0,2,0
7,-90,6.118,125,1058607,31,-16,-64,8590,108,-207,8612,0,0,161,2604,-1658,1117,0,0,0,2,0
7,-90,6.171,126,1058663,31,-16,-64,8590,108,-207,8612,0,0,161,2604,-1658,1117,0,0,0,2,0
7,-90,6.229,127,1058719,31,-16,-64,8590,108,-207,8612,0,0,161,2604,-1658,1117,0,0,0,2,0
7,-90,6.283,0,1058775,31,-16,-64,8590,108,-207,8612,0,0,161,2604,-1658,1117,0,0,0,2,0
7,-90,6.339,1,1058831,31,-16,-64,8590,108,-207,8611,0,0,161,2604,-1658,1117,0,0,0,2,0
7,-90,6.394,2,1058887,31,-16,-64,8590,108,-207,8611,0,0,161,2604,-1658,1117,0,0,0,2,0
7,-90,6.456,3,1058943,31,-16,-64,8590,108,-207,8611,0,0,161,2604,-1658,1117,0,0,0,2,0
7,-90,6.51,4,1058999,31,-16,-64,8590,108,-207,8611,0,0,161,2604,-1658,1117,0,0,0,2,0
7,-90,6.567,5,1059055,31,-16,-64,8590,108,-207,8611,0,0,161,2604,-1658,1117,0,0,0,2,0
7,-90,6.631,6,1059111,31,-16,-64,8590,108,-207,8611,0,0,161,2604,-1658,1117,0,0,0,2,0
7,-90,6.677,7,1059167,31,-16,-64,8590,108,-207,8611,0,0,161,2604,-1658,1117,0,0,0,2,0
7,-90,6.756,8,1059223,31,-16,-64,8590,108,-207,8611,0,0,161,2604,-1658,1117,0,0,0,2,0
7,-90,6.797,9,1059279,31,-16,-64,8590,108,-207,8611,0,0,161,2604,-1658,1117,0,0,0,2,0
7,-90,6.837,10,1059331,31,-16,-64,8590,108,-207,8611,0,0,161,2604,-1658,1117,0,0,0,2,0
7,-90,6.895,11,1059387,31,-16,-64,8590,108,-207,8611,0,0,161,2604,-1658,1117,0,0,0,2,0
7,-90,6.95,12,1059443,31,-16,-64,8590,108,-207,8611,0,0,161,2604,-1658,1117,0,0,0,2,0
7,-90,7.009,13,1059499,31,-16,-64,8590,108,-207,8611,0,0,161,2604,-1658,1117,0,0,0,2,0
7,-90,7.065,14,1059555,31,-16,-64,8590,108,-207,8611,0,0,161,2604,-1658,1117,0,0,0,2,0
7,-90,7.122,15,1059611,31,-16,-64,8590,108,-207,8611,0,0,161,2604,-1658,1117,0,0,0,2,0
7,-90,7.182,16,1059667,31,-16,-64,8590,108,-207,8611,0,0,161,2604,-1658,1117,0,0,0,2,0
7,-90,7.234,17,1059723,31,-16,-64,8590,108,-207,8611,0,0,161,2604,-1658,1117,0,0,0,2,0
7,-90,7.291,18,1059779,31,-16,-64,8590,108,-207,8611,0,0,161,2604,-1658,1117,0,0,0,2,0
7,-90,7.352,19,1059835,31,-16,-64,8590,108,-207,8611,0,0,161,2604,-1658,1117,0,0,0,2,0
7,-90,7.4,20,1059891,31,-16,-64,8590,108,-207,8611,0,0,161,2604,-1658,1117,0,0,0,2,0
7,-90,7.474,21,1059947,31,-16,-64,8590,108,-207,8611,0,0,161,2604,-1658,1117,0,0,0,2,0
7,-90,7.517,22,1060003,31,-16,-64,8590,108,-207,8611,0,0,161,2604,-1658,1117,0,0,0,2,0
7,-90,7.569,23,1060059,31,-16,-64,8590,108,-207,8611,0,0,161,2604,-1658,1117,0,0,0,2,0
7,-90,7.624,24,1060115,31,-16,-64,8590,108,-207,8611,0,0,161,2604,-1658,1117,0,0,0,2,0
7,-90,7.678,25,1060171,31,-16,-64,8590,108,-207,8610,0,0,161,2604,-1658,1117,0,0,0,2,0
7,-90,7.733,26,1060227,31,-16,-64,8590,108,-207,8610,0,0,161,2604,-1658,1117,0,0,0,2,0
7,-90,7.793,27,1060283,31,-16,-64,8590,108,-207,8610,0,0,161,2604,-1658,1117,0,0,0,2,0
7,-90,7.856,28,1060339,31,-16,-64,8590,108,-207,8610,0,0,161,2604,-1658,1117,0,0,0,2,0
7,-90,7.899,29,1060391,31,-16,-64,8590,108,-207,8610,0,0,161,2604,-1658,1117,0,0,0,2,0
7,-90,7.955,30,1060447,31,-16,-64,8590,108,-207,8610,0,0,161,2604,-1658,1117,0,0,0,2,0
7,-90,8.042,31,1060503,31,-16,-64,8590,108,-207,8610,0,0,161,2604,-1658,1117,0,0,0,2,0
7,-90,8.072,32,1060559,31,-16,-64,8590,108,-207,8610,0,0,161,2604,-1658,1117,0,0,0,2,0
7,-90,8.121,33,1060615,31,-16,-64,8590,108,-207,8610,0,0,161,2604,-1658,1117,0,0,0,2,0
7,-90,8.188,34,1060671,31,-16,-64,8590,108,-207,8610,0,0,161,2604,-1658,1117,0,0,0,2,0
7,-90,8.24,35,1060727,31,-16,-64,8590,108,-207,8610,0,0,161,2604,-1658,1117,0,0,0,2,0
7,-90,8.293,36,1060783,31,-16,-64,8590,108,-207,8610,0,0,161,2604,-1658,1117,0,0,0,2,0
7,-90,8.366,37,1060839,31,-16,-64,8590,108,-207,8610,0,0,161,2604,-1658,1117,0,0,0,2,0
7,-90,8.403,38,1060895,31,-16,-64,8590,108,-207,8610,0,0,161,2604,-1658,1117,0,0,0,2,0
7,-90,8.458,39,1060951,31,-16,-64,8590,108,-207,8610,0,0,161,2604,-1658,1117,0,0,0,2,0
7,-90,8.526,40,1061007,31,-16,-64,8590,108,-207,8610,0,0,161,2604,-1658,1117,0,0,0,2,0
7,-90,8.572,41,1061063,31,-16,-64,8590,108,-207,8610,0,0,161,2604,-1658,1117,0,0,0,2,0
7,-90,8.627,42,1061119,31,-16,-64,8590,108,-207,8610,0,0,161,2604,-1658,1117,0,0,0,2,0
7,-90,8.681,43,1061175,31,-16,-64,8590,108,-207,8610,0,0,161,2604,-1658,1117,0,0,0,2,0
7,-90,8.741,44,1061231,31,-16,-64,8590,108,-207,8610,0,0,161,2604,-1658,1117,0,0,0,2,0
7,-90,8.794,45,1061287,31,-16,-64,8590,108,-207,8610,0,0,161,2604,-1658,1117,0,0,0,2,0
7,-90,8.85,46,1061343,31,-16,-64,8590,108,-207,8610,0,0,161,2604,-1658,1117,0,0,0,2,0
7,-90,8.914,47,1061399,31,-16,-64,8590,108,-207,8609,0,0,161,2604,-1658,1117,0,0,0,2,0
7,-90,8.973,48,1061451,31,-16,-64,8590,108,-207,8609,0,0,161,2604,-1658,1117,0,0,0,2,0
7,-90,9.017,49,1061507,31,-16,-64,8590,108,-207,8610,0,0,161,2604,-1658,1117,0,0,0,2,0
7,-90,9.072,50,1061563,31,-16,-64,8590,108,-207,8610,0,0,161,2604,-1658,1117,0,0,0,2,0
7,-90,9.138,51,1061619,31,-16,-64,8590,108,-207,8609,0,0,161,2604,-1658,1117,0,0,0,2,0
7,-90,9.186,52,1061675,31,-16,-64,8590,108,-207,8609,0,0,161,2604,-1658,1117,0,0,0,2,0
7,-90,9.27,53,1061731,31,-16,-64,8590,108,-207,8609,0,0,161,2604,-1658,1117,0,0,0,2,0
7,-90,9.294,54,1061787,31,-16,-64,8590,108,-207,8609,0,0,161,2604,-1658,1117,0,0,0,2,0
7,-90,9.352,55,1061843,31,-16,-64,8590,108,-207,8610,0,0,161,2604,-1658,1117,0,0,0,2,0
7,-90,9.405,56,1061899,31,-16,-64,8590,108,-207,8610,0,0,161,2604,-1658,1117,0,0,0,2,0
7,-90,9.464,57,1061955,31,-16,-64,8590,108,-207,8609,0,0,161,2604,-1658,1117,0,0,0,2,0
7,-90,9.52,58,1062011,31,-16,-64,8590,108,-207,8609,0,0,161,2604,-1658,1117,0,0,0,2,0
7,-90,9.61,59,1062067,31,-16,-64,8590,108,-207,8609,0,0,161,2604,-1658,1117,0,0,0,2,0
7,-90,9.632,60,1062123,31,-16,-64,8590,108,-207,8609,0,0,161,2604,-1658,1117,0,0,0,2,0
7,-90,9.685,61,1062179,31,-16,-64,8590,108,-207,8609,0,0,161,2604,-1658,1117,0,0,0,2,0
7,-90,9.744,62,1062235,31,-16,-64,8590,108,-207,8609,0,0,161,2604,-1658,1117,0,0,0,2,0
7,-90,9.798,63,1062291,31,-16,-64,8590,108,-207,8609,0,0,161,2604,-1658,1117,0,0,0,2,0
7,-90,9.905,64,1062347,31,-16,-64,8590,108,-207,8609,0,0,161,2604,-1658,1117,0,0,0,2,0
7,-90,9.91,65,1062403,31,-16,-64,8590,108,-207,8609,0,0,161,2604,-1658,1117,0,0,0,2,0
7,-90,9.972,66,1062459,31,-16,-64,8590,108,-207,8609,0,0,161,2604,-1658,1117,0,0,0,2,0
7,-90,10.021,67,1062511,31,-16,-64,8590,108,-207,8609,0,0,161,2604,-1658,1117,0,0,0,2,0
7,-90,10.074,68,1062567,31,-16,-64,8590,108,-207,8609,0,0,161,2604,-1658,1117,0,0,0,2,0
7,-90,10.133,69,1062623,31,-16,-64,8590,108,-207,8609,0,0,161,2604,-1658,1117,0,0,0,2,0
7,-90,10.191,70,1062679,31,-16,-64,8590,108,-207,8609,0,0,161,2604,-1658,1117,0,0,0,2,0
7,-90,10.242,71,1062735,31,-16,-64,8590,108,-207,8609,0,0,161,2604,-1658,1117,0,0,0,2,0
7,-90,10.3,72,1062791,31,-16,-64,8590,108,-207,8609,0,0,161,2604,-1658,1117,0,0,0,2,0
7,-90,10.357,73,1062847,31,-16,-64,8590,108,-207,8609,0,0,161,2604,-1658,1117,0,0,0,2,0
7,-90,10.411,74,1062903,31,-16,-64,8590,108,-207,8609,0,0,161,2604,-1658,1117,0,0,0,2,0
7,-90,10.486,75,1062959,31,-16,-64,8590,108,-207,8609,0,0,161,2604,-1658,1117,0,0,0,2,0
7,-90,10.527,76,1063015,31,-16,-64,8590,108,-207,8609,0,0,161,2604,-1658,1117,0,0,0,2,0
7,-90,10.582,77,1063071,31,-16,-64,8590,108,-207,8609,0,0,161,2604,-1658,1117,0,0,0,2,0
7,-90,10.639,78,1063127,31,-16,-64,8590,108,-207,8609,0,0,161,2604,-1658,1117,0,0,0,2,0
7,-90,10.692,79,1063183,31,-16,-64,8590,108,-207,8609,0,0,161,2604,-1658,1117,0,0,0,2,0
7,-90,10.753,80,1063239,31,-16,-64,8590,108,-207,8609,0,0,161,2604,-1658,1117,0,0,0,2,0
7,-90,10.809,81,1063295,31,-16,-64,8590,108,-207,8609,0,0,161,2604,-1658,1117,0,0,0,2,0
7,-90,10.871,82,1063351,31,-16,-64,8590,108,-207,8609,0,0,161,2604,-1658,1117,0,0,0,2,0
7,-90,10.919,83,1063407,31,-16,-64,8590,108,-207,8609,0,0,161,2604,-1658,1117,0,0,0,2,0
7,-90,10.972,84,1063463,31,-16,-64,8590,108,-207,8609,0,0,161,2604,-1658,1117,0,0,0,2,0
7,-90,11.036,85,1063519,31,-16,-64,8590,108,-207,8609,0,0,161,2604,-1658,1117,0,0,0,2,0
7,-90,11.08,86,1063571,31,-16,-64,8590,108,-207,8609,0,0,161,2604,-1658,1117,0,0,0,2,0
7,-90,11.134,87,1063627,31,-16,-64,8590,108,-207,8608,0,0,161,2604,-1658,1117,0,0,0,2,0
7,-90,11.194,88,1063683,31,-16,-64,8590,108,-207,8608,0,0,161,2604,-1658,1117,0,0,0,2,0
7,-90,11.252,89,1063739,31,-16,-64,8590,108,-207,8608,0,0,161,2604,-1658,1117,0,0,0,2,0
7,-90,11.304,90,1063795,31,-16,-64,8590,108,-207,8608,0,0,161,2604,-1658,1117,0,0,0,2,0
7,-90,11.364,91,1063851,31,-16,-64,8590,108,-207,8608,0,0,161,2604,-1658,1117,0,0,0,2,0
7,-90,11.416,92,1063907,31,-16,-64,8590,108,-207,8608,0,0,161,2604,-1658,1117,0,0,0,2,0
7,-90,11.474,93,1063963,31,-16,-64,8590,108,-207,8608,0,0,161,2604,-1658,1117,0,0,0,2,0
7,-90,11.527,94,1064019,31,-16,-64,8590,108,-207,8608,0,0,161,2604,-1658,1117,0,0,0,2,0
7,-90,11.592,95,1064075,31,-16,-64,8590,108,-207,8608,0,0,161,2604,-1658,1117,0,0,0,2,0
7,-90,11.64,96,1064131,31,-16,-64,8590,108,-207,8608,0,0,161,2604,-1658,1117,0,0,0,2,0
7,-90,11.736,97,1064187,31,-16,-64,8590,108,-207,8608,0,0,161,2604,-1658,1117,0,0,0,2,0
7,-90,11.759,98,1064243,31,-16,-64,8590,108,-207,8608,0,0,161,2604,-1658,1117,0,0,0,2,0
7,-90,11.811,99,1064299,31,-16,-64,8590,108,-207,8608,0,0,161,2604,-1658,1117,0,0,0,2,0
7,-90,11.862,100,1064355,31,-16,-64,8590,108,-207,8608,0,0,161,2604,-1658,1117,0,0,0,2,0
7,-90,11.923,101,1064411,31,-16,-64,8590,108,-207,8608,0,0,161,2604,-1658,1117,0,0,0,2,0
7,-90,11.974,102,1064467,31,-16,-64,8590,108,-207,8608,0,0,161,2604,-1658,1117,0,0,0,2,0
7,-90,12.062,103,1064523,31,-16,-64,8590,108,-207,8608,0,0,161,2604,-1658,1117,0,0,0,2,0
7,-90,12.101,104,1064579,31,-16,-64,8590,108,-207,8608,0,0,161,2604,-1658,1117,0,0,0,2,0
7,-90,12.138,105,1064631,31,-16,-64,8590,108,-207,8608,0,0,161,2604,-1658,1117,0,0,0,2,0
7,-90,12.201,106,1064687,31,-16,-64,8590,108,-207,8608,0,0,161,2604,-1658,1117,0,0,0,2,0
7,-90,12.26,107,1064743,31,-16,-64,8590,108,-207,8608,0,0,161,2604,-1658,1117,0,0,0,2,0
7,-90,12.349,108,1064799,31,-16,-64,8590,108,-207,8608,0,0,161,2604,-1658,1117,0,0,0,2,0
7,-90,12.363,109,1064855,31,-16,-64,8590,108,-207,8608,0,0,161,2604,-1658,1117,0,0,0,2,0
7,-90,12.43,110,1064911,31,-16,-64,8590,108,-207,8608,0,0,161,2604,-1658,1117,0,0,0,2,0
7,-90,12.477,111,1064967,31,-16,-64,8590,108,-207,8608,0,0,161,2604,-1658,1117,0,0,0,2,0
7,-90,12.537,112,1065023,31,-16,-64,8590,108,-207,8608,0,0,161,2604,-1658,1117,0,0,0,2,0
7,-90,12.585,113,1065079,31,-16,-64,8590,108,-207,8608,0,0,161,2604,-1658,1117,0,0,0,2,0
7,-90,12.686,114,1065135,31,-16,-64,8590,108,-207,8608,0,0,161,2604,-1658,1117,0,0,0,2,0
7,-90,12.702,115,1065191,31,-16,-64,8590,108,-207,8608,0,0,161,2604,-1658,1117,0,0,0,2,0
7,-90,12.766,116,1065247,31,-16,-64,8590,108,-207,8608,0,0,161,2604,-1658,1117,0,0,0,2,0
7,-90,12.813,117,1065303,31,-16,-64,8590,108,-207,8608,0,0,161,2604,-1658,1117,0,0,0,2,0
7,-90,12.866,118,1065359,31,-16,-64,8590,108,-207,8608,0,0,161,2604,-1658,1117,0,0,0,2,0
7,-90,12.995,119,1065415,31,-16,-64,8590,108,-207,8608,0,0,161,2604,-1658,1117,0,0,0,2,0
7,-90,12.995,120,1065471,31,-16,-64,8590,108,-207,8608,0,0,161,2604,-1658,1117,0,0,0,2,0
7,-90,13.04,121,1065527,31,-16,-64,8590,108,-207,8608,0,0,161,2604,-1658,1117,0,0,0,2,0
7,-90,13.089,122,1065583,31,-16,-64,8590,108,-207,8608,0,0,161,2604,-1658,1117,0,0,0,2,0
7,-90,13.154,123,1065639,31,-16,-64,8590,108,-207,8608,0,0,161,2604,-1658,1117,0,0,0,2,0
7,-90,13.201,124,1065691,31,-16,-64,8590,108,-207,8608,0,0,161,2604,-1658,1117,0,0,0,2,0
7,-90,13.275,125,1065747,31,-16,-64,8590,108,-207,8608,0,0,161,2604,-1658,1117,0,0,0,2,0
7,-90,13.309,126,1065803,31,-16,-64,8590,108,-207,8608,0,0,161,2604,-1658,1117,0,0,0,2,0
7,-90,13.367,127,1065859,31,-16,-64,8590,108,-207,8608,0,0,161,2604,-1658,1117,0,0,0,2,0
7,-90,13.428,0,1065915,31,-16,-64,8590,108,-207,8608,0,0,161,2604,-1658,1117,0,0,0,2,0
7,-90,13.489,1,1065971,31,-16,-64,8590,108,-207,8608,0,0,161,2604,-1658,1117,0,0,0,2,0
7,-90,13.544,2,1066027,31,-16,-64,8590,108,-207,8608,0,0,161,2604,-1658,1117,0,0,0,2,0
7,-90,13.606,3,1066083,31,-16,-64,8590,108,-207,8608,0,0,161,2604,-1658,1117,0,0,0,2,0
7,-90,13.655,4,1066139,31,-16,-64,8590,108,-207,8608,0,0,161,2604,-1658,1117,0,0,0,2,0
7,-90,13.705,5,1066195,31,-16,-64,8590,108,-207,8608,0,0,161,2604,-1658,1117,0,0,0,2,0
7,-90,13.762,6,1066251,31,-16,-64,8590,108,-207,8608,0,0,161,2604,-1658,1117,0,0,0,2,0
7,-90,13.815,7,1066307,31,-16,-64,8590,108,-207,8608,0,0,161,2604,-1658,1117,0,0,0,2,0
7,-90,13.878,8,1066363,31,-16,-64,8590,108,-207,8608,0,0,161,2604,-1658,1117,0,0,0,2,0
7,-90,13.936,9,1066419,31,-16,-64,8590,108,-207,8608,0,0,161,2604,-1658,1117,0,0,0,2,0
8,90,-0.031,21,1074227,31,-16,-64,8590,108,-207,8605,0,0,161,2604,-1658,1117,0,0,0,2,0
8,90,0.045,22,1074303,31,-16,-64,8590,108,-207,8605,0,0,161,2605,-1658,1117,0,0,0,2,0
8,90,0.127,23,1074376,31,-16,-64,8606,108,-207,8605,-15,0,162,2608,-1663,1117,-800,800,0,2,0
8,90,0.229,24,1074488,31,-17,-64,8909,108,-207,8607,0,0,162,2614,-1711,1167,0,0,0,3,0
8,90,0.281,25,1074539,31,-17,-64,8909,109,-207,8769,0,0,162,2616,-1711,1167,0,0,0,3,0
8,90,0.353,26,1074611,31,-17,-64,8909,109,-207,8769,0,0,162,2619,-1711,1167,0,0,0,3,0
8,90,0.426,27,1074683,31,-17,-64,8909,109,-207,8763,0,0,162,2622,-1711,1167,0,0,0,3,0
8,90,0.481,28,1074739,31,-17,-64,8909,109,-207,8763,0,0,162,2623,-1711,1167,0,0,0,3,0
8,90,0.536,29,1074795,31,-17,-64,8909,109,-207,8763,0,0,162,2623,-1711,1167,0,0,0,3,0
8,90,0.592,30,1074851,31,-17,-64,8909,109,-207,8763,0,0,162,2623,-1711,1167,0,0,0,3,0
8,90,0.649,31,1074907,31,-17,-64,8909,109,-207,8763,0,0,162,2623,-1711,1167,0,0,0,3,0
8,90,0.704,32,1074963,31,-17,-64,8909,109,-207,8763,0,0,162,2623,-1711,1167,0,0,0,3,0
8,90,0.76,33,1075019,31,-17,-64,8909,109,-207,8763,0,0,162,2623,-1711,1167,0,0,0,3,0
8,90,0.816,34,1075075,31,-17,-64,8909,109,-207,8763,0,0,162,2623,-1711,1167,0,0,0,3,0
8,90,0.878,35,1075131,31,-17,-64,8909,109,-207,8763,0,0,162,2623,-1711,1167,0,0,0,3,0
8,90,0.929,36,1075187,31,-17,-64,8909,109,-207,8763,0,0,162,2623,-1711,1167,0,0,0,3,0
8,90,0.985,37,1075243,31,-17,-64,8909,109,-207,8763,0,0,162,2623,-1711,1167,0,0,0,3,0
8,90,1.047,38,1075299,31,-17,-64,8909,109,-207,8763,0,0,162,2623,-1711,1167,0,0,0,3,0
8,90,1.093,39,1075351,31,-17,-64,8909,109,-207,8763,0,0,162,2623,-1711,1167,0,0,0,3,0
8,90,1.149,40,1075407,31,-17,-64,8909,109,-207,8763,0,0,162,2623,-1711,1167,0,0,0,3,0
8,90,1.205,41,1075463,31,-17,-64,8909,109,-207,8763,0,0,162,2623,-1711,1167,0,0,0,3,0
8,90,1.261,42,1075519,31,-17,-64,8909,109,-207,8763,0,0,162,2623,-1711,1167,0,0,0,3,0
8,90,1.317,43,1075575,31,-17,-64,8909,109,-207,8763,0,0,162,2623,-1711,1167,0,0,0,3,0
8,90,1.373,44,1075631,31,-17,-64,8909,109,-207,8763,0,0,162,2623,-1711,1167,0,0,0,3,0
8,90,1.43,45,1075687,31,-17,-64,8909,109,-207,8763,0,0,162,2623,-1711,1167,0,0,0,3,0
8,90,1.485,46,1075743,31,-17,-64,8909,109,-207,8763,0,0,162,2623,-1711,1167,0,0,0,3,0
8,90,1.541,47,1075799,31,-17,-64,8909,109,-207,8763,0,0,162,2623,-1711,1167,0,0,0,3,0
8,90,1.612,48,1075855,31,-17,-64,8909,109,-207,8763,0,0,162,2623,-1711,1167,0,0,0,3,0
8,90,1.658,49,1075911,31,-17,-64,8909,109,-207,8763,0,0,162,2623,-1711,1167,0,0,0,3,0
8,90,1.709,50,1075967,31,-17,-64,8909,109,-207,8763,0,0,162,2623,-1711,1167,0,0,0,3,0
8,90,1.767,51,1076023,31,-17,-64,8909,109,-207,8763,0,0,162,2623,-1711,1167,0,0,0,3,0
8,90,1.822,52,1076079,31,-17,-64,8909,109,-207,8763,0,0,162,2623,-1711,1167,0,0,0,3,0
8,90,1.876,53,1076135,31,-17,-64,8909,109,-207,8763,0,0,162,2623,-1711,1167,0,0,0,3,0
8,90,1.938,54,1076191,31,-17,-64,8909,109,-207,8763,0,0,162,2623,-1711,1167,0,0,0,3,0
8,90,1.992,55,1076247,31,-17,-64,8909,109,-207,8763,0,0,162,2623,-1711,1167,0,0,0,3,0
8,90,2.046,56,1076303,31,-17,-64,8909,109,-207,8763,0,0,162,2623,-1711,1167,0,0,0,3,0
8,90,2.109,57,1076359,31,-17,-64,8909,109,-207,8763,0,0,162,2623,-1711,1167,0,0,0,3,0
8,90,2.152,58,1076411,31,-17,-64,8909,109,-207,8763,0,0,162,2623,-1711,1167,0,0,0,3,0
8,90,2.214,59,1076467,31,-17,-64,8909,109,-207,8762,0,0,162,2623,-1711,1167,0,0,0,3,0
8,90,2.266,60,1076523,31,-17,-64,8909,109,-207,8762,0,0,162,2623,-1711,1167,0,0,0,3,0
8,90,2.321,61,1076579,31,-17,-64,8909,109,-207,8763,0,0,162,2623,-1711,1167,0,0,0,3,0
8,90,2.383,62,1076635,31,-17,-64,8909,109,-207,8763,0,0,162,2623,-1711,1167,0,0,0,3,0
8,90,2.434,63,1076691,31,-17,-64,8909,109,-207,8763,0,0,162,2623,-1711,1167,0,0,0,3,0
8,90,2.493,64,1076747,31,-17,-64,8909,109,-207,8763,0,0,162,2623,-1711,1167,0,0,0,3,0
8,90,2.547,65,1076803,31,-17,-64,8909,109,-207,8762,0,0,162,2623,-1711,1167,0,0,0,3,0
8,90,2.601,66,1076859,31,-17,-64,8909,109,-207,8762,0,0,162,2623,-1711,1167,0,0,0,3,0
8,90,2.683,67,1076915,31,-17,-64,8909,109,-207,8762,0,0,162,2623,-1711,1167,0,0,0,3,0
8,90,2.721,68,1076971,31,-17,-64,8909,109,-207,8762,0,0,162,2623,-1711,1167,0,0,0,3,0
8,90,2.772,69,1077027,31,-17,-64,8909,109,-207,8762,0,0,162,2623,-1711,1167,0,0,0,3,0
8,90,2.835,70,1077083,31,-17,-64,8909,109,-207,8762,0,0,162,2623,-1711,1167,0,0,0,3,0
8,90,2.882,71,1077139,31,-17,-64,8909,109,-207,8762,0,0,162,2623,-1711,1167,0,0,0,3,0
8,90,2.937,72,1077195,31,-17,-64,8909,109,-207,8762,0,0,162,2623,-1711,1167,0,0,0,3,0
8,90,2.996,73,1077251,31,-17,-64,8909,109,-207,8762,0,0,162,2623,-1711,1167,0,0,0,3,0
8,90,3.05,74,1077307,31,-17,-64,8909,109,-207,8762,0,0,162,2623,-1711,1167,0,0,0,3,0
8,90,3.104,75,1077363,31,-17,-64,8909,109,-207,8762,0,0,162,2623,-1711,1167,0,0,0,3,0
8,90,3.177,76,1077419,31,-17,-64,8909,109,-207,8762,0,0,162,2623,-1711,1167,0,0,0,3,0
8,90,3.212,77,1077471,31,-17,-64,8909,109,-207,8762,0,0,162,2623,-1711,1167,0,0,0,3,0
8,90,3.269,78,1077527,31,-17,-64,8909,109,-207,8762,0,0,162,2623,-1711,1167,0,0,0,3,0
8,90,3.325,79,1077583,31,-17,-64,8909,109,-207,8762,0,0,162,2623,-1711,1167,0,0,0,3,0
8,90,3.386,80,1077639,31,-17,-64,8909,109,-207,8762,0,0,162,2623,-1711,1167,0,0,0,3,0
8,90,3.511,81,1077695,31,-17,-64,8909,109,-207,8763,0,0,162,2623,-1711,1167,0,0,0,3,0
8,90,3.511,82,1077751,31,-17,-64,8909,109,-207,8763,0,0,162,2623,-1711,1167,0,0,0,3,0
8,90,3.548,83,1077807,31,-17,-64,8909,109,-207,8763,0,0,162,2623,-1711,1167,0,0,0,3,0
8,90,3.606,84,1077863,31,-17,-64,8909,109,-207,8763,0,0,162,2623,-1711,1167,0,0,0,3,0
8,90,3.661,85,1077919,31,-17,-64,8909,109,-207,8763,0,0,162,2623,-1711,1167,0,0,0,3,0
8,90,3.73,86,1077975,31,-17,-64,8909,109,-207,8763,0,0,162,2623,-1711,1167,0,0,0,3,0
8,90,3.777,87,1078031,31,-17,-64,8909,109,-207,8763,0,0,162,2623,-1711,1167,0,0,0,3,0
8,90,3.838,88,1078087,31,-17,-64,8909,109,-207,8763,0,0,162,2623,-1711,1167,0,0,0,3,0
8,90,3.888,89,1078143,31,-17,-64,8909,109,-207,8763,0,0,162,2623,-1711,1167,0,0,0,3,0
8,90,3.943,90,1078199,31,-17,-64,8909,109,-207,8763,0,0,162,2623,-1711,1167,0,0,0,3,0
8,90,3.996,91,1078255,31,-17,-64,8909,109,-207,8763,0,0,162,2623,-1711,1167,0,0,0,3,0
8,90,4.082,92,1078311,31,-17,-64,8909,109,-207,8763,0,0,162,2623,-1711,1167,0,0,0,3,0
8,90,4.11,93,1078367,31,-17,-64,8909,109,-207,8763,0,0,162,2623,-1711,1167,0,0,0,3,0
8,90,4.167,94,1078423,31,-17,-64,8909,109,-207,8763,0,0,162,2623,-1711,1167,0,0,0,3,0
8,90,4.228,95,1078479,31,-17,-64,8909,109,-207,8763,0,0,162,2623,-1711,1167,0,0,0,3,0
8,90,4.275,96,1078531,31,-17,-64,8909,109,-207,8763,0,0,162,2623,-1711,1167,0,0,0,3,0
8,90,4.329,97,1078587,31,-17,-64,8909,109,-207,8763,0,0,162,2623,-1711,1167,0,0,0,3,0
8,90,4.401,98,1078643,31,-17,-64,8909,109,-207,8763,0,0,162,2623,-1711,1167,0,0,0,3,0
8,90,4.448,99,1078699,31,-17,-64,8909,109,-207,8763,0,0,162,2623,-1711,1167,0,0,0,3,0
8,90,4.496,100,1078755,31,-17,-64,8909,109,-207,8763,0,0,162,2623,-1711,1167,0,0,0,3,0
8,90,4.552,101,1078811,31,-17,-64,8909,109,-207,8763,0,0,162,2623,-1711,1167,0,0,0,3,0
8,90,4.608,102,1078867,31,-17,-64,8909,109,-207,8763,0,0,162,2623,-1711,1167,0,0,0,3,0
8,90,4.681,103,1078923,31,-17,-64,8909,109,-207,8763,0,0,162,2623,-1711,1167,0,0,0,3,0
8,90,4.722,104,1078979,31,-17,-64,8909,109,-207,8763,0,0,162,2623,-1711,1167,0,0,0,3,0
8,90,4.779,105,1079035,31,-17,-64,8909,109,-207,8763,0,0,162,2623,-1711,1167,0,0,0,3,0
8,90,4.837,106,1079091,31,-17,-64,8909,109,-207,8763,0,0,162,2623,-1711,1167,0,0,0,3,0
8,90,4.891,107,1079147,31,-17,-64,8909,109,-207,8763,0,0,162,2623,-1711,1167,0,0,0,3,0
8,90,4.962,108,1079203,31,-17,-64,8909,109,-207,8763,0,0,162,2623,-1711,1167,0,0,0,3,0
8,90,5.003,109,1079259,31,-17,-64,8909,109,-207,8763,0,0,162,2623,-1711,1167,0,0,0,3,0
8,90,5.062,110,1079315,31,-17,-64,8909,109,-207,8763,0,0,162,2623,-1711,1167,0,0,0,3,0
8,90,5.115,111,1079371,31,-17,-64,8909,109,-207,8763,0,0,162,2623,-1711,1167,0,0,0,3,0
8,90,5.168,112,1079427,31,-17,-64,8909,109,-207,8763,0,0,162,2623,-1711,1167,0,0,0,3,0
8,90,5.236,113,1079483,31,-17,-64,8909,109,-207,8763,0,0,162,2623,-1711,1167,0,0,0,3,0
8,90,5.293,114,1079539,31,-17,-64,8909,109,-207,8763,0,0,162,2623,-1711,1167,0,0,0,3,0
8,90,5.333,115,1079591,31,-17,-64,8909,109,-207,8763,0,0,162,2623,-1711,1167,0,0,0,3,0
8,90,5.388,116,1079647,31,-17,-64,8909,109,-207,8763,0,0,162,2623,-1711,1167,0,0,0,3,0
8,90,5.452,117,1079703,31,-17,-64,8909,109,-207,8763,0,0,162,2623,-1711,1167,0,0,0,3,0
8,90,5.503,118,1079759,31,-17,-64,8909,109,-207,8763,0,0,162,2623,-1711,1167,0,0,0,3,0
8,90,5.557,119,1079815,31,-17,-64,8909,109,-207,8763,0,0,162,2623,-1711,1167,0,0,0,3,0
8,90,5.616,120,1079871,31,-17,-64,8909,109,-207,8763,0,0,162,2623,-1711,1167,0,0,0,3,0
8,90,5.67,121,1079927,31,-17,-64,8909,109,-207,8763,0,0,162,2623,-1711,1167,0,0,0,3,0
8,90,5.726,122,1079983,31,-17,-64,8909,109,-207,8763,0,0,162,2623,-1711,1167,0,0,0,3,0
8,90,5.782,123,1080039,31,-17,-64,8909,109,-207,8763,0,0,162,2623,-1711,1167,0,0,0,3,0
8,90,5.841,124,1080095,31,-17,-64,8909,109,-207,8763,0,0,162,2623,-1711,1167,0,0,0,3,0
8,90,5.969,125,1080151,31,-17,-64,8909,109,-207,8763,0,0,162,2623,-1711,1167,0,0,0,3,0
8,90,5.969,126,1080207,31,-17,-64,8909,109,-207,8763,0,0,162,2623,-1711,1167,0,0,0,3,0
8,90,6.004,127,1080263,31,-17,-64,8909,109,-207,8763,0,0,162,2623,-1711,1167,0,0,0,3,0
8,90,6.063,0,1080319,31,-17,-64,8909,109,-207,8763,0,0,162,2623,-1711,1167,0,0,0,3,0
8,90,6.119,1,1080375,31,-17,-64,8909,109,-207,8763,0,0,162,2623,-1711,1167,0,0,0,3,0
8,90,6.183,2,1080431,31,-17,-64,8909,109,-207,8763,0,0,162,2623,-1711,1167,0,0,0,3,0
8,90,6.228,3,1080487,31,-17,-64,8909,109,-207,8763,0,0,162,2623,-1711,1167,0,0,0,3,0
8,90,6.286,4,1080543,31,-17,-64,8909,109,-207,8763,0,0,162,2623,-1711,1167,0,0,0,3,0
8,90,6.348,5,1080599,31,-17,-64,8909,109,-207,8762,0,0,162,2623,-1711,1167,0,0,0,3,0
8,90,6.401,6,1080651,31,-17,-64,8909,109,-207,8762,0,0,162,2623,-1711,1167,0,0,0,3,0
8,90,6.45,7,1080707,31,-17,-64,8909,109,-207,8762,0,0,162,2623,-1711,1167,0,0,0,3,0
8,90,6.519,8,1080763,31,-17,-64,8909,109,-207,8762,0,0,162,2623,-1711,1167,0,0,0,3,0
8,90,6.562,9,1080819,31,-17,-64,8909,109,-207,8762,0,0,162,2623,-1711,1167,0,0,0,3,0
8,90,6.629,10,1080875,31,-17,-64,8909,109,-207,8762,0,0,162,2623,-1711,1167,0,0,0,3,0
8,90,6.681,11,1080931,31,-17,-64,8909,109,-207,8762,0,0,162,2623,-1711,1167,0,0,0,3,0
8,90,6.729,12,1080987,31,-17,-64,8909,109,-207,8762,0,0,162,2623,-1711,1167,0,0,0,3,0
8,90,6.788,13,1081043,31,-17,-64,8909,109,-207,8762,0,0,162,2623,-1711,1167,0,0,0,3,0
8,90,6.872,14,1081099,31,-17,-64,8909,109,-207,8762,0,0,162,2623,-1711,1167,0,0,0,3,0
8,90,6.898,15,1081155,31,-17,-64,8909,109,-207,8762,0,0,162,2623,-1711,1167,0,0,0,3,0
8,90,6.955,16,1081211,31,-17,-64,8909,109,-207,8762,0,0,162,2623,-1711,1167,0,0,0,3,0
8,90,7.013,17,1081267,31,-17,-64,8909,109,-207,8761,0,0,162,2623,-1711,1167,0,0,0,3,0
8,90,7.065,18,1081323,31,-17,-64,8909,109,-207,8761,0,0,162,2623,-1711,1167,0,0,0,3,0
8,90,7.16,19,1081379,31,-17,-64,8909,109,-207,8762,0,0,162,2623,-1711,1167,0,0,0,3,0
8,90,7.178,20,1081435,31,-17,-64,8909,109,-207,8762,0,0,162,2623,-1711,1167,0,0,0,3,0
8,90,7.236,21,1081491,31,-17,-64,8909,109,-207,8761,0,0,162,2623,-1711,1167,0,0,0,3,0
8,90,7.289,22,1081547,31,-17,-64,8909,109,-207,8761,0,0,162,2623,-1711,1167,0,0,0,3,0
8,90,7.344,23,1081603,31,-17,-64,8909,109,-207,8761,0,0,162,2623,-1711,1167,0,0,0,3,0
8,90,7.411,24,1081659,31,-17,-64,8909,109,-207,8761,0,0,162,2623,-1711,1167,0,0,0,3,0
8,90,7.466,25,1081711,31,-17,-64,8909,109,-207,8761,0,0,162,2623,-1711,1167,0,0,0,3,0
8,90,7.51,26,1081767,31,-17,-64,8909,109,-207,8761,0,0,162,2623,-1711,1167,0,0,0,3,0
8,90,7.566,27,1081823,31,-17,-64,8909,109,-207,8762,0,0,162,2623,-1711,1167,0,0,0,3,0
8,90,7.621,28,1081879,31,-17,-64,8909,109,-207,8762,0,0,162,2623,-1711,1167,0,0,0,3,0
8,90,7.68,29,1081935,31,-17,-64,8909,109,-207,8762,0,0,162,2623,-1711,1167,0,0,0,3,0
8,90,7.785,30,1081991,31,-17,-64,8909,109,-207,8762,0,0,162,2623,-1711,1167,0,0,0,3,0
8,90,7.79,31,1082047,31,-17,-64,8909,109,-207,8762,0,0,162,2623,-1711,1167,0,0,0,3,0
8,90,7.844,32,1082103,31,-17,-64,8909,109,-207,8762,0,0,162,2623,-1711,1167,0,0,0,3,0
8,90,7.9,33,1082159,31,-17,-64,8909,109,-207,8761,0,0,162,2623,-1711,1167,0,0,0,3,0
8,90,7.967,34,1082215,31,-17,-64,8909,109,-207,8761,0,0,162,2623,-1711,1167,0,0,0,3,0
8,90,8.015,35,1082271,31,-17,-64,8909,109,-207,8761,0,0,162,2623,-1711,1167,0,0,0,3,0
8,90,8.069,36,1082327,31,-17,-64,8909,109,-207,8761,0,0,162,2623,-1711,1167,0,0,0,3,0
8,90,8.125,37,1082383,31,-17,-64,8909,109,-207,8761,0,0,162,2623,-1711,1167,0,0,0,3,0
8,90,8.182,38,1082439,31,-17,-64,8909,109,-207,8761,0,0,162,2623,-1711,1167,0,0,0,3,0
8,90,8.236,39,1082495,31,-17,-64,8909,109,-207,8762,0,0,162,2623,-1711,1167,0,0,0,3,0
8,90,8.292,40,1082551,31,-17,-64,8909,109,-207,8762,0,0,162,2623,-1711,1167,0,0,0,3,0
8,90,8.354,41,1082607,31,-17,-64,8909,109,-207,8762,0,0,162,2623,-1711,1167,0,0,0,3,0
8,90,8.408,42,1082663,31,-17,-64,8909,109,-207,8762,0,0,162,2623,-1711,1167,0,0,0,3,0
8,90,8.474,43,1082719,31,-17,-64,8909,109,-207,8761,0,0,162,2623,-1711,1167,0,0,0,3,0
9,-107,0.004,21,1088631,31,-17,-64,8909,109,-207,8759,0,0,162,2623,-1711,1167,0,0,0,3,0
9,-107,0.083,22,1088699,31,-17,-64,8909,109,-207,8759,0,0,162,2625,-1711,1167,300,-300,0,3,0
9,-107,0.164,23,1088755,31,-17,-64,8900,109,-207,8759,0,0,162,2628,-1708,1167,0,0,0,3,0
9,-107,0.184,24,1088811,31,-17,-64,8900,109,-207,8759,0,0,162,2628,-1708,1167,0,0,0,3,0
9,-107,0.244,25,1088867,31,-17,-64,8900,109,-207,8759,0,0,162,2628,-1708,1167,0,0,0,3,0
9,-107,0.306,26,1088923,31,-17,-64,8900,109,-207,8759,0,0,162,2628,-1708,1167,0,0,0,3,0
9,-107,0.372,27,1088979,31,-17,-64,8900,109,-207,8759,0,0,162,2628,-1708,1167,0,0,0,3,0
9,-107,0.41,28,1089035,31,-17,-64,8900,109,-207,8759,0,0,162,2628,-1708,1167,0,0,0,3,0
9,-107,0.511,29,1089091,31,-17,-64,8900,109,-207,8759,0,0,162,2628,-1708,1167,0,0,0,3,0
9,-107,0.517,30,1089143,31,-17,-64,8900,109,-207,8759,0,0,162,2628,-1708,1167,0,0,0,3,0
9,-107,0.58,31,1089199,31,-17,-64,8900,109,-207,8759,0,0,162,2628,-1708,1167,0,0,0,3,0
9,-107,0.628,32,1089255,31,-17,-64,8900,109,-207,8759,0,0,162,2628,-1708,1167,0,0,0,3,0
9,-107,0.7,33,1089311,31,-17,-64,8900,109,-207,8759,0,0,162,2628,-1708,1167,0,0,0,3,0
9,-107,0.791,34,1089367,31,-17,-64,8900,109,-207,8759,0,0,162,2628,-1708,1167,0,0,0,3,0
9,-107,0.798,35,1089423,31,-17,-64,8900,109,-207,8759,0,0,162,2628,-1708,1167,0,0,0,3,0
9,-107,0.857,36,1089479,31,-17,-64,8900,109,-207,8759,0,0,162,2628,-1708,1167,0,0,0,3,0
9,-107,0.913,37,1089535,31,-17,-64,8900,109,-207,8759,0,0,162,2628,-1708,1167,0,0,0,3,0
9,-107,1.052,38,1089591,31,-17,-64,8900,109,-207,8759,0,0,162,2628,-1708,1167,0,0,0,3,0
9,-107,1.052,39,1089647,31,-17,-64,8900,109,-207,8759,0,0,162,2628,-1708,1167,0,0,0,3,0
9,-107,1.114,40,1089703,31,-17,-64,8900,109,-207,8759,0,0,162,2628,-1708,1167,0,0,0,3,0
9,-107,1.143,41,1089759,31,-17,-64,8900,109,-207,8759,0,0,162,2628,-1708,1167,0,0,0,3,0
9,-107,1.194,42,1089815,31,-17,-64,8900,109,-207,8759,0,0,162,2628,-1708,1167,0,0,0,3,0
9,-107,1.248,43,1089871,31,-17,-64,8900,109,-207,8759,0,0,162,2628,-1708,1167,0,0,0,3,0
9,-107,1.309,44,1089927,31,-17,-64,8900,109,-207,8759,0,0,162,2628,-1708,1167,0,0,0,3,0
9,-107,1.374,45,1089983,31,-17,-64,8900,109,-207,8759,0,0,162,2628,-1708,1167,0,0,0,3,0
9,-107,1.412,46,1090039,31,-17,-64,8900,109,-207,8759,0,0,162,2628,-1708,1167,0,0,0,3,0
9,-107,1.473,47,1090095,31,-17,-64,8900,109,-207,8759,0,0,162,2628,-1708,1167,0,0,0,3,0
9,-107,1.538,48,1090151,31,-17,-64,8900,109,-207,8759,0,0,162,2628,-1708,1167,0,0,0,3,0
9,-107,1.577,49,1090203,31,-17,-64,8900,109,-207,8759,0,0,162,2628,-1708,1167,0,0,0,3,0
9,-107,1.636,50,1090259,31,-17,-64,8900,109,-207,8759,0,0,162,2628,-1708,1167,0,0,0,3,0
9,-107,1.709,51,1090315,31,-17,-64,8900,109,-207,8759,0,0,162,2628,-1708,1167,0,0,0,3,0
9,-107,1.752,52,1090371,31,-17,-64,8900,109,-207,8759,0,0,162,2628,-1708,1167,0,0,0,3,0
9,-107,1.802,53,1090427,31,-17,-64,8900,109,-207,8759,0,0,162,2628,-1708,1167,0,0,0,3,0
9,-107,1.861,54,1090483,31,-17,-64,8900,109,-207,8759,0,0,162,2628,-1708,1167,0,0,0,3,0
9,-107,1.914,55,1090539,31,-17,-64,8900,109,-207,8759,0,0,162,2628,-1708,1167,0,0,0,3,0
9,-107,2.016,56,1090595,31,-17,-64,8900,109,-207,8759,0,0,162,2628,-1708,1167,0,0,0,3,0
9,-107,2.06,57,1090651,31,-17,-64,8900,109,-207,8759,0,0,162,2628,-1708,1167,0,0,0,3,0
9,-107,2.084,58,1090707,31,-17,-64,8900,109,-207,8759,0,0,162,2628,-1708,1167,0,0,0,3,0
9,-107,2.135,59,1090763,31,-17,-64,8900,109,-207,8759,0,0,162,2628,-1708,1167,0,0,0,3,0
9,-107,2.198,60,1090819,31,-17,-64,8900,109,-207,8759,0,0,162,2628,-1708,1167,0,0,0,3,0
9,-107,2.249,61,1090875,31,-17,-64,8900,109,-207,8759,0,0,162,2628,-1708,1167,0,0,0,3,0
9,-107,2.308,62,1090931,31,-17,-64,8900,109,-207,8759,0,0,162,2628,-1708,1167,0,0,0,3,0
9,-107,2.362,63,1090987,31,-17,-64,8900,109,-207,8759,0,0,162,2628,-1708,1167,0,0,0,3,0
9,-107,2.417,64,1091043,31,-17,-64,8900,109,-207,8759,0,0,162,2628,-1708,1167,0,0,0,3,0
9,-107,2.473,65,1091099,31,-17,-64,8900,109,-207,8759,0,0,162,2628,-1708,1167,0,0,0,3,0
9,-107,2.528,66,1091155,31,-17,-64,8900,109,-207,8759,0,0,162,2628,-1708,1167,0,0,0,3,0
9,-107,2.594,67,1091211,31,-17,-64,8900,109,-207,8759,0,0,162,2628,-1708,1167,0,0,0,3,0
9,-107,2.636,68,1091263,31,-17,-64,8900,109,-207,8759,0,0,162,2628,-1708,1167,0,0,0,3,0
9,-107,2.692,69,1091319,31,-17,-64,8900,109,-207,8759,0,0,162,2628,-1708,1167,0,0,0,3,0
9,-107,2.748,70,1091375,31,-17,-64,8900,109,-207,8759,0,0,162,2628,-1708,1167,0,0,0,3,0
9,-107,2.805,71,1091431,31,-17,-64,8900,109,-207,8759,0,0,162,2628,-1708,1167,0,0,0,3,0
9,-107,2.86,72,1091487,31,-17,-64,8900,109,-207,8759,0,0,162,2628,-1708,1167,0,0,0,3,0
9,-107,2.918,73,1091543,31,-17,-64,8900,109,-207,8759,0,0,162,2628,-1708,1167,0,0,0,3,0
9,-107,2.973,74,1091599,31,-17,-64,8900,109,-207,8759,0,0,162,2628,-1708,1167,0,0,0,3,0
9,-107,3.031,75,1091655,31,-17,-64,8900,109,-207,8759,0,0,162,2628,-1708,1167,0,0,0,3,0
9,-107,3.089,76,1091711,31,-17,-64,8900,109,-207,8759,0,0,162,2628,-1708,1167,0,0,0,3,0
9,-107,3.14,77,1091767,31,-17,-64,8900,109,-207,8759,0,0,162,2628,-1708,1167,0,0,0,3,0
9,-107,3.21,78,1091823,31,-17,-64,8900,109,-207,8759,0,0,162,2628,-1708,1167,0,0,0,3,0
9,-107,3.253,79,1091879,31,-17,-64,8900,109,-207,8759,0,0,162,2628,-1708,1167,0,0,0,3,0
9,-107,3.325,80,1091935,31,-17,-64,8900,109,-207,8759,0,0,162,2628,-1708,1167,0,0,0,3,0
9,-107,3.365,81,1091991,31,-17,-64,8900,109,-207,8759,0,0,162,2628,-1708,1167,0,0,0,3,0
9,-107,3.424,82,1092047,31,-17,-64,8900,109,-207,8759,0,0,162,2628,-1708,1167,0,0,0,3,0
9,-107,3.483,83,1092103,31,-17,-64,8900,109,-207,8759,0,0,162,2628,-1708,1167,0,0,0,3,0
9,-107,3.535,84,1092159,31,-17,-64,8900,109,-207,8759,0,0,162,2628,-1708,1167,0,0,0,3,0
9,-107,3.59,85,1092215,31,-17,-64,8900,109,-207,8759,0,0,162,2628,-1708,1167,0,0,0,3,0
9,-107,3.66,86,1092271,31,-17,-64,8900,109,-207,8759,0,0,162,2628,-1708,1167,0,0,0,3,0
9,-107,3.697,87,1092323,31,-17,-64,8900,109,-207,8759,0,0,162,2628,-1708,1167,0,0,0,3,0
9,-107,3.753,88,1092379,31,-17,-64,8900,109,-207,8759,0,0,162,2628,-1708,1167,0,0,0,3,0
9,-107,3.818,89,1092435,31,-17,-64,8900,109,-207,8759,0,0,162,2628,-1708,1167,0,0,0,3,0
9,-107,3.864,90,1092491,31,-17,-64,8900,109,-207,8759,0,0,162,2628,-1708,1167,0,0,0,3,0
9,-107,3.92,91,1092547,31,-17,-64,8900,109,-207,8759,0,0,162,2628,-1708,1167,0,0,0,3,0
9,-107,3.976,92,1092603,31,-17,-64,8900,109,-207,8759,0,0,162,2628,-1708,1167,0,0,0,3,0
9,-107,4.032,93,1092659,31,-17,-64,8900,109,-207,8759,0,0,162,2628,-1708,1167,0,0,0,3,0
9,-107,4.09,94,1092715,31,-17,-64,8900,109,-207,8759,0,0,162,2628,-1708,1167,0,0,0,3,0
9,-107,4.145,95,1092771,31,-17,-64,8900,109,-207,8759,0,0,162,2628,-1708,1167,0,0,0,3,0
9,-107,4.202,96,1092827,31,-17,-64,8900,109,-207,8759,0,0,162,2628,-1708,1167,0,0,0,3,0
9,-107,4.258,97,1092883,31,-17,-64,8900,109,-207,8759,0,0,162,2628,-1708,1167,0,0,0,3,0
9,-107,4.326,98,1092939,31,-17,-64,8900,109,-207,8758,0,0,162,2628,-1708,1167,0,0,0,3,0
9,-107,4.369,99,1092995,31,-17,-64,8900,109,-207,8758,0,0,162,2628,-1708,1167,0,0,0,3,0
9,-107,4.429,100,1093051,31,-17,-64,8900,109,-207,8759,0,0,162,2628,-1708,1167,0,0,0,3,0
9,-107,4.479,101,1093107,31,-17,-64,8900,109,-207,8759,0,0,162,2628,-1708,1167,0,0,0,3,0
9,-107,4.536,102,1093163,31,-17,-64,8900,109,-207,8758,0,0,162,2628,-1708,1167,0,0,0,3,0
9,-107,4.595,103,1093219,31,-17,-64,8900,109,-207,8758,0,0,162,2628,-1708,1167,0,0,0,3,0
9,-107,4.648,104,1093275,31,-17,-64,8900,109,-207,8758,0,0,162,2628,-1708,1167,0,0,0,3,0
9,-107,4.711,105,1093331,31,-17,-64,8900,109,-207,8758,0,0,162,2628,-1708,1167,0,0,0,3,0
9,-107,4.766,106,1093383,31,-17,-64,8900,109,-207,8758,0,0,162,2628,-1708,1167,0,0,0,3,0
9,-107,4.811,107,1093439,31,-17,-64,8900,109,-207,8758,0,0,162,2628,-1708,1167,0,0,0,3,0
9,-107,4.876,108,1093495,31,-17,-64,8900,109,-207,8758,0,0,162,2628,-1708,1167,0,0,0,3,0
9,-107,4.932,109,1093551,31,-17,-64,8900,109,-207,8758,0,0,162,2628,-1708,1167,0,0,0,3,0
9,-107,4.989,110,1093607,31,-17,-64,8900,109,-207,8758,0,0,162,2628,-1708,1167,0,0,0,3,0
9,-107,5.043,111,1093663,31,-17,-64,8900,109,-207,8758,0,0,162,2628,-1708,1167,0,0,0,3,0
9,-107,5.102,112,1093719,31,-17,-64,8900,109,-207,8758,0,0,162,2628,-1708,1167,0,0,0,3,0
9,-107,5.185,113,1093775,31,-17,-64,8900,109,-207,8758,0,0,162,2628,-1708,1167,0,0,0,3,0
9,-107,5.203,114,1093831,31,-17,-64,8900,109,-207,8758,0,0,162,2628,-1708,1167,0,0,0,3,0
9,-107,5.259,115,1093887,31,-17,-64,8900,109,-207,8758,0,0,162,2628,-1708,1167,0,0,0,3,0
9,-107,5.317,116,1093943,31,-17,-64,8900,109,-207,8758,0,0,162,2628,-1708,1167,0,0,0,3,0
9,-107,5.371,117,1093999,31,-17,-64,8900,109,-207,8758,0,0,162,2628,-1708,1167,0,0,0,3,0
9,-107,5.428,118,1094055,31,-17,-64,8900,109,-207,8758,0,0,162,2628,-1708,1167,0,0,0,3,0
9,-107,5.483,119,1094111,31,-17,-64,8900,109,-207,8758,0,0,162,2628,-1708,1167,0,0,0,3,0
9,-107,5.54,120,1094167,31,-17,-64,8900,109,-207,8758,0,0,162,2628,-1708,1167,0,0,0,3,0
9,-107,5.596,121,1094223,31,-17,-64,8900,109,-207,8758,0,0,162,2628,-1708,1167,0,0,0,3,0
9,-107,5.686,122,1094279,31,-17,-64,8900,109,-207,8758,0,0,162,2628,-1708,1167,0,0,0,3,0
9,-107,5.729,123,1094335,31,-17,-64,8900,109,-207,8758,0,0,162,2628,-1708,1167,0,0,0,3,0
9,-107,5.848,124,1094391,31,-17,-64,8900,109,-207,8758,0,0,162,2628,-1708,1167,0,0,0,3,0
9,-107,5.849,125,1094443,31,-17,-64,8900,109,-207,8758,0,0,162,2628,-1708,1167,0,0,0,3,0
9,-107,5.886,126,1094499,31,-17,-64,8900,109,-207,8758,0,0,162,2628,-1708,1167,0,0,0,3,0
9,-107,5.929,127,1094555,31,-17,-64,8900,109,-207,8758,0,0,162,2628,-1708,1167,0,0,0,3,0
9,-107,6.027,0,1094611,31,-17,-64,8900,109,-207,8758,0,0,162,2628,-1708,1167,0,0,0,3,0
9,-107,6.041,1,1094667,31,-17,-64,8900,109,-207,8758,0,0,162,2628,-1708,1167,0,0,0,3,0
9,-107,6.096,2,1094723,31,-17,-64,8900,109,-207,8758,0,0,162,2628,-1708,1167,0,0,0,3,0
9,-107,6.157,3,1094779,31,-17,-64,8900,109,-207,8758,0,0,162,2628,-1708,1167,0,0,0,3,0
9,-107,6.211,4,1094835,31,-17,-64,8900,109,-207,8758,0,0,162,2628,-1708,1167,0,0,0,3,0
9,-107,6.266,5,1094891,31,-17,-64,8900,109,-207,8758,0,0,162,2628,-1708,1167,0,0,0,3,0
9,-107,6.32,6,1094947,31,-17,-64,8900,109,-207,8758,0,0,162,2628,-1708,1167,0,0,0,3,0
9,-107,6.376,7,1095003,31,-17,-64,8900,109,-207,8758,0,0,162,2628,-1708,1167,0,0,0,3,0
9,-107,6.433,8,1095059,31,-17,-64,8900,109,-207,8758,0,0,162,2628,-1708,1167,0,0,0,3,0
9,-107,6.489,9,1095115,31,-17,-64,8900,109,-207,8758,0,0,162,2628,-1708,1167,0,0,0,3,0
9,-107,6.551,10,1095171,31,-17,-64,8900,109,-207,8758,0,0,162,2628,-1708,1167,0,0,0,3,0
9,-107,6.601,11,1095227,31,-17,-64,8900,109,-207,8758,0,0,162,2628,-1708,1167,0,0,0,3,0
9,-107,6.658,12,1095283,31,-17,-64,8900,109,-207,8758,0,0,162,2628,-1708,1167,0,0,0,3,0
9,-107,6.713,13,1095339,31,-17,-64,8900,109,-207,8758,0,0,162,2628,-1708,1167,0,0,0,3,0
9,-107,6.779,14,1095395,31,-17,-64,8900,109,-207,8758,0,0,162,2628,-1708,1167,0,0,0,3,0
9,-107,6.831,15,1095451,31,-17,-64,8900,109,-207,8757,0,0,162,2628,-1708,1167,0,0,0,3,0
10,107,-0.05,120,1101307,31,-17,-64,8900,109,-207,8756,0,0,162,2628,-1708,1167,0,0,0,3,0
10,107,0.009,121,1101363,31,-17,-64,8900,109,-207,8756,0,0,162,2628,-1708,1167,0,0,0,3,0
10,107,0.106,122,1101431,31,-17,-64,8900,109,-207,8756,0,0,162,2630,-1708,1167,-300,300,0,3,0
10,107,0.146,123,1101503,31,-17,-64,8900,109,-207,8756,0,0,164,2633,-1708,1167,-1000,900,0,3,0
10,107,0.22,124,1101575,31,-17,-63,9027,109,-207,8756,-23,32,165,2636,-1727,1189,-1600,1600,0,3,0
10,107,0.345,125,1101704,31,-20,-62,9689,115,-207,9556,0,0,165,2643,-1830,1300,0,0,0,4,0
10,107,0.407,126,1101756,31,-20,-62,9689,115,-207,9556,0,0,165,2645,-1830,1300,0,0,0,4,0
10,107,0.455,127,1101811,31,-20,-62,9689,116,-207,9660,0,0,165,2645,-1830,1300,0,0,0,4,0
10,107,0.508,0,1101867,31,-20,-62,9689,116,-207,9660,0,0,165,2645,-1830,1300,0,0,0,4,0
10,107,0.586,1,1101923,31,-20,-62,9689,116,-207,9659,0,0,165,2645,-1830,1300,0,0,0,4,0
10,107,0.616,2,1101975,31,-20,-62,9689,116,-207,9659,0,0,165,2645,-1830,1300,0,0,0,4,0
10,107,0.673,3,1102031,31,-20,-62,9689,116,-207,9658,0,0,165,2645,-1830,1300,0,0,0,4,0
10,107,0.733,4,1102087,31,-20,-62,9689,116,-207,9658,0,0,165,2645,-1830,1300,0,0,0,4,0
10,107,0.784,5,1102143,31,-20,-62,9689,116,-207,9658,0,0,165,2645,-1830,1300,0,0,0,4,0
10,107,0.842,6,1102199,31,-20,-62,9689,116,-207,9658,0,0,165,2645,-1830,1300,0,0,0,4,0
10,107,0.899,7,1102255,31,-20,-62,9689,116,-207,9658,0,0,165,2645,-1830,1300,0,0,0,4,0
10,107,0.953,8,1102311,31,-20,-62,9689,116,-207,9658,0,0,165,2645,-1830,1300,0,0,0,4,0
10,107,1.015,9,1102367,31,-20,-62,9689,116,-207,9658,0,0,165,2645,-1830,1300,0,0,0,4,0
10,107,1.065,10,1102423,31,-20,-62,9689,116,-207,9658,0,0,165,2645,-1830,1300,0,0,0,4,0
10,107,1.12,11,1102479,31,-20,-62,9689,116,-207,9658,0,0,165,2645,-1830,1300,0,0,0,4,0
10,107,1.18,12,1102535,31,-20,-62,9689,116,-207,9657,0,0,165,2645,-1830,1300,0,0,0,4,0
10,107,1.232,13,1102591,31,-20,-62,9689,116,-207,9657,0,0,165,2645,-1830,1300,0,0,0,4,0
10,107,1.289,14,1102647,31,-20,-62,9689,116,-207,9657,0,0,165,2645,-1830,1300,0,0,0,4,0
10,107,1.35,15,1102703,31,-20,-62,9689,116,-207,9657,0,0,165,2645,-1830,1300,0,0,0,4,0
10,107,1.402,16,1102759,31,-20,-62,9689,116,-207,9657,0,0,165,2645,-1830,1300,0,0,0,4,0
10,107,1.462,17,1102815,31,-20,-62,9689,116,-207,9657,0,0,165,2645,-1830,1300,0,0,0,4,0
10,107,1.511,18,1102871,31,-20,-62,9689,116,-207,9657,0,0,165,2645,-1830,1300,0,0,0,4,0
10,107,1.569,19,1102927,31,-20,-62,9689,116,-207,9657,0,0,165,2645,-1830,1300,0,0,0,4,0
10,107,1.632,20,1102983,31,-20,-62,9689,116,-207,9657,0,0,165,2645,-1830,1300,0,0,0,4,0
10,107,1.683,21,1103035,31,-20,-62,9689,116,-207,9657,0,0,165,2645,-1830,1300,0,0,0,4,0
10,107,1.737,22,1103091,31,-20,-62,9689,116,-207,9657,0,0,165,2645,-1830,1300,0,0,0,4,0
10,107,1.788,23,1103147,31,-20,-62,9689,116,-207,9657,0,0,165,2645,-1830,1300,0,0,0,4,0
10,107,1.85,24,1103203,31,-20,-62,9689,116,-207,9658,0,0,165,2645,-1830,1300,0,0,0,4,0
10,107,1.907,25,1103259,31,-20,-62,9689,116,-207,9658,0,0,165,2645,-1830,1300,0,0,0,4,0
10,107,1.959,26,1103315,31,-20,-62,9689,116,-207,9657,0,0,165,2645,-1830,1300,0,0,0,4,0
10,107,2.018,27,1103371,31,-20,-62,9689,116,-207,9657,0,0,165,2645,-1830,1300,0,0,0,4,0
10,107,2.07,28,1103427,31,-20,-62,9689,116,-207,9658,0,0,165,2645,-1830,1300,0,0,0,4,0
10,107,2.139,29,1103483,31,-20,-62,9689,116,-207,9658,0,0,165,2645,-1830,1300,0,0,0,4,0
10,107,2.182,30,1103539,31,-20,-62,9689,116,-207,9658,0,0,165,2645,-1830,1300,0,0,0,4,0
10,107,2.253,31,1103595,31,-20,-62,9689,116,-207,9658,0,0,165,2645,-1830,1300,0,0,0,4,0
10,107,2.309,32,1103651,31,-20,-62,9689,116,-207,9658,0,0,165,2645,-1830,1300,0,0,0,4,0
10,107,2.362,33,1103707,31,-20,-62,9689,116,-207,9658,0,0,165,2645,-1830,1300,0,0,0,4,0
10,107,2.41,34,1103763,31,-20,-62,9689,116,-207,9658,0,0,165,2645,-1830,1300,0,0,0,4,0
10,107,2.462,35,1103819,31,-20,-62,9689,116,-207,9658,0,0,165,2645,-1830,1300,0,0,0,4,0
10,107,2.519,36,1103875,31,-20,-62,9689,116,-207,9658,0,0,165,2645,-1830,1300,0,0,0,4,0
10,107,2.576,37,1103931,31,-20,-62,9689,116,-207,9658,0,0,165,2645,-1830,1300,0,0,0,4,0
10,107,2.631,38,1103987,31,-20,-62,9689,116,-207,9658,0,0,165,2645,-1830,1300,0,0,0,4,0
10,107,2.692,39,1104043,31,-20,-62,9689,116,-207,9658,0,0,165,2645,-1830,1300,0,0,0,4,0
10,107,2.735,40,1104095,31,-20,-62,9689,116,-207,9658,0,0,165,2645,-1830,1300,0,0,0,4,0
10,107,2.795,41,1104151,31,-20,-62,9689,116,-207,9658,0,0,165,2645,-1830,1300,0,0,0,4,0
10,107,2.85,42,1104207,31,-20,-62,9689,116,-207,9658,0,0,165,2645,-1830,1300,0,0,0,4,0
10,107,2.903,43,1104263,31,-20,-62,9689,116,-207,9658,0,0,165,2645,-1830,1300,0,0,0,4,0
10,107,2.962,44,1104319,31,-20,-62,9689,116,-207,9658,0,0,165,2645,-1830,1300,0,0,0,4,0
10,107,3.015,45,1104375,31,-20,-62,9689,116,-207,9658,0,0,165,2645,-1830,1300,0,0,0,4,0
10,107,3.074,46,1104431,31,-20,-62,9689,116,-207,9658,0,0,165,2645,-1830,1300,0,0,0,4,0
10,107,3.128,47,1104487,31,-20,-62,9689,116,-207,9658,0,0,165,2645,-1830,1300,0,0,0,4,0
10,107,3.183,48,1104543,31,-20,-62,9689,116,-207,9658,0,0,165,2645,-1830,1300,0,0,0,4,0
10,107,3.244,49,1104599,31,-20,-62,9689,116,-207,9658,0,0,165,2645,-1830,1300,0,0,0,4,0
10,107,3.296,50,1104655,31,-20,-62,9689,116,-207,9658,0,0,165,2645,-1830,1300,0,0,0,4,0
10,107,3.356,51,1104711,31,-20,-62,9689,116,-207,9658,0,0,165,2645,-1830,1300,0,0,0,4,0
10,107,3.408,52,1104767,31,-20,-62,9689,116,-207,9657,0,0,165,2645,-1830,1300,0,0,0,4,0
10,107,3.464,53,1104823,31,-20,-62,9689,116,-207,9657,0,0,165,2645,-1830,1300,0,0,0,4,0
10,107,3.519,54,1104879,31,-20,-62,9689,116,-207,9658,0,0,165,2645,-1830,1300,0,0,0,4,0
10,107,3.577,55,1104935,31,-20,-62,9689,116,-207,9658,0,0,165,2645,-1830,1300,0,0,0,4,0
10,107,3.631,56,1104991,31,-20,-62,9689,116,-207,9658,0,0,165,2645,-1830,1300,0,0,0,4,0
10,107,3.687,57,1105047,31,-20,-62,9689,116,-207,9658,0,0,165,2645,-1830,1300,0,0,0,4,0
10,107,3.75,58,1105103,31,-20,-62,9689,116,-207,9658,0,0,165,2645,-1830,1300,0,0,0,4,0
10,107,3.796,59,1105155,31,-20,-62,9689,116,-207,9658,0,0,165,2645,-1830,1300,0,0,0,4,0
10,107,3.851,60,1105211,31,-20,-62,9689,116,-207,9657,0,0,165,2645,-1830,1300,0,0,0,4,0
10,107,3.91,61,1105267,31,-20,-62,9689,116,-207,9657,0,0,165,2645,-1830,1300,0,0,0,4,0
10,107,3.965,62,1105323,31,-20,-62,9689,116,-207,9657,0,0,165,2645,-1830,1300,0,0,0,4,0
10,107,4.02,63,1105379,31,-20,-62,9689,116,-207,9657,0,0,165,2645,-1830,1300,0,0,0,4,0
10,107,4.075,64,1105435,31,-20,-62,9689,116,-207,9657,0,0,165,2645,-1830,1300,0,0,0,4,0
10,107,4.131,65,1105491,31,-20,-62,9689,116,-207,9657,0,0,165,2645,-1830,1300,0,0,0,4,0
10,107,4.191,66,1105547,31,-20,-62,9689,116,-207,9657,0,0,165,2645,-1830,1300,0,0,0,4,0
10,107,4.244,67,1105603,31,-20,-62,9689,116,-207,9657,0,0,165,2645,-1830,1300,0,0,0,4,0
10,107,4.345,68,1105659,31,-20,-62,9689,116,-207,9657,0,0,165,2645,-1830,1300,0,0,0,4,0
10,107,4.356,69,1105715,31,-20,-62,9689,116,-207,9657,0,0,165,2645,-1830,1300,0,0,0,4,0
10,107,4.411,70,1105771,31,-20,-62,9689,116,-207,9657,0,0,165,2645,-1830,1300,0,0,0,4,0
10,107,4.469,71,1105827,31,-20,-62,9689,116,-207,9657,0,0,165,2645,-1830,1300,0,0,0,4,0
10,107,4.527,72,1105883,31,-20,-62,9689,116,-207,9657,0,0,165,2645,-1830,1300,0,0,0,4,0
10,107,4.582,73,1105939,31,-20,-62,9689,116,-207,9657,0,0,165,2645,-1830,1300,0,0,0,4,0
10,107,4.638,74,1105995,31,-20,-62,9689,116,-207,9657,0,0,165,2645,-1830,1300,0,0,0,4,0
10,107,4.692,75,1106051,31,-20,-62,9689,116,-207,9657,0,0,165,2645,-1830,1300,0,0,0,4,0
10,107,4.749,76,1106107,31,-20,-62,9689,116,-207,9657,0,0,165,2645,-1830,1300,0,0,0,4,0
10,107,4.81,77,1106163,31,-20,-62,9689,116,-207,9657,0,0,165,2645,-1830,1300,0,0,0,4,0
10,107,4.859,78,1106215,31,-20,-62,9689,116,-207,9657,0,0,165,2645,-1830,1300,0,0,0,4,0
10,107,4.953,79,1106271,31,-20,-62,9689,116,-207,9657,0,0,165,2645,-1830,1300,0,0,0,4,0
10,107,4.967,80,1106327,31,-20,-62,9689,116,-207,9657,0,0,165,2645,-1830,1300,0,0,0,4,0
10,107,5.024,81,1106383,31,-20,-62,9689,116,-207,9657,0,0,165,2645,-1830,1300,0,0,0,4,0
10,107,5.08,82,1106439,31,-20,-62,9689,116,-207,9657,0,0,165,2645,-1830,1300,0,0,0,4,0
10,107,5.136,83,1106495,31,-20,-62,9689,116,-207,9657,0,0,165,2645,-1830,1300,0,0,0,4,0
10,107,5.198,84,1106551,31,-20,-62,9689,116,-207,9657,0,0,165,2645,-1830,1300,0,0,0,4,0
10,107,5.249,85,1106607,31,-20,-62,9689,116,-207,9657,0,0,165,2645,-1830,1300,0,0,0,4,0
10,107,5.305,86,1106663,31,-20,-62,9689,116,-207,9657,0,0,165,2645,-1830,1300,0,0,0,4,0
10,107,5.362,87,1106719,31,-20,-62,9689,116,-207,9657,0,0,165,2645,-1830,1300,0,0,0,4,0
10,107,5.432,88,1106775,31,-20,-62,9689,116,-207,9657,0,0,165,2645,-1830,1300,0,0,0,4,0
10,107,5.472,89,1106831,31,-20,-62,9689,116,-207,9657,0,0,165,2645,-1830,1300,0,0,0,4,0
10,107,5.539,90,1106887,31,-20,-62,9689,116,-207,9657,0,0,165,2645,-1830,1300,0,0,0,4,0
10,107,5.62,91,1106943,31,-20,-62,9689,116,-207,9657,0,0,165,2645,-1830,1300,0,0,0,4,0
10,107,5.644,92,1106999,31,-20,-62,9689,116,-207,9657,0,0,165,2645,-1830,1300,0,0,0,4,0
10,107,5.697,93,1107055,31,-20,-62,9689,116,-207,9657,0,0,165,2645,-1830,1300,0,0,0,4,0
10,107,5.752,94,1107111,31,-20,-62,9689,116,-207,9656,0,0,165,2645,-1830,1300,0,0,0,4,0
10,107,5.807,95,1107167,31,-20,-62,9689,116,-207,9656,0,0,165,2645,-1830,1300,0,0,0,4,0
10,107,5.894,96,1107223,31,-20,-62,9689,116,-207,9656,0,0,165,2645,-1830,1300,0,0,0,4,0
10,107,5.916,97,1107275,31,-20,-62,9689,116,-207,9656,0,0,165,2645,-1830,1300,0,0,0,4,0
10,107,5.974,98,1107331,31,-20,-62,9689,116,-207,9656,0,0,165,2645,-1830,1300,0,0,0,4,0
10,107,6.033,99,1107387,31,-20,-62,9689,116,-207,9656,0,0,165,2645,-1830,1300,0,0,0,4,0
10,107,6.083,100,1107443,31,-20,-62,9689,116,-207,9656,0,0,165,2645,-1830,1300,0,0,0,4,0
10,107,6.141,101,1107499,31,-20,-62,9689,116,-207,9656,0,0,165,2645,-1830,1300,0,0,0,4,0
10,107,6.197,102,1107555,31,-20,-62,9689,116,-207,9656,0,0,165,2645,-1830,1300,0,0,0,4,0
10,107,6.251,103,1107611,31,-20,-62,9689,116,-207,9656,0,0,165,2645,-1830,1300,0,0,0,4,0
10,107,6.308,104,1107667,31,-20,-62,9689,116,-207,9656,0,0,165,2645,-1830,1300,0,0,0,4,0
10,107,6.363,105,1107723,31,-20,-62,9689,116,-207,9656,0,0,165,2645,-1830,1300,0,0,0,4,0
10,107,6.419,106,1107779,31,-20,-62,9689,116,-207,9656,0,0,165,2645,-1830,1300,0,0,0,4,0
10,107,6.481,107,1107835,31,-20,-62,9689,116,-207,9656,0,0,165,2645,-1830,1300,0,0,0,4,0
10,107,6.54,108,1107891,31,-20,-62,9689,116,-207,9656,0,0,165,2645,-1830,1300,0,0,0,4,0
10,107,6.592,109,1107947,31,-20,-62,9689,116,-207,9656,0,0,165,2645,-1830,1300,0,0,0,4,0
10,107,6.648,110,1108003,31,-20,-62,9689,116,-207,9656,0,0,165,2645,-1830,1300,0,0,0,4,0
10,107,6.709,111,1108059,31,-20,-62,9689,116,-207,9656,0,0,165,2645,-1830,1300,0,0,0,4,0
10,107,6.759,112,1108115,31,-20,-62,9689,116,-207,9656,0,0,165,2645,-1830,1300,0,0,0,4,0
10,107,6.811,113,1108171,31,-20,-62,9689,116,-207,9656,0,0,165,2645,-1830,1300,0,0,0,4,0
10,107,6.87,114,1108227,31,-20,-62,9689,116,-207,9656,0,0,165,2645,-1830,1300,0,0,0,4,0
10,107,6.93,115,1108283,31,-20,-62,9689,116,-207,9656,0,0,165,2645,-1830,1300,0,0,0,4,0
10,107,6.975,116,1108335,31,-20,-62,9689,116,-207,9656,0,0,165,2645,-1830,1300,0,0,0,4,0
10,107,7.035,117,1108391,31,-20,-62,9689,116,-207,9656,0,0,165,2645,-1830,1300,0,0,0,4,0
10,107,7.089,118,1108447,31,-20,-62,9689,116,-207,9656,0,0,165,2645,-1830,1300,0,0,0,4,0
10,107,7.171,119,1108503,31,-20,-62,9689,116,-207,9656,0,0,165,2645,-1830,1300,0,0,0,4,0
10,107,7.2,120,1108559,31,-20,-62,9689,116,-207,9656,0,0,165,2645,-1830,1300,0,0,0,4,0
10,107,7.255,121,1108615,31,-20,-62,9689,116,-207,9656,0,0,165,2645,-1830,1300,0,0,0,4,0
10,107,7.311,122,1108671,31,-20,-62,9689,116,-207,9656,0,0,165,2645,-1830,1300,0,0,0,4,0
10,107,7.368,123,1108727,31,-20,-62,9689,116,-207,9656,0,0,165,2645,-1830,1300,0,0,0,4,0
10,107,7.424,124,1108783,31,-20,-62,9689,116,-207,9656,0,0,165,2645,-1830,1300,0,0,0,4,0
10,107,7.479,125,1108839,31,-20,-62,9689,116,-207,9656,0,0,165,2645,-1830,1300,0,0,0,4,0
10,107,7.536,126,1108895,31,-20,-62,9689,116,-207,9656,0,0,165,2645,-1830,1300,0,0,0,4,0
10,107,7.597,127,1108951,31,-20,-62,9689,116,-207,9656,0,0,165,2645,-1830,1300,0,0,0,4,0
10,107,7.647,0,1109007,31,-20,-62,9689,116,-207,9656,0,0,165,2645,-1830,1300,0,0,0,4,0
10,107,7.704,1,1109063,31,-20,-62,9689,116,-207,9656,0,0,165,2645,-1830,1300,0,0,0,4,0
10,107,7.76,2,1109119,31,-20,-62,9689,116,-207,9656,0,0,165,2645,-1830,1300,0,0,0,4,0
10,107,7.857,3,1109175,31,-20,-62,9689,116,-207,9656,0,0,165,2645,-1830,1300,0,0,0,4,0
10,107,7.891,4,1109231,31,-20,-62,9689,116,-207,9656,0,0,165,2645,-1830,1300,0,0,0,4,0
10,107,7.927,5,1109287,31,-20,-62,9689,116,-207,9656,0,0,165,2645,-1830,1300,0,0,0,4,0
11,-180,-0.036,2,1116259,31,-20,-62,9689,116,-207,9654,0,0,165,2645,-1830,1300,0,0,0,4,0
11,-180,0.017,3,1116316,31,-20,-62,9689,116,-207,9654,0,0,165,2645,-1830,1300,0,0,0,4,0
11,-180,0.075,4,1116367,31,-20,-62,9689,116,-207,9654,0,0,165,2647,-1830,1300,300,-300,0,4,0
11,-180,0.143,5,1116439,31,-20,-62,9689,116,-207,9654,0,0,167,2650,-1830,1300,1000,-900,0,4,0
11,-180,0.212,6,1116511,31,-20,-61,9615,116,-207,9654,41,-6,168,2653,-1811,1295,1700,-1600,0,4,0
11,-180,0.285,7,1116583,31,-20,-61,9287,116,-206,9583,64,-64,168,2656,-1758,1242,2500,-2500,0,4,0
11,-180,0.356,8,1116655,31,-20,-61,8624,110,-205,8742,131,-114,168,2659,-1641,1145,2900,-2800,0,4,0
11,-180,0.428,9,1116727,31,-20,-60,7711,110,-205,8742,163,-163,168,2662,-1491,1000,3400,-3400,0,4,0
11,-180,0.501,10,1116799,31,-20,-60,6559,98,-203,7220,196,-187,168,2665,-1302,817,3800,-3700,0,4,0
11,-180,0.581,11,1116871,31,-20,-60,5238,87,-196,5189,210,-210,168,2668,-1086,606,4100,-4100,0,4,0
11,-180,0.644,12,1116943,31,-20,-60,3730,87,-196,5189,245,-260,168,2671,-841,364,4500,-4400,0,4,0
11,-180,0.741,13,1117016,31,-20,-60,2114,77,-184,2743,269,-260,168,2674,-583,100,4400,-4400,0,4,0
11,-180,0.791,14,1117087,31,-20,-60,483,77,-184,2743,266,-242,168,2677,-322,-166,4200,-4100,0,4,0
11,-180,0.86,15,1117159,31,-21,-60,-1133,72,-168,96,231,-260,168,2680,-73,-439,3700,-3600,0,4,0
11,-180,0.934,16,1117231,31,-21,-60,-2551,75,-153,-2318,211,-210,168,2683,152,-672,3000,-2900,0,4,0
11,-180,1.007,17,1117303,31,-21,-60,-3746,75,-153,-2318,187,-161,168,2686,350,-860,2500,-2300,0,4,0
11,-180,1.082,18,1117375,31,-21,-60,-4690,83,-142,-4253,155,-114,168,2689,505,-1010,2200,-2100,0,4,0
11,-180,1.15,19,1117447,31,-20,-61,-5439,91,-137,-5540,105,-99,168,2692,630,-1127,1900,-1900,0,4,0
11,-180,1.222,20,1117519,31,-20,-61,-6126,91,-137,-5540,114,-96,168,2695,747,-1232,1700,-1700,0,4,0
11,-180,1.292,21,1117591,31,-20,-61,-6677,98,-135,-6570,88,-82,168,2698,841,-1316,1400,-1500,0,4,0
11,-180,1.377,22,1117664,31,-20,-61,-7104,103,-133,-7314,64,-64,168,2701,913,-1382,1200,-1300,0,4,0
11,-180,1.439,23,1117735,31,-20,-62,-7470,103,-133,-7314,50,-50,168,2704,975,-1438,800,-900,0,4,0
11,-180,1.505,24,1117800,31,-20,-62,-7658,108,-133,-7833,0,0,168,2708,1008,-1466,0,0,0,4,0
11,-180,1.553,25,1117851,31,-20,-62,-7658,108,-133,-7833,0,0,168,2710,1008,-1466,0,0,0,4,0
11,-180,1.626,26,1117923,31,-20,-62,-7658,109,-133,-7934,0,0,168,2713,1008,-1466,0,0,0,4,0
11,-180,1.722,27,1117996,31,-20,-62,-7658,109,-133,-7935,0,0,168,2716,1008,-1466,0,0,0,4,0
11,-180,1.777,28,1118051,31,-20,-62,-7658,109,-133,-7935,0,0,168,2716,1008,-1466,0,0,0,4,0
11,-180,1.815,29,1118107,31,-20,-62,-7658,109,-133,-7935,0,0,168,2716,1008,-1466,0,0,0,4,0
11,-180,1.873,30,1118163,31,-20,-62,-7658,109,-133,-7935,0,0,168,2716,1008,-1466,0,0,0,4,0
11,-180,1.918,31,1118215,31,-20,-62,-7658,109,-133,-7935,0,0,168,2716,1008,-1466,0,0,0,4,0
11,-180,2.009,32,1118271,31,-20,-62,-7658,109,-133,-7935,0,0,168,2716,1008,-1466,0,0,0,4,0
11,-180,2.028,33,1118327,31,-20,-62,-7658,109,-133,-7935,0,0,168,2716,1008,-1466,0,0,0,4,0
11,-180,2.085,34,1118383,31,-20,-62,-7658,109,-133,-7935,0,0,168,2716,1008,-1466,0,0,0,4,0
11,-180,2.143,35,1118439,31,-20,-62,-7658,109,-133,-7935,0,0,168,2716,1008,-1466,0,0,0,4,0
11,-180,2.197,36,1118495,31,-20,-62,-7658,109,-133,-7935,0,0,168,2716,1008,-1466,0,0,0,4,0
11,-180,2.286,37,1118551,31,-20,-62,-7658,109,-133,-7935,0,0,168,2716,1008,-1466,0,0,0,4,0
11,-180,2.308,38,1118607,31,-20,-62,-7658,109,-133,-7935,0,0,168,2716,1008,-1466,0,0,0,4,0
11,-180,2.364,39,1118663,31,-20,-62,-7658,109,-133,-7935,0,0,168,2716,1008,-1466,0,0,0,4,0
11,-180,2.427,40,1118719,31,-20,-62,-7658,109,-133,-7935,0,0,168,2716,1008,-1466,0,0,0,4,0
11,-180,2.477,41,1118775,31,-20,-62,-7658,109,-133,-7935,0,0,168,2716,1008,-1466,0,0,0,4,0
11,-180,2.542,42,1118831,31,-20,-62,-7658,109,-133,-7935,0,0,168,2716,1008,-1466,0,0,0,4,0
11,-180,2.59,43,1118887,31,-20,-62,-7658,109,-133,-7935,0,0,168,2716,1008,-1466,0,0,0,4,0
11,-180,2.645,44,1118943,31,-20,-62,-7658,109,-133,-7935,0,0,168,2716,1008,-1466,0,0,0,4,0
11,-180,2.7,45,1118999,31,-20,-62,-7658,109,-133,-7935,0,0,168,2716,1008,-1466,0,0,0,4,0
11,-180,2.771,46,1119055,31,-20,-62,-7658,109,-133,-7935,0,0,168,2716,1008,-1466,0,0,0,4,0
11,-180,2.813,47,1119111,31,-20,-62,-7658,109,-133,-7935,0,0,168,2716,1008,-1466,0,0,0,4,0
11,-180,2.905,48,1119167,31,-20,-62,-7658,109,-133,-7935,0,0,168,2716,1008,-1466,0,0,0,4,0
11,-180,2.934,49,1119223,31,-20,-62,-7658,109,-133,-7935,0,0,168,2716,1008,-1466,0,0,0,4,0
11,-180,2.977,50,1119275,31,-20,-62,-7658,109,-133,-7935,0,0,168,2716,1008,-1466,0,0,0,4,0
11,-180,3.038,51,1119331,31,-20,-62,-7658,109,-133,-7935,0,0,168,2716,1008,-1466,0,0,0,4,0
11,-180,3.09,52,1119387,31,-20,-62,-7658,109,-133,-7935,0,0,168,2716,1008,-1466,0,0,0,4,0
11,-180,3.148,53,1119443,31,-20,-62,-7658,109,-133,-7935,0,0,168,2716,1008,-1466,0,0,0,4,0
11,-180,3.202,54,1119499,31,-20,-62,-7658,109,-133,-7936,0,0,168,2716,1008,-1466,0,0,0,4,0
11,-180,3.257,55,1119555,31,-20,-62,-7658,109,-133,-7936,0,0,168,2716,1008,-1466,0,0,0,4,0
11,-180,3.318,56,1119611,31,-20,-62,-7658,109,-133,-7936,0,0,168,2716,1008,-1466,0,0,0,4,0
11,-180,3.368,57,1119667,31,-20,-62,-7658,109,-133,-7936,0,0,168,2716,1008,-1466,0,0,0,4,0
11,-180,3.426,58,1119723,31,-20,-62,-7658,109,-133,-7936,0,0,168,2716,1008,-1466,0,0,0,4,0
11,-180,3.506,59,1119779,31,-20,-62,-7658,109,-133,-7936,0,0,168,2716,1008,-1466,0,0,0,4,0
11,-180,3.536,60,1119835,31,-20,-62,-7658,109,-133,-7936,0,0,168,2716,1008,-1466,0,0,0,4,0
11,-180,3.594,61,1119891,31,-20,-62,-7658,109,-133,-7936,0,0,168,2716,1008,-1466,0,0,0,4,0
11,-180,3.655,62,1119947,31,-20,-62,-7658,109,-133,-7936,0,0,168,2716,1008,-1466,0,0,0,4,0
11,-180,3.719,63,1120003,31,-20,-62,-7658,109,-133,-7936,0,0,168,2716,1008,-1466,0,0,0,4,0
11,-180,3.771,64,1120059,31,-20,-62,-7658,109,-133,-7936,0,0,168,2716,1008,-1466,0,0,0,4,0
11,-180,3.825,65,1120115,31,-20,-62,-7658,109,-133,-7936,0,0,168,2716,1008,-1466,0,0,0,4,0
11,-180,3.878,66,1120171,31,-20,-62,-7658,109,-133,-7936,0,0,168,2716,1008,-1466,0,0,0,4,0
11,-180,3.93,67,1120227,31,-20,-62,-7658,109,-133,-7936,0,0,168,2716,1008,-1466,0,0,0,4,0
11,-180,4.005,68,1120283,31,-20,-62,-7658,109,-133,-7936,0,0,168,2716,1008,-1466,0,0,0,4,0
11,-180,4.037,69,1120335,31,-20,-62,-7658,109,-133,-7936,0,0,168,2716,1008,-1466,0,0,0,4,0
11,-180,4.093,70,1120391,31,-20,-62,-7658,109,-133,-7936,0,0,168,2716,1008,-1466,0,0,0,4,0
11,-180,4.149,71,1120447,31,-20,-62,-7658,109,-133,-7936,0,0,168,2716,1008,-1466,0,0,0,4,0
11,-180,4.205,72,1120503,31,-20,-62,-7658,109,-133,-7936,0,0,168,2716,1008,-1466,0,0,0,4,0
11,-180,4.262,73,1120559,31,-20,-62,-7658,109,-133,-7936,0,0,168,2716,1008,-1466,0,0,0,4,0
11,-180,4.317,74,1120615,31,-20,-62,-7658,109,-133,-7936,0,0,168,2716,1008,-1466,0,0,0,4,0
11,-180,4.373,75,1120671,31,-20,-62,-7658,109,-133,-7936,0,0,168,2716,1008,-1466,0,0,0,4,0
11,-180,4.427,76,1120727,31,-20,-62,-7658,109,-133,-7936,0,0,168,2716,1008,-1466,0,0,0,4,0
11,-180,4.494,77,1120783,31,-20,-62,-7658,109,-133,-7936,0,0,168,2716,1008,-1466,0,0,0,4,0
11,-180,4.546,78,1120839,31,-20,-62,-7658,109,-133,-7936,0,0,168,2716,1008,-1466,0,0,0,4,0
11,-180,4.597,79,1120895,31,-20,-62,-7658,109,-133,-7936,0,0,168,2716,1008,-1466,0,0,0,4,0
11,-180,4.663,80,1120951,31,-20,-62,-7658,109,-133,-7936,0,0,168,2716,1008,-1466,0,0,0,4,0
11,-180,4.727,81,1121007,31,-20,-62,-7658,109,-133,-7936,0,0,168,2716,1008,-1466,0,0,0,4,0
11,-180,4.765,82,1121063,31,-20,-62,-7658,109,-133,-7936,0,0,168,2716,1008,-1466,0,0,0,4,0
11,-180,4.82,83,1121119,31,-20,-62,-7658,109,-133,-7936,0,0,168,2716,1008,-1466,0,0,0,4,0
11,-180,4.877,84,1121175,31,-20,-62,-7658,109,-133,-7936,0,0,168,2716,1008,-1466,0,0,0,4,0
11,-180,4.932,85,1121231,31,-20,-62,-7658,109,-133,-7936,0,0,168,2716,1008,-1466,0,0,0,4,0
11,-180,4.988,86,1121287,31,-20,-62,-7658,109,-133,-7936,0,0,168,2716,1008,-1466,0,0,0,4,0
11,-180,5.052,87,1121343,31,-20,-62,-7658,109,-133,-7936,0,0,168,2716,1008,-1466,0,0,0,4,0
11,-180,5.106,88,1121395,31,-20,-62,-7658,109,-133,-7936,0,0,168,2716,1008,-1466,0,0,0,4,0
11,-180,5.159,89,1121451,31,-20,-62,-7658,109,-133,-7936,0,0,168,2716,1008,-1466,0,0,0,4,0
11,-180,5.212,90,1121507,31,-20,-62,-7658,109,-133,-7936,0,0,168,2716,1008,-1466,0,0,0,4,0
11,-180,5.267,91,1121563,31,-20,-62,-7658,109,-133,-7936,0,0,168,2716,1008,-1466,0,0,0,4,0
11,-180,5.321,92,1121619,31,-20,-62,-7658,109,-133,-7936,0,0,168,2716,1008,-1466,0,0,0,4,0
11,-180,5.379,93,1121675,31,-20,-62,-7658,109,-133,-7936,0,0,168,2716,1008,-1466,0,0,0,4,0
11,-180,5.434,94,1121731,31,-20,-62,-7658,109,-133,-7936,0,0,168,2716,1008,-1466,0,0,0,4,0
11,-180,5.489,95,1121787,31,-20,-62,-7658,109,-133,-7936,0,0,168,2716,1008,-1466,0,0,0,4,0
11,-180,5.546,96,1121843,31,-20,-62,-7658,109,-133,-7936,0,0,168,2716,1008,-1466,0,0,0,4,0
11,-180,5.6,97,1121899,31,-20,-62,-7658,109,-133,-7936,0,0,168,2716,1008,-1466,0,0,0,4,0
11,-180,5.691,98,1121955,31,-20,-62,-7658,109,-133,-7937,0,0,168,2716,1008,-1466,0,0,0,4,0
11,-180,5.72,99,1122011,31,-20,-62,-7658,109,-133,-7937,0,0,168,2716,1008,-1466,0,0,0,4,0
11,-180,5.776,100,1122067,31,-20,-62,-7658,109,-133,-7937,0,0,168,2716,1008,-1466,0,0,0,4,0
11,-180,5.827,101,1122123,31,-20,-62,-7658,109,-133,-7937,0,0,168,2716,1008,-1466,0,0,0,4,0
11,-180,5.884,102,1122179,31,-20,-62,-7658,109,-133,-7936,0,0,168,2716,1008,-1466,0,0,0,4,0
11,-180,5.962,103,1122235,31,-20,-62,-7658,109,-133,-7936,0,0,168,2716,1008,-1466,0,0,0,4,0
11,-180,5.999,104,1122291,31,-20,-62,-7658,109,-133,-7937,0,0,168,2716,1008,-1466,0,0,0,4,0
11,-180,6.053,105,1122347,31,-20,-62,-7658,109,-133,-7937,0,0,168,2716,1008,-1466,0,0,0,4,0
11,-180,6.12,106,1122403,31,-20,-62,-7658,109,-133,-7937,0,0,168,2716,1008,-1466,0,0,0,4,0
11,-180,6.156,107,1122455,31,-20,-62,-7658,109,-133,-7937,0,0,168,2716,1008,-1466,0,0,0,4,0
11,-180,6.212,108,1122511,31,-20,-62,-7658,109,-133,-7937,0,0,168,2716,1008,-1466,0,0,0,4,0
11,-180,6.278,109,1122567,31,-20,-62,-7658,109,-133,-7937,0,0,168,2716,1008,-1466,0,0,0,4,0
11,-180,6.327,110,1122623,31,-20,-62,-7658,109,-133,-7937,0,0,168,2716,1008,-1466,0,0,0,4,0
11,-180,6.38,111,1122679,31,-20,-62,-7658,109,-133,-7937,0,0,168,2716,1008,-1466,0,0,0,4,0
11,-180,6.437,112,1122735,31,-20,-62,-7658,109,-133,-7937,0,0,168,2716,1008,-1466,0,0,0,4,0
11,-180,6.492,113,1122791,31,-20,-62,-7658,109,-133,-7937,0,0,168,2716,1008,-1466,0,0,0,4,0
11,-180,6.548,114,1122847,31,-20,-62,-7658,109,-133,-7937,0,0,168,2716,1008,-1466,0,0,0,4,0
11,-180,6.605,115,1122903,31,-20,-62,-7658,109,-133,-7937,0,0,168,2716,1008,-1466,0,0,0,4,0
11,-180,6.66,116,1122959,31,-20,-62,-7658,109,-133,-7937,0,0,168,2716,1008,-1466,0,0,0,4,0
11,-180,6.718,117,1123015,31,-20,-62,-7658,109,-133,-7937,0,0,168,2716,1008,-1466,0,0,0,4,0
11,-180,6.773,118,1123071,31,-20,-62,-7658,109,-133,-7937,0,0,168,2716,1008,-1466,0,0,0,4,0
11,-180,6.832,119,1123127,31,-20,-62,-7658,109,-133,-7937,0,0,168,2716,1008,-1466,0,0,0,4,0
11,-180,6.884,120,1123183,31,-20,-62,-7658,109,-133,-7937,0,0,168,2716,1008,-1466,0,0,0,4,0
11,-180,6.941,121,1123239,31,-20,-62,-7658,109,-133,-7937,0,0,168,2716,1008,-1466,0,0,0,4,0
11,-180,6.996,122,1123295,31,-20,-62,-7658,109,-133,-7937,0,0,168,2716,1008,-1466,0,0,0,4,0
11,-180,7.053,123,1123351,31,-20,-62,-7658,109,-133,-7937,0,0,168,2716,1008,-1466,0,0,0,4,0
11,-180,7.116,124,1123407,31,-20,-62,-7658,109,-133,-7937,0,0,168,2716,1008,-1466,0,0,0,4,0
11,-180,7.172,125,1123463,31,-20,-62,-7658,109,-133,-7937,0,0,168,2716,1008,-1466,0,0,0,4,0
11,-180,7.217,126,1123515,31,-20,-62,-7658,109,-133,-7937,0,0,168,2716,1008,-1466,0,0,0,4,0
11,-180,7.276,127,1123571,31,-20,-62,-7658,109,-133,-7937,0,0,168,2716,1008,-1466,0,0,0,4,0
11,-180,7.328,0,1123627,31,-20,-62,-7658,109,-133,-7937,0,0,168,2716,1008,-1466,0,0,0,4,0
11,-180,7.4,1,1123683,31,-20,-62,-7658,109,-133,-7937,0,0,168,2716,1008,-1466,0,0,0,4,0
11,-180,7.446,2,1123739,31,-20,-62,-7658,109,-133,-7937,0,0,168,2716,1008,-1466,0,0,0,4,0
11,-180,7.524,3,1123795,31,-20,-62,-7658,109,-133,-7937,0,0,168,2716,1008,-1466,0,0,0,4,0
11,-180,7.561,4,1123851,31,-20,-62,-7658,109,-133,-7937,0,0,168,2716,1008,-1466,0,0,0,4,0
11,-180,7.61,5,1123907,31,-20,-62,-7658,109,-133,-7937,0,0,168,2716,1008,-1466,0,0,0,4,0
11,-180,7.675,6,1123963,31,-20,-62,-7658,109,-133,-7937,0,0,168,2716,1008,-1466,0,0,0,4,0
11,-180,7.723,7,1124019,31,-20,-62,-7658,109,-133,-7937,0,0,168,2716,1008,-1466,0,0,0,4,0
11,-180,7.779,8,1124075,31,-20,-62,-7658,109,-133,-7937,0,0,168,2716,1008,-1466,0,0,0,4,0
11,-180,7.833,9,1124131,31,-20,-62,-7658,109,-133,-7937,0,0,168,2716,1008,-1466,0,0,0,4,0
11,-180,7.889,10,1124187,31,-20,-62,-7658,109,-133,-7937,0,0,168,2716,1008,-1466,0,0,0,4,0
11,-180,7.944,11,1124243,31,-20,-62,-7658,109,-133,-7937,0,0,168,2716,1008,-1466,0,0,0,4,0
12,180,-0.037,122,1130435,31,-20,-62,-7658,109,-133,-7940,0,0,168,2716,1008,-1466,0,0,0,4,0
12,180,0.023,123,1130491,31,-20,-62,-7658,109,-133,-7940,0,0,168,2716,1008,-1466,0,0,0,4,0
12,180,0.099,124,1130559,31,-20,-62,-7658,109,-133,-7940,0,0,168,2718,1008,-1466,-300,300,0,4,0
12,180,0.152,125,1130631,31,-19,-62,-7640,109,-133,-7940,0,9,170,2721,1008,-1460,-1000,1000,0,4,0
12,180,0.221,126,1130703,31,-19,-62,-7392,108,-133,-7920,-41,38,170,2724,972,-1416,-1600,1700,0,4,0
12,180,0.294,127,1130775,31,-19,-63,-7049,108,-133,-7920,-64,88,170,2727,925,-1352,-2400,2400,0,4,0
12,180,0.384,0,1130847,31,-19,-63,-6386,104,-134,-7336,-111,128,170,2730,825,-1238,-2900,2900,0,4,0
12,180,0.443,1,1130920,31,-19,-63,-5464,95,-137,-6032,-155,146,170,2733,672,-1093,-3200,3200,0,4,0
12,180,0.513,2,1130991,31,-19,-63,-4355,95,-137,-6032,-187,178,170,2736,497,-910,-3600,3700,0,4,0
12,180,0.578,3,1131063,31,-19,-63,-3049,85,-144,-4208,-220,223,170,2739,291,-694,-4100,4000,0,4,0
12,180,0.649,4,1131135,31,-19,-63,-1563,85,-144,-4208,-251,251,170,2742,52,-453,-4500,4400,0,4,0
12,180,0.722,5,1131207,31,-19,-63,40,76,-155,-1828,-274,260,170,2745,-213,-200,-4400,4400,0,4,0
12,180,0.796,6,1131279,31,-19,-63,1721,72,-172,791,-260,269,170,2748,-486,70,-4000,4100,0,4,0
12,180,0.871,7,1131351,31,-20,-64,3309,72,-172,791,-260,219,170,2751,-752,317,-3400,3400,0,4,0
12,180,0.937,8,1131423,31,-20,-64,4721,76,-189,3386,-219,210,170,2754,-986,539,-2700,2800,0,4,0
12,180,1.015,9,1131495,31,-20,-64,5882,85,-200,5420,-172,187,170,2757,-1175,725,-2300,2500,0,4,0
12,180,1.133,10,1131608,31,-23,-60,6854,94,-205,6732,0,0,170,2764,-1330,884,0,0,0,4,0
12,180,1.176,11,1131663,31,-23,-60,6854,94,-205,6732,0,0,170,2764,-1330,884,0,0,0,4,0
12,180,1.235,12,1131719,31,-23,-60,6854,94,-205,6757,0,0,170,2764,-1330,884,0,0,0,4,0
12,180,1.291,13,1131775,31,-23,-60,6854,94,-205,6757,0,0,170,2764,-1330,884,0,0,0,4,0
12,180,1.343,14,1131831,31,-23,-60,6854,94,-205,6757,0,0,170,2764,-1330,884,0,0,0,4,0
12,180,1.402,15,1131887,31,-23,-60,6854,94,-205,6757,0,0,170,2764,-1330,884,0,0,0,4,0
12,180,1.465,16,1131943,31,-23,-60,6854,94,-205,6757,0,0,170,2764,-1330,884,0,0,0,4,0
12,180,1.511,17,1131999,31,-23,-60,6854,94,-205,6757,0,0,170,2764,-1330,884,0,0,0,4,0
12,180,1.572,18,1132055,31,-23,-60,6854,94,-204,6757,0,0,170,2764,-1330,884,0,0,0,4,0
12,180,1.626,19,1132111,31,-23,-60,6854,94,-204,6757,0,0,170,2764,-1330,884,0,0,0,4,0
12,180,1.691,20,1132167,31,-23,-60,6854,94,-204,6757,0,0,170,2764,-1330,884,0,0,0,4,0
12,180,1.742,21,1132223,31,-23,-60,6854,94,-204,6757,0,0,170,2764,-1330,884,0,0,0,4,0
12,180,1.797,22,1132275,31,-23,-60,6854,94,-204,6757,0,0,170,2764,-1330,884,0,0,0,4,0
12,180,1.845,23,1132331,31,-23,-60,6854,94,-204,6757,0,0,170,2764,-1330,884,0,0,0,4,0
12,180,1.933,24,1132387,31,-23,-60,6854,94,-204,6757,0,0,170,2764,-1330,884,0,0,0,4,0
12,180,1.956,25,1132443,31,-23,-60,6854,94,-204,6757,0,0,170,2764,-1330,884,0,0,0,4,0
12,180,2.011,26,1132499,31,-23,-60,6854,94,-204,6757,0,0,170,2764,-1330,884,0,0,0,4,0
12,180,2.067,27,1132555,31,-23,-60,6854,94,-204,6757,0,0,170,2764,-1330,884,0,0,0,4,0
12,180,2.124,28,1132611,31,-23,-60,6854,94,-204,6757,0,0,170,2764,-1330,884,0,0,0,4,0
12,180,2.178,29,1132667,31,-23,-60,6854,94,-204,6757,0,0,170,2764,-1330,884,0,0,0,4,0
12,180,2.237,30,1132723,31,-23,-60,6854,94,-204,6757,0,0,170,2764,-1330,884,0,0,0,4,0
12,180,2.292,31,1132779,31,-23,-60,6854,94,-204,6757,0,0,170,2764,-1330,884,0,0,0,4,0
12,180,2.347,32,1132835,31,-23,-60,6854,94,-204,6757,0,0,170,2764,-1330,884,0,0,0,4,0
12,180,2.403,33,1132891,31,-23,-60,6854,94,-204,6757,0,0,170,2764,-1330,884,0,0,0,4,0
12,180,2.459,34,1132947,31,-23,-60,6854,94,-204,6757,0,0,170,2764,-1330,884,0,0,0,4,0
12,180,2.516,35,1133003,31,-23,-60,6854,94,-204,6757,0,0,170,2764,-1330,884,0,0,0,4,0
12,180,2.573,36,1133059,31,-23,-60,6854,94,-204,6756,0,0,170,2764,-1330,884,0,0,0,4,0
12,180,2.633,37,1133115,31,-23,-60,6854,94,-204,6756,0,0,170,2764,-1330,884,0,0,0,4,0
12,180,2.689,38,1133171,31,-23,-60,6854,94,-204,6756,0,0,170,2764,-1330,884,0,0,0,4,0
12,180,2.752,39,1133227,31,-23,-60,6854,94,-204,6756,0,0,170,2764,-1330,884,0,0,0,4,0
12,180,2.804,40,1133283,31,-23,-60,6854,94,-204,6757,0,0,170,2764,-1330,884,0,0,0,4,0
12,180,2.85,41,1133335,31,-23,-60,6854,94,-204,6757,0,0,170,2764,-1330,884,0,0,0,4,0
12,180,2.905,42,1133391,31,-23,-60,6854,94,-204,6756,0,0,170,2764,-1330,884,0,0,0,4,0
12,180,2.967,43,1133447,31,-23,-60,6854,94,-204,6756,0,0,170,2764,-1330,884,0,0,0,4,0
12,180,3.017,44,1133503,31,-23,-60,6854,94,-204,6756,0,0,170,2764,-1330,884,0,0,0,4,0
12,180,3.073,45,1133559,31,-23,-60,6854,94,-204,6756,0,0,170,2764,-1330,884,0,0,0,4,0
12,180,3.127,46,1133615,31,-23,-60,6854,94,-204,6756,0,0,170,2764,-1330,884,0,0,0,4,0
12,180,3.185,47,1133671,31,-23,-60,6854,94,-204,6756,0,0,170,2764,-1330,884,0,0,0,4,0
12,180,3.241,48,1133727,31,-23,-60,6854,94,-204,6756,0,0,170,2764,-1330,884,0,0,0,4,0
12,180,3.295,49,1133783,31,-23,-60,6854,94,-204,6756,0,0,170,2764,-1330,884,0,0,0,4,0
12,180,3.352,50,1133839,31,-23,-60,6854,94,-204,6756,0,0,170,2764,-1330,884,0,0,0,4,0
12,180,3.407,51,1133895,31,-23,-60,6854,94,-204,6756,0,0,170,2764,-1330,884,0,0,0,4,0
12,180,3.466,52,1133951,31,-23,-60,6854,94,-204,6755,0,0,170,2764,-1330,884,0,0,0,4,0
12,180,3.526,53,1134007,31,-23,-60,6854,94,-204,6755,0,0,170,2764,-1330,884,0,0,0,4,0
12,180,3.583,54,1134063,31,-23,-60,6854,94,-204,6755,0,0,170,2764,-1330,884,0,0,0,4,0
12,180,3.696,55,1134119,31,-23,-60,6854,94,-204,6755,0,0,170,2764,-1330,884,0,0,0,4,0
12,180,3.766,56,1134175,31,-23,-60,6854,94,-204,6755,0,0,170,2764,-1330,884,0,0,0,4,0
12,180,3.792,57,1134231,31,-23,-60,6854,94,-204,6755,0,0,170,2764,-1330,884,0,0,0,4,0
12,180,3.835,58,1134287,31,-23,-60,6854,94,-204,6755,0,0,170,2764,-1330,884,0,0,0,4,0
12,180,3.869,59,1134343,31,-23,-60,6854,94,-204,6755,0,0,170,2764,-1330,884,0,0,0,4,0
12,180,3.908,60,1134395,31,-23,-60,6854,94,-204,6755,0,0,170,2764,-1330,884,0,0,0,4,0
12,180,3.979,61,1134451,31,-23,-60,6854,94,-204,6755,0,0,170,2764,-1330,884,0,0,0,4,0
12,180,4.02,62,1134507,31,-23,-60,6854,94,-204,6755,0,0,170,2764,-1330,884,0,0,0,4,0
12,180,4.08,63,1134563,31,-23,-60,6854,94,-204,6755,0,0,170,2764,-1330,884,0,0,0,4,0
12,180,4.151,64,1134619,31,-23,-60,6854,94,-204,6755,0,0,170,2764,-1330,884,0,0,0,4,0
12,180,4.189,65,1134675,31,-23,-60,6854,94,-204,6755,0,0,170,2764,-1330,884,0,0,0,4,0
12,180,4.254,66,1134731,31,-23,-60,6854,94,-204,6755,0,0,170,2764,-1330,884,0,0,0,4,0
12,180,4.302,67,1134787,31,-23,-60,6854,94,-204,6755,0,0,170,2764,-1330,884,0,0,0,4,0
12,180,4.374,68,1134843,31,-23,-60,6854,94,-204,6755,0,0,170,2764,-1330,884,0,0,0,4,0
12,180,4.411,69,1134899,31,-23,-60,6854,94,-204,6755,0,0,170,2764,-1330,884,0,0,0,4,0
12,180,4.467,70,1134955,31,-23,-60,6854,94,-204,6755,0,0,170,2764,-1330,884,0,0,0,4,0
12,180,4.532,71,1135011,31,-23,-60,6854,94,-204,6755,0,0,170,2764,-1330,884,0,0,0,4,0
12,180,4.582,72,1135067,31,-23,-60,6854,94,-204,6755,0,0,170,2764,-1330,884,0,0,0,4,0
12,180,4.655,73,1135123,31,-23,-60,6854,94,-204,6755,0,0,170,2764,-1330,884,0,0,0,4,0
12,180,4.722,74,1135179,31,-23,-60,6854,94,-204,6755,0,0,170,2764,-1330,884,0,0,0,4,0
12,180,4.749,75,1135235,31,-23,-60,6854,94,-204,6755,0,0,170,2764,-1330,884,0,0,0,4,0
12,180,4.803,76,1135291,31,-23,-60,6854,94,-204,6755,0,0,170,2764,-1330,884,0,0,0,4,0
12,180,4.86,77,1135347,31,-23,-60,6854,94,-204,6755,0,0,170,2764,-1330,884,0,0,0,4,0
12,180,4.925,78,1135403,31,-23,-60,6854,94,-204,6755,0,0,170,2764,-1330,884,0,0,0,4,0
12,180,4.97,79,1135455,31,-23,-60,6854,94,-204,6755,0,0,170,2764,-1330,884,0,0,0,4,0
12,180,5.022,80,1135511,31,-23,-60,6854,94,-204,6755,0,0,170,2764,-1330,884,0,0,0,4,0
12,180,5.08,81,1135567,31,-23,-60,6854,94,-204,6755,0,0,170,2764,-1330,884,0,0,0,4,0
12,180,5.134,82,1135623,31,-23,-60,6854,94,-204,6755,0,0,170,2764,-1330,884,0,0,0,4,0
12,180,5.218,83,1135679,31,-23,-60,6854,94,-204,6755,0,0,170,2764,-1330,884,0,0,0,4,0
12,180,5.248,84,1135735,31,-23,-60,6854,94,-204,6755,0,0,170,2764,-1330,884,0,0,0,4,0
12,180,5.304,85,1135791,31,-23,-60,6854,94,-204,6755,0,0,170,2764,-1330,884,0,0,0,4,0
12,180,5.358,86,1135847,31,-23,-60,6854,94,-204,6755,0,0,170,2764,-1330,884,0,0,0,4,0
12,180,5.417,87,1135903,31,-23,-60,6854,94,-204,6755,0,0,170,2764,-1330,884,0,0,0,4,0
12,180,5.478,88,1135959,31,-23,-60,6854,94,-204,6755,0,0,170,2764,-1330,884,0,0,0,4,0
12,180,5.528,89,1136015,31,-23,-60,6854,94,-204,6755,0,0,170,2764,-1330,884,0,0,0,4,0
12,180,5.583,90,1136071,31,-23,-60,6854,94,-204,6755,0,0,170,2764,-1330,884,0,0,0,4,0
12,180,5.649,91,1136127,31,-23,-60,6854,94,-204,6755,0,0,170,2764,-1330,884,0,0,0,4,0
12,180,5.695,92,1136183,31,-23,-60,6854,94,-204,6755,0,0,170,2764,-1330,884,0,0,0,4,0
12,180,5.75,93,1136239,31,-23,-60,6854,94,-204,6755,0,0,170,2764,-1330,884,0,0,0,4,0
12,180,5.806,94,1136295,31,-23,-60,6854,94,-204,6755,0,0,170,2764,-1330,884,0,0,0,4,0
12,180,5.866,95,1136351,31,-23,-60,6854,94,-204,6755,0,0,170,2764,-1330,884,0,0,0,4,0
12,180,5.919,96,1136407,31,-23,-60,6854,94,-204,6755,0,0,170,2764,-1330,884,0,0,0,4,0
12,180,5.987,97,1136463,31,-23,-60,6854,94,-204,6755,0,0,170,2764,-1330,884,0,0,0,4,0
12,180,6.03,98,1136515,31,-23,-60,6854,94,-204,6755,0,0,170,2764,-1330,884,0,0,0,4,0
12,180,6.083,99,1136571,31,-23,-60,6854,94,-204,6755,0,0,170,2764,-1330,884,0,0,0,4,0
12,180,6.139,100,1136627,31,-23,-60,6854,94,-204,6755,0,0,170,2764,-1330,884,0,0,0,4,0
12,180,6.196,101,1136683,31,-23,-60,6854,94,-204,6755,0,0,170,2764,-1330,884,0,0,0,4,0
12,180,6.251,102,1136739,31,-23,-60,6854,94,-204,6755,0,0,170,2764,-1330,884,0,0,0,4,0
12,180,6.307,103,1136795,31,-23,-60,6854,94,-204,6754,0,0,170,2764,-1330,884,0,0,0,4,0
12,180,6.368,104,1136851,31,-23,-60,6854,94,-204,6754,0,0,170,2764,-1330,884,0,0,0,4,0
12,180,6.42,105,1136907,31,-23,-60,6854,94,-204,6754,0,0,170,2764,-1330,884,0,0,0,4,0
12,180,6.474,106,1136963,31,-23,-60,6854,94,-204,6754,0,0,170,2764,-1330,884,0,0,0,4,0
12,180,6.535,107,1137019,31,-23,-60,6854,94,-204,6754,0,0,170,2764,-1330,884,0,0,0,4,0
12,180,6.622,108,1137075,31,-23,-60,6854,94,-204,6754,0,0,170,2764,-1330,884,0,0,0,4,0
12,180,6.644,109,1137131,31,-23,-60,6854,94,-204,6754,0,0,170,2764,-1330,884,0,0,0,4,0
12,180,6.708,110,1137187,31,-23,-60,6854,94,-204,6754,0,0,170,2764,-1330,884,0,0,0,4,0
12,180,6.757,111,1137243,31,-23,-60,6854,94,-204,6754,0,0,170,2764,-1330,884,0,0,0,4,0
12,180,6.81,112,1137299,31,-23,-60,6854,94,-204,6754,0,0,170,2764,-1330,884,0,0,0,4,0
