turn,commanded,t_rel,seq,now,flags,x,y,h,ox,oy,oh,vl,vr,i2cf,cyc,posl,posr,dutl,dutr,lexc,wrng,cycovr
1,90,0.049,0,487543,31,-44,-59,37292,42,-169,2443,0,0,99,881,-7050,4997,0,0,0,0,0
1,90,0.049,1,487599,31,-44,-59,37292,42,-169,2443,0,0,99,881,-7050,4997,0,0,0,0,0
1,90,0.113,2,487676,31,-44,-59,37292,42,-169,2443,0,0,99,882,-7050,4997,0,0,0,0,0
1,90,0.283,3,487747,31,-44,-59,37308,42,-169,2443,-6,9,100,885,-7052,5000,-800,700,0,0,0
1,90,0.283,4,487819,31,-45,-59,37465,42,-169,2443,-23,26,101,888,-7083,5020,-1300,1300,0,0,0
1,90,0.347,5,487891,31,-45,-59,37673,41,-169,2475,-50,26,101,891,-7125,5045,-1700,1700,0,0,0
1,90,0.392,6,487963,31,-45,-59,38075,42,-173,2948,-82,82,101,894,-7191,5109,-1900,1800,0,0,0
1,90,0.463,7,488035,31,-45,-59,38583,42,-173,2948,-82,82,101,897,-7275,5189,-1800,1800,0,0,0
1,90,0.534,8,488107,31,-45,-59,39121,46,-178,3755,-73,88,101,900,-7363,5275,-1800,1800,0,0,0
1,90,0.633,9,488179,31,-46,-59,39663,50,-182,4600,-88,79,101,903,-7452,5361,-1800,1800,0,0,0
1,90,0.68,10,488251,31,-45,-59,40180,50,-182,4600,-73,88,101,906,-7533,5447,-1700,1700,0,0,0
1,90,0.745,11,488323,31,-46,-59,40697,55,-186,5413,-82,82,101,909,-7619,5528,-1700,1700,0,0,0
1,90,0.817,12,488395,31,-46,-59,41180,60,-189,6208,-82,82,101,912,-7697,5606,-1600,1700,0,0,0
1,90,0.946,13,488468,31,-46,-60,41688,60,-189,6208,-91,67,101,915,-7783,5684,-1600,1600,0,0,0
1,90,0.964,14,488539,31,-46,-60,42183,65,-191,6996,-79,73,101,918,-7863,5764,-1600,1600,0,0,0
1,90,1.037,15,488611,31,-46,-60,42666,71,-193,7777,-90,55,101,921,-7944,5839,-1600,1600,0,0,0
1,90,1.154,16,488683,31,-46,-60,43149,71,-193,7777,-73,91,101,924,-8019,5920,-1500,1600,0,0,0
1,90,1.226,17,488756,31,-46,-60,43638,77,-194,8575,-68,70,101,927,-8102,5995,-1400,1500,0,0,0
1,90,1.281,18,488827,31,-46,-60,44108,77,-194,8575,-73,73,101,930,-8177,6072,-1400,1500,0,0,0
1,90,1.349,19,488899,31,-46,-60,44582,83,-194,9391,-64,82,101,933,-8252,6150,-1400,1500,0,0,0
1,90,1.406,20,488971,31,-46,-60,45056,88,-193,10110,-73,73,101,936,-8327,6228,-1400,1400,0,0,0
1,90,1.494,21,489043,31,-46,-60,45433,88,-193,10110,-47,55,101,939,-8388,6289,-900,1000,0,0,0
1,90,1.556,22,489115,31,-46,-59,45703,94,-192,10722,-32,50,101,942,-8430,6334,-800,800,0,0,0
1,90,1.644,23,489187,31,-46,-60,45882,97,-191,11035,-32,26,101,945,-8463,6359,-700,800,0,0,0
1,90,1.82,24,489259,31,-46,-60,46003,97,-191,11035,-23,18,101,948,-8483,6378,-600,700,0,0,0
1,90,1.82,25,489331,31,-46,-60,46062,98,-191,11186,-9,7,103,951,-8491,6389,-600,700,0,0,0
1,90,1.886,26,489444,31,-46,-60,46173,99,-191,11288,0,0,104,957,-8513,6403,0,0,0,0,0
1,90,1.955,27,489496,31,-46,-60,46173,99,-191,11288,0,0,104,959,-8513,6403,0,0,0,0,0
1,90,2.09,28,489551,31,-46,-60,46173,100,-190,11365,0,0,104,959,-8513,6403,0,0,0,0,0
1,90,2.09,29,489607,31,-46,-60,46173,100,-190,11365,0,0,104,959,-8513,6403,0,0,0,0,0
1,90,2.151,30,489663,31,-46,-60,46173,100,-190,11365,0,0,104,959,-8513,6403,0,0,0,0,0
1,90,2.159,31,489719,31,-46,-60,46173,100,-190,11365,0,0,104,959,-8513,6403,0,0,0,0,0
1,90,2.306,32,489775,31,-46,-60,46173,100,-190,11365,0,0,104,959,-8513,6403,0,0,0,0,0
1,90,2.392,33,489831,31,-46,-60,46173,100,-190,11365,0,0,104,959,-8513,6403,0,0,0,0,0
1,90,2.392,34,489887,31,-46,-60,46173,100,-190,11365,0,0,104,959,-8513,6403,0,0,0,0,0
1,90,2.412,35,489943,31,-46,-60,46173,100,-190,11365,0,0,104,959,-8513,6403,0,0,0,0,0
1,90,2.532,36,489995,31,-46,-60,46173,100,-190,11365,0,0,104,959,-8513,6403,0,0,0,0,0
1,90,2.532,37,490051,31,-46,-60,46173,100,-190,11365,0,0,104,959,-8513,6403,0,0,0,0,0
1,90,2.558,38,490107,31,-46,-60,46173,100,-190,11365,0,0,104,959,-8513,6403,0,0,0,0,0
1,90,2.608,39,490163,31,-46,-60,46173,100,-190,11365,0,0,104,959,-8513,6403,0,0,0,0,0
1,90,2.682,40,490219,31,-46,-60,46173,100,-190,11365,0,0,104,959,-8513,6403,0,0,0,0,0
1,90,2.709,41,490275,31,-46,-60,46173,100,-190,11365,0,0,104,959,-8513,6403,0,0,0,0,0
1,90,2.775,42,490331,31,-46,-60,46173,100,-190,11365,0,0,104,959,-8513,6403,0,0,0,0,0
1,90,2.811,43,490387,31,-46,-60,46173,100,-190,11365,0,0,104,959,-8513,6403,0,0,0,0,0
1,90,2.871,44,490443,31,-46,-60,46173,100,-190,11364,0,0,104,959,-8513,6403,0,0,0,0,0
1,90,2.923,45,490499,31,-46,-60,46173,100,-190,11364,0,0,104,959,-8513,6403,0,0,0,0,0
1,90,2.981,46,490555,31,-46,-60,46173,100,-190,11365,0,0,104,959,-8513,6403,0,0,0,0,0
1,90,3.043,47,490611,31,-46,-60,46173,100,-190,11365,0,0,104,959,-8513,6403,0,0,0,0,0
1,90,3.096,48,490667,31,-46,-60,46173,100,-190,11364,0,0,104,959,-8513,6403,0,0,0,0,0
1,90,3.156,49,490723,31,-46,-60,46173,100,-190,11364,0,0,104,959,-8513,6403,0,0,0,0,0
1,90,3.21,50,490779,31,-46,-60,46173,100,-190,11364,0,0,104,959,-8513,6403,0,0,0,0,0
1,90,3.265,51,490835,31,-46,-60,46173,100,-190,11364,0,0,104,959,-8513,6403,0,0,0,0,0
1,90,3.329,52,490891,31,-46,-60,46173,100,-190,11364,0,0,104,959,-8513,6403,0,0,0,0,0
1,90,3.403,53,490947,31,-46,-60,46173,100,-190,11364,0,0,104,959,-8513,6403,0,0,0,0,0
1,90,3.443,54,491003,31,-46,-60,46173,100,-190,11364,0,0,104,959,-8513,6403,0,0,0,0,0
1,90,3.481,55,491055,31,-46,-60,46173,100,-190,11364,0,0,104,959,-8513,6403,0,0,0,0,0
1,90,3.535,56,491111,31,-46,-60,46173,100,-190,11364,0,0,104,959,-8513,6403,0,0,0,0,0
1,90,3.596,57,491167,31,-46,-60,46173,100,-190,11364,0,0,104,959,-8513,6403,0,0,0,0,0
1,90,3.655,58,491223,31,-46,-60,46173,100,-190,11364,0,0,104,959,-8513,6403,0,0,0,0,0
1,90,3.707,59,491279,31,-46,-60,46173,100,-190,11364,0,0,104,959,-8513,6403,0,0,0,0,0
1,90,3.771,60,491335,31,-46,-60,46173,100,-190,11364,0,0,104,959,-8513,6403,0,0,0,0,0
1,90,3.817,61,491391,31,-46,-60,46173,100,-190,11364,0,0,104,959,-8513,6403,0,0,0,0,0
1,90,3.881,62,491447,31,-46,-60,46173,100,-190,11364,0,0,104,959,-8513,6403,0,0,0,0,0
1,90,3.929,63,491503,31,-46,-60,46173,100,-190,11364,0,0,104,959,-8513,6403,0,0,0,0,0
1,90,4.008,64,491559,31,-46,-60,46173,100,-190,11364,0,0,104,959,-8513,6403,0,0,0,0,0
1,90,4.039,65,491615,31,-46,-60,46173,100,-190,11364,0,0,104,959,-8513,6403,0,0,0,0,0
1,90,4.093,66,491671,31,-46,-60,46173,100,-190,11364,0,0,104,959,-8513,6403,0,0,0,0,0
1,90,4.171,67,491727,31,-46,-60,46173,100,-190,11364,0,0,104,959,-8513,6403,0,0,0,0,0
1,90,4.218,68,491783,31,-46,-60,46173,100,-190,11364,0,0,104,959,-8513,6403,0,0,0,0,0
1,90,4.282,69,491839,31,-46,-60,46173,100,-190,11364,0,0,104,959,-8513,6403,0,0,0,0,0
1,90,4.34,70,491895,31,-46,-60,46173,100,-190,11364,0,0,104,959,-8513,6403,0,0,0,0,0
1,90,4.414,71,491951,31,-46,-60,46173,100,-190,11364,0,0,104,959,-8513,6403,0,0,0,0,0
1,90,4.448,72,492007,31,-46,-60,46173,100,-190,11364,0,0,104,959,-8513,6403,0,0,0,0,0
1,90,4.508,73,492063,31,-46,-60,46173,100,-190,11364,0,0,104,959,-8513,6403,0,0,0,0,0
1,90,4.546,74,492115,31,-46,-60,46173,100,-190,11364,0,0,104,959,-8513,6403,0,0,0,0,0
1,90,4.622,75,492171,31,-46,-60,46173,100,-190,11364,0,0,104,959,-8513,6403,0,0,0,0,0
1,90,4.67,76,492227,31,-46,-60,46173,100,-190,11364,0,0,104,959,-8513,6403,0,0,0,0,0
1,90,4.711,77,492283,31,-46,-60,46173,100,-190,11364,0,0,104,959,-8513,6403,0,0,0,0,0
1,90,4.768,78,492339,31,-46,-60,46173,100,-190,11364,0,0,104,959,-8513,6403,0,0,0,0,0
1,90,4.831,79,492395,31,-46,-60,46173,100,-190,11364,0,0,104,959,-8513,6403,0,0,0,0,0
1,90,4.887,80,492451,31,-46,-60,46173,100,-190,11364,0,0,104,959,-8513,6403,0,0,0,0,0
1,90,4.937,81,492507,31,-46,-60,46173,100,-190,11364,0,0,104,959,-8513,6403,0,0,0,0,0
1,90,5.012,82,492563,31,-46,-60,46173,100,-190,11364,0,0,104,959,-8513,6403,0,0,0,0,0
1,90,5.065,83,492619,31,-46,-60,46173,100,-190,11364,0,0,104,959,-8513,6403,0,0,0,0,0
1,90,5.106,84,492675,31,-46,-60,46173,100,-190,11364,0,0,104,959,-8513,6403,0,0,0,0,0
1,90,5.158,85,492731,31,-46,-60,46173,100,-190,11364,0,0,104,959,-8513,6403,0,0,0,0,0
1,90,5.215,86,492787,31,-46,-60,46173,100,-190,11364,0,0,104,959,-8513,6403,0,0,0,0,0
1,90,5.265,87,492843,31,-46,-60,46173,100,-190,11364,0,0,104,959,-8513,6403,0,0,0,0,0
1,90,5.32,88,492899,31,-46,-60,46173,100,-190,11364,0,0,104,959,-8513,6403,0,0,0,0,0
1,90,5.415,89,492955,31,-46,-60,46173,100,-190,11364,0,0,104,959,-8513,6403,0,0,0,0,0
1,90,5.44,90,493011,31,-46,-60,46173,100,-190,11364,0,0,104,959,-8513,6403,0,0,0,0,0
1,90,5.496,91,493067,31,-46,-60,46173,100,-190,11364,0,0,104,959,-8513,6403,0,0,0,0,0
1,90,5.564,92,493123,31,-46,-60,46173,100,-190,11364,0,0,104,959,-8513,6403,0,0,0,0,0
1,90,5.603,93,493175,31,-46,-60,46173,100,-190,11364,0,0,104,959,-8513,6403,0,0,0,0,0
1,90,5.675,94,493231,31,-46,-60,46173,100,-190,11363,0,0,104,959,-8513,6403,0,0,0,0,0
1,90,5.716,95,493287,31,-46,-60,46173,100,-190,11363,0,0,104,959,-8513,6403,0,0,0,0,0
1,90,5.769,96,493343,31,-46,-60,46173,100,-190,11364,0,0,104,959,-8513,6403,0,0,0,0,0
1,90,5.825,97,493399,31,-46,-60,46173,100,-190,11364,0,0,104,959,-8513,6403,0,0,0,0,0
1,90,5.874,98,493455,31,-46,-60,46173,100,-190,11364,0,0,104,959,-8513,6403,0,0,0,0,0
1,90,5.954,99,493511,31,-46,-60,46173,100,-190,11364,0,0,104,959,-8513,6403,0,0,0,0,0
1,90,5.988,100,493567,31,-46,-60,46173,100,-190,11364,0,0,104,959,-8513,6403,0,0,0,0,0
1,90,6.047,101,493623,31,-46,-60,46173,100,-190,11364,0,0,104,959,-8513,6403,0,0,0,0,0
1,90,6.103,102,493679,31,-46,-60,46173,100,-190,11363,0,0,104,959,-8513,6403,0,0,0,0,0
1,90,6.158,103,493735,31,-46,-60,46173,100,-190,11363,0,0,104,959,-8513,6403,0,0,0,0,0
1,90,6.219,104,493791,31,-46,-60,46173,100,-190,11363,0,0,104,959,-8513,6403,0,0,0,0,0
1,90,6.27,105,493847,31,-46,-60,46173,100,-190,11363,0,0,104,959,-8513,6403,0,0,0,0,0
1,90,6.333,106,493903,31,-46,-60,46173,100,-190,11363,0,0,104,959,-8513,6403,0,0,0,0,0
1,90,6.381,107,493959,31,-46,-60,46173,100,-190,11363,0,0,104,959,-8513,6403,0,0,0,0,0
1,90,6.444,108,494015,31,-46,-60,46173,100,-190,11363,0,0,104,959,-8513,6403,0,0,0,0,0
1,90,6.497,109,494071,31,-46,-60,46173,100,-190,11363,0,0,104,959,-8513,6403,0,0,0,0,0
1,90,6.565,110,494127,31,-46,-60,46173,100,-190,11363,0,0,104,959,-8513,6403,0,0,0,0,0
1,90,6.619,111,494183,31,-46,-60,46173,100,-190,11363,0,0,104,959,-8513,6403,0,0,0,0,0
1,90,6.67,112,494235,31,-46,-60,46173,100,-190,11363,0,0,104,959,-8513,6403,0,0,0,0,0
1,90,6.743,113,494291,31,-46,-60,46173,100,-190,11363,0,0,104,959,-8513,6403,0,0,0,0,0
1,90,6.783,114,494347,31,-46,-60,46173,100,-190,11363,0,0,104,959,-8513,6403,0,0,0,0,0
1,90,6.829,115,494403,31,-46,-60,46173,100,-190,11363,0,0,104,959,-8513,6403,0,0,0,0,0
1,90,6.881,116,494459,31,-46,-60,46173,100,-190,11363,0,0,104,959,-8513,6403,0,0,0,0,0
1,90,6.942,117,494515,31,-46,-60,46173,100,-190,11363,0,0,104,959,-8513,6403,0,0,0,0,0
1,90,6.996,118,494571,31,-46,-60,46173,100,-190,11363,0,0,104,959,-8513,6403,0,0,0,0,0
1,90,7.06,119,494627,31,-46,-60,46173,100,-190,11363,0,0,104,959,-8513,6403,0,0,0,0,0
1,90,7.104,120,494683,31,-46,-60,46173,100,-190,11363,0,0,104,959,-8513,6403,0,0,0,0,0
1,90,7.161,121,494739,31,-46,-60,46173,100,-190,11363,0,0,104,959,-8513,6403,0,0,0,0,0
1,90,7.215,122,494795,31,-46,-60,46173,100,-190,11363,0,0,104,959,-8513,6403,0,0,0,0,0
1,90,7.273,123,494851,31,-46,-60,46173,100,-190,11363,0,0,104,959,-8513,6403,0,0,0,0,0
1,90,7.33,124,494907,31,-46,-60,46173,100,-190,11363,0,0,104,959,-8513,6403,0,0,0,0,0
1,90,7.392,125,494963,31,-46,-60,46173,100,-190,11363,0,0,104,959,-8513,6403,0,0,0,0,0
1,90,7.44,126,495019,31,-46,-60,46173,100,-190,11363,0,0,104,959,-8513,6403,0,0,0,0,0
1,90,7.512,127,495075,31,-46,-60,46173,100,-190,11363,0,0,104,959,-8513,6403,0,0,0,0,0
1,90,7.556,0,495131,31,-46,-60,46173,100,-190,11363,0,0,104,959,-8513,6403,0,0,0,0,0
1,90,7.648,1,495187,31,-46,-60,46173,100,-190,11363,0,0,104,959,-8513,6403,0,0,0,0,0
1,90,7.681,2,495243,31,-46,-60,46173,100,-190,11363,0,0,104,959,-8513,6403,0,0,0,0,0
1,90,7.725,3,495295,31,-46,-60,46173,100,-190,11363,0,0,104,959,-8513,6403,0,0,0,0,0
1,90,7.771,4,495351,31,-46,-60,46173,100,-190,11363,0,0,104,959,-8513,6403,0,0,0,0,0
1,90,7.829,5,495407,31,-46,-60,46173,100,-190,11363,0,0,104,959,-8513,6403,0,0,0,0,0
1,90,7.885,6,495463,31,-46,-60,46173,100,-190,11363,0,0,104,959,-8513,6403,0,0,0,0,0
1,90,7.953,7,495519,31,-46,-60,46173,100,-190,11363,0,0,104,959,-8513,6403,0,0,0,0,0
1,90,7.996,8,495575,31,-46,-60,46173,100,-190,11363,0,0,104,959,-8513,6403,0,0,0,0,0
1,90,8.054,9,495631,31,-46,-60,46173,100,-190,11363,0,0,104,959,-8513,6403,0,0,0,0,0
1,90,8.108,10,495687,31,-46,-60,46173,100,-190,11363,0,0,104,959,-8513,6403,0,0,0,0,0
1,90,8.163,11,495743,31,-46,-60,46173,100,-190,11363,0,0,104,959,-8513,6403,0,0,0,0,0
1,90,8.22,12,495799,31,-46,-60,46173,100,-190,11363,0,0,104,959,-8513,6403,0,0,0,0,0
1,90,8.276,13,495855,31,-46,-60,46173,100,-190,11363,0,0,104,959,-8513,6403,0,0,0,0,0
1,90,8.339,14,495911,31,-46,-60,46173,100,-190,11363,0,0,104,959,-8513,6403,0,0,0,0,0
1,90,8.395,15,495967,31,-46,-60,46173,100,-190,11363,0,0,104,959,-8513,6403,0,0,0,0,0
1,90,8.451,16,496023,31,-46,-60,46173,100,-190,11363,0,0,104,959,-8513,6403,0,0,0,0,0
1,90,8.516,17,496079,31,-46,-60,46173,100,-190,11363,0,0,104,959,-8513,6403,0,0,0,0,0
1,90,8.559,18,496135,31,-46,-60,46173,100,-190,11363,0,0,104,959,-8513,6403,0,0,0,0,0
1,90,8.612,19,496191,31,-46,-60,46173,100,-190,11363,0,0,104,959,-8513,6403,0,0,0,0,0
1,90,8.666,20,496247,31,-46,-60,46173,100,-190,11363,0,0,104,959,-8513,6403,0,0,0,0,0
1,90,8.748,21,496303,31,-46,-60,46173,100,-190,11363,0,0,104,959,-8513,6403,0,0,0,0,0
1,90,8.776,22,496355,31,-46,-60,46173,100,-190,11363,0,0,104,959,-8513,6403,0,0,0,0,0
1,90,8.832,23,496411,31,-46,-60,46173,100,-190,11363,0,0,104,959,-8513,6403,0,0,0,0,0
1,90,8.891,24,496467,31,-46,-60,46173,100,-190,11363,0,0,104,959,-8513,6403,0,0,0,0,0
1,90,8.943,25,496523,31,-46,-60,46173,100,-190,11363,0,0,104,959,-8513,6403,0,0,0,0,0
1,90,8.999,26,496579,31,-46,-60,46173,100,-190,11363,0,0,104,959,-8513,6403,0,0,0,0,0
1,90,9.056,27,496635,31,-46,-60,46173,100,-190,11363,0,0,104,959,-8513,6403,0,0,0,0,0
1,90,9.113,28,496691,31,-46,-60,46173,100,-190,11363,0,0,104,959,-8513,6403,0,0,0,0,0
1,90,9.168,29,496747,31,-46,-60,46173,100,-190,11363,0,0,104,959,-8513,6403,0,0,0,0,0
1,90,9.227,30,496803,31,-46,-60,46173,100,-190,11363,0,0,104,959,-8513,6403,0,0,0,0,0
1,90,9.28,31,496859,31,-46,-60,46173,100,-190,11363,0,0,104,959,-8513,6403,0,0,0,0,0
1,90,9.34,32,496915,31,-46,-60,46173,100,-190,11363,0,0,104,959,-8513,6403,0,0,0,0,0
1,90,9.395,33,496971,31,-46,-60,46173,100,-190,11363,0,0,104,959,-8513,6403,0,0,0,0,0
1,90,9.447,34,497027,31,-46,-60,46173,100,-190,11363,0,0,104,959,-8513,6403,0,0,0,0,0
1,90,9.513,35,497083,31,-46,-60,46173,100,-190,11363,0,0,104,959,-8513,6403,0,0,0,0,0
1,90,9.57,36,497139,31,-46,-60,46173,100,-190,11363,0,0,104,959,-8513,6403,0,0,0,0,0
1,90,9.627,37,497195,31,-46,-60,46173,100,-190,11362,0,0,104,959,-8513,6403,0,0,0,0,0
1,90,9.674,38,497251,31,-46,-60,46173,100,-190,11362,0,0,104,959,-8513,6403,0,0,0,0,0
1,90,9.733,39,497307,31,-46,-60,46173,100,-190,11362,0,0,104,959,-8513,6403,0,0,0,0,0
1,90,9.791,40,497363,31,-46,-60,46173,100,-190,11362,0,0,104,959,-8513,6403,0,0,0,0,0
1,90,9.837,41,497415,31,-46,-60,46173,100,-190,11362,0,0,104,959,-8513,6403,0,0,0,0,0
1,90,9.897,42,497471,31,-46,-60,46173,100,-190,11362,0,0,104,959,-8513,6403,0,0,0,0,0
1,90,9.954,43,497527,31,-46,-60,46173,100,-190,11362,0,0,104,959,-8513,6403,0,0,0,0,0
1,90,10.003,44,497583,31,-46,-60,46173,100,-190,11362,0,0,104,959,-8513,6403,0,0,0,0,0
1,90,10.061,45,497639,31,-46,-60,46173,100,-190,11362,0,0,104,959,-8513,6403,0,0,0,0,0
1,90,10.118,46,497695,31,-46,-60,46173,100,-190,11362,0,0,104,959,-8513,6403,0,0,0,0,0
1,90,10.171,47,497751,31,-46,-60,46173,100,-190,11362,0,0,104,959,-8513,6403,0,0,0,0,0
1,90,10.227,48,497807,31,-46,-60,46173,100,-190,11362,0,0,104,959,-8513,6403,0,0,0,0,0
1,90,10.285,49,497863,31,-46,-60,46173,100,-190,11362,0,0,104,959,-8513,6403,0,0,0,0,0
1,90,10.34,50,497919,31,-46,-60,46173,100,-190,11362,0,0,104,959,-8513,6403,0,0,0,0,0
1,90,10.396,51,497975,31,-46,-60,46173,100,-190,11362,0,0,104,959,-8513,6403,0,0,0,0,0
1,90,10.451,52,498031,31,-46,-60,46173,100,-190,11362,0,0,104,959,-8513,6403,0,0,0,0,0
1,90,10.508,53,498087,31,-46,-60,46173,100,-190,11362,0,0,104,959,-8513,6403,0,0,0,0,0
1,90,10.562,54,498143,31,-46,-60,46173,100,-190,11362,0,0,104,959,-8513,6403,0,0,0,0,0
1,90,10.619,55,498199,31,-46,-60,46173,100,-190,11362,0,0,104,959,-8513,6403,0,0,0,0,0
1,90,10.675,56,498255,31,-46,-60,46173,100,-190,11362,0,0,104,959,-8513,6403,0,0,0,0,0
1,90,10.732,57,498311,31,-46,-60,46173,100,-190,11362,0,0,104,959,-8513,6403,0,0,0,0,0
1,90,10.788,58,498367,31,-46,-60,46173,100,-190,11362,0,0,104,959,-8513,6403,0,0,0,0,0
1,90,10.85,59,498423,31,-46,-60,46173,100,-190,11362,0,0,104,959,-8513,6403,0,0,0,0,0
1,90,10.895,60,498475,31,-46,-60,46173,100,-190,11362,0,0,104,959,-8513,6403,0,0,0,0,0
1,90,10.952,61,498531,31,-46,-60,46173,100,-190,11362,0,0,104,959,-8513,6403,0,0,0,0,0
1,90,11.011,62,498587,31,-46,-60,46173,100,-190,11362,0,0,104,959,-8513,6403,0,0,0,0,0
1,90,11.062,63,498643,31,-46,-60,46173,100,-190,11362,0,0,104,959,-8513,6403,0,0,0,0,0
1,90,11.119,64,498699,31,-46,-60,46173,100,-190,11362,0,0,104,959,-8513,6403,0,0,0,0,0
1,90,11.177,65,498755,31,-46,-60,46173,100,-190,11362,0,0,104,959,-8513,6403,0,0,0,0,0
1,90,11.233,66,498811,31,-46,-60,46173,100,-190,11362,0,0,104,959,-8513,6403,0,0,0,0,0
1,90,11.287,67,498867,31,-46,-60,46173,100,-190,11362,0,0,104,959,-8513,6403,0,0,0,0,0
1,90,11.346,68,498923,31,-46,-60,46173,100,-190,11362,0,0,104,959,-8513,6403,0,0,0,0,0
1,90,11.399,69,498979,31,-46,-60,46173,100,-190,11362,0,0,104,959,-8513,6403,0,0,0,0,0
1,90,11.455,70,499035,31,-46,-60,46173,100,-190,11362,0,0,104,959,-8513,6403,0,0,0,0,0
1,90,11.512,71,499091,31,-46,-60,46173,100,-190,11362,0,0,104,959,-8513,6403,0,0,0,0,0
1,90,11.567,72,499147,31,-46,-60,46173,100,-190,11362,0,0,104,959,-8513,6403,0,0,0,0,0
1,90,11.622,73,499203,31,-46,-60,46173,100,-190,11362,0,0,104,959,-8513,6403,0,0,0,0,0
1,90,11.682,74,499259,31,-46,-60,46173,100,-190,11362,0,0,104,959,-8513,6403,0,0,0,0,0
1,90,11.736,75,499315,31,-46,-60,46173,100,-190,11362,0,0,104,959,-8513,6403,0,0,0,0,0
1,90,11.792,76,499371,31,-46,-60,46173,100,-190,11362,0,0,104,959,-8513,6403,0,0,0,0,0
1,90,11.847,77,499427,31,-46,-60,46173,100,-190,11362,0,0,104,959,-8513,6403,0,0,0,0,0
1,90,11.909,78,499483,31,-46,-60,46173,100,-190,11362,0,0,104,959,-8513,6403,0,0,0,0,0
1,90,11.999,79,499535,31,-46,-60,46173,100,-190,11362,0,0,104,959,-8513,6403,0,0,0,0,0
1,90,12.02,80,499591,31,-46,-60,46173,100,-190,11362,0,0,104,959,-8513,6403,0,0,0,0,0
1,90,12.067,81,499647,31,-46,-60,46173,100,-190,11362,0,0,104,959,-8513,6403,0,0,0,0,0
1,90,12.123,82,499703,31,-46,-60,46173,100,-190,11362,0,0,104,959,-8513,6403,0,0,0,0,0
1,90,12.178,83,499759,31,-46,-60,46173,100,-190,11362,0,0,104,959,-8513,6403,0,0,0,0,0
1,90,12.234,84,499815,31,-46,-60,46173,100,-190,11362,0,0,104,959,-8513,6403,0,0,0,0,0
1,90,12.302,85,499871,31,-46,-60,46173,100,-190,11362,0,0,104,959,-8513,6403,0,0,0,0,0
1,90,12.346,86,499927,31,-46,-60,46173,100,-190,11362,0,0,104,959,-8513,6403,0,0,0,0,0
1,90,12.406,87,499983,31,-46,-60,46173,100,-190,11362,0,0,104,959,-8513,6403,0,0,0,0,0
1,90,12.459,88,500039,31,-46,-60,46173,100,-190,11362,0,0,104,959,-8513,6403,0,0,0,0,0
1,90,12.529,89,500095,31,-46,-60,46173,100,-190,11362,0,0,104,959,-8513,6403,0,0,0,0,0
1,90,12.615,90,500151,31,-46,-60,46173,100,-190,11362,0,0,104,959,-8513,6403,0,0,0,0,0
1,90,12.636,91,500207,31,-46,-60,46173,100,-190,11362,0,0,104,959,-8513,6403,0,0,0,0,0
1,90,12.683,92,500263,31,-46,-60,46173,100,-190,11362,0,0,104,959,-8513,6403,0,0,0,0,0
1,90,12.739,93,500319,31,-46,-60,46173,100,-190,11362,0,0,104,959,-8513,6403,0,0,0,0,0
1,90,12.843,94,500375,31,-46,-60,46173,100,-190,11362,0,0,104,959,-8513,6403,0,0,0,0,0
1,90,12.861,95,500431,31,-46,-60,46173,100,-190,11362,0,0,104,959,-8513,6403,0,0,0,0,0
1,90,12.915,96,500487,31,-46,-60,46173,100,-190,11362,0,0,104,959,-8513,6403,0,0,0,0,0
1,90,12.97,97,500543,31,-46,-60,46173,100,-190,11362,0,0,104,959,-8513,6403,0,0,0,0,0
1,90,13.019,98,500595,31,-46,-60,46173,100,-190,11362,0,0,104,959,-8513,6403,0,0,0,0,0
1,90,13.078,99,500651,31,-46,-60,46173,100,-190,11362,0,0,104,959,-8513,6403,0,0,0,0,0
1,90,13.133,100,500707,31,-46,-60,46173,100,-190,11362,0,0,104,959,-8513,6403,0,0,0,0,0
1,90,13.196,101,500763,31,-46,-60,46173,100,-190,11362,0,0,104,959,-8513,6403,0,0,0,0,0
1,90,13.239,102,500819,31,-46,-60,46173,100,-190,11362,0,0,104,959,-8513,6403,0,0,0,0,0
1,90,13.296,103,500875,31,-46,-60,46173,100,-190,11362,0,0,104,959,-8513,6403,0,0,0,0,0
1,90,13.359,104,500931,31,-46,-60,46173,100,-190,11362,0,0,104,959,-8513,6403,0,0,0,0,0
1,90,13.409,105,500987,31,-46,-60,46173,100,-190,11362,0,0,104,959,-8513,6403,0,0,0,0,0
1,90,13.463,106,501043,31,-46,-60,46173,100,-190,11362,0,0,104,959,-8513,6403,0,0,0,0,0
1,90,13.52,107,501099,31,-46,-60,46173,100,-190,11361,0,0,104,959,-8513,6403,0,0,0,0,0
1,90,13.578,108,501155,31,-46,-60,46173,100,-190,11361,0,0,104,959,-8513,6403,0,0,0,0,0
1,90,13.633,109,501211,31,-46,-60,46173,100,-190,11361,0,0,104,959,-8513,6403,0,0,0,0,0
1,90,13.687,110,501267,31,-46,-60,46173,100,-190,11361,0,0,104,959,-8513,6403,0,0,0,0,0
1,90,13.743,111,501323,31,-46,-60,46173,100,-190,11361,0,0,104,959,-8513,6403,0,0,0,0,0
1,90,13.807,112,501379,31,-46,-60,46173,100,-190,11361,0,0,104,959,-8513,6403,0,0,0,0,0
1,90,13.855,113,501435,31,-46,-60,46173,100,-190,11362,0,0,104,959,-8513,6403,0,0,0,0,0
1,90,13.911,114,501491,31,-46,-60,46173,100,-190,11362,0,0,104,959,-8513,6403,0,0,0,0,0
1,90,13.973,115,501547,31,-46,-60,46173,100,-190,11362,0,0,104,959,-8513,6403,0,0,0,0,0
1,90,14.03,116,501603,31,-46,-60,46173,100,-190,11362,0,0,104,959,-8513,6403,0,0,0,0,0
1,90,14.078,117,501655,31,-46,-60,46173,100,-190,11362,0,0,104,959,-8513,6403,0,0,0,0,0
1,90,14.135,118,501711,31,-46,-60,46173,100,-190,11362,0,0,104,959,-8513,6403,0,0,0,0,0
1,90,14.197,119,501767,31,-46,-60,46173,100,-190,11362,0,0,104,959,-8513,6403,0,0,0,0,0
1,90,14.245,120,501823,31,-46,-60,46173,100,-190,11362,0,0,104,959,-8513,6403,0,0,0,0,0
1,90,14.298,121,501879,31,-46,-60,46173,100,-190,11362,0,0,104,959,-8513,6403,0,0,0,0,0
1,90,14.358,122,501935,31,-46,-60,46173,100,-190,11362,0,0,104,959,-8513,6403,0,0,0,0,0
1,90,14.422,123,501991,31,-46,-60,46173,100,-190,11362,0,0,104,959,-8513,6403,0,0,0,0,0
1,90,14.468,124,502047,31,-46,-60,46173,100,-190,11362,0,0,104,959,-8513,6403,0,0,0,0,0
1,90,14.526,125,502103,31,-46,-60,46173,100,-190,11362,0,0,104,959,-8513,6403,0,0,0,0,0
1,90,14.58,126,502159,31,-46,-60,46173,100,-190,11362,0,0,104,959,-8513,6403,0,0,0,0,0
1,90,14.639,127,502215,31,-46,-60,46173,100,-190,11362,0,0,104,959,-8513,6403,0,0,0,0,0
2,-90,-0.022,94,507515,31,-46,-60,46173,100,-190,11359,0,0,104,959,-8513,6403,0,0,0,0,0
2,-90,0.047,95,507571,31,-46,-60,46173,100,-190,11359,0,0,104,959,-8513,6403,0,0,0,0,0
2,-90,0.107,96,507624,31,-46,-60,46173,100,-190,11359,0,0,104,960,-8513,6403,0,0,0,0,0
2,-90,0.16,97,507695,31,-46,-60,46164,100,-190,11359,0,-9,105,963,-8513,6400,800,-700,0,0,0
2,-90,0.319,98,507767,31,-46,-60,46046,100,-190,11359,32,-32,106,966,-8497,6378,1300,-1500,0,0,0
2,-90,0.333,99,507839,31,-46,-60,45820,99,-191,11229,35,-41,106,969,-8463,6339,1700,-1800,0,0,0
2,-90,0.38,100,507911,31,-46,-61,45467,99,-191,11229,67,-64,107,972,-8413,6275,1900,-1800,0,0,0
2,-90,0.449,101,507983,31,-46,-61,45022,95,-192,10632,73,-64,107,975,-8338,6206,1900,-1800,0,0,0
2,-90,0.531,102,508055,31,-46,-61,44508,89,-193,9861,96,-88,107,978,-8258,6120,1800,-1900,0,0,0
2,-90,0.591,103,508127,31,-46,-61,44034,89,-193,9861,83,-75,107,981,-8180,6045,1800,-1800,0,0,0
2,-90,0.668,104,508199,31,-46,-61,43517,84,-194,9052,82,-82,107,984,-8097,5961,1800,-1900,0,0,0
2,-90,0.736,105,508271,31,-46,-61,43053,84,-194,9052,82,-64,107,987,-8019,5889,1800,-1800,0,0,0
2,-90,0.811,106,508343,31,-45,-61,42561,78,-194,8265,73,-67,107,990,-7938,5811,1800,-1800,0,0,0
2,-90,0.878,107,508415,31,-46,-61,42075,73,-193,7514,79,-82,107,993,-7861,5731,1800,-1800,0,0,0
2,-90,0.956,108,508487,31,-46,-61,41626,73,-193,7514,73,-73,107,996,-7788,5659,1800,-1800,0,0,0
2,-90,1.028,109,508559,31,-46,-61,41180,68,-191,6787,64,-79,107,999,-7719,5584,1800,-1800,0,0,0
2,-90,1.094,110,508631,31,-46,-61,40688,63,-189,6053,90,-64,107,1002,-7638,5506,1800,-1800,0,0,0
2,-90,1.171,111,508703,31,-45,-61,40233,63,-189,6053,82,-64,107,1005,-7563,5434,1800,-1800,0,0,0
2,-90,1.241,112,508775,31,-46,-61,39734,58,-187,5303,79,-82,107,1008,-7486,5350,1800,-1800,0,0,0
2,-90,1.32,113,508848,31,-45,-61,39261,54,-183,4535,90,-64,107,1011,-7405,5278,1800,-1800,0,0,0
2,-90,1.383,114,508919,31,-45,-61,38815,54,-183,4535,73,-55,107,1014,-7333,5206,1800,-1800,0,0,0
2,-90,1.461,115,508991,31,-45,-61,38351,51,-180,3802,64,-73,107,1017,-7258,5131,1500,-1500,0,0,0
2,-90,1.532,116,509063,31,-45,-61,37930,48,-176,3128,64,-50,107,1020,-7186,5067,900,-1000,0,0,0
2,-90,1.604,117,509135,31,-45,-60,37707,48,-176,3128,32,-23,107,1023,-7147,5034,900,-900,0,0,0
2,-90,1.677,118,509200,31,-45,-60,37583,47,-174,2822,0,0,107,1027,-7127,5014,0,0,0,0,0
2,-90,1.72,119,509255,31,-45,-60,37583,47,-174,2822,0,0,107,1027,-7127,5014,0,0,0,0,0
2,-90,1.775,120,509311,31,-45,-60,37583,46,-173,2760,0,0,107,1027,-7127,5014,0,0,0,0,0
2,-90,1.848,121,509367,31,-45,-60,37583,46,-173,2760,0,0,107,1027,-7127,5014,0,0,0,0,0
2,-90,1.889,122,509419,31,-45,-60,37583,46,-173,2760,0,0,107,1027,-7127,5014,0,0,0,0,0
2,-90,1.941,123,509475,31,-45,-60,37583,46,-173,2760,0,0,107,1027,-7127,5014,0,0,0,0,0
2,-90,1.995,124,509531,31,-45,-60,37583,46,-173,2760,0,0,107,1027,-7127,5014,0,0,0,0,0
2,-90,2.06,125,509587,31,-45,-60,37583,46,-173,2760,0,0,107,1027,-7127,5014,0,0,0,0,0
2,-90,2.107,126,509643,31,-45,-60,37583,46,-173,2760,0,0,107,1027,-7127,5014,0,0,0,0,0
2,-90,2.172,127,509699,31,-45,-60,37583,46,-173,2760,0,0,107,1027,-7127,5014,0,0,0,0,0
2,-90,2.224,0,509755,31,-45,-60,37583,46,-173,2760,0,0,107,1027,-7127,5014,0,0,0,0,0
2,-90,2.274,1,509811,31,-45,-60,37583,46,-173,2760,0,0,107,1027,-7127,5014,0,0,0,0,0
2,-90,2.335,2,509867,31,-45,-60,37583,46,-173,2760,0,0,107,1027,-7127,5014,0,0,0,0,0
2,-90,2.39,3,509923,31,-45,-60,37583,46,-173,2760,0,0,107,1027,-7127,5014,0,0,0,0,0
2,-90,2.476,4,509979,31,-45,-60,37583,46,-173,2760,0,0,107,1027,-7127,5014,0,0,0,0,0
2,-90,2.506,5,510035,31,-45,-60,37583,46,-173,2760,0,0,107,1027,-7127,5014,0,0,0,0,0
2,-90,2.556,6,510091,31,-45,-60,37583,46,-173,2760,0,0,107,1027,-7127,5014,0,0,0,0,0
2,-90,2.61,7,510147,31,-45,-60,37583,46,-173,2760,0,0,107,1027,-7127,5014,0,0,0,0,0
2,-90,2.681,8,510203,31,-45,-60,37583,46,-173,2760,0,0,107,1027,-7127,5014,0,0,0,0,0
2,-90,2.729,9,510259,31,-45,-60,37583,46,-173,2760,0,0,107,1027,-7127,5014,0,0,0,0,0
2,-90,2.784,10,510315,31,-45,-60,37583,46,-173,2760,0,0,107,1027,-7127,5014,0,0,0,0,0
2,-90,2.834,11,510371,31,-45,-60,37583,46,-173,2760,0,0,107,1027,-7127,5014,0,0,0,0,0
2,-90,2.898,12,510427,31,-45,-60,37583,46,-173,2759,0,0,107,1027,-7127,5014,0,0,0,0,0
2,-90,2.967,13,510479,31,-45,-60,37583,46,-173,2759,0,0,107,1027,-7127,5014,0,0,0,0,0
2,-90,3.002,14,510535,31,-45,-60,37583,46,-173,2759,0,0,107,1027,-7127,5014,0,0,0,0,0
2,-90,3.063,15,510591,31,-45,-60,37583,46,-173,2759,0,0,107,1027,-7127,5014,0,0,0,0,0
2,-90,3.173,16,510647,31,-45,-60,37583,46,-173,2759,0,0,107,1027,-7127,5014,0,0,0,0,0
2,-90,3.183,17,510703,31,-45,-60,37583,46,-173,2759,0,0,107,1027,-7127,5014,0,0,0,0,0
2,-90,3.226,18,510759,31,-45,-60,37583,46,-173,2759,0,0,107,1027,-7127,5014,0,0,0,0,0
2,-90,3.289,19,510815,31,-45,-60,37583,46,-173,2759,0,0,107,1027,-7127,5014,0,0,0,0,0
2,-90,3.376,20,510871,31,-45,-60,37583,46,-173,2759,0,0,107,1027,-7127,5014,0,0,0,0,0
2,-90,3.397,21,510927,31,-45,-60,37583,46,-173,2759,0,0,107,1027,-7127,5014,0,0,0,0,0
2,-90,3.457,22,510983,31,-45,-60,37583,46,-173,2760,0,0,107,1027,-7127,5014,0,0,0,0,0
2,-90,3.503,23,511039,31,-45,-60,37583,46,-173,2760,0,0,107,1027,-7127,5014,0,0,0,0,0
2,-90,3.58,24,511095,31,-45,-60,37583,46,-173,2760,0,0,107,1027,-7127,5014,0,0,0,0,0
2,-90,3.625,25,511151,31,-45,-60,37583,46,-173,2760,0,0,107,1027,-7127,5014,0,0,0,0,0
2,-90,3.679,26,511207,31,-45,-60,37583,46,-173,2759,0,0,107,1027,-7127,5014,0,0,0,0,0
2,-90,3.731,27,511263,31,-45,-60,37583,46,-173,2759,0,0,107,1027,-7127,5014,0,0,0,0,0
2,-90,3.784,28,511319,31,-45,-60,37583,46,-173,2759,0,0,107,1027,-7127,5014,0,0,0,0,0
2,-90,3.839,29,511375,31,-45,-60,37583,46,-173,2759,0,0,107,1027,-7127,5014,0,0,0,0,0
2,-90,3.895,30,511431,31,-45,-60,37583,46,-173,2760,0,0,107,1027,-7127,5014,0,0,0,0,0
2,-90,3.96,31,511487,31,-45,-60,37583,46,-173,2760,0,0,107,1027,-7127,5014,0,0,0,0,0
2,-90,4.071,32,511539,31,-45,-60,37583,46,-173,2759,0,0,107,1027,-7127,5014,0,0,0,0,0
2,-90,4.071,33,511595,31,-45,-60,37583,46,-173,2759,0,0,107,1027,-7127,5014,0,0,0,0,0
2,-90,4.115,34,511651,31,-45,-60,37583,46,-173,2759,0,0,107,1027,-7127,5014,0,0,0,0,0
2,-90,4.174,35,511707,31,-45,-60,37583,46,-173,2759,0,0,107,1027,-7127,5014,0,0,0,0,0
2,-90,4.225,36,511763,31,-45,-60,37583,46,-173,2759,0,0,107,1027,-7127,5014,0,0,0,0,0
2,-90,4.306,37,511819,31,-45,-60,37583,46,-173,2759,0,0,107,1027,-7127,5014,0,0,0,0,0
2,-90,4.338,38,511875,31,-45,-60,37583,46,-173,2759,0,0,107,1027,-7127,5014,0,0,0,0,0
2,-90,4.394,39,511931,31,-45,-60,37583,46,-173,2759,0,0,107,1027,-7127,5014,0,0,0,0,0
2,-90,4.475,40,511987,31,-45,-60,37583,46,-173,2759,0,0,107,1027,-7127,5014,0,0,0,0,0
2,-90,4.508,41,512043,31,-45,-60,37583,46,-173,2759,0,0,107,1027,-7127,5014,0,0,0,0,0
2,-90,4.564,42,512099,31,-45,-60,37583,46,-173,2759,0,0,107,1027,-7127,5014,0,0,0,0,0
2,-90,4.662,43,512155,31,-45,-60,37583,46,-173,2759,0,0,107,1027,-7127,5014,0,0,0,0,0
2,-90,4.675,44,512211,31,-45,-60,37583,46,-173,2759,0,0,107,1027,-7127,5014,0,0,0,0,0
2,-90,4.745,45,512267,31,-45,-60,37583,46,-173,2759,0,0,107,1027,-7127,5014,0,0,0,0,0
2,-90,4.787,46,512323,31,-45,-60,37583,46,-173,2759,0,0,107,1027,-7127,5014,0,0,0,0,0
2,-90,4.845,47,512379,31,-45,-60,37583,46,-173,2759,0,0,107,1027,-7127,5014,0,0,0,0,0
2,-90,4.955,48,512435,31,-45,-60,37583,46,-173,2759,0,0,107,1027,-7127,5014,0,0,0,0,0
2,-90,4.958,49,512491,31,-45,-60,37583,46,-173,2759,0,0,107,1027,-7127,5014,0,0,0,0,0
2,-90,5.017,50,512547,31,-45,-60,37583,46,-173,2759,0,0,107,1027,-7127,5014,0,0,0,0,0
2,-90,5.073,51,512599,31,-45,-60,37583,46,-173,2759,0,0,107,1027,-7127,5014,0,0,0,0,0
2,-90,5.118,52,512655,31,-45,-60,37583,46,-173,2759,0,0,107,1027,-7127,5014,0,0,0,0,0
2,-90,5.181,53,512711,31,-45,-60,37583,46,-173,2759,0,0,107,1027,-7127,5014,0,0,0,0,0
2,-90,5.249,54,512767,31,-45,-60,37583,46,-173,2759,0,0,107,1027,-7127,5014,0,0,0,0,0
2,-90,5.291,55,512823,31,-45,-60,37583,46,-173,2759,0,0,107,1027,-7127,5014,0,0,0,0,0
2,-90,5.355,56,512879,31,-45,-60,37583,46,-173,2759,0,0,107,1027,-7127,5014,0,0,0,0,0
2,-90,5.399,57,512935,31,-45,-60,37583,46,-173,2759,0,0,107,1027,-7127,5014,0,0,0,0,0
2,-90,5.454,58,512991,31,-45,-60,37583,46,-173,2758,0,0,107,1027,-7127,5014,0,0,0,0,0
2,-90,5.511,59,513047,31,-45,-60,37583,46,-173,2758,0,0,107,1027,-7127,5014,0,0,0,0,0
2,-90,5.567,60,513103,31,-45,-60,37583,46,-173,2758,0,0,107,1027,-7127,5014,0,0,0,0,0
2,-90,5.625,61,513159,31,-45,-60,37583,46,-173,2758,0,0,107,1027,-7127,5014,0,0,0,0,0
2,-90,5.679,62,513215,31,-45,-60,37583,46,-173,2758,0,0,107,1027,-7127,5014,0,0,0,0,0
2,-90,5.737,63,513271,31,-45,-60,37583,46,-173,2758,0,0,107,1027,-7127,5014,0,0,0,0,0
2,-90,5.79,64,513327,31,-45,-60,37583,46,-173,2758,0,0,107,1027,-7127,5014,0,0,0,0,0
2,-90,5.847,65,513383,31,-45,-60,37583,46,-173,2758,0,0,107,1027,-7127,5014,0,0,0,0,0
2,-90,5.904,66,513439,31,-45,-60,37583,46,-173,2758,0,0,107,1027,-7127,5014,0,0,0,0,0
2,-90,5.959,67,513495,31,-45,-60,37583,46,-173,2758,0,0,107,1027,-7127,5014,0,0,0,0,0
2,-90,6.015,68,513551,31,-45,-60,37583,46,-173,2758,0,0,107,1027,-7127,5014,0,0,0,0,0
2,-90,6.09,69,513607,31,-45,-60,37583,46,-173,2758,0,0,107,1027,-7127,5014,0,0,0,0,0
2,-90,6.122,70,513659,31,-45,-60,37583,46,-173,2758,0,0,107,1027,-7127,5014,0,0,0,0,0
2,-90,6.182,71,513715,31,-45,-60,37583,46,-173,2758,0,0,107,1027,-7127,5014,0,0,0,0,0
2,-90,6.238,72,513771,31,-45,-60,37583,46,-173,2758,0,0,107,1027,-7127,5014,0,0,0,0,0
2,-90,6.298,73,513827,31,-45,-60,37583,46,-173,2758,0,0,107,1027,-7127,5014,0,0,0,0,0
2,-90,6.345,74,513883,31,-45,-60,37583,46,-173,2758,0,0,107,1027,-7127,5014,0,0,0,0,0
2,-90,6.412,75,513939,31,-45,-60,37583,46,-173,2758,0,0,107,1027,-7127,5014,0,0,0,0,0
2,-90,6.458,76,513995,31,-45,-60,37583,46,-173,2758,0,0,107,1027,-7127,5014,0,0,0,0,0
2,-90,6.514,77,514051,31,-45,-60,37583,46,-173,2758,0,0,107,1027,-7127,5014,0,0,0,0,0
2,-90,6.57,78,514107,31,-45,-60,37583,46,-173,2758,0,0,107,1027,-7127,5014,0,0,0,0,0
2,-90,6.632,79,514163,31,-45,-60,37583,46,-173,2758,0,0,107,1027,-7127,5014,0,0,0,0,0
2,-90,6.69,80,514219,31,-45,-60,37583,46,-173,2758,0,0,107,1027,-7127,5014,0,0,0,0,0
2,-90,6.755,81,514275,31,-45,-60,37583,46,-173,2758,0,0,107,1027,-7127,5014,0,0,0,0,0
2,-90,6.808,82,514331,31,-45,-60,37583,46,-173,2758,0,0,107,1027,-7127,5014,0,0,0,0,0
2,-90,6.891,83,514387,31,-45,-60,37583,46,-173,2758,0,0,107,1027,-7127,5014,0,0,0,0,0
2,-90,6.909,84,514443,31,-45,-60,37583,46,-173,2758,0,0,107,1027,-7127,5014,0,0,0,0,0
2,-90,6.961,85,514499,31,-45,-60,37583,46,-173,2758,0,0,107,1027,-7127,5014,0,0,0,0,0
2,-90,7.025,86,514555,31,-45,-60,37583,46,-173,2758,0,0,107,1027,-7127,5014,0,0,0,0,0
2,-90,7.084,87,514611,31,-45,-60,37583,46,-173,2758,0,0,107,1027,-7127,5014,0,0,0,0,0
2,-90,7.142,88,514667,31,-45,-60,37583,46,-173,2758,0,0,107,1027,-7127,5014,0,0,0,0,0
2,-90,7.192,89,514719,31,-45,-60,37583,46,-173,2757,0,0,107,1027,-7127,5014,0,0,0,0,0
2,-90,7.242,90,514775,31,-45,-60,37583,46,-173,2757,0,0,107,1027,-7127,5014,0,0,0,0,0
2,-90,7.294,91,514831,31,-45,-60,37583,46,-173,2757,0,0,107,1027,-7127,5014,0,0,0,0,0
2,-90,7.354,92,514887,31,-45,-60,37583,46,-173,2757,0,0,107,1027,-7127,5014,0,0,0,0,0
2,-90,7.407,93,514943,31,-45,-60,37583,46,-173,2757,0,0,107,1027,-7127,5014,0,0,0,0,0
2,-90,7.464,94,514999,31,-45,-60,37583,46,-173,2757,0,0,107,1027,-7127,5014,0,0,0,0,0
2,-90,7.522,95,515055,31,-45,-60,37583,46,-173,2757,0,0,107,1027,-7127,5014,0,0,0,0,0
2,-90,7.588,96,515111,31,-45,-60,37583,46,-173,2757,0,0,107,1027,-7127,5014,0,0,0,0,0
2,-90,7.632,97,515167,31,-45,-60,37583,46,-173,2757,0,0,107,1027,-7127,5014,0,0,0,0,0
2,-90,7.691,98,515223,31,-45,-60,37583,46,-173,2757,0,0,107,1027,-7127,5014,0,0,0,0,0
2,-90,7.746,99,515279,31,-45,-60,37583,46,-173,2757,0,0,107,1027,-7127,5014,0,0,0,0,0
2,-90,7.798,100,515335,31,-45,-60,37583,46,-173,2757,0,0,107,1027,-7127,5014,0,0,0,0,0
2,-90,7.856,101,515391,31,-45,-60,37583,46,-173,2757,0,0,107,1027,-7127,5014,0,0,0,0,0
2,-90,7.913,102,515447,31,-45,-60,37583,46,-173,2757,0,0,107,1027,-7127,5014,0,0,0,0,0
2,-90,7.992,103,515503,31,-45,-60,37583,46,-173,2757,0,0,107,1027,-7127,5014,0,0,0,0,0
2,-90,8.022,104,515559,31,-45,-60,37583,46,-173,2757,0,0,107,1027,-7127,5014,0,0,0,0,0
2,-90,8.078,105,515615,31,-45,-60,37583,46,-173,2757,0,0,107,1027,-7127,5014,0,0,0,0,0
2,-90,8.134,106,515671,31,-45,-60,37583,46,-173,2757,0,0,107,1027,-7127,5014,0,0,0,0,0
2,-90,8.2,107,515727,31,-45,-60,37583,46,-173,2757,0,0,107,1027,-7127,5014,0,0,0,0,0
2,-90,8.242,108,515779,31,-45,-60,37583,46,-173,2757,0,0,107,1027,-7127,5014,0,0,0,0,0
2,-90,8.299,109,515835,31,-45,-60,37583,46,-173,2757,0,0,107,1027,-7127,5014,0,0,0,0,0
2,-90,8.353,110,515891,31,-45,-60,37583,46,-173,2757,0,0,107,1027,-7127,5014,0,0,0,0,0
2,-90,8.416,111,515947,31,-45,-60,37583,46,-173,2757,0,0,107,1027,-7127,5014,0,0,0,0,0
2,-90,8.474,112,516003,31,-45,-60,37583,46,-173,2757,0,0,107,1027,-7127,5014,0,0,0,0,0
2,-90,8.525,113,516059,31,-45,-60,37583,46,-173,2757,0,0,107,1027,-7127,5014,0,0,0,0,0
2,-90,8.58,114,516115,31,-45,-60,37583,46,-173,2757,0,0,107,1027,-7127,5014,0,0,0,0,0
2,-90,8.637,115,516171,31,-45,-60,37583,46,-173,2757,0,0,107,1027,-7127,5014,0,0,0,0,0
2,-90,8.7,116,516227,31,-45,-60,37583,46,-173,2757,0,0,107,1027,-7127,5014,0,0,0,0,0
2,-90,8.747,117,516283,31,-45,-60,37583,46,-173,2757,0,0,107,1027,-7127,5014,0,0,0,0,0
2,-90,8.803,118,516339,31,-45,-60,37583,46,-173,2757,0,0,107,1027,-7127,5014,0,0,0,0,0
2,-90,8.859,119,516395,31,-45,-60,37583,46,-173,2757,0,0,107,1027,-7127,5014,0,0,0,0,0
2,-90,8.994,120,516451,31,-45,-60,37583,46,-173,2757,0,0,107,1027,-7127,5014,0,0,0,0,0
2,-90,8.994,121,516507,31,-45,-60,37583,46,-173,2757,0,0,107,1027,-7127,5014,0,0,0,0,0
2,-90,9.029,122,516563,31,-45,-60,37583,46,-173,2757,0,0,107,1027,-7127,5014,0,0,0,0,0
2,-90,9.082,123,516619,31,-45,-60,37583,46,-173,2757,0,0,107,1027,-7127,5014,0,0,0,0,0
2,-90,9.146,124,516675,31,-45,-60,37583,46,-173,2757,0,0,107,1027,-7127,5014,0,0,0,0,0
2,-90,9.21,125,516731,31,-45,-60,37583,46,-173,2756,0,0,107,1027,-7127,5014,0,0,0,0,0
2,-90,9.257,126,516787,31,-45,-60,37583,46,-173,2756,0,0,107,1027,-7127,5014,0,0,0,0,0
2,-90,9.309,127,516839,31,-45,-60,37583,46,-173,2756,0,0,107,1027,-7127,5014,0,0,0,0,0
2,-90,9.368,0,516895,31,-45,-60,37583,46,-173,2756,0,0,107,1027,-7127,5014,0,0,0,0,0
2,-90,9.422,1,516951,31,-45,-60,37583,46,-173,2755,0,0,107,1027,-7127,5014,0,0,0,0,0
2,-90,9.473,2,517007,31,-45,-60,37583,46,-173,2755,0,0,107,1027,-7127,5014,0,0,0,0,0
2,-90,9.526,3,517063,31,-45,-60,37583,46,-173,2756,0,0,107,1027,-7127,5014,0,0,0,0,0
2,-90,9.581,4,517119,31,-45,-60,37583,46,-173,2756,0,0,107,1027,-7127,5014,0,0,0,0,0
2,-90,9.644,5,517175,31,-45,-60,37583,46,-173,2756,0,0,107,1027,-7127,5014,0,0,0,0,0
2,-90,9.696,6,517231,31,-45,-60,37583,46,-173,2756,0,0,107,1027,-7127,5014,0,0,0,0,0
2,-90,9.776,7,517287,31,-45,-60,37583,46,-173,2756,0,0,107,1027,-7127,5014,0,0,0,0,0
2,-90,9.806,8,517343,31,-45,-60,37583,46,-173,2756,0,0,107,1027,-7127,5014,0,0,0,0,0
2,-90,9.9,9,517399,31,-45,-60,37583,46,-173,2756,0,0,107,1027,-7127,5014,0,0,0,0,0
2,-90,9.922,10,517455,31,-45,-60,37583,46,-173,2756,0,0,107,1027,-7127,5014,0,0,0,0,0
2,-90,9.976,11,517511,31,-45,-60,37583,46,-173,2756,0,0,107,1027,-7127,5014,0,0,0,0,0
2,-90,10.03,12,517567,31,-45,-60,37583,46,-173,2756,0,0,107,1027,-7127,5014,0,0,0,0,0
2,-90,10.086,13,517623,31,-45,-60,37583,46,-173,2755,0,0,107,1027,-7127,5014,0,0,0,0,0
2,-90,10.15,14,517679,31,-45,-60,37583,46,-173,2755,0,0,107,1027,-7127,5014,0,0,0,0,0
2,-90,10.202,15,517735,31,-45,-60,37583,46,-173,2755,0,0,107,1027,-7127,5014,0,0,0,0,0
2,-90,10.254,16,517791,31,-45,-60,37583,46,-173,2755,0,0,107,1027,-7127,5014,0,0,0,0,0
2,-90,10.32,17,517847,31,-45,-60,37583,46,-173,2755,0,0,107,1027,-7127,5014,0,0,0,0,0
2,-90,10.362,18,517899,31,-45,-60,37583,46,-173,2755,0,0,107,1027,-7127,5014,0,0,0,0,0
2,-90,10.418,19,517955,31,-45,-60,37583,46,-173,2756,0,0,107,1027,-7127,5014,0,0,0,0,0
2,-90,10.476,20,518011,31,-45,-60,37583,46,-173,2756,0,0,107,1027,-7127,5014,0,0,0,0,0
2,-90,10.529,21,518067,31,-45,-60,37583,46,-173,2755,0,0,107,1027,-7127,5014,0,0,0,0,0
2,-90,10.598,22,518123,31,-45,-60,37583,46,-173,2755,0,0,107,1027,-7127,5014,0,0,0,0,0
2,-90,10.643,23,518179,31,-45,-60,37583,46,-173,2755,0,0,107,1027,-7127,5014,0,0,0,0,0
2,-90,10.698,24,518235,31,-45,-60,37583,46,-173,2755,0,0,107,1027,-7127,5014,0,0,0,0,0
2,-90,10.759,25,518291,31,-45,-60,37583,46,-173,2755,0,0,107,1027,-7127,5014,0,0,0,0,0
2,-90,10.818,26,518347,31,-45,-60,37583,46,-173,2755,0,0,107,1027,-7127,5014,0,0,0,0,0
2,-90,10.871,27,518403,31,-45,-60,37583,46,-173,2755,0,0,107,1027,-7127,5014,0,0,0,0,0
2,-90,10.924,28,518459,31,-45,-60,37583,46,-173,2755,0,0,107,1027,-7127,5014,0,0,0,0,0
2,-90,10.982,29,518515,31,-45,-60,37583,46,-173,2755,0,0,107,1027,-7127,5014,0,0,0,0,0
2,-90,11.033,30,518571,31,-45,-60,37583,46,-173,2755,0,0,107,1027,-7127,5014,0,0,0,0,0
2,-90,11.095,31,518627,31,-45,-60,37583,46,-173,2755,0,0,107,1027,-7127,5014,0,0,0,0,0
2,-90,11.153,32,518683,31,-45,-60,37583,46,-173,2755,0,0,107,1027,-7127,5014,0,0,0,0,0
2,-90,11.203,33,518739,31,-45,-60,37583,46,-173,2755,0,0,107,1027,-7127,5014,0,0,0,0,0
2,-90,11.261,34,518795,31,-45,-60,37583,46,-173,2755,0,0,107,1027,-7127,5014,0,0,0,0,0
2,-90,11.335,35,518851,31,-45,-60,37583,46,-173,2755,0,0,107,1027,-7127,5014,0,0,0,0,0
2,-90,11.382,36,518907,31,-45,-60,37583,46,-173,2755,0,0,107,1027,-7127,5014,0,0,0,0,0
2,-90,11.424,37,518959,31,-45,-60,37583,46,-173,2755,0,0,107,1027,-7127,5014,0,0,0,0,0
2,-90,11.479,38,519015,31,-45,-60,37583,46,-173,2755,0,0,107,1027,-7127,5014,0,0,0,0,0
2,-90,11.534,39,519071,31,-45,-60,37583,46,-173,2755,0,0,107,1027,-7127,5014,0,0,0,0,0
2,-90,11.59,40,519127,31,-45,-60,37583,46,-173,2755,0,0,107,1027,-7127,5014,0,0,0,0,0
2,-90,11.646,41,519183,31,-45,-60,37583,46,-173,2755,0,0,107,1027,-7127,5014,0,0,0,0,0
3,-90,-0.014,5,524315,31,-45,-60,37583,46,-173,2754,0,0,107,1027,-7127,5014,0,0,0,0,0
3,-90,0.024,6,524372,31,-45,-60,37583,46,-173,2754,0,0,107,1027,-7127,5014,0,0,0,0,0
3,-90,0.144,7,524423,31,-45,-60,37583,46,-173,2754,0,0,107,1029,-7127,5014,300,-300,0,0,0
3,-90,0.146,8,524495,31,-45,-60,37574,46,-173,2754,0,-9,109,1032,-7127,5011,1000,-1100,0,0,0
3,-90,0.223,9,524567,31,-45,-60,37487,46,-173,2736,26,-26,110,1035,-7113,4997,1500,-1500,0,0,0
3,-90,0.292,10,524639,31,-45,-60,37239,46,-173,2736,55,-50,110,1038,-7069,4961,1900,-1900,0,0,0
3,-90,0.361,11,524711,31,-44,-60,36828,45,-170,2289,82,-64,110,1041,-6997,4900,1900,-1900,0,0,0
3,-90,0.434,12,524783,31,-44,-60,36311,44,-165,1513,88,-73,110,1044,-6908,4822,1900,-1900,0,0,0
3,-90,0.505,13,524855,31,-44,-60,35797,44,-165,1513,79,-73,110,1047,-6825,4739,1900,-1800,0,0,0
3,-90,0.577,14,524927,31,-44,-60,35264,43,-159,644,79,-82,110,1050,-6736,4656,1800,-1900,0,0,0
3,-90,0.65,15,524999,31,-44,-60,34738,43,-159,644,73,-73,110,1053,-6647,4575,1800,-1800,0,0,0
3,-90,0.731,16,525071,31,-43,-60,34224,44,-153,-176,79,-55,110,1056,-6561,4495,1700,-1700,0,0,0
3,-90,0.795,17,525143,31,-43,-60,33717,45,-147,-960,79,-64,110,1059,-6475,4417,1700,-1800,0,0,0
3,-90,0.874,18,525215,31,-43,-60,33234,45,-147,-960,73,-82,110,1062,-6397,4339,1700,-1800,0,0,0
3,-90,0.939,19,525287,31,-43,-61,32760,47,-142,-1721,73,-73,110,1065,-6319,4264,1700,-1700,0,0,0
3,-90,1.018,20,525359,31,-43,-60,32305,50,-138,-2441,73,-82,110,1068,-6247,4189,1800,-1800,0,0,0
3,-90,1.119,21,525431,31,-43,-61,31797,50,-138,-2441,79,-82,110,1071,-6161,4111,1700,-1700,0,0,0
3,-90,1.174,22,525504,31,-43,-61,31342,53,-134,-3198,73,-82,110,1074,-6086,4039,1700,-1700,0,0,0
3,-90,1.206,23,525555,31,-43,-61,31014,53,-134,-3198,82,-73,110,1075,-6030,3989,1700,-1800,0,0,0
3,-90,1.281,24,525627,31,-43,-61,30525,57,-130,-3989,73,-73,110,1078,-5950,3911,1500,-1600,0,0,0
3,-90,1.361,25,525699,31,-42,-61,30089,62,-127,-4712,64,-56,110,1081,-5875,3845,1600,-1600,0,0,0
3,-90,1.428,26,525771,31,-42,-61,29631,62,-127,-4712,73,-73,110,1084,-5800,3772,1300,-1400,0,0,0
3,-90,1.52,27,525852,31,-42,-61,29340,66,-124,-5420,0,0,110,1089,-5750,3728,0,0,0,0,0
3,-90,1.564,28,525907,31,-42,-61,29340,68,-123,-5633,0,0,110,1089,-5750,3728,0,0,0,0,0
3,-90,1.613,29,525963,31,-42,-61,29340,68,-123,-5633,0,0,110,1089,-5750,3728,0,0,0,0,0
3,-90,1.669,30,526019,31,-42,-61,29340,68,-123,-5628,0,0,110,1089,-5750,3728,0,0,0,0,0
3,-90,1.727,31,526075,31,-42,-61,29340,68,-123,-5628,0,0,110,1089,-5750,3728,0,0,0,0,0
3,-90,1.779,32,526131,31,-42,-61,29340,68,-123,-5629,0,0,110,1089,-5750,3728,0,0,0,0,0
3,-90,1.841,33,526187,31,-42,-61,29340,68,-123,-5629,0,0,110,1089,-5750,3728,0,0,0,0,0
3,-90,1.897,34,526243,31,-42,-61,29340,68,-123,-5629,0,0,110,1089,-5750,3728,0,0,0,0,0
3,-90,1.952,35,526299,31,-42,-61,29340,68,-123,-5629,0,0,110,1089,-5750,3728,0,0,0,0,0
3,-90,2.006,36,526355,31,-42,-61,29340,68,-123,-5629,0,0,110,1089,-5750,3728,0,0,0,0,0
3,-90,2.073,37,526411,31,-42,-61,29340,68,-123,-5629,0,0,110,1089,-5750,3728,0,0,0,0,0
3,-90,2.12,38,526467,31,-42,-61,29340,68,-123,-5629,0,0,110,1089,-5750,3728,0,0,0,0,0
3,-90,2.181,39,526523,31,-42,-61,29340,68,-123,-5629,0,0,110,1089,-5750,3728,0,0,0,0,0
3,-90,2.244,40,526579,31,-42,-61,29340,68,-123,-5629,0,0,110,1089,-5750,3728,0,0,0,0,0
3,-90,2.295,41,526635,31,-42,-61,29340,68,-123,-5629,0,0,110,1089,-5750,3728,0,0,0,0,0
3,-90,2.34,42,526687,31,-42,-61,29340,68,-123,-5630,0,0,110,1089,-5750,3728,0,0,0,0,0
3,-90,2.393,43,526743,31,-42,-61,29340,68,-123,-5630,0,0,110,1089,-5750,3728,0,0,0,0,0
3,-90,2.449,44,526799,31,-42,-61,29340,68,-123,-5630,0,0,110,1089,-5750,3728,0,0,0,0,0
3,-90,2.508,45,526855,31,-42,-61,29340,68,-123,-5630,0,0,110,1089,-5750,3728,0,0,0,0,0
3,-90,2.559,46,526911,31,-42,-61,29340,68,-123,-5629,0,0,110,1089,-5750,3728,0,0,0,0,0
3,-90,2.625,47,526967,31,-42,-61,29340,68,-123,-5629,0,0,110,1089,-5750,3728,0,0,0,0,0
3,-90,2.681,48,527023,31,-42,-61,29340,68,-123,-5630,0,0,110,1089,-5750,3728,0,0,0,0,0
3,-90,2.746,49,527079,31,-42,-61,29340,68,-123,-5630,0,0,110,1089,-5750,3728,0,0,0,0,0
3,-90,2.792,50,527135,31,-42,-61,29340,68,-123,-5630,0,0,110,1089,-5750,3728,0,0,0,0,0
3,-90,2.9,51,527191,31,-42,-61,29340,68,-123,-5630,0,0,110,1089,-5750,3728,0,0,0,0,0
3,-90,2.9,52,527247,31,-42,-61,29340,68,-123,-5630,0,0,110,1089,-5750,3728,0,0,0,0,0
3,-90,2.957,53,527303,31,-42,-61,29340,68,-123,-5630,0,0,110,1089,-5750,3728,0,0,0,0,0
3,-90,3.017,54,527359,31,-42,-61,29340,68,-123,-5630,0,0,110,1089,-5750,3728,0,0,0,0,0
3,-90,3.065,55,527415,31,-42,-61,29340,68,-123,-5630,0,0,110,1089,-5750,3728,0,0,0,0,0
3,-90,3.123,56,527471,31,-42,-61,29340,68,-123,-5630,0,0,110,1089,-5750,3728,0,0,0,0,0
3,-90,3.19,57,527527,31,-42,-61,29340,68,-123,-5630,0,0,110,1089,-5750,3728,0,0,0,0,0
3,-90,3.231,58,527583,31,-42,-61,29340,68,-123,-5630,0,0,110,1089,-5750,3728,0,0,0,0,0
3,-90,3.291,59,527639,31,-42,-61,29340,68,-123,-5630,0,0,110,1089,-5750,3728,0,0,0,0,0
3,-90,3.352,60,527695,31,-42,-61,29340,68,-123,-5630,0,0,110,1089,-5750,3728,0,0,0,0,0
3,-90,3.395,61,527747,31,-42,-61,29340,68,-123,-5630,0,0,110,1089,-5750,3728,0,0,0,0,0
3,-90,3.473,62,527803,31,-42,-61,29340,68,-123,-5630,0,0,110,1089,-5750,3728,0,0,0,0,0
3,-90,3.518,63,527859,31,-42,-61,29340,68,-123,-5630,0,0,110,1089,-5750,3728,0,0,0,0,0
3,-90,3.565,64,527915,31,-42,-61,29340,68,-123,-5630,0,0,110,1089,-5750,3728,0,0,0,0,0
3,-90,3.62,65,527971,31,-42,-61,29340,68,-123,-5630,0,0,110,1089,-5750,3728,0,0,0,0,0
3,-90,3.679,66,528027,31,-42,-61,29340,68,-123,-5630,0,0,110,1089,-5750,3728,0,0,0,0,0
3,-90,3.734,67,528083,31,-42,-61,29340,68,-123,-5630,0,0,110,1089,-5750,3728,0,0,0,0,0
3,-90,3.81,68,528139,31,-42,-61,29340,68,-123,-5630,0,0,110,1089,-5750,3728,0,0,0,0,0
3,-90,3.847,69,528195,31,-42,-61,29340,68,-123,-5629,0,0,110,1089,-5750,3728,0,0,0,0,0
3,-90,3.901,70,528251,31,-42,-61,29340,68,-123,-5629,0,0,110,1089,-5750,3728,0,0,0,0,0
3,-90,3.964,71,528307,31,-42,-61,29340,68,-123,-5629,0,0,110,1089,-5750,3728,0,0,0,0,0
3,-90,4.014,72,528363,31,-42,-61,29340,68,-123,-5629,0,0,110,1089,-5750,3728,0,0,0,0,0
3,-90,4.113,73,528419,31,-42,-61,29340,68,-123,-5629,0,0,110,1089,-5750,3728,0,0,0,0,0
3,-90,4.122,74,528475,31,-42,-61,29340,68,-123,-5629,0,0,110,1089,-5750,3728,0,0,0,0,0
3,-90,4.179,75,528531,31,-42,-61,29340,68,-123,-5629,0,0,110,1089,-5750,3728,0,0,0,0,0
3,-90,4.238,76,528587,31,-42,-61,29340,68,-123,-5629,0,0,110,1089,-5750,3728,0,0,0,0,0
3,-90,4.293,77,528643,31,-42,-61,29340,68,-123,-5629,0,0,110,1089,-5750,3728,0,0,0,0,0
3,-90,4.349,78,528699,31,-42,-61,29340,68,-123,-5629,0,0,110,1089,-5750,3728,0,0,0,0,0
3,-90,4.411,79,528755,31,-42,-61,29340,68,-123,-5629,0,0,110,1089,-5750,3728,0,0,0,0,0
3,-90,4.455,80,528807,31,-42,-61,29340,68,-123,-5629,0,0,110,1089,-5750,3728,0,0,0,0,0
3,-90,4.514,81,528863,31,-42,-61,29340,68,-123,-5630,0,0,110,1089,-5750,3728,0,0,0,0,0
3,-90,4.569,82,528919,31,-42,-61,29340,68,-123,-5630,0,0,110,1089,-5750,3728,0,0,0,0,0
3,-90,4.625,83,528975,31,-42,-61,29340,68,-123,-5630,0,0,110,1089,-5750,3728,0,0,0,0,0
3,-90,4.712,84,529031,31,-42,-61,29340,68,-123,-5630,0,0,110,1089,-5750,3728,0,0,0,0,0
3,-90,4.74,85,529087,31,-42,-61,29340,68,-123,-5630,0,0,110,1089,-5750,3728,0,0,0,0,0
3,-90,4.812,86,529143,31,-42,-61,29340,68,-123,-5630,0,0,110,1089,-5750,3728,0,0,0,0,0
3,-90,4.854,87,529199,31,-42,-61,29340,68,-123,-5630,0,0,110,1089,-5750,3728,0,0,0,0,0
3,-90,4.904,88,529255,31,-42,-61,29340,68,-123,-5630,0,0,110,1089,-5750,3728,0,0,0,0,0
3,-90,4.975,89,529311,31,-42,-61,29340,68,-123,-5630,0,0,110,1089,-5750,3728,0,0,0,0,0
3,-90,5.041,90,529367,31,-42,-61,29340,68,-123,-5630,0,0,110,1089,-5750,3728,0,0,0,0,0
3,-90,5.093,91,529423,31,-42,-61,29340,68,-123,-5630,0,0,110,1089,-5750,3728,0,0,0,0,0
3,-90,5.129,92,529479,31,-42,-61,29340,68,-123,-5630,0,0,110,1089,-5750,3728,0,0,0,0,0
3,-90,5.188,93,529535,31,-42,-61,29340,68,-123,-5630,0,0,110,1089,-5750,3728,0,0,0,0,0
3,-90,5.24,94,529591,31,-42,-61,29340,68,-123,-5630,0,0,110,1089,-5750,3728,0,0,0,0,0
3,-90,5.304,95,529647,31,-42,-61,29340,68,-123,-5630,0,0,110,1089,-5750,3728,0,0,0,0,0
3,-90,5.353,96,529703,31,-42,-61,29340,68,-123,-5630,0,0,110,1089,-5750,3728,0,0,0,0,0
3,-90,5.407,97,529759,31,-42,-61,29340,68,-123,-5630,0,0,110,1089,-5750,3728,0,0,0,0,0
3,-90,5.473,98,529815,31,-42,-61,29340,68,-123,-5630,0,0,110,1089,-5750,3728,0,0,0,0,0
3,-90,5.518,99,529867,31,-42,-61,29340,68,-123,-5630,0,0,110,1089,-5750,3728,0,0,0,0,0
3,-90,5.573,100,529923,31,-42,-61,29340,68,-123,-5630,0,0,110,1089,-5750,3728,0,0,0,0,0
3,-90,5.661,101,529979,31,-42,-61,29340,68,-123,-5630,0,0,110,1089,-5750,3728,0,0,0,0,0
3,-90,5.684,102,530035,31,-42,-61,29340,68,-123,-5630,0,0,110,1089,-5750,3728,0,0,0,0,0
3,-90,5.742,103,530091,31,-42,-61,29340,68,-123,-5630,0,0,110,1089,-5750,3728,0,0,0,0,0
3,-90,5.801,104,530147,31,-42,-61,29340,68,-123,-5630,0,0,110,1089,-5750,3728,0,0,0,0,0
3,-90,5.854,105,530203,31,-42,-61,29340,68,-123,-5630,0,0,110,1089,-5750,3728,0,0,0,0,0
3,-90,5.935,106,530259,31,-42,-61,29340,68,-123,-5630,0,0,110,1089,-5750,3728,0,0,0,0,0
3,-90,5.966,107,530315,31,-42,-61,29340,68,-123,-5630,0,0,110,1089,-5750,3728,0,0,0,0,0
3,-90,6.022,108,530371,31,-42,-61,29340,68,-123,-5630,0,0,110,1089,-5750,3728,0,0,0,0,0
3,-90,6.104,109,530427,31,-42,-61,29340,68,-123,-5630,0,0,110,1089,-5750,3728,0,0,0,0,0
3,-90,6.142,110,530483,31,-42,-61,29340,68,-123,-5630,0,0,110,1089,-5750,3728,0,0,0,0,0
3,-90,6.192,111,530539,31,-42,-61,29340,68,-123,-5630,0,0,110,1089,-5750,3728,0,0,0,0,0
3,-90,6.245,112,530595,31,-42,-61,29340,68,-123,-5630,0,0,110,1089,-5750,3728,0,0,0,0,0
3,-90,6.314,113,530651,31,-42,-61,29340,68,-123,-5630,0,0,110,1089,-5750,3728,0,0,0,0,0
3,-90,6.358,114,530707,31,-42,-61,29340,68,-123,-5630,0,0,110,1089,-5750,3728,0,0,0,0,0
3,-90,6.413,115,530763,31,-42,-61,29340,68,-123,-5630,0,0,110,1089,-5750,3728,0,0,0,0,0
3,-90,6.468,116,530819,31,-42,-61,29340,68,-123,-5630,0,0,110,1089,-5750,3728,0,0,0,0,0
3,-90,6.545,117,530875,31,-42,-61,29340,68,-123,-5630,0,0,110,1089,-5750,3728,0,0,0,0,0
3,-90,6.578,118,530927,31,-42,-61,29340,68,-123,-5630,0,0,110,1089,-5750,3728,0,0,0,0,0
3,-90,6.637,119,530983,31,-42,-61,29340,68,-123,-5630,0,0,110,1089,-5750,3728,0,0,0,0,0
3,-90,6.688,120,531039,31,-42,-61,29340,68,-123,-5630,0,0,110,1089,-5750,3728,0,0,0,0,0
3,-90,6.745,121,531095,31,-42,-61,29340,68,-123,-5630,0,0,110,1089,-5750,3728,0,0,0,0,0
3,-90,6.801,122,531151,31,-42,-61,29340,68,-123,-5630,0,0,110,1089,-5750,3728,0,0,0,0,0
3,-90,6.858,123,531207,31,-42,-61,29340,68,-123,-5630,0,0,110,1089,-5750,3728,0,0,0,0,0
3,-90,6.917,124,531263,31,-42,-61,29340,68,-123,-5630,0,0,110,1089,-5750,3728,0,0,0,0,0
3,-90,6.967,125,531319,31,-42,-61,29340,68,-123,-5630,0,0,110,1089,-5750,3728,0,0,0,0,0
3,-90,7.025,126,531375,31,-42,-61,29340,68,-123,-5630,0,0,110,1089,-5750,3728,0,0,0,0,0
3,-90,7.08,127,531431,31,-42,-61,29340,68,-123,-5630,0,0,110,1089,-5750,3728,0,0,0,0,0
3,-90,7.14,0,531487,31,-42,-61,29340,68,-123,-5630,0,0,110,1089,-5750,3728,0,0,0,0,0
3,-90,7.19,1,531543,31,-42,-61,29340,68,-123,-5631,0,0,110,1089,-5750,3728,0,0,0,0,0
3,-90,7.248,2,531599,31,-42,-61,29340,68,-123,-5631,0,0,110,1089,-5750,3728,0,0,0,0,0
3,-90,7.307,3,531655,31,-42,-61,29340,68,-123,-5631,0,0,110,1089,-5750,3728,0,0,0,0,0
3,-90,7.364,4,531711,31,-42,-61,29340,68,-123,-5631,0,0,110,1089,-5750,3728,0,0,0,0,0
3,-90,7.421,5,531767,31,-42,-61,29340,68,-123,-5631,0,0,110,1089,-5750,3728,0,0,0,0,0
3,-90,7.473,6,531823,31,-42,-61,29340,68,-123,-5631,0,0,110,1089,-5750,3728,0,0,0,0,0
3,-90,7.527,7,531879,31,-42,-61,29340,68,-123,-5631,0,0,110,1089,-5750,3728,0,0,0,0,0
3,-90,7.591,8,531935,31,-42,-61,29340,68,-123,-5631,0,0,110,1089,-5750,3728,0,0,0,0,0
3,-90,7.636,9,531987,31,-42,-61,29340,68,-123,-5631,0,0,110,1089,-5750,3728,0,0,0,0,0
3,-90,7.697,10,532043,31,-42,-61,29340,68,-123,-5631,0,0,110,1089,-5750,3728,0,0,0,0,0
3,-90,7.77,11,532099,31,-42,-61,29340,68,-123,-5631,0,0,110,1089,-5750,3728,0,0,0,0,0
3,-90,7.804,12,532155,31,-42,-61,29340,68,-123,-5631,0,0,110,1089,-5750,3728,0,0,0,0,0
3,-90,7.861,13,532211,31,-42,-61,29340,68,-123,-5631,0,0,110,1089,-5750,3728,0,0,0,0,0
3,-90,7.916,14,532267,31,-42,-61,29340,68,-123,-5631,0,0,110,1089,-5750,3728,0,0,0,0,0
3,-90,7.973,15,532323,31,-42,-61,29340,68,-123,-5631,0,0,110,1089,-5750,3728,0,0,0,0,0
3,-90,8.053,16,532379,31,-42,-61,29340,68,-123,-5631,0,0,110,1089,-5750,3728,0,0,0,0,0
3,-90,8.089,17,532435,31,-42,-61,29340,68,-123,-5631,0,0,110,1089,-5750,3728,0,0,0,0,0
3,-90,8.142,18,532491,31,-42,-61,29340,68,-123,-5631,0,0,110,1089,-5750,3728,0,0,0,0,0
3,-90,8.273,19,532547,31,-42,-61,29340,68,-123,-5631,0,0,110,1089,-5750,3728,0,0,0,0,0
3,-90,8.28,20,532603,31,-42,-61,29340,68,-123,-5631,0,0,110,1089,-5750,3728,0,0,0,0,0
3,-90,8.32,21,532659,31,-42,-61,29340,68,-123,-5631,0,0,110,1089,-5750,3728,0,0,0,0,0
3,-90,8.383,22,532715,31,-42,-61,29340,68,-123,-5631,0,0,110,1089,-5750,3728,0,0,0,0,0
3,-90,8.422,23,532771,31,-42,-61,29340,68,-123,-5631,0,0,110,1089,-5750,3728,0,0,0,0,0
3,-90,8.481,24,532827,31,-42,-61,29340,68,-123,-5631,0,0,110,1089,-5750,3728,0,0,0,0,0
3,-90,8.536,25,532883,31,-42,-61,29340,68,-123,-5631,0,0,110,1089,-5750,3728,0,0,0,0,0
3,-90,8.59,26,532939,31,-42,-61,29340,68,-123,-5631,0,0,110,1089,-5750,3728,0,0,0,0,0
3,-90,8.655,27,532995,31,-42,-61,29340,68,-123,-5631,0,0,110,1089,-5750,3728,0,0,0,0,0
3,-90,8.697,28,533047,31,-42,-61,29340,68,-123,-5631,0,0,110,1089,-5750,3728,0,0,0,0,0
3,-90,8.751,29,533103,31,-42,-61,29340,68,-123,-5631,0,0,110,1089,-5750,3728,0,0,0,0,0
3,-90,8.812,30,533159,31,-42,-61,29340,68,-123,-5631,0,0,110,1089,-5750,3728,0,0,0,0,0
3,-90,8.947,31,533215,31,-42,-61,29340,68,-123,-5631,0,0,110,1089,-5750,3728,0,0,0,0,0
3,-90,8.947,32,533271,31,-42,-61,29340,68,-123,-5631,0,0,110,1089,-5750,3728,0,0,0,0,0
3,-90,8.989,33,533327,31,-42,-61,29340,68,-123,-5631,0,0,110,1089,-5750,3728,0,0,0,0,0
3,-90,9.046,34,533383,31,-42,-61,29340,68,-123,-5631,0,0,110,1089,-5750,3728,0,0,0,0,0
3,-90,9.092,35,533439,31,-42,-61,29340,68,-123,-5631,0,0,110,1089,-5750,3728,0,0,0,0,0
3,-90,9.144,36,533495,31,-42,-61,29340,68,-123,-5631,0,0,110,1089,-5750,3728,0,0,0,0,0
3,-90,9.211,37,533551,31,-42,-61,29340,68,-123,-5631,0,0,110,1089,-5750,3728,0,0,0,0,0
3,-90,9.256,38,533607,31,-42,-61,29340,68,-123,-5631,0,0,110,1089,-5750,3728,0,0,0,0,0
3,-90,9.315,39,533663,31,-42,-61,29340,68,-123,-5631,0,0,110,1089,-5750,3728,0,0,0,0,0
3,-90,9.367,40,533719,31,-42,-61,29340,68,-123,-5631,0,0,110,1089,-5750,3728,0,0,0,0,0
3,-90,9.425,41,533775,31,-42,-61,29340,68,-123,-5631,0,0,110,1089,-5750,3728,0,0,0,0,0
3,-90,9.48,42,533831,31,-42,-61,29340,68,-123,-5631,0,0,110,1089,-5750,3728,0,0,0,0,0
3,-90,9.56,43,533887,31,-42,-61,29340,68,-123,-5631,0,0,110,1089,-5750,3728,0,0,0,0,0
3,-90,9.649,44,533943,31,-42,-61,29340,68,-123,-5631,0,0,110,1089,-5750,3728,0,0,0,0,0
3,-90,9.649,45,533999,31,-42,-61,29340,68,-123,-5631,0,0,110,1089,-5750,3728,0,0,0,0,0
3,-90,9.714,46,534055,31,-42,-61,29340,68,-123,-5631,0,0,110,1089,-5750,3728,0,0,0,0,0
3,-90,9.754,47,534107,31,-42,-61,29340,68,-123,-5631,0,0,110,1089,-5750,3728,0,0,0,0,0
3,-90,9.811,48,534163,31,-42,-61,29340,68,-123,-5631,0,0,110,1089,-5750,3728,0,0,0,0,0
3,-90,9.866,49,534219,31,-42,-61,29340,68,-123,-5631,0,0,110,1089,-5750,3728,0,0,0,0,0
3,-90,9.953,50,534275,31,-42,-61,29340,68,-123,-5631,0,0,110,1089,-5750,3728,0,0,0,0,0
3,-90,9.99,51,534331,31,-42,-61,29340,68,-123,-5632,0,0,110,1089,-5750,3728,0,0,0,0,0
3,-90,10.035,52,534387,31,-42,-61,29340,68,-123,-5632,0,0,110,1089,-5750,3728,0,0,0,0,0
3,-90,10.146,53,534443,31,-42,-61,29340,68,-123,-5632,0,0,110,1089,-5750,3728,0,0,0,0,0
3,-90,10.153,54,534499,31,-42,-61,29340,68,-123,-5632,0,0,110,1089,-5750,3728,0,0,0,0,0
3,-90,10.223,55,534555,31,-42,-61,29340,68,-123,-5632,0,0,110,1089,-5750,3728,0,0,0,0,0
3,-90,10.262,56,534611,31,-42,-61,29340,68,-123,-5632,0,0,110,1089,-5750,3728,0,0,0,0,0
3,-90,10.317,57,534667,31,-42,-61,29340,68,-123,-5632,0,0,110,1089,-5750,3728,0,0,0,0,0
3,-90,10.434,58,534723,31,-42,-61,29340,68,-123,-5632,0,0,110,1089,-5750,3728,0,0,0,0,0
3,-90,10.466,59,534779,31,-42,-61,29340,68,-123,-5632,0,0,110,1089,-5750,3728,0,0,0,0,0
3,-90,10.591,60,534835,31,-42,-61,29340,68,-123,-5632,0,0,110,1089,-5750,3728,0,0,0,0,0
3,-90,10.591,61,534891,31,-42,-61,29340,68,-123,-5632,0,0,110,1089,-5750,3728,0,0,0,0,0
3,-90,10.599,62,534947,31,-42,-61,29340,68,-123,-5632,0,0,110,1089,-5750,3728,0,0,0,0,0
3,-90,10.655,63,535003,31,-42,-61,29340,68,-123,-5632,0,0,110,1089,-5750,3728,0,0,0,0,0
3,-90,10.754,64,535059,31,-42,-61,29340,68,-123,-5632,0,0,110,1089,-5750,3728,0,0,0,0,0
3,-90,10.772,65,535115,31,-42,-61,29340,68,-123,-5632,0,0,110,1089,-5750,3728,0,0,0,0,0
3,-90,10.853,66,535167,31,-42,-61,29340,68,-123,-5632,0,0,110,1089,-5750,3728,0,0,0,0,0
3,-90,10.877,67,535223,31,-42,-61,29340,68,-123,-5632,0,0,110,1089,-5750,3728,0,0,0,0,0
3,-90,10.929,68,535279,31,-42,-61,29340,68,-123,-5633,0,0,110,1089,-5750,3728,0,0,0,0,0
3,-90,10.984,69,535335,31,-42,-61,29340,68,-123,-5633,0,0,110,1089,-5750,3728,0,0,0,0,0
3,-90,11.044,70,535391,31,-42,-61,29340,68,-123,-5633,0,0,110,1089,-5750,3728,0,0,0,0,0
3,-90,11.099,71,535447,31,-42,-61,29340,68,-123,-5633,0,0,110,1089,-5750,3728,0,0,0,0,0
3,-90,11.151,72,535503,31,-42,-61,29340,68,-123,-5632,0,0,110,1089,-5750,3728,0,0,0,0,0
3,-90,11.21,73,535559,31,-42,-61,29340,68,-123,-5632,0,0,110,1089,-5750,3728,0,0,0,0,0
4,90,-0.0,48,541307,31,-42,-61,29340,68,-123,-5634,0,0,110,1089,-5750,3728,0,0,0,0,0
4,90,0.125,49,541375,31,-42,-61,29340,68,-123,-5634,0,0,110,1091,-5750,3728,-300,300,0,0,0
4,90,0.155,50,541447,31,-42,-61,29355,68,-123,-5634,-7,4,111,1094,-5752,3731,-900,1000,0,0,0
4,90,0.236,51,541519,31,-42,-62,29544,68,-123,-5634,-23,41,111,1097,-5780,3764,-1500,1600,0,0,0
4,90,0.292,52,541591,31,-42,-62,29835,67,-123,-5550,-55,55,111,1100,-5827,3811,-1800,1800,0,0,0
4,90,0.357,53,541663,31,-42,-62,30293,62,-126,-4918,-82,82,111,1103,-5897,3889,-1900,1900,0,0,0
4,90,0.429,54,541735,31,-42,-62,30810,62,-126,-4918,-82,91,111,1106,-5975,3978,-1800,1800,0,0,0
4,90,0.503,55,541807,31,-42,-62,31367,57,-129,-4076,-88,91,111,1109,-6066,4067,-1800,1800,0,0,0
4,90,0.573,56,541879,31,-42,-62,31884,53,-134,-3211,-82,91,111,1112,-6147,4153,-1800,1800,0,0,0
4,90,0.648,57,541951,31,-42,-62,32392,53,-134,-3211,-73,82,111,1115,-6225,4239,-1700,1700,0,0,0
4,90,0.716,58,542023,31,-42,-62,32915,49,-138,-2411,-88,73,111,1118,-6313,4320,-1700,1600,0,0,0
4,90,0.788,59,542095,31,-42,-62,33423,46,-143,-1607,-82,82,111,1121,-6397,4400,-1700,1600,0,0,0
4,90,0.861,60,542167,31,-42,-62,33930,46,-143,-1607,-73,73,111,1124,-6477,4484,-1600,1600,0,0,0
4,90,0.953,61,542239,31,-42,-62,34401,44,-149,-822,-64,73,111,1127,-6552,4561,-1600,1500,0,0,0
4,90,1.007,62,542311,31,-42,-62,34874,44,-149,-822,-64,64,111,1130,-6630,4636,-1600,1500,0,0,0
4,90,1.097,63,542384,31,-42,-62,35339,43,-155,-104,-56,88,111,1133,-6702,4714,-1600,1500,0,0,0
4,90,1.149,64,542455,31,-42,-62,35788,43,-161,591,-67,73,111,1136,-6775,4786,-1500,1500,0,0,0
4,90,1.221,65,542527,31,-42,-62,36258,43,-161,591,-73,79,111,1139,-6852,4861,-1600,1500,0,0,0
4,90,1.304,66,542599,31,-42,-62,36710,44,-167,1335,-67,67,111,1142,-6925,4934,-1500,1500,0,0,0
4,90,1.363,67,542671,31,-42,-62,37181,45,-172,2068,-67,79,111,1145,-7000,5011,-1400,1300,0,0,0
4,90,1.45,68,542743,31,-42,-62,37549,45,-172,2068,-47,50,111,1148,-7063,5067,-1000,900,0,0,0
4,90,1.509,69,542815,31,-42,-62,37794,47,-176,2637,-26,41,111,1151,-7100,5109,-800,800,0,0,0
4,90,1.629,70,542887,31,-42,-62,37939,48,-177,2899,-26,18,111,1154,-7122,5134,-700,700,0,0,0
4,90,1.654,71,542959,31,-41,-62,38066,48,-177,2899,-18,18,112,1157,-7141,5156,-700,600,0,0,0
4,90,1.722,72,543031,31,-41,-62,38134,49,-179,3071,-6,9,112,1160,-7152,5167,-800,700,0,0,0
4,90,1.791,73,543097,31,-41,-62,38202,50,-180,3174,0,0,112,1164,-7163,5178,0,0,0,0,0
4,90,1.843,74,543151,31,-41,-62,38202,50,-180,3174,0,0,112,1166,-7163,5178,0,0,0,0,0
4,90,1.916,75,543223,31,-41,-62,38202,50,-179,3181,0,0,112,1169,-7163,5178,0,0,0,0,0
4,90,1.987,76,543295,31,-41,-62,38202,50,-179,3181,0,0,112,1172,-7163,5178,0,0,0,0,0
4,90,2.043,77,543351,31,-41,-62,38202,50,-179,3181,0,0,112,1173,-7163,5178,0,0,0,0,0
4,90,2.104,78,543407,31,-41,-62,38202,50,-179,3181,0,0,112,1173,-7163,5178,0,0,0,0,0
4,90,2.19,79,543463,31,-41,-62,38202,50,-179,3181,0,0,112,1173,-7163,5178,0,0,0,0,0
4,90,2.211,80,543519,31,-41,-62,38202,50,-179,3181,0,0,112,1173,-7163,5178,0,0,0,0,0
4,90,2.267,81,543575,31,-41,-62,38202,50,-179,3181,0,0,112,1173,-7163,5178,0,0,0,0,0
4,90,2.325,82,543631,31,-41,-62,38202,50,-179,3181,0,0,112,1173,-7163,5178,0,0,0,0,0
4,90,2.384,83,543687,31,-41,-62,38202,50,-179,3181,0,0,112,1173,-7163,5178,0,0,0,0,0
4,90,2.436,84,543743,31,-41,-62,38202,50,-179,3181,0,0,112,1173,-7163,5178,0,0,0,0,0
4,90,2.501,85,543799,31,-41,-62,38202,50,-179,3181,0,0,112,1173,-7163,5178,0,0,0,0,0
4,90,2.548,86,543855,31,-41,-62,38202,50,-179,3181,0,0,112,1173,-7163,5178,0,0,0,0,0
4,90,2.602,87,543911,31,-41,-62,38202,50,-179,3181,0,0,112,1173,-7163,5178,0,0,0,0,0
4,90,2.661,88,543967,31,-41,-62,38202,50,-179,3181,0,0,112,1173,-7163,5178,0,0,0,0,0
4,90,2.724,89,544023,31,-41,-62,38202,50,-179,3181,0,0,112,1173,-7163,5178,0,0,0,0,0
4,90,2.767,90,544075,31,-41,-62,38202,50,-179,3181,0,0,112,1173,-7163,5178,0,0,0,0,0
4,90,2.825,91,544131,31,-41,-62,38202,50,-179,3180,0,0,112,1173,-7163,5178,0,0,0,0,0
4,90,2.879,92,544187,31,-41,-62,38202,50,-179,3180,0,0,112,1173,-7163,5178,0,0,0,0,0
4,90,2.936,93,544243,31,-41,-62,38202,50,-179,3180,0,0,112,1173,-7163,5178,0,0,0,0,0
4,90,2.993,94,544299,31,-41,-62,38202,50,-179,3180,0,0,112,1173,-7163,5178,0,0,0,0,0
4,90,3.061,95,544355,31,-41,-62,38202,50,-179,3180,0,0,112,1173,-7163,5178,0,0,0,0,0
4,90,3.103,96,544411,31,-41,-62,38202,50,-179,3180,0,0,112,1173,-7163,5178,0,0,0,0,0
4,90,3.158,97,544467,31,-41,-62,38202,50,-179,3180,0,0,112,1173,-7163,5178,0,0,0,0,0
4,90,3.214,98,544523,31,-41,-62,38202,50,-179,3180,0,0,112,1173,-7163,5178,0,0,0,0,0
4,90,3.272,99,544579,31,-41,-62,38202,50,-179,3180,0,0,112,1173,-7163,5178,0,0,0,0,0
4,90,3.326,100,544635,31,-41,-62,38202,50,-179,3180,0,0,112,1173,-7163,5178,0,0,0,0,0
4,90,3.389,101,544691,31,-41,-62,38202,50,-179,3180,0,0,112,1173,-7163,5178,0,0,0,0,0
4,90,3.439,102,544747,31,-41,-62,38202,50,-179,3180,0,0,112,1173,-7163,5178,0,0,0,0,0
4,90,3.498,103,544803,31,-41,-62,38202,50,-179,3180,0,0,112,1173,-7163,5178,0,0,0,0,0
4,90,3.551,104,544859,31,-41,-62,38202,50,-179,3180,0,0,112,1173,-7163,5178,0,0,0,0,0
4,90,3.607,105,544915,31,-41,-62,38202,50,-179,3180,0,0,112,1173,-7163,5178,0,0,0,0,0
4,90,3.667,106,544971,31,-41,-62,38202,50,-179,3180,0,0,112,1173,-7163,5178,0,0,0,0,0
4,90,3.744,107,545027,31,-41,-62,38202,50,-179,3180,0,0,112,1173,-7163,5178,0,0,0,0,0
4,90,3.782,108,545083,31,-41,-62,38202,50,-179,3180,0,0,112,1173,-7163,5178,0,0,0,0,0
4,90,3.829,109,545135,31,-41,-62,38202,50,-179,3180,0,0,112,1173,-7163,5178,0,0,0,0,0
4,90,3.882,110,545191,31,-41,-62,38202,50,-179,3180,0,0,112,1173,-7163,5178,0,0,0,0,0
4,90,3.939,111,545247,31,-41,-62,38202,50,-179,3180,0,0,112,1173,-7163,5178,0,0,0,0,0
4,90,3.994,112,545303,31,-41,-62,38202,50,-179,3180,0,0,112,1173,-7163,5178,0,0,0,0,0
4,90,4.052,113,545359,31,-41,-62,38202,50,-179,3180,0,0,112,1173,-7163,5178,0,0,0,0,0
4,90,4.106,114,545415,31,-41,-62,38202,50,-179,3180,0,0,112,1173,-7163,5178,0,0,0,0,0
4,90,4.166,115,545471,31,-41,-62,38202,50,-179,3180,0,0,112,1173,-7163,5178,0,0,0,0,0
4,90,4.219,116,545527,31,-41,-62,38202,50,-179,3180,0,0,112,1173,-7163,5178,0,0,0,0,0
4,90,4.276,117,545583,31,-41,-62,38202,50,-179,3180,0,0,112,1173,-7163,5178,0,0,0,0,0
4,90,4.351,118,545639,31,-41,-62,38202,50,-179,3180,0,0,112,1173,-7163,5178,0,0,0,0,0
4,90,4.385,119,545695,31,-41,-62,38202,50,-179,3180,0,0,112,1173,-7163,5178,0,0,0,0,0
4,90,4.441,120,545751,31,-41,-62,38202,50,-179,3180,0,0,112,1173,-7163,5178,0,0,0,0,0
4,90,4.499,121,545807,31,-41,-62,38202,50,-179,3180,0,0,112,1173,-7163,5178,0,0,0,0,0
4,90,4.559,122,545863,31,-41,-62,38202,50,-179,3180,0,0,112,1173,-7163,5178,0,0,0,0,0
4,90,4.61,123,545919,31,-41,-62,38202,50,-179,3180,0,0,112,1173,-7163,5178,0,0,0,0,0
4,90,4.671,124,545975,31,-41,-62,38202,50,-179,3180,0,0,112,1173,-7163,5178,0,0,0,0,0
4,90,4.722,125,546031,31,-41,-62,38202,50,-179,3180,0,0,112,1173,-7163,5178,0,0,0,0,0
4,90,4.778,126,546087,31,-41,-62,38202,50,-179,3180,0,0,112,1173,-7163,5178,0,0,0,0,0
4,90,4.842,127,546143,31,-41,-62,38202,50,-179,3180,0,0,112,1173,-7163,5178,0,0,0,0,0
4,90,4.887,0,546195,31,-41,-62,38202,50,-179,3180,0,0,112,1173,-7163,5178,0,0,0,0,0
4,90,4.968,1,546251,31,-41,-62,38202,50,-179,3180,0,0,112,1173,-7163,5178,0,0,0,0,0
4,90,5.007,2,546307,31,-41,-62,38202,50,-179,3180,0,0,112,1173,-7163,5178,0,0,0,0,0
4,90,5.054,3,546363,31,-41,-62,38202,50,-179,3180,0,0,112,1173,-7163,5178,0,0,0,0,0
4,90,5.114,4,546419,31,-41,-62,38202,50,-179,3180,0,0,112,1173,-7163,5178,0,0,0,0,0
4,90,5.165,5,546475,31,-41,-62,38202,50,-179,3180,0,0,112,1173,-7163,5178,0,0,0,0,0
4,90,5.224,6,546531,31,-41,-62,38202,50,-179,3180,0,0,112,1173,-7163,5178,0,0,0,0,0
4,90,5.278,7,546587,31,-41,-62,38202,50,-180,3179,0,0,112,1173,-7163,5178,0,0,0,0,0
4,90,5.336,8,546643,31,-41,-62,38202,50,-180,3179,0,0,112,1173,-7163,5178,0,0,0,0,0
4,90,5.393,9,546699,31,-41,-62,38202,50,-180,3179,0,0,112,1173,-7163,5178,0,0,0,0,0
4,90,5.446,10,546755,31,-41,-62,38202,50,-180,3179,0,0,112,1173,-7163,5178,0,0,0,0,0
4,90,5.507,11,546811,31,-41,-62,38202,50,-180,3179,0,0,112,1173,-7163,5178,0,0,0,0,0
4,90,5.591,12,546867,31,-41,-62,38202,50,-180,3179,0,0,112,1173,-7163,5178,0,0,0,0,0
4,90,5.615,13,546923,31,-41,-62,38202,50,-179,3180,0,0,112,1173,-7163,5178,0,0,0,0,0
4,90,5.704,14,546979,31,-41,-62,38202,50,-179,3180,0,0,112,1173,-7163,5178,0,0,0,0,0
4,90,5.73,15,547035,31,-41,-62,38202,50,-180,3179,0,0,112,1173,-7163,5178,0,0,0,0,0
4,90,5.782,16,547091,31,-41,-62,38202,50,-180,3179,0,0,112,1173,-7163,5178,0,0,0,0,0
4,90,5.838,17,547147,31,-41,-62,38202,50,-180,3179,0,0,112,1173,-7163,5178,0,0,0,0,0
4,90,5.905,18,547203,31,-41,-62,38202,50,-180,3179,0,0,112,1173,-7163,5178,0,0,0,0,0
4,90,5.954,19,547255,31,-41,-62,38202,50,-180,3179,0,0,112,1173,-7163,5178,0,0,0,0,0
4,90,6.007,20,547311,31,-41,-62,38202,50,-180,3179,0,0,112,1173,-7163,5178,0,0,0,0,0
4,90,6.059,21,547367,31,-41,-62,38202,50,-180,3179,0,0,112,1173,-7163,5178,0,0,0,0,0
4,90,6.117,22,547423,31,-41,-62,38202,50,-180,3179,0,0,112,1173,-7163,5178,0,0,0,0,0
4,90,6.174,23,547479,31,-41,-62,38202,50,-180,3179,0,0,112,1173,-7163,5178,0,0,0,0,0
4,90,6.232,24,547535,31,-41,-62,38202,50,-180,3179,0,0,112,1173,-7163,5178,0,0,0,0,0
4,90,6.287,25,547591,31,-41,-62,38202,50,-180,3179,0,0,112,1173,-7163,5178,0,0,0,0,0
4,90,6.338,26,547647,31,-41,-62,38202,50,-180,3179,0,0,112,1173,-7163,5178,0,0,0,0,0
4,90,6.395,27,547703,31,-41,-62,38202,50,-180,3179,0,0,112,1173,-7163,5178,0,0,0,0,0
4,90,6.449,28,547759,31,-41,-62,38202,50,-180,3179,0,0,112,1173,-7163,5178,0,0,0,0,0
4,90,6.508,29,547815,31,-41,-62,38202,50,-180,3179,0,0,112,1173,-7163,5178,0,0,0,0,0
4,90,6.568,30,547871,31,-41,-62,38202,50,-180,3179,0,0,112,1173,-7163,5178,0,0,0,0,0
4,90,6.62,31,547927,31,-41,-62,38202,50,-180,3179,0,0,112,1173,-7163,5178,0,0,0,0,0
4,90,6.678,32,547983,31,-41,-62,38202,50,-180,3179,0,0,112,1173,-7163,5178,0,0,0,0,0
4,90,6.729,33,548039,31,-41,-62,38202,50,-180,3179,0,0,112,1173,-7163,5178,0,0,0,0,0
4,90,6.785,34,548095,31,-41,-62,38202,50,-180,3179,0,0,112,1173,-7163,5178,0,0,0,0,0
4,90,6.845,35,548151,31,-41,-62,38202,50,-180,3179,0,0,112,1173,-7163,5178,0,0,0,0,0
4,90,6.898,36,548207,31,-41,-62,38202,50,-180,3179,0,0,112,1173,-7163,5178,0,0,0,0,0
4,90,6.969,37,548263,31,-41,-62,38202,50,-180,3179,0,0,112,1173,-7163,5178,0,0,0,0,0
4,90,7.006,38,548315,31,-41,-62,38202,50,-180,3179,0,0,112,1173,-7163,5178,0,0,0,0,0
4,90,7.066,39,548371,31,-41,-62,38202,50,-180,3179,0,0,112,1173,-7163,5178,0,0,0,0,0
4,90,7.122,40,548427,31,-41,-62,38202,50,-180,3179,0,0,112,1173,-7163,5178,0,0,0,0,0
4,90,7.199,41,548483,31,-41,-62,38202,50,-180,3179,0,0,112,1173,-7163,5178,0,0,0,0,0
4,90,7.232,42,548539,31,-41,-62,38202,50,-180,3179,0,0,112,1173,-7163,5178,0,0,0,0,0
4,90,7.286,43,548595,31,-41,-62,38202,50,-180,3179,0,0,112,1173,-7163,5178,0,0,0,0,0
4,90,7.346,44,548651,31,-41,-62,38202,50,-180,3179,0,0,112,1173,-7163,5178,0,0,0,0,0
4,90,7.397,45,548707,31,-41,-62,38202,50,-180,3179,0,0,112,1173,-7163,5178,0,0,0,0,0
4,90,7.455,46,548763,31,-41,-62,38202,50,-180,3179,0,0,112,1173,-7163,5178,0,0,0,0,0
4,90,7.511,47,548819,31,-41,-62,38202,50,-180,3179,0,0,112,1173,-7163,5178,0,0,0,0,0
4,90,7.566,48,548875,31,-41,-62,38202,50,-180,3179,0,0,112,1173,-7163,5178,0,0,0,0,0
4,90,7.63,49,548931,31,-41,-62,38202,50,-180,3179,0,0,112,1173,-7163,5178,0,0,0,0,0
4,90,7.68,50,548987,31,-41,-62,38202,50,-180,3179,0,0,112,1173,-7163,5178,0,0,0,0,0
4,90,7.746,51,549043,31,-41,-62,38202,50,-180,3179,0,0,112,1173,-7163,5178,0,0,0,0,0
4,90,7.794,52,549099,31,-41,-62,38202,50,-180,3179,0,0,112,1173,-7163,5178,0,0,0,0,0
4,90,7.849,53,549155,31,-41,-62,38202,50,-180,3179,0,0,112,1173,-7163,5178,0,0,0,0,0
4,90,7.903,54,549211,31,-41,-62,38202,50,-180,3179,0,0,112,1173,-7163,5178,0,0,0,0,0
4,90,7.959,55,549267,31,-41,-62,38202,50,-180,3179,0,0,112,1173,-7163,5178,0,0,0,0,0
4,90,8.027,56,549323,31,-41,-62,38202,50,-180,3179,0,0,112,1173,-7163,5178,0,0,0,0,0
4,90,8.075,57,549375,31,-41,-62,38202,50,-180,3179,0,0,112,1173,-7163,5178,0,0,0,0,0
4,90,8.126,58,549431,31,-41,-62,38202,50,-180,3179,0,0,112,1173,-7163,5178,0,0,0,0,0
4,90,8.18,59,549487,31,-41,-62,38202,50,-180,3179,0,0,112,1173,-7163,5178,0,0,0,0,0
4,90,8.233,60,549543,31,-41,-62,38202,50,-180,3179,0,0,112,1173,-7163,5178,0,0,0,0,0
4,90,8.293,61,549599,31,-41,-62,38202,50,-180,3179,0,0,112,1173,-7163,5178,0,0,0,0,0
4,90,8.348,62,549655,31,-41,-62,38202,50,-180,3179,0,0,112,1173,-7163,5178,0,0,0,0,0
4,90,8.411,63,549711,31,-41,-62,38202,50,-180,3179,0,0,112,1173,-7163,5178,0,0,0,0,0
4,90,8.457,64,549767,31,-41,-62,38202,50,-180,3179,0,0,112,1173,-7163,5178,0,0,0,0,0
4,90,8.513,65,549823,31,-41,-62,38202,50,-180,3179,0,0,112,1173,-7163,5178,0,0,0,0,0
4,90,8.569,66,549879,31,-41,-62,38202,50,-180,3179,0,0,112,1173,-7163,5178,0,0,0,0,0
4,90,8.669,67,549935,31,-41,-62,38202,50,-180,3179,0,0,112,1173,-7163,5178,0,0,0,0,0
4,90,8.681,68,549991,31,-41,-62,38202,50,-180,3179,0,0,112,1173,-7163,5178,0,0,0,0,0
5,90,-0.007,80,557803,31,-41,-62,38202,50,-180,3174,0,0,112,1173,-7163,5178,0,0,0,0,0
5,90,0.022,81,557856,31,-41,-62,38202,50,-180,3174,0,0,112,1173,-7163,5178,0,0,0,0,0
5,90,0.119,82,557907,31,-41,-62,38202,50,-180,3174,0,0,112,1175,-7163,5178,-300,300,0,0,0
5,90,0.15,83,557979,31,-41,-62,38221,50,-180,3174,0,9,114,1178,-7163,5184,-1000,1100,0,0,0
5,90,0.213,84,558051,31,-41,-62,38341,50,-180,3243,-9,47,114,1181,-7175,5211,-1500,1700,0,0,0
5,90,0.289,85,558123,31,-40,-62,38685,50,-180,3243,-67,79,114,1184,-7225,5272,-1900,1800,0,0,0
5,90,0.358,86,558195,31,-40,-62,39199,53,-183,3857,-79,79,114,1187,-7302,5361,-1800,1800,0,0,0
5,90,0.428,87,558267,31,-40,-61,39753,58,-187,4732,-82,99,114,1190,-7386,5456,-1800,1800,0,0,0
5,90,0.506,88,558339,31,-40,-61,40310,58,-187,4732,-96,82,114,1193,-7477,5545,-1700,1700,0,0,0
5,90,0.573,89,558411,31,-40,-61,40846,63,-191,5593,-90,90,114,1196,-7561,5634,-1700,1600,0,0,0
5,90,0.646,90,558483,31,-40,-61,41350,63,-191,5593,-82,90,114,1199,-7641,5717,-1600,1600,0,0,0
5,90,0.726,91,558556,31,-40,-61,41858,69,-194,6403,-82,79,114,1202,-7725,5797,-1600,1500,0,0,0
5,90,0.79,92,558627,31,-40,-61,42313,74,-196,7192,-73,64,114,1205,-7802,5867,-1600,1600,0,0,0
5,90,0.861,93,558699,31,-40,-62,42821,74,-196,7192,-82,73,114,1208,-7886,5947,-1500,1500,0,0,0
5,90,0.933,94,558771,31,-40,-62,43285,80,-197,7964,-79,67,114,1211,-7963,6020,-1500,1500,0,0,0
5,90,1.049,95,558843,31,-40,-62,43774,86,-198,8748,-73,73,114,1214,-8044,6097,-1500,1500,0,0,0
5,90,1.094,96,558916,31,-40,-62,44257,86,-198,8748,-82,64,114,1217,-8125,6172,-1500,1500,0,0,0
5,90,1.153,97,558987,31,-40,-62,44721,92,-198,9491,-82,64,114,1220,-8200,6247,-1400,1500,0,0,0
5,90,1.221,98,559059,31,-40,-62,45152,97,-198,10195,-64,58,114,1223,-8269,6317,-1400,1400,0,0,0
5,90,1.349,99,559131,31,-40,-62,45616,97,-198,10195,-73,64,114,1226,-8344,6392,-1400,1400,0,0,0
5,90,1.376,100,559204,31,-40,-62,46071,103,-197,10924,-64,73,114,1229,-8416,6467,-1100,1200,0,0,0
5,90,1.444,101,559275,31,-40,-62,46424,103,-197,10924,-50,38,114,1232,-8475,6522,-800,800,0,0,0
5,90,1.517,102,559356,31,-40,-62,46622,108,-195,11590,0,0,114,1237,-8505,6556,0,0,0,0,0
5,90,1.57,103,559407,31,-40,-62,46622,110,-194,11743,0,0,114,1239,-8505,6556,0,0,0,0,0
5,90,1.652,104,559479,31,-40,-62,46622,110,-194,11743,0,0,114,1242,-8505,6556,0,0,0,0,0
5,90,1.708,105,559535,31,-40,-62,46622,110,-194,11740,0,0,114,1244,-8505,6556,0,0,0,0,0
5,90,1.757,106,559591,31,-40,-62,46622,110,-194,11740,0,0,114,1244,-8505,6556,0,0,0,0,0
5,90,1.811,107,559647,31,-40,-62,46622,110,-194,11740,0,0,114,1244,-8505,6556,0,0,0,0,0
5,90,1.872,108,559703,31,-40,-62,46622,110,-194,11740,0,0,114,1244,-8505,6556,0,0,0,0,0
5,90,1.963,109,559759,31,-40,-62,46622,110,-194,11740,0,0,114,1244,-8505,6556,0,0,0,0,0
5,90,1.982,110,559815,31,-40,-62,46622,110,-194,11740,0,0,114,1244,-8505,6556,0,0,0,0,0
5,90,2.032,111,559871,31,-40,-62,46622,110,-194,11740,0,0,114,1244,-8505,6556,0,0,0,0,0
5,90,2.088,112,559927,31,-40,-62,46622,110,-194,11740,0,0,114,1244,-8505,6556,0,0,0,0,0
5,90,2.145,113,559983,31,-40,-62,46622,110,-194,11741,0,0,114,1244,-8505,6556,0,0,0,0,0
5,90,2.199,114,560039,31,-40,-62,46622,110,-194,11741,0,0,114,1244,-8505,6556,0,0,0,0,0
5,90,2.264,115,560095,31,-40,-62,46622,110,-194,11740,0,0,114,1244,-8505,6556,0,0,0,0,0
5,90,2.314,116,560151,31,-40,-62,46622,110,-194,11740,0,0,114,1244,-8505,6556,0,0,0,0,0
5,90,2.369,117,560207,31,-40,-62,46622,110,-194,11740,0,0,114,1244,-8505,6556,0,0,0,0,0
5,90,2.434,118,560263,31,-40,-62,46622,110,-194,11740,0,0,114,1244,-8505,6556,0,0,0,0,0
5,90,2.476,119,560315,31,-40,-62,46622,110,-194,11740,0,0,114,1244,-8505,6556,0,0,0,0,0
5,90,2.532,120,560371,31,-40,-62,46622,110,-194,11740,0,0,114,1244,-8505,6556,0,0,0,0,0
5,90,2.591,121,560427,31,-40,-62,46622,110,-194,11740,0,0,114,1244,-8505,6556,0,0,0,0,0
5,90,2.658,122,560483,31,-40,-62,46622,110,-194,11740,0,0,114,1244,-8505,6556,0,0,0,0,0
5,90,2.765,123,560539,31,-40,-62,46622,110,-194,11740,0,0,114,1244,-8505,6556,0,0,0,0,0
5,90,2.771,124,560595,31,-40,-62,46622,110,-194,11740,0,0,114,1244,-8505,6556,0,0,0,0,0
5,90,3.312,125,560651,31,-40,-62,46622,110,-194,11740,0,0,114,1244,-8505,6556,0,0,0,0,0
5,90,3.312,126,560707,31,-40,-62,46622,110,-194,11740,0,0,114,1244,-8505,6556,0,0,0,0,0
5,90,3.312,127,560763,31,-40,-62,46622,110,-194,11740,0,0,114,1244,-8505,6556,0,0,0,0,0
5,90,3.312,0,560819,31,-40,-62,46622,110,-194,11740,0,0,114,1244,-8505,6556,0,0,0,0,0
5,90,3.312,1,560875,31,-40,-62,46622,110,-194,11740,0,0,114,1244,-8505,6556,0,0,0,0,0
5,90,3.312,2,560931,31,-40,-62,46622,110,-194,11740,0,0,114,1244,-8505,6556,0,0,0,0,0
5,90,3.322,3,560987,31,-40,-62,46622,110,-194,11740,0,0,114,1244,-8505,6556,0,0,0,0,0
5,90,3.322,4,561043,31,-40,-62,46622,110,-194,11740,0,0,114,1244,-8505,6556,0,0,0,0,0
5,90,3.322,5,561099,31,-40,-62,46622,110,-194,11740,0,0,114,1244,-8505,6556,0,0,0,0,0
5,90,3.322,6,561155,31,-40,-62,46622,110,-194,11740,0,0,114,1244,-8505,6556,0,0,0,0,0
5,90,3.377,7,561211,31,-40,-62,46622,110,-194,11740,0,0,114,1244,-8505,6556,0,0,0,0,0
5,90,3.438,8,561267,31,-40,-62,46622,110,-194,11740,0,0,114,1244,-8505,6556,0,0,0,0,0
5,90,3.496,9,561323,31,-40,-62,46622,110,-194,11740,0,0,114,1244,-8505,6556,0,0,0,0,0
5,90,3.553,10,561375,31,-40,-62,46622,110,-194,11740,0,0,114,1244,-8505,6556,0,0,0,0,0
5,90,3.598,11,561431,31,-40,-62,46622,110,-194,11740,0,0,114,1244,-8505,6556,0,0,0,0,0
5,90,3.663,12,561487,31,-40,-62,46622,110,-194,11740,0,0,114,1244,-8505,6556,0,0,0,0,0
5,90,3.709,13,561543,31,-40,-62,46622,110,-194,11740,0,0,114,1244,-8505,6556,0,0,0,0,0
5,90,3.772,14,561599,31,-40,-62,46622,110,-194,11740,0,0,114,1244,-8505,6556,0,0,0,0,0
5,90,3.839,15,561655,31,-40,-62,46622,110,-194,11740,0,0,114,1244,-8505,6556,0,0,0,0,0
5,90,3.886,16,561711,31,-40,-62,46622,110,-194,11740,0,0,114,1244,-8505,6556,0,0,0,0,0
5,90,3.939,17,561767,31,-40,-62,46622,110,-194,11740,0,0,114,1244,-8505,6556,0,0,0,0,0
5,90,3.998,18,561823,31,-40,-62,46622,110,-194,11740,0,0,114,1244,-8505,6556,0,0,0,0,0
5,90,4.042,19,561879,31,-40,-62,46622,110,-194,11740,0,0,114,1244,-8505,6556,0,0,0,0,0
5,90,4.105,20,561935,31,-40,-62,46622,110,-194,11740,0,0,114,1244,-8505,6556,0,0,0,0,0
5,90,4.176,21,561991,31,-40,-62,46622,110,-194,11740,0,0,114,1244,-8505,6556,0,0,0,0,0
5,90,4.21,22,562047,31,-40,-62,46622,110,-194,11740,0,0,114,1244,-8505,6556,0,0,0,0,0
5,90,4.268,23,562103,31,-40,-62,46622,110,-194,11740,0,0,114,1244,-8505,6556,0,0,0,0,0
5,90,4.33,24,562159,31,-40,-62,46622,110,-194,11740,0,0,114,1244,-8505,6556,0,0,0,0,0
5,90,4.378,25,562215,31,-40,-62,46622,110,-194,11740,0,0,114,1244,-8505,6556,0,0,0,0,0
5,90,4.435,26,562271,31,-40,-62,46622,110,-194,11740,0,0,114,1244,-8505,6556,0,0,0,0,0
5,90,4.52,27,562327,31,-40,-62,46622,110,-194,11740,0,0,114,1244,-8505,6556,0,0,0,0,0
5,90,4.556,28,562383,31,-40,-62,46622,110,-194,11740,0,0,114,1244,-8505,6556,0,0,0,0,0
5,90,4.603,29,562435,31,-40,-62,46622,110,-194,11740,0,0,114,1244,-8505,6556,0,0,0,0,0
5,90,4.661,30,562491,31,-40,-62,46622,110,-194,11740,0,0,114,1244,-8505,6556,0,0,0,0,0
5,90,4.71,31,562547,31,-40,-62,46622,110,-194,11740,0,0,114,1244,-8505,6556,0,0,0,0,0
5,90,4.764,32,562603,31,-40,-62,46622,110,-194,11740,0,0,114,1244,-8505,6556,0,0,0,0,0
5,90,4.829,33,562659,31,-40,-62,46622,110,-194,11740,0,0,114,1244,-8505,6556,0,0,0,0,0
5,90,4.883,34,562715,31,-40,-62,46622,110,-194,11740,0,0,114,1244,-8505,6556,0,0,0,0,0
5,90,4.936,35,562771,31,-40,-62,46622,110,-194,11739,0,0,114,1244,-8505,6556,0,0,0,0,0
5,90,4.987,36,562827,31,-40,-62,46622,110,-194,11739,0,0,114,1244,-8505,6556,0,0,0,0,0
5,90,5.047,37,562883,31,-40,-62,46622,110,-194,11739,0,0,114,1244,-8505,6556,0,0,0,0,0
5,90,5.11,38,562939,31,-40,-62,46622,110,-194,11739,0,0,114,1244,-8505,6556,0,0,0,0,0
5,90,5.158,39,562995,31,-40,-62,46622,110,-194,11739,0,0,114,1244,-8505,6556,0,0,0,0,0
5,90,5.215,40,563051,31,-40,-62,46622,110,-194,11739,0,0,114,1244,-8505,6556,0,0,0,0,0
5,90,5.268,41,563107,31,-40,-62,46622,110,-194,11740,0,0,114,1244,-8505,6556,0,0,0,0,0
5,90,5.327,42,563163,31,-40,-62,46622,110,-194,11740,0,0,114,1244,-8505,6556,0,0,0,0,0
5,90,5.383,43,563219,31,-40,-62,46622,110,-194,11739,0,0,114,1244,-8505,6556,0,0,0,0,0
5,90,5.438,44,563275,31,-40,-62,46622,110,-194,11739,0,0,114,1244,-8505,6556,0,0,0,0,0
5,90,5.497,45,563331,31,-40,-62,46622,110,-194,11739,0,0,114,1244,-8505,6556,0,0,0,0,0
5,90,5.55,46,563387,31,-40,-62,46622,110,-194,11739,0,0,114,1244,-8505,6556,0,0,0,0,0
5,90,5.617,47,563443,31,-40,-62,46622,110,-194,11739,0,0,114,1244,-8505,6556,0,0,0,0,0
5,90,5.655,48,563495,31,-40,-62,46622,110,-194,11739,0,0,114,1244,-8505,6556,0,0,0,0,0
5,90,5.714,49,563551,31,-40,-62,46622,110,-194,11739,0,0,114,1244,-8505,6556,0,0,0,0,0
5,90,5.768,50,563607,31,-40,-62,46622,110,-194,11739,0,0,114,1244,-8505,6556,0,0,0,0,0
5,90,5.823,51,563663,31,-40,-62,46622,110,-194,11739,0,0,114,1244,-8505,6556,0,0,0,0,0
5,90,5.886,52,563719,31,-40,-62,46622,110,-194,11739,0,0,114,1244,-8505,6556,0,0,0,0,0
5,90,5.936,53,563775,31,-40,-62,46622,110,-194,11739,0,0,114,1244,-8505,6556,0,0,0,0,0
5,90,5.991,54,563831,31,-40,-62,46622,110,-194,11739,0,0,114,1244,-8505,6556,0,0,0,0,0
5,90,6.047,55,563887,31,-40,-62,46622,110,-194,11739,0,0,114,1244,-8505,6556,0,0,0,0,0
5,90,6.113,56,563943,31,-40,-62,46622,110,-194,11739,0,0,114,1244,-8505,6556,0,0,0,0,0
5,90,6.162,57,563999,31,-40,-62,46622,110,-194,11739,0,0,114,1244,-8505,6556,0,0,0,0,0
5,90,6.221,58,564055,31,-40,-62,46622,110,-194,11739,0,0,114,1244,-8505,6556,0,0,0,0,0
5,90,6.275,59,564111,31,-40,-62,46622,110,-194,11739,0,0,114,1244,-8505,6556,0,0,0,0,0
5,90,6.339,60,564167,31,-40,-62,46622,110,-194,11739,0,0,114,1244,-8505,6556,0,0,0,0,0
5,90,6.384,61,564223,31,-40,-62,46622,110,-194,11739,0,0,114,1244,-8505,6556,0,0,0,0,0
5,90,6.443,62,564279,31,-40,-62,46622,110,-194,11739,0,0,114,1244,-8505,6556,0,0,0,0,0
5,90,6.497,63,564335,31,-40,-62,46622,110,-194,11739,0,0,114,1244,-8505,6556,0,0,0,0,0
5,90,6.556,64,564391,31,-40,-62,46622,110,-194,11739,0,0,114,1244,-8505,6556,0,0,0,0,0
5,90,6.611,65,564447,31,-40,-62,46622,110,-194,11739,0,0,114,1244,-8505,6556,0,0,0,0,0
5,90,6.671,66,564503,31,-40,-62,46622,110,-194,11739,0,0,114,1244,-8505,6556,0,0,0,0,0
5,90,6.724,67,564555,31,-40,-62,46622,110,-194,11739,0,0,114,1244,-8505,6556,0,0,0,0,0
5,90,6.773,68,564611,31,-40,-62,46622,110,-194,11739,0,0,114,1244,-8505,6556,0,0,0,0,0
5,90,6.88,69,564667,31,-40,-62,46622,110,-194,11739,0,0,114,1244,-8505,6556,0,0,0,0,0
5,90,6.886,70,564723,31,-40,-62,46622,110,-194,11739,0,0,114,1244,-8505,6556,0,0,0,0,0
5,90,6.944,71,564779,31,-40,-62,46622,110,-194,11739,0,0,114,1244,-8505,6556,0,0,0,0,0
5,90,7.004,72,564835,31,-40,-62,46622,110,-194,11739,0,0,114,1244,-8505,6556,0,0,0,0,0
5,90,7.055,73,564891,31,-40,-62,46622,110,-194,11738,0,0,114,1244,-8505,6556,0,0,0,0,0
5,90,7.11,74,564947,31,-40,-62,46622,110,-194,11738,0,0,114,1244,-8505,6556,0,0,0,0,0
5,90,7.2,75,565003,31,-40,-62,46622,110,-194,11739,0,0,114,1244,-8505,6556,0,0,0,0,0
5,90,7.222,76,565059,31,-40,-62,46622,110,-194,11739,0,0,114,1244,-8505,6556,0,0,0,0,0
5,90,7.279,77,565115,31,-40,-62,46622,110,-194,11739,0,0,114,1244,-8505,6556,0,0,0,0,0
5,90,7.331,78,565171,31,-40,-62,46622,110,-194,11739,0,0,114,1244,-8505,6556,0,0,0,0,0
5,90,7.392,79,565227,31,-40,-62,46622,110,-194,11739,0,0,114,1244,-8505,6556,0,0,0,0,0
5,90,7.482,80,565283,31,-40,-62,46622,110,-194,11739,0,0,114,1244,-8505,6556,0,0,0,0,0
5,90,7.5,81,565339,31,-40,-62,46622,110,-194,11739,0,0,114,1244,-8505,6556,0,0,0,0,0
5,90,7.567,82,565395,31,-40,-62,46622,110,-194,11739,0,0,114,1244,-8505,6556,0,0,0,0,0
5,90,7.616,83,565451,31,-40,-62,46622,110,-194,11739,0,0,114,1244,-8505,6556,0,0,0,0,0
5,90,7.671,84,565507,31,-40,-62,46622,110,-194,11739,0,0,114,1244,-8505,6556,0,0,0,0,0
5,90,7.736,85,565563,31,-40,-62,46622,110,-194,11739,0,0,114,1244,-8505,6556,0,0,0,0,0
5,90,7.787,86,565615,31,-40,-62,46622,110,-194,11739,0,0,114,1244,-8505,6556,0,0,0,0,0
5,90,7.838,87,565671,31,-40,-62,46622,110,-194,11739,0,0,114,1244,-8505,6556,0,0,0,0,0
5,90,7.888,88,565727,31,-40,-62,46622,110,-194,11739,0,0,114,1244,-8505,6556,0,0,0,0,0
5,90,7.945,89,565783,31,-40,-62,46622,110,-194,11739,0,0,114,1244,-8505,6556,0,0,0,0,0
5,90,8.005,90,565839,31,-40,-62,46622,110,-194,11739,0,0,114,1244,-8505,6556,0,0,0,0,0
5,90,8.107,91,565895,31,-40,-62,46622,110,-194,11739,0,0,114,1244,-8505,6556,0,0,0,0,0
5,90,8.112,92,565951,31,-40,-62,46622,110,-194,11738,0,0,114,1244,-8505,6556,0,0,0,0,0
5,90,8.169,93,566007,31,-40,-62,46622,110,-194,11738,0,0,114,1244,-8505,6556,0,0,0,0,0
5,90,8.223,94,566063,31,-40,-62,46622,110,-194,11738,0,0,114,1244,-8505,6556,0,0,0,0,0
5,90,8.285,95,566119,31,-40,-62,46622,110,-194,11738,0,0,114,1244,-8505,6556,0,0,0,0,0
5,90,8.339,96,566175,31,-40,-62,46622,110,-194,11738,0,0,114,1244,-8505,6556,0,0,0,0,0
5,90,8.392,97,566231,31,-40,-62,46622,110,-194,11738,0,0,114,1244,-8505,6556,0,0,0,0,0
5,90,8.449,98,566287,31,-40,-62,46622,110,-194,11738,0,0,114,1244,-8505,6556,0,0,0,0,0
5,90,8.514,99,566343,31,-40,-62,46622,110,-194,11738,0,0,114,1244,-8505,6556,0,0,0,0,0
5,90,8.562,100,566399,31,-40,-62,46622,110,-194,11738,0,0,114,1244,-8505,6556,0,0,0,0,0
5,90,8.616,101,566455,31,-40,-62,46622,110,-194,11738,0,0,114,1244,-8505,6556,0,0,0,0,0
5,90,8.689,102,566511,31,-40,-62,46622,110,-194,11738,0,0,114,1244,-8505,6556,0,0,0,0,0
5,90,8.728,103,566567,31,-40,-62,46622,110,-194,11738,0,0,114,1244,-8505,6556,0,0,0,0,0
5,90,8.791,104,566623,31,-40,-62,46622,110,-194,11738,0,0,114,1244,-8505,6556,0,0,0,0,0
5,90,8.838,105,566675,31,-40,-62,46622,110,-194,11738,0,0,114,1244,-8505,6556,0,0,0,0,0
5,90,8.891,106,566731,31,-40,-62,46622,110,-194,11738,0,0,114,1244,-8505,6556,0,0,0,0,0
5,90,8.955,107,566787,31,-40,-62,46622,110,-194,11738,0,0,114,1244,-8505,6556,0,0,0,0,0
5,90,9.003,108,566843,31,-40,-62,46622,110,-194,11738,0,0,114,1244,-8505,6556,0,0,0,0,0
5,90,9.059,109,566899,31,-40,-62,46622,110,-194,11738,0,0,114,1244,-8505,6556,0,0,0,0,0
5,90,9.117,110,566955,31,-40,-62,46622,110,-194,11738,0,0,114,1244,-8505,6556,0,0,0,0,0
5,90,9.171,111,567011,31,-40,-62,46622,110,-194,11738,0,0,114,1244,-8505,6556,0,0,0,0,0
5,90,9.249,112,567067,31,-40,-62,46622,110,-194,11738,0,0,114,1244,-8505,6556,0,0,0,0,0
5,90,9.325,113,567123,31,-40,-62,46622,110,-194,11738,0,0,114,1244,-8505,6556,0,0,0,0,0
5,90,9.373,114,567179,31,-40,-62,46622,110,-194,11738,0,0,114,1244,-8505,6556,0,0,0,0,0
5,90,9.403,115,567235,31,-40,-62,46622,110,-194,11738,0,0,114,1244,-8505,6556,0,0,0,0,0
5,90,9.468,116,567291,31,-40,-62,46622,110,-194,11738,0,0,114,1244,-8505,6556,0,0,0,0,0
5,90,9.513,117,567347,31,-40,-62,46622,110,-194,11738,0,0,114,1244,-8505,6556,0,0,0,0,0
5,90,9.581,118,567403,31,-40,-62,46622,110,-194,11738,0,0,114,1244,-8505,6556,0,0,0,0,0
5,90,9.62,119,567459,31,-40,-62,46622,110,-194,11738,0,0,114,1244,-8505,6556,0,0,0,0,0
5,90,9.683,120,567515,31,-40,-62,46622,110,-194,11738,0,0,114,1244,-8505,6556,0,0,0,0,0
5,90,9.737,121,567571,31,-40,-62,46622,110,-194,11738,0,0,114,1244,-8505,6556,0,0,0,0,0
5,90,9.813,122,567627,31,-40,-62,46622,110,-194,11738,0,0,114,1244,-8505,6556,0,0,0,0,0
5,90,9.853,123,567683,31,-40,-62,46622,110,-194,11738,0,0,114,1244,-8505,6556,0,0,0,0,0
5,90,9.922,124,567735,31,-40,-62,46622,110,-194,11738,0,0,114,1244,-8505,6556,0,0,0,0,0
5,90,9.957,125,567791,31,-40,-62,46622,110,-194,11738,0,0,114,1244,-8505,6556,0,0,0,0,0
5,90,10.012,126,567847,31,-40,-62,46622,110,-194,11738,0,0,114,1244,-8505,6556,0,0,0,0,0
5,90,10.067,127,567903,31,-40,-62,46622,110,-194,11738,0,0,114,1244,-8505,6556,0,0,0,0,0
5,90,10.125,0,567959,31,-40,-62,46622,110,-194,11737,0,0,114,1244,-8505,6556,0,0,0,0,0
6,-90,-0.017,36,577111,31,-40,-62,46622,110,-194,11733,0,0,114,1244,-8505,6556,0,0,0,0,0
6,-90,0.052,37,577179,31,-40,-62,46622,110,-194,11733,0,0,114,1245,-8505,6556,0,0,0,0,0
6,-90,0.138,38,577251,31,-40,-62,46622,110,-194,11733,0,0,115,1248,-8505,6556,800,-800,0,0,0
6,-90,0.197,39,577323,31,-40,-62,46507,110,-194,11733,30,-35,116,1251,-8488,6536,1300,-1300,0,0,0
6,-90,0.276,40,577395,31,-40,-62,46319,109,-194,11655,50,-32,116,1254,-8452,6511,1700,-1700,0,0,0
6,-90,0.347,41,577467,31,-40,-62,45994,109,-194,11655,64,-50,116,1257,-8397,6461,1900,-1900,0,0,0
6,-90,0.423,42,577540,31,-40,-61,45520,105,-195,11100,73,-73,116,1260,-8313,6392,1900,-1900,0,0,0
6,-90,0.484,43,577611,31,-40,-61,45031,99,-196,10327,82,-73,116,1263,-8230,6317,1900,-1900,0,0,0
6,-90,0.565,44,577683,31,-40,-60,44523,99,-196,10327,90,-64,116,1266,-8144,6239,1900,-1800,0,0,0
6,-90,0.626,45,577755,31,-40,-60,44009,93,-196,9530,82,-79,116,1269,-8058,6159,1800,-1900,0,0,0
6,-90,0.704,46,577827,31,-40,-60,43492,87,-196,8691,96,-73,116,1272,-7969,6081,1900,-1800,0,0,0
6,-90,0.77,47,577899,31,-40,-60,43003,87,-196,8691,79,-64,116,1275,-7886,6006,1800,-1800,0,0,0
6,-90,0.855,48,577971,31,-40,-59,42502,82,-195,7905,82,-82,116,1278,-7802,5928,1800,-1800,0,0,0
6,-90,0.917,49,578043,31,-40,-59,42050,82,-195,7905,79,-73,116,1281,-7725,5859,1800,-1800,0,0,0
6,-90,0.986,50,578115,31,-40,-59,41548,76,-193,7143,90,-64,116,1284,-7638,5784,1800,-1700,0,0,0
6,-90,1.058,51,578187,31,-39,-59,41090,71,-191,6387,82,-67,116,1287,-7563,5711,1700,-1700,0,0,0
6,-90,1.131,52,578259,31,-39,-58,40629,71,-191,6387,73,-73,116,1290,-7483,5642,1700,-1700,0,0,0
6,-90,1.204,53,578331,31,-39,-58,40131,67,-188,5639,88,-73,116,1293,-7397,5567,1800,-1800,0,0,0
6,-90,1.277,54,578403,31,-39,-58,39666,63,-185,4899,56,-64,116,1296,-7319,5495,1600,-1700,0,0,0
6,-90,1.361,55,578476,31,-38,-58,39168,63,-185,4899,88,-79,116,1299,-7233,5420,1700,-1700,0,0,0
6,-90,1.425,56,578547,31,-38,-58,38738,59,-181,4148,64,-47,117,1302,-7158,5356,1400,-1400,0,0,0
6,-90,1.54,57,578660,31,-38,-58,38202,56,-177,3470,0,0,117,1308,-7069,5272,0,0,0,0,0
6,-90,1.588,58,578715,31,-38,-58,38202,56,-177,3470,0,0,117,1310,-7069,5272,0,0,0,0,0
6,-90,1.649,59,578771,31,-38,-58,38202,55,-176,3236,0,0,117,1312,-7069,5272,0,0,0,0,0
6,-90,1.697,60,578827,31,-38,-58,38202,55,-176,3236,0,0,117,1312,-7069,5272,0,0,0,0,0
6,-90,1.755,61,578883,31,-38,-58,38202,55,-176,3239,0,0,117,1312,-7069,5272,0,0,0,0,0
6,-90,1.811,62,578939,31,-38,-58,38202,55,-176,3239,0,0,117,1312,-7069,5272,0,0,0,0,0
6,-90,1.868,63,578995,31,-38,-58,38202,55,-176,3239,0,0,117,1312,-7069,5272,0,0,0,0,0
6,-90,1.922,64,579051,31,-38,-58,38202,55,-176,3239,0,0,117,1312,-7069,5272,0,0,0,0,0
6,-90,1.981,65,579107,31,-38,-58,38202,55,-176,3239,0,0,117,1312,-7069,5272,0,0,0,0,0
6,-90,2.034,66,579163,31,-38,-58,38202,55,-176,3239,0,0,117,1312,-7069,5272,0,0,0,0,0
6,-90,2.09,67,579219,31,-38,-58,38202,55,-176,3239,0,0,117,1312,-7069,5272,0,0,0,0,0
6,-90,2.146,68,579275,31,-38,-58,38202,55,-176,3239,0,0,117,1312,-7069,5272,0,0,0,0,0
6,-90,2.209,69,579331,31,-38,-58,38202,55,-176,3239,0,0,117,1312,-7069,5272,0,0,0,0,0
6,-90,2.261,70,579387,31,-38,-58,38202,55,-176,3239,0,0,117,1312,-7069,5272,0,0,0,0,0
6,-90,2.315,71,579443,31,-38,-58,38202,55,-176,3239,0,0,117,1312,-7069,5272,0,0,0,0,0
6,-90,2.371,72,579499,31,-38,-58,38202,55,-176,3239,0,0,117,1312,-7069,5272,0,0,0,0,0
6,-90,2.429,73,579555,31,-38,-58,38202,55,-176,3239,0,0,117,1312,-7069,5272,0,0,0,0,0
6,-90,2.497,74,579611,31,-38,-58,38202,55,-176,3239,0,0,117,1312,-7069,5272,0,0,0,0,0
6,-90,2.543,75,579667,31,-38,-58,38202,55,-176,3239,0,0,117,1312,-7069,5272,0,0,0,0,0
6,-90,2.601,76,579723,31,-38,-58,38202,55,-176,3239,0,0,117,1312,-7069,5272,0,0,0,0,0
6,-90,2.647,77,579775,31,-38,-58,38202,55,-176,3239,0,0,117,1312,-7069,5272,0,0,0,0,0
6,-90,2.707,78,579831,31,-38,-58,38202,55,-176,3239,0,0,117,1312,-7069,5272,0,0,0,0,0
6,-90,2.795,79,579887,31,-38,-58,38202,55,-176,3239,0,0,117,1312,-7069,5272,0,0,0,0,0
6,-90,2.812,80,579943,31,-38,-58,38202,55,-176,3239,0,0,117,1312,-7069,5272,0,0,0,0,0
6,-90,2.884,81,579999,31,-38,-58,38202,55,-176,3239,0,0,117,1312,-7069,5272,0,0,0,0,0
6,-90,2.941,82,580055,31,-38,-58,38202,55,-176,3239,0,0,117,1312,-7069,5272,0,0,0,0,0
6,-90,2.982,83,580111,31,-38,-58,38202,55,-176,3239,0,0,117,1312,-7069,5272,0,0,0,0,0
6,-90,3.04,84,580167,31,-38,-58,38202,55,-176,3239,0,0,117,1312,-7069,5272,0,0,0,0,0
6,-90,3.094,85,580223,31,-38,-58,38202,55,-176,3239,0,0,117,1312,-7069,5272,0,0,0,0,0
6,-90,3.149,86,580279,31,-38,-58,38202,55,-176,3239,0,0,117,1312,-7069,5272,0,0,0,0,0
6,-90,3.211,87,580335,31,-38,-58,38202,55,-176,3239,0,0,117,1312,-7069,5272,0,0,0,0,0
6,-90,3.266,88,580391,31,-38,-58,38202,55,-176,3239,0,0,117,1312,-7069,5272,0,0,0,0,0
6,-90,3.326,89,580447,31,-38,-58,38202,55,-176,3238,0,0,117,1312,-7069,5272,0,0,0,0,0
6,-90,3.4,90,580503,31,-38,-58,38202,55,-176,3238,0,0,117,1312,-7069,5272,0,0,0,0,0
6,-90,3.44,91,580559,31,-38,-58,38202,55,-176,3238,0,0,117,1312,-7069,5272,0,0,0,0,0
6,-90,3.486,92,580615,31,-38,-58,38202,55,-176,3238,0,0,117,1312,-7069,5272,0,0,0,0,0
6,-90,3.54,93,580671,31,-38,-58,38202,55,-176,3238,0,0,117,1312,-7069,5272,0,0,0,0,0
6,-90,3.6,94,580727,31,-38,-58,38202,55,-176,3238,0,0,117,1312,-7069,5272,0,0,0,0,0
6,-90,3.667,95,580783,31,-38,-58,38202,55,-176,3238,0,0,117,1312,-7069,5272,0,0,0,0,0
6,-90,3.706,96,580835,31,-38,-58,38202,55,-176,3238,0,0,117,1312,-7069,5272,0,0,0,0,0
6,-90,3.76,97,580891,31,-38,-58,38202,55,-176,3238,0,0,117,1312,-7069,5272,0,0,0,0,0
6,-90,3.823,98,580947,31,-38,-58,38202,55,-176,3238,0,0,117,1312,-7069,5272,0,0,0,0,0
6,-90,3.875,99,581003,31,-38,-58,38202,55,-176,3238,0,0,117,1312,-7069,5272,0,0,0,0,0
6,-90,3.931,100,581059,31,-38,-58,38202,55,-176,3238,0,0,117,1312,-7069,5272,0,0,0,0,0
6,-90,3.991,101,581115,31,-38,-58,38202,55,-176,3238,0,0,117,1312,-7069,5272,0,0,0,0,0
6,-90,4.113,102,581171,31,-38,-58,38202,55,-176,3238,0,0,117,1312,-7069,5272,0,0,0,0,0
6,-90,4.113,103,581227,31,-38,-58,38202,55,-176,3237,0,0,117,1312,-7069,5272,0,0,0,0,0
6,-90,4.164,104,581283,31,-38,-58,38202,55,-176,3237,0,0,117,1312,-7069,5272,0,0,0,0,0
6,-90,4.213,105,581339,31,-38,-58,38202,55,-176,3237,0,0,117,1312,-7069,5272,0,0,0,0,0
6,-90,4.272,106,581395,31,-38,-58,38202,55,-176,3237,0,0,117,1312,-7069,5272,0,0,0,0,0
6,-90,4.49,107,581451,31,-38,-58,38202,55,-176,3237,0,0,117,1312,-7069,5272,0,0,0,0,0
6,-90,4.49,108,581507,31,-38,-58,38202,55,-176,3237,0,0,117,1312,-7069,5272,0,0,0,0,0
6,-90,4.511,109,581563,31,-38,-58,38202,55,-176,3237,0,0,117,1312,-7069,5272,0,0,0,0,0
6,-90,4.511,110,581619,31,-38,-58,38202,55,-176,3237,0,0,117,1312,-7069,5272,0,0,0,0,0
6,-90,4.55,111,581675,31,-38,-58,38202,55,-176,3237,0,0,117,1312,-7069,5272,0,0,0,0,0
6,-90,4.614,112,581731,31,-38,-58,38202,55,-176,3237,0,0,117,1312,-7069,5272,0,0,0,0,0
6,-90,4.668,113,581787,31,-38,-58,38202,55,-176,3237,0,0,117,1312,-7069,5272,0,0,0,0,0
6,-90,4.778,114,581843,31,-38,-58,38202,55,-176,3237,0,0,117,1312,-7069,5272,0,0,0,0,0
6,-90,4.797,115,581895,31,-38,-58,38202,55,-176,3237,0,0,117,1312,-7069,5272,0,0,0,0,0
6,-90,4.842,116,581951,31,-38,-58,38202,55,-176,3237,0,0,117,1312,-7069,5272,0,0,0,0,0
6,-90,4.887,117,582007,31,-38,-58,38202,55,-176,3237,0,0,117,1312,-7069,5272,0,0,0,0,0
6,-90,4.934,118,582063,31,-38,-58,38202,55,-176,3237,0,0,117,1312,-7069,5272,0,0,0,0,0
6,-90,5.0,119,582119,31,-38,-58,38202,55,-176,3237,0,0,117,1312,-7069,5272,0,0,0,0,0
6,-90,5.063,120,582175,31,-38,-58,38202,55,-176,3237,0,0,117,1312,-7069,5272,0,0,0,0,0
6,-90,5.106,121,582231,31,-38,-58,38202,55,-176,3238,0,0,117,1312,-7069,5272,0,0,0,0,0
6,-90,5.159,122,582287,31,-38,-58,38202,55,-176,3238,0,0,117,1312,-7069,5272,0,0,0,0,0
6,-90,5.229,123,582343,31,-38,-58,38202,55,-176,3238,0,0,117,1312,-7069,5272,0,0,0,0,0
6,-90,5.273,124,582399,31,-38,-58,38202,55,-176,3238,0,0,117,1312,-7069,5272,0,0,0,0,0
6,-90,5.326,125,582455,31,-38,-58,38202,55,-176,3238,0,0,117,1312,-7069,5272,0,0,0,0,0
6,-90,5.38,126,582511,31,-38,-58,38202,55,-176,3238,0,0,117,1312,-7069,5272,0,0,0,0,0
6,-90,5.444,127,582567,31,-38,-58,38202,55,-176,3237,0,0,117,1312,-7069,5272,0,0,0,0,0
6,-90,5.492,0,582623,31,-38,-58,38202,55,-176,3237,0,0,117,1312,-7069,5272,0,0,0,0,0
6,-90,5.547,1,582679,31,-38,-58,38202,55,-176,3237,0,0,117,1312,-7069,5272,0,0,0,0,0
6,-90,5.605,2,582735,31,-38,-58,38202,55,-176,3237,0,0,117,1312,-7069,5272,0,0,0,0,0
6,-90,5.699,3,582791,31,-38,-58,38202,55,-176,3237,0,0,117,1312,-7069,5272,0,0,0,0,0
6,-90,5.727,4,582847,31,-38,-58,38202,55,-176,3237,0,0,117,1312,-7069,5272,0,0,0,0,0
6,-90,5.792,5,582903,31,-38,-58,38202,55,-176,3237,0,0,117,1312,-7069,5272,0,0,0,0,0
6,-90,5.837,6,582955,31,-38,-58,38202,55,-176,3237,0,0,117,1312,-7069,5272,0,0,0,0,0
6,-90,5.954,7,583011,31,-38,-58,38202,55,-176,3237,0,0,117,1312,-7069,5272,0,0,0,0,0
6,-90,5.954,8,583067,31,-38,-58,38202,55,-176,3237,0,0,117,1312,-7069,5272,0,0,0,0,0
6,-90,6.027,9,583123,31,-38,-58,38202,55,-176,3237,0,0,117,1312,-7069,5272,0,0,0,0,0
6,-90,6.048,10,583179,31,-38,-58,38202,55,-176,3237,0,0,117,1312,-7069,5272,0,0,0,0,0
6,-90,6.112,11,583235,31,-38,-58,38202,55,-176,3237,0,0,117,1312,-7069,5272,0,0,0,0,0
6,-90,6.16,12,583291,31,-38,-58,38202,55,-176,3237,0,0,117,1312,-7069,5272,0,0,0,0,0
6,-90,6.249,13,583347,31,-38,-58,38202,55,-176,3237,0,0,117,1312,-7069,5272,0,0,0,0,0
6,-90,6.299,14,583403,31,-38,-58,38202,55,-176,3237,0,0,117,1312,-7069,5272,0,0,0,0,0
6,-90,6.352,15,583459,31,-38,-58,38202,55,-176,3237,0,0,117,1312,-7069,5272,0,0,0,0,0
6,-90,6.394,16,583515,31,-38,-58,38202,55,-176,3237,0,0,117,1312,-7069,5272,0,0,0,0,0
6,-90,6.447,17,583571,31,-38,-58,38202,55,-176,3237,0,0,117,1312,-7069,5272,0,0,0,0,0
6,-90,6.504,18,583627,31,-38,-58,38202,55,-176,3237,0,0,117,1312,-7069,5272,0,0,0,0,0
6,-90,6.554,19,583683,31,-38,-58,38202,55,-176,3237,0,0,117,1312,-7069,5272,0,0,0,0,0
6,-90,6.612,20,583739,31,-38,-58,38202,55,-176,3237,0,0,117,1312,-7069,5272,0,0,0,0,0
6,-90,6.669,21,583795,31,-38,-58,38202,55,-176,3237,0,0,117,1312,-7069,5272,0,0,0,0,0
6,-90,6.739,22,583851,31,-38,-58,38202,55,-176,3237,0,0,117,1312,-7069,5272,0,0,0,0,0
6,-90,6.803,23,583907,31,-38,-58,38202,55,-176,3237,0,0,117,1312,-7069,5272,0,0,0,0,0
6,-90,6.842,24,583963,31,-38,-58,38202,55,-176,3237,0,0,117,1312,-7069,5272,0,0,0,0,0
6,-90,6.897,25,584015,31,-38,-58,38202,55,-176,3237,0,0,117,1312,-7069,5272,0,0,0,0,0
6,-90,6.954,26,584071,31,-38,-58,38202,55,-176,3237,0,0,117,1312,-7069,5272,0,0,0,0,0
6,-90,6.998,27,584127,31,-38,-58,38202,55,-176,3236,0,0,117,1312,-7069,5272,0,0,0,0,0
6,-90,7.066,28,584183,31,-38,-58,38202,55,-176,3236,0,0,117,1312,-7069,5272,0,0,0,0,0
6,-90,7.109,29,584239,31,-38,-58,38202,55,-176,3236,0,0,117,1312,-7069,5272,0,0,0,0,0
6,-90,7.167,30,584295,31,-38,-58,38202,55,-176,3236,0,0,117,1312,-7069,5272,0,0,0,0,0
6,-90,7.232,31,584351,31,-38,-58,38202,55,-176,3236,0,0,117,1312,-7069,5272,0,0,0,0,0
6,-90,7.279,32,584407,31,-38,-58,38202,55,-176,3236,0,0,117,1312,-7069,5272,0,0,0,0,0
6,-90,7.34,33,584463,31,-38,-58,38202,55,-176,3236,0,0,117,1312,-7069,5272,0,0,0,0,0
6,-90,7.391,34,584519,31,-38,-58,38202,55,-176,3236,0,0,117,1312,-7069,5272,0,0,0,0,0
6,-90,7.452,35,584575,31,-38,-58,38202,55,-176,3236,0,0,117,1312,-7069,5272,0,0,0,0,0
6,-90,7.523,36,584631,31,-38,-58,38202,55,-176,3236,0,0,117,1312,-7069,5272,0,0,0,0,0
6,-90,7.563,37,584687,31,-38,-58,38202,55,-176,3236,0,0,117,1312,-7069,5272,0,0,0,0,0
6,-90,7.77,38,584743,31,-38,-58,38202,55,-176,3236,0,0,117,1312,-7069,5272,0,0,0,0,0
6,-90,7.77,39,584799,31,-38,-58,38202,55,-176,3236,0,0,117,1312,-7069,5272,0,0,0,0,0
6,-90,7.82,40,584855,31,-38,-58,38202,55,-176,3236,0,0,117,1312,-7069,5272,0,0,0,0,0
6,-90,7.82,41,584911,31,-38,-58,38202,55,-176,3236,0,0,117,1312,-7069,5272,0,0,0,0,0
6,-90,7.863,42,584967,31,-38,-58,38202,55,-176,3236,0,0,117,1312,-7069,5272,0,0,0,0,0
6,-90,8.088,43,585023,31,-38,-58,38202,55,-176,3236,0,0,117,1312,-7069,5272,0,0,0,0,0
6,-90,8.088,44,585075,31,-38,-58,38202,55,-176,3236,0,0,117,1312,-7069,5272,0,0,0,0,0
6,-90,8.088,45,585131,31,-38,-58,38202,55,-176,3236,0,0,117,1312,-7069,5272,0,0,0,0,0
6,-90,8.088,46,585187,31,-38,-58,38202,55,-176,3236,0,0,117,1312,-7069,5272,0,0,0,0,0
6,-90,8.165,47,585243,31,-38,-58,38202,55,-176,3236,0,0,117,1312,-7069,5272,0,0,0,0,0
6,-90,8.197,48,585299,31,-38,-58,38202,55,-176,3236,0,0,117,1312,-7069,5272,0,0,0,0,0
6,-90,8.241,49,585355,31,-38,-58,38202,55,-176,3236,0,0,117,1312,-7069,5272,0,0,0,0,0
6,-90,8.291,50,585411,31,-38,-58,38202,55,-176,3236,0,0,117,1312,-7069,5272,0,0,0,0,0
6,-90,8.337,51,585467,31,-38,-58,38202,55,-176,3236,0,0,117,1312,-7069,5272,0,0,0,0,0
6,-90,8.437,52,585523,31,-38,-58,38202,55,-176,3236,0,0,117,1312,-7069,5272,0,0,0,0,0
6,-90,8.455,53,585579,31,-38,-58,38202,55,-176,3236,0,0,117,1312,-7069,5272,0,0,0,0,0
6,-90,8.506,54,585635,31,-38,-58,38202,55,-176,3236,0,0,117,1312,-7069,5272,0,0,0,0,0
6,-90,8.582,55,585691,31,-38,-58,38202,55,-176,3236,0,0,117,1312,-7069,5272,0,0,0,0,0
6,-90,8.618,56,585747,31,-38,-58,38202,55,-176,3236,0,0,117,1312,-7069,5272,0,0,0,0,0
6,-90,8.674,57,585803,31,-38,-58,38202,55,-176,3235,0,0,117,1312,-7069,5272,0,0,0,0,0
6,-90,8.739,58,585859,31,-38,-58,38202,55,-176,3235,0,0,117,1312,-7069,5272,0,0,0,0,0
6,-90,8.79,59,585915,31,-38,-58,38202,55,-176,3235,0,0,117,1312,-7069,5272,0,0,0,0,0
6,-90,8.845,60,585971,31,-38,-58,38202,55,-176,3235,0,0,117,1312,-7069,5272,0,0,0,0,0
6,-90,8.9,61,586027,31,-38,-58,38202,55,-176,3235,0,0,117,1312,-7069,5272,0,0,0,0,0
6,-90,8.962,62,586083,31,-38,-58,38202,55,-176,3235,0,0,117,1312,-7069,5272,0,0,0,0,0
6,-90,9.005,63,586135,31,-38,-58,38202,55,-176,3235,0,0,117,1312,-7069,5272,0,0,0,0,0
6,-90,9.063,64,586191,31,-38,-58,38202,55,-176,3235,0,0,117,1312,-7069,5272,0,0,0,0,0
6,-90,9.127,65,586247,31,-38,-58,38202,55,-176,3235,0,0,117,1312,-7069,5272,0,0,0,0,0
6,-90,9.178,66,586303,31,-38,-58,38202,55,-176,3235,0,0,117,1312,-7069,5272,0,0,0,0,0
6,-90,9.234,67,586359,31,-38,-58,38202,55,-176,3236,0,0,117,1312,-7069,5272,0,0,0,0,0
6,-90,9.285,68,586415,31,-38,-58,38202,55,-176,3236,0,0,117,1312,-7069,5272,0,0,0,0,0
6,-90,9.44,69,586471,31,-38,-58,38202,55,-176,3235,0,0,117,1312,-7069,5272,0,0,0,0,0
6,-90,9.44,70,586527,31,-38,-58,38202,55,-176,3235,0,0,117,1312,-7069,5272,0,0,0,0,0
6,-90,9.456,71,586583,31,-38,-58,38202,55,-176,3235,0,0,117,1312,-7069,5272,0,0,0,0,0
6,-90,9.526,72,586639,31,-38,-58,38202,55,-176,3235,0,0,117,1312,-7069,5272,0,0,0,0,0
6,-90,9.572,73,586695,31,-38,-58,38202,55,-176,3235,0,0,117,1312,-7069,5272,0,0,0,0,0
6,-90,9.627,74,586751,31,-38,-58,38202,55,-176,3235,0,0,117,1312,-7069,5272,0,0,0,0,0
6,-90,9.711,75,586807,31,-38,-58,38202,55,-176,3235,0,0,117,1312,-7069,5272,0,0,0,0,0
6,-90,9.758,76,586863,31,-38,-58,38202,55,-176,3235,0,0,117,1312,-7069,5272,0,0,0,0,0
6,-90,9.8,77,586919,31,-38,-58,38202,55,-176,3235,0,0,117,1312,-7069,5272,0,0,0,0,0
6,-90,9.862,78,586975,31,-38,-58,38202,55,-176,3235,0,0,117,1312,-7069,5272,0,0,0,0,0
6,-90,9.939,79,587031,31,-38,-58,38202,55,-176,3235,0,0,117,1312,-7069,5272,0,0,0,0,0
6,-90,9.976,80,587087,31,-38,-58,38202,55,-176,3235,0,0,117,1312,-7069,5272,0,0,0,0,0
6,-90,10.075,81,587143,31,-38,-58,38202,55,-176,3235,0,0,117,1312,-7069,5272,0,0,0,0,0
6,-90,10.096,82,587195,31,-38,-58,38202,55,-176,3235,0,0,117,1312,-7069,5272,0,0,0,0,0
6,-90,10.236,83,587251,31,-38,-58,38202,55,-176,3235,0,0,117,1312,-7069,5272,0,0,0,0,0
6,-90,10.242,84,587307,31,-38,-58,38202,55,-176,3235,0,0,117,1312,-7069,5272,0,0,0,0,0
6,-90,10.242,85,587363,31,-38,-58,38202,55,-176,3235,0,0,117,1312,-7069,5272,0,0,0,0,0
6,-90,10.333,86,587419,31,-38,-58,38202,55,-176,3235,0,0,117,1312,-7069,5272,0,0,0,0,0
6,-90,10.373,87,587475,31,-38,-58,38202,55,-176,3235,0,0,117,1312,-7069,5272,0,0,0,0,0
6,-90,10.404,88,587531,31,-38,-58,38202,55,-176,3235,0,0,117,1312,-7069,5272,0,0,0,0,0
6,-90,10.462,89,587587,31,-38,-58,38202,55,-176,3235,0,0,117,1312,-7069,5272,0,0,0,0,0
6,-90,10.536,90,587643,31,-38,-58,38202,55,-176,3235,0,0,117,1312,-7069,5272,0,0,0,0,0
6,-90,10.582,91,587699,31,-38,-58,38202,55,-176,3235,0,0,117,1312,-7069,5272,0,0,0,0,0
6,-90,10.646,92,587755,31,-38,-58,38202,55,-176,3235,0,0,117,1312,-7069,5272,0,0,0,0,0
6,-90,10.682,93,587811,31,-38,-58,38202,55,-176,3235,0,0,117,1312,-7069,5272,0,0,0,0,0
6,-90,10.749,94,587867,31,-38,-58,38202,55,-176,3235,0,0,117,1312,-7069,5272,0,0,0,0,0
6,-90,10.802,95,587923,31,-38,-58,38202,55,-176,3235,0,0,117,1312,-7069,5272,0,0,0,0,0
6,-90,10.856,96,587979,31,-38,-58,38202,55,-176,3235,0,0,117,1312,-7069,5272,0,0,0,0,0
6,-90,10.958,97,588035,31,-38,-58,38202,55,-176,3235,0,0,117,1312,-7069,5272,0,0,0,0,0
6,-90,10.975,98,588091,31,-38,-58,38202,55,-176,3235,0,0,117,1312,-7069,5272,0,0,0,0,0
6,-90,11.076,99,588147,31,-38,-58,38202,55,-176,3235,0,0,117,1312,-7069,5272,0,0,0,0,0
6,-90,11.081,100,588203,31,-38,-58,38202,55,-176,3235,0,0,117,1312,-7069,5272,0,0,0,0,0
6,-90,11.157,101,588255,31,-38,-58,38202,55,-176,3235,0,0,117,1312,-7069,5272,0,0,0,0,0
6,-90,11.199,102,588311,31,-38,-58,38202,55,-176,3235,0,0,117,1312,-7069,5272,0,0,0,0,0
6,-90,11.278,103,588367,31,-38,-58,38202,55,-176,3235,0,0,117,1312,-7069,5272,0,0,0,0,0
6,-90,11.293,104,588423,31,-38,-58,38202,55,-176,3235,0,0,117,1312,-7069,5272,0,0,0,0,0
6,-90,11.354,105,588479,31,-38,-58,38202,55,-176,3235,0,0,117,1312,-7069,5272,0,0,0,0,0
6,-90,11.417,106,588535,31,-38,-58,38202,55,-176,3235,0,0,117,1312,-7069,5272,0,0,0,0,0
6,-90,11.543,107,588591,31,-38,-58,38202,55,-176,3235,0,0,117,1312,-7069,5272,0,0,0,0,0
6,-90,11.731,108,588647,31,-38,-58,38202,55,-176,3235,0,0,117,1312,-7069,5272,0,0,0,0,0
6,-90,11.849,109,588703,31,-38,-58,38202,55,-176,3235,0,0,117,1312,-7069,5272,0,0,0,0,0
6,-90,11.849,110,588759,31,-38,-58,38202,55,-176,3235,0,0,117,1312,-7069,5272,0,0,0,0,0
6,-90,11.849,111,588815,31,-38,-58,38202,55,-176,3235,0,0,117,1312,-7069,5272,0,0,0,0,0
6,-90,11.849,112,588871,31,-38,-58,38202,55,-176,3235,0,0,117,1312,-7069,5272,0,0,0,0,0
6,-90,11.849,113,588927,31,-38,-58,38202,55,-176,3235,0,0,117,1312,-7069,5272,0,0,0,0,0
6,-90,11.864,114,588983,31,-38,-58,38202,55,-176,3235,0,0,117,1312,-7069,5272,0,0,0,0,0
6,-90,11.922,115,589039,31,-38,-58,38202,55,-176,3235,0,0,117,1312,-7069,5272,0,0,0,0,0
6,-90,12.053,116,589095,31,-38,-58,38202,55,-176,3235,0,0,117,1312,-7069,5272,0,0,0,0,0
6,-90,13.888,117,589151,31,-38,-58,38202,55,-176,3235,0,0,117,1312,-7069,5272,0,0,0,0,0
6,-90,13.888,118,589207,31,-38,-58,38202,55,-176,3235,0,0,117,1312,-7069,5272,0,0,0,0,0
6,-90,13.888,119,589263,31,-38,-58,38202,55,-176,3235,0,0,117,1312,-7069,5272,0,0,0,0,0
6,-90,13.888,120,589315,31,-38,-58,38202,55,-176,3235,0,0,117,1312,-7069,5272,0,0,0,0,0
6,-90,13.888,121,589371,31,-38,-58,38202,55,-176,3235,0,0,117,1312,-7069,5272,0,0,0,0,0
6,-90,13.888,122,589427,31,-38,-58,38202,55,-176,3235,0,0,117,1312,-7069,5272,0,0,0,0,0
6,-90,13.888,123,589483,31,-38,-58,38202,55,-176,3235,0,0,117,1312,-7069,5272,0,0,0,0,0
6,-90,13.888,124,589539,31,-38,-58,38202,55,-176,3235,0,0,117,1312,-7069,5272,0,0,0,0,0
6,-90,13.888,125,589595,31,-38,-58,38202,55,-176,3235,0,0,117,1312,-7069,5272,0,0,0,0,0
6,-90,13.888,126,589651,31,-38,-58,38202,55,-176,3234,0,0,117,1312,-7069,5272,0,0,0,0,0
6,-90,13.888,127,589707,31,-38,-58,38202,55,-176,3234,0,0,117,1312,-7069,5272,0,0,0,0,0
6,-90,13.888,0,589763,31,-38,-58,38202,55,-176,3235,0,0,117,1312,-7069,5272,0,0,0,0,0
6,-90,13.888,1,589819,31,-38,-58,38202,55,-176,3235,0,0,117,1312,-7069,5272,0,0,0,0,0
6,-90,13.888,2,589875,31,-38,-58,38202,55,-176,3234,0,0,117,1312,-7069,5272,0,0,0,0,0
6,-90,13.888,3,589931,31,-38,-58,38202,55,-176,3234,0,0,117,1312,-7069,5272,0,0,0,0,0
6,-90,13.888,4,589987,31,-38,-58,38202,55,-176,3234,0,0,117,1312,-7069,5272,0,0,0,0,0
6,-90,13.888,5,590043,31,-38,-58,38202,55,-176,3234,0,0,117,1312,-7069,5272,0,0,0,0,0
6,-90,13.888,6,590099,31,-38,-58,38202,55,-176,3234,0,0,117,1312,-7069,5272,0,0,0,0,0
6,-90,13.888,7,590155,31,-38,-58,38202,55,-176,3234,0,0,117,1312,-7069,5272,0,0,0,0,0
6,-90,13.888,8,590211,31,-38,-58,38202,55,-176,3234,0,0,117,1312,-7069,5272,0,0,0,0,0
6,-90,13.889,9,590267,31,-38,-58,38202,55,-176,3234,0,0,117,1312,-7069,5272,0,0,0,0,0
6,-90,13.889,10,590323,31,-38,-58,38202,55,-176,3234,0,0,117,1312,-7069,5272,0,0,0,0,0
6,-90,13.889,11,590375,31,-38,-58,38202,55,-176,3234,0,0,117,1312,-7069,5272,0,0,0,0,0
6,-90,13.889,12,590431,31,-38,-58,38202,55,-176,3234,0,0,117,1312,-7069,5272,0,0,0,0,0
6,-90,13.889,13,590487,31,-38,-58,38202,55,-176,3234,0,0,117,1312,-7069,5272,0,0,0,0,0
6,-90,13.889,14,590543,31,-38,-58,38202,55,-176,3234,0,0,117,1312,-7069,5272,0,0,0,0,0
6,-90,13.89,15,590599,31,-38,-58,38202,55,-176,3234,0,0,117,1312,-7069,5272,0,0,0,0,0
6,-90,13.89,16,590655,31,-38,-58,38202,55,-176,3234,0,0,117,1312,-7069,5272,0,0,0,0,0
6,-90,13.89,17,590711,31,-38,-58,38202,55,-176,3234,0,0,117,1312,-7069,5272,0,0,0,0,0
6,-90,13.89,18,590767,31,-38,-58,38202,55,-176,3234,0,0,117,1312,-7069,5272,0,0,0,0,0
6,-90,13.89,19,590823,31,-38,-58,38202,55,-176,3234,0,0,117,1312,-7069,5272,0,0,0,0,0
6,-90,13.89,20,590879,31,-38,-58,38202,55,-176,3234,0,0,117,1312,-7069,5272,0,0,0,0,0
6,-90,13.926,21,590935,31,-38,-58,38202,55,-176,3234,0,0,117,1312,-7069,5272,0,0,0,0,0
6,-90,13.926,22,590991,31,-38,-58,38202,55,-176,3234,0,0,117,1312,-7069,5272,0,0,0,0,0
6,-90,13.937,23,591047,31,-38,-58,38202,55,-176,3234,0,0,117,1312,-7069,5272,0,0,0,0,0
6,-90,13.986,24,591103,31,-38,-58,38202,55,-176,3234,0,0,117,1312,-7069,5272,0,0,0,0,0
6,-90,14.087,25,591159,31,-38,-58,38202,55,-176,3234,0,0,117,1312,-7069,5272,0,0,0,0,0
6,-90,14.095,26,591215,31,-38,-58,38202,55,-176,3234,0,0,117,1312,-7069,5272,0,0,0,0,0
6,-90,14.304,27,591271,31,-38,-58,38202,55,-176,3234,0,0,117,1312,-7069,5272,0,0,0,0,0
6,-90,14.304,28,591327,31,-38,-58,38202,55,-176,3234,0,0,117,1312,-7069,5272,0,0,0,0,0
6,-90,14.304,29,591383,31,-38,-58,38202,55,-176,3234,0,0,117,1312,-7069,5272,0,0,0,0,0
6,-90,14.304,30,591435,31,-38,-58,38202,55,-176,3234,0,0,117,1312,-7069,5272,0,0,0,0,0
6,-90,14.509,31,591491,31,-38,-58,38202,55,-176,3234,0,0,117,1312,-7069,5272,0,0,0,0,0
6,-90,14.509,32,591547,31,-38,-58,38202,55,-176,3234,0,0,117,1312,-7069,5272,0,0,0,0,0
6,-90,14.509,33,591603,31,-38,-58,38202,55,-176,3234,0,0,117,1312,-7069,5272,0,0,0,0,0
6,-90,14.53,34,591659,31,-38,-58,38202,55,-176,3234,0,0,117,1312,-7069,5272,0,0,0,0,0
6,-90,14.589,35,591715,31,-38,-58,38202,55,-176,3234,0,0,117,1312,-7069,5272,0,0,0,0,0
6,-90,14.66,36,591771,31,-38,-58,38202,55,-176,3234,0,0,117,1312,-7069,5272,0,0,0,0,0
6,-90,14.707,37,591827,31,-38,-58,38202,55,-176,3234,0,0,117,1312,-7069,5272,0,0,0,0,0
6,-90,14.775,38,591883,31,-38,-58,38202,55,-176,3234,0,0,117,1312,-7069,5272,0,0,0,0,0
6,-90,14.832,39,591939,31,-38,-58,38202,55,-176,3234,0,0,117,1312,-7069,5272,0,0,0,0,0
6,-90,14.878,40,591995,31,-38,-58,38202,55,-176,3234,0,0,117,1312,-7069,5272,0,0,0,0,0
6,-90,14.933,41,592051,31,-38,-58,38202,55,-176,3234,0,0,117,1312,-7069,5272,0,0,0,0,0
6,-90,14.984,42,592107,31,-38,-58,38202,55,-176,3234,0,0,117,1312,-7069,5272,0,0,0,0,0
6,-90,15.036,43,592163,31,-38,-58,38202,55,-176,3234,0,0,117,1312,-7069,5272,0,0,0,0,0
6,-90,15.097,44,592219,31,-38,-58,38202,55,-176,3234,0,0,117,1312,-7069,5272,0,0,0,0,0
6,-90,15.154,45,592275,31,-38,-58,38202,55,-176,3234,0,0,117,1312,-7069,5272,0,0,0,0,0
6,-90,15.2,46,592331,31,-38,-58,38202,55,-176,3234,0,0,117,1312,-7069,5272,0,0,0,0,0
6,-90,15.298,47,592387,31,-38,-58,38202,55,-176,3234,0,0,117,1312,-7069,5272,0,0,0,0,0
6,-90,15.321,48,592443,31,-38,-58,38202,55,-176,3234,0,0,117,1312,-7069,5272,0,0,0,0,0
6,-90,15.364,49,592495,31,-38,-58,38202,55,-176,3234,0,0,117,1312,-7069,5272,0,0,0,0,0
6,-90,15.423,50,592551,31,-38,-58,38202,55,-176,3234,0,0,117,1312,-7069,5272,0,0,0,0,0
6,-90,15.495,51,592607,31,-38,-58,38202,55,-176,3234,0,0,117,1312,-7069,5272,0,0,0,0,0
6,-90,15.582,52,592663,31,-38,-58,38202,55,-176,3234,0,0,117,1312,-7069,5272,0,0,0,0,0
6,-90,15.607,53,592719,31,-38,-58,38202,55,-176,3234,0,0,117,1312,-7069,5272,0,0,0,0,0
6,-90,15.65,54,592775,31,-38,-58,38202,55,-176,3234,0,0,117,1312,-7069,5272,0,0,0,0,0
6,-90,15.705,55,592831,31,-38,-58,38202,55,-176,3234,0,0,117,1312,-7069,5272,0,0,0,0,0
6,-90,15.83,56,592887,31,-38,-58,38202,55,-176,3234,0,0,117,1312,-7069,5272,0,0,0,0,0
6,-90,15.83,57,592943,31,-38,-58,38202,55,-176,3234,0,0,117,1312,-7069,5272,0,0,0,0,0
6,-90,15.883,58,592999,31,-38,-58,38202,55,-176,3234,0,0,117,1312,-7069,5272,0,0,0,0,0
6,-90,15.944,59,593055,31,-38,-58,38202,55,-176,3234,0,0,117,1312,-7069,5272,0,0,0,0,0
6,-90,15.997,60,593111,31,-38,-58,38202,55,-176,3234,0,0,117,1312,-7069,5272,0,0,0,0,0
6,-90,16.045,61,593167,31,-38,-58,38202,55,-176,3234,0,0,117,1312,-7069,5272,0,0,0,0,0
6,-90,16.122,62,593223,31,-38,-58,38202,55,-176,3234,0,0,117,1312,-7069,5272,0,0,0,0,0
6,-90,16.159,63,593279,31,-38,-58,38202,55,-176,3234,0,0,117,1312,-7069,5272,0,0,0,0,0
6,-90,16.207,64,593335,31,-38,-58,38202,55,-176,3234,0,0,117,1312,-7069,5272,0,0,0,0,0
6,-90,16.359,65,593391,31,-38,-58,38202,55,-176,3234,0,0,117,1312,-7069,5272,0,0,0,0,0
6,-90,16.36,66,593447,31,-38,-58,38202,55,-176,3234,0,0,117,1312,-7069,5272,0,0,0,0,0
6,-90,16.391,67,593503,31,-38,-58,38202,55,-176,3234,0,0,117,1312,-7069,5272,0,0,0,0,0
6,-90,16.48,68,593555,31,-38,-58,38202,55,-176,3234,0,0,117,1312,-7069,5272,0,0,0,0,0
6,-90,16.501,69,593611,31,-38,-58,38202,55,-176,3234,0,0,117,1312,-7069,5272,0,0,0,0,0
6,-90,16.546,70,593667,31,-38,-58,38202,55,-176,3233,0,0,117,1312,-7069,5272,0,0,0,0,0
6,-90,16.612,71,593723,31,-38,-58,38202,55,-176,3233,0,0,117,1312,-7069,5272,0,0,0,0,0
6,-90,16.662,72,593779,31,-38,-58,38202,55,-176,3233,0,0,117,1312,-7069,5272,0,0,0,0,0
6,-90,16.707,73,593835,31,-38,-58,38202,55,-176,3233,0,0,117,1312,-7069,5272,0,0,0,0,0
6,-90,16.769,74,593891,31,-38,-58,38202,55,-176,3233,0,0,117,1312,-7069,5272,0,0,0,0,0
6,-90,16.844,75,593947,31,-38,-58,38202,55,-176,3233,0,0,117,1312,-7069,5272,0,0,0,0,0
6,-90,16.883,76,594003,31,-38,-58,38202,55,-176,3233,0,0,117,1312,-7069,5272,0,0,0,0,0
6,-90,16.929,77,594059,31,-38,-58,38202,55,-176,3233,0,0,117,1312,-7069,5272,0,0,0,0,0
6,-90,16.99,78,594115,31,-38,-58,38202,55,-176,3233,0,0,117,1312,-7069,5272,0,0,0,0,0
6,-90,17.047,79,594171,31,-38,-58,38202,55,-176,3233,0,0,117,1312,-7069,5272,0,0,0,0,0
6,-90,17.1,80,594227,31,-38,-58,38202,55,-176,3233,0,0,117,1312,-7069,5272,0,0,0,0,0
6,-90,17.253,81,594283,31,-38,-58,38202,55,-176,3233,0,0,117,1312,-7069,5272,0,0,0,0,0
6,-90,17.253,82,594339,31,-38,-58,38202,55,-176,3233,0,0,117,1312,-7069,5272,0,0,0,0,0
6,-90,17.326,83,594395,31,-38,-58,38202,55,-176,3233,0,0,117,1312,-7069,5272,0,0,0,0,0
6,-90,17.356,84,594451,31,-38,-58,38202,55,-176,3233,0,0,117,1312,-7069,5272,0,0,0,0,0
6,-90,17.384,85,594507,31,-38,-58,38202,55,-176,3233,0,0,117,1312,-7069,5272,0,0,0,0,0
6,-90,17.456,86,594563,31,-38,-58,38202,55,-176,3233,0,0,117,1312,-7069,5272,0,0,0,0,0
6,-90,17.519,87,594615,31,-38,-58,38202,55,-176,3233,0,0,117,1312,-7069,5272,0,0,0,0,0
6,-90,17.55,88,594671,31,-38,-58,38202,55,-176,3233,0,0,117,1312,-7069,5272,0,0,0,0,0
6,-90,17.597,89,594727,31,-38,-58,38202,55,-176,3233,0,0,117,1312,-7069,5272,0,0,0,0,0
6,-90,17.656,90,594783,31,-38,-58,38202,55,-176,3233,0,0,117,1312,-7069,5272,0,0,0,0,0
6,-90,17.725,91,594839,31,-38,-58,38202,55,-176,3233,0,0,117,1312,-7069,5272,0,0,0,0,0
6,-90,17.77,92,594895,31,-38,-58,38202,55,-176,3233,0,0,117,1312,-7069,5272,0,0,0,0,0
6,-90,17.826,93,594951,31,-38,-58,38202,55,-176,3233,0,0,117,1312,-7069,5272,0,0,0,0,0
6,-90,17.882,94,595007,31,-38,-58,38202,55,-176,3233,0,0,117,1312,-7069,5272,0,0,0,0,0
6,-90,17.935,95,595063,31,-38,-58,38202,55,-176,3233,0,0,117,1312,-7069,5272,0,0,0,0,0
6,-90,17.989,96,595119,31,-38,-58,38202,55,-176,3233,0,0,117,1312,-7069,5272,0,0,0,0,0
6,-90,18.046,97,595175,31,-38,-58,38202,55,-176,3233,0,0,117,1312,-7069,5272,0,0,0,0,0
6,-90,18.102,98,595231,31,-38,-58,38202,55,-176,3233,0,0,117,1312,-7069,5272,0,0,0,0,0
6,-90,18.162,99,595287,31,-38,-58,38202,55,-176,3233,0,0,117,1312,-7069,5272,0,0,0,0,0
6,-90,18.222,100,595343,31,-38,-58,38202,55,-176,3233,0,0,117,1312,-7069,5272,0,0,0,0,0
6,-90,18.273,101,595399,31,-38,-58,38202,55,-176,3233,0,0,117,1312,-7069,5272,0,0,0,0,0
6,-90,18.327,102,595455,31,-38,-58,38202,55,-176,3233,0,0,117,1312,-7069,5272,0,0,0,0,0
6,-90,18.391,103,595511,31,-38,-58,38202,55,-176,3233,0,0,117,1312,-7069,5272,0,0,0,0,0
6,-90,18.449,104,595567,31,-38,-58,38202,55,-176,3233,0,0,117,1312,-7069,5272,0,0,0,0,0
6,-90,18.512,105,595623,31,-38,-58,38202,55,-176,3233,0,0,117,1312,-7069,5272,0,0,0,0,0
6,-90,18.549,106,595675,31,-38,-58,38202,55,-176,3233,0,0,117,1312,-7069,5272,0,0,0,0,0
6,-90,18.6,107,595731,31,-38,-58,38202,55,-176,3233,0,0,117,1312,-7069,5272,0,0,0,0,0
6,-90,18.673,108,595787,31,-38,-58,38202,55,-176,3233,0,0,117,1312,-7069,5272,0,0,0,0,0
6,-90,18.746,109,595843,31,-38,-58,38202,55,-176,3233,0,0,117,1312,-7069,5272,0,0,0,0,0
6,-90,18.768,110,595899,31,-38,-58,38202,55,-176,3233,0,0,117,1312,-7069,5272,0,0,0,0,0
6,-90,18.832,111,595955,31,-38,-58,38202,55,-176,3233,0,0,117,1312,-7069,5272,0,0,0,0,0
6,-90,18.885,112,596011,31,-38,-58,38202,55,-176,3233,0,0,117,1312,-7069,5272,0,0,0,0,0
6,-90,18.938,113,596067,31,-38,-58,38202,55,-176,3233,0,0,117,1312,-7069,5272,0,0,0,0,0
6,-90,19.003,114,596123,31,-38,-58,38202,55,-176,3233,0,0,117,1312,-7069,5272,0,0,0,0,0
6,-90,19.052,115,596179,31,-38,-58,38202,55,-176,3233,0,0,117,1312,-7069,5272,0,0,0,0,0
6,-90,19.111,116,596235,31,-38,-58,38202,55,-176,3233,0,0,117,1312,-7069,5272,0,0,0,0,0
6,-90,19.161,117,596291,31,-38,-58,38202,55,-176,3233,0,0,117,1312,-7069,5272,0,0,0,0,0
6,-90,19.216,118,596347,31,-38,-58,38202,55,-176,3232,0,0,117,1312,-7069,5272,0,0,0,0,0
6,-90,19.272,119,596403,31,-38,-58,38202,55,-176,3232,0,0,117,1312,-7069,5272,0,0,0,0,0
6,-90,19.334,120,596459,31,-38,-58,38202,55,-176,3232,0,0,117,1312,-7069,5272,0,0,0,0,0
6,-90,19.384,121,596515,31,-38,-58,38202,55,-176,3232,0,0,117,1312,-7069,5272,0,0,0,0,0
6,-90,19.44,122,596571,31,-38,-58,38202,55,-176,3232,0,0,117,1312,-7069,5272,0,0,0,0,0
6,-90,19.502,123,596627,31,-38,-58,38202,55,-176,3232,0,0,117,1312,-7069,5272,0,0,0,0,0
6,-90,19.561,124,596683,31,-38,-58,38202,55,-176,3232,0,0,117,1312,-7069,5272,0,0,0,0,0
6,-90,19.631,125,596735,31,-38,-58,38202,55,-176,3232,0,0,117,1312,-7069,5272,0,0,0,0,0
6,-90,19.702,126,596791,31,-38,-58,38202,55,-176,3232,0,0,117,1312,-7069,5272,0,0,0,0,0
6,-90,19.77,127,596847,31,-38,-58,38202,55,-176,3232,0,0,117,1312,-7069,5272,0,0,0,0,0
6,-90,19.776,0,596903,31,-38,-58,38202,55,-176,3232,0,0,117,1312,-7069,5272,0,0,0,0,0
6,-90,19.829,1,596959,31,-38,-58,38202,55,-176,3232,0,0,117,1312,-7069,5272,0,0,0,0,0
6,-90,19.886,2,597015,31,-38,-58,38202,55,-176,3232,0,0,117,1312,-7069,5272,0,0,0,0,0
6,-90,19.951,3,597071,31,-38,-58,38202,55,-176,3232,0,0,117,1312,-7069,5272,0,0,0,0,0
6,-90,20.015,4,597127,31,-38,-58,38202,55,-176,3232,0,0,117,1312,-7069,5272,0,0,0,0,0
6,-90,20.057,5,597183,31,-38,-58,38202,55,-176,3232,0,0,117,1312,-7069,5272,0,0,0,0,0
6,-90,20.189,6,597239,31,-38,-58,38202,55,-176,3232,0,0,117,1312,-7069,5272,0,0,0,0,0
6,-90,20.189,7,597295,31,-38,-58,38202,55,-176,3232,0,0,117,1312,-7069,5272,0,0,0,0,0
6,-90,20.228,8,597351,31,-38,-58,38202,55,-176,3232,0,0,117,1312,-7069,5272,0,0,0,0,0
6,-90,20.283,9,597407,31,-38,-58,38202,55,-176,3231,0,0,117,1312,-7069,5272,0,0,0,0,0
6,-90,20.364,10,597463,31,-38,-58,38202,55,-176,3231,0,0,117,1312,-7069,5272,0,0,0,0,0
6,-90,20.393,11,597519,31,-38,-58,38202,55,-176,3231,0,0,117,1312,-7069,5272,0,0,0,0,0
6,-90,20.507,12,597575,31,-38,-58,38202,55,-176,3231,0,0,117,1312,-7069,5272,0,0,0,0,0
6,-90,20.575,13,597631,31,-38,-58,38202,55,-176,3231,0,0,117,1312,-7069,5272,0,0,0,0,0
6,-90,20.586,14,597687,31,-38,-58,38202,55,-176,3231,0,0,117,1312,-7069,5272,0,0,0,0,0
6,-90,20.625,15,597743,31,-38,-58,38202,55,-176,3231,0,0,117,1312,-7069,5272,0,0,0,0,0
6,-90,20.745,16,597795,31,-38,-58,38202,55,-176,3231,0,0,117,1312,-7069,5272,0,0,0,0,0
6,-90,20.748,17,597851,31,-38,-58,38202,55,-176,3231,0,0,117,1312,-7069,5272,0,0,0,0,0
6,-90,20.792,18,597907,31,-38,-58,38202,55,-176,3231,0,0,117,1312,-7069,5272,0,0,0,0,0
6,-90,20.845,19,597963,31,-38,-58,38202,55,-176,3231,0,0,117,1312,-7069,5272,0,0,0,0,0
6,-90,20.904,20,598019,31,-38,-58,38202,55,-176,3231,0,0,117,1312,-7069,5272,0,0,0,0,0
6,-90,20.953,21,598075,31,-38,-58,38202,55,-176,3231,0,0,117,1312,-7069,5272,0,0,0,0,0
6,-90,21.077,22,598131,31,-38,-58,38202,55,-176,3231,0,0,117,1312,-7069,5272,0,0,0,0,0
6,-90,21.09,23,598187,31,-38,-58,38202,55,-176,3231,0,0,117,1312,-7069,5272,0,0,0,0,0
6,-90,21.121,24,598243,31,-38,-58,38202,55,-176,3231,0,0,117,1312,-7069,5272,0,0,0,0,0
6,-90,21.17,25,598299,31,-38,-58,38202,55,-176,3231,0,0,117,1312,-7069,5272,0,0,0,0,0
7,-90,-0.041,60,607391,31,-38,-58,38202,55,-176,3227,0,0,117,1312,-7069,5272,0,0,0,0,0
7,-90,0.023,61,607447,31,-38,-58,38202,55,-176,3227,0,0,117,1312,-7069,5272,0,0,0,0,0
7,-90,0.14,62,607516,31,-38,-58,38202,55,-176,3227,0,0,117,1314,-7069,5272,300,-300,0,0,0
7,-90,0.217,63,607587,31,-38,-57,38168,55,-176,3224,9,0,119,1317,-7058,5272,1000,-900,0,0,0
7,-90,0.24,64,607659,31,-37,-57,38023,55,-176,3224,41,-15,119,1320,-7027,5256,1600,-1500,0,0,0
7,-90,0.341,65,607731,31,-36,-57,37738,55,-174,3019,82,-50,119,1323,-6969,5222,1900,-1900,0,0,0
7,-90,0.373,66,607803,31,-36,-57,37326,55,-174,3019,73,-50,119,1326,-6891,5167,1900,-1800,0,0,0
7,-90,0.451,67,607875,31,-35,-57,36818,54,-169,2338,91,-82,119,1329,-6805,5089,1900,-1900,0,0,0
7,-90,0.515,68,607947,31,-35,-57,36329,53,-164,1577,82,-82,119,1332,-6719,5017,1800,-1800,0,0,0
7,-90,0.601,69,608019,31,-34,-57,35788,53,-164,1577,87,-91,119,1335,-6625,4936,1700,-1800,0,0,0
7,-90,0.677,70,608091,31,-34,-57,35314,52,-158,750,82,-64,119,1338,-6541,4867,1800,-1800,0,0,0
7,-90,0.731,71,608163,31,-33,-57,34791,53,-153,-3,79,-64,119,1341,-6450,4789,1700,-1800,0,0,0
7,-90,0.8,72,608235,31,-33,-57,34317,53,-153,-3,82,-64,119,1344,-6369,4717,1700,-1800,0,0,0
7,-90,0.872,73,608307,31,-33,-57,33834,54,-147,-769,73,-73,119,1347,-6291,4639,1700,-1800,0,0,0
7,-90,0.95,74,608379,31,-33,-57,33364,55,-142,-1493,73,-82,119,1350,-6211,4567,1700,-1700,0,0,0
7,-90,1.021,75,608451,31,-33,-57,32909,55,-142,-1493,73,-55,119,1353,-6136,4495,1700,-1700,0,0,0
7,-90,1.105,76,608524,31,-32,-57,32423,58,-138,-2226,90,-67,119,1356,-6052,4422,1700,-1800,0,0,0
7,-90,1.178,77,608595,31,-32,-57,31937,61,-133,-3001,73,-64,119,1359,-5972,4345,1700,-1700,0,0,0
7,-90,1.232,78,608667,31,-32,-57,31460,61,-133,-3001,78,-70,119,1362,-5891,4272,1700,-1700,0,0,0
7,-90,1.303,79,608739,31,-32,-57,30974,66,-129,-3780,73,-79,119,1365,-5811,4195,1600,-1700,0,0,0
7,-90,1.373,80,608811,31,-32,-58,30497,66,-129,-3780,82,-82,119,1368,-5730,4122,1600,-1700,0,0,0
7,-90,1.491,81,608916,31,-32,-58,30002,70,-126,-4524,0,0,119,1374,-5647,4045,0,0,0,0,0
7,-90,1.533,82,608971,31,-32,-58,30002,74,-124,-5080,0,0,119,1374,-5647,4045,0,0,0,0,0
7,-90,1.592,83,609027,31,-32,-58,30002,74,-124,-5080,0,0,119,1374,-5647,4045,0,0,0,0,0
7,-90,1.647,84,609083,31,-32,-58,30002,74,-124,-5087,0,0,119,1374,-5647,4045,0,0,0,0,0
7,-90,1.701,85,609139,31,-32,-58,30002,74,-124,-5087,0,0,119,1374,-5647,4045,0,0,0,0,0
7,-90,1.762,86,609195,31,-32,-58,30002,74,-124,-5086,0,0,119,1374,-5647,4045,0,0,0,0,0
7,-90,1.817,87,609251,31,-32,-58,30002,74,-124,-5086,0,0,119,1374,-5647,4045,0,0,0,0,0
7,-90,1.87,88,609307,31,-32,-58,30002,74,-124,-5086,0,0,119,1374,-5647,4045,0,0,0,0,0
7,-90,1.931,89,609363,31,-32,-58,30002,74,-124,-5086,0,0,119,1374,-5647,4045,0,0,0,0,0
7,-90,1.981,90,609419,31,-32,-58,30002,74,-124,-5086,0,0,119,1374,-5647,4045,0,0,0,0,0
7,-90,2.036,91,609475,31,-32,-58,30002,74,-124,-5086,0,0,119,1374,-5647,4045,0,0,0,0,0
7,-90,2.092,92,609531,31,-32,-58,30002,74,-124,-5086,0,0,119,1374,-5647,4045,0,0,0,0,0
7,-90,2.181,93,609587,31,-32,-58,30002,74,-124,-5086,0,0,119,1374,-5647,4045,0,0,0,0,0
7,-90,2.206,94,609643,31,-32,-58,30002,74,-124,-5086,0,0,119,1374,-5647,4045,0,0,0,0,0
7,-90,2.266,95,609699,31,-32,-58,30002,74,-124,-5086,0,0,119,1374,-5647,4045,0,0,0,0,0
7,-90,2.331,96,609755,31,-32,-58,30002,74,-124,-5086,0,0,119,1374,-5647,4045,0,0,0,0,0
7,-90,2.383,97,609807,31,-32,-58,30002,74,-124,-5086,0,0,119,1374,-5647,4045,0,0,0,0,0
7,-90,2.451,98,609863,31,-32,-58,30002,74,-124,-5087,0,0,119,1374,-5647,4045,0,0,0,0,0
7,-90,2.491,99,609919,31,-32,-58,30002,74,-124,-5087,0,0,119,1374,-5647,4045,0,0,0,0,0
7,-90,2.54,100,609975,31,-32,-58,30002,74,-124,-5087,0,0,119,1374,-5647,4045,0,0,0,0,0
7,-90,2.613,101,610031,31,-32,-58,30002,74,-124,-5087,0,0,119,1374,-5647,4045,0,0,0,0,0
7,-90,2.653,102,610087,31,-32,-58,30002,74,-124,-5087,0,0,119,1374,-5647,4045,0,0,0,0,0
7,-90,2.753,103,610143,31,-32,-58,30002,74,-124,-5087,0,0,119,1374,-5647,4045,0,0,0,0,0
7,-90,2.771,104,610199,31,-32,-58,30002,74,-124,-5087,0,0,119,1374,-5647,4045,0,0,0,0,0
7,-90,2.819,105,610255,31,-32,-58,30002,74,-124,-5087,0,0,119,1374,-5647,4045,0,0,0,0,0
7,-90,2.879,106,610311,31,-32,-58,30002,74,-124,-5087,0,0,119,1374,-5647,4045,0,0,0,0,0
7,-90,2.932,107,610367,31,-32,-58,30002,74,-124,-5087,0,0,119,1374,-5647,4045,0,0,0,0,0
7,-90,2.99,108,610423,31,-32,-58,30002,74,-124,-5087,0,0,119,1374,-5647,4045,0,0,0,0,0
7,-90,3.047,109,610479,31,-32,-58,30002,74,-124,-5087,0,0,119,1374,-5647,4045,0,0,0,0,0
7,-90,3.159,110,610535,31,-32,-58,30002,74,-124,-5087,0,0,119,1374,-5647,4045,0,0,0,0,0
7,-90,3.16,111,610591,31,-32,-58,30002,74,-124,-5087,0,0,119,1374,-5647,4045,0,0,0,0,0
7,-90,3.211,112,610647,31,-32,-58,30002,74,-124,-5088,0,0,119,1374,-5647,4045,0,0,0,0,0
7,-90,3.282,113,610703,31,-32,-58,30002,74,-124,-5088,0,0,119,1374,-5647,4045,0,0,0,0,0
7,-90,3.37,114,610759,31,-32,-58,30002,74,-124,-5088,0,0,119,1374,-5647,4045,0,0,0,0,0
7,-90,3.405,115,610815,31,-32,-58,30002,74,-124,-5088,0,0,119,1374,-5647,4045,0,0,0,0,0
7,-90,3.433,116,610867,31,-32,-58,30002,74,-124,-5088,0,0,119,1374,-5647,4045,0,0,0,0,0
7,-90,3.496,117,610923,31,-32,-58,30002,74,-124,-5088,0,0,119,1374,-5647,4045,0,0,0,0,0
7,-90,3.552,118,610979,31,-32,-58,30002,74,-124,-5088,0,0,119,1374,-5647,4045,0,0,0,0,0
7,-90,3.616,119,611035,31,-32,-58,30002,74,-124,-5088,0,0,119,1374,-5647,4045,0,0,0,0,0
7,-90,3.659,120,611091,31,-32,-58,30002,74,-124,-5088,0,0,119,1374,-5647,4045,0,0,0,0,0
7,-90,3.805,121,611147,31,-32,-58,30002,74,-124,-5088,0,0,119,1374,-5647,4045,0,0,0,0,0
7,-90,3.816,122,611203,31,-32,-58,30002,74,-124,-5088,0,0,119,1374,-5647,4045,0,0,0,0,0
7,-90,3.884,123,611259,31,-32,-58,30002,74,-124,-5088,0,0,119,1374,-5647,4045,0,0,0,0,0
7,-90,3.895,124,611315,31,-32,-58,30002,74,-124,-5088,0,0,119,1374,-5647,4045,0,0,0,0,0
7,-90,3.953,125,611371,31,-32,-58,30002,74,-124,-5088,0,0,119,1374,-5647,4045,0,0,0,0,0
7,-90,3.998,126,611427,31,-32,-58,30002,74,-124,-5088,0,0,119,1374,-5647,4045,0,0,0,0,0
7,-90,4.058,127,611483,31,-32,-58,30002,74,-124,-5088,0,0,119,1374,-5647,4045,0,0,0,0,0
7,-90,4.108,0,611539,31,-32,-58,30002,74,-124,-5088,0,0,119,1374,-5647,4045,0,0,0,0,0
7,-90,4.157,1,611595,31,-32,-58,30002,74,-124,-5088,0,0,119,1374,-5647,4045,0,0,0,0,0
7,-90,4.214,2,611651,31,-32,-58,30002,74,-124,-5088,0,0,119,1374,-5647,4045,0,0,0,0,0
7,-90,4.278,3,611707,31,-32,-58,30002,74,-124,-5088,0,0,119,1374,-5647,4045,0,0,0,0,0
7,-90,4.331,4,611763,31,-32,-58,30002,74,-124,-5088,0,0,119,1374,-5647,4045,0,0,0,0,0
7,-90,4.387,5,611819,31,-32,-58,30002,74,-124,-5088,0,0,119,1374,-5647,4045,0,0,0,0,0
7,-90,4.448,6,611875,31,-32,-58,30002,74,-124,-5088,0,0,119,1374,-5647,4045,0,0,0,0,0
7,-90,4.491,7,611927,31,-32,-58,30002,74,-124,-5088,0,0,119,1374,-5647,4045,0,0,0,0,0
7,-90,4.548,8,611983,31,-32,-58,30002,74,-124,-5088,0,0,119,1374,-5647,4045,0,0,0,0,0
7,-90,4.602,9,612039,31,-32,-58,30002,74,-124,-5088,0,0,119,1374,-5647,4045,0,0,0,0,0
7,-90,4.662,10,612095,31,-32,-58,30002,74,-124,-5088,0,0,119,1374,-5647,4045,0,0,0,0,0
7,-90,4.717,11,612151,31,-32,-58,30002,74,-124,-5088,0,0,119,1374,-5647,4045,0,0,0,0,0
7,-90,4.768,12,612207,31,-32,-58,30002,74,-124,-5088,0,0,119,1374,-5647,4045,0,0,0,0,0
7,-90,4.835,13,612263,31,-32,-58,30002,74,-124,-5088,0,0,119,1374,-5647,4045,0,0,0,0,0
7,-90,4.882,14,612319,31,-32,-58,30002,74,-124,-5088,0,0,119,1374,-5647,4045,0,0,0,0,0
7,-90,4.938,15,612375,31,-32,-58,30002,74,-124,-5088,0,0,119,1374,-5647,4045,0,0,0,0,0
7,-90,4.993,16,612431,31,-32,-58,30002,74,-124,-5088,0,0,119,1374,-5647,4045,0,0,0,0,0
7,-90,5.05,17,612487,31,-32,-58,30002,74,-124,-5088,0,0,119,1374,-5647,4045,0,0,0,0,0
7,-90,5.108,18,612543,31,-32,-58,30002,74,-124,-5088,0,0,119,1374,-5647,4045,0,0,0,0,0
7,-90,5.161,19,612599,31,-32,-58,30002,74,-124,-5088,0,0,119,1374,-5647,4045,0,0,0,0,0
7,-90,5.217,20,612655,31,-32,-58,30002,74,-124,-5088,0,0,119,1374,-5647,4045,0,0,0,0,0
7,-90,5.274,21,612711,31,-32,-58,30002,74,-124,-5088,0,0,119,1374,-5647,4045,0,0,0,0,0
7,-90,5.328,22,612767,31,-32,-58,30002,74,-124,-5088,0,0,119,1374,-5647,4045,0,0,0,0,0
7,-90,5.387,23,612823,31,-32,-58,30002,74,-124,-5088,0,0,119,1374,-5647,4045,0,0,0,0,0
7,-90,5.451,24,612879,31,-32,-58,30002,74,-124,-5088,0,0,119,1374,-5647,4045,0,0,0,0,0
7,-90,5.509,25,612935,31,-32,-58,30002,74,-124,-5088,0,0,119,1374,-5647,4045,0,0,0,0,0
7,-90,5.549,26,612987,31,-32,-58,30002,74,-124,-5088,0,0,119,1374,-5647,4045,0,0,0,0,0
7,-90,5.608,27,613043,31,-32,-58,30002,74,-124,-5088,0,0,119,1374,-5647,4045,0,0,0,0,0
7,-90,5.664,28,613099,31,-32,-58,30002,74,-124,-5088,0,0,119,1374,-5647,4045,0,0,0,0,0
7,-90,5.718,29,613155,31,-32,-58,30002,74,-124,-5088,0,0,119,1374,-5647,4045,0,0,0,0,0
7,-90,5.772,30,613211,31,-32,-58,30002,74,-124,-5088,0,0,119,1374,-5647,4045,0,0,0,0,0
7,-90,5.831,31,613267,31,-32,-58,30002,74,-124,-5088,0,0,119,1374,-5647,4045,0,0,0,0,0
7,-90,5.888,32,613323,31,-32,-58,30002,74,-124,-5088,0,0,119,1374,-5647,4045,0,0,0,0,0
7,-90,5.947,33,613379,31,-32,-58,30002,74,-124,-5088,0,0,119,1374,-5647,4045,0,0,0,0,0
7,-90,6.006,34,613435,31,-32,-58,30002,74,-124,-5088,0,0,119,1374,-5647,4045,0,0,0,0,0
7,-90,6.053,35,613491,31,-32,-58,30002,74,-124,-5088,0,0,119,1374,-5647,4045,0,0,0,0,0
7,-90,6.127,36,613547,31,-32,-58,30002,74,-124,-5088,0,0,119,1374,-5647,4045,0,0,0,0,0
7,-90,6.167,37,613603,31,-32,-58,30002,74,-124,-5088,0,0,119,1374,-5647,4045,0,0,0,0,0
7,-90,6.227,38,613659,31,-32,-58,30002,74,-124,-5089,0,0,119,1374,-5647,4045,0,0,0,0,0
7,-90,6.278,39,613715,31,-32,-58,30002,74,-124,-5089,0,0,119,1374,-5647,4045,0,0,0,0,0
7,-90,6.351,40,613771,31,-32,-58,30002,74,-124,-5088,0,0,119,1374,-5647,4045,0,0,0,0,0
7,-90,6.398,41,613827,31,-32,-58,30002,74,-124,-5088,0,0,119,1374,-5647,4045,0,0,0,0,0
7,-90,6.446,42,613883,31,-32,-58,30002,74,-124,-5088,0,0,119,1374,-5647,4045,0,0,0,0,0
7,-90,6.503,43,613939,31,-32,-58,30002,74,-124,-5088,0,0,119,1374,-5647,4045,0,0,0,0,0
7,-90,6.576,44,613995,31,-32,-58,30002,74,-124,-5088,0,0,119,1374,-5647,4045,0,0,0,0,0
7,-90,6.618,45,614047,31,-32,-58,30002,74,-124,-5088,0,0,119,1374,-5647,4045,0,0,0,0,0
7,-90,6.665,46,614103,31,-32,-58,30002,74,-124,-5088,0,0,119,1374,-5647,4045,0,0,0,0,0
7,-90,6.723,47,614159,31,-32,-58,30002,74,-124,-5088,0,0,119,1374,-5647,4045,0,0,0,0,0
7,-90,6.783,48,614215,31,-32,-58,30002,74,-124,-5088,0,0,119,1374,-5647,4045,0,0,0,0,0
7,-90,6.835,49,614271,31,-32,-58,30002,74,-124,-5088,0,0,119,1374,-5647,4045,0,0,0,0,0
7,-90,6.893,50,614327,31,-32,-58,30002,74,-124,-5088,0,0,119,1374,-5647,4045,0,0,0,0,0
7,-90,6.947,51,614383,31,-32,-58,30002,74,-124,-5088,0,0,119,1374,-5647,4045,0,0,0,0,0
7,-90,7.035,52,614439,31,-32,-58,30002,74,-124,-5088,0,0,119,1374,-5647,4045,0,0,0,0,0
7,-90,7.059,53,614495,31,-32,-58,30002,74,-124,-5088,0,0,119,1374,-5647,4045,0,0,0,0,0
7,-90,7.123,54,614551,31,-32,-58,30002,74,-124,-5088,0,0,119,1374,-5647,4045,0,0,0,0,0
7,-90,7.171,55,614607,31,-32,-58,30002,74,-124,-5088,0,0,119,1374,-5647,4045,0,0,0,0,0
7,-90,7.23,56,614663,31,-32,-58,30002,74,-124,-5088,0,0,119,1374,-5647,4045,0,0,0,0,0
7,-90,7.283,57,614719,31,-32,-58,30002,74,-124,-5088,0,0,119,1374,-5647,4045,0,0,0,0,0
7,-90,7.356,58,614775,31,-32,-58,30002,74,-124,-5088,0,0,119,1374,-5647,4045,0,0,0,0,0
7,-90,7.394,59,614831,31,-32,-58,30002,74,-124,-5088,0,0,119,1374,-5647,4045,0,0,0,0,0
7,-90,7.448,60,614887,31,-32,-58,30002,74,-124,-5088,0,0,119,1374,-5647,4045,0,0,0,0,0
7,-90,7.511,61,614943,31,-32,-58,30002,74,-124,-5088,0,0,119,1374,-5647,4045,0,0,0,0,0
7,-90,7.564,62,614999,31,-32,-58,30002,74,-124,-5088,0,0,119,1374,-5647,4045,0,0,0,0,0
7,-90,7.666,63,615055,31,-32,-58,30002,74,-124,-5088,0,0,119,1374,-5647,4045,0,0,0,0,0
7,-90,7.668,64,615107,31,-32,-58,30002,74,-124,-5088,0,0,119,1374,-5647,4045,0,0,0,0,0
7,-90,7.725,65,615163,31,-32,-58,30002,74,-124,-5088,0,0,119,1374,-5647,4045,0,0,0,0,0
7,-90,7.782,66,615219,31,-32,-58,30002,74,-124,-5088,0,0,119,1374,-5647,4045,0,0,0,0,0
7,-90,7.84,67,615275,31,-32,-58,30002,74,-124,-5088,0,0,119,1374,-5647,4045,0,0,0,0,0
7,-90,7.893,68,615331,31,-32,-58,30002,74,-124,-5088,0,0,119,1374,-5647,4045,0,0,0,0,0
7,-90,7.984,69,615387,31,-32,-58,30002,74,-124,-5088,0,0,119,1374,-5647,4045,0,0,0,0,0
7,-90,8.018,70,615443,31,-32,-58,30002,74,-124,-5089,0,0,119,1374,-5647,4045,0,0,0,0,0
7,-90,8.065,71,615499,31,-32,-58,30002,74,-124,-5089,0,0,119,1374,-5647,4045,0,0,0,0,0
7,-90,8.122,72,615555,31,-32,-58,30002,74,-124,-5089,0,0,119,1374,-5647,4045,0,0,0,0,0
7,-90,8.184,73,615611,31,-32,-58,30002,74,-124,-5089,0,0,119,1374,-5647,4045,0,0,0,0,0
7,-90,8.247,74,615667,31,-32,-58,30002,74,-124,-5089,0,0,119,1374,-5647,4045,0,0,0,0,0
7,-90,8.287,75,615723,31,-32,-58,30002,74,-124,-5089,0,0,119,1374,-5647,4045,0,0,0,0,0
7,-90,8.346,76,615779,31,-32,-58,30002,74,-124,-5089,0,0,119,1374,-5647,4045,0,0,0,0,0
7,-90,8.398,77,615835,31,-32,-58,30002,74,-124,-5089,0,0,119,1374,-5647,4045,0,0,0,0,0
7,-90,8.454,78,615891,31,-32,-58,30002,74,-124,-5089,0,0,119,1374,-5647,4045,0,0,0,0,0
7,-90,8.51,79,615947,31,-32,-58,30002,74,-124,-5089,0,0,119,1374,-5647,4045,0,0,0,0,0
7,-90,8.585,80,616003,31,-32,-58,30002,74,-124,-5089,0,0,119,1374,-5647,4045,0,0,0,0,0
7,-90,8.657,81,616059,31,-32,-58,30002,74,-124,-5089,0,0,119,1374,-5647,4045,0,0,0,0,0
7,-90,8.689,82,616115,31,-32,-58,30002,74,-124,-5089,0,0,119,1374,-5647,4045,0,0,0,0,0
7,-90,8.736,83,616167,31,-32,-58,30002,74,-124,-5089,0,0,119,1374,-5647,4045,0,0,0,0,0
7,-90,8.791,84,616223,31,-32,-58,30002,74,-124,-5089,0,0,119,1374,-5647,4045,0,0,0,0,0
7,-90,8.86,85,616279,31,-32,-58,30002,74,-124,-5089,0,0,119,1374,-5647,4045,0,0,0,0,0
7,-90,8.909,86,616335,31,-32,-58,30002,74,-124,-5089,0,0,119,1374,-5647,4045,0,0,0,0,0
7,-90,8.962,87,616391,31,-32,-58,30002,74,-124,-5089,0,0,119,1374,-5647,4045,0,0,0,0,0
7,-90,9.012,88,616447,31,-32,-58,30002,74,-124,-5089,0,0,119,1374,-5647,4045,0,0,0,0,0
7,-90,9.071,89,616503,31,-32,-58,30002,74,-124,-5089,0,0,119,1374,-5647,4045,0,0,0,0,0
7,-90,9.123,90,616559,31,-32,-58,30002,74,-124,-5089,0,0,119,1374,-5647,4045,0,0,0,0,0
7,-90,9.18,91,616615,31,-32,-58,30002,74,-124,-5089,0,0,119,1374,-5647,4045,0,0,0,0,0
7,-90,9.234,92,616671,31,-32,-58,30002,74,-124,-5089,0,0,119,1374,-5647,4045,0,0,0,0,0
7,-90,9.294,93,616727,31,-32,-58,30002,74,-124,-5089,0,0,119,1374,-5647,4045,0,0,0,0,0
7,-90,9.35,94,616783,31,-32,-58,30002,74,-124,-5089,0,0,119,1374,-5647,4045,0,0,0,0,0
7,-90,9.41,95,616839,31,-32,-58,30002,74,-124,-5089,0,0,119,1374,-5647,4045,0,0,0,0,0
7,-90,9.464,96,616895,31,-32,-58,30002,74,-124,-5089,0,0,119,1374,-5647,4045,0,0,0,0,0
7,-90,9.517,97,616951,31,-32,-58,30002,74,-124,-5089,0,0,119,1374,-5647,4045,0,0,0,0,0
7,-90,9.579,98,617007,31,-32,-58,30002,74,-124,-5089,0,0,119,1374,-5647,4045,0,0,0,0,0
7,-90,9.644,99,617063,31,-32,-58,30002,74,-124,-5089,0,0,119,1374,-5647,4045,0,0,0,0,0
7,-90,9.685,100,617119,31,-32,-58,30002,74,-124,-5089,0,0,119,1374,-5647,4045,0,0,0,0,0
7,-90,9.748,101,617175,31,-32,-58,30002,74,-124,-5089,0,0,119,1374,-5647,4045,0,0,0,0,0
7,-90,9.793,102,617227,31,-32,-58,30002,74,-124,-5089,0,0,119,1374,-5647,4045,0,0,0,0,0
7,-90,9.861,103,617283,31,-32,-58,30002,74,-124,-5089,0,0,119,1374,-5647,4045,0,0,0,0,0
7,-90,9.903,104,617339,31,-32,-58,30002,74,-124,-5089,0,0,119,1374,-5647,4045,0,0,0,0,0
7,-90,9.959,105,617395,31,-32,-58,30002,74,-124,-5089,0,0,119,1374,-5647,4045,0,0,0,0,0
7,-90,10.015,106,617451,31,-32,-58,30002,74,-124,-5089,0,0,119,1374,-5647,4045,0,0,0,0,0
7,-90,10.123,107,617507,31,-32,-58,30002,74,-124,-5089,0,0,119,1374,-5647,4045,0,0,0,0,0
7,-90,10.128,108,617563,31,-32,-58,30002,74,-124,-5089,0,0,119,1374,-5647,4045,0,0,0,0,0
7,-90,10.194,109,617619,31,-32,-58,30002,74,-124,-5089,0,0,119,1374,-5647,4045,0,0,0,0,0
7,-90,10.249,110,617675,31,-32,-58,30002,74,-124,-5089,0,0,119,1374,-5647,4045,0,0,0,0,0
7,-90,10.299,111,617731,31,-32,-58,30002,74,-124,-5089,0,0,119,1374,-5647,4045,0,0,0,0,0
7,-90,10.357,112,617787,31,-32,-58,30002,74,-124,-5089,0,0,119,1374,-5647,4045,0,0,0,0,0
7,-90,10.431,113,617843,31,-32,-58,30002,74,-124,-5089,0,0,119,1374,-5647,4045,0,0,0,0,0
7,-90,10.475,114,617899,31,-32,-58,30002,74,-124,-5089,0,0,119,1374,-5647,4045,0,0,0,0,0
7,-90,10.523,115,617955,31,-32,-58,30002,74,-124,-5089,0,0,119,1374,-5647,4045,0,0,0,0,0
7,-90,10.588,116,618011,31,-32,-58,30002,74,-124,-5089,0,0,119,1374,-5647,4045,0,0,0,0,0
7,-90,10.635,117,618067,31,-32,-58,30002,74,-124,-5089,0,0,119,1374,-5647,4045,0,0,0,0,0
7,-90,10.732,118,618123,31,-32,-58,30002,74,-124,-5089,0,0,119,1374,-5647,4045,0,0,0,0,0
7,-90,10.744,119,618179,31,-32,-58,30002,74,-124,-5089,0,0,119,1374,-5647,4045,0,0,0,0,0
7,-90,10.812,120,618235,31,-32,-58,30002,74,-124,-5089,0,0,119,1374,-5647,4045,0,0,0,0,0
7,-90,10.853,121,618287,31,-32,-58,30002,74,-124,-5089,0,0,119,1374,-5647,4045,0,0,0,0,0
7,-90,10.906,122,618343,31,-32,-58,30002,74,-124,-5089,0,0,119,1374,-5647,4045,0,0,0,0,0
7,-90,10.968,123,618399,31,-32,-58,30002,74,-124,-5089,0,0,119,1374,-5647,4045,0,0,0,0,0
7,-90,11.072,124,618455,31,-32,-58,30002,74,-124,-5089,0,0,119,1374,-5647,4045,0,0,0,0,0
7,-90,11.074,125,618511,31,-32,-58,30002,74,-124,-5089,0,0,119,1374,-5647,4045,0,0,0,0,0
7,-90,11.159,126,618567,31,-32,-58,30002,74,-124,-5089,0,0,119,1374,-5647,4045,0,0,0,0,0
7,-90,11.191,127,618623,31,-32,-58,30002,74,-124,-5090,0,0,119,1374,-5647,4045,0,0,0,0,0
7,-90,11.245,0,618679,31,-32,-58,30002,74,-124,-5090,0,0,119,1374,-5647,4045,0,0,0,0,0
7,-90,11.35,1,618735,31,-32,-58,30002,74,-124,-5090,0,0,119,1374,-5647,4045,0,0,0,0,0
7,-90,11.354,2,618791,31,-32,-58,30002,74,-124,-5090,0,0,119,1374,-5647,4045,0,0,0,0,0
7,-90,11.419,3,618847,31,-32,-58,30002,74,-124,-5090,0,0,119,1374,-5647,4045,0,0,0,0,0
7,-90,11.466,4,618903,31,-32,-58,30002,74,-124,-5090,0,0,119,1374,-5647,4045,0,0,0,0,0
7,-90,11.53,5,618959,31,-32,-58,30002,74,-124,-5090,0,0,119,1374,-5647,4045,0,0,0,0,0
7,-90,11.59,6,619015,31,-32,-58,30002,74,-124,-5090,0,0,119,1374,-5647,4045,0,0,0,0,0
7,-90,11.642,7,619071,31,-32,-58,30002,74,-124,-5090,0,0,119,1374,-5647,4045,0,0,0,0,0
7,-90,11.702,8,619127,31,-32,-58,30002,74,-124,-5090,0,0,119,1374,-5647,4045,0,0,0,0,0
7,-90,11.751,9,619183,31,-32,-58,30002,74,-124,-5089,0,0,119,1374,-5647,4045,0,0,0,0,0
7,-90,11.803,10,619239,31,-32,-58,30002,74,-124,-5089,0,0,119,1374,-5647,4045,0,0,0,0,0
7,-90,11.865,11,619295,31,-32,-58,30002,74,-124,-5090,0,0,119,1374,-5647,4045,0,0,0,0,0
7,-90,11.932,12,619347,31,-32,-58,30002,74,-124,-5090,0,0,119,1374,-5647,4045,0,0,0,0,0
7,-90,11.967,13,619403,31,-32,-58,30002,74,-124,-5090,0,0,119,1374,-5647,4045,0,0,0,0,0
7,-90,12.025,14,619459,31,-32,-58,30002,74,-124,-5090,0,0,119,1374,-5647,4045,0,0,0,0,0
7,-90,12.119,15,619515,31,-32,-58,30002,74,-124,-5090,0,0,119,1374,-5647,4045,0,0,0,0,0
7,-90,12.135,16,619571,31,-32,-58,30002,74,-124,-5090,0,0,119,1374,-5647,4045,0,0,0,0,0
7,-90,12.244,17,619627,31,-32,-58,30002,74,-124,-5089,0,0,119,1374,-5647,4045,0,0,0,0,0
7,-90,12.246,18,619683,31,-32,-58,30002,74,-124,-5089,0,0,119,1374,-5647,4045,0,0,0,0,0
7,-90,12.307,19,619739,31,-32,-58,30002,74,-124,-5089,0,0,119,1374,-5647,4045,0,0,0,0,0
7,-90,12.372,20,619795,31,-32,-58,30002,74,-124,-5089,0,0,119,1374,-5647,4045,0,0,0,0,0
7,-90,12.421,21,619851,31,-32,-58,30002,74,-124,-5089,0,0,119,1374,-5647,4045,0,0,0,0,0
7,-90,12.476,22,619907,31,-32,-58,30002,74,-124,-5089,0,0,119,1374,-5647,4045,0,0,0,0,0
7,-90,12.538,23,619963,31,-32,-58,30002,74,-124,-5090,0,0,119,1374,-5647,4045,0,0,0,0,0
7,-90,12.587,24,620019,31,-32,-58,30002,74,-124,-5090,0,0,119,1374,-5647,4045,0,0,0,0,0
7,-90,12.638,25,620075,31,-32,-58,30002,74,-124,-5090,0,0,119,1374,-5647,4045,0,0,0,0,0
7,-90,12.692,26,620131,31,-32,-58,30002,74,-124,-5090,0,0,119,1374,-5647,4045,0,0,0,0,0
7,-90,12.75,27,620187,31,-32,-58,30002,74,-124,-5090,0,0,119,1374,-5647,4045,0,0,0,0,0
7,-90,12.807,28,620243,31,-32,-58,30002,74,-124,-5090,0,0,119,1374,-5647,4045,0,0,0,0,0
7,-90,12.862,29,620299,31,-32,-58,30002,74,-124,-5090,0,0,119,1374,-5647,4045,0,0,0,0,0
8,90,-0.039,72,629840,31,-32,-58,30002,74,-124,-5093,0,0,119,1374,-5647,4045,0,0,0,0,0
8,90,0.03,73,629895,31,-32,-58,30002,74,-124,-5093,0,0,119,1374,-5647,4045,0,0,0,0,0
8,90,0.078,74,629967,31,-32,-58,30002,74,-124,-5094,0,0,119,1376,-5647,4045,-300,300,0,0,0
8,90,0.2,75,630039,31,-32,-58,30011,74,-124,-5094,-4,0,121,1379,-5650,4045,-1000,900,0,0,0
8,90,0.257,76,630111,31,-32,-58,30166,74,-124,-5092,-35,32,121,1382,-5675,4070,-1600,1500,0,0,0
8,90,0.312,77,630183,31,-32,-58,30438,71,-125,-4820,-50,47,121,1385,-5722,4111,-1800,1800,0,0,0
8,90,0.373,78,630264,31,-27,-61,30832,71,-125,-4820,0,0,121,1390,-5788,4172,0,0,0,1,0
8,90,0.423,79,630315,31,-27,-61,30832,67,-128,-4197,0,0,121,1392,-5788,4172,0,0,0,1,0
8,90,0.493,80,630387,31,-27,-61,30832,67,-128,-4197,0,0,121,1395,-5788,4172,0,0,0,1,0
8,90,0.555,81,630443,31,-27,-61,30832,67,-128,-4192,0,0,121,1396,-5788,4172,0,0,0,1,0
8,90,0.619,82,630499,31,-27,-61,30832,67,-128,-4192,0,0,121,1396,-5788,4172,0,0,0,1,0
8,90,0.682,83,630555,31,-27,-61,30832,67,-128,-4193,0,0,121,1396,-5788,4172,0,0,0,1,0
8,90,0.719,84,630611,31,-27,-61,30832,67,-128,-4193,0,0,121,1396,-5788,4172,0,0,0,1,0
8,90,0.776,85,630667,31,-27,-61,30832,67,-128,-4193,0,0,121,1396,-5788,4172,0,0,0,1,0
8,90,0.902,86,630723,31,-27,-61,30832,67,-128,-4193,0,0,121,1396,-5788,4172,0,0,0,1,0
8,90,0.902,87,630779,31,-27,-61,30832,67,-128,-4193,0,0,121,1396,-5788,4172,0,0,0,1,0
8,90,0.959,88,630835,31,-27,-61,30832,67,-128,-4193,0,0,121,1396,-5788,4172,0,0,0,1,0
8,90,1.028,89,630891,31,-27,-61,30832,67,-128,-4193,0,0,121,1396,-5788,4172,0,0,0,1,0
8,90,1.057,90,630947,31,-27,-61,30832,67,-128,-4193,0,0,121,1396,-5788,4172,0,0,0,1,0
8,90,1.109,91,631003,31,-27,-61,30832,67,-128,-4194,0,0,121,1396,-5788,4172,0,0,0,1,0
8,90,1.214,92,631059,31,-27,-61,30832,67,-128,-4194,0,0,121,1396,-5788,4172,0,0,0,1,0
8,90,1.239,93,631111,31,-27,-61,30832,67,-128,-4193,0,0,121,1396,-5788,4172,0,0,0,1,0
8,90,1.281,94,631167,31,-27,-61,30832,67,-128,-4193,0,0,121,1396,-5788,4172,0,0,0,1,0
8,90,1.344,95,631223,31,-27,-61,30832,67,-128,-4194,0,0,121,1396,-5788,4172,0,0,0,1,0
8,90,1.399,96,631279,31,-27,-61,30832,67,-128,-4194,0,0,121,1396,-5788,4172,0,0,0,1,0
8,90,1.482,97,631335,31,-27,-61,30832,67,-128,-4194,0,0,121,1396,-5788,4172,0,0,0,1,0
8,90,1.502,98,631391,31,-27,-61,30832,67,-128,-4194,0,0,121,1396,-5788,4172,0,0,0,1,0
8,90,1.554,99,631447,31,-27,-61,30832,67,-128,-4194,0,0,121,1396,-5788,4172,0,0,0,1,0
8,90,1.629,100,631503,31,-27,-61,30832,67,-128,-4194,0,0,121,1396,-5788,4172,0,0,0,1,0
8,90,1.675,101,631559,31,-27,-61,30832,67,-128,-4194,0,0,121,1396,-5788,4172,0,0,0,1,0
8,90,1.733,102,631615,31,-27,-61,30832,67,-128,-4194,0,0,121,1396,-5788,4172,0,0,0,1,0
8,90,1.793,103,631671,31,-27,-61,30832,67,-128,-4194,0,0,121,1396,-5788,4172,0,0,0,1,0
8,90,1.861,104,631727,31,-27,-61,30832,67,-128,-4194,0,0,121,1396,-5788,4172,0,0,0,1,0
8,90,1.978,105,631783,31,-27,-61,30832,67,-128,-4194,0,0,121,1396,-5788,4172,0,0,0,1,0
8,90,1.986,106,631839,31,-27,-61,30832,67,-128,-4194,0,0,121,1396,-5788,4172,0,0,0,1,0
8,90,2.008,107,631895,31,-27,-61,30832,67,-128,-4194,0,0,121,1396,-5788,4172,0,0,0,1,0
8,90,2.065,108,631951,31,-27,-61,30832,67,-128,-4194,0,0,121,1396,-5788,4172,0,0,0,1,0
8,90,2.116,109,632007,31,-27,-61,30832,67,-128,-4194,0,0,121,1396,-5788,4172,0,0,0,1,0
8,90,2.171,110,632063,31,-27,-61,30832,67,-128,-4194,0,0,121,1396,-5788,4172,0,0,0,1,0
8,90,2.244,111,632119,31,-27,-61,30832,67,-128,-4194,0,0,121,1396,-5788,4172,0,0,0,1,0
8,90,2.289,112,632171,31,-27,-61,30832,67,-128,-4194,0,0,121,1396,-5788,4172,0,0,0,1,0
8,90,2.335,113,632227,31,-27,-61,30832,67,-128,-4194,0,0,121,1396,-5788,4172,0,0,0,1,0
8,90,2.398,114,632283,31,-27,-61,30832,67,-128,-4194,0,0,121,1396,-5788,4172,0,0,0,1,0
8,90,2.454,115,632339,31,-27,-61,30832,67,-128,-4194,0,0,121,1396,-5788,4172,0,0,0,1,0
8,90,2.52,116,632395,31,-27,-61,30832,67,-128,-4194,0,0,121,1396,-5788,4172,0,0,0,1,0
8,90,2.562,117,632451,31,-27,-61,30832,67,-128,-4194,0,0,121,1396,-5788,4172,0,0,0,1,0
8,90,2.615,118,632507,31,-27,-61,30832,67,-128,-4194,0,0,121,1396,-5788,4172,0,0,0,1,0
8,90,2.691,119,632563,31,-27,-61,30832,67,-128,-4194,0,0,121,1396,-5788,4172,0,0,0,1,0
8,90,2.742,120,632619,31,-27,-61,30832,67,-128,-4194,0,0,121,1396,-5788,4172,0,0,0,1,0
8,90,2.782,121,632675,31,-27,-61,30832,67,-128,-4194,0,0,121,1396,-5788,4172,0,0,0,1,0
8,90,2.839,122,632731,31,-27,-61,30832,67,-128,-4194,0,0,121,1396,-5788,4172,0,0,0,1,0
8,90,2.898,123,632787,31,-27,-61,30832,67,-128,-4194,0,0,121,1396,-5788,4172,0,0,0,1,0
8,90,2.949,124,632843,31,-27,-61,30832,67,-128,-4194,0,0,121,1396,-5788,4172,0,0,0,1,0
8,90,3.021,125,632899,31,-27,-61,30832,67,-128,-4194,0,0,121,1396,-5788,4172,0,0,0,1,0
8,90,3.123,126,632955,31,-27,-61,30832,67,-128,-4194,0,0,121,1396,-5788,4172,0,0,0,1,0
8,90,3.169,127,633011,31,-27,-61,30832,67,-128,-4194,0,0,121,1396,-5788,4172,0,0,0,1,0
8,90,3.181,0,633067,31,-27,-61,30832,67,-128,-4194,0,0,121,1396,-5788,4172,0,0,0,1,0
8,90,3.235,1,633123,31,-27,-61,30832,67,-128,-4194,0,0,121,1396,-5788,4172,0,0,0,1,0
8,90,3.298,2,633179,31,-27,-61,30832,67,-128,-4194,0,0,121,1396,-5788,4172,0,0,0,1,0
8,90,3.339,3,633231,31,-27,-61,30832,67,-128,-4194,0,0,121,1396,-5788,4172,0,0,0,1,0
8,90,3.396,4,633287,31,-27,-61,30832,67,-128,-4194,0,0,121,1396,-5788,4172,0,0,0,1,0
8,90,3.458,5,633343,31,-27,-61,30832,67,-128,-4194,0,0,121,1396,-5788,4172,0,0,0,1,0
8,90,3.509,6,633399,31,-27,-61,30832,67,-128,-4194,0,0,121,1396,-5788,4172,0,0,0,1,0
8,90,3.615,7,633455,31,-27,-61,30832,67,-128,-4194,0,0,121,1396,-5788,4172,0,0,0,1,0
8,90,3.669,8,633511,31,-27,-61,30832,67,-128,-4194,0,0,121,1396,-5788,4172,0,0,0,1,0
8,90,3.681,9,633567,31,-27,-61,30832,67,-128,-4194,0,0,121,1396,-5788,4172,0,0,0,1,0
8,90,3.734,10,633623,31,-27,-61,30832,67,-128,-4194,0,0,121,1396,-5788,4172,0,0,0,1,0
8,90,3.796,11,633679,31,-27,-61,30832,67,-128,-4194,0,0,121,1396,-5788,4172,0,0,0,1,0
8,90,3.857,12,633735,31,-27,-61,30832,67,-128,-4194,0,0,121,1396,-5788,4172,0,0,0,1,0
8,90,3.903,13,633791,31,-27,-61,30832,67,-128,-4194,0,0,121,1396,-5788,4172,0,0,0,1,0
8,90,3.953,14,633847,31,-27,-61,30832,67,-128,-4194,0,0,121,1396,-5788,4172,0,0,0,1,0
8,90,4.008,15,633903,31,-27,-61,30832,67,-128,-4194,0,0,121,1396,-5788,4172,0,0,0,1,0
8,90,4.068,16,633959,31,-27,-61,30832,67,-128,-4194,0,0,121,1396,-5788,4172,0,0,0,1,0
8,90,4.155,17,634015,31,-27,-61,30832,67,-128,-4194,0,0,121,1396,-5788,4172,0,0,0,1,0
8,90,4.181,18,634071,31,-27,-61,30832,67,-128,-4194,0,0,121,1396,-5788,4172,0,0,0,1,0
8,90,4.244,19,634127,31,-27,-61,30832,67,-128,-4194,0,0,121,1396,-5788,4172,0,0,0,1,0
8,90,4.294,20,634183,31,-27,-61,30832,67,-128,-4194,0,0,121,1396,-5788,4172,0,0,0,1,0
8,90,4.359,21,634239,31,-27,-61,30832,67,-128,-4194,0,0,121,1396,-5788,4172,0,0,0,1,0
8,90,4.405,22,634291,31,-27,-61,30832,67,-128,-4194,0,0,121,1396,-5788,4172,0,0,0,1,0
8,90,4.458,23,634347,31,-27,-61,30832,67,-128,-4195,0,0,121,1396,-5788,4172,0,0,0,1,0
8,90,4.512,24,634403,31,-27,-61,30832,67,-128,-4195,0,0,121,1396,-5788,4172,0,0,0,1,0
8,90,4.567,25,634459,31,-27,-61,30832,67,-128,-4195,0,0,121,1396,-5788,4172,0,0,0,1,0
8,90,4.627,26,634515,31,-27,-61,30832,67,-128,-4195,0,0,121,1396,-5788,4172,0,0,0,1,0
8,90,4.683,27,634571,31,-27,-61,30832,67,-128,-4195,0,0,121,1396,-5788,4172,0,0,0,1,0
8,90,4.736,28,634627,31,-27,-61,30832,67,-128,-4195,0,0,121,1396,-5788,4172,0,0,0,1,0
8,90,4.792,29,634683,31,-27,-61,30832,67,-128,-4195,0,0,121,1396,-5788,4172,0,0,0,1,0
8,90,4.849,30,634739,31,-27,-61,30832,67,-128,-4195,0,0,121,1396,-5788,4172,0,0,0,1,0
8,90,4.908,31,634795,31,-27,-61,30832,67,-128,-4195,0,0,121,1396,-5788,4172,0,0,0,1,0
8,90,4.958,32,634851,31,-27,-61,30832,67,-128,-4195,0,0,121,1396,-5788,4172,0,0,0,1,0
8,90,5.024,33,634907,31,-27,-61,30832,67,-128,-4195,0,0,121,1396,-5788,4172,0,0,0,1,0
8,90,5.078,34,634963,31,-27,-61,30832,67,-128,-4195,0,0,121,1396,-5788,4172,0,0,0,1,0
8,90,5.125,35,635019,31,-27,-61,30832,67,-128,-4195,0,0,121,1396,-5788,4172,0,0,0,1,0
8,90,5.186,36,635075,31,-27,-61,30832,67,-128,-4195,0,0,121,1396,-5788,4172,0,0,0,1,0
8,90,5.242,37,635131,31,-27,-61,30832,67,-128,-4195,0,0,121,1396,-5788,4172,0,0,0,1,0
8,90,5.296,38,635187,31,-27,-61,30832,67,-128,-4195,0,0,121,1396,-5788,4172,0,0,0,1,0
8,90,5.35,39,635243,31,-27,-61,30832,67,-128,-4195,0,0,121,1396,-5788,4172,0,0,0,1,0
8,90,5.415,40,635299,31,-27,-61,30832,67,-128,-4195,0,0,121,1396,-5788,4172,0,0,0,1,0
8,90,5.458,41,635351,31,-27,-61,30832,67,-128,-4195,0,0,121,1396,-5788,4172,0,0,0,1,0
8,90,5.515,42,635407,31,-27,-61,30832,67,-128,-4195,0,0,121,1396,-5788,4172,0,0,0,1,0
8,90,5.569,43,635463,31,-27,-61,30832,67,-128,-4195,0,0,121,1396,-5788,4172,0,0,0,1,0
8,90,5.627,44,635519,31,-27,-61,30832,67,-128,-4195,0,0,121,1396,-5788,4172,0,0,0,1,0
8,90,5.683,45,635575,31,-27,-61,30832,67,-128,-4195,0,0,121,1396,-5788,4172,0,0,0,1,0
8,90,5.744,46,635631,31,-27,-61,30832,67,-128,-4195,0,0,121,1396,-5788,4172,0,0,0,1,0
8,90,5.793,47,635687,31,-27,-61,30832,67,-128,-4195,0,0,121,1396,-5788,4172,0,0,0,1,0
8,90,5.85,48,635743,31,-27,-61,30832,67,-128,-4195,0,0,121,1396,-5788,4172,0,0,0,1,0
8,90,5.906,49,635799,31,-27,-61,30832,67,-128,-4196,0,0,121,1396,-5788,4172,0,0,0,1,0
8,90,5.96,50,635855,31,-27,-61,30832,67,-128,-4196,0,0,121,1396,-5788,4172,0,0,0,1,0
8,90,6.032,51,635911,31,-27,-61,30832,67,-128,-4196,0,0,121,1396,-5788,4172,0,0,0,1,0
8,90,6.073,52,635967,31,-27,-61,30832,67,-128,-4196,0,0,121,1396,-5788,4172,0,0,0,1,0
8,90,6.135,53,636023,31,-27,-61,30832,67,-128,-4196,0,0,121,1396,-5788,4172,0,0,0,1,0
8,90,6.19,54,636079,31,-27,-61,30832,67,-128,-4196,0,0,121,1396,-5788,4172,0,0,0,1,0
8,90,6.243,55,636135,31,-27,-61,30832,67,-128,-4196,0,0,121,1396,-5788,4172,0,0,0,1,0
8,90,6.299,56,636191,31,-27,-61,30832,67,-128,-4196,0,0,121,1396,-5788,4172,0,0,0,1,0
8,90,6.395,57,636247,31,-27,-61,30832,67,-128,-4196,0,0,121,1396,-5788,4172,0,0,0,1,0
8,90,6.411,58,636303,31,-27,-61,30832,67,-128,-4196,0,0,121,1396,-5788,4172,0,0,0,1,0
8,90,6.474,59,636359,31,-27,-61,30832,67,-128,-4196,0,0,121,1396,-5788,4172,0,0,0,1,0
8,90,6.523,60,636411,31,-27,-61,30832,67,-128,-4196,0,0,121,1396,-5788,4172,0,0,0,1,0
8,90,6.574,61,636467,31,-27,-61,30832,67,-128,-4196,0,0,121,1396,-5788,4172,0,0,0,1,0
8,90,6.639,62,636523,31,-27,-61,30832,67,-128,-4196,0,0,121,1396,-5788,4172,0,0,0,1,0
8,90,6.685,63,636579,31,-27,-61,30832,67,-128,-4196,0,0,121,1396,-5788,4172,0,0,0,1,0
8,90,6.746,64,636635,31,-27,-61,30832,67,-128,-4196,0,0,121,1396,-5788,4172,0,0,0,1,0
8,90,6.8,65,636691,31,-27,-61,30832,67,-128,-4196,0,0,121,1396,-5788,4172,0,0,0,1,0
8,90,6.856,66,636747,31,-27,-61,30832,67,-128,-4196,0,0,121,1396,-5788,4172,0,0,0,1,0
8,90,6.909,67,636803,31,-27,-61,30832,67,-128,-4197,0,0,121,1396,-5788,4172,0,0,0,1,0
8,90,6.987,68,636859,31,-27,-61,30832,67,-128,-4197,0,0,121,1396,-5788,4172,0,0,0,1,0
8,90,7.026,69,636915,31,-27,-61,30832,67,-128,-4197,0,0,121,1396,-5788,4172,0,0,0,1,0
8,90,7.077,70,636971,31,-27,-61,30832,67,-128,-4197,0,0,121,1396,-5788,4172,0,0,0,1,0
8,90,7.133,71,637027,31,-27,-61,30832,67,-128,-4197,0,0,121,1396,-5788,4172,0,0,0,1,0
8,90,7.188,72,637083,31,-27,-61,30832,67,-128,-4197,0,0,121,1396,-5788,4172,0,0,0,1,0
8,90,7.246,73,637139,31,-27,-61,30832,67,-128,-4197,0,0,121,1396,-5788,4172,0,0,0,1,0
8,90,7.316,74,637195,31,-27,-61,30832,67,-128,-4197,0,0,121,1396,-5788,4172,0,0,0,1,0
8,90,7.358,75,637251,31,-27,-61,30832,67,-128,-4197,0,0,121,1396,-5788,4172,0,0,0,1,0
8,90,7.413,76,637307,31,-27,-61,30832,67,-128,-4197,0,0,121,1396,-5788,4172,0,0,0,1,0
8,90,7.478,77,637363,31,-27,-61,30832,67,-128,-4197,0,0,121,1396,-5788,4172,0,0,0,1,0
8,90,7.533,78,637419,31,-27,-61,30832,67,-128,-4197,0,0,121,1396,-5788,4172,0,0,0,1,0
8,90,7.581,79,637471,31,-27,-61,30832,67,-128,-4197,0,0,121,1396,-5788,4172,0,0,0,1,0
8,90,7.634,80,637527,31,-27,-61,30832,67,-128,-4197,0,0,121,1396,-5788,4172,0,0,0,1,0
8,90,7.697,81,637583,31,-27,-61,30832,67,-128,-4197,0,0,121,1396,-5788,4172,0,0,0,1,0
8,90,7.747,82,637639,31,-27,-61,30832,67,-128,-4197,0,0,121,1396,-5788,4172,0,0,0,1,0
8,90,7.811,83,637695,31,-27,-61,30832,67,-128,-4197,0,0,121,1396,-5788,4172,0,0,0,1,0
8,90,7.86,84,637751,31,-27,-61,30832,67,-128,-4197,0,0,121,1396,-5788,4172,0,0,0,1,0
8,90,7.913,85,637807,31,-27,-61,30832,67,-128,-4197,0,0,121,1396,-5788,4172,0,0,0,1,0
8,90,7.969,86,637863,31,-27,-61,30832,67,-128,-4197,0,0,121,1396,-5788,4172,0,0,0,1,0
8,90,8.028,87,637919,31,-27,-61,30832,67,-128,-4197,0,0,121,1396,-5788,4172,0,0,0,1,0
8,90,8.081,88,637975,31,-27,-61,30832,67,-128,-4197,0,0,121,1396,-5788,4172,0,0,0,1,0
8,90,8.139,89,638031,31,-27,-61,30832,67,-128,-4197,0,0,121,1396,-5788,4172,0,0,0,1,0
8,90,8.204,90,638087,31,-27,-61,30832,67,-128,-4197,0,0,121,1396,-5788,4172,0,0,0,1,0
8,90,8.252,91,638143,31,-27,-61,30832,67,-128,-4197,0,0,121,1396,-5788,4172,0,0,0,1,0
8,90,8.314,92,638199,31,-27,-61,30832,67,-128,-4197,0,0,121,1396,-5788,4172,0,0,0,1,0
8,90,8.364,93,638255,31,-27,-61,30832,67,-128,-4197,0,0,121,1396,-5788,4172,0,0,0,1,0
8,90,8.419,94,638311,31,-27,-61,30832,67,-128,-4197,0,0,121,1396,-5788,4172,0,0,0,1,0
8,90,8.474,95,638367,31,-27,-61,30832,67,-128,-4198,0,0,121,1396,-5788,4172,0,0,0,1,0
8,90,8.529,96,638423,31,-27,-61,30832,67,-128,-4198,0,0,121,1396,-5788,4172,0,0,0,1,0
8,90,8.593,97,638479,31,-27,-61,30832,67,-128,-4198,0,0,121,1396,-5788,4172,0,0,0,1,0
8,90,8.638,98,638531,31,-27,-61,30832,67,-128,-4198,0,0,121,1396,-5788,4172,0,0,0,1,0
8,90,8.696,99,638587,31,-27,-61,30832,67,-128,-4198,0,0,121,1396,-5788,4172,0,0,0,1,0
8,90,8.757,100,638643,31,-27,-61,30832,67,-128,-4198,0,0,121,1396,-5788,4172,0,0,0,1,0
8,90,8.832,101,638699,31,-27,-61,30832,67,-128,-4198,0,0,121,1396,-5788,4172,0,0,0,1,0
8,90,8.87,102,638755,31,-27,-61,30832,67,-128,-4198,0,0,121,1396,-5788,4172,0,0,0,1,0
8,90,8.92,103,638811,31,-27,-61,30832,67,-128,-4198,0,0,121,1396,-5788,4172,0,0,0,1,0
8,90,8.982,104,638867,31,-27,-61,30832,67,-128,-4198,0,0,121,1396,-5788,4172,0,0,0,1,0
8,90,9.034,105,638923,31,-27,-61,30832,67,-128,-4198,0,0,121,1396,-5788,4172,0,0,0,1,0
8,90,9.089,106,638979,31,-27,-61,30832,67,-128,-4198,0,0,121,1396,-5788,4172,0,0,0,1,0
8,90,9.143,107,639035,31,-27,-61,30832,67,-128,-4198,0,0,121,1396,-5788,4172,0,0,0,1,0
8,90,9.206,108,639091,31,-27,-61,30832,67,-128,-4198,0,0,121,1396,-5788,4172,0,0,0,1,0
8,90,9.258,109,639147,31,-27,-61,30832,67,-128,-4198,0,0,121,1396,-5788,4172,0,0,0,1,0
8,90,9.311,110,639203,31,-27,-61,30832,67,-128,-4198,0,0,121,1396,-5788,4172,0,0,0,1,0
8,90,9.367,111,639259,31,-27,-61,30832,67,-128,-4198,0,0,121,1396,-5788,4172,0,0,0,1,0
8,90,9.426,112,639315,31,-27,-61,30832,67,-128,-4198,0,0,121,1396,-5788,4172,0,0,0,1,0
8,90,9.478,113,639371,31,-27,-61,30832,67,-128,-4198,0,0,121,1396,-5788,4172,0,0,0,1,0
8,90,9.535,114,639427,31,-27,-61,30832,67,-128,-4198,0,0,121,1396,-5788,4172,0,0,0,1,0
8,90,9.59,115,639483,31,-27,-61,30832,67,-128,-4198,0,0,121,1396,-5788,4172,0,0,0,1,0
8,90,9.654,116,639539,31,-27,-61,30832,67,-128,-4198,0,0,121,1396,-5788,4172,0,0,0,1,0
8,90,9.697,117,639591,31,-27,-61,30832,67,-128,-4198,0,0,121,1396,-5788,4172,0,0,0,1,0
8,90,9.754,118,639647,31,-27,-61,30832,67,-128,-4198,0,0,121,1396,-5788,4172,0,0,0,1,0
8,90,9.809,119,639703,31,-27,-61,30832,67,-128,-4198,0,0,121,1396,-5788,4172,0,0,0,1,0
8,90,9.864,120,639759,31,-27,-61,30832,67,-128,-4198,0,0,121,1396,-5788,4172,0,0,0,1,0
8,90,9.921,121,639815,31,-27,-61,30832,67,-128,-4198,0,0,121,1396,-5788,4172,0,0,0,1,0
8,90,9.977,122,639871,31,-27,-61,30832,67,-128,-4198,0,0,121,1396,-5788,4172,0,0,0,1,0
8,90,10.052,123,639927,31,-27,-61,30832,67,-128,-4198,0,0,121,1396,-5788,4172,0,0,0,1,0
8,90,10.091,124,639983,31,-27,-61,30832,67,-128,-4198,0,0,121,1396,-5788,4172,0,0,0,1,0
8,90,10.146,125,640039,31,-27,-61,30832,67,-128,-4198,0,0,121,1396,-5788,4172,0,0,0,1,0
8,90,10.202,126,640095,31,-27,-61,30832,67,-128,-4199,0,0,121,1396,-5788,4172,0,0,0,1,0
8,90,10.261,127,640151,31,-27,-61,30832,67,-128,-4199,0,0,121,1396,-5788,4172,0,0,0,1,0
8,90,10.319,0,640207,31,-27,-61,30832,67,-128,-4199,0,0,121,1396,-5788,4172,0,0,0,1,0
8,90,10.391,1,640263,31,-27,-61,30832,67,-128,-4199,0,0,121,1396,-5788,4172,0,0,0,1,0
8,90,10.426,2,640319,31,-27,-61,30832,67,-128,-4199,0,0,121,1396,-5788,4172,0,0,0,1,0
8,90,10.483,3,640375,31,-27,-61,30832,67,-128,-4199,0,0,121,1396,-5788,4172,0,0,0,1,0
8,90,10.536,4,640431,31,-27,-61,30832,67,-128,-4199,0,0,121,1396,-5788,4172,0,0,0,1,0
8,90,10.592,5,640487,31,-27,-61,30832,67,-128,-4199,0,0,121,1396,-5788,4172,0,0,0,1,0
8,90,10.77,6,640543,31,-27,-61,30832,67,-128,-4199,0,0,121,1396,-5788,4172,0,0,0,1,0
8,90,10.77,7,640599,31,-27,-61,30832,67,-128,-4199,0,0,121,1396,-5788,4172,0,0,0,1,0
8,90,10.77,8,640651,31,-27,-61,30832,67,-128,-4199,0,0,121,1396,-5788,4172,0,0,0,1,0
8,90,10.819,9,640707,31,-27,-61,30832,67,-128,-4199,0,0,121,1396,-5788,4172,0,0,0,1,0
8,90,10.871,10,640763,31,-27,-61,30832,67,-128,-4199,0,0,121,1396,-5788,4172,0,0,0,1,0
8,90,10.926,11,640819,31,-27,-61,30832,67,-128,-4199,0,0,121,1396,-5788,4172,0,0,0,1,0
8,90,10.981,12,640875,31,-27,-61,30832,67,-128,-4199,0,0,121,1396,-5788,4172,0,0,0,1,0
8,90,11.04,13,640931,31,-27,-61,30832,67,-128,-4199,0,0,121,1396,-5788,4172,0,0,0,1,0
8,90,11.098,14,640987,31,-27,-61,30832,67,-128,-4199,0,0,121,1396,-5788,4172,0,0,0,1,0
8,90,11.149,15,641043,31,-27,-61,30832,67,-128,-4199,0,0,121,1396,-5788,4172,0,0,0,1,0
9,90,-0.049,34,649244,31,-27,-61,30832,67,-128,-4204,0,0,121,1396,-5788,4172,0,0,0,1,0
9,90,0.007,35,649299,31,-27,-61,30832,67,-128,-4204,0,0,121,1396,-5788,4172,0,0,0,1,0
9,90,0.081,36,649351,31,-27,-61,30832,67,-128,-4204,0,0,121,1397,-5788,4172,0,0,0,1,0
9,90,0.134,37,649423,31,-27,-61,30825,67,-128,-4204,6,0,122,1400,-5786,4172,-800,800,0,1,0
9,90,0.193,38,649495,31,-27,-62,31005,67,-128,-4204,-23,41,122,1403,-5813,4203,-1300,1400,0,1,0
9,90,0.271,39,649567,31,-27,-62,31262,67,-128,-4159,-41,55,122,1406,-5852,4247,-1800,1700,0,1,0
9,90,0.347,40,649639,31,-27,-62,31686,64,-131,-3660,-82,82,122,1409,-5919,4317,-1900,1900,0,1,0
9,90,0.42,41,649712,31,-27,-62,32184,64,-131,-3660,-82,96,122,1412,-5997,4400,-1900,1800,0,1,0
9,90,0.485,42,649783,31,-27,-62,32717,60,-136,-2833,-91,88,122,1415,-6083,4486,-1800,1800,0,1,0
9,90,0.553,43,649855,31,-27,-62,33268,56,-141,-1993,-82,96,122,1418,-6169,4578,-1800,1700,0,1,0
9,90,0.628,44,649927,31,-27,-62,33810,56,-141,-1993,-82,82,122,1421,-6258,4664,-1600,1600,0,1,0
9,90,0.7,45,649999,31,-27,-62,34317,54,-147,-1152,-82,82,122,1424,-6341,4745,-1600,1600,0,1,0
9,90,0.804,46,650071,31,-27,-62,34806,52,-153,-371,-73,64,122,1427,-6422,4822,-1600,1500,0,1,0
9,90,0.845,47,650143,31,-27,-62,35308,52,-153,-371,-67,82,122,1430,-6500,4906,-1600,1500,0,1,0
9,90,0.915,48,650215,31,-27,-62,35772,52,-158,372,-67,90,122,1433,-6575,4981,-1600,1600,0,1,0
9,90,0.991,49,650287,31,-27,-62,36236,53,-164,1087,-73,82,122,1436,-6650,5056,-1500,1600,0,1,0
9,90,1.069,50,650359,31,-27,-62,36673,53,-164,1087,-82,55,122,1439,-6725,5122,-1500,1500,0,1,0
9,90,1.151,51,650431,31,-27,-62,37137,54,-169,1818,-70,70,122,1442,-6797,5200,-1600,1500,0,1,0
9,90,1.202,52,650503,31,-27,-62,37592,54,-169,1818,-64,82,122,1445,-6869,5275,-1500,1600,0,1,0
9,90,1.287,53,650575,31,-27,-62,38057,56,-175,2582,-64,82,122,1448,-6944,5350,-1500,1500,0,1,0
9,90,1.379,54,650648,31,-27,-62,38512,59,-179,3284,-82,79,122,1451,-7019,5422,-1600,1500,0,1,0
9,90,1.464,55,650719,31,-27,-62,38926,59,-179,3284,-50,50,122,1454,-7086,5489,-1000,1000,0,1,0
9,90,1.496,56,650800,31,-27,-62,39183,62,-183,3926,0,0,122,1459,-7130,5528,0,0,0,1,0
9,90,1.558,57,650851,31,-27,-62,39183,62,-183,3926,0,0,122,1461,-7130,5528,0,0,0,1,0
9,90,1.624,58,650923,31,-27,-62,39183,63,-184,4123,0,0,122,1464,-7130,5528,0,0,0,1,0
9,90,1.695,59,650979,31,-27,-62,39183,63,-184,4123,0,0,122,1466,-7130,5528,0,0,0,1,0
9,90,1.731,60,651035,31,-27,-62,39183,63,-184,4123,0,0,122,1466,-7130,5528,0,0,0,1,0
9,90,1.826,61,651091,31,-27,-62,39183,63,-184,4122,0,0,122,1466,-7130,5528,0,0,0,1,0
9,90,1.844,62,651147,31,-27,-62,39183,63,-184,4122,0,0,122,1466,-7130,5528,0,0,0,1,0
9,90,1.903,63,651203,31,-27,-62,39183,63,-184,4122,0,0,122,1466,-7130,5528,0,0,0,1,0
9,90,1.959,64,651259,31,-27,-62,39183,63,-184,4122,0,0,122,1466,-7130,5528,0,0,0,1,0
9,90,2.02,65,651315,31,-27,-62,39183,63,-184,4122,0,0,122,1466,-7130,5528,0,0,0,1,0
9,90,2.074,66,651371,31,-27,-62,39183,63,-184,4122,0,0,122,1466,-7130,5528,0,0,0,1,0
9,90,2.128,67,651427,31,-27,-62,39183,63,-184,4122,0,0,122,1466,-7130,5528,0,0,0,1,0
9,90,2.179,68,651483,31,-27,-62,39183,63,-184,4122,0,0,122,1466,-7130,5528,0,0,0,1,0
9,90,2.249,69,651539,31,-27,-62,39183,63,-184,4122,0,0,122,1466,-7130,5528,0,0,0,1,0
9,90,2.292,70,651591,31,-27,-62,39183,63,-184,4122,0,0,122,1466,-7130,5528,0,0,0,1,0
9,90,2.351,71,651647,31,-27,-62,39183,63,-184,4122,0,0,122,1466,-7130,5528,0,0,0,1,0
9,90,2.406,72,651703,31,-27,-62,39183,63,-184,4122,0,0,122,1466,-7130,5528,0,0,0,1,0
9,90,2.46,73,651759,31,-27,-62,39183,63,-184,4122,0,0,122,1466,-7130,5528,0,0,0,1,0
9,90,2.511,74,651815,31,-27,-62,39183,63,-184,4122,0,0,122,1466,-7130,5528,0,0,0,1,0
9,90,2.572,75,651871,31,-27,-62,39183,63,-184,4122,0,0,122,1466,-7130,5528,0,0,0,1,0
9,90,2.625,76,651927,31,-27,-62,39183,63,-184,4122,0,0,122,1466,-7130,5528,0,0,0,1,0
9,90,2.68,77,651983,31,-27,-62,39183,63,-184,4122,0,0,122,1466,-7130,5528,0,0,0,1,0
9,90,2.737,78,652039,31,-27,-62,39183,63,-184,4122,0,0,122,1466,-7130,5528,0,0,0,1,0
9,90,2.84,79,652095,31,-27,-62,39183,63,-184,4122,0,0,122,1466,-7130,5528,0,0,0,1,0
9,90,2.864,80,652151,31,-27,-62,39183,63,-184,4122,0,0,122,1466,-7130,5528,0,0,0,1,0
9,90,2.913,81,652207,31,-27,-62,39183,63,-184,4122,0,0,122,1466,-7130,5528,0,0,0,1,0
9,90,2.967,82,652263,31,-27,-62,39183,63,-184,4122,0,0,122,1466,-7130,5528,0,0,0,1,0
9,90,3.023,83,652319,31,-27,-62,39183,63,-184,4122,0,0,122,1466,-7130,5528,0,0,0,1,0
9,90,3.088,84,652375,31,-27,-62,39183,63,-184,4122,0,0,122,1466,-7130,5528,0,0,0,1,0
9,90,3.129,85,652431,31,-27,-62,39183,63,-184,4122,0,0,122,1466,-7130,5528,0,0,0,1,0
9,90,3.185,86,652487,31,-27,-62,39183,63,-184,4122,0,0,122,1466,-7130,5528,0,0,0,1,0
9,90,3.241,87,652543,31,-27,-62,39183,63,-184,4122,0,0,122,1466,-7130,5528,0,0,0,1,0
9,90,3.306,88,652599,31,-27,-62,39183,63,-184,4122,0,0,122,1466,-7130,5528,0,0,0,1,0
9,90,3.35,89,652651,31,-27,-62,39183,63,-184,4122,0,0,122,1466,-7130,5528,0,0,0,1,0
9,90,3.412,90,652707,31,-27,-62,39183,63,-184,4122,0,0,122,1466,-7130,5528,0,0,0,1,0
9,90,3.464,91,652763,31,-27,-62,39183,63,-184,4122,0,0,122,1466,-7130,5528,0,0,0,1,0
9,90,3.522,92,652819,31,-27,-62,39183,63,-184,4122,0,0,122,1466,-7130,5528,0,0,0,1,0
9,90,3.573,93,652875,31,-27,-62,39183,63,-184,4122,0,0,122,1466,-7130,5528,0,0,0,1,0
9,90,3.632,94,652931,31,-27,-62,39183,63,-184,4122,0,0,122,1466,-7130,5528,0,0,0,1,0
9,90,3.689,95,652987,31,-27,-62,39183,63,-184,4122,0,0,122,1466,-7130,5528,0,0,0,1,0
9,90,3.762,96,653043,31,-27,-62,39183,63,-184,4122,0,0,122,1466,-7130,5528,0,0,0,1,0
9,90,3.8,97,653099,31,-27,-62,39183,63,-184,4122,0,0,122,1466,-7130,5528,0,0,0,1,0
9,90,3.856,98,653155,31,-27,-62,39183,63,-184,4122,0,0,122,1466,-7130,5528,0,0,0,1,0
9,90,3.916,99,653211,31,-27,-62,39183,63,-184,4122,0,0,122,1466,-7130,5528,0,0,0,1,0
9,90,3.978,100,653267,31,-27,-62,39183,63,-184,4122,0,0,122,1466,-7130,5528,0,0,0,1,0
9,90,4.02,101,653323,31,-27,-62,39183,63,-184,4122,0,0,122,1466,-7130,5528,0,0,0,1,0
9,90,4.081,102,653379,31,-27,-62,39183,63,-184,4122,0,0,122,1466,-7130,5528,0,0,0,1,0
9,90,4.135,103,653435,31,-27,-62,39183,63,-184,4123,0,0,122,1466,-7130,5528,0,0,0,1,0
9,90,4.195,104,653491,31,-27,-62,39183,63,-184,4123,0,0,122,1466,-7130,5528,0,0,0,1,0
9,90,4.248,105,653547,31,-27,-62,39183,63,-184,4123,0,0,122,1466,-7130,5528,0,0,0,1,0
9,90,4.303,106,653603,31,-27,-62,39183,63,-184,4123,0,0,122,1466,-7130,5528,0,0,0,1,0
9,90,4.364,107,653659,31,-27,-62,39183,63,-184,4123,0,0,122,1466,-7130,5528,0,0,0,1,0
9,90,4.408,108,653711,31,-27,-62,39183,63,-184,4123,0,0,122,1466,-7130,5528,0,0,0,1,0
9,90,4.472,109,653767,31,-27,-62,39183,63,-184,4123,0,0,122,1466,-7130,5528,0,0,0,1,0
9,90,4.521,110,653823,31,-27,-62,39183,63,-184,4123,0,0,122,1466,-7130,5528,0,0,0,1,0
9,90,4.576,111,653879,31,-27,-62,39183,63,-184,4123,0,0,122,1466,-7130,5528,0,0,0,1,0
9,90,4.64,112,653935,31,-27,-62,39183,63,-184,4123,0,0,122,1466,-7130,5528,0,0,0,1,0
9,90,4.689,113,653991,31,-27,-62,39183,63,-184,4123,0,0,122,1466,-7130,5528,0,0,0,1,0
9,90,4.761,114,654047,31,-27,-62,39183,63,-184,4123,0,0,122,1466,-7130,5528,0,0,0,1,0
9,90,4.826,115,654103,31,-27,-62,39183,63,-184,4123,0,0,122,1466,-7130,5528,0,0,0,1,0
9,90,4.862,116,654159,31,-27,-62,39183,63,-184,4123,0,0,122,1466,-7130,5528,0,0,0,1,0
9,90,4.916,117,654215,31,-27,-62,39183,63,-184,4123,0,0,122,1466,-7130,5528,0,0,0,1,0
9,90,4.973,118,654271,31,-27,-62,39183,63,-184,4122,0,0,122,1466,-7130,5528,0,0,0,1,0
9,90,5.027,119,654327,31,-27,-62,39183,63,-184,4122,0,0,122,1466,-7130,5528,0,0,0,1,0
9,90,5.085,120,654383,31,-27,-62,39183,63,-184,4123,0,0,122,1466,-7130,5528,0,0,0,1,0
9,90,5.136,121,654439,31,-27,-62,39183,63,-184,4123,0,0,122,1466,-7130,5528,0,0,0,1,0
9,90,5.204,122,654495,31,-27,-62,39183,63,-184,4122,0,0,122,1466,-7130,5528,0,0,0,1,0
9,90,5.257,123,654551,31,-27,-62,39183,63,-184,4122,0,0,122,1466,-7130,5528,0,0,0,1,0
9,90,5.313,124,654607,31,-27,-62,39183,63,-184,4122,0,0,122,1466,-7130,5528,0,0,0,1,0
9,90,5.361,125,654663,31,-27,-62,39183,63,-184,4122,0,0,122,1466,-7130,5528,0,0,0,1,0
9,90,5.429,126,654719,31,-27,-62,39183,63,-184,4123,0,0,122,1466,-7130,5528,0,0,0,1,0
9,90,5.476,127,654771,31,-27,-62,39183,63,-184,4123,0,0,122,1466,-7130,5528,0,0,0,1,0
9,90,5.525,0,654827,31,-27,-62,39183,63,-184,4123,0,0,122,1466,-7130,5528,0,0,0,1,0
9,90,5.582,1,654883,31,-27,-62,39183,63,-184,4123,0,0,122,1466,-7130,5528,0,0,0,1,0
9,90,5.64,2,654939,31,-27,-62,39183,63,-184,4123,0,0,122,1466,-7130,5528,0,0,0,1,0
9,90,5.693,3,654995,31,-27,-62,39183,63,-184,4123,0,0,122,1466,-7130,5528,0,0,0,1,0
9,90,5.75,4,655051,31,-27,-62,39183,63,-184,4122,0,0,122,1466,-7130,5528,0,0,0,1,0
9,90,5.806,5,655107,31,-27,-62,39183,63,-184,4122,0,0,122,1466,-7130,5528,0,0,0,1,0
9,90,5.863,6,655163,31,-27,-62,39183,63,-184,4122,0,0,122,1466,-7130,5528,0,0,0,1,0
9,90,5.919,7,655219,31,-27,-62,39183,63,-184,4122,0,0,122,1466,-7130,5528,0,0,0,1,0
9,90,5.98,8,655275,31,-27,-62,39183,63,-184,4123,0,0,122,1466,-7130,5528,0,0,0,1,0
9,90,6.036,9,655331,31,-27,-62,39183,63,-184,4123,0,0,122,1466,-7130,5528,0,0,0,1,0
9,90,6.089,10,655387,31,-27,-62,39183,63,-184,4123,0,0,122,1466,-7130,5528,0,0,0,1,0
9,90,6.145,11,655443,31,-27,-62,39183,63,-184,4123,0,0,122,1466,-7130,5528,0,0,0,1,0
9,90,6.195,12,655499,31,-27,-62,39183,63,-184,4123,0,0,122,1466,-7130,5528,0,0,0,1,0
9,90,6.252,13,655555,31,-27,-62,39183,63,-184,4123,0,0,122,1466,-7130,5528,0,0,0,1,0
9,90,6.307,14,655611,31,-27,-62,39183,63,-184,4123,0,0,122,1466,-7130,5528,0,0,0,1,0
9,90,6.367,15,655667,31,-27,-62,39183,63,-184,4123,0,0,122,1466,-7130,5528,0,0,0,1,0
9,90,6.424,16,655723,31,-27,-62,39183,63,-184,4122,0,0,122,1466,-7130,5528,0,0,0,1,0
9,90,6.489,17,655779,31,-27,-62,39183,63,-184,4122,0,0,122,1466,-7130,5528,0,0,0,1,0
9,90,6.527,18,655831,31,-27,-62,39183,63,-184,4122,0,0,122,1466,-7130,5528,0,0,0,1,0
9,90,6.584,19,655887,31,-27,-62,39183,63,-184,4122,0,0,122,1466,-7130,5528,0,0,0,1,0
9,90,6.643,20,655943,31,-27,-62,39183,63,-184,4123,0,0,122,1466,-7130,5528,0,0,0,1,0
9,90,6.703,21,655999,31,-27,-62,39183,63,-184,4123,0,0,122,1466,-7130,5528,0,0,0,1,0
9,90,6.754,22,656055,31,-27,-62,39183,63,-184,4123,0,0,122,1466,-7130,5528,0,0,0,1,0
9,90,6.812,23,656111,31,-27,-62,39183,63,-184,4123,0,0,122,1466,-7130,5528,0,0,0,1,0
9,90,6.869,24,656167,31,-27,-62,39183,63,-184,4123,0,0,122,1466,-7130,5528,0,0,0,1,0
9,90,6.923,25,656223,31,-27,-62,39183,63,-184,4123,0,0,122,1466,-7130,5528,0,0,0,1,0
9,90,6.985,26,656279,31,-27,-62,39183,63,-184,4122,0,0,122,1466,-7130,5528,0,0,0,1,0
9,90,7.035,27,656335,31,-27,-62,39183,63,-184,4122,0,0,122,1466,-7130,5528,0,0,0,1,0
9,90,7.09,28,656391,31,-27,-62,39183,63,-184,4123,0,0,122,1466,-7130,5528,0,0,0,1,0
9,90,7.143,29,656447,31,-27,-62,39183,63,-184,4123,0,0,122,1466,-7130,5528,0,0,0,1,0
9,90,7.204,30,656503,31,-27,-62,39183,63,-184,4122,0,0,122,1466,-7130,5528,0,0,0,1,0
9,90,7.325,31,656559,31,-27,-62,39183,63,-184,4122,0,0,122,1466,-7130,5528,0,0,0,1,0
9,90,7.325,32,656615,31,-27,-62,39183,63,-184,4122,0,0,122,1466,-7130,5528,0,0,0,1,0
9,90,7.368,33,656671,31,-27,-62,39183,63,-184,4122,0,0,122,1466,-7130,5528,0,0,0,1,0
9,90,7.422,34,656727,31,-27,-62,39183,63,-184,4122,0,0,122,1466,-7130,5528,0,0,0,1,0
9,90,7.486,35,656783,31,-27,-62,39183,63,-184,4122,0,0,122,1466,-7130,5528,0,0,0,1,0
9,90,7.553,36,656839,31,-27,-62,39183,63,-184,4122,0,0,122,1466,-7130,5528,0,0,0,1,0
9,90,7.593,37,656891,31,-27,-62,39183,63,-184,4122,0,0,122,1466,-7130,5528,0,0,0,1,0
9,90,7.649,38,656947,31,-27,-62,39183,63,-184,4122,0,0,122,1466,-7130,5528,0,0,0,1,0
9,90,7.709,39,657003,31,-27,-62,39183,63,-184,4122,0,0,122,1466,-7130,5528,0,0,0,1,0
9,90,7.755,40,657059,31,-27,-62,39183,63,-184,4123,0,0,122,1466,-7130,5528,0,0,0,1,0
9,90,7.821,41,657115,31,-27,-62,39183,63,-184,4123,0,0,122,1466,-7130,5528,0,0,0,1,0
9,90,7.871,42,657171,31,-27,-62,39183,63,-184,4123,0,0,122,1466,-7130,5528,0,0,0,1,0
9,90,7.922,43,657227,31,-27,-62,39183,63,-184,4123,0,0,122,1466,-7130,5528,0,0,0,1,0
9,90,7.991,44,657283,31,-27,-62,39183,63,-184,4123,0,0,122,1466,-7130,5528,0,0,0,1,0
9,90,8.036,45,657339,31,-27,-62,39183,63,-184,4123,0,0,122,1466,-7130,5528,0,0,0,1,0
9,90,8.103,46,657395,31,-27,-62,39183,63,-184,4123,0,0,122,1466,-7130,5528,0,0,0,1,0
9,90,8.153,47,657451,31,-27,-62,39183,63,-184,4123,0,0,122,1466,-7130,5528,0,0,0,1,0
9,90,8.213,48,657507,31,-27,-62,39183,63,-184,4123,0,0,122,1466,-7130,5528,0,0,0,1,0
9,90,8.268,49,657563,31,-27,-62,39183,63,-184,4123,0,0,122,1466,-7130,5528,0,0,0,1,0
9,90,8.322,50,657619,31,-27,-62,39183,63,-184,4123,0,0,122,1466,-7130,5528,0,0,0,1,0
9,90,8.381,51,657675,31,-27,-62,39183,63,-184,4123,0,0,122,1466,-7130,5528,0,0,0,1,0
9,90,8.431,52,657731,31,-27,-62,39183,63,-184,4123,0,0,122,1466,-7130,5528,0,0,0,1,0
9,90,8.487,53,657787,31,-27,-62,39183,63,-184,4123,0,0,122,1466,-7130,5528,0,0,0,1,0
9,90,8.549,54,657843,31,-27,-62,39183,63,-184,4123,0,0,122,1466,-7130,5528,0,0,0,1,0
9,90,8.614,55,657899,31,-27,-62,39183,63,-184,4123,0,0,122,1466,-7130,5528,0,0,0,1,0
9,90,8.656,56,657951,31,-27,-62,39183,63,-184,4123,0,0,122,1466,-7130,5528,0,0,0,1,0
9,90,8.709,57,658007,31,-27,-62,39183,63,-184,4123,0,0,122,1466,-7130,5528,0,0,0,1,0
9,90,8.798,58,658063,31,-27,-62,39183,63,-184,4123,0,0,122,1466,-7130,5528,0,0,0,1,0
9,90,8.815,59,658119,31,-27,-62,39183,63,-184,4123,0,0,122,1466,-7130,5528,0,0,0,1,0
9,90,8.883,60,658175,31,-27,-62,39183,63,-184,4123,0,0,122,1466,-7130,5528,0,0,0,1,0
9,90,8.933,61,658231,31,-27,-62,39183,63,-184,4123,0,0,122,1466,-7130,5528,0,0,0,1,0
9,90,8.989,62,658287,31,-27,-62,39183,63,-184,4123,0,0,122,1466,-7130,5528,0,0,0,1,0
9,90,9.046,63,658343,31,-27,-62,39183,63,-184,4123,0,0,122,1466,-7130,5528,0,0,0,1,0
9,90,9.096,64,658399,31,-27,-62,39183,63,-184,4123,0,0,122,1466,-7130,5528,0,0,0,1,0
9,90,9.154,65,658455,31,-27,-62,39183,63,-184,4123,0,0,122,1466,-7130,5528,0,0,0,1,0
9,90,9.207,66,658511,31,-27,-62,39183,63,-184,4122,0,0,122,1466,-7130,5528,0,0,0,1,0
9,90,9.27,67,658567,31,-27,-62,39183,63,-184,4122,0,0,122,1466,-7130,5528,0,0,0,1,0
9,90,9.324,68,658623,31,-27,-62,39183,63,-184,4122,0,0,122,1466,-7130,5528,0,0,0,1,0
9,90,9.376,69,658679,31,-27,-62,39183,63,-184,4122,0,0,122,1466,-7130,5528,0,0,0,1,0
9,90,9.434,70,658735,31,-27,-62,39183,63,-184,4122,0,0,122,1466,-7130,5528,0,0,0,1,0
9,90,9.489,71,658791,31,-27,-62,39183,63,-184,4122,0,0,122,1466,-7130,5528,0,0,0,1,0
9,90,9.546,72,658847,31,-27,-62,39183,63,-184,4122,0,0,122,1466,-7130,5528,0,0,0,1,0
9,90,9.6,73,658903,31,-27,-62,39183,63,-184,4122,0,0,122,1466,-7130,5528,0,0,0,1,0
9,90,9.662,74,658959,31,-27,-62,39183,63,-184,4122,0,0,122,1466,-7130,5528,0,0,0,1,0
9,90,9.708,75,659011,31,-27,-62,39183,63,-184,4122,0,0,122,1466,-7130,5528,0,0,0,1,0
9,90,9.764,76,659067,31,-27,-62,39183,63,-184,4122,0,0,122,1466,-7130,5528,0,0,0,1,0
9,90,9.824,77,659123,31,-27,-62,39183,63,-184,4122,0,0,122,1466,-7130,5528,0,0,0,1,0
9,90,9.884,78,659179,31,-27,-62,39183,63,-184,4122,0,0,122,1466,-7130,5528,0,0,0,1,0
9,90,9.933,79,659235,31,-27,-62,39183,63,-184,4122,0,0,122,1466,-7130,5528,0,0,0,1,0
9,90,10.047,80,659291,31,-27,-62,39183,63,-184,4122,0,0,122,1466,-7130,5528,0,0,0,1,0
9,90,10.047,81,659347,31,-27,-62,39183,63,-184,4122,0,0,122,1466,-7130,5528,0,0,0,1,0
9,90,10.1,82,659403,31,-27,-62,39183,63,-184,4122,0,0,122,1466,-7130,5528,0,0,0,1,0
9,90,10.166,83,659459,31,-27,-62,39183,63,-184,4122,0,0,122,1466,-7130,5528,0,0,0,1,0
9,90,10.213,84,659515,31,-27,-62,39183,63,-184,4122,0,0,122,1466,-7130,5528,0,0,0,1,0
9,90,10.267,85,659571,31,-27,-62,39183,63,-184,4122,0,0,122,1466,-7130,5528,0,0,0,1,0
9,90,10.33,86,659627,31,-27,-62,39183,63,-184,4122,0,0,122,1466,-7130,5528,0,0,0,1,0
9,90,10.38,87,659683,31,-27,-62,39183,63,-184,4122,0,0,122,1466,-7130,5528,0,0,0,1,0
10,-90,-0.019,93,667159,31,-27,-62,39183,63,-184,4119,0,0,122,1466,-7130,5528,0,0,0,1,0
10,-90,0.05,94,667227,31,-27,-62,39183,63,-184,4119,0,0,122,1467,-7130,5528,0,0,0,1,0
10,-90,0.144,95,667299,31,-27,-62,39183,63,-184,4118,0,0,123,1470,-7130,5528,800,-800,0,1,0
10,-90,0.209,96,667371,31,-26,-62,39115,63,-184,4118,32,0,126,1473,-7108,5528,1500,-1200,0,1,0
10,-90,0.27,97,667443,31,-26,-61,38917,63,-184,4114,41,-18,126,1476,-7072,5500,1800,-1500,0,1,0
10,-90,0.349,98,667515,31,-25,-61,38598,63,-181,3806,91,-58,126,1479,-7005,5464,1900,-1900,0,1,0
10,-90,0.425,99,667587,31,-24,-61,38171,63,-181,3806,75,-63,126,1482,-6925,5406,1900,-1900,0,1,0
10,-90,0.485,100,667659,31,-24,-60,37679,61,-177,3133,90,-55,126,1485,-6838,5334,1900,-1900,0,1,0
10,-90,0.557,101,667731,31,-24,-60,37190,58,-172,2341,82,-73,126,1488,-6758,5256,1900,-1900,0,1,0
10,-90,0.633,102,667803,31,-23,-60,36664,58,-172,2341,91,-82,126,1491,-6666,5178,1900,-1900,0,1,0
10,-90,0.721,103,667875,31,-23,-60,36147,57,-167,1543,96,-91,126,1494,-6580,5097,1900,-1800,0,1,0
10,-90,0.771,104,667947,31,-23,-60,35639,56,-161,747,99,-82,126,1497,-6491,5022,1800,-1900,0,1,0
10,-90,0.845,105,668019,31,-22,-60,35141,56,-161,747,99,-58,126,1500,-6402,4950,1800,-1800,0,1,0
10,-90,0.913,106,668091,31,-22,-60,34624,57,-155,-49,99,-82,126,1503,-6313,4872,1700,-1800,0,1,0
10,-90,0.992,107,668163,31,-22,-61,34128,58,-150,-819,82,-73,126,1506,-6230,4795,1700,-1800,0,1,0
10,-90,1.063,108,668235,31,-21,-61,33645,58,-150,-819,82,-82,126,1509,-6147,4722,1700,-1800,0,1,0
10,-90,1.135,109,668307,31,-21,-61,33172,60,-145,-1567,82,-82,126,1512,-6066,4650,1700,-1700,0,1,0
10,-90,1.206,110,668379,31,-21,-61,32683,60,-145,-1567,73,-77,127,1515,-5983,4575,1700,-1800,0,1,0
10,-90,1.28,111,668451,31,-20,-61,32218,63,-140,-2341,82,-64,127,1518,-5902,4506,1700,-1600,0,1,0
10,-90,1.348,112,668523,31,-20,-62,31736,67,-136,-3083,91,-58,127,1521,-5813,4439,1600,-1600,0,1,0
10,-90,1.43,113,668595,31,-20,-62,31265,67,-136,-3083,73,-64,127,1524,-5733,4367,1200,-1400,0,1,0
10,-90,1.498,114,668667,31,-20,-62,30928,71,-133,-3810,50,-50,127,1527,-5680,4311,1000,-1200,0,1,0
10,-90,1.566,115,668739,31,-20,-62,30686,73,-130,-4259,26,-26,127,1530,-5641,4272,600,-800,0,1,0
10,-90,1.643,116,668811,31,-20,-62,30568,73,-130,-4259,15,-9,127,1533,-5625,4250,800,-1000,0,1,0
10,-90,1.717,117,668883,31,-20,-61,30448,74,-129,-4445,15,-18,127,1536,-5608,4228,800,-900,0,1,0
10,-90,1.84,118,668952,31,-20,-61,30336,76,-128,-4674,0,0,127,1540,-5591,4209,0,0,0,1,0
10,-90,1.861,119,669003,31,-20,-61,30336,76,-128,-4674,0,0,127,1542,-5591,4209,0,0,0,1,0
10,-90,1.905,120,669075,31,-20,-61,30336,76,-128,-4688,0,0,127,1545,-5591,4209,0,0,0,1,0
10,-90,1.972,121,669147,31,-20,-61,30336,76,-128,-4688,0,0,127,1548,-5591,4209,0,0,0,1,0
10,-90,2.037,122,669203,31,-20,-61,30336,76,-128,-4688,0,0,127,1549,-5591,4209,0,0,0,1,0
10,-90,2.086,123,669259,31,-20,-61,30336,76,-128,-4688,0,0,127,1549,-5591,4209,0,0,0,1,0
10,-90,2.146,124,669315,31,-20,-61,30336,76,-128,-4688,0,0,127,1549,-5591,4209,0,0,0,1,0
10,-90,2.196,125,669371,31,-20,-61,30336,76,-128,-4688,0,0,127,1549,-5591,4209,0,0,0,1,0
10,-90,2.257,126,669427,31,-20,-61,30336,76,-128,-4688,0,0,127,1549,-5591,4209,0,0,0,1,0
10,-90,2.315,127,669483,31,-20,-61,30336,76,-128,-4688,0,0,127,1549,-5591,4209,0,0,0,1,0
10,-90,2.365,0,669539,31,-20,-61,30336,76,-128,-4688,0,0,127,1549,-5591,4209,0,0,0,1,0
10,-90,2.45,1,669595,31,-20,-61,30336,76,-128,-4688,0,0,127,1549,-5591,4209,0,0,0,1,0
10,-90,2.475,2,669651,31,-20,-61,30336,76,-128,-4688,0,0,127,1549,-5591,4209,0,0,0,1,0
10,-90,2.535,3,669707,31,-20,-61,30336,76,-128,-4688,0,0,127,1549,-5591,4209,0,0,0,1,0
10,-90,2.598,4,669763,31,-20,-61,30336,76,-128,-4689,0,0,127,1549,-5591,4209,0,0,0,1,0
10,-90,2.742,5,669819,31,-20,-61,30336,76,-128,-4689,0,0,127,1549,-5591,4209,0,0,0,1,0
10,-90,2.742,6,669875,31,-20,-61,30336,76,-128,-4689,0,0,127,1549,-5591,4209,0,0,0,1,0
10,-90,2.756,7,669931,31,-20,-61,30336,76,-128,-4689,0,0,127,1549,-5591,4209,0,0,0,1,0
10,-90,2.818,8,669987,31,-20,-61,30336,76,-128,-4689,0,0,127,1549,-5591,4209,0,0,0,1,0
10,-90,2.877,9,670039,31,-20,-61,30336,76,-128,-4689,0,0,127,1549,-5591,4209,0,0,0,1,0
10,-90,2.926,10,670095,31,-20,-61,30336,76,-128,-4689,0,0,127,1549,-5591,4209,0,0,0,1,0
10,-90,2.978,11,670151,31,-20,-61,30336,76,-128,-4689,0,0,127,1549,-5591,4209,0,0,0,1,0
10,-90,3.035,12,670207,31,-20,-61,30336,76,-128,-4689,0,0,127,1549,-5591,4209,0,0,0,1,0
10,-90,3.087,13,670263,31,-20,-61,30336,76,-128,-4689,0,0,127,1549,-5591,4209,0,0,0,1,0
10,-90,3.152,14,670319,31,-20,-61,30336,76,-128,-4689,0,0,127,1549,-5591,4209,0,0,0,1,0
10,-90,3.267,15,670375,31,-20,-61,30336,76,-128,-4689,0,0,127,1549,-5591,4209,0,0,0,1,0
10,-90,3.322,16,670431,31,-20,-61,30336,76,-128,-4689,0,0,127,1549,-5591,4209,0,0,0,1,0
10,-90,3.377,17,670487,31,-20,-61,30336,76,-128,-4689,0,0,127,1549,-5591,4209,0,0,0,1,0
10,-90,3.392,18,670543,31,-20,-61,30336,76,-128,-4689,0,0,127,1549,-5591,4209,0,0,0,1,0
10,-90,3.445,19,670599,31,-20,-61,30336,76,-128,-4689,0,0,127,1549,-5591,4209,0,0,0,1,0
10,-90,3.483,20,670655,31,-20,-61,30336,76,-128,-4689,0,0,127,1549,-5591,4209,0,0,0,1,0
10,-90,3.54,21,670711,31,-20,-61,30336,76,-128,-4689,0,0,127,1549,-5591,4209,0,0,0,1,0
10,-90,3.621,22,670767,31,-20,-61,30336,76,-128,-4689,0,0,127,1549,-5591,4209,0,0,0,1,0
10,-90,3.647,23,670823,31,-20,-61,30336,76,-128,-4689,0,0,127,1549,-5591,4209,0,0,0,1,0
10,-90,3.751,24,670879,31,-20,-61,30336,76,-128,-4689,0,0,127,1549,-5591,4209,0,0,0,1,0
10,-90,3.778,25,670935,31,-20,-61,30336,76,-128,-4689,0,0,127,1549,-5591,4209,0,0,0,1,0
10,-90,3.843,26,670991,31,-20,-61,30336,76,-128,-4689,0,0,127,1549,-5591,4209,0,0,0,1,0
10,-90,4.315,27,671047,31,-20,-61,30336,76,-128,-4689,0,0,127,1549,-5591,4209,0,0,0,1,0
10,-90,4.315,28,671099,31,-20,-61,30336,76,-128,-4689,0,0,127,1549,-5591,4209,0,0,0,1,0
10,-90,4.315,29,671155,31,-20,-61,30336,76,-128,-4689,0,0,127,1549,-5591,4209,0,0,0,1,0
10,-90,4.315,30,671211,31,-20,-61,30336,76,-128,-4689,0,0,127,1549,-5591,4209,0,0,0,1,0
10,-90,4.315,31,671267,31,-20,-61,30336,76,-128,-4689,0,0,127,1549,-5591,4209,0,0,0,1,0
10,-90,4.315,32,671323,31,-20,-61,30336,76,-128,-4689,0,0,127,1549,-5591,4209,0,0,0,1,0
10,-90,4.315,33,671379,31,-20,-61,30336,76,-128,-4689,0,0,127,1549,-5591,4209,0,0,0,1,0
10,-90,4.315,34,671435,31,-20,-61,30336,76,-128,-4689,0,0,127,1549,-5591,4209,0,0,0,1,0
10,-90,4.315,35,671491,31,-20,-61,30336,76,-128,-4689,0,0,127,1549,-5591,4209,0,0,0,1,0
10,-90,4.406,36,671547,31,-20,-61,30336,76,-128,-4689,0,0,127,1549,-5591,4209,0,0,0,1,0
10,-90,4.445,37,671603,31,-20,-61,30336,76,-128,-4689,0,0,127,1549,-5591,4209,0,0,0,1,0
10,-90,4.576,38,671659,31,-20,-61,30336,76,-128,-4689,0,0,127,1549,-5591,4209,0,0,0,1,0
10,-90,4.587,39,671715,31,-20,-61,30336,76,-128,-4689,0,0,127,1549,-5591,4209,0,0,0,1,0
10,-90,4.625,40,671771,31,-20,-61,30336,76,-128,-4689,0,0,127,1549,-5591,4209,0,0,0,1,0
10,-90,4.658,41,671827,31,-20,-61,30336,76,-128,-4689,0,0,127,1549,-5591,4209,0,0,0,1,0
10,-90,4.783,42,671883,31,-20,-61,30336,76,-128,-4689,0,0,127,1549,-5591,4209,0,0,0,1,0
10,-90,4.848,43,671939,31,-20,-61,30336,76,-128,-4689,0,0,127,1549,-5591,4209,0,0,0,1,0
10,-90,4.848,44,671995,31,-20,-61,30336,76,-128,-4689,0,0,127,1549,-5591,4209,0,0,0,1,0
10,-90,4.899,45,672051,31,-20,-61,30336,76,-128,-4689,0,0,127,1549,-5591,4209,0,0,0,1,0
10,-90,4.951,46,672107,31,-20,-61,30336,76,-128,-4690,0,0,127,1549,-5591,4209,0,0,0,1,0
10,-90,5.077,47,672159,31,-20,-61,30336,76,-128,-4690,0,0,127,1549,-5591,4209,0,0,0,1,0
10,-90,5.077,48,672215,31,-20,-61,30336,76,-128,-4690,0,0,127,1549,-5591,4209,0,0,0,1,0
10,-90,5.1,49,672271,31,-20,-61,30336,76,-128,-4690,0,0,127,1549,-5591,4209,0,0,0,1,0
10,-90,5.152,50,672327,31,-20,-61,30336,76,-128,-4690,0,0,127,1549,-5591,4209,0,0,0,1,0
10,-90,5.464,51,672383,31,-20,-61,30336,76,-128,-4690,0,0,127,1549,-5591,4209,0,0,0,1,0
10,-90,5.464,52,672439,31,-20,-61,30336,76,-128,-4690,0,0,127,1549,-5591,4209,0,0,0,1,0
10,-90,5.464,53,672495,31,-20,-61,30336,76,-128,-4690,0,0,127,1549,-5591,4209,0,0,0,1,0
10,-90,5.464,54,672551,31,-20,-61,30336,76,-128,-4690,0,0,127,1549,-5591,4209,0,0,0,1,0
10,-90,5.464,55,672607,31,-20,-61,30336,76,-128,-4690,0,0,127,1549,-5591,4209,0,0,0,1,0
10,-90,5.588,56,672663,31,-20,-61,30336,76,-128,-4690,0,0,127,1549,-5591,4209,0,0,0,1,0
10,-90,5.588,57,672719,31,-20,-61,30336,76,-128,-4690,0,0,127,1549,-5591,4209,0,0,0,1,0
10,-90,5.73,58,672775,31,-20,-61,30336,76,-128,-4690,0,0,127,1549,-5591,4209,0,0,0,1,0
10,-90,5.73,59,672831,31,-20,-61,30336,76,-128,-4690,0,0,127,1549,-5591,4209,0,0,0,1,0
10,-90,5.73,60,672887,31,-20,-61,30336,76,-128,-4690,0,0,127,1549,-5591,4209,0,0,0,1,0
10,-90,5.851,61,672943,31,-20,-61,30336,76,-128,-4690,0,0,127,1549,-5591,4209,0,0,0,1,0
10,-90,5.852,62,672999,31,-20,-61,30336,76,-128,-4690,0,0,127,1549,-5591,4209,0,0,0,1,0
10,-90,5.884,63,673055,31,-20,-61,30336,76,-128,-4690,0,0,127,1549,-5591,4209,0,0,0,1,0
10,-90,5.958,64,673111,31,-20,-61,30336,76,-128,-4690,0,0,127,1549,-5591,4209,0,0,0,1,0
10,-90,6.118,65,673167,31,-20,-61,30336,76,-128,-4690,0,0,127,1549,-5591,4209,0,0,0,1,0
10,-90,6.146,66,673219,31,-20,-61,30336,76,-128,-4690,0,0,127,1549,-5591,4209,0,0,0,1,0
10,-90,6.146,67,673275,31,-20,-61,30336,76,-128,-4690,0,0,127,1549,-5591,4209,0,0,0,1,0
10,-90,6.18,68,673331,31,-20,-61,30336,76,-128,-4690,0,0,127,1549,-5591,4209,0,0,0,1,0
10,-90,6.226,69,673387,31,-20,-61,30336,76,-128,-4690,0,0,127,1549,-5591,4209,0,0,0,1,0
10,-90,6.298,70,673443,31,-20,-61,30336,76,-128,-4690,0,0,127,1549,-5591,4209,0,0,0,1,0
10,-90,6.36,71,673499,31,-20,-61,30336,76,-128,-4690,0,0,127,1549,-5591,4209,0,0,0,1,0
10,-90,6.387,72,673555,31,-20,-61,30336,76,-128,-4690,0,0,127,1549,-5591,4209,0,0,0,1,0
10,-90,6.493,73,673611,31,-20,-61,30336,76,-128,-4690,0,0,127,1549,-5591,4209,0,0,0,1,0
10,-90,6.507,74,673667,31,-20,-61,30336,76,-128,-4690,0,0,127,1549,-5591,4209,0,0,0,1,0
10,-90,6.558,75,673723,31,-20,-61,30336,76,-128,-4690,0,0,127,1549,-5591,4209,0,0,0,1,0
10,-90,6.613,76,673779,31,-20,-61,30336,76,-128,-4690,0,0,127,1549,-5591,4209,0,0,0,1,0
10,-90,6.658,77,673835,31,-20,-61,30336,76,-128,-4690,0,0,127,1549,-5591,4209,0,0,0,1,0
10,-90,6.718,78,673891,31,-20,-61,30336,76,-128,-4690,0,0,127,1549,-5591,4209,0,0,0,1,0
10,-90,6.771,79,673947,31,-20,-61,30336,76,-128,-4690,0,0,127,1549,-5591,4209,0,0,0,1,0
10,-90,6.829,80,674003,31,-20,-61,30336,76,-128,-4691,0,0,127,1549,-5591,4209,0,0,0,1,0
10,-90,6.89,81,674059,31,-20,-61,30336,76,-128,-4691,0,0,127,1549,-5591,4209,0,0,0,1,0
10,-90,6.948,82,674115,31,-20,-61,30336,76,-128,-4691,0,0,127,1549,-5591,4209,0,0,0,1,0
10,-90,7.01,83,674171,31,-20,-61,30336,76,-128,-4691,0,0,127,1549,-5591,4209,0,0,0,1,0
10,-90,7.063,84,674227,31,-20,-61,30336,76,-128,-4691,0,0,127,1549,-5591,4209,0,0,0,1,0
10,-90,7.108,85,674279,31,-20,-61,30336,76,-128,-4691,0,0,127,1549,-5591,4209,0,0,0,1,0
10,-90,7.188,86,674335,31,-20,-61,30336,76,-128,-4691,0,0,127,1549,-5591,4209,0,0,0,1,0
10,-90,7.214,87,674391,31,-20,-61,30336,76,-128,-4691,0,0,127,1549,-5591,4209,0,0,0,1,0
10,-90,7.278,88,674447,31,-20,-61,30336,76,-128,-4691,0,0,127,1549,-5591,4209,0,0,0,1,0
10,-90,7.339,89,674503,31,-20,-61,30336,76,-128,-4691,0,0,127,1549,-5591,4209,0,0,0,1,0
10,-90,7.391,90,674559,31,-20,-61,30336,76,-128,-4691,0,0,127,1549,-5591,4209,0,0,0,1,0
10,-90,7.437,91,674615,31,-20,-61,30336,76,-128,-4691,0,0,127,1549,-5591,4209,0,0,0,1,0
10,-90,7.497,92,674671,31,-20,-61,30336,76,-128,-4691,0,0,127,1549,-5591,4209,0,0,0,1,0
10,-90,7.563,93,674727,31,-20,-61,30336,76,-128,-4691,0,0,127,1549,-5591,4209,0,0,0,1,0
10,-90,7.652,94,674783,31,-20,-61,30336,76,-128,-4691,0,0,127,1549,-5591,4209,0,0,0,1,0
10,-90,7.662,95,674839,31,-20,-61,30336,76,-128,-4691,0,0,127,1549,-5591,4209,0,0,0,1,0
10,-90,7.726,96,674895,31,-20,-61,30336,76,-128,-4691,0,0,127,1549,-5591,4209,0,0,0,1,0
10,-90,7.776,97,674951,31,-20,-61,30336,76,-128,-4691,0,0,127,1549,-5591,4209,0,0,0,1,0
10,-90,7.83,98,675007,31,-20,-61,30336,76,-128,-4691,0,0,127,1549,-5591,4209,0,0,0,1,0
10,-90,7.89,99,675063,31,-20,-61,30336,76,-128,-4691,0,0,127,1549,-5591,4209,0,0,0,1,0
10,-90,7.955,100,675119,31,-20,-61,30336,76,-128,-4691,0,0,127,1549,-5591,4209,0,0,0,1,0
10,-90,8.0,101,675175,31,-20,-61,30336,76,-128,-4691,0,0,127,1549,-5591,4209,0,0,0,1,0
10,-90,8.056,102,675231,31,-20,-61,30336,76,-128,-4691,0,0,127,1549,-5591,4209,0,0,0,1,0
10,-90,8.12,103,675287,31,-20,-61,30336,76,-128,-4691,0,0,127,1549,-5591,4209,0,0,0,1,0
10,-90,8.162,104,675339,31,-20,-61,30336,76,-128,-4691,0,0,127,1549,-5591,4209,0,0,0,1,0
10,-90,8.224,105,675395,31,-20,-61,30336,76,-128,-4691,0,0,127,1549,-5591,4209,0,0,0,1,0
10,-90,8.274,106,675451,31,-20,-61,30336,76,-128,-4691,0,0,127,1549,-5591,4209,0,0,0,1,0
10,-90,8.329,107,675507,31,-20,-61,30336,76,-128,-4691,0,0,127,1549,-5591,4209,0,0,0,1,0
10,-90,8.408,108,675563,31,-20,-61,30336,76,-128,-4691,0,0,127,1549,-5591,4209,0,0,0,1,0
10,-90,8.452,109,675619,31,-20,-61,30336,76,-128,-4692,0,0,127,1549,-5591,4209,0,0,0,1,0
10,-90,8.521,110,675675,31,-20,-61,30336,76,-128,-4692,0,0,127,1549,-5591,4209,0,0,0,1,0
10,-90,8.565,111,675731,31,-20,-61,30336,76,-128,-4692,0,0,127,1549,-5591,4209,0,0,0,1,0
10,-90,8.628,112,675787,31,-20,-61,30336,76,-128,-4692,0,0,127,1549,-5591,4209,0,0,0,1,0
10,-90,8.679,113,675843,31,-20,-61,30336,76,-128,-4692,0,0,127,1549,-5591,4209,0,0,0,1,0
10,-90,8.725,114,675899,31,-20,-61,30336,76,-128,-4692,0,0,127,1549,-5591,4209,0,0,0,1,0
10,-90,8.801,115,675955,31,-20,-61,30336,76,-128,-4692,0,0,127,1549,-5591,4209,0,0,0,1,0
10,-90,8.846,116,676011,31,-20,-61,30336,76,-128,-4692,0,0,127,1549,-5591,4209,0,0,0,1,0
10,-90,8.905,117,676067,31,-20,-61,30336,76,-128,-4692,0,0,127,1549,-5591,4209,0,0,0,1,0
10,-90,8.946,118,676123,31,-20,-61,30336,76,-128,-4692,0,0,127,1549,-5591,4209,0,0,0,1,0
10,-90,9.016,119,676179,31,-20,-61,30336,76,-128,-4692,0,0,127,1549,-5591,4209,0,0,0,1,0
10,-90,9.067,120,676235,31,-20,-61,30336,76,-128,-4692,0,0,127,1549,-5591,4209,0,0,0,1,0
10,-90,9.125,121,676291,31,-20,-61,30336,76,-128,-4692,0,0,127,1549,-5591,4209,0,0,0,1,0
10,-90,9.18,122,676347,31,-20,-61,30336,76,-128,-4692,0,0,127,1549,-5591,4209,0,0,0,1,0
10,-90,9.221,123,676399,31,-20,-61,30336,76,-128,-4692,0,0,127,1549,-5591,4209,0,0,0,1,0
10,-90,9.28,124,676455,31,-20,-61,30336,76,-128,-4692,0,0,127,1549,-5591,4209,0,0,0,1,0
10,-90,9.341,125,676511,31,-20,-61,30336,76,-128,-4692,0,0,127,1549,-5591,4209,0,0,0,1,0
10,-90,9.396,126,676567,31,-20,-61,30336,76,-128,-4692,0,0,127,1549,-5591,4209,0,0,0,1,0
10,-90,9.454,127,676623,31,-20,-61,30336,76,-128,-4692,0,0,127,1549,-5591,4209,0,0,0,1,0
10,-90,9.505,0,676679,31,-20,-61,30336,76,-128,-4692,0,0,127,1549,-5591,4209,0,0,0,1,0
10,-90,9.576,1,676735,31,-20,-61,30336,76,-128,-4693,0,0,127,1549,-5591,4209,0,0,0,1,0
10,-90,9.631,2,676791,31,-20,-61,30336,76,-128,-4693,0,0,127,1549,-5591,4209,0,0,0,1,0
10,-90,9.676,3,676847,31,-20,-61,30336,76,-128,-4693,0,0,127,1549,-5591,4209,0,0,0,1,0
10,-90,9.727,4,676903,31,-20,-61,30336,76,-128,-4693,0,0,127,1549,-5591,4209,0,0,0,1,0
10,-90,9.788,5,676959,31,-20,-61,30336,76,-128,-4693,0,0,127,1549,-5591,4209,0,0,0,1,0
10,-90,9.837,6,677015,31,-20,-61,30336,76,-128,-4693,0,0,127,1549,-5591,4209,0,0,0,1,0
10,-90,9.897,7,677071,31,-20,-61,30336,76,-128,-4693,0,0,127,1549,-5591,4209,0,0,0,1,0
10,-90,9.951,8,677127,31,-20,-61,30336,76,-128,-4693,0,0,127,1549,-5591,4209,0,0,0,1,0
10,-90,10.004,9,677183,31,-20,-61,30336,76,-128,-4692,0,0,127,1549,-5591,4209,0,0,0,1,0
10,-90,10.068,10,677239,31,-20,-61,30336,76,-128,-4692,0,0,127,1549,-5591,4209,0,0,0,1,0
10,-90,10.119,11,677295,31,-20,-61,30336,76,-128,-4692,0,0,127,1549,-5591,4209,0,0,0,1,0
10,-90,10.177,12,677351,31,-20,-61,30336,76,-128,-4692,0,0,127,1549,-5591,4209,0,0,0,1,0
10,-90,10.243,13,677407,31,-20,-61,30336,76,-128,-4693,0,0,127,1549,-5591,4209,0,0,0,1,0
10,-90,10.284,14,677459,31,-20,-61,30336,76,-128,-4693,0,0,127,1549,-5591,4209,0,0,0,1,0
10,-90,10.341,15,677515,31,-20,-61,30336,76,-128,-4693,0,0,127,1549,-5591,4209,0,0,0,1,0
10,-90,10.403,16,677571,31,-20,-61,30336,76,-128,-4693,0,0,127,1549,-5591,4209,0,0,0,1,0
10,-90,10.456,17,677627,31,-20,-61,30336,76,-128,-4693,0,0,127,1549,-5591,4209,0,0,0,1,0
10,-90,10.51,18,677683,31,-20,-61,30336,76,-128,-4693,0,0,127,1549,-5591,4209,0,0,0,1,0
10,-90,10.564,19,677739,31,-20,-61,30336,76,-128,-4693,0,0,127,1549,-5591,4209,0,0,0,1,0
10,-90,10.62,20,677795,31,-20,-61,30336,76,-128,-4693,0,0,127,1549,-5591,4209,0,0,0,1,0
10,-90,10.678,21,677851,31,-20,-61,30336,76,-128,-4693,0,0,127,1549,-5591,4209,0,0,0,1,0
10,-90,10.732,22,677907,31,-20,-61,30336,76,-128,-4693,0,0,127,1549,-5591,4209,0,0,0,1,0
10,-90,10.79,23,677963,31,-20,-61,30336,76,-128,-4693,0,0,127,1549,-5591,4209,0,0,0,1,0
10,-90,10.851,24,678019,31,-20,-61,30336,76,-128,-4693,0,0,127,1549,-5591,4209,0,0,0,1,0
10,-90,10.904,25,678075,31,-20,-61,30336,76,-128,-4693,0,0,127,1549,-5591,4209,0,0,0,1,0
10,-90,10.954,26,678131,31,-20,-61,30336,76,-128,-4693,0,0,127,1549,-5591,4209,0,0,0,1,0
10,-90,11.01,27,678187,31,-20,-61,30336,76,-128,-4693,0,0,127,1549,-5591,4209,0,0,0,1,0
10,-90,11.083,28,678243,31,-20,-61,30336,76,-128,-4693,0,0,127,1549,-5591,4209,0,0,0,1,0
10,-90,11.121,29,678299,31,-20,-61,30336,76,-128,-4693,0,0,127,1549,-5591,4209,0,0,0,1,0
10,-90,11.179,30,678355,31,-20,-61,30336,76,-128,-4693,0,0,127,1549,-5591,4209,0,0,0,1,0
10,-90,11.242,31,678411,31,-20,-61,30336,76,-128,-4693,0,0,127,1549,-5591,4209,0,0,0,1,0
10,-90,11.297,32,678467,31,-20,-61,30336,76,-128,-4693,0,0,127,1549,-5591,4209,0,0,0,1,0
10,-90,11.34,33,678519,31,-20,-61,30336,76,-128,-4693,0,0,127,1549,-5591,4209,0,0,0,1,0
10,-90,11.397,34,678575,31,-20,-61,30336,76,-128,-4693,0,0,127,1549,-5591,4209,0,0,0,1,0
10,-90,11.454,35,678631,31,-20,-61,30336,76,-128,-4693,0,0,127,1549,-5591,4209,0,0,0,1,0
10,-90,11.509,36,678687,31,-20,-61,30336,76,-128,-4693,0,0,127,1549,-5591,4209,0,0,0,1,0
10,-90,11.566,37,678743,31,-20,-61,30336,76,-128,-4693,0,0,127,1549,-5591,4209,0,0,0,1,0
10,-90,11.623,38,678799,31,-20,-61,30336,76,-128,-4693,0,0,127,1549,-5591,4209,0,0,0,1,0
10,-90,11.677,39,678855,31,-20,-61,30336,76,-128,-4693,0,0,127,1549,-5591,4209,0,0,0,1,0
10,-90,11.733,40,678911,31,-20,-61,30336,76,-128,-4693,0,0,127,1549,-5591,4209,0,0,0,1,0
10,-90,11.792,41,678967,31,-20,-61,30336,76,-128,-4693,0,0,127,1549,-5591,4209,0,0,0,1,0
10,-90,11.855,42,679023,31,-20,-61,30336,76,-128,-4693,0,0,127,1549,-5591,4209,0,0,0,1,0
10,-90,11.901,43,679079,31,-20,-61,30336,76,-128,-4693,0,0,127,1549,-5591,4209,0,0,0,1,0
10,-90,11.985,44,679135,31,-20,-61,30336,76,-128,-4693,0,0,127,1549,-5591,4209,0,0,0,1,0
10,-90,12.079,45,679191,31,-20,-61,30336,76,-128,-4693,0,0,127,1549,-5591,4209,0,0,0,1,0
10,-90,12.099,46,679247,31,-20,-61,30336,76,-128,-4693,0,0,127,1549,-5591,4209,0,0,0,1,0
10,-90,12.211,47,679303,31,-20,-61,30336,76,-128,-4693,0,0,127,1549,-5591,4209,0,0,0,1,0
10,-90,12.211,48,679359,31,-20,-61,30336,76,-128,-4693,0,0,127,1549,-5591,4209,0,0,0,1,0
10,-90,12.244,49,679415,31,-20,-61,30336,76,-128,-4693,0,0,127,1549,-5591,4209,0,0,0,1,0
10,-90,12.294,50,679471,31,-20,-61,30336,76,-128,-4693,0,0,127,1549,-5591,4209,0,0,0,1,0
10,-90,12.36,51,679527,31,-20,-61,30336,76,-128,-4694,0,0,127,1549,-5591,4209,0,0,0,1,0
10,-90,12.405,52,679579,31,-20,-61,30336,76,-128,-4694,0,0,127,1549,-5591,4209,0,0,0,1,0
10,-90,12.46,53,679635,31,-20,-61,30336,76,-128,-4694,0,0,127,1549,-5591,4209,0,0,0,1,0
10,-90,12.518,54,679691,31,-20,-61,30336,76,-128,-4694,0,0,127,1549,-5591,4209,0,0,0,1,0
10,-90,12.579,55,679747,31,-20,-61,30336,76,-128,-4694,0,0,127,1549,-5591,4209,0,0,0,1,0
10,-90,12.632,56,679803,31,-20,-61,30336,76,-128,-4694,0,0,127,1549,-5591,4209,0,0,0,1,0
10,-90,12.752,57,679859,31,-20,-61,30336,76,-128,-4694,0,0,127,1549,-5591,4209,0,0,0,1,0
10,-90,12.752,58,679915,31,-20,-61,30336,76,-128,-4694,0,0,127,1549,-5591,4209,0,0,0,1,0
10,-90,12.802,59,679971,31,-20,-61,30336,76,-128,-4694,0,0,127,1549,-5591,4209,0,0,0,1,0
10,-90,12.857,60,680027,31,-20,-61,30336,76,-128,-4694,0,0,127,1549,-5591,4209,0,0,0,1,0
10,-90,12.911,61,680083,31,-20,-61,30336,76,-128,-4694,0,0,127,1549,-5591,4209,0,0,0,1,0
10,-90,12.973,62,680139,31,-20,-61,30336,76,-128,-4694,0,0,127,1549,-5591,4209,0,0,0,1,0
10,-90,13.038,63,680195,31,-20,-61,30336,76,-128,-4694,0,0,127,1549,-5591,4209,0,0,0,1,0
10,-90,13.076,64,680251,31,-20,-61,30336,76,-128,-4694,0,0,127,1549,-5591,4209,0,0,0,1,0
10,-90,13.13,65,680307,31,-20,-61,30336,76,-128,-4694,0,0,127,1549,-5591,4209,0,0,0,1,0
10,-90,13.195,66,680363,31,-20,-61,30336,76,-128,-4694,0,0,127,1549,-5591,4209,0,0,0,1,0
10,-90,13.247,67,680419,31,-20,-61,30336,76,-128,-4694,0,0,127,1549,-5591,4209,0,0,0,1,0
10,-90,13.378,68,680475,31,-20,-61,30336,76,-128,-4694,0,0,127,1549,-5591,4209,0,0,0,1,0
10,-90,13.378,69,680531,31,-20,-61,30336,76,-128,-4695,0,0,127,1549,-5591,4209,0,0,0,1,0
10,-90,13.417,70,680587,31,-20,-61,30336,76,-128,-4695,0,0,127,1549,-5591,4209,0,0,0,1,0
10,-90,13.465,71,680639,31,-20,-61,30336,76,-128,-4695,0,0,127,1549,-5591,4209,0,0,0,1,0
10,-90,13.52,72,680695,31,-20,-61,30336,76,-128,-4695,0,0,127,1549,-5591,4209,0,0,0,1,0
10,-90,13.575,73,680751,31,-20,-61,30336,76,-128,-4695,0,0,127,1549,-5591,4209,0,0,0,1,0
10,-90,13.643,74,680807,31,-20,-61,30336,76,-128,-4695,0,0,127,1549,-5591,4209,0,0,0,1,0
10,-90,13.687,75,680863,31,-20,-61,30336,76,-128,-4694,0,0,127,1549,-5591,4209,0,0,0,1,0
10,-90,13.743,76,680919,31,-20,-61,30336,76,-128,-4694,0,0,127,1549,-5591,4209,0,0,0,1,0
10,-90,13.799,77,680975,31,-20,-61,30336,76,-128,-4695,0,0,127,1549,-5591,4209,0,0,0,1,0
10,-90,13.852,78,681031,31,-20,-61,30336,76,-128,-4695,0,0,127,1549,-5591,4209,0,0,0,1,0
10,-90,13.909,79,681087,31,-20,-61,30336,76,-128,-4695,0,0,127,1549,-5591,4209,0,0,0,1,0
10,-90,13.972,80,681143,31,-20,-61,30336,76,-128,-4695,0,0,127,1549,-5591,4209,0,0,0,1,0
10,-90,14.028,81,681199,31,-20,-61,30336,76,-128,-4695,0,0,127,1549,-5591,4209,0,0,0,1,0
10,-90,14.078,82,681255,31,-20,-61,30336,76,-128,-4695,0,0,127,1549,-5591,4209,0,0,0,1,0
10,-90,14.133,83,681311,31,-20,-61,30336,76,-128,-4696,0,0,127,1549,-5591,4209,0,0,0,1,0
10,-90,14.198,84,681367,31,-20,-61,30336,76,-128,-4696,0,0,127,1549,-5591,4209,0,0,0,1,0
10,-90,14.303,85,681423,31,-20,-61,30336,76,-128,-4696,0,0,127,1549,-5591,4209,0,0,0,1,0
10,-90,14.31,86,681479,31,-20,-61,30336,76,-128,-4696,0,0,127,1549,-5591,4209,0,0,0,1,0
10,-90,14.36,87,681535,31,-20,-61,30336,76,-128,-4696,0,0,127,1549,-5591,4209,0,0,0,1,0
10,-90,14.417,88,681591,31,-20,-61,30336,76,-128,-4696,0,0,127,1549,-5591,4209,0,0,0,1,0
10,-90,14.487,89,681647,31,-20,-61,30336,76,-128,-4696,0,0,127,1549,-5591,4209,0,0,0,1,0
10,-90,14.522,90,681699,31,-20,-61,30336,76,-128,-4696,0,0,127,1549,-5591,4209,0,0,0,1,0
10,-90,14.582,91,681755,31,-20,-61,30336,76,-128,-4696,0,0,127,1549,-5591,4209,0,0,0,1,0
10,-90,14.638,92,681811,31,-20,-61,30336,76,-128,-4696,0,0,127,1549,-5591,4209,0,0,0,1,0
10,-90,14.699,93,681867,31,-20,-61,30336,76,-128,-4696,0,0,127,1549,-5591,4209,0,0,0,1,0
10,-90,14.746,94,681923,31,-20,-61,30336,76,-128,-4696,0,0,127,1549,-5591,4209,0,0,0,1,0
10,-90,14.809,95,681979,31,-20,-61,30336,76,-128,-4696,0,0,127,1549,-5591,4209,0,0,0,1,0
10,-90,14.868,96,682035,31,-20,-61,30336,76,-128,-4696,0,0,127,1549,-5591,4209,0,0,0,1,0
10,-90,14.945,97,682091,31,-20,-61,30336,76,-128,-4696,0,0,127,1549,-5591,4209,0,0,0,1,0
10,-90,14.978,98,682147,31,-20,-61,30336,76,-128,-4696,0,0,127,1549,-5591,4209,0,0,0,1,0
10,-90,15.026,99,682203,31,-20,-61,30336,76,-128,-4696,0,0,127,1549,-5591,4209,0,0,0,1,0
10,-90,15.093,100,682259,31,-20,-61,30336,76,-128,-4696,0,0,127,1549,-5591,4209,0,0,0,1,0
10,-90,15.149,101,682315,31,-20,-61,30336,76,-128,-4696,0,0,127,1549,-5591,4209,0,0,0,1,0
10,-90,15.202,102,682371,31,-20,-61,30336,76,-128,-4696,0,0,127,1549,-5591,4209,0,0,0,1,0
10,-90,15.257,103,682427,31,-20,-61,30336,76,-128,-4696,0,0,127,1549,-5591,4209,0,0,0,1,0
10,-90,15.317,104,682483,31,-20,-61,30336,76,-128,-4696,0,0,127,1549,-5591,4209,0,0,0,1,0
10,-90,15.363,105,682539,31,-20,-61,30336,76,-128,-4696,0,0,127,1549,-5591,4209,0,0,0,1,0
10,-90,15.418,106,682595,31,-20,-61,30336,76,-128,-4696,0,0,127,1549,-5591,4209,0,0,0,1,0
10,-90,15.487,107,682651,31,-20,-61,30336,76,-128,-4696,0,0,127,1549,-5591,4209,0,0,0,1,0
10,-90,15.556,108,682707,31,-20,-61,30336,76,-128,-4696,0,0,127,1549,-5591,4209,0,0,0,1,0
10,-90,15.597,109,682759,31,-20,-61,30336,76,-128,-4696,0,0,127,1549,-5591,4209,0,0,0,1,0
10,-90,15.637,110,682815,31,-20,-61,30336,76,-128,-4696,0,0,127,1549,-5591,4209,0,0,0,1,0
10,-90,15.699,111,682871,31,-20,-61,30336,76,-128,-4696,0,0,127,1549,-5591,4209,0,0,0,1,0
10,-90,15.757,112,682927,31,-20,-61,30336,76,-128,-4696,0,0,127,1549,-5591,4209,0,0,0,1,0
10,-90,15.811,113,682983,31,-20,-61,30336,76,-128,-4696,0,0,127,1549,-5591,4209,0,0,0,1,0
10,-90,15.875,114,683039,31,-20,-61,30336,76,-128,-4696,0,0,127,1549,-5591,4209,0,0,0,1,0
10,-90,15.928,115,683095,31,-20,-61,30336,76,-128,-4696,0,0,127,1549,-5591,4209,0,0,0,1,0
10,-90,15.983,116,683151,31,-20,-61,30336,76,-128,-4696,0,0,127,1549,-5591,4209,0,0,0,1,0
10,-90,16.054,117,683207,31,-20,-61,30336,76,-128,-4696,0,0,127,1549,-5591,4209,0,0,0,1,0
10,-90,16.087,118,683263,31,-20,-61,30336,76,-128,-4696,0,0,127,1549,-5591,4209,0,0,0,1,0
10,-90,16.142,119,683319,31,-20,-61,30336,76,-128,-4696,0,0,127,1549,-5591,4209,0,0,0,1,0
10,-90,16.196,120,683375,31,-20,-61,30336,76,-128,-4696,0,0,127,1549,-5591,4209,0,0,0,1,0
10,-90,16.254,121,683431,31,-20,-61,30336,76,-128,-4696,0,0,127,1549,-5591,4209,0,0,0,1,0
10,-90,16.317,122,683487,31,-20,-61,30336,76,-128,-4696,0,0,127,1549,-5591,4209,0,0,0,1,0
10,-90,16.39,123,683543,31,-20,-61,30336,76,-128,-4696,0,0,127,1549,-5591,4209,0,0,0,1,0
10,-90,16.426,124,683599,31,-20,-61,30336,76,-128,-4696,0,0,127,1549,-5591,4209,0,0,0,1,0
10,-90,16.479,125,683655,31,-20,-61,30336,76,-128,-4696,0,0,127,1549,-5591,4209,0,0,0,1,0
10,-90,16.541,126,683711,31,-20,-61,30336,76,-128,-4696,0,0,127,1549,-5591,4209,0,0,0,1,0
10,-90,16.61,127,683767,31,-20,-61,30336,76,-128,-4696,0,0,127,1549,-5591,4209,0,0,0,1,0
10,-90,16.645,0,683819,31,-20,-61,30336,76,-128,-4696,0,0,127,1549,-5591,4209,0,0,0,1,0
10,-90,16.699,1,683875,31,-20,-61,30336,76,-128,-4696,0,0,127,1549,-5591,4209,0,0,0,1,0
10,-90,16.754,2,683931,31,-20,-61,30336,76,-128,-4696,0,0,127,1549,-5591,4209,0,0,0,1,0
10,-90,16.836,3,683987,31,-20,-61,30336,76,-128,-4696,0,0,127,1549,-5591,4209,0,0,0,1,0
10,-90,16.871,4,684043,31,-20,-61,30336,76,-128,-4696,0,0,127,1549,-5591,4209,0,0,0,1,0
10,-90,16.935,5,684099,31,-20,-61,30336,76,-128,-4696,0,0,127,1549,-5591,4209,0,0,0,1,0
10,-90,16.982,6,684155,31,-20,-61,30336,76,-128,-4696,0,0,127,1549,-5591,4209,0,0,0,1,0
10,-90,17.063,7,684211,31,-20,-61,30336,76,-128,-4696,0,0,127,1549,-5591,4209,0,0,0,1,0
10,-90,17.1,8,684267,31,-20,-61,30336,76,-128,-4696,0,0,127,1549,-5591,4209,0,0,0,1,0
10,-90,17.171,9,684323,31,-20,-61,30336,76,-128,-4696,0,0,127,1549,-5591,4209,0,0,0,1,0
10,-90,17.208,10,684379,31,-20,-61,30336,76,-128,-4696,0,0,127,1549,-5591,4209,0,0,0,1,0
10,-90,17.266,11,684435,31,-20,-61,30336,76,-128,-4696,0,0,127,1549,-5591,4209,0,0,0,1,0
10,-90,17.349,12,684491,31,-20,-61,30336,76,-128,-4696,0,0,127,1549,-5591,4209,0,0,0,1,0
10,-90,17.38,13,684547,31,-20,-61,30336,76,-128,-4696,0,0,127,1549,-5591,4209,0,0,0,1,0
10,-90,17.432,14,684603,31,-20,-61,30336,76,-128,-4696,0,0,127,1549,-5591,4209,0,0,0,1,0
10,-90,17.482,15,684659,31,-20,-61,30336,76,-128,-4696,0,0,127,1549,-5591,4209,0,0,0,1,0
10,-90,17.539,16,684715,31,-20,-61,30336,76,-128,-4696,0,0,127,1549,-5591,4209,0,0,0,1,0
10,-90,17.594,17,684771,31,-20,-61,30336,76,-128,-4696,0,0,127,1549,-5591,4209,0,0,0,1,0
10,-90,17.662,18,684827,31,-20,-61,30336,76,-128,-4696,0,0,127,1549,-5591,4209,0,0,0,1,0
10,-90,17.71,19,684879,31,-20,-61,30336,76,-128,-4696,0,0,127,1549,-5591,4209,0,0,0,1,0
10,-90,17.762,20,684935,31,-20,-61,30336,76,-128,-4696,0,0,127,1549,-5591,4209,0,0,0,1,0
10,-90,17.821,21,684991,31,-20,-61,30336,76,-128,-4696,0,0,127,1549,-5591,4209,0,0,0,1,0
10,-90,17.889,22,685047,31,-20,-61,30336,76,-128,-4697,0,0,127,1549,-5591,4209,0,0,0,1,0
10,-90,18.003,23,685103,31,-20,-61,30336,76,-128,-4697,0,0,127,1549,-5591,4209,0,0,0,1,0
10,-90,18.014,24,685159,31,-20,-61,30336,76,-128,-4697,0,0,127,1549,-5591,4209,0,0,0,1,0
10,-90,18.043,25,685215,31,-20,-61,30336,76,-128,-4697,0,0,127,1549,-5591,4209,0,0,0,1,0
10,-90,18.1,26,685271,31,-20,-61,30336,76,-128,-4697,0,0,127,1549,-5591,4209,0,0,0,1,0
10,-90,18.151,27,685327,31,-20,-61,30336,76,-128,-4697,0,0,127,1549,-5591,4209,0,0,0,1,0
10,-90,18.207,28,685383,31,-20,-61,30336,76,-128,-4697,0,0,127,1549,-5591,4209,0,0,0,1,0
10,-90,18.265,29,685439,31,-20,-61,30336,76,-128,-4697,0,0,127,1549,-5591,4209,0,0,0,1,0
10,-90,18.326,30,685495,31,-20,-61,30336,76,-128,-4697,0,0,127,1549,-5591,4209,0,0,0,1,0
10,-90,18.384,31,685551,31,-20,-61,30336,76,-128,-4697,0,0,127,1549,-5591,4209,0,0,0,1,0
10,-90,18.444,32,685607,31,-20,-61,30336,76,-128,-4697,0,0,127,1549,-5591,4209,0,0,0,1,0
10,-90,18.494,33,685663,31,-20,-61,30336,76,-128,-4697,0,0,127,1549,-5591,4209,0,0,0,1,0
10,-90,18.544,34,685719,31,-20,-61,30336,76,-128,-4697,0,0,127,1549,-5591,4209,0,0,0,1,0
10,-90,18.597,35,685775,31,-20,-61,30336,76,-128,-4697,0,0,127,1549,-5591,4209,0,0,0,1,0
10,-90,18.664,36,685831,31,-20,-61,30336,76,-128,-4697,0,0,127,1549,-5591,4209,0,0,0,1,0
10,-90,18.73,37,685887,31,-20,-61,30336,76,-128,-4697,0,0,127,1549,-5591,4209,0,0,0,1,0
10,-90,18.767,38,685939,31,-20,-61,30336,76,-128,-4697,0,0,127,1549,-5591,4209,0,0,0,1,0
10,-90,18.819,39,685995,31,-20,-61,30336,76,-128,-4697,0,0,127,1549,-5591,4209,0,0,0,1,0
10,-90,18.895,40,686051,31,-20,-61,30336,76,-128,-4697,0,0,127,1549,-5591,4209,0,0,0,1,0
10,-90,18.968,41,686107,31,-20,-61,30336,76,-128,-4697,0,0,127,1549,-5591,4209,0,0,0,1,0
10,-90,19.003,42,686163,31,-20,-61,30336,76,-128,-4697,0,0,127,1549,-5591,4209,0,0,0,1,0
10,-90,19.076,43,686219,31,-20,-61,30336,76,-128,-4697,0,0,127,1549,-5591,4209,0,0,0,1,0
10,-90,19.114,44,686275,31,-20,-61,30336,76,-128,-4697,0,0,127,1549,-5591,4209,0,0,0,1,0
10,-90,19.155,45,686331,31,-20,-61,30336,76,-128,-4697,0,0,127,1549,-5591,4209,0,0,0,1,0
10,-90,19.209,46,686387,31,-20,-61,30336,76,-128,-4697,0,0,127,1549,-5591,4209,0,0,0,1,0
10,-90,19.281,47,686443,31,-20,-61,30336,76,-128,-4697,0,0,127,1549,-5591,4209,0,0,0,1,0
