turn,commanded,t_rel,seq,now,flags,x,y,h,ox,oy,oh,vl,vr,i2cf,cyc,posl,posr,dutl,dutr,lexc,wrng,cycovr
1,90,-0.047,14,1629321,31,108,78,61115,0,0,0,0,0,229,2645,-9522,6722,0,0,0,0,0
1,90,0.01,15,1629377,31,108,78,61115,0,0,0,0,0,229,2645,-9522,6722,0,0,0,0,0
1,90,0.063,16,1629429,31,108,78,61115,0,0,0,0,0,229,2646,-9522,6722,-800,800,0,0,0
1,90,0.134,17,1629501,31,108,77,61220,0,0,0,0,39,232,2649,-9522,6750,-1200,1200,0,0,0
1,90,0.207,18,1629573,31,107,76,61397,0,0,0,-36,56,233,2652,-9536,6783,-1600,1400,0,0,0
1,90,0.278,19,1629645,31,107,75,61679,0,0,0,-20,46,233,2655,-9561,6833,-1700,1700,0,0,0
1,90,0.35,20,1629717,31,107,74,62139,0,0,0,-56,92,233,2658,-9605,6911,-2100,2200,0,0,0
1,90,0.409,21,1629767,31,107,73,62586,0,0,0,-82,118,233,2660,-9652,6983,-2400,2500,0,0,0
1,90,0.47,22,1629837,31,107,71,63456,0,0,0,-118,164,233,2663,-9747,7119,-2800,2800,0,0,0
1,90,0.542,23,1629909,31,107,70,64520,0,0,0,-148,171,233,2666,-9872,7277,-2800,2800,0,0,0
1,90,0.767,26,1630125,31,108,68,68136,0,0,0,-164,190,233,2675,-10322,7788,-2600,2700,0,0,0
1,90,0.998,28,1630366,31,109,67,70981,0,0,0,0,0,233,2688,-10694,8172,0,0,0,0,0
1,90,1.048,29,1630417,31,109,67,70981,0,0,0,0,0,233,2689,-10694,8172,0,0,0,0,0
1,90,1.105,30,1630473,31,109,67,70981,0,0,0,0,0,233,2689,-10694,8172,0,0,0,0,0
1,90,1.161,31,1630529,31,109,67,70981,0,0,0,0,0,233,2689,-10694,8172,0,0,0,0,0
1,90,1.217,32,1630585,31,109,67,70981,0,0,0,0,0,233,2689,-10694,8172,0,0,0,0,0
1,90,1.272,33,1630641,31,109,67,70981,0,0,0,0,0,233,2689,-10694,8172,0,0,0,0,0
1,90,1.329,34,1630697,31,109,67,70981,0,0,0,0,0,233,2689,-10694,8172,0,0,0,0,0
1,90,1.385,35,1630753,31,109,67,70981,0,0,0,0,0,233,2689,-10694,8172,0,0,0,0,0
1,90,1.441,36,1630809,31,109,67,70981,0,0,0,0,0,233,2689,-10694,8172,0,0,0,0,0
1,90,1.497,37,1630865,31,109,67,70981,0,0,0,0,0,233,2689,-10694,8172,0,0,0,0,0
1,90,1.609,39,1630977,31,109,67,70981,0,0,0,0,0,233,2689,-10694,8172,0,0,0,0,0
1,90,1.666,40,1631033,31,109,67,70981,0,0,0,0,0,233,2689,-10694,8172,0,0,0,0,0
1,90,1.722,41,1631089,31,109,67,70981,0,0,0,0,0,233,2689,-10694,8172,0,0,0,0,0
1,90,1.776,42,1631145,31,109,67,70981,0,0,0,0,0,233,2689,-10694,8172,0,0,0,0,0
1,90,1.834,43,1631201,31,109,67,70981,0,0,0,0,0,233,2689,-10694,8172,0,0,0,0,0
1,90,1.954,45,1631313,31,109,67,70981,0,0,0,0,0,233,2689,-10694,8172,0,0,0,0,0
1,90,1.997,46,1631365,31,109,67,70981,0,0,0,0,0,233,2689,-10694,8172,0,0,0,0,0
1,90,2.053,47,1631421,31,109,67,70981,0,0,0,0,0,233,2689,-10694,8172,0,0,0,0,0
1,90,2.109,48,1631477,31,109,67,70981,0,0,0,0,0,233,2689,-10694,8172,0,0,0,0,0
1,90,2.164,49,1631533,31,109,67,70981,0,0,0,0,0,233,2689,-10694,8172,0,0,0,0,0
1,90,2.276,51,1631645,31,109,67,70981,0,0,0,0,0,233,2689,-10694,8172,0,0,0,0,0
1,90,2.332,52,1631701,31,109,67,70981,0,0,0,0,0,233,2689,-10694,8172,0,0,0,0,0
1,90,2.445,54,1631813,31,109,67,70981,0,0,0,0,0,233,2689,-10694,8172,0,0,0,0,0
1,90,2.501,55,1631869,31,109,67,70981,0,0,0,0,0,233,2689,-10694,8172,0,0,0,0,0
1,90,2.557,56,1631925,31,109,67,70981,0,0,0,0,0,233,2689,-10694,8172,0,0,0,0,0
1,90,2.613,57,1631981,31,109,67,70981,0,0,0,0,0,233,2689,-10694,8172,0,0,0,0,0
1,90,2.67,58,1632037,31,109,67,70981,0,0,0,0,0,233,2689,-10694,8172,0,0,0,0,0
1,90,2.725,59,1632093,31,109,67,70981,0,0,0,0,0,233,2689,-10694,8172,0,0,0,0,0
1,90,2.782,60,1632149,31,109,67,70981,0,0,0,0,0,233,2689,-10694,8172,0,0,0,0,0
1,90,2.837,61,1632205,31,109,67,70981,0,0,0,0,0,233,2689,-10694,8172,0,0,0,0,0
1,90,2.893,62,1632261,31,109,67,70981,0,0,0,0,0,233,2689,-10694,8172,0,0,0,0,0
1,90,2.95,63,1632317,31,109,67,70981,0,0,0,0,0,233,2689,-10694,8172,0,0,0,0,0
1,90,3.014,64,1632373,31,109,67,70981,0,0,0,0,0,233,2689,-10694,8172,0,0,0,0,0
1,90,3.113,66,1632481,31,109,67,70981,0,0,0,0,0,233,2689,-10694,8172,0,0,0,0,0
1,90,3.169,67,1632537,31,109,67,70981,0,0,0,0,0,233,2689,-10694,8172,0,0,0,0,0
1,90,3.225,68,1632593,31,109,67,70981,0,0,0,0,0,233,2689,-10694,8172,0,0,0,0,0
1,90,3.28,69,1632649,31,109,67,70981,0,0,0,0,0,233,2689,-10694,8172,0,0,0,0,0
1,90,3.336,70,1632705,31,109,67,70981,0,0,0,0,0,233,2689,-10694,8172,0,0,0,0,0
1,90,3.392,71,1632761,31,109,67,70981,0,0,0,0,0,233,2689,-10694,8172,0,0,0,0,0
1,90,3.505,73,1632873,31,109,67,70981,0,0,0,0,0,233,2689,-10694,8172,0,0,0,0,0
1,90,3.561,74,1632929,31,109,67,70981,0,0,0,0,0,233,2689,-10694,8172,0,0,0,0,0
1,90,3.616,75,1632985,31,109,67,70981,0,0,0,0,0,233,2689,-10694,8172,0,0,0,0,0
1,90,3.673,76,1633041,31,109,67,70981,0,0,0,0,0,233,2689,-10694,8172,0,0,0,0,0
1,90,3.729,77,1633097,31,109,67,70981,0,0,0,0,0,233,2689,-10694,8172,0,0,0,0,0
1,90,3.897,80,1633265,31,109,67,70981,0,0,0,0,0,233,2689,-10694,8172,0,0,0,0,0
1,90,3.954,81,1633321,31,109,67,70981,0,0,0,0,0,233,2689,-10694,8172,0,0,0,0,0
1,90,4.009,82,1633377,31,109,67,70981,0,0,0,0,0,233,2689,-10694,8172,0,0,0,0,0
1,90,4.068,83,1633433,31,109,67,70981,0,0,0,0,0,233,2689,-10694,8172,0,0,0,0,0
1,90,4.176,85,1633541,31,109,67,70981,0,0,0,0,0,233,2689,-10694,8172,0,0,0,0,0
1,90,4.242,86,1633597,31,109,67,70981,0,0,0,0,0,233,2689,-10694,8172,0,0,0,0,0
1,90,4.292,87,1633653,31,109,67,70981,0,0,0,0,0,233,2689,-10694,8172,0,0,0,0,0
1,90,4.34,88,1633709,31,109,67,70981,0,0,0,0,0,233,2689,-10694,8172,0,0,0,0,0
1,90,4.4,89,1633765,31,109,67,70981,0,0,0,0,0,233,2689,-10694,8172,0,0,0,0,0
1,90,4.453,90,1633821,31,109,67,70981,0,0,0,0,0,233,2689,-10694,8172,0,0,0,0,0
1,90,4.51,91,1633877,31,109,67,70981,0,0,0,0,0,233,2689,-10694,8172,0,0,0,0,0
1,90,4.575,92,1633933,31,109,67,70981,0,0,0,0,0,233,2689,-10694,8172,0,0,0,0,0
1,90,4.623,93,1633989,31,109,67,70981,0,0,0,0,0,233,2689,-10694,8172,0,0,0,0,0
1,90,4.733,95,1634101,31,109,67,70981,0,0,0,0,0,233,2689,-10694,8172,0,0,0,0,0
1,90,4.79,96,1634157,31,109,67,70981,0,0,0,0,0,233,2689,-10694,8172,0,0,0,0,0
1,90,4.858,97,1634213,31,109,67,70981,0,0,0,0,0,233,2689,-10694,8172,0,0,0,0,0
1,90,4.927,98,1634269,31,109,67,70981,0,0,0,0,0,233,2689,-10694,8172,0,0,0,0,0
1,90,4.963,99,1634325,31,109,67,70981,0,0,0,0,0,233,2689,-10694,8172,0,0,0,0,0
1,90,5.013,100,1634381,31,109,67,70981,0,0,0,0,0,233,2689,-10694,8172,0,0,0,0,0
1,90,5.069,101,1634437,31,109,67,70981,0,0,0,0,0,233,2689,-10694,8172,0,0,0,0,0
1,90,5.156,102,1634493,31,109,67,70981,0,0,0,0,0,233,2689,-10694,8172,0,0,0,0,0
1,90,5.181,103,1634545,31,109,67,70981,0,0,0,0,0,233,2689,-10694,8172,0,0,0,0,0
1,90,5.235,104,1634601,31,109,67,70981,0,0,0,0,0,233,2689,-10694,8172,0,0,0,0,0
1,90,5.409,107,1634769,31,109,67,70981,0,0,0,0,0,233,2689,-10694,8172,0,0,0,0,0
1,90,5.457,108,1634825,31,109,67,70981,0,0,0,0,0,233,2689,-10694,8172,0,0,0,0,0
1,90,5.535,109,1634881,31,109,67,70981,0,0,0,0,0,233,2689,-10694,8172,0,0,0,0,0
1,90,5.572,110,1634937,31,109,67,70981,0,0,0,0,0,233,2689,-10694,8172,0,0,0,0,0
1,90,5.629,111,1634993,31,109,67,70981,0,0,0,0,0,233,2689,-10694,8172,0,0,0,0,0
1,90,5.682,112,1635049,31,109,67,70981,0,0,0,0,0,233,2689,-10694,8172,0,0,0,0,0
1,90,5.737,113,1635105,31,109,67,70981,0,0,0,0,0,233,2689,-10694,8172,0,0,0,0,0
1,90,5.795,114,1635161,31,109,67,70981,0,0,0,0,0,233,2689,-10694,8172,0,0,0,0,0
1,90,5.849,115,1635217,31,109,67,70981,0,0,0,0,0,233,2689,-10694,8172,0,0,0,0,0
1,90,5.962,117,1635329,31,109,67,70981,0,0,0,0,0,233,2689,-10694,8172,0,0,0,0,0
1,90,6.018,118,1635385,31,109,67,70981,0,0,0,0,0,233,2689,-10694,8172,0,0,0,0,0
1,90,6.073,119,1635441,31,109,67,70981,0,0,0,0,0,233,2689,-10694,8172,0,0,0,0,0
1,90,6.139,120,1635497,31,109,67,70981,0,0,0,0,0,233,2689,-10694,8172,0,0,0,0,0
1,90,6.196,121,1635553,31,109,67,70981,0,0,0,0,0,233,2689,-10694,8172,0,0,0,0,0
1,90,6.237,122,1635605,31,109,67,70981,0,0,0,0,0,233,2689,-10694,8172,0,0,0,0,0
1,90,6.293,123,1635661,31,109,67,70981,0,0,0,0,0,233,2689,-10694,8172,0,0,0,0,0
1,90,6.353,124,1635717,31,109,67,70981,0,0,0,0,0,233,2689,-10694,8172,0,0,0,0,0
1,90,6.405,125,1635773,31,109,67,70981,0,0,0,0,0,233,2689,-10694,8172,0,0,0,0,0
1,90,6.462,126,1635829,31,109,67,70981,0,0,0,0,0,233,2689,-10694,8172,0,0,0,0,0
1,90,6.516,127,1635885,31,109,67,70981,0,0,0,0,0,233,2689,-10694,8172,0,0,0,0,0
1,90,6.628,1,1635997,31,109,67,70981,0,0,0,0,0,233,2689,-10694,8172,0,0,0,0,0
1,90,6.685,2,1636053,31,109,67,70981,0,0,0,0,0,233,2689,-10694,8172,0,0,0,0,0
1,90,6.742,3,1636109,31,109,67,70981,0,0,0,0,0,233,2689,-10694,8172,0,0,0,0,0
1,90,6.797,4,1636165,31,109,67,70981,0,0,0,0,0,233,2689,-10694,8172,0,0,0,0,0
1,90,6.852,5,1636221,31,109,67,70981,0,0,0,0,0,233,2689,-10694,8172,0,0,0,0,0
1,90,6.908,6,1636277,31,109,67,70981,0,0,0,0,0,233,2689,-10694,8172,0,0,0,0,0
1,90,7.021,8,1636389,31,109,67,70981,0,0,0,0,0,233,2689,-10694,8172,0,0,0,0,0
1,90,7.078,9,1636445,31,109,67,70981,0,0,0,0,0,233,2689,-10694,8172,0,0,0,0,0
1,90,7.133,10,1636501,31,109,67,70981,0,0,0,0,0,233,2689,-10694,8172,0,0,0,0,0
1,90,7.189,11,1636557,31,109,67,70981,0,0,0,0,0,233,2689,-10694,8172,0,0,0,0,0
1,90,7.255,12,1636613,31,109,67,70981,0,0,0,0,0,233,2689,-10694,8172,0,0,0,0,0
1,90,7.296,13,1636665,31,109,67,70981,0,0,0,0,0,233,2689,-10694,8172,0,0,0,0,0
1,90,7.354,14,1636721,31,109,67,70981,0,0,0,0,0,233,2689,-10694,8172,0,0,0,0,0
1,90,7.408,15,1636777,31,109,67,70981,0,0,0,0,0,233,2689,-10694,8172,0,0,0,0,0
1,90,7.464,16,1636833,31,109,67,70981,0,0,0,0,0,233,2689,-10694,8172,0,0,0,0,0
1,90,7.521,17,1636889,31,109,67,70981,0,0,0,0,0,233,2689,-10694,8172,0,0,0,0,0
1,90,7.577,18,1636945,31,109,67,70981,0,0,0,0,0,233,2689,-10694,8172,0,0,0,0,0
1,90,7.633,19,1637001,31,109,67,70981,0,0,0,0,0,233,2689,-10694,8172,0,0,0,0,0
1,90,7.691,20,1637057,31,109,67,70981,0,0,0,0,0,233,2689,-10694,8172,0,0,0,0,0
1,90,7.747,21,1637113,31,109,67,70981,0,0,0,0,0,233,2689,-10694,8172,0,0,0,0,0
1,90,7.801,22,1637169,31,109,67,70981,0,0,0,0,0,233,2689,-10694,8172,0,0,0,0,0
1,90,7.856,23,1637225,31,109,67,70981,0,0,0,0,0,233,2689,-10694,8172,0,0,0,0,0
1,90,7.912,24,1637281,31,109,67,70981,0,0,0,0,0,233,2689,-10694,8172,0,0,0,0,0
1,90,7.969,25,1637337,31,109,67,70981,0,0,0,0,0,233,2689,-10694,8172,0,0,0,0,0
1,90,8.025,26,1637393,31,109,67,70981,0,0,0,0,0,233,2689,-10694,8172,0,0,0,0,0
1,90,8.081,27,1637449,31,109,67,70981,0,0,0,0,0,233,2689,-10694,8172,0,0,0,0,0
1,90,8.137,28,1637505,31,109,67,70981,0,0,0,0,0,233,2689,-10694,8172,0,0,0,0,0
1,90,8.193,29,1637561,31,109,67,70981,0,0,0,0,0,233,2689,-10694,8172,0,0,0,0,0
1,90,8.248,30,1637617,31,109,67,70981,0,0,0,0,0,233,2689,-10694,8172,0,0,0,0,0
1,90,8.314,31,1637673,31,109,67,70981,0,0,0,0,0,233,2689,-10694,8172,0,0,0,0,0
1,90,8.356,32,1637725,31,109,67,70981,0,0,0,0,0,233,2689,-10694,8172,0,0,0,0,0
1,90,8.413,33,1637781,31,109,67,70981,0,0,0,0,0,233,2689,-10694,8172,0,0,0,0,0
1,90,8.524,35,1637893,31,109,67,70981,0,0,0,0,0,233,2689,-10694,8172,0,0,0,0,0
1,90,8.637,37,1638005,31,109,67,70981,0,0,0,0,0,233,2689,-10694,8172,0,0,0,0,0
1,90,8.692,38,1638061,31,109,67,70981,0,0,0,0,0,233,2689,-10694,8172,0,0,0,0,0
1,90,8.749,39,1638117,31,109,67,70981,0,0,0,0,0,233,2689,-10694,8172,0,0,0,0,0
1,90,8.805,40,1638173,31,109,67,70981,0,0,0,0,0,233,2689,-10694,8172,0,0,0,0,0
1,90,8.86,41,1638229,31,109,67,70981,0,0,0,0,0,233,2689,-10694,8172,0,0,0,0,0
1,90,8.917,42,1638285,31,109,67,70981,0,0,0,0,0,233,2689,-10694,8172,0,0,0,0,0
1,90,8.972,43,1638341,31,109,67,70981,0,0,0,0,0,233,2689,-10694,8172,0,0,0,0,0
1,90,9.084,45,1638453,31,109,67,70981,0,0,0,0,0,233,2689,-10694,8172,0,0,0,0,0
1,90,9.14,46,1638509,31,109,67,70981,0,0,0,0,0,233,2689,-10694,8172,0,0,0,0,0
1,90,9.197,47,1638565,31,109,67,70981,0,0,0,0,0,233,2689,-10694,8172,0,0,0,0,0
1,90,9.252,48,1638621,31,109,67,70981,0,0,0,0,0,233,2689,-10694,8172,0,0,0,0,0
1,90,9.309,49,1638677,31,109,67,70981,0,0,0,0,0,233,2689,-10694,8172,0,0,0,0,0
1,90,9.373,50,1638733,31,109,67,70981,0,0,0,0,0,233,2689,-10694,8172,0,0,0,0,0
1,90,9.417,51,1638785,31,109,67,70981,0,0,0,0,0,233,2689,-10694,8172,0,0,0,0,0
1,90,9.473,52,1638841,31,109,67,70981,0,0,0,0,0,233,2689,-10694,8172,0,0,0,0,0
1,90,9.528,53,1638897,31,109,67,70981,0,0,0,0,0,233,2689,-10694,8172,0,0,0,0,0
1,90,9.585,54,1638953,31,109,67,70981,0,0,0,0,0,233,2689,-10694,8172,0,0,0,0,0
1,90,9.641,55,1639009,31,109,67,70981,0,0,0,0,0,233,2689,-10694,8172,0,0,0,0,0
1,90,9.753,57,1639121,31,109,67,70981,0,0,0,0,0,233,2689,-10694,8172,0,0,0,0,0
1,90,9.808,58,1639177,31,109,67,70981,0,0,0,0,0,233,2689,-10694,8172,0,0,0,0,0
1,90,9.864,59,1639233,31,109,67,70981,0,0,0,0,0,233,2689,-10694,8172,0,0,0,0,0
1,90,9.92,60,1639289,31,109,67,70981,0,0,0,0,0,233,2689,-10694,8172,0,0,0,0,0
1,90,9.976,61,1639345,31,109,67,70981,0,0,0,0,0,233,2689,-10694,8172,0,0,0,0,0
1,90,10.032,62,1639401,31,109,67,70981,0,0,0,0,0,233,2689,-10694,8172,0,0,0,0,0
1,90,10.089,63,1639457,31,109,67,70981,0,0,0,0,0,233,2689,-10694,8172,0,0,0,0,0
1,90,10.144,64,1639513,31,109,67,70981,0,0,0,0,0,233,2689,-10694,8172,0,0,0,0,0
1,90,10.201,65,1639569,31,109,67,70981,0,0,0,0,0,233,2689,-10694,8172,0,0,0,0,0
1,90,10.313,67,1639681,31,109,67,70981,0,0,0,0,0,233,2689,-10694,8172,0,0,0,0,0
1,90,10.37,68,1639737,31,109,67,70981,0,0,0,0,0,233,2689,-10694,8172,0,0,0,0,0
1,90,10.433,69,1639793,31,109,67,70981,0,0,0,0,0,233,2689,-10694,8172,0,0,0,0,0
1,90,10.476,70,1639845,31,109,67,70981,0,0,0,0,0,233,2689,-10694,8172,0,0,0,0,0
1,90,10.533,71,1639901,31,109,67,70981,0,0,0,0,0,233,2689,-10694,8172,0,0,0,0,0
1,90,10.589,72,1639957,31,109,67,70981,0,0,0,0,0,233,2689,-10694,8172,0,0,0,0,0
1,90,10.645,73,1640013,31,109,67,70981,0,0,0,0,0,233,2689,-10694,8172,0,0,0,0,0
1,90,10.701,74,1640069,31,109,67,70981,0,0,0,0,0,233,2689,-10694,8172,0,0,0,0,0
1,90,10.757,75,1640125,31,109,67,70981,0,0,0,0,0,233,2689,-10694,8172,0,0,0,0,0
1,90,10.812,76,1640181,31,109,67,70981,0,0,0,0,0,233,2689,-10694,8172,0,0,0,0,0
1,90,10.869,77,1640237,31,109,67,70981,0,0,0,0,0,233,2689,-10694,8172,0,0,0,0,0
1,90,10.981,79,1640349,31,109,67,70981,0,0,0,0,0,233,2689,-10694,8172,0,0,0,0,0
1,90,11.036,80,1640405,31,109,67,70981,0,0,0,0,0,233,2689,-10694,8172,0,0,0,0,0
1,90,11.092,81,1640461,31,109,67,70981,0,0,0,0,0,233,2689,-10694,8172,0,0,0,0,0
1,90,11.148,82,1640517,31,109,67,70981,0,0,0,0,0,233,2689,-10694,8172,0,0,0,0,0
1,90,11.205,83,1640573,31,109,67,70981,0,0,0,0,0,233,2689,-10694,8172,0,0,0,0,0
1,90,11.26,84,1640629,31,109,67,70981,0,0,0,0,0,233,2689,-10694,8172,0,0,0,0,0
1,90,11.316,85,1640685,31,109,67,70981,0,0,0,0,0,233,2689,-10694,8172,0,0,0,0,0
1,90,11.373,86,1640741,31,109,67,70981,0,0,0,0,0,233,2689,-10694,8172,0,0,0,0,0
1,90,11.593,90,1640961,31,109,67,70981,0,0,0,0,0,233,2689,-10694,8172,0,0,0,0,0
1,90,11.648,91,1641017,31,109,67,70981,0,0,0,0,0,233,2689,-10694,8172,0,0,0,0,0
1,90,11.705,92,1641073,31,109,67,70981,0,0,0,0,0,233,2689,-10694,8172,0,0,0,0,0
1,90,11.76,93,1641129,31,109,67,70981,0,0,0,0,0,233,2689,-10694,8172,0,0,0,0,0
1,90,11.817,94,1641185,31,109,67,70981,0,0,0,0,0,233,2689,-10694,8172,0,0,0,0,0
1,90,11.873,95,1641241,31,109,67,70981,0,0,0,0,0,233,2689,-10694,8172,0,0,0,0,0
1,90,11.936,96,1641297,31,109,67,70981,0,0,0,0,0,233,2689,-10694,8172,0,0,0,0,0
1,90,11.995,97,1641353,31,109,67,70981,0,0,0,0,0,233,2689,-10694,8172,0,0,0,0,0
1,90,12.041,98,1641409,31,109,67,70981,0,0,0,0,0,233,2689,-10694,8172,0,0,0,0,0
1,90,12.099,99,1641465,31,109,67,70981,0,0,0,0,0,233,2689,-10694,8172,0,0,0,0,0
1,90,12.212,101,1641577,31,109,67,70981,0,0,0,0,0,233,2689,-10694,8172,0,0,0,0,0
1,90,12.268,102,1641633,31,109,67,70981,0,0,0,0,0,233,2689,-10694,8172,0,0,0,0,0
2,-90,-0.042,100,1655801,31,109,67,70981,0,0,0,0,0,233,2689,-10694,8172,0,0,0,0,0
2,-90,0.126,103,1655959,31,109,67,70947,0,0,0,8,-10,234,2692,-10691,8166,1100,-1100,0,0,0
2,-90,0.187,104,1656029,31,108,68,70864,0,0,0,8,-22,237,2695,-10691,8144,1400,-1400,0,0,0
2,-90,0.258,105,1656101,31,106,68,70699,0,0,0,7,-56,238,2698,-10686,8105,1700,-1700,0,0,0
2,-90,0.33,106,1656173,31,105,68,70372,0,0,0,36,-92,238,2701,-10666,8038,2100,-2100,0,0,0
2,-90,0.402,107,1656245,31,102,69,69822,0,0,0,72,-135,238,2704,-10622,7936,2500,-2500,0,0,0
2,-90,0.546,109,1656389,31,99,71,68001,0,0,0,127,-194,238,2710,-10438,7636,2900,-2900,0,0,0
2,-90,0.619,110,1656461,31,97,73,66914,0,0,0,138,-184,238,2713,-10319,7466,2900,-2800,0,0,0
2,-90,0.69,111,1656534,31,96,75,65755,0,0,0,138,-200,239,2716,-10194,7283,2800,-2900,0,0,0
2,-90,0.761,112,1656605,31,95,77,64603,0,0,0,118,-201,239,2719,-10066,7105,2800,-2800,0,0,0
2,-90,0.905,114,1656749,31,95,81,62338,0,0,0,138,-200,239,2725,-9819,6750,1900,-1900,0,0,0
2,-90,1.04,115,1656886,31,96,84,61258,0,0,0,0,0,239,2733,-9716,6566,0,0,0,0,0
2,-90,1.091,116,1656937,31,96,84,61258,0,0,0,0,0,239,2735,-9716,6566,0,0,0,0,0
2,-90,1.172,117,1657009,31,96,84,61258,0,0,0,0,0,239,2738,-9716,6566,0,0,0,0,0
2,-90,1.236,118,1657081,31,96,84,61258,0,0,0,0,0,239,2741,-9716,6566,0,0,0,0,0
2,-90,1.307,119,1657153,31,96,84,61258,0,0,0,0,0,239,2744,-9716,6566,0,0,0,0,0
2,-90,1.38,120,1657225,31,96,84,61258,0,0,0,0,0,239,2747,-9716,6566,0,0,0,0,0
2,-90,1.452,121,1657297,31,96,84,61258,0,0,0,0,0,239,2750,-9716,6566,0,0,0,0,0
2,-90,1.524,122,1657369,31,96,84,61258,0,0,0,0,0,239,2753,-9716,6566,0,0,0,0,0
2,-90,1.595,123,1657441,31,96,84,61258,0,0,0,0,0,239,2756,-9716,6566,0,0,0,0,0
2,-90,1.667,124,1657513,31,96,84,61258,0,0,0,0,0,239,2759,-9716,6566,0,0,0,0,0
2,-90,1.739,125,1657585,31,96,84,61258,0,0,0,0,0,239,2762,-9716,6566,0,0,0,0,0
2,-90,1.812,126,1657657,31,96,84,61258,0,0,0,0,0,239,2765,-9716,6566,0,0,0,0,0
2,-90,1.885,127,1657729,31,96,84,61258,0,0,0,0,0,239,2768,-9716,6566,0,0,0,0,0
2,-90,1.956,0,1657801,31,96,84,61258,0,0,0,0,0,239,2771,-9716,6566,0,0,0,0,0
2,-90,2.012,1,1657857,31,96,84,61258,0,0,0,0,0,239,2772,-9716,6566,0,0,0,0,0
2,-90,2.067,2,1657913,31,96,84,61258,0,0,0,0,0,239,2772,-9716,6566,0,0,0,0,0
2,-90,2.123,3,1657969,31,96,84,61258,0,0,0,0,0,239,2772,-9716,6566,0,0,0,0,0
2,-90,2.179,4,1658025,31,96,84,61258,0,0,0,0,0,239,2772,-9716,6566,0,0,0,0,0
2,-90,2.235,5,1658081,31,96,84,61258,0,0,0,0,0,239,2772,-9716,6566,0,0,0,0,0
2,-90,2.292,6,1658137,31,96,84,61258,0,0,0,0,0,239,2772,-9716,6566,0,0,0,0,0
2,-90,2.347,7,1658193,31,96,84,61258,0,0,0,0,0,239,2772,-9716,6566,0,0,0,0,0
2,-90,2.411,8,1658249,31,96,84,61258,0,0,0,0,0,239,2772,-9716,6566,0,0,0,0,0
2,-90,2.455,9,1658301,31,96,84,61258,0,0,0,0,0,239,2772,-9716,6566,0,0,0,0,0
2,-90,2.511,10,1658357,31,96,84,61258,0,0,0,0,0,239,2772,-9716,6566,0,0,0,0,0
2,-90,2.568,11,1658413,31,96,84,61258,0,0,0,0,0,239,2772,-9716,6566,0,0,0,0,0
2,-90,2.68,13,1658525,31,96,84,61258,0,0,0,0,0,239,2772,-9716,6566,0,0,0,0,0
2,-90,2.737,14,1658581,31,96,84,61258,0,0,0,0,0,239,2772,-9716,6566,0,0,0,0,0
2,-90,2.791,15,1658637,31,96,84,61258,0,0,0,0,0,239,2772,-9716,6566,0,0,0,0,0
2,-90,2.847,16,1658693,31,96,84,61258,0,0,0,0,0,239,2772,-9716,6566,0,0,0,0,0
2,-90,2.903,17,1658749,31,96,84,61258,0,0,0,0,0,239,2772,-9716,6566,0,0,0,0,0
2,-90,2.959,18,1658805,31,96,84,61258,0,0,0,0,0,239,2772,-9716,6566,0,0,0,0,0
2,-90,3.015,19,1658861,31,96,84,61258,0,0,0,0,0,239,2772,-9716,6566,0,0,0,0,0
2,-90,3.071,20,1658917,31,96,84,61258,0,0,0,0,0,239,2772,-9716,6566,0,0,0,0,0
2,-90,3.129,21,1658973,31,96,84,61258,0,0,0,0,0,239,2772,-9716,6566,0,0,0,0,0
2,-90,3.184,22,1659029,31,96,84,61258,0,0,0,0,0,239,2772,-9716,6566,0,0,0,0,0
2,-90,3.296,24,1659141,31,96,84,61258,0,0,0,0,0,239,2772,-9716,6566,0,0,0,0,0
2,-90,3.351,25,1659197,31,96,84,61258,0,0,0,0,0,239,2772,-9716,6566,0,0,0,0,0
2,-90,3.408,26,1659253,31,96,84,61258,0,0,0,0,0,239,2772,-9716,6566,0,0,0,0,0
2,-90,3.474,27,1659309,31,96,84,61258,0,0,0,0,0,239,2772,-9716,6566,0,0,0,0,0
2,-90,3.516,28,1659361,31,96,84,61258,0,0,0,0,0,239,2772,-9716,6566,0,0,0,0,0
2,-90,3.571,29,1659417,31,96,84,61258,0,0,0,0,0,239,2772,-9716,6566,0,0,0,0,0
2,-90,3.628,30,1659473,31,96,84,61258,0,0,0,0,0,239,2772,-9716,6566,0,0,0,0,0
2,-90,3.683,31,1659529,31,96,84,61258,0,0,0,0,0,239,2772,-9716,6566,0,0,0,0,0
2,-90,3.74,32,1659585,31,96,84,61258,0,0,0,0,0,239,2772,-9716,6566,0,0,0,0,0
2,-90,3.795,33,1659641,31,96,84,61258,0,0,0,0,0,239,2772,-9716,6566,0,0,0,0,0
2,-90,3.907,35,1659753,31,96,84,61258,0,0,0,0,0,239,2772,-9716,6566,0,0,0,0,0
2,-90,3.964,36,1659809,31,96,84,61258,0,0,0,0,0,239,2772,-9716,6566,0,0,0,0,0
2,-90,4.019,37,1659865,31,96,84,61258,0,0,0,0,0,239,2772,-9716,6566,0,0,0,0,0
2,-90,4.075,38,1659921,31,96,84,61258,0,0,0,0,0,239,2772,-9716,6566,0,0,0,0,0
2,-90,4.132,39,1659977,31,96,84,61258,0,0,0,0,0,239,2772,-9716,6566,0,0,0,0,0
2,-90,4.188,40,1660033,31,96,84,61258,0,0,0,0,0,239,2772,-9716,6566,0,0,0,0,0
2,-90,4.243,41,1660089,31,96,84,61258,0,0,0,0,0,239,2772,-9716,6566,0,0,0,0,0
2,-90,4.299,42,1660145,31,96,84,61258,0,0,0,0,0,239,2772,-9716,6566,0,0,0,0,0
2,-90,4.356,43,1660201,31,96,84,61258,0,0,0,0,0,239,2772,-9716,6566,0,0,0,0,0
2,-90,4.411,44,1660257,31,96,84,61258,0,0,0,0,0,239,2772,-9716,6566,0,0,0,0,0
2,-90,4.532,46,1660369,31,96,84,61258,0,0,0,0,0,239,2772,-9716,6566,0,0,0,0,0
2,-90,4.576,47,1660421,31,96,84,61258,0,0,0,0,0,239,2772,-9716,6566,0,0,0,0,0
2,-90,4.632,48,1660477,31,96,84,61258,0,0,0,0,0,239,2772,-9716,6566,0,0,0,0,0
2,-90,4.688,49,1660533,31,96,84,61258,0,0,0,0,0,239,2772,-9716,6566,0,0,0,0,0
2,-90,4.743,50,1660589,31,96,84,61258,0,0,0,0,0,239,2772,-9716,6566,0,0,0,0,0
2,-90,4.799,51,1660645,31,96,84,61258,0,0,0,0,0,239,2772,-9716,6566,0,0,0,0,0
2,-90,4.855,52,1660701,31,96,84,61258,0,0,0,0,0,239,2772,-9716,6566,0,0,0,0,0
2,-90,4.911,53,1660757,31,96,84,61258,0,0,0,0,0,239,2772,-9716,6566,0,0,0,0,0
2,-90,4.968,54,1660813,31,96,84,61258,0,0,0,0,0,239,2772,-9716,6566,0,0,0,0,0
2,-90,5.023,55,1660869,31,96,84,61258,0,0,0,0,0,239,2772,-9716,6566,0,0,0,0,0
2,-90,5.191,58,1661037,31,96,84,61258,0,0,0,0,0,239,2772,-9716,6566,0,0,0,0,0
2,-90,5.247,59,1661093,31,96,84,61258,0,0,0,0,0,239,2772,-9716,6566,0,0,0,0,0
2,-90,5.303,60,1661149,31,96,84,61258,0,0,0,0,0,239,2772,-9716,6566,0,0,0,0,0
2,-90,5.359,61,1661205,31,96,84,61258,0,0,0,0,0,239,2772,-9716,6566,0,0,0,0,0
2,-90,5.416,62,1661261,31,96,84,61258,0,0,0,0,0,239,2772,-9716,6566,0,0,0,0,0
2,-90,5.473,63,1661317,31,96,84,61258,0,0,0,0,0,239,2772,-9716,6566,0,0,0,0,0
2,-90,5.528,64,1661373,31,96,84,61258,0,0,0,0,0,239,2772,-9716,6566,0,0,0,0,0
2,-90,5.593,65,1661429,31,96,84,61258,0,0,0,0,0,239,2772,-9716,6566,0,0,0,0,0
2,-90,5.636,66,1661481,31,96,84,61258,0,0,0,0,0,239,2772,-9716,6566,0,0,0,0,0
2,-90,5.691,67,1661537,31,96,84,61258,0,0,0,0,0,239,2772,-9716,6566,0,0,0,0,0
2,-90,5.803,69,1661649,31,96,84,61258,0,0,0,0,0,239,2772,-9716,6566,0,0,0,0,0
2,-90,5.859,70,1661705,31,96,84,61258,0,0,0,0,0,239,2772,-9716,6566,0,0,0,0,0
2,-90,5.916,71,1661761,31,96,84,61258,0,0,0,0,0,239,2772,-9716,6566,0,0,0,0,0
2,-90,5.973,72,1661817,31,96,84,61258,0,0,0,0,0,239,2772,-9716,6566,0,0,0,0,0
2,-90,6.028,73,1661873,31,96,84,61258,0,0,0,0,0,239,2772,-9716,6566,0,0,0,0,0
2,-90,6.083,74,1661929,31,96,84,61258,0,0,0,0,0,239,2772,-9716,6566,0,0,0,0,0
2,-90,6.141,75,1661985,31,96,84,61258,0,0,0,0,0,239,2772,-9716,6566,0,0,0,0,0
2,-90,6.197,76,1662041,31,96,84,61258,0,0,0,0,0,239,2772,-9716,6566,0,0,0,0,0
2,-90,6.251,77,1662097,31,96,84,61258,0,0,0,0,0,239,2772,-9716,6566,0,0,0,0,0
2,-90,6.308,78,1662153,31,96,84,61258,0,0,0,0,0,239,2772,-9716,6566,0,0,0,0,0
2,-90,6.369,79,1662209,31,96,84,61258,0,0,0,0,0,239,2772,-9716,6566,0,0,0,0,0
2,-90,6.42,80,1662265,31,96,84,61258,0,0,0,0,0,239,2772,-9716,6566,0,0,0,0,0
2,-90,6.476,81,1662321,31,96,84,61258,0,0,0,0,0,239,2772,-9716,6566,0,0,0,0,0
2,-90,6.531,82,1662377,31,96,84,61258,0,0,0,0,0,239,2772,-9716,6566,0,0,0,0,0
2,-90,6.588,83,1662433,31,96,84,61258,0,0,0,0,0,239,2772,-9716,6566,0,0,0,0,0
2,-90,6.653,84,1662489,31,96,84,61258,0,0,0,0,0,239,2772,-9716,6566,0,0,0,0,0
2,-90,6.696,85,1662541,31,96,84,61258,0,0,0,0,0,239,2772,-9716,6566,0,0,0,0,0
2,-90,6.752,86,1662597,31,96,84,61258,0,0,0,0,0,239,2772,-9716,6566,0,0,0,0,0
2,-90,6.808,87,1662653,31,96,84,61258,0,0,0,0,0,239,2772,-9716,6566,0,0,0,0,0
2,-90,6.864,88,1662709,31,96,84,61258,0,0,0,0,0,239,2772,-9716,6566,0,0,0,0,0
2,-90,6.919,89,1662765,31,96,84,61258,0,0,0,0,0,239,2772,-9716,6566,0,0,0,0,0
2,-90,7.031,91,1662877,31,96,84,61258,0,0,0,0,0,239,2772,-9716,6566,0,0,0,0,0
2,-90,7.087,92,1662933,31,96,84,61258,0,0,0,0,0,239,2772,-9716,6566,0,0,0,0,0
2,-90,7.144,93,1662989,31,96,84,61258,0,0,0,0,0,239,2772,-9716,6566,0,0,0,0,0
2,-90,7.201,94,1663045,31,96,84,61258,0,0,0,0,0,239,2772,-9716,6566,0,0,0,0,0
2,-90,7.255,95,1663101,31,96,84,61258,0,0,0,0,0,239,2772,-9716,6566,0,0,0,0,0
2,-90,7.312,96,1663157,31,96,84,61258,0,0,0,0,0,239,2772,-9716,6566,0,0,0,0,0
2,-90,7.367,97,1663213,31,96,84,61258,0,0,0,0,0,239,2772,-9716,6566,0,0,0,0,0
2,-90,7.423,98,1663269,31,96,84,61258,0,0,0,0,0,239,2772,-9716,6566,0,0,0,0,0
2,-90,7.479,99,1663325,31,96,84,61258,0,0,0,0,0,239,2772,-9716,6566,0,0,0,0,0
2,-90,7.536,100,1663381,31,96,84,61258,0,0,0,0,0,239,2772,-9716,6566,0,0,0,0,0
2,-90,7.648,102,1663493,31,96,84,61258,0,0,0,0,0,239,2772,-9716,6566,0,0,0,0,0
2,-90,7.713,103,1663549,31,96,84,61258,0,0,0,0,0,239,2772,-9716,6566,0,0,0,0,0
2,-90,7.756,104,1663601,31,96,84,61258,0,0,0,0,0,239,2772,-9716,6566,0,0,0,0,0
2,-90,7.811,105,1663657,31,96,84,61258,0,0,0,0,0,239,2772,-9716,6566,0,0,0,0,0
2,-90,7.869,106,1663713,31,96,84,61258,0,0,0,0,0,239,2772,-9716,6566,0,0,0,0,0
2,-90,7.923,107,1663769,31,96,84,61258,0,0,0,0,0,239,2772,-9716,6566,0,0,0,0,0
2,-90,7.979,108,1663825,31,96,84,61258,0,0,0,0,0,239,2772,-9716,6566,0,0,0,0,0
2,-90,8.036,109,1663881,31,96,84,61258,0,0,0,0,0,239,2772,-9716,6566,0,0,0,0,0
2,-90,8.092,110,1663937,31,96,84,61258,0,0,0,0,0,239,2772,-9716,6566,0,0,0,0,0
2,-90,8.147,111,1663993,31,96,84,61258,0,0,0,0,0,239,2772,-9716,6566,0,0,0,0,0
2,-90,8.259,113,1664105,31,96,84,61258,0,0,0,0,0,239,2772,-9716,6566,0,0,0,0,0
2,-90,8.317,114,1664161,31,96,84,61258,0,0,0,0,0,239,2772,-9716,6566,0,0,0,0,0
2,-90,8.373,115,1664217,31,96,84,61258,0,0,0,0,0,239,2772,-9716,6566,0,0,0,0,0
2,-90,8.427,116,1664273,31,96,84,61258,0,0,0,0,0,239,2772,-9716,6566,0,0,0,0,0
2,-90,8.483,117,1664329,31,96,84,61258,0,0,0,0,0,239,2772,-9716,6566,0,0,0,0,0
2,-90,8.54,118,1664385,31,96,84,61258,0,0,0,0,0,239,2772,-9716,6566,0,0,0,0,0
2,-90,8.597,119,1664441,31,96,84,61258,0,0,0,0,0,239,2772,-9716,6566,0,0,0,0,0
2,-90,8.651,120,1664497,31,96,84,61258,0,0,0,0,0,239,2772,-9716,6566,0,0,0,0,0
2,-90,8.709,121,1664553,31,96,84,61258,0,0,0,0,0,239,2772,-9716,6566,0,0,0,0,0
2,-90,8.773,122,1664609,31,96,84,61258,0,0,0,0,0,239,2772,-9716,6566,0,0,0,0,0
2,-90,8.816,123,1664661,31,96,84,61258,0,0,0,0,0,239,2772,-9716,6566,0,0,0,0,0
2,-90,8.928,125,1664773,31,96,84,61258,0,0,0,0,0,239,2772,-9716,6566,0,0,0,0,0
2,-90,8.984,126,1664829,31,96,84,61258,0,0,0,0,0,239,2772,-9716,6566,0,0,0,0,0
2,-90,9.04,127,1664885,31,96,84,61258,0,0,0,0,0,239,2772,-9716,6566,0,0,0,0,0
2,-90,9.096,0,1664941,31,96,84,61258,0,0,0,0,0,239,2772,-9716,6566,0,0,0,0,0
2,-90,9.151,1,1664997,31,96,84,61258,0,0,0,0,0,239,2772,-9716,6566,0,0,0,0,0
2,-90,9.207,2,1665053,31,96,84,61258,0,0,0,0,0,239,2772,-9716,6566,0,0,0,0,0
2,-90,9.263,3,1665109,31,96,84,61258,0,0,0,0,0,239,2772,-9716,6566,0,0,0,0,0
2,-90,9.319,4,1665165,31,96,84,61258,0,0,0,0,0,239,2772,-9716,6566,0,0,0,0,0
2,-90,9.375,5,1665221,31,96,84,61258,0,0,0,0,0,239,2772,-9716,6566,0,0,0,0,0
2,-90,9.431,6,1665277,31,96,84,61258,0,0,0,0,0,239,2772,-9716,6566,0,0,0,0,0
2,-90,9.487,7,1665333,31,96,84,61258,0,0,0,0,0,239,2772,-9716,6566,0,0,0,0,0
2,-90,9.543,8,1665389,31,96,84,61258,0,0,0,0,0,239,2772,-9716,6566,0,0,0,0,0
2,-90,9.599,9,1665445,31,96,84,61258,0,0,0,0,0,239,2772,-9716,6566,0,0,0,0,0
2,-90,9.656,10,1665501,31,96,84,61258,0,0,0,0,0,239,2772,-9716,6566,0,0,0,0,0
2,-90,9.711,11,1665557,31,96,84,61258,0,0,0,0,0,239,2772,-9716,6566,0,0,0,0,0
2,-90,9.767,12,1665613,31,96,84,61258,0,0,0,0,0,239,2772,-9716,6566,0,0,0,0,0
2,-90,9.832,13,1665669,31,96,84,61258,0,0,0,0,0,239,2772,-9716,6566,0,0,0,0,0
2,-90,9.877,14,1665721,31,96,84,61258,0,0,0,0,0,239,2772,-9716,6566,0,0,0,0,0
2,-90,9.931,15,1665777,31,96,84,61258,0,0,0,0,0,239,2772,-9716,6566,0,0,0,0,0
2,-90,9.987,16,1665833,31,96,84,61258,0,0,0,0,0,239,2772,-9716,6566,0,0,0,0,0
2,-90,10.043,17,1665889,31,96,84,61258,0,0,0,0,0,239,2772,-9716,6566,0,0,0,0,0
3,107,0.029,79,1683633,31,96,84,61258,0,0,0,0,0,239,2772,-9716,6566,0,0,0,0,0
3,107,0.075,80,1683693,31,96,84,61258,0,0,0,0,0,239,2773,-9716,6566,-800,800,0,0,0
3,107,0.21,82,1683837,31,95,82,61457,0,0,0,-2,43,243,2779,-9722,6613,-1500,1400,0,0,0
3,107,0.281,83,1683909,31,95,81,61698,0,0,0,-10,72,244,2782,-9733,6666,-1800,1800,0,0,0
3,107,0.354,84,1683981,31,95,79,62161,0,0,0,-56,112,244,2785,-9772,6750,-2200,2200,0,0,0
3,107,0.427,85,1684053,31,94,78,62880,0,0,0,-92,135,244,2788,-9850,6863,-2600,2500,0,0,0
3,107,0.497,86,1684125,31,94,77,63809,0,0,0,-128,170,244,2791,-9958,7002,-2800,2900,0,0,0
3,107,0.57,87,1684197,31,95,76,64919,0,0,0,-154,184,244,2794,-10094,7161,-2800,2800,0,0,0
3,107,0.642,88,1684269,31,95,75,66131,0,0,0,-184,200,244,2797,-10244,7333,-2700,2800,0,0,0
3,107,0.713,89,1684341,31,95,75,67346,0,0,0,-174,184,244,2800,-10400,7500,-2700,2700,0,0,0
3,107,0.784,90,1684413,31,96,74,68565,0,0,0,-164,190,244,2803,-10555,7669,-2700,2700,0,0,0
3,107,0.859,91,1684485,31,96,74,69818,0,0,0,-164,190,244,2806,-10716,7841,-2600,2700,0,0,0
3,107,0.928,92,1684557,31,97,74,71064,0,0,0,-181,200,244,2809,-10877,8011,-2500,2600,0,0,0
3,107,1.135,93,1684766,31,96,74,72934,0,0,0,0,0,244,2821,-11127,8258,0,0,0,0,0
3,107,1.187,94,1684817,31,96,74,72934,0,0,0,0,0,244,2823,-11127,8258,0,0,0,0,0
3,107,1.331,96,1684961,31,96,74,72934,0,0,0,0,0,244,2829,-11127,8258,0,0,0,0,0
3,107,1.403,97,1685033,31,96,74,72934,0,0,0,0,0,244,2832,-11127,8258,0,0,0,0,0
3,107,1.475,98,1685105,31,96,74,72934,0,0,0,0,0,244,2835,-11127,8258,0,0,0,0,0
3,107,1.559,99,1685177,31,96,74,72934,0,0,0,0,0,244,2838,-11127,8258,0,0,0,0,0
3,107,1.671,101,1685301,31,96,74,72934,0,0,0,0,0,244,2841,-11127,8258,0,0,0,0,0
3,107,1.728,102,1685357,31,96,74,72934,0,0,0,0,0,244,2841,-11127,8258,0,0,0,0,0
3,107,1.783,103,1685413,31,96,74,72934,0,0,0,0,0,244,2841,-11127,8258,0,0,0,0,0
3,107,1.839,104,1685469,31,96,74,72934,0,0,0,0,0,244,2841,-11127,8258,0,0,0,0,0
3,107,1.895,105,1685525,31,96,74,72934,0,0,0,0,0,244,2841,-11127,8258,0,0,0,0,0
3,107,1.951,106,1685581,31,96,74,72934,0,0,0,0,0,244,2841,-11127,8258,0,0,0,0,0
3,107,2.007,107,1685637,31,96,74,72934,0,0,0,0,0,244,2841,-11127,8258,0,0,0,0,0
3,107,2.064,108,1685693,31,96,74,72934,0,0,0,0,0,244,2841,-11127,8258,0,0,0,0,0
3,107,2.12,109,1685749,31,96,74,72934,0,0,0,0,0,244,2841,-11127,8258,0,0,0,0,0
3,107,2.176,110,1685805,31,96,74,72934,0,0,0,0,0,244,2841,-11127,8258,0,0,0,0,0
3,107,2.293,112,1685917,31,96,74,72934,0,0,0,0,0,244,2841,-11127,8258,0,0,0,0,0
3,107,2.344,113,1685973,31,96,74,72934,0,0,0,0,0,244,2841,-11127,8258,0,0,0,0,0
3,107,2.399,114,1686029,31,96,74,72934,0,0,0,0,0,244,2841,-11127,8258,0,0,0,0,0
3,107,2.455,115,1686085,31,96,74,72934,0,0,0,0,0,244,2841,-11127,8258,0,0,0,0,0
3,107,2.512,116,1686141,31,96,74,72934,0,0,0,0,0,244,2841,-11127,8258,0,0,0,0,0
3,107,2.569,117,1686197,31,96,74,72934,0,0,0,0,0,244,2841,-11127,8258,0,0,0,0,0
3,107,2.632,118,1686253,31,96,74,72934,0,0,0,0,0,244,2841,-11127,8258,0,0,0,0,0
3,107,2.675,119,1686305,31,96,74,72934,0,0,0,0,0,244,2841,-11127,8258,0,0,0,0,0
3,107,2.731,120,1686361,31,96,74,72934,0,0,0,0,0,244,2841,-11127,8258,0,0,0,0,0
3,107,2.787,121,1686417,31,96,74,72934,0,0,0,0,0,244,2841,-11127,8258,0,0,0,0,0
3,107,2.843,122,1686473,31,96,74,72934,0,0,0,0,0,244,2841,-11127,8258,0,0,0,0,0
3,107,3.015,125,1686641,31,96,74,72934,0,0,0,0,0,244,2841,-11127,8258,0,0,0,0,0
3,107,3.069,126,1686697,31,96,74,72934,0,0,0,0,0,244,2841,-11127,8258,0,0,0,0,0
3,107,3.124,127,1686753,31,96,74,72934,0,0,0,0,0,244,2841,-11127,8258,0,0,0,0,0
3,107,3.18,0,1686809,31,96,74,72934,0,0,0,0,0,244,2841,-11127,8258,0,0,0,0,0
3,107,3.236,1,1686865,31,96,74,72934,0,0,0,0,0,244,2841,-11127,8258,0,0,0,0,0
3,107,3.292,2,1686921,31,96,74,72934,0,0,0,0,0,244,2841,-11127,8258,0,0,0,0,0
3,107,3.348,3,1686977,31,96,74,72934,0,0,0,0,0,244,2841,-11127,8258,0,0,0,0,0
3,107,3.405,4,1687033,31,96,74,72934,0,0,0,0,0,244,2841,-11127,8258,0,0,0,0,0
3,107,3.517,6,1687145,31,96,74,72934,0,0,0,0,0,244,2841,-11127,8258,0,0,0,0,0
3,107,3.628,8,1687257,31,96,74,72934,0,0,0,0,0,244,2841,-11127,8258,0,0,0,0,0
3,107,3.691,9,1687313,31,96,74,72934,0,0,0,0,0,244,2841,-11127,8258,0,0,0,0,0
3,107,3.735,10,1687365,31,96,74,72934,0,0,0,0,0,244,2841,-11127,8258,0,0,0,0,0
3,107,3.791,11,1687421,31,96,74,72934,0,0,0,0,0,244,2841,-11127,8258,0,0,0,0,0
3,107,3.847,12,1687477,31,96,74,72934,0,0,0,0,0,244,2841,-11127,8258,0,0,0,0,0
3,107,3.916,13,1687533,31,96,74,72934,0,0,0,0,0,244,2841,-11127,8258,0,0,0,0,0
3,107,3.96,14,1687589,31,96,74,72934,0,0,0,0,0,244,2841,-11127,8258,0,0,0,0,0
3,107,4.015,15,1687645,31,96,74,72934,0,0,0,0,0,244,2841,-11127,8258,0,0,0,0,0
3,107,4.082,16,1687701,31,96,74,72934,0,0,0,0,0,244,2841,-11127,8258,0,0,0,0,0
3,107,4.242,19,1687869,31,96,74,72934,0,0,0,0,0,244,2841,-11127,8258,0,0,0,0,0
3,107,4.351,21,1687981,31,96,74,72934,0,0,0,0,0,244,2841,-11127,8258,0,0,0,0,0
3,107,4.412,22,1688037,31,96,74,72934,0,0,0,0,0,244,2841,-11127,8258,0,0,0,0,0
3,107,4.466,23,1688093,31,96,74,72934,0,0,0,0,0,244,2841,-11127,8258,0,0,0,0,0
3,107,4.52,24,1688149,31,96,74,72934,0,0,0,0,0,244,2841,-11127,8258,0,0,0,0,0
3,107,4.575,25,1688205,31,96,74,72934,0,0,0,0,0,244,2841,-11127,8258,0,0,0,0,0
3,107,4.633,26,1688261,31,96,74,72934,0,0,0,0,0,244,2841,-11127,8258,0,0,0,0,0
3,107,4.689,27,1688317,31,96,74,72934,0,0,0,0,0,244,2841,-11127,8258,0,0,0,0,0
3,107,4.745,28,1688373,31,96,74,72934,0,0,0,0,0,244,2841,-11127,8258,0,0,0,0,0
3,107,4.795,29,1688425,31,96,74,72934,0,0,0,0,0,244,2841,-11127,8258,0,0,0,0,0
3,107,4.853,30,1688481,31,96,74,72934,0,0,0,0,0,244,2841,-11127,8258,0,0,0,0,0
3,107,4.909,31,1688537,31,96,74,72934,0,0,0,0,0,244,2841,-11127,8258,0,0,0,0,0
3,107,4.963,32,1688593,31,96,74,72934,0,0,0,0,0,244,2841,-11127,8258,0,0,0,0,0
3,107,5.019,33,1688649,31,96,74,72934,0,0,0,0,0,244,2841,-11127,8258,0,0,0,0,0
3,107,5.075,34,1688705,31,96,74,72934,0,0,0,0,0,244,2841,-11127,8258,0,0,0,0,0
3,107,5.131,35,1688761,31,96,74,72934,0,0,0,0,0,244,2841,-11127,8258,0,0,0,0,0
3,107,5.188,36,1688817,31,96,74,72934,0,0,0,0,0,244,2841,-11127,8258,0,0,0,0,0
3,107,5.242,37,1688873,31,96,74,72934,0,0,0,0,0,244,2841,-11127,8258,0,0,0,0,0
3,107,5.299,38,1688929,31,96,74,72934,0,0,0,0,0,244,2841,-11127,8258,0,0,0,0,0
3,107,5.467,41,1689097,31,96,74,72934,0,0,0,0,0,244,2841,-11127,8258,0,0,0,0,0
3,107,5.58,43,1689209,31,96,74,72934,0,0,0,0,0,244,2841,-11127,8258,0,0,0,0,0
3,107,5.635,44,1689265,31,96,74,72934,0,0,0,0,0,244,2841,-11127,8258,0,0,0,0,0
3,107,5.692,45,1689321,31,96,74,72934,0,0,0,0,0,244,2841,-11127,8258,0,0,0,0,0
3,107,5.747,46,1689377,31,96,74,72934,0,0,0,0,0,244,2841,-11127,8258,0,0,0,0,0
3,107,5.811,47,1689433,31,96,74,72934,0,0,0,0,0,244,2841,-11127,8258,0,0,0,0,0
3,107,5.855,48,1689485,31,96,74,72934,0,0,0,0,0,244,2841,-11127,8258,0,0,0,0,0
3,107,5.911,49,1689541,31,96,74,72934,0,0,0,0,0,244,2841,-11127,8258,0,0,0,0,0
3,107,5.967,50,1689597,31,96,74,72934,0,0,0,0,0,244,2841,-11127,8258,0,0,0,0,0
3,107,6.079,52,1689709,31,96,74,72934,0,0,0,0,0,244,2841,-11127,8258,0,0,0,0,0
3,107,6.136,53,1689765,31,96,74,72934,0,0,0,0,0,244,2841,-11127,8258,0,0,0,0,0
3,107,6.191,54,1689821,31,96,74,72934,0,0,0,0,0,244,2841,-11127,8258,0,0,0,0,0
3,107,6.246,55,1689877,31,96,74,72934,0,0,0,0,0,244,2841,-11127,8258,0,0,0,0,0
3,107,6.304,56,1689933,31,96,74,72934,0,0,0,0,0,244,2841,-11127,8258,0,0,0,0,0
3,107,6.358,57,1689989,31,96,74,72934,0,0,0,0,0,244,2841,-11127,8258,0,0,0,0,0
3,107,6.415,58,1690045,31,96,74,72934,0,0,0,0,0,244,2841,-11127,8258,0,0,0,0,0
3,107,6.472,59,1690101,31,96,74,72934,0,0,0,0,0,244,2841,-11127,8258,0,0,0,0,0
3,107,6.528,60,1690157,31,96,74,72934,0,0,0,0,0,244,2841,-11127,8258,0,0,0,0,0
3,107,6.638,62,1690269,31,96,74,72934,0,0,0,0,0,244,2841,-11127,8258,0,0,0,0,0
3,107,6.696,63,1690325,31,96,74,72934,0,0,0,0,0,244,2841,-11127,8258,0,0,0,0,0
3,107,6.754,64,1690381,31,96,74,72934,0,0,0,0,0,244,2841,-11127,8258,0,0,0,0,0
3,107,6.806,65,1690437,31,96,74,72934,0,0,0,0,0,244,2841,-11127,8258,0,0,0,0,0
3,107,6.871,66,1690493,31,96,74,72934,0,0,0,0,0,244,2841,-11127,8258,0,0,0,0,0
3,107,6.915,67,1690545,31,96,74,72934,0,0,0,0,0,244,2841,-11127,8258,0,0,0,0,0
3,107,6.97,68,1690601,31,96,74,72934,0,0,0,0,0,244,2841,-11127,8258,0,0,0,0,0
3,107,7.027,69,1690657,31,96,74,72934,0,0,0,0,0,244,2841,-11127,8258,0,0,0,0,0
3,107,7.104,70,1690713,31,96,74,72934,0,0,0,0,0,244,2841,-11127,8258,0,0,0,0,0
3,107,7.141,71,1690769,31,96,74,72934,0,0,0,0,0,244,2841,-11127,8258,0,0,0,0,0
3,107,7.194,72,1690825,31,96,74,72934,0,0,0,0,0,244,2841,-11127,8258,0,0,0,0,0
3,107,7.307,74,1690937,31,96,74,72934,0,0,0,0,0,244,2841,-11127,8258,0,0,0,0,0
3,107,7.363,75,1690993,31,96,74,72934,0,0,0,0,0,244,2841,-11127,8258,0,0,0,0,0
3,107,7.419,76,1691049,31,96,74,72934,0,0,0,0,0,244,2841,-11127,8258,0,0,0,0,0
3,107,7.475,77,1691105,31,96,74,72934,0,0,0,0,0,244,2841,-11127,8258,0,0,0,0,0
3,107,7.531,78,1691161,31,96,74,72934,0,0,0,0,0,244,2841,-11127,8258,0,0,0,0,0
3,107,7.587,79,1691217,31,96,74,72934,0,0,0,0,0,244,2841,-11127,8258,0,0,0,0,0
3,107,7.643,80,1691273,31,96,74,72934,0,0,0,0,0,244,2841,-11127,8258,0,0,0,0,0
3,107,7.702,81,1691329,31,96,74,72934,0,0,0,0,0,244,2841,-11127,8258,0,0,0,0,0
3,107,7.755,82,1691385,31,96,74,72934,0,0,0,0,0,244,2841,-11127,8258,0,0,0,0,0
3,107,7.82,83,1691441,31,96,74,72934,0,0,0,0,0,244,2841,-11127,8258,0,0,0,0,0
3,107,7.866,84,1691497,31,96,74,72934,0,0,0,0,0,244,2841,-11127,8258,0,0,0,0,0
3,107,7.93,85,1691553,31,96,74,72934,0,0,0,0,0,244,2841,-11127,8258,0,0,0,0,0
3,107,7.974,86,1691605,31,96,74,72934,0,0,0,0,0,244,2841,-11127,8258,0,0,0,0,0
3,107,8.032,87,1691661,31,96,74,72934,0,0,0,0,0,244,2841,-11127,8258,0,0,0,0,0
3,107,8.087,88,1691717,31,96,74,72934,0,0,0,0,0,244,2841,-11127,8258,0,0,0,0,0
3,107,8.143,89,1691773,31,96,74,72934,0,0,0,0,0,244,2841,-11127,8258,0,0,0,0,0
3,107,8.198,90,1691829,31,96,74,72934,0,0,0,0,0,244,2841,-11127,8258,0,0,0,0,0
3,107,8.254,91,1691885,31,96,74,72934,0,0,0,0,0,244,2841,-11127,8258,0,0,0,0,0
3,107,8.31,92,1691941,31,96,74,72934,0,0,0,0,0,244,2841,-11127,8258,0,0,0,0,0
3,107,8.366,93,1691997,31,96,74,72934,0,0,0,0,0,244,2841,-11127,8258,0,0,0,0,0
3,107,8.423,94,1692053,31,96,74,72934,0,0,0,0,0,244,2841,-11127,8258,0,0,0,0,0
3,107,8.535,96,1692165,31,96,74,72934,0,0,0,0,0,244,2841,-11127,8258,0,0,0,0,0
3,107,8.59,97,1692221,31,96,74,72934,0,0,0,0,0,244,2841,-11127,8258,0,0,0,0,0
3,107,8.647,98,1692277,31,96,74,72934,0,0,0,0,0,244,2841,-11127,8258,0,0,0,0,0
3,107,8.703,99,1692333,31,96,74,72934,0,0,0,0,0,244,2841,-11127,8258,0,0,0,0,0
3,107,8.759,100,1692389,31,96,74,72934,0,0,0,0,0,244,2841,-11127,8258,0,0,0,0,0
3,107,8.815,101,1692445,31,96,74,72934,0,0,0,0,0,244,2841,-11127,8258,0,0,0,0,0
3,107,8.871,102,1692501,31,96,74,72934,0,0,0,0,0,244,2841,-11127,8258,0,0,0,0,0
3,107,8.926,103,1692557,31,96,74,72934,0,0,0,0,0,244,2841,-11127,8258,0,0,0,0,0
3,107,8.99,104,1692613,31,96,74,72934,0,0,0,0,0,244,2841,-11127,8258,0,0,0,0,0
3,107,9.035,105,1692665,31,96,74,72934,0,0,0,0,0,244,2841,-11127,8258,0,0,0,0,0
3,107,9.09,106,1692721,31,96,74,72934,0,0,0,0,0,244,2841,-11127,8258,0,0,0,0,0
3,107,9.147,107,1692777,31,96,74,72934,0,0,0,0,0,244,2841,-11127,8258,0,0,0,0,0
3,107,9.203,108,1692833,31,96,74,72934,0,0,0,0,0,244,2841,-11127,8258,0,0,0,0,0
3,107,9.26,109,1692889,31,96,74,72934,0,0,0,0,0,244,2841,-11127,8258,0,0,0,0,0
3,107,9.315,110,1692945,31,96,74,72934,0,0,0,0,0,244,2841,-11127,8258,0,0,0,0,0
3,107,9.37,111,1693001,31,96,74,72934,0,0,0,0,0,244,2841,-11127,8258,0,0,0,0,0
3,107,9.427,112,1693057,31,96,74,72934,0,0,0,0,0,244,2841,-11127,8258,0,0,0,0,0
3,107,9.538,114,1693169,31,96,74,72934,0,0,0,0,0,244,2841,-11127,8258,0,0,0,0,0
3,107,9.595,115,1693225,31,96,74,72934,0,0,0,0,0,244,2841,-11127,8258,0,0,0,0,0
3,107,9.65,116,1693281,31,96,74,72934,0,0,0,0,0,244,2841,-11127,8258,0,0,0,0,0
3,107,9.765,118,1693393,31,96,74,72934,0,0,0,0,0,244,2841,-11127,8258,0,0,0,0,0
3,107,9.819,119,1693449,31,96,74,72934,0,0,0,0,0,244,2841,-11127,8258,0,0,0,0,0
3,107,9.875,120,1693505,31,96,74,72934,0,0,0,0,0,244,2841,-11127,8258,0,0,0,0,0
3,107,9.931,121,1693561,31,96,74,72934,0,0,0,0,0,244,2841,-11127,8258,0,0,0,0,0
3,107,9.987,122,1693617,31,96,74,72934,0,0,0,0,0,244,2841,-11127,8258,0,0,0,0,0
3,107,10.051,123,1693673,31,96,74,72934,0,0,0,0,0,244,2841,-11127,8258,0,0,0,0,0
3,107,10.094,124,1693725,31,96,74,72934,0,0,0,0,0,244,2841,-11127,8258,0,0,0,0,0
3,107,10.151,125,1693781,31,96,74,72934,0,0,0,0,0,244,2841,-11127,8258,0,0,0,0,0
3,107,10.207,126,1693837,31,96,74,72934,0,0,0,0,0,244,2841,-11127,8258,0,0,0,0,0
3,107,10.263,127,1693893,31,96,74,72934,0,0,0,0,0,244,2841,-11127,8258,0,0,0,0,0
3,107,10.319,0,1693949,31,96,74,72934,0,0,0,0,0,244,2841,-11127,8258,0,0,0,0,0
3,107,10.487,3,1694117,31,96,74,72934,0,0,0,0,0,244,2841,-11127,8258,0,0,0,0,0
3,107,10.545,4,1694173,31,96,74,72934,0,0,0,0,0,244,2841,-11127,8258,0,0,0,0,0
3,107,10.599,5,1694229,31,96,74,72934,0,0,0,0,0,244,2841,-11127,8258,0,0,0,0,0
3,107,10.655,6,1694285,31,96,74,72934,0,0,0,0,0,244,2841,-11127,8258,0,0,0,0,0
3,107,10.716,7,1694341,31,96,74,72934,0,0,0,0,0,244,2841,-11127,8258,0,0,0,0,0
3,107,10.768,8,1694397,31,96,74,72934,0,0,0,0,0,244,2841,-11127,8258,0,0,0,0,0
3,107,10.823,9,1694453,31,96,74,72934,0,0,0,0,0,244,2841,-11127,8258,0,0,0,0,0
3,107,10.879,10,1694509,31,96,74,72934,0,0,0,0,0,244,2841,-11127,8258,0,0,0,0,0
3,107,10.991,12,1694621,31,96,74,72934,0,0,0,0,0,244,2841,-11127,8258,0,0,0,0,0
3,107,11.047,13,1694677,31,96,74,72934,0,0,0,0,0,244,2841,-11127,8258,0,0,0,0,0
3,107,11.111,14,1694733,31,96,74,72934,0,0,0,0,0,244,2841,-11127,8258,0,0,0,0,0
3,107,11.154,15,1694785,31,96,74,72934,0,0,0,0,0,244,2841,-11127,8258,0,0,0,0,0
3,107,11.213,16,1694841,31,96,74,72934,0,0,0,0,0,244,2841,-11127,8258,0,0,0,0,0
3,107,11.322,18,1694953,31,96,74,72934,0,0,0,0,0,244,2841,-11127,8258,0,0,0,0,0
3,107,11.378,19,1695009,31,96,74,72934,0,0,0,0,0,244,2841,-11127,8258,0,0,0,0,0
3,107,11.435,20,1695065,31,96,74,72934,0,0,0,0,0,244,2841,-11127,8258,0,0,0,0,0
3,107,11.49,21,1695121,31,96,74,72934,0,0,0,0,0,244,2841,-11127,8258,0,0,0,0,0
3,107,11.548,22,1695177,31,96,74,72934,0,0,0,0,0,244,2841,-11127,8258,0,0,0,0,0
3,107,11.658,24,1695289,31,96,74,72934,0,0,0,0,0,244,2841,-11127,8258,0,0,0,0,0
3,107,11.716,25,1695345,31,96,74,72934,0,0,0,0,0,244,2841,-11127,8258,0,0,0,0,0
3,107,11.77,26,1695401,31,96,74,72934,0,0,0,0,0,244,2841,-11127,8258,0,0,0,0,0
3,107,11.826,27,1695457,31,96,74,72934,0,0,0,0,0,244,2841,-11127,8258,0,0,0,0,0
3,107,11.882,28,1695513,31,96,74,72934,0,0,0,0,0,244,2841,-11127,8258,0,0,0,0,0
3,107,11.938,29,1695569,31,96,74,72934,0,0,0,0,0,244,2841,-11127,8258,0,0,0,0,0
3,107,11.995,30,1695625,31,96,74,72934,0,0,0,0,0,244,2841,-11127,8258,0,0,0,0,0
3,107,12.05,31,1695681,31,96,74,72934,0,0,0,0,0,244,2841,-11127,8258,0,0,0,0,0
3,107,12.106,32,1695737,31,96,74,72934,0,0,0,0,0,244,2841,-11127,8258,0,0,0,0,0
3,107,12.27,35,1695901,31,96,74,72934,0,0,0,0,0,244,2841,-11127,8258,0,0,0,0,0
3,107,12.327,36,1695957,31,96,74,72934,0,0,0,0,0,244,2841,-11127,8258,0,0,0,0,0
3,107,12.382,37,1696013,31,96,74,72934,0,0,0,0,0,244,2841,-11127,8258,0,0,0,0,0
3,107,12.439,38,1696069,31,96,74,72934,0,0,0,0,0,244,2841,-11127,8258,0,0,0,0,0
3,107,12.495,39,1696125,31,96,74,72934,0,0,0,0,0,244,2841,-11127,8258,0,0,0,0,0
3,107,12.551,40,1696181,31,96,74,72934,0,0,0,0,0,244,2841,-11127,8258,0,0,0,0,0
3,107,12.606,41,1696237,31,96,74,72934,0,0,0,0,0,244,2841,-11127,8258,0,0,0,0,0
3,107,12.663,42,1696293,31,96,74,72934,0,0,0,0,0,244,2841,-11127,8258,0,0,0,0,0
3,107,12.718,43,1696349,31,96,74,72934,0,0,0,0,0,244,2841,-11127,8258,0,0,0,0,0
3,107,12.775,44,1696405,31,96,74,72934,0,0,0,0,0,244,2841,-11127,8258,0,0,0,0,0
3,107,12.888,46,1696517,31,96,74,72934,0,0,0,0,0,244,2841,-11127,8258,0,0,0,0,0
3,107,12.942,47,1696573,31,96,74,72934,0,0,0,0,0,244,2841,-11127,8258,0,0,0,0,0
3,107,12.998,48,1696629,31,96,74,72934,0,0,0,0,0,244,2841,-11127,8258,0,0,0,0,0
3,107,13.056,49,1696685,31,96,74,72934,0,0,0,0,0,244,2841,-11127,8258,0,0,0,0,0
3,107,13.11,50,1696741,31,96,74,72934,0,0,0,0,0,244,2841,-11127,8258,0,0,0,0,0
3,107,13.166,51,1696797,31,96,74,72934,0,0,0,0,0,244,2841,-11127,8258,0,0,0,0,0
3,107,13.23,52,1696853,31,96,74,72934,0,0,0,0,0,244,2841,-11127,8258,0,0,0,0,0
3,107,13.274,53,1696905,31,96,74,72934,0,0,0,0,0,244,2841,-11127,8258,0,0,0,0,0
3,107,13.331,54,1696961,31,96,74,72934,0,0,0,0,0,244,2841,-11127,8258,0,0,0,0,0
3,107,13.387,55,1697017,31,96,74,72934,0,0,0,0,0,244,2841,-11127,8258,0,0,0,0,0
3,107,13.442,56,1697073,31,96,74,72934,0,0,0,0,0,244,2841,-11127,8258,0,0,0,0,0
3,107,13.498,57,1697129,31,96,74,72934,0,0,0,0,0,244,2841,-11127,8258,0,0,0,0,0
3,107,13.554,58,1697185,31,96,74,72934,0,0,0,0,0,244,2841,-11127,8258,0,0,0,0,0
3,107,13.61,59,1697241,31,96,74,72934,0,0,0,0,0,244,2841,-11127,8258,0,0,0,0,0
3,107,13.666,60,1697297,31,96,74,72934,0,0,0,0,0,244,2841,-11127,8258,0,0,0,0,0
3,107,13.723,61,1697353,31,96,74,72934,0,0,0,0,0,244,2841,-11127,8258,0,0,0,0,0
3,107,13.779,62,1697409,31,96,74,72934,0,0,0,0,0,244,2841,-11127,8258,0,0,0,0,0
3,107,13.835,63,1697465,31,96,74,72934,0,0,0,0,0,244,2841,-11127,8258,0,0,0,0,0
3,107,13.891,64,1697521,31,96,74,72934,0,0,0,0,0,244,2841,-11127,8258,0,0,0,0,0
3,107,13.948,65,1697577,31,96,74,72934,0,0,0,0,0,244,2841,-11127,8258,0,0,0,0,0
3,107,14.003,66,1697633,31,96,74,72934,0,0,0,0,0,244,2841,-11127,8258,0,0,0,0,0
3,107,14.115,68,1697745,31,96,74,72934,0,0,0,0,0,244,2841,-11127,8258,0,0,0,0,0
3,107,14.171,69,1697801,31,96,74,72934,0,0,0,0,0,244,2841,-11127,8258,0,0,0,0,0
3,107,14.227,70,1697857,31,96,74,72934,0,0,0,0,0,244,2841,-11127,8258,0,0,0,0,0
3,107,14.291,71,1697913,31,96,74,72934,0,0,0,0,0,244,2841,-11127,8258,0,0,0,0,0
3,107,14.335,72,1697965,31,96,74,72934,0,0,0,0,0,244,2841,-11127,8258,0,0,0,0,0
3,107,14.391,73,1698021,31,96,74,72934,0,0,0,0,0,244,2841,-11127,8258,0,0,0,0,0
3,107,14.447,74,1698077,31,96,74,72934,0,0,0,0,0,244,2841,-11127,8258,0,0,0,0,0
3,107,14.503,75,1698133,31,96,74,72934,0,0,0,0,0,244,2841,-11127,8258,0,0,0,0,0
3,107,14.559,76,1698189,31,96,74,72934,0,0,0,0,0,244,2841,-11127,8258,0,0,0,0,0
3,107,14.615,77,1698245,31,96,74,72934,0,0,0,0,0,244,2841,-11127,8258,0,0,0,0,0
3,107,14.671,78,1698301,31,96,74,72934,0,0,0,0,0,244,2841,-11127,8258,0,0,0,0,0
3,107,14.783,80,1698413,31,96,74,72934,0,0,0,0,0,244,2841,-11127,8258,0,0,0,0,0
3,107,14.838,81,1698469,31,96,74,72934,0,0,0,0,0,244,2841,-11127,8258,0,0,0,0,0
3,107,14.894,82,1698525,31,96,74,72934,0,0,0,0,0,244,2841,-11127,8258,0,0,0,0,0
3,107,14.951,83,1698581,31,96,74,72934,0,0,0,0,0,244,2841,-11127,8258,0,0,0,0,0
3,107,15.008,84,1698637,31,96,74,72934,0,0,0,0,0,244,2841,-11127,8258,0,0,0,0,0
3,107,15.064,85,1698693,31,96,74,72934,0,0,0,0,0,244,2841,-11127,8258,0,0,0,0,0
3,107,15.119,86,1698749,31,96,74,72934,0,0,0,0,0,244,2841,-11127,8258,0,0,0,0,0
3,107,15.175,87,1698805,31,96,74,72934,0,0,0,0,0,244,2841,-11127,8258,0,0,0,0,0
3,107,15.231,88,1698861,31,96,74,72934,0,0,0,0,0,244,2841,-11127,8258,0,0,0,0,0
3,107,15.351,90,1698973,31,96,74,72934,0,0,0,0,0,244,2841,-11127,8258,0,0,0,0,0
3,107,15.394,91,1699025,31,96,74,72934,0,0,0,0,0,244,2841,-11127,8258,0,0,0,0,0
3,107,15.452,92,1699081,31,96,74,72934,0,0,0,0,0,244,2841,-11127,8258,0,0,0,0,0
3,107,15.507,93,1699137,31,96,74,72934,0,0,0,0,0,244,2841,-11127,8258,0,0,0,0,0
3,107,15.562,94,1699193,31,96,74,72934,0,0,0,0,0,244,2841,-11127,8258,0,0,0,0,0
3,107,15.618,95,1699249,31,96,74,72934,0,0,0,0,0,244,2841,-11127,8258,0,0,0,0,0
3,107,15.674,96,1699305,31,96,74,72934,0,0,0,0,0,244,2841,-11127,8258,0,0,0,0,0
3,107,15.731,97,1699361,31,96,74,72934,0,0,0,0,0,244,2841,-11127,8258,0,0,0,0,0
3,107,15.787,98,1699417,31,96,74,72934,0,0,0,0,0,244,2841,-11127,8258,0,0,0,0,0
3,107,15.842,99,1699473,31,96,74,72934,0,0,0,0,0,244,2841,-11127,8258,0,0,0,0,0
3,107,15.898,100,1699529,31,96,74,72934,0,0,0,0,0,244,2841,-11127,8258,0,0,0,0,0
3,107,16.01,102,1699641,31,96,74,72934,0,0,0,0,0,244,2841,-11127,8258,0,0,0,0,0
3,107,16.066,103,1699697,31,96,74,72934,0,0,0,0,0,244,2841,-11127,8258,0,0,0,0,0
3,107,16.122,104,1699753,31,96,74,72934,0,0,0,0,0,244,2841,-11127,8258,0,0,0,0,0
3,107,16.178,105,1699809,31,96,74,72934,0,0,0,0,0,244,2841,-11127,8258,0,0,0,0,0
3,107,16.234,106,1699865,31,96,74,72934,0,0,0,0,0,244,2841,-11127,8258,0,0,0,0,0
3,107,16.29,107,1699921,31,96,74,72934,0,0,0,0,0,244,2841,-11127,8258,0,0,0,0,0
3,107,16.346,108,1699977,31,96,74,72934,0,0,0,0,0,244,2841,-11127,8258,0,0,0,0,0
3,107,16.41,109,1700033,31,96,74,72934,0,0,0,0,0,244,2841,-11127,8258,0,0,0,0,0
3,107,16.454,110,1700085,31,96,74,72934,0,0,0,0,0,244,2841,-11127,8258,0,0,0,0,0
3,107,16.511,111,1700141,31,96,74,72934,0,0,0,0,0,244,2841,-11127,8258,0,0,0,0,0
3,107,16.622,113,1700253,31,96,74,72934,0,0,0,0,0,244,2841,-11127,8258,0,0,0,0,0
3,107,16.679,114,1700309,31,96,74,72934,0,0,0,0,0,244,2841,-11127,8258,0,0,0,0,0
3,107,16.735,115,1700365,31,96,74,72934,0,0,0,0,0,244,2841,-11127,8258,0,0,0,0,0
3,107,16.79,116,1700421,31,96,74,72934,0,0,0,0,0,244,2841,-11127,8258,0,0,0,0,0
3,107,16.846,117,1700477,31,96,74,72934,0,0,0,0,0,244,2841,-11127,8258,0,0,0,0,0
3,107,16.902,118,1700533,31,96,74,72934,0,0,0,0,0,244,2841,-11127,8258,0,0,0,0,0
3,107,16.959,119,1700589,31,96,74,72934,0,0,0,0,0,244,2841,-11127,8258,0,0,0,0,0
3,107,17.014,120,1700645,31,96,74,72934,0,0,0,0,0,244,2841,-11127,8258,0,0,0,0,0
3,107,17.071,121,1700701,31,96,74,72934,0,0,0,0,0,244,2841,-11127,8258,0,0,0,0,0
3,107,17.126,122,1700757,31,96,74,72934,0,0,0,0,0,244,2841,-11127,8258,0,0,0,0,0
3,107,17.238,124,1700869,31,96,74,72934,0,0,0,0,0,244,2841,-11127,8258,0,0,0,0,0
3,107,17.295,125,1700925,31,96,74,72934,0,0,0,0,0,244,2841,-11127,8258,0,0,0,0,0
3,107,17.35,126,1700981,31,96,74,72934,0,0,0,0,0,244,2841,-11127,8258,0,0,0,0,0
3,107,17.407,127,1701037,31,96,74,72934,0,0,0,0,0,244,2841,-11127,8258,0,0,0,0,0
3,107,17.47,0,1701093,31,96,74,72934,0,0,0,0,0,244,2841,-11127,8258,0,0,0,0,0
3,107,17.514,1,1701145,31,96,74,72934,0,0,0,0,0,244,2841,-11127,8258,0,0,0,0,0
3,107,17.571,2,1701201,31,96,74,72934,0,0,0,0,0,244,2841,-11127,8258,0,0,0,0,0
3,107,17.626,3,1701257,31,96,74,72934,0,0,0,0,0,244,2841,-11127,8258,0,0,0,0,0
3,107,17.682,4,1701313,31,96,74,72934,0,0,0,0,0,244,2841,-11127,8258,0,0,0,0,0
3,107,17.738,5,1701369,31,96,74,72934,0,0,0,0,0,244,2841,-11127,8258,0,0,0,0,0
3,107,17.794,6,1701425,31,96,74,72934,0,0,0,0,0,244,2841,-11127,8258,0,0,0,0,0
4,-107,0.065,103,1713997,31,96,74,72934,0,0,0,0,0,244,2842,-11127,8258,800,-900,0,0,0
4,-107,0.123,104,1714047,31,96,74,72904,0,0,0,0,-16,246,2844,-11127,8250,1100,-1100,0,0,0
4,-107,0.184,105,1714117,31,95,74,72817,0,0,0,0,-31,249,2847,-11127,8227,1400,-1300,0,0,0
4,-107,0.258,106,1714189,31,93,73,72610,0,0,0,10,-56,250,2850,-11122,8177,1700,-1600,0,0,0
4,-107,0.33,107,1714261,31,91,73,72245,0,0,0,36,-82,250,2853,-11100,8102,2000,-2000,0,0,0
4,-107,0.485,109,1714407,31,88,74,70782,0,0,0,102,-164,250,2859,-10952,7861,2800,-2800,0,0,0
4,-107,0.555,110,1714477,31,86,74,69739,0,0,0,132,-186,250,2862,-10836,7700,2900,-2800,0,0,0
4,-107,0.616,111,1714549,31,84,75,68588,0,0,0,144,-191,250,2865,-10708,7522,2800,-2800,0,0,0
4,-107,0.692,112,1714621,31,83,76,67414,0,0,0,148,-210,250,2868,-10577,7341,2800,-2800,0,0,0
4,-107,0.762,113,1714693,31,82,78,66311,0,0,0,125,-171,250,2871,-10450,7175,2700,-2700,0,0,0
4,-107,0.835,114,1714765,31,81,79,65179,0,0,0,138,-174,250,2874,-10319,7005,2700,-2700,0,0,0
4,-107,0.906,115,1714837,31,81,81,64061,0,0,0,118,-180,250,2877,-10194,6833,2700,-2700,0,0,0
4,-107,0.977,116,1714909,31,81,83,62921,0,0,0,138,-184,250,2880,-10069,6655,2300,-2000,0,0,0
4,-107,1.12,117,1715054,31,81,85,61616,0,0,0,0,0,250,2888,-9927,6450,0,0,0,0,0
4,-107,1.18,118,1715105,31,81,85,61616,0,0,0,0,0,250,2889,-9927,6450,0,0,0,0,0
4,-107,1.247,119,1715161,31,81,85,61616,0,0,0,0,0,250,2889,-9927,6450,0,0,0,0,0
4,-107,1.279,120,1715213,31,81,85,61616,0,0,0,0,0,250,2889,-9927,6450,0,0,0,0,0
4,-107,1.336,121,1715269,31,81,85,61616,0,0,0,0,0,250,2889,-9927,6450,0,0,0,0,0
4,-107,1.393,122,1715325,31,81,85,61616,0,0,0,0,0,250,2889,-9927,6450,0,0,0,0,0
4,-107,1.449,123,1715381,31,81,85,61616,0,0,0,0,0,250,2889,-9927,6450,0,0,0,0,0
4,-107,1.503,124,1715437,31,81,85,61616,0,0,0,0,0,250,2889,-9927,6450,0,0,0,0,0
4,-107,1.559,125,1715493,31,81,85,61616,0,0,0,0,0,250,2889,-9927,6450,0,0,0,0,0
4,-107,1.615,126,1715549,31,81,85,61616,0,0,0,0,0,250,2889,-9927,6450,0,0,0,0,0
4,-107,1.675,127,1715605,31,81,85,61616,0,0,0,0,0,250,2889,-9927,6450,0,0,0,0,0
4,-107,1.784,1,1715717,31,81,85,61616,0,0,0,0,0,250,2889,-9927,6450,0,0,0,0,0
4,-107,1.84,2,1715773,31,81,85,61616,0,0,0,0,0,250,2889,-9927,6450,0,0,0,0,0
4,-107,1.896,3,1715829,31,81,85,61616,0,0,0,0,0,250,2889,-9927,6450,0,0,0,0,0
4,-107,1.954,4,1715885,31,81,85,61616,0,0,0,0,0,250,2889,-9927,6450,0,0,0,0,0
4,-107,2.01,5,1715941,31,81,85,61616,0,0,0,0,0,250,2889,-9927,6450,0,0,0,0,0
4,-107,2.066,6,1715997,31,81,85,61616,0,0,0,0,0,250,2889,-9927,6450,0,0,0,0,0
4,-107,2.127,7,1716053,31,81,85,61616,0,0,0,0,0,250,2889,-9927,6450,0,0,0,0,0
4,-107,2.177,8,1716109,31,81,85,61616,0,0,0,0,0,250,2889,-9927,6450,0,0,0,0,0
4,-107,2.232,9,1716165,31,81,85,61616,0,0,0,0,0,250,2889,-9927,6450,0,0,0,0,0
4,-107,2.339,11,1716273,31,81,85,61616,0,0,0,0,0,250,2889,-9927,6450,0,0,0,0,0
4,-107,2.523,14,1716441,31,81,85,61616,0,0,0,0,0,250,2889,-9927,6450,0,0,0,0,0
4,-107,2.621,16,1716553,31,81,85,61616,0,0,0,0,0,250,2889,-9927,6450,0,0,0,0,0
4,-107,2.678,17,1716609,31,81,85,61616,0,0,0,0,0,250,2889,-9927,6450,0,0,0,0,0
4,-107,2.733,18,1716665,31,81,85,61616,0,0,0,0,0,250,2889,-9927,6450,0,0,0,0,0
4,-107,2.788,19,1716721,31,81,85,61616,0,0,0,0,0,250,2889,-9927,6450,0,0,0,0,0
4,-107,2.843,20,1716777,31,81,85,61616,0,0,0,0,0,250,2889,-9927,6450,0,0,0,0,0
4,-107,2.9,21,1716833,31,81,85,61616,0,0,0,0,0,250,2889,-9927,6450,0,0,0,0,0
4,-107,3.012,23,1716945,31,81,85,61616,0,0,0,0,0,250,2889,-9927,6450,0,0,0,0,0
4,-107,3.139,25,1717057,31,81,85,61616,0,0,0,0,0,250,2889,-9927,6450,0,0,0,0,0
4,-107,3.183,26,1717113,31,81,85,61616,0,0,0,0,0,250,2889,-9927,6450,0,0,0,0,0
4,-107,3.236,27,1717169,31,81,85,61616,0,0,0,0,0,250,2889,-9927,6450,0,0,0,0,0
4,-107,3.293,28,1717225,31,81,85,61616,0,0,0,0,0,250,2889,-9927,6450,0,0,0,0,0
4,-107,3.364,29,1717281,31,81,85,61616,0,0,0,0,0,250,2889,-9927,6450,0,0,0,0,0
4,-107,3.401,30,1717333,31,81,85,61616,0,0,0,0,0,250,2889,-9927,6450,0,0,0,0,0
4,-107,3.458,31,1717389,31,81,85,61616,0,0,0,0,0,250,2889,-9927,6450,0,0,0,0,0
4,-107,3.513,32,1717445,31,81,85,61616,0,0,0,0,0,250,2889,-9927,6450,0,0,0,0,0
4,-107,3.576,33,1717501,31,81,85,61616,0,0,0,0,0,250,2889,-9927,6450,0,0,0,0,0
4,-107,3.739,36,1717669,31,81,85,61616,0,0,0,0,0,250,2889,-9927,6450,0,0,0,0,0
4,-107,3.793,37,1717725,31,81,85,61616,0,0,0,0,0,250,2889,-9927,6450,0,0,0,0,0
4,-107,3.847,38,1717781,31,81,85,61616,0,0,0,0,0,250,2889,-9927,6450,0,0,0,0,0
4,-107,3.905,39,1717837,31,81,85,61616,0,0,0,0,0,250,2889,-9927,6450,0,0,0,0,0
4,-107,3.963,40,1717893,31,81,85,61616,0,0,0,0,0,250,2889,-9927,6450,0,0,0,0,0
4,-107,4.016,41,1717949,31,81,85,61616,0,0,0,0,0,250,2889,-9927,6450,0,0,0,0,0
4,-107,4.073,42,1718005,31,81,85,61616,0,0,0,0,0,250,2889,-9927,6450,0,0,0,0,0
4,-107,4.127,43,1718061,31,81,85,61616,0,0,0,0,0,250,2889,-9927,6450,0,0,0,0,0
4,-107,4.183,44,1718117,31,81,85,61616,0,0,0,0,0,250,2889,-9927,6450,0,0,0,0,0
4,-107,4.239,45,1718173,31,81,85,61616,0,0,0,0,0,250,2889,-9927,6450,0,0,0,0,0
4,-107,4.295,46,1718229,31,81,85,61616,0,0,0,0,0,250,2889,-9927,6450,0,0,0,0,0
4,-107,4.351,47,1718285,31,81,85,61616,0,0,0,0,0,250,2889,-9927,6450,0,0,0,0,0
4,-107,4.418,48,1718341,31,81,85,61616,0,0,0,0,0,250,2889,-9927,6450,0,0,0,0,0
4,-107,4.461,49,1718393,31,81,85,61616,0,0,0,0,0,250,2889,-9927,6450,0,0,0,0,0
4,-107,4.518,50,1718449,31,81,85,61616,0,0,0,0,0,250,2889,-9927,6450,0,0,0,0,0
4,-107,4.572,51,1718505,31,81,85,61616,0,0,0,0,0,250,2889,-9927,6450,0,0,0,0,0
4,-107,4.635,52,1718561,31,81,85,61616,0,0,0,0,0,250,2889,-9927,6450,0,0,0,0,0
4,-107,4.687,53,1718617,31,81,85,61616,0,0,0,0,0,250,2889,-9927,6450,0,0,0,0,0
4,-107,4.739,54,1718673,31,81,85,61616,0,0,0,0,0,250,2889,-9927,6450,0,0,0,0,0
4,-107,4.795,55,1718729,31,81,85,61616,0,0,0,0,0,250,2889,-9927,6450,0,0,0,0,0
4,-107,4.963,58,1718897,31,81,85,61616,0,0,0,0,0,250,2889,-9927,6450,0,0,0,0,0
4,-107,5.019,59,1718953,31,81,85,61616,0,0,0,0,0,250,2889,-9927,6450,0,0,0,0,0
4,-107,5.076,60,1719009,31,81,85,61616,0,0,0,0,0,250,2889,-9927,6450,0,0,0,0,0
4,-107,5.131,61,1719065,31,81,85,61616,0,0,0,0,0,250,2889,-9927,6450,0,0,0,0,0
4,-107,5.188,62,1719121,31,81,85,61616,0,0,0,0,0,250,2889,-9927,6450,0,0,0,0,0
4,-107,5.25,63,1719177,31,81,85,61616,0,0,0,0,0,250,2889,-9927,6450,0,0,0,0,0
4,-107,5.301,64,1719233,31,81,85,61616,0,0,0,0,0,250,2889,-9927,6450,0,0,0,0,0
4,-107,5.356,65,1719289,31,81,85,61616,0,0,0,0,0,250,2889,-9927,6450,0,0,0,0,0
4,-107,5.412,66,1719345,31,81,85,61616,0,0,0,0,0,250,2889,-9927,6450,0,0,0,0,0
4,-107,5.471,67,1719401,31,81,85,61616,0,0,0,0,0,250,2889,-9927,6450,0,0,0,0,0
4,-107,5.576,69,1719509,31,81,85,61616,0,0,0,0,0,250,2889,-9927,6450,0,0,0,0,0
4,-107,5.631,70,1719565,31,81,85,61616,0,0,0,0,0,250,2889,-9927,6450,0,0,0,0,0
4,-107,5.688,71,1719621,31,81,85,61616,0,0,0,0,0,250,2889,-9927,6450,0,0,0,0,0
4,-107,5.744,72,1719677,31,81,85,61616,0,0,0,0,0,250,2889,-9927,6450,0,0,0,0,0
4,-107,5.799,73,1719733,31,81,85,61616,0,0,0,0,0,250,2889,-9927,6450,0,0,0,0,0
4,-107,5.855,74,1719789,31,81,85,61616,0,0,0,0,0,250,2889,-9927,6450,0,0,0,0,0
4,-107,5.912,75,1719845,31,81,85,61616,0,0,0,0,0,250,2889,-9927,6450,0,0,0,0,0
4,-107,5.972,76,1719901,31,81,85,61616,0,0,0,0,0,250,2889,-9927,6450,0,0,0,0,0
4,-107,6.024,77,1719957,31,81,85,61616,0,0,0,0,0,250,2889,-9927,6450,0,0,0,0,0
4,-107,6.082,78,1720013,31,81,85,61616,0,0,0,0,0,250,2889,-9927,6450,0,0,0,0,0
4,-107,6.135,79,1720069,31,81,85,61616,0,0,0,0,0,250,2889,-9927,6450,0,0,0,0,0
4,-107,6.192,80,1720125,31,81,85,61616,0,0,0,0,0,250,2889,-9927,6450,0,0,0,0,0
4,-107,6.249,81,1720181,31,81,85,61616,0,0,0,0,0,250,2889,-9927,6450,0,0,0,0,0
4,-107,6.305,82,1720237,31,81,85,61616,0,0,0,0,0,250,2889,-9927,6450,0,0,0,0,0
4,-107,6.36,83,1720293,31,81,85,61616,0,0,0,0,0,250,2889,-9927,6450,0,0,0,0,0
4,-107,6.415,84,1720349,31,81,85,61616,0,0,0,0,0,250,2889,-9927,6450,0,0,0,0,0
4,-107,6.472,85,1720405,31,81,85,61616,0,0,0,0,0,250,2889,-9927,6450,0,0,0,0,0
4,-107,6.537,86,1720461,31,81,85,61616,0,0,0,0,0,250,2889,-9927,6450,0,0,0,0,0
4,-107,6.579,87,1720513,31,81,85,61616,0,0,0,0,0,250,2889,-9927,6450,0,0,0,0,0
4,-107,6.636,88,1720569,31,81,85,61616,0,0,0,0,0,250,2889,-9927,6450,0,0,0,0,0
4,-107,6.691,89,1720625,31,81,85,61616,0,0,0,0,0,250,2889,-9927,6450,0,0,0,0,0
4,-107,6.806,91,1720737,31,81,85,61616,0,0,0,0,0,250,2889,-9927,6450,0,0,0,0,0
4,-107,6.86,92,1720793,31,81,85,61616,0,0,0,0,0,250,2889,-9927,6450,0,0,0,0,0
4,-107,6.916,93,1720849,31,81,85,61616,0,0,0,0,0,250,2889,-9927,6450,0,0,0,0,0
4,-107,6.972,94,1720905,31,81,85,61616,0,0,0,0,0,250,2889,-9927,6450,0,0,0,0,0
4,-107,7.028,95,1720961,31,81,85,61616,0,0,0,0,0,250,2889,-9927,6450,0,0,0,0,0
4,-107,7.083,96,1721017,31,81,85,61616,0,0,0,0,0,250,2889,-9927,6450,0,0,0,0,0
4,-107,7.139,97,1721073,31,81,85,61616,0,0,0,0,0,250,2889,-9927,6450,0,0,0,0,0
4,-107,7.195,98,1721129,31,81,85,61616,0,0,0,0,0,250,2889,-9927,6450,0,0,0,0,0
4,-107,7.251,99,1721185,31,81,85,61616,0,0,0,0,0,250,2889,-9927,6450,0,0,0,0,0
4,-107,7.363,101,1721297,31,81,85,61616,0,0,0,0,0,250,2889,-9927,6450,0,0,0,0,0
4,-107,7.42,102,1721353,31,81,85,61616,0,0,0,0,0,250,2889,-9927,6450,0,0,0,0,0
4,-107,7.476,103,1721409,31,81,85,61616,0,0,0,0,0,250,2889,-9927,6450,0,0,0,0,0
4,-107,7.534,104,1721465,31,81,85,61616,0,0,0,0,0,250,2889,-9927,6450,0,0,0,0,0
4,-107,7.595,105,1721521,31,81,85,61616,0,0,0,0,0,250,2889,-9927,6450,0,0,0,0,0
4,-107,7.64,106,1721573,31,81,85,61616,0,0,0,0,0,250,2889,-9927,6450,0,0,0,0,0
4,-107,7.695,107,1721629,31,81,85,61616,0,0,0,0,0,250,2889,-9927,6450,0,0,0,0,0
4,-107,7.751,108,1721685,31,81,85,61616,0,0,0,0,0,250,2889,-9927,6450,0,0,0,0,0
4,-107,7.814,109,1721741,31,81,85,61616,0,0,0,0,0,250,2889,-9927,6450,0,0,0,0,0
4,-107,7.864,110,1721797,31,81,85,61616,0,0,0,0,0,250,2889,-9927,6450,0,0,0,0,0
4,-107,7.92,111,1721853,31,81,85,61616,0,0,0,0,0,250,2889,-9927,6450,0,0,0,0,0
4,-107,8.062,113,1721965,31,81,85,61616,0,0,0,0,0,250,2889,-9927,6450,0,0,0,0,0
4,-107,8.144,115,1722077,31,81,85,61616,0,0,0,0,0,250,2889,-9927,6450,0,0,0,0,0
4,-107,8.2,116,1722133,31,81,85,61616,0,0,0,0,0,250,2889,-9927,6450,0,0,0,0,0
4,-107,8.256,117,1722189,31,81,85,61616,0,0,0,0,0,250,2889,-9927,6450,0,0,0,0,0
4,-107,8.311,118,1722245,31,81,85,61616,0,0,0,0,0,250,2889,-9927,6450,0,0,0,0,0
4,-107,8.37,119,1722301,31,81,85,61616,0,0,0,0,0,250,2889,-9927,6450,0,0,0,0,0
4,-107,8.427,120,1722357,31,81,85,61616,0,0,0,0,0,250,2889,-9927,6450,0,0,0,0,0
4,-107,8.48,121,1722413,31,81,85,61616,0,0,0,0,0,250,2889,-9927,6450,0,0,0,0,0
4,-107,8.536,122,1722469,31,81,85,61616,0,0,0,0,0,250,2889,-9927,6450,0,0,0,0,0
4,-107,8.656,124,1722581,31,81,85,61616,0,0,0,0,0,250,2889,-9927,6450,0,0,0,0,0
4,-107,8.756,126,1722689,31,81,85,61616,0,0,0,0,0,250,2889,-9927,6450,0,0,0,0,0
4,-107,8.812,127,1722745,31,81,85,61616,0,0,0,0,0,250,2889,-9927,6450,0,0,0,0,0
4,-107,8.867,0,1722801,31,81,85,61616,0,0,0,0,0,250,2889,-9927,6450,0,0,0,0,0
4,-107,8.923,1,1722857,31,81,85,61616,0,0,0,0,0,250,2889,-9927,6450,0,0,0,0,0
4,-107,8.979,2,1722913,31,81,85,61616,0,0,0,0,0,250,2889,-9927,6450,0,0,0,0,0
4,-107,9.036,3,1722969,31,81,85,61616,0,0,0,0,0,250,2889,-9927,6450,0,0,0,0,0
4,-107,9.091,4,1723025,31,81,85,61616,0,0,0,0,0,250,2889,-9927,6450,0,0,0,0,0
4,-107,9.148,5,1723081,31,81,85,61616,0,0,0,0,0,250,2889,-9927,6450,0,0,0,0,0
4,-107,9.259,7,1723193,31,81,85,61616,0,0,0,0,0,250,2889,-9927,6450,0,0,0,0,0
4,-107,9.315,8,1723249,31,81,85,61616,0,0,0,0,0,250,2889,-9927,6450,0,0,0,0,0
4,-107,9.372,9,1723305,31,81,85,61616,0,0,0,0,0,250,2889,-9927,6450,0,0,0,0,0
4,-107,9.428,10,1723361,31,81,85,61616,0,0,0,0,0,250,2889,-9927,6450,0,0,0,0,0
4,-107,9.484,11,1723417,31,81,85,61616,0,0,0,0,0,250,2889,-9927,6450,0,0,0,0,0
4,-107,9.539,12,1723473,31,81,85,61616,0,0,0,0,0,250,2889,-9927,6450,0,0,0,0,0
4,-107,9.595,13,1723529,31,81,85,61616,0,0,0,0,0,250,2889,-9927,6450,0,0,0,0,0
4,-107,9.651,14,1723585,31,81,85,61616,0,0,0,0,0,250,2889,-9927,6450,0,0,0,0,0
4,-107,9.715,15,1723641,31,81,85,61616,0,0,0,0,0,250,2889,-9927,6450,0,0,0,0,0
4,-107,9.815,17,1723749,31,81,85,61616,0,0,0,0,0,250,2889,-9927,6450,0,0,0,0,0
4,-107,9.872,18,1723805,31,81,85,61616,0,0,0,0,0,250,2889,-9927,6450,0,0,0,0,0
4,-107,9.927,19,1723861,31,81,85,61616,0,0,0,0,0,250,2889,-9927,6450,0,0,0,0,0
4,-107,9.982,20,1723917,31,81,85,61616,0,0,0,0,0,250,2889,-9927,6450,0,0,0,0,0
4,-107,10.039,21,1723973,31,81,85,61616,0,0,0,0,0,250,2889,-9927,6450,0,0,0,0,0
4,-107,10.096,22,1724029,31,81,85,61616,0,0,0,0,0,250,2889,-9927,6450,0,0,0,0,0
4,-107,10.152,23,1724085,31,81,85,61616,0,0,0,0,0,250,2889,-9927,6450,0,0,0,0,0
4,-107,10.207,24,1724141,31,81,85,61616,0,0,0,0,0,250,2889,-9927,6450,0,0,0,0,0
4,-107,10.263,25,1724197,31,81,85,61616,0,0,0,0,0,250,2889,-9927,6450,0,0,0,0,0
4,-107,10.318,26,1724253,31,81,85,61616,0,0,0,0,0,250,2889,-9927,6450,0,0,0,0,0
4,-107,10.375,27,1724309,31,81,85,61616,0,0,0,0,0,250,2889,-9927,6450,0,0,0,0,0
4,-107,10.486,29,1724421,31,81,85,61616,0,0,0,0,0,250,2889,-9927,6450,0,0,0,0,0
4,-107,10.543,30,1724477,31,81,85,61616,0,0,0,0,0,250,2889,-9927,6450,0,0,0,0,0
4,-107,10.599,31,1724533,31,81,85,61616,0,0,0,0,0,250,2889,-9927,6450,0,0,0,0,0
4,-107,10.655,32,1724589,31,81,85,61616,0,0,0,0,0,250,2889,-9927,6450,0,0,0,0,0
4,-107,10.711,33,1724645,31,81,85,61616,0,0,0,0,0,250,2889,-9927,6450,0,0,0,0,0
4,-107,10.775,34,1724701,31,81,85,61616,0,0,0,0,0,250,2889,-9927,6450,0,0,0,0,0
4,-107,10.819,35,1724753,31,81,85,61616,0,0,0,0,0,250,2889,-9927,6450,0,0,0,0,0
4,-107,10.875,36,1724809,31,81,85,61616,0,0,0,0,0,250,2889,-9927,6450,0,0,0,0,0
4,-107,10.931,37,1724865,31,81,85,61616,0,0,0,0,0,250,2889,-9927,6450,0,0,0,0,0
4,-107,11.042,39,1724977,31,81,85,61616,0,0,0,0,0,250,2889,-9927,6450,0,0,0,0,0
4,-107,11.155,41,1725089,31,81,85,61616,0,0,0,0,0,250,2889,-9927,6450,0,0,0,0,0
4,-107,11.211,42,1725145,31,81,85,61616,0,0,0,0,0,250,2889,-9927,6450,0,0,0,0,0
4,-107,11.267,43,1725201,31,81,85,61616,0,0,0,0,0,250,2889,-9927,6450,0,0,0,0,0
4,-107,11.324,44,1725257,31,81,85,61616,0,0,0,0,0,250,2889,-9927,6450,0,0,0,0,0
4,-107,11.379,45,1725313,31,81,85,61616,0,0,0,0,0,250,2889,-9927,6450,0,0,0,0,0
4,-107,11.435,46,1725369,31,81,85,61616,0,0,0,0,0,250,2889,-9927,6450,0,0,0,0,0
4,-107,11.492,47,1725425,31,81,85,61616,0,0,0,0,0,250,2889,-9927,6450,0,0,0,0,0
4,-107,11.548,48,1725481,31,81,85,61616,0,0,0,0,0,250,2889,-9927,6450,0,0,0,0,0
4,-107,11.604,49,1725537,31,81,85,61616,0,0,0,0,0,250,2889,-9927,6450,0,0,0,0,0
4,-107,11.716,51,1725649,31,81,85,61616,0,0,0,0,0,250,2889,-9927,6450,0,0,0,0,0
4,-107,11.836,53,1725761,31,81,85,61616,0,0,0,0,0,250,2889,-9927,6450,0,0,0,0,0
4,-107,11.88,54,1725813,31,81,85,61616,0,0,0,0,0,250,2889,-9927,6450,0,0,0,0,0
5,180,-0.009,16,1737979,31,81,85,61616,0,0,0,0,0,250,2889,-9927,6450,0,0,0,0,0
5,180,0.034,17,1738030,31,81,85,61616,0,0,0,0,0,250,2889,-9927,6450,0,0,0,0,0
5,180,0.097,18,1738083,31,81,85,61634,0,0,0,0,14,251,2891,-9927,6455,-1000,1000,0,0,0
5,180,0.23,20,1738225,31,80,83,61928,0,0,0,-26,46,255,2897,-9944,6516,-1500,1400,0,0,0
5,180,0.377,22,1738369,31,80,81,62786,0,0,0,-72,108,255,2903,-10022,6666,-2400,2300,0,0,0
5,180,0.447,23,1738441,31,80,80,63610,0,0,0,-108,144,255,2906,-10119,6788,-2600,2700,0,0,0
5,180,0.598,25,1738585,31,81,78,65815,0,0,0,-171,200,255,2912,-10388,7105,-2700,2800,0,0,0
5,180,0.662,26,1738657,31,81,78,67030,0,0,0,-194,174,255,2915,-10547,7269,-2700,2700,0,0,0
5,180,0.783,28,1738777,31,81,77,69070,0,0,0,-164,184,255,2920,-10811,7547,-2600,2700,0,0,0
5,180,0.854,29,1738849,31,81,77,70300,0,0,0,-184,191,255,2923,-10972,7713,-2600,2600,0,0,0
5,180,0.926,30,1738921,31,82,77,71493,0,0,0,-164,174,255,2926,-11127,7875,-2600,2600,0,0,0
5,180,0.997,31,1738993,31,82,77,72693,0,0,0,-164,181,255,2929,-11283,8038,-2500,2400,0,0,0
5,180,1.072,32,1739065,31,82,77,73867,0,0,0,-148,174,255,2932,-11433,8200,-2500,2200,0,0,0
5,180,1.143,33,1739137,31,82,77,74985,0,0,0,-164,174,255,2935,-11583,8347,-2400,2000,0,0,0
5,180,1.214,34,1739209,31,82,77,76080,0,0,0,-164,164,255,2938,-11733,8488,-2500,2000,0,0,0
5,180,1.286,35,1739281,31,82,77,77137,0,0,0,-164,148,255,2941,-11877,8625,-2400,2000,0,0,0
5,180,1.43,37,1739425,31,81,76,79214,0,0,0,-164,144,255,2947,-12166,8888,-1600,900,0,0,0
5,180,1.565,38,1739562,31,81,74,80076,0,0,0,0,0,255,2955,-12300,8983,0,0,0,0,0
5,180,1.62,39,1739613,31,81,74,80076,0,0,0,0,0,255,2957,-12300,8983,0,0,0,0,0
5,180,1.688,40,1739685,31,81,74,80076,0,0,0,0,0,255,2960,-12300,8983,0,0,0,0,0
5,180,1.761,41,1739757,31,81,74,80076,0,0,0,0,0,255,2963,-12300,8983,0,0,0,0,0
5,180,1.905,43,1739901,31,81,74,80076,0,0,0,0,0,255,2969,-12300,8983,0,0,0,0,0
5,180,1.985,44,1739973,31,81,74,80076,0,0,0,0,0,255,2972,-12300,8983,0,0,0,0,0
5,180,2.048,45,1740045,31,81,74,80076,0,0,0,0,0,255,2975,-12300,8983,0,0,0,0,0
5,180,2.122,46,1740117,31,81,74,80076,0,0,0,0,0,255,2978,-12300,8983,0,0,0,0,0
5,180,2.265,48,1740261,31,81,74,80076,0,0,0,0,0,255,2984,-12300,8983,0,0,0,0,0
5,180,2.337,49,1740333,31,81,74,80076,0,0,0,0,0,255,2987,-12300,8983,0,0,0,0,0
5,180,2.414,50,1740405,31,81,74,80076,0,0,0,0,0,255,2990,-12300,8983,0,0,0,0,0
5,180,2.481,51,1740477,31,81,74,80076,0,0,0,0,0,255,2993,-12300,8983,0,0,0,0,0
5,180,2.552,52,1740549,31,81,74,80076,0,0,0,0,0,255,2996,-12300,8983,0,0,0,0,0
5,180,2.608,53,1740605,31,81,74,80076,0,0,0,0,0,255,2997,-12300,8983,0,0,0,0,0
5,180,2.664,54,1740661,31,81,74,80076,0,0,0,0,0,255,2997,-12300,8983,0,0,0,0,0
5,180,2.72,55,1740717,31,81,74,80076,0,0,0,0,0,255,2997,-12300,8983,0,0,0,0,0
5,180,2.778,56,1740773,31,81,74,80076,0,0,0,0,0,255,2997,-12300,8983,0,0,0,0,0
5,180,2.833,57,1740829,31,81,74,80076,0,0,0,0,0,255,2997,-12300,8983,0,0,0,0,0
5,180,2.889,58,1740885,31,81,74,80076,0,0,0,0,0,255,2997,-12300,8983,0,0,0,0,0
5,180,2.945,59,1740941,31,81,74,80076,0,0,0,0,0,255,2997,-12300,8983,0,0,0,0,0
5,180,3.0,60,1740997,31,81,74,80076,0,0,0,0,0,255,2997,-12300,8983,0,0,0,0,0
5,180,3.057,61,1741053,31,81,74,80076,0,0,0,0,0,255,2997,-12300,8983,0,0,0,0,0
5,180,3.177,63,1741165,31,81,74,80076,0,0,0,0,0,255,2997,-12300,8983,0,0,0,0,0
5,180,3.221,64,1741217,31,81,74,80076,0,0,0,0,0,255,2997,-12300,8983,0,0,0,0,0
5,180,3.28,65,1741273,31,81,74,80076,0,0,0,0,0,255,2997,-12300,8983,0,0,0,0,0
5,180,3.337,66,1741329,31,81,74,80076,0,0,0,0,0,255,2997,-12300,8983,0,0,0,0,0
5,180,3.389,67,1741385,31,81,74,80076,0,0,0,0,0,255,2997,-12300,8983,0,0,0,0,0
5,180,3.444,68,1741441,31,81,74,80076,0,0,0,0,0,255,2997,-12300,8983,0,0,0,0,0
5,180,3.506,69,1741497,31,81,74,80076,0,0,0,0,0,255,2997,-12300,8983,0,0,0,0,0
5,180,3.557,70,1741553,31,81,74,80076,0,0,0,0,0,255,2997,-12300,8983,0,0,0,0,0
5,180,3.612,71,1741609,31,81,74,80076,0,0,0,0,0,255,2997,-12300,8983,0,0,0,0,0
5,180,3.668,72,1741665,31,81,74,80076,0,0,0,0,0,255,2997,-12300,8983,0,0,0,0,0
5,180,3.725,73,1741721,31,81,74,80076,0,0,0,0,0,255,2997,-12300,8983,0,0,0,0,0
5,180,3.836,75,1741833,31,81,74,80076,0,0,0,0,0,255,2997,-12300,8983,0,0,0,0,0
5,180,3.892,76,1741889,31,81,74,80076,0,0,0,0,0,255,2997,-12300,8983,0,0,0,0,0
5,180,3.948,77,1741945,31,81,74,80076,0,0,0,0,0,255,2997,-12300,8983,0,0,0,0,0
5,180,4.004,78,1742001,31,81,74,80076,0,0,0,0,0,255,2997,-12300,8983,0,0,0,0,0
5,180,4.061,79,1742057,31,81,74,80076,0,0,0,0,0,255,2997,-12300,8983,0,0,0,0,0
5,180,4.117,80,1742113,31,81,74,80076,0,0,0,0,0,255,2997,-12300,8983,0,0,0,0,0
5,180,4.172,81,1742169,31,81,74,80076,0,0,0,0,0,255,2997,-12300,8983,0,0,0,0,0
5,180,4.237,82,1742225,31,81,74,80076,0,0,0,0,0,255,2997,-12300,8983,0,0,0,0,0
5,180,4.28,83,1742277,31,81,74,80076,0,0,0,0,0,255,2997,-12300,8983,0,0,0,0,0
5,180,4.336,84,1742333,31,81,74,80076,0,0,0,0,0,255,2997,-12300,8983,0,0,0,0,0
5,180,4.448,86,1742445,31,81,74,80076,0,0,0,0,0,255,2997,-12300,8983,0,0,0,0,0
5,180,4.504,87,1742501,31,81,74,80076,0,0,0,0,0,255,2997,-12300,8983,0,0,0,0,0
5,180,4.561,88,1742557,31,81,74,80076,0,0,0,0,0,255,2997,-12300,8983,0,0,0,0,0
5,180,4.617,89,1742613,31,81,74,80076,0,0,0,0,0,255,2997,-12300,8983,0,0,0,0,0
5,180,4.673,90,1742669,31,81,74,80076,0,0,0,0,0,255,2997,-12300,8983,0,0,0,0,0
5,180,4.728,91,1742725,31,81,74,80076,0,0,0,0,0,255,2997,-12300,8983,0,0,0,0,0
5,180,4.784,92,1742781,31,81,74,80076,0,0,0,0,0,255,2997,-12300,8983,0,0,0,0,0
5,180,4.84,93,1742837,31,81,74,80076,0,0,0,0,0,255,2997,-12300,8983,0,0,0,0,0
5,180,4.896,94,1742893,31,81,74,80076,0,0,0,0,0,255,2997,-12300,8983,0,0,0,0,0
5,180,4.952,95,1742949,31,81,74,80076,0,0,0,0,0,255,2997,-12300,8983,0,0,0,0,0
5,180,5.064,97,1743061,31,81,74,80076,0,0,0,0,0,255,2997,-12300,8983,0,0,0,0,0
5,180,5.121,98,1743117,31,81,74,80076,0,0,0,0,0,255,2997,-12300,8983,0,0,0,0,0
5,180,5.176,99,1743173,31,81,74,80076,0,0,0,0,0,255,2997,-12300,8983,0,0,0,0,0
5,180,5.234,100,1743229,31,81,74,80076,0,0,0,0,0,255,2997,-12300,8983,0,0,0,0,0
5,180,5.298,101,1743285,31,81,74,80076,0,0,0,0,0,255,2997,-12300,8983,0,0,0,0,0
5,180,5.342,102,1743337,31,81,74,80076,0,0,0,0,0,255,2997,-12300,8983,0,0,0,0,0
5,180,5.396,103,1743393,31,81,74,80076,0,0,0,0,0,255,2997,-12300,8983,0,0,0,0,0
5,180,5.453,104,1743449,31,81,74,80076,0,0,0,0,0,255,2997,-12300,8983,0,0,0,0,0
5,180,5.509,105,1743505,31,81,74,80076,0,0,0,0,0,255,2997,-12300,8983,0,0,0,0,0
5,180,5.564,106,1743561,31,81,74,80076,0,0,0,0,0,255,2997,-12300,8983,0,0,0,0,0
5,180,5.677,108,1743673,31,81,74,80076,0,0,0,0,0,255,2997,-12300,8983,0,0,0,0,0
5,180,5.732,109,1743729,31,81,74,80076,0,0,0,0,0,255,2997,-12300,8983,0,0,0,0,0
5,180,5.79,110,1743785,31,81,74,80076,0,0,0,0,0,255,2997,-12300,8983,0,0,0,0,0
5,180,5.846,111,1743841,31,81,74,80076,0,0,0,0,0,255,2997,-12300,8983,0,0,0,0,0
5,180,5.902,112,1743897,31,81,74,80076,0,0,0,0,0,255,2997,-12300,8983,0,0,0,0,0
5,180,5.958,113,1743953,31,81,74,80076,0,0,0,0,0,255,2997,-12300,8983,0,0,0,0,0
5,180,6.013,114,1744009,31,81,74,80076,0,0,0,0,0,255,2997,-12300,8983,0,0,0,0,0
5,180,6.068,115,1744065,31,81,74,80076,0,0,0,0,0,255,2997,-12300,8983,0,0,0,0,0
5,180,6.124,116,1744121,31,81,74,80076,0,0,0,0,0,255,2997,-12300,8983,0,0,0,0,0
5,180,6.181,117,1744177,31,81,74,80076,0,0,0,0,0,255,2997,-12300,8983,0,0,0,0,0
5,180,6.294,119,1744289,31,81,74,80076,0,0,0,0,0,255,2997,-12300,8983,0,0,0,0,0
5,180,6.358,120,1744345,31,81,74,80076,0,0,0,0,0,255,2997,-12300,8983,0,0,0,0,0
5,180,6.401,121,1744397,31,81,74,80076,0,0,0,0,0,255,2997,-12300,8983,0,0,0,0,0
5,180,6.458,122,1744453,31,81,74,80076,0,0,0,0,0,255,2997,-12300,8983,0,0,0,0,0
5,180,6.512,123,1744509,31,81,74,80076,0,0,0,0,0,255,2997,-12300,8983,0,0,0,0,0
5,180,6.57,124,1744565,31,81,74,80076,0,0,0,0,0,255,2997,-12300,8983,0,0,0,0,0
5,180,6.625,125,1744621,31,81,74,80076,0,0,0,0,0,255,2997,-12300,8983,0,0,0,0,0
5,180,6.68,126,1744677,31,81,74,80076,0,0,0,0,0,255,2997,-12300,8983,0,0,0,0,0
5,180,6.737,127,1744733,31,81,74,80076,0,0,0,0,0,255,2997,-12300,8983,0,0,0,0,0
5,180,6.792,0,1744789,31,81,74,80076,0,0,0,0,0,255,2997,-12300,8983,0,0,0,0,0
5,180,6.905,2,1744901,31,81,74,80076,0,0,0,0,0,255,2997,-12300,8983,0,0,0,0,0
5,180,6.96,3,1744957,31,81,74,80076,0,0,0,0,0,255,2997,-12300,8983,0,0,0,0,0
5,180,7.016,4,1745013,31,81,74,80076,0,0,0,0,0,255,2997,-12300,8983,0,0,0,0,0
5,180,7.072,5,1745069,31,81,74,80076,0,0,0,0,0,255,2997,-12300,8983,0,0,0,0,0
5,180,7.128,6,1745125,31,81,74,80076,0,0,0,0,0,255,2997,-12300,8983,0,0,0,0,0
5,180,7.24,8,1745237,31,81,74,80076,0,0,0,0,0,255,2997,-12300,8983,0,0,0,0,0
5,180,7.296,9,1745293,31,81,74,80076,0,0,0,0,0,255,2997,-12300,8983,0,0,0,0,0
5,180,7.352,10,1745349,31,81,74,80076,0,0,0,0,0,255,2997,-12300,8983,0,0,0,0,0
5,180,7.417,11,1745405,31,81,74,80076,0,0,0,0,0,255,2997,-12300,8983,0,0,0,0,0
5,180,7.46,12,1745457,31,81,74,80076,0,0,0,0,0,255,2997,-12300,8983,0,0,0,0,0
5,180,7.517,13,1745513,31,81,74,80076,0,0,0,0,0,255,2997,-12300,8983,0,0,0,0,0
5,180,7.628,15,1745625,31,81,74,80076,0,0,0,0,0,255,2997,-12300,8983,0,0,0,0,0
5,180,7.74,17,1745737,31,81,74,80076,0,0,0,0,0,255,2997,-12300,8983,0,0,0,0,0
5,180,7.797,18,1745793,31,81,74,80076,0,0,0,0,0,255,2997,-12300,8983,0,0,0,0,0
5,180,7.853,19,1745849,31,81,74,80076,0,0,0,0,0,255,2997,-12300,8983,0,0,0,0,0
5,180,7.908,20,1745905,31,81,74,80076,0,0,0,0,0,255,2997,-12300,8983,0,0,0,0,0
5,180,7.965,21,1745961,31,81,74,80076,0,0,0,0,0,255,2997,-12300,8983,0,0,0,0,0
5,180,8.02,22,1746017,31,81,74,80076,0,0,0,0,0,255,2997,-12300,8983,0,0,0,0,0
5,180,8.077,23,1746073,31,81,74,80076,0,0,0,0,0,255,2997,-12300,8983,0,0,0,0,0
5,180,8.132,24,1746129,31,81,74,80076,0,0,0,0,0,255,2997,-12300,8983,0,0,0,0,0
5,180,8.188,25,1746185,31,81,74,80076,0,0,0,0,0,255,2997,-12300,8983,0,0,0,0,0
5,180,8.281,26,1746241,31,81,74,80076,0,0,0,0,0,255,2997,-12300,8983,0,0,0,0,0
5,180,8.301,27,1746297,31,81,74,80076,0,0,0,0,0,255,2997,-12300,8983,0,0,0,0,0
5,180,8.357,28,1746353,31,81,74,80076,0,0,0,0,0,255,2997,-12300,8983,0,0,0,0,0
5,180,8.413,29,1746409,31,81,74,80076,0,0,0,0,0,255,2997,-12300,8983,0,0,0,0,0
5,180,8.477,30,1746465,31,81,74,80076,0,0,0,0,0,255,2997,-12300,8983,0,0,0,0,0
5,180,8.52,31,1746517,31,81,74,80076,0,0,0,0,0,255,2997,-12300,8983,0,0,0,0,0
5,180,8.577,32,1746573,31,81,74,80076,0,0,0,0,0,255,2997,-12300,8983,0,0,0,0,0
5,180,8.632,33,1746629,31,81,74,80076,0,0,0,0,0,255,2997,-12300,8983,0,0,0,0,0
5,180,8.688,34,1746685,31,81,74,80076,0,0,0,0,0,255,2997,-12300,8983,0,0,0,0,0
5,180,8.801,36,1746797,31,81,74,80076,0,0,0,0,0,255,2997,-12300,8983,0,0,0,0,0
5,180,8.857,37,1746853,31,81,74,80076,0,0,0,0,0,255,2997,-12300,8983,0,0,0,0,0
5,180,8.914,38,1746909,31,81,74,80076,0,0,0,0,0,255,2997,-12300,8983,0,0,0,0,0
5,180,8.968,39,1746965,31,81,74,80076,0,0,0,0,0,255,2997,-12300,8983,0,0,0,0,0
5,180,9.024,40,1747021,31,81,74,80076,0,0,0,0,0,255,2997,-12300,8983,0,0,0,0,0
5,180,9.08,41,1747077,31,81,74,80076,0,0,0,0,0,255,2997,-12300,8983,0,0,0,0,0
5,180,9.136,42,1747133,31,81,74,80076,0,0,0,0,0,255,2997,-12300,8983,0,0,0,0,0
5,180,9.192,43,1747189,31,81,74,80076,0,0,0,0,0,255,2997,-12300,8983,0,0,0,0,0
5,180,9.248,44,1747245,31,81,74,80076,0,0,0,0,0,255,2997,-12300,8983,0,0,0,0,0
5,180,9.305,45,1747301,31,81,74,80076,0,0,0,0,0,255,2997,-12300,8983,0,0,0,0,0
5,180,9.417,47,1747413,31,81,74,80076,0,0,0,0,0,255,2997,-12300,8983,0,0,0,0,0
5,180,9.472,48,1747469,31,81,74,80076,0,0,0,0,0,255,2997,-12300,8983,0,0,0,0,0
5,180,9.538,49,1747525,31,81,74,80076,0,0,0,0,0,255,2997,-12300,8983,0,0,0,0,0
5,180,9.58,50,1747577,31,81,74,80076,0,0,0,0,0,255,2997,-12300,8983,0,0,0,0,0
5,180,9.636,51,1747633,31,81,74,80076,0,0,0,0,0,255,2997,-12300,8983,0,0,0,0,0
5,180,9.692,52,1747689,31,81,74,80076,0,0,0,0,0,255,2997,-12300,8983,0,0,0,0,0
5,180,9.748,53,1747745,31,81,74,80076,0,0,0,0,0,255,2997,-12300,8983,0,0,0,0,0
5,180,9.805,54,1747801,31,81,74,80076,0,0,0,0,0,255,2997,-12300,8983,0,0,0,0,0
5,180,9.86,55,1747857,31,81,74,80076,0,0,0,0,0,255,2997,-12300,8983,0,0,0,0,0
5,180,9.915,56,1747913,31,81,74,80076,0,0,0,0,0,255,2997,-12300,8983,0,0,0,0,0
5,180,10.028,58,1748025,31,81,74,80076,0,0,0,0,0,255,2997,-12300,8983,0,0,0,0,0
5,180,10.084,59,1748081,31,81,74,80076,0,0,0,0,0,255,2997,-12300,8983,0,0,0,0,0
5,180,10.142,60,1748137,31,81,74,80076,0,0,0,0,0,255,2997,-12300,8983,0,0,0,0,0
5,180,10.197,61,1748193,31,81,74,80076,0,0,0,0,0,255,2997,-12300,8983,0,0,0,0,0
5,180,10.254,62,1748249,31,81,74,80076,0,0,0,0,0,255,2997,-12300,8983,0,0,0,0,0
5,180,10.309,63,1748305,31,81,74,80076,0,0,0,0,0,255,2997,-12300,8983,0,0,0,0,0
5,180,10.364,64,1748361,31,81,74,80076,0,0,0,0,0,255,2997,-12300,8983,0,0,0,0,0
5,180,10.421,65,1748417,31,81,74,80076,0,0,0,0,0,255,2997,-12300,8983,0,0,0,0,0
5,180,10.476,66,1748473,31,81,74,80076,0,0,0,0,0,255,2997,-12300,8983,0,0,0,0,0
5,180,10.532,67,1748529,31,81,74,80076,0,0,0,0,0,255,2997,-12300,8983,0,0,0,0,0
5,180,10.59,68,1748585,31,81,74,80076,0,0,0,0,0,255,2997,-12300,8983,0,0,0,0,0
5,180,10.696,70,1748693,31,81,74,80076,0,0,0,0,0,255,2997,-12300,8983,0,0,0,0,0
5,180,10.754,71,1748749,31,81,74,80076,0,0,0,0,0,255,2997,-12300,8983,0,0,0,0,0
5,180,10.808,72,1748805,31,81,74,80076,0,0,0,0,0,255,2997,-12300,8983,0,0,0,0,0
5,180,10.863,73,1748861,31,81,74,80076,0,0,0,0,0,255,2997,-12300,8983,0,0,0,0,0
5,180,10.921,74,1748917,31,81,74,80076,0,0,0,0,0,255,2997,-12300,8983,0,0,0,0,0
5,180,10.977,75,1748973,31,81,74,80076,0,0,0,0,0,255,2997,-12300,8983,0,0,0,0,0
5,180,11.032,76,1749029,31,81,74,80076,0,0,0,0,0,255,2997,-12300,8983,0,0,0,0,0
5,180,11.144,78,1749141,31,81,74,80076,0,0,0,0,0,255,2997,-12300,8983,0,0,0,0,0
5,180,11.257,80,1749253,31,81,74,80076,0,0,0,0,0,255,2997,-12300,8983,0,0,0,0,0
5,180,11.313,81,1749309,31,81,74,80076,0,0,0,0,0,255,2997,-12300,8983,0,0,0,0,0
5,180,11.369,82,1749365,31,81,74,80076,0,0,0,0,0,255,2997,-12300,8983,0,0,0,0,0
5,180,11.423,83,1749421,31,81,74,80076,0,0,0,0,0,255,2997,-12300,8983,0,0,0,0,0
5,180,11.481,84,1749477,31,81,74,80076,0,0,0,0,0,255,2997,-12300,8983,0,0,0,0,0
5,180,11.536,85,1749533,31,81,74,80076,0,0,0,0,0,255,2997,-12300,8983,0,0,0,0,0
5,180,11.592,86,1749589,31,81,74,80076,0,0,0,0,0,255,2997,-12300,8983,0,0,0,0,0
5,180,11.657,87,1749645,31,81,74,80076,0,0,0,0,0,255,2997,-12300,8983,0,0,0,0,0
5,180,11.7,88,1749697,31,81,74,80076,0,0,0,0,0,255,2997,-12300,8983,0,0,0,0,0
5,180,11.756,89,1749753,31,81,74,80076,0,0,0,0,0,255,2997,-12300,8983,0,0,0,0,0
5,180,11.814,90,1749809,31,81,74,80076,0,0,0,0,0,255,2997,-12300,8983,0,0,0,0,0
5,180,11.923,92,1749921,31,81,74,80076,0,0,0,0,0,255,2997,-12300,8983,0,0,0,0,0
5,180,12.036,94,1750033,31,81,74,80076,0,0,0,0,0,255,2997,-12300,8983,0,0,0,0,0
5,180,12.092,95,1750089,31,81,74,80076,0,0,0,0,0,255,2997,-12300,8983,0,0,0,0,0
5,180,12.149,96,1750145,31,81,74,80076,0,0,0,0,0,255,2997,-12300,8983,0,0,0,0,0
5,180,12.205,97,1750201,31,81,74,80076,0,0,0,0,0,255,2997,-12300,8983,0,0,0,0,0
5,180,12.261,98,1750257,31,81,74,80076,0,0,0,0,0,255,2997,-12300,8983,0,0,0,0,0
5,180,12.317,99,1750313,31,81,74,80076,0,0,0,0,0,255,2997,-12300,8983,0,0,0,0,0
5,180,12.372,100,1750369,31,81,74,80076,0,0,0,0,0,255,2997,-12300,8983,0,0,0,0,0
5,180,12.429,101,1750425,31,81,74,80076,0,0,0,0,0,255,2997,-12300,8983,0,0,0,0,0
5,180,12.541,103,1750537,31,81,74,80076,0,0,0,0,0,255,2997,-12300,8983,0,0,0,0,0
5,180,12.653,105,1750649,31,81,74,80076,0,0,0,0,0,255,2997,-12300,8983,0,0,0,0,0
5,180,12.718,106,1750705,31,81,74,80076,0,0,0,0,0,255,2997,-12300,8983,0,0,0,0,0
5,180,12.762,107,1750757,31,81,74,80076,0,0,0,0,0,255,2997,-12300,8983,0,0,0,0,0
5,180,12.817,108,1750813,31,81,74,80076,0,0,0,0,0,255,2997,-12300,8983,0,0,0,0,0
5,180,12.873,109,1750869,31,81,74,80076,0,0,0,0,0,255,2997,-12300,8983,0,0,0,0,0
5,180,12.929,110,1750925,31,81,74,80076,0,0,0,0,0,255,2997,-12300,8983,0,0,0,0,0
5,180,12.985,111,1750981,31,81,74,80076,0,0,0,0,0,255,2997,-12300,8983,0,0,0,0,0
5,180,13.04,112,1751037,31,81,74,80076,0,0,0,0,0,255,2997,-12300,8983,0,0,0,0,0
5,180,13.153,114,1751149,31,81,74,80076,0,0,0,0,0,255,2997,-12300,8983,0,0,0,0,0
5,180,13.209,115,1751205,31,81,74,80076,0,0,0,0,0,255,2997,-12300,8983,0,0,0,0,0
5,180,13.265,116,1751261,31,81,74,80076,0,0,0,0,0,255,2997,-12300,8983,0,0,0,0,0
5,180,13.322,117,1751317,31,81,74,80076,0,0,0,0,0,255,2997,-12300,8983,0,0,0,0,0
5,180,13.377,118,1751373,31,81,74,80076,0,0,0,0,0,255,2997,-12300,8983,0,0,0,0,0
6,-180,-0.041,80,1763533,31,81,74,80076,0,0,0,0,0,255,2997,-12300,8983,0,0,0,0,0
6,-180,0.068,82,1763641,31,81,74,80076,0,0,0,0,0,255,2998,-12300,8983,800,-900,0,0,0
6,-180,0.139,83,1763713,31,81,74,80000,0,0,0,0,-30,258,3001,-12300,8963,1300,-1200,0,0,0
6,-180,0.212,84,1763785,31,80,73,79888,0,0,0,0,-36,261,3004,-12300,8933,1500,-1300,0,0,0
6,-180,0.286,85,1763857,71,80,70,79658,0,0,0,0,-72,264,3007,-12300,8872,1800,-1800,0,0,0
6,-180,0.356,86,1763929,71,79,67,79323,0,0,0,0,-108,267,3010,-12300,8783,2200,-2300,0,0,0
6,-180,0.415,87,1763979,31,78,65,78943,0,0,0,36,-138,267,3012,-12277,8705,2500,-2500,0,0,0
6,-180,0.548,89,1764121,31,75,60,77126,0,0,0,128,-194,267,3018,-12111,8388,2900,-2900,0,0,0
6,-180,0.621,90,1764193,31,74,58,75914,0,0,0,174,-226,267,3021,-11980,8197,2800,-2900,0,0,0
6,-180,0.692,91,1764265,31,72,56,74733,0,0,0,148,-191,267,3024,-11855,8008,2800,-2900,0,0,0
6,-180,0.775,92,1764339,31,70,56,73487,0,0,0,148,-220,267,3027,-11716,7816,2700,-2700,0,0,0
6,-180,0.837,93,1764409,31,68,55,72306,0,0,0,149,-189,267,3030,-11580,7638,2700,-2500,0,0,0
6,-180,0.909,94,1764481,31,67,55,71199,0,0,0,145,-164,267,3033,-11447,7477,2700,-2400,0,0,0
6,-180,1.052,96,1764625,31,66,56,69070,0,0,0,138,-171,267,3039,-11183,7175,2700,-2400,0,0,0
6,-180,1.145,97,1764699,31,66,56,68054,0,0,0,145,-164,267,3042,-11050,7038,2600,-2500,0,0,0
6,-180,1.197,98,1764769,31,65,56,66985,0,0,0,138,-164,267,3045,-10916,6888,2700,-2400,0,0,0
6,-180,1.268,99,1764841,31,65,57,65913,0,0,0,128,-171,267,3048,-10783,6736,2700,-2400,0,0,0
6,-180,1.35,100,1764913,31,64,58,64837,0,0,0,145,-164,267,3051,-10650,6583,2600,-2300,0,0,0
6,-180,1.412,101,1764985,31,64,59,63715,0,0,0,148,-184,267,3054,-10516,6419,2700,-2300,0,0,0
6,-180,1.495,102,1765059,31,64,60,62680,0,0,0,138,-164,267,3057,-10388,6272,2100,-1600,0,0,0
6,-180,1.627,103,1765202,31,64,60,61450,0,0,0,0,0,267,3065,-10233,6100,0,0,0,0,0
6,-180,1.681,104,1765253,31,64,60,61450,0,0,0,0,0,267,3067,-10233,6100,0,0,0,0,0
6,-180,1.753,105,1765325,31,64,60,61450,0,0,0,0,0,267,3070,-10233,6100,0,0,0,0,0
6,-180,1.835,106,1765399,31,64,60,61450,0,0,0,0,0,267,3073,-10233,6100,0,0,0,0,0
6,-180,1.875,107,1765449,31,64,60,61450,0,0,0,0,0,267,3073,-10233,6100,0,0,0,0,0
6,-180,1.933,108,1765505,31,64,60,61450,0,0,0,0,0,267,3073,-10233,6100,0,0,0,0,0
6,-180,1.987,109,1765561,31,64,60,61450,0,0,0,0,0,267,3073,-10233,6100,0,0,0,0,0
6,-180,2.047,110,1765617,31,64,60,61450,0,0,0,0,0,267,3073,-10233,6100,0,0,0,0,0
6,-180,2.1,111,1765673,31,64,60,61450,0,0,0,0,0,267,3073,-10233,6100,0,0,0,0,0
6,-180,2.156,112,1765729,31,64,60,61450,0,0,0,0,0,267,3073,-10233,6100,0,0,0,0,0
6,-180,2.211,113,1765785,31,64,60,61450,0,0,0,0,0,267,3073,-10233,6100,0,0,0,0,0
6,-180,2.325,115,1765897,31,64,60,61450,0,0,0,0,0,267,3073,-10233,6100,0,0,0,0,0
6,-180,2.388,116,1765953,31,64,60,61450,0,0,0,0,0,267,3073,-10233,6100,0,0,0,0,0
6,-180,2.432,117,1766005,31,64,60,61450,0,0,0,0,0,267,3073,-10233,6100,0,0,0,0,0
6,-180,2.487,118,1766061,31,64,60,61450,0,0,0,0,0,267,3073,-10233,6100,0,0,0,0,0
6,-180,2.543,119,1766117,31,64,60,61450,0,0,0,0,0,267,3073,-10233,6100,0,0,0,0,0
6,-180,2.599,120,1766173,31,64,60,61450,0,0,0,0,0,267,3073,-10233,6100,0,0,0,0,0
6,-180,2.655,121,1766229,31,64,60,61450,0,0,0,0,0,267,3073,-10233,6100,0,0,0,0,0
6,-180,2.711,122,1766285,31,64,60,61450,0,0,0,0,0,267,3073,-10233,6100,0,0,0,0,0
6,-180,2.768,123,1766341,31,64,60,61450,0,0,0,0,0,267,3073,-10233,6100,0,0,0,0,0
6,-180,2.823,124,1766397,31,64,60,61450,0,0,0,0,0,267,3073,-10233,6100,0,0,0,0,0
6,-180,2.936,126,1766509,31,64,60,61450,0,0,0,0,0,267,3073,-10233,6100,0,0,0,0,0
6,-180,2.993,127,1766565,31,64,60,61450,0,0,0,0,0,267,3073,-10233,6100,0,0,0,0,0
6,-180,3.048,0,1766621,31,64,60,61450,0,0,0,0,0,267,3073,-10233,6100,0,0,0,0,0
6,-180,3.102,1,1766677,31,64,60,61450,0,0,0,0,0,267,3073,-10233,6100,0,0,0,0,0
6,-180,3.159,2,1766733,31,64,60,61450,0,0,0,0,0,267,3073,-10233,6100,0,0,0,0,0
6,-180,3.214,3,1766789,31,64,60,61450,0,0,0,0,0,267,3073,-10233,6100,0,0,0,0,0
6,-180,3.271,4,1766845,31,64,60,61450,0,0,0,0,0,267,3073,-10233,6100,0,0,0,0,0
6,-180,3.327,5,1766901,31,64,60,61450,0,0,0,0,0,267,3073,-10233,6100,0,0,0,0,0
6,-180,3.382,6,1766957,31,64,60,61450,0,0,0,0,0,267,3073,-10233,6100,0,0,0,0,0
6,-180,3.491,8,1767065,31,64,60,61450,0,0,0,0,0,267,3073,-10233,6100,0,0,0,0,0
6,-180,3.66,11,1767233,31,64,60,61450,0,0,0,0,0,267,3073,-10233,6100,0,0,0,0,0
6,-180,3.716,12,1767289,31,64,60,61450,0,0,0,0,0,267,3073,-10233,6100,0,0,0,0,0
6,-180,3.772,13,1767345,31,64,60,61450,0,0,0,0,0,267,3073,-10233,6100,0,0,0,0,0
6,-180,3.829,14,1767401,31,64,60,61450,0,0,0,0,0,267,3073,-10233,6100,0,0,0,0,0
6,-180,3.884,15,1767457,31,64,60,61450,0,0,0,0,0,267,3073,-10233,6100,0,0,0,0,0
6,-180,3.94,16,1767513,31,64,60,61450,0,0,0,0,0,267,3073,-10233,6100,0,0,0,0,0
6,-180,3.996,17,1767569,31,64,60,61450,0,0,0,0,0,267,3073,-10233,6100,0,0,0,0,0
6,-180,4.052,18,1767625,31,64,60,61450,0,0,0,0,0,267,3073,-10233,6100,0,0,0,0,0
6,-180,4.163,20,1767737,31,64,60,61450,0,0,0,0,0,267,3073,-10233,6100,0,0,0,0,0
6,-180,4.219,21,1767793,31,64,60,61450,0,0,0,0,0,267,3073,-10233,6100,0,0,0,0,0
6,-180,4.275,22,1767849,31,64,60,61450,0,0,0,0,0,267,3073,-10233,6100,0,0,0,0,0
6,-180,4.332,23,1767905,31,64,60,61450,0,0,0,0,0,267,3073,-10233,6100,0,0,0,0,0
6,-180,4.388,24,1767961,31,64,60,61450,0,0,0,0,0,267,3073,-10233,6100,0,0,0,0,0
6,-180,4.443,25,1768017,31,64,60,61450,0,0,0,0,0,267,3073,-10233,6100,0,0,0,0,0
6,-180,4.507,26,1768073,31,64,60,61450,0,0,0,0,0,267,3073,-10233,6100,0,0,0,0,0
6,-180,4.551,27,1768125,31,64,60,61450,0,0,0,0,0,267,3073,-10233,6100,0,0,0,0,0
6,-180,4.607,28,1768181,31,64,60,61450,0,0,0,0,0,267,3073,-10233,6100,0,0,0,0,0
6,-180,4.664,29,1768237,31,64,60,61450,0,0,0,0,0,267,3073,-10233,6100,0,0,0,0,0
6,-180,4.72,30,1768293,31,64,60,61450,0,0,0,0,0,267,3073,-10233,6100,0,0,0,0,0
6,-180,4.833,32,1768405,31,64,60,61450,0,0,0,0,0,267,3073,-10233,6100,0,0,0,0,0
6,-180,4.887,33,1768461,31,64,60,61450,0,0,0,0,0,267,3073,-10233,6100,0,0,0,0,0
6,-180,4.943,34,1768517,31,64,60,61450,0,0,0,0,0,267,3073,-10233,6100,0,0,0,0,0
6,-180,4.999,35,1768573,31,64,60,61450,0,0,0,0,0,267,3073,-10233,6100,0,0,0,0,0
6,-180,5.055,36,1768629,31,64,60,61450,0,0,0,0,0,267,3073,-10233,6100,0,0,0,0,0
6,-180,5.112,37,1768685,31,64,60,61450,0,0,0,0,0,267,3073,-10233,6100,0,0,0,0,0
6,-180,5.168,38,1768741,31,64,60,61450,0,0,0,0,0,267,3073,-10233,6100,0,0,0,0,0
6,-180,5.224,39,1768797,31,64,60,61450,0,0,0,0,0,267,3073,-10233,6100,0,0,0,0,0
6,-180,5.28,40,1768853,31,64,60,61450,0,0,0,0,0,267,3073,-10233,6100,0,0,0,0,0
6,-180,5.336,41,1768909,31,64,60,61450,0,0,0,0,0,267,3073,-10233,6100,0,0,0,0,0
6,-180,5.391,42,1768965,31,64,60,61450,0,0,0,0,0,267,3073,-10233,6100,0,0,0,0,0
6,-180,5.447,43,1769021,31,64,60,61450,0,0,0,0,0,267,3073,-10233,6100,0,0,0,0,0
6,-180,5.504,44,1769077,31,64,60,61450,0,0,0,0,0,267,3073,-10233,6100,0,0,0,0,0
6,-180,5.568,45,1769133,31,64,60,61450,0,0,0,0,0,267,3073,-10233,6100,0,0,0,0,0
6,-180,5.611,46,1769185,31,64,60,61450,0,0,0,0,0,267,3073,-10233,6100,0,0,0,0,0
6,-180,5.667,47,1769241,31,64,60,61450,0,0,0,0,0,267,3073,-10233,6100,0,0,0,0,0
6,-180,5.723,48,1769297,31,64,60,61450,0,0,0,0,0,267,3073,-10233,6100,0,0,0,0,0
6,-180,5.779,49,1769353,31,64,60,61450,0,0,0,0,0,267,3073,-10233,6100,0,0,0,0,0
6,-180,5.835,50,1769409,31,64,60,61450,0,0,0,0,0,267,3073,-10233,6100,0,0,0,0,0
6,-180,5.891,51,1769465,31,64,60,61450,0,0,0,0,0,267,3073,-10233,6100,0,0,0,0,0
6,-180,5.948,52,1769521,31,64,60,61450,0,0,0,0,0,267,3073,-10233,6100,0,0,0,0,0
6,-180,6.115,55,1769689,31,64,60,61450,0,0,0,0,0,267,3073,-10233,6100,0,0,0,0,0
6,-180,6.171,56,1769745,31,64,60,61450,0,0,0,0,0,267,3073,-10233,6100,0,0,0,0,0
6,-180,6.228,57,1769801,31,64,60,61450,0,0,0,0,0,267,3073,-10233,6100,0,0,0,0,0
6,-180,6.339,59,1769913,31,64,60,61450,0,0,0,0,0,267,3073,-10233,6100,0,0,0,0,0
6,-180,6.395,60,1769969,31,64,60,61450,0,0,0,0,0,267,3073,-10233,6100,0,0,0,0,0
6,-180,6.452,61,1770025,31,64,60,61450,0,0,0,0,0,267,3073,-10233,6100,0,0,0,0,0
6,-180,6.507,62,1770081,31,64,60,61450,0,0,0,0,0,267,3073,-10233,6100,0,0,0,0,0
6,-180,6.564,63,1770137,31,64,60,61450,0,0,0,0,0,267,3073,-10233,6100,0,0,0,0,0
6,-180,6.62,64,1770193,31,64,60,61450,0,0,0,0,0,267,3073,-10233,6100,0,0,0,0,0
6,-180,6.728,66,1770301,31,64,60,61450,0,0,0,0,0,267,3073,-10233,6100,0,0,0,0,0
6,-180,6.84,68,1770413,31,64,60,61450,0,0,0,0,0,267,3073,-10233,6100,0,0,0,0,0
6,-180,6.951,70,1770525,31,64,60,61450,0,0,0,0,0,267,3073,-10233,6100,0,0,0,0,0
6,-180,7.007,71,1770581,31,64,60,61450,0,0,0,0,0,267,3073,-10233,6100,0,0,0,0,0
6,-180,7.067,72,1770637,31,64,60,61450,0,0,0,0,0,267,3073,-10233,6100,0,0,0,0,0
6,-180,7.121,73,1770693,31,64,60,61450,0,0,0,0,0,267,3073,-10233,6100,0,0,0,0,0
6,-180,7.175,74,1770749,31,64,60,61450,0,0,0,0,0,267,3073,-10233,6100,0,0,0,0,0
6,-180,7.345,77,1770917,31,64,60,61450,0,0,0,0,0,267,3073,-10233,6100,0,0,0,0,0
6,-180,7.399,78,1770973,31,64,60,61450,0,0,0,0,0,267,3073,-10233,6100,0,0,0,0,0
6,-180,7.456,79,1771029,31,64,60,61450,0,0,0,0,0,267,3073,-10233,6100,0,0,0,0,0
6,-180,7.512,80,1771085,31,64,60,61450,0,0,0,0,0,267,3073,-10233,6100,0,0,0,0,0
6,-180,7.575,81,1771141,31,64,60,61450,0,0,0,0,0,267,3073,-10233,6100,0,0,0,0,0
6,-180,7.636,82,1771197,31,64,60,61450,0,0,0,0,0,267,3073,-10233,6100,0,0,0,0,0
6,-180,7.691,83,1771253,31,64,60,61450,0,0,0,0,0,267,3073,-10233,6100,0,0,0,0,0
6,-180,7.732,84,1771305,31,64,60,61450,0,0,0,0,0,267,3073,-10233,6100,0,0,0,0,0
6,-180,7.791,85,1771361,31,64,60,61450,0,0,0,0,0,267,3073,-10233,6100,0,0,0,0,0
6,-180,7.843,86,1771417,31,64,60,61450,0,0,0,0,0,267,3073,-10233,6100,0,0,0,0,0
6,-180,7.958,88,1771529,31,64,60,61450,0,0,0,0,0,267,3073,-10233,6100,0,0,0,0,0
6,-180,8.013,89,1771585,31,64,60,61450,0,0,0,0,0,267,3073,-10233,6100,0,0,0,0,0
6,-180,8.067,90,1771641,31,64,60,61450,0,0,0,0,0,267,3073,-10233,6100,0,0,0,0,0
6,-180,8.124,91,1771697,31,64,60,61450,0,0,0,0,0,267,3073,-10233,6100,0,0,0,0,0
6,-180,8.179,92,1771753,31,64,60,61450,0,0,0,0,0,267,3073,-10233,6100,0,0,0,0,0
6,-180,8.237,93,1771809,31,64,60,61450,0,0,0,0,0,267,3073,-10233,6100,0,0,0,0,0
6,-180,8.291,94,1771865,31,64,60,61450,0,0,0,0,0,267,3073,-10233,6100,0,0,0,0,0
6,-180,8.347,95,1771921,31,64,60,61450,0,0,0,0,0,267,3073,-10233,6100,0,0,0,0,0
6,-180,8.403,96,1771977,31,64,60,61450,0,0,0,0,0,267,3073,-10233,6100,0,0,0,0,0
6,-180,8.515,98,1772089,31,64,60,61450,0,0,0,0,0,267,3073,-10233,6100,0,0,0,0,0
6,-180,8.571,99,1772145,31,64,60,61450,0,0,0,0,0,267,3073,-10233,6100,0,0,0,0,0
6,-180,8.627,100,1772201,31,64,60,61450,0,0,0,0,0,267,3073,-10233,6100,0,0,0,0,0
6,-180,8.683,101,1772257,31,64,60,61450,0,0,0,0,0,267,3073,-10233,6100,0,0,0,0,0
6,-180,8.747,102,1772313,31,64,60,61450,0,0,0,0,0,267,3073,-10233,6100,0,0,0,0,0
6,-180,8.791,103,1772365,31,64,60,61450,0,0,0,0,0,267,3073,-10233,6100,0,0,0,0,0
6,-180,8.847,104,1772421,31,64,60,61450,0,0,0,0,0,267,3073,-10233,6100,0,0,0,0,0
6,-180,8.904,105,1772477,31,64,60,61450,0,0,0,0,0,267,3073,-10233,6100,0,0,0,0,0
6,-180,8.959,106,1772533,31,64,60,61450,0,0,0,0,0,267,3073,-10233,6100,0,0,0,0,0
6,-180,9.016,107,1772589,31,64,60,61450,0,0,0,0,0,267,3073,-10233,6100,0,0,0,0,0
6,-180,9.071,108,1772645,31,64,60,61450,0,0,0,0,0,267,3073,-10233,6100,0,0,0,0,0
6,-180,9.183,110,1772757,31,64,60,61450,0,0,0,0,0,267,3073,-10233,6100,0,0,0,0,0
6,-180,9.239,111,1772813,31,64,60,61450,0,0,0,0,0,267,3073,-10233,6100,0,0,0,0,0
6,-180,9.295,112,1772869,31,64,60,61450,0,0,0,0,0,267,3073,-10233,6100,0,0,0,0,0
6,-180,9.351,113,1772925,31,64,60,61450,0,0,0,0,0,267,3073,-10233,6100,0,0,0,0,0
6,-180,9.408,114,1772981,31,64,60,61450,0,0,0,0,0,267,3073,-10233,6100,0,0,0,0,0
6,-180,9.463,115,1773037,31,64,60,61450,0,0,0,0,0,267,3073,-10233,6100,0,0,0,0,0
6,-180,9.52,116,1773093,31,64,60,61450,0,0,0,0,0,267,3073,-10233,6100,0,0,0,0,0
6,-180,9.575,117,1773149,31,64,60,61450,0,0,0,0,0,267,3073,-10233,6100,0,0,0,0,0
6,-180,9.632,118,1773205,31,64,60,61450,0,0,0,0,0,267,3073,-10233,6100,0,0,0,0,0
6,-180,9.688,119,1773261,31,64,60,61450,0,0,0,0,0,267,3073,-10233,6100,0,0,0,0,0
6,-180,9.807,121,1773373,31,64,60,61450,0,0,0,0,0,267,3073,-10233,6100,0,0,0,0,0
6,-180,9.851,122,1773425,31,64,60,61450,0,0,0,0,0,267,3073,-10233,6100,0,0,0,0,0
6,-180,9.909,123,1773481,31,64,60,61450,0,0,0,0,0,267,3073,-10233,6100,0,0,0,0,0
6,-180,9.963,124,1773537,31,64,60,61450,0,0,0,0,0,267,3073,-10233,6100,0,0,0,0,0
6,-180,10.021,125,1773593,31,64,60,61450,0,0,0,0,0,267,3073,-10233,6100,0,0,0,0,0
6,-180,10.131,127,1773705,31,64,60,61450,0,0,0,0,0,267,3073,-10233,6100,0,0,0,0,0
6,-180,10.187,0,1773761,31,64,60,61450,0,0,0,0,0,267,3073,-10233,6100,0,0,0,0,0
6,-180,10.243,1,1773817,31,64,60,61450,0,0,0,0,0,267,3073,-10233,6100,0,0,0,0,0
6,-180,10.3,2,1773873,31,64,60,61450,0,0,0,0,0,267,3073,-10233,6100,0,0,0,0,0
6,-180,10.411,4,1773985,31,64,60,61450,0,0,0,0,0,267,3073,-10233,6100,0,0,0,0,0
6,-180,10.523,6,1774097,31,64,60,61450,0,0,0,0,0,267,3073,-10233,6100,0,0,0,0,0
6,-180,10.58,7,1774153,31,64,60,61450,0,0,0,0,0,267,3073,-10233,6100,0,0,0,0,0
6,-180,10.635,8,1774209,31,64,60,61450,0,0,0,0,0,267,3073,-10233,6100,0,0,0,0,0
6,-180,10.691,9,1774265,31,64,60,61450,0,0,0,0,0,267,3073,-10233,6100,0,0,0,0,0
6,-180,10.747,10,1774321,31,64,60,61450,0,0,0,0,0,267,3073,-10233,6100,0,0,0,0,0
6,-180,10.804,11,1774377,31,64,60,61450,0,0,0,0,0,267,3073,-10233,6100,0,0,0,0,0
6,-180,10.867,12,1774433,31,64,60,61450,0,0,0,0,0,267,3073,-10233,6100,0,0,0,0,0
6,-180,10.912,13,1774485,31,64,60,61450,0,0,0,0,0,267,3073,-10233,6100,0,0,0,0,0
6,-180,10.968,14,1774541,31,64,60,61450,0,0,0,0,0,267,3073,-10233,6100,0,0,0,0,0
6,-180,11.023,15,1774597,31,64,60,61450,0,0,0,0,0,267,3073,-10233,6100,0,0,0,0,0
6,-180,11.135,17,1774709,31,64,60,61450,0,0,0,0,0,267,3073,-10233,6100,0,0,0,0,0
6,-180,11.191,18,1774765,31,64,60,61450,0,0,0,0,0,267,3073,-10233,6100,0,0,0,0,0
6,-180,11.248,19,1774821,31,64,60,61450,0,0,0,0,0,267,3073,-10233,6100,0,0,0,0,0
6,-180,11.303,20,1774877,31,64,60,61450,0,0,0,0,0,267,3073,-10233,6100,0,0,0,0,0
6,-180,11.36,21,1774933,31,64,60,61450,0,0,0,0,0,267,3073,-10233,6100,0,0,0,0,0
6,-180,11.53,24,1775101,31,64,60,61450,0,0,0,0,0,267,3073,-10233,6100,0,0,0,0,0
6,-180,11.639,26,1775213,31,64,60,61450,0,0,0,0,0,267,3073,-10233,6100,0,0,0,0,0
6,-180,11.752,28,1775325,31,64,60,61450,0,0,0,0,0,267,3073,-10233,6100,0,0,0,0,0
6,-180,11.808,29,1775381,31,64,60,61450,0,0,0,0,0,267,3073,-10233,6100,0,0,0,0,0
6,-180,11.864,30,1775437,31,64,60,61450,0,0,0,0,0,267,3073,-10233,6100,0,0,0,0,0
6,-180,11.928,31,1775493,31,64,60,61450,0,0,0,0,0,267,3073,-10233,6100,0,0,0,0,0
6,-180,11.972,32,1775545,31,64,60,61450,0,0,0,0,0,267,3073,-10233,6100,0,0,0,0,0
6,-180,12.027,33,1775601,31,64,60,61450,0,0,0,0,0,267,3073,-10233,6100,0,0,0,0,0
6,-180,12.083,34,1775657,31,64,60,61450,0,0,0,0,0,267,3073,-10233,6100,0,0,0,0,0
6,-180,12.139,35,1775713,31,64,60,61450,0,0,0,0,0,267,3073,-10233,6100,0,0,0,0,0
6,-180,12.197,36,1775769,31,64,60,61450,0,0,0,0,0,267,3073,-10233,6100,0,0,0,0,0
6,-180,12.307,38,1775881,31,64,60,61450,0,0,0,0,0,267,3073,-10233,6100,0,0,0,0,0
6,-180,12.364,39,1775937,31,64,60,61450,0,0,0,0,0,267,3073,-10233,6100,0,0,0,0,0
6,-180,12.421,40,1775993,31,64,60,61450,0,0,0,0,0,267,3073,-10233,6100,0,0,0,0,0
6,-180,12.475,41,1776049,31,64,60,61450,0,0,0,0,0,267,3073,-10233,6100,0,0,0,0,0
6,-180,12.531,42,1776105,31,64,60,61450,0,0,0,0,0,267,3073,-10233,6100,0,0,0,0,0
6,-180,12.589,43,1776161,31,64,60,61450,0,0,0,0,0,267,3073,-10233,6100,0,0,0,0,0
6,-180,12.644,44,1776217,31,64,60,61450,0,0,0,0,0,267,3073,-10233,6100,0,0,0,0,0
6,-180,12.699,45,1776273,31,64,60,61450,0,0,0,0,0,267,3073,-10233,6100,0,0,0,0,0
6,-180,12.819,46,1776329,31,64,60,61450,0,0,0,0,0,267,3073,-10233,6100,0,0,0,0,0
6,-180,12.868,48,1776441,31,64,60,61450,0,0,0,0,0,267,3073,-10233,6100,0,0,0,0,0
6,-180,12.926,49,1776497,31,64,60,61450,0,0,0,0,0,267,3073,-10233,6100,0,0,0,0,0
6,-180,12.987,50,1776553,31,64,60,61450,0,0,0,0,0,267,3073,-10233,6100,0,0,0,0,0
6,-180,13.034,51,1776605,31,64,60,61450,0,0,0,0,0,267,3073,-10233,6100,0,0,0,0,0
6,-180,13.087,52,1776661,31,64,60,61450,0,0,0,0,0,267,3073,-10233,6100,0,0,0,0,0
6,-180,13.143,53,1776717,31,64,60,61450,0,0,0,0,0,267,3073,-10233,6100,0,0,0,0,0
6,-180,13.199,54,1776773,31,64,60,61450,0,0,0,0,0,267,3073,-10233,6100,0,0,0,0,0
6,-180,13.256,55,1776829,31,64,60,61450,0,0,0,0,0,267,3073,-10233,6100,0,0,0,0,0
6,-180,13.312,56,1776885,31,64,60,61450,0,0,0,0,0,267,3073,-10233,6100,0,0,0,0,0
6,-180,13.369,57,1776941,31,64,60,61450,0,0,0,0,0,267,3073,-10233,6100,0,0,0,0,0
6,-180,13.423,58,1776997,31,64,60,61450,0,0,0,0,0,267,3073,-10233,6100,0,0,0,0,0
6,-180,13.535,60,1777109,31,64,60,61450,0,0,0,0,0,267,3073,-10233,6100,0,0,0,0,0
6,-180,13.591,61,1777165,31,64,60,61450,0,0,0,0,0,267,3073,-10233,6100,0,0,0,0,0
6,-180,13.647,62,1777221,31,64,60,61450,0,0,0,0,0,267,3073,-10233,6100,0,0,0,0,0
6,-180,13.704,63,1777277,31,64,60,61450,0,0,0,0,0,267,3073,-10233,6100,0,0,0,0,0
6,-180,13.76,64,1777333,31,64,60,61450,0,0,0,0,0,267,3073,-10233,6100,0,0,0,0,0
6,-180,13.816,65,1777389,31,64,60,61450,0,0,0,0,0,267,3073,-10233,6100,0,0,0,0,0
6,-180,13.871,66,1777445,31,64,60,61450,0,0,0,0,0,267,3073,-10233,6100,0,0,0,0,0
6,-180,13.929,67,1777501,31,64,60,61450,0,0,0,0,0,267,3073,-10233,6100,0,0,0,0,0
6,-180,13.984,68,1777557,31,64,60,61450,0,0,0,0,0,267,3073,-10233,6100,0,0,0,0,0
6,-180,14.204,72,1777777,31,64,60,61450,0,0,0,0,0,267,3073,-10233,6100,0,0,0,0,0
6,-180,14.259,73,1777833,31,64,60,61450,0,0,0,0,0,267,3073,-10233,6100,0,0,0,0,0
6,-180,14.316,74,1777889,31,64,60,61450,0,0,0,0,0,267,3073,-10233,6100,0,0,0,0,0
6,-180,14.372,75,1777945,31,64,60,61450,0,0,0,0,0,267,3073,-10233,6100,0,0,0,0,0
6,-180,14.427,76,1778001,31,64,60,61450,0,0,0,0,0,267,3073,-10233,6100,0,0,0,0,0
6,-180,14.483,77,1778057,31,64,60,61450,0,0,0,0,0,267,3073,-10233,6100,0,0,0,0,0
6,-180,14.539,78,1778113,31,64,60,61450,0,0,0,0,0,267,3073,-10233,6100,0,0,0,0,0
6,-180,14.595,79,1778169,31,64,60,61450,0,0,0,0,0,267,3073,-10233,6100,0,0,0,0,0
6,-180,14.651,80,1778225,31,64,60,61450,0,0,0,0,0,267,3073,-10233,6100,0,0,0,0,0
6,-180,14.763,82,1778337,31,64,60,61450,0,0,0,0,0,267,3073,-10233,6100,0,0,0,0,0
6,-180,14.819,83,1778393,31,64,60,61450,0,0,0,0,0,267,3073,-10233,6100,0,0,0,0,0
6,-180,14.875,84,1778449,31,64,60,61450,0,0,0,0,0,267,3073,-10233,6100,0,0,0,0,0
6,-180,14.943,85,1778505,31,64,60,61450,0,0,0,0,0,267,3073,-10233,6100,0,0,0,0,0
6,-180,15.01,86,1778561,31,64,60,61450,0,0,0,0,0,267,3073,-10233,6100,0,0,0,0,0
6,-180,15.043,87,1778617,31,64,60,61450,0,0,0,0,0,267,3073,-10233,6100,0,0,0,0,0
6,-180,15.108,88,1778673,31,64,60,61450,0,0,0,0,0,267,3073,-10233,6100,0,0,0,0,0
6,-180,15.178,89,1778725,31,64,60,61450,0,0,0,0,0,267,3073,-10233,6100,0,0,0,0,0
6,-180,15.209,90,1778781,31,64,60,61450,0,0,0,0,0,267,3073,-10233,6100,0,0,0,0,0
6,-180,15.264,91,1778837,31,64,60,61450,0,0,0,0,0,267,3073,-10233,6100,0,0,0,0,0
6,-180,15.32,92,1778893,31,64,60,61450,0,0,0,0,0,267,3073,-10233,6100,0,0,0,0,0
6,-180,15.375,93,1778949,31,64,60,61450,0,0,0,0,0,267,3073,-10233,6100,0,0,0,0,0
7,-90,0.003,41,1797473,31,64,60,61450,0,0,0,0,0,267,3073,-10233,6100,0,0,0,0,0
7,-90,0.185,44,1797653,31,65,62,61123,0,0,0,10,-56,267,3079,-10208,6038,1300,-1200,0,0,0
7,-90,0.258,45,1797725,31,65,64,60844,0,0,0,16,-72,268,3082,-10200,5972,1700,-1300,0,0,0
7,-90,0.336,46,1797797,31,66,66,60457,0,0,0,43,-92,268,3085,-10175,5894,2000,-1700,0,0,0
7,-90,0.401,47,1797869,31,67,67,59881,0,0,0,62,-124,269,3088,-10122,5794,2400,-2400,0,0,0
7,-90,0.622,50,1798085,31,73,73,56788,0,0,0,135,-200,269,3097,-9811,5283,2700,-2500,0,0,0
7,-90,0.688,51,1798157,31,75,74,55659,0,0,0,128,-200,269,3100,-9694,5100,2700,-2300,0,0,0
7,-90,0.761,52,1798229,31,77,74,54579,0,0,0,128,-174,269,3103,-9577,4930,2700,-2200,0,0,0
7,-90,1.0,55,1798470,31,80,74,52020,0,0,0,0,0,269,3115,-9277,4550,0,0,0,0,0
7,-90,1.052,56,1798521,31,80,74,52020,0,0,0,0,0,269,3117,-9277,4550,0,0,0,0,0
7,-90,1.123,57,1798593,31,80,74,52020,0,0,0,0,0,269,3120,-9277,4550,0,0,0,0,0
7,-90,1.197,58,1798665,31,80,74,52020,0,0,0,0,0,269,3123,-9277,4550,0,0,0,0,0
7,-90,1.267,59,1798737,31,80,74,52020,0,0,0,0,0,269,3126,-9277,4550,0,0,0,0,0
7,-90,1.34,60,1798809,31,80,74,52020,0,0,0,0,0,269,3129,-9277,4550,0,0,0,0,0
7,-90,1.418,61,1798881,31,80,74,52020,0,0,0,0,0,269,3132,-9277,4550,0,0,0,0,0
7,-90,1.484,62,1798953,31,80,74,52020,0,0,0,0,0,269,3135,-9277,4550,0,0,0,0,0
7,-90,1.626,64,1799097,31,80,74,52020,0,0,0,0,0,269,3141,-9277,4550,0,0,0,0,0
7,-90,1.773,66,1799241,31,80,74,52020,0,0,0,0,0,269,3147,-9277,4550,0,0,0,0,0
7,-90,1.846,67,1799313,31,80,74,52020,0,0,0,0,0,269,3150,-9277,4550,0,0,0,0,0
7,-90,1.921,68,1799385,31,80,74,52020,0,0,0,0,0,269,3153,-9277,4550,0,0,0,0,0
7,-90,2.009,69,1799459,31,80,74,52020,0,0,0,0,0,269,3156,-9277,4550,0,0,0,0,0
7,-90,2.041,70,1799509,31,80,74,52020,0,0,0,0,0,269,3156,-9277,4550,0,0,0,0,0
7,-90,2.099,71,1799565,31,80,74,52020,0,0,0,0,0,269,3156,-9277,4550,0,0,0,0,0
7,-90,2.154,72,1799621,31,80,74,52020,0,0,0,0,0,269,3156,-9277,4550,0,0,0,0,0
7,-90,2.212,73,1799677,31,80,74,52020,0,0,0,0,0,269,3156,-9277,4550,0,0,0,0,0
7,-90,2.263,74,1799733,31,80,74,52020,0,0,0,0,0,269,3156,-9277,4550,0,0,0,0,0
7,-90,2.319,75,1799789,31,80,74,52020,0,0,0,0,0,269,3156,-9277,4550,0,0,0,0,0
7,-90,2.433,77,1799901,31,80,74,52020,0,0,0,0,0,269,3156,-9277,4550,0,0,0,0,0
7,-90,2.488,78,1799957,31,80,74,52020,0,0,0,0,0,269,3156,-9277,4550,0,0,0,0,0
7,-90,2.545,79,1800013,31,80,74,52020,0,0,0,0,0,269,3156,-9277,4550,0,0,0,0,0
7,-90,2.601,80,1800069,31,80,74,52020,0,0,0,0,0,269,3156,-9277,4550,0,0,0,0,0
7,-90,2.656,81,1800125,31,80,74,52020,0,0,0,0,0,269,3156,-9277,4550,0,0,0,0,0
7,-90,2.713,82,1800181,31,80,74,52020,0,0,0,0,0,269,3156,-9277,4550,0,0,0,0,0
7,-90,2.77,83,1800237,31,80,74,52020,0,0,0,0,0,269,3156,-9277,4550,0,0,0,0,0
7,-90,2.832,84,1800293,31,80,74,52020,0,0,0,0,0,269,3156,-9277,4550,0,0,0,0,0
7,-90,2.876,85,1800345,31,80,74,52020,0,0,0,0,0,269,3156,-9277,4550,0,0,0,0,0
7,-90,2.987,87,1800457,31,80,74,52020,0,0,0,0,0,269,3156,-9277,4550,0,0,0,0,0
7,-90,3.043,88,1800513,31,80,74,52020,0,0,0,0,0,269,3156,-9277,4550,0,0,0,0,0
7,-90,3.098,89,1800569,31,80,74,52020,0,0,0,0,0,269,3156,-9277,4550,0,0,0,0,0
7,-90,3.154,90,1800625,31,80,74,52020,0,0,0,0,0,269,3156,-9277,4550,0,0,0,0,0
7,-90,3.211,91,1800681,31,80,74,52020,0,0,0,0,0,269,3156,-9277,4550,0,0,0,0,0
7,-90,3.322,93,1800793,31,80,74,52020,0,0,0,0,0,269,3156,-9277,4550,0,0,0,0,0
7,-90,3.379,94,1800849,31,80,74,52020,0,0,0,0,0,269,3156,-9277,4550,0,0,0,0,0
7,-90,3.434,95,1800905,31,80,74,52020,0,0,0,0,0,269,3156,-9277,4550,0,0,0,0,0
7,-90,3.49,96,1800961,31,80,74,52020,0,0,0,0,0,269,3156,-9277,4550,0,0,0,0,0
7,-90,3.547,97,1801017,31,80,74,52020,0,0,0,0,0,269,3156,-9277,4550,0,0,0,0,0
7,-90,3.602,98,1801073,31,80,74,52020,0,0,0,0,0,269,3156,-9277,4550,0,0,0,0,0
7,-90,3.66,99,1801129,31,80,74,52020,0,0,0,0,0,269,3156,-9277,4550,0,0,0,0,0
7,-90,3.716,100,1801185,31,80,74,52020,0,0,0,0,0,269,3156,-9277,4550,0,0,0,0,0
7,-90,3.772,101,1801241,31,80,74,52020,0,0,0,0,0,269,3156,-9277,4550,0,0,0,0,0
7,-90,3.827,102,1801297,31,80,74,52020,0,0,0,0,0,269,3156,-9277,4550,0,0,0,0,0
7,-90,3.892,103,1801353,31,80,74,52020,0,0,0,0,0,269,3156,-9277,4550,0,0,0,0,0
7,-90,3.938,104,1801405,31,80,74,52020,0,0,0,0,0,269,3156,-9277,4550,0,0,0,0,0
7,-90,3.991,105,1801461,31,80,74,52020,0,0,0,0,0,269,3156,-9277,4550,0,0,0,0,0
7,-90,4.048,106,1801517,31,80,74,52020,0,0,0,0,0,269,3156,-9277,4550,0,0,0,0,0
7,-90,4.103,107,1801573,31,80,74,52020,0,0,0,0,0,269,3156,-9277,4550,0,0,0,0,0
7,-90,4.276,110,1801741,31,80,74,52020,0,0,0,0,0,269,3156,-9277,4550,0,0,0,0,0
7,-90,4.328,111,1801797,31,80,74,52020,0,0,0,0,0,269,3156,-9277,4550,0,0,0,0,0
7,-90,4.383,112,1801853,31,80,74,52020,0,0,0,0,0,269,3156,-9277,4550,0,0,0,0,0
7,-90,4.44,113,1801909,31,80,74,52020,0,0,0,0,0,269,3156,-9277,4550,0,0,0,0,0
7,-90,4.496,114,1801965,31,80,74,52020,0,0,0,0,0,269,3156,-9277,4550,0,0,0,0,0
7,-90,4.551,115,1802021,31,80,74,52020,0,0,0,0,0,269,3156,-9277,4550,0,0,0,0,0
7,-90,4.608,116,1802077,31,80,74,52020,0,0,0,0,0,269,3156,-9277,4550,0,0,0,0,0
7,-90,4.664,117,1802133,31,80,74,52020,0,0,0,0,0,269,3156,-9277,4550,0,0,0,0,0
7,-90,4.72,118,1802189,31,80,74,52020,0,0,0,0,0,269,3156,-9277,4550,0,0,0,0,0
7,-90,4.888,121,1802357,31,80,74,52020,0,0,0,0,0,269,3156,-9277,4550,0,0,0,0,0
7,-90,4.994,123,1802465,31,80,74,52020,0,0,0,0,0,269,3156,-9277,4550,0,0,0,0,0
7,-90,5.05,124,1802521,31,80,74,52020,0,0,0,0,0,269,3156,-9277,4550,0,0,0,0,0
7,-90,5.108,125,1802577,31,80,74,52020,0,0,0,0,0,269,3156,-9277,4550,0,0,0,0,0
7,-90,5.164,126,1802633,31,80,74,52020,0,0,0,0,0,269,3156,-9277,4550,0,0,0,0,0
7,-90,5.22,127,1802689,31,80,74,52020,0,0,0,0,0,269,3156,-9277,4550,0,0,0,0,0
7,-90,5.274,0,1802745,31,80,74,52020,0,0,0,0,0,269,3156,-9277,4550,0,0,0,0,0
7,-90,5.33,1,1802801,31,80,74,52020,0,0,0,0,0,269,3156,-9277,4550,0,0,0,0,0
7,-90,5.5,4,1802969,31,80,74,52020,0,0,0,0,0,269,3156,-9277,4550,0,0,0,0,0
7,-90,5.555,5,1803025,31,80,74,52020,0,0,0,0,0,269,3156,-9277,4550,0,0,0,0,0
7,-90,5.611,6,1803081,31,80,74,52020,0,0,0,0,0,269,3156,-9277,4550,0,0,0,0,0
7,-90,5.667,7,1803137,31,80,74,52020,0,0,0,0,0,269,3156,-9277,4550,0,0,0,0,0
7,-90,5.722,8,1803193,31,80,74,52020,0,0,0,0,0,269,3156,-9277,4550,0,0,0,0,0
7,-90,5.836,10,1803305,31,80,74,52020,0,0,0,0,0,269,3156,-9277,4550,0,0,0,0,0
7,-90,5.891,11,1803361,31,80,74,52020,0,0,0,0,0,269,3156,-9277,4550,0,0,0,0,0
7,-90,5.947,12,1803417,31,80,74,52020,0,0,0,0,0,269,3156,-9277,4550,0,0,0,0,0
7,-90,6.004,13,1803473,31,80,74,52020,0,0,0,0,0,269,3156,-9277,4550,0,0,0,0,0
7,-90,6.111,15,1803581,31,80,74,52020,0,0,0,0,0,269,3156,-9277,4550,0,0,0,0,0
7,-90,6.166,16,1803637,31,80,74,52020,0,0,0,0,0,269,3156,-9277,4550,0,0,0,0,0
7,-90,6.222,17,1803693,31,80,74,52020,0,0,0,0,0,269,3156,-9277,4550,0,0,0,0,0
7,-90,6.278,18,1803749,31,80,74,52020,0,0,0,0,0,269,3156,-9277,4550,0,0,0,0,0
7,-90,6.335,19,1803805,31,80,74,52020,0,0,0,0,0,269,3156,-9277,4550,0,0,0,0,0
7,-90,6.393,20,1803861,31,80,74,52020,0,0,0,0,0,269,3156,-9277,4550,0,0,0,0,0
7,-90,6.448,21,1803917,31,80,74,52020,0,0,0,0,0,269,3156,-9277,4550,0,0,0,0,0
7,-90,6.503,22,1803973,31,80,74,52020,0,0,0,0,0,269,3156,-9277,4550,0,0,0,0,0
7,-90,6.559,23,1804029,31,80,74,52020,0,0,0,0,0,269,3156,-9277,4550,0,0,0,0,0
7,-90,6.782,27,1804253,31,80,74,52020,0,0,0,0,0,269,3156,-9277,4550,0,0,0,0,0
7,-90,6.839,28,1804309,31,80,74,52020,0,0,0,0,0,269,3156,-9277,4550,0,0,0,0,0
7,-90,6.895,29,1804365,31,80,74,52020,0,0,0,0,0,269,3156,-9277,4550,0,0,0,0,0
7,-90,6.951,30,1804421,31,80,74,52020,0,0,0,0,0,269,3156,-9277,4550,0,0,0,0,0
7,-90,7.007,31,1804477,31,80,74,52020,0,0,0,0,0,269,3156,-9277,4550,0,0,0,0,0
7,-90,7.071,32,1804533,31,80,74,52020,0,0,0,0,0,269,3156,-9277,4550,0,0,0,0,0
7,-90,7.115,33,1804585,31,80,74,52020,0,0,0,0,0,269,3156,-9277,4550,0,0,0,0,0
7,-90,7.17,34,1804641,31,80,74,52020,0,0,0,0,0,269,3156,-9277,4550,0,0,0,0,0
7,-90,7.228,35,1804697,31,80,74,52020,0,0,0,0,0,269,3156,-9277,4550,0,0,0,0,0
7,-90,7.338,37,1804809,31,80,74,52020,0,0,0,0,0,269,3156,-9277,4550,0,0,0,0,0
7,-90,7.398,38,1804865,31,80,74,52020,0,0,0,0,0,269,3156,-9277,4550,0,0,0,0,0
7,-90,7.452,39,1804921,31,80,74,52020,0,0,0,0,0,269,3156,-9277,4550,0,0,0,0,0
7,-90,7.507,40,1804977,31,80,74,52020,0,0,0,0,0,269,3156,-9277,4550,0,0,0,0,0
7,-90,7.564,41,1805033,31,80,74,52020,0,0,0,0,0,269,3156,-9277,4550,0,0,0,0,0
7,-90,7.619,42,1805089,31,80,74,52020,0,0,0,0,0,269,3156,-9277,4550,0,0,0,0,0
7,-90,7.675,43,1805145,31,80,74,52020,0,0,0,0,0,269,3156,-9277,4550,0,0,0,0,0
7,-90,7.73,44,1805201,31,80,74,52020,0,0,0,0,0,269,3156,-9277,4550,0,0,0,0,0
7,-90,7.786,45,1805257,31,80,74,52020,0,0,0,0,0,269,3156,-9277,4550,0,0,0,0,0
7,-90,7.843,46,1805313,31,80,74,52020,0,0,0,0,0,269,3156,-9277,4550,0,0,0,0,0
7,-90,7.955,48,1805425,31,80,74,52020,0,0,0,0,0,269,3156,-9277,4550,0,0,0,0,0
7,-90,8.011,49,1805481,31,80,74,52020,0,0,0,0,0,269,3156,-9277,4550,0,0,0,0,0
7,-90,8.066,50,1805537,31,80,74,52020,0,0,0,0,0,269,3156,-9277,4550,0,0,0,0,0
7,-90,8.13,51,1805593,31,80,74,52020,0,0,0,0,0,269,3156,-9277,4550,0,0,0,0,0
7,-90,8.174,52,1805645,31,80,74,52020,0,0,0,0,0,269,3156,-9277,4550,0,0,0,0,0
7,-90,8.23,53,1805701,31,80,74,52020,0,0,0,0,0,269,3156,-9277,4550,0,0,0,0,0
7,-90,8.287,54,1805757,31,80,74,52020,0,0,0,0,0,269,3156,-9277,4550,0,0,0,0,0
7,-90,8.343,55,1805813,31,80,74,52020,0,0,0,0,0,269,3156,-9277,4550,0,0,0,0,0
7,-90,8.399,56,1805869,31,80,74,52020,0,0,0,0,0,269,3156,-9277,4550,0,0,0,0,0
7,-90,8.455,57,1805925,31,80,74,52020,0,0,0,0,0,269,3156,-9277,4550,0,0,0,0,0
7,-90,8.566,59,1806037,31,80,74,52020,0,0,0,0,0,269,3156,-9277,4550,0,0,0,0,0
7,-90,8.622,60,1806093,31,80,74,52020,0,0,0,0,0,269,3156,-9277,4550,0,0,0,0,0
7,-90,8.68,61,1806149,31,80,74,52020,0,0,0,0,0,269,3156,-9277,4550,0,0,0,0,0
7,-90,8.735,62,1806205,31,80,74,52020,0,0,0,0,0,269,3156,-9277,4550,0,0,0,0,0
7,-90,8.79,63,1806261,31,80,74,52020,0,0,0,0,0,269,3156,-9277,4550,0,0,0,0,0
7,-90,8.848,64,1806317,31,80,74,52020,0,0,0,0,0,269,3156,-9277,4550,0,0,0,0,0
7,-90,8.902,65,1806373,31,80,74,52020,0,0,0,0,0,269,3156,-9277,4550,0,0,0,0,0
7,-90,8.958,66,1806429,31,80,74,52020,0,0,0,0,0,269,3156,-9277,4550,0,0,0,0,0
7,-90,9.016,67,1806485,31,80,74,52020,0,0,0,0,0,269,3156,-9277,4550,0,0,0,0,0
7,-90,9.077,68,1806541,31,80,74,52020,0,0,0,0,0,269,3156,-9277,4550,0,0,0,0,0
7,-90,9.198,70,1806653,31,80,74,52020,0,0,0,0,0,269,3156,-9277,4550,0,0,0,0,0
7,-90,9.309,72,1806761,31,80,74,52020,0,0,0,0,0,269,3156,-9277,4550,0,0,0,0,0
7,-90,9.349,73,1806817,31,80,74,52020,0,0,0,0,0,269,3156,-9277,4550,0,0,0,0,0
7,-90,9.412,74,1806873,31,80,74,52020,0,0,0,0,0,269,3156,-9277,4550,0,0,0,0,0
7,-90,9.462,75,1806929,31,80,74,52020,0,0,0,0,0,269,3156,-9277,4550,0,0,0,0,0
7,-90,9.515,76,1806985,31,80,74,52020,0,0,0,0,0,269,3156,-9277,4550,0,0,0,0,0
7,-90,9.572,77,1807041,31,80,74,52020,0,0,0,0,0,269,3156,-9277,4550,0,0,0,0,0
7,-90,9.648,78,1807097,31,80,74,52020,0,0,0,0,0,269,3156,-9277,4550,0,0,0,0,0
7,-90,9.737,79,1807153,31,80,74,52020,0,0,0,0,0,269,3156,-9277,4550,0,0,0,0,0
7,-90,9.797,81,1807265,31,80,74,52020,0,0,0,0,0,269,3156,-9277,4550,0,0,0,0,0
7,-90,9.85,82,1807321,31,80,74,52020,0,0,0,0,0,269,3156,-9277,4550,0,0,0,0,0
7,-90,9.906,83,1807377,31,80,74,52020,0,0,0,0,0,269,3156,-9277,4550,0,0,0,0,0
7,-90,9.962,84,1807433,31,80,74,52020,0,0,0,0,0,269,3156,-9277,4550,0,0,0,0,0
7,-90,10.02,85,1807489,31,80,74,52020,0,0,0,0,0,269,3156,-9277,4550,0,0,0,0,0
7,-90,10.078,86,1807545,31,80,74,52020,0,0,0,0,0,269,3156,-9277,4550,0,0,0,0,0
7,-90,10.13,87,1807601,31,80,74,52020,0,0,0,0,0,269,3156,-9277,4550,0,0,0,0,0
7,-90,10.188,88,1807657,31,80,74,52020,0,0,0,0,0,269,3156,-9277,4550,0,0,0,0,0
7,-90,10.263,89,1807713,31,80,74,52020,0,0,0,0,0,269,3156,-9277,4550,0,0,0,0,0
7,-90,10.296,90,1807765,31,80,74,52020,0,0,0,0,0,269,3156,-9277,4550,0,0,0,0,0
7,-90,10.35,91,1807821,31,80,74,52020,0,0,0,0,0,269,3156,-9277,4550,0,0,0,0,0
7,-90,10.518,94,1807989,31,80,74,52020,0,0,0,0,0,269,3156,-9277,4550,0,0,0,0,0
7,-90,10.575,95,1808045,31,80,74,52020,0,0,0,0,0,269,3156,-9277,4550,0,0,0,0,0
7,-90,10.631,96,1808101,31,80,74,52020,0,0,0,0,0,269,3156,-9277,4550,0,0,0,0,0
7,-90,10.687,97,1808157,31,80,74,52020,0,0,0,0,0,269,3156,-9277,4550,0,0,0,0,0
7,-90,10.743,98,1808213,31,80,74,52020,0,0,0,0,0,269,3156,-9277,4550,0,0,0,0,0
7,-90,10.798,99,1808269,31,80,74,52020,0,0,0,0,0,269,3156,-9277,4550,0,0,0,0,0
7,-90,10.855,100,1808325,31,80,74,52020,0,0,0,0,0,269,3156,-9277,4550,0,0,0,0,0
7,-90,10.91,101,1808381,31,80,74,52020,0,0,0,0,0,269,3156,-9277,4550,0,0,0,0,0
7,-90,11.023,103,1808493,31,80,74,52020,0,0,0,0,0,269,3156,-9277,4550,0,0,0,0,0
7,-90,11.078,104,1808549,31,80,74,52020,0,0,0,0,0,269,3156,-9277,4550,0,0,0,0,0
7,-90,11.135,105,1808605,31,80,74,52020,0,0,0,0,0,269,3156,-9277,4550,0,0,0,0,0
7,-90,11.19,106,1808661,31,80,74,52020,0,0,0,0,0,269,3156,-9277,4550,0,0,0,0,0
7,-90,11.247,107,1808717,31,80,74,52020,0,0,0,0,0,269,3156,-9277,4550,0,0,0,0,0
7,-90,11.31,108,1808773,31,80,74,52020,0,0,0,0,0,269,3156,-9277,4550,0,0,0,0,0
7,-90,11.355,109,1808825,31,80,74,52020,0,0,0,0,0,269,3156,-9277,4550,0,0,0,0,0
7,-90,11.41,110,1808881,31,80,74,52020,0,0,0,0,0,269,3156,-9277,4550,0,0,0,0,0
7,-90,11.466,111,1808937,31,80,74,52020,0,0,0,0,0,269,3156,-9277,4550,0,0,0,0,0
7,-90,11.523,112,1808993,31,80,74,52020,0,0,0,0,0,269,3156,-9277,4550,0,0,0,0,0
7,-90,11.579,113,1809049,31,80,74,52020,0,0,0,0,0,269,3156,-9277,4550,0,0,0,0,0
7,-90,11.69,115,1809161,31,80,74,52020,0,0,0,0,0,269,3156,-9277,4550,0,0,0,0,0
7,-90,11.746,116,1809217,31,80,74,52020,0,0,0,0,0,269,3156,-9277,4550,0,0,0,0,0
7,-90,11.802,117,1809273,31,80,74,52020,0,0,0,0,0,269,3156,-9277,4550,0,0,0,0,0
7,-90,11.859,118,1809329,31,80,74,52020,0,0,0,0,0,269,3156,-9277,4550,0,0,0,0,0
7,-90,11.915,119,1809385,31,80,74,52020,0,0,0,0,0,269,3156,-9277,4550,0,0,0,0,0
7,-90,11.97,120,1809441,31,80,74,52020,0,0,0,0,0,269,3156,-9277,4550,0,0,0,0,0
7,-90,12.026,121,1809497,31,80,74,52020,0,0,0,0,0,269,3156,-9277,4550,0,0,0,0,0
7,-90,12.082,122,1809553,31,80,74,52020,0,0,0,0,0,269,3156,-9277,4550,0,0,0,0,0
7,-90,12.139,123,1809609,31,80,74,52020,0,0,0,0,0,269,3156,-9277,4550,0,0,0,0,0
7,-90,12.195,124,1809665,31,80,74,52020,0,0,0,0,0,269,3156,-9277,4550,0,0,0,0,0
7,-90,12.251,125,1809721,31,80,74,52020,0,0,0,0,0,269,3156,-9277,4550,0,0,0,0,0
7,-90,12.307,126,1809777,31,80,74,52020,0,0,0,0,0,269,3156,-9277,4550,0,0,0,0,0
7,-90,12.37,127,1809833,31,80,74,52020,0,0,0,0,0,269,3156,-9277,4550,0,0,0,0,0
7,-90,12.414,0,1809885,31,80,74,52020,0,0,0,0,0,269,3156,-9277,4550,0,0,0,0,0
7,-90,12.47,1,1809941,31,80,74,52020,0,0,0,0,0,269,3156,-9277,4550,0,0,0,0,0
7,-90,12.526,2,1809997,31,80,74,52020,0,0,0,0,0,269,3156,-9277,4550,0,0,0,0,0
7,-90,12.582,3,1810053,31,80,74,52020,0,0,0,0,0,269,3156,-9277,4550,0,0,0,0,0
7,-90,12.639,4,1810109,31,80,74,52020,0,0,0,0,0,269,3156,-9277,4550,0,0,0,0,0
7,-90,12.694,5,1810165,31,80,74,52020,0,0,0,0,0,269,3156,-9277,4550,0,0,0,0,0
7,-90,12.75,6,1810221,31,80,74,52020,0,0,0,0,0,269,3156,-9277,4550,0,0,0,0,0
7,-90,12.807,7,1810277,31,80,74,52020,0,0,0,0,0,269,3156,-9277,4550,0,0,0,0,0
7,-90,12.974,10,1810445,31,80,74,52020,0,0,0,0,0,269,3156,-9277,4550,0,0,0,0,0
7,-90,13.03,11,1810501,31,80,74,52020,0,0,0,0,0,269,3156,-9277,4550,0,0,0,0,0
7,-90,13.087,12,1810557,31,80,74,52020,0,0,0,0,0,269,3156,-9277,4550,0,0,0,0,0
7,-90,13.143,13,1810613,31,80,74,52020,0,0,0,0,0,269,3156,-9277,4550,0,0,0,0,0
7,-90,13.199,14,1810669,31,80,74,52020,0,0,0,0,0,269,3156,-9277,4550,0,0,0,0,0
8,90,-0.023,103,1822767,31,80,74,52020,0,0,0,0,0,269,3156,-9277,4550,0,0,0,0,0
8,90,0.017,104,1822817,31,80,74,52020,0,0,0,0,0,269,3156,-9277,4550,0,0,0,0,0
8,90,0.071,105,1822869,31,80,74,52020,0,0,0,0,0,269,3157,-9277,4550,-900,800,0,0,0
8,90,0.141,106,1822941,31,80,74,52103,0,0,0,-9,36,271,3160,-9283,4566,-1200,1200,0,0,0
8,90,0.216,107,1823013,31,79,74,52231,0,0,0,-9,39,274,3163,-9283,4600,-1600,1400,0,0,0
8,90,0.36,109,1823157,31,73,76,52890,0,0,0,-39,118,278,3169,-9300,4758,-2200,2200,0,0,0
8,90,0.433,110,1823229,31,71,76,53544,0,0,0,-82,135,278,3172,-9355,4877,-2600,2600,0,0,0
8,90,0.502,111,1823301,31,69,76,54530,0,0,0,-118,184,278,3175,-9461,5033,-2800,2800,0,0,0
8,90,0.578,112,1823373,31,67,76,55712,0,0,0,-154,194,278,3178,-9597,5211,-2800,2800,0,0,0
8,90,0.646,113,1823445,31,66,75,56931,0,0,0,-164,200,278,3181,-9744,5388,-2800,2700,0,0,0
8,90,0.719,114,1823517,31,65,75,58176,0,0,0,-174,190,278,3184,-9897,5566,-2700,2600,0,0,0
8,90,0.79,115,1823589,31,65,74,59399,0,0,0,-154,200,278,3187,-10044,5744,-2600,2400,0,0,0
8,90,0.865,116,1823661,31,64,74,60570,0,0,0,-164,164,278,3190,-10194,5905,-1900,1400,0,0,0
8,90,1.015,117,1823814,31,65,75,61774,0,0,0,0,0,278,3199,-10372,6047,0,0,0,0,0
8,90,1.075,118,1823865,31,65,75,61774,0,0,0,0,0,278,3201,-10372,6047,0,0,0,0,0
8,90,1.14,119,1823937,31,65,75,61774,0,0,0,0,0,278,3204,-10372,6047,0,0,0,0,0
8,90,1.282,121,1824081,31,65,75,61774,0,0,0,0,0,278,3210,-10372,6047,0,0,0,0,0
8,90,1.353,122,1824153,31,65,75,61774,0,0,0,0,0,278,3213,-10372,6047,0,0,0,0,0
8,90,1.425,123,1824225,31,65,75,61774,0,0,0,0,0,278,3216,-10372,6047,0,0,0,0,0
8,90,1.499,124,1824297,31,65,75,61774,0,0,0,0,0,278,3219,-10372,6047,0,0,0,0,0
8,90,1.57,125,1824369,31,65,75,61774,0,0,0,0,0,278,3222,-10372,6047,0,0,0,0,0
8,90,1.669,127,1824469,31,65,75,61774,0,0,0,0,0,278,3224,-10372,6047,0,0,0,0,0
8,90,1.725,0,1824525,31,65,75,61774,0,0,0,0,0,278,3224,-10372,6047,0,0,0,0,0
8,90,1.786,1,1824581,31,65,75,61774,0,0,0,0,0,278,3224,-10372,6047,0,0,0,0,0
8,90,1.843,2,1824637,31,65,75,61774,0,0,0,0,0,278,3224,-10372,6047,0,0,0,0,0
8,90,1.895,3,1824693,31,65,75,61774,0,0,0,0,0,278,3224,-10372,6047,0,0,0,0,0
8,90,1.949,4,1824749,31,65,75,61774,0,0,0,0,0,278,3224,-10372,6047,0,0,0,0,0
8,90,2.005,5,1824805,31,65,75,61774,0,0,0,0,0,278,3224,-10372,6047,0,0,0,0,0
8,90,2.06,6,1824861,31,65,75,61774,0,0,0,0,0,278,3224,-10372,6047,0,0,0,0,0
8,90,2.116,7,1824917,31,65,75,61774,0,0,0,0,0,278,3224,-10372,6047,0,0,0,0,0
8,90,2.172,8,1824973,31,65,75,61774,0,0,0,0,0,278,3224,-10372,6047,0,0,0,0,0
8,90,2.23,9,1825029,31,65,75,61774,0,0,0,0,0,278,3224,-10372,6047,0,0,0,0,0
8,90,2.337,11,1825137,31,65,75,61774,0,0,0,0,0,278,3224,-10372,6047,0,0,0,0,0
8,90,2.449,13,1825249,31,65,75,61774,0,0,0,0,0,278,3224,-10372,6047,0,0,0,0,0
8,90,2.507,14,1825305,31,65,75,61774,0,0,0,0,0,278,3224,-10372,6047,0,0,0,0,0
8,90,2.563,15,1825361,31,65,75,61774,0,0,0,0,0,278,3224,-10372,6047,0,0,0,0,0
8,90,2.619,16,1825417,31,65,75,61774,0,0,0,0,0,278,3224,-10372,6047,0,0,0,0,0
8,90,2.675,17,1825473,31,65,75,61774,0,0,0,0,0,278,3224,-10372,6047,0,0,0,0,0
8,90,2.73,18,1825529,31,65,75,61774,0,0,0,0,0,278,3224,-10372,6047,0,0,0,0,0
8,90,2.785,19,1825585,31,65,75,61774,0,0,0,0,0,278,3224,-10372,6047,0,0,0,0,0
8,90,2.897,21,1825697,31,65,75,61774,0,0,0,0,0,278,3224,-10372,6047,0,0,0,0,0
8,90,3.012,23,1825809,31,65,75,61774,0,0,0,0,0,278,3224,-10372,6047,0,0,0,0,0
8,90,3.12,25,1825921,31,65,75,61774,0,0,0,0,0,278,3224,-10372,6047,0,0,0,0,0
8,90,3.178,26,1825977,31,65,75,61774,0,0,0,0,0,278,3224,-10372,6047,0,0,0,0,0
8,90,3.232,27,1826033,31,65,75,61774,0,0,0,0,0,278,3224,-10372,6047,0,0,0,0,0
8,90,3.297,28,1826089,31,65,75,61774,0,0,0,0,0,278,3224,-10372,6047,0,0,0,0,0
8,90,3.342,29,1826141,31,65,75,61774,0,0,0,0,0,278,3224,-10372,6047,0,0,0,0,0
8,90,3.401,30,1826197,31,65,75,61774,0,0,0,0,0,278,3224,-10372,6047,0,0,0,0,0
8,90,3.452,31,1826253,31,65,75,61774,0,0,0,0,0,278,3224,-10372,6047,0,0,0,0,0
8,90,3.572,33,1826365,31,65,75,61774,0,0,0,0,0,278,3224,-10372,6047,0,0,0,0,0
8,90,3.623,34,1826421,31,65,75,61774,0,0,0,0,0,278,3224,-10372,6047,0,0,0,0,0
8,90,3.685,35,1826477,31,65,75,61774,0,0,0,0,0,278,3224,-10372,6047,0,0,0,0,0
8,90,3.732,36,1826533,31,65,75,61774,0,0,0,0,0,278,3224,-10372,6047,0,0,0,0,0
8,90,3.789,37,1826589,31,65,75,61774,0,0,0,0,0,278,3224,-10372,6047,0,0,0,0,0
8,90,3.845,38,1826645,31,65,75,61774,0,0,0,0,0,278,3224,-10372,6047,0,0,0,0,0
8,90,3.9,39,1826701,31,65,75,61774,0,0,0,0,0,278,3224,-10372,6047,0,0,0,0,0
8,90,3.956,40,1826757,31,65,75,61774,0,0,0,0,0,278,3224,-10372,6047,0,0,0,0,0
8,90,4.012,41,1826813,31,65,75,61774,0,0,0,0,0,278,3224,-10372,6047,0,0,0,0,0
8,90,4.068,42,1826869,31,65,75,61774,0,0,0,0,0,278,3224,-10372,6047,0,0,0,0,0
8,90,4.124,43,1826925,31,65,75,61774,0,0,0,0,0,278,3224,-10372,6047,0,0,0,0,0
8,90,4.236,45,1827037,31,65,75,61774,0,0,0,0,0,278,3224,-10372,6047,0,0,0,0,0
8,90,4.292,46,1827093,31,65,75,61774,0,0,0,0,0,278,3224,-10372,6047,0,0,0,0,0
8,90,4.357,47,1827149,31,65,75,61774,0,0,0,0,0,278,3224,-10372,6047,0,0,0,0,0
8,90,4.402,48,1827201,31,65,75,61774,0,0,0,0,0,278,3224,-10372,6047,0,0,0,0,0
8,90,4.457,49,1827257,31,65,75,61774,0,0,0,0,0,278,3224,-10372,6047,0,0,0,0,0
8,90,4.512,50,1827313,31,65,75,61774,0,0,0,0,0,278,3224,-10372,6047,0,0,0,0,0
8,90,4.568,51,1827369,31,65,75,61774,0,0,0,0,0,278,3224,-10372,6047,0,0,0,0,0
8,90,4.624,52,1827425,31,65,75,61774,0,0,0,0,0,278,3224,-10372,6047,0,0,0,0,0
8,90,4.681,53,1827481,31,65,75,61774,0,0,0,0,0,278,3224,-10372,6047,0,0,0,0,0
8,90,4.792,55,1827593,31,65,75,61774,0,0,0,0,0,278,3224,-10372,6047,0,0,0,0,0
8,90,4.848,56,1827649,31,65,75,61774,0,0,0,0,0,278,3224,-10372,6047,0,0,0,0,0
8,90,4.904,57,1827705,31,65,75,61774,0,0,0,0,0,278,3224,-10372,6047,0,0,0,0,0
8,90,4.962,58,1827761,31,65,75,61774,0,0,0,0,0,278,3224,-10372,6047,0,0,0,0,0
8,90,5.016,59,1827817,31,65,75,61774,0,0,0,0,0,278,3224,-10372,6047,0,0,0,0,0
8,90,5.083,60,1827873,31,65,75,61774,0,0,0,0,0,278,3224,-10372,6047,0,0,0,0,0
8,90,5.128,61,1827929,31,65,75,61774,0,0,0,0,0,278,3224,-10372,6047,0,0,0,0,0
8,90,5.185,62,1827985,31,65,75,61774,0,0,0,0,0,278,3224,-10372,6047,0,0,0,0,0
8,90,5.24,63,1828041,31,65,75,61774,0,0,0,0,0,278,3224,-10372,6047,0,0,0,0,0
8,90,5.296,64,1828097,31,65,75,61774,0,0,0,0,0,278,3224,-10372,6047,0,0,0,0,0
8,90,5.417,66,1828209,31,65,75,61774,0,0,0,0,0,278,3224,-10372,6047,0,0,0,0,0
8,90,5.46,67,1828261,31,65,75,61774,0,0,0,0,0,278,3224,-10372,6047,0,0,0,0,0
8,90,5.516,68,1828317,31,65,75,61774,0,0,0,0,0,278,3224,-10372,6047,0,0,0,0,0
8,90,5.572,69,1828373,31,65,75,61774,0,0,0,0,0,278,3224,-10372,6047,0,0,0,0,0
8,90,5.63,70,1828429,31,65,75,61774,0,0,0,0,0,278,3224,-10372,6047,0,0,0,0,0
8,90,5.684,71,1828485,31,65,75,61774,0,0,0,0,0,278,3224,-10372,6047,0,0,0,0,0
8,90,5.742,72,1828541,31,65,75,61774,0,0,0,0,0,278,3224,-10372,6047,0,0,0,0,0
8,90,5.799,73,1828597,31,65,75,61774,0,0,0,0,0,278,3224,-10372,6047,0,0,0,0,0
8,90,5.852,74,1828653,31,65,75,61774,0,0,0,0,0,278,3224,-10372,6047,0,0,0,0,0
8,90,5.913,75,1828709,31,65,75,61774,0,0,0,0,0,278,3224,-10372,6047,0,0,0,0,0
8,90,6.02,77,1828821,31,65,75,61774,0,0,0,0,0,278,3224,-10372,6047,0,0,0,0,0
8,90,6.076,78,1828877,31,65,75,61774,0,0,0,0,0,278,3224,-10372,6047,0,0,0,0,0
8,90,6.135,79,1828933,31,65,75,61774,0,0,0,0,0,278,3224,-10372,6047,0,0,0,0,0
8,90,6.191,80,1828989,31,65,75,61774,0,0,0,0,0,278,3224,-10372,6047,0,0,0,0,0
8,90,6.247,81,1829045,31,65,75,61774,0,0,0,0,0,278,3224,-10372,6047,0,0,0,0,0
8,90,6.3,82,1829101,31,65,75,61774,0,0,0,0,0,278,3224,-10372,6047,0,0,0,0,0
8,90,6.358,83,1829157,31,65,75,61774,0,0,0,0,0,278,3224,-10372,6047,0,0,0,0,0
8,90,6.413,84,1829213,31,65,75,61774,0,0,0,0,0,278,3224,-10372,6047,0,0,0,0,0
8,90,6.478,85,1829269,31,65,75,61774,0,0,0,0,0,278,3224,-10372,6047,0,0,0,0,0
8,90,6.52,86,1829321,31,65,75,61774,0,0,0,0,0,278,3224,-10372,6047,0,0,0,0,0
8,90,6.577,87,1829377,31,65,75,61774,0,0,0,0,0,278,3224,-10372,6047,0,0,0,0,0
8,90,6.687,89,1829489,31,65,75,61774,0,0,0,0,0,278,3224,-10372,6047,0,0,0,0,0
8,90,6.802,91,1829601,31,65,75,61774,0,0,0,0,0,278,3224,-10372,6047,0,0,0,0,0
8,90,6.857,92,1829657,31,65,75,61774,0,0,0,0,0,278,3224,-10372,6047,0,0,0,0,0
8,90,6.912,93,1829713,31,65,75,61774,0,0,0,0,0,278,3224,-10372,6047,0,0,0,0,0
8,90,6.97,94,1829769,31,65,75,61774,0,0,0,0,0,278,3224,-10372,6047,0,0,0,0,0
8,90,7.025,95,1829825,31,65,75,61774,0,0,0,0,0,278,3224,-10372,6047,0,0,0,0,0
8,90,7.08,96,1829881,31,65,75,61774,0,0,0,0,0,278,3224,-10372,6047,0,0,0,0,0
8,90,7.136,97,1829937,31,65,75,61774,0,0,0,0,0,278,3224,-10372,6047,0,0,0,0,0
8,90,7.304,100,1830105,31,65,75,61774,0,0,0,0,0,278,3224,-10372,6047,0,0,0,0,0
8,90,7.362,101,1830161,31,65,75,61774,0,0,0,0,0,278,3224,-10372,6047,0,0,0,0,0
8,90,7.42,102,1830217,31,65,75,61774,0,0,0,0,0,278,3224,-10372,6047,0,0,0,0,0
8,90,7.558,103,1830273,31,65,75,61774,0,0,0,0,0,278,3224,-10372,6047,0,0,0,0,0
8,90,7.561,104,1830329,31,65,75,61774,0,0,0,0,0,278,3224,-10372,6047,0,0,0,0,0
8,90,7.58,105,1830381,31,65,75,61774,0,0,0,0,0,278,3224,-10372,6047,0,0,0,0,0
8,90,7.637,106,1830437,31,65,75,61774,0,0,0,0,0,278,3224,-10372,6047,0,0,0,0,0
8,90,7.692,107,1830493,31,65,75,61774,0,0,0,0,0,278,3224,-10372,6047,0,0,0,0,0
8,90,7.75,108,1830549,31,65,75,61774,0,0,0,0,0,278,3224,-10372,6047,0,0,0,0,0
8,90,7.805,109,1830605,31,65,75,61774,0,0,0,0,0,278,3224,-10372,6047,0,0,0,0,0
8,90,7.922,111,1830717,31,65,75,61774,0,0,0,0,0,278,3224,-10372,6047,0,0,0,0,0
8,90,7.977,112,1830773,31,65,75,61774,0,0,0,0,0,278,3224,-10372,6047,0,0,0,0,0
8,90,8.033,113,1830829,31,65,75,61774,0,0,0,0,0,278,3224,-10372,6047,0,0,0,0,0
8,90,8.087,114,1830885,31,65,75,61774,0,0,0,0,0,278,3224,-10372,6047,0,0,0,0,0
8,90,8.141,115,1830941,31,65,75,61774,0,0,0,0,0,278,3224,-10372,6047,0,0,0,0,0
8,90,8.197,116,1830997,31,65,75,61774,0,0,0,0,0,278,3224,-10372,6047,0,0,0,0,0
8,90,8.253,117,1831053,31,65,75,61774,0,0,0,0,0,278,3224,-10372,6047,0,0,0,0,0
8,90,8.311,118,1831109,31,65,75,61774,0,0,0,0,0,278,3224,-10372,6047,0,0,0,0,0
8,90,8.366,119,1831165,31,65,75,61774,0,0,0,0,0,278,3224,-10372,6047,0,0,0,0,0
8,90,8.421,120,1831221,31,65,75,61774,0,0,0,0,0,278,3224,-10372,6047,0,0,0,0,0
8,90,8.535,122,1831333,31,65,75,61774,0,0,0,0,0,278,3224,-10372,6047,0,0,0,0,0
8,90,8.597,123,1831389,31,65,75,61774,0,0,0,0,0,278,3224,-10372,6047,0,0,0,0,0
8,90,8.646,124,1831441,31,65,75,61774,0,0,0,0,0,278,3224,-10372,6047,0,0,0,0,0
8,90,8.699,125,1831497,31,65,75,61774,0,0,0,0,0,278,3224,-10372,6047,0,0,0,0,0
8,90,8.753,126,1831553,31,65,75,61774,0,0,0,0,0,278,3224,-10372,6047,0,0,0,0,0
8,90,8.809,127,1831609,31,65,75,61774,0,0,0,0,0,278,3224,-10372,6047,0,0,0,0,0
8,90,8.866,0,1831665,31,65,75,61774,0,0,0,0,0,278,3224,-10372,6047,0,0,0,0,0
8,90,8.92,1,1831721,31,65,75,61774,0,0,0,0,0,278,3224,-10372,6047,0,0,0,0,0
8,90,8.976,2,1831777,31,65,75,61774,0,0,0,0,0,278,3224,-10372,6047,0,0,0,0,0
8,90,9.035,3,1831833,31,65,75,61774,0,0,0,0,0,278,3224,-10372,6047,0,0,0,0,0
8,90,9.148,5,1831945,31,65,75,61774,0,0,0,0,0,278,3224,-10372,6047,0,0,0,0,0
8,90,9.201,6,1832001,31,65,75,61774,0,0,0,0,0,278,3224,-10372,6047,0,0,0,0,0
8,90,9.256,7,1832057,31,65,75,61774,0,0,0,0,0,278,3224,-10372,6047,0,0,0,0,0
8,90,9.311,8,1832113,31,65,75,61774,0,0,0,0,0,278,3224,-10372,6047,0,0,0,0,0
8,90,9.367,9,1832169,31,65,75,61774,0,0,0,0,0,278,3224,-10372,6047,0,0,0,0,0
8,90,9.428,10,1832225,31,65,75,61774,0,0,0,0,0,278,3224,-10372,6047,0,0,0,0,0
8,90,9.482,11,1832281,31,65,75,61774,0,0,0,0,0,278,3224,-10372,6047,0,0,0,0,0
8,90,9.54,12,1832337,31,65,75,61774,0,0,0,0,0,278,3224,-10372,6047,0,0,0,0,0
8,90,9.593,13,1832393,31,65,75,61774,0,0,0,0,0,278,3224,-10372,6047,0,0,0,0,0
8,90,9.699,15,1832501,31,65,75,61774,0,0,0,0,0,278,3224,-10372,6047,0,0,0,0,0
8,90,9.756,16,1832557,31,65,75,61774,0,0,0,0,0,278,3224,-10372,6047,0,0,0,0,0
8,90,9.812,17,1832613,31,65,75,61774,0,0,0,0,0,278,3224,-10372,6047,0,0,0,0,0
8,90,9.87,18,1832669,31,65,75,61774,0,0,0,0,0,278,3224,-10372,6047,0,0,0,0,0
8,90,9.924,19,1832725,31,65,75,61774,0,0,0,0,0,278,3224,-10372,6047,0,0,0,0,0
8,90,9.98,20,1832781,31,65,75,61774,0,0,0,0,0,278,3224,-10372,6047,0,0,0,0,0
8,90,10.036,21,1832837,31,65,75,61774,0,0,0,0,0,278,3224,-10372,6047,0,0,0,0,0
8,90,10.092,22,1832893,31,65,75,61774,0,0,0,0,0,278,3224,-10372,6047,0,0,0,0,0
8,90,10.149,23,1832949,31,65,75,61774,0,0,0,0,0,278,3224,-10372,6047,0,0,0,0,0
8,90,10.203,24,1833005,31,65,75,61774,0,0,0,0,0,278,3224,-10372,6047,0,0,0,0,0
8,90,10.261,25,1833061,31,65,75,61774,0,0,0,0,0,278,3224,-10372,6047,0,0,0,0,0
8,90,10.372,27,1833173,31,65,75,61774,0,0,0,0,0,278,3224,-10372,6047,0,0,0,0,0
8,90,10.484,29,1833285,31,65,75,61774,0,0,0,0,0,278,3224,-10372,6047,0,0,0,0,0
8,90,10.54,30,1833341,31,65,75,61774,0,0,0,0,0,278,3224,-10372,6047,0,0,0,0,0
8,90,10.595,31,1833397,31,65,75,61774,0,0,0,0,0,278,3224,-10372,6047,0,0,0,0,0
8,90,10.652,32,1833453,31,65,75,61774,0,0,0,0,0,278,3224,-10372,6047,0,0,0,0,0
8,90,10.716,33,1833509,31,65,75,61774,0,0,0,0,0,278,3224,-10372,6047,0,0,0,0,0
8,90,10.759,34,1833561,31,65,75,61774,0,0,0,0,0,278,3224,-10372,6047,0,0,0,0,0
8,90,10.815,35,1833617,31,65,75,61774,0,0,0,0,0,278,3224,-10372,6047,0,0,0,0,0
8,90,10.873,36,1833673,31,65,75,61774,0,0,0,0,0,278,3224,-10372,6047,0,0,0,0,0
8,90,10.928,37,1833729,31,65,75,61774,0,0,0,0,0,278,3224,-10372,6047,0,0,0,0,0
8,90,11.095,40,1833897,31,65,75,61774,0,0,0,0,0,278,3224,-10372,6047,0,0,0,0,0
8,90,11.153,41,1833953,31,65,75,61774,0,0,0,0,0,278,3224,-10372,6047,0,0,0,0,0
8,90,11.208,42,1834009,31,65,75,61774,0,0,0,0,0,278,3224,-10372,6047,0,0,0,0,0
8,90,11.265,43,1834065,31,65,75,61774,0,0,0,0,0,278,3224,-10372,6047,0,0,0,0,0
8,90,11.321,44,1834121,31,65,75,61774,0,0,0,0,0,278,3224,-10372,6047,0,0,0,0,0
8,90,11.377,45,1834177,31,65,75,61774,0,0,0,0,0,278,3224,-10372,6047,0,0,0,0,0
8,90,11.435,46,1834233,31,65,75,61774,0,0,0,0,0,278,3224,-10372,6047,0,0,0,0,0
8,90,11.489,47,1834289,31,65,75,61774,0,0,0,0,0,278,3224,-10372,6047,0,0,0,0,0
8,90,11.605,49,1834401,31,65,75,61774,0,0,0,0,0,278,3224,-10372,6047,0,0,0,0,0
8,90,11.656,50,1834457,31,65,75,61774,0,0,0,0,0,278,3224,-10372,6047,0,0,0,0,0
8,90,11.713,51,1834513,31,65,75,61774,0,0,0,0,0,278,3224,-10372,6047,0,0,0,0,0
8,90,11.769,52,1834569,31,65,75,61774,0,0,0,0,0,278,3224,-10372,6047,0,0,0,0,0
8,90,11.82,53,1834621,31,65,75,61774,0,0,0,0,0,278,3224,-10372,6047,0,0,0,0,0
8,90,11.877,54,1834677,31,65,75,61774,0,0,0,0,0,278,3224,-10372,6047,0,0,0,0,0
8,90,11.932,55,1834733,31,65,75,61774,0,0,0,0,0,278,3224,-10372,6047,0,0,0,0,0
8,90,11.991,56,1834789,31,65,75,61774,0,0,0,0,0,278,3224,-10372,6047,0,0,0,0,0
8,90,12.044,57,1834845,31,65,75,61774,0,0,0,0,0,278,3224,-10372,6047,0,0,0,0,0
8,90,12.1,58,1834901,31,65,75,61774,0,0,0,0,0,278,3224,-10372,6047,0,0,0,0,0
8,90,12.155,59,1834957,31,65,75,61774,0,0,0,0,0,278,3224,-10372,6047,0,0,0,0,0
8,90,12.323,62,1835125,31,65,75,61774,0,0,0,0,0,278,3224,-10372,6047,0,0,0,0,0
8,90,12.379,63,1835181,31,65,75,61774,0,0,0,0,0,278,3224,-10372,6047,0,0,0,0,0
8,90,12.435,64,1835237,31,65,75,61774,0,0,0,0,0,278,3224,-10372,6047,0,0,0,0,0
8,90,12.494,65,1835293,31,65,75,61774,0,0,0,0,0,278,3224,-10372,6047,0,0,0,0,0
8,90,12.55,66,1835349,31,65,75,61774,0,0,0,0,0,278,3224,-10372,6047,0,0,0,0,0
8,90,12.605,67,1835405,31,65,75,61774,0,0,0,0,0,278,3224,-10372,6047,0,0,0,0,0
8,90,12.661,68,1835461,31,65,75,61774,0,0,0,0,0,278,3224,-10372,6047,0,0,0,0,0
8,90,12.716,69,1835517,31,65,75,61774,0,0,0,0,0,278,3224,-10372,6047,0,0,0,0,0
8,90,12.771,70,1835573,31,65,75,61774,0,0,0,0,0,278,3224,-10372,6047,0,0,0,0,0
8,90,12.837,71,1835629,31,65,75,61774,0,0,0,0,0,278,3224,-10372,6047,0,0,0,0,0
8,90,12.936,73,1835737,31,65,75,61774,0,0,0,0,0,278,3224,-10372,6047,0,0,0,0,0
8,90,12.992,74,1835793,31,65,75,61774,0,0,0,0,0,278,3224,-10372,6047,0,0,0,0,0
8,90,13.048,75,1835849,31,65,75,61774,0,0,0,0,0,278,3224,-10372,6047,0,0,0,0,0
8,90,13.106,76,1835905,31,65,75,61774,0,0,0,0,0,278,3224,-10372,6047,0,0,0,0,0
8,90,13.161,77,1835961,31,65,75,61774,0,0,0,0,0,278,3224,-10372,6047,0,0,0,0,0
8,90,13.216,78,1836017,31,65,75,61774,0,0,0,0,0,278,3224,-10372,6047,0,0,0,0,0
8,90,13.291,79,1836073,31,65,75,61774,0,0,0,0,0,278,3224,-10372,6047,0,0,0,0,0
8,90,13.331,80,1836129,31,65,75,61774,0,0,0,0,0,278,3224,-10372,6047,0,0,0,0,0
8,90,13.385,81,1836185,31,65,75,61774,0,0,0,0,0,278,3224,-10372,6047,0,0,0,0,0
8,90,13.498,83,1836297,31,65,75,61774,0,0,0,0,0,278,3224,-10372,6047,0,0,0,0,0
8,90,13.563,84,1836353,31,65,75,61774,0,0,0,0,0,278,3224,-10372,6047,0,0,0,0,0
8,90,13.695,85,1836409,31,65,75,61774,0,0,0,0,0,278,3224,-10372,6047,0,0,0,0,0
8,90,13.695,86,1836465,31,65,75,61774,0,0,0,0,0,278,3224,-10372,6047,0,0,0,0,0
8,90,13.722,87,1836521,31,65,75,61774,0,0,0,0,0,278,3224,-10372,6047,0,0,0,0,0
8,90,13.775,88,1836577,31,65,75,61774,0,0,0,0,0,278,3224,-10372,6047,0,0,0,0,0
8,90,13.838,89,1836633,31,65,75,61774,0,0,0,0,0,278,3224,-10372,6047,0,0,0,0,0
8,90,13.9,90,1836689,31,65,75,61774,0,0,0,0,0,278,3224,-10372,6047,0,0,0,0,0
8,90,13.94,91,1836741,31,65,75,61774,0,0,0,0,0,278,3224,-10372,6047,0,0,0,0,0
8,90,14.0,92,1836797,31,65,75,61774,0,0,0,0,0,278,3224,-10372,6047,0,0,0,0,0
8,90,14.051,93,1836853,31,65,75,61774,0,0,0,0,0,278,3224,-10372,6047,0,0,0,0,0
8,90,14.165,95,1836965,31,65,75,61774,0,0,0,0,0,278,3224,-10372,6047,0,0,0,0,0
8,90,14.223,96,1837021,31,65,75,61774,0,0,0,0,0,278,3224,-10372,6047,0,0,0,0,0
8,90,14.276,97,1837077,31,65,75,61774,0,0,0,0,0,278,3224,-10372,6047,0,0,0,0,0
8,90,14.388,99,1837189,31,65,75,61774,0,0,0,0,0,278,3224,-10372,6047,0,0,0,0,0
8,90,14.444,100,1837245,31,65,75,61774,0,0,0,0,0,278,3224,-10372,6047,0,0,0,0,0
8,90,14.502,101,1837301,31,65,75,61774,0,0,0,0,0,278,3224,-10372,6047,0,0,0,0,0
8,90,14.561,102,1837357,31,65,75,61774,0,0,0,0,0,278,3224,-10372,6047,0,0,0,0,0
8,90,14.614,103,1837413,31,65,75,61774,0,0,0,0,0,278,3224,-10372,6047,0,0,0,0,0
8,90,14.782,106,1837581,31,65,75,61774,0,0,0,0,0,278,3224,-10372,6047,0,0,0,0,0
8,90,14.836,107,1837637,31,65,75,61774,0,0,0,0,0,278,3224,-10372,6047,0,0,0,0,0
8,90,14.891,108,1837693,31,65,75,61774,0,0,0,0,0,278,3224,-10372,6047,0,0,0,0,0
8,90,14.957,109,1837749,31,65,75,61774,0,0,0,0,0,278,3224,-10372,6047,0,0,0,0,0
8,90,15.0,110,1837801,31,65,75,61774,0,0,0,0,0,278,3224,-10372,6047,0,0,0,0,0
8,90,15.114,112,1837913,31,65,75,61774,0,0,0,0,0,278,3224,-10372,6047,0,0,0,0,0
8,90,15.168,113,1837969,31,65,75,61774,0,0,0,0,0,278,3224,-10372,6047,0,0,0,0,0
8,90,15.225,114,1838025,31,65,75,61774,0,0,0,0,0,278,3224,-10372,6047,0,0,0,0,0
9,-107,-0.039,54,1856101,31,65,75,61774,0,0,0,0,0,278,3224,-10372,6047,0,0,0,0,0
9,-107,0.144,57,1856281,31,65,76,61680,0,0,0,0,-36,281,3228,-10372,6022,1200,-1200,0,0,0
9,-107,0.214,58,1856353,31,65,77,61533,0,0,0,0,-56,284,3231,-10372,5983,1600,-1300,0,0,0
9,-107,0.286,59,1856425,31,66,79,61269,0,0,0,10,-72,284,3234,-10363,5922,1800,-1700,0,0,0
9,-107,0.358,60,1856497,31,67,82,60882,0,0,0,36,-82,284,3237,-10344,5838,2200,-2200,0,0,0
9,-107,0.417,61,1856547,31,67,83,60434,0,0,0,72,-144,284,3239,-10305,5758,2500,-2400,0,0,0
9,-107,0.478,62,1856617,31,69,85,59557,0,0,0,110,-186,284,3242,-10219,5611,2800,-2800,0,0,0
9,-107,0.549,63,1856689,31,70,87,58447,0,0,0,148,-210,284,3245,-10105,5430,2800,-2800,0,0,0
9,-107,0.621,64,1856761,31,72,89,57288,0,0,0,144,-220,284,3248,-9983,5244,2700,-2800,0,0,0
9,-107,0.693,65,1856833,31,75,90,56054,0,0,0,148,-210,284,3251,-9852,5047,2700,-2500,0,0,0
9,-107,0.766,66,1856905,31,77,91,54955,0,0,0,112,-190,284,3254,-9738,4869,2700,-2300,0,0,0
9,-107,0.909,68,1857049,31,80,91,52814,0,0,0,121,-164,284,3260,-9488,4550,2600,-2200,0,0,0
9,-107,0.982,69,1857121,31,80,90,51791,0,0,0,135,-164,284,3263,-9361,4405,2300,-1700,0,0,0
9,-107,1.048,70,1857171,31,81,90,51196,0,0,0,98,-118,284,3265,-9286,4322,1600,-800,0,0,0
9,-107,1.129,71,1857270,31,80,91,50568,0,0,0,0,0,284,3271,-9197,4244,0,0,0,0,0
9,-107,1.179,72,1857321,31,80,91,50568,0,0,0,0,0,284,3273,-9197,4244,0,0,0,0,0
9,-107,1.252,73,1857393,31,80,91,50568,0,0,0,0,0,284,3276,-9197,4244,0,0,0,0,0
9,-107,1.327,74,1857465,31,80,91,50568,0,0,0,0,0,284,3279,-9197,4244,0,0,0,0,0
9,-107,1.386,75,1857521,31,80,91,50568,0,0,0,0,0,284,3280,-9197,4244,0,0,0,0,0
9,-107,1.439,76,1857577,31,80,91,50568,0,0,0,0,0,284,3280,-9197,4244,0,0,0,0,0
9,-107,1.495,77,1857633,31,80,91,50568,0,0,0,0,0,284,3280,-9197,4244,0,0,0,0,0
9,-107,1.55,78,1857689,31,80,91,50568,0,0,0,0,0,284,3280,-9197,4244,0,0,0,0,0
9,-107,1.663,80,1857801,31,80,91,50568,0,0,0,0,0,284,3280,-9197,4244,0,0,0,0,0
9,-107,1.72,81,1857857,31,80,91,50568,0,0,0,0,0,284,3280,-9197,4244,0,0,0,0,0
9,-107,1.774,82,1857913,31,80,91,50568,0,0,0,0,0,284,3280,-9197,4244,0,0,0,0,0
9,-107,1.834,83,1857969,31,80,91,50568,0,0,0,0,0,284,3280,-9197,4244,0,0,0,0,0
9,-107,1.887,84,1858025,31,80,91,50568,0,0,0,0,0,284,3280,-9197,4244,0,0,0,0,0
9,-107,1.941,85,1858081,31,80,91,50568,0,0,0,0,0,284,3280,-9197,4244,0,0,0,0,0
9,-107,2.01,86,1858137,31,80,91,50568,0,0,0,0,0,284,3280,-9197,4244,0,0,0,0,0
9,-107,2.048,87,1858189,31,80,91,50568,0,0,0,0,0,284,3280,-9197,4244,0,0,0,0,0
9,-107,2.109,88,1858245,31,80,91,50568,0,0,0,0,0,284,3280,-9197,4244,0,0,0,0,0
9,-107,2.163,89,1858301,31,80,91,50568,0,0,0,0,0,284,3280,-9197,4244,0,0,0,0,0
9,-107,2.219,90,1858357,31,80,91,50568,0,0,0,0,0,284,3280,-9197,4244,0,0,0,0,0
9,-107,2.328,92,1858469,31,80,91,50568,0,0,0,0,0,284,3280,-9197,4244,0,0,0,0,0
9,-107,2.385,93,1858525,31,80,91,50568,0,0,0,0,0,284,3280,-9197,4244,0,0,0,0,0
9,-107,2.44,94,1858581,31,80,91,50568,0,0,0,0,0,284,3280,-9197,4244,0,0,0,0,0
9,-107,2.499,95,1858637,31,80,91,50568,0,0,0,0,0,284,3280,-9197,4244,0,0,0,0,0
9,-107,2.553,96,1858693,31,80,91,50568,0,0,0,0,0,284,3280,-9197,4244,0,0,0,0,0
9,-107,2.61,97,1858749,31,80,91,50568,0,0,0,0,0,284,3280,-9197,4244,0,0,0,0,0
9,-107,2.665,98,1858805,31,80,91,50568,0,0,0,0,0,284,3280,-9197,4244,0,0,0,0,0
9,-107,2.721,99,1858861,31,80,91,50568,0,0,0,0,0,284,3280,-9197,4244,0,0,0,0,0
9,-107,2.779,100,1858917,31,80,91,50568,0,0,0,0,0,284,3280,-9197,4244,0,0,0,0,0
9,-107,2.94,103,1859081,31,80,91,50568,0,0,0,0,0,284,3280,-9197,4244,0,0,0,0,0
9,-107,3.016,104,1859137,31,80,91,50568,0,0,0,0,0,284,3280,-9197,4244,0,0,0,0,0
9,-107,3.06,105,1859193,31,80,91,50568,0,0,0,0,0,284,3280,-9197,4244,0,0,0,0,0
9,-107,3.105,106,1859245,31,80,91,50568,0,0,0,0,0,284,3280,-9197,4244,0,0,0,0,0
9,-107,3.16,107,1859301,31,80,91,50568,0,0,0,0,0,284,3280,-9197,4244,0,0,0,0,0
9,-107,3.216,108,1859357,31,80,91,50568,0,0,0,0,0,284,3280,-9197,4244,0,0,0,0,0
9,-107,3.273,109,1859413,31,80,91,50568,0,0,0,0,0,284,3280,-9197,4244,0,0,0,0,0
9,-107,3.329,110,1859469,31,80,91,50568,0,0,0,0,0,284,3280,-9197,4244,0,0,0,0,0
9,-107,3.387,111,1859525,31,80,91,50568,0,0,0,0,0,284,3280,-9197,4244,0,0,0,0,0
9,-107,3.442,112,1859581,31,80,91,50568,0,0,0,0,0,284,3280,-9197,4244,0,0,0,0,0
9,-107,3.503,113,1859637,31,80,91,50568,0,0,0,0,0,284,3280,-9197,4244,0,0,0,0,0
9,-107,3.667,116,1859805,31,80,91,50568,0,0,0,0,0,284,3280,-9197,4244,0,0,0,0,0
9,-107,3.72,117,1859861,31,80,91,50568,0,0,0,0,0,284,3280,-9197,4244,0,0,0,0,0
9,-107,3.777,118,1859917,31,80,91,50568,0,0,0,0,0,284,3280,-9197,4244,0,0,0,0,0
9,-107,3.834,119,1859973,31,80,91,50568,0,0,0,0,0,284,3280,-9197,4244,0,0,0,0,0
9,-107,3.889,120,1860029,31,80,91,50568,0,0,0,0,0,284,3280,-9197,4244,0,0,0,0,0
9,-107,3.946,121,1860085,31,80,91,50568,0,0,0,0,0,284,3280,-9197,4244,0,0,0,0,0
9,-107,4.001,122,1860141,31,80,91,50568,0,0,0,0,0,284,3280,-9197,4244,0,0,0,0,0
9,-107,4.056,123,1860197,31,80,91,50568,0,0,0,0,0,284,3280,-9197,4244,0,0,0,0,0
9,-107,4.221,126,1860361,31,80,91,50568,0,0,0,0,0,284,3280,-9197,4244,0,0,0,0,0
9,-107,4.278,127,1860417,31,80,91,50568,0,0,0,0,0,284,3280,-9197,4244,0,0,0,0,0
9,-107,4.331,0,1860473,31,80,91,50568,0,0,0,0,0,284,3280,-9197,4244,0,0,0,0,0
9,-107,4.387,1,1860529,31,80,91,50568,0,0,0,0,0,284,3280,-9197,4244,0,0,0,0,0
9,-107,4.443,2,1860585,31,80,91,50568,0,0,0,0,0,284,3280,-9197,4244,0,0,0,0,0
9,-107,4.5,3,1860641,31,80,91,50568,0,0,0,0,0,284,3280,-9197,4244,0,0,0,0,0
9,-107,4.561,4,1860697,31,80,91,50568,0,0,0,0,0,284,3280,-9197,4244,0,0,0,0,0
9,-107,4.616,5,1860753,31,80,91,50568,0,0,0,0,0,284,3280,-9197,4244,0,0,0,0,0
9,-107,4.67,6,1860809,31,80,91,50568,0,0,0,0,0,284,3280,-9197,4244,0,0,0,0,0
9,-107,4.727,7,1860865,31,80,91,50568,0,0,0,0,0,284,3280,-9197,4244,0,0,0,0,0
9,-107,4.84,9,1860977,31,80,91,50568,0,0,0,0,0,284,3280,-9197,4244,0,0,0,0,0
9,-107,4.894,10,1861033,31,80,91,50568,0,0,0,0,0,284,3280,-9197,4244,0,0,0,0,0
9,-107,4.949,11,1861089,31,80,91,50568,0,0,0,0,0,284,3280,-9197,4244,0,0,0,0,0
9,-107,5.006,12,1861145,31,80,91,50568,0,0,0,0,0,284,3280,-9197,4244,0,0,0,0,0
9,-107,5.061,13,1861201,31,80,91,50568,0,0,0,0,0,284,3280,-9197,4244,0,0,0,0,0
9,-107,5.118,14,1861257,31,80,91,50568,0,0,0,0,0,284,3280,-9197,4244,0,0,0,0,0
9,-107,5.183,15,1861313,31,80,91,50568,0,0,0,0,0,284,3280,-9197,4244,0,0,0,0,0
9,-107,5.225,16,1861365,31,80,91,50568,0,0,0,0,0,284,3280,-9197,4244,0,0,0,0,0
9,-107,5.281,17,1861421,31,80,91,50568,0,0,0,0,0,284,3280,-9197,4244,0,0,0,0,0
9,-107,5.337,18,1861477,31,80,91,50568,0,0,0,0,0,284,3280,-9197,4244,0,0,0,0,0
9,-107,5.453,20,1861589,31,80,91,50568,0,0,0,0,0,284,3280,-9197,4244,0,0,0,0,0
9,-107,5.505,21,1861645,31,80,91,50568,0,0,0,0,0,284,3280,-9197,4244,0,0,0,0,0
9,-107,5.56,22,1861701,31,80,91,50568,0,0,0,0,0,284,3280,-9197,4244,0,0,0,0,0
9,-107,5.618,23,1861757,31,80,91,50568,0,0,0,0,0,284,3280,-9197,4244,0,0,0,0,0
9,-107,5.672,24,1861813,31,80,91,50568,0,0,0,0,0,284,3280,-9197,4244,0,0,0,0,0
9,-107,5.728,25,1861869,31,80,91,50568,0,0,0,0,0,284,3280,-9197,4244,0,0,0,0,0
9,-107,5.787,26,1861925,31,80,91,50568,0,0,0,0,0,284,3280,-9197,4244,0,0,0,0,0
9,-107,5.844,27,1861981,31,80,91,50568,0,0,0,0,0,284,3280,-9197,4244,0,0,0,0,0
9,-107,5.896,28,1862037,31,80,91,50568,0,0,0,0,0,284,3280,-9197,4244,0,0,0,0,0
9,-107,5.955,29,1862093,31,80,91,50568,0,0,0,0,0,284,3280,-9197,4244,0,0,0,0,0
9,-107,6.069,31,1862205,31,80,91,50568,0,0,0,0,0,284,3280,-9197,4244,0,0,0,0,0
9,-107,6.122,32,1862261,31,80,91,50568,0,0,0,0,0,284,3280,-9197,4244,0,0,0,0,0
9,-107,6.177,33,1862317,31,80,91,50568,0,0,0,0,0,284,3280,-9197,4244,0,0,0,0,0
9,-107,6.241,34,1862373,31,80,91,50568,0,0,0,0,0,284,3280,-9197,4244,0,0,0,0,0
9,-107,6.285,35,1862425,31,80,91,50568,0,0,0,0,0,284,3280,-9197,4244,0,0,0,0,0
9,-107,6.342,36,1862481,31,80,91,50568,0,0,0,0,0,284,3280,-9197,4244,0,0,0,0,0
9,-107,6.398,37,1862537,31,80,91,50568,0,0,0,0,0,284,3280,-9197,4244,0,0,0,0,0
9,-107,6.456,38,1862593,31,80,91,50568,0,0,0,0,0,284,3280,-9197,4244,0,0,0,0,0
9,-107,6.509,39,1862649,31,80,91,50568,0,0,0,0,0,284,3280,-9197,4244,0,0,0,0,0
9,-107,6.568,40,1862705,31,80,91,50568,0,0,0,0,0,284,3280,-9197,4244,0,0,0,0,0
9,-107,6.622,41,1862761,31,80,91,50568,0,0,0,0,0,284,3280,-9197,4244,0,0,0,0,0
9,-107,6.734,43,1862873,31,80,91,50568,0,0,0,0,0,284,3280,-9197,4244,0,0,0,0,0
9,-107,6.79,44,1862929,31,80,91,50568,0,0,0,0,0,284,3280,-9197,4244,0,0,0,0,0
9,-107,6.845,45,1862985,31,80,91,50568,0,0,0,0,0,284,3280,-9197,4244,0,0,0,0,0
9,-107,6.902,46,1863041,31,80,91,50568,0,0,0,0,0,284,3280,-9197,4244,0,0,0,0,0
9,-107,6.956,47,1863097,31,80,91,50568,0,0,0,0,0,284,3280,-9197,4244,0,0,0,0,0
9,-107,7.012,48,1863153,31,80,91,50568,0,0,0,0,0,284,3280,-9197,4244,0,0,0,0,0
9,-107,7.068,49,1863209,31,80,91,50568,0,0,0,0,0,284,3280,-9197,4244,0,0,0,0,0
9,-107,7.125,50,1863265,31,80,91,50568,0,0,0,0,0,284,3280,-9197,4244,0,0,0,0,0
9,-107,7.181,51,1863321,31,80,91,50568,0,0,0,0,0,284,3280,-9197,4244,0,0,0,0,0
9,-107,7.295,53,1863433,31,80,91,50568,0,0,0,0,0,284,3280,-9197,4244,0,0,0,0,0
9,-107,7.345,54,1863485,31,80,91,50568,0,0,0,0,0,284,3280,-9197,4244,0,0,0,0,0
9,-107,7.4,55,1863541,31,80,91,50568,0,0,0,0,0,284,3280,-9197,4244,0,0,0,0,0
9,-107,7.456,56,1863597,31,80,91,50568,0,0,0,0,0,284,3280,-9197,4244,0,0,0,0,0
9,-107,7.512,57,1863653,31,80,91,50568,0,0,0,0,0,284,3280,-9197,4244,0,0,0,0,0
9,-107,7.568,58,1863709,31,80,91,50568,0,0,0,0,0,284,3280,-9197,4244,0,0,0,0,0
9,-107,7.627,59,1863765,31,80,91,50568,0,0,0,0,0,284,3280,-9197,4244,0,0,0,0,0
9,-107,7.681,60,1863821,31,80,91,50568,0,0,0,0,0,284,3280,-9197,4244,0,0,0,0,0
9,-107,7.736,61,1863877,31,80,91,50568,0,0,0,0,0,284,3280,-9197,4244,0,0,0,0,0
9,-107,7.793,62,1863933,31,80,91,50568,0,0,0,0,0,284,3280,-9197,4244,0,0,0,0,0
9,-107,7.849,63,1863989,31,80,91,50568,0,0,0,0,0,284,3280,-9197,4244,0,0,0,0,0
9,-107,7.96,65,1864101,31,80,91,50568,0,0,0,0,0,284,3280,-9197,4244,0,0,0,0,0
9,-107,8.016,66,1864157,31,80,91,50568,0,0,0,0,0,284,3280,-9197,4244,0,0,0,0,0
9,-107,8.074,67,1864213,31,80,91,50568,0,0,0,0,0,284,3280,-9197,4244,0,0,0,0,0
9,-107,8.133,68,1864269,31,80,91,50568,0,0,0,0,0,284,3280,-9197,4244,0,0,0,0,0
9,-107,8.186,69,1864325,31,80,91,50568,0,0,0,0,0,284,3280,-9197,4244,0,0,0,0,0
9,-107,8.241,70,1864381,31,80,91,50568,0,0,0,0,0,284,3280,-9197,4244,0,0,0,0,0
9,-107,8.298,71,1864437,31,80,91,50568,0,0,0,0,0,284,3280,-9197,4244,0,0,0,0,0
9,-107,8.363,72,1864493,31,80,91,50568,0,0,0,0,0,284,3280,-9197,4244,0,0,0,0,0
9,-107,8.405,73,1864545,31,80,91,50568,0,0,0,0,0,284,3280,-9197,4244,0,0,0,0,0
9,-107,8.46,74,1864601,31,80,91,50568,0,0,0,0,0,284,3280,-9197,4244,0,0,0,0,0
9,-107,8.572,76,1864713,31,80,91,50568,0,0,0,0,0,284,3280,-9197,4244,0,0,0,0,0
9,-107,8.685,78,1864825,31,80,91,50568,0,0,0,0,0,284,3280,-9197,4244,0,0,0,0,0
9,-107,8.741,79,1864881,31,80,91,50568,0,0,0,0,0,284,3280,-9197,4244,0,0,0,0,0
9,-107,8.795,80,1864937,31,80,91,50568,0,0,0,0,0,284,3280,-9197,4244,0,0,0,0,0
9,-107,8.852,81,1864993,31,80,91,50568,0,0,0,0,0,284,3280,-9197,4244,0,0,0,0,0
9,-107,8.907,82,1865049,31,80,91,50568,0,0,0,0,0,284,3280,-9197,4244,0,0,0,0,0
9,-107,8.965,83,1865105,31,80,91,50568,0,0,0,0,0,284,3280,-9197,4244,0,0,0,0,0
9,-107,9.021,84,1865161,31,80,91,50568,0,0,0,0,0,284,3280,-9197,4244,0,0,0,0,0
9,-107,9.078,85,1865217,31,80,91,50568,0,0,0,0,0,284,3280,-9197,4244,0,0,0,0,0
9,-107,9.187,87,1865329,31,80,91,50568,0,0,0,0,0,284,3280,-9197,4244,0,0,0,0,0
9,-107,9.245,88,1865385,31,80,91,50568,0,0,0,0,0,284,3280,-9197,4244,0,0,0,0,0
9,-107,9.302,89,1865441,31,80,91,50568,0,0,0,0,0,284,3280,-9197,4244,0,0,0,0,0
9,-107,9.356,90,1865497,31,80,91,50568,0,0,0,0,0,284,3280,-9197,4244,0,0,0,0,0
9,-107,9.42,91,1865553,31,80,91,50568,0,0,0,0,0,284,3280,-9197,4244,0,0,0,0,0
9,-107,9.464,92,1865605,31,80,91,50568,0,0,0,0,0,284,3280,-9197,4244,0,0,0,0,0
9,-107,9.52,93,1865661,31,80,91,50568,0,0,0,0,0,284,3280,-9197,4244,0,0,0,0,0
9,-107,9.576,94,1865717,31,80,91,50568,0,0,0,0,0,284,3280,-9197,4244,0,0,0,0,0
9,-107,9.632,95,1865773,31,80,91,50568,0,0,0,0,0,284,3280,-9197,4244,0,0,0,0,0
9,-107,9.692,96,1865829,31,80,91,50568,0,0,0,0,0,284,3280,-9197,4244,0,0,0,0,0
9,-107,9.75,97,1865885,31,80,91,50568,0,0,0,0,0,284,3280,-9197,4244,0,0,0,0,0
9,-107,9.8,98,1865941,31,80,91,50568,0,0,0,0,0,284,3280,-9197,4244,0,0,0,0,0
9,-107,9.856,99,1865997,31,80,91,50568,0,0,0,0,0,284,3280,-9197,4244,0,0,0,0,0
9,-107,9.912,100,1866053,31,80,91,50568,0,0,0,0,0,284,3280,-9197,4244,0,0,0,0,0
9,-107,10.024,102,1866165,31,80,91,50568,0,0,0,0,0,284,3280,-9197,4244,0,0,0,0,0
9,-107,10.083,103,1866221,31,80,91,50568,0,0,0,0,0,284,3280,-9197,4244,0,0,0,0,0
9,-107,10.139,104,1866277,31,80,91,50568,0,0,0,0,0,284,3280,-9197,4244,0,0,0,0,0
9,-107,10.192,105,1866333,31,80,91,50568,0,0,0,0,0,284,3280,-9197,4244,0,0,0,0,0
9,-107,10.248,106,1866389,31,80,91,50568,0,0,0,0,0,284,3280,-9197,4244,0,0,0,0,0
9,-107,10.307,107,1866445,31,80,91,50568,0,0,0,0,0,284,3280,-9197,4244,0,0,0,0,0
9,-107,10.42,109,1866557,31,80,91,50568,0,0,0,0,0,284,3280,-9197,4244,0,0,0,0,0
9,-107,10.481,110,1866613,31,80,91,50568,0,0,0,0,0,284,3280,-9197,4244,0,0,0,0,0
9,-107,10.526,111,1866665,31,80,91,50568,0,0,0,0,0,284,3280,-9197,4244,0,0,0,0,0
9,-107,10.581,112,1866721,31,80,91,50568,0,0,0,0,0,284,3280,-9197,4244,0,0,0,0,0
9,-107,10.638,113,1866777,31,80,91,50568,0,0,0,0,0,284,3280,-9197,4244,0,0,0,0,0
9,-107,10.692,114,1866833,31,80,91,50568,0,0,0,0,0,284,3280,-9197,4244,0,0,0,0,0
9,-107,10.748,115,1866889,31,80,91,50568,0,0,0,0,0,284,3280,-9197,4244,0,0,0,0,0
9,-107,10.804,116,1866945,31,80,91,50568,0,0,0,0,0,284,3280,-9197,4244,0,0,0,0,0
9,-107,10.861,117,1867001,31,80,91,50568,0,0,0,0,0,284,3280,-9197,4244,0,0,0,0,0
9,-107,10.916,118,1867057,31,80,91,50568,0,0,0,0,0,284,3280,-9197,4244,0,0,0,0,0
9,-107,10.972,119,1867113,31,80,91,50568,0,0,0,0,0,284,3280,-9197,4244,0,0,0,0,0
9,-107,11.14,122,1867281,31,80,91,50568,0,0,0,0,0,284,3280,-9197,4244,0,0,0,0,0
9,-107,11.196,123,1867337,31,80,91,50568,0,0,0,0,0,284,3280,-9197,4244,0,0,0,0,0
9,-107,11.256,124,1867393,31,80,91,50568,0,0,0,0,0,284,3280,-9197,4244,0,0,0,0,0
9,-107,11.308,125,1867449,31,80,91,50568,0,0,0,0,0,284,3280,-9197,4244,0,0,0,0,0
9,-107,11.368,126,1867505,31,80,91,50568,0,0,0,0,0,284,3280,-9197,4244,0,0,0,0,0
9,-107,11.419,127,1867561,31,80,91,50568,0,0,0,0,0,284,3280,-9197,4244,0,0,0,0,0
9,-107,11.483,0,1867617,31,80,91,50568,0,0,0,0,0,284,3280,-9197,4244,0,0,0,0,0
9,-107,11.54,1,1867673,31,80,91,50568,0,0,0,0,0,284,3280,-9197,4244,0,0,0,0,0
9,-107,11.584,2,1867725,31,80,91,50568,0,0,0,0,0,284,3280,-9197,4244,0,0,0,0,0
9,-107,11.696,4,1867837,31,80,91,50568,0,0,0,0,0,284,3280,-9197,4244,0,0,0,0,0
9,-107,11.752,5,1867893,31,80,91,50568,0,0,0,0,0,284,3280,-9197,4244,0,0,0,0,0
9,-107,11.808,6,1867949,31,80,91,50568,0,0,0,0,0,284,3280,-9197,4244,0,0,0,0,0
9,-107,11.864,7,1868005,31,80,91,50568,0,0,0,0,0,284,3280,-9197,4244,0,0,0,0,0
9,-107,11.92,8,1868061,31,80,91,50568,0,0,0,0,0,284,3280,-9197,4244,0,0,0,0,0
9,-107,11.975,9,1868117,31,80,91,50568,0,0,0,0,0,284,3280,-9197,4244,0,0,0,0,0
9,-107,12.033,10,1868173,31,80,91,50568,0,0,0,0,0,284,3280,-9197,4244,0,0,0,0,0
9,-107,12.088,11,1868229,31,80,91,50568,0,0,0,0,0,284,3280,-9197,4244,0,0,0,0,0
9,-107,12.146,12,1868285,31,80,91,50568,0,0,0,0,0,284,3280,-9197,4244,0,0,0,0,0
10,107,-0.008,93,1879947,31,80,91,50568,0,0,0,0,0,284,3280,-9197,4244,0,0,0,0,0
10,107,0.034,94,1879997,31,80,91,50568,0,0,0,0,0,284,3280,-9197,4244,0,0,0,0,0
10,107,0.104,95,1880059,31,80,91,50598,0,0,0,0,23,285,3282,-9197,4252,-1000,900,0,0,0
10,107,0.169,96,1880129,31,80,91,50651,0,0,0,0,14,288,3285,-9197,4266,-1400,1200,0,0,0
10,107,0.24,97,1880201,31,79,92,50850,0,0,0,-30,56,289,3288,-9211,4305,-1600,1400,0,0,0
10,107,0.384,99,1880345,31,76,93,51780,0,0,0,-72,138,289,3294,-9294,4469,-2300,2300,0,0,0
10,107,0.453,100,1880417,31,74,93,52626,0,0,0,-108,157,289,3297,-9388,4600,-2700,2700,0,0,0
10,107,0.534,101,1880489,31,73,94,53695,0,0,0,-148,184,289,3300,-9511,4761,-2800,2800,0,0,0
10,107,0.598,102,1880561,31,72,94,54865,0,0,0,-149,180,289,3303,-9658,4925,-2700,2700,0,0,0
10,107,0.79,105,1880753,31,70,92,58176,0,0,0,-163,206,289,3311,-10063,5400,-2700,2600,0,0,0
10,107,0.861,106,1880825,31,69,92,59380,0,0,0,-164,184,289,3314,-10211,5572,-2600,2200,0,0,0
10,107,0.933,107,1880897,31,69,92,60547,0,0,0,-164,164,289,3317,-10366,5727,-2100,1700,0,0,0
10,107,1.109,108,1881074,31,70,94,61981,0,0,0,0,0,289,3327,-10586,5888,0,0,0,0,0
10,107,1.162,109,1881125,31,70,94,61981,0,0,0,0,0,289,3329,-10586,5888,0,0,0,0,0
10,107,1.305,111,1881269,31,70,94,61981,0,0,0,0,0,289,3335,-10586,5888,0,0,0,0,0
10,107,1.378,112,1881341,31,70,94,61981,0,0,0,0,0,289,3338,-10586,5888,0,0,0,0,0
10,107,1.448,113,1881413,31,70,94,61981,0,0,0,0,0,289,3341,-10586,5888,0,0,0,0,0
10,107,1.523,114,1881485,31,70,94,61981,0,0,0,0,0,289,3344,-10586,5888,0,0,0,0,0
10,107,1.593,115,1881557,31,70,94,61981,0,0,0,0,0,289,3347,-10586,5888,0,0,0,0,0
10,107,1.664,116,1881629,31,70,94,61981,0,0,0,0,0,289,3350,-10586,5888,0,0,0,0,0
10,107,1.738,117,1881701,31,70,94,61981,0,0,0,0,0,289,3353,-10586,5888,0,0,0,0,0
10,107,1.81,118,1881773,31,70,94,61981,0,0,0,0,0,289,3356,-10586,5888,0,0,0,0,0
10,107,1.882,119,1881845,31,70,94,61981,0,0,0,0,0,289,3359,-10586,5888,0,0,0,0,0
10,107,1.961,120,1881917,31,70,94,61981,0,0,0,0,0,289,3362,-10586,5888,0,0,0,0,0
10,107,2.026,121,1881989,31,70,94,61981,0,0,0,0,0,289,3365,-10586,5888,0,0,0,0,0
10,107,2.1,122,1882061,31,70,94,61981,0,0,0,0,0,289,3368,-10586,5888,0,0,0,0,0
10,107,2.169,123,1882133,31,70,94,61981,0,0,0,0,0,289,3371,-10586,5888,0,0,0,0,0
10,107,2.24,124,1882205,31,70,94,61981,0,0,0,0,0,289,3374,-10586,5888,0,0,0,0,0
10,107,2.318,125,1882277,31,70,94,61981,0,0,0,0,0,289,3377,-10586,5888,0,0,0,0,0
10,107,2.53,0,1882493,31,70,94,61981,0,0,0,0,0,289,3386,-10586,5888,0,0,0,0,0
10,107,2.585,1,1882549,31,70,94,61981,0,0,0,0,0,289,3387,-10586,5888,0,0,0,0,0
10,107,2.641,2,1882605,31,70,94,61981,0,0,0,0,0,289,3387,-10586,5888,0,0,0,0,0
10,107,2.701,3,1882661,31,70,94,61981,0,0,0,0,0,289,3387,-10586,5888,0,0,0,0,0
10,107,2.753,4,1882717,31,70,94,61981,0,0,0,0,0,289,3387,-10586,5888,0,0,0,0,0
10,107,2.864,6,1882829,31,70,94,61981,0,0,0,0,0,289,3387,-10586,5888,0,0,0,0,0
10,107,2.977,8,1882941,31,70,94,61981,0,0,0,0,0,289,3387,-10586,5888,0,0,0,0,0
10,107,3.033,9,1882997,31,70,94,61981,0,0,0,0,0,289,3387,-10586,5888,0,0,0,0,0
10,107,3.089,10,1883053,31,70,94,61981,0,0,0,0,0,289,3387,-10586,5888,0,0,0,0,0
10,107,3.153,11,1883109,31,70,94,61981,0,0,0,0,0,289,3387,-10586,5888,0,0,0,0,0
10,107,3.196,12,1883161,31,70,94,61981,0,0,0,0,0,289,3387,-10586,5888,0,0,0,0,0
10,107,3.255,13,1883217,31,70,94,61981,0,0,0,0,0,289,3387,-10586,5888,0,0,0,0,0
10,107,3.366,15,1883329,31,70,94,61981,0,0,0,0,0,289,3387,-10586,5888,0,0,0,0,0
10,107,3.42,16,1883385,31,70,94,61981,0,0,0,0,0,289,3387,-10586,5888,0,0,0,0,0
10,107,3.485,17,1883441,31,70,94,61981,0,0,0,0,0,289,3387,-10586,5888,0,0,0,0,0
10,107,3.535,18,1883497,31,70,94,61981,0,0,0,0,0,289,3387,-10586,5888,0,0,0,0,0
10,107,3.644,20,1883609,31,70,94,61981,0,0,0,0,0,289,3387,-10586,5888,0,0,0,0,0
10,107,3.702,21,1883665,31,70,94,61981,0,0,0,0,0,289,3387,-10586,5888,0,0,0,0,0
10,107,3.756,22,1883721,31,70,94,61981,0,0,0,0,0,289,3387,-10586,5888,0,0,0,0,0
10,107,3.817,23,1883777,31,70,94,61981,0,0,0,0,0,289,3387,-10586,5888,0,0,0,0,0
10,107,3.868,24,1883833,31,70,94,61981,0,0,0,0,0,289,3387,-10586,5888,0,0,0,0,0
10,107,3.925,25,1883889,31,70,94,61981,0,0,0,0,0,289,3387,-10586,5888,0,0,0,0,0
10,107,3.981,26,1883945,31,70,94,61981,0,0,0,0,0,289,3387,-10586,5888,0,0,0,0,0
10,107,4.036,27,1884001,31,70,94,61981,0,0,0,0,0,289,3387,-10586,5888,0,0,0,0,0
10,107,4.092,28,1884057,31,70,94,61981,0,0,0,0,0,289,3387,-10586,5888,0,0,0,0,0
10,107,4.212,30,1884169,31,70,94,61981,0,0,0,0,0,289,3387,-10586,5888,0,0,0,0,0
10,107,4.262,31,1884221,31,70,94,61981,0,0,0,0,0,289,3387,-10586,5888,0,0,0,0,0
10,107,4.315,32,1884277,31,70,94,61981,0,0,0,0,0,289,3387,-10586,5888,0,0,0,0,0
10,107,4.425,34,1884389,31,70,94,61981,0,0,0,0,0,289,3387,-10586,5888,0,0,0,0,0
10,107,4.484,35,1884445,31,70,94,61981,0,0,0,0,0,289,3387,-10586,5888,0,0,0,0,0
10,107,4.537,36,1884501,31,70,94,61981,0,0,0,0,0,289,3387,-10586,5888,0,0,0,0,0
10,107,4.593,37,1884557,31,70,94,61981,0,0,0,0,0,289,3387,-10586,5888,0,0,0,0,0
10,107,4.648,38,1884613,31,70,94,61981,0,0,0,0,0,289,3387,-10586,5888,0,0,0,0,0
10,107,4.704,39,1884669,31,70,94,61981,0,0,0,0,0,289,3387,-10586,5888,0,0,0,0,0
10,107,4.76,40,1884725,31,70,94,61981,0,0,0,0,0,289,3387,-10586,5888,0,0,0,0,0
10,107,4.89,42,1884837,31,70,94,61981,0,0,0,0,0,289,3387,-10586,5888,0,0,0,0,0
10,107,4.928,43,1884893,31,70,94,61981,0,0,0,0,0,289,3387,-10586,5888,0,0,0,0,0
10,107,4.985,44,1884949,31,70,94,61981,0,0,0,0,0,289,3387,-10586,5888,0,0,0,0,0
10,107,5.096,46,1885061,31,70,94,61981,0,0,0,0,0,289,3387,-10586,5888,0,0,0,0,0
10,107,5.163,47,1885117,31,70,94,61981,0,0,0,0,0,289,3387,-10586,5888,0,0,0,0,0
10,107,5.211,48,1885173,31,70,94,61981,0,0,0,0,0,289,3387,-10586,5888,0,0,0,0,0
10,107,5.273,49,1885229,31,70,94,61981,0,0,0,0,0,289,3387,-10586,5888,0,0,0,0,0
10,107,5.318,50,1885281,31,70,94,61981,0,0,0,0,0,289,3387,-10586,5888,0,0,0,0,0
10,107,5.38,51,1885337,31,70,94,61981,0,0,0,0,0,289,3387,-10586,5888,0,0,0,0,0
10,107,5.485,53,1885449,31,70,94,61981,0,0,0,0,0,289,3387,-10586,5888,0,0,0,0,0
10,107,5.546,54,1885505,31,70,94,61981,0,0,0,0,0,289,3387,-10586,5888,0,0,0,0,0
10,107,5.596,55,1885561,31,70,94,61981,0,0,0,0,0,289,3387,-10586,5888,0,0,0,0,0
10,107,5.653,56,1885617,31,70,94,61981,0,0,0,0,0,289,3387,-10586,5888,0,0,0,0,0
10,107,5.71,57,1885673,31,70,94,61981,0,0,0,0,0,289,3387,-10586,5888,0,0,0,0,0
10,107,5.768,58,1885729,31,70,94,61981,0,0,0,0,0,289,3387,-10586,5888,0,0,0,0,0
10,107,5.826,59,1885785,31,70,94,61981,0,0,0,0,0,289,3387,-10586,5888,0,0,0,0,0
10,107,5.876,60,1885841,31,70,94,61981,0,0,0,0,0,289,3387,-10586,5888,0,0,0,0,0
10,107,5.934,61,1885897,31,70,94,61981,0,0,0,0,0,289,3387,-10586,5888,0,0,0,0,0
10,107,5.99,62,1885953,31,70,94,61981,0,0,0,0,0,289,3387,-10586,5888,0,0,0,0,0
10,107,6.101,64,1886065,31,70,94,61981,0,0,0,0,0,289,3387,-10586,5888,0,0,0,0,0
10,107,6.159,65,1886121,31,70,94,61981,0,0,0,0,0,289,3387,-10586,5888,0,0,0,0,0
10,107,6.213,66,1886177,31,70,94,61981,0,0,0,0,0,289,3387,-10586,5888,0,0,0,0,0
10,107,6.488,71,1886453,31,70,94,61981,0,0,0,0,0,289,3387,-10586,5888,0,0,0,0,0
10,107,6.545,72,1886509,31,70,94,61981,0,0,0,0,0,289,3387,-10586,5888,0,0,0,0,0
10,107,6.602,73,1886565,31,70,94,61981,0,0,0,0,0,289,3387,-10586,5888,0,0,0,0,0
10,107,6.657,74,1886621,31,70,94,61981,0,0,0,0,0,289,3387,-10586,5888,0,0,0,0,0
10,107,6.768,76,1886733,31,70,94,61981,0,0,0,0,0,289,3387,-10586,5888,0,0,0,0,0
10,107,6.833,77,1886789,31,70,94,61981,0,0,0,0,0,289,3387,-10586,5888,0,0,0,0,0
10,107,6.88,78,1886845,31,70,94,61981,0,0,0,0,0,289,3387,-10586,5888,0,0,0,0,0
10,107,7.048,81,1887013,31,70,94,61981,0,0,0,0,0,289,3387,-10586,5888,0,0,0,0,0
10,107,7.161,83,1887125,31,70,94,61981,0,0,0,0,0,289,3387,-10586,5888,0,0,0,0,0
10,107,7.216,84,1887181,31,70,94,61981,0,0,0,0,0,289,3387,-10586,5888,0,0,0,0,0
10,107,7.329,86,1887293,31,70,94,61981,0,0,0,0,0,289,3387,-10586,5888,0,0,0,0,0
10,107,7.393,87,1887349,31,70,94,61981,0,0,0,0,0,289,3387,-10586,5888,0,0,0,0,0
10,107,7.438,88,1887401,31,70,94,61981,0,0,0,0,0,289,3387,-10586,5888,0,0,0,0,0
10,107,7.495,89,1887457,31,70,94,61981,0,0,0,0,0,289,3387,-10586,5888,0,0,0,0,0
10,107,7.579,90,1887513,31,70,94,61981,0,0,0,0,0,289,3387,-10586,5888,0,0,0,0,0
10,107,7.609,91,1887569,31,70,94,61981,0,0,0,0,0,289,3387,-10586,5888,0,0,0,0,0
10,107,7.7,92,1887625,31,70,94,61981,0,0,0,0,0,289,3387,-10586,5888,0,0,0,0,0
10,107,7.754,93,1887681,31,70,94,61981,0,0,0,0,0,289,3387,-10586,5888,0,0,0,0,0
10,107,7.775,94,1887737,31,70,94,61981,0,0,0,0,0,289,3387,-10586,5888,0,0,0,0,0
10,107,7.835,95,1887793,31,70,94,61981,0,0,0,0,0,289,3387,-10586,5888,0,0,0,0,0
10,107,7.884,96,1887849,31,70,94,61981,0,0,0,0,0,289,3387,-10586,5888,0,0,0,0,0
10,107,7.997,98,1887961,31,70,94,61981,0,0,0,0,0,289,3387,-10586,5888,0,0,0,0,0
10,107,8.055,99,1888017,31,70,94,61981,0,0,0,0,0,289,3387,-10586,5888,0,0,0,0,0
10,107,8.112,100,1888073,31,70,94,61981,0,0,0,0,0,289,3387,-10586,5888,0,0,0,0,0
10,107,8.165,101,1888129,31,70,94,61981,0,0,0,0,0,289,3387,-10586,5888,0,0,0,0,0
10,107,8.221,102,1888185,31,70,94,61981,0,0,0,0,0,289,3387,-10586,5888,0,0,0,0,0
10,107,8.278,103,1888241,31,70,94,61981,0,0,0,0,0,289,3387,-10586,5888,0,0,0,0,0
10,107,8.338,104,1888297,31,70,94,61981,0,0,0,0,0,289,3387,-10586,5888,0,0,0,0,0
10,107,8.389,105,1888353,31,70,94,61981,0,0,0,0,0,289,3387,-10586,5888,0,0,0,0,0
10,107,8.503,106,1888409,31,70,94,61981,0,0,0,0,0,289,3387,-10586,5888,0,0,0,0,0
10,107,8.503,107,1888461,31,70,94,61981,0,0,0,0,0,289,3387,-10586,5888,0,0,0,0,0
10,107,8.608,109,1888573,31,70,94,61981,0,0,0,0,0,289,3387,-10586,5888,0,0,0,0,0
10,107,8.666,110,1888629,31,70,94,61981,0,0,0,0,0,289,3387,-10586,5888,0,0,0,0,0
10,107,8.722,111,1888685,31,70,94,61981,0,0,0,0,0,289,3387,-10586,5888,0,0,0,0,0
10,107,8.784,112,1888741,31,70,94,61981,0,0,0,0,0,289,3387,-10586,5888,0,0,0,0,0
10,107,8.833,113,1888797,31,70,94,61981,0,0,0,0,0,289,3387,-10586,5888,0,0,0,0,0
10,107,8.888,114,1888853,31,70,94,61981,0,0,0,0,0,289,3387,-10586,5888,0,0,0,0,0
10,107,9.002,116,1888965,31,70,94,61981,0,0,0,0,0,289,3387,-10586,5888,0,0,0,0,0
10,107,9.056,117,1889021,31,70,94,61981,0,0,0,0,0,289,3387,-10586,5888,0,0,0,0,0
10,107,9.112,118,1889077,31,70,94,61981,0,0,0,0,0,289,3387,-10586,5888,0,0,0,0,0
10,107,9.224,120,1889189,31,70,94,61981,0,0,0,0,0,289,3387,-10586,5888,0,0,0,0,0
10,107,9.338,122,1889301,31,70,94,61981,0,0,0,0,0,289,3387,-10586,5888,0,0,0,0,0
10,107,9.392,123,1889357,31,70,94,61981,0,0,0,0,0,289,3387,-10586,5888,0,0,0,0,0
10,107,9.45,124,1889413,31,70,94,61981,0,0,0,0,0,289,3387,-10586,5888,0,0,0,0,0
10,107,9.514,125,1889469,31,70,94,61981,0,0,0,0,0,289,3387,-10586,5888,0,0,0,0,0
10,107,9.555,126,1889521,31,70,94,61981,0,0,0,0,0,289,3387,-10586,5888,0,0,0,0,0
10,107,9.612,127,1889577,31,70,94,61981,0,0,0,0,0,289,3387,-10586,5888,0,0,0,0,0
10,107,9.667,0,1889633,31,70,94,61981,0,0,0,0,0,289,3387,-10586,5888,0,0,0,0,0
10,107,9.726,1,1889689,31,70,94,61981,0,0,0,0,0,289,3387,-10586,5888,0,0,0,0,0
10,107,9.781,2,1889745,31,70,94,61981,0,0,0,0,0,289,3387,-10586,5888,0,0,0,0,0
10,107,9.837,3,1889801,31,70,94,61981,0,0,0,0,0,289,3387,-10586,5888,0,0,0,0,0
10,107,9.894,4,1889857,31,70,94,61981,0,0,0,0,0,289,3387,-10586,5888,0,0,0,0,0
10,107,10.003,6,1889969,31,70,94,61981,0,0,0,0,0,289,3387,-10586,5888,0,0,0,0,0
10,107,10.059,7,1890025,31,70,94,61981,0,0,0,0,0,289,3387,-10586,5888,0,0,0,0,0
10,107,10.118,8,1890081,31,70,94,61981,0,0,0,0,0,289,3387,-10586,5888,0,0,0,0,0
10,107,10.227,10,1890193,31,70,94,61981,0,0,0,0,0,289,3387,-10586,5888,0,0,0,0,0
10,107,10.283,11,1890249,31,70,94,61981,0,0,0,0,0,289,3387,-10586,5888,0,0,0,0,0
10,107,10.34,12,1890305,31,70,94,61981,0,0,0,0,0,289,3387,-10586,5888,0,0,0,0,0
10,107,10.451,14,1890417,31,70,94,61981,0,0,0,0,0,289,3387,-10586,5888,0,0,0,0,0
10,107,10.508,15,1890473,31,70,94,61981,0,0,0,0,0,289,3387,-10586,5888,0,0,0,0,0
10,107,10.572,16,1890529,31,70,94,61981,0,0,0,0,0,289,3387,-10586,5888,0,0,0,0,0
10,107,10.616,17,1890581,31,70,94,61981,0,0,0,0,0,289,3387,-10586,5888,0,0,0,0,0
10,107,10.673,18,1890637,31,70,94,61981,0,0,0,0,0,289,3387,-10586,5888,0,0,0,0,0
10,107,10.727,19,1890693,31,70,94,61981,0,0,0,0,0,289,3387,-10586,5888,0,0,0,0,0
10,107,10.785,20,1890749,31,70,94,61981,0,0,0,0,0,289,3387,-10586,5888,0,0,0,0,0
10,107,10.84,21,1890805,31,70,94,61981,0,0,0,0,0,289,3387,-10586,5888,0,0,0,0,0
10,107,10.895,22,1890861,31,70,94,61981,0,0,0,0,0,289,3387,-10586,5888,0,0,0,0,0
10,107,10.951,23,1890917,31,70,94,61981,0,0,0,0,0,289,3387,-10586,5888,0,0,0,0,0
10,107,11.008,24,1890973,31,70,94,61981,0,0,0,0,0,289,3387,-10586,5888,0,0,0,0,0
10,107,11.121,26,1891085,31,70,94,61981,0,0,0,0,0,289,3387,-10586,5888,0,0,0,0,0
10,107,11.176,27,1891141,31,70,94,61981,0,0,0,0,0,289,3387,-10586,5888,0,0,0,0,0
10,107,11.232,28,1891197,31,70,94,61981,0,0,0,0,0,289,3387,-10586,5888,0,0,0,0,0
10,107,11.343,30,1891309,31,70,94,61981,0,0,0,0,0,289,3387,-10586,5888,0,0,0,0,0
10,107,11.4,31,1891365,31,70,94,61981,0,0,0,0,0,289,3387,-10586,5888,0,0,0,0,0
10,107,11.468,32,1891421,31,70,94,61981,0,0,0,0,0,289,3387,-10586,5888,0,0,0,0,0
10,107,11.512,33,1891477,31,70,94,61981,0,0,0,0,0,289,3387,-10586,5888,0,0,0,0,0
10,107,11.567,34,1891533,31,70,94,61981,0,0,0,0,0,289,3387,-10586,5888,0,0,0,0,0
10,107,11.675,36,1891641,31,70,94,61981,0,0,0,0,0,289,3387,-10586,5888,0,0,0,0,0
10,107,11.731,37,1891697,31,70,94,61981,0,0,0,0,0,289,3387,-10586,5888,0,0,0,0,0
10,107,11.788,38,1891753,31,70,94,61981,0,0,0,0,0,289,3387,-10586,5888,0,0,0,0,0
10,107,11.843,39,1891809,31,70,94,61981,0,0,0,0,0,289,3387,-10586,5888,0,0,0,0,0
10,107,11.901,40,1891865,31,70,94,61981,0,0,0,0,0,289,3387,-10586,5888,0,0,0,0,0
10,107,11.956,41,1891921,31,70,94,61981,0,0,0,0,0,289,3387,-10586,5888,0,0,0,0,0
10,107,12.013,42,1891977,31,70,94,61981,0,0,0,0,0,289,3387,-10586,5888,0,0,0,0,0
10,107,12.069,43,1892033,31,70,94,61981,0,0,0,0,0,289,3387,-10586,5888,0,0,0,0,0
11,-180,-0.016,62,1900235,31,70,94,61981,0,0,0,0,0,289,3387,-10586,5888,0,0,0,0,0
11,-180,0.025,63,1900285,31,70,94,61981,0,0,0,0,0,289,3387,-10586,5888,0,0,0,0,0
11,-180,0.159,65,1900417,31,70,95,61886,0,0,0,-6,-20,292,3392,-10588,5861,1400,-1200,0,0,0
11,-180,0.229,66,1900489,31,70,97,61706,0,0,0,-6,-56,295,3395,-10588,5813,1600,-1400,0,0,0
11,-180,0.302,67,1900561,31,71,100,61424,0,0,0,-6,-82,298,3398,-10588,5738,2000,-1800,0,0,0
11,-180,0.376,68,1900633,31,72,103,60904,0,0,0,36,-128,298,3401,-10555,5633,2300,-2300,0,0,0
11,-180,0.45,69,1900705,31,73,105,60110,0,0,0,112,-154,298,3404,-10477,5500,2800,-2700,0,0,0
11,-180,0.589,71,1900849,31,76,108,57853,0,0,0,144,-220,298,3410,-10233,5144,2800,-2800,0,0,0
11,-180,0.661,72,1900921,31,78,109,56622,0,0,0,144,-217,298,3413,-10100,4950,2700,-2600,0,0,0
11,-180,0.733,73,1900993,31,79,110,55430,0,0,0,154,-181,298,3416,-9961,4772,2700,-2400,0,0,0
11,-180,0.805,74,1901065,31,81,110,54278,0,0,0,148,-190,298,3419,-9830,4597,2600,-2200,0,0,0
11,-180,0.882,75,1901137,31,82,110,53243,0,0,0,148,-164,298,3422,-9702,4450,2600,-2100,0,0,0
11,-180,0.951,76,1901209,31,82,110,52186,0,0,0,148,-164,298,3425,-9566,4305,2700,-2200,0,0,0
11,-180,1.026,77,1901281,31,82,110,51181,0,0,0,148,-138,298,3428,-9438,4166,2600,-2100,0,0,0
11,-180,1.106,78,1901353,31,83,109,50162,0,0,0,138,-154,298,3431,-9308,4025,2700,-2200,0,0,0
11,-180,1.278,80,1901537,31,96,102,49029,0,0,0,0,0,298,3441,-9166,3866,0,0,0,0,0
11,-180,1.351,81,1901609,31,96,102,49029,0,0,0,0,0,298,3444,-9166,3866,0,0,0,0,0
11,-180,1.42,82,1901681,31,96,102,49029,0,0,0,0,0,298,3447,-9166,3866,0,0,0,0,0
11,-180,1.493,83,1901753,31,96,102,49029,0,0,0,0,0,298,3450,-9166,3866,0,0,0,0,0
11,-180,1.564,84,1901825,31,96,102,49029,0,0,0,0,0,298,3453,-9166,3866,0,0,0,0,0
11,-180,1.623,85,1901875,31,96,102,49029,0,0,0,0,0,298,3455,-9166,3866,0,0,0,0,0
11,-180,1.666,86,1901925,31,96,102,49029,0,0,0,0,0,298,3455,-9166,3866,0,0,0,0,0
11,-180,1.721,87,1901981,31,96,102,49029,0,0,0,0,0,298,3455,-9166,3866,0,0,0,0,0
11,-180,1.834,89,1902093,31,96,102,49029,0,0,0,0,0,298,3455,-9166,3866,0,0,0,0,0
11,-180,1.888,90,1902149,31,96,102,49029,0,0,0,0,0,298,3455,-9166,3866,0,0,0,0,0
11,-180,1.944,91,1902205,31,96,102,49029,0,0,0,0,0,298,3455,-9166,3866,0,0,0,0,0
11,-180,2.003,92,1902261,31,96,102,49029,0,0,0,0,0,298,3455,-9166,3866,0,0,0,0,0
11,-180,2.057,93,1902317,31,96,102,49029,0,0,0,0,0,298,3455,-9166,3866,0,0,0,0,0
11,-180,2.112,94,1902373,31,96,102,49029,0,0,0,0,0,298,3455,-9166,3866,0,0,0,0,0
11,-180,2.169,95,1902429,31,96,102,49029,0,0,0,0,0,298,3455,-9166,3866,0,0,0,0,0
11,-180,2.226,96,1902485,31,96,102,49029,0,0,0,0,0,298,3455,-9166,3866,0,0,0,0,0
11,-180,2.29,97,1902541,31,96,102,49029,0,0,0,0,0,298,3455,-9166,3866,0,0,0,0,0
11,-180,2.338,98,1902593,31,96,102,49029,0,0,0,0,0,298,3455,-9166,3866,0,0,0,0,0
11,-180,2.446,100,1902705,31,96,102,49029,0,0,0,0,0,298,3455,-9166,3866,0,0,0,0,0
11,-180,2.509,101,1902761,31,96,102,49029,0,0,0,0,0,298,3455,-9166,3866,0,0,0,0,0
11,-180,2.556,102,1902817,31,96,102,49029,0,0,0,0,0,298,3455,-9166,3866,0,0,0,0,0
11,-180,2.616,103,1902873,31,96,102,49029,0,0,0,0,0,298,3455,-9166,3866,0,0,0,0,0
11,-180,2.668,104,1902929,31,96,102,49029,0,0,0,0,0,298,3455,-9166,3866,0,0,0,0,0
11,-180,2.725,105,1902985,31,96,102,49029,0,0,0,0,0,298,3455,-9166,3866,0,0,0,0,0
11,-180,2.789,106,1903041,31,96,102,49029,0,0,0,0,0,298,3455,-9166,3866,0,0,0,0,0
11,-180,2.839,107,1903097,31,96,102,49029,0,0,0,0,0,298,3455,-9166,3866,0,0,0,0,0
11,-180,2.893,108,1903153,31,96,102,49029,0,0,0,0,0,298,3455,-9166,3866,0,0,0,0,0
11,-180,2.948,109,1903209,31,96,102,49029,0,0,0,0,0,298,3455,-9166,3866,0,0,0,0,0
11,-180,3.061,111,1903321,31,96,102,49029,0,0,0,0,0,298,3455,-9166,3866,0,0,0,0,0
11,-180,3.117,112,1903377,31,96,102,49029,0,0,0,0,0,298,3455,-9166,3866,0,0,0,0,0
11,-180,3.173,113,1903433,31,96,102,49029,0,0,0,0,0,298,3455,-9166,3866,0,0,0,0,0
11,-180,3.228,114,1903489,31,96,102,49029,0,0,0,0,0,298,3455,-9166,3866,0,0,0,0,0
11,-180,3.295,115,1903545,31,96,102,49029,0,0,0,0,0,298,3455,-9166,3866,0,0,0,0,0
11,-180,3.352,116,1903601,31,96,102,49029,0,0,0,0,0,298,3455,-9166,3866,0,0,0,0,0
11,-180,3.393,117,1903653,31,96,102,49029,0,0,0,0,0,298,3455,-9166,3866,0,0,0,0,0
11,-180,3.45,118,1903709,31,96,102,49029,0,0,0,0,0,298,3455,-9166,3866,0,0,0,0,0
11,-180,3.561,120,1903821,31,96,102,49029,0,0,0,0,0,298,3455,-9166,3866,0,0,0,0,0
11,-180,3.673,122,1903933,31,96,102,49029,0,0,0,0,0,298,3455,-9166,3866,0,0,0,0,0
11,-180,3.73,123,1903989,31,96,102,49029,0,0,0,0,0,298,3455,-9166,3866,0,0,0,0,0
11,-180,3.791,124,1904045,31,96,102,49029,0,0,0,0,0,298,3455,-9166,3866,0,0,0,0,0
11,-180,3.84,125,1904101,31,96,102,49029,0,0,0,0,0,298,3455,-9166,3866,0,0,0,0,0
11,-180,3.897,126,1904157,31,96,102,49029,0,0,0,0,0,298,3455,-9166,3866,0,0,0,0,0
11,-180,3.955,127,1904213,31,96,102,49029,0,0,0,0,0,298,3455,-9166,3866,0,0,0,0,0
11,-180,4.009,0,1904269,31,96,102,49029,0,0,0,0,0,298,3455,-9166,3866,0,0,0,0,0
11,-180,4.065,1,1904325,31,96,102,49029,0,0,0,0,0,298,3455,-9166,3866,0,0,0,0,0
11,-180,4.121,2,1904381,31,96,102,49029,0,0,0,0,0,298,3455,-9166,3866,0,0,0,0,0
11,-180,4.176,3,1904437,31,96,102,49029,0,0,0,0,0,298,3455,-9166,3866,0,0,0,0,0
11,-180,4.289,5,1904549,31,96,102,49029,0,0,0,0,0,298,3455,-9166,3866,0,0,0,0,0
11,-180,4.347,6,1904605,31,96,102,49029,0,0,0,0,0,298,3455,-9166,3866,0,0,0,0,0
11,-180,4.408,7,1904661,31,96,102,49029,0,0,0,0,0,298,3455,-9166,3866,0,0,0,0,0
11,-180,4.454,8,1904713,31,96,102,49029,0,0,0,0,0,298,3455,-9166,3866,0,0,0,0,0
11,-180,4.508,9,1904769,31,96,102,49029,0,0,0,0,0,298,3455,-9166,3866,0,0,0,0,0
11,-180,4.565,10,1904825,31,96,102,49029,0,0,0,0,0,298,3455,-9166,3866,0,0,0,0,0
11,-180,4.62,11,1904881,31,96,102,49029,0,0,0,0,0,298,3455,-9166,3866,0,0,0,0,0
11,-180,4.676,12,1904937,31,96,102,49029,0,0,0,0,0,298,3455,-9166,3866,0,0,0,0,0
11,-180,4.788,14,1905049,31,96,102,49029,0,0,0,0,0,298,3455,-9166,3866,0,0,0,0,0
11,-180,4.849,15,1905105,31,96,102,49029,0,0,0,0,0,298,3455,-9166,3866,0,0,0,0,0
11,-180,4.956,17,1905217,31,96,102,49029,0,0,0,0,0,298,3455,-9166,3866,0,0,0,0,0
11,-180,5.018,18,1905273,31,96,102,49029,0,0,0,0,0,298,3455,-9166,3866,0,0,0,0,0
11,-180,5.068,19,1905329,31,96,102,49029,0,0,0,0,0,298,3455,-9166,3866,0,0,0,0,0
11,-180,5.182,21,1905441,31,96,102,49029,0,0,0,0,0,298,3455,-9166,3866,0,0,0,0,0
11,-180,5.236,22,1905497,31,96,102,49029,0,0,0,0,0,298,3455,-9166,3866,0,0,0,0,0
11,-180,5.293,23,1905553,31,96,102,49029,0,0,0,0,0,298,3455,-9166,3866,0,0,0,0,0
11,-180,5.351,24,1905609,31,96,102,49029,0,0,0,0,0,298,3455,-9166,3866,0,0,0,0,0
11,-180,5.405,25,1905665,31,96,102,49029,0,0,0,0,0,298,3455,-9166,3866,0,0,0,0,0
11,-180,5.568,28,1905829,31,96,102,49029,0,0,0,0,0,298,3455,-9166,3866,0,0,0,0,0
11,-180,5.624,29,1905885,31,96,102,49029,0,0,0,0,0,298,3455,-9166,3866,0,0,0,0,0
11,-180,5.681,30,1905941,31,96,102,49029,0,0,0,0,0,298,3455,-9166,3866,0,0,0,0,0
11,-180,5.735,31,1905997,31,96,102,49029,0,0,0,0,0,298,3455,-9166,3866,0,0,0,0,0
11,-180,5.793,32,1906053,31,96,102,49029,0,0,0,0,0,298,3455,-9166,3866,0,0,0,0,0
11,-180,5.849,33,1906109,31,96,102,49029,0,0,0,0,0,298,3455,-9166,3866,0,0,0,0,0
11,-180,5.904,34,1906165,31,96,102,49029,0,0,0,0,0,298,3455,-9166,3866,0,0,0,0,0
11,-180,5.96,35,1906221,31,96,102,49029,0,0,0,0,0,298,3455,-9166,3866,0,0,0,0,0
11,-180,6.016,36,1906277,31,96,102,49029,0,0,0,0,0,298,3455,-9166,3866,0,0,0,0,0
11,-180,6.072,37,1906333,31,96,102,49029,0,0,0,0,0,298,3455,-9166,3866,0,0,0,0,0
11,-180,6.241,40,1906501,31,96,102,49029,0,0,0,0,0,298,3455,-9166,3866,0,0,0,0,0
11,-180,6.298,41,1906557,31,96,102,49029,0,0,0,0,0,298,3455,-9166,3866,0,0,0,0,0
11,-180,6.355,42,1906613,31,96,102,49029,0,0,0,0,0,298,3455,-9166,3866,0,0,0,0,0
11,-180,6.465,44,1906725,31,96,102,49029,0,0,0,0,0,298,3455,-9166,3866,0,0,0,0,0
11,-180,6.523,45,1906781,31,96,102,49029,0,0,0,0,0,298,3455,-9166,3866,0,0,0,0,0
11,-180,6.572,46,1906833,31,96,102,49029,0,0,0,0,0,298,3455,-9166,3866,0,0,0,0,0
11,-180,6.63,47,1906889,31,96,102,49029,0,0,0,0,0,298,3455,-9166,3866,0,0,0,0,0
11,-180,6.685,48,1906945,31,96,102,49029,0,0,0,0,0,298,3455,-9166,3866,0,0,0,0,0
11,-180,6.796,50,1907057,31,96,102,49029,0,0,0,0,0,298,3455,-9166,3866,0,0,0,0,0
11,-180,6.857,51,1907113,31,96,102,49029,0,0,0,0,0,298,3455,-9166,3866,0,0,0,0,0
11,-180,6.908,52,1907169,31,96,102,49029,0,0,0,0,0,298,3455,-9166,3866,0,0,0,0,0
11,-180,6.965,53,1907225,31,96,102,49029,0,0,0,0,0,298,3455,-9166,3866,0,0,0,0,0
11,-180,7.076,55,1907337,31,96,102,49029,0,0,0,0,0,298,3455,-9166,3866,0,0,0,0,0
11,-180,7.132,56,1907393,31,96,102,49029,0,0,0,0,0,298,3455,-9166,3866,0,0,0,0,0
11,-180,7.188,57,1907449,31,96,102,49029,0,0,0,0,0,298,3455,-9166,3866,0,0,0,0,0
11,-180,7.248,58,1907505,31,96,102,49029,0,0,0,0,0,298,3455,-9166,3866,0,0,0,0,0
11,-180,7.3,59,1907561,31,96,102,49029,0,0,0,0,0,298,3455,-9166,3866,0,0,0,0,0
11,-180,7.414,61,1907673,31,96,102,49029,0,0,0,0,0,298,3455,-9166,3866,0,0,0,0,0
11,-180,7.472,62,1907729,31,96,102,49029,0,0,0,0,0,298,3455,-9166,3866,0,0,0,0,0
11,-180,7.53,63,1907785,31,96,102,49029,0,0,0,0,0,298,3455,-9166,3866,0,0,0,0,0
11,-180,7.595,64,1907841,31,96,102,49029,0,0,0,0,0,298,3455,-9166,3866,0,0,0,0,0
11,-180,7.632,65,1907893,31,96,102,49029,0,0,0,0,0,298,3455,-9166,3866,0,0,0,0,0
11,-180,7.744,67,1908005,31,96,102,49029,0,0,0,0,0,298,3455,-9166,3866,0,0,0,0,0
11,-180,7.8,68,1908061,31,96,102,49029,0,0,0,0,0,298,3455,-9166,3866,0,0,0,0,0
11,-180,7.856,69,1908117,31,96,102,49029,0,0,0,0,0,298,3455,-9166,3866,0,0,0,0,0
11,-180,7.912,70,1908173,31,96,102,49029,0,0,0,0,0,298,3455,-9166,3866,0,0,0,0,0
11,-180,8.034,72,1908285,31,96,102,49029,0,0,0,0,0,298,3455,-9166,3866,0,0,0,0,0
11,-180,8.08,73,1908341,31,96,102,49029,0,0,0,0,0,298,3455,-9166,3866,0,0,0,0,0
11,-180,8.136,74,1908397,31,96,102,49029,0,0,0,0,0,298,3455,-9166,3866,0,0,0,0,0
11,-180,8.193,75,1908453,31,96,102,49029,0,0,0,0,0,298,3455,-9166,3866,0,0,0,0,0
11,-180,8.248,76,1908509,31,96,102,49029,0,0,0,0,0,298,3455,-9166,3866,0,0,0,0,0
11,-180,8.305,77,1908565,31,96,102,49029,0,0,0,0,0,298,3455,-9166,3866,0,0,0,0,0
11,-180,8.361,78,1908621,31,96,102,49029,0,0,0,0,0,298,3455,-9166,3866,0,0,0,0,0
11,-180,8.419,79,1908677,31,96,102,49029,0,0,0,0,0,298,3455,-9166,3866,0,0,0,0,0
11,-180,8.473,80,1908733,31,96,102,49029,0,0,0,0,0,298,3455,-9166,3866,0,0,0,0,0
11,-180,8.529,81,1908789,31,96,102,49029,0,0,0,0,0,298,3455,-9166,3866,0,0,0,0,0
11,-180,8.649,83,1908901,31,96,102,49029,0,0,0,0,0,298,3455,-9166,3866,0,0,0,0,0
11,-180,8.748,85,1909009,31,96,102,49029,0,0,0,0,0,298,3455,-9166,3866,0,0,0,0,0
11,-180,8.805,86,1909065,31,96,102,49029,0,0,0,0,0,298,3455,-9166,3866,0,0,0,0,0
11,-180,8.861,87,1909121,31,96,102,49029,0,0,0,0,0,298,3455,-9166,3866,0,0,0,0,0
11,-180,8.917,88,1909177,31,96,102,49029,0,0,0,0,0,298,3455,-9166,3866,0,0,0,0,0
11,-180,8.972,89,1909233,31,96,102,49029,0,0,0,0,0,298,3455,-9166,3866,0,0,0,0,0
11,-180,9.029,90,1909289,31,96,102,49029,0,0,0,0,0,298,3455,-9166,3866,0,0,0,0,0
11,-180,9.087,91,1909345,31,96,102,49029,0,0,0,0,0,298,3455,-9166,3866,0,0,0,0,0
11,-180,9.14,92,1909401,31,96,102,49029,0,0,0,0,0,298,3455,-9166,3866,0,0,0,0,0
11,-180,9.197,93,1909457,31,96,102,49029,0,0,0,0,0,298,3455,-9166,3866,0,0,0,0,0
11,-180,9.254,94,1909513,31,96,102,49029,0,0,0,0,0,298,3455,-9166,3866,0,0,0,0,0
11,-180,9.314,95,1909569,31,96,102,49029,0,0,0,0,0,298,3455,-9166,3866,0,0,0,0,0
11,-180,9.364,96,1909625,31,96,102,49029,0,0,0,0,0,298,3455,-9166,3866,0,0,0,0,0
11,-180,9.421,97,1909681,31,96,102,49029,0,0,0,0,0,298,3455,-9166,3866,0,0,0,0,0
11,-180,9.485,98,1909737,31,96,102,49029,0,0,0,0,0,298,3455,-9166,3866,0,0,0,0,0
11,-180,9.533,99,1909793,31,96,102,49029,0,0,0,0,0,298,3455,-9166,3866,0,0,0,0,0
11,-180,9.589,100,1909849,31,96,102,49029,0,0,0,0,0,298,3455,-9166,3866,0,0,0,0,0
11,-180,9.65,101,1909905,31,96,102,49029,0,0,0,0,0,298,3455,-9166,3866,0,0,0,0,0
11,-180,9.723,102,1909961,31,96,102,49029,0,0,0,0,0,298,3455,-9166,3866,0,0,0,0,0
11,-180,9.752,103,1910013,31,96,102,49029,0,0,0,0,0,298,3455,-9166,3866,0,0,0,0,0
11,-180,9.81,104,1910069,31,96,102,49029,0,0,0,0,0,298,3455,-9166,3866,0,0,0,0,0
11,-180,9.922,106,1910181,31,96,102,49029,0,0,0,0,0,298,3455,-9166,3866,0,0,0,0,0
11,-180,9.977,107,1910237,31,96,102,49029,0,0,0,0,0,298,3455,-9166,3866,0,0,0,0,0
11,-180,10.032,108,1910293,31,96,102,49029,0,0,0,0,0,298,3455,-9166,3866,0,0,0,0,0
11,-180,10.09,109,1910349,31,96,102,49029,0,0,0,0,0,298,3455,-9166,3866,0,0,0,0,0
11,-180,10.144,110,1910405,31,96,102,49029,0,0,0,0,0,298,3455,-9166,3866,0,0,0,0,0
11,-180,10.201,111,1910461,31,96,102,49029,0,0,0,0,0,298,3455,-9166,3866,0,0,0,0,0
11,-180,10.257,112,1910517,31,96,102,49029,0,0,0,0,0,298,3455,-9166,3866,0,0,0,0,0
11,-180,10.314,113,1910573,31,96,102,49029,0,0,0,0,0,298,3455,-9166,3866,0,0,0,0,0
11,-180,10.369,114,1910629,31,96,102,49029,0,0,0,0,0,298,3455,-9166,3866,0,0,0,0,0
11,-180,10.425,115,1910685,31,96,102,49029,0,0,0,0,0,298,3455,-9166,3866,0,0,0,0,0
11,-180,10.54,117,1910797,31,96,102,49029,0,0,0,0,0,298,3455,-9166,3866,0,0,0,0,0
11,-180,10.592,118,1910853,31,96,102,49029,0,0,0,0,0,298,3455,-9166,3866,0,0,0,0,0
11,-180,10.648,119,1910909,31,96,102,49029,0,0,0,0,0,298,3455,-9166,3866,0,0,0,0,0
11,-180,10.704,120,1910965,31,96,102,49029,0,0,0,0,0,298,3455,-9166,3866,0,0,0,0,0
11,-180,10.769,121,1911021,31,96,102,49029,0,0,0,0,0,298,3455,-9166,3866,0,0,0,0,0
11,-180,10.812,122,1911073,31,96,102,49029,0,0,0,0,0,298,3455,-9166,3866,0,0,0,0,0
11,-180,10.869,123,1911129,31,96,102,49029,0,0,0,0,0,298,3455,-9166,3866,0,0,0,0,0
11,-180,10.924,124,1911185,31,96,102,49029,0,0,0,0,0,298,3455,-9166,3866,0,0,0,0,0
11,-180,10.982,125,1911241,31,96,102,49029,0,0,0,0,0,298,3455,-9166,3866,0,0,0,0,0
11,-180,11.039,126,1911297,31,96,102,49029,0,0,0,0,0,298,3455,-9166,3866,0,0,0,0,0
11,-180,11.15,0,1911409,31,96,102,49029,0,0,0,0,0,298,3455,-9166,3866,0,0,0,0,0
11,-180,11.205,1,1911465,31,96,102,49029,0,0,0,0,0,298,3455,-9166,3866,0,0,0,0,0
11,-180,11.263,2,1911521,31,96,102,49029,0,0,0,0,0,298,3455,-9166,3866,0,0,0,0,0
11,-180,11.317,3,1911577,31,96,102,49029,0,0,0,0,0,298,3455,-9166,3866,0,0,0,0,0
12,180,-0.034,88,1923461,31,96,102,49029,0,0,0,0,0,298,3455,-9166,3866,0,0,0,0,0
12,180,0.023,89,1923517,31,96,102,49029,0,0,0,0,0,298,3455,-9166,3866,0,0,0,0,0
12,180,0.096,90,1923579,31,96,102,49074,0,0,0,-17,17,298,3457,-9172,3872,-1000,900,0,0,0
12,180,0.156,91,1923649,31,96,102,49134,0,0,0,-17,14,301,3460,-9172,3888,-1300,1200,0,0,0
12,180,0.231,92,1923721,31,95,103,49281,0,0,0,-17,53,304,3463,-9172,3927,-1600,1400,0,0,0
12,180,0.372,94,1923865,71,90,107,49846,0,0,0,-17,124,310,3469,-9172,4077,-2300,2400,0,0,0
12,180,0.446,95,1923937,31,88,110,50504,0,0,0,-72,148,311,3472,-9213,4211,-2800,2800,0,0,0
12,180,0.528,96,1924009,31,86,111,51497,0,0,0,-144,174,311,3475,-9316,4372,-3000,3000,0,0,0
12,180,0.597,97,1924081,31,84,111,52750,0,0,0,-164,190,311,3478,-9466,4555,-2900,2900,0,0,0
12,180,0.721,99,1924203,31,82,111,54925,0,0,0,-164,200,311,3483,-9727,4872,-2800,2700,0,0,0
12,180,0.781,100,1924273,31,81,111,56224,0,0,0,-172,219,311,3486,-9883,5061,-2700,2700,0,0,0
12,180,0.852,101,1924345,31,80,110,57518,0,0,0,-181,220,311,3489,-10038,5250,-2600,2500,0,0,0
12,180,0.924,102,1924417,31,79,110,58707,0,0,0,-164,180,311,3492,-10188,5416,-2600,2200,0,0,0
12,180,1.07,104,1924561,31,80,110,60998,0,0,0,-154,144,311,3498,-10497,5716,-2500,2000,0,0,0
12,180,1.14,105,1924633,31,80,111,62086,0,0,0,-164,154,311,3501,-10650,5852,-2500,2100,0,0,0
12,180,1.212,106,1924705,31,80,112,63192,0,0,0,-174,164,311,3504,-10808,5988,-2500,2100,0,0,0
12,180,1.356,108,1924849,31,79,113,65318,0,0,0,-164,148,311,3510,-11111,6250,-2500,2000,0,0,0
12,180,1.596,110,1925090,31,77,116,67583,0,0,0,0,0,311,3523,-11458,6505,0,0,0,0,0
12,180,1.647,111,1925141,31,77,116,67583,0,0,0,0,0,311,3525,-11458,6505,0,0,0,0,0
12,180,1.728,112,1925213,31,77,116,67583,0,0,0,0,0,311,3528,-11458,6505,0,0,0,0,0
12,180,1.791,113,1925285,31,77,116,67583,0,0,0,0,0,311,3531,-11458,6505,0,0,0,0,0
12,180,1.863,114,1925357,31,77,116,67583,0,0,0,0,0,311,3534,-11458,6505,0,0,0,0,0
12,180,2.008,116,1925501,31,77,116,67583,0,0,0,0,0,311,3540,-11458,6505,0,0,0,0,0
12,180,2.084,117,1925573,31,77,116,67583,0,0,0,0,0,311,3543,-11458,6505,0,0,0,0,0
12,180,2.151,118,1925645,31,77,116,67583,0,0,0,0,0,311,3546,-11458,6505,0,0,0,0,0
12,180,2.225,119,1925717,31,77,116,67583,0,0,0,0,0,311,3549,-11458,6505,0,0,0,0,0
12,180,2.295,120,1925789,31,77,116,67583,0,0,0,0,0,311,3552,-11458,6505,0,0,0,0,0
12,180,2.368,121,1925861,31,77,116,67583,0,0,0,0,0,311,3555,-11458,6505,0,0,0,0,0
12,180,2.442,122,1925933,31,77,116,67583,0,0,0,0,0,311,3558,-11458,6505,0,0,0,0,0
12,180,2.511,123,1926005,31,77,116,67583,0,0,0,0,0,311,3561,-11458,6505,0,0,0,0,0
12,180,2.569,124,1926061,31,77,116,67583,0,0,0,0,0,311,3562,-11458,6505,0,0,0,0,0
12,180,2.679,126,1926173,31,77,116,67583,0,0,0,0,0,311,3562,-11458,6505,0,0,0,0,0
12,180,2.735,127,1926229,31,77,116,67583,0,0,0,0,0,311,3562,-11458,6505,0,0,0,0,0
12,180,2.85,1,1926341,31,77,116,67583,0,0,0,0,0,311,3562,-11458,6505,0,0,0,0,0
12,180,2.902,2,1926397,31,77,116,67583,0,0,0,0,0,311,3562,-11458,6505,0,0,0,0,0
12,180,2.968,3,1926453,31,77,116,67583,0,0,0,0,0,311,3562,-11458,6505,0,0,0,0,0
12,180,3.01,4,1926505,31,77,116,67583,0,0,0,0,0,311,3562,-11458,6505,0,0,0,0,0
12,180,3.179,7,1926673,31,77,116,67583,0,0,0,0,0,311,3562,-11458,6505,0,0,0,0,0
12,180,3.235,8,1926729,31,77,116,67583,0,0,0,0,0,311,3562,-11458,6505,0,0,0,0,0
12,180,3.347,10,1926841,31,77,116,67583,0,0,0,0,0,311,3562,-11458,6505,0,0,0,0,0
12,180,3.408,11,1926897,31,77,116,67583,0,0,0,0,0,311,3562,-11458,6505,0,0,0,0,0
12,180,3.515,13,1927009,31,77,116,67583,0,0,0,0,0,311,3562,-11458,6505,0,0,0,0,0
12,180,3.57,14,1927065,31,77,116,67583,0,0,0,0,0,311,3562,-11458,6505,0,0,0,0,0
12,180,3.629,15,1927121,31,77,116,67583,0,0,0,0,0,311,3562,-11458,6505,0,0,0,0,0
12,180,3.739,17,1927233,31,77,116,67583,0,0,0,0,0,311,3562,-11458,6505,0,0,0,0,0
12,180,3.797,18,1927289,31,77,116,67583,0,0,0,0,0,311,3562,-11458,6505,0,0,0,0,0
12,180,3.85,19,1927345,31,77,116,67583,0,0,0,0,0,311,3562,-11458,6505,0,0,0,0,0
12,180,3.907,20,1927401,31,77,116,67583,0,0,0,0,0,311,3562,-11458,6505,0,0,0,0,0
12,180,3.972,21,1927457,31,77,116,67583,0,0,0,0,0,311,3562,-11458,6505,0,0,0,0,0
12,180,4.027,22,1927513,31,77,116,67583,0,0,0,0,0,311,3562,-11458,6505,0,0,0,0,0
12,180,4.071,23,1927565,31,77,116,67583,0,0,0,0,0,311,3562,-11458,6505,0,0,0,0,0
12,180,4.132,24,1927621,31,77,116,67583,0,0,0,0,0,311,3562,-11458,6505,0,0,0,0,0
12,180,4.185,25,1927677,31,77,116,67583,0,0,0,0,0,311,3562,-11458,6505,0,0,0,0,0
12,180,4.239,26,1927733,31,77,116,67583,0,0,0,0,0,311,3562,-11458,6505,0,0,0,0,0
12,180,4.357,28,1927845,31,77,116,67583,0,0,0,0,0,311,3562,-11458,6505,0,0,0,0,0
12,180,4.406,29,1927901,31,77,116,67583,0,0,0,0,0,311,3562,-11458,6505,0,0,0,0,0
12,180,4.575,32,1928069,31,77,116,67583,0,0,0,0,0,311,3562,-11458,6505,0,0,0,0,0
12,180,4.631,33,1928125,31,77,116,67583,0,0,0,0,0,311,3562,-11458,6505,0,0,0,0,0
12,180,4.687,34,1928181,31,77,116,67583,0,0,0,0,0,311,3562,-11458,6505,0,0,0,0,0
12,180,4.742,35,1928237,31,77,116,67583,0,0,0,0,0,311,3562,-11458,6505,0,0,0,0,0
12,180,4.799,36,1928293,31,77,116,67583,0,0,0,0,0,311,3562,-11458,6505,0,0,0,0,0
12,180,4.855,37,1928349,31,77,116,67583,0,0,0,0,0,311,3562,-11458,6505,0,0,0,0,0
12,180,4.967,39,1928461,31,77,116,67583,0,0,0,0,0,311,3562,-11458,6505,0,0,0,0,0
12,180,5.022,40,1928517,31,77,116,67583,0,0,0,0,0,311,3562,-11458,6505,0,0,0,0,0
12,180,5.087,41,1928573,31,77,116,67583,0,0,0,0,0,311,3562,-11458,6505,0,0,0,0,0
12,180,5.131,42,1928625,31,77,116,67583,0,0,0,0,0,311,3562,-11458,6505,0,0,0,0,0
12,180,5.186,43,1928681,31,77,116,67583,0,0,0,0,0,311,3562,-11458,6505,0,0,0,0,0
12,180,5.242,44,1928737,31,77,116,67583,0,0,0,0,0,311,3562,-11458,6505,0,0,0,0,0
12,180,5.307,45,1928793,31,77,116,67583,0,0,0,0,0,311,3562,-11458,6505,0,0,0,0,0
12,180,5.361,46,1928849,31,77,116,67583,0,0,0,0,0,311,3562,-11458,6505,0,0,0,0,0
12,180,5.416,47,1928905,31,77,116,67583,0,0,0,0,0,311,3562,-11458,6505,0,0,0,0,0
12,180,5.47,48,1928961,31,77,116,67583,0,0,0,0,0,311,3562,-11458,6505,0,0,0,0,0
12,180,5.583,50,1929073,31,77,116,67583,0,0,0,0,0,311,3562,-11458,6505,0,0,0,0,0
12,180,5.635,51,1929129,31,77,116,67583,0,0,0,0,0,311,3562,-11458,6505,0,0,0,0,0
12,180,5.693,52,1929185,31,77,116,67583,0,0,0,0,0,311,3562,-11458,6505,0,0,0,0,0
12,180,5.747,53,1929241,31,77,116,67583,0,0,0,0,0,311,3562,-11458,6505,0,0,0,0,0
12,180,5.803,54,1929297,31,77,116,67583,0,0,0,0,0,311,3562,-11458,6505,0,0,0,0,0
12,180,5.858,55,1929353,31,77,116,67583,0,0,0,0,0,311,3562,-11458,6505,0,0,0,0,0
12,180,5.915,56,1929409,31,77,116,67583,0,0,0,0,0,311,3562,-11458,6505,0,0,0,0,0
12,180,5.97,57,1929465,31,77,116,67583,0,0,0,0,0,311,3562,-11458,6505,0,0,0,0,0
12,180,6.027,58,1929521,31,77,116,67583,0,0,0,0,0,311,3562,-11458,6505,0,0,0,0,0
12,180,6.082,59,1929577,31,77,116,67583,0,0,0,0,0,311,3562,-11458,6505,0,0,0,0,0
12,180,6.252,62,1929741,31,77,116,67583,0,0,0,0,0,311,3562,-11458,6505,0,0,0,0,0
12,180,6.304,63,1929797,31,77,116,67583,0,0,0,0,0,311,3562,-11458,6505,0,0,0,0,0
12,180,6.36,64,1929853,31,77,116,67583,0,0,0,0,0,311,3562,-11458,6505,0,0,0,0,0
12,180,6.415,65,1929909,31,77,116,67583,0,0,0,0,0,311,3562,-11458,6505,0,0,0,0,0
12,180,6.474,66,1929965,31,77,116,67583,0,0,0,0,0,311,3562,-11458,6505,0,0,0,0,0
12,180,6.536,67,1930021,31,77,116,67583,0,0,0,0,0,311,3562,-11458,6505,0,0,0,0,0
12,180,6.582,68,1930077,31,77,116,67583,0,0,0,0,0,311,3562,-11458,6505,0,0,0,0,0
12,180,6.639,69,1930133,31,77,116,67583,0,0,0,0,0,311,3562,-11458,6505,0,0,0,0,0
12,180,6.7,70,1930189,31,77,116,67583,0,0,0,0,0,311,3562,-11458,6505,0,0,0,0,0
12,180,6.758,71,1930245,31,77,116,67583,0,0,0,0,0,311,3562,-11458,6505,0,0,0,0,0
12,180,6.808,72,1930301,31,77,116,67583,0,0,0,0,0,311,3562,-11458,6505,0,0,0,0,0
12,180,6.864,73,1930357,31,77,116,67583,0,0,0,0,0,311,3562,-11458,6505,0,0,0,0,0
12,180,6.918,74,1930413,31,77,116,67583,0,0,0,0,0,311,3562,-11458,6505,0,0,0,0,0
12,180,6.985,75,1930469,31,77,116,67583,0,0,0,0,0,311,3562,-11458,6505,0,0,0,0,0
12,180,7.15,78,1930637,31,77,116,67583,0,0,0,0,0,311,3562,-11458,6505,0,0,0,0,0
12,180,7.207,79,1930693,31,77,116,67583,0,0,0,0,0,311,3562,-11458,6505,0,0,0,0,0
12,180,7.251,80,1930745,31,77,116,67583,0,0,0,0,0,311,3562,-11458,6505,0,0,0,0,0
12,180,7.306,81,1930801,31,77,116,67583,0,0,0,0,0,311,3562,-11458,6505,0,0,0,0,0
12,180,7.372,82,1930857,31,77,116,67583,0,0,0,0,0,311,3562,-11458,6505,0,0,0,0,0
12,180,7.419,83,1930913,31,77,116,67583,0,0,0,0,0,311,3562,-11458,6505,0,0,0,0,0
12,180,7.475,84,1930969,31,77,116,67583,0,0,0,0,0,311,3562,-11458,6505,0,0,0,0,0
12,180,7.538,85,1931025,31,77,116,67583,0,0,0,0,0,311,3562,-11458,6505,0,0,0,0,0
12,180,7.589,86,1931081,31,77,116,67583,0,0,0,0,0,311,3562,-11458,6505,0,0,0,0,0
12,180,7.644,87,1931137,31,77,116,67583,0,0,0,0,0,311,3562,-11458,6505,0,0,0,0,0
12,180,7.701,88,1931193,31,77,116,67583,0,0,0,0,0,311,3562,-11458,6505,0,0,0,0,0
12,180,7.811,90,1931305,31,77,116,67583,0,0,0,0,0,311,3562,-11458,6505,0,0,0,0,0
12,180,7.866,91,1931361,31,77,116,67583,0,0,0,0,0,311,3562,-11458,6505,0,0,0,0,0
12,180,7.923,92,1931417,31,77,116,67583,0,0,0,0,0,311,3562,-11458,6505,0,0,0,0,0
12,180,7.979,93,1931473,31,77,116,67583,0,0,0,0,0,311,3562,-11458,6505,0,0,0,0,0
12,180,8.092,95,1931585,31,77,116,67583,0,0,0,0,0,311,3562,-11458,6505,0,0,0,0,0
12,180,8.147,96,1931641,31,77,116,67583,0,0,0,0,0,311,3562,-11458,6505,0,0,0,0,0
12,180,8.205,97,1931697,31,77,116,67583,0,0,0,0,0,311,3562,-11458,6505,0,0,0,0,0
12,180,8.267,98,1931753,31,77,116,67583,0,0,0,0,0,311,3562,-11458,6505,0,0,0,0,0
12,180,8.311,99,1931805,31,77,116,67583,0,0,0,0,0,311,3562,-11458,6505,0,0,0,0,0
12,180,8.367,100,1931861,31,77,116,67583,0,0,0,0,0,311,3562,-11458,6505,0,0,0,0,0
12,180,8.424,101,1931917,31,77,116,67583,0,0,0,0,0,311,3562,-11458,6505,0,0,0,0,0
12,180,8.48,102,1931973,31,77,116,67583,0,0,0,0,0,311,3562,-11458,6505,0,0,0,0,0
12,180,8.535,103,1932029,31,77,116,67583,0,0,0,0,0,311,3562,-11458,6505,0,0,0,0,0
12,180,8.591,104,1932085,31,77,116,67583,0,0,0,0,0,311,3562,-11458,6505,0,0,0,0,0
12,180,8.759,107,1932253,31,77,116,67583,0,0,0,0,0,311,3562,-11458,6505,0,0,0,0,0
12,180,8.816,108,1932309,31,77,116,67583,0,0,0,0,0,311,3562,-11458,6505,0,0,0,0,0
12,180,8.872,109,1932365,31,77,116,67583,0,0,0,0,0,311,3562,-11458,6505,0,0,0,0,0
12,180,8.928,110,1932421,31,77,116,67583,0,0,0,0,0,311,3562,-11458,6505,0,0,0,0,0
12,180,8.983,111,1932477,31,77,116,67583,0,0,0,0,0,311,3562,-11458,6505,0,0,0,0,0
12,180,9.042,112,1932533,31,77,116,67583,0,0,0,0,0,311,3562,-11458,6505,0,0,0,0,0
12,180,9.095,113,1932589,31,77,116,67583,0,0,0,0,0,311,3562,-11458,6505,0,0,0,0,0
12,180,9.15,114,1932645,31,77,116,67583,0,0,0,0,0,311,3562,-11458,6505,0,0,0,0,0
12,180,9.206,115,1932701,31,77,116,67583,0,0,0,0,0,311,3562,-11458,6505,0,0,0,0,0
12,180,9.34,117,1932813,31,77,116,67583,0,0,0,0,0,311,3562,-11458,6505,0,0,0,0,0
12,180,9.371,118,1932865,31,77,116,67583,0,0,0,0,0,311,3562,-11458,6505,0,0,0,0,0
12,180,9.429,119,1932921,31,77,116,67583,0,0,0,0,0,311,3562,-11458,6505,0,0,0,0,0
12,180,9.483,120,1932977,31,77,116,67583,0,0,0,0,0,311,3562,-11458,6505,0,0,0,0,0
12,180,9.54,121,1933033,31,77,116,67583,0,0,0,0,0,311,3562,-11458,6505,0,0,0,0,0
12,180,9.595,122,1933089,31,77,116,67583,0,0,0,0,0,311,3562,-11458,6505,0,0,0,0,0
12,180,9.651,123,1933145,31,77,116,67583,0,0,0,0,0,311,3562,-11458,6505,0,0,0,0,0
12,180,9.707,124,1933201,31,77,116,67583,0,0,0,0,0,311,3562,-11458,6505,0,0,0,0,0
12,180,9.764,125,1933257,31,77,116,67583,0,0,0,0,0,311,3562,-11458,6505,0,0,0,0,0
12,180,9.818,126,1933313,31,77,116,67583,0,0,0,0,0,311,3562,-11458,6505,0,0,0,0,0
12,180,9.933,0,1933425,31,77,116,67583,0,0,0,0,0,311,3562,-11458,6505,0,0,0,0,0
12,180,9.987,1,1933481,31,77,116,67583,0,0,0,0,0,311,3562,-11458,6505,0,0,0,0,0
12,180,10.051,2,1933537,31,77,116,67583,0,0,0,0,0,311,3562,-11458,6505,0,0,0,0,0
12,180,10.099,3,1933593,31,77,116,67583,0,0,0,0,0,311,3562,-11458,6505,0,0,0,0,0
12,180,10.154,4,1933649,31,77,116,67583,0,0,0,0,0,311,3562,-11458,6505,0,0,0,0,0
12,180,10.266,6,1933761,31,77,116,67583,0,0,0,0,0,311,3562,-11458,6505,0,0,0,0,0
12,180,10.322,7,1933817,31,77,116,67583,0,0,0,0,0,311,3562,-11458,6505,0,0,0,0,0
12,180,10.388,8,1933873,31,77,116,67583,0,0,0,0,0,311,3562,-11458,6505,0,0,0,0,0
12,180,10.432,9,1933925,31,77,116,67583,0,0,0,0,0,311,3562,-11458,6505,0,0,0,0,0
12,180,10.487,10,1933981,31,77,116,67583,0,0,0,0,0,311,3562,-11458,6505,0,0,0,0,0
12,180,10.599,12,1934093,31,77,116,67583,0,0,0,0,0,311,3562,-11458,6505,0,0,0,0,0
13,90,-0.017,80,1945031,31,77,116,67583,0,0,0,0,0,311,3562,-11458,6505,0,0,0,0,0
13,90,0.024,81,1945081,31,77,116,67583,0,0,0,0,0,311,3562,-11458,6505,0,0,0,0,0
13,90,0.086,82,1945141,31,77,116,67617,0,0,0,-8,17,311,3564,-11461,6511,-1000,900,0,0,0
13,90,0.157,83,1945213,31,78,116,67866,0,0,0,-26,30,311,3567,-11488,6550,-1300,1200,0,0,0
13,90,0.302,85,1945357,31,78,115,68671,0,0,0,-66,82,311,3573,-11583,6669,-1800,1600,0,0,0
13,90,0.432,87,1945479,31,79,115,69818,0,0,0,-98,128,311,3578,-11730,6827,-2400,2400,0,0,0
13,90,0.494,88,1945549,31,79,115,70812,0,0,0,-141,172,311,3581,-11855,6966,-2700,2700,0,0,0
13,90,0.573,89,1945621,31,80,115,71963,0,0,0,-148,181,311,3584,-12000,7127,-2600,2600,0,0,0
13,90,0.637,90,1945693,31,80,115,73182,0,0,0,-190,181,311,3587,-12163,7288,-2600,2600,0,0,0
13,90,0.709,91,1945765,31,80,115,74375,0,0,0,-164,171,311,3590,-12316,7452,-2500,2400,0,0,0
13,90,0.791,92,1945837,31,80,115,75560,0,0,0,-164,164,311,3593,-12475,7608,-2500,2300,0,0,0
13,90,0.958,93,1946014,31,80,114,77126,0,0,0,0,0,311,3603,-12694,7805,0,0,0,0,0
13,90,1.009,94,1946065,31,80,114,77126,0,0,0,0,0,311,3605,-12694,7805,0,0,0,0,0
13,90,1.121,96,1946177,31,80,114,77126,0,0,0,0,0,311,3606,-12694,7805,0,0,0,0,0
13,90,1.211,97,1946233,31,80,114,77126,0,0,0,0,0,311,3606,-12694,7805,0,0,0,0,0
13,90,1.233,98,1946289,31,80,114,77126,0,0,0,0,0,311,3606,-12694,7805,0,0,0,0,0
13,90,1.287,99,1946345,31,80,114,77126,0,0,0,0,0,311,3606,-12694,7805,0,0,0,0,0
13,90,1.345,100,1946401,31,80,114,77126,0,0,0,0,0,311,3606,-12694,7805,0,0,0,0,0
13,90,1.401,101,1946457,31,80,114,77126,0,0,0,0,0,311,3606,-12694,7805,0,0,0,0,0
13,90,1.456,102,1946513,31,80,114,77126,0,0,0,0,0,311,3606,-12694,7805,0,0,0,0,0
13,90,1.513,103,1946569,31,80,114,77126,0,0,0,0,0,311,3606,-12694,7805,0,0,0,0,0
13,90,1.569,104,1946625,31,80,114,77126,0,0,0,0,0,311,3606,-12694,7805,0,0,0,0,0
13,90,1.624,105,1946681,31,80,114,77126,0,0,0,0,0,311,3606,-12694,7805,0,0,0,0,0
13,90,1.682,106,1946737,31,80,114,77126,0,0,0,0,0,311,3606,-12694,7805,0,0,0,0,0
13,90,1.737,107,1946793,31,80,114,77126,0,0,0,0,0,311,3606,-12694,7805,0,0,0,0,0
13,90,1.804,108,1946849,31,80,114,77126,0,0,0,0,0,311,3606,-12694,7805,0,0,0,0,0
13,90,1.86,109,1946901,31,80,114,77126,0,0,0,0,0,311,3606,-12694,7805,0,0,0,0,0
13,90,2.012,112,1947069,31,80,114,77126,0,0,0,0,0,311,3606,-12694,7805,0,0,0,0,0
13,90,2.068,113,1947125,31,80,114,77126,0,0,0,0,0,311,3606,-12694,7805,0,0,0,0,0
13,90,2.123,114,1947181,31,80,114,77126,0,0,0,0,0,311,3606,-12694,7805,0,0,0,0,0
13,90,2.179,115,1947237,31,80,114,77126,0,0,0,0,0,311,3606,-12694,7805,0,0,0,0,0
13,90,2.236,116,1947293,31,80,114,77126,0,0,0,0,0,311,3606,-12694,7805,0,0,0,0,0
13,90,2.348,118,1947405,31,80,114,77126,0,0,0,0,0,311,3606,-12694,7805,0,0,0,0,0
13,90,2.403,119,1947461,31,80,114,77126,0,0,0,0,0,311,3606,-12694,7805,0,0,0,0,0
13,90,2.464,120,1947517,31,80,114,77126,0,0,0,0,0,311,3606,-12694,7805,0,0,0,0,0
13,90,2.516,121,1947573,31,80,114,77126,0,0,0,0,0,311,3606,-12694,7805,0,0,0,0,0
13,90,2.575,122,1947623,31,80,114,77126,0,0,0,0,0,311,3606,-12694,7805,0,0,0,0,0
13,90,2.616,123,1947673,31,80,114,77126,0,0,0,0,0,311,3606,-12694,7805,0,0,0,0,0
13,90,2.671,124,1947729,31,80,114,77126,0,0,0,0,0,311,3606,-12694,7805,0,0,0,0,0
13,90,2.728,125,1947785,31,80,114,77126,0,0,0,0,0,311,3606,-12694,7805,0,0,0,0,0
13,90,2.783,126,1947841,31,80,114,77126,0,0,0,0,0,311,3606,-12694,7805,0,0,0,0,0
13,90,2.848,127,1947897,31,80,114,77126,0,0,0,0,0,311,3606,-12694,7805,0,0,0,0,0
13,90,2.892,0,1947949,31,80,114,77126,0,0,0,0,0,311,3606,-12694,7805,0,0,0,0,0
13,90,2.95,1,1948005,31,80,114,77126,0,0,0,0,0,311,3606,-12694,7805,0,0,0,0,0
13,90,3.004,2,1948061,31,80,114,77126,0,0,0,0,0,311,3606,-12694,7805,0,0,0,0,0
13,90,3.117,4,1948173,31,80,114,77126,0,0,0,0,0,311,3606,-12694,7805,0,0,0,0,0
13,90,3.171,5,1948229,31,80,114,77126,0,0,0,0,0,311,3606,-12694,7805,0,0,0,0,0
13,90,3.228,6,1948285,31,80,114,77126,0,0,0,0,0,311,3606,-12694,7805,0,0,0,0,0
13,90,3.283,7,1948341,31,80,114,77126,0,0,0,0,0,311,3606,-12694,7805,0,0,0,0,0
13,90,3.34,8,1948397,31,80,114,77126,0,0,0,0,0,311,3606,-12694,7805,0,0,0,0,0
13,90,3.396,9,1948453,31,80,114,77126,0,0,0,0,0,311,3606,-12694,7805,0,0,0,0,0
13,90,3.456,10,1948509,31,80,114,77126,0,0,0,0,0,311,3606,-12694,7805,0,0,0,0,0
13,90,3.508,11,1948565,31,80,114,77126,0,0,0,0,0,311,3606,-12694,7805,0,0,0,0,0
13,90,3.564,12,1948621,31,80,114,77126,0,0,0,0,0,311,3606,-12694,7805,0,0,0,0,0
13,90,3.62,13,1948677,31,80,114,77126,0,0,0,0,0,311,3606,-12694,7805,0,0,0,0,0
13,90,3.731,15,1948789,31,80,114,77126,0,0,0,0,0,311,3606,-12694,7805,0,0,0,0,0
13,90,3.789,16,1948845,31,80,114,77126,0,0,0,0,0,311,3606,-12694,7805,0,0,0,0,0
13,90,3.845,17,1948901,31,80,114,77126,0,0,0,0,0,311,3606,-12694,7805,0,0,0,0,0
13,90,3.908,18,1948957,31,80,114,77126,0,0,0,0,0,311,3606,-12694,7805,0,0,0,0,0
13,90,3.951,19,1949009,31,80,114,77126,0,0,0,0,0,311,3606,-12694,7805,0,0,0,0,0
13,90,4.008,20,1949065,31,80,114,77126,0,0,0,0,0,311,3606,-12694,7805,0,0,0,0,0
13,90,4.063,21,1949121,31,80,114,77126,0,0,0,0,0,311,3606,-12694,7805,0,0,0,0,0
13,90,4.119,22,1949177,31,80,114,77126,0,0,0,0,0,311,3606,-12694,7805,0,0,0,0,0
13,90,4.175,23,1949233,31,80,114,77126,0,0,0,0,0,311,3606,-12694,7805,0,0,0,0,0
13,90,4.233,24,1949289,31,80,114,77126,0,0,0,0,0,311,3606,-12694,7805,0,0,0,0,0
13,90,4.403,27,1949457,31,80,114,77126,0,0,0,0,0,311,3606,-12694,7805,0,0,0,0,0
13,90,4.455,28,1949513,31,80,114,77126,0,0,0,0,0,311,3606,-12694,7805,0,0,0,0,0
13,90,4.512,29,1949569,31,80,114,77126,0,0,0,0,0,311,3606,-12694,7805,0,0,0,0,0
13,90,4.576,30,1949625,31,80,114,77126,0,0,0,0,0,311,3606,-12694,7805,0,0,0,0,0
13,90,4.68,32,1949737,31,80,114,77126,0,0,0,0,0,311,3606,-12694,7805,0,0,0,0,0
13,90,4.735,33,1949793,31,80,114,77126,0,0,0,0,0,311,3606,-12694,7805,0,0,0,0,0
13,90,4.797,34,1949849,31,80,114,77126,0,0,0,0,0,311,3606,-12694,7805,0,0,0,0,0
13,90,4.969,37,1950017,31,80,114,77126,0,0,0,0,0,311,3606,-12694,7805,0,0,0,0,0
13,90,5.013,38,1950069,31,80,114,77126,0,0,0,0,0,311,3606,-12694,7805,0,0,0,0,0
13,90,5.067,39,1950125,31,80,114,77126,0,0,0,0,0,311,3606,-12694,7805,0,0,0,0,0
13,90,5.123,40,1950181,31,80,114,77126,0,0,0,0,0,311,3606,-12694,7805,0,0,0,0,0
13,90,5.18,41,1950237,31,80,114,77126,0,0,0,0,0,311,3606,-12694,7805,0,0,0,0,0
13,90,5.235,42,1950293,31,80,114,77126,0,0,0,0,0,311,3606,-12694,7805,0,0,0,0,0
13,90,5.291,43,1950349,31,80,114,77126,0,0,0,0,0,311,3606,-12694,7805,0,0,0,0,0
13,90,5.348,44,1950405,31,80,114,77126,0,0,0,0,0,311,3606,-12694,7805,0,0,0,0,0
13,90,5.403,45,1950461,31,80,114,77126,0,0,0,0,0,311,3606,-12694,7805,0,0,0,0,0
13,90,5.46,46,1950517,31,80,114,77126,0,0,0,0,0,311,3606,-12694,7805,0,0,0,0,0
13,90,5.515,47,1950573,31,80,114,77126,0,0,0,0,0,311,3606,-12694,7805,0,0,0,0,0
13,90,5.572,48,1950629,31,80,114,77126,0,0,0,0,0,311,3606,-12694,7805,0,0,0,0,0
13,90,5.627,49,1950685,31,80,114,77126,0,0,0,0,0,311,3606,-12694,7805,0,0,0,0,0
13,90,5.684,50,1950741,31,80,114,77126,0,0,0,0,0,311,3606,-12694,7805,0,0,0,0,0
13,90,5.74,51,1950797,31,80,114,77126,0,0,0,0,0,311,3606,-12694,7805,0,0,0,0,0
13,90,5.796,52,1950853,31,80,114,77126,0,0,0,0,0,311,3606,-12694,7805,0,0,0,0,0
13,90,5.851,53,1950909,31,80,114,77126,0,0,0,0,0,311,3606,-12694,7805,0,0,0,0,0
13,90,5.907,54,1950965,31,80,114,77126,0,0,0,0,0,311,3606,-12694,7805,0,0,0,0,0
13,90,5.963,55,1951021,31,80,114,77126,0,0,0,0,0,311,3606,-12694,7805,0,0,0,0,0
13,90,6.028,56,1951077,31,80,114,77126,0,0,0,0,0,311,3606,-12694,7805,0,0,0,0,0
13,90,6.072,57,1951129,31,80,114,77126,0,0,0,0,0,311,3606,-12694,7805,0,0,0,0,0
13,90,6.127,58,1951185,31,80,114,77126,0,0,0,0,0,311,3606,-12694,7805,0,0,0,0,0
13,90,6.24,60,1951297,31,80,114,77126,0,0,0,0,0,311,3606,-12694,7805,0,0,0,0,0
13,90,6.297,61,1951353,31,80,114,77126,0,0,0,0,0,311,3606,-12694,7805,0,0,0,0,0
13,90,6.353,62,1951409,31,80,114,77126,0,0,0,0,0,311,3606,-12694,7805,0,0,0,0,0
13,90,6.408,63,1951465,31,80,114,77126,0,0,0,0,0,311,3606,-12694,7805,0,0,0,0,0
13,90,6.463,64,1951521,31,80,114,77126,0,0,0,0,0,311,3606,-12694,7805,0,0,0,0,0
13,90,6.525,65,1951577,31,80,114,77126,0,0,0,0,0,311,3606,-12694,7805,0,0,0,0,0
13,90,6.576,66,1951633,31,80,114,77126,0,0,0,0,0,311,3606,-12694,7805,0,0,0,0,0
13,90,6.631,67,1951689,31,80,114,77126,0,0,0,0,0,311,3606,-12694,7805,0,0,0,0,0
13,90,6.687,68,1951745,31,80,114,77126,0,0,0,0,0,311,3606,-12694,7805,0,0,0,0,0
13,90,6.75,69,1951801,31,80,114,77126,0,0,0,0,0,311,3606,-12694,7805,0,0,0,0,0
13,90,6.799,70,1951857,31,80,114,77126,0,0,0,0,0,311,3606,-12694,7805,0,0,0,0,0
13,90,6.855,71,1951913,31,80,114,77126,0,0,0,0,0,311,3606,-12694,7805,0,0,0,0,0
13,90,6.911,72,1951969,31,80,114,77126,0,0,0,0,0,311,3606,-12694,7805,0,0,0,0,0
13,90,6.967,73,1952025,31,80,114,77126,0,0,0,0,0,311,3606,-12694,7805,0,0,0,0,0
13,90,7.087,75,1952137,31,80,114,77126,0,0,0,0,0,311,3606,-12694,7805,0,0,0,0,0
13,90,7.132,76,1952189,31,80,114,77126,0,0,0,0,0,311,3606,-12694,7805,0,0,0,0,0
13,90,7.187,77,1952245,31,80,114,77126,0,0,0,0,0,311,3606,-12694,7805,0,0,0,0,0
13,90,7.243,78,1952301,31,80,114,77126,0,0,0,0,0,311,3606,-12694,7805,0,0,0,0,0
13,90,7.3,79,1952357,31,80,114,77126,0,0,0,0,0,311,3606,-12694,7805,0,0,0,0,0
13,90,7.355,80,1952413,31,80,114,77126,0,0,0,0,0,311,3606,-12694,7805,0,0,0,0,0
13,90,7.467,82,1952525,31,80,114,77126,0,0,0,0,0,311,3606,-12694,7805,0,0,0,0,0
13,90,7.524,83,1952581,31,80,114,77126,0,0,0,0,0,311,3606,-12694,7805,0,0,0,0,0
13,90,7.58,84,1952637,31,80,114,77126,0,0,0,0,0,311,3606,-12694,7805,0,0,0,0,0
13,90,7.635,85,1952693,31,80,114,77126,0,0,0,0,0,311,3606,-12694,7805,0,0,0,0,0
13,90,7.692,86,1952749,31,80,114,77126,0,0,0,0,0,311,3606,-12694,7805,0,0,0,0,0
13,90,7.748,87,1952805,31,80,114,77126,0,0,0,0,0,311,3606,-12694,7805,0,0,0,0,0
13,90,7.803,88,1952861,31,80,114,77126,0,0,0,0,0,311,3606,-12694,7805,0,0,0,0,0
13,90,7.861,89,1952917,31,80,114,77126,0,0,0,0,0,311,3606,-12694,7805,0,0,0,0,0
13,90,7.915,90,1952973,31,80,114,77126,0,0,0,0,0,311,3606,-12694,7805,0,0,0,0,0
13,90,7.972,91,1953029,31,80,114,77126,0,0,0,0,0,311,3606,-12694,7805,0,0,0,0,0
13,90,8.084,93,1953141,31,80,114,77126,0,0,0,0,0,311,3606,-12694,7805,0,0,0,0,0
13,90,8.148,94,1953197,31,80,114,77126,0,0,0,0,0,311,3606,-12694,7805,0,0,0,0,0
13,90,8.195,95,1953249,31,80,114,77126,0,0,0,0,0,311,3606,-12694,7805,0,0,0,0,0
13,90,8.248,96,1953305,31,80,114,77126,0,0,0,0,0,311,3606,-12694,7805,0,0,0,0,0
13,90,8.305,97,1953361,31,80,114,77126,0,0,0,0,0,311,3606,-12694,7805,0,0,0,0,0
13,90,8.361,98,1953417,31,80,114,77126,0,0,0,0,0,311,3606,-12694,7805,0,0,0,0,0
13,90,8.415,99,1953473,31,80,114,77126,0,0,0,0,0,311,3606,-12694,7805,0,0,0,0,0
13,90,8.472,100,1953529,31,80,114,77126,0,0,0,0,0,311,3606,-12694,7805,0,0,0,0,0
13,90,8.527,101,1953585,31,80,114,77126,0,0,0,0,0,311,3606,-12694,7805,0,0,0,0,0
13,90,8.583,102,1953641,31,80,114,77126,0,0,0,0,0,311,3606,-12694,7805,0,0,0,0,0
13,90,8.703,104,1953753,31,80,114,77126,0,0,0,0,0,311,3606,-12694,7805,0,0,0,0,0
13,90,8.754,105,1953809,31,80,114,77126,0,0,0,0,0,311,3606,-12694,7805,0,0,0,0,0
13,90,8.807,106,1953865,31,80,114,77126,0,0,0,0,0,311,3606,-12694,7805,0,0,0,0,0
13,90,8.864,107,1953921,31,80,114,77126,0,0,0,0,0,311,3606,-12694,7805,0,0,0,0,0
13,90,8.919,108,1953977,31,80,114,77126,0,0,0,0,0,311,3606,-12694,7805,0,0,0,0,0
13,90,8.976,109,1954033,31,80,114,77126,0,0,0,0,0,311,3606,-12694,7805,0,0,0,0,0
13,90,9.032,110,1954089,31,80,114,77126,0,0,0,0,0,311,3606,-12694,7805,0,0,0,0,0
13,90,9.089,111,1954145,31,80,114,77126,0,0,0,0,0,311,3606,-12694,7805,0,0,0,0,0
13,90,9.143,112,1954201,31,80,114,77126,0,0,0,0,0,311,3606,-12694,7805,0,0,0,0,0
13,90,9.207,113,1954257,31,80,114,77126,0,0,0,0,0,311,3606,-12694,7805,0,0,0,0,0
13,90,9.251,114,1954309,31,80,114,77126,0,0,0,0,0,311,3606,-12694,7805,0,0,0,0,0
13,90,9.363,116,1954421,31,80,114,77126,0,0,0,0,0,311,3606,-12694,7805,0,0,0,0,0
13,90,9.42,117,1954477,31,80,114,77126,0,0,0,0,0,311,3606,-12694,7805,0,0,0,0,0
13,90,9.477,118,1954533,31,80,114,77126,0,0,0,0,0,311,3606,-12694,7805,0,0,0,0,0
13,90,9.532,119,1954589,31,80,114,77126,0,0,0,0,0,311,3606,-12694,7805,0,0,0,0,0
13,90,9.593,120,1954645,31,80,114,77126,0,0,0,0,0,311,3606,-12694,7805,0,0,0,0,0
13,90,9.644,121,1954701,31,80,114,77126,0,0,0,0,0,311,3606,-12694,7805,0,0,0,0,0
13,90,9.71,122,1954757,31,80,114,77126,0,0,0,0,0,311,3606,-12694,7805,0,0,0,0,0
13,90,9.755,123,1954813,31,80,114,77126,0,0,0,0,0,311,3606,-12694,7805,0,0,0,0,0
13,90,9.811,124,1954869,31,80,114,77126,0,0,0,0,0,311,3606,-12694,7805,0,0,0,0,0
13,90,9.923,126,1954981,31,80,114,77126,0,0,0,0,0,311,3606,-12694,7805,0,0,0,0,0
13,90,9.98,127,1955037,31,80,114,77126,0,0,0,0,0,311,3606,-12694,7805,0,0,0,0,0
13,90,10.047,0,1955093,31,80,114,77126,0,0,0,0,0,311,3606,-12694,7805,0,0,0,0,0
13,90,10.092,1,1955149,31,80,114,77126,0,0,0,0,0,311,3606,-12694,7805,0,0,0,0,0
13,90,10.203,3,1955261,31,80,114,77126,0,0,0,0,0,311,3606,-12694,7805,0,0,0,0,0
13,90,10.267,4,1955317,31,80,114,77126,0,0,0,0,0,311,3606,-12694,7805,0,0,0,0,0
13,90,10.311,5,1955369,31,80,114,77126,0,0,0,0,0,311,3606,-12694,7805,0,0,0,0,0
13,90,10.368,6,1955425,31,80,114,77126,0,0,0,0,0,311,3606,-12694,7805,0,0,0,0,0
13,90,10.424,7,1955481,31,80,114,77126,0,0,0,0,0,311,3606,-12694,7805,0,0,0,0,0
13,90,10.48,8,1955537,31,80,114,77126,0,0,0,0,0,311,3606,-12694,7805,0,0,0,0,0
13,90,10.548,9,1955593,31,80,114,77126,0,0,0,0,0,311,3606,-12694,7805,0,0,0,0,0
13,90,10.647,11,1955705,31,80,114,77126,0,0,0,0,0,311,3606,-12694,7805,0,0,0,0,0
13,90,10.703,12,1955761,31,80,114,77126,0,0,0,0,0,311,3606,-12694,7805,0,0,0,0,0
13,90,10.759,13,1955817,31,80,114,77126,0,0,0,0,0,311,3606,-12694,7805,0,0,0,0,0
13,90,10.816,14,1955873,31,80,114,77126,0,0,0,0,0,311,3606,-12694,7805,0,0,0,0,0
13,90,10.879,15,1955929,31,80,114,77126,0,0,0,0,0,311,3606,-12694,7805,0,0,0,0,0
13,90,10.927,16,1955985,31,80,114,77126,0,0,0,0,0,311,3606,-12694,7805,0,0,0,0,0
13,90,11.039,18,1956097,31,80,114,77126,0,0,0,0,0,311,3606,-12694,7805,0,0,0,0,0
13,90,11.095,19,1956153,31,80,114,77126,0,0,0,0,0,311,3606,-12694,7805,0,0,0,0,0
13,90,11.207,21,1956265,31,80,114,77126,0,0,0,0,0,311,3606,-12694,7805,0,0,0,0,0
13,90,11.269,22,1956321,31,80,114,77126,0,0,0,0,0,311,3606,-12694,7805,0,0,0,0,0
13,90,11.328,23,1956377,31,80,114,77126,0,0,0,0,0,311,3606,-12694,7805,0,0,0,0,0
13,90,11.372,24,1956429,31,80,114,77126,0,0,0,0,0,311,3606,-12694,7805,0,0,0,0,0
13,90,11.428,25,1956485,31,80,114,77126,0,0,0,0,0,311,3606,-12694,7805,0,0,0,0,0
13,90,11.484,26,1956542,31,80,114,77126,0,0,0,0,0,311,3606,-12694,7805,0,0,0,0,0
13,90,11.539,27,1956597,31,80,114,77126,0,0,0,0,0,311,3606,-12694,7805,0,0,0,0,0
13,90,11.595,28,1956653,31,80,114,77126,0,0,0,0,0,311,3606,-12694,7805,0,0,0,0,0
13,90,11.651,29,1956709,31,80,114,77126,0,0,0,0,0,311,3606,-12694,7805,0,0,0,0,0
13,90,11.708,30,1956765,31,80,114,77126,0,0,0,0,0,311,3606,-12694,7805,0,0,0,0,0
13,90,11.766,31,1956821,31,80,114,77126,0,0,0,0,0,311,3606,-12694,7805,0,0,0,0,0
13,90,11.821,32,1956877,31,80,114,77126,0,0,0,0,0,311,3606,-12694,7805,0,0,0,0,0
13,90,11.878,33,1956933,31,80,114,77126,0,0,0,0,0,311,3606,-12694,7805,0,0,0,0,0
13,90,11.931,34,1956989,31,80,114,77126,0,0,0,0,0,311,3606,-12694,7805,0,0,0,0,0
13,90,11.987,35,1957045,31,80,114,77126,0,0,0,0,0,311,3606,-12694,7805,0,0,0,0,0
13,90,12.044,36,1957101,31,80,114,77126,0,0,0,0,0,311,3606,-12694,7805,0,0,0,0,0
13,90,12.101,37,1957157,31,80,114,77126,0,0,0,0,0,311,3606,-12694,7805,0,0,0,0,0
13,90,12.211,39,1957269,31,80,114,77126,0,0,0,0,0,311,3606,-12694,7805,0,0,0,0,0
13,90,12.268,40,1957325,31,80,114,77126,0,0,0,0,0,311,3606,-12694,7805,0,0,0,0,0
13,90,12.324,41,1957381,31,80,114,77126,0,0,0,0,0,311,3606,-12694,7805,0,0,0,0,0
13,90,12.382,42,1957437,31,80,114,77126,0,0,0,0,0,311,3606,-12694,7805,0,0,0,0,0
13,90,12.431,43,1957489,31,80,114,77126,0,0,0,0,0,311,3606,-12694,7805,0,0,0,0,0
13,90,12.488,44,1957545,31,80,114,77126,0,0,0,0,0,311,3606,-12694,7805,0,0,0,0,0
13,90,12.544,45,1957601,31,80,114,77126,0,0,0,0,0,311,3606,-12694,7805,0,0,0,0,0
13,90,12.599,46,1957657,31,80,114,77126,0,0,0,0,0,311,3606,-12694,7805,0,0,0,0,0
13,90,12.656,47,1957713,31,80,114,77126,0,0,0,0,0,311,3606,-12694,7805,0,0,0,0,0
13,90,12.711,48,1957769,31,80,114,77126,0,0,0,0,0,311,3606,-12694,7805,0,0,0,0,0
13,90,12.767,49,1957825,31,80,114,77126,0,0,0,0,0,311,3606,-12694,7805,0,0,0,0,0
13,90,12.824,50,1957881,31,80,114,77126,0,0,0,0,0,311,3606,-12694,7805,0,0,0,0,0
13,90,12.879,51,1957937,31,80,114,77126,0,0,0,0,0,311,3606,-12694,7805,0,0,0,0,0
13,90,12.936,52,1957993,31,80,114,77126,0,0,0,0,0,311,3606,-12694,7805,0,0,0,0,0
13,90,13.048,54,1958105,31,80,114,77126,0,0,0,0,0,311,3606,-12694,7805,0,0,0,0,0
13,90,13.104,55,1958161,31,80,114,77126,0,0,0,0,0,311,3606,-12694,7805,0,0,0,0,0
13,90,13.16,56,1958217,31,80,114,77126,0,0,0,0,0,311,3606,-12694,7805,0,0,0,0,0
13,90,13.215,57,1958273,31,80,114,77126,0,0,0,0,0,311,3606,-12694,7805,0,0,0,0,0
13,90,13.272,58,1958329,31,80,114,77126,0,0,0,0,0,311,3606,-12694,7805,0,0,0,0,0
13,90,13.327,59,1958385,31,80,114,77126,0,0,0,0,0,311,3606,-12694,7805,0,0,0,0,0
13,90,13.384,60,1958441,31,80,114,77126,0,0,0,0,0,311,3606,-12694,7805,0,0,0,0,0
13,90,13.448,61,1958497,31,80,114,77126,0,0,0,0,0,311,3606,-12694,7805,0,0,0,0,0
13,90,13.491,62,1958549,31,80,114,77126,0,0,0,0,0,311,3606,-12694,7805,0,0,0,0,0
13,90,13.548,63,1958605,31,80,114,77126,0,0,0,0,0,311,3606,-12694,7805,0,0,0,0,0
13,90,13.603,64,1958661,31,80,114,77126,0,0,0,0,0,311,3606,-12694,7805,0,0,0,0,0
13,90,13.715,66,1958773,31,80,114,77126,0,0,0,0,0,311,3606,-12694,7805,0,0,0,0,0
13,90,13.771,67,1958829,31,80,114,77126,0,0,0,0,0,311,3606,-12694,7805,0,0,0,0,0
13,90,13.827,68,1958885,31,80,114,77126,0,0,0,0,0,311,3606,-12694,7805,0,0,0,0,0
13,90,13.883,69,1958941,31,80,114,77126,0,0,0,0,0,311,3606,-12694,7805,0,0,0,0,0
13,90,13.94,70,1958997,31,80,114,77126,0,0,0,0,0,311,3606,-12694,7805,0,0,0,0,0
13,90,13.995,71,1959053,31,80,114,77126,0,0,0,0,0,311,3606,-12694,7805,0,0,0,0,0
13,90,14.051,72,1959109,31,80,114,77126,0,0,0,0,0,311,3606,-12694,7805,0,0,0,0,0
13,90,14.107,73,1959165,31,80,114,77126,0,0,0,0,0,311,3606,-12694,7805,0,0,0,0,0
13,90,14.217,74,1959221,31,80,114,77126,0,0,0,0,0,311,3606,-12694,7805,0,0,0,0,0
13,90,14.331,77,1959389,31,80,114,77126,0,0,0,0,0,311,3606,-12694,7805,0,0,0,0,0
13,90,14.394,78,1959445,31,80,114,77126,0,0,0,0,0,311,3606,-12694,7805,0,0,0,0,0
13,90,14.443,79,1959501,31,80,114,77126,0,0,0,0,0,311,3606,-12694,7805,0,0,0,0,0
13,90,14.507,80,1959557,31,80,114,77126,0,0,0,0,0,311,3606,-12694,7805,0,0,0,0,0
13,90,14.551,81,1959609,31,80,114,77126,0,0,0,0,0,311,3606,-12694,7805,0,0,0,0,0
13,90,14.61,82,1959665,31,80,114,77126,0,0,0,0,0,311,3606,-12694,7805,0,0,0,0,0
13,90,14.663,83,1959721,31,80,114,77126,0,0,0,0,0,311,3606,-12694,7805,0,0,0,0,0
13,90,14.719,84,1959777,31,80,114,77126,0,0,0,0,0,311,3606,-12694,7805,0,0,0,0,0
13,90,14.775,85,1959833,31,80,114,77126,0,0,0,0,0,311,3606,-12694,7805,0,0,0,0,0
13,90,14.831,86,1959889,31,80,114,77126,0,0,0,0,0,311,3606,-12694,7805,0,0,0,0,0
13,90,14.944,88,1960001,31,80,114,77126,0,0,0,0,0,311,3606,-12694,7805,0,0,0,0,0
13,90,15.001,89,1960057,31,80,114,77126,0,0,0,0,0,311,3606,-12694,7805,0,0,0,0,0
13,90,15.056,90,1960113,31,80,114,77126,0,0,0,0,0,311,3606,-12694,7805,0,0,0,0,0
13,90,15.112,91,1960169,31,80,114,77126,0,0,0,0,0,311,3606,-12694,7805,0,0,0,0,0
13,90,15.168,92,1960225,31,80,114,77126,0,0,0,0,0,311,3606,-12694,7805,0,0,0,0,0
13,90,15.223,93,1960281,31,80,114,77126,0,0,0,0,0,311,3606,-12694,7805,0,0,0,0,0
13,90,15.28,94,1960337,31,80,114,77126,0,0,0,0,0,311,3606,-12694,7805,0,0,0,0,0
13,90,15.335,95,1960393,31,80,114,77126,0,0,0,0,0,311,3606,-12694,7805,0,0,0,0,0
13,90,15.391,96,1960449,31,80,114,77126,0,0,0,0,0,311,3606,-12694,7805,0,0,0,0,0
13,90,15.447,97,1960505,31,80,114,77126,0,0,0,0,0,311,3606,-12694,7805,0,0,0,0,0
13,90,15.611,100,1960669,31,80,114,77126,0,0,0,0,0,311,3606,-12694,7805,0,0,0,0,0
13,90,15.724,102,1960781,31,80,114,77126,0,0,0,0,0,311,3606,-12694,7805,0,0,0,0,0
13,90,15.78,103,1960837,31,80,114,77126,0,0,0,0,0,311,3606,-12694,7805,0,0,0,0,0
13,90,15.836,104,1960893,31,80,114,77126,0,0,0,0,0,311,3606,-12694,7805,0,0,0,0,0
13,90,15.892,105,1960949,31,80,114,77126,0,0,0,0,0,311,3606,-12694,7805,0,0,0,0,0
13,90,15.948,106,1961005,31,80,114,77126,0,0,0,0,0,311,3606,-12694,7805,0,0,0,0,0
13,90,16.004,107,1961061,31,80,114,77126,0,0,0,0,0,311,3606,-12694,7805,0,0,0,0,0
13,90,16.059,108,1961117,31,80,114,77126,0,0,0,0,0,311,3606,-12694,7805,0,0,0,0,0
13,90,16.227,111,1961285,31,80,114,77126,0,0,0,0,0,311,3606,-12694,7805,0,0,0,0,0
13,90,16.283,112,1961341,31,80,114,77126,0,0,0,0,0,311,3606,-12694,7805,0,0,0,0,0
13,90,16.339,113,1961397,31,80,114,77126,0,0,0,0,0,311,3606,-12694,7805,0,0,0,0,0
13,90,16.395,114,1961453,31,80,114,77126,0,0,0,0,0,311,3606,-12694,7805,0,0,0,0,0
13,90,16.451,115,1961509,31,80,114,77126,0,0,0,0,0,311,3606,-12694,7805,0,0,0,0,0
13,90,16.51,116,1961565,31,80,114,77126,0,0,0,0,0,311,3606,-12694,7805,0,0,0,0,0
13,90,16.563,117,1961621,31,80,114,77126,0,0,0,0,0,311,3606,-12694,7805,0,0,0,0,0
13,90,16.627,118,1961677,31,80,114,77126,0,0,0,0,0,311,3606,-12694,7805,0,0,0,0,0
13,90,16.671,119,1961729,31,80,114,77126,0,0,0,0,0,311,3606,-12694,7805,0,0,0,0,0
13,90,16.727,120,1961785,31,80,114,77126,0,0,0,0,0,311,3606,-12694,7805,0,0,0,0,0
13,90,16.783,121,1961841,31,80,114,77126,0,0,0,0,0,311,3606,-12694,7805,0,0,0,0,0
13,90,16.84,122,1961897,31,80,114,77126,0,0,0,0,0,311,3606,-12694,7805,0,0,0,0,0
13,90,16.951,124,1962009,31,80,114,77126,0,0,0,0,0,311,3606,-12694,7805,0,0,0,0,0
13,90,17.062,126,1962121,31,80,114,77126,0,0,0,0,0,311,3606,-12694,7805,0,0,0,0,0
13,90,17.12,127,1962177,31,80,114,77126,0,0,0,0,0,311,3606,-12694,7805,0,0,0,0,0
13,90,17.175,0,1962233,31,80,114,77126,0,0,0,0,0,311,3606,-12694,7805,0,0,0,0,0
13,90,17.231,1,1962289,31,80,114,77126,0,0,0,0,0,311,3606,-12694,7805,0,0,0,0,0
13,90,17.287,2,1962345,31,80,114,77126,0,0,0,0,0,311,3606,-12694,7805,0,0,0,0,0
13,90,17.4,4,1962457,31,80,114,77126,0,0,0,0,0,311,3606,-12694,7805,0,0,0,0,0
13,90,17.455,5,1962513,31,80,114,77126,0,0,0,0,0,311,3606,-12694,7805,0,0,0,0,0
13,90,17.568,7,1962625,31,80,114,77126,0,0,0,0,0,311,3606,-12694,7805,0,0,0,0,0
13,90,17.623,8,1962681,31,80,114,77126,0,0,0,0,0,311,3606,-12694,7805,0,0,0,0,0
13,90,17.687,9,1962737,31,80,114,77126,0,0,0,0,0,311,3606,-12694,7805,0,0,0,0,0
13,90,17.731,10,1962789,31,80,114,77126,0,0,0,0,0,311,3606,-12694,7805,0,0,0,0,0
13,90,17.786,11,1962845,31,80,114,77126,0,0,0,0,0,311,3606,-12694,7805,0,0,0,0,0
13,90,17.844,12,1962901,31,80,114,77126,0,0,0,0,0,311,3606,-12694,7805,0,0,0,0,0
13,90,17.898,13,1962957,31,80,114,77126,0,0,0,0,0,311,3606,-12694,7805,0,0,0,0,0
13,90,17.955,14,1963013,31,80,114,77126,0,0,0,0,0,311,3606,-12694,7805,0,0,0,0,0
13,90,18.011,15,1963069,31,80,114,77126,0,0,0,0,0,311,3606,-12694,7805,0,0,0,0,0
13,90,18.067,16,1963125,31,80,114,77126,0,0,0,0,0,311,3606,-12694,7805,0,0,0,0,0
13,90,18.123,17,1963181,31,80,114,77126,0,0,0,0,0,311,3606,-12694,7805,0,0,0,0,0
13,90,18.179,18,1963237,31,80,114,77126,0,0,0,0,0,311,3606,-12694,7805,0,0,0,0,0
13,90,18.234,19,1963293,31,80,114,77126,0,0,0,0,0,311,3606,-12694,7805,0,0,0,0,0
13,90,18.291,20,1963349,31,80,114,77126,0,0,0,0,0,311,3606,-12694,7805,0,0,0,0,0
13,90,18.346,21,1963405,31,80,114,77126,0,0,0,0,0,311,3606,-12694,7805,0,0,0,0,0
13,90,18.402,22,1963461,31,80,114,77126,0,0,0,0,0,311,3606,-12694,7805,0,0,0,0,0
13,90,18.458,23,1963517,31,80,114,77126,0,0,0,0,0,311,3606,-12694,7805,0,0,0,0,0
13,90,18.515,24,1963573,31,80,114,77126,0,0,0,0,0,311,3606,-12694,7805,0,0,0,0,0
13,90,18.572,25,1963629,31,80,114,77126,0,0,0,0,0,311,3606,-12694,7805,0,0,0,0,0
13,90,18.628,26,1963685,31,80,114,77126,0,0,0,0,0,311,3606,-12694,7805,0,0,0,0,0
13,90,18.683,27,1963741,31,80,114,77126,0,0,0,0,0,311,3606,-12694,7805,0,0,0,0,0
13,90,18.746,28,1963797,31,80,114,77126,0,0,0,0,0,311,3606,-12694,7805,0,0,0,0,0
13,90,18.791,29,1963849,31,80,114,77126,0,0,0,0,0,311,3606,-12694,7805,0,0,0,0,0
13,90,18.847,30,1963905,31,80,114,77126,0,0,0,0,0,311,3606,-12694,7805,0,0,0,0,0
13,90,18.904,31,1963961,31,80,114,77126,0,0,0,0,0,311,3606,-12694,7805,0,0,0,0,0
13,90,18.958,32,1964017,31,80,114,77126,0,0,0,0,0,311,3606,-12694,7805,0,0,0,0,0
13,90,19.072,34,1964129,31,80,114,77126,0,0,0,0,0,311,3606,-12694,7805,0,0,0,0,0
13,90,19.128,35,1964185,31,80,114,77126,0,0,0,0,0,311,3606,-12694,7805,0,0,0,0,0
13,90,19.183,36,1964241,31,80,114,77126,0,0,0,0,0,311,3606,-12694,7805,0,0,0,0,0
13,90,19.297,38,1964353,31,80,114,77126,0,0,0,0,0,311,3606,-12694,7805,0,0,0,0,0
13,90,19.353,39,1964409,31,80,114,77126,0,0,0,0,0,311,3606,-12694,7805,0,0,0,0,0
13,90,19.407,40,1964465,31,80,114,77126,0,0,0,0,0,311,3606,-12694,7805,0,0,0,0,0
13,90,19.463,41,1964521,31,80,114,77126,0,0,0,0,0,311,3606,-12694,7805,0,0,0,0,0
13,90,19.519,42,1964577,31,80,114,77126,0,0,0,0,0,311,3606,-12694,7805,0,0,0,0,0
13,90,19.578,43,1964633,31,80,114,77126,0,0,0,0,0,311,3606,-12694,7805,0,0,0,0,0
13,90,19.63,44,1964689,31,80,114,77126,0,0,0,0,0,311,3606,-12694,7805,0,0,0,0,0
13,90,19.686,45,1964745,31,80,114,77126,0,0,0,0,0,311,3606,-12694,7805,0,0,0,0,0
13,90,19.744,46,1964801,31,80,114,77126,0,0,0,0,0,311,3606,-12694,7805,0,0,0,0,0
13,90,19.852,48,1964909,31,80,114,77126,0,0,0,0,0,311,3606,-12694,7805,0,0,0,0,0
13,90,19.907,49,1964965,31,80,114,77126,0,0,0,0,0,311,3606,-12694,7805,0,0,0,0,0
13,90,19.968,50,1965021,31,80,114,77126,0,0,0,0,0,311,3606,-12694,7805,0,0,0,0,0
13,90,20.019,51,1965077,31,80,114,77126,0,0,0,0,0,311,3606,-12694,7805,0,0,0,0,0
13,90,20.075,52,1965133,31,80,114,77126,0,0,0,0,0,311,3606,-12694,7805,0,0,0,0,0
13,90,20.132,53,1965189,31,80,114,77126,0,0,0,0,0,311,3606,-12694,7805,0,0,0,0,0
13,90,20.186,54,1965245,31,80,114,77126,0,0,0,0,0,311,3606,-12694,7805,0,0,0,0,0
13,90,20.243,55,1965301,31,80,114,77126,0,0,0,0,0,311,3606,-12694,7805,0,0,0,0,0
13,90,20.298,56,1965357,31,80,114,77126,0,0,0,0,0,311,3606,-12694,7805,0,0,0,0,0
13,90,20.354,57,1965413,31,80,114,77126,0,0,0,0,0,311,3606,-12694,7805,0,0,0,0,0
13,90,20.41,58,1965469,31,80,114,77126,0,0,0,0,0,311,3606,-12694,7805,0,0,0,0,0
13,90,20.522,60,1965581,31,80,114,77126,0,0,0,0,0,311,3606,-12694,7805,0,0,0,0,0
13,90,20.58,61,1965637,31,80,114,77126,0,0,0,0,0,311,3606,-12694,7805,0,0,0,0,0
13,90,20.634,62,1965693,31,80,114,77126,0,0,0,0,0,311,3606,-12694,7805,0,0,0,0,0
13,90,20.69,63,1965749,31,80,114,77126,0,0,0,0,0,311,3606,-12694,7805,0,0,0,0,0
13,90,20.748,64,1965805,31,80,114,77126,0,0,0,0,0,311,3606,-12694,7805,0,0,0,0,0
13,90,20.802,65,1965861,31,80,114,77126,0,0,0,0,0,311,3606,-12694,7805,0,0,0,0,0
13,90,20.867,66,1965917,31,80,114,77126,0,0,0,0,0,311,3606,-12694,7805,0,0,0,0,0
13,90,20.911,67,1965969,31,80,114,77126,0,0,0,0,0,311,3606,-12694,7805,0,0,0,0,0
13,90,20.967,68,1966025,31,80,114,77126,0,0,0,0,0,311,3606,-12694,7805,0,0,0,0,0
13,90,21.023,69,1966081,31,80,114,77126,0,0,0,0,0,311,3606,-12694,7805,0,0,0,0,0
13,90,21.079,70,1966137,31,80,114,77126,0,0,0,0,0,311,3606,-12694,7805,0,0,0,0,0
13,90,21.191,72,1966249,31,80,114,77126,0,0,0,0,0,311,3606,-12694,7805,0,0,0,0,0
13,90,21.247,73,1966305,31,80,114,77126,0,0,0,0,0,311,3606,-12694,7805,0,0,0,0,0
13,90,21.303,74,1966361,31,80,114,77126,0,0,0,0,0,311,3606,-12694,7805,0,0,0,0,0
13,90,21.36,75,1966417,31,80,114,77126,0,0,0,0,0,311,3606,-12694,7805,0,0,0,0,0
13,90,21.415,76,1966473,31,80,114,77126,0,0,0,0,0,311,3606,-12694,7805,0,0,0,0,0
13,90,21.471,77,1966529,31,80,114,77126,0,0,0,0,0,311,3606,-12694,7805,0,0,0,0,0
13,90,21.526,78,1966585,31,80,114,77126,0,0,0,0,0,311,3606,-12694,7805,0,0,0,0,0
13,90,21.583,79,1966641,31,80,114,77126,0,0,0,0,0,311,3606,-12694,7805,0,0,0,0,0
13,90,21.639,80,1966697,31,80,114,77126,0,0,0,0,0,311,3606,-12694,7805,0,0,0,0,0
13,90,21.695,81,1966753,31,80,114,77126,0,0,0,0,0,311,3606,-12694,7805,0,0,0,0,0
13,90,21.752,82,1966809,31,80,114,77126,0,0,0,0,0,311,3606,-12694,7805,0,0,0,0,0
13,90,21.806,83,1966865,31,80,114,77126,0,0,0,0,0,311,3606,-12694,7805,0,0,0,0,0
13,90,21.864,84,1966921,31,80,114,77126,0,0,0,0,0,311,3606,-12694,7805,0,0,0,0,0
13,90,21.926,85,1966977,31,80,114,77126,0,0,0,0,0,311,3606,-12694,7805,0,0,0,0,0
13,90,21.971,86,1967029,31,80,114,77126,0,0,0,0,0,311,3606,-12694,7805,0,0,0,0,0
13,90,22.026,87,1967085,31,80,114,77126,0,0,0,0,0,311,3606,-12694,7805,0,0,0,0,0
13,90,22.082,88,1967141,31,80,114,77126,0,0,0,0,0,311,3606,-12694,7805,0,0,0,0,0
13,90,22.138,89,1967197,31,80,114,77126,0,0,0,0,0,311,3606,-12694,7805,0,0,0,0,0
13,90,22.307,92,1967365,31,80,114,77126,0,0,0,0,0,311,3606,-12694,7805,0,0,0,0,0
13,90,22.642,98,1967701,31,80,114,77126,0,0,0,0,0,311,3606,-12694,7805,0,0,0,0,0
13,90,22.754,100,1967813,31,80,114,77126,0,0,0,0,0,311,3606,-12694,7805,0,0,0,0,0
13,90,22.869,102,1967925,31,80,114,77126,0,0,0,0,0,311,3606,-12694,7805,0,0,0,0,0
13,90,22.929,103,1967981,31,80,114,77126,0,0,0,0,0,311,3606,-12694,7805,0,0,0,0,0
13,90,22.987,104,1968037,31,80,114,77126,0,0,0,0,0,311,3606,-12694,7805,0,0,0,0,0
13,90,23.086,106,1968145,31,80,114,77126,0,0,0,0,0,311,3606,-12694,7805,0,0,0,0,0
13,90,23.142,107,1968201,31,80,114,77126,0,0,0,0,0,311,3606,-12694,7805,0,0,0,0,0
13,90,23.2,108,1968257,31,80,114,77126,0,0,0,0,0,311,3606,-12694,7805,0,0,0,0,0
13,90,23.31,110,1968369,31,80,114,77126,0,0,0,0,0,311,3606,-12694,7805,0,0,0,0,0
13,90,23.423,112,1968481,31,80,114,77126,0,0,0,0,0,311,3606,-12694,7805,0,0,0,0,0
13,90,23.479,113,1968537,31,80,114,77126,0,0,0,0,0,311,3606,-12694,7805,0,0,0,0,0
13,90,23.536,114,1968593,31,80,114,77126,0,0,0,0,0,311,3606,-12694,7805,0,0,0,0,0
13,90,23.703,117,1968761,31,80,114,77126,0,0,0,0,0,311,3606,-12694,7805,0,0,0,0,0
13,90,23.759,118,1968817,31,80,114,77126,0,0,0,0,0,311,3606,-12694,7805,0,0,0,0,0
13,90,23.816,119,1968873,31,80,114,77126,0,0,0,0,0,311,3606,-12694,7805,0,0,0,0,0
13,90,23.871,120,1968929,31,80,114,77126,0,0,0,0,0,311,3606,-12694,7805,0,0,0,0,0
13,90,23.927,121,1968985,31,80,114,77126,0,0,0,0,0,311,3606,-12694,7805,0,0,0,0,0
13,90,23.983,122,1969041,31,80,114,77126,0,0,0,0,0,311,3606,-12694,7805,0,0,0,0,0
13,90,24.047,123,1969097,31,80,114,77126,0,0,0,0,0,311,3606,-12694,7805,0,0,0,0,0
13,90,24.09,124,1969149,31,80,114,77126,0,0,0,0,0,311,3606,-12694,7805,0,0,0,0,0
13,90,24.147,125,1969205,31,80,114,77126,0,0,0,0,0,311,3606,-12694,7805,0,0,0,0,0
13,90,24.203,126,1969261,31,80,114,77126,0,0,0,0,0,311,3606,-12694,7805,0,0,0,0,0
13,90,24.259,127,1969317,31,80,114,77126,0,0,0,0,0,311,3606,-12694,7805,0,0,0,0,0
13,90,24.314,0,1969373,31,80,114,77126,0,0,0,0,0,311,3606,-12694,7805,0,0,0,0,0
13,90,24.37,1,1969429,31,80,114,77126,0,0,0,0,0,311,3606,-12694,7805,0,0,0,0,0
13,90,24.428,2,1969485,31,80,114,77126,0,0,0,0,0,311,3606,-12694,7805,0,0,0,0,0
13,90,24.483,3,1969541,31,80,114,77126,0,0,0,0,0,311,3606,-12694,7805,0,0,0,0,0
13,90,24.539,4,1969597,31,80,114,77126,0,0,0,0,0,311,3606,-12694,7805,0,0,0,0,0
13,90,24.594,5,1969653,31,80,114,77126,0,0,0,0,0,311,3606,-12694,7805,0,0,0,0,0
13,90,24.65,6,1969709,31,80,114,77126,0,0,0,0,0,311,3606,-12694,7805,0,0,0,0,0
13,90,24.708,7,1969765,31,80,114,77126,0,0,0,0,0,311,3606,-12694,7805,0,0,0,0,0
13,90,24.762,8,1969821,31,80,114,77126,0,0,0,0,0,311,3606,-12694,7805,0,0,0,0,0
13,90,24.876,10,1969933,31,80,114,77126,0,0,0,0,0,311,3606,-12694,7805,0,0,0,0,0
13,90,24.93,11,1969989,31,80,114,77126,0,0,0,0,0,311,3606,-12694,7805,0,0,0,0,0
13,90,24.986,12,1970045,31,80,114,77126,0,0,0,0,0,311,3606,-12694,7805,0,0,0,0,0
13,90,25.043,13,1970101,31,80,114,77126,0,0,0,0,0,311,3606,-12694,7805,0,0,0,0,0
13,90,25.106,14,1970157,31,80,114,77126,0,0,0,0,0,311,3606,-12694,7805,0,0,0,0,0
13,90,25.15,15,1970209,31,80,114,77126,0,0,0,0,0,311,3606,-12694,7805,0,0,0,0,0
13,90,25.206,16,1970265,31,80,114,77126,0,0,0,0,0,311,3606,-12694,7805,0,0,0,0,0
13,90,25.262,17,1970321,31,80,114,77126,0,0,0,0,0,311,3606,-12694,7805,0,0,0,0,0
13,90,25.319,18,1970377,31,80,114,77126,0,0,0,0,0,311,3606,-12694,7805,0,0,0,0,0
13,90,25.374,19,1970433,31,80,114,77126,0,0,0,0,0,311,3606,-12694,7805,0,0,0,0,0
13,90,25.431,20,1970489,31,80,114,77126,0,0,0,0,0,311,3606,-12694,7805,0,0,0,0,0
13,90,25.543,22,1970601,31,80,114,77126,0,0,0,0,0,311,3606,-12694,7805,0,0,0,0,0
13,90,25.598,23,1970657,31,80,114,77126,0,0,0,0,0,311,3606,-12694,7805,0,0,0,0,0
13,90,25.655,24,1970713,31,80,114,77126,0,0,0,0,0,311,3606,-12694,7805,0,0,0,0,0
13,90,25.71,25,1970769,31,80,114,77126,0,0,0,0,0,311,3606,-12694,7805,0,0,0,0,0
13,90,25.766,26,1970825,31,80,114,77126,0,0,0,0,0,311,3606,-12694,7805,0,0,0,0,0
13,90,25.823,27,1970881,31,80,114,77126,0,0,0,0,0,311,3606,-12694,7805,0,0,0,0,0
13,90,25.878,28,1970937,31,80,114,77126,0,0,0,0,0,311,3606,-12694,7805,0,0,0,0,0
13,90,25.935,29,1970993,31,80,114,77126,0,0,0,0,0,311,3606,-12694,7805,0,0,0,0,0
13,90,25.991,30,1971049,31,80,114,77126,0,0,0,0,0,311,3606,-12694,7805,0,0,0,0,0
13,90,26.103,32,1971161,31,80,114,77126,0,0,0,0,0,311,3606,-12694,7805,0,0,0,0,0
13,90,26.166,33,1971217,31,80,114,77126,0,0,0,0,0,311,3606,-12694,7805,0,0,0,0,0
13,90,26.211,34,1971269,31,80,114,77126,0,0,0,0,0,311,3606,-12694,7805,0,0,0,0,0
13,90,26.267,35,1971325,31,80,114,77126,0,0,0,0,0,311,3606,-12694,7805,0,0,0,0,0
13,90,26.322,36,1971381,31,80,114,77126,0,0,0,0,0,311,3606,-12694,7805,0,0,0,0,0
13,90,26.379,37,1971437,31,80,114,77126,0,0,0,0,0,311,3606,-12694,7805,0,0,0,0,0
13,90,26.435,38,1971493,31,80,114,77126,0,0,0,0,0,311,3606,-12694,7805,0,0,0,0,0
13,90,26.491,39,1971549,31,80,114,77126,0,0,0,0,0,311,3606,-12694,7805,0,0,0,0,0
13,90,26.546,40,1971605,31,80,114,77126,0,0,0,0,0,311,3606,-12694,7805,0,0,0,0,0
13,90,26.602,41,1971661,31,80,114,77126,0,0,0,0,0,311,3606,-12694,7805,0,0,0,0,0
13,90,26.659,42,1971717,31,80,114,77126,0,0,0,0,0,311,3606,-12694,7805,0,0,0,0,0
13,90,26.771,44,1971829,31,80,114,77126,0,0,0,0,0,311,3606,-12694,7805,0,0,0,0,0
13,90,26.826,45,1971885,31,80,114,77126,0,0,0,0,0,311,3606,-12694,7805,0,0,0,0,0
13,90,26.883,46,1971941,31,80,114,77126,0,0,0,0,0,311,3606,-12694,7805,0,0,0,0,0
13,90,26.938,47,1971997,31,80,114,77126,0,0,0,0,0,311,3606,-12694,7805,0,0,0,0,0
13,90,26.996,48,1972053,31,80,114,77126,0,0,0,0,0,311,3606,-12694,7805,0,0,0,0,0
13,90,27.05,49,1972109,31,80,114,77126,0,0,0,0,0,311,3606,-12694,7805,0,0,0,0,0
13,90,27.106,50,1972165,31,80,114,77126,0,0,0,0,0,311,3606,-12694,7805,0,0,0,0,0
13,90,27.226,52,1972277,31,80,114,77126,0,0,0,0,0,311,3606,-12694,7805,0,0,0,0,0
13,90,27.27,53,1972329,31,80,114,77126,0,0,0,0,0,311,3606,-12694,7805,0,0,0,0,0
13,90,27.326,54,1972385,31,80,114,77126,0,0,0,0,0,311,3606,-12694,7805,0,0,0,0,0
13,90,27.383,55,1972441,31,80,114,77126,0,0,0,0,0,311,3606,-12694,7805,0,0,0,0,0
13,90,27.438,56,1972497,31,80,114,77126,0,0,0,0,0,311,3606,-12694,7805,0,0,0,0,0
13,90,27.495,57,1972553,31,80,114,77126,0,0,0,0,0,311,3606,-12694,7805,0,0,0,0,0
13,90,27.55,58,1972609,31,80,114,77126,0,0,0,0,0,311,3606,-12694,7805,0,0,0,0,0
13,90,27.607,59,1972665,31,80,114,77126,0,0,0,0,0,311,3606,-12694,7805,0,0,0,0,0
13,90,27.718,61,1972777,31,80,114,77126,0,0,0,0,0,311,3606,-12694,7805,0,0,0,0,0
13,90,27.775,62,1972833,31,80,114,77126,0,0,0,0,0,311,3606,-12694,7805,0,0,0,0,0
13,90,27.83,63,1972889,31,80,114,77126,0,0,0,0,0,311,3606,-12694,7805,0,0,0,0,0
13,90,27.887,64,1972945,31,80,114,77126,0,0,0,0,0,311,3606,-12694,7805,0,0,0,0,0
13,90,27.942,65,1973001,31,80,114,77126,0,0,0,0,0,311,3606,-12694,7805,0,0,0,0,0
13,90,27.999,66,1973057,31,80,114,77126,0,0,0,0,0,311,3606,-12694,7805,0,0,0,0,0
13,90,28.055,67,1973113,31,80,114,77126,0,0,0,0,0,311,3606,-12694,7805,0,0,0,0,0
13,90,28.111,68,1973169,31,80,114,77126,0,0,0,0,0,311,3606,-12694,7805,0,0,0,0,0
13,90,28.166,69,1973225,31,80,114,77126,0,0,0,0,0,311,3606,-12694,7805,0,0,0,0,0
13,90,28.222,70,1973281,31,80,114,77126,0,0,0,0,0,311,3606,-12694,7805,0,0,0,0,0
13,90,28.286,71,1973337,31,80,114,77126,0,0,0,0,0,311,3606,-12694,7805,0,0,0,0,0
13,90,28.334,72,1973389,31,80,114,77126,0,0,0,0,0,311,3606,-12694,7805,0,0,0,0,0
13,90,28.386,73,1973445,31,80,114,77126,0,0,0,0,0,311,3606,-12694,7805,0,0,0,0,0
13,90,28.443,74,1973501,31,80,114,77126,0,0,0,0,0,311,3606,-12694,7805,0,0,0,0,0
13,90,28.499,75,1973557,31,80,114,77126,0,0,0,0,0,311,3606,-12694,7805,0,0,0,0,0
13,90,28.555,76,1973613,31,80,114,77126,0,0,0,0,0,311,3606,-12694,7805,0,0,0,0,0
13,90,28.612,77,1973669,31,80,114,77126,0,0,0,0,0,311,3606,-12694,7805,0,0,0,0,0
13,90,28.667,78,1973725,31,80,114,77126,0,0,0,0,0,311,3606,-12694,7805,0,0,0,0,0
13,90,28.723,79,1973781,31,80,114,77126,0,0,0,0,0,311,3606,-12694,7805,0,0,0,0,0
13,90,28.779,80,1973837,31,80,114,77126,0,0,0,0,0,311,3606,-12694,7805,0,0,0,0,0
13,90,28.835,81,1973893,31,80,114,77126,0,0,0,0,0,311,3606,-12694,7805,0,0,0,0,0
13,90,28.891,82,1973949,31,80,114,77126,0,0,0,0,0,311,3606,-12694,7805,0,0,0,0,0
13,90,28.947,83,1974005,31,80,114,77126,0,0,0,0,0,311,3606,-12694,7805,0,0,0,0,0
13,90,29.002,84,1974061,31,80,114,77126,0,0,0,0,0,311,3606,-12694,7805,0,0,0,0,0
13,90,29.058,85,1974117,31,80,114,77126,0,0,0,0,0,311,3606,-12694,7805,0,0,0,0,0
13,90,29.114,86,1974173,31,80,114,77126,0,0,0,0,0,311,3606,-12694,7805,0,0,0,0,0
13,90,29.226,88,1974285,31,80,114,77126,0,0,0,0,0,311,3606,-12694,7805,0,0,0,0,0
13,90,29.283,89,1974341,31,80,114,77126,0,0,0,0,0,311,3606,-12694,7805,0,0,0,0,0
13,90,29.347,90,1974397,31,80,114,77126,0,0,0,0,0,311,3606,-12694,7805,0,0,0,0,0
13,90,29.39,91,1974449,31,80,114,77126,0,0,0,0,0,311,3606,-12694,7805,0,0,0,0,0
13,90,29.502,93,1974561,31,80,114,77126,0,0,0,0,0,311,3606,-12694,7805,0,0,0,0,0
13,90,29.614,95,1974673,31,80,114,77126,0,0,0,0,0,311,3606,-12694,7805,0,0,0,0,0
13,90,29.726,97,1974785,31,80,114,77126,0,0,0,0,0,311,3606,-12694,7805,0,0,0,0,0
13,90,29.783,98,1974841,31,80,114,77126,0,0,0,0,0,311,3606,-12694,7805,0,0,0,0,0
13,90,29.894,100,1974953,31,80,114,77126,0,0,0,0,0,311,3606,-12694,7805,0,0,0,0,0
13,90,29.951,101,1975009,31,80,114,77126,0,0,0,0,0,311,3606,-12694,7805,0,0,0,0,0
13,90,30.007,102,1975065,31,80,114,77126,0,0,0,0,0,311,3606,-12694,7805,0,0,0,0,0
13,90,30.062,103,1975121,31,80,114,77126,0,0,0,0,0,311,3606,-12694,7805,0,0,0,0,0
13,90,30.118,104,1975177,31,80,114,77126,0,0,0,0,0,311,3606,-12694,7805,0,0,0,0,0
13,90,30.174,105,1975233,31,80,114,77126,0,0,0,0,0,311,3606,-12694,7805,0,0,0,0,0
13,90,30.286,107,1975345,31,80,114,77126,0,0,0,0,0,311,3606,-12694,7805,0,0,0,0,0
13,90,30.343,108,1975401,31,80,114,77126,0,0,0,0,0,311,3606,-12694,7805,0,0,0,0,0
13,90,30.406,109,1975457,31,80,114,77126,0,0,0,0,0,311,3606,-12694,7805,0,0,0,0,0
13,90,30.562,112,1975621,31,80,114,77126,0,0,0,0,0,311,3606,-12694,7805,0,0,0,0,0
13,90,30.618,113,1975677,31,80,114,77126,0,0,0,0,0,311,3606,-12694,7805,0,0,0,0,0
13,90,30.674,114,1975733,31,80,114,77126,0,0,0,0,0,311,3606,-12694,7805,0,0,0,0,0
13,90,30.73,115,1975789,31,80,114,77126,0,0,0,0,0,311,3606,-12694,7805,0,0,0,0,0
13,90,30.786,116,1975845,31,80,114,77126,0,0,0,0,0,311,3606,-12694,7805,0,0,0,0,0
13,90,30.843,117,1975901,31,80,114,77126,0,0,0,0,0,311,3606,-12694,7805,0,0,0,0,0
13,90,30.955,119,1976013,31,80,114,77126,0,0,0,0,0,311,3606,-12694,7805,0,0,0,0,0
13,90,31.011,120,1976069,31,80,114,77126,0,0,0,0,0,311,3606,-12694,7805,0,0,0,0,0
13,90,31.123,122,1976181,31,80,114,77126,0,0,0,0,0,311,3606,-12694,7805,0,0,0,0,0
13,90,31.178,123,1976237,31,80,114,77126,0,0,0,0,0,311,3606,-12694,7805,0,0,0,0,0
13,90,31.234,124,1976293,31,80,114,77126,0,0,0,0,0,311,3606,-12694,7805,0,0,0,0,0
13,90,31.292,125,1976349,31,80,114,77126,0,0,0,0,0,311,3606,-12694,7805,0,0,0,0,0
13,90,31.347,126,1976405,31,80,114,77126,0,0,0,0,0,311,3606,-12694,7805,0,0,0,0,0
13,90,31.403,127,1976461,31,80,114,77126,0,0,0,0,0,311,3606,-12694,7805,0,0,0,0,0
13,90,31.566,2,1976625,31,80,114,77126,0,0,0,0,0,311,3606,-12694,7805,0,0,0,0,0
13,90,31.621,3,1976681,31,80,114,77126,0,0,0,0,0,311,3606,-12694,7805,0,0,0,0,0
13,90,31.734,5,1976793,31,80,114,77126,0,0,0,0,0,311,3606,-12694,7805,0,0,0,0,0
13,90,31.79,6,1976849,31,80,114,77126,0,0,0,0,0,311,3606,-12694,7805,0,0,0,0,0
13,90,31.847,7,1976905,31,80,114,77126,0,0,0,0,0,311,3606,-12694,7805,0,0,0,0,0
13,90,31.902,8,1976961,31,80,114,77126,0,0,0,0,0,311,3606,-12694,7805,0,0,0,0,0
13,90,31.959,9,1977017,31,80,114,77126,0,0,0,0,0,311,3606,-12694,7805,0,0,0,0,0
13,90,32.015,10,1977073,31,80,114,77126,0,0,0,0,0,311,3606,-12694,7805,0,0,0,0,0
13,90,32.071,11,1977129,31,80,114,77126,0,0,0,0,0,311,3606,-12694,7805,0,0,0,0,0
13,90,32.127,12,1977185,31,80,114,77126,0,0,0,0,0,311,3606,-12694,7805,0,0,0,0,0
13,90,32.182,13,1977241,31,80,114,77126,0,0,0,0,0,311,3606,-12694,7805,0,0,0,0,0
13,90,32.239,14,1977297,31,80,114,77126,0,0,0,0,0,311,3606,-12694,7805,0,0,0,0,0
13,90,32.35,16,1977409,31,80,114,77126,0,0,0,0,0,311,3606,-12694,7805,0,0,0,0,0
13,90,32.406,17,1977465,31,80,114,77126,0,0,0,0,0,311,3606,-12694,7805,0,0,0,0,0
13,90,32.462,18,1977521,31,80,114,77126,0,0,0,0,0,311,3606,-12694,7805,0,0,0,0,0
13,90,32.526,19,1977577,31,80,114,77126,0,0,0,0,0,311,3606,-12694,7805,0,0,0,0,0
13,90,32.569,20,1977629,31,80,114,77126,0,0,0,0,0,311,3606,-12694,7805,0,0,0,0,0
13,90,32.626,21,1977685,31,80,114,77126,0,0,0,0,0,311,3606,-12694,7805,0,0,0,0,0
13,90,32.682,22,1977741,31,80,114,77126,0,0,0,0,0,311,3606,-12694,7805,0,0,0,0,0
13,90,32.738,23,1977797,31,80,114,77126,0,0,0,0,0,311,3606,-12694,7805,0,0,0,0,0
13,90,32.794,24,1977853,31,80,114,77126,0,0,0,0,0,311,3606,-12694,7805,0,0,0,0,0
13,90,32.849,25,1977909,31,80,114,77126,0,0,0,0,0,311,3606,-12694,7805,0,0,0,0,0
13,90,32.906,26,1977965,31,80,114,77126,0,0,0,0,0,311,3606,-12694,7805,0,0,0,0,0
13,90,32.963,27,1978021,31,80,114,77126,0,0,0,0,0,311,3606,-12694,7805,0,0,0,0,0
13,90,33.018,28,1978077,31,80,114,77126,0,0,0,0,0,311,3606,-12694,7805,0,0,0,0,0
13,90,33.074,29,1978133,31,80,114,77126,0,0,0,0,0,311,3606,-12694,7805,0,0,0,0,0
13,90,33.13,30,1978189,31,80,114,77126,0,0,0,0,0,311,3606,-12694,7805,0,0,0,0,0
13,90,33.186,31,1978245,31,80,114,77126,0,0,0,0,0,311,3606,-12694,7805,0,0,0,0,0
13,90,33.243,32,1978301,31,80,114,77126,0,0,0,0,0,311,3606,-12694,7805,0,0,0,0,0
13,90,33.298,33,1978357,31,80,114,77126,0,0,0,0,0,311,3606,-12694,7805,0,0,0,0,0
13,90,33.354,34,1978413,31,80,114,77126,0,0,0,0,0,311,3606,-12694,7805,0,0,0,0,0
13,90,33.41,35,1978469,31,80,114,77126,0,0,0,0,0,311,3606,-12694,7805,0,0,0,0,0
13,90,33.466,36,1978525,31,80,114,77126,0,0,0,0,0,311,3606,-12694,7805,0,0,0,0,0
13,90,33.586,38,1978637,31,80,114,77126,0,0,0,0,0,311,3606,-12694,7805,0,0,0,0,0
13,90,33.629,39,1978689,31,80,114,77126,0,0,0,0,0,311,3606,-12694,7805,0,0,0,0,0
13,90,33.687,40,1978745,31,80,114,77126,0,0,0,0,0,311,3606,-12694,7805,0,0,0,0,0
13,90,33.742,41,1978801,31,80,114,77126,0,0,0,0,0,311,3606,-12694,7805,0,0,0,0,0
13,90,33.798,42,1978857,31,80,114,77126,0,0,0,0,0,311,3606,-12694,7805,0,0,0,0,0
13,90,33.854,43,1978913,31,80,114,77126,0,0,0,0,0,311,3606,-12694,7805,0,0,0,0,0
13,90,33.966,45,1979025,31,80,114,77126,0,0,0,0,0,311,3606,-12694,7805,0,0,0,0,0
13,90,34.022,46,1979081,31,80,114,77126,0,0,0,0,0,311,3606,-12694,7805,0,0,0,0,0
13,90,34.077,47,1979137,31,80,114,77126,0,0,0,0,0,311,3606,-12694,7805,0,0,0,0,0
13,90,34.133,48,1979193,31,80,114,77126,0,0,0,0,0,311,3606,-12694,7805,0,0,0,0,0
13,90,34.302,51,1979361,31,80,114,77126,0,0,0,0,0,311,3606,-12694,7805,0,0,0,0,0
13,90,34.414,53,1979473,31,80,114,77126,0,0,0,0,0,311,3606,-12694,7805,0,0,0,0,0
13,90,34.526,55,1979585,31,80,114,77126,0,0,0,0,0,311,3606,-12694,7805,0,0,0,0,0
13,90,34.582,56,1979641,31,80,114,77126,0,0,0,0,0,311,3606,-12694,7805,0,0,0,0,0
13,90,34.646,57,1979697,31,80,114,77126,0,0,0,0,0,311,3606,-12694,7805,0,0,0,0,0
13,90,34.691,58,1979749,31,80,114,77126,0,0,0,0,0,311,3606,-12694,7805,0,0,0,0,0
13,90,34.747,59,1979805,31,80,114,77126,0,0,0,0,0,311,3606,-12694,7805,0,0,0,0,0
13,90,34.803,60,1979861,31,80,114,77126,0,0,0,0,0,311,3606,-12694,7805,0,0,0,0,0
13,90,34.858,61,1979917,31,80,114,77126,0,0,0,0,0,311,3606,-12694,7805,0,0,0,0,0
13,90,34.914,62,1979973,31,80,114,77126,0,0,0,0,0,311,3606,-12694,7805,0,0,0,0,0
13,90,34.969,63,1980029,31,80,114,77126,0,0,0,0,0,311,3606,-12694,7805,0,0,0,0,0
13,90,35.026,64,1980085,31,80,114,77126,0,0,0,0,0,311,3606,-12694,7805,0,0,0,0,0
13,90,35.137,66,1980197,31,80,114,77126,0,0,0,0,0,311,3606,-12694,7805,0,0,0,0,0
13,90,35.193,67,1980253,31,80,114,77126,0,0,0,0,0,311,3606,-12694,7805,0,0,0,0,0
13,90,35.25,68,1980309,31,80,114,77126,0,0,0,0,0,311,3606,-12694,7805,0,0,0,0,0
13,90,35.361,70,1980421,31,80,114,77126,0,0,0,0,0,311,3606,-12694,7805,0,0,0,0,0
13,90,35.475,72,1980533,31,80,114,77126,0,0,0,0,0,311,3606,-12694,7805,0,0,0,0,0
13,90,35.531,73,1980589,31,80,114,77126,0,0,0,0,0,311,3606,-12694,7805,0,0,0,0,0
13,90,35.585,74,1980645,31,80,114,77126,0,0,0,0,0,311,3606,-12694,7805,0,0,0,0,0
13,90,35.705,76,1980757,31,80,114,77126,0,0,0,0,0,311,3606,-12694,7805,0,0,0,0,0
13,90,35.75,77,1980809,31,80,114,77126,0,0,0,0,0,311,3606,-12694,7805,0,0,0,0,0
13,90,35.863,79,1980921,31,80,114,77126,0,0,0,0,0,311,3606,-12694,7805,0,0,0,0,0
13,90,35.917,80,1980977,31,80,114,77126,0,0,0,0,0,311,3606,-12694,7805,0,0,0,0,0
13,90,35.973,81,1981033,31,80,114,77126,0,0,0,0,0,311,3606,-12694,7805,0,0,0,0,0
13,90,36.086,83,1981145,31,80,114,77126,0,0,0,0,0,311,3606,-12694,7805,0,0,0,0,0
13,90,36.142,84,1981201,31,80,114,77126,0,0,0,0,0,311,3606,-12694,7805,0,0,0,0,0
13,90,36.197,85,1981257,31,80,114,77126,0,0,0,0,0,311,3606,-12694,7805,0,0,0,0,0
13,90,36.309,87,1981369,31,80,114,77126,0,0,0,0,0,311,3606,-12694,7805,0,0,0,0,0
13,90,36.366,88,1981425,31,80,114,77126,0,0,0,0,0,311,3606,-12694,7805,0,0,0,0,0
13,90,36.422,89,1981481,31,80,114,77126,0,0,0,0,0,311,3606,-12694,7805,0,0,0,0,0
13,90,36.478,90,1981537,31,80,114,77126,0,0,0,0,0,311,3606,-12694,7805,0,0,0,0,0
13,90,36.535,91,1981593,31,80,114,77126,0,0,0,0,0,311,3606,-12694,7805,0,0,0,0,0
13,90,36.59,92,1981649,31,80,114,77126,0,0,0,0,0,311,3606,-12694,7805,0,0,0,0,0
13,90,36.702,94,1981761,31,80,114,77126,0,0,0,0,0,311,3606,-12694,7805,0,0,0,0,0
13,90,36.767,95,1981817,31,80,114,77126,0,0,0,0,0,311,3606,-12694,7805,0,0,0,0,0
13,90,36.81,96,1981869,31,80,114,77126,0,0,0,0,0,311,3606,-12694,7805,0,0,0,0,0
13,90,36.866,97,1981925,31,80,114,77126,0,0,0,0,0,311,3606,-12694,7805,0,0,0,0,0
13,90,36.923,98,1981981,31,80,114,77126,0,0,0,0,0,311,3606,-12694,7805,0,0,0,0,0
13,90,36.977,99,1982037,31,80,114,77126,0,0,0,0,0,311,3606,-12694,7805,0,0,0,0,0
13,90,37.035,100,1982093,31,80,114,77126,0,0,0,0,0,311,3606,-12694,7805,0,0,0,0,0
13,90,37.091,101,1982149,31,80,114,77126,0,0,0,0,0,311,3606,-12694,7805,0,0,0,0,0
13,90,37.147,102,1982205,31,80,114,77126,0,0,0,0,0,311,3606,-12694,7805,0,0,0,0,0
13,90,37.202,103,1982261,31,80,114,77126,0,0,0,0,0,311,3606,-12694,7805,0,0,0,0,0
13,90,37.258,104,1982317,31,80,114,77126,0,0,0,0,0,311,3606,-12694,7805,0,0,0,0,0
13,90,37.313,105,1982373,31,80,114,77126,0,0,0,0,0,311,3606,-12694,7805,0,0,0,0,0
13,90,37.369,106,1982429,31,80,114,77126,0,0,0,0,0,311,3606,-12694,7805,0,0,0,0,0
13,90,37.426,107,1982485,31,80,114,77126,0,0,0,0,0,311,3606,-12694,7805,0,0,0,0,0
13,90,37.483,108,1982541,31,80,114,77126,0,0,0,0,0,311,3606,-12694,7805,0,0,0,0,0
13,90,37.538,109,1982597,31,80,114,77126,0,0,0,0,0,311,3606,-12694,7805,0,0,0,0,0
13,90,37.594,110,1982653,31,80,114,77126,0,0,0,0,0,311,3606,-12694,7805,0,0,0,0,0
13,90,37.649,111,1982709,31,80,114,77126,0,0,0,0,0,311,3606,-12694,7805,0,0,0,0,0
13,90,37.705,112,1982765,31,80,114,77126,0,0,0,0,0,311,3606,-12694,7805,0,0,0,0,0
13,90,37.761,113,1982821,31,80,114,77126,0,0,0,0,0,311,3606,-12694,7805,0,0,0,0,0
13,90,37.825,114,1982877,31,80,114,77126,0,0,0,0,0,311,3606,-12694,7805,0,0,0,0,0
13,90,37.869,115,1982929,31,80,114,77126,0,0,0,0,0,311,3606,-12694,7805,0,0,0,0,0
13,90,37.981,117,1983041,31,80,114,77126,0,0,0,0,0,311,3606,-12694,7805,0,0,0,0,0
13,90,38.037,118,1983097,31,80,114,77126,0,0,0,0,0,311,3606,-12694,7805,0,0,0,0,0
13,90,38.094,119,1983153,31,80,114,77126,0,0,0,0,0,311,3606,-12694,7805,0,0,0,0,0
13,90,38.15,120,1983209,31,80,114,77126,0,0,0,0,0,311,3606,-12694,7805,0,0,0,0,0
13,90,38.205,121,1983265,31,80,114,77126,0,0,0,0,0,311,3606,-12694,7805,0,0,0,0,0
13,90,38.261,122,1983321,31,80,114,77126,0,0,0,0,0,311,3606,-12694,7805,0,0,0,0,0
13,90,38.317,123,1983377,31,80,114,77126,0,0,0,0,0,311,3606,-12694,7805,0,0,0,0,0
13,90,38.373,124,1983433,31,80,114,77126,0,0,0,0,0,311,3606,-12694,7805,0,0,0,0,0
13,90,38.429,125,1983489,31,80,114,77126,0,0,0,0,0,311,3606,-12694,7805,0,0,0,0,0
13,90,38.485,126,1983545,31,80,114,77126,0,0,0,0,0,311,3606,-12694,7805,0,0,0,0,0
13,90,38.599,0,1983657,31,80,114,77126,0,0,0,0,0,311,3606,-12694,7805,0,0,0,0,0
13,90,38.653,1,1983713,31,80,114,77126,0,0,0,0,0,311,3606,-12694,7805,0,0,0,0,0
13,90,38.71,2,1983769,31,80,114,77126,0,0,0,0,0,311,3606,-12694,7805,0,0,0,0,0
13,90,38.765,3,1983825,31,80,114,77126,0,0,0,0,0,311,3606,-12694,7805,0,0,0,0,0
13,90,38.821,4,1983881,31,80,114,77126,0,0,0,0,0,311,3606,-12694,7805,0,0,0,0,0
13,90,38.885,5,1983937,31,80,114,77126,0,0,0,0,0,311,3606,-12694,7805,0,0,0,0,0
13,90,38.929,6,1983989,31,80,114,77126,0,0,0,0,0,311,3606,-12694,7805,0,0,0,0,0
13,90,39.042,8,1984101,31,80,114,77126,0,0,0,0,0,311,3606,-12694,7805,0,0,0,0,0
13,90,39.097,9,1984157,31,80,114,77126,0,0,0,0,0,311,3606,-12694,7805,0,0,0,0,0
13,90,39.209,11,1984269,31,80,114,77126,0,0,0,0,0,311,3606,-12694,7805,0,0,0,0,0
13,90,39.266,12,1984325,31,80,114,77126,0,0,0,0,0,311,3606,-12694,7805,0,0,0,0,0
13,90,39.322,13,1984381,31,80,114,77126,0,0,0,0,0,311,3606,-12694,7805,0,0,0,0,0
13,90,39.378,14,1984437,31,80,114,77126,0,0,0,0,0,311,3606,-12694,7805,0,0,0,0,0
13,90,39.433,15,1984493,31,80,114,77126,0,0,0,0,0,311,3606,-12694,7805,0,0,0,0,0
13,90,39.546,17,1984605,31,80,114,77126,0,0,0,0,0,311,3606,-12694,7805,0,0,0,0,0
13,90,39.601,18,1984661,31,80,114,77126,0,0,0,0,0,311,3606,-12694,7805,0,0,0,0,0
13,90,39.657,19,1984717,31,80,114,77126,0,0,0,0,0,311,3606,-12694,7805,0,0,0,0,0
13,90,39.713,20,1984773,31,80,114,77126,0,0,0,0,0,311,3606,-12694,7805,0,0,0,0,0
13,90,39.825,22,1984885,31,80,114,77126,0,0,0,0,0,311,3606,-12694,7805,0,0,0,0,0
13,90,39.883,23,1984941,31,80,114,77126,0,0,0,0,0,311,3606,-12694,7805,0,0,0,0,0
13,90,39.99,25,1985049,31,80,114,77126,0,0,0,0,0,311,3606,-12694,7805,0,0,0,0,0
13,90,40.045,26,1985105,31,80,114,77126,0,0,0,0,0,311,3606,-12694,7805,0,0,0,0,0
13,90,40.101,27,1985161,31,80,114,77126,0,0,0,0,0,311,3606,-12694,7805,0,0,0,0,0
13,90,40.158,28,1985217,31,80,114,77126,0,0,0,0,0,311,3606,-12694,7805,0,0,0,0,0
13,90,40.215,29,1985273,31,80,114,77126,0,0,0,0,0,311,3606,-12694,7805,0,0,0,0,0
13,90,40.269,30,1985329,31,80,114,77126,0,0,0,0,0,311,3606,-12694,7805,0,0,0,0,0
13,90,40.325,31,1985385,31,80,114,77126,0,0,0,0,0,311,3606,-12694,7805,0,0,0,0,0
13,90,40.493,34,1985553,31,80,114,77126,0,0,0,0,0,311,3606,-12694,7805,0,0,0,0,0
13,90,40.549,35,1985609,31,80,114,77126,0,0,0,0,0,311,3606,-12694,7805,0,0,0,0,0
13,90,40.605,36,1985665,31,80,114,77126,0,0,0,0,0,311,3606,-12694,7805,0,0,0,0,0
13,90,40.662,37,1985721,31,80,114,77126,0,0,0,0,0,311,3606,-12694,7805,0,0,0,0,0
13,90,40.718,38,1985777,31,80,114,77126,0,0,0,0,0,311,3606,-12694,7805,0,0,0,0,0
13,90,40.773,39,1985833,31,80,114,77126,0,0,0,0,0,311,3606,-12694,7805,0,0,0,0,0
13,90,40.829,40,1985889,31,80,114,77126,0,0,0,0,0,311,3606,-12694,7805,0,0,0,0,0
13,90,40.886,41,1985945,31,80,114,77126,0,0,0,0,0,311,3606,-12694,7805,0,0,0,0,0
13,90,40.941,42,1986001,31,80,114,77126,0,0,0,0,0,311,3606,-12694,7805,0,0,0,0,0
13,90,41.105,45,1986165,31,80,114,77126,0,0,0,0,0,311,3606,-12694,7805,0,0,0,0,0
13,90,41.217,47,1986277,31,80,114,77126,0,0,0,0,0,311,3606,-12694,7805,0,0,0,0,0
13,90,41.273,48,1986333,31,80,114,77126,0,0,0,0,0,311,3606,-12694,7805,0,0,0,0,0
13,90,41.329,49,1986389,31,80,114,77126,0,0,0,0,0,311,3606,-12694,7805,0,0,0,0,0
13,90,41.385,50,1986445,31,80,114,77126,0,0,0,0,0,311,3606,-12694,7805,0,0,0,0,0
13,90,41.441,51,1986501,31,80,114,77126,0,0,0,0,0,311,3606,-12694,7805,0,0,0,0,0
13,90,41.498,52,1986557,31,80,114,77126,0,0,0,0,0,311,3606,-12694,7805,0,0,0,0,0
13,90,41.553,53,1986613,31,80,114,77126,0,0,0,0,0,311,3606,-12694,7805,0,0,0,0,0
13,90,41.611,54,1986669,31,80,114,77126,0,0,0,0,0,311,3606,-12694,7805,0,0,0,0,0
13,90,41.665,55,1986725,31,80,114,77126,0,0,0,0,0,311,3606,-12694,7805,0,0,0,0,0
13,90,41.721,56,1986781,31,80,114,77126,0,0,0,0,0,311,3606,-12694,7805,0,0,0,0,0
13,90,41.777,57,1986837,31,80,114,77126,0,0,0,0,0,311,3606,-12694,7805,0,0,0,0,0
13,90,41.833,58,1986893,31,80,114,77126,0,0,0,0,0,311,3606,-12694,7805,0,0,0,0,0
13,90,41.889,59,1986949,31,80,114,77126,0,0,0,0,0,311,3606,-12694,7805,0,0,0,0,0
13,90,41.945,60,1987005,31,80,114,77126,0,0,0,0,0,311,3606,-12694,7805,0,0,0,0,0
13,90,42.001,61,1987061,31,80,114,77126,0,0,0,0,0,311,3606,-12694,7805,0,0,0,0,0
13,90,42.065,62,1987117,31,80,114,77126,0,0,0,0,0,311,3606,-12694,7805,0,0,0,0,0
13,90,42.111,63,1987169,31,80,114,77126,0,0,0,0,0,311,3606,-12694,7805,0,0,0,0,0
13,90,42.165,64,1987225,31,80,114,77126,0,0,0,0,0,311,3606,-12694,7805,0,0,0,0,0
13,90,42.221,65,1987281,31,80,114,77126,0,0,0,0,0,311,3606,-12694,7805,0,0,0,0,0
13,90,42.333,67,1987393,31,80,114,77126,0,0,0,0,0,311,3606,-12694,7805,0,0,0,0,0
13,90,42.389,68,1987449,31,80,114,77126,0,0,0,0,0,311,3606,-12694,7805,0,0,0,0,0
13,90,42.445,69,1987505,31,80,114,77126,0,0,0,0,0,311,3606,-12694,7805,0,0,0,0,0
13,90,42.501,70,1987561,31,80,114,77126,0,0,0,0,0,311,3606,-12694,7805,0,0,0,0,0
13,90,42.557,71,1987617,31,80,114,77126,0,0,0,0,0,311,3606,-12694,7805,0,0,0,0,0
13,90,42.613,72,1987673,31,80,114,77126,0,0,0,0,0,311,3606,-12694,7805,0,0,0,0,0
13,90,42.669,73,1987729,31,80,114,77126,0,0,0,0,0,311,3606,-12694,7805,0,0,0,0,0
13,90,42.725,74,1987785,31,80,114,77126,0,0,0,0,0,311,3606,-12694,7805,0,0,0,0,0
13,90,42.781,75,1987841,31,80,114,77126,0,0,0,0,0,311,3606,-12694,7805,0,0,0,0,0
13,90,42.894,77,1987953,31,80,114,77126,0,0,0,0,0,311,3606,-12694,7805,0,0,0,0,0
13,90,42.95,78,1988009,31,80,114,77126,0,0,0,0,0,311,3606,-12694,7805,0,0,0,0,0
13,90,43.006,79,1988065,31,80,114,77126,0,0,0,0,0,311,3606,-12694,7805,0,0,0,0,0
13,90,43.061,80,1988121,31,80,114,77126,0,0,0,0,0,311,3606,-12694,7805,0,0,0,0,0
13,90,43.125,81,1988177,31,80,114,77126,0,0,0,0,0,311,3606,-12694,7805,0,0,0,0,0
13,90,43.169,82,1988229,31,80,114,77126,0,0,0,0,0,311,3606,-12694,7805,0,0,0,0,0
13,90,43.225,83,1988285,31,80,114,77126,0,0,0,0,0,311,3606,-12694,7805,0,0,0,0,0
13,90,43.281,84,1988341,31,80,114,77126,0,0,0,0,0,311,3606,-12694,7805,0,0,0,0,0
13,90,43.337,85,1988397,31,80,114,77126,0,0,0,0,0,311,3606,-12694,7805,0,0,0,0,0
13,90,43.393,86,1988453,31,80,114,77126,0,0,0,0,0,311,3606,-12694,7805,0,0,0,0,0
13,90,43.449,87,1988509,31,80,114,77126,0,0,0,0,0,311,3606,-12694,7805,0,0,0,0,0
13,90,43.561,89,1988621,31,80,114,77126,0,0,0,0,0,311,3606,-12694,7805,0,0,0,0,0
13,90,43.617,90,1988677,31,80,114,77126,0,0,0,0,0,311,3606,-12694,7805,0,0,0,0,0
13,90,43.673,91,1988733,31,80,114,77126,0,0,0,0,0,311,3606,-12694,7805,0,0,0,0,0
13,90,43.729,92,1988789,31,80,114,77126,0,0,0,0,0,311,3606,-12694,7805,0,0,0,0,0
13,90,43.785,93,1988845,31,80,114,77126,0,0,0,0,0,311,3606,-12694,7805,0,0,0,0,0
13,90,43.842,94,1988901,31,80,114,77126,0,0,0,0,0,311,3606,-12694,7805,0,0,0,0,0
13,90,43.898,95,1988957,31,80,114,77126,0,0,0,0,0,311,3606,-12694,7805,0,0,0,0,0
13,90,43.953,96,1989013,31,80,114,77126,0,0,0,0,0,311,3606,-12694,7805,0,0,0,0,0
13,90,44.009,97,1989069,31,80,114,77126,0,0,0,0,0,311,3606,-12694,7805,0,0,0,0,0
13,90,44.066,98,1989125,31,80,114,77126,0,0,0,0,0,311,3606,-12694,7805,0,0,0,0,0
13,90,44.186,100,1989237,31,80,114,77126,0,0,0,0,0,311,3606,-12694,7805,0,0,0,0,0
13,90,44.23,101,1989289,31,80,114,77126,0,0,0,0,0,311,3606,-12694,7805,0,0,0,0,0
13,90,44.286,102,1989345,31,80,114,77126,0,0,0,0,0,311,3606,-12694,7805,0,0,0,0,0
13,90,44.397,104,1989457,31,80,114,77126,0,0,0,0,0,311,3606,-12694,7805,0,0,0,0,0
13,90,44.453,105,1989513,31,80,114,77126,0,0,0,0,0,311,3606,-12694,7805,0,0,0,0,0
13,90,44.509,106,1989569,31,80,114,77126,0,0,0,0,0,311,3606,-12694,7805,0,0,0,0,0
13,90,44.565,107,1989625,31,80,114,77126,0,0,0,0,0,311,3606,-12694,7805,0,0,0,0,0
13,90,44.621,108,1989681,31,80,114,77126,0,0,0,0,0,311,3606,-12694,7805,0,0,0,0,0
13,90,44.677,109,1989737,31,80,114,77126,0,0,0,0,0,311,3606,-12694,7805,0,0,0,0,0
13,90,44.734,110,1989793,31,80,114,77126,0,0,0,0,0,311,3606,-12694,7805,0,0,0,0,0
13,90,44.79,111,1989849,31,80,114,77126,0,0,0,0,0,311,3606,-12694,7805,0,0,0,0,0
13,90,44.846,112,1989905,31,80,114,77126,0,0,0,0,0,311,3606,-12694,7805,0,0,0,0,0
13,90,44.901,113,1989961,31,80,114,77126,0,0,0,0,0,311,3606,-12694,7805,0,0,0,0,0
13,90,44.957,114,1990017,31,80,114,77126,0,0,0,0,0,311,3606,-12694,7805,0,0,0,0,0
13,90,45.013,115,1990073,31,80,114,77126,0,0,0,0,0,311,3606,-12694,7805,0,0,0,0,0
13,90,45.069,116,1990129,31,80,114,77126,0,0,0,0,0,311,3606,-12694,7805,0,0,0,0,0
13,90,45.125,117,1990185,31,80,114,77126,0,0,0,0,0,311,3606,-12694,7805,0,0,0,0,0
13,90,45.181,118,1990241,31,80,114,77126,0,0,0,0,0,311,3606,-12694,7805,0,0,0,0,0
13,90,45.246,119,1990297,31,80,114,77126,0,0,0,0,0,311,3606,-12694,7805,0,0,0,0,0
13,90,45.289,120,1990349,31,80,114,77126,0,0,0,0,0,311,3606,-12694,7805,0,0,0,0,0
13,90,45.345,121,1990405,31,80,114,77126,0,0,0,0,0,311,3606,-12694,7805,0,0,0,0,0
13,90,45.457,123,1990517,31,80,114,77126,0,0,0,0,0,311,3606,-12694,7805,0,0,0,0,0
13,90,45.513,124,1990573,31,80,114,77126,0,0,0,0,0,311,3606,-12694,7805,0,0,0,0,0
13,90,45.569,125,1990629,31,80,114,77126,0,0,0,0,0,311,3606,-12694,7805,0,0,0,0,0
13,90,45.625,126,1990685,31,80,114,77126,0,0,0,0,0,311,3606,-12694,7805,0,0,0,0,0
13,90,45.681,127,1990741,31,80,114,77126,0,0,0,0,0,311,3606,-12694,7805,0,0,0,0,0
13,90,45.737,0,1990797,31,80,114,77126,0,0,0,0,0,311,3606,-12694,7805,0,0,0,0,0
13,90,45.793,1,1990853,31,80,114,77126,0,0,0,0,0,311,3606,-12694,7805,0,0,0,0,0
13,90,45.849,2,1990909,31,80,114,77126,0,0,0,0,0,311,3606,-12694,7805,0,0,0,0,0
13,90,45.904,3,1990965,31,80,114,77126,0,0,0,0,0,311,3606,-12694,7805,0,0,0,0,0
13,90,45.962,4,1991021,31,80,114,77126,0,0,0,0,0,311,3606,-12694,7805,0,0,0,0,0
13,90,46.072,6,1991133,31,80,114,77126,0,0,0,0,0,311,3606,-12694,7805,0,0,0,0,0
13,90,46.129,7,1991189,31,80,114,77126,0,0,0,0,0,311,3606,-12694,7805,0,0,0,0,0
13,90,46.185,8,1991245,31,80,114,77126,0,0,0,0,0,311,3606,-12694,7805,0,0,0,0,0
13,90,46.241,9,1991301,31,80,114,77126,0,0,0,0,0,311,3606,-12694,7805,0,0,0,0,0
13,90,46.307,10,1991357,31,80,114,77126,0,0,0,0,0,311,3606,-12694,7805,0,0,0,0,0
13,90,46.349,11,1991409,31,80,114,77126,0,0,0,0,0,311,3606,-12694,7805,0,0,0,0,0
13,90,46.405,12,1991465,31,80,114,77126,0,0,0,0,0,311,3606,-12694,7805,0,0,0,0,0
13,90,46.461,13,1991521,31,80,114,77126,0,0,0,0,0,311,3606,-12694,7805,0,0,0,0,0
13,90,46.519,14,1991577,31,80,114,77126,0,0,0,0,0,311,3606,-12694,7805,0,0,0,0,0
13,90,46.573,15,1991633,31,80,114,77126,0,0,0,0,0,311,3606,-12694,7805,0,0,0,0,0
13,90,46.686,17,1991745,31,80,114,77126,0,0,0,0,0,311,3606,-12694,7805,0,0,0,0,0
13,90,46.741,18,1991801,31,80,114,77126,0,0,0,0,0,311,3606,-12694,7805,0,0,0,0,0
13,90,46.797,19,1991857,31,80,114,77126,0,0,0,0,0,311,3606,-12694,7805,0,0,0,0,0
13,90,46.853,20,1991913,31,80,114,77126,0,0,0,0,0,311,3606,-12694,7805,0,0,0,0,0
13,90,46.91,21,1991969,31,80,114,77126,0,0,0,0,0,311,3606,-12694,7805,0,0,0,0,0
13,90,46.965,22,1992025,31,80,114,77126,0,0,0,0,0,311,3606,-12694,7805,0,0,0,0,0
13,90,47.025,23,1992081,31,80,114,77126,0,0,0,0,0,311,3606,-12694,7805,0,0,0,0,0
13,90,47.078,24,1992137,31,80,114,77126,0,0,0,0,0,311,3606,-12694,7805,0,0,0,0,0
13,90,47.189,26,1992249,31,80,114,77126,0,0,0,0,0,311,3606,-12694,7805,0,0,0,0,0
13,90,47.301,28,1992361,31,80,114,77126,0,0,0,0,0,311,3606,-12694,7805,0,0,0,0,0
13,90,47.366,29,1992417,31,80,114,77126,0,0,0,0,0,311,3606,-12694,7805,0,0,0,0,0
13,90,47.409,30,1992469,31,80,114,77126,0,0,0,0,0,311,3606,-12694,7805,0,0,0,0,0
13,90,47.465,31,1992525,31,80,114,77126,0,0,0,0,0,311,3606,-12694,7805,0,0,0,0,0
13,90,47.522,32,1992581,31,80,114,77126,0,0,0,0,0,311,3606,-12694,7805,0,0,0,0,0
13,90,47.577,33,1992637,31,80,114,77126,0,0,0,0,0,311,3606,-12694,7805,0,0,0,0,0
13,90,47.634,34,1992693,31,80,114,77126,0,0,0,0,0,311,3606,-12694,7805,0,0,0,0,0
13,90,47.689,35,1992749,31,80,114,77126,0,0,0,0,0,311,3606,-12694,7805,0,0,0,0,0
13,90,47.746,36,1992805,31,80,114,77126,0,0,0,0,0,311,3606,-12694,7805,0,0,0,0,0
13,90,47.801,37,1992861,31,80,114,77126,0,0,0,0,0,311,3606,-12694,7805,0,0,0,0,0
13,90,47.913,39,1992973,31,80,114,77126,0,0,0,0,0,311,3606,-12694,7805,0,0,0,0,0
13,90,47.969,40,1993029,31,80,114,77126,0,0,0,0,0,311,3606,-12694,7805,0,0,0,0,0
13,90,48.026,41,1993085,31,80,114,77126,0,0,0,0,0,311,3606,-12694,7805,0,0,0,0,0
13,90,48.081,42,1993141,31,80,114,77126,0,0,0,0,0,311,3606,-12694,7805,0,0,0,0,0
13,90,48.137,43,1993197,31,80,114,77126,0,0,0,0,0,311,3606,-12694,7805,0,0,0,0,0
13,90,48.193,44,1993253,31,80,114,77126,0,0,0,0,0,311,3606,-12694,7805,0,0,0,0,0
13,90,48.249,45,1993309,31,80,114,77126,0,0,0,0,0,311,3606,-12694,7805,0,0,0,0,0
13,90,48.305,46,1993365,31,80,114,77126,0,0,0,0,0,311,3606,-12694,7805,0,0,0,0,0
13,90,48.361,47,1993421,31,80,114,77126,0,0,0,0,0,311,3606,-12694,7805,0,0,0,0,0
13,90,48.426,48,1993477,31,80,114,77126,0,0,0,0,0,311,3606,-12694,7805,0,0,0,0,0
13,90,48.469,49,1993529,31,80,114,77126,0,0,0,0,0,311,3606,-12694,7805,0,0,0,0,0
13,90,48.581,51,1993641,31,80,114,77126,0,0,0,0,0,311,3606,-12694,7805,0,0,0,0,0
13,90,48.637,52,1993697,31,80,114,77126,0,0,0,0,0,311,3606,-12694,7805,0,0,0,0,0
13,90,48.693,53,1993753,31,80,114,77126,0,0,0,0,0,311,3606,-12694,7805,0,0,0,0,0
13,90,48.749,54,1993809,31,80,114,77126,0,0,0,0,0,311,3606,-12694,7805,0,0,0,0,0
13,90,48.805,55,1993865,31,80,114,77126,0,0,0,0,0,311,3606,-12694,7805,0,0,0,0,0
13,90,48.862,56,1993921,31,80,114,77126,0,0,0,0,0,311,3606,-12694,7805,0,0,0,0,0
13,90,48.917,57,1993977,31,80,114,77126,0,0,0,0,0,311,3606,-12694,7805,0,0,0,0,0
13,90,48.973,58,1994033,31,80,114,77126,0,0,0,0,0,311,3606,-12694,7805,0,0,0,0,0
13,90,49.029,59,1994089,31,80,114,77126,0,0,0,0,0,311,3606,-12694,7805,0,0,0,0,0
13,90,49.086,60,1994145,31,80,114,77126,0,0,0,0,0,311,3606,-12694,7805,0,0,0,0,0
13,90,49.141,61,1994201,31,80,114,77126,0,0,0,0,0,311,3606,-12694,7805,0,0,0,0,0
13,90,49.197,62,1994257,31,80,114,77126,0,0,0,0,0,311,3606,-12694,7805,0,0,0,0,0
13,90,49.252,63,1994313,31,80,114,77126,0,0,0,0,0,311,3606,-12694,7805,0,0,0,0,0
13,90,49.31,64,1994369,31,80,114,77126,0,0,0,0,0,311,3606,-12694,7805,0,0,0,0,0
13,90,49.365,65,1994425,31,80,114,77126,0,0,0,0,0,311,3606,-12694,7805,0,0,0,0,0
13,90,49.421,66,1994481,31,80,114,77126,0,0,0,0,0,311,3606,-12694,7805,0,0,0,0,0
13,90,49.485,67,1994537,31,80,114,77126,0,0,0,0,0,311,3606,-12694,7805,0,0,0,0,0
13,90,49.529,68,1994589,31,80,114,77126,0,0,0,0,0,311,3606,-12694,7805,0,0,0,0,0
13,90,49.585,69,1994645,31,80,114,77126,0,0,0,0,0,311,3606,-12694,7805,0,0,0,0,0
13,90,49.641,70,1994701,31,80,114,77126,0,0,0,0,0,311,3606,-12694,7805,0,0,0,0,0
13,90,49.696,71,1994757,31,80,114,77126,0,0,0,0,0,311,3606,-12694,7805,0,0,0,0,0
13,90,49.753,72,1994813,31,80,114,77126,0,0,0,0,0,311,3606,-12694,7805,0,0,0,0,0
13,90,49.808,73,1994869,31,80,114,77126,0,0,0,0,0,311,3606,-12694,7805,0,0,0,0,0
13,90,49.921,75,1994981,31,80,114,77126,0,0,0,0,0,311,3606,-12694,7805,0,0,0,0,0
13,90,49.978,76,1995037,31,80,114,77126,0,0,0,0,0,311,3606,-12694,7805,0,0,0,0,0
13,90,50.033,77,1995093,31,80,114,77126,0,0,0,0,0,311,3606,-12694,7805,0,0,0,0,0
14,-90,0.005,72,2001957,31,80,114,77126,0,0,0,0,0,311,3606,-12694,7805,0,0,0,0,0
14,-90,0.06,73,2002021,31,80,114,77126,0,0,0,0,0,311,3607,-12694,7805,900,-900,0,0,0
14,-90,0.118,74,2002071,31,80,114,77096,0,0,0,5,-8,312,3609,-12691,7800,1100,-1100,0,0,0
14,-90,0.18,75,2002141,31,79,113,77020,0,0,0,5,-31,315,3612,-12691,7780,1400,-1300,0,0,0
14,-90,0.251,76,2002213,31,78,112,76885,0,0,0,5,-62,318,3615,-12691,7744,1700,-1700,0,0,0
14,-90,0.324,77,2002285,31,76,111,76607,0,0,0,26,-89,319,3618,-12686,7675,2100,-2100,0,0,0
14,-90,0.395,78,2002357,31,75,109,76083,0,0,0,46,-108,319,3621,-12647,7575,2500,-2500,0,0,0
14,-90,0.469,79,2002429,31,73,108,75286,0,0,0,92,-164,319,3624,-12566,7444,2900,-2900,0,0,0
14,-90,0.541,80,2002501,31,71,107,74243,0,0,0,145,-200,319,3627,-12450,7283,3000,-2900,0,0,0
14,-90,0.612,81,2002573,31,70,106,73092,0,0,0,148,-190,319,3630,-12316,7111,2900,-2900,0,0,0
14,-90,0.745,83,2002695,31,68,106,71075,0,0,0,135,-184,319,3635,-12075,6816,2800,-2800,0,0,0
14,-90,0.806,84,2002765,31,67,107,69849,0,0,0,164,-204,319,3638,-11927,6638,2800,-2700,0,0,0
14,-90,0.876,85,2002837,31,66,107,68596,0,0,0,164,-200,319,3641,-11777,6455,2100,-2100,0,0,0
14,-90,1.027,86,2002990,31,64,109,67237,0,0,0,0,0,319,3650,-11633,6238,0,0,0,0,0
14,-90,1.078,87,2003041,31,64,109,67237,0,0,0,0,0,319,3651,-11633,6238,0,0,0,0,0
14,-90,1.134,88,2003097,31,64,109,67237,0,0,0,0,0,319,3651,-11633,6238,0,0,0,0,0
14,-90,1.19,89,2003153,31,64,109,67237,0,0,0,0,0,319,3651,-11633,6238,0,0,0,0,0
14,-90,1.311,91,2003265,31,64,109,67237,0,0,0,0,0,319,3651,-11633,6238,0,0,0,0,0
14,-90,1.354,92,2003317,31,64,109,67237,0,0,0,0,0,319,3651,-11633,6238,0,0,0,0,0
14,-90,1.41,93,2003373,31,64,109,67237,0,0,0,0,0,319,3651,-11633,6238,0,0,0,0,0
14,-90,1.466,94,2003429,31,64,109,67237,0,0,0,0,0,319,3651,-11633,6238,0,0,0,0,0
14,-90,1.522,95,2003485,31,64,109,67237,0,0,0,0,0,319,3651,-11633,6238,0,0,0,0,0
14,-90,1.578,96,2003541,31,64,109,67237,0,0,0,0,0,319,3651,-11633,6238,0,0,0,0,0
14,-90,1.634,97,2003597,31,64,109,67237,0,0,0,0,0,319,3651,-11633,6238,0,0,0,0,0
14,-90,1.69,98,2003653,31,64,109,67237,0,0,0,0,0,319,3651,-11633,6238,0,0,0,0,0
14,-90,1.745,99,2003709,31,64,109,67237,0,0,0,0,0,319,3651,-11633,6238,0,0,0,0,0
14,-90,1.802,100,2003765,31,64,109,67237,0,0,0,0,0,319,3651,-11633,6238,0,0,0,0,0
14,-90,1.858,101,2003821,31,64,109,67237,0,0,0,0,0,319,3651,-11633,6238,0,0,0,0,0
14,-90,1.972,103,2003933,31,64,109,67237,0,0,0,0,0,319,3651,-11633,6238,0,0,0,0,0
14,-90,2.026,104,2003989,31,64,109,67237,0,0,0,0,0,319,3651,-11633,6238,0,0,0,0,0
14,-90,2.082,105,2004045,31,64,109,67237,0,0,0,0,0,319,3651,-11633,6238,0,0,0,0,0
14,-90,2.138,106,2004101,31,64,109,67237,0,0,0,0,0,319,3651,-11633,6238,0,0,0,0,0
14,-90,2.196,107,2004157,31,64,109,67237,0,0,0,0,0,319,3651,-11633,6238,0,0,0,0,0
14,-90,2.25,108,2004213,31,64,109,67237,0,0,0,0,0,319,3651,-11633,6238,0,0,0,0,0
14,-90,2.306,109,2004269,31,64,109,67237,0,0,0,0,0,319,3651,-11633,6238,0,0,0,0,0
14,-90,2.372,110,2004325,31,64,109,67237,0,0,0,0,0,319,3651,-11633,6238,0,0,0,0,0
14,-90,2.415,111,2004377,31,64,109,67237,0,0,0,0,0,319,3651,-11633,6238,0,0,0,0,0
14,-90,2.47,112,2004433,31,64,109,67237,0,0,0,0,0,319,3651,-11633,6238,0,0,0,0,0
14,-90,2.583,114,2004545,31,64,109,67237,0,0,0,0,0,319,3651,-11633,6238,0,0,0,0,0
14,-90,2.638,115,2004601,31,64,109,67237,0,0,0,0,0,319,3651,-11633,6238,0,0,0,0,0
14,-90,2.75,117,2004713,31,64,109,67237,0,0,0,0,0,319,3651,-11633,6238,0,0,0,0,0
14,-90,2.805,118,2004769,31,64,109,67237,0,0,0,0,0,319,3651,-11633,6238,0,0,0,0,0
14,-90,2.863,119,2004825,31,64,109,67237,0,0,0,0,0,319,3651,-11633,6238,0,0,0,0,0
14,-90,2.922,120,2004881,31,64,109,67237,0,0,0,0,0,319,3651,-11633,6238,0,0,0,0,0
14,-90,3.03,122,2004993,31,64,109,67237,0,0,0,0,0,319,3651,-11633,6238,0,0,0,0,0
14,-90,3.086,123,2005049,31,64,109,67237,0,0,0,0,0,319,3651,-11633,6238,0,0,0,0,0
14,-90,3.197,125,2005161,31,64,109,67237,0,0,0,0,0,319,3651,-11633,6238,0,0,0,0,0
14,-90,3.254,126,2005217,31,64,109,67237,0,0,0,0,0,319,3651,-11633,6238,0,0,0,0,0
14,-90,3.31,127,2005273,31,64,109,67237,0,0,0,0,0,319,3651,-11633,6238,0,0,0,0,0
14,-90,3.366,0,2005329,31,64,109,67237,0,0,0,0,0,319,3651,-11633,6238,0,0,0,0,0
14,-90,3.432,1,2005385,31,64,109,67237,0,0,0,0,0,319,3651,-11633,6238,0,0,0,0,0
14,-90,3.474,2,2005437,31,64,109,67237,0,0,0,0,0,319,3651,-11633,6238,0,0,0,0,0
14,-90,3.529,3,2005493,31,64,109,67237,0,0,0,0,0,319,3651,-11633,6238,0,0,0,0,0
14,-90,3.586,4,2005549,31,64,109,67237,0,0,0,0,0,319,3651,-11633,6238,0,0,0,0,0
14,-90,3.643,5,2005605,31,64,109,67237,0,0,0,0,0,319,3651,-11633,6238,0,0,0,0,0
14,-90,3.697,6,2005661,31,64,109,67237,0,0,0,0,0,319,3651,-11633,6238,0,0,0,0,0
14,-90,3.921,10,2005885,31,64,109,67237,0,0,0,0,0,319,3651,-11633,6238,0,0,0,0,0
14,-90,3.978,11,2005941,31,64,109,67237,0,0,0,0,0,319,3651,-11633,6238,0,0,0,0,0
14,-90,4.034,12,2005997,31,64,109,67237,0,0,0,0,0,319,3651,-11633,6238,0,0,0,0,0
14,-90,4.091,13,2006053,31,64,109,67237,0,0,0,0,0,319,3651,-11633,6238,0,0,0,0,0
14,-90,4.146,14,2006109,31,64,109,67237,0,0,0,0,0,319,3651,-11633,6238,0,0,0,0,0
14,-90,4.201,15,2006165,31,64,109,67237,0,0,0,0,0,319,3651,-11633,6238,0,0,0,0,0
14,-90,4.258,16,2006221,31,64,109,67237,0,0,0,0,0,319,3651,-11633,6238,0,0,0,0,0
14,-90,4.313,17,2006277,31,64,109,67237,0,0,0,0,0,319,3651,-11633,6238,0,0,0,0,0
14,-90,4.426,19,2006389,31,64,109,67237,0,0,0,0,0,319,3651,-11633,6238,0,0,0,0,0
14,-90,4.491,20,2006445,31,64,109,67237,0,0,0,0,0,319,3651,-11633,6238,0,0,0,0,0
14,-90,4.589,22,2006553,31,64,109,67237,0,0,0,0,0,319,3651,-11633,6238,0,0,0,0,0
14,-90,4.645,23,2006609,31,64,109,67237,0,0,0,0,0,319,3651,-11633,6238,0,0,0,0,0
14,-90,4.702,24,2006665,31,64,109,67237,0,0,0,0,0,319,3651,-11633,6238,0,0,0,0,0
14,-90,4.757,25,2006721,31,64,109,67237,0,0,0,0,0,319,3651,-11633,6238,0,0,0,0,0
14,-90,4.814,26,2006777,31,64,109,67237,0,0,0,0,0,319,3651,-11633,6238,0,0,0,0,0
14,-90,4.869,27,2006833,31,64,109,67237,0,0,0,0,0,319,3651,-11633,6238,0,0,0,0,0
14,-90,4.926,28,2006889,31,64,109,67237,0,0,0,0,0,319,3651,-11633,6238,0,0,0,0,0
14,-90,4.982,29,2006945,31,64,109,67237,0,0,0,0,0,319,3651,-11633,6238,0,0,0,0,0
14,-90,5.039,30,2007001,31,64,109,67237,0,0,0,0,0,319,3651,-11633,6238,0,0,0,0,0
14,-90,5.093,31,2007057,31,64,109,67237,0,0,0,0,0,319,3651,-11633,6238,0,0,0,0,0
14,-90,5.15,32,2007113,31,64,109,67237,0,0,0,0,0,319,3651,-11633,6238,0,0,0,0,0
14,-90,5.207,33,2007169,31,64,109,67237,0,0,0,0,0,319,3651,-11633,6238,0,0,0,0,0
14,-90,5.261,34,2007225,31,64,109,67237,0,0,0,0,0,319,3651,-11633,6238,0,0,0,0,0
14,-90,5.317,35,2007281,31,64,109,67237,0,0,0,0,0,319,3651,-11633,6238,0,0,0,0,0
14,-90,5.373,36,2007337,31,64,109,67237,0,0,0,0,0,319,3651,-11633,6238,0,0,0,0,0
14,-90,5.43,37,2007393,31,64,109,67237,0,0,0,0,0,319,3651,-11633,6238,0,0,0,0,0
14,-90,5.486,38,2007449,31,64,109,67237,0,0,0,0,0,319,3651,-11633,6238,0,0,0,0,0
14,-90,5.551,39,2007505,31,64,109,67237,0,0,0,0,0,319,3651,-11633,6238,0,0,0,0,0
14,-90,5.598,40,2007557,31,64,109,67237,0,0,0,0,0,319,3651,-11633,6238,0,0,0,0,0
14,-90,5.707,42,2007669,31,64,109,67237,0,0,0,0,0,319,3651,-11633,6238,0,0,0,0,0
14,-90,5.762,43,2007725,31,64,109,67237,0,0,0,0,0,319,3651,-11633,6238,0,0,0,0,0
14,-90,5.82,44,2007781,31,64,109,67237,0,0,0,0,0,319,3651,-11633,6238,0,0,0,0,0
14,-90,5.874,45,2007837,31,64,109,67237,0,0,0,0,0,319,3651,-11633,6238,0,0,0,0,0
14,-90,5.986,47,2007949,31,64,109,67237,0,0,0,0,0,319,3651,-11633,6238,0,0,0,0,0
14,-90,6.042,48,2008005,31,64,109,67237,0,0,0,0,0,319,3651,-11633,6238,0,0,0,0,0
14,-90,6.101,49,2008061,31,64,109,67237,0,0,0,0,0,319,3651,-11633,6238,0,0,0,0,0
14,-90,6.155,50,2008117,31,64,109,67237,0,0,0,0,0,319,3651,-11633,6238,0,0,0,0,0
14,-90,6.21,51,2008173,31,64,109,67237,0,0,0,0,0,319,3651,-11633,6238,0,0,0,0,0
14,-90,6.266,52,2008229,31,64,109,67237,0,0,0,0,0,319,3651,-11633,6238,0,0,0,0,0
14,-90,6.321,53,2008285,31,64,109,67237,0,0,0,0,0,319,3651,-11633,6238,0,0,0,0,0
14,-90,6.378,54,2008341,31,64,109,67237,0,0,0,0,0,319,3651,-11633,6238,0,0,0,0,0
14,-90,6.434,55,2008397,31,64,109,67237,0,0,0,0,0,319,3651,-11633,6238,0,0,0,0,0
14,-90,6.611,58,2008565,31,64,109,67237,0,0,0,0,0,319,3651,-11633,6238,0,0,0,0,0
14,-90,6.71,60,2008673,31,64,109,67237,0,0,0,0,0,319,3651,-11633,6238,0,0,0,0,0
14,-90,6.765,61,2008729,31,64,109,67237,0,0,0,0,0,319,3651,-11633,6238,0,0,0,0,0
14,-90,6.823,62,2008785,31,64,109,67237,0,0,0,0,0,319,3651,-11633,6238,0,0,0,0,0
14,-90,6.935,64,2008897,31,64,109,67237,0,0,0,0,0,319,3651,-11633,6238,0,0,0,0,0
14,-90,7.082,66,2009009,31,64,109,67237,0,0,0,0,0,319,3651,-11633,6238,0,0,0,0,0
14,-90,7.157,68,2009121,31,64,109,67237,0,0,0,0,0,319,3651,-11633,6238,0,0,0,0,0
14,-90,7.213,69,2009177,31,64,109,67237,0,0,0,0,0,319,3651,-11633,6238,0,0,0,0,0
14,-90,7.272,70,2009233,31,64,109,67237,0,0,0,0,0,319,3651,-11633,6238,0,0,0,0,0
14,-90,7.381,72,2009345,31,64,109,67237,0,0,0,0,0,319,3651,-11633,6238,0,0,0,0,0
14,-90,7.437,73,2009401,31,64,109,67237,0,0,0,0,0,319,3651,-11633,6238,0,0,0,0,0
14,-90,7.498,74,2009457,31,64,109,67237,0,0,0,0,0,319,3651,-11633,6238,0,0,0,0,0
14,-90,7.606,76,2009569,31,64,109,67237,0,0,0,0,0,319,3651,-11633,6238,0,0,0,0,0
14,-90,7.67,77,2009625,31,64,109,67237,0,0,0,0,0,319,3651,-11633,6238,0,0,0,0,0
14,-90,7.713,78,2009677,31,64,109,67237,0,0,0,0,0,319,3651,-11633,6238,0,0,0,0,0
14,-90,7.77,79,2009733,31,64,109,67237,0,0,0,0,0,319,3651,-11633,6238,0,0,0,0,0
14,-90,7.827,80,2009789,31,64,109,67237,0,0,0,0,0,319,3651,-11633,6238,0,0,0,0,0
14,-90,7.882,81,2009845,31,64,109,67237,0,0,0,0,0,319,3651,-11633,6238,0,0,0,0,0
14,-90,7.938,82,2009901,31,64,109,67237,0,0,0,0,0,319,3651,-11633,6238,0,0,0,0,0
14,-90,8.05,84,2010013,31,64,109,67237,0,0,0,0,0,319,3651,-11633,6238,0,0,0,0,0
14,-90,8.161,86,2010125,31,64,109,67237,0,0,0,0,0,319,3651,-11633,6238,0,0,0,0,0
14,-90,8.217,87,2010181,31,64,109,67237,0,0,0,0,0,319,3651,-11633,6238,0,0,0,0,0
14,-90,8.273,88,2010237,31,64,109,67237,0,0,0,0,0,319,3651,-11633,6238,0,0,0,0,0
14,-90,8.329,89,2010293,31,64,109,67237,0,0,0,0,0,319,3651,-11633,6238,0,0,0,0,0
14,-90,8.385,90,2010349,31,64,109,67237,0,0,0,0,0,319,3651,-11633,6238,0,0,0,0,0
14,-90,8.441,91,2010405,31,64,109,67237,0,0,0,0,0,319,3651,-11633,6238,0,0,0,0,0
14,-90,8.497,92,2010461,31,64,109,67237,0,0,0,0,0,319,3651,-11633,6238,0,0,0,0,0
14,-90,8.553,93,2010517,31,64,109,67237,0,0,0,0,0,319,3651,-11633,6238,0,0,0,0,0
14,-90,8.609,94,2010573,31,64,109,67237,0,0,0,0,0,319,3651,-11633,6238,0,0,0,0,0
14,-90,8.666,95,2010629,31,64,109,67237,0,0,0,0,0,319,3651,-11633,6238,0,0,0,0,0
14,-90,8.83,98,2010793,31,64,109,67237,0,0,0,0,0,319,3651,-11633,6238,0,0,0,0,0
14,-90,8.888,99,2010849,31,64,109,67237,0,0,0,0,0,319,3651,-11633,6238,0,0,0,0,0
14,-90,8.998,101,2010961,31,64,109,67237,0,0,0,0,0,319,3651,-11633,6238,0,0,0,0,0
14,-90,9.057,102,2011017,31,64,109,67237,0,0,0,0,0,319,3651,-11633,6238,0,0,0,0,0
14,-90,9.112,103,2011073,31,64,109,67237,0,0,0,0,0,319,3651,-11633,6238,0,0,0,0,0
14,-90,9.167,104,2011129,31,64,109,67237,0,0,0,0,0,319,3651,-11633,6238,0,0,0,0,0
14,-90,9.225,105,2011185,31,64,109,67237,0,0,0,0,0,319,3651,-11633,6238,0,0,0,0,0
14,-90,9.282,106,2011241,31,64,109,67237,0,0,0,0,0,319,3651,-11633,6238,0,0,0,0,0
14,-90,9.336,107,2011297,31,64,109,67237,0,0,0,0,0,319,3651,-11633,6238,0,0,0,0,0
14,-90,9.446,109,2011409,31,64,109,67237,0,0,0,0,0,319,3651,-11633,6238,0,0,0,0,0
14,-90,9.503,110,2011465,31,64,109,67237,0,0,0,0,0,319,3651,-11633,6238,0,0,0,0,0
14,-90,9.559,111,2011521,31,64,109,67237,0,0,0,0,0,319,3651,-11633,6238,0,0,0,0,0
14,-90,9.614,112,2011577,31,64,109,67237,0,0,0,0,0,319,3651,-11633,6238,0,0,0,0,0
14,-90,9.671,113,2011633,31,64,109,67237,0,0,0,0,0,319,3651,-11633,6238,0,0,0,0,0
14,-90,9.726,114,2011689,31,64,109,67237,0,0,0,0,0,319,3651,-11633,6238,0,0,0,0,0
14,-90,9.791,115,2011745,31,64,109,67237,0,0,0,0,0,319,3651,-11633,6238,0,0,0,0,0
14,-90,9.835,116,2011797,31,64,109,67237,0,0,0,0,0,319,3651,-11633,6238,0,0,0,0,0
14,-90,9.891,117,2011853,31,64,109,67237,0,0,0,0,0,319,3651,-11633,6238,0,0,0,0,0
14,-90,9.946,118,2011909,31,64,109,67237,0,0,0,0,0,319,3651,-11633,6238,0,0,0,0,0
14,-90,10.058,120,2012021,31,64,109,67237,0,0,0,0,0,319,3651,-11633,6238,0,0,0,0,0
14,-90,10.226,123,2012189,31,64,109,67237,0,0,0,0,0,319,3651,-11633,6238,0,0,0,0,0
14,-90,10.282,124,2012245,31,64,109,67237,0,0,0,0,0,319,3651,-11633,6238,0,0,0,0,0
14,-90,10.338,125,2012301,31,64,109,67237,0,0,0,0,0,319,3651,-11633,6238,0,0,0,0,0
14,-90,10.45,127,2012413,31,64,109,67237,0,0,0,0,0,319,3651,-11633,6238,0,0,0,0,0
14,-90,10.507,0,2012469,31,64,109,67237,0,0,0,0,0,319,3651,-11633,6238,0,0,0,0,0
14,-90,10.561,1,2012525,31,64,109,67237,0,0,0,0,0,319,3651,-11633,6238,0,0,0,0,0
14,-90,10.785,5,2012749,31,64,109,67237,0,0,0,0,0,319,3651,-11633,6238,0,0,0,0,0
14,-90,10.85,6,2012805,31,64,109,67237,0,0,0,0,0,319,3651,-11633,6238,0,0,0,0,0
14,-90,10.894,7,2012857,31,64,109,67237,0,0,0,0,0,319,3651,-11633,6238,0,0,0,0,0
14,-90,10.95,8,2012913,31,64,109,67237,0,0,0,0,0,319,3651,-11633,6238,0,0,0,0,0
14,-90,11.005,9,2012969,31,64,109,67237,0,0,0,0,0,319,3651,-11633,6238,0,0,0,0,0
14,-90,11.061,10,2013025,31,64,109,67237,0,0,0,0,0,319,3651,-11633,6238,0,0,0,0,0
14,-90,11.117,11,2013081,31,64,109,67237,0,0,0,0,0,319,3651,-11633,6238,0,0,0,0,0
14,-90,11.173,12,2013137,31,64,109,67237,0,0,0,0,0,319,3651,-11633,6238,0,0,0,0,0
14,-90,11.285,14,2013249,31,64,109,67237,0,0,0,0,0,319,3651,-11633,6238,0,0,0,0,0
14,-90,11.342,15,2013305,31,64,109,67237,0,0,0,0,0,319,3651,-11633,6238,0,0,0,0,0
14,-90,11.399,16,2013361,31,64,109,67237,0,0,0,0,0,319,3651,-11633,6238,0,0,0,0,0
15,107,-0.012,103,2025357,31,64,109,67237,0,0,0,0,0,319,3651,-11633,6238,0,0,0,0,0
15,107,0.136,105,2025505,31,64,109,67395,0,0,0,-39,26,319,3655,-11650,6263,-1200,1200,0,0,0
15,107,0.217,106,2025577,31,64,109,67606,0,0,0,-36,46,319,3658,-11672,6297,-1500,1300,0,0,0
15,107,0.352,108,2025721,31,65,108,68547,0,0,0,-82,92,319,3664,-11786,6433,-2200,2100,0,0,0
15,107,0.411,109,2025771,31,65,108,69058,0,0,0,-112,118,319,3666,-11850,6505,-2400,2400,0,0,0
15,107,0.472,110,2025841,31,65,108,69976,0,0,0,-118,148,319,3669,-11966,6633,-2700,2700,0,0,0
15,107,0.545,111,2025913,31,66,108,71105,0,0,0,-164,181,319,3672,-12111,6788,-2700,2600,0,0,0
15,107,0.616,112,2025985,31,66,108,72306,0,0,0,-171,181,319,3675,-12263,6955,-2600,2700,0,0,0
15,107,0.689,113,2026057,31,67,108,73510,0,0,0,-174,174,319,3678,-12419,7119,-2600,2600,0,0,0
15,107,0.763,114,2026129,31,67,108,74703,0,0,0,-164,174,319,3681,-12572,7283,-2600,2500,0,0,0
15,107,0.904,116,2026273,31,68,108,76949,0,0,0,-148,174,319,3687,-12861,7591,-2500,2300,0,0,0
15,107,3.723,26,2029093,31,67,108,78484,0,0,0,0,0,319,3807,-13072,7788,0,0,0,0,0
15,107,8.763,96,2034133,31,67,108,78484,0,0,0,0,0,319,4017,-13072,7788,0,0,0,0,0
15,107,10.054,118,2035425,31,67,108,78484,0,0,0,0,0,319,4029,-13072,7788,0,0,0,0,0
15,107,12.455,33,2037825,31,67,108,78484,0,0,0,0,0,319,4029,-13072,7788,0,0,0,0,0
15,107,13.234,47,2038605,31,67,108,78484,0,0,0,0,0,319,4029,-13072,7788,0,0,0,0,0
15,107,15.971,96,2041341,31,67,108,78484,0,0,0,0,0,319,4029,-13072,7788,0,0,0,0,0
15,107,17.306,120,2042677,31,67,108,78484,0,0,0,0,0,319,4029,-13072,7788,0,0,0,0,0
15,107,17.81,1,2043181,31,67,108,78484,0,0,0,0,0,319,4029,-13072,7788,0,0,0,0,0
15,107,17.923,3,2043293,31,67,108,78484,0,0,0,0,0,319,4029,-13072,7788,0,0,0,0,0
15,107,18.256,9,2043625,31,67,108,78484,0,0,0,0,0,319,4029,-13072,7788,0,0,0,0,0
15,107,18.31,10,2043681,31,67,108,78484,0,0,0,0,0,319,4029,-13072,7788,0,0,0,0,0
15,107,18.535,14,2043905,31,67,108,78484,0,0,0,0,0,319,4029,-13072,7788,0,0,0,0,0
15,107,18.704,17,2044073,31,67,108,78484,0,0,0,0,0,319,4029,-13072,7788,0,0,0,0,0
15,107,18.871,20,2044241,31,67,108,78484,0,0,0,0,0,319,4029,-13072,7788,0,0,0,0,0
15,107,19.258,27,2044629,31,67,108,78484,0,0,0,0,0,319,4029,-13072,7788,0,0,0,0,0
15,107,20.211,44,2045581,31,67,108,78484,0,0,0,0,0,319,4029,-13072,7788,0,0,0,0,0
15,107,20.486,49,2045857,31,67,108,78484,0,0,0,0,0,319,4029,-13072,7788,0,0,0,0,0
15,107,20.823,55,2046193,31,67,108,78484,0,0,0,0,0,319,4029,-13072,7788,0,0,0,0,0
15,107,21.716,71,2047085,31,67,108,78484,0,0,0,0,0,319,4029,-13072,7788,0,0,0,0,0
15,107,22.33,82,2047701,31,67,108,78484,0,0,0,0,0,319,4029,-13072,7788,0,0,0,0,0
15,107,24.557,122,2049929,31,67,108,78484,0,0,0,0,0,319,4029,-13072,7788,0,0,0,0,0
