turn,commanded,t_rel,seq,now,flags,x,y,h,ox,oy,oh,vl,vr,i2cf,cyc,posl,posr,dutl,dutr,lexc,wrng,cycovr
1,90,-0.038,78,733451,31,-20,-61,30336,76,-128,-4719,0,0,127,1549,-5591,4209,0,0,0,1,0
1,90,0.022,79,733507,31,-20,-61,30336,76,-128,-4719,0,0,127,1549,-5591,4209,0,0,0,1,0
1,90,0.082,80,733567,31,-20,-61,30336,76,-128,-4719,0,0,127,1551,-5591,4209,-300,300,0,1,0
1,90,0.146,81,733639,31,-20,-61,30346,76,-128,-4719,-10,-5,128,1554,-5597,4206,-900,900,0,1,0
1,90,0.215,82,733711,31,-20,-61,30550,76,-128,-4718,-41,41,128,1557,-5630,4239,-1700,1800,0,1,0
1,90,0.287,83,733783,31,-20,-61,30931,74,-129,-4474,-67,82,128,1560,-5686,4306,-2400,2400,0,1,0
1,90,0.36,84,733855,31,-20,-61,31618,74,-129,-4474,-131,114,128,1563,-5797,4417,-2800,2900,0,1,0
1,90,0.45,85,733927,31,-20,-62,32537,68,-135,-3386,-137,164,128,1566,-5941,4570,-3300,3300,0,1,0
1,90,0.512,86,733999,31,-20,-62,33630,63,-144,-1840,-187,173,128,1569,-6119,4745,-3500,3500,0,1,0
1,90,0.592,87,734071,31,-19,-62,34850,63,-144,-1840,-193,196,128,1572,-6313,4945,-3100,3100,0,1,0
1,90,0.674,88,734143,31,-20,-62,36029,59,-157,128,-178,169,128,1575,-6511,5128,-2400,2500,0,1,0
1,90,0.773,89,734216,31,-20,-62,36958,60,-169,1735,-140,123,128,1578,-6661,5278,-1800,1700,0,1,0
1,90,0.829,90,734287,31,-20,-62,37602,60,-169,1735,-73,82,128,1581,-6763,5384,-1200,1200,0,1,0
1,90,0.875,91,734359,31,-20,-61,38041,63,-175,2671,-50,73,128,1584,-6830,5459,-1200,1300,0,1,0
1,90,0.937,92,734431,31,-20,-61,38341,65,-178,3147,-41,41,128,1587,-6880,5506,-1200,1100,0,1,0
1,90,1.007,93,734503,31,-19,-61,38651,65,-178,3147,-41,64,128,1590,-6925,5561,-1100,1000,0,1,0
1,90,1.081,94,734568,31,-19,-61,38858,68,-181,3623,0,0,129,1594,-6958,5595,0,0,0,1,0
1,90,1.128,95,734623,31,-19,-61,38858,68,-181,3623,0,0,129,1594,-6958,5595,0,0,0,1,0
1,90,1.184,96,734679,31,-19,-61,38858,68,-182,3736,0,0,129,1594,-6958,5595,0,0,0,1,0
1,90,1.243,97,734735,31,-19,-61,38858,68,-182,3736,0,0,129,1594,-6958,5595,0,0,0,1,0
1,90,1.295,98,734791,31,-19,-61,38858,68,-182,3737,0,0,129,1594,-6958,5595,0,0,0,1,0
1,90,1.384,99,734847,31,-19,-61,38858,68,-182,3737,0,0,129,1594,-6958,5595,0,0,0,1,0
1,90,1.408,100,734899,31,-19,-61,38858,68,-182,3737,0,0,129,1594,-6958,5595,0,0,0,1,0
1,90,1.466,101,734955,31,-19,-61,38858,68,-182,3737,0,0,129,1594,-6958,5595,0,0,0,1,0
1,90,1.514,102,735011,31,-19,-61,38858,68,-182,3737,0,0,129,1594,-6958,5595,0,0,0,1,0
1,90,1.57,103,735067,31,-19,-61,38858,68,-182,3737,0,0,129,1594,-6958,5595,0,0,0,1,0
1,90,1.626,104,735123,31,-19,-61,38858,68,-182,3737,0,0,129,1594,-6958,5595,0,0,0,1,0
1,90,1.749,105,735179,31,-19,-61,38858,68,-182,3737,0,0,129,1594,-6958,5595,0,0,0,1,0
1,90,1.753,106,735235,31,-19,-61,38858,68,-182,3736,0,0,129,1594,-6958,5595,0,0,0,1,0
1,90,1.817,107,735291,31,-19,-61,38858,68,-182,3736,0,0,129,1594,-6958,5595,0,0,0,1,0
1,90,1.85,108,735347,31,-19,-61,38858,68,-182,3737,0,0,129,1594,-6958,5595,0,0,0,1,0
1,90,1.907,109,735403,31,-19,-61,38858,68,-182,3737,0,0,129,1594,-6958,5595,0,0,0,1,0
1,90,1.963,110,735459,31,-19,-61,38858,68,-182,3737,0,0,129,1594,-6958,5595,0,0,0,1,0
1,90,2.032,111,735515,31,-19,-61,38858,68,-182,3737,0,0,129,1594,-6958,5595,0,0,0,1,0
1,90,2.079,112,735571,31,-19,-61,38858,68,-182,3737,0,0,129,1594,-6958,5595,0,0,0,1,0
1,90,2.131,113,735627,31,-19,-61,38858,68,-182,3737,0,0,129,1594,-6958,5595,0,0,0,1,0
1,90,2.189,114,735683,31,-19,-61,38858,68,-182,3737,0,0,129,1594,-6958,5595,0,0,0,1,0
1,90,2.245,115,735739,31,-19,-61,38858,68,-182,3737,0,0,129,1594,-6958,5595,0,0,0,1,0
1,90,2.306,116,735795,31,-19,-61,38858,68,-182,3737,0,0,129,1594,-6958,5595,0,0,0,1,0
1,90,2.357,117,735851,31,-19,-61,38858,68,-182,3737,0,0,129,1594,-6958,5595,0,0,0,1,0
1,90,2.42,118,735907,31,-19,-61,38858,68,-182,3736,0,0,129,1594,-6958,5595,0,0,0,1,0
1,90,2.464,119,735959,31,-19,-61,38858,68,-182,3736,0,0,129,1594,-6958,5595,0,0,0,1,0
1,90,2.522,120,736015,31,-19,-61,38858,68,-182,3736,0,0,129,1594,-6958,5595,0,0,0,1,0
1,90,2.574,121,736071,31,-19,-61,38858,68,-182,3736,0,0,129,1594,-6958,5595,0,0,0,1,0
1,90,2.631,122,736127,31,-19,-61,38858,68,-182,3736,0,0,129,1594,-6958,5595,0,0,0,1,0
1,90,2.73,123,736183,31,-19,-61,38858,68,-182,3736,0,0,129,1594,-6958,5595,0,0,0,1,0
1,90,2.746,124,736239,31,-19,-61,38858,68,-182,3736,0,0,129,1594,-6958,5595,0,0,0,1,0
1,90,2.8,125,736295,31,-19,-61,38858,68,-182,3736,0,0,129,1594,-6958,5595,0,0,0,1,0
1,90,2.856,126,736351,31,-19,-61,38858,68,-182,3736,0,0,129,1594,-6958,5595,0,0,0,1,0
1,90,2.938,127,736407,31,-19,-61,38858,68,-182,3736,0,0,129,1594,-6958,5595,0,0,0,1,0
1,90,2.969,0,736463,31,-19,-61,38858,68,-182,3736,0,0,129,1594,-6958,5595,0,0,0,1,0
1,90,3.056,1,736519,31,-19,-61,38858,68,-182,3736,0,0,129,1594,-6958,5595,0,0,0,1,0
1,90,3.079,2,736575,31,-19,-61,38858,68,-182,3736,0,0,129,1594,-6958,5595,0,0,0,1,0
1,90,3.145,3,736631,31,-19,-61,38858,68,-182,3736,0,0,129,1594,-6958,5595,0,0,0,1,0
1,90,3.196,4,736687,31,-19,-61,38858,68,-182,3736,0,0,129,1594,-6958,5595,0,0,0,1,0
1,90,3.267,5,736743,31,-19,-61,38858,68,-182,3736,0,0,129,1594,-6958,5595,0,0,0,1,0
1,90,3.316,6,736799,31,-19,-61,38858,68,-182,3736,0,0,129,1594,-6958,5595,0,0,0,1,0
1,90,3.381,7,736855,31,-19,-61,38858,68,-182,3736,0,0,129,1594,-6958,5595,0,0,0,1,0
1,90,3.454,8,736911,31,-19,-61,38858,68,-182,3736,0,0,129,1594,-6958,5595,0,0,0,1,0
1,90,3.5,9,736967,31,-19,-61,38858,68,-182,3736,0,0,129,1594,-6958,5595,0,0,0,1,0
1,90,3.527,10,737019,31,-19,-61,38858,68,-182,3736,0,0,129,1594,-6958,5595,0,0,0,1,0
1,90,3.591,11,737075,31,-19,-61,38858,68,-182,3736,0,0,129,1594,-6958,5595,0,0,0,1,0
1,90,3.647,12,737131,31,-19,-61,38858,68,-182,3736,0,0,129,1594,-6958,5595,0,0,0,1,0
1,90,3.7,13,737187,31,-19,-61,38858,68,-182,3736,0,0,129,1594,-6958,5595,0,0,0,1,0
1,90,3.752,14,737243,31,-19,-61,38858,68,-182,3736,0,0,129,1594,-6958,5595,0,0,0,1,0
1,90,3.802,15,737299,31,-19,-61,38858,68,-182,3736,0,0,129,1594,-6958,5595,0,0,0,1,0
1,90,3.862,16,737355,31,-19,-61,38858,68,-182,3735,0,0,129,1594,-6958,5595,0,0,0,1,0
1,90,3.924,17,737411,31,-19,-61,38858,68,-182,3735,0,0,129,1594,-6958,5595,0,0,0,1,0
1,90,3.974,18,737467,31,-19,-61,38858,68,-182,3735,0,0,129,1594,-6958,5595,0,0,0,1,0
1,90,4.026,19,737523,31,-19,-61,38858,68,-182,3735,0,0,129,1594,-6958,5595,0,0,0,1,0
1,90,4.093,20,737579,31,-19,-61,38858,68,-182,3735,0,0,129,1594,-6958,5595,0,0,0,1,0
1,90,4.148,21,737635,31,-19,-61,38858,68,-182,3735,0,0,129,1594,-6958,5595,0,0,0,1,0
1,90,4.199,22,737691,31,-19,-61,38858,68,-182,3735,0,0,129,1594,-6958,5595,0,0,0,1,0
1,90,4.251,23,737747,31,-19,-61,38858,68,-182,3735,0,0,129,1594,-6958,5595,0,0,0,1,0
1,90,4.307,24,737803,31,-19,-61,38858,68,-182,3735,0,0,129,1594,-6958,5595,0,0,0,1,0
1,90,4.366,25,737859,31,-19,-61,38858,68,-182,3735,0,0,129,1594,-6958,5595,0,0,0,1,0
1,90,4.422,26,737915,31,-19,-61,38858,68,-182,3735,0,0,129,1594,-6958,5595,0,0,0,1,0
1,90,4.474,27,737971,31,-19,-61,38858,68,-182,3735,0,0,129,1594,-6958,5595,0,0,0,1,0
1,90,4.541,28,738027,31,-19,-61,38858,68,-182,3735,0,0,129,1594,-6958,5595,0,0,0,1,0
1,90,4.584,29,738079,31,-19,-61,38858,68,-182,3735,0,0,129,1594,-6958,5595,0,0,0,1,0
1,90,4.639,30,738135,31,-19,-61,38858,68,-182,3735,0,0,129,1594,-6958,5595,0,0,0,1,0
1,90,4.696,31,738191,31,-19,-61,38858,68,-182,3735,0,0,129,1594,-6958,5595,0,0,0,1,0
1,90,4.75,32,738247,31,-19,-61,38858,68,-182,3735,0,0,129,1594,-6958,5595,0,0,0,1,0
1,90,4.806,33,738303,31,-19,-61,38858,68,-182,3735,0,0,129,1594,-6958,5595,0,0,0,1,0
1,90,4.863,34,738359,31,-19,-61,38858,68,-182,3735,0,0,129,1594,-6958,5595,0,0,0,1,0
1,90,4.918,35,738415,31,-19,-61,38858,68,-182,3735,0,0,129,1594,-6958,5595,0,0,0,1,0
1,90,4.975,36,738471,31,-19,-61,38858,68,-182,3735,0,0,129,1594,-6958,5595,0,0,0,1,0
1,90,5.033,37,738527,31,-19,-61,38858,68,-182,3735,0,0,129,1594,-6958,5595,0,0,0,1,0
1,90,5.087,38,738583,31,-19,-61,38858,68,-182,3735,0,0,129,1594,-6958,5595,0,0,0,1,0
1,90,5.142,39,738639,31,-19,-61,38858,68,-182,3735,0,0,129,1594,-6958,5595,0,0,0,1,0
1,90,5.201,40,738695,31,-19,-61,38858,68,-182,3735,0,0,129,1594,-6958,5595,0,0,0,1,0
1,90,5.255,41,738751,31,-19,-61,38858,68,-182,3735,0,0,129,1594,-6958,5595,0,0,0,1,0
1,90,5.332,42,738807,31,-19,-61,38858,68,-182,3735,0,0,129,1594,-6958,5595,0,0,0,1,0
1,90,5.369,43,738863,31,-19,-61,38858,68,-182,3735,0,0,129,1594,-6958,5595,0,0,0,1,0
1,90,5.425,44,738919,31,-19,-61,38858,68,-182,3735,0,0,129,1594,-6958,5595,0,0,0,1,0
1,90,5.483,45,738975,31,-19,-61,38858,68,-182,3735,0,0,129,1594,-6958,5595,0,0,0,1,0
1,90,5.537,46,739031,31,-19,-61,38858,68,-182,3735,0,0,129,1594,-6958,5595,0,0,0,1,0
1,90,5.602,47,739087,31,-19,-61,38858,68,-182,3735,0,0,129,1594,-6958,5595,0,0,0,1,0
1,90,5.644,48,739139,31,-19,-61,38858,68,-182,3735,0,0,129,1594,-6958,5595,0,0,0,1,0
1,90,5.705,49,739195,31,-19,-61,38858,68,-182,3735,0,0,129,1594,-6958,5595,0,0,0,1,0
1,90,5.754,50,739251,31,-19,-61,38858,68,-182,3735,0,0,129,1594,-6958,5595,0,0,0,1,0
1,90,5.81,51,739307,31,-19,-61,38858,68,-182,3735,0,0,129,1594,-6958,5595,0,0,0,1,0
1,90,5.884,52,739363,31,-19,-61,38858,68,-182,3735,0,0,129,1594,-6958,5595,0,0,0,1,0
1,90,5.925,53,739419,31,-19,-61,38858,68,-182,3735,0,0,129,1594,-6958,5595,0,0,0,1,0
1,90,5.978,54,739475,31,-19,-61,38858,68,-182,3735,0,0,129,1594,-6958,5595,0,0,0,1,0
1,90,6.037,55,739531,31,-19,-61,38858,68,-182,3734,0,0,129,1594,-6958,5595,0,0,0,1,0
1,90,6.091,56,739587,31,-19,-61,38858,68,-182,3734,0,0,129,1594,-6958,5595,0,0,0,1,0
1,90,6.158,57,739643,31,-19,-61,38858,68,-182,3734,0,0,129,1594,-6958,5595,0,0,0,1,0
1,90,6.211,58,739699,31,-19,-61,38858,68,-182,3734,0,0,129,1594,-6958,5595,0,0,0,1,0
1,90,6.267,59,739755,31,-19,-61,38858,68,-182,3734,0,0,129,1594,-6958,5595,0,0,0,1,0
1,90,6.319,60,739811,31,-19,-61,38858,68,-182,3734,0,0,129,1594,-6958,5595,0,0,0,1,0
1,90,6.38,61,739867,31,-19,-61,38858,68,-182,3734,0,0,129,1594,-6958,5595,0,0,0,1,0
1,90,6.431,62,739923,31,-19,-61,38858,68,-182,3734,0,0,129,1594,-6958,5595,0,0,0,1,0
1,90,6.483,63,739979,31,-19,-61,38858,68,-182,3734,0,0,129,1594,-6958,5595,0,0,0,1,0
1,90,6.546,64,740035,31,-19,-61,38858,68,-182,3734,0,0,129,1594,-6958,5595,0,0,0,1,0
1,90,6.596,65,740091,31,-19,-61,38858,68,-182,3734,0,0,129,1594,-6958,5595,0,0,0,1,0
1,90,6.658,66,740147,31,-19,-61,38858,68,-182,3734,0,0,129,1594,-6958,5595,0,0,0,1,0
1,90,6.767,67,740199,31,-19,-61,38858,68,-182,3734,0,0,129,1594,-6958,5595,0,0,0,1,0
1,90,6.767,68,740255,31,-19,-61,38858,68,-182,3734,0,0,129,1594,-6958,5595,0,0,0,1,0
1,90,6.817,69,740311,31,-19,-61,38858,68,-182,3734,0,0,129,1594,-6958,5595,0,0,0,1,0
1,90,6.871,70,740367,31,-19,-61,38858,68,-182,3734,0,0,129,1594,-6958,5595,0,0,0,1,0
1,90,6.926,71,740423,31,-19,-61,38858,68,-182,3734,0,0,129,1594,-6958,5595,0,0,0,1,0
1,90,6.983,72,740479,31,-19,-61,38858,68,-182,3734,0,0,129,1594,-6958,5595,0,0,0,1,0
1,90,7.047,73,740535,31,-19,-61,38858,68,-182,3734,0,0,129,1594,-6958,5595,0,0,0,1,0
1,90,7.095,74,740591,31,-19,-61,38858,68,-182,3734,0,0,129,1594,-6958,5595,0,0,0,1,0
1,90,7.155,75,740647,31,-19,-61,38858,68,-182,3734,0,0,129,1594,-6958,5595,0,0,0,1,0
1,90,7.242,76,740703,31,-19,-61,38858,68,-182,3734,0,0,129,1594,-6958,5595,0,0,0,1,0
1,90,7.264,77,740759,31,-19,-61,38858,68,-182,3734,0,0,129,1594,-6958,5595,0,0,0,1,0
1,90,7.318,78,740815,31,-19,-61,38858,68,-182,3734,0,0,129,1594,-6958,5595,0,0,0,1,0
1,90,7.374,79,740871,31,-19,-61,38858,68,-182,3734,0,0,129,1594,-6958,5595,0,0,0,1,0
1,90,7.451,80,740927,31,-19,-61,38858,68,-182,3734,0,0,129,1594,-6958,5595,0,0,0,1,0
1,90,7.489,81,740983,31,-19,-61,38858,68,-182,3734,0,0,129,1594,-6958,5595,0,0,0,1,0
1,90,7.546,82,741039,31,-19,-61,38858,68,-182,3734,0,0,129,1594,-6958,5595,0,0,0,1,0
1,90,7.601,83,741095,31,-19,-61,38858,68,-182,3734,0,0,129,1594,-6958,5595,0,0,0,1,0
1,90,7.654,84,741151,31,-19,-61,38858,68,-182,3734,0,0,129,1594,-6958,5595,0,0,0,1,0
1,90,7.719,85,741207,31,-19,-61,38858,68,-182,3734,0,0,129,1594,-6958,5595,0,0,0,1,0
1,90,7.764,86,741259,31,-19,-61,38858,68,-182,3734,0,0,129,1594,-6958,5595,0,0,0,1,0
1,90,7.83,87,741315,31,-19,-61,38858,68,-182,3734,0,0,129,1594,-6958,5595,0,0,0,1,0
1,90,7.878,88,741371,31,-19,-61,38858,68,-182,3734,0,0,129,1594,-6958,5595,0,0,0,1,0
1,90,7.942,89,741427,31,-19,-61,38858,68,-182,3734,0,0,129,1594,-6958,5595,0,0,0,1,0
1,90,7.99,90,741483,31,-19,-61,38858,68,-182,3734,0,0,129,1594,-6958,5595,0,0,0,1,0
1,90,8.045,91,741539,31,-19,-61,38858,68,-182,3734,0,0,129,1594,-6958,5595,0,0,0,1,0
1,90,8.098,92,741595,31,-19,-61,38858,68,-182,3734,0,0,129,1594,-6958,5595,0,0,0,1,0
1,90,8.159,93,741651,31,-19,-61,38858,68,-182,3733,0,0,129,1594,-6958,5595,0,0,0,1,0
1,90,8.216,94,741707,31,-19,-61,38858,68,-182,3733,0,0,129,1594,-6958,5595,0,0,0,1,0
1,90,8.297,95,741763,31,-19,-61,38858,68,-182,3733,0,0,129,1594,-6958,5595,0,0,0,1,0
1,90,8.324,96,741819,31,-19,-61,38858,68,-182,3733,0,0,129,1594,-6958,5595,0,0,0,1,0
1,90,8.381,97,741875,31,-19,-61,38858,68,-182,3733,0,0,129,1594,-6958,5595,0,0,0,1,0
1,90,8.451,98,741931,31,-19,-61,38858,68,-182,3733,0,0,129,1594,-6958,5595,0,0,0,1,0
1,90,8.491,99,741987,31,-19,-61,38858,68,-182,3733,0,0,129,1594,-6958,5595,0,0,0,1,0
1,90,8.552,100,742043,31,-19,-61,38858,68,-182,3733,0,0,129,1594,-6958,5595,0,0,0,1,0
1,90,8.606,101,742099,31,-19,-61,38858,68,-182,3733,0,0,129,1594,-6958,5595,0,0,0,1,0
1,90,8.658,102,742155,31,-19,-61,38858,68,-182,3733,0,0,129,1594,-6958,5595,0,0,0,1,0
1,90,8.714,103,742211,31,-19,-61,38858,69,-182,3733,0,0,129,1594,-6958,5595,0,0,0,1,0
1,90,8.816,104,742267,31,-19,-61,38858,69,-182,3733,0,0,129,1594,-6958,5595,0,0,0,1,0
1,90,8.824,105,742319,31,-19,-61,38858,69,-182,3733,0,0,129,1594,-6958,5595,0,0,0,1,0
1,90,8.879,106,742375,31,-19,-61,38858,69,-182,3733,0,0,129,1594,-6958,5595,0,0,0,1,0
1,90,8.94,107,742431,31,-19,-61,38858,69,-182,3733,0,0,129,1594,-6958,5595,0,0,0,1,0
2,-90,-0.036,84,748292,31,-19,-61,38858,69,-182,3731,0,0,129,1594,-6958,5595,0,0,0,1,0
2,-90,0.009,85,748347,31,-19,-61,38858,69,-182,3731,0,0,129,1594,-6958,5595,0,0,0,1,0
2,-90,0.096,86,748408,31,-19,-61,38858,69,-182,3731,0,0,129,1596,-6958,5595,300,-300,0,1,0
2,-90,0.142,87,748479,31,-19,-61,38840,69,-182,3731,9,0,131,1599,-6952,5595,1000,-900,0,1,0
2,-90,0.217,88,748551,31,-19,-61,38735,69,-182,3731,26,-5,133,1602,-6927,5586,1700,-1400,0,1,0
2,-90,0.286,89,748623,31,-18,-61,38453,69,-181,3646,67,-47,133,1605,-6877,5545,2500,-2400,0,1,0
2,-90,0.377,90,748695,31,-18,-60,37896,69,-181,3646,111,-96,133,1608,-6775,5467,2900,-3000,0,1,0
2,-90,0.432,91,748767,31,-17,-60,37026,67,-175,2771,148,-138,133,1611,-6627,5334,3300,-3300,0,1,0
2,-90,0.505,92,748839,31,-17,-60,35958,64,-164,1203,187,-169,133,1614,-6452,5164,3700,-3700,0,1,0
2,-90,0.582,93,748911,31,-17,-60,34713,64,-164,1203,210,-196,133,1617,-6247,4967,3300,-3300,0,1,0
2,-90,0.651,94,748983,31,-17,-60,33500,64,-150,-731,187,-178,133,1620,-6052,4770,2900,-2700,0,1,0
2,-90,0.732,95,749056,31,-16,-60,32460,68,-139,-2494,163,-137,133,1623,-5880,4606,2200,-2200,0,1,0
2,-90,0.792,96,749127,31,-16,-61,31652,68,-139,-2494,114,-105,133,1626,-5747,4478,1500,-1500,0,1,0
2,-90,0.862,97,749199,31,-16,-61,31120,74,-132,-3679,82,-64,133,1629,-5658,4395,1000,-1100,0,1,0
2,-90,0.935,98,749271,31,-16,-61,30810,77,-129,-4223,32,-47,133,1632,-5608,4345,1100,-1200,0,1,0
2,-90,1.008,99,749343,31,-16,-61,30565,77,-129,-4223,50,-26,133,1635,-5563,4311,1100,-1300,0,1,0
2,-90,1.136,100,749472,31,-16,-61,30188,79,-128,-4606,0,0,133,1642,-5505,4247,0,0,0,1,0
2,-90,1.192,101,749523,31,-16,-61,30188,81,-126,-4885,0,0,133,1644,-5505,4247,0,0,0,1,0
2,-90,1.265,102,749595,31,-16,-61,30188,81,-126,-4885,0,0,133,1647,-5505,4247,0,0,0,1,0
2,-90,1.341,103,749668,31,-16,-61,30188,81,-126,-4885,0,0,133,1650,-5505,4247,0,0,0,1,0
2,-90,1.393,104,749723,31,-16,-61,30188,81,-126,-4886,0,0,133,1650,-5505,4247,0,0,0,1,0
2,-90,1.45,105,749779,31,-16,-61,30188,81,-126,-4886,0,0,133,1650,-5505,4247,0,0,0,1,0
2,-90,1.504,106,749835,31,-16,-61,30188,81,-126,-4886,0,0,133,1650,-5505,4247,0,0,0,1,0
2,-90,1.562,107,749891,31,-16,-61,30188,81,-126,-4886,0,0,133,1650,-5505,4247,0,0,0,1,0
2,-90,1.612,108,749947,31,-16,-61,30188,81,-126,-4886,0,0,133,1650,-5505,4247,0,0,0,1,0
2,-90,1.675,109,750003,31,-16,-61,30188,81,-126,-4886,0,0,133,1650,-5505,4247,0,0,0,1,0
2,-90,1.719,110,750055,31,-16,-61,30188,81,-126,-4886,0,0,133,1650,-5505,4247,0,0,0,1,0
2,-90,1.776,111,750111,31,-16,-61,30188,81,-126,-4886,0,0,133,1650,-5505,4247,0,0,0,1,0
2,-90,1.835,112,750167,31,-16,-61,30188,81,-126,-4886,0,0,133,1650,-5505,4247,0,0,0,1,0
2,-90,1.913,113,750223,31,-16,-61,30188,81,-126,-4886,0,0,133,1650,-5505,4247,0,0,0,1,0
2,-90,1.943,114,750279,31,-16,-61,30188,81,-126,-4886,0,0,133,1650,-5505,4247,0,0,0,1,0
2,-90,1.999,115,750335,31,-16,-61,30188,81,-126,-4886,0,0,133,1650,-5505,4247,0,0,0,1,0
2,-90,2.055,116,750391,31,-16,-61,30188,81,-126,-4886,0,0,133,1650,-5505,4247,0,0,0,1,0
2,-90,2.11,117,750447,31,-16,-61,30188,81,-126,-4886,0,0,133,1650,-5505,4247,0,0,0,1,0
2,-90,2.167,118,750503,31,-16,-61,30188,81,-126,-4886,0,0,133,1650,-5505,4247,0,0,0,1,0
2,-90,2.232,119,750559,31,-16,-61,30188,81,-126,-4886,0,0,133,1650,-5505,4247,0,0,0,1,0
2,-90,2.277,120,750615,31,-16,-61,30188,81,-126,-4886,0,0,133,1650,-5505,4247,0,0,0,1,0
2,-90,2.332,121,750671,31,-16,-61,30188,81,-126,-4886,0,0,133,1650,-5505,4247,0,0,0,1,0
2,-90,2.393,122,750727,31,-16,-61,30188,81,-126,-4886,0,0,133,1650,-5505,4247,0,0,0,1,0
2,-90,2.459,123,750783,31,-16,-61,30188,81,-126,-4886,0,0,133,1650,-5505,4247,0,0,0,1,0
2,-90,2.524,124,750839,31,-16,-61,30188,81,-126,-4886,0,0,133,1650,-5505,4247,0,0,0,1,0
2,-90,2.56,125,750895,31,-16,-61,30188,81,-126,-4886,0,0,133,1650,-5505,4247,0,0,0,1,0
2,-90,2.619,126,750951,31,-16,-61,30188,81,-126,-4886,0,0,133,1650,-5505,4247,0,0,0,1,0
2,-90,2.678,127,751007,31,-16,-61,30188,81,-126,-4886,0,0,133,1650,-5505,4247,0,0,0,1,0
2,-90,2.737,0,751063,31,-16,-61,30188,81,-126,-4886,0,0,133,1650,-5505,4247,0,0,0,1,0
2,-90,2.777,1,751115,31,-16,-61,30188,81,-126,-4886,0,0,133,1650,-5505,4247,0,0,0,1,0
2,-90,2.837,2,751171,31,-16,-61,30188,81,-126,-4886,0,0,133,1650,-5505,4247,0,0,0,1,0
2,-90,2.892,3,751227,31,-16,-61,30188,81,-126,-4886,0,0,133,1650,-5505,4247,0,0,0,1,0
2,-90,2.948,4,751283,31,-16,-61,30188,81,-126,-4886,0,0,133,1650,-5505,4247,0,0,0,1,0
2,-90,3.008,5,751339,31,-16,-61,30188,81,-126,-4886,0,0,133,1650,-5505,4247,0,0,0,1,0
2,-90,3.063,6,751395,31,-16,-61,30188,81,-126,-4886,0,0,133,1650,-5505,4247,0,0,0,1,0
2,-90,3.114,7,751451,31,-16,-61,30188,81,-126,-4886,0,0,133,1650,-5505,4247,0,0,0,1,0
2,-90,3.17,8,751507,31,-16,-61,30188,81,-126,-4886,0,0,133,1650,-5505,4247,0,0,0,1,0
2,-90,3.227,9,751563,31,-16,-61,30188,81,-126,-4886,0,0,133,1650,-5505,4247,0,0,0,1,0
2,-90,3.284,10,751619,31,-16,-61,30188,81,-126,-4886,0,0,133,1650,-5505,4247,0,0,0,1,0
2,-90,3.338,11,751675,31,-16,-61,30188,81,-126,-4886,0,0,133,1650,-5505,4247,0,0,0,1,0
2,-90,3.396,12,751731,31,-16,-61,30188,81,-126,-4886,0,0,133,1650,-5505,4247,0,0,0,1,0
2,-90,3.459,13,751787,31,-16,-61,30188,81,-126,-4886,0,0,133,1650,-5505,4247,0,0,0,1,0
2,-90,3.51,14,751843,31,-16,-61,30188,81,-126,-4886,0,0,133,1650,-5505,4247,0,0,0,1,0
2,-90,3.561,15,751899,31,-16,-61,30188,81,-126,-4886,0,0,133,1650,-5505,4247,0,0,0,1,0
2,-90,3.62,16,751955,31,-16,-61,30188,81,-126,-4886,0,0,133,1650,-5505,4247,0,0,0,1,0
2,-90,3.686,17,752011,31,-16,-61,30188,81,-126,-4886,0,0,133,1650,-5505,4247,0,0,0,1,0
2,-90,3.73,18,752067,31,-16,-61,30188,81,-126,-4886,0,0,133,1650,-5505,4247,0,0,0,1,0
2,-90,3.798,19,752123,31,-16,-61,30188,81,-126,-4886,0,0,133,1650,-5505,4247,0,0,0,1,0
2,-90,3.856,20,752175,31,-16,-61,30188,81,-126,-4886,0,0,133,1650,-5505,4247,0,0,0,1,0
2,-90,3.895,21,752231,31,-16,-61,30188,81,-126,-4886,0,0,133,1650,-5505,4247,0,0,0,1,0
2,-90,3.952,22,752287,31,-16,-61,30188,81,-126,-4886,0,0,133,1650,-5505,4247,0,0,0,1,0
2,-90,4.006,23,752343,31,-16,-61,30188,81,-126,-4886,0,0,133,1650,-5505,4247,0,0,0,1,0
2,-90,4.063,24,752399,31,-16,-61,30188,81,-126,-4886,0,0,133,1650,-5505,4247,0,0,0,1,0
2,-90,4.12,25,752455,31,-16,-61,30188,81,-126,-4886,0,0,133,1650,-5505,4247,0,0,0,1,0
2,-90,4.178,26,752511,31,-16,-61,30188,81,-126,-4886,0,0,133,1650,-5505,4247,0,0,0,1,0
2,-90,4.234,27,752567,31,-16,-61,30188,81,-126,-4886,0,0,133,1650,-5505,4247,0,0,0,1,0
2,-90,4.287,28,752623,31,-16,-61,30188,81,-126,-4886,0,0,133,1650,-5505,4247,0,0,0,1,0
2,-90,4.346,29,752679,31,-16,-61,30188,81,-126,-4886,0,0,133,1650,-5505,4247,0,0,0,1,0
2,-90,4.403,30,752735,31,-16,-61,30188,81,-126,-4886,0,0,133,1650,-5505,4247,0,0,0,1,0
2,-90,4.459,31,752791,31,-16,-61,30188,81,-126,-4886,0,0,133,1650,-5505,4247,0,0,0,1,0
2,-90,4.517,32,752847,31,-16,-61,30188,81,-126,-4886,0,0,133,1650,-5505,4247,0,0,0,1,0
2,-90,4.574,33,752903,31,-16,-61,30188,81,-126,-4886,0,0,133,1650,-5505,4247,0,0,0,1,0
2,-90,4.626,34,752959,31,-16,-61,30188,81,-126,-4886,0,0,133,1650,-5505,4247,0,0,0,1,0
2,-90,4.68,35,753015,31,-16,-61,30188,81,-126,-4886,0,0,133,1650,-5505,4247,0,0,0,1,0
2,-90,4.737,36,753071,31,-16,-61,30188,81,-126,-4886,0,0,133,1650,-5505,4247,0,0,0,1,0
2,-90,4.789,37,753127,31,-16,-61,30188,81,-126,-4887,0,0,133,1650,-5505,4247,0,0,0,1,0
2,-90,4.853,38,753183,31,-16,-61,30188,81,-126,-4887,0,0,133,1650,-5505,4247,0,0,0,1,0
2,-90,4.902,39,753235,31,-16,-61,30188,81,-126,-4887,0,0,133,1650,-5505,4247,0,0,0,1,0
2,-90,4.954,40,753291,31,-16,-61,30188,81,-126,-4887,0,0,133,1650,-5505,4247,0,0,0,1,0
2,-90,5.01,41,753347,31,-16,-61,30188,81,-126,-4887,0,0,133,1650,-5505,4247,0,0,0,1,0
2,-90,5.066,42,753403,31,-16,-61,30188,81,-126,-4887,0,0,133,1650,-5505,4247,0,0,0,1,0
2,-90,5.122,43,753459,31,-16,-61,30188,81,-126,-4887,0,0,133,1650,-5505,4247,0,0,0,1,0
2,-90,5.181,44,753515,31,-16,-61,30188,81,-126,-4887,0,0,133,1650,-5505,4247,0,0,0,1,0
2,-90,5.241,45,753571,31,-16,-61,30188,81,-126,-4887,0,0,133,1650,-5505,4247,0,0,0,1,0
2,-90,5.29,46,753627,31,-16,-61,30188,81,-126,-4887,0,0,133,1650,-5505,4247,0,0,0,1,0
2,-90,5.348,47,753683,31,-16,-61,30188,81,-126,-4887,0,0,133,1650,-5505,4247,0,0,0,1,0
2,-90,5.405,48,753739,31,-16,-61,30188,81,-126,-4887,0,0,133,1650,-5505,4247,0,0,0,1,0
2,-90,5.463,49,753795,31,-16,-61,30188,81,-126,-4887,0,0,133,1650,-5505,4247,0,0,0,1,0
2,-90,5.515,50,753851,31,-16,-61,30188,81,-126,-4887,0,0,133,1650,-5505,4247,0,0,0,1,0
2,-90,5.583,51,753907,31,-16,-61,30188,81,-126,-4887,0,0,133,1650,-5505,4247,0,0,0,1,0
2,-90,5.625,52,753963,31,-16,-61,30188,81,-126,-4887,0,0,133,1650,-5505,4247,0,0,0,1,0
2,-90,5.684,53,754019,31,-16,-61,30188,81,-126,-4887,0,0,133,1650,-5505,4247,0,0,0,1,0
2,-90,5.737,54,754075,31,-16,-61,30188,81,-126,-4887,0,0,133,1650,-5505,4247,0,0,0,1,0
2,-90,5.794,55,754131,31,-16,-61,30188,81,-126,-4887,0,0,133,1650,-5505,4247,0,0,0,1,0
2,-90,5.849,56,754187,31,-16,-61,30188,81,-126,-4887,0,0,133,1650,-5505,4247,0,0,0,1,0
2,-90,5.928,57,754243,31,-16,-61,30188,81,-126,-4887,0,0,133,1650,-5505,4247,0,0,0,1,0
2,-90,5.957,58,754295,31,-16,-61,30188,81,-126,-4887,0,0,133,1650,-5505,4247,0,0,0,1,0
2,-90,6.012,59,754351,31,-16,-61,30188,81,-126,-4887,0,0,133,1650,-5505,4247,0,0,0,1,0
2,-90,6.069,60,754407,31,-16,-61,30188,81,-126,-4887,0,0,133,1650,-5505,4247,0,0,0,1,0
2,-90,6.138,61,754463,31,-16,-61,30188,81,-126,-4887,0,0,133,1650,-5505,4247,0,0,0,1,0
2,-90,6.277,62,754519,31,-16,-61,30188,81,-126,-4887,0,0,133,1650,-5505,4247,0,0,0,1,0
2,-90,6.289,63,754575,31,-16,-61,30188,81,-126,-4887,0,0,133,1650,-5505,4247,0,0,0,1,0
2,-90,6.309,64,754631,31,-16,-61,30188,81,-126,-4887,0,0,133,1650,-5505,4247,0,0,0,1,0
2,-90,6.376,65,754687,31,-16,-61,30188,81,-126,-4887,0,0,133,1650,-5505,4247,0,0,0,1,0
2,-90,6.413,66,754743,31,-16,-61,30188,81,-126,-4887,0,0,133,1650,-5505,4247,0,0,0,1,0
2,-90,6.478,67,754799,31,-16,-61,30188,81,-126,-4887,0,0,133,1650,-5505,4247,0,0,0,1,0
2,-90,6.527,68,754855,31,-16,-61,30188,81,-126,-4887,0,0,133,1650,-5505,4247,0,0,0,1,0
2,-90,6.579,69,754911,31,-16,-61,30188,81,-126,-4887,0,0,133,1650,-5505,4247,0,0,0,1,0
2,-90,6.642,70,754967,31,-16,-61,30188,81,-126,-4887,0,0,133,1650,-5505,4247,0,0,0,1,0
2,-90,6.696,71,755023,31,-16,-61,30188,81,-126,-4887,0,0,133,1650,-5505,4247,0,0,0,1,0
2,-90,6.745,72,755079,31,-16,-61,30188,81,-126,-4887,0,0,133,1650,-5505,4247,0,0,0,1,0
2,-90,6.81,73,755135,31,-16,-61,30188,81,-126,-4887,0,0,133,1650,-5505,4247,0,0,0,1,0
2,-90,6.861,74,755191,31,-16,-61,30188,81,-126,-4887,0,0,133,1650,-5505,4247,0,0,0,1,0
2,-90,6.912,75,755247,31,-16,-61,30188,81,-126,-4887,0,0,133,1650,-5505,4247,0,0,0,1,0
2,-90,6.973,76,755303,31,-16,-61,30188,81,-126,-4887,0,0,133,1650,-5505,4247,0,0,0,1,0
2,-90,7.018,77,755355,31,-16,-61,30188,81,-126,-4887,0,0,133,1650,-5505,4247,0,0,0,1,0
2,-90,7.073,78,755411,31,-16,-61,30188,81,-126,-4887,0,0,133,1650,-5505,4247,0,0,0,1,0
2,-90,7.176,79,755467,31,-16,-61,30188,81,-126,-4887,0,0,133,1650,-5505,4247,0,0,0,1,0
2,-90,7.186,80,755523,31,-16,-61,30188,81,-126,-4887,0,0,133,1650,-5505,4247,0,0,0,1,0
2,-90,7.244,81,755579,31,-16,-61,30188,81,-126,-4888,0,0,133,1650,-5505,4247,0,0,0,1,0
2,-90,7.308,82,755635,31,-16,-61,30188,81,-126,-4888,0,0,133,1650,-5505,4247,0,0,0,1,0
2,-90,7.353,83,755691,31,-16,-61,30188,81,-126,-4888,0,0,133,1650,-5505,4247,0,0,0,1,0
2,-90,7.472,84,755747,31,-16,-61,30188,81,-126,-4888,0,0,133,1650,-5505,4247,0,0,0,1,0
2,-90,7.472,85,755803,31,-16,-61,30188,81,-126,-4888,0,0,133,1650,-5505,4247,0,0,0,1,0
2,-90,7.57,86,755859,31,-16,-61,30188,81,-126,-4888,0,0,133,1650,-5505,4247,0,0,0,1,0
2,-90,7.601,87,755915,31,-16,-61,30188,81,-126,-4888,0,0,133,1650,-5505,4247,0,0,0,1,0
2,-90,7.642,88,755971,31,-16,-61,30188,81,-126,-4888,0,0,133,1650,-5505,4247,0,0,0,1,0
2,-90,7.689,89,756027,31,-16,-61,30188,81,-126,-4888,0,0,133,1650,-5505,4247,0,0,0,1,0
2,-90,7.75,90,756083,31,-16,-61,30188,81,-126,-4888,0,0,133,1650,-5505,4247,0,0,0,1,0
2,-90,7.832,91,756139,31,-16,-61,30188,81,-126,-4888,0,0,133,1650,-5505,4247,0,0,0,1,0
2,-90,7.87,92,756195,31,-16,-61,30188,81,-126,-4888,0,0,133,1650,-5505,4247,0,0,0,1,0
2,-90,7.913,93,756251,31,-16,-61,30188,81,-126,-4888,0,0,133,1650,-5505,4247,0,0,0,1,0
2,-90,7.97,94,756307,31,-16,-61,30188,81,-126,-4888,0,0,133,1650,-5505,4247,0,0,0,1,0
2,-90,8.154,95,756363,31,-16,-61,30188,81,-126,-4888,0,0,133,1650,-5505,4247,0,0,0,1,0
2,-90,8.154,96,756415,31,-16,-61,30188,81,-126,-4888,0,0,133,1650,-5505,4247,0,0,0,1,0
2,-90,8.154,97,756471,31,-16,-61,30188,81,-126,-4888,0,0,133,1650,-5505,4247,0,0,0,1,0
2,-90,8.191,98,756527,31,-16,-61,30188,81,-126,-4888,0,0,133,1650,-5505,4247,0,0,0,1,0
2,-90,8.245,99,756583,31,-16,-61,30188,81,-126,-4888,0,0,133,1650,-5505,4247,0,0,0,1,0
2,-90,8.302,100,756639,31,-16,-61,30188,81,-126,-4888,0,0,133,1650,-5505,4247,0,0,0,1,0
2,-90,8.368,101,756695,31,-16,-61,30188,81,-126,-4888,0,0,133,1650,-5505,4247,0,0,0,1,0
2,-90,8.415,102,756751,31,-16,-61,30188,81,-126,-4888,0,0,133,1650,-5505,4247,0,0,0,1,0
2,-90,8.47,103,756807,31,-16,-61,30188,81,-126,-4888,0,0,133,1650,-5505,4247,0,0,0,1,0
2,-90,8.527,104,756863,31,-16,-61,30188,81,-126,-4888,0,0,133,1650,-5505,4247,0,0,0,1,0
2,-90,8.582,105,756919,31,-16,-61,30188,81,-126,-4888,0,0,133,1650,-5505,4247,0,0,0,1,0
2,-90,8.68,106,756975,31,-16,-61,30188,81,-126,-4888,0,0,133,1650,-5505,4247,0,0,0,1,0
2,-90,8.694,107,757031,31,-16,-61,30188,81,-126,-4888,0,0,133,1650,-5505,4247,0,0,0,1,0
2,-90,8.749,108,757087,31,-16,-61,30188,81,-126,-4888,0,0,133,1650,-5505,4247,0,0,0,1,0
2,-90,8.806,109,757143,31,-16,-61,30188,81,-126,-4888,0,0,133,1650,-5505,4247,0,0,0,1,0
2,-90,8.862,110,757199,31,-16,-61,30188,81,-126,-4888,0,0,133,1650,-5505,4247,0,0,0,1,0
2,-90,8.917,111,757255,31,-16,-61,30188,81,-126,-4888,0,0,133,1650,-5505,4247,0,0,0,1,0
3,107,-0.003,82,762775,31,-16,-61,30188,81,-126,-4890,0,0,133,1650,-5505,4247,0,0,0,1,0
3,107,0.062,83,762843,31,-16,-61,30188,81,-126,-4890,0,0,133,1651,-5505,4247,0,0,0,1,0
3,107,0.137,84,762916,31,-16,-61,30216,81,-126,-4890,-9,9,134,1654,-5511,4250,-800,800,0,1,0
3,107,0.203,85,762987,31,-16,-61,30352,81,-126,-4865,-32,15,134,1657,-5533,4272,-1500,1400,0,1,0
3,107,0.272,86,763059,31,-16,-61,30646,81,-126,-4865,-73,64,134,1660,-5583,4317,-2200,2300,0,1,0
3,107,0.349,87,763131,31,-16,-61,31256,76,-129,-4268,-114,105,134,1663,-5680,4417,-2700,2700,0,1,0
3,107,0.418,88,763203,31,-16,-61,32116,76,-129,-4268,-137,137,134,1666,-5819,4556,-3100,3100,0,1,0
3,107,0.488,89,763275,31,-16,-61,33147,70,-136,-2969,-178,169,134,1669,-5986,4722,-3600,3500,0,1,0
3,107,0.564,90,763347,31,-16,-61,34367,65,-147,-1146,-202,184,134,1672,-6180,4922,-3700,3700,0,1,0
3,107,0.639,91,763419,31,-16,-61,35701,65,-147,-1146,-210,201,134,1675,-6397,5136,-3200,3200,0,1,0
3,107,0.709,92,763491,31,-16,-61,36914,63,-161,944,-178,178,134,1678,-6597,5328,-2500,2600,0,1,0
3,107,0.778,93,763563,31,-16,-61,37920,66,-173,2685,-140,146,134,1681,-6761,5489,-1800,1900,0,1,0
3,107,0.85,94,763635,31,-16,-61,38642,66,-173,2685,-96,99,134,1684,-6877,5606,-1500,1600,0,1,0
3,107,0.923,95,763707,31,-16,-61,39115,70,-179,3661,-64,82,134,1687,-6947,5689,-1600,1500,0,1,0
3,107,0.991,96,763779,31,-16,-60,39543,74,-183,4359,-64,73,134,1690,-7013,5761,-1500,1400,0,1,0
3,107,1.062,97,763851,31,-16,-60,39957,74,-183,4359,-64,64,134,1693,-7080,5828,-1200,1100,0,1,0
3,107,1.143,98,763932,31,-16,-60,40214,77,-185,4969,0,0,134,1698,-7119,5872,0,0,0,1,0
3,107,1.202,99,763983,31,-16,-60,40214,77,-185,4969,0,0,134,1700,-7119,5872,0,0,0,1,0
3,107,1.276,100,764055,31,-16,-60,40214,79,-186,5111,0,0,134,1703,-7119,5872,0,0,0,1,0
3,107,1.348,101,764128,31,-16,-60,40214,79,-186,5112,0,0,134,1706,-7119,5872,0,0,0,1,0
3,107,1.393,102,764183,31,-16,-60,40214,79,-186,5112,0,0,134,1706,-7119,5872,0,0,0,1,0
3,107,1.45,103,764239,31,-16,-60,40214,79,-186,5112,0,0,134,1706,-7119,5872,0,0,0,1,0
3,107,1.508,104,764295,31,-16,-60,40214,79,-186,5112,0,0,134,1706,-7119,5872,0,0,0,1,0
3,107,1.57,105,764351,31,-16,-60,40214,79,-186,5112,0,0,134,1706,-7119,5872,0,0,0,1,0
3,107,1.618,106,764407,31,-16,-60,40214,79,-186,5112,0,0,134,1706,-7119,5872,0,0,0,1,0
3,107,1.675,107,764463,31,-16,-60,40214,79,-186,5112,0,0,134,1706,-7119,5872,0,0,0,1,0
3,107,1.735,108,764519,31,-16,-60,40214,79,-186,5112,0,0,134,1706,-7119,5872,0,0,0,1,0
3,107,1.787,109,764575,31,-16,-60,40214,79,-186,5112,0,0,134,1706,-7119,5872,0,0,0,1,0
3,107,1.842,110,764631,31,-16,-60,40214,79,-186,5112,0,0,134,1706,-7119,5872,0,0,0,1,0
3,107,1.898,111,764687,31,-16,-60,40214,79,-186,5112,0,0,134,1706,-7119,5872,0,0,0,1,0
3,107,1.956,112,764743,31,-16,-60,40214,79,-186,5112,0,0,134,1706,-7119,5872,0,0,0,1,0
3,107,2.021,113,764799,31,-16,-60,40214,79,-186,5112,0,0,134,1706,-7119,5872,0,0,0,1,0
3,107,2.073,114,764855,31,-16,-60,40214,79,-186,5112,0,0,134,1706,-7119,5872,0,0,0,1,0
3,107,2.122,115,764911,31,-16,-60,40214,79,-186,5112,0,0,134,1706,-7119,5872,0,0,0,1,0
3,107,2.18,116,764967,31,-16,-60,40214,79,-186,5112,0,0,134,1706,-7119,5872,0,0,0,1,0
3,107,2.236,117,765023,31,-16,-60,40214,79,-186,5112,0,0,134,1706,-7119,5872,0,0,0,1,0
3,107,2.291,118,765079,31,-16,-60,40214,79,-186,5112,0,0,134,1706,-7119,5872,0,0,0,1,0
3,107,2.363,119,765135,31,-16,-60,40214,79,-186,5112,0,0,134,1706,-7119,5872,0,0,0,1,0
3,107,2.403,120,765187,31,-16,-60,40214,79,-186,5112,0,0,134,1706,-7119,5872,0,0,0,1,0
3,107,2.456,121,765243,31,-16,-60,40214,79,-186,5111,0,0,134,1706,-7119,5872,0,0,0,1,0
3,107,2.52,122,765299,31,-16,-60,40214,79,-186,5111,0,0,134,1706,-7119,5872,0,0,0,1,0
3,107,2.567,123,765355,31,-16,-60,40214,79,-186,5111,0,0,134,1706,-7119,5872,0,0,0,1,0
3,107,2.624,124,765411,31,-16,-60,40214,79,-186,5111,0,0,134,1706,-7119,5872,0,0,0,1,0
3,107,2.686,125,765467,31,-16,-60,40214,79,-186,5111,0,0,134,1706,-7119,5872,0,0,0,1,0
3,107,2.74,126,765523,31,-16,-60,40214,79,-186,5111,0,0,134,1706,-7119,5872,0,0,0,1,0
3,107,2.86,127,765579,31,-16,-60,40214,79,-186,5111,0,0,134,1706,-7119,5872,0,0,0,1,0
3,107,2.86,0,765635,31,-16,-60,40214,79,-186,5111,0,0,134,1706,-7119,5872,0,0,0,1,0
3,107,2.903,1,765691,31,-16,-60,40214,79,-186,5112,0,0,134,1706,-7119,5872,0,0,0,1,0
3,107,2.963,2,765747,31,-16,-60,40214,79,-186,5112,0,0,134,1706,-7119,5872,0,0,0,1,0
3,107,3.016,3,765803,31,-16,-60,40214,79,-186,5112,0,0,134,1706,-7119,5872,0,0,0,1,0
3,107,3.074,4,765859,31,-16,-60,40214,79,-186,5112,0,0,134,1706,-7119,5872,0,0,0,1,0
3,107,3.131,5,765915,31,-16,-60,40214,79,-186,5112,0,0,134,1706,-7119,5872,0,0,0,1,0
3,107,3.182,6,765971,31,-16,-60,40214,79,-186,5112,0,0,134,1706,-7119,5872,0,0,0,1,0
3,107,3.239,7,766027,31,-16,-60,40214,79,-186,5111,0,0,134,1706,-7119,5872,0,0,0,1,0
3,107,3.294,8,766083,31,-16,-60,40214,79,-186,5111,0,0,134,1706,-7119,5872,0,0,0,1,0
3,107,3.358,9,766139,31,-16,-60,40214,79,-186,5111,0,0,134,1706,-7119,5872,0,0,0,1,0
3,107,3.441,10,766195,31,-16,-60,40214,79,-186,5111,0,0,134,1706,-7119,5872,0,0,0,1,0
3,107,3.473,11,766247,31,-16,-60,40214,79,-186,5111,0,0,134,1706,-7119,5872,0,0,0,1,0
3,107,3.517,12,766303,31,-16,-60,40214,79,-186,5111,0,0,134,1706,-7119,5872,0,0,0,1,0
3,107,3.587,13,766359,31,-16,-60,40214,79,-186,5111,0,0,134,1706,-7119,5872,0,0,0,1,0
3,107,3.639,14,766415,31,-16,-60,40214,79,-186,5111,0,0,134,1706,-7119,5872,0,0,0,1,0
3,107,3.685,15,766471,31,-16,-60,40214,79,-186,5111,0,0,134,1706,-7119,5872,0,0,0,1,0
3,107,3.737,16,766527,31,-16,-60,40214,79,-186,5111,0,0,134,1706,-7119,5872,0,0,0,1,0
3,107,3.803,17,766583,31,-16,-60,40214,79,-186,5111,0,0,134,1706,-7119,5872,0,0,0,1,0
3,107,3.858,18,766639,31,-16,-60,40214,79,-186,5111,0,0,134,1706,-7119,5872,0,0,0,1,0
3,107,3.91,19,766695,31,-16,-60,40214,79,-186,5111,0,0,134,1706,-7119,5872,0,0,0,1,0
3,107,3.968,20,766751,31,-16,-60,40214,79,-186,5111,0,0,134,1706,-7119,5872,0,0,0,1,0
3,107,4.021,21,766807,31,-16,-60,40214,79,-186,5111,0,0,134,1706,-7119,5872,0,0,0,1,0
3,107,4.09,22,766863,31,-16,-60,40214,79,-186,5111,0,0,134,1706,-7119,5872,0,0,0,1,0
3,107,4.134,23,766919,31,-16,-60,40214,79,-186,5111,0,0,134,1706,-7119,5872,0,0,0,1,0
3,107,4.19,24,766975,31,-16,-60,40214,79,-186,5111,0,0,134,1706,-7119,5872,0,0,0,1,0
3,107,4.244,25,767031,31,-16,-60,40214,79,-186,5111,0,0,134,1706,-7119,5872,0,0,0,1,0
3,107,4.299,26,767087,31,-16,-60,40214,79,-186,5111,0,0,134,1706,-7119,5872,0,0,0,1,0
3,107,4.353,27,767143,31,-16,-60,40214,79,-186,5111,0,0,134,1706,-7119,5872,0,0,0,1,0
3,107,4.413,28,767199,31,-16,-60,40214,79,-186,5111,0,0,134,1706,-7119,5872,0,0,0,1,0
3,107,4.478,29,767255,31,-16,-60,40214,79,-186,5111,0,0,134,1706,-7119,5872,0,0,0,1,0
3,107,4.526,30,767307,31,-16,-60,40214,79,-186,5111,0,0,134,1706,-7119,5872,0,0,0,1,0
3,107,4.574,31,767363,31,-16,-60,40214,79,-186,5111,0,0,134,1706,-7119,5872,0,0,0,1,0
3,107,4.697,32,767419,31,-16,-60,40214,79,-186,5111,0,0,134,1706,-7119,5872,0,0,0,1,0
3,107,4.697,33,767475,31,-16,-60,40214,79,-186,5111,0,0,134,1706,-7119,5872,0,0,0,1,0
3,107,4.743,34,767531,31,-16,-60,40214,79,-186,5111,0,0,134,1706,-7119,5872,0,0,0,1,0
3,107,4.797,35,767587,31,-16,-60,40214,79,-186,5111,0,0,134,1706,-7119,5872,0,0,0,1,0
3,107,4.857,36,767643,31,-16,-60,40214,79,-186,5111,0,0,134,1706,-7119,5872,0,0,0,1,0
3,107,4.916,37,767699,31,-16,-60,40214,79,-186,5111,0,0,134,1706,-7119,5872,0,0,0,1,0
3,107,4.978,38,767755,31,-16,-60,40214,79,-186,5111,0,0,134,1706,-7119,5872,0,0,0,1,0
3,107,5.022,39,767811,31,-16,-60,40214,79,-186,5111,0,0,134,1706,-7119,5872,0,0,0,1,0
3,107,5.078,40,767867,31,-16,-60,40214,79,-186,5111,0,0,134,1706,-7119,5872,0,0,0,1,0
3,107,5.134,41,767923,31,-16,-60,40214,79,-186,5111,0,0,134,1706,-7119,5872,0,0,0,1,0
3,107,5.192,42,767979,31,-16,-60,40214,79,-186,5111,0,0,134,1706,-7119,5872,0,0,0,1,0
3,107,5.253,43,768035,31,-16,-60,40214,79,-186,5111,0,0,134,1706,-7119,5872,0,0,0,1,0
3,107,5.311,44,768091,31,-16,-60,40214,79,-186,5111,0,0,134,1706,-7119,5872,0,0,0,1,0
3,107,5.359,45,768147,31,-16,-60,40214,79,-186,5111,0,0,134,1706,-7119,5872,0,0,0,1,0
3,107,5.417,46,768203,31,-16,-60,40214,79,-186,5111,0,0,134,1706,-7119,5872,0,0,0,1,0
3,107,5.469,47,768259,31,-16,-60,40214,79,-186,5111,0,0,134,1706,-7119,5872,0,0,0,1,0
3,107,5.536,48,768315,31,-16,-60,40214,79,-186,5111,0,0,134,1706,-7119,5872,0,0,0,1,0
3,107,5.579,49,768367,31,-16,-60,40214,79,-186,5111,0,0,134,1706,-7119,5872,0,0,0,1,0
3,107,5.636,50,768423,31,-16,-60,40214,79,-186,5111,0,0,134,1706,-7119,5872,0,0,0,1,0
3,107,5.69,51,768479,31,-16,-60,40214,79,-186,5111,0,0,134,1706,-7119,5872,0,0,0,1,0
3,107,5.759,52,768535,31,-16,-60,40214,79,-186,5111,0,0,134,1706,-7119,5872,0,0,0,1,0
3,107,5.803,53,768591,31,-16,-60,40214,79,-186,5111,0,0,134,1706,-7119,5872,0,0,0,1,0
3,107,5.862,54,768647,31,-16,-60,40214,79,-186,5111,0,0,134,1706,-7119,5872,0,0,0,1,0
3,107,5.914,55,768703,31,-16,-60,40214,79,-186,5111,0,0,134,1706,-7119,5872,0,0,0,1,0
3,107,5.972,56,768759,31,-16,-60,40214,79,-186,5110,0,0,134,1706,-7119,5872,0,0,0,1,0
3,107,6.031,57,768815,31,-16,-60,40214,79,-186,5110,0,0,134,1706,-7119,5872,0,0,0,1,0
3,107,6.082,58,768871,31,-16,-60,40214,79,-186,5110,0,0,134,1706,-7119,5872,0,0,0,1,0
3,107,6.139,59,768927,31,-16,-60,40214,79,-186,5110,0,0,134,1706,-7119,5872,0,0,0,1,0
3,107,6.193,60,768983,31,-16,-60,40214,79,-186,5110,0,0,134,1706,-7119,5872,0,0,0,1,0
3,107,6.251,61,769039,31,-16,-60,40214,79,-186,5110,0,0,134,1706,-7119,5872,0,0,0,1,0
3,107,6.307,62,769095,31,-16,-60,40214,79,-186,5110,0,0,134,1706,-7119,5872,0,0,0,1,0
3,107,6.361,63,769151,31,-16,-60,40214,79,-186,5110,0,0,134,1706,-7119,5872,0,0,0,1,0
3,107,6.418,64,769207,31,-16,-60,40214,79,-186,5110,0,0,134,1706,-7119,5872,0,0,0,1,0
3,107,6.477,65,769263,31,-16,-60,40214,79,-186,5110,0,0,134,1706,-7119,5872,0,0,0,1,0
3,107,6.53,66,769319,31,-16,-60,40214,79,-186,5110,0,0,134,1706,-7119,5872,0,0,0,1,0
3,107,6.597,67,769375,31,-16,-60,40214,79,-186,5110,0,0,134,1706,-7119,5872,0,0,0,1,0
3,107,6.641,68,769427,31,-16,-60,40214,79,-186,5110,0,0,134,1706,-7119,5872,0,0,0,1,0
3,107,6.695,69,769483,31,-16,-60,40214,79,-186,5110,0,0,134,1706,-7119,5872,0,0,0,1,0
3,107,6.75,70,769539,31,-16,-60,40214,79,-186,5110,0,0,134,1706,-7119,5872,0,0,0,1,0
3,107,6.817,71,769595,31,-16,-60,40214,79,-186,5110,0,0,134,1706,-7119,5872,0,0,0,1,0
3,107,6.865,72,769651,31,-16,-60,40214,79,-186,5110,0,0,134,1706,-7119,5872,0,0,0,1,0
3,107,6.919,73,769707,31,-16,-60,40214,79,-186,5110,0,0,134,1706,-7119,5872,0,0,0,1,0
3,107,6.973,74,769763,31,-16,-60,40214,79,-186,5110,0,0,134,1706,-7119,5872,0,0,0,1,0
3,107,7.029,75,769819,31,-16,-60,40214,79,-186,5110,0,0,134,1706,-7119,5872,0,0,0,1,0
3,107,7.103,76,769875,31,-16,-60,40214,79,-186,5110,0,0,134,1706,-7119,5872,0,0,0,1,0
3,107,7.146,77,769931,31,-16,-60,40214,79,-186,5110,0,0,134,1706,-7119,5872,0,0,0,1,0
3,107,7.2,78,769987,31,-16,-60,40214,79,-186,5110,0,0,134,1706,-7119,5872,0,0,0,1,0
3,107,7.261,79,770043,31,-16,-60,40214,79,-186,5110,0,0,134,1706,-7119,5872,0,0,0,1,0
3,107,7.319,80,770099,31,-16,-60,40214,79,-186,5110,0,0,134,1706,-7119,5872,0,0,0,1,0
3,107,7.376,81,770155,31,-16,-60,40214,79,-186,5110,0,0,134,1706,-7119,5872,0,0,0,1,0
3,107,7.439,82,770211,31,-16,-60,40214,79,-186,5110,0,0,134,1706,-7119,5872,0,0,0,1,0
3,107,7.492,83,770267,31,-16,-60,40214,79,-186,5110,0,0,134,1706,-7119,5872,0,0,0,1,0
3,107,7.546,84,770323,31,-16,-60,40214,79,-186,5110,0,0,134,1706,-7119,5872,0,0,0,1,0
3,107,7.589,85,770379,31,-16,-60,40214,79,-186,5110,0,0,134,1706,-7119,5872,0,0,0,1,0
3,107,7.655,86,770435,31,-16,-60,40214,79,-186,5110,0,0,134,1706,-7119,5872,0,0,0,1,0
3,107,7.743,87,770487,31,-16,-60,40214,79,-186,5110,0,0,134,1706,-7119,5872,0,0,0,1,0
3,107,7.753,88,770543,31,-16,-60,40214,79,-186,5110,0,0,134,1706,-7119,5872,0,0,0,1,0
3,107,7.808,89,770599,31,-16,-60,40214,79,-186,5110,0,0,134,1706,-7119,5872,0,0,0,1,0
3,107,7.865,90,770655,31,-16,-60,40214,79,-186,5110,0,0,134,1706,-7119,5872,0,0,0,1,0
3,107,7.92,91,770711,31,-16,-60,40214,79,-186,5110,0,0,134,1706,-7119,5872,0,0,0,1,0
3,107,7.978,92,770767,31,-16,-60,40214,79,-186,5110,0,0,134,1706,-7119,5872,0,0,0,1,0
3,107,8.034,93,770823,31,-16,-60,40214,79,-186,5110,0,0,134,1706,-7119,5872,0,0,0,1,0
3,107,8.088,94,770879,31,-16,-60,40214,79,-186,5110,0,0,134,1706,-7119,5872,0,0,0,1,0
3,107,8.146,95,770935,31,-16,-60,40214,79,-186,5110,0,0,134,1706,-7119,5872,0,0,0,1,0
3,107,8.201,96,770991,31,-16,-60,40214,79,-186,5109,0,0,134,1706,-7119,5872,0,0,0,1,0
3,107,8.258,97,771047,31,-16,-60,40214,79,-186,5109,0,0,134,1706,-7119,5872,0,0,0,1,0
3,107,8.321,98,771103,31,-16,-60,40214,79,-186,5109,0,0,134,1706,-7119,5872,0,0,0,1,0
3,107,8.371,99,771159,31,-16,-60,40214,79,-186,5109,0,0,134,1706,-7119,5872,0,0,0,1,0
3,107,8.425,100,771215,31,-16,-60,40214,79,-186,5109,0,0,134,1706,-7119,5872,0,0,0,1,0
3,107,8.482,101,771271,31,-16,-60,40214,79,-186,5109,0,0,134,1706,-7119,5872,0,0,0,1,0
3,107,8.54,102,771327,31,-16,-60,40214,79,-186,5109,0,0,134,1706,-7119,5872,0,0,0,1,0
3,107,8.595,103,771383,31,-16,-60,40214,79,-186,5109,0,0,134,1706,-7119,5872,0,0,0,1,0
3,107,8.665,104,771439,31,-16,-60,40214,79,-186,5109,0,0,134,1706,-7119,5872,0,0,0,1,0
3,107,8.713,105,771495,31,-16,-60,40214,79,-186,5109,0,0,134,1706,-7119,5872,0,0,0,1,0
3,107,8.758,106,771547,31,-16,-60,40214,79,-186,5108,0,0,134,1706,-7119,5872,0,0,0,1,0
3,107,8.818,107,771603,31,-16,-60,40214,79,-186,5108,0,0,134,1706,-7119,5872,0,0,0,1,0
3,107,8.869,108,771659,31,-16,-60,40214,79,-186,5108,0,0,134,1706,-7119,5872,0,0,0,1,0
3,107,8.953,109,771715,31,-16,-60,40214,79,-186,5108,0,0,134,1706,-7119,5872,0,0,0,1,0
3,107,8.981,110,771771,31,-16,-60,40214,79,-186,5108,0,0,134,1706,-7119,5872,0,0,0,1,0
3,107,9.037,111,771827,31,-16,-60,40214,79,-186,5108,0,0,134,1706,-7119,5872,0,0,0,1,0
3,107,9.094,112,771883,31,-16,-60,40214,79,-186,5108,0,0,134,1706,-7119,5872,0,0,0,1,0
3,107,9.15,113,771939,31,-16,-60,40214,79,-186,5108,0,0,134,1706,-7119,5872,0,0,0,1,0
3,107,9.206,114,771995,31,-16,-60,40214,79,-186,5108,0,0,134,1706,-7119,5872,0,0,0,1,0
3,107,9.261,115,772051,31,-16,-60,40214,79,-186,5108,0,0,134,1706,-7119,5872,0,0,0,1,0
3,107,9.319,116,772107,31,-16,-60,40214,79,-186,5108,0,0,134,1706,-7119,5872,0,0,0,1,0
3,107,9.384,117,772163,31,-16,-60,40214,79,-186,5108,0,0,134,1706,-7119,5872,0,0,0,1,0
3,107,9.429,118,772219,31,-16,-60,40214,79,-186,5108,0,0,134,1706,-7119,5872,0,0,0,1,0
4,-107,-0.024,94,778019,31,-16,-60,40214,79,-186,5105,0,0,134,1706,-7119,5872,0,0,0,1,0
4,-107,0.057,95,778095,31,-16,-60,40214,79,-186,5105,0,0,134,1707,-7119,5872,0,0,0,1,0
4,-107,0.159,96,778167,31,-16,-60,40205,79,-186,5105,9,0,135,1710,-7116,5872,700,-800,0,1,0
4,-107,0.195,97,778239,31,-16,-60,40131,79,-186,5105,23,-23,136,1713,-7105,5859,1400,-1500,0,1,0
4,-107,0.267,98,778311,31,-16,-60,39895,78,-186,5043,41,-41,136,1716,-7063,5825,2300,-2200,0,1,0
4,-107,0.338,99,778383,31,-15,-60,39375,78,-186,5043,96,-96,136,1719,-6975,5745,2800,-2700,0,1,0
4,-107,0.411,100,778455,31,-15,-60,38589,75,-182,4239,137,-131,136,1722,-6841,5625,3200,-3200,0,1,0
4,-107,0.484,101,778527,31,-15,-60,37552,70,-173,2830,187,-184,136,1725,-6672,5459,3600,-3600,0,1,0
4,-107,0.555,102,778599,31,-14,-59,36336,70,-173,2830,219,-187,137,1728,-6466,5272,3900,-3700,0,1,0
4,-107,0.628,103,778671,31,-14,-59,34998,66,-160,905,210,-193,137,1731,-6247,5059,3500,-3300,0,1,0
4,-107,0.716,104,778744,31,-14,-59,33732,68,-146,-1178,204,-184,137,1734,-6038,4859,2900,-2800,0,1,0
4,-107,0.775,105,778815,31,-13,-60,32664,68,-146,-1178,163,-163,137,1737,-5863,4689,2200,-2200,0,1,0
4,-107,0.846,106,778887,31,-13,-60,31825,72,-136,-2787,128,-128,137,1740,-5725,4556,1600,-1700,0,1,0
4,-107,0.915,107,778959,31,-13,-60,31246,77,-130,-3808,90,-64,137,1743,-5627,4467,1400,-1500,0,1,0
4,-107,1.0,108,779032,31,-13,-60,30859,77,-130,-3808,58,-47,138,1746,-5563,4406,1400,-1300,0,1,0
4,-107,1.059,109,779103,31,-13,-60,30482,81,-128,-4389,64,-41,138,1749,-5497,4350,1200,-1100,0,1,0
4,-107,1.139,110,779175,31,-13,-60,30200,81,-128,-4389,47,-38,138,1752,-5447,4309,1200,-1200,0,1,0
4,-107,1.216,111,779260,31,-12,-61,29922,84,-126,-4887,0,0,138,1757,-5394,4272,0,0,0,1,0
4,-107,1.266,112,779311,31,-12,-61,29922,86,-125,-5214,0,0,138,1759,-5394,4272,0,0,0,1,0
4,-107,1.323,113,779367,31,-12,-61,29922,86,-125,-5214,0,0,138,1760,-5394,4272,0,0,0,1,0
4,-107,1.379,114,779423,31,-12,-61,29922,86,-125,-5215,0,0,138,1760,-5394,4272,0,0,0,1,0
4,-107,1.434,115,779479,31,-12,-61,29922,86,-125,-5215,0,0,138,1760,-5394,4272,0,0,0,1,0
4,-107,1.491,116,779535,31,-12,-61,29922,86,-125,-5215,0,0,138,1760,-5394,4272,0,0,0,1,0
4,-107,1.548,117,779591,31,-12,-61,29922,86,-125,-5215,0,0,138,1760,-5394,4272,0,0,0,1,0
4,-107,1.602,118,779647,31,-12,-61,29922,86,-125,-5215,0,0,138,1760,-5394,4272,0,0,0,1,0
4,-107,1.666,119,779703,31,-12,-61,29922,86,-125,-5215,0,0,138,1760,-5394,4272,0,0,0,1,0
4,-107,1.716,120,779759,31,-12,-61,29922,86,-125,-5215,0,0,138,1760,-5394,4272,0,0,0,1,0
4,-107,1.771,121,779815,31,-12,-61,29922,86,-125,-5215,0,0,138,1760,-5394,4272,0,0,0,1,0
4,-107,1.827,122,779871,31,-12,-61,29922,86,-125,-5215,0,0,138,1760,-5394,4272,0,0,0,1,0
4,-107,1.883,123,779927,31,-12,-61,29922,86,-125,-5215,0,0,138,1760,-5394,4272,0,0,0,1,0
4,-107,1.939,124,779983,31,-12,-61,29922,86,-125,-5215,0,0,138,1760,-5394,4272,0,0,0,1,0
4,-107,1.995,125,780039,31,-12,-61,29922,86,-125,-5215,0,0,138,1760,-5394,4272,0,0,0,1,0
4,-107,2.053,126,780095,31,-12,-61,29922,86,-125,-5215,0,0,138,1760,-5394,4272,0,0,0,1,0
4,-107,2.109,127,780151,31,-12,-61,29922,86,-125,-5215,0,0,138,1760,-5394,4272,0,0,0,1,0
4,-107,2.163,0,780207,31,-12,-61,29922,86,-125,-5215,0,0,138,1760,-5394,4272,0,0,0,1,0
4,-107,2.228,1,780263,31,-12,-61,29922,86,-125,-5215,0,0,138,1760,-5394,4272,0,0,0,1,0
4,-107,2.27,2,780315,31,-12,-61,29922,86,-125,-5215,0,0,138,1760,-5394,4272,0,0,0,1,0
4,-107,2.328,3,780371,31,-12,-61,29922,86,-125,-5215,0,0,138,1760,-5394,4272,0,0,0,1,0
4,-107,2.382,4,780427,31,-12,-61,29922,86,-125,-5215,0,0,138,1760,-5394,4272,0,0,0,1,0
4,-107,2.439,5,780483,31,-12,-61,29922,86,-125,-5215,0,0,138,1760,-5394,4272,0,0,0,1,0
4,-107,2.496,6,780539,31,-12,-61,29922,86,-125,-5215,0,0,138,1760,-5394,4272,0,0,0,1,0
4,-107,2.569,7,780595,31,-12,-61,29922,86,-125,-5215,0,0,138,1760,-5394,4272,0,0,0,1,0
4,-107,2.607,8,780651,31,-12,-61,29922,86,-125,-5215,0,0,138,1760,-5394,4272,0,0,0,1,0
4,-107,2.661,9,780707,31,-12,-61,29922,86,-125,-5215,0,0,138,1760,-5394,4272,0,0,0,1,0
4,-107,2.719,10,780763,31,-12,-61,29922,86,-125,-5215,0,0,138,1760,-5394,4272,0,0,0,1,0
4,-107,2.776,11,780819,31,-12,-61,29922,86,-125,-5215,0,0,138,1760,-5394,4272,0,0,0,1,0
4,-107,2.834,12,780875,31,-12,-61,29922,86,-125,-5215,0,0,138,1760,-5394,4272,0,0,0,1,0
4,-107,2.897,13,780931,31,-12,-61,29922,86,-125,-5215,0,0,138,1760,-5394,4272,0,0,0,1,0
4,-107,2.943,14,780987,31,-12,-61,29922,86,-125,-5215,0,0,138,1760,-5394,4272,0,0,0,1,0
4,-107,3.0,15,781043,31,-12,-61,29922,86,-125,-5215,0,0,138,1760,-5394,4272,0,0,0,1,0
4,-107,3.075,16,781099,31,-12,-61,29922,86,-125,-5216,0,0,138,1760,-5394,4272,0,0,0,1,0
4,-107,3.131,17,781155,31,-12,-61,29922,86,-125,-5216,0,0,138,1760,-5394,4272,0,0,0,1,0
4,-107,3.175,18,781211,31,-12,-61,29922,86,-125,-5215,0,0,138,1760,-5394,4272,0,0,0,1,0
4,-107,3.227,19,781267,31,-12,-61,29922,86,-125,-5215,0,0,138,1760,-5394,4272,0,0,0,1,0
4,-107,3.287,20,781323,31,-12,-61,29922,86,-125,-5216,0,0,138,1760,-5394,4272,0,0,0,1,0
4,-107,3.332,21,781375,31,-12,-61,29922,86,-125,-5216,0,0,138,1760,-5394,4272,0,0,0,1,0
4,-107,3.425,22,781431,31,-12,-61,29922,86,-125,-5216,0,0,138,1760,-5394,4272,0,0,0,1,0
4,-107,3.445,23,781487,31,-12,-61,29922,86,-125,-5216,0,0,138,1760,-5394,4272,0,0,0,1,0
4,-107,3.511,24,781543,31,-12,-61,29922,86,-125,-5216,0,0,138,1760,-5394,4272,0,0,0,1,0
4,-107,3.557,25,781599,31,-12,-61,29922,86,-125,-5215,0,0,138,1760,-5394,4272,0,0,0,1,0
4,-107,3.619,26,781655,31,-12,-61,29922,86,-125,-5215,0,0,138,1760,-5394,4272,0,0,0,1,0
4,-107,3.667,27,781711,31,-12,-61,29922,86,-125,-5216,0,0,138,1760,-5394,4272,0,0,0,1,0
4,-107,3.721,28,781767,31,-12,-61,29922,86,-125,-5216,0,0,138,1760,-5394,4272,0,0,0,1,0
4,-107,3.791,29,781823,31,-12,-61,29922,86,-125,-5216,0,0,138,1760,-5394,4272,0,0,0,1,0
4,-107,3.836,30,781879,31,-12,-61,29922,86,-125,-5216,0,0,138,1760,-5394,4272,0,0,0,1,0
4,-107,3.891,31,781935,31,-12,-61,29922,86,-125,-5216,0,0,138,1760,-5394,4272,0,0,0,1,0
4,-107,3.947,32,781991,31,-12,-61,29922,86,-125,-5216,0,0,138,1760,-5394,4272,0,0,0,1,0
4,-107,4.002,33,782047,31,-12,-61,29922,86,-125,-5216,0,0,138,1760,-5394,4272,0,0,0,1,0
4,-107,4.059,34,782103,31,-12,-61,29922,86,-125,-5216,0,0,138,1760,-5394,4272,0,0,0,1,0
4,-107,4.115,35,782159,31,-12,-61,29922,86,-125,-5216,0,0,138,1760,-5394,4272,0,0,0,1,0
4,-107,4.178,36,782215,31,-12,-61,29922,86,-125,-5216,0,0,138,1760,-5394,4272,0,0,0,1,0
4,-107,4.226,37,782271,31,-12,-61,29922,86,-125,-5216,0,0,138,1760,-5394,4272,0,0,0,1,0
4,-107,4.282,38,782327,31,-12,-61,29922,86,-125,-5216,0,0,138,1760,-5394,4272,0,0,0,1,0
4,-107,4.347,39,782383,31,-12,-61,29922,86,-125,-5216,0,0,138,1760,-5394,4272,0,0,0,1,0
4,-107,4.391,40,782435,31,-12,-61,29922,86,-125,-5216,0,0,138,1760,-5394,4272,0,0,0,1,0
4,-107,4.487,41,782491,31,-12,-61,29922,86,-125,-5216,0,0,138,1760,-5394,4272,0,0,0,1,0
4,-107,4.502,42,782547,31,-12,-61,29922,86,-125,-5216,0,0,138,1760,-5394,4272,0,0,0,1,0
4,-107,4.557,43,782603,31,-12,-61,29922,86,-125,-5216,0,0,138,1760,-5394,4272,0,0,0,1,0
4,-107,4.614,44,782659,31,-12,-61,29922,86,-125,-5216,0,0,138,1760,-5394,4272,0,0,0,1,0
4,-107,4.67,45,782715,31,-12,-61,29922,86,-125,-5217,0,0,138,1760,-5394,4272,0,0,0,1,0
4,-107,4.727,46,782771,31,-12,-61,29922,86,-125,-5217,0,0,138,1760,-5394,4272,0,0,0,1,0
4,-107,4.785,47,782827,31,-12,-61,29922,86,-125,-5217,0,0,138,1760,-5394,4272,0,0,0,1,0
4,-107,4.84,48,782883,31,-12,-61,29922,86,-125,-5217,0,0,138,1760,-5394,4272,0,0,0,1,0
4,-107,4.894,49,782939,31,-12,-61,29922,86,-125,-5216,0,0,138,1760,-5394,4272,0,0,0,1,0
4,-107,4.95,50,782995,31,-12,-61,29922,86,-125,-5216,0,0,138,1760,-5394,4272,0,0,0,1,0
4,-107,5.007,51,783051,31,-12,-61,29922,86,-125,-5216,0,0,138,1760,-5394,4272,0,0,0,1,0
4,-107,5.096,52,783107,31,-12,-61,29922,86,-125,-5216,0,0,138,1760,-5394,4272,0,0,0,1,0
4,-107,5.118,53,783163,31,-12,-61,29922,86,-125,-5216,0,0,138,1760,-5394,4272,0,0,0,1,0
4,-107,5.175,54,783219,31,-12,-61,29922,86,-125,-5216,0,0,138,1760,-5394,4272,0,0,0,1,0
4,-107,5.232,55,783275,31,-12,-61,29922,86,-125,-5216,0,0,138,1760,-5394,4272,0,0,0,1,0
4,-107,5.286,56,783331,31,-12,-61,29922,86,-125,-5216,0,0,138,1760,-5394,4272,0,0,0,1,0
4,-107,5.343,57,783387,31,-12,-61,29922,86,-125,-5217,0,0,138,1760,-5394,4272,0,0,0,1,0
4,-107,5.408,58,783443,31,-12,-61,29922,86,-125,-5217,0,0,138,1760,-5394,4272,0,0,0,1,0
4,-107,5.454,59,783495,31,-12,-61,29922,86,-125,-5217,0,0,138,1760,-5394,4272,0,0,0,1,0
4,-107,5.507,60,783551,31,-12,-61,29922,86,-125,-5217,0,0,138,1760,-5394,4272,0,0,0,1,0
4,-107,5.562,61,783607,31,-12,-61,29922,86,-125,-5217,0,0,138,1760,-5394,4272,0,0,0,1,0
4,-107,5.621,62,783663,31,-12,-61,29922,86,-125,-5217,0,0,138,1760,-5394,4272,0,0,0,1,0
4,-107,5.676,63,783719,31,-12,-61,29922,86,-125,-5217,0,0,138,1760,-5394,4272,0,0,0,1,0
4,-107,5.732,64,783775,31,-12,-61,29922,86,-125,-5217,0,0,138,1760,-5394,4272,0,0,0,1,0
4,-107,5.785,65,783831,31,-12,-61,29922,86,-125,-5217,0,0,138,1760,-5394,4272,0,0,0,1,0
4,-107,5.843,66,783887,31,-12,-61,29922,86,-125,-5217,0,0,138,1760,-5394,4272,0,0,0,1,0
4,-107,5.898,67,783943,31,-12,-61,29922,86,-125,-5216,0,0,138,1760,-5394,4272,0,0,0,1,0
4,-107,5.955,68,783999,31,-12,-61,29922,86,-125,-5216,0,0,138,1760,-5394,4272,0,0,0,1,0
4,-107,6.011,69,784055,31,-12,-61,29922,86,-125,-5216,0,0,138,1760,-5394,4272,0,0,0,1,0
4,-107,6.068,70,784111,31,-12,-61,29922,86,-125,-5216,0,0,138,1760,-5394,4272,0,0,0,1,0
4,-107,6.122,71,784167,31,-12,-61,29922,86,-125,-5217,0,0,138,1760,-5394,4272,0,0,0,1,0
4,-107,6.179,72,784223,31,-12,-61,29922,86,-125,-5217,0,0,138,1760,-5394,4272,0,0,0,1,0
4,-107,6.235,73,784279,31,-12,-61,29922,86,-125,-5217,0,0,138,1760,-5394,4272,0,0,0,1,0
4,-107,6.293,74,784335,31,-12,-61,29922,86,-125,-5217,0,0,138,1760,-5394,4272,0,0,0,1,0
4,-107,6.347,75,784391,31,-12,-61,29922,86,-125,-5217,0,0,138,1760,-5394,4272,0,0,0,1,0
4,-107,6.403,76,784447,31,-12,-61,29922,86,-125,-5217,0,0,138,1760,-5394,4272,0,0,0,1,0
4,-107,6.467,77,784503,31,-12,-61,29922,86,-125,-5217,0,0,138,1760,-5394,4272,0,0,0,1,0
4,-107,6.512,78,784555,31,-12,-61,29922,86,-125,-5217,0,0,138,1760,-5394,4272,0,0,0,1,0
4,-107,6.566,79,784611,31,-12,-61,29922,86,-125,-5217,0,0,138,1760,-5394,4272,0,0,0,1,0
4,-107,6.623,80,784667,31,-12,-61,29922,86,-125,-5217,0,0,138,1760,-5394,4272,0,0,0,1,0
4,-107,6.682,81,784723,31,-12,-61,29922,86,-125,-5217,0,0,138,1760,-5394,4272,0,0,0,1,0
4,-107,6.737,82,784779,31,-12,-61,29922,86,-125,-5217,0,0,138,1760,-5394,4272,0,0,0,1,0
4,-107,6.791,83,784835,31,-12,-61,29922,86,-125,-5217,0,0,138,1760,-5394,4272,0,0,0,1,0
4,-107,6.847,84,784891,31,-12,-61,29922,86,-125,-5217,0,0,138,1760,-5394,4272,0,0,0,1,0
4,-107,6.905,85,784947,31,-12,-61,29922,86,-125,-5217,0,0,138,1760,-5394,4272,0,0,0,1,0
4,-107,6.959,86,785003,31,-12,-61,29922,86,-125,-5217,0,0,138,1760,-5394,4272,0,0,0,1,0
4,-107,7.014,87,785059,31,-12,-61,29922,86,-125,-5217,0,0,138,1760,-5394,4272,0,0,0,1,0
4,-107,7.071,88,785115,31,-12,-61,29922,86,-125,-5217,0,0,138,1760,-5394,4272,0,0,0,1,0
4,-107,7.128,89,785171,31,-12,-61,29922,86,-125,-5217,0,0,138,1760,-5394,4272,0,0,0,1,0
4,-107,7.182,90,785227,31,-12,-61,29922,86,-125,-5217,0,0,138,1760,-5394,4272,0,0,0,1,0
4,-107,7.237,91,785283,31,-12,-61,29922,86,-125,-5217,0,0,138,1760,-5394,4272,0,0,0,1,0
4,-107,7.296,92,785339,31,-12,-61,29922,86,-125,-5217,0,0,138,1760,-5394,4272,0,0,0,1,0
4,-107,7.35,93,785395,31,-12,-61,29922,86,-125,-5217,0,0,138,1760,-5394,4272,0,0,0,1,0
4,-107,7.407,94,785451,31,-12,-61,29922,86,-125,-5217,0,0,138,1760,-5394,4272,0,0,0,1,0
4,-107,7.463,95,785507,31,-12,-61,29922,86,-125,-5217,0,0,138,1760,-5394,4272,0,0,0,1,0
4,-107,7.527,96,785563,31,-12,-61,29922,86,-125,-5217,0,0,138,1760,-5394,4272,0,0,0,1,0
4,-107,7.571,97,785615,31,-12,-61,29922,86,-125,-5217,0,0,138,1760,-5394,4272,0,0,0,1,0
4,-107,7.626,98,785671,31,-12,-61,29922,86,-125,-5217,0,0,138,1760,-5394,4272,0,0,0,1,0
4,-107,7.682,99,785727,31,-12,-61,29922,86,-125,-5217,0,0,138,1760,-5394,4272,0,0,0,1,0
4,-107,7.741,100,785783,31,-12,-61,29922,86,-125,-5217,0,0,138,1760,-5394,4272,0,0,0,1,0
4,-107,7.795,101,785839,31,-12,-61,29922,86,-125,-5217,0,0,138,1760,-5394,4272,0,0,0,1,0
4,-107,7.85,102,785895,31,-12,-61,29922,86,-125,-5217,0,0,138,1760,-5394,4272,0,0,0,1,0
4,-107,7.912,103,785951,31,-12,-61,29922,86,-125,-5217,0,0,138,1760,-5394,4272,0,0,0,1,0
4,-107,7.963,104,786007,31,-12,-61,29922,86,-125,-5217,0,0,138,1760,-5394,4272,0,0,0,1,0
4,-107,8.018,105,786063,31,-12,-61,29922,86,-125,-5217,0,0,138,1760,-5394,4272,0,0,0,1,0
4,-107,8.073,106,786119,31,-12,-61,29922,86,-125,-5217,0,0,138,1760,-5394,4272,0,0,0,1,0
4,-107,8.129,107,786175,31,-12,-61,29922,86,-125,-5218,0,0,138,1760,-5394,4272,0,0,0,1,0
4,-107,8.185,108,786231,31,-12,-61,29922,86,-125,-5218,0,0,138,1760,-5394,4272,0,0,0,1,0
4,-107,8.242,109,786287,31,-12,-61,29922,86,-125,-5218,0,0,138,1760,-5394,4272,0,0,0,1,0
4,-107,8.299,110,786343,31,-12,-61,29922,86,-125,-5218,0,0,138,1760,-5394,4272,0,0,0,1,0
4,-107,8.355,111,786399,31,-12,-61,29922,86,-125,-5218,0,0,138,1760,-5394,4272,0,0,0,1,0
4,-107,8.414,112,786455,31,-12,-61,29922,86,-125,-5218,0,0,138,1760,-5394,4272,0,0,0,1,0
4,-107,8.467,113,786511,31,-12,-61,29922,86,-125,-5218,0,0,138,1760,-5394,4272,0,0,0,1,0
4,-107,8.526,114,786567,31,-12,-61,29922,86,-125,-5218,0,0,138,1760,-5394,4272,0,0,0,1,0
4,-107,8.586,115,786623,31,-12,-61,29922,86,-125,-5218,0,0,138,1760,-5394,4272,0,0,0,1,0
4,-107,8.63,116,786675,31,-12,-61,29922,86,-125,-5218,0,0,138,1760,-5394,4272,0,0,0,1,0
4,-107,8.687,117,786731,31,-12,-61,29922,86,-125,-5218,0,0,138,1760,-5394,4272,0,0,0,1,0
4,-107,8.742,118,786787,31,-12,-61,29922,86,-125,-5218,0,0,138,1760,-5394,4272,0,0,0,1,0
5,180,-0.012,99,792871,31,-12,-61,29922,86,-125,-5220,0,0,138,1760,-5394,4272,0,0,0,1,0
5,180,0.047,100,792931,31,-12,-61,29922,86,-125,-5220,0,0,138,1761,-5394,4272,0,0,0,1,0
5,180,0.128,101,793003,31,-12,-61,29931,86,-125,-5220,-9,0,139,1764,-5397,4272,-700,800,0,1,0
5,180,0.193,102,793075,31,-12,-61,30033,86,-125,-5220,-28,28,139,1767,-5413,4289,-1500,1400,0,1,0
5,180,0.265,103,793147,31,-12,-61,30293,84,-125,-5022,-55,58,139,1770,-5452,4334,-2300,2300,0,1,0
5,180,0.342,104,793219,31,-12,-61,30912,84,-125,-5022,-123,120,139,1773,-5550,4436,-2800,2700,0,1,0
5,180,0.409,105,793291,31,-14,-60,31606,78,-130,-4007,-152,137,140,1776,-5688,4522,-3200,3100,0,1,0
5,180,0.482,106,793363,31,-12,-61,32803,72,-138,-2429,-160,178,140,1779,-5852,4745,-3500,3400,0,1,0
5,180,0.553,107,793435,31,-12,-61,34048,72,-138,-2429,-210,201,140,1782,-6052,4947,-4000,3900,0,1,0
5,180,0.626,108,793507,31,-12,-61,35435,68,-150,-436,-228,228,140,1785,-6280,5167,-4300,4300,0,1,0
5,180,0.707,109,793580,31,-13,-61,37066,68,-150,-436,-275,257,140,1788,-6552,5422,-4500,4400,0,1,0
5,180,0.769,110,793651,31,-13,-61,38778,68,-166,2022,-283,251,140,1791,-6838,5689,-4100,4200,0,1,0
5,180,0.841,111,793723,31,-14,-62,40378,77,-183,4804,-260,225,140,1794,-7108,5936,-3500,3600,0,1,0
5,180,0.913,112,793795,31,-14,-62,41833,77,-183,4804,-210,210,140,1797,-7347,6167,-2900,3100,0,1,0
5,180,0.986,113,793867,31,-14,-62,43044,89,-191,7083,-178,169,140,1800,-7541,6364,-2400,2600,0,1,0
5,180,1.062,114,793939,31,-14,-61,44059,102,-194,8810,-131,161,140,1803,-7697,6536,-2000,2100,0,1,0
5,180,1.129,115,794011,31,-14,-61,44842,102,-194,8810,-123,123,140,1806,-7822,6664,-1900,2100,0,1,0
5,180,1.2,116,794083,31,-14,-61,45514,111,-193,10007,-99,91,140,1809,-7925,6778,-1700,1800,0,1,0
5,180,1.274,117,794155,31,-14,-61,46133,119,-191,10994,-99,105,140,1812,-8022,6881,-1400,1500,0,1,0
5,180,1.345,118,794227,31,-14,-61,46607,119,-191,10994,-64,73,140,1815,-8097,6959,-1200,1200,0,1,0
5,180,1.417,119,794299,31,-14,-61,46966,125,-189,11730,-55,41,140,1818,-8155,7017,-1100,1000,0,1,0
5,180,1.498,120,794371,31,-14,-61,47247,125,-189,11730,-47,41,140,1821,-8202,7061,-1000,1100,0,1,0
5,180,1.574,121,794456,31,-14,-61,47517,129,-188,12198,0,0,140,1826,-8244,7106,0,0,0,1,0
5,180,1.636,122,794508,31,-14,-61,47517,131,-186,12464,0,0,140,1828,-8244,7106,0,0,0,1,0
5,180,1.68,123,794563,31,-14,-61,47517,131,-186,12464,0,0,140,1828,-8244,7106,0,0,0,1,0
5,180,1.739,124,794619,31,-14,-61,47517,131,-186,12463,0,0,140,1828,-8244,7106,0,0,0,1,0
5,180,1.795,125,794675,31,-14,-61,47517,131,-186,12463,0,0,140,1828,-8244,7106,0,0,0,1,0
5,180,1.859,126,794731,31,-14,-61,47517,131,-186,12463,0,0,140,1828,-8244,7106,0,0,0,1,0
5,180,1.909,127,794787,31,-14,-61,47517,131,-186,12463,0,0,140,1828,-8244,7106,0,0,0,1,0
5,180,1.96,0,794843,31,-14,-61,47517,131,-186,12463,0,0,140,1828,-8244,7106,0,0,0,1,0
5,180,2.016,1,794899,31,-14,-61,47517,131,-186,12463,0,0,140,1828,-8244,7106,0,0,0,1,0
5,180,2.073,2,794955,31,-14,-61,47517,131,-186,12463,0,0,140,1828,-8244,7106,0,0,0,1,0
5,180,2.127,3,795011,31,-14,-61,47517,131,-186,12463,0,0,140,1828,-8244,7106,0,0,0,1,0
5,180,2.187,4,795067,31,-14,-61,47517,131,-186,12463,0,0,140,1828,-8244,7106,0,0,0,1,0
5,180,2.24,5,795123,31,-14,-61,47517,131,-186,12463,0,0,140,1828,-8244,7106,0,0,0,1,0
5,180,2.297,6,795179,31,-14,-61,47517,131,-186,12463,0,0,140,1828,-8244,7106,0,0,0,1,0
5,180,2.351,7,795235,31,-14,-61,47517,131,-186,12463,0,0,140,1828,-8244,7106,0,0,0,1,0
5,180,2.411,8,795291,31,-14,-61,47517,131,-186,12463,0,0,140,1828,-8244,7106,0,0,0,1,0
5,180,2.464,9,795347,31,-14,-61,47517,131,-186,12463,0,0,140,1828,-8244,7106,0,0,0,1,0
5,180,2.52,10,795403,31,-14,-61,47517,131,-186,12463,0,0,140,1828,-8244,7106,0,0,0,1,0
5,180,2.583,11,795459,31,-14,-61,47517,131,-186,12463,0,0,140,1828,-8244,7106,0,0,0,1,0
5,180,2.63,12,795511,31,-14,-61,47517,131,-186,12462,0,0,140,1828,-8244,7106,0,0,0,1,0
5,180,2.688,13,795567,31,-14,-61,47517,131,-186,12462,0,0,140,1828,-8244,7106,0,0,0,1,0
5,180,2.741,14,795623,31,-14,-61,47517,131,-186,12462,0,0,140,1828,-8244,7106,0,0,0,1,0
5,180,2.821,15,795679,31,-14,-61,47517,131,-186,12462,0,0,140,1828,-8244,7106,0,0,0,1,0
5,180,2.851,16,795735,31,-14,-61,47517,131,-186,12462,0,0,140,1828,-8244,7106,0,0,0,1,0
5,180,2.908,17,795791,31,-14,-61,47517,131,-186,12462,0,0,140,1828,-8244,7106,0,0,0,1,0
5,180,2.963,18,795847,31,-14,-61,47517,131,-186,12462,0,0,140,1828,-8244,7106,0,0,0,1,0
5,180,3.019,19,795903,31,-14,-61,47517,131,-186,12462,0,0,140,1828,-8244,7106,0,0,0,1,0
5,180,3.078,20,795959,31,-14,-61,47517,131,-186,12462,0,0,140,1828,-8244,7106,0,0,0,1,0
5,180,3.152,21,796015,31,-14,-61,47517,131,-186,12462,0,0,140,1828,-8244,7106,0,0,0,1,0
5,180,3.187,22,796071,31,-14,-61,47517,131,-186,12462,0,0,140,1828,-8244,7106,0,0,0,1,0
5,180,3.246,23,796127,31,-14,-61,47517,131,-186,12462,0,0,140,1828,-8244,7106,0,0,0,1,0
5,180,3.301,24,796183,31,-14,-61,47517,131,-186,12462,0,0,140,1828,-8244,7106,0,0,0,1,0
5,180,3.355,25,796239,31,-14,-61,47517,131,-186,12462,0,0,140,1828,-8244,7106,0,0,0,1,0
5,180,3.453,26,796295,31,-14,-61,47517,131,-186,12462,0,0,140,1828,-8244,7106,0,0,0,1,0
5,180,3.472,27,796351,31,-14,-61,47517,131,-186,12462,0,0,140,1828,-8244,7106,0,0,0,1,0
5,180,3.529,28,796407,31,-14,-61,47517,131,-186,12462,0,0,140,1828,-8244,7106,0,0,0,1,0
5,180,3.603,29,796463,31,-14,-61,47517,131,-186,12462,0,0,140,1828,-8244,7106,0,0,0,1,0
5,180,3.645,30,796519,31,-14,-61,47517,131,-186,12462,0,0,140,1828,-8244,7106,0,0,0,1,0
5,180,3.689,31,796571,31,-14,-61,47517,131,-186,12462,0,0,140,1828,-8244,7106,0,0,0,1,0
5,180,3.785,32,796627,31,-14,-61,47517,131,-186,12462,0,0,140,1828,-8244,7106,0,0,0,1,0
5,180,3.8,33,796683,31,-14,-61,47517,131,-186,12462,0,0,140,1828,-8244,7106,0,0,0,1,0
5,180,3.869,34,796739,31,-14,-61,47517,131,-186,12462,0,0,140,1828,-8244,7106,0,0,0,1,0
5,180,3.914,35,796795,31,-14,-61,47517,131,-186,12462,0,0,140,1828,-8244,7106,0,0,0,1,0
5,180,3.971,36,796851,31,-14,-61,47517,131,-186,12462,0,0,140,1828,-8244,7106,0,0,0,1,0
5,180,4.036,37,796907,31,-14,-61,47517,131,-186,12462,0,0,140,1828,-8244,7106,0,0,0,1,0
5,180,4.079,38,796963,31,-14,-61,47517,131,-186,12462,0,0,140,1828,-8244,7106,0,0,0,1,0
5,180,4.137,39,797019,31,-14,-61,47517,131,-186,12462,0,0,140,1828,-8244,7106,0,0,0,1,0
5,180,4.193,40,797075,31,-14,-61,47517,131,-186,12462,0,0,140,1828,-8244,7106,0,0,0,1,0
5,180,4.248,41,797131,31,-14,-61,47517,131,-186,12462,0,0,140,1828,-8244,7106,0,0,0,1,0
5,180,4.309,42,797187,31,-14,-61,47517,131,-186,12462,0,0,140,1828,-8244,7106,0,0,0,1,0
5,180,4.361,43,797243,31,-14,-61,47517,131,-186,12462,0,0,140,1828,-8244,7106,0,0,0,1,0
5,180,4.415,44,797299,31,-14,-61,47517,131,-186,12462,0,0,140,1828,-8244,7106,0,0,0,1,0
5,180,4.473,45,797355,31,-14,-61,47517,131,-186,12462,0,0,140,1828,-8244,7106,0,0,0,1,0
5,180,4.529,46,797411,31,-14,-61,47517,131,-186,12462,0,0,140,1828,-8244,7106,0,0,0,1,0
5,180,4.585,47,797467,31,-14,-61,47517,131,-186,12462,0,0,140,1828,-8244,7106,0,0,0,1,0
5,180,4.663,48,797523,31,-14,-61,47517,131,-186,12462,0,0,140,1828,-8244,7106,0,0,0,1,0
5,180,4.71,49,797579,31,-14,-61,47517,131,-186,12462,0,0,140,1828,-8244,7106,0,0,0,1,0
5,180,4.747,50,797631,31,-14,-61,47517,131,-186,12462,0,0,140,1828,-8244,7106,0,0,0,1,0
5,180,4.813,51,797687,31,-14,-61,47517,131,-186,12462,0,0,140,1828,-8244,7106,0,0,0,1,0
5,180,4.86,52,797743,31,-14,-61,47517,131,-186,12462,0,0,140,1828,-8244,7106,0,0,0,1,0
5,180,4.916,53,797799,31,-14,-61,47517,131,-186,12462,0,0,140,1828,-8244,7106,0,0,0,1,0
5,180,4.971,54,797855,31,-14,-61,47517,131,-186,12462,0,0,140,1828,-8244,7106,0,0,0,1,0
5,180,5.028,55,797911,31,-14,-61,47517,131,-186,12462,0,0,140,1828,-8244,7106,0,0,0,1,0
5,180,5.087,56,797967,31,-14,-61,47517,131,-186,12462,0,0,140,1828,-8244,7106,0,0,0,1,0
5,180,5.141,57,798023,31,-14,-61,47517,131,-186,12461,0,0,140,1828,-8244,7106,0,0,0,1,0
5,180,5.196,58,798079,31,-14,-61,47517,131,-186,12461,0,0,140,1828,-8244,7106,0,0,0,1,0
5,180,5.252,59,798135,31,-14,-61,47517,131,-186,12461,0,0,140,1828,-8244,7106,0,0,0,1,0
5,180,5.31,60,798191,31,-14,-61,47517,131,-186,12461,0,0,140,1828,-8244,7106,0,0,0,1,0
5,180,5.366,61,798247,31,-14,-61,47517,131,-186,12462,0,0,140,1828,-8244,7106,0,0,0,1,0
5,180,5.42,62,798303,31,-14,-61,47517,131,-186,12462,0,0,140,1828,-8244,7106,0,0,0,1,0
5,180,5.478,63,798359,31,-14,-61,47517,131,-186,12462,0,0,140,1828,-8244,7106,0,0,0,1,0
5,180,5.541,64,798415,31,-14,-61,47517,131,-186,12462,0,0,140,1828,-8244,7106,0,0,0,1,0
5,180,5.589,65,798471,31,-14,-61,47517,131,-186,12462,0,0,140,1828,-8244,7106,0,0,0,1,0
5,180,5.643,66,798527,31,-14,-61,47517,131,-186,12462,0,0,140,1828,-8244,7106,0,0,0,1,0
5,180,5.708,67,798583,31,-14,-61,47517,131,-186,12462,0,0,140,1828,-8244,7106,0,0,0,1,0
5,180,5.773,68,798639,31,-14,-61,47517,131,-186,12462,0,0,140,1828,-8244,7106,0,0,0,1,0
5,180,5.807,69,798691,31,-14,-61,47517,131,-186,12461,0,0,140,1828,-8244,7106,0,0,0,1,0
5,180,5.865,70,798747,31,-14,-61,47517,131,-186,12461,0,0,140,1828,-8244,7106,0,0,0,1,0
5,180,5.923,71,798803,31,-14,-61,47517,131,-186,12461,0,0,140,1828,-8244,7106,0,0,0,1,0
5,180,5.977,72,798859,31,-14,-61,47517,131,-186,12461,0,0,140,1828,-8244,7106,0,0,0,1,0
5,180,6.033,73,798915,31,-14,-61,47517,131,-186,12461,0,0,140,1828,-8244,7106,0,0,0,1,0
5,180,6.095,74,798971,31,-14,-61,47517,131,-186,12461,0,0,140,1828,-8244,7106,0,0,0,1,0
5,180,6.147,75,799027,31,-14,-61,47517,131,-186,12461,0,0,140,1828,-8244,7106,0,0,0,1,0
5,180,6.201,76,799083,31,-14,-61,47517,131,-186,12461,0,0,140,1828,-8244,7106,0,0,0,1,0
5,180,6.259,77,799139,31,-14,-61,47517,131,-186,12461,0,0,140,1828,-8244,7106,0,0,0,1,0
5,180,6.314,78,799195,31,-14,-61,47517,131,-186,12461,0,0,140,1828,-8244,7106,0,0,0,1,0
5,180,6.389,79,799251,31,-14,-61,47517,131,-186,12461,0,0,140,1828,-8244,7106,0,0,0,1,0
5,180,6.43,80,799307,31,-14,-61,47517,131,-186,12461,0,0,140,1828,-8244,7106,0,0,0,1,0
5,180,6.491,81,799363,31,-14,-61,47517,131,-186,12461,0,0,140,1828,-8244,7106,0,0,0,1,0
5,180,6.539,82,799419,31,-14,-61,47517,131,-186,12461,0,0,140,1828,-8244,7106,0,0,0,1,0
5,180,6.592,83,799475,31,-14,-61,47517,131,-186,12461,0,0,140,1828,-8244,7106,0,0,0,1,0
5,180,6.652,84,799531,31,-14,-61,47517,131,-186,12461,0,0,140,1828,-8244,7106,0,0,0,1,0
5,180,6.705,85,799587,31,-14,-61,47517,131,-186,12460,0,0,140,1828,-8244,7106,0,0,0,1,0
5,180,6.759,86,799643,31,-14,-61,47517,131,-186,12460,0,0,140,1828,-8244,7106,0,0,0,1,0
5,180,6.834,87,799699,31,-14,-61,47517,131,-186,12461,0,0,140,1828,-8244,7106,0,0,0,1,0
5,180,6.867,88,799751,31,-14,-61,47517,131,-186,12461,0,0,140,1828,-8244,7106,0,0,0,1,0
5,180,6.927,89,799807,31,-14,-61,47517,131,-186,12460,0,0,140,1828,-8244,7106,0,0,0,1,0
5,180,6.981,90,799863,31,-14,-61,47517,131,-186,12460,0,0,140,1828,-8244,7106,0,0,0,1,0
5,180,7.035,91,799919,31,-14,-61,47517,131,-186,12460,0,0,140,1828,-8244,7106,0,0,0,1,0
5,180,7.113,92,799975,31,-14,-61,47517,131,-186,12460,0,0,140,1828,-8244,7106,0,0,0,1,0
5,180,7.149,93,800031,31,-14,-61,47517,131,-186,12460,0,0,140,1828,-8244,7106,0,0,0,1,0
5,180,7.203,94,800087,31,-14,-61,47517,131,-186,12460,0,0,140,1828,-8244,7106,0,0,0,1,0
5,180,7.258,95,800143,31,-14,-61,47517,131,-186,12460,0,0,140,1828,-8244,7106,0,0,0,1,0
5,180,7.318,96,800199,31,-14,-61,47517,131,-186,12460,0,0,140,1828,-8244,7106,0,0,0,1,0
5,180,7.372,97,800255,31,-14,-61,47517,131,-186,12460,0,0,140,1828,-8244,7106,0,0,0,1,0
5,180,7.428,98,800311,31,-14,-61,47517,131,-186,12460,0,0,140,1828,-8244,7106,0,0,0,1,0
5,180,7.483,99,800367,31,-14,-61,47517,131,-186,12460,0,0,140,1828,-8244,7106,0,0,0,1,0
5,180,7.539,100,800423,31,-14,-61,47517,131,-186,12460,0,0,140,1828,-8244,7106,0,0,0,1,0
5,180,7.599,101,800479,31,-14,-61,47517,131,-186,12460,0,0,140,1828,-8244,7106,0,0,0,1,0
5,180,7.651,102,800535,31,-14,-61,47517,131,-186,12460,0,0,140,1828,-8244,7106,0,0,0,1,0
5,180,7.708,103,800591,31,-14,-61,47517,131,-186,12460,0,0,140,1828,-8244,7106,0,0,0,1,0
5,180,7.764,104,800647,31,-14,-61,47517,131,-186,12460,0,0,140,1828,-8244,7106,0,0,0,1,0
5,180,7.819,105,800703,31,-14,-61,47517,131,-186,12460,0,0,140,1828,-8244,7106,0,0,0,1,0
5,180,7.883,106,800759,31,-14,-61,47517,131,-186,12460,0,0,140,1828,-8244,7106,0,0,0,1,0
5,180,7.926,107,800811,31,-14,-61,47517,131,-186,12460,0,0,140,1828,-8244,7106,0,0,0,1,0
5,180,7.984,108,800867,31,-14,-61,47517,131,-186,12460,0,0,140,1828,-8244,7106,0,0,0,1,0
5,180,8.041,109,800923,31,-14,-61,47517,131,-186,12460,0,0,140,1828,-8244,7106,0,0,0,1,0
5,180,8.096,110,800979,31,-14,-61,47517,131,-186,12460,0,0,140,1828,-8244,7106,0,0,0,1,0
5,180,8.152,111,801035,31,-14,-61,47517,131,-186,12460,0,0,140,1828,-8244,7106,0,0,0,1,0
5,180,8.206,112,801091,31,-14,-61,47517,131,-186,12460,0,0,140,1828,-8244,7106,0,0,0,1,0
5,180,8.265,113,801147,31,-14,-61,47517,131,-186,12460,0,0,140,1828,-8244,7106,0,0,0,1,0
5,180,8.318,114,801203,31,-14,-61,47517,131,-186,12460,0,0,140,1828,-8244,7106,0,0,0,1,0
5,180,8.375,115,801259,31,-14,-61,47517,131,-186,12460,0,0,140,1828,-8244,7106,0,0,0,1,0
5,180,8.433,116,801315,31,-14,-61,47517,131,-186,12460,0,0,140,1828,-8244,7106,0,0,0,1,0
5,180,8.486,117,801371,31,-14,-61,47517,131,-186,12460,0,0,140,1828,-8244,7106,0,0,0,1,0
5,180,8.545,118,801427,31,-14,-61,47517,131,-186,12460,0,0,140,1828,-8244,7106,0,0,0,1,0
5,180,8.601,119,801483,31,-14,-61,47517,131,-186,12460,0,0,140,1828,-8244,7106,0,0,0,1,0
5,180,8.656,120,801539,31,-14,-61,47517,131,-186,12460,0,0,140,1828,-8244,7106,0,0,0,1,0
5,180,8.711,121,801595,31,-14,-61,47517,131,-186,12460,0,0,140,1828,-8244,7106,0,0,0,1,0
5,180,8.769,122,801651,31,-14,-61,47517,131,-186,12460,0,0,140,1828,-8244,7106,0,0,0,1,0
5,180,8.822,123,801707,31,-14,-61,47517,131,-186,12460,0,0,140,1828,-8244,7106,0,0,0,1,0
5,180,8.878,124,801763,31,-14,-61,47517,131,-186,12460,0,0,140,1828,-8244,7106,0,0,0,1,0
5,180,8.948,125,801819,31,-14,-61,47517,131,-186,12460,0,0,140,1828,-8244,7106,0,0,0,1,0
5,180,8.987,126,801871,31,-14,-61,47517,131,-186,12460,0,0,140,1828,-8244,7106,0,0,0,1,0
5,180,9.048,127,801927,31,-14,-61,47517,131,-186,12459,0,0,140,1828,-8244,7106,0,0,0,1,0
5,180,9.1,0,801983,31,-14,-61,47517,131,-186,12459,0,0,140,1828,-8244,7106,0,0,0,1,0
5,180,9.154,1,802039,31,-14,-61,47517,131,-186,12459,0,0,140,1828,-8244,7106,0,0,0,1,0
5,180,9.21,2,802095,31,-14,-61,47517,131,-186,12459,0,0,140,1828,-8244,7106,0,0,0,1,0
5,180,9.27,3,802151,31,-14,-61,47517,131,-186,12459,0,0,140,1828,-8244,7106,0,0,0,1,0
5,180,9.324,4,802207,31,-14,-61,47517,131,-186,12459,0,0,140,1828,-8244,7106,0,0,0,1,0
5,180,9.38,5,802263,31,-14,-61,47517,131,-186,12458,0,0,140,1828,-8244,7106,0,0,0,1,0
5,180,9.435,6,802319,31,-14,-61,47517,131,-186,12458,0,0,140,1828,-8244,7106,0,0,0,1,0
5,180,9.491,7,802375,31,-14,-61,47517,131,-186,12459,0,0,140,1828,-8244,7106,0,0,0,1,0
5,180,9.549,8,802431,31,-14,-61,47517,131,-186,12459,0,0,140,1828,-8244,7106,0,0,0,1,0
5,180,9.606,9,802487,31,-14,-61,47517,131,-186,12458,0,0,140,1828,-8244,7106,0,0,0,1,0
5,180,9.661,10,802543,31,-14,-61,47517,131,-186,12458,0,0,140,1828,-8244,7106,0,0,0,1,0
5,180,9.716,11,802599,31,-14,-61,47517,131,-186,12459,0,0,140,1828,-8244,7106,0,0,0,1,0
5,180,9.771,12,802655,31,-14,-61,47517,131,-186,12459,0,0,140,1828,-8244,7106,0,0,0,1,0
5,180,9.827,13,802711,31,-14,-61,47517,131,-186,12459,0,0,140,1828,-8244,7106,0,0,0,1,0
5,180,9.882,14,802767,31,-14,-61,47517,131,-186,12459,0,0,140,1828,-8244,7106,0,0,0,1,0
5,180,9.939,15,802823,31,-14,-61,47517,131,-186,12459,0,0,140,1828,-8244,7106,0,0,0,1,0
5,180,10.004,16,802879,31,-14,-61,47517,131,-186,12459,0,0,140,1828,-8244,7106,0,0,0,1,0
5,180,10.047,17,802931,31,-14,-61,47517,131,-186,12459,0,0,140,1828,-8244,7106,0,0,0,1,0
5,180,10.102,18,802987,31,-14,-61,47517,131,-186,12459,0,0,140,1828,-8244,7106,0,0,0,1,0
5,180,10.16,19,803043,31,-14,-61,47517,131,-186,12459,0,0,140,1828,-8244,7106,0,0,0,1,0
5,180,10.214,20,803099,31,-14,-61,47517,131,-186,12459,0,0,140,1828,-8244,7106,0,0,0,1,0
5,180,10.276,21,803155,31,-14,-61,47517,131,-186,12458,0,0,140,1828,-8244,7106,0,0,0,1,0
6,-180,-0.029,7,809516,31,-14,-61,47517,131,-186,12455,0,0,140,1828,-8244,7106,0,0,0,1,0
6,-180,0.025,8,809572,31,-14,-61,47517,131,-186,12455,0,0,140,1828,-8244,7106,0,0,0,1,0
6,-180,0.069,9,809623,31,-14,-61,47517,131,-186,12455,0,0,140,1830,-8244,7106,300,-300,0,1,0
6,-180,0.15,10,809695,31,-14,-61,47517,131,-186,12455,0,0,142,1833,-8244,7106,1000,-900,0,1,0
6,-180,0.213,11,809767,31,-14,-60,47387,131,-186,12455,32,-32,143,1836,-8219,7089,1700,-1600,0,1,0
6,-180,0.288,12,809839,31,-14,-60,47068,131,-186,12430,58,-56,143,1839,-8163,7042,2500,-2500,0,1,0
6,-180,0.361,13,809911,31,-14,-60,46458,126,-187,11788,114,-114,143,1842,-8058,6950,2900,-2900,0,1,0
6,-180,0.43,14,809983,31,-15,-59,45588,126,-187,11788,146,-137,143,1845,-7913,6814,3400,-3300,0,1,0
6,-180,0.502,15,810055,31,-15,-59,44517,115,-191,10377,178,-178,143,1848,-7736,6645,3800,-3700,0,1,0
6,-180,0.572,16,810127,31,-15,-59,43217,101,-191,8526,213,-219,143,1851,-7527,6434,4200,-4200,0,1,0
6,-180,0.644,17,810199,31,-15,-59,41731,101,-191,8526,242,-242,143,1854,-7286,6195,4500,-4500,0,1,0
6,-180,0.721,18,810271,31,-15,-59,40131,86,-187,6124,251,-257,143,1857,-7030,5934,4500,-4500,0,1,0
6,-180,0.79,19,810343,31,-15,-59,38453,73,-176,3511,260,-251,143,1860,-6761,5661,4300,-4100,0,1,0
6,-180,0.863,20,810415,31,-15,-59,36828,73,-176,3511,245,-251,143,1863,-6502,5395,3700,-3600,0,1,0
6,-180,0.949,21,810487,31,-15,-59,35391,66,-161,1036,219,-205,143,1866,-6272,5161,3100,-3000,0,1,0
6,-180,1.014,22,810560,31,-15,-59,34212,66,-148,-932,169,-163,143,1869,-6080,4972,2600,-2500,0,1,0
6,-180,1.08,23,810631,31,-15,-59,33234,66,-148,-932,146,-128,143,1872,-5919,4817,2300,-2200,0,1,0
6,-180,1.148,24,810703,31,-15,-60,32435,70,-138,-2366,120,-114,143,1875,-5786,4692,2000,-2000,0,1,0
6,-180,1.221,25,810775,31,-14,-60,31745,70,-138,-2366,114,-90,143,1878,-5666,4589,1700,-1800,0,1,0
6,-180,1.293,26,810847,31,-14,-60,31194,75,-132,-3455,91,-82,143,1881,-5577,4500,1600,-1700,0,1,0
6,-180,1.38,27,810919,31,-14,-60,30723,80,-128,-4255,82,-64,143,1884,-5497,4428,1400,-1500,0,1,0
6,-180,1.439,28,810991,31,-14,-60,30333,80,-128,-4255,58,-67,143,1887,-5438,4361,900,-1100,0,1,0
6,-180,1.509,29,811063,31,-14,-60,30079,83,-125,-4852,32,-41,143,1890,-5397,4320,800,-900,0,1,0
6,-180,1.596,30,811152,31,-14,-60,29887,86,-124,-5196,0,0,143,1895,-5366,4289,0,0,0,1,0
6,-180,1.648,31,811203,31,-14,-60,29887,86,-124,-5196,0,0,143,1896,-5366,4289,0,0,0,1,0
6,-180,1.704,32,811259,31,-14,-60,29887,86,-124,-5280,0,0,143,1896,-5366,4289,0,0,0,1,0
6,-180,1.761,33,811315,31,-14,-60,29887,86,-124,-5280,0,0,143,1896,-5366,4289,0,0,0,1,0
6,-180,1.816,34,811371,31,-14,-60,29887,86,-124,-5281,0,0,143,1896,-5366,4289,0,0,0,1,0
6,-180,1.871,35,811427,31,-14,-60,29887,86,-124,-5281,0,0,143,1896,-5366,4289,0,0,0,1,0
6,-180,1.939,36,811483,31,-14,-60,29887,86,-124,-5280,0,0,143,1896,-5366,4289,0,0,0,1,0
6,-180,1.985,37,811539,31,-14,-60,29887,86,-124,-5280,0,0,143,1896,-5366,4289,0,0,0,1,0
6,-180,2.041,38,811595,31,-14,-60,29887,86,-124,-5280,0,0,143,1896,-5366,4289,0,0,0,1,0
6,-180,2.103,39,811651,31,-14,-60,29887,86,-124,-5280,0,0,143,1896,-5366,4289,0,0,0,1,0
6,-180,2.16,40,811707,31,-14,-60,29887,86,-124,-5281,0,0,143,1896,-5366,4289,0,0,0,1,0
6,-180,2.206,41,811759,31,-14,-60,29887,86,-124,-5281,0,0,143,1896,-5366,4289,0,0,0,1,0
6,-180,2.259,42,811815,31,-14,-60,29887,86,-124,-5281,0,0,143,1896,-5366,4289,0,0,0,1,0
6,-180,2.318,43,811871,31,-14,-60,29887,86,-124,-5281,0,0,143,1896,-5366,4289,0,0,0,1,0
6,-180,2.373,44,811927,31,-14,-60,29887,86,-124,-5281,0,0,143,1896,-5366,4289,0,0,0,1,0
6,-180,2.448,45,811983,31,-14,-60,29887,86,-124,-5281,0,0,143,1896,-5366,4289,0,0,0,1,0
6,-180,2.492,46,812039,31,-14,-60,29887,86,-124,-5281,0,0,143,1896,-5366,4289,0,0,0,1,0
6,-180,2.543,47,812095,31,-14,-60,29887,86,-124,-5281,0,0,143,1896,-5366,4289,0,0,0,1,0
6,-180,2.597,48,812151,31,-14,-60,29887,86,-124,-5281,0,0,143,1896,-5366,4289,0,0,0,1,0
6,-180,2.654,49,812207,31,-14,-60,29887,86,-124,-5281,0,0,143,1896,-5366,4289,0,0,0,1,0
6,-180,2.715,50,812263,31,-14,-60,29887,86,-124,-5281,0,0,143,1896,-5366,4289,0,0,0,1,0
6,-180,2.772,51,812319,31,-14,-60,29887,86,-124,-5281,0,0,143,1896,-5366,4289,0,0,0,1,0
6,-180,2.824,52,812375,31,-14,-60,29887,86,-124,-5282,0,0,143,1896,-5366,4289,0,0,0,1,0
6,-180,2.877,53,812431,31,-14,-60,29887,86,-124,-5282,0,0,143,1896,-5366,4289,0,0,0,1,0
6,-180,2.933,54,812487,31,-14,-60,29887,86,-124,-5282,0,0,143,1896,-5366,4289,0,0,0,1,0
6,-180,2.989,55,812543,31,-14,-60,29887,86,-124,-5282,0,0,143,1896,-5366,4289,0,0,0,1,0
6,-180,3.043,56,812599,31,-14,-60,29887,86,-124,-5282,0,0,143,1896,-5366,4289,0,0,0,1,0
6,-180,3.103,57,812655,31,-14,-60,29887,86,-124,-5282,0,0,143,1896,-5366,4289,0,0,0,1,0
6,-180,3.155,58,812711,31,-14,-60,29887,86,-124,-5282,0,0,143,1896,-5366,4289,0,0,0,1,0
6,-180,3.221,59,812767,31,-14,-60,29887,86,-124,-5282,0,0,143,1896,-5366,4289,0,0,0,1,0
6,-180,3.267,60,812819,31,-14,-60,29887,86,-124,-5282,0,0,143,1896,-5366,4289,0,0,0,1,0
6,-180,3.324,61,812875,31,-14,-60,29887,86,-124,-5282,0,0,143,1896,-5366,4289,0,0,0,1,0
6,-180,3.377,62,812931,31,-14,-60,29887,86,-124,-5282,0,0,143,1896,-5366,4289,0,0,0,1,0
6,-180,3.434,63,812987,31,-14,-60,29887,86,-124,-5282,0,0,143,1896,-5366,4289,0,0,0,1,0
6,-180,3.489,64,813043,31,-14,-60,29887,86,-124,-5282,0,0,143,1896,-5366,4289,0,0,0,1,0
6,-180,3.544,65,813099,31,-14,-60,29887,86,-124,-5282,0,0,143,1896,-5366,4289,0,0,0,1,0
6,-180,3.6,66,813155,31,-14,-60,29887,86,-124,-5282,0,0,143,1896,-5366,4289,0,0,0,1,0
6,-180,3.655,67,813211,31,-14,-60,29887,86,-124,-5282,0,0,143,1896,-5366,4289,0,0,0,1,0
6,-180,3.712,68,813267,31,-14,-60,29887,86,-124,-5282,0,0,143,1896,-5366,4289,0,0,0,1,0
6,-180,3.768,69,813323,31,-14,-60,29887,86,-124,-5282,0,0,143,1896,-5366,4289,0,0,0,1,0
6,-180,3.825,70,813379,31,-14,-60,29887,86,-124,-5282,0,0,143,1896,-5366,4289,0,0,0,1,0
6,-180,3.882,71,813435,31,-14,-60,29887,86,-124,-5282,0,0,143,1896,-5366,4289,0,0,0,1,0
6,-180,3.99,72,813491,31,-14,-60,29887,86,-124,-5282,0,0,143,1896,-5366,4289,0,0,0,1,0
6,-180,3.994,73,813547,31,-14,-60,29887,86,-124,-5282,0,0,143,1896,-5366,4289,0,0,0,1,0
6,-180,4.049,74,813603,31,-14,-60,29887,86,-124,-5282,0,0,143,1896,-5366,4289,0,0,0,1,0
6,-180,4.105,75,813659,31,-14,-60,29887,86,-124,-5282,0,0,143,1896,-5366,4289,0,0,0,1,0
6,-180,4.161,76,813715,31,-14,-60,29887,86,-124,-5282,0,0,143,1896,-5366,4289,0,0,0,1,0
6,-180,4.216,77,813771,31,-14,-60,29887,86,-124,-5282,0,0,143,1896,-5366,4289,0,0,0,1,0
6,-180,4.321,78,813827,31,-14,-60,29887,86,-124,-5282,0,0,143,1896,-5366,4289,0,0,0,1,0
6,-180,4.323,79,813879,31,-14,-60,29887,86,-124,-5282,0,0,143,1896,-5366,4289,0,0,0,1,0
6,-180,4.38,80,813935,31,-14,-60,29887,86,-124,-5282,0,0,143,1896,-5366,4289,0,0,0,1,0
6,-180,4.436,81,813991,31,-14,-60,29887,86,-124,-5282,0,0,143,1896,-5366,4289,0,0,0,1,0
6,-180,4.493,82,814047,31,-14,-60,29887,86,-124,-5282,0,0,143,1896,-5366,4289,0,0,0,1,0
6,-180,4.549,83,814103,31,-14,-60,29887,86,-124,-5282,0,0,143,1896,-5366,4289,0,0,0,1,0
6,-180,4.618,84,814159,31,-14,-60,29887,86,-124,-5282,0,0,143,1896,-5366,4289,0,0,0,1,0
6,-180,4.664,85,814215,31,-14,-60,29887,86,-124,-5282,0,0,143,1896,-5366,4289,0,0,0,1,0
6,-180,4.716,86,814271,31,-14,-60,29887,86,-124,-5282,0,0,143,1896,-5366,4289,0,0,0,1,0
6,-180,4.772,87,814327,31,-14,-60,29887,86,-124,-5282,0,0,143,1896,-5366,4289,0,0,0,1,0
6,-180,4.834,88,814383,31,-14,-60,29887,86,-124,-5282,0,0,143,1896,-5366,4289,0,0,0,1,0
6,-180,4.883,89,814439,31,-14,-60,29887,86,-124,-5282,0,0,143,1896,-5366,4289,0,0,0,1,0
6,-180,4.957,90,814495,31,-14,-60,29887,86,-124,-5283,0,0,143,1896,-5366,4289,0,0,0,1,0
6,-180,4.998,91,814551,31,-14,-60,29887,86,-124,-5283,0,0,143,1896,-5366,4289,0,0,0,1,0
6,-180,5.052,92,814607,31,-14,-60,29887,86,-124,-5283,0,0,143,1896,-5366,4289,0,0,0,1,0
6,-180,5.109,93,814663,31,-14,-60,29887,86,-124,-5283,0,0,143,1896,-5366,4289,0,0,0,1,0
6,-180,5.165,94,814719,31,-14,-60,29887,86,-124,-5283,0,0,143,1896,-5366,4289,0,0,0,1,0
6,-180,5.227,95,814775,31,-14,-60,29887,86,-124,-5283,0,0,143,1896,-5366,4289,0,0,0,1,0
6,-180,5.278,96,814831,31,-14,-60,29887,86,-124,-5283,0,0,143,1896,-5366,4289,0,0,0,1,0
6,-180,5.339,97,814887,31,-14,-60,29887,86,-124,-5283,0,0,143,1896,-5366,4289,0,0,0,1,0
6,-180,5.386,98,814939,31,-14,-60,29887,86,-124,-5283,0,0,143,1896,-5366,4289,0,0,0,1,0
6,-180,5.44,99,814995,31,-14,-60,29887,86,-124,-5283,0,0,143,1896,-5366,4289,0,0,0,1,0
6,-180,5.496,100,815051,31,-14,-60,29887,86,-124,-5283,0,0,143,1896,-5366,4289,0,0,0,1,0
6,-180,5.564,101,815107,31,-14,-60,29887,86,-124,-5283,0,0,143,1896,-5366,4289,0,0,0,1,0
6,-180,5.607,102,815163,31,-14,-60,29887,86,-124,-5284,0,0,143,1896,-5366,4289,0,0,0,1,0
6,-180,5.679,103,815219,31,-14,-60,29887,86,-124,-5284,0,0,143,1896,-5366,4289,0,0,0,1,0
6,-180,5.726,104,815275,31,-14,-60,29887,86,-124,-5284,0,0,143,1896,-5366,4289,0,0,0,1,0
6,-180,5.775,105,815331,31,-14,-60,29887,86,-124,-5284,0,0,143,1896,-5366,4289,0,0,0,1,0
6,-180,5.834,106,815387,31,-14,-60,29887,86,-124,-5284,0,0,143,1896,-5366,4289,0,0,0,1,0
6,-180,5.892,107,815443,31,-14,-60,29887,86,-124,-5284,0,0,143,1896,-5366,4289,0,0,0,1,0
6,-180,5.944,108,815499,31,-14,-60,29887,86,-124,-5284,0,0,143,1896,-5366,4289,0,0,0,1,0
6,-180,6.006,109,815555,31,-14,-60,29887,86,-124,-5284,0,0,143,1896,-5366,4289,0,0,0,1,0
6,-180,6.058,110,815611,31,-14,-60,29887,86,-124,-5284,0,0,143,1896,-5366,4289,0,0,0,1,0
6,-180,6.124,111,815667,31,-14,-60,29887,86,-124,-5284,0,0,143,1896,-5366,4289,0,0,0,1,0
6,-180,6.171,112,815723,31,-14,-60,29887,86,-124,-5284,0,0,143,1896,-5366,4289,0,0,0,1,0
6,-180,6.225,113,815779,31,-14,-60,29887,86,-124,-5284,0,0,143,1896,-5366,4289,0,0,0,1,0
6,-180,6.281,114,815835,31,-14,-60,29887,86,-124,-5283,0,0,143,1896,-5366,4289,0,0,0,1,0
6,-180,6.339,115,815891,31,-14,-60,29887,86,-124,-5283,0,0,143,1896,-5366,4289,0,0,0,1,0
6,-180,6.404,116,815947,31,-14,-60,29887,86,-124,-5283,0,0,143,1896,-5366,4289,0,0,0,1,0
6,-180,6.444,117,815999,31,-14,-60,29887,86,-124,-5283,0,0,143,1896,-5366,4289,0,0,0,1,0
6,-180,6.5,118,816055,31,-14,-60,29887,86,-124,-5284,0,0,143,1896,-5366,4289,0,0,0,1,0
6,-180,6.556,119,816111,31,-14,-60,29887,86,-124,-5284,0,0,143,1896,-5366,4289,0,0,0,1,0
6,-180,6.616,120,816167,31,-14,-60,29887,86,-124,-5284,0,0,143,1896,-5366,4289,0,0,0,1,0
6,-180,6.669,121,816223,31,-14,-60,29887,86,-124,-5284,0,0,143,1896,-5366,4289,0,0,0,1,0
6,-180,6.724,122,816279,31,-14,-60,29887,86,-124,-5284,0,0,143,1896,-5366,4289,0,0,0,1,0
6,-180,6.78,123,816335,31,-14,-60,29887,86,-124,-5284,0,0,143,1896,-5366,4289,0,0,0,1,0
6,-180,6.836,124,816391,31,-14,-60,29887,86,-124,-5284,0,0,143,1896,-5366,4289,0,0,0,1,0
6,-180,6.892,125,816447,31,-14,-60,29887,86,-124,-5284,0,0,143,1896,-5366,4289,0,0,0,1,0
6,-180,6.955,126,816503,31,-14,-60,29887,86,-124,-5284,0,0,143,1896,-5366,4289,0,0,0,1,0
6,-180,7.004,127,816559,31,-14,-60,29887,86,-124,-5284,0,0,143,1896,-5366,4289,0,0,0,1,0
6,-180,7.065,0,816615,31,-14,-60,29887,86,-124,-5284,0,0,143,1896,-5366,4289,0,0,0,1,0
6,-180,7.121,1,816671,31,-14,-60,29887,86,-124,-5284,0,0,143,1896,-5366,4289,0,0,0,1,0
6,-180,7.175,2,816727,31,-14,-60,29887,86,-124,-5284,0,0,143,1896,-5366,4289,0,0,0,1,0
6,-180,7.233,3,816783,31,-14,-60,29887,86,-124,-5284,0,0,143,1896,-5366,4289,0,0,0,1,0
6,-180,7.286,4,816839,31,-14,-60,29887,86,-124,-5284,0,0,143,1896,-5366,4289,0,0,0,1,0
6,-180,7.347,5,816895,31,-14,-60,29887,86,-124,-5284,0,0,143,1896,-5366,4289,0,0,0,1,0
6,-180,7.397,6,816951,31,-14,-60,29887,86,-124,-5284,0,0,143,1896,-5366,4289,0,0,0,1,0
6,-180,7.46,7,817007,31,-14,-60,29887,86,-124,-5284,0,0,143,1896,-5366,4289,0,0,0,1,0
6,-180,7.505,8,817059,31,-14,-60,29887,86,-124,-5284,0,0,143,1896,-5366,4289,0,0,0,1,0
6,-180,7.559,9,817115,31,-14,-60,29887,86,-124,-5284,0,0,143,1896,-5366,4289,0,0,0,1,0
6,-180,7.619,10,817171,31,-14,-60,29887,86,-124,-5284,0,0,143,1896,-5366,4289,0,0,0,1,0
6,-180,7.671,11,817227,31,-14,-60,29887,86,-124,-5284,0,0,143,1896,-5366,4289,0,0,0,1,0
6,-180,7.736,12,817283,31,-14,-60,29887,86,-124,-5284,0,0,143,1896,-5366,4289,0,0,0,1,0
6,-180,7.787,13,817339,31,-14,-60,29887,86,-124,-5284,0,0,143,1896,-5366,4289,0,0,0,1,0
6,-180,7.846,14,817395,31,-14,-60,29887,86,-124,-5284,0,0,143,1896,-5366,4289,0,0,0,1,0
6,-180,7.913,15,817451,31,-14,-60,29887,86,-124,-5284,0,0,143,1896,-5366,4289,0,0,0,1,0
6,-180,7.953,16,817507,31,-14,-60,29887,86,-124,-5284,0,0,143,1896,-5366,4289,0,0,0,1,0
6,-180,8.009,17,817563,31,-14,-60,29887,86,-124,-5284,0,0,143,1896,-5366,4289,0,0,0,1,0
6,-180,8.076,18,817619,31,-14,-60,29887,86,-124,-5284,0,0,143,1896,-5366,4289,0,0,0,1,0
6,-180,8.125,19,817675,31,-14,-60,29887,86,-124,-5284,0,0,143,1896,-5366,4289,0,0,0,1,0
6,-180,8.175,20,817731,31,-14,-60,29887,86,-124,-5284,0,0,143,1896,-5366,4289,0,0,0,1,0
6,-180,8.234,21,817787,31,-14,-60,29887,86,-124,-5284,0,0,143,1896,-5366,4289,0,0,0,1,0
6,-180,8.287,22,817843,31,-14,-60,29887,86,-124,-5284,0,0,143,1896,-5366,4289,0,0,0,1,0
6,-180,8.349,23,817899,31,-14,-60,29887,86,-124,-5284,0,0,143,1896,-5366,4289,0,0,0,1,0
6,-180,8.399,24,817955,31,-14,-60,29887,86,-124,-5284,0,0,143,1896,-5366,4289,0,0,0,1,0
6,-180,8.456,25,818011,31,-14,-60,29887,86,-124,-5284,0,0,143,1896,-5366,4289,0,0,0,1,0
6,-180,8.52,26,818067,31,-14,-60,29887,86,-124,-5284,0,0,143,1896,-5366,4289,0,0,0,1,0
6,-180,8.619,27,818119,31,-14,-60,29887,86,-124,-5285,0,0,143,1896,-5366,4289,0,0,0,1,0
6,-180,8.621,28,818175,31,-14,-60,29887,86,-124,-5285,0,0,143,1896,-5366,4289,0,0,0,1,0
6,-180,8.676,29,818231,31,-14,-60,29887,86,-124,-5285,0,0,143,1896,-5366,4289,0,0,0,1,0
6,-180,8.733,30,818287,31,-14,-60,29887,86,-124,-5285,0,0,143,1896,-5366,4289,0,0,0,1,0
7,-90,-0.025,7,824147,31,-14,-60,29887,86,-124,-5287,0,0,143,1896,-5366,4289,0,0,0,1,0
7,-90,0.047,8,824223,31,-14,-60,29887,86,-124,-5287,0,0,143,1897,-5366,4289,0,0,0,1,0
7,-90,0.121,9,824295,31,-14,-60,29887,86,-124,-5287,0,0,144,1900,-5366,4289,800,-800,0,1,0
7,-90,0.192,10,824367,31,-14,-60,29822,86,-124,-5287,15,-5,146,1903,-5350,4284,1400,-1300,0,1,0
7,-90,0.266,11,824439,31,-14,-60,29562,87,-124,-5331,58,-47,146,1906,-5305,4245,2300,-2200,0,1,0
7,-90,0.342,12,824511,31,-14,-61,29021,91,-123,-5896,105,-88,146,1909,-5208,4167,2800,-2700,0,1,0
7,-90,0.413,13,824583,31,-14,-62,28176,91,-123,-5896,140,-133,146,1912,-5063,4039,3200,-3200,0,1,0
7,-90,0.499,14,824655,31,-14,-62,27145,100,-120,-7198,169,-181,146,1915,-4897,3872,3600,-3600,0,1,0
7,-90,0.551,15,824727,31,-14,-62,25944,116,-119,-8987,210,-193,146,1918,-4697,3684,3300,-3300,0,1,0
7,-90,0.624,16,824799,31,-14,-62,24727,116,-119,-8987,178,-187,146,1921,-4502,3486,2700,-2700,0,1,0
7,-90,0.712,17,824872,31,-13,-62,23690,132,-122,-10939,137,-146,146,1924,-4336,3317,2000,-2100,0,1,0
7,-90,0.768,18,824943,31,-13,-62,22888,141,-127,-12391,105,-122,146,1927,-4208,3186,1400,-1400,0,1,0
7,-90,0.839,19,825015,31,-13,-62,22415,141,-127,-12391,64,-50,146,1930,-4130,3111,1300,-1200,0,1,0
7,-90,0.912,20,825087,31,-14,-62,22037,145,-130,-13083,64,-50,146,1933,-4066,3053,1300,-1200,0,1,0
7,-90,0.985,21,825159,31,-14,-62,21728,148,-133,-13613,67,-47,146,1936,-4013,3006,1200,-1300,0,1,0
7,-90,1.104,22,825272,31,-14,-62,21335,150,-135,-14066,0,0,146,1942,-3947,2945,0,0,0,1,0
7,-90,1.158,23,825323,31,-14,-62,21335,150,-135,-14066,0,0,146,1944,-3947,2945,0,0,0,1,0
7,-90,1.218,24,825395,31,-14,-62,21335,151,-135,-14099,0,0,146,1947,-3947,2945,0,0,0,1,0
7,-90,1.299,25,825467,31,-14,-62,21335,151,-135,-14099,0,0,146,1950,-3947,2945,0,0,0,1,0
7,-90,1.347,26,825523,31,-14,-62,21335,151,-135,-14098,0,0,146,1951,-3947,2945,0,0,0,1,0
7,-90,1.402,27,825579,31,-14,-62,21335,151,-135,-14098,0,0,146,1951,-3947,2945,0,0,0,1,0
7,-90,1.469,28,825635,31,-14,-62,21335,151,-135,-14098,0,0,146,1951,-3947,2945,0,0,0,1,0
7,-90,1.518,29,825691,31,-14,-62,21335,151,-135,-14098,0,0,146,1951,-3947,2945,0,0,0,1,0
7,-90,1.572,30,825747,31,-14,-62,21335,151,-135,-14099,0,0,146,1951,-3947,2945,0,0,0,1,0
7,-90,1.636,31,825803,31,-14,-62,21335,151,-135,-14099,0,0,146,1951,-3947,2945,0,0,0,1,0
7,-90,1.683,32,825855,31,-14,-62,21335,151,-135,-14099,0,0,146,1951,-3947,2945,0,0,0,1,0
7,-90,1.738,33,825911,31,-14,-62,21335,151,-135,-14099,0,0,146,1951,-3947,2945,0,0,0,1,0
7,-90,1.795,34,825967,31,-14,-62,21335,151,-135,-14099,0,0,146,1951,-3947,2945,0,0,0,1,0
7,-90,1.846,35,826023,31,-14,-62,21335,151,-135,-14099,0,0,146,1951,-3947,2945,0,0,0,1,0
7,-90,1.904,36,826079,31,-14,-62,21335,151,-135,-14099,0,0,146,1951,-3947,2945,0,0,0,1,0
7,-90,1.959,37,826135,31,-14,-62,21335,151,-135,-14099,0,0,146,1951,-3947,2945,0,0,0,1,0
7,-90,2.028,38,826191,31,-14,-62,21335,151,-135,-14099,0,0,146,1951,-3947,2945,0,0,0,1,0
7,-90,2.07,39,826247,31,-14,-62,21335,151,-135,-14099,0,0,146,1951,-3947,2945,0,0,0,1,0
7,-90,2.132,40,826303,31,-14,-62,21335,151,-135,-14099,0,0,146,1951,-3947,2945,0,0,0,1,0
7,-90,2.183,41,826359,31,-14,-62,21335,151,-135,-14099,0,0,146,1951,-3947,2945,0,0,0,1,0
7,-90,2.239,42,826415,31,-14,-62,21335,151,-135,-14099,0,0,146,1951,-3947,2945,0,0,0,1,0
7,-90,2.345,43,826471,31,-14,-62,21335,151,-135,-14099,0,0,146,1951,-3947,2945,0,0,0,1,0
7,-90,2.351,44,826527,31,-14,-62,21335,151,-135,-14099,0,0,146,1951,-3947,2945,0,0,0,1,0
7,-90,2.407,45,826583,31,-14,-62,21335,151,-135,-14099,0,0,146,1951,-3947,2945,0,0,0,1,0
7,-90,2.463,46,826639,31,-14,-62,21335,151,-135,-14099,0,0,146,1951,-3947,2945,0,0,0,1,0
7,-90,2.524,47,826695,31,-14,-62,21335,151,-135,-14099,0,0,146,1951,-3947,2945,0,0,0,1,0
7,-90,2.574,48,826751,31,-14,-62,21335,151,-135,-14099,0,0,146,1951,-3947,2945,0,0,0,1,0
7,-90,2.637,49,826807,31,-14,-62,21335,151,-135,-14099,0,0,146,1951,-3947,2945,0,0,0,1,0
7,-90,2.694,50,826863,31,-14,-62,21335,151,-135,-14099,0,0,146,1951,-3947,2945,0,0,0,1,0
7,-90,2.739,51,826915,31,-14,-62,21335,151,-135,-14099,0,0,146,1951,-3947,2945,0,0,0,1,0
7,-90,2.795,52,826971,31,-14,-62,21335,151,-135,-14099,0,0,146,1951,-3947,2945,0,0,0,1,0
7,-90,2.854,53,827027,31,-14,-62,21335,151,-135,-14099,0,0,146,1951,-3947,2945,0,0,0,1,0
7,-90,2.906,54,827083,31,-14,-62,21335,151,-135,-14099,0,0,146,1951,-3947,2945,0,0,0,1,0
7,-90,2.967,55,827139,31,-14,-62,21335,151,-135,-14099,0,0,146,1951,-3947,2945,0,0,0,1,0
7,-90,3.019,56,827195,31,-14,-62,21335,151,-135,-14099,0,0,146,1951,-3947,2945,0,0,0,1,0
7,-90,3.075,57,827251,31,-14,-62,21335,151,-135,-14099,0,0,146,1951,-3947,2945,0,0,0,1,0
7,-90,3.135,58,827307,31,-14,-62,21335,151,-135,-14099,0,0,146,1951,-3947,2945,0,0,0,1,0
7,-90,3.186,59,827363,31,-14,-62,21335,151,-135,-14099,0,0,146,1951,-3947,2945,0,0,0,1,0
7,-90,3.248,60,827419,31,-14,-62,21335,151,-135,-14099,0,0,146,1951,-3947,2945,0,0,0,1,0
7,-90,3.301,61,827475,31,-14,-62,21335,151,-135,-14099,0,0,146,1951,-3947,2945,0,0,0,1,0
7,-90,3.354,62,827531,31,-14,-62,21335,151,-135,-14099,0,0,146,1951,-3947,2945,0,0,0,1,0
7,-90,3.414,63,827587,31,-14,-62,21335,151,-135,-14099,0,0,146,1951,-3947,2945,0,0,0,1,0
7,-90,3.47,64,827643,31,-14,-62,21335,151,-135,-14099,0,0,146,1951,-3947,2945,0,0,0,1,0
7,-90,3.533,65,827699,31,-14,-62,21335,151,-135,-14099,0,0,146,1951,-3947,2945,0,0,0,1,0
7,-90,3.585,66,827755,31,-14,-62,21335,151,-135,-14099,0,0,146,1951,-3947,2945,0,0,0,1,0
7,-90,3.637,67,827811,31,-14,-62,21335,151,-135,-14099,0,0,146,1951,-3947,2945,0,0,0,1,0
7,-90,3.692,68,827867,31,-14,-62,21335,151,-135,-14099,0,0,146,1951,-3947,2945,0,0,0,1,0
7,-90,3.756,69,827923,31,-14,-62,21335,151,-135,-14099,0,0,146,1951,-3947,2945,0,0,0,1,0
7,-90,3.814,70,827975,31,-14,-62,21335,151,-135,-14099,0,0,146,1951,-3947,2945,0,0,0,1,0
7,-90,3.857,71,828031,31,-14,-62,21335,151,-135,-14099,0,0,146,1951,-3947,2945,0,0,0,1,0
7,-90,3.911,72,828087,31,-14,-62,21335,151,-135,-14099,0,0,146,1951,-3947,2945,0,0,0,1,0
7,-90,3.968,73,828143,31,-14,-62,21335,151,-135,-14099,0,0,146,1951,-3947,2945,0,0,0,1,0
7,-90,4.023,74,828199,31,-14,-62,21335,151,-135,-14099,0,0,146,1951,-3947,2945,0,0,0,1,0
7,-90,4.117,75,828255,31,-14,-62,21335,151,-135,-14099,0,0,146,1951,-3947,2945,0,0,0,1,0
7,-90,4.135,76,828311,31,-14,-62,21335,151,-135,-14099,0,0,146,1951,-3947,2945,0,0,0,1,0
7,-90,4.194,77,828367,31,-14,-62,21335,151,-135,-14099,0,0,146,1951,-3947,2945,0,0,0,1,0
7,-90,4.246,78,828423,31,-14,-62,21335,151,-135,-14099,0,0,146,1951,-3947,2945,0,0,0,1,0
7,-90,4.303,79,828479,31,-14,-62,21335,151,-135,-14099,0,0,146,1951,-3947,2945,0,0,0,1,0
7,-90,4.359,80,828535,31,-14,-62,21335,151,-135,-14100,0,0,146,1951,-3947,2945,0,0,0,1,0
7,-90,4.414,81,828591,31,-14,-62,21335,151,-135,-14100,0,0,146,1951,-3947,2945,0,0,0,1,0
7,-90,4.471,82,828647,31,-14,-62,21335,151,-135,-14100,0,0,146,1951,-3947,2945,0,0,0,1,0
7,-90,4.528,83,828703,31,-14,-62,21335,151,-135,-14100,0,0,146,1951,-3947,2945,0,0,0,1,0
7,-90,4.584,84,828759,31,-14,-62,21335,151,-135,-14100,0,0,146,1951,-3947,2945,0,0,0,1,0
7,-90,4.639,85,828815,31,-14,-62,21335,151,-135,-14100,0,0,146,1951,-3947,2945,0,0,0,1,0
7,-90,4.714,86,828871,31,-14,-62,21335,151,-135,-14100,0,0,146,1951,-3947,2945,0,0,0,1,0
7,-90,4.751,87,828927,31,-14,-62,21335,151,-135,-14100,0,0,146,1951,-3947,2945,0,0,0,1,0
7,-90,4.815,88,828983,31,-14,-62,21335,151,-135,-14100,0,0,146,1951,-3947,2945,0,0,0,1,0
7,-90,4.86,89,829035,31,-14,-62,21335,151,-135,-14100,0,0,146,1951,-3947,2945,0,0,0,1,0
7,-90,4.915,90,829091,31,-14,-62,21335,151,-135,-14100,0,0,146,1951,-3947,2945,0,0,0,1,0
7,-90,4.97,91,829147,31,-14,-62,21335,151,-135,-14100,0,0,146,1951,-3947,2945,0,0,0,1,0
7,-90,5.028,92,829203,31,-14,-62,21335,151,-135,-14100,0,0,146,1951,-3947,2945,0,0,0,1,0
7,-90,5.082,93,829259,31,-14,-62,21335,151,-135,-14100,0,0,146,1951,-3947,2945,0,0,0,1,0
7,-90,5.139,94,829315,31,-14,-62,21335,151,-135,-14100,0,0,146,1951,-3947,2945,0,0,0,1,0
7,-90,5.198,95,829371,31,-14,-62,21335,151,-135,-14100,0,0,146,1951,-3947,2945,0,0,0,1,0
7,-90,5.252,96,829427,31,-14,-62,21335,151,-135,-14100,0,0,146,1951,-3947,2945,0,0,0,1,0
7,-90,5.306,97,829483,31,-14,-62,21335,151,-135,-14100,0,0,146,1951,-3947,2945,0,0,0,1,0
7,-90,5.363,98,829539,31,-14,-62,21335,151,-135,-14100,0,0,146,1951,-3947,2945,0,0,0,1,0
7,-90,5.42,99,829595,31,-14,-62,21335,151,-135,-14100,0,0,146,1951,-3947,2945,0,0,0,1,0
7,-90,5.474,100,829651,31,-14,-62,21335,151,-135,-14100,0,0,146,1951,-3947,2945,0,0,0,1,0
7,-90,5.531,101,829707,31,-14,-62,21335,151,-135,-14100,0,0,146,1951,-3947,2945,0,0,0,1,0
7,-90,5.589,102,829763,31,-14,-62,21335,151,-135,-14100,0,0,146,1951,-3947,2945,0,0,0,1,0
7,-90,5.642,103,829819,31,-14,-62,21335,151,-135,-14100,0,0,146,1951,-3947,2945,0,0,0,1,0
7,-90,5.699,104,829875,31,-14,-62,21335,151,-135,-14100,0,0,146,1951,-3947,2945,0,0,0,1,0
7,-90,5.756,105,829931,31,-14,-62,21335,151,-135,-14100,0,0,146,1951,-3947,2945,0,0,0,1,0
7,-90,5.811,106,829987,31,-14,-62,21335,151,-135,-14100,0,0,146,1951,-3947,2945,0,0,0,1,0
7,-90,5.874,107,830043,31,-14,-62,21335,151,-135,-14100,0,0,146,1951,-3947,2945,0,0,0,1,0
7,-90,5.929,108,830095,31,-14,-62,21335,151,-135,-14100,0,0,146,1951,-3947,2945,0,0,0,1,0
7,-90,5.975,109,830151,31,-14,-62,21335,151,-135,-14100,0,0,146,1951,-3947,2945,0,0,0,1,0
7,-90,6.031,110,830207,31,-14,-62,21335,151,-135,-14100,0,0,146,1951,-3947,2945,0,0,0,1,0
7,-90,6.086,111,830263,31,-14,-62,21335,151,-135,-14100,0,0,146,1951,-3947,2945,0,0,0,1,0
7,-90,6.143,112,830319,31,-14,-62,21335,151,-135,-14100,0,0,146,1951,-3947,2945,0,0,0,1,0
7,-90,6.201,113,830375,31,-14,-62,21335,151,-135,-14100,0,0,146,1951,-3947,2945,0,0,0,1,0
7,-90,6.257,114,830431,31,-14,-62,21335,151,-135,-14100,0,0,146,1951,-3947,2945,0,0,0,1,0
7,-90,6.31,115,830487,31,-14,-62,21335,151,-135,-14100,0,0,146,1951,-3947,2945,0,0,0,1,0
7,-90,6.367,116,830543,31,-14,-62,21335,151,-135,-14100,0,0,146,1951,-3947,2945,0,0,0,1,0
7,-90,6.425,117,830599,31,-14,-62,21335,151,-135,-14100,0,0,146,1951,-3947,2945,0,0,0,1,0
7,-90,6.48,118,830655,31,-14,-62,21335,151,-135,-14100,0,0,146,1951,-3947,2945,0,0,0,1,0
7,-90,6.534,119,830711,31,-14,-62,21335,151,-135,-14100,0,0,146,1951,-3947,2945,0,0,0,1,0
7,-90,6.591,120,830767,31,-14,-62,21335,151,-135,-14100,0,0,146,1951,-3947,2945,0,0,0,1,0
7,-90,6.661,121,830823,31,-14,-62,21335,151,-135,-14101,0,0,146,1951,-3947,2945,0,0,0,1,0
7,-90,6.704,122,830879,31,-14,-62,21335,151,-135,-14101,0,0,146,1951,-3947,2945,0,0,0,1,0
7,-90,6.758,123,830935,31,-14,-62,21335,151,-135,-14100,0,0,146,1951,-3947,2945,0,0,0,1,0
7,-90,6.815,124,830991,31,-14,-62,21335,151,-135,-14100,0,0,146,1951,-3947,2945,0,0,0,1,0
7,-90,6.872,125,831047,31,-14,-62,21335,151,-135,-14100,0,0,146,1951,-3947,2945,0,0,0,1,0
7,-90,6.94,126,831103,31,-14,-62,21335,151,-135,-14100,0,0,146,1951,-3947,2945,0,0,0,1,0
7,-90,6.983,127,831155,31,-14,-62,21335,151,-135,-14100,0,0,146,1951,-3947,2945,0,0,0,1,0
7,-90,7.04,0,831211,31,-14,-62,21335,151,-135,-14100,0,0,146,1951,-3947,2945,0,0,0,1,0
7,-90,7.09,1,831267,31,-14,-62,21335,151,-135,-14101,0,0,146,1951,-3947,2945,0,0,0,1,0
7,-90,7.176,2,831323,31,-14,-62,21335,151,-135,-14101,0,0,146,1951,-3947,2945,0,0,0,1,0
7,-90,7.208,3,831379,31,-14,-62,21335,151,-135,-14101,0,0,146,1951,-3947,2945,0,0,0,1,0
7,-90,7.258,4,831435,31,-14,-62,21335,151,-135,-14101,0,0,146,1951,-3947,2945,0,0,0,1,0
7,-90,7.317,5,831491,31,-14,-62,21335,151,-135,-14101,0,0,146,1951,-3947,2945,0,0,0,1,0
7,-90,7.371,6,831547,31,-14,-62,21335,151,-135,-14101,0,0,146,1951,-3947,2945,0,0,0,1,0
7,-90,7.43,7,831603,31,-14,-62,21335,151,-135,-14101,0,0,146,1951,-3947,2945,0,0,0,1,0
7,-90,7.496,8,831659,31,-14,-62,21335,151,-135,-14101,0,0,146,1951,-3947,2945,0,0,0,1,0
7,-90,7.539,9,831715,31,-14,-62,21335,151,-135,-14101,0,0,146,1951,-3947,2945,0,0,0,1,0
7,-90,7.595,10,831771,31,-14,-62,21335,151,-135,-14101,0,0,146,1951,-3947,2945,0,0,0,1,0
7,-90,7.655,11,831827,31,-14,-62,21335,151,-135,-14101,0,0,146,1951,-3947,2945,0,0,0,1,0
7,-90,7.707,12,831883,31,-14,-62,21335,151,-135,-14101,0,0,146,1951,-3947,2945,0,0,0,1,0
7,-90,7.798,13,831939,31,-14,-62,21335,151,-135,-14101,0,0,146,1951,-3947,2945,0,0,0,1,0
7,-90,7.825,14,831995,31,-14,-62,21335,151,-135,-14101,0,0,146,1951,-3947,2945,0,0,0,1,0
7,-90,7.878,15,832051,31,-14,-62,21335,151,-135,-14101,0,0,146,1951,-3947,2945,0,0,0,1,0
7,-90,7.933,16,832107,31,-14,-62,21335,151,-135,-14101,0,0,146,1951,-3947,2945,0,0,0,1,0
7,-90,8.01,17,832163,31,-14,-62,21335,151,-135,-14101,0,0,146,1951,-3947,2945,0,0,0,1,0
7,-90,8.043,18,832215,31,-14,-62,21335,151,-135,-14101,0,0,146,1951,-3947,2945,0,0,0,1,0
7,-90,8.098,19,832271,31,-14,-62,21335,151,-135,-14101,0,0,146,1951,-3947,2945,0,0,0,1,0
7,-90,8.16,20,832327,31,-14,-62,21335,151,-135,-14101,0,0,146,1951,-3947,2945,0,0,0,1,0
7,-90,8.213,21,832383,31,-14,-62,21335,151,-135,-14101,0,0,146,1951,-3947,2945,0,0,0,1,0
7,-90,8.263,22,832439,31,-14,-62,21335,151,-135,-14101,0,0,146,1951,-3947,2945,0,0,0,1,0
7,-90,8.32,23,832495,31,-14,-62,21335,151,-135,-14101,0,0,146,1951,-3947,2945,0,0,0,1,0
7,-90,8.432,24,832551,31,-14,-62,21335,151,-135,-14101,0,0,146,1951,-3947,2945,0,0,0,1,0
7,-90,8.432,25,832607,31,-14,-62,21335,151,-135,-14101,0,0,146,1951,-3947,2945,0,0,0,1,0
7,-90,8.487,26,832663,31,-14,-62,21335,151,-135,-14101,0,0,146,1951,-3947,2945,0,0,0,1,0
8,90,-0.042,118,837795,31,-14,-62,21335,151,-135,-14101,0,0,146,1951,-3947,2945,0,0,0,1,0
8,90,0.014,119,837851,31,-14,-62,21335,151,-135,-14101,0,0,146,1951,-3947,2945,0,0,0,1,0
8,90,0.092,120,837912,31,-14,-62,21335,151,-135,-14101,0,0,146,1953,-3947,2945,-300,300,0,1,0
8,90,0.146,121,837983,31,-14,-62,21359,151,-135,-14101,-12,0,148,1956,-3955,2945,-1000,900,0,1,0
8,90,0.218,122,838055,31,-14,-62,21477,151,-135,-14101,-23,32,149,1959,-3977,2961,-1800,1600,0,1,0
8,90,0.292,123,838127,31,-14,-62,21805,151,-134,-14046,-64,55,149,1962,-4030,3014,-2400,2400,0,1,0
8,90,0.363,124,838199,31,-14,-62,22440,148,-130,-13307,-105,129,149,1965,-4127,3122,-2900,2900,0,1,0
8,90,0.434,125,838271,31,-14,-62,23344,148,-130,-13307,-137,161,149,1968,-4269,3272,-3300,3300,0,1,0
8,90,0.505,126,838343,31,-14,-62,24446,140,-123,-11806,-187,170,149,1971,-4447,3450,-3600,3600,0,1,0
8,90,0.577,127,838415,31,-14,-63,25721,127,-118,-9853,-204,204,149,1974,-4650,3659,-3100,3100,0,1,0
8,90,0.651,0,838487,31,-14,-62,26906,127,-118,-9853,-178,172,149,1977,-4847,3845,-2400,2400,0,1,0
8,90,0.725,1,838559,31,-14,-62,27851,111,-117,-8021,-120,131,149,1980,-5002,3995,-1700,1900,0,1,0
8,90,0.795,2,838631,31,-14,-62,28547,101,-120,-6830,-96,90,149,1983,-5113,4109,-1300,1300,0,1,0
8,90,0.878,3,838703,31,-14,-62,28996,101,-120,-6830,-73,58,149,1986,-5183,4184,-1200,1200,0,1,0
8,90,0.94,4,838775,31,-14,-63,29312,96,-122,-6199,-35,55,149,1989,-5230,4239,-1300,1300,0,1,0
8,90,1.019,5,838848,31,-14,-62,29631,96,-122,-6199,-58,50,149,1992,-5283,4289,-1000,900,0,1,0
8,90,1.12,6,838960,31,-14,-62,29949,92,-123,-5695,0,0,149,1998,-5336,4339,0,0,0,1,0
8,90,1.173,7,839011,31,-14,-62,29949,89,-125,-5379,0,0,149,2000,-5336,4339,0,0,0,1,0
8,90,1.245,8,839083,31,-14,-62,29949,89,-125,-5379,0,0,149,2003,-5336,4339,0,0,0,1,0
8,90,1.328,9,839156,31,-14,-62,29949,89,-125,-5381,0,0,149,2006,-5336,4339,0,0,0,1,0
8,90,1.374,10,839211,31,-14,-62,29949,89,-125,-5381,0,0,149,2006,-5336,4339,0,0,0,1,0
8,90,1.429,11,839267,31,-14,-62,29949,89,-125,-5381,0,0,149,2006,-5336,4339,0,0,0,1,0
8,90,1.486,12,839323,31,-14,-62,29949,89,-125,-5381,0,0,149,2006,-5336,4339,0,0,0,1,0
8,90,1.542,13,839379,31,-14,-62,29949,89,-125,-5381,0,0,149,2006,-5336,4339,0,0,0,1,0
8,90,1.598,14,839435,31,-14,-62,29949,89,-125,-5381,0,0,149,2006,-5336,4339,0,0,0,1,0
8,90,1.654,15,839491,31,-14,-62,29949,89,-125,-5381,0,0,149,2006,-5336,4339,0,0,0,1,0
8,90,1.71,16,839547,31,-14,-62,29949,89,-125,-5381,0,0,149,2006,-5336,4339,0,0,0,1,0
8,90,1.766,17,839603,31,-14,-62,29949,89,-125,-5381,0,0,149,2006,-5336,4339,0,0,0,1,0
8,90,1.823,18,839659,31,-14,-62,29949,89,-125,-5381,0,0,149,2006,-5336,4339,0,0,0,1,0
8,90,1.878,19,839715,31,-14,-62,29949,89,-125,-5381,0,0,149,2006,-5336,4339,0,0,0,1,0
8,90,1.933,20,839771,31,-14,-62,29949,89,-125,-5381,0,0,149,2006,-5336,4339,0,0,0,1,0
8,90,1.99,21,839827,31,-14,-62,29949,89,-125,-5381,0,0,149,2006,-5336,4339,0,0,0,1,0
8,90,2.052,22,839883,31,-14,-62,29949,89,-125,-5381,0,0,149,2006,-5336,4339,0,0,0,1,0
8,90,2.103,23,839935,31,-14,-62,29949,89,-125,-5381,0,0,149,2006,-5336,4339,0,0,0,1,0
8,90,2.154,24,839991,31,-14,-62,29949,89,-125,-5381,0,0,149,2006,-5336,4339,0,0,0,1,0
8,90,2.209,25,840047,31,-14,-62,29949,89,-125,-5381,0,0,149,2006,-5336,4339,0,0,0,1,0
8,90,2.265,26,840103,31,-14,-62,29949,89,-125,-5381,0,0,149,2006,-5336,4339,0,0,0,1,0
8,90,2.322,27,840159,31,-14,-62,29949,89,-125,-5381,0,0,149,2006,-5336,4339,0,0,0,1,0
8,90,2.377,28,840215,31,-14,-62,29949,89,-125,-5381,0,0,149,2006,-5336,4339,0,0,0,1,0
8,90,2.434,29,840271,31,-14,-62,29949,89,-125,-5381,0,0,149,2006,-5336,4339,0,0,0,1,0
8,90,2.495,30,840327,31,-14,-62,29949,89,-125,-5381,0,0,149,2006,-5336,4339,0,0,0,1,0
8,90,2.545,31,840383,31,-14,-62,29949,89,-125,-5381,0,0,149,2006,-5336,4339,0,0,0,1,0
8,90,2.601,32,840439,31,-14,-62,29949,89,-125,-5381,0,0,149,2006,-5336,4339,0,0,0,1,0
8,90,2.659,33,840495,31,-14,-62,29949,89,-125,-5381,0,0,149,2006,-5336,4339,0,0,0,1,0
8,90,2.713,34,840551,31,-14,-62,29949,89,-125,-5381,0,0,149,2006,-5336,4339,0,0,0,1,0
8,90,2.77,35,840607,31,-14,-62,29949,89,-125,-5381,0,0,149,2006,-5336,4339,0,0,0,1,0
8,90,2.825,36,840663,31,-14,-62,29949,89,-125,-5381,0,0,149,2006,-5336,4339,0,0,0,1,0
8,90,2.886,37,840719,31,-14,-62,29949,89,-125,-5381,0,0,149,2006,-5336,4339,0,0,0,1,0
8,90,2.938,38,840775,31,-14,-62,29949,89,-125,-5382,0,0,149,2006,-5336,4339,0,0,0,1,0
8,90,2.995,39,840831,31,-14,-62,29949,89,-125,-5382,0,0,149,2006,-5336,4339,0,0,0,1,0
8,90,3.048,40,840887,31,-14,-62,29949,89,-125,-5382,0,0,149,2006,-5336,4339,0,0,0,1,0
8,90,3.112,41,840943,31,-14,-62,29949,89,-125,-5382,0,0,149,2006,-5336,4339,0,0,0,1,0
8,90,3.156,42,840995,31,-14,-62,29949,89,-125,-5382,0,0,149,2006,-5336,4339,0,0,0,1,0
8,90,3.227,43,841051,31,-14,-62,29949,89,-125,-5382,0,0,149,2006,-5336,4339,0,0,0,1,0
8,90,3.27,44,841107,31,-14,-62,29949,89,-125,-5382,0,0,149,2006,-5336,4339,0,0,0,1,0
8,90,3.325,45,841163,31,-14,-62,29949,89,-125,-5382,0,0,149,2006,-5336,4339,0,0,0,1,0
8,90,3.381,46,841219,31,-14,-62,29949,89,-125,-5381,0,0,149,2006,-5336,4339,0,0,0,1,0
8,90,3.441,47,841275,31,-14,-62,29949,89,-125,-5381,0,0,149,2006,-5336,4339,0,0,0,1,0
8,90,3.493,48,841331,31,-14,-62,29949,89,-125,-5381,0,0,149,2006,-5336,4339,0,0,0,1,0
8,90,3.556,49,841387,31,-14,-62,29949,89,-125,-5381,0,0,149,2006,-5336,4339,0,0,0,1,0
8,90,3.605,50,841443,31,-14,-62,29949,89,-125,-5381,0,0,149,2006,-5336,4339,0,0,0,1,0
8,90,3.661,51,841499,31,-14,-62,29949,89,-125,-5381,0,0,149,2006,-5336,4339,0,0,0,1,0
8,90,3.722,52,841555,31,-14,-62,29949,89,-125,-5381,0,0,149,2006,-5336,4339,0,0,0,1,0
8,90,3.773,53,841611,31,-14,-62,29949,89,-125,-5381,0,0,149,2006,-5336,4339,0,0,0,1,0
8,90,3.828,54,841667,31,-14,-62,29949,89,-125,-5382,0,0,149,2006,-5336,4339,0,0,0,1,0
8,90,3.886,55,841723,31,-14,-62,29949,89,-125,-5382,0,0,149,2006,-5336,4339,0,0,0,1,0
8,90,3.941,56,841779,31,-14,-62,29949,89,-125,-5382,0,0,149,2006,-5336,4339,0,0,0,1,0
8,90,3.998,57,841835,31,-14,-62,29949,89,-125,-5382,0,0,149,2006,-5336,4339,0,0,0,1,0
8,90,4.053,58,841891,31,-14,-62,29949,89,-125,-5382,0,0,149,2006,-5336,4339,0,0,0,1,0
8,90,4.11,59,841947,31,-14,-62,29949,89,-125,-5382,0,0,149,2006,-5336,4339,0,0,0,1,0
8,90,4.171,60,842003,31,-14,-62,29949,89,-125,-5382,0,0,149,2006,-5336,4339,0,0,0,1,0
8,90,4.217,61,842055,31,-14,-62,29949,89,-125,-5382,0,0,149,2006,-5336,4339,0,0,0,1,0
8,90,4.272,62,842111,31,-14,-62,29949,89,-125,-5382,0,0,149,2006,-5336,4339,0,0,0,1,0
8,90,4.335,63,842167,31,-14,-62,29949,89,-125,-5382,0,0,149,2006,-5336,4339,0,0,0,1,0
8,90,4.384,64,842223,31,-14,-62,29949,89,-125,-5382,0,0,149,2006,-5336,4339,0,0,0,1,0
8,90,4.441,65,842279,31,-14,-62,29949,89,-125,-5382,0,0,149,2006,-5336,4339,0,0,0,1,0
8,90,4.497,66,842335,31,-14,-62,29949,89,-125,-5382,0,0,149,2006,-5336,4339,0,0,0,1,0
8,90,4.569,67,842391,31,-14,-62,29949,89,-125,-5382,0,0,149,2006,-5336,4339,0,0,0,1,0
8,90,4.609,68,842447,31,-14,-62,29949,89,-125,-5382,0,0,149,2006,-5336,4339,0,0,0,1,0
8,90,4.667,69,842503,31,-14,-62,29949,89,-125,-5382,0,0,149,2006,-5336,4339,0,0,0,1,0
8,90,4.722,70,842559,31,-14,-62,29949,89,-125,-5382,0,0,149,2006,-5336,4339,0,0,0,1,0
8,90,4.779,71,842615,31,-14,-62,29949,89,-125,-5382,0,0,149,2006,-5336,4339,0,0,0,1,0
8,90,4.835,72,842671,31,-14,-62,29949,89,-125,-5382,0,0,149,2006,-5336,4339,0,0,0,1,0
8,90,4.89,73,842727,31,-14,-62,29949,89,-125,-5382,0,0,149,2006,-5336,4339,0,0,0,1,0
8,90,4.95,74,842783,31,-14,-62,29949,89,-125,-5382,0,0,149,2006,-5336,4339,0,0,0,1,0
8,90,5.001,75,842839,31,-14,-62,29949,89,-125,-5382,0,0,149,2006,-5336,4339,0,0,0,1,0
8,90,5.057,76,842895,31,-14,-62,29949,89,-125,-5382,0,0,149,2006,-5336,4339,0,0,0,1,0
8,90,5.113,77,842951,31,-14,-62,29949,89,-125,-5382,0,0,149,2006,-5336,4339,0,0,0,1,0
8,90,5.177,78,843007,31,-14,-62,29949,89,-125,-5382,0,0,149,2006,-5336,4339,0,0,0,1,0
8,90,5.233,79,843063,31,-14,-62,29949,89,-125,-5382,0,0,149,2006,-5336,4339,0,0,0,1,0
8,90,5.282,80,843115,31,-14,-62,29949,89,-125,-5382,0,0,149,2006,-5336,4339,0,0,0,1,0
8,90,5.334,81,843171,31,-14,-62,29949,89,-125,-5382,0,0,149,2006,-5336,4339,0,0,0,1,0
8,90,5.389,82,843227,31,-14,-62,29949,89,-125,-5382,0,0,149,2006,-5336,4339,0,0,0,1,0
8,90,5.445,83,843283,31,-14,-62,29949,89,-125,-5382,0,0,149,2006,-5336,4339,0,0,0,1,0
8,90,5.5,84,843339,31,-14,-62,29949,89,-125,-5382,0,0,149,2006,-5336,4339,0,0,0,1,0
8,90,5.557,85,843395,31,-14,-62,29949,89,-125,-5382,0,0,149,2006,-5336,4339,0,0,0,1,0
8,90,5.613,86,843451,31,-14,-62,29949,89,-125,-5382,0,0,149,2006,-5336,4339,0,0,0,1,0
8,90,5.669,87,843507,31,-14,-62,29949,89,-125,-5383,0,0,149,2006,-5336,4339,0,0,0,1,0
8,90,5.726,88,843563,31,-14,-62,29949,89,-125,-5383,0,0,149,2006,-5336,4339,0,0,0,1,0
8,90,5.782,89,843619,31,-14,-62,29949,89,-125,-5383,0,0,149,2006,-5336,4339,0,0,0,1,0
8,90,5.836,90,843675,31,-14,-62,29949,89,-125,-5383,0,0,149,2006,-5336,4339,0,0,0,1,0
8,90,5.894,91,843731,31,-14,-62,29949,89,-125,-5383,0,0,149,2006,-5336,4339,0,0,0,1,0
8,90,5.952,92,843787,31,-14,-62,29949,89,-125,-5383,0,0,149,2006,-5336,4339,0,0,0,1,0
8,90,6.005,93,843843,31,-14,-62,29949,89,-125,-5383,0,0,149,2006,-5336,4339,0,0,0,1,0
8,90,6.065,94,843899,31,-14,-62,29949,89,-125,-5383,0,0,149,2006,-5336,4339,0,0,0,1,0
8,90,6.127,95,843955,31,-14,-62,29949,89,-125,-5383,0,0,149,2006,-5336,4339,0,0,0,1,0
8,90,6.175,96,844011,31,-14,-62,29949,89,-125,-5383,0,0,149,2006,-5336,4339,0,0,0,1,0
8,90,6.229,97,844067,31,-14,-62,29949,89,-125,-5383,0,0,149,2006,-5336,4339,0,0,0,1,0
8,90,6.293,98,844123,31,-14,-62,29949,89,-125,-5383,0,0,149,2006,-5336,4339,0,0,0,1,0
8,90,6.34,99,844175,31,-14,-62,29949,89,-125,-5383,0,0,149,2006,-5336,4339,0,0,0,1,0
8,90,6.393,100,844231,31,-14,-62,29949,89,-125,-5383,0,0,149,2006,-5336,4339,0,0,0,1,0
8,90,6.452,101,844287,31,-14,-62,29949,89,-125,-5383,0,0,149,2006,-5336,4339,0,0,0,1,0
8,90,6.506,102,844343,31,-14,-62,29949,89,-125,-5383,0,0,149,2006,-5336,4339,0,0,0,1,0
8,90,6.56,103,844399,31,-14,-62,29949,89,-125,-5383,0,0,149,2006,-5336,4339,0,0,0,1,0
8,90,6.684,104,844455,31,-14,-62,29949,89,-125,-5383,0,0,149,2006,-5336,4339,0,0,0,1,0
8,90,6.696,105,844511,31,-14,-62,29949,89,-125,-5383,0,0,149,2006,-5336,4339,0,0,0,1,0
8,90,6.743,106,844567,31,-14,-62,29949,89,-125,-5383,0,0,149,2006,-5336,4339,0,0,0,1,0
8,90,6.79,107,844623,31,-14,-62,29949,89,-125,-5383,0,0,149,2006,-5336,4339,0,0,0,1,0
8,90,6.843,108,844679,31,-14,-62,29949,89,-125,-5383,0,0,149,2006,-5336,4339,0,0,0,1,0
8,90,6.915,109,844735,31,-14,-62,29949,89,-125,-5383,0,0,149,2006,-5336,4339,0,0,0,1,0
8,90,7.016,110,844791,31,-14,-62,29949,89,-125,-5383,0,0,149,2006,-5336,4339,0,0,0,1,0
8,90,7.016,111,844847,31,-14,-62,29949,89,-125,-5383,0,0,149,2006,-5336,4339,0,0,0,1,0
8,90,7.065,112,844903,31,-14,-62,29949,89,-125,-5383,0,0,149,2006,-5336,4339,0,0,0,1,0
8,90,7.124,113,844959,31,-14,-62,29949,89,-125,-5383,0,0,149,2006,-5336,4339,0,0,0,1,0
8,90,7.176,114,845015,31,-14,-62,29949,89,-125,-5383,0,0,149,2006,-5336,4339,0,0,0,1,0
8,90,7.235,115,845071,31,-14,-62,29949,89,-125,-5383,0,0,149,2006,-5336,4339,0,0,0,1,0
8,90,7.322,116,845127,31,-14,-62,29949,89,-125,-5383,0,0,149,2006,-5336,4339,0,0,0,1,0
8,90,7.373,117,845183,31,-14,-62,29949,89,-125,-5383,0,0,149,2006,-5336,4339,0,0,0,1,0
8,90,7.401,118,845235,31,-14,-62,29949,89,-125,-5383,0,0,149,2006,-5336,4339,0,0,0,1,0
8,90,7.456,119,845291,31,-14,-62,29949,89,-125,-5383,0,0,149,2006,-5336,4339,0,0,0,1,0
8,90,7.514,120,845347,31,-14,-62,29949,89,-125,-5383,0,0,149,2006,-5336,4339,0,0,0,1,0
8,90,7.575,121,845403,31,-14,-62,29949,89,-125,-5383,0,0,149,2006,-5336,4339,0,0,0,1,0
8,90,7.639,122,845459,31,-14,-62,29949,89,-125,-5383,0,0,149,2006,-5336,4339,0,0,0,1,0
8,90,7.681,123,845515,31,-14,-62,29949,89,-125,-5383,0,0,149,2006,-5336,4339,0,0,0,1,0
8,90,7.739,124,845571,31,-14,-62,29949,89,-125,-5383,0,0,149,2006,-5336,4339,0,0,0,1,0
8,90,7.791,125,845627,31,-14,-62,29949,89,-125,-5383,0,0,149,2006,-5336,4339,0,0,0,1,0
8,90,7.845,126,845683,31,-14,-62,29949,89,-125,-5383,0,0,149,2006,-5336,4339,0,0,0,1,0
8,90,7.903,127,845739,31,-14,-62,29949,89,-125,-5383,0,0,149,2006,-5336,4339,0,0,0,1,0
8,90,7.957,0,845795,31,-14,-62,29949,89,-125,-5383,0,0,149,2006,-5336,4339,0,0,0,1,0
8,90,8.015,1,845851,31,-14,-62,29949,89,-125,-5383,0,0,149,2006,-5336,4339,0,0,0,1,0
8,90,8.071,2,845907,31,-14,-62,29949,89,-125,-5383,0,0,149,2006,-5336,4339,0,0,0,1,0
8,90,8.124,3,845963,31,-14,-62,29949,89,-125,-5383,0,0,149,2006,-5336,4339,0,0,0,1,0
8,90,8.181,4,846019,31,-14,-62,29949,89,-125,-5383,0,0,149,2006,-5336,4339,0,0,0,1,0
8,90,8.248,5,846075,31,-14,-62,29949,89,-125,-5383,0,0,149,2006,-5336,4339,0,0,0,1,0
8,90,8.294,6,846131,31,-14,-62,29949,89,-125,-5383,0,0,149,2006,-5336,4339,0,0,0,1,0
8,90,8.349,7,846187,31,-14,-62,29949,89,-125,-5383,0,0,149,2006,-5336,4339,0,0,0,1,0
8,90,8.413,8,846243,31,-14,-62,29949,89,-125,-5383,0,0,149,2006,-5336,4339,0,0,0,1,0
8,90,8.457,9,846295,31,-14,-62,29949,89,-125,-5383,0,0,149,2006,-5336,4339,0,0,0,1,0
8,90,8.514,10,846351,31,-14,-62,29949,89,-125,-5383,0,0,149,2006,-5336,4339,0,0,0,1,0
8,90,8.575,11,846407,31,-14,-62,29949,89,-125,-5383,0,0,149,2006,-5336,4339,0,0,0,1,0
8,90,8.629,12,846463,31,-14,-62,29949,89,-125,-5383,0,0,149,2006,-5336,4339,0,0,0,1,0
8,90,8.681,13,846519,31,-14,-62,29949,89,-125,-5383,0,0,149,2006,-5336,4339,0,0,0,1,0
8,90,8.747,14,846575,31,-14,-62,29949,89,-125,-5383,0,0,149,2006,-5336,4339,0,0,0,1,0
8,90,8.797,15,846631,31,-14,-62,29949,89,-125,-5383,0,0,149,2006,-5336,4339,0,0,0,1,0
8,90,8.849,16,846687,31,-14,-62,29949,89,-125,-5383,0,0,149,2006,-5336,4339,0,0,0,1,0
8,90,8.916,17,846743,31,-14,-62,29949,89,-125,-5383,0,0,149,2006,-5336,4339,0,0,0,1,0
9,-107,-0.031,120,852491,31,-14,-62,29949,89,-125,-5384,0,0,149,2006,-5336,4339,0,0,0,1,0
9,-107,0.044,121,852567,31,-14,-62,29949,89,-125,-5384,0,0,149,2007,-5336,4339,0,0,0,1,0
9,-107,0.134,122,852639,31,-14,-63,29931,89,-125,-5384,17,0,150,2010,-5330,4339,800,-800,0,1,0
9,-107,0.199,123,852711,31,-14,-63,29776,89,-125,-5385,35,-28,150,2013,-5305,4314,1500,-1400,0,1,0
9,-107,0.262,124,852783,31,-14,-63,29553,89,-125,-5385,67,-47,150,2016,-5263,4284,2300,-2300,0,1,0
9,-107,0.337,125,852855,31,-13,-63,29021,91,-125,-5653,114,-88,150,2019,-5169,4206,2700,-2800,0,1,0
9,-107,0.417,126,852928,31,-13,-64,28204,99,-122,-6698,146,-137,150,2022,-5036,4075,3200,-3200,0,1,0
9,-107,0.477,127,852999,31,-13,-64,27179,99,-122,-6698,169,-178,150,2025,-4869,3911,3600,-3500,0,1,0
9,-107,0.549,0,853071,31,-13,-64,25975,112,-120,-8346,210,-196,150,2028,-4669,3722,3900,-3900,0,1,0
9,-107,0.622,1,853143,31,-13,-64,24600,129,-122,-10360,219,-219,150,2031,-4450,3497,3400,-3300,0,1,0
9,-107,0.694,2,853215,31,-13,-64,23328,129,-122,-10360,184,-204,150,2034,-4250,3286,2800,-2800,0,1,0
9,-107,0.765,3,853287,31,-13,-63,22269,143,-128,-12467,146,-163,150,2037,-4080,3114,2200,-2000,0,1,0
9,-107,0.837,4,853359,31,-13,-64,21455,150,-135,-13922,114,-111,150,2040,-3947,2984,1600,-1400,0,1,0
9,-107,0.924,5,853431,31,-13,-64,20901,150,-135,-13922,73,-64,150,2043,-3852,2900,1300,-1200,0,1,0
9,-107,0.981,6,853503,31,-14,-64,20508,153,-140,-14711,55,-50,150,2046,-3786,2839,1200,-1100,0,1,0
9,-107,1.054,7,853575,31,-14,-64,20208,155,-143,-15234,55,-41,150,2049,-3733,2795,1300,-1300,0,1,0
9,-107,1.157,8,853681,31,-14,-64,19811,157,-146,-15707,0,0,150,2055,-3669,2731,0,0,0,1,0
9,-107,1.213,9,853735,31,-14,-64,19811,157,-146,-15707,0,0,150,2057,-3669,2731,0,0,0,1,0
9,-107,1.285,10,853807,31,-14,-64,19811,157,-146,-15716,0,0,150,2060,-3669,2731,0,0,0,1,0
9,-107,1.345,11,853863,31,-14,-64,19811,157,-146,-15716,0,0,150,2062,-3669,2731,0,0,0,1,0
9,-107,1.396,12,853919,31,-14,-64,19811,157,-146,-15716,0,0,150,2062,-3669,2731,0,0,0,1,0
9,-107,1.459,13,853975,31,-14,-64,19811,157,-146,-15716,0,0,150,2062,-3669,2731,0,0,0,1,0
9,-107,1.504,14,854027,31,-14,-64,19811,157,-146,-15716,0,0,150,2062,-3669,2731,0,0,0,1,0
9,-107,1.563,15,854083,31,-14,-64,19811,157,-146,-15716,0,0,150,2062,-3669,2731,0,0,0,1,0
9,-107,1.618,16,854139,31,-14,-64,19811,157,-146,-15716,0,0,150,2062,-3669,2731,0,0,0,1,0
9,-107,1.672,17,854195,31,-14,-64,19811,157,-146,-15716,0,0,150,2062,-3669,2731,0,0,0,1,0
9,-107,1.734,18,854251,31,-14,-64,19811,157,-146,-15716,0,0,150,2062,-3669,2731,0,0,0,1,0
9,-107,1.786,19,854307,31,-14,-64,19811,157,-146,-15716,0,0,150,2062,-3669,2731,0,0,0,1,0
9,-107,1.84,20,854363,31,-14,-64,19811,157,-146,-15716,0,0,150,2062,-3669,2731,0,0,0,1,0
9,-107,1.897,21,854419,31,-14,-64,19811,157,-146,-15716,0,0,150,2062,-3669,2731,0,0,0,1,0
9,-107,1.953,22,854475,31,-14,-64,19811,157,-146,-15716,0,0,150,2062,-3669,2731,0,0,0,1,0
9,-107,2.01,23,854531,31,-14,-64,19811,157,-146,-15716,0,0,150,2062,-3669,2731,0,0,0,1,0
9,-107,2.065,24,854587,31,-14,-64,19811,157,-146,-15716,0,0,150,2062,-3669,2731,0,0,0,1,0
9,-107,2.122,25,854643,31,-14,-64,19811,157,-146,-15716,0,0,150,2062,-3669,2731,0,0,0,1,0
9,-107,2.178,26,854699,31,-14,-64,19811,157,-146,-15716,0,0,150,2062,-3669,2731,0,0,0,1,0
9,-107,2.233,27,854755,31,-14,-64,19811,157,-146,-15716,0,0,150,2062,-3669,2731,0,0,0,1,0
9,-107,2.291,28,854811,31,-14,-64,19811,157,-146,-15716,0,0,150,2062,-3669,2731,0,0,0,1,0
9,-107,2.356,29,854867,31,-14,-64,19811,157,-146,-15716,0,0,150,2062,-3669,2731,0,0,0,1,0
9,-107,2.402,30,854923,31,-14,-64,19811,157,-146,-15716,0,0,150,2062,-3669,2731,0,0,0,1,0
9,-107,2.499,31,854979,31,-14,-64,19811,157,-146,-15716,0,0,150,2062,-3669,2731,0,0,0,1,0
9,-107,2.523,32,855035,31,-14,-64,19811,157,-146,-15716,0,0,150,2062,-3669,2731,0,0,0,1,0
9,-107,2.564,33,855087,31,-14,-64,19811,157,-146,-15716,0,0,150,2062,-3669,2731,0,0,0,1,0
9,-107,2.624,34,855143,31,-14,-64,19811,157,-146,-15716,0,0,150,2062,-3669,2731,0,0,0,1,0
9,-107,2.676,35,855199,31,-14,-64,19811,157,-146,-15716,0,0,150,2062,-3669,2731,0,0,0,1,0
9,-107,2.733,36,855255,31,-14,-64,19811,157,-146,-15716,0,0,150,2062,-3669,2731,0,0,0,1,0
9,-107,2.791,37,855311,31,-14,-64,19811,157,-146,-15716,0,0,150,2062,-3669,2731,0,0,0,1,0
9,-107,2.847,38,855367,31,-14,-64,19811,157,-146,-15716,0,0,150,2062,-3669,2731,0,0,0,1,0
9,-107,2.947,39,855423,31,-14,-64,19811,157,-146,-15716,0,0,150,2062,-3669,2731,0,0,0,1,0
9,-107,2.956,40,855479,31,-14,-64,19811,157,-146,-15716,0,0,150,2062,-3669,2731,0,0,0,1,0
9,-107,3.012,41,855535,31,-14,-64,19811,157,-146,-15716,0,0,150,2062,-3669,2731,0,0,0,1,0
9,-107,3.069,42,855591,31,-14,-64,19811,157,-146,-15716,0,0,150,2062,-3669,2731,0,0,0,1,0
9,-107,3.126,43,855647,31,-14,-64,19811,157,-146,-15717,0,0,150,2062,-3669,2731,0,0,0,1,0
9,-107,3.181,44,855703,31,-14,-64,19811,157,-146,-15717,0,0,150,2062,-3669,2731,0,0,0,1,0
9,-107,3.236,45,855759,31,-14,-64,19811,157,-146,-15717,0,0,150,2062,-3669,2731,0,0,0,1,0
9,-107,3.304,46,855815,31,-14,-64,19811,157,-146,-15717,0,0,150,2062,-3669,2731,0,0,0,1,0
9,-107,3.348,47,855871,31,-14,-64,19811,157,-146,-15717,0,0,150,2062,-3669,2731,0,0,0,1,0
9,-107,3.406,48,855927,31,-14,-64,19811,157,-146,-15717,0,0,150,2062,-3669,2731,0,0,0,1,0
9,-107,3.462,49,855983,31,-14,-64,19811,157,-146,-15717,0,0,150,2062,-3669,2731,0,0,0,1,0
9,-107,3.516,50,856039,31,-14,-64,19811,157,-146,-15717,0,0,150,2062,-3669,2731,0,0,0,1,0
9,-107,3.597,51,856095,31,-14,-64,19811,157,-146,-15717,0,0,150,2062,-3669,2731,0,0,0,1,0
9,-107,3.624,52,856147,31,-14,-64,19811,157,-146,-15717,0,0,150,2062,-3669,2731,0,0,0,1,0
9,-107,3.682,53,856203,31,-14,-64,19811,157,-146,-15717,0,0,150,2062,-3669,2731,0,0,0,1,0
9,-107,3.737,54,856259,31,-14,-64,19811,157,-146,-15717,0,0,150,2062,-3669,2731,0,0,0,1,0
9,-107,3.793,55,856315,31,-14,-64,19811,157,-146,-15717,0,0,150,2062,-3669,2731,0,0,0,1,0
9,-107,3.849,56,856371,31,-14,-64,19811,157,-146,-15717,0,0,150,2062,-3669,2731,0,0,0,1,0
9,-107,3.905,57,856427,31,-14,-64,19811,157,-146,-15717,0,0,150,2062,-3669,2731,0,0,0,1,0
9,-107,3.961,58,856483,31,-14,-64,19811,157,-146,-15717,0,0,150,2062,-3669,2731,0,0,0,1,0
9,-107,4.017,59,856539,31,-14,-64,19811,157,-146,-15717,0,0,150,2062,-3669,2731,0,0,0,1,0
9,-107,4.073,60,856595,31,-14,-64,19811,157,-146,-15717,0,0,150,2062,-3669,2731,0,0,0,1,0
9,-107,4.131,61,856651,31,-14,-64,19811,157,-146,-15717,0,0,150,2062,-3669,2731,0,0,0,1,0
9,-107,4.191,62,856707,31,-14,-64,19811,157,-146,-15717,0,0,150,2062,-3669,2731,0,0,0,1,0
9,-107,4.241,63,856763,31,-14,-64,19811,157,-146,-15717,0,0,150,2062,-3669,2731,0,0,0,1,0
9,-107,4.296,64,856819,31,-14,-64,19811,157,-146,-15717,0,0,150,2062,-3669,2731,0,0,0,1,0
9,-107,4.353,65,856875,31,-14,-64,19811,157,-146,-15717,0,0,150,2062,-3669,2731,0,0,0,1,0
9,-107,4.409,66,856931,31,-14,-64,19811,157,-146,-15717,0,0,150,2062,-3669,2731,0,0,0,1,0
9,-107,4.465,67,856987,31,-14,-64,19811,157,-146,-15717,0,0,150,2062,-3669,2731,0,0,0,1,0
9,-107,4.52,68,857043,31,-14,-64,19811,157,-146,-15717,0,0,150,2062,-3669,2731,0,0,0,1,0
9,-107,4.575,69,857099,31,-14,-64,19811,157,-146,-15717,0,0,150,2062,-3669,2731,0,0,0,1,0
9,-107,4.639,70,857155,31,-14,-64,19811,157,-146,-15717,0,0,150,2062,-3669,2731,0,0,0,1,0
9,-107,4.689,71,857207,31,-14,-64,19811,157,-146,-15717,0,0,150,2062,-3669,2731,0,0,0,1,0
9,-107,4.742,72,857263,31,-14,-64,19811,157,-146,-15717,0,0,150,2062,-3669,2731,0,0,0,1,0
9,-107,4.799,73,857319,31,-14,-64,19811,157,-146,-15717,0,0,150,2062,-3669,2731,0,0,0,1,0
9,-107,4.857,74,857375,31,-14,-64,19811,157,-146,-15717,0,0,150,2062,-3669,2731,0,0,0,1,0
9,-107,4.91,75,857431,31,-14,-64,19811,157,-146,-15717,0,0,150,2062,-3669,2731,0,0,0,1,0
9,-107,4.966,76,857487,31,-14,-64,19811,157,-146,-15717,0,0,150,2062,-3669,2731,0,0,0,1,0
9,-107,5.053,77,857543,31,-14,-64,19811,157,-146,-15717,0,0,150,2062,-3669,2731,0,0,0,1,0
9,-107,5.088,78,857599,31,-14,-64,19811,157,-146,-15717,0,0,150,2062,-3669,2731,0,0,0,1,0
9,-107,5.137,79,857655,31,-14,-64,19811,157,-146,-15717,0,0,150,2062,-3669,2731,0,0,0,1,0
9,-107,5.189,80,857711,31,-14,-64,19811,157,-146,-15717,0,0,150,2062,-3669,2731,0,0,0,1,0
9,-107,5.245,81,857767,31,-14,-64,19811,157,-146,-15717,0,0,150,2062,-3669,2731,0,0,0,1,0
9,-107,5.302,82,857823,31,-14,-64,19811,157,-146,-15717,0,0,150,2062,-3669,2731,0,0,0,1,0
9,-107,5.358,83,857879,31,-14,-64,19811,157,-146,-15717,0,0,150,2062,-3669,2731,0,0,0,1,0
9,-107,5.414,84,857935,31,-14,-64,19811,157,-146,-15717,0,0,150,2062,-3669,2731,0,0,0,1,0
9,-107,5.469,85,857991,31,-14,-64,19811,157,-146,-15717,0,0,150,2062,-3669,2731,0,0,0,1,0
9,-107,5.526,86,858047,31,-14,-64,19811,157,-146,-15717,0,0,150,2062,-3669,2731,0,0,0,1,0
9,-107,5.581,87,858103,31,-14,-64,19811,157,-146,-15717,0,0,150,2062,-3669,2731,0,0,0,1,0
9,-107,5.64,88,858159,31,-14,-64,19811,157,-146,-15717,0,0,150,2062,-3669,2731,0,0,0,1,0
9,-107,5.7,89,858215,31,-14,-64,19811,157,-146,-15717,0,0,150,2062,-3669,2731,0,0,0,1,0
9,-107,5.746,90,858267,31,-14,-64,19811,157,-146,-15717,0,0,150,2062,-3669,2731,0,0,0,1,0
9,-107,5.8,91,858323,31,-14,-64,19811,157,-146,-15717,0,0,150,2062,-3669,2731,0,0,0,1,0
9,-107,5.887,92,858379,31,-14,-64,19811,157,-146,-15717,0,0,150,2062,-3669,2731,0,0,0,1,0
9,-107,5.913,93,858435,31,-14,-64,19811,157,-146,-15717,0,0,150,2062,-3669,2731,0,0,0,1,0
9,-107,5.971,94,858491,31,-14,-64,19811,157,-146,-15717,0,0,150,2062,-3669,2731,0,0,0,1,0
9,-107,6.024,95,858547,31,-14,-64,19811,157,-146,-15717,0,0,150,2062,-3669,2731,0,0,0,1,0
9,-107,6.081,96,858603,31,-14,-64,19811,157,-146,-15717,0,0,150,2062,-3669,2731,0,0,0,1,0
9,-107,6.138,97,858659,31,-14,-64,19811,157,-146,-15717,0,0,150,2062,-3669,2731,0,0,0,1,0
9,-107,6.196,98,858715,31,-14,-64,19811,157,-146,-15717,0,0,150,2062,-3669,2731,0,0,0,1,0
9,-107,6.252,99,858771,31,-14,-64,19811,157,-146,-15717,0,0,150,2062,-3669,2731,0,0,0,1,0
9,-107,6.309,100,858827,31,-14,-64,19811,157,-146,-15717,0,0,150,2062,-3669,2731,0,0,0,1,0
9,-107,6.363,101,858883,31,-14,-64,19811,157,-146,-15717,0,0,150,2062,-3669,2731,0,0,0,1,0
9,-107,6.424,102,858939,31,-14,-64,19811,157,-146,-15717,0,0,150,2062,-3669,2731,0,0,0,1,0
9,-107,6.474,103,858995,31,-14,-64,19811,157,-146,-15718,0,0,150,2062,-3669,2731,0,0,0,1,0
9,-107,6.54,104,859051,31,-14,-64,19811,157,-146,-15718,0,0,150,2062,-3669,2731,0,0,0,1,0
9,-107,6.591,105,859107,31,-14,-64,19811,157,-146,-15718,0,0,150,2062,-3669,2731,0,0,0,1,0
9,-107,6.651,106,859163,31,-14,-64,19811,157,-146,-15718,0,0,150,2062,-3669,2731,0,0,0,1,0
9,-107,6.698,107,859219,31,-14,-64,19811,157,-146,-15718,0,0,150,2062,-3669,2731,0,0,0,1,0
9,-107,6.762,108,859275,31,-14,-64,19811,157,-146,-15718,0,0,150,2062,-3669,2731,0,0,0,1,0
9,-107,6.805,109,859327,31,-14,-64,19811,157,-146,-15718,0,0,150,2062,-3669,2731,0,0,0,1,0
9,-107,6.87,110,859383,31,-14,-64,19811,157,-146,-15718,0,0,150,2062,-3669,2731,0,0,0,1,0
9,-107,6.917,111,859439,31,-14,-64,19811,157,-146,-15718,0,0,150,2062,-3669,2731,0,0,0,1,0
9,-107,6.972,112,859495,31,-14,-64,19811,157,-146,-15718,0,0,150,2062,-3669,2731,0,0,0,1,0
9,-107,7.029,113,859551,31,-14,-64,19811,157,-146,-15718,0,0,150,2062,-3669,2731,0,0,0,1,0
9,-107,7.085,114,859607,31,-14,-64,19811,157,-146,-15718,0,0,150,2062,-3669,2731,0,0,0,1,0
9,-107,7.141,115,859663,31,-14,-64,19811,157,-146,-15718,0,0,150,2062,-3669,2731,0,0,0,1,0
9,-107,7.196,116,859719,31,-14,-64,19811,157,-146,-15718,0,0,150,2062,-3669,2731,0,0,0,1,0
9,-107,7.255,117,859775,31,-14,-64,19811,157,-146,-15718,0,0,150,2062,-3669,2731,0,0,0,1,0
9,-107,7.311,118,859831,31,-14,-64,19811,157,-146,-15718,0,0,150,2062,-3669,2731,0,0,0,1,0
9,-107,7.391,119,859887,31,-14,-64,19811,157,-146,-15718,0,0,150,2062,-3669,2731,0,0,0,1,0
9,-107,7.433,120,859943,31,-14,-64,19811,157,-146,-15718,0,0,150,2062,-3669,2731,0,0,0,1,0
9,-107,7.479,121,859999,31,-14,-64,19811,157,-146,-15718,0,0,150,2062,-3669,2731,0,0,0,1,0
9,-107,7.534,122,860055,31,-14,-64,19811,157,-146,-15718,0,0,150,2062,-3669,2731,0,0,0,1,0
9,-107,7.588,123,860111,31,-14,-64,19811,157,-146,-15718,0,0,150,2062,-3669,2731,0,0,0,1,0
9,-107,7.646,124,860167,31,-14,-64,19811,157,-146,-15718,0,0,150,2062,-3669,2731,0,0,0,1,0
9,-107,7.705,125,860223,31,-14,-64,19811,157,-146,-15718,0,0,150,2062,-3669,2731,0,0,0,1,0
9,-107,7.765,126,860279,31,-14,-64,19811,157,-146,-15718,0,0,150,2062,-3669,2731,0,0,0,1,0
9,-107,7.82,127,860335,31,-14,-64,19811,157,-146,-15718,0,0,150,2062,-3669,2731,0,0,0,1,0
9,-107,7.867,0,860387,31,-14,-64,19811,157,-146,-15718,0,0,150,2062,-3669,2731,0,0,0,1,0
9,-107,7.925,1,860443,31,-14,-64,19811,157,-146,-15718,0,0,150,2062,-3669,2731,0,0,0,1,0
9,-107,7.988,2,860499,31,-14,-64,19811,157,-146,-15718,0,0,150,2062,-3669,2731,0,0,0,1,0
9,-107,8.038,3,860555,31,-14,-64,19811,157,-146,-15718,0,0,150,2062,-3669,2731,0,0,0,1,0
9,-107,8.089,4,860611,31,-14,-64,19811,157,-146,-15718,0,0,150,2062,-3669,2731,0,0,0,1,0
9,-107,8.153,5,860667,31,-14,-64,19811,157,-146,-15719,0,0,150,2062,-3669,2731,0,0,0,1,0
9,-107,8.201,6,860723,31,-14,-64,19811,157,-146,-15719,0,0,150,2062,-3669,2731,0,0,0,1,0
9,-107,8.265,7,860779,31,-14,-64,19811,157,-146,-15719,0,0,150,2062,-3669,2731,0,0,0,1,0
9,-107,8.313,8,860835,31,-14,-64,19811,157,-146,-15719,0,0,150,2062,-3669,2731,0,0,0,1,0
9,-107,8.369,9,860891,31,-14,-64,19811,157,-146,-15719,0,0,150,2062,-3669,2731,0,0,0,1,0
9,-107,8.426,10,860947,31,-14,-64,19811,157,-146,-15719,0,0,150,2062,-3669,2731,0,0,0,1,0
9,-107,8.48,11,861003,31,-14,-64,19811,157,-146,-15719,0,0,150,2062,-3669,2731,0,0,0,1,0
10,107,0.003,125,867363,31,-14,-64,19811,157,-146,-15719,0,0,150,2062,-3669,2731,0,0,0,1,0
10,107,0.05,126,867415,31,-14,-64,19811,157,-146,-15718,0,0,150,2063,-3669,2731,0,0,0,1,0
10,107,0.157,127,867487,31,-14,-64,19830,157,-146,-15718,-9,9,151,2066,-3672,2734,-700,800,0,1,0
10,107,0.194,0,867559,31,-13,-64,19966,157,-146,-15718,-41,23,151,2069,-3700,2750,-1500,1400,0,1,0
10,107,0.265,1,867631,31,-14,-64,20232,156,-144,-15467,-50,64,151,2072,-3736,2800,-2200,2200,0,1,0
10,107,0.338,2,867703,31,-14,-64,20833,156,-144,-15467,-105,114,151,2075,-3827,2903,-2700,2700,0,1,0
10,107,0.419,3,867776,31,-15,-64,21678,153,-138,-14451,-131,146,151,2078,-3958,3045,-3200,3100,0,1,0
10,107,0.488,4,867847,31,-15,-65,22718,146,-130,-12886,-172,163,151,2081,-4122,3217,-3600,3600,0,1,0
10,107,0.553,5,867919,31,-15,-65,23953,146,-130,-12886,-200,208,151,2084,-4316,3422,-3700,3800,0,1,0
10,107,0.625,6,867991,31,-15,-65,25272,135,-122,-10814,-210,204,151,2087,-4530,3634,-3300,3200,0,1,0
10,107,0.699,7,868063,31,-15,-64,26554,135,-122,-10814,-201,181,151,2090,-4744,3834,-2500,2600,0,1,0
10,107,0.77,8,868135,31,-15,-64,27575,119,-119,-8756,-137,146,151,2093,-4908,4000,-1900,2000,0,1,0
10,107,0.843,9,868207,31,-15,-64,28299,107,-120,-7363,-99,90,151,2096,-5025,4117,-1400,1500,0,1,0
10,107,0.912,10,868279,31,-15,-65,28813,107,-120,-7363,-73,82,151,2099,-5102,4206,-1400,1400,0,1,0
10,107,0.985,11,868351,31,-15,-65,29206,100,-123,-6534,-47,55,151,2102,-5163,4272,-1200,1300,0,1,0
10,107,1.06,12,868423,31,-15,-65,29612,95,-125,-5922,-55,64,151,2105,-5227,4339,-1200,1100,0,1,0
10,107,1.154,13,868495,31,-15,-65,29915,95,-125,-5922,-35,41,151,2108,-5275,4389,-700,600,0,1,0
10,107,1.226,14,868592,31,-15,-65,30182,91,-127,-5397,0,0,151,2113,-5319,4431,0,0,0,1,0
10,107,1.275,15,868643,31,-15,-65,30182,89,-128,-5221,0,0,151,2115,-5319,4431,0,0,0,1,0
10,107,1.358,16,868716,31,-15,-65,30182,89,-128,-5221,0,0,151,2118,-5319,4431,0,0,0,1,0
10,107,1.404,17,868771,31,-15,-65,30182,89,-128,-5219,0,0,151,2118,-5319,4431,0,0,0,1,0
10,107,1.459,18,868827,31,-15,-65,30182,89,-128,-5219,0,0,151,2118,-5319,4431,0,0,0,1,0
10,107,1.514,19,868883,31,-15,-65,30182,89,-128,-5219,0,0,151,2118,-5319,4431,0,0,0,1,0
10,107,1.571,20,868939,31,-15,-65,30182,89,-128,-5219,0,0,151,2118,-5319,4431,0,0,0,1,0
10,107,1.626,21,868995,31,-15,-65,30182,89,-128,-5219,0,0,151,2118,-5319,4431,0,0,0,1,0
10,107,1.684,22,869051,31,-15,-65,30182,89,-128,-5219,0,0,151,2118,-5319,4431,0,0,0,1,0
10,107,1.747,23,869107,31,-15,-65,30182,89,-128,-5219,0,0,151,2118,-5319,4431,0,0,0,1,0
10,107,1.793,24,869159,31,-15,-65,30182,89,-128,-5219,0,0,151,2118,-5319,4431,0,0,0,1,0
10,107,1.847,25,869215,31,-15,-65,30182,89,-128,-5219,0,0,151,2118,-5319,4431,0,0,0,1,0
10,107,1.902,26,869271,31,-15,-65,30182,89,-128,-5219,0,0,151,2118,-5319,4431,0,0,0,1,0
10,107,1.959,27,869327,31,-15,-65,30182,89,-128,-5219,0,0,151,2118,-5319,4431,0,0,0,1,0
10,107,2.015,28,869383,31,-15,-65,30182,89,-128,-5219,0,0,151,2118,-5319,4431,0,0,0,1,0
10,107,2.089,29,869439,31,-15,-65,30182,89,-128,-5219,0,0,151,2118,-5319,4431,0,0,0,1,0
10,107,2.126,30,869495,31,-15,-65,30182,89,-128,-5219,0,0,151,2118,-5319,4431,0,0,0,1,0
10,107,2.184,31,869551,31,-15,-65,30182,89,-128,-5219,0,0,151,2118,-5319,4431,0,0,0,1,0
10,107,2.241,32,869607,31,-15,-65,30182,89,-128,-5219,0,0,151,2118,-5319,4431,0,0,0,1,0
10,107,2.296,33,869663,31,-15,-65,30182,89,-128,-5219,0,0,151,2118,-5319,4431,0,0,0,1,0
10,107,2.405,34,869719,31,-15,-65,30182,89,-128,-5219,0,0,151,2118,-5319,4431,0,0,0,1,0
10,107,2.407,35,869775,31,-15,-65,30182,89,-128,-5219,0,0,151,2118,-5319,4431,0,0,0,1,0
10,107,2.463,36,869831,31,-15,-65,30182,89,-128,-5219,0,0,151,2118,-5319,4431,0,0,0,1,0
10,107,2.519,37,869887,31,-15,-65,30182,89,-128,-5219,0,0,151,2118,-5319,4431,0,0,0,1,0
10,107,2.577,38,869943,31,-15,-65,30182,89,-128,-5219,0,0,151,2118,-5319,4431,0,0,0,1,0
10,107,2.647,39,869999,31,-15,-65,30182,89,-128,-5219,0,0,151,2118,-5319,4431,0,0,0,1,0
10,107,2.697,40,870055,31,-15,-65,30182,89,-128,-5219,0,0,151,2118,-5319,4431,0,0,0,1,0
10,107,2.742,41,870111,31,-15,-65,30182,89,-128,-5219,0,0,151,2118,-5319,4431,0,0,0,1,0
10,107,2.811,42,870167,31,-15,-65,30182,89,-128,-5219,0,0,151,2118,-5319,4431,0,0,0,1,0
10,107,2.854,43,870219,31,-15,-65,30182,89,-128,-5219,0,0,151,2118,-5319,4431,0,0,0,1,0
10,107,2.912,44,870275,31,-15,-65,30182,89,-128,-5219,0,0,151,2118,-5319,4431,0,0,0,1,0
10,107,3.008,45,870331,31,-15,-65,30182,89,-128,-5219,0,0,151,2118,-5319,4431,0,0,0,1,0
10,107,3.024,46,870387,31,-15,-65,30182,89,-128,-5219,0,0,151,2118,-5319,4431,0,0,0,1,0
10,107,3.081,47,870443,31,-15,-65,30182,89,-128,-5219,0,0,151,2118,-5319,4431,0,0,0,1,0
10,107,3.133,48,870499,31,-15,-65,30182,89,-128,-5219,0,0,151,2118,-5319,4431,0,0,0,1,0
10,107,3.188,49,870555,31,-15,-65,30182,89,-128,-5219,0,0,151,2118,-5319,4431,0,0,0,1,0
10,107,3.246,50,870611,31,-15,-65,30182,89,-128,-5219,0,0,151,2118,-5319,4431,0,0,0,1,0
10,107,3.3,51,870667,31,-15,-65,30182,89,-128,-5219,0,0,151,2118,-5319,4431,0,0,0,1,0
10,107,3.358,52,870723,31,-15,-65,30182,89,-128,-5219,0,0,151,2118,-5319,4431,0,0,0,1,0
10,107,3.411,53,870779,31,-15,-65,30182,89,-128,-5219,0,0,151,2118,-5319,4431,0,0,0,1,0
10,107,3.479,54,870835,31,-15,-65,30182,89,-128,-5219,0,0,151,2118,-5319,4431,0,0,0,1,0
10,107,3.532,55,870891,31,-15,-65,30182,89,-128,-5220,0,0,151,2118,-5319,4431,0,0,0,1,0
10,107,3.584,56,870947,31,-15,-65,30182,89,-128,-5220,0,0,151,2118,-5319,4431,0,0,0,1,0
10,107,3.637,57,871003,31,-15,-65,30182,89,-128,-5220,0,0,151,2118,-5319,4431,0,0,0,1,0
10,107,3.694,58,871059,31,-15,-65,30182,89,-128,-5220,0,0,151,2118,-5319,4431,0,0,0,1,0
10,107,3.749,59,871115,31,-15,-65,30182,89,-128,-5220,0,0,151,2118,-5319,4431,0,0,0,1,0
10,107,3.804,60,871171,31,-15,-65,30182,89,-128,-5220,0,0,151,2118,-5319,4431,0,0,0,1,0
10,107,3.867,61,871227,31,-15,-65,30182,89,-128,-5220,0,0,151,2118,-5319,4431,0,0,0,1,0
10,107,3.911,62,871279,31,-15,-65,30182,89,-128,-5220,0,0,151,2118,-5319,4431,0,0,0,1,0
10,107,3.966,63,871335,31,-15,-65,30182,89,-128,-5220,0,0,151,2118,-5319,4431,0,0,0,1,0
10,107,4.023,64,871391,31,-15,-65,30182,89,-128,-5220,0,0,151,2118,-5319,4431,0,0,0,1,0
10,107,4.079,65,871447,31,-15,-65,30182,89,-128,-5220,0,0,151,2118,-5319,4431,0,0,0,1,0
10,107,4.14,66,871503,31,-15,-65,30182,89,-128,-5220,0,0,151,2118,-5319,4431,0,0,0,1,0
10,107,4.195,67,871559,31,-15,-65,30182,89,-128,-5220,0,0,151,2118,-5319,4431,0,0,0,1,0
10,107,4.248,68,871615,31,-15,-65,30182,89,-128,-5220,0,0,151,2118,-5319,4431,0,0,0,1,0
10,107,4.302,69,871671,31,-15,-65,30182,89,-128,-5220,0,0,151,2118,-5319,4431,0,0,0,1,0
10,107,4.358,70,871727,31,-15,-65,30182,89,-128,-5220,0,0,151,2118,-5319,4431,0,0,0,1,0
10,107,4.414,71,871783,31,-15,-65,30182,89,-128,-5220,0,0,151,2118,-5319,4431,0,0,0,1,0
10,107,4.474,72,871839,31,-15,-65,30182,89,-128,-5220,0,0,151,2118,-5319,4431,0,0,0,1,0
10,107,4.538,73,871895,31,-15,-65,30182,89,-128,-5220,0,0,151,2118,-5319,4431,0,0,0,1,0
10,107,4.584,74,871951,31,-15,-65,30182,89,-128,-5220,0,0,151,2118,-5319,4431,0,0,0,1,0
10,107,4.641,75,872007,31,-15,-65,30182,89,-128,-5220,0,0,151,2118,-5319,4431,0,0,0,1,0
10,107,4.695,76,872063,31,-15,-65,30182,89,-128,-5220,0,0,151,2118,-5319,4431,0,0,0,1,0
10,107,4.759,77,872119,31,-15,-65,30182,89,-128,-5220,0,0,151,2118,-5319,4431,0,0,0,1,0
10,107,4.81,78,872175,31,-15,-65,30182,89,-128,-5220,0,0,151,2118,-5319,4431,0,0,0,1,0
10,107,4.867,79,872231,31,-15,-65,30182,89,-128,-5220,0,0,151,2118,-5319,4431,0,0,0,1,0
10,107,4.931,80,872287,31,-15,-65,30182,89,-128,-5220,0,0,151,2118,-5319,4431,0,0,0,1,0
10,107,4.976,81,872339,31,-15,-65,30182,89,-128,-5220,0,0,151,2118,-5319,4431,0,0,0,1,0
10,107,5.027,82,872395,31,-15,-65,30182,89,-128,-5220,0,0,151,2118,-5319,4431,0,0,0,1,0
10,107,5.088,83,872451,31,-15,-65,30182,89,-128,-5220,0,0,151,2118,-5319,4431,0,0,0,1,0
10,107,5.141,84,872507,31,-15,-65,30182,89,-128,-5220,0,0,151,2118,-5319,4431,0,0,0,1,0
10,107,5.195,85,872563,31,-15,-65,30182,89,-128,-5220,0,0,151,2118,-5319,4431,0,0,0,1,0
10,107,5.26,86,872619,31,-15,-65,30182,89,-128,-5220,0,0,151,2118,-5319,4431,0,0,0,1,0
10,107,5.308,87,872675,31,-15,-65,30182,89,-128,-5220,0,0,151,2118,-5319,4431,0,0,0,1,0
10,107,5.365,88,872731,31,-15,-65,30182,89,-128,-5220,0,0,151,2118,-5319,4431,0,0,0,1,0
10,107,5.423,89,872787,31,-15,-65,30182,89,-128,-5220,0,0,151,2118,-5319,4431,0,0,0,1,0
10,107,5.482,90,872843,31,-15,-65,30182,89,-128,-5220,0,0,151,2118,-5319,4431,0,0,0,1,0
10,107,5.554,91,872899,31,-15,-65,30182,89,-128,-5220,0,0,151,2118,-5319,4431,0,0,0,1,0
10,107,5.591,92,872955,31,-15,-65,30182,89,-128,-5220,0,0,151,2118,-5319,4431,0,0,0,1,0
10,107,5.647,93,873011,31,-15,-65,30182,89,-128,-5220,0,0,151,2118,-5319,4431,0,0,0,1,0
10,107,5.71,94,873067,31,-15,-65,30182,89,-128,-5220,0,0,151,2118,-5319,4431,0,0,0,1,0
10,107,5.754,95,873123,31,-15,-65,30182,89,-128,-5220,0,0,151,2118,-5319,4431,0,0,0,1,0
10,107,5.811,96,873179,31,-15,-65,30182,89,-128,-5220,0,0,151,2118,-5319,4431,0,0,0,1,0
10,107,5.877,97,873235,31,-15,-65,30182,89,-128,-5220,0,0,151,2118,-5319,4431,0,0,0,1,0
10,107,5.922,98,873291,31,-15,-65,30182,89,-128,-5220,0,0,151,2118,-5319,4431,0,0,0,1,0
10,107,5.987,99,873347,31,-15,-65,30182,89,-128,-5220,0,0,151,2118,-5319,4431,0,0,0,1,0
10,107,6.034,100,873399,31,-15,-65,30182,89,-128,-5220,0,0,151,2118,-5319,4431,0,0,0,1,0
10,107,6.09,101,873455,31,-15,-65,30182,89,-128,-5220,0,0,151,2118,-5319,4431,0,0,0,1,0
10,107,6.146,102,873511,31,-15,-65,30182,89,-128,-5220,0,0,151,2118,-5319,4431,0,0,0,1,0
10,107,6.2,103,873567,31,-15,-65,30182,89,-128,-5220,0,0,151,2118,-5319,4431,0,0,0,1,0
10,107,6.267,104,873623,31,-15,-65,30182,89,-128,-5220,0,0,151,2118,-5319,4431,0,0,0,1,0
10,107,6.314,105,873679,31,-15,-65,30182,89,-128,-5220,0,0,151,2118,-5319,4431,0,0,0,1,0
10,107,6.371,106,873735,31,-15,-65,30182,89,-128,-5220,0,0,151,2118,-5319,4431,0,0,0,1,0
10,107,6.422,107,873791,31,-15,-65,30182,89,-128,-5220,0,0,151,2118,-5319,4431,0,0,0,1,0
10,107,6.482,108,873847,31,-15,-65,30182,89,-128,-5220,0,0,151,2118,-5319,4431,0,0,0,1,0
10,107,6.539,109,873903,31,-15,-65,30182,89,-128,-5220,0,0,151,2118,-5319,4431,0,0,0,1,0
10,107,6.593,110,873959,31,-15,-65,30182,89,-128,-5220,0,0,151,2118,-5319,4431,0,0,0,1,0
10,107,6.657,111,874015,31,-15,-65,30182,89,-128,-5220,0,0,151,2118,-5319,4431,0,0,0,1,0
10,107,6.71,112,874071,31,-15,-65,30182,89,-128,-5220,0,0,151,2118,-5319,4431,0,0,0,1,0
10,107,6.759,113,874127,31,-15,-65,30182,89,-128,-5220,0,0,151,2118,-5319,4431,0,0,0,1,0
10,107,6.814,114,874183,31,-15,-65,30182,89,-128,-5220,0,0,151,2118,-5319,4431,0,0,0,1,0
10,107,6.871,115,874239,31,-15,-65,30182,89,-128,-5220,0,0,151,2118,-5319,4431,0,0,0,1,0
10,107,6.928,116,874295,31,-15,-65,30182,89,-128,-5220,0,0,151,2118,-5319,4431,0,0,0,1,0
10,107,6.983,117,874351,31,-15,-65,30182,89,-128,-5220,0,0,151,2118,-5319,4431,0,0,0,1,0
10,107,7.047,118,874407,31,-15,-65,30182,89,-128,-5220,0,0,151,2118,-5319,4431,0,0,0,1,0
10,107,7.096,119,874459,31,-15,-65,30182,89,-128,-5220,0,0,151,2118,-5319,4431,0,0,0,1,0
10,107,7.146,120,874515,31,-15,-65,30182,89,-128,-5220,0,0,151,2118,-5319,4431,0,0,0,1,0
10,107,7.203,121,874571,31,-15,-65,30182,89,-128,-5220,0,0,151,2118,-5319,4431,0,0,0,1,0
10,107,7.259,122,874627,31,-15,-65,30182,89,-128,-5220,0,0,151,2118,-5319,4431,0,0,0,1,0
10,107,7.315,123,874683,31,-15,-65,30182,89,-128,-5220,0,0,151,2118,-5319,4431,0,0,0,1,0
10,107,7.372,124,874739,31,-15,-65,30182,89,-128,-5220,0,0,151,2118,-5319,4431,0,0,0,1,0
10,107,7.427,125,874795,31,-15,-65,30182,89,-128,-5220,0,0,151,2118,-5319,4431,0,0,0,1,0
10,107,7.482,126,874851,31,-15,-65,30182,89,-128,-5220,0,0,151,2118,-5319,4431,0,0,0,1,0
10,107,7.539,127,874907,31,-15,-65,30182,89,-128,-5220,0,0,151,2118,-5319,4431,0,0,0,1,0
10,107,7.595,0,874963,31,-15,-65,30182,89,-128,-5220,0,0,151,2118,-5319,4431,0,0,0,1,0
10,107,7.65,1,875019,31,-15,-65,30182,89,-128,-5220,0,0,151,2118,-5319,4431,0,0,0,1,0
10,107,7.707,2,875075,31,-15,-65,30182,89,-128,-5220,0,0,151,2118,-5319,4431,0,0,0,1,0
10,107,7.763,3,875131,31,-15,-65,30182,89,-128,-5220,0,0,151,2118,-5319,4431,0,0,0,1,0
10,107,7.82,4,875187,31,-15,-65,30182,89,-128,-5220,0,0,151,2118,-5319,4431,0,0,0,1,0
10,107,7.875,5,875243,31,-15,-65,30182,89,-128,-5220,0,0,151,2118,-5319,4431,0,0,0,1,0
10,107,7.944,6,875299,31,-15,-65,30182,89,-128,-5220,0,0,151,2118,-5319,4431,0,0,0,1,0
10,107,7.987,7,875355,31,-15,-65,30182,89,-128,-5220,0,0,151,2118,-5319,4431,0,0,0,1,0
10,107,8.043,8,875411,31,-15,-65,30182,89,-128,-5221,0,0,151,2118,-5319,4431,0,0,0,1,0
10,107,8.107,9,875467,31,-15,-65,30182,89,-128,-5221,0,0,151,2118,-5319,4431,0,0,0,1,0
10,107,8.151,10,875519,31,-15,-65,30182,89,-128,-5221,0,0,151,2118,-5319,4431,0,0,0,1,0
10,107,8.227,11,875575,31,-15,-65,30182,89,-128,-5221,0,0,151,2118,-5319,4431,0,0,0,1,0
10,107,8.264,12,875631,31,-15,-65,30182,89,-128,-5221,0,0,151,2118,-5319,4431,0,0,0,1,0
10,107,8.318,13,875687,31,-15,-65,30182,89,-128,-5221,0,0,151,2118,-5319,4431,0,0,0,1,0
10,107,8.374,14,875743,31,-15,-65,30182,89,-128,-5221,0,0,151,2118,-5319,4431,0,0,0,1,0
10,107,8.432,15,875799,31,-15,-65,30182,89,-128,-5221,0,0,151,2118,-5319,4431,0,0,0,1,0
10,107,8.49,16,875855,31,-15,-65,30182,89,-128,-5221,0,0,151,2118,-5319,4431,0,0,0,1,0
10,107,8.544,17,875911,31,-15,-65,30182,89,-128,-5221,0,0,151,2118,-5319,4431,0,0,0,1,0
10,107,8.599,18,875967,31,-15,-65,30182,89,-128,-5221,0,0,151,2118,-5319,4431,0,0,0,1,0
10,107,8.654,19,876023,31,-15,-65,30182,89,-128,-5221,0,0,151,2118,-5319,4431,0,0,0,1,0
10,107,8.711,20,876079,31,-15,-65,30182,89,-128,-5221,0,0,151,2118,-5319,4431,0,0,0,1,0
10,107,8.77,21,876135,31,-15,-65,30182,89,-128,-5221,0,0,151,2118,-5319,4431,0,0,0,1,0
10,107,8.854,22,876191,31,-15,-65,30182,89,-128,-5222,0,0,151,2118,-5319,4431,0,0,0,1,0
10,107,8.879,23,876247,31,-15,-65,30182,89,-128,-5222,0,0,151,2118,-5319,4431,0,0,0,1,0
10,107,8.935,24,876303,31,-15,-65,30182,89,-128,-5222,0,0,151,2118,-5319,4431,0,0,0,1,0
10,107,8.99,25,876359,31,-15,-65,30182,89,-128,-5222,0,0,151,2118,-5319,4431,0,0,0,1,0
10,107,9.047,26,876415,31,-15,-65,30182,89,-128,-5222,0,0,151,2118,-5319,4431,0,0,0,1,0
10,107,9.104,27,876471,31,-15,-65,30182,89,-128,-5222,0,0,151,2118,-5319,4431,0,0,0,1,0
10,107,9.169,28,876527,31,-15,-65,30182,89,-128,-5222,0,0,151,2118,-5319,4431,0,0,0,1,0
10,107,9.218,29,876579,31,-15,-65,30182,89,-128,-5222,0,0,151,2118,-5319,4431,0,0,0,1,0
10,107,9.267,30,876635,31,-15,-65,30182,89,-128,-5222,0,0,151,2118,-5319,4431,0,0,0,1,0
10,107,9.322,31,876691,31,-15,-65,30182,89,-128,-5222,0,0,151,2118,-5319,4431,0,0,0,1,0
10,107,9.378,32,876747,31,-15,-65,30182,89,-128,-5222,0,0,151,2118,-5319,4431,0,0,0,1,0
10,107,9.435,33,876803,31,-15,-65,30182,89,-128,-5222,0,0,151,2118,-5319,4431,0,0,0,1,0
10,107,9.492,34,876859,31,-15,-65,30182,89,-128,-5222,0,0,151,2118,-5319,4431,0,0,0,1,0
10,107,9.547,35,876915,31,-15,-65,30182,89,-128,-5222,0,0,151,2118,-5319,4431,0,0,0,1,0
10,107,9.604,36,876971,31,-15,-65,30182,89,-128,-5222,0,0,151,2118,-5319,4431,0,0,0,1,0
10,107,9.659,37,877027,31,-15,-65,30182,89,-128,-5222,0,0,151,2118,-5319,4431,0,0,0,1,0
10,107,9.714,38,877083,31,-15,-65,30182,89,-128,-5222,0,0,151,2118,-5319,4431,0,0,0,1,0
10,107,9.772,39,877139,31,-15,-65,30182,89,-128,-5222,0,0,151,2118,-5319,4431,0,0,0,1,0
10,107,9.827,40,877195,31,-15,-65,30182,89,-128,-5222,0,0,151,2118,-5319,4431,0,0,0,1,0
10,107,9.882,41,877251,31,-15,-65,30182,89,-128,-5222,0,0,151,2118,-5319,4431,0,0,0,1,0
10,107,9.939,42,877307,31,-15,-65,30182,89,-128,-5222,0,0,151,2118,-5319,4431,0,0,0,1,0
10,107,9.994,43,877363,31,-15,-65,30182,89,-128,-5222,0,0,151,2118,-5319,4431,0,0,0,1,0
10,107,10.061,44,877419,31,-15,-65,30182,89,-128,-5222,0,0,151,2118,-5319,4431,0,0,0,1,0
10,107,10.112,45,877475,31,-15,-65,30182,89,-128,-5222,0,0,151,2118,-5319,4431,0,0,0,1,0
10,107,10.163,46,877531,31,-15,-65,30182,89,-128,-5222,0,0,151,2118,-5319,4431,0,0,0,1,0
10,107,10.226,47,877587,31,-15,-65,30182,89,-128,-5222,0,0,151,2118,-5319,4431,0,0,0,1,0
10,107,10.271,48,877639,31,-15,-65,30182,89,-128,-5222,0,0,151,2118,-5319,4431,0,0,0,1,0
10,107,10.337,49,877695,31,-15,-65,30182,89,-128,-5222,0,0,151,2118,-5319,4431,0,0,0,1,0
11,-180,-0.014,14,882887,31,-15,-65,30182,89,-128,-5224,0,0,151,2118,-5319,4431,0,0,0,1,0
11,-180,0.042,15,882951,31,-15,-65,30182,89,-128,-5224,0,0,151,2119,-5319,4431,0,0,0,1,0
11,-180,0.116,16,883023,31,-14,-65,30157,89,-128,-5225,23,0,152,2122,-5311,4431,800,-800,0,1,0
11,-180,0.188,17,883095,31,-14,-65,30018,89,-128,-5225,32,-32,152,2125,-5286,4411,1500,-1400,0,1,0
11,-180,0.26,18,883167,31,-14,-66,29742,90,-128,-5302,55,-50,152,2128,-5236,4372,2300,-2300,0,1,0
11,-180,0.347,19,883239,31,-14,-66,29182,95,-126,-6081,105,-105,152,2131,-5141,4286,2700,-2700,0,1,0
11,-180,0.403,20,883311,31,-14,-67,28358,95,-126,-6081,152,-146,152,2134,-5000,4161,3200,-3100,0,1,0
11,-180,0.477,21,883383,31,-14,-67,27334,106,-124,-7483,178,-164,152,2137,-4830,4000,3500,-3500,0,1,0
11,-180,0.549,22,883455,31,-14,-67,26120,106,-124,-7483,219,-195,152,2140,-4627,3811,4000,-3900,0,1,0
11,-180,0.623,23,883527,31,-14,-67,24712,123,-123,-9370,219,-233,152,2143,-4402,3581,4400,-4400,0,1,0
11,-180,0.692,24,883599,31,-14,-67,23114,139,-127,-11678,243,-260,152,2146,-4147,3320,4400,-4400,0,1,0
11,-180,0.763,25,883671,31,-13,-67,21471,139,-127,-11678,251,-277,152,2149,-3886,3050,4400,-4400,0,1,0
11,-180,0.84,26,883743,31,-13,-67,19821,152,-138,-14390,242,-260,152,2152,-3625,2778,3800,-3800,0,1,0
11,-180,0.908,27,883815,31,-13,-67,18298,160,-153,-16918,234,-219,152,2155,-3383,2528,3200,-3000,0,1,0
11,-180,0.979,28,883887,31,-13,-67,17035,160,-153,-16918,187,-187,152,2158,-3183,2320,2700,-2500,0,1,0
11,-180,1.053,29,883959,31,-13,-67,16035,159,-167,17083,146,-146,152,2161,-3019,2161,2200,-2200,0,1,0
11,-180,1.123,30,884031,31,-13,-67,15227,156,-176,15737,122,-114,152,2164,-2883,2036,1900,-1800,0,1,0
11,-180,1.196,31,884103,31,-14,-66,14574,156,-176,15737,114,-91,152,2167,-2769,1939,1900,-1900,0,1,0
11,-180,1.314,32,884175,31,-14,-66,13979,151,-181,14758,90,-91,152,2170,-2669,1847,1500,-1600,0,1,0
11,-180,1.357,33,884248,31,-14,-66,13490,146,-185,13932,73,-73,152,2173,-2588,1770,1300,-1400,0,1,0
11,-180,1.39,34,884299,31,-14,-66,13215,146,-185,13932,69,-61,152,2174,-2541,1728,1200,-1300,0,1,0
11,-180,1.464,35,884371,31,-14,-66,12856,143,-188,13294,41,-50,152,2177,-2486,1667,700,-800,0,1,0
11,-180,1.536,36,884443,31,-14,-66,12682,143,-188,13294,32,-15,152,2180,-2452,1645,700,-800,0,1,0
11,-180,1.634,37,884515,31,-14,-66,12571,141,-189,13091,15,-26,152,2183,-2436,1625,900,-1100,0,1,0
11,-180,1.705,38,884604,31,-14,-66,12398,139,-190,12846,0,0,152,2188,-2405,1600,0,0,0,1,0
11,-180,1.75,39,884659,31,-14,-66,12398,139,-190,12846,0,0,152,2188,-2405,1600,0,0,0,1,0
11,-180,1.807,40,884715,31,-14,-66,12398,139,-190,12776,0,0,152,2188,-2405,1600,0,0,0,1,0
11,-180,1.882,41,884771,31,-14,-66,12398,139,-190,12776,0,0,152,2188,-2405,1600,0,0,0,1,0
11,-180,1.918,42,884827,31,-14,-66,12398,139,-190,12776,0,0,152,2188,-2405,1600,0,0,0,1,0
11,-180,1.975,43,884883,31,-14,-66,12398,139,-190,12776,0,0,152,2188,-2405,1600,0,0,0,1,0
11,-180,2.03,44,884939,31,-14,-66,12398,139,-190,12776,0,0,152,2188,-2405,1600,0,0,0,1,0
11,-180,2.086,45,884995,31,-14,-66,12398,139,-190,12776,0,0,152,2188,-2405,1600,0,0,0,1,0
11,-180,2.145,46,885051,31,-14,-66,12398,139,-190,12776,0,0,152,2188,-2405,1600,0,0,0,1,0
11,-180,2.199,47,885107,31,-14,-66,12398,139,-190,12776,0,0,152,2188,-2405,1600,0,0,0,1,0
11,-180,2.254,48,885163,31,-14,-66,12398,139,-190,12776,0,0,152,2188,-2405,1600,0,0,0,1,0
11,-180,2.311,49,885219,31,-14,-66,12398,139,-190,12776,0,0,152,2188,-2405,1600,0,0,0,1,0
11,-180,2.367,50,885275,31,-14,-66,12398,139,-190,12776,0,0,152,2188,-2405,1600,0,0,0,1,0
11,-180,2.43,51,885331,31,-14,-66,12398,139,-190,12776,0,0,152,2188,-2405,1600,0,0,0,1,0
11,-180,2.501,52,885387,31,-14,-66,12398,139,-190,12776,0,0,152,2188,-2405,1600,0,0,0,1,0
11,-180,2.534,53,885439,31,-14,-66,12398,139,-190,12776,0,0,152,2188,-2405,1600,0,0,0,1,0
11,-180,2.588,54,885495,31,-14,-66,12398,139,-190,12776,0,0,152,2188,-2405,1600,0,0,0,1,0
11,-180,2.645,55,885551,31,-14,-66,12398,139,-190,12776,0,0,152,2188,-2405,1600,0,0,0,1,0
11,-180,2.7,56,885607,31,-14,-66,12398,139,-190,12776,0,0,152,2188,-2405,1600,0,0,0,1,0
11,-180,2.754,57,885663,31,-14,-66,12398,139,-190,12776,0,0,152,2188,-2405,1600,0,0,0,1,0
11,-180,2.827,58,885719,31,-14,-66,12398,139,-190,12776,0,0,152,2188,-2405,1600,0,0,0,1,0
11,-180,2.867,59,885775,31,-14,-66,12398,139,-190,12776,0,0,152,2188,-2405,1600,0,0,0,1,0
11,-180,2.923,60,885831,31,-14,-66,12398,139,-190,12776,0,0,152,2188,-2405,1600,0,0,0,1,0
11,-180,2.98,61,885887,31,-14,-66,12398,139,-190,12776,0,0,152,2188,-2405,1600,0,0,0,1,0
11,-180,3.035,62,885943,31,-14,-66,12398,139,-190,12776,0,0,152,2188,-2405,1600,0,0,0,1,0
11,-180,3.102,63,885999,31,-14,-66,12398,139,-190,12776,0,0,152,2188,-2405,1600,0,0,0,1,0
11,-180,3.149,64,886055,31,-14,-66,12398,139,-190,12776,0,0,152,2188,-2405,1600,0,0,0,1,0
11,-180,3.202,65,886111,31,-14,-66,12398,139,-190,12776,0,0,152,2188,-2405,1600,0,0,0,1,0
11,-180,3.259,66,886167,31,-14,-66,12398,139,-190,12776,0,0,152,2188,-2405,1600,0,0,0,1,0
11,-180,3.315,67,886223,31,-14,-66,12398,139,-190,12776,0,0,152,2188,-2405,1600,0,0,0,1,0
11,-180,3.376,68,886279,31,-14,-66,12398,139,-190,12776,0,0,152,2188,-2405,1600,0,0,0,1,0
11,-180,3.427,69,886335,31,-14,-66,12398,139,-190,12776,0,0,152,2188,-2405,1600,0,0,0,1,0
11,-180,3.482,70,886391,31,-14,-66,12398,139,-190,12776,0,0,152,2188,-2405,1600,0,0,0,1,0
11,-180,3.547,71,886447,31,-14,-66,12398,139,-190,12776,0,0,152,2188,-2405,1600,0,0,0,1,0
11,-180,3.59,72,886499,31,-14,-66,12398,139,-190,12776,0,0,152,2188,-2405,1600,0,0,0,1,0
11,-180,3.645,73,886555,31,-14,-66,12398,139,-190,12776,0,0,152,2188,-2405,1600,0,0,0,1,0
11,-180,3.71,74,886611,31,-14,-66,12398,139,-190,12776,0,0,152,2188,-2405,1600,0,0,0,1,0
11,-180,3.758,75,886667,31,-14,-66,12398,139,-190,12776,0,0,152,2188,-2405,1600,0,0,0,1,0
11,-180,3.815,76,886723,31,-14,-66,12398,139,-190,12775,0,0,152,2188,-2405,1600,0,0,0,1,0
11,-180,3.87,77,886779,31,-14,-66,12398,139,-190,12775,0,0,152,2188,-2405,1600,0,0,0,1,0
11,-180,3.927,78,886835,31,-14,-66,12398,139,-190,12775,0,0,152,2188,-2405,1600,0,0,0,1,0
11,-180,3.984,79,886891,31,-14,-66,12398,139,-190,12775,0,0,152,2188,-2405,1600,0,0,0,1,0
11,-180,4.038,80,886947,31,-14,-66,12398,139,-190,12776,0,0,152,2188,-2405,1600,0,0,0,1,0
11,-180,4.094,81,887003,31,-14,-66,12398,139,-190,12776,0,0,152,2188,-2405,1600,0,0,0,1,0
11,-180,4.151,82,887059,31,-14,-66,12398,139,-190,12775,0,0,152,2188,-2405,1600,0,0,0,1,0
11,-180,4.208,83,887115,31,-14,-66,12398,139,-190,12775,0,0,152,2188,-2405,1600,0,0,0,1,0
11,-180,4.265,84,887171,31,-14,-66,12398,139,-190,12775,0,0,152,2188,-2405,1600,0,0,0,1,0
11,-180,4.322,85,887227,31,-14,-66,12398,139,-190,12775,0,0,152,2188,-2405,1600,0,0,0,1,0
11,-180,4.379,86,887283,31,-14,-66,12398,139,-190,12775,0,0,152,2188,-2405,1600,0,0,0,1,0
11,-180,4.43,87,887339,31,-14,-66,12398,139,-190,12775,0,0,152,2188,-2405,1600,0,0,0,1,0
11,-180,4.491,88,887395,31,-14,-66,12398,139,-190,12775,0,0,152,2188,-2405,1600,0,0,0,1,0
11,-180,4.544,89,887451,31,-14,-66,12398,139,-190,12775,0,0,152,2188,-2405,1600,0,0,0,1,0
11,-180,4.616,90,887507,31,-14,-66,12398,139,-190,12775,0,0,152,2188,-2405,1600,0,0,0,1,0
11,-180,4.65,91,887559,31,-14,-66,12398,139,-190,12775,0,0,152,2188,-2405,1600,0,0,0,1,0
11,-180,4.709,92,887615,31,-14,-66,12398,139,-190,12775,0,0,152,2188,-2405,1600,0,0,0,1,0
11,-180,4.768,93,887671,31,-14,-66,12398,139,-190,12775,0,0,152,2188,-2405,1600,0,0,0,1,0
11,-180,4.818,94,887727,31,-14,-66,12398,139,-190,12775,0,0,152,2188,-2405,1600,0,0,0,1,0
11,-180,4.883,95,887783,31,-14,-66,12398,139,-190,12775,0,0,152,2188,-2405,1600,0,0,0,1,0
11,-180,4.936,96,887839,31,-14,-66,12398,139,-190,12775,0,0,152,2188,-2405,1600,0,0,0,1,0
11,-180,4.987,97,887895,31,-14,-66,12398,139,-190,12775,0,0,152,2188,-2405,1600,0,0,0,1,0
11,-180,5.042,98,887951,31,-14,-66,12398,139,-190,12775,0,0,152,2188,-2405,1600,0,0,0,1,0
11,-180,5.099,99,888007,31,-14,-66,12398,139,-190,12775,0,0,152,2188,-2405,1600,0,0,0,1,0
11,-180,5.155,100,888063,31,-14,-66,12398,139,-190,12775,0,0,152,2188,-2405,1600,0,0,0,1,0
11,-180,5.213,101,888119,31,-14,-66,12398,139,-190,12775,0,0,152,2188,-2405,1600,0,0,0,1,0
11,-180,5.266,102,888175,31,-14,-66,12398,139,-190,12775,0,0,152,2188,-2405,1600,0,0,0,1,0
11,-180,5.322,103,888231,31,-14,-66,12398,139,-190,12775,0,0,152,2188,-2405,1600,0,0,0,1,0
11,-180,5.381,104,888287,31,-14,-66,12398,139,-190,12775,0,0,152,2188,-2405,1600,0,0,0,1,0
11,-180,5.435,105,888343,31,-14,-66,12398,139,-190,12775,0,0,152,2188,-2405,1600,0,0,0,1,0
11,-180,5.491,106,888399,31,-14,-66,12398,139,-190,12775,0,0,152,2188,-2405,1600,0,0,0,1,0
11,-180,5.559,107,888455,31,-14,-66,12398,139,-190,12775,0,0,152,2188,-2405,1600,0,0,0,1,0
11,-180,5.602,108,888511,31,-14,-66,12398,139,-190,12775,0,0,152,2188,-2405,1600,0,0,0,1,0
11,-180,5.666,109,888567,31,-14,-66,12398,139,-190,12775,0,0,152,2188,-2405,1600,0,0,0,1,0
11,-180,5.714,110,888619,31,-14,-66,12398,139,-190,12775,0,0,152,2188,-2405,1600,0,0,0,1,0
11,-180,5.766,111,888675,31,-14,-66,12398,139,-190,12775,0,0,152,2188,-2405,1600,0,0,0,1,0
11,-180,5.822,112,888731,31,-14,-66,12398,139,-190,12775,0,0,152,2188,-2405,1600,0,0,0,1,0
11,-180,5.878,113,888787,31,-14,-66,12398,139,-190,12774,0,0,152,2188,-2405,1600,0,0,0,1,0
11,-180,5.933,114,888843,31,-14,-66,12398,139,-190,12774,0,0,152,2188,-2405,1600,0,0,0,1,0
11,-180,5.99,115,888899,31,-14,-66,12398,139,-190,12774,0,0,152,2188,-2405,1600,0,0,0,1,0
11,-180,6.046,116,888955,31,-14,-66,12398,139,-190,12774,0,0,152,2188,-2405,1600,0,0,0,1,0
11,-180,6.102,117,889011,31,-14,-66,12398,139,-190,12774,0,0,152,2188,-2405,1600,0,0,0,1,0
11,-180,6.159,118,889067,31,-14,-66,12398,139,-190,12774,0,0,152,2188,-2405,1600,0,0,0,1,0
11,-180,6.213,119,889123,31,-14,-66,12398,139,-190,12774,0,0,152,2188,-2405,1600,0,0,0,1,0
11,-180,6.27,120,889179,31,-14,-66,12398,139,-190,12774,0,0,152,2188,-2405,1600,0,0,0,1,0
11,-180,6.325,121,889235,31,-14,-66,12398,139,-190,12774,0,0,152,2188,-2405,1600,0,0,0,1,0
11,-180,6.381,122,889291,31,-14,-66,12398,139,-190,12774,0,0,152,2188,-2405,1600,0,0,0,1,0
11,-180,6.438,123,889347,31,-14,-66,12398,139,-190,12774,0,0,152,2188,-2405,1600,0,0,0,1,0
11,-180,6.494,124,889403,31,-14,-66,12398,139,-190,12774,0,0,152,2188,-2405,1600,0,0,0,1,0
11,-180,6.55,125,889459,31,-14,-66,12398,139,-190,12774,0,0,152,2188,-2405,1600,0,0,0,1,0
11,-180,6.608,126,889515,31,-14,-66,12398,139,-190,12774,0,0,152,2188,-2405,1600,0,0,0,1,0
11,-180,6.664,127,889571,31,-14,-66,12398,139,-190,12774,0,0,152,2188,-2405,1600,0,0,0,1,0
11,-180,6.728,0,889627,31,-14,-66,12398,139,-190,12774,0,0,152,2188,-2405,1600,0,0,0,1,0
11,-180,6.769,1,889679,31,-14,-66,12398,139,-190,12774,0,0,152,2188,-2405,1600,0,0,0,1,0
11,-180,6.826,2,889735,31,-14,-66,12398,139,-190,12774,0,0,152,2188,-2405,1600,0,0,0,1,0
11,-180,6.881,3,889791,31,-14,-66,12398,139,-190,12774,0,0,152,2188,-2405,1600,0,0,0,1,0
11,-180,6.938,4,889847,31,-14,-66,12398,139,-190,12774,0,0,152,2188,-2405,1600,0,0,0,1,0
11,-180,6.994,5,889903,31,-14,-66,12398,139,-190,12774,0,0,152,2188,-2405,1600,0,0,0,1,0
11,-180,7.049,6,889959,31,-14,-66,12398,139,-190,12774,0,0,152,2188,-2405,1600,0,0,0,1,0
11,-180,7.113,7,890015,31,-14,-66,12398,139,-190,12775,0,0,152,2188,-2405,1600,0,0,0,1,0
11,-180,7.162,8,890071,31,-14,-66,12398,139,-190,12775,0,0,152,2188,-2405,1600,0,0,0,1,0
11,-180,7.217,9,890127,31,-14,-66,12398,139,-190,12774,0,0,152,2188,-2405,1600,0,0,0,1,0
11,-180,7.274,10,890183,31,-14,-66,12398,139,-190,12774,0,0,152,2188,-2405,1600,0,0,0,1,0
11,-180,7.33,11,890239,31,-14,-66,12398,139,-190,12774,0,0,152,2188,-2405,1600,0,0,0,1,0
11,-180,7.385,12,890295,31,-14,-66,12398,139,-190,12774,0,0,152,2188,-2405,1600,0,0,0,1,0
12,180,-0.032,82,894199,31,-14,-66,12398,139,-190,12772,0,0,152,2188,-2405,1600,0,0,0,1,0
12,180,0.042,83,894275,31,-14,-66,12398,139,-190,12772,0,0,152,2189,-2405,1600,0,0,0,1,0
12,180,0.115,84,894347,31,-14,-66,12398,139,-190,12772,-9,0,153,2192,-2405,1600,-800,800,0,1,0
12,180,0.186,85,894419,31,-14,-66,12518,139,-190,12772,-41,23,154,2195,-2433,1611,-1600,1400,0,1,0
12,180,0.259,86,894491,31,-14,-66,12837,141,-191,12947,-58,47,154,2198,-2486,1661,-2200,2200,0,1,0
12,180,0.33,87,894563,31,-14,-66,13441,141,-191,12947,-114,123,154,2201,-2583,1759,-2700,2700,0,1,0
12,180,0.472,88,894694,31,-21,-67,14292,152,-181,14794,0,0,154,2209,-2725,1892,0,0,0,2,0
12,180,0.511,89,894743,31,-21,-67,14292,152,-181,14794,0,0,154,2209,-2725,1892,0,0,0,2,0
12,180,0.565,90,894799,31,-21,-67,14292,152,-181,14794,0,0,154,2209,-2725,1892,0,0,0,2,0
12,180,0.622,91,894855,31,-21,-67,14292,151,-182,14709,0,0,154,2209,-2725,1892,0,0,0,2,0
12,180,0.681,92,894911,31,-21,-67,14292,151,-182,14709,0,0,154,2209,-2725,1892,0,0,0,2,0
12,180,0.734,93,894967,31,-21,-67,14292,151,-182,14709,0,0,154,2209,-2725,1892,0,0,0,2,0
12,180,0.79,94,895023,31,-21,-67,14292,151,-182,14709,0,0,154,2209,-2725,1892,0,0,0,2,0
12,180,0.854,95,895079,31,-21,-67,14292,151,-182,14709,0,0,154,2209,-2725,1892,0,0,0,2,0
12,180,0.898,96,895131,31,-21,-67,14292,151,-182,14709,0,0,154,2209,-2725,1892,0,0,0,2,0
12,180,0.955,97,895187,31,-21,-67,14292,151,-182,14709,0,0,154,2209,-2725,1892,0,0,0,2,0
12,180,1.009,98,895243,31,-21,-67,14292,151,-182,14709,0,0,154,2209,-2725,1892,0,0,0,2,0
12,180,1.066,99,895299,31,-21,-67,14292,151,-182,14709,0,0,154,2209,-2725,1892,0,0,0,2,0
12,180,1.125,100,895355,31,-21,-67,14292,151,-182,14709,0,0,154,2209,-2725,1892,0,0,0,2,0
12,180,1.177,101,895411,31,-21,-67,14292,151,-182,14709,0,0,154,2209,-2725,1892,0,0,0,2,0
12,180,1.234,102,895467,31,-21,-67,14292,151,-182,14709,0,0,154,2209,-2725,1892,0,0,0,2,0
12,180,1.297,103,895523,31,-21,-67,14292,151,-182,14709,0,0,154,2209,-2725,1892,0,0,0,2,0
12,180,1.346,104,895579,31,-21,-67,14292,151,-182,14709,0,0,154,2209,-2725,1892,0,0,0,2,0
12,180,1.405,105,895635,31,-21,-67,14292,151,-182,14709,0,0,154,2209,-2725,1892,0,0,0,2,0
12,180,1.457,106,895691,31,-21,-67,14292,151,-182,14709,0,0,154,2209,-2725,1892,0,0,0,2,0
12,180,1.514,107,895747,31,-21,-67,14292,151,-182,14709,0,0,154,2209,-2725,1892,0,0,0,2,0
12,180,1.569,108,895803,31,-21,-67,14292,151,-182,14709,0,0,154,2209,-2725,1892,0,0,0,2,0
12,180,1.625,109,895859,31,-21,-67,14292,151,-182,14709,0,0,154,2209,-2725,1892,0,0,0,2,0
12,180,1.682,110,895915,31,-21,-67,14292,151,-182,14709,0,0,154,2209,-2725,1892,0,0,0,2,0
12,180,1.74,111,895971,31,-21,-67,14292,151,-182,14709,0,0,154,2209,-2725,1892,0,0,0,2,0
12,180,1.793,112,896027,31,-21,-67,14292,151,-182,14709,0,0,154,2209,-2725,1892,0,0,0,2,0
12,180,1.851,113,896083,31,-21,-67,14292,151,-182,14709,0,0,154,2209,-2725,1892,0,0,0,2,0
12,180,1.961,114,896139,31,-21,-67,14292,151,-182,14709,0,0,154,2209,-2725,1892,0,0,0,2,0
12,180,1.961,115,896191,31,-21,-67,14292,151,-182,14709,0,0,154,2209,-2725,1892,0,0,0,2,0
12,180,2.013,116,896247,31,-21,-67,14292,151,-182,14709,0,0,154,2209,-2725,1892,0,0,0,2,0
12,180,2.07,117,896303,31,-21,-67,14292,151,-182,14709,0,0,154,2209,-2725,1892,0,0,0,2,0
12,180,2.126,118,896359,31,-21,-67,14292,151,-182,14709,0,0,154,2209,-2725,1892,0,0,0,2,0
12,180,2.182,119,896415,31,-21,-67,14292,151,-182,14709,0,0,154,2209,-2725,1892,0,0,0,2,0
12,180,2.239,120,896471,31,-21,-67,14292,151,-182,14709,0,0,154,2209,-2725,1892,0,0,0,2,0
12,180,2.293,121,896527,31,-21,-67,14292,151,-182,14709,0,0,154,2209,-2725,1892,0,0,0,2,0
12,180,2.351,122,896583,31,-21,-67,14292,151,-182,14709,0,0,154,2209,-2725,1892,0,0,0,2,0
12,180,2.408,123,896639,31,-21,-67,14292,151,-182,14709,0,0,154,2209,-2725,1892,0,0,0,2,0
12,180,2.464,124,896695,31,-21,-67,14292,151,-182,14709,0,0,154,2209,-2725,1892,0,0,0,2,0
12,180,2.547,125,896751,31,-21,-67,14292,151,-182,14709,0,0,154,2209,-2725,1892,0,0,0,2,0
12,180,2.573,126,896807,31,-21,-67,14292,151,-182,14709,0,0,154,2209,-2725,1892,0,0,0,2,0
12,180,2.629,127,896863,31,-21,-67,14292,151,-182,14709,0,0,154,2209,-2725,1892,0,0,0,2,0
12,180,2.686,0,896919,31,-21,-67,14292,151,-182,14709,0,0,154,2209,-2725,1892,0,0,0,2,0
12,180,2.742,1,896975,31,-21,-67,14292,151,-182,14709,0,0,154,2209,-2725,1892,0,0,0,2,0
12,180,2.798,2,897031,31,-21,-67,14292,151,-182,14709,0,0,154,2209,-2725,1892,0,0,0,2,0
12,180,2.9,3,897087,31,-21,-67,14292,151,-182,14709,0,0,154,2209,-2725,1892,0,0,0,2,0
12,180,2.91,4,897143,31,-21,-67,14292,151,-182,14709,0,0,154,2209,-2725,1892,0,0,0,2,0
12,180,2.974,5,897199,31,-21,-67,14292,151,-182,14709,0,0,154,2209,-2725,1892,0,0,0,2,0
12,180,3.018,6,897251,31,-21,-67,14292,151,-182,14709,0,0,154,2209,-2725,1892,0,0,0,2,0
12,180,3.073,7,897307,31,-21,-67,14292,151,-182,14709,0,0,154,2209,-2725,1892,0,0,0,2,0
12,180,3.136,8,897363,31,-21,-67,14292,151,-182,14709,0,0,154,2209,-2725,1892,0,0,0,2,0
12,180,3.185,9,897419,31,-21,-67,14292,151,-182,14709,0,0,154,2209,-2725,1892,0,0,0,2,0
12,180,3.242,10,897475,31,-21,-67,14292,151,-182,14709,0,0,154,2209,-2725,1892,0,0,0,2,0
12,180,3.298,11,897531,31,-21,-67,14292,151,-182,14709,0,0,154,2209,-2725,1892,0,0,0,2,0
12,180,3.353,12,897587,31,-21,-67,14292,151,-182,14709,0,0,154,2209,-2725,1892,0,0,0,2,0
12,180,3.41,13,897643,31,-21,-67,14292,151,-182,14709,0,0,154,2209,-2725,1892,0,0,0,2,0
12,180,3.465,14,897699,31,-21,-67,14292,151,-182,14709,0,0,154,2209,-2725,1892,0,0,0,2,0
12,180,3.521,15,897755,31,-21,-67,14292,151,-182,14709,0,0,154,2209,-2725,1892,0,0,0,2,0
12,180,3.578,16,897811,31,-21,-67,14292,151,-182,14709,0,0,154,2209,-2725,1892,0,0,0,2,0
12,180,3.633,17,897867,31,-21,-67,14292,151,-182,14708,0,0,154,2209,-2725,1892,0,0,0,2,0
12,180,3.69,18,897923,31,-21,-67,14292,151,-182,14708,0,0,154,2209,-2725,1892,0,0,0,2,0
12,180,3.755,19,897979,31,-21,-67,14292,151,-182,14708,0,0,154,2209,-2725,1892,0,0,0,2,0
12,180,3.802,20,898035,31,-21,-67,14292,151,-182,14708,0,0,154,2209,-2725,1892,0,0,0,2,0
12,180,3.858,21,898091,31,-21,-67,14292,151,-182,14709,0,0,154,2209,-2725,1892,0,0,0,2,0
12,180,3.914,22,898147,31,-21,-67,14292,151,-182,14709,0,0,154,2209,-2725,1892,0,0,0,2,0
12,180,3.97,23,898203,31,-21,-67,14292,151,-182,14708,0,0,154,2209,-2725,1892,0,0,0,2,0
12,180,4.034,24,898259,31,-21,-67,14292,151,-182,14708,0,0,154,2209,-2725,1892,0,0,0,2,0
12,180,4.078,25,898311,31,-21,-67,14292,151,-182,14708,0,0,154,2209,-2725,1892,0,0,0,2,0
12,180,4.136,26,898367,31,-21,-67,14292,151,-182,14708,0,0,154,2209,-2725,1892,0,0,0,2,0
12,180,4.189,27,898423,31,-21,-67,14292,151,-182,14708,0,0,154,2209,-2725,1892,0,0,0,2,0
12,180,4.246,28,898479,31,-21,-67,14292,151,-182,14708,0,0,154,2209,-2725,1892,0,0,0,2,0
12,180,4.301,29,898535,31,-21,-67,14292,151,-182,14708,0,0,154,2209,-2725,1892,0,0,0,2,0
12,180,4.367,30,898591,31,-21,-67,14292,151,-182,14708,0,0,154,2209,-2725,1892,0,0,0,2,0
12,180,4.414,31,898647,31,-21,-67,14292,151,-182,14708,0,0,154,2209,-2725,1892,0,0,0,2,0
12,180,4.469,32,898703,31,-21,-67,14292,151,-182,14708,0,0,154,2209,-2725,1892,0,0,0,2,0
12,180,4.525,33,898759,31,-21,-67,14292,151,-182,14708,0,0,154,2209,-2725,1892,0,0,0,2,0
12,180,4.582,34,898815,31,-21,-67,14292,151,-182,14708,0,0,154,2209,-2725,1892,0,0,0,2,0
12,180,4.638,35,898871,31,-21,-67,14292,151,-182,14708,0,0,154,2209,-2725,1892,0,0,0,2,0
12,180,4.693,36,898927,31,-21,-67,14292,151,-182,14708,0,0,154,2209,-2725,1892,0,0,0,2,0
