turn,commanded,t_rel,seq,now,flags,x,y,h,ox,oy,oh,vl,vr,i2cf,cyc,posl,posr,dutl,dutr,lexc,wrng,cycovr
1,90,-0.015,22,4745080,31,726,-562,167161,0,0,0,0,0,1131,12329,278701,370824,0,0,0,0,0
1,90,0.054,23,4745144,31,726,-562,167161,0,0,0,0,0,1131,12330,278701,370824,0,0,0,0,0
1,90,0.091,24,4745197,31,726,-562,167161,0,0,0,0,0,1132,12332,278701,370824,-300,600,0,0,0
1,90,0.142,25,4745251,31,725,-563,167240,0,0,0,0,29,1133,12334,278701,370844,-700,1000,0,0,0
1,90,0.209,26,4745317,31,724,-564,167435,0,0,0,0,75,1136,12337,278701,370894,-1100,1600,0,0,0
1,90,0.263,27,4745371,31,723,-566,167737,0,0,0,-39,108,1136,12339,278687,370957,-1600,2000,0,0,0
1,90,0.363,28,4745436,31,722,-567,168249,0,0,0,-65,154,1137,12342,278640,371041,-2300,2300,0,0,0
1,90,0.39,29,4745491,31,721,-570,169106,0,0,0,-118,154,1137,12344,278568,371188,-2600,2200,0,0,0
1,90,0.447,30,4745556,31,721,-571,170409,0,0,0,-173,219,1137,12347,278421,371374,-2900,2500,0,0,0
1,90,0.502,31,4745611,31,721,-572,171312,0,0,0,-183,209,1137,12349,278312,371496,-3000,2600,0,0,0
1,90,0.568,32,4745677,31,721,-572,172823,0,0,0,-199,219,1137,12352,278118,371688,-2400,1900,0,0,0
1,90,0.623,33,4745731,31,721,-571,173703,0,0,0,-183,190,1137,12354,278001,371796,-1900,1400,0,0,0
1,90,0.69,34,4745797,31,720,-571,174736,0,0,0,-147,127,1137,12357,277862,371921,-1200,900,0,0,0
1,90,0.746,35,4745852,31,720,-571,175244,0,0,0,-98,92,1137,12359,277799,371988,-800,600,0,0,0
1,90,0.83,36,4745940,31,720,-571,175757,0,0,0,0,0,1137,12364,277735,372055,0,0,0,0,0
1,90,0.89,37,4745991,31,720,-571,175757,0,0,0,0,0,1137,12364,277735,372055,0,0,0,0,0
1,90,0.933,38,4746043,31,720,-571,175757,0,0,0,0,0,1137,12364,277735,372055,0,0,0,0,0
1,90,0.989,39,4746099,31,720,-571,175757,0,0,0,0,0,1137,12364,277735,372055,0,0,0,0,0
1,90,1.047,40,4746155,31,720,-571,175757,0,0,0,0,0,1137,12364,277735,372055,0,0,0,0,0
1,90,1.104,41,4746211,31,720,-571,175757,0,0,0,0,0,1137,12364,277735,372055,0,0,0,0,0
1,90,1.164,42,4746267,31,720,-571,175757,0,0,0,0,0,1137,12364,277735,372055,0,0,0,0,0
1,90,1.214,43,4746323,31,720,-571,175757,0,0,0,0,0,1137,12364,277735,372055,0,0,0,0,0
1,90,1.286,44,4746379,31,720,-571,175757,0,0,0,0,0,1137,12364,277735,372055,0,0,0,0,0
1,90,1.332,45,4746435,31,720,-571,175757,0,0,0,0,0,1137,12364,277735,372055,0,0,0,0,0
1,90,1.384,46,4746491,31,720,-571,175757,0,0,0,0,0,1137,12364,277735,372055,0,0,0,0,0
1,90,1.442,47,4746547,31,720,-571,175757,0,0,0,0,0,1137,12364,277735,372055,0,0,0,0,0
1,90,1.493,48,4746603,31,720,-571,175757,0,0,0,0,0,1137,12364,277735,372055,0,0,0,0,0
1,90,1.549,49,4746659,31,720,-571,175757,0,0,0,0,0,1137,12364,277735,372055,0,0,0,0,0
1,90,1.605,50,4746715,31,720,-571,175757,0,0,0,0,0,1137,12364,277735,372055,0,0,0,0,0
1,90,1.666,51,4746771,31,720,-571,175757,0,0,0,0,0,1137,12364,277735,372055,0,0,0,0,0
1,90,1.722,52,4746827,31,720,-571,175757,0,0,0,0,0,1137,12364,277735,372055,0,0,0,0,0
1,90,1.779,53,4746883,31,720,-571,175757,0,0,0,0,0,1137,12364,277735,372055,0,0,0,0,0
1,90,1.83,54,4746939,31,720,-571,175757,0,0,0,0,0,1137,12364,277735,372055,0,0,0,0,0
1,90,1.89,55,4746995,31,720,-571,175757,0,0,0,0,0,1137,12364,277735,372055,0,0,0,0,0
1,90,1.949,56,4747051,31,720,-571,175757,0,0,0,0,0,1137,12364,277735,372055,0,0,0,0,0
1,90,1.994,57,4747103,31,720,-571,175757,0,0,0,0,0,1137,12364,277735,372055,0,0,0,0,0
1,90,2.049,58,4747159,31,720,-571,175757,0,0,0,0,0,1137,12364,277735,372055,0,0,0,0,0
1,90,2.105,59,4747215,31,720,-571,175757,0,0,0,0,0,1137,12364,277735,372055,0,0,0,0,0
1,90,2.161,60,4747271,31,720,-571,175757,0,0,0,0,0,1137,12364,277735,372055,0,0,0,0,0
1,90,2.217,61,4747327,31,720,-571,175757,0,0,0,0,0,1137,12364,277735,372055,0,0,0,0,0
1,90,2.274,62,4747383,31,720,-571,175757,0,0,0,0,0,1137,12364,277735,372055,0,0,0,0,0
1,90,2.336,63,4747439,31,720,-571,175757,0,0,0,0,0,1137,12364,277735,372055,0,0,0,0,0
1,90,2.392,64,4747495,31,720,-571,175757,0,0,0,0,0,1137,12364,277735,372055,0,0,0,0,0
1,90,2.445,65,4747551,31,720,-571,175757,0,0,0,0,0,1137,12364,277735,372055,0,0,0,0,0
1,90,2.502,66,4747607,31,720,-571,175757,0,0,0,0,0,1137,12364,277735,372055,0,0,0,0,0
1,90,2.556,67,4747663,31,720,-571,175757,0,0,0,0,0,1137,12364,277735,372055,0,0,0,0,0
1,90,2.614,68,4747719,31,720,-571,175757,0,0,0,0,0,1137,12364,277735,372055,0,0,0,0,0
1,90,2.665,69,4747775,31,720,-571,175757,0,0,0,0,0,1137,12364,277735,372055,0,0,0,0,0
1,90,2.722,70,4747831,31,720,-571,175757,0,0,0,0,0,1137,12364,277735,372055,0,0,0,0,0
1,90,2.779,71,4747887,31,720,-571,175757,0,0,0,0,0,1137,12364,277735,372055,0,0,0,0,0
1,90,2.833,72,4747943,31,720,-571,175757,0,0,0,0,0,1137,12364,277735,372055,0,0,0,0,0
1,90,2.891,73,4747999,31,720,-571,175757,0,0,0,0,0,1137,12364,277735,372055,0,0,0,0,0
1,90,2.948,74,4748055,31,720,-571,175757,0,0,0,0,0,1137,12364,277735,372055,0,0,0,0,0
1,90,3.008,75,4748111,31,720,-571,175757,0,0,0,0,0,1137,12364,277735,372055,0,0,0,0,0
1,90,3.053,76,4748163,31,720,-571,175757,0,0,0,0,0,1137,12364,277735,372055,0,0,0,0,0
1,90,3.111,77,4748219,31,720,-571,175757,0,0,0,0,0,1137,12364,277735,372055,0,0,0,0,0
1,90,3.166,78,4748275,31,720,-571,175757,0,0,0,0,0,1137,12364,277735,372055,0,0,0,0,0
1,90,3.221,79,4748331,31,720,-571,175757,0,0,0,0,0,1137,12364,277735,372055,0,0,0,0,0
1,90,3.278,80,4748387,31,720,-571,175757,0,0,0,0,0,1137,12364,277735,372055,0,0,0,0,0
1,90,3.334,81,4748443,31,720,-571,175757,0,0,0,0,0,1137,12364,277735,372055,0,0,0,0,0
1,90,3.391,82,4748499,31,720,-571,175757,0,0,0,0,0,1137,12364,277735,372055,0,0,0,0,0
1,90,3.446,83,4748555,31,720,-571,175757,0,0,0,0,0,1137,12364,277735,372055,0,0,0,0,0
1,90,3.503,84,4748611,31,720,-571,175757,0,0,0,0,0,1137,12364,277735,372055,0,0,0,0,0
1,90,3.557,85,4748667,31,720,-571,175757,0,0,0,0,0,1137,12364,277735,372055,0,0,0,0,0
1,90,3.613,86,4748723,31,720,-571,175757,0,0,0,0,0,1137,12364,277735,372055,0,0,0,0,0
1,90,3.672,87,4748779,31,720,-571,175757,0,0,0,0,0,1137,12364,277735,372055,0,0,0,0,0
1,90,3.732,88,4748835,31,720,-571,175757,0,0,0,0,0,1137,12364,277735,372055,0,0,0,0,0
1,90,3.783,89,4748891,31,720,-571,175757,0,0,0,0,0,1137,12364,277735,372055,0,0,0,0,0
1,90,3.837,90,4748947,31,720,-571,175757,0,0,0,0,0,1137,12364,277735,372055,0,0,0,0,0
1,90,3.894,91,4749003,31,720,-571,175757,0,0,0,0,0,1137,12364,277735,372055,0,0,0,0,0
1,90,3.949,92,4749059,31,720,-571,175757,0,0,0,0,0,1137,12364,277735,372055,0,0,0,0,0
1,90,4.004,93,4749115,31,720,-571,175757,0,0,0,0,0,1137,12364,277735,372055,0,0,0,0,0
1,90,4.073,94,4749171,31,720,-571,175757,0,0,0,0,0,1137,12364,277735,372055,0,0,0,0,0
1,90,4.114,95,4749223,31,720,-571,175757,0,0,0,0,0,1137,12364,277735,372055,0,0,0,0,0
1,90,4.17,96,4749279,31,720,-571,175757,0,0,0,0,0,1137,12364,277735,372055,0,0,0,0,0
1,90,4.238,97,4749335,31,720,-571,175757,0,0,0,0,0,1137,12364,277735,372055,0,0,0,0,0
2,-90,0.011,23,4752351,31,720,-571,175757,0,0,0,0,0,1137,12364,277735,372055,0,0,0,0,0
2,-90,0.082,24,4752417,31,720,-571,175757,0,0,0,0,0,1137,12366,277735,372055,0,-500,0,0,0
2,-90,0.122,25,4752471,31,720,-571,175702,0,0,0,0,-26,1137,12368,277735,372041,400,-900,0,0,0
2,-90,0.187,26,4752537,31,719,-570,175581,0,0,0,0,-56,1140,12371,277735,372010,1000,-1500,0,0,0
2,-90,0.243,27,4752591,31,718,-569,175409,0,0,0,0,-91,1142,12373,277735,371966,1400,-1900,0,0,0
2,-90,0.307,28,4752657,31,716,-566,174853,0,0,0,46,-137,1142,12376,277768,371857,2000,-2400,0,0,0
2,-90,0.366,29,4752711,31,715,-564,174290,0,0,0,88,-173,1142,12378,277812,371757,2500,-2700,0,0,0
2,-90,0.43,30,4752777,31,714,-563,173050,0,0,0,163,-204,1143,12381,277946,371574,3000,-3000,0,0,0
2,-90,0.486,31,4752831,31,714,-565,172365,0,0,0,183,-209,1144,12383,278057,371510,3100,-2600,0,0,0
2,-90,0.55,32,4752897,31,714,-561,170507,0,0,0,225,-219,1144,12386,278254,371232,2600,-1800,0,0,0
2,-90,0.602,33,4752951,31,714,-561,169618,0,0,0,183,-170,1144,12388,278368,371119,2100,-1500,0,0,0
2,-90,0.672,34,4753017,31,714,-562,168496,0,0,0,144,-147,1144,12391,278518,370982,1500,-1000,0,0,0
2,-90,0.725,35,4753071,31,714,-562,167956,0,0,0,108,-98,1144,12393,278590,370916,1000,-800,0,0,0
2,-90,0.863,36,4753200,31,713,-563,167158,0,0,0,0,0,1145,12400,278699,370821,0,0,0,0,0
2,-90,0.901,37,4753251,31,713,-563,167158,0,0,0,0,0,1145,12400,278699,370821,0,0,0,0,0
2,-90,0.959,38,4753307,31,713,-563,167158,0,0,0,0,0,1145,12400,278699,370821,0,0,0,0,0
2,-90,1.015,39,4753363,31,713,-563,167158,0,0,0,0,0,1145,12400,278699,370821,0,0,0,0,0
2,-90,1.068,40,4753419,31,713,-563,167158,0,0,0,0,0,1145,12400,278699,370821,0,0,0,0,0
2,-90,1.125,41,4753475,31,713,-563,167158,0,0,0,0,0,1145,12400,278699,370821,0,0,0,0,0
2,-90,1.194,42,4753531,31,713,-563,167158,0,0,0,0,0,1145,12400,278699,370821,0,0,0,0,0
2,-90,1.236,43,4753583,31,713,-563,167158,0,0,0,0,0,1145,12400,278699,370821,0,0,0,0,0
2,-90,1.296,44,4753639,31,713,-563,167158,0,0,0,0,0,1145,12400,278699,370821,0,0,0,0,0
2,-90,1.346,45,4753695,31,713,-563,167158,0,0,0,0,0,1145,12400,278699,370821,0,0,0,0,0
2,-90,1.404,46,4753751,31,713,-563,167158,0,0,0,0,0,1145,12400,278699,370821,0,0,0,0,0
2,-90,1.458,47,4753807,31,713,-563,167158,0,0,0,0,0,1145,12400,278699,370821,0,0,0,0,0
2,-90,1.514,48,4753863,31,713,-563,167158,0,0,0,0,0,1145,12400,278699,370821,0,0,0,0,0
2,-90,1.568,49,4753919,31,713,-563,167158,0,0,0,0,0,1145,12400,278699,370821,0,0,0,0,0
2,-90,1.624,50,4753975,31,713,-563,167158,0,0,0,0,0,1145,12400,278699,370821,0,0,0,0,0
2,-90,1.684,51,4754031,31,713,-563,167158,0,0,0,0,0,1145,12400,278699,370821,0,0,0,0,0
2,-90,1.743,52,4754087,31,713,-563,167158,0,0,0,0,0,1145,12400,278699,370821,0,0,0,0,0
2,-90,1.799,53,4754143,31,713,-563,167158,0,0,0,0,0,1145,12400,278699,370821,0,0,0,0,0
2,-90,1.851,54,4754199,31,713,-563,167158,0,0,0,0,0,1145,12400,278699,370821,0,0,0,0,0
2,-90,1.911,55,4754255,31,713,-563,167158,0,0,0,0,0,1145,12400,278699,370821,0,0,0,0,0
2,-90,1.961,56,4754311,31,713,-563,167158,0,0,0,0,0,1145,12400,278699,370821,0,0,0,0,0
2,-90,2.019,57,4754367,31,713,-563,167158,0,0,0,0,0,1145,12400,278699,370821,0,0,0,0,0
2,-90,2.074,58,4754423,31,713,-563,167158,0,0,0,0,0,1145,12400,278699,370821,0,0,0,0,0
2,-90,2.128,59,4754479,31,713,-563,167158,0,0,0,0,0,1145,12400,278699,370821,0,0,0,0,0
2,-90,2.185,60,4754535,31,713,-563,167158,0,0,0,0,0,1145,12400,278699,370821,0,0,0,0,0
2,-90,2.248,61,4754591,31,713,-563,167158,0,0,0,0,0,1145,12400,278699,370821,0,0,0,0,0
2,-90,2.294,62,4754643,31,713,-563,167158,0,0,0,0,0,1145,12400,278699,370821,0,0,0,0,0
2,-90,2.35,63,4754699,31,713,-563,167158,0,0,0,0,0,1145,12400,278699,370821,0,0,0,0,0
2,-90,2.41,64,4754755,31,713,-563,167158,0,0,0,0,0,1145,12400,278699,370821,0,0,0,0,0
2,-90,2.464,65,4754811,31,713,-563,167158,0,0,0,0,0,1145,12400,278699,370821,0,0,0,0,0
2,-90,2.517,66,4754867,31,713,-563,167158,0,0,0,0,0,1145,12400,278699,370821,0,0,0,0,0
2,-90,2.576,67,4754923,31,713,-563,167158,0,0,0,0,0,1145,12400,278699,370821,0,0,0,0,0
2,-90,2.629,68,4754979,31,713,-563,167158,0,0,0,0,0,1145,12400,278699,370821,0,0,0,0,0
2,-90,2.685,69,4755035,31,713,-563,167158,0,0,0,0,0,1145,12400,278699,370821,0,0,0,0,0
2,-90,2.74,70,4755091,31,713,-563,167158,0,0,0,0,0,1145,12400,278699,370821,0,0,0,0,0
2,-90,2.797,71,4755147,31,713,-563,167158,0,0,0,0,0,1145,12400,278699,370821,0,0,0,0,0
2,-90,2.854,72,4755203,31,713,-563,167158,0,0,0,0,0,1145,12400,278699,370821,0,0,0,0,0
2,-90,2.908,73,4755259,31,713,-563,167158,0,0,0,0,0,1145,12400,278699,370821,0,0,0,0,0
2,-90,2.965,74,4755315,31,713,-563,167158,0,0,0,0,0,1145,12400,278699,370821,0,0,0,0,0
2,-90,3.052,75,4755371,31,713,-563,167158,0,0,0,0,0,1145,12400,278699,370821,0,0,0,0,0
2,-90,3.08,76,4755427,31,713,-563,167158,0,0,0,0,0,1145,12400,278699,370821,0,0,0,0,0
2,-90,3.139,77,4755483,31,713,-563,167158,0,0,0,0,0,1145,12400,278699,370821,0,0,0,0,0
2,-90,3.191,78,4755539,31,713,-563,167158,0,0,0,0,0,1145,12400,278699,370821,0,0,0,0,0
2,-90,3.246,79,4755595,31,713,-563,167158,0,0,0,0,0,1145,12400,278699,370821,0,0,0,0,0
2,-90,3.322,80,4755651,31,713,-563,167158,0,0,0,0,0,1145,12400,278699,370821,0,0,0,0,0
2,-90,3.354,81,4755703,31,713,-563,167158,0,0,0,0,0,1145,12400,278699,370821,0,0,0,0,0
2,-90,3.414,82,4755759,31,713,-563,167158,0,0,0,0,0,1145,12400,278699,370821,0,0,0,0,0
2,-90,3.466,83,4755815,31,713,-563,167158,0,0,0,0,0,1145,12400,278699,370821,0,0,0,0,0
2,-90,3.522,84,4755871,31,713,-563,167158,0,0,0,0,0,1145,12400,278699,370821,0,0,0,0,0
2,-90,3.577,85,4755927,31,713,-563,167158,0,0,0,0,0,1145,12400,278699,370821,0,0,0,0,0
2,-90,3.64,86,4755983,31,713,-563,167158,0,0,0,0,0,1145,12400,278699,370821,0,0,0,0,0
2,-90,3.689,87,4756039,31,713,-563,167158,0,0,0,0,0,1145,12400,278699,370821,0,0,0,0,0
2,-90,3.755,88,4756095,31,713,-563,167158,0,0,0,0,0,1145,12400,278699,370821,0,0,0,0,0
2,-90,3.856,89,4756151,31,713,-563,167158,0,0,0,0,0,1145,12400,278699,370821,0,0,0,0,0
2,-90,3.856,90,4756207,31,713,-563,167158,0,0,0,0,0,1145,12400,278699,370821,0,0,0,0,0
2,-90,3.912,91,4756263,31,713,-563,167158,0,0,0,0,0,1145,12400,278699,370821,0,0,0,0,0
2,-90,3.968,92,4756319,31,713,-563,167158,0,0,0,0,0,1145,12400,278699,370821,0,0,0,0,0
2,-90,4.025,93,4756375,31,713,-563,167158,0,0,0,0,0,1145,12400,278699,370821,0,0,0,0,0
2,-90,4.083,94,4756431,31,713,-563,167158,0,0,0,0,0,1145,12400,278699,370821,0,0,0,0,0
3,180,-0.024,30,4760000,31,713,-563,167158,0,0,0,0,0,1145,12400,278699,370821,0,0,0,0,0
3,180,0.056,31,4760056,31,713,-563,167158,0,0,0,0,0,1145,12400,278699,370821,0,0,0,0,0
3,180,0.079,32,4760107,31,713,-563,167158,0,0,0,0,0,1145,12402,278699,370821,0,500,0,0,0
3,180,0.14,33,4760173,31,713,-563,167236,0,0,0,0,29,1146,12405,278699,370841,-700,1000,0,0,0
3,180,0.19,34,4760227,31,712,-564,167322,0,0,0,-3,46,1147,12407,278696,370860,-1000,1500,0,0,0
3,180,0.261,35,4760293,31,711,-565,167690,0,0,0,-16,90,1148,12410,278674,370932,-1900,2100,0,0,0
3,180,0.317,36,4760347,31,710,-567,168140,0,0,0,-56,137,1148,12412,278640,371013,-2200,2200,0,0,0
3,180,0.387,37,4760413,31,710,-569,169106,0,0,0,-127,173,1148,12415,278540,371160,-2600,2500,0,0,0
3,180,0.431,38,4760467,31,710,-569,169920,0,0,0,-154,180,1148,12417,278443,371271,-2800,2700,0,0,0
3,180,0.5,39,4760533,31,709,-568,171086,0,0,0,-183,219,1149,12420,278279,371405,-3100,2800,0,0,0
3,180,0.551,40,4760587,31,710,-571,172396,0,0,0,-206,235,1149,12422,278149,371610,-3000,2300,0,0,0
3,180,0.621,41,4760653,31,710,-571,173910,0,0,0,-219,199,1149,12425,277951,371799,-2800,2200,0,0,0
3,180,0.679,42,4760707,31,709,-570,174877,0,0,0,-216,193,1149,12427,277824,371919,-2600,2100,0,0,0
3,180,0.737,43,4760773,31,709,-570,176234,0,0,0,-190,183,1149,12430,277646,372088,-2500,2000,0,0,0
3,180,0.79,44,4760827,31,709,-570,177060,0,0,0,-170,183,1149,12432,277535,372188,-2600,2100,0,0,0
3,180,0.857,45,4760893,31,709,-570,178308,0,0,0,-179,189,1149,12435,277374,372346,-2700,2200,0,0,0
3,180,0.927,46,4760948,31,708,-570,179192,0,0,0,-190,183,1149,12437,277257,372455,-2700,2300,0,0,0
3,180,0.983,47,4761012,31,709,-570,180561,0,0,0,-180,203,1149,12440,277085,372633,-2600,2300,0,0,0
3,180,1.033,48,4761067,31,709,-570,181473,0,0,0,-183,199,1149,12442,276968,372749,-2200,1900,0,0,0
3,180,1.096,49,4761133,31,708,-570,182678,0,0,0,-170,163,1149,12445,276810,372899,-1700,1300,0,0,0
3,180,1.151,50,4761187,31,708,-570,183323,0,0,0,-118,127,1149,12447,276729,372983,-1200,900,0,0,0
3,180,1.216,51,4761253,31,708,-570,184035,0,0,0,-88,82,1149,12450,276635,373071,-700,500,0,0,0
3,180,1.273,52,4761307,31,708,-570,184352,0,0,0,-52,62,1149,12452,276596,373113,-500,400,0,0,0
3,180,1.397,53,4761420,31,709,-569,184626,0,0,0,0,0,1149,12458,276568,373155,0,0,0,0,0
3,180,1.442,54,4761475,31,709,-569,184626,0,0,0,0,0,1149,12458,276568,373155,0,0,0,0,0
3,180,1.494,55,4761531,31,709,-569,184626,0,0,0,0,0,1149,12458,276568,373155,0,0,0,0,0
3,180,1.55,56,4761587,31,709,-569,184626,0,0,0,0,0,1149,12458,276568,373155,0,0,0,0,0
3,180,1.618,57,4761643,31,709,-569,184626,0,0,0,0,0,1149,12458,276568,373155,0,0,0,0,0
3,180,1.668,58,4761699,31,709,-569,184626,0,0,0,0,0,1149,12458,276568,373155,0,0,0,0,0
3,180,1.722,59,4761755,31,709,-569,184626,0,0,0,0,0,1149,12458,276568,373155,0,0,0,0,0
3,180,1.792,60,4761811,31,709,-569,184626,0,0,0,0,0,1149,12458,276568,373155,0,0,0,0,0
3,180,1.833,61,4761867,31,709,-569,184626,0,0,0,0,0,1149,12458,276568,373155,0,0,0,0,0
3,180,1.896,62,4761923,31,709,-569,184626,0,0,0,0,0,1149,12458,276568,373155,0,0,0,0,0
3,180,1.941,63,4761979,31,709,-569,184626,0,0,0,0,0,1149,12458,276568,373155,0,0,0,0,0
3,180,2.009,64,4762035,31,709,-569,184626,0,0,0,0,0,1149,12458,276568,373155,0,0,0,0,0
3,180,2.057,65,4762091,31,709,-569,184626,0,0,0,0,0,1149,12458,276568,373155,0,0,0,0,0
3,180,2.128,66,4762147,31,709,-569,184626,0,0,0,0,0,1149,12458,276568,373155,0,0,0,0,0
3,180,2.17,67,4762199,31,709,-569,184626,0,0,0,0,0,1149,12458,276568,373155,0,0,0,0,0
3,180,2.218,68,4762255,31,709,-569,184626,0,0,0,0,0,1149,12458,276568,373155,0,0,0,0,0
3,180,2.279,69,4762311,31,709,-569,184626,0,0,0,0,0,1149,12458,276568,373155,0,0,0,0,0
3,180,2.33,70,4762367,31,709,-569,184626,0,0,0,0,0,1149,12458,276568,373155,0,0,0,0,0
3,180,2.387,71,4762423,31,709,-569,184626,0,0,0,0,0,1149,12458,276568,373155,0,0,0,0,0
3,180,2.448,72,4762479,31,709,-569,184626,0,0,0,0,0,1149,12458,276568,373155,0,0,0,0,0
3,180,2.5,73,4762535,31,709,-569,184626,0,0,0,0,0,1149,12458,276568,373155,0,0,0,0,0
3,180,2.554,74,4762591,31,709,-569,184626,0,0,0,0,0,1149,12458,276568,373155,0,0,0,0,0
3,180,2.612,75,4762647,31,709,-569,184626,0,0,0,0,0,1149,12458,276568,373155,0,0,0,0,0
3,180,2.671,76,4762703,31,709,-569,184626,0,0,0,0,0,1149,12458,276568,373155,0,0,0,0,0
3,180,2.726,77,4762759,31,709,-569,184626,0,0,0,0,0,1149,12458,276568,373155,0,0,0,0,0
3,180,2.778,78,4762815,31,709,-569,184626,0,0,0,0,0,1149,12458,276568,373155,0,0,0,0,0
3,180,2.837,79,4762871,31,709,-569,184626,0,0,0,0,0,1149,12458,276568,373155,0,0,0,0,0
3,180,2.892,80,4762927,31,709,-569,184626,0,0,0,0,0,1149,12458,276568,373155,0,0,0,0,0
3,180,2.947,81,4762983,31,709,-569,184626,0,0,0,0,0,1149,12458,276568,373155,0,0,0,0,0
3,180,3.001,82,4763039,31,709,-569,184626,0,0,0,0,0,1149,12458,276568,373155,0,0,0,0,0
3,180,3.057,83,4763095,31,709,-569,184626,0,0,0,0,0,1149,12458,276568,373155,0,0,0,0,0
3,180,3.114,84,4763151,31,709,-569,184626,0,0,0,0,0,1149,12458,276568,373155,0,0,0,0,0
3,180,3.179,85,4763207,31,709,-569,184626,0,0,0,0,0,1149,12458,276568,373155,0,0,0,0,0
3,180,3.227,86,4763259,31,709,-569,184626,0,0,0,0,0,1149,12458,276568,373155,0,0,0,0,0
3,180,3.279,87,4763315,31,709,-569,184626,0,0,0,0,0,1149,12458,276568,373155,0,0,0,0,0
3,180,3.337,88,4763371,31,709,-569,184626,0,0,0,0,0,1149,12458,276568,373155,0,0,0,0,0
3,180,3.391,89,4763427,31,709,-569,184626,0,0,0,0,0,1149,12458,276568,373155,0,0,0,0,0
3,180,3.447,90,4763483,31,709,-569,184626,0,0,0,0,0,1149,12458,276568,373155,0,0,0,0,0
3,180,3.503,91,4763539,31,709,-569,184626,0,0,0,0,0,1149,12458,276568,373155,0,0,0,0,0
3,180,3.56,92,4763595,31,709,-569,184626,0,0,0,0,0,1149,12458,276568,373155,0,0,0,0,0
3,180,3.616,93,4763651,31,709,-569,184626,0,0,0,0,0,1149,12458,276568,373155,0,0,0,0,0
3,180,3.671,94,4763707,31,709,-569,184626,0,0,0,0,0,1149,12458,276568,373155,0,0,0,0,0
3,180,3.73,95,4763763,31,709,-569,184626,0,0,0,0,0,1149,12458,276568,373155,0,0,0,0,0
3,180,3.782,96,4763819,31,709,-569,184626,0,0,0,0,0,1149,12458,276568,373155,0,0,0,0,0
3,180,3.841,97,4763875,31,709,-569,184626,0,0,0,0,0,1149,12458,276568,373155,0,0,0,0,0
3,180,3.902,98,4763931,31,709,-569,184626,0,0,0,0,0,1149,12458,276568,373155,0,0,0,0,0
3,180,3.951,99,4763987,31,709,-569,184626,0,0,0,0,0,1149,12458,276568,373155,0,0,0,0,0
3,180,4.006,100,4764043,31,709,-569,184626,0,0,0,0,0,1149,12458,276568,373155,0,0,0,0,0
3,180,4.063,101,4764099,31,709,-569,184626,0,0,0,0,0,1149,12458,276568,373155,0,0,0,0,0
3,180,4.121,102,4764155,31,709,-569,184626,0,0,0,0,0,1149,12458,276568,373155,0,0,0,0,0
3,180,4.174,103,4764211,31,709,-569,184626,0,0,0,0,0,1149,12458,276568,373155,0,0,0,0,0
3,180,4.237,104,4764267,31,709,-569,184626,0,0,0,0,0,1149,12458,276568,373155,0,0,0,0,0
3,180,4.284,105,4764319,31,709,-569,184626,0,0,0,0,0,1149,12458,276568,373155,0,0,0,0,0
3,180,4.338,106,4764375,31,709,-569,184626,0,0,0,0,0,1149,12458,276568,373155,0,0,0,0,0
3,180,4.394,107,4764431,31,709,-569,184626,0,0,0,0,0,1149,12458,276568,373155,0,0,0,0,0
3,180,4.45,108,4764487,31,709,-569,184626,0,0,0,0,0,1149,12458,276568,373155,0,0,0,0,0
3,180,4.51,109,4764543,31,709,-569,184626,0,0,0,0,0,1149,12458,276568,373155,0,0,0,0,0
3,180,4.566,110,4764599,31,709,-569,184626,0,0,0,0,0,1149,12458,276568,373155,0,0,0,0,0
3,180,4.619,111,4764655,31,709,-569,184626,0,0,0,0,0,1149,12458,276568,373155,0,0,0,0,0
3,180,4.674,112,4764711,31,709,-569,184626,0,0,0,0,0,1149,12458,276568,373155,0,0,0,0,0
3,180,4.73,113,4764767,31,709,-569,184626,0,0,0,0,0,1149,12458,276568,373155,0,0,0,0,0
3,180,4.787,114,4764823,31,709,-569,184626,0,0,0,0,0,1149,12458,276568,373155,0,0,0,0,0
3,180,4.841,115,4764879,31,709,-569,184626,0,0,0,0,0,1149,12458,276568,373155,0,0,0,0,0
3,180,4.898,116,4764935,31,709,-569,184626,0,0,0,0,0,1149,12458,276568,373155,0,0,0,0,0
3,180,4.954,117,4764991,31,709,-569,184626,0,0,0,0,0,1149,12458,276568,373155,0,0,0,0,0
3,180,5.017,118,4765047,31,709,-569,184626,0,0,0,0,0,1149,12458,276568,373155,0,0,0,0,0
3,180,5.068,119,4765103,31,709,-569,184626,0,0,0,0,0,1149,12458,276568,373155,0,0,0,0,0
3,180,5.125,120,4765159,31,709,-569,184626,0,0,0,0,0,1149,12458,276568,373155,0,0,0,0,0
3,180,5.185,121,4765215,31,709,-569,184626,0,0,0,0,0,1149,12458,276568,373155,0,0,0,0,0
3,180,5.234,122,4765271,31,709,-569,184626,0,0,0,0,0,1149,12458,276568,373155,0,0,0,0,0
3,180,5.299,123,4765327,31,709,-569,184626,0,0,0,0,0,1149,12458,276568,373155,0,0,0,0,0
3,180,5.342,124,4765379,31,709,-569,184626,0,0,0,0,0,1149,12458,276568,373155,0,0,0,0,0
3,180,5.398,125,4765435,31,709,-569,184626,0,0,0,0,0,1149,12458,276568,373155,0,0,0,0,0
3,180,5.454,126,4765491,31,709,-569,184626,0,0,0,0,0,1149,12458,276568,373155,0,0,0,0,0
3,180,5.509,127,4765547,31,709,-569,184626,0,0,0,0,0,1149,12458,276568,373155,0,0,0,0,0
3,180,5.566,0,4765603,31,709,-569,184626,0,0,0,0,0,1149,12458,276568,373155,0,0,0,0,0
3,180,5.622,1,4765659,31,709,-569,184626,0,0,0,0,0,1149,12458,276568,373155,0,0,0,0,0
3,180,5.679,2,4765715,31,709,-569,184626,0,0,0,0,0,1149,12458,276568,373155,0,0,0,0,0
3,180,5.735,3,4765771,31,709,-569,184626,0,0,0,0,0,1149,12458,276568,373155,0,0,0,0,0
4,-180,-0.001,59,4768895,31,709,-569,184626,0,0,0,0,0,1149,12458,276568,373155,0,0,0,0,0
4,-180,0.051,60,4768947,31,709,-569,184626,0,0,0,0,0,1149,12459,276568,373155,0,0,0,0,0
4,-180,0.109,61,4769013,31,708,-570,184583,0,0,0,0,-18,1150,12462,276568,373144,400,-900,0,0,0
4,-180,0.164,62,4769067,31,708,-570,184493,0,0,0,0,-38,1152,12464,276568,373121,800,-1200,0,0,0
4,-180,0.23,63,4769133,31,708,-570,184301,0,0,0,36,-52,1153,12467,276590,373094,1500,-1800,0,0,0
4,-180,0.284,64,4769187,31,706,-572,183863,0,0,0,56,-111,1153,12469,276618,373010,2000,-2000,0,0,0
4,-180,0.353,65,4769253,31,705,-573,183006,0,0,0,124,-157,1153,12472,276712,372885,2500,-2400,0,0,0
4,-180,0.41,66,4769307,31,706,-572,182463,0,0,0,144,-163,1154,12474,276801,372835,2700,-2500,0,0,0
4,-180,0.468,67,4769372,31,704,-573,180886,0,0,0,183,-209,1154,12477,276968,372599,3000,-2500,0,0,0
4,-180,0.525,68,4769427,31,704,-573,179920,0,0,0,189,-229,1154,12479,277090,372474,2900,-2400,0,0,0
4,-180,0.606,69,4769492,31,704,-573,178429,0,0,0,209,-209,1154,12482,277282,372285,2800,-2300,0,0,0
4,-180,0.643,70,4769547,31,704,-573,177494,0,0,0,190,-183,1154,12484,277407,372171,2700,-2200,0,0,0
4,-180,0.717,71,4769612,31,704,-573,176093,0,0,0,183,-209,1154,12487,277585,371991,2600,-2200,0,0,0
4,-180,0.768,72,4769667,31,704,-573,175213,0,0,0,185,-179,1154,12489,277701,371882,2700,-2300,0,0,0
4,-180,0.833,73,4769732,31,704,-573,173887,0,0,0,183,-183,1154,12492,277868,371710,2700,-2200,0,0,0
4,-180,0.884,74,4769787,31,704,-573,172987,0,0,0,199,-183,1154,12494,277987,371599,2700,-2200,0,0,0
4,-180,0.953,75,4769853,31,704,-573,171586,0,0,0,199,-216,1154,12497,278162,371416,2600,-2200,0,0,0
4,-180,1.005,76,4769907,31,705,-573,170690,0,0,0,183,-191,1155,12499,278274,371299,2600,-2100,0,0,0
4,-180,1.078,77,4769973,31,705,-573,169431,0,0,0,163,-154,1155,12502,278435,371138,1800,-1400,0,0,0
4,-180,1.144,78,4770027,31,705,-573,168726,0,0,0,154,-147,1155,12504,278526,371049,1600,-1100,0,0,0
4,-180,1.192,79,4770093,31,704,-573,167881,0,0,0,118,-98,1155,12507,278637,370944,1000,-700,0,0,0
4,-180,1.246,80,4770147,31,704,-573,167506,0,0,0,75,-82,1155,12509,278685,370896,700,-500,0,0,0
4,-180,1.333,81,4770236,31,705,-573,167150,0,0,0,0,0,1156,12514,278729,370849,0,0,0,0,0
4,-180,1.387,82,4770291,31,705,-573,167150,0,0,0,0,0,1156,12514,278729,370849,0,0,0,0,0
4,-180,1.509,83,4770347,31,705,-573,167150,0,0,0,0,0,1156,12514,278729,370849,0,0,0,0,0
4,-180,1.509,84,4770403,31,705,-573,167150,0,0,0,0,0,1156,12514,278729,370849,0,0,0,0,0
4,-180,1.555,85,4770459,31,705,-573,167150,0,0,0,0,0,1156,12514,278729,370849,0,0,0,0,0
4,-180,1.613,86,4770515,31,705,-573,167150,0,0,0,0,0,1156,12514,278729,370849,0,0,0,0,0
4,-180,1.669,87,4770571,31,705,-573,167150,0,0,0,0,0,1156,12514,278729,370849,0,0,0,0,0
4,-180,1.729,88,4770627,31,705,-573,167150,0,0,0,0,0,1156,12514,278729,370849,0,0,0,0,0
4,-180,1.795,89,4770683,31,705,-573,167150,0,0,0,0,0,1156,12514,278729,370849,0,0,0,0,0
4,-180,1.846,90,4770739,31,705,-573,167150,0,0,0,0,0,1156,12514,278729,370849,0,0,0,0,0
4,-180,1.895,91,4770791,31,705,-573,167150,0,0,0,0,0,1156,12514,278729,370849,0,0,0,0,0
4,-180,1.946,92,4770847,31,705,-573,167150,0,0,0,0,0,1156,12514,278729,370849,0,0,0,0,0
4,-180,2.0,93,4770903,31,705,-573,167150,0,0,0,0,0,1156,12514,278729,370849,0,0,0,0,0
4,-180,2.064,94,4770959,31,705,-573,167150,0,0,0,0,0,1156,12514,278729,370849,0,0,0,0,0
4,-180,2.112,95,4771015,31,705,-573,167150,0,0,0,0,0,1156,12514,278729,370849,0,0,0,0,0
4,-180,2.167,96,4771071,31,705,-573,167150,0,0,0,0,0,1156,12514,278729,370849,0,0,0,0,0
4,-180,2.223,97,4771127,31,705,-573,167150,0,0,0,0,0,1156,12514,278729,370849,0,0,0,0,0
4,-180,2.28,98,4771183,31,705,-573,167150,0,0,0,0,0,1156,12514,278729,370849,0,0,0,0,0
4,-180,2.336,99,4771239,31,705,-573,167150,0,0,0,0,0,1156,12514,278729,370849,0,0,0,0,0
4,-180,2.406,100,4771295,31,705,-573,167150,0,0,0,0,0,1156,12514,278729,370849,0,0,0,0,0
4,-180,2.459,101,4771351,31,705,-573,167150,0,0,0,0,0,1156,12514,278729,370849,0,0,0,0,0
4,-180,2.508,102,4771407,31,705,-573,167150,0,0,0,0,0,1156,12514,278729,370849,0,0,0,0,0
4,-180,2.56,103,4771463,31,705,-573,167150,0,0,0,0,0,1156,12514,278729,370849,0,0,0,0,0
4,-180,2.616,104,4771519,31,705,-573,167150,0,0,0,0,0,1156,12514,278729,370849,0,0,0,0,0
4,-180,2.691,105,4771575,31,705,-573,167150,0,0,0,0,0,1156,12514,278729,370849,0,0,0,0,0
4,-180,2.727,106,4771631,31,705,-573,167150,0,0,0,0,0,1156,12514,278729,370849,0,0,0,0,0
4,-180,2.783,107,4771687,31,705,-573,167150,0,0,0,0,0,1156,12514,278729,370849,0,0,0,0,0
4,-180,2.839,108,4771743,31,705,-573,167150,0,0,0,0,0,1156,12514,278729,370849,0,0,0,0,0
4,-180,2.916,109,4771799,31,705,-573,167150,0,0,0,0,0,1156,12514,278729,370849,0,0,0,0,0
4,-180,2.951,110,4771851,31,705,-573,167150,0,0,0,0,0,1156,12514,278729,370849,0,0,0,0,0
4,-180,3.006,111,4771907,31,705,-573,167150,0,0,0,0,0,1156,12514,278729,370849,0,0,0,0,0
4,-180,3.059,112,4771963,31,705,-573,167150,0,0,0,0,0,1156,12514,278729,370849,0,0,0,0,0
4,-180,3.115,113,4772019,31,705,-573,167150,0,0,0,0,0,1156,12514,278729,370849,0,0,0,0,0
4,-180,3.174,114,4772075,31,705,-573,167150,0,0,0,0,0,1156,12514,278729,370849,0,0,0,0,0
4,-180,3.227,115,4772131,31,705,-573,167150,0,0,0,0,0,1156,12514,278729,370849,0,0,0,0,0
4,-180,3.283,116,4772187,31,705,-573,167150,0,0,0,0,0,1156,12514,278729,370849,0,0,0,0,0
4,-180,3.34,117,4772243,31,705,-573,167150,0,0,0,0,0,1156,12514,278729,370849,0,0,0,0,0
4,-180,3.396,118,4772299,31,705,-573,167150,0,0,0,0,0,1156,12514,278729,370849,0,0,0,0,0
4,-180,3.452,119,4772355,31,705,-573,167150,0,0,0,0,0,1156,12514,278729,370849,0,0,0,0,0
4,-180,3.507,120,4772411,31,705,-573,167150,0,0,0,0,0,1156,12514,278729,370849,0,0,0,0,0
4,-180,3.564,121,4772467,31,705,-573,167150,0,0,0,0,0,1156,12514,278729,370849,0,0,0,0,0
4,-180,3.618,122,4772523,31,705,-573,167150,0,0,0,0,0,1156,12514,278729,370849,0,0,0,0,0
4,-180,3.678,123,4772579,31,705,-573,167150,0,0,0,0,0,1156,12514,278729,370849,0,0,0,0,0
4,-180,3.735,124,4772635,31,705,-573,167150,0,0,0,0,0,1156,12514,278729,370849,0,0,0,0,0
4,-180,3.788,125,4772691,31,705,-573,167150,0,0,0,0,0,1156,12514,278729,370849,0,0,0,0,0
4,-180,3.843,126,4772747,31,705,-573,167150,0,0,0,0,0,1156,12514,278729,370849,0,0,0,0,0
4,-180,3.898,127,4772803,31,705,-573,167150,0,0,0,0,0,1156,12514,278729,370849,0,0,0,0,0
4,-180,3.964,0,4772859,31,705,-573,167150,0,0,0,0,0,1156,12514,278729,370849,0,0,0,0,0
4,-180,4.008,1,4772911,31,705,-573,167150,0,0,0,0,0,1156,12514,278729,370849,0,0,0,0,0
4,-180,4.063,2,4772967,31,705,-573,167150,0,0,0,0,0,1156,12514,278729,370849,0,0,0,0,0
4,-180,4.118,3,4773023,31,705,-573,167150,0,0,0,0,0,1156,12514,278729,370849,0,0,0,0,0
4,-180,4.174,4,4773079,31,705,-573,167150,0,0,0,0,0,1156,12514,278729,370849,0,0,0,0,0
4,-180,4.231,5,4773135,31,705,-573,167150,0,0,0,0,0,1156,12514,278729,370849,0,0,0,0,0
4,-180,4.301,6,4773191,31,705,-573,167150,0,0,0,0,0,1156,12514,278729,370849,0,0,0,0,0
4,-180,4.347,7,4773247,31,705,-573,167150,0,0,0,0,0,1156,12514,278729,370849,0,0,0,0,0
4,-180,4.403,8,4773303,31,705,-573,167150,0,0,0,0,0,1156,12514,278729,370849,0,0,0,0,0
4,-180,4.455,9,4773359,31,705,-573,167150,0,0,0,0,0,1156,12514,278729,370849,0,0,0,0,0
4,-180,4.511,10,4773415,31,705,-573,167150,0,0,0,0,0,1156,12514,278729,370849,0,0,0,0,0
4,-180,4.567,11,4773471,31,705,-573,167150,0,0,0,0,0,1156,12514,278729,370849,0,0,0,0,0
4,-180,4.626,12,4773527,31,705,-573,167150,0,0,0,0,0,1156,12514,278729,370849,0,0,0,0,0
4,-180,4.684,13,4773583,31,705,-573,167150,0,0,0,0,0,1156,12514,278729,370849,0,0,0,0,0
4,-180,4.735,14,4773639,31,705,-573,167150,0,0,0,0,0,1156,12514,278729,370849,0,0,0,0,0
4,-180,4.791,15,4773695,31,705,-573,167150,0,0,0,0,0,1156,12514,278729,370849,0,0,0,0,0
4,-180,4.847,16,4773751,31,705,-573,167150,0,0,0,0,0,1156,12514,278729,370849,0,0,0,0,0
4,-180,4.915,17,4773807,31,705,-573,167150,0,0,0,0,0,1156,12514,278729,370849,0,0,0,0,0
4,-180,4.967,18,4773863,31,705,-573,167150,0,0,0,0,0,1156,12514,278729,370849,0,0,0,0,0
4,-180,5.022,19,4773919,31,705,-573,167150,0,0,0,0,0,1156,12514,278729,370849,0,0,0,0,0
4,-180,5.07,20,4773971,31,705,-573,167150,0,0,0,0,0,1156,12514,278729,370849,0,0,0,0,0
4,-180,5.125,21,4774027,31,705,-573,167150,0,0,0,0,0,1156,12514,278729,370849,0,0,0,0,0
4,-180,5.179,22,4774083,31,705,-573,167150,0,0,0,0,0,1156,12514,278729,370849,0,0,0,0,0
4,-180,5.255,23,4774139,31,705,-573,167150,0,0,0,0,0,1156,12514,278729,370849,0,0,0,0,0
4,-180,5.291,24,4774195,31,705,-573,167150,0,0,0,0,0,1156,12514,278729,370849,0,0,0,0,0
4,-180,5.346,25,4774251,31,705,-573,167150,0,0,0,0,0,1156,12514,278729,370849,0,0,0,0,0
4,-180,5.404,26,4774307,31,705,-573,167150,0,0,0,0,0,1156,12514,278729,370849,0,0,0,0,0
4,-180,5.458,27,4774363,31,705,-573,167150,0,0,0,0,0,1156,12514,278729,370849,0,0,0,0,0
4,-180,5.516,28,4774419,31,705,-573,167150,0,0,0,0,0,1156,12514,278729,370849,0,0,0,0,0
4,-180,5.573,29,4774475,31,705,-573,167150,0,0,0,0,0,1156,12514,278729,370849,0,0,0,0,0
5,-90,-0.012,102,4778547,31,705,-573,167150,0,0,0,0,0,1156,12514,278729,370849,0,0,0,0,0
5,-90,0.049,103,4778607,31,705,-573,167150,0,0,0,0,0,1156,12515,278729,370849,0,0,0,0,0
5,-90,0.118,104,4778673,31,705,-572,167071,0,0,0,10,-39,1156,12518,278732,370832,400,-900,0,0,0
5,-90,0.182,105,4778727,31,705,-572,166946,0,0,0,16,-36,1157,12520,278737,370805,900,-1100,0,0,0
5,-90,0.233,106,4778793,31,707,-570,166625,0,0,0,20,-91,1157,12523,278746,370732,1600,-1700,0,0,0
5,-90,0.289,107,4778847,31,708,-569,166226,0,0,0,52,-118,1157,12525,278776,370660,2100,-2000,0,0,0
5,-90,0.365,108,4778912,31,710,-568,165311,0,0,0,118,-163,1157,12528,278871,370521,2400,-2300,0,0,0
5,-90,0.431,109,4778967,31,711,-567,164517,0,0,0,157,-193,1157,12530,278960,370407,2600,-2400,0,0,0
5,-90,0.475,110,4779033,31,711,-567,163230,0,0,0,170,-209,1158,12533,279112,370230,2900,-2500,0,0,0
5,-90,0.534,111,4779087,31,712,-567,162236,0,0,0,193,-219,1158,12535,279235,370099,2700,-2100,0,0,0
5,-90,0.603,112,4779153,31,712,-567,160890,0,0,0,183,-180,1158,12538,279407,369927,2100,-1400,0,0,0
5,-90,0.673,113,4779207,31,711,-567,160108,0,0,0,163,-147,1158,12540,279512,369832,1500,-1000,0,0,0
5,-90,0.736,114,4779273,31,711,-567,159270,0,0,0,98,-105,1159,12543,279629,369735,900,-600,0,0,0
5,-90,0.777,115,4779327,31,710,-567,158903,0,0,0,62,-70,1159,12545,279679,369691,600,-400,0,0,0
5,-90,0.849,116,4779408,31,710,-566,158652,0,0,0,0,0,1160,12550,279712,369660,0,0,0,0,0
5,-90,0.904,117,4779463,31,710,-566,158652,0,0,0,0,0,1160,12550,279712,369660,0,0,0,0,0
5,-90,0.974,118,4779519,31,710,-566,158652,0,0,0,0,0,1160,12550,279712,369660,0,0,0,0,0
5,-90,1.032,119,4779575,31,710,-566,158652,0,0,0,0,0,1160,12550,279712,369660,0,0,0,0,0
5,-90,1.073,120,4779631,31,710,-566,158652,0,0,0,0,0,1160,12550,279712,369660,0,0,0,0,0
5,-90,1.131,121,4779687,31,710,-566,158652,0,0,0,0,0,1160,12550,279712,369660,0,0,0,0,0
5,-90,1.189,122,4779743,31,710,-566,158652,0,0,0,0,0,1160,12550,279712,369660,0,0,0,0,0
5,-90,1.245,123,4779799,31,710,-566,158652,0,0,0,0,0,1160,12550,279712,369660,0,0,0,0,0
5,-90,1.31,124,4779855,31,710,-566,158652,0,0,0,0,0,1160,12550,279712,369660,0,0,0,0,0
5,-90,1.363,125,4779911,31,710,-566,158652,0,0,0,0,0,1160,12550,279712,369660,0,0,0,0,0
5,-90,1.414,126,4779967,31,710,-566,158652,0,0,0,0,0,1160,12550,279712,369660,0,0,0,0,0
5,-90,1.475,127,4780023,31,710,-566,158652,0,0,0,0,0,1160,12550,279712,369660,0,0,0,0,0
5,-90,1.525,0,4780079,31,710,-566,158652,0,0,0,0,0,1160,12550,279712,369660,0,0,0,0,0
5,-90,1.577,1,4780135,31,710,-566,158652,0,0,0,0,0,1160,12550,279712,369660,0,0,0,0,0
5,-90,1.636,2,4780191,31,710,-566,158652,0,0,0,0,0,1160,12550,279712,369660,0,0,0,0,0
5,-90,1.688,3,4780247,31,710,-566,158652,0,0,0,0,0,1160,12550,279712,369660,0,0,0,0,0
5,-90,1.752,4,4780303,31,710,-566,158652,0,0,0,0,0,1160,12550,279712,369660,0,0,0,0,0
5,-90,1.813,5,4780359,31,710,-566,158652,0,0,0,0,0,1160,12550,279712,369660,0,0,0,0,0
5,-90,1.855,6,4780411,31,710,-566,158652,0,0,0,0,0,1160,12550,279712,369660,0,0,0,0,0
5,-90,1.907,7,4780467,31,710,-566,158652,0,0,0,0,0,1160,12550,279712,369660,0,0,0,0,0
5,-90,2.011,8,4780523,31,710,-566,158652,0,0,0,0,0,1160,12550,279712,369660,0,0,0,0,0
5,-90,2.035,9,4780579,31,710,-566,158652,0,0,0,0,0,1160,12550,279712,369660,0,0,0,0,0
5,-90,2.087,10,4780635,31,710,-566,158652,0,0,0,0,0,1160,12550,279712,369660,0,0,0,0,0
5,-90,2.142,11,4780691,31,710,-566,158652,0,0,0,0,0,1160,12550,279712,369660,0,0,0,0,0
5,-90,2.191,12,4780747,31,710,-566,158652,0,0,0,0,0,1160,12550,279712,369660,0,0,0,0,0
5,-90,2.253,13,4780803,31,710,-566,158652,0,0,0,0,0,1160,12550,279712,369660,0,0,0,0,0
5,-90,2.307,14,4780859,31,710,-566,158652,0,0,0,0,0,1160,12550,279712,369660,0,0,0,0,0
5,-90,2.37,15,4780915,31,710,-566,158652,0,0,0,0,0,1160,12550,279712,369660,0,0,0,0,0
5,-90,2.421,16,4780971,31,710,-566,158652,0,0,0,0,0,1160,12550,279712,369660,0,0,0,0,0
5,-90,2.471,17,4781027,31,710,-566,158652,0,0,0,0,0,1160,12550,279712,369660,0,0,0,0,0
5,-90,2.532,18,4781083,31,710,-566,158652,0,0,0,0,0,1160,12550,279712,369660,0,0,0,0,0
5,-90,2.583,19,4781139,31,710,-566,158652,0,0,0,0,0,1160,12550,279712,369660,0,0,0,0,0
5,-90,2.653,20,4781195,31,710,-566,158652,0,0,0,0,0,1160,12550,279712,369660,0,0,0,0,0
5,-90,2.695,21,4781251,31,710,-566,158652,0,0,0,0,0,1160,12550,279712,369660,0,0,0,0,0
5,-90,2.759,22,4781307,31,710,-566,158652,0,0,0,0,0,1160,12550,279712,369660,0,0,0,0,0
5,-90,2.814,23,4781363,31,710,-566,158652,0,0,0,0,0,1160,12550,279712,369660,0,0,0,0,0
5,-90,2.867,24,4781419,31,710,-566,158652,0,0,0,0,0,1160,12550,279712,369660,0,0,0,0,0
5,-90,2.911,25,4781471,31,710,-566,158652,0,0,0,0,0,1160,12550,279712,369660,0,0,0,0,0
5,-90,2.976,26,4781527,31,710,-566,158652,0,0,0,0,0,1160,12550,279712,369660,0,0,0,0,0
5,-90,3.037,27,4781583,31,710,-566,158652,0,0,0,0,0,1160,12550,279712,369660,0,0,0,0,0
5,-90,3.08,28,4781639,31,710,-566,158652,0,0,0,0,0,1160,12550,279712,369660,0,0,0,0,0
5,-90,3.153,29,4781695,31,710,-566,158652,0,0,0,0,0,1160,12550,279712,369660,0,0,0,0,0
5,-90,3.198,30,4781751,31,710,-566,158652,0,0,0,0,0,1160,12550,279712,369660,0,0,0,0,0
5,-90,3.266,31,4781807,31,710,-566,158652,0,0,0,0,0,1160,12550,279712,369660,0,0,0,0,0
5,-90,3.313,32,4781863,31,710,-566,158652,0,0,0,0,0,1160,12550,279712,369660,0,0,0,0,0
5,-90,3.36,33,4781919,31,710,-566,158652,0,0,0,0,0,1160,12550,279712,369660,0,0,0,0,0
5,-90,3.426,34,4781975,31,710,-566,158652,0,0,0,0,0,1160,12550,279712,369660,0,0,0,0,0
5,-90,3.495,35,4782031,31,710,-566,158652,0,0,0,0,0,1160,12550,279712,369660,0,0,0,0,0
5,-90,3.532,36,4782087,31,710,-566,158652,0,0,0,0,0,1160,12550,279712,369660,0,0,0,0,0
5,-90,3.589,37,4782143,31,710,-566,158652,0,0,0,0,0,1160,12550,279712,369660,0,0,0,0,0
5,-90,3.664,38,4782199,31,710,-566,158652,0,0,0,0,0,1160,12550,279712,369660,0,0,0,0,0
5,-90,3.71,39,4782255,31,710,-566,158652,0,0,0,0,0,1160,12550,279712,369660,0,0,0,0,0
5,-90,3.77,40,4782311,31,710,-566,158652,0,0,0,0,0,1160,12550,279712,369660,0,0,0,0,0
5,-90,3.818,41,4782367,31,710,-566,158652,0,0,0,0,0,1160,12550,279712,369660,0,0,0,0,0
5,-90,3.863,42,4782423,31,710,-566,158652,0,0,0,0,0,1160,12550,279712,369660,0,0,0,0,0
5,-90,3.926,43,4782479,31,710,-566,158652,0,0,0,0,0,1160,12550,279712,369660,0,0,0,0,0
5,-90,3.975,44,4782531,31,710,-566,158652,0,0,0,0,0,1160,12550,279712,369660,0,0,0,0,0
5,-90,4.032,45,4782587,31,710,-566,158652,0,0,0,0,0,1160,12550,279712,369660,0,0,0,0,0
5,-90,4.084,46,4782643,31,710,-566,158652,0,0,0,0,0,1160,12550,279712,369660,0,0,0,0,0
5,-90,4.14,47,4782699,31,710,-566,158652,0,0,0,0,0,1160,12550,279712,369660,0,0,0,0,0
5,-90,4.209,48,4782755,31,710,-566,158652,0,0,0,0,0,1160,12550,279712,369660,0,0,0,0,0
5,-90,4.258,49,4782811,31,710,-566,158652,0,0,0,0,0,1160,12550,279712,369660,0,0,0,0,0
5,-90,4.324,50,4782867,31,710,-566,158652,0,0,0,0,0,1160,12550,279712,369660,0,0,0,0,0
5,-90,4.371,51,4782923,31,710,-566,158652,0,0,0,0,0,1160,12550,279712,369660,0,0,0,0,0
5,-90,4.431,52,4782979,31,710,-566,158652,0,0,0,0,0,1160,12550,279712,369660,0,0,0,0,0
5,-90,4.478,53,4783035,31,710,-566,158652,0,0,0,0,0,1160,12550,279712,369660,0,0,0,0,0
5,-90,4.545,54,4783091,31,710,-566,158652,0,0,0,0,0,1160,12550,279712,369660,0,0,0,0,0
5,-90,4.588,55,4783147,31,710,-566,158652,0,0,0,0,0,1160,12550,279712,369660,0,0,0,0,0
5,-90,4.644,56,4783203,31,710,-566,158652,0,0,0,0,0,1160,12550,279712,369660,0,0,0,0,0
5,-90,4.712,57,4783259,31,710,-566,158652,0,0,0,0,0,1160,12550,279712,369660,0,0,0,0,0
5,-90,4.76,58,4783315,31,710,-566,158652,0,0,0,0,0,1160,12550,279712,369660,0,0,0,0,0
5,-90,4.816,59,4783371,31,710,-566,158652,0,0,0,0,0,1160,12550,279712,369660,0,0,0,0,0
5,-90,4.87,60,4783427,31,710,-566,158652,0,0,0,0,0,1160,12550,279712,369660,0,0,0,0,0
5,-90,4.927,61,4783483,31,710,-566,158652,0,0,0,0,0,1160,12550,279712,369660,0,0,0,0,0
5,-90,4.998,62,4783539,31,710,-566,158652,0,0,0,0,0,1160,12550,279712,369660,0,0,0,0,0
5,-90,5.044,63,4783591,31,710,-566,158652,0,0,0,0,0,1160,12550,279712,369660,0,0,0,0,0
5,-90,5.096,64,4783647,31,710,-566,158652,0,0,0,0,0,1160,12550,279712,369660,0,0,0,0,0
5,-90,5.145,65,4783703,31,710,-566,158652,0,0,0,0,0,1160,12550,279712,369660,0,0,0,0,0
5,-90,5.202,66,4783759,31,710,-566,158652,0,0,0,0,0,1160,12550,279712,369660,0,0,0,0,0
5,-90,5.256,67,4783815,31,710,-566,158652,0,0,0,0,0,1160,12550,279712,369660,0,0,0,0,0
5,-90,5.312,68,4783871,31,710,-566,158652,0,0,0,0,0,1160,12550,279712,369660,0,0,0,0,0
5,-90,5.378,69,4783927,31,710,-566,158652,0,0,0,0,0,1160,12550,279712,369660,0,0,0,0,0
5,-90,5.435,70,4783983,31,710,-566,158652,0,0,0,0,0,1160,12550,279712,369660,0,0,0,0,0
5,-90,5.481,71,4784039,31,710,-566,158652,0,0,0,0,0,1160,12550,279712,369660,0,0,0,0,0
5,-90,5.535,72,4784095,31,710,-566,158652,0,0,0,0,0,1160,12550,279712,369660,0,0,0,0,0
5,-90,5.621,73,4784151,31,710,-566,158652,0,0,0,0,0,1160,12550,279712,369660,0,0,0,0,0
5,-90,5.656,74,4784207,31,710,-566,158652,0,0,0,0,0,1160,12550,279712,369660,0,0,0,0,0
5,-90,5.714,75,4784263,31,710,-566,158652,0,0,0,0,0,1160,12550,279712,369660,0,0,0,0,0
5,-90,5.76,76,4784319,31,710,-566,158652,0,0,0,0,0,1160,12550,279712,369660,0,0,0,0,0
5,-90,5.816,77,4784375,31,710,-566,158652,0,0,0,0,0,1160,12550,279712,369660,0,0,0,0,0
5,-90,5.901,78,4784431,31,710,-566,158652,0,0,0,0,0,1160,12550,279712,369660,0,0,0,0,0
5,-90,5.927,79,4784487,31,710,-566,158652,0,0,0,0,0,1160,12550,279712,369660,0,0,0,0,0
5,-90,5.989,80,4784543,31,710,-566,158652,0,0,0,0,0,1160,12550,279712,369660,0,0,0,0,0
5,-90,6.065,81,4784599,31,710,-566,158652,0,0,0,0,0,1160,12550,279712,369660,0,0,0,0,0
5,-90,6.091,82,4784651,31,710,-566,158652,0,0,0,0,0,1160,12550,279712,369660,0,0,0,0,0
5,-90,6.148,83,4784707,31,710,-566,158652,0,0,0,0,0,1160,12550,279712,369660,0,0,0,0,0
5,-90,6.206,84,4784763,31,710,-566,158652,0,0,0,0,0,1160,12550,279712,369660,0,0,0,0,0
5,-90,6.271,85,4784819,31,710,-566,158652,0,0,0,0,0,1160,12550,279712,369660,0,0,0,0,0
5,-90,6.323,86,4784875,31,710,-566,158652,0,0,0,0,0,1160,12550,279712,369660,0,0,0,0,0
5,-90,6.377,87,4784931,31,710,-566,158652,0,0,0,0,0,1160,12550,279712,369660,0,0,0,0,0
5,-90,6.44,88,4784987,31,710,-566,158652,0,0,0,0,0,1160,12550,279712,369660,0,0,0,0,0
5,-90,6.486,89,4785043,31,710,-566,158652,0,0,0,0,0,1160,12550,279712,369660,0,0,0,0,0
5,-90,6.547,90,4785099,31,710,-566,158652,0,0,0,0,0,1160,12550,279712,369660,0,0,0,0,0
5,-90,6.613,91,4785155,31,710,-566,158652,0,0,0,0,0,1160,12550,279712,369660,0,0,0,0,0
5,-90,6.662,92,4785211,31,710,-566,158652,0,0,0,0,0,1160,12550,279712,369660,0,0,0,0,0
5,-90,6.711,93,4785267,31,710,-566,158652,0,0,0,0,0,1160,12550,279712,369660,0,0,0,0,0
5,-90,6.768,94,4785323,31,710,-566,158652,0,0,0,0,0,1160,12550,279712,369660,0,0,0,0,0
5,-90,6.822,95,4785379,31,710,-566,158652,0,0,0,0,0,1160,12550,279712,369660,0,0,0,0,0
5,-90,6.915,96,4785435,31,710,-566,158652,0,0,0,0,0,1160,12550,279712,369660,0,0,0,0,0
5,-90,6.934,97,4785491,31,710,-566,158652,0,0,0,0,0,1160,12550,279712,369660,0,0,0,0,0
5,-90,6.992,98,4785547,31,710,-566,158652,0,0,0,0,0,1160,12550,279712,369660,0,0,0,0,0
5,-90,7.049,99,4785603,31,710,-566,158652,0,0,0,0,0,1160,12550,279712,369660,0,0,0,0,0
5,-90,7.124,100,4785659,31,710,-566,158652,0,0,0,0,0,1160,12550,279712,369660,0,0,0,0,0
5,-90,7.161,101,4785711,31,710,-566,158652,0,0,0,0,0,1160,12550,279712,369660,0,0,0,0,0
5,-90,7.214,102,4785767,31,710,-566,158652,0,0,0,0,0,1160,12550,279712,369660,0,0,0,0,0
5,-90,7.27,103,4785823,31,710,-566,158652,0,0,0,0,0,1160,12550,279712,369660,0,0,0,0,0
5,-90,7.323,104,4785879,31,710,-566,158652,0,0,0,0,0,1160,12550,279712,369660,0,0,0,0,0
5,-90,7.382,105,4785935,31,710,-566,158652,0,0,0,0,0,1160,12550,279712,369660,0,0,0,0,0
5,-90,7.44,106,4785991,31,710,-566,158652,0,0,0,0,0,1160,12550,279712,369660,0,0,0,0,0
5,-90,7.494,107,4786047,31,710,-566,158652,0,0,0,0,0,1160,12550,279712,369660,0,0,0,0,0
5,-90,7.548,108,4786103,31,710,-566,158652,0,0,0,0,0,1160,12550,279712,369660,0,0,0,0,0
5,-90,7.614,109,4786159,31,710,-566,158652,0,0,0,0,0,1160,12550,279712,369660,0,0,0,0,0
5,-90,7.656,110,4786215,31,710,-566,158652,0,0,0,0,0,1160,12550,279712,369660,0,0,0,0,0
5,-90,7.711,111,4786271,31,710,-566,158652,0,0,0,0,0,1160,12550,279712,369660,0,0,0,0,0
5,-90,7.769,112,4786327,31,710,-566,158652,0,0,0,0,0,1160,12550,279712,369660,0,0,0,0,0
5,-90,7.835,113,4786383,31,710,-566,158652,0,0,0,0,0,1160,12550,279712,369660,0,0,0,0,0
5,-90,7.883,114,4786439,31,710,-566,158652,0,0,0,0,0,1160,12550,279712,369660,0,0,0,0,0
5,-90,7.948,115,4786495,31,710,-566,158652,0,0,0,0,0,1160,12550,279712,369660,0,0,0,0,0
5,-90,7.991,116,4786551,31,710,-566,158652,0,0,0,0,0,1160,12550,279712,369660,0,0,0,0,0
5,-90,8.088,117,4786607,31,710,-566,158652,0,0,0,0,0,1160,12550,279712,369660,0,0,0,0,0
5,-90,8.104,118,4786663,31,710,-566,158652,0,0,0,0,0,1160,12550,279712,369660,0,0,0,0,0
5,-90,8.182,119,4786719,31,710,-566,158652,0,0,0,0,0,1160,12550,279712,369660,0,0,0,0,0
5,-90,8.219,120,4786771,31,710,-566,158652,0,0,0,0,0,1160,12550,279712,369660,0,0,0,0,0
5,-90,8.28,121,4786827,31,710,-566,158652,0,0,0,0,0,1160,12550,279712,369660,0,0,0,0,0
5,-90,8.354,122,4786883,31,710,-566,158652,0,0,0,0,0,1160,12550,279712,369660,0,0,0,0,0
5,-90,8.395,123,4786939,31,710,-566,158652,0,0,0,0,0,1160,12550,279712,369660,0,0,0,0,0
5,-90,8.443,124,4786995,31,710,-566,158652,0,0,0,0,0,1160,12550,279712,369660,0,0,0,0,0
5,-90,8.498,125,4787051,31,710,-566,158652,0,0,0,0,0,1160,12550,279712,369660,0,0,0,0,0
5,-90,8.547,126,4787107,31,710,-566,158652,0,0,0,0,0,1160,12550,279712,369660,0,0,0,0,0
5,-90,8.603,127,4787163,31,710,-566,158652,0,0,0,0,0,1160,12550,279712,369660,0,0,0,0,0
5,-90,8.661,0,4787219,31,710,-566,158652,0,0,0,0,0,1160,12550,279712,369660,0,0,0,0,0
5,-90,8.728,1,4787275,31,710,-566,158652,0,0,0,0,0,1160,12550,279712,369660,0,0,0,0,0
5,-90,8.777,2,4787331,31,710,-566,158652,0,0,0,0,0,1160,12550,279712,369660,0,0,0,0,0
5,-90,8.835,3,4787387,31,710,-566,158652,0,0,0,0,0,1160,12550,279712,369660,0,0,0,0,0
5,-90,8.89,4,4787443,31,710,-566,158652,0,0,0,0,0,1160,12550,279712,369660,0,0,0,0,0
5,-90,8.943,5,4787499,31,710,-566,158652,0,0,0,0,0,1160,12550,279712,369660,0,0,0,0,0
5,-90,8.998,6,4787555,31,710,-566,158652,0,0,0,0,0,1160,12550,279712,369660,0,0,0,0,0
5,-90,9.055,7,4787611,31,710,-566,158652,0,0,0,0,0,1160,12550,279712,369660,0,0,0,0,0
5,-90,9.126,8,4787667,31,710,-566,158652,0,0,0,0,0,1160,12550,279712,369660,0,0,0,0,0
5,-90,9.196,9,4787723,31,710,-566,158652,0,0,0,0,0,1160,12550,279712,369660,0,0,0,0,0
5,-90,9.249,10,4787779,31,710,-566,158652,0,0,0,0,0,1160,12550,279712,369660,0,0,0,0,0
5,-90,9.281,11,4787831,31,710,-566,158652,0,0,0,0,0,1160,12550,279712,369660,0,0,0,0,0
5,-90,9.331,12,4787887,31,710,-566,158652,0,0,0,0,0,1160,12550,279712,369660,0,0,0,0,0
5,-90,9.39,13,4787943,31,710,-566,158652,0,0,0,0,0,1160,12550,279712,369660,0,0,0,0,0
5,-90,9.441,14,4787999,31,710,-566,158652,0,0,0,0,0,1160,12550,279712,369660,0,0,0,0,0
5,-90,9.502,15,4788055,31,710,-566,158652,0,0,0,0,0,1160,12550,279712,369660,0,0,0,0,0
5,-90,9.562,16,4788111,31,710,-566,158652,0,0,0,0,0,1160,12550,279712,369660,0,0,0,0,0
5,-90,9.608,17,4788167,31,710,-566,158652,0,0,0,0,0,1160,12550,279712,369660,0,0,0,0,0
5,-90,9.665,18,4788223,31,710,-566,158652,0,0,0,0,0,1160,12550,279712,369660,0,0,0,0,0
5,-90,9.728,19,4788279,31,710,-566,158652,0,0,0,0,0,1160,12550,279712,369660,0,0,0,0,0
5,-90,9.814,20,4788335,31,710,-566,158652,0,0,0,0,0,1160,12550,279712,369660,0,0,0,0,0
5,-90,9.832,21,4788391,31,710,-566,158652,0,0,0,0,0,1160,12550,279712,369660,0,0,0,0,0
5,-90,9.888,22,4788447,31,710,-566,158652,0,0,0,0,0,1160,12550,279712,369660,0,0,0,0,0
5,-90,9.97,23,4788503,31,710,-566,158652,0,0,0,0,0,1160,12550,279712,369660,0,0,0,0,0
5,-90,10.04,24,4788559,31,710,-566,158652,0,0,0,0,0,1160,12550,279712,369660,0,0,0,0,0
5,-90,10.056,25,4788615,31,710,-566,158652,0,0,0,0,0,1160,12550,279712,369660,0,0,0,0,0
5,-90,10.11,26,4788671,31,710,-566,158652,0,0,0,0,0,1160,12550,279712,369660,0,0,0,0,0
5,-90,10.169,27,4788727,31,710,-566,158652,0,0,0,0,0,1160,12550,279712,369660,0,0,0,0,0
5,-90,10.231,28,4788783,31,710,-566,158652,0,0,0,0,0,1160,12550,279712,369660,0,0,0,0,0
5,-90,10.297,29,4788839,31,710,-566,158652,0,0,0,0,0,1160,12550,279712,369660,0,0,0,0,0
5,-90,10.33,30,4788891,31,710,-566,158652,0,0,0,0,0,1160,12550,279712,369660,0,0,0,0,0
5,-90,10.386,31,4788947,31,710,-566,158652,0,0,0,0,0,1160,12550,279712,369660,0,0,0,0,0
5,-90,10.464,32,4789003,31,710,-566,158652,0,0,0,0,0,1160,12550,279712,369660,0,0,0,0,0
5,-90,10.502,33,4789059,31,710,-566,158652,0,0,0,0,0,1160,12550,279712,369660,0,0,0,0,0
5,-90,10.568,34,4789115,31,710,-566,158652,0,0,0,0,0,1160,12550,279712,369660,0,0,0,0,0
5,-90,10.621,35,4789171,31,710,-566,158652,0,0,0,0,0,1160,12550,279712,369660,0,0,0,0,0
5,-90,10.687,36,4789227,31,710,-566,158652,0,0,0,0,0,1160,12550,279712,369660,0,0,0,0,0
5,-90,10.723,37,4789283,31,710,-566,158652,0,0,0,0,0,1160,12550,279712,369660,0,0,0,0,0
5,-90,10.78,38,4789339,31,710,-566,158652,0,0,0,0,0,1160,12550,279712,369660,0,0,0,0,0
5,-90,10.866,39,4789395,31,710,-566,158652,0,0,0,0,0,1160,12550,279712,369660,0,0,0,0,0
5,-90,10.898,40,4789451,31,710,-566,158652,0,0,0,0,0,1160,12550,279712,369660,0,0,0,0,0
5,-90,10.951,41,4789507,31,710,-566,158652,0,0,0,0,0,1160,12550,279712,369660,0,0,0,0,0
5,-90,11.003,42,4789563,31,710,-566,158652,0,0,0,0,0,1160,12550,279712,369660,0,0,0,0,0
5,-90,11.059,43,4789619,31,710,-566,158652,0,0,0,0,0,1160,12550,279712,369660,0,0,0,0,0
5,-90,11.181,44,4789675,31,710,-566,158652,0,0,0,0,0,1160,12550,279712,369660,0,0,0,0,0
5,-90,11.181,45,4789731,31,710,-566,158652,0,0,0,0,0,1160,12550,279712,369660,0,0,0,0,0
5,-90,11.237,46,4789787,31,710,-566,158652,0,0,0,0,0,1160,12550,279712,369660,0,0,0,0,0
5,-90,11.313,47,4789843,31,710,-566,158652,0,0,0,0,0,1160,12550,279712,369660,0,0,0,0,0
5,-90,11.347,48,4789899,31,710,-566,158652,0,0,0,0,0,1160,12550,279712,369660,0,0,0,0,0
5,-90,11.39,49,4789951,31,710,-566,158652,0,0,0,0,0,1160,12550,279712,369660,0,0,0,0,0
5,-90,11.48,50,4790007,31,710,-566,158652,0,0,0,0,0,1160,12550,279712,369660,0,0,0,0,0
5,-90,11.531,51,4790063,31,710,-566,158652,0,0,0,0,0,1160,12550,279712,369660,0,0,0,0,0
5,-90,11.567,52,4790119,31,710,-566,158652,0,0,0,0,0,1160,12550,279712,369660,0,0,0,0,0
5,-90,11.616,53,4790175,31,710,-566,158652,0,0,0,0,0,1160,12550,279712,369660,0,0,0,0,0
5,-90,11.671,54,4790231,31,710,-566,158652,0,0,0,0,0,1160,12550,279712,369660,0,0,0,0,0
5,-90,11.73,55,4790287,31,710,-566,158652,0,0,0,0,0,1160,12550,279712,369660,0,0,0,0,0
5,-90,11.824,56,4790343,31,710,-566,158652,0,0,0,0,0,1160,12550,279712,369660,0,0,0,0,0
5,-90,11.858,57,4790399,31,710,-566,158652,0,0,0,0,0,1160,12550,279712,369660,0,0,0,0,0
5,-90,11.897,58,4790455,31,710,-566,158652,0,0,0,0,0,1160,12550,279712,369660,0,0,0,0,0
5,-90,11.953,59,4790511,31,710,-566,158652,0,0,0,0,0,1160,12550,279712,369660,0,0,0,0,0
5,-90,12.006,60,4790567,31,710,-566,158652,0,0,0,0,0,1160,12550,279712,369660,0,0,0,0,0
5,-90,12.089,61,4790623,31,710,-566,158652,0,0,0,0,0,1160,12550,279712,369660,0,0,0,0,0
5,-90,12.121,62,4790679,31,710,-566,158652,0,0,0,0,0,1160,12550,279712,369660,0,0,0,0,0
5,-90,12.191,63,4790735,31,710,-566,158652,0,0,0,0,0,1160,12550,279712,369660,0,0,0,0,0
5,-90,12.231,64,4790791,31,710,-566,158652,0,0,0,0,0,1160,12550,279712,369660,0,0,0,0,0
5,-90,12.288,65,4790847,31,710,-566,158652,0,0,0,0,0,1160,12550,279712,369660,0,0,0,0,0
5,-90,12.352,66,4790903,31,710,-566,158652,0,0,0,0,0,1160,12550,279712,369660,0,0,0,0,0
5,-90,12.412,67,4790959,31,710,-566,158652,0,0,0,0,0,1160,12550,279712,369660,0,0,0,0,0
6,90,-0.027,83,4798991,31,710,-566,158652,0,0,0,0,0,1160,12550,279712,369660,0,0,0,0,0
6,90,0.011,84,4799047,31,710,-566,158652,0,0,0,0,0,1160,12550,279712,369660,0,0,0,0,0
6,90,0.096,85,4799101,31,710,-566,158652,0,0,0,0,0,1160,12552,279712,369660,0,500,0,0,0
6,90,0.127,86,4799155,31,710,-566,158707,0,0,0,0,26,1160,12554,279712,369674,-400,900,0,0,0
6,90,0.185,87,4799221,31,709,-566,158848,0,0,0,-10,36,1161,12557,279707,369705,-1100,1400,0,0,0
6,90,0.259,88,4799275,31,708,-565,159055,0,0,0,-20,72,1161,12559,279690,369741,-1600,2000,0,0,0
6,90,0.314,89,4799341,31,707,-564,159654,0,0,0,-72,111,1161,12562,279640,369844,-2200,2500,0,0,0
6,90,0.372,90,4799395,31,706,-564,160280,0,0,0,-124,154,1162,12564,279574,369938,-2600,2800,0,0,0
6,90,0.439,91,4799460,31,704,-564,161465,0,0,0,-144,209,1162,12567,279446,370113,-2800,2700,0,0,0
6,90,0.492,92,4799515,31,703,-564,162357,0,0,0,-179,202,1162,12569,279337,370232,-3100,2900,0,0,0
6,90,0.545,93,4799581,31,703,-564,163836,0,0,0,-209,209,1162,12572,279157,370430,-2600,2400,0,0,0
6,90,0.622,94,4799635,31,702,-564,164783,0,0,0,-199,199,1162,12574,279040,370555,-2100,1800,0,0,0
6,90,0.698,95,4799701,31,702,-564,165976,0,0,0,-147,144,1162,12577,278890,370710,-1400,1000,0,0,0
6,90,0.723,96,4799755,31,702,-564,166520,0,0,0,-101,91,1162,12579,278818,370777,-1000,700,0,0,0
6,90,0.859,97,4799884,31,702,-564,167267,0,0,0,0,0,1162,12586,278721,370871,0,0,0,0,0
6,90,0.913,98,4799939,31,702,-564,167267,0,0,0,0,0,1162,12586,278721,370871,0,0,0,0,0
6,90,0.965,99,4799995,31,702,-564,167267,0,0,0,0,0,1162,12586,278721,370871,0,0,0,0,0
6,90,1.035,100,4800051,31,702,-564,167267,0,0,0,0,0,1162,12586,278721,370871,0,0,0,0,0
6,90,1.088,101,4800107,31,702,-564,167267,0,0,0,0,0,1162,12586,278721,370871,0,0,0,0,0
6,90,1.135,102,4800163,31,702,-564,167267,0,0,0,0,0,1162,12586,278721,370871,0,0,0,0,0
6,90,1.214,103,4800219,31,702,-564,167267,0,0,0,0,0,1162,12586,278721,370871,0,0,0,0,0
6,90,1.251,104,4800275,31,702,-564,167267,0,0,0,0,0,1162,12586,278721,370871,0,0,0,0,0
6,90,1.317,105,4800331,31,702,-564,167267,0,0,0,0,0,1162,12586,278721,370871,0,0,0,0,0
6,90,1.353,106,4800387,31,702,-564,167267,0,0,0,0,0,1162,12586,278721,370871,0,0,0,0,0
6,90,1.417,107,4800443,31,702,-564,167267,0,0,0,0,0,1162,12586,278721,370871,0,0,0,0,0
6,90,1.462,108,4800499,31,702,-564,167267,0,0,0,0,0,1162,12586,278721,370871,0,0,0,0,0
6,90,1.519,109,4800555,31,702,-564,167267,0,0,0,0,0,1162,12586,278721,370871,0,0,0,0,0
6,90,1.585,110,4800611,31,702,-564,167267,0,0,0,0,0,1162,12586,278721,370871,0,0,0,0,0
6,90,1.649,111,4800663,31,702,-564,167267,0,0,0,0,0,1162,12586,278721,370871,0,0,0,0,0
6,90,1.698,112,4800719,31,702,-564,167267,0,0,0,0,0,1162,12586,278721,370871,0,0,0,0,0
6,90,1.747,113,4800775,31,702,-564,167267,0,0,0,0,0,1162,12586,278721,370871,0,0,0,0,0
6,90,1.801,114,4800831,31,702,-564,167267,0,0,0,0,0,1162,12586,278721,370871,0,0,0,0,0
6,90,1.857,115,4800887,31,702,-564,167267,0,0,0,0,0,1162,12586,278721,370871,0,0,0,0,0
6,90,1.947,116,4800943,31,702,-564,167267,0,0,0,0,0,1162,12586,278721,370871,0,0,0,0,0
6,90,1.975,117,4800999,31,702,-564,167267,0,0,0,0,0,1162,12586,278721,370871,0,0,0,0,0
6,90,2.029,118,4801055,31,702,-564,167267,0,0,0,0,0,1162,12586,278721,370871,0,0,0,0,0
6,90,2.074,119,4801111,31,702,-564,167267,0,0,0,0,0,1162,12586,278721,370871,0,0,0,0,0
6,90,2.135,120,4801167,31,702,-564,167267,0,0,0,0,0,1162,12586,278721,370871,0,0,0,0,0
6,90,2.208,121,4801223,31,702,-564,167267,0,0,0,0,0,1162,12586,278721,370871,0,0,0,0,0
6,90,2.26,122,4801279,31,702,-564,167267,0,0,0,0,0,1162,12586,278721,370871,0,0,0,0,0
6,90,2.314,123,4801335,31,702,-564,167267,0,0,0,0,0,1162,12586,278721,370871,0,0,0,0,0
6,90,2.377,124,4801391,31,702,-564,167267,0,0,0,0,0,1162,12586,278721,370871,0,0,0,0,0
6,90,2.418,125,4801447,31,702,-564,167267,0,0,0,0,0,1162,12586,278721,370871,0,0,0,0,0
6,90,2.48,126,4801503,31,702,-564,167267,0,0,0,0,0,1162,12586,278721,370871,0,0,0,0,0
6,90,2.536,127,4801559,31,702,-564,167267,0,0,0,0,0,1162,12586,278721,370871,0,0,0,0,0
6,90,2.592,0,4801615,31,702,-564,167267,0,0,0,0,0,1162,12586,278721,370871,0,0,0,0,0
6,90,2.75,1,4801671,31,702,-564,167267,0,0,0,0,0,1162,12586,278721,370871,0,0,0,0,0
6,90,2.75,2,4801723,31,702,-564,167267,0,0,0,0,0,1162,12586,278721,370871,0,0,0,0,0
6,90,2.75,3,4801779,31,702,-564,167267,0,0,0,0,0,1162,12586,278721,370871,0,0,0,0,0
6,90,2.799,4,4801835,31,702,-564,167267,0,0,0,0,0,1162,12586,278721,370871,0,0,0,0,0
6,90,2.873,5,4801891,31,702,-564,167267,0,0,0,0,0,1162,12586,278721,370871,0,0,0,0,0
6,90,2.913,6,4801947,31,702,-564,167267,0,0,0,0,0,1162,12586,278721,370871,0,0,0,0,0
6,90,2.993,7,4802003,31,702,-564,167267,0,0,0,0,0,1162,12586,278721,370871,0,0,0,0,0
6,90,3.032,8,4802059,31,702,-564,167267,0,0,0,0,0,1162,12586,278721,370871,0,0,0,0,0
6,90,3.078,9,4802115,31,702,-564,167267,0,0,0,0,0,1162,12586,278721,370871,0,0,0,0,0
6,90,3.18,10,4802171,31,702,-564,167267,0,0,0,0,0,1162,12586,278721,370871,0,0,0,0,0
6,90,3.222,11,4802227,31,702,-564,167267,0,0,0,0,0,1162,12586,278721,370871,0,0,0,0,0
6,90,3.337,12,4802283,31,702,-564,167267,0,0,0,0,0,1162,12586,278721,370871,0,0,0,0,0
6,90,3.337,13,4802339,31,702,-564,167267,0,0,0,0,0,1162,12586,278721,370871,0,0,0,0,0
6,90,3.386,14,4802395,31,702,-564,167267,0,0,0,0,0,1162,12586,278721,370871,0,0,0,0,0
6,90,3.424,15,4802451,31,702,-564,167267,0,0,0,0,0,1162,12586,278721,370871,0,0,0,0,0
6,90,3.476,16,4802507,31,702,-564,167267,0,0,0,0,0,1162,12586,278721,370871,0,0,0,0,0
6,90,3.528,17,4802563,31,702,-564,167267,0,0,0,0,0,1162,12586,278721,370871,0,0,0,0,0
6,90,3.646,18,4802619,31,702,-564,167267,0,0,0,0,0,1162,12586,278721,370871,0,0,0,0,0
6,90,3.718,19,4802675,31,702,-564,167267,0,0,0,0,0,1162,12586,278721,370871,0,0,0,0,0
6,90,3.723,20,4802731,31,702,-564,167267,0,0,0,0,0,1162,12586,278721,370871,0,0,0,0,0
6,90,3.747,21,4802783,31,702,-564,167267,0,0,0,0,0,1162,12586,278721,370871,0,0,0,0,0
6,90,3.809,22,4802839,31,702,-564,167267,0,0,0,0,0,1162,12586,278721,370871,0,0,0,0,0
6,90,3.921,23,4802895,31,702,-564,167267,0,0,0,0,0,1162,12586,278721,370871,0,0,0,0,0
6,90,3.921,24,4802951,31,702,-564,167267,0,0,0,0,0,1162,12586,278721,370871,0,0,0,0,0
6,90,4.018,25,4803007,31,702,-564,167267,0,0,0,0,0,1162,12586,278721,370871,0,0,0,0,0
6,90,4.045,26,4803063,31,702,-564,167267,0,0,0,0,0,1162,12586,278721,370871,0,0,0,0,0
6,90,4.088,27,4803119,31,702,-564,167267,0,0,0,0,0,1162,12586,278721,370871,0,0,0,0,0
6,90,4.139,28,4803175,31,702,-564,167267,0,0,0,0,0,1162,12586,278721,370871,0,0,0,0,0
6,90,4.204,29,4803231,31,702,-564,167267,0,0,0,0,0,1162,12586,278721,370871,0,0,0,0,0
6,90,4.288,30,4803287,31,702,-564,167267,0,0,0,0,0,1162,12586,278721,370871,0,0,0,0,0
6,90,4.345,31,4803343,31,702,-564,167267,0,0,0,0,0,1162,12586,278721,370871,0,0,0,0,0
6,90,4.368,32,4803399,31,702,-564,167267,0,0,0,0,0,1162,12586,278721,370871,0,0,0,0,0
6,90,4.425,33,4803455,31,702,-564,167267,0,0,0,0,0,1162,12586,278721,370871,0,0,0,0,0
6,90,4.52,34,4803511,31,702,-564,167267,0,0,0,0,0,1162,12586,278721,370871,0,0,0,0,0
6,90,4.539,35,4803567,31,702,-564,167267,0,0,0,0,0,1162,12586,278721,370871,0,0,0,0,0
6,90,4.635,36,4803623,31,702,-564,167267,0,0,0,0,0,1162,12586,278721,370871,0,0,0,0,0
6,90,4.645,37,4803679,31,702,-564,167267,0,0,0,0,0,1162,12586,278721,370871,0,0,0,0,0
6,90,4.701,38,4803735,31,702,-564,167267,0,0,0,0,0,1162,12586,278721,370871,0,0,0,0,0
6,90,4.792,39,4803791,31,702,-564,167267,0,0,0,0,0,1162,12586,278721,370871,0,0,0,0,0
6,90,4.813,40,4803843,31,702,-564,167267,0,0,0,0,0,1162,12586,278721,370871,0,0,0,0,0
6,90,4.878,41,4803899,31,702,-564,167267,0,0,0,0,0,1162,12586,278721,370871,0,0,0,0,0
6,90,4.924,42,4803955,31,702,-564,167267,0,0,0,0,0,1162,12586,278721,370871,0,0,0,0,0
6,90,4.993,43,4804011,31,702,-564,167267,0,0,0,0,0,1162,12586,278721,370871,0,0,0,0,0
6,90,5.051,44,4804067,31,702,-564,167267,0,0,0,0,0,1162,12586,278721,370871,0,0,0,0,0
6,90,5.105,45,4804123,31,702,-564,167267,0,0,0,0,0,1162,12586,278721,370871,0,0,0,0,0
6,90,5.15,46,4804179,31,702,-564,167267,0,0,0,0,0,1162,12586,278721,370871,0,0,0,0,0
6,90,5.203,47,4804235,31,702,-564,167267,0,0,0,0,0,1162,12586,278721,370871,0,0,0,0,0
6,90,5.255,48,4804291,31,702,-564,167267,0,0,0,0,0,1162,12586,278721,370871,0,0,0,0,0
6,90,5.31,49,4804347,31,702,-564,167267,0,0,0,0,0,1162,12586,278721,370871,0,0,0,0,0
6,90,5.43,50,4804403,31,702,-564,167267,0,0,0,0,0,1162,12586,278721,370871,0,0,0,0,0
6,90,5.454,51,4804459,31,702,-564,167267,0,0,0,0,0,1162,12586,278721,370871,0,0,0,0,0
6,90,5.477,52,4804515,31,702,-564,167267,0,0,0,0,0,1162,12586,278721,370871,0,0,0,0,0
6,90,5.539,53,4804571,31,702,-564,167267,0,0,0,0,0,1162,12586,278721,370871,0,0,0,0,0
6,90,5.592,54,4804627,31,702,-564,167267,0,0,0,0,0,1162,12586,278721,370871,0,0,0,0,0
6,90,5.695,55,4804683,31,702,-564,167267,0,0,0,0,0,1162,12586,278721,370871,0,0,0,0,0
6,90,5.72,56,4804739,31,702,-564,167267,0,0,0,0,0,1162,12586,278721,370871,0,0,0,0,0
6,90,5.758,57,4804795,31,702,-564,167267,0,0,0,0,0,1162,12586,278721,370871,0,0,0,0,0
6,90,5.821,58,4804851,31,702,-564,167267,0,0,0,0,0,1162,12586,278721,370871,0,0,0,0,0
6,90,5.88,59,4804903,31,702,-564,167267,0,0,0,0,0,1162,12586,278721,370871,0,0,0,0,0
6,90,5.954,60,4804959,31,702,-564,167267,0,0,0,0,0,1162,12586,278721,370871,0,0,0,0,0
6,90,5.978,61,4805015,31,702,-564,167267,0,0,0,0,0,1162,12586,278721,370871,0,0,0,0,0
6,90,6.033,62,4805071,31,702,-564,167267,0,0,0,0,0,1162,12586,278721,370871,0,0,0,0,0
6,90,6.09,63,4805127,31,702,-564,167267,0,0,0,0,0,1162,12586,278721,370871,0,0,0,0,0
6,90,6.151,64,4805183,31,702,-564,167267,0,0,0,0,0,1162,12586,278721,370871,0,0,0,0,0
6,90,6.211,65,4805239,31,702,-564,167267,0,0,0,0,0,1162,12586,278721,370871,0,0,0,0,0
6,90,6.262,66,4805295,31,702,-564,167267,0,0,0,0,0,1162,12586,278721,370871,0,0,0,0,0
6,90,6.313,67,4805351,31,702,-564,167267,0,0,0,0,0,1162,12586,278721,370871,0,0,0,0,0
6,90,6.376,68,4805407,31,702,-564,167267,0,0,0,0,0,1162,12586,278721,370871,0,0,0,0,0
6,90,6.451,69,4805463,31,702,-564,167267,0,0,0,0,0,1162,12586,278721,370871,0,0,0,0,0
6,90,6.49,70,4805519,31,702,-564,167267,0,0,0,0,0,1162,12586,278721,370871,0,0,0,0,0
6,90,6.543,71,4805575,31,702,-564,167267,0,0,0,0,0,1162,12586,278721,370871,0,0,0,0,0
6,90,6.597,72,4805631,31,702,-564,167267,0,0,0,0,0,1162,12586,278721,370871,0,0,0,0,0
6,90,6.649,73,4805687,31,702,-564,167267,0,0,0,0,0,1162,12586,278721,370871,0,0,0,0,0
6,90,6.706,74,4805743,31,702,-564,167267,0,0,0,0,0,1162,12586,278721,370871,0,0,0,0,0
6,90,6.769,75,4805799,31,702,-564,167267,0,0,0,0,0,1162,12586,278721,370871,0,0,0,0,0
6,90,6.821,76,4805856,31,702,-564,167267,0,0,0,0,0,1162,12586,278721,370871,0,0,0,0,0
6,90,6.888,77,4805911,31,702,-564,167267,0,0,0,0,0,1162,12586,278721,370871,0,0,0,0,0
6,90,6.949,78,4805963,31,702,-564,167267,0,0,0,0,0,1162,12586,278721,370871,0,0,0,0,0
6,90,6.988,79,4806019,31,702,-564,167267,0,0,0,0,0,1162,12586,278721,370871,0,0,0,0,0
6,90,7.039,80,4806075,31,702,-564,167267,0,0,0,0,0,1162,12586,278721,370871,0,0,0,0,0
6,90,7.105,81,4806131,31,702,-564,167267,0,0,0,0,0,1162,12586,278721,370871,0,0,0,0,0
6,90,7.163,82,4806187,31,702,-564,167267,0,0,0,0,0,1162,12586,278721,370871,0,0,0,0,0
6,90,7.237,83,4806243,31,702,-564,167267,0,0,0,0,0,1162,12586,278721,370871,0,0,0,0,0
6,90,7.263,84,4806299,31,702,-564,167267,0,0,0,0,0,1162,12586,278721,370871,0,0,0,0,0
6,90,7.318,85,4806355,31,702,-564,167267,0,0,0,0,0,1162,12586,278721,370871,0,0,0,0,0
6,90,7.385,86,4806411,31,702,-564,167267,0,0,0,0,0,1162,12586,278721,370871,0,0,0,0,0
6,90,7.43,87,4806467,31,702,-564,167267,0,0,0,0,0,1162,12586,278721,370871,0,0,0,0,0
6,90,7.486,88,4806523,31,702,-564,167267,0,0,0,0,0,1162,12586,278721,370871,0,0,0,0,0
6,90,7.553,89,4806579,31,702,-564,167267,0,0,0,0,0,1162,12586,278721,370871,0,0,0,0,0
6,90,7.611,90,4806635,31,702,-564,167267,0,0,0,0,0,1162,12586,278721,370871,0,0,0,0,0
6,90,7.663,91,4806691,31,702,-564,167267,0,0,0,0,0,1162,12586,278721,370871,0,0,0,0,0
6,90,7.718,92,4806747,31,702,-564,167267,0,0,0,0,0,1162,12586,278721,370871,0,0,0,0,0
6,90,7.784,93,4806803,31,702,-564,167267,0,0,0,0,0,1162,12586,278721,370871,0,0,0,0,0
6,90,7.827,94,4806859,31,702,-564,167267,0,0,0,0,0,1162,12586,278721,370871,0,0,0,0,0
6,90,7.877,95,4806915,31,702,-564,167267,0,0,0,0,0,1162,12586,278721,370871,0,0,0,0,0
6,90,7.941,96,4806971,31,702,-564,167267,0,0,0,0,0,1162,12586,278721,370871,0,0,0,0,0
6,90,7.996,97,4807023,31,702,-564,167267,0,0,0,0,0,1162,12586,278721,370871,0,0,0,0,0
6,90,8.053,98,4807079,31,702,-564,167267,0,0,0,0,0,1162,12586,278721,370871,0,0,0,0,0
6,90,8.109,99,4807135,31,702,-564,167267,0,0,0,0,0,1162,12586,278721,370871,0,0,0,0,0
6,90,8.18,100,4807191,31,702,-564,167267,0,0,0,0,0,1162,12586,278721,370871,0,0,0,0,0
6,90,8.214,101,4807247,31,702,-564,167267,0,0,0,0,0,1162,12586,278721,370871,0,0,0,0,0
6,90,8.272,102,4807303,31,702,-564,167267,0,0,0,0,0,1162,12586,278721,370871,0,0,0,0,0
6,90,8.329,103,4807359,31,702,-564,167267,0,0,0,0,0,1162,12586,278721,370871,0,0,0,0,0
6,90,8.38,104,4807415,31,702,-564,167267,0,0,0,0,0,1162,12586,278721,370871,0,0,0,0,0
6,90,8.448,105,4807471,31,702,-564,167267,0,0,0,0,0,1162,12586,278721,370871,0,0,0,0,0
6,90,8.49,106,4807527,31,702,-564,167267,0,0,0,0,0,1162,12586,278721,370871,0,0,0,0,0
6,90,8.546,107,4807583,31,702,-564,167267,0,0,0,0,0,1162,12586,278721,370871,0,0,0,0,0
6,90,8.607,108,4807639,31,702,-564,167267,0,0,0,0,0,1162,12586,278721,370871,0,0,0,0,0
6,90,8.697,109,4807695,31,702,-564,167267,0,0,0,0,0,1162,12586,278721,370871,0,0,0,0,0
6,90,8.721,110,4807751,31,702,-564,167267,0,0,0,0,0,1162,12586,278721,370871,0,0,0,0,0
6,90,8.781,111,4807807,31,702,-564,167267,0,0,0,0,0,1162,12586,278721,370871,0,0,0,0,0
6,90,8.828,112,4807863,31,702,-564,167267,0,0,0,0,0,1162,12586,278721,370871,0,0,0,0,0
6,90,8.887,113,4807919,31,702,-564,167267,0,0,0,0,0,1162,12586,278721,370871,0,0,0,0,0
6,90,8.959,114,4807975,31,702,-564,167267,0,0,0,0,0,1162,12586,278721,370871,0,0,0,0,0
6,90,9.01,115,4808031,31,702,-564,167267,0,0,0,0,0,1162,12586,278721,370871,0,0,0,0,0
6,90,9.055,116,4808083,31,702,-564,167267,0,0,0,0,0,1162,12586,278721,370871,0,0,0,0,0
6,90,9.119,117,4808139,31,702,-564,167267,0,0,0,0,0,1162,12586,278721,370871,0,0,0,0,0
6,90,9.159,118,4808195,31,702,-564,167267,0,0,0,0,0,1162,12586,278721,370871,0,0,0,0,0
6,90,9.213,119,4808251,31,702,-564,167267,0,0,0,0,0,1162,12586,278721,370871,0,0,0,0,0
6,90,9.272,120,4808307,31,702,-564,167267,0,0,0,0,0,1162,12586,278721,370871,0,0,0,0,0
6,90,9.325,121,4808363,31,702,-564,167267,0,0,0,0,0,1162,12586,278721,370871,0,0,0,0,0
6,90,9.398,122,4808419,31,702,-564,167267,0,0,0,0,0,1162,12586,278721,370871,0,0,0,0,0
6,90,9.448,123,4808475,31,702,-564,167267,0,0,0,0,0,1162,12586,278721,370871,0,0,0,0,0
6,90,9.496,124,4808531,31,702,-564,167267,0,0,0,0,0,1162,12586,278721,370871,0,0,0,0,0
6,90,9.55,125,4808587,31,702,-564,167267,0,0,0,0,0,1162,12586,278721,370871,0,0,0,0,0
6,90,9.62,126,4808643,31,702,-564,167267,0,0,0,0,0,1162,12586,278721,370871,0,0,0,0,0
6,90,9.662,127,4808699,31,702,-564,167267,0,0,0,0,0,1162,12586,278721,370871,0,0,0,0,0
6,90,9.72,0,4808755,31,702,-564,167267,0,0,0,0,0,1162,12586,278721,370871,0,0,0,0,0
6,90,9.78,1,4808811,31,702,-564,167267,0,0,0,0,0,1162,12586,278721,370871,0,0,0,0,0
6,90,9.844,2,4808867,31,702,-564,167267,0,0,0,0,0,1162,12586,278721,370871,0,0,0,0,0
6,90,9.891,3,4808923,31,702,-564,167267,0,0,0,0,0,1162,12586,278721,370871,0,0,0,0,0
6,90,9.942,4,4808979,31,702,-564,167267,0,0,0,0,0,1162,12586,278721,370871,0,0,0,0,0
6,90,10.014,5,4809035,31,702,-564,167267,0,0,0,0,0,1162,12586,278721,370871,0,0,0,0,0
6,90,10.091,6,4809091,31,702,-564,167267,0,0,0,0,0,1162,12586,278721,370871,0,0,0,0,0
6,90,10.11,7,4809143,31,702,-564,167267,0,0,0,0,0,1162,12586,278721,370871,0,0,0,0,0
6,90,10.161,8,4809199,31,702,-564,167267,0,0,0,0,0,1162,12586,278721,370871,0,0,0,0,0
6,90,10.218,9,4809255,31,702,-564,167267,0,0,0,0,0,1162,12586,278721,370871,0,0,0,0,0
6,90,10.279,10,4809311,31,702,-564,167267,0,0,0,0,0,1162,12586,278721,370871,0,0,0,0,0
6,90,10.346,11,4809367,31,702,-564,167267,0,0,0,0,0,1162,12586,278721,370871,0,0,0,0,0
6,90,10.39,12,4809423,31,702,-564,167267,0,0,0,0,0,1162,12586,278721,370871,0,0,0,0,0
6,90,10.442,13,4809479,31,702,-564,167267,0,0,0,0,0,1162,12586,278721,370871,0,0,0,0,0
6,90,10.513,14,4809535,31,702,-564,167267,0,0,0,0,0,1162,12586,278721,370871,0,0,0,0,0
6,90,10.56,15,4809591,31,702,-564,167267,0,0,0,0,0,1162,12586,278721,370871,0,0,0,0,0
6,90,10.614,16,4809647,31,702,-564,167267,0,0,0,0,0,1162,12586,278721,370871,0,0,0,0,0
6,90,10.674,17,4809703,31,702,-564,167267,0,0,0,0,0,1162,12586,278721,370871,0,0,0,0,0
6,90,10.738,18,4809759,31,702,-564,167267,0,0,0,0,0,1162,12586,278721,370871,0,0,0,0,0
6,90,10.78,19,4809815,31,702,-564,167267,0,0,0,0,0,1162,12586,278721,370871,0,0,0,0,0
6,90,10.846,20,4809871,31,702,-564,167267,0,0,0,0,0,1162,12586,278721,370871,0,0,0,0,0
6,90,10.89,21,4809927,31,702,-564,167267,0,0,0,0,0,1162,12586,278721,370871,0,0,0,0,0
6,90,10.947,22,4809983,31,702,-564,167267,0,0,0,0,0,1162,12586,278721,370871,0,0,0,0,0
6,90,11.019,23,4810039,31,702,-564,167267,0,0,0,0,0,1162,12586,278721,370871,0,0,0,0,0
6,90,11.086,24,4810095,31,702,-564,167267,0,0,0,0,0,1162,12586,278721,370871,0,0,0,0,0
6,90,11.167,25,4810151,31,702,-564,167267,0,0,0,0,0,1162,12586,278721,370871,0,0,0,0,0
6,90,11.172,26,4810203,31,702,-564,167267,0,0,0,0,0,1162,12586,278721,370871,0,0,0,0,0
6,90,11.225,27,4810259,31,702,-564,167267,0,0,0,0,0,1162,12586,278721,370871,0,0,0,0,0
6,90,11.287,28,4810315,31,702,-564,167267,0,0,0,0,0,1162,12586,278721,370871,0,0,0,0,0
6,90,11.334,29,4810371,31,702,-564,167267,0,0,0,0,0,1162,12586,278721,370871,0,0,0,0,0
6,90,11.429,30,4810427,31,702,-564,167267,0,0,0,0,0,1162,12586,278721,370871,0,0,0,0,0
6,90,11.454,31,4810483,31,702,-564,167267,0,0,0,0,0,1162,12586,278721,370871,0,0,0,0,0
6,90,11.501,32,4810539,31,702,-564,167267,0,0,0,0,0,1162,12586,278721,370871,0,0,0,0,0
6,90,11.559,33,4810595,31,702,-564,167267,0,0,0,0,0,1162,12586,278721,370871,0,0,0,0,0
7,-180,-0.048,34,4817791,31,702,-564,167267,0,0,0,0,0,1162,12586,278721,370871,0,0,0,0,0
7,-180,0.001,35,4817847,31,702,-564,167267,0,0,0,0,0,1162,12586,278721,370871,0,0,0,0,0
7,-180,0.055,36,4817899,31,702,-564,167267,0,0,0,0,0,1162,12587,278721,370871,0,0,0,0,0
7,-180,0.122,37,4817965,31,703,-563,167212,0,0,0,0,-39,1162,12590,278721,370857,400,-900,0,0,0
7,-180,0.202,38,4818019,31,703,-563,167126,0,0,0,10,-36,1163,12592,278724,370838,900,-1300,0,0,0
7,-180,0.242,39,4818085,31,704,-562,166802,0,0,0,36,-91,1163,12595,278746,370777,1600,-1900,0,0,0
7,-180,0.296,40,4818139,31,705,-560,166418,0,0,0,46,-127,1163,12597,278774,370707,2100,-2200,0,0,0
7,-180,0.358,41,4818204,31,707,-559,165534,0,0,0,124,-170,1163,12600,278862,370569,2500,-2500,0,0,0
7,-180,0.418,42,4818259,31,708,-559,164755,0,0,0,157,-202,1163,12602,278949,370457,2700,-2700,0,0,0
7,-180,0.479,43,4818324,31,709,-558,163390,0,0,0,183,-225,1163,12605,279107,370266,3000,-2800,0,0,0
7,-180,0.532,44,4818379,31,710,-558,162381,0,0,0,190,-219,1163,12607,279226,370127,2900,-2700,0,0,0
7,-180,0.616,45,4818445,31,710,-558,160839,0,0,0,199,-235,1163,12610,279412,369919,2700,-2400,0,0,0
7,-180,0.65,46,4818499,31,710,-558,159849,0,0,0,202,-202,1163,12612,279540,369794,2700,-2300,0,0,0
7,-180,0.728,47,4818564,31,710,-558,158390,0,0,0,202,-190,1163,12615,279724,369605,2600,-2100,0,0,0
7,-180,0.787,48,4818619,31,710,-558,157514,0,0,0,189,-170,1163,12617,279837,369494,2500,-2100,0,0,0
7,-180,0.859,49,4818685,31,711,-559,156195,0,0,0,180,-199,1163,12620,280001,369321,2600,-2200,0,0,0
7,-180,0.897,50,4818739,31,711,-559,155346,0,0,0,165,-188,1163,12622,280110,369213,2700,-2200,0,0,0
7,-180,0.957,51,4818805,31,711,-559,154000,0,0,0,190,-199,1163,12625,280282,369041,2500,-2100,0,0,0
7,-180,1.01,52,4818859,31,711,-558,153116,0,0,0,193,-183,1163,12627,280399,368932,2200,-1900,0,0,0
7,-180,1.082,53,4818925,31,710,-559,151892,0,0,0,163,-157,1163,12630,280551,368771,1700,-1200,0,0,0
7,-180,1.136,54,4818979,31,711,-558,151230,0,0,0,127,-118,1163,12632,280640,368691,1200,-800,0,0,0
7,-180,1.235,55,4819045,31,711,-558,150522,0,0,0,75,-88,1163,12635,280735,368605,700,-500,0,0,0
7,-180,1.264,56,4819099,31,711,-558,150198,0,0,0,65,-62,1163,12637,280782,368569,600,-300,0,0,0
7,-180,1.318,57,4819165,31,711,-557,149924,0,0,0,46,-20,1163,12640,280821,368538,300,0,0,0,0
7,-180,1.369,58,4819219,31,711,-557,149881,0,0,0,10,0,1163,12642,280824,368530,300,0,0,0,0
7,-180,1.476,59,4819285,31,711,-557,149881,0,0,0,0,0,1163,12645,280824,368530,300,300,0,0,0
7,-180,1.508,60,4819339,31,711,-557,149889,0,0,0,0,0,1163,12647,280824,368532,300,0,0,0,0
7,-180,1.568,61,4819404,31,711,-557,149889,0,0,0,0,0,1165,12650,280824,368532,500,0,0,0,0
7,-180,1.617,62,4819459,31,711,-557,149881,0,0,0,0,-7,1167,12652,280824,368530,500,-400,0,0,0
7,-180,1.673,63,4819524,31,711,-558,149826,0,0,0,0,0,1169,12656,280824,368516,0,0,0,0,0
7,-180,1.73,64,4819579,31,711,-558,149826,0,0,0,0,0,1169,12656,280824,368516,0,0,0,0,0
7,-180,1.796,65,4819635,31,711,-558,149826,0,0,0,0,0,1169,12656,280824,368516,0,0,0,0,0
7,-180,1.845,66,4819691,31,711,-558,149826,0,0,0,0,0,1169,12656,280824,368516,0,0,0,0,0
7,-180,1.902,67,4819747,31,711,-558,149826,0,0,0,0,0,1169,12656,280824,368516,0,0,0,0,0
7,-180,2.069,68,4819803,31,711,-558,149826,0,0,0,0,0,1169,12656,280824,368516,0,0,0,0,0
7,-180,2.069,69,4819855,31,711,-558,149826,0,0,0,0,0,1169,12656,280824,368516,0,0,0,0,0
7,-180,2.069,70,4819911,31,711,-558,149826,0,0,0,0,0,1169,12656,280824,368516,0,0,0,0,0
7,-180,2.129,71,4819967,31,711,-558,149826,0,0,0,0,0,1169,12656,280824,368516,0,0,0,0,0
7,-180,2.178,72,4820023,31,711,-558,149826,0,0,0,0,0,1169,12656,280824,368516,0,0,0,0,0
7,-180,2.234,73,4820079,31,711,-558,149826,0,0,0,0,0,1169,12656,280824,368516,0,0,0,0,0
7,-180,2.313,74,4820135,31,711,-558,149826,0,0,0,0,0,1169,12656,280824,368516,0,0,0,0,0
7,-180,2.346,75,4820191,31,711,-558,149826,0,0,0,0,0,1169,12656,280824,368516,0,0,0,0,0
7,-180,2.405,76,4820247,31,711,-558,149826,0,0,0,0,0,1169,12656,280824,368516,0,0,0,0,0
7,-180,2.467,77,4820303,31,711,-558,149826,0,0,0,0,0,1169,12656,280824,368516,0,0,0,0,0
7,-180,2.52,78,4820359,31,711,-558,149826,0,0,0,0,0,1169,12656,280824,368516,0,0,0,0,0
7,-180,2.614,79,4820415,31,711,-558,149826,0,0,0,0,0,1169,12656,280824,368516,0,0,0,0,0
7,-180,2.633,80,4820471,31,711,-558,149826,0,0,0,0,0,1169,12656,280824,368516,0,0,0,0,0
7,-180,2.677,81,4820527,31,711,-558,149826,0,0,0,0,0,1169,12656,280824,368516,0,0,0,0,0
7,-180,2.736,82,4820583,31,711,-558,149826,0,0,0,0,0,1169,12656,280824,368516,0,0,0,0,0
7,-180,2.792,83,4820639,31,711,-558,149826,0,0,0,0,0,1169,12656,280824,368516,0,0,0,0,0
7,-180,2.848,84,4820695,31,711,-558,149826,0,0,0,0,0,1169,12656,280824,368516,0,0,0,0,0
7,-180,2.925,85,4820751,31,711,-558,149826,0,0,0,0,0,1169,12656,280824,368516,0,0,0,0,0
7,-180,2.958,86,4820807,31,711,-558,149826,0,0,0,0,0,1169,12656,280824,368516,0,0,0,0,0
7,-180,3.027,87,4820863,31,711,-558,149826,0,0,0,0,0,1169,12656,280824,368516,0,0,0,0,0
7,-180,3.083,88,4820915,31,711,-558,149826,0,0,0,0,0,1169,12656,280824,368516,0,0,0,0,0
7,-180,3.126,89,4820971,31,711,-558,149826,0,0,0,0,0,1169,12656,280824,368516,0,0,0,0,0
7,-180,3.201,90,4821027,31,711,-558,149826,0,0,0,0,0,1169,12656,280824,368516,0,0,0,0,0
7,-180,3.232,91,4821083,31,711,-558,149826,0,0,0,0,0,1169,12656,280824,368516,0,0,0,0,0
7,-180,3.293,92,4821139,31,711,-558,149826,0,0,0,0,0,1169,12656,280824,368516,0,0,0,0,0
7,-180,3.35,93,4821195,31,711,-558,149826,0,0,0,0,0,1169,12656,280824,368516,0,0,0,0,0
7,-180,3.419,94,4821251,31,711,-558,149826,0,0,0,0,0,1169,12656,280824,368516,0,0,0,0,0
7,-180,3.457,95,4821307,31,711,-558,149826,0,0,0,0,0,1169,12656,280824,368516,0,0,0,0,0
7,-180,3.513,96,4821363,31,711,-558,149826,0,0,0,0,0,1169,12656,280824,368516,0,0,0,0,0
7,-180,3.604,97,4821419,31,711,-558,149826,0,0,0,0,0,1169,12656,280824,368516,0,0,0,0,0
7,-180,3.63,98,4821475,31,711,-558,149826,0,0,0,0,0,1169,12656,280824,368516,0,0,0,0,0
7,-180,3.692,99,4821531,31,711,-558,149826,0,0,0,0,0,1169,12656,280824,368516,0,0,0,0,0
7,-180,3.738,100,4821587,31,711,-558,149826,0,0,0,0,0,1169,12656,280824,368516,0,0,0,0,0
7,-180,3.814,101,4821643,31,711,-558,149826,0,0,0,0,0,1169,12656,280824,368516,0,0,0,0,0
7,-180,3.872,102,4821699,31,711,-558,149826,0,0,0,0,0,1169,12656,280824,368516,0,0,0,0,0
7,-180,3.915,103,4821755,31,711,-558,149826,0,0,0,0,0,1169,12656,280824,368516,0,0,0,0,0
7,-180,3.961,104,4821811,31,711,-558,149826,0,0,0,0,0,1169,12656,280824,368516,0,0,0,0,0
7,-180,4.016,105,4821867,31,711,-558,149826,0,0,0,0,0,1169,12656,280824,368516,0,0,0,0,0
7,-180,4.083,106,4821923,31,711,-558,149826,0,0,0,0,0,1169,12656,280824,368516,0,0,0,0,0
7,-180,4.132,107,4821975,31,711,-558,149826,0,0,0,0,0,1169,12656,280824,368516,0,0,0,0,0
7,-180,4.186,108,4822031,31,711,-558,149826,0,0,0,0,0,1169,12656,280824,368516,0,0,0,0,0
7,-180,4.237,109,4822087,31,711,-558,149826,0,0,0,0,0,1169,12656,280824,368516,0,0,0,0,0
7,-180,4.304,110,4822143,31,711,-558,149826,0,0,0,0,0,1169,12656,280824,368516,0,0,0,0,0
7,-180,4.355,111,4822199,31,711,-558,149826,0,0,0,0,0,1169,12656,280824,368516,0,0,0,0,0
7,-180,4.425,112,4822255,31,711,-558,149826,0,0,0,0,0,1169,12656,280824,368516,0,0,0,0,0
7,-180,4.466,113,4822311,31,711,-558,149826,0,0,0,0,0,1169,12656,280824,368516,0,0,0,0,0
7,-180,4.524,114,4822367,31,711,-558,149826,0,0,0,0,0,1169,12656,280824,368516,0,0,0,0,0
7,-180,4.574,115,4822423,31,711,-558,149826,0,0,0,0,0,1169,12656,280824,368516,0,0,0,0,0
7,-180,4.629,116,4822479,31,711,-558,149826,0,0,0,0,0,1169,12656,280824,368516,0,0,0,0,0
7,-180,4.7,117,4822535,31,711,-558,149826,0,0,0,0,0,1169,12656,280824,368516,0,0,0,0,0
7,-180,4.742,118,4822591,31,711,-558,149826,0,0,0,0,0,1169,12656,280824,368516,0,0,0,0,0
7,-180,4.801,119,4822647,31,711,-558,149826,0,0,0,0,0,1169,12656,280824,368516,0,0,0,0,0
7,-180,4.856,120,4822703,31,711,-558,149826,0,0,0,0,0,1169,12656,280824,368516,0,0,0,0,0
7,-180,4.923,121,4822759,31,711,-558,149826,0,0,0,0,0,1169,12656,280824,368516,0,0,0,0,0
7,-180,4.971,122,4822815,31,711,-558,149826,0,0,0,0,0,1169,12656,280824,368516,0,0,0,0,0
7,-180,5.031,123,4822871,31,711,-558,149826,0,0,0,0,0,1169,12656,280824,368516,0,0,0,0,0
7,-180,5.079,124,4822927,31,711,-558,149826,0,0,0,0,0,1169,12656,280824,368516,0,0,0,0,0
7,-180,5.15,125,4822983,31,711,-558,149826,0,0,0,0,0,1169,12656,280824,368516,0,0,0,0,0
7,-180,5.201,126,4823035,31,711,-558,149826,0,0,0,0,0,1169,12656,280824,368516,0,0,0,0,0
7,-180,5.247,127,4823091,31,711,-558,149826,0,0,0,0,0,1169,12656,280824,368516,0,0,0,0,0
7,-180,5.297,0,4823147,31,711,-558,149826,0,0,0,0,0,1169,12656,280824,368516,0,0,0,0,0
7,-180,5.353,1,4823203,31,711,-558,149826,0,0,0,0,0,1169,12656,280824,368516,0,0,0,0,0
7,-180,5.412,2,4823259,31,711,-558,149826,0,0,0,0,0,1169,12656,280824,368516,0,0,0,0,0
7,-180,5.472,3,4823315,31,711,-558,149826,0,0,0,0,0,1169,12656,280824,368516,0,0,0,0,0
7,-180,5.536,4,4823371,31,711,-558,149826,0,0,0,0,0,1169,12656,280824,368516,0,0,0,0,0
7,-180,5.587,5,4823427,31,711,-558,149826,0,0,0,0,0,1169,12656,280824,368516,0,0,0,0,0
7,-180,5.666,6,4823483,31,711,-558,149826,0,0,0,0,0,1169,12656,280824,368516,0,0,0,0,0
7,-180,5.689,7,4823539,31,711,-558,149826,0,0,0,0,0,1169,12656,280824,368516,0,0,0,0,0
7,-180,5.744,8,4823595,31,711,-558,149826,0,0,0,0,0,1169,12656,280824,368516,0,0,0,0,0
7,-180,5.803,9,4823651,31,711,-558,149826,0,0,0,0,0,1169,12656,280824,368516,0,0,0,0,0
7,-180,5.87,10,4823707,31,711,-558,149826,0,0,0,0,0,1169,12656,280824,368516,0,0,0,0,0
7,-180,5.914,11,4823763,31,711,-558,149826,0,0,0,0,0,1169,12656,280824,368516,0,0,0,0,0
7,-180,5.97,12,4823819,31,711,-558,149826,0,0,0,0,0,1169,12656,280824,368516,0,0,0,0,0
7,-180,6.028,13,4823875,31,711,-558,149826,0,0,0,0,0,1169,12656,280824,368516,0,0,0,0,0
7,-180,6.082,14,4823931,31,711,-558,149826,0,0,0,0,0,1169,12656,280824,368516,0,0,0,0,0
7,-180,6.145,15,4823987,31,711,-558,149826,0,0,0,0,0,1169,12656,280824,368516,0,0,0,0,0
7,-180,6.212,16,4824043,31,711,-558,149826,0,0,0,0,0,1169,12656,280824,368516,0,0,0,0,0
7,-180,6.256,17,4824095,31,711,-558,149826,0,0,0,0,0,1169,12656,280824,368516,0,0,0,0,0
7,-180,6.315,18,4824151,31,711,-558,149826,0,0,0,0,0,1169,12656,280824,368516,0,0,0,0,0
7,-180,6.361,19,4824207,31,711,-558,149826,0,0,0,0,0,1169,12656,280824,368516,0,0,0,0,0
7,-180,6.416,20,4824263,31,711,-558,149826,0,0,0,0,0,1169,12656,280824,368516,0,0,0,0,0
7,-180,6.471,21,4824319,31,711,-558,149826,0,0,0,0,0,1169,12656,280824,368516,0,0,0,0,0
7,-180,6.526,22,4824375,31,711,-558,149826,0,0,0,0,0,1169,12656,280824,368516,0,0,0,0,0
7,-180,6.6,23,4824431,31,711,-558,149826,0,0,0,0,0,1169,12656,280824,368516,0,0,0,0,0
7,-180,6.643,24,4824487,31,711,-558,149826,0,0,0,0,0,1169,12656,280824,368516,0,0,0,0,0
7,-180,6.699,25,4824543,31,711,-558,149826,0,0,0,0,0,1169,12656,280824,368516,0,0,0,0,0
7,-180,6.761,26,4824599,31,711,-558,149826,0,0,0,0,0,1169,12656,280824,368516,0,0,0,0,0
7,-180,6.812,27,4824655,31,711,-558,149826,0,0,0,0,0,1169,12656,280824,368516,0,0,0,0,0
7,-180,6.873,28,4824711,31,711,-558,149826,0,0,0,0,0,1169,12656,280824,368516,0,0,0,0,0
7,-180,6.917,29,4824767,31,711,-558,149826,0,0,0,0,0,1169,12656,280824,368516,0,0,0,0,0
7,-180,6.973,30,4824823,31,711,-558,149826,0,0,0,0,0,1169,12656,280824,368516,0,0,0,0,0
7,-180,7.029,31,4824879,31,711,-558,149826,0,0,0,0,0,1169,12656,280824,368516,0,0,0,0,0
7,-180,7.089,32,4824935,31,711,-558,149826,0,0,0,0,0,1169,12656,280824,368516,0,0,0,0,0
7,-180,7.145,33,4824991,31,711,-558,149826,0,0,0,0,0,1169,12656,280824,368516,0,0,0,0,0
7,-180,7.2,34,4825047,31,711,-558,149826,0,0,0,0,0,1169,12656,280824,368516,0,0,0,0,0
7,-180,7.273,35,4825103,31,711,-558,149826,0,0,0,0,0,1169,12656,280824,368516,0,0,0,0,0
7,-180,7.304,36,4825155,31,711,-558,149826,0,0,0,0,0,1169,12656,280824,368516,0,0,0,0,0
7,-180,7.365,37,4825211,31,711,-558,149826,0,0,0,0,0,1169,12656,280824,368516,0,0,0,0,0
7,-180,7.425,38,4825267,31,711,-558,149826,0,0,0,0,0,1169,12656,280824,368516,0,0,0,0,0
7,-180,7.487,39,4825323,31,711,-558,149826,0,0,0,0,0,1169,12656,280824,368516,0,0,0,0,0
7,-180,7.533,40,4825379,31,711,-558,149826,0,0,0,0,0,1169,12656,280824,368516,0,0,0,0,0
7,-180,7.585,41,4825435,31,711,-558,149826,0,0,0,0,0,1169,12656,280824,368516,0,0,0,0,0
7,-180,7.641,42,4825491,31,711,-558,149826,0,0,0,0,0,1169,12656,280824,368516,0,0,0,0,0
7,-180,7.715,43,4825547,31,711,-558,149826,0,0,0,0,0,1169,12656,280824,368516,0,0,0,0,0
7,-180,7.772,44,4825603,31,711,-558,149826,0,0,0,0,0,1169,12656,280824,368516,0,0,0,0,0
7,-180,7.808,45,4825659,31,711,-558,149826,0,0,0,0,0,1169,12656,280824,368516,0,0,0,0,0
7,-180,7.865,46,4825715,31,711,-558,149826,0,0,0,0,0,1169,12656,280824,368516,0,0,0,0,0
7,-180,7.936,47,4825771,31,711,-558,149826,0,0,0,0,0,1169,12656,280824,368516,0,0,0,0,0
7,-180,7.99,48,4825827,31,711,-558,149826,0,0,0,0,0,1169,12656,280824,368516,0,0,0,0,0
7,-180,8.043,49,4825883,31,711,-558,149826,0,0,0,0,0,1169,12656,280824,368516,0,0,0,0,0
7,-180,8.091,50,4825939,31,711,-558,149826,0,0,0,0,0,1169,12656,280824,368516,0,0,0,0,0
7,-180,8.145,51,4825995,31,711,-558,149826,0,0,0,0,0,1169,12656,280824,368516,0,0,0,0,0
7,-180,8.201,52,4826051,31,711,-558,149826,0,0,0,0,0,1169,12656,280824,368516,0,0,0,0,0
7,-180,8.263,53,4826107,31,711,-558,149826,0,0,0,0,0,1169,12656,280824,368516,0,0,0,0,0
7,-180,8.319,54,4826163,31,711,-558,149826,0,0,0,0,0,1169,12656,280824,368516,0,0,0,0,0
7,-180,8.365,55,4826215,31,711,-558,149826,0,0,0,0,0,1169,12656,280824,368516,0,0,0,0,0
7,-180,8.431,56,4826271,31,711,-558,149826,0,0,0,0,0,1169,12656,280824,368516,0,0,0,0,0
7,-180,8.49,57,4826327,31,711,-558,149826,0,0,0,0,0,1169,12656,280824,368516,0,0,0,0,0
7,-180,8.537,58,4826383,31,711,-558,149826,0,0,0,0,0,1169,12656,280824,368516,0,0,0,0,0
7,-180,8.617,59,4826439,31,711,-558,149826,0,0,0,0,0,1169,12656,280824,368516,0,0,0,0,0
7,-180,8.654,60,4826495,31,711,-558,149826,0,0,0,0,0,1169,12656,280824,368516,0,0,0,0,0
7,-180,8.73,61,4826551,31,711,-558,149826,0,0,0,0,0,1169,12656,280824,368516,0,0,0,0,0
7,-180,8.758,62,4826607,31,711,-558,149826,0,0,0,0,0,1169,12656,280824,368516,0,0,0,0,0
7,-180,8.812,63,4826663,31,711,-558,149826,0,0,0,0,0,1169,12656,280824,368516,0,0,0,0,0
7,-180,8.869,64,4826719,31,711,-558,149826,0,0,0,0,0,1169,12656,280824,368516,0,0,0,0,0
7,-180,8.963,65,4826775,31,711,-558,149826,0,0,0,0,0,1169,12656,280824,368516,0,0,0,0,0
7,-180,8.995,66,4826831,31,711,-558,149826,0,0,0,0,0,1169,12656,280824,368516,0,0,0,0,0
7,-180,9.04,67,4826887,31,711,-558,149826,0,0,0,0,0,1169,12656,280824,368516,0,0,0,0,0
7,-180,9.091,68,4826943,31,711,-558,149826,0,0,0,0,0,1169,12656,280824,368516,0,0,0,0,0
7,-180,9.148,69,4826999,31,711,-558,149826,0,0,0,0,0,1169,12656,280824,368516,0,0,0,0,0
7,-180,9.225,70,4827055,31,711,-558,149826,0,0,0,0,0,1169,12656,280824,368516,0,0,0,0,0
7,-180,9.272,71,4827111,31,711,-558,149826,0,0,0,0,0,1169,12656,280824,368516,0,0,0,0,0
7,-180,9.33,72,4827167,31,711,-558,149826,0,0,0,0,0,1169,12656,280824,368516,0,0,0,0,0
7,-180,9.383,73,4827223,31,711,-558,149826,0,0,0,0,0,1169,12656,280824,368516,0,0,0,0,0
7,-180,9.433,74,4827275,31,711,-558,149826,0,0,0,0,0,1169,12656,280824,368516,0,0,0,0,0
7,-180,9.49,75,4827331,31,711,-558,149826,0,0,0,0,0,1169,12656,280824,368516,0,0,0,0,0
7,-180,9.539,76,4827387,31,711,-558,149826,0,0,0,0,0,1169,12656,280824,368516,0,0,0,0,0
7,-180,9.596,77,4827443,31,711,-558,149826,0,0,0,0,0,1169,12656,280824,368516,0,0,0,0,0
7,-180,9.672,78,4827499,31,711,-558,149826,0,0,0,0,0,1169,12656,280824,368516,0,0,0,0,0
7,-180,9.737,79,4827555,31,711,-558,149826,0,0,0,0,0,1169,12656,280824,368516,0,0,0,0,0
7,-180,9.764,80,4827611,31,711,-558,149826,0,0,0,0,0,1169,12656,280824,368516,0,0,0,0,0
7,-180,9.823,81,4827667,31,711,-558,149826,0,0,0,0,0,1169,12656,280824,368516,0,0,0,0,0
7,-180,9.895,82,4827723,31,711,-558,149826,0,0,0,0,0,1169,12656,280824,368516,0,0,0,0,0
7,-180,9.945,83,4827779,31,711,-558,149826,0,0,0,0,0,1169,12656,280824,368516,0,0,0,0,0
7,-180,9.986,84,4827835,31,711,-558,149826,0,0,0,0,0,1169,12656,280824,368516,0,0,0,0,0
7,-180,10.041,85,4827891,31,711,-558,149826,0,0,0,0,0,1169,12656,280824,368516,0,0,0,0,0
7,-180,10.098,86,4827947,31,711,-558,149826,0,0,0,0,0,1169,12656,280824,368516,0,0,0,0,0
7,-180,10.155,87,4828003,31,711,-558,149826,0,0,0,0,0,1169,12656,280824,368516,0,0,0,0,0
7,-180,10.21,88,4828059,31,711,-558,149826,0,0,0,0,0,1169,12656,280824,368516,0,0,0,0,0
7,-180,10.265,89,4828115,31,711,-558,149826,0,0,0,0,0,1169,12656,280824,368516,0,0,0,0,0
7,-180,10.325,90,4828171,31,711,-558,149826,0,0,0,0,0,1169,12656,280824,368516,0,0,0,0,0
7,-180,10.38,91,4828227,31,711,-558,149826,0,0,0,0,0,1169,12656,280824,368516,0,0,0,0,0
7,-180,10.45,92,4828283,31,711,-558,149826,0,0,0,0,0,1169,12656,280824,368516,0,0,0,0,0
7,-180,10.5,93,4828335,31,711,-558,149826,0,0,0,0,0,1169,12656,280824,368516,0,0,0,0,0
7,-180,10.553,94,4828391,31,711,-558,149826,0,0,0,0,0,1169,12656,280824,368516,0,0,0,0,0
7,-180,10.606,95,4828447,31,711,-558,149826,0,0,0,0,0,1169,12656,280824,368516,0,0,0,0,0
7,-180,10.666,96,4828503,31,711,-558,149826,0,0,0,0,0,1169,12656,280824,368516,0,0,0,0,0
7,-180,10.709,97,4828559,31,711,-558,149826,0,0,0,0,0,1169,12656,280824,368516,0,0,0,0,0
7,-180,10.78,98,4828615,31,711,-558,149826,0,0,0,0,0,1169,12656,280824,368516,0,0,0,0,0
7,-180,10.831,99,4828671,31,711,-558,149826,0,0,0,0,0,1169,12656,280824,368516,0,0,0,0,0
7,-180,10.881,100,4828727,31,711,-558,149826,0,0,0,0,0,1169,12656,280824,368516,0,0,0,0,0
7,-180,10.934,101,4828783,31,711,-558,149826,0,0,0,0,0,1169,12656,280824,368516,0,0,0,0,0
7,-180,10.992,102,4828839,31,711,-558,149826,0,0,0,0,0,1169,12656,280824,368516,0,0,0,0,0
7,-180,11.047,103,4828895,31,711,-558,149826,0,0,0,0,0,1169,12656,280824,368516,0,0,0,0,0
7,-180,11.107,104,4828951,31,711,-558,149826,0,0,0,0,0,1169,12656,280824,368516,0,0,0,0,0
7,-180,11.165,105,4829007,31,711,-558,149826,0,0,0,0,0,1169,12656,280824,368516,0,0,0,0,0
7,-180,11.224,106,4829063,31,711,-558,149826,0,0,0,0,0,1169,12656,280824,368516,0,0,0,0,0
8,180,0.009,111,4836483,31,711,-558,149826,0,0,0,0,0,1169,12656,280824,368516,0,0,0,0,0
8,180,0.07,112,4836535,31,711,-558,149826,0,0,0,0,0,1169,12657,280824,368516,0,0,0,0,0
8,180,0.139,113,4836601,31,711,-558,149869,0,0,0,0,18,1170,12660,280824,368527,-400,800,0,0,0
8,180,0.177,114,4836655,31,711,-557,149990,0,0,0,-5,46,1171,12662,280821,368555,-800,1200,0,0,0
8,180,0.241,115,4836721,31,712,-555,150284,0,0,0,-29,82,1171,12665,280801,368610,-1600,1800,0,0,0
8,180,0.308,116,4836775,31,713,-554,150675,0,0,0,-46,118,1171,12667,280771,368680,-2000,2100,0,0,0
8,180,0.402,117,4836841,31,713,-552,151489,0,0,0,-109,154,1171,12670,280690,368807,-2400,2600,0,0,0
8,180,0.418,118,4836895,31,714,-551,152240,0,0,0,-140,202,1171,12672,280612,368921,-2700,2800,0,0,0
8,180,0.483,119,4836961,31,714,-550,153547,0,0,0,-173,219,1171,12675,280462,369105,-3000,2900,0,0,0
8,180,0.541,120,4837015,31,713,-549,154497,0,0,0,-199,208,1172,12677,280346,369232,-3100,3000,0,0,0
8,180,0.627,121,4837081,31,713,-548,156047,0,0,0,-219,229,1172,12680,280162,369444,-2900,2300,0,0,0
8,180,0.667,122,4837135,31,713,-548,157021,0,0,0,-216,199,1172,12682,280035,369566,-2800,2200,0,0,0
8,180,0.726,123,4837201,31,713,-549,158378,0,0,0,-190,153,1172,12685,279854,369732,-2700,2000,0,0,0
8,180,0.778,124,4837255,31,714,-549,159247,0,0,0,-199,173,1172,12687,279735,369835,-2700,2200,0,0,0
8,180,0.865,125,4837320,31,715,-549,160546,0,0,0,-183,183,1172,12690,279562,369994,-2700,2300,0,0,0
8,180,0.897,126,4837375,31,715,-549,161410,0,0,0,-190,180,1172,12692,279446,370099,-2700,2400,0,0,0
8,180,0.961,127,4837440,31,715,-549,162768,0,0,0,-180,199,1172,12695,279274,370274,-2700,2400,0,0,0
8,180,1.018,0,4837495,31,715,-549,163719,0,0,0,-199,203,1172,12697,279151,370394,-2400,2100,0,0,0
8,180,1.087,1,4837561,31,717,-549,164771,0,0,0,-173,173,1173,12700,278990,370502,-1800,1500,0,0,0
8,180,1.151,2,4837615,31,715,-550,165683,0,0,0,-147,154,1173,12702,278901,370646,-1400,1000,0,0,0
8,180,1.202,3,4837681,31,715,-550,166496,0,0,0,-92,108,1173,12705,278796,370749,-900,600,0,0,0
8,180,1.257,4,4837735,31,715,-550,166825,0,0,0,-46,75,1173,12707,278757,370794,-700,400,0,0,0
8,180,1.327,5,4837800,31,715,-550,167173,0,0,0,-39,36,1173,12710,278712,370838,-300,300,0,0,0
8,180,1.406,6,4837880,31,715,-550,167291,0,0,0,0,0,1173,12714,278704,370860,0,0,0,0,0
8,180,1.464,7,4837935,31,715,-550,167291,0,0,0,0,0,1173,12714,278704,370860,0,0,0,0,0
8,180,1.508,8,4837987,31,715,-550,167291,0,0,0,0,0,1173,12714,278704,370860,0,0,0,0,0
8,180,1.568,9,4838043,31,715,-550,167291,0,0,0,0,0,1173,12714,278704,370860,0,0,0,0,0
8,180,1.633,10,4838099,31,715,-550,167291,0,0,0,0,0,1173,12714,278704,370860,0,0,0,0,0
8,180,1.677,11,4838155,31,715,-550,167291,0,0,0,0,0,1173,12714,278704,370860,0,0,0,0,0
8,180,1.734,12,4838211,31,715,-550,167291,0,0,0,0,0,1173,12714,278704,370860,0,0,0,0,0
8,180,1.787,13,4838267,31,715,-550,167291,0,0,0,0,0,1173,12714,278704,370860,0,0,0,0,0
8,180,1.852,14,4838323,31,715,-550,167291,0,0,0,0,0,1173,12714,278704,370860,0,0,0,0,0
8,180,1.902,15,4838379,31,715,-550,167291,0,0,0,0,0,1173,12714,278704,370860,0,0,0,0,0
8,180,1.961,16,4838435,31,715,-550,167291,0,0,0,0,0,1173,12714,278704,370860,0,0,0,0,0
8,180,2.012,17,4838491,31,715,-550,167291,0,0,0,0,0,1173,12714,278704,370860,0,0,0,0,0
8,180,2.07,18,4838547,31,715,-550,167291,0,0,0,0,0,1173,12714,278704,370860,0,0,0,0,0
8,180,2.139,19,4838603,31,715,-550,167291,0,0,0,0,0,1173,12714,278704,370860,0,0,0,0,0
8,180,2.186,20,4838659,31,715,-550,167291,0,0,0,0,0,1173,12714,278704,370860,0,0,0,0,0
8,180,2.236,21,4838715,31,715,-550,167291,0,0,0,0,0,1173,12714,278704,370860,0,0,0,0,0
8,180,2.3,22,4838771,31,715,-550,167291,0,0,0,0,0,1173,12714,278704,370860,0,0,0,0,0
8,180,2.36,23,4838827,31,715,-550,167291,0,0,0,0,0,1173,12714,278704,370860,0,0,0,0,0
8,180,2.415,24,4838883,31,715,-550,167291,0,0,0,0,0,1173,12714,278704,370860,0,0,0,0,0
8,180,2.467,25,4838939,31,715,-550,167291,0,0,0,0,0,1173,12714,278704,370860,0,0,0,0,0
8,180,2.523,26,4838995,31,715,-550,167291,0,0,0,0,0,1173,12714,278704,370860,0,0,0,0,0
8,180,2.572,27,4839047,31,715,-550,167291,0,0,0,0,0,1173,12714,278704,370860,0,0,0,0,0
8,180,2.636,28,4839103,31,715,-550,167291,0,0,0,0,0,1173,12714,278704,370860,0,0,0,0,0
8,180,2.688,29,4839159,31,715,-550,167291,0,0,0,0,0,1173,12714,278704,370860,0,0,0,0,0
8,180,2.74,30,4839215,31,715,-550,167291,0,0,0,0,0,1173,12714,278704,370860,0,0,0,0,0
8,180,2.793,31,4839271,31,715,-550,167291,0,0,0,0,0,1173,12714,278704,370860,0,0,0,0,0
8,180,2.847,32,4839327,31,715,-550,167291,0,0,0,0,0,1173,12714,278704,370860,0,0,0,0,0
8,180,2.904,33,4839383,31,715,-550,167291,0,0,0,0,0,1173,12714,278704,370860,0,0,0,0,0
8,180,2.982,34,4839439,31,715,-550,167291,0,0,0,0,0,1173,12714,278704,370860,0,0,0,0,0
8,180,3.02,35,4839495,31,715,-550,167291,0,0,0,0,0,1173,12714,278704,370860,0,0,0,0,0
8,180,3.087,36,4839551,31,715,-550,167291,0,0,0,0,0,1173,12714,278704,370860,0,0,0,0,0
8,180,3.135,37,4839607,31,715,-550,167291,0,0,0,0,0,1173,12714,278704,370860,0,0,0,0,0
8,180,3.186,38,4839663,31,715,-550,167291,0,0,0,0,0,1173,12714,278704,370860,0,0,0,0,0
8,180,3.24,39,4839719,31,715,-550,167291,0,0,0,0,0,1173,12714,278704,370860,0,0,0,0,0
8,180,3.319,40,4839775,31,715,-550,167291,0,0,0,0,0,1173,12714,278704,370860,0,0,0,0,0
8,180,3.356,41,4839831,31,715,-550,167291,0,0,0,0,0,1173,12714,278704,370860,0,0,0,0,0
8,180,3.418,42,4839887,31,715,-550,167291,0,0,0,0,0,1173,12714,278704,370860,0,0,0,0,0
8,180,3.466,43,4839943,31,715,-550,167291,0,0,0,0,0,1173,12714,278704,370860,0,0,0,0,0
8,180,3.52,44,4839999,31,715,-550,167291,0,0,0,0,0,1173,12714,278704,370860,0,0,0,0,0
8,180,3.607,45,4840055,31,715,-550,167291,0,0,0,0,0,1173,12714,278704,370860,0,0,0,0,0
8,180,3.641,46,4840107,31,715,-550,167291,0,0,0,0,0,1173,12714,278704,370860,0,0,0,0,0
8,180,3.696,47,4840163,31,715,-550,167291,0,0,0,0,0,1173,12714,278704,370860,0,0,0,0,0
8,180,3.746,48,4840219,31,715,-550,167291,0,0,0,0,0,1173,12714,278704,370860,0,0,0,0,0
8,180,3.8,49,4840275,31,715,-550,167291,0,0,0,0,0,1173,12714,278704,370860,0,0,0,0,0
8,180,3.854,50,4840331,31,715,-550,167291,0,0,0,0,0,1173,12714,278704,370860,0,0,0,0,0
8,180,3.913,51,4840387,31,715,-550,167291,0,0,0,0,0,1173,12714,278704,370860,0,0,0,0,0
8,180,3.982,52,4840443,31,715,-550,167291,0,0,0,0,0,1173,12714,278704,370860,0,0,0,0,0
8,180,4.023,53,4840499,31,715,-550,167291,0,0,0,0,0,1173,12714,278704,370860,0,0,0,0,0
8,180,4.076,54,4840555,31,715,-550,167291,0,0,0,0,0,1173,12714,278704,370860,0,0,0,0,0
8,180,4.131,55,4840611,31,715,-550,167291,0,0,0,0,0,1173,12714,278704,370860,0,0,0,0,0
8,180,4.191,56,4840667,31,715,-550,167291,0,0,0,0,0,1173,12714,278704,370860,0,0,0,0,0
8,180,4.247,57,4840723,31,715,-550,167291,0,0,0,0,0,1173,12714,278704,370860,0,0,0,0,0
8,180,4.314,58,4840779,31,715,-550,167291,0,0,0,0,0,1173,12714,278704,370860,0,0,0,0,0
8,180,4.361,59,4840835,31,715,-550,167291,0,0,0,0,0,1173,12714,278704,370860,0,0,0,0,0
8,180,4.412,60,4840891,31,715,-550,167291,0,0,0,0,0,1173,12714,278704,370860,0,0,0,0,0
8,180,4.475,61,4840947,31,715,-550,167291,0,0,0,0,0,1173,12714,278704,370860,0,0,0,0,0
8,180,4.529,62,4841003,31,715,-550,167291,0,0,0,0,0,1173,12714,278704,370860,0,0,0,0,0
8,180,4.587,63,4841059,31,715,-550,167291,0,0,0,0,0,1173,12714,278704,370860,0,0,0,0,0
8,180,4.651,64,4841115,31,715,-550,167291,0,0,0,0,0,1173,12714,278704,370860,0,0,0,0,0
8,180,4.69,65,4841167,31,715,-550,167291,0,0,0,0,0,1173,12714,278704,370860,0,0,0,0,0
8,180,4.744,66,4841223,31,715,-550,167291,0,0,0,0,0,1173,12714,278704,370860,0,0,0,0,0
8,180,4.817,67,4841279,31,715,-550,167291,0,0,0,0,0,1173,12714,278704,370860,0,0,0,0,0
8,180,4.858,68,4841335,31,715,-550,167291,0,0,0,0,0,1173,12714,278704,370860,0,0,0,0,0
8,180,4.916,69,4841391,31,715,-550,167291,0,0,0,0,0,1173,12714,278704,370860,0,0,0,0,0
8,180,4.969,70,4841447,31,715,-550,167291,0,0,0,0,0,1173,12714,278704,370860,0,0,0,0,0
8,180,5.027,71,4841503,31,715,-550,167291,0,0,0,0,0,1173,12714,278704,370860,0,0,0,0,0
8,180,5.086,72,4841559,31,715,-550,167291,0,0,0,0,0,1173,12714,278704,370860,0,0,0,0,0
8,180,5.14,73,4841615,31,715,-550,167291,0,0,0,0,0,1173,12714,278704,370860,0,0,0,0,0
8,180,5.193,74,4841671,31,715,-550,167291,0,0,0,0,0,1173,12714,278704,370860,0,0,0,0,0
8,180,5.25,75,4841727,31,715,-550,167291,0,0,0,0,0,1173,12714,278704,370860,0,0,0,0,0
8,180,5.306,76,4841783,31,715,-550,167291,0,0,0,0,0,1173,12714,278704,370860,0,0,0,0,0
8,180,5.364,77,4841839,31,715,-550,167291,0,0,0,0,0,1173,12714,278704,370860,0,0,0,0,0
8,180,5.417,78,4841895,31,715,-550,167291,0,0,0,0,0,1173,12714,278704,370860,0,0,0,0,0
8,180,5.47,79,4841951,31,715,-550,167291,0,0,0,0,0,1173,12714,278704,370860,0,0,0,0,0
8,180,5.539,80,4842007,31,715,-550,167291,0,0,0,0,0,1173,12714,278704,370860,0,0,0,0,0
8,180,5.593,81,4842063,31,715,-550,167291,0,0,0,0,0,1173,12714,278704,370860,0,0,0,0,0
8,180,5.645,82,4842119,31,715,-550,167291,0,0,0,0,0,1173,12714,278704,370860,0,0,0,0,0
8,180,5.704,83,4842175,31,715,-550,167291,0,0,0,0,0,1173,12714,278704,370860,0,0,0,0,0
8,180,5.75,84,4842227,31,715,-550,167291,0,0,0,0,0,1173,12714,278704,370860,0,0,0,0,0
8,180,5.803,85,4842283,31,715,-550,167291,0,0,0,0,0,1173,12714,278704,370860,0,0,0,0,0
8,180,5.859,86,4842339,31,715,-550,167291,0,0,0,0,0,1173,12714,278704,370860,0,0,0,0,0
8,180,5.918,87,4842395,31,715,-550,167291,0,0,0,0,0,1173,12714,278704,370860,0,0,0,0,0
8,180,5.975,88,4842451,31,715,-550,167291,0,0,0,0,0,1173,12714,278704,370860,0,0,0,0,0
8,180,6.035,89,4842507,31,715,-550,167291,0,0,0,0,0,1173,12714,278704,370860,0,0,0,0,0
8,180,6.082,90,4842563,31,715,-550,167291,0,0,0,0,0,1173,12714,278704,370860,0,0,0,0,0
8,180,6.139,91,4842619,31,715,-550,167291,0,0,0,0,0,1173,12714,278704,370860,0,0,0,0,0
8,180,6.201,92,4842675,31,715,-550,167291,0,0,0,0,0,1173,12714,278704,370860,0,0,0,0,0
8,180,6.26,93,4842731,31,715,-550,167291,0,0,0,0,0,1173,12714,278704,370860,0,0,0,0,0
8,180,6.307,94,4842787,31,715,-550,167291,0,0,0,0,0,1173,12714,278704,370860,0,0,0,0,0
8,180,6.369,95,4842843,31,715,-550,167291,0,0,0,0,0,1173,12714,278704,370860,0,0,0,0,0
8,180,6.442,96,4842899,31,715,-550,167291,0,0,0,0,0,1173,12714,278704,370860,0,0,0,0,0
8,180,6.482,97,4842955,31,715,-550,167291,0,0,0,0,0,1173,12714,278704,370860,0,0,0,0,0
8,180,6.541,98,4843011,31,715,-550,167291,0,0,0,0,0,1173,12714,278704,370860,0,0,0,0,0
8,180,6.591,99,4843067,31,715,-550,167291,0,0,0,0,0,1173,12714,278704,370860,0,0,0,0,0
8,180,6.643,100,4843123,31,715,-550,167291,0,0,0,0,0,1173,12714,278704,370860,0,0,0,0,0
8,180,6.699,101,4843179,31,715,-550,167291,0,0,0,0,0,1173,12714,278704,370860,0,0,0,0,0
8,180,6.767,102,4843235,31,715,-550,167291,0,0,0,0,0,1173,12714,278704,370860,0,0,0,0,0
8,180,6.811,103,4843287,31,715,-550,167291,0,0,0,0,0,1173,12714,278704,370860,0,0,0,0,0
8,180,6.87,104,4843343,31,715,-550,167291,0,0,0,0,0,1173,12714,278704,370860,0,0,0,0,0
8,180,6.92,105,4843399,31,715,-550,167291,0,0,0,0,0,1173,12714,278704,370860,0,0,0,0,0
8,180,6.976,106,4843455,31,715,-550,167291,0,0,0,0,0,1173,12714,278704,370860,0,0,0,0,0
8,180,7.032,107,4843511,31,715,-550,167291,0,0,0,0,0,1173,12714,278704,370860,0,0,0,0,0
8,180,7.092,108,4843567,31,715,-550,167291,0,0,0,0,0,1173,12714,278704,370860,0,0,0,0,0
8,180,7.153,109,4843623,31,715,-550,167291,0,0,0,0,0,1173,12714,278704,370860,0,0,0,0,0
8,180,7.201,110,4843679,31,715,-550,167291,0,0,0,0,0,1173,12714,278704,370860,0,0,0,0,0
8,180,7.256,111,4843735,31,715,-550,167291,0,0,0,0,0,1173,12714,278704,370860,0,0,0,0,0
8,180,7.318,112,4843791,31,715,-550,167291,0,0,0,0,0,1173,12714,278704,370860,0,0,0,0,0
8,180,7.373,113,4843847,31,715,-550,167291,0,0,0,0,0,1173,12714,278704,370860,0,0,0,0,0
8,180,7.438,114,4843903,31,715,-550,167291,0,0,0,0,0,1173,12714,278704,370860,0,0,0,0,0
8,180,7.486,115,4843959,31,715,-550,167291,0,0,0,0,0,1173,12714,278704,370860,0,0,0,0,0
8,180,7.537,116,4844015,31,715,-550,167291,0,0,0,0,0,1173,12714,278704,370860,0,0,0,0,0
8,180,7.603,117,4844071,31,715,-550,167291,0,0,0,0,0,1173,12714,278704,370860,0,0,0,0,0
8,180,7.653,118,4844127,31,715,-550,167291,0,0,0,0,0,1173,12714,278704,370860,0,0,0,0,0
8,180,7.704,119,4844183,31,715,-550,167291,0,0,0,0,0,1173,12714,278704,370860,0,0,0,0,0
8,180,7.763,120,4844239,31,715,-550,167291,0,0,0,0,0,1173,12714,278704,370860,0,0,0,0,0
8,180,7.822,121,4844295,31,715,-550,167291,0,0,0,0,0,1173,12714,278704,370860,0,0,0,0,0
8,180,7.867,122,4844347,31,715,-550,167291,0,0,0,0,0,1173,12714,278704,370860,0,0,0,0,0
8,180,7.929,123,4844403,31,715,-550,167291,0,0,0,0,0,1173,12714,278704,370860,0,0,0,0,0
8,180,7.983,124,4844459,31,715,-550,167291,0,0,0,0,0,1173,12714,278704,370860,0,0,0,0,0
8,180,8.045,125,4844515,31,715,-550,167291,0,0,0,0,0,1173,12714,278704,370860,0,0,0,0,0
8,180,8.098,126,4844571,31,715,-550,167291,0,0,0,0,0,1173,12714,278704,370860,0,0,0,0,0
8,180,8.149,127,4844627,31,715,-550,167291,0,0,0,0,0,1173,12714,278704,370860,0,0,0,0,0
8,180,8.208,0,4844683,31,715,-550,167291,0,0,0,0,0,1173,12714,278704,370860,0,0,0,0,0
8,180,8.262,1,4844739,31,715,-550,167291,0,0,0,0,0,1173,12714,278704,370860,0,0,0,0,0
8,180,8.314,2,4844795,31,715,-550,167291,0,0,0,0,0,1173,12714,278704,370860,0,0,0,0,0
8,180,8.371,3,4844851,31,715,-550,167291,0,0,0,0,0,1173,12714,278704,370860,0,0,0,0,0
8,180,8.453,4,4844907,31,715,-550,167291,0,0,0,0,0,1173,12714,278704,370860,0,0,0,0,0
8,180,8.486,5,4844963,31,715,-550,167291,0,0,0,0,0,1173,12714,278704,370860,0,0,0,0,0
8,180,8.541,6,4845019,31,715,-550,167291,0,0,0,0,0,1173,12714,278704,370860,0,0,0,0,0
8,180,8.595,7,4845075,31,715,-550,167291,0,0,0,0,0,1173,12714,278704,370860,0,0,0,0,0
8,180,8.654,8,4845131,31,715,-550,167291,0,0,0,0,0,1173,12714,278704,370860,0,0,0,0,0
8,180,8.717,9,4845187,31,715,-550,167291,0,0,0,0,0,1173,12714,278704,370860,0,0,0,0,0
8,180,8.778,10,4845243,31,715,-550,167291,0,0,0,0,0,1173,12714,278704,370860,0,0,0,0,0
8,180,8.923,11,4845299,31,715,-550,167291,0,0,0,0,0,1173,12714,278704,370860,0,0,0,0,0
8,180,8.923,12,4845355,31,715,-550,167291,0,0,0,0,0,1173,12714,278704,370860,0,0,0,0,0
8,180,8.929,13,4845407,31,715,-550,167291,0,0,0,0,0,1173,12714,278704,370860,0,0,0,0,0
8,180,9.001,14,4845463,31,715,-550,167291,0,0,0,0,0,1173,12714,278704,370860,0,0,0,0,0
8,180,9.041,15,4845519,31,715,-550,167291,0,0,0,0,0,1173,12714,278704,370860,0,0,0,0,0
8,180,9.095,16,4845575,31,715,-550,167291,0,0,0,0,0,1173,12714,278704,370860,0,0,0,0,0
8,180,9.152,17,4845631,31,715,-550,167291,0,0,0,0,0,1173,12714,278704,370860,0,0,0,0,0
8,180,9.217,18,4845687,31,715,-550,167291,0,0,0,0,0,1173,12714,278704,370860,0,0,0,0,0
9,90,-0.039,1,4851879,31,715,-550,167291,0,0,0,0,0,1173,12714,278704,370860,0,0,0,0,0
9,90,0.011,2,4851935,31,715,-550,167291,0,0,0,0,0,1173,12714,278704,370860,0,0,0,0,0
9,90,0.067,3,4851989,31,715,-550,167291,0,0,0,0,0,1173,12716,278704,370860,0,500,0,0,0
9,90,0.159,4,4852043,31,714,-551,167345,0,0,0,0,23,1174,12718,278704,370874,-400,900,0,0,0
9,90,0.204,5,4852109,31,713,-552,167498,0,0,0,-20,52,1175,12721,278701,370910,-1100,1400,0,0,0
9,90,0.239,6,4852163,31,713,-553,167737,0,0,0,-20,82,1176,12723,278690,370960,-1700,1800,0,0,0
9,90,0.305,7,4852228,31,712,-555,168410,0,0,0,-92,134,1176,12726,278629,371071,-2200,2000,0,0,0
9,90,0.363,8,4852283,31,711,-555,169063,0,0,0,-137,154,1176,12728,278557,371166,-2400,2200,0,0,0
9,90,0.496,9,4852349,31,711,-557,170213,0,0,0,-163,199,1176,12731,278424,371327,-2700,2600,0,0,0
9,90,0.498,10,4852403,31,711,-557,171093,0,0,0,-173,199,1176,12733,278321,371449,-3000,2700,0,0,0
9,90,0.545,11,4852469,31,711,-558,172564,0,0,0,-199,219,1176,12736,278140,371644,-2600,2200,0,0,0
9,90,0.61,12,4852523,31,711,-558,173519,0,0,0,-199,199,1176,12738,278018,371766,-2000,1700,0,0,0
9,90,0.68,13,4852589,31,711,-558,174681,0,0,0,-137,137,1176,12741,277868,371913,-1200,900,0,0,0
9,90,0.724,14,4852643,31,711,-558,175244,0,0,0,-108,108,1176,12743,277799,371988,-900,600,0,0,0
9,90,1.086,15,4852748,31,711,-558,175866,0,0,0,0,0,1176,12749,277721,372069,0,0,0,0,0
9,90,1.48,16,4852803,31,711,-558,175866,0,0,0,0,0,1176,12749,277721,372069,0,0,0,0,0
9,90,1.48,17,4852859,31,711,-558,175866,0,0,0,0,0,1176,12749,277721,372069,0,0,0,0,0
9,90,1.48,18,4852911,31,711,-558,175866,0,0,0,0,0,1176,12749,277721,372069,0,0,0,0,0
9,90,1.48,19,4852967,31,711,-558,175866,0,0,0,0,0,1176,12749,277721,372069,0,0,0,0,0
