turn,commanded,t_rel,seq,now,flags,x,y,h,ox,oy,oh,vl,vr,i2cf,cyc,posl,posr,dutl,dutr,lexc,wrng,cycovr
1,90,-0.002,59,2396151,31,0,-4,46309,0,0,0,0,0,3,295,-7433,7527,0,0,0,0,0
1,90,0.064,60,2396219,31,0,-4,46309,0,0,0,0,0,3,296,-7433,7527,-800,800,0,0,0
1,90,0.138,61,2396291,31,0,-4,46492,0,0,0,-50,58,3,299,-7461,7558,-1200,1100,0,0,0
1,90,0.211,62,2396363,31,0,-4,46678,0,0,0,-32,41,3,302,-7488,7591,-1300,1300,0,0,0
1,90,0.28,63,2396435,31,0,-4,47006,0,0,0,-47,64,3,305,-7538,7647,-1800,1800,0,0,0
1,90,0.352,64,2396507,31,0,-4,47489,0,0,0,-96,91,3,308,-7616,7725,-2200,2300,0,0,0
1,90,0.424,65,2396579,31,0,-3,48182,0,0,0,-128,129,3,311,-7727,7838,-2700,2700,0,0,0
1,90,0.568,67,2396723,31,0,-3,50126,0,0,0,-178,178,3,317,-8038,8155,-2900,2900,0,0,0
1,90,0.641,68,2396795,31,0,-3,51194,0,0,0,-169,169,3,320,-8208,8330,-2900,2900,0,0,0
1,90,0.714,69,2396867,31,-1,-3,52278,0,0,0,-161,178,3,323,-8377,8511,-2900,2800,0,0,0
1,90,0.795,70,2396939,31,0,-3,53346,0,0,0,-172,178,3,326,-8550,8683,-2800,2800,0,0,0
1,90,1.019,72,2397172,31,-1,-3,55785,0,0,0,0,0,3,338,-8933,9088,0,0,0,0,0
1,90,1.068,73,2397223,31,-1,-3,55785,0,0,0,0,0,3,340,-8933,9088,0,0,0,0,0
1,90,1.14,74,2397295,31,-1,-3,55785,0,0,0,0,0,3,343,-8933,9088,0,0,0,0,0
1,90,1.213,75,2397367,31,-1,-3,55785,0,0,0,0,0,3,346,-8933,9088,0,0,0,0,0
1,90,1.284,76,2397439,31,-1,-3,55785,0,0,0,0,0,3,349,-8933,9088,0,0,0,0,0
1,90,1.356,77,2397511,31,-1,-3,55785,0,0,0,0,0,3,352,-8933,9088,0,0,0,0,0
1,90,1.428,78,2397583,31,-1,-3,55785,0,0,0,0,0,3,355,-8933,9088,0,0,0,0,0
1,90,1.5,79,2397655,31,-1,-3,55785,0,0,0,0,0,3,358,-8933,9088,0,0,0,0,0
1,90,1.644,81,2397799,31,-1,-3,55785,0,0,0,0,0,3,364,-8933,9088,0,0,0,0,0
1,90,1.717,82,2397871,31,-1,-3,55785,0,0,0,0,0,3,367,-8933,9088,0,0,0,0,0
1,90,1.788,83,2397943,31,-1,-3,55785,0,0,0,0,0,3,370,-8933,9088,0,0,0,0,0
1,90,1.86,84,2398015,31,-1,-3,55785,0,0,0,0,0,3,373,-8933,9088,0,0,0,0,0
1,90,2.003,86,2398159,31,-1,-3,55785,0,0,0,0,0,3,379,-8933,9088,0,0,0,0,0
1,90,2.076,87,2398231,31,-1,-3,55785,0,0,0,0,0,3,382,-8933,9088,0,0,0,0,0
1,90,2.149,88,2398303,31,-1,-3,55785,0,0,0,0,0,3,385,-8933,9088,0,0,0,0,0
1,90,2.229,89,2398375,31,-1,-3,55785,0,0,0,0,0,3,388,-8933,9088,0,0,0,0,0
1,90,2.291,90,2398447,31,-1,-3,55785,0,0,0,0,0,3,391,-8933,9088,0,0,0,0,0
1,90,2.364,91,2398519,31,-1,-3,55785,0,0,0,0,0,3,394,-8933,9088,0,0,0,0,0
1,90,2.437,92,2398591,31,-1,-3,55785,0,0,0,0,0,3,397,-8933,9088,0,0,0,0,0
1,90,2.508,93,2398663,31,-1,-3,55785,0,0,0,0,0,3,400,-8933,9088,0,0,0,0,0
1,90,2.581,94,2398735,31,-1,-3,55785,0,0,0,0,0,3,403,-8933,9088,0,0,0,0,0
1,90,2.653,95,2398807,31,-1,-3,55785,0,0,0,0,0,3,406,-8933,9088,0,0,0,0,0
1,90,2.724,96,2398879,31,-1,-3,55785,0,0,0,0,0,3,409,-8933,9088,0,0,0,0,0
1,90,2.796,97,2398951,31,-1,-3,55785,0,0,0,0,0,3,412,-8933,9088,0,0,0,0,0
1,90,2.868,98,2399023,31,-1,-3,55785,0,0,0,0,0,3,415,-8933,9088,0,0,0,0,0
1,90,2.939,99,2399095,31,-1,-3,55785,0,0,0,0,0,3,418,-8933,9088,0,0,0,0,0
1,90,3.012,100,2399167,31,-1,-3,55785,0,0,0,0,0,3,421,-8933,9088,0,0,0,0,0
1,90,3.069,101,2399223,31,-1,-3,55785,0,0,0,0,0,3,423,-8933,9088,0,0,0,0,0
1,90,3.124,102,2399279,31,-1,-3,55785,0,0,0,0,0,3,423,-8933,9088,0,0,0,0,0
1,90,3.18,103,2399335,31,-1,-3,55785,0,0,0,0,0,3,423,-8933,9088,0,0,0,0,0
1,90,3.236,104,2399391,31,-1,-3,55785,0,0,0,0,0,3,423,-8933,9088,0,0,0,0,0
1,90,3.292,105,2399447,31,-1,-3,55785,0,0,0,0,0,3,423,-8933,9088,0,0,0,0,0
1,90,3.35,106,2399503,31,-1,-3,55785,0,0,0,0,0,3,423,-8933,9088,0,0,0,0,0
1,90,3.404,107,2399559,31,-1,-3,55785,0,0,0,0,0,3,423,-8933,9088,0,0,0,0,0
1,90,3.469,108,2399615,31,-1,-3,55785,0,0,0,0,0,3,423,-8933,9088,0,0,0,0,0
1,90,3.513,109,2399667,31,-1,-3,55785,0,0,0,0,0,3,423,-8933,9088,0,0,0,0,0
1,90,3.623,111,2399779,31,-1,-3,55785,0,0,0,0,0,3,423,-8933,9088,0,0,0,0,0
1,90,3.68,112,2399835,31,-1,-3,55785,0,0,0,0,0,3,423,-8933,9088,0,0,0,0,0
1,90,3.736,113,2399891,31,-1,-3,55785,0,0,0,0,0,3,423,-8933,9088,0,0,0,0,0
1,90,3.793,114,2399947,31,-1,-3,55785,0,0,0,0,0,3,423,-8933,9088,0,0,0,0,0
1,90,3.848,115,2400003,31,-1,-3,55785,0,0,0,0,0,3,423,-8933,9088,0,0,0,0,0
1,90,3.904,116,2400059,31,-1,-3,55785,0,0,0,0,0,3,423,-8933,9088,0,0,0,0,0
1,90,3.959,117,2400115,31,-1,-3,55785,0,0,0,0,0,3,423,-8933,9088,0,0,0,0,0
1,90,4.016,118,2400171,31,-1,-3,55785,0,0,0,0,0,3,423,-8933,9088,0,0,0,0,0
1,90,4.071,119,2400227,31,-1,-3,55785,0,0,0,0,0,3,423,-8933,9088,0,0,0,0,0
1,90,4.128,120,2400283,31,-1,-3,55785,0,0,0,0,0,3,423,-8933,9088,0,0,0,0,0
1,90,4.239,122,2400395,31,-1,-3,55785,0,0,0,0,0,3,423,-8933,9088,0,0,0,0,0
1,90,4.297,123,2400451,31,-1,-3,55785,0,0,0,0,0,3,423,-8933,9088,0,0,0,0,0
1,90,4.352,124,2400507,31,-1,-3,55785,0,0,0,0,0,3,423,-8933,9088,0,0,0,0,0
1,90,4.407,125,2400563,31,-1,-3,55785,0,0,0,0,0,3,423,-8933,9088,0,0,0,0,0
1,90,4.463,126,2400619,31,-1,-3,55785,0,0,0,0,0,3,423,-8933,9088,0,0,0,0,0
1,90,4.521,127,2400675,31,-1,-3,55785,0,0,0,0,0,3,423,-8933,9088,0,0,0,0,0
1,90,4.571,0,2400727,31,-1,-3,55785,0,0,0,0,0,3,423,-8933,9088,0,0,0,0,0
1,90,4.627,1,2400783,31,-1,-3,55785,0,0,0,0,0,3,423,-8933,9088,0,0,0,0,0
1,90,4.683,2,2400839,31,-1,-3,55785,0,0,0,0,0,3,423,-8933,9088,0,0,0,0,0
1,90,4.739,3,2400895,31,-1,-3,55785,0,0,0,0,0,3,423,-8933,9088,0,0,0,0,0
1,90,4.795,4,2400951,31,-1,-3,55785,0,0,0,0,0,3,423,-8933,9088,0,0,0,0,0
1,90,4.907,6,2401063,31,-1,-3,55785,0,0,0,0,0,3,423,-8933,9088,0,0,0,0,0
1,90,4.963,7,2401119,31,-1,-3,55785,0,0,0,0,0,3,423,-8933,9088,0,0,0,0,0
1,90,5.024,8,2401175,31,-1,-3,55785,0,0,0,0,0,3,423,-8933,9088,0,0,0,0,0
1,90,5.113,9,2401231,31,-1,-3,55785,0,0,0,0,0,3,423,-8933,9088,0,0,0,0,0
1,90,5.135,10,2401287,31,-1,-3,55785,0,0,0,0,0,3,423,-8933,9088,0,0,0,0,0
1,90,5.189,11,2401343,31,-1,-3,55785,0,0,0,0,0,3,423,-8933,9088,0,0,0,0,0
1,90,5.249,12,2401399,31,-1,-3,55785,0,0,0,0,0,3,423,-8933,9088,0,0,0,0,0
1,90,5.3,13,2401455,31,-1,-3,55785,0,0,0,0,0,3,423,-8933,9088,0,0,0,0,0
1,90,5.355,14,2401511,31,-1,-3,55785,0,0,0,0,0,3,423,-8933,9088,0,0,0,0,0
1,90,5.524,17,2401679,31,-1,-3,55785,0,0,0,0,0,3,423,-8933,9088,0,0,0,0,0
1,90,5.598,18,2401735,31,-1,-3,55785,0,0,0,0,0,3,423,-8933,9088,0,0,0,0,0
1,90,5.652,19,2401787,31,-1,-3,55785,0,0,0,0,0,3,423,-8933,9088,0,0,0,0,0
1,90,5.692,20,2401843,31,-1,-3,55785,0,0,0,0,0,3,423,-8933,9088,0,0,0,0,0
1,90,5.746,21,2401899,31,-1,-3,55785,0,0,0,0,0,3,423,-8933,9088,0,0,0,0,0
1,90,5.857,23,2402011,31,-1,-3,55785,0,0,0,0,0,3,423,-8933,9088,0,0,0,0,0
1,90,5.911,24,2402067,31,-1,-3,55785,0,0,0,0,0,3,423,-8933,9088,0,0,0,0,0
1,90,5.968,25,2402123,31,-1,-3,55785,0,0,0,0,0,3,423,-8933,9088,0,0,0,0,0
1,90,6.023,26,2402179,31,-1,-3,55785,0,0,0,0,0,3,423,-8933,9088,0,0,0,0,0
1,90,6.191,29,2402347,31,-1,-3,55785,0,0,0,0,0,3,423,-8933,9088,0,0,0,0,0
1,90,6.249,30,2402403,31,-1,-3,55785,0,0,0,0,0,3,423,-8933,9088,0,0,0,0,0
1,90,6.303,31,2402459,31,-1,-3,55785,0,0,0,0,0,3,423,-8933,9088,0,0,0,0,0
1,90,6.36,32,2402515,31,-1,-3,55785,0,0,0,0,0,3,423,-8933,9088,0,0,0,0,0
1,90,6.415,33,2402571,31,-1,-3,55785,0,0,0,0,0,3,423,-8933,9088,0,0,0,0,0
1,90,6.471,34,2402627,31,-1,-3,55785,0,0,0,0,0,3,423,-8933,9088,0,0,0,0,0
1,90,6.527,35,2402683,31,-1,-3,55785,0,0,0,0,0,3,423,-8933,9088,0,0,0,0,0
1,90,6.585,36,2402739,31,-1,-3,55785,0,0,0,0,0,3,423,-8933,9088,0,0,0,0,0
1,90,6.748,39,2402903,31,-1,-3,55785,0,0,0,0,0,3,423,-8933,9088,0,0,0,0,0
1,90,6.805,40,2402959,31,-1,-3,55785,0,0,0,0,0,3,423,-8933,9088,0,0,0,0,0
1,90,6.859,41,2403015,31,-1,-3,55785,0,0,0,0,0,3,423,-8933,9088,0,0,0,0,0
1,90,6.915,42,2403071,31,-1,-3,55785,0,0,0,0,0,3,423,-8933,9088,0,0,0,0,0
1,90,6.971,43,2403127,31,-1,-3,55785,0,0,0,0,0,3,423,-8933,9088,0,0,0,0,0
1,90,7.027,44,2403183,31,-1,-3,55785,0,0,0,0,0,3,423,-8933,9088,0,0,0,0,0
1,90,7.084,45,2403239,31,-1,-3,55785,0,0,0,0,0,3,423,-8933,9088,0,0,0,0,0
1,90,7.14,46,2403295,31,-1,-3,55785,0,0,0,0,0,3,423,-8933,9088,0,0,0,0,0
1,90,7.196,47,2403351,31,-1,-3,55785,0,0,0,0,0,3,423,-8933,9088,0,0,0,0,0
1,90,7.253,48,2403407,31,-1,-3,55785,0,0,0,0,0,3,423,-8933,9088,0,0,0,0,0
1,90,7.363,50,2403519,31,-1,-3,55785,0,0,0,0,0,3,423,-8933,9088,0,0,0,0,0
1,90,7.419,51,2403575,31,-1,-3,55785,0,0,0,0,0,3,423,-8933,9088,0,0,0,0,0
1,90,7.476,52,2403631,31,-1,-3,55785,0,0,0,0,0,3,423,-8933,9088,0,0,0,0,0
1,90,7.531,53,2403687,31,-1,-3,55785,0,0,0,0,0,3,423,-8933,9088,0,0,0,0,0
1,90,7.587,54,2403743,31,-1,-3,55785,0,0,0,0,0,3,423,-8933,9088,0,0,0,0,0
1,90,7.643,55,2403799,31,-1,-3,55785,0,0,0,0,0,3,423,-8933,9088,0,0,0,0,0
1,90,7.708,56,2403855,31,-1,-3,55785,0,0,0,0,0,3,423,-8933,9088,0,0,0,0,0
1,90,7.752,57,2403907,31,-1,-3,55785,0,0,0,0,0,3,423,-8933,9088,0,0,0,0,0
1,90,7.808,58,2403963,31,-1,-3,55785,0,0,0,0,0,3,423,-8933,9088,0,0,0,0,0
1,90,7.863,59,2404019,31,-1,-3,55785,0,0,0,0,0,3,423,-8933,9088,0,0,0,0,0
1,90,7.919,60,2404075,31,-1,-3,55785,0,0,0,0,0,3,423,-8933,9088,0,0,0,0,0
1,90,7.976,61,2404131,31,-1,-3,55785,0,0,0,0,0,3,423,-8933,9088,0,0,0,0,0
1,90,8.034,62,2404187,31,-1,-3,55785,0,0,0,0,0,3,423,-8933,9088,0,0,0,0,0
1,90,8.088,63,2404243,31,-1,-3,55785,0,0,0,0,0,3,423,-8933,9088,0,0,0,0,0
1,90,8.143,64,2404299,31,-1,-3,55785,0,0,0,0,0,3,423,-8933,9088,0,0,0,0,0
1,90,8.201,65,2404355,31,-1,-3,55785,0,0,0,0,0,3,423,-8933,9088,0,0,0,0,0
1,90,8.256,66,2404411,31,-1,-3,55785,0,0,0,0,0,3,423,-8933,9088,0,0,0,0,0
1,90,8.311,67,2404467,31,-1,-3,55785,0,0,0,0,0,3,423,-8933,9088,0,0,0,0,0
1,90,8.367,68,2404523,31,-1,-3,55785,0,0,0,0,0,3,423,-8933,9088,0,0,0,0,0
1,90,8.425,69,2404579,31,-1,-3,55785,0,0,0,0,0,3,423,-8933,9088,0,0,0,0,0
1,90,8.479,70,2404635,31,-1,-3,55785,0,0,0,0,0,3,423,-8933,9088,0,0,0,0,0
1,90,8.592,72,2404747,31,-1,-3,55785,0,0,0,0,0,3,423,-8933,9088,0,0,0,0,0
1,90,8.649,73,2404803,31,-1,-3,55785,0,0,0,0,0,3,423,-8933,9088,0,0,0,0,0
1,90,8.704,74,2404859,31,-1,-3,55785,0,0,0,0,0,3,423,-8933,9088,0,0,0,0,0
1,90,8.768,75,2404915,31,-1,-3,55785,0,0,0,0,0,3,423,-8933,9088,0,0,0,0,0
1,90,8.812,76,2404967,31,-1,-3,55785,0,0,0,0,0,3,423,-8933,9088,0,0,0,0,0
1,90,8.867,77,2405023,31,-1,-3,55785,0,0,0,0,0,3,423,-8933,9088,0,0,0,0,0
1,90,8.923,78,2405079,31,-1,-3,55785,0,0,0,0,0,3,423,-8933,9088,0,0,0,0,0
1,90,8.98,79,2405135,31,-1,-3,55785,0,0,0,0,0,3,423,-8933,9088,0,0,0,0,0
1,90,9.035,80,2405191,31,-1,-3,55785,0,0,0,0,0,3,423,-8933,9088,0,0,0,0,0
1,90,9.092,81,2405247,31,-1,-3,55785,0,0,0,0,0,3,423,-8933,9088,0,0,0,0,0
1,90,9.149,82,2405303,31,-1,-3,55785,0,0,0,0,0,3,423,-8933,9088,0,0,0,0,0
1,90,9.204,83,2405359,31,-1,-3,55785,0,0,0,0,0,3,423,-8933,9088,0,0,0,0,0
1,90,9.26,84,2405415,31,-1,-3,55785,0,0,0,0,0,3,423,-8933,9088,0,0,0,0,0
1,90,9.317,85,2405471,31,-1,-3,55785,0,0,0,0,0,3,423,-8933,9088,0,0,0,0,0
1,90,9.372,86,2405527,31,-1,-3,55785,0,0,0,0,0,3,423,-8933,9088,0,0,0,0,0
1,90,9.54,89,2405695,31,-1,-3,55785,0,0,0,0,0,3,423,-8933,9088,0,0,0,0,0
1,90,9.598,90,2405751,31,-1,-3,55785,0,0,0,0,0,3,423,-8933,9088,0,0,0,0,0
1,90,9.656,91,2405807,31,-1,-3,55785,0,0,0,0,0,3,423,-8933,9088,0,0,0,0,0
1,90,9.708,92,2405863,31,-1,-3,55785,0,0,0,0,0,3,423,-8933,9088,0,0,0,0,0
1,90,9.827,94,2405975,31,-1,-3,55785,0,0,0,0,0,3,423,-8933,9088,0,0,0,0,0
1,90,9.871,95,2406027,31,-1,-3,55785,0,0,0,0,0,3,423,-8933,9088,0,0,0,0,0
1,90,9.927,96,2406083,31,-1,-3,55785,0,0,0,0,0,3,423,-8933,9088,0,0,0,0,0
1,90,9.983,97,2406139,31,-1,-3,55785,0,0,0,0,0,3,423,-8933,9088,0,0,0,0,0
1,90,10.039,98,2406195,31,-1,-3,55785,0,0,0,0,0,3,423,-8933,9088,0,0,0,0,0
1,90,10.151,100,2406307,31,-1,-3,55785,0,0,0,0,0,3,423,-8933,9088,0,0,0,0,0
1,90,10.208,101,2406363,31,-1,-3,55785,0,0,0,0,0,3,423,-8933,9088,0,0,0,0,0
1,90,10.319,103,2406475,31,-1,-3,55785,0,0,0,0,0,3,423,-8933,9088,0,0,0,0,0
1,90,10.375,104,2406531,31,-1,-3,55785,0,0,0,0,0,3,423,-8933,9088,0,0,0,0,0
1,90,10.431,105,2406587,31,-1,-3,55785,0,0,0,0,0,3,423,-8933,9088,0,0,0,0,0
1,90,10.6,108,2406755,31,-1,-3,55785,0,0,0,0,0,3,423,-8933,9088,0,0,0,0,0
1,90,10.655,109,2406811,31,-1,-3,55785,0,0,0,0,0,3,423,-8933,9088,0,0,0,0,0
1,90,10.711,110,2406867,31,-1,-3,55785,0,0,0,0,0,3,423,-8933,9088,0,0,0,0,0
1,90,10.767,111,2406923,31,-1,-3,55785,0,0,0,0,0,3,423,-8933,9088,0,0,0,0,0
1,90,10.823,112,2406979,31,-1,-3,55785,0,0,0,0,0,3,423,-8933,9088,0,0,0,0,0
1,90,10.888,113,2407035,31,-1,-3,55785,0,0,0,0,0,3,423,-8933,9088,0,0,0,0,0
1,90,10.931,114,2407087,31,-1,-3,55785,0,0,0,0,0,3,423,-8933,9088,0,0,0,0,0
1,90,10.988,115,2407143,31,-1,-3,55785,0,0,0,0,0,3,423,-8933,9088,0,0,0,0,0
1,90,11.155,118,2407311,31,-1,-3,55785,0,0,0,0,0,3,423,-8933,9088,0,0,0,0,0
1,90,11.212,119,2407367,31,-1,-3,55785,0,0,0,0,0,3,423,-8933,9088,0,0,0,0,0
1,90,11.267,120,2407423,31,-1,-3,55785,0,0,0,0,0,3,423,-8933,9088,0,0,0,0,0
1,90,11.323,121,2407479,31,-1,-3,55785,0,0,0,0,0,3,423,-8933,9088,0,0,0,0,0
1,90,11.38,122,2407535,31,-1,-3,55785,0,0,0,0,0,3,423,-8933,9088,0,0,0,0,0
1,90,11.435,123,2407591,31,-1,-3,55785,0,0,0,0,0,3,423,-8933,9088,0,0,0,0,0
1,90,11.493,124,2407647,31,-1,-3,55785,0,0,0,0,0,3,423,-8933,9088,0,0,0,0,0
1,90,11.548,125,2407703,31,-1,-3,55785,0,0,0,0,0,3,423,-8933,9088,0,0,0,0,0
1,90,11.603,126,2407759,31,-1,-3,55785,0,0,0,0,0,3,423,-8933,9088,0,0,0,0,0
1,90,11.715,0,2407871,31,-1,-3,55785,0,0,0,0,0,3,423,-8933,9088,0,0,0,0,0
1,90,11.771,1,2407927,31,-1,-3,55785,0,0,0,0,0,3,423,-8933,9088,0,0,0,0,0
1,90,11.827,2,2407983,31,-1,-3,55785,0,0,0,0,0,3,423,-8933,9088,0,0,0,0,0
1,90,11.883,3,2408039,31,-1,-3,55785,0,0,0,0,0,3,423,-8933,9088,0,0,0,0,0
1,90,11.947,4,2408095,31,-1,-3,55785,0,0,0,0,0,3,423,-8933,9088,0,0,0,0,0
1,90,11.991,5,2408147,31,-1,-3,55785,0,0,0,0,0,3,423,-8933,9088,0,0,0,0,0
1,90,12.046,6,2408203,31,-1,-3,55785,0,0,0,0,0,3,423,-8933,9088,0,0,0,0,0
1,90,12.103,7,2408259,31,-1,-3,55785,0,0,0,0,0,3,423,-8933,9088,0,0,0,0,0
1,90,12.159,8,2408315,31,-1,-3,55785,0,0,0,0,0,3,423,-8933,9088,0,0,0,0,0
1,90,12.215,9,2408371,31,-1,-3,55785,0,0,0,0,0,3,423,-8933,9088,0,0,0,0,0
1,90,12.327,11,2408483,31,-1,-3,55785,0,0,0,0,0,3,423,-8933,9088,0,0,0,0,0
1,90,12.383,12,2408539,31,-1,-3,55785,0,0,0,0,0,3,423,-8933,9088,0,0,0,0,0
1,90,12.439,13,2408595,31,-1,-3,55785,0,0,0,0,0,3,423,-8933,9088,0,0,0,0,0
1,90,12.495,14,2408651,31,-1,-3,55785,0,0,0,0,0,3,423,-8933,9088,0,0,0,0,0
1,90,12.551,15,2408707,31,-1,-3,55785,0,0,0,0,0,3,423,-8933,9088,0,0,0,0,0
1,90,12.608,16,2408763,31,-1,-3,55785,0,0,0,0,0,3,423,-8933,9088,0,0,0,0,0
1,90,12.663,17,2408819,31,-1,-3,55785,0,0,0,0,0,3,423,-8933,9088,0,0,0,0,0
1,90,12.721,18,2408875,31,-1,-3,55785,0,0,0,0,0,3,423,-8933,9088,0,0,0,0,0
1,90,12.775,19,2408931,31,-1,-3,55785,0,0,0,0,0,3,423,-8933,9088,0,0,0,0,0
1,90,12.832,20,2408987,31,-1,-3,55785,0,0,0,0,0,3,423,-8933,9088,0,0,0,0,0
1,90,13.008,23,2409155,31,-1,-3,55785,0,0,0,0,0,3,423,-8933,9088,0,0,0,0,0
1,90,13.052,24,2409207,31,-1,-3,55785,0,0,0,0,0,3,423,-8933,9088,0,0,0,0,0
1,90,13.111,25,2409263,31,-1,-3,55785,0,0,0,0,0,3,423,-8933,9088,0,0,0,0,0
1,90,13.163,26,2409319,31,-1,-3,55785,0,0,0,0,0,3,423,-8933,9088,0,0,0,0,0
1,90,13.219,27,2409375,31,-1,-3,55785,0,0,0,0,0,3,423,-8933,9088,0,0,0,0,0
1,90,13.276,28,2409431,31,-1,-3,55785,0,0,0,0,0,3,423,-8933,9088,0,0,0,0,0
1,90,13.33,29,2409487,31,-1,-3,55785,0,0,0,0,0,3,423,-8933,9088,0,0,0,0,0
1,90,13.387,30,2409543,31,-1,-3,55785,0,0,0,0,0,3,423,-8933,9088,0,0,0,0,0
1,90,13.443,31,2409599,31,-1,-3,55785,0,0,0,0,0,3,423,-8933,9088,0,0,0,0,0
1,90,13.499,32,2409655,31,-1,-3,55785,0,0,0,0,0,3,423,-8933,9088,0,0,0,0,0
1,90,13.61,34,2409767,31,-1,-3,55785,0,0,0,0,0,3,423,-8933,9088,0,0,0,0,0
1,90,13.667,35,2409823,31,-1,-3,55785,0,0,0,0,0,3,423,-8933,9088,0,0,0,0,0
1,90,13.723,36,2409879,31,-1,-3,55785,0,0,0,0,0,3,423,-8933,9088,0,0,0,0,0
1,90,13.779,37,2409929,31,-1,-3,55785,0,0,0,0,0,3,423,-8933,9088,0,0,0,0,0
1,90,13.828,38,2409983,31,-1,-3,55785,0,0,0,0,0,3,423,-8933,9088,0,0,0,0,0
1,90,13.882,39,2410039,31,-1,-3,55785,0,0,0,0,0,3,423,-8933,9088,0,0,0,0,0
1,90,13.939,40,2410095,31,-1,-3,55785,0,0,0,0,0,3,423,-8933,9088,0,0,0,0,0
1,90,13.994,41,2410151,31,-1,-3,55785,0,0,0,0,0,3,423,-8933,9088,0,0,0,0,0
1,90,14.06,42,2410207,31,-1,-3,55785,0,0,0,0,0,3,423,-8933,9088,0,0,0,0,0
1,90,14.103,43,2410259,31,-1,-3,55785,0,0,0,0,0,3,423,-8933,9088,0,0,0,0,0
1,90,14.159,44,2410315,31,-1,-3,55785,0,0,0,0,0,3,423,-8933,9088,0,0,0,0,0
1,90,14.215,45,2410371,31,-1,-3,55785,0,0,0,0,0,3,423,-8933,9088,0,0,0,0,0
1,90,14.327,47,2410483,31,-1,-3,55785,0,0,0,0,0,3,423,-8933,9088,0,0,0,0,0
1,90,14.382,48,2410539,31,-1,-3,55785,0,0,0,0,0,3,423,-8933,9088,0,0,0,0,0
1,90,14.439,49,2410595,31,-1,-3,55785,0,0,0,0,0,3,423,-8933,9088,0,0,0,0,0
1,90,14.495,50,2410651,31,-1,-3,55785,0,0,0,0,0,3,423,-8933,9088,0,0,0,0,0
1,90,14.551,51,2410707,31,-1,-3,55785,0,0,0,0,0,3,423,-8933,9088,0,0,0,0,0
1,90,14.607,52,2410763,31,-1,-3,55785,0,0,0,0,0,3,423,-8933,9088,0,0,0,0,0
1,90,14.665,53,2410819,31,-1,-3,55785,0,0,0,0,0,3,423,-8933,9088,0,0,0,0,0
1,90,14.726,54,2410875,31,-1,-3,55785,0,0,0,0,0,3,423,-8933,9088,0,0,0,0,0
1,90,14.79,55,2410931,31,-1,-3,55785,0,0,0,0,0,3,423,-8933,9088,0,0,0,0,0
1,90,14.925,57,2411043,31,-1,-3,55785,0,0,0,0,0,3,423,-8933,9088,0,0,0,0,0
1,90,14.945,58,2411099,31,-1,-3,55785,0,0,0,0,0,3,423,-8933,9088,0,0,0,0,0
1,90,14.999,59,2411155,31,-1,-3,55785,0,0,0,0,0,3,423,-8933,9088,0,0,0,0,0
1,90,15.056,60,2411211,31,-1,-3,55785,0,0,0,0,0,3,423,-8933,9088,0,0,0,0,0
1,90,15.122,61,2411267,31,-1,-3,55785,0,0,0,0,0,3,423,-8933,9088,0,0,0,0,0
1,90,15.166,62,2411319,31,-1,-3,55785,0,0,0,0,0,3,423,-8933,9088,0,0,0,0,0
1,90,15.219,63,2411375,31,-1,-3,55785,0,0,0,0,0,3,423,-8933,9088,0,0,0,0,0
1,90,15.276,64,2411431,31,-1,-3,55785,0,0,0,0,0,3,423,-8933,9088,0,0,0,0,0
1,90,15.331,65,2411487,31,-1,-3,55785,0,0,0,0,0,3,423,-8933,9088,0,0,0,0,0
1,90,15.388,66,2411543,31,-1,-3,55785,0,0,0,0,0,3,423,-8933,9088,0,0,0,0,0
1,90,15.445,67,2411599,31,-1,-3,55785,0,0,0,0,0,3,423,-8933,9088,0,0,0,0,0
1,90,15.555,69,2411711,31,-1,-3,55785,0,0,0,0,0,3,423,-8933,9088,0,0,0,0,0
1,90,15.611,70,2411767,31,-1,-3,55785,0,0,0,0,0,3,423,-8933,9088,0,0,0,0,0
1,90,15.666,71,2411823,31,-1,-3,55785,0,0,0,0,0,3,423,-8933,9088,0,0,0,0,0
1,90,15.722,72,2411879,31,-1,-3,55785,0,0,0,0,0,3,423,-8933,9088,0,0,0,0,0
1,90,15.779,73,2411935,31,-1,-3,55785,0,0,0,0,0,3,423,-8933,9088,0,0,0,0,0
1,90,15.835,74,2411991,31,-1,-3,55785,0,0,0,0,0,3,423,-8933,9088,0,0,0,0,0
1,90,15.891,75,2412047,31,-1,-3,55785,0,0,0,0,0,3,423,-8933,9088,0,0,0,0,0
1,90,15.947,76,2412103,31,-1,-3,55785,0,0,0,0,0,3,423,-8933,9088,0,0,0,0,0
1,90,16.003,77,2412159,31,-1,-3,55785,0,0,0,0,0,3,423,-8933,9088,0,0,0,0,0
1,90,16.058,78,2412215,31,-1,-3,55785,0,0,0,0,0,3,423,-8933,9088,0,0,0,0,0
1,90,16.115,79,2412271,31,-1,-3,55785,0,0,0,0,0,3,423,-8933,9088,0,0,0,0,0
1,90,16.179,80,2412327,31,-1,-3,55785,0,0,0,0,0,3,423,-8933,9088,0,0,0,0,0
1,90,16.223,81,2412379,31,-1,-3,55785,0,0,0,0,0,3,423,-8933,9088,0,0,0,0,0
1,90,16.279,82,2412435,31,-1,-3,55785,0,0,0,0,0,3,423,-8933,9088,0,0,0,0,0
1,90,16.334,83,2412491,31,-1,-3,55785,0,0,0,0,0,3,423,-8933,9088,0,0,0,0,0
1,90,16.391,84,2412547,31,-1,-3,55785,0,0,0,0,0,3,423,-8933,9088,0,0,0,0,0
1,90,16.447,85,2412603,31,-1,-3,55785,0,0,0,0,0,3,423,-8933,9088,0,0,0,0,0
1,90,16.503,86,2412659,31,-1,-3,55785,0,0,0,0,0,3,423,-8933,9088,0,0,0,0,0
1,90,16.56,87,2412715,31,-1,-3,55785,0,0,0,0,0,3,423,-8933,9088,0,0,0,0,0
1,90,16.616,88,2412771,31,-1,-3,55785,0,0,0,0,0,3,423,-8933,9088,0,0,0,0,0
1,90,16.672,89,2412827,31,-1,-3,55785,0,0,0,0,0,3,423,-8933,9088,0,0,0,0,0
1,90,16.782,91,2412939,31,-1,-3,55785,0,0,0,0,0,3,423,-8933,9088,0,0,0,0,0
1,90,16.839,92,2412995,31,-1,-3,55785,0,0,0,0,0,3,423,-8933,9088,0,0,0,0,0
1,90,16.894,93,2413051,31,-1,-3,55785,0,0,0,0,0,3,423,-8933,9088,0,0,0,0,0
1,90,16.951,94,2413107,31,-1,-3,55785,0,0,0,0,0,3,423,-8933,9088,0,0,0,0,0
1,90,17.006,95,2413163,31,-1,-3,55785,0,0,0,0,0,3,423,-8933,9088,0,0,0,0,0
1,90,17.063,96,2413219,31,-1,-3,55785,0,0,0,0,0,3,423,-8933,9088,0,0,0,0,0
1,90,17.12,97,2413275,31,-1,-3,55785,0,0,0,0,0,3,423,-8933,9088,0,0,0,0,0
1,90,17.175,98,2413331,31,-1,-3,55785,0,0,0,0,0,3,423,-8933,9088,0,0,0,0,0
1,90,17.239,99,2413387,31,-1,-3,55785,0,0,0,0,0,3,423,-8933,9088,0,0,0,0,0
1,90,17.283,100,2413439,31,-1,-3,55785,0,0,0,0,0,3,423,-8933,9088,0,0,0,0,0
1,90,17.396,102,2413551,31,-1,-3,55785,0,0,0,0,0,3,423,-8933,9088,0,0,0,0,0
1,90,17.507,104,2413663,31,-1,-3,55785,0,0,0,0,0,3,423,-8933,9088,0,0,0,0,0
1,90,17.566,105,2413719,31,-1,-3,55785,0,0,0,0,0,3,423,-8933,9088,0,0,0,0,0
1,90,17.627,106,2413775,31,-1,-3,55785,0,0,0,0,0,3,423,-8933,9088,0,0,0,0,0
1,90,17.68,107,2413831,31,-1,-3,55785,0,0,0,0,0,3,423,-8933,9088,0,0,0,0,0
1,90,17.734,108,2413887,31,-1,-3,55785,0,0,0,0,0,3,423,-8933,9088,0,0,0,0,0
1,90,17.858,109,2413943,31,-1,-3,55785,0,0,0,0,0,3,423,-8933,9088,0,0,0,0,0
1,90,17.858,110,2413999,31,-1,-3,55785,0,0,0,0,0,3,423,-8933,9088,0,0,0,0,0
1,90,17.9,111,2414055,31,-1,-3,55785,0,0,0,0,0,3,423,-8933,9088,0,0,0,0,0
1,90,18.019,113,2414167,31,-1,-3,55785,0,0,0,0,0,3,423,-8933,9088,0,0,0,0,0
1,90,18.139,115,2414279,31,-1,-3,55785,0,0,0,0,0,3,423,-8933,9088,0,0,0,0,0
1,90,18.235,117,2414391,31,-1,-3,55785,0,0,0,0,0,3,423,-8933,9088,0,0,0,0,0
1,90,18.319,118,2414447,31,-1,-3,55785,0,0,0,0,0,3,423,-8933,9088,0,0,0,0,0
1,90,18.348,119,2414499,31,-1,-3,55785,0,0,0,0,0,3,423,-8933,9088,0,0,0,0,0
1,90,18.513,122,2414667,31,-1,-3,55785,0,0,0,0,0,3,423,-8933,9088,0,0,0,0,0
1,90,18.566,123,2414723,31,-1,-3,55785,0,0,0,0,0,3,423,-8933,9088,0,0,0,0,0
1,90,18.735,126,2414891,31,-1,-3,55785,0,0,0,0,0,3,423,-8933,9088,0,0,0,0,0
1,90,18.79,127,2414947,31,-1,-3,55785,0,0,0,0,0,3,423,-8933,9088,0,0,0,0,0
1,90,18.848,0,2415003,31,-1,-3,55785,0,0,0,0,0,3,423,-8933,9088,0,0,0,0,0
1,90,18.904,1,2415059,31,-1,-3,55785,0,0,0,0,0,3,423,-8933,9088,0,0,0,0,0
1,90,18.96,2,2415115,31,-1,-3,55785,0,0,0,0,0,3,423,-8933,9088,0,0,0,0,0
1,90,19.014,3,2415171,31,-1,-3,55785,0,0,0,0,0,3,423,-8933,9088,0,0,0,0,0
1,90,19.072,4,2415227,31,-1,-3,55785,0,0,0,0,0,3,423,-8933,9088,0,0,0,0,0
1,90,19.127,5,2415283,31,-1,-3,55785,0,0,0,0,0,3,423,-8933,9088,0,0,0,0,0
1,90,19.183,6,2415339,31,-1,-3,55785,0,0,0,0,0,3,423,-8933,9088,0,0,0,0,0
1,90,19.306,8,2415451,31,-1,-3,55785,0,0,0,0,0,3,423,-8933,9088,0,0,0,0,0
1,90,19.36,9,2415507,31,-1,-3,55785,0,0,0,0,0,3,423,-8933,9088,0,0,0,0,0
1,90,19.405,10,2415559,31,-1,-3,55785,0,0,0,0,0,3,423,-8933,9088,0,0,0,0,0
1,90,19.465,11,2415615,31,-1,-3,55785,0,0,0,0,0,3,423,-8933,9088,0,0,0,0,0
1,90,19.515,12,2415671,31,-1,-3,55785,0,0,0,0,0,3,423,-8933,9088,0,0,0,0,0
1,90,19.571,13,2415727,31,-1,-3,55785,0,0,0,0,0,3,423,-8933,9088,0,0,0,0,0
1,90,19.628,14,2415783,31,-1,-3,55785,0,0,0,0,0,3,423,-8933,9088,0,0,0,0,0
1,90,19.682,15,2415839,31,-1,-3,55785,0,0,0,0,0,3,423,-8933,9088,0,0,0,0,0
1,90,19.74,16,2415895,31,-1,-3,55785,0,0,0,0,0,3,423,-8933,9088,0,0,0,0,0
1,90,19.796,17,2415951,31,-1,-3,55785,0,0,0,0,0,3,423,-8933,9088,0,0,0,0,0
1,90,20.019,21,2416175,31,-1,-3,55785,0,0,0,0,0,3,423,-8933,9088,0,0,0,0,0
1,90,20.074,22,2416231,31,-1,-3,55785,0,0,0,0,0,3,423,-8933,9088,0,0,0,0,0
1,90,20.187,24,2416343,31,-1,-3,55785,0,0,0,0,0,3,423,-8933,9088,0,0,0,0,0
1,90,20.246,25,2416399,31,-1,-3,55785,0,0,0,0,0,3,423,-8933,9088,0,0,0,0,0
1,90,20.298,26,2416455,31,-1,-3,55785,0,0,0,0,0,3,423,-8933,9088,0,0,0,0,0
1,90,20.357,27,2416511,31,-1,-3,55785,0,0,0,0,0,3,423,-8933,9088,0,0,0,0,0
1,90,20.463,29,2416619,31,-1,-3,55785,0,0,0,0,0,3,423,-8933,9088,0,0,0,0,0
1,90,20.52,30,2416675,31,-1,-3,55785,0,0,0,0,0,3,423,-8933,9088,0,0,0,0,0
1,90,20.575,31,2416731,31,-1,-3,55785,0,0,0,0,0,3,423,-8933,9088,0,0,0,0,0
1,90,20.634,32,2416787,31,-1,-3,55785,0,0,0,0,0,3,423,-8933,9088,0,0,0,0,0
1,90,20.688,33,2416843,31,-1,-3,55785,0,0,0,0,0,3,423,-8933,9088,0,0,0,0,0
1,90,20.743,34,2416899,31,-1,-3,55785,0,0,0,0,0,3,423,-8933,9088,0,0,0,0,0
1,90,20.799,35,2416955,31,-1,-3,55785,0,0,0,0,0,3,423,-8933,9088,0,0,0,0,0
1,90,20.857,36,2417011,31,-1,-3,55785,0,0,0,0,0,3,423,-8933,9088,0,0,0,0,0
1,90,20.915,37,2417067,31,-1,-3,55785,0,0,0,0,0,3,423,-8933,9088,0,0,0,0,0
1,90,21.022,39,2417179,31,-1,-3,55785,0,0,0,0,0,3,423,-8933,9088,0,0,0,0,0
1,90,21.135,41,2417291,31,-1,-3,55785,0,0,0,0,0,3,423,-8933,9088,0,0,0,0,0
1,90,21.19,42,2417347,31,-1,-3,55785,0,0,0,0,0,3,423,-8933,9088,0,0,0,0,0
1,90,21.249,43,2417403,31,-1,-3,55785,0,0,0,0,0,3,423,-8933,9088,0,0,0,0,0
1,90,21.304,44,2417459,31,-1,-3,55785,0,0,0,0,0,3,423,-8933,9088,0,0,0,0,0
1,90,21.416,46,2417571,31,-1,-3,55785,0,0,0,0,0,3,423,-8933,9088,0,0,0,0,0
1,90,21.483,47,2417627,31,-1,-3,55785,0,0,0,0,0,3,423,-8933,9088,0,0,0,0,0
1,90,21.524,48,2417679,31,-1,-3,55785,0,0,0,0,0,3,423,-8933,9088,0,0,0,0,0
1,90,21.635,50,2417791,31,-1,-3,55785,0,0,0,0,0,3,423,-8933,9088,0,0,0,0,0
1,90,21.691,51,2417847,31,-1,-3,55785,0,0,0,0,0,3,423,-8933,9088,0,0,0,0,0
1,90,21.746,52,2417903,31,-1,-3,55785,0,0,0,0,0,3,423,-8933,9088,0,0,0,0,0
1,90,21.802,53,2417959,31,-1,-3,55785,0,0,0,0,0,3,423,-8933,9088,0,0,0,0,0
1,90,21.858,54,2418015,31,-1,-3,55785,0,0,0,0,0,3,423,-8933,9088,0,0,0,0,0
1,90,21.915,55,2418071,31,-1,-3,55785,0,0,0,0,0,3,423,-8933,9088,0,0,0,0,0
1,90,21.971,56,2418127,31,-1,-3,55785,0,0,0,0,0,3,423,-8933,9088,0,0,0,0,0
1,90,22.028,57,2418183,31,-1,-3,55785,0,0,0,0,0,3,423,-8933,9088,0,0,0,0,0
1,90,22.083,58,2418239,31,-1,-3,55785,0,0,0,0,0,3,423,-8933,9088,0,0,0,0,0
1,90,22.14,59,2418295,31,-1,-3,55785,0,0,0,0,0,3,423,-8933,9088,0,0,0,0,0
1,90,22.194,60,2418351,31,-1,-3,55785,0,0,0,0,0,3,423,-8933,9088,0,0,0,0,0
1,90,22.25,61,2418407,31,-1,-3,55785,0,0,0,0,0,3,423,-8933,9088,0,0,0,0,0
1,90,22.306,62,2418463,31,-1,-3,55785,0,0,0,0,0,3,423,-8933,9088,0,0,0,0,0
1,90,22.418,64,2418575,31,-1,-3,55785,0,0,0,0,0,3,423,-8933,9088,0,0,0,0,0
1,90,22.475,65,2418631,31,-1,-3,55785,0,0,0,0,0,3,423,-8933,9088,0,0,0,0,0
1,90,22.54,66,2418687,31,-1,-3,55785,0,0,0,0,0,3,423,-8933,9088,0,0,0,0,0
1,90,22.582,67,2418739,31,-1,-3,55785,0,0,0,0,0,3,423,-8933,9088,0,0,0,0,0
1,90,22.638,68,2418795,31,-1,-3,55785,0,0,0,0,0,3,423,-8933,9088,0,0,0,0,0
1,90,22.695,69,2418851,31,-1,-3,55785,0,0,0,0,0,3,423,-8933,9088,0,0,0,0,0
1,90,22.751,70,2418907,31,-1,-3,55785,0,0,0,0,0,3,423,-8933,9088,0,0,0,0,0
1,90,22.806,71,2418963,31,-1,-3,55785,0,0,0,0,0,3,423,-8933,9088,0,0,0,0,0
1,90,22.864,72,2419019,31,-1,-3,55785,0,0,0,0,0,3,423,-8933,9088,0,0,0,0,0
1,90,22.919,73,2419075,31,-1,-3,55785,0,0,0,0,0,3,423,-8933,9088,0,0,0,0,0
1,90,23.03,75,2419187,31,-1,-3,55785,0,0,0,0,0,3,423,-8933,9088,0,0,0,0,0
1,90,23.087,76,2419243,31,-1,-3,55785,0,0,0,0,0,3,423,-8933,9088,0,0,0,0,0
1,90,23.144,77,2419299,31,-1,-3,55785,0,0,0,0,0,3,423,-8933,9088,0,0,0,0,0
1,90,23.198,78,2419355,31,-1,-3,55785,0,0,0,0,0,3,423,-8933,9088,0,0,0,0,0
1,90,23.255,79,2419411,31,-1,-3,55785,0,0,0,0,0,3,423,-8933,9088,0,0,0,0,0
1,90,23.311,80,2419467,31,-1,-3,55785,0,0,0,0,0,3,423,-8933,9088,0,0,0,0,0
1,90,23.37,81,2419523,31,-1,-3,55785,0,0,0,0,0,3,423,-8933,9088,0,0,0,0,0
1,90,23.424,82,2419579,31,-1,-3,55785,0,0,0,0,0,3,423,-8933,9088,0,0,0,0,0
1,90,23.48,83,2419635,31,-1,-3,55785,0,0,0,0,0,3,423,-8933,9088,0,0,0,0,0
1,90,23.536,84,2419691,31,-1,-3,55785,0,0,0,0,0,3,423,-8933,9088,0,0,0,0,0
1,90,23.601,85,2419747,31,-1,-3,55785,0,0,0,0,0,3,423,-8933,9088,0,0,0,0,0
1,90,23.643,86,2419799,31,-1,-3,55785,0,0,0,0,0,3,423,-8933,9088,0,0,0,0,0
1,90,23.699,87,2419855,31,-1,-3,55785,0,0,0,0,0,3,423,-8933,9088,0,0,0,0,0
1,90,23.755,88,2419911,31,-1,-3,55785,0,0,0,0,0,3,423,-8933,9088,0,0,0,0,0
1,90,23.81,89,2419967,31,-1,-3,55785,0,0,0,0,0,3,423,-8933,9088,0,0,0,0,0
1,90,23.877,90,2420023,31,-1,-3,55785,0,0,0,0,0,3,423,-8933,9088,0,0,0,0,0
2,-90,-0.026,89,2448531,31,-1,-3,55785,0,0,0,0,0,3,423,-8933,9088,0,0,0,0,0
2,-90,0.087,91,2448643,31,-1,-3,55785,0,0,0,0,0,3,423,-8933,9088,0,0,0,0,0
2,-90,0.142,92,2448699,31,-1,-3,55785,0,0,0,0,0,3,423,-8933,9088,0,0,0,0,0
2,-90,0.215,93,2448755,31,-1,-3,55785,0,0,0,0,0,3,423,-8933,9088,0,0,0,0,0
2,-90,0.255,94,2448811,31,-1,-3,55785,0,0,0,0,0,3,423,-8933,9088,0,0,0,0,0
2,-90,0.311,95,2448867,31,-1,-3,55785,0,0,0,0,0,3,423,-8933,9088,0,0,0,0,0
2,-90,0.366,96,2448923,31,-1,-3,55785,0,0,0,0,0,3,423,-8933,9088,0,0,0,0,0
2,-90,0.478,98,2449035,31,-1,-3,55785,0,0,0,0,0,3,423,-8933,9088,0,0,0,0,0
2,-90,0.537,99,2449091,31,-1,-3,55785,0,0,0,0,0,3,423,-8933,9088,0,0,0,0,0
2,-90,0.59,100,2449147,31,-1,-3,55785,0,0,0,0,0,3,423,-8933,9088,0,0,0,0,0
2,-90,0.647,101,2449203,31,-1,-3,55785,0,0,0,0,0,3,423,-8933,9088,0,0,0,0,0
2,-90,0.704,102,2449259,31,-1,-3,55785,0,0,0,0,0,3,423,-8933,9088,0,0,0,0,0
2,-90,0.758,103,2449315,31,-1,-3,55785,0,0,0,0,0,3,423,-8933,9088,0,0,0,0,0
2,-90,0.814,104,2449371,31,-1,-3,55785,0,0,0,0,0,3,423,-8933,9088,0,0,0,0,0
2,-90,0.879,105,2449427,31,-1,-3,55785,0,0,0,0,0,3,423,-8933,9088,0,0,0,0,0
2,-90,0.922,106,2449479,31,-1,-3,55785,0,0,0,0,0,3,423,-8933,9088,0,0,0,0,0
2,-90,1.004,107,2449535,31,-1,-3,55785,0,0,0,0,0,3,423,-8933,9088,0,0,0,0,0
2,-90,1.04,108,2449591,31,-1,-3,55785,0,0,0,0,0,3,423,-8933,9088,0,0,0,0,0
2,-90,1.157,110,2449703,31,-1,-3,55785,0,0,0,0,0,3,423,-8933,9088,0,0,0,0,0
2,-90,1.203,111,2449759,31,-1,-3,55785,0,0,0,0,0,3,423,-8933,9088,0,0,0,0,0
2,-90,1.267,112,2449815,31,-1,-3,55785,0,0,0,0,0,3,423,-8933,9088,0,0,0,0,0
2,-90,1.315,113,2449871,31,-1,-3,55785,0,0,0,0,0,3,423,-8933,9088,0,0,0,0,0
2,-90,1.372,114,2449928,31,-1,-3,55785,0,0,0,0,0,3,423,-8933,9088,0,0,0,0,0
2,-90,1.427,115,2449983,31,-1,-3,55785,0,0,0,0,0,3,423,-8933,9088,0,0,0,0,0
2,-90,1.508,116,2450039,31,-1,-3,55785,0,0,0,0,0,3,423,-8933,9088,0,0,0,0,0
2,-90,1.542,117,2450095,31,-1,-3,55785,0,0,0,0,0,3,423,-8933,9088,0,0,0,0,0
2,-90,1.6,118,2450151,31,-1,-3,55785,0,0,0,0,0,3,423,-8933,9088,0,0,0,0,0
2,-90,1.689,119,2450207,31,-1,-3,55785,0,0,0,0,0,3,423,-8933,9088,0,0,0,0,0
2,-90,1.717,120,2450263,31,-1,-3,55785,0,0,0,0,0,3,423,-8933,9088,0,0,0,0,0
2,-90,1.768,121,2450319,31,-1,-3,55785,0,0,0,0,0,3,423,-8933,9088,0,0,0,0,0
2,-90,1.877,123,2450431,31,-1,-3,55785,0,0,0,0,0,3,423,-8933,9088,0,0,0,0,0
2,-90,1.934,124,2450487,31,-1,-3,55785,0,0,0,0,0,3,423,-8933,9088,0,0,0,0,0
2,-90,1.983,125,2450539,31,-1,-3,55785,0,0,0,0,0,3,423,-8933,9088,0,0,0,0,0
2,-90,2.043,126,2450595,31,-1,-3,55785,0,0,0,0,0,3,423,-8933,9088,0,0,0,0,0
2,-90,2.097,127,2450651,31,-1,-3,55785,0,0,0,0,0,3,423,-8933,9088,0,0,0,0,0
2,-90,2.152,0,2450707,31,-1,-3,55785,0,0,0,0,0,3,423,-8933,9088,0,0,0,0,0
2,-90,2.264,2,2450819,31,-1,-3,55785,0,0,0,0,0,3,423,-8933,9088,0,0,0,0,0
2,-90,2.377,4,2450931,31,-1,-3,55785,0,0,0,0,0,3,423,-8933,9088,0,0,0,0,0
2,-90,2.486,6,2451043,31,-1,-3,55785,0,0,0,0,0,3,423,-8933,9088,0,0,0,0,0
2,-90,2.602,8,2451155,31,-1,-3,55785,0,0,0,0,0,3,423,-8933,9088,0,0,0,0,0
2,-90,2.664,9,2451211,31,-1,-3,55785,0,0,0,0,0,3,423,-8933,9088,0,0,0,0,0
2,-90,2.713,10,2451267,31,-1,-3,55785,0,0,0,0,0,3,423,-8933,9088,0,0,0,0,0
2,-90,2.769,11,2451323,31,-1,-3,55785,0,0,0,0,0,3,423,-8933,9088,0,0,0,0,0
2,-90,2.828,12,2451379,31,-1,-3,55785,0,0,0,0,0,3,423,-8933,9088,0,0,0,0,0
2,-90,2.88,13,2451435,31,-1,-3,55785,0,0,0,0,0,3,423,-8933,9088,0,0,0,0,0
2,-90,2.941,14,2451491,31,-1,-3,55785,0,0,0,0,0,3,423,-8933,9088,0,0,0,0,0
2,-90,2.998,15,2451547,31,-1,-3,55785,0,0,0,0,0,3,423,-8933,9088,0,0,0,0,0
2,-90,3.109,17,2451667,31,-1,-3,55785,0,0,0,0,0,3,424,-8933,9088,800,-800,0,0,0
2,-90,3.184,18,2451739,31,-1,-3,55701,0,0,0,9,-15,4,427,-8919,9075,1200,-1200,0,0,0
2,-90,3.333,20,2451883,31,-1,-3,55389,0,0,0,50,-41,4,433,-8866,9027,2000,-1900,0,0,0
2,-90,3.399,21,2451955,31,-2,-3,54968,0,0,0,82,-73,4,436,-8794,8963,2300,-2400,0,0,0
2,-90,3.521,23,2452075,31,-2,-3,53739,0,0,0,140,-133,4,441,-8591,8769,3000,-3100,0,0,0
2,-90,3.663,25,2452219,31,-2,-3,51668,0,0,0,169,-187,4,447,-8255,8436,3000,-3000,0,0,0
2,-90,3.778,26,2452291,31,-2,-3,50590,0,0,0,178,-164,4,450,-8077,8266,2900,-3000,0,0,0
2,-90,3.809,27,2452363,31,-2,-3,49485,0,0,0,179,-169,4,453,-7900,8086,2900,-2900,0,0,0
2,-90,3.883,28,2452435,31,-2,-3,48399,0,0,0,164,-169,4,456,-7727,7908,2900,-2900,0,0,0
2,-90,3.952,29,2452507,31,-2,-3,47309,0,0,0,178,-155,4,459,-7550,7733,2000,-2000,0,0,0
2,-90,4.118,31,2452671,31,-2,-4,46421,0,0,0,0,0,5,468,-7413,7583,0,0,0,0,0
2,-90,4.187,32,2452743,31,-2,-4,46421,0,0,0,0,0,5,471,-7413,7583,0,0,0,0,0
2,-90,4.26,33,2452815,31,-2,-4,46421,0,0,0,0,0,5,474,-7413,7583,0,0,0,0,0
2,-90,4.34,34,2452887,31,-2,-4,46421,0,0,0,0,0,5,477,-7413,7583,0,0,0,0,0
2,-90,4.402,35,2452959,31,-2,-4,46421,0,0,0,0,0,5,480,-7413,7583,0,0,0,0,0
2,-90,4.476,36,2453031,31,-2,-4,46421,0,0,0,0,0,5,483,-7413,7583,0,0,0,0,0
2,-90,4.549,37,2453103,31,-2,-4,46421,0,0,0,0,0,5,486,-7413,7583,0,0,0,0,0
2,-90,4.618,38,2453175,31,-2,-4,46421,0,0,0,0,0,5,489,-7413,7583,0,0,0,0,0
2,-90,4.691,39,2453247,31,-2,-4,46421,0,0,0,0,0,5,492,-7413,7583,0,0,0,0,0
2,-90,4.771,40,2453319,31,-2,-4,46421,0,0,0,0,0,5,495,-7413,7583,0,0,0,0,0
2,-90,4.84,41,2453391,31,-2,-4,46421,0,0,0,0,0,5,498,-7413,7583,0,0,0,0,0
2,-90,4.906,42,2453463,31,-2,-4,46421,0,0,0,0,0,5,501,-7413,7583,0,0,0,0,0
2,-90,4.987,43,2453513,31,-2,-4,46421,0,0,0,0,0,5,503,-7413,7583,0,0,0,0,0
2,-90,5.065,45,2453619,31,-2,-4,46421,0,0,0,0,0,5,503,-7413,7583,0,0,0,0,0
2,-90,5.118,46,2453675,31,-2,-4,46421,0,0,0,0,0,5,503,-7413,7583,0,0,0,0,0
2,-90,5.175,47,2453731,31,-2,-4,46421,0,0,0,0,0,5,503,-7413,7583,0,0,0,0,0
2,-90,5.245,48,2453787,31,-2,-4,46421,0,0,0,0,0,5,503,-7413,7583,0,0,0,0,0
2,-90,5.345,50,2453899,31,-2,-4,46421,0,0,0,0,0,5,503,-7413,7583,0,0,0,0,0
2,-90,5.456,52,2454011,31,-2,-4,46421,0,0,0,0,0,5,503,-7413,7583,0,0,0,0,0
2,-90,5.521,53,2454067,31,-2,-4,46421,0,0,0,0,0,5,503,-7413,7583,0,0,0,0,0
2,-90,5.564,54,2454119,31,-2,-4,46421,0,0,0,0,0,5,503,-7413,7583,0,0,0,0,0
2,-90,5.627,55,2454175,31,-2,-4,46421,0,0,0,0,0,5,503,-7413,7583,0,0,0,0,0
2,-90,5.674,56,2454231,31,-2,-4,46421,0,0,0,0,0,5,503,-7413,7583,0,0,0,0,0
2,-90,5.738,57,2454287,31,-2,-4,46421,0,0,0,0,0,5,503,-7413,7583,0,0,0,0,0
2,-90,5.791,58,2454343,31,-2,-4,46421,0,0,0,0,0,5,503,-7413,7583,0,0,0,0,0
2,-90,5.845,59,2454399,31,-2,-4,46421,0,0,0,0,0,5,503,-7413,7583,0,0,0,0,0
2,-90,5.899,60,2454455,31,-2,-4,46421,0,0,0,0,0,5,503,-7413,7583,0,0,0,0,0
2,-90,5.956,61,2454511,31,-2,-4,46421,0,0,0,0,0,5,503,-7413,7583,0,0,0,0,0
2,-90,6.014,62,2454567,31,-2,-4,46421,0,0,0,0,0,5,503,-7413,7583,0,0,0,0,0
2,-90,6.07,63,2454623,31,-2,-4,46421,0,0,0,0,0,5,503,-7413,7583,0,0,0,0,0
2,-90,6.123,64,2454679,31,-2,-4,46421,0,0,0,0,0,5,503,-7413,7583,0,0,0,0,0
2,-90,6.179,65,2454735,31,-2,-4,46421,0,0,0,0,0,5,503,-7413,7583,0,0,0,0,0
2,-90,6.235,66,2454791,31,-2,-4,46421,0,0,0,0,0,5,503,-7413,7583,0,0,0,0,0
2,-90,6.291,67,2454847,31,-2,-4,46421,0,0,0,0,0,5,503,-7413,7583,0,0,0,0,0
2,-90,6.346,68,2454903,31,-2,-4,46421,0,0,0,0,0,5,503,-7413,7583,0,0,0,0,0
2,-90,6.402,69,2454959,31,-2,-4,46421,0,0,0,0,0,5,503,-7413,7583,0,0,0,0,0
2,-90,6.459,70,2455015,31,-2,-4,46421,0,0,0,0,0,5,503,-7413,7583,0,0,0,0,0
2,-90,6.514,71,2455071,31,-2,-4,46421,0,0,0,0,0,5,503,-7413,7583,0,0,0,0,0
2,-90,6.58,72,2455127,31,-2,-4,46421,0,0,0,0,0,5,503,-7413,7583,0,0,0,0,0
2,-90,6.622,73,2455179,31,-2,-4,46421,0,0,0,0,0,5,503,-7413,7583,0,0,0,0,0
2,-90,6.681,74,2455235,31,-2,-4,46421,0,0,0,0,0,5,503,-7413,7583,0,0,0,0,0
2,-90,6.741,75,2455291,31,-2,-4,46421,0,0,0,0,0,5,503,-7413,7583,0,0,0,0,0
2,-90,6.79,76,2455347,31,-2,-4,46421,0,0,0,0,0,5,503,-7413,7583,0,0,0,0,0
2,-90,6.847,77,2455403,31,-2,-4,46421,0,0,0,0,0,5,503,-7413,7583,0,0,0,0,0
2,-90,6.906,78,2455459,31,-2,-4,46421,0,0,0,0,0,5,503,-7413,7583,0,0,0,0,0
2,-90,6.96,79,2455515,31,-2,-4,46421,0,0,0,0,0,5,503,-7413,7583,0,0,0,0,0
2,-90,7.015,80,2455571,31,-2,-4,46421,0,0,0,0,0,5,503,-7413,7583,0,0,0,0,0
2,-90,7.072,81,2455627,31,-2,-4,46421,0,0,0,0,0,5,503,-7413,7583,0,0,0,0,0
2,-90,7.129,82,2455683,31,-2,-4,46421,0,0,0,0,0,5,503,-7413,7583,0,0,0,0,0
2,-90,7.323,85,2455851,31,-2,-4,46421,0,0,0,0,0,5,503,-7413,7583,0,0,0,0,0
2,-90,7.353,86,2455907,31,-2,-4,46421,0,0,0,0,0,5,503,-7413,7583,0,0,0,0,0
2,-90,7.407,87,2455963,31,-2,-4,46421,0,0,0,0,0,5,503,-7413,7583,0,0,0,0,0
2,-90,7.469,88,2456019,31,-2,-4,46421,0,0,0,0,0,5,503,-7413,7583,0,0,0,0,0
2,-90,7.52,89,2456075,31,-2,-4,46421,0,0,0,0,0,5,503,-7413,7583,0,0,0,0,0
2,-90,7.578,90,2456131,31,-2,-4,46421,0,0,0,0,0,5,503,-7413,7583,0,0,0,0,0
2,-90,7.64,91,2456187,31,-2,-4,46421,0,0,0,0,0,5,503,-7413,7583,0,0,0,0,0
2,-90,7.688,92,2456239,31,-2,-4,46421,0,0,0,0,0,5,503,-7413,7583,0,0,0,0,0
2,-90,7.747,93,2456295,31,-2,-4,46421,0,0,0,0,0,5,503,-7413,7583,0,0,0,0,0
2,-90,7.797,94,2456351,31,-2,-4,46421,0,0,0,0,0,5,503,-7413,7583,0,0,0,0,0
2,-90,7.851,95,2456407,31,-2,-4,46421,0,0,0,0,0,5,503,-7413,7583,0,0,0,0,0
2,-90,7.907,96,2456463,31,-2,-4,46421,0,0,0,0,0,5,503,-7413,7583,0,0,0,0,0
2,-90,7.965,97,2456519,31,-2,-4,46421,0,0,0,0,0,5,503,-7413,7583,0,0,0,0,0
2,-90,8.018,98,2456575,31,-2,-4,46421,0,0,0,0,0,5,503,-7413,7583,0,0,0,0,0
2,-90,8.142,100,2456687,31,-2,-4,46421,0,0,0,0,0,5,503,-7413,7583,0,0,0,0,0
2,-90,8.245,102,2456799,31,-2,-4,46421,0,0,0,0,0,5,503,-7413,7583,0,0,0,0,0
2,-90,8.357,104,2456911,31,-2,-4,46421,0,0,0,0,0,5,503,-7413,7583,0,0,0,0,0
2,-90,8.468,106,2457023,31,-2,-4,46421,0,0,0,0,0,5,503,-7413,7583,0,0,0,0,0
2,-90,8.523,107,2457079,31,-2,-4,46421,0,0,0,0,0,5,503,-7413,7583,0,0,0,0,0
2,-90,8.581,108,2457135,31,-2,-4,46421,0,0,0,0,0,5,503,-7413,7583,0,0,0,0,0
2,-90,8.636,109,2457191,31,-2,-4,46421,0,0,0,0,0,5,503,-7413,7583,0,0,0,0,0
2,-90,8.706,110,2457247,31,-2,-4,46421,0,0,0,0,0,5,503,-7413,7583,0,0,0,0,0
2,-90,8.742,111,2457299,31,-2,-4,46421,0,0,0,0,0,5,503,-7413,7583,0,0,0,0,0
2,-90,8.799,112,2457355,31,-2,-4,46421,0,0,0,0,0,5,503,-7413,7583,0,0,0,0,0
2,-90,8.855,113,2457411,31,-2,-4,46421,0,0,0,0,0,5,503,-7413,7583,0,0,0,0,0
2,-90,8.91,114,2457467,31,-2,-4,46421,0,0,0,0,0,5,503,-7413,7583,0,0,0,0,0
2,-90,8.966,115,2457523,31,-2,-4,46421,0,0,0,0,0,5,503,-7413,7583,0,0,0,0,0
2,-90,9.021,116,2457579,31,-2,-4,46421,0,0,0,0,0,5,503,-7413,7583,0,0,0,0,0
2,-90,9.135,118,2457691,31,-2,-4,46421,0,0,0,0,0,5,503,-7413,7583,0,0,0,0,0
2,-90,9.191,119,2457747,31,-2,-4,46421,0,0,0,0,0,5,503,-7413,7583,0,0,0,0,0
2,-90,9.249,120,2457803,31,-2,-4,46421,0,0,0,0,0,5,503,-7413,7583,0,0,0,0,0
2,-90,9.301,121,2457859,31,-2,-4,46421,0,0,0,0,0,5,503,-7413,7583,0,0,0,0,0
2,-90,9.357,122,2457915,31,-2,-4,46421,0,0,0,0,0,5,503,-7413,7583,0,0,0,0,0
2,-90,9.413,123,2457971,31,-2,-4,46421,0,0,0,0,0,5,503,-7413,7583,0,0,0,0,0
2,-90,9.469,124,2458027,31,-2,-4,46421,0,0,0,0,0,5,503,-7413,7583,0,0,0,0,0
2,-90,9.526,125,2458083,31,-2,-4,46421,0,0,0,0,0,5,503,-7413,7583,0,0,0,0,0
2,-90,9.582,126,2458139,31,-2,-4,46421,0,0,0,0,0,5,503,-7413,7583,0,0,0,0,0
2,-90,9.696,0,2458251,31,-2,-4,46421,0,0,0,0,0,5,503,-7413,7583,0,0,0,0,0
2,-90,9.758,1,2458307,31,-2,-4,46421,0,0,0,0,0,5,503,-7413,7583,0,0,0,0,0
2,-90,9.803,2,2458359,31,-2,-4,46421,0,0,0,0,0,5,503,-7413,7583,0,0,0,0,0
2,-90,9.858,3,2458415,31,-2,-4,46421,0,0,0,0,0,5,503,-7413,7583,0,0,0,0,0
2,-90,9.913,4,2458471,31,-2,-4,46421,0,0,0,0,0,5,503,-7413,7583,0,0,0,0,0
2,-90,9.969,5,2458527,31,-2,-4,46421,0,0,0,0,0,5,503,-7413,7583,0,0,0,0,0
2,-90,10.026,6,2458583,31,-2,-4,46421,0,0,0,0,0,5,503,-7413,7583,0,0,0,0,0
2,-90,10.083,7,2458639,31,-2,-4,46421,0,0,0,0,0,5,503,-7413,7583,0,0,0,0,0
2,-90,10.194,9,2458751,31,-2,-4,46421,0,0,0,0,0,5,503,-7413,7583,0,0,0,0,0
2,-90,10.251,10,2458807,31,-2,-4,46421,0,0,0,0,0,5,503,-7413,7583,0,0,0,0,0
2,-90,10.361,12,2458919,31,-2,-4,46421,0,0,0,0,0,5,503,-7413,7583,0,0,0,0,0
2,-90,10.419,13,2458975,31,-2,-4,46421,0,0,0,0,0,5,503,-7413,7583,0,0,0,0,0
2,-90,10.473,14,2459031,31,-2,-4,46421,0,0,0,0,0,5,503,-7413,7583,0,0,0,0,0
2,-90,10.529,15,2459087,31,-2,-4,46421,0,0,0,0,0,5,503,-7413,7583,0,0,0,0,0
2,-90,10.585,16,2459143,31,-2,-4,46421,0,0,0,0,0,5,503,-7413,7583,0,0,0,0,0
2,-90,10.644,17,2459199,31,-2,-4,46421,0,0,0,0,0,5,503,-7413,7583,0,0,0,0,0
2,-90,10.699,18,2459255,31,-2,-4,46421,0,0,0,0,0,5,503,-7413,7583,0,0,0,0,0
2,-90,10.755,19,2459311,31,-2,-4,46421,0,0,0,0,0,5,503,-7413,7583,0,0,0,0,0
2,-90,10.818,20,2459367,31,-2,-4,46421,0,0,0,0,0,5,503,-7413,7583,0,0,0,0,0
2,-90,10.861,21,2459419,31,-2,-4,46421,0,0,0,0,0,5,503,-7413,7583,0,0,0,0,0
2,-90,10.974,23,2459531,31,-2,-4,46421,0,0,0,0,0,5,503,-7413,7583,0,0,0,0,0
2,-90,11.029,24,2459587,31,-2,-4,46421,0,0,0,0,0,5,503,-7413,7583,0,0,0,0,0
2,-90,11.086,25,2459643,31,-2,-4,46421,0,0,0,0,0,5,503,-7413,7583,0,0,0,0,0
2,-90,11.142,26,2459699,31,-2,-4,46421,0,0,0,0,0,5,503,-7413,7583,0,0,0,0,0
2,-90,11.197,27,2459755,31,-2,-4,46421,0,0,0,0,0,5,503,-7413,7583,0,0,0,0,0
2,-90,11.254,28,2459811,31,-2,-4,46421,0,0,0,0,0,5,503,-7413,7583,0,0,0,0,0
2,-90,11.309,29,2459867,31,-2,-4,46421,0,0,0,0,0,5,503,-7413,7583,0,0,0,0,0
2,-90,11.366,30,2459923,31,-2,-4,46421,0,0,0,0,0,5,503,-7413,7583,0,0,0,0,0
2,-90,11.422,31,2459979,31,-2,-4,46421,0,0,0,0,0,5,503,-7413,7583,0,0,0,0,0
2,-90,11.477,32,2460035,31,-2,-4,46421,0,0,0,0,0,5,503,-7413,7583,0,0,0,0,0
2,-90,11.589,34,2460147,31,-2,-4,46421,0,0,0,0,0,5,503,-7413,7583,0,0,0,0,0
2,-90,11.646,35,2460203,31,-2,-4,46421,0,0,0,0,0,5,503,-7413,7583,0,0,0,0,0
2,-90,11.702,36,2460259,31,-2,-4,46421,0,0,0,0,0,5,503,-7413,7583,0,0,0,0,0
2,-90,11.759,37,2460315,31,-2,-4,46421,0,0,0,0,0,5,503,-7413,7583,0,0,0,0,0
2,-90,11.813,38,2460371,31,-2,-4,46421,0,0,0,0,0,5,503,-7413,7583,0,0,0,0,0
2,-90,11.877,39,2460427,31,-2,-4,46421,0,0,0,0,0,5,503,-7413,7583,0,0,0,0,0
2,-90,11.922,40,2460479,31,-2,-4,46421,0,0,0,0,0,5,503,-7413,7583,0,0,0,0,0
2,-90,11.977,41,2460535,31,-2,-4,46421,0,0,0,0,0,5,503,-7413,7583,0,0,0,0,0
2,-90,12.033,42,2460591,31,-2,-4,46421,0,0,0,0,0,5,503,-7413,7583,0,0,0,0,0
2,-90,12.09,43,2460647,31,-2,-4,46421,0,0,0,0,0,5,503,-7413,7583,0,0,0,0,0
2,-90,12.146,44,2460703,31,-2,-4,46421,0,0,0,0,0,5,503,-7413,7583,0,0,0,0,0
2,-90,12.201,45,2460759,31,-2,-4,46421,0,0,0,0,0,5,503,-7413,7583,0,0,0,0,0
2,-90,12.258,46,2460815,31,-2,-4,46421,0,0,0,0,0,5,503,-7413,7583,0,0,0,0,0
2,-90,12.314,47,2460871,31,-2,-4,46421,0,0,0,0,0,5,503,-7413,7583,0,0,0,0,0
2,-90,12.369,48,2460927,31,-2,-4,46421,0,0,0,0,0,5,503,-7413,7583,0,0,0,0,0
2,-90,12.426,49,2460983,31,-2,-4,46421,0,0,0,0,0,5,503,-7413,7583,0,0,0,0,0
2,-90,12.481,50,2461039,31,-2,-4,46421,0,0,0,0,0,5,503,-7413,7583,0,0,0,0,0
2,-90,12.537,51,2461095,31,-2,-4,46421,0,0,0,0,0,5,503,-7413,7583,0,0,0,0,0
2,-90,12.593,52,2461151,31,-2,-4,46421,0,0,0,0,0,5,503,-7413,7583,0,0,0,0,0
2,-90,12.65,53,2461207,31,-2,-4,46421,0,0,0,0,0,5,503,-7413,7583,0,0,0,0,0
2,-90,12.706,54,2461263,31,-2,-4,46421,0,0,0,0,0,5,503,-7413,7583,0,0,0,0,0
2,-90,12.826,56,2461375,31,-2,-4,46421,0,0,0,0,0,5,503,-7413,7583,0,0,0,0,0
2,-90,12.874,57,2461431,31,-2,-4,46421,0,0,0,0,0,5,503,-7413,7583,0,0,0,0,0
2,-90,12.938,58,2461487,31,-2,-4,46421,0,0,0,0,0,5,503,-7413,7583,0,0,0,0,0
2,-90,12.983,59,2461539,31,-2,-4,46421,0,0,0,0,0,5,503,-7413,7583,0,0,0,0,0
2,-90,13.037,60,2461595,31,-2,-4,46421,0,0,0,0,0,5,503,-7413,7583,0,0,0,0,0
2,-90,13.095,61,2461651,31,-2,-4,46421,0,0,0,0,0,5,503,-7413,7583,0,0,0,0,0
2,-90,13.149,62,2461707,31,-2,-4,46421,0,0,0,0,0,5,503,-7413,7583,0,0,0,0,0
2,-90,13.205,63,2461763,31,-2,-4,46421,0,0,0,0,0,5,503,-7413,7583,0,0,0,0,0
2,-90,13.262,64,2461819,31,-2,-4,46421,0,0,0,0,0,5,503,-7413,7583,0,0,0,0,0
2,-90,13.319,65,2461875,31,-2,-4,46421,0,0,0,0,0,5,503,-7413,7583,0,0,0,0,0
2,-90,13.374,66,2461931,31,-2,-4,46421,0,0,0,0,0,5,503,-7413,7583,0,0,0,0,0
2,-90,13.429,67,2461987,31,-2,-4,46421,0,0,0,0,0,5,503,-7413,7583,0,0,0,0,0
2,-90,13.488,68,2462043,31,-2,-4,46421,0,0,0,0,0,5,503,-7413,7583,0,0,0,0,0
2,-90,13.541,69,2462099,31,-2,-4,46421,0,0,0,0,0,5,503,-7413,7583,0,0,0,0,0
2,-90,13.654,71,2462211,31,-2,-4,46421,0,0,0,0,0,5,503,-7413,7583,0,0,0,0,0
2,-90,13.709,72,2462267,31,-2,-4,46421,0,0,0,0,0,5,503,-7413,7583,0,0,0,0,0
2,-90,13.767,73,2462323,31,-2,-4,46421,0,0,0,0,0,5,503,-7413,7583,0,0,0,0,0
2,-90,13.821,74,2462379,31,-2,-4,46421,0,0,0,0,0,5,503,-7413,7583,0,0,0,0,0
2,-90,13.88,75,2462435,31,-2,-4,46421,0,0,0,0,0,5,503,-7413,7583,0,0,0,0,0
2,-90,13.937,76,2462491,31,-2,-4,46421,0,0,0,0,0,5,503,-7413,7583,0,0,0,0,0
2,-90,14.041,78,2462599,31,-2,-4,46421,0,0,0,0,0,5,503,-7413,7583,0,0,0,0,0
2,-90,14.097,79,2462655,31,-2,-4,46421,0,0,0,0,0,5,503,-7413,7583,0,0,0,0,0
2,-90,14.154,80,2462711,31,-2,-4,46421,0,0,0,0,0,5,503,-7413,7583,0,0,0,0,0
2,-90,14.21,81,2462767,31,-2,-4,46421,0,0,0,0,0,5,503,-7413,7583,0,0,0,0,0
2,-90,14.265,82,2462823,31,-2,-4,46421,0,0,0,0,0,5,503,-7413,7583,0,0,0,0,0
2,-90,14.321,83,2462879,31,-2,-4,46421,0,0,0,0,0,5,503,-7413,7583,0,0,0,0,0
2,-90,14.378,84,2462935,31,-2,-4,46421,0,0,0,0,0,5,503,-7413,7583,0,0,0,0,0
2,-90,14.436,85,2462991,31,-2,-4,46421,0,0,0,0,0,5,503,-7413,7583,0,0,0,0,0
2,-90,14.49,86,2463047,31,-2,-4,46421,0,0,0,0,0,5,503,-7413,7583,0,0,0,0,0
2,-90,14.545,87,2463103,31,-2,-4,46421,0,0,0,0,0,5,503,-7413,7583,0,0,0,0,0
2,-90,14.605,88,2463159,31,-2,-4,46421,0,0,0,0,0,5,503,-7413,7583,0,0,0,0,0
2,-90,14.717,90,2463271,31,-2,-4,46421,0,0,0,0,0,5,503,-7413,7583,0,0,0,0,0
2,-90,14.769,91,2463327,31,-2,-4,46421,0,0,0,0,0,5,503,-7413,7583,0,0,0,0,0
2,-90,14.825,92,2463383,31,-2,-4,46421,0,0,0,0,0,5,503,-7413,7583,0,0,0,0,0
2,-90,14.887,93,2463439,31,-2,-4,46421,0,0,0,0,0,5,503,-7413,7583,0,0,0,0,0
2,-90,14.937,94,2463495,31,-2,-4,46421,0,0,0,0,0,5,503,-7413,7583,0,0,0,0,0
2,-90,15.001,95,2463551,31,-2,-4,46421,0,0,0,0,0,5,503,-7413,7583,0,0,0,0,0
2,-90,15.065,96,2463607,31,-2,-4,46421,0,0,0,0,0,5,503,-7413,7583,0,0,0,0,0
2,-90,15.111,97,2463659,31,-2,-4,46421,0,0,0,0,0,5,503,-7413,7583,0,0,0,0,0
2,-90,15.162,98,2463715,31,-2,-4,46421,0,0,0,0,0,5,503,-7413,7583,0,0,0,0,0
2,-90,15.214,99,2463771,31,-2,-4,46421,0,0,0,0,0,5,503,-7413,7583,0,0,0,0,0
2,-90,15.326,101,2463883,31,-2,-4,46421,0,0,0,0,0,5,503,-7413,7583,0,0,0,0,0
2,-90,15.387,102,2463939,31,-2,-4,46421,0,0,0,0,0,5,503,-7413,7583,0,0,0,0,0
2,-90,15.439,103,2463995,31,-2,-4,46421,0,0,0,0,0,5,503,-7413,7583,0,0,0,0,0
2,-90,15.496,104,2464051,31,-2,-4,46421,0,0,0,0,0,5,503,-7413,7583,0,0,0,0,0
2,-90,15.554,105,2464107,31,-2,-4,46421,0,0,0,0,0,5,503,-7413,7583,0,0,0,0,0
2,-90,15.606,106,2464163,31,-2,-4,46421,0,0,0,0,0,5,503,-7413,7583,0,0,0,0,0
2,-90,15.662,107,2464219,31,-2,-4,46421,0,0,0,0,0,5,503,-7413,7583,0,0,0,0,0
2,-90,15.718,108,2464275,31,-2,-4,46421,0,0,0,0,0,5,503,-7413,7583,0,0,0,0,0
2,-90,15.773,109,2464331,31,-2,-4,46421,0,0,0,0,0,5,503,-7413,7583,0,0,0,0,0
2,-90,15.83,110,2464387,31,-2,-4,46421,0,0,0,0,0,5,503,-7413,7583,0,0,0,0,0
2,-90,15.941,112,2464499,31,-2,-4,46421,0,0,0,0,0,5,503,-7413,7583,0,0,0,0,0
2,-90,16.004,113,2464555,31,-2,-4,46421,0,0,0,0,0,5,503,-7413,7583,0,0,0,0,0
2,-90,16.055,114,2464611,31,-2,-4,46421,0,0,0,0,0,5,503,-7413,7583,0,0,0,0,0
2,-90,16.12,115,2464667,31,-2,-4,46421,0,0,0,0,0,5,503,-7413,7583,0,0,0,0,0
2,-90,16.164,116,2464719,31,-2,-4,46421,0,0,0,0,0,5,503,-7413,7583,0,0,0,0,0
2,-90,16.219,117,2464775,31,-2,-4,46421,0,0,0,0,0,5,503,-7413,7583,0,0,0,0,0
2,-90,16.276,118,2464831,31,-2,-4,46421,0,0,0,0,0,5,503,-7413,7583,0,0,0,0,0
2,-90,16.332,119,2464887,31,-2,-4,46421,0,0,0,0,0,5,503,-7413,7583,0,0,0,0,0
2,-90,16.385,120,2464943,31,-2,-4,46421,0,0,0,0,0,5,503,-7413,7583,0,0,0,0,0
2,-90,16.445,121,2464999,31,-2,-4,46421,0,0,0,0,0,5,503,-7413,7583,0,0,0,0,0
2,-90,16.497,122,2465055,31,-2,-4,46421,0,0,0,0,0,5,503,-7413,7583,0,0,0,0,0
2,-90,16.563,123,2465111,31,-2,-4,46421,0,0,0,0,0,5,503,-7413,7583,0,0,0,0,0
2,-90,16.61,124,2465167,31,-2,-4,46421,0,0,0,0,0,5,503,-7413,7583,0,0,0,0,0
2,-90,16.679,125,2465223,31,-2,-4,46421,0,0,0,0,0,5,503,-7413,7583,0,0,0,0,0
2,-90,16.748,126,2465279,31,-2,-4,46421,0,0,0,0,0,5,503,-7413,7583,0,0,0,0,0
2,-90,16.777,127,2465335,31,-2,-4,46421,0,0,0,0,0,5,503,-7413,7583,0,0,0,0,0
2,-90,16.837,0,2465391,31,-2,-4,46421,0,0,0,0,0,5,503,-7413,7583,0,0,0,0,0
2,-90,16.892,1,2465447,31,-2,-4,46421,0,0,0,0,0,5,503,-7413,7583,0,0,0,0,0
2,-90,16.948,2,2465503,31,-2,-4,46421,0,0,0,0,0,5,503,-7413,7583,0,0,0,0,0
2,-90,17.003,3,2465559,31,-2,-4,46421,0,0,0,0,0,5,503,-7413,7583,0,0,0,0,0
2,-90,17.059,4,2465615,31,-2,-4,46421,0,0,0,0,0,5,503,-7413,7583,0,0,0,0,0
2,-90,17.224,7,2465779,31,-2,-4,46421,0,0,0,0,0,5,503,-7413,7583,0,0,0,0,0
2,-90,17.338,9,2465891,31,-2,-4,46421,0,0,0,0,0,5,503,-7413,7583,0,0,0,0,0
2,-90,17.393,10,2465947,31,-2,-4,46421,0,0,0,0,0,5,503,-7413,7583,0,0,0,0,0
2,-90,17.446,11,2466003,31,-2,-4,46421,0,0,0,0,0,5,503,-7413,7583,0,0,0,0,0
2,-90,17.503,12,2466059,31,-2,-4,46421,0,0,0,0,0,5,503,-7413,7583,0,0,0,0,0
2,-90,17.56,13,2466115,31,-2,-4,46421,0,0,0,0,0,5,503,-7413,7583,0,0,0,0,0
2,-90,17.618,14,2466171,31,-2,-4,46421,0,0,0,0,0,5,503,-7413,7583,0,0,0,0,0
2,-90,17.727,16,2466283,31,-2,-4,46421,0,0,0,0,0,5,503,-7413,7583,0,0,0,0,0
2,-90,17.783,17,2466339,31,-2,-4,46421,0,0,0,0,0,5,503,-7413,7583,0,0,0,0,0
2,-90,17.847,18,2466395,31,-2,-4,46421,0,0,0,0,0,5,503,-7413,7583,0,0,0,0,0
2,-90,17.898,19,2466451,31,-2,-4,46421,0,0,0,0,0,5,503,-7413,7583,0,0,0,0,0
2,-90,17.954,20,2466507,31,-2,-4,46421,0,0,0,0,0,5,503,-7413,7583,0,0,0,0,0
2,-90,18.007,21,2466563,31,-2,-4,46421,0,0,0,0,0,5,503,-7413,7583,0,0,0,0,0
2,-90,18.063,22,2466619,31,-2,-4,46421,0,0,0,0,0,5,503,-7413,7583,0,0,0,0,0
2,-90,18.117,23,2466675,31,-2,-4,46421,0,0,0,0,0,5,503,-7413,7583,0,0,0,0,0
2,-90,18.175,24,2466731,31,-2,-4,46421,0,0,0,0,0,5,503,-7413,7583,0,0,0,0,0
2,-90,18.24,25,2466787,31,-2,-4,46421,0,0,0,0,0,5,503,-7413,7583,0,0,0,0,0
2,-90,18.282,26,2466839,31,-2,-4,46421,0,0,0,0,0,5,503,-7413,7583,0,0,0,0,0
2,-90,18.351,27,2466895,31,-2,-4,46421,0,0,0,0,0,5,503,-7413,7583,0,0,0,0,0
2,-90,18.45,29,2467007,31,-2,-4,46421,0,0,0,0,0,5,503,-7413,7583,0,0,0,0,0
2,-90,18.506,30,2467063,31,-2,-4,46421,0,0,0,0,0,5,503,-7413,7583,0,0,0,0,0
2,-90,18.562,31,2467119,31,-2,-4,46421,0,0,0,0,0,5,503,-7413,7583,0,0,0,0,0
2,-90,18.618,32,2467175,31,-2,-4,46421,0,0,0,0,0,5,503,-7413,7583,0,0,0,0,0
2,-90,18.673,33,2467231,31,-2,-4,46421,0,0,0,0,0,5,503,-7413,7583,0,0,0,0,0
2,-90,18.73,34,2467287,31,-2,-4,46421,0,0,0,0,0,5,503,-7413,7583,0,0,0,0,0
2,-90,18.786,35,2467343,31,-2,-4,46421,0,0,0,0,0,5,503,-7413,7583,0,0,0,0,0
2,-90,18.841,36,2467399,31,-2,-4,46421,0,0,0,0,0,5,503,-7413,7583,0,0,0,0,0
2,-90,18.898,37,2467455,31,-2,-4,46421,0,0,0,0,0,5,503,-7413,7583,0,0,0,0,0
2,-90,18.953,38,2467511,31,-2,-4,46421,0,0,0,0,0,5,503,-7413,7583,0,0,0,0,0
2,-90,19.067,40,2467623,31,-2,-4,46421,0,0,0,0,0,5,503,-7413,7583,0,0,0,0,0
2,-90,19.121,41,2467679,31,-2,-4,46421,0,0,0,0,0,5,503,-7413,7583,0,0,0,0,0
2,-90,19.178,42,2467735,31,-2,-4,46421,0,0,0,0,0,5,503,-7413,7583,0,0,0,0,0
2,-90,19.238,43,2467791,31,-2,-4,46421,0,0,0,0,0,5,503,-7413,7583,0,0,0,0,0
2,-90,19.298,44,2467847,31,-2,-4,46421,0,0,0,0,0,5,503,-7413,7583,0,0,0,0,0
2,-90,19.349,45,2467899,31,-2,-4,46421,0,0,0,0,0,5,503,-7413,7583,0,0,0,0,0
2,-90,19.397,46,2467955,31,-2,-4,46421,0,0,0,0,0,5,503,-7413,7583,0,0,0,0,0
2,-90,19.453,47,2468011,31,-2,-4,46421,0,0,0,0,0,5,503,-7413,7583,0,0,0,0,0
2,-90,19.51,48,2468067,31,-2,-4,46421,0,0,0,0,0,5,503,-7413,7583,0,0,0,0,0
2,-90,19.565,49,2468123,31,-2,-4,46421,0,0,0,0,0,5,503,-7413,7583,0,0,0,0,0
2,-90,19.677,51,2468235,31,-2,-4,46421,0,0,0,0,0,5,503,-7413,7583,0,0,0,0,0
2,-90,19.733,52,2468291,31,-2,-4,46421,0,0,0,0,0,5,503,-7413,7583,0,0,0,0,0
2,-90,19.79,53,2468347,31,-2,-4,46421,0,0,0,0,0,5,503,-7413,7583,0,0,0,0,0
2,-90,19.845,54,2468403,31,-2,-4,46421,0,0,0,0,0,5,503,-7413,7583,0,0,0,0,0
2,-90,19.903,55,2468459,31,-2,-4,46421,0,0,0,0,0,5,503,-7413,7583,0,0,0,0,0
2,-90,19.96,56,2468515,31,-2,-4,46421,0,0,0,0,0,5,503,-7413,7583,0,0,0,0,0
2,-90,20.014,57,2468571,31,-2,-4,46421,0,0,0,0,0,5,503,-7413,7583,0,0,0,0,0
2,-90,20.079,58,2468627,31,-2,-4,46421,0,0,0,0,0,5,503,-7413,7583,0,0,0,0,0
2,-90,20.131,59,2468683,31,-2,-4,46421,0,0,0,0,0,5,503,-7413,7583,0,0,0,0,0
2,-90,20.182,60,2468739,31,-2,-4,46421,0,0,0,0,0,5,503,-7413,7583,0,0,0,0,0
2,-90,20.308,62,2468851,31,-2,-4,46421,0,0,0,0,0,5,503,-7413,7583,0,0,0,0,0
2,-90,20.364,63,2468907,31,-2,-4,46421,0,0,0,0,0,5,503,-7413,7583,0,0,0,0,0
2,-90,20.402,64,2468959,31,-2,-4,46421,0,0,0,0,0,5,503,-7413,7583,0,0,0,0,0
2,-90,20.458,65,2469015,31,-2,-4,46421,0,0,0,0,0,5,503,-7413,7583,0,0,0,0,0
2,-90,20.513,66,2469071,31,-2,-4,46421,0,0,0,0,0,5,503,-7413,7583,0,0,0,0,0
2,-90,20.569,67,2469127,31,-2,-4,46421,0,0,0,0,0,5,503,-7413,7583,0,0,0,0,0
2,-90,20.627,68,2469183,31,-2,-4,46421,0,0,0,0,0,5,503,-7413,7583,0,0,0,0,0
2,-90,20.681,69,2469239,31,-2,-4,46421,0,0,0,0,0,5,503,-7413,7583,0,0,0,0,0
2,-90,20.738,70,2469295,31,-2,-4,46421,0,0,0,0,0,5,503,-7413,7583,0,0,0,0,0
2,-90,20.793,71,2469351,31,-2,-4,46421,0,0,0,0,0,5,503,-7413,7583,0,0,0,0,0
2,-90,20.905,73,2469463,31,-2,-4,46421,0,0,0,0,0,5,503,-7413,7583,0,0,0,0,0
2,-90,20.964,74,2469519,31,-2,-4,46421,0,0,0,0,0,5,503,-7413,7583,0,0,0,0,0
2,-90,21.024,75,2469575,31,-2,-4,46421,0,0,0,0,0,5,503,-7413,7583,0,0,0,0,0
2,-90,21.076,76,2469631,31,-2,-4,46421,0,0,0,0,0,5,503,-7413,7583,0,0,0,0,0
2,-90,21.134,77,2469687,31,-2,-4,46421,0,0,0,0,0,5,503,-7413,7583,0,0,0,0,0
2,-90,21.195,78,2469743,31,-2,-4,46421,0,0,0,0,0,5,503,-7413,7583,0,0,0,0,0
2,-90,21.249,79,2469799,31,-2,-4,46421,0,0,0,0,0,5,503,-7413,7583,0,0,0,0,0
2,-90,21.304,80,2469855,31,-2,-4,46421,0,0,0,0,0,5,503,-7413,7583,0,0,0,0,0
2,-90,21.364,81,2469911,31,-2,-4,46421,0,0,0,0,0,5,503,-7413,7583,0,0,0,0,0
2,-90,21.426,82,2469967,31,-2,-4,46421,0,0,0,0,0,5,503,-7413,7583,0,0,0,0,0
2,-90,21.464,83,2470019,31,-2,-4,46421,0,0,0,0,0,5,503,-7413,7583,0,0,0,0,0
2,-90,21.576,85,2470131,31,-2,-4,46421,0,0,0,0,0,5,503,-7413,7583,0,0,0,0,0
2,-90,21.631,86,2470187,31,-2,-4,46421,0,0,0,0,0,5,503,-7413,7583,0,0,0,0,0
2,-90,21.689,87,2470243,31,-2,-4,46421,0,0,0,0,0,5,503,-7413,7583,0,0,0,0,0
2,-90,21.745,88,2470299,31,-2,-4,46421,0,0,0,0,0,5,503,-7413,7583,0,0,0,0,0
2,-90,21.8,89,2470355,31,-2,-4,46421,0,0,0,0,0,5,503,-7413,7583,0,0,0,0,0
2,-90,21.854,90,2470411,31,-2,-4,46421,0,0,0,0,0,5,503,-7413,7583,0,0,0,0,0
2,-90,21.91,91,2470467,31,-2,-4,46421,0,0,0,0,0,5,503,-7413,7583,0,0,0,0,0
2,-90,21.967,92,2470523,31,-2,-4,46421,0,0,0,0,0,5,503,-7413,7583,0,0,0,0,0
2,-90,22.025,93,2470579,31,-2,-4,46421,0,0,0,0,0,5,503,-7413,7583,0,0,0,0,0
2,-90,22.077,94,2470635,31,-2,-4,46421,0,0,0,0,0,5,503,-7413,7583,0,0,0,0,0
2,-90,22.137,95,2470691,31,-2,-4,46421,0,0,0,0,0,5,503,-7413,7583,0,0,0,0,0
2,-90,22.19,96,2470747,31,-2,-4,46421,0,0,0,0,0,5,503,-7413,7583,0,0,0,0,0
2,-90,22.255,97,2470803,31,-2,-4,46421,0,0,0,0,0,5,503,-7413,7583,0,0,0,0,0
2,-90,22.304,98,2470859,31,-2,-4,46421,0,0,0,0,0,5,503,-7413,7583,0,0,0,0,0
2,-90,22.382,99,2470915,31,-2,-4,46421,0,0,0,0,0,5,503,-7413,7583,0,0,0,0,0
2,-90,22.424,100,2470971,31,-2,-4,46421,0,0,0,0,0,5,503,-7413,7583,0,0,0,0,0
2,-90,22.716,101,2471027,31,-2,-4,46421,0,0,0,0,0,5,503,-7413,7583,0,0,0,0,0
2,-90,22.716,102,2471079,31,-2,-4,46421,0,0,0,0,0,5,503,-7413,7583,0,0,0,0,0
2,-90,22.716,103,2471135,31,-2,-4,46421,0,0,0,0,0,5,503,-7413,7583,0,0,0,0,0
2,-90,22.716,104,2471191,31,-2,-4,46421,0,0,0,0,0,5,503,-7413,7583,0,0,0,0,0
2,-90,22.716,105,2471247,31,-2,-4,46421,0,0,0,0,0,5,503,-7413,7583,0,0,0,0,0
2,-90,22.857,108,2471415,31,-2,-4,46421,0,0,0,0,0,5,503,-7413,7583,0,0,0,0,0
2,-90,22.913,109,2471471,31,-2,-4,46421,0,0,0,0,0,5,503,-7413,7583,0,0,0,0,0
2,-90,22.97,110,2471527,31,-2,-4,46421,0,0,0,0,0,5,503,-7413,7583,0,0,0,0,0
2,-90,23.025,111,2471583,31,-2,-4,46421,0,0,0,0,0,5,503,-7413,7583,0,0,0,0,0
2,-90,23.081,112,2471639,31,-2,-4,46421,0,0,0,0,0,5,503,-7413,7583,0,0,0,0,0
2,-90,23.14,113,2471695,31,-2,-4,46421,0,0,0,0,0,5,503,-7413,7583,0,0,0,0,0
2,-90,23.195,114,2471751,31,-2,-4,46421,0,0,0,0,0,5,503,-7413,7583,0,0,0,0,0
2,-90,23.251,115,2471807,31,-2,-4,46421,0,0,0,0,0,5,503,-7413,7583,0,0,0,0,0
2,-90,23.305,116,2471863,31,-2,-4,46421,0,0,0,0,0,5,503,-7413,7583,0,0,0,0,0
2,-90,23.417,118,2471975,31,-2,-4,46421,0,0,0,0,0,5,503,-7413,7583,0,0,0,0,0
2,-90,23.473,119,2472031,31,-2,-4,46421,0,0,0,0,0,5,503,-7413,7583,0,0,0,0,0
2,-90,23.55,120,2472087,31,-2,-4,46421,0,0,0,0,0,5,503,-7413,7583,0,0,0,0,0
2,-90,23.583,121,2472139,31,-2,-4,46421,0,0,0,0,0,5,503,-7413,7583,0,0,0,0,0
2,-90,23.639,122,2472195,31,-2,-4,46421,0,0,0,0,0,5,503,-7413,7583,0,0,0,0,0
2,-90,23.695,123,2472251,31,-2,-4,46421,0,0,0,0,0,5,503,-7413,7583,0,0,0,0,0
2,-90,23.751,124,2472307,31,-2,-4,46421,0,0,0,0,0,5,503,-7413,7583,0,0,0,0,0
2,-90,23.809,125,2472363,31,-2,-4,46421,0,0,0,0,0,5,503,-7413,7583,0,0,0,0,0
2,-90,23.862,126,2472419,31,-2,-4,46421,0,0,0,0,0,5,503,-7413,7583,0,0,0,0,0
2,-90,23.92,127,2472475,31,-2,-4,46421,0,0,0,0,0,5,503,-7413,7583,0,0,0,0,0
2,-90,24.033,1,2472587,31,-2,-4,46421,0,0,0,0,0,5,503,-7413,7583,0,0,0,0,0
2,-90,24.086,2,2472643,31,-2,-4,46421,0,0,0,0,0,5,503,-7413,7583,0,0,0,0,0
2,-90,24.141,3,2472699,31,-2,-4,46421,0,0,0,0,0,5,503,-7413,7583,0,0,0,0,0
2,-90,24.197,4,2472755,31,-2,-4,46421,0,0,0,0,0,5,503,-7413,7583,0,0,0,0,0
2,-90,24.254,5,2472811,31,-2,-4,46421,0,0,0,0,0,5,503,-7413,7583,0,0,0,0,0
2,-90,24.31,6,2472867,31,-2,-4,46421,0,0,0,0,0,5,503,-7413,7583,0,0,0,0,0
2,-90,24.366,7,2472923,31,-2,-4,46421,0,0,0,0,0,5,503,-7413,7583,0,0,0,0,0
2,-90,24.433,8,2472979,31,-2,-4,46421,0,0,0,0,0,5,503,-7413,7583,0,0,0,0,0
2,-90,24.498,9,2473035,31,-2,-4,46421,0,0,0,0,0,5,503,-7413,7583,0,0,0,0,0
2,-90,24.535,10,2473091,31,-2,-4,46421,0,0,0,0,0,5,503,-7413,7583,0,0,0,0,0
2,-90,24.595,11,2473147,31,-2,-4,46421,0,0,0,0,0,5,503,-7413,7583,0,0,0,0,0
2,-90,24.7,13,2473255,31,-2,-4,46421,0,0,0,0,0,5,503,-7413,7583,0,0,0,0,0
2,-90,24.887,16,2473423,31,-2,-4,46421,0,0,0,0,0,5,503,-7413,7583,0,0,0,0,0
2,-90,24.933,17,2473479,31,-2,-4,46421,0,0,0,0,0,5,503,-7413,7583,0,0,0,0,0
2,-90,24.978,18,2473535,31,-2,-4,46421,0,0,0,0,0,5,503,-7413,7583,0,0,0,0,0
2,-90,25.036,19,2473591,31,-2,-4,46421,0,0,0,0,0,5,503,-7413,7583,0,0,0,0,0
2,-90,25.098,20,2473647,31,-2,-4,46421,0,0,0,0,0,5,503,-7413,7583,0,0,0,0,0
2,-90,25.148,21,2473703,31,-2,-4,46421,0,0,0,0,0,5,503,-7413,7583,0,0,0,0,0
2,-90,25.202,22,2473759,31,-2,-4,46421,0,0,0,0,0,5,503,-7413,7583,0,0,0,0,0
2,-90,25.313,24,2473871,31,-2,-4,46421,0,0,0,0,0,5,503,-7413,7583,0,0,0,0,0
2,-90,25.369,25,2473927,31,-2,-4,46421,0,0,0,0,0,5,503,-7413,7583,0,0,0,0,0
2,-90,25.441,26,2473983,31,-2,-4,46421,0,0,0,0,0,5,503,-7413,7583,0,0,0,0,0
2,-90,25.49,27,2474039,31,-2,-4,46421,0,0,0,0,0,5,503,-7413,7583,0,0,0,0,0
2,-90,25.548,28,2474095,31,-2,-4,46421,0,0,0,0,0,5,503,-7413,7583,0,0,0,0,0
2,-90,25.606,29,2474151,31,-2,-4,46421,0,0,0,0,0,5,503,-7413,7583,0,0,0,0,0
2,-90,25.671,30,2474207,31,-2,-4,46421,0,0,0,0,0,5,503,-7413,7583,0,0,0,0,0
2,-90,25.719,31,2474259,31,-2,-4,46421,0,0,0,0,0,5,503,-7413,7583,0,0,0,0,0
2,-90,25.783,32,2474315,31,-2,-4,46421,0,0,0,0,0,5,503,-7413,7583,0,0,0,0,0
2,-90,25.816,33,2474371,31,-2,-4,46421,0,0,0,0,0,5,503,-7413,7583,0,0,0,0,0
2,-90,25.927,35,2474483,31,-2,-4,46421,0,0,0,0,0,5,503,-7413,7583,0,0,0,0,0
2,-90,26.042,37,2474595,31,-2,-4,46421,0,0,0,0,0,5,503,-7413,7583,0,0,0,0,0
2,-90,26.098,38,2474651,31,-2,-4,46421,0,0,0,0,0,5,503,-7413,7583,0,0,0,0,0
2,-90,26.155,39,2474707,31,-2,-4,46421,0,0,0,0,0,5,503,-7413,7583,0,0,0,0,0
2,-90,26.211,40,2474763,31,-2,-4,46421,0,0,0,0,0,5,503,-7413,7583,0,0,0,0,0
2,-90,26.263,41,2474819,31,-2,-4,46421,0,0,0,0,0,5,503,-7413,7583,0,0,0,0,0
2,-90,26.318,42,2474875,31,-2,-4,46421,0,0,0,0,0,5,503,-7413,7583,0,0,0,0,0
2,-90,26.376,43,2474931,31,-2,-4,46421,0,0,0,0,0,5,503,-7413,7583,0,0,0,0,0
2,-90,26.429,44,2474987,31,-2,-4,46421,0,0,0,0,0,5,503,-7413,7583,0,0,0,0,0
2,-90,26.545,46,2475099,31,-2,-4,46421,0,0,0,0,0,5,503,-7413,7583,0,0,0,0,0
2,-90,26.652,48,2475211,31,-2,-4,46421,0,0,0,0,0,5,503,-7413,7583,0,0,0,0,0
2,-90,26.72,49,2475267,31,-2,-4,46421,0,0,0,0,0,5,503,-7413,7583,0,0,0,0,0
2,-90,26.763,50,2475319,31,-2,-4,46421,0,0,0,0,0,5,503,-7413,7583,0,0,0,0,0
2,-90,26.823,51,2475375,31,-2,-4,46421,0,0,0,0,0,5,503,-7413,7583,0,0,0,0,0
2,-90,26.88,52,2475431,31,-2,-4,46421,0,0,0,0,0,5,503,-7413,7583,0,0,0,0,0
2,-90,26.934,53,2475487,31,-2,-4,46421,0,0,0,0,0,5,503,-7413,7583,0,0,0,0,0
2,-90,26.988,54,2475543,31,-2,-4,46421,0,0,0,0,0,5,503,-7413,7583,0,0,0,0,0
2,-90,27.044,55,2475599,31,-2,-4,46421,0,0,0,0,0,5,503,-7413,7583,0,0,0,0,0
2,-90,27.219,57,2475711,31,-2,-4,46421,0,0,0,0,0,5,503,-7413,7583,0,0,0,0,0
2,-90,27.269,59,2475823,31,-2,-4,46421,0,0,0,0,0,5,503,-7413,7583,0,0,0,0,0
2,-90,27.323,60,2475879,31,-2,-4,46421,0,0,0,0,0,5,503,-7413,7583,0,0,0,0,0
2,-90,27.38,61,2475935,31,-2,-4,46421,0,0,0,0,0,5,503,-7413,7583,0,0,0,0,0
2,-90,27.438,62,2475991,31,-2,-4,46421,0,0,0,0,0,5,503,-7413,7583,0,0,0,0,0
2,-90,27.494,63,2476047,31,-2,-4,46421,0,0,0,0,0,5,503,-7413,7583,0,0,0,0,0
2,-90,27.563,64,2476103,31,-2,-4,46421,0,0,0,0,0,5,503,-7413,7583,0,0,0,0,0
2,-90,27.602,65,2476159,31,-2,-4,46421,0,0,0,0,0,5,503,-7413,7583,0,0,0,0,0
2,-90,27.659,66,2476215,31,-2,-4,46421,0,0,0,0,0,5,503,-7413,7583,0,0,0,0,0
2,-90,27.778,68,2476327,31,-2,-4,46421,0,0,0,0,0,5,503,-7413,7583,0,0,0,0,0
2,-90,27.887,70,2476435,31,-2,-4,46421,0,0,0,0,0,5,503,-7413,7583,0,0,0,0,0
2,-90,27.938,71,2476491,31,-2,-4,46421,0,0,0,0,0,5,503,-7413,7583,0,0,0,0,0
2,-90,27.991,72,2476547,31,-2,-4,46421,0,0,0,0,0,5,503,-7413,7583,0,0,0,0,0
2,-90,28.046,73,2476603,31,-2,-4,46421,0,0,0,0,0,5,503,-7413,7583,0,0,0,0,0
2,-90,28.112,74,2476659,31,-2,-4,46421,0,0,0,0,0,5,503,-7413,7583,0,0,0,0,0
2,-90,28.158,75,2476715,31,-2,-4,46421,0,0,0,0,0,5,503,-7413,7583,0,0,0,0,0
2,-90,28.214,76,2476771,31,-2,-4,46421,0,0,0,0,0,5,503,-7413,7583,0,0,0,0,0
2,-90,28.273,77,2476827,31,-2,-4,46421,0,0,0,0,0,5,503,-7413,7583,0,0,0,0,0
2,-90,28.409,79,2476939,31,-2,-4,46421,0,0,0,0,0,5,503,-7413,7583,0,0,0,0,0
2,-90,28.462,80,2476995,31,-2,-4,46421,0,0,0,0,0,5,503,-7413,7583,0,0,0,0,0
2,-90,28.494,81,2477051,31,-2,-4,46421,0,0,0,0,0,5,503,-7413,7583,0,0,0,0,0
2,-90,28.553,82,2477107,31,-2,-4,46421,0,0,0,0,0,5,503,-7413,7583,0,0,0,0,0
2,-90,28.611,83,2477163,31,-2,-4,46421,0,0,0,0,0,5,503,-7413,7583,0,0,0,0,0
2,-90,28.661,84,2477219,31,-2,-4,46421,0,0,0,0,0,5,503,-7413,7583,0,0,0,0,0
2,-90,28.717,85,2477275,31,-2,-4,46421,0,0,0,0,0,5,503,-7413,7583,0,0,0,0,0
2,-90,28.773,86,2477331,31,-2,-4,46421,0,0,0,0,0,5,503,-7413,7583,0,0,0,0,0
2,-90,28.839,87,2477387,31,-2,-4,46421,0,0,0,0,0,5,503,-7413,7583,0,0,0,0,0
2,-90,28.883,88,2477439,31,-2,-4,46421,0,0,0,0,0,5,503,-7413,7583,0,0,0,0,0
2,-90,28.938,89,2477495,31,-2,-4,46421,0,0,0,0,0,5,503,-7413,7583,0,0,0,0,0
3,107,0.013,49,2510955,31,-2,-4,46421,0,0,0,0,0,5,503,-7413,7583,0,0,0,0,0
3,107,0.017,50,2511011,31,-2,-4,46421,0,0,0,0,0,5,503,-7413,7583,0,0,0,0,0
3,107,0.071,51,2511063,31,-2,-4,46421,0,0,0,0,0,5,504,-7413,7583,-800,800,0,0,0
3,107,0.146,52,2511135,31,-2,-4,46483,0,0,0,-18,18,6,507,-7422,7594,-1100,1200,0,0,0
3,107,0.218,53,2511207,31,-2,-4,46672,0,0,0,-35,32,6,510,-7450,7627,-1500,1400,0,0,0
3,107,0.289,54,2511279,31,-2,-3,46990,0,0,0,-58,64,6,513,-7497,7683,-1800,1900,0,0,0
3,107,0.364,55,2511351,31,-2,-3,47498,0,0,0,-82,90,6,516,-7572,7772,-2300,2300,0,0,0
3,107,0.441,56,2511423,31,-3,-3,48235,0,0,0,-110,133,6,519,-7688,7894,-2700,2700,0,0,0
3,107,0.575,58,2511567,31,-3,-2,50204,0,0,0,-160,178,6,525,-7991,8227,-2900,2900,0,0,0
3,107,0.648,59,2511639,31,-3,-2,51281,0,0,0,-163,169,6,528,-8161,8405,-2900,2900,0,0,0
3,107,0.739,60,2511711,31,-4,-2,52404,0,0,0,-187,178,6,531,-8341,8588,-2800,2900,0,0,0
3,107,0.821,61,2511783,31,-4,-2,53438,0,0,0,-163,169,6,534,-8500,8763,-2800,2800,0,0,0
3,107,0.938,63,2511927,31,-4,-2,55596,0,0,0,-178,161,6,540,-8844,9116,-2700,2700,0,0,0
3,107,1.006,64,2511999,31,-5,-2,56645,0,0,0,-169,161,6,543,-9008,9291,-1800,1700,0,0,0
3,107,1.315,68,2512307,31,-5,-2,57447,0,0,0,0,0,6,558,-9133,9425,0,0,0,0,0
3,107,1.384,69,2512379,31,-5,-2,57447,0,0,0,0,0,6,561,-9133,9425,0,0,0,0,0
3,107,1.458,70,2512451,31,-5,-2,57447,0,0,0,0,0,6,564,-9133,9425,0,0,0,0,0
3,107,1.528,71,2512523,31,-5,-2,57447,0,0,0,0,0,6,567,-9133,9425,0,0,0,0,0
3,107,1.6,72,2512595,31,-5,-2,57447,0,0,0,0,0,6,570,-9133,9425,0,0,0,0,0
3,107,1.671,73,2512667,31,-5,-2,57447,0,0,0,0,0,6,573,-9133,9425,0,0,0,0,0
3,107,1.84,76,2512831,31,-5,-2,57447,0,0,0,0,0,6,574,-9133,9425,0,0,0,0,0
3,107,1.892,77,2512887,31,-5,-2,57447,0,0,0,0,0,6,574,-9133,9425,0,0,0,0,0
3,107,1.947,78,2512943,31,-5,-2,57447,0,0,0,0,0,6,574,-9133,9425,0,0,0,0,0
3,107,2.004,79,2512999,31,-5,-2,57447,0,0,0,0,0,6,574,-9133,9425,0,0,0,0,0
3,107,2.063,80,2513055,31,-5,-2,57447,0,0,0,0,0,6,574,-9133,9425,0,0,0,0,0
3,107,2.124,81,2513111,31,-5,-2,57447,0,0,0,0,0,6,574,-9133,9425,0,0,0,0,0
3,107,2.174,82,2513167,31,-5,-2,57447,0,0,0,0,0,6,574,-9133,9425,0,0,0,0,0
3,107,2.228,83,2513223,31,-5,-2,57447,0,0,0,0,0,6,574,-9133,9425,0,0,0,0,0
3,107,2.284,84,2513279,31,-5,-2,57447,0,0,0,0,0,6,574,-9133,9425,0,0,0,0,0
3,107,2.34,85,2513335,31,-5,-2,57447,0,0,0,0,0,6,574,-9133,9425,0,0,0,0,0
3,107,2.455,87,2513447,31,-5,-2,57447,0,0,0,0,0,6,574,-9133,9425,0,0,0,0,0
3,107,2.512,88,2513503,31,-5,-2,57447,0,0,0,0,0,6,574,-9133,9425,0,0,0,0,0
3,107,2.569,89,2513559,31,-5,-2,57447,0,0,0,0,0,6,574,-9133,9425,0,0,0,0,0
3,107,2.634,90,2513615,31,-5,-2,57447,0,0,0,0,0,6,574,-9133,9425,0,0,0,0,0
3,107,2.678,91,2513671,31,-5,-2,57447,0,0,0,0,0,6,574,-9133,9425,0,0,0,0,0
3,107,2.733,92,2513727,31,-5,-2,57447,0,0,0,0,0,6,574,-9133,9425,0,0,0,0,0
3,107,2.797,93,2513783,31,-5,-2,57447,0,0,0,0,0,6,574,-9133,9425,0,0,0,0,0
3,107,2.848,94,2513835,31,-5,-2,57447,0,0,0,0,0,6,574,-9133,9425,0,0,0,0,0
3,107,2.902,95,2513891,31,-5,-2,57447,0,0,0,0,0,6,574,-9133,9425,0,0,0,0,0
3,107,2.953,96,2513947,31,-5,-2,57447,0,0,0,0,0,6,574,-9133,9425,0,0,0,0,0
3,107,3.014,97,2514003,31,-5,-2,57447,0,0,0,0,0,6,574,-9133,9425,0,0,0,0,0
3,107,3.077,98,2514059,31,-5,-2,57447,0,0,0,0,0,6,574,-9133,9425,0,0,0,0,0
3,107,3.122,99,2514115,31,-5,-2,57447,0,0,0,0,0,6,574,-9133,9425,0,0,0,0,0
3,107,3.178,100,2514171,31,-5,-2,57447,0,0,0,0,0,6,574,-9133,9425,0,0,0,0,0
3,107,3.235,101,2514227,31,-5,-2,57447,0,0,0,0,0,6,574,-9133,9425,0,0,0,0,0
3,107,3.289,102,2514283,31,-5,-2,57447,0,0,0,0,0,6,574,-9133,9425,0,0,0,0,0
3,107,3.345,103,2514339,31,-5,-2,57447,0,0,0,0,0,6,574,-9133,9425,0,0,0,0,0
3,107,3.402,104,2514395,31,-5,-2,57447,0,0,0,0,0,6,574,-9133,9425,0,0,0,0,0
3,107,3.458,105,2514451,31,-5,-2,57447,0,0,0,0,0,6,574,-9133,9425,0,0,0,0,0
3,107,3.512,106,2514507,31,-5,-2,57447,0,0,0,0,0,6,574,-9133,9425,0,0,0,0,0
3,107,3.567,107,2514563,31,-5,-2,57447,0,0,0,0,0,6,574,-9133,9425,0,0,0,0,0
3,107,3.685,109,2514675,31,-5,-2,57447,0,0,0,0,0,6,574,-9133,9425,0,0,0,0,0
3,107,3.735,110,2514731,31,-5,-2,57447,0,0,0,0,0,6,574,-9133,9425,0,0,0,0,0
3,107,3.793,111,2514787,31,-5,-2,57447,0,0,0,0,0,6,574,-9133,9425,0,0,0,0,0
3,107,3.86,112,2514843,31,-5,-2,57447,0,0,0,0,0,6,574,-9133,9425,0,0,0,0,0
3,107,3.901,113,2514895,31,-5,-2,57447,0,0,0,0,0,6,574,-9133,9425,0,0,0,0,0
3,107,3.962,114,2514951,31,-5,-2,57447,0,0,0,0,0,6,574,-9133,9425,0,0,0,0,0
3,107,4.026,115,2515007,31,-5,-2,57447,0,0,0,0,0,6,574,-9133,9425,0,0,0,0,0
3,107,4.069,116,2515063,31,-5,-2,57447,0,0,0,0,0,6,574,-9133,9425,0,0,0,0,0
3,107,4.124,117,2515119,31,-5,-2,57447,0,0,0,0,0,6,574,-9133,9425,0,0,0,0,0
3,107,4.183,118,2515175,31,-5,-2,57447,0,0,0,0,0,6,574,-9133,9425,0,0,0,0,0
3,107,4.235,119,2515231,31,-5,-2,57447,0,0,0,0,0,6,574,-9133,9425,0,0,0,0,0
3,107,4.292,120,2515287,31,-5,-2,57447,0,0,0,0,0,6,574,-9133,9425,0,0,0,0,0
3,107,4.347,121,2515343,31,-5,-2,57447,0,0,0,0,0,6,574,-9133,9425,0,0,0,0,0
3,107,4.403,122,2515399,31,-5,-2,57447,0,0,0,0,0,6,574,-9133,9425,0,0,0,0,0
3,107,4.462,123,2515455,31,-5,-2,57447,0,0,0,0,0,6,574,-9133,9425,0,0,0,0,0
3,107,4.515,124,2515511,31,-5,-2,57447,0,0,0,0,0,6,574,-9133,9425,0,0,0,0,0
3,107,4.572,125,2515567,31,-5,-2,57447,0,0,0,0,0,6,574,-9133,9425,0,0,0,0,0
3,107,4.628,126,2515623,31,-5,-2,57447,0,0,0,0,0,6,574,-9133,9425,0,0,0,0,0
3,107,4.69,127,2515679,31,-5,-2,57447,0,0,0,0,0,6,574,-9133,9425,0,0,0,0,0
3,107,4.742,0,2515735,31,-5,-2,57447,0,0,0,0,0,6,574,-9133,9425,0,0,0,0,0
3,107,4.801,1,2515791,31,-5,-2,57447,0,0,0,0,0,6,574,-9133,9425,0,0,0,0,0
3,107,4.933,3,2515903,31,-5,-2,57447,0,0,0,0,0,6,574,-9133,9425,0,0,0,0,0
3,107,4.964,4,2515955,31,-5,-2,57447,0,0,0,0,0,6,574,-9133,9425,0,0,0,0,0
3,107,5.023,5,2516011,31,-5,-2,57447,0,0,0,0,0,6,574,-9133,9425,0,0,0,0,0
3,107,5.072,6,2516067,31,-5,-2,57447,0,0,0,0,0,6,574,-9133,9425,0,0,0,0,0
3,107,5.132,7,2516123,31,-5,-2,57447,0,0,0,0,0,6,574,-9133,9425,0,0,0,0,0
3,107,5.185,8,2516179,31,-5,-2,57447,0,0,0,0,0,6,574,-9133,9425,0,0,0,0,0
3,107,5.241,9,2516235,31,-5,-2,57447,0,0,0,0,0,6,574,-9133,9425,0,0,0,0,0
3,107,5.299,10,2516291,31,-5,-2,57447,0,0,0,0,0,6,574,-9133,9425,0,0,0,0,0
3,107,5.355,11,2516347,31,-5,-2,57447,0,0,0,0,0,6,574,-9133,9425,0,0,0,0,0
3,107,5.409,12,2516403,31,-5,-2,57447,0,0,0,0,0,6,574,-9133,9425,0,0,0,0,0
3,107,5.467,13,2516459,31,-5,-2,57447,0,0,0,0,0,6,574,-9133,9425,0,0,0,0,0
3,107,5.612,15,2516571,31,-5,-2,57447,0,0,0,0,0,6,574,-9133,9425,0,0,0,0,0
3,107,5.658,16,2516627,31,-5,-2,57447,0,0,0,0,0,6,574,-9133,9425,0,0,0,0,0
3,107,5.688,17,2516683,31,-5,-2,57447,0,0,0,0,0,6,574,-9133,9425,0,0,0,0,0
3,107,5.76,18,2516739,31,-5,-2,57447,0,0,0,0,0,6,574,-9133,9425,0,0,0,0,0
3,107,5.801,19,2516795,31,-5,-2,57447,0,0,0,0,0,6,574,-9133,9425,0,0,0,0,0
3,107,5.856,20,2516851,31,-5,-2,57447,0,0,0,0,0,6,574,-9133,9425,0,0,0,0,0
3,107,5.915,21,2516907,31,-5,-2,57447,0,0,0,0,0,6,574,-9133,9425,0,0,0,0,0
3,107,5.978,22,2516963,31,-5,-2,57447,0,0,0,0,0,6,574,-9133,9425,0,0,0,0,0
3,107,6.023,23,2517015,31,-5,-2,57447,0,0,0,0,0,6,574,-9133,9425,0,0,0,0,0
3,107,6.075,24,2517071,31,-5,-2,57447,0,0,0,0,0,6,574,-9133,9425,0,0,0,0,0
3,107,6.133,25,2517127,31,-5,-2,57447,0,0,0,0,0,6,574,-9133,9425,0,0,0,0,0
3,107,6.192,26,2517183,31,-5,-2,57447,0,0,0,0,0,6,574,-9133,9425,0,0,0,0,0
3,107,6.244,27,2517239,31,-5,-2,57447,0,0,0,0,0,6,574,-9133,9425,0,0,0,0,0
3,107,6.301,28,2517295,31,-5,-2,57447,0,0,0,0,0,6,574,-9133,9425,0,0,0,0,0
3,107,6.357,29,2517351,31,-5,-2,57447,0,0,0,0,0,6,574,-9133,9425,0,0,0,0,0
3,107,6.415,30,2517407,31,-5,-2,57447,0,0,0,0,0,6,574,-9133,9425,0,0,0,0,0
3,107,6.471,31,2517463,31,-5,-2,57447,0,0,0,0,0,6,574,-9133,9425,0,0,0,0,0
3,107,6.526,32,2517519,31,-5,-2,57447,0,0,0,0,0,6,574,-9133,9425,0,0,0,0,0
3,107,6.584,33,2517575,31,-5,-2,57447,0,0,0,0,0,6,574,-9133,9425,0,0,0,0,0
3,107,6.639,34,2517631,31,-5,-2,57447,0,0,0,0,0,6,574,-9133,9425,0,0,0,0,0
3,107,6.693,35,2517687,31,-5,-2,57447,0,0,0,0,0,6,574,-9133,9425,0,0,0,0,0
3,107,6.806,37,2517799,31,-5,-2,57447,0,0,0,0,0,6,574,-9133,9425,0,0,0,0,0
3,107,6.859,38,2517855,31,-5,-2,57447,0,0,0,0,0,6,574,-9133,9425,0,0,0,0,0
3,107,6.926,39,2517911,31,-5,-2,57447,0,0,0,0,0,6,574,-9133,9425,0,0,0,0,0
3,107,6.971,40,2517967,31,-5,-2,57447,0,0,0,0,0,6,574,-9133,9425,0,0,0,0,0
3,107,7.08,41,2518023,31,-5,-2,57447,0,0,0,0,0,6,574,-9133,9425,0,0,0,0,0
3,107,7.08,42,2518075,31,-5,-2,57447,0,0,0,0,0,6,574,-9133,9425,0,0,0,0,0
3,107,7.162,43,2518131,31,-5,-2,57447,0,0,0,0,0,6,574,-9133,9425,0,0,0,0,0
3,107,7.216,44,2518187,31,-5,-2,57447,0,0,0,0,0,6,574,-9133,9425,0,0,0,0,0
3,107,7.248,45,2518243,31,-5,-2,57447,0,0,0,0,0,6,574,-9133,9425,0,0,0,0,0
3,107,7.303,46,2518299,31,-5,-2,57447,0,0,0,0,0,6,574,-9133,9425,0,0,0,0,0
3,107,7.36,47,2518355,31,-5,-2,57447,0,0,0,0,0,6,574,-9133,9425,0,0,0,0,0
3,107,7.416,48,2518411,31,-5,-2,57447,0,0,0,0,0,6,574,-9133,9425,0,0,0,0,0
3,107,7.471,49,2518467,31,-5,-2,57447,0,0,0,0,0,6,574,-9133,9425,0,0,0,0,0
3,107,7.532,50,2518523,31,-5,-2,57447,0,0,0,0,0,6,574,-9133,9425,0,0,0,0,0
3,107,7.583,51,2518579,31,-5,-2,57447,0,0,0,0,0,6,574,-9133,9425,0,0,0,0,0
3,107,7.639,52,2518635,31,-5,-2,57447,0,0,0,0,0,6,574,-9133,9425,0,0,0,0,0
3,107,7.695,53,2518691,31,-5,-2,57447,0,0,0,0,0,6,574,-9133,9425,0,0,0,0,0
3,107,7.753,54,2518747,31,-5,-2,57447,0,0,0,0,0,6,574,-9133,9425,0,0,0,0,0
3,107,7.809,55,2518803,31,-5,-2,57447,0,0,0,0,0,6,574,-9133,9425,0,0,0,0,0
3,107,7.866,56,2518859,31,-5,-2,57447,0,0,0,0,0,6,574,-9133,9425,0,0,0,0,0
3,107,7.919,57,2518915,31,-5,-2,57447,0,0,0,0,0,6,574,-9133,9425,0,0,0,0,0
3,107,8.039,59,2519027,31,-5,-2,57447,0,0,0,0,0,6,574,-9133,9425,0,0,0,0,0
3,107,8.096,60,2519083,31,-5,-2,57447,0,0,0,0,0,6,574,-9133,9425,0,0,0,0,0
3,107,8.142,61,2519135,31,-5,-2,57447,0,0,0,0,0,6,574,-9133,9425,0,0,0,0,0
3,107,8.196,62,2519191,31,-5,-2,57447,0,0,0,0,0,6,574,-9133,9425,0,0,0,0,0
3,107,8.253,63,2519247,31,-5,-2,57447,0,0,0,0,0,6,574,-9133,9425,0,0,0,0,0
3,107,8.309,64,2519303,31,-5,-2,57447,0,0,0,0,0,6,574,-9133,9425,0,0,0,0,0
3,107,8.391,65,2519359,31,-5,-2,57447,0,0,0,0,0,6,574,-9133,9425,0,0,0,0,0
3,107,8.418,66,2519415,31,-5,-2,57447,0,0,0,0,0,6,574,-9133,9425,0,0,0,0,0
3,107,8.476,67,2519471,31,-5,-2,57447,0,0,0,0,0,6,574,-9133,9425,0,0,0,0,0
3,107,8.531,68,2519527,31,-5,-2,57447,0,0,0,0,0,6,574,-9133,9425,0,0,0,0,0
3,107,8.59,69,2519583,31,-5,-2,57447,0,0,0,0,0,6,574,-9133,9425,0,0,0,0,0
3,107,8.702,71,2519695,31,-5,-2,57447,0,0,0,0,0,6,574,-9133,9425,0,0,0,0,0
3,107,8.757,72,2519751,31,-5,-2,57447,0,0,0,0,0,6,574,-9133,9425,0,0,0,0,0
3,107,8.811,73,2519807,31,-5,-2,57447,0,0,0,0,0,6,574,-9133,9425,0,0,0,0,0
3,107,8.867,74,2519863,31,-5,-2,57447,0,0,0,0,0,6,574,-9133,9425,0,0,0,0,0
3,107,8.924,75,2519919,31,-5,-2,57447,0,0,0,0,0,6,574,-9133,9425,0,0,0,0,0
3,107,8.981,76,2519975,31,-5,-2,57447,0,0,0,0,0,6,574,-9133,9425,0,0,0,0,0
3,107,9.037,77,2520031,31,-5,-2,57447,0,0,0,0,0,6,574,-9133,9425,0,0,0,0,0
3,107,9.091,78,2520087,31,-5,-2,57447,0,0,0,0,0,6,574,-9133,9425,0,0,0,0,0
3,107,9.155,79,2520143,31,-5,-2,57447,0,0,0,0,0,6,574,-9133,9425,0,0,0,0,0
3,107,9.199,80,2520195,31,-5,-2,57447,0,0,0,0,0,6,574,-9133,9425,0,0,0,0,0
3,107,9.311,82,2520307,31,-5,-2,57447,0,0,0,0,0,6,574,-9133,9425,0,0,0,0,0
3,107,9.367,83,2520363,31,-5,-2,57447,0,0,0,0,0,6,574,-9133,9425,0,0,0,0,0
3,107,9.423,84,2520419,31,-5,-2,57447,0,0,0,0,0,6,574,-9133,9425,0,0,0,0,0
3,107,9.48,85,2520475,31,-5,-2,57447,0,0,0,0,0,6,574,-9133,9425,0,0,0,0,0
3,107,9.535,86,2520531,31,-5,-2,57447,0,0,0,0,0,6,574,-9133,9425,0,0,0,0,0
3,107,9.59,87,2520587,31,-5,-2,57447,0,0,0,0,0,6,574,-9133,9425,0,0,0,0,0
3,107,9.647,88,2520643,31,-5,-2,57447,0,0,0,0,0,6,574,-9133,9425,0,0,0,0,0
3,107,9.703,89,2520699,31,-5,-2,57447,0,0,0,0,0,6,574,-9133,9425,0,0,0,0,0
3,107,9.759,90,2520755,31,-5,-2,57447,0,0,0,0,0,6,574,-9133,9425,0,0,0,0,0
3,107,9.815,91,2520811,31,-5,-2,57447,0,0,0,0,0,6,574,-9133,9425,0,0,0,0,0
3,107,9.928,93,2520923,31,-5,-2,57447,0,0,0,0,0,6,574,-9133,9425,0,0,0,0,0
3,107,9.984,94,2520979,31,-5,-2,57447,0,0,0,0,0,6,574,-9133,9425,0,0,0,0,0
3,107,10.039,95,2521035,31,-5,-2,57447,0,0,0,0,0,6,574,-9133,9425,0,0,0,0,0
3,107,10.095,96,2521091,31,-5,-2,57447,0,0,0,0,0,6,574,-9133,9425,0,0,0,0,0
3,107,10.152,97,2521147,31,-5,-2,57447,0,0,0,0,0,6,574,-9133,9425,0,0,0,0,0
3,107,10.215,98,2521203,31,-5,-2,57447,0,0,0,0,0,6,574,-9133,9425,0,0,0,0,0
3,107,10.259,99,2521255,31,-5,-2,57447,0,0,0,0,0,6,574,-9133,9425,0,0,0,0,0
3,107,10.315,100,2521311,31,-5,-2,57447,0,0,0,0,0,6,574,-9133,9425,0,0,0,0,0
3,107,10.37,101,2521367,31,-5,-2,57447,0,0,0,0,0,6,574,-9133,9425,0,0,0,0,0
3,107,10.426,102,2521423,31,-5,-2,57447,0,0,0,0,0,6,574,-9133,9425,0,0,0,0,0
3,107,10.595,105,2521591,31,-5,-2,57447,0,0,0,0,0,6,574,-9133,9425,0,0,0,0,0
3,107,10.65,106,2521647,31,-5,-2,57447,0,0,0,0,0,6,574,-9133,9425,0,0,0,0,0
3,107,10.708,107,2521703,31,-5,-2,57447,0,0,0,0,0,6,574,-9133,9425,0,0,0,0,0
3,107,10.763,108,2521759,31,-5,-2,57447,0,0,0,0,0,6,574,-9133,9425,0,0,0,0,0
3,107,10.82,109,2521815,31,-5,-2,57447,0,0,0,0,0,6,574,-9133,9425,0,0,0,0,0
3,107,10.875,110,2521871,31,-5,-2,57447,0,0,0,0,0,6,574,-9133,9425,0,0,0,0,0
3,107,10.931,111,2521927,31,-5,-2,57447,0,0,0,0,0,6,574,-9133,9425,0,0,0,0,0
3,107,10.987,112,2521983,31,-5,-2,57447,0,0,0,0,0,6,574,-9133,9425,0,0,0,0,0
3,107,11.043,113,2522039,31,-5,-2,57447,0,0,0,0,0,6,574,-9133,9425,0,0,0,0,0
3,107,11.156,115,2522151,31,-5,-2,57447,0,0,0,0,0,6,574,-9133,9425,0,0,0,0,0
3,107,11.21,116,2522207,31,-5,-2,57447,0,0,0,0,0,6,574,-9133,9425,0,0,0,0,0
3,107,11.276,117,2522263,31,-5,-2,57447,0,0,0,0,0,6,574,-9133,9425,0,0,0,0,0
3,107,11.319,118,2522315,31,-5,-2,57447,0,0,0,0,0,6,574,-9133,9425,0,0,0,0,0
3,107,11.376,119,2522371,31,-5,-2,57447,0,0,0,0,0,6,574,-9133,9425,0,0,0,0,0
3,107,11.431,120,2522427,31,-5,-2,57447,0,0,0,0,0,6,574,-9133,9425,0,0,0,0,0
3,107,11.488,121,2522483,31,-5,-2,57447,0,0,0,0,0,6,574,-9133,9425,0,0,0,0,0
3,107,11.542,122,2522539,31,-5,-2,57447,0,0,0,0,0,6,574,-9133,9425,0,0,0,0,0
3,107,11.598,123,2522595,31,-5,-2,57447,0,0,0,0,0,6,574,-9133,9425,0,0,0,0,0
3,107,11.654,124,2522651,31,-5,-2,57447,0,0,0,0,0,6,574,-9133,9425,0,0,0,0,0
3,107,11.711,125,2522707,31,-5,-2,57447,0,0,0,0,0,6,574,-9133,9425,0,0,0,0,0
3,107,11.768,126,2522763,31,-5,-2,57447,0,0,0,0,0,6,574,-9133,9425,0,0,0,0,0
3,107,11.823,127,2522819,31,-5,-2,57447,0,0,0,0,0,6,574,-9133,9425,0,0,0,0,0
3,107,11.879,0,2522875,31,-5,-2,57447,0,0,0,0,0,6,574,-9133,9425,0,0,0,0,0
3,107,11.934,1,2522931,31,-5,-2,57447,0,0,0,0,0,6,574,-9133,9425,0,0,0,0,0
3,107,11.99,2,2522987,31,-5,-2,57447,0,0,0,0,0,6,574,-9133,9425,0,0,0,0,0
3,107,12.048,3,2523043,31,-5,-2,57447,0,0,0,0,0,6,574,-9133,9425,0,0,0,0,0
3,107,12.104,4,2523099,31,-5,-2,57447,0,0,0,0,0,6,574,-9133,9425,0,0,0,0,0
3,107,12.159,5,2523155,31,-5,-2,57447,0,0,0,0,0,6,574,-9133,9425,0,0,0,0,0
3,107,12.216,6,2523211,31,-5,-2,57447,0,0,0,0,0,6,574,-9133,9425,0,0,0,0,0
3,107,12.27,7,2523267,31,-5,-2,57447,0,0,0,0,0,6,574,-9133,9425,0,0,0,0,0
3,107,12.435,10,2523431,31,-5,-2,57447,0,0,0,0,0,6,574,-9133,9425,0,0,0,0,0
3,107,12.491,11,2523487,31,-5,-2,57447,0,0,0,0,0,6,574,-9133,9425,0,0,0,0,0
3,107,12.548,12,2523543,31,-5,-2,57447,0,0,0,0,0,6,574,-9133,9425,0,0,0,0,0
3,107,12.604,13,2523599,31,-5,-2,57447,0,0,0,0,0,6,574,-9133,9425,0,0,0,0,0
3,107,12.659,14,2523655,31,-5,-2,57447,0,0,0,0,0,6,574,-9133,9425,0,0,0,0,0
3,107,12.715,15,2523711,31,-5,-2,57447,0,0,0,0,0,6,574,-9133,9425,0,0,0,0,0
3,107,12.77,16,2523767,31,-5,-2,57447,0,0,0,0,0,6,574,-9133,9425,0,0,0,0,0
3,107,12.827,17,2523823,31,-5,-2,57447,0,0,0,0,0,6,574,-9133,9425,0,0,0,0,0
3,107,12.884,18,2523879,31,-5,-2,57447,0,0,0,0,0,6,574,-9133,9425,0,0,0,0,0
3,107,12.94,19,2523935,31,-5,-2,57447,0,0,0,0,0,6,574,-9133,9425,0,0,0,0,0
3,107,13.05,21,2524047,31,-5,-2,57447,0,0,0,0,0,6,574,-9133,9425,0,0,0,0,0
3,107,13.107,22,2524103,31,-5,-2,57447,0,0,0,0,0,6,574,-9133,9425,0,0,0,0,0
3,107,13.165,23,2524159,31,-5,-2,57447,0,0,0,0,0,6,574,-9133,9425,0,0,0,0,0
3,107,13.219,24,2524215,31,-5,-2,57447,0,0,0,0,0,6,574,-9133,9425,0,0,0,0,0
3,107,13.274,25,2524271,31,-5,-2,57447,0,0,0,0,0,6,574,-9133,9425,0,0,0,0,0
3,107,13.33,26,2524327,31,-5,-2,57447,0,0,0,0,0,6,574,-9133,9425,0,0,0,0,0
3,107,13.396,27,2524383,31,-5,-2,57447,0,0,0,0,0,6,574,-9133,9425,0,0,0,0,0
3,107,13.438,28,2524435,31,-5,-2,57447,0,0,0,0,0,6,574,-9133,9425,0,0,0,0,0
3,107,13.494,29,2524491,31,-5,-2,57447,0,0,0,0,0,6,574,-9133,9425,0,0,0,0,0
3,107,13.551,30,2524547,31,-5,-2,57447,0,0,0,0,0,6,574,-9133,9425,0,0,0,0,0
3,107,13.671,32,2524659,31,-5,-2,57447,0,0,0,0,0,6,574,-9133,9425,0,0,0,0,0
3,107,13.724,33,2524715,31,-5,-2,57447,0,0,0,0,0,6,574,-9133,9425,0,0,0,0,0
3,107,13.775,34,2524771,31,-5,-2,57447,0,0,0,0,0,6,574,-9133,9425,0,0,0,0,0
3,107,13.832,35,2524827,31,-5,-2,57447,0,0,0,0,0,6,574,-9133,9425,0,0,0,0,0
3,107,13.887,36,2524883,31,-5,-2,57447,0,0,0,0,0,6,574,-9133,9425,0,0,0,0,0
3,107,13.942,37,2524939,31,-5,-2,57447,0,0,0,0,0,6,574,-9133,9425,0,0,0,0,0
3,107,14.0,38,2524995,31,-5,-2,57447,0,0,0,0,0,6,574,-9133,9425,0,0,0,0,0
3,107,14.055,39,2525051,31,-5,-2,57447,0,0,0,0,0,6,574,-9133,9425,0,0,0,0,0
3,107,14.139,40,2525107,31,-5,-2,57447,0,0,0,0,0,6,574,-9133,9425,0,0,0,0,0
3,107,14.179,41,2525163,31,-5,-2,57447,0,0,0,0,0,6,574,-9133,9425,0,0,0,0,0
3,107,14.279,43,2525275,31,-5,-2,57447,0,0,0,0,0,6,574,-9133,9425,0,0,0,0,0
3,107,14.336,44,2525331,31,-5,-2,57447,0,0,0,0,0,6,574,-9133,9425,0,0,0,0,0
3,107,14.391,45,2525387,31,-5,-2,57447,0,0,0,0,0,6,574,-9133,9425,0,0,0,0,0
3,107,14.456,46,2525443,31,-5,-2,57447,0,0,0,0,0,6,574,-9133,9425,0,0,0,0,0
3,107,14.499,47,2525495,31,-5,-2,57447,0,0,0,0,0,6,574,-9133,9425,0,0,0,0,0
3,107,14.554,48,2525551,31,-5,-2,57447,0,0,0,0,0,6,574,-9133,9425,0,0,0,0,0
3,107,14.613,49,2525607,31,-5,-2,57447,0,0,0,0,0,6,574,-9133,9425,0,0,0,0,0
3,107,14.667,50,2525663,31,-5,-2,57447,0,0,0,0,0,6,574,-9133,9425,0,0,0,0,0
3,107,14.727,51,2525719,31,-5,-2,57447,0,0,0,0,0,6,574,-9133,9425,0,0,0,0,0
3,107,14.782,52,2525775,31,-5,-2,57447,0,0,0,0,0,6,574,-9133,9425,0,0,0,0,0
3,107,14.835,53,2525831,31,-5,-2,57447,0,0,0,0,0,6,574,-9133,9425,0,0,0,0,0
3,107,14.899,54,2525887,31,-5,-2,57447,0,0,0,0,0,6,574,-9133,9425,0,0,0,0,0
3,107,14.949,55,2525943,31,-5,-2,57447,0,0,0,0,0,6,574,-9133,9425,0,0,0,0,0
3,107,15.004,56,2525999,31,-5,-2,57447,0,0,0,0,0,6,574,-9133,9425,0,0,0,0,0
3,107,15.059,57,2526055,31,-5,-2,57447,0,0,0,0,0,6,574,-9133,9425,0,0,0,0,0
3,107,15.114,58,2526111,31,-5,-2,57447,0,0,0,0,0,6,574,-9133,9425,0,0,0,0,0
3,107,15.17,59,2526167,31,-5,-2,57447,0,0,0,0,0,6,574,-9133,9425,0,0,0,0,0
3,107,15.226,60,2526223,31,-5,-2,57447,0,0,0,0,0,6,574,-9133,9425,0,0,0,0,0
3,107,15.282,61,2526279,31,-5,-2,57447,0,0,0,0,0,6,574,-9133,9425,0,0,0,0,0
3,107,15.339,62,2526335,31,-5,-2,57447,0,0,0,0,0,6,574,-9133,9425,0,0,0,0,0
3,107,15.394,63,2526391,31,-5,-2,57447,0,0,0,0,0,6,574,-9133,9425,0,0,0,0,0
3,107,15.515,65,2526503,31,-5,-2,57447,0,0,0,0,0,6,574,-9133,9425,0,0,0,0,0
3,107,15.615,67,2526611,31,-5,-2,57447,0,0,0,0,0,6,574,-9133,9425,0,0,0,0,0
3,107,15.727,69,2526723,31,-5,-2,57447,0,0,0,0,0,6,574,-9133,9425,0,0,0,0,0
3,107,15.783,70,2526779,31,-5,-2,57447,0,0,0,0,0,6,574,-9133,9425,0,0,0,0,0
3,107,15.838,71,2526835,31,-5,-2,57447,0,0,0,0,0,6,574,-9133,9425,0,0,0,0,0
3,107,15.894,72,2526891,31,-5,-2,57447,0,0,0,0,0,6,574,-9133,9425,0,0,0,0,0
3,107,15.951,73,2526947,31,-5,-2,57447,0,0,0,0,0,6,574,-9133,9425,0,0,0,0,0
3,107,16.006,74,2527003,31,-5,-2,57447,0,0,0,0,0,6,574,-9133,9425,0,0,0,0,0
3,107,16.062,75,2527059,31,-5,-2,57447,0,0,0,0,0,6,574,-9133,9425,0,0,0,0,0
3,107,16.118,76,2527115,31,-5,-2,57447,0,0,0,0,0,6,574,-9133,9425,0,0,0,0,0
3,107,16.231,78,2527227,31,-5,-2,57447,0,0,0,0,0,6,574,-9133,9425,0,0,0,0,0
3,107,16.287,79,2527283,31,-5,-2,57447,0,0,0,0,0,6,574,-9133,9425,0,0,0,0,0
3,107,16.343,80,2527339,31,-5,-2,57447,0,0,0,0,0,6,574,-9133,9425,0,0,0,0,0
3,107,16.403,81,2527395,31,-5,-2,57447,0,0,0,0,0,6,574,-9133,9425,0,0,0,0,0
3,107,16.455,82,2527451,31,-5,-2,57447,0,0,0,0,0,6,574,-9133,9425,0,0,0,0,0
3,107,16.512,83,2527507,31,-5,-2,57447,0,0,0,0,0,6,574,-9133,9425,0,0,0,0,0
3,107,16.577,84,2527563,31,-5,-2,57447,0,0,0,0,0,6,574,-9133,9425,0,0,0,0,0
3,107,16.675,86,2527671,31,-5,-2,57447,0,0,0,0,0,6,574,-9133,9425,0,0,0,0,0
3,107,16.842,89,2527839,31,-5,-2,57447,0,0,0,0,0,6,574,-9133,9425,0,0,0,0,0
3,107,16.9,90,2527895,31,-5,-2,57447,0,0,0,0,0,6,574,-9133,9425,0,0,0,0,0
3,107,16.956,91,2527951,31,-5,-2,57447,0,0,0,0,0,6,574,-9133,9425,0,0,0,0,0
3,107,17.122,94,2528119,31,-5,-2,57447,0,0,0,0,0,6,574,-9133,9425,0,0,0,0,0
3,107,17.179,95,2528175,31,-5,-2,57447,0,0,0,0,0,6,574,-9133,9425,0,0,0,0,0
3,107,17.403,99,2528399,31,-5,-2,57447,0,0,0,0,0,6,574,-9133,9425,0,0,0,0,0
3,107,17.458,100,2528455,31,-5,-2,57447,0,0,0,0,0,6,574,-9133,9425,0,0,0,0,0
3,107,17.514,101,2528511,31,-5,-2,57447,0,0,0,0,0,6,574,-9133,9425,0,0,0,0,0
3,107,17.57,102,2528567,31,-5,-2,57447,0,0,0,0,0,6,574,-9133,9425,0,0,0,0,0
3,107,17.679,104,2528675,31,-5,-2,57447,0,0,0,0,0,6,574,-9133,9425,0,0,0,0,0
3,107,17.734,105,2528731,31,-5,-2,57447,0,0,0,0,0,6,574,-9133,9425,0,0,0,0,0
3,107,17.847,107,2528843,31,-5,-2,57447,0,0,0,0,0,6,574,-9133,9425,0,0,0,0,0
3,107,17.902,108,2528899,31,-5,-2,57447,0,0,0,0,0,6,574,-9133,9425,0,0,0,0,0
3,107,18.014,110,2529011,31,-5,-2,57447,0,0,0,0,0,6,574,-9133,9425,0,0,0,0,0
3,107,18.071,111,2529067,31,-5,-2,57447,0,0,0,0,0,6,574,-9133,9425,0,0,0,0,0
3,107,18.127,112,2529123,31,-5,-2,57447,0,0,0,0,0,6,574,-9133,9425,0,0,0,0,0
3,107,18.185,113,2529179,31,-5,-2,57447,0,0,0,0,0,6,574,-9133,9425,0,0,0,0,0
3,107,18.238,114,2529235,31,-5,-2,57447,0,0,0,0,0,6,574,-9133,9425,0,0,0,0,0
3,107,18.351,116,2529347,31,-5,-2,57447,0,0,0,0,0,6,574,-9133,9425,0,0,0,0,0
3,107,18.413,117,2529403,31,-5,-2,57447,0,0,0,0,0,6,574,-9133,9425,0,0,0,0,0
3,107,18.463,118,2529459,31,-5,-2,57447,0,0,0,0,0,6,574,-9133,9425,0,0,0,0,0
3,107,18.518,119,2529515,31,-5,-2,57447,0,0,0,0,0,6,574,-9133,9425,0,0,0,0,0
3,107,18.695,122,2529683,31,-5,-2,57447,0,0,0,0,0,6,574,-9133,9425,0,0,0,0,0
3,107,18.738,123,2529735,31,-5,-2,57447,0,0,0,0,0,6,574,-9133,9425,0,0,0,0,0
3,107,18.795,124,2529791,31,-5,-2,57447,0,0,0,0,0,6,574,-9133,9425,0,0,0,0,0
3,107,18.851,125,2529847,31,-5,-2,57447,0,0,0,0,0,6,574,-9133,9425,0,0,0,0,0
3,107,18.907,126,2529903,31,-5,-2,57447,0,0,0,0,0,6,574,-9133,9425,0,0,0,0,0
3,107,18.964,127,2529953,31,-5,-2,57447,0,0,0,0,0,6,574,-9133,9425,0,0,0,0,0
4,-107,0.002,123,2544011,31,-5,-2,57447,0,0,0,0,0,6,574,-9133,9425,0,0,0,0,0
4,-107,0.063,124,2544071,31,-5,-2,57447,0,0,0,0,0,6,575,-9133,9425,800,-800,0,0,0
4,-107,0.121,125,2544121,31,-5,-2,57435,0,0,0,15,5,7,577,-9127,9427,1000,-1100,0,0,0
4,-107,0.183,126,2544191,31,-5,-2,57370,0,0,0,-5,-28,8,580,-9122,9411,1400,-1400,0,0,0
4,-107,0.255,127,2544263,31,-5,-2,57162,0,0,0,23,-47,8,583,-9094,9372,1800,-1700,0,0,0
4,-107,0.327,0,2544335,31,-6,-2,56834,0,0,0,82,-56,9,586,-9027,9333,2200,-2200,0,0,0
4,-107,0.399,1,2544407,31,-5,-2,56128,0,0,0,114,-114,9,589,-8927,9205,2600,-2600,0,0,0
4,-107,0.687,5,2544695,31,-4,-2,52018,0,0,0,160,-183,9,601,-8266,8538,2900,-2900,0,0,0
4,-107,0.758,6,2544767,31,-4,-2,50937,0,0,0,164,-169,9,604,-8094,8361,2900,-2800,0,0,0
4,-107,0.831,7,2544839,31,-4,-2,49863,0,0,0,155,-187,9,607,-7922,8186,2900,-2900,0,0,0
4,-107,0.904,8,2544911,31,-4,-2,48786,0,0,0,178,-178,9,610,-7744,8016,2700,-2800,0,0,0
4,-107,1.134,10,2545144,31,-4,-2,46309,0,0,0,0,0,9,622,-7352,7608,0,0,0,0,0
4,-107,1.186,11,2545195,31,-4,-2,46309,0,0,0,0,0,9,624,-7352,7608,0,0,0,0,0
4,-107,1.258,12,2545267,31,-4,-2,46309,0,0,0,0,0,9,627,-7352,7608,0,0,0,0,0
4,-107,1.401,14,2545411,31,-4,-2,46309,0,0,0,0,0,9,633,-7352,7608,0,0,0,0,0
4,-107,1.473,15,2545483,31,-4,-2,46309,0,0,0,0,0,9,636,-7352,7608,0,0,0,0,0
4,-107,1.545,16,2545555,31,-4,-2,46309,0,0,0,0,0,9,639,-7352,7608,0,0,0,0,0
4,-107,1.618,17,2545627,31,-4,-2,46309,0,0,0,0,0,9,642,-7352,7608,0,0,0,0,0
4,-107,1.762,19,2545771,31,-4,-2,46309,0,0,0,0,0,9,648,-7352,7608,0,0,0,0,0
4,-107,1.835,20,2545843,31,-4,-2,46309,0,0,0,0,0,9,651,-7352,7608,0,0,0,0,0
4,-107,1.906,21,2545915,31,-4,-2,46309,0,0,0,0,0,9,654,-7352,7608,0,0,0,0,0
4,-107,1.977,22,2545987,31,-4,-2,46309,0,0,0,0,0,9,657,-7352,7608,0,0,0,0,0
4,-107,2.041,23,2546043,31,-4,-2,46309,0,0,0,0,0,9,658,-7352,7608,0,0,0,0,0
4,-107,2.087,24,2546095,31,-4,-2,46309,0,0,0,0,0,9,658,-7352,7608,0,0,0,0,0
4,-107,2.142,25,2546151,31,-4,-2,46309,0,0,0,0,0,9,658,-7352,7608,0,0,0,0,0
4,-107,2.198,26,2546207,31,-4,-2,46309,0,0,0,0,0,9,658,-7352,7608,0,0,0,0,0
4,-107,2.309,28,2546319,31,-4,-2,46309,0,0,0,0,0,9,658,-7352,7608,0,0,0,0,0
4,-107,2.366,29,2546375,31,-4,-2,46309,0,0,0,0,0,9,658,-7352,7608,0,0,0,0,0
4,-107,2.422,30,2546431,31,-4,-2,46309,0,0,0,0,0,9,658,-7352,7608,0,0,0,0,0
4,-107,2.477,31,2546487,31,-4,-2,46309,0,0,0,0,0,9,658,-7352,7608,0,0,0,0,0
4,-107,2.534,32,2546543,31,-4,-2,46309,0,0,0,0,0,9,658,-7352,7608,0,0,0,0,0
4,-107,2.589,33,2546599,31,-4,-2,46309,0,0,0,0,0,9,658,-7352,7608,0,0,0,0,0
4,-107,2.646,34,2546655,31,-4,-2,46309,0,0,0,0,0,9,658,-7352,7608,0,0,0,0,0
4,-107,2.701,35,2546711,31,-4,-2,46309,0,0,0,0,0,9,658,-7352,7608,0,0,0,0,0
4,-107,2.758,36,2546767,31,-4,-2,46309,0,0,0,0,0,9,658,-7352,7608,0,0,0,0,0
4,-107,2.814,37,2546823,31,-4,-2,46309,0,0,0,0,0,9,658,-7352,7608,0,0,0,0,0
4,-107,2.87,38,2546879,31,-4,-2,46309,0,0,0,0,0,9,658,-7352,7608,0,0,0,0,0
4,-107,2.925,39,2546935,31,-4,-2,46309,0,0,0,0,0,9,658,-7352,7608,0,0,0,0,0
4,-107,2.981,40,2546991,31,-4,-2,46309,0,0,0,0,0,9,658,-7352,7608,0,0,0,0,0
4,-107,3.038,41,2547047,31,-4,-2,46309,0,0,0,0,0,9,658,-7352,7608,0,0,0,0,0
4,-107,3.101,42,2547103,31,-4,-2,46309,0,0,0,0,0,9,658,-7352,7608,0,0,0,0,0
4,-107,3.146,43,2547155,31,-4,-2,46309,0,0,0,0,0,9,658,-7352,7608,0,0,0,0,0
4,-107,3.201,44,2547211,31,-4,-2,46309,0,0,0,0,0,9,658,-7352,7608,0,0,0,0,0
4,-107,3.257,45,2547267,31,-4,-2,46309,0,0,0,0,0,9,658,-7352,7608,0,0,0,0,0
4,-107,3.315,46,2547323,31,-4,-2,46309,0,0,0,0,0,9,658,-7352,7608,0,0,0,0,0
4,-107,3.371,47,2547379,31,-4,-2,46309,0,0,0,0,0,9,658,-7352,7608,0,0,0,0,0
4,-107,3.427,48,2547435,31,-4,-2,46309,0,0,0,0,0,9,658,-7352,7608,0,0,0,0,0
4,-107,3.539,50,2547547,31,-4,-2,46309,0,0,0,0,0,9,658,-7352,7608,0,0,0,0,0
4,-107,3.593,51,2547603,31,-4,-2,46309,0,0,0,0,0,9,658,-7352,7608,0,0,0,0,0
4,-107,3.649,52,2547659,31,-4,-2,46309,0,0,0,0,0,9,658,-7352,7608,0,0,0,0,0
4,-107,3.705,53,2547715,31,-4,-2,46309,0,0,0,0,0,9,658,-7352,7608,0,0,0,0,0
4,-107,3.762,54,2547771,31,-4,-2,46309,0,0,0,0,0,9,658,-7352,7608,0,0,0,0,0
4,-107,3.818,55,2547827,31,-4,-2,46309,0,0,0,0,0,9,658,-7352,7608,0,0,0,0,0
4,-107,3.875,56,2547883,31,-4,-2,46309,0,0,0,0,0,9,658,-7352,7608,0,0,0,0,0
4,-107,3.93,57,2547939,31,-4,-2,46309,0,0,0,0,0,9,658,-7352,7608,0,0,0,0,0
4,-107,3.986,58,2547995,31,-4,-2,46309,0,0,0,0,0,9,658,-7352,7608,0,0,0,0,0
4,-107,4.041,59,2548051,31,-4,-2,46309,0,0,0,0,0,9,658,-7352,7608,0,0,0,0,0
4,-107,4.097,60,2548107,31,-4,-2,46309,0,0,0,0,0,9,658,-7352,7608,0,0,0,0,0
4,-107,4.154,61,2548163,31,-4,-2,46309,0,0,0,0,0,9,658,-7352,7608,0,0,0,0,0
4,-107,4.205,62,2548215,31,-4,-2,46309,0,0,0,0,0,9,658,-7352,7608,0,0,0,0,0
4,-107,4.261,63,2548271,31,-4,-2,46309,0,0,0,0,0,9,658,-7352,7608,0,0,0,0,0
4,-107,4.317,64,2548327,31,-4,-2,46309,0,0,0,0,0,9,658,-7352,7608,0,0,0,0,0
4,-107,4.373,65,2548383,31,-4,-2,46309,0,0,0,0,0,9,658,-7352,7608,0,0,0,0,0
4,-107,4.43,66,2548439,31,-4,-2,46309,0,0,0,0,0,9,658,-7352,7608,0,0,0,0,0
4,-107,4.486,67,2548495,31,-4,-2,46309,0,0,0,0,0,9,658,-7352,7608,0,0,0,0,0
4,-107,4.542,68,2548551,31,-4,-2,46309,0,0,0,0,0,9,658,-7352,7608,0,0,0,0,0
4,-107,4.597,69,2548607,31,-4,-2,46309,0,0,0,0,0,9,658,-7352,7608,0,0,0,0,0
4,-107,4.654,70,2548663,31,-4,-2,46309,0,0,0,0,0,9,658,-7352,7608,0,0,0,0,0
4,-107,4.821,73,2548831,31,-4,-2,46309,0,0,0,0,0,9,658,-7352,7608,0,0,0,0,0
4,-107,4.879,74,2548887,31,-4,-2,46309,0,0,0,0,0,9,658,-7352,7608,0,0,0,0,0
4,-107,4.933,75,2548943,31,-4,-2,46309,0,0,0,0,0,9,658,-7352,7608,0,0,0,0,0
4,-107,4.989,76,2548999,31,-4,-2,46309,0,0,0,0,0,9,658,-7352,7608,0,0,0,0,0
4,-107,5.045,77,2549055,31,-4,-2,46309,0,0,0,0,0,9,658,-7352,7608,0,0,0,0,0
4,-107,5.102,78,2549111,31,-4,-2,46309,0,0,0,0,0,9,658,-7352,7608,0,0,0,0,0
4,-107,5.157,79,2549167,31,-4,-2,46309,0,0,0,0,0,9,658,-7352,7608,0,0,0,0,0
4,-107,5.221,80,2549223,31,-4,-2,46309,0,0,0,0,0,9,658,-7352,7608,0,0,0,0,0
4,-107,5.265,81,2549275,31,-4,-2,46309,0,0,0,0,0,9,658,-7352,7608,0,0,0,0,0
4,-107,5.322,82,2549331,31,-4,-2,46309,0,0,0,0,0,9,658,-7352,7608,0,0,0,0,0
4,-107,5.377,83,2549387,31,-4,-2,46309,0,0,0,0,0,9,658,-7352,7608,0,0,0,0,0
4,-107,5.434,84,2549443,31,-4,-2,46309,0,0,0,0,0,9,658,-7352,7608,0,0,0,0,0
4,-107,5.491,85,2549499,31,-4,-2,46309,0,0,0,0,0,9,658,-7352,7608,0,0,0,0,0
4,-107,5.545,86,2549555,31,-4,-2,46309,0,0,0,0,0,9,658,-7352,7608,0,0,0,0,0
4,-107,5.602,87,2549611,31,-4,-2,46309,0,0,0,0,0,9,658,-7352,7608,0,0,0,0,0
4,-107,5.657,88,2549667,31,-4,-2,46309,0,0,0,0,0,9,658,-7352,7608,0,0,0,0,0
4,-107,5.713,89,2549723,31,-4,-2,46309,0,0,0,0,0,9,658,-7352,7608,0,0,0,0,0
4,-107,5.77,90,2549779,31,-4,-2,46309,0,0,0,0,0,9,658,-7352,7608,0,0,0,0,0
4,-107,5.825,91,2549835,31,-4,-2,46309,0,0,0,0,0,9,658,-7352,7608,0,0,0,0,0
4,-107,5.882,92,2549891,31,-4,-2,46309,0,0,0,0,0,9,658,-7352,7608,0,0,0,0,0
4,-107,5.993,94,2550003,31,-4,-2,46309,0,0,0,0,0,9,658,-7352,7608,0,0,0,0,0
4,-107,6.05,95,2550059,31,-4,-2,46309,0,0,0,0,0,9,658,-7352,7608,0,0,0,0,0
4,-107,6.106,96,2550115,31,-4,-2,46309,0,0,0,0,0,9,658,-7352,7608,0,0,0,0,0
4,-107,6.162,97,2550171,31,-4,-2,46309,0,0,0,0,0,9,658,-7352,7608,0,0,0,0,0
4,-107,6.218,98,2550227,31,-4,-2,46309,0,0,0,0,0,9,658,-7352,7608,0,0,0,0,0
4,-107,6.283,99,2550283,31,-4,-2,46309,0,0,0,0,0,9,658,-7352,7608,0,0,0,0,0
4,-107,6.325,100,2550335,31,-4,-2,46309,0,0,0,0,0,9,658,-7352,7608,0,0,0,0,0
4,-107,6.382,101,2550391,31,-4,-2,46309,0,0,0,0,0,9,658,-7352,7608,0,0,0,0,0
4,-107,6.438,102,2550447,31,-4,-2,46309,0,0,0,0,0,9,658,-7352,7608,0,0,0,0,0
4,-107,6.493,103,2550503,31,-4,-2,46309,0,0,0,0,0,9,658,-7352,7608,0,0,0,0,0
4,-107,6.555,104,2550559,31,-4,-2,46309,0,0,0,0,0,9,658,-7352,7608,0,0,0,0,0
4,-107,6.663,106,2550671,31,-4,-2,46309,0,0,0,0,0,9,658,-7352,7608,0,0,0,0,0
4,-107,6.717,107,2550727,31,-4,-2,46309,0,0,0,0,0,9,658,-7352,7608,0,0,0,0,0
4,-107,6.773,108,2550783,31,-4,-2,46309,0,0,0,0,0,9,658,-7352,7608,0,0,0,0,0
4,-107,6.831,109,2550839,31,-4,-2,46309,0,0,0,0,0,9,658,-7352,7608,0,0,0,0,0
4,-107,6.885,110,2550895,31,-4,-2,46309,0,0,0,0,0,9,658,-7352,7608,0,0,0,0,0
4,-107,6.942,111,2550951,31,-4,-2,46309,0,0,0,0,0,9,658,-7352,7608,0,0,0,0,0
4,-107,6.997,112,2551007,31,-4,-2,46309,0,0,0,0,0,9,658,-7352,7608,0,0,0,0,0
4,-107,7.053,113,2551063,31,-4,-2,46309,0,0,0,0,0,9,658,-7352,7608,0,0,0,0,0
4,-107,7.109,114,2551119,31,-4,-2,46309,0,0,0,0,0,9,658,-7352,7608,0,0,0,0,0
4,-107,7.165,115,2551175,31,-4,-2,46309,0,0,0,0,0,9,658,-7352,7608,0,0,0,0,0
4,-107,7.222,116,2551231,31,-4,-2,46309,0,0,0,0,0,9,658,-7352,7608,0,0,0,0,0
4,-107,7.278,117,2551287,31,-4,-2,46309,0,0,0,0,0,9,658,-7352,7608,0,0,0,0,0
4,-107,7.342,118,2551343,31,-4,-2,46309,0,0,0,0,0,9,658,-7352,7608,0,0,0,0,0
4,-107,7.387,119,2551395,31,-4,-2,46309,0,0,0,0,0,9,658,-7352,7608,0,0,0,0,0
4,-107,7.442,120,2551451,31,-4,-2,46309,0,0,0,0,0,9,658,-7352,7608,0,0,0,0,0
4,-107,7.497,121,2551507,31,-4,-2,46309,0,0,0,0,0,9,658,-7352,7608,0,0,0,0,0
4,-107,7.553,122,2551563,31,-4,-2,46309,0,0,0,0,0,9,658,-7352,7608,0,0,0,0,0
4,-107,7.609,123,2551619,31,-4,-2,46309,0,0,0,0,0,9,658,-7352,7608,0,0,0,0,0
4,-107,7.665,124,2551675,31,-4,-2,46309,0,0,0,0,0,9,658,-7352,7608,0,0,0,0,0
4,-107,7.724,125,2551731,31,-4,-2,46309,0,0,0,0,0,9,658,-7352,7608,0,0,0,0,0
4,-107,7.777,126,2551787,31,-4,-2,46309,0,0,0,0,0,9,658,-7352,7608,0,0,0,0,0
4,-107,7.89,0,2551899,31,-4,-2,46309,0,0,0,0,0,9,658,-7352,7608,0,0,0,0,0
4,-107,8.001,2,2552011,31,-4,-2,46309,0,0,0,0,0,9,658,-7352,7608,0,0,0,0,0
4,-107,8.057,3,2552067,31,-4,-2,46309,0,0,0,0,0,9,658,-7352,7608,0,0,0,0,0
4,-107,8.114,4,2552123,31,-4,-2,46309,0,0,0,0,0,9,658,-7352,7608,0,0,0,0,0
4,-107,8.169,5,2552179,31,-4,-2,46309,0,0,0,0,0,9,658,-7352,7608,0,0,0,0,0
4,-107,8.224,6,2552235,31,-4,-2,46309,0,0,0,0,0,9,658,-7352,7608,0,0,0,0,0
4,-107,8.281,7,2552291,31,-4,-2,46309,0,0,0,0,0,9,658,-7352,7608,0,0,0,0,0
4,-107,8.336,8,2552347,31,-4,-2,46309,0,0,0,0,0,9,658,-7352,7608,0,0,0,0,0
4,-107,8.446,10,2552455,31,-4,-2,46309,0,0,0,0,0,9,658,-7352,7608,0,0,0,0,0
4,-107,8.501,11,2552511,31,-4,-2,46309,0,0,0,0,0,9,658,-7352,7608,0,0,0,0,0
4,-107,8.557,12,2552567,31,-4,-2,46309,0,0,0,0,0,9,658,-7352,7608,0,0,0,0,0
4,-107,8.613,13,2552623,31,-4,-2,46309,0,0,0,0,0,9,658,-7352,7608,0,0,0,0,0
4,-107,8.725,15,2552735,31,-4,-2,46309,0,0,0,0,0,9,658,-7352,7608,0,0,0,0,0
4,-107,8.781,16,2552791,31,-4,-2,46309,0,0,0,0,0,9,658,-7352,7608,0,0,0,0,0
4,-107,8.838,17,2552847,31,-4,-2,46309,0,0,0,0,0,9,658,-7352,7608,0,0,0,0,0
4,-107,8.893,18,2552903,31,-4,-2,46309,0,0,0,0,0,9,658,-7352,7608,0,0,0,0,0
4,-107,8.949,19,2552959,31,-4,-2,46309,0,0,0,0,0,9,658,-7352,7608,0,0,0,0,0
4,-107,9.005,20,2553015,31,-4,-2,46309,0,0,0,0,0,9,658,-7352,7608,0,0,0,0,0
4,-107,9.118,22,2553127,31,-4,-2,46309,0,0,0,0,0,9,658,-7352,7608,0,0,0,0,0
4,-107,9.174,23,2553183,31,-4,-2,46309,0,0,0,0,0,9,658,-7352,7608,0,0,0,0,0
4,-107,9.229,24,2553239,31,-4,-2,46309,0,0,0,0,0,9,658,-7352,7608,0,0,0,0,0
4,-107,9.341,26,2553351,31,-4,-2,46309,0,0,0,0,0,9,658,-7352,7608,0,0,0,0,0
4,-107,9.397,27,2553407,31,-4,-2,46309,0,0,0,0,0,9,658,-7352,7608,0,0,0,0,0
4,-107,9.461,28,2553463,31,-4,-2,46309,0,0,0,0,0,9,658,-7352,7608,0,0,0,0,0
4,-107,9.505,29,2553515,31,-4,-2,46309,0,0,0,0,0,9,658,-7352,7608,0,0,0,0,0
4,-107,9.561,30,2553571,31,-4,-2,46309,0,0,0,0,0,9,658,-7352,7608,0,0,0,0,0
4,-107,9.617,31,2553627,31,-4,-2,46309,0,0,0,0,0,9,658,-7352,7608,0,0,0,0,0
4,-107,9.673,32,2553683,31,-4,-2,46309,0,0,0,0,0,9,658,-7352,7608,0,0,0,0,0
4,-107,9.841,35,2553851,31,-4,-2,46309,0,0,0,0,0,9,658,-7352,7608,0,0,0,0,0
4,-107,9.953,37,2553963,31,-4,-2,46309,0,0,0,0,0,9,658,-7352,7608,0,0,0,0,0
4,-107,10.009,38,2554019,31,-4,-2,46309,0,0,0,0,0,9,658,-7352,7608,0,0,0,0,0
4,-107,10.065,39,2554075,31,-4,-2,46309,0,0,0,0,0,9,658,-7352,7608,0,0,0,0,0
4,-107,10.121,40,2554131,31,-4,-2,46309,0,0,0,0,0,9,658,-7352,7608,0,0,0,0,0
4,-107,10.177,41,2554187,31,-4,-2,46309,0,0,0,0,0,9,658,-7352,7608,0,0,0,0,0
4,-107,10.234,42,2554243,31,-4,-2,46309,0,0,0,0,0,9,658,-7352,7608,0,0,0,0,0
4,-107,10.346,44,2554355,31,-4,-2,46309,0,0,0,0,0,9,658,-7352,7608,0,0,0,0,0
4,-107,10.458,46,2554467,31,-4,-2,46309,0,0,0,0,0,9,658,-7352,7608,0,0,0,0,0
4,-107,10.567,48,2554575,31,-4,-2,46309,0,0,0,0,0,9,658,-7352,7608,0,0,0,0,0
4,-107,10.621,49,2554631,31,-4,-2,46309,0,0,0,0,0,9,658,-7352,7608,0,0,0,0,0
4,-107,10.677,50,2554687,31,-4,-2,46309,0,0,0,0,0,9,658,-7352,7608,0,0,0,0,0
4,-107,10.734,51,2554743,31,-4,-2,46309,0,0,0,0,0,9,658,-7352,7608,0,0,0,0,0
4,-107,10.79,52,2554799,31,-4,-2,46309,0,0,0,0,0,9,658,-7352,7608,0,0,0,0,0
4,-107,10.845,53,2554855,31,-4,-2,46309,0,0,0,0,0,9,658,-7352,7608,0,0,0,0,0
4,-107,10.902,54,2554911,31,-4,-2,46309,0,0,0,0,0,9,658,-7352,7608,0,0,0,0,0
4,-107,11.018,56,2555023,31,-4,-2,46309,0,0,0,0,0,9,658,-7352,7608,0,0,0,0,0
4,-107,11.071,57,2555079,31,-4,-2,46309,0,0,0,0,0,9,658,-7352,7608,0,0,0,0,0
4,-107,11.126,58,2555135,31,-4,-2,46309,0,0,0,0,0,9,658,-7352,7608,0,0,0,0,0
4,-107,11.182,59,2555191,31,-4,-2,46309,0,0,0,0,0,9,658,-7352,7608,0,0,0,0,0
4,-107,11.237,60,2555247,31,-4,-2,46309,0,0,0,0,0,9,658,-7352,7608,0,0,0,0,0
4,-107,11.293,61,2555303,31,-4,-2,46309,0,0,0,0,0,9,658,-7352,7608,0,0,0,0,0
4,-107,11.349,62,2555359,31,-4,-2,46309,0,0,0,0,0,9,658,-7352,7608,0,0,0,0,0
4,-107,11.405,63,2555415,31,-4,-2,46309,0,0,0,0,0,9,658,-7352,7608,0,0,0,0,0
4,-107,11.462,64,2555471,31,-4,-2,46309,0,0,0,0,0,9,658,-7352,7608,0,0,0,0,0
4,-107,11.518,65,2555527,31,-4,-2,46309,0,0,0,0,0,9,658,-7352,7608,0,0,0,0,0
5,180,-0.002,84,2563727,31,-4,-2,46309,0,0,0,0,0,9,658,-7352,7608,0,0,0,0,0
5,180,0.134,86,2563867,31,-4,-2,46381,0,0,0,-9,18,9,662,-7358,7625,-1100,1100,0,0,0
5,180,0.206,87,2563939,31,-5,-1,46551,0,0,0,-23,50,9,665,-7377,7661,-1500,1300,0,0,0
5,180,0.279,88,2564011,31,-5,-1,46885,0,0,0,-47,64,9,668,-7427,7719,-1900,1900,0,0,0
5,180,0.351,89,2564083,31,-5,-1,47430,0,0,0,-91,105,9,671,-7511,7811,-2300,2300,0,0,0
5,180,0.403,90,2564133,31,-5,0,47910,0,0,0,-105,128,9,673,-7583,7894,-2600,2600,0,0,0
5,180,0.47,91,2564203,31,-5,0,48795,0,0,0,-140,160,9,676,-7722,8041,-2900,2900,0,0,0
5,180,0.542,92,2564275,31,-5,0,49820,0,0,0,-164,172,9,679,-7883,8211,-2900,2900,0,0,0
5,180,0.614,93,2564347,31,-6,0,50903,0,0,0,-155,178,9,682,-8050,8394,-2900,2900,0,0,0
5,180,0.686,94,2564419,31,-6,1,52002,0,0,0,-163,178,9,685,-8222,8577,-2800,2800,0,0,0
5,180,0.832,96,2564563,31,-6,1,54203,0,0,0,-178,161,9,691,-8572,8938,-2700,2800,0,0,0
5,180,0.905,97,2564635,31,-7,1,55252,0,0,0,-172,161,9,694,-8736,9113,-2700,2600,0,0,0
5,180,0.975,98,2564707,31,-7,0,56317,0,0,0,-152,187,9,697,-8902,9291,-2700,2500,0,0,0
5,180,1.046,99,2564779,31,-7,0,57317,0,0,0,-161,155,9,700,-9066,9450,-2600,2400,0,0,0
5,180,1.119,100,2564851,31,-7,1,58308,0,0,0,-172,146,9,703,-9236,9600,-2600,2300,0,0,0
5,180,1.191,101,2564923,31,-6,1,59295,0,0,0,-161,140,9,706,-9405,9750,-2600,2300,0,0,0
5,180,1.262,102,2564995,31,-6,2,60273,0,0,0,-161,146,9,709,-9577,9894,-2600,2300,0,0,0
5,180,1.337,103,2565067,31,-5,3,61255,0,0,0,-155,155,9,712,-9744,10044,-2600,2400,0,0,0
5,180,1.407,104,2565139,31,-5,4,62242,0,0,0,-161,137,9,715,-9916,10191,-2400,2300,0,0,0
5,180,1.479,105,2565211,31,-5,4,63214,0,0,0,-155,146,9,718,-10083,10338,-2300,2300,0,0,0
5,180,1.55,106,2565283,31,-5,5,64075,0,0,0,-119,114,9,721,-10227,10472,-900,1000,0,0,0
5,180,1.682,108,2565415,31,-5,5,64434,0,0,0,0,0,9,728,-10288,10527,0,0,0,0,0
5,180,1.762,109,2565487,31,-5,5,64434,0,0,0,0,0,9,731,-10288,10527,0,0,0,0,0
5,180,1.825,110,2565559,31,-5,5,64434,0,0,0,0,0,9,734,-10288,10527,0,0,0,0,0
5,180,1.898,111,2565631,31,-5,5,64434,0,0,0,0,0,9,737,-10288,10527,0,0,0,0,0
5,180,1.97,112,2565703,31,-5,5,64434,0,0,0,0,0,9,740,-10288,10527,0,0,0,0,0
5,180,2.042,113,2565775,31,-5,5,64434,0,0,0,0,0,9,743,-10288,10527,0,0,0,0,0
5,180,2.113,114,2565847,31,-5,5,64434,0,0,0,0,0,9,746,-10288,10527,0,0,0,0,0
5,180,2.185,115,2565919,31,-5,5,64434,0,0,0,0,0,9,749,-10288,10527,0,0,0,0,0
5,180,2.257,116,2565991,31,-5,5,64434,0,0,0,0,0,9,752,-10288,10527,0,0,0,0,0
5,180,2.331,117,2566063,31,-5,5,64434,0,0,0,0,0,9,755,-10288,10527,0,0,0,0,0
5,180,2.402,118,2566135,31,-5,5,64434,0,0,0,0,0,9,758,-10288,10527,0,0,0,0,0
5,180,2.474,119,2566207,31,-5,5,64434,0,0,0,0,0,9,761,-10288,10527,0,0,0,0,0
5,180,2.546,120,2566279,31,-5,5,64434,0,0,0,0,0,9,764,-10288,10527,0,0,0,0,0
5,180,2.617,121,2566351,31,-5,5,64434,0,0,0,0,0,9,767,-10288,10527,0,0,0,0,0
5,180,2.69,122,2566423,31,-5,5,64434,0,0,0,0,0,9,770,-10288,10527,0,0,0,0,0
5,180,2.762,123,2566495,31,-5,5,64434,0,0,0,0,0,9,773,-10288,10527,0,0,0,0,0
5,180,2.833,124,2566567,31,-5,5,64434,0,0,0,0,0,9,776,-10288,10527,0,0,0,0,0
5,180,2.977,126,2566711,31,-5,5,64434,0,0,0,0,0,9,782,-10288,10527,0,0,0,0,0
5,180,3.049,127,2566783,31,-5,5,64434,0,0,0,0,0,9,785,-10288,10527,0,0,0,0,0
5,180,3.129,0,2566855,31,-5,5,64434,0,0,0,0,0,9,788,-10288,10527,0,0,0,0,0
5,180,3.193,1,2566927,31,-5,5,64434,0,0,0,0,0,9,791,-10288,10527,0,0,0,0,0
5,180,3.337,3,2567071,31,-5,5,64434,0,0,0,0,0,9,797,-10288,10527,0,0,0,0,0
5,180,3.41,4,2567143,31,-5,5,64434,0,0,0,0,0,9,800,-10288,10527,0,0,0,0,0
5,180,3.533,6,2567267,31,-5,5,64434,0,0,0,0,0,9,803,-10288,10527,0,0,0,0,0
5,180,3.589,7,2567323,31,-5,5,64434,0,0,0,0,0,9,803,-10288,10527,0,0,0,0,0
5,180,3.645,8,2567379,31,-5,5,64434,0,0,0,0,0,9,803,-10288,10527,0,0,0,0,0
5,180,3.701,9,2567435,31,-5,5,64434,0,0,0,0,0,9,803,-10288,10527,0,0,0,0,0
5,180,3.758,10,2567491,31,-5,5,64434,0,0,0,0,0,9,803,-10288,10527,0,0,0,0,0
5,180,3.813,11,2567547,31,-5,5,64434,0,0,0,0,0,9,803,-10288,10527,0,0,0,0,0
5,180,3.869,12,2567603,31,-5,5,64434,0,0,0,0,0,9,803,-10288,10527,0,0,0,0,0
5,180,3.925,13,2567659,31,-5,5,64434,0,0,0,0,0,9,803,-10288,10527,0,0,0,0,0
5,180,4.037,15,2567771,31,-5,5,64434,0,0,0,0,0,9,803,-10288,10527,0,0,0,0,0
5,180,4.094,16,2567827,31,-5,5,64434,0,0,0,0,0,9,803,-10288,10527,0,0,0,0,0
5,180,4.149,17,2567883,31,-5,5,64434,0,0,0,0,0,9,803,-10288,10527,0,0,0,0,0
5,180,4.205,18,2567939,31,-5,5,64434,0,0,0,0,0,9,803,-10288,10527,0,0,0,0,0
5,180,4.27,19,2567995,31,-5,5,64434,0,0,0,0,0,9,803,-10288,10527,0,0,0,0,0
5,180,4.313,20,2568047,31,-5,5,64434,0,0,0,0,0,9,803,-10288,10527,0,0,0,0,0
5,180,4.369,21,2568103,31,-5,5,64434,0,0,0,0,0,9,803,-10288,10527,0,0,0,0,0
5,180,4.425,22,2568159,31,-5,5,64434,0,0,0,0,0,9,803,-10288,10527,0,0,0,0,0
5,180,4.481,23,2568215,31,-5,5,64434,0,0,0,0,0,9,803,-10288,10527,0,0,0,0,0
5,180,4.537,24,2568271,31,-5,5,64434,0,0,0,0,0,9,803,-10288,10527,0,0,0,0,0
5,180,4.593,25,2568327,31,-5,5,64434,0,0,0,0,0,9,803,-10288,10527,0,0,0,0,0
5,180,4.65,26,2568383,31,-5,5,64434,0,0,0,0,0,9,803,-10288,10527,0,0,0,0,0
5,180,4.708,27,2568439,31,-5,5,64434,0,0,0,0,0,9,803,-10288,10527,0,0,0,0,0
5,180,4.761,28,2568495,31,-5,5,64434,0,0,0,0,0,9,803,-10288,10527,0,0,0,0,0
5,180,4.817,29,2568551,31,-5,5,64434,0,0,0,0,0,9,803,-10288,10527,0,0,0,0,0
5,180,4.874,30,2568607,31,-5,5,64434,0,0,0,0,0,9,803,-10288,10527,0,0,0,0,0
5,180,4.929,31,2568663,31,-5,5,64434,0,0,0,0,0,9,803,-10288,10527,0,0,0,0,0
5,180,4.986,32,2568719,31,-5,5,64434,0,0,0,0,0,9,803,-10288,10527,0,0,0,0,0
5,180,5.041,33,2568775,31,-5,5,64434,0,0,0,0,0,9,803,-10288,10527,0,0,0,0,0
5,180,5.097,34,2568831,31,-5,5,64434,0,0,0,0,0,9,803,-10288,10527,0,0,0,0,0
5,180,5.155,35,2568887,31,-5,5,64434,0,0,0,0,0,9,803,-10288,10527,0,0,0,0,0
5,180,5.266,37,2568999,31,-5,5,64434,0,0,0,0,0,9,803,-10288,10527,0,0,0,0,0
5,180,5.33,38,2569055,31,-5,5,64434,0,0,0,0,0,9,803,-10288,10527,0,0,0,0,0
5,180,5.374,39,2569107,31,-5,5,64434,0,0,0,0,0,9,803,-10288,10527,0,0,0,0,0
5,180,5.429,40,2569163,31,-5,5,64434,0,0,0,0,0,9,803,-10288,10527,0,0,0,0,0
5,180,5.485,41,2569219,31,-5,5,64434,0,0,0,0,0,9,803,-10288,10527,0,0,0,0,0
5,180,5.541,42,2569275,31,-5,5,64434,0,0,0,0,0,9,803,-10288,10527,0,0,0,0,0
5,180,5.597,43,2569331,31,-5,5,64434,0,0,0,0,0,9,803,-10288,10527,0,0,0,0,0
5,180,5.653,44,2569387,31,-5,5,64434,0,0,0,0,0,9,803,-10288,10527,0,0,0,0,0
5,180,5.71,45,2569443,31,-5,5,64434,0,0,0,0,0,9,803,-10288,10527,0,0,0,0,0
5,180,5.767,46,2569499,31,-5,5,64434,0,0,0,0,0,9,803,-10288,10527,0,0,0,0,0
5,180,5.821,47,2569555,31,-5,5,64434,0,0,0,0,0,9,803,-10288,10527,0,0,0,0,0
5,180,5.933,49,2569667,31,-5,5,64434,0,0,0,0,0,9,803,-10288,10527,0,0,0,0,0
5,180,5.99,50,2569723,31,-5,5,64434,0,0,0,0,0,9,803,-10288,10527,0,0,0,0,0
5,180,6.045,51,2569779,31,-5,5,64434,0,0,0,0,0,9,803,-10288,10527,0,0,0,0,0
5,180,6.102,52,2569835,31,-5,5,64434,0,0,0,0,0,9,803,-10288,10527,0,0,0,0,0
5,180,6.157,53,2569891,31,-5,5,64434,0,0,0,0,0,9,803,-10288,10527,0,0,0,0,0
5,180,6.214,54,2569948,31,-5,5,64434,0,0,0,0,0,9,803,-10288,10527,0,0,0,0,0
5,180,6.269,55,2570003,31,-5,5,64434,0,0,0,0,0,9,803,-10288,10527,0,0,0,0,0
5,180,6.326,56,2570059,31,-5,5,64434,0,0,0,0,0,9,803,-10288,10527,0,0,0,0,0
5,180,6.389,57,2570115,31,-5,5,64434,0,0,0,0,0,9,803,-10288,10527,0,0,0,0,0
5,180,6.434,58,2570167,31,-5,5,64434,0,0,0,0,0,9,803,-10288,10527,0,0,0,0,0
5,180,6.547,60,2570279,31,-5,5,64434,0,0,0,0,0,9,803,-10288,10527,0,0,0,0,0
5,180,6.602,61,2570335,31,-5,5,64434,0,0,0,0,0,9,803,-10288,10527,0,0,0,0,0
5,180,6.657,62,2570391,31,-5,5,64434,0,0,0,0,0,9,803,-10288,10527,0,0,0,0,0
5,180,6.714,63,2570447,31,-5,5,64434,0,0,0,0,0,9,803,-10288,10527,0,0,0,0,0
5,180,6.769,64,2570503,31,-5,5,64434,0,0,0,0,0,9,803,-10288,10527,0,0,0,0,0
5,180,6.825,65,2570559,31,-5,5,64434,0,0,0,0,0,9,803,-10288,10527,0,0,0,0,0
5,180,6.885,66,2570615,31,-5,5,64434,0,0,0,0,0,9,803,-10288,10527,0,0,0,0,0
5,180,6.938,67,2570671,31,-5,5,64434,0,0,0,0,0,9,803,-10288,10527,0,0,0,0,0
5,180,6.994,68,2570727,31,-5,5,64434,0,0,0,0,0,9,803,-10288,10527,0,0,0,0,0
5,180,7.054,69,2570783,31,-5,5,64434,0,0,0,0,0,9,803,-10288,10527,0,0,0,0,0
5,180,7.162,71,2570895,31,-5,5,64434,0,0,0,0,0,9,803,-10288,10527,0,0,0,0,0
5,180,7.218,72,2570951,31,-5,5,64434,0,0,0,0,0,9,803,-10288,10527,0,0,0,0,0
5,180,7.273,73,2571007,31,-5,5,64434,0,0,0,0,0,9,803,-10288,10527,0,0,0,0,0
5,180,7.329,74,2571063,31,-5,5,64434,0,0,0,0,0,9,803,-10288,10527,0,0,0,0,0
5,180,7.385,75,2571119,31,-5,5,64434,0,0,0,0,0,9,803,-10288,10527,0,0,0,0,0
5,180,7.45,76,2571175,31,-5,5,64434,0,0,0,0,0,9,803,-10288,10527,0,0,0,0,0
5,180,7.493,77,2571227,31,-5,5,64434,0,0,0,0,0,9,803,-10288,10527,0,0,0,0,0
5,180,7.552,78,2571283,31,-5,5,64434,0,0,0,0,0,9,803,-10288,10527,0,0,0,0,0
5,180,7.605,79,2571339,31,-5,5,64434,0,0,0,0,0,9,803,-10288,10527,0,0,0,0,0
5,180,7.661,80,2571395,31,-5,5,64434,0,0,0,0,0,9,803,-10288,10527,0,0,0,0,0
5,180,7.717,81,2571451,31,-5,5,64434,0,0,0,0,0,9,803,-10288,10527,0,0,0,0,0
5,180,7.773,82,2571507,31,-5,5,64434,0,0,0,0,0,9,803,-10288,10527,0,0,0,0,0
5,180,7.829,83,2571563,31,-5,5,64434,0,0,0,0,0,9,803,-10288,10527,0,0,0,0,0
5,180,7.941,85,2571675,31,-5,5,64434,0,0,0,0,0,9,803,-10288,10527,0,0,0,0,0
5,180,7.999,86,2571731,31,-5,5,64434,0,0,0,0,0,9,803,-10288,10527,0,0,0,0,0
5,180,8.053,87,2571787,31,-5,5,64434,0,0,0,0,0,9,803,-10288,10527,0,0,0,0,0
5,180,8.11,88,2571843,31,-5,5,64434,0,0,0,0,0,9,803,-10288,10527,0,0,0,0,0
5,180,8.166,89,2571899,31,-5,5,64434,0,0,0,0,0,9,803,-10288,10527,0,0,0,0,0
5,180,8.221,90,2571955,31,-5,5,64434,0,0,0,0,0,9,803,-10288,10527,0,0,0,0,0
5,180,8.277,91,2572011,31,-5,5,64434,0,0,0,0,0,9,803,-10288,10527,0,0,0,0,0
5,180,8.445,94,2572179,31,-5,5,64434,0,0,0,0,0,9,803,-10288,10527,0,0,0,0,0
5,180,8.511,95,2572235,31,-5,5,64434,0,0,0,0,0,9,803,-10288,10527,0,0,0,0,0
5,180,8.553,96,2572287,31,-5,5,64434,0,0,0,0,0,9,803,-10288,10527,0,0,0,0,0
5,180,8.61,97,2572343,31,-5,5,64434,0,0,0,0,0,9,803,-10288,10527,0,0,0,0,0
5,180,8.665,98,2572399,31,-5,5,64434,0,0,0,0,0,9,803,-10288,10527,0,0,0,0,0
5,180,8.721,99,2572455,31,-5,5,64434,0,0,0,0,0,9,803,-10288,10527,0,0,0,0,0
5,180,8.777,100,2572511,31,-5,5,64434,0,0,0,0,0,9,803,-10288,10527,0,0,0,0,0
5,180,8.834,101,2572567,31,-5,5,64434,0,0,0,0,0,9,803,-10288,10527,0,0,0,0,0
5,180,8.889,102,2572623,31,-5,5,64434,0,0,0,0,0,9,803,-10288,10527,0,0,0,0,0
5,180,8.945,103,2572679,31,-5,5,64434,0,0,0,0,0,9,803,-10288,10527,0,0,0,0,0
5,180,9.058,105,2572791,31,-5,5,64434,0,0,0,0,0,9,803,-10288,10527,0,0,0,0,0
5,180,9.113,106,2572847,31,-5,5,64434,0,0,0,0,0,9,803,-10288,10527,0,0,0,0,0
5,180,9.169,107,2572903,31,-5,5,64434,0,0,0,0,0,9,803,-10288,10527,0,0,0,0,0
5,180,9.227,108,2572959,31,-5,5,64434,0,0,0,0,0,9,803,-10288,10527,0,0,0,0,0
5,180,9.281,109,2573015,31,-5,5,64434,0,0,0,0,0,9,803,-10288,10527,0,0,0,0,0
5,180,9.337,110,2573071,31,-5,5,64434,0,0,0,0,0,9,803,-10288,10527,0,0,0,0,0
5,180,9.393,111,2573127,31,-5,5,64434,0,0,0,0,0,9,803,-10288,10527,0,0,0,0,0
5,180,9.449,112,2573183,31,-5,5,64434,0,0,0,0,0,9,803,-10288,10527,0,0,0,0,0
5,180,9.505,113,2573239,31,-5,5,64434,0,0,0,0,0,9,803,-10288,10527,0,0,0,0,0
5,180,9.57,114,2573295,31,-5,5,64434,0,0,0,0,0,9,803,-10288,10527,0,0,0,0,0
5,180,9.669,116,2573403,31,-5,5,64434,0,0,0,0,0,9,803,-10288,10527,0,0,0,0,0
5,180,9.725,117,2573459,31,-5,5,64434,0,0,0,0,0,9,803,-10288,10527,0,0,0,0,0
5,180,9.783,118,2573515,31,-5,5,64434,0,0,0,0,0,9,803,-10288,10527,0,0,0,0,0
5,180,9.837,119,2573571,31,-5,5,64434,0,0,0,0,0,9,803,-10288,10527,0,0,0,0,0
5,180,9.949,121,2573683,31,-5,5,64434,0,0,0,0,0,9,803,-10288,10527,0,0,0,0,0
5,180,10.005,122,2573739,31,-5,5,64434,0,0,0,0,0,9,803,-10288,10527,0,0,0,0,0
5,180,10.062,123,2573795,31,-5,5,64434,0,0,0,0,0,9,803,-10288,10527,0,0,0,0,0
5,180,10.117,124,2573851,31,-5,5,64434,0,0,0,0,0,9,803,-10288,10527,0,0,0,0,0
5,180,10.173,125,2573907,31,-5,5,64434,0,0,0,0,0,9,803,-10288,10527,0,0,0,0,0
5,180,10.288,127,2574019,31,-5,5,64434,0,0,0,0,0,9,803,-10288,10527,0,0,0,0,0
5,180,10.342,0,2574075,31,-5,5,64434,0,0,0,0,0,9,803,-10288,10527,0,0,0,0,0
5,180,10.397,1,2574131,31,-5,5,64434,0,0,0,0,0,9,803,-10288,10527,0,0,0,0,0
5,180,10.453,2,2574187,31,-5,5,64434,0,0,0,0,0,9,803,-10288,10527,0,0,0,0,0
5,180,10.509,3,2574243,31,-5,5,64434,0,0,0,0,0,9,803,-10288,10527,0,0,0,0,0
5,180,10.566,4,2574299,31,-5,5,64434,0,0,0,0,0,9,803,-10288,10527,0,0,0,0,0
5,180,10.629,5,2574355,31,-5,5,64434,0,0,0,0,0,9,803,-10288,10527,0,0,0,0,0
5,180,10.673,6,2574407,31,-5,5,64434,0,0,0,0,0,9,803,-10288,10527,0,0,0,0,0
5,180,10.729,7,2574463,31,-5,5,64434,0,0,0,0,0,9,803,-10288,10527,0,0,0,0,0
5,180,10.785,8,2574519,31,-5,5,64434,0,0,0,0,0,9,803,-10288,10527,0,0,0,0,0
5,180,10.898,10,2574631,31,-5,5,64434,0,0,0,0,0,9,803,-10288,10527,0,0,0,0,0
5,180,11.009,12,2574743,31,-5,5,64434,0,0,0,0,0,9,803,-10288,10527,0,0,0,0,0
5,180,11.065,13,2574799,31,-5,5,64434,0,0,0,0,0,9,803,-10288,10527,0,0,0,0,0
5,180,11.121,14,2574855,31,-5,5,64434,0,0,0,0,0,9,803,-10288,10527,0,0,0,0,0
5,180,11.177,15,2574911,31,-5,5,64434,0,0,0,0,0,9,803,-10288,10527,0,0,0,0,0
5,180,11.233,16,2574967,31,-5,5,64434,0,0,0,0,0,9,803,-10288,10527,0,0,0,0,0
5,180,11.29,17,2575023,31,-5,5,64434,0,0,0,0,0,9,803,-10288,10527,0,0,0,0,0
5,180,11.345,18,2575079,31,-5,5,64434,0,0,0,0,0,9,803,-10288,10527,0,0,0,0,0
5,180,11.401,19,2575135,31,-5,5,64434,0,0,0,0,0,9,803,-10288,10527,0,0,0,0,0
5,180,11.513,21,2575247,31,-5,5,64434,0,0,0,0,0,9,803,-10288,10527,0,0,0,0,0
5,180,11.57,22,2575303,31,-5,5,64434,0,0,0,0,0,9,803,-10288,10527,0,0,0,0,0
5,180,11.625,23,2575359,31,-5,5,64434,0,0,0,0,0,9,803,-10288,10527,0,0,0,0,0
5,180,11.691,24,2575415,31,-5,5,64434,0,0,0,0,0,9,803,-10288,10527,0,0,0,0,0
5,180,11.733,25,2575467,31,-5,5,64434,0,0,0,0,0,9,803,-10288,10527,0,0,0,0,0
5,180,11.789,26,2575523,31,-5,5,64434,0,0,0,0,0,9,803,-10288,10527,0,0,0,0,0
5,180,11.846,27,2575579,31,-5,5,64434,0,0,0,0,0,9,803,-10288,10527,0,0,0,0,0
5,180,11.901,28,2575635,31,-5,5,64434,0,0,0,0,0,9,803,-10288,10527,0,0,0,0,0
5,180,11.957,29,2575691,31,-5,5,64434,0,0,0,0,0,9,803,-10288,10527,0,0,0,0,0
5,180,12.013,30,2575747,31,-5,5,64434,0,0,0,0,0,9,803,-10288,10527,0,0,0,0,0
5,180,12.069,31,2575803,31,-5,5,64434,0,0,0,0,0,9,803,-10288,10527,0,0,0,0,0
5,180,12.125,32,2575859,31,-5,5,64434,0,0,0,0,0,9,803,-10288,10527,0,0,0,0,0
5,180,12.181,33,2575915,31,-5,5,64434,0,0,0,0,0,9,803,-10288,10527,0,0,0,0,0
5,180,12.237,34,2575971,31,-5,5,64434,0,0,0,0,0,9,803,-10288,10527,0,0,0,0,0
5,180,12.293,35,2576027,31,-5,5,64434,0,0,0,0,0,9,803,-10288,10527,0,0,0,0,0
5,180,12.35,36,2576083,31,-5,5,64434,0,0,0,0,0,9,803,-10288,10527,0,0,0,0,0
5,180,12.405,37,2576139,31,-5,5,64434,0,0,0,0,0,9,803,-10288,10527,0,0,0,0,0
5,180,12.461,38,2576195,31,-5,5,64434,0,0,0,0,0,9,803,-10288,10527,0,0,0,0,0
5,180,12.517,39,2576251,31,-5,5,64434,0,0,0,0,0,9,803,-10288,10527,0,0,0,0,0
5,180,12.581,40,2576307,31,-5,5,64434,0,0,0,0,0,9,803,-10288,10527,0,0,0,0,0
5,180,12.638,41,2576363,31,-5,5,64434,0,0,0,0,0,9,803,-10288,10527,0,0,0,0,0
6,-180,-0.001,114,2587575,31,-5,5,64434,0,0,0,0,0,9,803,-10288,10527,0,0,0,0,0
6,-180,0.131,115,2587698,31,-4,1,64703,0,0,0,0,0,10,808,-10280,10622,0,0,0,1,0
6,-180,0.185,116,2587755,31,-4,1,64703,0,0,0,0,0,10,808,-10280,10622,0,0,0,1,0
6,-180,0.236,117,2587811,31,-4,1,64703,0,0,0,0,0,10,808,-10280,10622,0,0,0,1,0
6,-180,0.291,118,2587867,31,-4,1,64703,0,0,0,0,0,10,808,-10280,10622,0,0,0,1,0
6,-180,0.348,119,2587923,31,-4,1,64703,0,0,0,0,0,10,808,-10280,10622,0,0,0,1,0
6,-180,0.403,120,2587979,31,-4,1,64703,0,0,0,0,0,10,808,-10280,10622,0,0,0,1,0
6,-180,0.461,121,2588035,31,-4,1,64703,0,0,0,0,0,10,808,-10280,10622,0,0,0,1,0
6,-180,0.516,122,2588091,31,-4,1,64703,0,0,0,0,0,10,808,-10280,10622,0,0,0,1,0
6,-180,0.571,123,2588147,31,-4,1,64703,0,0,0,0,0,10,808,-10280,10622,0,0,0,1,0
6,-180,0.636,124,2588203,31,-4,1,64703,0,0,0,0,0,10,808,-10280,10622,0,0,0,1,0
6,-180,0.68,125,2588255,31,-4,1,64703,0,0,0,0,0,10,808,-10280,10622,0,0,0,1,0
6,-180,0.736,126,2588311,31,-4,1,64703,0,0,0,0,0,10,808,-10280,10622,0,0,0,1,0
6,-180,0.792,127,2588367,31,-4,1,64703,0,0,0,0,0,10,808,-10280,10622,0,0,0,1,0
6,-180,0.847,0,2588423,31,-4,1,64703,0,0,0,0,0,10,808,-10280,10622,0,0,0,1,0
6,-180,0.903,1,2588479,31,-4,1,64703,0,0,0,0,0,10,808,-10280,10622,0,0,0,1,0
6,-180,0.961,2,2588535,31,-4,1,64703,0,0,0,0,0,10,808,-10280,10622,0,0,0,1,0
6,-180,1.016,3,2588591,31,-4,1,64703,0,0,0,0,0,10,808,-10280,10622,0,0,0,1,0
6,-180,1.071,4,2588647,31,-4,1,64703,0,0,0,0,0,10,808,-10280,10622,0,0,0,1,0
6,-180,1.127,5,2588703,31,-4,1,64703,0,0,0,0,0,10,808,-10280,10622,0,0,0,1,0
6,-180,1.297,8,2588871,31,-4,1,64703,0,0,0,0,0,10,808,-10280,10622,0,0,0,1,0
6,-180,1.35,9,2588927,31,-4,1,64703,0,0,0,0,0,10,808,-10280,10622,0,0,0,1,0
6,-180,1.409,10,2588983,31,-4,1,64703,0,0,0,0,0,10,808,-10280,10622,0,0,0,1,0
6,-180,1.464,11,2589039,31,-4,1,64703,0,0,0,0,0,10,808,-10280,10622,0,0,0,1,0
6,-180,1.521,12,2589095,31,-4,1,64703,0,0,0,0,0,10,808,-10280,10622,0,0,0,1,0
6,-180,1.577,13,2589151,31,-4,1,64703,0,0,0,0,0,10,808,-10280,10622,0,0,0,1,0
6,-180,1.633,14,2589207,31,-4,1,64703,0,0,0,0,0,10,808,-10280,10622,0,0,0,1,0
6,-180,1.696,15,2589263,31,-4,1,64703,0,0,0,0,0,10,808,-10280,10622,0,0,0,1,0
6,-180,1.74,16,2589315,31,-4,1,64703,0,0,0,0,0,10,808,-10280,10622,0,0,0,1,0
6,-180,1.797,17,2589371,31,-4,1,64703,0,0,0,0,0,10,808,-10280,10622,0,0,0,1,0
6,-180,1.852,18,2589427,31,-4,1,64703,0,0,0,0,0,10,808,-10280,10622,0,0,0,1,0
6,-180,1.911,19,2589483,31,-4,1,64703,0,0,0,0,0,10,808,-10280,10622,0,0,0,1,0
6,-180,1.965,20,2589539,31,-4,1,64703,0,0,0,0,0,10,808,-10280,10622,0,0,0,1,0
6,-180,2.02,21,2589595,31,-4,1,64703,0,0,0,0,0,10,808,-10280,10622,0,0,0,1,0
6,-180,2.133,23,2589707,31,-4,1,64703,0,0,0,0,0,10,808,-10280,10622,0,0,0,1,0
6,-180,2.188,24,2589763,31,-4,1,64703,0,0,0,0,0,10,808,-10280,10622,0,0,0,1,0
6,-180,2.244,25,2589819,31,-4,1,64703,0,0,0,0,0,10,808,-10280,10622,0,0,0,1,0
6,-180,2.301,26,2589875,31,-4,1,64703,0,0,0,0,0,10,808,-10280,10622,0,0,0,1,0
6,-180,2.357,27,2589931,31,-4,1,64703,0,0,0,0,0,10,808,-10280,10622,0,0,0,1,0
6,-180,2.468,29,2590043,31,-4,1,64703,0,0,0,0,0,10,808,-10280,10622,0,0,0,1,0
6,-180,2.524,30,2590099,31,-4,1,64703,0,0,0,0,0,10,808,-10280,10622,0,0,0,1,0
6,-180,2.581,31,2590155,31,-4,1,64703,0,0,0,0,0,10,808,-10280,10622,0,0,0,1,0
6,-180,2.635,32,2590211,31,-4,1,64703,0,0,0,0,0,10,808,-10280,10622,0,0,0,1,0
6,-180,2.691,33,2590267,31,-4,1,64703,0,0,0,0,0,10,808,-10280,10622,0,0,0,1,0
6,-180,2.757,34,2590323,31,-4,1,64703,0,0,0,0,0,10,808,-10280,10622,0,0,0,1,0
6,-180,2.8,35,2590375,31,-4,1,64703,0,0,0,0,0,10,808,-10280,10622,0,0,0,1,0
6,-180,2.855,36,2590431,31,-4,1,64703,0,0,0,0,0,10,808,-10280,10622,0,0,0,1,0
6,-180,2.911,37,2590487,31,-4,1,64703,0,0,0,0,0,10,808,-10280,10622,0,0,0,1,0
6,-180,2.968,38,2590543,31,-4,1,64703,0,0,0,0,0,10,808,-10280,10622,0,0,0,1,0
6,-180,3.024,39,2590599,31,-4,1,64703,0,0,0,0,0,10,808,-10280,10622,0,0,0,1,0
6,-180,3.08,40,2590655,31,-4,1,64703,0,0,0,0,0,10,808,-10280,10622,0,0,0,1,0
6,-180,3.135,41,2590711,31,-4,1,64703,0,0,0,0,0,10,808,-10280,10622,0,0,0,1,0
6,-180,3.192,42,2590767,31,-4,1,64703,0,0,0,0,0,10,808,-10280,10622,0,0,0,1,0
6,-180,3.248,43,2590823,31,-4,1,64703,0,0,0,0,0,10,808,-10280,10622,0,0,0,1,0
6,-180,3.305,44,2590879,31,-4,1,64703,0,0,0,0,0,10,808,-10280,10622,0,0,0,1,0
6,-180,3.36,45,2590935,31,-4,1,64703,0,0,0,0,0,10,808,-10280,10622,0,0,0,1,0
6,-180,3.416,46,2590991,31,-4,1,64703,0,0,0,0,0,10,808,-10280,10622,0,0,0,1,0
6,-180,3.473,47,2591047,31,-4,1,64703,0,0,0,0,0,10,808,-10280,10622,0,0,0,1,0
6,-180,3.527,48,2591103,31,-4,1,64703,0,0,0,0,0,10,808,-10280,10622,0,0,0,1,0
6,-180,3.583,49,2591159,31,-4,1,64703,0,0,0,0,0,10,808,-10280,10622,0,0,0,1,0
6,-180,3.776,52,2591327,31,-4,1,64703,0,0,0,0,0,10,808,-10280,10622,0,0,0,1,0
6,-180,3.815,53,2591383,31,-4,1,64703,0,0,0,0,0,10,808,-10280,10622,0,0,0,1,0
6,-180,3.86,54,2591435,31,-4,1,64703,0,0,0,0,0,10,808,-10280,10622,0,0,0,1,0
6,-180,3.916,55,2591491,31,-4,1,64703,0,0,0,0,0,10,808,-10280,10622,0,0,0,1,0
6,-180,3.972,56,2591547,31,-4,1,64703,0,0,0,0,0,10,808,-10280,10622,0,0,0,1,0
6,-180,4.028,57,2591603,31,-4,1,64703,0,0,0,0,0,10,808,-10280,10622,0,0,0,1,0
6,-180,4.084,58,2591659,31,-4,1,64703,0,0,0,0,0,10,808,-10280,10622,0,0,0,1,0
6,-180,4.14,59,2591715,31,-4,1,64703,0,0,0,0,0,10,808,-10280,10622,0,0,0,1,0
6,-180,4.218,60,2591771,31,-4,1,64703,0,0,0,0,0,10,808,-10280,10622,0,0,0,1,0
6,-180,4.253,61,2591827,31,-4,1,64703,0,0,0,0,0,10,808,-10280,10622,0,0,0,1,0
6,-180,4.364,63,2591939,31,-4,1,64703,0,0,0,0,0,10,808,-10280,10622,0,0,0,1,0
6,-180,4.534,66,2592107,31,-4,1,64703,0,0,0,0,0,10,808,-10280,10622,0,0,0,1,0
6,-180,4.59,67,2592163,31,-4,1,64703,0,0,0,0,0,10,808,-10280,10622,0,0,0,1,0
6,-180,4.646,68,2592219,31,-4,1,64703,0,0,0,0,0,10,808,-10280,10622,0,0,0,1,0
6,-180,4.701,69,2592275,31,-4,1,64703,0,0,0,0,0,10,808,-10280,10622,0,0,0,1,0
6,-180,4.758,70,2592331,31,-4,1,64703,0,0,0,0,0,10,808,-10280,10622,0,0,0,1,0
6,-180,4.813,71,2592387,31,-4,1,64703,0,0,0,0,0,10,808,-10280,10622,0,0,0,1,0
6,-180,4.977,74,2592551,31,-4,1,64703,0,0,0,0,0,10,808,-10280,10622,0,0,0,1,0
6,-180,5.088,76,2592663,31,-4,1,64703,0,0,0,0,0,10,808,-10280,10622,0,0,0,1,0
6,-180,5.144,77,2592719,31,-4,1,64703,0,0,0,0,0,10,808,-10280,10622,0,0,0,1,0
6,-180,5.2,78,2592775,31,-4,1,64703,0,0,0,0,0,10,808,-10280,10622,0,0,0,1,0
6,-180,5.257,79,2592831,31,-4,1,64703,0,0,0,0,0,10,808,-10280,10622,0,0,0,1,0
6,-180,5.312,80,2592887,31,-4,1,64703,0,0,0,0,0,10,808,-10280,10622,0,0,0,1,0
6,-180,5.369,81,2592943,31,-4,1,64703,0,0,0,0,0,10,808,-10280,10622,0,0,0,1,0
6,-180,5.424,82,2592999,31,-4,1,64703,0,0,0,0,0,10,808,-10280,10622,0,0,0,1,0
6,-180,5.479,83,2593055,31,-4,1,64703,0,0,0,0,0,10,808,-10280,10622,0,0,0,1,0
6,-180,5.592,85,2593167,31,-4,1,64703,0,0,0,0,0,10,808,-10280,10622,0,0,0,1,0
6,-180,5.703,87,2593279,31,-4,1,64703,0,0,0,0,0,10,808,-10280,10622,0,0,0,1,0
6,-180,5.76,88,2593335,31,-4,1,64703,0,0,0,0,0,10,808,-10280,10622,0,0,0,1,0
6,-180,5.817,89,2593391,31,-4,1,64703,0,0,0,0,0,10,808,-10280,10622,0,0,0,1,0
6,-180,5.871,90,2593447,31,-4,1,64703,0,0,0,0,0,10,808,-10280,10622,0,0,0,1,0
6,-180,5.929,91,2593503,31,-4,1,64703,0,0,0,0,0,10,808,-10280,10622,0,0,0,1,0
6,-180,5.98,92,2593555,31,-4,1,64703,0,0,0,0,0,10,808,-10280,10622,0,0,0,1,0
6,-180,6.035,93,2593611,31,-4,1,64703,0,0,0,0,0,10,808,-10280,10622,0,0,0,1,0
6,-180,6.092,94,2593667,31,-4,1,64703,0,0,0,0,0,10,808,-10280,10622,0,0,0,1,0
6,-180,6.147,95,2593723,31,-4,1,64703,0,0,0,0,0,10,808,-10280,10622,0,0,0,1,0
6,-180,6.205,96,2593779,31,-4,1,64703,0,0,0,0,0,10,808,-10280,10622,0,0,0,1,0
6,-180,6.259,97,2593835,31,-4,1,64703,0,0,0,0,0,10,808,-10280,10622,0,0,0,1,0
6,-180,6.323,98,2593891,31,-4,1,64703,0,0,0,0,0,10,808,-10280,10622,0,0,0,1,0
6,-180,6.372,99,2593947,31,-4,1,64703,0,0,0,0,0,10,808,-10280,10622,0,0,0,1,0
6,-180,6.429,100,2594003,31,-4,1,64703,0,0,0,0,0,10,808,-10280,10622,0,0,0,1,0
6,-180,6.546,102,2594115,31,-4,1,64703,0,0,0,0,0,10,808,-10280,10622,0,0,0,1,0
6,-180,6.596,103,2594171,31,-4,1,64703,0,0,0,0,0,10,808,-10280,10622,0,0,0,1,0
6,-180,6.653,104,2594227,31,-4,1,64703,0,0,0,0,0,10,808,-10280,10622,0,0,0,1,0
6,-180,6.708,105,2594283,31,-4,1,64703,0,0,0,0,0,10,808,-10280,10622,0,0,0,1,0
6,-180,6.767,106,2594339,31,-4,1,64703,0,0,0,0,0,10,808,-10280,10622,0,0,0,1,0
6,-180,6.821,107,2594395,31,-4,1,64703,0,0,0,0,0,10,808,-10280,10622,0,0,0,1,0
6,-180,6.877,108,2594451,31,-4,1,64703,0,0,0,0,0,10,808,-10280,10622,0,0,0,1,0
6,-180,6.934,109,2594507,31,-4,1,64703,0,0,0,0,0,10,808,-10280,10622,0,0,0,1,0
6,-180,6.996,110,2594563,31,-4,1,64703,0,0,0,0,0,10,808,-10280,10622,0,0,0,1,0
6,-180,7.041,111,2594615,31,-4,1,64703,0,0,0,0,0,10,808,-10280,10622,0,0,0,1,0
6,-180,7.096,112,2594671,31,-4,1,64703,0,0,0,0,0,10,808,-10280,10622,0,0,0,1,0
6,-180,7.152,113,2594727,31,-4,1,64703,0,0,0,0,0,10,808,-10280,10622,0,0,0,1,0
6,-180,7.207,114,2594783,31,-4,1,64703,0,0,0,0,0,10,808,-10280,10622,0,0,0,1,0
6,-180,7.264,115,2594839,31,-4,1,64703,0,0,0,0,0,10,808,-10280,10622,0,0,0,1,0
6,-180,7.319,116,2594895,31,-4,1,64703,0,0,0,0,0,10,808,-10280,10622,0,0,0,1,0
6,-180,7.376,117,2594951,31,-4,1,64703,0,0,0,0,0,10,808,-10280,10622,0,0,0,1,0
6,-180,7.543,120,2595119,31,-4,1,64703,0,0,0,0,0,10,808,-10280,10622,0,0,0,1,0
6,-180,7.599,121,2595175,31,-4,1,64703,0,0,0,0,0,10,808,-10280,10622,0,0,0,1,0
6,-180,7.655,122,2595231,31,-4,1,64703,0,0,0,0,0,10,808,-10280,10622,0,0,0,1,0
6,-180,7.712,123,2595287,31,-4,1,64703,0,0,0,0,0,10,808,-10280,10622,0,0,0,1,0
6,-180,7.771,124,2595343,31,-4,1,64703,0,0,0,0,0,10,808,-10280,10622,0,0,0,1,0
6,-180,7.826,125,2595399,31,-4,1,64703,0,0,0,0,0,10,808,-10280,10622,0,0,0,1,0
6,-180,7.888,126,2595455,31,-4,1,64703,0,0,0,0,0,10,808,-10280,10622,0,0,0,1,0
6,-180,7.936,127,2595511,31,-4,1,64703,0,0,0,0,0,10,808,-10280,10622,0,0,0,1,0
6,-180,8.003,0,2595567,31,-4,1,64703,0,0,0,0,0,10,808,-10280,10622,0,0,0,1,0
6,-180,8.059,1,2595623,31,-4,1,64703,0,0,0,0,0,10,808,-10280,10622,0,0,0,1,0
6,-180,8.101,2,2595675,31,-4,1,64703,0,0,0,0,0,10,808,-10280,10622,0,0,0,1,0
6,-180,8.235,3,2595731,31,-4,1,64703,0,0,0,0,0,10,808,-10280,10622,0,0,0,1,0
6,-180,8.235,4,2595787,31,-4,1,64703,0,0,0,0,0,10,808,-10280,10622,0,0,0,1,0
6,-180,8.28,5,2595843,31,-4,1,64703,0,0,0,0,0,10,808,-10280,10622,0,0,0,1,0
6,-180,8.325,6,2595899,31,-4,1,64703,0,0,0,0,0,10,808,-10280,10622,0,0,0,1,0
6,-180,8.385,7,2595955,31,-4,1,64703,0,0,0,0,0,10,808,-10280,10622,0,0,0,1,0
6,-180,8.436,8,2596011,31,-4,1,64703,0,0,0,0,0,10,808,-10280,10622,0,0,0,1,0
6,-180,8.501,9,2596067,31,-4,1,64703,0,0,0,0,0,10,808,-10280,10622,0,0,0,1,0
6,-180,8.565,10,2596123,31,-4,1,64703,0,0,0,0,0,10,808,-10280,10622,0,0,0,1,0
6,-180,8.606,11,2596179,31,-4,1,64703,0,0,0,0,0,10,808,-10280,10622,0,0,0,1,0
6,-180,8.771,14,2596347,31,-4,1,64703,0,0,0,0,0,10,808,-10280,10622,0,0,0,1,0
6,-180,8.827,15,2596403,31,-4,1,64703,0,0,0,0,0,10,808,-10280,10622,0,0,0,1,0
6,-180,8.886,16,2596459,31,-4,1,64703,0,0,0,0,0,10,808,-10280,10622,0,0,0,1,0
6,-180,8.952,17,2596515,31,-4,1,64703,0,0,0,0,0,10,808,-10280,10622,0,0,0,1,0
6,-180,8.995,18,2596571,31,-4,1,64703,0,0,0,0,0,10,808,-10280,10622,0,0,0,1,0
6,-180,9.061,19,2596627,31,-4,1,64703,0,0,0,0,0,10,808,-10280,10622,0,0,0,1,0
6,-180,9.121,20,2596683,31,-4,1,64703,0,0,0,0,0,10,808,-10280,10622,0,0,0,1,0
6,-180,9.161,21,2596735,31,-4,1,64703,0,0,0,0,0,10,808,-10280,10622,0,0,0,1,0
6,-180,9.218,22,2596791,31,-4,1,64703,0,0,0,0,0,10,808,-10280,10622,0,0,0,1,0
6,-180,9.283,23,2596847,31,-4,1,64703,0,0,0,0,0,10,808,-10280,10622,0,0,0,1,0
6,-180,9.389,25,2596959,31,-4,1,64703,0,0,0,0,0,10,808,-10280,10622,0,0,0,1,0
6,-180,9.441,26,2597015,31,-4,1,64703,0,0,0,0,0,10,808,-10280,10622,0,0,0,1,0
6,-180,9.496,27,2597071,31,-4,1,64703,0,0,0,0,0,10,808,-10280,10622,0,0,0,1,0
6,-180,9.555,28,2597127,31,-4,1,64703,0,0,0,0,0,10,808,-10280,10622,0,0,0,1,0
6,-180,9.61,29,2597183,31,-4,1,64703,0,0,0,0,0,10,808,-10280,10622,0,0,0,1,0
6,-180,9.665,30,2597239,31,-4,1,64703,0,0,0,0,0,10,808,-10280,10622,0,0,0,1,0
6,-180,9.721,31,2597295,31,-4,1,64703,0,0,0,0,0,10,808,-10280,10622,0,0,0,1,0
6,-180,9.779,32,2597351,31,-4,1,64703,0,0,0,0,0,10,808,-10280,10622,0,0,0,1,0
6,-180,9.833,33,2597407,31,-4,1,64703,0,0,0,0,0,10,808,-10280,10622,0,0,0,1,0
6,-180,10.0,36,2597575,31,-4,1,64703,0,0,0,0,0,10,808,-10280,10622,0,0,0,1,0
6,-180,10.056,37,2597631,31,-4,1,64703,0,0,0,0,0,10,808,-10280,10622,0,0,0,1,0
6,-180,10.12,38,2597687,31,-4,1,64703,0,0,0,0,0,10,808,-10280,10622,0,0,0,1,0
6,-180,10.177,39,2597743,31,-4,1,64703,0,0,0,0,0,10,808,-10280,10622,0,0,0,1,0
6,-180,10.221,40,2597795,31,-4,1,64703,0,0,0,0,0,10,808,-10280,10622,0,0,0,1,0
6,-180,10.277,41,2597851,31,-4,1,64703,0,0,0,0,0,10,808,-10280,10622,0,0,0,1,0
6,-180,10.332,42,2597907,31,-4,1,64703,0,0,0,0,0,10,808,-10280,10622,0,0,0,1,0
6,-180,10.392,43,2597963,31,-4,1,64703,0,0,0,0,0,10,808,-10280,10622,0,0,0,1,0
6,-180,10.45,44,2598019,31,-4,1,64703,0,0,0,0,0,10,808,-10280,10622,0,0,0,1,0
6,-180,10.499,45,2598075,31,-4,1,64703,0,0,0,0,0,10,808,-10280,10622,0,0,0,1,0
6,-180,10.612,47,2598187,31,-4,1,64703,0,0,0,0,0,10,808,-10280,10622,0,0,0,1,0
6,-180,10.669,48,2598243,31,-4,1,64703,0,0,0,0,0,10,808,-10280,10622,0,0,0,1,0
6,-180,10.724,49,2598299,31,-4,1,64703,0,0,0,0,0,10,808,-10280,10622,0,0,0,1,0
6,-180,10.779,50,2598355,31,-4,1,64703,0,0,0,0,0,10,808,-10280,10622,0,0,0,1,0
6,-180,10.835,51,2598411,31,-4,1,64703,0,0,0,0,0,10,808,-10280,10622,0,0,0,1,0
6,-180,10.891,52,2598467,31,-4,1,64703,0,0,0,0,0,10,808,-10280,10622,0,0,0,1,0
6,-180,10.947,53,2598523,31,-4,1,64703,0,0,0,0,0,10,808,-10280,10622,0,0,0,1,0
6,-180,11.004,54,2598579,31,-4,1,64703,0,0,0,0,0,10,808,-10280,10622,0,0,0,1,0
6,-180,11.059,55,2598635,31,-4,1,64703,0,0,0,0,0,10,808,-10280,10622,0,0,0,1,0
6,-180,11.171,57,2598747,31,-4,1,64703,0,0,0,0,0,10,808,-10280,10622,0,0,0,1,0
6,-180,11.235,58,2598803,31,-4,1,64703,0,0,0,0,0,10,808,-10280,10622,0,0,0,1,0
6,-180,11.279,59,2598855,31,-4,1,64703,0,0,0,0,0,10,808,-10280,10622,0,0,0,1,0
6,-180,11.335,60,2598911,31,-4,1,64703,0,0,0,0,0,10,808,-10280,10622,0,0,0,1,0
6,-180,11.392,61,2598967,31,-4,1,64703,0,0,0,0,0,10,808,-10280,10622,0,0,0,1,0
6,-180,11.447,62,2599023,31,-4,1,64703,0,0,0,0,0,10,808,-10280,10622,0,0,0,1,0
6,-180,11.503,63,2599079,31,-4,1,64703,0,0,0,0,0,10,808,-10280,10622,0,0,0,1,0
6,-180,11.559,64,2599135,31,-4,1,64703,0,0,0,0,0,10,808,-10280,10622,0,0,0,1,0
6,-180,11.615,65,2599191,31,-4,1,64703,0,0,0,0,0,10,808,-10280,10622,0,0,0,1,0
6,-180,11.671,66,2599247,31,-4,1,64703,0,0,0,0,0,10,808,-10280,10622,0,0,0,1,0
6,-180,11.727,67,2599303,31,-4,1,64703,0,0,0,0,0,10,808,-10280,10622,0,0,0,1,0
6,-180,11.84,69,2599415,31,-4,1,64703,0,0,0,0,0,10,808,-10280,10622,0,0,0,1,0
6,-180,11.896,70,2599471,31,-4,1,64703,0,0,0,0,0,10,808,-10280,10622,0,0,0,1,0
6,-180,11.951,71,2599527,31,-4,1,64703,0,0,0,0,0,10,808,-10280,10622,0,0,0,1,0
6,-180,12.009,72,2599583,31,-4,1,64703,0,0,0,0,0,10,808,-10280,10622,0,0,0,1,0
6,-180,12.063,73,2599639,31,-4,1,64703,0,0,0,0,0,10,808,-10280,10622,0,0,0,1,0
6,-180,12.121,74,2599695,31,-4,1,64703,0,0,0,0,0,10,808,-10280,10622,0,0,0,1,0
6,-180,12.178,75,2599751,31,-4,1,64703,0,0,0,0,0,10,808,-10280,10622,0,0,0,1,0
6,-180,12.235,76,2599807,31,-4,1,64703,0,0,0,0,0,10,808,-10280,10622,0,0,0,1,0
6,-180,12.298,77,2599863,31,-4,1,64703,0,0,0,0,0,10,808,-10280,10622,0,0,0,1,0
6,-180,12.341,78,2599915,31,-4,1,64703,0,0,0,0,0,10,808,-10280,10622,0,0,0,1,0
6,-180,12.452,80,2600027,31,-4,1,64703,0,0,0,0,0,10,808,-10280,10622,0,0,0,1,0
6,-180,12.508,81,2600083,31,-4,1,64703,0,0,0,0,0,10,808,-10280,10622,0,0,0,1,0
6,-180,12.563,82,2600139,31,-4,1,64703,0,0,0,0,0,10,808,-10280,10622,0,0,0,1,0
6,-180,12.619,83,2600195,31,-4,1,64703,0,0,0,0,0,10,808,-10280,10622,0,0,0,1,0
6,-180,12.679,84,2600251,31,-4,1,64703,0,0,0,0,0,10,808,-10280,10622,0,0,0,1,0
6,-180,12.733,85,2600307,31,-4,1,64703,0,0,0,0,0,10,808,-10280,10622,0,0,0,1,0
6,-180,12.788,86,2600363,31,-4,1,64703,0,0,0,0,0,10,808,-10280,10622,0,0,0,1,0
6,-180,12.846,87,2600419,31,-4,1,64703,0,0,0,0,0,10,808,-10280,10622,0,0,0,1,0
6,-180,12.899,88,2600475,31,-4,1,64703,0,0,0,0,0,10,808,-10280,10622,0,0,0,1,0
6,-180,12.957,89,2600531,31,-4,1,64703,0,0,0,0,0,10,808,-10280,10622,0,0,0,1,0
6,-180,13.18,93,2600755,31,-4,1,64703,0,0,0,0,0,10,808,-10280,10622,0,0,0,1,0
6,-180,13.235,94,2600811,31,-4,1,64703,0,0,0,0,0,10,808,-10280,10622,0,0,0,1,0
6,-180,13.292,95,2600867,31,-4,1,64703,0,0,0,0,0,10,808,-10280,10622,0,0,0,1,0
6,-180,13.355,96,2600923,31,-4,1,64703,0,0,0,0,0,10,808,-10280,10622,0,0,0,1,0
6,-180,13.399,97,2600975,31,-4,1,64703,0,0,0,0,0,10,808,-10280,10622,0,0,0,1,0
6,-180,13.455,98,2601031,31,-4,1,64703,0,0,0,0,0,10,808,-10280,10622,0,0,0,1,0
6,-180,13.511,99,2601087,31,-4,1,64703,0,0,0,0,0,10,808,-10280,10622,0,0,0,1,0
6,-180,13.567,100,2601143,31,-4,1,64703,0,0,0,0,0,10,808,-10280,10622,0,0,0,1,0
6,-180,13.623,101,2601199,31,-4,1,64703,0,0,0,0,0,10,808,-10280,10622,0,0,0,1,0
6,-180,13.679,102,2601255,31,-4,1,64703,0,0,0,0,0,10,808,-10280,10622,0,0,0,1,0
8,90,-0.014,28,2682805,31,-4,1,64703,0,0,0,0,0,10,808,-10280,10622,0,0,0,1,0
8,90,0.027,29,2682855,31,-4,1,64703,0,0,0,0,0,10,808,-10280,10622,0,0,0,1,0
8,90,0.16,31,2682987,31,-4,1,64852,0,0,0,-15,30,11,813,-10300,10650,-1200,1300,0,1,0
8,90,0.232,32,2683059,31,-4,1,65118,0,0,0,-41,41,11,816,-10336,10700,-1500,1400,0,1,0
8,90,0.304,33,2683131,31,-4,0,65520,0,0,0,-64,73,11,819,-10394,10772,-2000,1900,0,1,0
8,90,0.377,34,2683203,31,-4,0,66102,0,0,0,-88,105,11,822,-10488,10866,-2400,2400,0,1,0
8,90,0.521,36,2683347,31,-3,0,67892,0,0,0,-155,178,11,828,-10766,11166,-2800,2900,0,1,0
8,90,0.594,37,2683419,31,-3,0,68916,0,0,0,-161,163,11,831,-10930,11333,-2900,2900,0,1,0
8,90,0.665,38,2683491,31,-3,-1,70000,0,0,0,-172,178,11,834,-11097,11516,-2800,2800,0,1,0
8,90,0.738,39,2683563,31,-2,-1,71102,0,0,0,-155,172,11,837,-11269,11700,-2800,2800,0,1,0
8,90,0.881,41,2683707,31,-1,-1,73259,0,0,0,-146,178,11,843,-11605,12061,-1700,1600,0,1,0
8,90,1.026,42,2683852,31,-1,-1,74086,0,0,0,0,0,11,852,-11733,12200,0,0,0,1,0
8,90,1.08,43,2683907,31,-1,-1,74086,0,0,0,0,0,11,854,-11733,12200,0,0,0,1,0
8,90,1.151,44,2683979,31,-1,-1,74086,0,0,0,0,0,11,857,-11733,12200,0,0,0,1,0
8,90,1.224,45,2684051,31,-1,-1,74086,0,0,0,0,0,11,860,-11733,12200,0,0,0,1,0
8,90,1.301,46,2684123,31,-1,-1,74086,0,0,0,0,0,11,863,-11733,12200,0,0,0,1,0
8,90,1.368,47,2684195,31,-1,-1,74086,0,0,0,0,0,11,866,-11733,12200,0,0,0,1,0
8,90,1.44,48,2684267,31,-1,-1,74086,0,0,0,0,0,11,869,-11733,12200,0,0,0,1,0
8,90,1.512,49,2684339,31,-1,-1,74086,0,0,0,0,0,11,872,-11733,12200,0,0,0,1,0
8,90,1.584,50,2684411,31,-1,-1,74086,0,0,0,0,0,11,875,-11733,12200,0,0,0,1,0
8,90,1.8,53,2684627,31,-1,-1,74086,0,0,0,0,0,11,884,-11733,12200,0,0,0,1,0
8,90,1.871,54,2684699,31,-1,-1,74086,0,0,0,0,0,11,887,-11733,12200,0,0,0,1,0
8,90,1.954,55,2684773,31,-1,-1,74086,0,0,0,0,0,11,890,-11733,12200,0,0,0,1,0
8,90,1.996,56,2684823,31,-1,-1,74086,0,0,0,0,0,11,890,-11733,12200,0,0,0,1,0
8,90,2.052,57,2684879,31,-1,-1,74086,0,0,0,0,0,11,890,-11733,12200,0,0,0,1,0
8,90,2.111,58,2684935,31,-1,-1,74086,0,0,0,0,0,11,890,-11733,12200,0,0,0,1,0
8,90,2.163,59,2684991,31,-1,-1,74086,0,0,0,0,0,11,890,-11733,12200,0,0,0,1,0
8,90,2.22,60,2685047,31,-1,-1,74086,0,0,0,0,0,11,890,-11733,12200,0,0,0,1,0
8,90,2.284,61,2685103,31,-1,-1,74086,0,0,0,0,0,11,890,-11733,12200,0,0,0,1,0
8,90,2.328,62,2685155,31,-1,-1,74086,0,0,0,0,0,11,890,-11733,12200,0,0,0,1,0
8,90,2.383,63,2685211,31,-1,-1,74086,0,0,0,0,0,11,890,-11733,12200,0,0,0,1,0
8,90,2.44,64,2685267,31,-1,-1,74086,0,0,0,0,0,11,890,-11733,12200,0,0,0,1,0
8,90,2.552,66,2685379,31,-1,-1,74086,0,0,0,0,0,11,890,-11733,12200,0,0,0,1,0
8,90,2.61,67,2685435,31,-1,-1,74086,0,0,0,0,0,11,890,-11733,12200,0,0,0,1,0
8,90,2.665,68,2685491,31,-1,-1,74086,0,0,0,0,0,11,890,-11733,12200,0,0,0,1,0
8,90,2.72,69,2685547,31,-1,-1,74086,0,0,0,0,0,11,890,-11733,12200,0,0,0,1,0
8,90,2.776,70,2685603,31,-1,-1,74086,0,0,0,0,0,11,890,-11733,12200,0,0,0,1,0
8,90,2.831,71,2685659,31,-1,-1,74086,0,0,0,0,0,11,890,-11733,12200,0,0,0,1,0
8,90,2.895,72,2685715,31,-1,-1,74086,0,0,0,0,0,11,890,-11733,12200,0,0,0,1,0
8,90,2.946,73,2685771,31,-1,-1,74086,0,0,0,0,0,11,890,-11733,12200,0,0,0,1,0
8,90,3.002,74,2685827,31,-1,-1,74086,0,0,0,0,0,11,890,-11733,12200,0,0,0,1,0
8,90,3.056,75,2685883,31,-1,-1,74086,0,0,0,0,0,11,890,-11733,12200,0,0,0,1,0
8,90,3.169,77,2685995,31,-1,-1,74086,0,0,0,0,0,11,890,-11733,12200,0,0,0,1,0
8,90,3.224,78,2686051,31,-1,-1,74086,0,0,0,0,0,11,890,-11733,12200,0,0,0,1,0
8,90,3.283,79,2686107,31,-1,-1,74086,0,0,0,0,0,11,890,-11733,12200,0,0,0,1,0
8,90,3.391,81,2686215,31,-1,-1,74086,0,0,0,0,0,11,890,-11733,12200,0,0,0,1,0
8,90,3.444,82,2686271,31,-1,-1,74086,0,0,0,0,0,11,890,-11733,12200,0,0,0,1,0
8,90,3.5,83,2686327,31,-1,-1,74086,0,0,0,0,0,11,890,-11733,12200,0,0,0,1,0
8,90,3.559,84,2686383,31,-1,-1,74086,0,0,0,0,0,11,890,-11733,12200,0,0,0,1,0
8,90,3.614,85,2686439,31,-1,-1,74086,0,0,0,0,0,11,890,-11733,12200,0,0,0,1,0
8,90,3.668,86,2686495,31,-1,-1,74086,0,0,0,0,0,11,890,-11733,12200,0,0,0,1,0
8,90,3.724,87,2686551,31,-1,-1,74086,0,0,0,0,0,11,890,-11733,12200,0,0,0,1,0
8,90,3.835,89,2686663,31,-1,-1,74086,0,0,0,0,0,11,890,-11733,12200,0,0,0,1,0
8,90,3.891,90,2686719,31,-1,-1,74086,0,0,0,0,0,11,890,-11733,12200,0,0,0,1,0
8,90,3.947,91,2686775,31,-1,-1,74086,0,0,0,0,0,11,890,-11733,12200,0,0,0,1,0
8,90,4.002,92,2686831,31,-1,-1,74086,0,0,0,0,0,11,890,-11733,12200,0,0,0,1,0
8,90,4.058,93,2686887,31,-1,-1,74086,0,0,0,0,0,11,890,-11733,12200,0,0,0,1,0
8,90,4.115,94,2686943,31,-1,-1,74086,0,0,0,0,0,11,890,-11733,12200,0,0,0,1,0
8,90,4.172,95,2686999,31,-1,-1,74086,0,0,0,0,0,11,890,-11733,12200,0,0,0,1,0
8,90,4.231,96,2687055,31,-1,-1,74086,0,0,0,0,0,11,890,-11733,12200,0,0,0,1,0
8,90,4.284,97,2687111,31,-1,-1,74086,0,0,0,0,0,11,890,-11733,12200,0,0,0,1,0
8,90,4.405,99,2687223,31,-1,-1,74086,0,0,0,0,0,11,890,-11733,12200,0,0,0,1,0
8,90,4.448,100,2687275,31,-1,-1,74086,0,0,0,0,0,11,890,-11733,12200,0,0,0,1,0
8,90,4.504,101,2687331,31,-1,-1,74086,0,0,0,0,0,11,890,-11733,12200,0,0,0,1,0
8,90,4.616,103,2687443,31,-1,-1,74086,0,0,0,0,0,11,890,-11733,12200,0,0,0,1,0
8,90,4.672,104,2687499,31,-1,-1,74086,0,0,0,0,0,11,890,-11733,12200,0,0,0,1,0
8,90,4.729,105,2687555,31,-1,-1,74086,0,0,0,0,0,11,890,-11733,12200,0,0,0,1,0
8,90,4.784,106,2687611,31,-1,-1,74086,0,0,0,0,0,11,890,-11733,12200,0,0,0,1,0
8,90,4.841,107,2687667,31,-1,-1,74086,0,0,0,0,0,11,890,-11733,12200,0,0,0,1,0
8,90,4.896,108,2687723,31,-1,-1,74086,0,0,0,0,0,11,890,-11733,12200,0,0,0,1,0
8,90,4.952,109,2687779,31,-1,-1,74086,0,0,0,0,0,11,890,-11733,12200,0,0,0,1,0
8,90,5.013,110,2687835,31,-1,-1,74086,0,0,0,0,0,11,890,-11733,12200,0,0,0,1,0
8,90,5.064,111,2687891,31,-1,-1,74086,0,0,0,0,0,11,890,-11733,12200,0,0,0,1,0
8,90,5.12,112,2687947,31,-1,-1,74086,0,0,0,0,0,11,890,-11733,12200,0,0,0,1,0
8,90,5.176,113,2688003,31,-1,-1,74086,0,0,0,0,0,11,890,-11733,12200,0,0,0,1,0
8,90,5.235,114,2688059,31,-1,-1,74086,0,0,0,0,0,11,890,-11733,12200,0,0,0,1,0
8,90,5.292,115,2688115,31,-1,-1,74086,0,0,0,0,0,11,890,-11733,12200,0,0,0,1,0
8,90,5.343,116,2688171,31,-1,-1,74086,0,0,0,0,0,11,890,-11733,12200,0,0,0,1,0
8,90,5.402,117,2688227,31,-1,-1,74086,0,0,0,0,0,11,890,-11733,12200,0,0,0,1,0
8,90,5.465,118,2688283,31,-1,-1,74086,0,0,0,0,0,11,890,-11733,12200,0,0,0,1,0
8,90,5.508,119,2688335,31,-1,-1,74086,0,0,0,0,0,11,890,-11733,12200,0,0,0,1,0
8,90,5.565,120,2688391,31,-1,-1,74086,0,0,0,0,0,11,890,-11733,12200,0,0,0,1,0
8,90,5.681,122,2688503,31,-1,-1,74086,0,0,0,0,0,11,890,-11733,12200,0,0,0,1,0
8,90,5.733,123,2688559,31,-1,-1,74086,0,0,0,0,0,11,890,-11733,12200,0,0,0,1,0
8,90,5.794,124,2688615,31,-1,-1,74086,0,0,0,0,0,11,890,-11733,12200,0,0,0,1,0
8,90,5.844,125,2688671,31,-1,-1,74086,0,0,0,0,0,11,890,-11733,12200,0,0,0,1,0
8,90,5.907,126,2688727,31,-1,-1,74086,0,0,0,0,0,11,890,-11733,12200,0,0,0,1,0
8,90,5.959,127,2688783,31,-1,-1,74086,0,0,0,0,0,11,890,-11733,12200,0,0,0,1,0
8,90,6.013,0,2688839,31,-1,-1,74086,0,0,0,0,0,11,890,-11733,12200,0,0,0,1,0
8,90,6.076,1,2688895,31,-1,-1,74086,0,0,0,0,0,11,890,-11733,12200,0,0,0,1,0
8,90,6.183,3,2689007,31,-1,-1,74086,0,0,0,0,0,11,890,-11733,12200,0,0,0,1,0
8,90,6.291,5,2689119,31,-1,-1,74086,0,0,0,0,0,11,890,-11733,12200,0,0,0,1,0
8,90,6.405,7,2689231,31,-1,-1,74086,0,0,0,0,0,11,890,-11733,12200,0,0,0,1,0
8,90,6.466,8,2689287,31,-1,-1,74086,0,0,0,0,0,11,890,-11733,12200,0,0,0,1,0
8,90,6.527,9,2689343,31,-1,-1,74086,0,0,0,0,0,11,890,-11733,12200,0,0,0,1,0
8,90,6.568,10,2689395,31,-1,-1,74086,0,0,0,0,0,11,890,-11733,12200,0,0,0,1,0
8,90,6.626,11,2689451,31,-1,-1,74086,0,0,0,0,0,11,890,-11733,12200,0,0,0,1,0
8,90,6.689,12,2689507,31,-1,-1,74086,0,0,0,0,0,11,890,-11733,12200,0,0,0,1,0
8,90,6.761,13,2689563,31,-1,-1,74086,0,0,0,0,0,11,890,-11733,12200,0,0,0,1,0
8,90,6.795,14,2689619,31,-1,-1,74086,0,0,0,0,0,11,890,-11733,12200,0,0,0,1,0
8,90,6.907,16,2689731,31,-1,-1,74086,0,0,0,0,0,11,890,-11733,12200,0,0,0,1,0
8,90,6.959,17,2689787,31,-1,-1,74086,0,0,0,0,0,11,890,-11733,12200,0,0,0,1,0
8,90,7.016,18,2689843,31,-1,-1,74086,0,0,0,0,0,11,890,-11733,12200,0,0,0,1,0
8,90,7.073,19,2689899,31,-1,-1,74086,0,0,0,0,0,11,890,-11733,12200,0,0,0,1,0
8,90,7.129,20,2689955,31,-1,-1,74086,0,0,0,0,0,11,890,-11733,12200,0,0,0,1,0
8,90,7.188,21,2690011,31,-1,-1,74086,0,0,0,0,0,11,890,-11733,12200,0,0,0,1,0
8,90,7.239,22,2690067,31,-1,-1,74086,0,0,0,0,0,11,890,-11733,12200,0,0,0,1,0
8,90,7.352,24,2690179,31,-1,-1,74086,0,0,0,0,0,11,890,-11733,12200,0,0,0,1,0
8,90,7.425,25,2690235,31,-1,-1,74086,0,0,0,0,0,11,890,-11733,12200,0,0,0,1,0
8,90,7.52,27,2690347,31,-1,-1,74086,0,0,0,0,0,11,890,-11733,12200,0,0,0,1,0
8,90,7.586,28,2690403,31,-1,-1,74086,0,0,0,0,0,11,890,-11733,12200,0,0,0,1,0
8,90,7.634,29,2690455,31,-1,-1,74086,0,0,0,0,0,11,890,-11733,12200,0,0,0,1,0
8,90,7.692,30,2690511,31,-1,-1,74086,0,0,0,0,0,11,890,-11733,12200,0,0,0,1,0
8,90,7.74,31,2690567,31,-1,-1,74086,0,0,0,0,0,11,890,-11733,12200,0,0,0,1,0
8,90,7.797,32,2690623,31,-1,-1,74086,0,0,0,0,0,11,890,-11733,12200,0,0,0,1,0
8,90,7.852,33,2690679,31,-1,-1,74086,0,0,0,0,0,11,890,-11733,12200,0,0,0,1,0
8,90,7.908,34,2690735,31,-1,-1,74086,0,0,0,0,0,11,890,-11733,12200,0,0,0,1,0
8,90,7.964,35,2690791,31,-1,-1,74086,0,0,0,0,0,11,890,-11733,12200,0,0,0,1,0
8,90,8.024,36,2690847,31,-1,-1,74086,0,0,0,0,0,11,890,-11733,12200,0,0,0,1,0
8,90,8.09,37,2690903,31,-1,-1,74086,0,0,0,0,0,11,890,-11733,12200,0,0,0,1,0
8,90,8.133,38,2690959,31,-1,-1,74086,0,0,0,0,0,11,890,-11733,12200,0,0,0,1,0
8,90,8.192,39,2691015,31,-1,-1,74086,0,0,0,0,0,11,890,-11733,12200,0,0,0,1,0
8,90,8.243,40,2691071,31,-1,-1,74086,0,0,0,0,0,11,890,-11733,12200,0,0,0,1,0
8,90,8.301,41,2691127,31,-1,-1,74086,0,0,0,0,0,11,890,-11733,12200,0,0,0,1,0
8,90,8.355,42,2691183,31,-1,-1,74086,0,0,0,0,0,11,890,-11733,12200,0,0,0,1,0
8,90,8.413,43,2691239,31,-1,-1,74086,0,0,0,0,0,11,890,-11733,12200,0,0,0,1,0
8,90,8.468,44,2691295,31,-1,-1,74086,0,0,0,0,0,11,890,-11733,12200,0,0,0,1,0
8,90,8.58,46,2691407,31,-1,-1,74086,0,0,0,0,0,11,890,-11733,12200,0,0,0,1,0
8,90,8.643,47,2691463,31,-1,-1,74086,0,0,0,0,0,11,890,-11733,12200,0,0,0,1,0
8,90,8.688,48,2691515,31,-1,-1,74086,0,0,0,0,0,11,890,-11733,12200,0,0,0,1,0
8,90,8.799,50,2691627,31,-1,-1,74086,0,0,0,0,0,11,890,-11733,12200,0,0,0,1,0
8,90,8.855,51,2691683,31,-1,-1,74086,0,0,0,0,0,11,890,-11733,12200,0,0,0,1,0
8,90,8.911,52,2691739,31,-1,-1,74086,0,0,0,0,0,11,890,-11733,12200,0,0,0,1,0
8,90,8.968,53,2691795,31,-1,-1,74086,0,0,0,0,0,11,890,-11733,12200,0,0,0,1,0
8,90,9.025,54,2691851,31,-1,-1,74086,0,0,0,0,0,11,890,-11733,12200,0,0,0,1,0
8,90,9.08,55,2691907,31,-1,-1,74086,0,0,0,0,0,11,890,-11733,12200,0,0,0,1,0
8,90,9.136,56,2691963,31,-1,-1,74086,0,0,0,0,0,11,890,-11733,12200,0,0,0,1,0
8,90,9.192,57,2692019,31,-1,-1,74086,0,0,0,0,0,11,890,-11733,12200,0,0,0,1,0
8,90,9.247,58,2692075,31,-1,-1,74086,0,0,0,0,0,11,890,-11733,12200,0,0,0,1,0
8,90,9.305,59,2692131,31,-1,-1,74086,0,0,0,0,0,11,890,-11733,12200,0,0,0,1,0
8,90,9.416,61,2692243,31,-1,-1,74086,0,0,0,0,0,11,890,-11733,12200,0,0,0,1,0
8,90,9.471,62,2692299,31,-1,-1,74086,0,0,0,0,0,11,890,-11733,12200,0,0,0,1,0
8,90,9.528,63,2692355,31,-1,-1,74086,0,0,0,0,0,11,890,-11733,12200,0,0,0,1,0
8,90,9.583,64,2692411,31,-1,-1,74086,0,0,0,0,0,11,890,-11733,12200,0,0,0,1,0
8,90,9.64,65,2692467,31,-1,-1,74086,0,0,0,0,0,11,890,-11733,12200,0,0,0,1,0
8,90,9.703,66,2692523,31,-1,-1,74086,0,0,0,0,0,11,890,-11733,12200,0,0,0,1,0
8,90,9.747,67,2692575,31,-1,-1,74086,0,0,0,0,0,11,890,-11733,12200,0,0,0,1,0
8,90,9.804,68,2692631,31,-1,-1,74086,0,0,0,0,0,11,890,-11733,12200,0,0,0,1,0
8,90,9.859,69,2692687,31,-1,-1,74086,0,0,0,0,0,11,890,-11733,12200,0,0,0,1,0
8,90,9.915,70,2692743,31,-1,-1,74086,0,0,0,0,0,11,890,-11733,12200,0,0,0,1,0
8,90,10.029,72,2692855,31,-1,-1,74086,0,0,0,0,0,11,890,-11733,12200,0,0,0,1,0
8,90,10.085,73,2692911,31,-1,-1,74086,0,0,0,0,0,11,890,-11733,12200,0,0,0,1,0
8,90,10.141,74,2692967,31,-1,-1,74086,0,0,0,0,0,11,890,-11733,12200,0,0,0,1,0
8,90,10.195,75,2693023,31,-1,-1,74086,0,0,0,0,0,11,890,-11733,12200,0,0,0,1,0
8,90,10.307,77,2693135,31,-1,-1,74086,0,0,0,0,0,11,890,-11733,12200,0,0,0,1,0
8,90,10.364,78,2693191,31,-1,-1,74086,0,0,0,0,0,11,890,-11733,12200,0,0,0,1,0
8,90,10.42,79,2693247,31,-1,-1,74086,0,0,0,0,0,11,890,-11733,12200,0,0,0,1,0
8,90,10.487,80,2693303,31,-1,-1,74086,0,0,0,0,0,11,890,-11733,12200,0,0,0,1,0
8,90,10.532,81,2693359,31,-1,-1,74086,0,0,0,0,0,11,890,-11733,12200,0,0,0,1,0
8,90,10.643,83,2693471,31,-1,-1,74086,0,0,0,0,0,11,890,-11733,12200,0,0,0,1,0
8,90,10.699,84,2693527,31,-1,-1,74086,0,0,0,0,0,11,890,-11733,12200,0,0,0,1,0
8,90,10.764,85,2693583,31,-1,-1,74086,0,0,0,0,0,11,890,-11733,12200,0,0,0,1,0
8,90,10.809,86,2693635,31,-1,-1,74086,0,0,0,0,0,11,890,-11733,12200,0,0,0,1,0
8,90,10.863,87,2693691,31,-1,-1,74086,0,0,0,0,0,11,890,-11733,12200,0,0,0,1,0
8,90,10.922,88,2693747,31,-1,-1,74086,0,0,0,0,0,11,890,-11733,12200,0,0,0,1,0
8,90,10.976,89,2693803,31,-1,-1,74086,0,0,0,0,0,11,890,-11733,12200,0,0,0,1,0
8,90,11.031,90,2693859,31,-1,-1,74086,0,0,0,0,0,11,890,-11733,12200,0,0,0,1,0
8,90,11.087,91,2693915,31,-1,-1,74086,0,0,0,0,0,11,890,-11733,12200,0,0,0,1,0
8,90,11.143,92,2693971,31,-1,-1,74086,0,0,0,0,0,11,890,-11733,12200,0,0,0,1,0
8,90,11.255,94,2694083,31,-1,-1,74086,0,0,0,0,0,11,890,-11733,12200,0,0,0,1,0
8,90,11.312,95,2694139,31,-1,-1,74086,0,0,0,0,0,11,890,-11733,12200,0,0,0,1,0
8,90,11.367,96,2694195,31,-1,-1,74086,0,0,0,0,0,11,890,-11733,12200,0,0,0,1,0
8,90,11.423,97,2694251,31,-1,-1,74086,0,0,0,0,0,11,890,-11733,12200,0,0,0,1,0
8,90,11.48,98,2694307,31,-1,-1,74086,0,0,0,0,0,11,890,-11733,12200,0,0,0,1,0
8,90,11.536,99,2694363,31,-1,-1,74086,0,0,0,0,0,11,890,-11733,12200,0,0,0,1,0
8,90,11.648,101,2694475,31,-1,-1,74086,0,0,0,0,0,11,890,-11733,12200,0,0,0,1,0
8,90,11.704,102,2694531,31,-1,-1,74086,0,0,0,0,0,11,890,-11733,12200,0,0,0,1,0
8,90,11.76,103,2694587,31,-1,-1,74086,0,0,0,0,0,11,890,-11733,12200,0,0,0,1,0
8,90,11.924,106,2694751,31,-1,-1,74086,0,0,0,0,0,11,890,-11733,12200,0,0,0,1,0
8,90,11.98,107,2694807,31,-1,-1,74086,0,0,0,0,0,11,890,-11733,12200,0,0,0,1,0
8,90,12.035,108,2694863,31,-1,-1,74086,0,0,0,0,0,11,890,-11733,12200,0,0,0,1,0
8,90,12.091,109,2694919,31,-1,-1,74086,0,0,0,0,0,11,890,-11733,12200,0,0,0,1,0
8,90,12.148,110,2694975,31,-1,-1,74086,0,0,0,0,0,11,890,-11733,12200,0,0,0,1,0
8,90,12.205,111,2695031,31,-1,-1,74086,0,0,0,0,0,11,890,-11733,12200,0,0,0,1,0
8,90,12.263,112,2695087,31,-1,-1,74086,0,0,0,0,0,11,890,-11733,12200,0,0,0,1,0
8,90,12.316,113,2695143,31,-1,-1,74086,0,0,0,0,0,11,890,-11733,12200,0,0,0,1,0
8,90,12.375,114,2695199,31,-1,-1,74086,0,0,0,0,0,11,890,-11733,12200,0,0,0,1,0
8,90,12.428,115,2695255,31,-1,-1,74086,0,0,0,0,0,11,890,-11733,12200,0,0,0,1,0
8,90,12.484,116,2695311,31,-1,-1,74086,0,0,0,0,0,11,890,-11733,12200,0,0,0,1,0
8,90,12.54,117,2695367,31,-1,-1,74086,0,0,0,0,0,11,890,-11733,12200,0,0,0,1,0
8,90,12.597,118,2695423,31,-1,-1,74086,0,0,0,0,0,11,890,-11733,12200,0,0,0,1,0
8,90,12.651,119,2695479,31,-1,-1,74086,0,0,0,0,0,11,890,-11733,12200,0,0,0,1,0
8,90,12.708,120,2695535,31,-1,-1,74086,0,0,0,0,0,11,890,-11733,12200,0,0,0,1,0
8,90,12.764,121,2695591,31,-1,-1,74086,0,0,0,0,0,11,890,-11733,12200,0,0,0,1,0
8,90,12.819,122,2695647,31,-1,-1,74086,0,0,0,0,0,11,890,-11733,12200,0,0,0,1,0
8,90,12.9,123,2695703,31,-1,-1,74086,0,0,0,0,0,11,890,-11733,12200,0,0,0,1,0
8,90,12.93,124,2695755,31,-1,-1,74086,0,0,0,0,0,11,890,-11733,12200,0,0,0,1,0
8,90,12.984,125,2695811,31,-1,-1,74086,0,0,0,0,0,11,890,-11733,12200,0,0,0,1,0
8,90,13.041,126,2695867,31,-1,-1,74086,0,0,0,0,0,11,890,-11733,12200,0,0,0,1,0
8,90,13.153,0,2695979,31,-1,-1,74086,0,0,0,0,0,11,890,-11733,12200,0,0,0,1,0
8,90,13.209,1,2696035,31,-1,-1,74086,0,0,0,0,0,11,890,-11733,12200,0,0,0,1,0
8,90,13.266,2,2696091,31,-1,-1,74086,0,0,0,0,0,11,890,-11733,12200,0,0,0,1,0
8,90,13.324,3,2696147,31,-1,-1,74086,0,0,0,0,0,11,890,-11733,12200,0,0,0,1,0
8,90,13.376,4,2696203,31,-1,-1,74086,0,0,0,0,0,11,890,-11733,12200,0,0,0,1,0
8,90,13.433,5,2696259,31,-1,-1,74086,0,0,0,0,0,11,890,-11733,12200,0,0,0,1,0
8,90,13.491,6,2696315,31,-1,-1,74086,0,0,0,0,0,11,890,-11733,12200,0,0,0,1,0
8,90,13.548,7,2696371,31,-1,-1,74086,0,0,0,0,0,11,890,-11733,12200,0,0,0,1,0
8,90,13.602,8,2696427,31,-1,-1,74086,0,0,0,0,0,11,890,-11733,12200,0,0,0,1,0
8,90,13.655,9,2696483,31,-1,-1,74086,0,0,0,0,0,11,890,-11733,12200,0,0,0,1,0
8,90,13.769,11,2696595,31,-1,-1,74086,0,0,0,0,0,11,890,-11733,12200,0,0,0,1,0
8,90,13.825,12,2696651,31,-1,-1,74086,0,0,0,0,0,11,890,-11733,12200,0,0,0,1,0
8,90,13.88,13,2696707,31,-1,-1,74086,0,0,0,0,0,11,890,-11733,12200,0,0,0,1,0
8,90,13.943,14,2696763,31,-1,-1,74086,0,0,0,0,0,11,890,-11733,12200,0,0,0,1,0
8,90,13.989,15,2696815,31,-1,-1,74086,0,0,0,0,0,11,890,-11733,12200,0,0,0,1,0
9,-107,0.002,42,2705463,31,-1,-1,74086,0,0,0,0,0,11,890,-11733,12200,0,0,0,1,0
9,-107,0.07,43,2705531,31,-1,-1,74086,0,0,0,0,0,11,891,-11733,12200,800,-800,0,1,0
9,-107,0.142,44,2705603,31,-1,0,74042,0,0,0,18,0,14,894,-11719,12200,1100,-1200,0,1,0
9,-107,0.215,45,2705675,31,0,0,73990,0,0,0,18,0,17,897,-11702,12200,1400,-1600,0,1,0
9,-107,0.287,46,2705747,31,0,0,73739,0,0,0,58,-32,17,900,-11655,12166,2000,-2000,0,1,0
9,-107,0.359,47,2705819,31,1,0,73231,0,0,0,91,-82,17,903,-11569,12088,2400,-2400,0,1,0
9,-107,0.418,48,2705869,31,1,0,72767,0,0,0,105,-114,17,905,-11491,12016,2600,-2600,0,1,0
9,-107,0.48,49,2705939,31,2,0,71925,0,0,0,145,-140,17,908,-11347,11888,3100,-3100,0,1,0
9,-107,0.623,51,2706083,31,2,0,69777,0,0,0,178,-187,17,914,-11000,11541,2900,-2900,0,1,0
9,-107,0.694,52,2706155,31,2,0,68665,0,0,0,169,-172,17,917,-10819,11363,2900,-2900,0,1,0
9,-107,0.768,53,2706227,31,2,0,67557,0,0,0,170,-164,17,920,-10636,11188,2900,-2800,0,1,0
9,-107,0.839,54,2706299,31,2,0,66483,0,0,0,169,-163,17,923,-10461,11016,2800,-2800,0,1,0
9,-107,0.91,55,2706371,31,2,0,65415,0,0,0,163,-163,17,926,-10288,10844,2800,-2800,0,1,0
9,-107,0.983,56,2706443,31,2,0,64350,0,0,0,163,-161,17,929,-10116,10672,2800,-2800,0,1,0
9,-107,1.134,57,2706588,31,2,0,62923,0,0,0,0,0,17,937,-9883,10444,0,0,0,1,0
9,-107,1.181,58,2706643,31,2,0,62923,0,0,0,0,0,17,939,-9883,10444,0,0,0,1,0
9,-107,1.254,59,2706715,31,2,0,62923,0,0,0,0,0,17,942,-9883,10444,0,0,0,1,0
9,-107,1.326,60,2706787,31,2,0,62923,0,0,0,0,0,17,945,-9883,10444,0,0,0,1,0
9,-107,1.397,61,2706859,31,2,0,62923,0,0,0,0,0,17,948,-9883,10444,0,0,0,1,0
9,-107,1.541,63,2707003,31,2,0,62923,0,0,0,0,0,17,954,-9883,10444,0,0,0,1,0
9,-107,1.613,64,2707075,31,2,0,62923,0,0,0,0,0,17,957,-9883,10444,0,0,0,1,0
9,-107,1.686,65,2707147,31,2,0,62923,0,0,0,0,0,17,960,-9883,10444,0,0,0,1,0
9,-107,1.759,66,2707219,31,2,0,62923,0,0,0,0,0,17,963,-9883,10444,0,0,0,1,0
9,-107,1.901,68,2707363,31,2,0,62923,0,0,0,0,0,17,969,-9883,10444,0,0,0,1,0
9,-107,1.975,69,2707435,31,2,0,62923,0,0,0,0,0,17,972,-9883,10444,0,0,0,1,0
9,-107,2.046,70,2707507,31,2,0,62923,0,0,0,0,0,17,975,-9883,10444,0,0,0,1,0
9,-107,2.118,71,2707579,31,2,0,62923,0,0,0,0,0,17,978,-9883,10444,0,0,0,1,0
9,-107,2.245,73,2707707,31,2,0,62923,0,0,0,0,0,17,982,-9883,10444,0,0,0,1,0
9,-107,2.425,76,2707875,31,2,0,62923,0,0,0,0,0,17,982,-9883,10444,0,0,0,1,0
9,-107,2.465,77,2707927,31,2,0,62923,0,0,0,0,0,17,982,-9883,10444,0,0,0,1,0
9,-107,2.521,78,2707983,31,2,0,62923,0,0,0,0,0,17,982,-9883,10444,0,0,0,1,0
9,-107,2.634,80,2708095,31,2,0,62923,0,0,0,0,0,17,982,-9883,10444,0,0,0,1,0
9,-107,2.691,81,2708151,31,2,0,62923,0,0,0,0,0,17,982,-9883,10444,0,0,0,1,0
9,-107,2.746,82,2708207,31,2,0,62923,0,0,0,0,0,17,982,-9883,10444,0,0,0,1,0
9,-107,2.858,84,2708319,31,2,0,62923,0,0,0,0,0,17,982,-9883,10444,0,0,0,1,0
9,-107,2.915,85,2708375,31,2,0,62923,0,0,0,0,0,17,982,-9883,10444,0,0,0,1,0
9,-107,2.97,86,2708431,31,2,0,62923,0,0,0,0,0,17,982,-9883,10444,0,0,0,1,0
9,-107,3.026,87,2708487,31,2,0,62923,0,0,0,0,0,17,982,-9883,10444,0,0,0,1,0
9,-107,3.081,88,2708543,31,2,0,62923,0,0,0,0,0,17,982,-9883,10444,0,0,0,1,0
9,-107,3.138,89,2708599,31,2,0,62923,0,0,0,0,0,17,982,-9883,10444,0,0,0,1,0
9,-107,3.249,91,2708711,31,2,0,62923,0,0,0,0,0,17,982,-9883,10444,0,0,0,1,0
9,-107,3.306,92,2708767,31,2,0,62923,0,0,0,0,0,17,982,-9883,10444,0,0,0,1,0
9,-107,3.362,93,2708823,31,2,0,62923,0,0,0,0,0,17,982,-9883,10444,0,0,0,1,0
9,-107,3.419,94,2708879,31,2,0,62923,0,0,0,0,0,17,982,-9883,10444,0,0,0,1,0
9,-107,3.482,95,2708935,31,2,0,62923,0,0,0,0,0,17,982,-9883,10444,0,0,0,1,0
9,-107,3.525,96,2708987,31,2,0,62923,0,0,0,0,0,17,982,-9883,10444,0,0,0,1,0
9,-107,3.581,97,2709043,31,2,0,62923,0,0,0,0,0,17,982,-9883,10444,0,0,0,1,0
9,-107,3.639,98,2709099,31,2,0,62923,0,0,0,0,0,17,982,-9883,10444,0,0,0,1,0
9,-107,3.749,100,2709211,31,2,0,62923,0,0,0,0,0,17,982,-9883,10444,0,0,0,1,0
9,-107,3.805,101,2709267,31,2,0,62923,0,0,0,0,0,17,982,-9883,10444,0,0,0,1,0
9,-107,3.861,102,2709323,31,2,0,62923,0,0,0,0,0,17,982,-9883,10444,0,0,0,1,0
9,-107,3.917,103,2709379,31,2,0,62923,0,0,0,0,0,17,982,-9883,10444,0,0,0,1,0
9,-107,3.973,104,2709435,31,2,0,62923,0,0,0,0,0,17,982,-9883,10444,0,0,0,1,0
9,-107,4.086,106,2709547,31,2,0,62923,0,0,0,0,0,17,982,-9883,10444,0,0,0,1,0
9,-107,4.198,108,2709659,31,2,0,62923,0,0,0,0,0,17,982,-9883,10444,0,0,0,1,0
9,-107,4.253,109,2709715,31,2,0,62923,0,0,0,0,0,17,982,-9883,10444,0,0,0,1,0
9,-107,4.309,110,2709771,31,2,0,62923,0,0,0,0,0,17,982,-9883,10444,0,0,0,1,0
9,-107,4.365,111,2709827,31,2,0,62923,0,0,0,0,0,17,982,-9883,10444,0,0,0,1,0
9,-107,4.421,112,2709883,31,2,0,62923,0,0,0,0,0,17,982,-9883,10444,0,0,0,1,0
9,-107,4.477,113,2709939,31,2,0,62923,0,0,0,0,0,17,982,-9883,10444,0,0,0,1,0
9,-107,4.542,114,2709995,31,2,0,62923,0,0,0,0,0,17,982,-9883,10444,0,0,0,1,0
9,-107,4.585,115,2710047,31,2,0,62923,0,0,0,0,0,17,982,-9883,10444,0,0,0,1,0
9,-107,4.642,116,2710103,31,2,0,62923,0,0,0,0,0,17,982,-9883,10444,0,0,0,1,0
9,-107,4.698,117,2710159,31,2,0,62923,0,0,0,0,0,17,982,-9883,10444,0,0,0,1,0
9,-107,4.754,118,2710215,31,2,0,62923,0,0,0,0,0,17,982,-9883,10444,0,0,0,1,0
9,-107,4.81,119,2710271,31,2,0,62923,0,0,0,0,0,17,982,-9883,10444,0,0,0,1,0
9,-107,4.866,120,2710327,31,2,0,62923,0,0,0,0,0,17,982,-9883,10444,0,0,0,1,0
9,-107,4.922,121,2710383,31,2,0,62923,0,0,0,0,0,17,982,-9883,10444,0,0,0,1,0
9,-107,4.977,122,2710439,31,2,0,62923,0,0,0,0,0,17,982,-9883,10444,0,0,0,1,0
9,-107,5.033,123,2710495,31,2,0,62923,0,0,0,0,0,17,982,-9883,10444,0,0,0,1,0
9,-107,5.09,124,2710551,31,2,0,62923,0,0,0,0,0,17,982,-9883,10444,0,0,0,1,0
9,-107,5.145,125,2710607,31,2,0,62923,0,0,0,0,0,17,982,-9883,10444,0,0,0,1,0
9,-107,5.201,126,2710663,31,2,0,62923,0,0,0,0,0,17,982,-9883,10444,0,0,0,1,0
9,-107,5.313,0,2710775,31,2,0,62923,0,0,0,0,0,17,982,-9883,10444,0,0,0,1,0
9,-107,5.369,1,2710831,31,2,0,62923,0,0,0,0,0,17,982,-9883,10444,0,0,0,1,0
9,-107,5.425,2,2710887,31,2,0,62923,0,0,0,0,0,17,982,-9883,10444,0,0,0,1,0
9,-107,5.481,3,2710943,31,2,0,62923,0,0,0,0,0,17,982,-9883,10444,0,0,0,1,0
9,-107,5.537,4,2710999,31,2,0,62923,0,0,0,0,0,17,982,-9883,10444,0,0,0,1,0
9,-107,5.601,5,2711055,31,2,0,62923,0,0,0,0,0,17,982,-9883,10444,0,0,0,1,0
9,-107,5.645,6,2711107,31,2,0,62923,0,0,0,0,0,17,982,-9883,10444,0,0,0,1,0
9,-107,5.701,7,2711163,31,2,0,62923,0,0,0,0,0,17,982,-9883,10444,0,0,0,1,0
9,-107,5.758,8,2711219,31,2,0,62923,0,0,0,0,0,17,982,-9883,10444,0,0,0,1,0
9,-107,5.814,9,2711275,31,2,0,62923,0,0,0,0,0,17,982,-9883,10444,0,0,0,1,0
9,-107,5.869,10,2711331,31,2,0,62923,0,0,0,0,0,17,982,-9883,10444,0,0,0,1,0
9,-107,5.983,12,2711443,31,2,0,62923,0,0,0,0,0,17,982,-9883,10444,0,0,0,1,0
9,-107,6.038,13,2711499,31,2,0,62923,0,0,0,0,0,17,982,-9883,10444,0,0,0,1,0
9,-107,6.095,14,2711555,31,2,0,62923,0,0,0,0,0,17,982,-9883,10444,0,0,0,1,0
9,-107,6.151,15,2711611,31,2,0,62923,0,0,0,0,0,17,982,-9883,10444,0,0,0,1,0
9,-107,6.206,16,2711667,31,2,0,62923,0,0,0,0,0,17,982,-9883,10444,0,0,0,1,0
9,-107,6.263,17,2711723,31,2,0,62923,0,0,0,0,0,17,982,-9883,10444,0,0,0,1,0
9,-107,6.317,18,2711779,31,2,0,62923,0,0,0,0,0,17,982,-9883,10444,0,0,0,1,0
9,-107,6.373,19,2711835,31,2,0,62923,0,0,0,0,0,17,982,-9883,10444,0,0,0,1,0
9,-107,6.429,20,2711891,31,2,0,62923,0,0,0,0,0,17,982,-9883,10444,0,0,0,1,0
9,-107,6.485,21,2711947,31,2,0,62923,0,0,0,0,0,17,982,-9883,10444,0,0,0,1,0
9,-107,6.597,23,2712059,31,2,0,62923,0,0,0,0,0,17,982,-9883,10444,0,0,0,1,0
9,-107,6.662,24,2712115,31,2,0,62923,0,0,0,0,0,17,982,-9883,10444,0,0,0,1,0
9,-107,6.762,26,2712223,31,2,0,62923,0,0,0,0,0,17,982,-9883,10444,0,0,0,1,0
9,-107,6.818,27,2712279,31,2,0,62923,0,0,0,0,0,17,982,-9883,10444,0,0,0,1,0
9,-107,6.874,28,2712335,31,2,0,62923,0,0,0,0,0,17,982,-9883,10444,0,0,0,1,0
9,-107,6.929,29,2712391,31,2,0,62923,0,0,0,0,0,17,982,-9883,10444,0,0,0,1,0
9,-107,6.986,30,2712447,31,2,0,62923,0,0,0,0,0,17,982,-9883,10444,0,0,0,1,0
9,-107,7.041,31,2712503,31,2,0,62923,0,0,0,0,0,17,982,-9883,10444,0,0,0,1,0
9,-107,7.097,32,2712559,31,2,0,62923,0,0,0,0,0,17,982,-9883,10444,0,0,0,1,0
9,-107,7.209,34,2712671,31,2,0,62923,0,0,0,0,0,17,982,-9883,10444,0,0,0,1,0
9,-107,7.265,35,2712727,31,2,0,62923,0,0,0,0,0,17,982,-9883,10444,0,0,0,1,0
9,-107,7.377,37,2712839,31,2,0,62923,0,0,0,0,0,17,982,-9883,10444,0,0,0,1,0
9,-107,7.433,38,2712895,31,2,0,62923,0,0,0,0,0,17,982,-9883,10444,0,0,0,1,0
9,-107,7.489,39,2712951,31,2,0,62923,0,0,0,0,0,17,982,-9883,10444,0,0,0,1,0
9,-107,7.545,40,2713007,31,2,0,62923,0,0,0,0,0,17,982,-9883,10444,0,0,0,1,0
9,-107,7.601,41,2713063,31,2,0,62923,0,0,0,0,0,17,982,-9883,10444,0,0,0,1,0
9,-107,7.657,42,2713119,31,2,0,62923,0,0,0,0,0,17,982,-9883,10444,0,0,0,1,0
9,-107,7.766,44,2713227,31,2,0,62923,0,0,0,0,0,17,982,-9883,10444,0,0,0,1,0
9,-107,7.821,45,2713283,31,2,0,62923,0,0,0,0,0,17,982,-9883,10444,0,0,0,1,0
9,-107,7.877,46,2713339,31,2,0,62923,0,0,0,0,0,17,982,-9883,10444,0,0,0,1,0
9,-107,7.933,47,2713395,31,2,0,62923,0,0,0,0,0,17,982,-9883,10444,0,0,0,1,0
9,-107,7.989,48,2713451,31,2,0,62923,0,0,0,0,0,17,982,-9883,10444,0,0,0,1,0
9,-107,8.045,49,2713507,31,2,0,62923,0,0,0,0,0,17,982,-9883,10444,0,0,0,1,0
9,-107,8.101,50,2713563,31,2,0,62923,0,0,0,0,0,17,982,-9883,10444,0,0,0,1,0
9,-107,8.157,51,2713619,31,2,0,62923,0,0,0,0,0,17,982,-9883,10444,0,0,0,1,0
9,-107,8.213,52,2713675,31,2,0,62923,0,0,0,0,0,17,982,-9883,10444,0,0,0,1,0
9,-107,8.269,53,2713731,31,2,0,62923,0,0,0,0,0,17,982,-9883,10444,0,0,0,1,0
9,-107,8.325,54,2713787,31,2,0,62923,0,0,0,0,0,17,982,-9883,10444,0,0,0,1,0
9,-107,8.437,56,2713899,31,2,0,62923,0,0,0,0,0,17,982,-9883,10444,0,0,0,1,0
9,-107,8.495,57,2713955,31,2,0,62923,0,0,0,0,0,17,982,-9883,10444,0,0,0,1,0
9,-107,8.549,58,2714011,31,2,0,62923,0,0,0,0,0,17,982,-9883,10444,0,0,0,1,0
9,-107,8.608,59,2714067,31,2,0,62923,0,0,0,0,0,17,982,-9883,10444,0,0,0,1,0
9,-107,8.661,60,2714123,31,2,0,62923,0,0,0,0,0,17,982,-9883,10444,0,0,0,1,0
9,-107,8.718,61,2714179,31,2,0,62923,0,0,0,0,0,17,982,-9883,10444,0,0,0,1,0
9,-107,8.782,62,2714235,31,2,0,62923,0,0,0,0,0,17,982,-9883,10444,0,0,0,1,0
9,-107,8.825,63,2714287,31,2,0,62923,0,0,0,0,0,17,982,-9883,10444,0,0,0,1,0
9,-107,8.881,64,2714343,31,2,0,62923,0,0,0,0,0,17,982,-9883,10444,0,0,0,1,0
9,-107,8.937,65,2714399,31,2,0,62923,0,0,0,0,0,17,982,-9883,10444,0,0,0,1,0
9,-107,8.993,66,2714455,31,2,0,62923,0,0,0,0,0,17,982,-9883,10444,0,0,0,1,0
9,-107,9.05,67,2714511,31,2,0,62923,0,0,0,0,0,17,982,-9883,10444,0,0,0,1,0
9,-107,9.106,68,2714567,31,2,0,62923,0,0,0,0,0,17,982,-9883,10444,0,0,0,1,0
9,-107,9.161,69,2714623,31,2,0,62923,0,0,0,0,0,17,982,-9883,10444,0,0,0,1,0
9,-107,9.217,70,2714679,31,2,0,62923,0,0,0,0,0,17,982,-9883,10444,0,0,0,1,0
9,-107,9.274,71,2714735,31,2,0,62923,0,0,0,0,0,17,982,-9883,10444,0,0,0,1,0
9,-107,9.329,72,2714791,31,2,0,62923,0,0,0,0,0,17,982,-9883,10444,0,0,0,1,0
9,-107,9.386,73,2714847,31,2,0,62923,0,0,0,0,0,17,982,-9883,10444,0,0,0,1,0
9,-107,9.442,74,2714903,31,2,0,62923,0,0,0,0,0,17,982,-9883,10444,0,0,0,1,0
9,-107,9.553,76,2715015,31,2,0,62923,0,0,0,0,0,17,982,-9883,10444,0,0,0,1,0
9,-107,9.666,78,2715127,31,2,0,62923,0,0,0,0,0,17,982,-9883,10444,0,0,0,1,0
9,-107,9.722,79,2715183,31,2,0,62923,0,0,0,0,0,17,982,-9883,10444,0,0,0,1,0
9,-107,9.777,80,2715239,31,2,0,62923,0,0,0,0,0,17,982,-9883,10444,0,0,0,1,0
9,-107,9.841,81,2715295,31,2,0,62923,0,0,0,0,0,17,982,-9883,10444,0,0,0,1,0
10,107,-0.032,4,2725279,31,2,0,62923,0,0,0,0,0,17,982,-9883,10444,0,0,0,1,0
10,107,0.024,5,2725335,31,2,0,62923,0,0,0,0,0,17,982,-9883,10444,0,0,0,1,0
10,107,0.085,6,2725395,31,2,-1,62942,0,0,0,0,15,18,984,-9883,10450,-1000,1000,0,1,0
10,107,0.228,8,2725539,31,2,-1,63282,0,0,0,-47,47,19,990,-9927,10516,-1600,1500,0,1,0
10,107,0.3,9,2725611,31,2,-2,63672,0,0,0,-73,82,19,993,-9986,10583,-2100,2000,0,1,0
10,107,0.372,10,2725683,31,2,-2,64248,0,0,0,-99,114,19,996,-10072,10683,-2400,2400,0,1,0
10,107,0.445,11,2725755,31,2,-2,65075,0,0,0,-146,137,19,999,-10200,10822,-2800,2800,0,1,0
10,107,0.517,12,2725827,31,2,-3,66087,0,0,0,-146,178,19,1002,-10358,10991,-2900,2900,0,1,0
10,107,0.588,13,2725899,31,2,-3,67161,0,0,0,-178,178,19,1005,-10530,11166,-2900,2900,0,1,0
10,107,0.66,14,2725971,31,3,-3,68238,0,0,0,-163,181,19,1008,-10694,11350,-2800,2900,0,1,0
10,107,0.741,15,2726043,31,3,-3,69288,0,0,0,-163,164,19,1011,-10861,11522,-2800,2900,0,1,0
10,107,0.805,16,2726115,31,4,-4,70396,0,0,0,-145,188,19,1014,-11030,11711,-2700,2800,0,1,0
10,107,0.877,17,2726187,31,4,-4,71461,0,0,0,-152,164,19,1017,-11202,11883,-2700,2700,0,1,0
10,107,0.949,18,2726259,31,4,-4,72529,0,0,0,-164,178,19,1020,-11369,12061,-2700,2700,0,1,0
10,107,1.109,19,2726420,31,5,-3,74024,0,0,0,0,0,20,1029,-11602,12311,0,0,0,1,0
10,107,1.159,20,2726471,31,5,-3,74024,0,0,0,0,0,20,1031,-11602,12311,0,0,0,1,0
10,107,1.303,22,2726615,31,5,-3,74024,0,0,0,0,0,20,1037,-11602,12311,0,0,0,1,0
10,107,1.376,23,2726687,31,5,-3,74024,0,0,0,0,0,20,1040,-11602,12311,0,0,0,1,0
10,107,1.519,25,2726831,31,5,-3,74024,0,0,0,0,0,20,1046,-11602,12311,0,0,0,1,0
10,107,1.591,26,2726903,31,5,-3,74024,0,0,0,0,0,20,1049,-11602,12311,0,0,0,1,0
10,107,1.664,27,2726975,31,5,-3,74024,0,0,0,0,0,20,1052,-11602,12311,0,0,0,1,0
10,107,1.735,28,2727047,31,5,-3,74024,0,0,0,0,0,20,1055,-11602,12311,0,0,0,1,0
10,107,1.88,30,2727191,31,5,-3,74024,0,0,0,0,0,20,1061,-11602,12311,0,0,0,1,0
10,107,2.023,32,2727335,31,5,-3,74024,0,0,0,0,0,20,1067,-11602,12311,0,0,0,1,0
10,107,2.096,33,2727407,31,5,-3,74024,0,0,0,0,0,20,1070,-11602,12311,0,0,0,1,0
10,107,2.239,35,2727551,31,5,-3,74024,0,0,0,0,0,20,1076,-11602,12311,0,0,0,1,0
10,107,2.311,36,2727623,31,5,-3,74024,0,0,0,0,0,20,1079,-11602,12311,0,0,0,1,0
10,107,2.384,37,2727695,31,5,-3,74024,0,0,0,0,0,20,1082,-11602,12311,0,0,0,1,0
10,107,2.455,38,2727767,31,5,-3,74024,0,0,0,0,0,20,1085,-11602,12311,0,0,0,1,0
10,107,2.527,39,2727839,31,5,-3,74024,0,0,0,0,0,20,1088,-11602,12311,0,0,0,1,0
10,107,2.599,40,2727911,31,5,-3,74024,0,0,0,0,0,20,1091,-11602,12311,0,0,0,1,0
10,107,2.659,41,2727961,31,5,-3,74024,0,0,0,0,0,20,1093,-11602,12311,0,0,0,1,0
10,107,2.7,42,2728011,31,5,-3,74024,0,0,0,0,0,20,1093,-11602,12311,0,0,0,1,0
10,107,2.756,43,2728067,31,5,-3,74024,0,0,0,0,0,20,1093,-11602,12311,0,0,0,1,0
10,107,2.812,44,2728123,31,5,-3,74024,0,0,0,0,0,20,1093,-11602,12311,0,0,0,1,0
10,107,2.979,47,2728291,31,5,-3,74024,0,0,0,0,0,20,1093,-11602,12311,0,0,0,1,0
10,107,3.035,48,2728347,31,5,-3,74024,0,0,0,0,0,20,1093,-11602,12311,0,0,0,1,0
10,107,3.091,49,2728403,31,5,-3,74024,0,0,0,0,0,20,1093,-11602,12311,0,0,0,1,0
10,107,3.147,50,2728459,31,5,-3,74024,0,0,0,0,0,20,1093,-11602,12311,0,0,0,1,0
10,107,3.203,51,2728515,31,5,-3,74024,0,0,0,0,0,20,1093,-11602,12311,0,0,0,1,0
10,107,3.259,52,2728571,31,5,-3,74024,0,0,0,0,0,20,1093,-11602,12311,0,0,0,1,0
10,107,3.325,53,2728627,31,5,-3,74024,0,0,0,0,0,20,1093,-11602,12311,0,0,0,1,0
10,107,3.367,54,2728679,31,5,-3,74024,0,0,0,0,0,20,1093,-11602,12311,0,0,0,1,0
10,107,3.424,55,2728735,31,5,-3,74024,0,0,0,0,0,20,1093,-11602,12311,0,0,0,1,0
10,107,3.48,56,2728791,31,5,-3,74024,0,0,0,0,0,20,1093,-11602,12311,0,0,0,1,0
10,107,3.647,59,2728959,31,5,-3,74024,0,0,0,0,0,20,1093,-11602,12311,0,0,0,1,0
10,107,3.703,60,2729015,31,5,-3,74024,0,0,0,0,0,20,1093,-11602,12311,0,0,0,1,0
10,107,3.759,61,2729071,31,5,-3,74024,0,0,0,0,0,20,1093,-11602,12311,0,0,0,1,0
10,107,3.815,62,2729127,31,5,-3,74024,0,0,0,0,0,20,1093,-11602,12311,0,0,0,1,0
10,107,3.871,63,2729183,31,5,-3,74024,0,0,0,0,0,20,1093,-11602,12311,0,0,0,1,0
10,107,3.929,64,2729239,31,5,-3,74024,0,0,0,0,0,20,1093,-11602,12311,0,0,0,1,0
10,107,3.984,65,2729295,31,5,-3,74024,0,0,0,0,0,20,1093,-11602,12311,0,0,0,1,0
10,107,4.04,66,2729351,31,5,-3,74024,0,0,0,0,0,20,1093,-11602,12311,0,0,0,1,0
10,107,4.095,67,2729407,31,5,-3,74024,0,0,0,0,0,20,1093,-11602,12311,0,0,0,1,0
10,107,4.151,68,2729463,31,5,-3,74024,0,0,0,0,0,20,1093,-11602,12311,0,0,0,1,0
10,107,4.207,69,2729519,31,5,-3,74024,0,0,0,0,0,20,1093,-11602,12311,0,0,0,1,0
10,107,4.263,70,2729575,31,5,-3,74024,0,0,0,0,0,20,1093,-11602,12311,0,0,0,1,0
10,107,4.32,71,2729631,31,5,-3,74024,0,0,0,0,0,20,1093,-11602,12311,0,0,0,1,0
10,107,4.384,72,2729687,31,5,-3,74024,0,0,0,0,0,20,1093,-11602,12311,0,0,0,1,0
10,107,4.428,73,2729739,31,5,-3,74024,0,0,0,0,0,20,1093,-11602,12311,0,0,0,1,0
10,107,4.539,75,2729851,31,5,-3,74024,0,0,0,0,0,20,1093,-11602,12311,0,0,0,1,0
10,107,4.651,77,2729963,31,5,-3,74024,0,0,0,0,0,20,1093,-11602,12311,0,0,0,1,0
10,107,4.707,78,2730019,31,5,-3,74024,0,0,0,0,0,20,1093,-11602,12311,0,0,0,1,0
10,107,4.875,81,2730187,31,5,-3,74024,0,0,0,0,0,20,1093,-11602,12311,0,0,0,1,0
10,107,4.932,82,2730243,31,5,-3,74024,0,0,0,0,0,20,1093,-11602,12311,0,0,0,1,0
10,107,4.988,83,2730299,31,5,-3,74024,0,0,0,0,0,20,1093,-11602,12311,0,0,0,1,0
10,107,5.048,84,2730355,31,5,-3,74024,0,0,0,0,0,20,1093,-11602,12311,0,0,0,1,0
10,107,5.107,85,2730411,31,5,-3,74024,0,0,0,0,0,20,1093,-11602,12311,0,0,0,1,0
10,107,5.155,86,2730467,31,5,-3,74024,0,0,0,0,0,20,1093,-11602,12311,0,0,0,1,0
10,107,5.212,87,2730523,31,5,-3,74024,0,0,0,0,0,20,1093,-11602,12311,0,0,0,1,0
10,107,5.267,88,2730579,31,5,-3,74024,0,0,0,0,0,20,1093,-11602,12311,0,0,0,1,0
10,107,5.323,89,2730635,31,5,-3,74024,0,0,0,0,0,20,1093,-11602,12311,0,0,0,1,0
10,107,5.379,90,2730691,31,5,-3,74024,0,0,0,0,0,20,1093,-11602,12311,0,0,0,1,0
10,107,5.487,92,2730799,31,5,-3,74024,0,0,0,0,0,20,1093,-11602,12311,0,0,0,1,0
10,107,5.544,93,2730855,31,5,-3,74024,0,0,0,0,0,20,1093,-11602,12311,0,0,0,1,0
10,107,5.599,94,2730911,31,5,-3,74024,0,0,0,0,0,20,1093,-11602,12311,0,0,0,1,0
10,107,5.656,95,2730967,31,5,-3,74024,0,0,0,0,0,20,1093,-11602,12311,0,0,0,1,0
10,107,5.711,96,2731023,31,5,-3,74024,0,0,0,0,0,20,1093,-11602,12311,0,0,0,1,0
10,107,5.766,97,2731079,31,5,-3,74024,0,0,0,0,0,20,1093,-11602,12311,0,0,0,1,0
10,107,5.823,98,2731135,31,5,-3,74024,0,0,0,0,0,20,1093,-11602,12311,0,0,0,1,0
10,107,5.879,99,2731191,31,5,-3,74024,0,0,0,0,0,20,1093,-11602,12311,0,0,0,1,0
10,107,5.935,100,2731247,31,5,-3,74024,0,0,0,0,0,20,1093,-11602,12311,0,0,0,1,0
10,107,6.103,103,2731415,31,5,-3,74024,0,0,0,0,0,20,1093,-11602,12311,0,0,0,1,0
10,107,6.216,105,2731527,31,5,-3,74024,0,0,0,0,0,20,1093,-11602,12311,0,0,0,1,0
10,107,6.328,107,2731639,31,5,-3,74024,0,0,0,0,0,20,1093,-11602,12311,0,0,0,1,0
10,107,6.384,108,2731695,31,5,-3,74024,0,0,0,0,0,20,1093,-11602,12311,0,0,0,1,0
10,107,6.439,109,2731751,31,5,-3,74024,0,0,0,0,0,20,1093,-11602,12311,0,0,0,1,0
10,107,6.505,110,2731807,31,5,-3,74024,0,0,0,0,0,20,1093,-11602,12311,0,0,0,1,0
10,107,6.549,111,2731859,31,5,-3,74024,0,0,0,0,0,20,1093,-11602,12311,0,0,0,1,0
10,107,6.603,112,2731915,31,5,-3,74024,0,0,0,0,0,20,1093,-11602,12311,0,0,0,1,0
10,107,6.659,113,2731971,31,5,-3,74024,0,0,0,0,0,20,1093,-11602,12311,0,0,0,1,0
10,107,6.716,114,2732027,31,5,-3,74024,0,0,0,0,0,20,1093,-11602,12311,0,0,0,1,0
10,107,6.772,115,2732083,31,5,-3,74024,0,0,0,0,0,20,1093,-11602,12311,0,0,0,1,0
10,107,6.831,116,2732139,31,5,-3,74024,0,0,0,0,0,20,1093,-11602,12311,0,0,0,1,0
10,107,6.885,117,2732195,31,5,-3,74024,0,0,0,0,0,20,1093,-11602,12311,0,0,0,1,0
10,107,6.941,118,2732251,31,5,-3,74024,0,0,0,0,0,20,1093,-11602,12311,0,0,0,1,0
10,107,6.998,119,2732307,31,5,-3,74024,0,0,0,0,0,20,1093,-11602,12311,0,0,0,1,0
10,107,7.052,120,2732363,31,5,-3,74024,0,0,0,0,0,20,1093,-11602,12311,0,0,0,1,0
10,107,7.108,121,2732419,31,5,-3,74024,0,0,0,0,0,20,1093,-11602,12311,0,0,0,1,0
10,107,7.164,122,2732475,31,5,-3,74024,0,0,0,0,0,20,1093,-11602,12311,0,0,0,1,0
10,107,7.332,125,2732643,31,5,-3,74024,0,0,0,0,0,20,1093,-11602,12311,0,0,0,1,0
10,107,7.388,126,2732699,31,5,-3,74024,0,0,0,0,0,20,1093,-11602,12311,0,0,0,1,0
10,107,7.444,127,2732755,31,5,-3,74024,0,0,0,0,0,20,1093,-11602,12311,0,0,0,1,0
10,107,7.5,0,2732811,31,5,-3,74024,0,0,0,0,0,20,1093,-11602,12311,0,0,0,1,0
10,107,7.564,1,2732867,31,5,-3,74024,0,0,0,0,0,20,1093,-11602,12311,0,0,0,1,0
10,107,7.607,2,2732919,31,5,-3,74024,0,0,0,0,0,20,1093,-11602,12311,0,0,0,1,0
10,107,7.664,3,2732975,31,5,-3,74024,0,0,0,0,0,20,1093,-11602,12311,0,0,0,1,0
10,107,7.718,4,2733031,31,5,-3,74024,0,0,0,0,0,20,1093,-11602,12311,0,0,0,1,0
10,107,7.775,5,2733087,31,5,-3,74024,0,0,0,0,0,20,1093,-11602,12311,0,0,0,1,0
10,107,7.832,6,2733143,31,5,-3,74024,0,0,0,0,0,20,1093,-11602,12311,0,0,0,1,0
10,107,7.943,8,2733255,31,5,-3,74024,0,0,0,0,0,20,1093,-11602,12311,0,0,0,1,0
10,107,8.0,9,2733311,31,5,-3,74024,0,0,0,0,0,20,1093,-11602,12311,0,0,0,1,0
10,107,8.055,10,2733367,31,5,-3,74024,0,0,0,0,0,20,1093,-11602,12311,0,0,0,1,0
10,107,8.11,11,2733423,31,5,-3,74024,0,0,0,0,0,20,1093,-11602,12311,0,0,0,1,0
10,107,8.167,12,2733479,31,5,-3,74024,0,0,0,0,0,20,1093,-11602,12311,0,0,0,1,0
10,107,8.223,13,2733535,31,5,-3,74024,0,0,0,0,0,20,1093,-11602,12311,0,0,0,1,0
10,107,8.279,14,2733591,31,5,-3,74024,0,0,0,0,0,20,1093,-11602,12311,0,0,0,1,0
10,107,8.335,15,2733647,31,5,-3,74024,0,0,0,0,0,20,1093,-11602,12311,0,0,0,1,0
10,107,8.39,16,2733703,31,5,-3,74024,0,0,0,0,0,20,1093,-11602,12311,0,0,0,1,0
10,107,8.446,17,2733759,31,5,-3,74024,0,0,0,0,0,20,1093,-11602,12311,0,0,0,1,0
10,107,8.502,18,2733815,31,5,-3,74024,0,0,0,0,0,20,1093,-11602,12311,0,0,0,1,0
10,107,8.56,19,2733871,31,5,-3,74024,0,0,0,0,0,20,1093,-11602,12311,0,0,0,1,0
10,107,8.623,20,2733927,31,5,-3,74024,0,0,0,0,0,20,1093,-11602,12311,0,0,0,1,0
10,107,8.667,21,2733979,31,5,-3,74024,0,0,0,0,0,20,1093,-11602,12311,0,0,0,1,0
10,107,8.725,22,2734035,31,5,-3,74024,0,0,0,0,0,20,1093,-11602,12311,0,0,0,1,0
10,107,8.779,23,2734091,31,5,-3,74024,0,0,0,0,0,20,1093,-11602,12311,0,0,0,1,0
10,107,8.835,24,2734147,31,5,-3,74024,0,0,0,0,0,20,1093,-11602,12311,0,0,0,1,0
10,107,8.891,25,2734203,31,5,-3,74024,0,0,0,0,0,20,1093,-11602,12311,0,0,0,1,0
10,107,8.947,26,2734259,31,5,-3,74024,0,0,0,0,0,20,1093,-11602,12311,0,0,0,1,0
10,107,9.002,27,2734315,31,5,-3,74024,0,0,0,0,0,20,1093,-11602,12311,0,0,0,1,0
10,107,9.059,28,2734371,31,5,-3,74024,0,0,0,0,0,20,1093,-11602,12311,0,0,0,1,0
10,107,9.172,30,2734483,31,5,-3,74024,0,0,0,0,0,20,1093,-11602,12311,0,0,0,1,0
10,107,9.228,31,2734539,31,5,-3,74024,0,0,0,0,0,20,1093,-11602,12311,0,0,0,1,0
10,107,9.284,32,2734595,31,5,-3,74024,0,0,0,0,0,20,1093,-11602,12311,0,0,0,1,0
10,107,9.339,33,2734651,31,5,-3,74024,0,0,0,0,0,20,1093,-11602,12311,0,0,0,1,0
10,107,9.397,34,2734707,31,5,-3,74024,0,0,0,0,0,20,1093,-11602,12311,0,0,0,1,0
10,107,9.451,35,2734763,31,5,-3,74024,0,0,0,0,0,20,1093,-11602,12311,0,0,0,1,0
10,107,9.507,36,2734819,31,5,-3,74024,0,0,0,0,0,20,1093,-11602,12311,0,0,0,1,0
10,107,9.565,37,2734875,31,5,-3,74024,0,0,0,0,0,20,1093,-11602,12311,0,0,0,1,0
10,107,9.619,38,2734931,31,5,-3,74024,0,0,0,0,0,20,1093,-11602,12311,0,0,0,1,0
10,107,9.73,40,2735039,31,5,-3,74024,0,0,0,0,0,20,1093,-11602,12311,0,0,0,1,0
10,107,9.784,41,2735095,31,5,-3,74024,0,0,0,0,0,20,1093,-11602,12311,0,0,0,1,0
10,107,9.896,43,2735207,31,5,-3,74024,0,0,0,0,0,20,1093,-11602,12311,0,0,0,1,0
10,107,9.95,44,2735263,31,5,-3,74024,0,0,0,0,0,20,1093,-11602,12311,0,0,0,1,0
10,107,10.007,45,2735319,31,5,-3,74024,0,0,0,0,0,20,1093,-11602,12311,0,0,0,1,0
10,107,10.063,46,2735375,31,5,-3,74024,0,0,0,0,0,20,1093,-11602,12311,0,0,0,1,0
10,107,10.128,47,2735431,31,5,-3,74024,0,0,0,0,0,20,1093,-11602,12311,0,0,0,1,0
10,107,10.233,49,2735543,31,5,-3,74024,0,0,0,0,0,20,1093,-11602,12311,0,0,0,1,0
10,107,10.287,50,2735599,31,5,-3,74024,0,0,0,0,0,20,1093,-11602,12311,0,0,0,1,0
10,107,10.399,52,2735711,31,5,-3,74024,0,0,0,0,0,20,1093,-11602,12311,0,0,0,1,0
10,107,10.459,53,2735767,31,5,-3,74024,0,0,0,0,0,20,1093,-11602,12311,0,0,0,1,0
10,107,10.511,54,2735823,31,5,-3,74024,0,0,0,0,0,20,1093,-11602,12311,0,0,0,1,0
10,107,10.567,55,2735879,31,5,-3,74024,0,0,0,0,0,20,1093,-11602,12311,0,0,0,1,0
10,107,10.624,56,2735935,31,5,-3,74024,0,0,0,0,0,20,1093,-11602,12311,0,0,0,1,0
11,-180,-0.001,110,2746087,31,5,-3,74024,0,0,0,0,0,20,1093,-11602,12311,0,0,0,1,0
11,-180,0.06,111,2746155,31,5,-3,74024,0,0,0,0,0,20,1094,-11602,12311,800,-800,0,1,0
11,-180,0.206,113,2746299,31,5,-3,73758,0,0,0,41,-41,21,1100,-11558,12269,1400,-1400,0,1,0
11,-180,0.277,114,2746371,31,5,-3,73429,0,0,0,73,-55,21,1103,-11502,12219,1900,-1900,0,1,0
11,-180,0.349,115,2746443,31,5,-3,72931,0,0,0,82,-99,21,1106,-11422,12138,2300,-2300,0,1,0
11,-180,0.408,116,2746493,31,5,-3,72457,0,0,0,96,-123,21,1108,-11344,12063,2500,-2500,0,1,0
11,-180,0.47,117,2746563,31,6,-3,71609,0,0,0,130,-138,21,1111,-11200,11933,3000,-3000,0,1,0
11,-180,0.541,118,2746635,31,6,-3,70594,0,0,0,169,-163,21,1114,-11036,11769,2900,-2900,0,1,0
11,-180,0.614,119,2746707,31,6,-3,69510,0,0,0,160,-178,21,1117,-10861,11594,2900,-2900,0,1,0
11,-180,0.687,120,2746779,31,6,-3,68408,0,0,0,169,-178,21,1120,-10683,11416,2900,-2800,0,1,0
11,-180,0.758,121,2746851,31,6,-3,67316,0,0,0,178,-178,21,1123,-10505,11241,2800,-2800,0,1,0
11,-180,0.829,122,2746923,31,6,-3,66260,0,0,0,161,-169,21,1126,-10333,11072,2800,-2700,0,1,0
11,-180,0.901,123,2746995,31,6,-4,65201,0,0,0,169,-164,21,1129,-10158,10905,2700,-2700,0,1,0
11,-180,0.973,124,2747067,31,6,-3,64177,0,0,0,155,-146,21,1132,-9994,10738,2700,-2700,0,1,0
11,-180,1.032,125,2747117,31,6,-3,63490,0,0,0,137,-155,21,1134,-9883,10627,2700,-2700,0,1,0
11,-180,1.094,126,2747187,31,6,-4,62450,0,0,0,172,-161,21,1137,-9713,10461,2700,-2700,0,1,0
11,-180,1.165,127,2747259,31,6,-4,61400,0,0,0,172,-163,21,1140,-9541,10294,2600,-2700,0,1,0
11,-180,1.237,0,2747331,31,6,-4,60394,0,0,0,163,-146,21,1143,-9377,10133,2600,-2600,0,1,0
11,-180,1.319,1,2747405,31,6,-4,59379,0,0,0,146,-155,21,1146,-9216,9966,2500,-2600,0,1,0
11,-180,1.382,2,2747475,31,6,-3,58391,0,0,0,138,-168,21,1149,-9061,9802,2400,-2600,0,1,0
11,-180,1.453,3,2747547,31,7,-3,57444,0,0,0,137,-164,21,1152,-8916,9641,2400,-2600,0,1,0
11,-180,1.525,4,2747619,31,7,-3,56509,0,0,0,129,-155,21,1155,-8775,9480,1200,-1300,0,1,0
11,-180,1.646,5,2747742,31,8,-3,55803,0,0,0,0,0,22,1162,-8669,9358,0,0,0,1,0
11,-180,1.705,6,2747799,31,8,-3,55803,0,0,0,0,0,22,1162,-8669,9358,0,0,0,1,0
11,-180,1.759,7,2747855,31,8,-3,55803,0,0,0,0,0,22,1162,-8669,9358,0,0,0,1,0
11,-180,1.816,8,2747911,31,8,-3,55803,0,0,0,0,0,22,1162,-8669,9358,0,0,0,1,0
11,-180,1.871,9,2747967,31,8,-3,55803,0,0,0,0,0,22,1162,-8669,9358,0,0,0,1,0
11,-180,1.927,10,2748023,31,8,-3,55803,0,0,0,0,0,22,1162,-8669,9358,0,0,0,1,0
11,-180,1.992,11,2748079,31,8,-3,55803,0,0,0,0,0,22,1162,-8669,9358,0,0,0,1,0
11,-180,2.035,12,2748131,31,8,-3,55803,0,0,0,0,0,22,1162,-8669,9358,0,0,0,1,0
11,-180,2.091,13,2748187,31,8,-3,55803,0,0,0,0,0,22,1162,-8669,9358,0,0,0,1,0
11,-180,2.148,14,2748243,31,8,-3,55803,0,0,0,0,0,22,1162,-8669,9358,0,0,0,1,0
11,-180,2.205,15,2748299,31,8,-3,55803,0,0,0,0,0,22,1162,-8669,9358,0,0,0,1,0
11,-180,2.316,17,2748411,31,8,-3,55803,0,0,0,0,0,22,1162,-8669,9358,0,0,0,1,0
11,-180,2.371,18,2748467,31,8,-3,55803,0,0,0,0,0,22,1162,-8669,9358,0,0,0,1,0
11,-180,2.429,19,2748523,31,8,-3,55803,0,0,0,0,0,22,1162,-8669,9358,0,0,0,1,0
11,-180,2.484,20,2748579,31,8,-3,55803,0,0,0,0,0,22,1162,-8669,9358,0,0,0,1,0
11,-180,2.539,21,2748635,31,8,-3,55803,0,0,0,0,0,22,1162,-8669,9358,0,0,0,1,0
11,-180,2.595,22,2748691,31,8,-3,55803,0,0,0,0,0,22,1162,-8669,9358,0,0,0,1,0
11,-180,2.652,23,2748747,31,8,-3,55803,0,0,0,0,0,22,1162,-8669,9358,0,0,0,1,0
11,-180,2.708,24,2748803,31,8,-3,55803,0,0,0,0,0,22,1162,-8669,9358,0,0,0,1,0
11,-180,2.764,25,2748859,31,8,-3,55803,0,0,0,0,0,22,1162,-8669,9358,0,0,0,1,0
11,-180,2.82,26,2748915,31,8,-3,55803,0,0,0,0,0,22,1162,-8669,9358,0,0,0,1,0
11,-180,2.932,28,2749027,31,8,-3,55803,0,0,0,0,0,22,1162,-8669,9358,0,0,0,1,0
11,-180,3.053,30,2749139,31,8,-3,55803,0,0,0,0,0,22,1162,-8669,9358,0,0,0,1,0
11,-180,3.095,31,2749191,31,8,-3,55803,0,0,0,0,0,22,1162,-8669,9358,0,0,0,1,0
11,-180,3.153,32,2749247,31,8,-3,55803,0,0,0,0,0,22,1162,-8669,9358,0,0,0,1,0
11,-180,3.208,33,2749303,31,8,-3,55803,0,0,0,0,0,22,1162,-8669,9358,0,0,0,1,0
11,-180,3.264,34,2749359,31,8,-3,55803,0,0,0,0,0,22,1162,-8669,9358,0,0,0,1,0
11,-180,3.32,35,2749415,31,8,-3,55803,0,0,0,0,0,22,1162,-8669,9358,0,0,0,1,0
11,-180,3.376,36,2749471,31,8,-3,55803,0,0,0,0,0,22,1162,-8669,9358,0,0,0,1,0
11,-180,3.433,37,2749527,31,8,-3,55803,0,0,0,0,0,22,1162,-8669,9358,0,0,0,1,0
11,-180,3.544,39,2749639,31,8,-3,55803,0,0,0,0,0,22,1162,-8669,9358,0,0,0,1,0
11,-180,3.657,41,2749751,31,8,-3,55803,0,0,0,0,0,22,1162,-8669,9358,0,0,0,1,0
11,-180,3.712,42,2749807,31,8,-3,55803,0,0,0,0,0,22,1162,-8669,9358,0,0,0,1,0
11,-180,3.768,43,2749863,31,8,-3,55803,0,0,0,0,0,22,1162,-8669,9358,0,0,0,1,0
11,-180,3.823,44,2749919,31,8,-3,55803,0,0,0,0,0,22,1162,-8669,9358,0,0,0,1,0
11,-180,3.884,45,2749976,31,8,-3,55803,0,0,0,0,0,22,1162,-8669,9358,0,0,0,1,0
11,-180,3.936,46,2750031,31,8,-3,55803,0,0,0,0,0,22,1162,-8669,9358,0,0,0,1,0
11,-180,3.992,47,2750087,31,8,-3,55803,0,0,0,0,0,22,1162,-8669,9358,0,0,0,1,0
11,-180,4.048,48,2750143,31,8,-3,55803,0,0,0,0,0,22,1162,-8669,9358,0,0,0,1,0
11,-180,4.112,49,2750199,31,8,-3,55803,0,0,0,0,0,22,1162,-8669,9358,0,0,0,1,0
11,-180,4.158,50,2750251,31,8,-3,55803,0,0,0,0,0,22,1162,-8669,9358,0,0,0,1,0
11,-180,4.268,52,2750363,31,8,-3,55803,0,0,0,0,0,22,1162,-8669,9358,0,0,0,1,0
11,-180,4.323,53,2750419,31,8,-3,55803,0,0,0,0,0,22,1162,-8669,9358,0,0,0,1,0
11,-180,4.379,54,2750475,31,8,-3,55803,0,0,0,0,0,22,1162,-8669,9358,0,0,0,1,0
11,-180,4.435,55,2750531,31,8,-3,55803,0,0,0,0,0,22,1162,-8669,9358,0,0,0,1,0
11,-180,4.491,56,2750587,31,8,-3,55803,0,0,0,0,0,22,1162,-8669,9358,0,0,0,1,0
11,-180,4.548,57,2750643,31,8,-3,55803,0,0,0,0,0,22,1162,-8669,9358,0,0,0,1,0
11,-180,4.604,58,2750699,31,8,-3,55803,0,0,0,0,0,22,1162,-8669,9358,0,0,0,1,0
11,-180,4.773,61,2750867,31,8,-3,55803,0,0,0,0,0,22,1162,-8669,9358,0,0,0,1,0
11,-180,4.828,62,2750923,31,8,-3,55803,0,0,0,0,0,22,1162,-8669,9358,0,0,0,1,0
11,-180,4.884,63,2750979,31,8,-3,55803,0,0,0,0,0,22,1162,-8669,9358,0,0,0,1,0
11,-180,4.939,64,2751035,31,8,-3,55803,0,0,0,0,0,22,1162,-8669,9358,0,0,0,1,0
11,-180,4.997,65,2751091,31,8,-3,55803,0,0,0,0,0,22,1162,-8669,9358,0,0,0,1,0
11,-180,5.052,66,2751147,31,8,-3,55803,0,0,0,0,0,22,1162,-8669,9358,0,0,0,1,0
11,-180,5.108,67,2751203,31,8,-3,55803,0,0,0,0,0,22,1162,-8669,9358,0,0,0,1,0
11,-180,5.172,68,2751259,31,8,-3,55803,0,0,0,0,0,22,1162,-8669,9358,0,0,0,1,0
11,-180,5.216,69,2751311,31,8,-3,55803,0,0,0,0,0,22,1162,-8669,9358,0,0,0,1,0
11,-180,5.272,70,2751367,31,8,-3,55803,0,0,0,0,0,22,1162,-8669,9358,0,0,0,1,0
11,-180,5.328,71,2751423,31,8,-3,55803,0,0,0,0,0,22,1162,-8669,9358,0,0,0,1,0
11,-180,5.384,72,2751479,31,8,-3,55803,0,0,0,0,0,22,1162,-8669,9358,0,0,0,1,0
11,-180,5.44,73,2751535,31,8,-3,55803,0,0,0,0,0,22,1162,-8669,9358,0,0,0,1,0
11,-180,5.496,74,2751591,31,8,-3,55803,0,0,0,0,0,22,1162,-8669,9358,0,0,0,1,0
11,-180,5.609,76,2751703,31,8,-3,55803,0,0,0,0,0,22,1162,-8669,9358,0,0,0,1,0
11,-180,5.665,77,2751759,31,8,-3,55803,0,0,0,0,0,22,1162,-8669,9358,0,0,0,1,0
11,-180,5.72,78,2751815,31,8,-3,55803,0,0,0,0,0,22,1162,-8669,9358,0,0,0,1,0
11,-180,5.776,79,2751871,31,8,-3,55803,0,0,0,0,0,22,1162,-8669,9358,0,0,0,1,0
11,-180,5.832,80,2751927,31,8,-3,55803,0,0,0,0,0,22,1162,-8669,9358,0,0,0,1,0
11,-180,5.888,81,2751983,31,8,-3,55803,0,0,0,0,0,22,1162,-8669,9358,0,0,0,1,0
11,-180,6.0,83,2752095,31,8,-3,55803,0,0,0,0,0,22,1162,-8669,9358,0,0,0,1,0
11,-180,6.056,84,2752151,31,8,-3,55803,0,0,0,0,0,22,1162,-8669,9358,0,0,0,1,0
11,-180,6.113,85,2752207,31,8,-3,55803,0,0,0,0,0,22,1162,-8669,9358,0,0,0,1,0
11,-180,6.169,86,2752263,31,8,-3,55803,0,0,0,0,0,22,1162,-8669,9358,0,0,0,1,0
11,-180,6.232,87,2752319,31,8,-3,55803,0,0,0,0,0,22,1162,-8669,9358,0,0,0,1,0
11,-180,6.277,88,2752371,31,8,-3,55803,0,0,0,0,0,22,1162,-8669,9358,0,0,0,1,0
11,-180,6.333,89,2752427,31,8,-3,55803,0,0,0,0,0,22,1162,-8669,9358,0,0,0,1,0
11,-180,6.388,90,2752483,31,8,-3,55803,0,0,0,0,0,22,1162,-8669,9358,0,0,0,1,0
11,-180,6.444,91,2752539,31,8,-3,55803,0,0,0,0,0,22,1162,-8669,9358,0,0,0,1,0
11,-180,6.499,92,2752595,31,8,-3,55803,0,0,0,0,0,22,1162,-8669,9358,0,0,0,1,0
11,-180,6.556,93,2752651,31,8,-3,55803,0,0,0,0,0,22,1162,-8669,9358,0,0,0,1,0
11,-180,6.668,95,2752763,31,8,-3,55803,0,0,0,0,0,22,1162,-8669,9358,0,0,0,1,0
11,-180,6.723,96,2752819,31,8,-3,55803,0,0,0,0,0,22,1162,-8669,9358,0,0,0,1,0
11,-180,6.836,98,2752931,31,8,-3,55803,0,0,0,0,0,22,1162,-8669,9358,0,0,0,1,0
11,-180,6.891,99,2752987,31,8,-3,55803,0,0,0,0,0,22,1162,-8669,9358,0,0,0,1,0
11,-180,6.949,100,2753043,31,8,-3,55803,0,0,0,0,0,22,1162,-8669,9358,0,0,0,1,0
11,-180,7.004,101,2753099,31,8,-3,55803,0,0,0,0,0,22,1162,-8669,9358,0,0,0,1,0
11,-180,7.06,102,2753155,31,8,-3,55803,0,0,0,0,0,22,1162,-8669,9358,0,0,0,1,0
11,-180,7.117,103,2753211,31,8,-3,55803,0,0,0,0,0,22,1162,-8669,9358,0,0,0,1,0
11,-180,7.229,105,2753323,31,8,-3,55803,0,0,0,0,0,22,1162,-8669,9358,0,0,0,1,0
11,-180,7.336,107,2753431,31,8,-3,55803,0,0,0,0,0,22,1162,-8669,9358,0,0,0,1,0
11,-180,7.392,108,2753487,31,8,-3,55803,0,0,0,0,0,22,1162,-8669,9358,0,0,0,1,0
11,-180,7.448,109,2753543,31,8,-3,55803,0,0,0,0,0,22,1162,-8669,9358,0,0,0,1,0
11,-180,7.504,110,2753599,31,8,-3,55803,0,0,0,0,0,22,1162,-8669,9358,0,0,0,1,0
11,-180,7.584,111,2753655,31,8,-3,55803,0,0,0,0,0,22,1162,-8669,9358,0,0,0,1,0
11,-180,7.616,112,2753711,31,8,-3,55803,0,0,0,0,0,22,1162,-8669,9358,0,0,0,1,0
11,-180,7.672,113,2753767,31,8,-3,55803,0,0,0,0,0,22,1162,-8669,9358,0,0,0,1,0
11,-180,7.731,114,2753823,31,8,-3,55803,0,0,0,0,0,22,1162,-8669,9358,0,0,0,1,0
11,-180,7.786,115,2753879,31,8,-3,55803,0,0,0,0,0,22,1162,-8669,9358,0,0,0,1,0
11,-180,7.952,118,2754047,31,8,-3,55803,0,0,0,0,0,22,1162,-8669,9358,0,0,0,1,0
11,-180,8.009,119,2754103,31,8,-3,55803,0,0,0,0,0,22,1162,-8669,9358,0,0,0,1,0
11,-180,8.067,120,2754159,31,8,-3,55803,0,0,0,0,0,22,1162,-8669,9358,0,0,0,1,0
11,-180,8.122,121,2754215,31,8,-3,55803,0,0,0,0,0,22,1162,-8669,9358,0,0,0,1,0
11,-180,8.177,122,2754271,31,8,-3,55803,0,0,0,0,0,22,1162,-8669,9358,0,0,0,1,0
11,-180,8.233,123,2754327,31,8,-3,55803,0,0,0,0,0,22,1162,-8669,9358,0,0,0,1,0
11,-180,8.288,124,2754383,31,8,-3,55803,0,0,0,0,0,22,1162,-8669,9358,0,0,0,1,0
11,-180,8.352,125,2754439,31,8,-3,55803,0,0,0,0,0,22,1162,-8669,9358,0,0,0,1,0
11,-180,8.396,126,2754491,31,8,-3,55803,0,0,0,0,0,22,1162,-8669,9358,0,0,0,1,0
11,-180,8.507,0,2754603,31,8,-3,55803,0,0,0,0,0,22,1162,-8669,9358,0,0,0,1,0
11,-180,8.564,1,2754659,31,8,-3,55803,0,0,0,0,0,22,1162,-8669,9358,0,0,0,1,0
11,-180,8.619,2,2754715,31,8,-3,55803,0,0,0,0,0,22,1162,-8669,9358,0,0,0,1,0
11,-180,8.675,3,2754771,31,8,-3,55803,0,0,0,0,0,22,1162,-8669,9358,0,0,0,1,0
11,-180,8.732,4,2754827,31,8,-3,55803,0,0,0,0,0,22,1162,-8669,9358,0,0,0,1,0
11,-180,8.788,5,2754883,31,8,-3,55803,0,0,0,0,0,22,1162,-8669,9358,0,0,0,1,0
11,-180,8.843,6,2754939,31,8,-3,55803,0,0,0,0,0,22,1162,-8669,9358,0,0,0,1,0
11,-180,8.9,7,2754995,31,8,-3,55803,0,0,0,0,0,22,1162,-8669,9358,0,0,0,1,0
11,-180,8.956,8,2755051,31,8,-3,55803,0,0,0,0,0,22,1162,-8669,9358,0,0,0,1,0
11,-180,9.011,9,2755107,31,8,-3,55803,0,0,0,0,0,22,1162,-8669,9358,0,0,0,1,0
11,-180,9.125,11,2755219,31,8,-3,55803,0,0,0,0,0,22,1162,-8669,9358,0,0,0,1,0
11,-180,9.18,12,2755275,31,8,-3,55803,0,0,0,0,0,22,1162,-8669,9358,0,0,0,1,0
11,-180,9.236,13,2755331,31,8,-3,55803,0,0,0,0,0,22,1162,-8669,9358,0,0,0,1,0
11,-180,9.292,14,2755387,31,8,-3,55803,0,0,0,0,0,22,1162,-8669,9358,0,0,0,1,0
11,-180,9.347,15,2755443,31,8,-3,55803,0,0,0,0,0,22,1162,-8669,9358,0,0,0,1,0
11,-180,9.412,16,2755499,31,8,-3,55803,0,0,0,0,0,22,1162,-8669,9358,0,0,0,1,0
11,-180,9.456,17,2755551,31,8,-3,55803,0,0,0,0,0,22,1162,-8669,9358,0,0,0,1,0
11,-180,9.512,18,2755607,31,8,-3,55803,0,0,0,0,0,22,1162,-8669,9358,0,0,0,1,0
11,-180,9.568,19,2755663,31,8,-3,55803,0,0,0,0,0,22,1162,-8669,9358,0,0,0,1,0
11,-180,9.624,20,2755719,31,8,-3,55803,0,0,0,0,0,22,1162,-8669,9358,0,0,0,1,0
11,-180,9.681,21,2755775,31,8,-3,55803,0,0,0,0,0,22,1162,-8669,9358,0,0,0,1,0
11,-180,9.793,23,2755887,31,8,-3,55803,0,0,0,0,0,22,1162,-8669,9358,0,0,0,1,0
11,-180,9.849,24,2755943,31,8,-3,55803,0,0,0,0,0,22,1162,-8669,9358,0,0,0,1,0
11,-180,9.905,25,2755999,31,8,-3,55803,0,0,0,0,0,22,1162,-8669,9358,0,0,0,1,0
11,-180,9.96,26,2756055,31,8,-3,55803,0,0,0,0,0,22,1162,-8669,9358,0,0,0,1,0
11,-180,10.016,27,2756111,31,8,-3,55803,0,0,0,0,0,22,1162,-8669,9358,0,0,0,1,0
11,-180,10.072,28,2756167,31,8,-3,55803,0,0,0,0,0,22,1162,-8669,9358,0,0,0,1,0
11,-180,10.128,29,2756223,31,8,-3,55803,0,0,0,0,0,22,1162,-8669,9358,0,0,0,1,0
11,-180,10.184,30,2756279,31,8,-3,55803,0,0,0,0,0,22,1162,-8669,9358,0,0,0,1,0
11,-180,10.24,31,2756335,31,8,-3,55803,0,0,0,0,0,22,1162,-8669,9358,0,0,0,1,0
11,-180,10.352,33,2756447,31,8,-3,55803,0,0,0,0,0,22,1162,-8669,9358,0,0,0,1,0
11,-180,10.408,34,2756503,31,8,-3,55803,0,0,0,0,0,22,1162,-8669,9358,0,0,0,1,0
11,-180,10.472,35,2756559,31,8,-3,55803,0,0,0,0,0,22,1162,-8669,9358,0,0,0,1,0
11,-180,10.515,36,2756611,31,8,-3,55803,0,0,0,0,0,22,1162,-8669,9358,0,0,0,1,0
11,-180,10.572,37,2756667,31,8,-3,55803,0,0,0,0,0,22,1162,-8669,9358,0,0,0,1,0
11,-180,10.627,38,2756723,31,8,-3,55803,0,0,0,0,0,22,1162,-8669,9358,0,0,0,1,0
11,-180,10.683,39,2756779,31,8,-3,55803,0,0,0,0,0,22,1162,-8669,9358,0,0,0,1,0
11,-180,10.74,40,2756835,31,8,-3,55803,0,0,0,0,0,22,1162,-8669,9358,0,0,0,1,0
11,-180,10.796,41,2756891,31,8,-3,55803,0,0,0,0,0,22,1162,-8669,9358,0,0,0,1,0
11,-180,10.852,42,2756947,31,8,-3,55803,0,0,0,0,0,22,1162,-8669,9358,0,0,0,1,0
11,-180,10.907,43,2757003,31,8,-3,55803,0,0,0,0,0,22,1162,-8669,9358,0,0,0,1,0
11,-180,11.02,45,2757115,31,8,-3,55803,0,0,0,0,0,22,1162,-8669,9358,0,0,0,1,0
11,-180,11.077,46,2757171,31,8,-3,55803,0,0,0,0,0,22,1162,-8669,9358,0,0,0,1,0
11,-180,11.133,47,2757227,31,8,-3,55803,0,0,0,0,0,22,1162,-8669,9358,0,0,0,1,0
11,-180,11.187,48,2757283,31,8,-3,55803,0,0,0,0,0,22,1162,-8669,9358,0,0,0,1,0
11,-180,11.244,49,2757339,31,8,-3,55803,0,0,0,0,0,22,1162,-8669,9358,0,0,0,1,0
11,-180,11.3,50,2757395,31,8,-3,55803,0,0,0,0,0,22,1162,-8669,9358,0,0,0,1,0
11,-180,11.356,51,2757451,31,8,-3,55803,0,0,0,0,0,22,1162,-8669,9358,0,0,0,1,0
11,-180,11.412,52,2757507,31,8,-3,55803,0,0,0,0,0,22,1162,-8669,9358,0,0,0,1,0
11,-180,11.468,53,2757563,31,8,-3,55803,0,0,0,0,0,22,1162,-8669,9358,0,0,0,1,0
11,-180,11.688,57,2757783,31,8,-3,55803,0,0,0,0,0,22,1162,-8669,9358,0,0,0,1,0
11,-180,11.744,58,2757839,31,8,-3,55803,0,0,0,0,0,22,1162,-8669,9358,0,0,0,1,0
11,-180,11.801,59,2757895,31,8,-3,55803,0,0,0,0,0,22,1162,-8669,9358,0,0,0,1,0
11,-180,11.857,60,2757951,31,8,-3,55803,0,0,0,0,0,22,1162,-8669,9358,0,0,0,1,0
11,-180,11.911,61,2758007,31,8,-3,55803,0,0,0,0,0,22,1162,-8669,9358,0,0,0,1,0
11,-180,11.968,62,2758063,31,8,-3,55803,0,0,0,0,0,22,1162,-8669,9358,0,0,0,1,0
11,-180,12.024,63,2758119,31,8,-3,55803,0,0,0,0,0,22,1162,-8669,9358,0,0,0,1,0
11,-180,12.08,64,2758175,31,8,-3,55803,0,0,0,0,0,22,1162,-8669,9358,0,0,0,1,0
11,-180,12.136,65,2758231,31,8,-3,55803,0,0,0,0,0,22,1162,-8669,9358,0,0,0,1,0
11,-180,12.247,67,2758343,31,8,-3,55803,0,0,0,0,0,22,1162,-8669,9358,0,0,0,1,0
11,-180,12.303,68,2758399,31,8,-3,55803,0,0,0,0,0,22,1162,-8669,9358,0,0,0,1,0
11,-180,12.36,69,2758455,31,8,-3,55803,0,0,0,0,0,22,1162,-8669,9358,0,0,0,1,0
11,-180,12.416,70,2758511,31,8,-3,55803,0,0,0,0,0,22,1162,-8669,9358,0,0,0,1,0
11,-180,12.471,71,2758567,31,8,-3,55803,0,0,0,0,0,22,1162,-8669,9358,0,0,0,1,0
11,-180,12.529,72,2758623,31,8,-3,55803,0,0,0,0,0,22,1162,-8669,9358,0,0,0,1,0
11,-180,12.593,73,2758679,31,8,-3,55803,0,0,0,0,0,22,1162,-8669,9358,0,0,0,1,0
11,-180,12.637,74,2758731,31,8,-3,55803,0,0,0,0,0,22,1162,-8669,9358,0,0,0,1,0
11,-180,12.693,75,2758787,31,8,-3,55803,0,0,0,0,0,22,1162,-8669,9358,0,0,0,1,0
11,-180,12.749,76,2758843,31,8,-3,55803,0,0,0,0,0,22,1162,-8669,9358,0,0,0,1,0
11,-180,12.804,77,2758899,31,8,-3,55803,0,0,0,0,0,22,1162,-8669,9358,0,0,0,1,0
11,-180,12.86,78,2758955,31,8,-3,55803,0,0,0,0,0,22,1162,-8669,9358,0,0,0,1,0
11,-180,13.031,81,2759123,31,8,-3,55803,0,0,0,0,0,22,1162,-8669,9358,0,0,0,1,0
11,-180,13.084,82,2759179,31,8,-3,55803,0,0,0,0,0,22,1162,-8669,9358,0,0,0,1,0
11,-180,13.139,83,2759235,31,8,-3,55803,0,0,0,0,0,22,1162,-8669,9358,0,0,0,1,0
11,-180,13.196,84,2759291,31,8,-3,55803,0,0,0,0,0,22,1162,-8669,9358,0,0,0,1,0
11,-180,13.259,85,2759347,31,8,-3,55803,0,0,0,0,0,22,1162,-8669,9358,0,0,0,1,0
11,-180,13.308,86,2759403,31,8,-3,55803,0,0,0,0,0,22,1162,-8669,9358,0,0,0,1,0
11,-180,13.371,87,2759459,31,8,-3,55803,0,0,0,0,0,22,1162,-8669,9358,0,0,0,1,0
11,-180,13.519,89,2759571,31,8,-3,55803,0,0,0,0,0,22,1162,-8669,9358,0,0,0,1,0
11,-180,13.595,91,2759683,31,8,-3,55803,0,0,0,0,0,22,1162,-8669,9358,0,0,0,1,0
11,-180,13.696,93,2759791,31,8,-3,55803,0,0,0,0,0,22,1162,-8669,9358,0,0,0,1,0
11,-180,13.754,94,2759847,31,8,-3,55803,0,0,0,0,0,22,1162,-8669,9358,0,0,0,1,0
11,-180,13.811,95,2759903,31,8,-3,55803,0,0,0,0,0,22,1162,-8669,9358,0,0,0,1,0
11,-180,13.867,96,2759959,31,8,-3,55803,0,0,0,0,0,22,1162,-8669,9358,0,0,0,1,0
11,-180,13.919,97,2760015,31,8,-3,55803,0,0,0,0,0,22,1162,-8669,9358,0,0,0,1,0
11,-180,13.976,98,2760071,31,8,-3,55803,0,0,0,0,0,22,1162,-8669,9358,0,0,0,1,0
11,-180,14.033,99,2760127,31,8,-3,55803,0,0,0,0,0,22,1162,-8669,9358,0,0,0,1,0
11,-180,14.088,100,2760183,31,8,-3,55803,0,0,0,0,0,22,1162,-8669,9358,0,0,0,1,0
11,-180,14.146,101,2760239,31,8,-3,55803,0,0,0,0,0,22,1162,-8669,9358,0,0,0,1,0
11,-180,14.201,102,2760295,31,8,-3,55803,0,0,0,0,0,22,1162,-8669,9358,0,0,0,1,0
11,-180,14.256,103,2760351,31,8,-3,55803,0,0,0,0,0,22,1162,-8669,9358,0,0,0,1,0
11,-180,14.312,104,2760407,31,8,-3,55803,0,0,0,0,0,22,1162,-8669,9358,0,0,0,1,0
11,-180,14.371,105,2760463,31,8,-3,55803,0,0,0,0,0,22,1162,-8669,9358,0,0,0,1,0
11,-180,14.424,106,2760519,31,8,-3,55803,0,0,0,0,0,22,1162,-8669,9358,0,0,0,1,0
11,-180,14.48,107,2760575,31,8,-3,55803,0,0,0,0,0,22,1162,-8669,9358,0,0,0,1,0
11,-180,14.537,108,2760631,31,8,-3,55803,0,0,0,0,0,22,1162,-8669,9358,0,0,0,1,0
11,-180,14.593,109,2760687,31,8,-3,55803,0,0,0,0,0,22,1162,-8669,9358,0,0,0,1,0
11,-180,14.712,111,2760799,31,8,-3,55803,0,0,0,0,0,22,1162,-8669,9358,0,0,0,1,0
11,-180,14.756,112,2760851,31,8,-3,55803,0,0,0,0,0,22,1162,-8669,9358,0,0,0,1,0
11,-180,14.812,113,2760907,31,8,-3,55803,0,0,0,0,0,22,1162,-8669,9358,0,0,0,1,0
11,-180,14.867,114,2760963,31,8,-3,55803,0,0,0,0,0,22,1162,-8669,9358,0,0,0,1,0
11,-180,14.924,115,2761019,31,8,-3,55803,0,0,0,0,0,22,1162,-8669,9358,0,0,0,1,0
11,-180,14.993,116,2761075,31,8,-3,55803,0,0,0,0,0,22,1162,-8669,9358,0,0,0,1,0
11,-180,15.051,117,2761131,31,8,-3,55803,0,0,0,0,0,22,1162,-8669,9358,0,0,0,1,0
11,-180,15.112,118,2761187,31,8,-3,55803,0,0,0,0,0,22,1162,-8669,9358,0,0,0,1,0
11,-180,15.148,119,2761243,31,8,-3,55803,0,0,0,0,0,22,1162,-8669,9358,0,0,0,1,0
11,-180,15.205,120,2761299,31,8,-3,55803,0,0,0,0,0,22,1162,-8669,9358,0,0,0,1,0
11,-180,15.261,121,2761355,31,8,-3,55803,0,0,0,0,0,22,1162,-8669,9358,0,0,0,1,0
11,-180,15.371,123,2761467,31,8,-3,55803,0,0,0,0,0,22,1162,-8669,9358,0,0,0,1,0
11,-180,15.431,124,2761523,31,8,-3,55803,0,0,0,0,0,22,1162,-8669,9358,0,0,0,1,0
11,-180,15.487,125,2761579,31,8,-3,55803,0,0,0,0,0,22,1162,-8669,9358,0,0,0,1,0
11,-180,15.543,126,2761635,31,8,-3,55803,0,0,0,0,0,22,1162,-8669,9358,0,0,0,1,0
11,-180,15.596,127,2761691,31,8,-3,55803,0,0,0,0,0,22,1162,-8669,9358,0,0,0,1,0
11,-180,15.654,0,2761747,31,8,-3,55803,0,0,0,0,0,22,1162,-8669,9358,0,0,0,1,0
11,-180,15.709,1,2761803,31,8,-3,55803,0,0,0,0,0,22,1162,-8669,9358,0,0,0,1,0
11,-180,15.772,2,2761859,31,8,-3,55803,0,0,0,0,0,22,1162,-8669,9358,0,0,0,1,0
11,-180,15.816,3,2761911,31,8,-3,55803,0,0,0,0,0,22,1162,-8669,9358,0,0,0,1,0
11,-180,15.872,4,2761967,31,8,-3,55803,0,0,0,0,0,22,1162,-8669,9358,0,0,0,1,0
11,-180,15.985,6,2762079,31,8,-3,55803,0,0,0,0,0,22,1162,-8669,9358,0,0,0,1,0
11,-180,16.042,7,2762135,31,8,-3,55803,0,0,0,0,0,22,1162,-8669,9358,0,0,0,1,0
11,-180,16.096,8,2762191,31,8,-3,55803,0,0,0,0,0,22,1162,-8669,9358,0,0,0,1,0
11,-180,16.153,9,2762247,31,8,-3,55803,0,0,0,0,0,22,1162,-8669,9358,0,0,0,1,0
11,-180,16.209,10,2762303,31,8,-3,55803,0,0,0,0,0,22,1162,-8669,9358,0,0,0,1,0
11,-180,16.264,11,2762359,31,8,-3,55803,0,0,0,0,0,22,1162,-8669,9358,0,0,0,1,0
11,-180,16.322,12,2762415,31,8,-3,55803,0,0,0,0,0,22,1162,-8669,9358,0,0,0,1,0
11,-180,16.379,13,2762471,31,8,-3,55803,0,0,0,0,0,22,1162,-8669,9358,0,0,0,1,0
11,-180,16.432,14,2762527,31,8,-3,55803,0,0,0,0,0,22,1162,-8669,9358,0,0,0,1,0
11,-180,16.502,15,2762583,31,8,-3,55803,0,0,0,0,0,22,1162,-8669,9358,0,0,0,1,0
11,-180,16.602,17,2762695,31,8,-3,55803,0,0,0,0,0,22,1162,-8669,9358,0,0,0,1,0
11,-180,16.656,18,2762751,31,8,-3,55803,0,0,0,0,0,22,1162,-8669,9358,0,0,0,1,0
11,-180,16.717,19,2762807,31,8,-3,55803,0,0,0,0,0,22,1162,-8669,9358,0,0,0,1,0
11,-180,16.774,20,2762863,31,8,-3,55803,0,0,0,0,0,22,1162,-8669,9358,0,0,0,1,0
11,-180,16.831,21,2762919,31,8,-3,55803,0,0,0,0,0,22,1162,-8669,9358,0,0,0,1,0
11,-180,16.877,22,2762971,31,8,-3,55803,0,0,0,0,0,22,1162,-8669,9358,0,0,0,1,0
11,-180,16.932,23,2763027,31,8,-3,55803,0,0,0,0,0,22,1162,-8669,9358,0,0,0,1,0
11,-180,16.989,24,2763083,31,8,-3,55803,0,0,0,0,0,22,1162,-8669,9358,0,0,0,1,0
11,-180,17.043,25,2763139,31,8,-3,55803,0,0,0,0,0,22,1162,-8669,9358,0,0,0,1,0
11,-180,17.101,26,2763195,31,8,-3,55803,0,0,0,0,0,22,1162,-8669,9358,0,0,0,1,0
11,-180,17.158,27,2763251,31,8,-3,55803,0,0,0,0,0,22,1162,-8669,9358,0,0,0,1,0
11,-180,17.212,28,2763307,31,8,-3,55803,0,0,0,0,0,22,1162,-8669,9358,0,0,0,1,0
11,-180,17.269,29,2763363,31,8,-3,55803,0,0,0,0,0,22,1162,-8669,9358,0,0,0,1,0
11,-180,17.325,30,2763419,31,8,-3,55803,0,0,0,0,0,22,1162,-8669,9358,0,0,0,1,0
11,-180,17.38,31,2763475,31,8,-3,55803,0,0,0,0,0,22,1162,-8669,9358,0,0,0,1,0
11,-180,17.435,32,2763531,31,8,-3,55803,0,0,0,0,0,22,1162,-8669,9358,0,0,0,1,0
11,-180,17.492,33,2763587,31,8,-3,55803,0,0,0,0,0,22,1162,-8669,9358,0,0,0,1,0
11,-180,17.547,34,2763643,31,8,-3,55803,0,0,0,0,0,22,1162,-8669,9358,0,0,0,1,0
11,-180,17.603,35,2763699,31,8,-3,55803,0,0,0,0,0,22,1162,-8669,9358,0,0,0,1,0
11,-180,17.66,36,2763755,31,8,-3,55803,0,0,0,0,0,22,1162,-8669,9358,0,0,0,1,0
11,-180,17.715,37,2763811,31,8,-3,55803,0,0,0,0,0,22,1162,-8669,9358,0,0,0,1,0
11,-180,17.772,38,2763867,31,8,-3,55803,0,0,0,0,0,22,1162,-8669,9358,0,0,0,1,0
11,-180,17.827,39,2763923,31,8,-3,55803,0,0,0,0,0,22,1162,-8669,9358,0,0,0,1,0
11,-180,17.892,40,2763979,31,8,-3,55803,0,0,0,0,0,22,1162,-8669,9358,0,0,0,1,0
11,-180,17.936,41,2764031,31,8,-3,55803,0,0,0,0,0,22,1162,-8669,9358,0,0,0,1,0
11,-180,17.992,42,2764087,31,8,-3,55803,0,0,0,0,0,22,1162,-8669,9358,0,0,0,1,0
11,-180,18.047,43,2764143,31,8,-3,55803,0,0,0,0,0,22,1162,-8669,9358,0,0,0,1,0
11,-180,18.103,44,2764199,31,8,-3,55803,0,0,0,0,0,22,1162,-8669,9358,0,0,0,1,0
12,180,-0.034,80,2787631,31,8,-3,55803,0,0,0,0,0,22,1162,-8669,9358,0,0,0,1,0
12,180,0.018,81,2787687,31,8,-3,55803,0,0,0,0,0,22,1162,-8669,9358,0,0,0,1,0
12,180,0.11,82,2787757,31,8,-3,55822,0,0,0,-8,8,22,1164,-8672,9361,-1000,1000,0,1,0
12,180,0.159,83,2787827,31,8,-3,55974,0,0,0,-15,28,22,1167,-8694,9388,-1200,1300,0,1,0
12,180,0.231,84,2787899,31,7,-3,56181,0,0,0,-32,50,22,1170,-8716,9433,-1500,1400,0,1,0
12,180,0.302,85,2787971,31,6,-3,56515,0,0,0,-47,64,22,1173,-8763,9494,-2000,2000,0,1,0
12,180,0.375,86,2788043,31,6,-4,57094,0,0,0,-91,122,22,1176,-8847,9597,-2500,2500,0,1,0
12,180,0.439,87,2788093,31,5,-4,57565,0,0,0,-105,128,22,1178,-8919,9677,-2700,2800,0,1,0
12,180,0.499,88,2788163,31,5,-4,58487,0,0,0,-155,172,22,1181,-9058,9836,-2900,2900,0,1,0
12,180,0.569,89,2788235,31,5,-4,59543,0,0,0,-178,169,22,1184,-9222,10013,-2900,3000,0,1,0
12,180,0.641,90,2788307,31,4,-5,60654,0,0,0,-163,181,22,1187,-9394,10200,-2900,2900,0,1,0
12,180,0.712,91,2788379,31,4,-5,61762,0,0,0,-155,187,22,1190,-9566,10386,-2800,2800,0,1,0
12,180,0.784,92,2788451,31,4,-6,62852,0,0,0,-146,193,22,1193,-9738,10566,-2800,2800,0,1,0
12,180,0.864,93,2788523,31,4,-6,63973,0,0,0,-169,172,22,1196,-9916,10750,-2800,2800,0,1,0
12,180,0.928,94,2788595,31,4,-6,65022,0,0,0,-145,168,22,1199,-10083,10922,-2700,2700,0,1,0
12,180,1.001,95,2788667,31,5,-6,66105,0,0,0,-169,181,22,1202,-10255,11100,-2600,2600,0,1,0
12,180,1.072,96,2788739,31,4,-6,67121,0,0,0,-164,155,22,1205,-10422,11261,-2600,2400,0,1,0
12,180,1.145,97,2788811,31,4,-6,68117,0,0,0,-155,146,22,1208,-10586,11419,-2600,2400,0,1,0
12,180,1.217,98,2788883,31,4,-6,69043,0,0,0,-146,137,22,1211,-10738,11566,-2700,2300,0,1,0
12,180,1.36,100,2789027,31,4,-6,70938,0,0,0,-140,146,22,1217,-11050,11866,-2700,2400,0,1,0
12,180,1.433,101,2789099,31,3,-6,71934,0,0,0,-161,155,22,1220,-11216,12022,-2700,2400,0,1,0
12,180,1.506,102,2789171,31,3,-6,72912,0,0,0,-161,152,22,1223,-11377,12177,-2500,2100,0,1,0
12,180,1.632,103,2789300,31,2,-6,74014,0,0,0,0,0,22,1230,-11566,12344,0,0,0,1,0
12,180,1.683,104,2789351,31,2,-6,74014,0,0,0,0,0,22,1232,-11566,12344,0,0,0,1,0
12,180,1.756,105,2789423,31,2,-6,74014,0,0,0,0,0,22,1235,-11566,12344,0,0,0,1,0
12,180,1.827,106,2789495,31,2,-6,74014,0,0,0,0,0,22,1238,-11566,12344,0,0,0,1,0
12,180,1.9,107,2789567,31,2,-6,74014,0,0,0,0,0,22,1241,-11566,12344,0,0,0,1,0
12,180,1.972,108,2789639,31,2,-6,74014,0,0,0,0,0,22,1244,-11566,12344,0,0,0,1,0
12,180,2.043,109,2789711,31,2,-6,74014,0,0,0,0,0,22,1247,-11566,12344,0,0,0,1,0
12,180,2.116,110,2789783,31,2,-6,74014,0,0,0,0,0,22,1250,-11566,12344,0,0,0,1,0
12,180,2.187,111,2789855,31,2,-6,74014,0,0,0,0,0,22,1253,-11566,12344,0,0,0,1,0
12,180,2.254,112,2789905,31,2,-6,74014,0,0,0,0,0,22,1255,-11566,12344,0,0,0,1,0
12,180,2.287,113,2789955,31,2,-6,74014,0,0,0,0,0,22,1255,-11566,12344,0,0,0,1,0
12,180,2.343,114,2790011,31,2,-6,74014,0,0,0,0,0,22,1255,-11566,12344,0,0,0,1,0
12,180,2.398,115,2790067,31,2,-6,74014,0,0,0,0,0,22,1255,-11566,12344,0,0,0,1,0
12,180,2.454,116,2790123,31,2,-6,74014,0,0,0,0,0,22,1255,-11566,12344,0,0,0,1,0
12,180,2.509,117,2790179,31,2,-6,74014,0,0,0,0,0,22,1255,-11566,12344,0,0,0,1,0
12,180,2.623,119,2790291,31,2,-6,74014,0,0,0,0,0,22,1255,-11566,12344,0,0,0,1,0
12,180,2.679,120,2790347,31,2,-6,74014,0,0,0,0,0,22,1255,-11566,12344,0,0,0,1,0
12,180,2.734,121,2790403,31,2,-6,74014,0,0,0,0,0,22,1255,-11566,12344,0,0,0,1,0
12,180,2.793,122,2790459,31,2,-6,74014,0,0,0,0,0,22,1255,-11566,12344,0,0,0,1,0
12,180,2.847,123,2790515,31,2,-6,74014,0,0,0,0,0,22,1255,-11566,12344,0,0,0,1,0
12,180,2.902,124,2790571,31,2,-6,74014,0,0,0,0,0,22,1255,-11566,12344,0,0,0,1,0
12,180,2.958,125,2790627,31,2,-6,74014,0,0,0,0,0,22,1255,-11566,12344,0,0,0,1,0
12,180,3.014,126,2790683,31,2,-6,74014,0,0,0,0,0,22,1255,-11566,12344,0,0,0,1,0
12,180,3.07,127,2790739,31,2,-6,74014,0,0,0,0,0,22,1255,-11566,12344,0,0,0,1,0
12,180,3.126,0,2790795,31,2,-6,74014,0,0,0,0,0,22,1255,-11566,12344,0,0,0,1,0
12,180,3.237,2,2790907,31,2,-6,74014,0,0,0,0,0,22,1255,-11566,12344,0,0,0,1,0
12,180,3.302,3,2790963,31,2,-6,74014,0,0,0,0,0,22,1255,-11566,12344,0,0,0,1,0
12,180,3.351,4,2791015,31,2,-6,74014,0,0,0,0,0,22,1255,-11566,12344,0,0,0,1,0
12,180,3.401,5,2791071,31,2,-6,74014,0,0,0,0,0,22,1255,-11566,12344,0,0,0,1,0
12,180,3.461,6,2791127,31,2,-6,74014,0,0,0,0,0,22,1255,-11566,12344,0,0,0,1,0
12,180,3.513,7,2791183,31,2,-6,74014,0,0,0,0,0,22,1255,-11566,12344,0,0,0,1,0
12,180,3.569,8,2791239,31,2,-6,74014,0,0,0,0,0,22,1255,-11566,12344,0,0,0,1,0
12,180,3.626,9,2791295,31,2,-6,74014,0,0,0,0,0,22,1255,-11566,12344,0,0,0,1,0
12,180,3.683,10,2791351,31,2,-6,74014,0,0,0,0,0,22,1255,-11566,12344,0,0,0,1,0
12,180,3.741,11,2791407,31,2,-6,74014,0,0,0,0,0,22,1255,-11566,12344,0,0,0,1,0
12,180,3.853,13,2791519,31,2,-6,74014,0,0,0,0,0,22,1255,-11566,12344,0,0,0,1,0
12,180,3.91,14,2791575,31,2,-6,74014,0,0,0,0,0,22,1255,-11566,12344,0,0,0,1,0
12,180,3.971,15,2791631,31,2,-6,74014,0,0,0,0,0,22,1255,-11566,12344,0,0,0,1,0
12,180,4.017,16,2791687,31,2,-6,74014,0,0,0,0,0,22,1255,-11566,12344,0,0,0,1,0
12,180,4.074,17,2791743,31,2,-6,74014,0,0,0,0,0,22,1255,-11566,12344,0,0,0,1,0
12,180,4.131,18,2791799,31,2,-6,74014,0,0,0,0,0,22,1255,-11566,12344,0,0,0,1,0
12,180,4.187,19,2791855,31,2,-6,74014,0,0,0,0,0,22,1255,-11566,12344,0,0,0,1,0
12,180,4.243,20,2791911,31,2,-6,74014,0,0,0,0,0,22,1255,-11566,12344,0,0,0,1,0
12,180,4.303,21,2791967,31,2,-6,74014,0,0,0,0,0,22,1255,-11566,12344,0,0,0,1,0
12,180,4.361,22,2792023,31,2,-6,74014,0,0,0,0,0,22,1255,-11566,12344,0,0,0,1,0
12,180,4.408,23,2792075,31,2,-6,74014,0,0,0,0,0,22,1255,-11566,12344,0,0,0,1,0
12,180,4.519,25,2792187,31,2,-6,74014,0,0,0,0,0,22,1255,-11566,12344,0,0,0,1,0
12,180,4.574,26,2792243,31,2,-6,74014,0,0,0,0,0,22,1255,-11566,12344,0,0,0,1,0
12,180,4.642,27,2792299,31,2,-6,74014,0,0,0,0,0,22,1255,-11566,12344,0,0,0,1,0
12,180,4.687,28,2792355,31,2,-6,74014,0,0,0,0,0,22,1255,-11566,12344,0,0,0,1,0
12,180,4.743,29,2792411,31,2,-6,74014,0,0,0,0,0,22,1255,-11566,12344,0,0,0,1,0
12,180,4.832,30,2792467,31,2,-6,74014,0,0,0,0,0,22,1255,-11566,12344,0,0,0,1,0
12,180,4.871,31,2792523,31,2,-6,74014,0,0,0,0,0,22,1255,-11566,12344,0,0,0,1,0
12,180,4.986,32,2792579,31,2,-6,74014,0,0,0,0,0,22,1255,-11566,12344,0,0,0,1,0
12,180,4.997,33,2792635,31,2,-6,74014,0,0,0,0,0,22,1255,-11566,12344,0,0,0,1,0
12,180,5.025,34,2792691,31,2,-6,74014,0,0,0,0,0,22,1255,-11566,12344,0,0,0,1,0
12,180,5.081,35,2792747,31,2,-6,74014,0,0,0,0,0,22,1255,-11566,12344,0,0,0,1,0
12,180,5.201,37,2792859,31,2,-6,74014,0,0,0,0,0,22,1255,-11566,12344,0,0,0,1,0
12,180,5.246,38,2792915,31,2,-6,74014,0,0,0,0,0,22,1255,-11566,12344,0,0,0,1,0
12,180,5.303,39,2792971,31,2,-6,74014,0,0,0,0,0,22,1255,-11566,12344,0,0,0,1,0
12,180,5.359,40,2793027,31,2,-6,74014,0,0,0,0,0,22,1255,-11566,12344,0,0,0,1,0
12,180,5.423,41,2793083,31,2,-6,74014,0,0,0,0,0,22,1255,-11566,12344,0,0,0,1,0
12,180,5.47,42,2793135,31,2,-6,74014,0,0,0,0,0,22,1255,-11566,12344,0,0,0,1,0
12,180,5.532,43,2793191,31,2,-6,74014,0,0,0,0,0,22,1255,-11566,12344,0,0,0,1,0
12,180,5.58,44,2793247,31,2,-6,74014,0,0,0,0,0,22,1255,-11566,12344,0,0,0,1,0
12,180,5.636,45,2793303,31,2,-6,74014,0,0,0,0,0,22,1255,-11566,12344,0,0,0,1,0
12,180,5.749,47,2793415,31,2,-6,74014,0,0,0,0,0,22,1255,-11566,12344,0,0,0,1,0
12,180,5.802,48,2793471,31,2,-6,74014,0,0,0,0,0,22,1255,-11566,12344,0,0,0,1,0
12,180,5.859,49,2793527,31,2,-6,74014,0,0,0,0,0,22,1255,-11566,12344,0,0,0,1,0
12,180,5.914,50,2793583,31,2,-6,74014,0,0,0,0,0,22,1255,-11566,12344,0,0,0,1,0
12,180,5.97,51,2793639,31,2,-6,74014,0,0,0,0,0,22,1255,-11566,12344,0,0,0,1,0
12,180,6.029,52,2793695,31,2,-6,74014,0,0,0,0,0,22,1255,-11566,12344,0,0,0,1,0
12,180,6.084,53,2793751,31,2,-6,74014,0,0,0,0,0,22,1255,-11566,12344,0,0,0,1,0
12,180,6.139,54,2793807,31,2,-6,74014,0,0,0,0,0,22,1255,-11566,12344,0,0,0,1,0
12,180,6.195,55,2793863,31,2,-6,74014,0,0,0,0,0,22,1255,-11566,12344,0,0,0,1,0
12,180,6.25,56,2793919,31,2,-6,74014,0,0,0,0,0,22,1255,-11566,12344,0,0,0,1,0
12,180,6.363,58,2794031,31,2,-6,74014,0,0,0,0,0,22,1255,-11566,12344,0,0,0,1,0
12,180,6.419,59,2794087,31,2,-6,74014,0,0,0,0,0,22,1255,-11566,12344,0,0,0,1,0
12,180,6.483,60,2794143,31,2,-6,74014,0,0,0,0,0,22,1255,-11566,12344,0,0,0,1,0
12,180,6.526,61,2794195,31,2,-6,74014,0,0,0,0,0,22,1255,-11566,12344,0,0,0,1,0
12,180,6.582,62,2794251,31,2,-6,74014,0,0,0,0,0,22,1255,-11566,12344,0,0,0,1,0
12,180,6.639,63,2794307,31,2,-6,74014,0,0,0,0,0,22,1255,-11566,12344,0,0,0,1,0
12,180,6.694,64,2794363,31,2,-6,74014,0,0,0,0,0,22,1255,-11566,12344,0,0,0,1,0
12,180,6.749,65,2794419,31,2,-6,74014,0,0,0,0,0,22,1255,-11566,12344,0,0,0,1,0
12,180,6.806,66,2794475,31,2,-6,74014,0,0,0,0,0,22,1255,-11566,12344,0,0,0,1,0
12,180,6.862,67,2794531,31,2,-6,74014,0,0,0,0,0,22,1255,-11566,12344,0,0,0,1,0
12,180,7.031,70,2794699,31,2,-6,74014,0,0,0,0,0,22,1255,-11566,12344,0,0,0,1,0
12,180,7.142,72,2794811,31,2,-6,74014,0,0,0,0,0,22,1255,-11566,12344,0,0,0,1,0
12,180,7.198,73,2794867,31,2,-6,74014,0,0,0,0,0,22,1255,-11566,12344,0,0,0,1,0
12,180,7.256,74,2794923,31,2,-6,74014,0,0,0,0,0,22,1255,-11566,12344,0,0,0,1,0
12,180,7.31,75,2794979,31,2,-6,74014,0,0,0,0,0,22,1255,-11566,12344,0,0,0,1,0
12,180,7.366,76,2795035,31,2,-6,74014,0,0,0,0,0,22,1255,-11566,12344,0,0,0,1,0
12,180,7.424,77,2795091,31,2,-6,74014,0,0,0,0,0,22,1255,-11566,12344,0,0,0,1,0
12,180,7.479,78,2795147,31,2,-6,74014,0,0,0,0,0,22,1255,-11566,12344,0,0,0,1,0
12,180,7.535,79,2795203,31,2,-6,74014,0,0,0,0,0,22,1255,-11566,12344,0,0,0,1,0
12,180,7.642,81,2795311,31,2,-6,74014,0,0,0,0,0,22,1255,-11566,12344,0,0,0,1,0
12,180,7.754,83,2795423,31,2,-6,74014,0,0,0,0,0,22,1255,-11566,12344,0,0,0,1,0
12,180,7.81,84,2795479,31,2,-6,74014,0,0,0,0,0,22,1255,-11566,12344,0,0,0,1,0
12,180,7.867,85,2795535,31,2,-6,74014,0,0,0,0,0,22,1255,-11566,12344,0,0,0,1,0
12,180,7.922,86,2795591,31,2,-6,74014,0,0,0,0,0,22,1255,-11566,12344,0,0,0,1,0
12,180,7.978,87,2795647,31,2,-6,74014,0,0,0,0,0,22,1255,-11566,12344,0,0,0,1,0
12,180,8.034,88,2795703,31,2,-6,74014,0,0,0,0,0,22,1255,-11566,12344,0,0,0,1,0
12,180,8.09,89,2795759,31,2,-6,74014,0,0,0,0,0,22,1255,-11566,12344,0,0,0,1,0
12,180,8.147,90,2795815,31,2,-6,74014,0,0,0,0,0,22,1255,-11566,12344,0,0,0,1,0
12,180,8.203,91,2795871,31,2,-6,74014,0,0,0,0,0,22,1255,-11566,12344,0,0,0,1,0
12,180,8.264,92,2795927,31,2,-6,74014,0,0,0,0,0,22,1255,-11566,12344,0,0,0,1,0
12,180,8.314,93,2795983,31,2,-6,74014,0,0,0,0,0,22,1255,-11566,12344,0,0,0,1,0
12,180,8.375,94,2796039,31,2,-6,74014,0,0,0,0,0,22,1255,-11566,12344,0,0,0,1,0
12,180,8.428,95,2796095,31,2,-6,74014,0,0,0,0,0,22,1255,-11566,12344,0,0,0,1,0
12,180,8.483,96,2796151,31,2,-6,74014,0,0,0,0,0,22,1255,-11566,12344,0,0,0,1,0
12,180,8.539,97,2796207,31,2,-6,74014,0,0,0,0,0,22,1255,-11566,12344,0,0,0,1,0
12,180,8.602,98,2796263,31,2,-6,74014,0,0,0,0,0,22,1255,-11566,12344,0,0,0,1,0
12,180,8.646,99,2796315,31,2,-6,74014,0,0,0,0,0,22,1255,-11566,12344,0,0,0,1,0
12,180,8.702,100,2796371,31,2,-6,74014,0,0,0,0,0,22,1255,-11566,12344,0,0,0,1,0
12,180,8.758,101,2796427,31,2,-6,74014,0,0,0,0,0,22,1255,-11566,12344,0,0,0,1,0
12,180,8.87,103,2796539,31,2,-6,74014,0,0,0,0,0,22,1255,-11566,12344,0,0,0,1,0
12,180,8.983,105,2796651,31,2,-6,74014,0,0,0,0,0,22,1255,-11566,12344,0,0,0,1,0
12,180,9.039,106,2796707,31,2,-6,74014,0,0,0,0,0,22,1255,-11566,12344,0,0,0,1,0
12,180,9.094,107,2796763,31,2,-6,74014,0,0,0,0,0,22,1255,-11566,12344,0,0,0,1,0
12,180,9.15,108,2796819,31,2,-6,74014,0,0,0,0,0,22,1255,-11566,12344,0,0,0,1,0
12,180,9.206,109,2796875,31,2,-6,74014,0,0,0,0,0,22,1255,-11566,12344,0,0,0,1,0
12,180,9.262,110,2796931,31,2,-6,74014,0,0,0,0,0,22,1255,-11566,12344,0,0,0,1,0
12,180,9.318,111,2796987,31,2,-6,74014,0,0,0,0,0,22,1255,-11566,12344,0,0,0,1,0
12,180,9.375,112,2797043,31,2,-6,74014,0,0,0,0,0,22,1255,-11566,12344,0,0,0,1,0
12,180,9.43,113,2797099,31,2,-6,74014,0,0,0,0,0,22,1255,-11566,12344,0,0,0,1,0
12,180,9.486,114,2797155,31,2,-6,74014,0,0,0,0,0,22,1255,-11566,12344,0,0,0,1,0
12,180,9.542,115,2797211,31,2,-6,74014,0,0,0,0,0,22,1255,-11566,12344,0,0,0,1,0
12,180,9.598,116,2797267,31,2,-6,74014,0,0,0,0,0,22,1255,-11566,12344,0,0,0,1,0
12,180,9.662,117,2797323,31,2,-6,74014,0,0,0,0,0,22,1255,-11566,12344,0,0,0,1,0
12,180,9.709,118,2797375,31,2,-6,74014,0,0,0,0,0,22,1255,-11566,12344,0,0,0,1,0
12,180,9.766,119,2797431,31,2,-6,74014,0,0,0,0,0,22,1255,-11566,12344,0,0,0,1,0
12,180,9.818,120,2797487,31,2,-6,74014,0,0,0,0,0,22,1255,-11566,12344,0,0,0,1,0
12,180,9.875,121,2797543,31,2,-6,74014,0,0,0,0,0,22,1255,-11566,12344,0,0,0,1,0
12,180,9.931,122,2797599,31,2,-6,74014,0,0,0,0,0,22,1255,-11566,12344,0,0,0,1,0
12,180,9.988,123,2797655,31,2,-6,74014,0,0,0,0,0,22,1255,-11566,12344,0,0,0,1,0
12,180,10.099,125,2797767,31,2,-6,74014,0,0,0,0,0,22,1255,-11566,12344,0,0,0,1,0
12,180,10.154,126,2797823,31,2,-6,74014,0,0,0,0,0,22,1255,-11566,12344,0,0,0,1,0
12,180,10.212,127,2797879,31,2,-6,74014,0,0,0,0,0,22,1255,-11566,12344,0,0,0,1,0
12,180,10.266,0,2797935,31,2,-6,74014,0,0,0,0,0,22,1255,-11566,12344,0,0,0,1,0
12,180,10.324,1,2797991,31,2,-6,74014,0,0,0,0,0,22,1255,-11566,12344,0,0,0,1,0
12,180,10.378,2,2798047,31,2,-6,74014,0,0,0,0,0,22,1255,-11566,12344,0,0,0,1,0
12,180,10.434,3,2798103,31,2,-6,74014,0,0,0,0,0,22,1255,-11566,12344,0,0,0,1,0
12,180,10.491,4,2798159,31,2,-6,74014,0,0,0,0,0,22,1255,-11566,12344,0,0,0,1,0
12,180,10.549,5,2798215,31,2,-6,74014,0,0,0,0,0,22,1255,-11566,12344,0,0,0,1,0
12,180,10.601,6,2798271,31,2,-6,74014,0,0,0,0,0,22,1255,-11566,12344,0,0,0,1,0
12,180,10.722,8,2798383,31,2,-6,74014,0,0,0,0,0,22,1255,-11566,12344,0,0,0,1,0
12,180,10.823,10,2798491,31,2,-6,74014,0,0,0,0,0,22,1255,-11566,12344,0,0,0,1,0
12,180,10.878,11,2798547,31,2,-6,74014,0,0,0,0,0,22,1255,-11566,12344,0,0,0,1,0
12,180,10.934,12,2798603,31,2,-6,74014,0,0,0,0,0,22,1255,-11566,12344,0,0,0,1,0
12,180,11.046,14,2798715,31,2,-6,74014,0,0,0,0,0,22,1255,-11566,12344,0,0,0,1,0
12,180,11.102,15,2798771,31,2,-6,74014,0,0,0,0,0,22,1255,-11566,12344,0,0,0,1,0
12,180,11.158,16,2798827,31,2,-6,74014,0,0,0,0,0,22,1255,-11566,12344,0,0,0,1,0
12,180,11.216,17,2798883,31,2,-6,74014,0,0,0,0,0,22,1255,-11566,12344,0,0,0,1,0
12,180,11.326,19,2798995,31,2,-6,74014,0,0,0,0,0,22,1255,-11566,12344,0,0,0,1,0
12,180,11.382,20,2799051,31,2,-6,74014,0,0,0,0,0,22,1255,-11566,12344,0,0,0,1,0
12,180,11.44,21,2799107,31,2,-6,74014,0,0,0,0,0,22,1255,-11566,12344,0,0,0,1,0
12,180,11.497,22,2799163,31,2,-6,74014,0,0,0,0,0,22,1255,-11566,12344,0,0,0,1,0
12,180,11.551,23,2799219,31,2,-6,74014,0,0,0,0,0,22,1255,-11566,12344,0,0,0,1,0
12,180,11.609,24,2799275,31,2,-6,74014,0,0,0,0,0,22,1255,-11566,12344,0,0,0,1,0
12,180,11.663,25,2799331,31,2,-6,74014,0,0,0,0,0,22,1255,-11566,12344,0,0,0,1,0
12,180,11.719,26,2799387,31,2,-6,74014,0,0,0,0,0,22,1255,-11566,12344,0,0,0,1,0
12,180,11.784,27,2799443,31,2,-6,74014,0,0,0,0,0,22,1255,-11566,12344,0,0,0,1,0
12,180,11.826,28,2799495,31,2,-6,74014,0,0,0,0,0,22,1255,-11566,12344,0,0,0,1,0
12,180,11.883,29,2799551,31,2,-6,74014,0,0,0,0,0,22,1255,-11566,12344,0,0,0,1,0
12,180,11.939,30,2799607,31,2,-6,74014,0,0,0,0,0,22,1255,-11566,12344,0,0,0,1,0
12,180,12.05,32,2799719,31,2,-6,74014,0,0,0,0,0,22,1255,-11566,12344,0,0,0,1,0
12,180,12.106,33,2799775,31,2,-6,74014,0,0,0,0,0,22,1255,-11566,12344,0,0,0,1,0
12,180,12.162,34,2799831,31,2,-6,74014,0,0,0,0,0,22,1255,-11566,12344,0,0,0,1,0
12,180,12.219,35,2799887,31,2,-6,74014,0,0,0,0,0,22,1255,-11566,12344,0,0,0,1,0
12,180,12.275,36,2799943,31,2,-6,74014,0,0,0,0,0,22,1255,-11566,12344,0,0,0,1,0
12,180,12.33,37,2799993,31,2,-6,74014,0,0,0,0,0,22,1255,-11566,12344,0,0,0,1,0
12,180,12.379,38,2800047,31,2,-6,74014,0,0,0,0,0,22,1255,-11566,12344,0,0,0,1,0
12,180,12.435,39,2800103,31,2,-6,74014,0,0,0,0,0,22,1255,-11566,12344,0,0,0,1,0
12,180,12.491,40,2800159,31,2,-6,74014,0,0,0,0,0,22,1255,-11566,12344,0,0,0,1,0
12,180,12.547,41,2800215,31,2,-6,74014,0,0,0,0,0,22,1255,-11566,12344,0,0,0,1,0
12,180,12.658,43,2800327,31,2,-6,74014,0,0,0,0,0,22,1255,-11566,12344,0,0,0,1,0
12,180,12.716,44,2800383,31,2,-6,74014,0,0,0,0,0,22,1255,-11566,12344,0,0,0,1,0
12,180,12.773,45,2800439,31,2,-6,74014,0,0,0,0,0,22,1255,-11566,12344,0,0,0,1,0
12,180,12.835,46,2800495,31,2,-6,74014,0,0,0,0,0,22,1255,-11566,12344,0,0,0,1,0
12,180,12.884,47,2800547,31,2,-6,74014,0,0,0,0,0,22,1255,-11566,12344,0,0,0,1,0
12,180,12.935,48,2800603,31,2,-6,74014,0,0,0,0,0,22,1255,-11566,12344,0,0,0,1,0
12,180,12.992,49,2800659,31,2,-6,74014,0,0,0,0,0,22,1255,-11566,12344,0,0,0,1,0
12,180,13.046,50,2800715,31,2,-6,74014,0,0,0,0,0,22,1255,-11566,12344,0,0,0,1,0
12,180,13.103,51,2800771,31,2,-6,74014,0,0,0,0,0,22,1255,-11566,12344,0,0,0,1,0
12,180,13.157,52,2800827,31,2,-6,74014,0,0,0,0,0,22,1255,-11566,12344,0,0,0,1,0
12,180,13.216,53,2800883,31,2,-6,74014,0,0,0,0,0,22,1255,-11566,12344,0,0,0,1,0
12,180,13.276,54,2800939,31,2,-6,74014,0,0,0,0,0,22,1255,-11566,12344,0,0,0,1,0
12,180,13.329,55,2800995,31,2,-6,74014,0,0,0,0,0,22,1255,-11566,12344,0,0,0,1,0
12,180,13.383,56,2801051,31,2,-6,74014,0,0,0,0,0,22,1255,-11566,12344,0,0,0,1,0
12,180,13.443,57,2801107,31,2,-6,74014,0,0,0,0,0,22,1255,-11566,12344,0,0,0,1,0
12,180,13.494,58,2801163,31,2,-6,74014,0,0,0,0,0,22,1255,-11566,12344,0,0,0,1,0
12,180,13.55,59,2801219,31,2,-6,74014,0,0,0,0,0,22,1255,-11566,12344,0,0,0,1,0
12,180,13.606,60,2801275,31,2,-6,74014,0,0,0,0,0,22,1255,-11566,12344,0,0,0,1,0
12,180,13.662,61,2801331,31,2,-6,74014,0,0,0,0,0,22,1255,-11566,12344,0,0,0,1,0
12,180,13.718,62,2801387,31,2,-6,74014,0,0,0,0,0,22,1255,-11566,12344,0,0,0,1,0
12,180,13.777,63,2801443,31,2,-6,74014,0,0,0,0,0,22,1255,-11566,12344,0,0,0,1,0
12,180,13.897,65,2801555,31,2,-6,74014,0,0,0,0,0,22,1255,-11566,12344,0,0,0,1,0
12,180,13.939,66,2801607,31,2,-6,74014,0,0,0,0,0,22,1255,-11566,12344,0,0,0,1,0
12,180,13.995,67,2801663,31,2,-6,74014,0,0,0,0,0,22,1255,-11566,12344,0,0,0,1,0
12,180,14.107,69,2801775,31,2,-6,74014,0,0,0,0,0,22,1255,-11566,12344,0,0,0,1,0
12,180,14.165,70,2801831,31,2,-6,74014,0,0,0,0,0,22,1255,-11566,12344,0,0,0,1,0
12,180,14.217,71,2801887,31,2,-6,74014,0,0,0,0,0,22,1255,-11566,12344,0,0,0,1,0
12,180,14.273,72,2801943,31,2,-6,74014,0,0,0,0,0,22,1255,-11566,12344,0,0,0,1,0
12,180,14.331,73,2801999,31,2,-6,74014,0,0,0,0,0,22,1255,-11566,12344,0,0,0,1,0
12,180,14.386,74,2802055,31,2,-6,74014,0,0,0,0,0,22,1255,-11566,12344,0,0,0,1,0
12,180,14.443,75,2802111,31,2,-6,74014,0,0,0,0,0,22,1255,-11566,12344,0,0,0,1,0
12,180,14.554,77,2802223,31,2,-6,74014,0,0,0,0,0,22,1255,-11566,12344,0,0,0,1,0
12,180,14.61,78,2802279,31,2,-6,74014,0,0,0,0,0,22,1255,-11566,12344,0,0,0,1,0
12,180,14.666,79,2802335,31,2,-6,74014,0,0,0,0,0,22,1255,-11566,12344,0,0,0,1,0
12,180,14.723,80,2802391,31,2,-6,74014,0,0,0,0,0,22,1255,-11566,12344,0,0,0,1,0
12,180,14.779,81,2802447,31,2,-6,74014,0,0,0,0,0,22,1255,-11566,12344,0,0,0,1,0
12,180,14.838,82,2802503,31,2,-6,74014,0,0,0,0,0,22,1255,-11566,12344,0,0,0,1,0
12,180,14.89,83,2802559,31,2,-6,74014,0,0,0,0,0,22,1255,-11566,12344,0,0,0,1,0
12,180,14.955,84,2802615,31,2,-6,74014,0,0,0,0,0,22,1255,-11566,12344,0,0,0,1,0
12,180,14.999,85,2802667,31,2,-6,74014,0,0,0,0,0,22,1255,-11566,12344,0,0,0,1,0
12,180,15.054,86,2802723,31,2,-6,74014,0,0,0,0,0,22,1255,-11566,12344,0,0,0,1,0
12,180,15.166,88,2802835,31,2,-6,74014,0,0,0,0,0,22,1255,-11566,12344,0,0,0,1,0
12,180,15.222,89,2802891,31,2,-6,74014,0,0,0,0,0,22,1255,-11566,12344,0,0,0,1,0
12,180,15.278,90,2802947,31,2,-6,74014,0,0,0,0,0,22,1255,-11566,12344,0,0,0,1,0
12,180,15.341,91,2803003,31,2,-6,74014,0,0,0,0,0,22,1255,-11566,12344,0,0,0,1,0
12,180,15.39,92,2803059,31,2,-6,74014,0,0,0,0,0,22,1255,-11566,12344,0,0,0,1,0
12,180,15.446,93,2803115,31,2,-6,74014,0,0,0,0,0,22,1255,-11566,12344,0,0,0,1,0
12,180,15.51,94,2803171,31,2,-6,74014,0,0,0,0,0,22,1255,-11566,12344,0,0,0,1,0
12,180,15.558,95,2803227,31,2,-6,74014,0,0,0,0,0,22,1255,-11566,12344,0,0,0,1,0
12,180,15.614,96,2803283,31,2,-6,74014,0,0,0,0,0,22,1255,-11566,12344,0,0,0,1,0
12,180,15.671,97,2803339,31,2,-6,74014,0,0,0,0,0,22,1255,-11566,12344,0,0,0,1,0
12,180,15.782,99,2803451,31,2,-6,74014,0,0,0,0,0,22,1255,-11566,12344,0,0,0,1,0
12,180,15.839,100,2803507,31,2,-6,74014,0,0,0,0,0,22,1255,-11566,12344,0,0,0,1,0
12,180,15.893,101,2803563,31,2,-6,74014,0,0,0,0,0,22,1255,-11566,12344,0,0,0,1,0
12,180,15.95,102,2803619,31,2,-6,74014,0,0,0,0,0,22,1255,-11566,12344,0,0,0,1,0
12,180,16.014,103,2803675,31,2,-6,74014,0,0,0,0,0,22,1255,-11566,12344,0,0,0,1,0
12,180,16.057,104,2803727,31,2,-6,74014,0,0,0,0,0,22,1255,-11566,12344,0,0,0,1,0
12,180,16.115,105,2803783,31,2,-6,74014,0,0,0,0,0,22,1255,-11566,12344,0,0,0,1,0
12,180,16.17,106,2803839,31,2,-6,74014,0,0,0,0,0,22,1255,-11566,12344,0,0,0,1,0
12,180,16.227,107,2803895,31,2,-6,74014,0,0,0,0,0,22,1255,-11566,12344,0,0,0,1,0
12,180,16.282,108,2803951,31,2,-6,74014,0,0,0,0,0,22,1255,-11566,12344,0,0,0,1,0
12,180,16.339,109,2804007,31,2,-6,74014,0,0,0,0,0,22,1255,-11566,12344,0,0,0,1,0
12,180,16.45,111,2804119,31,2,-6,74014,0,0,0,0,0,22,1255,-11566,12344,0,0,0,1,0
12,180,16.505,112,2804175,31,2,-6,74014,0,0,0,0,0,22,1255,-11566,12344,0,0,0,1,0
12,180,16.563,113,2804231,31,2,-6,74014,0,0,0,0,0,22,1255,-11566,12344,0,0,0,1,0
12,180,16.618,114,2804287,31,2,-6,74014,0,0,0,0,0,22,1255,-11566,12344,0,0,0,1,0
12,180,16.674,115,2804343,31,2,-6,74014,0,0,0,0,0,22,1255,-11566,12344,0,0,0,1,0
12,180,16.729,116,2804399,31,2,-6,74014,0,0,0,0,0,22,1255,-11566,12344,0,0,0,1,0
12,180,16.788,117,2804455,31,2,-6,74014,0,0,0,0,0,22,1255,-11566,12344,0,0,0,1,0
12,180,16.842,118,2804511,31,2,-6,74014,0,0,0,0,0,22,1255,-11566,12344,0,0,0,1,0
12,180,16.897,119,2804567,31,2,-6,74014,0,0,0,0,0,22,1255,-11566,12344,0,0,0,1,0
12,180,17.009,121,2804679,31,2,-6,74014,0,0,0,0,0,22,1255,-11566,12344,0,0,0,1,0
12,180,17.075,122,2804735,31,2,-6,74014,0,0,0,0,0,22,1255,-11566,12344,0,0,0,1,0
12,180,17.118,123,2804787,31,2,-6,74014,0,0,0,0,0,22,1255,-11566,12344,0,0,0,1,0
12,180,17.187,124,2804843,31,2,-6,74014,0,0,0,0,0,22,1255,-11566,12344,0,0,0,1,0
12,180,17.23,125,2804899,31,2,-6,74014,0,0,0,0,0,22,1255,-11566,12344,0,0,0,1,0
12,180,17.286,126,2804955,31,2,-6,74014,0,0,0,0,0,22,1255,-11566,12344,0,0,0,1,0
12,180,17.343,127,2805011,31,2,-6,74014,0,0,0,0,0,22,1255,-11566,12344,0,0,0,1,0
12,180,17.399,0,2805067,31,2,-6,74014,0,0,0,0,0,22,1255,-11566,12344,0,0,0,1,0
12,180,17.454,1,2805123,31,2,-6,74014,0,0,0,0,0,22,1255,-11566,12344,0,0,0,1,0
12,180,17.512,2,2805179,31,2,-6,74014,0,0,0,0,0,22,1255,-11566,12344,0,0,0,1,0
12,180,17.566,3,2805235,31,2,-6,74014,0,0,0,0,0,22,1255,-11566,12344,0,0,0,1,0
12,180,17.678,5,2805347,31,2,-6,74014,0,0,0,0,0,22,1255,-11566,12344,0,0,0,1,0
12,180,17.734,6,2805403,31,2,-6,74014,0,0,0,0,0,22,1255,-11566,12344,0,0,0,1,0
12,180,17.789,7,2805459,31,2,-6,74014,0,0,0,0,0,22,1255,-11566,12344,0,0,0,1,0
12,180,17.848,8,2805515,31,2,-6,74014,0,0,0,0,0,22,1255,-11566,12344,0,0,0,1,0
12,180,17.902,9,2805571,31,2,-6,74014,0,0,0,0,0,22,1255,-11566,12344,0,0,0,1,0
12,180,17.959,10,2805627,31,2,-6,74014,0,0,0,0,0,22,1255,-11566,12344,0,0,0,1,0
12,180,18.015,11,2805683,31,2,-6,74014,0,0,0,0,0,22,1255,-11566,12344,0,0,0,1,0
12,180,18.07,12,2805739,31,2,-6,74014,0,0,0,0,0,22,1255,-11566,12344,0,0,0,1,0
12,180,18.135,13,2805795,31,2,-6,74014,0,0,0,0,0,22,1255,-11566,12344,0,0,0,1,0
12,180,18.178,14,2805847,31,2,-6,74014,0,0,0,0,0,22,1255,-11566,12344,0,0,0,1,0
12,180,18.29,16,2805959,31,2,-6,74014,0,0,0,0,0,22,1255,-11566,12344,0,0,0,1,0
12,180,18.401,18,2806071,31,2,-6,74014,0,0,0,0,0,22,1255,-11566,12344,0,0,0,1,0
12,180,18.457,19,2806127,31,2,-6,74014,0,0,0,0,0,22,1255,-11566,12344,0,0,0,1,0
12,180,18.514,20,2806183,31,2,-6,74014,0,0,0,0,0,22,1255,-11566,12344,0,0,0,1,0
12,180,18.571,21,2806239,31,2,-6,74014,0,0,0,0,0,22,1255,-11566,12344,0,0,0,1,0
12,180,18.625,22,2806295,31,2,-6,74014,0,0,0,0,0,22,1255,-11566,12344,0,0,0,1,0
12,180,18.738,24,2806407,31,2,-6,74014,0,0,0,0,0,22,1255,-11566,12344,0,0,0,1,0
12,180,18.793,25,2806463,31,2,-6,74014,0,0,0,0,0,22,1255,-11566,12344,0,0,0,1,0
12,180,18.849,26,2806519,31,2,-6,74014,0,0,0,0,0,22,1255,-11566,12344,0,0,0,1,0
12,180,18.905,27,2806575,31,2,-6,74014,0,0,0,0,0,22,1255,-11566,12344,0,0,0,1,0
12,180,18.962,28,2806631,31,2,-6,74014,0,0,0,0,0,22,1255,-11566,12344,0,0,0,1,0
12,180,19.019,29,2806687,31,2,-6,74014,0,0,0,0,0,22,1255,-11566,12344,0,0,0,1,0
12,180,19.075,30,2806743,31,2,-6,74014,0,0,0,0,0,22,1255,-11566,12344,0,0,0,1,0
12,180,19.133,31,2806799,31,2,-6,74014,0,0,0,0,0,22,1255,-11566,12344,0,0,0,1,0
12,180,19.194,32,2806855,31,2,-6,74014,0,0,0,0,0,22,1255,-11566,12344,0,0,0,1,0
12,180,19.296,34,2806963,31,2,-6,74014,0,0,0,0,0,22,1255,-11566,12344,0,0,0,1,0
12,180,19.35,35,2807019,31,2,-6,74014,0,0,0,0,0,22,1255,-11566,12344,0,0,0,1,0
12,180,19.406,36,2807075,31,2,-6,74014,0,0,0,0,0,22,1255,-11566,12344,0,0,0,1,0
12,180,19.518,38,2807187,31,2,-6,74014,0,0,0,0,0,22,1255,-11566,12344,0,0,0,1,0
12,180,19.63,40,2807299,31,2,-6,74014,0,0,0,0,0,22,1255,-11566,12344,0,0,0,1,0
12,180,19.742,42,2807411,31,2,-6,74014,0,0,0,0,0,22,1255,-11566,12344,0,0,0,1,0
12,180,19.798,43,2807467,31,2,-6,74014,0,0,0,0,0,22,1255,-11566,12344,0,0,0,1,0
12,180,19.854,44,2807523,31,2,-6,74014,0,0,0,0,0,22,1255,-11566,12344,0,0,0,1,0
13,90,-0.048,57,2822531,31,2,-6,74014,0,0,0,0,0,22,1255,-11566,12344,0,0,0,1,0
13,90,0.008,58,2822587,31,2,-6,74014,0,0,0,0,0,22,1255,-11566,12344,0,0,0,1,0
13,90,0.061,59,2822639,31,2,-6,74014,0,0,0,0,0,22,1256,-11566,12344,-800,800,0,1,0
13,90,0.134,60,2822711,31,3,-6,74203,0,0,0,-32,47,22,1259,-11594,12377,-1100,1100,0,1,0
13,90,0.215,61,2822783,31,3,-6,74454,0,0,0,-41,58,22,1262,-11627,12425,-1300,1200,0,1,0
13,90,0.281,62,2822855,31,3,-6,74770,0,0,0,-55,55,22,1265,-11677,12477,-1700,1700,0,1,0
13,90,0.35,63,2822927,31,3,-5,75271,0,0,0,-96,90,22,1268,-11755,12561,-2200,2300,0,1,0
13,90,0.421,64,2822999,31,4,-5,76008,0,0,0,-114,137,22,1271,-11866,12688,-2600,2600,0,1,0
13,90,0.492,65,2823071,31,4,-5,76965,0,0,0,-161,172,22,1274,-12016,12847,-2900,2900,0,1,0
13,90,0.565,66,2823143,31,4,-5,78033,0,0,0,-163,163,22,1277,-12183,13025,-2800,2800,0,1,0
13,90,0.709,68,2823287,31,4,-3,80233,0,0,0,-163,187,22,1283,-12522,13397,-2700,2700,0,1,0
13,90,0.781,69,2823359,31,4,-3,81308,0,0,0,-163,163,22,1286,-12694,13572,-2700,2600,0,1,0
13,90,0.852,70,2823431,31,4,-3,82372,0,0,0,-161,155,22,1289,-12866,13744,-2000,1700,0,1,0
13,90,1.04,72,2823619,31,5,-5,83413,0,0,0,0,0,22,1299,-13052,13894,0,0,0,1,0
13,90,1.113,73,2823691,31,5,-5,83413,0,0,0,0,0,22,1302,-13052,13894,0,0,0,1,0
13,90,1.186,74,2823763,31,5,-5,83413,0,0,0,0,0,22,1305,-13052,13894,0,0,0,1,0
13,90,1.255,75,2823835,31,5,-5,83413,0,0,0,0,0,22,1308,-13052,13894,0,0,0,1,0
13,90,1.327,76,2823907,31,5,-5,83413,0,0,0,0,0,22,1311,-13052,13894,0,0,0,1,0
13,90,1.4,77,2823979,31,5,-5,83413,0,0,0,0,0,22,1314,-13052,13894,0,0,0,1,0
13,90,1.471,78,2824051,31,5,-5,83413,0,0,0,0,0,22,1317,-13052,13894,0,0,0,1,0
13,90,1.545,79,2824123,31,5,-5,83413,0,0,0,0,0,22,1320,-13052,13894,0,0,0,1,0
13,90,1.624,80,2824195,31,5,-5,83413,0,0,0,0,0,22,1323,-13052,13894,0,0,0,1,0
13,90,1.688,81,2824267,31,5,-5,83413,0,0,0,0,0,22,1326,-13052,13894,0,0,0,1,0
13,90,1.832,83,2824411,31,5,-5,83413,0,0,0,0,0,22,1332,-13052,13894,0,0,0,1,0
13,90,1.915,84,2824485,31,5,-5,83413,0,0,0,0,0,22,1335,-13052,13894,0,0,0,1,0
13,90,1.956,85,2824535,31,5,-5,83413,0,0,0,0,0,22,1335,-13052,13894,0,0,0,1,0
13,90,2.069,87,2824647,31,5,-5,83413,0,0,0,0,0,22,1335,-13052,13894,0,0,0,1,0
13,90,2.125,88,2824703,31,5,-5,83413,0,0,0,0,0,22,1335,-13052,13894,0,0,0,1,0
13,90,2.236,90,2824815,31,5,-5,83413,0,0,0,0,0,22,1335,-13052,13894,0,0,0,1,0
13,90,2.293,91,2824871,31,5,-5,83413,0,0,0,0,0,22,1335,-13052,13894,0,0,0,1,0
13,90,2.349,92,2824927,31,5,-5,83413,0,0,0,0,0,22,1335,-13052,13894,0,0,0,1,0
13,90,2.404,93,2824983,31,5,-5,83413,0,0,0,0,0,22,1335,-13052,13894,0,0,0,1,0
13,90,2.46,94,2825039,31,5,-5,83413,0,0,0,0,0,22,1335,-13052,13894,0,0,0,1,0
13,90,2.517,95,2825095,31,5,-5,83413,0,0,0,0,0,22,1335,-13052,13894,0,0,0,1,0
13,90,2.572,96,2825151,31,5,-5,83413,0,0,0,0,0,22,1335,-13052,13894,0,0,0,1,0
13,90,2.684,98,2825263,31,5,-5,83413,0,0,0,0,0,22,1335,-13052,13894,0,0,0,1,0
13,90,2.75,99,2825319,31,5,-5,83413,0,0,0,0,0,22,1335,-13052,13894,0,0,0,1,0
13,90,2.792,100,2825371,31,5,-5,83413,0,0,0,0,0,22,1335,-13052,13894,0,0,0,1,0
13,90,2.849,101,2825427,31,5,-5,83413,0,0,0,0,0,22,1335,-13052,13894,0,0,0,1,0
13,90,2.904,102,2825483,31,5,-5,83413,0,0,0,0,0,22,1335,-13052,13894,0,0,0,1,0
13,90,2.96,103,2825539,31,5,-5,83413,0,0,0,0,0,22,1335,-13052,13894,0,0,0,1,0
13,90,3.017,104,2825595,31,5,-5,83413,0,0,0,0,0,22,1335,-13052,13894,0,0,0,1,0
13,90,3.071,105,2825651,31,5,-5,83413,0,0,0,0,0,22,1335,-13052,13894,0,0,0,1,0
13,90,3.127,106,2825707,31,5,-5,83413,0,0,0,0,0,22,1335,-13052,13894,0,0,0,1,0
13,90,3.184,107,2825763,31,5,-5,83413,0,0,0,0,0,22,1335,-13052,13894,0,0,0,1,0
13,90,3.24,108,2825819,31,5,-5,83413,0,0,0,0,0,22,1335,-13052,13894,0,0,0,1,0
13,90,3.351,110,2825931,31,5,-5,83413,0,0,0,0,0,22,1335,-13052,13894,0,0,0,1,0
13,90,3.409,111,2825987,31,5,-5,83413,0,0,0,0,0,22,1335,-13052,13894,0,0,0,1,0
13,90,3.467,112,2826043,31,5,-5,83413,0,0,0,0,0,22,1335,-13052,13894,0,0,0,1,0
13,90,3.519,113,2826099,31,5,-5,83413,0,0,0,0,0,22,1335,-13052,13894,0,0,0,1,0
13,90,3.575,114,2826155,31,5,-5,83413,0,0,0,0,0,22,1335,-13052,13894,0,0,0,1,0
13,90,3.632,115,2826211,31,5,-5,83413,0,0,0,0,0,22,1335,-13052,13894,0,0,0,1,0
13,90,3.688,116,2826267,31,5,-5,83413,0,0,0,0,0,22,1335,-13052,13894,0,0,0,1,0
13,90,3.743,117,2826323,31,5,-5,83413,0,0,0,0,0,22,1335,-13052,13894,0,0,0,1,0
13,90,3.809,118,2826379,31,5,-5,83413,0,0,0,0,0,22,1335,-13052,13894,0,0,0,1,0
13,90,3.852,119,2826431,31,5,-5,83413,0,0,0,0,0,22,1335,-13052,13894,0,0,0,1,0
13,90,3.963,121,2826543,31,5,-5,83413,0,0,0,0,0,22,1335,-13052,13894,0,0,0,1,0
13,90,4.02,122,2826599,31,5,-5,83413,0,0,0,0,0,22,1335,-13052,13894,0,0,0,1,0
13,90,4.076,123,2826655,31,5,-5,83413,0,0,0,0,0,22,1335,-13052,13894,0,0,0,1,0
13,90,4.132,124,2826711,31,5,-5,83413,0,0,0,0,0,22,1335,-13052,13894,0,0,0,1,0
13,90,4.187,125,2826767,31,5,-5,83413,0,0,0,0,0,22,1335,-13052,13894,0,0,0,1,0
13,90,4.244,126,2826823,31,5,-5,83413,0,0,0,0,0,22,1335,-13052,13894,0,0,0,1,0
13,90,4.301,127,2826879,31,5,-5,83413,0,0,0,0,0,22,1335,-13052,13894,0,0,0,1,0
13,90,4.412,1,2826991,31,5,-5,83413,0,0,0,0,0,22,1335,-13052,13894,0,0,0,1,0
13,90,4.472,2,2827047,31,5,-5,83413,0,0,0,0,0,22,1335,-13052,13894,0,0,0,1,0
13,90,4.58,4,2827159,31,5,-5,83413,0,0,0,0,0,22,1335,-13052,13894,0,0,0,1,0
13,90,4.691,6,2827271,31,5,-5,83413,0,0,0,0,0,22,1335,-13052,13894,0,0,0,1,0
13,90,4.747,7,2827327,31,5,-5,83413,0,0,0,0,0,22,1335,-13052,13894,0,0,0,1,0
13,90,4.808,8,2827383,31,5,-5,83413,0,0,0,0,0,22,1335,-13052,13894,0,0,0,1,0
13,90,4.868,9,2827439,31,5,-5,83413,0,0,0,0,0,22,1335,-13052,13894,0,0,0,1,0
13,90,4.912,10,2827491,31,5,-5,83413,0,0,0,0,0,22,1335,-13052,13894,0,0,0,1,0
13,90,4.967,11,2827547,31,5,-5,83413,0,0,0,0,0,22,1335,-13052,13894,0,0,0,1,0
13,90,5.023,12,2827603,31,5,-5,83413,0,0,0,0,0,22,1335,-13052,13894,0,0,0,1,0
13,90,5.084,13,2827659,31,5,-5,83413,0,0,0,0,0,22,1335,-13052,13894,0,0,0,1,0
13,90,5.192,15,2827771,31,5,-5,83413,0,0,0,0,0,22,1335,-13052,13894,0,0,0,1,0
13,90,5.304,17,2827883,31,5,-5,83413,0,0,0,0,0,22,1335,-13052,13894,0,0,0,1,0
13,90,5.359,18,2827939,31,5,-5,83413,0,0,0,0,0,22,1335,-13052,13894,0,0,0,1,0
13,90,5.416,19,2827995,31,5,-5,83413,0,0,0,0,0,22,1335,-13052,13894,0,0,0,1,0
13,90,5.529,21,2828107,31,5,-5,83413,0,0,0,0,0,22,1335,-13052,13894,0,0,0,1,0
13,90,5.584,22,2828163,31,5,-5,83413,0,0,0,0,0,22,1335,-13052,13894,0,0,0,1,0
13,90,5.643,23,2828219,31,5,-5,83413,0,0,0,0,0,22,1335,-13052,13894,0,0,0,1,0
13,90,5.698,24,2828275,31,5,-5,83413,0,0,0,0,0,22,1335,-13052,13894,0,0,0,1,0
13,90,5.808,26,2828387,31,5,-5,83413,0,0,0,0,0,22,1335,-13052,13894,0,0,0,1,0
13,90,5.928,28,2828499,31,5,-5,83413,0,0,0,0,0,22,1335,-13052,13894,0,0,0,1,0
13,90,5.972,29,2828551,31,5,-5,83413,0,0,0,0,0,22,1335,-13052,13894,0,0,0,1,0
13,90,6.029,30,2828607,31,5,-5,83413,0,0,0,0,0,22,1335,-13052,13894,0,0,0,1,0
13,90,6.083,31,2828663,31,5,-5,83413,0,0,0,0,0,22,1335,-13052,13894,0,0,0,1,0
13,90,6.139,32,2828719,31,5,-5,83413,0,0,0,0,0,22,1335,-13052,13894,0,0,0,1,0
13,90,6.195,33,2828775,31,5,-5,83413,0,0,0,0,0,22,1335,-13052,13894,0,0,0,1,0
13,90,6.253,34,2828831,31,5,-5,83413,0,0,0,0,0,22,1335,-13052,13894,0,0,0,1,0
13,90,6.307,35,2828887,31,5,-5,83413,0,0,0,0,0,22,1335,-13052,13894,0,0,0,1,0
13,90,6.531,39,2829111,31,5,-5,83413,0,0,0,0,0,22,1335,-13052,13894,0,0,0,1,0
13,90,6.587,40,2829167,31,5,-5,83413,0,0,0,0,0,22,1335,-13052,13894,0,0,0,1,0
13,90,6.644,41,2829223,31,5,-5,83413,0,0,0,0,0,22,1335,-13052,13894,0,0,0,1,0
13,90,6.7,42,2829279,31,5,-5,83413,0,0,0,0,0,22,1335,-13052,13894,0,0,0,1,0
13,90,6.755,43,2829335,31,5,-5,83413,0,0,0,0,0,22,1335,-13052,13894,0,0,0,1,0
13,90,6.811,44,2829391,31,5,-5,83413,0,0,0,0,0,22,1335,-13052,13894,0,0,0,1,0
13,90,6.867,45,2829447,31,5,-5,83413,0,0,0,0,0,22,1335,-13052,13894,0,0,0,1,0
13,90,6.923,46,2829503,31,5,-5,83413,0,0,0,0,0,22,1335,-13052,13894,0,0,0,1,0
13,90,7.144,50,2829723,31,5,-5,83413,0,0,0,0,0,22,1335,-13052,13894,0,0,0,1,0
13,90,7.2,51,2829779,31,5,-5,83413,0,0,0,0,0,22,1335,-13052,13894,0,0,0,1,0
13,90,7.257,52,2829835,31,5,-5,83413,0,0,0,0,0,22,1335,-13052,13894,0,0,0,1,0
13,90,7.311,53,2829891,31,5,-5,83413,0,0,0,0,0,22,1335,-13052,13894,0,0,0,1,0
13,90,7.367,54,2829947,31,5,-5,83413,0,0,0,0,0,22,1335,-13052,13894,0,0,0,1,0
13,90,7.423,55,2829997,31,5,-5,83413,0,0,0,0,0,22,1335,-13052,13894,0,0,0,1,0
13,90,7.471,56,2830051,31,5,-5,83413,0,0,0,0,0,22,1335,-13052,13894,0,0,0,1,0
13,90,7.527,57,2830107,31,5,-5,83413,0,0,0,0,0,22,1335,-13052,13894,0,0,0,1,0
13,90,7.64,59,2830219,31,5,-5,83413,0,0,0,0,0,22,1335,-13052,13894,0,0,0,1,0
13,90,7.752,61,2830331,31,5,-5,83413,0,0,0,0,0,22,1335,-13052,13894,0,0,0,1,0
13,90,7.808,62,2830387,31,5,-5,83413,0,0,0,0,0,22,1335,-13052,13894,0,0,0,1,0
13,90,7.863,63,2830443,31,5,-5,83413,0,0,0,0,0,22,1335,-13052,13894,0,0,0,1,0
13,90,7.919,64,2830499,31,5,-5,83413,0,0,0,0,0,22,1335,-13052,13894,0,0,0,1,0
13,90,7.975,65,2830555,31,5,-5,83413,0,0,0,0,0,22,1335,-13052,13894,0,0,0,1,0
13,90,8.04,66,2830611,31,5,-5,83413,0,0,0,0,0,22,1335,-13052,13894,0,0,0,1,0
13,90,8.083,67,2830663,31,5,-5,83413,0,0,0,0,0,22,1335,-13052,13894,0,0,0,1,0
13,90,8.14,68,2830719,31,5,-5,83413,0,0,0,0,0,22,1335,-13052,13894,0,0,0,1,0
13,90,8.197,69,2830775,31,5,-5,83413,0,0,0,0,0,22,1335,-13052,13894,0,0,0,1,0
13,90,8.253,70,2830831,31,5,-5,83413,0,0,0,0,0,22,1335,-13052,13894,0,0,0,1,0
13,90,8.307,71,2830887,31,5,-5,83413,0,0,0,0,0,22,1335,-13052,13894,0,0,0,1,0
13,90,8.365,72,2830943,31,5,-5,83413,0,0,0,0,0,22,1335,-13052,13894,0,0,0,1,0
13,90,8.476,74,2831055,31,5,-5,83413,0,0,0,0,0,22,1335,-13052,13894,0,0,0,1,0
13,90,8.531,75,2831111,31,5,-5,83413,0,0,0,0,0,22,1335,-13052,13894,0,0,0,1,0
13,90,8.587,76,2831167,31,5,-5,83413,0,0,0,0,0,22,1335,-13052,13894,0,0,0,1,0
13,90,8.644,77,2831223,31,5,-5,83413,0,0,0,0,0,22,1335,-13052,13894,0,0,0,1,0
13,90,8.701,78,2831279,31,5,-5,83413,0,0,0,0,0,22,1335,-13052,13894,0,0,0,1,0
13,90,8.755,79,2831335,31,5,-5,83413,0,0,0,0,0,22,1335,-13052,13894,0,0,0,1,0
13,90,8.811,80,2831391,31,5,-5,83413,0,0,0,0,0,22,1335,-13052,13894,0,0,0,1,0
13,90,8.87,81,2831447,31,5,-5,83413,0,0,0,0,0,22,1335,-13052,13894,0,0,0,1,0
13,90,8.923,82,2831503,31,5,-5,83413,0,0,0,0,0,22,1335,-13052,13894,0,0,0,1,0
13,90,8.979,83,2831559,31,5,-5,83413,0,0,0,0,0,22,1335,-13052,13894,0,0,0,1,0
13,90,9.036,84,2831615,31,5,-5,83413,0,0,0,0,0,22,1335,-13052,13894,0,0,0,1,0
13,90,9.1,85,2831671,31,5,-5,83413,0,0,0,0,0,22,1335,-13052,13894,0,0,0,1,0
13,90,9.143,86,2831723,31,5,-5,83413,0,0,0,0,0,22,1335,-13052,13894,0,0,0,1,0
13,90,9.2,87,2831779,31,5,-5,83413,0,0,0,0,0,22,1335,-13052,13894,0,0,0,1,0
13,90,9.256,88,2831835,31,5,-5,83413,0,0,0,0,0,22,1335,-13052,13894,0,0,0,1,0
13,90,9.312,89,2831891,31,5,-5,83413,0,0,0,0,0,22,1335,-13052,13894,0,0,0,1,0
13,90,9.367,90,2831947,31,5,-5,83413,0,0,0,0,0,22,1335,-13052,13894,0,0,0,1,0
13,90,9.424,91,2832003,31,5,-5,83413,0,0,0,0,0,22,1335,-13052,13894,0,0,0,1,0
13,90,9.479,92,2832059,31,5,-5,83413,0,0,0,0,0,22,1335,-13052,13894,0,0,0,1,0
13,90,9.535,93,2832115,31,5,-5,83413,0,0,0,0,0,22,1335,-13052,13894,0,0,0,1,0
13,90,9.648,95,2832227,31,5,-5,83413,0,0,0,0,0,22,1335,-13052,13894,0,0,0,1,0
13,90,9.703,96,2832283,31,5,-5,83413,0,0,0,0,0,22,1335,-13052,13894,0,0,0,1,0
13,90,9.759,97,2832339,31,5,-5,83413,0,0,0,0,0,22,1335,-13052,13894,0,0,0,1,0
13,90,9.816,98,2832395,31,5,-5,83413,0,0,0,0,0,22,1335,-13052,13894,0,0,0,1,0
13,90,9.871,99,2832451,31,5,-5,83413,0,0,0,0,0,22,1335,-13052,13894,0,0,0,1,0
13,90,9.927,100,2832507,31,5,-5,83413,0,0,0,0,0,22,1335,-13052,13894,0,0,0,1,0
13,90,9.983,101,2832563,31,5,-5,83413,0,0,0,0,0,22,1335,-13052,13894,0,0,0,1,0
13,90,10.039,102,2832619,31,5,-5,83413,0,0,0,0,0,22,1335,-13052,13894,0,0,0,1,0
13,90,10.096,103,2832675,31,5,-5,83413,0,0,0,0,0,22,1335,-13052,13894,0,0,0,1,0
13,90,10.318,107,2832895,31,5,-5,83413,0,0,0,0,0,22,1335,-13052,13894,0,0,0,1,0
13,90,10.372,108,2832951,31,5,-5,83413,0,0,0,0,0,22,1335,-13052,13894,0,0,0,1,0
13,90,10.484,110,2833063,31,5,-5,83413,0,0,0,0,0,22,1335,-13052,13894,0,0,0,1,0
13,90,10.54,111,2833119,31,5,-5,83413,0,0,0,0,0,22,1335,-13052,13894,0,0,0,1,0
13,90,10.596,112,2833175,31,5,-5,83413,0,0,0,0,0,22,1335,-13052,13894,0,0,0,1,0
13,90,10.651,113,2833231,31,5,-5,83413,0,0,0,0,0,22,1335,-13052,13894,0,0,0,1,0
13,90,10.708,114,2833287,31,5,-5,83413,0,0,0,0,0,22,1335,-13052,13894,0,0,0,1,0
13,90,10.763,115,2833343,31,5,-5,83413,0,0,0,0,0,22,1335,-13052,13894,0,0,0,1,0
13,90,10.931,118,2833511,31,5,-5,83413,0,0,0,0,0,22,1335,-13052,13894,0,0,0,1,0
13,90,10.988,119,2833567,31,5,-5,83413,0,0,0,0,0,22,1335,-13052,13894,0,0,0,1,0
13,90,11.1,121,2833679,31,5,-5,83413,0,0,0,0,0,22,1335,-13052,13894,0,0,0,1,0
13,90,11.156,122,2833735,31,5,-5,83413,0,0,0,0,0,22,1335,-13052,13894,0,0,0,1,0
13,90,11.22,123,2833791,31,5,-5,83413,0,0,0,0,0,22,1335,-13052,13894,0,0,0,1,0
13,90,11.263,124,2833843,31,5,-5,83413,0,0,0,0,0,22,1335,-13052,13894,0,0,0,1,0
13,90,11.319,125,2833899,31,5,-5,83413,0,0,0,0,0,22,1335,-13052,13894,0,0,0,1,0
13,90,11.375,126,2833955,31,5,-5,83413,0,0,0,0,0,22,1335,-13052,13894,0,0,0,1,0
13,90,11.431,127,2834011,31,5,-5,83413,0,0,0,0,0,22,1335,-13052,13894,0,0,0,1,0
13,90,11.543,1,2834123,31,5,-5,83413,0,0,0,0,0,22,1335,-13052,13894,0,0,0,1,0
13,90,11.6,2,2834179,31,5,-5,83413,0,0,0,0,0,22,1335,-13052,13894,0,0,0,1,0
13,90,11.656,3,2834235,31,5,-5,83413,0,0,0,0,0,22,1335,-13052,13894,0,0,0,1,0
13,90,11.712,4,2834291,31,5,-5,83413,0,0,0,0,0,22,1335,-13052,13894,0,0,0,1,0
13,90,11.767,5,2834347,31,5,-5,83413,0,0,0,0,0,22,1335,-13052,13894,0,0,0,1,0
13,90,11.823,6,2834403,31,5,-5,83413,0,0,0,0,0,22,1335,-13052,13894,0,0,0,1,0
14,-90,-0.016,97,2846621,31,5,-5,83413,0,0,0,0,0,22,1335,-13052,13894,0,0,0,1,0
14,-90,0.026,98,2846671,31,5,-5,83413,0,0,0,0,0,22,1335,-13052,13894,0,0,0,1,0
14,-90,0.097,99,2846733,31,5,-5,83406,0,0,0,-8,-13,22,1337,-13055,13889,1000,-1000,0,1,0
14,-90,0.16,100,2846803,31,5,-5,83310,0,0,0,15,-13,23,1340,-13038,13875,1300,-1300,0,1,0
14,-90,0.231,101,2846875,31,5,-5,83112,0,0,0,50,-23,23,1343,-13005,13844,1600,-1500,0,1,0
14,-90,0.304,102,2846947,31,5,-4,82735,0,0,0,73,-73,23,1346,-12941,13786,2100,-2000,0,1,0
14,-90,0.447,104,2847091,31,5,-4,81404,0,0,0,120,-129,23,1352,-12722,13575,2800,-2900,0,1,0
14,-90,0.519,105,2847163,31,5,-4,80419,0,0,0,164,-164,23,1355,-12566,13413,3000,-3000,0,1,0
14,-90,0.592,106,2847235,31,5,-4,79345,0,0,0,155,-178,23,1358,-12391,13241,2900,-2900,0,1,0
14,-90,0.663,107,2847307,31,5,-4,78280,0,0,0,161,-178,23,1361,-12222,13066,2900,-2900,0,1,0
14,-90,0.722,108,2847357,31,5,-5,77540,0,0,0,155,-178,23,1363,-12105,12944,2900,-2800,0,1,0
14,-90,0.855,110,2847499,31,4,-5,75383,0,0,0,169,-187,23,1369,-11761,12591,2700,-2800,0,1,0
14,-90,1.016,111,2847660,31,4,-5,73940,0,0,0,0,0,23,1378,-11536,12350,0,0,0,1,0
14,-90,1.066,112,2847711,31,4,-5,73940,0,0,0,0,0,23,1379,-11536,12350,0,0,0,1,0
14,-90,1.122,113,2847767,31,4,-5,73940,0,0,0,0,0,23,1379,-11536,12350,0,0,0,1,0
14,-90,1.188,114,2847823,31,4,-5,73940,0,0,0,0,0,23,1379,-11536,12350,0,0,0,1,0
14,-90,1.232,115,2847875,31,4,-5,73940,0,0,0,0,0,23,1379,-11536,12350,0,0,0,1,0
14,-90,1.287,116,2847931,31,4,-5,73940,0,0,0,0,0,23,1379,-11536,12350,0,0,0,1,0
14,-90,1.343,117,2847987,31,4,-5,73940,0,0,0,0,0,23,1379,-11536,12350,0,0,0,1,0
14,-90,1.456,119,2848099,31,4,-5,73940,0,0,0,0,0,23,1379,-11536,12350,0,0,0,1,0
14,-90,1.51,120,2848155,31,4,-5,73940,0,0,0,0,0,23,1379,-11536,12350,0,0,0,1,0
14,-90,1.567,121,2848211,31,4,-5,73940,0,0,0,0,0,23,1379,-11536,12350,0,0,0,1,0
14,-90,1.624,122,2848267,31,4,-5,73940,0,0,0,0,0,23,1379,-11536,12350,0,0,0,1,0
14,-90,1.68,123,2848323,31,4,-5,73940,0,0,0,0,0,23,1379,-11536,12350,0,0,0,1,0
14,-90,1.736,124,2848379,31,4,-5,73940,0,0,0,0,0,23,1379,-11536,12350,0,0,0,1,0
14,-90,1.791,125,2848435,31,4,-5,73940,0,0,0,0,0,23,1379,-11536,12350,0,0,0,1,0
14,-90,1.849,126,2848491,31,4,-5,73940,0,0,0,0,0,23,1379,-11536,12350,0,0,0,1,0
14,-90,1.903,127,2848547,31,4,-5,73940,0,0,0,0,0,23,1379,-11536,12350,0,0,0,1,0
14,-90,1.96,0,2848603,31,4,-5,73940,0,0,0,0,0,23,1379,-11536,12350,0,0,0,1,0
14,-90,2.014,1,2848659,31,4,-5,73940,0,0,0,0,0,23,1379,-11536,12350,0,0,0,1,0
14,-90,2.071,2,2848715,31,4,-5,73940,0,0,0,0,0,23,1379,-11536,12350,0,0,0,1,0
14,-90,2.127,3,2848771,31,4,-5,73940,0,0,0,0,0,23,1379,-11536,12350,0,0,0,1,0
14,-90,2.182,4,2848827,31,4,-5,73940,0,0,0,0,0,23,1379,-11536,12350,0,0,0,1,0
14,-90,2.246,5,2848883,31,4,-5,73940,0,0,0,0,0,23,1379,-11536,12350,0,0,0,1,0
14,-90,2.29,6,2848935,31,4,-5,73940,0,0,0,0,0,23,1379,-11536,12350,0,0,0,1,0
14,-90,2.346,7,2848991,31,4,-5,73940,0,0,0,0,0,23,1379,-11536,12350,0,0,0,1,0
14,-90,2.402,8,2849047,31,4,-5,73940,0,0,0,0,0,23,1379,-11536,12350,0,0,0,1,0
14,-90,2.458,9,2849103,31,4,-5,73940,0,0,0,0,0,23,1379,-11536,12350,0,0,0,1,0
14,-90,2.514,10,2849159,31,4,-5,73940,0,0,0,0,0,23,1379,-11536,12350,0,0,0,1,0
14,-90,2.57,11,2849215,31,4,-5,73940,0,0,0,0,0,23,1379,-11536,12350,0,0,0,1,0
14,-90,2.739,14,2849383,31,4,-5,73940,0,0,0,0,0,23,1379,-11536,12350,0,0,0,1,0
14,-90,2.794,15,2849439,31,4,-5,73940,0,0,0,0,0,23,1379,-11536,12350,0,0,0,1,0
14,-90,2.849,16,2849495,31,4,-5,73940,0,0,0,0,0,23,1379,-11536,12350,0,0,0,1,0
14,-90,2.906,17,2849551,31,4,-5,73940,0,0,0,0,0,23,1379,-11536,12350,0,0,0,1,0
14,-90,2.964,18,2849607,31,4,-5,73940,0,0,0,0,0,23,1379,-11536,12350,0,0,0,1,0
14,-90,3.018,19,2849663,31,4,-5,73940,0,0,0,0,0,23,1379,-11536,12350,0,0,0,1,0
14,-90,3.074,20,2849719,31,4,-5,73940,0,0,0,0,0,23,1379,-11536,12350,0,0,0,1,0
14,-90,3.13,21,2849775,31,4,-5,73940,0,0,0,0,0,23,1379,-11536,12350,0,0,0,1,0
14,-90,3.185,22,2849831,31,4,-5,73940,0,0,0,0,0,23,1379,-11536,12350,0,0,0,1,0
14,-90,3.307,24,2849943,31,4,-5,73940,0,0,0,0,0,23,1379,-11536,12350,0,0,0,1,0
14,-90,3.351,25,2849996,31,4,-5,73940,0,0,0,0,0,23,1379,-11536,12350,0,0,0,1,0
14,-90,3.406,26,2850051,31,4,-5,73940,0,0,0,0,0,23,1379,-11536,12350,0,0,0,1,0
14,-90,3.462,27,2850107,31,4,-5,73940,0,0,0,0,0,23,1379,-11536,12350,0,0,0,1,0
14,-90,3.574,29,2850219,31,4,-5,73940,0,0,0,0,0,23,1379,-11536,12350,0,0,0,1,0
14,-90,3.629,30,2850275,31,4,-5,73940,0,0,0,0,0,23,1379,-11536,12350,0,0,0,1,0
14,-90,3.686,31,2850331,31,4,-5,73940,0,0,0,0,0,23,1379,-11536,12350,0,0,0,1,0
14,-90,3.742,32,2850387,31,4,-5,73940,0,0,0,0,0,23,1379,-11536,12350,0,0,0,1,0
14,-90,3.798,33,2850443,31,4,-5,73940,0,0,0,0,0,23,1379,-11536,12350,0,0,0,1,0
14,-90,3.966,36,2850611,31,4,-5,73940,0,0,0,0,0,23,1379,-11536,12350,0,0,0,1,0
14,-90,4.022,37,2850667,31,4,-5,73940,0,0,0,0,0,23,1379,-11536,12350,0,0,0,1,0
14,-90,4.078,38,2850723,31,4,-5,73940,0,0,0,0,0,23,1379,-11536,12350,0,0,0,1,0
14,-90,4.134,39,2850779,31,4,-5,73940,0,0,0,0,0,23,1379,-11536,12350,0,0,0,1,0
14,-90,4.19,40,2850835,31,4,-5,73940,0,0,0,0,0,23,1379,-11536,12350,0,0,0,1,0
14,-90,4.246,41,2850891,31,4,-5,73940,0,0,0,0,0,23,1379,-11536,12350,0,0,0,1,0
14,-90,4.302,42,2850947,31,4,-5,73940,0,0,0,0,0,23,1379,-11536,12350,0,0,0,1,0
14,-90,4.366,43,2851003,31,4,-5,73940,0,0,0,0,0,23,1379,-11536,12350,0,0,0,1,0
14,-90,4.41,44,2851055,31,4,-5,73940,0,0,0,0,0,23,1379,-11536,12350,0,0,0,1,0
14,-90,4.466,45,2851111,31,4,-5,73940,0,0,0,0,0,23,1379,-11536,12350,0,0,0,1,0
14,-90,4.578,47,2851223,31,4,-5,73940,0,0,0,0,0,23,1379,-11536,12350,0,0,0,1,0
14,-90,4.634,48,2851279,31,4,-5,73940,0,0,0,0,0,23,1379,-11536,12350,0,0,0,1,0
14,-90,4.69,49,2851335,31,4,-5,73940,0,0,0,0,0,23,1379,-11536,12350,0,0,0,1,0
14,-90,4.746,50,2851391,31,4,-5,73940,0,0,0,0,0,23,1379,-11536,12350,0,0,0,1,0
14,-90,4.802,51,2851447,31,4,-5,73940,0,0,0,0,0,23,1379,-11536,12350,0,0,0,1,0
14,-90,4.858,52,2851503,31,4,-5,73940,0,0,0,0,0,23,1379,-11536,12350,0,0,0,1,0
14,-90,4.914,53,2851559,31,4,-5,73940,0,0,0,0,0,23,1379,-11536,12350,0,0,0,1,0
14,-90,4.97,54,2851615,31,4,-5,73940,0,0,0,0,0,23,1379,-11536,12350,0,0,0,1,0
14,-90,5.026,55,2851671,31,4,-5,73940,0,0,0,0,0,23,1379,-11536,12350,0,0,0,1,0
14,-90,5.195,58,2851839,31,4,-5,73940,0,0,0,0,0,23,1379,-11536,12350,0,0,0,1,0
14,-90,5.25,59,2851895,31,4,-5,73940,0,0,0,0,0,23,1379,-11536,12350,0,0,0,1,0
14,-90,5.307,60,2851951,31,4,-5,73940,0,0,0,0,0,23,1379,-11536,12350,0,0,0,1,0
14,-90,5.363,61,2852007,31,4,-5,73940,0,0,0,0,0,23,1379,-11536,12350,0,0,0,1,0
14,-90,5.427,62,2852063,31,4,-5,73940,0,0,0,0,0,23,1379,-11536,12350,0,0,0,1,0
14,-90,5.47,63,2852115,31,4,-5,73940,0,0,0,0,0,23,1379,-11536,12350,0,0,0,1,0
14,-90,5.526,64,2852171,31,4,-5,73940,0,0,0,0,0,23,1379,-11536,12350,0,0,0,1,0
14,-90,5.582,65,2852227,31,4,-5,73940,0,0,0,0,0,23,1379,-11536,12350,0,0,0,1,0
14,-90,5.638,66,2852283,31,4,-5,73940,0,0,0,0,0,23,1379,-11536,12350,0,0,0,1,0
14,-90,5.694,67,2852339,31,4,-5,73940,0,0,0,0,0,23,1379,-11536,12350,0,0,0,1,0
14,-90,5.806,69,2852451,31,4,-5,73940,0,0,0,0,0,23,1379,-11536,12350,0,0,0,1,0
14,-90,5.862,70,2852507,31,4,-5,73940,0,0,0,0,0,23,1379,-11536,12350,0,0,0,1,0
14,-90,5.926,71,2852563,31,4,-5,73940,0,0,0,0,0,23,1379,-11536,12350,0,0,0,1,0
14,-90,5.974,72,2852619,31,4,-5,73940,0,0,0,0,0,23,1379,-11536,12350,0,0,0,1,0
14,-90,6.03,73,2852675,31,4,-5,73940,0,0,0,0,0,23,1379,-11536,12350,0,0,0,1,0
14,-90,6.087,74,2852731,31,4,-5,73940,0,0,0,0,0,23,1379,-11536,12350,0,0,0,1,0
14,-90,6.143,75,2852787,31,4,-5,73940,0,0,0,0,0,23,1379,-11536,12350,0,0,0,1,0
14,-90,6.198,76,2852843,31,4,-5,73940,0,0,0,0,0,23,1379,-11536,12350,0,0,0,1,0
14,-90,6.254,77,2852899,31,4,-5,73940,0,0,0,0,0,23,1379,-11536,12350,0,0,0,1,0
14,-90,6.312,78,2852955,31,4,-5,73940,0,0,0,0,0,23,1379,-11536,12350,0,0,0,1,0
14,-90,6.424,80,2853067,31,4,-5,73940,0,0,0,0,0,23,1379,-11536,12350,0,0,0,1,0
14,-90,6.488,81,2853123,31,4,-5,73940,0,0,0,0,0,23,1379,-11536,12350,0,0,0,1,0
14,-90,6.535,82,2853175,31,4,-5,73940,0,0,0,0,0,23,1379,-11536,12350,0,0,0,1,0
14,-90,6.586,83,2853231,31,4,-5,73940,0,0,0,0,0,23,1379,-11536,12350,0,0,0,1,0
14,-90,6.642,84,2853287,31,4,-5,73940,0,0,0,0,0,23,1379,-11536,12350,0,0,0,1,0
14,-90,6.699,85,2853343,31,4,-5,73940,0,0,0,0,0,23,1379,-11536,12350,0,0,0,1,0
14,-90,6.756,86,2853399,31,4,-5,73940,0,0,0,0,0,23,1379,-11536,12350,0,0,0,1,0
14,-90,6.81,87,2853455,31,4,-5,73940,0,0,0,0,0,23,1379,-11536,12350,0,0,0,1,0
14,-90,6.866,88,2853511,31,4,-5,73940,0,0,0,0,0,23,1379,-11536,12350,0,0,0,1,0
14,-90,6.923,89,2853567,31,4,-5,73940,0,0,0,0,0,23,1379,-11536,12350,0,0,0,1,0
14,-90,7.035,91,2853679,31,4,-5,73940,0,0,0,0,0,23,1379,-11536,12350,0,0,0,1,0
14,-90,7.09,92,2853735,31,4,-5,73940,0,0,0,0,0,23,1379,-11536,12350,0,0,0,1,0
14,-90,7.147,93,2853791,31,4,-5,73940,0,0,0,0,0,23,1379,-11536,12350,0,0,0,1,0
14,-90,7.202,94,2853847,31,4,-5,73940,0,0,0,0,0,23,1379,-11536,12350,0,0,0,1,0
14,-90,7.26,95,2853903,31,4,-5,73940,0,0,0,0,0,23,1379,-11536,12350,0,0,0,1,0
14,-90,7.314,96,2853959,31,4,-5,73940,0,0,0,0,0,23,1379,-11536,12350,0,0,0,1,0
14,-90,7.369,97,2854015,31,4,-5,73940,0,0,0,0,0,23,1379,-11536,12350,0,0,0,1,0
14,-90,7.426,98,2854071,31,4,-5,73940,0,0,0,0,0,23,1379,-11536,12350,0,0,0,1,0
14,-90,7.483,99,2854127,31,4,-5,73940,0,0,0,0,0,23,1379,-11536,12350,0,0,0,1,0
14,-90,7.59,101,2854235,31,4,-5,73940,0,0,0,0,0,23,1379,-11536,12350,0,0,0,1,0
14,-90,7.646,102,2854291,31,4,-5,73940,0,0,0,0,0,23,1379,-11536,12350,0,0,0,1,0
14,-90,7.758,104,2854403,31,4,-5,73940,0,0,0,0,0,23,1379,-11536,12350,0,0,0,1,0
14,-90,7.816,105,2854459,31,4,-5,73940,0,0,0,0,0,23,1379,-11536,12350,0,0,0,1,0
14,-90,7.87,106,2854515,31,4,-5,73940,0,0,0,0,0,23,1379,-11536,12350,0,0,0,1,0
14,-90,7.926,107,2854571,31,4,-5,73940,0,0,0,0,0,23,1379,-11536,12350,0,0,0,1,0
14,-90,7.985,108,2854627,31,4,-5,73940,0,0,0,0,0,23,1379,-11536,12350,0,0,0,1,0
14,-90,8.042,109,2854683,31,4,-5,73940,0,0,0,0,0,23,1379,-11536,12350,0,0,0,1,0
14,-90,8.096,110,2854739,31,4,-5,73940,0,0,0,0,0,23,1379,-11536,12350,0,0,0,1,0
14,-90,8.15,111,2854795,31,4,-5,73940,0,0,0,0,0,23,1379,-11536,12350,0,0,0,1,0
14,-90,8.264,113,2854907,31,4,-5,73940,0,0,0,0,0,23,1379,-11536,12350,0,0,0,1,0
14,-90,8.374,115,2855019,31,4,-5,73940,0,0,0,0,0,23,1379,-11536,12350,0,0,0,1,0
14,-90,8.43,116,2855075,31,4,-5,73940,0,0,0,0,0,23,1379,-11536,12350,0,0,0,1,0
14,-90,8.491,117,2855131,31,4,-5,73940,0,0,0,0,0,23,1379,-11536,12350,0,0,0,1,0
14,-90,8.547,118,2855187,31,4,-5,73940,0,0,0,0,0,23,1379,-11536,12350,0,0,0,1,0
14,-90,8.606,119,2855243,31,4,-5,73940,0,0,0,0,0,23,1379,-11536,12350,0,0,0,1,0
14,-90,8.651,120,2855295,31,4,-5,73940,0,0,0,0,0,23,1379,-11536,12350,0,0,0,1,0
14,-90,8.706,121,2855351,31,4,-5,73940,0,0,0,0,0,23,1379,-11536,12350,0,0,0,1,0
14,-90,8.762,122,2855407,31,4,-5,73940,0,0,0,0,0,23,1379,-11536,12350,0,0,0,1,0
14,-90,8.819,123,2855463,31,4,-5,73940,0,0,0,0,0,23,1379,-11536,12350,0,0,0,1,0
14,-90,8.874,124,2855519,31,4,-5,73940,0,0,0,0,0,23,1379,-11536,12350,0,0,0,1,0
14,-90,8.989,126,2855631,31,4,-5,73940,0,0,0,0,0,23,1379,-11536,12350,0,0,0,1,0
14,-90,9.097,0,2855743,31,4,-5,73940,0,0,0,0,0,23,1379,-11536,12350,0,0,0,1,0
14,-90,9.155,1,2855799,31,4,-5,73940,0,0,0,0,0,23,1379,-11536,12350,0,0,0,1,0
14,-90,9.211,2,2855855,31,4,-5,73940,0,0,0,0,0,23,1379,-11536,12350,0,0,0,1,0
14,-90,9.266,3,2855911,31,4,-5,73940,0,0,0,0,0,23,1379,-11536,12350,0,0,0,1,0
14,-90,9.324,4,2855967,31,4,-5,73940,0,0,0,0,0,23,1379,-11536,12350,0,0,0,1,0
14,-90,9.378,5,2856023,31,4,-5,73940,0,0,0,0,0,23,1379,-11536,12350,0,0,0,1,0
14,-90,9.49,7,2856135,31,4,-5,73940,0,0,0,0,0,23,1379,-11536,12350,0,0,0,1,0
14,-90,9.545,8,2856191,31,4,-5,73940,0,0,0,0,0,23,1379,-11536,12350,0,0,0,1,0
14,-90,9.603,9,2856247,31,4,-5,73940,0,0,0,0,0,23,1379,-11536,12350,0,0,0,1,0
14,-90,9.666,10,2856303,31,4,-5,73940,0,0,0,0,0,23,1379,-11536,12350,0,0,0,1,0
14,-90,9.71,11,2856355,31,4,-5,73940,0,0,0,0,0,23,1379,-11536,12350,0,0,0,1,0
14,-90,9.767,12,2856411,31,4,-5,73940,0,0,0,0,0,23,1379,-11536,12350,0,0,0,1,0
14,-90,9.822,13,2856467,31,4,-5,73940,0,0,0,0,0,23,1379,-11536,12350,0,0,0,1,0
14,-90,9.878,14,2856523,31,4,-5,73940,0,0,0,0,0,23,1379,-11536,12350,0,0,0,1,0
14,-90,9.934,15,2856579,31,4,-5,73940,0,0,0,0,0,23,1379,-11536,12350,0,0,0,1,0
14,-90,9.99,16,2856635,31,4,-5,73940,0,0,0,0,0,23,1379,-11536,12350,0,0,0,1,0
14,-90,10.046,17,2856691,31,4,-5,73940,0,0,0,0,0,23,1379,-11536,12350,0,0,0,1,0
14,-90,10.159,19,2856803,31,4,-5,73940,0,0,0,0,0,23,1379,-11536,12350,0,0,0,1,0
14,-90,10.214,20,2856859,31,4,-5,73940,0,0,0,0,0,23,1379,-11536,12350,0,0,0,1,0
14,-90,10.27,21,2856915,31,4,-5,73940,0,0,0,0,0,23,1379,-11536,12350,0,0,0,1,0
14,-90,10.327,22,2856971,31,4,-5,73940,0,0,0,0,0,23,1379,-11536,12350,0,0,0,1,0
14,-90,10.383,23,2857027,31,4,-5,73940,0,0,0,0,0,23,1379,-11536,12350,0,0,0,1,0
14,-90,10.438,24,2857083,31,4,-5,73940,0,0,0,0,0,23,1379,-11536,12350,0,0,0,1,0
14,-90,10.495,25,2857139,31,4,-5,73940,0,0,0,0,0,23,1379,-11536,12350,0,0,0,1,0
14,-90,10.55,26,2857195,31,4,-5,73940,0,0,0,0,0,23,1379,-11536,12350,0,0,0,1,0
14,-90,10.607,27,2857251,31,4,-5,73940,0,0,0,0,0,23,1379,-11536,12350,0,0,0,1,0
14,-90,10.661,28,2857307,31,4,-5,73940,0,0,0,0,0,23,1379,-11536,12350,0,0,0,1,0
14,-90,10.727,29,2857363,31,4,-5,73940,0,0,0,0,0,23,1379,-11536,12350,0,0,0,1,0
14,-90,10.827,31,2857471,31,4,-5,73940,0,0,0,0,0,23,1379,-11536,12350,0,0,0,1,0
14,-90,10.882,32,2857527,31,4,-5,73940,0,0,0,0,0,23,1379,-11536,12350,0,0,0,1,0
14,-90,10.938,33,2857583,31,4,-5,73940,0,0,0,0,0,23,1379,-11536,12350,0,0,0,1,0
14,-90,10.995,34,2857639,31,4,-5,73940,0,0,0,0,0,23,1379,-11536,12350,0,0,0,1,0
14,-90,11.05,35,2857695,31,4,-5,73940,0,0,0,0,0,23,1379,-11536,12350,0,0,0,1,0
14,-90,11.106,36,2857751,31,4,-5,73940,0,0,0,0,0,23,1379,-11536,12350,0,0,0,1,0
14,-90,11.162,37,2857807,31,4,-5,73940,0,0,0,0,0,23,1379,-11536,12350,0,0,0,1,0
14,-90,11.218,38,2857863,31,4,-5,73940,0,0,0,0,0,23,1379,-11536,12350,0,0,0,1,0
14,-90,11.273,39,2857919,31,4,-5,73940,0,0,0,0,0,23,1379,-11536,12350,0,0,0,1,0
14,-90,11.386,41,2858031,31,4,-5,73940,0,0,0,0,0,23,1379,-11536,12350,0,0,0,1,0
14,-90,11.442,42,2858087,31,4,-5,73940,0,0,0,0,0,23,1379,-11536,12350,0,0,0,1,0
14,-90,11.499,43,2858143,31,4,-5,73940,0,0,0,0,0,23,1379,-11536,12350,0,0,0,1,0
14,-90,11.555,44,2858199,31,4,-5,73940,0,0,0,0,0,23,1379,-11536,12350,0,0,0,1,0
14,-90,11.61,45,2858255,31,4,-5,73940,0,0,0,0,0,23,1379,-11536,12350,0,0,0,1,0
14,-90,11.667,46,2858311,31,4,-5,73940,0,0,0,0,0,23,1379,-11536,12350,0,0,0,1,0
14,-90,11.722,47,2858367,31,4,-5,73940,0,0,0,0,0,23,1379,-11536,12350,0,0,0,1,0
14,-90,11.786,48,2858423,31,4,-5,73940,0,0,0,0,0,23,1379,-11536,12350,0,0,0,1,0
14,-90,11.83,49,2858475,31,4,-5,73940,0,0,0,0,0,23,1379,-11536,12350,0,0,0,1,0
15,107,0.002,119,2869523,31,4,-5,73940,0,0,0,0,0,23,1379,-11536,12350,0,0,0,1,0
15,107,0.063,120,2869583,31,4,-5,73940,0,0,0,0,0,23,1380,-11536,12350,-800,800,0,1,0
15,107,0.122,121,2869633,31,4,-5,73999,0,0,0,-18,17,23,1382,-11544,12361,-1000,1100,0,1,0
15,107,0.182,122,2869703,31,4,-5,74179,0,0,0,-41,50,23,1385,-11569,12394,-1400,1300,0,1,0
15,107,0.256,123,2869775,31,5,-5,74463,0,0,0,-32,67,23,1388,-11605,12450,-1700,1600,0,1,0
15,107,0.398,125,2869919,31,5,-4,75606,0,0,0,-105,129,23,1394,-11780,12644,-2600,2600,0,1,0
15,107,0.485,126,2869969,31,6,-4,76181,0,0,0,-114,155,23,1396,-11866,12744,-2800,2800,0,1,0
15,107,0.527,127,2870041,31,6,-3,77169,0,0,0,-133,180,23,1399,-12016,12913,-2900,2900,0,1,0
15,107,0.683,1,2870183,31,7,-3,79382,0,0,0,-172,178,23,1405,-12361,13283,-2800,2800,0,1,0
15,107,0.734,2,2870255,31,7,-2,80463,0,0,0,-161,169,23,1408,-12527,13466,-2800,2700,0,1,0
15,107,0.806,3,2870327,31,7,-2,81549,0,0,0,-163,178,23,1411,-12700,13644,-2700,2500,0,1,0
15,107,0.878,4,2870399,31,7,-2,82589,0,0,0,-146,164,23,1414,-12869,13811,-2700,2500,0,1,0
15,107,0.954,5,2870471,31,7,-2,83626,0,0,0,-152,161,23,1417,-13038,13977,-2700,2400,0,1,0
15,107,1.095,6,2870616,31,8,-4,84936,0,0,0,0,0,23,1425,-13277,14161,0,0,0,1,0
15,107,1.157,7,2870669,31,8,-4,84936,0,0,0,0,0,23,1427,-13277,14161,0,0,0,1,0
15,107,1.197,8,2870719,31,8,-4,84936,0,0,0,0,0,23,1427,-13277,14161,0,0,0,1,0
15,107,1.37,11,2870887,31,8,-4,84936,0,0,0,0,0,23,1427,-13277,14161,0,0,0,1,0
15,107,1.423,12,2870943,31,8,-4,84936,0,0,0,0,0,23,1427,-13277,14161,0,0,0,1,0
15,107,1.481,13,2870999,31,8,-4,84936,0,0,0,0,0,23,1427,-13277,14161,0,0,0,1,0
15,107,1.54,14,2871055,31,8,-4,84936,0,0,0,0,0,23,1427,-13277,14161,0,0,0,1,0
15,107,1.589,15,2871111,31,8,-4,84936,0,0,0,0,0,23,1427,-13277,14161,0,0,0,1,0
15,107,1.647,16,2871167,31,8,-4,84936,0,0,0,0,0,23,1427,-13277,14161,0,0,0,1,0
15,107,1.702,17,2871223,31,8,-4,84936,0,0,0,0,0,23,1427,-13277,14161,0,0,0,1,0
15,107,1.758,18,2871279,31,8,-4,84936,0,0,0,0,0,23,1427,-13277,14161,0,0,0,1,0
15,107,1.815,19,2871335,31,8,-4,84936,0,0,0,0,0,23,1427,-13277,14161,0,0,0,1,0
15,107,1.87,20,2871391,31,8,-4,84936,0,0,0,0,0,23,1427,-13277,14161,0,0,0,1,0
15,107,1.92,21,2871443,31,8,-4,84936,0,0,0,0,0,23,1427,-13277,14161,0,0,0,1,0
15,107,1.977,22,2871499,31,8,-4,84936,0,0,0,0,0,23,1427,-13277,14161,0,0,0,1,0
15,107,2.032,23,2871555,31,8,-4,84936,0,0,0,0,0,23,1427,-13277,14161,0,0,0,1,0
15,107,2.089,24,2871611,31,8,-4,84936,0,0,0,0,0,23,1427,-13277,14161,0,0,0,1,0
15,107,2.146,25,2871667,31,8,-4,84936,0,0,0,0,0,23,1427,-13277,14161,0,0,0,1,0
15,107,2.2,26,2871723,31,8,-4,84936,0,0,0,0,0,23,1427,-13277,14161,0,0,0,1,0
15,107,2.256,27,2871779,31,8,-4,84936,0,0,0,0,0,23,1427,-13277,14161,0,0,0,1,0
15,107,2.319,28,2871835,31,8,-4,84936,0,0,0,0,0,23,1427,-13277,14161,0,0,0,1,0
15,107,2.368,29,2871891,31,8,-4,84936,0,0,0,0,0,23,1427,-13277,14161,0,0,0,1,0
15,107,2.424,30,2871947,31,8,-4,84936,0,0,0,0,0,23,1427,-13277,14161,0,0,0,1,0
15,107,2.593,33,2872115,31,8,-4,84936,0,0,0,0,0,23,1427,-13277,14161,0,0,0,1,0
15,107,2.649,34,2872171,31,8,-4,84936,0,0,0,0,0,23,1427,-13277,14161,0,0,0,1,0
15,107,2.706,35,2872227,31,8,-4,84936,0,0,0,0,0,23,1427,-13277,14161,0,0,0,1,0
15,107,2.761,36,2872283,31,8,-4,84936,0,0,0,0,0,23,1427,-13277,14161,0,0,0,1,0
15,107,2.816,37,2872339,31,8,-4,84936,0,0,0,0,0,23,1427,-13277,14161,0,0,0,1,0
15,107,2.872,38,2872395,31,8,-4,84936,0,0,0,0,0,23,1427,-13277,14161,0,0,0,1,0
15,107,2.931,39,2872451,31,8,-4,84936,0,0,0,0,0,23,1427,-13277,14161,0,0,0,1,0
15,107,2.98,40,2872503,31,8,-4,84936,0,0,0,0,0,23,1427,-13277,14161,0,0,0,1,0
15,107,3.037,41,2872559,31,8,-4,84936,0,0,0,0,0,23,1427,-13277,14161,0,0,0,1,0
15,107,3.093,42,2872615,31,8,-4,84936,0,0,0,0,0,23,1427,-13277,14161,0,0,0,1,0
15,107,3.204,44,2872727,31,8,-4,84936,0,0,0,0,0,23,1427,-13277,14161,0,0,0,1,0
15,107,3.261,45,2872783,31,8,-4,84936,0,0,0,0,0,23,1427,-13277,14161,0,0,0,1,0
15,107,3.316,46,2872839,31,8,-4,84936,0,0,0,0,0,23,1427,-13277,14161,0,0,0,1,0
15,107,3.372,47,2872895,31,8,-4,84936,0,0,0,0,0,23,1427,-13277,14161,0,0,0,1,0
15,107,3.433,48,2872951,31,8,-4,84936,0,0,0,0,0,23,1427,-13277,14161,0,0,0,1,0
15,107,3.485,49,2873007,31,8,-4,84936,0,0,0,0,0,23,1427,-13277,14161,0,0,0,1,0
15,107,3.54,50,2873063,31,8,-4,84936,0,0,0,0,0,23,1427,-13277,14161,0,0,0,1,0
15,107,3.597,51,2873119,31,8,-4,84936,0,0,0,0,0,23,1427,-13277,14161,0,0,0,1,0
15,107,3.652,52,2873175,31,8,-4,84936,0,0,0,0,0,23,1427,-13277,14161,0,0,0,1,0
15,107,3.708,53,2873231,31,8,-4,84936,0,0,0,0,0,23,1427,-13277,14161,0,0,0,1,0
15,107,3.764,54,2873287,31,8,-4,84936,0,0,0,0,0,23,1427,-13277,14161,0,0,0,1,0
15,107,3.82,55,2873343,31,8,-4,84936,0,0,0,0,0,23,1427,-13277,14161,0,0,0,1,0
15,107,3.933,57,2873455,31,8,-4,84936,0,0,0,0,0,23,1427,-13277,14161,0,0,0,1,0
15,107,4.041,59,2873563,31,8,-4,84936,0,0,0,0,0,23,1427,-13277,14161,0,0,0,1,0
15,107,4.097,60,2873619,31,8,-4,84936,0,0,0,0,0,23,1427,-13277,14161,0,0,0,1,0
15,107,4.153,61,2873675,31,8,-4,84936,0,0,0,0,0,23,1427,-13277,14161,0,0,0,1,0
15,107,4.21,62,2873731,31,8,-4,84936,0,0,0,0,0,23,1427,-13277,14161,0,0,0,1,0
15,107,4.264,63,2873787,31,8,-4,84936,0,0,0,0,0,23,1427,-13277,14161,0,0,0,1,0
15,107,4.321,64,2873843,31,8,-4,84936,0,0,0,0,0,23,1427,-13277,14161,0,0,0,1,0
15,107,4.433,66,2873955,31,8,-4,84936,0,0,0,0,0,23,1427,-13277,14161,0,0,0,1,0
15,107,4.602,69,2874123,31,8,-4,84936,0,0,0,0,0,23,1427,-13277,14161,0,0,0,1,0
15,107,4.657,70,2874179,31,8,-4,84936,0,0,0,0,0,23,1427,-13277,14161,0,0,0,1,0
15,107,4.712,71,2874235,31,8,-4,84936,0,0,0,0,0,23,1427,-13277,14161,0,0,0,1,0
15,107,4.769,72,2874291,31,8,-4,84936,0,0,0,0,0,23,1427,-13277,14161,0,0,0,1,0
15,107,4.825,73,2874347,31,8,-4,84936,0,0,0,0,0,23,1427,-13277,14161,0,0,0,1,0
15,107,4.88,74,2874403,31,8,-4,84936,0,0,0,0,0,23,1427,-13277,14161,0,0,0,1,0
15,107,5.1,78,2874623,31,8,-4,84936,0,0,0,0,0,23,1427,-13277,14161,0,0,0,1,0
15,107,5.157,79,2874679,31,8,-4,84936,0,0,0,0,0,23,1427,-13277,14161,0,0,0,1,0
15,107,5.213,80,2874735,31,8,-4,84936,0,0,0,0,0,23,1427,-13277,14161,0,0,0,1,0
15,107,5.268,81,2874791,31,8,-4,84936,0,0,0,0,0,23,1427,-13277,14161,0,0,0,1,0
15,107,5.325,82,2874847,31,8,-4,84936,0,0,0,0,0,23,1427,-13277,14161,0,0,0,1,0
15,107,5.38,83,2874903,31,8,-4,84936,0,0,0,0,0,23,1427,-13277,14161,0,0,0,1,0
15,107,5.439,84,2874959,31,8,-4,84936,0,0,0,0,0,23,1427,-13277,14161,0,0,0,1,0
15,107,5.492,85,2875015,31,8,-4,84936,0,0,0,0,0,23,1427,-13277,14161,0,0,0,1,0
15,107,5.549,86,2875071,31,8,-4,84936,0,0,0,0,0,23,1427,-13277,14161,0,0,0,1,0
15,107,5.661,88,2875183,31,8,-4,84936,0,0,0,0,0,23,1427,-13277,14161,0,0,0,1,0
15,107,5.717,89,2875239,31,8,-4,84936,0,0,0,0,0,23,1427,-13277,14161,0,0,0,1,0
15,107,5.773,90,2875295,31,8,-4,84936,0,0,0,0,0,23,1427,-13277,14161,0,0,0,1,0
15,107,5.829,91,2875351,31,8,-4,84936,0,0,0,0,0,23,1427,-13277,14161,0,0,0,1,0
15,107,5.885,92,2875407,31,8,-4,84936,0,0,0,0,0,23,1427,-13277,14161,0,0,0,1,0
15,107,5.94,93,2875463,31,8,-4,84936,0,0,0,0,0,23,1427,-13277,14161,0,0,0,1,0
15,107,5.998,94,2875519,31,8,-4,84936,0,0,0,0,0,23,1427,-13277,14161,0,0,0,1,0
15,107,6.052,95,2875575,31,8,-4,84936,0,0,0,0,0,23,1427,-13277,14161,0,0,0,1,0
15,107,6.111,96,2875631,31,8,-4,84936,0,0,0,0,0,23,1427,-13277,14161,0,0,0,1,0
15,107,6.16,97,2875683,31,8,-4,84936,0,0,0,0,0,23,1427,-13277,14161,0,0,0,1,0
15,107,6.216,98,2875739,31,8,-4,84936,0,0,0,0,0,23,1427,-13277,14161,0,0,0,1,0
15,107,6.272,99,2875795,31,8,-4,84936,0,0,0,0,0,23,1427,-13277,14161,0,0,0,1,0
15,107,6.329,100,2875851,31,8,-4,84936,0,0,0,0,0,23,1427,-13277,14161,0,0,0,1,0
15,107,6.385,101,2875907,31,8,-4,84936,0,0,0,0,0,23,1427,-13277,14161,0,0,0,1,0
15,107,6.44,102,2875963,31,8,-4,84936,0,0,0,0,0,23,1427,-13277,14161,0,0,0,1,0
15,107,6.497,103,2876019,31,8,-4,84936,0,0,0,0,0,23,1427,-13277,14161,0,0,0,1,0
15,107,6.552,104,2876075,31,8,-4,84936,0,0,0,0,0,23,1427,-13277,14161,0,0,0,1,0
15,107,6.608,105,2876131,31,8,-4,84936,0,0,0,0,0,23,1427,-13277,14161,0,0,0,1,0
15,107,6.665,106,2876187,31,8,-4,84936,0,0,0,0,0,23,1427,-13277,14161,0,0,0,1,0
15,107,6.721,107,2876243,31,8,-4,84936,0,0,0,0,0,23,1427,-13277,14161,0,0,0,1,0
15,107,6.777,108,2876299,31,8,-4,84936,0,0,0,0,0,23,1427,-13277,14161,0,0,0,1,0
15,107,6.889,110,2876411,31,8,-4,84936,0,0,0,0,0,23,1427,-13277,14161,0,0,0,1,0
15,107,6.944,111,2876467,31,8,-4,84936,0,0,0,0,0,23,1427,-13277,14161,0,0,0,1,0
15,107,7.001,112,2876523,31,8,-4,84936,0,0,0,0,0,23,1427,-13277,14161,0,0,0,1,0
15,107,7.057,113,2876579,31,8,-4,84936,0,0,0,0,0,23,1427,-13277,14161,0,0,0,1,0
15,107,7.112,114,2876635,31,8,-4,84936,0,0,0,0,0,23,1427,-13277,14161,0,0,0,1,0
15,107,7.178,115,2876691,31,8,-4,84936,0,0,0,0,0,23,1427,-13277,14161,0,0,0,1,0
15,107,7.221,116,2876743,31,8,-4,84936,0,0,0,0,0,23,1427,-13277,14161,0,0,0,1,0
15,107,7.276,117,2876799,31,8,-4,84936,0,0,0,0,0,23,1427,-13277,14161,0,0,0,1,0
15,107,7.334,118,2876855,31,8,-4,84936,0,0,0,0,0,23,1427,-13277,14161,0,0,0,1,0
15,107,7.389,119,2876911,31,8,-4,84936,0,0,0,0,0,23,1427,-13277,14161,0,0,0,1,0
15,107,7.444,120,2876967,31,8,-4,84936,0,0,0,0,0,23,1427,-13277,14161,0,0,0,1,0
15,107,7.557,122,2877079,31,8,-4,84936,0,0,0,0,0,23,1427,-13277,14161,0,0,0,1,0
15,107,7.613,123,2877135,31,8,-4,84936,0,0,0,0,0,23,1427,-13277,14161,0,0,0,1,0
15,107,7.674,124,2877191,31,8,-4,84936,0,0,0,0,0,23,1427,-13277,14161,0,0,0,1,0
15,107,7.728,125,2877247,31,8,-4,84936,0,0,0,0,0,23,1427,-13277,14161,0,0,0,1,0
15,107,7.785,126,2877303,31,8,-4,84936,0,0,0,0,0,23,1427,-13277,14161,0,0,0,1,0
15,107,7.839,127,2877359,31,8,-4,84936,0,0,0,0,0,23,1427,-13277,14161,0,0,0,1,0
15,107,7.895,0,2877415,31,8,-4,84936,0,0,0,0,0,23,1427,-13277,14161,0,0,0,1,0
15,107,7.948,1,2877471,31,8,-4,84936,0,0,0,0,0,23,1427,-13277,14161,0,0,0,1,0
15,107,8.004,2,2877527,31,8,-4,84936,0,0,0,0,0,23,1427,-13277,14161,0,0,0,1,0
15,107,8.061,3,2877583,31,8,-4,84936,0,0,0,0,0,23,1427,-13277,14161,0,0,0,1,0
15,107,8.119,4,2877639,31,8,-4,84936,0,0,0,0,0,23,1427,-13277,14161,0,0,0,1,0
15,107,8.173,5,2877695,31,8,-4,84936,0,0,0,0,0,23,1427,-13277,14161,0,0,0,1,0
15,107,8.236,6,2877751,31,8,-4,84936,0,0,0,0,0,23,1427,-13277,14161,0,0,0,1,0
15,107,8.28,7,2877803,31,8,-4,84936,0,0,0,0,0,23,1427,-13277,14161,0,0,0,1,0
15,107,8.336,8,2877859,31,8,-4,84936,0,0,0,0,0,23,1427,-13277,14161,0,0,0,1,0
15,107,8.395,9,2877915,31,8,-4,84936,0,0,0,0,0,23,1427,-13277,14161,0,0,0,1,0
15,107,8.448,10,2877971,31,8,-4,84936,0,0,0,0,0,23,1427,-13277,14161,0,0,0,1,0
15,107,8.504,11,2878027,31,8,-4,84936,0,0,0,0,0,23,1427,-13277,14161,0,0,0,1,0
15,107,8.56,12,2878083,31,8,-4,84936,0,0,0,0,0,23,1427,-13277,14161,0,0,0,1,0
15,107,8.616,13,2878139,31,8,-4,84936,0,0,0,0,0,23,1427,-13277,14161,0,0,0,1,0
15,107,8.673,14,2878195,31,8,-4,84936,0,0,0,0,0,23,1427,-13277,14161,0,0,0,1,0
15,107,8.784,16,2878307,31,8,-4,84936,0,0,0,0,0,23,1427,-13277,14161,0,0,0,1,0
15,107,8.84,17,2878363,31,8,-4,84936,0,0,0,0,0,23,1427,-13277,14161,0,0,0,1,0
15,107,8.896,18,2878419,31,8,-4,84936,0,0,0,0,0,23,1427,-13277,14161,0,0,0,1,0
15,107,8.953,19,2878475,31,8,-4,84936,0,0,0,0,0,23,1427,-13277,14161,0,0,0,1,0
15,107,9.008,20,2878531,31,8,-4,84936,0,0,0,0,0,23,1427,-13277,14161,0,0,0,1,0
15,107,9.064,21,2878587,31,8,-4,84936,0,0,0,0,0,23,1427,-13277,14161,0,0,0,1,0
15,107,9.12,22,2878643,31,8,-4,84936,0,0,0,0,0,23,1427,-13277,14161,0,0,0,1,0
15,107,9.176,23,2878699,31,8,-4,84936,0,0,0,0,0,23,1427,-13277,14161,0,0,0,1,0
15,107,9.232,24,2878755,31,8,-4,84936,0,0,0,0,0,23,1427,-13277,14161,0,0,0,1,0
15,107,9.396,27,2878919,31,8,-4,84936,0,0,0,0,0,23,1427,-13277,14161,0,0,0,1,0
15,107,9.453,28,2878975,31,8,-4,84936,0,0,0,0,0,23,1427,-13277,14161,0,0,0,1,0
15,107,9.508,29,2879031,31,8,-4,84936,0,0,0,0,0,23,1427,-13277,14161,0,0,0,1,0
15,107,9.564,30,2879087,31,8,-4,84936,0,0,0,0,0,23,1427,-13277,14161,0,0,0,1,0
15,107,9.62,31,2879143,31,8,-4,84936,0,0,0,0,0,23,1427,-13277,14161,0,0,0,1,0
15,107,9.677,32,2879199,31,8,-4,84936,0,0,0,0,0,23,1427,-13277,14161,0,0,0,1,0
15,107,9.79,34,2879311,31,8,-4,84936,0,0,0,0,0,23,1427,-13277,14161,0,0,0,1,0
15,107,9.844,35,2879367,31,8,-4,84936,0,0,0,0,0,23,1427,-13277,14161,0,0,0,1,0
15,107,9.9,36,2879423,31,8,-4,84936,0,0,0,0,0,23,1427,-13277,14161,0,0,0,1,0
15,107,10.012,38,2879535,31,8,-4,84936,0,0,0,0,0,23,1427,-13277,14161,0,0,0,1,0
15,107,10.124,40,2879647,31,8,-4,84936,0,0,0,0,0,23,1427,-13277,14161,0,0,0,1,0
15,107,10.181,41,2879703,31,8,-4,84936,0,0,0,0,0,23,1427,-13277,14161,0,0,0,1,0
15,107,10.237,42,2879759,31,8,-4,84936,0,0,0,0,0,23,1427,-13277,14161,0,0,0,1,0
15,107,10.292,43,2879815,31,8,-4,84936,0,0,0,0,0,23,1427,-13277,14161,0,0,0,1,0
15,107,10.357,44,2879871,31,8,-4,84936,0,0,0,0,0,23,1427,-13277,14161,0,0,0,1,0
15,107,10.4,45,2879923,31,8,-4,84936,0,0,0,0,0,23,1427,-13277,14161,0,0,0,1,0
15,107,10.456,46,2879979,31,8,-4,84936,0,0,0,0,0,23,1427,-13277,14161,0,0,0,1,0
15,107,10.512,47,2880029,31,8,-4,84936,0,0,0,0,0,23,1427,-13277,14161,0,0,0,1,0
15,107,10.56,48,2880083,31,8,-4,84936,0,0,0,0,0,23,1427,-13277,14161,0,0,0,1,0
15,107,10.616,49,2880139,31,8,-4,84936,0,0,0,0,0,23,1427,-13277,14161,0,0,0,1,0
15,107,10.784,52,2880307,31,8,-4,84936,0,0,0,0,0,23,1427,-13277,14161,0,0,0,1,0
15,107,10.841,53,2880363,31,8,-4,84936,0,0,0,0,0,23,1427,-13277,14161,0,0,0,1,0
15,107,10.896,54,2880419,31,8,-4,84936,0,0,0,0,0,23,1427,-13277,14161,0,0,0,1,0
15,107,10.952,55,2880475,31,8,-4,84936,0,0,0,0,0,23,1427,-13277,14161,0,0,0,1,0
15,107,11.008,56,2880531,31,8,-4,84936,0,0,0,0,0,23,1427,-13277,14161,0,0,0,1,0
15,107,11.064,57,2880587,31,8,-4,84936,0,0,0,0,0,23,1427,-13277,14161,0,0,0,1,0
15,107,11.12,58,2880643,31,8,-4,84936,0,0,0,0,0,23,1427,-13277,14161,0,0,0,1,0
15,107,11.176,59,2880699,31,8,-4,84936,0,0,0,0,0,23,1427,-13277,14161,0,0,0,1,0
15,107,11.232,60,2880755,31,8,-4,84936,0,0,0,0,0,23,1427,-13277,14161,0,0,0,1,0
15,107,11.344,62,2880867,31,8,-4,84936,0,0,0,0,0,23,1427,-13277,14161,0,0,0,1,0
15,107,11.408,63,2880923,31,8,-4,84936,0,0,0,0,0,23,1427,-13277,14161,0,0,0,1,0
15,107,11.452,64,2880975,31,8,-4,84936,0,0,0,0,0,23,1427,-13277,14161,0,0,0,1,0
15,107,11.508,65,2881031,31,8,-4,84936,0,0,0,0,0,23,1427,-13277,14161,0,0,0,1,0
15,107,11.564,66,2881087,31,8,-4,84936,0,0,0,0,0,23,1427,-13277,14161,0,0,0,1,0
15,107,11.62,67,2881143,31,8,-4,84936,0,0,0,0,0,23,1427,-13277,14161,0,0,0,1,0
15,107,11.681,68,2881199,31,8,-4,84936,0,0,0,0,0,23,1427,-13277,14161,0,0,0,1,0
15,107,11.732,69,2881255,31,8,-4,84936,0,0,0,0,0,23,1427,-13277,14161,0,0,0,1,0
15,107,11.788,70,2881311,31,8,-4,84936,0,0,0,0,0,23,1427,-13277,14161,0,0,0,1,0
15,107,11.844,71,2881367,31,8,-4,84936,0,0,0,0,0,23,1427,-13277,14161,0,0,0,1,0
15,107,11.9,72,2881423,31,8,-4,84936,0,0,0,0,0,23,1427,-13277,14161,0,0,0,1,0
15,107,11.956,73,2881479,31,8,-4,84936,0,0,0,0,0,23,1427,-13277,14161,0,0,0,1,0
15,107,12.013,74,2881535,31,8,-4,84936,0,0,0,0,0,23,1427,-13277,14161,0,0,0,1,0
15,107,12.07,75,2881591,31,8,-4,84936,0,0,0,0,0,23,1427,-13277,14161,0,0,0,1,0
15,107,12.127,76,2881647,31,8,-4,84936,0,0,0,0,0,23,1427,-13277,14161,0,0,0,1,0
15,107,12.236,78,2881759,31,8,-4,84936,0,0,0,0,0,23,1427,-13277,14161,0,0,0,1,0
15,107,12.292,79,2881815,31,8,-4,84936,0,0,0,0,0,23,1427,-13277,14161,0,0,0,1,0
15,107,12.348,80,2881871,31,8,-4,84936,0,0,0,0,0,23,1427,-13277,14161,0,0,0,1,0
15,107,12.404,81,2881927,31,8,-4,84936,0,0,0,0,0,23,1427,-13277,14161,0,0,0,1,0
15,107,12.471,82,2881983,31,8,-4,84936,0,0,0,0,0,23,1427,-13277,14161,0,0,0,1,0
15,107,12.513,83,2882035,31,8,-4,84936,0,0,0,0,0,23,1427,-13277,14161,0,0,0,1,0
15,107,12.625,85,2882147,31,8,-4,84936,0,0,0,0,0,23,1427,-13277,14161,0,0,0,1,0
15,107,12.68,86,2882203,31,8,-4,84936,0,0,0,0,0,23,1427,-13277,14161,0,0,0,1,0
15,107,12.736,87,2882259,31,8,-4,84936,0,0,0,0,0,23,1427,-13277,14161,0,0,0,1,0
15,107,12.795,88,2882315,31,8,-4,84936,0,0,0,0,0,23,1427,-13277,14161,0,0,0,1,0
15,107,12.848,89,2882371,31,8,-4,84936,0,0,0,0,0,23,1427,-13277,14161,0,0,0,1,0
15,107,12.904,90,2882427,31,8,-4,84936,0,0,0,0,0,23,1427,-13277,14161,0,0,0,1,0
15,107,12.96,91,2882483,31,8,-4,84936,0,0,0,0,0,23,1427,-13277,14161,0,0,0,1,0
15,107,13.017,92,2882539,31,8,-4,84936,0,0,0,0,0,23,1427,-13277,14161,0,0,0,1,0
15,107,13.072,93,2882595,31,8,-4,84936,0,0,0,0,0,23,1427,-13277,14161,0,0,0,1,0
16,-107,0.002,85,2896431,31,8,-4,84936,0,0,0,0,0,23,1427,-13277,14161,0,0,0,1,0
16,-107,0.063,86,2896491,31,8,-4,84936,0,0,0,0,0,23,1428,-13277,14161,800,-800,0,1,0
16,-107,0.135,87,2896563,31,8,-4,84833,0,0,0,15,-18,23,1431,-13261,14144,1100,-1100,0,1,0
16,-107,0.207,88,2896635,31,8,-3,84642,0,0,0,41,-26,23,1434,-13227,14116,1300,-1400,0,1,0
16,-107,0.28,89,2896707,31,8,-3,84332,0,0,0,67,-67,23,1437,-13177,14066,1900,-1900,0,1,0
16,-107,0.351,90,2896779,31,8,-3,83818,0,0,0,90,-90,23,1440,-13094,13983,2300,-2300,0,1,0
16,-107,0.41,91,2896829,31,8,-3,83382,0,0,0,96,-105,23,1442,-13022,13914,2500,-2600,0,1,0
16,-107,0.48,92,2896899,31,8,-3,82512,0,0,0,138,-153,23,1445,-12883,13772,3000,-2900,0,1,0
16,-107,0.544,93,2896971,31,8,-3,81496,0,0,0,168,-160,23,1448,-12716,13611,2900,-3000,0,1,0
16,-107,0.688,95,2897115,31,8,-4,79314,0,0,0,169,-178,23,1454,-12372,13250,2900,-2900,0,1,0
16,-107,0.76,96,2897187,31,8,-4,78271,0,0,0,155,-161,23,1457,-12202,13083,2800,-2800,0,1,0
16,-107,0.832,97,2897259,31,7,-4,77197,0,0,0,161,-178,23,1460,-12033,12905,2700,-2700,0,1,0
16,-107,0.907,98,2897331,31,7,-4,76129,0,0,0,163,-178,23,1463,-11866,12727,2800,-2700,0,1,0
16,-107,0.977,99,2897403,31,7,-4,75064,0,0,0,163,-169,23,1466,-11694,12555,2500,-2500,0,1,0
16,-107,1.124,100,2897542,31,6,-5,73885,0,0,0,0,0,23,1474,-11513,12355,0,0,0,1,0
16,-107,1.174,101,2897599,31,6,-5,73885,0,0,0,0,0,23,1474,-11513,12355,0,0,0,1,0
16,-107,1.283,103,2897711,31,6,-5,73885,0,0,0,0,0,23,1474,-11513,12355,0,0,0,1,0
16,-107,1.339,104,2897767,31,6,-5,73885,0,0,0,0,0,23,1474,-11513,12355,0,0,0,1,0
16,-107,1.395,105,2897823,31,6,-5,73885,0,0,0,0,0,23,1474,-11513,12355,0,0,0,1,0
16,-107,1.451,106,2897879,31,6,-5,73885,0,0,0,0,0,23,1474,-11513,12355,0,0,0,1,0
16,-107,1.506,107,2897935,31,6,-5,73885,0,0,0,0,0,23,1474,-11513,12355,0,0,0,1,0
16,-107,1.562,108,2897991,31,6,-5,73885,0,0,0,0,0,23,1474,-11513,12355,0,0,0,1,0
16,-107,1.619,109,2898047,31,6,-5,73885,0,0,0,0,0,23,1474,-11513,12355,0,0,0,1,0
16,-107,1.675,110,2898103,31,6,-5,73885,0,0,0,0,0,23,1474,-11513,12355,0,0,0,1,0
16,-107,1.74,111,2898159,31,6,-5,73885,0,0,0,0,0,23,1474,-11513,12355,0,0,0,1,0
16,-107,1.782,112,2898211,31,6,-5,73885,0,0,0,0,0,23,1474,-11513,12355,0,0,0,1,0
16,-107,1.838,113,2898267,31,6,-5,73885,0,0,0,0,0,23,1474,-11513,12355,0,0,0,1,0
16,-107,1.951,115,2898379,31,6,-5,73885,0,0,0,0,0,23,1474,-11513,12355,0,0,0,1,0
16,-107,2.007,116,2898435,31,6,-5,73885,0,0,0,0,0,23,1474,-11513,12355,0,0,0,1,0
16,-107,2.063,117,2898491,31,6,-5,73885,0,0,0,0,0,23,1474,-11513,12355,0,0,0,1,0
16,-107,2.119,118,2898547,31,6,-5,73885,0,0,0,0,0,23,1474,-11513,12355,0,0,0,1,0
16,-107,2.175,119,2898603,31,6,-5,73885,0,0,0,0,0,23,1474,-11513,12355,0,0,0,1,0
16,-107,2.231,120,2898659,31,6,-5,73885,0,0,0,0,0,23,1474,-11513,12355,0,0,0,1,0
16,-107,2.287,121,2898715,31,6,-5,73885,0,0,0,0,0,23,1474,-11513,12355,0,0,0,1,0
16,-107,2.343,122,2898771,31,6,-5,73885,0,0,0,0,0,23,1474,-11513,12355,0,0,0,1,0
16,-107,2.4,123,2898827,31,6,-5,73885,0,0,0,0,0,23,1474,-11513,12355,0,0,0,1,0
16,-107,2.456,124,2898883,31,6,-5,73885,0,0,0,0,0,23,1474,-11513,12355,0,0,0,1,0
16,-107,2.511,125,2898939,31,6,-5,73885,0,0,0,0,0,23,1474,-11513,12355,0,0,0,1,0
16,-107,2.623,127,2899051,31,6,-5,73885,0,0,0,0,0,23,1474,-11513,12355,0,0,0,1,0
16,-107,2.734,1,2899163,31,6,-5,73885,0,0,0,0,0,23,1474,-11513,12355,0,0,0,1,0
16,-107,2.799,2,2899219,31,6,-5,73885,0,0,0,0,0,23,1474,-11513,12355,0,0,0,1,0
16,-107,2.843,3,2899271,31,6,-5,73885,0,0,0,0,0,23,1474,-11513,12355,0,0,0,1,0
16,-107,2.899,4,2899327,31,6,-5,73885,0,0,0,0,0,23,1474,-11513,12355,0,0,0,1,0
16,-107,2.954,5,2899383,31,6,-5,73885,0,0,0,0,0,23,1474,-11513,12355,0,0,0,1,0
16,-107,3.01,6,2899439,31,6,-5,73885,0,0,0,0,0,23,1474,-11513,12355,0,0,0,1,0
16,-107,3.066,7,2899495,31,6,-5,73885,0,0,0,0,0,23,1474,-11513,12355,0,0,0,1,0
16,-107,3.237,10,2899663,31,6,-5,73885,0,0,0,0,0,23,1474,-11513,12355,0,0,0,1,0
16,-107,3.292,11,2899719,31,6,-5,73885,0,0,0,0,0,23,1474,-11513,12355,0,0,0,1,0
16,-107,3.348,12,2899775,31,6,-5,73885,0,0,0,0,0,23,1474,-11513,12355,0,0,0,1,0
16,-107,3.408,13,2899831,31,6,-5,73885,0,0,0,0,0,23,1474,-11513,12355,0,0,0,1,0
16,-107,3.516,15,2899943,31,6,-5,73885,0,0,0,0,0,23,1474,-11513,12355,0,0,0,1,0
16,-107,3.57,16,2899999,31,6,-5,73885,0,0,0,0,0,23,1474,-11513,12355,0,0,0,1,0
16,-107,3.627,17,2900055,31,6,-5,73885,0,0,0,0,0,23,1474,-11513,12355,0,0,0,1,0
16,-107,3.682,18,2900111,31,6,-5,73885,0,0,0,0,0,23,1474,-11513,12355,0,0,0,1,0
16,-107,3.739,19,2900167,31,6,-5,73885,0,0,0,0,0,23,1474,-11513,12355,0,0,0,1,0
16,-107,3.862,21,2900279,31,6,-5,73885,0,0,0,0,0,23,1474,-11513,12355,0,0,0,1,0
16,-107,3.903,22,2900331,31,6,-5,73885,0,0,0,0,0,23,1474,-11513,12355,0,0,0,1,0
16,-107,3.959,23,2900387,31,6,-5,73885,0,0,0,0,0,23,1474,-11513,12355,0,0,0,1,0
16,-107,4.071,25,2900499,31,6,-5,73885,0,0,0,0,0,23,1474,-11513,12355,0,0,0,1,0
16,-107,4.125,26,2900555,31,6,-5,73885,0,0,0,0,0,23,1474,-11513,12355,0,0,0,1,0
16,-107,4.184,27,2900611,31,6,-5,73885,0,0,0,0,0,23,1474,-11513,12355,0,0,0,1,0
16,-107,4.24,28,2900667,31,6,-5,73885,0,0,0,0,0,23,1474,-11513,12355,0,0,0,1,0
16,-107,4.293,29,2900723,31,6,-5,73885,0,0,0,0,0,23,1474,-11513,12355,0,0,0,1,0
16,-107,4.407,31,2900835,31,6,-5,73885,0,0,0,0,0,23,1474,-11513,12355,0,0,0,1,0
16,-107,4.463,32,2900891,31,6,-5,73885,0,0,0,0,0,23,1474,-11513,12355,0,0,0,1,0
16,-107,4.524,33,2900947,31,6,-5,73885,0,0,0,0,0,23,1474,-11513,12355,0,0,0,1,0
16,-107,4.574,34,2901003,31,6,-5,73885,0,0,0,0,0,23,1474,-11513,12355,0,0,0,1,0
16,-107,4.63,35,2901059,31,6,-5,73885,0,0,0,0,0,23,1474,-11513,12355,0,0,0,1,0
16,-107,4.691,36,2901115,31,6,-5,73885,0,0,0,0,0,23,1474,-11513,12355,0,0,0,1,0
16,-107,4.743,37,2901171,31,6,-5,73885,0,0,0,0,0,23,1474,-11513,12355,0,0,0,1,0
16,-107,4.798,38,2901227,31,6,-5,73885,0,0,0,0,0,23,1474,-11513,12355,0,0,0,1,0
16,-107,4.855,39,2901283,31,6,-5,73885,0,0,0,0,0,23,1474,-11513,12355,0,0,0,1,0
16,-107,4.919,40,2901339,31,6,-5,73885,0,0,0,0,0,23,1474,-11513,12355,0,0,0,1,0
16,-107,5.077,43,2901503,31,6,-5,73885,0,0,0,0,0,23,1474,-11513,12355,0,0,0,1,0
16,-107,5.131,44,2901559,31,6,-5,73885,0,0,0,0,0,23,1474,-11513,12355,0,0,0,1,0
16,-107,5.187,45,2901615,31,6,-5,73885,0,0,0,0,0,23,1474,-11513,12355,0,0,0,1,0
16,-107,5.299,47,2901727,31,6,-5,73885,0,0,0,0,0,23,1474,-11513,12355,0,0,0,1,0
16,-107,5.356,48,2901783,31,6,-5,73885,0,0,0,0,0,23,1474,-11513,12355,0,0,0,1,0
16,-107,5.412,49,2901839,31,6,-5,73885,0,0,0,0,0,23,1474,-11513,12355,0,0,0,1,0
16,-107,5.466,50,2901895,31,6,-5,73885,0,0,0,0,0,23,1474,-11513,12355,0,0,0,1,0
16,-107,5.523,51,2901951,31,6,-5,73885,0,0,0,0,0,23,1474,-11513,12355,0,0,0,1,0
16,-107,5.635,53,2902063,31,6,-5,73885,0,0,0,0,0,23,1474,-11513,12355,0,0,0,1,0
16,-107,5.692,54,2902119,31,6,-5,73885,0,0,0,0,0,23,1474,-11513,12355,0,0,0,1,0
16,-107,5.747,55,2902175,31,6,-5,73885,0,0,0,0,0,23,1474,-11513,12355,0,0,0,1,0
16,-107,5.801,56,2902231,31,6,-5,73885,0,0,0,0,0,23,1474,-11513,12355,0,0,0,1,0
16,-107,5.858,57,2902287,31,6,-5,73885,0,0,0,0,0,23,1474,-11513,12355,0,0,0,1,0
16,-107,5.918,58,2902343,31,6,-5,73885,0,0,0,0,0,23,1474,-11513,12355,0,0,0,1,0
16,-107,5.98,59,2902399,31,6,-5,73885,0,0,0,0,0,23,1474,-11513,12355,0,0,0,1,0
16,-107,6.022,60,2902451,31,6,-5,73885,0,0,0,0,0,23,1474,-11513,12355,0,0,0,1,0
16,-107,6.079,61,2902507,31,6,-5,73885,0,0,0,0,0,23,1474,-11513,12355,0,0,0,1,0
16,-107,6.134,62,2902563,31,6,-5,73885,0,0,0,0,0,23,1474,-11513,12355,0,0,0,1,0
16,-107,6.192,63,2902619,31,6,-5,73885,0,0,0,0,0,23,1474,-11513,12355,0,0,0,1,0
16,-107,6.303,65,2902731,31,6,-5,73885,0,0,0,0,0,23,1474,-11513,12355,0,0,0,1,0
16,-107,6.359,66,2902787,31,6,-5,73885,0,0,0,0,0,23,1474,-11513,12355,0,0,0,1,0
16,-107,6.415,67,2902843,31,6,-5,73885,0,0,0,0,0,23,1474,-11513,12355,0,0,0,1,0
16,-107,6.471,68,2902899,31,6,-5,73885,0,0,0,0,0,23,1474,-11513,12355,0,0,0,1,0
16,-107,6.529,69,2902955,31,6,-5,73885,0,0,0,0,0,23,1474,-11513,12355,0,0,0,1,0
16,-107,6.583,70,2903011,31,6,-5,73885,0,0,0,0,0,23,1474,-11513,12355,0,0,0,1,0
16,-107,6.64,71,2903067,31,6,-5,73885,0,0,0,0,0,23,1474,-11513,12355,0,0,0,1,0
16,-107,6.695,72,2903123,31,6,-5,73885,0,0,0,0,0,23,1474,-11513,12355,0,0,0,1,0
16,-107,6.75,73,2903179,31,6,-5,73885,0,0,0,0,0,23,1474,-11513,12355,0,0,0,1,0
16,-107,6.807,74,2903235,31,6,-5,73885,0,0,0,0,0,23,1474,-11513,12355,0,0,0,1,0
16,-107,6.862,75,2903291,31,6,-5,73885,0,0,0,0,0,23,1474,-11513,12355,0,0,0,1,0
16,-107,6.919,76,2903347,31,6,-5,73885,0,0,0,0,0,23,1474,-11513,12355,0,0,0,1,0
16,-107,6.974,77,2903403,31,6,-5,73885,0,0,0,0,0,23,1474,-11513,12355,0,0,0,1,0
16,-107,7.04,78,2903459,31,6,-5,73885,0,0,0,0,0,23,1474,-11513,12355,0,0,0,1,0
16,-107,7.082,79,2903511,31,6,-5,73885,0,0,0,0,0,23,1474,-11513,12355,0,0,0,1,0
16,-107,7.141,80,2903567,31,6,-5,73885,0,0,0,0,0,23,1474,-11513,12355,0,0,0,1,0
16,-107,7.194,81,2903623,31,6,-5,73885,0,0,0,0,0,23,1474,-11513,12355,0,0,0,1,0
16,-107,7.251,82,2903679,31,6,-5,73885,0,0,0,0,0,23,1474,-11513,12355,0,0,0,1,0
16,-107,7.307,83,2903735,31,6,-5,73885,0,0,0,0,0,23,1474,-11513,12355,0,0,0,1,0
16,-107,7.424,85,2903847,31,6,-5,73885,0,0,0,0,0,23,1474,-11513,12355,0,0,0,1,0
16,-107,7.543,87,2903959,31,6,-5,73885,0,0,0,0,0,23,1474,-11513,12355,0,0,0,1,0
16,-107,7.589,88,2904015,31,6,-5,73885,0,0,0,0,0,23,1474,-11513,12355,0,0,0,1,0
16,-107,7.643,89,2904071,31,6,-5,73885,0,0,0,0,0,23,1474,-11513,12355,0,0,0,1,0
16,-107,7.7,90,2904127,31,6,-5,73885,0,0,0,0,0,23,1474,-11513,12355,0,0,0,1,0
16,-107,7.757,91,2904183,31,6,-5,73885,0,0,0,0,0,23,1474,-11513,12355,0,0,0,1,0
16,-107,7.81,92,2904239,31,6,-5,73885,0,0,0,0,0,23,1474,-11513,12355,0,0,0,1,0
16,-107,7.868,93,2904295,31,6,-5,73885,0,0,0,0,0,23,1474,-11513,12355,0,0,0,1,0
16,-107,7.923,94,2904351,31,6,-5,73885,0,0,0,0,0,23,1474,-11513,12355,0,0,0,1,0
16,-107,7.979,95,2904407,31,6,-5,73885,0,0,0,0,0,23,1474,-11513,12355,0,0,0,1,0
16,-107,8.035,96,2904463,31,6,-5,73885,0,0,0,0,0,23,1474,-11513,12355,0,0,0,1,0
16,-107,8.143,98,2904571,31,6,-5,73885,0,0,0,0,0,23,1474,-11513,12355,0,0,0,1,0
16,-107,8.255,100,2904683,31,6,-5,73885,0,0,0,0,0,23,1474,-11513,12355,0,0,0,1,0
16,-107,8.311,101,2904739,31,6,-5,73885,0,0,0,0,0,23,1474,-11513,12355,0,0,0,1,0
16,-107,8.372,102,2904795,31,6,-5,73885,0,0,0,0,0,23,1474,-11513,12355,0,0,0,1,0
16,-107,8.422,103,2904851,31,6,-5,73885,0,0,0,0,0,23,1474,-11513,12355,0,0,0,1,0
16,-107,8.482,104,2904907,31,6,-5,73885,0,0,0,0,0,23,1474,-11513,12355,0,0,0,1,0
16,-107,8.541,105,2904963,31,6,-5,73885,0,0,0,0,0,23,1474,-11513,12355,0,0,0,1,0
16,-107,8.591,106,2905019,31,6,-5,73885,0,0,0,0,0,23,1474,-11513,12355,0,0,0,1,0
16,-107,8.647,107,2905075,31,6,-5,73885,0,0,0,0,0,23,1474,-11513,12355,0,0,0,1,0
16,-107,8.759,109,2905187,31,6,-5,73885,0,0,0,0,0,23,1474,-11513,12355,0,0,0,1,0
16,-107,8.815,110,2905243,31,6,-5,73885,0,0,0,0,0,23,1474,-11513,12355,0,0,0,1,0
16,-107,8.872,111,2905299,31,6,-5,73885,0,0,0,0,0,23,1474,-11513,12355,0,0,0,1,0
16,-107,8.929,112,2905355,31,6,-5,73885,0,0,0,0,0,23,1474,-11513,12355,0,0,0,1,0
16,-107,8.986,113,2905411,31,6,-5,73885,0,0,0,0,0,23,1474,-11513,12355,0,0,0,1,0
16,-107,9.04,114,2905467,31,6,-5,73885,0,0,0,0,0,23,1474,-11513,12355,0,0,0,1,0
16,-107,9.097,115,2905523,31,6,-5,73885,0,0,0,0,0,23,1474,-11513,12355,0,0,0,1,0
16,-107,9.159,116,2905579,31,6,-5,73885,0,0,0,0,0,23,1474,-11513,12355,0,0,0,1,0
16,-107,9.203,117,2905631,31,6,-5,73885,0,0,0,0,0,23,1474,-11513,12355,0,0,0,1,0
16,-107,9.26,118,2905687,31,6,-5,73885,0,0,0,0,0,23,1474,-11513,12355,0,0,0,1,0
16,-107,9.315,119,2905743,31,6,-5,73885,0,0,0,0,0,23,1474,-11513,12355,0,0,0,1,0
16,-107,9.371,120,2905799,31,6,-5,73885,0,0,0,0,0,23,1474,-11513,12355,0,0,0,1,0
16,-107,9.428,121,2905855,31,6,-5,73885,0,0,0,0,0,23,1474,-11513,12355,0,0,0,1,0
16,-107,9.483,122,2905911,31,6,-5,73885,0,0,0,0,0,23,1474,-11513,12355,0,0,0,1,0
16,-107,9.541,123,2905967,31,6,-5,73885,0,0,0,0,0,23,1474,-11513,12355,0,0,0,1,0
16,-107,9.652,125,2906079,31,6,-5,73885,0,0,0,0,0,23,1474,-11513,12355,0,0,0,1,0
16,-107,9.707,126,2906135,31,6,-5,73885,0,0,0,0,0,23,1474,-11513,12355,0,0,0,1,0
16,-107,9.766,127,2906191,31,6,-5,73885,0,0,0,0,0,23,1474,-11513,12355,0,0,0,1,0
16,-107,9.818,0,2906247,31,6,-5,73885,0,0,0,0,0,23,1474,-11513,12355,0,0,0,1,0
16,-107,9.888,1,2906303,31,6,-5,73885,0,0,0,0,0,23,1474,-11513,12355,0,0,0,1,0
16,-107,9.938,2,2906359,31,6,-5,73885,0,0,0,0,0,23,1474,-11513,12355,0,0,0,1,0
16,-107,9.988,3,2906415,31,6,-5,73885,0,0,0,0,0,23,1474,-11513,12355,0,0,0,1,0
16,-107,10.045,4,2906471,31,6,-5,73885,0,0,0,0,0,23,1474,-11513,12355,0,0,0,1,0
16,-107,10.098,5,2906527,31,6,-5,73885,0,0,0,0,0,23,1474,-11513,12355,0,0,0,1,0
16,-107,10.156,6,2906583,31,6,-5,73885,0,0,0,0,0,23,1474,-11513,12355,0,0,0,1,0
16,-107,10.214,7,2906639,31,6,-5,73885,0,0,0,0,0,23,1474,-11513,12355,0,0,0,1,0
16,-107,10.262,8,2906691,31,6,-5,73885,0,0,0,0,0,23,1474,-11513,12355,0,0,0,1,0
16,-107,10.319,9,2906747,31,6,-5,73885,0,0,0,0,0,23,1474,-11513,12355,0,0,0,1,0
16,-107,10.374,10,2906803,31,6,-5,73885,0,0,0,0,0,23,1474,-11513,12355,0,0,0,1,0
16,-107,10.432,11,2906859,31,6,-5,73885,0,0,0,0,0,23,1474,-11513,12355,0,0,0,1,0
16,-107,10.485,12,2906915,31,6,-5,73885,0,0,0,0,0,23,1474,-11513,12355,0,0,0,1,0
16,-107,10.543,13,2906971,31,6,-5,73885,0,0,0,0,0,23,1474,-11513,12355,0,0,0,1,0
16,-107,10.656,15,2907083,31,6,-5,73885,0,0,0,0,0,23,1474,-11513,12355,0,0,0,1,0
16,-107,10.711,16,2907139,31,6,-5,73885,0,0,0,0,0,23,1474,-11513,12355,0,0,0,1,0
16,-107,10.768,17,2907195,31,6,-5,73885,0,0,0,0,0,23,1474,-11513,12355,0,0,0,1,0
16,-107,10.823,18,2907251,31,6,-5,73885,0,0,0,0,0,23,1474,-11513,12355,0,0,0,1,0
16,-107,10.878,19,2907307,31,6,-5,73885,0,0,0,0,0,23,1474,-11513,12355,0,0,0,1,0
16,-107,10.937,20,2907363,31,6,-5,73885,0,0,0,0,0,23,1474,-11513,12355,0,0,0,1,0
16,-107,10.993,21,2907419,31,6,-5,73885,0,0,0,0,0,23,1474,-11513,12355,0,0,0,1,0
16,-107,11.054,22,2907475,31,6,-5,73885,0,0,0,0,0,23,1474,-11513,12355,0,0,0,1,0
16,-107,11.102,23,2907531,31,6,-5,73885,0,0,0,0,0,23,1474,-11513,12355,0,0,0,1,0
16,-107,11.159,24,2907587,31,6,-5,73885,0,0,0,0,0,23,1474,-11513,12355,0,0,0,1,0
16,-107,11.216,25,2907643,31,6,-5,73885,0,0,0,0,0,23,1474,-11513,12355,0,0,0,1,0
16,-107,11.28,26,2907699,31,6,-5,73885,0,0,0,0,0,23,1474,-11513,12355,0,0,0,1,0
16,-107,11.322,27,2907751,31,6,-5,73885,0,0,0,0,0,23,1474,-11513,12355,0,0,0,1,0
16,-107,11.379,28,2907807,31,6,-5,73885,0,0,0,0,0,23,1474,-11513,12355,0,0,0,1,0
16,-107,11.436,29,2907863,31,6,-5,73885,0,0,0,0,0,23,1474,-11513,12355,0,0,0,1,0
16,-107,11.492,30,2907919,31,6,-5,73885,0,0,0,0,0,23,1474,-11513,12355,0,0,0,1,0
16,-107,11.549,31,2907975,31,6,-5,73885,0,0,0,0,0,23,1474,-11513,12355,0,0,0,1,0
16,-107,11.608,32,2908031,31,6,-5,73885,0,0,0,0,0,23,1474,-11513,12355,0,0,0,1,0
16,-107,11.662,33,2908087,31,6,-5,73885,0,0,0,0,0,23,1474,-11513,12355,0,0,0,1,0
16,-107,11.716,34,2908143,31,6,-5,73885,0,0,0,0,0,23,1474,-11513,12355,0,0,0,1,0
16,-107,11.773,35,2908199,31,6,-5,73885,0,0,0,0,0,23,1474,-11513,12355,0,0,0,1,0
16,-107,11.925,37,2908311,31,6,-5,73885,0,0,0,0,0,23,1474,-11513,12355,0,0,0,1,0
16,-107,11.94,38,2908367,31,6,-5,73885,0,0,0,0,0,23,1474,-11513,12355,0,0,0,1,0
16,-107,11.996,39,2908423,31,6,-5,73885,0,0,0,0,0,23,1474,-11513,12355,0,0,0,1,0
16,-107,12.053,40,2908479,31,6,-5,73885,0,0,0,0,0,23,1474,-11513,12355,0,0,0,1,0
16,-107,12.107,41,2908535,31,6,-5,73885,0,0,0,0,0,23,1474,-11513,12355,0,0,0,1,0
16,-107,12.163,42,2908591,31,6,-5,73885,0,0,0,0,0,23,1474,-11513,12355,0,0,0,1,0
16,-107,12.221,43,2908647,31,6,-5,73885,0,0,0,0,0,23,1474,-11513,12355,0,0,0,1,0
16,-107,12.275,44,2908703,31,6,-5,73885,0,0,0,0,0,23,1474,-11513,12355,0,0,0,1,0
16,-107,12.338,45,2908759,31,6,-5,73885,0,0,0,0,0,23,1474,-11513,12355,0,0,0,1,0
16,-107,12.386,46,2908811,31,6,-5,73885,0,0,0,0,0,23,1474,-11513,12355,0,0,0,1,0
16,-107,12.441,47,2908867,31,6,-5,73885,0,0,0,0,0,23,1474,-11513,12355,0,0,0,1,0
16,-107,12.551,49,2908979,31,6,-5,73885,0,0,0,0,0,23,1474,-11513,12355,0,0,0,1,0
16,-107,12.609,50,2909035,31,6,-5,73885,0,0,0,0,0,23,1474,-11513,12355,0,0,0,1,0
16,-107,12.662,51,2909091,31,6,-5,73885,0,0,0,0,0,23,1474,-11513,12355,0,0,0,1,0
16,-107,12.72,52,2909147,31,6,-5,73885,0,0,0,0,0,23,1474,-11513,12355,0,0,0,1,0
16,-107,12.775,53,2909203,31,6,-5,73885,0,0,0,0,0,23,1474,-11513,12355,0,0,0,1,0
16,-107,12.831,54,2909259,31,6,-5,73885,0,0,0,0,0,23,1474,-11513,12355,0,0,0,1,0
16,-107,12.888,55,2909315,31,6,-5,73885,0,0,0,0,0,23,1474,-11513,12355,0,0,0,1,0
16,-107,12.943,56,2909371,31,6,-5,73885,0,0,0,0,0,23,1474,-11513,12355,0,0,0,1,0
16,-107,12.999,57,2909427,31,6,-5,73885,0,0,0,0,0,23,1474,-11513,12355,0,0,0,1,0
16,-107,13.11,59,2909539,31,6,-5,73885,0,0,0,0,0,23,1474,-11513,12355,0,0,0,1,0
16,-107,13.168,60,2909595,31,6,-5,73885,0,0,0,0,0,23,1474,-11513,12355,0,0,0,1,0
16,-107,13.223,61,2909651,31,6,-5,73885,0,0,0,0,0,23,1474,-11513,12355,0,0,0,1,0
16,-107,13.281,62,2909707,31,6,-5,73885,0,0,0,0,0,23,1474,-11513,12355,0,0,0,1,0
16,-107,13.335,63,2909763,31,6,-5,73885,0,0,0,0,0,23,1474,-11513,12355,0,0,0,1,0
16,-107,13.404,64,2909819,31,6,-5,73885,0,0,0,0,0,23,1474,-11513,12355,0,0,0,1,0
16,-107,13.442,65,2909871,31,6,-5,73885,0,0,0,0,0,23,1474,-11513,12355,0,0,0,1,0
16,-107,13.499,66,2909927,31,6,-5,73885,0,0,0,0,0,23,1474,-11513,12355,0,0,0,1,0
16,-107,13.565,67,2909983,31,6,-5,73885,0,0,0,0,0,23,1474,-11513,12355,0,0,0,1,0
16,-107,13.611,68,2910033,31,6,-5,73885,0,0,0,0,0,23,1474,-11513,12355,0,0,0,1,0
16,-107,13.658,69,2910087,31,6,-5,73885,0,0,0,0,0,23,1474,-11513,12355,0,0,0,1,0
16,-107,13.714,70,2910143,31,6,-5,73885,0,0,0,0,0,23,1474,-11513,12355,0,0,0,1,0
16,-107,13.828,72,2910255,31,6,-5,73885,0,0,0,0,0,23,1474,-11513,12355,0,0,0,1,0
16,-107,13.884,73,2910311,31,6,-5,73885,0,0,0,0,0,23,1474,-11513,12355,0,0,0,1,0
16,-107,13.939,74,2910367,31,6,-5,73885,0,0,0,0,0,23,1474,-11513,12355,0,0,0,1,0
16,-107,13.995,75,2910423,31,6,-5,73885,0,0,0,0,0,23,1474,-11513,12355,0,0,0,1,0
17,180,-0.004,103,2933407,31,6,-5,73885,0,0,0,0,0,23,1474,-11513,12355,0,0,0,1,0
17,180,0.083,104,2933483,31,6,-5,73885,0,0,0,0,0,23,1475,-11513,12355,-800,800,0,1,0
17,180,0.137,105,2933555,31,7,-4,73990,0,0,0,-23,26,23,1478,-11527,12375,-1200,1100,0,1,0
17,180,0.211,106,2933627,31,7,-4,74172,0,0,0,-35,50,23,1481,-11550,12411,-1400,1400,0,1,0
17,180,0.283,107,2933699,31,8,-4,74525,0,0,0,-50,58,23,1484,-11600,12475,-1900,1800,0,1,0
17,180,0.355,108,2933771,31,8,-4,75092,0,0,0,-91,114,23,1487,-11686,12572,-2300,2300,0,1,0
17,180,0.426,109,2933843,31,8,-4,75847,0,0,0,-128,146,23,1490,-11802,12700,-2600,2700,0,1,0
17,180,0.509,110,2933917,31,8,-4,76791,0,0,0,-169,155,23,1493,-11952,12855,-2900,2900,0,1,0
17,180,0.57,111,2933987,31,9,-3,77865,0,0,0,-161,178,23,1496,-12116,13038,-2800,2800,0,1,0
17,180,0.791,114,2934203,31,9,-2,81150,0,0,0,-152,178,23,1505,-12627,13588,-2700,2600,0,1,0
17,180,0.858,115,2934275,31,9,-2,82202,0,0,0,-155,161,23,1508,-12800,13755,-2700,2500,0,1,0
17,180,0.936,116,2934347,31,9,-2,83267,0,0,0,-164,152,23,1511,-12972,13927,-2600,2300,0,1,0
17,180,1.074,118,2934491,31,10,-3,85245,0,0,0,-153,153,23,1517,-13311,14227,-2700,2400,0,1,0
17,180,1.147,119,2934563,31,10,-4,86226,0,0,0,-163,137,23,1520,-13483,14372,-2600,2400,0,1,0
17,180,1.218,120,2934635,31,11,-4,87223,0,0,0,-178,146,23,1523,-13655,14522,-2500,2300,0,1,0
17,180,1.29,121,2934707,31,12,-4,88167,0,0,0,-161,129,23,1526,-13816,14666,-2400,2300,0,1,0
17,180,1.37,122,2934779,31,12,-4,89133,0,0,0,-155,155,23,1529,-13975,14819,-2400,2300,0,1,0
17,180,1.434,123,2934851,31,12,-4,90059,0,0,0,-137,160,23,1532,-14127,14966,-2200,2300,0,1,0
17,180,1.507,124,2934923,31,12,-4,90972,0,0,0,-146,137,23,1535,-14272,15116,-2100,2100,0,1,0
17,180,1.653,125,2935068,31,11,-5,92031,0,0,0,0,0,23,1543,-14436,15294,0,0,0,1,0
17,180,1.702,126,2935119,31,11,-5,92031,0,0,0,0,0,23,1545,-14436,15294,0,0,0,1,0
17,180,1.772,127,2935191,31,11,-5,92031,0,0,0,0,0,23,1548,-14436,15294,0,0,0,1,0
17,180,1.845,0,2935263,31,11,-5,92031,0,0,0,0,0,23,1551,-14436,15294,0,0,0,1,0
17,180,1.918,1,2935335,31,11,-5,92031,0,0,0,0,0,23,1554,-14436,15294,0,0,0,1,0
17,180,1.988,2,2935407,31,11,-5,92031,0,0,0,0,0,23,1557,-14436,15294,0,0,0,1,0
17,180,2.066,3,2935479,31,11,-5,92031,0,0,0,0,0,23,1560,-14436,15294,0,0,0,1,0
17,180,2.135,4,2935551,31,11,-5,92031,0,0,0,0,0,23,1563,-14436,15294,0,0,0,1,0
17,180,2.204,5,2935623,31,11,-5,92031,0,0,0,0,0,23,1566,-14436,15294,0,0,0,1,0
17,180,2.276,6,2935695,31,11,-5,92031,0,0,0,0,0,23,1569,-14436,15294,0,0,0,1,0
17,180,2.348,7,2935767,31,11,-5,92031,0,0,0,0,0,23,1572,-14436,15294,0,0,0,1,0
17,180,2.428,8,2935839,31,11,-5,92031,0,0,0,0,0,23,1575,-14436,15294,0,0,0,1,0
17,180,2.492,9,2935911,31,11,-5,92031,0,0,0,0,0,23,1578,-14436,15294,0,0,0,1,0
17,180,2.57,10,2935983,31,11,-5,92031,0,0,0,0,0,23,1581,-14436,15294,0,0,0,1,0
17,180,2.801,14,2936219,31,11,-5,92031,0,0,0,0,0,23,1584,-14436,15294,0,0,0,1,0
17,180,2.856,15,2936275,31,11,-5,92031,0,0,0,0,0,23,1584,-14436,15294,0,0,0,1,0
17,180,2.912,16,2936331,31,11,-5,92031,0,0,0,0,0,23,1584,-14436,15294,0,0,0,1,0
17,180,2.986,17,2936387,31,11,-5,92031,0,0,0,0,0,23,1584,-14436,15294,0,0,0,1,0
17,180,3.023,18,2936443,31,11,-5,92031,0,0,0,0,0,23,1584,-14436,15294,0,0,0,1,0
17,180,3.082,19,2936499,31,11,-5,92031,0,0,0,0,0,23,1584,-14436,15294,0,0,0,1,0
17,180,3.136,20,2936555,31,11,-5,92031,0,0,0,0,0,23,1584,-14436,15294,0,0,0,1,0
17,180,3.195,21,2936611,31,11,-5,92031,0,0,0,0,0,23,1584,-14436,15294,0,0,0,1,0
17,180,3.249,22,2936667,31,11,-5,92031,0,0,0,0,0,23,1584,-14436,15294,0,0,0,1,0
17,180,3.416,25,2936835,31,11,-5,92031,0,0,0,0,0,23,1584,-14436,15294,0,0,0,1,0
17,180,3.472,26,2936891,31,11,-5,92031,0,0,0,0,0,23,1584,-14436,15294,0,0,0,1,0
17,180,3.581,28,2936999,31,11,-5,92031,0,0,0,0,0,23,1584,-14436,15294,0,0,0,1,0
17,180,3.646,29,2937055,31,11,-5,92031,0,0,0,0,0,23,1584,-14436,15294,0,0,0,1,0
17,180,3.693,30,2937111,31,11,-5,92031,0,0,0,0,0,23,1584,-14436,15294,0,0,0,1,0
17,180,3.762,31,2937167,31,11,-5,92031,0,0,0,0,0,23,1584,-14436,15294,0,0,0,1,0
17,180,3.817,32,2937223,31,11,-5,92031,0,0,0,0,0,23,1584,-14436,15294,0,0,0,1,0
17,180,3.861,33,2937279,31,11,-5,92031,0,0,0,0,0,23,1584,-14436,15294,0,0,0,1,0
17,180,3.916,34,2937335,31,11,-5,92031,0,0,0,0,0,23,1584,-14436,15294,0,0,0,1,0
17,180,3.983,35,2937391,31,11,-5,92031,0,0,0,0,0,23,1584,-14436,15294,0,0,0,1,0
17,180,4.034,36,2937447,31,11,-5,92031,0,0,0,0,0,23,1584,-14436,15294,0,0,0,1,0
17,180,4.086,37,2937503,31,11,-5,92031,0,0,0,0,0,23,1584,-14436,15294,0,0,0,1,0
17,180,4.142,38,2937559,31,11,-5,92031,0,0,0,0,0,23,1584,-14436,15294,0,0,0,1,0
17,180,4.202,39,2937615,31,11,-5,92031,0,0,0,0,0,23,1584,-14436,15294,0,0,0,1,0
17,180,4.263,40,2937671,31,11,-5,92031,0,0,0,0,0,23,1584,-14436,15294,0,0,0,1,0
17,180,4.312,41,2937727,31,11,-5,92031,0,0,0,0,0,23,1584,-14436,15294,0,0,0,1,0
17,180,4.364,42,2937783,31,11,-5,92031,0,0,0,0,0,23,1584,-14436,15294,0,0,0,1,0
17,180,4.425,43,2937839,31,11,-5,92031,0,0,0,0,0,23,1584,-14436,15294,0,0,0,1,0
17,180,4.484,44,2937895,31,11,-5,92031,0,0,0,0,0,23,1584,-14436,15294,0,0,0,1,0
17,180,4.65,47,2938059,31,11,-5,92031,0,0,0,0,0,23,1584,-14436,15294,0,0,0,1,0
17,180,4.757,49,2938171,31,11,-5,92031,0,0,0,0,0,23,1584,-14436,15294,0,0,0,1,0
17,180,4.808,50,2938227,31,11,-5,92031,0,0,0,0,0,23,1584,-14436,15294,0,0,0,1,0
17,180,4.864,51,2938283,31,11,-5,92031,0,0,0,0,0,23,1584,-14436,15294,0,0,0,1,0
17,180,4.977,53,2938395,31,11,-5,92031,0,0,0,0,0,23,1584,-14436,15294,0,0,0,1,0
17,180,5.034,54,2938451,31,11,-5,92031,0,0,0,0,0,23,1584,-14436,15294,0,0,0,1,0
17,180,5.1,55,2938507,31,11,-5,92031,0,0,0,0,0,23,1584,-14436,15294,0,0,0,1,0
17,180,5.143,56,2938563,31,11,-5,92031,0,0,0,0,0,23,1584,-14436,15294,0,0,0,1,0
17,180,5.261,58,2938675,31,11,-5,92031,0,0,0,0,0,23,1584,-14436,15294,0,0,0,1,0
17,180,5.368,60,2938787,31,11,-5,92031,0,0,0,0,0,23,1584,-14436,15294,0,0,0,1,0
17,180,5.431,61,2938843,31,11,-5,92031,0,0,0,0,0,23,1584,-14436,15294,0,0,0,1,0
17,180,5.481,62,2938899,31,11,-5,92031,0,0,0,0,0,23,1584,-14436,15294,0,0,0,1,0
17,180,5.536,63,2938955,31,11,-5,92031,0,0,0,0,0,23,1584,-14436,15294,0,0,0,1,0
17,180,5.592,64,2939011,31,11,-5,92031,0,0,0,0,0,23,1584,-14436,15294,0,0,0,1,0
17,180,5.666,65,2939067,31,11,-5,92031,0,0,0,0,0,23,1584,-14436,15294,0,0,0,1,0
17,180,5.702,66,2939119,31,11,-5,92031,0,0,0,0,0,23,1584,-14436,15294,0,0,0,1,0
17,180,5.757,67,2939175,31,11,-5,92031,0,0,0,0,0,23,1584,-14436,15294,0,0,0,1,0
17,180,5.869,69,2939287,31,11,-5,92031,0,0,0,0,0,23,1584,-14436,15294,0,0,0,1,0
17,180,5.98,71,2939399,31,11,-5,92031,0,0,0,0,0,23,1584,-14436,15294,0,0,0,1,0
17,180,6.036,72,2939455,31,11,-5,92031,0,0,0,0,0,23,1584,-14436,15294,0,0,0,1,0
17,180,6.092,73,2939511,31,11,-5,92031,0,0,0,0,0,23,1584,-14436,15294,0,0,0,1,0
17,180,6.157,74,2939567,31,11,-5,92031,0,0,0,0,0,23,1584,-14436,15294,0,0,0,1,0
17,180,6.205,75,2939623,31,11,-5,92031,0,0,0,0,0,23,1584,-14436,15294,0,0,0,1,0
17,180,6.26,76,2939679,31,11,-5,92031,0,0,0,0,0,23,1584,-14436,15294,0,0,0,1,0
17,180,6.316,77,2939735,31,11,-5,92031,0,0,0,0,0,23,1584,-14436,15294,0,0,0,1,0
17,180,6.382,78,2939791,31,11,-5,92031,0,0,0,0,0,23,1584,-14436,15294,0,0,0,1,0
17,180,6.484,80,2939903,31,11,-5,92031,0,0,0,0,0,23,1584,-14436,15294,0,0,0,1,0
17,180,6.541,81,2939959,31,11,-5,92031,0,0,0,0,0,23,1584,-14436,15294,0,0,0,1,0
17,180,6.596,82,2940015,31,11,-5,92031,0,0,0,0,0,23,1584,-14436,15294,0,0,0,1,0
17,180,6.652,83,2940071,31,11,-5,92031,0,0,0,0,0,23,1584,-14436,15294,0,0,0,1,0
17,180,6.717,84,2940127,31,11,-5,92031,0,0,0,0,0,23,1584,-14436,15294,0,0,0,1,0
17,180,6.759,85,2940179,31,11,-5,92031,0,0,0,0,0,23,1584,-14436,15294,0,0,0,1,0
17,180,6.816,86,2940235,31,11,-5,92031,0,0,0,0,0,23,1584,-14436,15294,0,0,0,1,0
17,180,6.873,87,2940291,31,11,-5,92031,0,0,0,0,0,23,1584,-14436,15294,0,0,0,1,0
17,180,6.928,88,2940347,31,11,-5,92031,0,0,0,0,0,23,1584,-14436,15294,0,0,0,1,0
17,180,6.984,89,2940403,31,11,-5,92031,0,0,0,0,0,23,1584,-14436,15294,0,0,0,1,0
17,180,7.096,91,2940515,31,11,-5,92031,0,0,0,0,0,23,1584,-14436,15294,0,0,0,1,0
17,180,7.152,92,2940571,31,11,-5,92031,0,0,0,0,0,23,1584,-14436,15294,0,0,0,1,0
17,180,7.212,93,2940627,31,11,-5,92031,0,0,0,0,0,23,1584,-14436,15294,0,0,0,1,0
17,180,7.265,94,2940683,31,11,-5,92031,0,0,0,0,0,23,1584,-14436,15294,0,0,0,1,0
17,180,7.322,95,2940739,31,11,-5,92031,0,0,0,0,0,23,1584,-14436,15294,0,0,0,1,0
17,180,7.432,97,2940851,31,11,-5,92031,0,0,0,0,0,23,1584,-14436,15294,0,0,0,1,0
17,180,7.488,98,2940907,31,11,-5,92031,0,0,0,0,0,23,1584,-14436,15294,0,0,0,1,0
17,180,7.545,99,2940963,31,11,-5,92031,0,0,0,0,0,23,1584,-14436,15294,0,0,0,1,0
17,180,7.602,100,2941019,31,11,-5,92031,0,0,0,0,0,23,1584,-14436,15294,0,0,0,1,0
17,180,7.718,102,2941131,31,11,-5,92031,0,0,0,0,0,23,1584,-14436,15294,0,0,0,1,0
17,180,7.777,103,2941187,31,11,-5,92031,0,0,0,0,0,23,1584,-14436,15294,0,0,0,1,0
17,180,7.822,104,2941239,31,11,-5,92031,0,0,0,0,0,23,1584,-14436,15294,0,0,0,1,0
17,180,7.879,105,2941295,31,11,-5,92031,0,0,0,0,0,23,1584,-14436,15294,0,0,0,1,0
17,180,7.94,106,2941351,31,11,-5,92031,0,0,0,0,0,23,1584,-14436,15294,0,0,0,1,0
17,180,7.99,107,2941407,31,11,-5,92031,0,0,0,0,0,23,1584,-14436,15294,0,0,0,1,0
17,180,8.053,108,2941463,31,11,-5,92031,0,0,0,0,0,23,1584,-14436,15294,0,0,0,1,0
17,180,8.11,109,2941519,31,11,-5,92031,0,0,0,0,0,23,1584,-14436,15294,0,0,0,1,0
17,180,8.164,110,2941575,31,11,-5,92031,0,0,0,0,0,23,1584,-14436,15294,0,0,0,1,0
17,180,8.213,111,2941631,31,11,-5,92031,0,0,0,0,0,23,1584,-14436,15294,0,0,0,1,0
17,180,8.273,112,2941687,31,11,-5,92031,0,0,0,0,0,23,1584,-14436,15294,0,0,0,1,0
17,180,8.324,113,2941743,31,11,-5,92031,0,0,0,0,0,23,1584,-14436,15294,0,0,0,1,0
17,180,8.38,114,2941799,31,11,-5,92031,0,0,0,0,0,23,1584,-14436,15294,0,0,0,1,0
17,180,8.437,115,2941855,31,11,-5,92031,0,0,0,0,0,23,1584,-14436,15294,0,0,0,1,0
17,180,8.492,116,2941911,31,11,-5,92031,0,0,0,0,0,23,1584,-14436,15294,0,0,0,1,0
17,180,8.547,117,2941967,31,11,-5,92031,0,0,0,0,0,23,1584,-14436,15294,0,0,0,1,0
17,180,8.605,118,2942023,31,11,-5,92031,0,0,0,0,0,23,1584,-14436,15294,0,0,0,1,0
17,180,8.663,119,2942079,31,11,-5,92031,0,0,0,0,0,23,1584,-14436,15294,0,0,0,1,0
17,180,8.716,120,2942135,31,11,-5,92031,0,0,0,0,0,23,1584,-14436,15294,0,0,0,1,0
17,180,8.779,121,2942191,31,11,-5,92031,0,0,0,0,0,23,1584,-14436,15294,0,0,0,1,0
17,180,8.837,122,2942247,31,11,-5,92031,0,0,0,0,0,23,1584,-14436,15294,0,0,0,1,0
17,180,8.884,123,2942299,31,11,-5,92031,0,0,0,0,0,23,1584,-14436,15294,0,0,0,1,0
17,180,8.993,125,2942411,31,11,-5,92031,0,0,0,0,0,23,1584,-14436,15294,0,0,0,1,0
17,180,9.052,126,2942467,31,11,-5,92031,0,0,0,0,0,23,1584,-14436,15294,0,0,0,1,0
17,180,9.106,127,2942523,31,11,-5,92031,0,0,0,0,0,23,1584,-14436,15294,0,0,0,1,0
17,180,9.16,0,2942579,31,11,-5,92031,0,0,0,0,0,23,1584,-14436,15294,0,0,0,1,0
17,180,9.22,1,2942635,31,11,-5,92031,0,0,0,0,0,23,1584,-14436,15294,0,0,0,1,0
17,180,9.272,2,2942691,31,11,-5,92031,0,0,0,0,0,23,1584,-14436,15294,0,0,0,1,0
17,180,9.342,3,2942747,31,11,-5,92031,0,0,0,0,0,23,1584,-14436,15294,0,0,0,1,0
17,180,9.385,4,2942803,31,11,-5,92031,0,0,0,0,0,23,1584,-14436,15294,0,0,0,1,0
17,180,9.442,5,2942859,31,11,-5,92031,0,0,0,0,0,23,1584,-14436,15294,0,0,0,1,0
17,180,9.496,6,2942915,31,11,-5,92031,0,0,0,0,0,23,1584,-14436,15294,0,0,0,1,0
17,180,9.552,7,2942971,31,11,-5,92031,0,0,0,0,0,23,1584,-14436,15294,0,0,0,1,0
17,180,9.608,8,2943027,31,11,-5,92031,0,0,0,0,0,23,1584,-14436,15294,0,0,0,1,0
17,180,9.664,9,2943083,31,11,-5,92031,0,0,0,0,0,23,1584,-14436,15294,0,0,0,1,0
17,180,9.72,10,2943139,31,11,-5,92031,0,0,0,0,0,23,1584,-14436,15294,0,0,0,1,0
17,180,9.776,11,2943195,31,11,-5,92031,0,0,0,0,0,23,1584,-14436,15294,0,0,0,1,0
17,180,9.833,12,2943251,31,11,-5,92031,0,0,0,0,0,23,1584,-14436,15294,0,0,0,1,0
17,180,9.897,13,2943307,31,11,-5,92031,0,0,0,0,0,23,1584,-14436,15294,0,0,0,1,0
17,180,9.942,14,2943359,31,11,-5,92031,0,0,0,0,0,23,1584,-14436,15294,0,0,0,1,0
17,180,9.998,15,2943415,31,11,-5,92031,0,0,0,0,0,23,1584,-14436,15294,0,0,0,1,0
17,180,10.055,16,2943471,31,11,-5,92031,0,0,0,0,0,23,1584,-14436,15294,0,0,0,1,0
17,180,10.108,17,2943527,31,11,-5,92031,0,0,0,0,0,23,1584,-14436,15294,0,0,0,1,0
17,180,10.221,19,2943639,31,11,-5,92031,0,0,0,0,0,23,1584,-14436,15294,0,0,0,1,0
17,180,10.275,20,2943695,31,11,-5,92031,0,0,0,0,0,23,1584,-14436,15294,0,0,0,1,0
17,180,10.336,21,2943751,31,11,-5,92031,0,0,0,0,0,23,1584,-14436,15294,0,0,0,1,0
17,180,10.389,22,2943807,31,11,-5,92031,0,0,0,0,0,23,1584,-14436,15294,0,0,0,1,0
17,180,10.449,23,2943863,31,11,-5,92031,0,0,0,0,0,23,1584,-14436,15294,0,0,0,1,0
17,180,10.509,24,2943919,31,11,-5,92031,0,0,0,0,0,23,1584,-14436,15294,0,0,0,1,0
17,180,10.555,25,2943975,31,11,-5,92031,0,0,0,0,0,23,1584,-14436,15294,0,0,0,1,0
17,180,10.612,26,2944031,31,11,-5,92031,0,0,0,0,0,23,1584,-14436,15294,0,0,0,1,0
17,180,10.678,27,2944087,31,11,-5,92031,0,0,0,0,0,23,1584,-14436,15294,0,0,0,1,0
17,180,10.727,28,2944143,31,11,-5,92031,0,0,0,0,0,23,1584,-14436,15294,0,0,0,1,0
17,180,10.835,30,2944255,31,11,-5,92031,0,0,0,0,0,23,1584,-14436,15294,0,0,0,1,0
17,180,10.892,31,2944311,31,11,-5,92031,0,0,0,0,0,23,1584,-14436,15294,0,0,0,1,0
17,180,10.956,32,2944367,31,11,-5,92031,0,0,0,0,0,23,1584,-14436,15294,0,0,0,1,0
17,180,11.0,33,2944419,31,11,-5,92031,0,0,0,0,0,23,1584,-14436,15294,0,0,0,1,0
17,180,11.061,34,2944475,31,11,-5,92031,0,0,0,0,0,23,1584,-14436,15294,0,0,0,1,0
17,180,11.114,35,2944531,31,11,-5,92031,0,0,0,0,0,23,1584,-14436,15294,0,0,0,1,0
17,180,11.173,36,2944587,31,11,-5,92031,0,0,0,0,0,23,1584,-14436,15294,0,0,0,1,0
17,180,11.227,37,2944643,31,11,-5,92031,0,0,0,0,0,23,1584,-14436,15294,0,0,0,1,0
17,180,11.285,38,2944699,31,11,-5,92031,0,0,0,0,0,23,1584,-14436,15294,0,0,0,1,0
17,180,11.335,39,2944755,31,11,-5,92031,0,0,0,0,0,23,1584,-14436,15294,0,0,0,1,0
17,180,11.555,42,2944923,31,11,-5,92031,0,0,0,0,0,23,1584,-14436,15294,0,0,0,1,0
17,180,11.56,43,2944979,31,11,-5,92031,0,0,0,0,0,23,1584,-14436,15294,0,0,0,1,0
17,180,11.617,44,2945035,31,11,-5,92031,0,0,0,0,0,23,1584,-14436,15294,0,0,0,1,0
17,180,11.674,45,2945091,31,11,-5,92031,0,0,0,0,0,23,1584,-14436,15294,0,0,0,1,0
17,180,11.734,46,2945147,31,11,-5,92031,0,0,0,0,0,23,1584,-14436,15294,0,0,0,1,0
17,180,11.784,47,2945203,31,11,-5,92031,0,0,0,0,0,23,1584,-14436,15294,0,0,0,1,0
17,180,11.842,48,2945259,31,11,-5,92031,0,0,0,0,0,23,1584,-14436,15294,0,0,0,1,0
17,180,11.896,49,2945315,31,11,-5,92031,0,0,0,0,0,23,1584,-14436,15294,0,0,0,1,0
17,180,11.951,50,2945371,31,11,-5,92031,0,0,0,0,0,23,1584,-14436,15294,0,0,0,1,0
17,180,12.01,51,2945427,31,11,-5,92031,0,0,0,0,0,23,1584,-14436,15294,0,0,0,1,0
17,180,12.117,53,2945535,31,11,-5,92031,0,0,0,0,0,23,1584,-14436,15294,0,0,0,1,0
17,180,12.172,54,2945591,31,11,-5,92031,0,0,0,0,0,23,1584,-14436,15294,0,0,0,1,0
17,180,12.228,55,2945647,31,11,-5,92031,0,0,0,0,0,23,1584,-14436,15294,0,0,0,1,0
17,180,12.286,56,2945703,31,11,-5,92031,0,0,0,0,0,23,1584,-14436,15294,0,0,0,1,0
17,180,12.341,57,2945759,31,11,-5,92031,0,0,0,0,0,23,1584,-14436,15294,0,0,0,1,0
17,180,12.399,58,2945815,31,11,-5,92031,0,0,0,0,0,23,1584,-14436,15294,0,0,0,1,0
17,180,12.452,59,2945871,31,11,-5,92031,0,0,0,0,0,23,1584,-14436,15294,0,0,0,1,0
17,180,12.51,60,2945927,31,11,-5,92031,0,0,0,0,0,23,1584,-14436,15294,0,0,0,1,0
17,180,12.565,61,2945983,31,11,-5,92031,0,0,0,0,0,23,1584,-14436,15294,0,0,0,1,0
17,180,12.621,62,2946039,31,11,-5,92031,0,0,0,0,0,23,1584,-14436,15294,0,0,0,1,0
17,180,12.735,64,2946151,31,11,-5,92031,0,0,0,0,0,23,1584,-14436,15294,0,0,0,1,0
17,180,12.788,65,2946207,31,11,-5,92031,0,0,0,0,0,23,1584,-14436,15294,0,0,0,1,0
17,180,12.843,66,2946263,31,11,-5,92031,0,0,0,0,0,23,1584,-14436,15294,0,0,0,1,0
17,180,12.9,67,2946319,31,11,-5,92031,0,0,0,0,0,23,1584,-14436,15294,0,0,0,1,0
17,180,12.961,68,2946375,31,11,-5,92031,0,0,0,0,0,23,1584,-14436,15294,0,0,0,1,0
17,180,13.012,69,2946431,31,11,-5,92031,0,0,0,0,0,23,1584,-14436,15294,0,0,0,1,0
17,180,13.077,70,2946487,31,11,-5,92031,0,0,0,0,0,23,1584,-14436,15294,0,0,0,1,0
17,180,13.122,71,2946539,31,11,-5,92031,0,0,0,0,0,23,1584,-14436,15294,0,0,0,1,0
17,180,13.18,72,2946595,31,11,-5,92031,0,0,0,0,0,23,1584,-14436,15294,0,0,0,1,0
17,180,13.233,73,2946651,31,11,-5,92031,0,0,0,0,0,23,1584,-14436,15294,0,0,0,1,0
17,180,13.344,75,2946763,31,11,-5,92031,0,0,0,0,0,23,1584,-14436,15294,0,0,0,1,0
17,180,13.402,76,2946819,31,11,-5,92031,0,0,0,0,0,23,1584,-14436,15294,0,0,0,1,0
17,180,13.463,77,2946875,31,11,-5,92031,0,0,0,0,0,23,1584,-14436,15294,0,0,0,1,0
17,180,13.511,78,2946931,31,11,-5,92031,0,0,0,0,0,23,1584,-14436,15294,0,0,0,1,0
17,180,13.567,79,2946987,31,11,-5,92031,0,0,0,0,0,23,1584,-14436,15294,0,0,0,1,0
17,180,13.626,80,2947043,31,11,-5,92031,0,0,0,0,0,23,1584,-14436,15294,0,0,0,1,0
17,180,13.683,81,2947099,31,11,-5,92031,0,0,0,0,0,23,1584,-14436,15294,0,0,0,1,0
17,180,13.739,82,2947155,31,11,-5,92031,0,0,0,0,0,23,1584,-14436,15294,0,0,0,1,0
17,180,13.794,83,2947211,31,11,-5,92031,0,0,0,0,0,23,1584,-14436,15294,0,0,0,1,0
17,180,13.853,84,2947267,31,11,-5,92031,0,0,0,0,0,23,1584,-14436,15294,0,0,0,1,0
17,180,13.905,85,2947323,31,11,-5,92031,0,0,0,0,0,23,1584,-14436,15294,0,0,0,1,0
17,180,13.959,86,2947379,31,11,-5,92031,0,0,0,0,0,23,1584,-14436,15294,0,0,0,1,0
17,180,14.022,87,2947435,31,11,-5,92031,0,0,0,0,0,23,1584,-14436,15294,0,0,0,1,0
17,180,14.073,88,2947491,31,11,-5,92031,0,0,0,0,0,23,1584,-14436,15294,0,0,0,1,0
17,180,14.139,89,2947547,31,11,-5,92031,0,0,0,0,0,23,1584,-14436,15294,0,0,0,1,0
17,180,14.182,90,2947599,31,11,-5,92031,0,0,0,0,0,23,1584,-14436,15294,0,0,0,1,0
17,180,14.235,91,2947655,31,11,-5,92031,0,0,0,0,0,23,1584,-14436,15294,0,0,0,1,0
17,180,14.294,92,2947711,31,11,-5,92031,0,0,0,0,0,23,1584,-14436,15294,0,0,0,1,0
17,180,14.351,93,2947767,31,11,-5,92031,0,0,0,0,0,23,1584,-14436,15294,0,0,0,1,0
17,180,14.406,94,2947823,31,11,-5,92031,0,0,0,0,0,23,1584,-14436,15294,0,0,0,1,0
17,180,14.468,95,2947879,31,11,-5,92031,0,0,0,0,0,23,1584,-14436,15294,0,0,0,1,0
17,180,14.572,97,2947991,31,11,-5,92031,0,0,0,0,0,23,1584,-14436,15294,0,0,0,1,0
17,180,14.628,98,2948047,31,11,-5,92031,0,0,0,0,0,23,1584,-14436,15294,0,0,0,1,0
17,180,14.683,99,2948103,31,11,-5,92031,0,0,0,0,0,23,1584,-14436,15294,0,0,0,1,0
17,180,14.743,100,2948159,31,11,-5,92031,0,0,0,0,0,23,1584,-14436,15294,0,0,0,1,0
17,180,14.797,101,2948215,31,11,-5,92031,0,0,0,0,0,23,1584,-14436,15294,0,0,0,1,0
17,180,14.852,102,2948271,31,11,-5,92031,0,0,0,0,0,23,1584,-14436,15294,0,0,0,1,0
17,180,14.911,103,2948327,31,11,-5,92031,0,0,0,0,0,23,1584,-14436,15294,0,0,0,1,0
17,180,14.967,104,2948383,31,11,-5,92031,0,0,0,0,0,23,1584,-14436,15294,0,0,0,1,0
17,180,15.02,105,2948439,31,11,-5,92031,0,0,0,0,0,23,1584,-14436,15294,0,0,0,1,0
17,180,15.076,106,2948495,31,11,-5,92031,0,0,0,0,0,23,1584,-14436,15294,0,0,0,1,0
17,180,15.198,108,2948607,31,11,-5,92031,0,0,0,0,0,23,1584,-14436,15294,0,0,0,1,0
17,180,15.24,109,2948659,31,11,-5,92031,0,0,0,0,0,23,1584,-14436,15294,0,0,0,1,0
17,180,15.298,110,2948715,31,11,-5,92031,0,0,0,0,0,23,1584,-14436,15294,0,0,0,1,0
17,180,15.353,111,2948771,31,11,-5,92031,0,0,0,0,0,23,1584,-14436,15294,0,0,0,1,0
17,180,15.411,112,2948827,31,11,-5,92031,0,0,0,0,0,23,1584,-14436,15294,0,0,0,1,0
17,180,15.466,113,2948883,31,11,-5,92031,0,0,0,0,0,23,1584,-14436,15294,0,0,0,1,0
17,180,15.636,116,2949051,31,11,-5,92031,0,0,0,0,0,23,1584,-14436,15294,0,0,0,1,0
17,180,15.688,117,2949107,31,11,-5,92031,0,0,0,0,0,23,1584,-14436,15294,0,0,0,1,0
17,180,15.8,119,2949219,31,11,-5,92031,0,0,0,0,0,23,1584,-14436,15294,0,0,0,1,0
17,180,15.856,120,2949275,31,11,-5,92031,0,0,0,0,0,23,1584,-14436,15294,0,0,0,1,0
17,180,15.917,121,2949331,31,11,-5,92031,0,0,0,0,0,23,1584,-14436,15294,0,0,0,1,0
17,180,15.968,122,2949387,31,11,-5,92031,0,0,0,0,0,23,1584,-14436,15294,0,0,0,1,0
17,180,16.025,123,2949443,31,11,-5,92031,0,0,0,0,0,23,1584,-14436,15294,0,0,0,1,0
17,180,16.08,124,2949499,31,11,-5,92031,0,0,0,0,0,23,1584,-14436,15294,0,0,0,1,0
17,180,16.138,125,2949555,31,11,-5,92031,0,0,0,0,0,23,1584,-14436,15294,0,0,0,1,0
17,180,16.197,126,2949611,31,11,-5,92031,0,0,0,0,0,23,1584,-14436,15294,0,0,0,1,0
17,180,16.257,127,2949667,31,11,-5,92031,0,0,0,0,0,23,1584,-14436,15294,0,0,0,1,0
17,180,16.328,0,2949719,31,11,-5,92031,0,0,0,0,0,23,1584,-14436,15294,0,0,0,1,0
17,180,16.357,1,2949775,31,11,-5,92031,0,0,0,0,0,23,1584,-14436,15294,0,0,0,1,0
17,180,16.469,3,2949887,31,11,-5,92031,0,0,0,0,0,23,1584,-14436,15294,0,0,0,1,0
17,180,16.524,4,2949943,31,11,-5,92031,0,0,0,0,0,23,1584,-14436,15294,0,0,0,1,0
17,180,16.581,5,2949999,31,11,-5,92031,0,0,0,0,0,23,1584,-14436,15294,0,0,0,1,0
17,180,16.636,6,2950055,31,11,-5,92031,0,0,0,0,0,23,1584,-14436,15294,0,0,0,1,0
17,180,16.691,7,2950111,31,11,-5,92031,0,0,0,0,0,23,1584,-14436,15294,0,0,0,1,0
17,180,16.748,8,2950167,31,11,-5,92031,0,0,0,0,0,23,1584,-14436,15294,0,0,0,1,0
17,180,16.806,9,2950223,31,11,-5,92031,0,0,0,0,0,23,1584,-14436,15294,0,0,0,1,0
17,180,16.86,10,2950279,31,11,-5,92031,0,0,0,0,0,23,1584,-14436,15294,0,0,0,1,0
17,180,16.917,11,2950335,31,11,-5,92031,0,0,0,0,0,23,1584,-14436,15294,0,0,0,1,0
17,180,16.971,12,2950391,31,11,-5,92031,0,0,0,0,0,23,1584,-14436,15294,0,0,0,1,0
17,180,17.028,13,2950447,31,11,-5,92031,0,0,0,0,0,23,1584,-14436,15294,0,0,0,1,0
17,180,17.084,14,2950503,31,11,-5,92031,0,0,0,0,0,23,1584,-14436,15294,0,0,0,1,0
17,180,17.141,15,2950559,31,11,-5,92031,0,0,0,0,0,23,1584,-14436,15294,0,0,0,1,0
17,180,17.195,16,2950615,31,11,-5,92031,0,0,0,0,0,23,1584,-14436,15294,0,0,0,1,0
17,180,17.252,17,2950671,31,11,-5,92031,0,0,0,0,0,23,1584,-14436,15294,0,0,0,1,0
17,180,17.316,18,2950727,31,11,-5,92031,0,0,0,0,0,23,1584,-14436,15294,0,0,0,1,0
17,180,17.36,19,2950779,31,11,-5,92031,0,0,0,0,0,23,1584,-14436,15294,0,0,0,1,0
17,180,17.417,20,2950835,31,11,-5,92031,0,0,0,0,0,23,1584,-14436,15294,0,0,0,1,0
17,180,17.472,21,2950891,31,11,-5,92031,0,0,0,0,0,23,1584,-14436,15294,0,0,0,1,0
17,180,17.528,22,2950947,31,11,-5,92031,0,0,0,0,0,23,1584,-14436,15294,0,0,0,1,0
17,180,17.584,23,2951003,31,11,-5,92031,0,0,0,0,0,23,1584,-14436,15294,0,0,0,1,0
17,180,17.752,26,2951171,31,11,-5,92031,0,0,0,0,0,23,1584,-14436,15294,0,0,0,1,0
17,180,17.809,27,2951227,31,11,-5,92031,0,0,0,0,0,23,1584,-14436,15294,0,0,0,1,0
17,180,17.867,28,2951283,31,11,-5,92031,0,0,0,0,0,23,1584,-14436,15294,0,0,0,1,0
17,180,17.925,29,2951339,31,11,-5,92031,0,0,0,0,0,23,1584,-14436,15294,0,0,0,1,0
17,180,17.975,30,2951395,31,11,-5,92031,0,0,0,0,0,23,1584,-14436,15294,0,0,0,1,0
17,180,18.031,31,2951451,31,11,-5,92031,0,0,0,0,0,23,1584,-14436,15294,0,0,0,1,0
17,180,18.088,32,2951507,31,11,-5,92031,0,0,0,0,0,23,1584,-14436,15294,0,0,0,1,0
17,180,18.143,33,2951563,31,11,-5,92031,0,0,0,0,0,23,1584,-14436,15294,0,0,0,1,0
17,180,18.199,34,2951619,31,11,-5,92031,0,0,0,0,0,23,1584,-14436,15294,0,0,0,1,0
17,180,18.312,36,2951731,31,11,-5,92031,0,0,0,0,0,23,1584,-14436,15294,0,0,0,1,0
17,180,18.376,37,2951787,31,11,-5,92031,0,0,0,0,0,23,1584,-14436,15294,0,0,0,1,0
17,180,18.422,38,2951839,31,11,-5,92031,0,0,0,0,0,23,1584,-14436,15294,0,0,0,1,0
17,180,18.476,39,2951895,31,11,-5,92031,0,0,0,0,0,23,1584,-14436,15294,0,0,0,1,0
17,180,18.533,40,2951951,31,11,-5,92031,0,0,0,0,0,23,1584,-14436,15294,0,0,0,1,0
17,180,18.589,41,2952007,31,11,-5,92031,0,0,0,0,0,23,1584,-14436,15294,0,0,0,1,0
17,180,18.643,42,2952063,31,11,-5,92031,0,0,0,0,0,23,1584,-14436,15294,0,0,0,1,0
17,180,18.7,43,2952119,31,11,-5,92031,0,0,0,0,0,23,1584,-14436,15294,0,0,0,1,0
17,180,18.755,44,2952175,31,11,-5,92031,0,0,0,0,0,23,1584,-14436,15294,0,0,0,1,0
17,180,18.812,45,2952231,31,11,-5,92031,0,0,0,0,0,23,1584,-14436,15294,0,0,0,1,0
17,180,18.924,47,2952343,31,11,-5,92031,0,0,0,0,0,23,1584,-14436,15294,0,0,0,1,0
17,180,18.98,48,2952399,31,11,-5,92031,0,0,0,0,0,23,1584,-14436,15294,0,0,0,1,0
17,180,19.038,49,2952455,31,11,-5,92031,0,0,0,0,0,23,1584,-14436,15294,0,0,0,1,0
17,180,19.092,50,2952511,31,11,-5,92031,0,0,0,0,0,23,1584,-14436,15294,0,0,0,1,0
17,180,19.151,51,2952567,31,11,-5,92031,0,0,0,0,0,23,1584,-14436,15294,0,0,0,1,0
17,180,19.204,52,2952623,31,11,-5,92031,0,0,0,0,0,23,1584,-14436,15294,0,0,0,1,0
17,180,19.274,53,2952679,31,11,-5,92031,0,0,0,0,0,23,1584,-14436,15294,0,0,0,1,0
17,180,19.316,54,2952735,31,11,-5,92031,0,0,0,0,0,23,1584,-14436,15294,0,0,0,1,0
17,180,19.38,55,2952791,31,11,-5,92031,0,0,0,0,0,23,1584,-14436,15294,0,0,0,1,0
17,180,19.438,56,2952847,31,11,-5,92031,0,0,0,0,0,23,1584,-14436,15294,0,0,0,1,0
17,180,19.48,57,2952899,31,11,-5,92031,0,0,0,0,0,23,1584,-14436,15294,0,0,0,1,0
17,180,19.593,59,2953011,31,11,-5,92031,0,0,0,0,0,23,1584,-14436,15294,0,0,0,1,0
17,180,19.653,60,2953067,31,11,-5,92031,0,0,0,0,0,23,1584,-14436,15294,0,0,0,1,0
17,180,19.705,61,2953123,31,11,-5,92031,0,0,0,0,0,23,1584,-14436,15294,0,0,0,1,0
17,180,19.78,62,2953179,31,11,-5,92031,0,0,0,0,0,23,1584,-14436,15294,0,0,0,1,0
17,180,19.818,63,2953235,31,11,-5,92031,0,0,0,0,0,23,1584,-14436,15294,0,0,0,1,0
17,180,19.874,64,2953291,31,11,-5,92031,0,0,0,0,0,23,1584,-14436,15294,0,0,0,1,0
17,180,19.929,65,2953347,31,11,-5,92031,0,0,0,0,0,23,1584,-14436,15294,0,0,0,1,0
17,180,19.984,66,2953403,31,11,-5,92031,0,0,0,0,0,23,1584,-14436,15294,0,0,0,1,0
17,180,20.041,67,2953459,31,11,-5,92031,0,0,0,0,0,23,1584,-14436,15294,0,0,0,1,0
17,180,20.156,69,2953571,31,11,-5,92031,0,0,0,0,0,23,1584,-14436,15294,0,0,0,1,0
17,180,20.209,70,2953627,31,11,-5,92031,0,0,0,0,0,23,1584,-14436,15294,0,0,0,1,0
17,180,20.272,71,2953683,31,11,-5,92031,0,0,0,0,0,23,1584,-14436,15294,0,0,0,1,0
17,180,20.322,72,2953739,31,11,-5,92031,0,0,0,0,0,23,1584,-14436,15294,0,0,0,1,0
17,180,20.376,73,2953795,31,11,-5,92031,0,0,0,0,0,23,1584,-14436,15294,0,0,0,1,0
17,180,20.432,74,2953851,31,11,-5,92031,0,0,0,0,0,23,1584,-14436,15294,0,0,0,1,0
17,180,20.496,75,2953907,31,11,-5,92031,0,0,0,0,0,23,1584,-14436,15294,0,0,0,1,0
17,180,20.543,76,2953959,31,11,-5,92031,0,0,0,0,0,23,1584,-14436,15294,0,0,0,1,0
17,180,20.596,77,2954015,31,11,-5,92031,0,0,0,0,0,23,1584,-14436,15294,0,0,0,1,0
17,180,20.654,78,2954071,31,11,-5,92031,0,0,0,0,0,23,1584,-14436,15294,0,0,0,1,0
17,180,20.708,79,2954127,31,11,-5,92031,0,0,0,0,0,23,1584,-14436,15294,0,0,0,1,0
17,180,20.821,81,2954239,31,11,-5,92031,0,0,0,0,0,23,1584,-14436,15294,0,0,0,1,0
17,180,20.876,82,2954295,31,11,-5,92031,0,0,0,0,0,23,1584,-14436,15294,0,0,0,1,0
17,180,20.933,83,2954351,31,11,-5,92031,0,0,0,0,0,23,1584,-14436,15294,0,0,0,1,0
17,180,20.989,84,2954407,31,11,-5,92031,0,0,0,0,0,23,1584,-14436,15294,0,0,0,1,0
17,180,21.157,87,2954575,31,11,-5,92031,0,0,0,0,0,23,1584,-14436,15294,0,0,0,1,0
17,180,21.212,88,2954631,31,11,-5,92031,0,0,0,0,0,23,1584,-14436,15294,0,0,0,1,0
17,180,21.268,89,2954687,31,11,-5,92031,0,0,0,0,0,23,1584,-14436,15294,0,0,0,1,0
17,180,21.324,90,2954743,31,11,-5,92031,0,0,0,0,0,23,1584,-14436,15294,0,0,0,1,0
17,180,21.437,92,2954855,31,11,-5,92031,0,0,0,0,0,23,1584,-14436,15294,0,0,0,1,0
17,180,21.492,93,2954911,31,11,-5,92031,0,0,0,0,0,23,1584,-14436,15294,0,0,0,1,0
17,180,21.557,94,2954967,31,11,-5,92031,0,0,0,0,0,23,1584,-14436,15294,0,0,0,1,0
17,180,21.657,96,2955075,31,11,-5,92031,0,0,0,0,0,23,1584,-14436,15294,0,0,0,1,0
17,180,21.713,97,2955131,31,11,-5,92031,0,0,0,0,0,23,1584,-14436,15294,0,0,0,1,0
17,180,21.771,98,2955187,31,11,-5,92031,0,0,0,0,0,23,1584,-14436,15294,0,0,0,1,0
17,180,21.829,99,2955243,31,11,-5,92031,0,0,0,0,0,23,1584,-14436,15294,0,0,0,1,0
17,180,21.88,100,2955299,31,11,-5,92031,0,0,0,0,0,23,1584,-14436,15294,0,0,0,1,0
17,180,21.936,101,2955355,31,11,-5,92031,0,0,0,0,0,23,1584,-14436,15294,0,0,0,1,0
17,180,22.048,103,2955467,31,11,-5,92031,0,0,0,0,0,23,1584,-14436,15294,0,0,0,1,0
17,180,22.105,104,2955523,31,11,-5,92031,0,0,0,0,0,23,1584,-14436,15294,0,0,0,1,0
17,180,22.16,105,2955579,31,11,-5,92031,0,0,0,0,0,23,1584,-14436,15294,0,0,0,1,0
17,180,22.216,106,2955635,31,11,-5,92031,0,0,0,0,0,23,1584,-14436,15294,0,0,0,1,0
17,180,22.272,107,2955691,31,11,-5,92031,0,0,0,0,0,23,1584,-14436,15294,0,0,0,1,0
17,180,22.327,108,2955747,31,11,-5,92031,0,0,0,0,0,23,1584,-14436,15294,0,0,0,1,0
17,180,22.383,109,2955803,31,11,-5,92031,0,0,0,0,0,23,1584,-14436,15294,0,0,0,1,0
17,180,22.439,110,2955859,31,11,-5,92031,0,0,0,0,0,23,1584,-14436,15294,0,0,0,1,0
17,180,22.495,111,2955915,31,11,-5,92031,0,0,0,0,0,23,1584,-14436,15294,0,0,0,1,0
17,180,22.551,112,2955971,31,11,-5,92031,0,0,0,0,0,23,1584,-14436,15294,0,0,0,1,0
17,180,22.609,113,2956027,31,11,-5,92031,0,0,0,0,0,23,1584,-14436,15294,0,0,0,1,0
17,180,22.66,114,2956079,31,11,-5,92031,0,0,0,0,0,23,1584,-14436,15294,0,0,0,1,0
17,180,22.716,115,2956135,31,11,-5,92031,0,0,0,0,0,23,1584,-14436,15294,0,0,0,1,0
18,-180,-0.018,11,2971759,31,11,-5,92031,0,0,0,0,0,23,1584,-14436,15294,0,0,0,1,0
18,-180,0.038,12,2971816,31,11,-5,92031,0,0,0,0,0,23,1584,-14436,15294,0,0,0,1,0
18,-180,0.091,13,2971867,31,11,-5,92021,0,0,0,8,0,24,1586,-14433,15294,1000,-1000,0,1,0
18,-180,0.173,14,2971939,31,12,-5,91860,0,0,0,15,-23,24,1589,-14411,15264,1200,-1200,0,1,0
18,-180,0.236,15,2972011,31,12,-5,91634,0,0,0,41,-50,24,1592,-14375,15227,1500,-1500,0,1,0
18,-180,0.308,16,2972083,31,12,-5,91257,0,0,0,67,-73,24,1595,-14316,15164,2000,-2000,0,1,0
18,-180,0.45,18,2972227,31,12,-5,89898,0,0,0,137,-137,24,1601,-14097,14944,2800,-2800,0,1,0
18,-180,0.596,20,2972371,31,12,-5,87876,0,0,0,164,-169,24,1607,-13777,14611,2900,-2900,0,1,0
18,-180,0.668,21,2972443,31,12,-5,86765,0,0,0,163,-181,24,1610,-13602,14427,2900,-2900,0,1,0
18,-180,0.739,22,2972515,31,13,-5,85694,0,0,0,155,-178,24,1613,-13433,14250,2900,-2800,0,1,0
18,-180,0.956,25,2972731,31,13,-5,82484,0,0,0,172,-146,24,1622,-12913,13733,2700,-2700,0,1,0
18,-180,1.026,26,2972803,31,13,-5,81438,0,0,0,161,-161,24,1625,-12747,13561,2600,-2700,0,1,0
18,-180,1.099,27,2972875,31,13,-5,80432,0,0,0,161,-161,24,1628,-12583,13400,2600,-2600,0,1,0
18,-180,1.189,28,2972947,31,13,-5,79416,0,0,0,161,-161,24,1631,-12422,13233,2700,-2700,0,1,0
18,-180,1.242,29,2973019,31,13,-5,78429,0,0,0,161,-152,24,1634,-12261,13075,2600,-2500,0,1,0
18,-180,1.39,31,2973163,31,13,-5,76457,0,0,0,155,-146,24,1640,-11938,12761,2600,-2400,0,1,0
18,-180,1.459,32,2973235,31,13,-5,75469,0,0,0,169,-163,24,1643,-11775,12605,2600,-2400,0,1,0
18,-180,1.662,34,2973428,31,13,-5,73773,0,0,0,0,0,25,1653,-11502,12330,0,0,0,1,0
18,-180,1.701,35,2973479,31,13,-5,73773,0,0,0,0,0,25,1655,-11502,12330,0,0,0,1,0
18,-180,1.774,36,2973551,31,13,-5,73773,0,0,0,0,0,25,1658,-11502,12330,0,0,0,1,0
18,-180,1.845,37,2973623,31,13,-5,73773,0,0,0,0,0,25,1661,-11502,12330,0,0,0,1,0
18,-180,1.92,38,2973695,31,13,-5,73773,0,0,0,0,0,25,1664,-11502,12330,0,0,0,1,0
18,-180,1.973,39,2973751,31,13,-5,73773,0,0,0,0,0,25,1665,-11502,12330,0,0,0,1,0
18,-180,2.046,40,2973807,31,13,-5,73773,0,0,0,0,0,25,1665,-11502,12330,0,0,0,1,0
18,-180,2.198,43,2973975,31,13,-5,73773,0,0,0,0,0,25,1665,-11502,12330,0,0,0,1,0
18,-180,2.255,44,2974031,31,13,-5,73773,0,0,0,0,0,25,1665,-11502,12330,0,0,0,1,0
18,-180,2.31,45,2974087,31,13,-5,73773,0,0,0,0,0,25,1665,-11502,12330,0,0,0,1,0
18,-180,2.368,46,2974143,31,13,-5,73773,0,0,0,0,0,25,1665,-11502,12330,0,0,0,1,0
18,-180,2.482,48,2974255,31,13,-5,73773,0,0,0,0,0,25,1665,-11502,12330,0,0,0,1,0
18,-180,2.536,49,2974311,31,13,-5,73773,0,0,0,0,0,25,1665,-11502,12330,0,0,0,1,0
18,-180,2.59,50,2974367,31,13,-5,73773,0,0,0,0,0,25,1665,-11502,12330,0,0,0,1,0
18,-180,2.647,51,2974423,31,13,-5,73773,0,0,0,0,0,25,1665,-11502,12330,0,0,0,1,0
18,-180,2.711,52,2974479,31,13,-5,73773,0,0,0,0,0,25,1665,-11502,12330,0,0,0,1,0
18,-180,2.753,53,2974531,31,13,-5,73773,0,0,0,0,0,25,1665,-11502,12330,0,0,0,1,0
18,-180,2.811,54,2974587,31,13,-5,73773,0,0,0,0,0,25,1665,-11502,12330,0,0,0,1,0
18,-180,2.866,55,2974643,31,13,-5,73773,0,0,0,0,0,25,1665,-11502,12330,0,0,0,1,0
18,-180,2.922,56,2974699,31,13,-5,73773,0,0,0,0,0,25,1665,-11502,12330,0,0,0,1,0
18,-180,2.979,57,2974755,31,13,-5,73773,0,0,0,0,0,25,1665,-11502,12330,0,0,0,1,0
18,-180,3.033,58,2974811,31,13,-5,73773,0,0,0,0,0,25,1665,-11502,12330,0,0,0,1,0
18,-180,3.148,60,2974923,31,13,-5,73773,0,0,0,0,0,25,1665,-11502,12330,0,0,0,1,0
18,-180,3.201,61,2974979,31,13,-5,73773,0,0,0,0,0,25,1665,-11502,12330,0,0,0,1,0
18,-180,3.258,62,2975035,31,13,-5,73773,0,0,0,0,0,25,1665,-11502,12330,0,0,0,1,0
18,-180,3.317,63,2975091,31,13,-5,73773,0,0,0,0,0,25,1665,-11502,12330,0,0,0,1,0
18,-180,3.4,64,2975147,31,13,-5,73773,0,0,0,0,0,25,1665,-11502,12330,0,0,0,1,0
18,-180,3.429,65,2975203,31,13,-5,73773,0,0,0,0,0,25,1665,-11502,12330,0,0,0,1,0
18,-180,3.482,66,2975259,31,13,-5,73773,0,0,0,0,0,25,1665,-11502,12330,0,0,0,1,0
18,-180,3.538,67,2975315,31,13,-5,73773,0,0,0,0,0,25,1665,-11502,12330,0,0,0,1,0
18,-180,3.651,69,2975427,31,13,-5,73773,0,0,0,0,0,25,1665,-11502,12330,0,0,0,1,0
18,-180,3.77,71,2975539,31,13,-5,73773,0,0,0,0,0,25,1665,-11502,12330,0,0,0,1,0
18,-180,3.869,73,2975647,31,13,-5,73773,0,0,0,0,0,25,1665,-11502,12330,0,0,0,1,0
18,-180,3.926,74,2975703,31,13,-5,73773,0,0,0,0,0,25,1665,-11502,12330,0,0,0,1,0
18,-180,4.041,76,2975815,31,13,-5,73773,0,0,0,0,0,25,1665,-11502,12330,0,0,0,1,0
18,-180,4.094,77,2975871,31,13,-5,73773,0,0,0,0,0,25,1665,-11502,12330,0,0,0,1,0
18,-180,4.149,78,2975927,31,13,-5,73773,0,0,0,0,0,25,1665,-11502,12330,0,0,0,1,0
18,-180,4.261,80,2976039,31,13,-5,73773,0,0,0,0,0,25,1665,-11502,12330,0,0,0,1,0
18,-180,4.317,81,2976095,31,13,-5,73773,0,0,0,0,0,25,1665,-11502,12330,0,0,0,1,0
18,-180,4.392,82,2976151,31,13,-5,73773,0,0,0,0,0,25,1665,-11502,12330,0,0,0,1,0
18,-180,4.43,83,2976207,31,13,-5,73773,0,0,0,0,0,25,1665,-11502,12330,0,0,0,1,0
18,-180,4.548,85,2976319,31,13,-5,73773,0,0,0,0,0,25,1665,-11502,12330,0,0,0,1,0
18,-180,4.602,86,2976375,31,13,-5,73773,0,0,0,0,0,25,1665,-11502,12330,0,0,0,1,0
18,-180,4.653,87,2976431,31,13,-5,73773,0,0,0,0,0,25,1665,-11502,12330,0,0,0,1,0
18,-180,4.71,88,2976487,31,13,-5,73773,0,0,0,0,0,25,1665,-11502,12330,0,0,0,1,0
18,-180,4.766,89,2976543,31,13,-5,73773,0,0,0,0,0,25,1665,-11502,12330,0,0,0,1,0
18,-180,4.825,90,2976599,31,13,-5,73773,0,0,0,0,0,25,1665,-11502,12330,0,0,0,1,0
18,-180,4.929,92,2976707,31,13,-5,73773,0,0,0,0,0,25,1665,-11502,12330,0,0,0,1,0
18,-180,5.047,94,2976819,31,13,-5,73773,0,0,0,0,0,25,1665,-11502,12330,0,0,0,1,0
18,-180,5.103,95,2976875,31,13,-5,73773,0,0,0,0,0,25,1665,-11502,12330,0,0,0,1,0
18,-180,5.162,96,2976931,31,13,-5,73773,0,0,0,0,0,25,1665,-11502,12330,0,0,0,1,0
18,-180,5.21,97,2976987,31,13,-5,73773,0,0,0,0,0,25,1665,-11502,12330,0,0,0,1,0
18,-180,5.277,98,2977043,31,13,-5,73773,0,0,0,0,0,25,1665,-11502,12330,0,0,0,1,0
18,-180,5.325,99,2977099,31,13,-5,73773,0,0,0,0,0,25,1665,-11502,12330,0,0,0,1,0
18,-180,5.378,100,2977155,31,13,-5,73773,0,0,0,0,0,25,1665,-11502,12330,0,0,0,1,0
18,-180,5.435,101,2977211,31,13,-5,73773,0,0,0,0,0,25,1665,-11502,12330,0,0,0,1,0
18,-180,5.492,102,2977267,31,13,-5,73773,0,0,0,0,0,25,1665,-11502,12330,0,0,0,1,0
18,-180,5.55,103,2977323,31,13,-5,73773,0,0,0,0,0,25,1665,-11502,12330,0,0,0,1,0
18,-180,5.601,104,2977379,31,13,-5,73773,0,0,0,0,0,25,1665,-11502,12330,0,0,0,1,0
18,-180,5.668,105,2977435,31,13,-5,73773,0,0,0,0,0,25,1665,-11502,12330,0,0,0,1,0
18,-180,5.715,106,2977491,31,13,-5,73773,0,0,0,0,0,25,1665,-11502,12330,0,0,0,1,0
18,-180,5.771,107,2977547,31,13,-5,73773,0,0,0,0,0,25,1665,-11502,12330,0,0,0,1,0
18,-180,5.827,108,2977603,31,13,-5,73773,0,0,0,0,0,25,1665,-11502,12330,0,0,0,1,0
18,-180,5.889,109,2977659,31,13,-5,73773,0,0,0,0,0,25,1665,-11502,12330,0,0,0,1,0
18,-180,5.989,111,2977767,31,13,-5,73773,0,0,0,0,0,25,1665,-11502,12330,0,0,0,1,0
18,-180,6.046,112,2977823,31,13,-5,73773,0,0,0,0,0,25,1665,-11502,12330,0,0,0,1,0
18,-180,6.101,113,2977879,31,13,-5,73773,0,0,0,0,0,25,1665,-11502,12330,0,0,0,1,0
18,-180,6.157,114,2977935,31,13,-5,73773,0,0,0,0,0,25,1665,-11502,12330,0,0,0,1,0
18,-180,6.27,116,2978047,31,13,-5,73773,0,0,0,0,0,25,1665,-11502,12330,0,0,0,1,0
18,-180,6.329,117,2978103,31,13,-5,73773,0,0,0,0,0,25,1665,-11502,12330,0,0,0,1,0
18,-180,6.381,118,2978159,31,13,-5,73773,0,0,0,0,0,25,1665,-11502,12330,0,0,0,1,0
18,-180,6.501,120,2978271,31,13,-5,73773,0,0,0,0,0,25,1665,-11502,12330,0,0,0,1,0
18,-180,6.557,121,2978327,31,13,-5,73773,0,0,0,0,0,25,1665,-11502,12330,0,0,0,1,0
18,-180,6.608,122,2978383,31,13,-5,73773,0,0,0,0,0,25,1665,-11502,12330,0,0,0,1,0
18,-180,6.666,123,2978439,31,13,-5,73773,0,0,0,0,0,25,1665,-11502,12330,0,0,0,1,0
18,-180,6.949,0,2978719,31,13,-5,73773,0,0,0,0,0,25,1665,-11502,12330,0,0,0,1,0
18,-180,6.993,1,2978771,31,13,-5,73773,0,0,0,0,0,25,1665,-11502,12330,0,0,0,1,0
18,-180,7.107,3,2978883,31,13,-5,73773,0,0,0,0,0,25,1665,-11502,12330,0,0,0,1,0
18,-180,7.165,4,2978939,31,13,-5,73773,0,0,0,0,0,25,1665,-11502,12330,0,0,0,1,0
18,-180,7.22,5,2978995,31,13,-5,73773,0,0,0,0,0,25,1665,-11502,12330,0,0,0,1,0
18,-180,7.275,6,2979051,31,13,-5,73773,0,0,0,0,0,25,1665,-11502,12330,0,0,0,1,0
18,-180,7.332,7,2979107,31,13,-5,73773,0,0,0,0,0,25,1665,-11502,12330,0,0,0,1,0
18,-180,7.503,10,2979275,31,13,-5,73773,0,0,0,0,0,25,1665,-11502,12330,0,0,0,1,0
18,-180,7.553,11,2979331,31,13,-5,73773,0,0,0,0,0,25,1665,-11502,12330,0,0,0,1,0
18,-180,7.609,12,2979387,31,13,-5,73773,0,0,0,0,0,25,1665,-11502,12330,0,0,0,1,0
18,-180,7.668,13,2979443,31,13,-5,73773,0,0,0,0,0,25,1665,-11502,12330,0,0,0,1,0
18,-180,7.724,14,2979499,31,13,-5,73773,0,0,0,0,0,25,1665,-11502,12330,0,0,0,1,0
18,-180,7.777,15,2979555,31,13,-5,73773,0,0,0,0,0,25,1665,-11502,12330,0,0,0,1,0
18,-180,7.835,16,2979611,31,13,-5,73773,0,0,0,0,0,25,1665,-11502,12330,0,0,0,1,0
18,-180,7.892,17,2979667,31,13,-5,73773,0,0,0,0,0,25,1665,-11502,12330,0,0,0,1,0
18,-180,7.946,18,2979723,31,13,-5,73773,0,0,0,0,0,25,1665,-11502,12330,0,0,0,1,0
18,-180,8.013,19,2979779,31,13,-5,73773,0,0,0,0,0,25,1665,-11502,12330,0,0,0,1,0
18,-180,8.053,20,2979831,31,13,-5,73773,0,0,0,0,0,25,1665,-11502,12330,0,0,0,1,0
18,-180,8.11,21,2979887,31,13,-5,73773,0,0,0,0,0,25,1665,-11502,12330,0,0,0,1,0
18,-180,8.165,22,2979943,31,13,-5,73773,0,0,0,0,0,25,1665,-11502,12330,0,0,0,1,0
18,-180,8.224,23,2979999,31,13,-5,73773,0,0,0,0,0,25,1665,-11502,12330,0,0,0,1,0
18,-180,8.277,24,2980049,31,13,-5,73773,0,0,0,0,0,25,1665,-11502,12330,0,0,0,1,0
18,-180,8.325,25,2980103,31,13,-5,73773,0,0,0,0,0,25,1665,-11502,12330,0,0,0,1,0
18,-180,8.406,26,2980159,31,13,-5,73773,0,0,0,0,0,25,1665,-11502,12330,0,0,0,1,0
18,-180,8.44,27,2980215,31,13,-5,73773,0,0,0,0,0,25,1665,-11502,12330,0,0,0,1,0
18,-180,8.496,28,2980271,31,13,-5,73773,0,0,0,0,0,25,1665,-11502,12330,0,0,0,1,0
18,-180,8.55,29,2980327,31,13,-5,73773,0,0,0,0,0,25,1665,-11502,12330,0,0,0,1,0
18,-180,8.606,30,2980383,31,13,-5,73773,0,0,0,0,0,25,1665,-11502,12330,0,0,0,1,0
18,-180,8.661,31,2980439,31,13,-5,73773,0,0,0,0,0,25,1665,-11502,12330,0,0,0,1,0
18,-180,8.717,32,2980495,31,13,-5,73773,0,0,0,0,0,25,1665,-11502,12330,0,0,0,1,0
18,-180,8.829,34,2980607,31,13,-5,73773,0,0,0,0,0,25,1665,-11502,12330,0,0,0,1,0
18,-180,8.886,35,2980663,31,13,-5,73773,0,0,0,0,0,25,1665,-11502,12330,0,0,0,1,0
18,-180,8.941,36,2980719,31,13,-5,73773,0,0,0,0,0,25,1665,-11502,12330,0,0,0,1,0
18,-180,9.063,38,2980831,31,13,-5,73773,0,0,0,0,0,25,1665,-11502,12330,0,0,0,1,0
18,-180,9.105,39,2980883,31,13,-5,73773,0,0,0,0,0,25,1665,-11502,12330,0,0,0,1,0
18,-180,9.162,40,2980939,31,13,-5,73773,0,0,0,0,0,25,1665,-11502,12330,0,0,0,1,0
18,-180,9.218,41,2980995,31,13,-5,73773,0,0,0,0,0,25,1665,-11502,12330,0,0,0,1,0
18,-180,9.273,42,2981051,31,13,-5,73773,0,0,0,0,0,25,1665,-11502,12330,0,0,0,1,0
18,-180,9.329,43,2981107,31,13,-5,73773,0,0,0,0,0,25,1665,-11502,12330,0,0,0,1,0
18,-180,9.385,44,2981163,31,13,-5,73773,0,0,0,0,0,25,1665,-11502,12330,0,0,0,1,0
18,-180,9.444,45,2981219,31,13,-5,73773,0,0,0,0,0,25,1665,-11502,12330,0,0,0,1,0
18,-180,9.5,46,2981275,31,13,-5,73773,0,0,0,0,0,25,1665,-11502,12330,0,0,0,1,0
18,-180,9.554,47,2981331,31,13,-5,73773,0,0,0,0,0,25,1665,-11502,12330,0,0,0,1,0
18,-180,9.61,48,2981387,31,13,-5,73773,0,0,0,0,0,25,1665,-11502,12330,0,0,0,1,0
18,-180,9.666,49,2981443,31,13,-5,73773,0,0,0,0,0,25,1665,-11502,12330,0,0,0,1,0
18,-180,9.722,50,2981499,31,13,-5,73773,0,0,0,0,0,25,1665,-11502,12330,0,0,0,1,0
18,-180,9.784,51,2981555,31,13,-5,73773,0,0,0,0,0,25,1665,-11502,12330,0,0,0,1,0
18,-180,9.834,52,2981611,31,13,-5,73773,0,0,0,0,0,25,1665,-11502,12330,0,0,0,1,0
18,-180,9.951,54,2981723,31,13,-5,73773,0,0,0,0,0,25,1665,-11502,12330,0,0,0,1,0
18,-180,10.057,56,2981835,31,13,-5,73773,0,0,0,0,0,25,1665,-11502,12330,0,0,0,1,0
18,-180,10.123,57,2981891,31,13,-5,73773,0,0,0,0,0,25,1665,-11502,12330,0,0,0,1,0
18,-180,10.222,59,2981999,31,13,-5,73773,0,0,0,0,0,25,1665,-11502,12330,0,0,0,1,0
18,-180,10.279,60,2982055,31,13,-5,73773,0,0,0,0,0,25,1665,-11502,12330,0,0,0,1,0
18,-180,10.333,61,2982111,31,13,-5,73773,0,0,0,0,0,25,1665,-11502,12330,0,0,0,1,0
18,-180,10.389,62,2982167,31,13,-5,73773,0,0,0,0,0,25,1665,-11502,12330,0,0,0,1,0
18,-180,10.445,63,2982223,31,13,-5,73773,0,0,0,0,0,25,1665,-11502,12330,0,0,0,1,0
18,-180,10.502,64,2982279,31,13,-5,73773,0,0,0,0,0,25,1665,-11502,12330,0,0,0,1,0
18,-180,10.557,65,2982335,31,13,-5,73773,0,0,0,0,0,25,1665,-11502,12330,0,0,0,1,0
18,-180,10.613,66,2982391,31,13,-5,73773,0,0,0,0,0,25,1665,-11502,12330,0,0,0,1,0
18,-180,10.725,68,2982503,31,13,-5,73773,0,0,0,0,0,25,1665,-11502,12330,0,0,0,1,0
18,-180,10.781,69,2982559,31,13,-5,73773,0,0,0,0,0,25,1665,-11502,12330,0,0,0,1,0
18,-180,10.893,71,2982671,31,13,-5,73773,0,0,0,0,0,25,1665,-11502,12330,0,0,0,1,0
18,-180,10.949,72,2982727,31,13,-5,73773,0,0,0,0,0,25,1665,-11502,12330,0,0,0,1,0
18,-180,11.018,73,2982783,31,13,-5,73773,0,0,0,0,0,25,1665,-11502,12330,0,0,0,1,0
18,-180,11.062,74,2982839,31,13,-5,73773,0,0,0,0,0,25,1665,-11502,12330,0,0,0,1,0
18,-180,11.119,75,2982895,31,13,-5,73773,0,0,0,0,0,25,1665,-11502,12330,0,0,0,1,0
18,-180,11.184,76,2982951,31,13,-5,73773,0,0,0,0,0,25,1665,-11502,12330,0,0,0,1,0
18,-180,11.225,77,2983003,31,13,-5,73773,0,0,0,0,0,25,1665,-11502,12330,0,0,0,1,0
18,-180,11.337,79,2983115,31,13,-5,73773,0,0,0,0,0,25,1665,-11502,12330,0,0,0,1,0
18,-180,11.393,80,2983171,31,13,-5,73773,0,0,0,0,0,25,1665,-11502,12330,0,0,0,1,0
18,-180,11.449,81,2983227,31,13,-5,73773,0,0,0,0,0,25,1665,-11502,12330,0,0,0,1,0
18,-180,11.506,82,2983283,31,13,-5,73773,0,0,0,0,0,25,1665,-11502,12330,0,0,0,1,0
18,-180,11.56,83,2983339,31,13,-5,73773,0,0,0,0,0,25,1665,-11502,12330,0,0,0,1,0
18,-180,11.617,84,2983395,31,13,-5,73773,0,0,0,0,0,25,1665,-11502,12330,0,0,0,1,0
18,-180,11.674,85,2983451,31,13,-5,73773,0,0,0,0,0,25,1665,-11502,12330,0,0,0,1,0
18,-180,11.731,86,2983507,31,13,-5,73773,0,0,0,0,0,25,1665,-11502,12330,0,0,0,1,0
18,-180,11.785,87,2983563,31,13,-5,73773,0,0,0,0,0,25,1665,-11502,12330,0,0,0,1,0
18,-180,11.841,88,2983619,31,13,-5,73773,0,0,0,0,0,25,1665,-11502,12330,0,0,0,1,0
18,-180,11.953,90,2983731,31,13,-5,73773,0,0,0,0,0,25,1665,-11502,12330,0,0,0,1,0
18,-180,12.009,91,2983787,31,13,-5,73773,0,0,0,0,0,25,1665,-11502,12330,0,0,0,1,0
18,-180,12.067,92,2983843,31,13,-5,73773,0,0,0,0,0,25,1665,-11502,12330,0,0,0,1,0
18,-180,12.123,93,2983899,31,13,-5,73773,0,0,0,0,0,25,1665,-11502,12330,0,0,0,1,0
18,-180,12.243,95,2984011,31,13,-5,73773,0,0,0,0,0,25,1665,-11502,12330,0,0,0,1,0
18,-180,12.284,96,2984063,31,13,-5,73773,0,0,0,0,0,25,1665,-11502,12330,0,0,0,1,0
18,-180,12.341,97,2984119,31,13,-5,73773,0,0,0,0,0,25,1665,-11502,12330,0,0,0,1,0
18,-180,12.397,98,2984175,31,13,-5,73773,0,0,0,0,0,25,1665,-11502,12330,0,0,0,1,0
18,-180,12.458,99,2984231,31,13,-5,73773,0,0,0,0,0,25,1665,-11502,12330,0,0,0,1,0
18,-180,12.572,101,2984343,31,13,-5,73773,0,0,0,0,0,25,1665,-11502,12330,0,0,0,1,0
18,-180,12.623,102,2984399,31,13,-5,73773,0,0,0,0,0,25,1665,-11502,12330,0,0,0,1,0
18,-180,12.677,103,2984455,31,13,-5,73773,0,0,0,0,0,25,1665,-11502,12330,0,0,0,1,0
18,-180,12.734,104,2984511,31,13,-5,73773,0,0,0,0,0,25,1665,-11502,12330,0,0,0,1,0
18,-180,12.789,105,2984567,31,13,-5,73773,0,0,0,0,0,25,1665,-11502,12330,0,0,0,1,0
18,-180,12.845,106,2984623,31,13,-5,73773,0,0,0,0,0,25,1665,-11502,12330,0,0,0,1,0
18,-180,12.906,107,2984679,31,13,-5,73773,0,0,0,0,0,25,1665,-11502,12330,0,0,0,1,0
18,-180,12.958,108,2984735,31,13,-5,73773,0,0,0,0,0,25,1665,-11502,12330,0,0,0,1,0
18,-180,13.014,109,2984791,31,13,-5,73773,0,0,0,0,0,25,1665,-11502,12330,0,0,0,1,0
18,-180,13.069,110,2984847,31,13,-5,73773,0,0,0,0,0,25,1665,-11502,12330,0,0,0,1,0
18,-180,13.183,112,2984959,31,13,-5,73773,0,0,0,0,0,25,1665,-11502,12330,0,0,0,1,0
18,-180,13.239,113,2985015,31,13,-5,73773,0,0,0,0,0,25,1665,-11502,12330,0,0,0,1,0
18,-180,13.308,114,2985071,31,13,-5,73773,0,0,0,0,0,25,1665,-11502,12330,0,0,0,1,0
18,-180,13.345,115,2985123,31,13,-5,73773,0,0,0,0,0,25,1665,-11502,12330,0,0,0,1,0
18,-180,13.401,116,2985179,31,13,-5,73773,0,0,0,0,0,25,1665,-11502,12330,0,0,0,1,0
18,-180,13.46,117,2985235,31,13,-5,73773,0,0,0,0,0,25,1665,-11502,12330,0,0,0,1,0
18,-180,13.518,118,2985291,31,13,-5,73773,0,0,0,0,0,25,1665,-11502,12330,0,0,0,1,0
18,-180,13.579,119,2985347,31,13,-5,73773,0,0,0,0,0,25,1665,-11502,12330,0,0,0,1,0
18,-180,13.631,120,2985403,31,13,-5,73773,0,0,0,0,0,25,1665,-11502,12330,0,0,0,1,0
18,-180,13.682,121,2985459,31,13,-5,73773,0,0,0,0,0,25,1665,-11502,12330,0,0,0,1,0
18,-180,13.738,122,2985515,31,13,-5,73773,0,0,0,0,0,25,1665,-11502,12330,0,0,0,1,0
18,-180,13.793,123,2985571,31,13,-5,73773,0,0,0,0,0,25,1665,-11502,12330,0,0,0,1,0
18,-180,13.851,124,2985627,31,13,-5,73773,0,0,0,0,0,25,1665,-11502,12330,0,0,0,1,0
18,-180,13.905,125,2985683,31,13,-5,73773,0,0,0,0,0,25,1665,-11502,12330,0,0,0,1,0
18,-180,13.96,126,2985739,31,13,-5,73773,0,0,0,0,0,25,1665,-11502,12330,0,0,0,1,0
18,-180,14.019,127,2985795,31,13,-5,73773,0,0,0,0,0,25,1665,-11502,12330,0,0,0,1,0
18,-180,14.074,0,2985851,31,13,-5,73773,0,0,0,0,0,25,1665,-11502,12330,0,0,0,1,0
18,-180,14.131,1,2985907,31,13,-5,73773,0,0,0,0,0,25,1665,-11502,12330,0,0,0,1,0
18,-180,14.184,2,2985963,31,13,-5,73773,0,0,0,0,0,25,1665,-11502,12330,0,0,0,1,0
18,-180,14.241,3,2986019,31,13,-5,73773,0,0,0,0,0,25,1665,-11502,12330,0,0,0,1,0
18,-180,14.405,6,2986183,31,13,-5,73773,0,0,0,0,0,25,1665,-11502,12330,0,0,0,1,0
18,-180,14.466,7,2986239,31,13,-5,73773,0,0,0,0,0,25,1665,-11502,12330,0,0,0,1,0
18,-180,14.517,8,2986295,31,13,-5,73773,0,0,0,0,0,25,1665,-11502,12330,0,0,0,1,0
18,-180,14.574,9,2986351,31,13,-5,73773,0,0,0,0,0,25,1665,-11502,12330,0,0,0,1,0
18,-180,14.631,10,2986407,31,13,-5,73773,0,0,0,0,0,25,1665,-11502,12330,0,0,0,1,0
18,-180,14.686,11,2986463,31,13,-5,73773,0,0,0,0,0,25,1665,-11502,12330,0,0,0,1,0
18,-180,14.741,12,2986519,31,13,-5,73773,0,0,0,0,0,25,1665,-11502,12330,0,0,0,1,0
18,-180,14.798,13,2986575,31,13,-5,73773,0,0,0,0,0,25,1665,-11502,12330,0,0,0,1,0
18,-180,14.853,14,2986631,31,13,-5,73773,0,0,0,0,0,25,1665,-11502,12330,0,0,0,1,0
18,-180,14.908,15,2986687,31,13,-5,73773,0,0,0,0,0,25,1665,-11502,12330,0,0,0,1,0
18,-180,14.964,16,2986743,31,13,-5,73773,0,0,0,0,0,25,1665,-11502,12330,0,0,0,1,0
18,-180,15.077,18,2986855,31,13,-5,73773,0,0,0,0,0,25,1665,-11502,12330,0,0,0,1,0
18,-180,15.133,19,2986911,31,13,-5,73773,0,0,0,0,0,25,1665,-11502,12330,0,0,0,1,0
18,-180,15.188,20,2986967,31,13,-5,73773,0,0,0,0,0,25,1665,-11502,12330,0,0,0,1,0
18,-180,15.246,21,2987023,31,13,-5,73773,0,0,0,0,0,25,1665,-11502,12330,0,0,0,1,0
18,-180,15.301,22,2987079,31,13,-5,73773,0,0,0,0,0,25,1665,-11502,12330,0,0,0,1,0
18,-180,15.359,23,2987135,31,13,-5,73773,0,0,0,0,0,25,1665,-11502,12330,0,0,0,1,0
18,-180,15.425,24,2987191,31,13,-5,73773,0,0,0,0,0,25,1665,-11502,12330,0,0,0,1,0
18,-180,15.475,25,2987243,31,13,-5,73773,0,0,0,0,0,25,1665,-11502,12330,0,0,0,1,0
18,-180,15.523,26,2987299,31,13,-5,73773,0,0,0,0,0,25,1665,-11502,12330,0,0,0,1,0
18,-180,15.577,27,2987355,31,13,-5,73773,0,0,0,0,0,25,1665,-11502,12330,0,0,0,1,0
18,-180,15.69,29,2987467,31,13,-5,73773,0,0,0,0,0,25,1665,-11502,12330,0,0,0,1,0
18,-180,15.746,30,2987523,31,13,-5,73773,0,0,0,0,0,25,1665,-11502,12330,0,0,0,1,0
18,-180,15.801,31,2987579,31,13,-5,73773,0,0,0,0,0,25,1665,-11502,12330,0,0,0,1,0
18,-180,15.857,32,2987635,31,13,-5,73773,0,0,0,0,0,25,1665,-11502,12330,0,0,0,1,0
18,-180,15.914,33,2987691,31,13,-5,73773,0,0,0,0,0,25,1665,-11502,12330,0,0,0,1,0
18,-180,15.97,34,2987747,31,13,-5,73773,0,0,0,0,0,25,1665,-11502,12330,0,0,0,1,0
18,-180,16.025,35,2987803,31,13,-5,73773,0,0,0,0,0,25,1665,-11502,12330,0,0,0,1,0
18,-180,16.081,36,2987859,31,13,-5,73773,0,0,0,0,0,25,1665,-11502,12330,0,0,0,1,0
18,-180,16.136,37,2987915,31,13,-5,73773,0,0,0,0,0,25,1665,-11502,12330,0,0,0,1,0
18,-180,16.193,38,2987971,31,13,-5,73773,0,0,0,0,0,25,1665,-11502,12330,0,0,0,1,0
18,-180,16.304,40,2988083,31,13,-5,73773,0,0,0,0,0,25,1665,-11502,12330,0,0,0,1,0
18,-180,16.36,41,2988139,31,13,-5,73773,0,0,0,0,0,25,1665,-11502,12330,0,0,0,1,0
18,-180,16.418,42,2988195,31,13,-5,73773,0,0,0,0,0,25,1665,-11502,12330,0,0,0,1,0
18,-180,16.482,43,2988251,31,13,-5,73773,0,0,0,0,0,25,1665,-11502,12330,0,0,0,1,0
18,-180,16.525,44,2988303,31,13,-5,73773,0,0,0,0,0,25,1665,-11502,12330,0,0,0,1,0
18,-180,16.581,45,2988359,31,13,-5,73773,0,0,0,0,0,25,1665,-11502,12330,0,0,0,1,0
18,-180,16.638,46,2988415,31,13,-5,73773,0,0,0,0,0,25,1665,-11502,12330,0,0,0,1,0
18,-180,16.694,47,2988471,31,13,-5,73773,0,0,0,0,0,25,1665,-11502,12330,0,0,0,1,0
18,-180,16.75,48,2988527,31,13,-5,73773,0,0,0,0,0,25,1665,-11502,12330,0,0,0,1,0
18,-180,16.805,49,2988583,31,13,-5,73773,0,0,0,0,0,25,1665,-11502,12330,0,0,0,1,0
18,-180,16.861,50,2988639,31,13,-5,73773,0,0,0,0,0,25,1665,-11502,12330,0,0,0,1,0
18,-180,16.917,51,2988695,31,13,-5,73773,0,0,0,0,0,25,1665,-11502,12330,0,0,0,1,0
19,-90,-0.045,54,3003143,31,13,-5,73773,0,0,0,0,0,25,1665,-11502,12330,0,0,0,1,0
19,-90,0.011,55,3003199,31,13,-5,73773,0,0,0,0,0,25,1665,-11502,12330,0,0,0,1,0
19,-90,0.065,56,3003251,31,13,-5,73773,0,0,0,0,0,25,1666,-11502,12330,800,-800,0,1,0
19,-90,0.138,57,3003323,31,13,-5,73637,0,0,0,32,-32,25,1669,-11477,12311,1100,-1200,0,1,0
19,-90,0.209,58,3003395,31,13,-5,73395,0,0,0,41,-41,25,1672,-11438,12272,1300,-1300,0,1,0
19,-90,0.282,59,3003467,31,13,-5,73067,0,0,0,50,-58,25,1675,-11388,12216,1700,-1800,0,1,0
19,-90,0.412,61,3003589,31,13,-5,72098,0,0,0,105,-114,25,1680,-11230,12061,2500,-2500,0,1,0
19,-90,0.473,62,3003659,31,13,-5,71229,0,0,0,140,-138,25,1683,-11088,11922,2900,-2900,0,1,0
19,-90,0.545,63,3003731,31,13,-5,70198,0,0,0,169,-163,25,1686,-10922,11755,2900,-2900,0,1,0
19,-90,0.618,64,3003803,31,13,-5,69099,0,0,0,187,-169,25,1689,-10747,11575,2900,-2800,0,1,0
19,-90,0.69,65,3003875,31,13,-5,68006,0,0,0,187,-178,25,1692,-10569,11400,2800,-2800,0,1,0
19,-90,0.762,66,3003947,31,13,-4,66904,0,0,0,161,-195,25,1695,-10397,11216,2700,-2800,0,1,0
19,-90,0.833,67,3004019,31,13,-4,65858,0,0,0,169,-152,25,1698,-10225,11050,2700,-2800,0,1,0
19,-90,0.992,68,3004180,31,13,-4,64409,0,0,0,0,0,25,1707,-10002,10805,0,0,0,1,0
19,-90,1.044,69,3004231,31,13,-4,64409,0,0,0,0,0,25,1709,-10002,10805,0,0,0,1,0
19,-90,1.116,70,3004303,31,13,-4,64409,0,0,0,0,0,25,1712,-10002,10805,0,0,0,1,0
19,-90,1.189,71,3004375,31,13,-4,64409,0,0,0,0,0,25,1715,-10002,10805,0,0,0,1,0
19,-90,1.269,72,3004447,31,13,-4,64409,0,0,0,0,0,25,1718,-10002,10805,0,0,0,1,0
19,-90,1.331,73,3004519,31,13,-4,64409,0,0,0,0,0,25,1721,-10002,10805,0,0,0,1,0
19,-90,1.404,74,3004591,31,13,-4,64409,0,0,0,0,0,25,1724,-10002,10805,0,0,0,1,0
19,-90,1.475,75,3004663,31,13,-4,64409,0,0,0,0,0,25,1727,-10002,10805,0,0,0,1,0
19,-90,1.547,76,3004735,31,13,-4,64409,0,0,0,0,0,25,1730,-10002,10805,0,0,0,1,0
19,-90,1.619,77,3004807,31,13,-4,64409,0,0,0,0,0,25,1733,-10002,10805,0,0,0,1,0
19,-90,1.69,78,3004879,31,13,-4,64409,0,0,0,0,0,25,1736,-10002,10805,0,0,0,1,0
19,-90,1.764,79,3004951,31,13,-4,64409,0,0,0,0,0,25,1739,-10002,10805,0,0,0,1,0
19,-90,1.838,80,3005023,31,13,-4,64409,0,0,0,0,0,25,1742,-10002,10805,0,0,0,1,0
19,-90,1.908,81,3005095,31,13,-4,64409,0,0,0,0,0,25,1745,-10002,10805,0,0,0,1,0
19,-90,1.981,82,3005167,31,13,-4,64409,0,0,0,0,0,25,1748,-10002,10805,0,0,0,1,0
19,-90,2.055,83,3005239,31,13,-4,64409,0,0,0,0,0,25,1751,-10002,10805,0,0,0,1,0
19,-90,2.13,84,3005311,31,13,-4,64409,0,0,0,0,0,25,1754,-10002,10805,0,0,0,1,0
19,-90,2.284,86,3005457,31,13,-4,64409,0,0,0,0,0,25,1760,-10002,10805,0,0,0,1,0
19,-90,2.32,87,3005507,31,13,-4,64409,0,0,0,0,0,25,1760,-10002,10805,0,0,0,1,0
19,-90,2.377,88,3005563,31,13,-4,64409,0,0,0,0,0,25,1760,-10002,10805,0,0,0,1,0
19,-90,2.432,89,3005619,31,13,-4,64409,0,0,0,0,0,25,1760,-10002,10805,0,0,0,1,0
19,-90,2.489,90,3005675,31,13,-4,64409,0,0,0,0,0,25,1760,-10002,10805,0,0,0,1,0
19,-90,2.556,91,3005731,31,13,-4,64409,0,0,0,0,0,25,1760,-10002,10805,0,0,0,1,0
19,-90,2.597,92,3005783,31,13,-4,64409,0,0,0,0,0,25,1760,-10002,10805,0,0,0,1,0
19,-90,2.651,93,3005839,31,13,-4,64409,0,0,0,0,0,25,1760,-10002,10805,0,0,0,1,0
19,-90,2.707,94,3005895,31,13,-4,64409,0,0,0,0,0,25,1760,-10002,10805,0,0,0,1,0
19,-90,2.764,95,3005951,31,13,-4,64409,0,0,0,0,0,25,1760,-10002,10805,0,0,0,1,0
19,-90,2.82,96,3006007,31,13,-4,64409,0,0,0,0,0,25,1760,-10002,10805,0,0,0,1,0
19,-90,2.875,97,3006063,31,13,-4,64409,0,0,0,0,0,25,1760,-10002,10805,0,0,0,1,0
19,-90,2.932,98,3006119,31,13,-4,64409,0,0,0,0,0,25,1760,-10002,10805,0,0,0,1,0
19,-90,2.989,99,3006175,31,13,-4,64409,0,0,0,0,0,25,1760,-10002,10805,0,0,0,1,0
19,-90,3.048,100,3006231,31,13,-4,64409,0,0,0,0,0,25,1760,-10002,10805,0,0,0,1,0
19,-90,3.104,101,3006287,31,13,-4,64409,0,0,0,0,0,25,1760,-10002,10805,0,0,0,1,0
19,-90,3.158,102,3006343,31,13,-4,64409,0,0,0,0,0,25,1760,-10002,10805,0,0,0,1,0
19,-90,3.213,103,3006399,31,13,-4,64409,0,0,0,0,0,25,1760,-10002,10805,0,0,0,1,0
19,-90,3.267,104,3006455,31,13,-4,64409,0,0,0,0,0,25,1760,-10002,10805,0,0,0,1,0
19,-90,3.381,106,3006567,31,13,-4,64409,0,0,0,0,0,25,1760,-10002,10805,0,0,0,1,0
19,-90,3.436,107,3006623,31,13,-4,64409,0,0,0,0,0,25,1760,-10002,10805,0,0,0,1,0
19,-90,3.493,108,3006679,31,13,-4,64409,0,0,0,0,0,25,1760,-10002,10805,0,0,0,1,0
19,-90,3.566,109,3006735,31,13,-4,64409,0,0,0,0,0,25,1760,-10002,10805,0,0,0,1,0
19,-90,3.62,110,3006791,31,13,-4,64409,0,0,0,0,0,25,1760,-10002,10805,0,0,0,1,0
19,-90,3.656,111,3006843,31,13,-4,64409,0,0,0,0,0,25,1760,-10002,10805,0,0,0,1,0
19,-90,3.712,112,3006899,31,13,-4,64409,0,0,0,0,0,25,1760,-10002,10805,0,0,0,1,0
19,-90,3.768,113,3006955,31,13,-4,64409,0,0,0,0,0,25,1760,-10002,10805,0,0,0,1,0
19,-90,3.827,114,3007011,31,13,-4,64409,0,0,0,0,0,25,1760,-10002,10805,0,0,0,1,0
19,-90,3.88,115,3007067,31,13,-4,64409,0,0,0,0,0,25,1760,-10002,10805,0,0,0,1,0
19,-90,3.993,117,3007179,31,13,-4,64409,0,0,0,0,0,25,1760,-10002,10805,0,0,0,1,0
19,-90,4.048,118,3007235,31,13,-4,64409,0,0,0,0,0,25,1760,-10002,10805,0,0,0,1,0
19,-90,4.105,119,3007291,31,13,-4,64409,0,0,0,0,0,25,1760,-10002,10805,0,0,0,1,0
19,-90,4.161,120,3007347,31,13,-4,64409,0,0,0,0,0,25,1760,-10002,10805,0,0,0,1,0
19,-90,4.217,121,3007403,31,13,-4,64409,0,0,0,0,0,25,1760,-10002,10805,0,0,0,1,0
19,-90,4.275,122,3007459,31,13,-4,64409,0,0,0,0,0,25,1760,-10002,10805,0,0,0,1,0
19,-90,4.331,123,3007515,31,13,-4,64409,0,0,0,0,0,25,1760,-10002,10805,0,0,0,1,0
19,-90,4.385,124,3007571,31,13,-4,64409,0,0,0,0,0,25,1760,-10002,10805,0,0,0,1,0
19,-90,4.447,125,3007627,31,13,-4,64409,0,0,0,0,0,25,1760,-10002,10805,0,0,0,1,0
19,-90,4.5,126,3007683,31,13,-4,64409,0,0,0,0,0,25,1760,-10002,10805,0,0,0,1,0
19,-90,4.61,0,3007795,31,13,-4,64409,0,0,0,0,0,25,1760,-10002,10805,0,0,0,1,0
19,-90,4.675,1,3007851,31,13,-4,64409,0,0,0,0,0,25,1760,-10002,10805,0,0,0,1,0
19,-90,4.716,2,3007903,31,13,-4,64409,0,0,0,0,0,25,1760,-10002,10805,0,0,0,1,0
19,-90,4.773,3,3007959,31,13,-4,64409,0,0,0,0,0,25,1760,-10002,10805,0,0,0,1,0
19,-90,4.828,4,3008015,31,13,-4,64409,0,0,0,0,0,25,1760,-10002,10805,0,0,0,1,0
19,-90,4.938,6,3008127,31,13,-4,64409,0,0,0,0,0,25,1760,-10002,10805,0,0,0,1,0
19,-90,4.999,7,3008183,31,13,-4,64409,0,0,0,0,0,25,1760,-10002,10805,0,0,0,1,0
19,-90,5.052,8,3008239,31,13,-4,64409,0,0,0,0,0,25,1760,-10002,10805,0,0,0,1,0
19,-90,5.11,9,3008295,31,13,-4,64409,0,0,0,0,0,25,1760,-10002,10805,0,0,0,1,0
19,-90,5.165,10,3008351,31,13,-4,64409,0,0,0,0,0,25,1760,-10002,10805,0,0,0,1,0
19,-90,5.223,11,3008407,31,13,-4,64409,0,0,0,0,0,25,1760,-10002,10805,0,0,0,1,0
19,-90,5.278,12,3008463,31,13,-4,64409,0,0,0,0,0,25,1760,-10002,10805,0,0,0,1,0
19,-90,5.387,14,3008575,31,13,-4,64409,0,0,0,0,0,25,1760,-10002,10805,0,0,0,1,0
19,-90,5.447,15,3008631,31,13,-4,64409,0,0,0,0,0,25,1760,-10002,10805,0,0,0,1,0
19,-90,5.501,16,3008687,31,13,-4,64409,0,0,0,0,0,25,1760,-10002,10805,0,0,0,1,0
19,-90,5.561,17,3008743,31,13,-4,64409,0,0,0,0,0,25,1760,-10002,10805,0,0,0,1,0
19,-90,5.614,18,3008799,31,13,-4,64409,0,0,0,0,0,25,1760,-10002,10805,0,0,0,1,0
19,-90,5.766,19,3008855,31,13,-4,64409,0,0,0,0,0,25,1760,-10002,10805,0,0,0,1,0
19,-90,5.766,20,3008911,31,13,-4,64409,0,0,0,0,0,25,1760,-10002,10805,0,0,0,1,0
19,-90,5.782,21,3008963,31,13,-4,64409,0,0,0,0,0,25,1760,-10002,10805,0,0,0,1,0
19,-90,5.889,23,3009075,31,13,-4,64409,0,0,0,0,0,25,1760,-10002,10805,0,0,0,1,0
19,-90,5.947,24,3009131,31,13,-4,64409,0,0,0,0,0,25,1760,-10002,10805,0,0,0,1,0
19,-90,6.004,25,3009187,31,13,-4,64409,0,0,0,0,0,25,1760,-10002,10805,0,0,0,1,0
19,-90,6.065,26,3009243,31,13,-4,64409,0,0,0,0,0,25,1760,-10002,10805,0,0,0,1,0
19,-90,6.115,27,3009299,31,13,-4,64409,0,0,0,0,0,25,1760,-10002,10805,0,0,0,1,0
19,-90,6.168,28,3009355,31,13,-4,64409,0,0,0,0,0,25,1760,-10002,10805,0,0,0,1,0
19,-90,6.224,29,3009411,31,13,-4,64409,0,0,0,0,0,25,1760,-10002,10805,0,0,0,1,0
19,-90,6.278,30,3009467,31,13,-4,64409,0,0,0,0,0,25,1760,-10002,10805,0,0,0,1,0
19,-90,6.336,31,3009523,31,13,-4,64409,0,0,0,0,0,25,1760,-10002,10805,0,0,0,1,0
19,-90,6.393,32,3009579,31,13,-4,64409,0,0,0,0,0,25,1760,-10002,10805,0,0,0,1,0
19,-90,6.561,35,3009747,31,13,-4,64409,0,0,0,0,0,25,1760,-10002,10805,0,0,0,1,0
19,-90,6.671,37,3009859,31,13,-4,64409,0,0,0,0,0,25,1760,-10002,10805,0,0,0,1,0
19,-90,6.727,38,3009915,31,13,-4,64409,0,0,0,0,0,25,1760,-10002,10805,0,0,0,1,0
19,-90,6.791,39,3009971,31,13,-4,64409,0,0,0,0,0,25,1760,-10002,10805,0,0,0,1,0
19,-90,6.836,40,3010023,31,13,-4,64409,0,0,0,0,0,25,1760,-10002,10805,0,0,0,1,0
19,-90,6.892,41,3010079,31,13,-4,64409,0,0,0,0,0,25,1760,-10002,10805,0,0,0,1,0
19,-90,6.947,42,3010135,31,13,-4,64409,0,0,0,0,0,25,1760,-10002,10805,0,0,0,1,0
19,-90,7.003,43,3010191,31,13,-4,64409,0,0,0,0,0,25,1760,-10002,10805,0,0,0,1,0
19,-90,7.115,45,3010303,31,13,-4,64409,0,0,0,0,0,25,1760,-10002,10805,0,0,0,1,0
19,-90,7.171,46,3010359,31,13,-4,64409,0,0,0,0,0,25,1760,-10002,10805,0,0,0,1,0
19,-90,7.227,47,3010415,31,13,-4,64409,0,0,0,0,0,25,1760,-10002,10805,0,0,0,1,0
19,-90,7.284,48,3010471,31,13,-4,64409,0,0,0,0,0,25,1760,-10002,10805,0,0,0,1,0
19,-90,7.34,49,3010527,31,13,-4,64409,0,0,0,0,0,25,1760,-10002,10805,0,0,0,1,0
19,-90,7.397,50,3010583,31,13,-4,64409,0,0,0,0,0,25,1760,-10002,10805,0,0,0,1,0
19,-90,7.452,51,3010639,31,13,-4,64409,0,0,0,0,0,25,1760,-10002,10805,0,0,0,1,0
19,-90,7.507,52,3010695,31,13,-4,64409,0,0,0,0,0,25,1760,-10002,10805,0,0,0,1,0
19,-90,7.565,53,3010751,31,13,-4,64409,0,0,0,0,0,25,1760,-10002,10805,0,0,0,1,0
19,-90,7.62,54,3010807,31,13,-4,64409,0,0,0,0,0,25,1760,-10002,10805,0,0,0,1,0
19,-90,7.731,56,3010919,31,13,-4,64409,0,0,0,0,0,25,1760,-10002,10805,0,0,0,1,0
19,-90,7.787,57,3010975,31,13,-4,64409,0,0,0,0,0,25,1760,-10002,10805,0,0,0,1,0
19,-90,7.851,58,3011031,31,13,-4,64409,0,0,0,0,0,25,1760,-10002,10805,0,0,0,1,0
19,-90,7.895,59,3011083,31,13,-4,64409,0,0,0,0,0,25,1760,-10002,10805,0,0,0,1,0
19,-90,7.952,60,3011139,31,13,-4,64409,0,0,0,0,0,25,1760,-10002,10805,0,0,0,1,0
19,-90,8.007,61,3011195,31,13,-4,64409,0,0,0,0,0,25,1760,-10002,10805,0,0,0,1,0
19,-90,8.063,62,3011251,31,13,-4,64409,0,0,0,0,0,25,1760,-10002,10805,0,0,0,1,0
19,-90,8.12,63,3011307,31,13,-4,64409,0,0,0,0,0,25,1760,-10002,10805,0,0,0,1,0
19,-90,8.175,64,3011363,31,13,-4,64409,0,0,0,0,0,25,1760,-10002,10805,0,0,0,1,0
19,-90,8.231,65,3011419,31,13,-4,64409,0,0,0,0,0,25,1760,-10002,10805,0,0,0,1,0
19,-90,8.344,67,3011531,31,13,-4,64409,0,0,0,0,0,25,1760,-10002,10805,0,0,0,1,0
19,-90,8.455,69,3011643,31,13,-4,64409,0,0,0,0,0,25,1760,-10002,10805,0,0,0,1,0
19,-90,8.512,70,3011699,31,13,-4,64409,0,0,0,0,0,25,1760,-10002,10805,0,0,0,1,0
19,-90,8.569,71,3011755,31,13,-4,64409,0,0,0,0,0,25,1760,-10002,10805,0,0,0,1,0
19,-90,8.624,72,3011811,31,13,-4,64409,0,0,0,0,0,25,1760,-10002,10805,0,0,0,1,0
19,-90,8.681,73,3011867,31,13,-4,64409,0,0,0,0,0,25,1760,-10002,10805,0,0,0,1,0
19,-90,8.735,74,3011923,31,13,-4,64409,0,0,0,0,0,25,1760,-10002,10805,0,0,0,1,0
19,-90,8.791,75,3011979,31,13,-4,64409,0,0,0,0,0,25,1760,-10002,10805,0,0,0,1,0
19,-90,8.848,76,3012035,31,13,-4,64409,0,0,0,0,0,25,1760,-10002,10805,0,0,0,1,0
19,-90,8.905,77,3012091,31,13,-4,64409,0,0,0,0,0,25,1760,-10002,10805,0,0,0,1,0
19,-90,9.011,79,3012199,31,13,-4,64409,0,0,0,0,0,25,1760,-10002,10805,0,0,0,1,0
19,-90,9.067,80,3012255,31,13,-4,64409,0,0,0,0,0,25,1760,-10002,10805,0,0,0,1,0
19,-90,9.123,81,3012311,31,13,-4,64409,0,0,0,0,0,25,1760,-10002,10805,0,0,0,1,0
19,-90,9.18,82,3012367,31,13,-4,64409,0,0,0,0,0,25,1760,-10002,10805,0,0,0,1,0
19,-90,9.235,83,3012423,31,13,-4,64409,0,0,0,0,0,25,1760,-10002,10805,0,0,0,1,0
19,-90,9.293,84,3012479,31,13,-4,64409,0,0,0,0,0,25,1760,-10002,10805,0,0,0,1,0
19,-90,9.348,85,3012535,31,13,-4,64409,0,0,0,0,0,25,1760,-10002,10805,0,0,0,1,0
19,-90,9.403,86,3012591,31,13,-4,64409,0,0,0,0,0,25,1760,-10002,10805,0,0,0,1,0
19,-90,9.459,87,3012647,31,13,-4,64409,0,0,0,0,0,25,1760,-10002,10805,0,0,0,1,0
19,-90,9.515,88,3012703,31,13,-4,64409,0,0,0,0,0,25,1760,-10002,10805,0,0,0,1,0
19,-90,9.571,89,3012759,31,13,-4,64409,0,0,0,0,0,25,1760,-10002,10805,0,0,0,1,0
19,-90,9.629,90,3012815,31,13,-4,64409,0,0,0,0,0,25,1760,-10002,10805,0,0,0,1,0
19,-90,9.684,91,3012871,31,13,-4,64409,0,0,0,0,0,25,1760,-10002,10805,0,0,0,1,0
19,-90,9.74,92,3012927,31,13,-4,64409,0,0,0,0,0,25,1760,-10002,10805,0,0,0,1,0
19,-90,9.796,93,3012983,31,13,-4,64409,0,0,0,0,0,25,1760,-10002,10805,0,0,0,1,0
19,-90,9.851,94,3013039,31,13,-4,64409,0,0,0,0,0,25,1760,-10002,10805,0,0,0,1,0
19,-90,9.907,95,3013095,31,13,-4,64409,0,0,0,0,0,25,1760,-10002,10805,0,0,0,1,0
19,-90,9.971,96,3013151,31,13,-4,64409,0,0,0,0,0,25,1760,-10002,10805,0,0,0,1,0
19,-90,10.015,97,3013203,31,13,-4,64409,0,0,0,0,0,25,1760,-10002,10805,0,0,0,1,0
19,-90,10.071,98,3013259,31,13,-4,64409,0,0,0,0,0,25,1760,-10002,10805,0,0,0,1,0
19,-90,10.127,99,3013315,31,13,-4,64409,0,0,0,0,0,25,1760,-10002,10805,0,0,0,1,0
19,-90,10.239,101,3013427,31,13,-4,64409,0,0,0,0,0,25,1760,-10002,10805,0,0,0,1,0
19,-90,10.295,102,3013483,31,13,-4,64409,0,0,0,0,0,25,1760,-10002,10805,0,0,0,1,0
19,-90,10.352,103,3013539,31,13,-4,64409,0,0,0,0,0,25,1760,-10002,10805,0,0,0,1,0
19,-90,10.407,104,3013595,31,13,-4,64409,0,0,0,0,0,25,1760,-10002,10805,0,0,0,1,0
19,-90,10.463,105,3013651,31,13,-4,64409,0,0,0,0,0,25,1760,-10002,10805,0,0,0,1,0
19,-90,10.519,106,3013707,31,13,-4,64409,0,0,0,0,0,25,1760,-10002,10805,0,0,0,1,0
19,-90,10.575,107,3013763,31,13,-4,64409,0,0,0,0,0,25,1760,-10002,10805,0,0,0,1,0
19,-90,10.631,108,3013819,31,13,-4,64409,0,0,0,0,0,25,1760,-10002,10805,0,0,0,1,0
19,-90,10.689,109,3013875,31,13,-4,64409,0,0,0,0,0,25,1760,-10002,10805,0,0,0,1,0
19,-90,10.744,110,3013931,31,13,-4,64409,0,0,0,0,0,25,1760,-10002,10805,0,0,0,1,0
19,-90,10.855,112,3014043,31,13,-4,64409,0,0,0,0,0,25,1760,-10002,10805,0,0,0,1,0
19,-90,10.912,113,3014099,31,13,-4,64409,0,0,0,0,0,25,1760,-10002,10805,0,0,0,1,0
19,-90,10.968,114,3014155,31,13,-4,64409,0,0,0,0,0,25,1760,-10002,10805,0,0,0,1,0
19,-90,11.031,115,3014211,31,13,-4,64409,0,0,0,0,0,25,1760,-10002,10805,0,0,0,1,0
19,-90,11.075,116,3014263,31,13,-4,64409,0,0,0,0,0,25,1760,-10002,10805,0,0,0,1,0
19,-90,11.131,117,3014319,31,13,-4,64409,0,0,0,0,0,25,1760,-10002,10805,0,0,0,1,0
19,-90,11.191,118,3014375,31,13,-4,64409,0,0,0,0,0,25,1760,-10002,10805,0,0,0,1,0
19,-90,11.249,119,3014431,31,13,-4,64409,0,0,0,0,0,25,1760,-10002,10805,0,0,0,1,0
19,-90,11.33,120,3014487,31,13,-4,64409,0,0,0,0,0,25,1760,-10002,10805,0,0,0,1,0
19,-90,11.356,121,3014543,31,13,-4,64409,0,0,0,0,0,25,1760,-10002,10805,0,0,0,1,0
19,-90,11.471,123,3014655,31,13,-4,64409,0,0,0,0,0,25,1760,-10002,10805,0,0,0,1,0
19,-90,11.523,124,3014711,31,13,-4,64409,0,0,0,0,0,25,1760,-10002,10805,0,0,0,1,0
19,-90,11.581,125,3014767,31,13,-4,64409,0,0,0,0,0,25,1760,-10002,10805,0,0,0,1,0
19,-90,11.636,126,3014823,31,13,-4,64409,0,0,0,0,0,25,1760,-10002,10805,0,0,0,1,0
19,-90,11.692,127,3014879,31,13,-4,64409,0,0,0,0,0,25,1760,-10002,10805,0,0,0,1,0
19,-90,11.748,0,3014935,31,13,-4,64409,0,0,0,0,0,25,1760,-10002,10805,0,0,0,1,0
19,-90,11.803,1,3014991,31,13,-4,64409,0,0,0,0,0,25,1760,-10002,10805,0,0,0,1,0
19,-90,11.862,2,3015047,31,13,-4,64409,0,0,0,0,0,25,1760,-10002,10805,0,0,0,1,0
19,-90,11.915,3,3015103,31,13,-4,64409,0,0,0,0,0,25,1760,-10002,10805,0,0,0,1,0
19,-90,11.971,4,3015159,31,13,-4,64409,0,0,0,0,0,25,1760,-10002,10805,0,0,0,1,0
19,-90,12.092,6,3015271,31,13,-4,64409,0,0,0,0,0,25,1760,-10002,10805,0,0,0,1,0
19,-90,12.136,7,3015323,31,13,-4,64409,0,0,0,0,0,25,1760,-10002,10805,0,0,0,1,0
19,-90,12.192,8,3015379,31,13,-4,64409,0,0,0,0,0,25,1760,-10002,10805,0,0,0,1,0
19,-90,12.247,9,3015435,31,13,-4,64409,0,0,0,0,0,25,1760,-10002,10805,0,0,0,1,0
19,-90,12.305,10,3015491,31,13,-4,64409,0,0,0,0,0,25,1760,-10002,10805,0,0,0,1,0
19,-90,12.359,11,3015547,31,13,-4,64409,0,0,0,0,0,25,1760,-10002,10805,0,0,0,1,0
19,-90,12.415,12,3015603,31,13,-4,64409,0,0,0,0,0,25,1760,-10002,10805,0,0,0,1,0
19,-90,12.472,13,3015659,31,13,-4,64409,0,0,0,0,0,25,1760,-10002,10805,0,0,0,1,0
19,-90,12.527,14,3015715,31,13,-4,64409,0,0,0,0,0,25,1760,-10002,10805,0,0,0,1,0
19,-90,12.584,15,3015771,31,13,-4,64409,0,0,0,0,0,25,1760,-10002,10805,0,0,0,1,0
19,-90,12.751,18,3015939,31,13,-4,64409,0,0,0,0,0,25,1760,-10002,10805,0,0,0,1,0
19,-90,12.807,19,3015995,31,13,-4,64409,0,0,0,0,0,25,1760,-10002,10805,0,0,0,1,0
19,-90,12.863,20,3016051,31,13,-4,64409,0,0,0,0,0,25,1760,-10002,10805,0,0,0,1,0
19,-90,12.92,21,3016107,31,13,-4,64409,0,0,0,0,0,25,1760,-10002,10805,0,0,0,1,0
19,-90,12.976,22,3016163,31,13,-4,64409,0,0,0,0,0,25,1760,-10002,10805,0,0,0,1,0
19,-90,13.032,23,3016219,31,13,-4,64409,0,0,0,0,0,25,1760,-10002,10805,0,0,0,1,0
19,-90,13.087,24,3016275,31,13,-4,64409,0,0,0,0,0,25,1760,-10002,10805,0,0,0,1,0
19,-90,13.151,25,3016331,31,13,-4,64409,0,0,0,0,0,25,1760,-10002,10805,0,0,0,1,0
19,-90,13.195,26,3016383,31,13,-4,64409,0,0,0,0,0,25,1760,-10002,10805,0,0,0,1,0
19,-90,13.251,27,3016439,31,13,-4,64409,0,0,0,0,0,25,1760,-10002,10805,0,0,0,1,0
19,-90,13.363,29,3016551,31,13,-4,64409,0,0,0,0,0,25,1760,-10002,10805,0,0,0,1,0
19,-90,13.419,30,3016607,31,13,-4,64409,0,0,0,0,0,25,1760,-10002,10805,0,0,0,1,0
19,-90,13.475,31,3016663,31,13,-4,64409,0,0,0,0,0,25,1760,-10002,10805,0,0,0,1,0
19,-90,13.531,32,3016719,31,13,-4,64409,0,0,0,0,0,25,1760,-10002,10805,0,0,0,1,0
19,-90,13.589,33,3016775,31,13,-4,64409,0,0,0,0,0,25,1760,-10002,10805,0,0,0,1,0
19,-90,13.645,34,3016831,31,13,-4,64409,0,0,0,0,0,25,1760,-10002,10805,0,0,0,1,0
19,-90,13.701,35,3016887,31,13,-4,64409,0,0,0,0,0,25,1760,-10002,10805,0,0,0,1,0
19,-90,13.757,36,3016943,31,13,-4,64409,0,0,0,0,0,25,1760,-10002,10805,0,0,0,1,0
19,-90,13.811,37,3016999,31,13,-4,64409,0,0,0,0,0,25,1760,-10002,10805,0,0,0,1,0
19,-90,13.867,38,3017055,31,13,-4,64409,0,0,0,0,0,25,1760,-10002,10805,0,0,0,1,0
19,-90,13.923,39,3017111,31,13,-4,64409,0,0,0,0,0,25,1760,-10002,10805,0,0,0,1,0
19,-90,14.035,41,3017223,31,13,-4,64409,0,0,0,0,0,25,1760,-10002,10805,0,0,0,1,0
19,-90,14.092,42,3017279,31,13,-4,64409,0,0,0,0,0,25,1760,-10002,10805,0,0,0,1,0
19,-90,14.147,43,3017335,31,13,-4,64409,0,0,0,0,0,25,1760,-10002,10805,0,0,0,1,0
19,-90,14.212,44,3017391,31,13,-4,64409,0,0,0,0,0,25,1760,-10002,10805,0,0,0,1,0
19,-90,14.255,45,3017443,31,13,-4,64409,0,0,0,0,0,25,1760,-10002,10805,0,0,0,1,0
19,-90,14.311,46,3017499,31,13,-4,64409,0,0,0,0,0,25,1760,-10002,10805,0,0,0,1,0
19,-90,14.367,47,3017555,31,13,-4,64409,0,0,0,0,0,25,1760,-10002,10805,0,0,0,1,0
19,-90,14.423,48,3017611,31,13,-4,64409,0,0,0,0,0,25,1760,-10002,10805,0,0,0,1,0
19,-90,14.479,49,3017667,31,13,-4,64409,0,0,0,0,0,25,1760,-10002,10805,0,0,0,1,0
19,-90,14.592,51,3017779,31,13,-4,64409,0,0,0,0,0,25,1760,-10002,10805,0,0,0,1,0
19,-90,14.647,52,3017835,31,13,-4,64409,0,0,0,0,0,25,1760,-10002,10805,0,0,0,1,0
19,-90,14.703,53,3017891,31,13,-4,64409,0,0,0,0,0,25,1760,-10002,10805,0,0,0,1,0
19,-90,14.815,55,3018003,31,13,-4,64409,0,0,0,0,0,25,1760,-10002,10805,0,0,0,1,0
19,-90,14.871,56,3018059,31,13,-4,64409,0,0,0,0,0,25,1760,-10002,10805,0,0,0,1,0
19,-90,14.927,57,3018115,31,13,-4,64409,0,0,0,0,0,25,1760,-10002,10805,0,0,0,1,0
19,-90,14.983,58,3018171,31,13,-4,64409,0,0,0,0,0,25,1760,-10002,10805,0,0,0,1,0
19,-90,15.04,59,3018227,31,13,-4,64409,0,0,0,0,0,25,1760,-10002,10805,0,0,0,1,0
19,-90,15.096,60,3018283,31,13,-4,64409,0,0,0,0,0,25,1760,-10002,10805,0,0,0,1,0
20,90,-0.035,110,3028203,31,13,-4,64409,0,0,0,0,0,25,1760,-10002,10805,0,0,0,1,0
20,90,0.022,111,3028259,31,13,-4,64409,0,0,0,0,0,25,1760,-10002,10805,0,0,0,1,0
20,90,0.091,112,3028329,31,13,-4,64418,0,0,0,0,8,26,1762,-10002,10808,-1000,1000,0,1,0
20,90,0.162,113,3028399,31,13,-4,64573,0,0,0,-28,28,26,1765,-10027,10833,-1200,1300,0,1,0
20,90,0.234,114,3028471,31,13,-4,64830,0,0,0,-47,41,26,1768,-10066,10877,-1500,1400,0,1,0
20,90,0.379,116,3028615,31,13,-4,65855,0,0,0,-105,114,26,1774,-10230,11044,-2300,2400,0,1,0
20,90,0.45,117,3028687,31,13,-4,66697,0,0,0,-146,146,26,1777,-10366,11180,-2800,2800,0,1,0
20,90,0.523,118,3028759,31,13,-4,67712,0,0,0,-169,155,26,1780,-10530,11344,-2900,2800,0,1,0
20,90,0.594,119,3028831,31,13,-4,68814,0,0,0,-169,187,26,1783,-10705,11525,-2900,2900,0,1,0
20,90,0.667,120,3028903,31,13,-4,69913,0,0,0,-161,187,26,1786,-10880,11705,-2700,2800,0,1,0
20,90,0.738,121,3028975,31,13,-4,71021,0,0,0,-178,184,26,1789,-11055,11888,-2700,2800,0,1,0
20,90,0.81,122,3029047,31,13,-4,72089,0,0,0,-161,163,26,1792,-11227,12061,-2700,2700,0,1,0
20,90,0.882,123,3029119,31,14,-4,73173,0,0,0,-163,161,26,1795,-11400,12238,-1300,1100,0,1,0
20,90,0.978,124,3029216,31,14,-4,73850,0,0,0,0,0,26,1801,-11505,12352,0,0,0,1,0
20,90,1.037,125,3029267,31,14,-4,73850,0,0,0,0,0,26,1803,-11505,12352,0,0,0,1,0
20,90,1.101,126,3029339,31,14,-4,73850,0,0,0,0,0,26,1806,-11505,12352,0,0,0,1,0
20,90,1.173,127,3029411,31,14,-4,73850,0,0,0,0,0,26,1809,-11505,12352,0,0,0,1,0
20,90,1.245,0,3029483,31,14,-4,73850,0,0,0,0,0,26,1812,-11505,12352,0,0,0,1,0
20,90,1.391,2,3029627,31,14,-4,73850,0,0,0,0,0,26,1818,-11505,12352,0,0,0,1,0
20,90,1.462,3,3029699,31,14,-4,73850,0,0,0,0,0,26,1821,-11505,12352,0,0,0,1,0
20,90,1.532,4,3029771,31,14,-4,73850,0,0,0,0,0,26,1824,-11505,12352,0,0,0,1,0
20,90,1.615,5,3029845,31,14,-4,73850,0,0,0,0,0,26,1827,-11505,12352,0,0,0,1,0
20,90,1.657,6,3029895,31,14,-4,73850,0,0,0,0,0,26,1827,-11505,12352,0,0,0,1,0
20,90,1.717,7,3029951,31,14,-4,73850,0,0,0,0,0,26,1827,-11505,12352,0,0,0,1,0
20,90,1.776,8,3030007,31,14,-4,73850,0,0,0,0,0,26,1827,-11505,12352,0,0,0,1,0
20,90,1.827,9,3030065,31,14,-4,73850,0,0,0,0,0,26,1827,-11505,12352,0,0,0,1,0
20,90,1.881,10,3030119,31,14,-4,73850,0,0,0,0,0,26,1827,-11505,12352,0,0,0,1,0
20,90,1.937,11,3030175,31,14,-4,73850,0,0,0,0,0,26,1827,-11505,12352,0,0,0,1,0
20,90,1.995,12,3030231,31,14,-4,73850,0,0,0,0,0,26,1827,-11505,12352,0,0,0,1,0
20,90,2.049,13,3030287,31,14,-4,73850,0,0,0,0,0,26,1827,-11505,12352,0,0,0,1,0
20,90,2.105,14,3030343,31,14,-4,73850,0,0,0,0,0,26,1827,-11505,12352,0,0,0,1,0
20,90,2.162,15,3030399,31,14,-4,73850,0,0,0,0,0,26,1827,-11505,12352,0,0,0,1,0
20,90,2.225,16,3030455,31,14,-4,73850,0,0,0,0,0,26,1827,-11505,12352,0,0,0,1,0
20,90,2.268,17,3030507,31,14,-4,73850,0,0,0,0,0,26,1827,-11505,12352,0,0,0,1,0
20,90,2.325,18,3030563,31,14,-4,73850,0,0,0,0,0,26,1827,-11505,12352,0,0,0,1,0
20,90,2.381,19,3030619,31,14,-4,73850,0,0,0,0,0,26,1827,-11505,12352,0,0,0,1,0
20,90,2.438,20,3030675,31,14,-4,73850,0,0,0,0,0,26,1827,-11505,12352,0,0,0,1,0
20,90,2.494,21,3030731,31,14,-4,73850,0,0,0,0,0,26,1827,-11505,12352,0,0,0,1,0
20,90,2.604,23,3030843,31,14,-4,73850,0,0,0,0,0,26,1827,-11505,12352,0,0,0,1,0
20,90,2.661,24,3030899,31,14,-4,73850,0,0,0,0,0,26,1827,-11505,12352,0,0,0,1,0
20,90,2.716,25,3030955,31,14,-4,73850,0,0,0,0,0,26,1827,-11505,12352,0,0,0,1,0
20,90,2.774,26,3031011,31,14,-4,73850,0,0,0,0,0,26,1827,-11505,12352,0,0,0,1,0
20,90,2.831,27,3031067,31,14,-4,73850,0,0,0,0,0,26,1827,-11505,12352,0,0,0,1,0
20,90,2.885,28,3031123,31,14,-4,73850,0,0,0,0,0,26,1827,-11505,12352,0,0,0,1,0
20,90,2.945,29,3031179,31,14,-4,73850,0,0,0,0,0,26,1827,-11505,12352,0,0,0,1,0
20,90,2.997,30,3031235,31,14,-4,73850,0,0,0,0,0,26,1827,-11505,12352,0,0,0,1,0
20,90,3.114,32,3031347,31,14,-4,73850,0,0,0,0,0,26,1827,-11505,12352,0,0,0,1,0
20,90,3.165,33,3031403,31,14,-4,73850,0,0,0,0,0,26,1827,-11505,12352,0,0,0,1,0
20,90,3.222,34,3031459,31,14,-4,73850,0,0,0,0,0,26,1827,-11505,12352,0,0,0,1,0
20,90,3.286,35,3031515,31,14,-4,73850,0,0,0,0,0,26,1827,-11505,12352,0,0,0,1,0
20,90,3.33,36,3031567,31,14,-4,73850,0,0,0,0,0,26,1827,-11505,12352,0,0,0,1,0
20,90,3.387,37,3031623,31,14,-4,73850,0,0,0,0,0,26,1827,-11505,12352,0,0,0,1,0
20,90,3.448,38,3031679,31,14,-4,73850,0,0,0,0,0,26,1827,-11505,12352,0,0,0,1,0
20,90,3.502,39,3031735,31,14,-4,73850,0,0,0,0,0,26,1827,-11505,12352,0,0,0,1,0
20,90,3.558,40,3031791,31,14,-4,73850,0,0,0,0,0,26,1827,-11505,12352,0,0,0,1,0
20,90,3.61,41,3031847,31,14,-4,73850,0,0,0,0,0,26,1827,-11505,12352,0,0,0,1,0
20,90,3.665,42,3031903,31,14,-4,73850,0,0,0,0,0,26,1827,-11505,12352,0,0,0,1,0
20,90,3.722,43,3031959,31,14,-4,73850,0,0,0,0,0,26,1827,-11505,12352,0,0,0,1,0
20,90,3.834,45,3032071,31,14,-4,73850,0,0,0,0,0,26,1827,-11505,12352,0,0,0,1,0
20,90,3.89,46,3032127,31,14,-4,73850,0,0,0,0,0,26,1827,-11505,12352,0,0,0,1,0
20,90,3.945,47,3032183,31,14,-4,73850,0,0,0,0,0,26,1827,-11505,12352,0,0,0,1,0
20,90,4.003,48,3032239,31,14,-4,73850,0,0,0,0,0,26,1827,-11505,12352,0,0,0,1,0
20,90,4.057,49,3032295,31,14,-4,73850,0,0,0,0,0,26,1827,-11505,12352,0,0,0,1,0
20,90,4.112,50,3032351,31,14,-4,73850,0,0,0,0,0,26,1827,-11505,12352,0,0,0,1,0
20,90,4.17,51,3032407,31,14,-4,73850,0,0,0,0,0,26,1827,-11505,12352,0,0,0,1,0
20,90,4.224,52,3032463,31,14,-4,73850,0,0,0,0,0,26,1827,-11505,12352,0,0,0,1,0
20,90,4.344,54,3032575,31,14,-4,73850,0,0,0,0,0,26,1827,-11505,12352,0,0,0,1,0
20,90,4.445,56,3032683,31,14,-4,73850,0,0,0,0,0,26,1827,-11505,12352,0,0,0,1,0
20,90,4.557,58,3032795,31,14,-4,73850,0,0,0,0,0,26,1827,-11505,12352,0,0,0,1,0
20,90,4.612,59,3032851,31,14,-4,73850,0,0,0,0,0,26,1827,-11505,12352,0,0,0,1,0
20,90,4.668,60,3032907,31,14,-4,73850,0,0,0,0,0,26,1827,-11505,12352,0,0,0,1,0
20,90,4.724,61,3032963,31,14,-4,73850,0,0,0,0,0,26,1827,-11505,12352,0,0,0,1,0
20,90,4.781,62,3033019,31,14,-4,73850,0,0,0,0,0,26,1827,-11505,12352,0,0,0,1,0
20,90,4.836,63,3033075,31,14,-4,73850,0,0,0,0,0,26,1827,-11505,12352,0,0,0,1,0
20,90,4.893,64,3033131,31,14,-4,73850,0,0,0,0,0,26,1827,-11505,12352,0,0,0,1,0
20,90,5.061,67,3033299,31,14,-4,73850,0,0,0,0,0,26,1827,-11505,12352,0,0,0,1,0
20,90,5.117,68,3033355,31,14,-4,73850,0,0,0,0,0,26,1827,-11505,12352,0,0,0,1,0
20,90,5.172,69,3033411,31,14,-4,73850,0,0,0,0,0,26,1827,-11505,12352,0,0,0,1,0
20,90,5.284,71,3033523,31,14,-4,73850,0,0,0,0,0,26,1827,-11505,12352,0,0,0,1,0
20,90,5.34,72,3033579,31,14,-4,73850,0,0,0,0,0,26,1827,-11505,12352,0,0,0,1,0
20,90,5.405,73,3033635,31,14,-4,73850,0,0,0,0,0,26,1827,-11505,12352,0,0,0,1,0
20,90,5.448,74,3033687,31,14,-4,73850,0,0,0,0,0,26,1827,-11505,12352,0,0,0,1,0
20,90,5.504,75,3033743,31,14,-4,73850,0,0,0,0,0,26,1827,-11505,12352,0,0,0,1,0
20,90,5.616,77,3033855,31,14,-4,73850,0,0,0,0,0,26,1827,-11505,12352,0,0,0,1,0
20,90,5.672,78,3033911,31,14,-4,73850,0,0,0,0,0,26,1827,-11505,12352,0,0,0,1,0
20,90,5.728,79,3033967,31,14,-4,73850,0,0,0,0,0,26,1827,-11505,12352,0,0,0,1,0
20,90,5.785,80,3034023,31,14,-4,73850,0,0,0,0,0,26,1827,-11505,12352,0,0,0,1,0
20,90,5.841,81,3034079,31,14,-4,73850,0,0,0,0,0,26,1827,-11505,12352,0,0,0,1,0
20,90,5.896,82,3034135,31,14,-4,73850,0,0,0,0,0,26,1827,-11505,12352,0,0,0,1,0
20,90,5.952,83,3034191,31,14,-4,73850,0,0,0,0,0,26,1827,-11505,12352,0,0,0,1,0
20,90,6.01,84,3034247,31,14,-4,73850,0,0,0,0,0,26,1827,-11505,12352,0,0,0,1,0
20,90,6.065,85,3034303,31,14,-4,73850,0,0,0,0,0,26,1827,-11505,12352,0,0,0,1,0
20,90,6.12,86,3034359,31,14,-4,73850,0,0,0,0,0,26,1827,-11505,12352,0,0,0,1,0
20,90,6.233,88,3034471,31,14,-4,73850,0,0,0,0,0,26,1827,-11505,12352,0,0,0,1,0
20,90,6.288,89,3034527,31,14,-4,73850,0,0,0,0,0,26,1827,-11505,12352,0,0,0,1,0
20,90,6.345,90,3034583,31,14,-4,73850,0,0,0,0,0,26,1827,-11505,12352,0,0,0,1,0
20,90,6.401,91,3034639,31,14,-4,73850,0,0,0,0,0,26,1827,-11505,12352,0,0,0,1,0
20,90,6.465,92,3034695,31,14,-4,73850,0,0,0,0,0,26,1827,-11505,12352,0,0,0,1,0
20,90,6.508,93,3034747,31,14,-4,73850,0,0,0,0,0,26,1827,-11505,12352,0,0,0,1,0
20,90,6.566,94,3034803,31,14,-4,73850,0,0,0,0,0,26,1827,-11505,12352,0,0,0,1,0
20,90,6.62,95,3034859,31,14,-4,73850,0,0,0,0,0,26,1827,-11505,12352,0,0,0,1,0
20,90,6.677,96,3034915,31,14,-4,73850,0,0,0,0,0,26,1827,-11505,12352,0,0,0,1,0
20,90,6.734,97,3034971,31,14,-4,73850,0,0,0,0,0,26,1827,-11505,12352,0,0,0,1,0
20,90,6.789,98,3035027,31,14,-4,73850,0,0,0,0,0,26,1827,-11505,12352,0,0,0,1,0
20,90,6.902,100,3035139,31,14,-4,73850,0,0,0,0,0,26,1827,-11505,12352,0,0,0,1,0
20,90,6.957,101,3035195,31,14,-4,73850,0,0,0,0,0,26,1827,-11505,12352,0,0,0,1,0
20,90,7.013,102,3035251,31,14,-4,73850,0,0,0,0,0,26,1827,-11505,12352,0,0,0,1,0
20,90,7.069,103,3035307,31,14,-4,73850,0,0,0,0,0,26,1827,-11505,12352,0,0,0,1,0
20,90,7.127,104,3035363,31,14,-4,73850,0,0,0,0,0,26,1827,-11505,12352,0,0,0,1,0
20,90,7.181,105,3035419,31,14,-4,73850,0,0,0,0,0,26,1827,-11505,12352,0,0,0,1,0
20,90,7.237,106,3035475,31,14,-4,73850,0,0,0,0,0,26,1827,-11505,12352,0,0,0,1,0
20,90,7.296,107,3035531,31,14,-4,73850,0,0,0,0,0,26,1827,-11505,12352,0,0,0,1,0
20,90,7.348,108,3035587,31,14,-4,73850,0,0,0,0,0,26,1827,-11505,12352,0,0,0,1,0
20,90,7.404,109,3035643,31,14,-4,73850,0,0,0,0,0,26,1827,-11505,12352,0,0,0,1,0
20,90,7.526,111,3035755,31,14,-4,73850,0,0,0,0,0,26,1827,-11505,12352,0,0,0,1,0
20,90,7.629,113,3035863,31,14,-4,73850,0,0,0,0,0,26,1827,-11505,12352,0,0,0,1,0
20,90,7.736,115,3035975,31,14,-4,73850,0,0,0,0,0,26,1827,-11505,12352,0,0,0,1,0
20,90,7.793,116,3036031,31,14,-4,73850,0,0,0,0,0,26,1827,-11505,12352,0,0,0,1,0
20,90,7.849,117,3036087,31,14,-4,73850,0,0,0,0,0,26,1827,-11505,12352,0,0,0,1,0
20,90,7.905,118,3036143,31,14,-4,73850,0,0,0,0,0,26,1827,-11505,12352,0,0,0,1,0
20,90,7.961,119,3036199,31,14,-4,73850,0,0,0,0,0,26,1827,-11505,12352,0,0,0,1,0
20,90,8.016,120,3036255,31,14,-4,73850,0,0,0,0,0,26,1827,-11505,12352,0,0,0,1,0
20,90,8.129,122,3036367,31,14,-4,73850,0,0,0,0,0,26,1827,-11505,12352,0,0,0,1,0
20,90,8.186,123,3036423,31,14,-4,73850,0,0,0,0,0,26,1827,-11505,12352,0,0,0,1,0
20,90,8.24,124,3036479,31,14,-4,73850,0,0,0,0,0,26,1827,-11505,12352,0,0,0,1,0
20,90,8.353,126,3036591,31,14,-4,73850,0,0,0,0,0,26,1827,-11505,12352,0,0,0,1,0
20,90,8.408,127,3036647,31,14,-4,73850,0,0,0,0,0,26,1827,-11505,12352,0,0,0,1,0
20,90,8.464,0,3036703,31,14,-4,73850,0,0,0,0,0,26,1827,-11505,12352,0,0,0,1,0
20,90,8.522,1,3036759,31,14,-4,73850,0,0,0,0,0,26,1827,-11505,12352,0,0,0,1,0
20,90,8.585,2,3036815,31,14,-4,73850,0,0,0,0,0,26,1827,-11505,12352,0,0,0,1,0
20,90,8.628,3,3036867,31,14,-4,73850,0,0,0,0,0,26,1827,-11505,12352,0,0,0,1,0
20,90,8.741,5,3036979,31,14,-4,73850,0,0,0,0,0,26,1827,-11505,12352,0,0,0,1,0
20,90,8.796,6,3037035,31,14,-4,73850,0,0,0,0,0,26,1827,-11505,12352,0,0,0,1,0
20,90,8.853,7,3037091,31,14,-4,73850,0,0,0,0,0,26,1827,-11505,12352,0,0,0,1,0
20,90,8.909,8,3037147,31,14,-4,73850,0,0,0,0,0,26,1827,-11505,12352,0,0,0,1,0
20,90,8.965,9,3037203,31,14,-4,73850,0,0,0,0,0,26,1827,-11505,12352,0,0,0,1,0
20,90,9.02,10,3037259,31,14,-4,73850,0,0,0,0,0,26,1827,-11505,12352,0,0,0,1,0
20,90,9.076,11,3037315,31,14,-4,73850,0,0,0,0,0,26,1827,-11505,12352,0,0,0,1,0
20,90,9.133,12,3037371,31,14,-4,73850,0,0,0,0,0,26,1827,-11505,12352,0,0,0,1,0
20,90,9.188,13,3037427,31,14,-4,73850,0,0,0,0,0,26,1827,-11505,12352,0,0,0,1,0
20,90,9.245,14,3037483,31,14,-4,73850,0,0,0,0,0,26,1827,-11505,12352,0,0,0,1,0
20,90,9.356,16,3037595,31,14,-4,73850,0,0,0,0,0,26,1827,-11505,12352,0,0,0,1,0
20,90,9.468,18,3037707,31,14,-4,73850,0,0,0,0,0,26,1827,-11505,12352,0,0,0,1,0
20,90,9.525,19,3037763,31,14,-4,73850,0,0,0,0,0,26,1827,-11505,12352,0,0,0,1,0
20,90,9.58,20,3037819,31,14,-4,73850,0,0,0,0,0,26,1827,-11505,12352,0,0,0,1,0
20,90,9.645,21,3037875,31,14,-4,73850,0,0,0,0,0,26,1827,-11505,12352,0,0,0,1,0
20,90,9.689,22,3037927,31,14,-4,73850,0,0,0,0,0,26,1827,-11505,12352,0,0,0,1,0
20,90,9.8,24,3038039,31,14,-4,73850,0,0,0,0,0,26,1827,-11505,12352,0,0,0,1,0
20,90,9.857,25,3038095,31,14,-4,73850,0,0,0,0,0,26,1827,-11505,12352,0,0,0,1,0
20,90,9.968,27,3038207,31,14,-4,73850,0,0,0,0,0,26,1827,-11505,12352,0,0,0,1,0
20,90,10.081,29,3038319,31,14,-4,73850,0,0,0,0,0,26,1827,-11505,12352,0,0,0,1,0
20,90,10.138,30,3038375,31,14,-4,73850,0,0,0,0,0,26,1827,-11505,12352,0,0,0,1,0
20,90,10.196,31,3038431,31,14,-4,73850,0,0,0,0,0,26,1827,-11505,12352,0,0,0,1,0
20,90,10.25,32,3038487,31,14,-4,73850,0,0,0,0,0,26,1827,-11505,12352,0,0,0,1,0
20,90,10.306,33,3038543,31,14,-4,73850,0,0,0,0,0,26,1827,-11505,12352,0,0,0,1,0
20,90,10.36,34,3038599,31,14,-4,73850,0,0,0,0,0,26,1827,-11505,12352,0,0,0,1,0
20,90,10.417,35,3038655,31,14,-4,73850,0,0,0,0,0,26,1827,-11505,12352,0,0,0,1,0
20,90,10.473,36,3038711,31,14,-4,73850,0,0,0,0,0,26,1827,-11505,12352,0,0,0,1,0
20,90,10.585,38,3038823,31,14,-4,73850,0,0,0,0,0,26,1827,-11505,12352,0,0,0,1,0
20,90,10.64,39,3038879,31,14,-4,73850,0,0,0,0,0,26,1827,-11505,12352,0,0,0,1,0
20,90,10.705,40,3038935,31,14,-4,73850,0,0,0,0,0,26,1827,-11505,12352,0,0,0,1,0
20,90,10.748,41,3038987,31,14,-4,73850,0,0,0,0,0,26,1827,-11505,12352,0,0,0,1,0
20,90,10.806,42,3039043,31,14,-4,73850,0,0,0,0,0,26,1827,-11505,12352,0,0,0,1,0
20,90,10.861,43,3039099,31,14,-4,73850,0,0,0,0,0,26,1827,-11505,12352,0,0,0,1,0
20,90,10.916,44,3039155,31,14,-4,73850,0,0,0,0,0,26,1827,-11505,12352,0,0,0,1,0
20,90,10.972,45,3039211,31,14,-4,73850,0,0,0,0,0,26,1827,-11505,12352,0,0,0,1,0
20,90,11.029,46,3039267,31,14,-4,73850,0,0,0,0,0,26,1827,-11505,12352,0,0,0,1,0
20,90,11.086,47,3039323,31,14,-4,73850,0,0,0,0,0,26,1827,-11505,12352,0,0,0,1,0
20,90,11.14,48,3039379,31,14,-4,73850,0,0,0,0,0,26,1827,-11505,12352,0,0,0,1,0
20,90,11.199,49,3039435,31,14,-4,73850,0,0,0,0,0,26,1827,-11505,12352,0,0,0,1,0
20,90,11.259,50,3039491,31,14,-4,73850,0,0,0,0,0,26,1827,-11505,12352,0,0,0,1,0
20,90,11.308,51,3039547,31,14,-4,73850,0,0,0,0,0,26,1827,-11505,12352,0,0,0,1,0
20,90,11.364,52,3039603,31,14,-4,73850,0,0,0,0,0,26,1827,-11505,12352,0,0,0,1,0
20,90,11.42,53,3039659,31,14,-4,73850,0,0,0,0,0,26,1827,-11505,12352,0,0,0,1,0
20,90,11.476,54,3039715,31,14,-4,73850,0,0,0,0,0,26,1827,-11505,12352,0,0,0,1,0
20,90,11.533,55,3039771,31,14,-4,73850,0,0,0,0,0,26,1827,-11505,12352,0,0,0,1,0
20,90,11.588,56,3039827,31,14,-4,73850,0,0,0,0,0,26,1827,-11505,12352,0,0,0,1,0
20,90,11.644,57,3039883,31,14,-4,73850,0,0,0,0,0,26,1827,-11505,12352,0,0,0,1,0
20,90,11.7,58,3039939,31,14,-4,73850,0,0,0,0,0,26,1827,-11505,12352,0,0,0,1,0
20,90,11.864,61,3040103,31,14,-4,73850,0,0,0,0,0,26,1827,-11505,12352,0,0,0,1,0
20,90,11.92,62,3040159,31,14,-4,73850,0,0,0,0,0,26,1827,-11505,12352,0,0,0,1,0
20,90,11.976,63,3040215,31,14,-4,73850,0,0,0,0,0,26,1827,-11505,12352,0,0,0,1,0
20,90,12.032,64,3040271,31,14,-4,73850,0,0,0,0,0,26,1827,-11505,12352,0,0,0,1,0
20,90,12.088,65,3040327,31,14,-4,73850,0,0,0,0,0,26,1827,-11505,12352,0,0,0,1,0
20,90,12.145,66,3040383,31,14,-4,73850,0,0,0,0,0,26,1827,-11505,12352,0,0,0,1,0
20,90,12.202,67,3040439,31,14,-4,73850,0,0,0,0,0,26,1827,-11505,12352,0,0,0,1,0
20,90,12.256,68,3040495,31,14,-4,73850,0,0,0,0,0,26,1827,-11505,12352,0,0,0,1,0
20,90,12.312,69,3040551,31,14,-4,73850,0,0,0,0,0,26,1827,-11505,12352,0,0,0,1,0
20,90,12.369,70,3040607,31,14,-4,73850,0,0,0,0,0,26,1827,-11505,12352,0,0,0,1,0
20,90,12.481,72,3040719,31,14,-4,73850,0,0,0,0,0,26,1827,-11505,12352,0,0,0,1,0
20,90,12.538,73,3040775,31,14,-4,73850,0,0,0,0,0,26,1827,-11505,12352,0,0,0,1,0
20,90,12.595,74,3040831,31,14,-4,73850,0,0,0,0,0,26,1827,-11505,12352,0,0,0,1,0
20,90,12.651,75,3040887,31,14,-4,73850,0,0,0,0,0,26,1827,-11505,12352,0,0,0,1,0
20,90,12.711,76,3040943,31,14,-4,73850,0,0,0,0,0,26,1827,-11505,12352,0,0,0,1,0
20,90,12.761,77,3040999,31,14,-4,73850,0,0,0,0,0,26,1827,-11505,12352,0,0,0,1,0
20,90,12.825,78,3041055,31,14,-4,73850,0,0,0,0,0,26,1827,-11505,12352,0,0,0,1,0
20,90,12.869,79,3041107,31,14,-4,73850,0,0,0,0,0,26,1827,-11505,12352,0,0,0,1,0
20,90,12.924,80,3041163,31,14,-4,73850,0,0,0,0,0,26,1827,-11505,12352,0,0,0,1,0
20,90,12.98,81,3041219,31,14,-4,73850,0,0,0,0,0,26,1827,-11505,12352,0,0,0,1,0
20,90,13.15,84,3041387,31,14,-4,73850,0,0,0,0,0,26,1827,-11505,12352,0,0,0,1,0
20,90,13.205,85,3041443,31,14,-4,73850,0,0,0,0,0,26,1827,-11505,12352,0,0,0,1,0
20,90,13.265,86,3041499,31,14,-4,73850,0,0,0,0,0,26,1827,-11505,12352,0,0,0,1,0
20,90,13.372,88,3041611,31,14,-4,73850,0,0,0,0,0,26,1827,-11505,12352,0,0,0,1,0
20,90,13.429,89,3041667,31,14,-4,73850,0,0,0,0,0,26,1827,-11505,12352,0,0,0,1,0
20,90,13.484,90,3041723,31,14,-4,73850,0,0,0,0,0,26,1827,-11505,12352,0,0,0,1,0
20,90,13.54,91,3041779,31,14,-4,73850,0,0,0,0,0,26,1827,-11505,12352,0,0,0,1,0
20,90,13.604,92,3041835,31,14,-4,73850,0,0,0,0,0,26,1827,-11505,12352,0,0,0,1,0
20,90,13.764,95,3042003,31,14,-4,73850,0,0,0,0,0,26,1827,-11505,12352,0,0,0,1,0
20,90,13.82,96,3042059,31,14,-4,73850,0,0,0,0,0,26,1827,-11505,12352,0,0,0,1,0
20,90,13.885,97,3042115,31,14,-4,73850,0,0,0,0,0,26,1827,-11505,12352,0,0,0,1,0
20,90,13.983,99,3042223,31,14,-4,73850,0,0,0,0,0,26,1827,-11505,12352,0,0,0,1,0
20,90,14.04,100,3042279,31,14,-4,73850,0,0,0,0,0,26,1827,-11505,12352,0,0,0,1,0
20,90,14.097,101,3042335,31,14,-4,73850,0,0,0,0,0,26,1827,-11505,12352,0,0,0,1,0
20,90,14.153,102,3042391,31,14,-4,73850,0,0,0,0,0,26,1827,-11505,12352,0,0,0,1,0
20,90,14.209,103,3042447,31,14,-4,73850,0,0,0,0,0,26,1827,-11505,12352,0,0,0,1,0
21,-107,-0.018,44,3060565,31,14,-4,73850,0,0,0,0,0,26,1827,-11505,12352,0,0,0,1,0
21,-107,0.023,45,3060615,31,14,-4,73850,0,0,0,0,0,26,1827,-11505,12352,0,0,0,1,0
21,-107,0.083,46,3060675,31,14,-4,73835,0,0,0,13,0,27,1829,-11500,12352,1000,-1000,0,1,0
21,-107,0.156,47,3060747,31,14,-4,73705,0,0,0,32,-23,27,1832,-11477,12333,1200,-1300,0,1,0
21,-107,0.228,48,3060819,31,14,-4,73473,0,0,0,58,-50,27,1835,-11441,12294,1600,-1500,0,1,0
21,-107,0.3,49,3060891,31,14,-4,73101,0,0,0,67,-82,27,1838,-11388,12227,2000,-2000,0,1,0
21,-107,0.372,50,3060963,31,14,-4,72492,0,0,0,114,-105,27,1841,-11288,12130,2400,-2400,0,1,0
21,-107,0.445,51,3061035,31,14,-4,71711,0,0,0,128,-131,27,1844,-11161,12005,2800,-2800,0,1,0
21,-107,0.516,52,3061107,31,14,-4,70715,0,0,0,161,-155,27,1847,-11000,11844,2900,-2900,0,1,0
21,-107,0.661,54,3061251,31,13,-4,68504,0,0,0,178,-204,27,1853,-10650,11480,2800,-2900,0,1,0
21,-107,0.741,55,3061323,31,13,-4,67412,0,0,0,178,-178,27,1856,-10472,11305,2800,-2800,0,1,0
21,-107,0.805,56,3061395,31,13,-4,66353,0,0,0,172,-155,27,1859,-10302,11133,2800,-2700,0,1,0
21,-107,0.877,57,3061467,31,13,-4,65279,0,0,0,160,-178,27,1862,-10133,10955,2800,-2700,0,1,0
21,-107,0.949,58,3061539,31,13,-4,64239,0,0,0,163,-161,27,1865,-9966,10786,2700,-2700,0,1,0
21,-107,1.092,59,3061684,31,13,-3,62787,0,0,0,0,0,27,1873,-9733,10550,0,0,0,1,0
21,-107,1.143,60,3061735,31,13,-3,62787,0,0,0,0,0,27,1875,-9733,10550,0,0,0,1,0
21,-107,1.289,62,3061879,31,13,-3,62787,0,0,0,0,0,27,1881,-9733,10550,0,0,0,1,0
21,-107,1.36,63,3061951,31,13,-3,62787,0,0,0,0,0,27,1884,-9733,10550,0,0,0,1,0
21,-107,1.432,64,3062023,31,13,-3,62787,0,0,0,0,0,27,1887,-9733,10550,0,0,0,1,0
21,-107,1.503,65,3062095,31,13,-3,62787,0,0,0,0,0,27,1890,-9733,10550,0,0,0,1,0
21,-107,1.633,67,3062223,31,13,-3,62787,0,0,0,0,0,27,1894,-9733,10550,0,0,0,1,0
21,-107,1.688,68,3062279,31,13,-3,62787,0,0,0,0,0,27,1894,-9733,10550,0,0,0,1,0
21,-107,1.743,69,3062335,31,13,-3,62787,0,0,0,0,0,27,1894,-9733,10550,0,0,0,1,0
21,-107,1.801,70,3062391,31,13,-3,62787,0,0,0,0,0,27,1894,-9733,10550,0,0,0,1,0
21,-107,1.857,71,3062447,31,13,-3,62787,0,0,0,0,0,27,1894,-9733,10550,0,0,0,1,0
21,-107,1.911,72,3062503,31,13,-3,62787,0,0,0,0,0,27,1894,-9733,10550,0,0,0,1,0
21,-107,1.968,73,3062559,31,13,-3,62787,0,0,0,0,0,27,1894,-9733,10550,0,0,0,1,0
21,-107,2.035,74,3062615,31,13,-3,62787,0,0,0,0,0,27,1894,-9733,10550,0,0,0,1,0
21,-107,2.076,75,3062667,31,13,-3,62787,0,0,0,0,0,27,1894,-9733,10550,0,0,0,1,0
21,-107,2.131,76,3062723,31,13,-3,62787,0,0,0,0,0,27,1894,-9733,10550,0,0,0,1,0
21,-107,2.243,78,3062835,31,13,-3,62787,0,0,0,0,0,27,1894,-9733,10550,0,0,0,1,0
21,-107,2.3,79,3062891,31,13,-3,62787,0,0,0,0,0,27,1894,-9733,10550,0,0,0,1,0
21,-107,2.359,80,3062947,31,13,-3,62787,0,0,0,0,0,27,1894,-9733,10550,0,0,0,1,0
21,-107,2.411,81,3063003,31,13,-3,62787,0,0,0,0,0,27,1894,-9733,10550,0,0,0,1,0
21,-107,2.466,82,3063059,31,13,-3,62787,0,0,0,0,0,27,1894,-9733,10550,0,0,0,1,0
21,-107,2.523,83,3063115,31,13,-3,62787,0,0,0,0,0,27,1894,-9733,10550,0,0,0,1,0
21,-107,2.579,84,3063171,31,13,-3,62787,0,0,0,0,0,27,1894,-9733,10550,0,0,0,1,0
21,-107,2.636,85,3063227,31,13,-3,62787,0,0,0,0,0,27,1894,-9733,10550,0,0,0,1,0
21,-107,2.691,86,3063283,31,13,-3,62787,0,0,0,0,0,27,1894,-9733,10550,0,0,0,1,0
21,-107,2.748,87,3063339,31,13,-3,62787,0,0,0,0,0,27,1894,-9733,10550,0,0,0,1,0
21,-107,2.86,89,3063451,31,13,-3,62787,0,0,0,0,0,27,1894,-9733,10550,0,0,0,1,0
21,-107,2.916,90,3063507,31,13,-3,62787,0,0,0,0,0,27,1894,-9733,10550,0,0,0,1,0
21,-107,2.971,91,3063563,31,13,-3,62787,0,0,0,0,0,27,1894,-9733,10550,0,0,0,1,0
21,-107,3.027,92,3063619,31,13,-3,62787,0,0,0,0,0,27,1894,-9733,10550,0,0,0,1,0
21,-107,3.091,93,3063675,31,13,-3,62787,0,0,0,0,0,27,1894,-9733,10550,0,0,0,1,0
21,-107,3.135,94,3063727,31,13,-3,62787,0,0,0,0,0,27,1894,-9733,10550,0,0,0,1,0
21,-107,3.191,95,3063783,31,13,-3,62787,0,0,0,0,0,27,1894,-9733,10550,0,0,0,1,0
21,-107,3.248,96,3063839,31,13,-3,62787,0,0,0,0,0,27,1894,-9733,10550,0,0,0,1,0
21,-107,3.303,97,3063895,31,13,-3,62787,0,0,0,0,0,27,1894,-9733,10550,0,0,0,1,0
21,-107,3.359,98,3063951,31,13,-3,62787,0,0,0,0,0,27,1894,-9733,10550,0,0,0,1,0
21,-107,3.415,99,3064007,31,13,-3,62787,0,0,0,0,0,27,1894,-9733,10550,0,0,0,1,0
21,-107,3.471,100,3064063,31,13,-3,62787,0,0,0,0,0,27,1894,-9733,10550,0,0,0,1,0
21,-107,3.528,101,3064119,31,13,-3,62787,0,0,0,0,0,27,1894,-9733,10550,0,0,0,1,0
21,-107,3.584,102,3064175,31,13,-3,62787,0,0,0,0,0,27,1894,-9733,10550,0,0,0,1,0
21,-107,3.641,103,3064231,31,13,-3,62787,0,0,0,0,0,27,1894,-9733,10550,0,0,0,1,0
21,-107,3.695,104,3064287,31,13,-3,62787,0,0,0,0,0,27,1894,-9733,10550,0,0,0,1,0
21,-107,3.752,105,3064343,31,13,-3,62787,0,0,0,0,0,27,1894,-9733,10550,0,0,0,1,0
21,-107,3.807,106,3064399,31,13,-3,62787,0,0,0,0,0,27,1894,-9733,10550,0,0,0,1,0
21,-107,3.864,107,3064455,31,13,-3,62787,0,0,0,0,0,27,1894,-9733,10550,0,0,0,1,0
21,-107,3.919,108,3064511,31,13,-3,62787,0,0,0,0,0,27,1894,-9733,10550,0,0,0,1,0
21,-107,3.976,109,3064567,31,13,-3,62787,0,0,0,0,0,27,1894,-9733,10550,0,0,0,1,0
21,-107,4.088,111,3064679,31,13,-3,62787,0,0,0,0,0,27,1894,-9733,10550,0,0,0,1,0
21,-107,4.151,112,3064735,31,13,-3,62787,0,0,0,0,0,27,1894,-9733,10550,0,0,0,1,0
21,-107,4.195,113,3064787,31,13,-3,62787,0,0,0,0,0,27,1894,-9733,10550,0,0,0,1,0
21,-107,4.251,114,3064843,31,13,-3,62787,0,0,0,0,0,27,1894,-9733,10550,0,0,0,1,0
21,-107,4.307,115,3064899,31,13,-3,62787,0,0,0,0,0,27,1894,-9733,10550,0,0,0,1,0
21,-107,4.364,116,3064955,31,13,-3,62787,0,0,0,0,0,27,1894,-9733,10550,0,0,0,1,0
21,-107,4.419,117,3065011,31,13,-3,62787,0,0,0,0,0,27,1894,-9733,10550,0,0,0,1,0
21,-107,4.475,118,3065067,31,13,-3,62787,0,0,0,0,0,27,1894,-9733,10550,0,0,0,1,0
21,-107,4.531,119,3065123,31,13,-3,62787,0,0,0,0,0,27,1894,-9733,10550,0,0,0,1,0
21,-107,4.587,120,3065179,31,13,-3,62787,0,0,0,0,0,27,1894,-9733,10550,0,0,0,1,0
21,-107,4.644,121,3065235,31,13,-3,62787,0,0,0,0,0,27,1894,-9733,10550,0,0,0,1,0
21,-107,4.699,122,3065291,31,13,-3,62787,0,0,0,0,0,27,1894,-9733,10550,0,0,0,1,0
21,-107,4.756,123,3065347,31,13,-3,62787,0,0,0,0,0,27,1894,-9733,10550,0,0,0,1,0
21,-107,4.812,124,3065403,31,13,-3,62787,0,0,0,0,0,27,1894,-9733,10550,0,0,0,1,0
21,-107,4.867,125,3065459,31,13,-3,62787,0,0,0,0,0,27,1894,-9733,10550,0,0,0,1,0
21,-107,4.979,127,3065571,31,13,-3,62787,0,0,0,0,0,27,1894,-9733,10550,0,0,0,1,0
21,-107,5.036,0,3065627,31,13,-3,62787,0,0,0,0,0,27,1894,-9733,10550,0,0,0,1,0
21,-107,5.091,1,3065683,31,13,-3,62787,0,0,0,0,0,27,1894,-9733,10550,0,0,0,1,0
21,-107,5.147,2,3065739,31,13,-3,62787,0,0,0,0,0,27,1894,-9733,10550,0,0,0,1,0
21,-107,5.211,3,3065795,31,13,-3,62787,0,0,0,0,0,27,1894,-9733,10550,0,0,0,1,0
21,-107,5.255,4,3065847,31,13,-3,62787,0,0,0,0,0,27,1894,-9733,10550,0,0,0,1,0
21,-107,5.368,6,3065959,31,13,-3,62787,0,0,0,0,0,27,1894,-9733,10550,0,0,0,1,0
21,-107,5.478,8,3066071,31,13,-3,62787,0,0,0,0,0,27,1894,-9733,10550,0,0,0,1,0
21,-107,5.536,9,3066127,31,13,-3,62787,0,0,0,0,0,27,1894,-9733,10550,0,0,0,1,0
21,-107,5.591,10,3066183,31,13,-3,62787,0,0,0,0,0,27,1894,-9733,10550,0,0,0,1,0
21,-107,5.647,11,3066239,31,13,-3,62787,0,0,0,0,0,27,1894,-9733,10550,0,0,0,1,0
21,-107,5.703,12,3066295,31,13,-3,62787,0,0,0,0,0,27,1894,-9733,10550,0,0,0,1,0
21,-107,5.76,13,3066351,31,13,-3,62787,0,0,0,0,0,27,1894,-9733,10550,0,0,0,1,0
21,-107,5.815,14,3066407,31,13,-3,62787,0,0,0,0,0,27,1894,-9733,10550,0,0,0,1,0
21,-107,5.873,15,3066463,31,13,-3,62787,0,0,0,0,0,27,1894,-9733,10550,0,0,0,1,0
21,-107,5.984,17,3066575,31,13,-3,62787,0,0,0,0,0,27,1894,-9733,10550,0,0,0,1,0
21,-107,6.04,18,3066631,31,13,-3,62787,0,0,0,0,0,27,1894,-9733,10550,0,0,0,1,0
21,-107,6.096,19,3066687,31,13,-3,62787,0,0,0,0,0,27,1894,-9733,10550,0,0,0,1,0
21,-107,6.151,20,3066743,31,13,-3,62787,0,0,0,0,0,27,1894,-9733,10550,0,0,0,1,0
21,-107,6.206,21,3066799,31,13,-3,62787,0,0,0,0,0,27,1894,-9733,10550,0,0,0,1,0
21,-107,6.272,22,3066855,31,13,-3,62787,0,0,0,0,0,27,1894,-9733,10550,0,0,0,1,0
21,-107,6.372,24,3066963,31,13,-3,62787,0,0,0,0,0,27,1894,-9733,10550,0,0,0,1,0
21,-107,6.427,25,3067019,31,13,-3,62787,0,0,0,0,0,27,1894,-9733,10550,0,0,0,1,0
21,-107,6.483,26,3067075,31,13,-3,62787,0,0,0,0,0,27,1894,-9733,10550,0,0,0,1,0
21,-107,6.595,28,3067187,31,13,-3,62787,0,0,0,0,0,27,1894,-9733,10550,0,0,0,1,0
21,-107,6.708,30,3067299,31,13,-3,62787,0,0,0,0,0,27,1894,-9733,10550,0,0,0,1,0
21,-107,6.764,31,3067355,31,13,-3,62787,0,0,0,0,0,27,1894,-9733,10550,0,0,0,1,0
21,-107,6.819,32,3067411,31,13,-3,62787,0,0,0,0,0,27,1894,-9733,10550,0,0,0,1,0
21,-107,6.875,33,3067467,31,13,-3,62787,0,0,0,0,0,27,1894,-9733,10550,0,0,0,1,0
21,-107,6.931,34,3067523,31,13,-3,62787,0,0,0,0,0,27,1894,-9733,10550,0,0,0,1,0
21,-107,6.987,35,3067579,31,13,-3,62787,0,0,0,0,0,27,1894,-9733,10550,0,0,0,1,0
21,-107,7.043,36,3067635,31,13,-3,62787,0,0,0,0,0,27,1894,-9733,10550,0,0,0,1,0
21,-107,7.099,37,3067691,31,13,-3,62787,0,0,0,0,0,27,1894,-9733,10550,0,0,0,1,0
21,-107,7.21,39,3067803,31,13,-3,62787,0,0,0,0,0,27,1894,-9733,10550,0,0,0,1,0
21,-107,7.267,40,3067859,31,13,-3,62787,0,0,0,0,0,27,1894,-9733,10550,0,0,0,1,0
21,-107,7.331,41,3067915,31,13,-3,62787,0,0,0,0,0,27,1894,-9733,10550,0,0,0,1,0
21,-107,7.376,42,3067967,31,13,-3,62787,0,0,0,0,0,27,1894,-9733,10550,0,0,0,1,0
21,-107,7.431,43,3068023,31,13,-3,62787,0,0,0,0,0,27,1894,-9733,10550,0,0,0,1,0
21,-107,7.488,44,3068079,31,13,-3,62787,0,0,0,0,0,27,1894,-9733,10550,0,0,0,1,0
21,-107,7.599,46,3068191,31,13,-3,62787,0,0,0,0,0,27,1894,-9733,10550,0,0,0,1,0
21,-107,7.711,48,3068303,31,13,-3,62787,0,0,0,0,0,27,1894,-9733,10550,0,0,0,1,0
21,-107,7.767,49,3068359,31,13,-3,62787,0,0,0,0,0,27,1894,-9733,10550,0,0,0,1,0
21,-107,7.824,50,3068415,31,13,-3,62787,0,0,0,0,0,27,1894,-9733,10550,0,0,0,1,0
21,-107,7.88,51,3068471,31,13,-3,62787,0,0,0,0,0,27,1894,-9733,10550,0,0,0,1,0
21,-107,7.936,52,3068527,31,13,-3,62787,0,0,0,0,0,27,1894,-9733,10550,0,0,0,1,0
21,-107,7.991,53,3068583,31,13,-3,62787,0,0,0,0,0,27,1894,-9733,10550,0,0,0,1,0
21,-107,8.047,54,3068639,31,13,-3,62787,0,0,0,0,0,27,1894,-9733,10550,0,0,0,1,0
21,-107,8.103,55,3068695,31,13,-3,62787,0,0,0,0,0,27,1894,-9733,10550,0,0,0,1,0
21,-107,8.16,56,3068751,31,13,-3,62787,0,0,0,0,0,27,1894,-9733,10550,0,0,0,1,0
21,-107,8.215,57,3068807,31,13,-3,62787,0,0,0,0,0,27,1894,-9733,10550,0,0,0,1,0
21,-107,8.271,58,3068863,31,13,-3,62787,0,0,0,0,0,27,1894,-9733,10550,0,0,0,1,0
21,-107,8.328,59,3068919,31,13,-3,62787,0,0,0,0,0,27,1894,-9733,10550,0,0,0,1,0
21,-107,8.546,63,3069139,31,13,-3,62787,0,0,0,0,0,27,1894,-9733,10550,0,0,0,1,0
21,-107,8.602,64,3069195,31,13,-3,62787,0,0,0,0,0,27,1894,-9733,10550,0,0,0,1,0
21,-107,8.659,65,3069251,31,13,-3,62787,0,0,0,0,0,27,1894,-9733,10550,0,0,0,1,0
21,-107,8.716,66,3069307,31,13,-3,62787,0,0,0,0,0,27,1894,-9733,10550,0,0,0,1,0
21,-107,8.771,67,3069363,31,13,-3,62787,0,0,0,0,0,27,1894,-9733,10550,0,0,0,1,0
21,-107,8.828,68,3069419,31,13,-3,62787,0,0,0,0,0,27,1894,-9733,10550,0,0,0,1,0
21,-107,8.939,70,3069531,31,13,-3,62787,0,0,0,0,0,27,1894,-9733,10550,0,0,0,1,0
21,-107,8.996,71,3069587,31,13,-3,62787,0,0,0,0,0,27,1894,-9733,10550,0,0,0,1,0
21,-107,9.052,72,3069643,31,13,-3,62787,0,0,0,0,0,27,1894,-9733,10550,0,0,0,1,0
21,-107,9.164,74,3069755,31,13,-3,62787,0,0,0,0,0,27,1894,-9733,10550,0,0,0,1,0
21,-107,9.219,75,3069811,31,13,-3,62787,0,0,0,0,0,27,1894,-9733,10550,0,0,0,1,0
21,-107,9.277,76,3069867,31,13,-3,62787,0,0,0,0,0,27,1894,-9733,10550,0,0,0,1,0
21,-107,9.337,77,3069923,31,13,-3,62787,0,0,0,0,0,27,1894,-9733,10550,0,0,0,1,0
21,-107,9.387,78,3069979,31,13,-3,62787,0,0,0,0,0,27,1894,-9733,10550,0,0,0,1,0
21,-107,9.451,79,3070035,31,13,-3,62787,0,0,0,0,0,27,1894,-9733,10550,0,0,0,1,0
21,-107,9.504,80,3070087,31,13,-3,62787,0,0,0,0,0,27,1894,-9733,10550,0,0,0,1,0
21,-107,9.552,81,3070143,31,13,-3,62787,0,0,0,0,0,27,1894,-9733,10550,0,0,0,1,0
21,-107,9.613,82,3070199,31,13,-3,62787,0,0,0,0,0,27,1894,-9733,10550,0,0,0,1,0
21,-107,9.775,85,3070367,31,13,-3,62787,0,0,0,0,0,27,1894,-9733,10550,0,0,0,1,0
21,-107,9.831,86,3070423,31,13,-3,62787,0,0,0,0,0,27,1894,-9733,10550,0,0,0,1,0
21,-107,9.887,87,3070479,31,13,-3,62787,0,0,0,0,0,27,1894,-9733,10550,0,0,0,1,0
21,-107,9.943,88,3070535,31,13,-3,62787,0,0,0,0,0,27,1894,-9733,10550,0,0,0,1,0
21,-107,10.001,89,3070591,31,13,-3,62787,0,0,0,0,0,27,1894,-9733,10550,0,0,0,1,0
21,-107,10.055,90,3070647,31,13,-3,62787,0,0,0,0,0,27,1894,-9733,10550,0,0,0,1,0
21,-107,10.168,92,3070759,31,13,-3,62787,0,0,0,0,0,27,1894,-9733,10550,0,0,0,1,0
21,-107,10.224,93,3070815,31,13,-3,62787,0,0,0,0,0,27,1894,-9733,10550,0,0,0,1,0
21,-107,10.335,95,3070927,31,13,-3,62787,0,0,0,0,0,27,1894,-9733,10550,0,0,0,1,0
21,-107,10.391,96,3070983,31,13,-3,62787,0,0,0,0,0,27,1894,-9733,10550,0,0,0,1,0
21,-107,10.448,97,3071039,31,13,-3,62787,0,0,0,0,0,27,1894,-9733,10550,0,0,0,1,0
21,-107,10.513,98,3071095,31,13,-3,62787,0,0,0,0,0,27,1894,-9733,10550,0,0,0,1,0
21,-107,10.555,99,3071147,31,13,-3,62787,0,0,0,0,0,27,1894,-9733,10550,0,0,0,1,0
21,-107,10.612,100,3071203,31,13,-3,62787,0,0,0,0,0,27,1894,-9733,10550,0,0,0,1,0
21,-107,10.669,101,3071259,31,13,-3,62787,0,0,0,0,0,27,1894,-9733,10550,0,0,0,1,0
21,-107,10.723,102,3071315,31,13,-3,62787,0,0,0,0,0,27,1894,-9733,10550,0,0,0,1,0
21,-107,10.779,103,3071371,31,13,-3,62787,0,0,0,0,0,27,1894,-9733,10550,0,0,0,1,0
21,-107,10.835,104,3071427,31,13,-3,62787,0,0,0,0,0,27,1894,-9733,10550,0,0,0,1,0
21,-107,10.947,106,3071539,31,13,-3,62787,0,0,0,0,0,27,1894,-9733,10550,0,0,0,1,0
21,-107,11.003,107,3071595,31,13,-3,62787,0,0,0,0,0,27,1894,-9733,10550,0,0,0,1,0
21,-107,11.06,108,3071651,31,13,-3,62787,0,0,0,0,0,27,1894,-9733,10550,0,0,0,1,0
21,-107,11.115,109,3071707,31,13,-3,62787,0,0,0,0,0,27,1894,-9733,10550,0,0,0,1,0
21,-107,11.171,110,3071763,31,13,-3,62787,0,0,0,0,0,27,1894,-9733,10550,0,0,0,1,0
21,-107,11.227,111,3071819,31,13,-3,62787,0,0,0,0,0,27,1894,-9733,10550,0,0,0,1,0
21,-107,11.284,112,3071875,31,13,-3,62787,0,0,0,0,0,27,1894,-9733,10550,0,0,0,1,0
21,-107,11.339,113,3071931,31,13,-3,62787,0,0,0,0,0,27,1894,-9733,10550,0,0,0,1,0
21,-107,11.395,114,3071987,31,13,-3,62787,0,0,0,0,0,27,1894,-9733,10550,0,0,0,1,0
21,-107,11.451,115,3072043,31,13,-3,62787,0,0,0,0,0,27,1894,-9733,10550,0,0,0,1,0
21,-107,11.571,117,3072155,31,13,-3,62787,0,0,0,0,0,27,1894,-9733,10550,0,0,0,1,0
21,-107,11.615,118,3072207,31,13,-3,62787,0,0,0,0,0,27,1894,-9733,10550,0,0,0,1,0
21,-107,11.672,119,3072263,31,13,-3,62787,0,0,0,0,0,27,1894,-9733,10550,0,0,0,1,0
21,-107,11.726,120,3072319,31,13,-3,62787,0,0,0,0,0,27,1894,-9733,10550,0,0,0,1,0
21,-107,11.784,121,3072375,31,13,-3,62787,0,0,0,0,0,27,1894,-9733,10550,0,0,0,1,0
21,-107,11.838,122,3072431,31,13,-3,62787,0,0,0,0,0,27,1894,-9733,10550,0,0,0,1,0
21,-107,11.896,123,3072487,31,13,-3,62787,0,0,0,0,0,27,1894,-9733,10550,0,0,0,1,0
21,-107,11.951,124,3072543,31,13,-3,62787,0,0,0,0,0,27,1894,-9733,10550,0,0,0,1,0
21,-107,12.008,125,3072599,31,13,-3,62787,0,0,0,0,0,27,1894,-9733,10550,0,0,0,1,0
21,-107,12.064,126,3072655,31,13,-3,62787,0,0,0,0,0,27,1894,-9733,10550,0,0,0,1,0
21,-107,12.119,127,3072711,31,13,-3,62787,0,0,0,0,0,27,1894,-9733,10550,0,0,0,1,0
21,-107,12.23,1,3072823,31,13,-3,62787,0,0,0,0,0,27,1894,-9733,10550,0,0,0,1,0
21,-107,12.342,3,3072935,31,13,-3,62787,0,0,0,0,0,27,1894,-9733,10550,0,0,0,1,0
21,-107,12.399,4,3072991,31,13,-3,62787,0,0,0,0,0,27,1894,-9733,10550,0,0,0,1,0
21,-107,12.454,5,3073047,31,13,-3,62787,0,0,0,0,0,27,1894,-9733,10550,0,0,0,1,0
21,-107,12.511,6,3073103,31,13,-3,62787,0,0,0,0,0,27,1894,-9733,10550,0,0,0,1,0
21,-107,12.567,7,3073159,31,13,-3,62787,0,0,0,0,0,27,1894,-9733,10550,0,0,0,1,0
22,107,-0.046,97,3092459,31,13,-3,62787,0,0,0,0,0,27,1894,-9733,10550,0,0,0,1,0
22,107,0.07,99,3092575,31,13,-3,62787,0,0,0,0,0,27,1895,-9733,10550,-800,800,0,1,0
22,107,0.142,100,3092647,31,13,-4,62871,0,0,0,-18,15,27,1898,-9744,10566,-1100,1100,0,1,0
22,107,0.214,101,3092719,31,13,-4,63078,0,0,0,-41,41,27,1901,-9772,10605,-1400,1300,0,1,0
22,107,0.287,102,3092791,31,13,-4,63406,0,0,0,-58,67,27,1904,-9822,10661,-1900,1900,0,1,0
22,107,0.359,103,3092863,31,13,-5,63954,0,0,0,-96,105,27,1907,-9905,10755,-2300,2300,0,1,0
22,107,0.418,104,3092913,31,13,-5,64428,0,0,0,-96,114,27,1909,-9977,10836,-2500,2500,0,1,0
22,107,0.478,105,3092983,31,13,-5,65332,0,0,0,-140,168,27,1912,-10122,10983,-2900,2900,0,1,0
22,107,0.551,106,3093055,31,13,-5,66362,0,0,0,-161,172,27,1915,-10288,11150,-2800,2900,0,1,0
22,107,0.622,107,3093127,31,13,-5,67498,0,0,0,-178,178,27,1918,-10472,11333,-2900,2800,0,1,0
22,107,0.694,108,3093199,31,13,-5,68607,0,0,0,-178,178,27,1921,-10652,11511,-2800,2800,0,1,0
22,107,0.767,109,3093271,31,14,-5,69709,0,0,0,-155,178,27,1924,-10825,11694,-2700,2700,0,1,0
22,107,0.839,110,3093343,31,14,-5,70783,0,0,0,-163,172,27,1927,-10994,11872,-2700,2700,0,1,0
22,107,0.911,111,3093415,31,14,-5,71866,0,0,0,-161,181,27,1930,-11166,12050,-2700,2500,0,1,0
22,107,0.982,112,3093487,31,14,-5,72913,0,0,0,-161,146,27,1933,-11338,12216,-1800,1400,0,1,0
22,107,1.121,113,3093610,31,14,-5,73776,0,0,0,0,0,27,1940,-11483,12350,0,0,0,1,0
22,107,1.161,114,3093667,31,14,-5,73776,0,0,0,0,0,27,1940,-11483,12350,0,0,0,1,0
22,107,1.218,115,3093723,31,14,-5,73776,0,0,0,0,0,27,1940,-11483,12350,0,0,0,1,0
22,107,1.274,116,3093779,31,14,-5,73776,0,0,0,0,0,27,1940,-11483,12350,0,0,0,1,0
22,107,1.329,117,3093835,31,14,-5,73776,0,0,0,0,0,27,1940,-11483,12350,0,0,0,1,0
22,107,1.385,118,3093891,31,14,-5,73776,0,0,0,0,0,27,1940,-11483,12350,0,0,0,1,0
22,107,1.441,119,3093947,31,14,-5,73776,0,0,0,0,0,27,1940,-11483,12350,0,0,0,1,0
22,107,1.497,120,3094003,31,14,-5,73776,0,0,0,0,0,27,1940,-11483,12350,0,0,0,1,0
22,107,1.553,121,3094059,31,14,-5,73776,0,0,0,0,0,27,1940,-11483,12350,0,0,0,1,0
22,107,1.665,123,3094171,31,14,-5,73776,0,0,0,0,0,27,1940,-11483,12350,0,0,0,1,0
22,107,1.721,124,3094227,31,14,-5,73776,0,0,0,0,0,27,1940,-11483,12350,0,0,0,1,0
22,107,1.89,127,3094395,31,14,-5,73776,0,0,0,0,0,27,1940,-11483,12350,0,0,0,1,0
22,107,1.945,0,3094451,31,14,-5,73776,0,0,0,0,0,27,1940,-11483,12350,0,0,0,1,0
22,107,2.002,1,3094507,31,14,-5,73776,0,0,0,0,0,27,1940,-11483,12350,0,0,0,1,0
22,107,2.057,2,3094563,31,14,-5,73776,0,0,0,0,0,27,1940,-11483,12350,0,0,0,1,0
22,107,2.114,3,3094619,31,14,-5,73776,0,0,0,0,0,27,1940,-11483,12350,0,0,0,1,0
22,107,2.177,4,3094675,31,14,-5,73776,0,0,0,0,0,27,1940,-11483,12350,0,0,0,1,0
22,107,2.221,5,3094727,31,14,-5,73776,0,0,0,0,0,27,1940,-11483,12350,0,0,0,1,0
22,107,2.334,7,3094839,31,14,-5,73776,0,0,0,0,0,27,1940,-11483,12350,0,0,0,1,0
22,107,2.445,9,3094951,31,14,-5,73776,0,0,0,0,0,27,1940,-11483,12350,0,0,0,1,0
22,107,2.501,10,3095007,31,14,-5,73776,0,0,0,0,0,27,1940,-11483,12350,0,0,0,1,0
22,107,2.557,11,3095063,31,14,-5,73776,0,0,0,0,0,27,1940,-11483,12350,0,0,0,1,0
22,107,2.613,12,3095119,31,14,-5,73776,0,0,0,0,0,27,1940,-11483,12350,0,0,0,1,0
22,107,2.67,13,3095175,31,14,-5,73776,0,0,0,0,0,27,1940,-11483,12350,0,0,0,1,0
22,107,2.726,14,3095231,31,14,-5,73776,0,0,0,0,0,27,1940,-11483,12350,0,0,0,1,0
22,107,2.782,15,3095287,31,14,-5,73776,0,0,0,0,0,27,1940,-11483,12350,0,0,0,1,0
22,107,2.951,18,3095455,31,14,-5,73776,0,0,0,0,0,27,1940,-11483,12350,0,0,0,1,0
22,107,3.006,19,3095511,31,14,-5,73776,0,0,0,0,0,27,1940,-11483,12350,0,0,0,1,0
22,107,3.063,20,3095567,31,14,-5,73776,0,0,0,0,0,27,1940,-11483,12350,0,0,0,1,0
22,107,3.119,21,3095623,31,14,-5,73776,0,0,0,0,0,27,1940,-11483,12350,0,0,0,1,0
22,107,3.175,22,3095679,31,14,-5,73776,0,0,0,0,0,27,1940,-11483,12350,0,0,0,1,0
22,107,3.282,24,3095787,31,14,-5,73776,0,0,0,0,0,27,1940,-11483,12350,0,0,0,1,0
22,107,3.337,25,3095843,31,14,-5,73776,0,0,0,0,0,27,1940,-11483,12350,0,0,0,1,0
22,107,3.393,26,3095899,31,14,-5,73776,0,0,0,0,0,27,1940,-11483,12350,0,0,0,1,0
22,107,3.45,27,3095955,31,14,-5,73776,0,0,0,0,0,27,1940,-11483,12350,0,0,0,1,0
22,107,3.561,29,3096067,31,14,-5,73776,0,0,0,0,0,27,1940,-11483,12350,0,0,0,1,0
22,107,3.617,30,3096123,31,14,-5,73776,0,0,0,0,0,27,1940,-11483,12350,0,0,0,1,0
22,107,3.673,31,3096179,31,14,-5,73776,0,0,0,0,0,27,1940,-11483,12350,0,0,0,1,0
22,107,3.73,32,3096235,31,14,-5,73776,0,0,0,0,0,27,1940,-11483,12350,0,0,0,1,0
22,107,3.786,33,3096291,31,14,-5,73776,0,0,0,0,0,27,1940,-11483,12350,0,0,0,1,0
22,107,3.841,34,3096347,31,14,-5,73776,0,0,0,0,0,27,1940,-11483,12350,0,0,0,1,0
22,107,3.897,35,3096403,31,14,-5,73776,0,0,0,0,0,27,1940,-11483,12350,0,0,0,1,0
22,107,3.954,36,3096459,31,14,-5,73776,0,0,0,0,0,27,1940,-11483,12350,0,0,0,1,0
22,107,4.009,37,3096515,31,14,-5,73776,0,0,0,0,0,27,1940,-11483,12350,0,0,0,1,0
22,107,4.065,38,3096571,31,14,-5,73776,0,0,0,0,0,27,1940,-11483,12350,0,0,0,1,0
22,107,4.178,40,3096683,31,14,-5,73776,0,0,0,0,0,27,1940,-11483,12350,0,0,0,1,0
22,107,4.297,42,3096795,31,14,-5,73776,0,0,0,0,0,27,1940,-11483,12350,0,0,0,1,0
22,107,4.341,43,3096847,31,14,-5,73776,0,0,0,0,0,27,1940,-11483,12350,0,0,0,1,0
22,107,4.398,44,3096903,31,14,-5,73776,0,0,0,0,0,27,1940,-11483,12350,0,0,0,1,0
22,107,4.453,45,3096959,31,14,-5,73776,0,0,0,0,0,27,1940,-11483,12350,0,0,0,1,0
22,107,4.51,46,3097015,31,14,-5,73776,0,0,0,0,0,27,1940,-11483,12350,0,0,0,1,0
22,107,4.566,47,3097071,31,14,-5,73776,0,0,0,0,0,27,1940,-11483,12350,0,0,0,1,0
22,107,4.622,48,3097127,31,14,-5,73776,0,0,0,0,0,27,1940,-11483,12350,0,0,0,1,0
22,107,4.678,49,3097183,31,14,-5,73776,0,0,0,0,0,27,1940,-11483,12350,0,0,0,1,0
22,107,4.789,51,3097295,31,14,-5,73776,0,0,0,0,0,27,1940,-11483,12350,0,0,0,1,0
22,107,4.902,53,3097407,31,14,-5,73776,0,0,0,0,0,27,1940,-11483,12350,0,0,0,1,0
22,107,4.957,54,3097463,31,14,-5,73776,0,0,0,0,0,27,1940,-11483,12350,0,0,0,1,0
22,107,5.013,55,3097519,31,14,-5,73776,0,0,0,0,0,27,1940,-11483,12350,0,0,0,1,0
22,107,5.069,56,3097575,31,14,-5,73776,0,0,0,0,0,27,1940,-11483,12350,0,0,0,1,0
22,107,5.125,57,3097631,31,14,-5,73776,0,0,0,0,0,27,1940,-11483,12350,0,0,0,1,0
22,107,5.181,58,3097687,31,14,-5,73776,0,0,0,0,0,27,1940,-11483,12350,0,0,0,1,0
22,107,5.238,59,3097743,31,14,-5,73776,0,0,0,0,0,27,1940,-11483,12350,0,0,0,1,0
22,107,5.293,60,3097799,31,14,-5,73776,0,0,0,0,0,27,1940,-11483,12350,0,0,0,1,0
22,107,5.401,62,3097907,31,14,-5,73776,0,0,0,0,0,27,1940,-11483,12350,0,0,0,1,0
22,107,5.457,63,3097963,31,14,-5,73776,0,0,0,0,0,27,1940,-11483,12350,0,0,0,1,0
22,107,5.513,64,3098019,31,14,-5,73776,0,0,0,0,0,27,1940,-11483,12350,0,0,0,1,0
22,107,5.571,65,3098075,31,14,-5,73776,0,0,0,0,0,27,1940,-11483,12350,0,0,0,1,0
22,107,5.629,66,3098131,31,14,-5,73776,0,0,0,0,0,27,1940,-11483,12350,0,0,0,1,0
22,107,5.682,67,3098187,31,14,-5,73776,0,0,0,0,0,27,1940,-11483,12350,0,0,0,1,0
22,107,5.737,68,3098243,31,14,-5,73776,0,0,0,0,0,27,1940,-11483,12350,0,0,0,1,0
22,107,5.793,69,3098299,31,14,-5,73776,0,0,0,0,0,27,1940,-11483,12350,0,0,0,1,0
22,107,5.849,70,3098355,31,14,-5,73776,0,0,0,0,0,27,1940,-11483,12350,0,0,0,1,0
22,107,5.907,71,3098411,31,14,-5,73776,0,0,0,0,0,27,1940,-11483,12350,0,0,0,1,0
22,107,6.017,73,3098523,31,14,-5,73776,0,0,0,0,0,27,1940,-11483,12350,0,0,0,1,0
22,107,6.129,75,3098635,31,14,-5,73776,0,0,0,0,0,27,1940,-11483,12350,0,0,0,1,0
22,107,6.185,76,3098691,31,14,-5,73776,0,0,0,0,0,27,1940,-11483,12350,0,0,0,1,0
22,107,6.241,77,3098747,31,14,-5,73776,0,0,0,0,0,27,1940,-11483,12350,0,0,0,1,0
22,107,6.354,79,3098859,31,14,-5,73776,0,0,0,0,0,27,1940,-11483,12350,0,0,0,1,0
22,107,6.419,80,3098915,31,14,-5,73776,0,0,0,0,0,27,1940,-11483,12350,0,0,0,1,0
22,107,6.462,81,3098967,31,14,-5,73776,0,0,0,0,0,27,1940,-11483,12350,0,0,0,1,0
22,107,6.517,82,3099023,31,14,-5,73776,0,0,0,0,0,27,1940,-11483,12350,0,0,0,1,0
22,107,6.573,83,3099079,31,14,-5,73776,0,0,0,0,0,27,1940,-11483,12350,0,0,0,1,0
22,107,6.629,84,3099135,31,14,-5,73776,0,0,0,0,0,27,1940,-11483,12350,0,0,0,1,0
22,107,6.742,86,3099247,31,14,-5,73776,0,0,0,0,0,27,1940,-11483,12350,0,0,0,1,0
22,107,6.797,87,3099303,31,14,-5,73776,0,0,0,0,0,27,1940,-11483,12350,0,0,0,1,0
22,107,6.853,88,3099359,31,14,-5,73776,0,0,0,0,0,27,1940,-11483,12350,0,0,0,1,0
22,107,6.911,89,3099415,31,14,-5,73776,0,0,0,0,0,27,1940,-11483,12350,0,0,0,1,0
22,107,6.965,90,3099471,31,14,-5,73776,0,0,0,0,0,27,1940,-11483,12350,0,0,0,1,0
22,107,7.021,91,3099527,31,14,-5,73776,0,0,0,0,0,27,1940,-11483,12350,0,0,0,1,0
22,107,7.078,92,3099583,31,14,-5,73776,0,0,0,0,0,27,1940,-11483,12350,0,0,0,1,0
22,107,7.133,93,3099639,31,14,-5,73776,0,0,0,0,0,27,1940,-11483,12350,0,0,0,1,0
22,107,7.245,95,3099751,31,14,-5,73776,0,0,0,0,0,27,1940,-11483,12350,0,0,0,1,0
22,107,7.303,96,3099807,31,14,-5,73776,0,0,0,0,0,27,1940,-11483,12350,0,0,0,1,0
22,107,7.359,97,3099863,31,14,-5,73776,0,0,0,0,0,27,1940,-11483,12350,0,0,0,1,0
22,107,7.414,98,3099919,31,14,-5,73776,0,0,0,0,0,27,1940,-11483,12350,0,0,0,1,0
22,107,7.478,99,3099975,31,14,-5,73776,0,0,0,0,0,27,1940,-11483,12350,0,0,0,1,0
22,107,7.521,100,3100027,31,14,-5,73776,0,0,0,0,0,27,1940,-11483,12350,0,0,0,1,0
22,107,7.586,101,3100085,31,14,-5,73776,0,0,0,0,0,27,1940,-11483,12350,0,0,0,1,0
22,107,7.634,102,3100139,31,14,-5,73776,0,0,0,0,0,27,1940,-11483,12350,0,0,0,1,0
22,107,7.689,103,3100195,31,14,-5,73776,0,0,0,0,0,27,1940,-11483,12350,0,0,0,1,0
22,107,7.745,104,3100251,31,14,-5,73776,0,0,0,0,0,27,1940,-11483,12350,0,0,0,1,0
22,107,7.801,105,3100307,31,14,-5,73776,0,0,0,0,0,27,1940,-11483,12350,0,0,0,1,0
22,107,7.913,107,3100419,31,14,-5,73776,0,0,0,0,0,27,1940,-11483,12350,0,0,0,1,0
22,107,7.969,108,3100475,31,14,-5,73776,0,0,0,0,0,27,1940,-11483,12350,0,0,0,1,0
22,107,8.024,109,3100531,31,14,-5,73776,0,0,0,0,0,27,1940,-11483,12350,0,0,0,1,0
22,107,8.08,110,3100587,31,14,-5,73776,0,0,0,0,0,27,1940,-11483,12350,0,0,0,1,0
22,107,8.137,111,3100643,31,14,-5,73776,0,0,0,0,0,27,1940,-11483,12350,0,0,0,1,0
22,107,8.194,112,3100699,31,14,-5,73776,0,0,0,0,0,27,1940,-11483,12350,0,0,0,1,0
22,107,8.251,113,3100755,31,14,-5,73776,0,0,0,0,0,27,1940,-11483,12350,0,0,0,1,0
22,107,8.306,114,3100811,31,14,-5,73776,0,0,0,0,0,27,1940,-11483,12350,0,0,0,1,0
22,107,8.361,115,3100867,31,14,-5,73776,0,0,0,0,0,27,1940,-11483,12350,0,0,0,1,0
22,107,8.417,116,3100923,31,14,-5,73776,0,0,0,0,0,27,1940,-11483,12350,0,0,0,1,0
22,107,8.473,117,3100979,31,14,-5,73776,0,0,0,0,0,27,1940,-11483,12350,0,0,0,1,0
22,107,8.538,118,3101035,31,14,-5,73776,0,0,0,0,0,27,1940,-11483,12350,0,0,0,1,0
22,107,8.581,119,3101087,31,14,-5,73776,0,0,0,0,0,27,1940,-11483,12350,0,0,0,1,0
22,107,8.639,120,3101143,31,14,-5,73776,0,0,0,0,0,27,1940,-11483,12350,0,0,0,1,0
22,107,8.694,121,3101199,31,14,-5,73776,0,0,0,0,0,27,1940,-11483,12350,0,0,0,1,0
22,107,8.751,122,3101255,31,14,-5,73776,0,0,0,0,0,27,1940,-11483,12350,0,0,0,1,0
22,107,8.806,123,3101311,31,14,-5,73776,0,0,0,0,0,27,1940,-11483,12350,0,0,0,1,0
22,107,8.862,124,3101367,31,14,-5,73776,0,0,0,0,0,27,1940,-11483,12350,0,0,0,1,0
22,107,8.919,125,3101423,31,14,-5,73776,0,0,0,0,0,27,1940,-11483,12350,0,0,0,1,0
22,107,8.974,126,3101479,31,14,-5,73776,0,0,0,0,0,27,1940,-11483,12350,0,0,0,1,0
22,107,9.033,127,3101535,31,14,-5,73776,0,0,0,0,0,27,1940,-11483,12350,0,0,0,1,0
22,107,9.141,1,3101647,31,14,-5,73776,0,0,0,0,0,27,1940,-11483,12350,0,0,0,1,0
22,107,9.2,2,3101703,31,14,-5,73776,0,0,0,0,0,27,1940,-11483,12350,0,0,0,1,0
22,107,9.31,4,3101815,31,14,-5,73776,0,0,0,0,0,27,1940,-11483,12350,0,0,0,1,0
22,107,9.365,5,3101871,31,14,-5,73776,0,0,0,0,0,27,1940,-11483,12350,0,0,0,1,0
22,107,9.421,6,3101927,31,14,-5,73776,0,0,0,0,0,27,1940,-11483,12350,0,0,0,1,0
22,107,9.532,8,3102039,31,14,-5,73776,0,0,0,0,0,27,1940,-11483,12350,0,0,0,1,0
22,107,9.597,9,3102095,31,14,-5,73776,0,0,0,0,0,27,1940,-11483,12350,0,0,0,1,0
22,107,9.641,10,3102147,31,14,-5,73776,0,0,0,0,0,27,1940,-11483,12350,0,0,0,1,0
22,107,9.697,11,3102203,31,14,-5,73776,0,0,0,0,0,27,1940,-11483,12350,0,0,0,1,0
22,107,9.81,13,3102315,31,14,-5,73776,0,0,0,0,0,27,1940,-11483,12350,0,0,0,1,0
22,107,9.922,15,3102427,31,14,-5,73776,0,0,0,0,0,27,1940,-11483,12350,0,0,0,1,0
22,107,9.978,16,3102483,31,14,-5,73776,0,0,0,0,0,27,1940,-11483,12350,0,0,0,1,0
22,107,10.033,17,3102539,31,14,-5,73776,0,0,0,0,0,27,1940,-11483,12350,0,0,0,1,0
22,107,10.145,19,3102651,31,14,-5,73776,0,0,0,0,0,27,1940,-11483,12350,0,0,0,1,0
22,107,10.201,20,3102707,31,14,-5,73776,0,0,0,0,0,27,1940,-11483,12350,0,0,0,1,0
22,107,10.257,21,3102763,31,14,-5,73776,0,0,0,0,0,27,1940,-11483,12350,0,0,0,1,0
22,107,10.425,24,3102931,31,14,-5,73776,0,0,0,0,0,27,1940,-11483,12350,0,0,0,1,0
22,107,10.481,25,3102987,31,14,-5,73776,0,0,0,0,0,27,1940,-11483,12350,0,0,0,1,0
22,107,10.539,26,3103043,31,14,-5,73776,0,0,0,0,0,27,1940,-11483,12350,0,0,0,1,0
22,107,10.599,27,3103099,31,14,-5,73776,0,0,0,0,0,27,1940,-11483,12350,0,0,0,1,0
22,107,10.657,28,3103155,31,14,-5,73776,0,0,0,0,0,27,1940,-11483,12350,0,0,0,1,0
22,107,10.757,30,3103263,31,14,-5,73776,0,0,0,0,0,27,1940,-11483,12350,0,0,0,1,0
22,107,10.815,31,3103319,31,14,-5,73776,0,0,0,0,0,27,1940,-11483,12350,0,0,0,1,0
22,107,10.87,32,3103375,31,14,-5,73776,0,0,0,0,0,27,1940,-11483,12350,0,0,0,1,0
22,107,10.925,33,3103431,31,14,-5,73776,0,0,0,0,0,27,1940,-11483,12350,0,0,0,1,0
22,107,11.037,35,3103543,31,14,-5,73776,0,0,0,0,0,27,1940,-11483,12350,0,0,0,1,0
22,107,11.093,36,3103599,31,14,-5,73776,0,0,0,0,0,27,1940,-11483,12350,0,0,0,1,0
22,107,11.149,37,3103655,31,14,-5,73776,0,0,0,0,0,27,1940,-11483,12350,0,0,0,1,0
22,107,11.205,38,3103711,31,14,-5,73776,0,0,0,0,0,27,1940,-11483,12350,0,0,0,1,0
22,107,11.262,39,3103767,31,14,-5,73776,0,0,0,0,0,27,1940,-11483,12350,0,0,0,1,0
22,107,11.317,40,3103823,31,14,-5,73776,0,0,0,0,0,27,1940,-11483,12350,0,0,0,1,0
22,107,11.373,41,3103879,31,14,-5,73776,0,0,0,0,0,27,1940,-11483,12350,0,0,0,1,0
22,107,11.429,42,3103935,31,14,-5,73776,0,0,0,0,0,27,1940,-11483,12350,0,0,0,1,0
22,107,11.486,43,3103991,31,14,-5,73776,0,0,0,0,0,27,1940,-11483,12350,0,0,0,1,0
23,-180,-0.037,121,3115483,31,14,-5,73776,0,0,0,0,0,27,1940,-11483,12350,0,0,0,1,0
23,-180,0.019,122,3115539,31,14,-5,73776,0,0,0,0,0,27,1940,-11483,12350,0,0,0,1,0
23,-180,0.099,123,3115609,31,14,-5,73767,0,0,0,8,0,28,1942,-11480,12350,1000,-1000,0,1,0
23,-180,0.16,124,3115679,31,14,-5,73705,0,0,0,23,-2,30,1945,-11463,12347,1300,-1300,0,1,0
23,-180,0.232,125,3115751,31,14,-5,73498,0,0,0,32,-41,30,1948,-11427,12316,1500,-1600,0,1,0
23,-180,0.376,127,3115895,31,14,-5,72470,0,0,0,114,-96,30,1954,-11261,12150,2400,-2500,0,1,0
23,-180,0.457,0,3115967,31,14,-5,71640,0,0,0,131,-146,30,1957,-11127,12016,2800,-2900,0,1,0
23,-180,0.521,1,3116039,31,14,-5,70643,0,0,0,155,-178,30,1960,-10966,11855,2900,-2900,0,1,0
23,-180,0.592,2,3116111,31,14,-5,69560,0,0,0,181,-160,30,1963,-10788,11683,2900,-2900,0,1,0
23,-180,0.785,5,3116303,31,14,-5,66629,0,0,0,161,-178,30,1971,-10322,11202,2800,-2800,0,1,0
23,-180,0.858,6,3116375,31,14,-5,65573,0,0,0,161,-161,30,1974,-10150,11033,2800,-2700,0,1,0
23,-180,0.929,7,3116447,31,14,-5,64524,0,0,0,161,-161,30,1977,-9983,10861,2700,-2700,0,1,0
23,-180,1.0,8,3116519,31,14,-5,63480,0,0,0,172,-163,30,1980,-9813,10694,2600,-2700,0,1,0
23,-180,1.073,9,3116591,31,14,-5,62416,0,0,0,163,-178,30,1983,-9644,10519,2700,-2700,0,1,0
23,-180,1.145,10,3116663,31,14,-5,61400,0,0,0,155,-169,30,1986,-9477,10358,2600,-2600,0,1,0
23,-180,1.216,11,3116735,31,14,-5,60366,0,0,0,146,-181,30,1989,-9313,10188,2400,-2500,0,1,0
23,-180,1.288,12,3116807,31,15,-4,59413,0,0,0,137,-163,30,1992,-9166,10027,2500,-2400,0,1,0
23,-180,1.361,13,3116879,31,15,-4,58484,0,0,0,146,-155,30,1995,-9016,9877,2400,-2400,0,1,0
23,-180,1.505,15,3117023,31,15,-4,56661,0,0,0,131,-140,30,2001,-8727,9577,2100,-2000,0,1,0
23,-180,1.647,16,3117168,31,15,-4,55624,0,0,0,0,0,30,2009,-8561,9408,0,0,0,1,0
23,-180,1.698,17,3117219,31,15,-4,55624,0,0,0,0,0,30,2011,-8561,9408,0,0,0,1,0
23,-180,1.771,18,3117291,31,15,-4,55624,0,0,0,0,0,30,2014,-8561,9408,0,0,0,1,0
23,-180,1.852,19,3117363,31,15,-4,55624,0,0,0,0,0,30,2017,-8561,9408,0,0,0,1,0
23,-180,1.915,20,3117435,31,15,-4,55624,0,0,0,0,0,30,2020,-8561,9408,0,0,0,1,0
23,-180,1.987,21,3117507,31,15,-4,55624,0,0,0,0,0,30,2023,-8561,9408,0,0,0,1,0
23,-180,2.058,22,3117579,31,15,-4,55624,0,0,0,0,0,30,2026,-8561,9408,0,0,0,1,0
23,-180,2.131,23,3117651,31,15,-4,55624,0,0,0,0,0,30,2029,-8561,9408,0,0,0,1,0
23,-180,2.204,24,3117723,31,15,-4,55624,0,0,0,0,0,30,2032,-8561,9408,0,0,0,1,0
23,-180,2.276,25,3117795,31,15,-4,55624,0,0,0,0,0,30,2035,-8561,9408,0,0,0,1,0
23,-180,2.348,26,3117867,31,15,-4,55624,0,0,0,0,0,30,2038,-8561,9408,0,0,0,1,0
23,-180,2.418,27,3117939,31,15,-4,55624,0,0,0,0,0,30,2041,-8561,9408,0,0,0,1,0
23,-180,2.49,28,3118011,31,15,-4,55624,0,0,0,0,0,30,2044,-8561,9408,0,0,0,1,0
23,-180,2.546,29,3118067,31,15,-4,55624,0,0,0,0,0,30,2045,-8561,9408,0,0,0,1,0
23,-180,2.602,30,3118123,31,15,-4,55624,0,0,0,0,0,30,2045,-8561,9408,0,0,0,1,0
23,-180,2.771,33,3118291,31,15,-4,55624,0,0,0,0,0,30,2045,-8561,9408,0,0,0,1,0
23,-180,2.826,34,3118347,31,15,-4,55624,0,0,0,0,0,30,2045,-8561,9408,0,0,0,1,0
23,-180,2.882,35,3118403,31,15,-4,55624,0,0,0,0,0,30,2045,-8561,9408,0,0,0,1,0
23,-180,2.938,36,3118459,31,15,-4,55624,0,0,0,0,0,30,2045,-8561,9408,0,0,0,1,0
23,-180,2.994,37,3118515,31,15,-4,55624,0,0,0,0,0,30,2045,-8561,9408,0,0,0,1,0
23,-180,3.059,38,3118571,31,15,-4,55624,0,0,0,0,0,30,2045,-8561,9408,0,0,0,1,0
23,-180,3.104,39,3118623,31,15,-4,55624,0,0,0,0,0,30,2045,-8561,9408,0,0,0,1,0
23,-180,3.158,40,3118679,31,15,-4,55624,0,0,0,0,0,30,2045,-8561,9408,0,0,0,1,0
23,-180,3.215,41,3118735,31,15,-4,55624,0,0,0,0,0,30,2045,-8561,9408,0,0,0,1,0
23,-180,3.27,42,3118791,31,15,-4,55624,0,0,0,0,0,30,2045,-8561,9408,0,0,0,1,0
23,-180,3.326,43,3118847,31,15,-4,55624,0,0,0,0,0,30,2045,-8561,9408,0,0,0,1,0
23,-180,3.383,44,3118903,31,15,-4,55624,0,0,0,0,0,30,2045,-8561,9408,0,0,0,1,0
23,-180,3.439,45,3118959,31,15,-4,55624,0,0,0,0,0,30,2045,-8561,9408,0,0,0,1,0
23,-180,3.495,46,3119015,31,15,-4,55624,0,0,0,0,0,30,2045,-8561,9408,0,0,0,1,0
23,-180,3.55,47,3119071,31,15,-4,55624,0,0,0,0,0,30,2045,-8561,9408,0,0,0,1,0
23,-180,3.606,48,3119127,31,15,-4,55624,0,0,0,0,0,30,2045,-8561,9408,0,0,0,1,0
23,-180,3.663,49,3119183,31,15,-4,55624,0,0,0,0,0,30,2045,-8561,9408,0,0,0,1,0
23,-180,3.719,50,3119239,31,15,-4,55624,0,0,0,0,0,30,2045,-8561,9408,0,0,0,1,0
23,-180,3.774,51,3119295,31,15,-4,55624,0,0,0,0,0,30,2045,-8561,9408,0,0,0,1,0
23,-180,3.831,52,3119351,31,15,-4,55624,0,0,0,0,0,30,2045,-8561,9408,0,0,0,1,0
23,-180,3.887,53,3119407,31,15,-4,55624,0,0,0,0,0,30,2045,-8561,9408,0,0,0,1,0
23,-180,3.942,54,3119463,31,15,-4,55624,0,0,0,0,0,30,2045,-8561,9408,0,0,0,1,0
23,-180,3.998,55,3119519,31,15,-4,55624,0,0,0,0,0,30,2045,-8561,9408,0,0,0,1,0
23,-180,4.066,56,3119577,31,15,-4,55624,0,0,0,0,0,30,2045,-8561,9408,0,0,0,1,0
23,-180,4.115,57,3119627,31,15,-4,55624,0,0,0,0,0,30,2045,-8561,9408,0,0,0,1,0
23,-180,4.158,58,3119679,31,15,-4,55624,0,0,0,0,0,30,2045,-8561,9408,0,0,0,1,0
23,-180,4.214,59,3119735,31,15,-4,55624,0,0,0,0,0,30,2045,-8561,9408,0,0,0,1,0
23,-180,4.271,60,3119791,31,15,-4,55624,0,0,0,0,0,30,2045,-8561,9408,0,0,0,1,0
23,-180,4.328,61,3119847,31,15,-4,55624,0,0,0,0,0,30,2045,-8561,9408,0,0,0,1,0
23,-180,4.382,62,3119903,31,15,-4,55624,0,0,0,0,0,30,2045,-8561,9408,0,0,0,1,0
23,-180,4.439,63,3119959,31,15,-4,55624,0,0,0,0,0,30,2045,-8561,9408,0,0,0,1,0
23,-180,4.494,64,3120015,31,15,-4,55624,0,0,0,0,0,30,2045,-8561,9408,0,0,0,1,0
23,-180,4.551,65,3120071,31,15,-4,55624,0,0,0,0,0,30,2045,-8561,9408,0,0,0,1,0
23,-180,4.663,67,3120183,31,15,-4,55624,0,0,0,0,0,30,2045,-8561,9408,0,0,0,1,0
23,-180,4.719,68,3120239,31,15,-4,55624,0,0,0,0,0,30,2045,-8561,9408,0,0,0,1,0
23,-180,4.775,69,3120295,31,15,-4,55624,0,0,0,0,0,30,2045,-8561,9408,0,0,0,1,0
23,-180,4.832,70,3120351,31,15,-4,55624,0,0,0,0,0,30,2045,-8561,9408,0,0,0,1,0
23,-180,4.888,71,3120407,31,15,-4,55624,0,0,0,0,0,30,2045,-8561,9408,0,0,0,1,0
23,-180,4.943,72,3120463,31,15,-4,55624,0,0,0,0,0,30,2045,-8561,9408,0,0,0,1,0
23,-180,4.998,73,3120519,31,15,-4,55624,0,0,0,0,0,30,2045,-8561,9408,0,0,0,1,0
23,-180,5.055,74,3120575,31,15,-4,55624,0,0,0,0,0,30,2045,-8561,9408,0,0,0,1,0
23,-180,5.111,75,3120631,31,15,-4,55624,0,0,0,0,0,30,2045,-8561,9408,0,0,0,1,0
23,-180,5.218,77,3120739,31,15,-4,55624,0,0,0,0,0,30,2045,-8561,9408,0,0,0,1,0
23,-180,5.331,79,3120851,31,15,-4,55624,0,0,0,0,0,30,2045,-8561,9408,0,0,0,1,0
23,-180,5.388,80,3120907,31,15,-4,55624,0,0,0,0,0,30,2045,-8561,9408,0,0,0,1,0
23,-180,5.443,81,3120963,31,15,-4,55624,0,0,0,0,0,30,2045,-8561,9408,0,0,0,1,0
23,-180,5.555,83,3121075,31,15,-4,55624,0,0,0,0,0,30,2045,-8561,9408,0,0,0,1,0
23,-180,5.612,84,3121131,31,15,-4,55624,0,0,0,0,0,30,2045,-8561,9408,0,0,0,1,0
23,-180,5.666,85,3121187,31,15,-4,55624,0,0,0,0,0,30,2045,-8561,9408,0,0,0,1,0
23,-180,5.723,86,3121243,31,15,-4,55624,0,0,0,0,0,30,2045,-8561,9408,0,0,0,1,0
23,-180,5.778,87,3121299,31,15,-4,55624,0,0,0,0,0,30,2045,-8561,9408,0,0,0,1,0
23,-180,5.947,90,3121467,31,15,-4,55624,0,0,0,0,0,30,2045,-8561,9408,0,0,0,1,0
23,-180,6.002,91,3121523,31,15,-4,55624,0,0,0,0,0,30,2045,-8561,9408,0,0,0,1,0
23,-180,6.059,92,3121579,31,15,-4,55624,0,0,0,0,0,30,2045,-8561,9408,0,0,0,1,0
23,-180,6.114,93,3121635,31,15,-4,55624,0,0,0,0,0,30,2045,-8561,9408,0,0,0,1,0
23,-180,6.17,94,3121691,31,15,-4,55624,0,0,0,0,0,30,2045,-8561,9408,0,0,0,1,0
23,-180,6.279,96,3121799,31,15,-4,55624,0,0,0,0,0,30,2045,-8561,9408,0,0,0,1,0
23,-180,6.334,97,3121855,31,15,-4,55624,0,0,0,0,0,30,2045,-8561,9408,0,0,0,1,0
23,-180,6.393,98,3121911,31,15,-4,55624,0,0,0,0,0,30,2045,-8561,9408,0,0,0,1,0
23,-180,6.446,99,3121967,31,15,-4,55624,0,0,0,0,0,30,2045,-8561,9408,0,0,0,1,0
23,-180,6.56,101,3122079,31,15,-4,55624,0,0,0,0,0,30,2045,-8561,9408,0,0,0,1,0
23,-180,6.616,102,3122135,31,15,-4,55624,0,0,0,0,0,30,2045,-8561,9408,0,0,0,1,0
23,-180,6.671,103,3122191,31,15,-4,55624,0,0,0,0,0,30,2045,-8561,9408,0,0,0,1,0
23,-180,6.728,104,3122247,31,15,-4,55624,0,0,0,0,0,30,2045,-8561,9408,0,0,0,1,0
23,-180,6.784,105,3122303,31,15,-4,55624,0,0,0,0,0,30,2045,-8561,9408,0,0,0,1,0
23,-180,6.839,106,3122359,31,15,-4,55624,0,0,0,0,0,30,2045,-8561,9408,0,0,0,1,0
23,-180,6.895,107,3122415,31,15,-4,55624,0,0,0,0,0,30,2045,-8561,9408,0,0,0,1,0
23,-180,6.951,108,3122471,31,15,-4,55624,0,0,0,0,0,30,2045,-8561,9408,0,0,0,1,0
23,-180,7.007,109,3122527,31,15,-4,55624,0,0,0,0,0,30,2045,-8561,9408,0,0,0,1,0
23,-180,7.175,112,3122695,31,15,-4,55624,0,0,0,0,0,30,2045,-8561,9408,0,0,0,1,0
23,-180,7.231,113,3122751,31,15,-4,55624,0,0,0,0,0,30,2045,-8561,9408,0,0,0,1,0
23,-180,7.296,114,3122807,31,15,-4,55624,0,0,0,0,0,30,2045,-8561,9408,0,0,0,1,0
23,-180,7.339,115,3122859,31,15,-4,55624,0,0,0,0,0,30,2045,-8561,9408,0,0,0,1,0
23,-180,7.396,116,3122915,31,15,-4,55624,0,0,0,0,0,30,2045,-8561,9408,0,0,0,1,0
23,-180,7.452,117,3122971,31,15,-4,55624,0,0,0,0,0,30,2045,-8561,9408,0,0,0,1,0
23,-180,7.507,118,3123027,31,15,-4,55624,0,0,0,0,0,30,2045,-8561,9408,0,0,0,1,0
23,-180,7.563,119,3123083,31,15,-4,55624,0,0,0,0,0,30,2045,-8561,9408,0,0,0,1,0
23,-180,7.619,120,3123139,31,15,-4,55624,0,0,0,0,0,30,2045,-8561,9408,0,0,0,1,0
23,-180,7.675,121,3123195,31,15,-4,55624,0,0,0,0,0,30,2045,-8561,9408,0,0,0,1,0
23,-180,7.786,123,3123307,31,15,-4,55624,0,0,0,0,0,30,2045,-8561,9408,0,0,0,1,0
23,-180,7.843,124,3123363,31,15,-4,55624,0,0,0,0,0,30,2045,-8561,9408,0,0,0,1,0
23,-180,7.899,125,3123419,31,15,-4,55624,0,0,0,0,0,30,2045,-8561,9408,0,0,0,1,0
23,-180,7.956,126,3123475,31,15,-4,55624,0,0,0,0,0,30,2045,-8561,9408,0,0,0,1,0
23,-180,8.01,127,3123531,31,15,-4,55624,0,0,0,0,0,30,2045,-8561,9408,0,0,0,1,0
23,-180,8.067,0,3123587,31,15,-4,55624,0,0,0,0,0,30,2045,-8561,9408,0,0,0,1,0
23,-180,8.122,1,3123643,31,15,-4,55624,0,0,0,0,0,30,2045,-8561,9408,0,0,0,1,0
23,-180,8.179,2,3123699,31,15,-4,55624,0,0,0,0,0,30,2045,-8561,9408,0,0,0,1,0
23,-180,8.235,3,3123755,31,15,-4,55624,0,0,0,0,0,30,2045,-8561,9408,0,0,0,1,0
23,-180,8.357,5,3123867,31,15,-4,55624,0,0,0,0,0,30,2045,-8561,9408,0,0,0,1,0
23,-180,8.398,6,3123919,31,15,-4,55624,0,0,0,0,0,30,2045,-8561,9408,0,0,0,1,0
23,-180,8.454,7,3123975,31,15,-4,55624,0,0,0,0,0,30,2045,-8561,9408,0,0,0,1,0
23,-180,8.51,8,3124031,31,15,-4,55624,0,0,0,0,0,30,2045,-8561,9408,0,0,0,1,0
23,-180,8.566,9,3124087,31,15,-4,55624,0,0,0,0,0,30,2045,-8561,9408,0,0,0,1,0
23,-180,8.622,10,3124143,31,15,-4,55624,0,0,0,0,0,30,2045,-8561,9408,0,0,0,1,0
23,-180,8.684,11,3124199,31,15,-4,55624,0,0,0,0,0,30,2045,-8561,9408,0,0,0,1,0
23,-180,8.735,12,3124255,31,15,-4,55624,0,0,0,0,0,30,2045,-8561,9408,0,0,0,1,0
23,-180,8.791,13,3124311,31,15,-4,55624,0,0,0,0,0,30,2045,-8561,9408,0,0,0,1,0
23,-180,8.848,14,3124367,31,15,-4,55624,0,0,0,0,0,30,2045,-8561,9408,0,0,0,1,0
23,-180,8.903,15,3124423,31,15,-4,55624,0,0,0,0,0,30,2045,-8561,9408,0,0,0,1,0
23,-180,9.014,17,3124535,31,15,-4,55624,0,0,0,0,0,30,2045,-8561,9408,0,0,0,1,0
23,-180,9.072,18,3124591,31,15,-4,55624,0,0,0,0,0,30,2045,-8561,9408,0,0,0,1,0
23,-180,9.127,19,3124647,31,15,-4,55624,0,0,0,0,0,30,2045,-8561,9408,0,0,0,1,0
23,-180,9.183,20,3124703,31,15,-4,55624,0,0,0,0,0,30,2045,-8561,9408,0,0,0,1,0
23,-180,9.24,21,3124759,31,15,-4,55624,0,0,0,0,0,30,2045,-8561,9408,0,0,0,1,0
23,-180,9.296,22,3124815,31,15,-4,55624,0,0,0,0,0,30,2045,-8561,9408,0,0,0,1,0
23,-180,9.352,23,3124871,31,15,-4,55624,0,0,0,0,0,30,2045,-8561,9408,0,0,0,1,0
23,-180,9.416,24,3124927,31,15,-4,55624,0,0,0,0,0,30,2045,-8561,9408,0,0,0,1,0
23,-180,9.459,25,3124979,31,15,-4,55624,0,0,0,0,0,30,2045,-8561,9408,0,0,0,1,0
23,-180,9.514,26,3125035,31,15,-4,55624,0,0,0,0,0,30,2045,-8561,9408,0,0,0,1,0
23,-180,9.739,30,3125259,31,15,-4,55624,0,0,0,0,0,30,2045,-8561,9408,0,0,0,1,0
23,-180,9.795,31,3125315,31,15,-4,55624,0,0,0,0,0,30,2045,-8561,9408,0,0,0,1,0
23,-180,9.852,32,3125371,31,15,-4,55624,0,0,0,0,0,30,2045,-8561,9408,0,0,0,1,0
23,-180,9.908,33,3125427,31,15,-4,55624,0,0,0,0,0,30,2045,-8561,9408,0,0,0,1,0
23,-180,9.963,34,3125483,31,15,-4,55624,0,0,0,0,0,30,2045,-8561,9408,0,0,0,1,0
23,-180,10.019,35,3125539,31,15,-4,55624,0,0,0,0,0,30,2045,-8561,9408,0,0,0,1,0
23,-180,10.076,36,3125595,31,15,-4,55624,0,0,0,0,0,30,2045,-8561,9408,0,0,0,1,0
23,-180,10.13,37,3125651,31,15,-4,55624,0,0,0,0,0,30,2045,-8561,9408,0,0,0,1,0
23,-180,10.244,39,3125763,31,15,-4,55624,0,0,0,0,0,30,2045,-8561,9408,0,0,0,1,0
23,-180,10.355,41,3125875,31,15,-4,55624,0,0,0,0,0,30,2045,-8561,9408,0,0,0,1,0
23,-180,10.475,43,3125987,31,15,-4,55624,0,0,0,0,0,30,2045,-8561,9408,0,0,0,1,0
23,-180,10.519,44,3126039,31,15,-4,55624,0,0,0,0,0,30,2045,-8561,9408,0,0,0,1,0
23,-180,10.575,45,3126095,31,15,-4,55624,0,0,0,0,0,30,2045,-8561,9408,0,0,0,1,0
23,-180,10.63,46,3126151,31,15,-4,55624,0,0,0,0,0,30,2045,-8561,9408,0,0,0,1,0
23,-180,10.69,47,3126207,31,15,-4,55624,0,0,0,0,0,30,2045,-8561,9408,0,0,0,1,0
23,-180,10.746,48,3126263,31,15,-4,55624,0,0,0,0,0,30,2045,-8561,9408,0,0,0,1,0
23,-180,10.8,49,3126319,31,15,-4,55624,0,0,0,0,0,30,2045,-8561,9408,0,0,0,1,0
23,-180,10.857,50,3126375,31,15,-4,55624,0,0,0,0,0,30,2045,-8561,9408,0,0,0,1,0
23,-180,10.968,52,3126487,31,15,-4,55624,0,0,0,0,0,30,2045,-8561,9408,0,0,0,1,0
23,-180,11.024,53,3126543,31,15,-4,55624,0,0,0,0,0,30,2045,-8561,9408,0,0,0,1,0
23,-180,11.08,54,3126599,31,15,-4,55624,0,0,0,0,0,30,2045,-8561,9408,0,0,0,1,0
23,-180,11.135,55,3126655,31,15,-4,55624,0,0,0,0,0,30,2045,-8561,9408,0,0,0,1,0
23,-180,11.191,56,3126711,31,15,-4,55624,0,0,0,0,0,30,2045,-8561,9408,0,0,0,1,0
23,-180,11.248,57,3126767,31,15,-4,55624,0,0,0,0,0,30,2045,-8561,9408,0,0,0,1,0
23,-180,11.303,58,3126823,31,15,-4,55624,0,0,0,0,0,30,2045,-8561,9408,0,0,0,1,0
23,-180,11.36,59,3126879,31,15,-4,55624,0,0,0,0,0,30,2045,-8561,9408,0,0,0,1,0
23,-180,11.47,61,3126991,31,15,-4,55624,0,0,0,0,0,30,2045,-8561,9408,0,0,0,1,0
23,-180,11.536,62,3127047,31,15,-4,55624,0,0,0,0,0,30,2045,-8561,9408,0,0,0,1,0
23,-180,11.579,63,3127099,31,15,-4,55624,0,0,0,0,0,30,2045,-8561,9408,0,0,0,1,0
23,-180,11.635,64,3127155,31,15,-4,55624,0,0,0,0,0,30,2045,-8561,9408,0,0,0,1,0
23,-180,11.691,65,3127211,31,15,-4,55624,0,0,0,0,0,30,2045,-8561,9408,0,0,0,1,0
23,-180,11.748,66,3127267,31,15,-4,55624,0,0,0,0,0,30,2045,-8561,9408,0,0,0,1,0
23,-180,11.804,67,3127323,31,15,-4,55624,0,0,0,0,0,30,2045,-8561,9408,0,0,0,1,0
23,-180,11.859,68,3127379,31,15,-4,55624,0,0,0,0,0,30,2045,-8561,9408,0,0,0,1,0
23,-180,11.915,69,3127435,31,15,-4,55624,0,0,0,0,0,30,2045,-8561,9408,0,0,0,1,0
23,-180,11.971,70,3127491,31,15,-4,55624,0,0,0,0,0,30,2045,-8561,9408,0,0,0,1,0
23,-180,12.027,71,3127547,31,15,-4,55624,0,0,0,0,0,30,2045,-8561,9408,0,0,0,1,0
23,-180,12.082,72,3127603,31,15,-4,55624,0,0,0,0,0,30,2045,-8561,9408,0,0,0,1,0
23,-180,12.138,73,3127659,31,15,-4,55624,0,0,0,0,0,30,2045,-8561,9408,0,0,0,1,0
23,-180,12.195,74,3127715,31,15,-4,55624,0,0,0,0,0,30,2045,-8561,9408,0,0,0,1,0
23,-180,12.251,75,3127771,31,15,-4,55624,0,0,0,0,0,30,2045,-8561,9408,0,0,0,1,0
23,-180,12.307,76,3127827,31,15,-4,55624,0,0,0,0,0,30,2045,-8561,9408,0,0,0,1,0
23,-180,12.363,77,3127883,31,15,-4,55624,0,0,0,0,0,30,2045,-8561,9408,0,0,0,1,0
23,-180,12.419,78,3127939,31,15,-4,55624,0,0,0,0,0,30,2045,-8561,9408,0,0,0,1,0
23,-180,12.475,79,3127995,31,15,-4,55624,0,0,0,0,0,30,2045,-8561,9408,0,0,0,1,0
23,-180,12.531,80,3128051,31,15,-4,55624,0,0,0,0,0,30,2045,-8561,9408,0,0,0,1,0
23,-180,12.595,81,3128107,31,15,-4,55624,0,0,0,0,0,30,2045,-8561,9408,0,0,0,1,0
23,-180,12.639,82,3128159,31,15,-4,55624,0,0,0,0,0,30,2045,-8561,9408,0,0,0,1,0
23,-180,12.751,84,3128271,31,15,-4,55624,0,0,0,0,0,30,2045,-8561,9408,0,0,0,1,0
23,-180,12.808,85,3128327,31,15,-4,55624,0,0,0,0,0,30,2045,-8561,9408,0,0,0,1,0
23,-180,12.863,86,3128383,31,15,-4,55624,0,0,0,0,0,30,2045,-8561,9408,0,0,0,1,0
23,-180,12.919,87,3128439,31,15,-4,55624,0,0,0,0,0,30,2045,-8561,9408,0,0,0,1,0
23,-180,12.977,88,3128495,31,15,-4,55624,0,0,0,0,0,30,2045,-8561,9408,0,0,0,1,0
23,-180,13.033,89,3128551,31,15,-4,55624,0,0,0,0,0,30,2045,-8561,9408,0,0,0,1,0
23,-180,13.087,90,3128607,31,15,-4,55624,0,0,0,0,0,30,2045,-8561,9408,0,0,0,1,0
23,-180,13.143,91,3128663,31,15,-4,55624,0,0,0,0,0,30,2045,-8561,9408,0,0,0,1,0
23,-180,13.198,92,3128719,31,15,-4,55624,0,0,0,0,0,30,2045,-8561,9408,0,0,0,1,0
23,-180,13.264,93,3128775,31,15,-4,55624,0,0,0,0,0,30,2045,-8561,9408,0,0,0,1,0
23,-180,13.424,96,3128943,31,15,-4,55624,0,0,0,0,0,30,2045,-8561,9408,0,0,0,1,0
23,-180,13.477,97,3128999,31,15,-4,55624,0,0,0,0,0,30,2045,-8561,9408,0,0,0,1,0
23,-180,13.536,98,3129055,31,15,-4,55624,0,0,0,0,0,30,2045,-8561,9408,0,0,0,1,0
23,-180,13.591,99,3129111,31,15,-4,55624,0,0,0,0,0,30,2045,-8561,9408,0,0,0,1,0
23,-180,13.655,100,3129167,31,15,-4,55624,0,0,0,0,0,30,2045,-8561,9408,0,0,0,1,0
23,-180,13.699,101,3129219,31,15,-4,55624,0,0,0,0,0,30,2045,-8561,9408,0,0,0,1,0
23,-180,13.756,102,3129275,31,15,-4,55624,0,0,0,0,0,30,2045,-8561,9408,0,0,0,1,0
23,-180,13.811,103,3129331,31,15,-4,55624,0,0,0,0,0,30,2045,-8561,9408,0,0,0,1,0
23,-180,13.866,104,3129387,31,15,-4,55624,0,0,0,0,0,30,2045,-8561,9408,0,0,0,1,0
23,-180,14.034,107,3129555,31,15,-4,55624,0,0,0,0,0,30,2045,-8561,9408,0,0,0,1,0
23,-180,14.09,108,3129611,31,15,-4,55624,0,0,0,0,0,30,2045,-8561,9408,0,0,0,1,0
23,-180,14.146,109,3129667,31,15,-4,55624,0,0,0,0,0,30,2045,-8561,9408,0,0,0,1,0
23,-180,14.203,110,3129723,31,15,-4,55624,0,0,0,0,0,30,2045,-8561,9408,0,0,0,1,0
23,-180,14.259,111,3129779,31,15,-4,55624,0,0,0,0,0,30,2045,-8561,9408,0,0,0,1,0
23,-180,14.315,112,3129835,31,15,-4,55624,0,0,0,0,0,30,2045,-8561,9408,0,0,0,1,0
23,-180,14.37,113,3129891,31,15,-4,55624,0,0,0,0,0,30,2045,-8561,9408,0,0,0,1,0
23,-180,14.427,114,3129947,31,15,-4,55624,0,0,0,0,0,30,2045,-8561,9408,0,0,0,1,0
23,-180,14.483,115,3130003,31,15,-4,55624,0,0,0,0,0,30,2045,-8561,9408,0,0,0,1,0
23,-180,14.538,116,3130059,31,15,-4,55624,0,0,0,0,0,30,2045,-8561,9408,0,0,0,1,0
23,-180,14.65,118,3130171,31,15,-4,55624,0,0,0,0,0,30,2045,-8561,9408,0,0,0,1,0
24,180,-0.045,34,3146899,31,15,-4,55624,0,0,0,0,0,30,2045,-8561,9408,0,0,0,1,0
24,180,0.137,37,3147079,31,15,-4,55751,0,0,0,-23,41,31,2049,-8580,9430,-1100,1200,0,1,0
24,180,0.209,38,3147151,31,15,-4,55940,0,0,0,-32,47,31,2052,-8605,9466,-1400,1300,0,1,0
24,180,0.288,39,3147223,31,14,-4,56268,0,0,0,-50,64,31,2055,-8650,9527,-1800,1800,0,1,0
24,180,0.353,40,3147295,31,14,-4,56751,0,0,0,-85,98,31,2058,-8722,9611,-2300,2300,0,1,0
24,180,0.411,41,3147345,31,13,-5,57193,0,0,0,-88,111,31,2060,-8788,9688,-2500,2600,0,1,0
24,180,0.545,43,3147487,31,13,-5,59088,0,0,0,-178,160,31,2066,-9083,10005,-2900,3000,0,1,0
24,180,0.616,44,3147559,31,12,-6,60224,0,0,0,-187,178,31,2069,-9258,10197,-2900,2800,0,1,0
24,180,0.76,46,3147703,31,12,-6,62443,0,0,0,-178,178,31,2075,-9611,10561,-2700,2800,0,1,0
24,180,0.904,48,3147847,31,12,-6,64607,0,0,0,-161,161,31,2081,-9955,10916,-2700,2600,0,1,0
24,180,0.977,49,3147919,31,12,-6,65691,0,0,0,-178,152,31,2084,-10133,11088,-2700,2400,0,1,0
24,180,1.049,50,3147991,31,12,-6,66706,0,0,0,-160,146,31,2087,-10305,11244,-2600,2300,0,1,0
24,180,1.121,51,3148063,31,11,-5,67697,0,0,0,-172,129,31,2090,-10475,11394,-2600,2200,0,1,0
24,180,1.267,53,3148207,31,10,-5,69637,0,0,0,-161,137,31,2096,-10805,11691,-2500,2300,0,1,0
24,180,1.337,54,3148279,31,10,-4,70575,0,0,0,-161,140,31,2099,-10963,11836,-2500,2300,0,1,0
24,180,1.481,56,3148423,31,10,-4,72485,0,0,0,-155,160,31,2105,-11275,12141,-2300,2300,0,1,0
24,180,1.555,57,3148495,31,10,-4,73361,0,0,0,-128,131,31,2108,-11416,12283,-1000,900,0,1,0
24,180,1.776,60,3148719,31,10,-4,73767,0,0,0,0,0,32,2119,-11480,12350,0,0,0,1,0
24,180,1.87,61,3148791,31,10,-4,73767,0,0,0,0,0,32,2122,-11480,12350,0,0,0,1,0
24,180,2.034,63,3148935,31,10,-4,73767,0,0,0,0,0,32,2128,-11480,12350,0,0,0,1,0
24,180,2.077,64,3149007,31,10,-4,73767,0,0,0,0,0,32,2131,-11480,12350,0,0,0,1,0
24,180,2.137,65,3149079,31,10,-4,73767,0,0,0,0,0,32,2134,-11480,12350,0,0,0,1,0
24,180,2.288,67,3149223,31,10,-4,73767,0,0,0,0,0,32,2140,-11480,12350,0,0,0,1,0
24,180,2.351,68,3149295,31,10,-4,73767,0,0,0,0,0,32,2143,-11480,12350,0,0,0,1,0
24,180,2.423,69,3149367,31,10,-4,73767,0,0,0,0,0,32,2146,-11480,12350,0,0,0,1,0
24,180,2.495,70,3149439,31,10,-4,73767,0,0,0,0,0,32,2149,-11480,12350,0,0,0,1,0
24,180,2.566,71,3149511,31,10,-4,73767,0,0,0,0,0,32,2152,-11480,12350,0,0,0,1,0
24,180,2.639,72,3149583,31,10,-4,73767,0,0,0,0,0,32,2155,-11480,12350,0,0,0,1,0
24,180,2.712,73,3149655,31,10,-4,73767,0,0,0,0,0,32,2158,-11480,12350,0,0,0,1,0
24,180,2.783,74,3149727,31,10,-4,73767,0,0,0,0,0,32,2161,-11480,12350,0,0,0,1,0
24,180,2.854,75,3149799,31,10,-4,73767,0,0,0,0,0,32,2164,-11480,12350,0,0,0,1,0
24,180,2.927,76,3149871,31,10,-4,73767,0,0,0,0,0,32,2167,-11480,12350,0,0,0,1,0
24,180,3.008,77,3149943,31,10,-4,73767,0,0,0,0,0,32,2170,-11480,12350,0,0,0,1,0
24,180,3.074,78,3150015,31,10,-4,73767,0,0,0,0,0,32,2173,-11480,12350,0,0,0,1,0
24,180,3.146,79,3150088,31,10,-4,73767,0,0,0,0,0,32,2176,-11480,12350,0,0,0,1,0
24,180,3.216,80,3150159,31,10,-4,73767,0,0,0,0,0,32,2179,-11480,12350,0,0,0,1,0
24,180,3.364,82,3150303,31,10,-4,73767,0,0,0,0,0,32,2185,-11480,12350,0,0,0,1,0
24,180,3.431,83,3150375,31,10,-4,73767,0,0,0,0,0,32,2188,-11480,12350,0,0,0,1,0
24,180,3.503,84,3150447,31,10,-4,73767,0,0,0,0,0,32,2191,-11480,12350,0,0,0,1,0
24,180,3.575,85,3150519,31,10,-4,73767,0,0,0,0,0,32,2194,-11480,12350,0,0,0,1,0
24,180,3.719,87,3150663,31,10,-4,73767,0,0,0,0,0,32,2200,-11480,12350,0,0,0,1,0
24,180,3.782,88,3150713,31,10,-4,73767,0,0,0,0,0,32,2202,-11480,12350,0,0,0,1,0
24,180,3.819,89,3150763,31,10,-4,73767,0,0,0,0,0,32,2202,-11480,12350,0,0,0,1,0
24,180,3.875,90,3150819,31,10,-4,73767,0,0,0,0,0,32,2202,-11480,12350,0,0,0,1,0
24,180,3.931,91,3150875,31,10,-4,73767,0,0,0,0,0,32,2202,-11480,12350,0,0,0,1,0
24,180,3.987,92,3150931,31,10,-4,73767,0,0,0,0,0,32,2202,-11480,12350,0,0,0,1,0
24,180,4.042,93,3150987,31,10,-4,73767,0,0,0,0,0,32,2202,-11480,12350,0,0,0,1,0
24,180,4.099,94,3151043,31,10,-4,73767,0,0,0,0,0,32,2202,-11480,12350,0,0,0,1,0
24,180,4.155,95,3151099,31,10,-4,73767,0,0,0,0,0,32,2202,-11480,12350,0,0,0,1,0
24,180,4.212,96,3151155,31,10,-4,73767,0,0,0,0,0,32,2202,-11480,12350,0,0,0,1,0
24,180,4.318,98,3151263,31,10,-4,73767,0,0,0,0,0,32,2202,-11480,12350,0,0,0,1,0
24,180,4.376,99,3151319,31,10,-4,73767,0,0,0,0,0,32,2202,-11480,12350,0,0,0,1,0
24,180,4.431,100,3151375,31,10,-4,73767,0,0,0,0,0,32,2202,-11480,12350,0,0,0,1,0
24,180,4.487,101,3151431,31,10,-4,73767,0,0,0,0,0,32,2202,-11480,12350,0,0,0,1,0
24,180,4.543,102,3151487,31,10,-4,73767,0,0,0,0,0,32,2202,-11480,12350,0,0,0,1,0
24,180,4.598,103,3151543,31,10,-4,73767,0,0,0,0,0,32,2202,-11480,12350,0,0,0,1,0
24,180,4.655,104,3151599,31,10,-4,73767,0,0,0,0,0,32,2202,-11480,12350,0,0,0,1,0
24,180,4.712,105,3151655,31,10,-4,73767,0,0,0,0,0,32,2202,-11480,12350,0,0,0,1,0
24,180,4.769,106,3151711,31,10,-4,73767,0,0,0,0,0,32,2202,-11480,12350,0,0,0,1,0
24,180,4.88,108,3151823,31,10,-4,73767,0,0,0,0,0,32,2202,-11480,12350,0,0,0,1,0
24,180,4.934,109,3151879,31,10,-4,73767,0,0,0,0,0,32,2202,-11480,12350,0,0,0,1,0
24,180,4.991,110,3151935,31,10,-4,73767,0,0,0,0,0,32,2202,-11480,12350,0,0,0,1,0
24,180,5.052,111,3151991,31,10,-4,73767,0,0,0,0,0,32,2202,-11480,12350,0,0,0,1,0
24,180,5.102,112,3152047,31,10,-4,73767,0,0,0,0,0,32,2202,-11480,12350,0,0,0,1,0
24,180,5.16,113,3152103,31,10,-4,73767,0,0,0,0,0,32,2202,-11480,12350,0,0,0,1,0
24,180,5.215,114,3152159,31,10,-4,73767,0,0,0,0,0,32,2202,-11480,12350,0,0,0,1,0
24,180,5.28,115,3152215,31,10,-4,73767,0,0,0,0,0,32,2202,-11480,12350,0,0,0,1,0
24,180,5.326,116,3152267,31,10,-4,73767,0,0,0,0,0,32,2202,-11480,12350,0,0,0,1,0
24,180,5.386,117,3152323,31,10,-4,73767,0,0,0,0,0,32,2202,-11480,12350,0,0,0,1,0
24,180,5.434,118,3152379,31,10,-4,73767,0,0,0,0,0,32,2202,-11480,12350,0,0,0,1,0
24,180,5.55,120,3152491,31,10,-4,73767,0,0,0,0,0,32,2202,-11480,12350,0,0,0,1,0
24,180,5.621,121,3152547,31,10,-4,73767,0,0,0,0,0,32,2202,-11480,12350,0,0,0,1,0
24,180,5.659,122,3152603,31,10,-4,73767,0,0,0,0,0,32,2202,-11480,12350,0,0,0,1,0
24,180,5.715,123,3152659,31,10,-4,73767,0,0,0,0,0,32,2202,-11480,12350,0,0,0,1,0
24,180,5.771,124,3152715,31,10,-4,73767,0,0,0,0,0,32,2202,-11480,12350,0,0,0,1,0
24,180,5.827,125,3152771,31,10,-4,73767,0,0,0,0,0,32,2202,-11480,12350,0,0,0,1,0
24,180,5.882,126,3152827,31,10,-4,73767,0,0,0,0,0,32,2202,-11480,12350,0,0,0,1,0
24,180,5.94,127,3152883,31,10,-4,73767,0,0,0,0,0,32,2202,-11480,12350,0,0,0,1,0
24,180,5.994,0,3152939,31,10,-4,73767,0,0,0,0,0,32,2202,-11480,12350,0,0,0,1,0
24,180,6.051,1,3152995,31,10,-4,73767,0,0,0,0,0,32,2202,-11480,12350,0,0,0,1,0
24,180,6.164,3,3153107,31,10,-4,73767,0,0,0,0,0,32,2202,-11480,12350,0,0,0,1,0
24,180,6.22,4,3153163,31,10,-4,73767,0,0,0,0,0,32,2202,-11480,12350,0,0,0,1,0
24,180,6.277,5,3153219,31,10,-4,73767,0,0,0,0,0,32,2202,-11480,12350,0,0,0,1,0
24,180,6.341,6,3153275,31,10,-4,73767,0,0,0,0,0,32,2202,-11480,12350,0,0,0,1,0
24,180,6.383,7,3153327,31,10,-4,73767,0,0,0,0,0,32,2202,-11480,12350,0,0,0,1,0
24,180,6.441,8,3153383,31,10,-4,73767,0,0,0,0,0,32,2202,-11480,12350,0,0,0,1,0
24,180,6.494,9,3153439,31,10,-4,73767,0,0,0,0,0,32,2202,-11480,12350,0,0,0,1,0
24,180,6.551,10,3153495,31,10,-4,73767,0,0,0,0,0,32,2202,-11480,12350,0,0,0,1,0
24,180,6.607,11,3153551,31,10,-4,73767,0,0,0,0,0,32,2202,-11480,12350,0,0,0,1,0
24,180,6.662,12,3153607,31,10,-4,73767,0,0,0,0,0,32,2202,-11480,12350,0,0,0,1,0
24,180,6.777,14,3153719,31,10,-4,73767,0,0,0,0,0,32,2202,-11480,12350,0,0,0,1,0
24,180,6.833,15,3153775,31,10,-4,73767,0,0,0,0,0,32,2202,-11480,12350,0,0,0,1,0
24,180,6.889,16,3153831,31,10,-4,73767,0,0,0,0,0,32,2202,-11480,12350,0,0,0,1,0
24,180,7.0,18,3153943,31,10,-4,73767,0,0,0,0,0,32,2202,-11480,12350,0,0,0,1,0
24,180,7.055,19,3153999,31,10,-4,73767,0,0,0,0,0,32,2202,-11480,12350,0,0,0,1,0
24,180,7.111,20,3154055,31,10,-4,73767,0,0,0,0,0,32,2202,-11480,12350,0,0,0,1,0
24,180,7.166,21,3154111,31,10,-4,73767,0,0,0,0,0,32,2202,-11480,12350,0,0,0,1,0
24,180,7.228,22,3154167,31,10,-4,73767,0,0,0,0,0,32,2202,-11480,12350,0,0,0,1,0
24,180,7.279,23,3154223,31,10,-4,73767,0,0,0,0,0,32,2202,-11480,12350,0,0,0,1,0
24,180,7.409,25,3154335,31,10,-4,73767,0,0,0,0,0,32,2202,-11480,12350,0,0,0,1,0
24,180,7.444,26,3154387,31,10,-4,73767,0,0,0,0,0,32,2202,-11480,12350,0,0,0,1,0
24,180,7.499,27,3154443,31,10,-4,73767,0,0,0,0,0,32,2202,-11480,12350,0,0,0,1,0
24,180,7.556,28,3154499,31,10,-4,73767,0,0,0,0,0,32,2202,-11480,12350,0,0,0,1,0
24,180,7.61,29,3154555,31,10,-4,73767,0,0,0,0,0,32,2202,-11480,12350,0,0,0,1,0
24,180,7.666,30,3154611,31,10,-4,73767,0,0,0,0,0,32,2202,-11480,12350,0,0,0,1,0
24,180,7.723,31,3154667,31,10,-4,73767,0,0,0,0,0,32,2202,-11480,12350,0,0,0,1,0
24,180,7.795,32,3154723,31,10,-4,73767,0,0,0,0,0,32,2202,-11480,12350,0,0,0,1,0
24,180,7.835,33,3154779,31,10,-4,73767,0,0,0,0,0,32,2202,-11480,12350,0,0,0,1,0
24,180,7.89,34,3154835,31,10,-4,73767,0,0,0,0,0,32,2202,-11480,12350,0,0,0,1,0
24,180,8.003,36,3154947,31,10,-4,73767,0,0,0,0,0,32,2202,-11480,12350,0,0,0,1,0
24,180,8.115,38,3155059,31,10,-4,73767,0,0,0,0,0,32,2202,-11480,12350,0,0,0,1,0
24,180,8.171,39,3155115,31,10,-4,73767,0,0,0,0,0,32,2202,-11480,12350,0,0,0,1,0
24,180,8.226,40,3155171,31,10,-4,73767,0,0,0,0,0,32,2202,-11480,12350,0,0,0,1,0
24,180,8.284,41,3155227,31,10,-4,73767,0,0,0,0,0,32,2202,-11480,12350,0,0,0,1,0
24,180,8.34,42,3155283,31,10,-4,73767,0,0,0,0,0,32,2202,-11480,12350,0,0,0,1,0
24,180,8.395,43,3155339,31,10,-4,73767,0,0,0,0,0,32,2202,-11480,12350,0,0,0,1,0
24,180,8.459,44,3155395,31,10,-4,73767,0,0,0,0,0,32,2202,-11480,12350,0,0,0,1,0
24,180,8.503,45,3155447,31,10,-4,73767,0,0,0,0,0,32,2202,-11480,12350,0,0,0,1,0
24,180,8.559,46,3155503,31,10,-4,73767,0,0,0,0,0,32,2202,-11480,12350,0,0,0,1,0
24,180,8.614,47,3155559,31,10,-4,73767,0,0,0,0,0,32,2202,-11480,12350,0,0,0,1,0
24,180,8.67,48,3155615,31,10,-4,73767,0,0,0,0,0,32,2202,-11480,12350,0,0,0,1,0
24,180,8.726,49,3155671,31,10,-4,73767,0,0,0,0,0,32,2202,-11480,12350,0,0,0,1,0
24,180,8.783,50,3155727,31,10,-4,73767,0,0,0,0,0,32,2202,-11480,12350,0,0,0,1,0
24,180,8.839,51,3155783,31,10,-4,73767,0,0,0,0,0,32,2202,-11480,12350,0,0,0,1,0
24,180,8.895,52,3155839,31,10,-4,73767,0,0,0,0,0,32,2202,-11480,12350,0,0,0,1,0
24,180,8.952,53,3155895,31,10,-4,73767,0,0,0,0,0,32,2202,-11480,12350,0,0,0,1,0
24,180,9.006,54,3155951,31,10,-4,73767,0,0,0,0,0,32,2202,-11480,12350,0,0,0,1,0
24,180,9.063,55,3156007,31,10,-4,73767,0,0,0,0,0,32,2202,-11480,12350,0,0,0,1,0
24,180,9.118,56,3156063,31,10,-4,73767,0,0,0,0,0,32,2202,-11480,12350,0,0,0,1,0
24,180,9.177,57,3156119,31,10,-4,73767,0,0,0,0,0,32,2202,-11480,12350,0,0,0,1,0
24,180,9.232,58,3156175,31,10,-4,73767,0,0,0,0,0,32,2202,-11480,12350,0,0,0,1,0
24,180,9.343,60,3156287,31,10,-4,73767,0,0,0,0,0,32,2202,-11480,12350,0,0,0,1,0
24,180,9.399,61,3156343,31,10,-4,73767,0,0,0,0,0,32,2202,-11480,12350,0,0,0,1,0
24,180,9.454,62,3156399,31,10,-4,73767,0,0,0,0,0,32,2202,-11480,12350,0,0,0,1,0
24,180,9.521,63,3156455,31,10,-4,73767,0,0,0,0,0,32,2202,-11480,12350,0,0,0,1,0
24,180,9.565,64,3156507,31,10,-4,73767,0,0,0,0,0,32,2202,-11480,12350,0,0,0,1,0
24,180,9.62,65,3156563,31,10,-4,73767,0,0,0,0,0,32,2202,-11480,12350,0,0,0,1,0
24,180,9.675,66,3156619,31,10,-4,73767,0,0,0,0,0,32,2202,-11480,12350,0,0,0,1,0
24,180,9.731,67,3156675,31,10,-4,73767,0,0,0,0,0,32,2202,-11480,12350,0,0,0,1,0
24,180,9.788,68,3156731,31,10,-4,73767,0,0,0,0,0,32,2202,-11480,12350,0,0,0,1,0
24,180,9.955,71,3156899,31,10,-4,73767,0,0,0,0,0,32,2202,-11480,12350,0,0,0,1,0
24,180,10.067,73,3157011,31,10,-4,73767,0,0,0,0,0,32,2202,-11480,12350,0,0,0,1,0
24,180,10.125,74,3157067,31,10,-4,73767,0,0,0,0,0,32,2202,-11480,12350,0,0,0,1,0
24,180,10.178,75,3157123,31,10,-4,73767,0,0,0,0,0,32,2202,-11480,12350,0,0,0,1,0
24,180,10.235,76,3157179,31,10,-4,73767,0,0,0,0,0,32,2202,-11480,12350,0,0,0,1,0
24,180,10.291,77,3157235,31,10,-4,73767,0,0,0,0,0,32,2202,-11480,12350,0,0,0,1,0
24,180,10.348,78,3157291,31,10,-4,73767,0,0,0,0,0,32,2202,-11480,12350,0,0,0,1,0
24,180,10.402,79,3157347,31,10,-4,73767,0,0,0,0,0,32,2202,-11480,12350,0,0,0,1,0
24,180,10.459,80,3157403,31,10,-4,73767,0,0,0,0,0,32,2202,-11480,12350,0,0,0,1,0
24,180,10.579,82,3157515,31,10,-4,73767,0,0,0,0,0,32,2202,-11480,12350,0,0,0,1,0
24,180,10.678,84,3157623,31,10,-4,73767,0,0,0,0,0,32,2202,-11480,12350,0,0,0,1,0
24,180,10.79,86,3157735,31,10,-4,73767,0,0,0,0,0,32,2202,-11480,12350,0,0,0,1,0
24,180,10.847,87,3157791,31,10,-4,73767,0,0,0,0,0,32,2202,-11480,12350,0,0,0,1,0
24,180,10.902,88,3157847,31,10,-4,73767,0,0,0,0,0,32,2202,-11480,12350,0,0,0,1,0
24,180,10.958,89,3157903,31,10,-4,73767,0,0,0,0,0,32,2202,-11480,12350,0,0,0,1,0
24,180,11.014,90,3157959,31,10,-4,73767,0,0,0,0,0,32,2202,-11480,12350,0,0,0,1,0
24,180,11.183,93,3158127,31,10,-4,73767,0,0,0,0,0,32,2202,-11480,12350,0,0,0,1,0
24,180,11.24,94,3158183,31,10,-4,73767,0,0,0,0,0,32,2202,-11480,12350,0,0,0,1,0
24,180,11.294,95,3158239,31,10,-4,73767,0,0,0,0,0,32,2202,-11480,12350,0,0,0,1,0
24,180,11.35,96,3158295,31,10,-4,73767,0,0,0,0,0,32,2202,-11480,12350,0,0,0,1,0
24,180,11.406,97,3158351,31,10,-4,73767,0,0,0,0,0,32,2202,-11480,12350,0,0,0,1,0
24,180,11.463,98,3158407,31,10,-4,73767,0,0,0,0,0,32,2202,-11480,12350,0,0,0,1,0
24,180,11.518,99,3158463,31,10,-4,73767,0,0,0,0,0,32,2202,-11480,12350,0,0,0,1,0
24,180,11.574,100,3158519,31,10,-4,73767,0,0,0,0,0,32,2202,-11480,12350,0,0,0,1,0
24,180,11.683,102,3158627,31,10,-4,73767,0,0,0,0,0,32,2202,-11480,12350,0,0,0,1,0
24,180,11.739,103,3158683,31,10,-4,73767,0,0,0,0,0,32,2202,-11480,12350,0,0,0,1,0
24,180,11.794,104,3158739,31,10,-4,73767,0,0,0,0,0,32,2202,-11480,12350,0,0,0,1,0
24,180,11.852,105,3158795,31,10,-4,73767,0,0,0,0,0,32,2202,-11480,12350,0,0,0,1,0
24,180,11.911,106,3158851,31,10,-4,73767,0,0,0,0,0,32,2202,-11480,12350,0,0,0,1,0
24,180,11.966,107,3158907,31,10,-4,73767,0,0,0,0,0,32,2202,-11480,12350,0,0,0,1,0
24,180,12.075,109,3159019,31,10,-4,73767,0,0,0,0,0,32,2202,-11480,12350,0,0,0,1,0
24,180,12.13,110,3159075,31,10,-4,73767,0,0,0,0,0,32,2202,-11480,12350,0,0,0,1,0
24,180,12.186,111,3159131,31,10,-4,73767,0,0,0,0,0,32,2202,-11480,12350,0,0,0,1,0
24,180,12.243,112,3159187,31,10,-4,73767,0,0,0,0,0,32,2202,-11480,12350,0,0,0,1,0
24,180,12.356,114,3159299,31,10,-4,73767,0,0,0,0,0,32,2202,-11480,12350,0,0,0,1,0
24,180,12.41,115,3159355,31,10,-4,73767,0,0,0,0,0,32,2202,-11480,12350,0,0,0,1,0
24,180,12.466,116,3159411,31,10,-4,73767,0,0,0,0,0,32,2202,-11480,12350,0,0,0,1,0
24,180,12.526,117,3159467,31,10,-4,73767,0,0,0,0,0,32,2202,-11480,12350,0,0,0,1,0
24,180,12.579,118,3159523,31,10,-4,73767,0,0,0,0,0,32,2202,-11480,12350,0,0,0,1,0
24,180,12.635,119,3159579,31,10,-4,73767,0,0,0,0,0,32,2202,-11480,12350,0,0,0,1,0
24,180,12.745,121,3159687,31,10,-4,73767,0,0,0,0,0,32,2202,-11480,12350,0,0,0,1,0
24,180,12.799,122,3159743,31,10,-4,73767,0,0,0,0,0,32,2202,-11480,12350,0,0,0,1,0
24,180,12.854,123,3159799,31,10,-4,73767,0,0,0,0,0,32,2202,-11480,12350,0,0,0,1,0
24,180,12.911,124,3159855,31,10,-4,73767,0,0,0,0,0,32,2202,-11480,12350,0,0,0,1,0
24,180,13.024,126,3159967,31,10,-4,73767,0,0,0,0,0,32,2202,-11480,12350,0,0,0,1,0
24,180,13.082,127,3160023,31,10,-4,73767,0,0,0,0,0,32,2202,-11480,12350,0,0,0,1,0
24,180,13.135,0,3160079,31,10,-4,73767,0,0,0,0,0,32,2202,-11480,12350,0,0,0,1,0
24,180,13.193,1,3160135,31,10,-4,73767,0,0,0,0,0,32,2202,-11480,12350,0,0,0,1,0
24,180,13.247,2,3160191,31,10,-4,73767,0,0,0,0,0,32,2202,-11480,12350,0,0,0,1,0
24,180,13.307,3,3160247,31,10,-4,73767,0,0,0,0,0,32,2202,-11480,12350,0,0,0,1,0
24,180,13.417,5,3160359,31,10,-4,73767,0,0,0,0,0,32,2202,-11480,12350,0,0,0,1,0
24,180,13.471,6,3160415,31,10,-4,73767,0,0,0,0,0,32,2202,-11480,12350,0,0,0,1,0
24,180,13.639,9,3160583,31,10,-4,73767,0,0,0,0,0,32,2202,-11480,12350,0,0,0,1,0
24,180,13.694,10,3160639,31,10,-4,73767,0,0,0,0,0,32,2202,-11480,12350,0,0,0,1,0
24,180,13.759,11,3160695,31,10,-4,73767,0,0,0,0,0,32,2202,-11480,12350,0,0,0,1,0
24,180,13.802,12,3160747,31,10,-4,73767,0,0,0,0,0,32,2202,-11480,12350,0,0,0,1,0
24,180,13.858,13,3160803,31,10,-4,73767,0,0,0,0,0,32,2202,-11480,12350,0,0,0,1,0
24,180,13.915,14,3160859,31,10,-4,73767,0,0,0,0,0,32,2202,-11480,12350,0,0,0,1,0
24,180,13.971,15,3160915,31,10,-4,73767,0,0,0,0,0,32,2202,-11480,12350,0,0,0,1,0
24,180,14.027,16,3160971,31,10,-4,73767,0,0,0,0,0,32,2202,-11480,12350,0,0,0,1,0
24,180,14.082,17,3161027,31,10,-4,73767,0,0,0,0,0,32,2202,-11480,12350,0,0,0,1,0
24,180,14.138,18,3161083,31,10,-4,73767,0,0,0,0,0,32,2202,-11480,12350,0,0,0,1,0
24,180,14.25,20,3161195,31,10,-4,73767,0,0,0,0,0,32,2202,-11480,12350,0,0,0,1,0
24,180,14.306,21,3161251,31,10,-4,73767,0,0,0,0,0,32,2202,-11480,12350,0,0,0,1,0
24,180,14.363,22,3161307,31,10,-4,73767,0,0,0,0,0,32,2202,-11480,12350,0,0,0,1,0
24,180,14.42,23,3161363,31,10,-4,73767,0,0,0,0,0,32,2202,-11480,12350,0,0,0,1,0
24,180,14.474,24,3161419,31,10,-4,73767,0,0,0,0,0,32,2202,-11480,12350,0,0,0,1,0
24,180,14.53,25,3161475,31,10,-4,73767,0,0,0,0,0,32,2202,-11480,12350,0,0,0,1,0
24,180,14.586,26,3161531,31,10,-4,73767,0,0,0,0,0,32,2202,-11480,12350,0,0,0,1,0
24,180,14.643,27,3161587,31,10,-4,73767,0,0,0,0,0,32,2202,-11480,12350,0,0,0,1,0
24,180,14.7,28,3161643,31,10,-4,73767,0,0,0,0,0,32,2202,-11480,12350,0,0,0,1,0
24,180,14.756,29,3161699,31,10,-4,73767,0,0,0,0,0,32,2202,-11480,12350,0,0,0,1,0
24,180,14.865,31,3161807,31,10,-4,73767,0,0,0,0,0,32,2202,-11480,12350,0,0,0,1,0
24,180,14.975,33,3161919,31,10,-4,73767,0,0,0,0,0,32,2202,-11480,12350,0,0,0,1,0
24,180,15.032,34,3161975,31,10,-4,73767,0,0,0,0,0,32,2202,-11480,12350,0,0,0,1,0
24,180,15.086,35,3162031,31,10,-4,73767,0,0,0,0,0,32,2202,-11480,12350,0,0,0,1,0
24,180,15.199,37,3162143,31,10,-4,73767,0,0,0,0,0,32,2202,-11480,12350,0,0,0,1,0
24,180,15.254,38,3162199,31,10,-4,73767,0,0,0,0,0,32,2202,-11480,12350,0,0,0,1,0
24,180,15.31,39,3162255,31,10,-4,73767,0,0,0,0,0,32,2202,-11480,12350,0,0,0,1,0
24,180,15.367,40,3162311,31,10,-4,73767,0,0,0,0,0,32,2202,-11480,12350,0,0,0,1,0
24,180,15.481,42,3162423,31,10,-4,73767,0,0,0,0,0,32,2202,-11480,12350,0,0,0,1,0
24,180,15.59,44,3162535,31,10,-4,73767,0,0,0,0,0,32,2202,-11480,12350,0,0,0,1,0
24,180,15.648,45,3162591,31,10,-4,73767,0,0,0,0,0,32,2202,-11480,12350,0,0,0,1,0
24,180,15.702,46,3162647,31,10,-4,73767,0,0,0,0,0,32,2202,-11480,12350,0,0,0,1,0
24,180,15.815,48,3162759,31,10,-4,73767,0,0,0,0,0,32,2202,-11480,12350,0,0,0,1,0
24,180,15.882,49,3162815,31,10,-4,73767,0,0,0,0,0,32,2202,-11480,12350,0,0,0,1,0
24,180,15.922,50,3162867,31,10,-4,73767,0,0,0,0,0,32,2202,-11480,12350,0,0,0,1,0
24,180,15.978,51,3162923,31,10,-4,73767,0,0,0,0,0,32,2202,-11480,12350,0,0,0,1,0
24,180,16.034,52,3162979,31,10,-4,73767,0,0,0,0,0,32,2202,-11480,12350,0,0,0,1,0
24,180,16.092,53,3163035,31,10,-4,73767,0,0,0,0,0,32,2202,-11480,12350,0,0,0,1,0
24,180,16.205,55,3163147,31,10,-4,73767,0,0,0,0,0,32,2202,-11480,12350,0,0,0,1,0
24,180,16.26,56,3163203,31,10,-4,73767,0,0,0,0,0,32,2202,-11480,12350,0,0,0,1,0
24,180,16.315,57,3163259,31,10,-4,73767,0,0,0,0,0,32,2202,-11480,12350,0,0,0,1,0
24,180,16.371,58,3163315,31,10,-4,73767,0,0,0,0,0,32,2202,-11480,12350,0,0,0,1,0
24,180,16.427,59,3163371,31,10,-4,73767,0,0,0,0,0,32,2202,-11480,12350,0,0,0,1,0
24,180,16.483,60,3163427,31,10,-4,73767,0,0,0,0,0,32,2202,-11480,12350,0,0,0,1,0
24,180,16.54,61,3163483,31,10,-4,73767,0,0,0,0,0,32,2202,-11480,12350,0,0,0,1,0
24,180,16.599,62,3163539,31,10,-4,73767,0,0,0,0,0,32,2202,-11480,12350,0,0,0,1,0
24,180,16.708,64,3163651,31,10,-4,73767,0,0,0,0,0,32,2202,-11480,12350,0,0,0,1,0
24,180,16.819,66,3163763,31,10,-4,73767,0,0,0,0,0,32,2202,-11480,12350,0,0,0,1,0
24,180,16.876,67,3163819,31,10,-4,73767,0,0,0,0,0,32,2202,-11480,12350,0,0,0,1,0
24,180,16.94,68,3163875,31,10,-4,73767,0,0,0,0,0,32,2202,-11480,12350,0,0,0,1,0
24,180,16.983,69,3163927,31,10,-4,73767,0,0,0,0,0,32,2202,-11480,12350,0,0,0,1,0
24,180,17.039,70,3163983,31,10,-4,73767,0,0,0,0,0,32,2202,-11480,12350,0,0,0,1,0
24,180,17.096,71,3164039,31,10,-4,73767,0,0,0,0,0,32,2202,-11480,12350,0,0,0,1,0
24,180,17.152,72,3164095,31,10,-4,73767,0,0,0,0,0,32,2202,-11480,12350,0,0,0,1,0
24,180,17.208,73,3164151,31,10,-4,73767,0,0,0,0,0,32,2202,-11480,12350,0,0,0,1,0
24,180,17.262,74,3164207,31,10,-4,73767,0,0,0,0,0,32,2202,-11480,12350,0,0,0,1,0
24,180,17.323,75,3164263,31,10,-4,73767,0,0,0,0,0,32,2202,-11480,12350,0,0,0,1,0
24,180,17.374,76,3164319,31,10,-4,73767,0,0,0,0,0,32,2202,-11480,12350,0,0,0,1,0
24,180,17.43,77,3164375,31,10,-4,73767,0,0,0,0,0,32,2202,-11480,12350,0,0,0,1,0
24,180,17.486,78,3164431,31,10,-4,73767,0,0,0,0,0,32,2202,-11480,12350,0,0,0,1,0
24,180,17.542,79,3164487,31,10,-4,73767,0,0,0,0,0,32,2202,-11480,12350,0,0,0,1,0
24,180,17.597,80,3164543,31,10,-4,73767,0,0,0,0,0,32,2202,-11480,12350,0,0,0,1,0
24,180,17.655,81,3164599,31,10,-4,73767,0,0,0,0,0,32,2202,-11480,12350,0,0,0,1,0
24,180,17.711,82,3164655,31,10,-4,73767,0,0,0,0,0,32,2202,-11480,12350,0,0,0,1,0
24,180,17.767,83,3164711,31,10,-4,73767,0,0,0,0,0,32,2202,-11480,12350,0,0,0,1,0
24,180,17.823,84,3164767,31,10,-4,73767,0,0,0,0,0,32,2202,-11480,12350,0,0,0,1,0
24,180,17.878,85,3164823,31,10,-4,73767,0,0,0,0,0,32,2202,-11480,12350,0,0,0,1,0
24,180,17.935,86,3164879,31,10,-4,73767,0,0,0,0,0,32,2202,-11480,12350,0,0,0,1,0
24,180,17.999,87,3164935,31,10,-4,73767,0,0,0,0,0,32,2202,-11480,12350,0,0,0,1,0
24,180,18.042,88,3164987,31,10,-4,73767,0,0,0,0,0,32,2202,-11480,12350,0,0,0,1,0
24,180,18.098,89,3165043,31,10,-4,73767,0,0,0,0,0,32,2202,-11480,12350,0,0,0,1,0
24,180,18.157,90,3165099,31,10,-4,73767,0,0,0,0,0,32,2202,-11480,12350,0,0,0,1,0
24,180,18.211,91,3165155,31,10,-4,73767,0,0,0,0,0,32,2202,-11480,12350,0,0,0,1,0
