1787960401.975 >>> HELLO
1787960401.991 device NEZHA2 robot tovez 2314287040
1787960402.995 >>> SET pid_ki 0 #1
1787960403.014 ack 1 11 timeout
1787960403.516 >>> SET pid_i_max 0 #2
1787960403.525 ack 2 11 timeout
1787960404.028 >>> SET twist_hold_gain 0 #3
1787960404.039 ack 3 11 timeout
1787960404.541 >>> SET stall_speed 1000000 #4
1787960404.557 ack 4 11 timeout
1787960405.060 >>> SET stall_demand 1 #5
1787960405.071 ack 5 11 timeout
1787960405.573 >>> SET stall_window 0 #6
1787960405.590 ack 6 11 timeout
1787960406.092 >>> GET pid_ki #7
1787960406.104 ack 7 11 timeout
1787960406.106 get pid_ki 0.000000
1787960407.109 >>> GET pid_i_max #8
1787960407.118 ack 8 11 timeout
1787960407.119 get pid_i_max 0.000000
1787960408.123 >>> GET twist_hold_gain #9
1787960408.142 ack 9 11 timeout
1787960408.145 get twist_hold_gain 0.000000
1787960409.151 >>> TLM FULL #10
1787960409.166 ack 10 11 timeout
1787960409.184 t 76 189350 31 -398 -1368 2875 0 0 0 -893 -865 0 271 4305 5069 -10000 -10000 0 0 0
1787960409.230 t 77 189399 31 -398 -1368 2875 0 0 0 -893 -865 0 271 4305 5069 -10000 -10000 0 0 0
1787960409.289 t 78 189451 31 -398 -1368 2875 0 0 0 -893 -865 0 271 4305 5069 -10000 -10000 0 0 0
1787960409.333 t 79 189503 31 -398 -1368 2875 0 0 0 -893 -865 0 271 4305 5069 -10000 -10000 0 0 0
1787960409.391 t 80 189555 31 -398 -1368 2875 0 0 0 -893 -865 0 271 4305 5069 -10000 -10000 0 0 0
1787960409.437 t 81 189607 31 -398 -1368 2875 0 0 0 -893 -865 0 271 4305 5069 -10000 -10000 0 0 0
1787960409.494 t 82 189659 31 -398 -1368 2875 0 0 0 -893 -865 0 271 4305 5069 -10000 -10000 0 0 0
1787960409.541 t 83 189711 31 -398 -1368 2875 0 0 0 -893 -865 0 271 4305 5069 -10000 -10000 0 0 0
1787960409.596 t 84 189763 31 -398 -1368 2875 0 0 0 -893 -865 0 271 4305 5069 -10000 -10000 0 0 0
1787960409.647 t 85 189815 31 -398 -1368 2875 0 0 0 -893 -865 0 271 4305 5069 -10000 -10000 0 0 0
1787960409.698 t 86 189867 31 -398 -1368 2875 0 0 0 -893 -865 0 271 4305 5069 -10000 -10000 0 0 0
1787960409.750 thdr seq now flags x y h ox oy oh vl vr i2cf cyc posl posr dutl dutr lexc wrng cycovr
1787960409.757 t 87 189919 31 -398 -1368 2875 0 0 0 -893 -865 0 271 4305 5069 -10000 -10000 0 0 0
1787960409.804 t 88 189971 31 -398 -1368 2875 0 0 0 -893 -865 0 271 4305 5069 -10000 -10000 0 0 0
1787960409.854 t 89 190023 31 -398 -1368 2875 0 0 0 -893 -865 0 271 4305 5069 -10000 -10000 0 0 0
1787960409.905 t 90 190075 31 -398 -1368 2875 0 0 0 -893 -865 0 271 4305 5069 -10000 -10000 0 0 0
1787960409.958 t 91 190127 31 -398 -1368 2875 0 0 0 -893 -865 0 271 4305 5069 -10000 -10000 0 0 0
1787960410.010 t 92 190179 31 -398 -1368 2875 0 0 0 -893 -865 0 271 4305 5069 -10000 -10000 0 0 0
1787960410.062 t 93 190231 31 -398 -1368 2875 0 0 0 -893 -865 0 271 4305 5069 -10000 -10000 0 0 0
1787960410.115 t 94 190283 31 -398 -1368 2875 0 0 0 -893 -865 0 271 4305 5069 -10000 -10000 0 0 0
1787960410.162 === BIAS RESET FWD 5%
1787960410.162 >>> SET stall_window 50 #11
1787960410.167 t 95 190335 31 -398 -1368 2875 0 0 0 -893 -865 0 271 4305 5069 -10000 -10000 0 0 0
1787960410.178 ack 11 11 timeout
1787960410.218 t 96 190387 31 -398 -1368 2875 0 0 0 -893 -865 0 271 4305 5069 -10000 -10000 0 0 0
1787960410.270 t 97 190439 31 -398 -1368 2875 0 0 0 -893 -865 0 271 4305 5069 -10000 -10000 0 0 0
1787960410.322 t 98 190491 31 -398 -1368 2875 0 0 0 -893 -865 0 271 4305 5069 -10000 -10000 0 0 0
1787960410.373 t 99 190543 31 -398 -1368 2875 0 0 0 -893 -865 0 271 4305 5069 -10000 -10000 0 0 0
1787960410.425 t 100 190595 31 -398 -1368 2875 0 0 0 -893 -865 0 271 4305 5069 -10000 -10000 0 0 0
1787960410.481 t 101 190647 31 -398 -1368 2875 0 0 0 -893 -865 0 271 4305 5069 -10000 -10000 0 0 0
1787960410.535 t 102 190699 31 -398 -1368 2875 0 0 0 -893 -865 0 271 4305 5069 -10000 -10000 0 0 0
1787960410.586 t 103 190751 31 -398 -1368 2875 0 0 0 -893 -865 0 271 4305 5069 -10000 -10000 0 0 0
1787960410.633 t 104 190803 31 -398 -1368 2875 0 0 0 -893 -865 0 271 4305 5069 -10000 -10000 0 0 0
1787960410.679 >>> WHEELS_V 40 40 300 #12
1787960410.689 t 105 190855 31 -398 -1368 2875 0 0 0 -893 -865 0 271 4305 5069 -10000 -10000 0 0 0
1787960410.689 ack 12 11 timeout
1787960410.747 thdr seq now flags x y h ox oy oh vl vr i2cf cyc posl posr dutl dutr lexc wrng cycovr
1787960410.756 t 106 190918 31 -577 -1510 4805 0 0 0 17 -8 0 273 1150 2427 300 300 0 0 0
1787960410.822 t 107 190990 35 -672 -1513 -4387 0 0 0 14 -6841 0 276 1166 0 0 0 0 0 0
1787960410.893 t 108 191062 35 -576 -1510 4767 0 0 0 0 0 0 279 1166 2433 0 0 0 0 0
1787960410.965 t 109 191134 35 -576 -1510 4767 0 0 0 0 0 0 282 1166 2433 0 0 0 0 0
1787960411.019 t 110 191190 35 -576 -1510 4767 0 0 0 0 0 0 284 1166 2433 0 0 0 0 0
1787960411.079 t 111 191246 35 -576 -1510 4767 0 0 0 0 0 0 284 1166 2433 0 0 0 0 0
1787960411.132 t 112 191302 35 -576 -1510 4767 0 0 0 0 0 0 284 1166 2433 0 0 0 0 0
1787960411.189 t 113 191358 35 -576 -1510 4767 0 0 0 0 0 0 284 1166 2433 0 0 0 0 0
1787960411.250 t 114 191414 35 -576 -1510 4767 0 0 0 0 0 0 284 1166 2433 0 0 0 0 0
1787960411.307 t 115 191470 35 -576 -1510 4767 0 0 0 0 0 0 284 1166 2433 0 0 0 0 0
1787960411.354 t 116 191526 35 -576 -1510 4767 0 0 0 0 0 0 284 1166 2433 0 0 0 0 0
1787960411.419 t 117 191582 35 -576 -1510 4767 0 0 0 0 0 0 284 1166 2433 0 0 0 0 0
1787960411.467 t 118 191638 35 -576 -1510 4767 0 0 0 0 0 0 284 1166 2433 0 0 0 0 0
1787960411.542 t 119 191694 35 -576 -1510 4767 0 0 0 0 0 0 284 1166 2433 0 0 0 0 0
1787960411.584 t 120 191750 35 -576 -1510 4767 0 0 0 0 0 0 284 1166 2433 0 0 0 0 0
1787960411.634 t 121 191806 35 -576 -1510 4767 0 0 0 0 0 0 284 1166 2433 0 0 0 0 0
1787960411.690 t 122 191862 35 -576 -1510 4767 0 0 0 0 0 0 284 1166 2433 0 0 0 0 0
1787960411.746 t 123 191918 35 -576 -1510 4767 0 0 0 0 0 0 284 1166 2433 0 0 0 0 0
1787960411.804 t 124 191974 35 -576 -1510 4767 0 0 0 0 0 0 284 1166 2433 0 0 0 0 0
1787960411.893 thdr seq now flags x y h ox oy oh vl vr i2cf cyc posl posr dutl dutr lexc wrng cycovr
1787960411.893 t 125 192030 35 -576 -1510 4767 0 0 0 0 0 0 284 1166 2433 0 0 0 0 0
1787960411.911 t 126 192082 35 -576 -1510 4767 0 0 0 0 0 0 284 1166 2433 0 0 0 0 0
1787960411.965 >>> SET stall_clear 1 #13
1787960411.966 t 127 192138 35 -576 -1510 4767 0 0 0 0 0 0 284 1166 2433 0 0 0 0 0
1787960411.979 ack 13 12 stall
1787960412.022 t 0 192194 35 -576 -1510 4767 0 0 0 0 0 0 284 1166 2433 0 0 0 0 0
1787960412.079 t 1 192250 35 -576 -1510 4767 0 0 0 0 0 0 284 1166 2433 0 0 0 0 0
1787960412.160 t 2 192306 35 -576 -1510 4767 0 0 0 0 0 0 284 1166 2433 0 0 0 0 0
1787960412.191 t 3 192362 35 -576 -1510 4767 0 0 0 0 0 0 284 1166 2433 0 0 0 0 0
1787960412.247 t 4 192418 35 -576 -1510 4767 0 0 0 0 0 0 284 1166 2433 0 0 0 0 0
1787960412.302 t 5 192474 35 -576 -1510 4767 0 0 0 0 0 0 284 1166 2433 0 0 0 0 0
1787960412.362 t 6 192530 35 -576 -1510 4767 0 0 0 0 0 0 284 1166 2433 0 0 0 0 0
1787960412.414 t 7 192586 35 -576 -1510 4767 0 0 0 0 0 0 284 1166 2433 0 0 0 0 0
1787960412.468 >>> SET stall_window 0 #14
1787960412.470 t 8 192642 35 -576 -1510 4767 0 0 0 0 0 0 284 1166 2433 0 0 0 0 0
1787960412.480 ack 14 12 stall
1787960412.529 t 9 192698 35 -576 -1510 4767 0 0 0 0 0 0 284 1166 2433 0 0 0 0 0
1787960412.582 t 10 192754 35 -576 -1510 4767 0 0 0 0 0 0 284 1166 2433 0 0 0 0 0
1787960412.638 t 11 192810 35 -576 -1510 4767 0 0 0 0 0 0 284 1166 2433 0 0 0 0 0
1787960412.693 t 12 192866 35 -576 -1510 4767 0 0 0 0 0 0 284 1166 2433 0 0 0 0 0
1787960412.750 t 13 192922 35 -576 -1510 4767 0 0 0 0 0 0 284 1166 2433 0 0 0 0 0
1787960412.807 t 14 192978 35 -576 -1510 4767 0 0 0 0 0 0 284 1166 2433 0 0 0 0 0
1787960412.862 t 15 193034 35 -576 -1510 4767 0 0 0 0 0 0 284 1166 2433 0 0 0 0 0
1787960412.918 thdr seq now flags x y h ox oy oh vl vr i2cf cyc posl posr dutl dutr lexc wrng cycovr
1787960412.926 t 16 193090 35 -576 -1510 4767 0 0 0 0 0 0 284 1166 2433 0 0 0 0 0
1787960412.973 === STEP FWD duty=5% v=43
1787960412.973 >>> WHEELS_V 43 43 2000 #15
1787960412.975 t 17 193142 35 -576 -1510 4767 0 0 0 0 0 0 284 1166 2433 0 0 0 0 0
1787960412.980 ack 15 12 stall
1787960413.038 t 18 193210 31 -576 -1510 4767 0 0 0 0 0 0 286 1166 2433 500 500 0 0 0
1787960413.111 t 19 193282 31 -576 -1509 4662 0 0 0 36 0 0 289 1194 2433 500 500 0 0 0
1787960413.184 t 20 193354 31 -575 -1508 4515 0 0 0 36 0 0 292 1233 2433 600 600 0 0 0
1787960413.254 t 21 193426 b1 -573 -1506 4327 0 0 0 56 0 0 295 1283 2433 500 500 0 0 0
1787960413.326 t 22 193498 b1 -572 -1505 4162 0 0 0 53 0 0 298 1327 2433 500 500 0 0 0
1787960413.398 t 23 193570 b1 -570 -1504 3962 0 0 0 62 0 0 301 1380 2433 500 500 0 0 0
1787960413.470 t 24 193642 b1 -569 -1502 3763 0 0 0 46 0 0 304 1433 2433 500 500 0 0 0
1787960413.542 t 25 193714 b1 -567 -1501 3556 0 0 0 53 0 0 307 1488 2433 500 500 0 0 0
1787960413.617 t 26 193786 b1 -565 -1500 3323 0 0 0 75 0 0 310 1550 2433 500 500 0 0 0
1787960413.692 t 27 193858 b1 -563 -1499 3104 0 0 0 66 0 0 313 1608 2433 500 500 0 0 0
1787960413.760 t 28 193930 b1 -561 -1497 2905 0 0 0 56 0 0 316 1661 2433 500 500 0 0 0
1787960413.831 t 29 194002 b1 -559 -1496 2664 0 0 0 82 0 0 319 1725 2433 500 500 0 0 0
1787960413.902 t 30 194074 b1 -557 -1495 2446 0 0 0 72 0 0 322 1783 2433 500 500 0 0 0
1787960413.973 t 31 194146 b1 -555 -1494 2216 0 0 0 72 0 0 325 1844 2433 500 500 0 0 0
1787960414.046 t 32 194218 b1 -552 -1493 1987 0 0 0 62 0 0 328 1905 2433 500 500 0 0 0
1787960414.119 t 33 194290 b1 -550 -1493 1757 0 0 0 62 0 0 331 1966 2433 500 500 0 0 0
1787960414.190 t 34 194362 b1 -548 -1492 1528 0 0 0 62 0 0 334 2027 2433 500 500 0 0 0
1787960414.263 thdr seq now flags x y h ox oy oh vl vr i2cf cyc posl posr dutl dutr lexc wrng cycovr
1787960414.273 t 35 194434 b1 -545 -1491 1287 0 0 0 82 0 0 337 2091 2433 500 500 0 0 0
1787960414.335 t 36 194506 b1 -543 -1491 1065 0 0 0 65 0 0 340 2150 2433 500 500 0 0 0
1787960414.412 t 37 194578 b1 -541 -1491 835 0 0 0 75 0 0 343 2211 2433 500 500 0 0 0
1787960414.478 t 38 194650 b1 -538 -1490 595 0 0 0 82 0 0 346 2275 2433 500 600 0 0 0
1787960414.555 t 39 194722 b1 -536 -1490 365 0 0 0 82 0 0 349 2336 2433 500 500 0 0 0
1787960414.637 t 40 194794 b1 -533 -1490 135 0 0 0 82 0 0 352 2397 2433 500 500 0 0 0
1787960414.693 t 41 194866 b1 -531 -1490 -83 0 0 0 72 0 0 355 2455 2433 500 500 0 0 0
1787960414.767 t 42 194938 b1 -529 -1490 -324 0 0 0 72 0 0 358 2519 2433 500 500 0 0 0
1787960414.837 t 43 195010 b1 -527 -1490 -523 0 0 0 56 0 0 361 2572 2433 500 500 0 0 0
1787960414.910 t 44 195082 b1 -524 -1490 -753 0 0 0 72 0 0 364 2633 2433 500 500 0 0 0
1787960414.983 t 45 195154 b1 -522 -1491 -960 0 0 0 53 0 0 367 2688 2433 500 600 0 0 0
1787960415.038 t 46 195210 b1 -521 -1491 -1054 0 0 0 82 0 0 368 2713 2433 500 500 0 0 0
1787960415.094 t 47 195266 b1 -521 -1491 -1054 0 0 0 82 0 0 368 2713 2433 500 500 0 0 0
1787960415.149 t 48 195322 b1 -521 -1491 -1054 0 0 0 82 0 0 368 2713 2433 500 500 0 0 0
1787960415.207 t 49 195379 b1 -521 -1491 -1054 0 0 0 82 0 0 368 2713 2433 500 500 0 0 0
1787960415.262 t 50 195434 b1 -521 -1491 -1054 0 0 0 82 0 0 368 2713 2433 500 500 0 0 0
1787960415.319 t 51 195490 b1 -521 -1491 -1054 0 0 0 82 0 0 368 2713 2433 500 500 0 0 0
1787960415.374 t 52 195546 b1 -521 -1491 -1054 0 0 0 82 0 0 368 2713 2433 500 500 0 0 0
1787960415.433 t 53 195602 b1 -521 -1491 -1054 0 0 0 82 0 0 368 2713 2433 500 500 0 0 0
1787960415.487 thdr seq now flags x y h ox oy oh vl vr i2cf cyc posl posr dutl dutr lexc wrng cycovr
1787960415.494 t 54 195658 b1 -521 -1491 -1054 0 0 0 82 0 0 368 2713 2433 500 500 0 0 0
1787960415.538 t 55 195710 b1 -521 -1491 -1054 0 0 0 82 0 0 368 2713 2433 500 500 0 0 0
1787960415.594 t 56 195766 b1 -521 -1491 -1054 0 0 0 82 0 0 368 2713 2433 500 500 0 0 0
1787960415.651 t 57 195822 b1 -521 -1491 -1054 0 0 0 82 0 0 368 2713 2433 500 500 0 0 0
1787960415.707 t 58 195878 b1 -521 -1491 -1054 0 0 0 82 0 0 368 2713 2433 500 500 0 0 0
1787960415.760 === BIAS RESET FWD 10%
1787960415.760 >>> SET stall_window 50 #16
1787960415.762 t 59 195934 b1 -521 -1491 -1054 0 0 0 82 0 0 368 2713 2433 500 500 0 0 0
1787960415.776 ack 16 15 timeout
1787960415.818 t 60 195990 b1 -521 -1491 -1054 0 0 0 82 0 0 368 2713 2433 500 500 0 0 0
1787960415.875 t 61 196046 b1 -521 -1491 -1054 0 0 0 82 0 0 368 2713 2433 500 500 0 0 0
1787960415.930 t 62 196102 b1 -521 -1491 -1054 0 0 0 82 0 0 368 2713 2433 500 500 0 0 0
1787960415.987 t 63 196159 b1 -521 -1491 -1054 0 0 0 82 0 0 368 2713 2433 500 500 0 0 0
1787960416.047 t 64 196214 b1 -521 -1491 -1054 0 0 0 82 0 0 368 2713 2433 500 500 0 0 0
1787960416.099 t 65 196270 b1 -521 -1491 -1054 0 0 0 82 0 0 368 2713 2433 500 500 0 0 0
1787960416.154 t 66 196326 b1 -521 -1491 -1054 0 0 0 82 0 0 368 2713 2433 500 500 0 0 0
1787960416.216 t 67 196382 b1 -521 -1491 -1054 0 0 0 82 0 0 368 2713 2433 500 500 0 0 0
1787960416.264 >>> WHEELS_V 40 40 300 #17
1787960416.266 t 68 196438 b1 -521 -1491 -1054 0 0 0 82 0 0 368 2713 2433 500 500 0 0 0
1787960416.277 ack 17 15 timeout
1787960416.334 t 69 196506 b1 -517 -1492 -1441 0 0 0 8 0 0 370 2816 2433 400 400 0 0 0
1787960416.407 t 70 196578 35 -516 -1492 -1599 0 0 0 46 0 0 373 2858 2433 0 0 0 0 0
1787960416.478 t 71 196650 35 -515 -1492 -1610 0 0 0 0 0 0 376 2861 2433 0 0 0 0 0
1787960416.549 t 72 196722 35 -515 -1492 -1610 0 0 0 0 0 0 379 2861 2433 0 0 0 0 0
1787960416.607 thdr seq now flags x y h ox oy oh vl vr i2cf cyc posl posr dutl dutr lexc wrng cycovr
1787960416.612 t 73 196778 35 -515 -1492 -1610 0 0 0 0 0 0 381 2861 2433 0 0 0 0 0
1787960416.660 t 74 196830 35 -515 -1492 -1610 0 0 0 0 0 0 381 2861 2433 0 0 0 0 0
1787960416.716 t 75 196886 35 -515 -1492 -1610 0 0 0 0 0 0 381 2861 2433 0 0 0 0 0
1787960416.770 t 76 196942 35 -515 -1492 -1610 0 0 0 0 0 0 381 2861 2433 0 0 0 0 0
1787960416.826 t 77 196998 35 -515 -1492 -1610 0 0 0 0 0 0 381 2861 2433 0 0 0 0 0
1787960416.882 t 78 197054 35 -515 -1492 -1610 0 0 0 0 0 0 381 2861 2433 0 0 0 0 0
1787960416.937 t 79 197110 35 -515 -1492 -1610 0 0 0 0 0 0 381 2861 2433 0 0 0 0 0
1787960416.993 t 80 197166 35 -515 -1492 -1610 0 0 0 0 0 0 381 2861 2433 0 0 0 0 0
1787960417.050 t 81 197222 35 -515 -1492 -1610 0 0 0 0 0 0 381 2861 2433 0 0 0 0 0
1787960417.107 t 82 197278 35 -515 -1492 -1610 0 0 0 0 0 0 381 2861 2433 0 0 0 0 0
1787960417.161 t 83 197334 35 -515 -1492 -1610 0 0 0 0 0 0 381 2861 2433 0 0 0 0 0
1787960417.218 t 84 197390 35 -515 -1492 -1610 0 0 0 0 0 0 381 2861 2433 0 0 0 0 0
1787960417.276 t 85 197446 35 -515 -1492 -1610 0 0 0 0 0 0 381 2861 2433 0 0 0 0 0
1787960417.335 t 86 197502 35 -515 -1492 -1610 0 0 0 0 0 0 381 2861 2433 0 0 0 0 0
1787960417.386 t 87 197558 35 -515 -1492 -1610 0 0 0 0 0 0 381 2861 2433 0 0 0 0 0
1787960417.446 t 88 197614 35 -515 -1492 -1610 0 0 0 0 0 0 381 2861 2433 0 0 0 0 0
1787960417.498 t 89 197670 35 -515 -1492 -1610 0 0 0 0 0 0 381 2861 2433 0 0 0 0 0
1787960417.551 >>> SET stall_clear 1 #18
1787960417.554 t 90 197726 35 -515 -1492 -1610 0 0 0 0 0 0 381 2861 2433 0 0 0 0 0
1787960417.564 ack 18 17 stall
1787960417.611 t 91 197782 35 -515 -1492 -1610 0 0 0 0 0 0 381 2861 2433 0 0 0 0 0
1787960417.668 thdr seq now flags x y h ox oy oh vl vr i2cf cyc posl posr dutl dutr lexc wrng cycovr
1787960417.685 t 92 197838 35 -515 -1492 -1610 0 0 0 0 0 0 381 2861 2433 0 0 0 0 0
1787960417.724 t 93 197890 35 -515 -1492 -1610 0 0 0 0 0 0 381 2861 2433 0 0 0 0 0
1787960417.778 t 94 197946 35 -515 -1492 -1610 0 0 0 0 0 0 381 2861 2433 0 0 0 0 0
1787960417.830 t 95 198002 35 -515 -1492 -1610 0 0 0 0 0 0 381 2861 2433 0 0 0 0 0
1787960417.890 t 96 198058 35 -515 -1492 -1610 0 0 0 0 0 0 381 2861 2433 0 0 0 0 0
1787960417.944 t 97 198114 35 -515 -1492 -1610 0 0 0 0 0 0 381 2861 2433 0 0 0 0 0
1787960417.998 t 98 198170 35 -515 -1492 -1610 0 0 0 0 0 0 381 2861 2433 0 0 0 0 0
1787960418.054 t 99 198226 35 -515 -1492 -1610 0 0 0 0 0 0 381 2861 2433 0 0 0 0 0
1787960418.054 >>> SET stall_window 0 #19
1787960418.066 ack 19 17 stall
1787960418.110 t 100 198282 35 -515 -1492 -1610 0 0 0 0 0 0 381 2861 2433 0 0 0 0 0
1787960418.165 t 101 198338 35 -515 -1492 -1610 0 0 0 0 0 0 381 2861 2433 0 0 0 0 0
1787960418.222 t 102 198394 35 -515 -1492 -1610 0 0 0 0 0 0 381 2861 2433 0 0 0 0 0
1787960418.278 t 103 198450 35 -515 -1492 -1610 0 0 0 0 0 0 381 2861 2433 0 0 0 0 0
1787960418.334 t 104 198506 35 -515 -1492 -1610 0 0 0 0 0 0 381 2861 2433 0 0 0 0 0
1787960418.390 t 105 198562 35 -515 -1492 -1610 0 0 0 0 0 0 381 2861 2433 0 0 0 0 0
1787960418.450 t 106 198618 35 -515 -1492 -1610 0 0 0 0 0 0 381 2861 2433 0 0 0 0 0
1787960418.503 t 107 198674 35 -515 -1492 -1610 0 0 0 0 0 0 381 2861 2433 0 0 0 0 0
1787960418.557 === STEP FWD duty=10% v=85
1787960418.557 >>> WHEELS_V 85 85 2000 #20
1787960418.559 t 108 198730 35 -515 -1492 -1610 0 0 0 0 0 0 381 2861 2433 0 0 0 0 0
1787960418.570 ack 20 17 stall
1787960418.626 t 109 198798 31 -515 -1492 -1629 0 0 0 14 0 0 383 2866 2433 1000 1000 0 0 0
1787960418.699 t 110 198870 31 -511 -1494 -1840 0 0 0 108 36 0 386 2955 2466 1000 1000 0 0 0
1787960418.771 thdr seq now flags x y h ox oy oh vl vr i2cf cyc posl posr dutl dutr lexc wrng cycovr
1787960418.779 t 111 198942 31 -505 -1496 -2009 0 0 0 102 52 0 389 3050 2516 1000 1000 0 0 0
1787960418.845 t 112 199014 31 -500 -1498 -2197 0 0 0 110 62 0 392 3150 2566 1000 1000 0 0 0
1787960418.915 t 113 199086 31 -494 -1500 -2363 0 0 0 102 72 0 395 3250 2622 1000 1000 0 0 0
1787960418.987 t 114 199158 31 -489 -1503 -2498 0 0 0 108 62 0 398 3344 2680 1000 1000 0 0 0
1787960419.064 t 115 199230 31 -483 -1505 -2657 0 0 0 108 72 0 401 3444 2738 1000 1000 0 0 0
1787960419.131 t 116 199302 31 -478 -1508 -2788 0 0 0 99 66 0 404 3538 2797 1000 1000 0 0 0
1787960419.203 t 117 199374 31 -472 -1511 -2958 0 0 0 118 56 0 407 3641 2855 1000 1000 0 0 0
1787960419.274 t 118 199446 31 -467 -1514 -3093 0 0 0 109 53 0 410 3738 2916 1000 1000 0 0 0
1787960419.346 t 119 199518 31 -461 -1517 -3221 0 0 0 108 62 0 413 3833 2977 1000 1100 0 0 0
1787960419.425 t 120 199590 31 -456 -1521 -3356 0 0 0 108 62 0 416 3933 3041 1000 1000 0 0 0
1787960419.493 t 121 199662 31 -451 -1524 -3488 0 0 0 108 66 0 419 4027 3100 1000 1000 0 0 0
1787960419.565 t 122 199734 31 -446 -1528 -3616 0 0 0 112 66 0 422 4122 3161 1000 1000 0 0 0
1787960419.635 t 123 199806 31 -441 -1532 -3740 0 0 0 92 56 0 425 4216 3222 1000 1000 0 0 0
1787960419.706 t 124 199878 31 -436 -1536 -3868 0 0 0 98 72 0 428 4316 3288 1000 1000 0 0 0
1787960419.778 t 125 199950 31 -431 -1540 -3992 0 0 0 112 75 0 431 4411 3350 900 1000 0 0 0
1787960419.853 t 126 200022 31 -427 -1544 -4109 0 0 0 108 62 0 434 4505 3413 1000 1100 0 0 0
1787960419.923 t 127 200094 31 -422 -1548 -4244 0 0 0 108 72 0 437 4605 3477 1000 1000 0 0 0
1787960419.994 t 0 200166 31 -417 -1552 -4350 0 0 0 112 62 0 440 4700 3544 1000 1000 0 0 0
1787960420.066 t 1 200238 31 -413 -1557 -4497 0 0 0 112 62 0 443 4800 3605 1000 1000 0 0 0
1787960420.143 thdr seq now flags x y h ox oy oh vl vr i2cf cyc posl posr dutl dutr lexc wrng cycovr
1787960420.146 t 2 200310 31 -408 -1561 -4621 0 0 0 128 72 0 446 4900 3672 1000 1000 0 0 0
1787960420.212 t 3 200382 31 -403 -1566 -4756 0 0 0 110 70 0 449 5000 3736 1000 1000 0 0 0
1787960420.284 t 4 200454 31 -399 -1571 -4910 0 0 0 118 76 0 452 5105 3800 1000 1000 0 0 0
1787960420.354 t 5 200526 31 -395 -1576 -5038 0 0 0 98 62 0 455 5205 3866 1000 1000 0 0 0
1787960420.426 t 6 200598 31 -390 -1581 -5204 0 0 0 128 72 0 458 5316 3933 1000 1000 0 0 0
1787960420.498 t 7 200670 31 -386 -1587 -5373 0 0 0 112 56 0 461 5422 3994 1000 1000 0 0 0
1787960420.570 t 8 200742 31 -383 -1592 -5539 0 0 0 128 82 0 464 5530 4058 1000 1000 0 0 0
1787960420.627 t 9 200798 31 -381 -1594 -5614 0 0 0 128 62 0 465 5569 4077 1000 1000 0 0 0
1787960420.686 t 10 200854 31 -381 -1594 -5614 0 0 0 128 62 0 465 5569 4077 1000 1000 0 0 0
1787960420.738 t 11 200910 31 -381 -1594 -5614 0 0 0 128 62 0 465 5569 4077 1000 1000 0 0 0
1787960420.795 t 12 200966 31 -381 -1594 -5614 0 0 0 128 62 0 465 5569 4077 1000 1000 0 0 0
1787960420.852 t 13 201022 31 -381 -1594 -5614 0 0 0 128 62 0 465 5569 4077 1000 1000 0 0 0
1787960420.907 t 14 201078 31 -381 -1594 -5614 0 0 0 128 62 0 465 5569 4077 1000 1000 0 0 0
1787960420.966 t 15 201134 31 -381 -1594 -5614 0 0 0 128 62 0 465 5569 4077 1000 1000 0 0 0
1787960421.018 t 16 201190 31 -381 -1594 -5614 0 0 0 128 62 0 465 5569 4077 1000 1000 0 0 0
1787960421.092 t 17 201246 31 -381 -1594 -5614 0 0 0 128 62 0 465 5569 4077 1000 1000 0 0 0
1787960421.134 t 18 201302 31 -381 -1594 -5614 0 0 0 128 62 0 465 5569 4077 1000 1000 0 0 0
1787960421.192 t 19 201359 31 -381 -1594 -5614 0 0 0 128 62 0 465 5569 4077 1000 1000 0 0 0
1787960421.241 t 20 201411 31 -381 -1594 -5614 0 0 0 128 62 0 465 5569 4077 1000 1000 0 0 0
1787960421.293 thdr seq now flags x y h ox oy oh vl vr i2cf cyc posl posr dutl dutr lexc wrng cycovr
1787960421.302 t 21 201463 31 -381 -1594 -5614 0 0 0 128 62 0 465 5569 4077 1000 1000 0 0 0
1787960421.344 === BIAS RESET FWD 15%
1787960421.344 >>> SET stall_window 50 #21
1787960421.346 t 22 201515 31 -381 -1594 -5614 0 0 0 128 62 0 465 5569 4077 1000 1000 0 0 0
1787960421.371 ack 21 20 timeout
1787960421.397 t 23 201567 31 -381 -1594 -5614 0 0 0 128 62 0 465 5569 4077 1000 1000 0 0 0
1787960421.450 t 24 201619 31 -381 -1594 -5614 0 0 0 128 62 0 465 5569 4077 1000 1000 0 0 0
1787960421.500 t 25 201671 31 -381 -1594 -5614 0 0 0 128 62 0 465 5569 4077 1000 1000 0 0 0
1787960421.552 t 26 201723 31 -381 -1594 -5614 0 0 0 128 62 0 465 5569 4077 1000 1000 0 0 0
1787960421.608 t 27 201775 31 -381 -1594 -5614 0 0 0 128 62 0 465 5569 4077 1000 1000 0 0 0
1787960421.657 t 28 201827 31 -381 -1594 -5614 0 0 0 128 62 0 465 5569 4077 1000 1000 0 0 0
1787960421.711 t 29 201879 31 -381 -1594 -5614 0 0 0 128 62 0 465 5569 4077 1000 1000 0 0 0
1787960421.760 t 30 201931 31 -381 -1594 -5614 0 0 0 128 62 0 465 5569 4077 1000 1000 0 0 0
1787960421.815 t 31 201983 31 -381 -1594 -5614 0 0 0 128 62 0 465 5569 4077 1000 1000 0 0 0
1787960421.858 >>> WHEELS_V 40 40 300 #22
1787960421.864 t 32 202035 31 -381 -1594 -5614 0 0 0 128 62 0 465 5569 4077 1000 1000 0 0 0
1787960421.869 ack 22 20 timeout
1787960421.926 t 33 202098 31 -373 -1608 -6073 0 0 0 25 -8 0 467 5836 4222 400 500 0 0 0
1787960421.998 t 34 202170 35 -372 -1610 -6250 0 0 0 56 0 0 470 5883 4222 0 0 0 0 0
1787960422.070 t 35 202242 35 -372 -1610 -6280 0 0 0 0 0 0 473 5891 4222 0 0 0 0 0
1787960422.142 t 36 202314 35 -372 -1610 -6280 0 0 0 0 0 0 476 5891 4222 0 0 0 0 0
1787960422.198 t 37 202370 35 -372 -1610 -6280 0 0 0 0 0 0 478 5891 4222 0 0 0 0 0
1787960422.254 t 38 202426 35 -372 -1610 -6280 0 0 0 0 0 0 478 5891 4222 0 0 0 0 0
1787960422.310 t 39 202482 35 -372 -1610 -6280 0 0 0 0 0 0 478 5891 4222 0 0 0 0 0
1787960422.366 thdr seq now flags x y h ox oy oh vl vr i2cf cyc posl posr dutl dutr lexc wrng cycovr
1787960422.377 t 40 202538 35 -372 -1610 -6280 0 0 0 0 0 0 478 5891 4222 0 0 0 0 0
1787960422.418 t 41 202590 35 -372 -1610 -6280 0 0 0 0 0 0 478 5891 4222 0 0 0 0 0
1787960422.474 t 42 202646 35 -372 -1610 -6280 0 0 0 0 0 0 478 5891 4222 0 0 0 0 0
1787960422.532 t 43 202702 35 -372 -1610 -6280 0 0 0 0 0 0 478 5891 4222 0 0 0 0 0
1787960422.586 t 44 202758 35 -372 -1610 -6280 0 0 0 0 0 0 478 5891 4222 0 0 0 0 0
1787960422.641 t 45 202814 35 -372 -1610 -6280 0 0 0 0 0 0 478 5891 4222 0 0 0 0 0
1787960422.703 t 46 202870 35 -372 -1610 -6280 0 0 0 0 0 0 478 5891 4222 0 0 0 0 0
1787960422.755 t 47 202926 35 -372 -1610 -6280 0 0 0 0 0 0 478 5891 4222 0 0 0 0 0
1787960422.811 t 48 202982 35 -372 -1610 -6280 0 0 0 0 0 0 478 5891 4222 0 0 0 0 0
1787960422.866 t 49 203038 35 -372 -1610 -6280 0 0 0 0 0 0 478 5891 4222 0 0 0 0 0
1787960422.922 t 50 203094 35 -372 -1610 -6280 0 0 0 0 0 0 478 5891 4222 0 0 0 0 0
1787960422.979 t 51 203150 35 -372 -1610 -6280 0 0 0 0 0 0 478 5891 4222 0 0 0 0 0
1787960423.034 t 52 203206 35 -372 -1610 -6280 0 0 0 0 0 0 478 5891 4222 0 0 0 0 0
1787960423.091 t 53 203262 35 -372 -1610 -6280 0 0 0 0 0 0 478 5891 4222 0 0 0 0 0
1787960423.144 >>> SET stall_clear 1 #23
1787960423.146 t 54 203318 35 -372 -1610 -6280 0 0 0 0 0 0 478 5891 4222 0 0 0 0 0
1787960423.157 ack 23 22 stall
1787960423.202 t 55 203374 35 -372 -1610 -6280 0 0 0 0 0 0 478 5891 4222 0 0 0 0 0
1787960423.258 t 56 203430 35 -372 -1610 -6280 0 0 0 0 0 0 478 5891 4222 0 0 0 0 0
1787960423.317 t 57 203486 35 -372 -1610 -6280 0 0 0 0 0 0 478 5891 4222 0 0 0 0 0
1787960423.371 t 58 203542 35 -372 -1610 -6280 0 0 0 0 0 0 478 5891 4222 0 0 0 0 0
1787960423.428 thdr seq now flags x y h ox oy oh vl vr i2cf cyc posl posr dutl dutr lexc wrng cycovr
1787960423.433 t 59 203598 35 -372 -1610 -6280 0 0 0 0 0 0 478 5891 4222 0 0 0 0 0
1787960423.478 t 60 203650 35 -372 -1610 -6280 0 0 0 0 0 0 478 5891 4222 0 0 0 0 0
1787960423.534 t 61 203706 35 -372 -1610 -6280 0 0 0 0 0 0 478 5891 4222 0 0 0 0 0
1787960423.590 t 62 203762 35 -372 -1610 -6280 0 0 0 0 0 0 478 5891 4222 0 0 0 0 0
1787960423.646 t 63 203818 35 -372 -1610 -6280 0 0 0 0 0 0 478 5891 4222 0 0 0 0 0
1787960423.646 >>> SET stall_window 0 #24
1787960423.658 ack 24 22 stall
1787960423.702 t 64 203874 35 -372 -1610 -6280 0 0 0 0 0 0 478 5891 4222 0 0 0 0 0
1787960423.759 t 65 203930 35 -372 -1610 -6280 0 0 0 0 0 0 478 5891 4222 0 0 0 0 0
1787960423.814 t 66 203986 35 -372 -1610 -6280 0 0 0 0 0 0 478 5891 4222 0 0 0 0 0
1787960423.871 t 67 204042 35 -372 -1610 -6280 0 0 0 0 0 0 478 5891 4222 0 0 0 0 0
1787960423.932 t 68 204098 35 -372 -1610 -6280 0 0 0 0 0 0 478 5891 4222 0 0 0 0 0
1787960423.983 t 69 204154 35 -372 -1610 -6280 0 0 0 0 0 0 478 5891 4222 0 0 0 0 0
1787960424.040 t 70 204210 35 -372 -1610 -6280 0 0 0 0 0 0 478 5891 4222 0 0 0 0 0
1787960424.100 t 71 204266 35 -372 -1610 -6280 0 0 0 0 0 0 478 5891 4222 0 0 0 0 0
1787960424.148 === STEP FWD duty=15% v=128
1787960424.148 >>> WHEELS_V 128 128 2000 #25
1787960424.150 t 72 204322 35 -372 -1610 -6280 0 0 0 0 0 0 478 5891 4222 0 0 0 0 0
1787960424.160 ack 25 22 stall
1787960424.219 t 73 204390 31 -371 -1610 -6303 0 0 0 31 14 0 480 5902 4227 1500 1500 0 0 0
1787960424.292 t 74 204462 31 -368 -1618 -6472 0 0 0 148 98 0 483 6033 4313 1500 1500 0 0 0
1787960424.364 t 75 204534 31 -364 -1627 -6649 0 0 0 164 108 0 486 6183 4416 1600 1600 0 0 0
1787960424.436 t 76 204606 31 -360 -1637 -6826 0 0 0 174 118 0 489 6336 4522 1500 1500 0 0 0
1787960424.510 t 77 204678 31 -356 -1646 -6995 0 0 0 174 118 0 492 6486 4627 1500 1500 0 0 0
1787960424.581 thdr seq now flags x y h ox oy oh vl vr i2cf cyc posl posr dutl dutr lexc wrng cycovr
1787960424.586 t 78 204750 31 -353 -1655 -7115 0 0 0 154 112 0 495 6627 4736 1500 1500 0 0 0
1787960424.652 t 79 204822 31 -350 -1665 -7255 0 0 0 132 124 0 498 6772 4844 1500 1500 0 0 0
1787960424.729 t 80 204894 31 -347 -1675 -7401 0 0 0 164 118 0 501 6922 4955 1500 1500 0 0 0
1787960424.796 t 81 204966 31 -344 -1684 -7526 0 0 0 164 128 0 504 7066 5066 1500 1500 0 0 0
1787960424.867 t 82 205038 31 -342 -1694 -7654 0 0 0 164 118 0 507 7211 5177 1500 1500 0 0 0
1787960424.940 t 83 205110 31 -339 -1704 -7755 0 0 0 164 118 0 510 7355 5294 1500 1500 0 0 0
1787960425.010 t 84 205182 31 -337 -1714 -7883 0 0 0 164 118 0 513 7500 5405 1500 1500 0 0 0
1787960425.084 t 85 205254 31 -335 -1724 -7973 0 0 0 144 118 0 516 7641 5522 1500 1500 0 0 0
1787960425.160 t 86 205326 31 -334 -1734 -8071 0 0 0 148 125 0 519 7783 5638 1500 1500 0 0 0
1787960425.229 t 87 205398 31 -332 -1744 -8173 0 0 0 164 128 0 522 7927 5755 1500 1500 0 0 0
1787960425.300 t 88 205470 31 -331 -1754 -8289 0 0 0 164 128 0 525 8072 5869 1500 1500 0 0 0
1787960425.372 t 89 205542 31 -330 -1764 -8380 0 0 0 154 128 0 528 8213 5986 1500 1500 0 0 0
1787960425.444 t 90 205614 31 -329 -1775 -8466 0 0 0 154 128 0 531 8355 6105 1500 1500 0 0 0
1787960425.516 t 91 205686 31 -328 -1785 -8579 0 0 0 171 128 0 534 8502 6222 1500 1500 0 0 0
1787960425.588 t 92 205758 31 -327 -1795 -8677 0 0 0 154 128 0 537 8647 6341 1500 1500 0 0 0
1787960425.660 t 93 205830 31 -326 -1806 -8812 0 0 0 174 118 0 540 8797 6455 1500 1500 0 0 0
1787960425.732 t 94 205902 31 -326 -1816 -8937 0 0 0 164 128 0 543 8947 6572 1500 1500 0 0 0
1787960425.803 t 95 205974 31 -326 -1827 -9065 0 0 0 164 135 0 546 9100 6691 1500 1500 0 0 0
1787960425.876 t 96 206046 31 -327 -1837 -9208 0 0 0 171 128 0 549 9252 6805 1500 1500 0 0 0
1787960425.949 thdr seq now flags x y h ox oy oh vl vr i2cf cyc posl posr dutl dutr lexc wrng cycovr
1787960425.954 t 97 206118 31 -327 -1848 -9324 0 0 0 164 128 0 552 9400 6922 1500 1500 0 0 0
1787960426.018 t 98 206190 31 -328 -1858 -9471 0 0 0 149 126 0 555 9550 7033 1500 1500 0 0 0
1787960426.092 t 99 206262 31 -329 -1869 -9614 0 0 0 164 121 0 558 9705 7150 1400 1500 0 0 0
1787960426.162 t 100 206334 31 -330 -1879 -9742 0 0 0 157 118 0 561 9850 7261 1500 1500 0 0 0
1787960426.221 t 101 206390 31 -331 -1883 -9806 0 0 0 190 134 0 562 9908 7302 1500 1500 0 0 0
1787960426.276 t 102 206446 31 -331 -1883 -9806 0 0 0 190 134 0 562 9908 7302 1500 1500 0 0 0
1787960426.332 t 103 206502 31 -331 -1883 -9806 0 0 0 190 134 0 562 9908 7302 1500 1500 0 0 0
1787960426.391 t 104 206559 31 -331 -1883 -9806 0 0 0 190 134 0 562 9908 7302 1500 1500 0 0 0
1787960426.443 t 105 206611 31 -331 -1883 -9806 0 0 0 190 134 0 562 9908 7302 1500 1500 0 0 0
1787960426.493 t 106 206663 31 -331 -1883 -9806 0 0 0 190 134 0 562 9908 7302 1500 1500 0 0 0
1787960426.545 t 107 206716 31 -331 -1883 -9806 0 0 0 190 134 0 562 9908 7302 1500 1500 0 0 0
1787960426.598 t 108 206767 31 -331 -1883 -9806 0 0 0 190 134 0 562 9908 7302 1500 1500 0 0 0
1787960426.649 t 109 206819 31 -331 -1883 -9806 0 0 0 190 134 0 562 9908 7302 1500 1500 0 0 0
1787960426.700 t 110 206871 31 -331 -1883 -9806 0 0 0 190 134 0 562 9908 7302 1500 1500 0 0 0
1787960426.752 t 111 206923 31 -331 -1883 -9806 0 0 0 190 134 0 562 9908 7302 1500 1500 0 0 0
1787960426.806 t 112 206975 31 -331 -1883 -9806 0 0 0 190 134 0 562 9908 7302 1500 1500 0 0 0
1787960426.859 t 113 207027 31 -331 -1883 -9806 0 0 0 190 134 0 562 9908 7302 1500 1500 0 0 0
1787960426.907 === BIAS RESET FWD 20%
1787960426.908 >>> SET stall_window 50 #26
1787960426.910 t 114 207079 31 -331 -1883 -9806 0 0 0 190 134 0 562 9908 7302 1500 1500 0 0 0
1787960426.922 ack 26 25 timeout
1787960426.963 t 115 207131 31 -331 -1883 -9806 0 0 0 190 134 0 562 9908 7302 1500 1500 0 0 0
1787960427.013 thdr seq now flags x y h ox oy oh vl vr i2cf cyc posl posr dutl dutr lexc wrng cycovr
1787960427.021 t 116 207183 31 -331 -1883 -9806 0 0 0 190 134 0 562 9908 7302 1500 1500 0 0 0
1787960427.066 t 117 207235 31 -331 -1883 -9806 0 0 0 190 134 0 562 9908 7302 1500 1500 0 0 0
1787960427.120 t 118 207287 31 -331 -1883 -9806 0 0 0 190 134 0 562 9908 7302 1500 1500 0 0 0
1787960427.168 t 119 207339 31 -331 -1883 -9806 0 0 0 190 134 0 562 9908 7302 1500 1500 0 0 0
1787960427.222 t 120 207391 31 -331 -1883 -9806 0 0 0 190 134 0 562 9908 7302 1500 1500 0 0 0
1787960427.275 t 121 207443 31 -331 -1883 -9806 0 0 0 190 134 0 562 9908 7302 1500 1500 0 0 0
1787960427.326 t 122 207495 31 -331 -1883 -9806 0 0 0 190 134 0 562 9908 7302 1500 1500 0 0 0
1787960427.377 t 123 207547 31 -331 -1883 -9806 0 0 0 190 134 0 562 9908 7302 1500 1500 0 0 0
1787960427.426 >>> WHEELS_V 40 40 300 #27
1787960427.428 t 124 207599 31 -331 -1883 -9806 0 0 0 190 134 0 562 9908 7302 1500 1500 0 0 0
1787960427.445 ack 27 25 timeout
1787960427.500 t 125 207670 31 -334 -1903 -10137 0 0 0 14 0 0 564 10216 7522 500 500 0 0 0
1787960427.570 t 126 207742 35 -334 -1904 -10272 0 0 0 36 0 0 567 10252 7522 0 0 0 0 0
1787960427.642 t 127 207814 35 -334 -1904 -10272 0 0 0 0 0 0 570 10252 7522 0 0 0 0 0
1787960427.718 t 0 207886 35 -334 -1904 -10272 0 0 0 0 0 0 573 10252 7522 0 0 0 0 0
1787960427.770 t 1 207942 35 -334 -1904 -10272 0 0 0 0 0 0 575 10252 7522 0 0 0 0 0
1787960427.826 t 2 207998 35 -334 -1904 -10272 0 0 0 0 0 0 575 10252 7522 0 0 0 0 0
1787960427.883 t 3 208054 35 -334 -1904 -10272 0 0 0 0 0 0 575 10252 7522 0 0 0 0 0
1787960427.938 t 4 208110 35 -334 -1904 -10272 0 0 0 0 0 0 575 10252 7522 0 0 0 0 0
1787960427.995 t 5 208166 35 -334 -1904 -10272 0 0 0 0 0 0 575 10252 7522 0 0 0 0 0
1787960428.050 t 6 208222 35 -334 -1904 -10272 0 0 0 0 0 0 575 10252 7522 0 0 0 0 0
1787960428.109 thdr seq now flags x y h ox oy oh vl vr i2cf cyc posl posr dutl dutr lexc wrng cycovr
1787960428.114 t 7 208278 35 -334 -1904 -10272 0 0 0 0 0 0 575 10252 7522 0 0 0 0 0
1787960428.161 t 8 208330 35 -334 -1904 -10272 0 0 0 0 0 0 575 10252 7522 0 0 0 0 0
1787960428.214 t 9 208386 35 -334 -1904 -10272 0 0 0 0 0 0 575 10252 7522 0 0 0 0 0
1787960428.271 t 10 208442 35 -334 -1904 -10272 0 0 0 0 0 0 575 10252 7522 0 0 0 0 0
1787960428.326 t 11 208498 35 -334 -1904 -10272 0 0 0 0 0 0 575 10252 7522 0 0 0 0 0
1787960428.382 t 12 208554 35 -334 -1904 -10272 0 0 0 0 0 0 575 10252 7522 0 0 0 0 0
1787960428.438 t 13 208610 35 -334 -1904 -10272 0 0 0 0 0 0 575 10252 7522 0 0 0 0 0
1787960428.494 t 14 208666 35 -334 -1904 -10272 0 0 0 0 0 0 575 10252 7522 0 0 0 0 0
1787960428.551 t 15 208722 35 -334 -1904 -10272 0 0 0 0 0 0 575 10252 7522 0 0 0 0 0
1787960428.608 t 16 208778 35 -334 -1904 -10272 0 0 0 0 0 0 575 10252 7522 0 0 0 0 0
1787960428.662 t 17 208834 35 -334 -1904 -10272 0 0 0 0 0 0 575 10252 7522 0 0 0 0 0
1787960428.716 >>> SET stall_clear 1 #28
1787960428.718 t 18 208890 35 -334 -1904 -10272 0 0 0 0 0 0 575 10252 7522 0 0 0 0 0
1787960428.729 ack 28 27 stall
1787960428.776 t 19 208946 35 -334 -1904 -10272 0 0 0 0 0 0 575 10252 7522 0 0 0 0 0
1787960428.830 t 20 209002 35 -334 -1904 -10272 0 0 0 0 0 0 575 10252 7522 0 0 0 0 0
1787960428.887 t 21 209058 35 -334 -1904 -10272 0 0 0 0 0 0 575 10252 7522 0 0 0 0 0
1787960428.942 t 22 209114 35 -334 -1904 -10272 0 0 0 0 0 0 575 10252 7522 0 0 0 0 0
1787960428.999 t 23 209170 35 -334 -1904 -10272 0 0 0 0 0 0 575 10252 7522 0 0 0 0 0
1787960429.054 t 24 209226 35 -334 -1904 -10272 0 0 0 0 0 0 575 10252 7522 0 0 0 0 0
1787960429.110 t 25 209282 35 -334 -1904 -10272 0 0 0 0 0 0 575 10252 7522 0 0 0 0 0
1787960429.167 thdr seq now flags x y h ox oy oh vl vr i2cf cyc posl posr dutl dutr lexc wrng cycovr
1787960429.173 t 26 209338 35 -334 -1904 -10272 0 0 0 0 0 0 575 10252 7522 0 0 0 0 0
1787960429.220 t 27 209390 35 -334 -1904 -10272 0 0 0 0 0 0 575 10252 7522 0 0 0 0 0
1787960429.220 >>> SET stall_window 0 #29
1787960429.230 ack 29 27 stall
1787960429.275 t 28 209446 35 -334 -1904 -10272 0 0 0 0 0 0 575 10252 7522 0 0 0 0 0
1787960429.330 t 29 209502 35 -334 -1904 -10272 0 0 0 0 0 0 575 10252 7522 0 0 0 0 0
1787960429.387 t 30 209558 35 -334 -1904 -10272 0 0 0 0 0 0 575 10252 7522 0 0 0 0 0
1787960429.442 t 31 209614 35 -334 -1904 -10272 0 0 0 0 0 0 575 10252 7522 0 0 0 0 0
1787960429.500 t 32 209670 35 -334 -1904 -10272 0 0 0 0 0 0 575 10252 7522 0 0 0 0 0
1787960429.554 t 33 209726 35 -334 -1904 -10272 0 0 0 0 0 0 575 10252 7522 0 0 0 0 0
1787960429.610 t 34 209782 35 -334 -1904 -10272 0 0 0 0 0 0 575 10252 7522 0 0 0 0 0
1787960429.666 t 35 209838 35 -334 -1904 -10272 0 0 0 0 0 0 575 10252 7522 0 0 0 0 0
1787960429.722 t 36 209894 35 -334 -1904 -10272 0 0 0 0 0 0 575 10252 7522 0 0 0 0 0
1787960429.722 === STEP FWD duty=20% v=170
1787960429.722 >>> WHEELS_V 170 170 2000 #30
1787960429.735 ack 30 27 stall
1787960429.792 t 37 209962 31 -335 -1906 -10284 0 0 0 48 39 0 577 10269 7536 2000 2000 0 0 0
1787960429.863 t 38 210034 31 -337 -1917 -10430 0 0 0 200 164 0 580 10433 7661 2000 2000 0 0 0
1787960429.937 t 39 210106 31 -341 -1929 -10600 0 0 0 200 164 0 583 10622 7805 2000 2000 0 0 0
1787960430.007 t 40 210178 31 -345 -1942 -10724 0 0 0 210 164 0 586 10811 7961 2000 2000 0 0 0
1787960430.081 t 41 210250 31 -349 -1955 -10878 0 0 0 210 164 0 589 11002 8111 2000 2000 0 0 0
1787960430.152 t 42 210322 31 -353 -1968 -11014 0 0 0 207 164 0 592 11188 8261 2000 2000 0 0 0
1787960430.223 t 43 210394 31 -358 -1980 -11123 0 0 0 194 164 0 595 11372 8416 2000 2000 0 0 0
1787960430.296 t 44 210466 31 -363 -1993 -11254 0 0 0 226 154 0 598 11563 8572 2000 2000 0 0 0
1787960430.368 thdr seq now flags x y h ox oy oh vl vr i2cf cyc posl posr dutl dutr lexc wrng cycovr
1787960430.375 t 45 210538 31 -368 -2005 -11375 0 0 0 220 154 0 601 11750 8727 2000 2000 0 0 0
1787960430.440 t 46 210610 31 -374 -2017 -11477 0 0 0 189 172 0 604 11933 8883 2000 2000 0 0 0
1787960430.512 t 47 210682 31 -380 -2030 -11571 0 0 0 200 184 0 607 12122 9047 2000 2000 0 0 0
1787960430.587 t 48 210754 31 -386 -2042 -11725 0 0 0 217 164 0 610 12316 9200 2000 2000 0 0 0
1787960430.661 t 49 210826 31 -392 -2054 -11883 0 0 0 226 164 0 613 12513 9355 2000 2000 0 0 0
1787960430.727 t 50 210898 31 -399 -2067 -12000 0 0 0 220 181 0 616 12705 9516 2000 2000 0 0 0
1787960430.800 t 51 210970 31 -406 -2078 -12146 0 0 0 210 154 0 619 12900 9672 2000 2000 0 0 0
1787960430.871 t 52 211042 31 -414 -2090 -12270 0 0 0 220 184 0 622 13094 9833 2000 2100 0 0 0
1787960430.945 t 53 211114 31 -421 -2102 -12417 0 0 0 226 164 0 625 13291 9991 2000 2000 0 0 0
1787960431.016 t 54 211186 31 -429 -2113 -12530 0 0 0 210 164 0 628 13480 10150 2000 2000 0 0 0
1787960431.089 t 55 211258 31 -437 -2124 -12681 0 0 0 220 181 0 631 13675 10305 2000 2000 0 0 0
1787960431.160 t 56 211330 31 -446 -2135 -12812 0 0 0 210 164 0 634 13866 10461 2000 2000 0 0 0
1787960431.234 t 57 211402 31 -454 -2146 -12940 0 0 0 217 164 0 637 14055 10616 2000 2000 0 0 0
1787960431.304 t 58 211474 31 -463 -2156 -13053 0 0 0 210 164 0 640 14241 10772 2000 2000 0 0 0
1787960431.376 t 59 211546 31 -472 -2167 -13181 0 0 0 210 184 0 643 14436 10933 1900 2000 0 0 0
1787960431.448 t 60 211618 31 -481 -2176 -13286 0 0 0 210 181 0 646 14619 11088 2000 2000 0 0 0
1787960431.520 t 61 211690 31 -490 -2186 -13399 0 0 0 190 164 0 649 14805 11244 2000 2000 0 0 0
1787960431.592 t 62 211762 31 -500 -2196 -13497 0 0 0 204 171 0 652 14989 11402 2000 2000 0 0 0
1787960431.666 t 63 211834 31 -509 -2205 -13640 0 0 0 210 164 0 655 15180 11555 2000 2100 0 0 0
1787960431.736 thdr seq now flags x y h ox oy oh vl vr i2cf cyc posl posr dutl dutr lexc wrng cycovr
1787960431.742 t 64 211906 31 -519 -2215 -13704 0 0 0 210 184 0 658 15364 11722 2000 2000 0 0 0
1787960431.788 t 65 211958 31 -523 -2218 -13757 0 0 0 194 155 0 659 15433 11777 2000 2000 0 0 0
1787960431.845 t 66 212014 31 -523 -2218 -13757 0 0 0 194 155 0 659 15433 11777 2000 2000 0 0 0
1787960431.901 t 67 212071 31 -523 -2218 -13757 0 0 0 194 155 0 659 15433 11777 2000 2000 0 0 0
1787960431.954 t 68 212123 31 -523 -2218 -13757 0 0 0 194 155 0 659 15433 11777 2000 2000 0 0 0
1787960432.006 t 69 212175 31 -523 -2218 -13757 0 0 0 194 155 0 659 15433 11777 2000 2000 0 0 0
1787960432.065 t 70 212227 31 -523 -2218 -13757 0 0 0 194 155 0 659 15433 11777 2000 2000 0 0 0
1787960432.112 t 71 212279 31 -523 -2218 -13757 0 0 0 194 155 0 659 15433 11777 2000 2000 0 0 0
1787960432.161 t 72 212331 31 -523 -2218 -13757 0 0 0 194 155 0 659 15433 11777 2000 2000 0 0 0
1787960432.214 t 73 212383 31 -523 -2218 -13757 0 0 0 194 155 0 659 15433 11777 2000 2000 0 0 0
1787960432.264 t 74 212435 31 -523 -2218 -13757 0 0 0 194 155 0 659 15433 11777 2000 2000 0 0 0
1787960432.318 t 75 212487 31 -523 -2218 -13757 0 0 0 194 155 0 659 15433 11777 2000 2000 0 0 0
1787960432.370 t 76 212539 31 -523 -2218 -13757 0 0 0 194 155 0 659 15433 11777 2000 2000 0 0 0
1787960432.422 t 77 212591 31 -523 -2218 -13757 0 0 0 194 155 0 659 15433 11777 2000 2000 0 0 0
1787960432.473 t 78 212643 31 -523 -2218 -13757 0 0 0 194 155 0 659 15433 11777 2000 2000 0 0 0
1787960432.522 === BIAS RESET FWD 25%
1787960432.522 >>> SET stall_window 50 #31
1787960432.525 t 79 212695 31 -523 -2218 -13757 0 0 0 194 155 0 659 15433 11777 2000 2000 0 0 0
1787960432.541 ack 31 30 timeout
1787960432.578 t 80 212747 31 -523 -2218 -13757 0 0 0 194 155 0 659 15433 11777 2000 2000 0 0 0
1787960432.636 t 81 212799 31 -523 -2218 -13757 0 0 0 194 155 0 659 15433 11777 2000 2000 0 0 0
1787960432.680 t 82 212851 31 -523 -2218 -13757 0 0 0 194 155 0 659 15433 11777 2000 2000 0 0 0
1787960432.738 thdr seq now flags x y h ox oy oh vl vr i2cf cyc posl posr dutl dutr lexc wrng cycovr
1787960432.740 t 83 212903 31 -523 -2218 -13757 0 0 0 194 155 0 659 15433 11777 2000 2000 0 0 0
1787960432.785 t 84 212955 31 -523 -2218 -13757 0 0 0 194 155 0 659 15433 11777 2000 2000 0 0 0
1787960432.844 t 85 213007 31 -523 -2218 -13757 0 0 0 194 155 0 659 15433 11777 2000 2000 0 0 0
1787960432.889 t 86 213059 31 -523 -2218 -13757 0 0 0 194 155 0 659 15433 11777 2000 2000 0 0 0
1787960432.943 t 87 213111 31 -523 -2218 -13757 0 0 0 194 155 0 659 15433 11777 2000 2000 0 0 0
1787960432.994 t 88 213163 31 -523 -2218 -13757 0 0 0 194 155 0 659 15433 11777 2000 2000 0 0 0
1787960433.043 >>> WHEELS_V 40 40 300 #32
1787960433.045 t 89 213215 31 -523 -2218 -13757 0 0 0 194 155 0 659 15433 11777 2000 2000 0 0 0
1787960433.059 ack 32 30 timeout
1787960433.114 t 90 213286 31 -544 -2236 -14122 0 0 0 8 -8 0 661 15836 12083 500 400 0 0 0
1787960433.186 t 91 213358 35 -546 -2238 -14227 0 0 0 66 16 0 664 15886 12105 0 0 0 0 0
1787960433.259 t 92 213430 35 -546 -2238 -14216 0 0 0 0 0 0 667 15883 12105 0 0 0 0 0
1787960433.330 t 93 213502 35 -546 -2238 -14216 0 0 0 0 0 0 670 15883 12105 0 0 0 0 0
1787960433.386 t 94 213558 35 -546 -2238 -14216 0 0 0 0 0 0 672 15883 12105 0 0 0 0 0
1787960433.443 t 95 213614 35 -546 -2238 -14216 0 0 0 0 0 0 672 15883 12105 0 0 0 0 0
1787960433.499 t 96 213670 35 -546 -2238 -14216 0 0 0 0 0 0 672 15883 12105 0 0 0 0 0
1787960433.558 t 97 213726 35 -546 -2238 -14216 0 0 0 0 0 0 672 15883 12105 0 0 0 0 0
1787960433.611 t 98 213782 35 -546 -2238 -14216 0 0 0 0 0 0 672 15883 12105 0 0 0 0 0
1787960433.666 t 99 213838 35 -546 -2238 -14216 0 0 0 0 0 0 672 15883 12105 0 0 0 0 0
1787960433.726 t 100 213894 35 -546 -2238 -14216 0 0 0 0 0 0 672 15883 12105 0 0 0 0 0
1787960433.778 t 101 213950 35 -546 -2238 -14216 0 0 0 0 0 0 672 15883 12105 0 0 0 0 0
1787960433.836 thdr seq now flags x y h ox oy oh vl vr i2cf cyc posl posr dutl dutr lexc wrng cycovr
1787960433.842 t 102 214006 35 -546 -2238 -14216 0 0 0 0 0 0 672 15883 12105 0 0 0 0 0
1787960433.886 t 103 214058 35 -546 -2238 -14216 0 0 0 0 0 0 672 15883 12105 0 0 0 0 0
1787960433.942 t 104 214114 35 -546 -2238 -14216 0 0 0 0 0 0 672 15883 12105 0 0 0 0 0
1787960434.003 t 105 214170 35 -546 -2238 -14216 0 0 0 0 0 0 672 15883 12105 0 0 0 0 0
1787960434.054 t 106 214226 35 -546 -2238 -14216 0 0 0 0 0 0 672 15883 12105 0 0 0 0 0
1787960434.114 t 107 214282 35 -546 -2238 -14216 0 0 0 0 0 0 672 15883 12105 0 0 0 0 0
1787960434.171 t 108 214338 35 -546 -2238 -14216 0 0 0 0 0 0 672 15883 12105 0 0 0 0 0
1787960434.223 t 109 214394 35 -546 -2238 -14216 0 0 0 0 0 0 672 15883 12105 0 0 0 0 0
1787960434.278 t 110 214450 35 -546 -2238 -14216 0 0 0 0 0 0 672 15883 12105 0 0 0 0 0
1787960434.332 >>> SET stall_clear 1 #33
1787960434.335 t 111 214506 35 -546 -2238 -14216 0 0 0 0 0 0 672 15883 12105 0 0 0 0 0
1787960434.346 ack 33 32 stall
1787960434.390 t 112 214562 35 -546 -2238 -14216 0 0 0 0 0 0 672 15883 12105 0 0 0 0 0
1787960434.449 t 113 214618 35 -546 -2238 -14216 0 0 0 0 0 0 672 15883 12105 0 0 0 0 0
1787960434.501 t 114 214674 35 -546 -2238 -14216 0 0 0 0 0 0 672 15883 12105 0 0 0 0 0
1787960434.558 t 115 214730 35 -546 -2238 -14216 0 0 0 0 0 0 672 15883 12105 0 0 0 0 0
1787960434.615 t 116 214786 35 -546 -2238 -14216 0 0 0 0 0 0 672 15883 12105 0 0 0 0 0
1787960434.670 t 117 214842 35 -546 -2238 -14216 0 0 0 0 0 0 672 15883 12105 0 0 0 0 0
1787960434.725 t 118 214898 35 -546 -2238 -14216 0 0 0 0 0 0 672 15883 12105 0 0 0 0 0
1787960434.786 t 119 214954 35 -546 -2238 -14216 0 0 0 0 0 0 672 15883 12105 0 0 0 0 0
1787960434.837 >>> SET stall_window 0 #34
1787960434.840 t 120 215010 35 -546 -2238 -14216 0 0 0 0 0 0 672 15883 12105 0 0 0 0 0
1787960434.852 ack 34 32 stall
1787960434.894 thdr seq now flags x y h ox oy oh vl vr i2cf cyc posl posr dutl dutr lexc wrng cycovr
1787960434.903 t 121 215066 35 -546 -2238 -14216 0 0 0 0 0 0 672 15883 12105 0 0 0 0 0
1787960434.945 t 122 215118 35 -546 -2238 -14216 0 0 0 0 0 0 672 15883 12105 0 0 0 0 0
1787960435.001 t 123 215174 35 -546 -2238 -14216 0 0 0 0 0 0 672 15883 12105 0 0 0 0 0
1787960435.059 t 124 215230 35 -546 -2238 -14216 0 0 0 0 0 0 672 15883 12105 0 0 0 0 0
1787960435.115 t 125 215286 35 -546 -2238 -14216 0 0 0 0 0 0 672 15883 12105 0 0 0 0 0
1787960435.171 t 126 215342 35 -546 -2238 -14216 0 0 0 0 0 0 672 15883 12105 0 0 0 0 0
1787960435.227 t 127 215398 35 -546 -2238 -14216 0 0 0 0 0 0 672 15883 12105 0 0 0 0 0
1787960435.281 t 0 215454 35 -546 -2238 -14216 0 0 0 0 0 0 672 15883 12105 0 0 0 0 0
1787960435.338 t 1 215510 35 -546 -2238 -14216 0 0 0 0 0 0 672 15883 12105 0 0 0 0 0
1787960435.338 === STEP FWD duty=25% v=213
1787960435.338 >>> WHEELS_V 213 213 2000 #35
1787960435.350 ack 35 32 stall
1787960435.407 t 2 215578 31 -548 -2239 -14235 0 0 0 62 48 0 674 15905 12122 2500 2500 0 0 0
1787960435.479 t 3 215650 31 -559 -2248 -14411 0 0 0 247 200 0 677 16116 12286 2500 2500 0 0 0
1787960435.597 t 4 215722 31 -573 -2257 -14570 0 0 0 263 227 0 680 16352 12480 2600 2500 0 0 0
1787960435.623 t 5 215794 31 -588 -2267 -14780 0 0 0 273 210 0 683 16597 12669 2500 2500 0 0 0
1787960435.696 t 6 215866 31 -602 -2276 -14927 0 0 0 266 226 0 686 16836 12869 2500 2500 0 0 0
1787960435.769 t 7 215938 31 -617 -2284 -15104 0 0 0 266 210 0 689 17075 13061 2500 2500 0 0 0
1787960435.839 t 8 216010 31 -632 -2292 -15251 0 0 0 266 220 0 692 17314 13261 2500 2500 0 0 0
1787960435.912 t 9 216082 31 -647 -2300 -15409 0 0 0 256 210 0 695 17550 13455 2500 2500 0 0 0
1787960435.984 t 10 216154 31 -663 -2307 -15555 0 0 0 266 210 0 698 17789 13655 2500 2500 0 0 0
1787960436.054 t 11 216226 31 -678 -2314 -15657 0 0 0 253 217 0 701 18016 13855 2500 2500 0 0 0
1787960436.127 thdr seq now flags x y h ox oy oh vl vr i2cf cyc posl posr dutl dutr lexc wrng cycovr
1787960436.134 t 12 216298 31 -694 -2321 -15804 0 0 0 256 210 0 704 18250 14050 2500 2500 0 0 0
1787960436.199 t 13 216370 31 -710 -2327 -15928 0 0 0 250 220 0 707 18483 14250 2500 2500 0 0 0
1787960436.274 t 14 216442 31 -726 -2333 -16075 0 0 0 253 200 0 710 18716 14444 2500 2500 0 0 0
1787960436.344 t 15 216514 31 -742 -2338 -16191 0 0 0 256 220 0 713 18950 14647 2500 2500 0 0 0
1787960436.417 t 16 216586 31 -758 -2343 -16346 0 0 0 266 204 0 716 19183 14839 2500 2500 0 0 0
1787960436.491 t 17 216658 31 -774 -2348 -16470 0 0 0 253 210 0 719 19416 15039 2500 2500 0 0 0
1787960436.562 t 18 216730 31 -791 -2352 -16616 0 0 0 273 210 0 722 19655 15239 2500 2600 0 0 0
1787960436.631 t 19 216802 31 -808 -2356 -16763 0 0 0 272 220 0 725 19894 15439 2400 2500 0 0 0
1787960436.703 t 20 216874 31 -825 -2360 -16933 0 0 0 282 220 0 728 20136 15636 2500 2500 0 0 0
1787960436.774 t 21 216946 31 -842 -2362 -17079 0 0 0 256 220 0 731 20372 15833 2500 2500 0 0 0
1787960436.847 t 22 217018 31 -859 -2365 -17196 0 0 0 246 216 0 734 20611 16041 2500 2600 0 0 0
1787960436.919 t 23 217090 31 -876 -2367 -17339 0 0 0 266 220 0 737 20847 16239 2500 2500 0 0 0
1787960436.991 t 24 217162 31 -894 -2369 -17486 0 0 0 272 220 0 740 21091 16444 2500 2500 0 0 0
1787960437.064 t 25 217234 31 -910 -2370 -17580 0 0 0 253 236 0 743 21316 16644 2500 2500 0 0 0
1787960437.140 t 26 217306 31 -927 -2371 -17708 0 0 0 246 210 0 746 21550 16844 2500 2500 0 0 0
1787960437.212 t 27 217378 31 -945 -2372 -17809 0 0 0 256 210 0 749 21783 17050 2400 2500 0 0 0
1787960437.280 t 28 217450 31 -962 -2372 -17933 0 0 0 253 220 0 752 22016 17250 2500 2500 0 0 0
1787960437.351 t 29 217522 31 -979 -2373 -18020 0 0 0 236 217 0 755 22244 17455 2500 2500 0 0 0
1787960437.406 t 30 217578 31 -985 -2372 -18080 0 0 0 272 220 0 756 22327 17522 2500 2500 0 0 0
1787960437.465 thdr seq now flags x y h ox oy oh vl vr i2cf cyc posl posr dutl dutr lexc wrng cycovr
1787960437.472 t 31 217635 31 -985 -2372 -18080 0 0 0 272 220 0 756 22327 17522 2500 2500 0 0 0
1787960437.517 t 32 217687 31 -985 -2372 -18080 0 0 0 272 220 0 756 22327 17522 2500 2500 0 0 0
1787960437.569 t 33 217739 31 -985 -2372 -18080 0 0 0 272 220 0 756 22327 17522 2500 2500 0 0 0
1787960437.621 t 34 217791 31 -985 -2372 -18080 0 0 0 272 220 0 756 22327 17522 2500 2500 0 0 0
1787960437.673 t 35 217843 31 -985 -2372 -18080 0 0 0 272 220 0 756 22327 17522 2500 2500 0 0 0
1787960437.727 t 36 217895 31 -985 -2372 -18080 0 0 0 272 220 0 756 22327 17522 2500 2500 0 0 0
1787960437.776 t 37 217947 31 -985 -2372 -18080 0 0 0 272 220 0 756 22327 17522 2500 2500 0 0 0
1787960437.829 t 38 217999 31 -985 -2372 -18080 0 0 0 272 220 0 756 22327 17522 2500 2500 0 0 0
1787960437.881 t 39 218051 31 -985 -2372 -18080 0 0 0 272 220 0 756 22327 17522 2500 2500 0 0 0
1787960437.935 t 40 218103 31 -985 -2372 -18080 0 0 0 272 220 0 756 22327 17522 2500 2500 0 0 0
1787960437.984 t 41 218155 31 -985 -2372 -18080 0 0 0 272 220 0 756 22327 17522 2500 2500 0 0 0
1787960438.038 t 42 218207 31 -985 -2372 -18080 0 0 0 272 220 0 756 22327 17522 2500 2500 0 0 0
1787960438.089 t 43 218259 31 -985 -2372 -18080 0 0 0 272 220 0 756 22327 17522 2500 2500 0 0 0
1787960438.144 === BIAS RESET FWD 30%
1787960438.144 >>> SET stall_window 50 #36
1787960438.146 t 44 218312 31 -985 -2372 -18080 0 0 0 272 220 0 756 22327 17522 2500 2500 0 0 0
1787960438.154 ack 36 35 timeout
1787960438.200 t 45 218363 31 -985 -2372 -18080 0 0 0 272 220 0 756 22327 17522 2500 2500 0 0 0
1787960438.247 t 46 218415 31 -985 -2372 -18080 0 0 0 272 220 0 756 22327 17522 2500 2500 0 0 0
1787960438.299 t 47 218467 31 -985 -2372 -18080 0 0 0 272 220 0 756 22327 17522 2500 2500 0 0 0
1787960438.350 t 48 218519 31 -985 -2372 -18080 0 0 0 272 220 0 756 22327 17522 2500 2500 0 0 0
1787960438.404 t 49 218571 31 -985 -2372 -18080 0 0 0 272 220 0 756 22327 17522 2500 2500 0 0 0
1787960438.453 thdr seq now flags x y h ox oy oh vl vr i2cf cyc posl posr dutl dutr lexc wrng cycovr
1787960438.462 t 50 218623 31 -985 -2372 -18080 0 0 0 272 220 0 756 22327 17522 2500 2500 0 0 0
1787960438.513 t 51 218675 31 -985 -2372 -18080 0 0 0 272 220 0 756 22327 17522 2500 2500 0 0 0
1787960438.583 t 52 218727 31 -985 -2372 -18080 0 0 0 272 220 0 756 22327 17522 2500 2500 0 0 0
1787960438.617 t 53 218779 31 -985 -2372 -18080 0 0 0 272 220 0 756 22327 17522 2500 2500 0 0 0
1787960438.656 >>> WHEELS_V 40 40 300 #37
1787960438.661 t 54 218831 31 -985 -2372 -18080 0 0 0 272 220 0 756 22327 17522 2500 2500 0 0 0
1787960438.677 ack 37 35 timeout
1787960438.732 t 55 218902 31 -1021 -2371 -18468 0 0 0 14 8 0 758 22844 17936 500 400 0 0 0
1787960438.802 t 56 218974 35 -1023 -2371 -18573 0 0 0 26 20 0 761 22883 17947 0 0 0 0 0
1787960438.874 t 57 219046 35 -1023 -2371 -18573 0 0 0 0 0 0 764 22883 17947 0 0 0 0 0
1787960438.948 t 58 219118 35 -1023 -2371 -18573 0 0 0 0 0 0 767 22883 17947 0 0 0 0 0
1787960439.007 t 59 219174 35 -1023 -2371 -18573 0 0 0 0 0 0 769 22883 17947 0 0 0 0 0
1787960439.058 t 60 219230 35 -1023 -2371 -18573 0 0 0 0 0 0 769 22883 17947 0 0 0 0 0
1787960439.115 t 61 219286 35 -1023 -2371 -18573 0 0 0 0 0 0 769 22883 17947 0 0 0 0 0
1787960439.171 t 62 219342 35 -1023 -2371 -18573 0 0 0 0 0 0 769 22883 17947 0 0 0 0 0
1787960439.227 t 63 219398 35 -1023 -2371 -18573 0 0 0 0 0 0 769 22883 17947 0 0 0 0 0
1787960439.283 t 64 219454 35 -1023 -2371 -18573 0 0 0 0 0 0 769 22883 17947 0 0 0 0 0
1787960439.338 t 65 219510 35 -1023 -2371 -18573 0 0 0 0 0 0 769 22883 17947 0 0 0 0 0
1787960439.394 t 66 219566 35 -1023 -2371 -18573 0 0 0 0 0 0 769 22883 17947 0 0 0 0 0
1787960439.463 t 67 219622 35 -1023 -2371 -18573 0 0 0 0 0 0 769 22883 17947 0 0 0 0 0
1787960439.506 t 68 219678 35 -1023 -2371 -18573 0 0 0 0 0 0 769 22883 17947 0 0 0 0 0
1787960439.568 thdr seq now flags x y h ox oy oh vl vr i2cf cyc posl posr dutl dutr lexc wrng cycovr
1787960439.570 t 69 219734 35 -1023 -2371 -18573 0 0 0 0 0 0 769 22883 17947 0 0 0 0 0
1787960439.654 t 70 219786 35 -1023 -2371 -18573 0 0 0 0 0 0 769 22883 17947 0 0 0 0 0
1787960439.670 t 71 219842 35 -1023 -2371 -18573 0 0 0 0 0 0 769 22883 17947 0 0 0 0 0
1787960439.726 t 72 219898 35 -1023 -2371 -18573 0 0 0 0 0 0 769 22883 17947 0 0 0 0 0
1787960439.782 t 73 219954 35 -1023 -2371 -18573 0 0 0 0 0 0 769 22883 17947 0 0 0 0 0
1787960439.839 t 74 220010 35 -1023 -2371 -18573 0 0 0 0 0 0 769 22883 17947 0 0 0 0 0
1787960439.894 t 75 220066 35 -1023 -2371 -18573 0 0 0 0 0 0 769 22883 17947 0 0 0 0 0
1787960439.948 >>> SET stall_clear 1 #38
1787960439.950 t 76 220122 35 -1023 -2371 -18573 0 0 0 0 0 0 769 22883 17947 0 0 0 0 0
1787960439.963 ack 38 37 stall
1787960440.009 t 77 220178 35 -1023 -2371 -18573 0 0 0 0 0 0 769 22883 17947 0 0 0 0 0
1787960440.062 t 78 220234 35 -1023 -2371 -18573 0 0 0 0 0 0 769 22883 17947 0 0 0 0 0
1787960440.118 t 79 220290 35 -1023 -2371 -18573 0 0 0 0 0 0 769 22883 17947 0 0 0 0 0
1787960440.174 t 80 220346 35 -1023 -2371 -18573 0 0 0 0 0 0 769 22883 17947 0 0 0 0 0
1787960440.230 t 81 220402 35 -1023 -2371 -18573 0 0 0 0 0 0 769 22883 17947 0 0 0 0 0
1787960440.286 t 82 220458 35 -1023 -2371 -18573 0 0 0 0 0 0 769 22883 17947 0 0 0 0 0
1787960440.343 t 83 220514 35 -1023 -2371 -18573 0 0 0 0 0 0 769 22883 17947 0 0 0 0 0
1787960440.398 t 84 220570 35 -1023 -2371 -18573 0 0 0 0 0 0 769 22883 17947 0 0 0 0 0
1787960440.453 >>> SET stall_window 0 #39
1787960440.456 t 85 220626 35 -1023 -2371 -18573 0 0 0 0 0 0 769 22883 17947 0 0 0 0 0
1787960440.466 ack 39 37 stall
1787960440.510 t 86 220682 35 -1023 -2371 -18573 0 0 0 0 0 0 769 22883 17947 0 0 0 0 0
1787960440.566 t 87 220738 35 -1023 -2371 -18573 0 0 0 0 0 0 769 22883 17947 0 0 0 0 0
1787960440.623 thdr seq now flags x y h ox oy oh vl vr i2cf cyc posl posr dutl dutr lexc wrng cycovr
1787960440.631 t 88 220794 35 -1023 -2371 -18573 0 0 0 0 0 0 769 22883 17947 0 0 0 0 0
1787960440.675 t 89 220846 35 -1023 -2371 -18573 0 0 0 0 0 0 769 22883 17947 0 0 0 0 0
1787960440.730 t 90 220902 35 -1023 -2371 -18573 0 0 0 0 0 0 769 22883 17947 0 0 0 0 0
1787960440.786 t 91 220958 35 -1023 -2371 -18573 0 0 0 0 0 0 769 22883 17947 0 0 0 0 0
1787960440.842 t 92 221014 35 -1023 -2371 -18573 0 0 0 0 0 0 769 22883 17947 0 0 0 0 0
1787960440.898 t 93 221070 35 -1023 -2371 -18573 0 0 0 0 0 0 769 22883 17947 0 0 0 0 0
1787960440.973 === STEP FWD duty=30% v=255
1787960440.973 >>> WHEELS_V 255 255 2000 #40
1787960440.974 t 94 221126 35 -1023 -2371 -18573 0 0 0 0 0 0 769 22883 17947 0 0 0 0 0
1787960440.992 ack 40 37 stall
1787960441.022 t 95 221194 31 -1023 -2371 -18573 0 0 0 0 0 0 770 22883 17947 2500 2500 0 0 0
1787960441.103 t 96 221266 31 -1035 -2369 -18697 0 0 0 256 230 0 773 23044 18075 3000 3000 0 0 0
1787960441.180 t 97 221338 31 -1054 -2366 -18919 0 0 0 292 256 0 776 23322 18294 3000 3000 0 0 0
1787960441.240 t 98 221410 31 -1074 -2363 -19119 0 0 0 318 253 0 779 23608 18527 3000 3000 0 0 0
1787960441.312 t 99 221482 31 -1094 -2358 -19303 0 0 0 309 256 0 782 23891 18761 3000 3000 0 0 0
1787960441.388 t 100 221554 31 -1114 -2354 -19461 0 0 0 312 266 0 785 24172 19000 3000 3000 0 0 0
1787960441.460 t 101 221626 31 -1134 -2348 -19627 0 0 0 309 276 0 788 24455 19239 3000 3000 0 0 0
1787960441.548 t 102 221698 31 -1153 -2342 -19789 0 0 0 302 272 0 791 24736 19477 3000 3000 0 0 0
1787960441.599 t 103 221770 31 -1173 -2335 -19954 0 0 0 318 253 0 794 25019 19716 3000 3000 0 0 0
1787960441.672 t 104 221842 31 -1192 -2328 -20090 0 0 0 328 256 0 797 25300 19961 3000 3000 0 0 0
1787960441.753 t 105 221914 31 -1211 -2321 -20195 0 0 0 292 256 0 800 25572 20205 3000 3000 0 0 0
1787960441.820 t 106 221986 31 -1230 -2313 -20319 0 0 0 292 266 0 803 25847 20447 3000 3000 0 0 0
1787960441.888 thdr seq now flags x y h ox oy oh vl vr i2cf cyc posl posr dutl dutr lexc wrng cycovr
1787960441.895 t 107 222058 31 -1249 -2305 -20424 0 0 0 292 273 0 806 26122 20694 3000 3000 0 0 0
1787960441.963 t 108 222130 31 -1268 -2296 -20537 0 0 0 295 290 0 809 26405 20947 2900 3000 0 0 0
1787960442.031 t 109 222202 31 -1286 -2287 -20684 0 0 0 302 266 0 812 26683 21186 3000 3000 0 0 0
1787960442.105 t 110 222274 31 -1304 -2277 -20835 0 0 0 312 253 0 815 26964 21427 3000 3000 0 0 0
1787960442.176 t 111 222346 31 -1323 -2267 -20955 0 0 0 309 256 0 818 27244 21675 3000 3000 0 0 0
1787960442.248 t 112 222418 31 -1341 -2256 -21124 0 0 0 309 262 0 821 27533 21919 3000 3000 0 0 0
1787960442.322 t 113 222490 31 -1358 -2246 -21260 0 0 0 292 256 0 824 27811 22161 3000 3000 0 0 0
1787960442.395 t 114 222562 31 -1376 -2234 -21384 0 0 0 299 276 0 827 28094 22411 3000 3000 0 0 0
1787960442.466 t 115 222634 31 -1392 -2222 -21512 0 0 0 302 272 0 830 28372 22655 3000 3000 0 0 0
1787960442.540 t 116 222706 31 -1409 -2210 -21629 0 0 0 292 263 0 833 28650 22902 3000 3000 0 0 0
1787960442.608 t 117 222778 31 -1426 -2198 -21734 0 0 0 302 262 0 836 28928 23152 3000 3000 0 0 0
1787960442.681 t 118 222850 31 -1442 -2185 -21817 0 0 0 292 289 0 839 29200 23402 2900 3000 0 0 0
1787960442.754 t 119 222922 31 -1458 -2172 -21930 0 0 0 286 292 1 842 29478 23650 2900 3000 0 0 0
1787960442.824 t 120 222994 31 -1473 -2159 -22035 0 0 0 283 273 1 845 29750 23894 3000 3000 0 0 0
1787960442.896 t 121 223066 31 -1489 -2145 -22140 0 0 0 312 256 1 848 30028 24144 3000 3000 0 0 0
1787960442.967 t 122 223138 31 -1504 -2131 -22246 0 0 0 292 262 1 851 30303 24391 3000 3000 0 0 0
1787960443.023 t 123 223194 31 -1515 -2122 -22325 0 0 0 292 266 1 853 30494 24561 3000 3000 0 0 0
1787960443.081 t 124 223250 31 -1515 -2122 -22325 0 0 0 292 266 1 853 30494 24561 3000 3000 0 0 0
1787960443.136 t 125 223306 31 -1515 -2122 -22325 0 0 0 292 266 1 853 30494 24561 3000 3000 0 0 0
1787960443.185 thdr seq now flags x y h ox oy oh vl vr i2cf cyc posl posr dutl dutr lexc wrng cycovr
1787960443.192 t 126 223355 31 -1515 -2122 -22325 0 0 0 292 266 1 853 30494 24561 3000 3000 0 0 0
1787960443.237 t 127 223407 31 -1515 -2122 -22325 0 0 0 292 266 1 853 30494 24561 3000 3000 0 0 0
1787960443.289 t 0 223459 31 -1515 -2122 -22325 0 0 0 292 266 1 853 30494 24561 3000 3000 0 0 0
1787960443.342 t 1 223511 31 -1515 -2122 -22325 0 0 0 292 266 1 853 30494 24561 3000 3000 0 0 0
1787960443.394 t 2 223563 31 -1515 -2122 -22325 0 0 0 292 266 1 853 30494 24561 3000 3000 0 0 0
1787960443.445 t 3 223615 31 -1515 -2122 -22325 0 0 0 292 266 1 853 30494 24561 3000 3000 0 0 0
1787960443.497 t 4 223667 31 -1515 -2122 -22325 0 0 0 292 266 1 853 30494 24561 3000 3000 0 0 0
1787960443.548 t 5 223719 31 -1515 -2122 -22325 0 0 0 292 266 1 853 30494 24561 3000 3000 0 0 0
1787960443.601 t 6 223771 31 -1515 -2122 -22325 0 0 0 292 266 1 853 30494 24561 3000 3000 0 0 0
1787960443.654 t 7 223823 31 -1515 -2122 -22325 0 0 0 292 266 1 853 30494 24561 3000 3000 0 0 0
1787960443.705 t 8 223875 31 -1515 -2122 -22325 0 0 0 292 266 1 853 30494 24561 3000 3000 0 0 0
1787960443.754 === BIAS RESET FWD 35%
1787960443.754 >>> SET stall_window 50 #41
1787960443.761 t 9 223927 31 -1515 -2122 -22325 0 0 0 292 266 1 853 30494 24561 3000 3000 0 0 0
1787960443.770 ack 41 40 timeout
1787960443.809 t 10 223979 31 -1515 -2122 -22325 0 0 0 292 266 1 853 30494 24561 3000 3000 0 0 0
1787960443.863 t 11 224031 31 -1515 -2122 -22325 0 0 0 292 266 1 853 30494 24561 3000 3000 0 0 0
1787960443.915 t 12 224083 31 -1515 -2122 -22325 0 0 0 292 266 1 853 30494 24561 3000 3000 0 0 0
1787960443.967 t 13 224135 31 -1515 -2122 -22325 0 0 0 292 266 1 853 30494 24561 3000 3000 0 0 0
1787960444.018 t 14 224187 31 -1515 -2122 -22325 0 0 0 292 266 1 853 30494 24561 3000 3000 0 0 0
1787960444.071 t 15 224239 31 -1515 -2122 -22325 0 0 0 292 266 1 853 30494 24561 3000 3000 0 0 0
1787960444.122 t 16 224291 31 -1515 -2122 -22325 0 0 0 292 266 1 853 30494 24561 3000 3000 0 0 0
1787960444.175 thdr seq now flags x y h ox oy oh vl vr i2cf cyc posl posr dutl dutr lexc wrng cycovr
1787960444.181 t 17 224343 31 -1515 -2122 -22325 0 0 0 292 266 1 853 30494 24561 3000 3000 0 0 0
1787960444.225 t 18 224395 31 -1515 -2122 -22325 0 0 0 292 266 1 853 30494 24561 3000 3000 0 0 0
1787960444.275 >>> WHEELS_V 40 40 300 #42
1787960444.278 t 19 224447 31 -1515 -2122 -22325 0 0 0 292 266 1 853 30494 24561 3000 3000 0 0 0
1787960444.289 ack 42 40 timeout
1787960444.350 t 20 224518 31 -1554 -2080 -22983 0 0 0 14 8 1 855 31305 25197 500 400 0 0 0
1787960444.418 t 21 224590 35 -1555 -2079 -23152 0 0 0 36 0 1 858 31350 25197 0 0 0 0 0
1787960444.490 t 22 224662 35 -1555 -2079 -23171 0 0 0 0 0 1 861 31355 25197 0 0 0 0 0
1787960444.562 t 23 224734 35 -1555 -2079 -23171 0 0 0 0 0 1 864 31355 25197 0 0 0 0 0
1787960444.684 t 24 224790 35 -1555 -2079 -23171 0 0 0 0 0 1 866 31355 25197 0 0 0 0 0
1787960444.684 t 25 224846 35 -1555 -2079 -23171 0 0 0 0 0 1 866 31355 25197 0 0 0 0 0
1787960444.730 t 26 224902 35 -1555 -2079 -23171 0 0 0 0 0 1 866 31355 25197 0 0 0 0 0
1787960444.787 t 27 224958 35 -1555 -2079 -23171 0 0 0 0 0 1 866 31355 25197 0 0 0 0 0
1787960444.842 t 28 225014 35 -1555 -2079 -23171 0 0 0 0 0 1 866 31355 25197 0 0 0 0 0
1787960444.899 t 29 225070 35 -1555 -2079 -23171 0 0 0 0 0 1 866 31355 25197 0 0 0 0 0
1787960444.955 t 30 225126 35 -1555 -2079 -23171 0 0 0 0 0 1 866 31355 25197 0 0 0 0 0
1787960445.026 t 31 225182 35 -1555 -2079 -23171 0 0 0 0 0 1 866 31355 25197 0 0 0 0 0
1787960445.066 t 32 225238 35 -1555 -2079 -23171 0 0 0 0 0 1 866 31355 25197 0 0 0 0 0
1787960445.126 t 33 225294 35 -1555 -2079 -23171 0 0 0 0 0 1 866 31355 25197 0 0 0 0 0
1787960445.179 t 34 225350 35 -1555 -2079 -23171 0 0 0 0 0 1 866 31355 25197 0 0 0 0 0
1787960445.234 t 35 225406 35 -1555 -2079 -23171 0 0 0 0 0 1 866 31355 25197 0 0 0 0 0
1787960445.292 thdr seq now flags x y h ox oy oh vl vr i2cf cyc posl posr dutl dutr lexc wrng cycovr
1787960445.298 t 36 225462 35 -1555 -2079 -23171 0 0 0 0 0 1 866 31355 25197 0 0 0 0 0
1787960445.342 t 37 225514 35 -1555 -2079 -23171 0 0 0 0 0 1 866 31355 25197 0 0 0 0 0
1787960445.402 t 38 225570 35 -1555 -2079 -23171 0 0 0 0 0 1 866 31355 25197 0 0 0 0 0
1787960445.460 t 39 225626 35 -1555 -2079 -23171 0 0 0 0 0 1 866 31355 25197 0 0 0 0 0
1787960445.518 t 40 225682 35 -1555 -2079 -23171 0 0 0 0 0 1 866 31355 25197 0 0 0 0 0
1787960445.518 >>> SET stall_clear 1 #43
1787960445.548 ack 43 42 stall
1787960445.566 t 41 225738 35 -1555 -2079 -23171 0 0 0 0 0 1 866 31355 25197 0 0 0 0 0
1787960445.622 t 42 225794 35 -1555 -2079 -23171 0 0 0 0 0 1 866 31355 25197 0 0 0 0 0
1787960445.678 t 43 225850 35 -1555 -2079 -23171 0 0 0 0 0 1 866 31355 25197 0 0 0 0 0
1787960445.734 t 44 225906 35 -1555 -2079 -23171 0 0 0 0 0 1 866 31355 25197 0 0 0 0 0
1787960445.791 t 45 225962 35 -1555 -2079 -23171 0 0 0 0 0 1 866 31355 25197 0 0 0 0 0
1787960445.849 t 46 226018 35 -1555 -2079 -23171 0 0 0 0 0 1 866 31355 25197 0 0 0 0 0
1787960445.903 t 47 226074 35 -1555 -2079 -23171 0 0 0 0 0 1 866 31355 25197 0 0 0 0 0
1787960445.958 t 48 226130 35 -1555 -2079 -23171 0 0 0 0 0 1 866 31355 25197 0 0 0 0 0
1787960446.016 t 49 226186 35 -1555 -2079 -23171 0 0 0 0 0 1 866 31355 25197 0 0 0 0 0
1787960446.068 >>> SET stall_window 0 #44
1787960446.070 t 50 226242 35 -1555 -2079 -23171 0 0 0 0 0 1 866 31355 25197 0 0 0 0 0
1787960446.085 ack 44 42 stall
1787960446.126 t 51 226298 35 -1555 -2079 -23171 0 0 0 0 0 1 866 31355 25197 0 0 0 0 0
1787960446.184 t 52 226354 35 -1555 -2079 -23171 0 0 0 0 0 1 866 31355 25197 0 0 0 0 0
1787960446.238 t 53 226410 35 -1555 -2079 -23171 0 0 0 0 0 1 866 31355 25197 0 0 0 0 0
1787960446.294 t 54 226466 35 -1555 -2079 -23171 0 0 0 0 0 1 866 31355 25197 0 0 0 0 0
1787960446.356 thdr seq now flags x y h ox oy oh vl vr i2cf cyc posl posr dutl dutr lexc wrng cycovr
1787960446.357 t 55 226522 35 -1555 -2079 -23171 0 0 0 0 0 1 866 31355 25197 0 0 0 0 0
1787960446.403 t 56 226574 35 -1555 -2079 -23171 0 0 0 0 0 1 866 31355 25197 0 0 0 0 0
1787960446.460 t 57 226630 35 -1555 -2079 -23171 0 0 0 0 0 1 866 31355 25197 0 0 0 0 0
1787960446.514 t 58 226686 35 -1555 -2079 -23171 0 0 0 0 0 1 866 31355 25197 0 0 0 0 0
1787960446.568 === STEP FWD duty=35% v=298
1787960446.568 >>> WHEELS_V 298 298 2000 #45
1787960446.573 t 59 226742 35 -1555 -2079 -23171 0 0 0 0 0 1 866 31355 25197 0 0 0 0 0
1787960446.581 ack 45 42 stall
1787960446.640 t 60 226810 31 -1556 -2078 -23205 0 0 0 65 39 1 868 31378 25211 3500 3500 0 0 0
1787960446.710 t 61 226882 31 -1567 -2063 -23382 0 0 0 318 282 1 871 31633 25419 3500 3500 0 0 0
1787960446.834 t 62 226954 31 -1581 -2044 -23536 0 0 0 345 312 1 874 31955 25700 3500 3500 0 0 0
1787960446.857 t 63 227026 31 -1594 -2024 -23706 0 0 0 354 309 1 877 32280 25980 3500 3500 0 0 0
1787960446.928 t 64 227098 31 -1607 -2003 -23852 0 0 0 335 318 1 880 32605 26266 3500 3500 0 0 0
1787960447.007 t 65 227170 31 -1619 -1983 -23980 0 0 0 348 338 1 883 32928 26555 3500 3500 0 0 0
1787960447.074 t 66 227242 31 -1631 -1962 -24082 0 0 0 345 329 1 886 33244 26844 3500 3500 0 0 0
1787960447.143 t 67 227314 31 -1642 -1941 -24217 0 0 0 355 318 1 889 33569 27133 3500 3500 0 0 0
1787960447.216 t 68 227386 31 -1653 -1919 -24334 0 0 0 364 328 1 892 33894 27427 3500 3500 0 0 0
1787960447.288 t 69 227458 31 -1664 -1897 -24492 0 0 0 374 328 1 895 34225 27716 3400 3500 0 0 0
1787960447.360 t 70 227530 31 -1674 -1875 -24605 0 0 0 347 328 1 898 34550 28011 3500 3500 0 0 0
1787960447.430 t 71 227602 31 -1684 -1852 -24752 0 0 0 368 318 1 901 34878 28300 3500 3500 0 0 0
1787960447.503 t 72 227674 31 -1693 -1830 -24895 0 0 0 345 328 1 904 35205 28589 3500 3500 0 0 0
1787960447.576 t 73 227746 31 -1701 -1807 -25023 0 0 0 364 328 1 907 35533 28883 3500 3500 0 0 0
1787960447.647 thdr seq now flags x y h ox oy oh vl vr i2cf cyc posl posr dutl dutr lexc wrng cycovr
1787960447.654 t 74 227818 31 -1709 -1784 -25158 0 0 0 355 328 1 910 35858 29172 3500 3500 0 0 0
1787960447.731 t 75 227890 31 -1716 -1761 -25293 0 0 0 352 304 1 913 36183 29461 3500 3500 0 0 0
1787960447.791 t 76 227962 31 -1723 -1738 -25399 0 0 0 338 329 1 916 36500 29750 3500 3500 0 0 0
1787960447.863 t 77 228034 31 -1729 -1715 -25515 0 0 0 355 335 1 919 36822 30041 3500 3500 0 0 0
1787960447.935 t 78 228106 31 -1735 -1691 -25617 0 0 0 365 318 1 922 37144 30336 3500 3500 0 0 0
1787960448.007 t 79 228178 31 -1741 -1668 -25730 0 0 0 365 322 1 925 37466 30628 3500 3500 0 0 0
1787960448.080 t 80 228250 31 -1746 -1644 -25858 0 0 0 355 298 1 928 37791 30919 3500 3500 0 0 0
1787960448.151 t 81 228322 31 -1751 -1620 -25941 0 0 0 364 348 1 931 38116 31222 3400 3500 0 0 0
1787960448.224 t 82 228394 31 -1755 -1596 -26087 0 0 0 355 328 1 934 38444 31511 3500 3500 0 0 0
1787960448.294 t 83 228466 31 -1758 -1571 -26193 0 0 0 348 328 1 937 38772 31811 3500 3500 0 0 0
1787960448.371 t 84 228538 31 -1761 -1547 -26328 0 0 0 348 318 1 940 39097 32100 3400 3500 0 0 0
1787960448.446 t 85 228610 31 -1764 -1523 -26422 0 0 0 335 338 1 943 39416 32394 3500 3500 0 0 0
1787960448.512 t 86 228682 31 -1766 -1499 -26569 0 0 0 355 318 1 946 39747 32686 3500 3500 0 0 0
1787960448.584 t 87 228754 31 -1768 -1475 -26674 0 0 0 348 302 1 949 40061 32972 3500 3400 0 0 0
1787960448.642 t 88 228810 31 -1768 -1466 -26746 0 0 0 390 328 1 950 40180 33072 3500 3500 0 0 0
1787960448.697 t 89 228867 31 -1768 -1466 -26746 0 0 0 390 328 1 950 40180 33072 3500 3500 0 0 0
1787960448.748 t 90 228919 31 -1768 -1466 -26746 0 0 0 390 328 1 950 40180 33072 3500 3500 0 0 0
1787960448.801 t 91 228971 31 -1768 -1466 -26746 0 0 0 390 328 1 950 40180 33072 3500 3500 0 0 0
1787960448.853 t 92 229023 31 -1768 -1466 -26746 0 0 0 390 328 1 950 40180 33072 3500 3500 0 0 0
1787960448.905 thdr seq now flags x y h ox oy oh vl vr i2cf cyc posl posr dutl dutr lexc wrng cycovr
1787960448.916 t 93 229075 31 -1768 -1466 -26746 0 0 0 390 328 1 950 40180 33072 3500 3500 0 0 0
1787960448.957 t 94 229127 31 -1768 -1466 -26746 0 0 0 390 328 1 950 40180 33072 3500 3500 0 0 0
1787960449.010 t 95 229179 31 -1768 -1466 -26746 0 0 0 390 328 1 950 40180 33072 3500 3500 0 0 0
1787960449.061 t 96 229231 31 -1768 -1466 -26746 0 0 0 390 328 1 950 40180 33072 3500 3500 0 0 0
1787960449.113 t 97 229283 31 -1768 -1466 -26746 0 0 0 390 328 1 950 40180 33072 3500 3500 0 0 0
1787960449.165 t 98 229335 31 -1768 -1466 -26746 0 0 0 390 328 1 950 40180 33072 3500 3500 0 0 0
1787960449.217 t 99 229387 31 -1768 -1466 -26746 0 0 0 390 328 1 950 40180 33072 3500 3500 0 0 0
1787960449.269 t 100 229439 31 -1768 -1466 -26746 0 0 0 390 328 1 950 40180 33072 3500 3500 0 0 0
1787960449.327 t 101 229491 31 -1768 -1466 -26746 0 0 0 390 328 1 950 40180 33072 3500 3500 0 0 0
1787960449.327 === BIAS RESET FWD 40%
1787960449.327 >>> SET stall_window 50 #46
1787960449.340 ack 46 45 timeout
1787960449.372 t 102 229543 31 -1768 -1466 -26746 0 0 0 390 328 1 950 40180 33072 3500 3500 0 0 0
1787960449.428 t 103 229595 31 -1768 -1466 -26746 0 0 0 390 328 1 950 40180 33072 3500 3500 0 0 0
1787960449.477 t 104 229647 31 -1768 -1466 -26746 0 0 0 390 328 1 950 40180 33072 3500 3500 0 0 0
1787960449.532 t 105 229699 31 -1768 -1466 -26746 0 0 0 390 328 1 950 40180 33072 3500 3500 0 0 0
1787960449.583 t 106 229751 31 -1768 -1466 -26746 0 0 0 390 328 1 950 40180 33072 3500 3500 0 0 0
1787960449.634 t 107 229803 31 -1768 -1466 -26746 0 0 0 390 328 1 950 40180 33072 3500 3500 0 0 0
1787960449.686 t 108 229855 31 -1768 -1466 -26746 0 0 0 390 328 1 950 40180 33072 3500 3500 0 0 0
1787960449.737 t 109 229907 31 -1768 -1466 -26746 0 0 0 390 328 1 950 40180 33072 3500 3500 0 0 0
1787960449.789 t 110 229959 31 -1768 -1466 -26746 0 0 0 390 328 1 950 40180 33072 3500 3500 0 0 0
1787960449.843 >>> WHEELS_V 40 40 300 #47
1787960449.845 t 111 230012 31 -1768 -1466 -26746 0 0 0 390 328 1 950 40180 33072 3500 3500 0 0 0
1787960449.853 ack 47 45 timeout
1787960449.911 thdr seq now flags x y h ox oy oh vl vr i2cf cyc posl posr dutl dutr lexc wrng cycovr
1787960449.918 t 112 230082 31 -1769 -1408 -27111 0 0 0 14 0 1 952 40966 33761 500 400 0 0 0
1787960449.982 t 113 230154 35 -1769 -1406 -27216 0 0 0 48 17 1 955 41011 33778 0 0 0 0 0
1787960450.054 t 114 230226 35 -1769 -1406 -27216 0 0 0 0 0 1 958 41011 33778 0 0 0 0 0
1787960450.126 t 115 230298 35 -1769 -1406 -27216 0 0 0 0 0 1 961 41011 33778 0 0 0 0 0
1787960450.184 t 116 230354 35 -1769 -1406 -27216 0 0 0 0 0 1 963 41011 33778 0 0 0 0 0
1787960450.238 t 117 230410 35 -1769 -1406 -27216 0 0 0 0 0 1 963 41011 33778 0 0 0 0 0
1787960450.294 t 118 230466 35 -1769 -1406 -27216 0 0 0 0 0 1 963 41011 33778 0 0 0 0 0
1787960450.351 t 119 230522 35 -1769 -1406 -27216 0 0 0 0 0 1 963 41011 33778 0 0 0 0 0
1787960450.406 t 120 230578 35 -1769 -1406 -27216 0 0 0 0 0 1 963 41011 33778 0 0 0 0 0
1787960450.462 t 121 230634 35 -1769 -1406 -27216 0 0 0 0 0 1 963 41011 33778 0 0 0 0 0
1787960450.519 t 122 230690 35 -1769 -1406 -27216 0 0 0 0 0 1 963 41011 33778 0 0 0 0 0
1787960450.574 t 123 230746 35 -1769 -1406 -27216 0 0 0 0 0 1 963 41011 33778 0 0 0 0 0
1787960450.630 t 124 230802 35 -1769 -1406 -27216 0 0 0 0 0 1 963 41011 33778 0 0 0 0 0
1787960450.687 t 125 230858 35 -1769 -1406 -27216 0 0 0 0 0 1 963 41011 33778 0 0 0 0 0
1787960450.742 t 126 230914 35 -1769 -1406 -27216 0 0 0 0 0 1 963 41011 33778 0 0 0 0 0
1787960450.798 t 127 230970 35 -1769 -1406 -27216 0 0 0 0 0 1 963 41011 33778 0 0 0 0 0
1787960450.854 t 0 231026 35 -1769 -1406 -27216 0 0 0 0 0 1 963 41011 33778 0 0 0 0 0
1787960450.910 t 1 231082 35 -1769 -1406 -27216 0 0 0 0 0 1 963 41011 33778 0 0 0 0 0
1787960450.966 t 2 231138 35 -1769 -1406 -27216 0 0 0 0 0 1 963 41011 33778 0 0 0 0 0
1787960451.023 thdr seq now flags x y h ox oy oh vl vr i2cf cyc posl posr dutl dutr lexc wrng cycovr
1787960451.031 t 3 231194 35 -1769 -1406 -27216 0 0 0 0 0 1 963 41011 33778 0 0 0 0 0
1787960451.077 t 4 231246 35 -1769 -1406 -27216 0 0 0 0 0 1 963 41011 33778 0 0 0 0 0
1787960451.124 >>> SET stall_clear 1 #48
1787960451.130 t 5 231302 35 -1769 -1406 -27216 0 0 0 0 0 1 963 41011 33778 0 0 0 0 0
1787960451.136 ack 48 47 stall
1787960451.185 t 6 231358 35 -1769 -1406 -27216 0 0 0 0 0 1 963 41011 33778 0 0 0 0 0
1787960451.242 t 7 231414 35 -1769 -1406 -27216 0 0 0 0 0 1 963 41011 33778 0 0 0 0 0
1787960451.304 t 8 231470 35 -1769 -1406 -27216 0 0 0 0 0 1 963 41011 33778 0 0 0 0 0
1787960451.354 t 9 231526 35 -1769 -1406 -27216 0 0 0 0 0 1 963 41011 33778 0 0 0 0 0
1787960451.418 t 10 231582 35 -1769 -1406 -27216 0 0 0 0 0 1 963 41011 33778 0 0 0 0 0
1787960451.467 t 11 231638 35 -1769 -1406 -27216 0 0 0 0 0 1 963 41011 33778 0 0 0 0 0
1787960451.522 t 12 231694 35 -1769 -1406 -27216 0 0 0 0 0 1 963 41011 33778 0 0 0 0 0
1787960451.581 t 13 231750 35 -1769 -1406 -27216 0 0 0 0 0 1 963 41011 33778 0 0 0 0 0
1787960451.631 >>> SET stall_window 0 #49
1787960451.634 t 14 231806 35 -1769 -1406 -27216 0 0 0 0 0 1 963 41011 33778 0 0 0 0 0
1787960451.648 ack 49 47 stall
1787960451.689 t 15 231862 35 -1769 -1406 -27216 0 0 0 0 0 1 963 41011 33778 0 0 0 0 0
1787960451.749 t 16 231918 35 -1769 -1406 -27216 0 0 0 0 0 1 963 41011 33778 0 0 0 0 0
1787960451.802 t 17 231974 35 -1769 -1406 -27216 0 0 0 0 0 1 963 41011 33778 0 0 0 0 0
1787960451.858 t 18 232030 35 -1769 -1406 -27216 0 0 0 0 0 1 963 41011 33778 0 0 0 0 0
1787960451.916 t 19 232086 35 -1769 -1406 -27216 0 0 0 0 0 1 963 41011 33778 0 0 0 0 0
1787960451.970 t 20 232142 35 -1769 -1406 -27216 0 0 0 0 0 1 963 41011 33778 0 0 0 0 0
1787960452.027 t 21 232198 35 -1769 -1406 -27216 0 0 0 0 0 1 963 41011 33778 0 0 0 0 0
1787960452.096 thdr seq now flags x y h ox oy oh vl vr i2cf cyc posl posr dutl dutr lexc wrng cycovr
1787960452.096 t 22 232254 35 -1769 -1406 -27216 0 0 0 0 0 1 963 41011 33778 0 0 0 0 0
1787960452.132 === STEP FWD duty=40% v=340
1787960452.132 >>> WHEELS_V 340 340 2000 #50
1787960452.138 t 23 232306 35 -1769 -1406 -27216 0 0 0 0 0 1 963 41011 33778 0 0 0 0 0
1787960452.144 ack 50 47 stall
1787960452.202 t 24 232374 31 -1769 -1404 -27239 0 0 0 62 45 1 965 41033 33794 4000 4000 0 0 0
1787960452.275 t 25 232446 31 -1768 -1384 -27427 0 0 0 384 322 1 968 41317 34028 4000 4000 0 0 0
1787960452.348 t 26 232518 31 -1765 -1357 -27604 0 0 0 401 354 1 971 41683 34347 4000 4000 0 0 0
1787960452.419 t 27 232590 31 -1762 -1330 -27803 0 0 0 400 345 1 974 42055 34666 4000 4000 0 0 0
1787960452.491 t 28 232662 31 -1757 -1303 -27969 0 0 0 420 365 1 977 42433 35000 4000 4000 0 0 0
1787960452.564 t 29 232734 31 -1752 -1276 -28116 0 0 0 400 368 1 980 42800 35328 4000 4000 0 0 0
1787960452.639 t 30 232806 31 -1747 -1249 -28285 0 0 0 404 348 1 983 43167 35650 4000 4000 0 0 0
1787960452.706 t 31 232878 31 -1740 -1223 -28428 0 0 0 400 367 1 986 43533 35978 4000 4000 0 0 0
1787960452.778 t 32 232950 31 -1733 -1196 -28597 0 0 0 391 364 1 989 43905 36305 4000 4000 0 0 0
1787960452.853 t 33 233022 31 -1725 -1170 -28751 0 0 0 391 348 1 992 44269 36628 4000 4000 0 0 0
1787960452.924 t 34 233094 31 -1716 -1144 -28921 0 0 0 410 348 1 995 44639 36953 4000 4000 0 0 0
1787960453.031 t 35 233166 31 -1707 -1118 -29068 0 0 0 391 345 1 998 45005 37280 4000 4000 0 0 0
1787960453.067 t 36 233238 31 -1697 -1092 -29226 0 0 0 400 364 1 1001 45383 37616 4000 4000 0 0 0
1787960453.144 t 37 233310 31 -1686 -1067 -29357 0 0 0 410 394 1 1004 45755 37953 3900 4000 0 0 0
1787960453.211 t 38 233382 31 -1674 -1042 -29515 0 0 0 401 368 1 1007 46122 38278 4000 4000 0 0 0
1787960453.286 t 39 233454 31 -1662 -1017 -29696 0 0 0 440 374 1 1010 46503 38611 3900 4000 0 0 0
1787960453.357 t 40 233526 31 -1649 -992 -29790 0 0 0 390 355 1 1013 46861 38944 4000 4000 0 0 0
1787960453.428 thdr seq now flags x y h ox oy oh vl vr i2cf cyc posl posr dutl dutr lexc wrng cycovr
1787960453.434 t 41 233598 31 -1636 -968 -29907 0 0 0 404 374 1 1016 47228 39280 4000 4000 0 0 0
1787960453.500 t 42 233670 31 -1623 -944 -30042 0 0 0 385 383 1 1019 47592 39608 3900 4000 0 0 0
1787960453.573 t 43 233742 31 -1608 -921 -30226 0 0 0 401 348 1 1022 47961 39928 4000 4000 0 0 0
1787960453.647 t 44 233814 31 -1593 -898 -30354 0 0 0 404 338 1 1025 48328 40261 4000 4000 0 0 0
1787960453.716 t 45 233886 31 -1578 -875 -30479 0 0 0 391 345 1 1028 48694 40594 4000 4000 0 0 0
1787960453.788 t 46 233958 31 -1562 -853 -30633 0 0 0 411 358 1 1031 49069 40928 4000 4000 0 0 0
1787960453.864 t 47 234030 31 -1545 -831 -30783 0 0 0 410 364 1 1034 49442 41261 4000 4000 0 0 0
1787960453.935 t 48 234102 31 -1528 -809 -30908 0 0 0 400 364 1 1037 49811 41597 4000 4000 0 0 0
1787960454.003 t 49 234174 31 -1510 -787 -31043 0 0 0 420 364 1 1040 50183 41933 4000 4000 0 0 0
1787960454.075 t 50 234246 31 -1492 -767 -31156 0 0 0 410 358 1 1043 50547 42267 4000 4000 0 0 0
1787960454.148 t 51 234318 31 -1473 -747 -31273 0 0 0 391 354 1 1046 50908 42597 4000 4000 0 0 0
1787960454.207 t 52 234374 31 -1467 -739 -31314 0 0 0 429 394 1 1047 51039 42717 3900 4000 0 0 0
1787960454.261 t 53 234431 31 -1467 -739 -31314 0 0 0 429 394 1 1047 51039 42717 3900 4000 0 0 0
1787960454.314 t 54 234483 31 -1467 -739 -31314 0 0 0 429 394 1 1047 51039 42717 3900 4000 0 0 0
1787960454.364 t 55 234535 31 -1467 -739 -31314 0 0 0 429 394 1 1047 51039 42717 3900 4000 0 0 0
1787960454.418 t 56 234587 31 -1467 -739 -31314 0 0 0 429 394 1 1047 51039 42717 3900 4000 0 0 0
1787960454.468 t 57 234639 31 -1467 -739 -31314 0 0 0 429 394 1 1047 51039 42717 3900 4000 0 0 0
1787960454.521 t 58 234691 31 -1467 -739 -31314 0 0 0 429 394 1 1047 51039 42717 3900 4000 0 0 0
1787960454.577 t 59 234743 31 -1467 -739 -31314 0 0 0 429 394 1 1047 51039 42717 3900 4000 0 0 0
1787960454.625 thdr seq now flags x y h ox oy oh vl vr i2cf cyc posl posr dutl dutr lexc wrng cycovr
1787960454.632 t 60 234795 31 -1467 -739 -31314 0 0 0 429 394 1 1047 51039 42717 3900 4000 0 0 0
1787960454.677 t 61 234847 31 -1467 -739 -31314 0 0 0 429 394 1 1047 51039 42717 3900 4000 0 0 0
1787960454.730 t 62 234899 31 -1467 -739 -31314 0 0 0 429 394 1 1047 51039 42717 3900 4000 0 0 0
1787960454.782 t 63 234951 31 -1467 -739 -31314 0 0 0 429 394 1 1047 51039 42717 3900 4000 0 0 0
1787960454.832 t 64 235003 31 -1467 -739 -31314 0 0 0 429 394 1 1047 51039 42717 3900 4000 0 0 0
1787960454.888 t 65 235055 31 -1467 -739 -31314 0 0 0 429 394 1 1047 51039 42717 3900 4000 0 0 0
1787960454.888 === BIAS RESET FWD 50%
1787960454.888 >>> SET stall_window 50 #51
1787960454.907 ack 51 50 timeout
1787960454.938 t 66 235107 31 -1467 -739 -31314 0 0 0 429 394 1 1047 51039 42717 3900 4000 0 0 0
1787960454.994 t 67 235159 31 -1467 -739 -31314 0 0 0 429 394 1 1047 51039 42717 3900 4000 0 0 0
1787960455.042 t 68 235211 31 -1467 -739 -31314 0 0 0 429 394 1 1047 51039 42717 3900 4000 0 0 0
1787960455.100 t 69 235263 31 -1467 -739 -31314 0 0 0 429 394 1 1047 51039 42717 3900 4000 0 0 0
1787960455.145 t 70 235315 31 -1467 -739 -31314 0 0 0 429 394 1 1047 51039 42717 3900 4000 0 0 0
1787960455.199 t 71 235367 31 -1467 -739 -31314 0 0 0 429 394 1 1047 51039 42717 3900 4000 0 0 0
1787960455.249 t 72 235419 31 -1467 -739 -31314 0 0 0 429 394 1 1047 51039 42717 3900 4000 0 0 0
1787960455.302 t 73 235471 31 -1467 -739 -31314 0 0 0 429 394 1 1047 51039 42717 3900 4000 0 0 0
1787960455.353 t 74 235523 31 -1467 -739 -31314 0 0 0 429 394 1 1047 51039 42717 3900 4000 0 0 0
1787960455.401 >>> WHEELS_V 40 40 300 #52
1787960455.406 t 75 235575 31 -1467 -739 -31314 0 0 0 429 394 1 1047 51039 42717 3900 4000 0 0 0
1787960455.420 ack 52 50 timeout
1787960455.474 t 76 235646 31 -1418 -691 -31788 0 0 0 17 6 1 1049 51967 43519 500 400 0 0 0
1787960455.547 t 77 235718 35 -1416 -690 -31942 0 0 0 56 0 1 1052 52017 43528 0 0 0 0 0
1787960455.618 t 78 235790 35 -1416 -690 -31942 0 0 0 0 0 1 1055 52017 43528 0 0 0 0 0
1787960455.691 thdr seq now flags x y h ox oy oh vl vr i2cf cyc posl posr dutl dutr lexc wrng cycovr
1787960455.698 t 79 235862 35 -1416 -690 -31942 0 0 0 0 0 1 1058 52017 43528 0 0 0 0 0
1787960455.746 t 80 235918 35 -1416 -690 -31942 0 0 0 0 0 1 1060 52017 43528 0 0 0 0 0
1787960455.802 t 81 235974 35 -1416 -690 -31942 0 0 0 0 0 1 1060 52017 43528 0 0 0 0 0
1787960455.860 t 82 236030 35 -1416 -690 -31942 0 0 0 0 0 1 1060 52017 43528 0 0 0 0 0
1787960455.915 t 83 236086 35 -1416 -690 -31942 0 0 0 0 0 1 1060 52017 43528 0 0 0 0 0
1787960455.970 t 84 236142 35 -1416 -690 -31942 0 0 0 0 0 1 1060 52017 43528 0 0 0 0 0
1787960456.026 t 85 236198 35 -1416 -690 -31942 0 0 0 0 0 1 1060 52017 43528 0 0 0 0 0
1787960456.086 t 86 236254 35 -1416 -690 -31942 0 0 0 0 0 1 1060 52017 43528 0 0 0 0 0
1787960456.138 t 87 236310 35 -1416 -690 -31942 0 0 0 0 0 1 1060 52017 43528 0 0 0 0 0
1787960456.194 t 88 236366 35 -1416 -690 -31942 0 0 0 0 0 1 1060 52017 43528 0 0 0 0 0
1787960456.250 t 89 236422 35 -1416 -690 -31942 0 0 0 0 0 1 1060 52017 43528 0 0 0 0 0
1787960456.306 t 90 236478 35 -1416 -690 -31942 0 0 0 0 0 1 1060 52017 43528 0 0 0 0 0
1787960456.362 t 91 236534 35 -1416 -690 -31942 0 0 0 0 0 1 1060 52017 43528 0 0 0 0 0
1787960456.421 t 92 236590 35 -1416 -690 -31942 0 0 0 0 0 1 1060 52017 43528 0 0 0 0 0
1787960456.474 t 93 236646 35 -1416 -690 -31942 0 0 0 0 0 1 1060 52017 43528 0 0 0 0 0
1787960456.531 t 94 236702 35 -1416 -690 -31942 0 0 0 0 0 1 1060 52017 43528 0 0 0 0 0
1787960456.586 t 95 236758 35 -1416 -690 -31942 0 0 0 0 0 1 1060 52017 43528 0 0 0 0 0
1787960456.644 t 96 236814 35 -1416 -690 -31942 0 0 0 0 0 1 1060 52017 43528 0 0 0 0 0
1787960456.644 >>> SET stall_clear 1 #53
1787960456.654 ack 53 52 stall
1787960456.700 t 97 236870 35 -1416 -690 -31942 0 0 0 0 0 1 1060 52017 43528 0 0 0 0 0
1787960456.767 thdr seq now flags x y h ox oy oh vl vr i2cf cyc posl posr dutl dutr lexc wrng cycovr
1787960456.767 t 98 236926 35 -1416 -690 -31942 0 0 0 0 0 1 1060 52017 43528 0 0 0 0 0
1787960456.806 t 99 236978 35 -1416 -690 -31942 0 0 0 0 0 1 1060 52017 43528 0 0 0 0 0
1787960456.894 t 100 237034 35 -1416 -690 -31942 0 0 0 0 0 1 1060 52017 43528 0 0 0 0 0
1787960456.918 t 101 237090 35 -1416 -690 -31942 0 0 0 0 0 1 1060 52017 43528 0 0 0 0 0
1787960456.974 t 102 237146 35 -1416 -690 -31942 0 0 0 0 0 1 1060 52017 43528 0 0 0 0 0
1787960457.030 t 103 237202 35 -1416 -690 -31942 0 0 0 0 0 1 1060 52017 43528 0 0 0 0 0
1787960457.086 t 104 237258 35 -1416 -690 -31942 0 0 0 0 0 1 1060 52017 43528 0 0 0 0 0
1787960457.145 t 105 237314 35 -1416 -690 -31942 0 0 0 0 0 1 1060 52017 43528 0 0 0 0 0
1787960457.145 >>> SET stall_window 0 #54
1787960457.163 ack 54 52 stall
1787960457.199 t 106 237370 35 -1416 -690 -31942 0 0 0 0 0 1 1060 52017 43528 0 0 0 0 0
1787960457.254 t 107 237426 35 -1416 -690 -31942 0 0 0 0 0 1 1060 52017 43528 0 0 0 0 0
1787960457.315 t 108 237482 35 -1416 -690 -31942 0 0 0 0 0 1 1060 52017 43528 0 0 0 0 0
1787960457.367 t 109 237538 35 -1416 -690 -31942 0 0 0 0 0 1 1060 52017 43528 0 0 0 0 0
1787960457.422 t 110 237594 35 -1416 -690 -31942 0 0 0 0 0 1 1060 52017 43528 0 0 0 0 0
1787960457.479 t 111 237650 35 -1416 -690 -31942 0 0 0 0 0 1 1060 52017 43528 0 0 0 0 0
1787960457.534 t 112 237706 35 -1416 -690 -31942 0 0 0 0 0 1 1060 52017 43528 0 0 0 0 0
1787960457.590 t 113 237762 35 -1416 -690 -31942 0 0 0 0 0 1 1060 52017 43528 0 0 0 0 0
1787960457.646 t 114 237818 35 -1416 -690 -31942 0 0 0 0 0 1 1060 52017 43528 0 0 0 0 0
1787960457.646 === STEP FWD duty=50% v=425
1787960457.646 >>> WHEELS_V 425 425 2000 #55
1787960457.658 ack 55 52 stall
1787960457.714 t 115 237886 31 -1415 -689 -31965 0 0 0 62 45 1 1062 52039 43544 5000 5000 0 0 0
1787960457.790 t 116 237958 31 -1397 -674 -32183 0 0 0 466 374 1 1065 52364 43811 5000 5000 0 0 0
1787960457.861 thdr seq now flags x y h ox oy oh vl vr i2cf cyc posl posr dutl dutr lexc wrng cycovr
1787960457.867 t 117 238030 31 -1371 -654 -32383 0 0 0 483 436 1 1068 52811 44205 5000 5000 0 0 0
1787960457.932 t 118 238102 31 -1343 -635 -32589 0 0 0 484 453 1 1071 53272 44611 5000 5000 0 0 0
1787960458.003 t 119 238174 31 -1314 -616 -32759 0 0 0 502 420 1 1074 53728 45022 5000 5000 0 0 0
1787960458.075 t 120 238246 31 -1285 -598 -32947 0 0 0 492 437 1 1077 54189 45433 5000 5000 0 0 0
1787960458.155 t 121 238318 31 -1255 -581 -33113 0 0 0 493 436 1 1080 54644 45844 5000 5000 0 0 0
1787960458.220 t 122 238390 31 -1225 -565 -33259 0 0 0 492 436 1 1083 55094 46255 5000 5000 0 0 0
1787960458.290 t 123 238462 31 -1194 -550 -33395 0 0 0 502 440 1 1086 55553 46678 5000 5000 0 0 0
1787960458.364 t 124 238534 31 -1163 -535 -33594 0 0 0 512 456 1 1089 56017 47089 5000 5000 0 0 0
1787960458.438 t 125 238606 31 -1131 -522 -33782 0 0 0 502 456 1 1092 56478 47500 5000 5000 0 0 0
1787960458.509 t 126 238678 31 -1100 -509 -33948 0 0 0 492 456 1 1095 56933 47911 5000 5000 0 0 0
1787960458.579 t 127 238750 31 -1067 -497 -34083 0 0 0 509 446 1 1098 57394 48336 5000 5000 0 0 0
1787960458.652 t 0 238822 31 -1034 -487 -34241 0 0 0 483 447 1 1101 57850 48750 5000 5000 0 0 0
1787960458.723 t 1 238894 31 -1001 -477 -34366 0 0 0 483 440 1 1104 58300 49167 5000 5000 0 0 0
1787960458.794 t 2 238966 31 -968 -468 -34505 0 0 0 492 466 1 1107 58756 49586 5000 5000 0 0 0
1787960458.866 t 3 239038 31 -934 -459 -34648 0 0 0 499 437 1 1110 59219 50011 5000 5000 0 0 0
1787960458.953 t 4 239110 31 -901 -451 -34787 0 0 0 512 457 1 1113 59678 50433 5000 5000 0 0 0
1787960459.010 t 5 239182 31 -867 -445 -34930 0 0 0 492 476 1 1116 60133 50850 4900 5000 0 0 0
1787960459.083 t 6 239254 31 -833 -439 -35122 0 0 0 493 456 1 1119 60592 51258 5000 5000 0 0 0
1787960459.164 t 7 239326 31 -798 -434 -35269 0 0 0 502 436 1 1122 61056 51683 5000 5000 0 0 0
1787960459.228 thdr seq now flags x y h ox oy oh vl vr i2cf cyc posl posr dutl dutr lexc wrng cycovr
1787960459.234 t 8 239398 31 -765 -430 -35393 0 0 0 492 437 1 1125 61506 52100 5000 5000 0 0 0
1787960459.299 t 9 239470 31 -730 -427 -35476 0 0 0 470 470 1 1128 61956 52528 5000 5000 0 0 0
1787960459.372 t 10 239542 31 -696 -424 -35622 0 0 0 509 447 1 1131 62411 52944 5000 4900 0 0 0
1787960459.446 t 11 239614 31 -661 -422 -35728 0 0 0 493 456 1 1134 62867 53372 4900 5000 0 0 0
1787960459.517 t 12 239686 31 -627 -421 -35882 0 0 0 502 476 1 1137 63325 53789 4900 5000 0 0 0
1787960459.588 t 13 239758 31 -592 -421 -36040 0 0 0 509 453 1 1140 63783 54205 5000 5000 0 0 0
1787960459.660 t 14 239830 31 -558 -422 -36217 0 0 0 498 437 1 1143 64244 54619 5000 5000 0 0 0
1787960459.716 t 15 239886 31 -546 -422 -36262 0 0 0 531 492 1 1144 64406 54769 4900 5000 0 0 0
1787960459.772 t 16 239943 31 -546 -422 -36262 0 0 0 531 492 1 1144 64406 54769 4900 5000 0 0 0
1787960459.826 t 17 239995 31 -546 -422 -36262 0 0 0 531 492 1 1144 64406 54769 4900 5000 0 0 0
1787960459.877 t 18 240047 31 -546 -422 -36262 0 0 0 531 492 1 1144 64406 54769 4900 5000 0 0 0
1787960459.930 t 19 240099 31 -546 -422 -36262 0 0 0 531 492 1 1144 64406 54769 4900 5000 0 0 0
1787960459.982 t 20 240151 31 -546 -422 -36262 0 0 0 531 492 1 1144 64406 54769 4900 5000 0 0 0
1787960460.034 t 21 240203 31 -546 -422 -36262 0 0 0 531 492 1 1144 64406 54769 4900 5000 0 0 0
1787960460.084 t 22 240255 31 -546 -422 -36262 0 0 0 531 492 1 1144 64406 54769 4900 5000 0 0 0
1787960460.137 t 23 240307 31 -546 -422 -36262 0 0 0 531 492 1 1144 64406 54769 4900 5000 0 0 0
1787960460.188 t 24 240359 31 -546 -422 -36262 0 0 0 531 492 1 1144 64406 54769 4900 5000 0 0 0
1787960460.242 t 25 240411 31 -546 -422 -36262 0 0 0 531 492 1 1144 64406 54769 4900 5000 0 0 0
1787960460.293 t 26 240463 31 -546 -422 -36262 0 0 0 531 492 1 1144 64406 54769 4900 5000 0 0 0
1787960460.350 thdr seq now flags x y h ox oy oh vl vr i2cf cyc posl posr dutl dutr lexc wrng cycovr
1787960460.352 t 27 240515 31 -546 -422 -36262 0 0 0 531 492 1 1144 64406 54769 4900 5000 0 0 0
1787960460.396 t 28 240567 31 -546 -422 -36262 0 0 0 531 492 1 1144 64406 54769 4900 5000 0 0 0
1787960460.445 === BIAS RESET FWD 60%
1787960460.445 >>> SET stall_window 50 #56
1787960460.452 t 29 240619 31 -546 -422 -36262 0 0 0 531 492 1 1144 64406 54769 4900 5000 0 0 0
1787960460.454 ack 56 55 timeout
1787960460.501 t 30 240671 31 -546 -422 -36262 0 0 0 531 492 1 1144 64406 54769 4900 5000 0 0 0
1787960460.555 t 31 240723 31 -546 -422 -36262 0 0 0 531 492 1 1144 64406 54769 4900 5000 0 0 0
1787960460.604 t 32 240776 31 -546 -422 -36262 0 0 0 531 492 1 1144 64406 54769 4900 5000 0 0 0
1787960460.659 t 33 240827 31 -546 -422 -36262 0 0 0 531 492 1 1144 64406 54769 4900 5000 0 0 0
1787960460.712 t 34 240879 31 -546 -422 -36262 0 0 0 531 492 1 1144 64406 54769 4900 5000 0 0 0
1787960460.764 t 35 240931 31 -546 -422 -36262 0 0 0 531 492 1 1144 64406 54769 4900 5000 0 0 0
1787960460.813 t 36 240983 31 -546 -422 -36262 0 0 0 531 492 1 1144 64406 54769 4900 5000 0 0 0
1787960460.874 t 37 241035 31 -546 -422 -36262 0 0 0 531 492 1 1144 64406 54769 4900 5000 0 0 0
1787960460.917 t 38 241087 31 -546 -422 -36262 0 0 0 531 492 1 1144 64406 54769 4900 5000 0 0 0
1787960460.967 >>> WHEELS_V 40 40 300 #57
1787960460.971 t 39 241139 31 -546 -422 -36262 0 0 0 531 492 1 1144 64406 54769 4900 5000 0 0 0
1787960460.982 ack 57 55 timeout
1787960461.039 t 40 241210 31 -454 -428 -36428 0 0 0 8 6 1 1146 65589 55908 500 400 0 0 0
1787960461.111 t 41 241282 35 -453 -428 -36533 0 0 0 20 0 1 1149 65617 55908 0 0 0 0 0
1787960461.182 t 42 241354 35 -453 -428 -36533 0 0 0 0 0 1 1152 65617 55908 0 0 0 0 0
1787960461.261 t 43 241426 35 -453 -428 -36533 0 0 0 0 0 1 1155 65617 55908 0 0 0 0 0
1787960461.310 t 44 241482 35 -453 -428 -36533 0 0 0 0 0 1 1157 65617 55908 0 0 0 0 0
1787960461.367 t 45 241538 35 -453 -428 -36533 0 0 0 0 0 1 1157 65617 55908 0 0 0 0 0
1787960461.425 thdr seq now flags x y h ox oy oh vl vr i2cf cyc posl posr dutl dutr lexc wrng cycovr
1787960461.429 t 46 241594 35 -453 -428 -36533 0 0 0 0 0 1 1157 65617 55908 0 0 0 0 0
1787960461.476 t 47 241646 35 -453 -428 -36533 0 0 0 0 0 1 1157 65617 55908 0 0 0 0 0
1787960461.530 t 48 241702 35 -453 -428 -36533 0 0 0 0 0 1 1157 65617 55908 0 0 0 0 0
1787960461.586 t 49 241758 35 -453 -428 -36533 0 0 0 0 0 1 1157 65617 55908 0 0 0 0 0
1787960461.643 t 50 241814 35 -453 -428 -36533 0 0 0 0 0 1 1157 65617 55908 0 0 0 0 0
1787960461.698 t 51 241870 35 -453 -428 -36533 0 0 0 0 0 1 1157 65617 55908 0 0 0 0 0
1787960461.755 t 52 241926 35 -453 -428 -36533 0 0 0 0 0 1 1157 65617 55908 0 0 0 0 0
1787960461.810 t 53 241982 35 -453 -428 -36533 0 0 0 0 0 1 1157 65617 55908 0 0 0 0 0
1787960461.867 t 54 242038 35 -453 -428 -36533 0 0 0 0 0 1 1157 65617 55908 0 0 0 0 0
1787960461.922 t 55 242094 35 -453 -428 -36533 0 0 0 0 0 1 1157 65617 55908 0 0 0 0 0
1787960461.978 t 56 242150 35 -453 -428 -36533 0 0 0 0 0 1 1157 65617 55908 0 0 0 0 0
1787960462.034 t 57 242206 35 -453 -428 -36533 0 0 0 0 0 1 1157 65617 55908 0 0 0 0 0
1787960462.093 t 58 242262 35 -453 -428 -36533 0 0 0 0 0 1 1157 65617 55908 0 0 0 0 0
1787960462.146 t 59 242318 35 -453 -428 -36533 0 0 0 0 0 1 1157 65617 55908 0 0 0 0 0
1787960462.202 t 60 242374 35 -453 -428 -36533 0 0 0 0 0 1 1157 65617 55908 0 0 0 0 0
1787960462.255 >>> SET stall_clear 1 #58
1787960462.261 t 61 242430 35 -453 -428 -36533 0 0 0 0 0 1 1157 65617 55908 0 0 0 0 0
1787960462.269 ack 58 57 stall
1787960462.314 t 62 242486 35 -453 -428 -36533 0 0 0 0 0 1 1157 65617 55908 0 0 0 0 0
1787960462.370 t 63 242542 35 -453 -428 -36533 0 0 0 0 0 1 1157 65617 55908 0 0 0 0 0
1787960462.426 t 64 242598 35 -453 -428 -36533 0 0 0 0 0 1 1157 65617 55908 0 0 0 0 0
1787960462.483 thdr seq now flags x y h ox oy oh vl vr i2cf cyc posl posr dutl dutr lexc wrng cycovr
1787960462.489 t 65 242654 35 -453 -428 -36533 0 0 0 0 0 1 1157 65617 55908 0 0 0 0 0
1787960462.538 t 66 242706 35 -453 -428 -36533 0 0 0 0 0 1 1157 65617 55908 0 0 0 0 0
1787960462.590 t 67 242762 35 -453 -428 -36533 0 0 0 0 0 1 1157 65617 55908 0 0 0 0 0
1787960462.646 t 68 242818 35 -453 -428 -36533 0 0 0 0 0 1 1157 65617 55908 0 0 0 0 0
1787960462.701 t 69 242874 35 -453 -428 -36533 0 0 0 0 0 1 1157 65617 55908 0 0 0 0 0
1787960462.757 >>> SET stall_window 0 #59
1787960462.759 t 70 242930 35 -453 -428 -36533 0 0 0 0 0 1 1157 65617 55908 0 0 0 0 0
1787960462.776 ack 59 57 stall
1787960462.816 t 71 242986 35 -453 -428 -36533 0 0 0 0 0 1 1157 65617 55908 0 0 0 0 0
1787960462.872 t 72 243042 35 -453 -428 -36533 0 0 0 0 0 1 1157 65617 55908 0 0 0 0 0
1787960462.927 t 73 243098 35 -453 -428 -36533 0 0 0 0 0 1 1157 65617 55908 0 0 0 0 0
1787960462.984 t 74 243154 35 -453 -428 -36533 0 0 0 0 0 1 1157 65617 55908 0 0 0 0 0
1787960463.038 t 75 243210 35 -453 -428 -36533 0 0 0 0 0 1 1157 65617 55908 0 0 0 0 0
1787960463.093 t 76 243266 35 -453 -428 -36533 0 0 0 0 0 1 1157 65617 55908 0 0 0 0 0
1787960463.151 t 77 243322 35 -453 -428 -36533 0 0 0 0 0 1 1157 65617 55908 0 0 0 0 0
1787960463.206 t 78 243378 35 -453 -428 -36533 0 0 0 0 0 1 1157 65617 55908 0 0 0 0 0
1787960463.259 === STEP FWD duty=60% v=510
1787960463.260 >>> WHEELS_V 510 510 2000 #60
1787960463.262 t 79 243434 35 -453 -428 -36533 0 0 0 0 0 1 1157 65617 55908 0 0 0 0 0
1787960463.273 ack 60 57 stall
1787960463.330 t 80 243502 31 -452 -428 -36552 0 0 0 53 39 1 1159 65636 55922 5000 5000 0 0 0
1787960463.402 t 81 243574 31 -428 -431 -36687 0 0 0 466 440 1 1162 65956 56206 6000 6000 0 0 0
1787960463.475 t 82 243646 31 -390 -436 -36887 0 0 0 594 519 1 1165 66475 56672 6000 6100 0 0 0
1787960463.547 t 83 243718 31 -349 -443 -37082 0 0 0 601 528 1 1168 67022 57167 6000 6000 0 0 0
1787960463.620 thdr seq now flags x y h ox oy oh vl vr i2cf cyc posl posr dutl dutr lexc wrng cycovr
1787960463.629 t 84 243790 31 -309 -452 -37316 0 0 0 604 548 1 1171 67578 57661 6000 6000 0 0 0
1787960463.692 t 85 243862 31 -269 -462 -37459 0 0 0 571 563 1 1174 68122 58167 6000 6100 0 0 0
1787960463.770 t 86 243934 31 -229 -473 -37628 0 0 0 601 555 1 1177 68669 58669 6000 6000 0 0 0
1787960463.834 t 87 244006 31 -190 -485 -37816 0 0 0 620 547 1 1180 69217 59167 6000 6000 0 0 0
1787960463.910 t 88 244078 31 -151 -499 -37944 0 0 0 584 545 1 1183 69756 59672 6000 6000 0 0 0
1787960463.979 t 89 244150 31 -112 -513 -38098 0 0 0 604 574 1 1186 70306 60181 6000 6100 0 0 0
1787960464.052 t 90 244222 31 -73 -529 -38264 0 0 0 600 565 1 1189 70858 60689 6000 6000 0 0 0
1787960464.123 t 91 244294 31 -35 -546 -38444 0 0 0 601 545 1 1192 71411 61194 6000 6000 0 0 0
1787960464.194 t 92 244366 31 2 -563 -38633 0 0 0 594 538 1 1195 71956 61689 6000 6000 0 0 0
1787960464.267 t 93 244438 31 39 -582 -38768 0 0 0 601 575 1 1198 72500 62197 6000 6000 0 0 0
1787960464.343 t 94 244510 31 75 -602 -38926 0 0 0 584 529 1 1201 73039 62694 6000 6000 0 0 0
1787960464.413 t 95 244582 31 111 -623 -39092 0 0 0 605 584 1 1204 73595 63206 5899 6000 0 0 0
1787960464.482 t 96 244654 31 145 -645 -39302 0 0 0 601 545 1 1207 74139 63694 6000 6000 0 0 0
1787960464.555 t 97 244726 31 180 -668 -39445 0 0 0 600 548 1 1210 74689 64206 6000 6000 0 0 0
1787960464.626 t 98 244798 31 214 -692 -39645 0 0 0 627 548 1 1213 75247 64711 6000 6000 0 0 0
1787960464.699 t 99 244870 31 247 -717 -39803 0 0 0 601 548 1 1216 75789 65211 6000 6000 0 0 0
1787960464.771 t 100 244942 31 279 -743 -39961 0 0 0 611 555 1 1219 76331 65711 5899 6000 0 0 0
1787960464.843 t 101 245014 31 310 -770 -40055 0 0 0 584 591 1 1222 76867 66222 5899 6000 0 0 0
1787960464.915 t 102 245086 31 341 -798 -40228 0 0 0 591 568 1 1225 77422 66731 6000 6000 0 0 0
1787960464.993 thdr seq now flags x y h ox oy oh vl vr i2cf cyc posl posr dutl dutr lexc wrng cycovr
1787960464.995 t 103 245158 31 372 -826 -40409 0 0 0 600 545 1 1228 77972 67233 6000 6000 0 0 0
1787960465.061 t 104 245230 31 401 -855 -40555 0 0 0 549 563 1 1231 78517 67739 6000 6000 0 0 0
1787960465.131 t 105 245302 31 429 -885 -40710 0 0 0 591 574 1 1234 79061 68242 5899 6000 0 0 0
1787960465.206 t 106 245374 31 457 -916 -40909 0 0 0 601 548 1 1237 79611 68739 6000 5899 0 0 0
1787960465.274 t 107 245446 31 483 -948 -41086 0 0 0 627 548 1 1240 80158 69239 5899 6000 0 0 0
1787960465.330 t 108 245502 31 492 -959 -41161 0 0 0 613 548 1 1241 80345 69406 6000 6000 0 0 0
1787960465.390 t 109 245559 31 492 -959 -41161 0 0 0 613 548 1 1241 80345 69406 6000 6000 0 0 0
1787960465.441 t 110 245611 31 492 -959 -41161 0 0 0 613 548 1 1241 80345 69406 6000 6000 0 0 0
1787960465.494 t 111 245663 31 492 -959 -41161 0 0 0 613 548 1 1241 80345 69406 6000 6000 0 0 0
1787960465.546 t 112 245715 31 492 -959 -41161 0 0 0 613 548 1 1241 80345 69406 6000 6000 0 0 0
1787960465.596 t 113 245767 31 492 -959 -41161 0 0 0 613 548 1 1241 80345 69406 6000 6000 0 0 0
1787960465.650 t 114 245819 31 492 -959 -41161 0 0 0 613 548 1 1241 80345 69406 6000 6000 0 0 0
1787960465.700 t 115 245871 31 492 -959 -41161 0 0 0 613 548 1 1241 80345 69406 6000 6000 0 0 0
1787960465.754 t 116 245923 31 492 -959 -41161 0 0 0 613 548 1 1241 80345 69406 6000 6000 0 0 0
1787960465.806 t 117 245975 31 492 -959 -41161 0 0 0 613 548 1 1241 80345 69406 6000 6000 0 0 0
1787960465.858 t 118 246027 31 492 -959 -41161 0 0 0 613 548 1 1241 80345 69406 6000 6000 0 0 0
1787960465.908 t 119 246079 31 492 -959 -41161 0 0 0 613 548 1 1241 80345 69406 6000 6000 0 0 0
1787960465.962 t 120 246131 31 492 -959 -41161 0 0 0 613 548 1 1241 80345 69406 6000 6000 0 0 0
1787960466.012 t 121 246183 31 492 -959 -41161 0 0 0 613 548 1 1241 80345 69406 6000 6000 0 0 0
1787960466.061 === BIAS RESET FWD 70%
1787960466.061 >>> SET stall_window 50 #61
1787960466.064 thdr seq now flags x y h ox oy oh vl vr i2cf cyc posl posr dutl dutr lexc wrng cycovr
1787960466.072 t 122 246235 31 492 -959 -41161 0 0 0 613 548 1 1241 80345 69406 6000 6000 0 0 0
1787960466.077 ack 61 60 timeout
1787960466.119 t 123 246287 31 492 -959 -41161 0 0 0 613 548 1 1241 80345 69406 6000 6000 0 0 0
1787960466.168 t 124 246339 31 492 -959 -41161 0 0 0 613 548 1 1241 80345 69406 6000 6000 0 0 0
1787960466.222 t 125 246391 31 492 -959 -41161 0 0 0 613 548 1 1241 80345 69406 6000 6000 0 0 0
1787960466.273 t 126 246443 31 492 -959 -41161 0 0 0 613 548 1 1241 80345 69406 6000 6000 0 0 0
1787960466.327 t 127 246495 31 492 -959 -41161 0 0 0 613 548 1 1241 80345 69406 6000 6000 0 0 0
1787960466.377 t 0 246547 31 492 -959 -41161 0 0 0 613 548 1 1241 80345 69406 6000 6000 0 0 0
1787960466.428 t 1 246599 31 492 -959 -41161 0 0 0 613 548 1 1241 80345 69406 6000 6000 0 0 0
1787960466.482 t 2 246651 31 492 -959 -41161 0 0 0 613 548 1 1241 80345 69406 6000 6000 0 0 0
1787960466.533 t 3 246703 31 492 -959 -41161 0 0 0 613 548 1 1241 80345 69406 6000 6000 0 0 0
1787960466.581 >>> WHEELS_V 40 40 300 #62
1787960466.585 t 4 246755 31 492 -959 -41161 0 0 0 613 548 1 1241 80345 69406 6000 6000 0 0 0
1787960466.590 ack 62 60 timeout
1787960466.646 t 5 246818 31 562 -1062 -41955 0 0 0 0 8 1 1243 82039 70889 400 400 0 0 0
1787960466.717 t 6 246890 35 564 -1064 -42038 0 0 0 46 20 1 1246 82078 70906 0 0 0 0 0
1787960466.790 t 7 246962 35 564 -1064 -42038 0 0 0 0 0 1 1249 82078 70906 0 0 0 0 0
1787960466.861 t 8 247034 35 564 -1064 -42038 0 0 0 0 0 1 1252 82078 70906 0 0 0 0 0
1787960466.920 t 9 247090 35 564 -1064 -42038 0 0 0 0 0 1 1254 82078 70906 0 0 0 0 0
1787960466.978 t 10 247146 35 564 -1064 -42038 0 0 0 0 0 1 1254 82078 70906 0 0 0 0 0
1787960467.030 t 11 247202 35 564 -1064 -42038 0 0 0 0 0 1 1254 82078 70906 0 0 0 0 0
1787960467.086 t 12 247258 35 564 -1064 -42038 0 0 0 0 0 1 1254 82078 70906 0 0 0 0 0
1787960467.145 thdr seq now flags x y h ox oy oh vl vr i2cf cyc posl posr dutl dutr lexc wrng cycovr
1787960467.149 t 13 247314 35 564 -1064 -42038 0 0 0 0 0 1 1254 82078 70906 0 0 0 0 0
1787960467.193 t 14 247366 35 564 -1064 -42038 0 0 0 0 0 1 1254 82078 70906 0 0 0 0 0
1787960467.250 t 15 247422 35 564 -1064 -42038 0 0 0 0 0 1 1254 82078 70906 0 0 0 0 0
1787960467.306 t 16 247478 35 564 -1064 -42038 0 0 0 0 0 1 1254 82078 70906 0 0 0 0 0
1787960467.362 t 17 247534 35 564 -1064 -42038 0 0 0 0 0 1 1254 82078 70906 0 0 0 0 0
1787960467.418 t 18 247590 35 564 -1064 -42038 0 0 0 0 0 1 1254 82078 70906 0 0 0 0 0
1787960467.474 t 19 247646 35 564 -1064 -42038 0 0 0 0 0 1 1254 82078 70906 0 0 0 0 0
1787960467.531 t 20 247702 35 564 -1064 -42038 0 0 0 0 0 1 1254 82078 70906 0 0 0 0 0
1787960467.589 t 21 247758 35 564 -1064 -42038 0 0 0 0 0 1 1254 82078 70906 0 0 0 0 0
1787960467.642 t 22 247814 35 564 -1064 -42038 0 0 0 0 0 1 1254 82078 70906 0 0 0 0 0
1787960467.698 t 23 247870 35 564 -1064 -42038 0 0 0 0 0 1 1254 82078 70906 0 0 0 0 0
1787960467.758 t 24 247926 35 564 -1064 -42038 0 0 0 0 0 1 1254 82078 70906 0 0 0 0 0
1787960467.811 t 25 247982 35 564 -1064 -42038 0 0 0 0 0 1 1254 82078 70906 0 0 0 0 0
1787960467.861 >>> SET stall_clear 1 #63
1787960467.868 t 26 248038 35 564 -1064 -42038 0 0 0 0 0 1 1254 82078 70906 0 0 0 0 0
1787960467.877 ack 63 62 stall
1787960467.923 t 27 248094 35 564 -1064 -42038 0 0 0 0 0 1 1254 82078 70906 0 0 0 0 0
1787960467.978 t 28 248150 35 564 -1064 -42038 0 0 0 0 0 1 1254 82078 70906 0 0 0 0 0
1787960468.033 t 29 248206 35 564 -1064 -42038 0 0 0 0 0 1 1254 82078 70906 0 0 0 0 0
1787960468.090 t 30 248262 35 564 -1064 -42038 0 0 0 0 0 1 1254 82078 70906 0 0 0 0 0
1787960468.147 t 31 248318 35 564 -1064 -42038 0 0 0 0 0 1 1254 82078 70906 0 0 0 0 0
1787960468.204 thdr seq now flags x y h ox oy oh vl vr i2cf cyc posl posr dutl dutr lexc wrng cycovr
1787960468.212 t 32 248374 35 564 -1064 -42038 0 0 0 0 0 1 1254 82078 70906 0 0 0 0 0
1787960468.255 t 33 248426 35 564 -1064 -42038 0 0 0 0 0 1 1254 82078 70906 0 0 0 0 0
1787960468.313 t 34 248482 35 564 -1064 -42038 0 0 0 0 0 1 1254 82078 70906 0 0 0 0 0
1787960468.364 >>> SET stall_window 0 #64
1787960468.371 t 35 248538 35 564 -1064 -42038 0 0 0 0 0 1 1254 82078 70906 0 0 0 0 0
1787960468.377 ack 64 62 stall
1787960468.424 t 36 248594 35 564 -1064 -42038 0 0 0 0 0 1 1254 82078 70906 0 0 0 0 0
1787960468.478 t 37 248650 35 564 -1064 -42038 0 0 0 0 0 1 1254 82078 70906 0 0 0 0 0
1787960468.534 t 38 248706 35 564 -1064 -42038 0 0 0 0 0 1 1254 82078 70906 0 0 0 0 0
1787960468.590 t 39 248762 35 564 -1064 -42038 0 0 0 0 0 1 1254 82078 70906 0 0 0 0 0
1787960468.646 t 40 248818 35 564 -1064 -42038 0 0 0 0 0 1 1254 82078 70906 0 0 0 0 0
1787960468.702 t 41 248874 35 564 -1064 -42038 0 0 0 0 0 1 1254 82078 70906 0 0 0 0 0
1787960468.759 t 42 248930 35 564 -1064 -42038 0 0 0 0 0 1 1254 82078 70906 0 0 0 0 0
1787960468.815 t 43 248986 35 564 -1064 -42038 0 0 0 0 0 1 1254 82078 70906 0 0 0 0 0
1787960468.865 === STEP FWD duty=70% v=595
1787960468.865 >>> WHEELS_V 595 595 2000 #65
1787960468.871 t 44 249042 35 564 -1064 -42038 0 0 0 0 0 1 1254 82078 70906 0 0 0 0 0
1787960468.885 ack 65 62 stall
1787960468.939 t 45 249110 31 564 -1065 -42030 0 0 0 48 53 1 1256 82095 70925 5000 5000 0 0 0
1787960469.011 t 46 249182 31 576 -1087 -42237 0 0 0 512 456 1 1259 82439 71214 7000 7000 0 0 0
1787960469.089 t 47 249254 31 595 -1126 -42456 0 0 0 692 637 1 1262 83022 71739 7100 7100 0 0 0
1787960469.156 t 48 249326 31 615 -1169 -42666 0 0 0 711 650 1 1265 83645 72306 7000 7000 0 0 0
1787960469.228 t 49 249398 31 633 -1213 -42854 0 0 0 693 627 1 1268 84272 72883 7000 7100 0 0 0
1787960469.300 t 50 249470 31 649 -1258 -43024 0 0 0 686 657 1 1271 84906 73472 7100 7000 0 0 0
1787960469.372 thdr seq now flags x y h ox oy oh vl vr i2cf cyc posl posr dutl dutr lexc wrng cycovr
1787960469.378 t 51 249542 31 664 -1303 -43272 0 0 0 693 631 1 1274 85545 74045 7000 7000 0 0 0
1787960469.442 t 52 249614 31 678 -1350 -43483 0 0 0 672 656 1 1277 86189 74633 7000 7000 0 0 0
1787960469.514 t 53 249686 31 689 -1396 -43648 0 0 0 693 640 1 1280 86817 75217 7000 7000 0 0 0
1787960469.586 t 54 249758 31 700 -1443 -43818 0 0 0 687 637 1 1283 87445 75800 7000 7000 0 0 0
1787960469.658 t 55 249830 31 709 -1490 -43994 0 0 0 702 656 1 1286 88081 76389 6900 7000 0 0 0
1787960469.731 t 56 249902 31 716 -1538 -44213 0 0 0 693 657 1 1289 88722 76972 7000 7000 0 0 0
1787960469.808 t 57 249974 31 722 -1586 -44382 0 0 0 693 647 1 1292 89356 77561 7000 7000 0 0 0
1787960469.875 t 58 250046 31 726 -1634 -44548 0 0 0 692 657 1 1295 89989 78150 6900 7000 0 0 0
1787960469.946 t 59 250118 31 729 -1682 -44777 0 0 0 722 650 1 1298 90631 78731 7000 7000 0 0 0
1787960470.019 t 60 250190 31 730 -1730 -44905 0 0 0 693 657 1 1301 91256 79322 6900 7000 0 0 0
1787960470.091 t 61 250262 31 730 -1778 -45071 0 0 0 693 646 1 1304 91889 79911 7000 7000 0 0 0
1787960470.162 t 62 250334 31 728 -1826 -45255 0 0 0 693 620 1 1307 92522 80495 7000 7000 0 0 0
1787960470.234 t 63 250406 31 725 -1875 -45436 0 0 0 692 647 1 1310 93167 81092 7000 7000 0 0 0
1787960470.306 t 64 250478 31 721 -1923 -45560 0 0 0 692 687 1 1313 93800 81692 7000 7000 0 0 0
1787960470.378 t 65 250550 31 715 -1970 -45707 0 0 0 693 650 1 1316 94428 82281 7000 7000 0 0 0
1787960470.457 t 66 250622 31 708 -2018 -45865 0 0 0 693 647 1 1319 95056 82867 7000 7000 0 0 0
1787960470.525 t 67 250694 31 700 -2066 -46094 0 0 0 730 657 1 1322 95706 83456 7000 7000 0 0 0
1787960470.595 t 68 250766 31 690 -2112 -46252 0 0 0 702 630 1 1325 96331 84039 7000 6900 0 0 0
1787960470.666 t 69 250838 31 679 -2160 -46365 0 0 0 683 646 1 1328 96961 84639 6900 7000 0 0 0
1787960470.740 thdr seq now flags x y h ox oy oh vl vr i2cf cyc posl posr dutl dutr lexc wrng cycovr
1787960470.746 t 70 250910 31 667 -2207 -46564 0 0 0 719 637 1 1331 97603 85228 7000 7000 0 0 0
1787960470.811 t 71 250982 31 653 -2252 -46711 0 0 0 678 639 1 1334 98225 85811 6900 7000 0 0 0
1787960470.882 t 72 251054 31 639 -2298 -46783 0 0 0 693 676 1 1337 98850 86417 7000 7000 0 0 0
1787960470.938 t 73 251110 31 633 -2314 -46911 0 0 0 748 636 1 1338 99078 86611 6900 7000 0 0 0
1787960471.000 t 74 251166 31 633 -2314 -46911 0 0 0 748 636 1 1338 99078 86611 6900 7000 0 0 0
1787960471.050 t 75 251222 31 633 -2314 -46911 0 0 0 748 636 1 1338 99078 86611 6900 7000 0 0 0
1787960471.110 t 76 251279 31 633 -2314 -46911 0 0 0 748 636 1 1338 99078 86611 6900 7000 0 0 0
1787960471.166 t 77 251331 31 633 -2314 -46911 0 0 0 748 636 1 1338 99078 86611 6900 7000 0 0 0
1787960471.212 t 78 251383 31 633 -2314 -46911 0 0 0 748 636 1 1338 99078 86611 6900 7000 0 0 0
1787960471.265 t 79 251435 31 633 -2314 -46911 0 0 0 748 636 1 1338 99078 86611 6900 7000 0 0 0
1787960471.316 t 80 251487 31 633 -2314 -46911 0 0 0 748 636 1 1338 99078 86611 6900 7000 0 0 0
1787960471.368 t 81 251539 31 633 -2314 -46911 0 0 0 748 636 1 1338 99078 86611 6900 7000 0 0 0
1787960471.420 t 82 251591 31 633 -2314 -46911 0 0 0 748 636 1 1338 99078 86611 6900 7000 0 0 0
1787960471.477 t 83 251643 31 633 -2314 -46911 0 0 0 748 636 1 1338 99078 86611 6900 7000 0 0 0
1787960471.525 t 84 251695 31 633 -2314 -46911 0 0 0 748 636 1 1338 99078 86611 6900 7000 0 0 0
1787960471.580 t 85 251747 31 633 -2314 -46911 0 0 0 748 636 1 1338 99078 86611 6900 7000 0 0 0
1787960471.626 === BIAS RESET FWD 80%
1787960471.626 >>> SET stall_window 50 #66
1787960471.628 t 86 251800 31 633 -2314 -46911 0 0 0 748 636 1 1338 99078 86611 6900 7000 0 0 0
1787960471.641 ack 66 65 timeout
1787960471.682 t 87 251851 31 633 -2314 -46911 0 0 0 748 636 1 1338 99078 86611 6900 7000 0 0 0
1787960471.732 t 88 251903 31 633 -2314 -46911 0 0 0 748 636 1 1338 99078 86611 6900 7000 0 0 0
1787960471.788 thdr seq now flags x y h ox oy oh vl vr i2cf cyc posl posr dutl dutr lexc wrng cycovr
1787960471.792 t 89 251955 31 633 -2314 -46911 0 0 0 748 636 1 1338 99078 86611 6900 7000 0 0 0
1787960471.836 t 90 252007 31 633 -2314 -46911 0 0 0 748 636 1 1338 99078 86611 6900 7000 0 0 0
1787960471.891 t 91 252059 31 633 -2314 -46911 0 0 0 748 636 1 1338 99078 86611 6900 7000 0 0 0
1787960471.940 t 92 252111 31 633 -2314 -46911 0 0 0 748 636 1 1338 99078 86611 6900 7000 0 0 0
1787960471.993 t 93 252163 31 633 -2314 -46911 0 0 0 748 636 1 1338 99078 86611 6900 7000 0 0 0
1787960472.044 t 94 252215 31 633 -2314 -46911 0 0 0 748 636 1 1338 99078 86611 6900 7000 0 0 0
1787960472.100 t 95 252267 31 633 -2314 -46911 0 0 0 748 636 1 1338 99078 86611 6900 7000 0 0 0
1787960472.146 >>> WHEELS_V 40 40 300 #67
1787960472.148 t 96 252319 31 633 -2314 -46911 0 0 0 748 636 1 1338 99078 86611 6900 7000 0 0 0
1787960472.163 ack 67 65 timeout
1787960472.218 t 97 252390 31 577 -2459 -47381 0 0 0 14 0 1 1340 101114 88522 400 400 0 0 0
1787960472.293 t 98 252462 35 576 -2460 -47400 0 0 0 16 10 1 1343 101139 88542 0 0 0 0 0
1787960472.367 t 99 252534 35 576 -2460 -47400 0 0 0 0 0 1 1346 101139 88542 0 0 0 0 0
1787960472.435 t 100 252606 35 576 -2460 -47400 0 0 0 0 0 1 1349 101139 88542 0 0 0 0 0
1787960472.490 t 101 252662 35 576 -2460 -47400 0 0 0 0 0 1 1351 101139 88542 0 0 0 0 0
1787960472.547 t 102 252718 35 576 -2460 -47400 0 0 0 0 0 1 1351 101139 88542 0 0 0 0 0
1787960472.603 t 103 252774 35 576 -2460 -47400 0 0 0 0 0 1 1351 101139 88542 0 0 0 0 0
1787960472.658 t 104 252830 35 576 -2460 -47400 0 0 0 0 0 1 1351 101139 88542 0 0 0 0 0
1787960472.717 t 105 252886 35 576 -2460 -47400 0 0 0 0 0 1 1351 101139 88542 0 0 0 0 0
1787960472.774 t 106 252942 35 576 -2460 -47400 0 0 0 0 0 1 1351 101139 88542 0 0 0 0 0
1787960472.828 t 107 252998 35 576 -2460 -47400 0 0 0 0 0 1 1351 101139 88542 0 0 0 0 0
1787960472.883 thdr seq now flags x y h ox oy oh vl vr i2cf cyc posl posr dutl dutr lexc wrng cycovr
1787960472.889 t 108 253054 35 576 -2460 -47400 0 0 0 0 0 1 1351 101139 88542 0 0 0 0 0
1787960472.935 t 109 253106 35 576 -2460 -47400 0 0 0 0 0 1 1351 101139 88542 0 0 0 0 0
1787960472.992 t 110 253162 35 576 -2460 -47400 0 0 0 0 0 1 1351 101139 88542 0 0 0 0 0
1787960473.050 t 111 253218 35 576 -2460 -47400 0 0 0 0 0 1 1351 101139 88542 0 0 0 0 0
1787960473.102 t 112 253274 35 576 -2460 -47400 0 0 0 0 0 1 1351 101139 88542 0 0 0 0 0
1787960473.158 t 113 253330 35 576 -2460 -47400 0 0 0 0 0 1 1351 101139 88542 0 0 0 0 0
1787960473.218 t 114 253386 35 576 -2460 -47400 0 0 0 0 0 1 1351 101139 88542 0 0 0 0 0
1787960473.271 t 115 253442 35 576 -2460 -47400 0 0 0 0 0 1 1351 101139 88542 0 0 0 0 0
1787960473.326 t 116 253498 35 576 -2460 -47400 0 0 0 0 0 1 1351 101139 88542 0 0 0 0 0
1787960473.382 t 117 253554 35 576 -2460 -47400 0 0 0 0 0 1 1351 101139 88542 0 0 0 0 0
1787960473.436 >>> SET stall_clear 1 #68
1787960473.438 t 118 253610 35 576 -2460 -47400 0 0 0 0 0 1 1351 101139 88542 0 0 0 0 0
1787960473.449 ack 68 67 stall
1787960473.494 t 119 253666 35 576 -2460 -47400 0 0 0 0 0 1 1351 101139 88542 0 0 0 0 0
1787960473.551 t 120 253722 35 576 -2460 -47400 0 0 0 0 0 1 1351 101139 88542 0 0 0 0 0
1787960473.606 t 121 253778 35 576 -2460 -47400 0 0 0 0 0 1 1351 101139 88542 0 0 0 0 0
1787960473.664 t 122 253834 35 576 -2460 -47400 0 0 0 0 0 1 1351 101139 88542 0 0 0 0 0
1787960473.718 t 123 253890 35 576 -2460 -47400 0 0 0 0 0 1 1351 101139 88542 0 0 0 0 0
1787960473.774 t 124 253946 35 576 -2460 -47400 0 0 0 0 0 1 1351 101139 88542 0 0 0 0 0
1787960473.833 t 125 254002 35 576 -2460 -47400 0 0 0 0 0 1 1351 101139 88542 0 0 0 0 0
1787960473.887 t 126 254058 35 576 -2460 -47400 0 0 0 0 0 1 1351 101139 88542 0 0 0 0 0
1787960473.938 >>> SET stall_window 0 #69
1787960473.943 thdr seq now flags x y h ox oy oh vl vr i2cf cyc posl posr dutl dutr lexc wrng cycovr
1787960473.949 t 127 254114 35 576 -2460 -47400 0 0 0 0 0 1 1351 101139 88542 0 0 0 0 0
1787960473.951 ack 69 67 stall
1787960473.995 t 0 254166 35 576 -2460 -47400 0 0 0 0 0 1 1351 101139 88542 0 0 0 0 0
1787960474.051 t 1 254222 35 576 -2460 -47400 0 0 0 0 0 1 1351 101139 88542 0 0 0 0 0
1787960474.108 t 2 254278 35 576 -2460 -47400 0 0 0 0 0 1 1351 101139 88542 0 0 0 0 0
1787960474.162 t 3 254334 35 576 -2460 -47400 0 0 0 0 0 1 1351 101139 88542 0 0 0 0 0
1787960474.223 t 4 254390 35 576 -2460 -47400 0 0 0 0 0 1 1351 101139 88542 0 0 0 0 0
1787960474.275 t 5 254446 35 576 -2460 -47400 0 0 0 0 0 1 1351 101139 88542 0 0 0 0 0
1787960474.332 t 6 254502 35 576 -2460 -47400 0 0 0 0 0 1 1351 101139 88542 0 0 0 0 0
1787960474.386 t 7 254558 35 576 -2460 -47400 0 0 0 0 0 1 1351 101139 88542 0 0 0 0 0
1787960474.440 === STEP FWD duty=80% v=680
1787960474.441 >>> WHEELS_V 680 680 2000 #70
1787960474.444 t 8 254614 35 576 -2460 -47400 0 0 0 0 0 1 1351 101139 88542 0 0 0 0 0
1787960474.467 ack 70 67 stall
1787960474.510 t 9 254682 31 576 -2462 -47419 0 0 0 62 48 1 1353 101161 88559 5000 5000 0 0 0
1787960474.583 t 10 254754 31 565 -2485 -47569 0 0 0 538 466 1 1356 101506 88864 8000 8000 0 0 0
1787960474.655 t 11 254826 31 544 -2527 -47723 0 0 0 754 676 1 1359 102128 89445 8000 8000 0 0 0
1787960474.727 t 12 254898 31 518 -2574 -47957 0 0 0 784 729 1 1362 102834 90089 8000 8000 0 0 0
1787960474.799 t 13 254970 31 490 -2621 -48175 0 0 0 794 729 1 1365 103559 90756 8000 8000 0 0 0
1787960474.871 t 14 255042 31 460 -2667 -48438 0 0 0 794 729 1 1368 104284 91411 8000 8100 0 0 0
1787960474.943 t 15 255114 31 428 -2712 -48600 0 0 0 782 739 1 1371 105011 92095 8000 8000 0 0 0
1787960475.016 t 16 255186 31 395 -2756 -48758 0 0 0 785 739 1 1374 105728 92770 8000 8100 0 0 0
1787960475.089 t 17 255258 31 361 -2799 -48946 0 0 0 801 702 1 1377 106450 93442 8000 8000 0 0 0
1787960475.159 thdr seq now flags x y h ox oy oh vl vr i2cf cyc posl posr dutl dutr lexc wrng cycovr
1787960475.167 t 18 255330 31 325 -2840 -49157 0 0 0 801 739 1 1380 107178 94114 8000 8000 0 0 0
1787960475.234 t 19 255402 31 287 -2882 -49334 0 0 0 796 766 1 1383 107911 94800 7900 8100 0 0 0
1787960475.302 t 20 255474 31 249 -2920 -49522 0 0 0 785 729 1 1386 108625 95464 8000 8000 0 0 0
1787960475.375 t 21 255546 31 209 -2958 -49680 0 0 0 759 739 1 1389 109342 96139 8000 8000 0 0 0
1787960475.447 t 22 255618 31 168 -2995 -49887 0 0 0 827 748 1 1392 110075 96817 8000 8000 0 0 0
1787960475.518 t 23 255690 31 126 -3031 -50053 0 0 0 791 696 1 1395 110800 97498 8000 8000 0 0 0
1787960475.592 t 24 255762 31 82 -3066 -50214 0 0 0 804 754 1 1398 111523 98178 7900 8000 0 0 0
1787960475.663 t 25 255834 31 39 -3098 -50399 0 0 0 785 749 1 1401 112239 98845 8000 8000 0 0 0
1787960475.734 t 26 255906 31 -7 -3130 -50545 0 0 0 785 739 1 1404 112964 99531 8000 8000 0 0 0
1787960475.807 t 27 255978 31 -53 -3161 -50651 0 0 0 785 748 1 1407 113684 100223 8000 8000 0 0 0
1787960475.883 t 28 256050 31 -100 -3190 -50843 0 0 0 805 784 1 1410 114412 100900 7900 8000 0 0 0
1787960475.951 t 29 256122 31 -147 -3218 -51005 0 0 0 785 757 1 1413 115128 101573 7900 8000 0 0 0
1787960476.023 t 30 256194 31 -196 -3245 -51196 0 0 0 775 728 1 1416 115856 102250 8000 8000 0 0 0
1787960476.109 t 31 256266 31 -245 -3270 -51268 0 0 0 774 739 1 1419 116567 102942 8000 7900 0 0 0
1787960476.167 t 32 256338 31 -294 -3294 -51467 0 0 0 784 710 1 1422 117289 103611 8000 8000 0 0 0
1787960476.243 t 33 256410 31 -345 -3318 -51614 0 0 0 794 748 1 1425 118023 104306 7900 8000 0 0 0
1787960476.311 t 34 256482 31 -396 -3339 -51780 0 0 0 785 729 1 1428 118742 104981 8000 8000 0 0 0
1787960476.388 t 35 256554 31 -447 -3359 -51862 0 0 0 766 749 1 1431 119450 105667 7900 8000 0 0 0
1787960476.455 t 36 256626 31 -498 -3378 -51998 0 0 0 784 738 1 1434 120167 106348 7900 8000 0 0 0
1787960476.510 thdr seq now flags x y h ox oy oh vl vr i2cf cyc posl posr dutl dutr lexc wrng cycovr
1787960476.525 t 37 256682 31 -516 -3385 -52115 0 0 0 839 738 1 1435 120423 106573 8000 8000 0 0 0
1787960476.564 t 38 256734 31 -516 -3385 -52115 0 0 0 839 738 1 1435 120423 106573 8000 8000 0 0 0
1787960476.623 t 39 256791 31 -516 -3385 -52115 0 0 0 839 738 1 1435 120423 106573 8000 8000 0 0 0
1787960476.674 t 40 256843 31 -516 -3385 -52115 0 0 0 839 738 1 1435 120423 106573 8000 8000 0 0 0
1787960476.725 t 41 256895 31 -516 -3385 -52115 0 0 0 839 738 1 1435 120423 106573 8000 8000 0 0 0
1787960476.777 t 42 256947 31 -516 -3385 -52115 0 0 0 839 738 1 1435 120423 106573 8000 8000 0 0 0
1787960476.829 t 43 256999 31 -516 -3385 -52115 0 0 0 839 738 1 1435 120423 106573 8000 8000 0 0 0
1787960476.881 t 44 257051 31 -516 -3385 -52115 0 0 0 839 738 1 1435 120423 106573 8000 8000 0 0 0
1787960476.935 t 45 257103 31 -516 -3385 -52115 0 0 0 839 738 1 1435 120423 106573 8000 8000 0 0 0
1787960476.986 t 46 257155 31 -516 -3385 -52115 0 0 0 839 738 1 1435 120423 106573 8000 8000 0 0 0
1787960477.041 t 47 257207 31 -516 -3385 -52115 0 0 0 839 738 1 1435 120423 106573 8000 8000 0 0 0
1787960477.089 t 48 257259 31 -516 -3385 -52115 0 0 0 839 738 1 1435 120423 106573 8000 8000 0 0 0
1787960477.144 t 49 257311 31 -516 -3385 -52115 0 0 0 839 738 1 1435 120423 106573 8000 8000 0 0 0
1787960477.194 t 50 257363 31 -516 -3385 -52115 0 0 0 839 738 1 1435 120423 106573 8000 8000 0 0 0
1787960477.241 === BIAS RESET FWD 90%
1787960477.241 >>> SET stall_window 50 #71
1787960477.248 t 51 257415 31 -516 -3385 -52115 0 0 0 839 738 1 1435 120423 106573 8000 8000 0 0 0
1787960477.258 ack 71 70 timeout
1787960477.297 t 52 257467 31 -516 -3385 -52115 0 0 0 839 738 1 1435 120423 106573 8000 8000 0 0 0
1787960477.350 t 53 257519 31 -516 -3385 -52115 0 0 0 839 738 1 1435 120423 106573 8000 8000 0 0 0
1787960477.401 t 54 257571 31 -516 -3385 -52115 0 0 0 839 738 1 1435 120423 106573 8000 8000 0 0 0
1787960477.453 t 55 257623 31 -516 -3385 -52115 0 0 0 839 738 1 1435 120423 106573 8000 8000 0 0 0
1787960477.505 thdr seq now flags x y h ox oy oh vl vr i2cf cyc posl posr dutl dutr lexc wrng cycovr
1787960477.513 t 56 257675 31 -516 -3385 -52115 0 0 0 839 738 1 1435 120423 106573 8000 8000 0 0 0
1787960477.558 t 57 257728 31 -516 -3385 -52115 0 0 0 839 738 1 1435 120423 106573 8000 8000 0 0 0
1787960477.610 t 58 257779 31 -516 -3385 -52115 0 0 0 839 738 1 1435 120423 106573 8000 8000 0 0 0
1787960477.662 t 59 257831 31 -516 -3385 -52115 0 0 0 839 738 1 1435 120423 106573 8000 8000 0 0 0
1787960477.716 t 60 257883 31 -516 -3385 -52115 0 0 0 839 738 1 1435 120423 106573 8000 8000 0 0 0
1787960477.761 >>> WHEELS_V 40 40 300 #72
1787960477.765 t 61 257935 31 -516 -3385 -52115 0 0 0 839 738 1 1435 120423 106573 8000 8000 0 0 0
1787960477.800 ack 72 70 timeout
1787960477.835 t 62 258006 31 -693 -3434 -52754 0 0 0 17 14 1 1437 122834 108814 400 400 0 0 0
1787960477.906 t 63 258078 35 -694 -3434 -52818 0 0 0 39 7 1 1440 122862 108825 0 0 0 0 0
1787960477.978 t 64 258150 35 -694 -3434 -52826 0 0 0 0 0 1 1443 122864 108825 0 0 0 0 0
1787960478.051 t 65 258222 35 -694 -3434 -52826 0 0 0 0 0 1 1446 122864 108825 0 0 0 0 0
1787960478.107 t 66 258278 35 -694 -3434 -52826 0 0 0 0 0 1 1448 122864 108825 0 0 0 0 0
1787960478.163 t 67 258334 35 -694 -3434 -52826 0 0 0 0 0 1 1448 122864 108825 0 0 0 0 0
1787960478.219 t 68 258390 35 -694 -3434 -52826 0 0 0 0 0 1 1448 122864 108825 0 0 0 0 0
1787960478.275 t 69 258446 35 -694 -3434 -52826 0 0 0 0 0 1 1448 122864 108825 0 0 0 0 0
1787960478.330 t 70 258502 35 -694 -3434 -52826 0 0 0 0 0 1 1448 122864 108825 0 0 0 0 0
1787960478.386 t 71 258558 35 -694 -3434 -52826 0 0 0 0 0 1 1448 122864 108825 0 0 0 0 0
1787960478.444 t 72 258614 35 -694 -3434 -52826 0 0 0 0 0 1 1448 122864 108825 0 0 0 0 0
1787960478.501 t 73 258670 35 -694 -3434 -52826 0 0 0 0 0 1 1448 122864 108825 0 0 0 0 0
1787960478.555 t 74 258726 35 -694 -3434 -52826 0 0 0 0 0 1 1448 122864 108825 0 0 0 0 0
1787960478.613 thdr seq now flags x y h ox oy oh vl vr i2cf cyc posl posr dutl dutr lexc wrng cycovr
1787960478.617 t 75 258782 35 -694 -3434 -52826 0 0 0 0 0 1 1448 122864 108825 0 0 0 0 0
1787960478.664 t 76 258834 35 -694 -3434 -52826 0 0 0 0 0 1 1448 122864 108825 0 0 0 0 0
1787960478.719 t 77 258890 35 -694 -3434 -52826 0 0 0 0 0 1 1448 122864 108825 0 0 0 0 0
1787960478.777 t 78 258946 35 -694 -3434 -52826 0 0 0 0 0 1 1448 122864 108825 0 0 0 0 0
1787960478.830 t 79 259002 35 -694 -3434 -52826 0 0 0 0 0 1 1448 122864 108825 0 0 0 0 0
1787960478.886 t 80 259058 35 -694 -3434 -52826 0 0 0 0 0 1 1448 122864 108825 0 0 0 0 0
1787960478.943 t 81 259114 35 -694 -3434 -52826 0 0 0 0 0 1 1448 122864 108825 0 0 0 0 0
1787960478.998 t 82 259170 35 -694 -3434 -52826 0 0 0 0 0 1 1448 122864 108825 0 0 0 0 0
1787960479.052 >>> SET stall_clear 1 #73
1787960479.055 t 83 259226 35 -694 -3434 -52826 0 0 0 0 0 1 1448 122864 108825 0 0 0 0 0
1787960479.067 ack 73 72 stall
1787960479.110 t 84 259282 35 -694 -3434 -52826 0 0 0 0 0 1 1448 122864 108825 0 0 0 0 0
1787960479.166 t 85 259338 35 -694 -3434 -52826 0 0 0 0 0 1 1448 122864 108825 0 0 0 0 0
1787960479.227 t 86 259394 35 -694 -3434 -52826 0 0 0 0 0 1 1448 122864 108825 0 0 0 0 0
1787960479.280 t 87 259450 35 -694 -3434 -52826 0 0 0 0 0 1 1448 122864 108825 0 0 0 0 0
1787960479.334 t 88 259506 35 -694 -3434 -52826 0 0 0 0 0 1 1448 122864 108825 0 0 0 0 0
1787960479.392 t 89 259562 35 -694 -3434 -52826 0 0 0 0 0 1 1448 122864 108825 0 0 0 0 0
1787960479.446 t 90 259618 35 -694 -3434 -52826 0 0 0 0 0 1 1448 122864 108825 0 0 0 0 0
1787960479.503 t 91 259674 35 -694 -3434 -52826 0 0 0 0 0 1 1448 122864 108825 0 0 0 0 0
1787960479.554 >>> SET stall_window 0 #74
1787960479.559 t 92 259730 35 -694 -3434 -52826 0 0 0 0 0 1 1448 122864 108825 0 0 0 0 0
1787960479.571 ack 74 72 stall
1787960479.615 t 93 259786 35 -694 -3434 -52826 0 0 0 0 0 1 1448 122864 108825 0 0 0 0 0
1787960479.673 thdr seq now flags x y h ox oy oh vl vr i2cf cyc posl posr dutl dutr lexc wrng cycovr
1787960479.677 t 94 259842 35 -694 -3434 -52826 0 0 0 0 0 1 1448 122864 108825 0 0 0 0 0
1787960479.722 t 95 259894 35 -694 -3434 -52826 0 0 0 0 0 1 1448 122864 108825 0 0 0 0 0
1787960479.778 t 96 259950 35 -694 -3434 -52826 0 0 0 0 0 1 1448 122864 108825 0 0 0 0 0
1787960479.834 t 97 260006 35 -694 -3434 -52826 0 0 0 0 0 1 1448 122864 108825 0 0 0 0 0
1787960479.891 t 98 260062 35 -694 -3434 -52826 0 0 0 0 0 1 1448 122864 108825 0 0 0 0 0
1787960479.946 t 99 260118 35 -694 -3434 -52826 0 0 0 0 0 1 1448 122864 108825 0 0 0 0 0
1787960480.002 t 100 260174 35 -694 -3434 -52826 0 0 0 0 0 1 1448 122864 108825 0 0 0 0 0
1787960480.055 === STEP FWD duty=90% v=765
1787960480.055 >>> WHEELS_V 765 765 2000 #75
1787960480.059 t 101 260230 35 -694 -3434 -52826 0 0 0 0 0 1 1448 122864 108825 0 0 0 0 0
1787960480.069 ack 75 72 stall
1787960480.130 t 102 260298 31 -695 -3435 -52826 0 0 0 39 39 1 1450 122878 108839 5000 5000 0 0 0
1787960480.200 t 103 260370 31 -721 -3440 -53025 0 0 0 574 476 1 1453 123237 109145 9000 9000 0 0 0
1787960480.271 t 104 260442 31 -768 -3447 -53172 0 0 0 729 683 1 1456 123856 109725 9000 9000 0 0 0
1787960480.344 t 105 260514 31 -825 -3453 -53409 0 0 0 873 841 1 1459 124617 110423 9100 9100 0 0 0
1787960480.421 t 106 260586 31 -886 -3458 -53631 0 0 0 893 831 1 1462 125423 111170 9000 9100 0 0 0
1787960480.488 t 107 260658 31 -948 -3461 -53827 0 0 0 884 811 1 1465 126239 111934 9000 9000 0 0 0
1787960480.559 t 108 260730 31 -1009 -3461 -54071 0 0 0 887 810 1 1468 127048 112678 9000 9000 0 0 0
1787960480.631 t 109 260802 31 -1071 -3459 -54188 0 0 0 876 856 1 1471 127851 113450 9100 9100 0 0 0
1787960480.703 t 110 260874 31 -1133 -3456 -54372 0 0 0 893 830 1 1474 128667 114217 9000 9000 0 0 0
1787960480.775 t 111 260946 31 -1196 -3451 -54602 0 0 0 893 830 1 1477 129489 114978 9000 9000 0 0 0
1787960480.847 t 112 261018 31 -1257 -3443 -54771 0 0 0 882 820 1 1480 130295 115739 9000 9000 0 0 0
1787960480.920 thdr seq now flags x y h ox oy oh vl vr i2cf cyc posl posr dutl dutr lexc wrng cycovr
1787960480.928 t 113 261090 31 -1318 -3434 -54929 0 0 0 896 830 1 1483 131101 116503 9000 9100 0 0 0
1787960480.991 t 114 261162 31 -1380 -3422 -55117 0 0 0 861 858 1 1486 131926 117278 9000 9000 0 0 0
1787960481.097 t 115 261234 31 -1441 -3409 -55219 0 0 0 886 876 1 1489 132734 118059 8900 9000 0 0 0
1787960481.137 t 116 261306 31 -1501 -3395 -55415 0 0 0 873 830 1 1492 133539 118812 9000 9000 0 0 0
1787960481.208 t 117 261378 31 -1561 -3379 -55565 0 0 0 885 847 1 1495 134348 119581 9000 9000 0 0 0
1787960481.289 t 118 261450 31 -1621 -3361 -55712 0 0 0 877 840 1 1498 135162 120356 9000 9000 0 0 0
1787960481.352 t 119 261522 31 -1681 -3341 -55836 0 0 0 893 883 1 1501 135978 121139 8900 9000 0 0 0
1787960481.423 t 120 261594 31 -1739 -3321 -56035 0 0 0 896 830 1 1504 136787 121895 9000 9000 0 0 0
1787960481.496 t 121 261666 31 -1797 -3299 -56171 0 0 0 887 805 1 1507 137590 122662 9000 8900 0 0 0
1787960481.568 t 122 261738 31 -1854 -3275 -56299 0 0 0 876 827 1 1510 138401 123439 9000 9000 0 0 0
1787960481.639 t 123 261810 31 -1911 -3249 -56476 0 0 0 896 795 1 1513 139215 124206 9000 9000 0 0 0
1787960481.711 t 124 261882 31 -1968 -3223 -56558 0 0 0 894 847 1 1516 140023 124992 8900 9000 0 0 0
1787960481.788 t 125 261954 31 -2024 -3195 -56713 0 0 0 912 840 1 1519 140834 125762 9000 8900 0 0 0
1787960481.854 t 126 262026 31 -2078 -3166 -56871 0 0 0 886 830 1 1522 141640 126526 9000 9000 0 0 0
1787960481.927 t 127 262098 31 -2132 -3135 -56984 0 0 0 893 840 1 1525 142445 127301 8900 8900 0 0 0
1787960482.000 t 0 262170 31 -2186 -3103 -57112 0 0 0 876 857 1 1528 143251 128073 9000 9000 0 0 0
1787960482.072 t 1 262242 31 -2236 -3066 -57277 0 0 0 836 894 2 1531 144067 128845 9000 9000 0 0 0
1787960482.131 t 2 262298 31 -2254 -3055 -57401 0 0 0 948 840 2 1532 144356 129101 8900 9000 0 0 0
1787960482.185 t 3 262355 31 -2254 -3055 -57401 0 0 0 948 840 2 1532 144356 129101 8900 9000 0 0 0
1787960482.237 thdr seq now flags x y h ox oy oh vl vr i2cf cyc posl posr dutl dutr lexc wrng cycovr
1787960482.245 t 4 262407 31 -2254 -3055 -57401 0 0 0 948 840 2 1532 144356 129101 8900 9000 0 0 0
1787960482.290 t 5 262459 31 -2254 -3055 -57401 0 0 0 948 840 2 1532 144356 129101 8900 9000 0 0 0
1787960482.342 t 6 262511 31 -2254 -3055 -57401 0 0 0 948 840 2 1532 144356 129101 8900 9000 0 0 0
1787960482.394 t 7 262563 31 -2254 -3055 -57401 0 0 0 948 840 2 1532 144356 129101 8900 9000 0 0 0
1787960482.445 t 8 262615 31 -2254 -3055 -57401 0 0 0 948 840 2 1532 144356 129101 8900 9000 0 0 0
1787960482.503 t 9 262667 31 -2254 -3055 -57401 0 0 0 948 840 2 1532 144356 129101 8900 9000 0 0 0
1787960482.550 t 10 262719 31 -2254 -3055 -57401 0 0 0 948 840 2 1532 144356 129101 8900 9000 0 0 0
1787960482.609 t 11 262771 31 -2254 -3055 -57401 0 0 0 948 840 2 1532 144356 129101 8900 9000 0 0 0
1787960482.654 t 12 262823 31 -2254 -3055 -57401 0 0 0 948 840 2 1532 144356 129101 8900 9000 0 0 0
1787960482.710 t 13 262875 31 -2254 -3055 -57401 0 0 0 948 840 2 1532 144356 129101 8900 9000 0 0 0
1787960482.758 t 14 262927 31 -2254 -3055 -57401 0 0 0 948 840 2 1532 144356 129101 8900 9000 0 0 0
1787960482.813 === BIAS RESET FWD 100%
1787960482.813 >>> SET stall_window 50 #76
1787960482.816 t 15 262979 31 -2254 -3055 -57401 0 0 0 948 840 2 1532 144356 129101 8900 9000 0 0 0
1787960482.829 ack 76 75 timeout
1787960482.862 t 16 263031 31 -2254 -3055 -57401 0 0 0 948 840 2 1532 144356 129101 8900 9000 0 0 0
1787960482.915 t 17 263083 31 -2254 -3055 -57401 0 0 0 948 840 2 1532 144356 129101 8900 9000 0 0 0
1787960482.966 t 18 263135 31 -2254 -3055 -57401 0 0 0 948 840 2 1532 144356 129101 8900 9000 0 0 0
1787960483.017 t 19 263187 31 -2254 -3055 -57401 0 0 0 948 840 2 1532 144356 129101 8900 9000 0 0 0
1787960483.068 t 20 263239 31 -2254 -3055 -57401 0 0 0 948 840 2 1532 144356 129101 8900 9000 0 0 0
1787960483.121 t 21 263291 31 -2254 -3055 -57401 0 0 0 948 840 2 1532 144356 129101 8900 9000 0 0 0
1787960483.172 t 22 263343 31 -2254 -3055 -57401 0 0 0 948 840 2 1532 144356 129101 8900 9000 0 0 0
1787960483.226 thdr seq now flags x y h ox oy oh vl vr i2cf cyc posl posr dutl dutr lexc wrng cycovr
1787960483.233 t 23 263395 31 -2254 -3055 -57401 0 0 0 948 840 2 1532 144356 129101 8900 9000 0 0 0
1787960483.276 t 24 263447 31 -2254 -3055 -57401 0 0 0 948 840 2 1532 144356 129101 8900 9000 0 0 0
1787960483.325 >>> WHEELS_V 40 40 300 #77
1787960483.329 t 25 263499 31 -2254 -3055 -57401 0 0 0 948 840 2 1532 144356 129101 8900 9000 0 0 0
1787960483.341 ack 77 75 timeout
1787960483.400 t 26 263570 31 -2433 -2924 -57842 0 0 0 14 14 2 1534 147228 131856 400 400 0 0 0
1787960483.470 t 27 263642 35 -2435 -2922 -57853 0 0 0 20 36 2 1537 147259 131884 0 0 0 0 0
1787960483.543 t 28 263714 35 -2435 -2922 -57853 0 0 0 0 0 2 1540 147259 131884 0 0 0 0 0
1787960483.615 t 29 263786 35 -2435 -2922 -57853 0 0 0 0 0 2 1543 147259 131884 0 0 0 0 0
1787960483.671 t 30 263842 35 -2435 -2922 -57853 0 0 0 0 0 2 1545 147259 131884 0 0 0 0 0
1787960483.726 t 31 263898 35 -2435 -2922 -57853 0 0 0 0 0 2 1545 147259 131884 0 0 0 0 0
1787960483.784 t 32 263954 35 -2435 -2922 -57853 0 0 0 0 0 2 1545 147259 131884 0 0 0 0 0
1787960483.839 t 33 264010 35 -2435 -2922 -57853 0 0 0 0 0 2 1545 147259 131884 0 0 0 0 0
1787960483.894 t 34 264066 35 -2435 -2922 -57853 0 0 0 0 0 2 1545 147259 131884 0 0 0 0 0
1787960483.950 t 35 264122 35 -2435 -2922 -57853 0 0 0 0 0 2 1545 147259 131884 0 0 0 0 0
1787960484.006 t 36 264178 35 -2435 -2922 -57853 0 0 0 0 0 2 1545 147259 131884 0 0 0 0 0
1787960484.062 t 37 264234 35 -2435 -2922 -57853 0 0 0 0 0 2 1545 147259 131884 0 0 0 0 0
1787960484.119 t 38 264290 35 -2435 -2922 -57853 0 0 0 0 0 2 1545 147259 131884 0 0 0 0 0
1787960484.182 t 39 264346 35 -2435 -2922 -57853 0 0 0 0 0 2 1545 147259 131884 0 0 0 0 0
1787960484.231 t 40 264402 35 -2435 -2922 -57853 0 0 0 0 0 2 1545 147259 131884 0 0 0 0 0
1787960484.286 t 41 264458 35 -2435 -2922 -57853 0 0 0 0 0 2 1545 147259 131884 0 0 0 0 0
1787960484.348 thdr seq now flags x y h ox oy oh vl vr i2cf cyc posl posr dutl dutr lexc wrng cycovr
1787960484.350 t 42 264514 35 -2435 -2922 -57853 0 0 0 0 0 2 1545 147259 131884 0 0 0 0 0
1787960484.395 t 43 264566 35 -2435 -2922 -57853 0 0 0 0 0 2 1545 147259 131884 0 0 0 0 0
1787960484.450 t 44 264622 35 -2435 -2922 -57853 0 0 0 0 0 2 1545 147259 131884 0 0 0 0 0
1787960484.506 t 45 264678 35 -2435 -2922 -57853 0 0 0 0 0 2 1545 147259 131884 0 0 0 0 0
1787960484.563 t 46 264734 35 -2435 -2922 -57853 0 0 0 0 0 2 1545 147259 131884 0 0 0 0 0
1787960484.615 >>> SET stall_clear 1 #78
1787960484.621 t 47 264790 35 -2435 -2922 -57853 0 0 0 0 0 2 1545 147259 131884 0 0 0 0 0
1787960484.629 ack 78 77 stall
1787960484.675 t 48 264846 35 -2435 -2922 -57853 0 0 0 0 0 2 1545 147259 131884 0 0 0 0 0
1787960484.730 t 49 264902 35 -2435 -2922 -57853 0 0 0 0 0 2 1545 147259 131884 0 0 0 0 0
1787960484.792 t 50 264958 35 -2435 -2922 -57853 0 0 0 0 0 2 1545 147259 131884 0 0 0 0 0
1787960484.842 t 51 265014 35 -2435 -2922 -57853 0 0 0 0 0 2 1545 147259 131884 0 0 0 0 0
1787960484.899 t 52 265070 35 -2435 -2922 -57853 0 0 0 0 0 2 1545 147259 131884 0 0 0 0 0
1787960484.954 t 53 265126 35 -2435 -2922 -57853 0 0 0 0 0 2 1545 147259 131884 0 0 0 0 0
1787960485.013 t 54 265182 35 -2435 -2922 -57853 0 0 0 0 0 2 1545 147259 131884 0 0 0 0 0
1787960485.068 t 55 265238 35 -2435 -2922 -57853 0 0 0 0 0 2 1545 147259 131884 0 0 0 0 0
1787960485.119 >>> SET stall_window 0 #79
1787960485.123 t 56 265294 35 -2435 -2922 -57853 0 0 0 0 0 2 1545 147259 131884 0 0 0 0 0
1787960485.133 ack 79 77 stall
1787960485.179 t 57 265350 35 -2435 -2922 -57853 0 0 0 0 0 2 1545 147259 131884 0 0 0 0 0
1787960485.237 t 58 265406 35 -2435 -2922 -57853 0 0 0 0 0 2 1545 147259 131884 0 0 0 0 0
1787960485.291 t 59 265462 35 -2435 -2922 -57853 0 0 0 0 0 2 1545 147259 131884 0 0 0 0 0
1787960485.348 t 60 265518 35 -2435 -2922 -57853 0 0 0 0 0 2 1545 147259 131884 0 0 0 0 0
1787960485.406 thdr seq now flags x y h ox oy oh vl vr i2cf cyc posl posr dutl dutr lexc wrng cycovr
1787960485.409 t 61 265574 35 -2435 -2922 -57853 0 0 0 0 0 2 1545 147259 131884 0 0 0 0 0
1787960485.457 t 62 265626 35 -2435 -2922 -57853 0 0 0 0 0 2 1545 147259 131884 0 0 0 0 0
1787960485.510 t 63 265682 35 -2435 -2922 -57853 0 0 0 0 0 2 1545 147259 131884 0 0 0 0 0
1787960485.566 t 64 265738 35 -2435 -2922 -57853 0 0 0 0 0 2 1545 147259 131884 0 0 0 0 0
1787960485.622 === STEP FWD duty=100% v=850
1787960485.622 >>> WHEELS_V 850 850 2000 #80
1787960485.624 t 65 265794 35 -2435 -2922 -57853 0 0 0 0 0 2 1545 147259 131884 0 0 0 0 0
1787960485.638 ack 80 77 stall
1787960485.690 t 66 265862 31 -2436 -2921 -57872 0 0 0 53 39 2 1547 147278 131898 5000 5000 0 0 0
1787960485.763 t 67 265934 31 -2457 -2905 -58011 0 0 0 565 502 2 1550 147634 132217 10000 10000 0 0 0
1787960485.839 t 68 266006 31 -2494 -2871 -58199 0 0 0 775 709 2 1553 148295 132828 10000 10000 0 0 0
1787960485.908 t 69 266078 31 -2538 -2831 -58304 0 0 0 886 867 2 1556 149065 133570 10000 10000 0 0 0
1787960485.985 t 70 266150 31 -2583 -2786 -58511 0 0 0 949 902 2 1559 149901 134351 10000 10000 0 0 0
1787960486.054 t 71 266222 31 -2628 -2740 -58681 0 0 0 913 865 2 1562 150740 135145 10000 10000 0 0 0
1787960486.125 t 72 266294 31 -2671 -2692 -58794 0 0 0 903 876 2 1565 151570 135945 10000 10000 0 0 0
1787960486.195 t 73 266366 31 -2713 -2644 -58933 0 0 0 902 862 2 1568 152401 136739 10000 10000 0 0 0
1787960486.268 t 74 266438 31 -2755 -2594 -59053 0 0 0 912 913 2 1571 153245 137551 10000 10000 0 0 0
1787960486.340 t 75 266510 31 -2795 -2543 -59211 0 0 0 883 876 2 1574 154084 138348 10000 10000 0 0 0
1787960486.412 t 76 266582 31 -2833 -2492 -59324 0 0 0 909 887 2 1577 154917 139151 10000 10000 0 0 0
1787960486.483 t 77 266654 31 -2871 -2440 -59429 0 0 0 893 867 2 1580 155745 139951 10000 10000 0 0 0
1787960486.555 t 78 266726 31 -2908 -2386 -59591 0 0 0 913 883 2 1583 156590 140753 10000 10000 0 0 0
1787960486.628 t 79 266798 31 -2943 -2332 -59693 0 0 0 903 876 2 1586 157429 141565 10000 10000 0 0 0
1787960486.706 thdr seq now flags x y h ox oy oh vl vr i2cf cyc posl posr dutl dutr lexc wrng cycovr
1787960486.706 t 80 266870 31 -2977 -2277 -59836 0 0 0 910 886 2 1589 158267 142365 10000 10000 0 0 0
1787960486.772 t 81 266942 31 -3011 -2222 -59998 0 0 0 915 867 2 1592 159112 143167 10000 10000 0 0 0
1787960486.844 t 82 267014 31 -3042 -2165 -60088 0 0 0 919 877 2 1595 159942 143973 10000 10000 0 0 0
1787960486.915 t 83 267086 31 -3073 -2108 -60174 0 0 0 912 886 2 1598 160779 144787 10000 10000 0 0 0
1787960486.995 t 84 267158 31 -3103 -2051 -60317 0 0 0 919 875 2 1601 161620 145590 10000 10000 0 0 0
1787960487.061 t 85 267230 31 -3131 -1992 -60457 0 0 0 913 876 2 1604 162462 146395 10000 10000 0 0 0
1787960487.131 t 86 267302 31 -3158 -1934 -60558 0 0 0 913 865 2 1607 163295 147201 10000 10000 0 0 0
1787960487.204 t 87 267374 31 -3185 -1874 -60626 0 0 0 903 866 2 1610 164129 148017 10000 10000 0 0 0
1787960487.278 t 88 267446 31 -3210 -1815 -60735 0 0 0 909 887 2 1613 164967 148826 10000 10000 0 0 0
1787960487.351 t 89 267518 31 -3234 -1754 -60897 0 0 0 876 873 2 1616 165812 149628 10000 10000 0 0 0
1787960487.420 t 90 267590 31 -3256 -1694 -60968 0 0 0 903 860 2 1619 166643 150440 10000 10000 0 0 0
1787960487.504 t 91 267662 31 -3279 -1633 -61032 0 0 0 921 873 2 1622 167476 151256 10000 10000 0 0 0
1787960487.564 t 92 267734 31 -3300 -1570 -61168 0 0 0 968 876 2 1625 168329 152073 10000 10000 0 0 0
1787960487.635 t 93 267806 31 -3319 -1509 -61315 0 0 0 913 873 2 1628 169162 152867 10000 10000 0 0 0
1787960487.698 t 94 267862 31 -3325 -1487 -61386 0 0 0 982 922 2 1629 169462 153148 9900 10000 0 0 0
1787960487.749 t 95 267919 31 -3325 -1487 -61386 0 0 0 982 922 2 1629 169462 153148 9900 10000 0 0 0
1787960487.827 t 96 267971 31 -3325 -1487 -61386 0 0 0 982 922 2 1629 169462 153148 9900 10000 0 0 0
1787960487.867 t 97 268023 31 -3325 -1487 -61386 0 0 0 982 922 2 1629 169462 153148 9900 10000 0 0 0
1787960487.905 t 98 268075 31 -3325 -1487 -61386 0 0 0 982 922 2 1629 169462 153148 9900 10000 0 0 0
1787960487.956 thdr seq now flags x y h ox oy oh vl vr i2cf cyc posl posr dutl dutr lexc wrng cycovr
1787960487.967 t 99 268127 31 -3325 -1487 -61386 0 0 0 982 922 2 1629 169462 153148 9900 10000 0 0 0
1787960488.010 t 100 268179 31 -3325 -1487 -61386 0 0 0 982 922 2 1629 169462 153148 9900 10000 0 0 0
1787960488.062 t 101 268231 31 -3325 -1487 -61386 0 0 0 982 922 2 1629 169462 153148 9900 10000 0 0 0
1787960488.114 t 102 268283 31 -3325 -1487 -61386 0 0 0 982 922 2 1629 169462 153148 9900 10000 0 0 0
1787960488.170 t 103 268335 31 -3325 -1487 -61386 0 0 0 982 922 2 1629 169462 153148 9900 10000 0 0 0
1787960488.217 t 104 268387 31 -3325 -1487 -61386 0 0 0 982 922 2 1629 169462 153148 9900 10000 0 0 0
1787960488.273 t 105 268439 31 -3325 -1487 -61386 0 0 0 982 922 2 1629 169462 153148 9900 10000 0 0 0
1787960488.321 t 106 268491 31 -3325 -1487 -61386 0 0 0 982 922 2 1629 169462 153148 9900 10000 0 0 0
1787960488.879 t 107 268543 31 -3325 -1487 -61386 0 0 0 982 922 2 1629 169462 153148 9900 10000 0 0 0
1787960488.879 t 108 268595 31 -3325 -1487 -61386 0 0 0 982 922 2 1629 169462 153148 9900 10000 0 0 0
1787960488.879 t 109 268647 31 -3325 -1487 -61386 0 0 0 982 922 2 1629 169462 153148 9900 10000 0 0 0
1787960488.879 t 110 268699 31 -3325 -1487 -61386 0 0 0 982 922 2 1629 169462 153148 9900 10000 0 0 0
1787960488.879 t 111 268751 31 -3325 -1487 -61386 0 0 0 982 922 2 1629 169462 153148 9900 10000 0 0 0
1787960488.879 t 112 268803 31 -3325 -1487 -61386 0 0 0 982 922 2 1629 169462 153148 9900 10000 0 0 0
1787960488.879 t 113 268855 31 -3325 -1487 -61386 0 0 0 982 922 2 1629 169462 153148 9900 10000 0 0 0
1787960488.879 t 114 268907 31 -3325 -1487 -61386 0 0 0 982 922 2 1629 169462 153148 9900 10000 0 0 0
1787960488.882 t 115 268959 31 -3325 -1487 -61386 0 0 0 982 922 2 1629 169462 153148 9900 10000 0 0 0
1787960488.882 t 116 269011 31 -3325 -1487 -61386 0 0 0 982 922 2 1629 169462 153148 9900 10000 0 0 0
1787960488.895 t 117 269063 31 -3325 -1487 -61386 0 0 0 982 922 2 1629 169462 153148 9900 10000 0 0 0
1787960488.946 thdr seq now flags x y h ox oy oh vl vr i2cf cyc posl posr dutl dutr lexc wrng cycovr
1787960488.956 t 118 269116 31 -3325 -1487 -61386 0 0 0 982 922 2 1629 169462 153148 9900 10000 0 0 0
1787960488.998 t 119 269167 31 -3325 -1487 -61386 0 0 0 982 922 2 1629 169462 153148 9900 10000 0 0 0
1787960489.050 t 120 269219 31 -3325 -1487 -61386 0 0 0 982 922 2 1629 169462 153148 9900 10000 0 0 0
1787960489.101 t 121 269271 31 -3325 -1487 -61386 0 0 0 982 922 2 1629 169462 153148 9900 10000 0 0 0
1787960489.153 t 122 269323 31 -3325 -1487 -61386 0 0 0 982 922 2 1629 169462 153148 9900 10000 0 0 0
1787960489.205 t 123 269375 31 -3325 -1487 -61386 0 0 0 982 922 2 1629 169462 153148 9900 10000 0 0 0
1787960489.262 t 124 269427 31 -3325 -1487 -61386 0 0 0 982 922 2 1629 169462 153148 9900 10000 0 0 0
1787960489.309 t 125 269479 31 -3325 -1487 -61386 0 0 0 982 922 2 1629 169462 153148 9900 10000 0 0 0
1787960489.364 t 126 269531 31 -3325 -1487 -61386 0 0 0 982 922 2 1629 169462 153148 9900 10000 0 0 0
1787960489.412 === BIAS RESET REV 5%
1787960489.413 >>> SET stall_window 50 #81
1787960489.416 t 127 269583 31 -3325 -1487 -61386 0 0 0 982 922 2 1629 169462 153148 9900 10000 0 0 0
1787960489.426 ack 81 80 timeout
1787960489.470 t 0 269635 31 -3325 -1487 -61386 0 0 0 982 922 2 1629 169462 153148 9900 10000 0 0 0
1787960489.520 t 1 269687 31 -3325 -1487 -61386 0 0 0 982 922 2 1629 169462 153148 9900 10000 0 0 0
1787960489.573 t 2 269739 31 -3325 -1487 -61386 0 0 0 982 922 2 1629 169462 153148 9900 10000 0 0 0
1787960489.622 t 3 269791 31 -3325 -1487 -61386 0 0 0 982 922 2 1629 169462 153148 9900 10000 0 0 0
1787960489.672 t 4 269843 31 -3325 -1487 -61386 0 0 0 982 922 2 1629 169462 153148 9900 10000 0 0 0
1787960489.725 t 5 269895 31 -3325 -1487 -61386 0 0 0 982 922 2 1629 169462 153148 9900 10000 0 0 0
1787960489.777 t 6 269947 31 -3325 -1487 -61386 0 0 0 982 922 2 1629 169462 153148 9900 10000 0 0 0
1787960489.829 t 7 269999 31 -3325 -1487 -61386 0 0 0 982 922 2 1629 169462 153148 9900 10000 0 0 0
1787960489.880 t 8 270051 31 -3325 -1487 -61386 0 0 0 982 922 2 1629 169462 153148 9900 10000 0 0 0
1787960489.929 >>> WHEELS_V 40 40 300 #82
1787960489.933 thdr seq now flags x y h ox oy oh vl vr i2cf cyc posl posr dutl dutr lexc wrng cycovr
1787960489.940 t 9 270103 31 -3325 -1487 -61386 0 0 0 982 922 2 1629 169462 153148 9900 10000 0 0 0
1787960489.944 ack 82 80 timeout
1787960489.995 t 10 270166 31 -3379 -1258 -61992 0 0 0 23 6 2 1631 172531 156056 400 500 0 0 0
1787960490.066 t 11 270238 35 -3380 -1255 -62037 0 0 0 39 26 2 1634 172568 156081 0 0 0 0 0
1787960490.137 t 12 270310 35 -3380 -1255 -62045 0 0 0 0 0 2 1637 172570 156081 0 0 0 0 0
1787960490.212 t 13 270382 35 -3380 -1255 -62045 0 0 0 0 0 2 1640 172570 156081 0 0 0 0 0
1787960490.265 t 14 270438 35 -3380 -1255 -62045 0 0 0 0 0 2 1642 172570 156081 0 0 0 0 0
1787960490.323 t 15 270494 35 -3380 -1255 -62045 0 0 0 0 0 2 1642 172570 156081 0 0 0 0 0
1787960490.379 t 16 270550 35 -3380 -1255 -62045 0 0 0 0 0 2 1642 172570 156081 0 0 0 0 0
1787960490.435 t 17 270606 35 -3380 -1255 -62045 0 0 0 0 0 2 1642 172570 156081 0 0 0 0 0
1787960490.492 t 18 270662 35 -3380 -1255 -62045 0 0 0 0 0 2 1642 172570 156081 0 0 0 0 0
1787960490.547 t 19 270718 35 -3380 -1255 -62045 0 0 0 0 0 2 1642 172570 156081 0 0 0 0 0
1787960490.602 t 20 270774 35 -3380 -1255 -62045 0 0 0 0 0 2 1642 172570 156081 0 0 0 0 0
1787960490.662 t 21 270830 35 -3380 -1255 -62045 0 0 0 0 0 2 1642 172570 156081 0 0 0 0 0
1787960490.715 t 22 270886 35 -3380 -1255 -62045 0 0 0 0 0 2 1642 172570 156081 0 0 0 0 0
1787960490.813 t 23 270942 35 -3380 -1255 -62045 0 0 0 0 0 2 1642 172570 156081 0 0 0 0 0
1787960490.843 t 24 270998 35 -3380 -1255 -62045 0 0 0 0 0 2 1642 172570 156081 0 0 0 0 0
1787960490.883 t 25 271054 35 -3380 -1255 -62045 0 0 0 0 0 2 1642 172570 156081 0 0 0 0 0
1787960490.940 t 26 271110 35 -3380 -1255 -62045 0 0 0 0 0 2 1642 172570 156081 0 0 0 0 0
1787960490.997 t 27 271166 35 -3380 -1255 -62045 0 0 0 0 0 2 1642 172570 156081 0 0 0 0 0
1787960491.050 thdr seq now flags x y h ox oy oh vl vr i2cf cyc posl posr dutl dutr lexc wrng cycovr
1787960491.058 t 28 271222 35 -3380 -1255 -62045 0 0 0 0 0 2 1642 172570 156081 0 0 0 0 0
1787960491.105 t 29 271274 35 -3380 -1255 -62045 0 0 0 0 0 2 1642 172570 156081 0 0 0 0 0
1787960491.158 t 30 271330 35 -3380 -1255 -62045 0 0 0 0 0 2 1642 172570 156081 0 0 0 0 0
1787960491.208 >>> SET stall_clear 1 #83
1787960491.215 t 31 271386 35 -3380 -1255 -62045 0 0 0 0 0 2 1642 172570 156081 0 0 0 0 0
1787960491.225 ack 83 82 stall
1787960491.276 t 32 271442 35 -3380 -1255 -62045 0 0 0 0 0 2 1642 172570 156081 0 0 0 0 0
1787960491.327 t 33 271498 35 -3380 -1255 -62045 0 0 0 0 0 2 1642 172570 156081 0 0 0 0 0
1787960491.383 t 34 271554 35 -3380 -1255 -62045 0 0 0 0 0 2 1642 172570 156081 0 0 0 0 0
1787960491.439 t 35 271610 35 -3380 -1255 -62045 0 0 0 0 0 2 1642 172570 156081 0 0 0 0 0
1787960491.496 t 36 271666 35 -3380 -1255 -62045 0 0 0 0 0 2 1642 172570 156081 0 0 0 0 0
1787960491.551 t 37 271722 35 -3380 -1255 -62045 0 0 0 0 0 2 1642 172570 156081 0 0 0 0 0
1787960491.607 t 38 271778 35 -3380 -1255 -62045 0 0 0 0 0 2 1642 172570 156081 0 0 0 0 0
1787960491.663 t 39 271834 35 -3380 -1255 -62045 0 0 0 0 0 2 1642 172570 156081 0 0 0 0 0
1787960491.718 >>> SET stall_window 0 #84
1787960491.728 t 40 271890 35 -3380 -1255 -62045 0 0 0 0 0 2 1642 172570 156081 0 0 0 0 0
1787960491.748 ack 84 82 stall
1787960491.774 t 41 271946 35 -3380 -1255 -62045 0 0 0 0 0 2 1642 172570 156081 0 0 0 0 0
1787960491.831 t 42 272002 35 -3380 -1255 -62045 0 0 0 0 0 2 1642 172570 156081 0 0 0 0 0
1787960491.889 t 43 272058 35 -3380 -1255 -62045 0 0 0 0 0 2 1642 172570 156081 0 0 0 0 0
1787960491.942 t 44 272114 35 -3380 -1255 -62045 0 0 0 0 0 2 1642 172570 156081 0 0 0 0 0
1787960492.000 t 45 272170 35 -3380 -1255 -62045 0 0 0 0 0 2 1642 172570 156081 0 0 0 0 0
1787960492.061 t 46 272226 35 -3380 -1255 -62045 0 0 0 0 0 2 1642 172570 156081 0 0 0 0 0
1787960492.111 thdr seq now flags x y h ox oy oh vl vr i2cf cyc posl posr dutl dutr lexc wrng cycovr
1787960492.118 t 47 272282 35 -3380 -1255 -62045 0 0 0 0 0 2 1642 172570 156081 0 0 0 0 0
1787960492.166 t 48 272334 35 -3380 -1255 -62045 0 0 0 0 0 2 1642 172570 156081 0 0 0 0 0
1787960492.220 t 49 272390 35 -3380 -1255 -62045 0 0 0 0 0 2 1642 172570 156081 0 0 0 0 0
1787960492.234 === STEP REV duty=5% v=-43
1787960492.234 >>> WHEELS_V -43 -43 2000 #85
1787960492.245 ack 85 82 stall
1787960492.282 t 50 272450 31 -3380 -1255 -62045 0 0 0 0 0 2 1643 172570 156081 -500 -500 0 0 0
1787960492.355 t 51 272522 31 -3379 -1257 -61981 0 0 0 -30 -20 2 1646 172545 156073 -500 -500 0 0 0
1787960492.425 t 52 272594 31 -3379 -1259 -61898 0 0 0 -46 -10 2 1649 172506 156056 -500 -500 0 0 0
1787960492.502 t 53 272666 31 -3379 -1261 -61762 0 0 0 -52 0 2 1652 172465 156051 -500 -500 0 0 0
1787960492.574 t 54 272738 31 -3378 -1263 -61646 0 0 0 -56 0 2 1655 172423 156040 -500 -600 0 0 0
1787960492.641 t 55 272810 31 -3378 -1265 -61499 0 0 0 -56 0 2 1658 172373 156029 -500 -500 0 0 0
1787960492.720 t 56 272882 31 -3377 -1267 -61386 0 0 0 -53 -26 2 1661 172329 156015 -500 -500 0 0 0
1787960492.786 t 57 272954 31 -3376 -1269 -61232 0 0 0 -53 -10 2 1664 172279 156006 -500 -500 0 0 0
1787960492.855 t 58 273026 31 -3376 -1272 -61040 0 0 0 -66 0 2 1667 172223 156001 -500 -500 0 0 0
1787960492.929 t 59 273098 31 -3375 -1274 -60893 0 0 0 -56 0 2 1670 172173 155990 -500 -400 0 0 0
1787960493.004 t 60 273170 31 -3374 -1276 -60728 0 0 0 -72 -16 2 1673 172118 155979 -500 -500 0 0 0
1787960493.071 t 61 273242 31 -3373 -1279 -60562 0 0 0 -62 -10 2 1676 172062 155967 -500 -500 0 0 0
1787960493.149 t 62 273314 31 -3372 -1281 -60385 0 0 0 -62 -10 2 1679 172004 155956 -500 -500 0 0 0
1787960493.216 t 63 273386 31 -3370 -1284 -60227 0 0 0 -56 -20 2 1682 171951 155945 -500 -500 0 0 0
1787960493.291 t 64 273458 31 -3369 -1286 -60050 0 0 0 -53 -20 2 1685 171893 155934 -600 -500 0 0 0
1787960493.359 t 65 273530 31 -3368 -1288 -59851 0 0 0 -72 0 2 1688 171829 155923 -500 -500 0 0 0
1787960493.432 thdr seq now flags x y h ox oy oh vl vr i2cf cyc posl posr dutl dutr lexc wrng cycovr
1787960493.444 t 66 273602 31 -3366 -1291 -59670 0 0 0 -66 0 2 1691 171770 155912 -500 -500 0 0 0
1787960493.505 t 67 273674 31 -3364 -1293 -59505 0 0 0 -62 -23 2 1694 171712 155898 -500 -500 0 0 0
1787960493.574 t 68 273746 31 -3363 -1295 -59294 0 0 0 -66 -7 2 1697 171648 155890 -500 -500 0 0 0
1787960493.648 t 69 273818 31 -3361 -1298 -59106 0 0 0 -72 -26 2 1700 171584 155876 -500 -400 0 0 0
1787960493.720 t 70 273890 31 -3359 -1300 -58910 0 0 0 -72 -20 2 1703 171523 155867 -600 -500 0 0 0
1787960493.792 t 71 273962 31 -3357 -1302 -58707 0 0 0 -75 -26 2 1706 171456 155854 -500 -500 0 0 0
1787960493.872 t 72 274034 31 -3355 -1304 -58530 0 0 0 -75 -16 2 1709 171395 155840 -500 -500 0 0 0
1787960493.938 t 73 274106 31 -3353 -1306 -58342 0 0 0 -66 -7 2 1712 171334 155829 -500 -500 0 0 0
1787960494.009 t 74 274178 31 -3351 -1308 -58139 0 0 0 -72 -10 2 1715 171268 155817 -500 -400 0 0 0
1787960494.079 t 75 274250 31 -3348 -1310 -57939 0 0 0 -62 0 2 1718 171204 155806 -500 -500 0 0 0
1787960494.150 t 76 274322 31 -3346 -1312 -57759 0 0 0 -62 -7 2 1721 171140 155790 -500 -400 0 0 0
1787960494.223 t 77 274394 31 -3344 -1314 -57571 0 0 0 -62 -16 2 1724 171079 155779 -500 -500 0 0 0
1787960494.285 t 78 274450 31 -3342 -1315 -57446 0 0 0 -72 -10 2 1726 171034 155767 -500 -500 0 0 0
1787960494.338 t 79 274506 31 -3342 -1315 -57446 0 0 0 -72 -10 2 1726 171034 155767 -500 -500 0 0 0
1787960494.390 t 80 274562 31 -3342 -1315 -57446 0 0 0 -72 -10 2 1726 171034 155767 -500 -500 0 0 0
1787960494.451 t 81 274618 31 -3342 -1315 -57446 0 0 0 -72 -10 2 1726 171034 155767 -500 -500 0 0 0
1787960494.504 t 82 274674 31 -3342 -1315 -57446 0 0 0 -72 -10 2 1726 171034 155767 -500 -500 0 0 0
1787960494.560 t 83 274731 31 -3342 -1315 -57446 0 0 0 -72 -10 2 1726 171034 155767 -500 -500 0 0 0
1787960494.612 t 84 274783 31 -3342 -1315 -57446 0 0 0 -72 -10 2 1726 171034 155767 -500 -500 0 0 0
1787960494.664 thdr seq now flags x y h ox oy oh vl vr i2cf cyc posl posr dutl dutr lexc wrng cycovr
1787960494.672 t 85 274835 31 -3342 -1315 -57446 0 0 0 -72 -10 2 1726 171034 155767 -500 -500 0 0 0
1787960494.716 t 86 274887 31 -3342 -1315 -57446 0 0 0 -72 -10 2 1726 171034 155767 -500 -500 0 0 0
1787960494.768 t 87 274939 31 -3342 -1315 -57446 0 0 0 -72 -10 2 1726 171034 155767 -500 -500 0 0 0
1787960494.826 t 88 274991 31 -3342 -1315 -57446 0 0 0 -72 -10 2 1726 171034 155767 -500 -500 0 0 0
1787960494.873 t 89 275043 31 -3342 -1315 -57446 0 0 0 -72 -10 2 1726 171034 155767 -500 -500 0 0 0
1787960494.929 t 90 275095 31 -3342 -1315 -57446 0 0 0 -72 -10 2 1726 171034 155767 -500 -500 0 0 0
1787960494.973 === BIAS RESET REV 10%
1787960494.974 >>> SET stall_window 50 #86
1787960494.978 t 91 275147 31 -3342 -1315 -57446 0 0 0 -72 -10 2 1726 171034 155767 -500 -500 0 0 0
1787960494.989 ack 86 85 timeout
1787960495.032 t 92 275199 31 -3342 -1315 -57446 0 0 0 -72 -10 2 1726 171034 155767 -500 -500 0 0 0
1787960495.080 t 93 275251 31 -3342 -1315 -57446 0 0 0 -72 -10 2 1726 171034 155767 -500 -500 0 0 0
1787960495.135 t 94 275303 31 -3342 -1315 -57446 0 0 0 -72 -10 2 1726 171034 155767 -500 -500 0 0 0
1787960495.184 t 95 275355 31 -3342 -1315 -57446 0 0 0 -72 -10 2 1726 171034 155767 -500 -500 0 0 0
1787960495.238 t 96 275407 31 -3342 -1315 -57446 0 0 0 -72 -10 2 1726 171034 155767 -500 -500 0 0 0
1787960495.288 t 97 275459 31 -3342 -1315 -57446 0 0 0 -72 -10 2 1726 171034 155767 -500 -500 0 0 0
1787960495.342 t 98 275511 31 -3342 -1315 -57446 0 0 0 -72 -10 2 1726 171034 155767 -500 -500 0 0 0
1787960495.393 t 99 275563 31 -3342 -1315 -57446 0 0 0 -72 -10 2 1726 171034 155767 -500 -500 0 0 0
1787960495.448 t 100 275615 31 -3342 -1315 -57446 0 0 0 -72 -10 2 1726 171034 155767 -500 -500 0 0 0
1787960495.493 >>> WHEELS_V 40 40 300 #87
1787960495.498 t 101 275667 31 -3342 -1315 -57446 0 0 0 -72 -10 2 1726 171034 155767 -500 -500 0 0 0
1787960495.500 ack 87 85 timeout
1787960495.560 t 102 275730 31 -3338 -1318 -57153 0 0 0 14 -8 2 1728 170934 155745 500 500 0 0 0
1787960495.633 t 103 275802 35 -3340 -1317 -57217 0 0 0 36 16 2 1731 170973 155767 0 0 0 0 0
1787960495.703 thdr seq now flags x y h ox oy oh vl vr i2cf cyc posl posr dutl dutr lexc wrng cycovr
1787960495.717 t 104 275874 35 -3340 -1317 -57240 0 0 0 0 0 2 1734 170979 155767 0 0 0 0 0
1787960495.776 t 105 275946 35 -3340 -1317 -57240 0 0 0 0 0 2 1737 170979 155767 0 0 0 0 0
1787960495.830 t 106 276002 35 -3340 -1317 -57240 0 0 0 0 0 2 1739 170979 155767 0 0 0 0 0
1787960495.885 t 107 276058 35 -3340 -1317 -57240 0 0 0 0 0 2 1739 170979 155767 0 0 0 0 0
1787960495.944 t 108 276114 35 -3340 -1317 -57240 0 0 0 0 0 2 1739 170979 155767 0 0 0 0 0
1787960495.998 t 109 276170 35 -3340 -1317 -57240 0 0 0 0 0 2 1739 170979 155767 0 0 0 0 0
1787960496.055 t 110 276226 35 -3340 -1317 -57240 0 0 0 0 0 2 1739 170979 155767 0 0 0 0 0
1787960496.111 t 111 276282 35 -3340 -1317 -57240 0 0 0 0 0 2 1739 170979 155767 0 0 0 0 0
1787960496.166 t 112 276338 35 -3340 -1317 -57240 0 0 0 0 0 2 1739 170979 155767 0 0 0 0 0
1787960496.225 t 113 276394 35 -3340 -1317 -57240 0 0 0 0 0 2 1739 170979 155767 0 0 0 0 0
1787960496.278 t 114 276450 35 -3340 -1317 -57240 0 0 0 0 0 2 1739 170979 155767 0 0 0 0 0
1787960496.335 t 115 276506 35 -3340 -1317 -57240 0 0 0 0 0 2 1739 170979 155767 0 0 0 0 0
1787960496.395 t 116 276562 35 -3340 -1317 -57240 0 0 0 0 0 2 1739 170979 155767 0 0 0 0 0
1787960496.446 t 117 276618 35 -3340 -1317 -57240 0 0 0 0 0 2 1739 170979 155767 0 0 0 0 0
1787960496.503 t 118 276674 35 -3340 -1317 -57240 0 0 0 0 0 2 1739 170979 155767 0 0 0 0 0
1787960496.558 t 119 276730 35 -3340 -1317 -57240 0 0 0 0 0 2 1739 170979 155767 0 0 0 0 0
1787960496.614 t 120 276786 35 -3340 -1317 -57240 0 0 0 0 0 2 1739 170979 155767 0 0 0 0 0
1787960496.671 t 121 276842 35 -3340 -1317 -57240 0 0 0 0 0 2 1739 170979 155767 0 0 0 0 0
1787960496.727 t 122 276898 35 -3340 -1317 -57240 0 0 0 0 0 2 1739 170979 155767 0 0 0 0 0
1787960496.727 >>> SET stall_clear 1 #88
1787960496.741 ack 88 87 stall
1787960496.782 thdr seq now flags x y h ox oy oh vl vr i2cf cyc posl posr dutl dutr lexc wrng cycovr
1787960496.790 t 123 276954 35 -3340 -1317 -57240 0 0 0 0 0 2 1739 170979 155767 0 0 0 0 0
1787960496.844 t 124 277006 35 -3340 -1317 -57240 0 0 0 0 0 2 1739 170979 155767 0 0 0 0 0
1787960496.893 t 125 277062 35 -3340 -1317 -57240 0 0 0 0 0 2 1739 170979 155767 0 0 0 0 0
1787960496.947 t 126 277118 35 -3340 -1317 -57240 0 0 0 0 0 2 1739 170979 155767 0 0 0 0 0
1787960497.002 t 127 277174 35 -3340 -1317 -57240 0 0 0 0 0 2 1739 170979 155767 0 0 0 0 0
1787960497.061 t 0 277230 35 -3340 -1317 -57240 0 0 0 0 0 2 1739 170979 155767 0 0 0 0 0
1787960497.115 t 1 277286 35 -3340 -1317 -57240 0 0 0 0 0 2 1739 170979 155767 0 0 0 0 0
1787960497.170 t 2 277342 35 -3340 -1317 -57240 0 0 0 0 0 2 1739 170979 155767 0 0 0 0 0
1787960497.227 t 3 277398 35 -3340 -1317 -57240 0 0 0 0 0 2 1739 170979 155767 0 0 0 0 0
1787960497.279 >>> SET stall_window 0 #89
1787960497.285 t 4 277454 35 -3340 -1317 -57240 0 0 0 0 0 2 1739 170979 155767 0 0 0 0 0
1787960497.293 ack 89 87 stall
1787960497.339 t 5 277510 35 -3340 -1317 -57240 0 0 0 0 0 2 1739 170979 155767 0 0 0 0 0
1787960497.398 t 6 277566 35 -3340 -1317 -57240 0 0 0 0 0 2 1739 170979 155767 0 0 0 0 0
1787960497.455 t 7 277622 35 -3340 -1317 -57240 0 0 0 0 0 2 1739 170979 155767 0 0 0 0 0
1787960497.506 t 8 277678 35 -3340 -1317 -57240 0 0 0 0 0 2 1739 170979 155767 0 0 0 0 0
1787960497.565 t 9 277734 35 -3340 -1317 -57240 0 0 0 0 0 2 1739 170979 155767 0 0 0 0 0
1787960497.624 t 10 277790 35 -3340 -1317 -57240 0 0 0 0 0 2 1739 170979 155767 0 0 0 0 0
1787960497.674 t 11 277846 35 -3340 -1317 -57240 0 0 0 0 0 2 1739 170979 155767 0 0 0 0 0
1787960497.730 t 12 277902 35 -3340 -1317 -57240 0 0 0 0 0 2 1739 170979 155767 0 0 0 0 0
1787960497.784 === STEP REV duty=10% v=-85
1787960497.784 >>> WHEELS_V -85 -85 2000 #90
1787960497.785 t 13 277958 35 -3340 -1317 -57240 0 0 0 0 0 2 1739 170979 155767 0 0 0 0 0
1787960497.797 ack 90 87 stall
1787960497.855 thdr seq now flags x y h ox oy oh vl vr i2cf cyc posl posr dutl dutr lexc wrng cycovr
1787960497.865 t 14 278026 31 -3340 -1317 -57224 0 0 0 -25 -14 2 1741 170970 155762 -1000 -1000 0 0 0
1787960497.931 t 15 278098 31 -3335 -1320 -57070 0 0 0 -101 -48 2 1744 170884 155717 -1000 -1000 0 0 0
1787960498.000 t 16 278170 31 -3330 -1323 -56901 0 0 0 -111 -66 2 1747 170781 155659 -1000 -1000 0 0 0
1787960498.071 t 17 278242 31 -3324 -1326 -56716 0 0 0 -108 -66 2 1750 170679 155606 -1000 -1000 0 0 0
1787960498.144 t 18 278314 31 -3319 -1328 -56558 0 0 0 -108 -62 2 1753 170579 155548 -1000 -1000 0 0 0
1787960498.217 t 19 278386 31 -3313 -1331 -56382 0 0 0 -108 -56 2 1756 170479 155495 -1000 -1000 0 0 0
1787960498.287 t 20 278458 31 -3308 -1333 -56231 0 0 0 -102 -56 2 1759 170381 155437 -1000 -1000 0 0 0
1787960498.363 t 21 278530 31 -3302 -1336 -56084 0 0 0 -112 -53 2 1762 170284 155379 -1000 -1000 0 0 0
1787960498.432 t 22 278602 31 -3296 -1338 -55971 0 0 0 -99 -82 2 1765 170190 155315 -1000 -1000 0 0 0
1787960498.528 t 23 278674 31 -3290 -1340 -55836 0 0 0 -102 -75 2 1768 170095 155256 -1000 -1000 0 0 0
1787960498.579 t 24 278746 31 -3284 -1342 -55701 0 0 0 -118 -72 2 1771 169998 155195 -1000 -1000 0 0 0
1787960498.648 t 25 278818 31 -3279 -1343 -55561 0 0 0 -112 -53 2 1774 169906 155140 -1000 -1000 0 0 0
1787960498.721 t 26 278890 31 -3273 -1345 -55460 0 0 0 -89 -53 2 1777 169818 155079 -1000 -1000 0 0 0
1787960498.792 t 27 278962 31 -3267 -1346 -55354 0 0 0 -92 -69 3 1780 169723 155012 -1000 -1000 0 0 0
1787960498.863 t 28 279034 31 -3261 -1348 -55211 0 0 0 -108 -56 3 1783 169629 154956 -1000 -1000 0 0 0
1787960498.935 t 29 279106 31 -3255 -1349 -55095 0 0 0 -112 -66 3 1786 169534 154892 -1000 -1000 0 0 0
1787960499.009 t 30 279178 31 -3249 -1350 -55008 0 0 0 -92 -82 3 1789 169445 154826 -1000 -1000 0 0 0
1787960499.080 t 31 279250 31 -3243 -1351 -54876 0 0 0 -98 -66 3 1792 169351 154767 -1000 -1000 0 0 0
1787960499.154 t 32 279322 31 -3237 -1352 -54749 0 0 0 -108 -72 3 1795 169251 154701 -1100 -1000 0 0 0
1787960499.227 thdr seq now flags x y h ox oy oh vl vr i2cf cyc posl posr dutl dutr lexc wrng cycovr
1787960499.231 t 33 279394 31 -3231 -1353 -54613 0 0 0 -108 -72 3 1798 169154 154640 -1000 -900 0 0 0
1787960499.306 t 34 279466 31 -3224 -1353 -54474 0 0 0 -96 -53 3 1801 169056 154579 -1000 -1000 0 0 0
1787960499.374 t 35 279538 31 -3218 -1354 -54350 0 0 0 -112 -72 3 1804 168956 154512 -1000 -1000 0 0 0
1787960499.443 t 36 279610 31 -3211 -1354 -54237 0 0 0 -112 -76 3 1807 168856 154442 -1100 -1000 0 0 0
1787960499.511 t 37 279682 31 -3205 -1354 -54090 0 0 0 -112 -66 3 1810 168756 154381 -1000 -1000 0 0 0
1787960499.583 t 38 279754 31 -3198 -1354 -53962 0 0 0 -112 -72 3 1813 168656 154315 -1000 -900 0 0 0
1787960499.657 t 39 279826 31 -3192 -1354 -53808 0 0 0 -128 -72 3 1816 168551 154251 -1100 -1000 0 0 0
1787960499.727 t 40 279898 31 -3185 -1354 -53684 0 0 0 -108 -72 3 1819 168451 154184 -1000 -900 0 0 0
1787960499.800 t 41 279970 31 -3178 -1353 -53556 0 0 0 -112 -72 3 1822 168345 154112 -1000 -1000 0 0 0
1787960499.855 t 42 280026 31 -3176 -1353 -53514 0 0 0 -118 -82 3 1823 168309 154087 -1100 -1000 0 0 0
1787960499.913 t 43 280082 31 -3176 -1353 -53514 0 0 0 -118 -82 3 1823 168309 154087 -1100 -1000 0 0 0
1787960499.969 t 44 280139 31 -3176 -1353 -53514 0 0 0 -118 -82 3 1823 168309 154087 -1100 -1000 0 0 0
1787960500.023 t 45 280191 31 -3176 -1353 -53514 0 0 0 -118 -82 3 1823 168309 154087 -1100 -1000 0 0 0
1787960500.073 t 46 280243 31 -3176 -1353 -53514 0 0 0 -118 -82 3 1823 168309 154087 -1100 -1000 0 0 0
1787960500.125 t 47 280295 31 -3176 -1353 -53514 0 0 0 -118 -82 3 1823 168309 154087 -1100 -1000 0 0 0
1787960500.179 t 48 280347 31 -3176 -1353 -53514 0 0 0 -118 -82 3 1823 168309 154087 -1100 -1000 0 0 0
1787960500.230 t 49 280399 31 -3176 -1353 -53514 0 0 0 -118 -82 3 1823 168309 154087 -1100 -1000 0 0 0
1787960500.283 t 50 280451 31 -3176 -1353 -53514 0 0 0 -118 -82 3 1823 168309 154087 -1100 -1000 0 0 0
1787960500.333 t 51 280503 31 -3176 -1353 -53514 0 0 0 -118 -82 3 1823 168309 154087 -1100 -1000 0 0 0
1787960500.388 thdr seq now flags x y h ox oy oh vl vr i2cf cyc posl posr dutl dutr lexc wrng cycovr
1787960500.392 t 52 280555 31 -3176 -1353 -53514 0 0 0 -118 -82 3 1823 168309 154087 -1100 -1000 0 0 0
1787960500.565 t 53 280607 31 -3176 -1353 -53514 0 0 0 -118 -82 3 1823 168309 154087 -1100 -1000 0 0 0
1787960500.565 t 54 280659 31 -3176 -1353 -53514 0 0 0 -118 -82 3 1823 168309 154087 -1100 -1000 0 0 0
1787960500.565 t 55 280711 31 -3176 -1353 -53514 0 0 0 -118 -82 3 1823 168309 154087 -1100 -1000 0 0 0
1787960500.566 === BIAS RESET REV 15%
1787960500.566 >>> SET stall_window 50 #91
1787960500.788 t 56 280763 31 -3176 -1353 -53514 0 0 0 -118 -82 3 1823 168309 154087 -1100 -1000 0 0 0
1787960500.788 t 57 280815 31 -3176 -1353 -53514 0 0 0 -118 -82 3 1823 168309 154087 -1100 -1000 0 0 0
1787960500.788 t 58 280867 31 -3176 -1353 -53514 0 0 0 -118 -82 3 1823 168309 154087 -1100 -1000 0 0 0
1787960500.788 t 59 280920 31 -3176 -1353 -53514 0 0 0 -118 -82 3 1823 168309 154087 -1100 -1000 0 0 0
1787960501.020 t 60 280971 31 -3176 -1353 -53514 0 0 0 -118 -82 3 1823 168309 154087 -1100 -1000 0 0 0
1787960501.020 ack 91 90 timeout
1787960501.020 t 61 281024 31 -3176 -1353 -53514 0 0 0 -118 -82 3 1823 168309 154087 -1100 -1000 0 0 0
1787960501.020 t 62 281075 31 -3176 -1353 -53514 0 0 0 -118 -82 3 1823 168309 154087 -1100 -1000 0 0 0
1787960501.020 t 63 281127 31 -3176 -1353 -53514 0 0 0 -118 -82 3 1823 168309 154087 -1100 -1000 0 0 0
1787960501.020 t 64 281179 31 -3176 -1353 -53514 0 0 0 -118 -82 3 1823 168309 154087 -1100 -1000 0 0 0
1787960501.226 t 65 281231 31 -3176 -1353 -53514 0 0 0 -118 -82 3 1823 168309 154087 -1100 -1000 0 0 0
1787960501.226 t 66 281283 31 -3176 -1353 -53514 0 0 0 -118 -82 3 1823 168309 154087 -1100 -1000 0 0 0
1787960501.226 t 67 281335 31 -3176 -1353 -53514 0 0 0 -118 -82 3 1823 168309 154087 -1100 -1000 0 0 0
1787960501.226 t 68 281387 31 -3176 -1353 -53514 0 0 0 -118 -82 3 1823 168309 154087 -1100 -1000 0 0 0
1787960501.226 >>> WHEELS_V 40 40 300 #92
1787960501.255 ack 92 90 timeout
1787960501.277 t 69 281442 31 -3162 -1351 -53108 0 0 0 -12 -7 3 1824 168081 153967 500 500 0 0 0
1787960501.347 t 70 281514 35 -3164 -1352 -53161 0 0 0 56 26 3 1827 168112 153984 0 0 0 0 0
1787960501.417 thdr seq now flags x y h ox oy oh vl vr i2cf cyc posl posr dutl dutr lexc wrng cycovr
1787960501.421 t 71 281586 35 -3164 -1352 -53179 0 0 0 0 0 3 1830 168123 153990 0 0 0 0 0
1787960501.487 t 72 281658 35 -3164 -1352 -53179 0 0 0 0 0 3 1833 168123 153990 0 0 0 0 0
1787960501.559 t 73 281730 35 -3164 -1352 -53179 0 0 0 0 0 3 1836 168123 153990 0 0 0 0 0
1787960501.614 t 74 281786 35 -3164 -1352 -53179 0 0 0 0 0 3 1836 168123 153990 0 0 0 0 0
1787960501.670 t 75 281842 35 -3164 -1352 -53179 0 0 0 0 0 3 1836 168123 153990 0 0 0 0 0
1787960501.730 t 76 281898 35 -3164 -1352 -53179 0 0 0 0 0 3 1836 168123 153990 0 0 0 0 0
1787960501.782 t 77 281954 35 -3164 -1352 -53179 0 0 0 0 0 3 1836 168123 153990 0 0 0 0 0
1787960501.839 t 78 282010 35 -3164 -1352 -53179 0 0 0 0 0 3 1836 168123 153990 0 0 0 0 0
1787960501.914 t 79 282066 35 -3164 -1352 -53179 0 0 0 0 0 3 1836 168123 153990 0 0 0 0 0
1787960501.951 t 80 282122 35 -3164 -1352 -53179 0 0 0 0 0 3 1836 168123 153990 0 0 0 0 0
1787960502.009 t 81 282178 35 -3164 -1352 -53179 0 0 0 0 0 3 1836 168123 153990 0 0 0 0 0
1787960502.063 t 82 282234 35 -3164 -1352 -53179 0 0 0 0 0 3 1836 168123 153990 0 0 0 0 0
1787960502.118 t 83 282290 35 -3164 -1352 -53179 0 0 0 0 0 3 1836 168123 153990 0 0 0 0 0
1787960502.174 t 84 282346 35 -3164 -1352 -53179 0 0 0 0 0 3 1836 168123 153990 0 0 0 0 0
1787960502.234 t 85 282402 35 -3164 -1352 -53179 0 0 0 0 0 3 1836 168123 153990 0 0 0 0 0
1787960502.286 t 86 282458 35 -3164 -1352 -53179 0 0 0 0 0 3 1836 168123 153990 0 0 0 0 0
1787960502.343 t 87 282514 35 -3164 -1352 -53179 0 0 0 0 0 3 1836 168123 153990 0 0 0 0 0
1787960502.404 t 88 282570 35 -3164 -1352 -53179 0 0 0 0 0 3 1836 168123 153990 0 0 0 0 0
1787960502.454 t 89 282626 35 -3164 -1352 -53179 0 0 0 0 0 3 1836 168123 153990 0 0 0 0 0
1787960502.506 >>> SET stall_clear 1 #93
1787960502.511 thdr seq now flags x y h ox oy oh vl vr i2cf cyc posl posr dutl dutr lexc wrng cycovr
1787960502.517 t 90 282682 35 -3164 -1352 -53179 0 0 0 0 0 3 1836 168123 153990 0 0 0 0 0
1787960502.519 ack 93 92 stall
1787960502.563 t 91 282734 35 -3164 -1352 -53179 0 0 0 0 0 3 1836 168123 153990 0 0 0 0 0
1787960502.618 t 92 282790 35 -3164 -1352 -53179 0 0 0 0 0 3 1836 168123 153990 0 0 0 0 0
1787960502.677 t 93 282846 35 -3164 -1352 -53179 0 0 0 0 0 3 1836 168123 153990 0 0 0 0 0
1787960502.730 t 94 282902 35 -3164 -1352 -53179 0 0 0 0 0 3 1836 168123 153990 0 0 0 0 0
1787960502.786 t 95 282958 35 -3164 -1352 -53179 0 0 0 0 0 3 1836 168123 153990 0 0 0 0 0
1787960502.843 t 96 283014 35 -3164 -1352 -53179 0 0 0 0 0 3 1836 168123 153990 0 0 0 0 0
1787960502.899 t 97 283070 35 -3164 -1352 -53179 0 0 0 0 0 3 1836 168123 153990 0 0 0 0 0
1787960502.954 t 98 283126 35 -3164 -1352 -53179 0 0 0 0 0 3 1836 168123 153990 0 0 0 0 0
1787960503.008 >>> SET stall_window 0 #94
1787960503.010 t 99 283182 35 -3164 -1352 -53179 0 0 0 0 0 3 1836 168123 153990 0 0 0 0 0
1787960503.021 ack 94 92 stall
1787960503.067 t 100 283238 35 -3164 -1352 -53179 0 0 0 0 0 3 1836 168123 153990 0 0 0 0 0
1787960503.122 t 101 283294 35 -3164 -1352 -53179 0 0 0 0 0 3 1836 168123 153990 0 0 0 0 0
1787960503.179 t 102 283350 35 -3164 -1352 -53179 0 0 0 0 0 3 1836 168123 153990 0 0 0 0 0
1787960503.241 t 103 283406 35 -3164 -1352 -53179 0 0 0 0 0 3 1836 168123 153990 0 0 0 0 0
1787960503.292 t 104 283462 35 -3164 -1352 -53179 0 0 0 0 0 3 1836 168123 153990 0 0 0 0 0
1787960503.346 t 105 283518 35 -3164 -1352 -53179 0 0 0 0 0 3 1836 168123 153990 0 0 0 0 0
1787960503.402 t 106 283574 35 -3164 -1352 -53179 0 0 0 0 0 3 1836 168123 153990 0 0 0 0 0
1787960503.457 t 107 283630 35 -3164 -1352 -53179 0 0 0 0 0 3 1836 168123 153990 0 0 0 0 0
1787960503.509 === STEP REV duty=15% v=-128
1787960503.509 >>> WHEELS_V -128 -128 2000 #95
1787960503.516 t 108 283686 35 -3164 -1352 -53179 0 0 0 0 0 3 1836 168123 153990 0 0 0 0 0
1787960503.530 ack 95 92 stall
1787960503.583 thdr seq now flags x y h ox oy oh vl vr i2cf cyc posl posr dutl dutr lexc wrng cycovr
1787960503.591 t 109 283754 31 -3163 -1352 -53149 0 0 0 -48 -25 3 1838 168106 153981 -1500 -1500 0 0 0
1787960503.657 t 110 283826 31 -3155 -1350 -53033 0 0 0 -157 -115 3 1841 167984 153890 -1500 -1500 0 0 0
1787960503.727 t 111 283898 31 -3145 -1349 -52878 0 0 0 -174 -118 3 1844 167837 153784 -1500 -1500 0 0 0
1787960503.805 t 112 283970 31 -3136 -1346 -52762 0 0 0 -148 -128 3 1847 167695 153673 -1500 -1500 0 0 0
1787960503.872 t 113 284042 31 -3125 -1344 -52638 0 0 0 -164 -118 3 1850 167545 153556 -1500 -1500 0 0 0
1787960503.943 t 114 284114 31 -3115 -1342 -52491 0 0 0 -158 -128 3 1853 167395 153445 -1500 -1500 0 0 0
1787960504.015 t 115 284186 31 -3106 -1339 -52367 0 0 0 -164 -128 3 1856 167251 153334 -1500 -1500 0 0 0
1787960504.088 t 116 284258 31 -3096 -1336 -52250 0 0 0 -158 -138 3 1859 167106 153220 -1500 -1500 0 0 0
1787960504.159 t 117 284330 31 -3086 -1333 -52103 0 0 0 -154 -108 3 1862 166959 153112 -1500 -1500 0 0 0
1787960504.231 t 118 284402 31 -3077 -1329 -52002 0 0 0 -154 -128 3 1865 166815 152995 -1500 -1500 0 0 0
1787960504.304 t 119 284474 31 -3067 -1326 -51874 0 0 0 -164 -118 3 1868 166670 152884 -1500 -1600 0 0 0
1787960504.375 t 120 284546 31 -3058 -1322 -51780 0 0 0 -148 -128 3 1871 166534 152773 -1500 -1500 0 0 0
1787960504.447 t 121 284618 31 -3049 -1318 -51697 0 0 0 -148 -118 3 1874 166395 152656 -1500 -1500 0 0 0
1787960504.539 t 122 284690 31 -3040 -1314 -51569 0 0 0 -138 -108 3 1877 166256 152551 -1500 -1500 0 0 0
1787960504.591 t 123 284762 31 -3031 -1310 -51456 0 0 0 -154 -118 3 1880 166115 152440 -1500 -1500 0 0 0
1787960504.664 t 124 284834 31 -3022 -1306 -51362 0 0 0 -144 -108 3 1883 165979 152329 -1500 -1500 0 0 0
1787960504.735 t 125 284906 31 -3013 -1301 -51279 0 0 0 -135 -118 3 1886 165840 152212 -1500 -1500 0 0 0
1787960504.807 t 126 284978 31 -3005 -1297 -51185 0 0 0 -138 -128 3 1889 165701 152098 -1500 -1500 0 0 0
1787960504.882 t 127 285050 31 -2996 -1292 -51046 0 0 0 -148 -128 3 1892 165556 151990 -1500 -1500 0 0 0
1787960504.951 thdr seq now flags x y h ox oy oh vl vr i2cf cyc posl posr dutl dutr lexc wrng cycovr
1787960504.964 t 0 285122 31 -2987 -1287 -50922 0 0 0 -144 -108 3 1895 165412 151879 -1500 -1500 0 0 0
1787960505.023 t 1 285194 31 -2978 -1281 -50820 0 0 0 -155 -124 3 1898 165268 151762 -1500 -1500 0 0 0
1787960505.094 t 2 285266 31 -2970 -1276 -50692 0 0 0 -154 -118 3 1901 165123 151651 -1500 -1500 0 0 0
1787960505.170 t 3 285338 31 -2961 -1270 -50557 0 0 0 -164 -118 3 1904 164973 151537 -1500 -1500 0 0 0
1787960505.239 t 4 285410 31 -2953 -1264 -50444 0 0 0 -144 -128 3 1907 164829 151423 -1500 -1500 0 0 0
1787960505.312 t 5 285482 31 -2945 -1258 -50297 0 0 0 -164 -128 3 1910 164679 151312 -1600 -1500 0 0 0
1787960505.384 t 6 285554 31 -2936 -1252 -50162 0 0 0 -164 -118 3 1913 164529 151198 -1500 -1500 0 0 0
1787960505.454 t 7 285626 31 -2928 -1245 -50015 0 0 0 -174 -128 3 1916 164376 151084 -1500 -1500 0 0 0
1787960505.528 t 8 285698 31 -2920 -1239 -49902 0 0 0 -164 -138 3 1919 164229 150967 -1600 -1500 0 0 0
1787960505.585 t 9 285754 31 -2918 -1236 -49804 0 0 0 -194 -108 3 1920 164170 150934 -1500 -1500 0 0 0
1787960505.645 t 10 285810 31 -2918 -1236 -49804 0 0 0 -194 -108 3 1920 164170 150934 -1500 -1500 0 0 0
1787960505.690 t 11 285859 31 -2918 -1236 -49804 0 0 0 -194 -108 3 1920 164170 150934 -1500 -1500 0 0 0
1787960505.741 t 12 285911 31 -2918 -1236 -49804 0 0 0 -194 -108 3 1920 164170 150934 -1500 -1500 0 0 0
1787960505.793 t 13 285963 31 -2918 -1236 -49804 0 0 0 -194 -108 3 1920 164170 150934 -1500 -1500 0 0 0
1787960505.856 t 14 286015 31 -2918 -1236 -49804 0 0 0 -194 -108 3 1920 164170 150934 -1500 -1500 0 0 0
1787960505.898 t 15 286067 31 -2918 -1236 -49804 0 0 0 -194 -108 3 1920 164170 150934 -1500 -1500 0 0 0
1787960505.953 t 16 286119 31 -2918 -1236 -49804 0 0 0 -194 -108 3 1920 164170 150934 -1500 -1500 0 0 0
1787960506.003 t 17 286172 31 -2918 -1236 -49804 0 0 0 -194 -108 3 1920 164170 150934 -1500 -1500 0 0 0
1787960506.056 t 18 286223 31 -2918 -1236 -49804 0 0 0 -194 -108 3 1920 164170 150934 -1500 -1500 0 0 0
1787960506.106 thdr seq now flags x y h ox oy oh vl vr i2cf cyc posl posr dutl dutr lexc wrng cycovr
1787960506.112 t 19 286275 31 -2918 -1236 -49804 0 0 0 -194 -108 3 1920 164170 150934 -1500 -1500 0 0 0
1787960506.158 t 20 286327 31 -2918 -1236 -49804 0 0 0 -194 -108 3 1920 164170 150934 -1500 -1500 0 0 0
1787960506.214 t 21 286379 31 -2918 -1236 -49804 0 0 0 -194 -108 3 1920 164170 150934 -1500 -1500 0 0 0
1787960506.266 === BIAS RESET REV 20%
1787960506.266 >>> SET stall_window 50 #96
1787960506.275 t 22 286431 31 -2918 -1236 -49804 0 0 0 -194 -108 3 1920 164170 150934 -1500 -1500 0 0 0
1787960506.284 ack 96 95 timeout
1787960506.317 t 23 286483 31 -2918 -1236 -49804 0 0 0 -194 -108 3 1920 164170 150934 -1500 -1500 0 0 0
1787960506.373 t 24 286535 31 -2918 -1236 -49804 0 0 0 -194 -108 3 1920 164170 150934 -1500 -1500 0 0 0
1787960506.419 t 25 286587 31 -2918 -1236 -49804 0 0 0 -194 -108 3 1920 164170 150934 -1500 -1500 0 0 0
1787960506.469 t 26 286639 31 -2918 -1236 -49804 0 0 0 -194 -108 3 1920 164170 150934 -1500 -1500 0 0 0
1787960506.522 t 27 286691 31 -2918 -1236 -49804 0 0 0 -194 -108 3 1920 164170 150934 -1500 -1500 0 0 0
1787960506.574 t 28 286743 31 -2918 -1236 -49804 0 0 0 -194 -108 3 1920 164170 150934 -1500 -1500 0 0 0
1787960506.626 t 29 286795 31 -2918 -1236 -49804 0 0 0 -194 -108 3 1920 164170 150934 -1500 -1500 0 0 0
1787960506.677 t 30 286847 31 -2918 -1236 -49804 0 0 0 -194 -108 3 1920 164170 150934 -1500 -1500 0 0 0
1787960506.729 t 31 286899 31 -2918 -1236 -49804 0 0 0 -194 -108 3 1920 164170 150934 -1500 -1500 0 0 0
1787960506.774 >>> WHEELS_V 40 40 300 #97
1787960506.782 t 32 286951 31 -2918 -1236 -49804 0 0 0 -194 -108 3 1920 164170 150934 -1500 -1500 0 0 0
1787960506.784 ack 97 95 timeout
1787960506.842 t 33 287014 31 -2903 -1222 -49398 0 0 0 0 0 3 1922 163862 150734 500 400 0 0 0
1787960506.914 t 34 287086 35 -2905 -1224 -49492 0 0 0 46 10 3 1925 163904 150751 0 0 0 0 0
1787960506.985 t 35 287158 35 -2905 -1224 -49481 0 0 0 0 0 3 1928 163901 150751 0 0 0 0 0
1787960507.057 t 36 287230 35 -2905 -1224 -49481 0 0 0 0 0 3 1931 163901 150751 0 0 0 0 0
1787960507.116 t 37 287286 35 -2905 -1224 -49481 0 0 0 0 0 3 1933 163901 150751 0 0 0 0 0
1787960507.173 thdr seq now flags x y h ox oy oh vl vr i2cf cyc posl posr dutl dutr lexc wrng cycovr
1787960507.182 t 38 287342 35 -2905 -1224 -49481 0 0 0 0 0 3 1933 163901 150751 0 0 0 0 0
1787960507.222 t 39 287394 35 -2905 -1224 -49481 0 0 0 0 0 3 1933 163901 150751 0 0 0 0 0
1787960507.277 t 40 287450 35 -2905 -1224 -49481 0 0 0 0 0 3 1933 163901 150751 0 0 0 0 0
1787960507.335 t 41 287506 35 -2905 -1224 -49481 0 0 0 0 0 3 1933 163901 150751 0 0 0 0 0
1787960507.390 t 42 287562 35 -2905 -1224 -49481 0 0 0 0 0 3 1933 163901 150751 0 0 0 0 0
1787960507.445 t 43 287618 35 -2905 -1224 -49481 0 0 0 0 0 3 1933 163901 150751 0 0 0 0 0
1787960507.505 t 44 287674 35 -2905 -1224 -49481 0 0 0 0 0 3 1933 163901 150751 0 0 0 0 0
1787960507.559 t 45 287730 35 -2905 -1224 -49481 0 0 0 0 0 3 1933 163901 150751 0 0 0 0 0
1787960507.614 t 46 287786 35 -2905 -1224 -49481 0 0 0 0 0 3 1933 163901 150751 0 0 0 0 0
1787960507.672 t 47 287842 35 -2905 -1224 -49481 0 0 0 0 0 3 1933 163901 150751 0 0 0 0 0
1787960507.729 t 48 287898 35 -2905 -1224 -49481 0 0 0 0 0 3 1933 163901 150751 0 0 0 0 0
1787960507.782 t 49 287954 35 -2905 -1224 -49481 0 0 0 0 0 3 1933 163901 150751 0 0 0 0 0
1787960507.844 t 50 288010 35 -2905 -1224 -49481 0 0 0 0 0 3 1933 163901 150751 0 0 0 0 0
1787960507.900 t 51 288066 35 -2905 -1224 -49481 0 0 0 0 0 3 1933 163901 150751 0 0 0 0 0
1787960507.954 t 52 288122 35 -2905 -1224 -49481 0 0 0 0 0 3 1933 163901 150751 0 0 0 0 0
1787960508.006 t 53 288178 35 -2905 -1224 -49481 0 0 0 0 0 3 1933 163901 150751 0 0 0 0 0
1787960508.058 >>> SET stall_clear 1 #98
1787960508.066 t 54 288234 35 -2905 -1224 -49481 0 0 0 0 0 3 1933 163901 150751 0 0 0 0 0
1787960508.075 ack 98 97 stall
1787960508.118 t 55 288290 35 -2905 -1224 -49481 0 0 0 0 0 3 1933 163901 150751 0 0 0 0 0
1787960508.173 t 56 288346 35 -2905 -1224 -49481 0 0 0 0 0 3 1933 163901 150751 0 0 0 0 0
1787960508.230 thdr seq now flags x y h ox oy oh vl vr i2cf cyc posl posr dutl dutr lexc wrng cycovr
1787960508.242 t 57 288402 35 -2905 -1224 -49481 0 0 0 0 0 3 1933 163901 150751 0 0 0 0 0
1787960508.282 t 58 288454 35 -2905 -1224 -49481 0 0 0 0 0 3 1933 163901 150751 0 0 0 0 0
1787960508.343 t 59 288510 35 -2905 -1224 -49481 0 0 0 0 0 3 1933 163901 150751 0 0 0 0 0
1787960508.395 t 60 288566 35 -2905 -1224 -49481 0 0 0 0 0 3 1933 163901 150751 0 0 0 0 0
1787960508.450 t 61 288622 35 -2905 -1224 -49481 0 0 0 0 0 3 1933 163901 150751 0 0 0 0 0
1787960508.512 t 62 288678 35 -2905 -1224 -49481 0 0 0 0 0 3 1933 163901 150751 0 0 0 0 0
1787960508.559 >>> SET stall_window 0 #99
1787960508.564 t 63 288734 35 -2905 -1224 -49481 0 0 0 0 0 3 1933 163901 150751 0 0 0 0 0
1787960508.573 ack 99 97 stall
1787960508.617 t 64 288790 35 -2905 -1224 -49481 0 0 0 0 0 3 1933 163901 150751 0 0 0 0 0
1787960508.674 t 65 288846 35 -2905 -1224 -49481 0 0 0 0 0 3 1933 163901 150751 0 0 0 0 0
1787960508.730 t 66 288902 35 -2905 -1224 -49481 0 0 0 0 0 3 1933 163901 150751 0 0 0 0 0
1787960508.787 t 67 288958 35 -2905 -1224 -49481 0 0 0 0 0 3 1933 163901 150751 0 0 0 0 0
1787960508.842 t 68 289014 35 -2905 -1224 -49481 0 0 0 0 0 3 1933 163901 150751 0 0 0 0 0
1787960508.901 t 69 289070 35 -2905 -1224 -49481 0 0 0 0 0 3 1933 163901 150751 0 0 0 0 0
1787960508.956 t 70 289126 35 -2905 -1224 -49481 0 0 0 0 0 3 1933 163901 150751 0 0 0 0 0
1787960509.009 t 71 289182 35 -2905 -1224 -49481 0 0 0 0 0 3 1933 163901 150751 0 0 0 0 0
1787960509.062 === STEP REV duty=20% v=-170
1787960509.062 >>> WHEELS_V -170 -170 2000 #100
1787960509.066 t 72 289238 35 -2905 -1224 -49481 0 0 0 0 0 3 1933 163901 150751 0 0 0 0 0
1787960509.085 ack 100 97 stall
1787960509.136 t 73 289306 31 -2904 -1223 -49481 0 0 0 -48 -48 3 1935 163884 150734 -2000 -2000 0 0 0
1787960509.208 t 74 289378 31 -2896 -1215 -49311 0 0 0 -204 -144 3 1938 163717 150612 -2000 -2000 0 0 0
1787960509.280 t 75 289450 31 -2887 -1205 -49176 0 0 0 -210 -154 3 1941 163531 150462 -2000 -2000 0 0 0
1787960509.351 thdr seq now flags x y h ox oy oh vl vr i2cf cyc posl posr dutl dutr lexc wrng cycovr
1787960509.359 t 76 289522 31 -2878 -1195 -49063 0 0 0 -194 -154 3 1944 163345 150306 -2000 -2000 0 0 0
1787960509.424 t 77 289594 31 -2869 -1184 -48935 0 0 0 -206 -172 3 1947 163156 150151 -2000 -2000 0 0 0
1787960509.495 t 78 289666 31 -2861 -1174 -48833 0 0 0 -200 -184 3 1950 162973 149995 -2000 -2000 0 0 0
1787960509.570 t 79 289738 31 -2853 -1163 -48728 0 0 0 -200 -181 3 1953 162790 149840 -2000 -2000 0 0 0
1787960509.640 t 80 289810 31 -2845 -1153 -48645 0 0 0 -190 -154 3 1956 162612 149684 -2000 -2000 0 0 0
1787960509.712 t 81 289882 31 -2837 -1142 -48551 0 0 0 -190 -171 3 1959 162429 149526 -2000 -2000 0 0 0
1787960509.784 t 82 289954 31 -2829 -1131 -48457 0 0 0 -194 -184 3 1962 162245 149367 -2000 -2000 0 0 0
1787960509.854 t 83 290026 31 -2822 -1120 -48352 0 0 0 -200 -174 3 1965 162062 149212 -2000 -2000 0 0 0
1787960509.927 t 84 290098 31 -2815 -1109 -48250 0 0 0 -200 -164 3 1968 161879 149056 -2000 -2000 0 0 0
1787960509.999 t 85 290170 31 -2808 -1097 -48134 0 0 0 -210 -164 3 1971 161690 148898 -2000 -2000 0 0 0
1787960510.073 t 86 290242 31 -2801 -1086 -48036 0 0 0 -194 -181 3 1974 161506 148740 -2000 -2000 0 0 0
1787960510.144 t 87 290314 31 -2794 -1074 -47934 0 0 0 -210 -194 3 1977 161320 148581 -2100 -2000 0 0 0
1787960510.220 t 88 290386 31 -2787 -1062 -47791 0 0 0 -200 -164 3 1980 161129 148428 -2000 -2000 0 0 0
1787960510.290 t 89 290458 31 -2781 -1050 -47674 0 0 0 -200 -174 3 1983 160940 148270 -2000 -2000 0 0 0
1787960510.359 t 90 290530 31 -2775 -1037 -47535 0 0 0 -210 -171 3 1986 160748 148115 -2000 -2000 0 0 0
1787960510.432 t 91 290602 31 -2769 -1025 -47404 0 0 0 -217 -174 3 1989 160554 147956 -2000 -2000 0 0 0
1787960510.503 t 92 290674 31 -2764 -1012 -47264 0 0 0 -200 -164 3 1992 160362 147801 -2000 -2000 0 0 0
1787960510.576 t 93 290746 31 -2759 -999 -47110 0 0 0 -217 -164 3 1995 160165 147645 -2000 -2000 0 0 0
1787960510.648 t 94 290818 31 -2754 -986 -46971 0 0 0 -230 -164 3 1998 159970 147487 -2000 -2000 0 0 0
1787960510.719 thdr seq now flags x y h ox oy oh vl vr i2cf cyc posl posr dutl dutr lexc wrng cycovr
1787960510.727 t 95 290890 31 -2749 -973 -46850 0 0 0 -217 -174 3 2001 159779 147328 -2000 -2000 0 0 0
1787960510.793 t 96 290962 31 -2745 -960 -46745 0 0 0 -194 -171 3 2004 159590 147167 -2000 -1900 0 0 0
1787960510.868 t 97 291034 31 -2741 -947 -46617 0 0 0 -200 -174 3 2007 159401 147012 -2000 -2000 0 0 0
1787960510.942 t 98 291106 31 -2738 -934 -46493 0 0 0 -210 -164 3 2010 159212 146856 -2000 -2000 0 0 0
1787960511.050 t 99 291178 31 -2734 -921 -46429 0 0 0 -190 -181 3 2013 159029 146690 -2100 -2000 0 0 0
1787960511.081 t 100 291250 31 -2731 -908 -46346 0 0 0 -200 -174 3 2016 158845 146528 -2000 -2000 0 0 0
1787960511.136 t 101 291306 31 -2730 -903 -46286 0 0 0 -217 -164 3 2017 158779 146478 -2000 -2000 0 0 0
1787960511.192 t 102 291362 31 -2730 -903 -46286 0 0 0 -217 -164 3 2017 158779 146478 -2000 -2000 0 0 0
1787960511.249 t 103 291418 31 -2730 -903 -46286 0 0 0 -217 -164 3 2017 158779 146478 -2000 -2000 0 0 0
1787960511.305 t 104 291475 31 -2730 -903 -46286 0 0 0 -217 -164 3 2017 158779 146478 -2000 -2000 0 0 0
1787960511.361 t 105 291527 31 -2730 -903 -46286 0 0 0 -217 -164 3 2017 158779 146478 -2000 -2000 0 0 0
1787960511.414 t 106 291579 31 -2730 -903 -46286 0 0 0 -217 -164 3 2017 158779 146478 -2000 -2000 0 0 0
1787960511.490 t 107 291631 31 -2730 -903 -46286 0 0 0 -217 -164 3 2017 158779 146478 -2000 -2000 0 0 0
1787960511.548 t 108 291683 31 -2730 -903 -46286 0 0 0 -217 -164 3 2017 158779 146478 -2000 -2000 0 0 0
1787960511.575 t 109 291735 31 -2730 -903 -46286 0 0 0 -217 -164 3 2017 158779 146478 -2000 -2000 0 0 0
1787960511.631 t 110 291787 31 -2730 -903 -46286 0 0 0 -217 -164 3 2017 158779 146478 -2000 -2000 0 0 0
1787960511.670 t 111 291839 31 -2730 -903 -46286 0 0 0 -217 -164 3 2017 158779 146478 -2000 -2000 0 0 0
1787960511.728 t 112 291891 31 -2730 -903 -46286 0 0 0 -217 -164 3 2017 158779 146478 -2000 -2000 0 0 0
1787960511.776 t 113 291943 31 -2730 -903 -46286 0 0 0 -217 -164 3 2017 158779 146478 -2000 -2000 0 0 0
1787960511.824 === BIAS RESET REV 25%
1787960511.825 >>> SET stall_window 50 #101
1787960511.826 thdr seq now flags x y h ox oy oh vl vr i2cf cyc posl posr dutl dutr lexc wrng cycovr
1787960511.832 t 114 291995 31 -2730 -903 -46286 0 0 0 -217 -164 3 2017 158779 146478 -2000 -2000 0 0 0
1787960511.837 ack 101 100 timeout
1787960511.879 t 115 292047 31 -2730 -903 -46286 0 0 0 -217 -164 3 2017 158779 146478 -2000 -2000 0 0 0
1787960511.929 t 116 292099 31 -2730 -903 -46286 0 0 0 -217 -164 3 2017 158779 146478 -2000 -2000 0 0 0
1787960511.989 t 117 292151 31 -2730 -903 -46286 0 0 0 -217 -164 3 2017 158779 146478 -2000 -2000 0 0 0
1787960512.033 t 118 292203 31 -2730 -903 -46286 0 0 0 -217 -164 3 2017 158779 146478 -2000 -2000 0 0 0
1787960512.157 t 119 292255 31 -2730 -903 -46286 0 0 0 -217 -164 3 2017 158779 146478 -2000 -2000 0 0 0
1787960512.157 t 120 292307 31 -2730 -903 -46286 0 0 0 -217 -164 3 2017 158779 146478 -2000 -2000 0 0 0
1787960512.190 t 121 292359 31 -2730 -903 -46286 0 0 0 -217 -164 3 2017 158779 146478 -2000 -2000 0 0 0
1787960512.242 t 122 292411 31 -2730 -903 -46286 0 0 0 -217 -164 3 2017 158779 146478 -2000 -2000 0 0 0
1787960512.305 t 123 292463 31 -2730 -903 -46286 0 0 0 -217 -164 3 2017 158779 146478 -2000 -2000 0 0 0
1787960512.341 >>> WHEELS_V 40 40 300 #102
1787960512.347 t 124 292515 31 -2730 -903 -46286 0 0 0 -217 -164 3 2017 158779 146478 -2000 -2000 0 0 0
1787960512.358 ack 102 100 timeout
1787960512.414 t 125 292586 31 -2724 -875 -46053 0 0 0 14 8 3 2019 158384 146145 500 400 0 0 0
1787960512.487 t 126 292658 35 -2724 -877 -46083 0 0 0 20 10 3 2022 158412 146165 0 0 0 0 0
1787960512.559 t 127 292730 35 -2724 -877 -46083 0 0 0 0 0 3 2025 158412 146165 0 0 0 0 0
1787960512.633 t 0 292802 35 -2724 -877 -46083 0 0 0 0 0 3 2028 158412 146165 0 0 0 0 0
1787960512.687 t 1 292858 35 -2724 -877 -46083 0 0 0 0 0 3 2030 158412 146165 0 0 0 0 0
1787960512.742 t 2 292914 35 -2724 -877 -46083 0 0 0 0 0 3 2030 158412 146165 0 0 0 0 0
1787960512.798 t 3 292970 35 -2724 -877 -46083 0 0 0 0 0 3 2030 158412 146165 0 0 0 0 0
1787960512.855 t 4 293026 35 -2724 -877 -46083 0 0 0 0 0 3 2030 158412 146165 0 0 0 0 0
1787960512.915 thdr seq now flags x y h ox oy oh vl vr i2cf cyc posl posr dutl dutr lexc wrng cycovr
1787960512.917 t 5 293082 35 -2724 -877 -46083 0 0 0 0 0 3 2030 158412 146165 0 0 0 0 0
1787960512.962 t 6 293134 35 -2724 -877 -46083 0 0 0 0 0 3 2030 158412 146165 0 0 0 0 0
1787960513.020 t 7 293190 35 -2724 -877 -46083 0 0 0 0 0 3 2030 158412 146165 0 0 0 0 0
1787960513.074 t 8 293246 35 -2724 -877 -46083 0 0 0 0 0 3 2030 158412 146165 0 0 0 0 0
1787960513.130 t 9 293302 35 -2724 -877 -46083 0 0 0 0 0 3 2030 158412 146165 0 0 0 0 0
1787960513.188 t 10 293358 35 -2724 -877 -46083 0 0 0 0 0 3 2030 158412 146165 0 0 0 0 0
1787960513.242 t 11 293414 35 -2724 -877 -46083 0 0 0 0 0 3 2030 158412 146165 0 0 0 0 0
1787960513.297 t 12 293470 35 -2724 -877 -46083 0 0 0 0 0 3 2030 158412 146165 0 0 0 0 0
1787960513.355 t 13 293526 35 -2724 -877 -46083 0 0 0 0 0 3 2030 158412 146165 0 0 0 0 0
1787960513.410 t 14 293582 35 -2724 -877 -46083 0 0 0 0 0 3 2030 158412 146165 0 0 0 0 0
1787960513.466 t 15 293638 35 -2724 -877 -46083 0 0 0 0 0 3 2030 158412 146165 0 0 0 0 0
1787960513.521 t 16 293694 35 -2724 -877 -46083 0 0 0 0 0 3 2030 158412 146165 0 0 0 0 0
1787960513.578 t 17 293750 35 -2724 -877 -46083 0 0 0 0 0 3 2030 158412 146165 0 0 0 0 0
1787960513.632 >>> SET stall_clear 1 #103
1787960513.634 t 18 293806 35 -2724 -877 -46083 0 0 0 0 0 3 2030 158412 146165 0 0 0 0 0
1787960513.645 ack 103 102 stall
1787960513.690 t 19 293862 35 -2724 -877 -46083 0 0 0 0 0 3 2030 158412 146165 0 0 0 0 0
1787960513.746 t 20 293918 35 -2724 -877 -46083 0 0 0 0 0 3 2030 158412 146165 0 0 0 0 0
1787960513.805 t 21 293974 35 -2724 -877 -46083 0 0 0 0 0 3 2030 158412 146165 0 0 0 0 0
1787960513.859 t 22 294030 35 -2724 -877 -46083 0 0 0 0 0 3 2030 158412 146165 0 0 0 0 0
1787960513.913 t 23 294086 35 -2724 -877 -46083 0 0 0 0 0 3 2030 158412 146165 0 0 0 0 0
1787960513.974 thdr seq now flags x y h ox oy oh vl vr i2cf cyc posl posr dutl dutr lexc wrng cycovr
1787960513.977 t 24 294142 35 -2724 -877 -46083 0 0 0 0 0 3 2030 158412 146165 0 0 0 0 0
1787960514.022 t 25 294194 35 -2724 -877 -46083 0 0 0 0 0 3 2030 158412 146165 0 0 0 0 0
1787960514.080 t 26 294250 35 -2724 -877 -46083 0 0 0 0 0 3 2030 158412 146165 0 0 0 0 0
1787960514.133 t 27 294306 35 -2724 -877 -46083 0 0 0 0 0 3 2030 158412 146165 0 0 0 0 0
1787960514.133 >>> SET stall_window 0 #104
1787960514.146 ack 104 102 stall
1787960514.190 t 28 294362 35 -2724 -877 -46083 0 0 0 0 0 3 2030 158412 146165 0 0 0 0 0
1787960514.248 t 29 294418 35 -2724 -877 -46083 0 0 0 0 0 3 2030 158412 146165 0 0 0 0 0
1787960514.301 t 30 294474 35 -2724 -877 -46083 0 0 0 0 0 3 2030 158412 146165 0 0 0 0 0
1787960514.358 t 31 294530 35 -2724 -877 -46083 0 0 0 0 0 3 2030 158412 146165 0 0 0 0 0
1787960514.418 t 32 294586 35 -2724 -877 -46083 0 0 0 0 0 3 2030 158412 146165 0 0 0 0 0
1787960514.469 t 33 294642 35 -2724 -877 -46083 0 0 0 0 0 3 2030 158412 146165 0 0 0 0 0
1787960514.527 t 34 294698 35 -2724 -877 -46083 0 0 0 0 0 3 2030 158412 146165 0 0 0 0 0
1787960514.595 t 35 294754 35 -2724 -877 -46083 0 0 0 0 0 3 2030 158412 146165 0 0 0 0 0
1787960514.634 === STEP REV duty=25% v=-213
1787960514.634 >>> WHEELS_V -213 -213 2000 #105
1787960514.639 t 36 294810 35 -2724 -877 -46083 0 0 0 0 0 3 2030 158412 146165 0 0 0 0 0
1787960514.662 ack 105 102 stall
1787960514.707 t 37 294878 31 -2724 -875 -46041 0 0 0 -70 -39 3 2032 158387 146151 -2500 -2500 0 0 0
1787960514.780 t 38 294950 31 -2722 -862 -45913 0 0 0 -240 -200 3 2035 158192 145990 -2500 -2500 0 0 0
1787960514.851 t 39 295022 31 -2719 -845 -45823 0 0 0 -236 -200 3 2038 157973 145795 -2500 -2500 0 0 0
1787960514.925 t 40 295094 31 -2717 -829 -45718 0 0 0 -236 -210 3 2041 157745 145595 -2500 -2500 0 0 0
1787960514.998 t 41 295166 31 -2715 -812 -45571 0 0 0 -246 -217 3 2044 157512 145401 -2500 -2500 0 0 0
1787960515.068 t 42 295238 31 -2714 -795 -45447 0 0 0 -246 -217 3 2047 157279 145201 -2500 -2500 0 0 0
1787960515.146 thdr seq now flags x y h ox oy oh vl vr i2cf cyc posl posr dutl dutr lexc wrng cycovr
1787960515.148 t 43 295310 31 -2713 -778 -45330 0 0 0 -256 -226 3 2050 157045 144998 -2500 -2500 0 0 0
1787960515.210 t 44 295382 31 -2712 -761 -45187 0 0 0 -242 -228 3 2053 156812 144803 -2500 -2500 0 0 0
1787960515.283 t 45 295454 31 -2712 -744 -45018 0 0 0 -256 -210 3 2056 156573 144609 -2500 -2500 0 0 0
1787960515.355 t 46 295526 31 -2712 -727 -44894 0 0 0 -253 -226 3 2059 156340 144409 -2500 -2500 0 0 0
1787960515.429 t 47 295598 31 -2712 -710 -44777 0 0 0 -246 -227 3 2062 156109 144209 -2600 -2500 0 0 0
1787960515.500 t 48 295670 31 -2713 -693 -44619 0 0 0 -266 -207 3 2065 155873 144015 -2500 -2500 0 0 0
1787960515.572 t 49 295742 31 -2715 -676 -44506 0 0 0 -256 -220 3 2068 155645 143817 -2500 -2500 0 0 0
1787960515.643 t 50 295814 31 -2716 -660 -44423 0 0 0 -237 -220 3 2071 155423 143617 -2600 -2500 0 0 0
1787960515.722 t 51 295886 31 -2718 -643 -44318 0 0 0 -236 -220 3 2074 155195 143417 -2500 -2500 0 0 0
1787960515.788 t 52 295958 31 -2720 -626 -44220 0 0 0 -240 -236 3 2077 154967 143215 -2600 -2500 0 0 0
1787960515.860 t 53 296030 31 -2723 -609 -44077 0 0 0 -246 -220 3 2080 154734 143020 -2500 -2500 0 0 0
1787960515.931 t 54 296102 31 -2726 -593 -43983 0 0 0 -256 -220 3 2083 154506 142817 -2600 -2500 0 0 0
1787960516.003 t 55 296174 31 -2729 -576 -43855 0 0 0 -256 -226 3 2086 154270 142615 -2500 -2500 0 0 0
1787960516.075 t 56 296246 31 -2733 -559 -43765 0 0 0 -253 -236 3 2089 154040 142409 -2600 -2500 0 0 0
1787960516.147 t 57 296318 31 -2736 -542 -43607 0 0 0 -256 -216 3 2092 153801 142212 -2500 -2500 0 0 0
1787960516.219 t 58 296390 31 -2741 -526 -43479 0 0 0 -246 -216 3 2095 153567 142012 -2500 -2500 0 0 0
1787960516.296 t 59 296462 31 -2746 -509 -43347 0 0 0 -272 -246 3 2098 153323 141803 -2600 -2500 0 0 0
1787960516.365 t 60 296534 31 -2751 -492 -43189 0 0 0 -265 -220 3 2101 153084 141606 -2500 -2500 0 0 0
1787960516.436 t 61 296606 31 -2756 -476 -43065 0 0 0 -246 -220 3 2104 152851 141406 -2500 -2500 0 0 0
1787960516.507 thdr seq now flags x y h ox oy oh vl vr i2cf cyc posl posr dutl dutr lexc wrng cycovr
1787960516.515 t 62 296678 31 -2762 -460 -42918 0 0 0 -256 -220 3 2107 152612 141206 -2500 -2500 0 0 0
1787960516.580 t 63 296750 31 -2769 -444 -42790 0 0 0 -264 -234 3 2110 152373 141001 -2500 -2500 0 0 0
1787960516.650 t 64 296822 31 -2775 -428 -42685 0 0 0 -236 -236 3 2113 152145 140801 -2600 -2500 0 0 0
1787960516.708 t 65 296878 31 -2778 -423 -42636 0 0 0 -272 -230 3 2114 152062 140731 -2500 -2500 0 0 0
1787960516.766 t 66 296935 31 -2778 -423 -42636 0 0 0 -272 -230 3 2114 152062 140731 -2500 -2500 0 0 0
1787960516.818 t 67 296987 31 -2778 -423 -42636 0 0 0 -272 -230 3 2114 152062 140731 -2500 -2500 0 0 0
1787960516.870 t 68 297039 31 -2778 -423 -42636 0 0 0 -272 -230 3 2114 152062 140731 -2500 -2500 0 0 0
1787960516.922 t 69 297091 31 -2778 -423 -42636 0 0 0 -272 -230 3 2114 152062 140731 -2500 -2500 0 0 0
1787960516.977 t 70 297143 31 -2778 -423 -42636 0 0 0 -272 -230 3 2114 152062 140731 -2500 -2500 0 0 0
1787960517.026 t 71 297196 31 -2778 -423 -42636 0 0 0 -272 -230 3 2114 152062 140731 -2500 -2500 0 0 0
1787960517.080 t 72 297247 31 -2778 -423 -42636 0 0 0 -272 -230 3 2114 152062 140731 -2500 -2500 0 0 0
1787960517.129 t 73 297299 31 -2778 -423 -42636 0 0 0 -272 -230 3 2114 152062 140731 -2500 -2500 0 0 0
1787960517.182 t 74 297351 31 -2778 -423 -42636 0 0 0 -272 -230 3 2114 152062 140731 -2500 -2500 0 0 0
1787960517.234 t 75 297403 31 -2778 -423 -42636 0 0 0 -272 -230 3 2114 152062 140731 -2500 -2500 0 0 0
1787960517.286 t 76 297455 31 -2778 -423 -42636 0 0 0 -272 -230 3 2114 152062 140731 -2500 -2500 0 0 0
1787960517.339 t 77 297507 31 -2778 -423 -42636 0 0 0 -272 -230 3 2114 152062 140731 -2500 -2500 0 0 0
1787960517.389 t 78 297559 31 -2778 -423 -42636 0 0 0 -272 -230 3 2114 152062 140731 -2500 -2500 0 0 0
1787960517.437 === BIAS RESET REV 30%
1787960517.437 >>> SET stall_window 50 #106
1787960517.441 t 79 297611 31 -2778 -423 -42636 0 0 0 -272 -230 3 2114 152062 140731 -2500 -2500 0 0 0
1787960517.457 ack 106 105 timeout
1787960517.494 t 80 297663 31 -2778 -423 -42636 0 0 0 -272 -230 3 2114 152062 140731 -2500 -2500 0 0 0
1787960517.544 thdr seq now flags x y h ox oy oh vl vr i2cf cyc posl posr dutl dutr lexc wrng cycovr
1787960517.554 t 81 297715 31 -2778 -423 -42636 0 0 0 -272 -230 3 2114 152062 140731 -2500 -2500 0 0 0
1787960517.598 t 82 297767 31 -2778 -423 -42636 0 0 0 -272 -230 3 2114 152062 140731 -2500 -2500 0 0 0
1787960517.650 t 83 297819 31 -2778 -423 -42636 0 0 0 -272 -230 3 2114 152062 140731 -2500 -2500 0 0 0
1787960517.701 t 84 297871 31 -2778 -423 -42636 0 0 0 -272 -230 3 2114 152062 140731 -2500 -2500 0 0 0
1787960517.753 t 85 297923 31 -2778 -423 -42636 0 0 0 -272 -230 3 2114 152062 140731 -2500 -2500 0 0 0
1787960517.806 t 86 297975 31 -2778 -423 -42636 0 0 0 -272 -230 3 2114 152062 140731 -2500 -2500 0 0 0
1787960517.861 t 87 298027 31 -2778 -423 -42636 0 0 0 -272 -230 3 2114 152062 140731 -2500 -2500 0 0 0
1787960517.909 t 88 298079 31 -2778 -423 -42636 0 0 0 -272 -230 3 2114 152062 140731 -2500 -2500 0 0 0
1787960517.957 >>> WHEELS_V 40 40 300 #107
1787960517.961 t 89 298131 31 -2778 -423 -42636 0 0 0 -272 -230 3 2114 152062 140731 -2500 -2500 0 0 0
1787960517.974 ack 107 105 timeout
1787960518.035 t 90 298202 31 -2793 -391 -42249 0 0 0 0 0 3 2116 151562 140334 500 400 0 0 0
1787960518.106 t 91 298274 35 -2792 -392 -42290 0 0 0 20 0 3 2119 151590 140351 0 0 0 0 0
1787960518.175 t 92 298346 35 -2792 -392 -42290 0 0 0 0 0 3 2122 151590 140351 0 0 0 0 0
1787960518.245 t 93 298418 35 -2792 -392 -42290 0 0 0 0 0 3 2125 151590 140351 0 0 0 0 0
1787960518.304 t 94 298474 35 -2792 -392 -42290 0 0 0 0 0 3 2127 151590 140351 0 0 0 0 0
1787960518.358 t 95 298530 35 -2792 -392 -42290 0 0 0 0 0 3 2127 151590 140351 0 0 0 0 0
1787960518.415 t 96 298586 35 -2792 -392 -42290 0 0 0 0 0 3 2127 151590 140351 0 0 0 0 0
1787960518.470 t 97 298642 35 -2792 -392 -42290 0 0 0 0 0 3 2127 151590 140351 0 0 0 0 0
1787960518.526 t 98 298698 35 -2792 -392 -42290 0 0 0 0 0 3 2127 151590 140351 0 0 0 0 0
1787960518.584 t 99 298754 35 -2792 -392 -42290 0 0 0 0 0 3 2127 151590 140351 0 0 0 0 0
1787960518.638 thdr seq now flags x y h ox oy oh vl vr i2cf cyc posl posr dutl dutr lexc wrng cycovr
1787960518.651 t 100 298810 35 -2792 -392 -42290 0 0 0 0 0 3 2127 151590 140351 0 0 0 0 0
1787960518.691 t 101 298862 35 -2792 -392 -42290 0 0 0 0 0 3 2127 151590 140351 0 0 0 0 0
1787960518.746 t 102 298918 35 -2792 -392 -42290 0 0 0 0 0 3 2127 151590 140351 0 0 0 0 0
1787960518.804 t 103 298974 35 -2792 -392 -42290 0 0 0 0 0 3 2127 151590 140351 0 0 0 0 0
1787960518.859 t 104 299030 35 -2792 -392 -42290 0 0 0 0 0 3 2127 151590 140351 0 0 0 0 0
1787960518.915 t 105 299086 35 -2792 -392 -42290 0 0 0 0 0 3 2127 151590 140351 0 0 0 0 0
1787960518.970 t 106 299142 35 -2792 -392 -42290 0 0 0 0 0 3 2127 151590 140351 0 0 0 0 0
1787960519.030 t 107 299198 35 -2792 -392 -42290 0 0 0 0 0 3 2127 151590 140351 0 0 0 0 0
1787960519.083 t 108 299254 35 -2792 -392 -42290 0 0 0 0 0 3 2127 151590 140351 0 0 0 0 0
1787960519.144 t 109 299310 35 -2792 -392 -42290 0 0 0 0 0 3 2127 151590 140351 0 0 0 0 0
1787960519.197 t 110 299366 35 -2792 -392 -42290 0 0 0 0 0 3 2127 151590 140351 0 0 0 0 0
1787960519.247 >>> SET stall_clear 1 #108
1787960519.249 t 111 299422 35 -2792 -392 -42290 0 0 0 0 0 3 2127 151590 140351 0 0 0 0 0
1787960519.267 ack 108 107 stall
1787960519.306 t 112 299478 35 -2792 -392 -42290 0 0 0 0 0 3 2127 151590 140351 0 0 0 0 0
1787960519.367 t 113 299534 35 -2792 -392 -42290 0 0 0 0 0 3 2127 151590 140351 0 0 0 0 0
1787960519.420 t 114 299590 35 -2792 -392 -42290 0 0 0 0 0 3 2127 151590 140351 0 0 0 0 0
1787960519.474 t 115 299646 35 -2792 -392 -42290 0 0 0 0 0 3 2127 151590 140351 0 0 0 0 0
1787960519.530 t 116 299702 35 -2792 -392 -42290 0 0 0 0 0 3 2127 151590 140351 0 0 0 0 0
1787960519.586 t 117 299758 35 -2792 -392 -42290 0 0 0 0 0 3 2127 151590 140351 0 0 0 0 0
1787960519.642 t 118 299814 35 -2792 -392 -42290 0 0 0 0 0 3 2127 151590 140351 0 0 0 0 0
1787960519.700 thdr seq now flags x y h ox oy oh vl vr i2cf cyc posl posr dutl dutr lexc wrng cycovr
1787960519.709 t 119 299870 35 -2792 -392 -42290 0 0 0 0 0 3 2127 151590 140351 0 0 0 0 0
1787960519.748 >>> SET stall_window 0 #109
1787960519.750 t 120 299922 35 -2792 -392 -42290 0 0 0 0 0 3 2127 151590 140351 0 0 0 0 0
1787960519.761 ack 109 107 stall
1787960519.810 t 121 299978 35 -2792 -392 -42290 0 0 0 0 0 3 2127 151590 140351 0 0 0 0 0
1787960519.863 t 122 300034 35 -2792 -392 -42290 0 0 0 0 0 3 2127 151590 140351 0 0 0 0 0
1787960519.918 t 123 300090 35 -2792 -392 -42290 0 0 0 0 0 3 2127 151590 140351 0 0 0 0 0
1787960519.973 t 124 300146 35 -2792 -392 -42290 0 0 0 0 0 3 2127 151590 140351 0 0 0 0 0
1787960520.030 t 125 300202 35 -2792 -392 -42290 0 0 0 0 0 3 2127 151590 140351 0 0 0 0 0
1787960520.086 t 126 300258 35 -2792 -392 -42290 0 0 0 0 0 3 2127 151590 140351 0 0 0 0 0
1787960520.146 t 127 300314 35 -2792 -392 -42290 0 0 0 0 0 3 2127 151590 140351 0 0 0 0 0
1787960520.198 t 0 300370 35 -2792 -392 -42290 0 0 0 0 0 3 2127 151590 140351 0 0 0 0 0
1787960520.250 === STEP REV duty=30% v=-255
1787960520.250 >>> WHEELS_V -255 -255 2000 #110
1787960520.257 t 1 300426 35 -2792 -392 -42290 0 0 0 0 0 3 2127 151590 140351 0 0 0 0 0
1787960520.266 ack 110 107 stall
1787960520.325 t 2 300494 31 -2793 -391 -42301 0 0 0 -48 -56 3 2129 151573 140331 -3000 -3000 0 0 0
1787960520.396 t 3 300566 31 -2800 -377 -42173 0 0 0 -266 -246 3 2132 151356 140148 -3000 -3000 0 0 0
1787960520.466 t 4 300638 31 -2810 -360 -42019 0 0 0 -308 -256 3 2135 151084 139917 -3000 -3000 0 0 0
1787960520.538 t 5 300710 31 -2820 -342 -41914 0 0 0 -299 -263 3 2138 150815 139676 -3000 -3000 0 0 0
1787960520.611 t 6 300782 31 -2830 -325 -41797 0 0 0 -292 -256 3 2141 150545 139437 -3000 -3000 0 0 0
1787960520.684 t 7 300854 31 -2842 -308 -41673 0 0 0 -312 -276 3 2144 150267 139192 -3000 -3000 0 0 0
1787960520.754 t 8 300926 31 -2853 -291 -41530 0 0 0 -289 -256 3 2147 149990 138953 -3000 -3000 0 0 0
1787960520.830 t 9 300998 31 -2865 -274 -41402 0 0 0 -292 -272 3 2150 149712 138709 -3000 -2900 0 0 0
1787960520.912 thdr seq now flags x y h ox oy oh vl vr i2cf cyc posl posr dutl dutr lexc wrng cycovr
1787960520.912 t 10 301070 31 -2877 -258 -41255 0 0 0 -302 -276 3 2153 149431 138467 -3000 -3000 0 0 0
1787960520.974 t 11 301142 31 -2890 -242 -41108 0 0 0 -290 -267 3 2156 149153 138228 -3000 -3000 0 0 0
1787960521.043 t 12 301214 31 -2903 -226 -40973 0 0 0 -292 -272 3 2159 148873 137984 -3000 -3000 0 0 0
1787960521.115 t 13 301286 31 -2916 -211 -40826 0 0 0 -312 -256 3 2162 148595 137745 -3000 -3000 0 0 0
1787960521.188 t 14 301358 31 -2930 -196 -40721 0 0 0 -302 -246 3 2165 148323 137501 -3000 -3000 0 0 0
1787960521.259 t 15 301430 31 -2944 -181 -40597 0 0 0 -312 -266 3 2168 148045 137256 -3000 -3000 0 0 0
1787960521.331 t 16 301502 31 -2958 -166 -40491 0 0 0 -292 -256 3 2171 147778 137017 -3000 -3000 0 0 0
1787960521.404 t 17 301574 31 -2973 -152 -40386 0 0 0 -282 -272 3 2174 147506 136773 -3000 -3000 0 0 0
1787960521.476 t 18 301646 31 -2988 -138 -40254 0 0 0 -318 -256 3 2177 147226 136528 -3000 -3000 0 0 0
1787960521.552 t 19 301718 31 -3003 -124 -40156 0 0 0 -302 -282 3 2180 146953 136281 -3000 -3000 0 0 0
1787960521.621 t 20 301790 31 -3019 -111 -40040 0 0 0 -312 -282 3 2183 146678 136037 -3100 -3000 0 0 0
1787960521.695 t 21 301862 31 -3034 -98 -39908 0 0 0 -299 -273 3 2186 146401 135795 -3000 -3000 0 0 0
1787960521.762 t 22 301934 31 -3051 -85 -39791 0 0 0 -302 -272 3 2189 146120 135545 -3000 -3000 0 0 0
1787960521.834 t 23 302006 31 -3067 -72 -39656 0 0 0 -308 -266 3 2192 145834 135295 -3000 -3000 0 0 0
1787960521.913 t 24 302078 31 -3084 -60 -39528 0 0 0 -302 -263 3 2195 145556 135051 -3100 -3000 0 0 0
1787960522.018 t 25 302150 31 -3101 -48 -39385 0 0 0 -302 -272 3 2198 145273 134806 -3000 -3000 0 0 0
1787960522.050 t 26 302222 31 -3119 -37 -39298 0 0 0 -312 -272 3 2201 144995 134551 -3000 -3000 0 0 0
1787960522.122 t 27 302294 31 -3136 -26 -39186 0 0 0 -302 -272 3 2204 144720 134306 -3100 -3000 0 0 0
1787960522.200 t 28 302366 31 -3154 -15 -39069 0 0 0 -302 -263 3 2207 144445 134062 -3000 -3000 0 0 0
1787960522.269 thdr seq now flags x y h ox oy oh vl vr i2cf cyc posl posr dutl dutr lexc wrng cycovr
1787960522.274 t 29 302438 31 -3171 -5 -38956 0 0 0 -312 -256 3 2210 144170 133817 -3000 -3000 0 0 0
1787960522.319 t 30 302490 31 -3178 -1 -38926 0 0 0 -304 -281 3 2211 144062 133717 -3000 -3000 0 0 0
1787960522.375 t 31 302546 31 -3178 -1 -38926 0 0 0 -304 -281 3 2211 144062 133717 -3000 -3000 0 0 0
1787960522.432 t 32 302603 31 -3178 -1 -38926 0 0 0 -304 -281 3 2211 144062 133717 -3000 -3000 0 0 0
1787960522.484 t 33 302655 31 -3178 -1 -38926 0 0 0 -304 -281 3 2211 144062 133717 -3000 -3000 0 0 0
1787960522.541 t 34 302707 31 -3178 -1 -38926 0 0 0 -304 -281 3 2211 144062 133717 -3000 -3000 0 0 0
1787960522.588 t 35 302759 31 -3178 -1 -38926 0 0 0 -304 -281 3 2211 144062 133717 -3000 -3000 0 0 0
1787960522.646 t 36 302811 31 -3178 -1 -38926 0 0 0 -304 -281 3 2211 144062 133717 -3000 -3000 0 0 0
1787960522.692 t 37 302863 31 -3178 -1 -38926 0 0 0 -304 -281 3 2211 144062 133717 -3000 -3000 0 0 0
1787960522.748 t 38 302915 31 -3178 -1 -38926 0 0 0 -304 -281 3 2211 144062 133717 -3000 -3000 0 0 0
1787960522.798 t 39 302967 31 -3178 -1 -38926 0 0 0 -304 -281 3 2211 144062 133717 -3000 -3000 0 0 0
1787960522.851 t 40 303019 31 -3178 -1 -38926 0 0 0 -304 -281 3 2211 144062 133717 -3000 -3000 0 0 0
1787960522.909 t 41 303071 31 -3178 -1 -38926 0 0 0 -304 -281 3 2211 144062 133717 -3000 -3000 0 0 0
1787960522.953 t 42 303123 31 -3178 -1 -38926 0 0 0 -304 -281 3 2211 144062 133717 -3000 -3000 0 0 0
1787960523.004 t 43 303175 31 -3178 -1 -38926 0 0 0 -304 -281 3 2211 144062 133717 -3000 -3000 0 0 0
1787960523.061 === BIAS RESET REV 35%
1787960523.061 >>> SET stall_window 50 #111
1787960523.066 t 44 303227 31 -3178 -1 -38926 0 0 0 -304 -281 3 2211 144062 133717 -3000 -3000 0 0 0
1787960523.078 ack 111 110 timeout
1787960523.108 t 45 303279 31 -3178 -1 -38926 0 0 0 -304 -281 3 2211 144062 133717 -3000 -3000 0 0 0
1787960523.160 t 46 303331 31 -3178 -1 -38926 0 0 0 -304 -281 3 2211 144062 133717 -3000 -3000 0 0 0
1787960523.213 t 47 303383 31 -3178 -1 -38926 0 0 0 -304 -281 3 2211 144062 133717 -3000 -3000 0 0 0
1787960523.264 thdr seq now flags x y h ox oy oh vl vr i2cf cyc posl posr dutl dutr lexc wrng cycovr
1787960523.273 t 48 303435 31 -3178 -1 -38926 0 0 0 -304 -281 3 2211 144062 133717 -3000 -3000 0 0 0
1787960523.316 t 49 303487 31 -3178 -1 -38926 0 0 0 -304 -281 3 2211 144062 133717 -3000 -3000 0 0 0
1787960523.368 t 50 303539 31 -3178 -1 -38926 0 0 0 -304 -281 3 2211 144062 133717 -3000 -3000 0 0 0
1787960523.420 t 51 303591 31 -3178 -1 -38926 0 0 0 -304 -281 3 2211 144062 133717 -3000 -3000 0 0 0
1787960523.472 t 52 303643 31 -3178 -1 -38926 0 0 0 -304 -281 3 2211 144062 133717 -3000 -3000 0 0 0
1787960523.524 t 53 303695 31 -3178 -1 -38926 0 0 0 -304 -281 3 2211 144062 133717 -3000 -3000 0 0 0
1787960523.572 >>> WHEELS_V 40 40 300 #112
1787960523.578 t 54 303747 31 -3178 -1 -38926 0 0 0 -304 -281 3 2211 144062 133717 -3000 -3000 0 0 0
1787960523.590 ack 112 110 timeout
1787960523.647 t 55 303818 31 -3219 19 -38403 0 0 0 8 -8 3 2213 143412 133206 500 400 0 0 0
1787960523.717 t 56 303890 35 -3218 19 -38444 0 0 0 20 10 3 2216 143440 133223 0 0 0 0 0
1787960523.789 t 57 303962 35 -3218 19 -38444 0 0 0 0 0 3 2219 143440 133223 0 0 0 0 0
1787960523.864 t 58 304034 35 -3218 19 -38444 0 0 0 0 0 3 2222 143440 133223 0 0 0 0 0
1787960523.917 t 59 304090 35 -3218 19 -38444 0 0 0 0 0 3 2224 143440 133223 0 0 0 0 0
1787960523.976 t 60 304146 35 -3218 19 -38444 0 0 0 0 0 3 2224 143440 133223 0 0 0 0 0
1787960524.030 t 61 304202 35 -3218 19 -38444 0 0 0 0 0 3 2224 143440 133223 0 0 0 0 0
1787960524.091 t 62 304258 35 -3218 19 -38444 0 0 0 0 0 3 2224 143440 133223 0 0 0 0 0
1787960524.142 t 63 304314 35 -3218 19 -38444 0 0 0 0 0 3 2224 143440 133223 0 0 0 0 0
1787960524.198 t 64 304370 35 -3218 19 -38444 0 0 0 0 0 3 2224 143440 133223 0 0 0 0 0
1787960524.255 t 65 304426 35 -3218 19 -38444 0 0 0 0 0 3 2224 143440 133223 0 0 0 0 0
1787960524.310 t 66 304482 35 -3218 19 -38444 0 0 0 0 0 3 2224 143440 133223 0 0 0 0 0
1787960524.366 thdr seq now flags x y h ox oy oh vl vr i2cf cyc posl posr dutl dutr lexc wrng cycovr
1787960524.374 t 67 304538 35 -3218 19 -38444 0 0 0 0 0 3 2224 143440 133223 0 0 0 0 0
1787960524.427 t 68 304590 35 -3218 19 -38444 0 0 0 0 0 3 2224 143440 133223 0 0 0 0 0
1787960524.474 t 69 304646 35 -3218 19 -38444 0 0 0 0 0 3 2224 143440 133223 0 0 0 0 0
1787960524.530 t 70 304702 35 -3218 19 -38444 0 0 0 0 0 3 2224 143440 133223 0 0 0 0 0
1787960524.591 t 71 304758 35 -3218 19 -38444 0 0 0 0 0 3 2224 143440 133223 0 0 0 0 0
1787960524.643 t 72 304814 35 -3218 19 -38444 0 0 0 0 0 3 2224 143440 133223 0 0 0 0 0
1787960524.697 t 73 304870 35 -3218 19 -38444 0 0 0 0 0 3 2224 143440 133223 0 0 0 0 0
1787960524.753 t 74 304926 35 -3218 19 -38444 0 0 0 0 0 3 2224 143440 133223 0 0 0 0 0
1787960524.811 t 75 304982 35 -3218 19 -38444 0 0 0 0 0 3 2224 143440 133223 0 0 0 0 0
1787960524.859 >>> SET stall_clear 1 #113
1787960524.866 t 76 305038 35 -3218 19 -38444 0 0 0 0 0 3 2224 143440 133223 0 0 0 0 0
1787960524.871 ack 113 112 stall
1787960524.921 t 77 305094 35 -3218 19 -38444 0 0 0 0 0 3 2224 143440 133223 0 0 0 0 0
1787960524.977 t 78 305150 35 -3218 19 -38444 0 0 0 0 0 3 2224 143440 133223 0 0 0 0 0
1787960525.035 t 79 305206 35 -3218 19 -38444 0 0 0 0 0 3 2224 143440 133223 0 0 0 0 0
1787960525.089 t 80 305262 35 -3218 19 -38444 0 0 0 0 0 3 2224 143440 133223 0 0 0 0 0
1787960525.145 t 81 305318 35 -3218 19 -38444 0 0 0 0 0 3 2224 143440 133223 0 0 0 0 0
1787960525.204 t 82 305374 35 -3218 19 -38444 0 0 0 0 0 3 2224 143440 133223 0 0 0 0 0
1787960525.257 t 83 305430 35 -3218 19 -38444 0 0 0 0 0 3 2224 143440 133223 0 0 0 0 0
1787960525.314 t 84 305486 35 -3218 19 -38444 0 0 0 0 0 3 2224 143440 133223 0 0 0 0 0
1787960525.363 >>> SET stall_window 0 #114
1787960525.369 t 85 305542 35 -3218 19 -38444 0 0 0 0 0 3 2224 143440 133223 0 0 0 0 0
1787960525.376 ack 114 112 stall
1787960525.428 thdr seq now flags x y h ox oy oh vl vr i2cf cyc posl posr dutl dutr lexc wrng cycovr
1787960525.434 t 86 305598 35 -3218 19 -38444 0 0 0 0 0 3 2224 143440 133223 0 0 0 0 0
1787960525.478 t 87 305650 35 -3218 19 -38444 0 0 0 0 0 3 2224 143440 133223 0 0 0 0 0
1787960525.533 t 88 305706 35 -3218 19 -38444 0 0 0 0 0 3 2224 143440 133223 0 0 0 0 0
1787960525.590 t 89 305762 35 -3218 19 -38444 0 0 0 0 0 3 2224 143440 133223 0 0 0 0 0
1787960525.648 t 90 305818 35 -3218 19 -38444 0 0 0 0 0 3 2224 143440 133223 0 0 0 0 0
1787960525.702 t 91 305874 35 -3218 19 -38444 0 0 0 0 0 3 2224 143440 133223 0 0 0 0 0
1787960525.760 t 92 305930 35 -3218 19 -38444 0 0 0 0 0 3 2224 143440 133223 0 0 0 0 0
1787960525.820 t 93 305986 35 -3218 19 -38444 0 0 0 0 0 3 2224 143440 133223 0 0 0 0 0
1787960525.873 === STEP REV duty=35% v=-298
1787960525.873 >>> WHEELS_V -298 -298 2000 #115
1787960525.879 t 94 306042 35 -3218 19 -38444 0 0 0 0 0 3 2224 143440 133223 0 0 0 0 0
1787960525.890 ack 115 112 stall
1787960525.922 t 95 306094 31 -3218 19 -38444 0 0 0 0 0 3 2225 143440 133223 -2500 -2500 0 0 0
1787960525.994 t 96 306166 31 -3229 24 -38339 0 0 0 -282 -246 3 2228 143270 133081 -3500 -3500 0 0 0
1787960526.067 t 97 306238 31 -3250 32 -38204 0 0 0 -335 -292 3 2231 142965 132812 -3500 -3500 0 0 0
1787960526.138 t 98 306310 31 -3272 41 -38068 0 0 0 -354 -312 3 2234 142645 132528 -3500 -3500 0 0 0
1787960526.213 t 99 306382 31 -3294 49 -37963 0 0 0 -348 -322 3 2237 142328 132239 -3500 -3500 0 0 0
1787960526.284 t 100 306454 31 -3317 57 -37816 0 0 0 -358 -322 3 2240 142003 131953 -3500 -3500 0 0 0
1787960526.355 t 101 306526 31 -3340 64 -37699 0 0 0 -358 -309 3 2243 141681 131662 -3500 -3500 0 0 0
1787960526.426 t 102 306598 31 -3363 71 -37598 0 0 0 -345 -309 3 2246 141365 131373 -3500 -3500 0 0 0
1787960526.501 t 103 306670 31 -3386 77 -37504 0 0 0 -345 -328 3 2249 141051 131084 -3500 -3500 0 0 0
1787960526.571 t 104 306742 31 -3409 83 -37398 0 0 0 -348 -309 3 2252 140734 130795 -3500 -3500 0 0 0
1787960526.642 thdr seq now flags x y h ox oy oh vl vr i2cf cyc posl posr dutl dutr lexc wrng cycovr
1787960526.650 t 105 306814 31 -3432 89 -37315 0 0 0 -329 -312 3 2255 140423 130506 -3500 -3500 0 0 0
1787960526.715 t 106 306886 31 -3455 94 -37210 0 0 0 -329 -321 3 2258 140106 130217 -3500 -3500 0 0 0
1787960526.786 t 107 306958 31 -3479 99 -37086 0 0 0 -348 -328 3 2261 139784 129928 -3600 -3500 0 0 0
1787960526.859 t 108 307030 31 -3502 103 -36951 0 0 0 -354 -308 3 2264 139465 129645 -3500 -3500 0 0 0
1787960526.932 t 109 307102 31 -3526 107 -36841 0 0 0 -358 -309 3 2267 139142 129351 -3500 -3500 0 0 0
1787960527.002 t 110 307174 31 -3550 110 -36762 0 0 0 -355 -328 3 2270 138823 129053 -3500 -3500 0 0 0
1787960527.074 t 111 307246 31 -3575 113 -36593 0 0 0 -357 -318 3 2273 138492 128767 -3500 -3500 0 0 0
1787960527.151 t 112 307318 31 -3599 115 -36510 0 0 0 -355 -338 3 2276 138173 128470 -3500 -3500 0 0 0
1787960527.219 t 113 307390 31 -3623 117 -36416 0 0 0 -348 -328 3 2279 137856 128178 -3500 -3500 0 0 0
1787960527.292 t 114 307462 31 -3647 118 -36300 0 0 0 -375 -309 3 2282 137531 127884 -3500 -3500 0 0 0
1787960527.364 t 115 307534 31 -3671 119 -36228 0 0 0 -348 -312 3 2285 137217 127589 -3500 -3500 0 0 0
1787960527.434 t 116 307606 31 -3695 120 -36157 0 0 0 -345 -338 3 2288 136901 127292 -3600 -3500 0 0 0
1787960527.507 t 117 307678 31 -3719 121 -36059 0 0 0 -355 -338 3 2291 136581 126998 -3500 -3500 0 0 0
1787960527.578 t 118 307750 31 -3743 121 -35957 0 0 0 -345 -312 3 2294 136262 126706 -3500 -3500 0 0 0
1787960527.652 t 119 307822 31 -3768 120 -35848 0 0 0 -348 -309 3 2297 135939 126412 -3500 -3500 0 0 0
1787960527.722 t 120 307894 31 -3792 119 -35746 0 0 0 -364 -335 3 2300 135612 126112 -3500 -3600 0 0 0
1787960527.794 t 121 307966 31 -3817 118 -35652 0 0 0 -358 -338 3 2303 135289 125814 -3500 -3500 0 0 0
1787960527.869 t 122 308038 31 -3841 116 -35517 0 0 0 -364 -328 3 2306 134962 125523 -3500 -3500 0 0 0
1787960527.924 t 123 308094 31 -3857 114 -35434 0 0 0 -328 -328 3 2308 134745 125328 -3600 -3500 0 0 0
1787960527.979 thdr seq now flags x y h ox oy oh vl vr i2cf cyc posl posr dutl dutr lexc wrng cycovr
1787960527.987 t 124 308150 31 -3857 114 -35434 0 0 0 -328 -328 3 2308 134745 125328 -3600 -3500 0 0 0
1787960528.032 t 125 308202 31 -3857 114 -35434 0 0 0 -328 -328 3 2308 134745 125328 -3600 -3500 0 0 0
1787960528.087 t 126 308258 31 -3857 114 -35434 0 0 0 -328 -328 3 2308 134745 125328 -3600 -3500 0 0 0
1787960528.143 t 127 308314 31 -3857 114 -35434 0 0 0 -328 -328 3 2308 134745 125328 -3600 -3500 0 0 0
1787960528.198 t 0 308370 31 -3857 114 -35434 0 0 0 -328 -328 3 2308 134745 125328 -3600 -3500 0 0 0
1787960528.257 t 1 308427 31 -3857 114 -35434 0 0 0 -328 -328 3 2308 134745 125328 -3600 -3500 0 0 0
1787960528.310 t 2 308480 31 -3857 114 -35434 0 0 0 -328 -328 3 2308 134745 125328 -3600 -3500 0 0 0
1787960528.364 t 3 308531 31 -3857 114 -35434 0 0 0 -328 -328 3 2308 134745 125328 -3600 -3500 0 0 0
1787960528.414 t 4 308583 31 -3857 114 -35434 0 0 0 -328 -328 3 2308 134745 125328 -3600 -3500 0 0 0
1787960528.466 t 5 308635 31 -3857 114 -35434 0 0 0 -328 -328 3 2308 134745 125328 -3600 -3500 0 0 0
1787960528.516 t 6 308687 31 -3857 114 -35434 0 0 0 -328 -328 3 2308 134745 125328 -3600 -3500 0 0 0
1787960528.568 t 7 308739 31 -3857 114 -35434 0 0 0 -328 -328 3 2308 134745 125328 -3600 -3500 0 0 0
1787960528.617 === BIAS RESET REV 40%
1787960528.617 >>> SET stall_window 50 #116
1787960528.622 t 8 308791 31 -3857 114 -35434 0 0 0 -328 -328 3 2308 134745 125328 -3600 -3500 0 0 0
1787960528.635 ack 116 115 timeout
1787960528.673 t 9 308843 31 -3857 114 -35434 0 0 0 -328 -328 3 2308 134745 125328 -3600 -3500 0 0 0
1787960528.725 t 10 308895 31 -3857 114 -35434 0 0 0 -328 -328 3 2308 134745 125328 -3600 -3500 0 0 0
1787960528.776 t 11 308947 31 -3857 114 -35434 0 0 0 -328 -328 3 2308 134745 125328 -3600 -3500 0 0 0
1787960528.828 t 12 308999 31 -3857 114 -35434 0 0 0 -328 -328 3 2308 134745 125328 -3600 -3500 0 0 0
1787960528.881 t 13 309051 31 -3857 114 -35434 0 0 0 -328 -328 3 2308 134745 125328 -3600 -3500 0 0 0
1787960528.934 t 14 309103 31 -3857 114 -35434 0 0 0 -328 -328 3 2308 134745 125328 -3600 -3500 0 0 0
1787960528.984 thdr seq now flags x y h ox oy oh vl vr i2cf cyc posl posr dutl dutr lexc wrng cycovr
1787960528.993 t 15 309155 31 -3857 114 -35434 0 0 0 -328 -328 3 2308 134745 125328 -3600 -3500 0 0 0
1787960529.038 t 16 309207 31 -3857 114 -35434 0 0 0 -328 -328 3 2308 134745 125328 -3600 -3500 0 0 0
1787960529.088 t 17 309259 31 -3857 114 -35434 0 0 0 -328 -328 3 2308 134745 125328 -3600 -3500 0 0 0
1787960529.136 >>> WHEELS_V 40 40 300 #117
1787960529.140 t 18 309311 31 -3857 114 -35434 0 0 0 -328 -328 3 2308 134745 125328 -3600 -3500 0 0 0
1787960529.147 ack 117 115 timeout
1787960529.202 t 19 309374 31 -3913 106 -34919 0 0 0 8 0 3 2310 133956 124676 500 500 0 0 0
1787960529.273 t 20 309446 35 -3912 107 -34941 0 0 0 0 0 3 2313 133978 124692 0 0 0 0 0
1787960529.345 t 21 309518 35 -3912 107 -34941 0 0 0 0 0 3 2316 133978 124692 0 0 0 0 0
1787960529.418 t 22 309590 35 -3912 107 -34941 0 0 0 0 0 3 2319 133978 124692 0 0 0 0 0
1787960529.474 t 23 309646 35 -3912 107 -34941 0 0 0 0 0 3 2321 133978 124692 0 0 0 0 0
1787960529.530 t 24 309702 35 -3912 107 -34941 0 0 0 0 0 3 2321 133978 124692 0 0 0 0 0
1787960529.586 t 25 309758 35 -3912 107 -34941 0 0 0 0 0 3 2321 133978 124692 0 0 0 0 0
1787960529.643 t 26 309814 35 -3912 107 -34941 0 0 0 0 0 3 2321 133978 124692 0 0 0 0 0
1787960529.698 t 27 309870 35 -3912 107 -34941 0 0 0 0 0 3 2321 133978 124692 0 0 0 0 0
1787960529.755 t 28 309926 35 -3912 107 -34941 0 0 0 0 0 3 2321 133978 124692 0 0 0 0 0
1787960529.813 t 29 309982 35 -3912 107 -34941 0 0 0 0 0 3 2321 133978 124692 0 0 0 0 0
1787960529.865 t 30 310038 35 -3912 107 -34941 0 0 0 0 0 3 2321 133978 124692 0 0 0 0 0
1787960529.923 t 31 310094 35 -3912 107 -34941 0 0 0 0 0 3 2321 133978 124692 0 0 0 0 0
1787960529.979 t 32 310150 35 -3912 107 -34941 0 0 0 0 0 3 2321 133978 124692 0 0 0 0 0
1787960530.034 t 33 310206 35 -3912 107 -34941 0 0 0 0 0 3 2321 133978 124692 0 0 0 0 0
1787960530.091 thdr seq now flags x y h ox oy oh vl vr i2cf cyc posl posr dutl dutr lexc wrng cycovr
1787960530.097 t 34 310262 35 -3912 107 -34941 0 0 0 0 0 3 2321 133978 124692 0 0 0 0 0
1787960530.142 t 35 310314 35 -3912 107 -34941 0 0 0 0 0 3 2321 133978 124692 0 0 0 0 0
1787960530.197 t 36 310370 35 -3912 107 -34941 0 0 0 0 0 3 2321 133978 124692 0 0 0 0 0
1787960530.256 t 37 310426 35 -3912 107 -34941 0 0 0 0 0 3 2321 133978 124692 0 0 0 0 0
1787960530.310 t 38 310482 35 -3912 107 -34941 0 0 0 0 0 3 2321 133978 124692 0 0 0 0 0
1787960530.367 t 39 310538 35 -3912 107 -34941 0 0 0 0 0 3 2321 133978 124692 0 0 0 0 0
1787960530.420 >>> SET stall_clear 1 #118
1787960530.427 t 40 310594 35 -3912 107 -34941 0 0 0 0 0 3 2321 133978 124692 0 0 0 0 0
1787960530.442 ack 118 117 stall
1787960530.478 t 41 310650 35 -3912 107 -34941 0 0 0 0 0 3 2321 133978 124692 0 0 0 0 0
1787960530.534 t 42 310706 35 -3912 107 -34941 0 0 0 0 0 3 2321 133978 124692 0 0 0 0 0
1787960530.592 t 43 310762 35 -3912 107 -34941 0 0 0 0 0 3 2321 133978 124692 0 0 0 0 0
1787960530.646 t 44 310818 35 -3912 107 -34941 0 0 0 0 0 3 2321 133978 124692 0 0 0 0 0
1787960530.701 t 45 310874 35 -3912 107 -34941 0 0 0 0 0 3 2321 133978 124692 0 0 0 0 0
1787960530.758 t 46 310930 35 -3912 107 -34941 0 0 0 0 0 3 2321 133978 124692 0 0 0 0 0
1787960530.816 t 47 310986 35 -3912 107 -34941 0 0 0 0 0 3 2321 133978 124692 0 0 0 0 0
1787960530.873 t 48 311042 35 -3912 107 -34941 0 0 0 0 0 3 2321 133978 124692 0 0 0 0 0
1787960530.922 >>> SET stall_window 0 #119
1787960530.926 t 49 311098 35 -3912 107 -34941 0 0 0 0 0 3 2321 133978 124692 0 0 0 0 0
1787960530.940 ack 119 117 stall
1787960530.981 t 50 311154 35 -3912 107 -34941 0 0 0 0 0 3 2321 133978 124692 0 0 0 0 0
1787960531.041 t 51 311210 35 -3912 107 -34941 0 0 0 0 0 3 2321 133978 124692 0 0 0 0 0
1787960531.094 t 52 311266 35 -3912 107 -34941 0 0 0 0 0 3 2321 133978 124692 0 0 0 0 0
1787960531.152 thdr seq now flags x y h ox oy oh vl vr i2cf cyc posl posr dutl dutr lexc wrng cycovr
1787960531.158 t 53 311322 35 -3912 107 -34941 0 0 0 0 0 3 2321 133978 124692 0 0 0 0 0
1787960531.202 t 54 311374 35 -3912 107 -34941 0 0 0 0 0 3 2321 133978 124692 0 0 0 0 0
1787960531.258 t 55 311430 35 -3912 107 -34941 0 0 0 0 0 3 2321 133978 124692 0 0 0 0 0
1787960531.316 t 56 311486 35 -3912 107 -34941 0 0 0 0 0 3 2321 133978 124692 0 0 0 0 0
1787960531.370 t 57 311542 35 -3912 107 -34941 0 0 0 0 0 3 2321 133978 124692 0 0 0 0 0
1787960531.425 === STEP REV duty=40% v=-340
1787960531.425 >>> WHEELS_V -340 -340 2000 #120
1787960531.426 t 58 311598 35 -3912 107 -34941 0 0 0 0 0 3 2321 133978 124692 0 0 0 0 0
1787960531.437 ack 120 117 stall
1787960531.495 t 59 311666 31 -3913 106 -34911 0 0 0 -62 -39 3 2323 133956 124678 -4000 -4000 0 0 0
1787960531.566 t 60 311738 31 -3933 102 -34817 0 0 0 -358 -328 3 2326 133692 124439 -4000 -4000 0 0 0
1787960531.638 t 61 311810 31 -3959 97 -34753 0 0 0 -391 -391 3 2329 133345 124109 -3900 -4000 0 0 0
1787960531.710 t 62 311882 31 -3985 91 -34659 0 0 0 -400 -355 3 2332 132995 123784 -4000 -4000 0 0 0
1787960531.782 t 63 311954 31 -4011 84 -34569 0 0 0 -391 -368 3 2335 132637 123450 -4000 -4000 0 0 0
1787960531.861 t 64 312026 31 -4037 77 -34471 0 0 0 -394 -364 3 2338 132278 123117 -4000 -4000 0 0 0
1787960531.928 t 65 312098 31 -4064 70 -34365 0 0 0 -394 -355 3 2341 131917 122784 -4000 -4000 0 0 0
1787960531.998 t 66 312170 31 -4090 62 -34245 0 0 0 -400 -368 3 2344 131551 122450 -4000 -4000 0 0 0
1787960532.071 t 67 312242 31 -4116 53 -34147 0 0 0 -391 -364 3 2347 131187 122112 -4000 -4000 0 0 0
1787960532.142 t 68 312314 31 -4142 44 -34042 0 0 0 -384 -364 3 2350 130828 121781 -4000 -4000 0 0 0
1787960532.218 t 69 312386 31 -4168 34 -33910 0 0 0 -400 -348 3 2353 130462 121450 -4000 -3900 0 0 0
1787960532.286 t 70 312458 31 -4194 24 -33835 0 0 0 -390 -374 3 2356 130101 121109 -4000 -4000 0 0 0
1787960532.359 t 71 312530 31 -4219 14 -33748 0 0 0 -400 -354 3 2359 129742 120773 -4000 -4000 0 0 0
1787960532.431 thdr seq now flags x y h ox oy oh vl vr i2cf cyc posl posr dutl dutr lexc wrng cycovr
1787960532.442 t 72 312602 31 -4244 3 -33696 0 0 0 -384 -364 3 2362 129389 120434 -4000 -4000 0 0 0
1787960532.503 t 73 312674 31 -4269 -8 -33572 0 0 0 -400 -366 3 2365 129020 120098 -4000 -4000 0 0 0
1787960532.577 t 74 312746 31 -4294 -19 -33511 0 0 0 -400 -365 3 2368 128662 119756 -4000 -4000 0 0 0
1787960532.647 t 75 312818 31 -4319 -31 -33372 0 0 0 -411 -335 3 2371 128292 119423 -4000 -4000 0 0 0
1787960532.719 t 76 312890 31 -4344 -44 -33278 0 0 0 -404 -364 3 2374 127928 119084 -4000 -4000 0 0 0
1787960532.790 t 77 312962 31 -4369 -57 -33165 0 0 0 -401 -384 3 2377 127559 118745 -4100 -4000 0 0 0
1787960532.863 t 78 313034 31 -4393 -70 -33060 0 0 0 -394 -365 3 2380 127192 118406 -4000 -4000 0 0 0
1787960532.936 t 79 313106 31 -4417 -84 -32977 0 0 0 -394 -384 3 2383 126831 118067 -4100 -4000 0 0 0
1787960533.006 t 80 313178 31 -4441 -98 -32883 0 0 0 -384 -384 3 2386 126467 117728 -4000 -4000 0 0 0
1787960533.078 t 81 313250 31 -4464 -113 -32830 0 0 0 -391 -381 3 2389 126109 117384 -4000 -4000 0 0 0
1787960533.152 t 82 313322 31 -4488 -127 -32781 0 0 0 -381 -394 3 2392 125751 117039 -4100 -4100 0 0 0
1787960533.226 t 83 313394 31 -4511 -142 -32676 0 0 0 -391 -364 3 2395 125387 116703 -4000 -4000 0 0 0
1787960533.296 t 84 313466 31 -4534 -158 -32567 0 0 0 -400 -364 3 2398 125017 116362 -4000 -4000 0 0 0
1787960533.367 t 85 313538 31 -4557 -174 -32465 0 0 0 -400 -354 3 2401 124651 116023 -4000 -4000 0 0 0
1787960533.438 t 86 313610 31 -4580 -190 -32382 0 0 0 -400 -384 3 2404 124284 115678 -4100 -4000 0 0 0
1787960533.500 t 87 313666 31 -4587 -196 -32288 0 0 0 -446 -364 3 2405 124148 115567 -4000 -4100 0 0 0
1787960533.551 t 88 313722 31 -4587 -196 -32288 0 0 0 -446 -364 3 2405 124148 115567 -4000 -4100 0 0 0
1787960533.608 t 89 313778 31 -4587 -196 -32288 0 0 0 -446 -364 3 2405 124148 115567 -4000 -4100 0 0 0
1787960533.670 t 90 313835 31 -4587 -196 -32288 0 0 0 -446 -364 3 2405 124148 115567 -4000 -4100 0 0 0
1787960533.718 thdr seq now flags x y h ox oy oh vl vr i2cf cyc posl posr dutl dutr lexc wrng cycovr
1787960533.723 t 91 313887 31 -4587 -196 -32288 0 0 0 -446 -364 3 2405 124148 115567 -4000 -4100 0 0 0
1787960533.771 t 92 313939 31 -4587 -196 -32288 0 0 0 -446 -364 3 2405 124148 115567 -4000 -4100 0 0 0
1787960533.820 t 93 313992 31 -4587 -196 -32288 0 0 0 -446 -364 3 2405 124148 115567 -4000 -4100 0 0 0
1787960533.875 t 94 314043 31 -4587 -196 -32288 0 0 0 -446 -364 3 2405 124148 115567 -4000 -4100 0 0 0
1787960533.926 t 95 314095 31 -4587 -196 -32288 0 0 0 -446 -364 3 2405 124148 115567 -4000 -4100 0 0 0
1787960533.978 t 96 314147 31 -4587 -196 -32288 0 0 0 -446 -364 3 2405 124148 115567 -4000 -4100 0 0 0
1787960534.029 t 97 314199 31 -4587 -196 -32288 0 0 0 -446 -364 3 2405 124148 115567 -4000 -4100 0 0 0
1787960534.080 t 98 314251 31 -4587 -196 -32288 0 0 0 -446 -364 3 2405 124148 115567 -4000 -4100 0 0 0
1787960534.135 t 99 314303 31 -4587 -196 -32288 0 0 0 -446 -364 3 2405 124148 115567 -4000 -4100 0 0 0
1787960534.182 === BIAS RESET REV 50%
1787960534.182 >>> SET stall_window 50 #121
1787960534.196 t 100 314355 31 -4587 -196 -32288 0 0 0 -446 -364 3 2405 124148 115567 -4000 -4100 0 0 0
1787960534.199 ack 121 120 timeout
1787960534.236 t 101 314407 31 -4587 -196 -32288 0 0 0 -446 -364 3 2405 124148 115567 -4000 -4100 0 0 0
1787960534.288 t 102 314459 31 -4587 -196 -32288 0 0 0 -446 -364 3 2405 124148 115567 -4000 -4100 0 0 0
1787960534.344 t 103 314511 31 -4587 -196 -32288 0 0 0 -446 -364 3 2405 124148 115567 -4000 -4100 0 0 0
1787960534.401 t 104 314563 31 -4587 -196 -32288 0 0 0 -446 -364 3 2405 124148 115567 -4000 -4100 0 0 0
1787960534.445 t 105 314615 31 -4587 -196 -32288 0 0 0 -446 -364 3 2405 124148 115567 -4000 -4100 0 0 0
1787960534.499 t 106 314667 31 -4587 -196 -32288 0 0 0 -446 -364 3 2405 124148 115567 -4000 -4100 0 0 0
1787960534.567 t 107 314719 31 -4587 -196 -32288 0 0 0 -446 -364 3 2405 124148 115567 -4000 -4100 0 0 0
1787960534.600 t 108 314771 31 -4587 -196 -32288 0 0 0 -446 -364 3 2405 124148 115567 -4000 -4100 0 0 0
1787960534.682 t 109 314823 31 -4587 -196 -32288 0 0 0 -446 -364 3 2405 124148 115567 -4000 -4100 0 0 0
1787960534.683 >>> WHEELS_V 40 40 300 #122
1787960534.699 ack 122 120 timeout
1787960534.707 thdr seq now flags x y h ox oy oh vl vr i2cf cyc posl posr dutl dutr lexc wrng cycovr
1787960534.713 t 110 314876 31 -4587 -196 -32288 0 0 0 -446 -364 3 2405 124148 115567 -4000 -4100 0 0 0
1787960534.757 t 111 314930 31 -4644 -243 -31795 0 0 0 0 6 3 2407 123150 114700 500 500 0 0 0
1787960534.831 t 112 315002 35 -4643 -242 -31837 0 0 0 10 26 4 2410 123178 114717 0 0 0 0 0
1787960534.901 t 113 315074 35 -4643 -242 -31837 0 0 0 0 0 4 2413 123178 114717 0 0 0 0 0
1787960534.974 t 114 315146 35 -4643 -242 -31837 0 0 0 0 0 4 2416 123178 114717 0 0 0 0 0
1787960535.034 t 115 315202 35 -4643 -242 -31837 0 0 0 0 0 4 2418 123178 114717 0 0 0 0 0
1787960535.087 t 116 315258 35 -4643 -242 -31837 0 0 0 0 0 4 2418 123178 114717 0 0 0 0 0
1787960535.142 t 117 315314 35 -4643 -242 -31837 0 0 0 0 0 4 2418 123178 114717 0 0 0 0 0
1787960535.199 t 118 315370 35 -4643 -242 -31837 0 0 0 0 0 4 2418 123178 114717 0 0 0 0 0
1787960535.259 t 119 315426 35 -4643 -242 -31837 0 0 0 0 0 4 2418 123178 114717 0 0 0 0 0
1787960535.309 t 120 315482 35 -4643 -242 -31837 0 0 0 0 0 4 2418 123178 114717 0 0 0 0 0
1787960535.366 t 121 315538 35 -4643 -242 -31837 0 0 0 0 0 4 2418 123178 114717 0 0 0 0 0
1787960535.423 t 122 315594 35 -4643 -242 -31837 0 0 0 0 0 4 2418 123178 114717 0 0 0 0 0
1787960535.480 t 123 315650 35 -4643 -242 -31837 0 0 0 0 0 4 2418 123178 114717 0 0 0 0 0
1787960535.534 t 124 315706 35 -4643 -242 -31837 0 0 0 0 0 4 2418 123178 114717 0 0 0 0 0
1787960535.590 t 125 315762 35 -4643 -242 -31837 0 0 0 0 0 4 2418 123178 114717 0 0 0 0 0
1787960535.649 t 126 315818 35 -4643 -242 -31837 0 0 0 0 0 4 2418 123178 114717 0 0 0 0 0
1787960535.702 t 127 315874 35 -4643 -242 -31837 0 0 0 0 0 4 2418 123178 114717 0 0 0 0 0
1787960535.758 t 0 315930 35 -4643 -242 -31837 0 0 0 0 0 4 2418 123178 114717 0 0 0 0 0
1787960535.814 thdr seq now flags x y h ox oy oh vl vr i2cf cyc posl posr dutl dutr lexc wrng cycovr
1787960535.821 t 1 315986 35 -4643 -242 -31837 0 0 0 0 0 4 2418 123178 114717 0 0 0 0 0
1787960535.869 t 2 316038 35 -4643 -242 -31837 0 0 0 0 0 4 2418 123178 114717 0 0 0 0 0
1787960535.926 t 3 316094 35 -4643 -242 -31837 0 0 0 0 0 4 2418 123178 114717 0 0 0 0 0
1787960535.926 >>> SET stall_clear 1 #123
1787960535.941 ack 123 122 stall
1787960535.977 t 4 316150 35 -4643 -242 -31837 0 0 0 0 0 4 2418 123178 114717 0 0 0 0 0
1787960536.035 t 5 316206 35 -4643 -242 -31837 0 0 0 0 0 4 2418 123178 114717 0 0 0 0 0
1787960536.096 t 6 316262 35 -4643 -242 -31837 0 0 0 0 0 4 2418 123178 114717 0 0 0 0 0
1787960536.146 t 7 316318 35 -4643 -242 -31837 0 0 0 0 0 4 2418 123178 114717 0 0 0 0 0
1787960536.202 t 8 316374 35 -4643 -242 -31837 0 0 0 0 0 4 2418 123178 114717 0 0 0 0 0
1787960536.264 t 9 316430 35 -4643 -242 -31837 0 0 0 0 0 4 2418 123178 114717 0 0 0 0 0
1787960536.316 t 10 316486 35 -4643 -242 -31837 0 0 0 0 0 4 2418 123178 114717 0 0 0 0 0
1787960536.369 t 11 316542 35 -4643 -242 -31837 0 0 0 0 0 4 2418 123178 114717 0 0 0 0 0
1787960536.426 t 12 316598 35 -4643 -242 -31837 0 0 0 0 0 4 2418 123178 114717 0 0 0 0 0
1787960536.478 >>> SET stall_window 0 #124
1787960536.482 t 13 316654 35 -4643 -242 -31837 0 0 0 0 0 4 2418 123178 114717 0 0 0 0 0
1787960536.493 ack 124 122 stall
1787960536.538 t 14 316710 35 -4643 -242 -31837 0 0 0 0 0 4 2418 123178 114717 0 0 0 0 0
1787960536.594 t 15 316766 35 -4643 -242 -31837 0 0 0 0 0 4 2418 123178 114717 0 0 0 0 0
1787960536.651 t 16 316822 35 -4643 -242 -31837 0 0 0 0 0 4 2418 123178 114717 0 0 0 0 0
1787960536.710 t 17 316878 35 -4643 -242 -31837 0 0 0 0 0 4 2418 123178 114717 0 0 0 0 0
1787960536.763 t 18 316934 35 -4643 -242 -31837 0 0 0 0 0 4 2418 123178 114717 0 0 0 0 0
1787960536.818 t 19 316990 35 -4643 -242 -31837 0 0 0 0 0 4 2418 123178 114717 0 0 0 0 0
1787960536.879 thdr seq now flags x y h ox oy oh vl vr i2cf cyc posl posr dutl dutr lexc wrng cycovr
1787960536.881 t 20 317046 35 -4643 -242 -31837 0 0 0 0 0 4 2418 123178 114717 0 0 0 0 0
1787960536.926 t 21 317098 35 -4643 -242 -31837 0 0 0 0 0 4 2418 123178 114717 0 0 0 0 0
1787960536.979 === STEP REV duty=50% v=-425
1787960536.980 >>> WHEELS_V -425 -425 2000 #125
1787960536.981 t 22 317154 35 -4643 -242 -31837 0 0 0 0 0 4 2418 123178 114717 0 0 0 0 0
1787960536.994 ack 125 122 stall
1787960537.050 t 23 317222 31 -4644 -243 -31837 0 0 0 -53 -53 4 2420 123159 114698 -5000 -5000 0 0 0
1787960537.122 t 24 317294 31 -4661 -258 -31713 0 0 0 -446 -384 4 2423 122856 114428 -5000 -5000 0 0 0
1787960537.196 t 25 317366 31 -4685 -281 -31649 0 0 0 -476 -457 4 2426 122428 114017 -5000 -5000 0 0 0
1787960537.266 t 26 317438 31 -4709 -304 -31513 0 0 0 -501 -456 4 2429 121984 113609 -5000 -5000 0 0 0
1787960537.339 t 27 317510 31 -4733 -328 -31419 0 0 0 -492 -457 4 2432 121539 113189 -5000 -4900 0 0 0
1787960537.410 t 28 317582 31 -4756 -353 -31295 0 0 0 -492 -437 4 2435 121084 112767 -5000 -5000 0 0 0
1787960537.482 t 29 317654 31 -4779 -379 -31178 0 0 0 -492 -463 4 2438 120634 112348 -5000 -5000 0 0 0
1787960537.554 t 30 317726 31 -4802 -405 -31054 0 0 0 -493 -466 4 2441 120184 111931 -5000 -4900 0 0 0
1787960537.630 t 31 317798 31 -4824 -431 -30930 0 0 0 -483 -457 4 2444 119734 111514 -5000 -5000 0 0 0
1787960537.700 t 32 317870 31 -4845 -458 -30813 0 0 0 -492 -457 4 2447 119278 111089 -5000 -5000 0 0 0
1787960537.774 t 33 317942 31 -4866 -485 -30742 0 0 0 -473 -466 4 2450 118834 110664 -5000 -5000 0 0 0
1787960537.842 t 34 318014 31 -4887 -513 -30625 0 0 0 -483 -446 4 2453 118384 110245 -5000 -4900 0 0 0
1787960537.919 t 35 318086 31 -4907 -541 -30486 0 0 0 -522 -446 4 2456 117925 109823 -5000 -5000 0 0 0
1787960537.986 t 36 318158 31 -4926 -569 -30426 0 0 0 -492 -466 4 2459 117478 109392 -5000 -5000 0 0 0
1787960538.058 t 37 318230 31 -4946 -598 -30336 0 0 0 -492 -492 4 2462 117023 108961 -5100 -5000 0 0 0
1787960538.130 t 38 318302 31 -4964 -627 -30185 0 0 0 -502 -456 4 2465 116567 108545 -5000 -5000 0 0 0
1787960538.202 thdr seq now flags x y h ox oy oh vl vr i2cf cyc posl posr dutl dutr lexc wrng cycovr
1787960538.215 t 39 318374 31 -4982 -657 -30106 0 0 0 -492 -492 4 2468 116112 108111 -5000 -5000 0 0 0
1787960538.277 t 40 318446 31 -5000 -687 -29986 0 0 0 -518 -462 4 2471 115653 107684 -5000 -5000 0 0 0
1787960538.349 t 41 318518 31 -5017 -717 -29918 0 0 0 -492 -476 4 2474 115212 107261 -5000 -5000 0 0 0
1787960538.418 t 42 318590 31 -5033 -748 -29831 0 0 0 -518 -476 4 2477 114756 106828 -5000 -5000 0 0 0
1787960538.499 t 43 318662 31 -5050 -778 -29756 0 0 0 -483 -483 4 2480 114306 106398 -5000 -5000 0 0 0
1787960538.568 t 44 318734 31 -5065 -809 -29651 0 0 0 -502 -463 4 2483 113850 105970 -5000 -5100 0 0 0
1787960538.634 t 45 318806 31 -5081 -841 -29560 0 0 0 -503 -483 4 2486 113395 105539 -5100 -5000 0 0 0
1787960538.706 t 46 318878 31 -5095 -872 -29402 0 0 0 -502 -467 4 2489 112931 105117 -5000 -5000 0 0 0
1787960538.778 t 47 318950 31 -5109 -904 -29327 0 0 0 -512 -463 4 2492 112478 104684 -5000 -5000 0 0 0
1787960538.850 t 48 319022 31 -5123 -936 -29256 0 0 0 -493 -466 4 2495 112028 104253 -5000 -5100 0 0 0
1787960538.927 t 49 319094 31 -5136 -968 -29162 0 0 0 -493 -436 4 2498 111578 103828 -5000 -5000 0 0 0
1787960538.995 t 50 319166 31 -5148 -1001 -29067 0 0 0 -483 -446 4 2501 111123 103398 -5000 -5000 0 0 0
1787960539.052 t 51 319222 31 -5153 -1013 -28996 0 0 0 -548 -486 4 2502 110956 103250 -5100 -5000 0 0 0
1787960539.106 t 52 319278 31 -5153 -1013 -28996 0 0 0 -548 -486 4 2502 110956 103250 -5100 -5000 0 0 0
1787960539.167 t 53 319334 31 -5153 -1013 -28996 0 0 0 -548 -486 4 2502 110956 103250 -5100 -5000 0 0 0
1787960539.219 t 54 319390 31 -5153 -1013 -28996 0 0 0 -548 -486 4 2502 110956 103250 -5100 -5000 0 0 0
1787960539.274 t 55 319446 31 -5153 -1013 -28996 0 0 0 -548 -486 4 2502 110956 103250 -5100 -5000 0 0 0
1787960539.335 t 56 319503 31 -5153 -1013 -28996 0 0 0 -548 -486 4 2502 110956 103250 -5100 -5000 0 0 0
1787960539.385 t 57 319555 31 -5153 -1013 -28996 0 0 0 -548 -486 4 2502 110956 103250 -5100 -5000 0 0 0
1787960539.439 thdr seq now flags x y h ox oy oh vl vr i2cf cyc posl posr dutl dutr lexc wrng cycovr
1787960539.446 t 58 319607 31 -5153 -1013 -28996 0 0 0 -548 -486 4 2502 110956 103250 -5100 -5000 0 0 0
1787960539.490 t 59 319659 31 -5153 -1013 -28996 0 0 0 -548 -486 4 2502 110956 103250 -5100 -5000 0 0 0
1787960539.542 t 60 319711 31 -5153 -1013 -28996 0 0 0 -548 -486 4 2502 110956 103250 -5100 -5000 0 0 0
1787960539.592 t 61 319763 31 -5153 -1013 -28996 0 0 0 -548 -486 4 2502 110956 103250 -5100 -5000 0 0 0
1787960539.644 t 62 319815 31 -5153 -1013 -28996 0 0 0 -548 -486 4 2502 110956 103250 -5100 -5000 0 0 0
1787960539.698 t 63 319867 31 -5153 -1013 -28996 0 0 0 -548 -486 4 2502 110956 103250 -5100 -5000 0 0 0
1787960539.744 === BIAS RESET REV 60%
1787960539.744 >>> SET stall_window 50 #126
1787960539.748 t 64 319919 31 -5153 -1013 -28996 0 0 0 -548 -486 4 2502 110956 103250 -5100 -5000 0 0 0
1787960539.752 ack 126 125 timeout
1787960539.800 t 65 319971 31 -5153 -1013 -28996 0 0 0 -548 -486 4 2502 110956 103250 -5100 -5000 0 0 0
1787960539.852 t 66 320023 31 -5153 -1013 -28996 0 0 0 -548 -486 4 2502 110956 103250 -5100 -5000 0 0 0
1787960539.904 t 67 320075 31 -5153 -1013 -28996 0 0 0 -548 -486 4 2502 110956 103250 -5100 -5000 0 0 0
1787960539.956 t 68 320127 31 -5153 -1013 -28996 0 0 0 -548 -486 4 2502 110956 103250 -5100 -5000 0 0 0
1787960540.008 t 69 320179 31 -5153 -1013 -28996 0 0 0 -548 -486 4 2502 110956 103250 -5100 -5000 0 0 0
1787960540.062 t 70 320231 31 -5153 -1013 -28996 0 0 0 -548 -486 4 2502 110956 103250 -5100 -5000 0 0 0
1787960540.115 t 71 320283 31 -5153 -1013 -28996 0 0 0 -548 -486 4 2502 110956 103250 -5100 -5000 0 0 0
1787960540.165 t 72 320335 31 -5153 -1013 -28996 0 0 0 -548 -486 4 2502 110956 103250 -5100 -5000 0 0 0
1787960540.228 t 73 320387 31 -5153 -1013 -28996 0 0 0 -548 -486 4 2502 110956 103250 -5100 -5000 0 0 0
1787960540.265 >>> WHEELS_V 40 40 300 #127
1787960540.269 t 74 320439 31 -5153 -1013 -28996 0 0 0 -548 -486 4 2502 110956 103250 -5100 -5000 0 0 0
1787960540.281 ack 127 125 timeout
1787960540.339 t 75 320510 31 -5180 -1116 -27991 0 0 0 8 -8 4 2504 109467 102028 500 500 0 0 0
1787960540.411 t 76 320582 35 -5180 -1114 -28025 0 0 0 46 7 4 2507 109498 102050 0 0 0 0 0
1787960540.488 thdr seq now flags x y h ox oy oh vl vr i2cf cyc posl posr dutl dutr lexc wrng cycovr
1787960540.491 t 77 320654 35 -5180 -1114 -28025 0 0 0 0 0 4 2510 109498 102050 0 0 0 0 0
1787960540.554 t 78 320726 35 -5180 -1114 -28025 0 0 0 0 0 4 2513 109498 102050 0 0 0 0 0
1787960540.610 t 79 320782 35 -5180 -1114 -28025 0 0 0 0 0 4 2515 109498 102050 0 0 0 0 0
1787960540.668 t 80 320838 35 -5180 -1114 -28025 0 0 0 0 0 4 2515 109498 102050 0 0 0 0 0
1787960540.722 t 81 320894 35 -5180 -1114 -28025 0 0 0 0 0 4 2515 109498 102050 0 0 0 0 0
1787960540.778 t 82 320950 35 -5180 -1114 -28025 0 0 0 0 0 4 2515 109498 102050 0 0 0 0 0
1787960540.837 t 83 321006 35 -5180 -1114 -28025 0 0 0 0 0 4 2515 109498 102050 0 0 0 0 0
1787960540.897 t 84 321062 35 -5180 -1114 -28025 0 0 0 0 0 4 2515 109498 102050 0 0 0 0 0
1787960540.946 t 85 321118 35 -5180 -1114 -28025 0 0 0 0 0 4 2515 109498 102050 0 0 0 0 0
1787960541.004 t 86 321174 35 -5180 -1114 -28025 0 0 0 0 0 4 2515 109498 102050 0 0 0 0 0
1787960541.058 t 87 321230 35 -5180 -1114 -28025 0 0 0 0 0 4 2515 109498 102050 0 0 0 0 0
1787960541.114 t 88 321286 35 -5180 -1114 -28025 0 0 0 0 0 4 2515 109498 102050 0 0 0 0 0
1787960541.170 t 89 321342 35 -5180 -1114 -28025 0 0 0 0 0 4 2515 109498 102050 0 0 0 0 0
1787960541.226 t 90 321398 35 -5180 -1114 -28025 0 0 0 0 0 4 2515 109498 102050 0 0 0 0 0
1787960541.300 t 91 321454 35 -5180 -1114 -28025 0 0 0 0 0 4 2515 109498 102050 0 0 0 0 0
1787960541.337 t 92 321510 35 -5180 -1114 -28025 0 0 0 0 0 4 2515 109498 102050 0 0 0 0 0
1787960541.398 t 93 321566 35 -5180 -1114 -28025 0 0 0 0 0 4 2515 109498 102050 0 0 0 0 0
1787960541.454 t 94 321622 35 -5180 -1114 -28025 0 0 0 0 0 4 2515 109498 102050 0 0 0 0 0
1787960541.506 t 95 321678 35 -5180 -1114 -28025 0 0 0 0 0 4 2515 109498 102050 0 0 0 0 0
1787960541.559 >>> SET stall_clear 1 #128
1787960541.564 thdr seq now flags x y h ox oy oh vl vr i2cf cyc posl posr dutl dutr lexc wrng cycovr
1787960541.570 t 96 321734 35 -5180 -1114 -28025 0 0 0 0 0 4 2515 109498 102050 0 0 0 0 0
1787960541.570 ack 128 127 stall
1787960541.615 t 97 321786 35 -5180 -1114 -28025 0 0 0 0 0 4 2515 109498 102050 0 0 0 0 0
1787960541.670 t 98 321842 35 -5180 -1114 -28025 0 0 0 0 0 4 2515 109498 102050 0 0 0 0 0
1787960541.725 t 99 321898 35 -5180 -1114 -28025 0 0 0 0 0 4 2515 109498 102050 0 0 0 0 0
1787960541.782 t 100 321954 35 -5180 -1114 -28025 0 0 0 0 0 4 2515 109498 102050 0 0 0 0 0
1787960541.837 t 101 322010 35 -5180 -1114 -28025 0 0 0 0 0 4 2515 109498 102050 0 0 0 0 0
1787960541.896 t 102 322066 35 -5180 -1114 -28025 0 0 0 0 0 4 2515 109498 102050 0 0 0 0 0
1787960541.951 t 103 322122 35 -5180 -1114 -28025 0 0 0 0 0 4 2515 109498 102050 0 0 0 0 0
1787960542.009 t 104 322178 35 -5180 -1114 -28025 0 0 0 0 0 4 2515 109498 102050 0 0 0 0 0
1787960542.062 >>> SET stall_window 0 #129
1787960542.066 t 105 322234 35 -5180 -1114 -28025 0 0 0 0 0 4 2515 109498 102050 0 0 0 0 0
1787960542.073 ack 129 127 stall
1787960542.118 t 106 322290 35 -5180 -1114 -28025 0 0 0 0 0 4 2515 109498 102050 0 0 0 0 0
1787960542.173 t 107 322346 35 -5180 -1114 -28025 0 0 0 0 0 4 2515 109498 102050 0 0 0 0 0
1787960542.230 t 108 322402 35 -5180 -1114 -28025 0 0 0 0 0 4 2515 109498 102050 0 0 0 0 0
1787960542.286 t 109 322458 35 -5180 -1114 -28025 0 0 0 0 0 4 2515 109498 102050 0 0 0 0 0
1787960542.341 t 110 322514 35 -5180 -1114 -28025 0 0 0 0 0 4 2515 109498 102050 0 0 0 0 0
1787960542.398 t 111 322570 35 -5180 -1114 -28025 0 0 0 0 0 4 2515 109498 102050 0 0 0 0 0
1787960542.454 t 112 322626 35 -5180 -1114 -28025 0 0 0 0 0 4 2515 109498 102050 0 0 0 0 0
1787960542.511 t 113 322682 35 -5180 -1114 -28025 0 0 0 0 0 4 2515 109498 102050 0 0 0 0 0
1787960542.562 === STEP REV duty=60% v=-510
1787960542.562 >>> WHEELS_V -510 -510 2000 #130
1787960542.566 t 114 322738 35 -5180 -1114 -28025 0 0 0 0 0 4 2515 109498 102050 0 0 0 0 0
1787960542.579 ack 130 127 stall
1787960542.634 thdr seq now flags x y h ox oy oh vl vr i2cf cyc posl posr dutl dutr lexc wrng cycovr
1787960542.642 t 115 322806 31 -5180 -1115 -27999 0 0 0 -65 -45 4 2517 109475 102034 -5000 -5000 0 0 0
1787960542.706 t 116 322878 31 -5184 -1139 -27875 0 0 0 -436 -428 4 2520 109156 101748 -6000 -6000 0 0 0
1787960542.779 t 117 322950 31 -5189 -1177 -27758 0 0 0 -567 -535 4 2523 108650 101273 -6000 -6000 0 0 0
1787960542.852 t 118 323022 31 -5194 -1217 -27615 0 0 0 -584 -548 4 2526 108117 100778 -6000 -5899 0 0 0
1787960542.922 t 119 323094 31 -5198 -1257 -27510 0 0 0 -584 -528 4 2529 107589 100278 -6000 -6000 0 0 0
1787960542.995 t 120 323166 31 -5201 -1298 -27416 0 0 0 -584 -558 4 2532 107061 99775 -6000 -5899 0 0 0
1787960543.067 t 121 323238 31 -5203 -1339 -27325 0 0 0 -581 -575 4 2535 106523 99261 -6000 -6000 0 0 0
1787960543.139 t 122 323310 31 -5205 -1381 -27175 0 0 0 -584 -538 4 2538 105978 98756 -6000 -6000 0 0 0
1787960543.210 t 123 323382 31 -5206 -1422 -27073 0 0 0 -585 -559 4 2541 105445 98250 -6000 -6000 0 0 0
1787960543.282 t 124 323454 31 -5206 -1463 -26911 0 0 0 -620 -555 4 2544 104900 97748 -6000 -6000 0 0 0
1787960543.354 t 125 323526 31 -5205 -1504 -26862 0 0 0 -591 -581 4 2547 104373 97234 -6000 -5899 0 0 0
1787960543.432 t 126 323598 31 -5203 -1545 -26735 0 0 0 -595 -555 4 2550 103836 96731 -6000 -6000 0 0 0
1787960543.502 t 127 323670 31 -5201 -1586 -26656 0 0 0 -584 -567 4 2553 103306 96222 -6000 -6000 0 0 0
1787960543.573 t 0 323742 31 -5198 -1627 -26539 0 0 0 -575 -558 4 2556 102767 95714 -6000 -6000 0 0 0
1787960543.643 t 1 323814 31 -5194 -1669 -26411 0 0 0 -594 -581 4 2559 102214 95195 -6000 -6000 0 0 0
1787960543.718 t 2 323886 31 -5189 -1710 -26298 0 0 0 -594 -519 4 2562 101678 94689 -6000 -6000 0 0 0
1787960543.786 t 3 323958 31 -5184 -1750 -26215 0 0 0 -574 -554 4 2565 101145 94178 -6000 -6000 0 0 0
1787960543.859 t 4 324030 31 -5178 -1791 -26121 0 0 0 -610 -574 4 2568 100606 93664 -6100 -6000 0 0 0
1787960543.931 t 5 324102 31 -5171 -1832 -26027 0 0 0 -581 -584 4 2571 100073 93156 -6000 -6000 0 0 0
1787960544.005 thdr seq now flags x y h ox oy oh vl vr i2cf cyc posl posr dutl dutr lexc wrng cycovr
1787960544.013 t 6 324174 31 -5163 -1873 -25933 0 0 0 -591 -584 4 2574 99531 92639 -6100 -6100 0 0 0
1787960544.075 t 7 324246 31 -5155 -1914 -25828 0 0 0 -554 -571 4 2577 98989 92125 -6000 -6000 0 0 0
1787960544.150 t 8 324318 31 -5146 -1955 -25722 0 0 0 -594 -556 4 2580 98442 91606 -6000 -6000 0 0 0
1787960544.222 t 9 324390 31 -5136 -1995 -25651 0 0 0 -584 -594 4 2583 97906 91089 -6100 -6000 0 0 0
1787960544.293 t 10 324462 31 -5126 -2035 -25546 0 0 0 -576 -565 4 2586 97373 90584 -6000 -6000 0 0 0
1787960544.362 t 11 324534 31 -5114 -2074 -25403 0 0 0 -638 -543 5 2589 96823 90072 -6000 -6000 0 0 0
1787960544.436 t 12 324606 31 -5102 -2114 -25316 0 0 0 -604 -548 5 2592 96289 89561 -6000 -6000 0 0 0
1787960544.512 t 13 324678 31 -5090 -2154 -25241 0 0 0 -594 -574 5 2595 95750 89042 -6000 -6000 0 0 0
1787960544.578 t 14 324750 31 -5077 -2193 -25105 0 0 0 -601 -528 5 2598 95206 88534 -6000 -6100 0 0 0
1787960544.637 t 15 324806 31 -5072 -2207 -25083 0 0 0 -640 -620 5 2599 95011 88345 -6100 -6000 0 0 0
1787960544.695 t 16 324862 31 -5072 -2207 -25083 0 0 0 -640 -620 5 2599 95011 88345 -6100 -6000 0 0 0
1787960544.740 t 17 324911 31 -5072 -2207 -25083 0 0 0 -640 -620 5 2599 95011 88345 -6100 -6000 0 0 0
1787960544.796 t 18 324963 31 -5072 -2207 -25083 0 0 0 -640 -620 5 2599 95011 88345 -6100 -6000 0 0 0
1787960544.846 t 19 325015 31 -5072 -2207 -25083 0 0 0 -640 -620 5 2599 95011 88345 -6100 -6000 0 0 0
1787960544.902 t 20 325067 31 -5072 -2207 -25083 0 0 0 -640 -620 5 2599 95011 88345 -6100 -6000 0 0 0
1787960544.948 t 21 325119 31 -5072 -2207 -25083 0 0 0 -640 -620 5 2599 95011 88345 -6100 -6000 0 0 0
1787960545.002 t 22 325171 31 -5072 -2207 -25083 0 0 0 -640 -620 5 2599 95011 88345 -6100 -6000 0 0 0
1787960545.053 t 23 325223 31 -5072 -2207 -25083 0 0 0 -640 -620 5 2599 95011 88345 -6100 -6000 0 0 0
1787960545.105 t 24 325275 31 -5072 -2207 -25083 0 0 0 -640 -620 5 2599 95011 88345 -6100 -6000 0 0 0
1787960545.157 thdr seq now flags x y h ox oy oh vl vr i2cf cyc posl posr dutl dutr lexc wrng cycovr
1787960545.163 t 25 325327 31 -5072 -2207 -25083 0 0 0 -640 -620 5 2599 95011 88345 -6100 -6000 0 0 0
1787960545.209 t 26 325379 31 -5072 -2207 -25083 0 0 0 -640 -620 5 2599 95011 88345 -6100 -6000 0 0 0
1787960545.260 t 27 325432 31 -5072 -2207 -25083 0 0 0 -640 -620 5 2599 95011 88345 -6100 -6000 0 0 0
1787960545.312 t 28 325483 31 -5072 -2207 -25083 0 0 0 -640 -620 5 2599 95011 88345 -6100 -6000 0 0 0
1787960545.361 === BIAS RESET REV 70%
1787960545.362 >>> SET stall_window 50 #131
1787960545.364 t 29 325535 31 -5072 -2207 -25083 0 0 0 -640 -620 5 2599 95011 88345 -6100 -6000 0 0 0
1787960545.378 ack 131 130 timeout
1787960545.416 t 30 325587 31 -5072 -2207 -25083 0 0 0 -640 -620 5 2599 95011 88345 -6100 -6000 0 0 0
1787960545.469 t 31 325639 31 -5072 -2207 -25083 0 0 0 -640 -620 5 2599 95011 88345 -6100 -6000 0 0 0
1787960545.520 t 32 325691 31 -5072 -2207 -25083 0 0 0 -640 -620 5 2599 95011 88345 -6100 -6000 0 0 0
1787960545.572 t 33 325743 31 -5072 -2207 -25083 0 0 0 -640 -620 5 2599 95011 88345 -6100 -6000 0 0 0
1787960545.624 t 34 325795 31 -5072 -2207 -25083 0 0 0 -640 -620 5 2599 95011 88345 -6100 -6000 0 0 0
1787960545.676 t 35 325847 31 -5072 -2207 -25083 0 0 0 -640 -620 5 2599 95011 88345 -6100 -6000 0 0 0
1787960545.729 t 36 325899 31 -5072 -2207 -25083 0 0 0 -640 -620 5 2599 95011 88345 -6100 -6000 0 0 0
1787960545.787 t 37 325951 31 -5072 -2207 -25083 0 0 0 -640 -620 5 2599 95011 88345 -6100 -6000 0 0 0
1787960545.833 t 38 326003 31 -5072 -2207 -25083 0 0 0 -640 -620 5 2599 95011 88345 -6100 -6000 0 0 0
1787960545.878 >>> WHEELS_V 40 40 300 #132
1787960545.889 t 39 326055 31 -5072 -2207 -25083 0 0 0 -640 -620 5 2599 95011 88345 -6100 -6000 0 0 0
1787960545.889 ack 132 130 timeout
1787960545.947 t 40 326118 31 -5026 -2316 -24311 0 0 0 6 0 5 2601 93411 86950 500 500 0 0 0
1787960546.018 t 41 326190 35 -5027 -2314 -24345 0 0 0 26 7 5 2604 93442 86972 0 0 0 0 0
1787960546.095 t 42 326262 35 -5027 -2314 -24345 0 0 0 0 0 5 2607 93442 86972 0 0 0 0 0
1787960546.166 t 43 326334 35 -5027 -2314 -24345 0 0 0 0 0 5 2610 93442 86972 0 0 0 0 0
1787960546.225 thdr seq now flags x y h ox oy oh vl vr i2cf cyc posl posr dutl dutr lexc wrng cycovr
1787960546.230 t 44 326390 35 -5027 -2314 -24345 0 0 0 0 0 5 2612 93442 86972 0 0 0 0 0
1787960546.270 t 45 326442 35 -5027 -2314 -24345 0 0 0 0 0 5 2612 93442 86972 0 0 0 0 0
1787960546.333 t 46 326498 35 -5027 -2314 -24345 0 0 0 0 0 5 2612 93442 86972 0 0 0 0 0
1787960546.382 t 47 326554 35 -5027 -2314 -24345 0 0 0 0 0 5 2612 93442 86972 0 0 0 0 0
1787960546.437 t 48 326610 35 -5027 -2314 -24345 0 0 0 0 0 5 2612 93442 86972 0 0 0 0 0
1787960546.494 t 49 326666 35 -5027 -2314 -24345 0 0 0 0 0 5 2612 93442 86972 0 0 0 0 0
1787960546.550 t 50 326722 35 -5027 -2314 -24345 0 0 0 0 0 5 2612 93442 86972 0 0 0 0 0
1787960546.607 t 51 326778 35 -5027 -2314 -24345 0 0 0 0 0 5 2612 93442 86972 0 0 0 0 0
1787960546.667 t 52 326834 35 -5027 -2314 -24345 0 0 0 0 0 5 2612 93442 86972 0 0 0 0 0
1787960546.719 t 53 326890 35 -5027 -2314 -24345 0 0 0 0 0 5 2612 93442 86972 0 0 0 0 0
1787960546.776 t 54 326946 35 -5027 -2314 -24345 0 0 0 0 0 5 2612 93442 86972 0 0 0 0 0
1787960546.830 t 55 327002 35 -5027 -2314 -24345 0 0 0 0 0 5 2612 93442 86972 0 0 0 0 0
1787960546.886 t 56 327058 35 -5027 -2314 -24345 0 0 0 0 0 5 2612 93442 86972 0 0 0 0 0
1787960546.943 t 57 327114 35 -5027 -2314 -24345 0 0 0 0 0 5 2612 93442 86972 0 0 0 0 0
1787960546.997 t 58 327170 35 -5027 -2314 -24345 0 0 0 0 0 5 2612 93442 86972 0 0 0 0 0
1787960547.053 t 59 327226 35 -5027 -2314 -24345 0 0 0 0 0 5 2612 93442 86972 0 0 0 0 0
1787960547.109 t 60 327282 35 -5027 -2314 -24345 0 0 0 0 0 5 2612 93442 86972 0 0 0 0 0
1787960547.160 >>> SET stall_clear 1 #133
1787960547.166 t 61 327338 35 -5027 -2314 -24345 0 0 0 0 0 5 2612 93442 86972 0 0 0 0 0
1787960547.170 ack 133 132 stall
1787960547.223 t 62 327394 35 -5027 -2314 -24345 0 0 0 0 0 5 2612 93442 86972 0 0 0 0 0
1787960547.280 thdr seq now flags x y h ox oy oh vl vr i2cf cyc posl posr dutl dutr lexc wrng cycovr
1787960547.284 t 63 327450 35 -5027 -2314 -24345 0 0 0 0 0 5 2612 93442 86972 0 0 0 0 0
1787960547.331 t 64 327502 35 -5027 -2314 -24345 0 0 0 0 0 5 2612 93442 86972 0 0 0 0 0
1787960547.387 t 65 327558 35 -5027 -2314 -24345 0 0 0 0 0 5 2612 93442 86972 0 0 0 0 0
1787960547.442 t 66 327614 35 -5027 -2314 -24345 0 0 0 0 0 5 2612 93442 86972 0 0 0 0 0
1787960547.497 t 67 327670 35 -5027 -2314 -24345 0 0 0 0 0 5 2612 93442 86972 0 0 0 0 0
1787960547.554 t 68 327726 35 -5027 -2314 -24345 0 0 0 0 0 5 2612 93442 86972 0 0 0 0 0
1787960547.610 t 69 327782 35 -5027 -2314 -24345 0 0 0 0 0 5 2612 93442 86972 0 0 0 0 0
1787960547.663 >>> SET stall_window 0 #134
1787960547.665 t 70 327838 35 -5027 -2314 -24345 0 0 0 0 0 5 2612 93442 86972 0 0 0 0 0
1787960547.677 ack 134 132 stall
1787960547.732 t 71 327894 35 -5027 -2314 -24345 0 0 0 0 0 5 2612 93442 86972 0 0 0 0 0
1787960547.777 t 72 327950 35 -5027 -2314 -24345 0 0 0 0 0 5 2612 93442 86972 0 0 0 0 0
1787960547.836 t 73 328006 35 -5027 -2314 -24345 0 0 0 0 0 5 2612 93442 86972 0 0 0 0 0
1787960547.889 t 74 328062 35 -5027 -2314 -24345 0 0 0 0 0 5 2612 93442 86972 0 0 0 0 0
1787960547.946 t 75 328118 35 -5027 -2314 -24345 0 0 0 0 0 5 2612 93442 86972 0 0 0 0 0
1787960548.005 t 76 328174 35 -5027 -2314 -24345 0 0 0 0 0 5 2612 93442 86972 0 0 0 0 0
1787960548.058 t 77 328230 35 -5027 -2314 -24345 0 0 0 0 0 5 2612 93442 86972 0 0 0 0 0
1787960548.113 t 78 328286 35 -5027 -2314 -24345 0 0 0 0 0 5 2612 93442 86972 0 0 0 0 0
1787960548.167 === STEP REV duty=70% v=-595
1787960548.167 >>> WHEELS_V -595 -595 2000 #135
1787960548.172 t 79 328342 35 -5027 -2314 -24345 0 0 0 0 0 5 2612 93442 86972 0 0 0 0 0
1787960548.181 ack 135 132 stall
1787960548.243 t 80 328410 31 -5026 -2315 -24353 0 0 0 -39 -45 5 2614 93428 86956 -5000 -5000 0 0 0
1787960548.315 t 81 328482 31 -5014 -2338 -24198 0 0 0 -519 -476 5 2617 93081 86650 -6900 -6900 0 0 0
1787960548.383 thdr seq now flags x y h ox oy oh vl vr i2cf cyc posl posr dutl dutr lexc wrng cycovr
1787960548.394 t 82 328554 31 -4993 -2375 -23976 0 0 0 -657 -595 5 2620 92511 86139 -7000 -7000 0 0 0
1787960548.456 t 83 328626 31 -4969 -2416 -23852 0 0 0 -655 -625 5 2623 91895 85556 -7000 -7000 0 0 0
1787960548.528 t 84 328698 31 -4944 -2456 -23664 0 0 0 -712 -637 5 2626 91267 84978 -7000 -6900 0 0 0
1787960548.601 t 85 328770 31 -4917 -2496 -23611 0 0 0 -686 -657 5 2629 90647 84372 -7000 -7000 0 0 0
1787960548.670 t 86 328842 31 -4890 -2534 -23476 0 0 0 -673 -627 5 2632 90034 83795 -7000 -7000 0 0 0
1787960548.746 t 87 328914 31 -4862 -2573 -23412 0 0 0 -673 -673 5 2635 89417 83195 -6900 -7000 0 0 0
1787960548.814 t 88 328986 31 -4833 -2611 -23235 0 0 0 -666 -647 5 2638 88789 82614 -7000 -7000 0 0 0
1787960548.890 t 89 329058 31 -4803 -2649 -23119 0 0 0 -694 -657 5 2641 88161 82017 -7000 -7000 0 0 0
1787960548.971 t 90 329130 31 -4773 -2686 -23024 0 0 0 -676 -662 5 2644 87539 81420 -7000 -7000 0 0 0
1787960549.033 t 91 329202 31 -4741 -2723 -22930 0 0 0 -683 -682 5 2647 86914 80820 -7000 -7000 0 0 0
1787960549.103 t 92 329274 31 -4710 -2758 -22787 0 0 0 -675 -649 5 2650 86289 80233 -7000 -7000 0 0 0
1787960549.177 t 93 329346 31 -4677 -2794 -22742 0 0 0 -666 -657 5 2653 85672 79628 -7000 -7000 0 0 0
1787960549.248 t 94 329418 31 -4644 -2829 -22629 0 0 0 -676 -647 5 2656 85050 79036 -7000 -7000 0 0 0
1787960549.321 t 95 329490 31 -4610 -2863 -22483 0 0 0 -723 -647 5 2659 84414 78439 -7000 -7000 0 0 0
1787960549.390 t 96 329562 31 -4575 -2897 -22411 0 0 0 -683 -657 5 2662 83789 77833 -7000 -7000 0 0 0
1787960549.462 t 97 329634 31 -4540 -2930 -22328 0 0 0 -637 -657 5 2665 83167 77233 -7000 -7000 0 0 0
1787960549.534 t 98 329706 31 -4505 -2963 -22276 0 0 0 -673 -683 5 2668 82545 76625 -7100 -7000 0 0 0
1787960549.609 t 99 329778 31 -4469 -2995 -22140 0 0 0 -673 -657 5 2671 81917 76033 -7000 -7000 0 0 0
1787960549.679 t 100 329850 31 -4432 -3027 -22054 0 0 0 -693 -657 5 2674 81289 75428 -7000 -7000 0 0 0
1787960549.750 thdr seq now flags x y h ox oy oh vl vr i2cf cyc posl posr dutl dutr lexc wrng cycovr
1787960549.759 t 101 329922 31 -4395 -3057 -21918 0 0 0 -702 -650 5 2677 80658 74833 -7000 -7000 0 0 0
1787960549.822 t 102 329994 31 -4357 -3088 -21877 0 0 0 -664 -681 5 2680 80036 74222 -7000 -7000 0 0 0
1787960549.895 t 103 330066 31 -4319 -3118 -21764 0 0 0 -663 -656 5 2683 79406 73622 -7000 -7100 0 0 0
1787960549.967 t 104 330138 31 -4280 -3147 -21689 0 0 0 -682 -657 5 2686 78781 73017 -7000 -7000 0 0 0
1787960550.039 t 105 330210 31 -4241 -3176 -21595 0 0 0 -712 -657 5 2689 78150 72411 -7000 -7000 0 0 0
1787960550.110 t 106 330282 31 -4201 -3204 -21501 0 0 0 -692 -666 5 2692 77522 71808 -7000 -7100 0 0 0
1787960550.258 t 107 330354 31 -4161 -3231 -21399 0 0 0 -693 -667 5 2695 76895 71208 -7000 -7000 0 0 0
1787960550.258 t 108 330410 31 -4147 -3240 -21290 0 0 0 -758 -663 5 2696 76664 71006 -7100 -7000 0 0 0
1787960550.295 t 109 330466 31 -4147 -3240 -21290 0 0 0 -758 -663 5 2696 76664 71006 -7100 -7000 0 0 0
1787960550.351 t 110 330522 31 -4147 -3240 -21290 0 0 0 -758 -663 5 2696 76664 71006 -7100 -7000 0 0 0
1787960550.408 t 111 330579 31 -4147 -3240 -21290 0 0 0 -758 -663 5 2696 76664 71006 -7100 -7000 0 0 0
1787960550.523 t 112 330631 31 -4147 -3240 -21290 0 0 0 -758 -663 5 2696 76664 71006 -7100 -7000 0 0 0
1787960550.528 t 113 330683 31 -4147 -3240 -21290 0 0 0 -758 -663 5 2696 76664 71006 -7100 -7000 0 0 0
1787960550.576 t 114 330735 31 -4147 -3240 -21290 0 0 0 -758 -663 5 2696 76664 71006 -7100 -7000 0 0 0
1787960550.655 t 115 330787 31 -4147 -3240 -21290 0 0 0 -758 -663 5 2696 76664 71006 -7100 -7000 0 0 0
1787960550.674 t 116 330839 31 -4147 -3240 -21290 0 0 0 -758 -663 5 2696 76664 71006 -7100 -7000 0 0 0
1787960550.728 t 117 330891 31 -4147 -3240 -21290 0 0 0 -758 -663 5 2696 76664 71006 -7100 -7000 0 0 0
1787960550.788 t 118 330943 31 -4147 -3240 -21290 0 0 0 -758 -663 5 2696 76664 71006 -7100 -7000 0 0 0
1787960550.828 t 119 330995 31 -4147 -3240 -21290 0 0 0 -758 -663 5 2696 76664 71006 -7100 -7000 0 0 0
1787960550.888 thdr seq now flags x y h ox oy oh vl vr i2cf cyc posl posr dutl dutr lexc wrng cycovr
1787960550.889 t 120 331047 31 -4147 -3240 -21290 0 0 0 -758 -663 5 2696 76664 71006 -7100 -7000 0 0 0
1787960550.930 === BIAS RESET REV 80%
1787960550.933 >>> SET stall_window 50 #136
1787960550.943 t 121 331099 31 -4147 -3240 -21290 0 0 0 -758 -663 5 2696 76664 71006 -7100 -7000 0 0 0
1787960550.950 ack 136 135 timeout
1787960550.988 t 122 331151 31 -4147 -3240 -21290 0 0 0 -758 -663 5 2696 76664 71006 -7100 -7000 0 0 0
1787960551.035 t 123 331203 31 -4147 -3240 -21290 0 0 0 -758 -663 5 2696 76664 71006 -7100 -7000 0 0 0
1787960551.085 t 124 331255 31 -4147 -3240 -21290 0 0 0 -758 -663 5 2696 76664 71006 -7100 -7000 0 0 0
1787960551.136 t 125 331307 31 -4147 -3240 -21290 0 0 0 -758 -663 5 2696 76664 71006 -7100 -7000 0 0 0
1787960551.188 t 126 331359 31 -4147 -3240 -21290 0 0 0 -758 -663 5 2696 76664 71006 -7100 -7000 0 0 0
1787960551.241 t 127 331411 31 -4147 -3240 -21290 0 0 0 -758 -663 5 2696 76664 71006 -7100 -7000 0 0 0
1787960551.293 t 0 331463 31 -4147 -3240 -21290 0 0 0 -758 -663 5 2696 76664 71006 -7100 -7000 0 0 0
1787960551.350 t 1 331515 31 -4147 -3240 -21290 0 0 0 -758 -663 5 2696 76664 71006 -7100 -7000 0 0 0
1787960551.397 t 2 331567 31 -4147 -3240 -21290 0 0 0 -758 -663 5 2696 76664 71006 -7100 -7000 0 0 0
1787960551.441 >>> WHEELS_V 40 40 300 #137
1787960551.449 t 3 331619 31 -4147 -3240 -21290 0 0 0 -758 -663 5 2696 76664 71006 -7100 -7000 0 0 0
1787960551.453 ack 137 135 timeout
1787960551.512 t 4 331682 31 -4007 -3314 -20255 0 0 0 8 17 5 2698 74514 69131 500 500 0 0 0
1787960551.591 t 5 331754 35 -4009 -3313 -20330 0 0 0 26 0 5 2701 74550 69147 0 0 0 0 0
1787960551.658 t 6 331826 35 -4009 -3313 -20330 0 0 0 0 0 5 2704 74550 69147 0 0 0 0 0
1787960551.763 t 7 331898 35 -4009 -3313 -20330 0 0 0 0 0 5 2707 74550 69147 0 0 0 0 0
1787960551.798 t 8 331954 35 -4009 -3313 -20330 0 0 0 0 0 5 2709 74550 69147 0 0 0 0 0
1787960551.837 t 9 332010 35 -4009 -3313 -20330 0 0 0 0 0 5 2709 74550 69147 0 0 0 0 0
1787960551.896 t 10 332066 35 -4009 -3313 -20330 0 0 0 0 0 5 2709 74550 69147 0 0 0 0 0
1787960551.950 thdr seq now flags x y h ox oy oh vl vr i2cf cyc posl posr dutl dutr lexc wrng cycovr
1787960551.956 t 11 332122 35 -4009 -3313 -20330 0 0 0 0 0 5 2709 74550 69147 0 0 0 0 0
1787960552.009 t 12 332174 35 -4009 -3313 -20330 0 0 0 0 0 5 2709 74550 69147 0 0 0 0 0
1787960552.058 t 13 332230 35 -4009 -3313 -20330 0 0 0 0 0 5 2709 74550 69147 0 0 0 0 0
1787960552.113 t 14 332286 35 -4009 -3313 -20330 0 0 0 0 0 5 2709 74550 69147 0 0 0 0 0
1787960552.175 t 15 332342 35 -4009 -3313 -20330 0 0 0 0 0 5 2709 74550 69147 0 0 0 0 0
1787960552.226 t 16 332398 35 -4009 -3313 -20330 0 0 0 0 0 5 2709 74550 69147 0 0 0 0 0
1787960552.283 t 17 332454 35 -4009 -3313 -20330 0 0 0 0 0 5 2709 74550 69147 0 0 0 0 0
1787960552.341 t 18 332510 35 -4009 -3313 -20330 0 0 0 0 0 5 2709 74550 69147 0 0 0 0 0
1787960552.394 t 19 332566 35 -4009 -3313 -20330 0 0 0 0 0 5 2709 74550 69147 0 0 0 0 0
1787960552.450 t 20 332622 35 -4009 -3313 -20330 0 0 0 0 0 5 2709 74550 69147 0 0 0 0 0
1787960552.505 t 21 332678 35 -4009 -3313 -20330 0 0 0 0 0 5 2709 74550 69147 0 0 0 0 0
1787960552.562 t 22 332734 35 -4009 -3313 -20330 0 0 0 0 0 5 2709 74550 69147 0 0 0 0 0
1787960552.618 t 23 332790 35 -4009 -3313 -20330 0 0 0 0 0 5 2709 74550 69147 0 0 0 0 0
1787960552.670 >>> SET stall_clear 1 #138
1787960552.674 t 24 332846 35 -4009 -3313 -20330 0 0 0 0 0 5 2709 74550 69147 0 0 0 0 0
1787960552.684 ack 138 137 stall
1787960552.729 t 25 332902 35 -4009 -3313 -20330 0 0 0 0 0 5 2709 74550 69147 0 0 0 0 0
1787960552.786 t 26 332958 35 -4009 -3313 -20330 0 0 0 0 0 5 2709 74550 69147 0 0 0 0 0
1787960552.853 t 27 333014 35 -4009 -3313 -20330 0 0 0 0 0 5 2709 74550 69147 0 0 0 0 0
1787960552.898 t 28 333070 35 -4009 -3313 -20330 0 0 0 0 0 5 2709 74550 69147 0 0 0 0 0
1787960552.956 t 29 333126 35 -4009 -3313 -20330 0 0 0 0 0 5 2709 74550 69147 0 0 0 0 0
1787960553.010 thdr seq now flags x y h ox oy oh vl vr i2cf cyc posl posr dutl dutr lexc wrng cycovr
1787960553.017 t 30 333182 35 -4009 -3313 -20330 0 0 0 0 0 5 2709 74550 69147 0 0 0 0 0
1787960553.065 t 31 333234 35 -4009 -3313 -20330 0 0 0 0 0 5 2709 74550 69147 0 0 0 0 0
1787960553.119 t 32 333290 35 -4009 -3313 -20330 0 0 0 0 0 5 2709 74550 69147 0 0 0 0 0
1787960553.178 >>> SET stall_window 0 #139
1787960553.185 t 33 333346 35 -4009 -3313 -20330 0 0 0 0 0 5 2709 74550 69147 0 0 0 0 0
1787960553.194 ack 139 137 stall
1787960553.229 t 34 333402 35 -4009 -3313 -20330 0 0 0 0 0 5 2709 74550 69147 0 0 0 0 0
1787960553.285 t 35 333458 35 -4009 -3313 -20330 0 0 0 0 0 5 2709 74550 69147 0 0 0 0 0
1787960553.343 t 36 333514 35 -4009 -3313 -20330 0 0 0 0 0 5 2709 74550 69147 0 0 0 0 0
1787960553.402 t 37 333570 35 -4009 -3313 -20330 0 0 0 0 0 5 2709 74550 69147 0 0 0 0 0
1787960553.456 t 38 333626 35 -4009 -3313 -20330 0 0 0 0 0 5 2709 74550 69147 0 0 0 0 0
1787960553.510 t 39 333682 35 -4009 -3313 -20330 0 0 0 0 0 5 2709 74550 69147 0 0 0 0 0
1787960553.574 t 40 333738 35 -4009 -3313 -20330 0 0 0 0 0 5 2709 74550 69147 0 0 0 0 0
1787960553.621 t 41 333794 35 -4009 -3313 -20330 0 0 0 0 0 5 2709 74550 69147 0 0 0 0 0
1787960553.678 t 42 333850 35 -4009 -3313 -20330 0 0 0 0 0 5 2709 74550 69147 0 0 0 0 0
1787960553.679 === STEP REV duty=80% v=-680
1787960553.679 >>> WHEELS_V -680 -680 2000 #140
1787960553.688 ack 140 137 stall
1787960553.748 t 43 333918 31 -4008 -3314 -20319 0 0 0 -48 -39 5 2711 74533 69133 -5000 -5000 0 0 0
1787960553.819 t 44 333990 31 -3983 -3324 -20161 0 0 0 -558 -492 5 2714 74175 68817 -7900 -7900 0 0 0
1787960553.891 t 45 334062 31 -3940 -3340 -19871 0 0 0 -749 -666 5 2717 73550 68269 -8000 -8000 0 0 0
1787960553.964 t 46 334134 31 -3889 -3356 -19694 0 0 0 -765 -696 5 2720 72853 67619 -8000 -8000 0 0 0
1787960554.035 t 47 334206 31 -3836 -3371 -19600 0 0 0 -792 -732 5 2723 72142 66933 -8000 -8000 0 0 0
1787960554.106 t 48 334278 31 -3784 -3385 -19408 0 0 0 -775 -728 5 2726 71436 66278 -8000 -8000 0 0 0
1787960554.185 thdr seq now flags x y h ox oy oh vl vr i2cf cyc posl posr dutl dutr lexc wrng cycovr
1787960554.189 t 49 334350 31 -3732 -3397 -19292 0 0 0 -759 -709 5 2729 70733 65606 -8000 -7900 0 0 0
1787960554.253 t 50 334422 31 -3678 -3409 -19107 0 0 0 -734 -726 5 2732 70017 64939 -8000 -8000 0 0 0
1787960554.323 t 51 334494 31 -3624 -3418 -18961 0 0 0 -765 -702 5 2735 69300 64261 -8000 -8000 0 0 0
1787960554.394 t 52 334566 31 -3570 -3427 -18836 0 0 0 -775 -748 5 2738 68592 63586 -8000 -7900 0 0 0
1787960554.468 t 53 334638 31 -3517 -3434 -18686 0 0 0 -784 -729 5 2741 67883 62917 -8000 -8000 0 0 0
1787960554.541 t 54 334710 31 -3462 -3439 -18573 0 0 0 -775 -748 5 2744 67175 62239 -8000 -8000 0 0 0
1787960554.617 t 55 334782 31 -3407 -3444 -18415 0 0 0 -775 -745 5 2747 66450 61556 -8000 -8000 0 0 0
1787960554.682 t 56 334854 31 -3353 -3447 -18280 0 0 0 -765 -719 5 2750 65739 60881 -8000 -8000 0 0 0
1787960554.754 t 57 334926 31 -3298 -3448 -18125 0 0 0 -785 -729 5 2753 65028 60211 -8000 -8000 0 0 0
1787960554.828 t 58 334998 31 -3243 -3449 -17986 0 0 0 -814 -748 5 2756 64308 59528 -8000 -8000 0 0 0
1787960554.905 t 59 335070 31 -3188 -3448 -17892 0 0 0 -794 -738 5 2759 63597 58842 -8000 -8000 0 0 0
1787960554.971 t 60 335142 31 -3133 -3446 -17787 0 0 0 -784 -745 5 2762 62883 58156 -8000 -8000 0 0 0
1787960555.042 t 61 335214 31 -3078 -3443 -17602 0 0 0 -784 -748 5 2765 62167 57489 -8000 -8000 0 0 0
1787960555.115 t 62 335286 31 -3023 -3439 -17486 0 0 0 -775 -738 5 2768 61450 56803 -8000 -8000 0 0 0
1787960555.186 t 63 335358 31 -2969 -3433 -17395 0 0 0 -765 -759 5 2771 60742 56119 -8000 -8000 0 0 0
1787960555.258 t 64 335430 31 -2914 -3426 -17256 0 0 0 -784 -719 5 2774 60028 55442 -8000 -8000 0 0 0
1787960555.331 t 65 335502 31 -2859 -3418 -17121 0 0 0 -821 -749 5 2777 59300 54750 -8000 -8000 0 0 0
1787960555.402 t 66 335574 31 -2805 -3409 -16974 0 0 0 -785 -785 5 2780 58583 54072 -8100 -8000 0 0 0
1787960555.474 t 67 335646 31 -2750 -3398 -16850 0 0 0 -821 -785 5 2783 57861 53383 -8100 -8000 0 0 0
1787960555.550 thdr seq now flags x y h ox oy oh vl vr i2cf cyc posl posr dutl dutr lexc wrng cycovr
1787960555.554 t 68 335718 31 -2697 -3387 -16767 0 0 0 -785 -748 5 2786 57161 52705 -8000 -8000 0 0 0
1787960555.618 t 69 335790 31 -2643 -3374 -16620 0 0 0 -752 -751 5 2789 56439 52022 -8000 -8000 0 0 0
1787960555.690 t 70 335862 31 -2590 -3360 -16492 0 0 0 -796 -739 5 2792 55719 51336 -8000 -8000 0 0 0
1787960555.746 t 71 335918 31 -2572 -3355 -16368 0 0 0 -846 -739 5 2793 55461 51111 -8100 -8000 0 0 0
1787960555.802 t 72 335974 31 -2572 -3355 -16368 0 0 0 -846 -739 5 2793 55461 51111 -8100 -8000 0 0 0
1787960555.859 t 73 336030 31 -2572 -3355 -16368 0 0 0 -846 -739 5 2793 55461 51111 -8100 -8000 0 0 0
1787960555.914 t 74 336086 31 -2572 -3355 -16368 0 0 0 -846 -739 5 2793 55461 51111 -8100 -8000 0 0 0
1787960555.974 t 75 336143 31 -2572 -3355 -16368 0 0 0 -846 -739 5 2793 55461 51111 -8100 -8000 0 0 0
1787960556.027 t 76 336195 31 -2572 -3355 -16368 0 0 0 -846 -739 5 2793 55461 51111 -8100 -8000 0 0 0
1787960556.078 t 77 336247 31 -2572 -3355 -16368 0 0 0 -846 -739 5 2793 55461 51111 -8100 -8000 0 0 0
1787960556.130 t 78 336299 31 -2572 -3355 -16368 0 0 0 -846 -739 5 2793 55461 51111 -8100 -8000 0 0 0
1787960556.180 t 79 336351 31 -2572 -3355 -16368 0 0 0 -846 -739 5 2793 55461 51111 -8100 -8000 0 0 0
1787960556.232 t 80 336403 31 -2572 -3355 -16368 0 0 0 -846 -739 5 2793 55461 51111 -8100 -8000 0 0 0
1787960556.284 t 81 336455 31 -2572 -3355 -16368 0 0 0 -846 -739 5 2793 55461 51111 -8100 -8000 0 0 0
1787960556.339 t 82 336507 31 -2572 -3355 -16368 0 0 0 -846 -739 5 2793 55461 51111 -8100 -8000 0 0 0
1787960556.390 t 83 336559 31 -2572 -3355 -16368 0 0 0 -846 -739 5 2793 55461 51111 -8100 -8000 0 0 0
1787960556.438 === BIAS RESET REV 90%
1787960556.438 >>> SET stall_window 50 #141
1787960556.441 t 84 336611 31 -2572 -3355 -16368 0 0 0 -846 -739 5 2793 55461 51111 -8100 -8000 0 0 0
1787960556.455 ack 141 140 timeout
1787960556.493 t 85 336663 31 -2572 -3355 -16368 0 0 0 -846 -739 5 2793 55461 51111 -8100 -8000 0 0 0
1787960556.544 t 86 336715 31 -2572 -3355 -16368 0 0 0 -846 -739 5 2793 55461 51111 -8100 -8000 0 0 0
1787960556.599 thdr seq now flags x y h ox oy oh vl vr i2cf cyc posl posr dutl dutr lexc wrng cycovr
1787960556.607 t 87 336767 31 -2572 -3355 -16368 0 0 0 -846 -739 5 2793 55461 51111 -8100 -8000 0 0 0
1787960556.648 t 88 336819 31 -2572 -3355 -16368 0 0 0 -846 -739 5 2793 55461 51111 -8100 -8000 0 0 0
1787960556.700 t 89 336871 31 -2572 -3355 -16368 0 0 0 -846 -739 5 2793 55461 51111 -8100 -8000 0 0 0
1787960556.753 t 90 336923 31 -2572 -3355 -16368 0 0 0 -846 -739 5 2793 55461 51111 -8100 -8000 0 0 0
1787960556.806 t 91 336975 31 -2572 -3355 -16368 0 0 0 -846 -739 5 2793 55461 51111 -8100 -8000 0 0 0
1787960556.858 t 92 337027 31 -2572 -3355 -16368 0 0 0 -846 -739 5 2793 55461 51111 -8100 -8000 0 0 0
1787960556.910 t 93 337079 31 -2572 -3355 -16368 0 0 0 -846 -739 5 2793 55461 51111 -8100 -8000 0 0 0
1787960556.953 >>> WHEELS_V 40 40 300 #142
1787960556.962 t 94 337131 31 -2572 -3355 -16368 0 0 0 -846 -739 5 2793 55461 51111 -8100 -8000 0 0 0
1787960556.965 ack 142 140 timeout
1787960557.022 t 95 337194 31 -2391 -3279 -15092 0 0 0 17 0 5 2795 52811 48800 500 500 0 0 0
1787960557.096 t 96 337266 35 -2393 -3280 -15134 0 0 0 26 16 5 2798 52844 48822 0 0 0 0 0
1787960557.169 t 97 337338 35 -2393 -3280 -15134 0 0 0 0 0 5 2801 52844 48822 0 0 0 0 0
1787960557.239 t 98 337410 35 -2393 -3280 -15134 0 0 0 0 0 5 2804 52844 48822 0 0 0 0 0
1787960557.297 t 99 337466 35 -2393 -3280 -15134 0 0 0 0 0 5 2806 52844 48822 0 0 0 0 0
1787960557.351 t 100 337522 35 -2393 -3280 -15134 0 0 0 0 0 5 2806 52844 48822 0 0 0 0 0
1787960557.408 t 101 337578 35 -2393 -3280 -15134 0 0 0 0 0 5 2806 52844 48822 0 0 0 0 0
1787960557.461 t 102 337634 35 -2393 -3280 -15134 0 0 0 0 0 5 2806 52844 48822 0 0 0 0 0
1787960557.527 t 103 337690 35 -2393 -3280 -15134 0 0 0 0 0 5 2806 52844 48822 0 0 0 0 0
1787960557.574 t 104 337746 35 -2393 -3280 -15134 0 0 0 0 0 5 2806 52844 48822 0 0 0 0 0
1787960557.632 t 105 337802 35 -2393 -3280 -15134 0 0 0 0 0 5 2806 52844 48822 0 0 0 0 0
1787960557.688 thdr seq now flags x y h ox oy oh vl vr i2cf cyc posl posr dutl dutr lexc wrng cycovr
1787960557.693 t 106 337858 35 -2393 -3280 -15134 0 0 0 0 0 5 2806 52844 48822 0 0 0 0 0
1787960557.745 t 107 337910 35 -2393 -3280 -15134 0 0 0 0 0 5 2806 52844 48822 0 0 0 0 0
1787960557.796 t 108 337966 35 -2393 -3280 -15134 0 0 0 0 0 5 2806 52844 48822 0 0 0 0 0
1787960557.853 t 109 338022 35 -2393 -3280 -15134 0 0 0 0 0 5 2806 52844 48822 0 0 0 0 0
1787960557.913 t 110 338078 35 -2393 -3280 -15134 0 0 0 0 0 5 2806 52844 48822 0 0 0 0 0
1787960557.965 t 111 338134 35 -2393 -3280 -15134 0 0 0 0 0 5 2806 52844 48822 0 0 0 0 0
1787960558.043 t 112 338190 35 -2393 -3280 -15134 0 0 0 0 0 5 2806 52844 48822 0 0 0 0 0
1787960558.091 t 113 338246 35 -2393 -3280 -15134 0 0 0 0 0 5 2806 52844 48822 0 0 0 0 0
1787960558.134 t 114 338302 35 -2393 -3280 -15134 0 0 0 0 0 5 2806 52844 48822 0 0 0 0 0
1787960558.190 t 115 338358 35 -2393 -3280 -15134 0 0 0 0 0 5 2806 52844 48822 0 0 0 0 0
1787960558.244 >>> SET stall_clear 1 #143
1787960558.251 t 116 338414 35 -2393 -3280 -15134 0 0 0 0 0 5 2806 52844 48822 0 0 0 0 0
1787960558.254 ack 143 142 stall
1787960558.304 t 117 338470 35 -2393 -3280 -15134 0 0 0 0 0 5 2806 52844 48822 0 0 0 0 0
1787960558.356 t 118 338526 35 -2393 -3280 -15134 0 0 0 0 0 5 2806 52844 48822 0 0 0 0 0
1787960558.421 t 119 338582 35 -2393 -3280 -15134 0 0 0 0 0 5 2806 52844 48822 0 0 0 0 0
1787960558.477 t 120 338638 35 -2393 -3280 -15134 0 0 0 0 0 5 2806 52844 48822 0 0 0 0 0
1787960558.526 t 121 338694 35 -2393 -3280 -15134 0 0 0 0 0 5 2806 52844 48822 0 0 0 0 0
1787960558.592 t 122 338750 35 -2393 -3280 -15134 0 0 0 0 0 5 2806 52844 48822 0 0 0 0 0
1787960558.647 t 123 338806 35 -2393 -3280 -15134 0 0 0 0 0 5 2806 52844 48822 0 0 0 0 0
1787960558.696 t 124 338862 35 -2393 -3280 -15134 0 0 0 0 0 5 2806 52844 48822 0 0 0 0 0
1787960558.750 >>> SET stall_window 0 #144
1787960558.770 thdr seq now flags x y h ox oy oh vl vr i2cf cyc posl posr dutl dutr lexc wrng cycovr
1787960558.770 t 125 338918 35 -2393 -3280 -15134 0 0 0 0 0 5 2806 52844 48822 0 0 0 0 0
1787960558.770 ack 144 142 stall
1787960558.801 t 126 338970 35 -2393 -3280 -15134 0 0 0 0 0 5 2806 52844 48822 0 0 0 0 0
1787960558.864 t 127 339026 35 -2393 -3280 -15134 0 0 0 0 0 5 2806 52844 48822 0 0 0 0 0
1787960558.914 t 0 339082 35 -2393 -3280 -15134 0 0 0 0 0 5 2806 52844 48822 0 0 0 0 0
1787960558.967 t 1 339138 35 -2393 -3280 -15134 0 0 0 0 0 5 2806 52844 48822 0 0 0 0 0
1787960559.025 t 2 339194 35 -2393 -3280 -15134 0 0 0 0 0 5 2806 52844 48822 0 0 0 0 0
1787960559.089 t 3 339250 35 -2393 -3280 -15134 0 0 0 0 0 5 2806 52844 48822 0 0 0 0 0
1787960559.165 t 4 339306 35 -2393 -3280 -15134 0 0 0 0 0 5 2806 52844 48822 0 0 0 0 0
1787960559.199 t 5 339362 35 -2393 -3280 -15134 0 0 0 0 0 5 2806 52844 48822 0 0 0 0 0
1787960559.247 t 6 339418 35 -2393 -3280 -15134 0 0 0 0 0 5 2806 52844 48822 0 0 0 0 0
1787960559.301 === STEP REV duty=90% v=-765
1787960559.303 >>> WHEELS_V -765 -765 2000 #145
1787960559.307 t 7 339474 35 -2393 -3280 -15134 0 0 0 0 0 5 2806 52844 48822 0 0 0 0 0
1787960559.313 ack 145 142 stall
1787960559.373 t 8 339542 31 -2392 -3279 -15126 0 0 0 -53 -48 5 2808 52825 48805 -5000 -5000 0 0 0
1787960559.450 t 9 339614 31 -2369 -3266 -15010 0 0 0 -565 -512 5 2811 52472 48483 -8900 -8900 0 0 0
1787960559.519 t 10 339686 31 -2327 -3241 -14758 0 0 0 -794 -712 5 2814 51822 47900 -8900 -8900 0 0 0
1787960559.586 t 11 339758 31 -2282 -3207 -14487 0 0 0 -857 -821 6 2817 51061 47211 -8900 -8900 0 0 0
1787960559.661 t 12 339830 31 -2234 -3172 -14310 0 0 0 -857 -814 6 2820 50283 46480 -9000 -8900 0 0 0
1787960559.731 t 13 339902 31 -2186 -3134 -14227 0 0 0 -857 -821 6 2823 49500 45719 -9000 -8900 0 0 0
1787960559.804 t 14 339974 31 -2138 -3096 -13998 0 0 0 -903 -785 6 2826 48692 44972 -9000 -8900 0 0 0
1787960559.875 t 15 340046 31 -2092 -3056 -13911 0 0 0 -876 -856 6 2829 47908 44211 -8900 -8900 0 0 0
1787960559.949 thdr seq now flags x y h ox oy oh vl vr i2cf cyc posl posr dutl dutr lexc wrng cycovr
1787960559.956 t 16 340118 31 -2047 -3016 -13753 0 0 0 -867 -820 6 2832 47122 43467 -9000 -8900 0 0 0
1787960560.021 t 17 340190 31 -2002 -2974 -13621 0 0 0 -828 -813 6 2835 46328 42708 -9000 -9000 0 0 0
1787960560.090 t 18 340262 31 -1959 -2932 -13497 0 0 0 -863 -821 6 2838 45542 41955 -9000 -9000 0 0 0
1787960560.165 t 19 340334 31 -1917 -2888 -13369 0 0 0 -866 -831 6 2841 44750 41197 -9000 -9000 0 0 0
1787960560.237 t 20 340406 31 -1875 -2843 -13234 0 0 0 -857 -794 6 2844 43961 40444 -9000 -8900 0 0 0
1787960560.307 t 21 340478 31 -1835 -2797 -13098 0 0 0 -857 -867 6 2847 43161 39680 -9000 -9000 0 0 0
1787960560.380 t 22 340550 31 -1796 -2751 -12970 0 0 0 -867 -811 6 2850 42375 38928 -9000 -9000 0 0 0
1787960560.451 t 23 340622 31 -1758 -2703 -12835 0 0 0 -876 -820 6 2853 41583 38172 -9000 -9000 0 0 0
1787960560.524 t 24 340694 31 -1720 -2654 -12669 0 0 0 -910 -821 6 2856 40778 37411 -9000 -9000 0 0 0
1787960560.595 t 25 340766 31 -1684 -2605 -12598 0 0 0 -874 -867 6 2859 39989 36641 -9000 -9000 0 0 0
1787960560.671 t 26 340838 31 -1649 -2555 -12492 0 0 0 -856 -804 6 2862 39203 35883 -9000 -9000 0 0 0
1787960560.739 t 27 340910 31 -1615 -2504 -12353 0 0 0 -876 -821 6 2865 38411 35128 -9000 -9000 0 0 0
1787960560.811 t 28 340982 31 -1581 -2452 -12259 0 0 0 -857 -883 6 2868 37611 34353 -9100 -9000 0 0 0
1787960560.887 t 29 341054 31 -1549 -2400 -12135 0 0 0 -861 -876 6 2871 36816 33591 -9000 -9000 0 0 0
1787960560.956 t 30 341126 31 -1518 -2347 -12063 0 0 0 -847 -841 6 2874 36028 32822 -9000 -9000 0 0 0
1787960561.028 t 31 341198 31 -1488 -2294 -11905 0 0 0 -847 -821 6 2877 35239 32075 -9000 -9000 0 0 0
1787960561.111 t 32 341270 31 -1459 -2240 -11717 0 0 0 -886 -785 6 2880 34430 31316 -9000 -9000 0 0 0
1787960561.174 t 33 341342 31 -1431 -2185 -11653 0 0 0 -866 -836 6 2883 33636 30539 -9000 -9000 0 0 0
1787960561.249 t 34 341414 31 -1404 -2129 -11578 0 0 0 -876 -846 6 2886 32841 29764 -9000 -9000 0 0 0
1787960561.324 thdr seq now flags x y h ox oy oh vl vr i2cf cyc posl posr dutl dutr lexc wrng cycovr
1787960561.328 t 35 341486 31 -1379 -2073 -11435 0 0 0 -893 -830 6 2889 32044 29005 -9000 -9000 0 0 0
1787960561.366 t 36 341538 31 -1369 -2052 -11412 0 0 0 -843 -827 6 2890 31744 28711 -9100 -9000 0 0 0
1787960561.437 t 37 341594 31 -1369 -2052 -11412 0 0 0 -843 -827 6 2890 31744 28711 -9100 -9000 0 0 0
1787960561.478 t 38 341650 31 -1369 -2052 -11412 0 0 0 -843 -827 6 2890 31744 28711 -9100 -9000 0 0 0
1787960561.536 t 39 341707 31 -1369 -2052 -11412 0 0 0 -843 -827 6 2890 31744 28711 -9100 -9000 0 0 0
1787960561.591 t 40 341759 31 -1369 -2052 -11412 0 0 0 -843 -827 6 2890 31744 28711 -9100 -9000 0 0 0
1787960561.640 t 41 341811 31 -1369 -2052 -11412 0 0 0 -843 -827 6 2890 31744 28711 -9100 -9000 0 0 0
1787960561.694 t 42 341863 31 -1369 -2052 -11412 0 0 0 -843 -827 6 2890 31744 28711 -9100 -9000 0 0 0
1787960561.744 t 43 341915 31 -1369 -2052 -11412 0 0 0 -843 -827 6 2890 31744 28711 -9100 -9000 0 0 0
1787960561.796 t 44 341967 31 -1369 -2052 -11412 0 0 0 -843 -827 6 2890 31744 28711 -9100 -9000 0 0 0
1787960561.848 t 45 342019 31 -1369 -2052 -11412 0 0 0 -843 -827 6 2890 31744 28711 -9100 -9000 0 0 0
1787960561.901 t 46 342071 31 -1369 -2052 -11412 0 0 0 -843 -827 6 2890 31744 28711 -9100 -9000 0 0 0
1787960561.952 t 47 342123 31 -1369 -2052 -11412 0 0 0 -843 -827 6 2890 31744 28711 -9100 -9000 0 0 0
1787960562.004 t 48 342175 31 -1369 -2052 -11412 0 0 0 -843 -827 6 2890 31744 28711 -9100 -9000 0 0 0
1787960562.056 t 49 342227 31 -1369 -2052 -11412 0 0 0 -843 -827 6 2890 31744 28711 -9100 -9000 0 0 0
1787960562.056 === BIAS RESET REV 100%
1787960562.056 >>> SET stall_window 50 #146
1787960562.069 ack 146 145 timeout
1787960562.109 t 50 342279 31 -1369 -2052 -11412 0 0 0 -843 -827 6 2890 31744 28711 -9100 -9000 0 0 0
1787960562.161 t 51 342331 31 -1369 -2052 -11412 0 0 0 -843 -827 6 2890 31744 28711 -9100 -9000 0 0 0
1787960562.213 t 52 342383 31 -1369 -2052 -11412 0 0 0 -843 -827 6 2890 31744 28711 -9100 -9000 0 0 0
1787960562.274 t 53 342435 31 -1369 -2052 -11412 0 0 0 -843 -827 6 2890 31744 28711 -9100 -9000 0 0 0
1787960562.316 thdr seq now flags x y h ox oy oh vl vr i2cf cyc posl posr dutl dutr lexc wrng cycovr
1787960562.325 t 54 342487 31 -1369 -2052 -11412 0 0 0 -843 -827 6 2890 31744 28711 -9100 -9000 0 0 0
1787960562.369 t 55 342540 31 -1369 -2052 -11412 0 0 0 -843 -827 6 2890 31744 28711 -9100 -9000 0 0 0
1787960562.421 t 56 342591 31 -1369 -2052 -11412 0 0 0 -843 -827 6 2890 31744 28711 -9100 -9000 0 0 0
1787960562.477 t 57 342643 31 -1369 -2052 -11412 0 0 0 -843 -827 6 2890 31744 28711 -9100 -9000 0 0 0
1787960562.524 t 58 342695 31 -1369 -2052 -11412 0 0 0 -843 -827 6 2890 31744 28711 -9100 -9000 0 0 0
1787960562.572 >>> WHEELS_V 40 40 300 #147
1787960562.585 t 59 342747 31 -1369 -2052 -11412 0 0 0 -843 -827 6 2890 31744 28711 -9100 -9000 0 0 0
1787960562.590 ack 147 145 timeout
1787960562.648 t 60 342818 31 -1306 -1842 -9941 0 0 0 8 8 6 2892 28761 26119 500 500 0 0 0
1787960562.718 t 61 342890 35 -1306 -1844 -9971 0 0 0 10 20 6 2895 28789 26139 0 0 0 0 0
1787960562.790 t 62 342962 35 -1306 -1844 -9971 0 0 0 0 0 6 2898 28789 26139 0 0 0 0 0
1787960562.860 t 63 343034 35 -1306 -1844 -9971 0 0 0 0 0 6 2901 28789 26139 0 0 0 0 0
1787960562.918 t 64 343090 35 -1306 -1844 -9971 0 0 0 0 0 6 2903 28789 26139 0 0 0 0 0
1787960562.973 t 65 343146 35 -1306 -1844 -9971 0 0 0 0 0 6 2903 28789 26139 0 0 0 0 0
1787960563.029 t 66 343202 35 -1306 -1844 -9971 0 0 0 0 0 6 2903 28789 26139 0 0 0 0 0
1787960563.086 t 67 343258 35 -1306 -1844 -9971 0 0 0 0 0 6 2903 28789 26139 0 0 0 0 0
1787960563.143 t 68 343314 35 -1306 -1844 -9971 0 0 0 0 0 6 2903 28789 26139 0 0 0 0 0
1787960563.201 t 69 343370 35 -1306 -1844 -9971 0 0 0 0 0 6 2903 28789 26139 0 0 0 0 0
1787960563.253 t 70 343426 35 -1306 -1844 -9971 0 0 0 0 0 6 2903 28789 26139 0 0 0 0 0
1787960563.310 t 71 343482 35 -1306 -1844 -9971 0 0 0 0 0 6 2903 28789 26139 0 0 0 0 0
1787960563.367 t 72 343538 35 -1306 -1844 -9971 0 0 0 0 0 6 2903 28789 26139 0 0 0 0 0
1787960563.423 thdr seq now flags x y h ox oy oh vl vr i2cf cyc posl posr dutl dutr lexc wrng cycovr
1787960563.433 t 73 343594 35 -1306 -1844 -9971 0 0 0 0 0 6 2903 28789 26139 0 0 0 0 0
1787960563.473 t 74 343646 35 -1306 -1844 -9971 0 0 0 0 0 6 2903 28789 26139 0 0 0 0 0
1787960563.532 t 75 343702 35 -1306 -1844 -9971 0 0 0 0 0 6 2903 28789 26139 0 0 0 0 0
1787960563.586 t 76 343758 35 -1306 -1844 -9971 0 0 0 0 0 6 2903 28789 26139 0 0 0 0 0
1787960563.642 t 77 343814 35 -1306 -1844 -9971 0 0 0 0 0 6 2903 28789 26139 0 0 0 0 0
1787960563.700 t 78 343870 35 -1306 -1844 -9971 0 0 0 0 0 6 2903 28789 26139 0 0 0 0 0
1787960563.754 t 79 343926 35 -1306 -1844 -9971 0 0 0 0 0 6 2903 28789 26139 0 0 0 0 0
1787960563.813 >>> SET stall_clear 1 #148
1787960563.814 t 80 343982 35 -1306 -1844 -9971 0 0 0 0 0 6 2903 28789 26139 0 0 0 0 0
1787960563.821 ack 148 147 stall
1787960563.865 t 81 344038 35 -1306 -1844 -9971 0 0 0 0 0 6 2903 28789 26139 0 0 0 0 0
1787960563.922 t 82 344094 35 -1306 -1844 -9971 0 0 0 0 0 6 2903 28789 26139 0 0 0 0 0
1787960563.979 t 83 344150 35 -1306 -1844 -9971 0 0 0 0 0 6 2903 28789 26139 0 0 0 0 0
1787960564.034 t 84 344206 35 -1306 -1844 -9971 0 0 0 0 0 6 2903 28789 26139 0 0 0 0 0
1787960564.089 t 85 344262 35 -1306 -1844 -9971 0 0 0 0 0 6 2903 28789 26139 0 0 0 0 0
1787960564.151 t 86 344318 35 -1306 -1844 -9971 0 0 0 0 0 6 2903 28789 26139 0 0 0 0 0
1787960564.201 t 87 344374 35 -1306 -1844 -9971 0 0 0 0 0 6 2903 28789 26139 0 0 0 0 0
1787960564.259 t 88 344430 35 -1306 -1844 -9971 0 0 0 0 0 6 2903 28789 26139 0 0 0 0 0
1787960564.315 t 89 344486 35 -1306 -1844 -9971 0 0 0 0 0 6 2903 28789 26139 0 0 0 0 0
1787960564.315 >>> SET stall_window 0 #149
1787960564.334 ack 149 147 stall
1787960564.373 t 90 344542 35 -1306 -1844 -9971 0 0 0 0 0 6 2903 28789 26139 0 0 0 0 0
1787960564.443 t 91 344598 35 -1306 -1844 -9971 0 0 0 0 0 6 2903 28789 26139 0 0 0 0 0
1787960564.483 thdr seq now flags x y h ox oy oh vl vr i2cf cyc posl posr dutl dutr lexc wrng cycovr
1787960564.491 t 92 344654 35 -1306 -1844 -9971 0 0 0 0 0 6 2903 28789 26139 0 0 0 0 0
1787960564.533 t 93 344706 35 -1306 -1844 -9971 0 0 0 0 0 6 2903 28789 26139 0 0 0 0 0
1787960564.594 t 94 344762 35 -1306 -1844 -9971 0 0 0 0 0 6 2903 28789 26139 0 0 0 0 0
1787960564.646 t 95 344818 35 -1306 -1844 -9971 0 0 0 0 0 6 2903 28789 26139 0 0 0 0 0
1787960564.701 t 96 344874 35 -1306 -1844 -9971 0 0 0 0 0 6 2903 28789 26139 0 0 0 0 0
1787960564.757 t 97 344930 35 -1306 -1844 -9971 0 0 0 0 0 6 2903 28789 26139 0 0 0 0 0
1787960564.814 t 98 344986 35 -1306 -1844 -9971 0 0 0 0 0 6 2903 28789 26139 0 0 0 0 0
1787960564.863 === STEP REV duty=100% v=-850
1787960564.863 >>> WHEELS_V -850 -850 2000 #150
1787960564.869 t 99 345042 35 -1306 -1844 -9971 0 0 0 0 0 6 2903 28789 26139 0 0 0 0 0
1787960564.873 ack 150 147 stall
1787960564.936 t 100 345102 31 -1306 -1842 -9983 0 0 0 -48 -56 6 2905 28772 26119 -5000 -5000 0 0 0
1787960565.005 t 101 345174 31 -1301 -1816 -9825 0 0 0 -564 -509 6 2908 28411 25800 -9900 -9900 0 0 0
1787960565.075 t 102 345246 31 -1296 -1766 -9572 0 0 0 -785 -729 6 2911 27744 25200 -9900 -9900 0 0 0
1787960565.146 t 103 345318 31 -1291 -1707 -9302 0 0 0 -873 -801 6 2914 26961 24489 -10000 -10000 0 0 0
1787960565.218 t 104 345390 31 -1290 -1644 -9147 0 0 0 -919 -893 6 2917 26136 23705 -10000 -10000 0 0 0
1787960565.292 t 105 345462 31 -1289 -1581 -9001 0 0 0 -904 -841 6 2920 25319 22927 -10000 -9900 0 0 0
1787960565.362 t 106 345534 31 -1289 -1518 -8925 0 0 0 -883 -838 6 2923 24508 22136 -10000 -10000 0 0 0
1787960565.434 t 107 345606 31 -1291 -1455 -8801 0 0 0 -903 -827 6 2926 23689 21350 -10000 -10000 0 0 0
1787960565.506 t 108 345678 31 -1294 -1391 -8696 0 0 0 -893 -837 6 2929 22861 20550 -10000 -9900 0 0 0
1787960565.580 t 109 345750 31 -1298 -1328 -8590 0 0 0 -897 -821 6 2932 22041 19758 -10000 -9900 0 0 0
1787960565.653 t 110 345822 31 -1303 -1264 -8541 0 0 0 -904 -856 6 2935 21225 18955 -10000 -10000 0 0 0
1787960565.723 thdr seq now flags x y h ox oy oh vl vr i2cf cyc posl posr dutl dutr lexc wrng cycovr
1787960565.730 t 111 345894 31 -1309 -1201 -8361 0 0 0 -940 -827 6 2938 20397 18175 -10000 -10000 0 0 0
1787960565.794 t 112 345966 31 -1316 -1137 -8338 0 0 0 -878 -906 6 2941 19577 17361 -10000 -9900 0 0 0
1787960565.868 t 113 346038 31 -1324 -1075 -8195 0 0 0 -892 -821 6 2944 18761 16583 -10000 -9900 0 0 0
1787960565.938 t 114 346110 31 -1334 -1011 -8143 0 0 0 -902 -866 6 2947 17941 15777 -10000 -10000 0 0 0
1787960566.011 t 115 346182 31 -1345 -948 -8018 0 0 0 -893 -913 6 2950 17114 14983 -9900 -10000 0 0 0
1787960566.083 t 116 346254 31 -1356 -886 -7913 0 0 0 -903 -857 6 2953 16297 14194 -10000 -10000 0 0 0
1787960566.155 t 117 346326 31 -1369 -824 -7815 0 0 0 -896 -837 6 2956 15477 13400 -10000 -9900 0 0 0
1787960566.235 t 118 346398 31 -1382 -761 -7766 0 0 0 -893 -876 6 2959 14658 12594 -10000 -9900 0 0 0
1787960566.303 t 119 346470 31 -1397 -699 -7650 0 0 0 -893 -911 6 2962 13833 11800 -9900 -10000 0 0 0
1787960566.370 t 120 346542 31 -1413 -637 -7507 0 0 0 -928 -876 6 2965 13000 11005 -10000 -10000 0 0 0
1787960566.442 t 121 346614 31 -1430 -576 -7473 0 0 0 -903 -856 6 2968 12188 10202 -10000 -10000 0 0 0
1787960566.514 t 122 346686 31 -1448 -515 -7296 0 0 0 -939 -867 6 2971 11358 9419 -10000 -10000 0 0 0
1787960566.586 t 123 346758 31 -1467 -454 -7209 0 0 0 -896 -830 6 2974 10538 8622 -10000 -10000 0 0 0
1787960566.658 t 124 346830 31 -1487 -394 -7161 0 0 0 -903 -876 6 2977 9719 7816 -10000 -10000 0 0 0
1787960566.730 t 125 346902 31 -1508 -333 -7055 0 0 0 -903 -837 6 2980 8897 7022 -10000 -10000 0 0 0
1787960566.891 t 126 346974 31 -1531 -273 -6908 0 0 0 -866 -867 6 2983 8063 6227 -10000 -10000 0 0 0
1787960566.891 t 127 347046 31 -1554 -214 -6890 0 0 0 -893 -913 6 2986 7250 5419 -9900 -10000 0 0 0
1787960566.932 t 0 347102 31 -1562 -193 -6773 0 0 0 -968 -866 6 2987 6955 5155 -10000 -9900 0 0 0
1787960566.987 t 1 347158 31 -1562 -193 -6773 0 0 0 -968 -866 6 2987 6955 5155 -10000 -9900 0 0 0
1787960567.050 thdr seq now flags x y h ox oy oh vl vr i2cf cyc posl posr dutl dutr lexc wrng cycovr
1787960567.058 t 2 347214 31 -1562 -193 -6773 0 0 0 -968 -866 6 2987 6955 5155 -10000 -9900 0 0 0
1787960567.100 t 3 347266 31 -1562 -193 -6773 0 0 0 -968 -866 6 2987 6955 5155 -10000 -9900 0 0 0
1787960567.157 t 4 347323 31 -1562 -193 -6773 0 0 0 -968 -866 6 2987 6955 5155 -10000 -9900 0 0 0
1787960567.203 t 5 347375 31 -1562 -193 -6773 0 0 0 -968 -866 6 2987 6955 5155 -10000 -9900 0 0 0
1787960567.259 t 6 347427 31 -1562 -193 -6773 0 0 0 -968 -866 6 2987 6955 5155 -10000 -9900 0 0 0
1787960567.308 t 7 347479 31 -1562 -193 -6773 0 0 0 -968 -866 6 2987 6955 5155 -10000 -9900 0 0 0
1787960567.374 t 8 347531 31 -1562 -193 -6773 0 0 0 -968 -866 6 2987 6955 5155 -10000 -9900 0 0 0
1787960567.414 t 9 347583 31 -1562 -193 -6773 0 0 0 -968 -866 6 2987 6955 5155 -10000 -9900 0 0 0
1787960567.472 t 10 347635 31 -1562 -193 -6773 0 0 0 -968 -866 6 2987 6955 5155 -10000 -9900 0 0 0
1787960567.518 t 11 347687 31 -1562 -193 -6773 0 0 0 -968 -866 6 2987 6955 5155 -10000 -9900 0 0 0
1787960567.570 t 12 347739 31 -1562 -193 -6773 0 0 0 -968 -866 6 2987 6955 5155 -10000 -9900 0 0 0
1787960568.122 t 13 347791 31 -1562 -193 -6773 0 0 0 -968 -866 6 2987 6955 5155 -10000 -9900 0 0 0
1787960568.122 t 14 347843 31 -1562 -193 -6773 0 0 0 -968 -866 6 2987 6955 5155 -10000 -9900 0 0 0
1787960568.122 t 15 347895 31 -1562 -193 -6773 0 0 0 -968 -866 6 2987 6955 5155 -10000 -9900 0 0 0
1787960568.122 t 16 347947 31 -1562 -193 -6773 0 0 0 -968 -866 6 2987 6955 5155 -10000 -9900 0 0 0
1787960568.122 t 17 347999 31 -1562 -193 -6773 0 0 0 -968 -866 6 2987 6955 5155 -10000 -9900 0 0 0
1787960568.123 t 18 348051 31 -1562 -193 -6773 0 0 0 -968 -866 6 2987 6955 5155 -10000 -9900 0 0 0
1787960568.123 t 19 348103 31 -1562 -193 -6773 0 0 0 -968 -866 6 2987 6955 5155 -10000 -9900 0 0 0
1787960568.123 t 20 348155 31 -1562 -193 -6773 0 0 0 -968 -866 6 2987 6955 5155 -10000 -9900 0 0 0
1787960568.123 thdr seq now flags x y h ox oy oh vl vr i2cf cyc posl posr dutl dutr lexc wrng cycovr
1787960568.123 t 21 348207 31 -1562 -193 -6773 0 0 0 -968 -866 6 2987 6955 5155 -10000 -9900 0 0 0
1787960568.123 t 22 348259 31 -1562 -193 -6773 0 0 0 -968 -866 6 2987 6955 5155 -10000 -9900 0 0 0
1787960568.143 t 23 348311 31 -1562 -193 -6773 0 0 0 -968 -866 6 2987 6955 5155 -10000 -9900 0 0 0
1787960568.193 t 24 348363 31 -1562 -193 -6773 0 0 0 -968 -866 6 2987 6955 5155 -10000 -9900 0 0 0
1787960568.248 t 25 348415 31 -1562 -193 -6773 0 0 0 -968 -866 6 2987 6955 5155 -10000 -9900 0 0 0
1787960568.297 t 26 348467 31 -1562 -193 -6773 0 0 0 -968 -866 6 2987 6955 5155 -10000 -9900 0 0 0
1787960568.353 t 27 348519 31 -1562 -193 -6773 0 0 0 -968 -866 6 2987 6955 5155 -10000 -9900 0 0 0
1787960568.401 t 28 348571 31 -1562 -193 -6773 0 0 0 -968 -866 6 2987 6955 5155 -10000 -9900 0 0 0
1787960568.455 t 29 348623 31 -1562 -193 -6773 0 0 0 -968 -866 6 2987 6955 5155 -10000 -9900 0 0 0
1787960568.505 t 30 348675 31 -1562 -193 -6773 0 0 0 -968 -866 6 2987 6955 5155 -10000 -9900 0 0 0
1787960568.558 t 31 348727 31 -1562 -193 -6773 0 0 0 -968 -866 6 2987 6955 5155 -10000 -9900 0 0 0
1787960568.609 t 32 348779 31 -1562 -193 -6773 0 0 0 -968 -866 6 2987 6955 5155 -10000 -9900 0 0 0
1787960568.657 >>> STOP #151
1787960568.661 t 33 348831 31 -1562 -193 -6773 0 0 0 -968 -866 6 2987 6955 5155 -10000 -9900 0 0 0
1787960568.665 ack 151 150 timeout
1787960568.712 t 34 348883 31 -1562 -193 -6773 0 0 0 -968 -866 6 2987 6955 5155 -10000 -9900 0 0 0
1787960568.767 t 35 348935 31 -1562 -193 -6773 0 0 0 -968 -866 6 2987 6955 5155 -10000 -9900 0 0 0
1787960568.817 t 36 348987 31 -1562 -193 -6773 0 0 0 -968 -866 6 2987 6955 5155 -10000 -9900 0 0 0
1787960568.868 t 37 349039 31 -1562 -193 -6773 0 0 0 -968 -866 6 2987 6955 5155 -10000 -9900 0 0 0
1787960568.919 t 38 349091 31 -1562 -193 -6773 0 0 0 -968 -866 6 2987 6955 5155 -10000 -9900 0 0 0
1787960568.976 t 39 349143 31 -1562 -193 -6773 0 0 0 -968 -866 6 2987 6955 5155 -10000 -9900 0 0 0
1787960569.023 thdr seq now flags x y h ox oy oh vl vr i2cf cyc posl posr dutl dutr lexc wrng cycovr
1787960569.032 t 40 349195 31 -1562 -193 -6773 0 0 0 -968 -866 6 2987 6955 5155 -10000 -9900 0 0 0
1787960569.077 t 41 349247 31 -1562 -193 -6773 0 0 0 -968 -866 6 2987 6955 5155 -10000 -9900 0 0 0
1787960569.134 t 42 349299 31 -1562 -193 -6773 0 0 0 -968 -866 6 2987 6955 5155 -10000 -9900 0 0 0
1787960569.180 t 43 349351 31 -1562 -193 -6773 0 0 0 -968 -866 6 2987 6955 5155 -10000 -9900 0 0 0
1787960569.237 t 44 349403 31 -1562 -193 -6773 0 0 0 -968 -866 6 2987 6955 5155 -10000 -9900 0 0 0
1787960569.284 t 45 349455 31 -1562 -193 -6773 0 0 0 -968 -866 6 2987 6955 5155 -10000 -9900 0 0 0
1787960569.341 t 46 349507 31 -1562 -193 -6773 0 0 0 -968 -866 6 2987 6955 5155 -10000 -9900 0 0 0
1787960569.390 t 47 349559 31 -1562 -193 -6773 0 0 0 -968 -866 6 2987 6955 5155 -10000 -9900 0 0 0
1787960569.442 t 48 349611 31 -1562 -193 -6773 0 0 0 -968 -866 6 2987 6955 5155 -10000 -9900 0 0 0
1787960569.489 >>> TLM OFF #152
1787960569.492 t 49 349663 31 -1562 -193 -6773 0 0 0 -968 -866 6 2987 6955 5155 -10000 -9900 0 0 0
1787960569.509 ack 152 150 timeout
1787960570.513 >>> SET pid_ki 6 #153
1787960570.533 ack 153 150 timeout
1787960571.035 >>> SET pid_i_max 765.6 #154
1787960571.048 ack 154 150 timeout
1787960571.549 >>> SET twist_hold_gain 2 #155
1787960571.564 ack 155 150 timeout
1787960572.066 >>> SET stall_speed 191.4 #156
1787960572.081 ack 156 150 timeout
1787960572.583 >>> SET stall_demand 510.4 #157
1787960572.601 ack 157 150 timeout
1787960573.103 >>> SET stall_window 500 #158
1787960573.120 ack 158 150 timeout
1787960573.623 >>> GET pid_ki #159
1787960573.641 ack 159 150 timeout
1787960573.641 get pid_ki 6.000000
1787960574.649 >>> GET pid_i_max #160
1787960574.685 ack 160 150 timeout
1787960574.685 get pid_i_max 765.600037
1787960575.690 >>> GET twist_hold_gain #161
1787960575.706 ack 161 150 timeout
1787960575.707 get twist_hold_gain 2.000000
1787960576.711 >>> GET stall_speed #162
1787960576.730 ack 162 150 timeout
1787960576.731 get stall_speed 191.400009
1787960577.734 >>> GET stall_demand #163
1787960577.755 ack 163 150 timeout
1787960577.756 get stall_demand 510.400024
1787960578.763 >>> GET stall_window #164
1787960578.778 ack 164 150 timeout
1787960578.779 get stall_window 500.000031
1787960579.782 >>> STATUS
1787960579.801 status ready=1 active=1 connL=1 connR=1 otos=0 wedge=0 flags=31 i2cf=6 cyc=2987 tlm=off next=165 done=150 reason=timeout
