1787958635.718 >>> HELLO
1787958635.733 device NEZHA2 robot vevov 1198504156
1787958636.740 >>> SET pid_ki 0 #1
1787958636.756 ack 1 11 timeout
1787958637.261 >>> SET pid_i_max 0 #2
1787958637.276 ack 2 11 timeout
1787958637.779 >>> SET twist_hold_gain 0 #3
1787958637.796 ack 3 11 timeout
1787958638.298 >>> SET stall_speed 1000000 #4
1787958638.338 ack 4 11 timeout
1787958638.841 >>> SET stall_demand 1 #5
1787958638.862 ack 5 11 timeout
1787958639.364 >>> SET stall_window 0 #6
1787958639.389 ack 6 11 timeout
1787958639.893 >>> GET pid_ki #7
1787958639.907 ack 7 11 timeout
1787958639.909 get pid_ki 0.000000
1787958640.918 >>> GET pid_i_max #8
1787958640.938 ack 8 11 timeout
1787958640.940 get pid_i_max 0.000000
1787958641.947 >>> GET twist_hold_gain #9
1787958641.964 ack 9 11 timeout
1787958641.966 get twist_hold_gain 0.000000
1787958642.975 >>> TLM FULL #10
1787958642.989 ack 10 11 timeout
1787958643.025 t 61 467115 31 -89 37 11159 52 0 -104 -730 -730 1 271 2183 5788 -10000 -10000 0 0 0
1787958643.081 t 62 467171 31 -89 37 11159 52 0 -104 -730 -730 1 271 2183 5788 -10000 -10000 0 0 0
1787958643.140 t 63 467227 31 -89 37 11159 52 0 -104 -730 -730 1 271 2183 5788 -10000 -10000 0 0 0
1787958643.192 t 64 467283 31 -89 37 11159 52 0 -104 -730 -730 1 271 2183 5788 -10000 -10000 0 0 0
1787958643.250 t 65 467339 31 -89 37 11159 52 0 -104 -730 -730 1 271 2183 5788 -10000 -10000 0 0 0
1787958643.311 t 66 467395 31 -89 37 11159 52 0 -104 -730 -730 1 271 2183 5788 -10000 -10000 0 0 0
1787958643.363 t 67 467451 31 -89 37 11159 52 0 -104 -730 -730 1 271 2183 5788 -10000 -10000 0 0 0
1787958643.420 thdr seq now flags x y h ox oy oh vl vr i2cf cyc posl posr dutl dutr lexc wrng cycovr
1787958643.426 t 68 467507 31 -89 37 11159 52 0 -104 -730 -730 1 271 2183 5788 -10000 -10000 0 0 0
1787958643.473 t 69 467559 31 -89 37 11159 52 0 -104 -730 -730 1 271 2183 5788 -10000 -10000 0 0 0
1787958643.525 t 70 467615 31 -89 37 11159 52 0 -104 -730 -730 1 271 2183 5788 -10000 -10000 0 0 0
1787958643.587 t 71 467672 31 -89 37 11159 52 0 -104 -730 -730 1 271 2183 5788 -10000 -10000 0 0 0
1787958643.638 t 72 467727 31 -89 37 11159 52 0 -104 -730 -730 1 271 2183 5788 -10000 -10000 0 0 0
1787958643.694 t 73 467783 31 -89 37 11159 52 0 -104 -730 -730 1 271 2183 5788 -10000 -10000 0 0 0
1787958643.752 t 74 467839 31 -89 37 11159 52 0 -104 -730 -730 1 271 2183 5788 -10000 -10000 0 0 0
1787958643.805 t 75 467895 31 -89 37 11159 52 0 -104 -730 -730 1 271 2183 5788 -10000 -10000 0 0 0
1787958643.873 t 76 467951 31 -89 37 11159 52 0 -104 -730 -730 1 271 2183 5788 -10000 -10000 0 0 0
1787958644.001 === BIAS RESET FWD 5%
1787958644.001 >>> SET stall_window 50 #11
1787958644.001 t 77 468007 31 -89 37 11159 52 0 -104 -730 -730 1 271 2183 5788 -10000 -10000 0 0 0
1787958644.001 t 78 468063 31 -89 37 11159 52 0 -104 -730 -730 1 271 2183 5788 -10000 -10000 0 0 0
1787958644.033 ack 11 11 timeout
1787958644.036 t 79 468119 31 -89 37 11159 52 0 -104 -730 -730 1 271 2183 5788 -10000 -10000 0 0 0
1787958644.105 t 80 468175 31 -89 37 11159 52 0 -104 -730 -730 1 271 2183 5788 -10000 -10000 0 0 0
1787958644.141 t 81 468231 31 -89 37 11159 52 0 -104 -730 -730 1 271 2183 5788 -10000 -10000 0 0 0
1787958644.202 t 82 468287 31 -89 37 11159 52 0 -104 -730 -730 1 271 2183 5788 -10000 -10000 0 0 0
1787958644.252 t 83 468343 31 -89 37 11159 52 0 -104 -730 -730 1 271 2183 5788 -10000 -10000 0 0 0
1787958644.314 t 84 468400 31 -89 37 11159 52 0 -104 -730 -730 1 271 2183 5788 -10000 -10000 0 0 0
1787958644.367 t 85 468455 31 -89 37 11159 52 0 -104 -730 -730 1 271 2183 5788 -10000 -10000 0 0 0
1787958644.428 t 86 468511 31 -89 37 11159 52 0 -104 -730 -730 1 271 2183 5788 -10000 -10000 0 0 0
1787958644.480 thdr seq now flags x y h ox oy oh vl vr i2cf cyc posl posr dutl dutr lexc wrng cycovr
1787958644.485 t 87 468567 31 -89 37 11159 52 0 -104 -730 -730 1 271 2183 5788 -10000 -10000 0 0 0
1787958644.526 >>> WHEELS_V 40 40 300 #12
1787958644.530 t 88 468619 31 -89 37 11159 52 0 -104 -730 -730 1 271 2183 5788 -10000 -10000 0 0 0
1787958644.547 ack 12 11 timeout
1787958644.595 t 89 468687 31 -4 -6 19601 52 0 -104 0 0 2 273 -544 5788 300 300 0 0 0
1787958644.667 t 90 468759 35 -5 -6 19644 52 0 -104 -6 9 2 276 -538 5808 0 0 0 0 0
1787958644.743 t 91 468831 35 -5 -6 19644 52 0 -104 0 0 2 279 -538 5808 0 0 0 0 0
1787958644.817 t 92 468903 35 -5 -6 19644 52 0 -104 0 0 2 282 -538 5808 0 0 0 0 0
1787958644.867 t 93 468959 35 -5 -6 19644 52 0 -104 0 0 2 284 -538 5808 0 0 0 0 0
1787958644.924 t 94 469015 35 -5 -6 19644 52 0 -104 0 0 2 284 -538 5808 0 0 0 0 0
1787958644.982 t 95 469071 35 -5 -6 19644 52 0 -104 0 0 2 284 -538 5808 0 0 0 0 0
1787958645.041 t 96 469127 35 -5 -6 19644 52 0 -104 0 0 2 284 -538 5808 0 0 0 0 0
1787958645.092 t 97 469183 35 -5 -6 19644 52 0 -104 0 0 2 284 -538 5808 0 0 0 0 0
1787958645.163 t 98 469239 35 -5 -6 19644 52 0 -104 0 0 2 284 -538 5808 0 0 0 0 0
1787958645.203 t 99 469295 35 -5 -6 19644 52 0 -104 0 0 2 284 -538 5808 0 0 0 0 0
1787958645.260 t 100 469351 35 -5 -6 19644 52 0 -104 0 0 2 284 -538 5808 0 0 0 0 0
1787958645.329 t 101 469407 35 -5 -6 19644 52 0 -104 0 0 2 284 -538 5808 0 0 0 0 0
1787958645.371 t 102 469463 35 -5 -6 19644 52 0 -104 0 0 2 284 -538 5808 0 0 0 0 0
1787958645.430 t 103 469519 35 -5 -6 19644 52 0 -104 0 0 2 284 -538 5808 0 0 0 0 0
1787958645.486 t 104 469575 35 -5 -6 19644 52 0 -104 0 0 2 284 -538 5808 0 0 0 0 0
1787958645.541 t 105 469631 35 -5 -6 19644 52 0 -104 0 0 2 284 -538 5808 0 0 0 0 0
1787958645.599 thdr seq now flags x y h ox oy oh vl vr i2cf cyc posl posr dutl dutr lexc wrng cycovr
1787958645.615 t 106 469687 35 -5 -6 19644 52 0 -104 0 0 2 284 -538 5808 0 0 0 0 0
1787958645.648 t 107 469739 35 -5 -6 19644 52 0 -104 0 0 2 284 -538 5808 0 0 0 0 0
1787958645.707 t 108 469795 35 -5 -6 19644 52 0 -104 0 0 2 284 -538 5808 0 0 0 0 0
1787958645.770 t 109 469851 35 -5 -6 19644 52 0 -104 0 0 2 284 -538 5808 0 0 0 0 0
1787958645.770 >>> SET stall_clear 1 #13
1787958645.780 ack 13 12 stall
1787958645.816 t 110 469907 35 -5 -6 19644 52 0 -104 0 0 2 284 -538 5808 0 0 0 0 0
1787958645.871 t 111 469963 35 -5 -6 19644 52 0 -104 0 0 2 284 -538 5808 0 0 0 0 0
1787958645.930 t 112 470019 35 -5 -6 19644 52 0 -104 0 0 2 284 -538 5808 0 0 0 0 0
1787958646.002 t 113 470075 35 -5 -6 19644 52 0 -104 0 0 2 284 -538 5808 0 0 0 0 0
1787958646.045 t 114 470131 35 -5 -6 19644 52 0 -104 0 0 2 284 -538 5808 0 0 0 0 0
1787958646.096 t 115 470187 35 -5 -6 19644 52 0 -104 0 0 2 284 -538 5808 0 0 0 0 0
1787958646.206 t 116 470243 35 -5 -6 19644 52 0 -104 0 0 2 284 -538 5808 0 0 0 0 0
1787958646.235 t 117 470299 35 -5 -6 19644 52 0 -104 0 0 2 284 -538 5808 0 0 0 0 0
1787958646.263 t 118 470355 35 -5 -6 19644 52 0 -104 0 0 2 284 -538 5808 0 0 0 0 0
1787958646.315 >>> SET stall_window 0 #14
1787958646.324 t 119 470411 35 -5 -6 19644 52 0 -104 0 0 2 284 -538 5808 0 0 0 0 0
1787958646.330 ack 14 12 stall
1787958646.381 t 120 470467 35 -5 -6 19644 52 0 -104 0 0 2 284 -538 5808 0 0 0 0 0
1787958646.442 t 121 470523 35 -5 -6 19644 52 0 -104 0 0 2 284 -538 5808 0 0 0 0 0
1787958646.489 t 122 470579 35 -5 -6 19644 52 0 -104 0 0 2 284 -538 5808 0 0 0 0 0
1787958646.547 t 123 470635 35 -5 -6 19644 52 0 -104 0 0 2 284 -538 5808 0 0 0 0 0
1787958646.600 t 124 470691 35 -5 -6 19644 52 0 -104 0 0 2 284 -538 5808 0 0 0 0 0
1787958646.659 thdr seq now flags x y h ox oy oh vl vr i2cf cyc posl posr dutl dutr lexc wrng cycovr
1787958646.667 t 125 470747 35 -5 -6 19644 52 0 -104 0 0 2 284 -538 5808 0 0 0 0 0
1787958646.708 t 126 470799 35 -5 -6 19644 52 0 -104 0 0 2 284 -538 5808 0 0 0 0 0
1787958646.764 t 127 470855 35 -5 -6 19644 52 0 -104 0 0 2 284 -538 5808 0 0 0 0 0
1787958646.816 === STEP FWD duty=5% v=43
1787958646.816 >>> WHEELS_V 43 43 2000 #15
1787958646.819 t 0 470911 35 -5 -6 19644 52 0 -104 0 0 2 284 -538 5808 0 0 0 0 0
1787958646.831 ack 15 12 stall
1787958646.887 t 1 470979 31 -5 -6 19647 52 0 -104 5 8 2 286 -536 5811 500 500 0 0 0
1787958646.966 t 2 471051 31 -7 -7 19731 52 0 -104 26 58 2 289 -516 5858 500 500 0 0 0
1787958647.032 t 3 471123 31 -9 -7 19827 52 0 -103 32 58 2 292 -494 5911 600 600 0 0 0
1787958647.103 t 4 471195 31 -12 -8 19920 52 0 -103 15 47 2 295 -472 5963 600 600 0 0 0
1787958647.175 t 5 471267 31 -15 -9 19997 52 0 -103 32 50 2 298 -444 6016 600 600 0 0 0
1787958647.249 t 6 471339 31 -17 -10 20084 52 0 -103 26 41 2 301 -416 6072 600 600 0 0 0
1787958647.331 t 7 471411 31 -20 -11 20161 52 0 -103 41 41 2 304 -386 6127 600 600 0 0 0
1787958647.397 t 8 471483 31 -23 -12 20248 52 0 -103 32 50 2 307 -358 6183 500 600 0 0 0
1787958647.466 t 9 471555 31 -26 -14 20332 52 0 -103 32 56 2 310 -327 6241 600 600 0 0 0
1787958647.535 t 10 471627 31 -29 -15 20393 52 0 -103 32 41 2 313 -294 6294 600 600 0 0 0
1787958647.611 t 11 471699 31 -32 -16 20480 52 0 -103 32 64 2 316 -261 6355 600 600 0 0 0
1787958647.685 t 12 471771 31 -34 -17 20542 52 0 -103 38 67 2 319 -225 6411 500 600 0 0 0
1787958647.756 t 13 471843 31 -37 -19 20588 52 0 -103 35 47 2 322 -188 6463 500 600 0 0 0
1787958647.823 t 14 471915 31 -40 -20 20650 52 0 -103 32 41 2 325 -155 6516 600 600 0 0 0
1787958647.896 t 15 471987 31 -43 -22 20703 52 0 -103 26 50 2 328 -116 6572 600 600 0 0 0
1787958647.972 thdr seq now flags x y h ox oy oh vl vr i2cf cyc posl posr dutl dutr lexc wrng cycovr
1787958647.974 t 16 472059 31 -46 -23 20753 52 0 -103 32 47 2 331 -77 6627 500 600 0 0 0
1787958648.042 t 17 472131 31 -49 -25 20814 52 0 -103 30 63 2 334 -38 6686 600 600 0 0 0
1787958648.113 t 18 472203 31 -52 -26 20858 52 0 -103 23 55 2 337 0 6738 600 600 0 0 0
1787958648.185 t 19 472275 31 -55 -28 20895 52 0 -103 50 55 2 340 44 6794 600 600 0 0 0
1787958648.257 t 20 472347 31 -58 -30 20938 52 0 -103 50 67 2 343 86 6850 500 500 0 0 0
1787958648.329 t 21 472419 31 -60 -31 20988 52 0 -103 32 47 2 346 122 6902 600 500 0 0 0
1787958648.399 t 22 472491 31 -63 -33 21025 52 0 -103 47 58 2 349 166 6958 600 500 0 0 0
1787958648.473 t 23 472563 31 -66 -35 21084 52 0 -103 32 64 2 352 205 7016 500 600 0 0 0
1787958648.543 t 24 472635 31 -69 -36 21118 52 0 -103 50 64 2 355 250 7072 600 600 0 0 0
1787958648.618 t 25 472707 31 -72 -38 21170 52 0 -103 23 47 2 358 288 7127 600 600 0 0 0
1787958648.688 t 26 472779 31 -75 -40 21195 52 0 -103 50 50 2 361 336 7183 600 600 0 0 0
1787958648.760 t 27 472851 31 -78 -42 21248 52 0 -103 41 47 2 364 377 7241 500 600 0 0 0
1787958648.832 t 28 472923 31 -81 -44 21310 52 0 -103 41 67 2 367 416 7300 600 500 0 0 0
1787958648.887 t 29 472979 31 -82 -44 21307 52 0 -103 50 47 2 368 433 7316 600 600 0 0 0
1787958648.945 t 30 473035 31 -82 -44 21307 52 0 -103 50 47 2 368 433 7316 600 600 0 0 0
1787958649.026 t 31 473091 31 -82 -44 21307 52 0 -103 50 47 2 368 433 7316 600 600 0 0 0
1787958649.055 t 32 473147 31 -82 -44 21307 52 0 -103 50 47 2 368 433 7316 600 600 0 0 0
1787958649.117 t 33 473203 31 -82 -44 21307 52 0 -103 50 47 2 368 433 7316 600 600 0 0 0
1787958649.169 t 34 473259 31 -82 -44 21307 52 0 -103 50 47 2 368 433 7316 600 600 0 0 0
1787958649.228 thdr seq now flags x y h ox oy oh vl vr i2cf cyc posl posr dutl dutr lexc wrng cycovr
1787958649.232 t 35 473315 31 -82 -44 21307 52 0 -103 50 47 2 368 433 7316 600 600 0 0 0
1787958649.278 t 36 473367 31 -82 -44 21307 52 0 -103 50 47 2 368 433 7316 600 600 0 0 0
1787958649.331 t 37 473423 31 -82 -44 21307 52 0 -103 50 47 2 368 433 7316 600 600 0 0 0
1787958649.391 t 38 473479 31 -82 -44 21307 52 0 -103 50 47 2 368 433 7316 600 600 0 0 0
1787958649.446 t 39 473535 31 -82 -44 21307 52 0 -103 50 47 2 368 433 7316 600 600 0 0 0
1787958649.499 t 40 473591 31 -82 -44 21307 52 0 -103 50 47 2 368 433 7316 600 600 0 0 0
1787958649.559 t 41 473647 31 -82 -44 21307 52 0 -103 50 47 2 368 433 7316 600 600 0 0 0
1787958649.609 === BIAS RESET FWD 10%
1787958649.610 >>> SET stall_window 50 #16
1787958649.615 t 42 473704 31 -82 -44 21307 52 0 -103 50 47 2 368 433 7316 600 600 0 0 0
1787958649.629 ack 16 15 timeout
1787958649.667 t 43 473759 31 -82 -44 21307 52 0 -103 50 47 2 368 433 7316 600 600 0 0 0
1787958649.739 t 44 473815 31 -82 -44 21307 52 0 -103 50 47 2 368 433 7316 600 600 0 0 0
1787958649.780 t 45 473871 31 -82 -44 21307 52 0 -103 50 47 2 368 433 7316 600 600 0 0 0
1787958649.836 t 46 473927 31 -82 -44 21307 52 0 -103 50 47 2 368 433 7316 600 600 0 0 0
1787958649.896 t 47 473983 31 -82 -44 21307 52 0 -103 50 47 2 368 433 7316 600 600 0 0 0
1787958649.948 t 48 474039 31 -82 -44 21307 52 0 -103 50 47 2 368 433 7316 600 600 0 0 0
1787958650.006 t 49 474095 31 -82 -44 21307 52 0 -103 50 47 2 368 433 7316 600 600 0 0 0
1787958650.061 t 50 474151 31 -82 -44 21307 52 0 -103 50 47 2 368 433 7316 600 600 0 0 0
1787958650.114 >>> WHEELS_V 40 40 300 #17
1787958650.116 t 51 474207 31 -82 -44 21307 52 0 -103 50 47 2 368 433 7316 600 600 0 0 0
1787958650.130 ack 17 15 timeout
1787958650.185 t 52 474275 31 -110 -78 24696 52 0 -103 13 63 2 370 505 8483 600 500 0 0 0
1787958650.256 t 53 474347 35 -111 -80 24789 52 0 -103 18 60 3 373 533 8541 0 0 0 0 0
1787958650.331 thdr seq now flags x y h ox oy oh vl vr i2cf cyc posl posr dutl dutr lexc wrng cycovr
1787958650.345 t 54 474419 35 -111 -81 24798 52 0 -103 0 0 3 376 533 8544 0 0 0 0 0
1787958650.399 t 55 474491 35 -111 -81 24798 52 0 -103 0 0 3 379 533 8544 0 0 0 0 0
1787958650.456 t 56 474547 35 -111 -81 24798 52 0 -103 0 0 3 381 533 8544 0 0 0 0 0
1787958650.515 t 57 474603 35 -111 -81 24798 52 0 -103 0 0 3 381 533 8544 0 0 0 0 0
1787958650.569 t 58 474659 35 -111 -81 24798 52 0 -103 0 0 3 381 533 8544 0 0 0 0 0
1787958650.623 t 59 474715 35 -111 -81 24798 52 0 -103 0 0 3 381 533 8544 0 0 0 0 0
1787958650.688 t 60 474771 35 -111 -81 24798 52 0 -103 0 0 3 381 533 8544 0 0 0 0 0
1787958650.738 t 61 474827 35 -111 -81 24798 52 0 -103 0 0 3 381 533 8544 0 0 0 0 0
1787958650.798 t 62 474883 35 -111 -81 24798 52 0 -103 0 0 3 381 533 8544 0 0 0 0 0
1787958650.866 t 63 474939 35 -111 -81 24798 52 0 -103 0 0 3 381 533 8544 0 0 0 0 0
1787958650.907 t 64 474995 35 -111 -81 24798 52 0 -103 0 0 3 381 533 8544 0 0 0 0 0
1787958650.964 t 65 475051 35 -111 -81 24798 52 0 -103 0 0 3 381 533 8544 0 0 0 0 0
1787958651.015 t 66 475107 35 -111 -81 24798 52 0 -103 0 0 3 381 533 8544 0 0 0 0 0
1787958651.073 t 67 475163 35 -111 -81 24798 52 0 -103 0 0 3 381 533 8544 0 0 0 0 0
1787958651.130 t 68 475219 35 -111 -81 24798 52 0 -103 0 0 3 381 533 8544 0 0 0 0 0
1787958651.191 t 69 475275 35 -111 -81 24798 52 0 -103 0 0 3 381 533 8544 0 0 0 0 0
1787958651.266 t 70 475331 35 -111 -81 24798 52 0 -103 0 0 3 381 533 8544 0 0 0 0 0
1787958651.303 t 71 475387 35 -111 -81 24798 52 0 -103 0 0 3 381 533 8544 0 0 0 0 0
1787958651.356 >>> SET stall_clear 1 #18
1787958651.368 t 72 475443 35 -111 -81 24798 52 0 -103 0 0 3 381 533 8544 0 0 0 0 0
1787958651.371 ack 18 17 stall
1787958651.414 thdr seq now flags x y h ox oy oh vl vr i2cf cyc posl posr dutl dutr lexc wrng cycovr
1787958651.414 t 73 475499 35 -111 -81 24798 52 0 -103 0 0 3 381 533 8544 0 0 0 0 0
1787958651.470 t 74 475551 35 -111 -81 24798 52 0 -103 0 0 3 381 533 8544 0 0 0 0 0
1787958651.516 t 75 475607 35 -111 -81 24798 52 0 -103 0 0 3 381 533 8544 0 0 0 0 0
1787958651.582 t 76 475663 35 -111 -81 24798 52 0 -103 0 0 3 381 533 8544 0 0 0 0 0
1787958651.637 t 77 475719 35 -111 -81 24798 52 0 -103 0 0 3 381 533 8544 0 0 0 0 0
1787958651.686 t 78 475775 35 -111 -81 24798 52 0 -103 0 0 3 381 533 8544 0 0 0 0 0
1787958651.744 t 79 475831 35 -111 -81 24798 52 0 -103 0 0 3 381 533 8544 0 0 0 0 0
1787958651.812 t 80 475887 35 -111 -81 24798 52 0 -103 0 0 3 381 533 8544 0 0 0 0 0
1787958651.855 t 81 475943 35 -111 -81 24798 52 0 -103 0 0 3 381 533 8544 0 0 0 0 0
1787958651.906 >>> SET stall_window 0 #19
1787958651.916 t 82 475999 35 -111 -81 24798 52 0 -103 0 0 3 381 533 8544 0 0 0 0 0
1787958651.919 ack 19 17 stall
1787958651.964 t 83 476055 35 -111 -81 24798 52 0 -103 0 0 3 381 533 8544 0 0 0 0 0
1787958652.030 t 84 476111 35 -111 -81 24798 52 0 -103 0 0 3 381 533 8544 0 0 0 0 0
1787958652.091 t 85 476167 35 -111 -81 24798 52 0 -103 0 0 3 381 533 8544 0 0 0 0 0
1787958652.133 t 86 476223 35 -111 -81 24798 52 0 -103 0 0 3 381 533 8544 0 0 0 0 0
1787958652.189 t 87 476279 35 -111 -81 24798 52 0 -103 0 0 3 381 533 8544 0 0 0 0 0
1787958652.247 t 88 476335 35 -111 -81 24798 52 0 -103 0 0 3 381 533 8544 0 0 0 0 0
1787958652.303 t 89 476391 35 -111 -81 24798 52 0 -103 0 0 3 381 533 8544 0 0 0 0 0
1787958652.361 t 90 476447 35 -111 -81 24798 52 0 -103 0 0 3 381 533 8544 0 0 0 0 0
1787958652.422 === STEP FWD duty=10% v=85
1787958652.422 >>> WHEELS_V 85 85 2000 #20
1787958652.422 t 91 476503 35 -111 -81 24798 52 0 -103 0 0 3 381 533 8544 0 0 0 0 0
1787958652.433 ack 20 17 stall
1787958652.465 thdr seq now flags x y h ox oy oh vl vr i2cf cyc posl posr dutl dutr lexc wrng cycovr
1787958652.471 t 92 476555 31 -111 -81 24798 52 0 -103 0 0 3 382 533 8544 1100 1100 0 0 0
1787958652.539 t 93 476627 31 -113 -85 24848 52 0 -103 78 103 3 385 586 8613 1100 1100 0 0 0
1787958652.608 t 94 476699 31 -115 -91 24919 52 0 -103 82 114 3 388 666 8716 1200 1200 0 0 0
1787958652.682 t 95 476771 31 -117 -97 24987 52 0 -103 82 114 3 391 750 8822 1200 1100 0 0 0
1787958652.751 t 96 476843 31 -119 -103 25040 52 0 -103 82 99 3 394 833 8922 1100 1100 0 0 0
1787958652.827 t 97 476915 31 -122 -109 25117 52 0 -103 82 105 3 397 916 9030 1100 1100 0 0 0
1787958652.906 t 98 476987 31 -124 -115 25170 52 0 -103 88 90 3 400 1002 9133 1100 1200 0 0 0
1787958652.974 t 99 477059 31 -126 -122 25244 52 0 -103 82 96 3 403 1083 9238 1200 1100 0 0 0
1787958653.042 t 100 477131 31 -128 -128 25315 52 0 -103 82 114 3 406 1166 9344 1200 1100 0 0 0
1787958653.114 t 101 477203 31 -130 -134 25368 52 0 -103 79 105 3 409 1252 9447 1100 1200 0 0 0
1787958653.184 t 102 477275 31 -132 -141 25421 52 0 -103 88 99 3 412 1338 9550 1100 1100 0 0 0
1787958653.257 t 103 477347 31 -133 -147 25486 52 0 -103 82 96 3 415 1422 9655 1100 1100 0 0 0
1787958653.329 t 104 477419 31 -135 -153 25557 52 0 -103 82 105 3 418 1505 9761 1200 1200 0 0 0
1787958653.401 t 105 477491 31 -137 -160 25600 52 0 -103 82 91 3 421 1591 9861 1200 1100 0 0 0
1787958653.477 t 106 477563 31 -138 -166 25674 52 0 -103 82 114 3 424 1672 9966 1100 1100 0 0 0
1787958653.553 t 107 477635 31 -140 -172 25727 52 0 -103 82 96 3 427 1755 10066 1100 1100 0 0 0
1787958653.626 t 108 477707 31 -141 -179 25761 52 0 -103 91 88 3 430 1844 10166 1100 1100 0 0 0
1787958653.692 t 109 477779 31 -142 -184 25727 52 0 -103 79 97 4 433 1927 10238 1100 1100 0 0 0
1787958653.769 t 110 477851 31 -144 -192 25891 52 0 -103 79 114 4 436 2013 10377 1200 1100 0 0 0
1787958653.836 thdr seq now flags x y h ox oy oh vl vr i2cf cyc posl posr dutl dutr lexc wrng cycovr
1787958653.841 t 111 477923 31 -145 -198 25959 52 0 -103 82 114 4 439 2094 10480 1200 1100 0 0 0
1787958653.904 t 112 477995 31 -146 -204 25993 52 0 -102 75 98 4 442 2180 10577 1100 1100 0 0 0
1787958653.979 t 113 478067 31 -147 -211 26055 52 0 -102 96 90 4 445 2266 10683 1100 1100 0 0 0
1787958654.050 t 114 478139 31 -148 -218 26120 52 0 -102 82 105 4 448 2350 10788 1100 1100 0 0 0
1787958654.121 t 115 478211 31 -149 -224 26191 52 0 -102 79 96 4 451 2427 10888 1100 1100 0 0 0
1787958654.192 t 116 478283 31 -150 -230 26259 52 0 -102 82 114 4 454 2511 10994 1200 1100 0 0 0
1787958654.266 t 117 478355 31 -151 -236 26207 52 0 -102 82 96 5 457 2597 11063 1200 1100 0 0 0
1787958654.339 t 118 478427 31 -152 -243 26365 52 0 -102 82 99 5 460 2683 11200 1100 1200 0 0 0
1787958654.409 t 119 478499 31 -152 -250 26451 52 0 -102 82 99 5 463 2766 11311 1100 1100 0 0 0
1787958654.465 t 120 478555 31 -153 -255 26492 52 0 -102 82 105 5 465 2822 11380 1100 1100 0 0 0
1787958654.521 t 121 478611 31 -153 -255 26492 52 0 -102 82 105 5 465 2822 11380 1100 1100 0 0 0
1787958654.576 t 122 478667 31 -153 -255 26492 52 0 -102 82 105 5 465 2822 11380 1100 1100 0 0 0
1787958654.632 t 123 478723 31 -153 -255 26492 52 0 -102 82 105 5 465 2822 11380 1100 1100 0 0 0
1787958654.689 t 124 478779 31 -153 -255 26492 52 0 -102 82 105 5 465 2822 11380 1100 1100 0 0 0
1787958654.748 t 125 478835 31 -153 -255 26492 52 0 -102 82 105 5 465 2822 11380 1100 1100 0 0 0
1787958654.801 t 126 478891 31 -153 -255 26492 52 0 -102 82 105 5 465 2822 11380 1100 1100 0 0 0
1787958654.856 t 127 478947 31 -153 -255 26492 52 0 -102 82 105 5 465 2822 11380 1100 1100 0 0 0
1787958654.913 t 0 479003 31 -153 -255 26492 52 0 -102 82 105 5 465 2822 11380 1100 1100 0 0 0
1787958654.971 t 1 479060 31 -153 -255 26492 52 0 -102 82 105 5 465 2822 11380 1100 1100 0 0 0
1787958655.029 thdr seq now flags x y h ox oy oh vl vr i2cf cyc posl posr dutl dutr lexc wrng cycovr
1787958655.032 t 2 479115 31 -153 -255 26492 52 0 -102 82 105 5 465 2822 11380 1100 1100 0 0 0
1787958655.078 t 3 479167 31 -153 -255 26492 52 0 -102 82 105 5 465 2822 11380 1100 1100 0 0 0
1787958655.132 t 4 479223 31 -153 -255 26492 52 0 -102 82 105 5 465 2822 11380 1100 1100 0 0 0
1787958655.187 === BIAS RESET FWD 15%
1787958655.188 >>> SET stall_window 50 #21
1787958655.190 t 5 479279 31 -153 -255 26492 52 0 -102 82 105 5 465 2822 11380 1100 1100 0 0 0
1787958655.199 ack 21 20 timeout
1787958655.247 t 6 479335 31 -153 -255 26492 52 0 -102 82 105 5 465 2822 11380 1100 1100 0 0 0
1787958655.301 t 7 479391 31 -153 -255 26492 52 0 -102 82 105 5 465 2822 11380 1100 1100 0 0 0
1787958655.363 t 8 479447 31 -153 -255 26492 52 0 -102 82 105 5 465 2822 11380 1100 1100 0 0 0
1787958655.412 t 9 479503 31 -153 -255 26492 52 0 -102 82 105 5 465 2822 11380 1100 1100 0 0 0
1787958655.468 t 10 479559 31 -153 -255 26492 52 0 -102 82 105 5 465 2822 11380 1100 1100 0 0 0
1787958655.527 t 11 479615 31 -153 -255 26492 52 0 -102 82 105 5 465 2822 11380 1100 1100 0 0 0
1787958655.581 t 12 479671 31 -153 -255 26492 52 0 -102 82 105 5 465 2822 11380 1100 1100 0 0 0
1787958655.636 t 13 479727 31 -153 -255 26492 52 0 -102 82 105 5 465 2822 11380 1100 1100 0 0 0
1787958655.689 >>> WHEELS_V 40 40 300 #22
1787958655.692 t 14 479783 31 -153 -255 26492 52 0 -102 82 105 5 465 2822 11380 1100 1100 0 0 0
1787958655.702 ack 22 20 timeout
1787958655.759 t 15 479851 31 -126 -322 31903 52 0 -102 13 98 5 467 2988 13294 600 600 0 0 0
1787958655.835 t 16 479923 35 -123 -324 31996 52 0 -102 15 41 5 470 3016 13352 0 0 0 0 0
1787958655.906 t 17 479995 35 -123 -324 32005 52 0 -102 0 0 5 473 3016 13355 0 0 0 0 0
1787958655.985 t 18 480067 35 -123 -324 32005 52 0 -102 0 0 5 476 3016 13355 0 0 0 0 0
1787958656.032 t 19 480123 35 -123 -324 32005 52 0 -102 0 0 5 478 3016 13355 0 0 0 0 0
1787958656.095 t 20 480179 35 -123 -324 32005 52 0 -102 0 0 5 478 3016 13355 0 0 0 0 0
1787958656.151 thdr seq now flags x y h ox oy oh vl vr i2cf cyc posl posr dutl dutr lexc wrng cycovr
1787958656.151 t 21 480235 35 -123 -324 32005 52 0 -102 0 0 5 478 3016 13355 0 0 0 0 0
1787958656.201 t 22 480287 35 -123 -324 32005 52 0 -102 0 0 5 478 3016 13355 0 0 0 0 0
1787958656.252 t 23 480343 35 -123 -324 32005 52 0 -102 0 0 5 478 3016 13355 0 0 0 0 0
1787958656.309 t 24 480399 35 -123 -324 32005 52 0 -102 0 0 5 478 3016 13355 0 0 0 0 0
1787958656.364 t 25 480455 35 -123 -324 32005 52 0 -102 0 0 5 478 3016 13355 0 0 0 0 0
1787958656.420 t 26 480511 35 -123 -324 32005 52 0 -102 0 0 5 478 3016 13355 0 0 0 0 0
1787958656.477 t 27 480567 35 -123 -324 32005 52 0 -102 0 0 5 478 3016 13355 0 0 0 0 0
1787958656.532 t 28 480623 35 -123 -324 32005 52 0 -102 0 0 5 478 3016 13355 0 0 0 0 0
1787958656.593 t 29 480679 35 -123 -324 32005 52 0 -102 0 0 5 478 3016 13355 0 0 0 0 0
1787958656.643 t 30 480735 35 -123 -324 32005 52 0 -102 0 0 5 478 3016 13355 0 0 0 0 0
1787958656.701 t 31 480791 35 -123 -324 32005 52 0 -102 0 0 5 478 3016 13355 0 0 0 0 0
1787958656.759 t 32 480847 35 -123 -324 32005 52 0 -102 0 0 5 478 3016 13355 0 0 0 0 0
1787958656.813 t 33 480903 35 -123 -324 32005 52 0 -102 0 0 5 478 3016 13355 0 0 0 0 0
1787958656.868 t 34 480959 35 -123 -324 32005 52 0 -102 0 0 5 478 3016 13355 0 0 0 0 0
1787958656.926 t 35 481015 35 -123 -324 32005 52 0 -102 0 0 5 478 3016 13355 0 0 0 0 0
1787958656.977 >>> SET stall_clear 1 #23
1787958656.980 t 36 481071 35 -123 -324 32005 52 0 -102 0 0 5 478 3016 13355 0 0 0 0 0
1787958657.000 ack 23 22 stall
1787958657.035 t 37 481127 35 -123 -324 32005 52 0 -102 0 0 5 478 3016 13355 0 0 0 0 0
1787958657.101 t 38 481183 35 -123 -324 32005 52 0 -102 0 0 5 478 3016 13355 0 0 0 0 0
1787958657.147 t 39 481239 35 -123 -324 32005 52 0 -102 0 0 5 478 3016 13355 0 0 0 0 0
1787958657.208 thdr seq now flags x y h ox oy oh vl vr i2cf cyc posl posr dutl dutr lexc wrng cycovr
1787958657.211 t 40 481295 35 -123 -324 32005 52 0 -102 0 0 5 478 3016 13355 0 0 0 0 0
1787958657.255 t 41 481347 35 -123 -324 32005 52 0 -102 0 0 5 478 3016 13355 0 0 0 0 0
1787958657.312 t 42 481403 35 -123 -324 32005 52 0 -102 0 0 5 478 3016 13355 0 0 0 0 0
1787958657.371 t 43 481459 35 -123 -324 32005 52 0 -102 0 0 5 478 3016 13355 0 0 0 0 0
1787958657.425 t 44 481515 35 -123 -324 32005 52 0 -102 0 0 5 478 3016 13355 0 0 0 0 0
1787958657.478 >>> SET stall_window 0 #24
1787958657.480 t 45 481571 35 -123 -324 32005 52 0 -102 0 0 5 478 3016 13355 0 0 0 0 0
1787958657.493 ack 24 22 stall
1787958657.536 t 46 481627 35 -123 -324 32005 52 0 -102 0 0 5 478 3016 13355 0 0 0 0 0
1787958657.591 t 47 481683 35 -123 -324 32005 52 0 -102 0 0 5 478 3016 13355 0 0 0 0 0
1787958657.648 t 48 481739 35 -123 -324 32005 52 0 -102 0 0 5 478 3016 13355 0 0 0 0 0
1787958657.703 t 49 481795 35 -123 -324 32005 52 0 -102 0 0 5 478 3016 13355 0 0 0 0 0
1787958657.759 t 50 481851 35 -123 -324 32005 52 0 -102 0 0 5 478 3016 13355 0 0 0 0 0
1787958657.858 t 51 481907 35 -123 -324 32005 52 0 -102 0 0 5 478 3016 13355 0 0 0 0 0
1787958657.872 t 52 481963 35 -123 -324 32005 52 0 -102 0 0 5 478 3016 13355 0 0 0 0 0
1787958657.928 t 53 482019 35 -123 -324 32005 52 0 -102 0 0 5 478 3016 13355 0 0 0 0 0
1787958657.981 === STEP FWD duty=15% v=128
1787958657.981 >>> WHEELS_V 128 128 2000 #25
1787958657.985 t 54 482075 35 -123 -324 32005 52 0 -102 0 0 5 478 3016 13355 0 0 0 0 0
1787958657.995 ack 25 22 stall
1787958658.052 t 55 482143 31 -123 -324 32005 52 0 -102 28 28 5 480 3027 13366 1700 1700 0 0 0
1787958658.127 t 56 482215 31 -116 -330 32067 52 0 -102 120 146 5 483 3141 13500 1700 1700 0 0 0
1787958658.202 t 57 482287 31 -108 -336 32135 52 0 -101 123 140 5 486 3269 13650 1700 1700 0 0 0
1787958658.270 t 58 482359 31 -101 -342 32194 52 0 -101 131 140 5 489 3400 13800 1700 1700 0 0 0
1787958658.342 thdr seq now flags x y h ox oy oh vl vr i2cf cyc posl posr dutl dutr lexc wrng cycovr
1787958658.348 t 59 482431 31 -93 -348 32246 52 0 -101 128 146 5 492 3527 13944 1700 1700 0 0 0
1787958658.413 t 60 482503 31 -85 -354 32305 52 0 -102 120 148 5 495 3661 14097 1700 1700 0 0 0
1787958658.486 t 61 482575 31 -77 -360 32330 52 0 -102 131 146 5 498 3800 14244 1700 1700 0 0 0
1787958658.559 t 62 482647 31 -69 -366 32382 52 0 -102 131 146 5 501 3933 14394 1700 1700 0 0 0
1787958658.638 t 63 482719 31 -61 -372 32416 52 0 -102 137 137 5 504 4072 14544 1700 1700 0 0 0
1787958658.704 t 64 482791 31 -53 -378 32469 52 0 -102 129 146 5 507 4205 14694 1700 1700 0 0 0
1787958658.775 t 65 482863 31 -44 -384 32512 52 0 -102 137 163 5 510 4347 14850 1600 1700 0 0 0
1787958658.844 t 66 482935 31 -36 -389 32574 52 0 -102 128 140 5 513 4477 15000 1700 1600 0 0 0
1787958658.918 t 67 483007 31 -28 -395 32608 52 0 -102 128 146 5 516 4616 15150 1700 1700 0 0 0
1787958658.989 t 68 483079 31 -20 -401 32673 52 0 -102 131 146 5 519 4750 15305 1700 1700 0 0 0
1787958659.061 t 69 483151 31 -11 -406 32729 52 0 -102 128 146 5 522 4888 15461 1700 1600 0 0 0
1787958659.135 t 70 483223 31 -2 -412 32763 52 0 -102 137 140 5 525 5027 15611 1700 1700 0 0 0
1787958659.204 t 71 483295 31 6 -417 32837 52 0 -102 131 155 5 528 5161 15769 1600 1700 0 0 0
1787958659.275 t 72 483367 31 15 -422 32872 52 0 -102 131 146 5 531 5300 15919 1700 1700 0 0 0
1787958659.355 t 73 483439 31 23 -428 32952 52 0 -102 120 146 5 534 5427 16072 1700 1700 0 0 0
1787958659.422 t 74 483511 31 32 -433 33017 52 0 -102 131 146 5 537 5561 16227 1700 1700 0 0 0
1787958659.493 t 75 483583 31 41 -438 33079 52 0 -102 123 155 5 540 5694 16380 1700 1700 0 0 0
1787958659.565 t 76 483655 31 50 -442 33141 52 0 -102 128 146 5 543 5827 16533 1700 1700 0 0 0
1787958659.635 t 77 483727 31 58 -447 33190 52 0 -102 131 146 5 546 5961 16683 1700 1700 0 0 0
1787958659.708 thdr seq now flags x y h ox oy oh vl vr i2cf cyc posl posr dutl dutr lexc wrng cycovr
1787958659.717 t 78 483799 31 67 -452 33262 52 0 -102 128 137 5 549 6088 16833 1700 1700 0 0 0
1787958659.781 t 79 483871 31 76 -456 33302 52 0 -101 133 140 5 552 6225 16983 1700 1700 0 0 0
1787958659.853 t 80 483943 31 85 -461 33364 52 0 -102 131 146 5 555 6358 17136 1700 1700 0 0 0
1787958659.924 t 81 484015 31 94 -465 33432 52 0 -102 120 146 5 558 6488 17288 1700 1700 0 0 0
1787958659.998 t 82 484087 31 103 -469 33472 52 0 -101 140 146 6 561 6625 17438 1700 1700 0 0 0
1787958660.053 t 83 484143 31 106 -471 33457 52 0 -101 146 131 6 562 6675 17483 1700 1700 0 0 0
1787958660.108 t 84 484199 31 106 -471 33457 52 0 -101 146 131 6 562 6675 17483 1700 1700 0 0 0
1787958660.176 t 85 484255 31 106 -471 33457 52 0 -101 146 131 6 562 6675 17483 1700 1700 0 0 0
1787958660.221 t 86 484312 31 106 -471 33457 52 0 -101 146 131 6 562 6675 17483 1700 1700 0 0 0
1787958660.277 t 87 484367 31 106 -471 33457 52 0 -101 146 131 6 562 6675 17483 1700 1700 0 0 0
1787958660.338 t 88 484423 31 106 -471 33457 52 0 -101 146 131 6 562 6675 17483 1700 1700 0 0 0
1787958660.390 t 89 484479 31 106 -471 33457 52 0 -101 146 131 6 562 6675 17483 1700 1700 0 0 0
1787958660.445 t 90 484535 31 106 -471 33457 52 0 -101 146 131 6 562 6675 17483 1700 1700 0 0 0
1787958660.504 t 91 484591 31 106 -471 33457 52 0 -101 146 131 6 562 6675 17483 1700 1700 0 0 0
1787958660.559 t 92 484647 31 106 -471 33457 52 0 -101 146 131 6 562 6675 17483 1700 1700 0 0 0
1787958660.616 t 93 484703 31 106 -471 33457 52 0 -101 146 131 6 562 6675 17483 1700 1700 0 0 0
1787958660.727 t 94 484759 31 106 -471 33457 52 0 -101 146 131 6 562 6675 17483 1700 1700 0 0 0
1787958660.727 t 95 484815 31 106 -471 33457 52 0 -101 146 131 6 562 6675 17483 1700 1700 0 0 0
1787958660.780 === BIAS RESET FWD 20%
1787958660.780 >>> SET stall_window 50 #26
1787958660.794 t 96 484871 31 106 -471 33457 52 0 -101 146 131 6 562 6675 17483 1700 1700 0 0 0
1787958660.806 ack 26 25 timeout
1787958660.847 thdr seq now flags x y h ox oy oh vl vr i2cf cyc posl posr dutl dutr lexc wrng cycovr
1787958660.857 t 97 484927 31 106 -471 33457 52 0 -101 146 131 6 562 6675 17483 1700 1700 0 0 0
1787958660.893 t 98 484979 31 106 -471 33457 52 0 -101 146 131 6 562 6675 17483 1700 1700 0 0 0
1787958660.946 t 99 485035 31 106 -471 33457 52 0 -101 146 131 6 562 6675 17483 1700 1700 0 0 0
1787958661.026 t 100 485092 31 106 -471 33457 52 0 -101 146 131 6 562 6675 17483 1700 1700 0 0 0
1787958661.065 t 101 485147 31 106 -471 33457 52 0 -101 146 131 6 562 6675 17483 1700 1700 0 0 0
1787958661.123 t 102 485203 31 106 -471 33457 52 0 -101 146 131 6 562 6675 17483 1700 1700 0 0 0
1787958661.174 t 103 485259 31 106 -471 33457 52 0 -101 146 131 6 562 6675 17483 1700 1700 0 0 0
1787958661.228 t 104 485315 31 106 -471 33457 52 0 -101 146 131 6 562 6675 17483 1700 1700 0 0 0
1787958661.287 >>> WHEELS_V 40 40 300 #27
1787958661.298 t 105 485371 31 106 -471 33457 52 0 -101 146 131 6 562 6675 17483 1700 1700 0 0 0
1787958661.304 ack 27 25 timeout
1787958661.338 t 106 485423 31 210 -446 41264 52 0 -101 15 150 6 563 6950 20280 500 500 0 0 0
1787958661.418 t 107 485495 35 213 -442 41471 52 0 -101 41 47 6 566 6980 20377 0 0 0 0 0
1787958661.480 t 108 485567 35 214 -441 41508 52 0 -101 0 0 6 569 6991 20400 0 0 0 0 0
1787958661.547 t 109 485639 35 214 -441 41508 52 0 -101 0 0 6 572 6991 20400 0 0 0 0 0
1787958661.622 t 110 485711 35 214 -441 41508 52 0 -101 0 0 6 575 6991 20400 0 0 0 0 0
1787958661.675 t 111 485767 35 214 -441 41508 52 0 -101 0 0 6 575 6991 20400 0 0 0 0 0
1787958661.735 t 112 485823 35 214 -441 41508 52 0 -101 0 0 6 575 6991 20400 0 0 0 0 0
1787958661.787 t 113 485879 35 214 -441 41508 52 0 -100 0 0 6 575 6991 20400 0 0 0 0 0
1787958661.847 t 114 485935 35 214 -441 41508 52 0 -100 0 0 6 575 6991 20400 0 0 0 0 0
1787958661.901 t 115 485991 35 214 -441 41508 52 0 -100 0 0 6 575 6991 20400 0 0 0 0 0
1787958661.956 thdr seq now flags x y h ox oy oh vl vr i2cf cyc posl posr dutl dutr lexc wrng cycovr
1787958661.963 t 116 486047 35 214 -441 41508 52 0 -100 0 0 6 575 6991 20400 0 0 0 0 0
1787958662.016 t 117 486099 35 214 -441 41508 52 0 -100 0 0 6 575 6991 20400 0 0 0 0 0
1787958662.063 t 118 486155 35 214 -441 41508 52 0 -100 0 0 6 575 6991 20400 0 0 0 0 0
1787958662.121 t 119 486211 35 214 -441 41508 52 0 -100 0 0 6 575 6991 20400 0 0 0 0 0
1787958662.175 t 120 486267 35 214 -441 41508 52 0 -100 0 0 6 575 6991 20400 0 0 0 0 0
1787958662.231 t 121 486323 35 214 -441 41508 52 0 -100 0 0 6 575 6991 20400 0 0 0 0 0
1787958662.288 t 122 486379 35 214 -441 41508 52 0 -100 0 0 6 575 6991 20400 0 0 0 0 0
1787958662.343 t 123 486435 35 214 -441 41508 52 0 -100 0 0 6 575 6991 20400 0 0 0 0 0
1787958662.399 t 124 486491 35 214 -441 41508 52 0 -100 0 0 6 575 6991 20400 0 0 0 0 0
1787958662.457 t 125 486547 35 214 -441 41508 52 0 -100 0 0 6 575 6991 20400 0 0 0 0 0
1787958662.512 t 126 486603 35 214 -441 41508 52 0 -100 0 0 6 575 6991 20400 0 0 0 0 0
1787958662.567 >>> SET stall_clear 1 #28
1787958662.571 t 127 486659 35 214 -441 41508 52 0 -101 0 0 6 575 6991 20400 0 0 0 0 0
1787958662.583 ack 28 27 stall
1787958662.631 t 0 486715 35 214 -441 41508 52 0 -101 0 0 6 575 6991 20400 0 0 0 0 0
1787958662.679 t 1 486771 35 214 -441 41508 52 0 -100 0 0 6 575 6991 20400 0 0 0 0 0
1787958662.740 t 2 486827 35 214 -441 41508 52 0 -100 0 0 6 575 6991 20400 0 0 0 0 0
1787958662.792 t 3 486883 35 214 -441 41508 52 0 -100 0 0 6 575 6991 20400 0 0 0 0 0
1787958662.847 t 4 486939 35 214 -441 41508 52 0 -100 0 0 6 575 6991 20400 0 0 0 0 0
1787958662.911 t 5 486995 35 214 -441 41508 52 0 -100 0 0 6 575 6991 20400 0 0 0 0 0
1787958662.963 t 6 487051 35 214 -441 41508 52 0 -100 0 0 6 575 6991 20400 0 0 0 0 0
1787958663.018 thdr seq now flags x y h ox oy oh vl vr i2cf cyc posl posr dutl dutr lexc wrng cycovr
1787958663.022 t 7 487107 35 214 -441 41508 52 0 -100 0 0 6 575 6991 20400 0 0 0 0 0
1787958663.068 t 8 487159 35 214 -441 41508 52 0 -100 0 0 6 575 6991 20400 0 0 0 0 0
1787958663.072 >>> SET stall_window 0 #29
1787958663.088 ack 29 27 stall
1787958663.125 t 9 487215 35 214 -441 41508 52 0 -100 0 0 6 575 6991 20400 0 0 0 0 0
1787958663.182 t 10 487271 35 214 -441 41508 52 0 -100 0 0 6 575 6991 20400 0 0 0 0 0
1787958663.246 t 11 487327 35 214 -441 41508 52 0 -100 0 0 6 575 6991 20400 0 0 0 0 0
1787958663.293 t 12 487383 35 214 -441 41508 52 0 -100 0 0 6 575 6991 20400 0 0 0 0 0
1787958663.362 t 13 487439 35 214 -441 41508 52 0 -100 0 0 6 575 6991 20400 0 0 0 0 0
1787958663.403 t 14 487495 35 214 -441 41508 52 0 -100 0 0 6 575 6991 20400 0 0 0 0 0
1787958663.468 t 15 487551 35 214 -441 41508 52 0 -100 0 0 6 575 6991 20400 0 0 0 0 0
1787958663.519 t 16 487607 35 214 -441 41508 52 0 -100 0 0 6 575 6991 20400 0 0 0 0 0
1787958663.574 t 17 487663 35 214 -441 41508 52 0 -100 0 0 6 575 6991 20400 0 0 0 0 0
1787958663.574 === STEP FWD duty=20% v=170
1787958663.574 >>> WHEELS_V 170 170 2000 #30
1787958663.589 ack 30 27 stall
1787958663.643 t 18 487731 31 214 -440 41514 52 0 -100 43 48 6 577 7008 20419 2300 2300 0 0 0
1787958663.712 t 19 487803 31 221 -431 41548 52 0 -101 172 178 6 580 7161 20583 2200 2200 0 0 0
1787958663.787 t 20 487875 31 228 -420 41610 52 0 -101 169 193 6 583 7338 20780 2200 2200 0 0 0
1787958663.863 t 21 487947 31 235 -409 41654 52 0 -101 169 187 6 586 7519 20975 2300 2300 0 0 0
1787958663.929 t 22 488019 31 243 -398 41685 52 0 -101 181 183 7 589 7700 21166 2200 2200 0 0 0
1787958664.000 t 23 488091 31 250 -387 41740 52 0 -101 178 178 7 592 7877 21361 2300 2300 0 0 0
1787958664.072 t 24 488163 31 257 -376 41771 52 0 -101 178 178 7 595 8061 21555 2200 2300 0 0 0
1787958664.145 t 25 488235 31 264 -365 41833 52 0 -101 178 201 7 598 8238 21752 2300 2200 0 0 0
1787958664.217 thdr seq now flags x y h ox oy oh vl vr i2cf cyc posl posr dutl dutr lexc wrng cycovr
1787958664.225 t 26 488307 31 271 -354 41895 52 0 -101 160 187 7 601 8416 21950 2200 2300 0 0 0
1787958664.289 t 27 488379 31 277 -342 41926 52 0 -101 175 195 7 604 8600 22144 2300 2200 0 0 0
1787958664.362 t 28 488451 31 284 -331 41997 52 0 -100 160 194 8 607 8777 22344 2200 2300 0 0 0
1787958664.431 t 29 488523 31 291 -320 42031 52 0 -100 178 187 8 610 8961 22539 2300 2200 0 0 0
1787958664.507 t 30 488595 31 297 -308 42093 52 0 -100 187 187 8 613 9141 22739 2200 2200 0 0 0
1787958664.578 t 31 488667 31 304 -296 42177 52 0 -100 169 193 8 616 9316 22941 2300 2300 0 0 0
1787958664.649 t 32 488739 31 310 -285 42220 52 0 -100 181 195 8 619 9500 23139 2200 2200 0 0 0
1787958664.720 t 33 488811 31 316 -273 42291 52 0 -100 169 213 8 622 9677 23339 2300 2200 0 0 0
1787958664.792 t 34 488883 31 322 -261 42331 52 0 -100 187 178 8 625 9858 23533 2200 2300 0 0 0
1787958664.864 t 35 488955 31 328 -249 42393 52 0 -100 169 187 8 628 10038 23733 2300 2300 0 0 0
1787958664.937 t 36 489027 31 334 -237 42452 52 0 -100 169 187 8 631 10216 23930 2200 2200 0 0 0
1787958665.008 t 37 489099 31 339 -225 42492 52 0 -100 164 184 8 634 10400 24127 2300 2200 0 0 0
1787958665.091 t 38 489171 31 345 -213 42520 52 0 -100 187 187 8 637 10586 24322 2200 2200 0 0 0
1787958665.153 t 39 489243 31 351 -201 42564 52 0 -100 178 187 9 640 10766 24516 2300 2200 0 0 0
1787958665.225 t 40 489315 31 356 -189 42592 52 0 -100 178 195 9 643 10952 24711 2200 2300 0 0 0
1787958665.296 t 41 489387 31 362 -177 42616 52 0 -100 187 178 9 646 11141 24908 2300 2300 0 0 0
1787958665.368 t 42 489459 31 367 -165 42650 52 0 -100 178 178 9 649 11322 25100 2200 2300 0 0 0
1787958665.442 t 43 489531 31 372 -153 42675 52 0 -100 187 178 9 652 11508 25294 2200 2200 0 0 0
1787958665.514 t 44 489603 31 377 -140 42728 52 0 -100 187 196 9 655 11691 25494 2300 2200 0 0 0
1787958665.585 thdr seq now flags x y h ox oy oh vl vr i2cf cyc posl posr dutl dutr lexc wrng cycovr
1787958665.592 t 45 489675 31 383 -128 42777 52 0 -100 181 195 9 658 11875 25694 2200 2200 0 0 0
1787958665.640 t 46 489727 31 383 -128 42777 52 0 -100 181 195 9 658 11875 25694 2200 2200 0 0 0
1787958665.695 t 47 489783 31 383 -128 42777 52 0 -100 181 195 9 658 11875 25694 2200 2200 0 0 0
1787958665.753 t 48 489839 31 383 -128 42777 52 0 -100 181 195 9 658 11875 25694 2200 2200 0 0 0
1787958665.809 t 49 489895 31 383 -128 42777 52 0 -100 181 195 9 658 11875 25694 2200 2200 0 0 0
1787958665.863 t 50 489951 31 383 -128 42777 52 0 -100 181 195 9 658 11875 25694 2200 2200 0 0 0
1787958665.919 t 51 490007 31 383 -128 42777 52 0 -100 181 195 9 658 11875 25694 2200 2200 0 0 0
1787958665.977 t 52 490063 31 383 -128 42777 52 0 -100 181 195 9 658 11875 25694 2200 2200 0 0 0
1787958666.028 t 53 490119 31 383 -128 42777 52 0 -100 181 195 9 658 11875 25694 2200 2200 0 0 0
1787958666.087 t 54 490175 31 383 -128 42777 52 0 -100 181 195 9 658 11875 25694 2200 2200 0 0 0
1787958666.142 t 55 490231 31 383 -128 42777 52 0 -100 181 195 9 658 11875 25694 2200 2200 0 0 0
1787958666.198 t 56 490287 31 383 -128 42777 52 0 -100 181 195 9 658 11875 25694 2200 2200 0 0 0
1787958666.254 t 57 490344 31 383 -128 42777 52 0 -100 181 195 9 658 11875 25694 2200 2200 0 0 0
1787958666.324 t 58 490399 31 383 -128 42777 52 0 -100 181 195 9 658 11875 25694 2200 2200 0 0 0
1787958666.358 === BIAS RESET FWD 25%
1787958666.358 >>> SET stall_window 50 #31
1787958666.364 t 59 490455 31 383 -128 42777 52 0 -100 181 195 9 658 11875 25694 2200 2200 0 0 0
1787958666.366 ack 31 30 timeout
1787958666.421 t 60 490511 31 383 -128 42777 52 0 -100 181 195 9 658 11875 25694 2200 2200 0 0 0
1787958666.478 t 61 490567 31 383 -128 42777 52 0 -100 181 195 9 658 11875 25694 2200 2200 0 0 0
1787958666.533 t 62 490623 31 383 -128 42777 52 0 -100 181 195 9 658 11875 25694 2200 2200 0 0 0
1787958666.588 t 63 490679 31 383 -128 42777 52 0 -100 181 195 9 658 11875 25694 2200 2200 0 0 0
1787958666.645 thdr seq now flags x y h ox oy oh vl vr i2cf cyc posl posr dutl dutr lexc wrng cycovr
1787958666.654 t 64 490735 31 383 -128 42777 52 0 -100 181 195 9 658 11875 25694 2200 2200 0 0 0
1787958666.696 t 65 490787 31 383 -128 42777 52 0 -100 181 195 9 658 11875 25694 2200 2200 0 0 0
1787958666.752 t 66 490843 31 383 -128 42777 52 0 -100 181 195 9 658 11875 25694 2200 2200 0 0 0
1787958666.809 t 67 490899 31 383 -128 42777 52 0 -99 181 195 9 658 11875 25694 2200 2200 0 0 0
1787958666.859 >>> WHEELS_V 40 40 300 #32
1787958666.865 t 68 490955 31 383 -128 42777 52 0 -99 181 195 9 658 11875 25694 2200 2200 0 0 0
1787958666.874 ack 32 30 timeout
1787958666.933 t 69 491023 31 317 -4 52832 52 0 -100 8 160 9 660 12269 29336 600 500 0 0 0
1787958667.007 t 70 491095 35 313 -3 52934 52 0 -100 23 47 9 663 12305 29405 0 0 0 0 0
1787958667.074 t 71 491167 35 313 -3 52962 52 0 -99 0 0 9 666 12305 29414 0 0 0 0 0
1787958667.149 t 72 491239 35 313 -3 52962 52 0 -99 0 0 9 669 12305 29414 0 0 0 0 0
1787958667.203 t 73 491295 35 313 -3 52962 52 0 -99 0 0 9 671 12305 29414 0 0 0 0 0
1787958667.260 t 74 491351 35 313 -3 52962 52 0 -100 0 0 9 671 12305 29414 0 0 0 0 0
1787958667.315 t 75 491407 35 313 -3 52962 52 0 -100 0 0 9 671 12305 29414 0 0 0 0 0
1787958667.375 t 76 491463 35 313 -3 52962 52 0 -100 0 0 9 671 12305 29414 0 0 0 0 0
1787958667.431 t 77 491519 35 313 -3 52962 52 0 -100 0 0 9 671 12305 29414 0 0 0 0 0
1787958667.484 t 78 491575 35 313 -3 52962 52 0 -99 0 0 9 671 12305 29414 0 0 0 0 0
1787958667.547 t 79 491631 35 313 -3 52962 52 0 -99 0 0 9 671 12305 29414 0 0 0 0 0
1787958667.595 t 80 491687 35 313 -3 52962 52 0 -99 0 0 9 671 12305 29414 0 0 0 0 0
1787958667.652 t 81 491743 35 313 -3 52962 52 0 -99 0 0 9 671 12305 29414 0 0 0 0 0
1787958667.709 t 82 491799 35 313 -3 52962 52 0 -99 0 0 9 671 12305 29414 0 0 0 0 0
1787958667.767 thdr seq now flags x y h ox oy oh vl vr i2cf cyc posl posr dutl dutr lexc wrng cycovr
1787958667.772 t 83 491855 35 313 -3 52962 52 0 -99 0 0 9 671 12305 29414 0 0 0 0 0
1787958667.816 t 84 491907 35 313 -3 52962 52 0 -99 0 0 9 671 12305 29414 0 0 0 0 0
1787958667.872 t 85 491963 35 313 -3 52962 52 0 -99 0 0 9 671 12305 29414 0 0 0 0 0
1787958667.928 t 86 492019 35 313 -3 52962 52 0 -99 0 0 9 671 12305 29414 0 0 0 0 0
1787958667.987 t 87 492075 35 313 -3 52962 52 0 -99 0 0 9 671 12305 29414 0 0 0 0 0
1787958668.040 t 88 492131 35 313 -3 52962 52 0 -99 0 0 9 671 12305 29414 0 0 0 0 0
1787958668.101 t 89 492187 35 313 -3 52962 52 0 -99 0 0 9 671 12305 29414 0 0 0 0 0
1787958668.150 >>> SET stall_clear 1 #33
1787958668.160 t 90 492243 35 313 -3 52962 52 0 -99 0 0 9 671 12305 29414 0 0 0 0 0
1787958668.171 ack 33 32 stall
1787958668.207 t 91 492299 35 313 -3 52962 52 0 -99 0 0 9 671 12305 29414 0 0 0 0 0
1787958668.264 t 92 492355 35 313 -3 52962 52 0 -100 0 0 9 671 12305 29414 0 0 0 0 0
1787958668.319 t 93 492411 35 313 -3 52962 52 0 -100 0 0 9 671 12305 29414 0 0 0 0 0
1787958668.376 t 94 492467 35 313 -3 52962 52 0 -100 0 0 9 671 12305 29414 0 0 0 0 0
1787958668.433 t 95 492523 35 313 -3 52962 52 0 -100 0 0 9 671 12305 29414 0 0 0 0 0
1787958668.493 t 96 492579 35 313 -3 52962 52 0 -99 0 0 9 671 12305 29414 0 0 0 0 0
1787958668.545 t 97 492635 35 313 -3 52962 52 0 -99 0 0 9 671 12305 29414 0 0 0 0 0
1787958668.600 t 98 492691 35 313 -3 52962 52 0 -99 0 0 9 671 12305 29414 0 0 0 0 0
1787958668.653 >>> SET stall_window 0 #34
1787958668.657 t 99 492747 35 313 -3 52962 52 0 -99 0 0 9 671 12305 29414 0 0 0 0 0
1787958668.673 ack 34 32 stall
1787958668.711 t 100 492803 35 313 -3 52962 52 0 -99 0 0 9 671 12305 29414 0 0 0 0 0
1787958668.776 t 101 492859 35 313 -3 52962 52 0 -99 0 0 9 671 12305 29414 0 0 0 0 0
1787958668.829 thdr seq now flags x y h ox oy oh vl vr i2cf cyc posl posr dutl dutr lexc wrng cycovr
1787958668.832 t 102 492915 35 313 -3 52962 52 0 -100 0 0 9 671 12305 29414 0 0 0 0 0
1787958668.880 t 103 492967 35 313 -3 52962 52 0 -100 0 0 9 671 12305 29414 0 0 0 0 0
1787958668.932 t 104 493023 35 313 -3 52962 52 0 -100 0 0 9 671 12305 29414 0 0 0 0 0
1787958668.987 t 105 493079 35 313 -3 52962 52 0 -99 0 0 9 671 12305 29414 0 0 0 0 0
1787958669.044 t 106 493135 35 313 -3 52962 52 0 -99 0 0 9 671 12305 29414 0 0 0 0 0
1787958669.100 t 107 493191 35 313 -3 52962 52 0 -99 0 0 9 671 12305 29414 0 0 0 0 0
1787958669.155 === STEP FWD duty=25% v=213
1787958669.155 >>> WHEELS_V 213 213 2000 #35
1787958669.155 t 108 493247 35 313 -3 52962 52 0 -99 0 0 9 671 12305 29414 0 0 0 0 0
1787958669.171 ack 35 32 stall
1787958669.225 t 109 493315 31 312 -3 52959 52 0 -99 43 40 9 673 12322 29430 2800 2800 0 0 0
1787958669.297 t 110 493387 31 298 0 53011 52 0 -100 213 210 9 676 12511 29636 2800 2800 0 0 0
1787958669.383 t 111 493459 31 282 2 53098 52 0 -100 211 251 9 679 12727 29880 2900 2900 0 0 0
1787958669.440 t 112 493531 31 266 5 53175 52 0 -99 210 251 9 682 12944 30122 2800 2800 0 0 0
1787958669.515 t 113 493603 31 250 7 53237 52 0 -99 219 228 9 685 13166 30364 2800 2800 0 0 0
1787958669.584 t 114 493675 31 234 9 53311 52 0 -99 219 242 9 688 13386 30608 2900 2800 0 0 0
1787958669.658 t 115 493747 31 218 11 53364 52 0 -99 210 228 9 691 13605 30844 2800 2800 0 0 0
1787958669.730 t 116 493819 31 202 13 53441 52 0 -99 210 234 9 694 13827 31091 2800 2800 0 0 0
1787958669.802 t 117 493891 31 186 14 53475 52 0 -99 219 242 9 697 14052 31327 2800 2800 0 0 0
1787958669.872 t 118 493963 31 170 16 53528 52 0 -99 225 234 9 700 14277 31569 2800 2800 0 0 0
1787958669.943 t 119 494035 31 153 17 53581 52 0 -99 210 244 10 703 14502 31811 2800 2800 0 0 0
1787958670.016 t 120 494107 31 137 19 53605 52 0 -100 210 228 10 706 14727 32044 2800 2800 0 0 0
1787958670.089 thdr seq now flags x y h ox oy oh vl vr i2cf cyc posl posr dutl dutr lexc wrng cycovr
1787958670.096 t 121 494179 31 121 20 53630 52 0 -100 237 219 10 709 14958 32283 2800 2800 0 0 0
1787958670.163 t 122 494251 31 105 21 53698 52 0 -100 215 242 10 712 15180 32527 2900 2800 0 0 0
1787958670.239 t 123 494323 31 88 21 53742 52 0 -100 210 234 10 715 15405 32766 2800 2900 0 0 0
1787958670.312 t 124 494395 31 72 22 53804 52 0 -99 228 245 10 718 15633 33014 2800 2800 0 0 0
1787958670.378 t 125 494467 31 56 23 53838 52 0 -99 210 228 10 721 15858 33250 2800 2800 0 0 0
1787958670.448 t 126 494539 31 39 23 53869 52 0 -99 219 219 10 724 16089 33491 2800 2900 0 0 0
1787958670.519 t 127 494611 31 23 23 53965 52 0 -99 219 260 10 727 16311 33744 2900 2800 0 0 0
1787958670.595 t 0 494683 31 7 23 53999 52 0 -99 210 219 10 730 16533 33977 2800 2800 0 0 0
1787958670.665 t 1 494755 31 -10 23 54070 52 0 -100 210 228 10 733 16755 34222 2800 2800 0 0 0
1787958670.742 t 2 494827 31 -26 23 54138 52 0 -100 210 242 10 736 16977 34466 2800 2800 0 0 0
1787958670.807 t 3 494899 31 -42 23 54225 52 0 -100 210 243 10 739 17194 34711 2800 2800 0 0 0
1787958670.880 t 4 494971 31 -59 22 54268 52 0 -100 219 245 10 742 17419 34950 2800 2800 0 0 0
1787958670.952 t 5 495043 31 -75 21 54321 52 0 -100 225 227 10 745 17641 35189 2800 2800 0 0 0
1787958671.028 t 6 495115 31 -91 20 54370 52 0 -100 219 245 10 748 17864 35428 2900 2800 0 0 0
1787958671.096 t 7 495187 31 -107 19 54420 52 0 -100 210 225 10 751 18086 35666 2800 2800 0 0 0
1787958671.169 t 8 495259 31 -123 18 54482 52 0 -100 228 242 10 754 18311 35911 2800 2800 0 0 0
1787958671.232 t 9 495315 31 -129 17 54488 52 0 -100 228 233 10 755 18389 35991 2800 2800 0 0 0
1787958671.282 t 10 495371 31 -129 17 54488 52 0 -100 228 233 10 755 18389 35991 2800 2800 0 0 0
1787958671.338 t 11 495427 31 -129 17 54488 52 0 -100 228 233 10 755 18389 35991 2800 2800 0 0 0
1787958671.393 thdr seq now flags x y h ox oy oh vl vr i2cf cyc posl posr dutl dutr lexc wrng cycovr
1787958671.403 t 12 495483 31 -129 17 54488 52 0 -100 228 233 10 755 18389 35991 2800 2800 0 0 0
1787958671.444 t 13 495535 31 -129 17 54488 52 0 -99 228 233 10 755 18389 35991 2800 2800 0 0 0
1787958671.502 t 14 495591 31 -129 17 54488 52 0 -99 228 233 10 755 18389 35991 2800 2800 0 0 0
1787958671.558 t 15 495648 31 -129 17 54488 52 0 -99 228 233 10 755 18389 35991 2800 2800 0 0 0
1787958671.617 t 16 495703 31 -129 17 54488 52 0 -99 228 233 10 755 18389 35991 2800 2800 0 0 0
1787958671.667 t 17 495759 31 -129 17 54488 52 0 -99 228 233 10 755 18389 35991 2800 2800 0 0 0
1787958671.725 t 18 495815 31 -129 17 54488 52 0 -99 228 233 10 755 18389 35991 2800 2800 0 0 0
1787958671.790 t 19 495871 31 -129 17 54488 52 0 -99 228 233 10 755 18389 35991 2800 2800 0 0 0
1787958671.846 t 20 495927 31 -129 17 54488 52 0 -99 228 233 10 755 18389 35991 2800 2800 0 0 0
1787958671.895 t 21 495983 31 -129 17 54488 52 0 -99 228 233 10 755 18389 35991 2800 2800 0 0 0
1787958671.952 t 22 496039 31 -129 17 54488 52 0 -99 228 233 10 755 18389 35991 2800 2800 0 0 0
1787958671.955 === BIAS RESET FWD 30%
1787958671.955 >>> SET stall_window 50 #36
1787958671.969 ack 36 35 timeout
1787958672.006 t 23 496095 31 -129 17 54488 52 0 -99 228 233 10 755 18389 35991 2800 2800 0 0 0
1787958672.060 t 24 496151 31 -129 17 54488 52 0 -99 228 233 10 755 18389 35991 2800 2800 0 0 0
1787958672.119 t 25 496207 31 -129 17 54488 52 0 -99 228 233 10 755 18389 35991 2800 2800 0 0 0
1787958672.172 t 26 496263 31 -129 17 54488 52 0 -99 228 233 10 755 18389 35991 2800 2800 0 0 0
1787958672.228 t 27 496319 31 -129 17 54488 52 0 -99 228 233 10 755 18389 35991 2800 2800 0 0 0
1787958672.287 t 28 496376 31 -129 17 54488 52 0 -99 228 233 10 755 18389 35991 2800 2800 0 0 0
1787958672.347 t 29 496431 31 -129 17 54488 52 0 -99 228 233 10 755 18389 35991 2800 2800 0 0 0
1787958672.396 t 30 496487 31 -129 17 54488 52 0 -99 228 233 10 755 18389 35991 2800 2800 0 0 0
1787958672.461 thdr seq now flags x y h ox oy oh vl vr i2cf cyc posl posr dutl dutr lexc wrng cycovr
1787958672.462 >>> WHEELS_V 40 40 300 #37
1787958672.465 t 31 496543 31 -129 17 54488 52 0 -99 228 233 10 755 18389 35991 2800 2800 0 0 0
1787958672.474 ack 37 35 timeout
1787958672.509 t 32 496599 31 -202 -139 66511 52 0 -99 28 235 10 756 18914 40400 500 500 0 0 0
1787958672.583 t 33 496671 35 -198 -144 66864 52 0 -99 47 73 10 759 18941 40541 0 0 0 0 0
1787958672.669 t 34 496743 35 -198 -145 66898 52 0 -99 0 0 10 762 18950 40561 0 0 0 0 0
1787958672.723 t 35 496815 35 -198 -145 66898 52 0 -99 0 0 10 765 18950 40561 0 0 0 0 0
1787958672.798 t 36 496887 35 -198 -145 66898 52 0 -99 0 0 10 768 18950 40561 0 0 0 0 0
1787958672.853 t 37 496943 35 -198 -145 66898 52 0 -99 0 0 10 768 18950 40561 0 0 0 0 0
1787958672.908 t 38 496999 35 -198 -145 66898 52 0 -99 0 0 10 768 18950 40561 0 0 0 0 0
1787958672.973 t 39 497055 35 -198 -145 66898 52 0 -99 0 0 10 768 18950 40561 0 0 0 0 0
1787958673.023 t 40 497111 35 -198 -145 66898 52 0 -99 0 0 10 768 18950 40561 0 0 0 0 0
1787958673.079 t 41 497167 35 -198 -145 66898 52 0 -99 0 0 10 768 18950 40561 0 0 0 0 0
1787958673.132 t 42 497223 35 -198 -145 66898 52 0 -98 0 0 10 768 18950 40561 0 0 0 0 0
1787958673.188 t 43 497279 35 -198 -145 66898 52 0 -98 0 0 10 768 18950 40561 0 0 0 0 0
1787958673.246 t 44 497335 35 -198 -145 66898 52 0 -98 0 0 10 768 18950 40561 0 0 0 0 0
1787958673.299 t 45 497391 35 -198 -145 66898 52 0 -98 0 0 10 768 18950 40561 0 0 0 0 0
1787958673.357 t 46 497447 35 -198 -145 66898 52 0 -99 0 0 10 768 18950 40561 0 0 0 0 0
1787958673.413 t 47 497503 35 -198 -145 66898 52 0 -99 0 0 10 768 18950 40561 0 0 0 0 0
1787958673.473 t 48 497559 35 -198 -145 66898 52 0 -98 0 0 10 768 18950 40561 0 0 0 0 0
1787958673.523 t 49 497615 35 -198 -145 66898 52 0 -98 0 0 10 768 18950 40561 0 0 0 0 0
1787958673.588 thdr seq now flags x y h ox oy oh vl vr i2cf cyc posl posr dutl dutr lexc wrng cycovr
1787958673.590 t 50 497671 35 -198 -145 66898 52 0 -98 0 0 10 768 18950 40561 0 0 0 0 0
1787958673.631 t 51 497723 35 -198 -145 66898 52 0 -98 0 0 10 768 18950 40561 0 0 0 0 0
1787958673.692 t 52 497779 35 -198 -145 66898 52 0 -98 0 0 10 768 18950 40561 0 0 0 0 0
1787958673.741 >>> SET stall_clear 1 #38
1787958673.743 t 53 497835 35 -198 -145 66898 52 0 -98 0 0 10 768 18950 40561 0 0 0 0 0
1787958673.757 ack 38 37 stall
1787958673.800 t 54 497891 35 -198 -145 66898 52 0 -98 0 0 10 768 18950 40561 0 0 0 0 0
1787958673.859 t 55 497947 35 -198 -145 66898 52 0 -98 0 0 10 768 18950 40561 0 0 0 0 0
1787958673.914 t 56 498003 35 -198 -145 66898 52 0 -98 0 0 10 768 18950 40561 0 0 0 0 0
1787958673.967 t 57 498059 35 -198 -145 66898 52 0 -98 0 0 10 768 18950 40561 0 0 0 0 0
1787958674.023 t 58 498115 35 -198 -145 66898 52 0 -98 0 0 10 768 18950 40561 0 0 0 0 0
1787958674.083 t 59 498171 35 -198 -145 66898 52 0 -98 0 0 10 768 18950 40561 0 0 0 0 0
1787958674.142 t 60 498227 35 -198 -145 66898 52 0 -98 0 0 10 768 18950 40561 0 0 0 0 0
1787958674.202 t 61 498283 35 -198 -145 66898 52 0 -98 0 0 10 768 18950 40561 0 0 0 0 0
1787958674.245 >>> SET stall_window 0 #39
1787958674.247 t 62 498339 35 -198 -145 66898 52 0 -98 0 0 10 768 18950 40561 0 0 0 0 0
1787958674.259 ack 39 37 stall
1787958674.306 t 63 498395 35 -198 -145 66898 52 0 -98 0 0 10 768 18950 40561 0 0 0 0 0
1787958674.360 t 64 498451 35 -198 -145 66898 52 0 -98 0 0 10 768 18950 40561 0 0 0 0 0
1787958674.416 t 65 498507 35 -198 -145 66898 52 0 -98 0 0 10 768 18950 40561 0 0 0 0 0
1787958674.476 t 66 498563 35 -198 -145 66898 52 0 -98 0 0 10 768 18950 40561 0 0 0 0 0
1787958674.534 t 67 498619 35 -198 -145 66898 52 0 -98 0 0 10 768 18950 40561 0 0 0 0 0
1787958674.583 t 68 498675 35 -198 -145 66898 52 0 -98 0 0 10 768 18950 40561 0 0 0 0 0
1787958674.642 thdr seq now flags x y h ox oy oh vl vr i2cf cyc posl posr dutl dutr lexc wrng cycovr
1787958674.646 t 69 498731 35 -198 -145 66898 52 0 -98 0 0 10 768 18950 40561 0 0 0 0 0
1787958674.691 t 70 498783 35 -198 -145 66898 52 0 -98 0 0 10 768 18950 40561 0 0 0 0 0
1787958674.748 === STEP FWD duty=30% v=255
1787958674.749 >>> WHEELS_V 255 255 2000 #40
1787958674.752 t 71 498839 35 -198 -145 66898 52 0 -98 0 0 10 768 18950 40561 0 0 0 0 0
1787958674.758 ack 40 37 stall
1787958674.819 t 72 498907 31 -197 -146 66916 52 0 -98 40 55 10 770 18966 40583 3300 3300 0 0 0
1787958674.889 t 73 498979 31 -187 -158 66950 52 0 -98 242 260 10 773 19177 40805 3400 3400 0 0 0
1787958674.962 t 74 499051 31 -175 -172 67053 52 0 -99 242 274 10 776 19433 41094 3400 3400 0 0 0
1787958675.032 t 75 499123 31 -162 -187 67139 52 0 -99 251 292 10 779 19694 41383 3300 3300 0 0 0
1787958675.105 t 76 499195 31 -150 -201 67189 52 0 -99 260 283 10 782 19961 41666 3400 3400 0 0 0
1787958675.175 t 77 499267 31 -139 -213 66984 52 0 -98 260 292 11 785 20222 41861 3400 3400 0 0 0
1787958675.252 t 78 499339 31 -124 -229 67365 52 0 -98 251 278 11 788 20477 42239 3400 3400 0 0 0
1787958675.327 t 79 499411 31 -110 -244 67433 52 0 -98 269 286 11 791 20744 42528 3400 3300 0 0 0
1787958675.397 t 80 499483 31 -97 -257 67517 52 0 -98 245 277 11 794 21000 42811 3400 3400 0 0 0
1787958675.469 t 81 499555 31 -84 -270 67545 52 0 -98 259 268 11 797 21269 43089 3400 3400 0 0 0
1787958675.543 t 82 499627 31 -70 -284 67628 52 0 -98 251 265 11 800 21533 43380 3400 3400 0 0 0
1787958675.610 t 83 499699 31 -55 -298 67715 52 0 -98 251 318 11 803 21800 43675 3300 3400 0 0 0
1787958675.682 t 84 499771 31 -41 -311 67752 52 0 -98 259 292 11 806 22066 43953 3400 3400 0 0 0
1787958675.751 t 85 499843 31 -27 -324 67799 52 0 -98 260 274 11 809 22339 44241 3400 3300 0 0 0
1787958675.846 t 86 499915 31 -12 -337 67860 52 0 -98 269 292 11 812 22608 44530 3300 3300 0 0 0
1787958675.895 t 87 499987 31 2 -349 67929 52 0 -98 251 274 11 815 22872 44816 3400 3300 0 0 0
1787958675.968 thdr seq now flags x y h ox oy oh vl vr i2cf cyc posl posr dutl dutr lexc wrng cycovr
1787958675.984 t 88 500059 31 17 -362 67997 52 0 -98 260 274 11 818 23139 45105 3400 3300 0 0 0
1787958676.048 t 89 500131 31 29 -372 67690 52 0 -98 250 271 12 821 23411 45278 3300 3300 0 0 0
1787958676.112 t 90 500203 31 47 -387 68105 52 0 -98 257 269 12 824 23677 45678 3400 3300 0 0 0
1787958676.184 t 91 500275 31 62 -399 68155 52 0 -98 251 251 12 827 23944 45961 3400 3300 0 0 0
1787958676.255 t 92 500347 31 77 -411 68238 52 0 -98 260 292 12 830 24211 46255 3300 3300 0 0 0
1787958676.330 t 93 500419 31 92 -423 68291 52 0 -98 260 274 12 833 24472 46533 3400 3400 0 0 0
1787958676.403 t 94 500491 31 108 -434 68359 52 0 -98 260 274 12 836 24739 46822 3400 3400 0 0 0
1787958676.474 t 95 500563 31 124 -446 68412 52 0 -98 260 283 12 839 25011 47111 3400 3400 0 0 0
1787958676.557 t 96 500635 31 139 -457 68449 52 0 -98 251 277 12 842 25277 47389 3400 3400 0 0 0
1787958676.618 t 97 500707 31 155 -469 68507 52 0 -98 265 274 12 845 25552 47683 3400 3400 0 0 0
1787958676.695 t 98 500779 31 172 -480 68566 52 0 -98 260 274 12 848 25822 47972 3400 3300 0 0 0
1787958676.763 t 99 500851 31 188 -491 68647 52 0 -98 266 292 12 851 26091 48267 3300 3300 0 0 0
1787958676.817 t 100 500907 31 194 -495 68634 52 0 -98 286 274 12 852 26189 48361 3400 3400 0 0 0
1787958676.872 t 101 500963 31 194 -495 68634 52 0 -98 286 274 12 852 26189 48361 3400 3400 0 0 0
1787958676.931 t 102 501019 31 194 -495 68634 52 0 -98 286 274 12 852 26189 48361 3400 3400 0 0 0
1787958676.986 t 103 501075 31 194 -495 68634 52 0 -98 286 274 12 852 26189 48361 3400 3400 0 0 0
1787958677.040 t 104 501131 31 194 -495 68634 52 0 -98 286 274 12 852 26189 48361 3400 3400 0 0 0
1787958677.096 t 105 501187 31 194 -495 68634 52 0 -98 286 274 12 852 26189 48361 3400 3400 0 0 0
1787958677.153 t 106 501243 31 194 -495 68634 52 0 -98 286 274 12 852 26189 48361 3400 3400 0 0 0
1787958677.211 thdr seq now flags x y h ox oy oh vl vr i2cf cyc posl posr dutl dutr lexc wrng cycovr
1787958677.216 t 107 501299 31 194 -495 68634 52 0 -98 286 274 12 852 26189 48361 3400 3400 0 0 0
1787958677.277 t 108 501351 31 194 -495 68634 52 0 -98 286 274 12 852 26189 48361 3400 3400 0 0 0
1787958677.317 t 109 501407 31 194 -495 68634 52 0 -98 286 274 12 852 26189 48361 3400 3400 0 0 0
1787958677.378 t 110 501463 31 194 -495 68634 52 0 -98 286 274 12 852 26189 48361 3400 3400 0 0 0
1787958677.428 t 111 501519 31 194 -495 68634 52 0 -98 286 274 12 852 26189 48361 3400 3400 0 0 0
1787958677.486 t 112 501576 31 194 -495 68634 52 0 -98 286 274 12 852 26189 48361 3400 3400 0 0 0
1787958677.536 === BIAS RESET FWD 35%
1787958677.536 >>> SET stall_window 50 #41
1787958677.543 t 113 501631 31 194 -495 68634 52 0 -98 286 274 12 852 26189 48361 3400 3400 0 0 0
1787958677.550 ack 41 40 timeout
1787958677.599 t 114 501687 31 194 -495 68634 52 0 -98 286 274 12 852 26189 48361 3400 3400 0 0 0
1787958677.651 t 115 501743 31 194 -495 68634 52 0 -98 286 274 12 852 26189 48361 3400 3400 0 0 0
1787958677.714 t 116 501799 31 194 -495 68634 52 0 -98 286 274 12 852 26189 48361 3400 3400 0 0 0
1787958677.767 t 117 501855 31 194 -495 68634 52 0 -98 286 274 12 852 26189 48361 3400 3400 0 0 0
1787958677.835 t 118 501911 31 194 -495 68634 52 0 -98 286 274 12 852 26189 48361 3400 3400 0 0 0
1787958677.956 t 119 501967 31 194 -495 68634 52 0 -98 286 274 12 852 26189 48361 3400 3400 0 0 0
1787958677.956 t 120 502023 31 194 -495 68634 52 0 -98 286 274 12 852 26189 48361 3400 3400 0 0 0
1787958677.994 t 121 502079 31 194 -495 68634 52 0 -98 286 274 12 852 26189 48361 3400 3400 0 0 0
1787958678.041 >>> WHEELS_V 40 40 300 #42
1787958678.106 t 122 502135 31 194 -495 68634 52 0 -98 286 274 12 852 26189 48361 3400 3400 0 0 0
1787958678.106 ack 42 40 timeout
1787958678.111 t 123 502203 31 212 -513 66307 52 0 -98 13 0 13 854 26941 48361 600 500 0 0 0
1787958678.187 t 124 502275 35 214 -517 66495 52 0 -98 32 58 13 857 26969 48450 0 0 0 0 0
1787958678.256 t 125 502347 35 214 -517 66505 52 0 -98 0 0 13 860 26969 48453 0 0 0 0 0
1787958678.330 thdr seq now flags x y h ox oy oh vl vr i2cf cyc posl posr dutl dutr lexc wrng cycovr
1787958678.336 t 126 502419 35 214 -517 66505 52 0 -98 0 0 13 863 26969 48453 0 0 0 0 0
1787958678.383 t 127 502475 35 214 -517 66505 52 0 -98 0 0 13 865 26969 48453 0 0 0 0 0
1787958678.441 t 0 502531 35 214 -517 66505 52 0 -98 0 0 13 865 26969 48453 0 0 0 0 0
1787958678.502 t 1 502587 35 214 -517 66505 52 0 -98 0 0 13 865 26969 48453 0 0 0 0 0
1787958678.552 t 2 502643 35 214 -517 66505 52 0 -98 0 0 13 865 26969 48453 0 0 0 0 0
1787958678.606 t 3 502699 35 214 -517 66505 52 0 -98 0 0 13 865 26969 48453 0 0 0 0 0
1787958678.663 t 4 502755 35 214 -517 66505 52 0 -98 0 0 13 865 26969 48453 0 0 0 0 0
1787958678.720 t 5 502811 35 214 -517 66505 52 0 -98 0 0 13 865 26969 48453 0 0 0 0 0
1787958678.775 t 6 502867 35 214 -517 66505 52 0 -98 0 0 13 865 26969 48453 0 0 0 0 0
1787958678.831 t 7 502923 35 214 -517 66505 52 0 -98 0 0 13 865 26969 48453 0 0 0 0 0
1787958678.888 t 8 502979 35 214 -517 66505 52 0 -98 0 0 13 865 26969 48453 0 0 0 0 0
1787958678.947 t 9 503035 35 214 -517 66505 52 0 -98 0 0 13 865 26969 48453 0 0 0 0 0
1787958678.999 t 10 503091 35 214 -517 66505 52 0 -98 0 0 13 865 26969 48453 0 0 0 0 0
1787958679.054 t 11 503147 35 214 -517 66505 52 0 -98 0 0 13 865 26969 48453 0 0 0 0 0
1787958679.117 t 12 503203 35 214 -517 66505 52 0 -98 0 0 13 865 26969 48453 0 0 0 0 0
1787958679.167 t 13 503259 35 214 -517 66505 52 0 -98 0 0 13 865 26969 48453 0 0 0 0 0
1787958679.224 t 14 503315 35 214 -517 66505 52 0 -98 0 0 13 865 26969 48453 0 0 0 0 0
1787958679.279 t 15 503371 35 214 -517 66505 52 0 -97 0 0 13 865 26969 48453 0 0 0 0 0
1787958679.329 >>> SET stall_clear 1 #43
1787958679.336 t 16 503427 35 214 -517 66505 52 0 -97 0 0 13 865 26969 48453 0 0 0 0 0
1787958679.339 ack 43 42 stall
1787958679.393 thdr seq now flags x y h ox oy oh vl vr i2cf cyc posl posr dutl dutr lexc wrng cycovr
1787958679.398 t 17 503483 35 214 -517 66505 52 0 -98 0 0 13 865 26969 48453 0 0 0 0 0
1787958679.443 t 18 503535 35 214 -517 66505 52 0 -98 0 0 13 865 26969 48453 0 0 0 0 0
1787958679.500 t 19 503591 35 214 -517 66505 52 0 -97 0 0 13 865 26969 48453 0 0 0 0 0
1787958679.559 t 20 503647 35 214 -517 66505 52 0 -97 0 0 13 865 26969 48453 0 0 0 0 0
1787958679.615 t 21 503703 35 214 -517 66505 52 0 -97 0 0 13 865 26969 48453 0 0 0 0 0
1787958679.666 t 22 503759 35 214 -517 66505 52 0 -97 0 0 13 865 26969 48453 0 0 0 0 0
1787958679.733 t 23 503815 35 214 -517 66505 52 0 -97 0 0 13 865 26969 48453 0 0 0 0 0
1787958679.779 t 24 503871 35 214 -517 66505 52 0 -97 0 0 13 865 26969 48453 0 0 0 0 0
1787958679.833 >>> SET stall_window 0 #44
1787958679.836 t 25 503927 35 214 -517 66505 52 0 -97 0 0 13 865 26969 48453 0 0 0 0 0
1787958679.848 ack 44 42 stall
1787958679.891 t 26 503983 35 214 -517 66505 52 0 -97 0 0 13 865 26969 48453 0 0 0 0 0
1787958679.947 t 27 504039 35 214 -517 66505 52 0 -97 0 0 13 865 26969 48453 0 0 0 0 0
1787958680.003 t 28 504095 35 214 -517 66505 52 0 -97 0 0 13 865 26969 48453 0 0 0 0 0
1787958680.062 t 29 504151 35 214 -517 66505 52 0 -97 0 0 13 865 26969 48453 0 0 0 0 0
1787958680.115 t 30 504207 35 214 -517 66505 52 0 -97 0 0 13 865 26969 48453 0 0 0 0 0
1787958680.181 t 31 504263 35 214 -517 66505 52 0 -97 0 0 13 865 26969 48453 0 0 0 0 0
1787958680.227 t 32 504319 35 214 -517 66505 52 0 -97 0 0 13 865 26969 48453 0 0 0 0 0
1787958680.282 t 33 504375 35 214 -517 66505 52 0 -97 0 0 13 865 26969 48453 0 0 0 0 0
1787958680.335 === STEP FWD duty=35% v=298
1787958680.335 >>> WHEELS_V 298 298 2000 #45
1787958680.346 t 34 504431 35 214 -517 66505 52 0 -97 0 0 13 865 26969 48453 0 0 0 0 0
1787958680.358 ack 45 42 stall
1787958680.393 t 35 504483 31 214 -517 66505 52 0 -97 0 0 13 866 26969 48453 2500 2500 0 0 0
1787958680.464 thdr seq now flags x y h ox oy oh vl vr i2cf cyc posl posr dutl dutr lexc wrng cycovr
1787958680.475 t 36 504555 31 221 -526 66563 52 0 -97 251 269 13 869 27122 48625 4000 4000 0 0 0
1787958680.536 t 37 504627 31 234 -543 66647 52 0 -97 265 326 13 872 27414 48944 3900 3900 0 0 0
1787958680.610 t 38 504699 31 247 -561 66737 52 0 -97 292 324 13 875 27716 49275 4000 4000 0 0 0
1787958680.688 t 39 504771 31 261 -579 66845 52 0 -97 292 347 13 878 28022 49616 3900 4000 0 0 0
1787958680.758 t 40 504843 31 275 -597 66898 52 0 -97 315 324 13 881 28336 49947 4000 3900 0 0 0
1787958680.829 t 41 504915 31 289 -614 66975 52 0 -97 301 324 14 884 28644 50280 3900 4000 0 0 0
1787958680.896 t 42 504987 31 304 -632 67053 52 0 -97 301 324 14 887 28958 50619 3900 3900 0 0 0
1787958680.969 t 43 505059 31 318 -649 67114 52 0 -97 274 318 15 890 29272 50953 4000 3900 0 0 0
1787958681.047 t 44 505131 31 333 -667 67180 52 0 -97 301 324 15 893 29589 51291 3900 4000 0 0 0
1787958681.113 t 45 505203 31 348 -684 67235 52 0 -97 307 318 15 896 29905 51625 4000 4000 0 0 0
1787958681.183 t 46 505275 31 364 -700 67269 52 0 -97 301 318 15 899 30222 51953 3900 3900 0 0 0
1787958681.256 t 47 505347 31 379 -717 67353 52 0 -96 301 324 15 902 30533 52291 4000 3900 0 0 0
1787958681.356 t 48 505419 31 395 -733 67396 52 0 -97 301 324 15 905 30850 52622 3900 3900 0 0 0
1787958681.400 t 49 505491 31 411 -750 67474 52 0 -97 318 342 15 908 31164 52961 3900 4000 0 0 0
1787958681.473 t 50 505563 31 427 -766 67560 52 0 -97 301 324 15 911 31472 53297 4000 4000 0 0 0
1787958681.553 t 51 505635 31 443 -782 67594 52 0 -97 324 324 16 914 31794 53630 3900 4000 0 0 0
1787958681.615 t 52 505707 31 459 -798 67696 52 0 -97 309 324 16 917 32100 53969 4000 4000 0 0 0
1787958681.688 t 53 505779 31 476 -813 67752 52 0 -97 307 327 16 920 32416 54303 3900 4000 0 0 0
1787958681.759 t 54 505851 31 493 -828 67817 52 0 -97 307 330 16 923 32733 54641 3900 4000 0 0 0
1787958681.833 thdr seq now flags x y h ox oy oh vl vr i2cf cyc posl posr dutl dutr lexc wrng cycovr
1787958681.840 t 55 505923 31 510 -844 67811 52 0 -97 356 324 17 926 33069 54975 4000 4000 0 0 0
1787958681.905 t 56 505995 31 527 -859 67888 52 0 -96 307 293 17 929 33372 55303 3900 4000 0 0 0
1787958681.984 t 57 506067 31 541 -872 67647 52 0 -96 301 342 18 932 33683 55536 3900 4000 0 0 0
1787958682.050 t 58 506139 31 561 -889 68015 53 0 -97 310 324 18 935 34003 55975 4000 4000 0 0 0
1787958682.121 t 59 506211 31 579 -904 68096 52 0 -96 307 327 18 938 34319 56317 3900 3900 0 0 0
1787958682.192 t 60 506283 31 596 -918 68145 52 0 -96 306 324 18 941 34633 56647 3900 3900 0 0 0
1787958682.265 t 61 506355 31 615 -932 68189 53 0 -97 306 333 18 944 34955 56983 4000 3900 0 0 0
1787958682.336 t 62 506427 31 633 -946 68285 53 0 -96 297 342 18 947 35266 57325 4000 3900 0 0 0
1787958682.396 t 63 506483 31 645 -955 68325 53 0 -96 277 333 18 949 35478 57550 4000 3900 0 0 0
1787958682.447 t 64 506539 31 645 -955 68325 53 0 -96 277 333 18 949 35478 57550 4000 3900 0 0 0
1787958682.503 t 65 506595 31 645 -955 68325 53 0 -96 277 333 18 949 35478 57550 4000 3900 0 0 0
1787958682.564 t 66 506651 31 645 -955 68325 53 0 -96 277 333 18 949 35478 57550 4000 3900 0 0 0
1787958682.615 t 67 506707 31 645 -955 68325 53 0 -96 277 333 18 949 35478 57550 4000 3900 0 0 0
1787958682.690 t 68 506763 31 645 -955 68325 53 0 -97 277 333 18 949 35478 57550 4000 3900 0 0 0
1787958682.729 t 69 506819 31 645 -955 68325 53 0 -97 277 333 18 949 35478 57550 4000 3900 0 0 0
1787958682.783 t 70 506875 31 645 -955 68325 53 0 -97 277 333 18 949 35478 57550 4000 3900 0 0 0
1787958682.844 t 71 506932 31 645 -955 68325 53 0 -97 277 333 18 949 35478 57550 4000 3900 0 0 0
1787958682.895 t 72 506987 31 645 -955 68325 53 0 -97 277 333 18 949 35478 57550 4000 3900 0 0 0
1787958682.951 t 73 507043 31 645 -955 68325 53 0 -97 277 333 18 949 35478 57550 4000 3900 0 0 0
1787958683.013 thdr seq now flags x y h ox oy oh vl vr i2cf cyc posl posr dutl dutr lexc wrng cycovr
1787958683.016 t 74 507099 31 645 -955 68325 53 0 -96 277 333 18 949 35478 57550 4000 3900 0 0 0
1787958683.062 t 75 507151 31 645 -955 68325 53 0 -96 277 333 18 949 35478 57550 4000 3900 0 0 0
1787958683.111 === BIAS RESET FWD 40%
1787958683.111 >>> SET stall_window 50 #46
1787958683.117 t 76 507207 31 645 -955 68325 53 0 -97 277 333 18 949 35478 57550 4000 3900 0 0 0
1787958683.128 ack 46 45 timeout
1787958683.171 t 77 507263 31 645 -955 68325 53 0 -97 277 333 18 949 35478 57550 4000 3900 0 0 0
1787958683.230 t 78 507319 31 645 -955 68325 53 0 -97 277 333 18 949 35478 57550 4000 3900 0 0 0
1787958683.285 t 79 507375 31 645 -955 68325 53 0 -97 277 333 18 949 35478 57550 4000 3900 0 0 0
1787958683.345 t 80 507431 31 645 -955 68325 53 0 -97 277 333 18 949 35478 57550 4000 3900 0 0 0
1787958683.397 t 81 507487 31 645 -955 68325 53 0 -97 277 333 18 949 35478 57550 4000 3900 0 0 0
1787958683.461 t 82 507543 31 645 -955 68325 53 0 -97 277 333 18 949 35478 57550 4000 3900 0 0 0
1787958683.509 t 83 507599 31 645 -955 68325 53 0 -97 277 333 18 949 35478 57550 4000 3900 0 0 0
1787958683.567 t 84 507655 31 645 -955 68325 53 0 -97 277 333 18 949 35478 57550 4000 3900 0 0 0
1787958683.623 >>> WHEELS_V 40 40 300 #47
1787958683.625 t 85 507712 31 645 -955 68325 53 0 -97 277 333 18 949 35478 57550 4000 3900 0 0 0
1787958683.640 ack 47 45 timeout
1787958683.673 t 86 507763 31 663 -976 65886 53 0 -97 43 333 19 950 36266 57550 500 1400 0 0 0
1787958683.743 t 87 507835 35 664 -978 65892 53 0 -97 50 105 20 953 36300 57586 0 0 0 0 0
1787958683.819 t 88 507907 35 665 -980 65935 53 0 -97 0 0 20 956 36314 57614 0 0 0 0 0
1787958683.887 t 89 507979 35 665 -980 65935 53 0 -97 0 0 20 959 36314 57614 0 0 0 0 0
1787958683.964 t 90 508051 35 665 -980 65935 53 0 -97 0 0 20 962 36314 57614 0 0 0 0 0
1787958684.016 t 91 508107 35 665 -980 65935 53 0 -97 0 0 20 962 36314 57614 0 0 0 0 0
1787958684.070 t 92 508163 35 665 -980 65935 53 0 -97 0 0 20 962 36314 57614 0 0 0 0 0
1787958684.136 thdr seq now flags x y h ox oy oh vl vr i2cf cyc posl posr dutl dutr lexc wrng cycovr
1787958684.136 t 93 508219 35 665 -980 65935 53 0 -97 0 0 20 962 36314 57614 0 0 0 0 0
1787958684.181 t 94 508271 35 665 -980 65935 53 0 -97 0 0 20 962 36314 57614 0 0 0 0 0
1787958684.238 t 95 508327 35 665 -980 65935 53 0 -97 0 0 20 962 36314 57614 0 0 0 0 0
1787958684.290 t 96 508383 35 665 -980 65935 53 0 -97 0 0 20 962 36314 57614 0 0 0 0 0
1787958684.346 t 97 508439 35 665 -980 65935 53 0 -97 0 0 20 962 36314 57614 0 0 0 0 0
1787958684.407 t 98 508495 35 665 -980 65935 53 0 -97 0 0 20 962 36314 57614 0 0 0 0 0
1787958684.461 t 99 508551 35 665 -980 65935 53 0 -97 0 0 20 962 36314 57614 0 0 0 0 0
1787958684.516 t 100 508607 35 665 -980 65935 53 0 -97 0 0 20 962 36314 57614 0 0 0 0 0
1787958684.575 t 101 508663 35 665 -980 65935 53 0 -97 0 0 20 962 36314 57614 0 0 0 0 0
1787958684.630 t 102 508719 35 665 -980 65935 53 0 -97 0 0 20 962 36314 57614 0 0 0 0 0
1787958684.687 t 103 508775 35 665 -980 65935 53 0 -97 0 0 20 962 36314 57614 0 0 0 0 0
1787958684.748 t 104 508831 35 665 -980 65935 53 0 -97 0 0 20 962 36314 57614 0 0 0 0 0
1787958684.797 t 105 508887 35 665 -980 65935 53 0 -97 0 0 20 962 36314 57614 0 0 0 0 0
1787958684.853 t 106 508943 35 665 -980 65935 53 0 -97 0 0 20 962 36314 57614 0 0 0 0 0
1787958684.913 >>> SET stall_clear 1 #48
1787958684.913 t 107 508999 35 665 -980 65935 53 0 -97 0 0 20 962 36314 57614 0 0 0 0 0
1787958684.935 ack 48 47 stall
1787958684.963 t 108 509055 35 665 -980 65935 53 0 -97 0 0 20 962 36314 57614 0 0 0 0 0
1787958685.020 t 109 509111 35 665 -980 65935 53 0 -96 0 0 20 962 36314 57614 0 0 0 0 0
1787958685.078 t 110 509167 35 665 -980 65935 53 0 -96 0 0 20 962 36314 57614 0 0 0 0 0
1787958685.131 t 111 509223 35 665 -980 65935 53 0 -96 0 0 20 962 36314 57614 0 0 0 0 0
1787958685.190 thdr seq now flags x y h ox oy oh vl vr i2cf cyc posl posr dutl dutr lexc wrng cycovr
1787958685.206 t 112 509279 35 665 -980 65935 53 0 -96 0 0 20 962 36314 57614 0 0 0 0 0
1787958685.240 t 113 509331 35 665 -980 65935 53 0 -96 0 0 20 962 36314 57614 0 0 0 0 0
1787958685.296 t 114 509387 35 665 -980 65935 53 0 -96 0 0 20 962 36314 57614 0 0 0 0 0
1787958685.362 t 115 509443 35 665 -980 65935 53 0 -96 0 0 20 962 36314 57614 0 0 0 0 0
1787958685.410 t 116 509499 35 665 -980 65935 53 0 -96 0 0 20 962 36314 57614 0 0 0 0 0
1787958685.466 >>> SET stall_window 0 #49
1787958685.468 t 117 509555 35 665 -980 65935 53 0 -96 0 0 20 962 36314 57614 0 0 0 0 0
1787958685.474 ack 49 47 stall
1787958685.525 t 118 509611 35 665 -980 65935 53 0 -96 0 0 20 962 36314 57614 0 0 0 0 0
1787958685.575 t 119 509667 35 665 -980 65935 53 0 -96 0 0 20 962 36314 57614 0 0 0 0 0
1787958685.637 t 120 509723 35 665 -980 65935 53 0 -96 0 0 20 962 36314 57614 0 0 0 0 0
1787958685.687 t 121 509779 35 665 -980 65935 53 0 -96 0 0 20 962 36314 57614 0 0 0 0 0
1787958685.744 t 122 509835 35 665 -980 65935 53 0 -96 0 0 20 962 36314 57614 0 0 0 0 0
1787958685.798 t 123 509891 35 665 -980 65935 53 0 -96 0 0 20 962 36314 57614 0 0 0 0 0
1787958685.854 t 124 509947 35 665 -980 65935 53 0 -96 0 0 20 962 36314 57614 0 0 0 0 0
1787958685.912 t 125 510003 35 665 -980 65935 53 0 -96 0 0 20 962 36314 57614 0 0 0 0 0
1787958685.967 t 126 510059 35 665 -980 65935 53 0 -96 0 0 20 962 36314 57614 0 0 0 0 0
1787958685.967 === STEP FWD duty=40% v=340
1787958685.967 >>> WHEELS_V 340 340 2000 #50
1787958685.986 ack 50 47 stall
1787958686.020 t 127 510111 31 665 -980 65935 53 0 -96 0 0 20 963 36314 57614 2500 2500 0 0 0
1787958686.092 t 0 510183 31 671 -990 65972 53 0 -96 269 286 20 966 36483 57795 4500 4500 0 0 0
1787958686.164 t 1 510255 31 683 -1012 66031 53 0 -97 342 374 20 969 36828 58159 4500 4500 0 0 0
1787958686.237 t 2 510327 31 696 -1034 66099 53 0 -97 356 356 20 972 37183 58536 4500 4500 0 0 0
1787958686.308 thdr seq now flags x y h ox oy oh vl vr i2cf cyc posl posr dutl dutr lexc wrng cycovr
1787958686.326 t 3 510399 31 710 -1056 66167 53 0 -96 359 356 20 975 37539 58914 4500 4500 0 0 0
1787958686.388 t 4 510471 31 720 -1074 65799 53 0 -96 333 377 21 978 37894 59150 4600 4500 0 0 0
1787958686.454 t 5 510543 31 737 -1100 66297 53 0 -96 365 365 21 981 38258 59675 4500 4500 0 0 0
1787958686.524 t 6 510615 31 751 -1121 66384 53 0 -96 347 373 21 984 38608 60053 4500 4500 0 0 0
1787958686.635 t 7 510687 31 765 -1143 66471 53 0 -96 341 359 21 987 38961 60434 4500 4500 0 0 0
1787958686.669 t 8 510759 31 780 -1164 66520 53 0 -96 356 365 21 990 39322 60811 4500 4500 0 0 0
1787958686.741 t 9 510831 31 795 -1185 66598 53 0 -96 356 388 21 993 39683 61197 4500 4500 0 0 0
1787958686.811 t 10 510903 31 811 -1206 66659 53 0 -96 356 382 21 996 40044 61578 4500 4500 0 0 0
1787958686.883 t 11 510975 31 826 -1227 66712 53 0 -96 339 365 21 999 40405 61956 4500 4500 0 0 0
1787958686.956 t 12 511047 31 842 -1248 66789 53 0 -96 339 373 21 1002 40766 62342 4500 4500 0 0 0
1787958687.031 t 13 511119 31 858 -1268 66824 53 0 -96 347 365 21 1005 41133 62720 4500 4500 0 0 0
1787958687.106 t 14 511191 31 874 -1289 66901 53 0 -96 347 365 21 1008 41494 63106 4500 4500 0 0 0
1787958687.172 t 15 511263 31 891 -1309 66944 53 0 -96 338 357 21 1011 41855 63481 4500 4500 0 0 0
1787958687.249 t 16 511335 31 907 -1329 66994 53 0 -96 359 374 21 1014 42217 63859 4500 4500 0 0 0
1787958687.316 t 17 511407 31 924 -1349 67080 53 0 -96 342 365 21 1017 42572 64242 4500 4500 0 0 0
1787958687.390 t 18 511479 31 941 -1368 67124 53 0 -96 348 374 21 1020 42936 64620 4500 4400 0 0 0
1787958687.460 t 19 511551 31 958 -1388 67164 53 0 -96 365 380 21 1023 43303 65000 4500 4500 0 0 0
1787958687.536 t 20 511623 31 975 -1407 67217 53 0 -95 359 374 21 1026 43667 65381 4500 4500 0 0 0
1787958687.605 t 21 511695 31 993 -1427 67285 53 0 -96 359 374 21 1029 44028 65764 4500 4500 0 0 0
1787958687.677 thdr seq now flags x y h ox oy oh vl vr i2cf cyc posl posr dutl dutr lexc wrng cycovr
1787958687.683 t 22 511767 31 1011 -1446 67341 53 0 -96 347 374 21 1032 44394 66148 4500 4500 0 0 0
1787958687.748 t 23 511839 31 1029 -1465 67399 53 0 -96 333 375 21 1035 44755 66528 4500 4400 0 0 0
1787958687.823 t 24 511911 31 1047 -1483 67443 53 0 -96 356 391 21 1038 45122 66909 4500 4500 0 0 0
1787958687.895 t 25 511983 31 1065 -1502 67495 53 0 -96 347 350 21 1041 45480 67284 4500 4400 0 0 0
1787958687.967 t 26 512055 31 1083 -1520 67551 53 0 -96 342 371 21 1044 45839 67661 4500 4500 0 0 0
1787958688.026 t 27 512111 31 1096 -1532 67579 53 0 -96 325 365 21 1046 46083 67914 4500 4400 0 0 0
1787958688.077 t 28 512167 31 1096 -1532 67579 53 0 -96 325 365 21 1046 46083 67914 4500 4400 0 0 0
1787958688.132 t 29 512223 31 1096 -1532 67579 53 0 -96 325 365 21 1046 46083 67914 4500 4400 0 0 0
1787958688.187 t 30 512279 31 1096 -1532 67579 53 0 -96 325 365 21 1046 46083 67914 4500 4400 0 0 0
1787958688.243 t 31 512335 31 1096 -1532 67579 53 0 -96 325 365 21 1046 46083 67914 4500 4400 0 0 0
1787958688.301 t 32 512392 31 1096 -1532 67579 53 0 -96 325 365 21 1046 46083 67914 4500 4400 0 0 0
1787958688.358 t 33 512447 31 1096 -1532 67579 53 0 -96 325 365 21 1046 46083 67914 4500 4400 0 0 0
1787958688.412 t 34 512503 31 1096 -1532 67579 53 0 -96 325 365 21 1046 46083 67914 4500 4400 0 0 0
1787958688.468 t 35 512559 31 1096 -1532 67579 53 0 -96 325 365 21 1046 46083 67914 4500 4400 0 0 0
1787958688.523 t 36 512615 31 1096 -1532 67579 53 0 -96 325 365 21 1046 46083 67914 4500 4400 0 0 0
1787958688.579 t 37 512671 31 1096 -1532 67579 53 0 -96 325 365 21 1046 46083 67914 4500 4400 0 0 0
1787958688.640 t 38 512727 31 1096 -1532 67579 53 0 -96 325 365 21 1046 46083 67914 4500 4400 0 0 0
1787958688.693 t 39 512783 31 1096 -1532 67579 53 0 -96 325 365 21 1046 46083 67914 4500 4400 0 0 0
1787958688.741 === BIAS RESET FWD 50%
1787958688.741 >>> SET stall_window 50 #51
1787958688.749 t 40 512839 31 1096 -1532 67579 53 0 -96 325 365 21 1046 46083 67914 4500 4400 0 0 0
1787958688.749 ack 51 50 timeout
1787958688.807 thdr seq now flags x y h ox oy oh vl vr i2cf cyc posl posr dutl dutr lexc wrng cycovr
1787958688.812 t 41 512895 31 1096 -1532 67579 53 0 -96 325 365 21 1046 46083 67914 4500 4400 0 0 0
1787958688.855 t 42 512947 31 1096 -1532 67579 53 0 -96 325 365 21 1046 46083 67914 4500 4400 0 0 0
1787958688.912 t 43 513003 31 1096 -1532 67579 53 0 -96 325 365 21 1046 46083 67914 4500 4400 0 0 0
1787958688.969 t 44 513059 31 1096 -1532 67579 53 0 -96 325 365 21 1046 46083 67914 4500 4400 0 0 0
1787958689.025 t 45 513115 31 1096 -1532 67579 53 0 -96 325 365 21 1046 46083 67914 4500 4400 0 0 0
1787958689.082 t 46 513172 31 1096 -1532 67579 53 0 -96 325 365 21 1046 46083 67914 4500 4400 0 0 0
1787958689.140 t 47 513227 31 1096 -1532 67579 53 0 -96 325 365 21 1046 46083 67914 4500 4400 0 0 0
1787958689.192 t 48 513283 31 1096 -1532 67579 53 0 -96 325 365 21 1046 46083 67914 4500 4400 0 0 0
1787958689.243 >>> WHEELS_V 40 40 300 #52
1787958689.253 t 49 513339 31 1096 -1532 67579 53 0 -96 325 365 21 1046 46083 67914 4500 4400 0 0 0
1787958689.258 ack 52 50 timeout
1787958689.315 t 50 513407 31 1112 -1558 64880 53 0 -96 13 0 22 1048 46955 67914 600 500 0 0 0
1787958689.389 t 51 513479 35 1114 -1564 65164 53 0 -96 23 67 22 1051 46994 68045 0 0 0 0 0
1787958689.462 t 52 513551 35 1114 -1564 65189 53 0 -95 0 0 22 1054 46994 68053 0 0 0 0 0
1787958689.530 t 53 513623 35 1114 -1564 65189 53 0 -95 0 0 22 1057 46994 68053 0 0 0 0 0
1787958689.587 t 54 513679 35 1114 -1564 65189 53 0 -95 0 0 22 1059 46994 68053 0 0 0 0 0
1787958689.645 t 55 513735 35 1114 -1564 65189 53 0 -95 0 0 22 1059 46994 68053 0 0 0 0 0
1787958689.699 t 56 513791 35 1114 -1564 65189 53 0 -95 0 0 22 1059 46994 68053 0 0 0 0 0
1787958689.758 t 57 513847 35 1114 -1564 65189 53 0 -95 0 0 22 1059 46994 68053 0 0 0 0 0
1787958689.814 t 58 513903 35 1114 -1564 65189 53 0 -95 0 0 22 1059 46994 68053 0 0 0 0 0
1787958689.869 t 59 513959 35 1114 -1564 65189 53 0 -95 0 0 22 1059 46994 68053 0 0 0 0 0
1787958689.925 thdr seq now flags x y h ox oy oh vl vr i2cf cyc posl posr dutl dutr lexc wrng cycovr
1787958689.953 t 60 514015 35 1114 -1564 65189 53 0 -95 0 0 22 1059 46994 68053 0 0 0 0 0
1787958690.004 t 61 514067 35 1114 -1564 65189 53 0 -95 0 0 22 1059 46994 68053 0 0 0 0 0
1787958690.047 t 62 514123 35 1114 -1564 65189 53 0 -95 0 0 22 1059 46994 68053 0 0 0 0 0
1787958690.089 t 63 514179 35 1114 -1564 65189 53 0 -95 0 0 22 1059 46994 68053 0 0 0 0 0
1787958690.142 t 64 514235 35 1114 -1564 65189 53 0 -95 0 0 22 1059 46994 68053 0 0 0 0 0
1787958690.202 t 65 514291 35 1114 -1564 65189 53 0 -95 0 0 22 1059 46994 68053 0 0 0 0 0
1787958690.256 t 66 514347 35 1114 -1564 65189 53 0 -95 0 0 22 1059 46994 68053 0 0 0 0 0
1787958690.315 t 67 514403 35 1114 -1564 65189 53 0 -95 0 0 22 1059 46994 68053 0 0 0 0 0
1787958690.367 t 68 514459 35 1114 -1564 65189 53 0 -95 0 0 22 1059 46994 68053 0 0 0 0 0
1787958690.426 t 69 514515 35 1114 -1564 65189 53 0 -94 0 0 22 1059 46994 68053 0 0 0 0 0
1787958690.489 t 70 514571 35 1114 -1564 65189 53 0 -94 0 0 22 1059 46994 68053 0 0 0 0 0
1787958690.511 >>> SET stall_clear 1 #53
1787958690.523 ack 53 52 stall
1787958690.538 t 71 514627 35 1114 -1564 65189 53 0 -94 0 0 22 1059 46994 68053 0 0 0 0 0
1787958690.593 t 72 514683 35 1114 -1564 65189 53 0 -94 0 0 22 1059 46994 68053 0 0 0 0 0
1787958690.652 t 73 514739 35 1114 -1564 65189 53 0 -94 0 0 22 1059 46994 68053 0 0 0 0 0
1787958690.703 t 74 514795 35 1114 -1564 65189 53 0 -94 0 0 22 1059 46994 68053 0 0 0 0 0
1787958690.760 t 75 514851 35 1114 -1564 65189 53 0 -94 0 0 22 1059 46994 68053 0 0 0 0 0
1787958690.817 t 76 514907 35 1114 -1564 65189 53 0 -94 0 0 22 1059 46994 68053 0 0 0 0 0
1787958690.874 t 77 514963 35 1114 -1564 65189 53 0 -94 0 0 22 1059 46994 68053 0 0 0 0 0
1787958690.928 t 78 515019 35 1114 -1564 65189 53 0 -94 0 0 22 1059 46994 68053 0 0 0 0 0
1787958690.994 thdr seq now flags x y h ox oy oh vl vr i2cf cyc posl posr dutl dutr lexc wrng cycovr
1787958690.996 t 79 515075 35 1114 -1564 65189 53 0 -94 0 0 22 1059 46994 68053 0 0 0 0 0
1787958691.029 >>> SET stall_window 0 #54
1787958691.036 t 80 515127 35 1114 -1564 65189 53 0 -94 0 0 22 1059 46994 68053 0 0 0 0 0
1787958691.039 ack 54 52 stall
1787958691.099 t 81 515183 35 1114 -1564 65189 53 0 -94 0 0 22 1059 46994 68053 0 0 0 0 0
1787958691.152 t 82 515239 35 1114 -1564 65189 53 0 -94 0 0 22 1059 46994 68053 0 0 0 0 0
1787958691.202 t 83 515295 35 1114 -1564 65189 53 0 -94 0 0 22 1059 46994 68053 0 0 0 0 0
1787958691.268 t 84 515351 35 1114 -1564 65189 53 0 -94 0 0 22 1059 46994 68053 0 0 0 0 0
1787958691.322 t 85 515407 35 1114 -1564 65189 53 0 -94 0 0 22 1059 46994 68053 0 0 0 0 0
1787958691.374 t 86 515463 35 1114 -1564 65189 53 0 -94 0 0 22 1059 46994 68053 0 0 0 0 0
1787958691.433 t 87 515519 35 1114 -1564 65189 53 0 -94 0 0 22 1059 46994 68053 0 0 0 0 0
1787958691.486 t 88 515575 35 1114 -1564 65189 53 0 -94 0 0 22 1059 46994 68053 0 0 0 0 0
1787958691.538 === STEP FWD duty=50% v=425
1787958691.541 >>> WHEELS_V 425 425 2000 #55
1787958691.541 t 89 515631 35 1114 -1564 65189 53 0 -94 0 0 22 1059 46994 68053 0 0 0 0 0
1787958691.553 ack 55 52 stall
1787958691.614 t 90 515699 31 1115 -1565 65180 53 0 -94 50 43 22 1061 47014 68070 5000 5000 0 0 0
1787958691.682 t 91 515771 31 1122 -1584 65208 53 0 -94 371 342 23 1064 47305 68370 5600 5600 0 0 0
1787958691.756 t 92 515843 31 1134 -1613 65291 53 0 -94 429 447 23 1067 47739 68831 5600 5600 0 0 0
1787958691.839 t 93 515915 31 1146 -1643 65331 53 0 -95 447 429 24 1070 48192 69297 5600 5600 0 0 0
1787958691.896 t 94 515987 31 1159 -1673 65393 53 0 -94 438 443 24 1073 48647 69772 5600 5600 0 0 0
1787958691.969 t 95 516059 31 1172 -1703 65499 53 0 -94 438 455 24 1076 49094 70253 5600 5600 0 0 0
1787958692.041 t 96 516131 31 1186 -1732 65585 53 0 -94 438 479 24 1079 49544 70731 5600 5600 0 0 0
1787958692.114 t 97 516203 31 1200 -1761 65638 53 0 -94 429 473 24 1082 49994 71198 5600 5600 0 0 0
1787958692.186 thdr seq now flags x y h ox oy oh vl vr i2cf cyc posl posr dutl dutr lexc wrng cycovr
1787958692.192 t 98 516275 31 1214 -1790 65660 53 0 -94 447 452 24 1085 50453 71664 5600 5600 0 0 0
1787958692.263 t 99 516347 31 1229 -1819 65722 53 0 -94 458 450 24 1088 50908 72139 5600 5700 0 0 0
1787958692.334 t 100 516419 31 1244 -1848 65799 53 0 -94 438 479 24 1091 51361 72617 5700 5600 0 0 0
1787958692.412 t 101 516491 31 1257 -1872 65341 53 0 -94 455 452 25 1094 51817 72925 5700 5600 0 0 0
1787958692.478 t 102 516563 31 1274 -1906 65917 53 0 -94 438 461 25 1097 52267 73561 5600 5600 0 0 0
1787958692.544 t 103 516635 31 1290 -1934 65978 53 0 -94 447 444 25 1100 52722 74036 5600 5600 0 0 0
1787958692.620 t 104 516707 31 1306 -1962 66040 53 0 -94 438 447 25 1103 53172 74506 5600 5600 0 0 0
1787958692.693 t 105 516779 31 1323 -1990 66115 53 0 -94 455 453 25 1106 53628 74986 5600 5600 0 0 0
1787958692.762 t 106 516851 31 1340 -2018 66170 53 0 -94 447 479 25 1109 54083 75459 5700 5600 0 0 0
1787958692.840 t 107 516923 31 1357 -2046 66235 53 0 -94 438 484 25 1112 54539 75936 5700 5600 0 0 0
1787958692.924 t 108 516995 31 1374 -2074 66254 53 0 -94 455 470 26 1115 55000 76403 5600 5600 0 0 0
1787958692.975 t 109 517067 31 1391 -2101 66297 53 0 -94 453 438 26 1118 55458 76875 5600 5600 0 0 0
1787958693.047 t 110 517139 31 1410 -2129 66399 53 0 -94 432 461 26 1121 55917 77367 5600 5600 0 0 0
1787958693.125 t 111 517211 31 1428 -2156 66427 53 0 -94 429 461 26 1124 56372 77831 5600 5700 0 0 0
1787958693.196 t 112 517283 31 1446 -2183 66492 53 0 -94 447 444 26 1127 56831 78311 5600 5600 0 0 0
1787958693.263 t 113 517355 31 1461 -2205 66056 53 0 -94 447 461 27 1130 57286 78625 5600 5600 0 0 0
1787958693.337 t 114 517427 31 1483 -2236 66579 53 0 -94 438 461 27 1133 57742 79250 5600 5600 0 0 0
1787958693.411 t 115 517499 31 1502 -2263 66622 53 0 -93 455 429 27 1136 58203 79725 5600 5600 0 0 0
1787958693.486 t 116 517571 31 1522 -2289 66724 53 0 -93 432 470 27 1139 58656 80211 5600 5600 0 0 0
1787958693.555 thdr seq now flags x y h ox oy oh vl vr i2cf cyc posl posr dutl dutr lexc wrng cycovr
1787958693.560 t 117 517643 31 1541 -2315 66752 53 0 -93 447 455 27 1142 59117 80681 5600 5600 0 0 0
1787958693.605 t 118 517695 31 1541 -2315 66752 53 0 -94 447 455 27 1142 59117 80681 5600 5600 0 0 0
1787958693.660 t 119 517751 31 1541 -2315 66752 53 0 -94 447 455 27 1142 59117 80681 5600 5600 0 0 0
1787958693.717 t 120 517807 31 1541 -2315 66752 53 0 -94 447 455 27 1142 59117 80681 5600 5600 0 0 0
1787958693.775 t 121 517863 31 1541 -2315 66752 53 0 -94 447 455 27 1142 59117 80681 5600 5600 0 0 0
1787958693.834 t 122 517919 31 1541 -2315 66752 53 0 -94 447 455 27 1142 59117 80681 5600 5600 0 0 0
1787958693.885 t 123 517975 31 1541 -2315 66752 53 0 -94 447 455 27 1142 59117 80681 5600 5600 0 0 0
1787958693.944 t 124 518031 31 1541 -2315 66752 53 0 -94 447 455 27 1142 59117 80681 5600 5600 0 0 0
1787958693.999 t 125 518087 31 1541 -2315 66752 53 0 -94 447 455 27 1142 59117 80681 5600 5600 0 0 0
1787958694.053 t 126 518143 31 1541 -2315 66752 53 0 -94 447 455 27 1142 59117 80681 5600 5600 0 0 0
1787958694.108 t 127 518199 31 1541 -2315 66752 53 0 -94 447 455 27 1142 59117 80681 5600 5600 0 0 0
1787958694.170 t 0 518255 31 1541 -2315 66752 53 0 -93 447 455 27 1142 59117 80681 5600 5600 0 0 0
1787958694.219 t 1 518311 31 1541 -2315 66752 53 0 -93 447 455 27 1142 59117 80681 5600 5600 0 0 0
1787958694.275 t 2 518367 31 1541 -2315 66752 53 0 -94 447 455 27 1142 59117 80681 5600 5600 0 0 0
1787958694.328 === BIAS RESET FWD 60%
1787958694.328 >>> SET stall_window 50 #56
1787958694.332 t 3 518424 31 1541 -2315 66752 53 0 -94 447 455 27 1142 59117 80681 5600 5600 0 0 0
1787958694.342 ack 56 55 timeout
1787958694.387 t 4 518479 31 1541 -2315 66752 53 0 -94 447 455 27 1142 59117 80681 5600 5600 0 0 0
1787958694.445 t 5 518535 31 1541 -2315 66752 53 0 -94 447 455 27 1142 59117 80681 5600 5600 0 0 0
1787958694.499 t 6 518591 31 1541 -2315 66752 53 0 -93 447 455 27 1142 59117 80681 5600 5600 0 0 0
1787958694.557 t 7 518647 31 1541 -2315 66752 53 0 -93 447 455 27 1142 59117 80681 5600 5600 0 0 0
1787958694.613 thdr seq now flags x y h ox oy oh vl vr i2cf cyc posl posr dutl dutr lexc wrng cycovr
1787958694.619 t 8 518703 31 1541 -2315 66752 53 0 -93 447 455 27 1142 59117 80681 5600 5600 0 0 0
1787958694.666 t 9 518755 31 1541 -2315 66752 53 0 -93 447 455 27 1142 59117 80681 5600 5600 0 0 0
1787958694.720 t 10 518811 31 1541 -2315 66752 53 0 -93 447 455 27 1142 59117 80681 5600 5600 0 0 0
1787958694.788 t 11 518867 31 1541 -2315 66752 53 0 -93 447 455 27 1142 59117 80681 5600 5600 0 0 0
1787958694.832 >>> WHEELS_V 40 40 300 #57
1787958694.834 t 12 518923 31 1541 -2315 66752 53 0 -93 447 455 27 1142 59117 80681 5600 5600 0 0 0
1787958694.849 ack 57 55 timeout
1787958694.900 t 13 518991 31 1555 -2358 62737 53 0 -93 20 0 28 1144 60414 80681 600 600 0 0 0
1787958694.987 t 14 519063 35 1555 -2366 63211 53 0 -93 23 91 28 1147 60444 80864 0 0 0 0 0
1787958695.044 t 15 519135 35 1555 -2366 63245 53 0 -93 0 0 28 1150 60447 80878 0 0 0 0 0
1787958695.115 t 16 519207 35 1555 -2366 63245 53 0 -93 0 0 28 1153 60447 80878 0 0 0 0 0
1787958695.175 t 17 519263 35 1555 -2366 63245 53 0 -93 0 0 28 1155 60447 80878 0 0 0 0 0
1787958695.231 t 18 519319 35 1555 -2366 63245 53 0 -93 0 0 28 1155 60447 80878 0 0 0 0 0
1787958695.299 t 19 519375 35 1555 -2366 63245 53 0 -93 0 0 28 1155 60447 80878 0 0 0 0 0
1787958695.341 t 20 519431 35 1555 -2366 63245 53 0 -93 0 0 28 1155 60447 80878 0 0 0 0 0
1787958695.409 t 21 519487 35 1555 -2366 63245 53 0 -93 0 0 28 1155 60447 80878 0 0 0 0 0
1787958695.451 t 22 519543 35 1555 -2366 63245 53 0 -93 0 0 28 1155 60447 80878 0 0 0 0 0
1787958695.507 t 23 519599 35 1555 -2366 63245 53 0 -93 0 0 28 1155 60447 80878 0 0 0 0 0
1787958695.565 t 24 519655 35 1555 -2366 63245 53 0 -93 0 0 28 1155 60447 80878 0 0 0 0 0
1787958695.620 t 25 519711 35 1555 -2366 63245 53 0 -93 0 0 28 1155 60447 80878 0 0 0 0 0
1787958695.676 t 26 519767 35 1555 -2366 63245 53 0 -93 0 0 28 1155 60447 80878 0 0 0 0 0
1787958695.738 thdr seq now flags x y h ox oy oh vl vr i2cf cyc posl posr dutl dutr lexc wrng cycovr
1787958695.740 t 27 519823 35 1555 -2366 63245 53 0 -93 0 0 28 1155 60447 80878 0 0 0 0 0
1787958695.784 t 28 519875 35 1555 -2366 63245 53 0 -93 0 0 28 1155 60447 80878 0 0 0 0 0
1787958695.842 t 29 519931 35 1555 -2366 63245 53 0 -93 0 0 28 1155 60447 80878 0 0 0 0 0
1787958695.896 t 30 519987 35 1555 -2366 63245 53 0 -93 0 0 28 1155 60447 80878 0 0 0 0 0
1787958695.952 t 31 520043 35 1555 -2366 63245 53 0 -93 0 0 28 1155 60447 80878 0 0 0 0 0
1787958696.012 t 32 520099 35 1555 -2366 63245 53 0 -93 0 0 28 1155 60447 80878 0 0 0 0 0
1787958696.063 t 33 520155 35 1555 -2366 63245 53 0 -93 0 0 28 1155 60447 80878 0 0 0 0 0
1787958696.116 >>> SET stall_clear 1 #58
1787958696.119 t 34 520211 35 1555 -2366 63245 53 0 -93 0 0 28 1155 60447 80878 0 0 0 0 0
1787958696.130 ack 58 57 stall
1787958696.176 t 35 520267 35 1555 -2366 63245 53 0 -93 0 0 28 1155 60447 80878 0 0 0 0 0
1787958696.231 t 36 520323 35 1555 -2366 63245 53 0 -93 0 0 28 1155 60447 80878 0 0 0 0 0
1787958696.286 t 37 520379 35 1555 -2366 63245 53 0 -93 0 0 28 1155 60447 80878 0 0 0 0 0
1787958696.344 t 38 520435 35 1555 -2366 63245 53 0 -93 0 0 28 1155 60447 80878 0 0 0 0 0
1787958696.399 t 39 520491 35 1555 -2366 63245 53 0 -93 0 0 28 1155 60447 80878 0 0 0 0 0
1787958696.455 t 40 520547 35 1555 -2366 63245 53 0 -93 0 0 28 1155 60447 80878 0 0 0 0 0
1787958696.513 t 41 520603 35 1555 -2366 63245 53 0 -93 0 0 28 1155 60447 80878 0 0 0 0 0
1787958696.567 t 42 520659 35 1555 -2366 63245 53 0 -93 0 0 28 1155 60447 80878 0 0 0 0 0
1787958696.632 >>> SET stall_window 0 #59
1787958696.644 t 43 520715 35 1555 -2366 63245 53 0 -93 0 0 28 1155 60447 80878 0 0 0 0 0
1787958696.650 ack 59 57 stall
1787958696.680 t 44 520771 35 1555 -2366 63245 53 0 -93 0 0 28 1155 60447 80878 0 0 0 0 0
1787958696.737 t 45 520827 35 1555 -2366 63245 53 0 -93 0 0 28 1155 60447 80878 0 0 0 0 0
1787958696.794 thdr seq now flags x y h ox oy oh vl vr i2cf cyc posl posr dutl dutr lexc wrng cycovr
1787958696.800 t 46 520883 35 1555 -2366 63245 53 0 -93 0 0 28 1155 60447 80878 0 0 0 0 0
1787958696.845 t 47 520935 35 1555 -2366 63245 53 0 -92 0 0 28 1155 60447 80878 0 0 0 0 0
1787958696.902 t 48 520991 35 1555 -2366 63245 53 0 -92 0 0 28 1155 60447 80878 0 0 0 0 0
1787958696.955 t 49 521047 35 1555 -2366 63245 53 0 -93 0 0 28 1155 60447 80878 0 0 0 0 0
1787958697.014 t 50 521103 35 1555 -2366 63245 53 0 -93 0 0 28 1155 60447 80878 0 0 0 0 0
1787958697.071 t 51 521159 35 1555 -2366 63245 53 0 -93 0 0 28 1155 60447 80878 0 0 0 0 0
1787958697.124 t 52 521215 35 1555 -2366 63245 53 0 -93 0 0 28 1155 60447 80878 0 0 0 0 0
1787958697.175 === STEP FWD duty=60% v=510
1787958697.175 >>> WHEELS_V 510 510 2000 #60
1787958697.180 t 53 521271 35 1555 -2366 63245 53 0 -93 0 0 28 1155 60447 80878 0 0 0 0 0
1787958697.189 ack 60 57 stall
1787958697.247 t 54 521339 31 1555 -2368 63261 53 0 -93 43 55 28 1157 60464 80900 5000 5000 0 0 0
1787958697.335 t 55 521411 31 1556 -2390 63322 53 0 -93 397 432 28 1160 60764 81220 6700 6700 0 0 0
1787958697.394 t 56 521483 31 1558 -2426 63397 53 0 -93 511 558 28 1163 61267 81747 6700 6700 0 0 0
1787958697.465 t 57 521555 31 1560 -2457 62874 53 0 -93 511 511 29 1166 61800 82111 6700 6800 0 0 0
1787958697.538 t 58 521627 31 1563 -2503 63555 53 0 -92 526 543 29 1169 62347 82878 6800 6800 0 0 0
1787958697.607 t 59 521699 31 1567 -2541 63632 53 0 -92 517 551 29 1172 62883 83439 6800 6800 0 0 0
1787958697.684 t 60 521771 31 1571 -2579 63691 53 0 -92 528 520 29 1175 63425 84000 6800 6700 0 0 0
1787958697.755 t 61 521843 31 1576 -2618 63787 53 0 -93 526 552 29 1178 63961 84567 6700 6800 0 0 0
1787958697.828 t 62 521915 31 1580 -2656 63880 53 0 -93 479 583 30 1181 64497 85133 6700 6800 0 0 0
1787958697.899 t 63 521987 31 1586 -2695 63948 53 0 -92 537 543 30 1184 65042 85700 6800 6700 0 0 0
1787958697.969 t 64 522059 31 1593 -2733 64010 53 0 -92 526 543 30 1187 65583 86261 6800 6800 0 0 0
1787958698.046 thdr seq now flags x y h ox oy oh vl vr i2cf cyc posl posr dutl dutr lexc wrng cycovr
1787958698.050 t 65 522131 31 1600 -2771 64112 53 0 -92 519 549 30 1190 66122 86833 6700 6700 0 0 0
1787958698.123 t 66 522203 31 1607 -2809 64174 53 0 -92 465 571 30 1193 66664 87395 6700 6800 0 0 0
1787958698.188 t 67 522275 31 1615 -2847 64257 53 0 -92 528 566 30 1196 67206 87964 6800 6700 0 0 0
1787958698.257 t 68 522347 31 1624 -2884 64304 53 0 -92 516 520 30 1199 67744 88517 6800 6800 0 0 0
1787958698.331 t 69 522419 31 1633 -2922 64397 53 0 -92 526 543 30 1202 68286 89089 6700 6700 0 0 0
1787958698.401 t 70 522491 31 1643 -2960 64489 53 0 -92 528 560 30 1205 68831 89664 6800 6700 0 0 0
1787958698.472 t 71 522563 31 1653 -2998 64493 53 0 -92 549 519 30 1208 69383 90217 6800 6800 0 0 0
1787958698.544 t 72 522635 31 1663 -3036 64592 53 0 -92 552 543 30 1211 69931 90797 6700 6700 0 0 0
1787958698.619 t 73 522707 31 1674 -3073 64647 53 0 -92 534 537 30 1214 70472 91356 6800 6700 0 0 0
1787958698.689 t 74 522779 31 1685 -3110 64715 53 0 -92 520 543 30 1217 71011 91917 6700 6700 0 0 0
1787958698.807 t 75 522851 31 1697 -3147 64818 53 0 -92 537 569 30 1220 71556 92495 6800 6700 0 0 0
1787958698.832 t 76 522923 31 1709 -3184 64870 53 0 -92 534 552 30 1223 72100 93056 6700 6800 0 0 0
1787958698.905 t 77 522995 31 1722 -3221 64954 53 0 -92 528 566 30 1226 72645 93628 6700 6800 0 0 0
1787958698.983 t 78 523067 31 1733 -3258 65006 53 0 -92 528 547 31 1229 73195 94195 6800 6800 0 0 0
1787958699.052 t 79 523139 31 1747 -3295 65075 53 0 -92 534 566 31 1232 73739 94761 6700 6800 0 0 0
1787958699.122 t 80 523211 31 1761 -3331 65118 53 0 -92 543 535 31 1235 74286 95322 6800 6800 0 0 0
1787958699.191 t 81 523283 31 1775 -3367 65186 53 0 -91 534 575 31 1238 74828 95886 6800 6700 0 0 0
1787958699.248 t 82 523339 31 1780 -3380 65152 53 0 -91 576 543 31 1239 75025 96072 6700 6800 0 0 0
1787958699.307 t 83 523395 31 1780 -3380 65152 53 0 -91 576 543 31 1239 75025 96072 6700 6800 0 0 0
1787958699.360 thdr seq now flags x y h ox oy oh vl vr i2cf cyc posl posr dutl dutr lexc wrng cycovr
1787958699.368 t 84 523451 31 1780 -3380 65152 53 0 -91 576 543 31 1239 75025 96072 6700 6800 0 0 0
1787958699.413 t 85 523503 31 1780 -3380 65152 53 0 -91 576 543 31 1239 75025 96072 6700 6800 0 0 0
1787958699.470 t 86 523559 31 1780 -3380 65152 53 0 -91 576 543 31 1239 75025 96072 6700 6800 0 0 0
1787958699.529 t 87 523615 31 1780 -3380 65152 53 0 -91 576 543 31 1239 75025 96072 6700 6800 0 0 0
1787958699.580 t 88 523671 31 1780 -3380 65152 53 0 -91 576 543 31 1239 75025 96072 6700 6800 0 0 0
1787958699.639 t 89 523728 31 1780 -3380 65152 53 0 -91 576 543 31 1239 75025 96072 6700 6800 0 0 0
1787958699.765 t 90 523783 31 1780 -3380 65152 53 0 -91 576 543 31 1239 75025 96072 6700 6800 0 0 0
1787958699.772 t 91 523839 31 1780 -3380 65152 53 0 -91 576 543 31 1239 75025 96072 6700 6800 0 0 0
1787958699.834 t 92 523895 31 1780 -3380 65152 53 0 -91 576 543 31 1239 75025 96072 6700 6800 0 0 0
1787958699.870 t 93 523951 31 1780 -3380 65152 53 0 -91 576 543 31 1239 75025 96072 6700 6800 0 0 0
1787958699.917 t 94 524007 31 1780 -3380 65152 53 0 -91 576 543 31 1239 75025 96072 6700 6800 0 0 0
1787958699.971 t 95 524063 31 1780 -3380 65152 53 0 -91 576 543 31 1239 75025 96072 6700 6800 0 0 0
1787958699.974 === BIAS RESET FWD 70%
1787958699.992 >>> SET stall_window 50 #61
1787958700.007 ack 61 60 timeout
1787958700.028 t 96 524119 31 1780 -3380 65152 53 0 -91 576 543 31 1239 75025 96072 6700 6800 0 0 0
1787958700.086 t 97 524175 31 1780 -3380 65152 53 0 -91 576 543 31 1239 75025 96072 6700 6800 0 0 0
1787958700.616 t 98 524231 31 1780 -3380 65152 53 0 -91 576 543 31 1239 75025 96072 6700 6800 0 0 0
1787958700.616 t 99 524287 31 1780 -3380 65152 53 0 -91 576 543 31 1239 75025 96072 6700 6800 0 0 0
1787958700.616 t 100 524343 31 1780 -3380 65152 53 0 -91 576 543 31 1239 75025 96072 6700 6800 0 0 0
1787958700.616 t 101 524399 31 1780 -3380 65152 53 0 -91 576 543 31 1239 75025 96072 6700 6800 0 0 0
1787958700.616 >>> WHEELS_V 40 40 300 #62
1787958700.890 t 102 524456 31 1780 -3380 65152 53 0 -91 576 543 31 1239 75025 96072 6700 6800 0 0 0
1787958700.890 thdr seq now flags x y h ox oy oh vl vr i2cf cyc posl posr dutl dutr lexc wrng cycovr
1787958700.890 t 103 524511 31 1780 -3380 65152 53 0 -91 576 543 31 1239 75025 96072 6700 6800 0 0 0
1787958700.890 t 104 524563 31 1780 -3380 65152 53 0 -91 576 543 31 1239 75025 96072 6700 6800 0 0 0
1787958700.890 t 105 524619 31 1780 -3380 65152 53 0 -91 576 543 31 1239 75025 96072 6700 6800 0 0 0
1787958700.890 t 106 524675 31 1780 -3380 65152 53 0 -91 576 543 31 1239 75025 96072 6700 6800 0 0 0
1787958700.890 t 107 524731 31 1780 -3380 65152 53 0 -91 576 543 31 1239 75025 96072 6700 6800 0 0 0
1787958700.890 t 108 524787 31 1780 -3380 65152 53 0 -91 576 543 31 1239 75025 96072 6700 6800 0 0 0
1787958700.890 t 109 524843 31 1780 -3380 65152 53 0 -91 576 543 31 1239 75025 96072 6700 6800 0 0 0
1787958700.890 t 110 524899 31 1780 -3380 65152 53 0 -91 576 543 31 1239 75025 96072 6700 6800 0 0 0
1787958700.890 t 111 524955 31 1780 -3380 65152 53 0 -91 576 543 31 1239 75025 96072 6700 6800 0 0 0
1787958700.947 ack 62 60 timeout
1787958700.947 t 112 525023 31 1775 -3438 59933 53 0 -91 69 543 32 1240 76711 96072 500 4300 0 0 0
1787958701.006 t 113 525095 35 1771 -3446 60462 53 0 -91 50 242 32 1243 76745 96277 0 0 0 0 0
1787958701.075 t 114 525167 35 1770 -3449 60682 53 0 -91 0 35 32 1246 76758 96361 0 0 0 0 0
1787958701.167 t 115 525239 35 1770 -3449 60697 53 0 -91 0 0 32 1249 76758 96366 0 0 0 0 0
1787958701.220 t 116 525311 35 1770 -3449 60697 53 0 -90 0 0 32 1252 76758 96366 0 0 0 0 0
1787958701.276 t 117 525367 35 1770 -3449 60697 53 0 -90 0 0 32 1252 76758 96366 0 0 0 0 0
1787958701.347 t 118 525423 35 1770 -3449 60697 53 0 -90 0 0 32 1252 76758 96366 0 0 0 0 0
1787958701.390 t 119 525479 35 1770 -3449 60697 53 0 -90 0 0 32 1252 76758 96366 0 0 0 0 0
1787958701.449 t 120 525535 35 1770 -3449 60697 53 0 -91 0 0 32 1252 76758 96366 0 0 0 0 0
1787958701.502 t 121 525591 35 1770 -3449 60697 53 0 -91 0 0 32 1252 76758 96366 0 0 0 0 0
1787958701.557 thdr seq now flags x y h ox oy oh vl vr i2cf cyc posl posr dutl dutr lexc wrng cycovr
1787958701.562 t 122 525647 35 1770 -3449 60697 53 0 -91 0 0 32 1252 76758 96366 0 0 0 0 0
1787958701.608 t 123 525699 35 1770 -3449 60697 53 0 -91 0 0 32 1252 76758 96366 0 0 0 0 0
1787958701.663 t 124 525755 35 1770 -3449 60697 53 0 -90 0 0 32 1252 76758 96366 0 0 0 0 0
1787958701.720 t 125 525811 35 1770 -3449 60697 53 0 -90 0 0 32 1252 76758 96366 0 0 0 0 0
1787958701.777 t 126 525867 35 1770 -3449 60697 53 0 -90 0 0 32 1252 76758 96366 0 0 0 0 0
1787958701.832 t 127 525923 35 1770 -3449 60697 53 0 -90 0 0 32 1252 76758 96366 0 0 0 0 0
1787958701.886 >>> SET stall_clear 1 #63
1787958701.889 t 0 525979 35 1770 -3449 60697 53 0 -90 0 0 32 1252 76758 96366 0 0 0 0 0
1787958701.898 ack 63 62 stall
1787958701.952 t 1 526035 35 1770 -3449 60697 53 0 -90 0 0 32 1252 76758 96366 0 0 0 0 0
1787958702.000 t 2 526091 35 1770 -3449 60697 53 0 -90 0 0 32 1252 76758 96366 0 0 0 0 0
1787958702.058 t 3 526147 35 1770 -3449 60697 53 0 -90 0 0 32 1252 76758 96366 0 0 0 0 0
1787958702.111 t 4 526203 35 1770 -3449 60697 53 0 -90 0 0 32 1252 76758 96366 0 0 0 0 0
1787958702.166 t 5 526259 35 1770 -3449 60697 53 0 -90 0 0 32 1252 76758 96366 0 0 0 0 0
1787958702.253 t 6 526315 35 1770 -3449 60697 53 0 -90 0 0 32 1252 76758 96366 0 0 0 0 0
1787958702.280 t 7 526371 35 1770 -3449 60697 53 0 -90 0 0 32 1252 76758 96366 0 0 0 0 0
1787958702.334 t 8 526427 35 1770 -3449 60697 53 0 -90 0 0 32 1252 76758 96366 0 0 0 0 0
1787958702.387 >>> SET stall_window 0 #64
1787958702.395 t 9 526483 35 1770 -3449 60697 53 0 -90 0 0 32 1252 76758 96366 0 0 0 0 0
1787958702.402 ack 64 62 stall
1787958702.451 t 10 526539 35 1770 -3449 60697 53 0 -90 0 0 32 1252 76758 96366 0 0 0 0 0
1787958702.504 t 11 526595 35 1770 -3449 60697 53 0 -90 0 0 32 1252 76758 96366 0 0 0 0 0
1787958702.566 t 12 526651 35 1770 -3449 60697 53 0 -90 0 0 32 1252 76758 96366 0 0 0 0 0
1787958702.618 thdr seq now flags x y h ox oy oh vl vr i2cf cyc posl posr dutl dutr lexc wrng cycovr
1787958702.624 t 13 526707 35 1770 -3449 60697 53 0 -91 0 0 32 1252 76758 96366 0 0 0 0 0
1787958702.669 t 14 526759 35 1770 -3449 60697 53 0 -91 0 0 32 1252 76758 96366 0 0 0 0 0
1787958702.723 t 15 526815 35 1770 -3449 60697 53 0 -90 0 0 32 1252 76758 96366 0 0 0 0 0
1787958702.780 t 16 526871 35 1770 -3449 60697 53 0 -90 0 0 32 1252 76758 96366 0 0 0 0 0
1787958702.835 t 17 526927 35 1770 -3449 60697 53 0 -90 0 0 32 1252 76758 96366 0 0 0 0 0
1787958702.893 === STEP FWD duty=70% v=595
1787958702.895 >>> WHEELS_V 595 595 2000 #65
1787958702.896 t 18 526983 35 1770 -3449 60697 53 0 -90 0 0 32 1252 76758 96366 0 0 0 0 0
1787958702.911 ack 65 62 stall
1787958702.944 t 19 527035 31 1770 -3449 60697 53 0 -90 0 0 32 1253 76758 96366 2500 2500 0 0 0
1787958703.020 t 20 527107 31 1764 -3462 60747 53 0 -90 318 351 32 1256 76945 96569 7900 7900 0 0 0
1787958703.090 t 21 527179 31 1751 -3496 60871 53 0 -91 534 602 32 1259 77447 97111 7800 7800 0 0 0
1787958703.168 t 22 527251 31 1735 -3536 60998 53 0 -90 599 666 32 1262 78050 97755 7900 7900 0 0 0
1787958703.233 t 23 527323 31 1720 -3579 61084 53 0 -90 617 633 32 1265 78678 98411 7900 7900 0 0 0
1787958703.305 t 24 527395 31 1705 -3621 61152 53 0 -89 616 625 32 1268 79311 99066 7900 7900 0 0 0
1787958703.390 t 25 527467 31 1691 -3665 61279 53 0 -89 610 640 32 1271 79945 99741 7900 7900 0 0 0
1787958703.453 t 26 527539 31 1678 -3708 61341 53 0 -89 615 642 32 1274 80578 100394 7900 7800 0 0 0
1787958703.523 t 27 527611 31 1665 -3752 61453 53 0 -89 616 671 32 1277 81211 101063 7900 7900 0 0 0
1787958703.591 t 28 527683 31 1653 -3796 61546 53 0 -89 578 631 32 1280 81845 101727 7900 7900 0 0 0
1787958703.665 t 29 527755 31 1641 -3839 61598 53 0 -89 625 648 32 1283 82481 102380 7900 7900 0 0 0
1787958703.736 t 30 527827 31 1631 -3884 61700 53 0 -89 625 665 32 1286 83120 103052 7800 7900 0 0 0
1787958703.809 t 31 527899 31 1620 -3928 61700 53 0 -90 624 639 32 1289 83770 103702 7900 7900 0 0 0
1787958703.879 thdr seq now flags x y h ox oy oh vl vr i2cf cyc posl posr dutl dutr lexc wrng cycovr
1787958703.898 t 32 527971 31 1610 -3973 61815 53 0 -90 616 684 32 1292 84406 104375 7900 7800 0 0 0
1787958703.954 t 33 528043 31 1601 -4018 61889 53 0 -90 591 658 32 1295 85045 105038 7900 7900 0 0 0
1787958704.032 t 34 528115 31 1592 -4062 61933 53 0 -90 625 630 32 1298 85681 105688 7900 7900 0 0 0
1787958704.103 t 35 528187 31 1584 -4107 62028 53 0 -89 617 607 32 1301 86317 106355 7900 7900 0 0 0
1787958704.176 t 36 528259 31 1577 -4152 62115 53 0 -89 616 665 32 1304 86956 107022 7800 7900 0 0 0
1787958704.242 t 37 528331 31 1570 -4197 62186 53 0 -89 622 674 32 1307 87597 107686 7900 7900 0 0 0
1787958704.315 t 38 528403 31 1563 -4243 62270 53 0 -89 633 648 32 1310 88239 108355 7900 7900 0 0 0
1787958704.388 t 39 528475 31 1558 -4287 62323 53 0 -90 607 639 32 1313 88872 109005 7900 7900 0 0 0
1787958704.457 t 40 528547 31 1553 -4333 62409 53 0 -90 607 610 32 1316 89511 109672 7900 7800 0 0 0
1787958704.528 t 41 528619 31 1548 -4378 62474 53 0 -89 634 631 32 1319 90156 110338 7900 7800 0 0 0
1787958704.613 t 42 528691 31 1544 -4424 62539 53 0 -90 621 666 32 1322 90797 111000 7900 7900 0 0 0
1787958704.729 t 43 528763 31 1540 -4469 62598 53 0 -90 616 616 32 1325 91439 111661 7900 7900 0 0 0
1787958704.753 t 44 528835 31 1537 -4516 62675 53 0 -89 649 657 32 1328 92089 112336 7900 7800 0 0 0
1787958704.819 t 45 528907 31 1535 -4561 62753 53 0 -89 616 634 32 1331 92728 113000 7900 7900 0 0 0
1787958704.890 t 46 528979 31 1533 -4607 62812 53 0 -89 601 666 32 1334 93370 113661 7800 7900 0 0 0
1787958704.948 t 47 529035 31 1532 -4637 62802 53 0 -89 584 616 32 1336 93800 114088 7900 7900 0 0 0
1787958705.003 t 48 529091 31 1532 -4637 62802 53 0 -89 584 616 32 1336 93800 114088 7900 7900 0 0 0
1787958705.056 t 49 529147 31 1532 -4637 62802 53 0 -89 584 616 32 1336 93800 114088 7900 7900 0 0 0
1787958705.113 t 50 529203 31 1532 -4637 62802 53 0 -89 584 616 32 1336 93800 114088 7900 7900 0 0 0
1787958705.168 thdr seq now flags x y h ox oy oh vl vr i2cf cyc posl posr dutl dutr lexc wrng cycovr
1787958705.181 t 51 529259 31 1532 -4637 62802 53 0 -90 584 616 32 1336 93800 114088 7900 7900 0 0 0
1787958705.245 t 52 529311 31 1532 -4637 62802 53 0 -90 584 616 32 1336 93800 114088 7900 7900 0 0 0
1787958705.305 t 53 529367 31 1532 -4637 62802 53 0 -89 584 616 32 1336 93800 114088 7900 7900 0 0 0
1787958705.340 t 54 529423 31 1532 -4637 62802 53 0 -89 584 616 32 1336 93800 114088 7900 7900 0 0 0
1787958705.389 t 55 529479 31 1532 -4637 62802 53 0 -89 584 616 32 1336 93800 114088 7900 7900 0 0 0
1787958705.451 t 56 529535 31 1532 -4637 62802 53 0 -89 584 616 32 1336 93800 114088 7900 7900 0 0 0
1787958705.500 t 57 529591 31 1532 -4637 62802 53 0 -90 584 616 32 1336 93800 114088 7900 7900 0 0 0
1787958705.557 t 58 529647 31 1532 -4637 62802 53 0 -90 584 616 32 1336 93800 114088 7900 7900 0 0 0
1787958705.614 t 59 529703 31 1532 -4637 62802 53 0 -89 584 616 32 1336 93800 114088 7900 7900 0 0 0
1787958705.665 === BIAS RESET FWD 80%
1787958705.665 >>> SET stall_window 50 #66
1787958705.671 t 60 529760 31 1532 -4637 62802 53 0 -89 584 616 32 1336 93800 114088 7900 7900 0 0 0
1787958705.680 ack 66 65 timeout
1787958705.726 t 61 529815 31 1532 -4637 62802 53 0 -89 584 616 32 1336 93800 114088 7900 7900 0 0 0
1787958705.782 t 62 529871 31 1532 -4637 62802 53 0 -89 584 616 32 1336 93800 114088 7900 7900 0 0 0
1787958705.842 t 63 529927 31 1532 -4637 62802 53 0 -89 584 616 32 1336 93800 114088 7900 7900 0 0 0
1787958705.891 t 64 529983 31 1532 -4637 62802 53 0 -89 584 616 32 1336 93800 114088 7900 7900 0 0 0
1787958705.948 t 65 530039 31 1532 -4637 62802 53 0 -89 584 616 32 1336 93800 114088 7900 7900 0 0 0
1787958706.003 t 66 530095 31 1532 -4637 62802 53 0 -89 584 616 32 1336 93800 114088 7900 7900 0 0 0
1787958706.059 t 67 530151 31 1532 -4637 62802 53 0 -89 584 616 32 1336 93800 114088 7900 7900 0 0 0
1787958706.115 t 68 530207 31 1532 -4637 62802 53 0 -89 584 616 32 1336 93800 114088 7900 7900 0 0 0
1787958706.182 t 69 530263 31 1532 -4637 62802 53 0 -89 584 616 32 1336 93800 114088 7900 7900 0 0 0
1787958706.182 >>> WHEELS_V 40 40 300 #67
1787958706.198 ack 67 65 timeout
1787958706.232 thdr seq now flags x y h ox oy oh vl vr i2cf cyc posl posr dutl dutr lexc wrng cycovr
1787958706.238 t 70 530323 31 1490 -4698 56274 53 0 -89 114 616 33 1337 95909 114088 500 5400 0 0 0
1787958706.302 t 71 530395 35 1481 -4702 57008 53 0 -89 48 388 33 1340 95936 114352 0 0 0 0 0
1787958706.374 t 72 530467 35 1473 -4707 57747 53 0 -89 0 187 33 1343 95945 114600 0 0 0 0 0
1787958706.458 t 73 530539 35 1470 -4709 58063 53 0 -89 0 55 33 1346 95945 114702 0 0 0 0 0
1787958706.522 t 74 530611 35 1470 -4709 58063 53 0 -89 0 0 33 1349 95945 114702 0 0 0 0 0
1787958706.576 t 75 530667 35 1470 -4709 58063 53 0 -89 0 0 33 1349 95945 114702 0 0 0 0 0
1787958706.631 t 76 530723 35 1470 -4709 58063 53 0 -89 0 0 33 1349 95945 114702 0 0 0 0 0
1787958706.687 t 77 530779 35 1470 -4709 58063 53 0 -89 0 0 33 1349 95945 114702 0 0 0 0 0
1787958706.743 t 78 530835 35 1470 -4709 58063 53 0 -89 0 0 33 1349 95945 114702 0 0 0 0 0
1787958706.799 t 79 530891 35 1470 -4709 58063 53 0 -89 0 0 33 1349 95945 114702 0 0 0 0 0
1787958706.854 t 80 530947 35 1470 -4709 58063 53 0 -89 0 0 33 1349 95945 114702 0 0 0 0 0
1787958706.912 t 81 531003 35 1470 -4709 58063 53 0 -89 0 0 33 1349 95945 114702 0 0 0 0 0
1787958706.970 t 82 531059 35 1470 -4709 58063 53 0 -89 0 0 33 1349 95945 114702 0 0 0 0 0
1787958707.034 t 83 531115 35 1470 -4709 58063 53 0 -89 0 0 33 1349 95945 114702 0 0 0 0 0
1787958707.078 t 84 531171 35 1470 -4709 58063 53 0 -89 0 0 33 1349 95945 114702 0 0 0 0 0
1787958707.136 t 85 531227 35 1470 -4709 58063 53 0 -89 0 0 33 1349 95945 114702 0 0 0 0 0
1787958707.193 t 86 531283 35 1470 -4709 58063 53 0 -89 0 0 33 1349 95945 114702 0 0 0 0 0
1787958707.250 t 87 531339 35 1470 -4709 58063 53 0 -89 0 0 33 1349 95945 114702 0 0 0 0 0
1787958707.302 t 88 531395 35 1470 -4709 58063 53 0 -89 0 0 33 1349 95945 114702 0 0 0 0 0
1787958707.361 thdr seq now flags x y h ox oy oh vl vr i2cf cyc posl posr dutl dutr lexc wrng cycovr
1787958707.379 t 89 531451 35 1470 -4709 58063 53 0 -89 0 0 33 1349 95945 114702 0 0 0 0 0
1787958707.412 t 90 531503 35 1470 -4709 58063 53 0 -89 0 0 33 1349 95945 114702 0 0 0 0 0
1787958707.467 >>> SET stall_clear 1 #68
1787958707.473 t 91 531559 35 1470 -4709 58063 53 0 -89 0 0 33 1349 95945 114702 0 0 0 0 0
1787958707.486 ack 68 67 stall
1787958707.522 t 92 531615 35 1470 -4709 58063 53 0 -89 0 0 33 1349 95945 114702 0 0 0 0 0
1787958707.584 t 93 531671 35 1470 -4709 58063 53 0 -89 0 0 33 1349 95945 114702 0 0 0 0 0
1787958707.635 t 94 531727 35 1470 -4709 58063 53 0 -89 0 0 33 1349 95945 114702 0 0 0 0 0
1787958707.692 t 95 531783 35 1470 -4709 58063 53 0 -89 0 0 33 1349 95945 114702 0 0 0 0 0
1787958707.751 t 96 531839 35 1470 -4709 58063 53 0 -89 0 0 33 1349 95945 114702 0 0 0 0 0
1787958707.803 t 97 531895 35 1470 -4709 58063 53 0 -89 0 0 33 1349 95945 114702 0 0 0 0 0
1787958707.861 t 98 531951 35 1470 -4709 58063 53 0 -89 0 0 33 1349 95945 114702 0 0 0 0 0
1787958707.923 t 99 532007 35 1470 -4709 58063 53 0 -89 0 0 33 1349 95945 114702 0 0 0 0 0
1787958707.974 >>> SET stall_window 0 #69
1787958707.974 t 100 532063 35 1470 -4709 58063 53 0 -89 0 0 33 1349 95945 114702 0 0 0 0 0
1787958707.985 ack 69 67 stall
1787958708.049 t 101 532119 35 1470 -4709 58063 53 0 -89 0 0 33 1349 95945 114702 0 0 0 0 0
1787958708.095 t 102 532175 35 1470 -4709 58063 53 0 -89 0 0 33 1349 95945 114702 0 0 0 0 0
1787958708.138 t 103 532231 35 1470 -4709 58063 53 0 -89 0 0 33 1349 95945 114702 0 0 0 0 0
1787958708.197 t 104 532287 35 1470 -4709 58063 53 0 -89 0 0 33 1349 95945 114702 0 0 0 0 0
1787958708.250 t 105 532343 35 1470 -4709 58063 53 0 -89 0 0 33 1349 95945 114702 0 0 0 0 0
1787958708.307 t 106 532399 35 1470 -4709 58063 53 0 -89 0 0 33 1349 95945 114702 0 0 0 0 0
1787958708.367 t 107 532455 35 1470 -4709 58063 53 0 -89 0 0 33 1349 95945 114702 0 0 0 0 0
1787958708.421 thdr seq now flags x y h ox oy oh vl vr i2cf cyc posl posr dutl dutr lexc wrng cycovr
1787958708.427 t 108 532511 35 1470 -4709 58063 53 0 -89 0 0 33 1349 95945 114702 0 0 0 0 0
1787958708.473 t 109 532563 35 1470 -4709 58063 53 0 -89 0 0 33 1349 95945 114702 0 0 0 0 0
1787958708.524 === STEP FWD duty=80% v=680
1787958708.525 >>> WHEELS_V 680 680 2000 #70
1787958708.529 t 110 532619 35 1470 -4709 58063 53 0 -89 0 0 33 1349 95945 114702 0 0 0 0 0
1787958708.539 ack 70 67 stall
1787958708.597 t 111 532687 31 1469 -4710 58075 53 0 -89 40 50 33 1351 95961 114722 5000 5000 0 0 0
1787958708.669 t 112 532759 31 1452 -4725 58134 53 0 -89 438 447 33 1354 96278 115058 9000 9000 0 0 0
1787958708.743 t 113 532831 31 1422 -4753 58271 53 0 -89 584 631 33 1357 96839 115663 9000 9000 0 0 0
1787958708.824 t 114 532903 31 1387 -4786 58469 53 0 -89 662 721 33 1360 97500 116388 9000 9000 0 0 0
1787958708.886 t 115 532975 31 1350 -4823 58555 53 0 -89 721 730 33 1363 98225 117141 9000 9100 0 0 0
1787958708.958 t 116 533047 31 1314 -4859 58648 53 0 -89 698 762 33 1366 98945 117891 9000 9000 0 0 0
1787958709.029 t 117 533119 31 1277 -4895 58719 53 0 -89 666 699 34 1369 99667 118636 9000 9100 0 0 0
1787958709.099 t 118 533191 31 1242 -4933 58812 53 0 -89 706 721 34 1372 100392 119391 9000 9000 0 0 0
1787958709.173 t 119 533263 31 1207 -4972 58874 53 0 -89 712 762 34 1375 101117 120136 9000 9000 0 0 0
1787958709.245 t 120 533335 31 1174 -5010 58933 53 0 -89 707 698 34 1378 101842 120880 9000 9000 0 0 0
1787958709.324 t 121 533407 31 1140 -5050 59010 53 0 -89 706 738 34 1381 102570 121633 9000 9000 0 0 0
1787958709.391 t 122 533479 31 1107 -5090 59106 53 0 -89 706 698 34 1384 103292 122386 9000 9000 0 0 0
1787958709.461 t 123 533551 31 1075 -5130 59199 53 0 -89 712 762 34 1387 104017 123141 9100 9000 0 0 0
1787958709.536 t 124 533623 31 1043 -5171 59252 53 0 -89 715 761 34 1390 104745 123886 9000 9100 0 0 0
1787958709.606 t 125 533695 31 1012 -5212 59320 53 0 -88 706 730 34 1393 105473 124636 9000 9000 0 0 0
1787958709.676 t 126 533767 31 981 -5253 59373 53 0 -88 704 698 34 1396 106200 125380 9000 9000 0 0 0
1787958709.750 thdr seq now flags x y h ox oy oh vl vr i2cf cyc posl posr dutl dutr lexc wrng cycovr
1787958709.757 t 127 533839 31 950 -5296 59450 53 0 -88 715 715 34 1399 106931 126136 9000 9000 0 0 0
1787958709.818 t 0 533911 31 920 -5338 59543 53 0 -88 681 716 34 1402 107656 126891 9000 9000 0 0 0
1787958709.891 t 1 533983 31 891 -5381 59611 53 0 -88 715 753 34 1405 108384 127641 9000 8900 0 0 0
1787958709.968 t 2 534055 31 862 -5424 59648 53 0 -88 712 730 34 1408 109117 128386 9000 9000 0 0 0
1787958710.043 t 3 534127 31 833 -5468 59716 53 0 -88 715 730 34 1411 109856 129147 9000 9000 0 0 0
1787958710.110 t 4 534199 31 805 -5511 59775 53 0 -88 706 739 34 1414 110584 129894 9000 9000 0 0 0
1787958710.187 t 5 534271 31 778 -5554 59818 53 0 -88 698 721 34 1417 111312 130636 9000 9000 0 0 0
1787958710.253 t 6 534343 31 750 -5599 59920 53 0 -88 715 777 34 1420 112045 131402 9000 9000 0 0 0
1787958710.327 t 7 534415 31 723 -5644 59973 53 0 -88 704 762 34 1423 112778 132152 9100 9000 0 0 0
1787958710.397 t 8 534487 31 697 -5688 59998 53 0 -88 715 739 34 1426 113512 132894 9000 9000 0 0 0
1787958710.473 t 9 534559 31 672 -5733 60088 53 0 -88 704 739 34 1429 114239 133650 9000 9000 0 0 0
1787958710.540 t 10 534631 31 646 -5778 60119 53 0 -88 707 712 34 1432 114970 134391 9000 9000 0 0 0
1787958710.595 t 11 534687 31 638 -5794 60075 53 0 -88 770 729 34 1433 115234 134641 9000 9000 0 0 0
1787958710.656 t 12 534743 31 638 -5794 60075 53 0 -88 770 729 34 1433 115234 134641 9000 9000 0 0 0
1787958710.706 t 13 534799 31 638 -5794 60075 53 0 -88 770 729 34 1433 115234 134641 9000 9000 0 0 0
1787958710.764 t 14 534856 31 638 -5794 60075 53 0 -88 770 729 34 1433 115234 134641 9000 9000 0 0 0
1787958710.823 t 15 534911 31 638 -5794 60075 53 0 -88 770 729 34 1433 115234 134641 9000 9000 0 0 0
1787958710.876 t 16 534967 31 638 -5794 60075 53 0 -88 770 729 34 1433 115234 134641 9000 9000 0 0 0
1787958710.930 t 17 535023 31 638 -5794 60075 53 0 -88 770 729 34 1433 115234 134641 9000 9000 0 0 0
1787958710.988 thdr seq now flags x y h ox oy oh vl vr i2cf cyc posl posr dutl dutr lexc wrng cycovr
1787958711.003 t 18 535079 31 638 -5794 60075 53 0 -88 770 729 34 1433 115234 134641 9000 9000 0 0 0
1787958711.040 t 19 535131 31 638 -5794 60075 53 0 -88 770 729 34 1433 115234 134641 9000 9000 0 0 0
1787958711.098 t 20 535187 31 638 -5794 60075 53 0 -88 770 729 34 1433 115234 134641 9000 9000 0 0 0
1787958711.152 t 21 535243 31 638 -5794 60075 53 0 -88 770 729 34 1433 115234 134641 9000 9000 0 0 0
1787958711.214 t 22 535299 31 638 -5794 60075 53 0 -88 770 729 34 1433 115234 134641 9000 9000 0 0 0
1787958711.273 t 23 535355 31 638 -5794 60075 53 0 -88 770 729 34 1433 115234 134641 9000 9000 0 0 0
1787958711.318 === BIAS RESET FWD 90%
1787958711.318 >>> SET stall_window 50 #71
1787958711.322 t 24 535411 31 638 -5794 60075 53 0 -88 770 729 34 1433 115234 134641 9000 9000 0 0 0
1787958711.330 ack 71 70 timeout
1787958711.375 t 25 535467 31 638 -5794 60075 53 0 -87 770 729 34 1433 115234 134641 9000 9000 0 0 0
1787958711.431 t 26 535523 31 638 -5794 60075 53 0 -87 770 729 34 1433 115234 134641 9000 9000 0 0 0
1787958711.487 t 27 535579 31 638 -5794 60075 53 0 -87 770 729 34 1433 115234 134641 9000 9000 0 0 0
1787958711.544 t 28 535636 31 638 -5794 60075 53 0 -87 770 729 34 1433 115234 134641 9000 9000 0 0 0
1787958711.601 t 29 535691 31 638 -5794 60075 53 0 -87 770 729 34 1433 115234 134641 9000 9000 0 0 0
1787958711.658 t 30 535747 31 638 -5794 60075 53 0 -87 770 729 34 1433 115234 134641 9000 9000 0 0 0
1787958711.712 t 31 535803 31 638 -5794 60075 53 0 -87 770 729 34 1433 115234 134641 9000 9000 0 0 0
1787958711.766 t 32 535859 31 638 -5794 60075 53 0 -87 770 729 34 1433 115234 134641 9000 9000 0 0 0
1787958711.820 >>> WHEELS_V 40 40 300 #72
1787958711.823 t 33 535915 31 638 -5794 60075 53 0 -87 770 729 34 1433 115234 134641 9000 9000 0 0 0
1787958711.834 ack 72 70 timeout
1787958711.892 t 34 535983 31 561 -5828 52646 53 0 -87 8 0 35 1435 117634 134641 600 4000 0 0 0
1787958711.999 t 35 536055 35 544 -5826 53850 53 0 -87 26 260 35 1438 117673 135069 0 0 0 0 0
1787958712.036 t 36 536127 35 539 -5826 54358 53 0 -87 0 123 35 1441 117673 135233 0 0 0 0 0
1787958712.108 thdr seq now flags x y h ox oy oh vl vr i2cf cyc posl posr dutl dutr lexc wrng cycovr
1787958712.113 t 37 536199 35 537 -5826 54469 53 0 -87 0 0 35 1444 117673 135269 0 0 0 0 0
1787958712.162 t 38 536255 35 537 -5826 54469 53 0 -87 0 0 35 1446 117673 135269 0 0 0 0 0
1787958712.220 t 39 536311 35 537 -5826 54469 53 0 -87 0 0 35 1446 117673 135269 0 0 0 0 0
1787958712.275 t 40 536367 35 537 -5826 54469 53 0 -87 0 0 35 1446 117673 135269 0 0 0 0 0
1787958712.333 t 41 536423 35 537 -5826 54469 53 0 -87 0 0 35 1446 117673 135269 0 0 0 0 0
1787958712.388 t 42 536479 35 537 -5826 54469 53 0 -87 0 0 35 1446 117673 135269 0 0 0 0 0
1787958712.441 t 43 536535 35 537 -5826 54469 53 0 -87 0 0 35 1446 117673 135269 0 0 0 0 0
1787958712.500 t 44 536591 35 537 -5826 54469 53 0 -87 0 0 35 1446 117673 135269 0 0 0 0 0
1787958712.554 t 45 536647 35 537 -5826 54469 53 0 -87 0 0 35 1446 117673 135269 0 0 0 0 0
1787958712.615 t 46 536703 35 537 -5826 54469 53 0 -87 0 0 35 1446 117673 135269 0 0 0 0 0
1787958712.671 t 47 536759 35 537 -5826 54469 53 0 -87 0 0 35 1446 117673 135269 0 0 0 0 0
1787958712.729 t 48 536815 35 537 -5826 54469 53 0 -87 0 0 35 1446 117673 135269 0 0 0 0 0
1787958712.781 t 49 536871 35 537 -5826 54469 53 0 -87 0 0 35 1446 117673 135269 0 0 0 0 0
1787958712.839 t 50 536927 35 537 -5826 54469 53 0 -87 0 0 35 1446 117673 135269 0 0 0 0 0
1787958712.891 t 51 536983 35 537 -5826 54469 53 0 -87 0 0 35 1446 117673 135269 0 0 0 0 0
1787958712.948 t 52 537039 35 537 -5826 54469 53 0 -87 0 0 35 1446 117673 135269 0 0 0 0 0
1787958713.011 t 53 537095 35 537 -5826 54469 53 0 -87 0 0 35 1446 117673 135269 0 0 0 0 0
1787958713.062 >>> SET stall_clear 1 #73
1787958713.069 t 54 537151 35 537 -5826 54469 53 0 -87 0 0 35 1446 117673 135269 0 0 0 0 0
1787958713.078 ack 73 72 stall
1787958713.114 t 55 537207 35 537 -5826 54469 53 0 -87 0 0 35 1446 117673 135269 0 0 0 0 0
1787958713.176 thdr seq now flags x y h ox oy oh vl vr i2cf cyc posl posr dutl dutr lexc wrng cycovr
1787958713.182 t 56 537263 35 537 -5826 54469 53 0 -87 0 0 35 1446 117673 135269 0 0 0 0 0
1787958713.237 t 57 537315 35 537 -5826 54469 53 0 -87 0 0 35 1446 117673 135269 0 0 0 0 0
1787958713.292 t 58 537371 35 537 -5826 54469 53 0 -87 0 0 35 1446 117673 135269 0 0 0 0 0
1787958713.335 t 59 537427 35 537 -5826 54469 53 0 -87 0 0 35 1446 117673 135269 0 0 0 0 0
1787958713.390 t 60 537483 35 537 -5826 54469 53 0 -87 0 0 35 1446 117673 135269 0 0 0 0 0
1787958713.459 t 61 537539 35 537 -5826 54469 53 0 -87 0 0 35 1446 117673 135269 0 0 0 0 0
1787958713.505 t 62 537595 35 537 -5826 54469 53 0 -87 0 0 35 1446 117673 135269 0 0 0 0 0
1787958713.561 t 63 537651 35 537 -5826 54469 53 0 -87 0 0 35 1446 117673 135269 0 0 0 0 0
1787958713.613 >>> SET stall_window 0 #74
1787958713.633 t 64 537707 35 537 -5826 54469 53 0 -88 0 0 35 1446 117673 135269 0 0 0 0 0
1787958713.638 ack 74 72 stall
1787958713.672 t 65 537763 35 537 -5826 54469 53 0 -88 0 0 35 1446 117673 135269 0 0 0 0 0
1787958713.727 t 66 537819 35 537 -5826 54469 53 0 -87 0 0 35 1446 117673 135269 0 0 0 0 0
1787958713.783 t 67 537875 35 537 -5826 54469 53 0 -87 0 0 35 1446 117673 135269 0 0 0 0 0
1787958713.840 t 68 537931 35 537 -5826 54469 53 0 -87 0 0 35 1446 117673 135269 0 0 0 0 0
1787958713.900 t 69 537987 35 537 -5826 54469 53 0 -87 0 0 35 1446 117673 135269 0 0 0 0 0
1787958713.949 t 70 538043 35 537 -5826 54469 53 0 -87 0 0 35 1446 117673 135269 0 0 0 0 0
1787958714.007 t 71 538099 35 537 -5826 54469 53 0 -87 0 0 35 1446 117673 135269 0 0 0 0 0
1787958714.064 t 72 538155 35 537 -5826 54469 53 0 -87 0 0 35 1446 117673 135269 0 0 0 0 0
1787958714.115 === STEP FWD duty=90% v=765
1787958714.115 >>> WHEELS_V 765 765 2000 #75
1787958714.118 t 73 538211 35 537 -5826 54469 53 0 -87 0 0 35 1446 117673 135269 0 0 0 0 0
1787958714.137 ack 75 72 stall
1787958714.188 t 74 538279 31 536 -5826 54479 53 0 -87 40 48 35 1448 117689 135288 5000 5000 0 0 0
1787958714.262 thdr seq now flags x y h ox oy oh vl vr i2cf cyc posl posr dutl dutr lexc wrng cycovr
1787958714.269 t 75 538351 31 513 -5828 54537 53 0 -87 470 485 35 1451 118017 135635 10000 10000 0 0 0
1787958714.340 t 76 538423 31 470 -5833 54674 53 0 -87 586 666 35 1454 118612 136274 10000 10000 0 0 0
1787958714.407 t 77 538495 31 420 -5839 54831 53 0 -88 698 739 35 1457 119306 137019 10000 10000 0 0 0
1787958714.478 t 78 538567 31 367 -5847 54958 53 0 -88 730 753 35 1460 120048 137802 10000 10000 0 0 0
1787958714.558 t 79 538639 31 314 -5856 55020 53 0 -87 730 762 35 1463 120800 138574 10000 10000 0 0 0
1787958714.628 t 80 538711 31 261 -5866 55132 53 0 -87 730 785 35 1466 121550 139360 10000 10000 0 0 0
1787958714.694 t 81 538783 31 208 -5876 55156 53 0 -87 739 745 35 1469 122317 140135 10000 10000 0 0 0
1787958714.770 t 82 538855 31 156 -5887 55225 53 0 -87 730 744 35 1472 123073 140913 10000 10000 0 0 0
1787958714.836 t 83 538927 31 103 -5899 55311 53 0 -87 729 744 35 1475 123831 141699 10000 10000 0 0 0
1787958714.914 t 84 538999 31 51 -5911 55370 53 0 -87 739 753 35 1478 124587 142474 10000 10000 0 0 0
1787958714.986 t 85 539071 31 -2 -5924 55475 53 0 -87 739 785 35 1481 125342 143263 10000 10000 0 0 0
1787958715.072 t 86 539143 31 -54 -5938 55534 53 0 -87 747 747 35 1484 126101 144041 10000 10000 0 0 0
1787958715.126 t 87 539215 31 -106 -5953 55596 53 0 -87 747 765 35 1487 126862 144822 10000 10000 0 0 0
1787958715.197 t 88 539287 31 -158 -5968 55692 53 0 -86 731 762 35 1490 127617 145608 10000 10000 0 0 0
1787958715.271 t 89 539359 31 -210 -5983 55717 53 0 -86 777 771 35 1493 128389 146388 10000 10000 0 0 0
1787958715.341 t 90 539431 31 -261 -6000 55853 53 0 -86 729 785 35 1496 129134 147177 10000 10000 0 0 0
1787958715.411 t 91 539503 31 -312 -6017 55915 53 0 -87 747 762 35 1499 129895 147958 10000 10000 0 0 0
1787958715.485 t 92 539575 31 -363 -6035 55967 53 0 -87 739 765 35 1502 130656 148736 10000 10000 0 0 0
1787958715.556 t 93 539647 31 -414 -6053 56051 53 0 -86 730 753 35 1505 131417 149524 10000 10000 0 0 0
1787958715.634 thdr seq now flags x y h ox oy oh vl vr i2cf cyc posl posr dutl dutr lexc wrng cycovr
1787958715.637 t 94 539719 31 -465 -6072 56104 53 0 -86 744 762 35 1508 132178 150302 10000 10000 0 0 0
1787958715.703 t 95 539791 31 -515 -6092 56181 53 0 -86 716 766 35 1511 132937 151086 10000 10000 0 0 0
1787958715.776 t 96 539863 31 -565 -6112 56255 53 0 -86 738 763 35 1514 133701 151874 10000 10000 0 0 0
1787958715.845 t 97 539935 31 -616 -6133 56265 53 0 -86 756 744 35 1517 134476 152652 10000 10000 0 0 0
1787958715.915 t 98 540007 31 -666 -6154 56370 53 0 -86 756 762 35 1520 135237 153447 10000 10000 0 0 0
1787958715.989 t 99 540079 31 -715 -6176 56447 53 0 -86 747 762 35 1523 135995 154230 10000 10000 0 0 0
1787958716.061 t 100 540151 31 -764 -6199 56500 53 0 -86 744 761 35 1526 136756 155008 10000 10000 0 0 0
1787958716.132 t 101 540223 31 -813 -6222 56587 53 0 -86 739 747 35 1529 137517 155797 10000 10000 0 0 0
1787958716.196 t 102 540279 31 -831 -6230 56534 53 0 -86 820 770 35 1530 137798 156061 10000 10000 0 0 0
1787958716.263 t 103 540335 31 -831 -6230 56534 53 0 -86 820 770 35 1530 137798 156061 10000 10000 0 0 0
1787958716.300 t 104 540391 31 -831 -6230 56534 53 0 -86 820 770 35 1530 137798 156061 10000 10000 0 0 0
1787958716.356 t 105 540447 31 -831 -6230 56534 53 0 -86 820 770 35 1530 137798 156061 10000 10000 0 0 0
1787958716.412 t 106 540503 31 -831 -6230 56534 53 0 -86 820 770 35 1530 137798 156061 10000 10000 0 0 0
1787958716.468 t 107 540559 31 -831 -6230 56534 53 0 -86 820 770 35 1530 137798 156061 10000 10000 0 0 0
1787958716.524 t 108 540615 31 -831 -6230 56534 53 0 -86 820 770 35 1530 137798 156061 10000 10000 0 0 0
1787958716.605 t 109 540671 31 -831 -6230 56534 53 0 -86 820 770 35 1530 137798 156061 10000 10000 0 0 0
1787958716.638 t 110 540727 31 -831 -6230 56534 53 0 -86 820 770 35 1530 137798 156061 10000 10000 0 0 0
1787958716.699 t 111 540784 31 -831 -6230 56534 53 0 -86 820 770 35 1530 137798 156061 10000 10000 0 0 0
1787958716.748 t 112 540839 31 -831 -6230 56534 53 0 -86 820 770 35 1530 137798 156061 10000 10000 0 0 0
1787958716.805 thdr seq now flags x y h ox oy oh vl vr i2cf cyc posl posr dutl dutr lexc wrng cycovr
1787958716.811 t 113 540895 31 -831 -6230 56534 53 0 -86 820 770 35 1530 137798 156061 10000 10000 0 0 0
1787958716.856 t 114 540947 31 -831 -6230 56534 53 0 -86 820 770 35 1530 137798 156061 10000 10000 0 0 0
1787958716.909 === BIAS RESET FWD 100%
1787958716.911 >>> SET stall_window 50 #76
1787958716.914 t 115 541003 31 -831 -6230 56534 53 0 -86 820 770 35 1530 137798 156061 10000 10000 0 0 0
1787958716.921 ack 76 75 timeout
1787958716.971 t 116 541059 31 -831 -6230 56534 53 0 -86 820 770 35 1530 137798 156061 10000 10000 0 0 0
1787958717.026 t 117 541115 31 -831 -6230 56534 53 0 -86 820 770 35 1530 137798 156061 10000 10000 0 0 0
1787958717.084 t 118 541171 31 -831 -6230 56534 53 0 -86 820 770 35 1530 137798 156061 10000 10000 0 0 0
1787958717.160 t 119 541227 31 -831 -6230 56534 53 0 -86 820 770 35 1530 137798 156061 10000 10000 0 0 0
1787958717.192 t 120 541283 31 -831 -6230 56534 53 0 -86 820 770 35 1530 137798 156061 10000 10000 0 0 0
1787958717.250 t 121 541339 31 -831 -6230 56534 53 0 -86 820 770 35 1530 137798 156061 10000 10000 0 0 0
1787958717.311 t 122 541395 31 -831 -6230 56534 53 0 -86 820 770 35 1530 137798 156061 10000 10000 0 0 0
1787958717.362 t 123 541451 31 -831 -6230 56534 53 0 -86 820 770 35 1530 137798 156061 10000 10000 0 0 0
1787958717.415 >>> WHEELS_V 40 40 300 #77
1787958717.418 t 124 541507 31 -831 -6230 56534 53 0 -86 820 770 35 1530 137798 156061 10000 10000 0 0 0
1787958717.426 ack 77 75 timeout
1787958717.489 t 125 541575 31 -925 -6198 47736 53 0 -86 15 0 36 1532 140640 156061 600 5000 0 0 0
1787958717.554 t 126 541647 35 -936 -6182 49216 53 0 -86 50 356 36 1535 140690 156589 0 0 0 0 0
1787958717.630 t 127 541719 35 -943 -6176 49965 53 0 -86 0 201 36 1538 140695 156836 0 0 0 0 0
1787958717.698 t 0 541791 35 -946 -6173 50327 53 0 -86 0 73 36 1541 140695 156953 0 0 0 0 0
1787958717.756 t 1 541847 35 -946 -6173 50352 53 0 -86 0 0 36 1543 140695 156961 0 0 0 0 0
1787958717.815 t 2 541903 35 -946 -6173 50352 53 0 -86 0 0 36 1543 140695 156961 0 0 0 0 0
1787958717.868 t 3 541959 35 -946 -6173 50352 53 0 -86 0 0 36 1543 140695 156961 0 0 0 0 0
1787958717.930 thdr seq now flags x y h ox oy oh vl vr i2cf cyc posl posr dutl dutr lexc wrng cycovr
1787958717.933 t 4 542015 35 -946 -6173 50352 53 0 -86 0 0 36 1543 140695 156961 0 0 0 0 0
1787958717.975 t 5 542067 35 -946 -6173 50352 53 0 -86 0 0 36 1543 140695 156961 0 0 0 0 0
1787958718.031 t 6 542123 35 -946 -6173 50352 53 0 -86 0 0 36 1543 140695 156961 0 0 0 0 0
1787958718.087 t 7 542179 35 -946 -6173 50352 53 0 -86 0 0 36 1543 140695 156961 0 0 0 0 0
1787958718.144 t 8 542235 35 -946 -6173 50352 53 0 -86 0 0 36 1543 140695 156961 0 0 0 0 0
1787958718.202 t 9 542291 35 -946 -6173 50352 53 0 -86 0 0 36 1543 140695 156961 0 0 0 0 0
1787958718.258 t 10 542347 35 -946 -6173 50352 53 0 -86 0 0 36 1543 140695 156961 0 0 0 0 0
1787958718.310 t 11 542403 35 -946 -6173 50352 53 0 -86 0 0 36 1543 140695 156961 0 0 0 0 0
1787958718.371 t 12 542459 35 -946 -6173 50352 53 0 -86 0 0 36 1543 140695 156961 0 0 0 0 0
1787958718.424 t 13 542515 35 -946 -6173 50352 53 0 -86 0 0 36 1543 140695 156961 0 0 0 0 0
1787958718.478 t 14 542571 35 -946 -6173 50352 53 0 -86 0 0 36 1543 140695 156961 0 0 0 0 0
1787958718.545 t 15 542627 35 -946 -6173 50352 53 0 -86 0 0 36 1543 140695 156961 0 0 0 0 0
1787958718.591 t 16 542683 35 -946 -6173 50352 53 0 -86 0 0 36 1543 140695 156961 0 0 0 0 0
1787958718.647 t 17 542739 35 -946 -6173 50352 53 0 -86 0 0 36 1543 140695 156961 0 0 0 0 0
1787958718.699 >>> SET stall_clear 1 #78
1787958718.702 t 18 542795 35 -946 -6173 50352 53 0 -86 0 0 36 1543 140695 156961 0 0 0 0 0
1787958718.713 ack 78 77 stall
1787958718.758 t 19 542851 35 -946 -6173 50352 53 0 -86 0 0 36 1543 140695 156961 0 0 0 0 0
1787958718.822 t 20 542907 35 -946 -6173 50352 53 0 -86 0 0 36 1543 140695 156961 0 0 0 0 0
1787958718.872 t 21 542963 35 -946 -6173 50352 53 0 -86 0 0 36 1543 140695 156961 0 0 0 0 0
1787958718.931 t 22 543019 35 -946 -6173 50352 53 0 -86 0 0 36 1543 140695 156961 0 0 0 0 0
1787958718.986 thdr seq now flags x y h ox oy oh vl vr i2cf cyc posl posr dutl dutr lexc wrng cycovr
1787958718.989 t 23 543075 35 -946 -6173 50352 53 0 -86 0 0 36 1543 140695 156961 0 0 0 0 0
1787958719.035 t 24 543127 35 -946 -6173 50352 53 0 -86 0 0 36 1543 140695 156961 0 0 0 0 0
1787958719.091 t 25 543183 35 -946 -6173 50352 53 0 -86 0 0 36 1543 140695 156961 0 0 0 0 0
1787958719.155 t 26 543239 35 -946 -6173 50352 53 0 -86 0 0 36 1543 140695 156961 0 0 0 0 0
1787958719.202 >>> SET stall_window 0 #79
1787958719.205 t 27 543295 35 -946 -6173 50352 53 0 -86 0 0 36 1543 140695 156961 0 0 0 0 0
1787958719.213 ack 79 77 stall
1787958719.258 t 28 543351 35 -946 -6173 50352 53 0 -86 0 0 36 1543 140695 156961 0 0 0 0 0
1787958719.335 t 29 543407 35 -946 -6173 50352 53 0 -86 0 0 36 1543 140695 156961 0 0 0 0 0
1787958719.371 t 30 543463 35 -946 -6173 50352 53 0 -86 0 0 36 1543 140695 156961 0 0 0 0 0
1787958719.428 t 31 543519 35 -946 -6173 50352 53 0 -86 0 0 36 1543 140695 156961 0 0 0 0 0
1787958719.483 t 32 543575 35 -946 -6173 50352 53 0 -86 0 0 36 1543 140695 156961 0 0 0 0 0
1787958719.538 t 33 543631 35 -946 -6173 50352 53 0 -86 0 0 36 1543 140695 156961 0 0 0 0 0
1787958719.598 t 34 543687 35 -946 -6173 50352 53 0 -86 0 0 36 1543 140695 156961 0 0 0 0 0
1787958719.650 t 35 543743 35 -946 -6173 50352 53 0 -86 0 0 36 1543 140695 156961 0 0 0 0 0
1787958719.716 === STEP FWD duty=100% v=850
1787958719.717 >>> WHEELS_V 850 850 2000 #80
1787958719.720 t 36 543799 35 -946 -6173 50352 53 0 -86 0 0 36 1543 140695 156961 0 0 0 0 0
1787958719.741 ack 80 77 stall
1787958719.769 t 37 543851 31 -946 -6173 50352 53 0 -86 0 0 36 1544 140695 156961 2500 2500 0 0 0
1787958719.838 t 38 543923 31 -957 -6165 50396 53 0 -86 324 342 36 1547 140884 157164 10000 10000 0 0 0
1787958719.906 t 39 543995 31 -989 -6142 50482 53 0 -86 602 656 36 1550 141434 157742 10000 10000 0 0 0
1787958719.978 t 40 544067 31 -1030 -6114 50625 53 0 -86 706 729 36 1553 142115 158469 10000 10000 0 0 0
1787958720.047 t 41 544139 31 -1074 -6085 50773 53 0 -86 729 747 36 1556 142840 159242 10000 10000 0 0 0
1787958720.123 thdr seq now flags x y h ox oy oh vl vr i2cf cyc posl posr dutl dutr lexc wrng cycovr
1787958720.126 t 42 544211 31 -1120 -6057 50885 53 0 -86 723 747 36 1559 143590 160028 10000 10000 0 0 0
1787958720.192 t 43 544283 31 -1166 -6029 50953 53 0 -86 715 763 36 1562 144351 160811 10000 10000 0 0 0
1787958720.265 t 44 544355 31 -1213 -6001 51049 53 0 -86 730 785 36 1565 145109 161600 10000 10000 0 0 0
1787958720.337 t 45 544427 31 -1260 -5975 51126 53 0 -86 730 762 36 1568 145867 162383 10000 10000 0 0 0
1787958720.409 t 46 544499 31 -1307 -5949 51160 53 0 -86 753 754 36 1571 146634 163161 10000 10000 0 0 0
1787958720.491 t 47 544571 31 -1355 -5923 51247 53 0 -86 745 762 36 1574 147395 163950 10000 10000 0 0 0
1787958720.553 t 48 544643 31 -1403 -5899 51315 53 0 -86 744 762 36 1577 148156 164733 10000 10000 0 0 0
1787958720.627 t 49 544715 31 -1451 -5874 51368 53 0 -86 730 754 36 1580 148917 165511 10000 10000 0 0 0
1787958720.696 t 50 544787 31 -1500 -5850 51473 53 0 -86 730 763 36 1583 149678 166306 10000 10000 0 0 0
1787958720.767 t 51 544859 31 -1549 -5827 51513 53 0 -86 753 753 36 1586 150442 167083 10000 10000 0 0 0
1787958720.840 t 52 544931 31 -1599 -5805 51624 53 0 -86 748 762 36 1589 151201 167878 10000 10000 0 0 0
1787958720.911 t 53 545003 31 -1648 -5783 51677 53 0 -86 739 755 36 1592 151962 168656 10000 10000 0 0 0
1787958720.983 t 54 545075 31 -1698 -5761 51736 53 0 -86 747 770 36 1595 152729 169442 10000 10000 0 0 0
1787958721.056 t 55 545147 31 -1748 -5741 51823 53 0 -85 739 753 36 1598 153487 170228 10000 10000 0 0 0
1787958721.135 t 56 545219 31 -1798 -5721 51900 53 0 -85 728 762 36 1601 154245 171011 10000 10000 0 0 0
1787958721.206 t 57 545291 31 -1849 -5701 51996 53 0 -85 738 797 36 1604 155009 171806 10000 10000 0 0 0
1787958721.274 t 58 545363 31 -1900 -5683 52045 53 0 -86 738 753 36 1607 155773 172586 10000 10000 0 0 0
1787958721.343 t 59 545435 31 -1951 -5665 52107 53 0 -86 744 761 36 1610 156534 173367 10000 10000 0 0 0
1787958721.415 t 60 545507 31 -2002 -5648 52219 53 0 -85 730 756 36 1613 157290 174159 10000 10000 0 0 0
1787958721.487 thdr seq now flags x y h ox oy oh vl vr i2cf cyc posl posr dutl dutr lexc wrng cycovr
1787958721.499 t 61 545579 31 -2054 -5631 52268 53 0 -86 748 762 36 1616 158054 174939 10000 10000 0 0 0
1787958721.563 t 62 545651 31 -2106 -5615 52349 53 0 -86 736 786 36 1619 158823 175734 10000 10000 0 0 0
1787958721.636 t 63 545723 31 -2158 -5600 52398 53 0 -86 748 763 36 1622 159590 176517 10000 10000 0 0 0
1787958721.721 t 64 545795 31 -2211 -5585 52500 53 0 -85 739 786 36 1625 160351 177311 10000 10000 0 0 0
1787958721.767 t 65 545851 31 -2246 -5576 52538 53 0 -85 671 756 36 1627 160859 177831 10000 10000 0 0 0
1787958721.834 t 66 545907 31 -2246 -5576 52538 53 0 -86 671 756 36 1627 160859 177831 10000 10000 0 0 0
1787958721.890 t 67 545963 31 -2246 -5576 52538 53 0 -86 671 756 36 1627 160859 177831 10000 10000 0 0 0
1787958721.931 t 68 546019 31 -2246 -5576 52538 53 0 -85 671 756 36 1627 160859 177831 10000 10000 0 0 0
1787958721.991 t 69 546075 31 -2246 -5576 52538 53 0 -85 671 756 36 1627 160859 177831 10000 10000 0 0 0
1787958722.049 t 70 546131 31 -2246 -5576 52538 53 0 -85 671 756 36 1627 160859 177831 10000 10000 0 0 0
1787958722.100 t 71 546187 31 -2246 -5576 52538 53 0 -85 671 756 36 1627 160859 177831 10000 10000 0 0 0
1787958722.194 t 72 546244 31 -2246 -5576 52538 53 0 -86 671 756 36 1627 160859 177831 10000 10000 0 0 0
1787958722.208 t 73 546299 31 -2246 -5576 52538 53 0 -86 671 756 36 1627 160859 177831 10000 10000 0 0 0
1787958722.273 t 74 546355 31 -2246 -5576 52538 53 0 -85 671 756 36 1627 160859 177831 10000 10000 0 0 0
1787958722.329 t 75 546411 31 -2246 -5576 52538 53 0 -85 671 756 36 1627 160859 177831 10000 10000 0 0 0
1787958722.377 t 76 546467 31 -2246 -5576 52538 53 0 -85 671 756 36 1627 160859 177831 10000 10000 0 0 0
1787958722.481 t 77 546523 31 -2246 -5576 52538 53 0 -85 671 756 36 1627 160859 177831 10000 10000 0 0 0
1787958722.998 t 78 546579 31 -2246 -5576 52538 53 0 -85 671 756 36 1627 160859 177831 10000 10000 0 0 0
1787958722.998 t 79 546635 31 -2246 -5576 52538 53 0 -85 671 756 36 1627 160859 177831 10000 10000 0 0 0
1787958722.998 thdr seq now flags x y h ox oy oh vl vr i2cf cyc posl posr dutl dutr lexc wrng cycovr
1787958722.998 t 80 546691 31 -2246 -5576 52538 53 0 -85 671 756 36 1627 160859 177831 10000 10000 0 0 0
1787958722.998 t 81 546743 31 -2246 -5576 52538 53 0 -85 671 756 36 1627 160859 177831 10000 10000 0 0 0
1787958722.998 t 82 546799 31 -2246 -5576 52538 53 0 -85 671 756 36 1627 160859 177831 10000 10000 0 0 0
1787958722.998 t 83 546855 31 -2246 -5576 52538 53 0 -85 671 756 36 1627 160859 177831 10000 10000 0 0 0
1787958722.999 t 84 546911 31 -2246 -5576 52538 53 0 -85 671 756 36 1627 160859 177831 10000 10000 0 0 0
1787958722.999 t 85 546967 31 -2246 -5576 52538 53 0 -85 671 756 36 1627 160859 177831 10000 10000 0 0 0
1787958722.999 t 86 547024 31 -2246 -5576 52538 53 0 -85 671 756 36 1627 160859 177831 10000 10000 0 0 0
1787958722.999 t 87 547079 31 -2246 -5576 52538 53 0 -85 671 756 36 1627 160859 177831 10000 10000 0 0 0
1787958723.047 t 88 547135 31 -2246 -5576 52538 53 0 -85 671 756 36 1627 160859 177831 10000 10000 0 0 0
1787958723.103 t 89 547191 31 -2246 -5576 52538 53 0 -85 671 756 36 1627 160859 177831 10000 10000 0 0 0
1787958723.159 t 90 547247 31 -2246 -5576 52538 53 0 -85 671 756 36 1627 160859 177831 10000 10000 0 0 0
1787958723.216 t 91 547303 31 -2246 -5576 52538 53 0 -85 671 756 36 1627 160859 177831 10000 10000 0 0 0
1787958723.270 t 92 547359 31 -2246 -5576 52538 53 0 -85 671 756 36 1627 160859 177831 10000 10000 0 0 0
1787958723.323 t 93 547415 31 -2246 -5576 52538 53 0 -85 671 756 36 1627 160859 177831 10000 10000 0 0 0
1787958723.385 t 94 547471 31 -2246 -5576 52538 53 0 -85 671 756 36 1627 160859 177831 10000 10000 0 0 0
1787958723.436 t 95 547527 31 -2246 -5576 52538 53 0 -85 671 756 36 1627 160859 177831 10000 10000 0 0 0
1787958723.492 t 96 547583 31 -2246 -5576 52538 53 0 -85 671 756 36 1627 160859 177831 10000 10000 0 0 0
1787958723.542 === BIAS RESET REV 5%
1787958723.543 >>> SET stall_window 50 #81
1787958723.557 t 97 547639 31 -2246 -5576 52538 53 0 -85 671 756 36 1627 160859 177831 10000 10000 0 0 0
1787958723.560 ack 81 80 timeout
1787958723.607 t 98 547695 31 -2246 -5576 52538 53 0 -85 671 756 36 1627 160859 177831 10000 10000 0 0 0
1787958723.660 thdr seq now flags x y h ox oy oh vl vr i2cf cyc posl posr dutl dutr lexc wrng cycovr
1787958723.668 t 99 547752 31 -2246 -5576 52538 53 0 -85 671 756 36 1627 160859 177831 10000 10000 0 0 0
1787958723.713 t 100 547804 31 -2246 -5576 52538 53 0 -85 671 756 36 1627 160859 177831 10000 10000 0 0 0
1787958723.768 t 101 547859 31 -2246 -5576 52538 53 0 -85 671 756 36 1627 160859 177831 10000 10000 0 0 0
1787958723.823 t 102 547915 31 -2246 -5576 52538 53 0 -85 671 756 36 1627 160859 177831 10000 10000 0 0 0
1787958723.882 t 103 547971 31 -2246 -5576 52538 53 0 -85 671 756 36 1627 160859 177831 10000 10000 0 0 0
1787958723.935 t 104 548027 31 -2246 -5576 52538 53 0 -84 671 756 36 1627 160859 177831 10000 10000 0 0 0
1787958724.000 t 105 548083 31 -2246 -5576 52538 53 0 -84 671 756 36 1627 160859 177831 10000 10000 0 0 0
1787958724.045 >>> WHEELS_V 40 40 300 #82
1787958724.047 t 106 548139 31 -2246 -5576 52538 53 0 -84 671 756 36 1627 160859 177831 10000 10000 0 0 0
1787958724.060 ack 82 80 timeout
1787958724.114 t 107 548207 31 -2298 -5503 44635 53 0 -84 15 0 37 1629 163412 177831 600 5000 0 0 0
1787958724.186 t 108 548279 35 -2299 -5483 46087 53 0 -85 50 417 38 1632 163465 178353 0 0 0 0 0
1787958724.262 t 109 548351 35 -2301 -5475 46845 53 0 -85 0 210 38 1635 163470 178603 0 0 0 0 0
1787958724.332 t 110 548423 35 -2303 -5471 47207 53 0 -85 0 82 38 1638 163470 178720 0 0 0 0 0
1787958724.386 t 111 548479 35 -2303 -5471 47226 53 0 -85 0 0 38 1640 163470 178726 0 0 0 0 0
1787958724.443 t 112 548535 35 -2303 -5471 47226 53 0 -85 0 0 38 1640 163470 178726 0 0 0 0 0
1787958724.499 t 113 548591 35 -2303 -5471 47226 53 0 -85 0 0 38 1640 163470 178726 0 0 0 0 0
1787958724.555 t 114 548647 35 -2303 -5471 47226 53 0 -85 0 0 38 1640 163470 178726 0 0 0 0 0
1787958724.611 t 115 548703 35 -2303 -5471 47226 53 0 -84 0 0 38 1640 163470 178726 0 0 0 0 0
1787958724.666 t 116 548759 35 -2303 -5471 47226 53 0 -84 0 0 38 1640 163470 178726 0 0 0 0 0
1787958724.722 t 117 548815 35 -2303 -5471 47226 53 0 -84 0 0 38 1640 163470 178726 0 0 0 0 0
1787958724.788 thdr seq now flags x y h ox oy oh vl vr i2cf cyc posl posr dutl dutr lexc wrng cycovr
1787958724.788 t 118 548871 35 -2303 -5471 47226 53 0 -84 0 0 38 1640 163470 178726 0 0 0 0 0
1787958724.834 t 119 548923 35 -2303 -5471 47226 53 0 -84 0 0 38 1640 163470 178726 0 0 0 0 0
1787958724.902 t 120 548979 35 -2303 -5471 47226 53 0 -84 0 0 38 1640 163470 178726 0 0 0 0 0
1787958724.944 t 121 549035 35 -2303 -5471 47226 53 0 -84 0 0 38 1640 163470 178726 0 0 0 0 0
1787958724.999 t 122 549091 35 -2303 -5471 47226 53 0 -84 0 0 38 1640 163470 178726 0 0 0 0 0
1787958725.057 t 123 549147 35 -2303 -5471 47226 53 0 -84 0 0 38 1640 163470 178726 0 0 0 0 0
1787958725.111 t 124 549203 35 -2303 -5471 47226 53 0 -84 0 0 38 1640 163470 178726 0 0 0 0 0
1787958725.168 t 125 549259 35 -2303 -5471 47226 53 0 -84 0 0 38 1640 163470 178726 0 0 0 0 0
1787958725.222 t 126 549315 35 -2303 -5471 47226 53 0 -84 0 0 38 1640 163470 178726 0 0 0 0 0
1787958725.280 t 127 549371 35 -2303 -5471 47226 53 0 -84 0 0 38 1640 163470 178726 0 0 0 0 0
1787958725.332 >>> SET stall_clear 1 #83
1787958725.334 t 0 549427 35 -2303 -5471 47226 53 0 -84 0 0 38 1640 163470 178726 0 0 0 0 0
1787958725.346 ack 83 82 stall
1787958725.390 t 1 549483 35 -2303 -5471 47226 53 0 -84 0 0 38 1640 163470 178726 0 0 0 0 0
1787958725.448 t 2 549539 35 -2303 -5471 47226 53 0 -84 0 0 38 1640 163470 178726 0 0 0 0 0
1787958725.506 t 3 549595 35 -2303 -5471 47226 53 0 -84 0 0 38 1640 163470 178726 0 0 0 0 0
1787958725.560 t 4 549651 35 -2303 -5471 47226 53 0 -84 0 0 38 1640 163470 178726 0 0 0 0 0
1787958725.618 t 5 549707 35 -2303 -5471 47226 53 0 -84 0 0 38 1640 163470 178726 0 0 0 0 0
1787958725.674 t 6 549763 35 -2303 -5471 47226 53 0 -84 0 0 38 1640 163470 178726 0 0 0 0 0
1787958725.726 t 7 549819 35 -2303 -5471 47226 53 0 -84 0 0 38 1640 163470 178726 0 0 0 0 0
1787958725.781 t 8 549875 35 -2303 -5471 47226 53 0 -84 0 0 38 1640 163470 178726 0 0 0 0 0
1787958725.835 >>> SET stall_window 0 #84
1787958725.841 thdr seq now flags x y h ox oy oh vl vr i2cf cyc posl posr dutl dutr lexc wrng cycovr
1787958725.845 t 9 549931 35 -2303 -5471 47226 53 0 -84 0 0 38 1640 163470 178726 0 0 0 0 0
1787958725.847 ack 84 82 stall
1787958725.893 t 10 549983 35 -2303 -5471 47226 53 0 -84 0 0 38 1640 163470 178726 0 0 0 0 0
1787958725.949 t 11 550039 35 -2303 -5471 47226 53 0 -84 0 0 38 1640 163470 178726 0 0 0 0 0
1787958726.004 t 12 550095 35 -2303 -5471 47226 53 0 -84 0 0 38 1640 163470 178726 0 0 0 0 0
1787958726.065 t 13 550151 35 -2303 -5471 47226 53 0 -84 0 0 38 1640 163470 178726 0 0 0 0 0
1787958726.120 t 14 550207 35 -2303 -5471 47226 53 0 -84 0 0 38 1640 163470 178726 0 0 0 0 0
1787958726.179 t 15 550263 35 -2303 -5471 47226 53 0 -84 0 0 38 1640 163470 178726 0 0 0 0 0
1787958726.229 t 16 550319 35 -2303 -5471 47226 53 0 -84 0 0 38 1640 163470 178726 0 0 0 0 0
1787958726.285 t 17 550375 35 -2303 -5471 47226 53 0 -84 0 0 38 1640 163470 178726 0 0 0 0 0
1787958726.339 === STEP REV duty=5% v=-43
1787958726.339 >>> WHEELS_V -43 -43 2000 #85
1787958726.341 t 18 550431 35 -2303 -5471 47226 53 0 -84 0 0 38 1640 163470 178726 0 0 0 0 0
1787958726.352 ack 85 82 stall
1787958726.407 t 19 550499 31 -2303 -5471 47223 53 0 -84 -13 -15 38 1642 163465 178720 -500 -500 0 0 0
1787958726.481 t 20 550571 31 -2302 -5473 47198 53 0 -84 -32 -41 38 1645 163434 178681 -500 -500 0 0 0
1787958726.552 t 21 550643 31 -2301 -5476 47164 53 0 -84 -32 -41 38 1648 163395 178631 -500 -500 0 0 0
1787958726.631 t 22 550715 31 -2299 -5479 47145 53 0 -84 -47 -50 38 1651 163351 178581 -500 -500 0 0 0
1787958726.698 t 23 550787 31 -2298 -5482 47130 53 0 -84 -41 -50 38 1654 163306 178531 -500 -500 0 0 0
1787958726.768 t 24 550859 31 -2297 -5486 47114 53 0 -84 -50 -56 38 1657 163256 178476 -500 -600 0 0 0
1787958726.839 t 25 550931 31 -2296 -5489 47105 53 0 -84 -50 -47 38 1660 163209 178426 -500 -600 0 0 0
1787958726.912 t 26 551003 31 -2294 -5492 47068 53 0 -84 -50 -58 38 1663 163162 178367 -500 -600 0 0 0
1787958726.984 t 27 551075 31 -2293 -5496 47068 53 0 -84 -50 -58 38 1666 163112 178317 -600 -600 0 0 0
1787958727.055 thdr seq now flags x y h ox oy oh vl vr i2cf cyc posl posr dutl dutr lexc wrng cycovr
1787958727.064 t 28 551147 31 -2292 -5499 47058 53 0 -84 -50 -50 38 1669 163062 178264 -600 -600 0 0 0
1787958727.129 t 29 551219 31 -2291 -5502 47043 53 0 -84 -45 -43 38 1672 163012 178209 -600 -600 0 0 0
1787958727.199 t 30 551291 31 -2289 -5506 47024 53 0 -84 -50 -50 38 1675 162962 178153 -600 -600 0 0 0
1787958727.273 t 31 551363 31 -2288 -5509 47009 53 0 -84 -50 -56 38 1678 162912 178098 -600 -600 0 0 0
1787958727.346 t 32 551435 31 -2287 -5513 47018 53 0 -85 -50 -55 38 1681 162856 178045 -600 -600 0 0 0
1787958727.416 t 33 551507 31 -2285 -5516 47009 53 0 -85 -50 -50 38 1684 162806 177992 -600 -500 0 0 0
1787958727.497 t 34 551579 31 -2284 -5520 46984 53 0 -85 -50 -56 38 1687 162756 177934 -600 -500 0 0 0
1787958727.561 t 35 551651 31 -2283 -5524 46975 53 0 -84 -47 -64 38 1690 162701 177876 -600 -600 0 0 0
1787958727.631 t 36 551723 31 -2282 -5527 46966 53 0 -84 -55 -64 38 1693 162648 177820 -600 -600 0 0 0
1787958727.702 t 37 551795 31 -2280 -5531 46966 53 0 -85 -58 -58 38 1696 162592 177764 -600 -600 0 0 0
1787958727.776 t 38 551867 31 -2279 -5534 46947 53 0 -85 -64 -64 38 1699 162540 177706 -600 -600 0 0 0
1787958727.851 t 39 551939 31 -2278 -5538 46938 53 0 -85 -41 -58 38 1702 162490 177653 -500 -500 0 0 0
1787958727.919 t 40 552011 31 -2276 -5542 46932 53 0 -85 -50 -64 38 1705 162434 177595 -500 -500 0 0 0
1787958727.996 t 41 552083 31 -2275 -5545 46938 53 0 -84 -55 -64 38 1708 162379 177542 -600 -600 0 0 0
1787958728.067 t 42 552155 31 -2274 -5549 46941 53 0 -84 -55 -47 38 1711 162323 177487 -600 -600 0 0 0
1787958728.134 t 43 552227 31 -2273 -5553 46922 53 0 -85 -58 -58 38 1714 162270 177428 -600 -600 0 0 0
1787958728.209 t 44 552299 31 -2271 -5556 46925 53 0 -85 -50 -47 38 1717 162217 177376 -600 -500 0 0 0
1787958728.280 t 45 552371 31 -2270 -5560 46922 53 0 -85 -50 -50 38 1720 162162 177320 -600 -600 0 0 0
1787958728.353 t 46 552443 31 -2269 -5563 46928 53 0 -85 -47 -50 38 1723 162104 177264 -500 -600 0 0 0
1787958728.408 thdr seq now flags x y h ox oy oh vl vr i2cf cyc posl posr dutl dutr lexc wrng cycovr
1787958728.415 t 47 552499 31 -2268 -5565 46932 53 0 -85 -67 -64 38 1724 162081 177242 -600 -600 0 0 0
1787958728.460 t 48 552551 31 -2268 -5565 46932 53 0 -85 -67 -64 38 1724 162081 177242 -600 -600 0 0 0
1787958728.526 t 49 552607 31 -2268 -5565 46932 53 0 -85 -67 -64 38 1724 162081 177242 -600 -600 0 0 0
1787958728.575 t 50 552663 31 -2268 -5565 46932 53 0 -85 -67 -64 38 1724 162081 177242 -600 -600 0 0 0
1787958728.627 t 51 552719 31 -2268 -5565 46932 53 0 -85 -67 -64 38 1724 162081 177242 -600 -600 0 0 0
1787958728.686 t 52 552775 31 -2268 -5565 46932 53 0 -85 -67 -64 38 1724 162081 177242 -600 -600 0 0 0
1787958728.742 t 53 552831 31 -2268 -5565 46932 53 0 -85 -67 -64 38 1724 162081 177242 -600 -600 0 0 0
1787958728.797 t 54 552887 31 -2268 -5565 46932 53 0 -84 -67 -64 38 1724 162081 177242 -600 -600 0 0 0
1787958728.852 t 55 552943 31 -2268 -5565 46932 53 0 -84 -67 -64 38 1724 162081 177242 -600 -600 0 0 0
1787958728.908 t 56 552999 31 -2268 -5565 46932 53 0 -84 -67 -64 38 1724 162081 177242 -600 -600 0 0 0
1787958728.966 t 57 553056 31 -2268 -5565 46932 53 0 -84 -67 -64 38 1724 162081 177242 -600 -600 0 0 0
1787958729.021 t 58 553111 31 -2268 -5565 46932 53 0 -84 -67 -64 38 1724 162081 177242 -600 -600 0 0 0
1787958729.077 t 59 553167 31 -2268 -5565 46932 53 0 -84 -67 -64 38 1724 162081 177242 -600 -600 0 0 0
1787958729.133 === BIAS RESET REV 10%
1787958729.135 >>> SET stall_window 50 #86
1787958729.138 t 60 553223 31 -2268 -5565 46932 53 0 -84 -67 -64 38 1724 162081 177242 -600 -600 0 0 0
1787958729.148 ack 86 85 timeout
1787958729.190 t 61 553279 31 -2268 -5565 46932 53 0 -84 -67 -64 38 1724 162081 177242 -600 -600 0 0 0
1787958729.244 t 62 553335 31 -2268 -5565 46932 53 0 -84 -67 -64 38 1724 162081 177242 -600 -600 0 0 0
1787958729.300 t 63 553391 31 -2268 -5565 46932 53 0 -84 -67 -64 38 1724 162081 177242 -600 -600 0 0 0
1787958729.359 t 64 553447 31 -2268 -5565 46932 53 0 -84 -67 -64 38 1724 162081 177242 -600 -600 0 0 0
1787958729.410 t 65 553503 31 -2268 -5565 46932 53 0 -84 -67 -64 38 1724 162081 177242 -600 -600 0 0 0
1787958729.472 thdr seq now flags x y h ox oy oh vl vr i2cf cyc posl posr dutl dutr lexc wrng cycovr
1787958729.474 t 66 553559 31 -2268 -5565 46932 53 0 -84 -67 -64 38 1724 162081 177242 -600 -600 0 0 0
1787958729.523 t 67 553611 31 -2268 -5565 46932 53 0 -84 -67 -64 38 1724 162081 177242 -600 -600 0 0 0
1787958729.585 t 68 553667 31 -2268 -5565 46932 53 0 -84 -67 -64 38 1724 162081 177242 -600 -600 0 0 0
1787958729.635 t 69 553723 31 -2268 -5565 46932 53 0 -84 -67 -64 38 1724 162081 177242 -600 -600 0 0 0
1787958729.686 >>> WHEELS_V 40 40 300 #87
1787958729.689 t 70 553779 31 -2268 -5565 46932 53 0 -84 -67 -64 38 1724 162081 177242 -600 -600 0 0 0
1787958729.705 ack 87 85 timeout
1787958729.755 t 71 553847 31 -2265 -5607 43982 53 0 -84 8 -43 38 1726 161962 176170 600 0 0 0 0
1787958729.830 t 72 553919 35 -2265 -5605 43851 53 0 -83 41 0 38 1729 162004 176170 0 0 0 0 0
1787958729.929 t 73 553991 35 -2265 -5605 43845 53 0 -83 0 0 38 1732 162006 176170 0 0 0 0 0
1787958729.980 t 74 554063 35 -2265 -5605 43845 53 0 -83 0 0 38 1735 162006 176170 0 0 0 0 0
1787958730.031 t 75 554119 35 -2265 -5605 43845 53 0 -83 0 0 38 1737 162006 176170 0 0 0 0 0
1787958730.082 t 76 554175 35 -2265 -5605 43845 53 0 -83 0 0 38 1737 162006 176170 0 0 0 0 0
1787958730.142 t 77 554231 35 -2265 -5605 43845 53 0 -83 0 0 38 1737 162006 176170 0 0 0 0 0
1787958730.196 t 78 554287 35 -2265 -5605 43845 53 0 -83 0 0 38 1737 162006 176170 0 0 0 0 0
1787958730.253 t 79 554343 35 -2265 -5605 43845 53 0 -84 0 0 38 1737 162006 176170 0 0 0 0 0
1787958730.332 t 80 554399 35 -2265 -5605 43845 53 0 -84 0 0 38 1737 162006 176170 0 0 0 0 0
1787958730.362 t 81 554455 35 -2265 -5605 43845 53 0 -84 0 0 38 1737 162006 176170 0 0 0 0 0
1787958730.421 t 82 554511 35 -2265 -5605 43845 53 0 -84 0 0 38 1737 162006 176170 0 0 0 0 0
1787958730.490 t 83 554567 35 -2265 -5605 43845 53 0 -84 0 0 38 1737 162006 176170 0 0 0 0 0
1787958730.530 t 84 554623 35 -2265 -5605 43845 53 0 -84 0 0 38 1737 162006 176170 0 0 0 0 0
1787958730.588 thdr seq now flags x y h ox oy oh vl vr i2cf cyc posl posr dutl dutr lexc wrng cycovr
1787958730.598 t 85 554679 35 -2265 -5605 43845 53 0 -84 0 0 38 1737 162006 176170 0 0 0 0 0
1787958730.639 t 86 554731 35 -2265 -5605 43845 53 0 -84 0 0 38 1737 162006 176170 0 0 0 0 0
1787958730.696 t 87 554787 35 -2265 -5605 43845 53 0 -84 0 0 38 1737 162006 176170 0 0 0 0 0
1787958730.753 t 88 554843 35 -2265 -5605 43845 53 0 -84 0 0 38 1737 162006 176170 0 0 0 0 0
1787958730.807 t 89 554899 35 -2265 -5605 43845 53 0 -83 0 0 38 1737 162006 176170 0 0 0 0 0
1787958730.865 t 90 554955 35 -2265 -5605 43845 53 0 -83 0 0 38 1737 162006 176170 0 0 0 0 0
1787958730.919 t 91 555011 35 -2265 -5605 43845 53 0 -83 0 0 38 1737 162006 176170 0 0 0 0 0
1787958731.046 >>> SET stall_clear 1 #88
1787958731.047 t 92 555067 35 -2265 -5605 43845 53 0 -83 0 0 38 1737 162006 176170 0 0 0 0 0
1787958731.060 t 93 555123 35 -2265 -5605 43845 53 0 -83 0 0 38 1737 162006 176170 0 0 0 0 0
1787958731.078 ack 88 87 stall
1787958731.106 t 94 555179 35 -2265 -5605 43845 53 0 -83 0 0 38 1737 162006 176170 0 0 0 0 0
1787958731.142 t 95 555235 35 -2265 -5605 43845 53 0 -83 0 0 38 1737 162006 176170 0 0 0 0 0
1787958731.202 t 96 555291 35 -2265 -5605 43845 53 0 -83 0 0 38 1737 162006 176170 0 0 0 0 0
1787958731.256 t 97 555347 35 -2265 -5605 43845 53 0 -83 0 0 38 1737 162006 176170 0 0 0 0 0
1787958731.315 t 98 555403 35 -2265 -5605 43845 53 0 -83 0 0 38 1737 162006 176170 0 0 0 0 0
1787958731.371 t 99 555459 35 -2265 -5605 43845 53 0 -83 0 0 38 1737 162006 176170 0 0 0 0 0
1787958731.425 t 100 555515 35 -2265 -5605 43845 53 0 -83 0 0 38 1737 162006 176170 0 0 0 0 0
1787958731.479 t 101 555571 35 -2265 -5605 43845 53 0 -83 0 0 38 1737 162006 176170 0 0 0 0 0
1787958731.543 t 102 555627 35 -2265 -5605 43845 53 0 -83 0 0 38 1737 162006 176170 0 0 0 0 0
1787958731.594 >>> SET stall_window 0 #89
1787958731.595 t 103 555683 35 -2265 -5605 43845 53 0 -83 0 0 38 1737 162006 176170 0 0 0 0 0
1787958731.615 ack 89 87 stall
1787958731.658 thdr seq now flags x y h ox oy oh vl vr i2cf cyc posl posr dutl dutr lexc wrng cycovr
1787958731.659 t 104 555739 35 -2265 -5605 43845 53 0 -83 0 0 38 1737 162006 176170 0 0 0 0 0
1787958731.703 t 105 555791 35 -2265 -5605 43845 53 0 -84 0 0 38 1737 162006 176170 0 0 0 0 0
1787958731.757 t 106 555847 35 -2265 -5605 43845 53 0 -84 0 0 38 1737 162006 176170 0 0 0 0 0
1787958731.818 t 107 555903 35 -2265 -5605 43845 53 0 -84 0 0 38 1737 162006 176170 0 0 0 0 0
1787958731.869 t 108 555959 35 -2265 -5605 43845 53 0 -84 0 0 38 1737 162006 176170 0 0 0 0 0
1787958731.932 t 109 556015 35 -2265 -5605 43845 53 0 -84 0 0 38 1737 162006 176170 0 0 0 0 0
1787958731.982 t 110 556071 35 -2265 -5605 43845 53 0 -84 0 0 38 1737 162006 176170 0 0 0 0 0
1787958732.037 t 111 556127 35 -2265 -5605 43845 53 0 -84 0 0 38 1737 162006 176170 0 0 0 0 0
1787958732.100 t 112 556183 35 -2265 -5605 43845 53 0 -84 0 0 38 1737 162006 176170 0 0 0 0 0
1787958732.102 === STEP REV duty=10% v=-85
1787958732.102 >>> WHEELS_V -85 -85 2000 #90
1787958732.126 ack 90 87 stall
1787958732.154 t 113 556243 31 -2265 -5605 43845 53 0 -84 0 0 38 1738 162006 176170 -1100 -1100 0 0 0
1787958732.266 t 114 556315 31 -2265 -5609 43827 53 0 -84 -82 -82 38 1741 161951 176109 -1100 -1100 0 0 0
1787958732.295 t 115 556387 31 -2267 -5616 43827 53 0 -84 -82 -91 38 1744 161856 176014 -1200 -1200 0 0 0
1787958732.369 t 116 556459 31 -2268 -5622 43836 53 0 -84 -99 -90 38 1747 161756 175917 -1100 -1100 0 0 0
1787958732.440 t 117 556531 31 -2269 -5629 43817 53 0 -83 -88 -96 38 1750 161665 175820 -1100 -1100 0 0 0
1787958732.513 t 118 556603 31 -2271 -5636 43802 53 0 -84 -91 -105 38 1753 161567 175717 -1200 -1200 0 0 0
1787958732.583 t 119 556675 31 -2272 -5642 43811 53 0 -84 -90 -79 38 1756 161473 175626 -1100 -1100 0 0 0
1787958732.656 t 120 556747 31 -2274 -5649 43793 53 0 -84 -96 -96 38 1759 161379 175526 -1100 -1100 0 0 0
1787958732.728 t 121 556819 31 -2275 -5655 43759 53 0 -83 -79 -96 38 1762 161290 175426 -1200 -1200 0 0 0
1787958732.799 t 122 556891 31 -2276 -5662 43734 53 0 -83 -82 -96 38 1765 161195 175323 -1100 -1100 0 0 0
1787958732.876 thdr seq now flags x y h ox oy oh vl vr i2cf cyc posl posr dutl dutr lexc wrng cycovr
1787958732.880 t 123 556963 31 -2278 -5668 43725 53 0 -83 -82 -96 38 1768 161101 175226 -1100 -1100 0 0 0
1787958732.944 t 124 557035 31 -2279 -5675 43709 53 0 -84 -85 -95 38 1771 161006 175126 -1100 -1100 0 0 0
1787958733.017 t 125 557107 31 -2281 -5682 43700 53 0 -84 -96 -96 38 1774 160909 175026 -1100 -1200 0 0 0
1787958733.105 t 126 557179 31 -2283 -5689 43647 53 0 -83 -99 -105 38 1777 160817 174917 -1100 -1100 0 0 0
1787958733.159 t 127 557251 31 -2284 -5695 43619 53 0 -83 -91 -114 38 1780 160723 174814 -1100 -1100 0 0 0
1787958733.232 t 0 557323 31 -2286 -5702 43588 53 0 -84 -82 -105 38 1783 160631 174712 -1200 -1100 0 0 0
1787958733.302 t 1 557395 31 -2288 -5709 43561 53 0 -84 -88 -105 38 1786 160537 174609 -1100 -1100 0 0 0
1787958733.375 t 2 557467 31 -2289 -5715 43545 53 0 -84 -91 -96 38 1789 160442 174509 -1100 -1200 0 0 0
1787958733.448 t 3 557539 31 -2291 -5722 43517 53 0 -84 -91 -99 38 1792 160345 174403 -1100 -1200 0 0 0
1787958733.520 t 4 557611 31 -2293 -5729 43474 53 0 -84 -96 -105 38 1795 160251 174295 -1200 -1100 0 0 0
1787958733.593 t 5 557683 31 -2295 -5736 43455 53 0 -84 -105 -114 38 1798 160154 174192 -1100 -1100 0 0 0
1787958733.663 t 6 557755 31 -2297 -5742 43421 53 0 -84 -96 -108 38 1801 160062 174089 -1100 -1100 0 0 0
1787958733.738 t 7 557827 31 -2298 -5749 43406 53 0 -84 -88 -88 38 1804 159965 173987 -1100 -1100 0 0 0
1787958733.809 t 8 557899 31 -2301 -5756 43378 53 0 -84 -105 -105 38 1807 159865 173878 -1200 -1100 0 0 0
1787958733.879 t 9 557971 31 -2302 -5763 43366 53 0 -84 -99 -111 38 1810 159767 173776 -1200 -1100 0 0 0
1787958733.953 t 10 558043 31 -2304 -5769 43347 53 0 -83 -90 -96 38 1813 159673 173676 -1100 -1100 0 0 0
1787958734.025 t 11 558115 31 -2306 -5776 43328 53 0 -83 -96 -88 38 1816 159573 173570 -1100 -1100 0 0 0
1787958734.098 t 12 558187 31 -2309 -5783 43310 53 0 -83 -96 -99 38 1819 159473 173464 -1100 -1100 0 0 0
1787958734.159 t 13 558243 31 -2310 -5788 43304 53 0 -83 -99 -105 38 1821 159406 173395 -1200 -1200 0 0 0
1787958734.222 thdr seq now flags x y h ox oy oh vl vr i2cf cyc posl posr dutl dutr lexc wrng cycovr
1787958734.222 t 14 558299 31 -2310 -5788 43304 53 0 -83 -99 -105 38 1821 159406 173395 -1200 -1200 0 0 0
1787958734.259 t 15 558351 31 -2310 -5788 43304 53 0 -83 -99 -105 38 1821 159406 173395 -1200 -1200 0 0 0
1787958734.316 t 16 558407 31 -2310 -5788 43304 53 0 -83 -99 -105 38 1821 159406 173395 -1200 -1200 0 0 0
1787958734.379 t 17 558464 31 -2310 -5788 43304 53 0 -83 -99 -105 38 1821 159406 173395 -1200 -1200 0 0 0
1787958734.429 t 18 558519 31 -2310 -5788 43304 53 0 -83 -99 -105 38 1821 159406 173395 -1200 -1200 0 0 0
1787958734.484 t 19 558575 31 -2310 -5788 43304 53 0 -83 -99 -105 38 1821 159406 173395 -1200 -1200 0 0 0
1787958734.541 t 20 558631 31 -2310 -5788 43304 53 0 -83 -99 -105 38 1821 159406 173395 -1200 -1200 0 0 0
1787958734.596 t 21 558687 31 -2310 -5788 43304 53 0 -83 -99 -105 38 1821 159406 173395 -1200 -1200 0 0 0
1787958734.650 t 22 558743 31 -2310 -5788 43304 53 0 -84 -99 -105 38 1821 159406 173395 -1200 -1200 0 0 0
1787958734.710 t 23 558799 31 -2310 -5788 43304 53 0 -84 -99 -105 38 1821 159406 173395 -1200 -1200 0 0 0
1787958734.773 t 24 558855 31 -2310 -5788 43304 53 0 -83 -99 -105 38 1821 159406 173395 -1200 -1200 0 0 0
1787958734.823 t 25 558911 31 -2310 -5788 43304 53 0 -83 -99 -105 38 1821 159406 173395 -1200 -1200 0 0 0
1787958734.870 === BIAS RESET REV 15%
1787958734.870 >>> SET stall_window 50 #91
1787958734.876 t 26 558967 31 -2310 -5788 43304 53 0 -83 -99 -105 38 1821 159406 173395 -1200 -1200 0 0 0
1787958734.889 ack 91 90 timeout
1787958734.932 t 27 559023 31 -2310 -5788 43304 53 0 -83 -99 -105 38 1821 159406 173395 -1200 -1200 0 0 0
1787958734.993 t 28 559079 31 -2310 -5788 43304 53 0 -83 -99 -105 38 1821 159406 173395 -1200 -1200 0 0 0
1787958735.043 t 29 559135 31 -2310 -5788 43304 53 0 -83 -99 -105 38 1821 159406 173395 -1200 -1200 0 0 0
1787958735.101 t 30 559192 31 -2310 -5788 43304 53 0 -83 -99 -105 38 1821 159406 173395 -1200 -1200 0 0 0
1787958735.155 t 31 559247 31 -2310 -5788 43304 53 0 -83 -99 -105 38 1821 159406 173395 -1200 -1200 0 0 0
1787958735.214 t 32 559303 31 -2310 -5788 43304 53 0 -83 -99 -105 38 1821 159406 173395 -1200 -1200 0 0 0
1787958735.268 thdr seq now flags x y h ox oy oh vl vr i2cf cyc posl posr dutl dutr lexc wrng cycovr
1787958735.277 t 33 559359 31 -2310 -5788 43304 53 0 -83 -99 -105 38 1821 159406 173395 -1200 -1200 0 0 0
1787958735.318 t 34 559411 31 -2310 -5788 43304 53 0 -84 -99 -105 38 1821 159406 173395 -1200 -1200 0 0 0
1787958735.373 >>> WHEELS_V 40 40 300 #92
1787958735.375 t 35 559467 31 -2310 -5788 43304 53 0 -84 -99 -105 38 1821 159406 173395 -1200 -1200 0 0 0
1787958735.388 ack 92 90 timeout
1787958735.443 t 36 559535 31 -2362 -5844 38109 53 0 -84 0 -83 38 1823 159156 171467 600 0 0 0 0
1787958735.515 t 37 559607 35 -2361 -5843 37945 53 0 -84 23 0 38 1826 159195 171453 0 0 0 0 0
1787958735.588 t 38 559679 35 -2361 -5843 37945 53 0 -84 0 0 38 1829 159195 171453 0 0 0 0 0
1787958735.658 t 39 559751 35 -2361 -5843 37945 53 0 -84 0 0 38 1832 159195 171453 0 0 0 0 0
1787958735.714 t 40 559807 35 -2361 -5843 37945 53 0 -84 0 0 38 1834 159195 171453 0 0 0 0 0
1787958735.773 t 41 559863 35 -2361 -5843 37945 53 0 -84 0 0 38 1834 159195 171453 0 0 0 0 0
1787958735.826 t 42 559919 35 -2361 -5843 37945 53 0 -84 0 0 38 1834 159195 171453 0 0 0 0 0
1787958735.881 t 43 559975 35 -2361 -5843 37945 53 0 -84 0 0 38 1834 159195 171453 0 0 0 0 0
1787958735.941 t 44 560031 35 -2361 -5843 37945 53 0 -84 0 0 38 1834 159195 171453 0 0 0 0 0
1787958735.995 t 45 560087 35 -2361 -5843 37945 53 0 -83 0 0 38 1834 159195 171453 0 0 0 0 0
1787958736.052 t 46 560143 35 -2361 -5843 37945 53 0 -83 0 0 38 1834 159195 171453 0 0 0 0 0
1787958736.110 t 47 560199 35 -2361 -5843 37945 53 0 -83 0 0 38 1834 159195 171453 0 0 0 0 0
1787958736.162 t 48 560255 35 -2361 -5843 37945 53 0 -83 0 0 38 1834 159195 171453 0 0 0 0 0
1787958736.229 t 49 560311 35 -2361 -5843 37945 53 0 -83 0 0 38 1834 159195 171453 0 0 0 0 0
1787958736.276 t 50 560367 35 -2361 -5843 37945 53 0 -83 0 0 38 1834 159195 171453 0 0 0 0 0
1787958736.332 t 51 560423 35 -2361 -5843 37945 53 0 -83 0 0 38 1834 159195 171453 0 0 0 0 0
1787958736.388 thdr seq now flags x y h ox oy oh vl vr i2cf cyc posl posr dutl dutr lexc wrng cycovr
1787958736.393 t 52 560479 35 -2361 -5843 37945 53 0 -83 0 0 38 1834 159195 171453 0 0 0 0 0
1787958736.453 t 53 560531 35 -2361 -5843 37945 53 0 -84 0 0 38 1834 159195 171453 0 0 0 0 0
1787958736.494 t 54 560587 35 -2361 -5843 37945 53 0 -84 0 0 38 1834 159195 171453 0 0 0 0 0
1787958736.565 t 55 560643 35 -2361 -5843 37945 53 0 -84 0 0 38 1834 159195 171453 0 0 0 0 0
1787958736.660 >>> SET stall_clear 1 #93
1787958736.664 t 56 560699 35 -2361 -5843 37945 53 0 -84 0 0 38 1834 159195 171453 0 0 0 0 0
1787958736.667 t 57 560755 35 -2361 -5843 37945 53 0 -83 0 0 38 1834 159195 171453 0 0 0 0 0
1787958736.714 ack 93 92 stall
1787958736.739 t 58 560811 35 -2361 -5843 37945 53 0 -83 0 0 38 1834 159195 171453 0 0 0 0 0
1787958736.777 t 59 560867 35 -2361 -5843 37945 53 0 -83 0 0 38 1834 159195 171453 0 0 0 0 0
1787958736.831 t 60 560923 35 -2361 -5843 37945 53 0 -83 0 0 38 1834 159195 171453 0 0 0 0 0
1787958736.891 t 61 560979 35 -2361 -5843 37945 53 0 -83 0 0 38 1834 159195 171453 0 0 0 0 0
1787958736.943 t 62 561035 35 -2361 -5843 37945 53 0 -83 0 0 38 1834 159195 171453 0 0 0 0 0
1787958737.006 t 63 561091 35 -2361 -5843 37945 53 0 -83 0 0 38 1834 159195 171453 0 0 0 0 0
1787958737.054 t 64 561147 35 -2361 -5843 37945 53 0 -83 0 0 38 1834 159195 171453 0 0 0 0 0
1787958737.119 t 65 561203 35 -2361 -5843 37945 53 0 -83 0 0 38 1834 159195 171453 0 0 0 0 0
1787958737.222 >>> SET stall_window 0 #94
1787958737.222 t 66 561259 35 -2361 -5843 37945 53 0 -83 0 0 38 1834 159195 171453 0 0 0 0 0
1787958737.225 t 67 561315 35 -2361 -5843 37945 53 0 -83 0 0 38 1834 159195 171453 0 0 0 0 0
1787958737.248 ack 94 92 stall
1787958737.287 t 68 561371 35 -2361 -5843 37945 53 0 -83 0 0 38 1834 159195 171453 0 0 0 0 0
1787958737.334 t 69 561427 35 -2361 -5843 37945 53 0 -83 0 0 38 1834 159195 171453 0 0 0 0 0
1787958737.391 t 70 561483 35 -2361 -5843 37945 53 0 -83 0 0 38 1834 159195 171453 0 0 0 0 0
1787958737.453 thdr seq now flags x y h ox oy oh vl vr i2cf cyc posl posr dutl dutr lexc wrng cycovr
1787958737.455 t 71 561539 35 -2361 -5843 37945 53 0 -83 0 0 38 1834 159195 171453 0 0 0 0 0
1787958737.509 t 72 561591 35 -2361 -5843 37945 53 0 -83 0 0 38 1834 159195 171453 0 0 0 0 0
1787958737.557 t 73 561647 35 -2361 -5843 37945 53 0 -83 0 0 38 1834 159195 171453 0 0 0 0 0
1787958737.613 t 74 561703 35 -2361 -5843 37945 53 0 -83 0 0 38 1834 159195 171453 0 0 0 0 0
1787958737.666 t 75 561759 35 -2361 -5843 37945 53 0 -83 0 0 38 1834 159195 171453 0 0 0 0 0
1787958737.723 t 76 561815 35 -2361 -5843 37945 53 0 -83 0 0 38 1834 159195 171453 0 0 0 0 0
1787958737.725 === STEP REV duty=15% v=-128
1787958737.730 >>> WHEELS_V -128 -128 2000 #95
1787958737.753 ack 95 92 stall
1787958737.793 t 77 561875 31 -2361 -5843 37945 53 0 -83 0 0 38 1835 159195 171453 -1700 -1700 0 0 0
1787958737.860 t 78 561947 31 -2367 -5845 37911 53 0 -83 -114 -128 38 1838 159112 171359 -1700 -1700 0 0 0
1787958737.930 t 79 562019 31 -2376 -5849 37896 53 0 -83 -137 -152 38 1841 158970 171212 -1700 -1700 0 0 0
1787958738.002 t 80 562091 31 -2386 -5852 37893 53 0 -83 -146 -137 38 1844 158829 171070 -1700 -1700 0 0 0
1787958738.079 t 81 562163 31 -2395 -5855 37859 53 0 -83 -137 -155 38 1847 158687 170917 -1700 -1700 0 0 0
1787958738.154 t 82 562235 31 -2405 -5859 37834 53 0 -83 -140 -163 38 1850 158542 170764 -1600 -1600 0 0 0
1787958738.219 t 83 562307 31 -2415 -5862 37824 53 0 -83 -128 -146 38 1853 158401 170620 -1700 -1700 0 0 0
1787958738.289 t 84 562379 31 -2425 -5865 37824 53 0 -83 -152 -146 38 1856 158254 170473 -1700 -1700 0 0 0
1787958738.361 t 85 562451 31 -2435 -5868 37800 53 0 -84 -155 -146 38 1859 158109 170320 -1700 -1700 0 0 0
1787958738.436 t 86 562523 31 -2444 -5871 37766 53 0 -84 -123 -128 38 1862 157973 170173 -1700 -1700 0 0 0
1787958738.514 t 87 562595 31 -2454 -5874 37753 53 0 -83 -146 -146 38 1865 157829 170025 -1700 -1700 0 0 0
1787958738.576 t 88 562667 31 -2463 -5877 37713 53 0 -83 -129 -146 38 1868 157690 169873 -1700 -1700 0 0 0
1787958738.648 t 89 562739 31 -2473 -5880 37704 53 0 -83 -146 -146 38 1871 157545 169725 -1700 -1700 0 0 0
1787958738.720 thdr seq now flags x y h ox oy oh vl vr i2cf cyc posl posr dutl dutr lexc wrng cycovr
1787958738.729 t 90 562811 31 -2483 -5883 37664 53 0 -83 -140 -152 38 1874 157406 169573 -1700 -1700 0 0 0
1787958738.793 t 91 562883 31 -2492 -5886 37654 53 0 -83 -140 -140 38 1877 157267 169431 -1700 -1700 0 0 0
1787958738.876 t 92 562955 31 -2502 -5889 37626 53 0 -83 -137 -146 38 1880 157126 169281 -1700 -1700 0 0 0
1787958738.943 t 93 563027 31 -2512 -5892 37620 53 0 -83 -146 -146 38 1883 156984 169137 -1700 -1700 0 0 0
1787958739.011 t 94 563099 31 -2522 -5895 37611 53 0 -83 -146 -131 38 1886 156842 168992 -1700 -1700 0 0 0
1787958739.080 t 95 563171 31 -2531 -5897 37568 53 0 -83 -131 -146 38 1889 156706 168842 -1700 -1700 0 0 0
1787958739.154 t 96 563243 31 -2541 -5900 37558 53 0 -83 -128 -146 38 1892 156565 168698 -1700 -1700 0 0 0
1787958739.296 t 97 563315 31 -2551 -5903 37540 53 0 -83 -137 -155 38 1895 156423 168550 -1700 -1700 0 0 0
1787958739.316 t 98 563387 31 -2560 -5905 37530 53 0 -83 -146 -146 38 1898 156279 168403 -1700 -1700 0 0 0
1787958739.366 t 99 563459 31 -2570 -5908 37534 53 0 -83 -137 -137 38 1901 156134 168259 -1700 -1700 0 0 0
1787958739.441 t 100 563531 31 -2580 -5911 37515 53 0 -83 -137 -146 38 1904 155990 168109 -1700 -1700 0 0 0
1787958739.513 t 101 563603 31 -2590 -5914 37499 53 0 -83 -137 -137 38 1907 155845 167959 -1700 -1700 0 0 0
1787958739.585 t 102 563675 31 -2600 -5916 37481 53 0 -83 -146 -146 38 1910 155701 167809 -1600 -1700 0 0 0
1787958739.657 t 103 563747 31 -2610 -5919 37472 53 0 -83 -152 -146 38 1913 155554 167659 -1700 -1700 0 0 0
1787958739.736 t 104 563819 31 -2620 -5921 37447 53 0 -83 -146 -146 38 1916 155412 167509 -1700 -1700 0 0 0
1787958739.784 t 105 563875 31 -2627 -5923 37447 53 0 -83 -129 -146 38 1918 155312 167409 -1700 -1700 0 0 0
1787958739.839 t 106 563931 31 -2627 -5923 37447 53 0 -83 -129 -146 38 1918 155312 167409 -1700 -1700 0 0 0
1787958739.896 t 107 563987 31 -2627 -5923 37447 53 0 -83 -129 -146 38 1918 155312 167409 -1700 -1700 0 0 0
1787958739.990 t 108 564043 31 -2627 -5923 37447 53 0 -83 -129 -146 38 1918 155312 167409 -1700 -1700 0 0 0
1787958740.020 thdr seq now flags x y h ox oy oh vl vr i2cf cyc posl posr dutl dutr lexc wrng cycovr
1787958740.023 t 109 564099 31 -2627 -5923 37447 53 0 -83 -129 -146 38 1918 155312 167409 -1700 -1700 0 0 0
1787958740.060 t 110 564151 31 -2627 -5923 37447 53 0 -83 -129 -146 38 1918 155312 167409 -1700 -1700 0 0 0
1787958740.116 t 111 564207 31 -2627 -5923 37447 53 0 -83 -129 -146 38 1918 155312 167409 -1700 -1700 0 0 0
1787958740.211 t 112 564263 31 -2627 -5923 37447 53 0 -83 -129 -146 38 1918 155312 167409 -1700 -1700 0 0 0
1787958740.247 t 113 564319 31 -2627 -5923 37447 53 0 -83 -129 -146 38 1918 155312 167409 -1700 -1700 0 0 0
1787958740.289 t 114 564375 31 -2627 -5923 37447 53 0 -83 -129 -146 38 1918 155312 167409 -1700 -1700 0 0 0
1787958740.351 t 115 564431 31 -2627 -5923 37447 53 0 -83 -129 -146 38 1918 155312 167409 -1700 -1700 0 0 0
1787958740.395 t 116 564487 31 -2627 -5923 37447 53 0 -83 -129 -146 38 1918 155312 167409 -1700 -1700 0 0 0
1787958740.455 t 117 564543 31 -2627 -5923 37447 53 0 -83 -129 -146 38 1918 155312 167409 -1700 -1700 0 0 0
1787958740.520 === BIAS RESET REV 20%
1787958740.522 >>> SET stall_window 50 #96
1787958740.525 t 118 564600 31 -2627 -5923 37447 53 0 -83 -129 -146 38 1918 155312 167409 -1700 -1700 0 0 0
1787958740.534 ack 96 95 timeout
1787958740.564 t 119 564655 31 -2627 -5923 37447 53 0 -83 -129 -146 38 1918 155312 167409 -1700 -1700 0 0 0
1787958740.625 t 120 564711 31 -2627 -5923 37447 53 0 -83 -129 -146 38 1918 155312 167409 -1700 -1700 0 0 0
1787958740.675 t 121 564767 31 -2627 -5923 37447 53 0 -83 -129 -146 38 1918 155312 167409 -1700 -1700 0 0 0
1787958740.734 t 122 564823 31 -2627 -5923 37447 53 0 -83 -129 -146 38 1918 155312 167409 -1700 -1700 0 0 0
1787958740.791 t 123 564879 31 -2627 -5923 37447 53 0 -83 -129 -146 38 1918 155312 167409 -1700 -1700 0 0 0
1787958740.843 t 124 564935 31 -2627 -5923 37447 53 0 -83 -129 -146 38 1918 155312 167409 -1700 -1700 0 0 0
1787958740.901 t 125 564991 31 -2627 -5923 37447 53 0 -83 -129 -146 38 1918 155312 167409 -1700 -1700 0 0 0
1787958740.965 t 126 565047 31 -2627 -5923 37447 53 0 -83 -129 -146 38 1918 155312 167409 -1700 -1700 0 0 0
1787958741.014 t 127 565103 31 -2627 -5923 37447 53 0 -83 -129 -146 38 1918 155312 167409 -1700 -1700 0 0 0
1787958741.072 thdr seq now flags x y h ox oy oh vl vr i2cf cyc posl posr dutl dutr lexc wrng cycovr
1787958741.075 >>> WHEELS_V 40 40 300 #97
1787958741.078 t 0 565159 31 -2627 -5923 37447 53 0 -83 -129 -146 38 1918 155312 167409 -1700 -1700 0 0 0
1787958741.091 ack 97 95 timeout
1787958741.128 t 1 565215 31 -2638 -5927 38496 53 0 -83 -18 -146 39 1919 154973 167409 500 0 0 0 0
1787958741.196 t 2 565287 35 -2732 -5894 29457 53 0 -82 41 -32 39 1922 155004 164520 0 0 0 0 0
1787958741.272 t 3 565359 35 -2732 -5894 29423 53 0 -82 0 0 39 1925 155015 164520 0 0 0 0 0
1787958741.341 t 4 565431 35 -2732 -5894 29423 53 0 -82 0 0 39 1928 155015 164520 0 0 0 0 0
1787958741.434 t 5 565503 35 -2732 -5894 29423 53 0 -82 0 0 39 1931 155015 164520 0 0 0 0 0
1787958741.471 t 6 565559 35 -2732 -5894 29423 53 0 -82 0 0 39 1931 155015 164520 0 0 0 0 0
1787958741.538 t 7 565615 35 -2732 -5894 29423 53 0 -82 0 0 39 1931 155015 164520 0 0 0 0 0
1787958741.579 t 8 565671 35 -2732 -5894 29423 53 0 -82 0 0 39 1931 155015 164520 0 0 0 0 0
1787958741.638 t 9 565727 35 -2732 -5894 29423 53 0 -82 0 0 39 1931 155015 164520 0 0 0 0 0
1787958741.695 t 10 565783 35 -2732 -5894 29423 53 0 -82 0 0 39 1931 155015 164520 0 0 0 0 0
1787958741.749 t 11 565839 35 -2732 -5894 29423 53 0 -82 0 0 39 1931 155015 164520 0 0 0 0 0
1787958741.805 t 12 565895 35 -2732 -5894 29423 53 0 -82 0 0 39 1931 155015 164520 0 0 0 0 0
1787958741.858 t 13 565951 35 -2732 -5894 29423 53 0 -82 0 0 39 1931 155015 164520 0 0 0 0 0
1787958741.919 t 14 566007 35 -2732 -5894 29423 53 0 -82 0 0 39 1931 155015 164520 0 0 0 0 0
1787958741.974 t 15 566063 35 -2732 -5894 29423 53 0 -82 0 0 39 1931 155015 164520 0 0 0 0 0
1787958742.028 t 16 566119 35 -2732 -5894 29423 53 0 -82 0 0 39 1931 155015 164520 0 0 0 0 0
1787958742.085 t 17 566175 35 -2732 -5894 29423 53 0 -82 0 0 39 1931 155015 164520 0 0 0 0 0
1787958742.138 t 18 566231 35 -2732 -5894 29423 53 0 -82 0 0 39 1931 155015 164520 0 0 0 0 0
1787958742.198 thdr seq now flags x y h ox oy oh vl vr i2cf cyc posl posr dutl dutr lexc wrng cycovr
1787958742.202 t 19 566287 35 -2732 -5894 29423 53 0 -82 0 0 39 1931 155015 164520 0 0 0 0 0
1787958742.246 t 20 566339 35 -2732 -5894 29423 53 0 -82 0 0 39 1931 155015 164520 0 0 0 0 0
1787958742.303 t 21 566395 35 -2732 -5894 29423 53 0 -82 0 0 39 1931 155015 164520 0 0 0 0 0
1787958742.354 >>> SET stall_clear 1 #98
1787958742.363 t 22 566451 35 -2732 -5894 29423 53 0 -82 0 0 39 1931 155015 164520 0 0 0 0 0
1787958742.370 ack 98 97 stall
1787958742.418 t 23 566507 35 -2732 -5894 29423 53 0 -82 0 0 39 1931 155015 164520 0 0 0 0 0
1787958742.470 t 24 566563 35 -2732 -5894 29423 53 0 -82 0 0 39 1931 155015 164520 0 0 0 0 0
1787958742.526 t 25 566619 35 -2732 -5894 29423 53 0 -82 0 0 39 1931 155015 164520 0 0 0 0 0
1787958742.629 t 26 566675 35 -2732 -5894 29423 53 0 -82 0 0 39 1931 155015 164520 0 0 0 0 0
1787958742.641 t 27 566731 35 -2732 -5894 29423 53 0 -82 0 0 39 1931 155015 164520 0 0 0 0 0
1787958742.706 t 28 566787 35 -2732 -5894 29423 53 0 -82 0 0 39 1931 155015 164520 0 0 0 0 0
1787958742.750 t 29 566843 35 -2732 -5894 29423 53 0 -82 0 0 39 1931 155015 164520 0 0 0 0 0
1787958742.808 t 30 566899 35 -2732 -5894 29423 53 0 -82 0 0 39 1931 155015 164520 0 0 0 0 0
1787958742.860 >>> SET stall_window 0 #99
1787958742.862 t 31 566955 35 -2732 -5894 29423 53 0 -82 0 0 39 1931 155015 164520 0 0 0 0 0
1787958742.875 ack 99 97 stall
1787958742.920 t 32 567011 35 -2732 -5894 29423 53 0 -82 0 0 39 1931 155015 164520 0 0 0 0 0
1787958742.981 t 33 567067 35 -2732 -5894 29423 53 0 -82 0 0 39 1931 155015 164520 0 0 0 0 0
1787958743.035 t 34 567123 35 -2732 -5894 29423 53 0 -82 0 0 39 1931 155015 164520 0 0 0 0 0
1787958743.089 t 35 567179 35 -2732 -5894 29423 53 0 -82 0 0 39 1931 155015 164520 0 0 0 0 0
1787958743.147 t 36 567235 35 -2732 -5894 29423 53 0 -82 0 0 39 1931 155015 164520 0 0 0 0 0
1787958743.198 t 37 567291 35 -2732 -5894 29423 53 0 -82 0 0 39 1931 155015 164520 0 0 0 0 0
1787958743.257 thdr seq now flags x y h ox oy oh vl vr i2cf cyc posl posr dutl dutr lexc wrng cycovr
1787958743.263 t 38 567347 35 -2732 -5894 29423 53 0 -82 0 0 39 1931 155015 164520 0 0 0 0 0
1787958743.306 t 39 567399 35 -2732 -5894 29423 53 0 -82 0 0 39 1931 155015 164520 0 0 0 0 0
1787958743.363 === STEP REV duty=20% v=-170
1787958743.364 >>> WHEELS_V -170 -170 2000 #100
1787958743.364 t 40 567455 35 -2732 -5894 29423 53 0 -82 0 0 39 1931 155015 164520 0 0 0 0 0
1787958743.374 ack 100 97 stall
1787958743.430 t 41 567523 31 -2732 -5893 29405 53 0 -82 -35 -50 39 1933 155001 164500 -2300 -2300 0 0 0
1787958743.503 t 42 567595 31 -2737 -5883 29398 53 0 -82 -163 -164 39 1936 154845 164342 -2200 -2200 0 0 0
1787958743.578 t 43 567667 31 -2742 -5871 29355 53 0 -82 -178 -196 39 1939 154662 164145 -2300 -2300 0 0 0
1787958743.648 t 44 567739 31 -2747 -5859 29321 53 0 -81 -163 -187 39 1942 154484 163956 -2300 -2300 0 0 0
1787958743.729 t 45 567811 31 -2753 -5847 29278 53 0 -81 -169 -193 39 1945 154301 163759 -2200 -2200 0 0 0
1787958743.796 t 46 567883 31 -2758 -5835 29225 53 0 -81 -169 -196 39 1948 154123 163564 -2300 -2300 0 0 0
1787958743.863 t 47 567955 31 -2763 -5823 29191 53 0 -81 -169 -196 39 1951 153940 163370 -2300 -2200 0 0 0
1787958743.940 t 48 568027 31 -2768 -5810 29138 53 0 -81 -178 -187 39 1954 153762 163175 -2200 -2200 0 0 0
1787958744.007 t 49 568099 31 -2772 -5798 29089 53 0 -81 -178 -196 39 1957 153584 162981 -2300 -2300 0 0 0
1787958744.080 t 50 568171 31 -2777 -5786 29036 53 0 -81 -169 -201 39 1960 153404 162784 -2300 -2200 0 0 0
1787958744.153 t 51 568243 31 -2781 -5774 29002 53 0 -81 -169 -178 39 1963 153223 162592 -2200 -2300 0 0 0
1787958744.223 t 52 568315 31 -2786 -5761 28934 53 0 -81 -178 -196 39 1966 153045 162392 -2300 -2200 0 0 0
1787958744.295 t 53 568387 31 -2790 -5749 28916 53 0 -81 -169 -196 39 1969 152862 162203 -2300 -2300 0 0 0
1787958744.367 t 54 568459 31 -2795 -5737 28866 53 0 -81 -178 -187 40 1972 152684 162009 -2200 -2200 0 0 0
1787958744.446 t 55 568531 31 -2799 -5724 28847 53 0 -81 -178 -169 40 1975 152501 161820 -2300 -2300 0 0 0
1787958744.514 t 56 568603 31 -2803 -5711 28829 53 0 -81 -178 -196 40 1978 152312 161625 -2200 -2200 0 0 0
1787958744.582 thdr seq now flags x y h ox oy oh vl vr i2cf cyc posl posr dutl dutr lexc wrng cycovr
1787958744.591 t 57 568675 31 -2807 -5699 28795 53 0 -81 -178 -195 40 1981 152129 161431 -2200 -2300 0 0 0
1787958744.656 t 58 568747 31 -2811 -5686 28779 53 0 -81 -175 -180 40 1984 151945 161242 -2300 -2200 0 0 0
1787958744.727 t 59 568819 31 -2815 -5674 28776 53 0 -81 -184 -187 40 1987 151754 161050 -2200 -2200 0 0 0
1787958744.807 t 60 568891 31 -2819 -5661 28745 53 0 -81 -187 -196 40 1990 151567 160853 -2300 -2300 0 0 0
1787958744.878 t 61 568963 31 -2823 -5648 28721 53 0 -81 -178 -193 40 1993 151384 160662 -2300 -2200 0 0 0
1787958744.954 t 62 569035 31 -2827 -5635 28686 53 0 -81 -178 -201 40 1996 151195 160462 -2200 -2300 0 0 0
1787958745.109 t 63 569107 31 -2831 -5622 28668 53 0 -81 -196 -204 40 1999 151006 160267 -2300 -2300 0 0 0
1787958745.112 t 64 569179 31 -2835 -5610 28649 53 0 -80 -178 -181 40 2002 150820 160075 -2200 -2200 0 0 0
1787958745.166 t 65 569251 31 -2839 -5597 28587 53 0 -80 -178 -196 40 2005 150640 159875 -2300 -2300 0 0 0
1787958745.232 t 66 569323 31 -2842 -5584 28538 53 0 -80 -178 -196 40 2008 150456 159675 -2200 -2300 0 0 0
1787958745.305 t 67 569395 31 -2846 -5571 28504 53 0 -80 -178 -196 40 2011 150273 159481 -2300 -2200 0 0 0
1787958745.405 t 68 569467 31 -2849 -5558 28461 53 0 -80 -187 -196 40 2014 150087 159281 -2200 -2200 0 0 0
1787958745.435 t 69 569523 31 -2850 -5554 28461 53 0 -80 -187 -187 40 2015 150023 159217 -2300 -2300 0 0 0
1787958745.488 t 70 569579 31 -2850 -5554 28461 53 0 -80 -187 -187 40 2015 150023 159217 -2300 -2300 0 0 0
1787958745.544 t 71 569635 31 -2850 -5554 28461 53 0 -80 -187 -187 40 2015 150023 159217 -2300 -2300 0 0 0
1787958745.608 t 72 569691 31 -2850 -5554 28461 53 0 -80 -187 -187 40 2015 150023 159217 -2300 -2300 0 0 0
1787958745.656 t 73 569748 31 -2850 -5554 28461 53 0 -80 -187 -187 40 2015 150023 159217 -2300 -2300 0 0 0
1787958745.713 t 74 569803 31 -2850 -5554 28461 53 0 -80 -187 -187 40 2015 150023 159217 -2300 -2300 0 0 0
1787958745.768 t 75 569859 31 -2850 -5554 28461 53 0 -80 -187 -187 40 2015 150023 159217 -2300 -2300 0 0 0
1787958745.827 thdr seq now flags x y h ox oy oh vl vr i2cf cyc posl posr dutl dutr lexc wrng cycovr
1787958745.833 t 76 569915 31 -2850 -5554 28461 53 0 -80 -187 -187 40 2015 150023 159217 -2300 -2300 0 0 0
1787958745.881 t 77 569967 31 -2850 -5554 28461 53 0 -80 -187 -187 40 2015 150023 159217 -2300 -2300 0 0 0
1787958745.932 t 78 570023 31 -2850 -5554 28461 53 0 -80 -187 -187 40 2015 150023 159217 -2300 -2300 0 0 0
1787958745.987 t 79 570079 31 -2850 -5554 28461 53 0 -80 -187 -187 40 2015 150023 159217 -2300 -2300 0 0 0
1787958746.044 t 80 570135 31 -2850 -5554 28461 53 0 -80 -187 -187 40 2015 150023 159217 -2300 -2300 0 0 0
1787958746.098 t 81 570191 31 -2850 -5554 28461 53 0 -80 -187 -187 40 2015 150023 159217 -2300 -2300 0 0 0
1787958746.150 === BIAS RESET REV 25%
1787958746.150 >>> SET stall_window 50 #101
1787958746.156 t 82 570247 31 -2850 -5554 28461 53 0 -80 -187 -187 40 2015 150023 159217 -2300 -2300 0 0 0
1787958746.165 ack 101 100 timeout
1787958746.213 t 83 570303 31 -2850 -5554 28461 53 0 -80 -187 -187 40 2015 150023 159217 -2300 -2300 0 0 0
1787958746.270 t 84 570359 31 -2850 -5554 28461 53 0 -80 -187 -187 40 2015 150023 159217 -2300 -2300 0 0 0
1787958746.328 t 85 570415 31 -2850 -5554 28461 53 0 -80 -187 -187 40 2015 150023 159217 -2300 -2300 0 0 0
1787958746.380 t 86 570471 31 -2850 -5554 28461 53 0 -80 -187 -187 40 2015 150023 159217 -2300 -2300 0 0 0
1787958746.441 t 87 570528 31 -2850 -5554 28461 53 0 -80 -187 -187 40 2015 150023 159217 -2300 -2300 0 0 0
1787958746.495 t 88 570583 31 -2850 -5554 28461 53 0 -80 -187 -187 40 2015 150023 159217 -2300 -2300 0 0 0
1787958746.547 t 89 570639 31 -2850 -5554 28461 53 0 -80 -187 -187 40 2015 150023 159217 -2300 -2300 0 0 0
1787958746.686 t 90 570695 31 -2850 -5554 28461 53 0 -80 -187 -187 40 2015 150023 159217 -2300 -2300 0 0 0
1787958746.701 >>> WHEELS_V 40 40 300 #102
1787958746.701 t 91 570751 31 -2850 -5554 28461 53 0 -80 -187 -187 40 2015 150023 159217 -2300 -2300 0 0 0
1787958746.749 t 92 570807 31 -2850 -5554 28461 53 0 -80 -187 -187 40 2015 150023 159217 -2300 -2300 0 0 0
1787958746.749 ack 102 100 timeout
1787958746.780 t 93 570867 31 -2761 -5438 17960 53 0 -80 8 -188 40 2017 149612 155414 600 0 0 0 0
1787958746.850 t 94 570939 35 -2759 -5438 17626 53 0 -80 18 -53 41 2020 149640 155334 0 0 0 0 0
1787958746.921 thdr seq now flags x y h ox oy oh vl vr i2cf cyc posl posr dutl dutr lexc wrng cycovr
1787958746.928 t 95 571011 35 -2759 -5438 17626 53 0 -80 0 0 41 2023 149640 155334 0 0 0 0 0
1787958746.997 t 96 571083 35 -2759 -5438 17626 53 0 -79 0 0 41 2026 149640 155334 0 0 0 0 0
1787958747.045 t 97 571139 35 -2759 -5438 17626 53 0 -79 0 0 41 2028 149640 155334 0 0 0 0 0
1787958747.111 t 98 571195 35 -2759 -5438 17626 53 0 -79 0 0 41 2028 149640 155334 0 0 0 0 0
1787958747.159 t 99 571251 35 -2759 -5438 17626 53 0 -79 0 0 41 2028 149640 155334 0 0 0 0 0
1787958747.213 t 100 571307 35 -2759 -5438 17626 53 0 -79 0 0 41 2028 149640 155334 0 0 0 0 0
1787958747.269 t 101 571363 35 -2759 -5438 17626 53 0 -79 0 0 41 2028 149640 155334 0 0 0 0 0
1787958747.326 t 102 571419 35 -2759 -5438 17626 53 0 -79 0 0 41 2028 149640 155334 0 0 0 0 0
1787958747.381 t 103 571475 35 -2759 -5438 17626 53 0 -79 0 0 41 2028 149640 155334 0 0 0 0 0
1787958747.440 t 104 571531 35 -2759 -5438 17626 53 0 -79 0 0 41 2028 149640 155334 0 0 0 0 0
1787958747.494 t 105 571587 35 -2759 -5438 17626 53 0 -79 0 0 41 2028 149640 155334 0 0 0 0 0
1787958747.552 t 106 571643 35 -2759 -5438 17626 53 0 -79 0 0 41 2028 149640 155334 0 0 0 0 0
1787958747.607 t 107 571699 35 -2759 -5438 17626 53 0 -79 0 0 41 2028 149640 155334 0 0 0 0 0
1787958747.662 t 108 571755 35 -2759 -5438 17626 53 0 -79 0 0 41 2028 149640 155334 0 0 0 0 0
1787958747.723 t 109 571811 35 -2759 -5438 17626 53 0 -79 0 0 41 2028 149640 155334 0 0 0 0 0
1787958747.775 t 110 571867 35 -2759 -5438 17626 53 0 -79 0 0 41 2028 149640 155334 0 0 0 0 0
1787958747.847 t 111 571923 35 -2759 -5438 17626 53 0 -79 0 0 41 2028 149640 155334 0 0 0 0 0
1787958747.885 t 112 571979 35 -2759 -5438 17626 53 0 -79 0 0 41 2028 149640 155334 0 0 0 0 0
1787958747.942 t 113 572035 35 -2759 -5438 17626 53 0 -79 0 0 41 2028 149640 155334 0 0 0 0 0
1787958747.995 >>> SET stall_clear 1 #103
1787958748.002 thdr seq now flags x y h ox oy oh vl vr i2cf cyc posl posr dutl dutr lexc wrng cycovr
1787958748.011 t 114 572091 35 -2759 -5438 17626 53 0 -79 0 0 41 2028 149640 155334 0 0 0 0 0
1787958748.016 ack 103 102 stall
1787958748.052 t 115 572143 35 -2759 -5438 17626 53 0 -79 0 0 41 2028 149640 155334 0 0 0 0 0
1787958748.105 t 116 572199 35 -2759 -5438 17626 53 0 -79 0 0 41 2028 149640 155334 0 0 0 0 0
1787958748.168 t 117 572255 35 -2759 -5438 17626 53 0 -79 0 0 41 2028 149640 155334 0 0 0 0 0
1787958748.219 t 118 572311 35 -2759 -5438 17626 53 0 -79 0 0 41 2028 149640 155334 0 0 0 0 0
1787958748.291 t 119 572367 35 -2759 -5438 17626 53 0 -79 0 0 41 2028 149640 155334 0 0 0 0 0
1787958748.338 t 120 572423 35 -2759 -5438 17626 53 0 -79 0 0 41 2028 149640 155334 0 0 0 0 0
1787958748.386 t 121 572479 35 -2759 -5438 17626 53 0 -79 0 0 41 2028 149640 155334 0 0 0 0 0
1787958748.444 t 122 572535 35 -2759 -5438 17626 53 0 -79 0 0 41 2028 149640 155334 0 0 0 0 0
1787958748.500 >>> SET stall_window 0 #104
1787958748.501 t 123 572591 35 -2759 -5438 17626 53 0 -79 0 0 41 2028 149640 155334 0 0 0 0 0
1787958748.518 ack 104 102 stall
1787958748.557 t 124 572647 35 -2759 -5438 17626 53 0 -79 0 0 41 2028 149640 155334 0 0 0 0 0
1787958748.616 t 125 572703 35 -2759 -5438 17626 53 0 -79 0 0 41 2028 149640 155334 0 0 0 0 0
1787958748.666 t 126 572759 35 -2759 -5438 17626 53 0 -79 0 0 41 2028 149640 155334 0 0 0 0 0
1787958748.724 t 127 572815 35 -2759 -5438 17626 53 0 -79 0 0 41 2028 149640 155334 0 0 0 0 0
1787958748.782 t 0 572871 35 -2759 -5438 17626 53 0 -79 0 0 41 2028 149640 155334 0 0 0 0 0
1787958748.836 t 1 572927 35 -2759 -5438 17626 53 0 -79 0 0 41 2028 149640 155334 0 0 0 0 0
1787958748.891 t 2 572983 35 -2759 -5438 17626 53 0 -79 0 0 41 2028 149640 155334 0 0 0 0 0
1787958748.951 t 3 573039 35 -2759 -5438 17626 53 0 -79 0 0 41 2028 149640 155334 0 0 0 0 0
1787958749.001 t 4 573095 35 -2759 -5438 17626 53 0 -79 0 0 41 2028 149640 155334 0 0 0 0 0
1787958749.003 === STEP REV duty=25% v=-213
1787958749.003 >>> WHEELS_V -213 -213 2000 #105
1787958749.014 ack 105 102 stall
1787958749.072 thdr seq now flags x y h ox oy oh vl vr i2cf cyc posl posr dutl dutr lexc wrng cycovr
1787958749.080 t 5 573163 31 -2758 -5438 17626 53 0 -79 -43 -43 41 2030 149623 155317 -2800 -2800 0 0 0
1787958749.144 t 6 573235 31 -2745 -5439 17592 53 0 -79 -215 -215 41 2033 149437 155120 -2800 -2800 0 0 0
1787958749.216 t 7 573307 31 -2729 -5440 17549 53 0 -79 -213 -228 41 2036 149217 154886 -2800 -2800 0 0 0
1787958749.286 t 8 573379 31 -2713 -5441 17521 53 0 -78 -225 -237 41 2039 148990 154650 -2800 -2800 0 0 0
1787958749.363 t 9 573451 31 -2696 -5442 17505 53 0 -79 -237 -228 41 2042 148759 154414 -2800 -2800 0 0 0
1787958749.435 t 10 573523 31 -2680 -5444 17499 53 0 -79 -228 -228 41 2045 148528 154181 -2800 -2800 0 0 0
1787958749.503 t 11 573595 31 -2664 -5445 17481 53 0 -79 -242 -228 41 2048 148295 153942 -2800 -2800 0 0 0
1787958749.574 t 12 573667 31 -2647 -5447 17437 53 0 -79 -219 -236 41 2051 148067 153700 -2800 -2800 0 0 0
1787958749.649 t 13 573739 31 -2631 -5448 17437 53 0 -79 -228 -245 41 2054 147831 153464 -2800 -2800 0 0 0
1787958749.719 t 14 573811 31 -2615 -5450 17409 53 0 -79 -225 -228 41 2057 147601 153225 -2800 -2800 0 0 0
1787958749.794 t 15 573883 31 -2598 -5452 17388 53 0 -79 -228 -219 41 2060 147367 152984 -2800 -2800 0 0 0
1787958749.875 t 16 573955 31 -2581 -5454 17369 53 0 -79 -236 -227 41 2063 147131 152742 -2800 -2800 0 0 0
1787958749.941 t 17 574027 31 -2565 -5456 17292 53 0 -79 -228 -251 41 2066 146906 152492 -2900 -2800 0 0 0
1787958750.036 t 18 574099 31 -2549 -5458 17264 53 0 -79 -219 -242 41 2069 146676 152253 -2800 -2800 0 0 0
1787958750.096 t 19 574171 31 -2532 -5460 17205 53 0 -79 -219 -242 41 2072 146448 152006 -2900 -2800 0 0 0
1787958750.155 t 20 574243 31 -2516 -5462 17199 53 0 -79 -219 -233 41 2075 146217 151773 -2800 -2800 0 0 0
1787958750.223 t 21 574315 31 -2500 -5464 17152 53 0 -79 -225 -228 41 2078 145990 151531 -2800 -2800 0 0 0
1787958750.298 t 22 574387 31 -2484 -5467 17118 53 0 -79 -228 -219 41 2081 145762 151292 -2800 -2800 0 0 0
1787958750.369 t 23 574459 31 -2467 -5469 17084 53 0 -79 -219 -237 41 2084 145531 151050 -2800 -2900 0 0 0
1787958750.443 thdr seq now flags x y h ox oy oh vl vr i2cf cyc posl posr dutl dutr lexc wrng cycovr
1787958750.451 t 24 574531 31 -2451 -5472 17050 53 0 -79 -234 -234 41 2087 145298 150806 -2800 -2800 0 0 0
1787958750.533 t 25 574603 31 -2435 -5475 17057 53 0 -79 -208 -230 41 2090 145065 150575 -2800 -2800 0 0 0
1787958750.593 t 26 574675 31 -2418 -5478 16998 53 0 -79 -228 -245 41 2093 144834 150325 -2800 -2900 0 0 0
1787958750.659 t 27 574747 31 -2402 -5480 16998 53 0 -79 -219 -228 41 2096 144601 150092 -2800 -2800 0 0 0
1787958750.728 t 28 574819 31 -2385 -5483 16967 53 0 -79 -228 -234 41 2099 144367 149848 -2800 -2800 0 0 0
1787958750.801 t 29 574891 31 -2369 -5486 16967 53 0 -79 -228 -225 41 2102 144128 149609 -2800 -2800 0 0 0
1787958750.903 t 30 574963 31 -2352 -5489 16920 53 0 -79 -228 -236 41 2105 143895 149361 -2800 -2900 0 0 0
1787958750.945 t 31 575035 31 -2336 -5493 16896 53 0 -79 -228 -245 41 2108 143656 149114 -2900 -2800 0 0 0
1787958751.018 t 32 575107 31 -2319 -5496 16886 53 0 -79 -228 -245 41 2111 143420 148875 -2800 -2800 0 0 0
1787958751.074 t 33 575163 31 -2314 -5497 16886 53 0 -79 -242 -242 41 2112 143337 148792 -2800 -2900 0 0 0
1787958751.126 t 34 575219 31 -2314 -5497 16886 53 0 -79 -242 -242 41 2112 143337 148792 -2800 -2900 0 0 0
1787958751.183 t 35 575275 31 -2314 -5497 16886 53 0 -79 -242 -242 41 2112 143337 148792 -2800 -2900 0 0 0
1787958751.239 t 36 575331 31 -2314 -5497 16886 53 0 -79 -242 -242 41 2112 143337 148792 -2800 -2900 0 0 0
1787958751.297 t 37 575387 31 -2314 -5497 16886 53 0 -79 -242 -242 41 2112 143337 148792 -2800 -2900 0 0 0
1787958751.356 t 38 575443 31 -2314 -5497 16886 53 0 -79 -242 -242 41 2112 143337 148792 -2800 -2900 0 0 0
1787958751.415 t 39 575499 31 -2314 -5497 16886 53 0 -78 -242 -242 41 2112 143337 148792 -2800 -2900 0 0 0
1787958751.464 t 40 575555 31 -2314 -5497 16886 53 0 -78 -242 -242 41 2112 143337 148792 -2800 -2900 0 0 0
1787958751.523 t 41 575611 31 -2314 -5497 16886 53 0 -78 -242 -242 41 2112 143337 148792 -2800 -2900 0 0 0
1787958751.585 t 42 575667 31 -2314 -5497 16886 53 0 -78 -242 -242 41 2112 143337 148792 -2800 -2900 0 0 0
1787958751.632 thdr seq now flags x y h ox oy oh vl vr i2cf cyc posl posr dutl dutr lexc wrng cycovr
1787958751.654 t 43 575723 31 -2314 -5497 16886 53 0 -78 -242 -242 41 2112 143337 148792 -2800 -2900 0 0 0
1787958751.693 t 44 575775 31 -2314 -5497 16886 53 0 -78 -242 -242 41 2112 143337 148792 -2800 -2900 0 0 0
1787958751.742 t 45 575832 31 -2314 -5497 16886 53 0 -78 -242 -242 41 2112 143337 148792 -2800 -2900 0 0 0
1787958751.791 === BIAS RESET REV 30%
1787958751.791 >>> SET stall_window 50 #106
1787958751.794 t 46 575887 31 -2314 -5497 16886 53 0 -78 -242 -242 41 2112 143337 148792 -2800 -2900 0 0 0
1787958751.805 ack 106 105 timeout
1787958751.854 t 47 575943 31 -2314 -5497 16886 53 0 -78 -242 -242 41 2112 143337 148792 -2800 -2900 0 0 0
1787958751.907 t 48 575999 31 -2314 -5497 16886 53 0 -78 -242 -242 41 2112 143337 148792 -2800 -2900 0 0 0
1787958751.966 t 49 576055 31 -2314 -5497 16886 53 0 -78 -242 -242 41 2112 143337 148792 -2800 -2900 0 0 0
1787958752.025 t 50 576111 31 -2314 -5497 16886 53 0 -78 -242 -242 41 2112 143337 148792 -2800 -2900 0 0 0
1787958752.074 t 51 576167 31 -2314 -5497 16886 53 0 -78 -242 -242 41 2112 143337 148792 -2800 -2900 0 0 0
1787958752.130 t 52 576223 31 -2314 -5497 16886 53 0 -78 -242 -242 41 2112 143337 148792 -2800 -2900 0 0 0
1787958752.186 t 53 576279 31 -2314 -5497 16886 53 0 -78 -242 -242 41 2112 143337 148792 -2800 -2900 0 0 0
1787958752.244 t 54 576335 31 -2314 -5497 16886 53 0 -78 -242 -242 41 2112 143337 148792 -2800 -2900 0 0 0
1787958752.295 >>> WHEELS_V 40 40 300 #107
1787958752.300 t 55 576391 31 -2314 -5497 16886 53 0 -78 -242 -242 41 2112 143337 148792 -2800 -2900 0 0 0
1787958752.309 ack 107 105 timeout
1787958752.365 t 56 576459 31 -2257 -5668 4650 53 0 -78 20 -223 41 2114 142720 144222 600 0 0 0 0
1787958752.492 t 57 576531 35 -2259 -5670 4222 53 0 -78 9 -64 41 2117 142745 144109 0 0 0 0 0
1787958752.529 t 58 576603 35 -2259 -5670 4204 53 0 -78 0 0 41 2120 142745 144103 0 0 0 0 0
1787958752.582 t 59 576675 35 -2259 -5670 4204 53 0 -78 0 0 41 2123 142745 144103 0 0 0 0 0
1787958752.641 t 60 576731 35 -2259 -5670 4204 53 0 -78 0 0 41 2125 142745 144103 0 0 0 0 0
1787958752.693 t 61 576787 35 -2259 -5670 4204 53 0 -78 0 0 41 2125 142745 144103 0 0 0 0 0
1787958752.753 thdr seq now flags x y h ox oy oh vl vr i2cf cyc posl posr dutl dutr lexc wrng cycovr
1787958752.760 t 62 576843 35 -2259 -5670 4204 53 0 -78 0 0 41 2125 142745 144103 0 0 0 0 0
1787958752.806 t 63 576895 35 -2259 -5670 4204 53 0 -78 0 0 41 2125 142745 144103 0 0 0 0 0
1787958752.859 t 64 576951 35 -2259 -5670 4204 53 0 -77 0 0 41 2125 142745 144103 0 0 0 0 0
1787958752.914 t 65 577007 35 -2259 -5670 4204 53 0 -77 0 0 41 2125 142745 144103 0 0 0 0 0
1787958752.970 t 66 577063 35 -2259 -5670 4204 53 0 -78 0 0 41 2125 142745 144103 0 0 0 0 0
1787958753.027 t 67 577119 35 -2259 -5670 4204 53 0 -78 0 0 41 2125 142745 144103 0 0 0 0 0
1787958753.085 t 68 577175 35 -2259 -5670 4204 53 0 -78 0 0 41 2125 142745 144103 0 0 0 0 0
1787958753.143 t 69 577231 35 -2259 -5670 4204 53 0 -78 0 0 41 2125 142745 144103 0 0 0 0 0
1787958753.217 t 70 577287 35 -2259 -5670 4204 53 0 -77 0 0 41 2125 142745 144103 0 0 0 0 0
1787958753.258 t 71 577343 35 -2259 -5670 4204 53 0 -77 0 0 41 2125 142745 144103 0 0 0 0 0
1787958753.305 t 72 577399 35 -2259 -5670 4204 53 0 -77 0 0 41 2125 142745 144103 0 0 0 0 0
1787958753.362 t 73 577455 35 -2259 -5670 4204 53 0 -77 0 0 41 2125 142745 144103 0 0 0 0 0
1787958753.420 t 74 577511 35 -2259 -5670 4204 53 0 -77 0 0 41 2125 142745 144103 0 0 0 0 0
1787958753.517 t 75 577567 35 -2259 -5670 4204 53 0 -77 0 0 41 2125 142745 144103 0 0 0 0 0
1787958753.529 t 76 577623 35 -2259 -5670 4204 53 0 -77 0 0 41 2125 142745 144103 0 0 0 0 0
1787958753.580 >>> SET stall_clear 1 #108
1787958753.586 t 77 577679 35 -2259 -5670 4204 53 0 -77 0 0 41 2125 142745 144103 0 0 0 0 0
1787958753.598 ack 108 107 stall
1787958753.651 t 78 577735 35 -2259 -5670 4204 53 0 -77 0 0 41 2125 142745 144103 0 0 0 0 0
1787958753.697 t 79 577791 35 -2259 -5670 4204 53 0 -77 0 0 41 2125 142745 144103 0 0 0 0 0
1787958753.764 t 80 577847 35 -2259 -5670 4204 53 0 -77 0 0 41 2125 142745 144103 0 0 0 0 0
1787958753.811 thdr seq now flags x y h ox oy oh vl vr i2cf cyc posl posr dutl dutr lexc wrng cycovr
1787958753.817 t 81 577903 35 -2259 -5670 4204 53 0 -77 0 0 41 2125 142745 144103 0 0 0 0 0
1787958753.867 t 82 577955 35 -2259 -5670 4204 53 0 -77 0 0 41 2125 142745 144103 0 0 0 0 0
1787958753.920 t 83 578011 35 -2259 -5670 4204 53 0 -77 0 0 41 2125 142745 144103 0 0 0 0 0
1787958753.977 t 84 578067 35 -2259 -5670 4204 53 0 -77 0 0 41 2125 142745 144103 0 0 0 0 0
1787958754.029 t 85 578123 35 -2259 -5670 4204 53 0 -77 0 0 41 2125 142745 144103 0 0 0 0 0
1787958754.093 >>> SET stall_window 0 #109
1787958754.094 t 86 578179 35 -2259 -5670 4204 53 0 -77 0 0 41 2125 142745 144103 0 0 0 0 0
1787958754.105 ack 109 107 stall
1787958754.141 t 87 578235 35 -2259 -5670 4204 53 0 -77 0 0 41 2125 142745 144103 0 0 0 0 0
1787958754.200 t 88 578291 35 -2259 -5670 4204 53 0 -77 0 0 41 2125 142745 144103 0 0 0 0 0
1787958754.254 t 89 578347 35 -2259 -5670 4204 53 0 -77 0 0 41 2125 142745 144103 0 0 0 0 0
1787958754.313 t 90 578403 35 -2259 -5670 4204 53 0 -77 0 0 41 2125 142745 144103 0 0 0 0 0
1787958754.365 t 91 578459 35 -2259 -5670 4204 53 0 -77 0 0 41 2125 142745 144103 0 0 0 0 0
1787958754.424 t 92 578515 35 -2259 -5670 4204 53 0 -77 0 0 41 2125 142745 144103 0 0 0 0 0
1787958754.481 t 93 578571 35 -2259 -5670 4204 53 0 -77 0 0 41 2125 142745 144103 0 0 0 0 0
1787958754.534 t 94 578627 35 -2259 -5670 4204 53 0 -77 0 0 41 2125 142745 144103 0 0 0 0 0
1787958754.590 t 95 578683 35 -2259 -5670 4204 53 0 -77 0 0 41 2125 142745 144103 0 0 0 0 0
1787958754.643 === STEP REV duty=30% v=-255
1787958754.645 >>> WHEELS_V -255 -255 2000 #110
1787958754.653 t 96 578739 35 -2259 -5670 4204 53 0 -77 0 0 41 2125 142745 144103 0 0 0 0 0
1787958754.660 ack 110 107 stall
1787958754.720 t 97 578807 31 -2260 -5671 4198 53 0 -77 -43 -48 41 2127 142728 144084 -3300 -3300 0 0 0
1787958754.790 t 98 578879 31 -2271 -5681 4145 53 0 -77 -236 -269 41 2130 142528 143867 -3300 -3300 0 0 0
1787958754.858 t 99 578951 31 -2285 -5693 4126 53 0 -78 -269 -292 41 2133 142259 143592 -3300 -3300 0 0 0
1787958754.931 thdr seq now flags x y h ox oy oh vl vr i2cf cyc posl posr dutl dutr lexc wrng cycovr
1787958754.939 t 100 579023 31 -2300 -5706 4089 53 0 -78 -274 -286 41 2136 141990 143311 -3300 -3300 0 0 0
1787958755.002 t 101 579095 31 -2314 -5719 4068 53 0 -78 -262 -278 41 2139 141717 143031 -3300 -3300 0 0 0
1787958755.074 t 102 579167 31 -2329 -5731 4058 53 0 -78 -277 -274 41 2142 141442 142753 -3400 -3300 0 0 0
1787958755.147 t 103 579239 31 -2344 -5744 4015 53 0 -77 -269 -277 41 2145 141167 142464 -3400 -3300 0 0 0
1787958755.219 t 104 579311 31 -2357 -5755 4287 53 0 -77 -266 -283 42 2148 140890 142275 -3400 -3300 0 0 0
1787958755.300 t 105 579383 31 -2374 -5770 3962 53 0 -77 -265 -283 42 2151 140612 141892 -3400 -3300 0 0 0
1787958755.366 t 106 579455 31 -2389 -5782 3947 53 0 -77 -269 -275 42 2154 140334 141609 -3400 -3300 0 0 0
1787958755.437 t 107 579527 31 -2405 -5795 3928 53 0 -78 -277 -269 42 2157 140056 141325 -3400 -3300 0 0 0
1787958755.513 t 108 579599 31 -2420 -5808 3879 53 0 -78 -277 -292 42 2160 139778 141031 -3400 -3400 0 0 0
1787958755.580 t 109 579671 31 -2435 -5820 3851 53 0 -78 -269 -283 42 2163 139506 140750 -3400 -3400 0 0 0
1787958755.650 t 110 579743 31 -2450 -5832 3817 53 0 -77 -260 -269 42 2166 139234 140467 -3400 -3400 0 0 0
1787958755.725 t 111 579815 31 -2466 -5844 3808 53 0 -77 -277 -278 42 2169 138956 140186 -3300 -3400 0 0 0
1787958755.797 t 112 579887 31 -2481 -5856 3774 53 0 -77 -277 -301 42 2172 138681 139900 -3300 -3300 0 0 0
1787958755.868 t 113 579959 31 -2497 -5868 3739 53 0 -77 -268 -283 42 2175 138409 139617 -3300 -3300 0 0 0
1787958755.950 t 114 580031 31 -2512 -5880 3721 53 0 -77 -269 -286 42 2178 138134 139336 -3300 -3400 0 0 0
1787958756.011 t 115 580103 31 -2528 -5892 3705 53 0 -77 -269 -274 42 2181 137856 139053 -3400 -3400 0 0 0
1787958756.085 t 116 580175 31 -2544 -5904 3678 53 0 -77 -266 -277 42 2184 137576 138764 -3400 -3300 0 0 0
1787958756.156 t 117 580247 31 -2560 -5916 3662 53 0 -77 -283 -277 42 2187 137292 138475 -3400 -3400 0 0 0
1787958756.227 t 118 580319 31 -2576 -5928 3619 53 0 -77 -274 -283 42 2190 137012 138181 -3400 -3400 0 0 0
1787958756.302 thdr seq now flags x y h ox oy oh vl vr i2cf cyc posl posr dutl dutr lexc wrng cycovr
1787958756.307 t 119 580391 31 -2592 -5939 3619 53 0 -77 -277 -277 42 2193 136728 137897 -3400 -3400 0 0 0
1787958756.370 t 120 580463 31 -2608 -5951 3594 53 0 -77 -270 -298 42 2196 136445 137606 -3300 -3400 0 0 0
1787958756.443 t 121 580535 31 -2624 -5963 3594 53 0 -77 -286 -277 42 2199 136164 137325 -3400 -3400 0 0 0
1787958756.515 t 122 580607 31 -2640 -5974 3575 53 0 -77 -274 -260 42 2202 135887 137042 -3400 -3300 0 0 0
1787958756.587 t 123 580679 31 -2656 -5986 3523 53 0 -77 -274 -277 42 2205 135612 136750 -3400 -3400 0 0 0
1787958756.668 t 124 580751 31 -2672 -5997 3507 53 0 -77 -260 -283 42 2208 135334 136467 -3300 -3300 0 0 0
1787958756.715 t 125 580807 31 -2678 -6001 3523 53 0 -77 -292 -277 42 2209 135234 136372 -3400 -3400 0 0 0
1787958756.778 t 126 580863 31 -2678 -6001 3523 53 0 -77 -292 -277 42 2209 135234 136372 -3400 -3400 0 0 0
1787958756.837 t 127 580919 31 -2678 -6001 3523 53 0 -77 -292 -277 42 2209 135234 136372 -3400 -3400 0 0 0
1787958756.882 t 0 580975 31 -2678 -6001 3523 53 0 -77 -292 -277 42 2209 135234 136372 -3400 -3400 0 0 0
1787958756.945 t 1 581032 31 -2678 -6001 3523 53 0 -77 -292 -277 42 2209 135234 136372 -3400 -3400 0 0 0
1787958756.995 t 2 581087 31 -2678 -6001 3523 53 0 -76 -292 -277 42 2209 135234 136372 -3400 -3400 0 0 0
1787958757.050 t 3 581143 31 -2678 -6001 3523 53 0 -76 -292 -277 42 2209 135234 136372 -3400 -3400 0 0 0
1787958757.109 t 4 581199 31 -2678 -6001 3523 53 0 -77 -292 -277 42 2209 135234 136372 -3400 -3400 0 0 0
1787958757.162 t 5 581255 31 -2678 -6001 3523 53 0 -77 -292 -277 42 2209 135234 136372 -3400 -3400 0 0 0
1787958757.218 t 6 581311 31 -2678 -6001 3523 53 0 -76 -292 -277 42 2209 135234 136372 -3400 -3400 0 0 0
1787958757.276 t 7 581367 31 -2678 -6001 3523 53 0 -76 -292 -277 42 2209 135234 136372 -3400 -3400 0 0 0
1787958757.332 t 8 581423 31 -2678 -6001 3523 53 0 -77 -292 -277 42 2209 135234 136372 -3400 -3400 0 0 0
1787958757.386 t 9 581479 31 -2678 -6001 3523 53 0 -77 -292 -277 42 2209 135234 136372 -3400 -3400 0 0 0
1787958757.440 === BIAS RESET REV 35%
1787958757.440 >>> SET stall_window 50 #111
1787958757.450 thdr seq now flags x y h ox oy oh vl vr i2cf cyc posl posr dutl dutr lexc wrng cycovr
1787958757.451 t 10 581535 31 -2678 -6001 3523 53 0 -76 -292 -277 42 2209 135234 136372 -3400 -3400 0 0 0
1787958757.457 ack 111 110 timeout
1787958757.495 t 11 581587 31 -2678 -6001 3523 53 0 -76 -292 -277 42 2209 135234 136372 -3400 -3400 0 0 0
1787958757.555 t 12 581643 31 -2678 -6001 3523 53 0 -76 -292 -277 42 2209 135234 136372 -3400 -3400 0 0 0
1787958757.606 t 13 581699 31 -2678 -6001 3523 53 0 -76 -292 -277 42 2209 135234 136372 -3400 -3400 0 0 0
1787958757.662 t 14 581755 31 -2678 -6001 3523 53 0 -76 -292 -277 42 2209 135234 136372 -3400 -3400 0 0 0
1787958757.720 t 15 581812 31 -2678 -6001 3523 53 0 -76 -292 -277 42 2209 135234 136372 -3400 -3400 0 0 0
1787958757.775 t 16 581867 31 -2678 -6001 3523 53 0 -76 -292 -277 42 2209 135234 136372 -3400 -3400 0 0 0
1787958757.832 t 17 581923 31 -2678 -6001 3523 53 0 -76 -292 -277 42 2209 135234 136372 -3400 -3400 0 0 0
1787958757.888 t 18 581979 31 -2678 -6001 3523 53 0 -76 -292 -277 42 2209 135234 136372 -3400 -3400 0 0 0
1787958757.943 t 19 582035 31 -2678 -6001 3523 53 0 -76 -292 -277 42 2209 135234 136372 -3400 -3400 0 0 0
1787958757.943 >>> WHEELS_V 40 40 300 #112
1787958757.956 ack 112 110 timeout
1787958758.009 t 20 582103 31 -2695 -6019 5674 53 0 -76 5 0 43 2211 134539 136372 600 0 0 0 0
1787958758.081 t 21 582175 35 -2698 -6022 5074 53 0 -76 15 -114 43 2214 134567 136206 0 0 0 0 0
1787958758.155 t 22 582247 35 -2698 -6023 4978 53 0 -76 0 0 43 2217 134567 136175 0 0 0 0 0
1787958758.226 t 23 582319 35 -2698 -6023 4978 53 0 -76 0 0 43 2220 134567 136175 0 0 0 0 0
1787958758.286 t 24 582375 35 -2698 -6023 4978 53 0 -76 0 0 43 2222 134567 136175 0 0 0 0 0
1787958758.341 t 25 582431 35 -2698 -6023 4978 53 0 -76 0 0 43 2222 134567 136175 0 0 0 0 0
1787958758.397 t 26 582487 35 -2698 -6023 4978 53 0 -76 0 0 43 2222 134567 136175 0 0 0 0 0
1787958758.450 t 27 582543 35 -2698 -6023 4978 53 0 -76 0 0 43 2222 134567 136175 0 0 0 0 0
1787958758.583 t 28 582599 35 -2698 -6023 4978 53 0 -76 0 0 43 2222 134567 136175 0 0 0 0 0
1787958758.590 thdr seq now flags x y h ox oy oh vl vr i2cf cyc posl posr dutl dutr lexc wrng cycovr
1787958758.590 t 29 582655 35 -2698 -6023 4978 53 0 -76 0 0 43 2222 134567 136175 0 0 0 0 0
1787958758.615 t 30 582707 35 -2698 -6023 4978 53 0 -76 0 0 43 2222 134567 136175 0 0 0 0 0
1787958758.685 t 31 582763 35 -2698 -6023 4978 53 0 -76 0 0 43 2222 134567 136175 0 0 0 0 0
1787958758.727 t 32 582819 35 -2698 -6023 4978 53 0 -76 0 0 43 2222 134567 136175 0 0 0 0 0
1787958758.783 t 33 582875 35 -2698 -6023 4978 53 0 -76 0 0 43 2222 134567 136175 0 0 0 0 0
1787958758.840 t 34 582931 35 -2698 -6023 4978 53 0 -76 0 0 43 2222 134567 136175 0 0 0 0 0
1787958758.894 t 35 582987 35 -2698 -6023 4978 53 0 -76 0 0 43 2222 134567 136175 0 0 0 0 0
1787958758.951 t 36 583043 35 -2698 -6023 4978 53 0 -76 0 0 43 2222 134567 136175 0 0 0 0 0
1787958759.007 t 37 583099 35 -2698 -6023 4978 53 0 -76 0 0 43 2222 134567 136175 0 0 0 0 0
1787958759.062 t 38 583155 35 -2698 -6023 4978 53 0 -76 0 0 43 2222 134567 136175 0 0 0 0 0
1787958759.120 t 39 583211 35 -2698 -6023 4978 53 0 -76 0 0 43 2222 134567 136175 0 0 0 0 0
1787958759.174 t 40 583267 35 -2698 -6023 4978 53 0 -76 0 0 43 2222 134567 136175 0 0 0 0 0
1787958759.226 >>> SET stall_clear 1 #113
1787958759.234 t 41 583323 35 -2698 -6023 4978 53 0 -76 0 0 43 2222 134567 136175 0 0 0 0 0
1787958759.241 ack 113 112 stall
1787958759.294 t 42 583379 35 -2698 -6023 4978 53 0 -76 0 0 43 2222 134567 136175 0 0 0 0 0
1787958759.346 t 43 583435 35 -2698 -6023 4978 53 0 -76 0 0 43 2222 134567 136175 0 0 0 0 0
1787958759.404 t 44 583491 35 -2698 -6023 4978 53 0 -76 0 0 43 2222 134567 136175 0 0 0 0 0
1787958759.457 t 45 583547 35 -2698 -6023 4978 53 0 -76 0 0 43 2222 134567 136175 0 0 0 0 0
1787958759.510 t 46 583603 35 -2698 -6023 4978 53 0 -76 0 0 43 2222 134567 136175 0 0 0 0 0
1787958759.567 t 47 583659 35 -2698 -6023 4978 53 0 -76 0 0 43 2222 134567 136175 0 0 0 0 0
1787958759.626 thdr seq now flags x y h ox oy oh vl vr i2cf cyc posl posr dutl dutr lexc wrng cycovr
1787958759.634 t 48 583715 35 -2698 -6023 4978 53 0 -76 0 0 43 2222 134567 136175 0 0 0 0 0
1787958759.674 t 49 583767 35 -2698 -6023 4978 53 0 -76 0 0 43 2222 134567 136175 0 0 0 0 0
1787958759.757 >>> SET stall_window 0 #114
1787958759.757 t 50 583823 35 -2698 -6023 4978 53 0 -76 0 0 43 2222 134567 136175 0 0 0 0 0
1787958759.809 ack 114 112 stall
1787958759.811 t 51 583879 35 -2698 -6023 4978 53 0 -76 0 0 43 2222 134567 136175 0 0 0 0 0
1787958759.856 t 52 583935 35 -2698 -6023 4978 53 0 -76 0 0 43 2222 134567 136175 0 0 0 0 0
1787958759.897 t 53 583991 35 -2698 -6023 4978 53 0 -76 0 0 43 2222 134567 136175 0 0 0 0 0
1787958759.955 t 54 584047 35 -2698 -6023 4978 53 0 -76 0 0 43 2222 134567 136175 0 0 0 0 0
1787958760.013 t 55 584103 35 -2698 -6023 4978 53 0 -76 0 0 43 2222 134567 136175 0 0 0 0 0
1787958760.070 t 56 584159 35 -2698 -6023 4978 53 0 -76 0 0 43 2222 134567 136175 0 0 0 0 0
1787958760.123 t 57 584215 35 -2698 -6023 4978 53 0 -76 0 0 43 2222 134567 136175 0 0 0 0 0
1787958760.180 t 58 584271 35 -2698 -6023 4978 53 0 -76 0 0 43 2222 134567 136175 0 0 0 0 0
1787958760.241 t 59 584327 35 -2698 -6023 4978 53 0 -76 0 0 43 2222 134567 136175 0 0 0 0 0
1787958760.290 === STEP REV duty=35% v=-298
1787958760.296 >>> WHEELS_V -298 -298 2000 #115
1787958760.299 t 60 584383 35 -2698 -6023 4978 53 0 -76 0 0 43 2222 134567 136175 0 0 0 0 0
1787958760.318 ack 115 112 stall
1787958760.349 t 61 584435 31 -2698 -6023 4978 53 0 -76 0 0 43 2223 134567 136175 -2500 -2500 0 0 0
1787958760.429 t 62 584507 31 -2705 -6032 4962 53 0 -76 -254 -234 43 2226 134414 136017 -3900 -3900 0 0 0
1787958760.491 t 63 584579 31 -2720 -6048 4925 53 0 -76 -315 -318 43 2229 134106 135697 -3900 -3900 0 0 0
1787958760.559 t 64 584651 31 -2735 -6066 4900 53 0 -76 -324 -316 43 2232 133784 135367 -3900 -3900 0 0 0
1787958760.634 t 65 584723 31 -2750 -6083 4882 53 0 -76 -307 -310 43 2235 133462 135039 -3900 -3900 0 0 0
1787958760.703 t 66 584795 31 -2765 -6100 4919 53 0 -76 -324 -307 43 2238 133128 134717 -3900 -3900 0 0 0
1787958760.785 thdr seq now flags x y h ox oy oh vl vr i2cf cyc posl posr dutl dutr lexc wrng cycovr
1787958760.791 t 67 584867 31 -2780 -6117 4882 53 0 -77 -310 -310 43 2241 132806 134383 -3900 -3900 0 0 0
1787958760.848 t 68 584939 31 -2795 -6135 4857 53 0 -76 -298 -333 43 2244 132484 134053 -3900 -3900 0 0 0
1787958760.920 t 69 585011 31 -2810 -6152 4848 53 0 -76 -324 -318 43 2247 132156 133722 -3900 -4000 0 0 0
1787958760.990 t 70 585083 31 -2825 -6169 4832 53 0 -76 -324 -307 43 2250 131834 133395 -3900 -4000 0 0 0
1787958761.070 t 71 585155 31 -2840 -6186 4789 53 0 -76 -318 -309 43 2253 131514 133061 -3900 -4000 0 0 0
1787958761.152 t 72 585227 31 -2856 -6203 4746 53 0 -76 -327 -324 43 2256 131189 132722 -4000 -4000 0 0 0
1787958761.218 t 73 585299 31 -2872 -6220 4711 53 0 -76 -309 -342 43 2259 130867 132389 -4000 -3900 0 0 0
1787958761.280 t 74 585371 31 -2887 -6237 4696 53 0 -76 -292 -339 44 2262 130539 132056 -4000 -3900 0 0 0
1787958761.350 t 75 585443 31 -2903 -6254 4684 53 0 -76 -333 -324 44 2265 130209 131722 -3900 -3900 0 0 0
1787958761.438 t 76 585515 31 -2919 -6271 4659 53 0 -76 -315 -324 44 2268 129884 131389 -3900 -4000 0 0 0
1787958761.535 t 77 585587 31 -2934 -6288 4668 53 0 -76 -318 -309 44 2271 129553 131061 -3900 -4000 0 0 0
1787958761.567 t 78 585659 31 -2950 -6305 4674 53 0 -76 -324 -309 44 2274 129223 130733 -3900 -3900 0 0 0
1787958761.644 t 79 585731 31 -2966 -6322 4650 53 0 -76 -316 -333 44 2277 128895 130397 -4000 -3900 0 0 0
1787958761.710 t 80 585803 31 -2982 -6338 4616 53 0 -76 -307 -347 44 2280 128573 130064 -4000 -4000 0 0 0
1787958761.789 t 81 585875 31 -2998 -6355 4606 53 0 -76 -324 -327 44 2283 128245 129733 -3900 -3900 0 0 0
1787958761.857 t 82 585947 31 -3014 -6372 4581 53 0 -76 -324 -324 44 2286 127917 129397 -3900 -4000 0 0 0
1787958761.931 t 83 586019 31 -3030 -6388 4575 53 0 -76 -318 -315 44 2289 127589 129067 -4000 -4000 0 0 0
1787958761.999 t 84 586091 31 -3046 -6405 4538 53 0 -76 -309 -333 44 2292 127267 128733 -4000 -3900 0 0 0
1787958762.071 t 85 586163 31 -3063 -6422 4513 53 0 -76 -315 -324 44 2295 126937 128395 -3900 -4000 0 0 0
1787958762.185 thdr seq now flags x y h ox oy oh vl vr i2cf cyc posl posr dutl dutr lexc wrng cycovr
1787958762.185 t 86 586235 31 -3079 -6438 4495 53 0 -76 -315 -333 44 2298 126606 128058 -4000 -3900 0 0 0
1787958762.214 t 87 586307 31 -3095 -6454 4489 53 0 -76 -306 -320 44 2301 126278 127728 -4000 -4000 0 0 0
1787958762.293 t 88 586379 31 -3112 -6471 4489 53 0 -76 -324 -324 44 2304 125945 127395 -3900 -3900 0 0 0
1787958762.344 t 89 586435 31 -3123 -6482 4470 53 0 -76 -292 -318 44 2306 125728 127172 -3900 -3900 0 0 0
1787958762.405 t 90 586491 31 -3123 -6482 4470 53 0 -76 -292 -318 44 2306 125728 127172 -3900 -3900 0 0 0
1787958762.458 t 91 586547 31 -3123 -6482 4470 53 0 -76 -292 -318 44 2306 125728 127172 -3900 -3900 0 0 0
1787958762.515 t 92 586603 31 -3123 -6482 4470 53 0 -76 -292 -318 44 2306 125728 127172 -3900 -3900 0 0 0
1787958762.573 t 93 586659 31 -3123 -6482 4470 53 0 -76 -292 -318 44 2306 125728 127172 -3900 -3900 0 0 0
1787958762.636 t 94 586715 31 -3123 -6482 4470 53 0 -76 -292 -318 44 2306 125728 127172 -3900 -3900 0 0 0
1787958762.680 t 95 586771 31 -3123 -6482 4470 53 0 -76 -292 -318 44 2306 125728 127172 -3900 -3900 0 0 0
1787958762.739 t 96 586827 31 -3123 -6482 4470 53 0 -76 -292 -318 44 2306 125728 127172 -3900 -3900 0 0 0
1787958762.794 t 97 586883 31 -3123 -6482 4470 53 0 -76 -292 -318 44 2306 125728 127172 -3900 -3900 0 0 0
1787958762.854 t 98 586939 31 -3123 -6482 4470 53 0 -76 -292 -318 44 2306 125728 127172 -3900 -3900 0 0 0
1787958762.906 t 99 586995 31 -3123 -6482 4470 53 0 -76 -292 -318 44 2306 125728 127172 -3900 -3900 0 0 0
1787958762.959 t 100 587051 31 -3123 -6482 4470 53 0 -76 -292 -318 44 2306 125728 127172 -3900 -3900 0 0 0
1787958763.015 t 101 587107 31 -3123 -6482 4470 53 0 -76 -292 -318 44 2306 125728 127172 -3900 -3900 0 0 0
1787958763.111 === BIAS RESET REV 40%
1787958763.111 >>> SET stall_window 50 #116
1787958763.119 t 102 587163 31 -3123 -6482 4470 53 0 -76 -292 -318 44 2306 125728 127172 -3900 -3900 0 0 0
1787958763.133 ack 116 115 timeout
1787958763.136 t 103 587220 31 -3123 -6482 4470 53 0 -76 -292 -318 44 2306 125728 127172 -3900 -3900 0 0 0
1787958763.192 t 104 587275 31 -3123 -6482 4470 53 0 -76 -292 -318 44 2306 125728 127172 -3900 -3900 0 0 0
1787958763.249 thdr seq now flags x y h ox oy oh vl vr i2cf cyc posl posr dutl dutr lexc wrng cycovr
1787958763.249 t 105 587331 31 -3123 -6482 4470 53 0 -76 -292 -318 44 2306 125728 127172 -3900 -3900 0 0 0
1787958763.344 t 106 587383 31 -3123 -6482 4470 53 0 -76 -292 -318 44 2306 125728 127172 -3900 -3900 0 0 0
1787958763.353 t 107 587439 31 -3123 -6482 4470 53 0 -76 -292 -318 44 2306 125728 127172 -3900 -3900 0 0 0
1787958763.405 t 108 587495 31 -3123 -6482 4470 53 0 -76 -292 -318 44 2306 125728 127172 -3900 -3900 0 0 0
1787958763.467 t 109 587551 31 -3123 -6482 4470 53 0 -76 -292 -318 44 2306 125728 127172 -3900 -3900 0 0 0
1787958763.518 t 110 587607 31 -3123 -6482 4470 53 0 -76 -292 -318 44 2306 125728 127172 -3900 -3900 0 0 0
1787958763.571 t 111 587663 31 -3123 -6482 4470 53 0 -76 -292 -318 44 2306 125728 127172 -3900 -3900 0 0 0
1787958763.624 >>> WHEELS_V 40 40 300 #117
1787958763.629 t 112 587719 31 -3123 -6482 4470 53 0 -76 -292 -318 44 2306 125728 127172 -3900 -3900 0 0 0
1787958763.638 ack 117 115 timeout
1787958763.705 t 113 587787 31 -3139 -6509 7290 53 0 -76 13 0 45 2308 124817 127172 600 0 0 0 0
1787958763.769 t 114 587859 35 -3141 -6514 6600 53 0 -76 32 -131 45 2311 124848 126980 0 0 0 0 0
1787958763.838 t 115 587931 35 -3142 -6516 6464 53 0 -76 0 -9 45 2314 124848 126936 0 0 0 0 0
1787958763.911 t 116 588003 35 -3142 -6516 6464 53 0 -76 0 0 45 2317 124848 126936 0 0 0 0 0
1787958763.978 t 117 588059 35 -3142 -6516 6464 53 0 -76 0 0 45 2319 124848 126936 0 0 0 0 0
1787958764.023 t 118 588115 35 -3142 -6516 6464 53 0 -76 0 0 45 2319 124848 126936 0 0 0 0 0
1787958764.078 t 119 588171 35 -3142 -6516 6464 53 0 -76 0 0 45 2319 124848 126936 0 0 0 0 0
1787958764.150 t 120 588227 35 -3142 -6516 6464 53 0 -76 0 0 45 2319 124848 126936 0 0 0 0 0
1787958764.194 t 121 588283 35 -3142 -6516 6464 53 0 -76 0 0 45 2319 124848 126936 0 0 0 0 0
1787958764.254 t 122 588339 35 -3142 -6516 6464 53 0 -76 0 0 45 2319 124848 126936 0 0 0 0 0
1787958764.314 t 123 588395 35 -3142 -6516 6464 53 0 -76 0 0 45 2319 124848 126936 0 0 0 0 0
1787958764.359 thdr seq now flags x y h ox oy oh vl vr i2cf cyc posl posr dutl dutr lexc wrng cycovr
1787958764.365 t 124 588451 35 -3142 -6516 6464 53 0 -76 0 0 45 2319 124848 126936 0 0 0 0 0
1787958764.415 t 125 588503 35 -3142 -6516 6464 53 0 -76 0 0 45 2319 124848 126936 0 0 0 0 0
1787958764.466 t 126 588559 35 -3142 -6516 6464 53 0 -76 0 0 45 2319 124848 126936 0 0 0 0 0
1787958764.529 t 127 588615 35 -3142 -6516 6464 53 0 -76 0 0 45 2319 124848 126936 0 0 0 0 0
1787958764.577 t 0 588671 35 -3142 -6516 6464 53 0 -76 0 0 45 2319 124848 126936 0 0 0 0 0
1787958764.634 t 1 588727 35 -3142 -6516 6464 53 0 -76 0 0 45 2319 124848 126936 0 0 0 0 0
1787958764.689 t 2 588783 35 -3142 -6516 6464 53 0 -76 0 0 45 2319 124848 126936 0 0 0 0 0
1787958764.746 t 3 588839 35 -3142 -6516 6464 53 0 -76 0 0 45 2319 124848 126936 0 0 0 0 0
1787958764.801 t 4 588895 35 -3142 -6516 6464 53 0 -76 0 0 45 2319 124848 126936 0 0 0 0 0
1787958764.859 t 5 588951 35 -3142 -6516 6464 53 0 -76 0 0 45 2319 124848 126936 0 0 0 0 0
1787958764.906 >>> SET stall_clear 1 #118
1787958764.919 t 6 589007 35 -3142 -6516 6464 53 0 -76 0 0 45 2319 124848 126936 0 0 0 0 0
1787958764.919 ack 118 117 stall
1787958764.970 t 7 589063 35 -3142 -6516 6464 53 0 -76 0 0 45 2319 124848 126936 0 0 0 0 0
1787958765.031 t 8 589119 35 -3142 -6516 6464 53 0 -76 0 0 45 2319 124848 126936 0 0 0 0 0
1787958765.081 t 9 589175 35 -3142 -6516 6464 53 0 -76 0 0 45 2319 124848 126936 0 0 0 0 0
1787958765.138 t 10 589231 35 -3142 -6516 6464 53 0 -76 0 0 45 2319 124848 126936 0 0 0 0 0
1787958765.197 t 11 589287 35 -3142 -6516 6464 53 0 -76 0 0 45 2319 124848 126936 0 0 0 0 0
1787958765.250 t 12 589343 35 -3142 -6516 6464 53 0 -76 0 0 45 2319 124848 126936 0 0 0 0 0
1787958765.306 t 13 589399 35 -3142 -6516 6464 53 0 -76 0 0 45 2319 124848 126936 0 0 0 0 0
1787958765.375 t 14 589455 35 -3142 -6516 6464 53 0 -75 0 0 45 2319 124848 126936 0 0 0 0 0
1787958765.422 >>> SET stall_window 0 #119
1787958765.422 thdr seq now flags x y h ox oy oh vl vr i2cf cyc posl posr dutl dutr lexc wrng cycovr
1787958765.424 t 15 589511 35 -3142 -6516 6464 53 0 -75 0 0 45 2319 124848 126936 0 0 0 0 0
1787958765.441 ack 119 117 stall
1787958765.471 t 16 589563 35 -3142 -6516 6464 53 0 -75 0 0 45 2319 124848 126936 0 0 0 0 0
1787958765.527 t 17 589619 35 -3142 -6516 6464 53 0 -75 0 0 45 2319 124848 126936 0 0 0 0 0
1787958765.583 t 18 589675 35 -3142 -6516 6464 53 0 -75 0 0 45 2319 124848 126936 0 0 0 0 0
1787958765.644 t 19 589731 35 -3142 -6516 6464 53 0 -75 0 0 45 2319 124848 126936 0 0 0 0 0
1787958765.694 t 20 589787 35 -3142 -6516 6464 53 0 -75 0 0 45 2319 124848 126936 0 0 0 0 0
1787958765.749 t 21 589843 35 -3142 -6516 6464 53 0 -75 0 0 45 2319 124848 126936 0 0 0 0 0
1787958765.806 t 22 589899 35 -3142 -6516 6464 53 0 -75 0 0 45 2319 124848 126936 0 0 0 0 0
1787958765.862 t 23 589955 35 -3142 -6516 6464 53 0 -75 0 0 45 2319 124848 126936 0 0 0 0 0
1787958765.920 t 24 590011 35 -3142 -6516 6464 53 0 -76 0 0 45 2319 124848 126936 0 0 0 0 0
1787958765.983 === STEP REV duty=40% v=-340
1787958765.989 >>> WHEELS_V -340 -340 2000 #120
1787958765.989 t 25 590067 35 -3142 -6516 6464 53 0 -76 0 0 45 2319 124848 126936 0 0 0 0 0
1787958766.001 ack 120 117 stall
1787958766.036 t 26 590127 31 -3142 -6516 6464 53 0 -75 0 0 45 2320 124848 126936 -2500 -2500 0 0 0
1787958766.107 t 27 590199 31 -3147 -6526 6464 53 0 -75 -283 -277 45 2323 124681 126769 -4500 -4500 0 0 0
1787958766.285 t 28 590271 31 -3158 -6549 6392 53 0 -76 -347 -365 45 2326 124337 126402 -4500 -4500 0 0 0
1787958766.285 t 29 590343 31 -3169 -6572 6411 53 0 -76 -365 -360 45 2329 123970 126041 -4500 -4500 0 0 0
1787958766.328 t 30 590415 31 -3180 -6595 6352 53 0 -76 -356 -388 45 2332 123606 125658 -4400 -4400 0 0 0
1787958766.412 t 31 590487 31 -3192 -6619 6343 53 0 -75 -365 -374 45 2335 123237 125286 -4500 -4500 0 0 0
1787958766.468 t 32 590559 31 -3204 -6642 6318 53 0 -75 -374 -365 45 2338 122867 124908 -4500 -4500 0 0 0
1787958766.539 t 33 590631 31 -3216 -6665 6281 53 0 -75 -365 -365 45 2341 122498 124527 -4500 -4500 0 0 0
1787958766.611 thdr seq now flags x y h ox oy oh vl vr i2cf cyc posl posr dutl dutr lexc wrng cycovr
1787958766.622 t 34 590703 31 -3227 -6689 6265 53 0 -75 -356 -365 45 2344 122128 124152 -4500 -4500 0 0 0
1787958766.686 t 35 590775 31 -3240 -6712 6222 53 0 -75 -347 -383 45 2347 121756 123766 -4400 -4500 0 0 0
1787958766.756 t 36 590847 31 -3252 -6735 6197 53 0 -75 -359 -374 45 2350 121389 123391 -4500 -4400 0 0 0
1787958766.827 t 37 590919 31 -3264 -6758 6169 53 0 -75 -356 -364 45 2353 121023 123016 -4500 -4500 0 0 0
1787958766.902 t 38 590991 31 -3276 -6781 6163 53 0 -75 -359 -373 45 2356 120650 122641 -4500 -4500 0 0 0
1787958766.981 t 39 591063 31 -3289 -6804 6120 53 0 -75 -356 -365 45 2359 120284 122261 -4500 -4500 0 0 0
1787958767.042 t 40 591135 31 -3301 -6827 6104 53 0 -75 -365 -374 45 2362 119914 121886 -4500 -4500 0 0 0
1787958767.117 t 41 591207 31 -3314 -6850 6067 53 0 -75 -365 -365 45 2365 119542 121502 -4500 -4500 0 0 0
1787958767.187 t 42 591279 31 -3327 -6873 6067 53 0 -75 -388 -380 45 2368 119162 121122 -4500 -4500 0 0 0
1787958767.259 t 43 591351 31 -3340 -6897 6033 53 0 -75 -365 -381 46 2371 118787 120736 -4500 -4500 0 0 0
1787958767.330 t 44 591423 31 -3353 -6920 6027 53 0 -75 -356 -365 46 2374 118417 120364 -4500 -4500 0 0 0
1787958767.403 t 45 591495 31 -3366 -6942 6009 53 0 -75 -356 -365 46 2377 118045 119986 -4500 -4500 0 0 0
1787958767.480 t 46 591567 31 -3379 -6965 5990 53 0 -75 -356 -357 46 2380 117673 119608 -4500 -4500 0 0 0
1787958767.546 t 47 591639 31 -3392 -6988 5974 53 0 -75 -374 -374 46 2383 117300 119230 -4500 -4500 0 0 0
1787958767.619 t 48 591711 31 -3405 -7010 5947 53 0 -75 -356 -365 46 2386 116934 118855 -4500 -4500 0 0 0
1787958767.696 t 49 591783 31 -3418 -7033 5903 53 0 -75 -348 -374 46 2389 116562 118469 -4500 -4500 0 0 0
1787958767.763 t 50 591855 31 -3432 -7056 5903 53 0 -75 -374 -373 46 2392 116184 118091 -4500 -4500 0 0 0
1787958767.835 t 51 591927 31 -3446 -7079 5869 53 0 -75 -356 -388 46 2395 115812 117708 -4500 -4500 0 0 0
1787958767.909 t 52 591999 31 -3460 -7102 5869 53 0 -75 -382 -365 46 2398 115431 117327 -4500 -4500 0 0 0
1787958767.985 thdr seq now flags x y h ox oy oh vl vr i2cf cyc posl posr dutl dutr lexc wrng cycovr
1787958767.989 t 53 592071 31 -3473 -7124 5854 53 0 -75 -373 -373 46 2401 115056 116947 -4500 -4500 0 0 0
1787958768.039 t 54 592127 31 -3482 -7138 5844 53 0 -75 -390 -376 46 2403 114823 116711 -4500 -4500 0 0 0
1787958768.100 t 55 592183 31 -3482 -7138 5844 53 0 -75 -390 -376 46 2403 114823 116711 -4500 -4500 0 0 0
1787958768.147 t 56 592239 31 -3482 -7138 5844 53 0 -75 -390 -376 46 2403 114823 116711 -4500 -4500 0 0 0
1787958768.204 t 57 592295 31 -3482 -7138 5844 53 0 -75 -390 -376 46 2403 114823 116711 -4500 -4500 0 0 0
1787958768.321 t 58 592351 31 -3482 -7138 5844 53 0 -75 -390 -376 46 2403 114823 116711 -4500 -4500 0 0 0
1787958768.321 t 59 592407 31 -3482 -7138 5844 53 0 -75 -390 -376 46 2403 114823 116711 -4500 -4500 0 0 0
1787958768.375 t 60 592463 31 -3482 -7138 5844 53 0 -75 -390 -376 46 2403 114823 116711 -4500 -4500 0 0 0
1787958768.430 t 61 592519 31 -3482 -7138 5844 53 0 -75 -390 -376 46 2403 114823 116711 -4500 -4500 0 0 0
1787958768.488 t 62 592576 31 -3482 -7138 5844 53 0 -75 -390 -376 46 2403 114823 116711 -4500 -4500 0 0 0
1787958768.541 t 63 592631 31 -3482 -7138 5844 53 0 -75 -390 -376 46 2403 114823 116711 -4500 -4500 0 0 0
1787958768.594 t 64 592687 31 -3482 -7138 5844 53 0 -75 -390 -376 46 2403 114823 116711 -4500 -4500 0 0 0
1787958768.650 t 65 592743 31 -3482 -7138 5844 53 0 -75 -390 -376 46 2403 114823 116711 -4500 -4500 0 0 0
1787958768.715 t 66 592799 31 -3482 -7138 5844 53 0 -75 -390 -376 46 2403 114823 116711 -4500 -4500 0 0 0
1787958768.758 === BIAS RESET REV 50%
1787958768.758 >>> SET stall_window 50 #121
1787958768.762 t 67 592855 31 -3482 -7138 5844 53 0 -75 -390 -376 46 2403 114823 116711 -4500 -4500 0 0 0
1787958768.772 ack 121 120 timeout
1787958768.820 t 68 592911 31 -3482 -7138 5844 53 0 -75 -390 -376 46 2403 114823 116711 -4500 -4500 0 0 0
1787958768.874 t 69 592967 31 -3482 -7138 5844 53 0 -75 -390 -376 46 2403 114823 116711 -4500 -4500 0 0 0
1787958768.930 t 70 593023 31 -3482 -7138 5844 53 0 -75 -390 -376 46 2403 114823 116711 -4500 -4500 0 0 0
1787958768.988 t 71 593079 31 -3482 -7138 5844 53 0 -75 -390 -376 46 2403 114823 116711 -4500 -4500 0 0 0
1787958769.042 thdr seq now flags x y h ox oy oh vl vr i2cf cyc posl posr dutl dutr lexc wrng cycovr
1787958769.052 t 72 593135 31 -3482 -7138 5844 53 0 -75 -390 -376 46 2403 114823 116711 -4500 -4500 0 0 0
1787958769.094 t 73 593187 31 -3482 -7138 5844 53 0 -75 -390 -376 46 2403 114823 116711 -4500 -4500 0 0 0
1787958769.150 t 74 593243 31 -3482 -7138 5844 53 0 -75 -390 -376 46 2403 114823 116711 -4500 -4500 0 0 0
1787958769.206 t 75 593299 31 -3482 -7138 5844 53 0 -75 -390 -376 46 2403 114823 116711 -4500 -4500 0 0 0
1787958769.260 >>> WHEELS_V 40 40 300 #122
1787958769.264 t 76 593356 31 -3482 -7138 5844 53 0 -75 -390 -376 46 2403 114823 116711 -4500 -4500 0 0 0
1787958769.271 ack 122 120 timeout
1787958769.332 t 77 593423 31 -3492 -7171 8872 53 0 -75 15 0 47 2405 113845 116711 600 0 0 0 0
1787958769.401 t 78 593495 35 -3492 -7179 8027 53 0 -75 18 -178 47 2408 113873 116466 0 0 0 0 0
1787958769.475 t 79 593567 35 -3493 -7182 7736 53 0 -75 0 -47 47 2411 113873 116372 0 0 0 0 0
1787958769.545 t 80 593639 35 -3493 -7182 7727 53 0 -75 0 0 47 2414 113873 116369 0 0 0 0 0
1787958769.602 t 81 593695 35 -3493 -7182 7727 53 0 -75 0 0 47 2416 113873 116369 0 0 0 0 0
1787958769.659 t 82 593751 35 -3493 -7182 7727 53 0 -75 0 0 47 2416 113873 116369 0 0 0 0 0
1787958769.713 t 83 593807 35 -3493 -7182 7727 53 0 -75 0 0 47 2416 113873 116369 0 0 0 0 0
1787958769.772 t 84 593863 35 -3493 -7182 7727 53 0 -75 0 0 47 2416 113873 116369 0 0 0 0 0
1787958769.825 t 85 593919 35 -3493 -7182 7727 53 0 -75 0 0 47 2416 113873 116369 0 0 0 0 0
1787958769.881 t 86 593975 35 -3493 -7182 7727 53 0 -75 0 0 47 2416 113873 116369 0 0 0 0 0
1787958769.943 t 87 594031 35 -3493 -7182 7727 53 0 -75 0 0 47 2416 113873 116369 0 0 0 0 0
1787958769.995 t 88 594087 35 -3493 -7182 7727 53 0 -75 0 0 47 2416 113873 116369 0 0 0 0 0
1787958770.054 t 89 594143 35 -3493 -7182 7727 53 0 -75 0 0 47 2416 113873 116369 0 0 0 0 0
1787958770.105 t 90 594199 35 -3493 -7182 7727 53 0 -75 0 0 47 2416 113873 116369 0 0 0 0 0
1787958770.162 thdr seq now flags x y h ox oy oh vl vr i2cf cyc posl posr dutl dutr lexc wrng cycovr
1787958770.167 t 91 594255 35 -3493 -7182 7727 53 0 -75 0 0 47 2416 113873 116369 0 0 0 0 0
1787958770.217 t 92 594307 35 -3493 -7182 7727 53 0 -75 0 0 47 2416 113873 116369 0 0 0 0 0
1787958770.270 t 93 594363 35 -3493 -7182 7727 53 0 -75 0 0 47 2416 113873 116369 0 0 0 0 0
1787958770.325 t 94 594419 35 -3493 -7182 7727 53 0 -75 0 0 47 2416 113873 116369 0 0 0 0 0
1787958770.386 t 95 594475 35 -3493 -7182 7727 53 0 -75 0 0 47 2416 113873 116369 0 0 0 0 0
1787958770.449 t 96 594531 35 -3493 -7182 7727 53 0 -75 0 0 47 2416 113873 116369 0 0 0 0 0
1787958770.512 >>> SET stall_clear 1 #123
1787958770.513 t 97 594587 35 -3493 -7182 7727 53 0 -75 0 0 47 2416 113873 116369 0 0 0 0 0
1787958770.536 ack 123 122 stall
1787958770.556 t 98 594643 35 -3493 -7182 7727 53 0 -75 0 0 47 2416 113873 116369 0 0 0 0 0
1787958770.616 t 99 594699 35 -3493 -7182 7727 53 0 -75 0 0 47 2416 113873 116369 0 0 0 0 0
1787958770.662 t 100 594755 35 -3493 -7182 7727 53 0 -75 0 0 47 2416 113873 116369 0 0 0 0 0
1787958770.717 t 101 594811 35 -3493 -7182 7727 53 0 -75 0 0 47 2416 113873 116369 0 0 0 0 0
1787958770.775 t 102 594867 35 -3493 -7182 7727 53 0 -75 0 0 47 2416 113873 116369 0 0 0 0 0
1787958770.834 t 103 594923 35 -3493 -7182 7727 53 0 -75 0 0 47 2416 113873 116369 0 0 0 0 0
1787958770.890 t 104 594979 35 -3493 -7182 7727 53 0 -75 0 0 47 2416 113873 116369 0 0 0 0 0
1787958770.963 t 105 595035 35 -3493 -7182 7727 53 0 -75 0 0 47 2416 113873 116369 0 0 0 0 0
1787958771.000 t 106 595091 35 -3493 -7182 7727 53 0 -75 0 0 47 2416 113873 116369 0 0 0 0 0
1787958771.050 >>> SET stall_window 0 #124
1787958771.056 t 107 595147 35 -3493 -7182 7727 53 0 -75 0 0 47 2416 113873 116369 0 0 0 0 0
1787958771.071 ack 124 122 stall
1787958771.109 t 108 595203 35 -3493 -7182 7727 53 0 -75 0 0 47 2416 113873 116369 0 0 0 0 0
1787958771.175 t 109 595259 35 -3493 -7182 7727 53 0 -75 0 0 47 2416 113873 116369 0 0 0 0 0
1787958771.222 thdr seq now flags x y h ox oy oh vl vr i2cf cyc posl posr dutl dutr lexc wrng cycovr
1787958771.228 t 110 595315 35 -3493 -7182 7727 53 0 -75 0 0 47 2416 113873 116369 0 0 0 0 0
1787958771.281 t 111 595367 35 -3493 -7182 7727 53 0 -75 0 0 47 2416 113873 116369 0 0 0 0 0
1787958771.330 t 112 595423 35 -3493 -7182 7727 53 0 -75 0 0 47 2416 113873 116369 0 0 0 0 0
1787958771.388 t 113 595479 35 -3493 -7182 7727 53 0 -75 0 0 47 2416 113873 116369 0 0 0 0 0
1787958771.446 t 114 595535 35 -3493 -7182 7727 53 0 -74 0 0 47 2416 113873 116369 0 0 0 0 0
1787958771.507 t 115 595591 35 -3493 -7182 7727 53 0 -74 0 0 47 2416 113873 116369 0 0 0 0 0
1787958771.552 === STEP REV duty=50% v=-425
1787958771.552 >>> WHEELS_V -425 -425 2000 #125
1787958771.553 t 116 595647 35 -3493 -7182 7727 53 0 -75 0 0 47 2416 113873 116369 0 0 0 0 0
1787958771.564 ack 125 122 stall
1787958771.622 t 117 595715 31 -3493 -7183 7720 53 0 -74 -43 -48 47 2418 113856 116350 -5000 -5000 0 0 0
1787958771.694 t 118 595787 31 -3498 -7203 7658 53 0 -74 -371 -379 47 2421 113573 116047 -5600 -5600 0 0 0
1787958771.766 t 119 595859 31 -3505 -7233 7668 53 0 -75 -455 -429 47 2424 113128 115605 -5600 -5600 0 0 0
1787958771.837 t 120 595931 31 -3513 -7265 7631 53 0 -75 -452 -464 47 2427 112673 115138 -5600 -5600 0 0 0
1787958771.910 t 121 596003 31 -3520 -7296 7615 53 0 -74 -438 -447 47 2430 112217 114677 -5600 -5600 0 0 0
1787958771.984 t 122 596075 31 -3528 -7328 7600 53 0 -74 -447 -453 47 2433 111756 114211 -5600 -5600 0 0 0
1787958772.057 t 123 596147 31 -3536 -7359 7547 53 0 -74 -438 -470 47 2436 111295 113733 -5700 -5600 0 0 0
1787958772.129 t 124 596219 31 -3544 -7391 7556 53 0 -75 -447 -453 47 2439 110831 113272 -5600 -5600 0 0 0
1787958772.199 t 125 596291 31 -3552 -7422 7528 53 0 -75 -438 -456 47 2442 110373 112805 -5600 -5600 0 0 0
1787958772.269 t 126 596363 31 -3560 -7454 7488 53 0 -75 -438 -453 47 2445 109914 112333 -5600 -5600 0 0 0
1787958772.342 t 127 596435 31 -3569 -7485 7445 53 0 -75 -438 -444 47 2448 109456 111861 -5600 -5600 0 0 0
1787958772.414 t 0 596507 31 -3578 -7517 7445 53 0 -75 -456 -456 47 2451 108989 111394 -5600 -5600 0 0 0
1787958772.486 thdr seq now flags x y h ox oy oh vl vr i2cf cyc posl posr dutl dutr lexc wrng cycovr
1787958772.494 t 1 596579 31 -3586 -7548 7436 53 0 -75 -455 -455 47 2454 108528 110930 -5600 -5600 0 0 0
1787958772.557 t 2 596651 31 -3595 -7580 7411 53 0 -75 -466 -430 47 2457 108061 110455 -5600 -5600 0 0 0
1787958772.631 t 3 596723 31 -3604 -7611 7408 53 0 -75 -453 -446 47 2460 107595 109988 -5600 -5600 0 0 0
1787958772.711 t 4 596795 31 -3613 -7643 7383 53 0 -75 -461 -455 47 2463 107131 109516 -5600 -5600 0 0 0
1787958772.776 t 5 596867 31 -3622 -7674 7321 53 0 -74 -453 -470 47 2466 106673 109038 -5600 -5600 0 0 0
1787958772.848 t 6 596939 31 -3632 -7705 7309 53 0 -74 -447 -452 47 2469 106211 108572 -5600 -5600 0 0 0
1787958772.925 t 7 597011 31 -3641 -7737 7278 53 0 -75 -461 -455 47 2472 105748 108099 -5600 -5600 0 0 0
1787958772.991 t 8 597083 31 -3651 -7768 7299 53 0 -75 -447 -444 47 2475 105278 107636 -5600 -5600 0 0 0
1787958773.064 t 9 597155 31 -3661 -7799 7256 53 0 -75 -455 -453 47 2478 104814 107158 -5600 -5600 0 0 0
1787958773.134 t 10 597227 31 -3670 -7831 7262 53 0 -75 -452 -470 47 2481 104345 106691 -5600 -5600 0 0 0
1787958773.210 t 11 597299 31 -3680 -7862 7237 53 0 -75 -452 -438 47 2484 103884 106222 -5600 -5600 0 0 0
1787958773.298 t 12 597371 31 -3690 -7893 7194 53 0 -75 -447 -470 47 2487 103417 105741 -5700 -5700 0 0 0
1787958773.356 t 13 597443 31 -3700 -7924 7169 53 0 -74 -453 -444 47 2490 102956 105272 -5600 -5700 0 0 0
1787958773.427 t 14 597515 31 -3711 -7956 7117 53 0 -74 -447 -453 47 2493 102495 104794 -5600 -5600 0 0 0
1787958773.494 t 15 597587 31 -3721 -7987 7092 53 0 -74 -462 -493 47 2496 102031 104322 -5700 -5600 0 0 0
1787958773.582 t 16 597659 31 -3732 -8017 7092 53 0 -74 -456 -461 47 2499 101567 103858 -5600 -5600 0 0 0
1787958773.632 t 17 597715 31 -3735 -8028 7135 53 0 -74 -487 -447 47 2500 101400 103705 -5600 -5700 0 0 0
1787958773.681 t 18 597771 31 -3735 -8028 7135 53 0 -74 -487 -447 47 2500 101400 103705 -5600 -5700 0 0 0
1787958773.735 t 19 597828 31 -3735 -8028 7135 53 0 -74 -487 -447 47 2500 101400 103705 -5600 -5700 0 0 0
1787958773.791 thdr seq now flags x y h ox oy oh vl vr i2cf cyc posl posr dutl dutr lexc wrng cycovr
1787958773.810 t 20 597883 31 -3735 -8028 7135 53 0 -75 -487 -447 47 2500 101400 103705 -5600 -5700 0 0 0
1787958773.842 t 21 597935 31 -3735 -8028 7135 53 0 -75 -487 -447 47 2500 101400 103705 -5600 -5700 0 0 0
1787958773.900 t 22 597991 31 -3735 -8028 7135 53 0 -75 -487 -447 47 2500 101400 103705 -5600 -5700 0 0 0
1787958773.957 t 23 598047 31 -3735 -8028 7135 53 0 -75 -487 -447 47 2500 101400 103705 -5600 -5700 0 0 0
1787958774.010 t 24 598103 31 -3735 -8028 7135 53 0 -75 -487 -447 47 2500 101400 103705 -5600 -5700 0 0 0
1787958774.071 t 25 598159 31 -3735 -8028 7135 53 0 -75 -487 -447 47 2500 101400 103705 -5600 -5700 0 0 0
1787958774.122 t 26 598215 31 -3735 -8028 7135 53 0 -75 -487 -447 47 2500 101400 103705 -5600 -5700 0 0 0
1787958774.182 t 27 598271 31 -3735 -8028 7135 53 0 -75 -487 -447 47 2500 101400 103705 -5600 -5700 0 0 0
1787958774.248 t 28 598327 31 -3735 -8028 7135 53 0 -75 -487 -447 47 2500 101400 103705 -5600 -5700 0 0 0
1787958774.291 t 29 598383 31 -3735 -8028 7135 53 0 -75 -487 -447 47 2500 101400 103705 -5600 -5700 0 0 0
1787958774.349 === BIAS RESET REV 60%
1787958774.349 >>> SET stall_window 50 #126
1787958774.350 t 30 598439 31 -3735 -8028 7135 53 0 -75 -487 -447 47 2500 101400 103705 -5600 -5700 0 0 0
1787958774.364 ack 126 125 timeout
1787958774.405 t 31 598495 31 -3735 -8028 7135 53 0 -75 -487 -447 47 2500 101400 103705 -5600 -5700 0 0 0
1787958774.459 t 32 598551 31 -3735 -8028 7135 53 0 -75 -487 -447 47 2500 101400 103705 -5600 -5700 0 0 0
1787958774.517 t 33 598608 31 -3735 -8028 7135 53 0 -75 -487 -447 47 2500 101400 103705 -5600 -5700 0 0 0
1787958774.574 t 34 598663 31 -3735 -8028 7135 53 0 -75 -487 -447 47 2500 101400 103705 -5600 -5700 0 0 0
1787958774.627 t 35 598719 31 -3735 -8028 7135 53 0 -75 -487 -447 47 2500 101400 103705 -5600 -5700 0 0 0
1787958774.685 t 36 598775 31 -3735 -8028 7135 53 0 -75 -487 -447 47 2500 101400 103705 -5600 -5700 0 0 0
1787958774.738 t 37 598831 31 -3735 -8028 7135 53 0 -75 -487 -447 47 2500 101400 103705 -5600 -5700 0 0 0
1787958774.795 t 38 598887 31 -3735 -8028 7135 53 0 -75 -487 -447 47 2500 101400 103705 -5600 -5700 0 0 0
1787958774.859 >>> WHEELS_V 40 40 300 #127
1787958774.861 thdr seq now flags x y h ox oy oh vl vr i2cf cyc posl posr dutl dutr lexc wrng cycovr
1787958774.861 t 39 598943 31 -3735 -8028 7135 53 0 -75 -487 -447 47 2500 101400 103705 -5600 -5700 0 0 0
1787958774.874 ack 127 125 timeout
1787958774.906 t 40 598999 31 -3734 -8074 11175 53 0 -75 -70 -447 48 2501 100095 103705 500 0 0 0 0
1787958774.979 t 41 599071 35 -3732 -8081 10339 53 0 -75 23 -333 48 2504 100117 103457 0 0 0 0 0
1787958775.051 t 42 599143 35 -3731 -8088 9627 53 0 -75 0 -161 48 2507 100128 103238 0 0 0 0 0
1787958775.122 t 43 599215 35 -3730 -8091 9438 53 0 -75 0 -9 48 2510 100128 103177 0 0 0 0 0
1787958775.196 t 44 599287 35 -3730 -8091 9438 53 0 -75 0 0 48 2513 100128 103177 0 0 0 0 0
1787958775.249 t 45 599343 35 -3730 -8091 9438 53 0 -75 0 0 48 2513 100128 103177 0 0 0 0 0
1787958775.305 t 46 599399 35 -3730 -8091 9438 53 0 -75 0 0 48 2513 100128 103177 0 0 0 0 0
1787958775.370 t 47 599455 35 -3730 -8091 9438 53 0 -75 0 0 48 2513 100128 103177 0 0 0 0 0
1787958775.420 t 48 599511 35 -3730 -8091 9438 53 0 -75 0 0 48 2513 100128 103177 0 0 0 0 0
1787958775.475 t 49 599567 35 -3730 -8091 9438 53 0 -75 0 0 48 2513 100128 103177 0 0 0 0 0
1787958775.528 t 50 599623 35 -3730 -8091 9438 53 0 -75 0 0 48 2513 100128 103177 0 0 0 0 0
1787958775.588 t 51 599679 35 -3730 -8091 9438 53 0 -75 0 0 48 2513 100128 103177 0 0 0 0 0
1787958775.643 t 52 599735 35 -3730 -8091 9438 53 0 -75 0 0 48 2513 100128 103177 0 0 0 0 0
1787958775.698 t 53 599791 35 -3730 -8091 9438 53 0 -75 0 0 48 2513 100128 103177 0 0 0 0 0
1787958775.754 t 54 599847 35 -3730 -8091 9438 53 0 -75 0 0 48 2513 100128 103177 0 0 0 0 0
1787958775.810 t 55 599903 35 -3730 -8091 9438 53 0 -75 0 0 48 2513 100128 103177 0 0 0 0 0
1787958775.865 t 56 599959 35 -3730 -8091 9438 53 0 -75 0 0 48 2513 100128 103177 0 0 0 0 0
1787958775.935 t 57 600015 35 -3730 -8091 9438 53 0 -75 0 0 48 2513 100128 103177 0 0 0 0 0
1787958775.985 thdr seq now flags x y h ox oy oh vl vr i2cf cyc posl posr dutl dutr lexc wrng cycovr
1787958775.988 t 58 600071 35 -3730 -8091 9438 53 0 -75 0 0 48 2513 100128 103177 0 0 0 0 0
1787958776.028 t 59 600123 35 -3730 -8091 9438 53 0 -75 0 0 48 2513 100128 103177 0 0 0 0 0
1787958776.090 t 60 600179 35 -3730 -8091 9438 53 0 -75 0 0 48 2513 100128 103177 0 0 0 0 0
1787958776.138 >>> SET stall_clear 1 #128
1787958776.142 t 61 600235 35 -3730 -8091 9438 53 0 -75 0 0 48 2513 100128 103177 0 0 0 0 0
1787958776.155 ack 128 127 stall
1787958776.197 t 62 600291 35 -3730 -8091 9438 53 0 -75 0 0 48 2513 100128 103177 0 0 0 0 0
1787958776.258 t 63 600347 35 -3730 -8091 9438 53 0 -75 0 0 48 2513 100128 103177 0 0 0 0 0
1787958776.309 t 64 600403 35 -3730 -8091 9438 53 0 -75 0 0 48 2513 100128 103177 0 0 0 0 0
1787958776.366 t 65 600459 35 -3730 -8091 9438 53 0 -75 0 0 48 2513 100128 103177 0 0 0 0 0
1787958776.421 t 66 600515 35 -3730 -8091 9438 53 0 -75 0 0 48 2513 100128 103177 0 0 0 0 0
1787958776.478 t 67 600571 35 -3730 -8091 9438 53 0 -75 0 0 48 2513 100128 103177 0 0 0 0 0
1787958776.532 t 68 600627 35 -3730 -8091 9438 53 0 -75 0 0 48 2513 100128 103177 0 0 0 0 0
1787958776.600 t 69 600683 35 -3730 -8091 9438 53 0 -75 0 0 48 2513 100128 103177 0 0 0 0 0
1787958776.645 >>> SET stall_window 0 #129
1787958776.645 t 70 600739 35 -3730 -8091 9438 53 0 -75 0 0 48 2513 100128 103177 0 0 0 0 0
1787958776.656 ack 129 127 stall
1787958776.706 t 71 600795 35 -3730 -8091 9438 53 0 -75 0 0 48 2513 100128 103177 0 0 0 0 0
1787958776.759 t 72 600851 35 -3730 -8091 9438 53 0 -75 0 0 48 2513 100128 103177 0 0 0 0 0
1787958776.814 t 73 600907 35 -3730 -8091 9438 53 0 -75 0 0 48 2513 100128 103177 0 0 0 0 0
1787958776.876 t 74 600963 35 -3730 -8091 9438 53 0 -75 0 0 48 2513 100128 103177 0 0 0 0 0
1787958776.925 t 75 601019 35 -3730 -8091 9438 53 0 -75 0 0 48 2513 100128 103177 0 0 0 0 0
1787958776.983 t 76 601075 35 -3730 -8091 9438 53 0 -75 0 0 48 2513 100128 103177 0 0 0 0 0
1787958777.042 thdr seq now flags x y h ox oy oh vl vr i2cf cyc posl posr dutl dutr lexc wrng cycovr
1787958777.044 t 77 601131 35 -3730 -8091 9438 53 0 -75 0 0 48 2513 100128 103177 0 0 0 0 0
1787958777.091 t 78 601183 35 -3730 -8091 9438 53 0 -75 0 0 48 2513 100128 103177 0 0 0 0 0
1787958777.146 t 79 601239 35 -3730 -8091 9438 53 0 -75 0 0 48 2513 100128 103177 0 0 0 0 0
1787958777.148 === STEP REV duty=60% v=-510
1787958777.150 >>> WHEELS_V -510 -510 2000 #130
1787958777.165 ack 130 127 stall
1787958777.201 t 80 601291 31 -3730 -8091 9438 53 0 -75 0 0 48 2514 100128 103177 -2500 -2500 0 0 0
1787958777.271 t 81 601363 31 -3729 -8103 9386 53 0 -74 -292 -324 48 2517 99956 102988 -6800 -6800 0 0 0
1787958777.343 t 82 601435 31 -3727 -8136 9336 53 0 -74 -502 -516 48 2520 99489 102505 -6700 -6700 0 0 0
1787958777.421 t 83 601507 31 -3725 -8174 9318 53 0 -75 -520 -511 48 2523 98950 101960 -6700 -6700 0 0 0
1787958777.486 t 84 601579 31 -3723 -8213 9274 53 0 -75 -543 -551 48 2526 98403 101399 -6700 -6700 0 0 0
1787958777.558 t 85 601651 31 -3721 -8252 9222 53 0 -75 -534 -575 48 2529 97856 100835 -6800 -6800 0 0 0
1787958777.631 t 86 601723 31 -3719 -8291 9222 53 0 -74 -534 -552 48 2532 97306 100285 -6700 -6700 0 0 0
1787958777.701 t 87 601795 31 -3718 -8329 9197 53 0 -75 -534 -526 48 2535 96756 99727 -6700 -6700 0 0 0
1787958777.774 t 88 601867 31 -3717 -8368 9144 53 0 -75 -525 -543 48 2538 96209 99163 -6700 -6700 0 0 0
1787958777.847 t 89 601939 31 -3716 -8407 9135 53 0 -75 -543 -560 48 2541 95659 98610 -6800 -6700 0 0 0
1787958777.918 t 90 602011 31 -3715 -8446 9095 53 0 -74 -537 -552 48 2544 95111 98049 -6800 -6700 0 0 0
1787958777.991 t 91 602083 31 -3714 -8484 9095 53 0 -74 -537 -535 48 2547 94561 97499 -6700 -6700 0 0 0
1787958778.064 t 92 602155 31 -3714 -8523 9048 53 0 -75 -543 -537 48 2550 94009 96932 -6700 -6700 0 0 0
1787958778.138 t 93 602227 31 -3713 -8563 9014 53 0 -75 -519 -529 48 2553 93456 96368 -6700 -6700 0 0 0
1787958778.206 t 94 602299 31 -3713 -8601 9027 53 0 -75 -537 -517 48 2556 92900 95816 -6700 -6700 0 0 0
1787958778.278 t 95 602371 31 -3713 -8640 8993 53 0 -75 -537 -517 48 2559 92350 95255 -6700 -6700 0 0 0
1787958778.350 thdr seq now flags x y h ox oy oh vl vr i2cf cyc posl posr dutl dutr lexc wrng cycovr
1787958778.365 t 96 602443 31 -3713 -8679 8983 53 0 -75 -546 -520 48 2562 91797 94699 -6700 -6700 0 0 0
1787958778.422 t 97 602515 31 -3714 -8719 8965 53 0 -75 -515 -558 48 2565 91236 94132 -6700 -6800 0 0 0
1787958778.494 t 98 602587 31 -3714 -8758 8955 53 0 -75 -552 -520 48 2568 90678 93571 -6700 -6800 0 0 0
1787958778.567 t 99 602659 31 -3714 -8797 8946 53 0 -75 -552 -511 48 2571 90120 93010 -6700 -6700 0 0 0
1787958778.648 t 100 602731 31 -3715 -8837 8878 53 0 -75 -534 -543 48 2574 89564 92432 -6800 -6700 0 0 0
1787958778.713 t 101 602803 31 -3715 -8876 8906 53 0 -75 -569 -566 48 2577 89000 91877 -6800 -6800 0 0 0
1787958778.786 t 102 602875 31 -3716 -8915 8860 53 0 -75 -534 -578 48 2580 88456 91318 -6800 -6700 0 0 0
1787958778.857 t 103 602947 31 -3717 -8954 8825 53 0 -75 -544 -552 48 2583 87903 90754 -6700 -6700 0 0 0
1787958778.926 t 104 603019 31 -3718 -8993 8850 53 0 -75 -551 -520 48 2586 87345 90204 -6700 -6800 0 0 0
1787958779.000 t 105 603091 31 -3719 -9032 8795 53 0 -75 -561 -566 48 2589 86786 89627 -6800 -6700 0 0 0
1787958779.072 t 106 603163 31 -3721 -9071 8785 53 0 -75 -552 -558 48 2592 86228 89066 -6800 -6800 0 0 0
1787958779.143 t 107 603235 31 -3722 -9111 8773 53 0 -75 -543 -551 48 2595 85670 88504 -6700 -6700 0 0 0
1787958779.202 t 108 603291 31 -3723 -9137 8751 53 0 -75 -503 -567 48 2597 85300 88127 -6700 -6700 0 0 0
1787958779.262 t 109 603347 31 -3723 -9137 8751 53 0 -75 -503 -567 48 2597 85300 88127 -6700 -6700 0 0 0
1787958779.310 t 110 603403 31 -3723 -9137 8751 53 0 -75 -503 -567 48 2597 85300 88127 -6700 -6700 0 0 0
1787958779.366 t 111 603459 31 -3723 -9137 8751 53 0 -75 -503 -567 48 2597 85300 88127 -6700 -6700 0 0 0
1787958779.423 t 112 603515 31 -3723 -9137 8751 53 0 -75 -503 -567 48 2597 85300 88127 -6700 -6700 0 0 0
1787958779.485 t 113 603571 31 -3723 -9137 8751 53 0 -75 -503 -567 48 2597 85300 88127 -6700 -6700 0 0 0
1787958779.534 t 114 603627 31 -3723 -9137 8751 53 0 -75 -503 -567 48 2597 85300 88127 -6700 -6700 0 0 0
1787958779.592 thdr seq now flags x y h ox oy oh vl vr i2cf cyc posl posr dutl dutr lexc wrng cycovr
1787958779.601 t 115 603683 31 -3723 -9137 8751 53 0 -75 -503 -567 48 2597 85300 88127 -6700 -6700 0 0 0
1787958779.643 t 116 603735 31 -3723 -9137 8751 53 0 -75 -503 -567 48 2597 85300 88127 -6700 -6700 0 0 0
1787958779.701 t 117 603791 31 -3723 -9137 8751 53 0 -75 -503 -567 48 2597 85300 88127 -6700 -6700 0 0 0
1787958779.756 t 118 603847 31 -3723 -9137 8751 53 0 -75 -503 -567 48 2597 85300 88127 -6700 -6700 0 0 0
1787958779.813 t 119 603903 31 -3723 -9137 8751 53 0 -75 -503 -567 48 2597 85300 88127 -6700 -6700 0 0 0
1787958779.877 t 120 603959 31 -3723 -9137 8751 53 0 -75 -503 -567 48 2597 85300 88127 -6700 -6700 0 0 0
1787958779.923 === BIAS RESET REV 70%
1787958779.923 >>> SET stall_window 50 #131
1787958779.926 t 121 604016 31 -3723 -9137 8751 53 0 -75 -503 -567 48 2597 85300 88127 -6700 -6700 0 0 0
1787958779.944 ack 131 130 timeout
1787958779.982 t 122 604071 31 -3723 -9137 8751 53 0 -75 -503 -567 48 2597 85300 88127 -6700 -6700 0 0 0
1787958780.035 t 123 604127 31 -3723 -9137 8751 53 0 -75 -503 -567 48 2597 85300 88127 -6700 -6700 0 0 0
1787958780.091 t 124 604183 31 -3723 -9137 8751 53 0 -75 -503 -567 48 2597 85300 88127 -6700 -6700 0 0 0
1787958780.150 t 125 604239 31 -3723 -9137 8751 53 0 -75 -503 -567 48 2597 85300 88127 -6700 -6700 0 0 0
1787958780.202 t 126 604295 31 -3723 -9137 8751 53 0 -75 -503 -567 48 2597 85300 88127 -6700 -6700 0 0 0
1787958780.261 t 127 604351 31 -3723 -9137 8751 53 0 -75 -503 -567 48 2597 85300 88127 -6700 -6700 0 0 0
1787958780.322 t 0 604407 31 -3723 -9137 8751 53 0 -75 -503 -567 48 2597 85300 88127 -6700 -6700 0 0 0
1787958780.372 t 1 604463 31 -3723 -9137 8751 53 0 -75 -503 -567 48 2597 85300 88127 -6700 -6700 0 0 0
1787958780.426 t 2 604519 31 -3723 -9137 8751 53 0 -75 -503 -567 48 2597 85300 88127 -6700 -6700 0 0 0
1787958780.426 >>> WHEELS_V 40 40 300 #132
1787958780.438 ack 132 130 timeout
1787958780.493 t 3 604587 31 -3696 -9194 14305 53 0 -75 15 0 49 2599 83506 88127 600 0 0 0 0
1787958780.564 t 4 604659 35 -3686 -9203 12952 53 0 -75 26 -350 49 2602 83534 87718 0 0 0 0 0
1787958780.641 t 5 604731 35 -3682 -9209 12246 53 0 -75 0 -178 49 2605 83534 87490 0 0 0 0 0
1787958780.709 thdr seq now flags x y h ox oy oh vl vr i2cf cyc posl posr dutl dutr lexc wrng cycovr
1787958780.716 t 6 604803 35 -3680 -9211 12023 53 0 -75 0 -23 49 2608 83534 87418 0 0 0 0 0
1787958780.780 t 7 604859 35 -3680 -9211 12023 53 0 -75 0 0 49 2610 83534 87418 0 0 0 0 0
1787958780.824 t 8 604915 35 -3680 -9211 12023 53 0 -75 0 0 49 2610 83534 87418 0 0 0 0 0
1787958780.878 t 9 604971 35 -3680 -9211 12023 53 0 -75 0 0 49 2610 83534 87418 0 0 0 0 0
1787958780.936 t 10 605027 35 -3680 -9211 12023 53 0 -75 0 0 49 2610 83534 87418 0 0 0 0 0
1787958780.988 t 11 605083 35 -3680 -9211 12023 53 0 -75 0 0 49 2610 83534 87418 0 0 0 0 0
1787958781.046 t 12 605139 35 -3680 -9211 12023 53 0 -75 0 0 49 2610 83534 87418 0 0 0 0 0
1787958781.108 t 13 605195 35 -3680 -9211 12023 53 0 -75 0 0 49 2610 83534 87418 0 0 0 0 0
1787958781.156 t 14 605251 35 -3680 -9211 12023 53 0 -75 0 0 49 2610 83534 87418 0 0 0 0 0
1787958781.221 t 15 605307 35 -3680 -9211 12023 53 0 -75 0 0 49 2610 83534 87418 0 0 0 0 0
1787958781.272 t 16 605363 35 -3680 -9211 12023 53 0 -75 0 0 49 2610 83534 87418 0 0 0 0 0
1787958781.325 t 17 605419 35 -3680 -9211 12023 53 0 -75 0 0 49 2610 83534 87418 0 0 0 0 0
1787958781.382 t 18 605475 35 -3680 -9211 12023 53 0 -75 0 0 49 2610 83534 87418 0 0 0 0 0
1787958781.443 t 19 605531 35 -3680 -9211 12023 53 0 -75 0 0 49 2610 83534 87418 0 0 0 0 0
1787958781.493 t 20 605587 35 -3680 -9211 12023 53 0 -75 0 0 49 2610 83534 87418 0 0 0 0 0
1787958781.552 t 21 605643 35 -3680 -9211 12023 53 0 -75 0 0 49 2610 83534 87418 0 0 0 0 0
1787958781.607 t 22 605699 35 -3680 -9211 12023 53 0 -75 0 0 49 2610 83534 87418 0 0 0 0 0
1787958781.663 t 23 605755 35 -3680 -9211 12023 53 0 -75 0 0 49 2610 83534 87418 0 0 0 0 0
1787958781.721 >>> SET stall_clear 1 #133
1787958781.724 t 24 605811 35 -3680 -9211 12023 53 0 -75 0 0 49 2610 83534 87418 0 0 0 0 0
1787958781.744 ack 133 132 stall
1787958781.776 thdr seq now flags x y h ox oy oh vl vr i2cf cyc posl posr dutl dutr lexc wrng cycovr
1787958781.787 t 25 605867 35 -3680 -9211 12023 53 0 -75 0 0 49 2610 83534 87418 0 0 0 0 0
1787958781.826 t 26 605919 35 -3680 -9211 12023 53 0 -75 0 0 49 2610 83534 87418 0 0 0 0 0
1787958781.881 t 27 605975 35 -3680 -9211 12023 53 0 -75 0 0 49 2610 83534 87418 0 0 0 0 0
1787958781.941 t 28 606031 35 -3680 -9211 12023 53 0 -75 0 0 49 2610 83534 87418 0 0 0 0 0
1787958781.992 t 29 606087 35 -3680 -9211 12023 53 0 -75 0 0 49 2610 83534 87418 0 0 0 0 0
1787958782.069 t 30 606143 35 -3680 -9211 12023 53 0 -75 0 0 49 2610 83534 87418 0 0 0 0 0
1787958782.106 t 31 606199 35 -3680 -9211 12023 53 0 -75 0 0 49 2610 83534 87418 0 0 0 0 0
1787958782.162 t 32 606255 35 -3680 -9211 12023 53 0 -75 0 0 49 2610 83534 87418 0 0 0 0 0
1787958782.218 t 33 606311 35 -3680 -9211 12023 53 0 -75 0 0 49 2610 83534 87418 0 0 0 0 0
1787958782.266 >>> SET stall_window 0 #134
1787958782.273 t 34 606367 35 -3680 -9211 12023 53 0 -75 0 0 49 2610 83534 87418 0 0 0 0 0
1787958782.285 ack 134 132 stall
1787958782.334 t 35 606423 35 -3680 -9211 12023 53 0 -75 0 0 49 2610 83534 87418 0 0 0 0 0
1787958782.384 t 36 606479 35 -3680 -9211 12023 53 0 -75 0 0 49 2610 83534 87418 0 0 0 0 0
1787958782.441 t 37 606535 35 -3680 -9211 12023 53 0 -75 0 0 49 2610 83534 87418 0 0 0 0 0
1787958782.496 t 38 606591 35 -3680 -9211 12023 53 0 -75 0 0 49 2610 83534 87418 0 0 0 0 0
1787958782.553 t 39 606647 35 -3680 -9211 12023 53 0 -75 0 0 49 2610 83534 87418 0 0 0 0 0
1787958782.608 t 40 606703 35 -3680 -9211 12023 53 0 -75 0 0 49 2610 83534 87418 0 0 0 0 0
1787958782.664 t 41 606759 35 -3680 -9211 12023 53 0 -75 0 0 49 2610 83534 87418 0 0 0 0 0
1787958782.722 t 42 606815 35 -3680 -9211 12023 53 0 -75 0 0 49 2610 83534 87418 0 0 0 0 0
1787958782.774 === STEP REV duty=70% v=-595
1787958782.774 >>> WHEELS_V -595 -595 2000 #135
1787958782.777 t 43 606871 35 -3680 -9211 12023 53 0 -75 0 0 49 2610 83534 87418 0 0 0 0 0
1787958782.792 ack 135 132 stall
1787958782.849 thdr seq now flags x y h ox oy oh vl vr i2cf cyc posl posr dutl dutr lexc wrng cycovr
1787958782.853 t 44 606939 31 -3680 -9213 12017 53 0 -75 -50 -55 49 2612 83514 87396 -5000 -5000 0 0 0
1787958782.918 t 45 607011 31 -3669 -9232 11989 53 0 -74 -410 -445 49 2615 83203 87076 -7900 -7900 0 0 0
1787958782.991 t 46 607083 31 -3649 -9266 11930 53 0 -75 -584 -601 49 2618 82650 86504 -7800 -7800 0 0 0
1787958783.071 t 47 607155 31 -3627 -9305 11853 53 0 -75 -616 -642 49 2621 82022 85851 -7900 -7900 0 0 0
1787958783.133 t 48 607227 31 -3606 -9344 11828 53 0 -74 -617 -631 49 2624 81389 85210 -7900 -7900 0 0 0
1787958783.220 t 49 607299 31 -3584 -9384 11785 53 0 -74 -624 -657 49 2627 80750 84557 -7800 -7800 0 0 0
1787958783.279 t 50 607371 31 -3563 -9424 11776 53 0 -74 -634 -617 49 2630 80111 83915 -7900 -7900 0 0 0
1787958783.361 t 51 607443 31 -3542 -9464 11760 53 0 -74 -616 -648 49 2633 79472 83271 -7900 -7800 0 0 0
1787958783.426 t 52 607515 31 -3521 -9504 11732 53 0 -74 -633 -625 49 2636 78828 82618 -7800 -7900 0 0 0
1787958783.494 t 53 607587 31 -3501 -9544 11707 53 0 -75 -616 -633 49 2639 78189 81971 -7900 -7800 0 0 0
1787958783.568 t 54 607659 31 -3480 -9584 11655 53 0 -75 -608 -666 49 2642 77550 81315 -7800 -7900 0 0 0
1787958783.639 t 55 607731 31 -3460 -9625 11646 53 0 -75 -631 -642 49 2645 76906 80668 -7900 -7800 0 0 0
1787958783.715 t 56 607803 31 -3439 -9665 11655 53 0 -75 -625 -634 49 2648 76261 80026 -7800 -7900 0 0 0
1787958783.783 t 57 607875 31 -3419 -9706 11630 53 0 -74 -625 -625 49 2651 75617 79374 -7900 -7800 0 0 0
1787958783.857 t 58 607947 31 -3399 -9746 11621 53 0 -74 -634 -634 49 2654 74972 78726 -7800 -7900 0 0 0
1787958783.925 t 59 608019 31 -3378 -9788 11621 53 0 -75 -674 -666 49 2657 74311 78065 -7900 -7900 0 0 0
1787958784.005 t 60 608091 31 -3359 -9828 11543 53 0 -74 -633 -634 49 2660 73686 77415 -7800 -7800 0 0 0
1787958784.076 t 61 608163 31 -3338 -9868 11534 53 0 -74 -640 -642 50 2663 73042 76768 -7900 -7800 0 0 0
1787958784.142 t 62 608235 31 -3318 -9909 11503 53 0 -74 -610 -639 50 2666 72397 76113 -7900 -7900 0 0 0
1787958784.214 thdr seq now flags x y h ox oy oh vl vr i2cf cyc posl posr dutl dutr lexc wrng cycovr
1787958784.221 t 63 608307 31 -3299 -9950 11534 53 0 -74 -633 -633 50 2669 71739 75465 -7800 -7900 0 0 0
1787958784.285 t 64 608379 31 -3279 -9991 11509 53 0 -74 -626 -658 50 2672 71095 74813 -7900 -7900 0 0 0
1787958784.362 t 65 608451 31 -3263 -10026 12138 53 0 -74 -633 -657 51 2675 70450 74371 -7900 -7900 0 0 0
1787958784.429 t 66 608523 31 -3239 -10073 11491 53 0 -74 -639 -610 51 2678 69803 73515 -7900 -7900 0 0 0
1787958784.502 t 67 608595 31 -3220 -10114 11432 53 0 -74 -625 -625 51 2681 69158 72851 -7800 -7900 0 0 0
1787958784.580 t 68 608667 31 -3201 -10156 11432 53 0 -74 -634 -648 51 2684 68511 72204 -7800 -7900 0 0 0
1787958784.652 t 69 608739 31 -3185 -10190 12128 53 0 -74 -634 -616 52 2687 67858 71776 -7800 -7900 0 0 0
1787958784.723 t 70 608811 31 -3161 -10238 11398 53 0 -74 -634 -648 52 2690 67211 70893 -7800 -7900 0 0 0
1787958784.795 t 71 608883 31 -3143 -10280 11361 53 0 -74 -624 -666 52 2693 66567 70237 -7800 -7900 0 0 0
1787958784.846 t 72 608939 31 -3136 -10294 11426 53 0 -74 -683 -622 52 2694 66333 70024 -7900 -7900 0 0 0
1787958784.911 t 73 608995 31 -3136 -10294 11426 53 0 -74 -683 -622 52 2694 66333 70024 -7900 -7900 0 0 0
1787958784.961 t 74 609051 31 -3136 -10294 11426 53 0 -74 -683 -622 52 2694 66333 70024 -7900 -7900 0 0 0
1787958785.014 t 75 609107 31 -3136 -10294 11426 53 0 -74 -683 -622 52 2694 66333 70024 -7900 -7900 0 0 0
1787958785.080 t 76 609164 31 -3136 -10294 11426 53 0 -74 -683 -622 52 2694 66333 70024 -7900 -7900 0 0 0
1787958785.125 t 77 609219 31 -3136 -10294 11426 53 0 -74 -683 -622 52 2694 66333 70024 -7900 -7900 0 0 0
1787958785.203 t 78 609275 31 -3136 -10294 11426 53 0 -74 -683 -622 52 2694 66333 70024 -7900 -7900 0 0 0
1787958785.239 t 79 609331 31 -3136 -10294 11426 53 0 -74 -683 -622 52 2694 66333 70024 -7900 -7900 0 0 0
1787958785.351 t 80 609387 31 -3136 -10294 11426 53 0 -74 -683 -622 52 2694 66333 70024 -7900 -7900 0 0 0
1787958785.354 t 81 609443 31 -3136 -10294 11426 53 0 -74 -683 -622 52 2694 66333 70024 -7900 -7900 0 0 0
1787958785.407 thdr seq now flags x y h ox oy oh vl vr i2cf cyc posl posr dutl dutr lexc wrng cycovr
1787958785.413 t 82 609499 31 -3136 -10294 11426 53 0 -74 -683 -622 52 2694 66333 70024 -7900 -7900 0 0 0
1787958785.459 t 83 609551 31 -3136 -10294 11426 53 0 -74 -683 -622 52 2694 66333 70024 -7900 -7900 0 0 0
1787958785.514 t 84 609607 31 -3136 -10294 11426 53 0 -74 -683 -622 52 2694 66333 70024 -7900 -7900 0 0 0
1787958785.567 === BIAS RESET REV 80%
1787958785.567 >>> SET stall_window 50 #136
1787958785.574 t 85 609663 31 -3136 -10294 11426 53 0 -74 -683 -622 52 2694 66333 70024 -7900 -7900 0 0 0
1787958785.580 ack 136 135 timeout
1787958785.630 t 86 609719 31 -3136 -10294 11426 53 0 -74 -683 -622 52 2694 66333 70024 -7900 -7900 0 0 0
1787958785.684 t 87 609775 31 -3136 -10294 11426 53 0 -74 -683 -622 52 2694 66333 70024 -7900 -7900 0 0 0
1787958785.738 t 88 609831 31 -3136 -10294 11426 53 0 -74 -683 -622 52 2694 66333 70024 -7900 -7900 0 0 0
1787958785.817 t 89 609887 31 -3136 -10294 11426 53 0 -74 -683 -622 52 2694 66333 70024 -7900 -7900 0 0 0
1787958785.856 t 90 609944 31 -3136 -10294 11426 53 0 -74 -683 -622 52 2694 66333 70024 -7900 -7900 0 0 0
1787958785.906 t 91 609999 31 -3136 -10294 11426 53 0 -74 -683 -622 52 2694 66333 70024 -7900 -7900 0 0 0
1787958785.963 t 92 610055 31 -3136 -10294 11426 53 0 -74 -683 -622 52 2694 66333 70024 -7900 -7900 0 0 0
1787958786.026 t 93 610111 31 -3136 -10294 11426 53 0 -74 -683 -622 52 2694 66333 70024 -7900 -7900 0 0 0
1787958786.069 >>> WHEELS_V 40 40 300 #137
1787958786.074 t 94 610167 31 -3136 -10294 11426 53 0 -74 -683 -622 52 2694 66333 70024 -7900 -7900 0 0 0
1787958786.087 ack 137 135 timeout
1787958786.142 t 95 610235 31 -3073 -10334 18053 53 0 -74 23 0 53 2696 64192 70024 600 0 0 0 0
1787958786.218 t 96 610307 35 -3057 -10337 16394 53 0 -74 23 -438 53 2699 64222 69518 0 0 0 0 0
1787958786.290 t 97 610379 35 -3046 -10341 15345 53 0 -74 0 -283 53 2702 64222 69179 0 0 0 0 0
1787958786.361 t 98 610451 35 -3040 -10344 14787 53 0 -74 0 -137 53 2705 64222 68999 0 0 0 0 0
1787958786.414 t 99 610507 35 -3039 -10345 14673 53 0 -74 0 -35 53 2707 64222 68962 0 0 0 0 0
1787958786.468 t 100 610563 35 -3039 -10345 14673 53 0 -74 0 -35 53 2707 64222 68962 0 0 0 0 0
1787958786.526 thdr seq now flags x y h ox oy oh vl vr i2cf cyc posl posr dutl dutr lexc wrng cycovr
1787958786.534 t 101 610619 35 -3039 -10345 14673 53 0 -74 0 -35 53 2707 64222 68962 0 0 0 0 0
1787958786.577 t 102 610671 35 -3039 -10345 14673 53 0 -74 0 -35 53 2707 64222 68962 0 0 0 0 0
1787958786.638 t 103 610727 35 -3039 -10345 14673 53 0 -74 0 -35 53 2707 64222 68962 0 0 0 0 0
1787958786.690 t 104 610783 35 -3039 -10345 14673 53 0 -74 0 -35 53 2707 64222 68962 0 0 0 0 0
1787958786.745 t 105 610839 35 -3039 -10345 14673 53 0 -74 0 -35 53 2707 64222 68962 0 0 0 0 0
1787958786.804 t 106 610895 35 -3039 -10345 14673 53 0 -74 0 -35 53 2707 64222 68962 0 0 0 0 0
1787958786.856 t 107 610951 35 -3039 -10345 14673 53 0 -74 0 -35 53 2707 64222 68962 0 0 0 0 0
1787958786.917 t 108 611007 35 -3039 -10345 14673 53 0 -74 0 -35 53 2707 64222 68962 0 0 0 0 0
1787958786.972 t 109 611063 35 -3039 -10345 14673 53 0 -74 0 -35 53 2707 64222 68962 0 0 0 0 0
1787958787.026 t 110 611119 35 -3039 -10345 14673 53 0 -74 0 -35 53 2707 64222 68962 0 0 0 0 0
1787958787.081 t 111 611175 35 -3039 -10345 14673 53 0 -74 0 -35 53 2707 64222 68962 0 0 0 0 0
1787958787.147 t 112 611231 35 -3039 -10345 14673 53 0 -74 0 -35 53 2707 64222 68962 0 0 0 0 0
1787958787.196 t 113 611287 35 -3039 -10345 14673 53 0 -74 0 -35 53 2707 64222 68962 0 0 0 0 0
1787958787.251 t 114 611343 35 -3039 -10345 14673 53 0 -73 0 -35 53 2707 64222 68962 0 0 0 0 0
1787958787.305 t 115 611399 35 -3039 -10345 14673 53 0 -73 0 -35 53 2707 64222 68962 0 0 0 0 0
1787958787.357 >>> SET stall_clear 1 #138
1787958787.361 t 116 611455 35 -3039 -10345 14673 53 0 -73 0 -35 53 2707 64222 68962 0 0 0 0 0
1787958787.371 ack 138 137 stall
1787958787.419 t 117 611511 35 -3039 -10345 14673 53 0 -73 0 -35 53 2707 64222 68962 0 0 0 0 0
1787958787.474 t 118 611567 35 -3039 -10345 14673 53 0 -73 0 -35 53 2707 64222 68962 0 0 0 0 0
1787958787.529 t 119 611623 35 -3039 -10345 14673 53 0 -73 0 -35 53 2707 64222 68962 0 0 0 0 0
1787958787.587 thdr seq now flags x y h ox oy oh vl vr i2cf cyc posl posr dutl dutr lexc wrng cycovr
1787958787.591 t 120 611679 35 -3039 -10345 14673 53 0 -73 0 -35 53 2707 64222 68962 0 0 0 0 0
1787958787.638 t 121 611731 35 -3039 -10345 14673 53 0 -73 0 -35 53 2707 64222 68962 0 0 0 0 0
1787958787.694 t 122 611787 35 -3039 -10345 14673 53 0 -73 0 -35 53 2707 64222 68962 0 0 0 0 0
1787958787.762 t 123 611843 35 -3039 -10345 14673 53 0 -73 0 -35 53 2707 64222 68962 0 0 0 0 0
1787958787.804 t 124 611899 35 -3039 -10345 14673 53 0 -73 0 -35 53 2707 64222 68962 0 0 0 0 0
1787958787.864 >>> SET stall_window 0 #139
1787958787.875 t 125 611955 35 -3039 -10345 14673 53 0 -73 0 -35 53 2707 64222 68962 0 0 0 0 0
1787958787.894 ack 139 137 stall
1787958787.918 t 126 612011 35 -3039 -10345 14673 53 0 -74 0 -35 53 2707 64222 68962 0 0 0 0 0
1787958787.975 t 127 612067 35 -3039 -10345 14673 53 0 -74 0 -35 53 2707 64222 68962 0 0 0 0 0
1787958788.034 t 0 612123 35 -3039 -10345 14673 53 0 -74 0 -35 53 2707 64222 68962 0 0 0 0 0
1787958788.085 t 1 612179 35 -3039 -10345 14673 53 0 -74 0 -35 53 2707 64222 68962 0 0 0 0 0
1787958788.145 t 2 612235 35 -3039 -10345 14673 53 0 -74 0 -35 53 2707 64222 68962 0 0 0 0 0
1787958788.201 t 3 612291 35 -3039 -10345 14673 53 0 -74 0 -35 53 2707 64222 68962 0 0 0 0 0
1787958788.252 t 4 612347 35 -3039 -10345 14673 53 0 -74 0 -35 53 2707 64222 68962 0 0 0 0 0
1787958788.315 t 5 612403 35 -3039 -10345 14673 53 0 -74 0 -35 53 2707 64222 68962 0 0 0 0 0
1787958788.368 === STEP REV duty=80% v=-680
1787958788.370 >>> WHEELS_V -680 -680 2000 #140
1787958788.378 t 6 612459 35 -3039 -10345 14673 53 0 -74 0 -35 53 2707 64222 68962 0 0 0 0 0
1787958788.385 ack 140 137 stall
1787958788.431 t 7 612511 31 -3039 -10345 14667 53 0 -74 0 0 53 2708 64222 68960 -2500 -2500 0 0 0
1787958788.490 t 8 612583 31 -3028 -10352 14605 53 0 -74 -309 -327 53 2711 64044 68762 -8900 -8900 0 0 0
1787958788.562 t 9 612655 31 -2997 -10373 14518 53 0 -74 -552 -618 53 2714 63522 68212 -8900 -8900 0 0 0
1787958788.636 t 10 612727 31 -2959 -10400 14314 53 0 -73 -651 -763 53 2717 62883 67507 -8900 -8900 0 0 0
1787958788.708 thdr seq now flags x y h ox oy oh vl vr i2cf cyc posl posr dutl dutr lexc wrng cycovr
1787958788.718 t 11 612799 31 -2918 -10431 14252 53 0 -74 -705 -715 53 2720 62175 66779 -9000 -9000 0 0 0
1787958788.786 t 12 612871 31 -2878 -10462 14227 53 0 -74 -680 -723 53 2723 61450 66046 -9000 -9000 0 0 0
1787958788.853 t 13 612943 31 -2837 -10494 14175 53 0 -73 -704 -730 53 2726 60717 65296 -8900 -9000 0 0 0
1787958788.924 t 14 613015 31 -2796 -10525 14175 53 0 -73 -713 -745 53 2729 59978 64557 -8900 -9000 0 0 0
1787958789.000 t 15 613087 31 -2755 -10557 14150 53 0 -73 -722 -739 53 2732 59247 63818 -8900 -9000 0 0 0
1787958789.066 t 16 613159 31 -2715 -10590 14072 53 0 -73 -708 -730 53 2735 58522 63068 -9000 -9000 0 0 0
1787958789.139 t 17 613231 31 -2675 -10622 14054 53 0 -73 -712 -730 53 2738 57789 62329 -9000 -9000 0 0 0
1787958789.209 t 18 613303 31 -2635 -10655 14011 53 0 -74 -721 -715 53 2741 57053 61579 -9000 -9000 0 0 0
1787958789.284 t 19 613375 31 -2595 -10688 13961 53 0 -73 -715 -730 53 2744 56322 60832 -9000 -8900 0 0 0
1787958789.357 t 20 613447 31 -2555 -10722 13908 53 0 -73 -712 -753 53 2747 55589 60082 -9000 -9000 0 0 0
1787958789.430 t 21 613519 31 -2516 -10755 13902 53 0 -73 -716 -712 53 2750 54855 59346 -9000 -9000 0 0 0
1787958789.504 t 22 613591 31 -2477 -10789 13865 53 0 -73 -715 -729 53 2753 54122 58601 -9000 -9000 0 0 0
1787958789.572 t 23 613663 31 -2438 -10824 13815 53 0 -73 -721 -720 53 2756 53383 57846 -9000 -9000 0 0 0
1787958789.647 t 24 613735 31 -2399 -10858 13778 53 0 -74 -712 -762 53 2759 52650 57101 -8900 -9000 0 0 0
1787958789.713 t 25 613807 31 -2360 -10893 13716 53 0 -74 -711 -789 53 2762 51917 56348 -8900 -8900 0 0 0
1787958789.788 t 26 613879 31 -2323 -10928 13754 53 0 -74 -724 -715 53 2765 51180 55623 -9000 -9000 0 0 0
1787958789.857 t 27 613951 31 -2284 -10963 13720 53 0 -73 -715 -698 53 2768 50444 54876 -9000 -8900 0 0 0
1787958789.930 t 28 614023 31 -2246 -10999 13676 53 0 -73 -756 -723 53 2771 49694 54112 -9000 -9000 0 0 0
1787958790.007 t 29 614095 31 -2208 -11034 13642 53 0 -73 -721 -753 53 2774 48958 53365 -8900 -9000 0 0 0
1787958790.085 thdr seq now flags x y h ox oy oh vl vr i2cf cyc posl posr dutl dutr lexc wrng cycovr
1787958790.088 t 30 614167 31 -2170 -11070 13605 53 0 -73 -704 -747 53 2777 48228 52623 -9000 -9000 0 0 0
1787958790.154 t 31 614239 31 -2133 -11106 13565 53 0 -73 -731 -751 53 2780 47486 51868 -9000 -9000 0 0 0
1787958790.220 t 32 614311 31 -2096 -11143 13537 53 0 -73 -730 -765 53 2783 46750 51123 -8900 -9000 0 0 0
1787958790.290 t 33 614383 31 -2058 -11179 13503 53 0 -73 -731 -726 53 2786 46011 50373 -9000 -9000 0 0 0
1787958790.363 t 34 614455 31 -2021 -11217 13367 53 0 -73 -714 -826 53 2789 45278 49596 -8900 -9000 0 0 0
1787958790.424 t 35 614511 31 -1998 -11241 13472 53 0 -73 -666 -695 53 2791 44783 49135 -9000 -9000 0 0 0
1787958790.475 t 36 614567 31 -1998 -11241 13472 53 0 -73 -666 -695 53 2791 44783 49135 -9000 -9000 0 0 0
1787958790.532 t 37 614624 31 -1998 -11241 13472 53 0 -74 -666 -695 53 2791 44783 49135 -9000 -9000 0 0 0
1787958790.586 t 38 614679 31 -1998 -11241 13472 53 0 -74 -666 -695 53 2791 44783 49135 -9000 -9000 0 0 0
1787958790.643 t 39 614735 31 -1998 -11241 13472 53 0 -74 -666 -695 53 2791 44783 49135 -9000 -9000 0 0 0
1787958790.698 t 40 614791 31 -1998 -11241 13472 53 0 -74 -666 -695 53 2791 44783 49135 -9000 -9000 0 0 0
1787958790.755 t 41 614847 31 -1998 -11241 13472 53 0 -74 -666 -695 53 2791 44783 49135 -9000 -9000 0 0 0
1787958790.819 t 42 614903 31 -1998 -11241 13472 53 0 -74 -666 -695 53 2791 44783 49135 -9000 -9000 0 0 0
1787958790.869 t 43 614959 31 -1998 -11241 13472 53 0 -73 -666 -695 53 2791 44783 49135 -9000 -9000 0 0 0
1787958790.923 t 44 615015 31 -1998 -11241 13472 53 0 -73 -666 -695 53 2791 44783 49135 -9000 -9000 0 0 0
1787958790.985 t 45 615071 31 -1998 -11241 13472 53 0 -73 -666 -695 53 2791 44783 49135 -9000 -9000 0 0 0
1787958791.040 t 46 615127 31 -1998 -11241 13472 53 0 -73 -666 -695 53 2791 44783 49135 -9000 -9000 0 0 0
1787958791.099 t 47 615183 31 -1998 -11241 13472 53 0 -73 -666 -695 53 2791 44783 49135 -9000 -9000 0 0 0
1787958791.143 === BIAS RESET REV 90%
1787958791.144 >>> SET stall_window 50 #141
1787958791.146 t 48 615239 31 -1998 -11241 13472 53 0 -73 -666 -695 53 2791 44783 49135 -9000 -9000 0 0 0
1787958791.156 ack 141 140 timeout
1787958791.202 thdr seq now flags x y h ox oy oh vl vr i2cf cyc posl posr dutl dutr lexc wrng cycovr
1787958791.213 t 49 615295 31 -1998 -11241 13472 53 0 -74 -666 -695 53 2791 44783 49135 -9000 -9000 0 0 0
1787958791.257 t 50 615347 31 -1998 -11241 13472 53 0 -74 -666 -695 53 2791 44783 49135 -9000 -9000 0 0 0
1787958791.312 t 51 615404 31 -1998 -11241 13472 53 0 -73 -666 -695 53 2791 44783 49135 -9000 -9000 0 0 0
1787958791.368 t 52 615459 31 -1998 -11241 13472 53 0 -73 -666 -695 53 2791 44783 49135 -9000 -9000 0 0 0
1787958791.423 t 53 615515 31 -1998 -11241 13472 53 0 -73 -666 -695 53 2791 44783 49135 -9000 -9000 0 0 0
1787958791.482 t 54 615571 31 -1998 -11241 13472 53 0 -73 -666 -695 53 2791 44783 49135 -9000 -9000 0 0 0
1787958791.534 t 55 615627 31 -1998 -11241 13472 53 0 -73 -666 -695 53 2791 44783 49135 -9000 -9000 0 0 0
1787958791.592 t 56 615683 31 -1998 -11241 13472 53 0 -73 -666 -695 53 2791 44783 49135 -9000 -9000 0 0 0
1787958791.645 t 57 615739 31 -1998 -11241 13472 53 0 -72 -666 -695 53 2791 44783 49135 -9000 -9000 0 0 0
1787958791.652 >>> WHEELS_V 40 40 300 #142
1787958791.669 ack 142 140 timeout
1787958791.697 t 58 615791 31 -1901 -11245 22028 53 0 -72 -151 -695 54 2792 42019 49135 500 0 0 0 0
1787958791.770 t 59 615863 35 -1889 -11237 20635 53 0 -73 32 -578 54 2795 42044 48710 0 0 0 0 0
1787958791.844 t 60 615935 35 -1874 -11232 19183 53 0 -73 0 -397 54 2798 42050 48247 0 0 0 0 0
1787958791.915 t 61 616007 35 -1863 -11231 18245 53 0 -73 0 -251 54 2801 42050 47944 0 0 0 0 0
1787958791.987 t 62 616079 35 -1858 -11231 17796 53 0 -73 0 -105 54 2804 42050 47799 0 0 0 0 0
1787958792.043 t 63 616135 35 -1858 -11231 17796 53 0 -73 0 -105 54 2804 42050 47799 0 0 0 0 0
1787958792.097 t 64 616191 35 -1858 -11231 17796 53 0 -73 0 -105 54 2804 42050 47799 0 0 0 0 0
1787958792.161 t 65 616247 35 -1858 -11231 17796 53 0 -73 0 -105 54 2804 42050 47799 0 0 0 0 0
1787958792.211 t 66 616303 35 -1858 -11231 17796 53 0 -72 0 -105 54 2804 42050 47799 0 0 0 0 0
1787958792.279 t 67 616359 35 -1858 -11231 17796 53 0 -72 0 -105 54 2804 42050 47799 0 0 0 0 0
1787958792.352 thdr seq now flags x y h ox oy oh vl vr i2cf cyc posl posr dutl dutr lexc wrng cycovr
1787958792.359 t 68 616415 35 -1858 -11231 17796 53 0 -72 0 -105 54 2804 42050 47799 0 0 0 0 0
1787958792.407 t 69 616467 35 -1858 -11231 17796 53 0 -72 0 -105 54 2804 42050 47799 0 0 0 0 0
1787958792.435 t 70 616523 35 -1858 -11231 17796 53 0 -72 0 -105 54 2804 42050 47799 0 0 0 0 0
1787958792.487 t 71 616579 35 -1858 -11231 17796 53 0 -72 0 -105 54 2804 42050 47799 0 0 0 0 0
1787958792.567 t 72 616635 35 -1858 -11231 17796 53 0 -72 0 -105 54 2804 42050 47799 0 0 0 0 0
1787958792.604 t 73 616691 35 -1858 -11231 17796 53 0 -72 0 -105 54 2804 42050 47799 0 0 0 0 0
1787958792.666 t 74 616747 35 -1858 -11231 17796 53 0 -72 0 -105 54 2804 42050 47799 0 0 0 0 0
1787958792.711 t 75 616803 35 -1858 -11231 17796 53 0 -72 0 -105 54 2804 42050 47799 0 0 0 0 0
1787958792.765 t 76 616859 35 -1858 -11231 17796 53 0 -72 0 -105 54 2804 42050 47799 0 0 0 0 0
1787958792.827 t 77 616915 35 -1858 -11231 17796 53 0 -72 0 -105 54 2804 42050 47799 0 0 0 0 0
1787958792.886 t 78 616971 35 -1858 -11231 17796 53 0 -72 0 -105 54 2804 42050 47799 0 0 0 0 0
1787958792.931 >>> SET stall_clear 1 #143
1787958792.933 t 79 617027 35 -1858 -11231 17796 53 0 -72 0 -105 54 2804 42050 47799 0 0 0 0 0
1787958792.948 ack 143 142 stall
1787958792.992 t 80 617083 35 -1858 -11231 17796 53 0 -73 0 -105 54 2804 42050 47799 0 0 0 0 0
1787958793.049 t 81 617139 35 -1858 -11231 17796 53 0 -73 0 -105 54 2804 42050 47799 0 0 0 0 0
1787958793.103 t 82 617195 35 -1858 -11231 17796 53 0 -73 0 -105 54 2804 42050 47799 0 0 0 0 0
1787958793.157 t 83 617251 35 -1858 -11231 17796 53 0 -73 0 -105 54 2804 42050 47799 0 0 0 0 0
1787958793.216 t 84 617307 35 -1858 -11231 17796 53 0 -73 0 -105 54 2804 42050 47799 0 0 0 0 0
1787958793.270 t 85 617363 35 -1858 -11231 17796 53 0 -73 0 -105 54 2804 42050 47799 0 0 0 0 0
1787958793.326 t 86 617419 35 -1858 -11231 17796 53 0 -73 0 -105 54 2804 42050 47799 0 0 0 0 0
1787958793.388 thdr seq now flags x y h ox oy oh vl vr i2cf cyc posl posr dutl dutr lexc wrng cycovr
1787958793.400 t 87 617475 35 -1858 -11231 17796 53 0 -73 0 -105 54 2804 42050 47799 0 0 0 0 0
1787958793.509 >>> SET stall_window 0 #144
1787958793.512 t 88 617527 35 -1858 -11231 17796 53 0 -73 0 -105 54 2804 42050 47799 0 0 0 0 0
1787958793.512 t 89 617583 35 -1858 -11231 17796 53 0 -73 0 -105 54 2804 42050 47799 0 0 0 0 0
1787958793.527 ack 144 142 stall
1787958793.564 t 90 617639 35 -1858 -11231 17796 53 0 -73 0 -105 54 2804 42050 47799 0 0 0 0 0
1787958793.615 t 91 617695 35 -1858 -11231 17796 53 0 -73 0 -105 54 2804 42050 47799 0 0 0 0 0
1787958793.683 t 92 617751 35 -1858 -11231 17796 53 0 -73 0 -105 54 2804 42050 47799 0 0 0 0 0
1787958793.715 t 93 617807 35 -1858 -11231 17796 53 0 -73 0 -105 54 2804 42050 47799 0 0 0 0 0
1787958793.768 t 94 617863 35 -1858 -11231 17796 53 0 -73 0 -105 54 2804 42050 47799 0 0 0 0 0
1787958793.825 t 95 617919 35 -1858 -11231 17796 53 0 -73 0 -105 54 2804 42050 47799 0 0 0 0 0
1787958793.883 t 96 617975 35 -1858 -11231 17796 53 0 -72 0 -105 54 2804 42050 47799 0 0 0 0 0
1787958793.939 t 97 618031 35 -1858 -11231 17796 53 0 -72 0 -105 54 2804 42050 47799 0 0 0 0 0
1787958793.996 t 98 618087 35 -1858 -11231 17796 53 0 -72 0 -105 54 2804 42050 47799 0 0 0 0 0
1787958794.050 === STEP REV duty=90% v=-765
1787958794.050 >>> WHEELS_V -765 -765 2000 #145
1787958794.051 t 99 618143 35 -1858 -11231 17796 53 0 -72 0 -105 54 2804 42050 47799 0 0 0 0 0
1787958794.061 ack 145 142 stall
1787958794.117 t 100 618211 31 -1856 -11231 17728 53 0 -73 -43 -58 54 2806 42033 47760 -5000 -5000 0 0 0
1787958794.191 t 101 618283 31 -1834 -11232 17676 53 0 -73 -461 -470 54 2809 41714 47424 -10000 -10000 0 0 0
1787958794.269 t 102 618355 31 -1790 -11235 17496 53 0 -72 -617 -666 54 2812 41122 46774 -10000 -10000 0 0 0
1787958794.338 t 103 618427 31 -1740 -11240 17292 53 0 -72 -698 -744 54 2815 40433 46019 -10000 -10000 0 0 0
1787958794.411 t 104 618499 31 -1686 -11247 17187 53 0 -72 -730 -796 54 2818 39683 45235 -10000 -10000 0 0 0
1787958794.479 t 105 618571 31 -1633 -11254 17187 53 0 -73 -771 -762 54 2821 38911 44463 -10000 -10000 0 0 0
1787958794.569 thdr seq now flags x y h ox oy oh vl vr i2cf cyc posl posr dutl dutr lexc wrng cycovr
1787958794.569 t 106 618643 31 -1579 -11262 17118 53 0 -72 -744 -775 54 2824 38150 43680 -10000 -10000 0 0 0
1787958794.624 t 107 618715 31 -1526 -11271 17050 53 0 -72 -746 -766 54 2827 37391 42899 -10000 -10000 0 0 0
1787958794.693 t 108 618787 31 -1473 -11279 17013 53 0 -72 -735 -762 54 2830 36628 42124 -10000 -10000 0 0 0
1787958794.765 t 109 618859 31 -1419 -11289 16964 53 0 -73 -743 -779 54 2833 35861 41341 -10000 -10000 0 0 0
1787958794.839 t 110 618931 31 -1367 -11298 16930 53 0 -73 -739 -744 54 2836 35100 40569 -10000 -10000 0 0 0
1787958794.910 t 111 619003 31 -1314 -11308 16886 53 0 -73 -738 -753 54 2839 34336 39791 -10000 -10000 0 0 0
1787958794.981 t 112 619075 31 -1260 -11319 16800 53 0 -73 -739 -772 54 2842 33572 38999 -10000 -10000 0 0 0
1787958795.055 t 113 619147 31 -1207 -11330 16775 53 0 -72 -747 -762 54 2845 32805 38224 -10000 -10000 0 0 0
1787958795.127 t 114 619219 31 -1154 -11342 16713 53 0 -72 -736 -788 54 2848 32039 37438 -10000 -10000 0 0 0
1787958795.199 t 115 619291 31 -1101 -11354 16697 53 0 -72 -758 -753 54 2851 31269 36663 -10000 -10000 0 0 0
1787958795.271 t 116 619363 31 -1049 -11366 16663 53 0 -72 -747 -747 54 2854 30505 35888 -10000 -10000 0 0 0
1787958795.343 t 117 619435 31 -996 -11379 16592 53 0 -72 -753 -757 54 2857 29739 35099 -10000 -10000 0 0 0
1787958795.413 t 118 619507 31 -943 -11392 16558 53 0 -72 -747 -756 54 2860 28972 34321 -10000 -10000 0 0 0
1787958795.487 t 119 619579 31 -891 -11405 16524 53 0 -72 -744 -779 54 2863 28200 33538 -10000 -10000 0 0 0
1787958795.557 t 120 619651 31 -838 -11419 16509 53 0 -72 -747 -747 54 2866 27430 32763 -10000 -10000 0 0 0
1787958795.629 t 121 619723 31 -786 -11433 16450 53 0 -72 -746 -761 54 2869 26666 31980 -10000 -10000 0 0 0
1787958795.702 t 122 619795 31 -733 -11447 16397 53 0 -72 -753 -753 54 2872 25894 31191 -10000 -10000 0 0 0
1787958795.773 t 123 619867 31 -681 -11462 16431 53 0 -72 -794 -744 54 2875 25111 30419 -10000 -10000 0 0 0
1787958795.851 t 124 619939 31 -628 -11477 16372 53 0 -72 -756 -794 54 2878 24341 29630 -10000 -10000 0 0 0
1787958795.917 thdr seq now flags x y h ox oy oh vl vr i2cf cyc posl posr dutl dutr lexc wrng cycovr
1787958795.925 t 125 620011 31 -576 -11492 16335 53 0 -72 -745 -772 54 2881 23572 28849 -10000 -10000 0 0 0
1787958795.991 t 126 620083 31 -524 -11508 16311 53 0 -72 -743 -750 54 2884 22805 28074 -10000 -10000 0 0 0
1787958796.063 t 127 620155 31 -472 -11524 16267 53 0 -72 -756 -756 54 2887 22030 27285 -10000 -10000 0 0 0
1787958796.120 t 0 620211 31 -454 -11529 16335 53 0 -72 -817 -753 54 2888 21750 27027 -10000 -10000 0 0 0
1787958796.174 t 1 620267 31 -454 -11529 16335 53 0 -72 -817 -753 54 2888 21750 27027 -10000 -10000 0 0 0
1787958796.229 t 2 620323 31 -454 -11529 16335 53 0 -72 -817 -753 54 2888 21750 27027 -10000 -10000 0 0 0
1787958796.328 t 3 620379 31 -454 -11529 16335 53 0 -72 -817 -753 54 2888 21750 27027 -10000 -10000 0 0 0
1787958796.352 t 4 620435 31 -454 -11529 16335 53 0 -72 -817 -753 54 2888 21750 27027 -10000 -10000 0 0 0
1787958796.398 t 5 620491 31 -454 -11529 16335 53 0 -72 -817 -753 54 2888 21750 27027 -10000 -10000 0 0 0
1787958796.466 t 6 620547 31 -454 -11529 16335 53 0 -72 -817 -753 54 2888 21750 27027 -10000 -10000 0 0 0
1787958796.512 t 7 620604 31 -454 -11529 16335 53 0 -72 -817 -753 54 2888 21750 27027 -10000 -10000 0 0 0
1787958796.569 t 8 620659 31 -454 -11529 16335 53 0 -72 -817 -753 54 2888 21750 27027 -10000 -10000 0 0 0
1787958796.639 t 9 620715 31 -454 -11529 16335 53 0 -72 -817 -753 54 2888 21750 27027 -10000 -10000 0 0 0
1787958796.677 t 10 620771 31 -454 -11529 16335 53 0 -72 -817 -753 54 2888 21750 27027 -10000 -10000 0 0 0
1787958796.738 t 11 620827 31 -454 -11529 16335 53 0 -72 -817 -753 54 2888 21750 27027 -10000 -10000 0 0 0
1787958796.792 t 12 620883 31 -454 -11529 16335 53 0 -71 -817 -753 54 2888 21750 27027 -10000 -10000 0 0 0
1787958796.841 === BIAS RESET REV 100%
1787958796.841 >>> SET stall_window 50 #146
1787958796.846 t 13 620939 31 -454 -11529 16335 53 0 -71 -817 -753 54 2888 21750 27027 -10000 -10000 0 0 0
1787958796.856 ack 146 145 timeout
1787958796.901 t 14 620995 31 -454 -11529 16335 53 0 -71 -817 -753 54 2888 21750 27027 -10000 -10000 0 0 0
1787958796.957 t 15 621051 31 -454 -11529 16335 53 0 -71 -817 -753 54 2888 21750 27027 -10000 -10000 0 0 0
1787958797.016 thdr seq now flags x y h ox oy oh vl vr i2cf cyc posl posr dutl dutr lexc wrng cycovr
1787958797.022 t 16 621107 31 -454 -11529 16335 53 0 -72 -817 -753 54 2888 21750 27027 -10000 -10000 0 0 0
1787958797.074 t 17 621159 31 -454 -11529 16335 53 0 -72 -817 -753 54 2888 21750 27027 -10000 -10000 0 0 0
1787958797.123 t 18 621215 31 -454 -11529 16335 53 0 -72 -817 -753 54 2888 21750 27027 -10000 -10000 0 0 0
1787958797.185 t 19 621271 31 -454 -11529 16335 53 0 -72 -817 -753 54 2888 21750 27027 -10000 -10000 0 0 0
1787958797.234 t 20 621327 31 -454 -11529 16335 53 0 -72 -817 -753 54 2888 21750 27027 -10000 -10000 0 0 0
1787958797.293 t 21 621384 31 -454 -11529 16335 53 0 -72 -817 -753 54 2888 21750 27027 -10000 -10000 0 0 0
1787958797.343 >>> WHEELS_V 40 40 300 #147
1787958797.349 t 22 621439 31 -454 -11529 16335 53 0 -72 -817 -753 54 2888 21750 27027 -10000 -10000 0 0 0
1787958797.355 ack 147 145 timeout
1787958797.467 t 23 621507 31 -365 -11484 25133 53 0 -72 8 0 55 2890 18908 27027 400 0 0 0 0
1787958797.489 t 24 621579 35 -355 -11465 23096 53 0 -72 41 -519 55 2893 18941 26402 0 0 0 0 0
1787958797.558 t 25 621651 35 -344 -11454 21703 53 0 -72 0 -388 55 2896 18941 25952 0 0 0 0 0
1787958797.633 t 26 621723 35 -336 -11449 20808 53 0 -71 0 -236 55 2899 18941 25663 0 0 0 0 0
1787958797.694 t 27 621779 35 -332 -11447 20455 53 0 -72 0 -146 55 2901 18941 25549 0 0 0 0 0
1787958797.740 t 28 621835 35 -332 -11447 20455 53 0 -72 0 -146 55 2901 18941 25549 0 0 0 0 0
1787958797.801 t 29 621891 35 -332 -11447 20455 53 0 -72 0 -146 55 2901 18941 25549 0 0 0 0 0
1787958797.861 t 30 621947 35 -332 -11447 20455 53 0 -72 0 -146 55 2901 18941 25549 0 0 0 0 0
1787958797.911 t 31 622003 35 -332 -11447 20455 53 0 -71 0 -146 55 2901 18941 25549 0 0 0 0 0
1787958797.969 t 32 622059 35 -332 -11447 20455 53 0 -71 0 -146 55 2901 18941 25549 0 0 0 0 0
1787958798.021 t 33 622115 35 -332 -11447 20455 53 0 -71 0 -146 55 2901 18941 25549 0 0 0 0 0
1787958798.076 t 34 622171 35 -332 -11447 20455 53 0 -71 0 -146 55 2901 18941 25549 0 0 0 0 0
1787958798.138 thdr seq now flags x y h ox oy oh vl vr i2cf cyc posl posr dutl dutr lexc wrng cycovr
1787958798.140 t 35 622227 35 -332 -11447 20455 53 0 -71 0 -146 55 2901 18941 25549 0 0 0 0 0
1787958798.186 t 36 622279 35 -332 -11447 20455 53 0 -71 0 -146 55 2901 18941 25549 0 0 0 0 0
1787958798.242 t 37 622335 35 -332 -11447 20455 53 0 -72 0 -146 55 2901 18941 25549 0 0 0 0 0
1787958798.300 t 38 622391 35 -332 -11447 20455 53 0 -72 0 -146 55 2901 18941 25549 0 0 0 0 0
1787958798.353 t 39 622447 35 -332 -11447 20455 53 0 -71 0 -146 55 2901 18941 25549 0 0 0 0 0
1787958798.412 t 40 622503 35 -332 -11447 20455 53 0 -71 0 -146 55 2901 18941 25549 0 0 0 0 0
1787958798.465 t 41 622559 35 -332 -11447 20455 53 0 -71 0 -146 55 2901 18941 25549 0 0 0 0 0
1787958798.520 t 42 622615 35 -332 -11447 20455 53 0 -71 0 -146 55 2901 18941 25549 0 0 0 0 0
1787958798.580 t 43 622671 35 -332 -11447 20455 53 0 -71 0 -146 55 2901 18941 25549 0 0 0 0 0
1787958798.629 >>> SET stall_clear 1 #148
1787958798.633 t 44 622727 35 -332 -11447 20455 53 0 -71 0 -146 55 2901 18941 25549 0 0 0 0 0
1787958798.645 ack 148 147 stall
1787958798.689 t 45 622783 35 -332 -11447 20455 53 0 -71 0 -146 55 2901 18941 25549 0 0 0 0 0
1787958798.748 t 46 622839 35 -332 -11447 20455 53 0 -71 0 -146 55 2901 18941 25549 0 0 0 0 0
1787958798.808 t 47 622895 35 -332 -11447 20455 53 0 -71 0 -146 55 2901 18941 25549 0 0 0 0 0
1787958798.860 t 48 622951 35 -332 -11447 20455 53 0 -71 0 -146 55 2901 18941 25549 0 0 0 0 0
1787958798.916 t 49 623007 35 -332 -11447 20455 53 0 -71 0 -146 55 2901 18941 25549 0 0 0 0 0
1787958798.968 t 50 623063 35 -332 -11447 20455 53 0 -71 0 -146 55 2901 18941 25549 0 0 0 0 0
1787958799.027 t 51 623119 35 -332 -11447 20455 53 0 -71 0 -146 55 2901 18941 25549 0 0 0 0 0
1787958799.079 t 52 623175 35 -332 -11447 20455 53 0 -71 0 -146 55 2901 18941 25549 0 0 0 0 0
1787958799.133 >>> SET stall_window 0 #149
1787958799.140 t 53 623231 35 -332 -11447 20455 53 0 -71 0 -146 55 2901 18941 25549 0 0 0 0 0
1787958799.148 ack 149 147 stall
1787958799.198 thdr seq now flags x y h ox oy oh vl vr i2cf cyc posl posr dutl dutr lexc wrng cycovr
1787958799.199 t 54 623287 35 -332 -11447 20455 53 0 -71 0 -146 55 2901 18941 25549 0 0 0 0 0
1787958799.245 t 55 623339 35 -332 -11447 20455 53 0 -71 0 -146 55 2901 18941 25549 0 0 0 0 0
1787958799.301 t 56 623395 35 -332 -11447 20455 53 0 -71 0 -146 55 2901 18941 25549 0 0 0 0 0
1787958799.359 t 57 623451 35 -332 -11447 20455 53 0 -71 0 -146 55 2901 18941 25549 0 0 0 0 0
1787958799.412 t 58 623507 35 -332 -11447 20455 53 0 -72 0 -146 55 2901 18941 25549 0 0 0 0 0
1787958799.469 t 59 623563 35 -332 -11447 20455 53 0 -72 0 -146 55 2901 18941 25549 0 0 0 0 0
1787958799.525 t 60 623619 35 -332 -11447 20455 53 0 -71 0 -146 55 2901 18941 25549 0 0 0 0 0
1787958799.580 t 61 623675 35 -332 -11447 20455 53 0 -71 0 -146 55 2901 18941 25549 0 0 0 0 0
1787958799.640 === STEP REV duty=100% v=-850
1787958799.640 >>> WHEELS_V -850 -850 2000 #150
1787958799.642 t 62 623731 35 -332 -11447 20455 53 0 -71 0 -146 55 2901 18941 25549 0 0 0 0 0
1787958799.656 ack 150 147 stall
1787958799.689 t 63 623783 31 -330 -11446 20276 53 0 -71 0 -2 55 2902 18941 25491 -2500 -2500 0 0 0
1787958799.763 t 64 623855 31 -317 -11441 20239 53 0 -71 -324 -350 55 2905 18750 25288 -10000 -10000 0 0 0
1787958799.836 t 65 623927 31 -281 -11426 20214 53 0 -71 -598 -625 55 2908 18189 24719 -10000 -10000 0 0 0
1787958799.905 t 66 623999 31 -234 -11408 20059 53 0 -71 -698 -730 55 2911 17500 23980 -10000 -10000 0 0 0
1787958799.988 t 67 624071 31 -184 -11389 20000 53 0 -71 -730 -762 55 2914 16747 23208 -10000 -10000 0 0 0
1787958800.051 t 68 624143 31 -133 -11370 19929 53 0 -71 -747 -788 55 2917 15983 22421 -10000 -10000 0 0 0
1787958800.124 t 69 624215 31 -82 -11352 19889 53 0 -71 -748 -762 55 2920 15216 21641 -10000 -10000 0 0 0
1787958800.197 t 70 624287 31 -31 -11335 19852 53 0 -71 -745 -762 55 2923 14450 20863 -10000 -10000 0 0 0
1787958800.268 t 71 624359 31 21 -11318 19812 53 0 -71 -747 -747 55 2926 13677 20077 -10000 -10000 0 0 0
1787958800.339 t 72 624431 31 72 -11301 19784 53 0 -71 -735 -747 55 2929 12911 19302 -10000 -10000 0 0 0
1787958800.408 thdr seq now flags x y h ox oy oh vl vr i2cf cyc posl posr dutl dutr lexc wrng cycovr
1787958800.421 t 73 624503 31 124 -11284 19725 53 0 -70 -757 -762 55 2932 12141 18513 -10000 -10000 0 0 0
1787958800.481 t 74 624575 31 176 -11268 19682 53 0 -70 -715 -750 55 2935 11377 17735 -10000 -10000 0 0 0
1787958800.561 t 75 624647 31 228 -11252 19648 53 0 -70 -739 -753 55 2938 10605 16952 -10000 -10000 0 0 0
1787958800.631 t 76 624719 31 280 -11237 19613 53 0 -70 -744 -744 55 2941 9833 16169 -10000 -10000 0 0 0
1787958800.698 t 77 624791 31 332 -11222 19570 53 0 -70 -747 -771 55 2944 9066 15388 -10000 -10000 0 0 0
1787958800.769 t 78 624863 31 385 -11207 19508 53 0 -70 -736 -786 55 2947 8300 14602 -10000 -10000 0 0 0
1787958800.841 t 79 624935 31 438 -11193 19527 53 0 -70 -787 -756 55 2950 7513 13821 -10000 -10000 0 0 0
1787958800.912 t 80 625007 31 490 -11178 19502 53 0 -70 -748 -753 55 2953 6744 13044 -10000 -10000 0 0 0
1787958800.986 t 81 625079 31 543 -11164 19449 53 0 -70 -745 -762 55 2956 5972 12255 -10000 -10000 0 0 0
1787958801.058 t 82 625151 31 595 -11151 19415 53 0 -70 -738 -771 55 2959 5205 11477 -10000 -10000 0 0 0
1787958801.131 t 83 625223 31 648 -11137 19372 53 0 -70 -744 -785 55 2962 4433 10691 -10000 -10000 0 0 0
1787958801.226 t 84 625295 31 701 -11124 19335 53 0 -70 -745 -756 55 2965 3661 9907 -10000 -10000 0 0 0
1787958801.281 t 85 625367 31 754 -11111 19304 53 0 -70 -747 -771 55 2968 2888 9124 -10000 -10000 0 0 0
1787958801.346 t 86 625439 31 807 -11099 19295 53 0 -70 -756 -747 55 2971 2113 8346 -10000 -10000 0 0 0
1787958801.418 t 87 625511 31 860 -11087 19251 53 0 -70 -763 -762 55 2974 1344 7563 -10000 -10000 0 0 0
1787958801.490 t 88 625583 31 914 -11075 19233 53 0 -70 -795 -794 55 2977 561 6774 -10000 -10000 0 0 0
1787958801.599 t 89 625655 31 967 -11064 19165 53 0 -70 -744 -752 55 2980 -200 5991 -10000 -10000 0 0 0
1787958801.643 t 90 625727 31 1020 -11052 19155 53 0 -71 -756 -754 55 2983 -975 5213 -10000 -10000 0 0 0
1787958801.689 t 91 625783 31 1056 -11045 19109 53 0 -71 -689 -771 55 2985 -1491 4682 -10000 -10000 0 0 0
1787958801.746 thdr seq now flags x y h ox oy oh vl vr i2cf cyc posl posr dutl dutr lexc wrng cycovr
1787958801.755 t 92 625839 31 1056 -11045 19109 53 0 -70 -689 -771 55 2985 -1491 4682 -10000 -10000 0 0 0
1787958801.797 t 93 625891 31 1056 -11045 19109 53 0 -70 -689 -771 55 2985 -1491 4682 -10000 -10000 0 0 0
1787958801.859 t 94 625947 31 1056 -11045 19109 53 0 -70 -689 -771 55 2985 -1491 4682 -10000 -10000 0 0 0
1787958801.910 t 95 626003 31 1056 -11045 19109 53 0 -70 -689 -771 55 2985 -1491 4682 -10000 -10000 0 0 0
1787958801.965 t 96 626059 31 1056 -11045 19109 53 0 -71 -689 -771 55 2985 -1491 4682 -10000 -10000 0 0 0
1787958802.024 t 97 626116 31 1056 -11045 19109 53 0 -71 -689 -771 55 2985 -1491 4682 -10000 -10000 0 0 0
1787958802.078 t 98 626171 31 1056 -11045 19109 53 0 -70 -689 -771 55 2985 -1491 4682 -10000 -10000 0 0 0
1787958802.134 t 99 626227 31 1056 -11045 19109 53 0 -70 -689 -771 55 2985 -1491 4682 -10000 -10000 0 0 0
1787958802.192 t 100 626283 31 1056 -11045 19109 53 0 -70 -689 -771 55 2985 -1491 4682 -10000 -10000 0 0 0
1787958802.245 t 101 626339 31 1056 -11045 19109 53 0 -70 -689 -771 55 2985 -1491 4682 -10000 -10000 0 0 0
1787958802.303 t 102 626395 31 1056 -11045 19109 53 0 -71 -689 -771 55 2985 -1491 4682 -10000 -10000 0 0 0
1787958802.358 t 103 626451 31 1056 -11045 19109 53 0 -71 -689 -771 55 2985 -1491 4682 -10000 -10000 0 0 0
1787958802.914 t 104 626507 31 1056 -11045 19109 53 0 -70 -689 -771 55 2985 -1491 4682 -10000 -10000 0 0 0
1787958802.914 t 105 626563 31 1056 -11045 19109 53 0 -70 -689 -771 55 2985 -1491 4682 -10000 -10000 0 0 0
1787958802.915 t 106 626619 31 1056 -11045 19109 53 0 -70 -689 -771 55 2985 -1491 4682 -10000 -10000 0 0 0
1787958802.915 t 107 626675 31 1056 -11045 19109 53 0 -70 -689 -771 55 2985 -1491 4682 -10000 -10000 0 0 0
1787958802.915 t 108 626731 31 1056 -11045 19109 53 0 -70 -689 -771 55 2985 -1491 4682 -10000 -10000 0 0 0
1787958802.915 t 109 626787 31 1056 -11045 19109 53 0 -70 -689 -771 55 2985 -1491 4682 -10000 -10000 0 0 0
1787958802.915 t 110 626844 31 1056 -11045 19109 53 1 -71 -689 -771 55 2985 -1491 4682 -10000 -10000 0 0 0
1787958802.915 thdr seq now flags x y h ox oy oh vl vr i2cf cyc posl posr dutl dutr lexc wrng cycovr
1787958802.915 t 111 626899 31 1056 -11045 19109 53 1 -71 -689 -771 55 2985 -1491 4682 -10000 -10000 0 0 0
1787958802.915 t 112 626951 31 1056 -11045 19109 53 1 -70 -689 -771 55 2985 -1491 4682 -10000 -10000 0 0 0
1787958802.917 t 113 627007 31 1056 -11045 19109 53 1 -70 -689 -771 55 2985 -1491 4682 -10000 -10000 0 0 0
1787958802.970 t 114 627063 31 1056 -11045 19109 53 0 -70 -689 -771 55 2985 -1491 4682 -10000 -10000 0 0 0
1787958803.038 t 115 627119 31 1056 -11045 19109 53 0 -70 -689 -771 55 2985 -1491 4682 -10000 -10000 0 0 0
1787958803.085 t 116 627175 31 1056 -11045 19109 53 1 -70 -689 -771 55 2985 -1491 4682 -10000 -10000 0 0 0
1787958803.139 t 117 627231 31 1056 -11045 19109 53 1 -70 -689 -771 55 2985 -1491 4682 -10000 -10000 0 0 0
1787958803.202 t 118 627287 31 1056 -11045 19109 53 1 -70 -689 -771 55 2985 -1491 4682 -10000 -10000 0 0 0
1787958803.249 t 119 627343 31 1056 -11045 19109 53 1 -70 -689 -771 55 2985 -1491 4682 -10000 -10000 0 0 0
1787958803.309 t 120 627399 31 1056 -11045 19109 53 1 -70 -689 -771 55 2985 -1491 4682 -10000 -10000 0 0 0
1787958803.370 t 121 627455 31 1056 -11045 19109 53 1 -70 -689 -771 55 2985 -1491 4682 -10000 -10000 0 0 0
1787958803.433 >>> STOP #151
1787958803.448 t 122 627511 31 1056 -11045 19109 53 1 -70 -689 -771 55 2985 -1491 4682 -10000 -10000 0 0 0
1787958803.454 ack 151 150 timeout
1787958803.485 t 123 627567 31 1056 -11045 19109 53 1 -70 -689 -771 55 2985 -1491 4682 -10000 -10000 0 0 0
1787958803.533 t 124 627624 31 1056 -11045 19109 53 1 -70 -689 -771 55 2985 -1491 4682 -10000 -10000 0 0 0
1787958803.587 t 125 627679 31 1056 -11045 19109 53 1 -70 -689 -771 55 2985 -1491 4682 -10000 -10000 0 0 0
1787958803.642 t 126 627735 31 1056 -11045 19109 53 1 -70 -689 -771 55 2985 -1491 4682 -10000 -10000 0 0 0
1787958803.700 t 127 627791 31 1056 -11045 19109 53 1 -70 -689 -771 55 2985 -1491 4682 -10000 -10000 0 0 0
1787958803.757 t 0 627847 31 1056 -11045 19109 53 1 -70 -689 -771 55 2985 -1491 4682 -10000 -10000 0 0 0
1787958803.809 t 1 627903 31 1056 -11045 19109 53 1 -70 -689 -771 55 2985 -1491 4682 -10000 -10000 0 0 0
1787958803.871 thdr seq now flags x y h ox oy oh vl vr i2cf cyc posl posr dutl dutr lexc wrng cycovr
1787958803.876 t 2 627959 31 1056 -11045 19109 53 1 -70 -689 -771 55 2985 -1491 4682 -10000 -10000 0 0 0
1787958803.919 t 3 628011 31 1056 -11045 19109 53 1 -70 -689 -771 55 2985 -1491 4682 -10000 -10000 0 0 0
1787958803.975 t 4 628067 31 1056 -11045 19109 53 1 -70 -689 -771 55 2985 -1491 4682 -10000 -10000 0 0 0
1787958804.034 t 5 628123 31 1056 -11045 19109 53 1 -70 -689 -771 55 2985 -1491 4682 -10000 -10000 0 0 0
1787958804.088 t 6 628179 31 1056 -11045 19109 53 1 -70 -689 -771 55 2985 -1491 4682 -10000 -10000 0 0 0
1787958804.148 t 7 628235 31 1056 -11045 19109 53 1 -70 -689 -771 55 2985 -1491 4682 -10000 -10000 0 0 0
1787958804.199 t 8 628291 31 1056 -11045 19109 53 1 -70 -689 -771 55 2985 -1491 4682 -10000 -10000 0 0 0
1787958804.250 >>> TLM OFF #152
1787958804.255 t 9 628347 31 1056 -11045 19109 53 1 -70 -689 -771 55 2985 -1491 4682 -10000 -10000 0 0 0
1787958804.263 ack 152 150 timeout
1787958805.268 >>> SET pid_ki 6 #153
1787958805.286 ack 153 150 timeout
1787958805.790 >>> SET pid_i_max 765.6 #154
1787958805.808 ack 154 150 timeout
1787958806.312 >>> SET twist_hold_gain 2 #155
1787958806.329 ack 155 150 timeout
1787958806.832 >>> SET stall_speed 191.4 #156
1787958806.848 ack 156 150 timeout
1787958807.352 >>> SET stall_demand 510.4 #157
1787958807.368 ack 157 150 timeout
1787958807.870 >>> SET stall_window 500 #158
1787958807.880 ack 158 150 timeout
1787958808.385 >>> GET pid_ki #159
1787958808.401 ack 159 150 timeout
1787958808.401 get pid_ki 6.000000
1787958809.404 >>> GET pid_i_max #160
1787958809.423 ack 160 150 timeout
1787958809.425 get pid_i_max 765.600037
1787958810.431 >>> GET twist_hold_gain #161
1787958810.446 ack 161 150 timeout
1787958810.449 get twist_hold_gain 2.000000
1787958811.452 >>> GET stall_speed #162
1787958811.472 ack 162 150 timeout
1787958811.474 get stall_speed 191.400009
1787958812.480 >>> GET stall_demand #163
1787958812.498 ack 163 150 timeout
1787958812.500 get stall_demand 510.400024
1787958813.506 >>> GET stall_window #164
1787958813.518 ack 164 150 timeout
1787958813.520 get stall_window 500.000031
1787958814.524 >>> STATUS
1787958814.543 status ready=1 active=1 connL=1 connR=1 otos=1 wedge=0 flags=31 i2cf=55 cyc=2985 tlm=off next=165 done=150 reason=timeout
