turn,commanded,t_rel,seq,now,flags,x,y,h,ox,oy,oh,vl,vr,i2cf,cyc,posl,posr,dutl,dutr,lexc,wrng,cycovr
1,90,-0.008,82,1649295,31,-1049,34,60359,0,0,0,0,0,30,6591,12006,28047,0,0,0,0,0
1,90,0.049,83,1649355,31,-1049,34,60359,0,0,0,0,0,30,6592,12006,28047,-800,800,0,0,0
1,90,0.121,84,1649427,31,-1049,35,60558,0,0,0,-46,46,30,6595,11978,28072,-1200,1200,0,0,0
1,90,0.195,85,1649499,31,-1049,35,60867,0,0,0,-62,52,30,6598,11937,28113,-1300,1300,0,0,0
1,90,0.266,86,1649571,31,-1049,34,61277,0,0,0,-72,72,30,6601,11884,28169,-1400,1400,0,0,0
1,90,0.337,87,1649643,31,-1049,35,61714,0,0,0,-72,52,30,6604,11823,28224,-1400,1400,0,0,0
1,90,0.41,88,1649715,31,-1049,35,62218,0,0,0,-66,72,30,6607,11756,28291,-1300,1400,0,0,0
1,90,0.48,89,1649787,31,-1049,34,62741,0,0,0,-75,82,31,6610,11689,28363,-1400,1500,0,0,0
1,90,0.557,90,1649859,31,-1049,34,63222,0,0,0,-75,72,31,6613,11628,28430,-1300,1400,0,0,0
1,90,0.624,91,1649931,31,-1049,34,63730,0,0,0,-72,72,31,6616,11562,28499,-1400,1300,0,0,0
1,90,0.71,92,1650004,31,-1049,34,64235,0,0,0,-72,72,31,6619,11495,28566,-1300,1300,0,0,0
1,90,0.769,93,1650075,31,-1049,34,64728,0,0,0,-75,69,32,6622,11428,28630,-1300,1400,0,0,0
1,90,0.84,94,1650147,31,-1049,34,65228,0,0,0,-72,75,32,6625,11362,28697,-1300,1300,0,0,0
1,90,0.914,95,1650219,31,-1049,34,65728,0,0,0,-72,72,32,6628,11295,28763,-1200,1300,0,0,0
1,90,0.991,96,1650291,31,-1049,34,66210,0,0,0,-56,72,33,6631,11234,28830,-1300,1300,0,0,0
1,90,1.056,97,1650363,31,-1049,34,66703,0,0,0,-70,65,33,6634,11170,28897,-1400,1200,0,0,0
1,90,1.135,98,1650435,31,-1049,34,67192,0,0,0,-72,66,33,6637,11101,28958,-1300,1300,0,0,0
1,90,1.2,99,1650507,31,-1049,34,67674,0,0,0,-66,72,33,6640,11039,29024,-1200,1300,0,0,0
1,90,1.276,100,1650579,31,-1049,34,68174,0,0,0,-62,72,33,6643,10973,29091,-1300,1300,0,0,0
1,90,1.345,101,1650651,31,-1049,34,68633,0,0,0,-72,72,33,6646,10912,29152,-1300,1300,0,0,0
1,90,1.415,102,1650723,31,-1049,34,68938,0,0,0,-10,56,34,6649,10870,29191,0,0,0,0,0
1,90,1.488,103,1650795,31,-1049,34,68938,0,0,0,0,0,34,6652,10870,29191,1400,-1500,0,0,0
1,90,1.576,104,1650867,31,-1049,34,68686,0,0,0,46,-56,34,6655,10898,29152,1600,-1600,0,0,0
1,90,1.631,105,1650939,31,-1050,35,68332,0,0,0,36,-52,34,6658,10937,29097,0,0,0,0,0
1,90,1.704,106,1651011,31,-1050,35,68344,0,0,0,0,0,34,6661,10934,29097,0,0,0,0,0
1,90,1.778,107,1651083,31,-1049,35,68445,0,0,0,-26,36,34,6664,10923,29113,-1000,1200,0,0,0
1,90,1.848,108,1651155,31,-1049,34,68742,0,0,0,-39,56,34,6667,10889,29158,-1200,1300,0,0,0
1,90,1.936,109,1651228,31,-1049,34,69126,0,0,0,-56,62,34,6670,10845,29216,-1400,1300,0,0,0
1,90,1.978,110,1651284,31,-1049,34,69386,0,0,0,0,0,34,6673,10812,29252,0,0,0,0,0
1,90,2.039,111,1651347,31,-1049,34,69386,0,0,0,0,0,34,6676,10812,29252,0,0,0,0,0
1,90,2.114,112,1651419,31,-1049,34,69386,0,0,0,0,0,34,6679,10812,29252,0,0,0,0,0
1,90,2.184,113,1651491,31,-1049,34,69386,0,0,0,0,0,34,6682,10812,29252,0,0,0,0,0
1,90,2.244,114,1651547,31,-1049,34,69386,0,0,0,0,0,34,6684,10812,29252,0,0,0,0,0
1,90,2.305,115,1651603,31,-1049,34,69386,0,0,0,0,0,34,6684,10812,29252,0,0,0,0,0
1,90,2.347,116,1651655,31,-1049,34,69386,0,0,0,0,0,34,6684,10812,29252,0,0,0,0,0
1,90,2.403,117,1651711,31,-1049,34,69386,0,0,0,0,0,34,6684,10812,29252,0,0,0,0,0
1,90,2.465,118,1651767,31,-1049,34,69386,0,0,0,0,0,34,6684,10812,29252,0,0,0,0,0
1,90,2.516,119,1651823,31,-1049,34,69386,0,0,0,0,0,34,6684,10812,29252,0,0,0,0,0
1,90,2.574,120,1651879,31,-1049,34,69386,0,0,0,0,0,34,6684,10812,29252,0,0,0,0,0
1,90,2.628,121,1651935,31,-1049,34,69386,0,0,0,0,0,34,6684,10812,29252,0,0,0,0,0
1,90,2.684,122,1651991,31,-1049,34,69386,0,0,0,0,0,34,6684,10812,29252,0,0,0,0,0
1,90,2.743,123,1652047,31,-1049,34,69386,0,0,0,0,0,34,6684,10812,29252,0,0,0,0,0
1,90,2.797,124,1652103,31,-1049,34,69386,0,0,0,0,0,34,6684,10812,29252,0,0,0,0,0
1,90,2.857,125,1652159,31,-1049,34,69386,0,0,0,0,0,34,6684,10812,29252,0,0,0,0,0
1,90,2.907,126,1652215,31,-1049,34,69386,0,0,0,0,0,34,6684,10812,29252,0,0,0,0,0
1,90,2.965,127,1652271,31,-1049,34,69386,0,0,0,0,0,34,6684,10812,29252,0,0,0,0,0
1,90,3.019,0,1652327,31,-1049,34,69386,0,0,0,0,0,34,6684,10812,29252,0,0,0,0,0
1,90,3.076,1,1652383,31,-1049,34,69386,0,0,0,0,0,34,6684,10812,29252,0,0,0,0,0
1,90,3.132,2,1652439,31,-1049,34,69386,0,0,0,0,0,34,6684,10812,29252,0,0,0,0,0
1,90,3.188,3,1652495,31,-1049,34,69386,0,0,0,0,0,34,6684,10812,29252,0,0,0,0,0
1,90,3.243,4,1652551,31,-1049,34,69386,0,0,0,0,0,34,6684,10812,29252,0,0,0,0,0
1,90,3.305,5,1652607,31,-1049,34,69386,0,0,0,0,0,34,6684,10812,29252,0,0,0,0,0
1,90,3.37,6,1652663,31,-1049,34,69386,0,0,0,0,0,34,6684,10812,29252,0,0,0,0,0
1,90,3.408,7,1652715,31,-1049,34,69386,0,0,0,0,0,34,6684,10812,29252,0,0,0,0,0
1,90,3.471,8,1652771,31,-1049,34,69386,0,0,0,0,0,34,6684,10812,29252,0,0,0,0,0
1,90,3.52,9,1652827,31,-1049,34,69386,0,0,0,0,0,34,6684,10812,29252,0,0,0,0,0
1,90,3.575,10,1652883,31,-1049,34,69386,0,0,0,0,0,34,6684,10812,29252,0,0,0,0,0
1,90,3.632,11,1652939,31,-1049,34,69386,0,0,0,0,0,34,6684,10812,29252,0,0,0,0,0
1,90,3.689,12,1652995,31,-1049,34,69386,0,0,0,0,0,34,6684,10812,29252,0,0,0,0,0
1,90,3.743,13,1653051,31,-1049,34,69386,0,0,0,0,0,34,6684,10812,29252,0,0,0,0,0
1,90,3.802,14,1653107,31,-1049,34,69386,0,0,0,0,0,34,6684,10812,29252,0,0,0,0,0
1,90,3.856,15,1653163,31,-1049,34,69386,0,0,0,0,0,34,6684,10812,29252,0,0,0,0,0
1,90,3.912,16,1653219,31,-1049,34,69386,0,0,0,0,0,34,6684,10812,29252,0,0,0,0,0
1,90,3.968,17,1653275,31,-1049,34,69386,0,0,0,0,0,34,6684,10812,29252,0,0,0,0,0
1,90,4.024,18,1653331,31,-1049,34,69386,0,0,0,0,0,34,6684,10812,29252,0,0,0,0,0
1,90,4.086,19,1653387,31,-1049,34,69386,0,0,0,0,0,34,6684,10812,29252,0,0,0,0,0
1,90,4.135,20,1653443,31,-1049,34,69386,0,0,0,0,0,34,6684,10812,29252,0,0,0,0,0
1,90,4.191,21,1653499,31,-1049,34,69386,0,0,0,0,0,34,6684,10812,29252,0,0,0,0,0
1,90,4.249,22,1653555,31,-1049,34,69386,0,0,0,0,0,34,6684,10812,29252,0,0,0,0,0
1,90,4.304,23,1653611,31,-1049,34,69386,0,0,0,0,0,34,6684,10812,29252,0,0,0,0,0
1,90,4.407,24,1653667,31,-1049,34,69386,0,0,0,0,0,34,6684,10812,29252,0,0,0,0,0
1,90,4.422,25,1653723,31,-1049,34,69386,0,0,0,0,0,34,6684,10812,29252,0,0,0,0,0
1,90,4.469,26,1653775,31,-1049,34,69386,0,0,0,0,0,34,6684,10812,29252,0,0,0,0,0
1,90,4.523,27,1653831,31,-1049,34,69386,0,0,0,0,0,34,6684,10812,29252,0,0,0,0,0
1,90,4.579,28,1653887,31,-1049,34,69386,0,0,0,0,0,34,6684,10812,29252,0,0,0,0,0
1,90,4.636,29,1653943,31,-1049,34,69386,0,0,0,0,0,34,6684,10812,29252,0,0,0,0,0
1,90,4.692,30,1653999,31,-1049,34,69386,0,0,0,0,0,34,6684,10812,29252,0,0,0,0,0
1,90,4.748,31,1654055,31,-1049,34,69386,0,0,0,0,0,34,6684,10812,29252,0,0,0,0,0
1,90,4.804,32,1654111,31,-1049,34,69386,0,0,0,0,0,34,6684,10812,29252,0,0,0,0,0
1,90,4.861,33,1654167,31,-1049,34,69386,0,0,0,0,0,34,6684,10812,29252,0,0,0,0,0
1,90,4.916,34,1654223,31,-1049,34,69386,0,0,0,0,0,34,6684,10812,29252,0,0,0,0,0
1,90,4.972,35,1654279,31,-1049,34,69386,0,0,0,0,0,34,6684,10812,29252,0,0,0,0,0
1,90,5.03,36,1654335,31,-1049,34,69386,0,0,0,0,0,34,6684,10812,29252,0,0,0,0,0
1,90,5.084,37,1654391,31,-1049,34,69386,0,0,0,0,0,34,6684,10812,29252,0,0,0,0,0
1,90,5.139,38,1654447,31,-1049,34,69386,0,0,0,0,0,34,6684,10812,29252,0,0,0,0,0
1,90,5.196,39,1654503,31,-1049,34,69386,0,0,0,0,0,34,6684,10812,29252,0,0,0,0,0
1,90,5.252,40,1654559,31,-1049,34,69386,0,0,0,0,0,34,6684,10812,29252,0,0,0,0,0
1,90,5.314,41,1654615,31,-1049,34,69386,0,0,0,0,0,34,6684,10812,29252,0,0,0,0,0
1,90,5.363,42,1654671,31,-1049,34,69386,0,0,0,0,0,34,6684,10812,29252,0,0,0,0,0
1,90,5.419,43,1654727,31,-1049,34,69386,0,0,0,0,0,34,6684,10812,29252,0,0,0,0,0
1,90,5.483,44,1654783,31,-1049,34,69386,0,0,0,0,0,34,6684,10812,29252,0,0,0,0,0
1,90,5.528,45,1654835,31,-1049,34,69386,0,0,0,0,0,34,6684,10812,29252,0,0,0,0,0
1,90,5.584,46,1654891,31,-1049,34,69386,0,0,0,0,0,34,6684,10812,29252,0,0,0,0,0
1,90,5.64,47,1654947,31,-1049,34,69386,0,0,0,0,0,34,6684,10812,29252,0,0,0,0,0
1,90,5.698,48,1655003,31,-1049,34,69386,0,0,0,0,0,34,6684,10812,29252,0,0,0,0,0
1,90,5.752,49,1655059,31,-1049,34,69386,0,0,0,0,0,34,6684,10812,29252,0,0,0,0,0
1,90,5.807,50,1655115,31,-1049,34,69386,0,0,0,0,0,34,6684,10812,29252,0,0,0,0,0
1,90,5.864,51,1655171,31,-1049,34,69386,0,0,0,0,0,34,6684,10812,29252,0,0,0,0,0
1,90,5.919,52,1655227,31,-1049,34,69386,0,0,0,0,0,34,6684,10812,29252,0,0,0,0,0
1,90,5.977,53,1655283,31,-1049,34,69386,0,0,0,0,0,34,6684,10812,29252,0,0,0,0,0
1,90,6.033,54,1655339,31,-1049,34,69386,0,0,0,0,0,34,6684,10812,29252,0,0,0,0,0
1,90,6.089,55,1655395,31,-1049,34,69386,0,0,0,0,0,34,6684,10812,29252,0,0,0,0,0
1,90,6.146,56,1655451,31,-1049,34,69386,0,0,0,0,0,34,6684,10812,29252,0,0,0,0,0
1,90,6.199,57,1655507,31,-1049,34,69386,0,0,0,0,0,34,6684,10812,29252,0,0,0,0,0
1,90,6.259,58,1655563,31,-1049,34,69386,0,0,0,0,0,34,6684,10812,29252,0,0,0,0,0
1,90,6.314,59,1655619,31,-1049,34,69386,0,0,0,0,0,34,6684,10812,29252,0,0,0,0,0
1,90,6.368,60,1655675,31,-1049,34,69386,0,0,0,0,0,34,6684,10812,29252,0,0,0,0,0
1,90,6.424,61,1655731,31,-1049,34,69386,0,0,0,0,0,34,6684,10812,29252,0,0,0,0,0
1,90,6.48,62,1655787,31,-1049,34,69386,0,0,0,0,0,34,6684,10812,29252,0,0,0,0,0
1,90,6.545,63,1655843,31,-1049,34,69386,0,0,0,0,0,34,6684,10812,29252,0,0,0,0,0
1,90,6.589,64,1655895,31,-1049,34,69386,0,0,0,0,0,34,6684,10812,29252,0,0,0,0,0
1,90,6.646,65,1655951,31,-1049,34,69386,0,0,0,0,0,34,6684,10812,29252,0,0,0,0,0
1,90,6.702,66,1656007,31,-1049,34,69386,0,0,0,0,0,34,6684,10812,29252,0,0,0,0,0
1,90,6.756,67,1656063,31,-1049,34,69386,0,0,0,0,0,34,6684,10812,29252,0,0,0,0,0
1,90,6.812,68,1656119,31,-1049,34,69386,0,0,0,0,0,34,6684,10812,29252,0,0,0,0,0
1,90,6.868,69,1656175,31,-1049,34,69386,0,0,0,0,0,34,6684,10812,29252,0,0,0,0,0
1,90,6.926,70,1656231,31,-1049,34,69386,0,0,0,0,0,34,6684,10812,29252,0,0,0,0,0
1,90,6.98,71,1656287,31,-1049,34,69386,0,0,0,0,0,34,6684,10812,29252,0,0,0,0,0
1,90,7.036,72,1656343,31,-1049,34,69386,0,0,0,0,0,34,6684,10812,29252,0,0,0,0,0
1,90,7.093,73,1656399,31,-1049,34,69386,0,0,0,0,0,34,6684,10812,29252,0,0,0,0,0
2,-90,-0.026,31,1661195,31,-1049,34,69386,0,0,0,0,0,34,6684,10812,29252,0,0,0,0,0
2,-90,0.054,32,1661271,31,-1049,34,69386,0,0,0,0,0,34,6685,10812,29252,800,-800,0,0,0
2,-90,0.12,33,1661343,31,-1049,34,69243,0,0,0,16,-26,34,6688,10828,29230,1200,-1100,0,0,0
2,-90,0.192,34,1661415,31,-1049,34,69040,0,0,0,39,-46,34,6691,10851,29199,1400,-1400,0,0,0
2,-90,0.263,35,1661487,31,-1049,34,68761,0,0,0,26,-53,35,6694,10884,29158,1500,-1500,0,0,0
2,-90,0.335,36,1661559,31,-1050,35,68321,0,0,0,46,-62,35,6697,10934,29091,1500,-1500,0,0,0
2,-90,0.407,37,1661631,31,-1050,35,67843,0,0,0,62,-72,35,6700,10992,29022,1500,-1500,0,0,0
2,-90,0.479,38,1661703,31,-1051,36,67392,0,0,0,62,-82,35,6703,11045,28955,1600,-1400,0,0,0
2,-90,0.554,39,1661775,31,-1051,36,66918,0,0,0,76,-76,35,6706,11101,28885,1600,-1400,0,0,0
2,-90,0.624,40,1661847,31,-1051,36,66462,0,0,0,62,-82,35,6709,11153,28816,1600,-1400,0,0,0
2,-90,0.705,41,1661920,31,-1052,37,66003,0,0,0,56,-72,35,6712,11206,28747,1500,-1400,0,0,0
2,-90,0.772,42,1661991,31,-1052,37,65540,0,0,0,56,-72,35,6715,11262,28680,1500,-1400,0,0,0
2,-90,0.84,43,1662063,31,-1052,38,65059,0,0,0,62,-66,35,6718,11320,28610,1500,-1400,0,0,0
2,-90,0.912,44,1662135,31,-1052,38,64581,0,0,0,82,-62,35,6721,11381,28544,1500,-1300,0,0,0
2,-90,0.984,45,1662207,31,-1052,39,64129,0,0,0,56,-66,35,6724,11434,28477,1500,-1300,0,0,0
2,-90,1.055,46,1662279,31,-1052,39,63636,0,0,0,82,-66,35,6727,11498,28410,1500,-1300,0,0,0
2,-90,1.127,47,1662351,31,-1052,39,63170,0,0,0,82,-72,35,6730,11559,28347,1500,-1300,0,0,0
2,-90,1.2,48,1662423,31,-1052,39,62666,0,0,0,82,-82,35,6733,11620,28274,1500,-1300,0,0,0
2,-90,1.283,49,1662495,31,-1052,39,62176,0,0,0,72,-72,35,6736,11684,28208,1500,-1300,0,0,0
2,-90,1.344,50,1662567,31,-1052,39,61717,0,0,0,62,-62,35,6739,11745,28147,1500,-1200,0,0,0
2,-90,1.415,51,1662639,31,-1052,39,61213,0,0,0,75,-72,35,6742,11812,28080,1500,-1200,0,0,0
2,-90,1.488,52,1662711,31,-1052,39,60765,0,0,0,56,-72,35,6745,11870,28019,0,0,0,0,0
2,-90,1.56,53,1662783,31,-1052,39,60754,0,0,0,0,0,35,6748,11873,28019,0,0,0,0,0
2,-90,1.641,54,1662856,31,-1052,39,60773,0,0,0,0,16,36,6751,11873,28024,-700,1500,0,0,0
2,-90,1.704,55,1662927,31,-1053,37,61070,0,0,0,-10,66,36,6754,11867,28097,0,0,0,0,0
2,-90,1.777,56,1662999,31,-1053,36,61130,0,0,0,0,0,36,6757,11862,28108,0,0,0,0,0
2,-90,1.849,57,1663071,31,-1053,37,61108,0,0,0,0,-20,36,6760,11862,28102,1500,-1100,0,0,0
2,-90,1.924,58,1663143,31,-1053,36,60735,0,0,0,53,-53,36,6763,11917,28058,1500,-1200,0,0,0
2,-90,2.0,59,1663224,31,-1054,36,60336,0,0,0,0,0,36,6767,11973,28008,0,0,0,0,0
2,-90,2.064,60,1663287,31,-1054,36,60336,0,0,0,0,0,36,6770,11973,28008,0,0,0,0,0
2,-90,2.134,61,1663359,31,-1054,36,60336,0,0,0,0,0,36,6773,11973,28008,0,0,0,0,0
2,-90,2.221,62,1663431,31,-1054,36,60336,0,0,0,0,0,36,6776,11973,28008,0,0,0,0,0
2,-90,2.264,63,1663487,31,-1054,36,60336,0,0,0,0,0,36,6778,11973,28008,0,0,0,0,0
2,-90,2.319,64,1663543,31,-1054,36,60336,0,0,0,0,0,36,6778,11973,28008,0,0,0,0,0
2,-90,2.375,65,1663599,31,-1054,36,60336,0,0,0,0,0,36,6778,11973,28008,0,0,0,0,0
2,-90,2.432,66,1663655,31,-1054,36,60336,0,0,0,0,0,36,6778,11973,28008,0,0,0,0,0
2,-90,2.494,67,1663711,31,-1054,36,60336,0,0,0,0,0,36,6778,11973,28008,0,0,0,0,0
2,-90,2.55,68,1663767,31,-1054,36,60336,0,0,0,0,0,36,6778,11973,28008,0,0,0,0,0
2,-90,2.595,69,1663819,31,-1054,36,60336,0,0,0,0,0,36,6778,11973,28008,0,0,0,0,0
2,-90,2.651,70,1663875,31,-1054,36,60336,0,0,0,0,0,36,6778,11973,28008,0,0,0,0,0
2,-90,2.708,71,1663931,31,-1054,36,60336,0,0,0,0,0,36,6778,11973,28008,0,0,0,0,0
2,-90,2.763,72,1663987,31,-1054,36,60336,0,0,0,0,0,36,6778,11973,28008,0,0,0,0,0
2,-90,2.821,73,1664043,31,-1054,36,60336,0,0,0,0,0,36,6778,11973,28008,0,0,0,0,0
2,-90,2.875,74,1664099,31,-1054,36,60336,0,0,0,0,0,36,6778,11973,28008,0,0,0,0,0
2,-90,2.931,75,1664155,31,-1054,36,60336,0,0,0,0,0,36,6778,11973,28008,0,0,0,0,0
2,-90,2.987,76,1664211,31,-1054,36,60336,0,0,0,0,0,36,6778,11973,28008,0,0,0,0,0
2,-90,3.043,77,1664267,31,-1054,36,60336,0,0,0,0,0,36,6778,11973,28008,0,0,0,0,0
2,-90,3.099,78,1664323,31,-1054,36,60336,0,0,0,0,0,36,6778,11973,28008,0,0,0,0,0
2,-90,3.155,79,1664379,31,-1054,36,60336,0,0,0,0,0,36,6778,11973,28008,0,0,0,0,0
2,-90,3.21,80,1664435,31,-1054,36,60336,0,0,0,0,0,36,6778,11973,28008,0,0,0,0,0
2,-90,3.267,81,1664491,31,-1054,36,60336,0,0,0,0,0,36,6778,11973,28008,0,0,0,0,0
2,-90,3.33,82,1664547,31,-1054,36,60336,0,0,0,0,0,36,6778,11973,28008,0,0,0,0,0
2,-90,3.387,83,1664603,31,-1054,36,60336,0,0,0,0,0,36,6778,11973,28008,0,0,0,0,0
2,-90,3.436,84,1664659,31,-1054,36,60336,0,0,0,0,0,36,6778,11973,28008,0,0,0,0,0
2,-90,3.492,85,1664715,31,-1054,36,60336,0,0,0,0,0,36,6778,11973,28008,0,0,0,0,0
2,-90,3.547,86,1664771,31,-1054,36,60336,0,0,0,0,0,36,6778,11973,28008,0,0,0,0,0
2,-90,3.611,87,1664827,31,-1054,36,60336,0,0,0,0,0,36,6778,11973,28008,0,0,0,0,0
2,-90,3.655,88,1664879,31,-1054,36,60336,0,0,0,0,0,36,6778,11973,28008,0,0,0,0,0
2,-90,3.713,89,1664935,31,-1054,36,60336,0,0,0,0,0,36,6778,11973,28008,0,0,0,0,0
2,-90,3.766,90,1664991,31,-1054,36,60336,0,0,0,0,0,36,6778,11973,28008,0,0,0,0,0
2,-90,3.822,91,1665047,31,-1054,36,60336,0,0,0,0,0,36,6778,11973,28008,0,0,0,0,0
2,-90,3.879,92,1665103,31,-1054,36,60336,0,0,0,0,0,36,6778,11973,28008,0,0,0,0,0
2,-90,3.934,93,1665159,31,-1054,36,60336,0,0,0,0,0,36,6778,11973,28008,0,0,0,0,0
2,-90,3.991,94,1665215,31,-1054,36,60336,0,0,0,0,0,36,6778,11973,28008,0,0,0,0,0
2,-90,4.049,95,1665271,31,-1054,36,60336,0,0,0,0,0,36,6778,11973,28008,0,0,0,0,0
2,-90,4.104,96,1665327,31,-1054,36,60336,0,0,0,0,0,36,6778,11973,28008,0,0,0,0,0
2,-90,4.159,97,1665383,31,-1054,36,60336,0,0,0,0,0,36,6778,11973,28008,0,0,0,0,0
2,-90,4.215,98,1665439,31,-1054,36,60336,0,0,0,0,0,36,6778,11973,28008,0,0,0,0,0
2,-90,4.274,99,1665495,31,-1054,36,60336,0,0,0,0,0,36,6778,11973,28008,0,0,0,0,0
2,-90,4.328,100,1665551,31,-1054,36,60336,0,0,0,0,0,36,6778,11973,28008,0,0,0,0,0
2,-90,4.383,101,1665607,31,-1054,36,60336,0,0,0,0,0,36,6778,11973,28008,0,0,0,0,0
2,-90,4.44,102,1665663,31,-1054,36,60336,0,0,0,0,0,36,6778,11973,28008,0,0,0,0,0
2,-90,4.495,103,1665719,31,-1054,36,60336,0,0,0,0,0,36,6778,11973,28008,0,0,0,0,0
2,-90,4.55,104,1665775,31,-1054,36,60336,0,0,0,0,0,36,6778,11973,28008,0,0,0,0,0
2,-90,4.606,105,1665831,31,-1054,36,60336,0,0,0,0,0,36,6778,11973,28008,0,0,0,0,0
2,-90,4.669,106,1665887,31,-1054,36,60336,0,0,0,0,0,36,6778,11973,28008,0,0,0,0,0
2,-90,4.715,107,1665939,31,-1054,36,60336,0,0,0,0,0,36,6778,11973,28008,0,0,0,0,0
2,-90,4.771,108,1665995,31,-1054,36,60336,0,0,0,0,0,36,6778,11973,28008,0,0,0,0,0
2,-90,4.827,109,1666051,31,-1054,36,60336,0,0,0,0,0,36,6778,11973,28008,0,0,0,0,0
2,-90,4.883,110,1666107,31,-1054,36,60336,0,0,0,0,0,36,6778,11973,28008,0,0,0,0,0
2,-90,4.941,111,1666163,31,-1054,36,60336,0,0,0,0,0,36,6778,11973,28008,0,0,0,0,0
2,-90,4.994,112,1666219,31,-1054,36,60336,0,0,0,0,0,36,6778,11973,28008,0,0,0,0,0
2,-90,5.053,113,1666275,31,-1054,36,60336,0,0,0,0,0,36,6778,11973,28008,0,0,0,0,0
2,-90,5.107,114,1666331,31,-1054,36,60336,0,0,0,0,0,36,6778,11973,28008,0,0,0,0,0
2,-90,5.163,115,1666387,31,-1054,36,60336,0,0,0,0,0,36,6778,11973,28008,0,0,0,0,0
2,-90,5.22,116,1666443,31,-1054,36,60336,0,0,0,0,0,36,6778,11973,28008,0,0,0,0,0
2,-90,5.277,117,1666499,31,-1054,36,60336,0,0,0,0,0,36,6778,11973,28008,0,0,0,0,0
2,-90,5.331,118,1666555,31,-1054,36,60336,0,0,0,0,0,36,6778,11973,28008,0,0,0,0,0
2,-90,5.387,119,1666611,31,-1054,36,60336,0,0,0,0,0,36,6778,11973,28008,0,0,0,0,0
2,-90,5.442,120,1666667,31,-1054,36,60336,0,0,0,0,0,36,6778,11973,28008,0,0,0,0,0
2,-90,5.5,121,1666723,31,-1054,36,60336,0,0,0,0,0,36,6778,11973,28008,0,0,0,0,0
2,-90,5.557,122,1666779,31,-1054,36,60336,0,0,0,0,0,36,6778,11973,28008,0,0,0,0,0
2,-90,5.612,123,1666835,31,-1054,36,60336,0,0,0,0,0,36,6778,11973,28008,0,0,0,0,0
2,-90,5.667,124,1666891,31,-1054,36,60336,0,0,0,0,0,36,6778,11973,28008,0,0,0,0,0
2,-90,5.731,125,1666947,31,-1054,36,60336,0,0,0,0,0,36,6778,11973,28008,0,0,0,0,0
2,-90,5.776,126,1666999,31,-1054,36,60336,0,0,0,0,0,36,6778,11973,28008,0,0,0,0,0
2,-90,5.831,127,1667055,31,-1054,36,60336,0,0,0,0,0,36,6778,11973,28008,0,0,0,0,0
2,-90,5.89,0,1667111,31,-1054,36,60336,0,0,0,0,0,36,6778,11973,28008,0,0,0,0,0
2,-90,5.943,1,1667167,31,-1054,36,60336,0,0,0,0,0,36,6778,11973,28008,0,0,0,0,0
2,-90,5.999,2,1667223,31,-1054,36,60336,0,0,0,0,0,36,6778,11973,28008,0,0,0,0,0
2,-90,6.054,3,1667279,31,-1054,36,60336,0,0,0,0,0,36,6778,11973,28008,0,0,0,0,0
2,-90,6.111,4,1667335,31,-1054,36,60336,0,0,0,0,0,36,6778,11973,28008,0,0,0,0,0
2,-90,6.171,5,1667391,31,-1054,36,60336,0,0,0,0,0,36,6778,11973,28008,0,0,0,0,0
2,-90,6.222,6,1667447,31,-1054,36,60336,0,0,0,0,0,36,6778,11973,28008,0,0,0,0,0
2,-90,6.28,7,1667503,31,-1054,36,60336,0,0,0,0,0,36,6778,11973,28008,0,0,0,0,0
2,-90,6.335,8,1667559,31,-1054,36,60336,0,0,0,0,0,36,6778,11973,28008,0,0,0,0,0
2,-90,6.392,9,1667615,31,-1054,36,60336,0,0,0,0,0,36,6778,11973,28008,0,0,0,0,0
2,-90,6.449,10,1667671,31,-1054,36,60336,0,0,0,0,0,36,6778,11973,28008,0,0,0,0,0
2,-90,6.505,11,1667727,31,-1054,36,60336,0,0,0,0,0,36,6778,11973,28008,0,0,0,0,0
2,-90,6.56,12,1667783,31,-1054,36,60336,0,0,0,0,0,36,6778,11973,28008,0,0,0,0,0
2,-90,6.614,13,1667839,31,-1054,36,60336,0,0,0,0,0,36,6778,11973,28008,0,0,0,0,0
3,107,-0.009,99,1672635,31,-1054,36,60336,0,0,0,0,0,36,6778,11973,28008,0,0,0,0,0
3,107,0.044,100,1672687,31,-1054,36,60336,0,0,0,0,0,36,6779,11973,28008,-800,800,0,0,0
3,107,0.115,101,1672759,31,-1054,36,60494,0,0,0,-26,30,36,6782,11956,28033,-1100,1100,0,0,0
3,107,0.188,102,1672831,31,-1054,36,60724,0,0,0,-36,36,36,6785,11928,28066,-1400,1300,0,0,0
3,107,0.26,103,1672903,31,-1054,36,61048,0,0,0,-56,56,36,6788,11884,28108,-1500,1400,0,0,0
3,107,0.332,104,1672975,31,-1054,36,61518,0,0,0,-82,66,36,6791,11820,28169,-1600,1500,0,0,0
3,107,0.41,105,1673047,31,-1054,36,62000,0,0,0,-66,82,37,6794,11756,28233,-1500,1500,0,0,0
3,107,0.475,106,1673119,31,-1054,36,62523,0,0,0,-76,82,37,6797,11689,28305,-1500,1500,0,0,0
3,107,0.547,107,1673191,31,-1054,36,63034,0,0,0,-92,72,37,6800,11617,28369,-1600,1500,0,0,0
3,107,0.619,108,1673263,31,-1054,36,63542,0,0,0,-72,82,37,6803,11551,28438,-1500,1500,0,0,0
3,107,0.704,109,1673336,31,-1054,36,64035,0,0,0,-72,72,37,6806,11484,28502,-1500,1500,0,0,0
3,107,0.764,110,1673407,31,-1054,36,64539,0,0,0,-82,69,38,6809,11417,28569,-1500,1600,0,0,0
3,107,0.848,111,1673479,31,-1054,35,65040,0,0,0,-72,72,38,6812,11356,28641,-1500,1400,0,0,0
3,107,0.908,112,1673551,31,-1053,35,65533,0,0,0,-70,79,38,6815,11292,28708,-1500,1400,0,0,0
3,107,0.98,113,1673623,31,-1054,35,66041,0,0,0,-82,72,38,6818,11223,28774,-1400,1400,0,0,0
3,107,1.052,114,1673695,31,-1053,35,66534,0,0,0,-82,69,39,6821,11159,28841,-1500,1500,0,0,0
3,107,1.127,115,1673767,31,-1054,36,67015,0,0,0,-66,72,39,6824,11092,28902,-1400,1400,0,0,0
3,107,1.195,116,1673839,31,-1054,35,67508,0,0,0,-76,72,39,6827,11028,28969,-1400,1300,0,0,0
3,107,1.267,117,1673911,31,-1054,35,67997,0,0,0,-62,76,39,6830,10962,29033,-1400,1300,0,0,0
3,107,1.34,118,1673983,31,-1054,35,68479,0,0,0,-62,75,39,6833,10898,29097,-1400,1400,0,0,0
3,107,1.413,119,1674055,31,-1054,35,68968,0,0,0,-72,72,39,6836,10834,29163,-1400,1400,0,0,0
3,107,1.483,120,1674127,31,-1054,35,69495,0,0,0,-82,82,39,6839,10764,29233,-1500,1300,0,0,0
3,107,1.555,121,1674199,31,-1054,35,69954,0,0,0,-66,66,39,6842,10703,29294,-1400,1400,0,0,0
3,107,1.631,122,1674271,31,-1054,36,70402,0,0,0,-75,46,39,6845,10639,29349,0,0,0,0,0
3,107,1.7,123,1674343,31,-1054,36,70421,0,0,0,0,0,39,6848,10637,29352,0,0,0,0,0
3,107,1.771,124,1674415,31,-1054,36,70274,0,0,0,30,-66,39,6851,10651,29327,1500,-1600,0,0,0
3,107,1.844,125,1674487,31,-1055,36,70120,0,0,0,0,0,39,6854,10667,29302,0,0,0,0,0
3,107,1.927,126,1674560,31,-1055,36,70120,0,0,0,0,0,39,6857,10667,29302,-1000,1100,0,0,0
3,107,1.993,127,1674631,31,-1054,36,70349,0,0,0,-56,53,39,6860,10639,29335,-1300,1400,0,0,0
3,107,2.059,0,1674703,31,-1054,36,70692,0,0,0,-53,62,39,6863,10601,29388,-1400,1500,0,0,0
3,107,2.13,1,1674775,31,-1054,36,70947,0,0,0,0,0,39,6866,10567,29422,0,0,0,0,0
3,107,2.222,2,1674848,31,-1054,36,70947,0,0,0,0,0,39,6869,10567,29422,1200,-1300,0,0,0
3,107,2.254,3,1674899,31,-1054,36,70808,0,0,0,28,-33,39,6870,10584,29402,1500,-1500,0,0,0
3,107,2.328,4,1674971,31,-1055,36,70455,0,0,0,56,-72,39,6873,10623,29347,0,0,0,0,0
3,107,2.397,5,1675043,31,-1055,36,70319,0,0,0,0,0,39,6876,10634,29322,0,0,0,0,0
3,107,2.471,6,1675115,31,-1055,36,70319,0,0,0,0,0,40,6879,10634,29322,-1200,1300,0,0,0
3,107,2.542,7,1675187,31,-1054,36,70650,0,0,0,-46,53,40,6882,10598,29374,-1400,1500,0,0,0
3,107,2.662,8,1675300,31,-1054,36,71196,0,0,0,0,0,41,6888,10531,29452,0,0,0,0,0
3,107,2.708,9,1675351,31,-1054,36,71196,0,0,0,0,0,41,6890,10531,29452,0,0,0,0,0
3,107,2.779,10,1675423,31,-1054,36,71196,0,0,0,0,0,41,6893,10531,29452,0,0,0,0,0
3,107,2.839,11,1675479,31,-1054,36,71196,0,0,0,0,0,41,6895,10531,29452,0,0,0,0,0
3,107,2.891,12,1675535,31,-1054,36,71196,0,0,0,0,0,41,6895,10531,29452,0,0,0,0,0
3,107,2.946,13,1675591,31,-1054,36,71196,0,0,0,0,0,41,6895,10531,29452,0,0,0,0,0
3,107,3.003,14,1675647,31,-1054,36,71196,0,0,0,0,0,41,6895,10531,29452,0,0,0,0,0
3,107,3.06,15,1675703,31,-1054,36,71196,0,0,0,0,0,41,6895,10531,29452,0,0,0,0,0
3,107,3.12,16,1675759,31,-1054,36,71196,0,0,0,0,0,41,6895,10531,29452,0,0,0,0,0
3,107,3.175,17,1675815,31,-1054,36,71196,0,0,0,0,0,41,6895,10531,29452,0,0,0,0,0
3,107,3.23,18,1675871,31,-1054,36,71196,0,0,0,0,0,41,6895,10531,29452,0,0,0,0,0
3,107,3.282,19,1675927,31,-1054,36,71196,0,0,0,0,0,41,6895,10531,29452,0,0,0,0,0
3,107,3.338,20,1675983,31,-1054,36,71196,0,0,0,0,0,41,6895,10531,29452,0,0,0,0,0
3,107,3.403,21,1676039,31,-1054,36,71196,0,0,0,0,0,41,6895,10531,29452,0,0,0,0,0
3,107,3.447,22,1676091,31,-1054,36,71196,0,0,0,0,0,41,6895,10531,29452,0,0,0,0,0
3,107,3.504,23,1676147,31,-1054,36,71196,0,0,0,0,0,41,6895,10531,29452,0,0,0,0,0
3,107,3.559,24,1676203,31,-1054,36,71196,0,0,0,0,0,41,6895,10531,29452,0,0,0,0,0
3,107,3.616,25,1676259,31,-1054,36,71196,0,0,0,0,0,41,6895,10531,29452,0,0,0,0,0
3,107,3.671,26,1676315,31,-1054,36,71196,0,0,0,0,0,41,6895,10531,29452,0,0,0,0,0
3,107,3.727,27,1676371,31,-1054,36,71196,0,0,0,0,0,41,6895,10531,29452,0,0,0,0,0
3,107,3.789,28,1676427,31,-1054,36,71196,0,0,0,0,0,41,6895,10531,29452,0,0,0,0,0
3,107,3.839,29,1676483,31,-1054,36,71196,0,0,0,0,0,41,6895,10531,29452,0,0,0,0,0
3,107,3.895,30,1676539,31,-1054,36,71196,0,0,0,0,0,41,6895,10531,29452,0,0,0,0,0
3,107,3.95,31,1676595,31,-1054,36,71196,0,0,0,0,0,41,6895,10531,29452,0,0,0,0,0
3,107,4.008,32,1676651,31,-1054,36,71196,0,0,0,0,0,41,6895,10531,29452,0,0,0,0,0
3,107,4.063,33,1676707,31,-1054,36,71196,0,0,0,0,0,41,6895,10531,29452,0,0,0,0,0
3,107,4.119,34,1676763,31,-1054,36,71196,0,0,0,0,0,41,6895,10531,29452,0,0,0,0,0
3,107,4.176,35,1676819,31,-1054,36,71196,0,0,0,0,0,41,6895,10531,29452,0,0,0,0,0
3,107,4.23,36,1676875,31,-1054,36,71196,0,0,0,0,0,41,6895,10531,29452,0,0,0,0,0
3,107,4.288,37,1676931,31,-1054,36,71196,0,0,0,0,0,41,6895,10531,29452,0,0,0,0,0
3,107,4.342,38,1676987,31,-1054,36,71196,0,0,0,0,0,41,6895,10531,29452,0,0,0,0,0
3,107,4.404,39,1677043,31,-1054,36,71196,0,0,0,0,0,41,6895,10531,29452,0,0,0,0,0
3,107,4.461,40,1677099,31,-1054,36,71196,0,0,0,0,0,41,6895,10531,29452,0,0,0,0,0
3,107,4.51,41,1677151,31,-1054,36,71196,0,0,0,0,0,41,6895,10531,29452,0,0,0,0,0
3,107,4.563,42,1677207,31,-1054,36,71196,0,0,0,0,0,41,6895,10531,29452,0,0,0,0,0
3,107,4.619,43,1677263,31,-1054,36,71196,0,0,0,0,0,41,6895,10531,29452,0,0,0,0,0
3,107,4.677,44,1677319,31,-1054,36,71196,0,0,0,0,0,41,6895,10531,29452,0,0,0,0,0
3,107,4.735,45,1677375,31,-1054,36,71196,0,0,0,0,0,41,6895,10531,29452,0,0,0,0,0
3,107,4.787,46,1677431,31,-1054,36,71196,0,0,0,0,0,41,6895,10531,29452,0,0,0,0,0
3,107,4.842,47,1677487,31,-1054,36,71196,0,0,0,0,0,41,6895,10531,29452,0,0,0,0,0
3,107,4.9,48,1677543,31,-1054,36,71196,0,0,0,0,0,41,6895,10531,29452,0,0,0,0,0
3,107,4.955,49,1677599,31,-1054,36,71196,0,0,0,0,0,41,6895,10531,29452,0,0,0,0,0
3,107,5.018,50,1677655,31,-1054,36,71196,0,0,0,0,0,41,6895,10531,29452,0,0,0,0,0
3,107,5.067,51,1677711,31,-1054,36,71196,0,0,0,0,0,41,6895,10531,29452,0,0,0,0,0
3,107,5.123,52,1677767,31,-1054,36,71196,0,0,0,0,0,41,6895,10531,29452,0,0,0,0,0
3,107,5.179,53,1677823,31,-1054,36,71196,0,0,0,0,0,41,6895,10531,29452,0,0,0,0,0
3,107,5.235,54,1677879,31,-1054,36,71196,0,0,0,0,0,41,6895,10531,29452,0,0,0,0,0
3,107,5.291,55,1677935,31,-1054,36,71196,0,0,0,0,0,41,6895,10531,29452,0,0,0,0,0
3,107,5.348,56,1677991,31,-1054,36,71196,0,0,0,0,0,41,6895,10531,29452,0,0,0,0,0
3,107,5.402,57,1678047,31,-1054,36,71196,0,0,0,0,0,41,6895,10531,29452,0,0,0,0,0
3,107,5.464,58,1678103,31,-1054,36,71196,0,0,0,0,0,41,6895,10531,29452,0,0,0,0,0
3,107,5.522,59,1678159,31,-1054,36,71196,0,0,0,0,0,41,6895,10531,29452,0,0,0,0,0
3,107,5.565,60,1678211,31,-1054,36,71196,0,0,0,0,0,41,6895,10531,29452,0,0,0,0,0
3,107,5.622,61,1678267,31,-1054,36,71196,0,0,0,0,0,41,6895,10531,29452,0,0,0,0,0
3,107,5.678,62,1678323,31,-1054,36,71196,0,0,0,0,0,41,6895,10531,29452,0,0,0,0,0
3,107,5.737,63,1678379,31,-1054,36,71196,0,0,0,0,0,41,6895,10531,29452,0,0,0,0,0
3,107,5.797,64,1678435,31,-1054,36,71196,0,0,0,0,0,41,6895,10531,29452,0,0,0,0,0
3,107,5.848,65,1678491,31,-1054,36,71196,0,0,0,0,0,41,6895,10531,29452,0,0,0,0,0
3,107,5.902,66,1678547,31,-1054,36,71196,0,0,0,0,0,41,6895,10531,29452,0,0,0,0,0
3,107,5.962,67,1678603,31,-1054,36,71196,0,0,0,0,0,41,6895,10531,29452,0,0,0,0,0
3,107,6.014,68,1678659,31,-1054,36,71196,0,0,0,0,0,41,6895,10531,29452,0,0,0,0,0
3,107,6.069,69,1678715,31,-1054,36,71196,0,0,0,0,0,41,6895,10531,29452,0,0,0,0,0
3,107,6.125,70,1678771,31,-1054,36,71196,0,0,0,0,0,41,6895,10531,29452,0,0,0,0,0
3,107,6.184,71,1678827,31,-1054,36,71196,0,0,0,0,0,41,6895,10531,29452,0,0,0,0,0
3,107,6.239,72,1678883,31,-1054,36,71196,0,0,0,0,0,41,6895,10531,29452,0,0,0,0,0
3,107,6.294,73,1678939,31,-1054,36,71196,0,0,0,0,0,41,6895,10531,29452,0,0,0,0,0
3,107,6.351,74,1678995,31,-1054,36,71196,0,0,0,0,0,41,6895,10531,29452,0,0,0,0,0
3,107,6.406,75,1679051,31,-1054,36,71196,0,0,0,0,0,41,6895,10531,29452,0,0,0,0,0
3,107,6.462,76,1679107,31,-1054,36,71196,0,0,0,0,0,41,6895,10531,29452,0,0,0,0,0
3,107,6.519,77,1679163,31,-1054,36,71196,0,0,0,0,0,41,6895,10531,29452,0,0,0,0,0
3,107,6.582,78,1679219,31,-1054,36,71196,0,0,0,0,0,41,6895,10531,29452,0,0,0,0,0
3,107,6.628,79,1679271,31,-1054,36,71196,0,0,0,0,0,41,6895,10531,29452,0,0,0,0,0
3,107,6.682,80,1679327,31,-1054,36,71196,0,0,0,0,0,41,6895,10531,29452,0,0,0,0,0
3,107,6.74,81,1679383,31,-1054,36,71196,0,0,0,0,0,41,6895,10531,29452,0,0,0,0,0
3,107,6.794,82,1679439,31,-1054,36,71196,0,0,0,0,0,41,6895,10531,29452,0,0,0,0,0
3,107,6.852,83,1679495,31,-1054,36,71196,0,0,0,0,0,41,6895,10531,29452,0,0,0,0,0
3,107,6.907,84,1679551,31,-1054,36,71196,0,0,0,0,0,41,6895,10531,29452,0,0,0,0,0
3,107,6.963,85,1679607,31,-1054,36,71196,0,0,0,0,0,41,6895,10531,29452,0,0,0,0,0
3,107,7.019,86,1679663,31,-1054,36,71196,0,0,0,0,0,41,6895,10531,29452,0,0,0,0,0
3,107,7.073,87,1679719,31,-1054,36,71196,0,0,0,0,0,41,6895,10531,29452,0,0,0,0,0
3,107,7.131,88,1679775,31,-1054,36,71196,0,0,0,0,0,41,6895,10531,29452,0,0,0,0,0
3,107,7.186,89,1679831,31,-1054,36,71196,0,0,0,0,0,41,6895,10531,29452,0,0,0,0,0
3,107,7.245,90,1679887,31,-1054,36,71196,0,0,0,0,0,41,6895,10531,29452,0,0,0,0,0
3,107,7.298,91,1679943,31,-1054,36,71196,0,0,0,0,0,41,6895,10531,29452,0,0,0,0,0
3,107,7.353,92,1679999,31,-1054,36,71196,0,0,0,0,0,41,6895,10531,29452,0,0,0,0,0
3,107,7.418,93,1680055,31,-1054,36,71196,0,0,0,0,0,41,6895,10531,29452,0,0,0,0,0
3,107,7.466,94,1680111,31,-1054,36,71196,0,0,0,0,0,41,6895,10531,29452,0,0,0,0,0
4,-107,-0.027,38,1684127,31,-1054,36,71196,0,0,0,0,0,41,6895,10531,29452,0,0,0,0,0
4,-107,0.044,39,1684195,31,-1054,36,71196,0,0,0,0,0,41,6896,10531,29452,800,-800,0,0,0
4,-107,0.114,40,1684267,31,-1055,36,71072,0,0,0,16,-46,41,6899,10539,29427,1200,-1100,0,0,0
4,-107,0.188,41,1684339,31,-1055,36,70853,0,0,0,36,-53,41,6902,10567,29397,1400,-1400,0,0,0
4,-107,0.306,42,1684411,31,-1055,36,70496,0,0,0,66,-62,41,6905,10609,29344,1500,-1400,0,0,0
4,-107,0.331,43,1684483,31,-1056,36,70078,0,0,0,56,-72,41,6908,10656,29280,1500,-1400,0,0,0
4,-107,0.413,44,1684556,31,-1056,36,69567,0,0,0,72,-72,41,6911,10717,29205,1500,-1400,0,0,0
4,-107,0.483,45,1684627,31,-1057,37,69104,0,0,0,62,-74,42,6914,10770,29135,1500,-1500,0,0,0
4,-107,0.548,46,1684699,31,-1058,37,68596,0,0,0,62,-84,42,6917,10828,29058,1500,-1300,0,0,0
4,-107,0.62,47,1684771,31,-1058,37,68133,0,0,0,56,-72,42,6920,10884,28991,1500,-1300,0,0,0
4,-107,0.702,48,1684844,31,-1058,37,67655,0,0,0,62,-62,42,6923,10942,28922,1500,-1200,0,0,0
4,-107,0.761,49,1684915,31,-1059,38,67170,0,0,0,75,-72,42,6926,11001,28852,1500,-1200,0,0,0
4,-107,0.836,50,1684987,31,-1059,38,66711,0,0,0,56,-75,42,6929,11056,28785,1500,-1200,0,0,0
4,-107,0.908,51,1685059,31,-1059,38,66251,0,0,0,72,-66,42,6932,11117,28724,1500,-1300,0,0,0
4,-107,0.986,52,1685131,31,-1059,39,65792,0,0,0,56,-72,42,6935,11173,28658,1500,-1200,0,0,0
4,-107,1.051,53,1685203,31,-1059,39,65311,0,0,0,72,-62,42,6938,11234,28591,1500,-1200,0,0,0
4,-107,1.124,54,1685275,31,-1059,39,64863,0,0,0,62,-62,42,6941,11292,28530,1500,-1200,0,0,0
4,-107,1.194,55,1685347,31,-1059,39,64381,0,0,0,62,-72,43,6944,11353,28463,1500,-1200,0,0,0
4,-107,1.267,56,1685419,31,-1059,39,63911,0,0,0,75,-62,43,6947,11412,28397,1500,-1200,0,0,0
4,-107,1.338,57,1685491,31,-1059,39,63448,0,0,0,66,-76,43,6950,11473,28335,1500,-1200,0,0,0
4,-107,1.411,58,1685563,31,-1059,39,62959,0,0,0,75,-62,43,6953,11537,28269,1600,-1100,0,0,0
4,-107,1.485,59,1685635,31,-1059,39,62500,0,0,0,82,-72,43,6956,11598,28208,1600,-1200,0,0,0
4,-107,1.554,60,1685707,31,-1059,40,62030,0,0,0,62,-62,43,6959,11656,28141,1600,-1200,0,0,0
4,-107,1.637,61,1685780,31,-1059,40,61525,0,0,0,66,-66,43,6962,11723,28074,1600,-1200,0,0,0
4,-107,1.703,62,1685851,31,-1059,40,61048,0,0,0,66,-72,43,6965,11784,28008,0,0,0,0,0
4,-107,1.775,63,1685923,31,-1059,40,60920,0,0,0,0,0,43,6968,11801,27991,0,0,0,0,0
4,-107,1.851,64,1685995,31,-1059,40,60950,0,0,0,0,26,43,6971,11801,27999,-600,1600,0,0,0
4,-107,1.914,65,1686067,31,-1060,38,61149,0,0,0,0,62,43,6974,11801,28052,-1000,1500,0,0,0
4,-107,1.985,66,1686139,31,-1060,37,61307,0,0,0,0,0,43,6977,11792,28085,0,0,0,0,0
4,-107,2.064,67,1686211,31,-1060,37,61307,0,0,0,0,0,43,6980,11792,28085,1500,-900,0,0,0
4,-107,2.132,68,1686283,31,-1060,37,61036,0,0,0,62,-56,43,6983,11831,28052,1600,-1200,0,0,0
4,-107,2.202,69,1686355,31,-1060,36,60630,0,0,0,62,-66,43,6986,11889,28002,0,0,0,0,0
4,-107,2.26,70,1686412,31,-1060,36,60502,0,0,0,0,0,44,6989,11906,27985,0,0,0,0,0
4,-107,2.322,71,1686475,31,-1060,36,60502,0,0,0,0,0,44,6992,11906,27985,0,0,0,0,0
4,-107,2.393,72,1686547,31,-1060,36,60502,0,0,0,0,0,44,6995,11906,27985,0,0,0,0,0
4,-107,2.466,73,1686619,31,-1060,36,60502,0,0,0,0,0,44,6998,11906,27985,0,0,0,0,0
4,-107,2.55,74,1686692,31,-1060,36,60502,0,0,0,0,0,44,7001,11906,27985,0,0,0,0,0
4,-107,2.595,75,1686747,31,-1060,36,60502,0,0,0,0,0,44,7001,11906,27985,0,0,0,0,0
4,-107,2.649,76,1686803,31,-1060,36,60502,0,0,0,0,0,44,7001,11906,27985,0,0,0,0,0
4,-107,2.708,77,1686859,31,-1060,36,60502,0,0,0,0,0,44,7001,11906,27985,0,0,0,0,0
4,-107,2.762,78,1686915,31,-1060,36,60502,0,0,0,0,0,44,7001,11906,27985,0,0,0,0,0
4,-107,2.817,79,1686971,31,-1060,36,60502,0,0,0,0,0,44,7001,11906,27985,0,0,0,0,0
4,-107,2.874,80,1687027,31,-1060,36,60502,0,0,0,0,0,44,7001,11906,27985,0,0,0,0,0
4,-107,2.93,81,1687083,31,-1060,36,60502,0,0,0,0,0,44,7001,11906,27985,0,0,0,0,0
4,-107,2.987,82,1687139,31,-1060,36,60502,0,0,0,0,0,44,7001,11906,27985,0,0,0,0,0
4,-107,3.049,83,1687195,31,-1060,36,60502,0,0,0,0,0,44,7001,11906,27985,0,0,0,0,0
4,-107,3.093,84,1687247,31,-1060,36,60502,0,0,0,0,0,44,7001,11906,27985,0,0,0,0,0
4,-107,3.149,85,1687303,31,-1060,36,60502,0,0,0,0,0,44,7001,11906,27985,0,0,0,0,0
4,-107,3.206,86,1687359,31,-1060,36,60502,0,0,0,0,0,44,7001,11906,27985,0,0,0,0,0
4,-107,3.262,87,1687415,31,-1060,36,60502,0,0,0,0,0,44,7001,11906,27985,0,0,0,0,0
4,-107,3.317,88,1687471,31,-1060,36,60502,0,0,0,0,0,44,7001,11906,27985,0,0,0,0,0
4,-107,3.374,89,1687527,31,-1060,36,60502,0,0,0,0,0,44,7001,11906,27985,0,0,0,0,0
4,-107,3.43,90,1687583,31,-1060,36,60502,0,0,0,0,0,44,7001,11906,27985,0,0,0,0,0
4,-107,3.488,91,1687639,31,-1060,36,60502,0,0,0,0,0,44,7001,11906,27985,0,0,0,0,0
4,-107,3.546,92,1687695,31,-1060,36,60502,0,0,0,0,0,44,7001,11906,27985,0,0,0,0,0
4,-107,3.598,93,1687751,31,-1060,36,60502,0,0,0,0,0,44,7001,11906,27985,0,0,0,0,0
4,-107,3.654,94,1687807,31,-1060,36,60502,0,0,0,0,0,44,7001,11906,27985,0,0,0,0,0
4,-107,3.712,95,1687863,31,-1060,36,60502,0,0,0,0,0,44,7001,11906,27985,0,0,0,0,0
4,-107,3.765,96,1687919,31,-1060,36,60502,0,0,0,0,0,44,7001,11906,27985,0,0,0,0,0
4,-107,3.824,97,1687975,31,-1060,36,60502,0,0,0,0,0,44,7001,11906,27985,0,0,0,0,0
4,-107,3.877,98,1688031,31,-1060,36,60502,0,0,0,0,0,44,7001,11906,27985,0,0,0,0,0
4,-107,3.936,99,1688087,31,-1060,36,60502,0,0,0,0,0,44,7001,11906,27985,0,0,0,0,0
4,-107,3.99,100,1688143,31,-1060,36,60502,0,0,0,0,0,44,7001,11906,27985,0,0,0,0,0
4,-107,4.045,101,1688199,31,-1060,36,60502,0,0,0,0,0,44,7001,11906,27985,0,0,0,0,0
4,-107,4.109,102,1688255,31,-1060,36,60502,0,0,0,0,0,44,7001,11906,27985,0,0,0,0,0
4,-107,4.162,103,1688307,31,-1060,36,60502,0,0,0,0,0,44,7001,11906,27985,0,0,0,0,0
4,-107,4.21,104,1688363,31,-1060,36,60502,0,0,0,0,0,44,7001,11906,27985,0,0,0,0,0
4,-107,4.266,105,1688419,31,-1060,36,60502,0,0,0,0,0,44,7001,11906,27985,0,0,0,0,0
4,-107,4.321,106,1688475,31,-1060,36,60502,0,0,0,0,0,44,7001,11906,27985,0,0,0,0,0
4,-107,4.378,107,1688531,31,-1060,36,60502,0,0,0,0,0,44,7001,11906,27985,0,0,0,0,0
4,-107,4.434,108,1688587,31,-1060,36,60502,0,0,0,0,0,44,7001,11906,27985,0,0,0,0,0
4,-107,4.49,109,1688643,31,-1060,36,60502,0,0,0,0,0,44,7001,11906,27985,0,0,0,0,0
4,-107,4.545,110,1688699,31,-1060,36,60502,0,0,0,0,0,44,7001,11906,27985,0,0,0,0,0
4,-107,4.602,111,1688755,31,-1060,36,60502,0,0,0,0,0,44,7001,11906,27985,0,0,0,0,0
4,-107,4.658,112,1688811,31,-1060,36,60502,0,0,0,0,0,44,7001,11906,27985,0,0,0,0,0
4,-107,4.716,113,1688867,31,-1060,36,60502,0,0,0,0,0,44,7001,11906,27985,0,0,0,0,0
4,-107,4.774,114,1688923,31,-1060,36,60502,0,0,0,0,0,44,7001,11906,27985,0,0,0,0,0
4,-107,4.826,115,1688979,31,-1060,36,60502,0,0,0,0,0,44,7001,11906,27985,0,0,0,0,0
4,-107,4.882,116,1689035,31,-1060,36,60502,0,0,0,0,0,44,7001,11906,27985,0,0,0,0,0
4,-107,4.937,117,1689091,31,-1060,36,60502,0,0,0,0,0,44,7001,11906,27985,0,0,0,0,0
4,-107,4.994,118,1689147,31,-1060,36,60502,0,0,0,0,0,44,7001,11906,27985,0,0,0,0,0
4,-107,5.054,119,1689203,31,-1060,36,60502,0,0,0,0,0,44,7001,11906,27985,0,0,0,0,0
4,-107,5.105,120,1689259,31,-1060,36,60502,0,0,0,0,0,44,7001,11906,27985,0,0,0,0,0
4,-107,5.171,121,1689315,31,-1060,36,60502,0,0,0,0,0,44,7001,11906,27985,0,0,0,0,0
4,-107,5.214,122,1689367,31,-1060,36,60502,0,0,0,0,0,44,7001,11906,27985,0,0,0,0,0
4,-107,5.27,123,1689423,31,-1060,36,60502,0,0,0,0,0,44,7001,11906,27985,0,0,0,0,0
4,-107,5.326,124,1689479,31,-1060,36,60502,0,0,0,0,0,44,7001,11906,27985,0,0,0,0,0
4,-107,5.386,125,1689535,31,-1060,36,60502,0,0,0,0,0,44,7001,11906,27985,0,0,0,0,0
4,-107,5.441,126,1689591,31,-1060,36,60502,0,0,0,0,0,44,7001,11906,27985,0,0,0,0,0
4,-107,5.493,127,1689647,31,-1060,36,60502,0,0,0,0,0,44,7001,11906,27985,0,0,0,0,0
4,-107,5.549,0,1689703,31,-1060,36,60502,0,0,0,0,0,44,7001,11906,27985,0,0,0,0,0
4,-107,5.607,1,1689759,31,-1060,36,60502,0,0,0,0,0,44,7001,11906,27985,0,0,0,0,0
4,-107,5.662,2,1689815,31,-1060,36,60502,0,0,0,0,0,44,7001,11906,27985,0,0,0,0,0
4,-107,5.717,3,1689871,31,-1060,36,60502,0,0,0,0,0,44,7001,11906,27985,0,0,0,0,0
4,-107,5.774,4,1689927,31,-1060,36,60502,0,0,0,0,0,44,7001,11906,27985,0,0,0,0,0
4,-107,5.841,5,1689983,31,-1060,36,60502,0,0,0,0,0,44,7001,11906,27985,0,0,0,0,0
4,-107,5.887,6,1690039,31,-1060,36,60502,0,0,0,0,0,44,7001,11906,27985,0,0,0,0,0
4,-107,5.942,7,1690095,31,-1060,36,60502,0,0,0,0,0,44,7001,11906,27985,0,0,0,0,0
4,-107,6.002,8,1690151,31,-1060,36,60502,0,0,0,0,0,44,7001,11906,27985,0,0,0,0,0
4,-107,6.053,9,1690207,31,-1060,36,60502,0,0,0,0,0,44,7001,11906,27985,0,0,0,0,0
4,-107,6.11,10,1690263,31,-1060,36,60502,0,0,0,0,0,44,7001,11906,27985,0,0,0,0,0
4,-107,6.17,11,1690319,31,-1060,36,60502,0,0,0,0,0,44,7001,11906,27985,0,0,0,0,0
4,-107,6.23,12,1690375,31,-1060,36,60502,0,0,0,0,0,44,7001,11906,27985,0,0,0,0,0
4,-107,6.274,13,1690427,31,-1060,36,60502,0,0,0,0,0,44,7001,11906,27985,0,0,0,0,0
4,-107,6.333,14,1690483,31,-1060,36,60502,0,0,0,0,0,44,7001,11906,27985,0,0,0,0,0
4,-107,6.386,15,1690539,31,-1060,36,60502,0,0,0,0,0,44,7001,11906,27985,0,0,0,0,0
4,-107,6.441,16,1690595,31,-1060,36,60502,0,0,0,0,0,44,7001,11906,27985,0,0,0,0,0
4,-107,6.498,17,1690651,31,-1060,36,60502,0,0,0,0,0,44,7001,11906,27985,0,0,0,0,0
4,-107,6.554,18,1690707,31,-1060,36,60502,0,0,0,0,0,44,7001,11906,27985,0,0,0,0,0
4,-107,6.616,19,1690763,31,-1060,36,60502,0,0,0,0,0,44,7001,11906,27985,0,0,0,0,0
4,-107,6.666,20,1690819,31,-1060,36,60502,0,0,0,0,0,44,7001,11906,27985,0,0,0,0,0
4,-107,6.722,21,1690875,31,-1060,36,60502,0,0,0,0,0,44,7001,11906,27985,0,0,0,0,0
4,-107,6.777,22,1690931,31,-1060,36,60502,0,0,0,0,0,44,7001,11906,27985,0,0,0,0,0
4,-107,6.834,23,1690987,31,-1060,36,60502,0,0,0,0,0,44,7001,11906,27985,0,0,0,0,0
4,-107,6.891,24,1691043,31,-1060,36,60502,0,0,0,0,0,44,7001,11906,27985,0,0,0,0,0
4,-107,6.947,25,1691099,31,-1060,36,60502,0,0,0,0,0,44,7001,11906,27985,0,0,0,0,0
4,-107,7.002,26,1691155,31,-1060,36,60502,0,0,0,0,0,44,7001,11906,27985,0,0,0,0,0
4,-107,7.06,27,1691211,31,-1060,36,60502,0,0,0,0,0,44,7001,11906,27985,0,0,0,0,0
4,-107,7.113,28,1691267,31,-1060,36,60502,0,0,0,0,0,44,7001,11906,27985,0,0,0,0,0
4,-107,7.169,29,1691323,31,-1060,36,60502,0,0,0,0,0,44,7001,11906,27985,0,0,0,0,0
4,-107,7.231,30,1691379,31,-1060,36,60502,0,0,0,0,0,44,7001,11906,27985,0,0,0,0,0
4,-107,7.29,31,1691435,31,-1060,36,60502,0,0,0,0,0,44,7001,11906,27985,0,0,0,0,0
4,-107,7.335,32,1691487,31,-1060,36,60502,0,0,0,0,0,44,7001,11906,27985,0,0,0,0,0
5,180,-0.041,123,1696567,31,-1060,36,60502,0,0,0,0,0,44,7001,11906,27985,0,0,0,0,0
5,180,0.016,124,1696624,31,-1060,36,60502,0,0,0,0,0,44,7001,11906,27985,0,0,0,0,0
5,180,0.068,125,1696675,31,-1060,36,60502,0,0,0,0,0,44,7003,11906,27985,-1000,1000,0,0,0
5,180,0.147,126,1696747,31,-1061,36,60671,0,0,0,-16,36,45,7006,11884,28008,-1200,1200,0,0,0
5,180,0.215,127,1696819,31,-1061,36,60935,0,0,0,-46,39,45,7009,11853,28047,-1500,1400,0,0,0
5,180,0.288,0,1696891,31,-1061,36,61277,0,0,0,-56,56,45,7012,11806,28091,-1500,1600,0,0,0
5,180,0.357,1,1696963,31,-1061,36,61717,0,0,0,-72,66,45,7015,11745,28147,-1500,1600,0,0,0
5,180,0.428,2,1697035,31,-1060,37,62199,0,0,0,-76,56,46,7018,11678,28208,-1500,1500,0,0,0
5,180,0.501,3,1697107,31,-1060,36,62688,0,0,0,-82,62,46,7021,11614,28274,-1500,1600,0,0,0
5,180,0.572,4,1697179,31,-1061,36,63181,0,0,0,-66,72,46,7024,11553,28344,-1500,1500,0,0,0
5,180,0.644,5,1697251,31,-1060,36,63678,0,0,0,-72,82,46,7027,11487,28410,-1500,1600,0,0,0
5,180,0.716,6,1697323,31,-1060,36,64205,0,0,0,-72,72,46,7030,11417,28480,-1500,1600,0,0,0
5,180,0.789,7,1697395,31,-1060,36,64724,0,0,0,-72,62,46,7033,11351,28552,-1500,1500,0,0,0
5,180,0.862,8,1697467,31,-1060,36,65288,0,0,0,-82,72,46,7036,11276,28627,-1500,1400,0,0,0
5,180,0.932,9,1697539,31,-1060,36,65823,0,0,0,-82,82,46,7039,11206,28699,-1500,1400,0,0,0
5,180,1.014,10,1697612,31,-1060,36,66346,0,0,0,-72,82,46,7042,11137,28769,-1400,1400,0,0,0
5,180,1.076,11,1697683,31,-1060,36,66857,0,0,0,-72,62,46,7045,11067,28835,-1400,1300,0,0,0
5,180,1.151,12,1697755,31,-1060,36,67358,0,0,0,-72,72,46,7048,11001,28902,-1400,1300,0,0,0
5,180,1.22,13,1697827,31,-1060,36,67832,0,0,0,-75,72,46,7051,10939,28966,-1500,1400,0,0,0
5,180,1.292,14,1697899,31,-1061,36,68332,0,0,0,-72,72,46,7054,10870,29030,-1400,1300,0,0,0
5,180,1.364,15,1697971,31,-1061,36,68803,0,0,0,-56,72,46,7057,10806,29091,-1400,1300,0,0,0
5,180,1.436,16,1698043,31,-1061,36,69284,0,0,0,-66,72,46,7060,10739,29152,-1300,1400,0,0,0
5,180,1.516,17,1698115,31,-1061,36,69755,0,0,0,-66,72,46,7063,10678,29216,-1400,1400,0,0,0
5,180,1.581,18,1698187,31,-1061,36,70266,0,0,0,-82,76,46,7066,10609,29283,-1400,1300,0,0,0
5,180,1.652,19,1698259,31,-1061,36,70725,0,0,0,-72,72,46,7069,10545,29341,-1300,1400,0,0,0
5,180,1.724,20,1698331,31,-1061,36,71185,0,0,0,-72,62,46,7072,10484,29402,-1400,1400,0,0,0
5,180,1.798,21,1698403,31,-1061,36,71666,0,0,0,-66,72,46,7075,10417,29463,-1400,1500,0,0,0
5,180,1.868,22,1698475,31,-1061,36,72137,0,0,0,-66,82,46,7078,10356,29527,-1300,1500,0,0,0
5,180,1.95,23,1698548,31,-1061,36,72607,0,0,0,-76,62,47,7081,10289,29585,-1400,1500,0,0,0
5,180,2.012,24,1698619,31,-1061,36,73130,0,0,0,-72,82,47,7084,10220,29655,-1300,1500,0,0,0
5,180,2.085,25,1698691,31,-1062,36,73612,0,0,0,-82,72,47,7087,10153,29716,-1300,1500,0,0,0
5,180,2.156,26,1698763,31,-1062,36,74104,0,0,0,-82,82,47,7090,10089,29783,-1400,1400,0,0,0
5,180,2.238,27,1698836,31,-1062,36,74571,0,0,0,-72,62,47,7093,10023,29841,-1400,1400,0,0,0
5,180,2.3,28,1698907,31,-1062,36,75053,0,0,0,-72,56,47,7096,9956,29902,-1300,1500,0,0,0
5,180,2.372,29,1698979,31,-1062,36,75546,0,0,0,-75,56,47,7099,9889,29966,-1300,1500,0,0,0
5,180,2.444,30,1699051,31,-1062,36,76054,0,0,0,-72,82,47,7102,9823,30035,-1300,1500,0,0,0
5,180,2.517,31,1699123,31,-1062,36,76516,0,0,0,-72,75,47,7105,9762,30097,-1300,1500,0,0,0
5,180,2.591,32,1699195,31,-1062,36,76994,0,0,0,-82,82,47,7108,9698,30160,-1400,1500,0,0,0
5,180,2.662,33,1699267,31,-1062,36,77480,0,0,0,-66,72,48,7111,9628,30219,0,0,0,0,0
5,180,2.732,34,1699339,31,-1062,35,77581,0,0,0,0,0,48,7114,9612,30230,0,0,0,0,0
5,180,2.804,35,1699411,31,-1063,35,77532,0,0,0,16,-13,49,7117,9617,30222,1500,-1200,0,0,0
5,180,2.883,36,1699483,31,-1063,35,77310,0,0,0,10,-31,50,7120,9645,30191,0,0,0,0,0
5,180,2.954,37,1699555,31,-1063,35,77310,0,0,0,0,0,50,7123,9645,30191,0,0,0,0,0
5,180,3.021,38,1699627,31,-1062,36,77435,0,0,0,-36,52,50,7126,9634,30213,-1100,1400,0,0,0
5,180,3.092,39,1699699,31,-1062,36,77751,0,0,0,-56,56,50,7129,9595,30258,-1300,1500,0,0,0
5,180,3.175,40,1699772,31,-1062,36,78127,0,0,0,-56,36,50,7132,9545,30308,0,0,0,0,0
5,180,3.236,41,1699843,31,-1062,36,78127,0,0,0,0,0,50,7135,9545,30308,0,0,0,0,0
5,180,3.308,42,1699915,31,-1062,36,77999,0,0,0,39,-36,50,7138,9562,30291,1600,-1400,0,0,0
5,180,3.38,43,1699987,31,-1062,36,77728,0,0,0,30,-31,51,7141,9598,30255,0,0,0,0,0
5,180,3.463,44,1700060,31,-1062,36,77721,0,0,0,0,0,51,7144,9600,30255,0,0,0,0,0
5,180,3.525,45,1700131,31,-1062,36,77845,0,0,0,-36,56,51,7147,9589,30277,-1200,1400,0,0,0
5,180,3.596,46,1700203,31,-1062,36,78157,0,0,0,-62,46,51,7150,9548,30319,-1400,1500,0,0,0
5,180,3.691,47,1700300,31,-1062,36,78545,0,0,0,0,0,51,7155,9489,30363,0,0,0,0,0
5,180,3.743,48,1700351,31,-1062,36,78545,0,0,0,0,0,51,7157,9489,30363,0,0,0,0,0
5,180,3.8,49,1700407,31,-1062,36,78545,0,0,0,0,0,51,7158,9489,30363,0,0,0,0,0
5,180,3.856,50,1700463,31,-1062,36,78545,0,0,0,0,0,51,7158,9489,30363,0,0,0,0,0
5,180,3.913,51,1700519,31,-1062,36,78545,0,0,0,0,0,51,7158,9489,30363,0,0,0,0,0
5,180,3.967,52,1700575,31,-1062,36,78545,0,0,0,0,0,51,7158,9489,30363,0,0,0,0,0
5,180,4.023,53,1700631,31,-1062,36,78545,0,0,0,0,0,51,7158,9489,30363,0,0,0,0,0
5,180,4.083,54,1700687,31,-1062,36,78545,0,0,0,0,0,51,7158,9489,30363,0,0,0,0,0
5,180,4.142,55,1700743,31,-1062,36,78545,0,0,0,0,0,51,7158,9489,30363,0,0,0,0,0
5,180,4.188,56,1700795,31,-1062,36,78545,0,0,0,0,0,51,7158,9489,30363,0,0,0,0,0
5,180,4.243,57,1700851,31,-1062,36,78545,0,0,0,0,0,51,7158,9489,30363,0,0,0,0,0
5,180,4.299,58,1700907,31,-1062,36,78545,0,0,0,0,0,51,7158,9489,30363,0,0,0,0,0
5,180,4.356,59,1700963,31,-1062,36,78545,0,0,0,0,0,51,7158,9489,30363,0,0,0,0,0
5,180,4.412,60,1701019,31,-1062,36,78545,0,0,0,0,0,51,7158,9489,30363,0,0,0,0,0
5,180,4.468,61,1701075,31,-1062,36,78545,0,0,0,0,0,51,7158,9489,30363,0,0,0,0,0
5,180,4.524,62,1701131,31,-1062,36,78545,0,0,0,0,0,51,7158,9489,30363,0,0,0,0,0
5,180,4.58,63,1701187,31,-1062,36,78545,0,0,0,0,0,51,7158,9489,30363,0,0,0,0,0
5,180,4.636,64,1701243,31,-1062,36,78545,0,0,0,0,0,51,7158,9489,30363,0,0,0,0,0
5,180,4.69,65,1701299,31,-1062,36,78545,0,0,0,0,0,51,7158,9489,30363,0,0,0,0,0
5,180,4.748,66,1701355,31,-1062,36,78545,0,0,0,0,0,51,7158,9489,30363,0,0,0,0,0
5,180,4.803,67,1701411,31,-1062,36,78545,0,0,0,0,0,51,7158,9489,30363,0,0,0,0,0
5,180,4.859,68,1701467,31,-1062,36,78545,0,0,0,0,0,51,7158,9489,30363,0,0,0,0,0
5,180,4.916,69,1701523,31,-1062,36,78545,0,0,0,0,0,51,7158,9489,30363,0,0,0,0,0
5,180,4.971,70,1701579,31,-1062,36,78545,0,0,0,0,0,51,7158,9489,30363,0,0,0,0,0
5,180,5.027,71,1701635,31,-1062,36,78545,0,0,0,0,0,51,7158,9489,30363,0,0,0,0,0
5,180,5.083,72,1701691,31,-1062,36,78545,0,0,0,0,0,51,7158,9489,30363,0,0,0,0,0
5,180,5.139,73,1701747,31,-1062,36,78545,0,0,0,0,0,51,7158,9489,30363,0,0,0,0,0
5,180,5.202,74,1701803,31,-1062,36,78545,0,0,0,0,0,51,7158,9489,30363,0,0,0,0,0
5,180,5.25,75,1701855,31,-1062,36,78545,0,0,0,0,0,51,7158,9489,30363,0,0,0,0,0
5,180,5.304,76,1701911,31,-1062,36,78545,0,0,0,0,0,51,7158,9489,30363,0,0,0,0,0
5,180,5.359,77,1701967,31,-1062,36,78545,0,0,0,0,0,51,7158,9489,30363,0,0,0,0,0
5,180,5.416,78,1702023,31,-1062,36,78545,0,0,0,0,0,51,7158,9489,30363,0,0,0,0,0
5,180,5.473,79,1702079,31,-1062,36,78545,0,0,0,0,0,51,7158,9489,30363,0,0,0,0,0
5,180,5.531,80,1702135,31,-1062,36,78545,0,0,0,0,0,51,7158,9489,30363,0,0,0,0,0
5,180,5.583,81,1702191,31,-1062,36,78545,0,0,0,0,0,51,7158,9489,30363,0,0,0,0,0
5,180,5.64,82,1702247,31,-1062,36,78545,0,0,0,0,0,51,7158,9489,30363,0,0,0,0,0
5,180,5.695,83,1702303,31,-1062,36,78545,0,0,0,0,0,51,7158,9489,30363,0,0,0,0,0
5,180,5.762,84,1702359,31,-1062,36,78545,0,0,0,0,0,51,7158,9489,30363,0,0,0,0,0
5,180,5.807,85,1702415,31,-1062,36,78545,0,0,0,0,0,51,7158,9489,30363,0,0,0,0,0
5,180,5.863,86,1702471,31,-1062,36,78545,0,0,0,0,0,51,7158,9489,30363,0,0,0,0,0
5,180,5.919,87,1702527,31,-1062,36,78545,0,0,0,0,0,51,7158,9489,30363,0,0,0,0,0
5,180,5.976,88,1702583,31,-1062,36,78545,0,0,0,0,0,51,7158,9489,30363,0,0,0,0,0
5,180,6.032,89,1702639,31,-1062,36,78545,0,0,0,0,0,51,7158,9489,30363,0,0,0,0,0
5,180,6.088,90,1702695,31,-1062,36,78545,0,0,0,0,0,51,7158,9489,30363,0,0,0,0,0
5,180,6.145,91,1702751,31,-1062,36,78545,0,0,0,0,0,51,7158,9489,30363,0,0,0,0,0
5,180,6.2,92,1702807,31,-1062,36,78545,0,0,0,0,0,51,7158,9489,30363,0,0,0,0,0
5,180,6.263,93,1702863,31,-1062,36,78545,0,0,0,0,0,51,7158,9489,30363,0,0,0,0,0
5,180,6.307,94,1702915,31,-1062,36,78545,0,0,0,0,0,51,7158,9489,30363,0,0,0,0,0
5,180,6.364,95,1702971,31,-1062,36,78545,0,0,0,0,0,51,7158,9489,30363,0,0,0,0,0
5,180,6.421,96,1703027,31,-1062,36,78545,0,0,0,0,0,51,7158,9489,30363,0,0,0,0,0
5,180,6.475,97,1703083,31,-1062,36,78545,0,0,0,0,0,51,7158,9489,30363,0,0,0,0,0
5,180,6.532,98,1703139,31,-1062,36,78545,0,0,0,0,0,51,7158,9489,30363,0,0,0,0,0
5,180,6.588,99,1703195,31,-1062,36,78545,0,0,0,0,0,51,7158,9489,30363,0,0,0,0,0
5,180,6.644,100,1703251,31,-1062,36,78545,0,0,0,0,0,51,7158,9489,30363,0,0,0,0,0
5,180,6.7,101,1703307,31,-1062,36,78545,0,0,0,0,0,51,7158,9489,30363,0,0,0,0,0
5,180,6.758,102,1703363,31,-1062,36,78545,0,0,0,0,0,51,7158,9489,30363,0,0,0,0,0
5,180,6.812,103,1703419,31,-1062,36,78545,0,0,0,0,0,51,7158,9489,30363,0,0,0,0,0
5,180,6.867,104,1703475,31,-1062,36,78545,0,0,0,0,0,51,7158,9489,30363,0,0,0,0,0
5,180,6.923,105,1703531,31,-1062,36,78545,0,0,0,0,0,51,7158,9489,30363,0,0,0,0,0
5,180,6.98,106,1703587,31,-1062,36,78545,0,0,0,0,0,51,7158,9489,30363,0,0,0,0,0
5,180,7.037,107,1703643,31,-1062,36,78545,0,0,0,0,0,51,7158,9489,30363,0,0,0,0,0
5,180,7.091,108,1703699,31,-1062,36,78545,0,0,0,0,0,51,7158,9489,30363,0,0,0,0,0
5,180,7.146,109,1703755,31,-1062,36,78545,0,0,0,0,0,51,7158,9489,30363,0,0,0,0,0
5,180,7.203,110,1703811,31,-1062,36,78545,0,0,0,0,0,51,7158,9489,30363,0,0,0,0,0
5,180,7.259,111,1703867,31,-1062,36,78545,0,0,0,0,0,51,7158,9489,30363,0,0,0,0,0
5,180,7.322,112,1703923,31,-1062,36,78545,0,0,0,0,0,51,7158,9489,30363,0,0,0,0,0
5,180,7.372,113,1703975,31,-1062,36,78545,0,0,0,0,0,51,7158,9489,30363,0,0,0,0,0
5,180,7.422,114,1704031,31,-1062,36,78545,0,0,0,0,0,51,7158,9489,30363,0,0,0,0,0
5,180,7.48,115,1704087,31,-1062,36,78545,0,0,0,0,0,51,7158,9489,30363,0,0,0,0,0
5,180,7.54,116,1704143,31,-1062,36,78545,0,0,0,0,0,51,7158,9489,30363,0,0,0,0,0
5,180,7.594,117,1704199,31,-1062,36,78545,0,0,0,0,0,51,7158,9489,30363,0,0,0,0,0
5,180,7.648,118,1704255,31,-1062,36,78545,0,0,0,0,0,51,7158,9489,30363,0,0,0,0,0
5,180,7.704,119,1704311,31,-1062,36,78545,0,0,0,0,0,51,7158,9489,30363,0,0,0,0,0
5,180,7.759,120,1704367,31,-1062,36,78545,0,0,0,0,0,51,7158,9489,30363,0,0,0,0,0
5,180,7.814,121,1704423,31,-1062,36,78545,0,0,0,0,0,51,7158,9489,30363,0,0,0,0,0
5,180,7.872,122,1704479,31,-1062,36,78545,0,0,0,0,0,51,7158,9489,30363,0,0,0,0,0
5,180,7.935,123,1704535,31,-1062,36,78545,0,0,0,0,0,51,7158,9489,30363,0,0,0,0,0
5,180,7.989,124,1704591,31,-1062,36,78545,0,0,0,0,0,51,7158,9489,30363,0,0,0,0,0
5,180,8.039,125,1704647,31,-1062,36,78545,0,0,0,0,0,51,7158,9489,30363,0,0,0,0,0
5,180,8.095,126,1704703,31,-1062,36,78545,0,0,0,0,0,51,7158,9489,30363,0,0,0,0,0
5,180,8.15,127,1704759,31,-1062,36,78545,0,0,0,0,0,51,7158,9489,30363,0,0,0,0,0
5,180,8.207,0,1704815,31,-1062,36,78545,0,0,0,0,0,51,7158,9489,30363,0,0,0,0,0
5,180,8.266,1,1704871,31,-1062,36,78545,0,0,0,0,0,51,7158,9489,30363,0,0,0,0,0
5,180,8.318,2,1704927,31,-1062,36,78545,0,0,0,0,0,51,7158,9489,30363,0,0,0,0,0
6,-180,-0.004,74,1708943,31,-1062,36,78545,0,0,0,0,0,51,7158,9489,30363,0,0,0,0,0
6,-180,0.05,75,1708995,31,-1062,36,78545,0,0,0,0,0,51,7159,9489,30363,800,-800,0,0,0
6,-180,0.12,76,1709067,31,-1062,35,78405,0,0,0,20,-39,51,7162,9498,30335,1100,-1100,0,0,0
6,-180,0.192,77,1709139,31,-1063,35,78210,0,0,0,36,-36,51,7165,9523,30308,1400,-1300,0,0,0
6,-180,0.265,78,1709211,31,-1062,35,77886,0,0,0,66,-46,51,7168,9570,30269,1500,-1500,0,0,0
6,-180,0.344,79,1709283,31,-1062,35,77438,0,0,0,62,-72,51,7171,9628,30208,1500,-1500,0,0,0
6,-180,0.408,80,1709355,31,-1063,35,76976,0,0,0,62,-70,51,7174,9684,30141,1500,-1600,0,0,0
6,-180,0.487,81,1709427,31,-1063,35,76505,0,0,0,56,-66,51,7177,9745,30077,1500,-1500,0,0,0
6,-180,0.553,82,1709499,31,-1063,35,76005,0,0,0,66,-62,51,7180,9809,30008,1600,-1500,0,0,0
6,-180,0.626,83,1709571,31,-1063,35,75512,0,0,0,76,-62,51,7183,9873,29941,1600,-1500,0,0,0
6,-180,0.709,84,1709644,31,-1062,35,75117,0,0,0,72,-72,52,7186,9934,29897,1600,-1500,0,0,0
6,-180,0.77,85,1709715,31,-1064,34,74518,0,0,0,66,-72,52,7189,9998,29802,1600,-1400,0,0,0
6,-180,0.842,86,1709787,31,-1064,34,74007,0,0,0,75,-92,52,7192,10062,29730,1600,-1400,0,0,0
6,-180,0.914,87,1709859,31,-1064,34,73514,0,0,0,66,-66,52,7195,10126,29663,1500,-1400,0,0,0
6,-180,0.996,88,1709932,31,-1064,34,73006,0,0,0,62,-72,52,7198,10189,29591,1500,-1400,0,0,0
6,-180,1.057,89,1710003,31,-1064,34,72520,0,0,0,66,-75,52,7201,10251,29524,1500,-1300,0,0,0
6,-180,1.13,90,1710075,31,-1065,34,71990,0,0,0,72,-82,52,7204,10317,29449,1500,-1300,0,0,0
6,-180,1.202,91,1710147,31,-1065,34,71497,0,0,0,72,-75,52,7207,10384,29385,1500,-1300,0,0,0
6,-180,1.282,92,1710219,31,-1065,34,70985,0,0,0,75,-82,52,7210,10451,29316,1500,-1200,0,0,0
6,-180,1.347,93,1710291,31,-1065,34,70477,0,0,0,72,-82,52,7213,10517,29247,1500,-1200,0,0,0
6,-180,1.418,94,1710363,31,-1065,34,69962,0,0,0,75,-72,52,7216,10587,29180,1500,-1200,0,0,0
6,-180,1.491,95,1710435,31,-1065,34,69450,0,0,0,75,-72,52,7219,10651,29108,1600,-1100,0,0,0
6,-180,1.563,96,1710507,31,-1065,34,68949,0,0,0,62,-82,52,7222,10714,29038,1600,-1100,0,0,0
6,-180,1.636,97,1710579,31,-1065,34,68468,0,0,0,72,-82,52,7225,10778,28974,1600,-1100,0,0,0
6,-180,1.714,98,1710651,31,-1065,34,67997,0,0,0,53,-82,52,7228,10839,28910,1600,-1100,0,0,0
6,-180,1.782,99,1710723,31,-1065,34,67474,0,0,0,70,-79,52,7231,10909,28841,1600,-1200,0,0,0
6,-180,1.855,100,1710795,31,-1065,34,66970,0,0,0,75,-75,52,7234,10976,28774,1500,-1100,0,0,0
6,-180,1.935,101,1710868,31,-1065,34,66522,0,0,0,66,-56,52,7237,11034,28713,1500,-1100,0,0,0
6,-180,2.001,102,1710939,31,-1065,35,66011,0,0,0,75,-82,52,7240,11101,28644,1500,-1100,0,0,0
6,-180,2.068,103,1711011,31,-1065,35,65533,0,0,0,62,-72,52,7243,11164,28580,1500,-1100,0,0,0
6,-180,2.14,104,1711083,31,-1065,34,65062,0,0,0,72,-62,52,7246,11228,28519,1500,-1100,0,0,0
6,-180,2.212,105,1711155,31,-1065,34,64558,0,0,0,62,-66,53,7249,11295,28452,1500,-1100,0,0,0
6,-180,2.292,106,1711227,31,-1065,34,64077,0,0,0,76,-62,54,7252,11362,28391,1500,-1100,0,0,0
6,-180,2.357,107,1711299,31,-1065,34,63599,0,0,0,72,-56,54,7255,11428,28330,1500,-1100,0,0,0
6,-180,2.429,108,1711371,31,-1065,34,63095,0,0,0,62,-72,54,7258,11495,28263,1500,-1100,0,0,0
6,-180,2.501,109,1711443,31,-1065,34,62602,0,0,0,76,-66,54,7261,11562,28199,1600,-1100,0,0,0
6,-180,2.573,110,1711515,31,-1065,34,62154,0,0,0,46,-56,54,7264,11623,28141,0,0,0,0,0
6,-180,2.645,111,1711587,31,-1065,34,62124,0,0,0,16,0,55,7267,11628,28138,1200,-700,0,0,0
6,-180,2.719,112,1711659,31,-1065,33,61864,0,0,0,26,-36,55,7270,11667,28108,1300,-800,0,0,0
6,-180,2.791,113,1711731,31,-1066,33,61473,0,0,0,75,-56,55,7273,11726,28063,-500,900,0,0,0
6,-180,2.862,114,1711803,31,-1066,32,61507,0,0,0,-10,36,55,7276,11728,28074,-1000,1400,0,0,0
6,-180,2.934,115,1711875,31,-1066,32,61717,0,0,0,-20,20,55,7279,11706,28108,0,0,0,0,0
6,-180,3.005,116,1711947,31,-1066,32,61717,0,0,0,0,0,55,7282,11706,28108,0,0,0,0,0
6,-180,3.085,117,1712019,31,-1066,32,61548,0,0,0,62,-38,56,7285,11728,28085,1500,-1400,0,0,0
6,-180,3.165,118,1712092,31,-1066,31,61194,0,0,0,62,-54,57,7288,11784,28047,1500,-1400,0,0,0
6,-180,3.232,119,1712163,31,-1065,33,60577,0,0,0,56,-62,57,7291,11845,27944,0,0,0,0,0
6,-180,3.295,120,1712235,31,-1065,33,60543,0,0,0,0,0,57,7295,11851,27941,0,0,0,0,0
6,-180,3.366,121,1712307,31,-1065,33,60543,0,0,0,0,0,57,7298,11851,27941,0,0,0,0,0
6,-180,3.642,122,1712379,31,-1065,33,60543,0,0,0,0,0,57,7301,11851,27941,0,0,0,0,0
6,-180,3.642,123,1712451,31,-1065,33,60543,0,0,0,0,0,57,7304,11851,27941,0,0,0,0,0
6,-180,3.642,124,1712523,31,-1065,33,60543,0,0,0,0,0,57,7307,11851,27941,0,0,0,0,0
6,-180,4.07,125,1712595,31,-1065,33,60543,0,0,0,0,0,57,7310,11851,27941,0,0,0,0,0
6,-180,4.07,126,1712668,31,-1065,33,60543,0,0,0,0,0,57,7313,11851,27941,0,0,0,0,0
6,-180,4.07,127,1712723,31,-1065,33,60543,0,0,0,0,0,57,7313,11851,27941,0,0,0,0,0
6,-180,4.07,0,1712779,31,-1065,33,60543,0,0,0,0,0,57,7313,11851,27941,0,0,0,0,0
6,-180,4.07,1,1712835,31,-1065,33,60543,0,0,0,0,0,57,7313,11851,27941,0,0,0,0,0
6,-180,4.07,2,1712891,31,-1065,33,60543,0,0,0,0,0,57,7313,11851,27941,0,0,0,0,0
6,-180,4.07,3,1712947,31,-1065,33,60543,0,0,0,0,0,57,7313,11851,27941,0,0,0,0,0
6,-180,4.14,4,1713003,31,-1065,33,60543,0,0,0,0,0,57,7313,11851,27941,0,0,0,0,0
6,-180,4.14,5,1713059,31,-1065,33,60543,0,0,0,0,0,57,7313,11851,27941,0,0,0,0,0
6,-180,4.176,6,1713115,31,-1065,33,60543,0,0,0,0,0,57,7313,11851,27941,0,0,0,0,0
6,-180,4.233,7,1713171,31,-1065,33,60543,0,0,0,0,0,57,7313,11851,27941,0,0,0,0,0
6,-180,4.296,8,1713227,31,-1065,33,60543,0,0,0,0,0,57,7313,11851,27941,0,0,0,0,0
6,-180,4.349,9,1713279,31,-1065,33,60543,0,0,0,0,0,57,7313,11851,27941,0,0,0,0,0
6,-180,4.397,10,1713335,31,-1065,33,60543,0,0,0,0,0,57,7313,11851,27941,0,0,0,0,0
6,-180,4.454,11,1713391,31,-1065,33,60543,0,0,0,0,0,57,7313,11851,27941,0,0,0,0,0
6,-180,4.509,12,1713447,31,-1065,33,60543,0,0,0,0,0,57,7313,11851,27941,0,0,0,0,0
6,-180,4.566,13,1713503,31,-1065,33,60543,0,0,0,0,0,57,7313,11851,27941,0,0,0,0,0
6,-180,4.621,14,1713559,31,-1065,33,60543,0,0,0,0,0,57,7313,11851,27941,0,0,0,0,0
6,-180,4.677,15,1713615,31,-1065,33,60543,0,0,0,0,0,57,7313,11851,27941,0,0,0,0,0
6,-180,4.733,16,1713671,31,-1065,33,60543,0,0,0,0,0,57,7313,11851,27941,0,0,0,0,0
6,-180,4.79,17,1713727,31,-1065,33,60543,0,0,0,0,0,57,7313,11851,27941,0,0,0,0,0
6,-180,4.845,18,1713783,31,-1065,33,60543,0,0,0,0,0,57,7313,11851,27941,0,0,0,0,0
6,-180,4.902,19,1713839,31,-1065,33,60543,0,0,0,0,0,57,7313,11851,27941,0,0,0,0,0
6,-180,4.958,20,1713895,31,-1065,33,60543,0,0,0,0,0,57,7313,11851,27941,0,0,0,0,0
6,-180,5.014,21,1713951,31,-1065,33,60543,0,0,0,0,0,57,7313,11851,27941,0,0,0,0,0
6,-180,5.069,22,1714007,31,-1065,33,60543,0,0,0,0,0,57,7313,11851,27941,0,0,0,0,0
6,-180,5.126,23,1714063,31,-1065,33,60543,0,0,0,0,0,57,7313,11851,27941,0,0,0,0,0
6,-180,5.182,24,1714119,31,-1065,33,60543,0,0,0,0,0,57,7313,11851,27941,0,0,0,0,0
6,-180,5.24,25,1714175,31,-1065,33,60543,0,0,0,0,0,57,7313,11851,27941,0,0,0,0,0
6,-180,5.295,26,1714231,31,-1065,33,60543,0,0,0,0,0,57,7313,11851,27941,0,0,0,0,0
6,-180,5.357,27,1714287,31,-1065,33,60543,0,0,0,0,0,57,7313,11851,27941,0,0,0,0,0
6,-180,5.405,28,1714339,31,-1065,33,60543,0,0,0,0,0,57,7313,11851,27941,0,0,0,0,0
6,-180,5.46,29,1714395,31,-1065,33,60543,0,0,0,0,0,57,7313,11851,27941,0,0,0,0,0
6,-180,5.514,30,1714451,31,-1065,33,60543,0,0,0,0,0,57,7313,11851,27941,0,0,0,0,0
6,-180,5.57,31,1714507,31,-1065,33,60543,0,0,0,0,0,57,7313,11851,27941,0,0,0,0,0
6,-180,5.627,32,1714563,31,-1065,33,60543,0,0,0,0,0,57,7313,11851,27941,0,0,0,0,0
6,-180,5.684,33,1714619,31,-1065,33,60543,0,0,0,0,0,57,7313,11851,27941,0,0,0,0,0
6,-180,5.742,34,1714675,31,-1065,33,60543,0,0,0,0,0,57,7313,11851,27941,0,0,0,0,0
6,-180,5.796,35,1714731,31,-1065,33,60543,0,0,0,0,0,57,7313,11851,27941,0,0,0,0,0
6,-180,5.852,36,1714787,31,-1065,33,60543,0,0,0,0,0,57,7313,11851,27941,0,0,0,0,0
6,-180,5.907,37,1714843,31,-1065,33,60543,0,0,0,0,0,57,7313,11851,27941,0,0,0,0,0
6,-180,5.964,38,1714899,31,-1065,33,60543,0,0,0,0,0,57,7313,11851,27941,0,0,0,0,0
6,-180,6.02,39,1714955,31,-1065,33,60543,0,0,0,0,0,57,7313,11851,27941,0,0,0,0,0
6,-180,6.076,40,1715011,31,-1065,33,60543,0,0,0,0,0,57,7313,11851,27941,0,0,0,0,0
6,-180,6.132,41,1715067,31,-1065,33,60543,0,0,0,0,0,57,7313,11851,27941,0,0,0,0,0
6,-180,6.188,42,1715123,31,-1065,33,60543,0,0,0,0,0,57,7313,11851,27941,0,0,0,0,0
6,-180,6.244,43,1715179,31,-1065,33,60543,0,0,0,0,0,57,7313,11851,27941,0,0,0,0,0
6,-180,6.317,44,1715235,31,-1065,33,60543,0,0,0,0,0,57,7313,11851,27941,0,0,0,0,0
6,-180,6.356,45,1715291,31,-1065,33,60543,0,0,0,0,0,57,7313,11851,27941,0,0,0,0,0
6,-180,6.42,46,1715347,31,-1065,33,60543,0,0,0,0,0,57,7313,11851,27941,0,0,0,0,0
6,-180,6.466,47,1715399,31,-1065,33,60543,0,0,0,0,0,57,7313,11851,27941,0,0,0,0,0
6,-180,6.521,48,1715455,31,-1065,33,60543,0,0,0,0,0,57,7313,11851,27941,0,0,0,0,0
6,-180,6.576,49,1715511,31,-1065,33,60543,0,0,0,0,0,57,7313,11851,27941,0,0,0,0,0
6,-180,6.633,50,1715567,31,-1065,33,60543,0,0,0,0,0,57,7313,11851,27941,0,0,0,0,0
6,-180,6.69,51,1715623,31,-1065,33,60543,0,0,0,0,0,57,7313,11851,27941,0,0,0,0,0
6,-180,6.745,52,1715679,31,-1065,33,60543,0,0,0,0,0,57,7313,11851,27941,0,0,0,0,0
6,-180,6.803,53,1715735,31,-1065,33,60543,0,0,0,0,0,57,7313,11851,27941,0,0,0,0,0
6,-180,6.857,54,1715791,31,-1065,33,60543,0,0,0,0,0,57,7313,11851,27941,0,0,0,0,0
6,-180,6.913,55,1715847,31,-1065,33,60543,0,0,0,0,0,57,7313,11851,27941,0,0,0,0,0
6,-180,6.969,56,1715903,31,-1065,33,60543,0,0,0,0,0,57,7313,11851,27941,0,0,0,0,0
6,-180,7.031,57,1715959,31,-1065,33,60543,0,0,0,0,0,57,7313,11851,27941,0,0,0,0,0
6,-180,7.084,58,1716015,31,-1065,33,60543,0,0,0,0,0,57,7313,11851,27941,0,0,0,0,0
6,-180,7.138,59,1716071,31,-1065,33,60543,0,0,0,0,0,57,7313,11851,27941,0,0,0,0,0
6,-180,7.194,60,1716127,31,-1065,33,60543,0,0,0,0,0,57,7313,11851,27941,0,0,0,0,0
6,-180,7.25,61,1716183,31,-1065,33,60543,0,0,0,0,0,57,7313,11851,27941,0,0,0,0,0
6,-180,7.306,62,1716239,31,-1065,33,60543,0,0,0,0,0,57,7313,11851,27941,0,0,0,0,0
6,-180,7.361,63,1716295,31,-1065,33,60543,0,0,0,0,0,57,7313,11851,27941,0,0,0,0,0
6,-180,7.418,64,1716351,31,-1065,33,60543,0,0,0,0,0,57,7313,11851,27941,0,0,0,0,0
6,-180,7.482,65,1716407,31,-1065,33,60543,0,0,0,0,0,57,7313,11851,27941,0,0,0,0,0
6,-180,7.526,66,1716459,31,-1065,33,60543,0,0,0,0,0,57,7313,11851,27941,0,0,0,0,0
6,-180,7.584,67,1716515,31,-1065,33,60543,0,0,0,0,0,57,7313,11851,27941,0,0,0,0,0
6,-180,7.643,68,1716571,31,-1065,33,60543,0,0,0,0,0,57,7313,11851,27941,0,0,0,0,0
6,-180,7.695,69,1716627,31,-1065,33,60543,0,0,0,0,0,57,7313,11851,27941,0,0,0,0,0
6,-180,7.75,70,1716683,31,-1065,33,60543,0,0,0,0,0,57,7313,11851,27941,0,0,0,0,0
6,-180,7.807,71,1716739,31,-1065,33,60543,0,0,0,0,0,57,7313,11851,27941,0,0,0,0,0
6,-180,7.863,72,1716795,31,-1065,33,60543,0,0,0,0,0,57,7313,11851,27941,0,0,0,0,0
6,-180,7.921,73,1716851,31,-1065,33,60543,0,0,0,0,0,57,7313,11851,27941,0,0,0,0,0
6,-180,7.975,74,1716907,31,-1065,33,60543,0,0,0,0,0,57,7313,11851,27941,0,0,0,0,0
6,-180,8.032,75,1716963,31,-1065,33,60543,0,0,0,0,0,57,7313,11851,27941,0,0,0,0,0
6,-180,8.088,76,1717019,31,-1065,33,60543,0,0,0,0,0,57,7313,11851,27941,0,0,0,0,0
6,-180,8.145,77,1717075,31,-1065,33,60543,0,0,0,0,0,57,7313,11851,27941,0,0,0,0,0
6,-180,8.199,78,1717131,31,-1065,33,60543,0,0,0,0,0,57,7313,11851,27941,0,0,0,0,0
6,-180,8.258,79,1717187,31,-1065,33,60543,0,0,0,0,0,57,7313,11851,27941,0,0,0,0,0
6,-180,8.312,80,1717243,31,-1065,33,60543,0,0,0,0,0,57,7313,11851,27941,0,0,0,0,0
6,-180,8.367,81,1717299,31,-1065,33,60543,0,0,0,0,0,57,7313,11851,27941,0,0,0,0,0
6,-180,8.43,82,1717355,31,-1065,33,60543,0,0,0,0,0,57,7313,11851,27941,0,0,0,0,0
6,-180,8.48,83,1717411,31,-1065,33,60543,0,0,0,0,0,57,7313,11851,27941,0,0,0,0,0
6,-180,8.547,84,1717467,31,-1065,33,60543,0,0,0,0,0,57,7313,11851,27941,0,0,0,0,0
6,-180,8.589,85,1717519,31,-1065,33,60543,0,0,0,0,0,57,7313,11851,27941,0,0,0,0,0
6,-180,8.644,86,1717575,31,-1065,33,60543,0,0,0,0,0,57,7313,11851,27941,0,0,0,0,0
6,-180,8.7,87,1717631,31,-1065,33,60543,0,0,0,0,0,57,7313,11851,27941,0,0,0,0,0
6,-180,8.756,88,1717687,31,-1065,33,60543,0,0,0,0,0,57,7313,11851,27941,0,0,0,0,0
7,-90,-0.03,42,1722263,31,-1065,33,60543,0,0,0,0,0,57,7313,11851,27941,0,0,0,0,0
7,-90,0.045,43,1722339,31,-1065,33,60543,0,0,0,0,0,57,7314,11851,27941,800,-800,0,0,0
7,-90,0.117,44,1722411,31,-1066,32,60449,0,0,0,46,0,59,7317,11876,27941,1100,-1200,0,0,0
7,-90,0.19,45,1722483,31,-1066,32,60167,0,0,0,46,-66,59,7320,11912,27902,1300,-1500,0,0,0
7,-90,0.261,46,1722555,31,-1065,32,59689,0,0,0,72,-82,59,7323,11967,27830,1400,-1500,0,0,0
7,-90,0.334,47,1722627,31,-1065,33,59185,0,0,0,56,-72,59,7326,12023,27752,1400,-1300,0,0,0
7,-90,0.407,48,1722699,31,-1065,34,58643,0,0,0,72,-92,59,7329,12089,27674,1400,-1300,0,0,0
7,-90,0.476,49,1722771,31,-1065,34,58161,0,0,0,66,-62,59,7332,12151,27608,1400,-1200,0,0,0
7,-90,0.55,50,1722843,31,-1065,34,57661,0,0,0,72,-72,59,7335,12217,27541,1400,-1200,0,0,0
7,-90,0.632,51,1722915,31,-1064,34,57161,0,0,0,72,-82,59,7338,12278,27469,1500,-1300,0,0,0
7,-90,0.705,52,1722988,31,-1064,34,56668,0,0,0,62,-70,59,7341,12345,27405,1400,-1200,0,0,0
7,-90,0.766,53,1723059,31,-1065,34,56197,0,0,0,66,-52,59,7344,12412,27347,1400,-1300,0,0,0
7,-90,0.837,54,1723131,31,-1065,34,55734,0,0,0,56,-56,59,7347,12473,27285,1400,-1300,0,0,0
7,-90,0.91,55,1723203,31,-1065,34,55249,0,0,0,72,-62,59,7350,12539,27222,1500,-1200,0,0,0
7,-90,0.982,56,1723275,31,-1065,34,54775,0,0,0,75,-72,59,7353,12601,27158,1500,-1300,0,0,0
7,-90,1.057,57,1723347,31,-1065,34,54297,0,0,0,62,-53,59,7356,12667,27097,1400,-1300,0,0,0
7,-90,1.125,58,1723419,31,-1065,34,53793,0,0,0,72,-72,59,7359,12734,27030,1400,-1300,0,0,0
7,-90,1.199,59,1723491,31,-1065,34,53289,0,0,0,75,-92,59,7362,12801,26963,1500,-1300,0,0,0
7,-90,1.27,60,1723563,31,-1065,34,52811,0,0,0,72,-56,59,7365,12867,26902,1400,-1200,0,0,0
7,-90,1.349,61,1723635,31,-1065,34,52307,0,0,0,72,-75,59,7368,12934,26835,1400,-1200,0,0,0
7,-90,1.412,62,1723707,31,-1065,34,52058,0,0,0,0,0,59,7371,12967,26802,0,0,0,0,0
7,-90,1.487,63,1723779,31,-1065,34,52058,0,0,0,0,0,59,7374,12967,26802,-1300,1400,0,0,0
7,-90,1.558,64,1723851,31,-1065,34,52329,0,0,0,-46,66,59,7377,12937,26844,-1600,1600,0,0,0
7,-90,1.63,65,1723923,31,-1065,34,52495,0,0,0,0,0,59,7380,12912,26863,0,0,0,0,0
7,-90,1.703,66,1723995,31,-1065,34,52495,0,0,0,0,0,59,7383,12912,26863,1000,-900,0,0,0
7,-90,1.775,67,1724067,31,-1065,34,52276,0,0,0,36,-56,59,7386,12937,26830,1300,-1200,0,0,0
7,-90,1.848,68,1724139,31,-1065,34,51900,0,0,0,72,-72,59,7389,12984,26777,1500,-1300,0,0,0
7,-90,1.929,69,1724212,31,-1065,34,51682,0,0,0,10,0,59,7392,13017,26752,0,0,0,0,0
7,-90,1.997,70,1724283,31,-1065,34,51682,0,0,0,0,0,59,7395,13017,26752,-1200,1300,0,0,0
7,-90,2.066,71,1724355,31,-1065,34,51953,0,0,0,-45,56,59,7398,12987,26794,-1500,1600,0,0,0
7,-90,2.135,72,1724427,31,-1065,34,52100,0,0,0,0,0,59,7401,12967,26813,0,0,0,0,0
7,-90,2.206,73,1724499,31,-1065,34,52100,0,0,0,0,0,59,7404,12967,26813,1100,-1000,0,0,0
7,-90,2.279,74,1724571,31,-1065,34,51851,0,0,0,46,-53,59,7407,12992,26772,1300,-1200,0,0,0
7,-90,2.407,75,1724700,31,-1065,34,51306,0,0,0,0,0,60,7414,13067,26702,0,0,0,0,0
7,-90,2.459,76,1724751,31,-1065,34,51306,0,0,0,0,0,60,7416,13067,26702,0,0,0,0,0
7,-90,2.542,77,1724824,31,-1065,34,51306,0,0,0,0,0,60,7419,13067,26702,0,0,0,0,0
7,-90,2.586,78,1724879,31,-1065,34,51306,0,0,0,0,0,60,7419,13067,26702,0,0,0,0,0
7,-90,2.643,79,1724935,31,-1065,34,51306,0,0,0,0,0,60,7419,13067,26702,0,0,0,0,0
7,-90,2.699,80,1724991,31,-1065,34,51306,0,0,0,0,0,60,7419,13067,26702,0,0,0,0,0
7,-90,2.755,81,1725047,31,-1065,34,51306,0,0,0,0,0,60,7419,13067,26702,0,0,0,0,0
7,-90,2.811,82,1725103,31,-1065,34,51306,0,0,0,0,0,60,7419,13067,26702,0,0,0,0,0
7,-90,2.866,83,1725159,31,-1065,34,51306,0,0,0,0,0,60,7419,13067,26702,0,0,0,0,0
7,-90,2.923,84,1725215,31,-1065,34,51306,0,0,0,0,0,60,7419,13067,26702,0,0,0,0,0
7,-90,2.979,85,1725271,31,-1065,34,51306,0,0,0,0,0,60,7419,13067,26702,0,0,0,0,0
7,-90,3.035,86,1725327,31,-1065,34,51306,0,0,0,0,0,60,7419,13067,26702,0,0,0,0,0
7,-90,3.091,87,1725383,31,-1065,34,51306,0,0,0,0,0,60,7419,13067,26702,0,0,0,0,0
7,-90,3.147,88,1725439,31,-1065,34,51306,0,0,0,0,0,60,7419,13067,26702,0,0,0,0,0
7,-90,3.218,89,1725495,31,-1065,34,51306,0,0,0,0,0,60,7419,13067,26702,0,0,0,0,0
7,-90,3.254,90,1725547,31,-1065,34,51306,0,0,0,0,0,60,7419,13067,26702,0,0,0,0,0
7,-90,3.311,91,1725603,31,-1065,34,51306,0,0,0,0,0,60,7419,13067,26702,0,0,0,0,0
7,-90,3.369,92,1725659,31,-1065,34,51306,0,0,0,0,0,60,7419,13067,26702,0,0,0,0,0
7,-90,3.424,93,1725715,31,-1065,34,51306,0,0,0,0,0,60,7419,13067,26702,0,0,0,0,0
7,-90,3.48,94,1725771,31,-1065,34,51306,0,0,0,0,0,60,7419,13067,26702,0,0,0,0,0
7,-90,3.535,95,1725827,31,-1065,34,51306,0,0,0,0,0,60,7419,13067,26702,0,0,0,0,0
7,-90,3.591,96,1725883,31,-1065,34,51306,0,0,0,0,0,60,7419,13067,26702,0,0,0,0,0
7,-90,3.648,97,1725939,31,-1065,34,51306,0,0,0,0,0,60,7419,13067,26702,0,0,0,0,0
7,-90,3.707,98,1725995,31,-1065,34,51306,0,0,0,0,0,60,7419,13067,26702,0,0,0,0,0
7,-90,3.76,99,1726051,31,-1065,34,51306,0,0,0,0,0,60,7419,13067,26702,0,0,0,0,0
7,-90,3.816,100,1726107,31,-1065,34,51306,0,0,0,0,0,60,7419,13067,26702,0,0,0,0,0
7,-90,3.873,101,1726163,31,-1065,34,51306,0,0,0,0,0,60,7419,13067,26702,0,0,0,0,0
7,-90,3.928,102,1726219,31,-1065,34,51306,0,0,0,0,0,60,7419,13067,26702,0,0,0,0,0
7,-90,3.986,103,1726275,31,-1065,34,51306,0,0,0,0,0,60,7419,13067,26702,0,0,0,0,0
7,-90,4.04,104,1726331,31,-1065,34,51306,0,0,0,0,0,60,7419,13067,26702,0,0,0,0,0
7,-90,4.097,105,1726387,31,-1065,34,51306,0,0,0,0,0,60,7419,13067,26702,0,0,0,0,0
7,-90,4.152,106,1726443,31,-1065,34,51306,0,0,0,0,0,60,7419,13067,26702,0,0,0,0,0
7,-90,4.209,107,1726499,31,-1065,34,51306,0,0,0,0,0,60,7419,13067,26702,0,0,0,0,0
7,-90,4.273,108,1726555,31,-1065,34,51306,0,0,0,0,0,60,7419,13067,26702,0,0,0,0,0
7,-90,4.321,109,1726607,31,-1065,34,51306,0,0,0,0,0,60,7419,13067,26702,0,0,0,0,0
7,-90,4.373,110,1726663,31,-1065,34,51306,0,0,0,0,0,60,7419,13067,26702,0,0,0,0,0
7,-90,4.427,111,1726719,31,-1065,34,51306,0,0,0,0,0,60,7419,13067,26702,0,0,0,0,0
7,-90,4.486,112,1726775,31,-1065,34,51306,0,0,0,0,0,60,7419,13067,26702,0,0,0,0,0
7,-90,4.54,113,1726831,31,-1065,34,51306,0,0,0,0,0,60,7419,13067,26702,0,0,0,0,0
7,-90,4.598,114,1726887,31,-1065,34,51306,0,0,0,0,0,60,7419,13067,26702,0,0,0,0,0
7,-90,4.652,115,1726943,31,-1065,34,51306,0,0,0,0,0,60,7419,13067,26702,0,0,0,0,0
7,-90,4.712,116,1726999,31,-1065,34,51306,0,0,0,0,0,60,7419,13067,26702,0,0,0,0,0
7,-90,4.765,117,1727055,31,-1065,34,51306,0,0,0,0,0,60,7419,13067,26702,0,0,0,0,0
7,-90,4.821,118,1727111,31,-1065,34,51306,0,0,0,0,0,60,7419,13067,26702,0,0,0,0,0
7,-90,4.878,119,1727167,31,-1065,34,51306,0,0,0,0,0,60,7419,13067,26702,0,0,0,0,0
7,-90,4.935,120,1727223,31,-1065,34,51306,0,0,0,0,0,60,7419,13067,26702,0,0,0,0,0
7,-90,4.989,121,1727279,31,-1065,34,51306,0,0,0,0,0,60,7419,13067,26702,0,0,0,0,0
7,-90,5.045,122,1727335,31,-1065,34,51306,0,0,0,0,0,60,7419,13067,26702,0,0,0,0,0
7,-90,5.101,123,1727391,31,-1065,34,51306,0,0,0,0,0,60,7419,13067,26702,0,0,0,0,0
7,-90,5.157,124,1727447,31,-1065,34,51306,0,0,0,0,0,60,7419,13067,26702,0,0,0,0,0
7,-90,5.214,125,1727503,31,-1065,34,51306,0,0,0,0,0,60,7419,13067,26702,0,0,0,0,0
7,-90,5.27,126,1727559,31,-1065,34,51306,0,0,0,0,0,60,7419,13067,26702,0,0,0,0,0
7,-90,5.333,127,1727615,31,-1065,34,51306,0,0,0,0,0,60,7419,13067,26702,0,0,0,0,0
7,-90,5.377,0,1727667,31,-1065,34,51306,0,0,0,0,0,60,7419,13067,26702,0,0,0,0,0
7,-90,5.433,1,1727723,31,-1065,34,51306,0,0,0,0,0,60,7419,13067,26702,0,0,0,0,0
7,-90,5.488,2,1727779,31,-1065,34,51306,0,0,0,0,0,60,7419,13067,26702,0,0,0,0,0
7,-90,5.549,3,1727835,31,-1065,34,51306,0,0,0,0,0,60,7419,13067,26702,0,0,0,0,0
7,-90,5.601,4,1727891,31,-1065,34,51306,0,0,0,0,0,60,7419,13067,26702,0,0,0,0,0
7,-90,5.657,5,1727947,31,-1065,34,51306,0,0,0,0,0,60,7419,13067,26702,0,0,0,0,0
7,-90,5.713,6,1728003,31,-1065,34,51306,0,0,0,0,0,60,7419,13067,26702,0,0,0,0,0
7,-90,5.769,7,1728059,31,-1065,34,51306,0,0,0,0,0,60,7419,13067,26702,0,0,0,0,0
7,-90,5.825,8,1728115,31,-1065,34,51306,0,0,0,0,0,60,7419,13067,26702,0,0,0,0,0
7,-90,5.882,9,1728171,31,-1065,34,51306,0,0,0,0,0,60,7419,13067,26702,0,0,0,0,0
7,-90,5.936,10,1728227,31,-1065,34,51306,0,0,0,0,0,60,7419,13067,26702,0,0,0,0,0
7,-90,5.994,11,1728283,31,-1065,34,51306,0,0,0,0,0,60,7419,13067,26702,0,0,0,0,0
7,-90,6.061,12,1728339,31,-1065,34,51306,0,0,0,0,0,60,7419,13067,26702,0,0,0,0,0
7,-90,6.108,13,1728395,31,-1065,34,51306,0,0,0,0,0,60,7419,13067,26702,0,0,0,0,0
7,-90,6.165,14,1728451,31,-1065,34,51306,0,0,0,0,0,60,7419,13067,26702,0,0,0,0,0
7,-90,6.218,15,1728507,31,-1065,34,51306,0,0,0,0,0,60,7419,13067,26702,0,0,0,0,0
7,-90,6.274,16,1728563,31,-1065,34,51306,0,0,0,0,0,60,7419,13067,26702,0,0,0,0,0
7,-90,6.329,17,1728619,31,-1065,34,51306,0,0,0,0,0,60,7419,13067,26702,0,0,0,0,0
7,-90,6.394,18,1728675,31,-1065,34,51306,0,0,0,0,0,60,7419,13067,26702,0,0,0,0,0
7,-90,6.442,19,1728727,31,-1065,34,51306,0,0,0,0,0,60,7419,13067,26702,0,0,0,0,0
7,-90,6.495,20,1728783,31,-1065,34,51306,0,0,0,0,0,60,7419,13067,26702,0,0,0,0,0
7,-90,6.55,21,1728839,31,-1065,34,51306,0,0,0,0,0,60,7419,13067,26702,0,0,0,0,0
7,-90,6.606,22,1728895,31,-1065,34,51306,0,0,0,0,0,60,7419,13067,26702,0,0,0,0,0
7,-90,6.662,23,1728951,31,-1065,34,51306,0,0,0,0,0,60,7419,13067,26702,0,0,0,0,0
7,-90,6.718,24,1729007,31,-1065,34,51306,0,0,0,0,0,60,7419,13067,26702,0,0,0,0,0
7,-90,6.779,25,1729063,31,-1065,34,51306,0,0,0,0,0,60,7419,13067,26702,0,0,0,0,0
7,-90,6.83,26,1729119,31,-1065,34,51306,0,0,0,0,0,60,7419,13067,26702,0,0,0,0,0
7,-90,6.885,27,1729175,31,-1065,34,51306,0,0,0,0,0,60,7419,13067,26702,0,0,0,0,0
7,-90,6.942,28,1729231,31,-1065,34,51306,0,0,0,0,0,60,7419,13067,26702,0,0,0,0,0
7,-90,6.998,29,1729287,31,-1065,34,51306,0,0,0,0,0,60,7419,13067,26702,0,0,0,0,0
7,-90,7.054,30,1729343,31,-1065,34,51306,0,0,0,0,0,60,7419,13067,26702,0,0,0,0,0
7,-90,7.11,31,1729399,31,-1065,34,51306,0,0,0,0,0,60,7419,13067,26702,0,0,0,0,0
7,-90,7.199,32,1729455,31,-1065,34,51306,0,0,0,0,0,60,7419,13067,26702,0,0,0,0,0
8,90,0.014,113,1733975,31,-1065,34,51306,0,0,0,0,0,60,7419,13067,26702,0,0,0,0,0
8,90,0.068,114,1734039,31,-1065,34,51317,0,0,0,-8,0,60,7421,13064,26702,-1000,1000,0,0,0
8,90,0.141,115,1734111,31,-1065,34,51471,0,0,0,-16,20,61,7424,13051,26730,-1300,1200,0,0,0
8,90,0.217,116,1734183,31,-1065,34,51659,0,0,0,-46,36,61,7427,13023,26752,-1500,1500,0,0,0
8,90,0.284,117,1734255,31,-1065,34,51983,0,0,0,-62,36,61,7430,12976,26791,-1500,1500,0,0,0
8,90,0.358,118,1734327,31,-1064,34,52412,0,0,0,-72,56,61,7433,12912,26841,-1500,1600,0,0,0
8,90,0.428,119,1734399,31,-1063,33,52875,0,0,0,-82,56,61,7436,12839,26891,-1500,1500,0,0,0
8,90,0.5,120,1734471,31,-1062,33,53270,0,0,0,-72,72,62,7439,12773,26930,-1500,1600,0,0,0
8,90,0.576,121,1734543,31,-1062,33,53812,0,0,0,-62,72,62,7442,12701,27002,-1500,1500,0,0,0
8,90,0.644,122,1734615,31,-1062,33,54305,0,0,0,-75,72,62,7445,12628,27060,-1500,1600,0,0,0
8,90,0.717,123,1734687,31,-1061,33,54786,0,0,0,-76,53,62,7448,12553,27113,-1400,1500,0,0,0
8,90,0.791,124,1734759,31,-1061,33,55287,0,0,0,-72,72,62,7451,12481,27174,-1400,1600,0,0,0
8,90,0.861,125,1734831,31,-1060,33,55776,0,0,0,-72,62,62,7454,12412,27235,-1300,1500,0,0,0
8,90,0.935,126,1734903,31,-1060,34,56284,0,0,0,-92,66,62,7457,12339,27297,-1300,1600,0,0,0
8,90,1.017,127,1734976,31,-1060,34,56762,0,0,0,-62,66,62,7460,12273,27358,-1300,1500,0,0,0
8,90,1.077,0,1735047,31,-1060,34,57262,0,0,0,-72,72,62,7463,12206,27424,-1300,1600,0,0,0
8,90,1.149,1,1735119,31,-1060,34,57755,0,0,0,-76,62,62,7466,12139,27488,-1300,1500,0,0,0
8,90,1.221,2,1735191,31,-1059,34,58267,0,0,0,-82,72,62,7469,12070,27555,-1300,1600,0,0,0
8,90,1.304,3,1735264,31,-1059,34,58760,0,0,0,-66,72,62,7472,12003,27619,-1300,1500,0,0,0
8,90,1.372,4,1735335,31,-1059,34,59249,0,0,0,-76,62,62,7475,11939,27685,-1200,1600,0,0,0
8,90,1.437,5,1735407,31,-1059,34,59749,0,0,0,-62,79,62,7478,11873,27752,-1200,1500,0,0,0
8,90,1.509,6,1735479,31,-1059,34,60066,0,0,0,-20,0,62,7481,11828,27791,0,0,0,0,0
8,90,1.581,7,1735551,31,-1059,34,60066,0,0,0,0,0,62,7484,11828,27791,1500,-700,0,0,0
8,90,1.653,8,1735623,31,-1059,34,59877,0,0,0,36,-36,62,7487,11856,27769,1500,-1000,0,0,0
8,90,1.726,9,1735695,31,-1060,33,59584,0,0,0,66,-26,63,7490,11912,27747,0,0,0,0,0
8,90,1.797,10,1735767,31,-1060,33,59415,0,0,0,0,0,63,7493,11934,27724,0,0,0,0,0
8,90,1.869,11,1735839,31,-1060,33,59448,0,0,0,-10,20,63,7496,11931,27730,-900,1500,0,0,0
8,90,1.941,12,1735911,31,-1061,32,59780,0,0,0,-36,62,63,7499,11901,27788,-1200,1600,0,0,0
8,90,2.013,13,1735983,31,-1061,31,60231,0,0,0,-72,72,63,7502,11845,27852,0,0,0,0,0
8,90,2.084,14,1736055,31,-1061,31,60359,0,0,0,0,0,63,7506,11828,27869,0,0,0,0,0
8,90,2.166,15,1736127,31,-1061,31,60359,0,0,0,0,0,63,7509,11828,27869,0,0,0,0,0
8,90,2.239,16,1736200,31,-1061,31,60359,0,0,0,0,0,63,7512,11828,27869,0,0,0,0,0
8,90,2.284,17,1736255,31,-1061,31,60359,0,0,0,0,0,63,7512,11828,27869,0,0,0,0,0
8,90,2.342,18,1736311,31,-1061,31,60359,0,0,0,0,0,63,7512,11828,27869,0,0,0,0,0
8,90,2.397,19,1736367,31,-1061,31,60359,0,0,0,0,0,63,7512,11828,27869,0,0,0,0,0
8,90,2.453,20,1736423,31,-1061,31,60359,0,0,0,0,0,63,7512,11828,27869,0,0,0,0,0
8,90,2.509,21,1736479,31,-1061,31,60359,0,0,0,0,0,63,7512,11828,27869,0,0,0,0,0
8,90,2.564,22,1736535,31,-1061,31,60359,0,0,0,0,0,63,7512,11828,27869,0,0,0,0,0
8,90,2.631,23,1736591,31,-1061,31,60359,0,0,0,0,0,63,7512,11828,27869,0,0,0,0,0
8,90,2.678,24,1736643,31,-1061,31,60359,0,0,0,0,0,63,7512,11828,27869,0,0,0,0,0
8,90,2.731,25,1736699,31,-1061,31,60359,0,0,0,0,0,63,7512,11828,27869,0,0,0,0,0
8,90,2.794,26,1736755,31,-1061,31,60359,0,0,0,0,0,63,7512,11828,27869,0,0,0,0,0
8,90,2.842,27,1736811,31,-1061,31,60359,0,0,0,0,0,63,7512,11828,27869,0,0,0,0,0
8,90,2.901,28,1736867,31,-1061,31,60359,0,0,0,0,0,63,7512,11828,27869,0,0,0,0,0
8,90,2.954,29,1736923,31,-1061,31,60359,0,0,0,0,0,63,7512,11828,27869,0,0,0,0,0
8,90,3.01,30,1736979,31,-1061,31,60359,0,0,0,0,0,63,7512,11828,27869,0,0,0,0,0
8,90,3.065,31,1737035,31,-1061,31,60359,0,0,0,0,0,63,7512,11828,27869,0,0,0,0,0
8,90,3.122,32,1737091,31,-1061,31,60359,0,0,0,0,0,63,7512,11828,27869,0,0,0,0,0
8,90,3.177,33,1737147,31,-1061,31,60359,0,0,0,0,0,63,7512,11828,27869,0,0,0,0,0
8,90,3.235,34,1737203,31,-1061,31,60359,0,0,0,0,0,63,7512,11828,27869,0,0,0,0,0
8,90,3.292,35,1737259,31,-1061,31,60359,0,0,0,0,0,63,7512,11828,27869,0,0,0,0,0
8,90,3.345,36,1737315,31,-1061,31,60359,0,0,0,0,0,63,7512,11828,27869,0,0,0,0,0
8,90,3.401,37,1737371,31,-1061,31,60359,0,0,0,0,0,63,7512,11828,27869,0,0,0,0,0
8,90,3.457,38,1737427,31,-1061,31,60359,0,0,0,0,0,63,7512,11828,27869,0,0,0,0,0
8,90,3.514,39,1737483,31,-1061,31,60359,0,0,0,0,0,63,7512,11828,27869,0,0,0,0,0
8,90,3.572,40,1737539,31,-1061,31,60359,0,0,0,0,0,63,7512,11828,27869,0,0,0,0,0
8,90,3.628,41,1737595,31,-1061,31,60359,0,0,0,0,0,63,7512,11828,27869,0,0,0,0,0
8,90,3.689,42,1737651,31,-1061,31,60359,0,0,0,0,0,63,7512,11828,27869,0,0,0,0,0
8,90,3.734,43,1737703,31,-1061,31,60359,0,0,0,0,0,63,7512,11828,27869,0,0,0,0,0
8,90,3.791,44,1737759,31,-1061,31,60359,0,0,0,0,0,63,7512,11828,27869,0,0,0,0,0
8,90,3.847,45,1737815,31,-1061,31,60359,0,0,0,0,0,63,7512,11828,27869,0,0,0,0,0
8,90,3.909,46,1737871,31,-1061,31,60359,0,0,0,0,0,63,7512,11828,27869,0,0,0,0,0
8,90,3.958,47,1737927,31,-1061,31,60359,0,0,0,0,0,63,7512,11828,27869,0,0,0,0,0
8,90,4.013,48,1737983,31,-1061,31,60359,0,0,0,0,0,63,7512,11828,27869,0,0,0,0,0
8,90,4.07,49,1738039,31,-1061,31,60359,0,0,0,0,0,63,7512,11828,27869,0,0,0,0,0
8,90,4.128,50,1738095,31,-1061,31,60359,0,0,0,0,0,63,7512,11828,27869,0,0,0,0,0
8,90,4.184,51,1738151,31,-1061,31,60359,0,0,0,0,0,63,7512,11828,27869,0,0,0,0,0
8,90,4.237,52,1738207,31,-1061,31,60359,0,0,0,0,0,63,7512,11828,27869,0,0,0,0,0
8,90,4.294,53,1738263,31,-1061,31,60359,0,0,0,0,0,63,7512,11828,27869,0,0,0,0,0
8,90,4.35,54,1738319,31,-1061,31,60359,0,0,0,0,0,63,7512,11828,27869,0,0,0,0,0
8,90,4.407,55,1738375,31,-1061,31,60359,0,0,0,0,0,63,7512,11828,27869,0,0,0,0,0
8,90,4.461,56,1738431,31,-1061,31,60359,0,0,0,0,0,63,7512,11828,27869,0,0,0,0,0
8,90,4.522,57,1738487,31,-1061,31,60359,0,0,0,0,0,63,7512,11828,27869,0,0,0,0,0
8,90,4.575,58,1738543,31,-1061,31,60359,0,0,0,0,0,63,7512,11828,27869,0,0,0,0,0
8,90,4.629,59,1738599,31,-1061,31,60359,0,0,0,0,0,63,7512,11828,27869,0,0,0,0,0
8,90,4.687,60,1738655,31,-1061,31,60359,0,0,0,0,0,63,7512,11828,27869,0,0,0,0,0
8,90,4.75,61,1738711,31,-1061,31,60359,0,0,0,0,0,63,7512,11828,27869,0,0,0,0,0
8,90,4.793,62,1738763,31,-1061,31,60359,0,0,0,0,0,63,7512,11828,27869,0,0,0,0,0
8,90,4.85,63,1738819,31,-1061,31,60359,0,0,0,0,0,63,7512,11828,27869,0,0,0,0,0
8,90,4.906,64,1738875,31,-1061,31,60359,0,0,0,0,0,63,7512,11828,27869,0,0,0,0,0
8,90,4.961,65,1738931,31,-1061,31,60359,0,0,0,0,0,63,7512,11828,27869,0,0,0,0,0
8,90,5.019,66,1738987,31,-1061,31,60359,0,0,0,0,0,63,7512,11828,27869,0,0,0,0,0
8,90,5.076,67,1739043,31,-1061,31,60359,0,0,0,0,0,63,7512,11828,27869,0,0,0,0,0
8,90,5.135,68,1739099,31,-1061,31,60359,0,0,0,0,0,63,7512,11828,27869,0,0,0,0,0
8,90,5.187,69,1739155,31,-1061,31,60359,0,0,0,0,0,63,7512,11828,27869,0,0,0,0,0
8,90,5.243,70,1739211,31,-1061,31,60359,0,0,0,0,0,63,7512,11828,27869,0,0,0,0,0
8,90,5.298,71,1739267,31,-1061,31,60359,0,0,0,0,0,63,7512,11828,27869,0,0,0,0,0
8,90,5.354,72,1739323,31,-1061,31,60359,0,0,0,0,0,63,7512,11828,27869,0,0,0,0,0
8,90,5.412,73,1739379,31,-1061,31,60359,0,0,0,0,0,63,7512,11828,27869,0,0,0,0,0
8,90,5.465,74,1739435,31,-1061,31,60359,0,0,0,0,0,63,7512,11828,27869,0,0,0,0,0
8,90,5.523,75,1739491,31,-1061,31,60359,0,0,0,0,0,63,7512,11828,27869,0,0,0,0,0
8,90,5.579,76,1739547,31,-1061,31,60359,0,0,0,0,0,63,7512,11828,27869,0,0,0,0,0
8,90,5.633,77,1739603,31,-1061,31,60359,0,0,0,0,0,63,7512,11828,27869,0,0,0,0,0
8,90,5.69,78,1739659,31,-1061,31,60359,0,0,0,0,0,63,7512,11828,27869,0,0,0,0,0
8,90,5.752,79,1739715,31,-1061,31,60359,0,0,0,0,0,63,7512,11828,27869,0,0,0,0,0
8,90,5.81,80,1739771,31,-1061,31,60359,0,0,0,0,0,63,7512,11828,27869,0,0,0,0,0
8,90,5.855,81,1739823,31,-1061,31,60359,0,0,0,0,0,63,7512,11828,27869,0,0,0,0,0
8,90,5.91,82,1739879,31,-1061,31,60359,0,0,0,0,0,63,7512,11828,27869,0,0,0,0,0
8,90,5.967,83,1739935,31,-1061,31,60359,0,0,0,0,0,63,7512,11828,27869,0,0,0,0,0
8,90,6.023,84,1739991,31,-1061,31,60359,0,0,0,0,0,63,7512,11828,27869,0,0,0,0,0
8,90,6.08,85,1740047,31,-1061,31,60359,0,0,0,0,0,63,7512,11828,27869,0,0,0,0,0
8,90,6.137,86,1740103,31,-1061,31,60359,0,0,0,0,0,63,7512,11828,27869,0,0,0,0,0
8,90,6.191,87,1740159,31,-1061,31,60359,0,0,0,0,0,63,7512,11828,27869,0,0,0,0,0
8,90,6.246,88,1740215,31,-1061,31,60359,0,0,0,0,0,63,7512,11828,27869,0,0,0,0,0
8,90,6.304,89,1740271,31,-1061,31,60359,0,0,0,0,0,63,7512,11828,27869,0,0,0,0,0
8,90,6.365,90,1740327,31,-1061,31,60359,0,0,0,0,0,63,7512,11828,27869,0,0,0,0,0
8,90,6.417,91,1740383,31,-1061,31,60359,0,0,0,0,0,63,7512,11828,27869,0,0,0,0,0
8,90,6.47,92,1740439,31,-1061,31,60359,0,0,0,0,0,63,7512,11828,27869,0,0,0,0,0
8,90,6.527,93,1740495,31,-1061,31,60359,0,0,0,0,0,63,7512,11828,27869,0,0,0,0,0
9,-107,-0.022,38,1744567,31,-1061,31,60359,0,0,0,0,0,63,7512,11828,27869,0,0,0,0,0
9,-107,0.045,39,1744635,31,-1061,31,60359,0,0,0,0,0,63,7513,11828,27869,800,-800,0,0,0
9,-107,0.116,40,1744707,31,-1061,32,60201,0,0,0,26,-46,63,7516,11839,27838,1200,-1100,0,0,0
9,-107,0.188,41,1744779,31,-1060,32,59960,0,0,0,36,-56,63,7519,11867,27802,1400,-1300,0,0,0
9,-107,0.261,42,1744851,31,-1060,32,59554,0,0,0,62,-72,63,7522,11920,27747,1600,-1400,0,0,0
9,-107,0.333,43,1744923,31,-1060,32,59080,0,0,0,66,-76,63,7525,11984,27685,1500,-1400,0,0,0
9,-107,0.404,44,1744995,31,-1061,32,58579,0,0,0,92,-72,63,7528,12051,27619,1600,-1400,0,0,0
9,-107,0.477,45,1745067,31,-1060,32,58079,0,0,0,62,-66,63,7531,12117,27552,1500,-1300,0,0,0
9,-107,0.555,46,1745139,31,-1060,32,57544,0,0,0,82,-72,63,7534,12187,27480,1500,-1400,0,0,0
9,-107,0.631,47,1745211,31,-1060,32,57044,0,0,0,72,-72,63,7537,12253,27413,1500,-1300,0,0,0
9,-107,0.703,48,1745284,31,-1060,32,56551,0,0,0,70,-70,63,7540,12320,27349,1400,-1300,0,0,0
9,-107,0.767,49,1745355,31,-1060,32,56069,0,0,0,72,-66,63,7543,12384,27285,1500,-1300,0,0,0
9,-107,0.838,50,1745427,31,-1061,32,55580,0,0,0,82,-56,63,7546,12453,27224,1400,-1300,0,0,0
9,-107,0.91,51,1745499,31,-1061,32,55091,0,0,0,72,-72,63,7549,12517,27158,1400,-1300,0,0,0
9,-107,0.981,52,1745571,31,-1061,32,54632,0,0,0,72,-53,63,7552,12578,27097,1500,-1300,0,0,0
9,-107,1.054,53,1745643,31,-1061,32,54139,0,0,0,72,-72,63,7555,12645,27033,1500,-1300,0,0,0
9,-107,1.126,54,1745715,31,-1061,32,53669,0,0,0,62,-72,63,7558,12706,26969,1500,-1400,0,0,0
9,-107,1.197,55,1745787,31,-1061,32,53165,0,0,0,82,-62,63,7561,12776,26905,1400,-1300,0,0,0
9,-107,1.272,56,1745859,31,-1061,32,52675,0,0,0,72,-62,63,7564,12842,26841,1500,-1300,0,0,0
9,-107,1.342,57,1745931,31,-1061,32,52182,0,0,0,72,-75,63,7567,12906,26774,1400,-1300,0,0,0
9,-107,1.413,58,1746003,31,-1061,32,51712,0,0,0,62,-72,63,7570,12970,26713,1400,-1400,0,0,0
9,-107,1.485,59,1746075,31,-1061,32,51223,0,0,0,72,-62,63,7573,13034,26647,1400,-1400,0,0,0
9,-107,1.561,60,1746147,31,-1061,32,50760,0,0,0,62,-75,63,7576,13095,26585,1400,-1300,0,0,0
9,-107,1.629,61,1746219,31,-1061,32,50282,0,0,0,56,-62,63,7579,13159,26522,0,0,0,0,0
9,-107,1.701,62,1746291,31,-1061,32,50271,0,0,0,0,0,63,7582,13162,26522,0,0,0,0,0
9,-107,1.773,63,1746363,31,-1061,33,50395,0,0,0,-46,46,63,7585,13148,26541,-1600,1500,0,0,0
9,-107,1.845,64,1746435,31,-1061,33,50711,0,0,0,-36,30,63,7588,13106,26583,0,0,0,0,0
9,-107,1.932,65,1746508,31,-1061,33,50711,0,0,0,0,0,63,7591,13106,26583,0,0,0,0,0
9,-107,1.997,66,1746579,31,-1061,32,50595,0,0,0,26,-46,63,7594,13120,26566,1200,-1200,0,0,0
9,-107,2.063,67,1746651,31,-1061,32,50260,0,0,0,65,-62,63,7597,13162,26519,1400,-1300,0,0,0
9,-107,2.134,68,1746723,31,-1061,32,49842,0,0,0,62,-62,63,7600,13220,26466,0,0,0,0,0
9,-107,2.205,69,1746795,31,-1061,32,49737,0,0,0,0,0,63,7603,13234,26452,0,0,0,0,0
9,-107,2.278,70,1746867,31,-1061,32,49782,0,0,0,-20,20,63,7606,13228,26458,-1400,1400,0,0,0
9,-107,2.349,71,1746939,31,-1061,32,50113,0,0,0,-46,56,63,7609,13184,26502,0,0,0,0,0
9,-107,2.422,72,1747011,31,-1061,32,50196,0,0,0,0,0,64,7612,13173,26513,0,0,0,0,0
9,-107,2.5,73,1747083,31,-1061,32,50158,0,0,0,16,-16,64,7615,13178,26508,1300,-1100,0,0,0
9,-107,2.565,74,1747155,31,-1061,32,49853,0,0,0,43,-30,64,7618,13214,26463,1400,-1300,0,0,0
9,-107,2.654,75,1747244,31,-1061,32,49466,0,0,0,0,0,64,7623,13267,26413,0,0,0,0,0
9,-107,2.706,76,1747295,31,-1061,32,49466,0,0,0,0,0,64,7625,13267,26413,0,0,0,0,0
9,-107,2.779,77,1747367,31,-1061,32,49466,0,0,0,0,0,64,7628,13267,26413,0,0,0,0,0
9,-107,2.86,78,1747440,31,-1061,32,49466,0,0,0,0,0,64,7631,13267,26413,0,0,0,0,0
9,-107,2.91,79,1747495,31,-1061,32,49466,0,0,0,0,0,64,7631,13267,26413,0,0,0,0,0
9,-107,2.96,80,1747551,31,-1061,32,49466,0,0,0,0,0,64,7631,13267,26413,0,0,0,0,0
9,-107,3.016,81,1747607,31,-1061,32,49466,0,0,0,0,0,64,7631,13267,26413,0,0,0,0,0
9,-107,3.072,82,1747663,31,-1061,32,49466,0,0,0,0,0,64,7631,13267,26413,0,0,0,0,0
9,-107,3.13,83,1747719,31,-1061,32,49466,0,0,0,0,0,64,7631,13267,26413,0,0,0,0,0
9,-107,3.185,84,1747775,31,-1061,32,49466,0,0,0,0,0,64,7631,13267,26413,0,0,0,0,0
9,-107,3.25,85,1747831,31,-1061,32,49466,0,0,0,0,0,64,7631,13267,26413,0,0,0,0,0
9,-107,3.292,86,1747883,31,-1061,32,49466,0,0,0,0,0,64,7631,13267,26413,0,0,0,0,0
9,-107,3.348,87,1747939,31,-1061,32,49466,0,0,0,0,0,64,7631,13267,26413,0,0,0,0,0
9,-107,3.404,88,1747995,31,-1061,32,49466,0,0,0,0,0,64,7631,13267,26413,0,0,0,0,0
9,-107,3.461,89,1748051,31,-1061,32,49466,0,0,0,0,0,64,7631,13267,26413,0,0,0,0,0
9,-107,3.516,90,1748107,31,-1061,32,49466,0,0,0,0,0,64,7631,13267,26413,0,0,0,0,0
9,-107,3.573,91,1748163,31,-1061,32,49466,0,0,0,0,0,64,7631,13267,26413,0,0,0,0,0
9,-107,3.628,92,1748219,31,-1061,32,49466,0,0,0,0,0,64,7631,13267,26413,0,0,0,0,0
9,-107,3.685,93,1748275,31,-1061,32,49466,0,0,0,0,0,64,7631,13267,26413,0,0,0,0,0
9,-107,3.743,94,1748331,31,-1061,32,49466,0,0,0,0,0,64,7631,13267,26413,0,0,0,0,0
9,-107,3.798,95,1748387,31,-1061,32,49466,0,0,0,0,0,64,7631,13267,26413,0,0,0,0,0
9,-107,3.853,96,1748443,31,-1061,32,49466,0,0,0,0,0,64,7631,13267,26413,0,0,0,0,0
9,-107,3.909,97,1748499,31,-1061,32,49466,0,0,0,0,0,64,7631,13267,26413,0,0,0,0,0
9,-107,3.966,98,1748555,31,-1061,32,49466,0,0,0,0,0,64,7631,13267,26413,0,0,0,0,0
9,-107,4.021,99,1748611,31,-1061,32,49466,0,0,0,0,0,64,7631,13267,26413,0,0,0,0,0
9,-107,4.076,100,1748667,31,-1061,32,49466,0,0,0,0,0,64,7631,13267,26413,0,0,0,0,0
9,-107,4.139,101,1748723,31,-1061,32,49466,0,0,0,0,0,64,7631,13267,26413,0,0,0,0,0
9,-107,4.19,102,1748779,31,-1061,32,49466,0,0,0,0,0,64,7631,13267,26413,0,0,0,0,0
9,-107,4.246,103,1748835,31,-1061,32,49466,0,0,0,0,0,64,7631,13267,26413,0,0,0,0,0
9,-107,4.31,104,1748891,31,-1061,32,49466,0,0,0,0,0,64,7631,13267,26413,0,0,0,0,0
9,-107,4.354,105,1748943,31,-1061,32,49466,0,0,0,0,0,64,7631,13267,26413,0,0,0,0,0
9,-107,4.412,106,1748999,31,-1061,32,49466,0,0,0,0,0,64,7631,13267,26413,0,0,0,0,0
9,-107,4.467,107,1749055,31,-1061,32,49466,0,0,0,0,0,64,7631,13267,26413,0,0,0,0,0
9,-107,4.521,108,1749111,31,-1061,32,49466,0,0,0,0,0,64,7631,13267,26413,0,0,0,0,0
9,-107,4.578,109,1749167,31,-1061,32,49466,0,0,0,0,0,64,7631,13267,26413,0,0,0,0,0
9,-107,4.633,110,1749223,31,-1061,32,49466,0,0,0,0,0,64,7631,13267,26413,0,0,0,0,0
9,-107,4.69,111,1749279,31,-1061,32,49466,0,0,0,0,0,64,7631,13267,26413,0,0,0,0,0
9,-107,4.753,112,1749335,31,-1061,32,49466,0,0,0,0,0,64,7631,13267,26413,0,0,0,0,0
9,-107,4.818,113,1749391,31,-1061,32,49466,0,0,0,0,0,64,7631,13267,26413,0,0,0,0,0
9,-107,4.86,114,1749447,31,-1061,32,49466,0,0,0,0,0,64,7631,13267,26413,0,0,0,0,0
9,-107,4.914,115,1749503,31,-1061,32,49466,0,0,0,0,0,64,7631,13267,26413,0,0,0,0,0
9,-107,4.97,116,1749559,31,-1061,32,49466,0,0,0,0,0,64,7631,13267,26413,0,0,0,0,0
9,-107,5.026,117,1749615,31,-1061,32,49466,0,0,0,0,0,64,7631,13267,26413,0,0,0,0,0
9,-107,5.082,118,1749671,31,-1061,32,49466,0,0,0,0,0,64,7631,13267,26413,0,0,0,0,0
9,-107,5.139,119,1749727,31,-1061,32,49466,0,0,0,0,0,64,7631,13267,26413,0,0,0,0,0
9,-107,5.194,120,1749783,31,-1061,32,49466,0,0,0,0,0,64,7631,13267,26413,0,0,0,0,0
9,-107,5.25,121,1749839,31,-1061,32,49466,0,0,0,0,0,64,7631,13267,26413,0,0,0,0,0
9,-107,5.311,122,1749895,31,-1061,32,49466,0,0,0,0,0,64,7631,13267,26413,0,0,0,0,0
9,-107,5.369,123,1749951,31,-1061,32,49466,0,0,0,0,0,64,7631,13267,26413,0,0,0,0,0
9,-107,5.414,124,1750003,31,-1061,32,49466,0,0,0,0,0,64,7631,13267,26413,0,0,0,0,0
9,-107,5.473,125,1750059,31,-1061,32,49466,0,0,0,0,0,64,7631,13267,26413,0,0,0,0,0
9,-107,5.528,126,1750115,31,-1061,32,49466,0,0,0,0,0,64,7631,13267,26413,0,0,0,0,0
9,-107,5.582,127,1750171,31,-1061,32,49466,0,0,0,0,0,64,7631,13267,26413,0,0,0,0,0
9,-107,5.638,0,1750227,31,-1061,32,49466,0,0,0,0,0,64,7631,13267,26413,0,0,0,0,0
9,-107,5.694,1,1750283,31,-1061,32,49466,0,0,0,0,0,64,7631,13267,26413,0,0,0,0,0
9,-107,5.749,2,1750339,31,-1061,32,49466,0,0,0,0,0,64,7631,13267,26413,0,0,0,0,0
9,-107,5.806,3,1750395,31,-1061,32,49466,0,0,0,0,0,64,7631,13267,26413,0,0,0,0,0
9,-107,5.891,4,1750451,31,-1061,32,49466,0,0,0,0,0,64,7631,13267,26413,0,0,0,0,0
9,-107,5.918,5,1750507,31,-1061,32,49466,0,0,0,0,0,64,7631,13267,26413,0,0,0,0,0
9,-107,5.974,6,1750563,31,-1061,32,49466,0,0,0,0,0,64,7631,13267,26413,0,0,0,0,0
9,-107,6.03,7,1750619,31,-1061,32,49466,0,0,0,0,0,64,7631,13267,26413,0,0,0,0,0
9,-107,6.088,8,1750675,31,-1061,32,49466,0,0,0,0,0,64,7631,13267,26413,0,0,0,0,0
9,-107,6.141,9,1750731,31,-1061,32,49466,0,0,0,0,0,64,7631,13267,26413,0,0,0,0,0
9,-107,6.198,10,1750787,31,-1061,32,49466,0,0,0,0,0,64,7631,13267,26413,0,0,0,0,0
9,-107,6.254,11,1750843,31,-1061,32,49466,0,0,0,0,0,64,7631,13267,26413,0,0,0,0,0
9,-107,6.31,12,1750899,31,-1061,32,49466,0,0,0,0,0,64,7631,13267,26413,0,0,0,0,0
9,-107,6.365,13,1750955,31,-1061,32,49466,0,0,0,0,0,64,7631,13267,26413,0,0,0,0,0
9,-107,6.432,14,1751011,31,-1061,32,49466,0,0,0,0,0,64,7631,13267,26413,0,0,0,0,0
9,-107,6.473,15,1751063,31,-1061,32,49466,0,0,0,0,0,64,7631,13267,26413,0,0,0,0,0
9,-107,6.529,16,1751119,31,-1061,32,49466,0,0,0,0,0,64,7631,13267,26413,0,0,0,0,0
9,-107,6.587,17,1751175,31,-1061,32,49466,0,0,0,0,0,64,7631,13267,26413,0,0,0,0,0
9,-107,6.642,18,1751231,31,-1061,32,49466,0,0,0,0,0,64,7631,13267,26413,0,0,0,0,0
9,-107,6.699,19,1751287,31,-1061,32,49466,0,0,0,0,0,64,7631,13267,26413,0,0,0,0,0
9,-107,6.754,20,1751343,31,-1061,32,49466,0,0,0,0,0,64,7631,13267,26413,0,0,0,0,0
9,-107,6.811,21,1751399,31,-1061,32,49466,0,0,0,0,0,64,7631,13267,26413,0,0,0,0,0
9,-107,6.867,22,1751455,31,-1061,32,49466,0,0,0,0,0,64,7631,13267,26413,0,0,0,0,0
9,-107,6.922,23,1751511,31,-1061,32,49466,0,0,0,0,0,64,7631,13267,26413,0,0,0,0,0
9,-107,6.978,24,1751567,31,-1061,32,49466,0,0,0,0,0,64,7631,13267,26413,0,0,0,0,0
9,-107,7.036,25,1751623,31,-1061,32,49466,0,0,0,0,0,64,7631,13267,26413,0,0,0,0,0
9,-107,7.09,26,1751679,31,-1061,32,49466,0,0,0,0,0,64,7631,13267,26413,0,0,0,0,0
9,-107,7.146,27,1751735,31,-1061,32,49466,0,0,0,0,0,64,7631,13267,26413,0,0,0,0,0
9,-107,7.202,28,1751791,31,-1061,32,49466,0,0,0,0,0,64,7631,13267,26413,0,0,0,0,0
9,-107,7.259,29,1751847,31,-1061,32,49466,0,0,0,0,0,64,7631,13267,26413,0,0,0,0,0
9,-107,7.314,30,1751903,31,-1061,32,49466,0,0,0,0,0,64,7631,13267,26413,0,0,0,0,0
9,-107,7.371,31,1751959,31,-1061,32,49466,0,0,0,0,0,64,7631,13267,26413,0,0,0,0,0
9,-107,7.426,32,1752015,31,-1061,32,49466,0,0,0,0,0,64,7631,13267,26413,0,0,0,0,0
9,-107,7.49,33,1752071,31,-1061,32,49466,0,0,0,0,0,64,7631,13267,26413,0,0,0,0,0
10,107,-0.014,112,1756475,31,-1061,32,49466,0,0,0,0,0,64,7631,13267,26413,0,0,0,0,0
10,107,0.043,113,1756535,31,-1061,32,49466,0,0,0,0,0,64,7632,13267,26413,-800,800,0,0,0
10,107,0.122,114,1756607,31,-1061,33,49590,0,0,0,-20,36,64,7635,13256,26435,-1200,1200,0,0,0
10,107,0.188,115,1756679,31,-1061,32,49801,0,0,0,-26,20,64,7638,13223,26458,-1300,1400,0,0,0
10,107,0.265,116,1756751,31,-1061,32,50135,0,0,0,-53,46,64,7641,13173,26497,-1500,1500,0,0,0
10,107,0.333,117,1756823,31,-1060,32,50576,0,0,0,-72,56,64,7644,13106,26547,-1500,1600,0,0,0
10,107,0.404,118,1756895,31,-1060,31,51023,0,0,0,-75,62,64,7647,13039,26599,-1500,1500,0,0,0
10,107,0.476,119,1756967,31,-1059,31,51494,0,0,0,-72,56,64,7650,12967,26652,-1500,1600,0,0,0
10,107,0.548,120,1757039,31,-1058,31,51987,0,0,0,-82,56,64,7653,12892,26708,-1400,1600,0,0,0
10,107,0.621,121,1757111,31,-1058,31,52498,0,0,0,-82,75,64,7656,12820,26772,-1400,1500,0,0,0
10,107,0.704,122,1757184,31,-1057,31,52935,0,0,0,-72,53,64,7659,12756,26824,-1400,1600,0,0,0
10,107,0.764,123,1757255,31,-1057,30,53398,0,0,0,-76,56,64,7662,12689,26880,-1400,1500,0,0,0
10,107,0.841,124,1757327,31,-1057,30,53876,0,0,0,-72,62,64,7665,12623,26941,-1400,1600,0,0,0
10,107,0.909,125,1757399,31,-1057,30,54327,0,0,0,-62,56,64,7668,12559,26997,-1300,1500,0,0,0
10,107,0.984,126,1757471,31,-1056,31,54820,0,0,0,-76,66,64,7671,12489,27058,-1200,1600,0,0,0
10,107,1.052,127,1757543,31,-1056,31,55279,0,0,0,-75,66,64,7674,12428,27119,-1400,1500,0,0,0
10,107,1.131,0,1757615,31,-1055,31,55693,0,0,0,-62,62,65,7677,12362,27163,-1200,1500,0,0,0
10,107,1.197,1,1757687,31,-1056,31,56284,0,0,0,-70,65,65,7680,12289,27247,-1300,1600,0,0,0
10,107,1.268,2,1757759,31,-1056,31,56781,0,0,0,-72,72,65,7683,12223,27313,-1200,1500,0,0,0
10,107,1.34,3,1757831,31,-1056,31,57285,0,0,0,-66,66,65,7686,12156,27380,-1200,1600,0,0,0
10,107,1.412,4,1757903,31,-1056,31,57789,0,0,0,-76,76,65,7689,12089,27447,-1200,1500,0,0,0
10,107,1.484,5,1757975,31,-1056,31,58286,0,0,0,-62,72,65,7692,12023,27513,-1200,1600,0,0,0
10,107,1.558,6,1758047,31,-1056,31,58756,0,0,0,-62,62,65,7695,11962,27577,-1200,1600,0,0,0
10,107,1.641,7,1758120,31,-1056,30,59249,0,0,0,-62,72,65,7698,11898,27644,-1200,1500,0,0,0
10,107,1.702,8,1758191,31,-1056,30,59712,0,0,0,-56,56,65,7701,11839,27708,0,0,0,0,0
10,107,1.78,9,1758263,31,-1056,30,59731,0,0,0,0,0,65,7704,11834,27708,0,0,0,0,0
10,107,1.844,10,1758335,31,-1056,30,59625,0,0,0,53,-30,65,7707,11853,27699,1600,-1000,0,0,0
10,107,1.916,11,1758407,31,-1056,30,59354,0,0,0,56,-36,65,7710,11895,27669,0,0,0,0,0
10,107,1.988,12,1758479,31,-1057,29,59268,0,0,0,0,0,65,7713,11912,27663,0,0,0,0,0
10,107,2.06,13,1758551,31,-1057,29,59290,0,0,0,0,20,65,7716,11912,27669,-1000,1600,0,0,0
10,107,2.132,14,1758623,31,-1057,29,59655,0,0,0,-36,62,65,7719,11873,27727,-1200,1600,0,0,0
10,107,2.204,15,1758695,31,-1057,29,60084,0,0,0,-72,62,65,7722,11817,27785,0,0,0,0,0
10,107,2.263,16,1758751,31,-1057,28,60208,0,0,0,0,0,65,7725,11801,27802,0,0,0,0,0
10,107,2.317,17,1758807,31,-1057,28,60208,0,0,0,0,0,65,7725,11801,27802,0,0,0,0,0
10,107,2.378,18,1758863,31,-1057,28,60208,0,0,0,0,0,65,7725,11801,27802,0,0,0,0,0
10,107,2.434,19,1758919,31,-1057,28,60208,0,0,0,0,0,65,7725,11801,27802,0,0,0,0,0
10,107,2.479,20,1758971,31,-1057,28,60208,0,0,0,0,0,65,7725,11801,27802,0,0,0,0,0
10,107,2.54,21,1759027,31,-1057,28,60208,0,0,0,0,0,65,7725,11801,27802,0,0,0,0,0
10,107,2.592,22,1759083,31,-1057,28,60208,0,0,0,0,0,65,7725,11801,27802,0,0,0,0,0
10,107,2.647,23,1759139,31,-1057,28,60208,0,0,0,0,0,65,7725,11801,27802,0,0,0,0,0
10,107,2.705,24,1759195,31,-1057,28,60208,0,0,0,0,0,65,7725,11801,27802,0,0,0,0,0
10,107,2.76,25,1759251,31,-1057,28,60208,0,0,0,0,0,65,7725,11801,27802,0,0,0,0,0
10,107,2.815,26,1759307,31,-1057,28,60208,0,0,0,0,0,65,7725,11801,27802,0,0,0,0,0
10,107,2.872,27,1759363,31,-1057,28,60208,0,0,0,0,0,65,7725,11801,27802,0,0,0,0,0
10,107,2.93,28,1759419,31,-1057,28,60208,0,0,0,0,0,65,7725,11801,27802,0,0,0,0,0
10,107,2.991,29,1759475,31,-1057,28,60208,0,0,0,0,0,65,7725,11801,27802,0,0,0,0,0
10,107,3.039,30,1759531,31,-1057,28,60208,0,0,0,0,0,65,7725,11801,27802,0,0,0,0,0
10,107,3.095,31,1759587,31,-1057,28,60208,0,0,0,0,0,65,7725,11801,27802,0,0,0,0,0
10,107,3.152,32,1759643,31,-1057,28,60208,0,0,0,0,0,65,7725,11801,27802,0,0,0,0,0
10,107,3.208,33,1759699,31,-1057,28,60208,0,0,0,0,0,65,7725,11801,27802,0,0,0,0,0
10,107,3.264,34,1759755,31,-1057,28,60208,0,0,0,0,0,65,7725,11801,27802,0,0,0,0,0
10,107,3.32,35,1759811,31,-1057,28,60208,0,0,0,0,0,65,7725,11801,27802,0,0,0,0,0
10,107,3.376,36,1759867,31,-1057,28,60208,0,0,0,0,0,65,7725,11801,27802,0,0,0,0,0
10,107,3.431,37,1759923,31,-1057,28,60208,0,0,0,0,0,65,7725,11801,27802,0,0,0,0,0
10,107,3.494,38,1759979,31,-1057,28,60208,0,0,0,0,0,65,7725,11801,27802,0,0,0,0,0
10,107,3.54,39,1760031,31,-1057,28,60208,0,0,0,0,0,65,7725,11801,27802,0,0,0,0,0
10,107,3.596,40,1760087,31,-1057,28,60208,0,0,0,0,0,65,7725,11801,27802,0,0,0,0,0
10,107,3.651,41,1760143,31,-1057,28,60208,0,0,0,0,0,65,7725,11801,27802,0,0,0,0,0
10,107,3.708,42,1760199,31,-1057,28,60208,0,0,0,0,0,65,7725,11801,27802,0,0,0,0,0
10,107,3.765,43,1760255,31,-1057,28,60208,0,0,0,0,0,65,7725,11801,27802,0,0,0,0,0
10,107,3.82,44,1760311,31,-1057,28,60208,0,0,0,0,0,65,7725,11801,27802,0,0,0,0,0
10,107,3.876,45,1760367,31,-1057,28,60208,0,0,0,0,0,65,7725,11801,27802,0,0,0,0,0
10,107,3.938,46,1760423,31,-1057,28,60208,0,0,0,0,0,65,7725,11801,27802,0,0,0,0,0
10,107,3.988,47,1760479,31,-1057,28,60208,0,0,0,0,0,65,7725,11801,27802,0,0,0,0,0
10,107,4.044,48,1760535,31,-1057,28,60208,0,0,0,0,0,65,7725,11801,27802,0,0,0,0,0
10,107,4.1,49,1760591,31,-1057,28,60208,0,0,0,0,0,65,7725,11801,27802,0,0,0,0,0
10,107,4.156,50,1760647,31,-1057,28,60208,0,0,0,0,0,65,7725,11801,27802,0,0,0,0,0
10,107,4.22,51,1760703,31,-1057,28,60208,0,0,0,0,0,65,7725,11801,27802,0,0,0,0,0
10,107,4.268,52,1760759,31,-1057,28,60208,0,0,0,0,0,65,7725,11801,27802,0,0,0,0,0
10,107,4.324,53,1760815,31,-1057,28,60208,0,0,0,0,0,65,7725,11801,27802,0,0,0,0,0
10,107,4.38,54,1760871,31,-1057,28,60208,0,0,0,0,0,65,7725,11801,27802,0,0,0,0,0
10,107,4.437,55,1760927,31,-1057,28,60208,0,0,0,0,0,65,7725,11801,27802,0,0,0,0,0
10,107,4.492,56,1760983,31,-1057,28,60208,0,0,0,0,0,65,7725,11801,27802,0,0,0,0,0
10,107,4.555,57,1761039,31,-1057,28,60208,0,0,0,0,0,65,7725,11801,27802,0,0,0,0,0
10,107,4.6,58,1761091,31,-1057,28,60208,0,0,0,0,0,65,7725,11801,27802,0,0,0,0,0
10,107,4.656,59,1761147,31,-1057,28,60208,0,0,0,0,0,65,7725,11801,27802,0,0,0,0,0
10,107,4.712,60,1761203,31,-1057,28,60208,0,0,0,0,0,65,7725,11801,27802,0,0,0,0,0
10,107,4.769,61,1761259,31,-1057,28,60208,0,0,0,0,0,65,7725,11801,27802,0,0,0,0,0
10,107,4.825,62,1761315,31,-1057,28,60208,0,0,0,0,0,65,7725,11801,27802,0,0,0,0,0
10,107,4.881,63,1761371,31,-1057,28,60208,0,0,0,0,0,65,7725,11801,27802,0,0,0,0,0
10,107,4.938,64,1761427,31,-1057,28,60208,0,0,0,0,0,65,7725,11801,27802,0,0,0,0,0
10,107,4.992,65,1761483,31,-1057,28,60208,0,0,0,0,0,65,7725,11801,27802,0,0,0,0,0
10,107,5.048,66,1761539,31,-1057,28,60208,0,0,0,0,0,65,7725,11801,27802,0,0,0,0,0
10,107,5.104,67,1761595,31,-1057,28,60208,0,0,0,0,0,65,7725,11801,27802,0,0,0,0,0
10,107,5.16,68,1761651,31,-1057,28,60208,0,0,0,0,0,65,7725,11801,27802,0,0,0,0,0
10,107,5.216,69,1761707,31,-1057,28,60208,0,0,0,0,0,65,7725,11801,27802,0,0,0,0,0
10,107,5.272,70,1761763,31,-1057,28,60208,0,0,0,0,0,65,7725,11801,27802,0,0,0,0,0
10,107,5.329,71,1761819,31,-1057,28,60208,0,0,0,0,0,65,7725,11801,27802,0,0,0,0,0
10,107,5.385,72,1761875,31,-1057,28,60208,0,0,0,0,0,65,7725,11801,27802,0,0,0,0,0
10,107,5.447,73,1761931,31,-1057,28,60208,0,0,0,0,0,65,7725,11801,27802,0,0,0,0,0
10,107,5.496,74,1761987,31,-1057,28,60208,0,0,0,0,0,65,7725,11801,27802,0,0,0,0,0
10,107,5.552,75,1762043,31,-1057,28,60208,0,0,0,0,0,65,7725,11801,27802,0,0,0,0,0
10,107,5.615,76,1762099,31,-1057,28,60208,0,0,0,0,0,65,7725,11801,27802,0,0,0,0,0
10,107,5.661,77,1762151,31,-1057,28,60208,0,0,0,0,0,65,7725,11801,27802,0,0,0,0,0
10,107,5.717,78,1762207,31,-1057,28,60208,0,0,0,0,0,65,7725,11801,27802,0,0,0,0,0
10,107,5.773,79,1762263,31,-1057,28,60208,0,0,0,0,0,65,7725,11801,27802,0,0,0,0,0
10,107,5.83,80,1762319,31,-1057,28,60208,0,0,0,0,0,65,7725,11801,27802,0,0,0,0,0
10,107,5.885,81,1762375,31,-1057,28,60208,0,0,0,0,0,65,7725,11801,27802,0,0,0,0,0
10,107,5.941,82,1762431,31,-1057,28,60208,0,0,0,0,0,65,7725,11801,27802,0,0,0,0,0
10,107,5.996,83,1762487,31,-1057,28,60208,0,0,0,0,0,65,7725,11801,27802,0,0,0,0,0
10,107,6.052,84,1762543,31,-1057,28,60208,0,0,0,0,0,65,7725,11801,27802,0,0,0,0,0
10,107,6.109,85,1762599,31,-1057,28,60208,0,0,0,0,0,65,7725,11801,27802,0,0,0,0,0
10,107,6.166,86,1762655,31,-1057,28,60208,0,0,0,0,0,65,7725,11801,27802,0,0,0,0,0
10,107,6.219,87,1762711,31,-1057,28,60208,0,0,0,0,0,65,7725,11801,27802,0,0,0,0,0
10,107,6.276,88,1762767,31,-1057,28,60208,0,0,0,0,0,65,7725,11801,27802,0,0,0,0,0
10,107,6.332,89,1762823,31,-1057,28,60208,0,0,0,0,0,65,7725,11801,27802,0,0,0,0,0
10,107,6.389,90,1762879,31,-1057,28,60208,0,0,0,0,0,65,7725,11801,27802,0,0,0,0,0
10,107,6.444,91,1762935,31,-1057,28,60208,0,0,0,0,0,65,7725,11801,27802,0,0,0,0,0
10,107,6.501,92,1762991,31,-1057,28,60208,0,0,0,0,0,65,7725,11801,27802,0,0,0,0,0
10,107,6.556,93,1763047,31,-1057,28,60208,0,0,0,0,0,65,7725,11801,27802,0,0,0,0,0
10,107,6.612,94,1763103,31,-1057,28,60208,0,0,0,0,0,65,7725,11801,27802,0,0,0,0,0
10,107,6.677,95,1763159,31,-1057,28,60208,0,0,0,0,0,65,7725,11801,27802,0,0,0,0,0
10,107,6.721,96,1763211,31,-1057,28,60208,0,0,0,0,0,65,7725,11801,27802,0,0,0,0,0
10,107,6.779,97,1763267,31,-1057,28,60208,0,0,0,0,0,65,7725,11801,27802,0,0,0,0,0
10,107,6.833,98,1763323,31,-1057,28,60208,0,0,0,0,0,65,7725,11801,27802,0,0,0,0,0
10,107,6.887,99,1763379,31,-1057,28,60208,0,0,0,0,0,65,7725,11801,27802,0,0,0,0,0
10,107,6.945,100,1763435,31,-1057,28,60208,0,0,0,0,0,65,7725,11801,27802,0,0,0,0,0
10,107,7.0,101,1763491,31,-1057,28,60208,0,0,0,0,0,65,7725,11801,27802,0,0,0,0,0
10,107,7.057,102,1763547,31,-1057,28,60208,0,0,0,0,0,65,7725,11801,27802,0,0,0,0,0
10,107,7.113,103,1763603,31,-1057,28,60208,0,0,0,0,0,65,7725,11801,27802,0,0,0,0,0
10,107,7.168,104,1763659,31,-1057,28,60208,0,0,0,0,0,65,7725,11801,27802,0,0,0,0,0
10,107,7.225,105,1763715,31,-1057,28,60208,0,0,0,0,0,65,7725,11801,27802,0,0,0,0,0
11,-180,0.001,59,1768291,31,-1057,28,60208,0,0,0,0,0,65,7725,11801,27802,0,0,0,0,0
11,-180,0.083,60,1768360,31,-1057,28,60171,0,0,0,14,0,66,7727,11806,27797,1000,-1000,0,0,0
11,-180,0.143,61,1768431,31,-1057,29,59968,0,0,0,20,-46,66,7730,11823,27760,1200,-1100,0,0,0
11,-180,0.22,62,1768503,31,-1057,29,59678,0,0,0,56,-62,66,7733,11862,27722,1400,-1300,0,0,0
11,-180,0.285,63,1768575,31,-1057,29,59309,0,0,0,48,-56,66,7736,11912,27674,1500,-1500,0,0,0
11,-180,0.357,64,1768647,31,-1057,29,58839,0,0,0,66,-66,66,7739,11976,27613,1500,-1500,0,0,0
11,-180,0.429,65,1768719,31,-1057,29,58331,0,0,0,62,-72,66,7742,12039,27541,1500,-1500,0,0,0
11,-180,0.501,66,1768791,31,-1057,29,57797,0,0,0,75,-82,66,7745,12112,27472,1500,-1500,0,0,0
11,-180,0.573,67,1768863,31,-1057,29,57307,0,0,0,72,-62,66,7748,12178,27408,1500,-1400,0,0,0
11,-180,0.645,68,1768935,31,-1057,29,56803,0,0,0,72,-62,66,7751,12245,27341,1500,-1400,0,0,0
11,-180,0.718,69,1769007,31,-1057,29,56291,0,0,0,62,-75,66,7754,12314,27274,1400,-1400,0,0,0
11,-180,0.789,70,1769079,31,-1057,29,55798,0,0,0,72,-72,67,7757,12384,27213,1500,-1400,0,0,0
11,-180,0.861,71,1769151,31,-1057,29,55321,0,0,0,62,-72,67,7760,12445,27147,1400,-1400,0,0,0
11,-180,0.933,72,1769223,31,-1057,29,54816,0,0,0,75,-62,67,7763,12512,27080,1500,-1400,0,0,0
11,-180,1.022,73,1769296,31,-1057,29,54357,0,0,0,66,-72,67,7766,12573,27019,1500,-1400,0,0,0
11,-180,1.078,74,1769367,31,-1057,29,53898,0,0,0,56,-72,67,7769,12634,26958,1400,-1400,0,0,0
11,-180,1.149,75,1769439,31,-1057,29,53394,0,0,0,75,-72,68,7772,12701,26891,1500,-1400,0,0,0
11,-180,1.228,76,1769511,31,-1057,29,52886,0,0,0,62,-82,68,7775,12767,26822,1400,-1400,0,0,0
11,-180,1.293,77,1769583,31,-1057,29,52393,0,0,0,72,-72,68,7778,12834,26758,1400,-1400,0,0,0
11,-180,1.365,78,1769655,31,-1058,29,51972,0,0,0,66,-72,69,7781,12901,26713,1400,-1300,0,0,0
11,-180,1.438,79,1769727,31,-1057,29,51400,0,0,0,62,-66,69,7784,12964,26624,1400,-1400,0,0,0
11,-180,1.51,80,1769799,31,-1057,29,50899,0,0,0,82,-72,69,7787,13031,26558,1400,-1300,0,0,0
11,-180,1.59,81,1769871,31,-1057,29,50440,0,0,0,72,-72,69,7790,13092,26497,1500,-1300,0,0,0
11,-180,1.653,82,1769943,31,-1057,29,49925,0,0,0,79,-79,69,7793,13162,26430,1400,-1400,0,0,0
11,-180,1.727,83,1770015,31,-1057,29,49413,0,0,0,72,-75,69,7796,13228,26360,1400,-1400,0,0,0
11,-180,1.797,84,1770087,31,-1057,29,48946,0,0,0,62,-72,69,7799,13289,26297,1400,-1300,0,0,0
11,-180,1.871,85,1770159,31,-1057,29,48472,0,0,0,75,-82,69,7802,13351,26233,1400,-1300,0,0,0
11,-180,1.944,86,1770231,31,-1057,28,47991,0,0,0,75,-82,69,7805,13412,26166,1500,-1300,0,0,0
11,-180,2.013,87,1770303,31,-1057,28,47520,0,0,0,56,-66,69,7808,13473,26102,1500,-1300,0,0,0
11,-180,2.085,88,1770375,31,-1057,28,46978,0,0,0,72,-82,69,7811,13545,26030,1400,-1300,0,0,0
11,-180,2.157,89,1770447,31,-1057,28,46486,0,0,0,66,-66,69,7814,13609,25963,1400,-1300,0,0,0
11,-180,2.24,90,1770520,31,-1057,28,45985,0,0,0,72,-72,69,7817,13673,25894,1500,-1200,0,0,0
11,-180,2.302,91,1770591,31,-1057,28,45473,0,0,0,72,-82,69,7820,13739,25824,1400,-1200,0,0,0
11,-180,2.373,92,1770663,31,-1057,28,44962,0,0,0,72,-72,69,7823,13809,25758,1300,-1200,0,0,0
11,-180,2.445,93,1770735,31,-1057,28,44514,0,0,0,52,-53,69,7826,13867,25697,0,0,0,0,0
11,-180,2.517,94,1770807,31,-1057,28,44491,0,0,0,-10,0,69,7829,13867,25691,900,-700,0,0,0
11,-180,2.589,95,1770879,31,-1057,28,44220,0,0,0,36,-36,69,7832,13906,25658,1200,-1000,0,0,0
11,-180,2.662,96,1770951,31,-1057,28,43904,0,0,0,56,-56,69,7835,13945,25613,1300,-1000,0,0,0
11,-180,2.735,97,1771023,31,-1057,28,43487,0,0,0,66,-72,69,7838,14001,25558,1400,-1200,0,0,0
11,-180,2.806,98,1771095,31,-1057,28,42997,0,0,0,62,-72,69,7841,14064,25491,-500,800,0,0,0
11,-180,2.877,99,1771167,31,-1057,28,43009,0,0,0,-36,30,69,7844,14067,25497,-1000,1300,0,0,0
11,-180,2.956,100,1771239,31,-1056,29,43298,0,0,0,-46,66,69,7847,14037,25544,0,0,0,0,0
11,-180,3.023,101,1771311,31,-1056,29,43340,0,0,0,0,0,69,7850,14034,25552,0,0,0,0,0
11,-180,3.093,102,1771383,31,-1056,29,43298,0,0,0,26,-10,69,7853,14042,25549,1400,-1400,0,0,0
11,-180,3.165,103,1771455,31,-1056,29,42858,0,0,0,72,-75,69,7856,14095,25485,1500,-1400,0,0,0
11,-180,3.242,104,1771527,31,-1057,28,42316,0,0,0,75,-82,69,7859,14162,25408,0,0,0,0,0
11,-180,3.308,105,1771599,31,-1057,28,42316,0,0,0,0,0,69,7862,14162,25408,0,0,0,0,0
11,-180,3.382,106,1771671,31,-1057,28,42463,0,0,0,-36,46,69,7865,14145,25430,-1300,1500,0,0,0
11,-180,3.465,107,1771744,31,-1056,29,42828,0,0,0,-46,82,69,7868,14106,25488,-1600,1600,0,0,0
11,-180,3.526,108,1771815,31,-1056,29,43110,0,0,0,0,20,69,7871,14073,25530,0,0,0,0,0
11,-180,3.597,109,1771887,31,-1056,29,43110,0,0,0,0,0,69,7874,14073,25530,1100,-1100,0,0,0
11,-180,3.669,110,1771959,31,-1056,29,42851,0,0,0,36,-56,69,7877,14103,25491,1300,-1400,0,0,0
11,-180,3.741,111,1772031,31,-1057,28,42380,0,0,0,72,-92,69,7880,14156,25419,1500,-1400,0,0,0
11,-180,3.817,112,1772096,31,-1057,28,42053,0,0,0,0,0,70,7884,14198,25374,0,0,0,0,0
11,-180,3.86,113,1772151,31,-1057,28,42053,0,0,0,0,0,70,7884,14198,25374,0,0,0,0,0
11,-180,3.92,114,1772207,31,-1057,28,42053,0,0,0,0,0,70,7884,14198,25374,0,0,0,0,0
11,-180,3.973,115,1772263,31,-1057,28,42053,0,0,0,0,0,70,7884,14198,25374,0,0,0,0,0
11,-180,4.029,116,1772319,31,-1057,28,42053,0,0,0,0,0,70,7884,14198,25374,0,0,0,0,0
11,-180,4.085,117,1772375,31,-1057,28,42053,0,0,0,0,0,70,7884,14198,25374,0,0,0,0,0
11,-180,4.142,118,1772431,31,-1057,28,42053,0,0,0,0,0,70,7884,14198,25374,0,0,0,0,0
11,-180,4.204,119,1772487,31,-1057,28,42053,0,0,0,0,0,70,7884,14198,25374,0,0,0,0,0
11,-180,4.249,120,1772539,31,-1057,28,42053,0,0,0,0,0,70,7884,14198,25374,0,0,0,0,0
11,-180,4.305,121,1772595,31,-1057,28,42053,0,0,0,0,0,70,7884,14198,25374,0,0,0,0,0
11,-180,4.361,122,1772651,31,-1057,28,42053,0,0,0,0,0,70,7884,14198,25374,0,0,0,0,0
11,-180,4.417,123,1772707,31,-1057,28,42053,0,0,0,0,0,70,7884,14198,25374,0,0,0,0,0
11,-180,4.475,124,1772763,31,-1057,28,42053,0,0,0,0,0,70,7884,14198,25374,0,0,0,0,0
11,-180,4.531,125,1772819,31,-1057,28,42053,0,0,0,0,0,70,7884,14198,25374,0,0,0,0,0
11,-180,4.585,126,1772875,31,-1057,28,42053,0,0,0,0,0,70,7884,14198,25374,0,0,0,0,0
11,-180,4.64,127,1772931,31,-1057,28,42053,0,0,0,0,0,70,7884,14198,25374,0,0,0,0,0
11,-180,4.698,0,1772987,31,-1057,28,42053,0,0,0,0,0,70,7884,14198,25374,0,0,0,0,0
11,-180,4.754,1,1773043,31,-1057,28,42053,0,0,0,0,0,70,7884,14198,25374,0,0,0,0,0
11,-180,4.812,2,1773099,31,-1057,28,42053,0,0,0,0,0,70,7884,14198,25374,0,0,0,0,0
11,-180,4.866,3,1773155,31,-1057,28,42053,0,0,0,0,0,70,7884,14198,25374,0,0,0,0,0
11,-180,4.921,4,1773211,31,-1057,28,42053,0,0,0,0,0,70,7884,14198,25374,0,0,0,0,0
11,-180,4.977,5,1773267,31,-1057,28,42053,0,0,0,0,0,70,7884,14198,25374,0,0,0,0,0
11,-180,5.033,6,1773323,31,-1057,28,42053,0,0,0,0,0,70,7884,14198,25374,0,0,0,0,0
11,-180,5.089,7,1773379,31,-1057,28,42053,0,0,0,0,0,70,7884,14198,25374,0,0,0,0,0
11,-180,5.149,8,1773435,31,-1057,28,42053,0,0,0,0,0,70,7884,14198,25374,0,0,0,0,0
11,-180,5.2,9,1773491,31,-1057,28,42053,0,0,0,0,0,70,7884,14198,25374,0,0,0,0,0
11,-180,5.269,10,1773547,31,-1057,28,42053,0,0,0,0,0,70,7884,14198,25374,0,0,0,0,0
11,-180,5.31,11,1773599,31,-1057,28,42053,0,0,0,0,0,70,7884,14198,25374,0,0,0,0,0
11,-180,5.367,12,1773655,31,-1057,28,42053,0,0,0,0,0,70,7884,14198,25374,0,0,0,0,0
11,-180,5.542,13,1773711,31,-1057,28,42053,0,0,0,0,0,70,7884,14198,25374,0,0,0,0,0
11,-180,5.566,14,1773767,31,-1057,28,42053,0,0,0,0,0,70,7884,14198,25374,0,0,0,0,0
11,-180,5.566,15,1773823,31,-1057,28,42053,0,0,0,0,0,70,7884,14198,25374,0,0,0,0,0
11,-180,5.587,16,1773879,31,-1057,28,42053,0,0,0,0,0,70,7884,14198,25374,0,0,0,0,0
11,-180,5.646,17,1773935,31,-1057,28,42053,0,0,0,0,0,70,7884,14198,25374,0,0,0,0,0
11,-180,5.703,18,1773991,31,-1057,28,42053,0,0,0,0,0,70,7884,14198,25374,0,0,0,0,0
11,-180,5.756,19,1774047,31,-1057,28,42053,0,0,0,0,0,70,7884,14198,25374,0,0,0,0,0
11,-180,5.813,20,1774103,31,-1057,28,42053,0,0,0,0,0,70,7884,14198,25374,0,0,0,0,0
11,-180,5.869,21,1774159,31,-1057,28,42053,0,0,0,0,0,70,7884,14198,25374,0,0,0,0,0
11,-180,5.926,22,1774215,31,-1057,28,42053,0,0,0,0,0,70,7884,14198,25374,0,0,0,0,0
11,-180,5.981,23,1774271,31,-1057,28,42053,0,0,0,0,0,70,7884,14198,25374,0,0,0,0,0
11,-180,6.041,24,1774327,31,-1057,28,42053,0,0,0,0,0,70,7884,14198,25374,0,0,0,0,0
11,-180,6.093,25,1774383,31,-1057,28,42053,0,0,0,0,0,70,7884,14198,25374,0,0,0,0,0
11,-180,6.149,26,1774439,31,-1057,28,42053,0,0,0,0,0,70,7884,14198,25374,0,0,0,0,0
11,-180,6.205,27,1774495,31,-1057,28,42053,0,0,0,0,0,70,7884,14198,25374,0,0,0,0,0
11,-180,6.262,28,1774551,31,-1057,28,42053,0,0,0,0,0,70,7884,14198,25374,0,0,0,0,0
11,-180,6.334,29,1774607,31,-1057,28,42053,0,0,0,0,0,70,7884,14198,25374,0,0,0,0,0
11,-180,6.37,30,1774659,31,-1057,28,42053,0,0,0,0,0,70,7884,14198,25374,0,0,0,0,0
11,-180,6.428,31,1774715,31,-1057,28,42053,0,0,0,0,0,70,7884,14198,25374,0,0,0,0,0
11,-180,6.481,32,1774771,31,-1057,28,42053,0,0,0,0,0,70,7884,14198,25374,0,0,0,0,0
11,-180,6.537,33,1774827,31,-1057,28,42053,0,0,0,0,0,70,7884,14198,25374,0,0,0,0,0
11,-180,6.595,34,1774883,31,-1057,28,42053,0,0,0,0,0,70,7884,14198,25374,0,0,0,0,0
11,-180,6.654,35,1774939,31,-1057,28,42053,0,0,0,0,0,70,7884,14198,25374,0,0,0,0,0
11,-180,6.704,36,1774995,31,-1057,28,42053,0,0,0,0,0,70,7884,14198,25374,0,0,0,0,0
11,-180,6.76,37,1775051,31,-1057,28,42053,0,0,0,0,0,70,7884,14198,25374,0,0,0,0,0
11,-180,6.817,38,1775107,31,-1057,28,42053,0,0,0,0,0,70,7884,14198,25374,0,0,0,0,0
11,-180,6.873,39,1775163,31,-1057,28,42053,0,0,0,0,0,70,7884,14198,25374,0,0,0,0,0
11,-180,6.931,40,1775219,31,-1057,28,42053,0,0,0,0,0,70,7884,14198,25374,0,0,0,0,0
11,-180,6.985,41,1775275,31,-1057,28,42053,0,0,0,0,0,70,7884,14198,25374,0,0,0,0,0
11,-180,7.042,42,1775331,31,-1057,28,42053,0,0,0,0,0,70,7884,14198,25374,0,0,0,0,0
11,-180,7.096,43,1775387,31,-1057,28,42053,0,0,0,0,0,70,7884,14198,25374,0,0,0,0,0
11,-180,7.152,44,1775443,31,-1057,28,42053,0,0,0,0,0,70,7884,14198,25374,0,0,0,0,0
11,-180,7.209,45,1775499,31,-1057,28,42053,0,0,0,0,0,70,7884,14198,25374,0,0,0,0,0
11,-180,7.269,46,1775555,31,-1057,28,42053,0,0,0,0,0,70,7884,14198,25374,0,0,0,0,0
11,-180,7.321,47,1775611,31,-1057,28,42053,0,0,0,0,0,70,7884,14198,25374,0,0,0,0,0
11,-180,7.385,48,1775667,31,-1057,28,42053,0,0,0,0,0,70,7884,14198,25374,0,0,0,0,0
11,-180,7.429,49,1775719,31,-1057,28,42053,0,0,0,0,0,70,7884,14198,25374,0,0,0,0,0
11,-180,7.484,50,1775775,31,-1057,28,42053,0,0,0,0,0,70,7884,14198,25374,0,0,0,0,0
11,-180,7.541,51,1775831,31,-1057,28,42053,0,0,0,0,0,70,7884,14198,25374,0,0,0,0,0
11,-180,7.598,52,1775887,31,-1057,28,42053,0,0,0,0,0,70,7884,14198,25374,0,0,0,0,0
11,-180,7.657,53,1775943,31,-1057,28,42053,0,0,0,0,0,70,7884,14198,25374,0,0,0,0,0
11,-180,7.708,54,1775999,31,-1057,28,42053,0,0,0,0,0,70,7884,14198,25374,0,0,0,0,0
11,-180,7.764,55,1776055,31,-1057,28,42053,0,0,0,0,0,70,7884,14198,25374,0,0,0,0,0
11,-180,7.823,56,1776111,31,-1057,28,42053,0,0,0,0,0,70,7884,14198,25374,0,0,0,0,0
11,-180,7.884,57,1776167,31,-1057,28,42053,0,0,0,0,0,70,7884,14198,25374,0,0,0,0,0
11,-180,7.933,58,1776223,31,-1057,28,42053,0,0,0,0,0,70,7884,14198,25374,0,0,0,0,0
11,-180,7.99,59,1776279,31,-1057,28,42053,0,0,0,0,0,70,7884,14198,25374,0,0,0,0,0
11,-180,8.044,60,1776335,31,-1057,28,42053,0,0,0,0,0,70,7884,14198,25374,0,0,0,0,0
11,-180,8.101,61,1776391,31,-1057,28,42053,0,0,0,0,0,70,7884,14198,25374,0,0,0,0,0
11,-180,8.157,62,1776447,31,-1057,28,42053,0,0,0,0,0,70,7884,14198,25374,0,0,0,0,0
11,-180,8.213,63,1776503,31,-1057,28,42053,0,0,0,0,0,70,7884,14198,25374,0,0,0,0,0
11,-180,8.271,64,1776559,31,-1057,28,42053,0,0,0,0,0,70,7884,14198,25374,0,0,0,0,0
11,-180,8.325,65,1776615,31,-1057,28,42053,0,0,0,0,0,70,7884,14198,25374,0,0,0,0,0
11,-180,8.385,66,1776671,31,-1057,28,42053,0,0,0,0,0,70,7884,14198,25374,0,0,0,0,0
11,-180,8.444,67,1776727,31,-1057,28,42053,0,0,0,0,0,70,7884,14198,25374,0,0,0,0,0
11,-180,8.488,68,1776779,31,-1057,28,42053,0,0,0,0,0,70,7884,14198,25374,0,0,0,0,0
11,-180,8.545,69,1776835,31,-1057,28,42053,0,0,0,0,0,70,7884,14198,25374,0,0,0,0,0
11,-180,8.601,70,1776891,31,-1057,28,42053,0,0,0,0,0,70,7884,14198,25374,0,0,0,0,0
11,-180,8.656,71,1776947,31,-1057,28,42053,0,0,0,0,0,70,7884,14198,25374,0,0,0,0,0
12,180,0.002,46,1782695,31,-1057,28,42053,0,0,0,0,0,70,7884,14198,25374,0,0,0,0,0
12,180,0.081,47,1782764,31,-1057,28,42098,0,0,0,-17,17,70,7886,14192,25380,-1000,1000,0,0,0
12,180,0.143,48,1782835,31,-1057,28,42252,0,0,0,-36,26,70,7889,14173,25402,-1300,1300,0,0,0
12,180,0.217,49,1782907,31,-1056,29,42557,0,0,0,-46,56,70,7892,14137,25447,-1500,1400,0,0,0
12,180,0.287,50,1782979,31,-1056,29,42945,0,0,0,-56,72,70,7895,14089,25502,-1600,1400,0,0,0
12,180,0.359,51,1783051,31,-1056,29,43411,0,0,0,-62,72,71,7898,14026,25563,-1600,1500,0,0,0
12,180,0.436,52,1783123,31,-1056,29,43938,0,0,0,-72,82,71,7901,13956,25633,-1600,1500,0,0,0
12,180,0.51,53,1783195,31,-1056,29,44457,0,0,0,-82,82,72,7904,13884,25699,-1500,1500,0,0,0
12,180,0.575,54,1783267,31,-1056,28,44969,0,0,0,-76,62,72,7907,13812,25763,-1400,1500,0,0,0
12,180,0.65,55,1783339,31,-1056,28,45496,0,0,0,-75,72,72,7910,13739,25830,-1400,1500,0,0,0
12,180,0.719,56,1783411,31,-1056,28,46008,0,0,0,-72,82,72,7913,13667,25894,-1300,1400,0,0,0
12,180,0.792,57,1783483,31,-1056,27,46474,0,0,0,-72,72,72,7916,13601,25952,-1400,1500,0,0,0
12,180,0.865,58,1783555,31,-1056,27,46967,0,0,0,-62,62,72,7919,13534,26016,-1300,1400,0,0,0
12,180,0.934,59,1783627,31,-1056,27,47385,0,0,0,-72,82,73,7922,13467,26060,-1400,1500,0,0,0
12,180,1.018,60,1783700,31,-1056,27,47938,0,0,0,-72,62,73,7925,13401,26141,-1300,1500,0,0,0
12,180,1.079,61,1783771,31,-1056,27,48420,0,0,0,-72,62,73,7928,13334,26202,-1300,1500,0,0,0
12,180,1.151,62,1783843,31,-1056,27,48935,0,0,0,-66,82,73,7931,13267,26272,-1200,1500,0,0,0
12,180,1.224,63,1783915,31,-1056,27,49420,0,0,0,-72,72,73,7934,13201,26335,-1300,1500,0,0,0
12,180,1.306,64,1783988,31,-1056,27,49906,0,0,0,-72,75,73,7937,13134,26397,-1300,1500,0,0,0
12,180,1.367,65,1784059,31,-1056,27,50388,0,0,0,-72,75,73,7940,13067,26458,-1200,1500,0,0,0
12,180,1.438,66,1784131,31,-1056,27,50847,0,0,0,-72,72,73,7943,13006,26519,-1200,1600,0,0,0
12,180,1.51,67,1784203,31,-1056,26,51328,0,0,0,-75,56,73,7946,12939,26580,-1300,1600,0,0,0
12,180,1.583,68,1784275,31,-1055,26,51851,0,0,0,-72,66,73,7949,12867,26647,-1200,1500,0,0,0
12,180,1.655,69,1784347,31,-1055,26,52329,0,0,0,-72,75,73,7952,12801,26708,-1200,1500,0,0,0
12,180,1.727,70,1784419,31,-1055,26,52811,0,0,0,-75,72,73,7955,12739,26774,-1200,1500,0,0,0
12,180,1.799,71,1784491,31,-1055,26,53300,0,0,0,-82,72,73,7958,12670,26835,-1100,1500,0,0,0
12,180,1.878,72,1784563,31,-1055,26,53751,0,0,0,-62,75,73,7961,12612,26897,-1200,1600,0,0,0
12,180,1.943,73,1784635,31,-1055,26,54233,0,0,0,-62,65,73,7964,12545,26958,-1200,1500,0,0,0
12,180,2.015,74,1784707,31,-1055,26,54734,0,0,0,-75,72,73,7967,12478,27024,-1100,1600,0,0,0
12,180,2.088,75,1784779,31,-1055,26,55223,0,0,0,-72,62,73,7970,12409,27085,-1100,1600,0,0,0
12,180,2.159,76,1784851,31,-1054,26,55708,0,0,0,-82,75,73,7973,12342,27147,-1200,1500,0,0,0
12,180,2.243,77,1784924,31,-1054,26,56197,0,0,0,-75,72,73,7976,12278,27213,-1100,1600,0,0,0
12,180,2.303,78,1784995,31,-1054,26,56675,0,0,0,-72,62,73,7979,12212,27274,-1100,1600,0,0,0
12,180,2.376,79,1785067,31,-1054,26,57191,0,0,0,-82,72,73,7982,12142,27341,-1200,1500,0,0,0
12,180,2.446,80,1785139,31,-1054,26,57684,0,0,0,-66,75,73,7985,12078,27408,-1100,1600,0,0,0
12,180,2.528,81,1785212,31,-1054,26,58192,0,0,0,-72,82,73,7988,12012,27477,0,0,0,0,0
12,180,2.595,82,1785283,31,-1054,27,58320,0,0,0,0,0,73,7991,11992,27491,-500,1000,0,0,0
12,180,2.663,83,1785355,31,-1054,26,58530,0,0,0,-36,46,73,7994,11967,27522,-700,1200,0,0,0
12,180,2.734,84,1785427,31,-1054,26,58831,0,0,0,-46,53,73,7997,11928,27563,-900,1400,0,0,0
12,180,2.807,85,1785499,31,-1054,26,59136,0,0,0,-20,26,73,8000,11889,27605,1100,-700,0,0,0
12,180,2.879,86,1785571,31,-1055,26,58955,0,0,0,26,-39,73,8003,11917,27585,0,0,0,0,0
12,180,2.95,87,1785643,31,-1055,26,58914,0,0,0,0,0,73,8006,11923,27580,0,0,0,0,0
12,180,3.023,88,1785715,31,-1055,26,58955,0,0,0,-20,16,73,8009,11917,27585,-1300,1500,0,0,0
12,180,3.096,89,1785787,31,-1055,26,59403,0,0,0,-53,62,73,8012,11862,27649,-1400,1600,0,0,0
12,180,3.166,90,1785859,31,-1055,26,59907,0,0,0,-82,53,74,8015,11789,27710,0,0,0,0,0
12,180,3.245,91,1785931,31,-1055,26,59907,0,0,0,0,0,74,8018,11789,27710,0,0,0,0,0
12,180,3.311,92,1786003,31,-1055,26,59795,0,0,0,39,-37,74,8021,11806,27697,1500,-1200,0,0,0
12,180,3.385,93,1786075,31,-1055,26,59486,0,0,0,75,-46,74,8024,11851,27660,1600,-1300,0,0,0
12,180,3.465,94,1786148,31,-1055,25,59230,0,0,0,0,0,74,8027,11889,27630,0,0,0,0,0
12,180,3.527,95,1786219,31,-1055,25,59230,0,0,0,0,0,75,8030,11889,27630,-1000,1300,0,0,0
12,180,3.6,96,1786291,31,-1055,25,59501,0,0,0,-66,46,75,8033,11856,27669,-1300,1500,0,0,0
12,180,3.671,97,1786363,31,-1055,25,59949,0,0,0,-62,66,75,8036,11801,27733,0,0,0,0,0
12,180,3.757,98,1786440,31,-1055,25,60107,0,0,0,0,0,76,8040,11773,27747,0,0,0,0,0
12,180,3.803,99,1786495,31,-1055,25,60107,0,0,0,0,0,76,8040,11773,27747,0,0,0,0,0
12,180,3.858,100,1786551,31,-1055,25,60107,0,0,0,0,0,76,8040,11773,27747,0,0,0,0,0
12,180,3.915,101,1786607,31,-1055,25,60107,0,0,0,0,0,76,8040,11773,27747,0,0,0,0,0
12,180,3.97,102,1786663,31,-1055,25,60107,0,0,0,0,0,76,8040,11773,27747,0,0,0,0,0
12,180,4.03,103,1786719,31,-1055,25,60107,0,0,0,0,0,76,8040,11773,27747,0,0,0,0,0
12,180,4.081,104,1786775,31,-1055,25,60107,0,0,0,0,0,76,8040,11773,27747,0,0,0,0,0
12,180,4.137,105,1786831,31,-1055,25,60107,0,0,0,0,0,76,8040,11773,27747,0,0,0,0,0
12,180,4.195,106,1786887,31,-1055,25,60107,0,0,0,0,0,76,8040,11773,27747,0,0,0,0,0
12,180,4.249,107,1786943,31,-1055,25,60107,0,0,0,0,0,76,8040,11773,27747,0,0,0,0,0
12,180,4.306,108,1786999,31,-1055,25,60107,0,0,0,0,0,76,8040,11773,27747,0,0,0,0,0
12,180,4.363,109,1787055,31,-1055,25,60107,0,0,0,0,0,76,8040,11773,27747,0,0,0,0,0
12,180,4.426,110,1787111,31,-1055,25,60107,0,0,0,0,0,76,8040,11773,27747,0,0,0,0,0
12,180,4.47,111,1787163,31,-1055,25,60107,0,0,0,0,0,76,8040,11773,27747,0,0,0,0,0
12,180,4.527,112,1787219,31,-1055,25,60107,0,0,0,0,0,76,8040,11773,27747,0,0,0,0,0
12,180,4.582,113,1787275,31,-1055,25,60107,0,0,0,0,0,76,8040,11773,27747,0,0,0,0,0
12,180,4.644,114,1787331,31,-1055,25,60107,0,0,0,0,0,76,8040,11773,27747,0,0,0,0,0
12,180,4.695,115,1787387,31,-1055,25,60107,0,0,0,0,0,76,8040,11773,27747,0,0,0,0,0
12,180,4.75,116,1787443,31,-1055,25,60107,0,0,0,0,0,76,8040,11773,27747,0,0,0,0,0
12,180,4.807,117,1787499,31,-1055,25,60107,0,0,0,0,0,76,8040,11773,27747,0,0,0,0,0
12,180,4.862,118,1787555,31,-1055,25,60107,0,0,0,0,0,76,8040,11773,27747,0,0,0,0,0
12,180,4.918,119,1787611,31,-1055,25,60107,0,0,0,0,0,76,8040,11773,27747,0,0,0,0,0
12,180,4.974,120,1787667,31,-1055,25,60107,0,0,0,0,0,76,8040,11773,27747,0,0,0,0,0
12,180,5.032,121,1787723,31,-1055,25,60107,0,0,0,0,0,76,8040,11773,27747,0,0,0,0,0
12,180,5.09,122,1787779,31,-1055,25,60107,0,0,0,0,0,76,8040,11773,27747,0,0,0,0,0
12,180,5.143,123,1787835,31,-1055,25,60107,0,0,0,0,0,76,8040,11773,27747,0,0,0,0,0
12,180,5.198,124,1787891,31,-1055,25,60107,0,0,0,0,0,76,8040,11773,27747,0,0,0,0,0
12,180,5.257,125,1787947,31,-1055,25,60107,0,0,0,0,0,76,8040,11773,27747,0,0,0,0,0
12,180,5.311,126,1788003,31,-1055,25,60107,0,0,0,0,0,76,8040,11773,27747,0,0,0,0,0
12,180,5.37,127,1788059,31,-1055,25,60107,0,0,0,0,0,76,8040,11773,27747,0,0,0,0,0
12,180,5.422,0,1788115,31,-1055,25,60107,0,0,0,0,0,76,8040,11773,27747,0,0,0,0,0
12,180,5.486,1,1788171,31,-1055,25,60107,0,0,0,0,0,76,8040,11773,27747,0,0,0,0,0
12,180,5.531,2,1788223,31,-1055,25,60107,0,0,0,0,0,76,8040,11773,27747,0,0,0,0,0
12,180,5.587,3,1788279,31,-1055,25,60107,0,0,0,0,0,76,8040,11773,27747,0,0,0,0,0
12,180,5.643,4,1788335,31,-1055,25,60107,0,0,0,0,0,76,8040,11773,27747,0,0,0,0,0
12,180,5.699,5,1788391,31,-1055,25,60107,0,0,0,0,0,76,8040,11773,27747,0,0,0,0,0
12,180,5.755,6,1788447,31,-1055,25,60107,0,0,0,0,0,76,8040,11773,27747,0,0,0,0,0
12,180,5.811,7,1788503,31,-1055,25,60107,0,0,0,0,0,76,8040,11773,27747,0,0,0,0,0
12,180,5.871,8,1788559,31,-1055,25,60107,0,0,0,0,0,76,8040,11773,27747,0,0,0,0,0
12,180,5.921,9,1788615,31,-1055,25,60107,0,0,0,0,0,76,8040,11773,27747,0,0,0,0,0
12,180,5.978,10,1788671,31,-1055,25,60107,0,0,0,0,0,76,8040,11773,27747,0,0,0,0,0
12,180,6.034,11,1788727,31,-1055,25,60107,0,0,0,0,0,76,8040,11773,27747,0,0,0,0,0
12,180,6.091,12,1788783,31,-1055,25,60107,0,0,0,0,0,76,8040,11773,27747,0,0,0,0,0
12,180,6.147,13,1788839,31,-1055,25,60107,0,0,0,0,0,76,8040,11773,27747,0,0,0,0,0
12,180,6.203,14,1788895,31,-1055,25,60107,0,0,0,0,0,76,8040,11773,27747,0,0,0,0,0
12,180,6.257,15,1788951,31,-1055,25,60107,0,0,0,0,0,76,8040,11773,27747,0,0,0,0,0
12,180,6.314,16,1789007,31,-1055,25,60107,0,0,0,0,0,76,8040,11773,27747,0,0,0,0,0
12,180,6.371,17,1789063,31,-1055,25,60107,0,0,0,0,0,76,8040,11773,27747,0,0,0,0,0
12,180,6.425,18,1789119,31,-1055,25,60107,0,0,0,0,0,76,8040,11773,27747,0,0,0,0,0
12,180,6.485,19,1789175,31,-1055,25,60107,0,0,0,0,0,76,8040,11773,27747,0,0,0,0,0
12,180,6.546,20,1789231,31,-1055,25,60107,0,0,0,0,0,76,8040,11773,27747,0,0,0,0,0
12,180,6.59,21,1789283,31,-1055,25,60107,0,0,0,0,0,76,8040,11773,27747,0,0,0,0,0
12,180,6.645,22,1789339,31,-1055,25,60107,0,0,0,0,0,76,8040,11773,27747,0,0,0,0,0
12,180,6.703,23,1789395,31,-1055,25,60107,0,0,0,0,0,76,8040,11773,27747,0,0,0,0,0
12,180,6.758,24,1789451,31,-1055,25,60107,0,0,0,0,0,76,8040,11773,27747,0,0,0,0,0
12,180,6.813,25,1789507,31,-1055,25,60107,0,0,0,0,0,76,8040,11773,27747,0,0,0,0,0
12,180,6.872,26,1789563,31,-1055,25,60107,0,0,0,0,0,76,8040,11773,27747,0,0,0,0,0
12,180,6.927,27,1789619,31,-1055,25,60107,0,0,0,0,0,76,8040,11773,27747,0,0,0,0,0
12,180,6.981,28,1789675,31,-1055,25,60107,0,0,0,0,0,76,8040,11773,27747,0,0,0,0,0
12,180,7.043,29,1789731,31,-1055,25,60107,0,0,0,0,0,76,8040,11773,27747,0,0,0,0,0
12,180,7.101,30,1789787,31,-1055,25,60107,0,0,0,0,0,76,8040,11773,27747,0,0,0,0,0
12,180,7.15,31,1789843,31,-1055,25,60107,0,0,0,0,0,76,8040,11773,27747,0,0,0,0,0
12,180,7.206,32,1789899,31,-1055,25,60107,0,0,0,0,0,76,8040,11773,27747,0,0,0,0,0
12,180,7.262,33,1789955,31,-1055,25,60107,0,0,0,0,0,76,8040,11773,27747,0,0,0,0,0
12,180,7.319,34,1790011,31,-1055,25,60107,0,0,0,0,0,76,8040,11773,27747,0,0,0,0,0
12,180,7.376,35,1790067,31,-1055,25,60107,0,0,0,0,0,76,8040,11773,27747,0,0,0,0,0
12,180,7.431,36,1790123,31,-1055,25,60107,0,0,0,0,0,76,8040,11773,27747,0,0,0,0,0
12,180,7.487,37,1790179,31,-1055,25,60107,0,0,0,0,0,76,8040,11773,27747,0,0,0,0,0
12,180,7.542,38,1790235,31,-1055,25,60107,0,0,0,0,0,76,8040,11773,27747,0,0,0,0,0
12,180,7.611,39,1790291,31,-1055,25,60107,0,0,0,0,0,76,8040,11773,27747,0,0,0,0,0
12,180,7.651,40,1790343,31,-1055,25,60107,0,0,0,0,0,76,8040,11773,27747,0,0,0,0,0
12,180,7.715,41,1790399,31,-1055,25,60107,0,0,0,0,0,76,8040,11773,27747,0,0,0,0,0
12,180,7.762,42,1790455,31,-1055,25,60107,0,0,0,0,0,76,8040,11773,27747,0,0,0,0,0
12,180,7.819,43,1790511,31,-1055,25,60107,0,0,0,0,0,76,8040,11773,27747,0,0,0,0,0
12,180,7.875,44,1790567,31,-1055,25,60107,0,0,0,0,0,76,8040,11773,27747,0,0,0,0,0
12,180,7.931,45,1790623,31,-1055,25,60107,0,0,0,0,0,76,8040,11773,27747,0,0,0,0,0
12,180,7.986,46,1790679,31,-1055,25,60107,0,0,0,0,0,76,8040,11773,27747,0,0,0,0,0
12,180,8.043,47,1790735,31,-1055,25,60107,0,0,0,0,0,76,8040,11773,27747,0,0,0,0,0
12,180,8.099,48,1790791,31,-1055,25,60107,0,0,0,0,0,76,8040,11773,27747,0,0,0,0,0
12,180,8.164,49,1790847,31,-1055,25,60107,0,0,0,0,0,76,8040,11773,27747,0,0,0,0,0
12,180,8.214,50,1790903,31,-1055,25,60107,0,0,0,0,0,76,8040,11773,27747,0,0,0,0,0
12,180,8.268,51,1790959,31,-1055,25,60107,0,0,0,0,0,76,8040,11773,27747,0,0,0,0,0
12,180,8.329,52,1791015,31,-1055,25,60107,0,0,0,0,0,76,8040,11773,27747,0,0,0,0,0
12,180,8.38,53,1791071,31,-1055,25,60107,0,0,0,0,0,76,8040,11773,27747,0,0,0,0,0
12,180,8.433,54,1791127,31,-1055,25,60107,0,0,0,0,0,76,8040,11773,27747,0,0,0,0,0
12,180,8.491,55,1791183,31,-1055,25,60107,0,0,0,0,0,76,8040,11773,27747,0,0,0,0,0
12,180,8.547,56,1791239,31,-1055,25,60107,0,0,0,0,0,76,8040,11773,27747,0,0,0,0,0
12,180,8.601,57,1791295,31,-1055,25,60107,0,0,0,0,0,76,8040,11773,27747,0,0,0,0,0
12,180,8.665,58,1791351,31,-1055,25,60107,0,0,0,0,0,76,8040,11773,27747,0,0,0,0,0
13,90,-0.0,8,1795699,31,-1055,25,60107,0,0,0,0,0,76,8040,11773,27747,0,0,0,0,0
13,90,0.049,9,1795751,31,-1055,25,60107,0,0,0,0,0,76,8041,11773,27747,-800,800,0,0,0
13,90,0.122,10,1795823,31,-1055,26,60306,0,0,0,-46,30,76,8044,11742,27769,-1100,1200,0,0,0
13,90,0.195,11,1795895,31,-1055,26,60630,0,0,0,-62,56,76,8047,11695,27808,-1300,1300,0,0,0
13,90,0.266,12,1795967,31,-1055,26,61006,0,0,0,-56,56,77,8050,11639,27852,-1200,1400,0,0,0
13,90,0.339,13,1796039,31,-1055,27,61495,0,0,0,-62,82,77,8053,11573,27916,-1300,1500,0,0,0
13,90,0.409,14,1796111,31,-1055,27,62000,0,0,0,-82,66,77,8056,11503,27980,-1300,1500,0,0,0
13,90,0.482,15,1796183,31,-1055,27,62511,0,0,0,-72,82,77,8059,11434,28047,-1200,1500,0,0,0
13,90,0.554,16,1796255,31,-1055,27,62989,0,0,0,-62,72,77,8062,11373,28113,-1300,1500,0,0,0
13,90,0.627,17,1796327,31,-1055,26,63512,0,0,0,-66,89,77,8065,11306,28185,-1300,1400,0,0,0
13,90,0.698,18,1796399,31,-1054,26,64035,0,0,0,-62,82,77,8068,11237,28255,-1200,1400,0,0,0
13,90,0.779,19,1796471,31,-1054,26,64536,0,0,0,-72,72,77,8071,11173,28324,-1200,1400,0,0,0
13,90,0.842,20,1796543,31,-1054,26,65051,0,0,0,-82,63,77,8074,11103,28391,-1200,1300,0,0,0
13,90,0.914,21,1796615,31,-1054,26,65510,0,0,0,-62,66,77,8077,11045,28455,-1200,1300,0,0,0
13,90,0.989,22,1796687,31,-1054,26,65992,0,0,0,-66,72,77,8080,10981,28519,-1200,1400,0,0,0
13,90,1.062,23,1796759,31,-1054,26,66492,0,0,0,-82,72,77,8083,10914,28585,-1200,1400,0,0,0
13,90,1.131,24,1796831,31,-1054,26,67004,0,0,0,-72,82,77,8086,10848,28655,-1100,1400,0,0,0
13,90,1.211,25,1796903,31,-1054,26,67486,0,0,0,-72,72,77,8089,10784,28719,-1200,1300,0,0,0
13,90,1.274,26,1796975,31,-1054,26,67986,0,0,0,-70,62,77,8092,10717,28785,-1200,1300,0,0,0
13,90,1.362,27,1797048,31,-1054,26,68498,0,0,0,-72,77,78,8095,10651,28855,0,0,0,0,0
13,90,1.417,28,1797119,31,-1054,26,68615,0,0,0,0,0,78,8098,10634,28869,0,0,0,0,0
13,90,1.493,29,1797191,31,-1054,26,68573,0,0,0,16,-20,78,8101,10639,28863,1600,-1500,0,0,0
13,90,1.568,30,1797263,31,-1055,26,68174,0,0,0,56,-72,78,8104,10684,28802,0,0,0,0,0
13,90,1.634,31,1797335,31,-1055,27,68028,0,0,0,0,0,78,8107,10701,28780,0,0,0,0,0
13,90,1.707,32,1797407,31,-1055,27,68039,0,0,0,-10,0,78,8110,10698,28780,-1000,1200,0,0,0
13,90,1.778,33,1797479,31,-1055,26,68374,0,0,0,-46,56,78,8113,10659,28830,-1200,1300,0,0,0
13,90,1.856,34,1797551,31,-1055,26,68833,0,0,0,-62,72,78,8116,10601,28894,-1200,1400,0,0,0
13,90,1.922,35,1797624,31,-1054,26,69145,0,0,0,0,0,78,8120,10562,28938,0,0,0,0,0
13,90,1.986,36,1797676,31,-1054,26,69145,0,0,0,0,0,78,8122,10562,28938,0,0,0,0,0
13,90,2.032,37,1797731,31,-1054,26,69145,0,0,0,0,0,78,8122,10562,28938,0,0,0,0,0
13,90,2.086,38,1797787,31,-1054,26,69145,0,0,0,0,0,78,8122,10562,28938,0,0,0,0,0
13,90,2.144,39,1797843,31,-1054,26,69145,0,0,0,0,0,78,8122,10562,28938,0,0,0,0,0
13,90,2.198,40,1797899,31,-1054,26,69145,0,0,0,0,0,78,8122,10562,28938,0,0,0,0,0
13,90,2.253,41,1797955,31,-1054,26,69145,0,0,0,0,0,78,8122,10562,28938,0,0,0,0,0
13,90,2.31,42,1798011,31,-1054,26,69145,0,0,0,0,0,78,8122,10562,28938,0,0,0,0,0
13,90,2.366,43,1798067,31,-1054,26,69145,0,0,0,0,0,78,8122,10562,28938,0,0,0,0,0
13,90,2.428,44,1798123,31,-1054,26,69145,0,0,0,0,0,78,8122,10562,28938,0,0,0,0,0
13,90,2.477,45,1798175,31,-1054,26,69145,0,0,0,0,0,78,8122,10562,28938,0,0,0,0,0
13,90,2.53,46,1798231,31,-1054,26,69145,0,0,0,0,0,78,8122,10562,28938,0,0,0,0,0
13,90,2.593,47,1798287,31,-1054,26,69145,0,0,0,0,0,78,8122,10562,28938,0,0,0,0,0
13,90,2.642,48,1798343,31,-1054,26,69145,0,0,0,0,0,78,8122,10562,28938,0,0,0,0,0
13,90,2.698,49,1798399,31,-1054,26,69145,0,0,0,0,0,78,8122,10562,28938,0,0,0,0,0
13,90,2.759,50,1798455,31,-1054,26,69145,0,0,0,0,0,78,8122,10562,28938,0,0,0,0,0
13,90,2.816,51,1798511,31,-1054,26,69145,0,0,0,0,0,78,8122,10562,28938,0,0,0,0,0
13,90,2.867,52,1798567,31,-1054,26,69145,0,0,0,0,0,78,8122,10562,28938,0,0,0,0,0
13,90,2.922,53,1798623,31,-1054,26,69145,0,0,0,0,0,78,8122,10562,28938,0,0,0,0,0
13,90,2.977,54,1798679,31,-1054,26,69145,0,0,0,0,0,78,8122,10562,28938,0,0,0,0,0
13,90,3.034,55,1798735,31,-1054,26,69145,0,0,0,0,0,78,8122,10562,28938,0,0,0,0,0
13,90,3.09,56,1798791,31,-1054,26,69145,0,0,0,0,0,78,8122,10562,28938,0,0,0,0,0
13,90,3.147,57,1798847,31,-1054,26,69145,0,0,0,0,0,78,8122,10562,28938,0,0,0,0,0
13,90,3.206,58,1798903,31,-1054,26,69145,0,0,0,0,0,78,8122,10562,28938,0,0,0,0,0
13,90,3.258,59,1798959,31,-1054,26,69145,0,0,0,0,0,78,8122,10562,28938,0,0,0,0,0
13,90,3.314,60,1799015,31,-1054,26,69145,0,0,0,0,0,78,8122,10562,28938,0,0,0,0,0
13,90,3.369,61,1799071,31,-1054,26,69145,0,0,0,0,0,78,8122,10562,28938,0,0,0,0,0
13,90,3.427,62,1799127,31,-1054,26,69145,0,0,0,0,0,78,8122,10562,28938,0,0,0,0,0
13,90,3.489,63,1799183,31,-1054,26,69145,0,0,0,0,0,78,8122,10562,28938,0,0,0,0,0
13,90,3.534,64,1799235,31,-1054,26,69145,0,0,0,0,0,78,8122,10562,28938,0,0,0,0,0
13,90,3.59,65,1799291,31,-1054,26,69145,0,0,0,0,0,78,8122,10562,28938,0,0,0,0,0
13,90,3.646,66,1799347,31,-1054,26,69145,0,0,0,0,0,78,8122,10562,28938,0,0,0,0,0
13,90,3.701,67,1799403,31,-1054,26,69145,0,0,0,0,0,78,8122,10562,28938,0,0,0,0,0
13,90,3.76,68,1799459,31,-1054,26,69145,0,0,0,0,0,78,8122,10562,28938,0,0,0,0,0
13,90,3.819,69,1799515,31,-1054,26,69145,0,0,0,0,0,78,8122,10562,28938,0,0,0,0,0
13,90,3.87,70,1799571,31,-1054,26,69145,0,0,0,0,0,78,8122,10562,28938,0,0,0,0,0
13,90,3.925,71,1799627,31,-1054,26,69145,0,0,0,0,0,78,8122,10562,28938,0,0,0,0,0
13,90,3.982,72,1799683,31,-1054,26,69145,0,0,0,0,0,78,8122,10562,28938,0,0,0,0,0
13,90,4.039,73,1799739,31,-1054,26,69145,0,0,0,0,0,78,8122,10562,28938,0,0,0,0,0
13,90,4.096,74,1799795,31,-1054,26,69145,0,0,0,0,0,78,8122,10562,28938,0,0,0,0,0
13,90,4.149,75,1799851,31,-1054,26,69145,0,0,0,0,0,78,8122,10562,28938,0,0,0,0,0
13,90,4.206,76,1799907,31,-1054,26,69145,0,0,0,0,0,78,8122,10562,28938,0,0,0,0,0
13,90,4.262,77,1799963,31,-1054,26,69145,0,0,0,0,0,78,8122,10562,28938,0,0,0,0,0
13,90,4.317,78,1800019,31,-1054,26,69145,0,0,0,0,0,78,8122,10562,28938,0,0,0,0,0
13,90,4.378,79,1800075,31,-1054,26,69145,0,0,0,0,0,78,8122,10562,28938,0,0,0,0,0
13,90,4.436,80,1800131,31,-1054,26,69145,0,0,0,0,0,78,8122,10562,28938,0,0,0,0,0
13,90,4.486,81,1800187,31,-1054,26,69145,0,0,0,0,0,78,8122,10562,28938,0,0,0,0,0
13,90,4.549,82,1800243,31,-1054,26,69145,0,0,0,0,0,78,8122,10562,28938,0,0,0,0,0
13,90,4.594,83,1800295,31,-1054,26,69145,0,0,0,0,0,78,8122,10562,28938,0,0,0,0,0
13,90,4.65,84,1800351,31,-1054,26,69145,0,0,0,0,0,78,8122,10562,28938,0,0,0,0,0
13,90,4.706,85,1800407,31,-1054,26,69145,0,0,0,0,0,78,8122,10562,28938,0,0,0,0,0
13,90,4.774,86,1800463,31,-1054,26,69145,0,0,0,0,0,78,8122,10562,28938,0,0,0,0,0
13,90,4.83,87,1800519,31,-1054,26,69145,0,0,0,0,0,78,8122,10562,28938,0,0,0,0,0
13,90,4.874,88,1800575,31,-1054,26,69145,0,0,0,0,0,78,8122,10562,28938,0,0,0,0,0
13,90,4.93,89,1800631,31,-1054,26,69145,0,0,0,0,0,78,8122,10562,28938,0,0,0,0,0
13,90,4.988,90,1800687,31,-1054,26,69145,0,0,0,0,0,78,8122,10562,28938,0,0,0,0,0
13,90,5.048,91,1800743,31,-1054,26,69145,0,0,0,0,0,78,8122,10562,28938,0,0,0,0,0
13,90,5.098,92,1800799,31,-1054,26,69145,0,0,0,0,0,78,8122,10562,28938,0,0,0,0,0
13,90,5.153,93,1800855,31,-1054,26,69145,0,0,0,0,0,78,8122,10562,28938,0,0,0,0,0
13,90,5.211,94,1800911,31,-1054,26,69145,0,0,0,0,0,78,8122,10562,28938,0,0,0,0,0
13,90,5.266,95,1800967,31,-1054,26,69145,0,0,0,0,0,78,8122,10562,28938,0,0,0,0,0
13,90,5.321,96,1801023,31,-1054,26,69145,0,0,0,0,0,78,8122,10562,28938,0,0,0,0,0
13,90,5.38,97,1801079,31,-1054,26,69145,0,0,0,0,0,78,8122,10562,28938,0,0,0,0,0
13,90,5.433,98,1801135,31,-1054,26,69145,0,0,0,0,0,78,8122,10562,28938,0,0,0,0,0
13,90,5.491,99,1801191,31,-1054,26,69145,0,0,0,0,0,78,8122,10562,28938,0,0,0,0,0
13,90,5.546,100,1801247,31,-1054,26,69145,0,0,0,0,0,78,8122,10562,28938,0,0,0,0,0
13,90,5.608,101,1801303,31,-1054,26,69145,0,0,0,0,0,78,8122,10562,28938,0,0,0,0,0
13,90,5.653,102,1801355,31,-1054,26,69145,0,0,0,0,0,78,8122,10562,28938,0,0,0,0,0
13,90,5.711,103,1801411,31,-1054,26,69145,0,0,0,0,0,78,8122,10562,28938,0,0,0,0,0
13,90,5.766,104,1801467,31,-1054,26,69145,0,0,0,0,0,78,8122,10562,28938,0,0,0,0,0
13,90,5.821,105,1801523,31,-1054,26,69145,0,0,0,0,0,78,8122,10562,28938,0,0,0,0,0
13,90,5.878,106,1801579,31,-1054,26,69145,0,0,0,0,0,78,8122,10562,28938,0,0,0,0,0
13,90,5.935,107,1801635,31,-1054,26,69145,0,0,0,0,0,78,8122,10562,28938,0,0,0,0,0
13,90,5.996,108,1801691,31,-1054,26,69145,0,0,0,0,0,78,8122,10562,28938,0,0,0,0,0
13,90,6.045,109,1801747,31,-1054,26,69145,0,0,0,0,0,78,8122,10562,28938,0,0,0,0,0
13,90,6.101,110,1801803,31,-1054,26,69145,0,0,0,0,0,78,8122,10562,28938,0,0,0,0,0
13,90,6.158,111,1801859,31,-1054,26,69145,0,0,0,0,0,78,8122,10562,28938,0,0,0,0,0
13,90,6.216,112,1801915,31,-1054,26,69145,0,0,0,0,0,78,8122,10562,28938,0,0,0,0,0
13,90,6.269,113,1801971,31,-1054,26,69145,0,0,0,0,0,78,8122,10562,28938,0,0,0,0,0
13,90,6.326,114,1802027,31,-1054,26,69145,0,0,0,0,0,78,8122,10562,28938,0,0,0,0,0
13,90,6.382,115,1802083,31,-1054,26,69145,0,0,0,0,0,78,8122,10562,28938,0,0,0,0,0
13,90,6.436,116,1802139,31,-1054,26,69145,0,0,0,0,0,78,8122,10562,28938,0,0,0,0,0
13,90,6.494,117,1802195,31,-1054,26,69145,0,0,0,0,0,78,8122,10562,28938,0,0,0,0,0
13,90,6.55,118,1802251,31,-1054,26,69145,0,0,0,0,0,78,8122,10562,28938,0,0,0,0,0
13,90,6.606,119,1802307,31,-1054,26,69145,0,0,0,0,0,78,8122,10562,28938,0,0,0,0,0
13,90,6.668,120,1802363,31,-1054,26,69145,0,0,0,0,0,78,8122,10562,28938,0,0,0,0,0
13,90,6.714,121,1802415,31,-1054,26,69145,0,0,0,0,0,78,8122,10562,28938,0,0,0,0,0
13,90,6.77,122,1802471,31,-1054,26,69145,0,0,0,0,0,78,8122,10562,28938,0,0,0,0,0
13,90,6.825,123,1802527,31,-1054,26,69145,0,0,0,0,0,78,8122,10562,28938,0,0,0,0,0
13,90,6.882,124,1802583,31,-1054,26,69145,0,0,0,0,0,78,8122,10562,28938,0,0,0,0,0
13,90,6.937,125,1802639,31,-1054,26,69145,0,0,0,0,0,78,8122,10562,28938,0,0,0,0,0
13,90,6.996,126,1802695,31,-1054,26,69145,0,0,0,0,0,78,8122,10562,28938,0,0,0,0,0
13,90,7.05,127,1802751,31,-1054,26,69145,0,0,0,0,0,78,8122,10562,28938,0,0,0,0,0
13,90,7.106,0,1802807,31,-1054,26,69145,0,0,0,0,0,78,8122,10562,28938,0,0,0,0,0
14,-90,-0.044,93,1807995,31,-1054,26,69145,0,0,0,0,0,78,8122,10562,28938,0,0,0,0,0
14,-90,0.01,94,1808051,31,-1054,26,69145,0,0,0,0,0,78,8122,10562,28938,0,0,0,0,0
14,-90,0.074,95,1808111,31,-1054,26,69134,0,0,0,0,0,79,8124,10562,28935,1000,-1000,0,0,0
14,-90,0.143,96,1808183,31,-1055,26,68949,0,0,0,36,-36,79,8127,10584,28908,1200,-1300,0,0,0
14,-90,0.216,97,1808255,31,-1055,27,68637,0,0,0,36,-53,79,8130,10617,28858,1500,-1300,0,0,0
14,-90,0.287,98,1808327,31,-1056,27,68197,0,0,0,62,-72,79,8133,10670,28794,1500,-1400,0,0,0
14,-90,0.365,99,1808399,31,-1056,27,67715,0,0,0,62,-82,79,8136,10728,28724,1600,-1400,0,0,0
14,-90,0.431,100,1808471,31,-1056,27,67215,0,0,0,62,-82,79,8139,10789,28652,1600,-1300,0,0,0
14,-90,0.503,101,1808543,31,-1056,28,66722,0,0,0,62,-76,79,8142,10853,28585,1500,-1300,0,0,0
14,-90,0.576,102,1808615,31,-1056,28,66210,0,0,0,82,-72,79,8145,10920,28516,1500,-1300,0,0,0
14,-90,0.647,103,1808687,31,-1056,28,65762,0,0,0,62,-53,79,8148,10981,28458,1500,-1300,0,0,0
14,-90,0.73,104,1808760,31,-1056,28,65269,0,0,0,72,-72,79,8151,11045,28391,1600,-1200,0,0,0
14,-90,0.791,105,1808831,31,-1056,28,64758,0,0,0,92,-77,80,8154,11112,28322,1500,-1400,0,0,0
14,-90,0.872,106,1808903,31,-1056,28,64287,0,0,0,72,-72,80,8157,11173,28258,1500,-1300,0,0,0
14,-90,0.936,107,1808975,31,-1056,28,63776,0,0,0,70,-79,80,8160,11239,28188,1500,-1300,0,0,0
14,-90,1.008,108,1809047,31,-1056,28,63294,0,0,0,72,-62,80,8163,11309,28130,1600,-1200,0,0,0
14,-90,1.079,109,1809119,31,-1056,28,62801,0,0,0,66,-72,80,8166,11373,28063,1600,-1200,0,0,0
14,-90,1.152,110,1809191,31,-1056,28,62293,0,0,0,62,-82,80,8169,11439,27994,1500,-1200,0,0,0
14,-90,1.225,111,1809263,31,-1056,28,61800,0,0,0,72,-72,80,8172,11506,27930,1500,-1200,0,0,0
14,-90,1.299,112,1809335,31,-1056,27,61277,0,0,0,92,-64,81,8175,11581,27866,1500,-1400,0,0,0
14,-90,1.367,113,1809407,31,-1056,27,60773,0,0,0,82,-75,81,8178,11648,27799,0,0,0,0,0
14,-90,1.438,114,1809479,31,-1056,27,60630,0,0,0,0,0,81,8181,11664,27777,0,0,0,0,0
14,-90,1.517,115,1809551,31,-1056,27,60660,0,0,0,0,26,81,8184,11664,27785,-1400,1500,0,0,0
14,-90,1.583,116,1809623,31,-1057,27,61048,0,0,0,-56,56,81,8187,11617,27841,0,0,0,0,0
14,-90,1.665,117,1809696,31,-1057,27,61172,0,0,0,0,0,81,8190,11601,27858,0,0,0,0,0
14,-90,1.727,118,1809767,31,-1057,27,61153,0,0,0,7,-10,81,8193,11603,27855,1200,-1100,0,0,0
14,-90,1.801,119,1809839,31,-1057,27,60859,0,0,0,36,-36,81,8196,11639,27813,1500,-1200,0,0,0
14,-90,1.872,120,1809911,31,-1057,27,60408,0,0,0,75,-62,81,8199,11701,27755,1500,-1300,0,0,0
14,-90,1.943,121,1809984,31,-1057,27,60118,0,0,0,0,0,81,8203,11742,27719,0,0,0,0,0
14,-90,1.996,122,1810035,31,-1057,27,60118,0,0,0,0,0,81,8204,11742,27719,0,0,0,0,0
14,-90,2.052,123,1810091,31,-1057,27,60118,0,0,0,0,0,81,8204,11742,27719,0,0,0,0,0
14,-90,2.108,124,1810147,31,-1057,27,60118,0,0,0,0,0,81,8204,11742,27719,0,0,0,0,0
14,-90,2.171,125,1810203,31,-1057,27,60118,0,0,0,0,0,81,8204,11742,27719,0,0,0,0,0
14,-90,2.215,126,1810255,31,-1057,27,60118,0,0,0,0,0,81,8204,11742,27719,0,0,0,0,0
14,-90,2.27,127,1810311,31,-1057,27,60118,0,0,0,0,0,81,8204,11742,27719,0,0,0,0,0
14,-90,2.326,0,1810367,31,-1057,27,60118,0,0,0,0,0,81,8204,11742,27719,0,0,0,0,0
14,-90,2.382,1,1810423,31,-1057,27,60118,0,0,0,0,0,81,8204,11742,27719,0,0,0,0,0
14,-90,2.438,2,1810479,31,-1057,27,60118,0,0,0,0,0,81,8204,11742,27719,0,0,0,0,0
14,-90,2.495,3,1810535,31,-1057,27,60118,0,0,0,0,0,81,8204,11742,27719,0,0,0,0,0
14,-90,2.549,4,1810591,31,-1057,27,60118,0,0,0,0,0,81,8204,11742,27719,0,0,0,0,0
14,-90,2.606,5,1810647,31,-1057,27,60118,0,0,0,0,0,81,8204,11742,27719,0,0,0,0,0
14,-90,2.662,6,1810703,31,-1057,27,60118,0,0,0,0,0,81,8204,11742,27719,0,0,0,0,0
14,-90,2.719,7,1810759,31,-1057,27,60118,0,0,0,0,0,81,8204,11742,27719,0,0,0,0,0
14,-90,2.774,8,1810815,31,-1057,27,60118,0,0,0,0,0,81,8204,11742,27719,0,0,0,0,0
14,-90,2.83,9,1810871,31,-1057,27,60118,0,0,0,0,0,81,8204,11742,27719,0,0,0,0,0
14,-90,2.888,10,1810927,31,-1057,27,60118,0,0,0,0,0,81,8204,11742,27719,0,0,0,0,0
14,-90,2.948,11,1810983,31,-1057,27,60118,0,0,0,0,0,81,8204,11742,27719,0,0,0,0,0
14,-90,2.999,12,1811039,31,-1057,27,60118,0,0,0,0,0,81,8204,11742,27719,0,0,0,0,0
14,-90,3.054,13,1811095,31,-1057,27,60118,0,0,0,0,0,81,8204,11742,27719,0,0,0,0,0
14,-90,3.11,14,1811151,31,-1057,27,60118,0,0,0,0,0,81,8204,11742,27719,0,0,0,0,0
14,-90,3.166,15,1811207,31,-1057,27,60118,0,0,0,0,0,81,8204,11742,27719,0,0,0,0,0
14,-90,3.228,16,1811263,31,-1057,27,60118,0,0,0,0,0,81,8204,11742,27719,0,0,0,0,0
14,-90,3.274,17,1811315,31,-1057,27,60118,0,0,0,0,0,81,8204,11742,27719,0,0,0,0,0
14,-90,3.33,18,1811371,31,-1057,27,60118,0,0,0,0,0,81,8204,11742,27719,0,0,0,0,0
14,-90,3.386,19,1811427,31,-1057,27,60118,0,0,0,0,0,81,8204,11742,27719,0,0,0,0,0
14,-90,3.443,20,1811483,31,-1057,27,60118,0,0,0,0,0,81,8204,11742,27719,0,0,0,0,0
14,-90,3.5,21,1811539,31,-1057,27,60118,0,0,0,0,0,81,8204,11742,27719,0,0,0,0,0
14,-90,3.554,22,1811595,31,-1057,27,60118,0,0,0,0,0,81,8204,11742,27719,0,0,0,0,0
14,-90,3.61,23,1811651,31,-1057,27,60118,0,0,0,0,0,81,8204,11742,27719,0,0,0,0,0
14,-90,3.668,24,1811707,31,-1057,27,60118,0,0,0,0,0,81,8204,11742,27719,0,0,0,0,0
14,-90,3.723,25,1811763,31,-1057,27,60118,0,0,0,0,0,81,8204,11742,27719,0,0,0,0,0
14,-90,3.784,26,1811819,31,-1057,27,60118,0,0,0,0,0,81,8204,11742,27719,0,0,0,0,0
14,-90,3.834,27,1811875,31,-1057,27,60118,0,0,0,0,0,81,8204,11742,27719,0,0,0,0,0
14,-90,3.889,28,1811931,31,-1057,27,60118,0,0,0,0,0,81,8204,11742,27719,0,0,0,0,0
14,-90,3.946,29,1811987,31,-1057,27,60118,0,0,0,0,0,81,8204,11742,27719,0,0,0,0,0
14,-90,4.002,30,1812043,31,-1057,27,60118,0,0,0,0,0,81,8204,11742,27719,0,0,0,0,0
14,-90,4.059,31,1812099,31,-1057,27,60118,0,0,0,0,0,81,8204,11742,27719,0,0,0,0,0
14,-90,4.116,32,1812155,31,-1057,27,60118,0,0,0,0,0,81,8204,11742,27719,0,0,0,0,0
14,-90,4.169,33,1812211,31,-1057,27,60118,0,0,0,0,0,81,8204,11742,27719,0,0,0,0,0
14,-90,4.226,34,1812267,31,-1057,27,60118,0,0,0,0,0,81,8204,11742,27719,0,0,0,0,0
14,-90,4.288,35,1812323,31,-1057,27,60118,0,0,0,0,0,81,8204,11742,27719,0,0,0,0,0
14,-90,4.334,36,1812375,31,-1057,27,60118,0,0,0,0,0,81,8204,11742,27719,0,0,0,0,0
14,-90,4.39,37,1812431,31,-1057,27,60118,0,0,0,0,0,81,8204,11742,27719,0,0,0,0,0
14,-90,4.447,38,1812487,31,-1057,27,60118,0,0,0,0,0,81,8204,11742,27719,0,0,0,0,0
14,-90,4.503,39,1812543,31,-1057,27,60118,0,0,0,0,0,81,8204,11742,27719,0,0,0,0,0
14,-90,4.557,40,1812599,31,-1057,27,60118,0,0,0,0,0,81,8204,11742,27719,0,0,0,0,0
14,-90,4.614,41,1812655,31,-1057,27,60118,0,0,0,0,0,81,8204,11742,27719,0,0,0,0,0
14,-90,4.669,42,1812711,31,-1057,27,60118,0,0,0,0,0,81,8204,11742,27719,0,0,0,0,0
14,-90,4.725,43,1812767,31,-1057,27,60118,0,0,0,0,0,81,8204,11742,27719,0,0,0,0,0
14,-90,4.782,44,1812823,31,-1057,27,60118,0,0,0,0,0,81,8204,11742,27719,0,0,0,0,0
14,-90,4.838,45,1812879,31,-1057,27,60118,0,0,0,0,0,81,8204,11742,27719,0,0,0,0,0
14,-90,4.895,46,1812935,31,-1057,27,60118,0,0,0,0,0,81,8204,11742,27719,0,0,0,0,0
14,-90,4.95,47,1812991,31,-1057,27,60118,0,0,0,0,0,81,8204,11742,27719,0,0,0,0,0
14,-90,5.006,48,1813047,31,-1057,27,60118,0,0,0,0,0,81,8204,11742,27719,0,0,0,0,0
14,-90,5.062,49,1813103,31,-1057,27,60118,0,0,0,0,0,81,8204,11742,27719,0,0,0,0,0
14,-90,5.122,50,1813159,31,-1057,27,60118,0,0,0,0,0,81,8204,11742,27719,0,0,0,0,0
14,-90,5.174,51,1813215,31,-1057,27,60118,0,0,0,0,0,81,8204,11742,27719,0,0,0,0,0
14,-90,5.23,52,1813271,31,-1057,27,60118,0,0,0,0,0,81,8204,11742,27719,0,0,0,0,0
14,-90,5.285,53,1813327,31,-1057,27,60118,0,0,0,0,0,81,8204,11742,27719,0,0,0,0,0
14,-90,5.351,54,1813383,31,-1057,27,60118,0,0,0,0,0,81,8204,11742,27719,0,0,0,0,0
14,-90,5.393,55,1813435,31,-1057,27,60118,0,0,0,0,0,81,8204,11742,27719,0,0,0,0,0
14,-90,5.45,56,1813491,31,-1057,27,60118,0,0,0,0,0,81,8204,11742,27719,0,0,0,0,0
14,-90,5.509,57,1813547,31,-1057,27,60118,0,0,0,0,0,81,8204,11742,27719,0,0,0,0,0
14,-90,5.562,58,1813603,31,-1057,27,60118,0,0,0,0,0,81,8204,11742,27719,0,0,0,0,0
14,-90,5.617,59,1813659,31,-1057,27,60118,0,0,0,0,0,81,8204,11742,27719,0,0,0,0,0
14,-90,5.676,60,1813715,31,-1057,27,60118,0,0,0,0,0,81,8204,11742,27719,0,0,0,0,0
14,-90,5.732,61,1813771,31,-1057,27,60118,0,0,0,0,0,81,8204,11742,27719,0,0,0,0,0
14,-90,5.786,62,1813827,31,-1057,27,60118,0,0,0,0,0,81,8204,11742,27719,0,0,0,0,0
14,-90,5.842,63,1813883,31,-1057,27,60118,0,0,0,0,0,81,8204,11742,27719,0,0,0,0,0
14,-90,5.898,64,1813939,31,-1057,27,60118,0,0,0,0,0,81,8204,11742,27719,0,0,0,0,0
14,-90,5.954,65,1813995,31,-1057,27,60118,0,0,0,0,0,81,8204,11742,27719,0,0,0,0,0
14,-90,6.013,66,1814051,31,-1057,27,60118,0,0,0,0,0,81,8204,11742,27719,0,0,0,0,0
14,-90,6.066,67,1814107,31,-1057,27,60118,0,0,0,0,0,81,8204,11742,27719,0,0,0,0,0
14,-90,6.125,68,1814163,31,-1057,27,60118,0,0,0,0,0,81,8204,11742,27719,0,0,0,0,0
14,-90,6.18,69,1814219,31,-1057,27,60118,0,0,0,0,0,81,8204,11742,27719,0,0,0,0,0
14,-90,6.234,70,1814275,31,-1057,27,60118,0,0,0,0,0,81,8204,11742,27719,0,0,0,0,0
14,-90,6.29,71,1814331,31,-1057,27,60118,0,0,0,0,0,81,8204,11742,27719,0,0,0,0,0
14,-90,6.345,72,1814387,31,-1057,27,60118,0,0,0,0,0,81,8204,11742,27719,0,0,0,0,0
14,-90,6.409,73,1814443,31,-1057,27,60118,0,0,0,0,0,81,8204,11742,27719,0,0,0,0,0
14,-90,6.454,74,1814495,31,-1057,27,60118,0,0,0,0,0,81,8204,11742,27719,0,0,0,0,0
14,-90,6.51,75,1814551,31,-1057,27,60118,0,0,0,0,0,81,8204,11742,27719,0,0,0,0,0
14,-90,6.567,76,1814607,31,-1057,27,60118,0,0,0,0,0,81,8204,11742,27719,0,0,0,0,0
14,-90,6.621,77,1814663,31,-1057,27,60118,0,0,0,0,0,81,8204,11742,27719,0,0,0,0,0
14,-90,6.678,78,1814719,31,-1057,27,60118,0,0,0,0,0,81,8204,11742,27719,0,0,0,0,0
14,-90,6.74,79,1814775,31,-1057,27,60118,0,0,0,0,0,81,8204,11742,27719,0,0,0,0,0
14,-90,6.793,80,1814831,31,-1057,27,60118,0,0,0,0,0,81,8204,11742,27719,0,0,0,0,0
14,-90,6.846,81,1814887,31,-1057,27,60118,0,0,0,0,0,81,8204,11742,27719,0,0,0,0,0
14,-90,6.903,82,1814943,31,-1057,27,60118,0,0,0,0,0,81,8204,11742,27719,0,0,0,0,0
14,-90,6.958,83,1814999,31,-1057,27,60118,0,0,0,0,0,81,8204,11742,27719,0,0,0,0,0
14,-90,7.015,84,1815055,31,-1057,27,60118,0,0,0,0,0,81,8204,11742,27719,0,0,0,0,0
14,-90,7.07,85,1815111,31,-1057,27,60118,0,0,0,0,0,81,8204,11742,27719,0,0,0,0,0
14,-90,7.125,86,1815167,31,-1057,27,60118,0,0,0,0,0,81,8204,11742,27719,0,0,0,0,0
14,-90,7.183,87,1815223,31,-1057,27,60118,0,0,0,0,0,81,8204,11742,27719,0,0,0,0,0
14,-90,7.243,88,1815279,31,-1057,27,60118,0,0,0,0,0,81,8204,11742,27719,0,0,0,0,0
14,-90,7.293,89,1815335,31,-1057,27,60118,0,0,0,0,0,81,8204,11742,27719,0,0,0,0,0
14,-90,7.353,90,1815391,31,-1057,27,60118,0,0,0,0,0,81,8204,11742,27719,0,0,0,0,0
14,-90,7.407,91,1815447,31,-1057,27,60118,0,0,0,0,0,81,8204,11742,27719,0,0,0,0,0
15,107,-0.047,46,1820075,31,-1057,27,60118,0,0,0,0,0,81,8204,11742,27719,0,0,0,0,0
15,107,0.004,47,1820131,31,-1057,27,60118,0,0,0,0,0,81,8204,11742,27719,0,0,0,0,0
15,107,0.079,48,1820199,31,-1057,27,60107,0,0,0,8,0,81,8206,11745,27719,-1000,1000,0,0,0
15,107,0.145,49,1820271,31,-1057,27,60344,0,0,0,-36,26,81,8209,11712,27749,-1200,1200,0,0,0
15,107,0.218,50,1820343,31,-1057,27,60649,0,0,0,-56,46,81,8212,11670,27788,-1400,1400,0,0,0
15,107,0.29,51,1820415,31,-1057,27,61055,0,0,0,-72,53,81,8215,11612,27838,-1400,1500,0,0,0
15,107,0.361,52,1820487,31,-1056,27,61529,0,0,0,-72,75,81,8218,11545,27897,-1400,1600,0,0,0
15,107,0.433,53,1820559,31,-1056,28,62060,0,0,0,-82,72,81,8221,11470,27963,-1400,1500,0,0,0
15,107,0.507,54,1820631,31,-1056,28,62583,0,0,0,-62,82,81,8224,11401,28033,-1300,1500,0,0,0
15,107,0.579,55,1820703,31,-1056,31,62857,0,0,0,-66,0,83,8227,11328,28033,-1300,1600,0,0,0
15,107,0.649,56,1820775,31,-1056,31,63294,0,0,0,-72,82,83,8230,11262,28083,-1300,1500,0,0,0
15,107,0.736,57,1820848,31,-1056,31,63847,0,0,0,-72,89,83,8233,11195,28163,-1200,1500,0,0,0
15,107,0.798,58,1820919,31,-1056,30,64393,0,0,0,-75,92,83,8236,11128,28241,-1200,1500,0,0,0
15,107,0.873,59,1820991,31,-1057,33,64652,0,0,0,-82,0,85,8239,11059,28241,-1300,1600,0,0,0
15,107,0.937,60,1821063,31,-1057,33,65081,0,0,0,-79,96,85,8242,10995,28291,-1300,1600,0,0,0
15,107,1.01,61,1821135,31,-1057,33,65623,0,0,0,-75,82,85,8245,10928,28368,-1200,1600,0,0,0
15,107,1.081,62,1821207,31,-1057,33,66165,0,0,0,-72,72,85,8248,10862,28446,-1200,1600,0,0,0
15,107,1.154,63,1821279,31,-1056,32,66718,0,0,0,-52,99,85,8251,10801,28532,-1100,1500,0,0,0
15,107,1.225,64,1821351,31,-1056,31,67275,0,0,0,-72,92,85,8254,10734,28613,-1200,1500,0,0,0
15,107,1.297,65,1821423,31,-1055,31,67839,0,0,0,-72,92,85,8257,10667,28696,-1200,1600,0,0,0
15,107,1.37,66,1821495,31,-1055,31,68400,0,0,0,-72,89,85,8260,10601,28779,-1100,1600,0,0,0
15,107,1.44,67,1821567,31,-1054,30,68946,0,0,0,-72,92,85,8263,10534,28857,-1200,1600,0,0,0
15,107,1.515,68,1821639,31,-1053,30,69510,0,0,0,-62,82,85,8266,10470,28943,-1100,1500,0,0,0
15,107,1.585,69,1821711,31,-1053,30,70056,0,0,0,-66,82,85,8269,10406,29024,0,0,0,0,0
15,107,1.667,70,1821784,31,-1053,30,70202,0,0,0,0,0,85,8272,10389,29046,0,0,0,0,0
15,107,1.73,71,1821855,31,-1053,30,70161,0,0,0,20,-16,85,8275,10395,29041,1600,-1500,0,0,0
15,107,1.809,72,1821927,31,-1053,30,69785,0,0,0,53,-62,85,8278,10439,28985,0,0,0,0,0
15,107,1.874,73,1821999,31,-1053,30,69604,0,0,0,0,0,86,8281,10459,28957,0,0,0,0,0
15,107,1.946,74,1822071,31,-1053,30,69604,0,0,0,0,0,86,8284,10459,28957,-1000,1300,0,0,0
15,107,2.016,75,1822143,31,-1053,30,69950,0,0,0,-56,46,86,8287,10417,29007,-1200,1400,0,0,0
15,107,2.089,76,1822215,31,-1053,30,70409,0,0,0,-62,66,86,8290,10362,29074,-1300,1400,0,0,0
15,107,2.186,77,1822312,31,-1053,30,70914,0,0,0,0,0,86,8295,10295,29141,0,0,0,0,0
15,107,2.244,78,1822363,31,-1053,30,70914,0,0,0,0,0,86,8297,10295,29141,0,0,0,0,0
15,107,2.291,79,1822419,31,-1053,30,70914,0,0,0,0,0,86,8298,10295,29141,0,0,0,0,0
15,107,2.349,80,1822475,31,-1053,30,70914,0,0,0,0,0,86,8298,10295,29141,0,0,0,0,0
15,107,2.404,81,1822531,31,-1053,30,70914,0,0,0,0,0,86,8298,10295,29141,0,0,0,0,0
15,107,2.461,82,1822587,31,-1053,30,70914,0,0,0,0,0,86,8298,10295,29141,0,0,0,0,0
15,107,2.516,83,1822643,31,-1053,30,70914,0,0,0,0,0,86,8298,10295,29141,0,0,0,0,0
15,107,2.573,84,1822699,31,-1053,30,70914,0,0,0,0,0,86,8298,10295,29141,0,0,0,0,0
15,107,2.628,85,1822755,31,-1053,30,70914,0,0,0,0,0,86,8298,10295,29141,0,0,0,0,0
15,107,2.687,86,1822811,31,-1053,30,70914,0,0,0,0,0,86,8298,10295,29141,0,0,0,0,0
15,107,2.744,87,1822867,31,-1053,30,70914,0,0,0,0,0,86,8298,10295,29141,0,0,0,0,0
15,107,2.797,88,1822923,31,-1053,30,70914,0,0,0,0,0,86,8298,10295,29141,0,0,0,0,0
15,107,2.852,89,1822979,31,-1053,30,70914,0,0,0,0,0,86,8298,10295,29141,0,0,0,0,0
15,107,2.91,90,1823035,31,-1053,30,70914,0,0,0,0,0,86,8298,10295,29141,0,0,0,0,0
15,107,2.964,91,1823091,31,-1053,30,70914,0,0,0,0,0,86,8298,10295,29141,0,0,0,0,0
15,107,3.021,92,1823147,31,-1053,30,70914,0,0,0,0,0,86,8298,10295,29141,0,0,0,0,0
15,107,3.078,93,1823203,31,-1053,30,70914,0,0,0,0,0,86,8298,10295,29141,0,0,0,0,0
15,107,3.133,94,1823259,31,-1053,30,70914,0,0,0,0,0,86,8298,10295,29141,0,0,0,0,0
15,107,3.189,95,1823315,31,-1053,30,70914,0,0,0,0,0,86,8298,10295,29141,0,0,0,0,0
15,107,3.246,96,1823371,31,-1053,30,70914,0,0,0,0,0,86,8298,10295,29141,0,0,0,0,0
15,107,3.308,97,1823427,31,-1053,30,70914,0,0,0,0,0,86,8298,10295,29141,0,0,0,0,0
15,107,3.358,98,1823479,31,-1053,30,70914,0,0,0,0,0,86,8298,10295,29141,0,0,0,0,0
15,107,3.409,99,1823535,31,-1053,30,70914,0,0,0,0,0,86,8298,10295,29141,0,0,0,0,0
15,107,3.493,100,1823591,31,-1053,30,70914,0,0,0,0,0,86,8298,10295,29141,0,0,0,0,0
15,107,3.526,101,1823647,31,-1053,30,70914,0,0,0,0,0,86,8298,10295,29141,0,0,0,0,0
15,107,3.581,102,1823703,31,-1053,30,70914,0,0,0,0,0,86,8298,10295,29141,0,0,0,0,0
15,107,3.633,103,1823759,31,-1053,30,70914,0,0,0,0,0,86,8298,10295,29141,0,0,0,0,0
15,107,3.689,104,1823815,31,-1053,30,70914,0,0,0,0,0,86,8298,10295,29141,0,0,0,0,0
15,107,3.744,105,1823871,31,-1053,30,70914,0,0,0,0,0,86,8298,10295,29141,0,0,0,0,0
15,107,3.801,106,1823927,31,-1053,30,70914,0,0,0,0,0,86,8298,10295,29141,0,0,0,0,0
15,107,3.857,107,1823983,31,-1053,30,70914,0,0,0,0,0,86,8298,10295,29141,0,0,0,0,0
15,107,3.913,108,1824039,31,-1053,30,70914,0,0,0,0,0,86,8298,10295,29141,0,0,0,0,0
15,107,3.971,109,1824095,31,-1053,30,70914,0,0,0,0,0,86,8298,10295,29141,0,0,0,0,0
15,107,4.025,110,1824151,31,-1053,30,70914,0,0,0,0,0,86,8298,10295,29141,0,0,0,0,0
15,107,4.081,111,1824207,31,-1053,30,70914,0,0,0,0,0,86,8298,10295,29141,0,0,0,0,0
15,107,4.137,112,1824263,31,-1053,30,70914,0,0,0,0,0,86,8298,10295,29141,0,0,0,0,0
15,107,4.193,113,1824319,31,-1053,30,70914,0,0,0,0,0,86,8298,10295,29141,0,0,0,0,0
15,107,4.248,114,1824375,31,-1053,30,70914,0,0,0,0,0,86,8298,10295,29141,0,0,0,0,0
15,107,4.304,115,1824431,31,-1053,30,70914,0,0,0,0,0,86,8298,10295,29141,0,0,0,0,0
15,107,4.368,116,1824487,31,-1053,30,70914,0,0,0,0,0,86,8298,10295,29141,0,0,0,0,0
15,107,4.411,117,1824539,31,-1053,30,70914,0,0,0,0,0,86,8298,10295,29141,0,0,0,0,0
15,107,4.469,118,1824595,31,-1053,30,70914,0,0,0,0,0,86,8298,10295,29141,0,0,0,0,0
15,107,4.524,119,1824651,31,-1053,30,70914,0,0,0,0,0,86,8298,10295,29141,0,0,0,0,0
15,107,4.587,120,1824707,31,-1053,30,70914,0,0,0,0,0,86,8298,10295,29141,0,0,0,0,0
15,107,4.636,121,1824763,31,-1053,30,70914,0,0,0,0,0,86,8298,10295,29141,0,0,0,0,0
15,107,4.693,122,1824819,31,-1053,30,70914,0,0,0,0,0,86,8298,10295,29141,0,0,0,0,0
15,107,4.75,123,1824875,31,-1053,30,70914,0,0,0,0,0,86,8298,10295,29141,0,0,0,0,0
15,107,4.805,124,1824931,31,-1053,30,70914,0,0,0,0,0,86,8298,10295,29141,0,0,0,0,0
15,107,4.862,125,1824987,31,-1053,30,70914,0,0,0,0,0,86,8298,10295,29141,0,0,0,0,0
15,107,4.915,126,1825043,31,-1053,30,70914,0,0,0,0,0,86,8298,10295,29141,0,0,0,0,0
15,107,4.973,127,1825099,31,-1053,30,70914,0,0,0,0,0,86,8298,10295,29141,0,0,0,0,0
15,107,5.029,0,1825155,31,-1053,30,70914,0,0,0,0,0,86,8298,10295,29141,0,0,0,0,0
15,107,5.085,1,1825211,31,-1053,30,70914,0,0,0,0,0,86,8298,10295,29141,0,0,0,0,0
15,107,5.141,2,1825267,31,-1053,30,70914,0,0,0,0,0,86,8298,10295,29141,0,0,0,0,0
15,107,5.198,3,1825323,31,-1053,30,70914,0,0,0,0,0,86,8298,10295,29141,0,0,0,0,0
15,107,5.253,4,1825379,31,-1053,30,70914,0,0,0,0,0,86,8298,10295,29141,0,0,0,0,0
15,107,5.309,5,1825435,31,-1053,30,70914,0,0,0,0,0,86,8298,10295,29141,0,0,0,0,0
15,107,5.365,6,1825491,31,-1053,30,70914,0,0,0,0,0,86,8298,10295,29141,0,0,0,0,0
15,107,5.43,7,1825547,31,-1053,30,70914,0,0,0,0,0,86,8298,10295,29141,0,0,0,0,0
15,107,5.473,8,1825599,31,-1053,30,70914,0,0,0,0,0,86,8298,10295,29141,0,0,0,0,0
15,107,5.529,9,1825655,31,-1053,30,70914,0,0,0,0,0,86,8298,10295,29141,0,0,0,0,0
15,107,5.585,10,1825711,31,-1053,30,70914,0,0,0,0,0,86,8298,10295,29141,0,0,0,0,0
15,107,5.639,11,1825767,31,-1053,30,70914,0,0,0,0,0,86,8298,10295,29141,0,0,0,0,0
15,107,5.696,12,1825823,31,-1053,30,70914,0,0,0,0,0,86,8298,10295,29141,0,0,0,0,0
15,107,5.752,13,1825879,31,-1053,30,70914,0,0,0,0,0,86,8298,10295,29141,0,0,0,0,0
15,107,5.813,14,1825935,31,-1053,30,70914,0,0,0,0,0,86,8298,10295,29141,0,0,0,0,0
15,107,5.865,15,1825991,31,-1053,30,70914,0,0,0,0,0,86,8298,10295,29141,0,0,0,0,0
15,107,5.921,16,1826047,31,-1053,30,70914,0,0,0,0,0,86,8298,10295,29141,0,0,0,0,0
15,107,5.977,17,1826103,31,-1053,30,70914,0,0,0,0,0,86,8298,10295,29141,0,0,0,0,0
15,107,6.033,18,1826159,31,-1053,30,70914,0,0,0,0,0,86,8298,10295,29141,0,0,0,0,0
15,107,6.09,19,1826215,31,-1053,30,70914,0,0,0,0,0,86,8298,10295,29141,0,0,0,0,0
15,107,6.145,20,1826271,31,-1053,30,70914,0,0,0,0,0,86,8298,10295,29141,0,0,0,0,0
15,107,6.201,21,1826327,31,-1053,30,70914,0,0,0,0,0,86,8298,10295,29141,0,0,0,0,0
15,107,6.257,22,1826383,31,-1053,30,70914,0,0,0,0,0,86,8298,10295,29141,0,0,0,0,0
15,107,6.313,23,1826439,31,-1053,30,70914,0,0,0,0,0,86,8298,10295,29141,0,0,0,0,0
15,107,6.368,24,1826495,31,-1053,30,70914,0,0,0,0,0,86,8298,10295,29141,0,0,0,0,0
15,107,6.428,25,1826551,31,-1053,30,70914,0,0,0,0,0,86,8298,10295,29141,0,0,0,0,0
15,107,6.488,26,1826607,31,-1053,30,70914,0,0,0,0,0,86,8298,10295,29141,0,0,0,0,0
15,107,6.533,27,1826659,31,-1053,30,70914,0,0,0,0,0,86,8298,10295,29141,0,0,0,0,0
15,107,6.589,28,1826715,31,-1053,30,70914,0,0,0,0,0,86,8298,10295,29141,0,0,0,0,0
15,107,6.645,29,1826771,31,-1053,30,70914,0,0,0,0,0,86,8298,10295,29141,0,0,0,0,0
15,107,6.701,30,1826827,31,-1053,30,70914,0,0,0,0,0,86,8298,10295,29141,0,0,0,0,0
15,107,6.756,31,1826883,31,-1053,30,70914,0,0,0,0,0,86,8298,10295,29141,0,0,0,0,0
15,107,6.812,32,1826939,31,-1053,30,70914,0,0,0,0,0,86,8298,10295,29141,0,0,0,0,0
15,107,6.869,33,1826995,31,-1053,30,70914,0,0,0,0,0,86,8298,10295,29141,0,0,0,0,0
15,107,6.925,34,1827051,31,-1053,30,70914,0,0,0,0,0,86,8298,10295,29141,0,0,0,0,0
15,107,6.984,35,1827107,31,-1053,30,70914,0,0,0,0,0,86,8298,10295,29141,0,0,0,0,0
15,107,7.043,36,1827163,31,-1053,30,70914,0,0,0,0,0,86,8298,10295,29141,0,0,0,0,0
15,107,7.093,37,1827219,31,-1053,30,70914,0,0,0,0,0,86,8298,10295,29141,0,0,0,0,0
15,107,7.147,38,1827275,31,-1053,30,70914,0,0,0,0,0,86,8298,10295,29141,0,0,0,0,0
15,107,7.205,39,1827331,31,-1053,30,70914,0,0,0,0,0,86,8298,10295,29141,0,0,0,0,0
15,107,7.261,40,1827387,31,-1053,30,70914,0,0,0,0,0,86,8298,10295,29141,0,0,0,0,0
15,107,7.318,41,1827443,31,-1053,30,70914,0,0,0,0,0,86,8298,10295,29141,0,0,0,0,0
15,107,7.373,42,1827499,31,-1053,30,70914,0,0,0,0,0,86,8298,10295,29141,0,0,0,0,0
15,107,7.429,43,1827555,31,-1053,30,70914,0,0,0,0,0,86,8298,10295,29141,0,0,0,0,0
15,107,7.483,44,1827611,31,-1053,30,70914,0,0,0,0,0,86,8298,10295,29141,0,0,0,0,0
15,107,7.555,45,1827667,31,-1053,30,70914,0,0,0,0,0,86,8298,10295,29141,0,0,0,0,0
15,107,7.593,46,1827719,31,-1053,30,70914,0,0,0,0,0,86,8298,10295,29141,0,0,0,0,0
15,107,7.649,47,1827775,31,-1053,30,70914,0,0,0,0,0,86,8298,10295,29141,0,0,0,0,0
15,107,7.705,48,1827831,31,-1053,30,70914,0,0,0,0,0,86,8298,10295,29141,0,0,0,0,0
15,107,7.762,49,1827887,31,-1053,30,70914,0,0,0,0,0,86,8298,10295,29141,0,0,0,0,0
15,107,7.817,50,1827943,31,-1053,30,70914,0,0,0,0,0,86,8298,10295,29141,0,0,0,0,0
15,107,7.871,51,1827999,31,-1053,30,70914,0,0,0,0,0,86,8298,10295,29141,0,0,0,0,0
15,107,7.928,52,1828055,31,-1053,30,70914,0,0,0,0,0,86,8298,10295,29141,0,0,0,0,0
15,107,7.985,53,1828111,31,-1053,30,70914,0,0,0,0,0,86,8298,10295,29141,0,0,0,0,0
15,107,8.046,54,1828167,31,-1053,30,70914,0,0,0,0,0,86,8298,10295,29141,0,0,0,0,0
15,107,8.096,55,1828223,31,-1053,30,70914,0,0,0,0,0,86,8298,10295,29141,0,0,0,0,0
15,107,8.153,56,1828279,31,-1053,30,70914,0,0,0,0,0,86,8298,10295,29141,0,0,0,0,0
15,107,8.21,57,1828335,31,-1053,30,70914,0,0,0,0,0,86,8298,10295,29141,0,0,0,0,0
15,107,8.275,58,1828391,31,-1053,30,70914,0,0,0,0,0,86,8298,10295,29141,0,0,0,0,0
15,107,8.321,59,1828447,31,-1053,30,70914,0,0,0,0,0,86,8298,10295,29141,0,0,0,0,0
15,107,8.377,60,1828503,31,-1053,30,70914,0,0,0,0,0,86,8298,10295,29141,0,0,0,0,0
15,107,8.433,61,1828559,31,-1053,30,70914,0,0,0,0,0,86,8298,10295,29141,0,0,0,0,0
16,-107,-0.004,18,1833299,31,-1053,30,70914,0,0,0,0,0,86,8298,10295,29141,0,0,0,0,0
16,-107,0.05,19,1833351,31,-1053,30,70914,0,0,0,0,0,86,8299,10295,29141,800,-800,0,0,0
16,-107,0.122,20,1833423,31,-1053,30,70767,0,0,0,16,-26,86,8302,10306,29113,1200,-1100,0,0,0
16,-107,0.194,21,1833495,31,-1054,30,70496,0,0,0,43,-56,86,8305,10339,29074,1400,-1300,0,0,0
16,-107,0.266,22,1833567,31,-1054,30,70105,0,0,0,66,-76,86,8308,10387,29018,1500,-1400,0,0,0
16,-107,0.338,23,1833639,31,-1054,30,69638,0,0,0,56,-72,86,8311,10445,28952,1500,-1300,0,0,0
16,-107,0.41,24,1833711,31,-1054,30,69115,0,0,0,82,-62,86,8314,10517,28885,1500,-1300,0,0,0
16,-107,0.539,25,1833783,31,-1054,30,68592,0,0,0,72,-62,86,8317,10584,28813,1500,-1300,0,0,0
16,-107,0.554,26,1833855,31,-1054,30,68092,0,0,0,72,-82,86,8320,10645,28741,1600,-1300,0,0,0
16,-107,0.627,27,1833927,31,-1055,30,67576,0,0,0,66,-72,86,8323,10712,28671,1500,-1200,0,0,0
16,-107,0.708,28,1834000,31,-1054,30,67087,0,0,0,62,-66,86,8326,10778,28607,1500,-1200,0,0,0
16,-107,0.769,29,1834071,31,-1055,30,66598,0,0,0,62,-72,86,8329,10842,28541,1500,-1300,0,0,0
16,-107,0.842,30,1834143,31,-1055,31,66093,0,0,0,72,-82,86,8332,10906,28471,1500,-1200,0,0,0
16,-107,0.923,31,1834215,31,-1054,30,65601,0,0,0,76,-62,86,8335,10976,28410,1500,-1200,0,0,0
16,-107,0.986,32,1834287,31,-1055,31,65141,0,0,0,62,-62,86,8338,11034,28346,1600,-1200,0,0,0
16,-107,1.059,33,1834359,31,-1055,31,64649,0,0,0,66,-75,86,8341,11098,28279,1500,-1200,0,0,0
16,-107,1.131,34,1834431,31,-1055,31,64152,0,0,0,82,-72,86,8344,11164,28213,1500,-1200,0,0,0
16,-107,1.203,35,1834503,31,-1055,31,63682,0,0,0,72,-72,86,8347,11228,28152,1500,-1200,0,0,0
16,-107,1.274,36,1834575,31,-1055,30,63200,0,0,0,72,-53,86,8350,11295,28091,1500,-1200,0,0,0
16,-107,1.346,37,1834647,31,-1055,31,62707,0,0,0,56,-82,86,8353,11356,28021,1500,-1200,0,0,0
16,-107,1.419,38,1834719,31,-1055,31,62214,0,0,0,72,-72,86,8356,11423,27957,1500,-1200,0,0,0
16,-107,1.491,39,1834791,31,-1055,30,61736,0,0,0,62,-72,86,8359,11489,27896,1500,-1200,0,0,0
16,-107,1.562,40,1834863,31,-1055,30,61213,0,0,0,72,-82,86,8362,11559,27827,1400,-1200,0,0,0
16,-107,1.65,41,1834936,31,-1055,30,60762,0,0,0,62,-36,86,8365,11620,27768,0,0,0,0,0
16,-107,1.706,42,1835007,31,-1055,30,60765,0,0,0,0,0,87,8368,11617,27766,0,0,0,0,0
16,-107,1.778,43,1835079,31,-1055,30,60920,0,0,0,-36,76,87,8371,11601,27791,-1400,1600,0,0,0
16,-107,1.854,44,1835151,31,-1055,30,61303,0,0,0,-43,62,87,8374,11551,27843,0,0,0,0,0
16,-107,1.92,45,1835223,31,-1055,30,61296,0,0,0,0,0,87,8377,11551,27841,0,0,0,0,0
16,-107,1.995,46,1835295,31,-1055,31,61191,0,0,0,26,-46,87,8380,11559,27821,1400,-1200,0,0,0
16,-107,2.067,47,1835367,31,-1055,31,60874,0,0,0,46,-46,87,8383,11601,27779,1600,-1300,0,0,0
16,-107,2.139,48,1835439,31,-1055,30,60408,0,0,0,72,-59,88,8386,11667,27721,1500,-1400,0,0,0
16,-107,2.203,49,1835504,31,-1055,30,60073,0,0,0,0,0,88,8390,11714,27679,0,0,0,0,0
16,-107,2.265,50,1835555,31,-1055,30,60073,0,0,0,0,0,88,8392,11714,27679,0,0,0,0,0
16,-107,2.308,51,1835611,31,-1055,30,60073,0,0,0,0,0,88,8393,11714,27679,0,0,0,0,0
16,-107,2.37,52,1835667,31,-1055,30,60073,0,0,0,0,0,88,8393,11714,27679,0,0,0,0,0
16,-107,2.423,53,1835723,31,-1055,30,60073,0,0,0,0,0,88,8393,11714,27679,0,0,0,0,0
16,-107,2.479,54,1835779,31,-1055,30,60073,0,0,0,0,0,88,8393,11714,27679,0,0,0,0,0
16,-107,2.532,55,1835835,31,-1055,30,60073,0,0,0,0,0,88,8393,11714,27679,0,0,0,0,0
16,-107,2.59,56,1835891,31,-1055,30,60073,0,0,0,0,0,88,8393,11714,27679,0,0,0,0,0
16,-107,2.644,57,1835947,31,-1055,30,60073,0,0,0,0,0,88,8393,11714,27679,0,0,0,0,0
16,-107,2.701,58,1836003,31,-1055,30,60073,0,0,0,0,0,88,8393,11714,27679,0,0,0,0,0
16,-107,2.756,59,1836059,31,-1055,30,60073,0,0,0,0,0,88,8393,11714,27679,0,0,0,0,0
16,-107,2.814,60,1836115,31,-1055,30,60073,0,0,0,0,0,88,8393,11714,27679,0,0,0,0,0
16,-107,2.869,61,1836171,31,-1055,30,60073,0,0,0,0,0,88,8393,11714,27679,0,0,0,0,0
16,-107,2.925,62,1836227,31,-1055,30,60073,0,0,0,0,0,88,8393,11714,27679,0,0,0,0,0
16,-107,2.983,63,1836283,31,-1055,30,60073,0,0,0,0,0,88,8393,11714,27679,0,0,0,0,0
16,-107,3.039,64,1836339,31,-1055,30,60073,0,0,0,0,0,88,8393,11714,27679,0,0,0,0,0
16,-107,3.094,65,1836395,31,-1055,30,60073,0,0,0,0,0,88,8393,11714,27679,0,0,0,0,0
16,-107,3.15,66,1836451,31,-1055,30,60073,0,0,0,0,0,88,8393,11714,27679,0,0,0,0,0
16,-107,3.206,67,1836507,31,-1055,30,60073,0,0,0,0,0,88,8393,11714,27679,0,0,0,0,0
16,-107,3.26,68,1836563,31,-1055,30,60073,0,0,0,0,0,88,8393,11714,27679,0,0,0,0,0
16,-107,3.324,69,1836619,31,-1055,30,60073,0,0,0,0,0,88,8393,11714,27679,0,0,0,0,0
16,-107,3.372,70,1836671,31,-1055,30,60073,0,0,0,0,0,88,8393,11714,27679,0,0,0,0,0
16,-107,3.426,71,1836727,31,-1055,30,60073,0,0,0,0,0,88,8393,11714,27679,0,0,0,0,0
16,-107,3.482,72,1836783,31,-1055,30,60073,0,0,0,0,0,88,8393,11714,27679,0,0,0,0,0
16,-107,3.538,73,1836839,31,-1055,30,60073,0,0,0,0,0,88,8393,11714,27679,0,0,0,0,0
16,-107,3.596,74,1836895,31,-1055,30,60073,0,0,0,0,0,88,8393,11714,27679,0,0,0,0,0
16,-107,3.648,75,1836951,31,-1055,30,60073,0,0,0,0,0,88,8393,11714,27679,0,0,0,0,0
16,-107,3.704,76,1837007,31,-1055,30,60073,0,0,0,0,0,88,8393,11714,27679,0,0,0,0,0
16,-107,3.76,77,1837063,31,-1055,30,60073,0,0,0,0,0,88,8393,11714,27679,0,0,0,0,0
16,-107,3.816,78,1837119,31,-1055,30,60073,0,0,0,0,0,88,8393,11714,27679,0,0,0,0,0
16,-107,3.874,79,1837175,31,-1055,30,60073,0,0,0,0,0,88,8393,11714,27679,0,0,0,0,0
16,-107,3.929,80,1837231,31,-1055,30,60073,0,0,0,0,0,88,8393,11714,27679,0,0,0,0,0
16,-107,3.985,81,1837287,31,-1055,30,60073,0,0,0,0,0,88,8393,11714,27679,0,0,0,0,0
16,-107,4.04,82,1837343,31,-1055,30,60073,0,0,0,0,0,88,8393,11714,27679,0,0,0,0,0
16,-107,4.099,83,1837399,31,-1055,30,60073,0,0,0,0,0,88,8393,11714,27679,0,0,0,0,0
16,-107,4.153,84,1837455,31,-1055,30,60073,0,0,0,0,0,88,8393,11714,27679,0,0,0,0,0
16,-107,4.22,85,1837511,31,-1055,30,60073,0,0,0,0,0,88,8393,11714,27679,0,0,0,0,0
16,-107,4.264,86,1837567,31,-1055,30,60073,0,0,0,0,0,88,8393,11714,27679,0,0,0,0,0
16,-107,4.323,87,1837623,31,-1055,30,60073,0,0,0,0,0,88,8393,11714,27679,0,0,0,0,0
16,-107,4.385,88,1837679,31,-1055,30,60073,0,0,0,0,0,88,8393,11714,27679,0,0,0,0,0
16,-107,4.431,89,1837731,31,-1055,30,60073,0,0,0,0,0,88,8393,11714,27679,0,0,0,0,0
16,-107,4.487,90,1837787,31,-1055,30,60073,0,0,0,0,0,88,8393,11714,27679,0,0,0,0,0
16,-107,4.541,91,1837843,31,-1055,30,60073,0,0,0,0,0,88,8393,11714,27679,0,0,0,0,0
16,-107,4.598,92,1837899,31,-1055,30,60073,0,0,0,0,0,88,8393,11714,27679,0,0,0,0,0
16,-107,4.652,93,1837955,31,-1055,30,60073,0,0,0,0,0,88,8393,11714,27679,0,0,0,0,0
16,-107,4.708,94,1838011,31,-1055,30,60073,0,0,0,0,0,88,8393,11714,27679,0,0,0,0,0
16,-107,4.767,95,1838067,31,-1055,30,60073,0,0,0,0,0,88,8393,11714,27679,0,0,0,0,0
16,-107,4.825,96,1838123,31,-1055,30,60073,0,0,0,0,0,88,8393,11714,27679,0,0,0,0,0
16,-107,4.878,97,1838179,31,-1055,30,60073,0,0,0,0,0,88,8393,11714,27679,0,0,0,0,0
16,-107,4.932,98,1838235,31,-1055,30,60073,0,0,0,0,0,88,8393,11714,27679,0,0,0,0,0
16,-107,4.989,99,1838291,31,-1055,30,60073,0,0,0,0,0,88,8393,11714,27679,0,0,0,0,0
16,-107,5.045,100,1838347,31,-1055,30,60073,0,0,0,0,0,88,8393,11714,27679,0,0,0,0,0
16,-107,5.102,101,1838403,31,-1055,30,60073,0,0,0,0,0,88,8393,11714,27679,0,0,0,0,0
16,-107,5.157,102,1838459,31,-1055,30,60073,0,0,0,0,0,88,8393,11714,27679,0,0,0,0,0
16,-107,5.213,103,1838515,31,-1055,30,60073,0,0,0,0,0,88,8393,11714,27679,0,0,0,0,0
16,-107,5.27,104,1838571,31,-1055,30,60073,0,0,0,0,0,88,8393,11714,27679,0,0,0,0,0
16,-107,5.324,105,1838627,31,-1055,30,60073,0,0,0,0,0,88,8393,11714,27679,0,0,0,0,0
16,-107,5.382,106,1838683,31,-1055,30,60073,0,0,0,0,0,88,8393,11714,27679,0,0,0,0,0
16,-107,5.447,107,1838739,31,-1055,30,60073,0,0,0,0,0,88,8393,11714,27679,0,0,0,0,0
16,-107,5.49,108,1838791,31,-1055,30,60073,0,0,0,0,0,88,8393,11714,27679,0,0,0,0,0
16,-107,5.545,109,1838847,31,-1055,30,60073,0,0,0,0,0,88,8393,11714,27679,0,0,0,0,0
16,-107,5.602,110,1838903,31,-1055,30,60073,0,0,0,0,0,88,8393,11714,27679,0,0,0,0,0
16,-107,5.659,111,1838959,31,-1055,30,60073,0,0,0,0,0,88,8393,11714,27679,0,0,0,0,0
16,-107,5.715,112,1839015,31,-1055,30,60073,0,0,0,0,0,88,8393,11714,27679,0,0,0,0,0
16,-107,5.769,113,1839071,31,-1055,30,60073,0,0,0,0,0,88,8393,11714,27679,0,0,0,0,0
16,-107,5.827,114,1839127,31,-1055,30,60073,0,0,0,0,0,88,8393,11714,27679,0,0,0,0,0
16,-107,5.881,115,1839183,31,-1055,30,60073,0,0,0,0,0,88,8393,11714,27679,0,0,0,0,0
16,-107,5.951,116,1839239,31,-1055,30,60073,0,0,0,0,0,88,8393,11714,27679,0,0,0,0,0
16,-107,5.996,117,1839295,31,-1055,30,60073,0,0,0,0,0,88,8393,11714,27679,0,0,0,0,0
16,-107,6.055,118,1839351,31,-1055,30,60073,0,0,0,0,0,88,8393,11714,27679,0,0,0,0,0
16,-107,6.105,119,1839407,31,-1055,30,60073,0,0,0,0,0,88,8393,11714,27679,0,0,0,0,0
16,-107,6.162,120,1839463,31,-1055,30,60073,0,0,0,0,0,88,8393,11714,27679,0,0,0,0,0
16,-107,6.219,121,1839519,31,-1055,30,60073,0,0,0,0,0,88,8393,11714,27679,0,0,0,0,0
16,-107,6.274,122,1839575,31,-1055,30,60073,0,0,0,0,0,88,8393,11714,27679,0,0,0,0,0
16,-107,6.329,123,1839631,31,-1055,30,60073,0,0,0,0,0,88,8393,11714,27679,0,0,0,0,0
16,-107,6.387,124,1839687,31,-1055,30,60073,0,0,0,0,0,88,8393,11714,27679,0,0,0,0,0
16,-107,6.442,125,1839743,31,-1055,30,60073,0,0,0,0,0,88,8393,11714,27679,0,0,0,0,0
16,-107,6.504,126,1839799,31,-1055,30,60073,0,0,0,0,0,88,8393,11714,27679,0,0,0,0,0
16,-107,6.555,127,1839851,31,-1055,30,60073,0,0,0,0,0,88,8393,11714,27679,0,0,0,0,0
16,-107,6.607,0,1839907,31,-1055,30,60073,0,0,0,0,0,88,8393,11714,27679,0,0,0,0,0
16,-107,6.667,1,1839963,31,-1055,30,60073,0,0,0,0,0,88,8393,11714,27679,0,0,0,0,0
16,-107,6.716,2,1840019,31,-1055,30,60073,0,0,0,0,0,88,8393,11714,27679,0,0,0,0,0
16,-107,6.772,3,1840075,31,-1055,30,60073,0,0,0,0,0,88,8393,11714,27679,0,0,0,0,0
16,-107,6.829,4,1840131,31,-1055,30,60073,0,0,0,0,0,88,8393,11714,27679,0,0,0,0,0
16,-107,6.886,5,1840187,31,-1055,30,60073,0,0,0,0,0,88,8393,11714,27679,0,0,0,0,0
16,-107,6.943,6,1840243,31,-1055,30,60073,0,0,0,0,0,88,8393,11714,27679,0,0,0,0,0
16,-107,6.996,7,1840299,31,-1055,30,60073,0,0,0,0,0,88,8393,11714,27679,0,0,0,0,0
16,-107,7.054,8,1840355,31,-1055,30,60073,0,0,0,0,0,88,8393,11714,27679,0,0,0,0,0
16,-107,7.11,9,1840411,31,-1055,30,60073,0,0,0,0,0,88,8393,11714,27679,0,0,0,0,0
16,-107,7.164,10,1840467,31,-1055,30,60073,0,0,0,0,0,88,8393,11714,27679,0,0,0,0,0
16,-107,7.225,11,1840523,31,-1055,30,60073,0,0,0,0,0,88,8393,11714,27679,0,0,0,0,0
16,-107,7.284,12,1840579,31,-1055,30,60073,0,0,0,0,0,88,8393,11714,27679,0,0,0,0,0
16,-107,7.334,13,1840635,31,-1055,30,60073,0,0,0,0,0,88,8393,11714,27679,0,0,0,0,0
16,-107,7.39,14,1840691,31,-1055,30,60073,0,0,0,0,0,88,8393,11714,27679,0,0,0,0,0
16,-107,7.445,15,1840747,31,-1055,30,60073,0,0,0,0,0,88,8393,11714,27679,0,0,0,0,0
16,-107,7.502,16,1840803,31,-1055,30,60073,0,0,0,0,0,88,8393,11714,27679,0,0,0,0,0
17,180,-0.03,102,1845599,31,-1055,30,60073,0,0,0,0,0,88,8393,11714,27679,0,0,0,0,0
17,180,0.043,103,1845675,31,-1055,30,60073,0,0,0,0,0,88,8394,11714,27679,-800,800,0,0,0
17,180,0.115,104,1845747,31,-1055,30,60250,0,0,0,-46,43,88,8397,11692,27704,-1200,1200,0,0,0
17,180,0.187,105,1845819,31,-1055,30,60502,0,0,0,-56,36,88,8400,11656,27735,-1300,1300,0,0,0
17,180,0.261,106,1845891,31,-1055,30,60878,0,0,0,-46,56,88,8403,11606,27785,-1400,1500,0,0,0
17,180,0.331,107,1845963,31,-1055,31,61349,0,0,0,-72,76,88,8406,11537,27841,-1400,1600,0,0,0
17,180,0.414,108,1846036,31,-1054,31,61860,0,0,0,-92,72,89,8409,11467,27907,-1400,1600,0,0,0
17,180,0.481,109,1846107,31,-1054,31,62413,0,0,0,-72,82,89,8412,11395,27982,-1400,1500,0,0,0
17,180,0.547,110,1846179,31,-1054,31,62948,0,0,0,-82,92,89,8415,11323,28052,-1300,1400,0,0,0
17,180,0.624,111,1846251,31,-1054,31,63459,0,0,0,-82,62,89,8418,11253,28118,-1300,1400,0,0,0
17,180,0.699,112,1846323,31,-1054,31,63983,0,0,0,-82,76,89,8421,11187,28191,-1300,1300,0,0,0
17,180,0.763,113,1846395,31,-1054,31,64494,0,0,0,-70,87,89,8424,11120,28260,-1200,1400,0,0,0
17,180,0.836,114,1846467,31,-1054,31,64976,0,0,0,-72,72,89,8427,11056,28324,-1300,1300,0,0,0
17,180,0.907,115,1846539,31,-1054,31,65480,0,0,0,-76,76,89,8430,10989,28391,-1200,1300,0,0,0
17,180,0.979,116,1846611,31,-1054,30,65966,0,0,0,-72,72,89,8433,10926,28457,-1200,1300,0,0,0
17,180,1.051,117,1846683,31,-1055,31,66470,0,0,0,-72,82,89,8436,10856,28521,-1300,1400,0,0,0
17,180,1.123,118,1846755,31,-1055,31,66918,0,0,0,-62,62,89,8439,10795,28579,-1200,1400,0,0,0
17,180,1.199,119,1846827,31,-1055,31,67422,0,0,0,-76,72,89,8442,10728,28646,-1200,1400,0,0,0
17,180,1.269,120,1846899,31,-1055,31,67911,0,0,0,-72,62,89,8445,10659,28707,-1200,1300,0,0,0
17,180,1.34,121,1846971,31,-1055,31,68415,0,0,0,-72,72,89,8448,10592,28774,-1200,1400,0,0,0
17,180,1.411,122,1847043,31,-1054,31,68938,0,0,0,-76,82,89,8451,10528,28849,-1200,1300,0,0,0
17,180,1.483,123,1847115,31,-1054,31,69420,0,0,0,-66,72,89,8454,10464,28913,-1100,1200,0,0,0
17,180,1.555,124,1847187,31,-1054,31,69916,0,0,0,-72,72,89,8457,10398,28979,-1100,1300,0,0,0
17,180,1.637,125,1847260,31,-1054,31,70398,0,0,0,-72,72,89,8460,10337,29046,-1200,1300,0,0,0
17,180,1.699,126,1847331,31,-1054,31,70880,0,0,0,-72,53,89,8463,10270,29107,-1200,1200,0,0,0
17,180,1.771,127,1847403,31,-1054,31,71373,0,0,0,-72,72,89,8466,10206,29174,-1100,1200,0,0,0
17,180,1.843,0,1847475,31,-1055,31,71854,0,0,0,-66,62,89,8469,10139,29235,-1100,1300,0,0,0
17,180,1.915,1,1847547,31,-1055,31,72332,0,0,0,-72,72,89,8472,10073,29296,-1100,1300,0,0,0
17,180,1.986,2,1847619,31,-1055,31,72803,0,0,0,-72,62,89,8475,10009,29357,-1200,1300,0,0,0
17,180,2.067,3,1847691,31,-1055,31,73254,0,0,0,-62,66,89,8478,9945,29413,-1200,1300,0,0,0
17,180,2.132,4,1847763,31,-1055,31,73724,0,0,0,-62,70,89,8481,9884,29477,-1100,1400,0,0,0
17,180,2.203,5,1847835,31,-1056,31,74161,0,0,0,-62,53,89,8484,9820,29529,-1100,1400,0,0,0
17,180,2.284,6,1847908,31,-1056,31,74643,0,0,0,-72,82,89,8487,9756,29593,-1200,1500,0,0,0
17,180,2.349,7,1847979,31,-1056,30,75132,0,0,0,-82,82,89,8490,9687,29654,-1200,1400,0,0,0
17,180,2.418,8,1848051,31,-1056,30,75636,0,0,0,-72,72,89,8493,9617,29718,-1100,1500,0,0,0
17,180,2.49,9,1848123,31,-1056,30,75911,0,0,0,10,0,89,8496,9578,29752,0,0,0,0,0
17,180,2.563,10,1848195,31,-1056,30,76031,0,0,0,-36,36,89,8499,9562,29768,-700,1200,0,0,0
17,180,2.635,11,1848267,31,-1056,30,76287,0,0,0,-36,36,89,8502,9528,29802,-900,1200,0,0,0
17,180,2.706,12,1848339,31,-1056,30,76674,0,0,0,-66,56,90,8505,9475,29852,-1000,1400,0,0,0
17,180,2.779,13,1848411,31,-1056,30,77088,0,0,0,-82,53,90,8508,9420,29907,-1200,1500,0,0,0
17,180,2.851,14,1848483,31,-1056,30,77265,0,0,0,30,-30,90,8511,9398,29932,1200,-900,0,0,0
17,180,2.923,15,1848555,31,-1056,30,77077,0,0,0,36,-30,90,8514,9423,29907,1500,-1100,0,0,0
17,180,2.994,16,1848627,31,-1056,31,76945,0,0,0,0,0,90,8517,9450,29899,0,0,0,0,0
17,180,3.07,17,1848699,31,-1056,31,76945,0,0,0,0,0,91,8520,9450,29899,-1100,1400,0,0,0
17,180,3.145,18,1848771,31,-1056,31,77269,0,0,0,-62,66,91,8523,9406,29941,-1400,1500,0,0,0
17,180,3.22,19,1848844,31,-1056,30,77751,0,0,0,-82,66,91,8526,9339,30002,0,0,0,0,0
17,180,3.281,20,1848915,31,-1056,30,77894,0,0,0,0,0,91,8529,9312,30013,0,0,0,0,0
17,180,3.354,21,1848987,31,-1056,30,77852,0,0,0,16,-20,91,8532,9317,30007,1600,-1100,0,0,0
17,180,3.434,22,1849059,31,-1056,30,77540,0,0,0,56,-36,91,8535,9367,29974,1600,-1400,0,0,0
17,180,3.499,23,1849131,31,-1055,31,77258,0,0,0,14,8,91,8538,9414,29946,0,0,0,0,0
17,180,3.569,24,1849203,31,-1055,31,77258,0,0,0,0,0,91,8541,9414,29946,-1100,1300,0,0,0
17,180,3.643,25,1849275,31,-1055,31,77551,0,0,0,-46,56,91,8544,9378,29988,-1300,1500,0,0,0
17,180,3.715,26,1849347,31,-1056,30,77916,0,0,0,-82,72,92,8547,9317,30024,-1300,1500,0,0,0
17,180,3.793,27,1849428,31,-1056,31,78259,0,0,0,0,0,93,8552,9273,30071,0,0,0,0,0
17,180,3.861,28,1849480,31,-1056,31,78259,0,0,0,0,0,93,8554,9273,30071,0,0,0,0,0
17,180,3.903,29,1849535,31,-1056,31,78259,0,0,0,0,0,93,8554,9273,30071,0,0,0,0,0
17,180,3.963,30,1849591,31,-1056,31,78259,0,0,0,0,0,93,8554,9273,30071,0,0,0,0,0
17,180,4.015,31,1849647,31,-1056,31,78259,0,0,0,0,0,93,8554,9273,30071,0,0,0,0,0
17,180,4.07,32,1849703,31,-1056,31,78259,0,0,0,0,0,93,8554,9273,30071,0,0,0,0,0
17,180,4.127,33,1849759,31,-1056,31,78259,0,0,0,0,0,93,8554,9273,30071,0,0,0,0,0
17,180,4.181,34,1849815,31,-1056,31,78259,0,0,0,0,0,93,8554,9273,30071,0,0,0,0,0
17,180,4.239,35,1849871,31,-1056,31,78259,0,0,0,0,0,93,8554,9273,30071,0,0,0,0,0
17,180,4.294,36,1849927,31,-1056,31,78259,0,0,0,0,0,93,8554,9273,30071,0,0,0,0,0
17,180,4.35,37,1849983,31,-1056,31,78259,0,0,0,0,0,93,8554,9273,30071,0,0,0,0,0
17,180,4.406,38,1850039,31,-1056,31,78259,0,0,0,0,0,93,8554,9273,30071,0,0,0,0,0
17,180,4.462,39,1850095,31,-1056,31,78259,0,0,0,0,0,93,8554,9273,30071,0,0,0,0,0
17,180,4.519,40,1850151,31,-1056,31,78259,0,0,0,0,0,93,8554,9273,30071,0,0,0,0,0
17,180,4.581,41,1850207,31,-1056,31,78259,0,0,0,0,0,93,8554,9273,30071,0,0,0,0,0
17,180,4.627,42,1850259,31,-1056,31,78259,0,0,0,0,0,93,8554,9273,30071,0,0,0,0,0
17,180,4.681,43,1850315,31,-1056,31,78259,0,0,0,0,0,93,8554,9273,30071,0,0,0,0,0
17,180,4.739,44,1850371,31,-1056,31,78259,0,0,0,0,0,93,8554,9273,30071,0,0,0,0,0
17,180,4.794,45,1850427,31,-1056,31,78259,0,0,0,0,0,93,8554,9273,30071,0,0,0,0,0
17,180,4.852,46,1850483,31,-1056,31,78259,0,0,0,0,0,93,8554,9273,30071,0,0,0,0,0
17,180,4.905,47,1850539,31,-1056,31,78259,0,0,0,0,0,93,8554,9273,30071,0,0,0,0,0
17,180,4.964,48,1850595,31,-1056,31,78259,0,0,0,0,0,93,8554,9273,30071,0,0,0,0,0
17,180,5.018,49,1850651,31,-1056,31,78259,0,0,0,0,0,93,8554,9273,30071,0,0,0,0,0
17,180,5.077,50,1850707,31,-1056,31,78259,0,0,0,0,0,93,8554,9273,30071,0,0,0,0,0
17,180,5.135,51,1850763,31,-1056,31,78259,0,0,0,0,0,93,8554,9273,30071,0,0,0,0,0
17,180,5.193,52,1850819,31,-1056,31,78259,0,0,0,0,0,93,8554,9273,30071,0,0,0,0,0
17,180,5.242,53,1850875,31,-1056,31,78259,0,0,0,0,0,93,8554,9273,30071,0,0,0,0,0
17,180,5.297,54,1850931,31,-1056,31,78259,0,0,0,0,0,93,8554,9273,30071,0,0,0,0,0
17,180,5.354,55,1850987,31,-1056,31,78259,0,0,0,0,0,93,8554,9273,30071,0,0,0,0,0
17,180,5.41,56,1851043,31,-1056,31,78259,0,0,0,0,0,93,8554,9273,30071,0,0,0,0,0
17,180,5.467,57,1851099,31,-1056,31,78259,0,0,0,0,0,93,8554,9273,30071,0,0,0,0,0
17,180,5.522,58,1851155,31,-1056,31,78259,0,0,0,0,0,93,8554,9273,30071,0,0,0,0,0
17,180,5.58,59,1851211,31,-1056,31,78259,0,0,0,0,0,93,8554,9273,30071,0,0,0,0,0
17,180,5.641,60,1851267,31,-1056,31,78259,0,0,0,0,0,93,8554,9273,30071,0,0,0,0,0
17,180,5.685,61,1851319,31,-1056,31,78259,0,0,0,0,0,93,8554,9273,30071,0,0,0,0,0
17,180,5.744,62,1851375,31,-1056,31,78259,0,0,0,0,0,93,8554,9273,30071,0,0,0,0,0
17,180,5.798,63,1851431,31,-1056,31,78259,0,0,0,0,0,93,8554,9273,30071,0,0,0,0,0
17,180,5.854,64,1851487,31,-1056,31,78259,0,0,0,0,0,93,8554,9273,30071,0,0,0,0,0
17,180,5.909,65,1851543,31,-1056,31,78259,0,0,0,0,0,93,8554,9273,30071,0,0,0,0,0
17,180,5.966,66,1851599,31,-1056,31,78259,0,0,0,0,0,93,8554,9273,30071,0,0,0,0,0
17,180,6.022,67,1851655,31,-1056,31,78259,0,0,0,0,0,93,8554,9273,30071,0,0,0,0,0
17,180,6.078,68,1851711,31,-1056,31,78259,0,0,0,0,0,93,8554,9273,30071,0,0,0,0,0
17,180,6.134,69,1851767,31,-1056,31,78259,0,0,0,0,0,93,8554,9273,30071,0,0,0,0,0
17,180,6.189,70,1851823,31,-1056,31,78259,0,0,0,0,0,93,8554,9273,30071,0,0,0,0,0
17,180,6.245,71,1851879,31,-1056,31,78259,0,0,0,0,0,93,8554,9273,30071,0,0,0,0,0
17,180,6.301,72,1851935,31,-1056,31,78259,0,0,0,0,0,93,8554,9273,30071,0,0,0,0,0
17,180,6.359,73,1851991,31,-1056,31,78259,0,0,0,0,0,93,8554,9273,30071,0,0,0,0,0
17,180,6.421,74,1852047,31,-1056,31,78259,0,0,0,0,0,93,8554,9273,30071,0,0,0,0,0
17,180,6.469,75,1852103,31,-1056,31,78259,0,0,0,0,0,93,8554,9273,30071,0,0,0,0,0
17,180,6.526,76,1852159,31,-1056,31,78259,0,0,0,0,0,93,8554,9273,30071,0,0,0,0,0
17,180,6.582,77,1852215,31,-1056,31,78259,0,0,0,0,0,93,8554,9273,30071,0,0,0,0,0
17,180,6.638,78,1852271,31,-1056,31,78259,0,0,0,0,0,93,8554,9273,30071,0,0,0,0,0
17,180,6.701,79,1852327,31,-1056,31,78259,0,0,0,0,0,93,8554,9273,30071,0,0,0,0,0
17,180,6.746,80,1852379,31,-1056,31,78259,0,0,0,0,0,93,8554,9273,30071,0,0,0,0,0
17,180,6.801,81,1852435,31,-1056,31,78259,0,0,0,0,0,93,8554,9273,30071,0,0,0,0,0
17,180,6.858,82,1852491,31,-1056,31,78259,0,0,0,0,0,93,8554,9273,30071,0,0,0,0,0
17,180,6.914,83,1852547,31,-1056,31,78259,0,0,0,0,0,93,8554,9273,30071,0,0,0,0,0
17,180,6.972,84,1852603,31,-1056,31,78259,0,0,0,0,0,93,8554,9273,30071,0,0,0,0,0
17,180,7.026,85,1852659,31,-1056,31,78259,0,0,0,0,0,93,8554,9273,30071,0,0,0,0,0
17,180,7.082,86,1852715,31,-1056,31,78259,0,0,0,0,0,93,8554,9273,30071,0,0,0,0,0
17,180,7.138,87,1852771,31,-1056,31,78259,0,0,0,0,0,93,8554,9273,30071,0,0,0,0,0
17,180,7.194,88,1852827,31,-1056,31,78259,0,0,0,0,0,93,8554,9273,30071,0,0,0,0,0
17,180,7.25,89,1852883,31,-1056,31,78259,0,0,0,0,0,93,8554,9273,30071,0,0,0,0,0
17,180,7.306,90,1852939,31,-1056,31,78259,0,0,0,0,0,93,8554,9273,30071,0,0,0,0,0
17,180,7.362,91,1852995,31,-1056,31,78259,0,0,0,0,0,93,8554,9273,30071,0,0,0,0,0
17,180,7.417,92,1853051,31,-1056,31,78259,0,0,0,0,0,93,8554,9273,30071,0,0,0,0,0
17,180,7.474,93,1853107,31,-1056,31,78259,0,0,0,0,0,93,8554,9273,30071,0,0,0,0,0
17,180,7.529,94,1853163,31,-1056,31,78259,0,0,0,0,0,93,8554,9273,30071,0,0,0,0,0
17,180,7.587,95,1853219,31,-1056,31,78259,0,0,0,0,0,93,8554,9273,30071,0,0,0,0,0
17,180,7.649,96,1853275,31,-1056,31,78259,0,0,0,0,0,93,8554,9273,30071,0,0,0,0,0
17,180,7.698,97,1853331,31,-1056,31,78259,0,0,0,0,0,93,8554,9273,30071,0,0,0,0,0
17,180,7.761,98,1853387,31,-1056,31,78259,0,0,0,0,0,93,8554,9273,30071,0,0,0,0,0
17,180,7.806,99,1853439,31,-1056,31,78259,0,0,0,0,0,93,8554,9273,30071,0,0,0,0,0
17,180,7.862,100,1853495,31,-1056,31,78259,0,0,0,0,0,93,8554,9273,30071,0,0,0,0,0
17,180,7.918,101,1853551,31,-1056,31,78259,0,0,0,0,0,93,8554,9273,30071,0,0,0,0,0
17,180,7.974,102,1853607,31,-1056,31,78259,0,0,0,0,0,93,8554,9273,30071,0,0,0,0,0
17,180,8.029,103,1853663,31,-1056,31,78259,0,0,0,0,0,93,8554,9273,30071,0,0,0,0,0
17,180,8.088,104,1853719,31,-1056,31,78259,0,0,0,0,0,93,8554,9273,30071,0,0,0,0,0
17,180,8.141,105,1853775,31,-1056,31,78259,0,0,0,0,0,93,8554,9273,30071,0,0,0,0,0
17,180,8.205,106,1853831,31,-1056,31,78259,0,0,0,0,0,93,8554,9273,30071,0,0,0,0,0
17,180,8.264,107,1853887,31,-1056,31,78259,0,0,0,0,0,93,8554,9273,30071,0,0,0,0,0
17,180,8.31,108,1853943,31,-1056,31,78259,0,0,0,0,0,93,8554,9273,30071,0,0,0,0,0
17,180,8.367,109,1853999,31,-1056,31,78259,0,0,0,0,0,93,8554,9273,30071,0,0,0,0,0
17,180,8.422,110,1854055,31,-1056,31,78259,0,0,0,0,0,93,8554,9273,30071,0,0,0,0,0
17,180,8.478,111,1854111,31,-1056,31,78259,0,0,0,0,0,93,8554,9273,30071,0,0,0,0,0
17,180,8.534,112,1854167,31,-1056,31,78259,0,0,0,0,0,93,8554,9273,30071,0,0,0,0,0
17,180,8.59,113,1854223,31,-1056,31,78259,0,0,0,0,0,93,8554,9273,30071,0,0,0,0,0
17,180,8.646,114,1854279,31,-1056,31,78259,0,0,0,0,0,93,8554,9273,30071,0,0,0,0,0
17,180,8.704,115,1854335,31,-1056,31,78259,0,0,0,0,0,93,8554,9273,30071,0,0,0,0,0
17,180,8.759,116,1854391,31,-1056,31,78259,0,0,0,0,0,93,8554,9273,30071,0,0,0,0,0
17,180,8.821,117,1854447,31,-1056,31,78259,0,0,0,0,0,93,8554,9273,30071,0,0,0,0,0
17,180,8.866,118,1854499,31,-1056,31,78259,0,0,0,0,0,93,8554,9273,30071,0,0,0,0,0
17,180,8.922,119,1854555,31,-1056,31,78259,0,0,0,0,0,93,8554,9273,30071,0,0,0,0,0
17,180,8.983,120,1854611,31,-1056,31,78259,0,0,0,0,0,93,8554,9273,30071,0,0,0,0,0
